coef,rank
-0.183,5982
0.103,3015
0.0947,2875
0.4,953
-0.264,7557
-0.049,6226
-0.0945,8700
-0.00601,4999
0.00709,4672
0.118,2398
-0.0228,6006
-0.0775,8503
-0.0873,8302
-0.00639,5340
-0.347,9740
-0.257,6413
0.0917,892
0.009,4390
0.121,1660
-0.207,10041
-0.0779,6810
0.338,1604
-0.0829,7482
0.189,794
-0.179,7558
0.279,892
0.0714,2544
-0.242,5495
-0.0506,6050
0.0782,2588
0.314,193
0.179,2864
-0.198,9245
-0.321,9373
-0.112,8766
-0.029,6547
-0.0245,6109
0.007,4786
0.0349,4025
-0.109,7877
0.0852,1765
0.0721,1321
0.169,1885
0.0762,2633
-0.00481,5073
-0.0476,5943
0.0422,2503
0.0781,1033
0.0964,2936
0.0639,2960
-0.0239,5431
0.0426,3946
-0.153,9006
0.101,970
-0.357,10443
0.211,1287
-0.418,9303
0.105,2830
-0.0471,7676
-0.0952,8796
0.306,592
0.0092,4612
0.0639,2548
0.046,2592
0.0236,4041
-0.0246,6335
0.124,1100
0.0533,3096
0.107,2316
-0.0499,4692
0.0148,4487
0.0742,2362
0.0121,4627
-0.0842,7013
-0.0985,7294
0.0109,4838
-0.0652,7632
0.0961,1878
-0.0777,8408
-0.133,9251
0.878,382
0.155,2181
0.0907,1338
-0.0732,7998
0.219,498
0.225,1470
0.0939,2274
-0.0282,5192
0.0588,2113
-0.0756,9102
0.124,2452
-0.0629,6765
0.0702,3694
0.154,2173
-0.0855,7365
0.0146,4399
0.24,1269
-0.0725,8159
0.134,1333
0.252,425
-0.152,10048
-0.0283,6128
0.028,4039
0.0319,4216
-0.262,9124
0.0197,4662
-0.155,7804
-0.119,8010
-0.109,7695
-0.127,8194
0.545,597
0.338,270
-0.0426,7200
-0.0592,8325
0.118,2269
-0.148,9369
-0.0488,7057
0.328,293
0.148,1629
0.102,957
0.0406,3414
0.101,1237
0.194,1990
0.129,3233
-0.0635,7913
0.211,1847
-0.0928,6584
0.235,585
0.174,1377
0.0404,3870
-0.123,9559
-0.0834,8032
0.313,620
0.328,43
-0.297,5576
-0.219,8375
-0.0213,5995
-0.0418,6639
-0.141,6820
0.0129,4497
0.0935,2952
-0.0868,7127
-0.0663,6968
-0.154,9858
0.016,4598
-0.043,6100
-0.0531,7414
-0.0457,5951
-0.0062,5241
0.0171,4338
-0.119,5126
-0.113,8304
0.00789,4547
0.18,1017
-0.185,9525
-0.0555,7026
0.0239,4590
0.0637,3070
-0.316,10281
-0.0567,6674
-0.187,9323
-0.0867,9411
-0.186,9572
0.142,2132
-0.0168,5935
0.0177,4457
-0.0123,5584
0.0703,2437
0.292,307
-0.184,7927
0.0503,3452
-0.00976,5645
-0.0126,6163
-0.0762,7653
-0.191,10310
0.194,1070
0.0771,3812
0.0142,4191
0.0462,3154
0.00721,4826
-0.0692,7966
0.011,4655
-0.0842,9082
-0.0337,8072
0.00634,4987
-0.0151,5671
-0.145,8688
-0.0217,6106
0.395,1194
0.0796,2395
0.15,1148
0.0405,2405
0.00354,4909
0.000393,4932
0.263,1352
-0.0215,6080
0.445,21
0.16,2407
0.0535,2471
0.184,1660
-0.157,9013
0.204,1793
0.0866,1545
-0.0778,6938
-0.158,8677
-0.405,10371
0.0201,4156
0.049,3765
-0.0172,5756
0.0315,3727
-0.104,9006
-0.136,8275
0.0954,2573
-0.0152,5259
-0.0821,9514
-0.083,8426
-0.0637,7255
-0.0759,7200
0.294,1215
-0.593,7997
-0.0518,6660
0.0568,2515
-0.056,8451
-0.0366,5979
-0.0042,4932
0.197,1195
0.139,1194
0.0387,3070
0.0445,2866
-0.0451,5756
0.0593,3295
-0.211,8876
-0.267,9712
0.0788,1140
-0.0586,6571
-0.0583,6639
0.0783,3781
-0.226,9806
0.821,3
-0.0722,5809
0.682,104
-0.17,10083
0.0982,2108
0.088,2268
0.0312,3811
-0.128,8392
0.00493,5067
-0.102,8646
0.0119,4700
0.117,1403
0.0314,3338
0.388,546
-0.317,9446
-0.286,9547
0.141,3138
0.0421,3782
0.0764,2147
0.0563,3045
-0.304,10402
-0.0656,7021
0.0829,2963
0.119,1081
0.0772,3026
0.145,2229
-0.116,8736
-0.125,8211
-0.201,7117
-0.0706,6771
0.0882,702
-0.118,8355
-0.0727,7437
0.0976,2750
-0.0224,5942
-0.095,8023
0.00677,4891
-0.0481,6701
0.056,3367
0.478,81
-0.0457,6676
0.0026,4890
-0.164,8343
-0.122,8169
0.199,1460
0.124,2165
-0.00361,5042
-0.00995,5674
0.0938,2582
0.15,1848
0.103,2688
0.139,2266
-0.192,8280
-0.1,9523
0.00817,5004
-0.244,8907
0.12,1505
0.0802,3408
-0.351,10009
-0.118,8684
0.0677,2642
0.176,1219
0.001,4940
0.0685,3448
0.000415,4794
0.143,417
-0.398,10396
-0.0149,5708
-0.188,7323
-0.0859,6794
-0.049,7148
-0.0138,5973
0.0516,3227
0.00501,4985
-0.151,7530
0.0295,4399
-0.0262,5781
-0.0356,5823
-0.174,8919
-0.172,8011
-0.148,9329
-0.206,9115
-0.000525,5004
0.0747,1973
-0.0976,8547
-0.0254,6274
-0.149,8845
-0.0273,6473
-0.222,6890
-0.0412,7330
0.179,286
0.0191,4581
-0.186,9177
0.0792,3219
-0.153,3836
-0.15,9940
-0.071,8281
-0.107,8509
0.0609,2638
-0.0374,6694
-0.0353,5520
0.0926,1312
2.06,319
0.175,2049
0.0768,1294
0.0566,2142
0.0947,3035
0.035,3377
-0.0315,5891
-0.271,5492
-0.217,6655
-0.36,5783
3.21,78
-0.239,5741
0.291,591
-0.366,10208
-0.119,8653
-0.0999,7317
-0.00969,5782
-0.0372,7313
-0.223,5947
-0.144,7676
0.195,1593
0.64,520
0.0369,3892
0.0582,2339
-0.0675,5579
0.00576,4793
-0.197,10103
0.0126,4522
0.111,2725
-0.173,10203
-0.155,9052
0.38,358
0.129,1955
-0.282,9445
0.0452,3745
-0.168,9984
0.0894,3136
-0.0915,9645
0.017,4616
-0.0961,5459
0.0507,3424
-0.0908,8100
-0.0561,6809
-0.183,9700
0.0665,3778
0.0614,3499
0.136,1569
-0.103,8635
-0.0389,6222
-0.0402,5786
0.217,562
-0.128,7251
0.186,1446
-0.112,8957
0.336,1009
0.0256,4222
0.121,2608
-0.0227,5661
0.276,208
-0.0925,8515
0.0149,4690
0.157,2185
0.0556,3665
0.235,2769
0.0393,1377
0.0921,1921
0.177,1796
0.135,2617
0.158,1982
-0.0932,7450
0.149,576
0.111,297
0.0219,2069
0.165,1080
0.109,3122
0.0545,3409
-0.0414,5832
-0.0157,6155
0.375,87
-0.0842,7082
0.071,3451
-0.231,9395
-0.0471,5769
-0.174,10172
0.00564,5053
-0.0594,6294
0.129,2288
0.0274,4228
-0.00924,5664
0.0243,4306
-0.09,7439
0.0386,3834
-0.066,6789
-0.0823,8044
0.19,1272
-0.0696,7667
-0.0245,6632
-0.221,6468
-0.27,9505
-0.159,8467
0.0616,3957
0.0396,3409
0.104,2230
0.0284,4190
-0.0652,5709
-0.0426,5829
0.0758,3499
0.0378,3667
0.415,475
0.185,2173
-0.0845,7695
-0.331,10290
0.0353,4013
-0.0341,6462
-0.103,9962
0.234,781
-0.0567,6737
0.132,2181
-0.052,7200
0.00515,4766
-0.0253,5599
0.121,2198
0.141,2509
0.375,124
-0.052,6498
-0.13,9446
-0.0253,6193
0.0622,3186
-0.0151,5535
0.0235,4062
0.0387,3620
-0.106,8186
-0.101,7376
-0.0647,7660
0.0312,4248
0.0422,3610
0.0207,4305
-0.0534,7382
-0.228,8650
-0.148,9743
-0.209,9453
-0.0257,5677
-0.132,9029
0.16,738
0.0045,4933
-0.0903,8604
-0.109,9094
-0.0722,7357
0.0127,4532
-0.0234,7802
0.078,2599
0.0112,4594
0.175,2611
-0.157,7149
-0.225,10351
0.125,1782
-0.132,9480
0.0322,4037
0.168,1291
0.0281,4449
-0.121,9240
-0.0415,7387
0.0267,4027
0.213,1896
0.143,1380
-0.287,8879
-0.145,7804
0.0155,4650
0.0442,3117
0.602,627
0.127,2824
0.0209,4690
0.233,2189
0.035,3191
0.0097,4931
0.0727,2496
0.212,538
-0.22,8994
-0.131,8598
0.00551,4771
-0.117,8596
-0.229,8322
0.0157,4688
0.555,56
-0.145,6870
0.0786,1922
-0.0168,5602
-0.107,8121
0.157,908
-0.136,9008
-0.222,9642
0.0596,2935
-0.0152,6177
0.0774,3665
-0.226,4405
-0.0111,4799
-0.0222,5803
0.384,246
-0.218,10299
0.121,2324
0.239,979
0.218,613
-0.0838,8055
0.296,486
-0.117,8291
-0.0138,5762
0.279,2508
-0.358,8444
-0.0359,6456
-0.116,7627
0.047,3481
0.0951,3000
0.228,841
0.0875,2774
0.0395,3983
-0.0811,7115
-0.0829,7595
-0.182,10123
-0.0295,5923
0.00992,4650
0.0701,2380
-0.116,8863
-0.00489,5234
0.0244,4128
0.0615,3484
0.0275,3789
-0.189,10188
-0.115,7923
0.0192,4478
-0.161,9270
-0.0412,6449
0.134,2067
0.0273,4241
-0.0843,8839
0.0164,4573
0.031,4100
0.344,626
-0.228,8135
-0.109,8977
0.0818,2574
-0.135,7712
0.0391,3496
-0.0486,7333
0.034,4325
0.0461,3261
0.129,1235
0.0481,3705
-0.0852,8289
-0.215,9049
-0.0867,6393
-0.0249,6719
-0.0723,7292
-0.0843,7011
0.0267,4365
0.0952,2619
-0.022,5685
0.0583,3494
-0.154,9827
-0.176,9035
0.0368,4167
0.0874,2665
-0.0371,5876
0.0845,2335
-0.0333,6684
-0.00925,5420
-0.0429,7192
-0.226,8711
0.152,2392
-0.159,9587
-0.0366,6442
0.00927,4953
-0.115,8842
-0.0269,5610
-0.198,8990
0.0429,3580
-0.0747,8194
-0.0374,6982
0.155,1358
-0.0679,7487
-0.0859,7788
-0.0584,7530
-0.26,9938
-0.000432,5024
0.954,909
0.0808,3947
0.0738,2502
0.0982,1088
0.014,4094
-0.0417,7012
-0.182,8272
0.157,1570
-0.0602,7989
0.0329,3039
0.157,602
0.258,727
0.112,2797
-0.00188,4983
-0.092,8125
-0.0605,6480
-0.437,7530
-0.149,9154
-0.0362,5515
-0.139,8240
-0.0191,6085
-0.109,7781
-0.515,7088
0.136,1071
-0.208,7629
-0.209,8807
-0.0252,6492
0.0301,4316
-0.398,7702
0.0479,3769
-0.184,8807
0.338,875
0.0153,4736
-0.0806,6921
-0.0499,6798
-0.0182,6451
-0.199,9666
0.132,2717
-0.37,8697
0.165,453
-0.122,8786
0.0681,2201
0.15,2124
-0.0112,5525
-0.188,8119
0.0677,2500
0.0992,2203
-0.0696,7566
-0.102,7416
-0.183,8112
-0.135,8295
0.196,1354
0.115,1072
0.154,1020
-0.0698,6576
0.0418,3334
-0.0624,6957
0.0242,4428
-0.0508,7159
-0.182,8761
0.334,410
0.201,2920
-0.0721,7335
0.122,2690
-0.0565,6588
0.104,1741
0.316,577
0.429,458
-0.163,8836
-0.301,9330
0.1,2904
-0.0408,6290
0.00575,4966
-0.359,8745
-0.076,7001
-0.0227,5700
0.169,762
0.16,1136
0.0678,2376
0.0944,2622
0.338,1297
-0.128,4743
0.143,669
0.0597,2599
-0.0958,9067
0.526,67
0.0955,1017
-0.0874,5830
0.184,738
0.101,1366
-0.0742,6421
-0.0195,5597
-0.0273,5800
0.29,356
-0.141,8741
-0.107,8993
-0.232,7950
0.251,1316
0.931,351
-0.212,8520
0.0372,3149
0.0205,4451
-0.383,10403
0.128,1086
-0.128,8959
-0.0429,5403
-0.0719,7284
0.123,1808
0.011,4606
-0.0172,5725
0.22,2357
-0.469,9479
-0.0647,8064
0.0867,1538
0.0516,3202
0.0441,3925
0.315,458
-0.0816,6893
0.157,620
0.0298,4260
-0.03,5790
0.0577,3970
-0.122,8623
-0.147,9906
0.0544,3099
0.0867,2114
-0.155,9249
0.39,699
-0.0764,8562
-0.0757,7299
-0.0429,5898
-0.00892,5605
0.145,1580
-0.0521,6285
0.0746,3154
0.616,111
0.048,3770
0.0373,3990
-0.199,9526
-0.0762,6194
-0.0237,5570
0.0637,3691
-0.0127,5804
-0.0833,6372
-0.275,8424
-0.156,8702
0.15,2288
-0.0548,6226
-0.171,9882
0.104,2042
-0.326,9954
-0.0939,9311
-0.022,5140
0.0618,3680
0.178,1482
0.0142,4313
0.034,4059
-0.11,7653
0.182,1322
-0.236,9528
-0.0588,7605
-0.0287,5681
0.00926,3936
0.0268,1191
0.0209,2431
-0.0139,8143
-0.019,8893
-0.121,3720
0.176,1852
-0.522,7126
-0.0992,8368
-0.215,9939
0.164,2614
0.354,798
-0.0607,6175
0.12,1267
0.22,1404
0.152,1326
0.233,1738
0.0384,2905
-0.147,8950
-0.0113,5522
-0.252,7351
-0.182,6569
0.118,3220
0.55,1045
-0.143,8703
-0.166,8870
0.112,3819
-0.0559,6104
-0.127,7958
0.106,3448
-0.051,6907
0.0236,4205
0.435,752
0.247,602
0.299,40
-0.00395,5350
-0.116,6828
0.0482,3720
0.0174,4450
0.22,1794
0.0633,3611
0.0393,3467
0.0395,2378
-0.0694,6898
-0.137,8954
0.187,1130
-0.262,9338
-0.105,7468
-0.0307,6070
-0.0827,6688
0.134,1800
-0.141,8458
0.0636,2609
-0.137,9758
-0.0147,5529
-0.13,8871
0.0568,2728
0.163,2362
-0.279,8771
-0.0626,7223
0.0788,2619
-0.00204,5195
-0.0851,7749
-0.157,8413
0.0979,3334
-0.0291,6181
-0.0154,5668
0.138,2778
-0.0892,8765
0.121,2265
0.287,116
0.00737,4959
-0.0634,7520
0.0944,1696
-0.029,6072
-0.0957,7523
-0.0988,6886
0.19,159
0.0215,4286
-0.214,7639
0.163,2259
-0.0796,7669
0.0543,3770
-0.0867,7601
0.188,269
-0.0717,7898
0.741,224
0.06,3075
0.0143,4721
-0.0993,5496
-0.0891,8201
-0.0745,5226
-0.069,8828
-0.172,10014
-0.176,10243
-0.339,6312
-0.523,8759
0.171,2740
0.385,1141
-0.121,8794
-0.248,8258
-0.00403,5159
0.0699,2706
-0.00312,5249
0.162,817
-0.205,9612
0.000509,5212
-0.184,9224
-0.107,8427
0.0293,4204
-0.0459,6547
0.216,1461
-0.0527,7203
-0.0317,5873
0.0407,3916
0.289,394
0.0557,3686
0.276,2942
-0.458,6120
0.378,128
-0.244,8368
-0.218,9121
-0.204,8955
-0.074,6481
-0.0171,5776
-0.00774,5178
0.0855,1842
-0.0508,6818
-0.0158,6528
-0.129,8492
-0.251,9858
0.123,2229
0.0425,3072
-0.0266,5452
-0.0899,9179
-0.403,9987
0.142,2138
-0.172,7744
0.0708,3449
0.0488,2693
-0.179,9627
0.253,2227
-0.103,8264
0.0448,3822
0.231,1563
0.0526,2966
0.165,1679
0.111,2976
0.00174,5005
0.0974,2355
0.368,475
0.0472,2516
-0.0516,7264
-0.184,4783
-0.543,8841
-0.289,9791
-0.148,10020
0.0787,3551
-0.00965,5052
0.183,2319
-0.0826,6624
-0.145,9081
-0.0232,5286
0.0468,2730
-0.217,9403
-0.229,5288
0.3,2078
-0.104,5398
-0.0673,7310
-0.057,6609
0.003,4994
-0.136,6981
-0.366,9369
-0.165,6126
-0.0183,6350
-0.112,8679
0.0311,4253
-0.0408,6298
0.436,791
0.0618,2940
-0.0431,7140
-0.00127,5162
-0.0136,6202
0.0566,3298
0.11,1245
-0.107,9516
0.14,662
0.0211,3909
0.134,1690
-0.0706,7790
-0.0645,5955
-0.357,9372
0.0826,2786
0.105,2077
0.00439,4994
-0.0018,5035
0.0488,3640
0.392,234
0.00552,4773
0.0984,1784
-0.131,3920
-0.0908,6475
0.283,1958
0.0121,4845
0.0306,4172
0.158,1051
-0.39,10232
0.169,1294
-0.138,9030
-0.17,9211
0.218,503
0.0261,2503
0.011,4722
-0.228,5763
0.00888,4702
0.0717,3042
-0.0168,5800
-0.00215,5209
0.297,765
0.112,1735
0.0742,3693
-0.00429,5263
0.0125,4674
0.0314,3505
0.0628,3723
-0.218,9087
-0.132,6614
0.0201,4567
-0.214,8731
-0.158,9795
-0.0693,7175
-0.0896,8165
0.07,3432
0.13,2824
-0.172,9897
0.0297,3762
0.0384,4277
0.0174,4162
-0.0621,6750
0.239,2119
0.125,1275
0.000471,4983
0.165,1969
-0.161,9000
0.0208,4570
0.00772,4924
0.0336,4125
-0.0592,7420
-0.07,7622
-0.129,8063
-0.0156,5745
-0.28,7964
0.0786,1351
0.00302,4951
0.0175,4705
-0.227,9427
-0.186,8365
0.497,28
-0.0568,6575
0.195,1501
0.0276,4301
-0.000583,5128
-0.0736,8663
-0.0892,8350
0.05,3162
-0.164,9831
0.0248,4048
-0.191,10162
0.086,3056
-0.175,8896
-0.0789,8438
-0.0638,7449
0.165,625
-0.17,8114
-0.0391,6341
-0.167,7696
-0.0228,5640
-0.0134,5816
0.0521,3937
0.222,633
-0.181,9435
0.172,2786
0.147,1545
-0.0759,7722
-0.257,9298
-0.14,9121
-0.296,6443
-0.0335,6260
-0.245,10257
0.0482,3418
0.00177,5185
0.00101,4955
0.0458,3388
0.0689,2606
-0.094,7897
-0.00937,5464
0.0632,3546
-0.0945,6225
-0.0771,7672
0.135,1261
0.135,569
-0.337,10457
-0.0585,6782
0.173,1570
-0.062,6658
-0.105,8772
0.285,128
0.0934,1575
-0.114,9009
0.333,789
-0.154,8260
-0.0023,5230
-0.147,10155
0.097,2616
-0.105,8625
-0.124,6738
-0.0708,6781
0.32,294
-0.166,9038
0.033,4260
0.0623,3741
0.0923,3456
-0.233,8964
-0.0987,8921
0.0717,2081
-0.266,9018
-0.0197,5817
-0.0399,6681
-0.299,9937
0.12,1189
0.0884,1529
-0.252,9408
0.0285,4355
0.148,1976
-0.0377,4707
0.155,1834
-0.101,9409
-0.117,9295
0.235,809
0.0553,2613
0.737,85
0.0181,3851
0.00652,4763
-0.098,6589
-0.216,7391
0.0868,3747
-0.0771,6595
-0.0128,5342
0.0392,3314
-0.0296,6104
0.13,947
-0.0978,6543
-0.0563,6357
-0.0804,8668
0.118,1044
-0.24,9702
-0.191,8362
-0.139,8415
-0.0401,6397
-0.0898,9189
0.0593,3291
-0.0848,7126
-0.0516,6847
0.0248,4310
-0.248,8685
0.0972,2250
0.306,985
0.00832,4678
-0.212,9444
-0.0321,7044
-0.139,8349
0.000484,5100
-0.0394,5893
0.166,808
0.17,507
0.427,1453
0.136,1996
-0.0466,8027
-0.039,6161
0.00418,4803
0.263,514
0.339,624
-0.0561,5941
-0.126,9651
-0.0653,7909
0.0251,4410
-0.191,8397
0.00802,4960
0.0692,3190
0.0816,2904
-0.0366,6574
-0.274,6747
-0.165,9066
-0.0776,6409
-0.0619,7113
0.000886,5095
-0.335,9020
0.0255,4566
0.0476,3988
0.231,1808
0.0139,4575
-0.0257,6364
0.0867,2565
-0.0217,5660
-0.0499,7327
-0.0133,5600
-0.0266,6233
-0.00218,5290
0.0279,3752
-0.102,9391
0.232,2334
-0.0854,7244
0.0564,3418
-0.132,8989
-0.111,8538
-0.7,8848
-0.148,6829
-0.0828,6794
-0.127,4825
0.172,732
-0.168,8308
0.0643,3005
0.276,137
-0.121,8135
0.0638,3436
-0.192,8554
0.0853,1437
-0.0484,6829
0.0782,2703
-0.39,10152
-0.159,7540
-0.237,10208
-0.0503,8038
0.296,169
-0.0364,6325
0.0709,2860
0.0583,2937
0.023,3994
0.0907,1649
0.0671,2908
-0.0684,6457
0.154,3329
0.119,3127
0.189,1304
0.0264,4231
-0.107,7426
0.187,275
0.0201,4394
-0.0908,6839
0.0258,4424
-0.11,8589
0.137,1832
-0.0565,4880
0.0736,2913
5.4e-05,4752
0.00356,4856
0.0997,2012
-0.0583,7657
-0.125,7195
0.0897,2685
0.0741,3209
-0.0363,7209
0.0182,4400
-0.142,9169
0.0243,4310
0.0649,2857
-0.334,10115
0.046,3935
-0.45,10187
-0.238,9628
0.0657,3674
0.116,3156
-0.171,5565
-0.0853,7681
0.116,3059
-0.105,8020
0.277,474
-0.0714,6836
0.177,2839
0.133,1162
-0.0381,6280
-0.0336,5830
-0.0119,5152
0.143,748
-0.254,10187
0.0163,4266
0.00621,4918
-0.242,8182
-0.0176,5354
0.392,1318
-0.129,9280
0.0269,3110
-0.0727,6473
-0.0601,6793
0.0489,3945
0.0958,1831
0.127,930
0.185,684
-0.191,9043
0.0141,4535
-0.0615,7600
-0.0127,5669
-0.155,10217
-0.072,7739
0.149,1656
-0.273,9442
-0.15,8239
0.0105,4298
0.16,911
-0.177,9231
-0.199,9937
-0.273,9937
0.173,2320
-0.0222,5397
0.0676,2620
0.166,753
-0.137,8186
0.121,1333
0.342,1317
0.232,50
-0.0533,7457
0.12,1062
-0.229,9208
-0.0868,8756
0.255,1757
-0.167,9726
0.0669,1437
-0.00655,5463
0.0587,3290
-0.0712,7312
0.102,2505
0.0193,4606
0.0369,3986
0.00549,5369
0.186,1371
0.0512,3268
0.173,2446
0.0459,3943
-0.0834,7632
-0.0942,9288
0.143,1181
-0.076,7398
0.0687,3122
0.224,1032
-0.00114,4856
-0.0495,7170
-0.124,7765
-0.256,10318
0.0938,2567
0.135,2505
-0.107,8172
0.124,1825
-0.0128,5100
-0.0762,7944
-0.0381,6294
-0.618,7805
0.204,1398
-0.114,8439
-0.0674,7774
0.0847,2539
-0.0426,5980
0.0477,3193
-0.0788,7760
0.0591,3080
-0.348,8549
0.517,2092
-0.338,7397
-0.0263,5474
-0.236,8789
-0.00677,4911
-0.0951,7539
0.141,1748
0.0104,4723
0.18,1099
0.00961,4556
-0.0543,6183
0.125,2414
0.221,852
-0.133,7798
-0.0742,7714
0.131,655
0.382,87
-0.17,9388
-0.238,9143
0.113,775
0.0489,4022
-0.0437,7071
0.00531,4994
-0.0724,7868
-0.00218,5032
-0.0945,7968
-0.0316,7063
0.0456,3467
0.0985,2243
0.00066,4913
-0.084,6077
-0.147,5437
0.00868,4700
-0.0149,6127
0.182,1847
-0.153,9030
1.17,452
-0.165,5631
0.0496,2762
0.106,2113
-0.139,8600
0.00904,4832
-0.0713,7459
0.0946,2519
-0.197,10142
-0.0374,7258
0.0871,1414
-0.0244,6199
-0.187,10271
0.147,1132
-0.00662,5733
1.12e-05,4992
-0.139,7240
0.108,1099
-0.112,6799
0.0482,3587
0.0481,3109
0.0375,3715
-0.21,9263
0.354,776
0.0568,2699
-0.165,8139
-0.0193,6471
-0.257,10384
0.0265,2434
-0.332,8909
0.0267,2267
-0.158,8430
-0.122,8311
0.206,2589
-0.275,9494
0.0824,3181
-0.237,9765
0.416,993
0.0149,4622
-0.284,8196
-0.0726,6823
0.0678,2790
-0.483,10431
-0.00369,4663
-0.155,8823
-0.0811,6672
0.158,1525
-0.041,6277
0.0455,3733
0.408,1671
0.402,1839
-0.191,8414
-0.0891,7992
-0.00066,4790
-0.0937,8787
-0.127,9037
0.209,1311
0.0423,4269
0.0433,3840
0.0243,3177
-0.21,9545
-0.0341,6196
0.0123,4373
0.0917,2960
0.0919,3284
0.085,1377
-0.0235,6741
0.099,1979
-0.0763,7534
0.0992,1755
0.115,3338
0.263,617
-0.0282,5986
0.282,209
0.0328,3955
0.138,2989
-0.192,7299
-0.0148,5863
-0.0636,7544
0.135,1234
-0.179,8946
-0.103,7925
0.125,2795
-0.0201,5730
0.277,186
0.175,967
-0.135,8857
0.412,1126
0.0581,3296
-0.141,9776
-0.0569,6625
-0.0465,6090
-0.0006,5015
-0.024,5600
-0.188,7884
0.109,2203
0.0344,2861
-0.217,9038
-0.0106,5518
0.0118,4544
0.0246,4377
0.131,1261
0.128,1413
-0.11,8293
0.0449,3990
0.0043,4982
0.00414,4731
-0.0241,6648
0.0552,1850
-0.0784,8165
0.218,327
-0.219,7459
0.11,1139
0.133,750
0.0535,3938
0.175,1352
-0.0789,6347
-0.138,7421
0.14,1530
-0.103,8184
-0.0714,7611
0.102,2503
-0.148,9619
-0.172,8541
-0.164,9376
0.228,370
-0.00828,5608
-0.0229,5426
0.0518,4071
0.0488,3720
0.0552,3183
0.0291,3391
0.0406,3248
0.0231,4467
0.485,936
-0.394,10166
0.0293,4344
-0.348,10310
0.0758,2532
-0.131,9767
0.0309,3996
-0.0472,6319
0.28,163
-0.0218,5853
-0.014,5238
0.00964,4584
-0.112,7416
0.181,2419
-0.263,10034
-0.00683,5518
-0.369,10306
0.109,2569
-0.0345,7773
-0.199,7685
0.279,890
-0.0261,6503
0.0859,2286
0.0451,3334
-0.12,3384
-0.16,6876
0.17,1952
-0.0785,8010
-0.087,8098
-0.202,8355
0.325,1395
0.037,3283
-0.0725,7778
-0.147,7840
0.0294,4083
-0.00958,5969
-0.132,9181
-0.245,10148
0.0808,2579
-0.074,7225
-0.139,9724
-0.165,9489
0.06,2809
0.0879,3310
-0.163,7664
-0.243,10269
-0.0298,5851
-0.0101,5272
0.146,1303
-0.123,7608
-0.186,9352
-0.109,10047
0.0489,2384
0.215,2702
1.96,346
-0.279,7371
-0.208,9114
-0.0118,5730
0.0858,1851
-0.256,10232
-0.0358,6011
-0.153,9243
0.014,4558
0.157,512
-0.0404,5599
0.0604,3635
0.157,1617
-0.0843,8064
0.138,1926
-0.0125,5458
0.144,1102
-0.00143,4915
-0.126,8114
-0.00327,5332
0.018,4515
-0.242,10342
0.0299,3650
-0.174,9457
0.137,2090
0.238,1608
-0.0991,5559
0.365,38
-0.0849,8188
0.0324,4115
-0.154,7818
-0.148,9314
-0.0439,6839
0.0174,4181
-0.0341,6723
-0.0442,7538
-0.216,8726
-0.0485,6402
0.0182,4321
0.00807,4929
0.335,22
-0.316,10403
-0.0799,7388
0.105,970
0.201,2548
0.0178,4210
-0.0198,5940
-0.114,7622
0.181,2368
0.192,888
0.0906,3122
-0.0921,8914
-0.076,6700
-0.0505,6685
-0.0489,6501
-0.238,9174
0.226,915
-0.0246,6255
0.102,1901
-0.00888,5321
0.0232,4383
-0.11,7056
0.039,3339
-0.0207,6296
0.312,937
-0.263,7796
-0.23,10242
-0.0902,7735
-0.154,9442
-0.232,10089
-0.0775,8212
-0.168,8762
0.0183,4508
-0.0903,7804
0.0727,2800
0.0614,3673
-0.0695,6566
-0.00519,5143
0.167,2512
0.0579,3846
-0.0787,8000
0.0504,3564
-0.0614,7255
0.0843,2432
-0.0108,5114
0.497,211
0.0123,4612
-0.0153,5711
0.23,1908
0.0604,2371
-0.00661,5172
0.192,1770
0.0544,3447
-0.129,8752
-0.0582,8699
0.0501,3638
0.0344,3970
0.0873,2470
-0.127,9393
0.144,817
-0.245,9493
-0.264,10211
0.0954,2383
-0.333,8915
-0.344,9756
-0.054,7258
-0.213,9944
-0.224,9943
0.113,2076
0.034,4268
0.318,190
-0.0688,7971
-0.122,6895
0.113,1408
0.0302,4205
0.0256,4421
-0.113,9151
0.123,1311
0.112,1068
0.261,1719
-0.0299,5372
-0.199,8885
0.062,3389
-0.1,8251
-0.0737,8258
-0.242,9259
0.405,108
-0.13,8214
0.266,416
-0.163,9694
0.261,1703
-0.104,6998
0.00252,4500
0.173,2912
0.012,4844
0.386,287
-0.192,9526
0.167,1178
0.0803,2039
0.138,869
-0.0866,6639
-0.0551,6568
-0.0201,5595
-0.0505,7885
0.0833,1232
0.164,382
-0.0474,5720
-0.159,8589
0.101,3148
0.15,1116
-0.00637,5523
0.149,717
0.331,244
-0.0268,5343
0.0322,4400
0.171,2425
0.0298,4039
-0.031,6661
0.308,188
0.126,2068
-0.202,9780
0.153,999
0.037,3320
-0.261,8703
-0.0232,4981
0.056,3873
-0.179,9194
-0.0675,7033
-0.199,8783
-0.000289,5274
0.0252,4277
0.222,894
0.0106,4830
0.111,1079
-0.0402,6456
0.0356,4285
0.0264,4322
-0.194,8809
-0.00952,5363
-0.0247,5937
-0.128,7909
-0.155,8091
-0.276,9267
-0.0553,6992
0.364,295
-0.0565,6389
-0.116,7996
-0.0117,5434
0.0029,5308
-0.222,9982
-0.651,7832
0.0789,3014
1.07,771
0.0556,2399
0.155,523
-0.812,9334
-0.055,3334
-0.109,7495
0.00496,4762
-0.0565,5672
0.197,443
0.0429,3505
0.222,1544
0.0482,4292
-0.112,7459
-0.0774,8203
-0.0601,7279
-0.208,9300
0.0497,3792
-0.115,7384
-0.299,6948
-0.0671,8257
0.235,498
0.0333,4080
-0.0436,5871
-0.0409,6165
0.193,1097
-0.0168,6075
0.191,1778
-0.166,8536
0.142,1629
0.0445,4265
-0.0746,6464
0.0214,4564
0.122,1268
0.0419,3457
0.283,660
-0.138,9390
0.0552,3558
-0.0302,8096
0.0221,3658
-0.0119,5117
-0.0829,7360
-0.0216,6061
0.124,2268
-0.0388,6848
-0.114,9189
0.522,800
0.783,39
0.129,3231
-0.0667,6512
-0.156,8585
0.265,919
-0.178,9541
0.172,2481
0.272,957
0.308,352
-0.0864,8020
0.145,2205
-0.0983,7319
-0.208,7814
-0.188,9333
-0.21,9505
-0.0357,6517
-0.0777,7498
-0.0637,8776
0.156,1149
0.139,2020
0.12,2367
-0.0142,5490
-0.0487,6981
-0.0604,7545
-0.235,9896
-0.233,7285
0.143,333
0.156,1353
-0.136,9777
0.147,2262
-0.0129,4968
0.0458,3628
0.179,2258
0.142,1008
0.444,180
0.118,1834
-0.187,10173
-0.141,10018
0.196,733
0.128,1344
0.217,534
-0.00684,5103
-0.0698,7526
0.289,370
0.337,288
-0.167,10390
0.0661,2651
0.0228,4324
-0.288,10229
0.0418,3223
-0.0106,5558
-0.186,10125
0.155,1245
0.102,2352
-0.0974,8043
0.0563,3893
0.0623,3613
-0.144,8857
0.0557,2458
-0.151,8758
-0.591,9610
-0.214,9021
-0.0544,6457
0.00896,4654
0.0253,4140
0.0843,3171
0.219,2006
-0.0243,6275
-0.00111,4995
0.0357,4071
0.15,702
-0.359,6479
0.225,721
-0.151,8859
0.0291,4381
0.0546,3292
0.0179,4678
-0.181,9778
0.159,1057
-0.0458,6653
0.298,1020
0.019,4273
-0.113,9239
0.0604,3671
-0.145,8067
0.138,1410
-0.0903,8700
0.0139,4586
-0.0497,8126
0.194,343
0.089,2902
-0.133,9517
-0.24,10023
-0.0426,7107
-0.0525,7023
-0.0813,8067
0.0157,4674
-0.227,8886
0.0364,3582
-0.0537,6843
-0.164,9028
0.336,1939
-0.085,8828
-0.146,6946
0.0984,2182
-0.0422,7848
-0.334,9226
0.498,168
0.169,675
-0.0671,7789
0.277,469
-0.0563,7760
-0.106,8084
-0.248,8926
-0.11,7019
-0.26,8789
0.23,2474
0.138,1215
0.0451,3138
-0.0144,5819
-0.191,8773
-0.312,10176
-0.14,8538
-0.148,9147
-0.286,10388
-0.249,10010
-0.144,9335
0.267,1448
-0.0148,5239
-0.0559,7157
0.138,1148
-0.0606,6165
-0.0347,6583
0.186,2303
0.995,302
-0.0701,8265
-0.0601,6366
0.157,1201
-0.126,9138
-0.107,8031
0.351,1177
-0.199,9203
-0.0925,7161
-0.0804,8140
-0.0532,6514
0.122,2376
-0.0499,6836
0.208,363
0.0126,4920
-0.0732,6206
-0.129,9520
0.592,295
0.0398,3984
0.165,79
0.0608,2576
0.0867,2556
-0.022,5877
0.161,1592
-0.0414,6550
0.412,254
0.184,339
-0.0934,7930
0.000853,4814
-0.307,9263
-0.161,9785
0.0493,3603
0.0943,2801
0.176,1330
0.155,1306
0.0882,2194
0.769,72
0.0494,2662
-0.125,9555
0.135,491
-0.026,6336
0.0225,4410
-0.18,9177
0.357,1070
0.282,839
-0.00555,5360
-0.235,9645
0.194,2248
-0.109,7586
0.0314,4342
0.0196,3698
-0.0674,7011
0.259,362
0.205,1487
0.204,1942
-0.0286,5804
-0.0273,5740
0.135,1722
-0.104,7427
0.199,531
0.186,460
0.0448,3275
0.0143,4685
-0.02,5503
0.0605,2917
-0.306,9082
-0.254,9589
0.178,1154
-0.0337,6689
0.415,426
0.0219,4310
-0.0638,6699
-0.0776,9180
0.109,2731
-0.088,8850
-0.209,9671
-0.241,10358
0.284,838
-0.181,7378
-0.0104,4995
0.0423,4121
-0.162,8897
0.253,988
-0.58,8949
0.0478,3945
0.12,2735
0.0903,2204
-0.199,9507
0.0931,2017
0.0926,1668
0.197,2009
-0.0196,6501
0.0157,3932
0.518,75
0.0835,3277
0.0445,2547
-0.39,9369
0.0788,1605
0.081,1710
0.275,516
0.04,4180
-0.135,7990
0.153,2220
0.00279,4943
0.154,807
0.145,1023
0.0519,3237
-0.0971,6929
0.0551,3371
-0.044,6071
0.00743,4776
-0.164,9486
0.101,3423
-0.0944,6916
0.132,2113
0.0209,4004
-0.194,10240
-0.0039,5261
-0.123,7268
-0.272,9218
0.0624,3627
-0.0641,8209
-0.012,5930
-0.0364,5769
0.0123,4598
-0.243,8287
-0.122,6953
-0.0199,5300
0.168,1558
0.26,468
0.0373,4042
-0.165,7375
-0.00226,5271
-0.00138,5104
-0.108,7231
-0.228,8965
-0.0258,6206
0.761,69
-0.221,7897
-0.00832,5511
-0.161,9414
-0.26,9843
-0.0582,6499
0.0534,3751
-0.0609,6587
-0.116,8671
-0.000597,5009
-0.125,8826
0.224,1118
0.288,2452
0.175,2020
0.0578,3228
-0.225,9516
-0.118,8361
-0.035,6053
-0.146,8837
-0.129,9107
-0.209,10024
-0.155,9367
6.45e-05,4969
0.03,4377
0.00325,5030
0.306,541
0.382,33
-0.138,10262
-0.175,9174
0.113,2713
0.163,636
-0.0642,6382
0.00508,4894
-0.0549,8031
-0.161,7918
-0.112,8143
0.129,1910
0.17,1091
0.101,2843
0.227,278
0.104,2522
-0.166,7307
-0.181,9190
0.202,2382
-0.000946,5022
0.117,864
0.246,1106
-0.0108,5343
0.0854,2646
-0.0611,5228
0.127,1130
0.00765,4680
0.302,216
-0.0725,7656
-0.173,9089
0.0924,3006
-0.0409,6207
-0.0107,5546
0.0696,2975
0.172,680
-0.1,7080
-0.0557,6858
0.000609,5123
0.0281,4130
0.0072,4615
-0.0264,5529
-0.343,10068
0.225,458
-0.0846,9022
0.0333,3355
-0.017,5586
-0.35,9798
-0.413,8593
-0.654,9575
0.0764,2726
-0.0745,8765
0.095,2745
-0.0169,5736
0.0503,3536
0.121,3008
0.0184,4319
-0.0843,8665
-0.276,10281
-0.0527,6479
0.0295,4207
0.0292,4315
0.188,166
0.0295,4257
0.0143,4638
-0.0461,6541
0.0164,4582
0.117,2402
-0.122,9231
-0.0242,6055
-0.124,8605
-0.00173,4973
0.204,1709
-0.253,10161
-0.049,7740
0.0965,3789
-0.0563,7813
-0.13,8298
0.0158,4629
-0.0986,6468
-0.155,9553
0.0419,3048
0.172,2200
-0.0364,5970
0.0821,3288
0.0262,4525
0.0198,4609
-0.0932,7158
0.343,788
-0.0767,7030
-0.304,10105
0.159,914
0.0103,4773
-0.161,8478
0.0559,2645
-0.0266,5373
-0.118,8210
0.179,3107
0.122,1610
-0.0818,5241
0.0764,3020
-0.334,10293
0.393,40
-0.123,8776
-0.118,9546
0.0362,4115
-0.0531,6844
0.377,1423
0.0619,1871
-0.0458,6606
0.126,1151
-0.0859,7496
0.219,745
-0.177,8889
-0.143,8668
-0.154,9049
0.511,288
-0.0311,6000
0.119,2239
0.0046,4970
0.0211,4133
0.0233,4410
-0.0561,8306
-0.0103,4954
1.97,20
-0.104,6522
-0.0712,7377
0.0197,4445
0.191,318
-0.0515,5975
0.132,2164
0.0615,3765
-0.0303,6322
-0.0739,7609
0.0194,4143
-0.169,8926
0.121,1724
-0.119,6766
0.0252,4406
-0.153,9353
0.0424,2817
-0.0724,8370
-0.0342,6260
-0.0629,5857
0.0546,4265
0.0113,4563
0.0113,4591
-0.208,9075
0.554,112
0.829,379
-0.148,9369
0.0924,2353
-0.0985,9174
0.0565,3609
-0.138,7637
0.00398,4749
-0.0253,6472
0.0242,3598
-0.00632,5289
-0.0388,6232
0.104,1858
-0.187,9650
-0.0584,7000
-0.38,10457
0.18,938
0.113,2738
0.0704,2954
-0.168,7970
0.313,800
-0.133,8560
0.0958,2339
-0.24,10023
0.246,1319
-0.354,7589
0.362,251
0.0874,2590
0.0235,4414
0.123,3143
-0.0048,5588
-0.0454,6797
-0.0508,6515
0.0247,3840
0.187,309
-0.0278,5513
-0.116,8311
0.0587,3458
-0.0985,7739
-0.144,8873
-0.101,7898
0.069,3391
0.475,42
-0.167,8915
0.101,2954
0.386,294
0.278,313
0.21,768
-0.056,4906
-0.278,9583
0.0596,3911
0.0398,4187
-0.19,9912
-0.193,9177
-0.15,9464
-0.204,8673
-0.0951,9801
0.0299,3957
0.00976,4396
0.319,861
0.0617,3978
-0.0704,8625
-0.0243,5783
0.187,324
0.224,733
0.082,3141
0.235,522
-0.0921,5990
-0.0693,6000
-0.026,6138
0.079,2068
-0.212,10273
-0.0849,9179
0.0323,3590
-0.0699,7960
-0.0271,5536
-0.0748,7739
0.0757,2616
0.0482,3667
-0.025,5885
-0.102,8304
0.00458,4849
0.082,2643
-0.225,8047
-0.247,8764
0.0577,2306
0.156,1166
-0.137,8367
0.184,669
-0.0473,7021
0.0256,4029
0.0365,3809
0.187,1058
0.0164,4617
-0.0834,6054
0.182,761
-0.0951,7959
0.0535,3170
0.278,1004
0.192,806
-0.0404,6916
0.172,1059
-0.0898,7881
-0.175,9083
-0.0398,5746
0.181,1293
0.0239,4376
0.107,1354
-0.0769,8441
-0.226,8325
-0.098,7451
0.0305,4316
-0.0479,6782
-0.0731,7419
0.324,447
-0.0191,5653
0.225,333
-0.0259,5179
0.0675,2823
-0.00658,5307
0.0612,2079
0.00934,4631
0.167,1891
0.379,490
0.29,632
-0.153,7887
0.0929,1839
-0.127,8034
0.0815,2673
0.0428,3451
-0.137,7420
-0.019,6393
0.1,1791
-0.217,7365
-0.265,7897
0.173,2214
0.0467,3608
-0.0199,6648
0.00399,4828
0.547,782
-0.186,7066
-0.00325,4849
0.128,2319
-0.205,9803
0.023,4384
-0.427,6615
-0.352,5988
-0.311,4848
-0.182,7180
0.12,1366
0.265,760
-0.0447,6497
-0.151,4551
-0.317,9993
-0.113,9026
0.0702,1107
-0.191,9245
-0.172,8838
-0.259,10379
-0.108,6568
-0.104,8287
0.0388,3445
-0.131,7286
0.194,869
0.192,2414
0.000157,5178
-0.0842,7349
-0.00282,5007
-0.225,9412
-0.016,4994
-0.195,8604
0.0772,1601
-0.0763,6305
-0.0475,7173
0.182,1225
-0.227,9542
-0.0867,7863
0.00203,5215
0.0987,2616
-0.0653,7265
-0.00624,5202
-0.0284,5676
-0.243,7754
-0.156,9379
-0.00383,5585
-0.0371,6442
0.402,480
-0.116,8000
0.166,2590
-0.0318,6518
-0.0336,6236
0.134,2517
-0.166,8006
-0.0344,5987
0.0461,4239
-0.0104,5274
0.0539,2966
-0.027,5703
0.416,470
-0.0104,5416
-0.177,6630
-0.0409,6832
0.152,862
-0.0545,6840
-0.219,9871
0.248,841
0.114,2374
0.0115,4829
-0.116,7346
0.0604,3309
-0.0905,7172
-0.198,8567
-0.346,9493
0.545,78
0.093,1962
0.0976,2286
0.0953,2623
-0.0152,5347
-0.0612,6211
0.0107,4477
-0.0191,5424
0.0658,3673
-0.278,7847
0.406,1210
-0.043,5670
0.124,2020
0.0974,1548
-0.00376,5456
-0.238,8185
-0.12,6215
0.0948,2549
0.169,2527
-0.154,7712
-0.0241,5622
0.0232,4258
0.352,1409
0.0228,4135
0.117,1696
-0.0877,8447
-0.0334,5732
-0.0573,6698
-0.0154,5437
-0.0744,7698
-0.0405,6025
-0.00637,5536
0.182,1895
0.0965,3139
0.878,14
0.188,1535
0.0598,2417
0.00855,4458
-0.0611,5937
-0.0204,5428
0.277,1692
-0.159,8440
-0.0638,7598
0.0195,4428
0.132,2104
0.178,1443
-0.162,7705
0.00406,4940
0.0271,3372
0.133,740
-0.217,9165
0.126,1940
-0.0534,7004
0.263,736
-0.0492,6543
-0.174,9920
0.117,1586
-0.287,7676
-0.112,6111
0.0448,3852
-0.104,8373
-0.121,8765
-0.064,7271
-0.104,8085
0.171,916
0.0981,3089
0.0844,2006
-0.0252,6191
0.311,325
-0.0645,7122
0.024,4475
0.157,2142
0.0727,1331
0.244,665
-0.365,10048
0.237,1704
-0.224,8333
0.415,1291
0.14,1071
0.262,435
0.0137,4629
-0.109,8262
0.101,2508
-0.0014,5063
0.0553,2609
-0.0239,6299
-0.0479,6780
-0.104,7673
-0.072,6292
-0.116,8244
0.0242,3560
-0.0484,6701
-0.16,9241
0.0798,2401
0.0151,4511
-0.0512,6071
-0.222,9144
0.0413,2792
0.203,539
0.228,659
0.029,4025
-0.201,8226
-0.0745,8566
-0.0158,5806
0.16,1017
0.118,2214
-0.311,9774
0.154,2970
-0.0133,5582
-0.0855,7789
-0.0638,7726
-0.000572,5071
0.0328,4117
0.0665,3432
-0.0509,7465
0.105,1344
0.0427,3729
0.113,2489
-0.114,5689
0.103,2577
0.19,683
0.412,117
-0.0091,5282
0.351,714
-0.0885,7148
-0.295,7566
0.251,554
-0.0756,7596
-0.102,8164
-0.0798,7545
0.00847,4972
-0.18,9041
-0.0421,6538
0.052,2498
-0.194,9813
0.0981,2221
0.092,3332
-0.268,8066
-0.0864,7512
0.0748,2753
-0.213,7452
-0.166,6503
0.118,1990
-0.237,10305
-0.0873,7372
0.0215,4543
0.0728,3092
-0.131,8407
-0.0483,6200
-0.227,9188
-0.111,8850
0.0179,4513
0.101,2370
-0.0449,7128
0.00359,4840
-0.186,7773
-0.00805,5456
0.0177,3900
0.326,1816
0.106,2389
-0.0494,7052
-0.0348,6795
0.0517,2819
0.0304,4137
-0.00183,5084
-0.0683,6796
0.133,3023
-0.0464,8852
0.147,324
-0.0823,8156
0.0775,3724
-0.147,7699
-0.0898,7482
0.0348,4271
-0.0153,5965
0.336,46
0.29,322
-0.0935,7045
0.00683,4864
-0.0283,6338
-0.105,9774
0.0406,3503
0.0111,4806
-0.0295,6000
-0.0119,4787
-0.0577,6108
-0.0859,6927
-0.0028,5354
0.39,762
0.0816,2641
-0.155,7231
-0.1,8907
-0.0215,6547
-0.0455,6939
-0.0894,6936
-0.184,7804
0.0083,4997
-0.101,8800
-0.0387,7875
0.0185,4216
-0.0739,6923
-0.0989,6454
-0.0201,4978
0.241,1259
0.124,1348
-0.102,9084
-0.306,9023
-0.266,9164
0.0552,3829
-0.0322,5423
-0.0422,7109
-0.205,9849
-0.137,8602
0.0762,2778
-0.147,8045
-0.0197,6043
-0.354,6110
-0.289,10309
-0.199,7919
-0.0522,6824
-0.396,9919
0.0305,4261
-0.0481,8270
0.0891,2831
-0.241,5592
-0.191,7930
0.273,1526
-0.178,7575
0.00553,4919
-0.0182,6219
1.75,437
-0.316,7261
-0.3,5934
-0.134,8015
-0.239,7962
0.0354,4308
-0.173,7546
-0.0366,5621
-0.0232,6019
-0.105,8475
-0.46,6572
-0.296,5307
-0.235,8229
-0.0444,7472
-0.16,9993
-0.503,8181
-0.167,7058
-0.0207,5084
-0.106,6901
0.209,938
0.111,2909
0.0209,4462
0.0309,3552
0.0138,4540
-0.0204,5795
-0.113,7566
-0.193,5126
-0.0601,6605
0.13,2959
0.155,1889
0.0784,3016
-0.163,5411
0.338,1524
0.0545,3537
-0.298,7336
0.0945,3307
-0.191,9811
-0.0698,5666
-0.0988,7160
-0.109,7254
0.678,1271
0.201,251
-0.163,9668
-0.157,9047
0.17,367
-0.252,9437
-0.0946,7333
-0.00365,5029
0.0309,3827
-0.0208,5365
0.221,1503
-0.0553,6342
0.136,2130
0.103,2161
0.0607,3837
0.164,1057
-0.0333,6912
-0.0479,8127
-0.151,8506
0.0298,3945
0.301,203
-0.115,9141
-0.0902,9545
0.232,295
1.52,323
-0.526,8339
0.904,302
-0.289,7724
-0.337,8443
-0.0679,7240
-0.0632,6583
0.134,2802
-0.0116,5498
-0.0969,8333
-0.0555,8226
-0.161,9134
0.254,820
0.106,1073
0.398,225
-0.0792,8104
0.0504,3745
-0.203,6588
-0.0763,7749
-0.0832,7767
0.0819,3298
0.0684,2404
-0.133,10296
0.16,897
0.207,844
0.0345,3670
-0.0932,8084
-0.147,9272
0.111,2424
-0.0617,8514
-0.0268,5480
0.0927,2390
-0.0998,7549
-0.0222,6581
-0.0923,7592
-0.192,8921
0.201,283
0.0255,4259
-0.0212,5510
0.00487,4839
-0.022,7673
-0.129,8430
-0.145,7710
0.0165,4237
0.144,1135
-0.15,8403
0.0133,4486
-0.0403,6047
-0.268,8586
0.0813,3375
-0.0892,7769
-0.165,9728
0.159,2114
-0.089,7995
0.262,1445
-0.14,8148
-0.21,8569
-0.0674,8822
-0.0855,8741
-0.137,8996
-0.138,8704
0.00141,4661
-0.168,8514
0.108,2178
-0.0394,6535
-0.00891,5833
-0.0964,7637
0.0365,4132
0.0108,4807
0.151,1874
-0.0612,7094
0.199,1300
-0.0617,6284
-0.374,9786
0.101,3611
-0.146,10126
0.0975,1614
-0.0214,6093
0.0702,2953
-0.14,6466
0.155,331
0.0243,3401
-0.206,9818
0.171,1748
0.547,72
-0.0224,5719
0.000723,4873
-0.125,8506
0.0166,4522
-0.0526,6975
-0.132,8696
-0.353,9167
-0.163,6357
-0.146,9742
-0.0801,8869
0.116,3127
-0.231,9334
0.592,713
0.0527,3963
0.26,928
0.33,770
0.326,1918
0.382,225
0.986,533
0.153,2158
0.00597,4625
0.264,1908
-0.00574,5161
0.21,157
-0.0442,5718
-0.0339,5542
0.0606,1400
-0.0838,7002
-0.0163,5940
-0.204,10218
-0.109,6712
0.246,612
0.00324,5101
-0.182,10150
0.358,191
-0.0196,5554
-0.153,8374
0.0231,4165
-0.115,8837
0.0742,1693
-0.206,9454
0.537,64
0.111,3187
0.183,1055
0.136,492
0.0429,3898
-0.15,9302
-0.0257,6265
-0.186,8490
0.0895,3686
0.126,626
-0.0869,9272
-0.0479,6163
0.0494,3762
-0.078,9306
0.153,2062
-0.178,10393
-0.0585,7349
0.0879,3551
0.302,807
-0.33,10055
0.271,702
-0.00191,5074
-0.0118,6223
-0.119,8434
0.151,1116
0.0203,4436
0.0135,4616
0.154,1113
0.000723,5134
-0.161,9048
-0.0891,8522
-0.0504,6437
0.132,2708
-0.149,9845
-0.176,9624
-0.15,8565
-0.184,7570
0.0428,3966
0.126,1353
0.0362,3802
0.0347,4226
0.98,0
-0.224,10458
0.0203,4385
-0.074,5863
-0.167,7801
0.0682,2950
-0.145,8213
-0.0439,6268
-0.12,7280
0.195,1021
-0.014,5447
-0.00462,5288
0.197,1481
-0.364,10163
0.0222,4863
-0.0624,6513
0.0734,1753
-0.028,5957
-0.0353,5910
0.138,2164
-0.271,3399
-0.0503,7746
0.305,53
0.302,70
0.0029,5111
-0.449,8555
-0.0764,6619
-0.42,10170
0.0658,3085
-0.281,9954
-0.0741,6076
0.0324,3835
-0.0489,7417
0.09,2256
-0.0203,5657
0.208,203
-0.21,10275
0.0705,2638
0.168,1792
-0.0451,6287
0.0204,4098
0.00512,5033
0.31,311
0.0633,3487
-0.203,8789
-0.127,6126
0.195,1356
-0.0433,8099
-0.0468,6282
-0.0781,7454
-0.00389,5319
-0.157,8703
0.138,2466
0.0515,1930
-0.0579,2363
0.00301,3487
-0.163,3934
-0.111,5232
-0.0378,4463
-0.176,4801
-0.135,3869
0.135,2576
0.347,117
0.00613,4836
-0.157,10029
-0.0744,7634
-0.239,9710
-0.104,7801
-0.205,9542
0.343,180
0.123,366
0.0308,4264
0.351,455
-0.17,7804
-0.0769,7231
-0.177,9729
0.275,1028
0.214,609
0.12,1245
0.0439,3557
0.297,1012
0.0552,2159
0.0796,1416
-0.0779,8240
-0.0738,8843
0.311,171
0.0325,4435
-0.143,10132
-0.119,8444
-0.0192,5319
0.0423,3717
-0.0359,5836
-0.361,9629
0.197,962
0.139,453
-0.0324,5665
-0.0186,5546
-0.118,8342
0.051,3433
0.202,477
0.193,2264
-0.0524,6205
0.0971,3607
-0.0203,5662
0.0636,2390
-0.0312,6239
-0.301,9789
-0.0681,5721
-0.24,8834
-0.184,7966
-0.0622,7401
0.0137,4760
0.132,1643
0.0798,2918
-0.122,7526
-0.0409,6677
0.023,4541
-0.241,9559
-0.0563,6582
-0.0098,5420
0.137,2029
0.0156,4738
-0.00529,5307
-0.0848,7581
0.058,3377
0.371,610
0.047,3781
0.286,474
0.0662,1864
0.0922,2356
0.134,558
-0.113,7653
-0.0354,5617
0.179,437
0.228,837
-0.114,8888
-0.177,9550
0.0828,2319
-0.075,6981
-0.00194,5339
-0.0466,7202
0.0179,4150
0.0256,4066
0.163,2226
0.131,1084
0.00885,4578
-0.0248,6091
-0.0661,7698
0.71,22
-0.112,8113
-0.0141,5784
-0.194,10311
0.158,319
-0.16,8817
-0.0768,7321
-0.0106,5381
-0.146,8139
-0.089,9065
0.0558,2485
-0.159,7816
-0.252,9966
0.196,617
0.0732,2706
0.0458,3731
0.0398,3864
0.0807,2707
-0.0639,6616
-0.108,7208
0.036,2851
0.118,2256
-0.164,9489
0.418,1202
-0.284,8792
0.424,1378
0.0991,1883
0.232,64
0.564,107
-0.095,6197
0.18,2098
0.15,2638
-0.0078,5490
0.175,480
-0.0511,7110
-0.228,9696
0.00566,4947
0.121,3073
0.154,260
0.121,506
-0.36,6389
0.105,2958
0.247,749
0.351,243
-0.028,7015
0.00952,4652
0.0682,3400
0.143,2941
0.112,1670
-0.182,8741
-0.154,10010
-0.122,9562
0.122,795
0.0427,3777
-0.0955,8310
0.182,1284
-0.022,6480
0.11,768
0.0903,2056
-0.0387,6033
0.433,162
0.058,3363
-0.221,9493
-0.255,9623
-0.448,10366
0.0268,4315
0.0017,4910
0.953,18
0.151,1245
0.0462,2536
-0.0282,6936
-0.0727,8507
0.398,301
0.181,777
-0.0576,6784
0.00227,4972
-0.0799,8710
-0.223,9691
0.0184,4541
-0.189,9266
0.0128,4542
0.0444,2948
-0.477,10104
-0.0913,5601
0.083,3266
0.0799,3296
-0.0621,6767
-0.0661,7996
0.0939,2762
0.0621,3927
0.00587,4675
-0.311,8714
-0.119,8962
-0.11,8558
0.112,731
0.00209,4995
-0.0945,7122
0.0594,3690
0.038,3007
0.0611,2195
-0.148,8274
-0.0458,6447
0.0683,3716
-0.093,6545
0.0635,3041
-0.176,5477
0.0773,3057
0.188,1981
-0.0932,7033
0.235,63
0.0109,4929
-0.334,9389
-0.0519,6709
0.201,650
0.0872,3615
-0.195,9712
0.106,2134
-0.305,10165
0.0618,2869
-0.169,6019
-0.347,10261
0.139,993
-0.209,9954
-0.0637,8984
-0.165,6691
-0.168,9710
0.0683,3206
0.0253,3893
-0.00271,5172
0.176,1304
-0.0112,5509
0.0685,1976
0.0401,4113
-0.236,9952
0.0686,2205
0.0264,2830
0.0251,4451
-0.027,5975
0.258,245
-0.0227,5704
0.22,535
0.011,4676
0.0345,3475
-0.225,9171
0.0629,3248
0.161,1352
-0.0767,8412
0.093,2050
-0.285,10245
-0.166,7951
-0.17,10055
0.163,1345
0.0403,3973
-0.13,9432
1.24,21
-0.27,9990
-0.0562,6863
0.195,2923
-0.023,5597
-0.0192,6709
-0.14,10307
-0.025,5957
-0.0434,6202
-0.25,10185
0.132,1055
-0.0998,7968
0.124,1676
0.0878,3711
0.0443,4091
-0.0411,6752
-0.0322,6809
0.113,1360
0.0668,2444
-0.103,9019
0.139,3412
-0.136,6870
-0.00478,5309
0.104,1698
0.0819,3304
-0.0241,5998
0.106,2937
-0.201,9879
-0.0525,6350
-0.112,8138
0.131,1650
0.118,3436
-0.0948,6988
0.0617,2714
-0.0431,6346
0.0215,4006
-0.0152,5409
-0.0281,5977
-0.288,10171
0.155,1665
0.0787,2755
0.0326,4068
-0.0899,7912
0.0826,1992
0.0913,2686
0.125,1072
-0.111,9425
-0.24,10174
-0.0738,8132
0.0679,2924
-0.129,8296
-0.12,7845
-0.0624,7807
-0.0212,7128
-0.00506,5087
0.0623,2812
-0.22,8934
-0.249,9717
-0.125,8540
-0.0315,6751
-0.256,10003
-0.0384,7454
-0.0898,8473
-0.0149,6119
0.000778,5126
0.0816,1534
-0.05,6804
-0.0475,7100
0.0684,3807
-0.104,7214
0.0127,4672
0.207,1163
0.171,1820
0.00438,4683
-0.195,7357
0.0448,3652
0.0381,4223
0.114,2463
-0.141,7519
-0.144,8543
0.29,493
-0.119,8113
0.163,1408
-0.172,10209
0.105,1790
0.631,757
-0.0165,5109
0.287,99
0.261,997
0.126,406
0.0592,3491
-0.0701,7370
0.418,441
0.35,1294
0.0298,3864
0.0332,3386
-0.0494,6111
-0.288,9464
0.0509,3622
-0.0228,5433
-0.0147,5552
-0.0647,7311
0.0648,3035
-0.0126,4979
0.0235,4448
0.123,2466
0.00244,5099
-0.00993,5676
-0.116,8420
0.0418,4123
0.234,537
-0.195,8793
-0.0904,7911
-0.142,8678
-0.0206,5826
-0.0291,6161
0.123,2011
0.0756,3534
0.297,438
-0.191,9516
-0.0401,5433
-0.173,9435
-0.0629,6476
0.00537,4959
0.168,934
-0.026,6230
-0.0921,8826
0.0545,2643
0.02,4327
-0.0128,5359
-0.00923,5362
0.239,165
-0.086,8413
-0.0108,5465
-0.323,10326
-0.0229,5303
0.038,1938
-0.0643,7925
0.216,1609
-0.0433,6348
-0.0191,6263
0.0192,4484
0.0639,2770
0.15,807
-0.027,6042
-0.143,8497
0.0986,3011
-0.233,9924
0.123,1351
0.000684,5237
-0.0637,7126
0.92,54
-0.125,9112
-0.251,9138
-0.0511,6283
0.0305,3869
0.00507,5013
0.22,417
-0.122,8601
-0.584,7786
-0.0172,6014
-0.0531,6109
-0.00304,4879
-0.211,8748
-0.183,9027
-0.12,6892
-0.0692,7584
-0.0356,7969
-0.0173,5776
-0.274,9071
-0.0972,8177
-0.139,8644
-0.132,9100
-0.0764,7501
0.148,3071
0.165,2052
0.0317,4141
0.145,681
-0.128,8307
-0.0508,7341
-0.0502,6461
-0.0664,7245
-0.209,7707
-0.0671,7371
-0.406,9950
-0.132,5857
-0.0315,7367
-0.00027,5122
-0.0186,6021
0.12,2244
0.0157,4650
-0.233,7169
-0.0735,7607
-0.0452,6815
-0.17,10161
-0.11,8123
0.137,1419
-0.368,9260
0.0699,2232
-0.06,7889
-0.319,9816
0.163,1032
0.125,2063
0.0068,4460
0.202,907
-0.00615,5310
-0.303,10086
0.0878,2500
0.128,1841
0.318,741
0.046,1186
-0.101,8072
0.232,479
0.39,317
-0.0215,6090
-0.217,10183
-0.0779,7561
0.0286,3608
0.0328,4245
-0.0677,7671
-0.0115,5331
-0.0278,5319
0.093,2033
-0.108,9044
-0.0132,5618
0.181,2608
-0.0328,5859
-0.12,8861
0.0284,4078
-0.0091,5350
0.49,100
0.0862,3552
0.291,1852
0.0334,3479
-0.0381,6001
0.133,957
0.144,1631
-0.0817,7301
0.00954,4840
-0.0348,5928
-0.0886,8752
-0.115,8494
0.317,663
-0.132,8866
0.201,1441
-0.22,9875
-0.0116,5749
-0.0559,7093
-0.0384,5743
-0.00546,4936
0.19,2053
0.0621,4049
-0.0224,5805
-0.0482,7464
0.124,1038
-0.0445,5596
-0.148,9019
0.0632,2637
-0.0502,7400
-0.173,9544
-0.183,8244
0.231,1649
-0.18,9827
-0.0442,6875
-0.0549,6773
-0.0526,5870
0.151,850
0.27,484
-0.259,9358
0.0879,2248
-0.0531,7914
0.00739,4658
0.128,2776
0.0756,3003
0.217,1631
0.0898,2323
0.136,1335
-0.246,10128
-0.0495,5740
0.106,2679
-0.109,8302
-0.0612,4302
-0.00326,5207
0.0265,3752
0.0979,2581
0.324,232
0.0843,1587
-0.115,7421
-0.0855,8859
-0.0366,6606
-0.121,8298
0.0251,3561
0.273,410
-0.18,9472
-0.0203,6905
-0.0952,8646
0.0357,4374
-0.0809,8722
-0.198,8182
-0.099,9402
-0.0571,7719
0.0691,2439
0.259,514
0.0401,3219
-0.194,9647
-0.0936,9362
-0.0097,5202
0.0403,3523
0.493,239
0.136,1859
0.0569,3528
-0.0197,5209
0.264,1211
0.184,1367
-0.00866,5539
0.181,2306
0.0845,3582
0.0149,4737
-0.00684,5033
0.00931,4785
-0.00835,5316
0.355,62
0.0509,3196
-0.0942,7102
0.12,1509
0.0759,2783
0.313,1967
-0.0495,4832
-0.0679,6185
-0.2,8993
0.0933,1764
0.113,2566
0.0264,4330
-0.107,9671
-0.101,8155
0.204,1234
-0.0381,8215
0.115,1549
0.117,2229
0.161,1274
0.188,1102
-0.138,7032
0.0774,2456
0.253,387
-0.199,8809
-0.245,8642
-0.285,9093
0.0284,4325
0.215,425
-0.0361,6648
-0.0484,6393
-0.189,9574
-0.207,4915
0.158,1441
0.00517,4858
-0.077,6880
0.0499,3206
-0.0976,8063
-0.157,9974
-0.0449,6600
0.0599,2627
-0.0452,6362
0.304,496
0.1,2896
-0.0281,5969
0.666,10
0.0759,2897
0.0841,2783
-0.22,9872
-0.089,7938
-0.203,7937
0.151,1106
0.000926,5130
-0.00742,5679
0.171,1144
-0.00383,5213
0.071,3677
-0.238,10433
-0.211,9946
0.0382,2108
0.227,795
-0.3,10089
-0.282,8371
0.13,2110
-0.0307,6365
-0.108,8247
0.0778,1839
-0.117,8243
0.173,193
0.0128,4551
0.0842,1740
-0.235,10073
-0.0327,5331
-0.291,6205
0.352,2319
0.31,998
-0.19,7754
0.0258,4232
-0.0995,8520
-0.0702,6689
-0.00151,5006
-0.213,6417
0.0138,4571
0.055,2305
-0.0422,7059
-0.0788,8004
-0.029,6585
-0.118,7062
-0.0704,8279
0.02,3902
-0.0341,4940
0.179,1659
-0.116,7080
0.00191,4786
-0.0484,6824
-0.123,8702
0.0789,3271
-0.16,9366
0.081,2912
0.0506,3289
0.212,110
0.0206,4442
0.011,4733
0.182,580
0.331,25
-0.18,4208
-0.123,8326
-0.0443,6633
-0.0762,8306
-0.0492,7829
0.0121,4558
-0.182,9750
-0.219,9812
-0.128,8110
-0.0334,5873
-0.0593,7379
0.182,1393
-0.0177,5748
-0.0602,7759
-0.129,9630
0.0778,2417
-0.0093,5125
-0.0848,8375
0.398,111
0.11,1177
0.159,868
0.0448,4162
0.1,1122
0.0303,3814
0.324,705
-0.025,7216
-0.0202,6217
-0.0213,6016
-0.126,5888
0.541,137
-0.06,6150
-0.114,9574
-0.172,9571
-0.207,9218
-0.305,9362
0.189,2333
0.639,12
-0.13,8796
0.0454,3479
-0.563,9940
-0.0724,7586
0.141,2341
0.0885,3261
-0.0636,7961
0.0473,3378
-0.302,10157
0.0621,4132
-0.212,8928
-0.16,8367
0.173,911
-0.07,7802
-0.178,9102
0.0919,2135
-0.0507,6092
0.00385,4788
-0.16,10000
0.0768,1885
-0.222,10300
0.0168,4641
0.111,2153
-0.12,9351
0.0827,2187
0.0464,3219
-0.129,8323
-0.0444,5854
-0.436,6774
0.00196,4870
-0.141,9525
0.0394,3261
0.123,2210
-0.149,9449
-0.231,7180
0.0612,2077
-0.103,9498
-0.0481,7621
-0.0365,6360
-0.146,8793
-0.328,9370
-0.254,8405
-0.0449,7206
-0.192,8380
-0.239,8095
-0.0956,7672
0.192,2054
-0.159,9255
-0.229,9642
-0.0726,8660
0.0161,4445
0.123,2963
-0.107,9654
0.104,2637
-0.0768,7612
-0.107,8810
0.102,3669
-0.271,8902
-0.122,6154
-0.0194,5814
-0.0591,7119
-0.0513,6583
-0.0104,5310
0.12,2642
-0.0564,5640
-0.0841,8230
-0.0234,6284
-0.123,7859
0.137,956
0.149,1864
0.225,1404
-0.0704,7421
-0.268,9769
0.0587,2755
0.145,1335
0.323,153
-0.0207,5221
0.392,660
0.146,1291
0.00874,4861
-0.0631,7521
-0.134,8459
-0.0571,7176
-0.126,8257
-0.164,10139
-0.0161,6010
-0.0106,5261
0.165,1397
-0.012,5410
0.0221,4521
0.0689,2664
0.125,614
-0.056,6864
0.03,3658
-0.0709,5759
-0.203,7581
-0.044,6527
-0.0268,6026
0.000477,5051
-0.08,6834
-0.0422,6221
-0.0657,7514
-0.657,9461
-0.0815,7912
0.034,3688
0.091,2891
-0.249,9640
0.451,144
-0.0936,6531
-0.117,9359
0.0879,1739
0.0218,4364
-0.238,7869
-0.0496,6411
-0.181,6987
0.196,648
0.00831,4695
-0.0506,6452
-0.165,9639
-0.0606,7182
0.0556,3688
-0.0985,8750
0.16,1036
0.172,2230
0.0976,2913
0.18,2303
0.112,3668
0.0295,3831
0.125,1611
0.029,3804
-0.156,8501
-0.142,6092
0.00461,5013
0.0823,2349
-0.203,10077
-0.0906,6920
0.187,446
-0.0252,5343
0.238,144
0.31,928
-0.167,10009
0.125,2040
-0.191,9488
0.0287,4298
-0.106,7899
-0.0389,7441
-0.0429,6937
0.167,898
0.061,3206
0.132,3421
-0.00746,5400
-0.0912,8419
0.25,34
0.0355,4087
1.54,421
-0.246,7483
0.22,1959
-0.0764,8009
-0.0657,6677
0.774,46
-0.0956,8546
-0.131,8032
-0.0101,5276
0.281,78
0.0275,4097
-0.344,10396
-0.0605,6734
-0.119,8514
0.0368,4205
-0.0963,6832
0.0632,2310
0.115,2473
-0.014,5397
-0.203,9114
0.225,1411
-0.0738,7481
-0.0352,6638
-0.257,10056
-0.0304,5337
0.0689,1820
0.402,732
-0.0263,6094
0.00676,4635
-0.00677,5509
0.0515,4105
-0.0801,5963
0.121,1290
0.13,1377
0.0454,2843
0.0803,3147
0.159,1923
0.0677,3839
-0.215,8520
-0.0991,8839
0.117,2700
0.0552,3500
-0.0322,5879
-0.12,8237
-0.00244,5046
-0.0419,6848
0.189,974
-0.115,7605
-0.0571,7113
-0.0516,6044
-0.192,8696
0.068,2958
-0.0557,7223
-0.135,8826
0.0609,2793
-0.0267,6205
-0.106,8141
0.397,147
0.189,636
-0.135,9313
-0.037,6692
-0.0682,7433
0.363,408
-0.0278,6530
0.0733,741
-0.129,8062
-0.051,6759
0.0257,4454
0.0532,3381
0.00651,4891
-0.141,8831
-0.246,9581
-0.134,9029
0.0115,4673
-0.0369,7981
-0.0147,5519
0.205,924
-0.0566,7666
0.0881,2260
0.084,3181
0.0108,4887
0.0609,2891
0.0352,4068
-0.201,9568
-0.122,8593
0.04,4206
0.00407,4857
0.0422,3181
-0.0818,7435
-0.15,7709
-0.0298,6638
0.316,1241
-0.0329,6705
-0.147,8133
-0.0314,6389
-0.0325,6350
0.187,1389
0.327,958
-0.453,9356
0.0599,3521
-0.13,7742
0.161,2428
0.188,267
-0.18,7375
0.121,2642
-0.00734,5529
-0.0636,7951
-0.149,10065
-0.0984,8386
-0.0266,6459
0.00941,4659
0.0545,3229
0.024,4300
0.537,19
-0.271,9663
-0.312,9731
-0.119,7816
0.0966,1321
-0.0973,8985
0.174,1582
-0.184,8578
-0.31,8960
-0.151,8718
-0.148,9763
0.0872,3482
-0.0207,5459
-0.189,6403
-0.183,5511
0.247,1738
0.208,877
-0.226,9909
0.0886,3197
-0.0593,5748
0.0609,3062
0.124,1047
-0.0444,6616
-0.0807,6000
0.0687,3257
-0.0143,5404
0.0237,4143
0.0285,3919
0.0964,1324
-0.0819,6618
0.15,1322
0.287,712
0.418,649
0.058,3007
0.0625,2426
0.121,827
-0.00455,5119
0.1,2957
-0.312,7714
0.14,1090
0.0936,526
-0.389,9981
0.132,2282
-0.022,5299
-0.0107,5537
-0.0274,6410
0.00222,4839
-0.037,6766
-0.215,9463
-0.177,9448
0.266,834
0.0338,2949
-0.0432,7262
0.019,4486
0.195,1046
-0.0231,6174
0.166,2117
-0.0537,7667
0.0186,4468
-0.00729,5693
-0.105,7541
-0.187,9054
-0.15,8298
0.0288,3736
-0.0211,6380
-0.0493,6583
0.102,3131
-0.2,7388
-0.216,8272
0.073,1765
-0.152,10089
-0.0168,5735
-0.000862,5007
-0.143,8473
-0.0968,7369
-0.00738,5183
0.191,697
-0.0281,5894
0.214,584
-0.0607,7150
0.146,1427
-0.0938,8751
0.0578,2648
0.272,1351
-0.208,8564
0.0487,3818
-0.0986,7831
-0.0517,7144
0.0461,1979
0.0522,3728
-0.122,8085
0.126,2053
-0.165,8710
0.0545,2488
-0.139,8611
-0.214,10275
-0.0355,5659
-0.0666,8248
0.185,1147
0.124,1054
0.266,157
0.107,2416
0.0108,4732
0.0688,3292
-0.242,6340
0.0447,3076
-0.123,9393
-0.4,10454
0.17,1854
0.934,80
-0.124,5267
-0.156,9011
-0.201,10359
-0.132,8760
-0.0362,6279
0.335,2321
-0.231,7067
-0.124,7405
0.0821,2180
0.298,188
-0.107,7492
0.067,3836
-0.0421,6695
-0.0379,6489
-0.282,9149
0.199,1052
-0.0196,5007
-0.0617,5654
-0.235,8577
0.268,192
-0.099,7557
-0.0377,6393
-0.0523,6555
0.291,71
-0.0762,7443
0.00623,4601
-0.0814,8263
0.194,1250
0.247,1167
-0.0318,5963
0.114,3180
0.0314,3631
0.0995,2810
0.126,1019
0.291,888
-0.0666,6398
-0.138,8694
-0.0497,6672
-0.124,7198
-0.227,8579
0.0399,3990
-0.0429,6195
-0.00698,5171
-0.0367,6261
-0.257,10149
0.0376,3777
0.55,15
0.0446,4357
-0.391,9726
0.105,1564
-0.134,8376
-0.218,8840
0.704,76
-0.0736,5961
0.141,589
0.0696,2475
0.32,297
0.0926,2063
0.153,1462
0.428,1993
0.158,834
-0.128,8935
-0.165,9238
-0.0613,6349
-0.00279,5418
-0.169,9913
-0.131,9405
-0.112,8084
0.0026,4994
-0.0431,6680
-0.0733,8398
0.128,2286
-0.0094,5214
0.24,264
0.151,643
0.0947,3034
0.122,2380
-0.00824,5220
-0.0475,5925
0.0979,1004
0.102,1145
-0.0511,6716
0.228,964
-0.125,8069
-0.239,8912
0.0418,3543
-0.0941,8228
-0.0186,5959
-0.211,9517
0.164,1801
-0.0661,6590
0.0281,3639
-0.068,8639
-0.0119,5549
0.109,2610
-0.0547,7281
0.139,1503
-0.0756,8837
0.101,1821
-0.247,10188
-0.311,9449
0.61,190
-0.0291,5574
-0.00707,5773
0.0629,1881
0.114,2732
0.0174,4299
0.191,2548
0.00604,4642
0.14,1145
0.00132,4961
-0.0304,6600
-0.0153,5778
-0.0167,6335
0.0615,3405
-0.212,10171
-0.239,9716
-0.0148,5606
-0.0987,7167
-0.0759,7101
-0.339,10079
-0.0789,8065
0.0791,2301
0.0468,3723
-0.113,8770
-0.0747,7120
0.0489,3716
0.0464,3663
-0.153,9803
-0.0952,7184
-0.392,9629
-0.465,7668
0.588,845
-0.0288,6667
0.0422,4005
-0.0311,5890
-0.0206,5445
-0.259,8677
-0.0497,5407
-0.0145,6255
-0.0569,7791
-0.136,7322
-0.0223,5585
-0.335,7990
-0.162,7547
0.00215,5055
0.437,2184
0.144,1704
-0.0681,7686
0.0393,3619
0.0998,3153
0.0539,3436
0.307,63
0.54,2
0.101,3384
0.04,3844
0.199,2576
-0.0846,7220
0.138,1843
-0.0723,6796
0.00586,4895
0.000846,5251
0.22,584
-0.0462,6963
0.0317,2510
-0.14,6086
0.32,221
-0.0949,7608
-0.0641,7785
-0.0244,5615
0.00651,4763
0.295,393
0.251,2205
-0.172,9305
-0.0255,5328
-0.191,9040
-0.14,7872
-0.0198,5060
0.135,2149
-0.242,9147
0.908,10
0.285,1238
0.0232,3850
-0.194,9341
0.117,1514
-0.202,9456
0.128,2187
-0.0421,6496
0.0794,728
0.142,1912
0.372,20
-0.133,6453
0.23,349
-0.00118,5204
-0.142,8370
0.0189,4600
-0.0985,7191
0.0633,3792
-0.0311,5097
-0.0371,7353
-0.128,8472
-0.0597,7596
0.369,1474
0.389,279
-0.15,9194
0.0262,4007
-0.0882,8772
-0.254,9196
-0.167,8827
0.204,835
-0.272,8964
0.0328,3621
-0.0877,8279
0.103,3208
0.0169,4486
-0.122,6943
-0.101,7673
-0.0359,6071
-0.0645,7979
-0.145,9238
-0.0728,6953
-0.0902,6983
-0.0584,7709
-0.12,8926
0.235,397
-0.00284,5361
0.0938,2575
0.0906,2904
-0.207,8862
0.0707,2160
0.0784,1880
-0.0249,5787
-0.0187,5501
-0.141,7136
-0.177,10008
0.112,1882
0.17,1926
-0.205,8515
0.0994,2269
-0.0972,7951
0.274,917
0.0537,2619
-0.00749,5201
-0.0192,5956
-0.106,7454
0.354,1451
0.0194,4707
-0.00928,5815
0.0152,4455
0.253,1381
-0.185,10357
-0.266,6282
-0.0625,5440
-0.0167,5818
0.114,1401
-0.094,8136
0.0254,4622
0.457,817
-0.255,9348
-0.0621,7116
0.00982,4483
-0.349,10065
0.102,3141
-0.202,8400
0.0979,3321
-0.0194,5578
-0.0693,7867
0.0611,3682
-0.258,10239
-0.1,7045
0.00314,4812
0.000307,5268
-0.0203,5803
-0.213,7440
-0.197,9217
0.346,1003
0.07,2940
0.0291,3141
-0.0507,7439
0.328,706
-0.0513,6332
0.422,264
0.151,1934
0.0399,4131
-0.0535,7815
-0.221,8027
-0.0503,6702
-0.0384,6335
-0.209,10165
0.0646,3244
-0.0257,7051
0.0744,2746
-0.126,9356
-0.0143,5391
0.0479,3509
0.00308,4932
-0.251,9713
-0.0319,8333
-0.0644,7781
0.131,1510
-0.045,5944
0.0142,4686
-0.118,9470
0.116,1245
-0.121,8544
-0.0809,7957
-0.306,10028
-0.021,5605
-0.00144,5364
0.259,196
-0.333,10021
0.011,4692
0.17,2318
0.277,1577
-0.0746,9448
-0.0912,9885
-0.0663,4465
-0.156,7306
1.12,649
0.0183,4481
-0.0461,6686
-0.0194,6308
-0.184,8816
-0.0252,6115
-0.114,7556
-0.138,8023
-0.0662,8204
-0.096,9071
0.291,1182
0.00616,4980
-0.174,8788
-0.159,7103
0.000724,5129
-0.0864,7410
0.0312,4296
0.109,2404
0.134,2522
0.132,3021
0.0958,1924
0.00708,4818
0.13,978
-0.117,7541
0.0298,4181
0.0991,2326
-0.161,9732
-0.0618,7702
0.601,1199
0.0749,3793
-0.0509,7996
0.133,598
-0.246,9479
-0.0412,6919
0.295,207
-0.168,8759
-0.0191,5427
0.0488,3001
-0.175,9248
-0.345,9459
0.118,1755
-0.326,10024
-0.206,9644
0.0801,3254
-0.0407,6905
-0.0675,7780
-0.171,8806
-0.0741,7813
0.222,1373
-0.135,8179
-0.0109,5705
0.168,1786
0.118,1511
-0.0787,7037
0.00497,4890
0.0848,1809
-0.0619,6983
0.188,1056
-0.0379,5910
-0.0124,5252
-0.0701,7561
-0.148,9824
0.0824,1745
-0.201,9686
-0.0501,6602
-0.101,7491
0.744,259
-0.0252,5722
-0.128,10083
0.134,3068
0.00253,4912
-0.198,9264
-0.17,8206
0.055,3328
0.00942,4939
-0.293,10014
-0.0195,5690
-0.00369,5308
0.0191,4352
-0.019,5886
0.0613,3944
-0.0715,4911
-0.0161,5506
0.0704,3745
-0.219,7845
0.0917,2473
-0.0691,8746
-0.0845,8343
-0.0695,6697
0.0181,4536
0.0509,3168
0.356,9
-0.0538,8650
0.0471,3838
-0.0366,6592
0.0532,2737
-0.128,8398
-0.0472,7613
0.0693,3353
-0.138,8559
0.0584,3411
0.0399,3864
-0.112,9682
-0.108,8605
-0.0777,7893
0.167,839
-0.0423,6385
-0.143,8163
0.0359,3700
0.16,456
0.537,116
-0.158,5442
0.374,58
-0.00411,5058
-0.015,5466
0.00499,4901
0.0443,3753
-0.484,8047
-0.173,7831
0.165,492
-0.155,8770
0.149,669
-0.0321,6517
0.162,1463
0.103,1561
-0.0685,6599
0.196,2328
0.031,3637
0.0183,4662
-0.0861,6493
-0.119,8482
0.291,358
-0.0446,6171
-0.172,9768
-0.119,8651
-0.0838,8655
-0.146,6808
-0.0215,5684
0.00629,4723
0.0849,1600
0.0595,2942
-0.127,8925
-0.0359,6692
0.0366,4143
0.0398,3939
-0.0813,7082
-0.174,10201
-0.118,8172
0.0758,2619
0.216,424
-0.0574,6831
0.117,2066
0.145,1383
-0.122,7979
0.07,2863
-0.158,8766
0.0958,3089
0.0889,1911
-0.0235,5773
-0.0763,7427
-0.0643,7528
0.135,3409
0.0904,3239
-0.106,8070
-0.161,8318
-0.121,8488
0.116,1591
-0.0477,6347
-0.133,8758
0.065,2247
0.273,360
-0.00865,5127
-0.113,6928
-0.227,9243
-0.159,10024
0.239,99
0.172,1667
-0.108,7401
-0.203,6889
-0.211,9603
0.0939,2473
0.0539,3447
0.157,3015
-0.107,6197
1.54,398
-0.0384,5914
-0.174,5140
0.308,1170
-0.0108,5308
-0.067,6135
-0.043,6065
-0.0733,8405
-0.0964,8767
-0.0892,6880
-0.072,7475
0.0222,4104
-0.0666,6024
-0.0997,8208
-0.0265,6788
-0.106,7729
-0.217,9663
0.433,628
-0.104,6831
-0.181,9856
-0.00883,5494
-0.021,5342
-0.271,10364
0.248,649
0.205,1442
0.0326,3881
-0.0236,5914
0.000157,5081
0.217,503
0.465,10
-0.193,8793
-0.0495,6591
0.0329,4235
0.102,2718
0.0615,3233
-0.0318,6152
0.125,2102
-0.131,8154
0.0727,1850
2.37,320
0.354,733
0.115,2580
-0.0401,5935
-0.177,10269
-0.0562,6650
0.00129,5156
0.428,54
-0.147,8100
-0.00862,5292
0.00793,4777
0.0707,511
0.00795,4787
-0.144,5040
-0.152,9634
0.0665,3002
-0.0133,5715
-0.082,8577
-0.0621,6674
0.0715,1585
0.0229,3690
-0.153,8112
-0.0474,6417
-0.00452,5341
-0.0714,7614
-0.416,9161
0.00538,5068
-0.176,7200
-0.295,9538
-0.184,9563
0.07,3130
-0.0582,5879
-0.00768,5140
-0.172,9189
-0.153,7762
-0.0639,7844
0.48,2137
-0.579,8696
0.27,708
-0.00501,4997
-0.195,8759
0.0301,2960
0.0238,3889
-0.0292,6761
0.195,956
0.0266,4271
-0.173,8216
-0.122,7737
0.0842,3329
-0.0434,6437
-0.255,6205
0.159,2177
0.163,1588
-0.0732,6799
-0.0783,7516
0.04,4316
-0.0347,6002
0.0372,4006
-0.334,10079
0.154,1577
0.0117,4384
0.203,921
0.208,1040
0.0871,2486
-0.334,9502
-0.122,6922
0.0178,4252
-0.065,7786
-0.192,9457
-0.0511,6757
0.339,709
-0.174,9001
-0.103,9674
-0.173,10019
0.266,609
-0.123,8549
-0.0854,6813
0.136,2943
-0.0131,5682
-0.0756,7921
-0.106,8156
-0.239,9902
0.552,634
0.17,2263
0.0908,2467
-0.000722,5186
-0.218,10015
0.0306,4316
-0.138,7690
-0.0859,7316
0.0118,4585
-0.169,9224
-0.0786,7669
0.0403,4048
-0.298,8782
0.0102,4659
0.0168,4482
-0.00457,5327
-0.17,9196
-0.146,9032
-0.0356,6911
0.127,1704
0.173,338
-0.00373,5436
-0.0641,6632
0.0322,4040
0.142,2154
0.0112,4511
0.221,898
0.12,1852
-0.178,9210
0.211,1652
0.0707,3467
-0.344,8877
-0.0337,5274
0.109,2626
0.0702,3788
-0.0918,5162
-0.306,9892
-0.121,7718
-0.0934,6798
-0.0328,5901
0.268,669
-0.25,8459
0.0267,4377
0.138,948
0.0121,4626
-0.292,9511
-0.147,9744
0.0902,2403
0.0269,4123
0.327,92
0.0229,3728
-0.0161,5321
0.0463,3187
0.471,1860
-0.118,7425
-0.0583,7124
0.177,577
-0.386,10375
-0.323,9294
-0.0542,7633
-0.139,8884
0.0324,3840
-0.151,7665
-0.055,8895
0.0533,3411
-0.0406,5662
-0.0593,5699
0.104,2282
0.157,1608
-0.0647,6565
0.0694,2919
-0.123,9353
-0.0022,5070
0.0484,3195
0.019,4119
-0.119,9299
-0.0866,8042
0.068,3622
0.106,3181
0.0951,3671
0.151,772
-0.286,10083
0.0158,4192
0.0394,4054
0.136,2032
-0.0264,5616
-0.0602,7225
0.212,1844
0.137,802
0.0101,4591
0.394,326
-0.0649,8030
-0.228,10438
0.101,2161
-0.205,9118
-0.155,7711
0.16,1955
0.0414,2789
-0.128,8630
-0.258,4076
0.436,2163
0.0075,4021
0.188,1510
-0.0939,5709
0.0296,4540
-0.322,10253
-0.0318,6532
0.134,2094
0.117,2764
-0.00787,5270
0.148,1650
0.229,1367
-0.133,5733
0.0158,4853
1.82,429
-0.426,7197
-0.229,7823
-0.0438,5929
-0.0382,6572
-0.244,8095
0.0771,3125
-0.0372,7161
-0.0937,8722
-0.183,8217
-0.0335,6378
-0.15,9418
0.0903,3843
-0.0594,8767
-0.0895,8199
-0.186,9625
-0.267,9236
-0.173,8420
0.0485,3961
-0.14,8763
-0.012,5473
-0.0354,5168
0.292,1846
-0.409,9591
-0.118,8310
0.0775,2882
0.0315,3895
-0.0649,6476
-0.0653,7054
0.355,89
0.136,1968
-0.0318,7203
0.295,17
-0.259,4625
0.172,1291
0.116,2987
0.163,1722
-0.00643,5462
0.142,583
0.185,283
0.346,15
0.255,2315
-0.0142,6194
-0.227,10180
0.153,490
-0.276,10463
0.0289,4588
-0.0695,5709
0.139,1588
0.146,2209
-0.0629,7053
0.0514,3053
0.0231,4307
0.104,2278
-0.126,8254
0.0786,1898
0.0213,4060
-0.0342,5990
0.0688,3453
0.217,937
-0.143,5904
0.0772,2676
-0.0419,6486
-0.0604,7256
-0.24,9002
-0.187,8505
-0.404,10030
0.00193,5169
0.0643,3079
0.0948,2448
-0.183,9096
0.0037,4984
0.031,4464
-0.0682,7419
-0.0593,7964
0.016,4505
0.0948,2917
-0.0708,9135
0.262,1524
0.0766,1475
-0.0883,7762
-0.0525,6200
0.192,1210
0.09,3177
0.0558,3764
0.0217,4385
0.145,828
-0.29,10322
-0.0489,8025
0.336,1736
-0.164,9406
0.0686,2360
0.159,380
0.171,1332
0.204,836
0.467,1390
-0.168,8165
-0.000683,4894
-0.000885,5040
0.0768,2402
-0.00771,5032
-0.285,7111
0.123,1538
0.0317,4464
0.0701,1798
0.223,2042
-0.349,6332
0.476,1416
0.163,1162
0.292,2228
0.0896,2932
-0.0886,7544
-0.168,7107
-0.0275,5978
-0.0255,6404
-0.137,9383
0.0503,4001
-0.259,9717
0.505,263
-0.0701,7278
-0.0752,7774
-0.0867,8936
0.217,346
0.202,935
-0.00833,5520
0.00063,5101
0.0305,3983
-0.133,8510
0.089,3475
-0.15,9384
-0.357,7890
-0.342,9113
-0.0269,5639
-0.109,7898
-0.202,9970
-0.153,9471
-0.255,10101
0.103,2530
0.0772,2974
-0.0182,5316
-0.136,8338
-0.0256,6138
0.0316,4123
-0.0775,6924
-0.335,9420
0.0631,3414
1.08,62
-0.338,9496
-0.245,4977
-0.0975,8263
0.00976,4644
-0.254,10399
-0.0929,8039
-0.19,8630
0.221,1314
-0.0302,5688
-0.000413,5044
-0.0265,6178
-0.198,7946
-0.168,10046
0.104,2350
0.156,1207
-0.0244,6104
0.32,214
-0.0773,8045
-0.153,9238
-0.326,9962
0.0153,4414
-0.153,10016
0.108,1255
-0.172,9337
-0.171,8107
-0.0703,6974
-0.226,9445
0.0668,1125
-0.29,10066
-0.0881,7253
0.0508,3997
-0.121,7763
-0.065,6864
-0.229,9724
0.117,1359
0.12,3035
0.344,726
0.0966,3285
0.03,4405
-0.111,9351
-0.0848,8582
0.33,1059
-0.166,8569
-0.194,8108
-0.0325,5515
-0.306,8443
0.13,592
0.0735,3088
0.107,2050
0.269,2733
-0.565,9869
-0.0536,7907
0.0503,3000
-0.151,9047
-0.22,10176
0.0851,2531
0.0241,4450
0.0332,3628
-0.0331,6984
-0.0294,5903
-0.0678,6768
-0.476,7893
0.088,2649
-0.105,7281
-0.0687,7647
-0.145,9286
-0.319,10123
-0.338,9939
0.0181,4405
0.00413,4903
-0.158,9967
-0.211,7094
-0.135,6673
-0.0892,7550
0.177,915
-0.0319,6411
0.192,2129
-0.0567,6023
0.161,914
-0.00867,4891
0.102,2770
0.00979,4734
0.0762,1243
-0.123,6963
-0.184,9795
0.244,332
-0.212,8707
-0.126,9946
0.0339,4179
-0.066,7141
-0.178,9068
0.0276,4284
-0.304,10389
0.0839,2498
-0.18,8877
-0.0766,6780
-0.0149,5646
-0.204,8678
0.0317,3474
-0.0356,6251
-0.0538,7787
0.218,783
-0.0695,6861
-0.328,9779
-0.0594,7129
-0.0917,8508
-0.0204,6019
0.187,1420
-0.121,7532
-0.108,7550
0.0643,3050
0.229,295
0.0612,3219
0.0797,3291
-0.199,9897
0.0456,2800
-0.0464,6566
0.0238,4308
0.0326,3747
-0.249,9596
-0.134,7499
-0.0518,5803
0.138,2054
-0.0617,6887
-0.0728,8255
-0.146,7538
-0.0122,5396
0.253,821
-0.175,7879
0.00549,4855
-0.0223,6294
-0.0392,5872
-0.196,8735
-0.00912,5192
0.104,2581
-0.0726,7459
-0.0648,7523
0.0679,3033
-0.000229,4876
-0.0595,7333
0.129,2268
0.0488,3118
-0.086,8158
-0.112,8018
0.156,1753
-0.0383,5712
0.241,1975
0.0111,4820
-0.0281,6222
-0.0774,6595
-0.0586,6154
-0.0147,5374
-0.0168,5774
-0.112,8751
-0.118,9725
0.0879,2920
-0.182,8049
-0.0319,6305
-0.373,10176
0.164,773
0.0516,2508
-0.084,7056
-0.0307,6024
-0.194,9793
0.028,4164
-0.0194,5736
-0.029,6824
0.181,1097
-0.103,8571
0.165,2461
0.121,1403
-0.155,9844
-0.00152,5376
0.0323,4255
0.0676,2471
0.00223,5088
-0.093,4633
-0.0625,7854
0.056,3099
0.183,376
-0.105,7681
-0.307,9830
0.166,1135
-0.0208,5760
0.0475,3810
0.184,1298
-0.237,7271
-0.117,7279
-0.121,8330
-0.138,9455
0.0927,2879
-0.175,8331
0.385,588
0.114,1634
0.434,1494
0.0287,4378
0.0178,4220
-0.336,10200
0.0137,4709
-0.0237,5919
0.153,1652
-0.0365,7217
-0.148,9142
0.052,3877
0.00594,5050
-0.113,7363
-0.00143,4970
-0.233,10412
-0.072,8082
-0.381,9942
-0.0761,7264
-0.101,7418
0.403,836
-0.29,10459
-0.0188,6078
-0.0675,6601
-0.0495,5805
0.0278,4427
0.136,1466
-0.108,8670
-0.164,9536
-0.0465,6412
-0.206,8961
-0.0505,6211
-0.0442,6808
0.0158,4254
-0.132,6784
-0.0762,8290
-0.0639,6712
0.111,3774
0.00273,4947
-0.204,9955
0.0806,2225
0.034,4109
-0.18,10090
0.136,2256
-0.186,9894
0.0951,1629
0.168,2097
-0.00467,4816
-0.0715,6650
0.0625,3569
-0.0763,6944
-0.0758,7241
-0.0979,7577
0.114,1928
-0.00289,5250
0.17,1454
0.00911,4802
-0.0151,6021
0.0357,4314
-0.0495,6446
-0.341,10373
-0.0576,5754
0.00928,4723
0.0446,2872
-0.0329,6105
-0.00341,5235
-0.19,8638
0.255,1645
-0.0195,6289
-0.00625,5039
0.018,4221
0.174,1793
0.0296,4462
0.176,404
-0.0969,8339
-0.136,9157
-0.0541,6573
0.12,895
-0.203,6812
-0.184,9236
0.0659,2972
-0.227,10441
-0.059,6478
-0.185,9999
-0.168,9098
0.0713,3410
-0.064,7801
0.0344,4357
-0.109,7253
0.289,621
0.0454,4119
0.201,2721
0.00559,4759
0.0513,3305
0.403,1322
0.0794,3638
0.0391,4259
0.228,945
-0.0231,6067
0.0843,2284
-0.28,10323
0.128,695
-0.0612,8965
0.297,248
0.147,451
-0.0122,5571
-0.383,6091
-0.285,5150
0.22,3246
-0.348,7486
0.346,2613
-0.0617,7747
0.0345,4324
0.0613,3562
0.37,48
-0.0585,7157
-0.0865,7997
0.00365,4981
-0.115,8519
0.295,658
-0.304,10176
0.0696,3188
-0.0112,5591
-0.124,9861
0.0541,3510
-0.208,9898
0.0727,3252
0.0471,3950
-0.0253,5986
0.0457,1364
-0.187,6377
-0.0872,7046
-0.157,6728
0.195,1483
0.0308,3786
0.0185,3885
0.238,1689
-0.102,8504
0.0817,2299
0.11,1938
-0.164,10377
0.00555,4174
-0.0369,6496
-0.0657,7792
-0.000238,4712
-0.0919,8813
0.0643,2107
-0.0993,7121
0.00556,4909
0.16,2285
-0.0916,8630
0.234,615
-0.192,10023
0.374,456
-0.369,8775
0.0448,4216
-0.0577,6011
-0.00725,5466
0.0217,4302
-0.0356,7046
-0.028,5641
-0.0605,6322
-0.159,7416
-0.393,7784
0.0306,3826
-0.00583,5440
-0.203,9250
-0.225,8477
-0.104,8076
-0.0112,5073
0.0329,4075
-0.0215,6260
-0.053,6682
0.0534,3805
-0.121,8797
0.245,1557
-0.239,10193
0.176,1299
-0.131,9754
0.156,2190
0.0625,3237
0.084,2920
0.0974,1649
-0.023,5897
0.00812,4700
-0.0905,7400
0.0752,3826
0.239,2112
0.0333,2981
-0.0267,5808
-0.02,5978
0.0614,3021
0.0665,3354
0.0178,4673
-0.054,6750
0.141,2447
0.15,1762
0.66,56
-0.0278,5295
-0.233,9062
-0.0567,7493
-0.000123,4880
-0.196,7872
0.141,278
0.0434,4054
0.188,2071
-0.00585,5230
-0.133,8114
0.0286,3947
0.172,1761
0.265,1635
-0.115,9226
-0.11,8166
0.084,868
-0.0333,5926
0.123,2640
-0.306,10178
0.024,4499
0.00817,4874
-0.188,9776
0.0747,3657
0.0943,3281
0.0244,3649
0.133,2108
0.166,899
-0.0318,6594
0.0998,2025
0.107,2485
0.126,1779
0.102,3075
0.148,1903
0.128,485
-0.176,4861
0.196,2338
-0.016,5951
-0.198,7373
0.0609,3103
-0.225,10000
-0.0937,6977
0.0331,3991
0.35,613
0.0376,3838
-0.0456,6310
0.0583,2791
0.05,3727
-0.0441,7380
-0.214,8816
0.172,1782
0.0688,2399
0.0922,2161
0.207,1267
0.0916,2009
-0.204,9483
0.0612,2549
0.0607,3527
-0.0105,5420
0.00728,4821
-0.128,8763
-0.12,8563
-0.414,10403
0.0597,3813
-0.0165,5450
-0.245,10095
0.218,2568
-0.095,8333
-0.19,8604
0.177,1278
0.0701,3180
0.0904,2312
0.0678,3807
-0.343,5293
0.0447,3922
0.0961,2414
0.0235,4272
1.56,285
-0.41,9324
0.0855,3162
-0.223,4306
0.255,1621
0.22,402
-0.152,7662
0.0596,3693
0.00396,4575
-0.0849,9084
-0.0134,5589
0.376,865
-0.255,9407
0.00538,4617
0.0297,3023
0.0919,997
0.0917,2981
0.111,1053
0.139,926
-0.159,8826
-0.23,10020
-0.0939,9169
-0.399,9423
-0.129,9105
0.118,1083
-0.174,7789
0.0332,3865
0.0711,1932
-0.0527,5601
0.195,976
0.0248,4550
-0.0914,7977
-0.0712,7096
-0.229,9751
0.288,943
-0.0932,8548
-0.167,9769
0.504,398
0.169,394
-0.0373,6543
-0.066,6634
-0.112,7048
-0.148,7630
0.186,1946
-0.089,9226
0.084,2962
-0.148,7599
-0.0484,6270
-0.137,8519
-0.0403,5927
0.0758,2457
-0.0263,6599
0.124,693
0.0596,3690
-0.196,7353
-0.267,9964
0.0458,3771
0.00546,4679
0.118,1775
0.32,813
0.13,2524
0.0588,3491
-0.108,9099
-0.0691,7193
0.00957,4756
-0.221,9882
0.128,2227
0.0676,3228
0.134,876
-0.0139,5485
-0.0635,6184
0.00519,5128
-0.119,7150
0.0717,3244
-0.162,9255
0.0198,4396
0.0155,4400
-0.175,10330
-0.0483,6951
-0.0542,8053
-0.117,8001
-0.0707,7737
-0.0342,6009
-0.0404,7449
0.0117,4733
0.0854,3005
-0.114,9430
0.000889,5041
0.0162,4627
0.162,462
-0.19,9890
0.318,332
-0.129,8889
0.0152,4361
0.0145,4646
-0.246,9834
0.262,415
0.124,2047
-0.0694,6538
-0.0283,5934
-0.187,9303
-0.177,8700
-0.0266,5087
-0.536,9107
-0.145,9993
-0.102,9002
-0.0453,6937
-0.00857,5063
0.145,1079
0.196,1997
-0.168,10251
-0.062,7729
-0.0101,5371
-0.159,8920
-0.0602,5461
0.337,682
-0.0729,8408
0.033,3855
0.0899,2750
-0.0742,7736
0.143,2436
-0.336,10338
0.073,3207
-0.00882,5655
0.0638,2910
0.198,1025
-0.191,9342
0.0808,2207
-0.0281,5368
-0.197,9119
-0.211,9431
-0.424,10330
0.0585,4153
0.211,2392
0.159,808
-0.0809,9398
-0.106,7480
-0.417,9964
0.00318,4925
0.607,153
0.155,1491
-0.0452,7273
-0.185,8930
0.272,188
0.139,1700
0.258,1962
-0.138,7203
-0.143,8287
0.429,260
0.156,2513
-0.108,8719
-0.0625,7039
-0.0443,8001
-0.0299,6445
-0.29,9915
-0.254,10361
-0.0923,7322
-0.157,9423
-0.0292,6939
-0.00899,5626
-0.12,9119
-0.105,7929
0.0194,4487
-0.0354,6546
-0.0651,7420
-0.0513,7568
-0.033,6452
0.125,2062
-0.0663,8677
-0.232,7479
0.0175,4427
-0.113,8720
-0.131,7125
0.22,2242
0.00371,4926
-0.0759,6914
-0.0414,6708
0.0215,3765
-0.00818,5230
0.0239,4207
-0.0657,6802
0.029,4035
-0.183,9795
-0.275,10330
-0.12,9544
-0.198,9619
0.0503,2166
0.0569,2915
0.0933,2024
0.141,961
-0.081,8053
-0.077,6896
0.41,528
-0.599,8664
-0.13,9767
0.129,858
-0.117,8696
0.00202,4928
-0.29,9928
0.555,3
0.272,258
-0.0583,7816
-0.206,9871
-0.0718,7204
0.274,1630
0.123,2157
0.00234,4894
-0.0898,8364
-0.105,8166
-0.232,10319
-0.215,8758
0.0635,2674
-0.00738,5289
0.114,2289
0.187,514
-0.211,8983
-0.0339,6246
-0.104,7540
-0.11,8251
-0.0428,6490
-0.0364,5732
-0.0504,5974
-0.139,8662
0.11,3744
0.102,1491
0.256,54
-0.164,8558
0.295,2839
-0.0509,6442
-0.282,7906
-0.253,9986
-0.0919,8624
0.103,3507
0.236,1092
0.0543,4211
-0.215,9172
-0.0392,6616
0.0287,4388
-0.0251,5462
-0.119,6815
0.0598,3935
0.0195,4324
0.0203,3906
0.00948,4681
-0.141,7889
0.212,2011
-0.121,8215
0.0877,2960
-0.293,8692
0.0236,3651
-0.103,7574
-0.0188,5728
0.0448,4042
0.0103,4718
-0.379,9686
0.148,601
0.000676,4740
-0.073,6026
0.676,1391
-0.12,8270
-0.124,9078
0.0142,4719
-0.248,9643
0.0256,4239
0.0556,3881
-0.0191,5329
0.0741,2106
-0.0818,7998
-0.247,9943
-0.0382,6174
-0.142,8457
-0.193,10116
0.264,116
-0.132,9534
-0.123,8537
-0.138,8711
-0.303,7940
0.151,2102
0.0612,2729
0.163,616
-0.0152,5326
-0.202,9979
-0.202,9516
-0.13,9299
-0.0957,8746
-0.319,8608
-0.0607,6794
0.12,3066
0.0393,3967
0.111,2415
-0.105,8058
-0.289,10354
-0.191,8596
-0.00853,5778
-0.0714,6779
0.0767,2025
0.11,1895
0.086,1438
-0.0191,5645
-0.0338,6639
0.1,2843
0.0469,4090
-0.0562,7347
-0.11,9761
-0.122,8153
-0.146,8575
0.0225,4306
-0.00149,5029
-0.065,6423
0.0206,4258
0.262,1799
0.241,1700
-0.02,5855
0.0733,3762
-0.115,8223
-0.0101,5644
-0.162,8734
0.00566,4796
-0.041,6584
-0.3,9030
9.07e-05,5037
0.0357,3594
-0.143,9219
-0.469,9454
-0.0425,5867
-0.241,9175
-0.0565,9155
0.191,682
-0.0882,7370
-0.174,9074
0.0277,4432
0.143,1736
-0.0529,7016
0.0226,4219
-0.206,9856
-0.179,9408
0.0301,4524
-0.17,9106
0.0967,1931
0.252,939
-0.251,8962
0.75,875
-0.322,7940
-0.179,4454
-0.181,9871
0.11,1006
-0.173,9462
-0.0726,6561
0.1,2171
-0.134,8413
0.273,187
-0.253,8045
0.016,4577
0.315,355
0.037,3294
0.128,1500
-0.167,9040
0.0192,4113
-0.224,9432
0.117,2135
-0.119,8944
-0.117,5880
-0.0805,7892
-0.00541,5053
0.889,1107
-0.0392,5888
0.026,4362
-0.218,9076
-0.186,9735
0.296,1282
0.061,3891
-0.0739,7284
-0.0221,5312
0.0408,3599
0.0153,4377
-0.118,9565
-0.167,9444
0.129,2515
0.492,1315
0.0159,4400
-0.121,8928
-0.0588,8793
0.122,2803
-0.0336,5421
-0.217,5470
0.207,2490
0.0452,3307
-0.000425,4996
-0.149,7807
-0.0493,7366
0.0514,3921
0.399,549
-0.00411,5303
-0.0885,7431
-0.0395,6320
0.367,215
0.19,1264
-0.25,9647
0.125,759
0.114,1015
-0.195,10046
-0.13,9664
0.112,2204
-0.265,10211
0.0177,4762
-0.245,9379
-0.129,8801
0.23,593
-0.265,9985
0.0998,2635
0.152,537
-0.0724,7060
-0.139,7228
-0.172,9151
-0.278,9779
0.05,4266
0.00691,4796
0.0856,1003
0.00493,4702
0.0107,4548
0.034,4173
-0.0356,6264
0.112,1484
-0.00844,5202
-0.172,6115
-0.388,9145
0.14,1468
-0.106,4897
-0.0851,7991
-0.0246,7316
0.143,1108
-0.00122,5049
-0.257,9272
0.116,1170
-0.0676,7377
0.284,345
-0.0209,5685
-0.107,8657
0.0498,3884
0.0679,2423
0.0917,2222
0.0622,2173
0.287,720
0.219,637
-0.212,9930
-0.13,8673
0.178,2129
-0.0711,6748
-0.0103,5291
0.13,2768
0.0568,3874
-0.181,8949
0.158,400
0.139,1418
-0.0676,7421
-0.211,7937
-0.197,9525
-0.381,9984
0.0291,3854
0.0437,3555
0.0396,4059
-0.215,9943
-0.0216,5921
0.65,431
-0.114,9231
0.00437,5058
0.446,89
-0.342,10081
-0.119,7296
-0.161,7070
0.0715,2905
-0.101,7452
-0.124,7307
0.17,1573
-0.543,8110
-0.191,8144
0.266,213
-0.157,9885
0.218,1261
-0.0803,7351
0.184,955
0.18,2249
0.0421,3428
0.00581,4596
0.147,2077
-0.0903,8226
0.133,1584
-0.0447,5848
0.145,1093
0.0558,3201
0.187,604
0.164,1191
-0.11,9315
0.0194,4336
-0.0686,6887
-0.103,8606
-0.324,10198
-0.311,10144
-0.0889,8482
-0.216,8540
-0.108,9394
0.109,2048
0.219,1467
-0.0376,6998
-0.274,8069
-0.125,8408
-0.0867,8392
0.0777,2337
-0.217,6107
0.199,1957
-0.106,6255
-0.0663,8454
0.0955,1232
-0.0588,6831
0.0509,3369
0.0738,3178
0.13,2392
-0.0469,6667
0.00594,4804
0.0494,3157
-0.128,7765
-0.0999,6486
0.137,1703
0.15,2172
0.0746,3155
-0.274,6800
0.409,519
-0.14,7704
0.115,2869
0.162,2596
0.183,2611
-0.102,5606
-0.0287,5550
0.709,353
-0.00651,5461
-0.0344,7195
-0.00902,5760
-0.215,10007
-0.0141,5690
-0.00946,5190
-0.175,9388
-0.0639,7448
-0.136,8573
0.0207,4373
0.0334,4194
-0.0355,6370
-0.0375,6548
0.0566,3853
0.0599,4012
0.0254,4289
-0.0564,7386
-0.16,8453
0.151,712
0.118,1603
0.0104,4033
-0.299,9765
-0.235,9696
-0.156,8444
0.211,958
-3.59e-06,5072
-0.0213,6136
0.0492,3511
-0.117,9250
-0.0065,5199
-0.0224,5464
0.0584,2765
-0.0837,7853
0.428,2271
-0.00418,5262
-0.0626,6495
0.257,129
0.315,280
-0.077,7591
0.128,1803
0.155,1690
-0.232,8573
-0.542,10198
0.0131,4468
0.162,1438
-0.269,10450
-0.0284,5367
-0.0766,6514
-0.156,8052
-0.293,10020
-0.0919,7690
-0.0661,7165
-0.0844,6973
-0.00582,5349
0.206,1089
-0.0827,7984
-0.23,9082
-0.0936,7596
0.0143,4716
-0.034,6120
-0.0973,7716
0.15,1246
-0.086,8508
0.0377,3993
-0.0365,5662
-0.00242,4943
-0.141,8816
-0.0903,9119
0.0124,4639
-0.0178,5835
0.234,1271
-0.0729,6031
0.363,645
0.00318,5165
-0.0317,6507
-0.000843,4987
0.0402,4090
-0.0355,5914
-0.229,8431
-0.0195,5424
-0.0428,6455
0.126,1343
0.0431,3837
-0.0316,6547
0.0181,4543
-0.157,9490
0.0615,3625
-0.221,8665
0.0482,3875
0.0111,4822
0.137,2783
-0.187,9638
-0.161,8946
-0.157,7902
-0.169,9961
0.0357,4220
-0.342,9292
-0.064,7283
0.0961,2448
-0.073,7363
0.139,1571
-0.142,9482
-0.123,7018
0.0455,3572
-0.0519,7534
4.16,126
0.3,403
-0.117,7732
-0.00374,5039
-0.00847,5419
0.164,1656
-0.0664,6803
-0.187,8138
-0.0904,8494
0.0239,3911
-0.0583,8042
-0.0364,7127
0.00696,4882
-0.00243,5120
0.00686,4886
-0.4,10083
0.16,606
0.0299,3838
0.116,2032
-0.00139,4977
0.496,281
0.0257,3619
-0.0496,7350
-0.107,8755
0.512,1005
-0.00117,5314
-0.0491,7970
-0.151,10191
-0.0321,6155
-0.258,7305
0.13,1930
-0.0306,7671
-0.0278,7567
-0.331,6626
-0.402,6261
0.0125,4653
0.0825,2223
0.431,186
-0.124,8461
-0.048,5973
-0.307,10125
-0.215,9911
-0.0924,7827
-0.116,8412
-0.323,9863
-0.281,10235
-0.155,9409
-0.185,9544
-0.00398,5466
-0.0366,6674
-0.0978,7026
0.255,1992
-0.0722,6672
-0.0139,5318
-0.264,9505
-0.0108,5826
-0.0455,6604
-0.219,9582
0.183,2893
-0.236,9212
-0.264,10390
0.183,1583
-0.037,6609
-0.0492,7309
0.0509,3708
-0.121,7271
-0.0626,7317
-0.0448,7122
0.0956,2324
-0.0375,6300
0.0717,2490
-0.295,8787
0.0729,1883
0.113,1713
0.0589,3505
0.0393,3728
-0.0997,6248
-0.0428,6320
-0.000507,5331
-0.00897,5341
-0.0598,7282
0.146,2002
-0.0509,6993
-0.143,8463
-0.168,9279
0.0747,1204
0.0808,2776
-0.056,7206
-0.15,7912
-0.0158,5868
-0.0906,9564
-0.0677,8341
-0.031,6104
-0.397,8823
0.0429,3201
-0.136,7940
-0.0758,8761
-0.149,10028
-0.113,8359
0.212,1197
-0.115,8535
0.0282,4405
0.183,2290
-0.0171,5491
-0.328,9984
-0.229,10456
0.208,1842
-0.0806,5482
0.0958,1807
-0.134,8074
-0.233,10375
0.142,1628
-0.0641,6835
-0.00931,5429
-0.0208,5730
0.0136,4504
0.00211,5007
-0.119,8186
-0.189,9708
0.0278,4211
0.107,634
0.00109,5124
-0.191,9621
0.0562,4041
-0.00656,5151
-0.0745,8159
-0.115,8518
0.0142,4691
-0.14,8724
-0.364,9867
0.142,2614
0.0245,4456
-0.356,10447
1.46,488
-0.196,5961
-0.14,8205
-0.598,10059
-0.0266,6220
0.0125,4616
-0.131,7332
-0.098,7938
-0.0785,8705
0.0845,2898
0.0147,4383
-0.143,6644
0.0758,2480
-0.0146,5353
0.0765,2643
0.0328,3848
-0.0472,7022
-0.247,8408
0.428,389
-0.0174,6046
-0.0604,7093
-0.0888,7973
-0.0642,7009
-0.389,9917
-0.282,10069
-0.127,8343
-0.18,9568
-0.0262,5942
-0.0745,7807
-0.196,9463
-0.109,7633
-0.122,7327
0.0143,4511
0.244,442
0.347,2537
0.149,1435
-0.0698,6621
-0.272,8791
-0.0603,7722
0.0215,4166
-0.0606,8206
0.0473,3720
0.127,1933
0.0677,3435
-0.0877,6635
0.0563,3421
-0.000639,5080
-0.141,8628
0.212,2149
-0.14,8805
0.176,324
0.25,250
0.0381,3627
-0.227,9704
-0.0284,5192
0.524,1357
-0.212,9335
-0.0793,9282
-0.0537,6747
0.624,1189
-0.00331,5096
0.0809,2347
-0.00381,5159
-0.0117,5388
-0.134,9392
-0.308,8905
0.278,2403
-0.105,8427
0.0587,3161
0.127,1619
0.21,699
-0.115,7700
-0.205,8191
0.0426,2464
-0.236,9630
0.0319,4172
-0.0963,8297
0.387,823
-0.13,8730
0.0393,3249
0.0344,3576
-0.00454,5165
0.0344,4199
0.0855,3113
-0.169,7960
0.18,1163
0.0228,4379
0.0188,4527
0.0724,2481
-0.15,7843
-0.141,8453
-0.0188,5781
-0.0871,8139
0.0044,4924
0.0558,3199
0.183,1098
-0.191,9657
0.0878,2312
-0.0258,6337
0.0632,3876
-0.0965,4975
0.801,245
-0.334,8802
0.0211,4293
-0.0746,8063
-0.164,9203
-0.0996,7800
0.153,1344
0.123,2832
-0.0508,7542
0.0777,3161
-0.116,7987
0.0238,4119
-0.0301,5765
-0.131,8651
-0.045,6709
-0.0707,7180
-0.184,9352
-0.116,7055
0.0618,3514
0.0483,3760
-0.0648,7887
-0.0115,5980
-0.161,7874
-0.015,5739
-0.0517,6264
-0.0653,6010
0.183,965
0.113,3050
0.0759,2680
-0.0981,8591
0.107,2914
-0.0501,7423
-0.0161,6170
-0.176,6894
0.185,491
-0.0191,5257
-0.153,9124
0.15,258
0.0582,2199
-0.0291,6056
0.0915,2365
-0.131,8947
-0.0118,4946
-0.00304,5357
0.0334,3612
-0.138,9741
-0.198,9080
-0.314,7957
-0.2,8303
-0.108,6880
0.0159,4324
-0.0502,6379
-0.0722,8368
0.283,888
-0.0282,5673
0.0348,3797
-0.0119,5827
-0.146,9011
-0.113,8132
-0.0562,6927
0.355,56
0.0014,5079
0.144,798
0.158,2677
-0.282,10311
-0.0734,6685
-0.154,7688
-0.0467,6322
-0.242,9907
-0.448,8648
-0.338,9270
0.977,1097
0.337,1858
-0.233,9463
0.0323,3595
0.0751,2602
0.195,566
-0.225,8422
-0.424,9550
0.196,707
0.00643,4765
0.169,2403
0.383,495
0.0329,4138
-0.252,8962
0.1,1385
-0.000972,5065
-0.0623,6836
-0.284,5199
0.101,2469
-0.16,9458
-0.157,8643
-0.00782,5119
0.146,2924
-0.107,7684
-0.319,8175
-0.275,9454
-0.0121,5622
-0.0428,7370
-0.114,8272
-0.0143,5245
0.0662,4002
-0.0685,7143
0.0333,3732
0.0266,4140
0.149,1321
-0.202,8949
-0.111,8150
-0.121,8855
-0.0889,8667
-0.0601,7676
-0.201,9790
-0.106,7956
-0.0502,7895
-0.16,9357
-0.03,6813
-0.0689,7194
-0.0296,5522
-0.113,8456
-0.127,8048
0.401,82
-0.14,10357
-0.0622,7732
-0.031,6316
-0.0916,8124
-0.354,8649
-0.142,7581
-0.0544,7499
0.139,1011
-0.0959,8058
0.0874,3286
-0.136,9968
-0.296,9156
0.0477,2274
-0.0462,8200
-0.232,8395
0.0913,3123
0.189,1478
-0.12,7871
0.189,1183
0.0921,1644
0.0258,4321
0.117,2194
0.253,1395
-0.0123,5603
0.0433,2740
-0.158,8066
0.144,2968
-0.0371,6441
-0.206,8069
-0.197,6873
0.183,661
0.04,3415
0.00336,5088
0.499,501
-0.0488,5933
0.0417,3735
-0.0777,9451
0.0269,4197
-0.14,9020
0.0881,3625
0.0446,3539
0.0963,2678
0.0467,3147
0.103,3297
0.0205,4492
0.012,4658
0.0308,4094
0.00106,5310
-0.0983,8824
-0.11,7498
-0.201,10111
0.2,1515
-0.124,7376
0.0246,3847
-0.0776,7049
-0.0193,5078
-0.032,4842
0.154,2042
-0.849,9909
-0.101,6783
-0.121,8218
-0.0879,8255
0.14,1652
0.0534,2859
0.135,887
0.19,443
-0.0522,7309
-0.0029,5031
0.109,1969
0.175,472
0.17,1144
-0.0481,6193
0.102,2627
0.0179,4392
-0.0566,8643
-0.0545,7964
0.158,763
0.0455,3657
-0.159,8573
-0.138,9401
-0.114,8714
-0.0525,6496
-0.217,10024
-0.0748,6349
0.153,1623
-0.000134,4801
-0.0122,5733
-0.0165,5678
-0.162,9153
-0.0259,5989
-0.165,8354
-0.0517,7359
0.365,107
-0.302,10001
0.277,353
-0.0192,5413
-0.257,9618
0.129,2837
-0.053,6481
-0.0293,6884
-0.233,9325
-0.0384,6797
-0.176,9311
0.036,4188
-0.104,8789
0.0263,3919
-0.174,9290
0.0126,4617
-0.159,6770
-0.212,7623
-0.000882,4806
-0.0312,6242
0.0167,4003
-0.124,7872
0.00333,4588
-0.113,7300
-0.122,8542
0.016,4261
-0.0845,8202
0.00868,4453
0.172,1077
0.0899,1710
0.201,609
0.081,2410
-0.0258,5981
-0.157,9579
0.177,944
0.0114,4802
0.0205,3833
0.072,2643
0.106,2231
0.276,501
0.28,407
-0.131,9357
0.195,1577
-0.107,8904
-0.0689,7374
-0.0948,8122
-0.0752,5935
0.293,405
0.0804,3405
0.03,3970
-0.072,7564
-0.316,9651
-0.319,9688
-0.0933,9687
0.087,3230
-0.00474,5365
-0.016,5580
-0.0507,6033
-0.041,6785
-0.0454,5413
-0.372,8594
-0.131,8036
0.227,1675
-0.297,9838
-0.219,10100
0.0424,3886
-0.0377,7096
-0.0378,6277
0.128,2021
-0.086,7033
0.219,982
-0.0676,6813
-0.0179,5831
-0.0248,5997
0.118,1673
-0.0631,7094
-0.0734,7344
-0.0353,6474
0.107,1207
-0.366,9718
0.0422,4208
-0.0268,5938
0.189,1440
0.00365,4803
-0.155,9152
-0.0781,7481
-0.133,8968
-0.151,9273
0.0899,2854
-0.122,7719
0.055,3252
-0.00354,5209
0.148,1557
-0.108,7957
-0.0413,6389
-0.114,7542
0.221,721
0.373,344
0.0181,4363
-0.159,7869
1.43,35
0.0614,2575
-0.0498,8121
0.0394,3885
0.00989,4830
0.0759,2414
-0.38,9120
-0.0734,8954
0.0351,3590
0.124,2434
0.0596,3940
0.101,3429
-0.0406,6242
0.227,581
-0.152,9450
-0.2,9305
-0.166,9128
-0.0391,6684
-0.231,7280
0.0332,4055
-0.215,10145
0.381,217
-0.277,9565
-0.206,9620
0.245,1929
-0.0965,9569
0.0465,3291
-0.0314,6186
0.14,1313
0.0801,2593
-0.234,8045
0.0474,2907
0.209,1230
-0.123,5624
-0.15,9606
-0.0707,7295
-0.0616,7730
0.0795,1913
0.115,770
-0.13,8179
-0.0199,6183
0.45,48
-0.309,10373
0.00391,4643
0.0169,3926
-0.0258,5889
-0.0597,6816
-0.0623,6515
-0.125,8053
0.212,1030
-0.127,9742
-0.186,9282
0.024,4509
-0.0785,7162
-0.205,9798
-0.054,7797
-0.132,8899
-0.201,9030
-0.00781,5492
0.00962,4970
-0.345,10317
-0.043,8468
-0.0714,7884
-0.22,9499
0.0731,3326
0.171,2939
-0.0625,6417
-0.0847,8222
0.108,639
-0.128,9473
-0.00154,5036
-0.332,8307
-0.178,8958
0.0386,3206
-0.0314,6840
-0.155,6900
-0.0426,6805
-0.0654,6906
-0.236,9112
-0.0138,5544
-0.0766,7757
-0.101,7342
0.36,624
-0.23,9968
0.0384,4290
0.143,1000
-0.118,8982
0.0567,3184
-0.139,8506
-0.198,10310
0.63,719
0.0272,3923
0.0462,1462
0.0546,3954
-0.0435,6544
-0.266,7602
0.0633,3458
0.0818,1605
-0.0332,6630
-0.196,8429
0.0779,3502
0.222,1805
0.307,1601
0.102,1919
-0.0393,5866
-0.0614,7216
-0.0749,7937
-0.224,10311
-0.0841,6780
0.00375,4563
-0.0805,7741
-0.0987,7544
-0.0381,6641
-0.52,8151
0.191,2588
0.25,402
-0.0406,6336
-0.112,9206
0.0226,4629
-0.123,8375
-0.155,7326
-0.0164,5659
0.144,1371
0.0342,3870
-0.154,5861
0.0122,4762
0.268,1896
-0.0338,7319
0.0464,3695
0.126,2138
-0.115,7371
0.0698,2696
-0.0447,5445
-0.157,9896
0.176,2051
0.038,3816
-0.0434,6021
0.0135,4829
0.28,980
0.106,1035
-0.121,7959
-0.0351,6495
-0.167,9079
-0.484,10244
-0.134,8131
-0.12,9700
0.0457,3103
-0.0632,6757
0.0095,4575
-0.0296,5360
0.0435,3901
-0.195,10305
0.0895,2662
0.28,855
-0.0113,5363
-0.0198,6145
0.1,3215
-0.0173,5967
-0.0489,8364
-0.133,9732
0.0704,2031
-0.126,8628
0.0129,4583
-0.0901,7087
-0.13,9900
-0.0493,7266
-0.193,8522
0.181,1730
0.293,1495
0.773,331
0.101,505
0.183,105
0.029,4622
-0.0285,6321
0.327,401
0.0657,3362
-0.0592,7670
-0.0884,9988
-0.0786,5342
-0.0902,4520
0.146,2735
0.114,3150
-0.149,6865
-0.0254,6721
-0.0589,6580
-0.0757,6878
-0.0601,7294
-0.0282,6989
0.0408,3242
0.177,743
0.0374,3999
0.234,1138
0.111,2029
-0.0162,5429
0.0716,2077
-0.164,9505
0.13,2500
0.242,1437
-0.0682,6305
-0.174,9601
-0.287,8750
0.427,307
-0.0873,7657
-0.137,8127
-0.049,5453
-0.0454,6210
0.00345,5099
0.00342,4911
-0.0149,3892
-0.172,6596
-0.633,10234
0.0165,4697
0.0192,4114
-0.257,10129
-0.353,6587
-0.122,6083
-0.333,6425
-0.0836,3589
0.198,724
-0.863,8976
0.138,3247
0.171,3236
0.256,270
-1.28,9820
0.329,148
0.12,1502
-0.059,6829
0.191,1097
-0.17,10057
0.0274,4195
-0.195,8926
0.46,50
0.00909,4624
-0.438,8902
-0.00498,5094
0.189,1010
-0.0124,5709
-0.164,8155
0.103,1244
-0.0375,6225
-0.2,8947
0.308,635
-0.0583,7985
0.245,300
-0.0192,5607
-0.107,8217
0.0554,2094
-0.0314,6463
-0.173,7791
-0.0825,6462
0.134,3170
-0.00588,4855
-0.184,8462
-0.0252,6795
-0.259,6920
0.0353,4199
0.132,2997
-0.0575,6508
0.0155,4611
0.118,2235
0.126,1737
-0.0767,7499
-0.102,7877
-0.0432,6552
-0.0177,6036
0.0184,4445
0.151,1911
-0.00811,5078
-0.111,8016
-0.0827,6526
-0.0966,9628
0.1,790
-0.381,9243
-0.276,7262
-0.263,6309
-0.0699,6770
-0.135,7374
0.0297,4112
-0.135,8159
-0.102,7671
-0.012,5412
-0.0122,5656
0.106,1505
0.701,133
0.0723,2759
-0.509,7640
-0.079,6341
0.035,3450
-0.11,8699
-0.0887,7187
-0.093,8076
0.0276,4459
0.0359,3972
0.0586,2406
0.601,4
-0.0681,7085
0.138,1939
0.21,720
-0.127,9075
0.0704,2050
0.0781,2401
0.0476,4285
0.118,2764
-0.0382,6027
0.21,2180
-0.0634,8097
-0.0506,6070
0.298,1919
-0.0932,8083
-0.0127,5329
0.0604,2688
-0.0706,6248
-0.354,10379
-0.0488,6092
0.0828,2321
0.0948,2674
0.0449,3099
-0.0299,6340
0.0859,1018
0.0578,3268
-0.277,10234
0.17,1632
0.335,1748
-0.218,10167
-0.101,8888
-0.377,10442
-0.183,10314
-0.0648,4812
-0.0367,5517
-0.0378,6284
0.0101,4351
-0.368,7291
-0.174,7429
0.173,3189
-0.281,8205
-0.164,7568
-0.177,6717
0.193,1270
-0.098,7614
-0.0627,7373
0.141,1470
0.0365,2726
-0.0702,8548
0.127,1603
-0.229,10019
0.668,57
0.0262,4275
0.0383,4336
-0.0262,5933
-0.293,10356
0.0697,3252
0.221,461
-0.07,6815
0.0781,1626
0.0104,4942
-0.0282,5971
-0.25,9452
0.0456,4034
0.117,2700
0.116,1316
-0.2,9624
-0.0265,5409
-0.00249,5478
-0.253,8473
-0.103,8394
-0.151,7672
-0.0808,8622
-0.0812,8034
0.148,1635
-0.0371,5561
-0.353,8875
-0.0786,7712
-0.154,8970
-0.0856,8674
0.199,864
-0.0965,7388
0.124,1230
0.316,11
-0.0758,8565
-0.272,9398
-0.0417,6156
-0.223,9078
0.126,2501
0.146,907
-0.13,8399
-0.247,9388
-0.0386,6356
0.366,447
0.0975,2711
0.328,163
-0.0835,8460
-0.222,8465
-0.276,10077
-0.264,9808
0.245,639
-0.17,9123
-0.107,9487
-0.134,8613
-0.372,9928
-0.175,7066
-0.192,9650
0.0913,3230
-0.0655,6978
0.0338,3546
-0.221,9022
0.0422,3098
-0.0205,5967
0.329,73
0.283,314
-0.183,8720
0.218,2656
-0.175,8554
-0.0222,6325
-0.0428,6694
0.485,1803
0.165,2034
-0.33,9648
0.0322,3577
-0.00782,5377
0.0254,3469
-0.0784,9018
0.205,778
0.00726,4714
0.0822,2034
0.0914,1790
0.154,1052
0.236,744
0.0339,3883
0.295,766
-0.0404,7014
0.0726,2812
-0.0743,8360
-0.0846,6923
0.094,1391
-0.116,7223
-0.261,9188
-0.213,8297
-0.0604,6782
0.0396,3468
-0.0619,6818
0.133,1323
-0.245,8921
0.00926,4610
-0.122,10289
-0.216,9972
0.168,1664
-0.097,8994
-0.126,8676
0.00299,5132
-0.00387,5395
-0.225,10347
0.0809,2932
-0.0682,5824
-0.197,7391
0.197,438
-0.013,5946
0.121,2671
0.164,1193
-0.186,8996
-0.473,9413
-0.0356,6116
-0.128,8668
-0.0729,6554
-0.0346,6059
0.0255,4219
-0.11,8840
0.0285,4094
0.261,322
0.00492,4670
0.063,3276
-0.105,6907
0.185,2842
0.287,55
-0.0436,8154
0.161,841
-0.303,9429
0.143,1055
0.144,2014
-0.0252,6295
-0.0696,7896
-0.261,8003
-0.0895,8204
0.018,4724
-0.1,7345
0.0273,4312
0.0138,4039
-0.0197,5773
0.245,124
0.0196,4563
-0.0148,5873
-0.0589,8004
-0.132,10022
-0.36,10290
-0.00799,5447
-0.0765,7564
-0.0587,6979
1.57,248
-0.0151,6059
-0.147,8866
-0.0632,7078
-0.143,8281
0.0176,4354
-0.134,9496
-0.329,10053
-0.335,9567
0.00347,4789
-0.00509,5036
-0.0754,6434
0.0865,2202
-0.0178,5724
0.114,895
0.141,1281
-0.0414,6390
-0.277,6038
-0.00592,5640
0.041,2969
0.0689,2570
0.139,1502
0.126,2725
-0.13,8865
0.196,843
0.0596,2481
0.12,1504
-0.207,9367
-0.211,9985
0.538,708
-0.372,10408
-0.0282,6015
-0.335,8059
0.126,1826
0.0954,3452
-0.163,9301
-0.142,9748
0.0619,2983
0.0964,2250
-0.0105,5348
-0.0805,7031
-0.0482,6505
0.244,1225
-0.0985,7402
0.0247,4123
0.0128,4705
0.0251,4331
-0.0648,8480
-0.0164,5966
0.0787,3054
-0.139,8308
-0.122,7002
0.134,2672
-0.0709,5970
0.0847,1321
0.127,1159
-0.0953,8090
-0.133,8743
-0.576,10090
-0.165,8359
0.0652,2031
-0.0602,6778
-0.178,8713
-0.0187,5439
-0.298,7412
0.00196,4906
-0.0539,7391
0.0967,1127
0.218,2204
0.182,1387
0.664,886
-0.0859,6628
-0.094,7549
0.0171,4532
0.0956,2149
0.263,978
-0.051,7169
-0.434,10112
-0.0175,6262
0.016,4127
-0.0909,7619
0.0122,4616
-0.184,8823
0.164,2509
-0.234,10301
0.107,1457
0.113,1094
0.0407,3069
0.0494,4088
-0.0635,7076
0.03,2912
0.596,10
-0.07,6632
0.085,3131
-0.00489,4978
-0.0485,6325
0.125,2161
0.0441,967
0.0511,3645
-0.0541,6101
0.237,1677
0.00204,4749
-0.0615,8424
0.133,2326
0.283,1645
-0.166,9375
0.211,1573
-0.0567,7020
-0.0185,5759
0.13,2023
0.0162,4426
-0.0971,7651
0.0717,3474
-0.0112,5383
-0.0355,7267
-0.0392,8023
0.00435,4906
-0.0779,7958
-0.115,6219
0.129,1617
0.0806,2113
-0.0254,6167
0.138,1025
-0.147,8040
0.056,3089
-0.0873,6457
0.0933,371
-0.075,7738
-0.293,10193
-0.124,8202
-0.0967,7576
0.326,111
-0.0995,9202
-0.0318,6781
-0.0512,5951
-0.177,8808
0.248,22
-0.0068,5198
-0.167,10380
-0.00221,5204
0.047,3823
-0.0538,7298
0.0896,3854
0.0136,4767
0.0577,3217
-0.0342,7578
0.0195,4547
-0.169,9030
0.18,1070
0.347,172
0.000904,4900
-0.00728,5317
-0.048,6083
0.116,3434
-0.18,8776
0.175,1628
-0.176,10185
0.0334,4006
-0.152,4022
-0.0448,6412
0.0116,4652
0.0188,4579
-0.0323,8110
0.317,17
0.145,2389
-0.183,9828
0.0594,2992
-0.162,9264
-0.0116,5782
-0.146,9446
0.119,2731
0.0971,2952
0.125,2345
0.175,1084
-0.0927,9581
-0.0289,6060
-0.134,8387
-0.0194,5346
-0.00339,5252
0.116,2630
-0.0194,5903
0.0533,3210
-0.105,6746
0.3,1366
-0.217,5439
-0.114,7026
-0.0642,7333
-0.0341,6178
-0.0509,6076
0.024,4502
0.095,1779
-0.136,7495
-0.0562,7339
0.029,3981
0.417,642
0.0423,4184
-0.0283,6721
-0.229,8549
-0.0332,5732
0.166,779
-0.266,7899
-0.0271,5985
2.92,35
-0.416,9803
-0.0908,9113
-0.267,4748
-0.0914,7203
-0.364,9270
0.0198,4172
-0.0383,6747
0.0799,2401
-0.539,9972
-0.184,8536
0.958,933
0.0277,4649
-0.189,8286
0.0502,3725
-0.0294,5663
-0.123,7681
-0.0365,5213
0.00501,5023
-0.0296,6806
0.00453,4868
0.0273,4509
0.118,3407
-0.101,5955
0.22,342
0.165,1472
0.036,3617
0.213,1754
-0.273,10230
0.16,3226
0.486,793
-0.0448,7239
-0.132,8995
-0.176,8635
-0.022,6226
-0.117,5677
-0.181,9717
-0.0427,7271
-0.115,8713
-0.147,5180
-0.0114,5374
-0.362,8464
-0.0981,6606
-0.112,8479
0.0183,3999
-0.0866,7406
-0.185,10107
-0.396,7906
-0.0595,7278
0.291,234
-0.132,10024
0.0362,4376
0.16,1702
-0.0696,7096
-0.141,9170
0.0979,2247
-0.0619,7969
0.0299,3805
0.199,1426
-0.236,8533
-0.12,7291
-0.0154,5727
0.0182,3669
-0.166,9530
-0.465,8867
0.0678,3546
0.098,2453
-0.199,10140
0.0548,2032
-0.0441,5720
-0.113,7713
-0.154,9483
0.0437,3991
0.0275,4441
0.136,875
0.352,560
0.00658,5038
0.056,3644
-0.31,10056
-0.114,8569
-0.2,9836
0.0207,4813
0.0107,4526
-0.327,10199
-0.0536,6383
-0.123,9790
-0.00831,5099
0.0196,4819
0.0748,3726
0.489,904
-0.112,7796
0.042,3639
0.0234,4655
-0.0631,6909
0.0187,4488
-0.0815,7261
0.497,1839
0.0895,2311
0.0622,3567
-0.199,9013
-0.055,5807
0.0197,4779
0.0901,2199
-0.211,10077
-0.0642,7896
0.124,734
-0.0852,7774
0.0626,3753
-0.0354,5734
0.0334,3322
0.0387,3590
0.0569,3649
0.133,680
0.024,4585
0.0888,2895
-0.105,9384
-0.0742,7934
-0.0799,7847
0.178,1393
-0.159,7538
0.16,1337
-0.067,7869
-0.0587,7041
-0.141,9674
-0.104,8091
0.0242,4369
0.7,160
-0.101,8643
0.0461,2832
-0.125,6144
-0.194,7583
-0.122,9175
0.167,957
0.0656,2990
-0.092,6715
-0.022,5628
-0.0691,8569
-0.0251,5596
0.058,2566
0.0191,3989
-0.178,10458
-0.0851,9675
0.0898,1726
0.136,496
-0.148,10031
-0.0205,5496
-0.0715,7144
0.0717,2599
0.143,1340
-0.111,8375
0.2,979
-0.0467,6362
0.00524,4847
0.0965,3536
0.283,363
-0.102,9118
-0.0747,6968
0.0835,3796
-0.131,7944
0.173,1158
-0.0598,7083
-0.0898,8101
-0.537,8435
-0.0539,7002
-0.156,8069
-0.139,9725
0.0596,2988
0.345,1672
0.0136,4518
-0.0962,7784
-0.0496,6161
0.253,662
-0.0927,7775
-0.0619,6574
-0.283,10237
-0.0181,5542
-0.0754,8972
-0.0374,6192
0.0111,4698
1.27,10
0.295,2188
-0.144,9267
-0.0589,6930
0.113,2268
0.0344,3702
-0.108,6488
0.46,998
-0.0351,6440
0.00455,4832
-0.0275,6857
-0.104,6619
0.0358,3887
0.112,2693
-0.127,9747
-0.052,7869
-0.101,6782
0.0174,4544
0.106,2463
-0.0646,7403
0.118,760
0.339,500
-0.14,7049
-0.00426,5253
-0.215,9084
0.0257,4212
-0.00287,5337
0.00573,4875
-0.114,7690
0.0965,2980
0.111,3229
-0.115,5988
0.0679,2132
0.0617,2349
0.0394,3733
-0.0942,6775
0.0391,4308
0.264,1765
-0.114,9135
0.265,556
-0.0185,5709
0.176,2103
0.0495,3286
0.0465,3485
-0.213,10210
-0.19,9530
0.0724,3013
0.00601,5087
-0.079,6432
0.369,883
-0.0326,6467
-0.0469,8087
0.0722,2752
0.123,2573
-0.0543,6608
-0.049,4485
-0.125,9400
-0.209,10125
-0.0873,7441
-0.00559,4853
-0.0915,6364
-0.0651,6125
-0.0759,9997
0.164,1057
-0.0117,5671
0.12,2196
0.0766,2584
-0.00641,5405
0.131,1128
0.0163,4444
-0.397,10197
-0.209,9200
-0.14,7223
0.149,2839
-0.0347,6708
0.0842,1775
0.0633,3779
-0.027,5780
0.0622,3810
-0.135,7926
-0.0542,6890
0.201,417
-0.31,10336
-0.139,8075
-0.0815,7181
0.0461,3329
-0.151,8445
-0.00986,5263
0.0967,3169
-0.0579,5197
0.332,949
0.055,2029
-0.144,9620
-0.0431,6342
-0.214,9319
-0.312,9650
-0.0964,8163
0.103,2036
-0.0266,5685
-0.264,9038
0.048,3872
-0.174,8651
0.229,246
-0.00268,5339
0.0802,2343
0.047,4171
0.128,1407
-0.00904,5360
-0.282,7458
0.0543,2622
-0.042,6655
-0.0512,6728
-0.0181,5725
0.0304,4281
-0.271,8350
0.227,1925
0.0381,3715
-0.382,9373
-0.0316,6213
-0.136,6726
0.0572,3776
-0.142,9841
-0.217,9299
-0.0113,5497
0.0607,3676
0.0376,4328
-0.473,8692
0.0499,2818
-0.0658,7950
0.072,3310
0.28,1603
-0.429,9364
-0.0911,7783
0.0123,4315
-0.0129,5683
-0.00463,5130
0.154,1934
-0.664,7897
-0.102,8789
0.0142,4641
0.117,2499
0.0922,2184
0.131,2381
-0.0898,7692
-0.0848,8073
-0.00322,5317
-0.0649,6698
0.0598,3685
-0.0966,9200
0.12,1342
0.0166,4527
0.0806,2819
0.0645,3227
-0.0654,6707
-0.198,9453
-0.0409,5643
0.0254,4489
-0.232,10371
-0.129,6160
-0.0531,6584
-0.176,10236
-0.00292,5112
-0.194,9871
-0.0134,6071
-0.0128,5592
0.118,3176
0.0617,3656
-0.0296,5601
0.0286,3571
-0.0858,7533
0.33,364
-0.18,9138
-0.317,7594
0.761,1153
0.173,2064
0.17,1387
-0.315,9951
-0.0372,5054
-0.174,9187
-0.233,9508
0.204,208
0.0658,1022
-0.037,5519
-0.11,8680
0.0623,4239
0.0218,4266
0.0989,2051
-0.0114,5372
-0.319,10303
0.796,5
0.223,1041
0.346,110
-0.089,9136
-0.091,8379
0.0805,3487
-0.173,8532
0.0871,2693
-0.285,8051
-0.119,7224
-0.038,6850
-0.085,7154
0.311,455
-0.14,6191
-0.0644,6814
-0.0445,7017
-0.00813,5738
0.0526,2814
-0.0736,7795
-0.0364,6585
0.0652,3110
-0.0762,8147
0.0277,3988
0.159,1525
0.116,3211
0.641,515
0.125,1656
-0.174,9633
-0.108,8316
0.00635,4964
-0.219,8967
-0.0242,6249
0.0774,3701
0.183,525
0.081,2161
-0.124,7636
0.0276,3727
-0.437,10394
0.505,479
-0.0554,7977
0.0969,891
-0.0911,7882
-0.223,9620
-0.328,10199
0.0557,3726
-0.0879,9693
0.0623,2674
-0.153,8944
-0.0816,6691
0.25,2565
0.0867,3124
-0.133,9738
-0.125,9883
-0.183,4487
-0.158,6459
-0.0718,6914
-0.189,6406
-0.0623,6799
0.1,1191
-0.101,5059
-0.0334,6369
0.0639,3698
-0.231,9920
0.0371,3378
-0.0503,6612
-0.0843,7121
0.023,3671
0.0777,3755
0.129,2009
-0.171,8683
0.026,3791
0.143,1992
-0.163,8341
0.231,500
-0.217,7852
0.0987,2288
0.0648,2574
-0.162,8936
0.127,2488
0.152,1702
-0.112,6304
-0.0192,5778
-0.143,9477
0.085,3870
-0.662,8876
-0.131,9099
0.279,987
-0.0653,6169
-0.05,5871
-0.0917,6242
-0.0502,6854
0.237,210
0.296,1235
-0.364,10224
0.247,2554
-0.0764,5620
0.103,1040
-0.077,8435
0.054,3658
-0.232,10270
-0.0943,8227
-0.165,9430
0.00517,4870
0.194,467
-0.0694,6546
-0.382,9257
0.318,1272
0.176,979
-0.0714,7573
0.0722,2045
-0.235,9182
0.0695,3198
-0.237,9854
-0.0198,5178
-0.0362,5979
-0.0844,7723
0.752,680
-0.0982,6597
0.0288,4451
-0.169,8495
0.024,4324
0.0578,2529
-0.287,5203
0.15,2811
0.0906,3361
-0.0713,9202
0.123,447
0.0358,3059
-0.145,3736
-0.243,6269
0.524,479
0.0148,4871
-0.06,6191
-0.0642,4028
0.303,2214
-0.454,6806
-0.329,8490
-0.475,6717
-0.0754,6545
-0.0923,6363
0.0181,4214
-0.177,10424
-0.467,7773
-0.161,6319
-0.354,7315
-0.205,5851
-0.144,7477
-0.04,6878
0.0688,3696
0.00635,4825
0.0502,3821
0.0607,2989
0.0464,3534
-0.42,10293
0.0794,2793
-0.0722,6667
0.0251,3423
-0.0111,5709
-0.147,9299
-0.12,8301
-0.0643,7529
-0.0333,6213
0.0153,4647
-0.0527,7451
0.0092,4735
0.00497,3264
-0.466,9593
0.0935,3505
0.127,2965
-0.294,10305
-0.127,8119
-0.296,5447
0.171,1982
-0.118,7934
-0.362,10177
-0.0563,8318
-0.172,7843
-0.456,7842
-0.113,6626
0.0351,2840
-0.0131,6946
-0.145,8392
-0.181,9197
-0.0205,5343
-0.163,9545
-0.0261,5930
-0.158,8605
-0.00486,5044
-0.326,9846
0.000981,4958
-0.0248,5195
0.0207,4599
0.0756,1235
-0.0921,6624
-0.122,7790
0.132,2968
-0.0567,7695
-0.0806,8294
-0.165,8861
-0.162,9421
0.0662,2996
0.6,183
0.402,298
-0.29,9146
0.000462,4985
-0.279,9585
0.137,2619
0.022,4576
-0.112,8785
-0.133,10005
-0.0241,6034
-0.127,5301
0.287,1651
0.103,1621
0.129,3124
-0.0278,6439
0.218,1688
-0.221,8621
0.244,1079
-0.0177,5207
0.153,1933
-0.0068,5302
0.752,668
-0.214,8651
-0.0456,6156
-0.0695,6936
-0.0522,8397
0.0525,2760
0.182,1354
-0.364,8027
-0.171,8941
0.0261,4544
0.00113,5210
-0.104,8360
0.00626,5019
0.13,1201
-0.192,6787
-0.195,9455
0.033,4032
0.0489,3753
0.0421,2800
-0.0378,6542
0.232,187
-0.249,9323
-0.178,8667
-0.0461,7010
0.103,1644
0.0888,2172
-0.131,8807
0.175,1235
-0.028,5764
0.0113,4632
0.216,420
-0.0374,5947
0.138,2063
0.182,1450
-0.0764,7796
0.0589,3273
0.0173,3815
-0.155,9562
-0.00076,5179
0.0861,1660
0.204,728
-0.0669,8056
-0.258,9420
-0.118,8135
-0.124,9937
-0.387,8787
0.0319,3681
-0.154,8956
-0.126,8801
0.572,423
-0.0801,6271
0.228,1274
0.077,2697
0.0352,3818
0.0172,4412
0.026,4204
0.0551,3448
-0.316,10159
-0.147,9480
-0.0785,7787
-0.346,9432
0.127,1254
0.376,149
0.00766,4800
-0.373,10400
-0.116,9860
0.000149,5355
0.424,14
0.0315,3676
0.137,2866
0.034,3793
-0.04,6685
0.321,948
-0.0377,5672
0.114,3568
0.181,718
-0.19,8237
0.0484,3763
0.0442,3782
-0.16,7716
0.187,2243
-0.118,8524
0.085,1831
0.142,1012
0.489,47
0.0644,2804
-0.0927,8661
-0.00749,5410
0.0834,2544
0.0762,3062
0.103,2998
-0.161,9702
0.0366,4046
-0.0987,8715
-0.0452,6295
-0.149,8531
-0.0387,6033
-0.0274,6146
-0.0726,6872
-0.0119,5246
-0.0342,7527
0.0539,1370
-0.0798,7116
-0.0854,7138
-0.0255,5951
0.0335,4372
-0.108,8779
-0.1,7659
0.0832,3184
-0.154,8235
0.0385,3707
-0.144,8546
-0.0414,6441
0.139,1606
-0.0299,5736
0.129,2562
-0.358,7866
-0.19,8572
-0.398,10252
-0.0639,8211
-0.214,8577
0.957,1213
0.0841,2685
0.172,1063
-0.0363,7452
-0.0911,9866
-0.243,7969
-0.0356,7204
-0.0111,5650
-0.0538,7270
-0.0337,6904
-0.218,10213
0.226,684
0.0323,4509
-0.0815,8703
-0.197,8822
0.093,1871
0.108,696
0.0271,4371
0.112,2160
-0.054,6202
-0.0882,8724
-0.0381,5537
-0.108,8551
0.00173,4986
0.0695,2807
-0.259,7781
0.0179,4454
0.066,2777
-0.0465,6358
-0.0895,7524
0.096,2845
0.1,3189
-0.00782,5299
-0.0655,7690
0.101,1226
-0.0624,6063
0.163,1813
-0.0212,5813
-0.151,9559
-0.0112,5989
0.126,1612
-0.01,5544
0.0495,3740
0.229,807
0.282,648
0.0382,3551
-0.0125,5460
-0.166,9372
0.0191,4432
0.298,1666
-0.364,8733
-0.0568,7007
-0.0797,8531
0.0688,2797
0.0793,2737
-0.0928,6965
-0.0666,7128
0.265,197
0.0618,1400
-0.174,8262
0.221,855
-0.0332,5239
0.0497,3230
0.131,1330
0.0828,2379
-0.00582,5197
0.0373,4081
-0.0214,5434
-0.189,7130
0.168,1006
-0.0287,6195
0.0132,4550
-0.0014,5239
-0.147,8817
0.0157,4683
-0.0133,5953
0.0475,3012
0.0933,2758
-0.0816,8227
0.115,2010
-0.216,10002
-0.127,9557
-0.0851,7709
0.0502,3310
-0.106,8918
0.292,807
-0.0559,7394
-0.0831,7332
0.0124,4654
-0.0827,8063
-0.259,7899
0.537,103
-0.0846,9743
0.0517,3029
0.00801,4761
-0.0335,5850
-0.189,6630
-0.0116,5203
-0.0466,7791
0.0715,2168
0.128,1979
0.00712,5032
0.106,1573
-0.212,8455
-0.0651,7349
-0.0295,5627
-0.078,7572
0.0871,3320
-0.354,9969
-0.409,9183
-0.000678,5273
0.0487,3191
0.0964,2628
-0.217,9851
-0.116,6979
0.0172,4403
-0.0422,7074
0.0371,3531
-0.191,8733
0.0246,4323
0.00395,4732
0.444,1186
0.0868,2864
0.167,1619
0.179,2550
-0.144,9067
-0.0325,6280
0.302,1861
-0.211,8902
-0.104,7285
-0.136,6012
0.179,833
0.0473,4120
-0.0371,5759
0.302,151
0.124,2952
0.203,792
-0.0955,7311
-0.284,10114
-0.226,9217
-0.0853,7002
-0.166,8549
0.0664,3870
-0.0207,5561
-0.0431,5819
0.304,919
-0.15,9753
-0.0979,9206
-0.00308,5129
-0.0386,5539
0.129,745
0.178,1421
0.143,2556
-0.0318,6415
0.101,3686
0.0106,4975
0.0232,4377
-0.307,10078
0.121,443
0.0146,4466
-0.0182,5544
0.203,557
0.0667,4066
-0.0452,5730
0.0827,3189
-0.156,10331
-0.156,9557
-0.0403,5710
0.0599,3875
0.0554,3793
-0.2,10290
-0.0258,6793
0.11,2116
0.000918,4995
0.0999,2889
0.0548,3000
0.334,228
0.177,777
0.217,2530
0.869,338
0.656,420
-0.16,9651
-0.00253,5520
0.162,2200
0.365,785
0.111,3020
-0.598,9733
-0.0707,9306
0.0398,3830
-0.264,8501
0.00726,4787
-0.345,9585
0.16,1621
0.0292,4009
-0.0182,6040
-0.102,7947
-0.0477,6267
0.257,1207
-0.176,8044
-0.026,5736
0.159,1600
-0.144,4765
0.208,220
-0.053,7039
-0.159,8755
-0.0686,8509
-0.0438,7652
-0.183,9067
-0.315,9612
0.563,1142
0.295,25
-0.115,7511
0.217,971
0.101,2927
0.119,1581
-0.118,8296
-0.27,9931
0.0559,3146
0.0254,4141
0.0527,3893
0.0649,2647
0.111,1460
0.0922,3721
0.0698,2399
-0.0125,6331
-0.0236,4372
0.039,3743
-0.0856,6290
-0.04,6064
-0.205,10360
0.0237,4425
-0.0107,5453
-0.0224,5366
-0.0208,6631
-0.00686,5517
-0.181,9180
-0.21,7963
0.0761,3883
-0.148,8594
0.138,2799
0.207,1224
0.246,410
0.115,963
0.0761,2218
-0.158,9009
0.101,2192
0.135,12
-0.109,8963
-0.0819,6299
-0.0791,6520
-0.368,5964
-0.0266,5627
-0.105,7973
0.189,2673
0.202,999
-0.111,7298
0.137,2802
-0.14,7123
0.103,1985
-0.259,7624
0.00587,4849
-0.153,8046
-0.0243,5592
0.272,1947
0.144,1568
0.141,626
0.162,715
-0.05,6500
-0.114,9134
0.411,111
0.125,1871
-0.0755,6966
-0.0337,6105
-0.0404,6411
-0.11,7911
0.179,1979
-0.358,6964
0.0454,4064
0.077,2876
-0.00769,5236
-0.18,9201
0.0349,4227
-0.00422,5278
-0.0565,7739
-0.0169,8172
-0.22,9565
-0.108,6554
-0.255,9191
-0.142,8860
-0.166,9347
-0.0849,8161
0.024,3722
0.179,409
0.22,1493
0.0704,3130
-0.0366,7008
-0.0085,5193
0.254,171
-0.0415,6471
0.0505,3698
0.124,1917
0.0419,1934
0.0605,2198
0.102,2256
-0.103,9488
-0.233,10353
-0.0164,5539
-0.0701,7021
-0.00431,5259
-0.296,9612
-0.263,10101
0.178,401
-0.11,8082
-0.156,9365
0.0192,4529
0.146,1848
0.0933,2794
0.00117,5012
0.103,1832
0.416,646
-0.496,8576
-0.0564,5956
-0.245,10392
-0.00154,5320
0.0074,4882
0.281,2244
-0.344,9836
-0.103,6603
0.018,4468
-0.135,9664
-0.107,8729
-0.0119,5666
0.146,1113
0.0502,3595
0.16,1936
-0.0515,7279
-0.0651,9182
0.0702,3765
0.0562,3741
0.195,816
0.0625,4245
0.0271,4194
0.0561,3196
-0.0306,5742
0.0376,4042
-0.12,6598
0.0518,2889
-0.0663,7863
-0.0797,7601
-0.0128,5517
0.206,1711
0.168,1488
0.034,4034
0.0699,3127
0.0819,2469
-0.2,9451
0.0138,4630
-0.0818,7688
-0.11,9279
0.035,3777
0.0471,3423
-0.00713,5193
-0.0677,5728
0.145,1127
-0.0026,4964
-0.183,9438
0.0219,3839
-0.0612,8451
0.197,803
0.341,180
0.0291,3746
-0.331,9802
-0.0165,5808
-0.0132,5491
-0.0845,7664
-0.00258,5114
-0.215,10131
-0.237,8311
-0.0923,8636
0.221,1826
-0.0603,6884
-0.125,8548
-0.0552,7720
0.107,1115
0.276,501
-0.0425,6737
-0.109,8112
-0.0224,6803
-0.239,9585
0.00539,4875
-0.209,9200
-0.00956,5470
0.211,672
0.234,1966
0.491,99
-0.245,10014
-0.0618,6645
-0.03,5763
-0.473,8972
0.0667,3237
-0.00633,5498
0.00332,4999
-0.198,9351
0.00253,4846
0.199,791
0.1,2168
-0.148,7904
-0.0518,7101
-0.00989,5379
-0.01,4981
0.0987,3336
0.14,1124
-0.00561,5482
-0.0683,7205
0.374,100
0.0386,3716
-0.0467,5891
0.107,2867
-0.149,9584
0.00978,4486
0.309,1151
0.173,1916
-0.2,9548
0.0784,2439
0.0342,3941
0.286,418
0.026,4259
-0.283,10215
-0.165,8811
0.215,1103
-0.000756,5268
0.235,336
-0.234,9526
-0.0576,7452
-0.139,7363
0.0527,4016
0.0279,4328
-0.0338,6336
-0.108,5324
-0.233,9097
-0.23,9078
-0.155,9710
0.198,1466
-0.0201,5764
-0.122,8247
0.0974,2228
-0.133,8701
-0.116,7315
-0.0555,8013
0.0291,3782
-0.143,8648
-0.324,9817
0.0981,3404
0.112,1895
-0.125,9589
-0.117,8539
0.165,926
0.289,630
-0.0394,6529
-0.123,8308
-0.11,8290
-0.0679,7970
0.175,2528
-0.19,8715
0.238,269
0.646,182
-0.0638,7869
-0.0125,5422
-0.0335,6220
0.0229,4190
0.0388,3584
0.197,660
0.0848,2111
-0.185,9769
0.126,1445
0.0857,3232
0.274,1641
0.182,176
-0.0608,5470
-0.0284,6216
-0.0227,5693
-0.182,8877
0.642,86
0.343,1036
0.0907,2247
-0.0626,7461
-0.0593,5318
-0.0539,6380
0.0268,3943
-0.00841,5245
-0.0143,6067
-0.00763,5615
0.0261,4458
-0.162,7608
-0.164,9012
-0.174,8579
0.0849,2185
-0.0159,5849
0.018,4477
-0.00862,5183
0.122,3241
-0.00559,5362
-0.22,9707
0.0643,2280
0.0644,3651
-0.0191,5809
-0.0696,5659
-0.0515,5979
0.0144,4304
0.0976,2047
0.0806,2117
0.0405,3696
-0.0498,7901
0.16,790
-0.0607,7383
-0.144,9138
-0.0499,6627
-0.0705,5782
-0.0998,6761
0.0858,2466
-0.0236,6372
-0.0133,5677
-0.069,9187
-0.0566,6067
0.282,215
-0.0546,7242
0.233,703
-0.0547,7470
0.386,1591
0.352,672
0.0636,3412
-0.351,9591
0.0417,4062
-0.044,5889
-0.276,9541
-0.0288,7035
-0.0406,6385
-0.131,7078
-0.0447,7879
-0.136,10417
-0.105,7750
0.432,785
-0.0324,6106
-0.168,9765
0.0514,3159
-0.122,9144
0.0165,4564
-0.0437,5953
0.434,1469
-0.0233,5369
0.114,2629
0.0258,4105
0.251,237
0.11,2293
0.0763,2792
-0.0517,6915
0.0986,1025
-0.0353,7519
0.213,2135
0.234,432
-0.109,7510
-0.0913,7983
0.183,219
-0.0943,8444
-0.0693,7139
0.147,2127
-0.177,6863
0.506,591
-0.103,8050
-0.0165,6534
0.0768,3016
0.0746,2391
0.156,1351
-0.228,9169
-0.245,9856
-0.0905,8170
0.439,309
0.00159,5099
-0.159,8616
-0.0178,5775
0.0553,2900
-0.0365,6702
0.171,764
-0.0293,5886
0.106,2616
0.000185,4934
-0.188,10363
0.0373,3224
-0.129,7642
0.139,2190
0.31,1303
-0.22,10202
0.0245,3969
0.0263,4023
0.278,470
0.133,1721
0.0157,4545
-0.455,9917
0.037,4354
0.0288,3893
-0.0939,8312
0.0103,4896
0.0182,4385
0.0141,3822
0.188,78
-0.0409,6900
-0.0653,7976
0.0741,3879
-0.046,6204
0.0151,4351
-0.048,5839
-0.117,8568
-0.0585,6527
-0.0737,7706
-0.0838,6739
0.171,2630
-0.023,5899
-0.0289,7306
-0.0848,7400
-0.263,10068
-0.204,8160
0.0386,3902
0.0612,3737
0.00691,4810
0.00887,4877
-0.0705,6773
-0.0958,6654
0.057,3921
0.265,115
0.0233,4239
-0.102,6979
0.461,423
-0.199,9692
-0.0966,8827
0.167,2478
-0.0639,7530
-0.0524,6634
-0.0573,6984
-0.143,9277
-0.0835,7065
-0.0305,5965
0.0656,2905
0.0484,3806
-0.0808,6653
-0.0362,5907
0.267,850
0.0186,4201
-0.0108,5159
0.572,659
0.253,701
0.0169,4424
0.0411,3725
0.0251,3644
0.0711,2072
0.00929,4721
-0.0104,5209
0.158,1785
-0.106,7640
0.0491,1903
-0.0634,7560
-0.205,8141
0.273,551
0.0195,4551
-0.132,8513
-0.053,6622
-0.00749,5522
-0.0631,7236
-0.0489,5401
0.506,164
-0.0477,6220
-0.0202,5596
-0.0241,6079
-0.0593,6985
-0.0136,5022
-0.133,7706
-0.0193,5779
0.101,2690
-0.0298,6502
0.000599,5015
0.0315,4070
0.0501,3940
0.187,684
0.0638,2669
-0.0888,8910
-0.0175,5556
-0.0702,6676
-0.288,9623
-0.036,5749
-0.0302,6878
-0.0215,5831
0.0251,3773
-0.218,8800
0.376,665
0.0926,3237
-0.0673,7667
0.0206,4500
0.0578,3605
0.0213,4316
-0.277,8472
0.0777,2035
-0.1,9040
-0.066,7493
-0.192,9166
-0.0185,5925
0.296,758
-0.15,8562
-0.0598,7424
0.0495,2015
-0.0488,6386
0.029,4006
-0.0626,6824
0.139,2853
0.0731,1912
-0.0119,5792
0.0494,3286
-0.147,8856
0.273,1486
0.101,3599
-0.0011,4727
0.147,432
-0.0384,5745
0.035,4012
0.0867,3009
0.26,1865
-0.0217,6490
0.14,994
0.042,4287
0.0108,4614
-0.148,8799
0.17,873
-0.0438,7837
0.0895,1750
0.102,2780
-0.171,8605
-0.228,8643
-0.0633,6897
-0.0578,9889
0.113,896
-0.254,9806
0.152,1094
-0.267,6903
0.271,1634
-0.0728,6844
-0.0594,7095
0.178,933
0.278,658
0.0522,3262
0.0424,4260
0.0258,4008
-0.0182,5937
-0.132,8905
-0.149,7648
0.216,1987
-0.198,9123
-0.114,8288
-0.233,5757
-0.154,8544
-0.108,7848
-0.0612,6984
-0.102,8096
-0.0484,7164
-0.0882,7949
-0.244,10206
-0.0203,5591
-0.174,9276
0.286,626
-0.198,9342
-0.000444,5151
-0.0286,6424
0.457,797
-0.0416,5216
-0.301,9661
0.13,963
0.0564,1735
0.0489,3700
0.00958,4703
-0.0478,5730
-0.155,9885
-0.374,10320
0.279,1204
-0.101,8178
-0.0139,5299
0.0305,3443
0.0611,2742
-0.033,7199
-0.129,10000
-0.165,9059
-0.017,4922
-0.0228,5118
0.118,2614
0.288,1454
0.252,1990
-0.285,9674
-0.186,7947
0.144,547
0.0018,4842
0.0408,4239
0.076,3317
-0.195,8092
0.00758,4720
0.15,1489
0.0124,4882
0.0216,3802
-0.158,10014
-0.0748,7871
0.0544,3087
-0.0883,8715
-0.116,9242
0.0651,3976
-0.279,7050
-0.212,9101
-0.343,10242
-0.0457,7040
0.186,640
-0.0977,6405
-0.0406,5610
0.117,2950
0.000108,5045
-0.062,9051
0.00902,5176
-0.277,9486
-0.0318,6688
0.0593,4136
-0.065,7300
-0.0493,6791
-0.101,7716
-0.195,9387
-0.0921,9163
-0.223,8594
-0.223,7403
-0.0307,7014
0.101,1791
-0.0699,6687
-0.133,7458
0.137,1158
-0.0107,4718
0.0907,1449
-0.0227,5886
0.0611,3362
-0.0993,7810
-0.135,8617
0.0151,4738
-0.116,9210
0.0649,2823
-0.0455,5889
-0.157,9612
-0.18,9007
-0.154,8611
-0.00933,5471
-0.028,6262
0.0987,2218
0.0212,4466
0.121,2937
-0.2,7783
-0.0356,5913
-0.197,8756
0.196,1232
-0.1,6374
0.0206,4474
0.0884,3087
0.0857,1216
0.366,2227
-0.084,6281
0.112,550
0.0136,4810
0.0832,1753
0.021,3933
-0.209,9627
-0.237,9441
0.202,1687
-0.108,7382
0.0769,1829
0.0924,1941
-0.0531,7269
-0.462,8009
-0.0319,5709
0.0332,4518
-0.0886,7989
0.0593,2526
0.181,1583
0.0704,3539
-0.202,9399
0.0139,4780
-0.155,8175
-0.112,9574
0.282,945
-0.0538,6187
-0.128,7641
-0.247,8973
-0.000927,4989
-0.00381,5431
0.268,830
-0.0168,5644
0.0467,3976
-0.25,9909
0.221,286
0.0782,3186
-0.0523,6742
-0.101,7092
0.171,1988
0.109,1497
-0.0282,5963
-0.0576,7170
0.0264,4068
-0.0102,5614
-0.189,9124
0.0812,1972
0.0634,2806
0.0635,3079
-0.025,5509
-0.152,9028
-0.281,8590
-0.224,9394
0.259,194
-0.118,8413
0.205,443
-0.00985,5505
0.0747,3382
-0.127,8470
0.0943,1212
0.388,12
-0.0952,8506
0.0525,3470
0.065,2671
-0.00197,4812
-0.136,10182
-0.139,8794
-0.323,8664
0.16,2130
-0.0261,5291
0.0743,3874
-0.103,9415
-0.138,8273
-0.153,10201
-0.0798,6276
0.197,1846
-0.178,9476
0.17,1657
0.101,1459
-0.0792,7606
-0.113,7938
0.303,2571
-0.009,5615
-0.00433,5445
0.0141,4505
0.379,37
0.083,3328
-0.242,9327
0.0588,4399
0.0704,1621
-0.0523,6435
-0.199,8774
0.507,161
-0.0145,6056
-0.0367,6552
-0.077,7748
0.0319,3804
0.135,1344
-0.125,8945
-0.258,8664
0.148,1666
-0.331,9902
-0.209,8744
-0.289,6190
-0.204,8672
-0.0655,7640
0.0418,3988
0.161,1810
-0.223,8152
0.0374,2470
0.0769,3068
-0.129,9093
0.0493,1686
-0.0729,6790
-0.0871,8204
0.222,1656
0.028,4277
-0.113,10101
-0.113,8607
-0.0213,5531
-0.28,8578
-0.0586,5814
0.0514,3451
-0.0741,7583
0.102,1433
-0.032,3606
0.082,2966
-0.0938,6506
-0.225,9777
0.0198,4110
-0.0268,6505
-0.183,4816
-0.121,6814
0.198,1145
-0.12,8158
-0.0225,6483
0.0789,2035
-0.0069,5364
-0.122,9063
-0.0815,7628
-0.0156,5838
-0.0231,6099
-0.149,9829
-0.2,8991
0.015,4507
-0.0107,4974
0.162,2656
0.0841,2980
-0.067,9079
-0.0906,7743
-0.0596,8591
-0.185,7965
0.128,2531
0.0041,4897
-0.0238,6435
0.234,372
-0.166,8236
-0.0836,6160
0.0412,3925
0.00462,4876
-0.133,9931
-0.121,8682
0.201,792
-0.135,8672
0.0915,2436
0.13,1205
-0.111,8573
0.112,2263
0.0153,4531
0.106,1512
-0.291,9588
-0.0161,6079
-0.14,9172
-0.19,9731
-0.00278,5123
0.0599,3475
0.0851,3551
0.0647,2549
-0.0564,6828
-0.0242,5830
-0.0697,7594
0.0272,4019
0.0502,3210
-0.171,9593
-0.0584,7450
-0.243,8218
-0.133,8958
-0.168,9200
0.213,1723
-0.0772,7070
0.0785,2229
-0.0894,7825
-0.0194,5861
-0.164,7038
-0.0518,7299
0.0658,3302
-0.105,8424
-0.155,8565
0.329,421
0.249,999
0.0409,3772
0.0257,4060
-0.0814,6776
-0.0766,7110
-0.0181,5480
0.0662,2603
0.016,4725
-0.0111,5612
-0.02,5705
-0.0223,5293
0.377,1013
0.143,2459
-0.258,10171
0.0298,4360
-0.031,5309
-0.0982,8327
0.192,1589
0.417,600
0.0766,1409
-0.0527,6508
-0.2,9065
0.198,1970
-0.289,9929
-0.088,7522
-0.0568,7410
-0.0272,6325
-0.115,7742
-0.205,9226
-0.0784,7051
-0.123,8883
-0.108,7702
0.0134,4520
0.348,383
-0.0389,5630
0.0978,2575
-0.182,9566
-0.218,9165
0.044,3702
0.000399,4906
0.127,2446
0.131,2657
-0.107,7668
-0.208,10325
-0.0014,5105
0.107,1744
-0.144,9088
0.0299,3756
-0.0718,8179
-0.0635,8007
-0.0837,8234
0.0276,3890
0.00469,4893
-0.00403,5299
0.14,1955
-0.0406,7106
0.127,578
-0.0979,7603
0.0918,3506
0.0473,4270
0.101,2776
-0.104,8056
0.0256,3010
0.0316,4182
-0.238,9766
0.0395,3749
0.254,1452
0.12,2853
0.124,842
-0.203,9932
0.0994,2265
0.0156,4660
0.252,430
0.0154,4141
-0.214,9890
0.099,2556
-0.0506,6199
-0.0177,6113
-0.133,7369
0.0773,1275
-0.104,9792
-0.154,7479
0.126,2783
-0.454,10299
-0.283,8584
-0.023,5999
-0.154,9035
0.199,1607
0.338,85
0.385,255
-0.195,8885
0.0392,3130
-0.0596,7464
0.0318,4014
-0.0498,7094
0.306,1028
-0.325,7725
0.441,53
0.0878,1886
0.207,635
0.127,1974
0.106,3086
0.0854,1816
-0.000683,5149
-0.0277,5883
0.097,2371
0.0302,4051
-0.054,6569
-0.392,8348
-0.00765,5512
-0.0169,5777
-0.0202,4294
0.293,2203
-0.202,9660
-0.0728,6113
-0.0324,5878
-0.036,6421
-0.016,5327
0.0207,4473
0.0282,4199
-0.267,10300
0.145,1167
-0.0475,8396
-0.144,8717
0.0375,3974
0.114,2819
0.0966,2468
0.0134,4371
-0.096,8366
0.514,599
-0.228,9105
0.339,328
-0.11,8500
0.0695,2787
0.0401,3882
-0.145,8450
-0.0252,5722
-0.0935,5772
-0.0108,5458
-0.225,8354
-0.0239,6311
-0.0158,5553
-0.255,9663
-0.0785,7741
0.0994,2263
-0.0204,6048
-0.0223,5166
-0.0301,6108
0.12,2610
-0.0672,6255
-0.221,9378
0.2,696
0.00676,4775
-0.0988,7048
0.248,689
-0.0428,6968
0.0247,4291
0.136,909
0.0654,2955
-0.0102,5629
-0.0195,5735
-0.0338,6921
0.21,170
-0.0901,8845
0.126,910
-0.0999,9527
-0.0194,5196
-0.0635,8839
-0.135,8433
-0.244,10232
0.199,1336
0.314,255
-0.0762,6636
-0.0303,6280
0.0348,3839
-0.111,9457
-0.0288,6665
-0.0547,6384
0.173,1330
-0.155,7774
-0.206,7682
-0.118,10007
-0.0701,8925
0.189,852
-0.269,9972
0.0304,3729
0.0245,4412
0.226,118
0.105,2481
0.611,966
0.0373,4580
0.0442,4181
-0.125,6669
0.69,249
0.0465,3535
-0.0649,4818
0.0796,3208
-0.355,9707
-0.731,9601
0.184,1808
-0.0622,6601
-0.205,8902
0.119,3025
0.0501,3011
0.0909,2336
-0.0279,5629
-0.0202,5485
-0.363,9180
0.0233,4359
0.0473,3000
0.0912,2375
-0.0682,7419
-0.176,9924
-0.0808,6571
0.0996,2278
0.011,4481
0.228,420
-0.251,9744
0.241,1843
-0.111,9338
0.0253,3543
0.236,880
-0.363,10108
-0.000771,5260
-0.229,8698
0.275,1662
0.0254,2664
0.00177,4983
0.241,852
0.11,2711
0.0894,2467
-0.141,8021
0.11,2366
0.135,767
-0.0517,6825
0.0547,3542
-0.177,10193
-0.0109,5195
-0.018,5692
0.154,525
-0.037,6951
-0.0665,7259
0.313,777
0.00705,4782
0.0604,3850
0.362,196
-0.0935,9219
-0.0534,6693
-0.258,8890
0.0828,2439
0.0413,3725
-0.0739,7767
-0.0144,5833
0.149,886
-0.0996,7047
-0.0113,5389
-0.268,9785
0.169,846
0.215,12
-0.0563,7280
-0.0652,7716
0.0961,3442
-0.263,8441
0.0809,2013
-0.093,7768
0.0949,2572
-0.189,9832
0.0901,2832
0.00972,4656
-0.333,9725
-0.0136,5329
-0.0803,7319
0.0311,4206
0.0813,3866
0.0257,4305
-0.109,9497
-0.0738,8541
-0.0622,6199
-0.0697,6853
-0.0634,6916
-0.0101,5626
0.096,2243
-0.254,10463
0.0235,4138
0.182,982
-0.00509,4948
-0.137,7339
-0.217,9563
-0.0634,7648
-0.0455,6029
0.0822,2324
-0.285,8476
0.102,3529
0.183,630
0.185,225
-0.148,9061
-0.00809,5395
0.164,1438
-0.137,8417
-0.118,7029
0.0613,2652
0.0579,3311
-0.0601,6482
-0.168,9217
-0.0651,6386
0.244,518
0.291,237
0.185,1141
-0.109,8091
-0.0247,5349
-0.123,7460
0.0504,2063
0.0848,3632
0.063,3601
0.0451,3527
-0.0918,6824
0.643,320
-0.00178,5162
0.0257,3909
-0.354,10277
-0.0896,6407
-0.145,8058
-0.0876,5904
-0.115,8832
-0.149,9755
0.0899,2640
0.00904,4836
-0.371,10184
0.136,1436
0.568,12
-0.00302,4914
-0.0956,7391
-0.343,10259
-0.135,8471
-0.216,10362
-0.132,8302
-0.245,9673
0.00193,5124
-0.0655,5990
0.0967,2836
-0.236,9971
-0.141,6789
-0.146,10297
-0.0396,6996
-0.00753,5520
0.0591,4199
-0.11,6871
-0.0628,7420
-0.103,9477
-0.421,9712
-0.0124,5785
0.135,2031
-0.132,8353
-0.0628,6322
-0.0247,7726
0.0229,4168
0.366,508
-0.22,8149
-0.0628,5982
-0.131,9453
0.0594,688
0.266,95
0.278,349
-0.0694,7260
0.187,559
-0.0706,7405
-0.137,9135
-0.207,8108
-0.0595,6945
0.176,1600
0.138,1823
0.00792,4838
-0.0474,7569
-0.109,8171
0.198,1502
0.119,1553
0.065,3279
0.269,684
0.00367,4851
-0.173,9540
-0.00755,5069
0.0285,4540
0.00973,4686
-0.065,9047
0.079,1081
-0.0304,5750
0.0836,2980
0.114,1449
0.099,2110
-0.118,9858
-0.00381,5476
-0.053,6213
0.0948,2750
0.0448,3923
0.303,483
0.0226,4518
-0.118,9559
0.165,1321
0.196,1849
-0.342,8976
-0.0514,6346
-0.196,9845
0.022,3730
0.0256,4305
-0.00809,5358
0.214,1328
0.271,394
-0.0257,6178
0.0339,3904
-0.389,7637
-0.0966,7510
-0.042,6583
-0.256,9304
0.0546,3098
-0.0595,7678
0.358,187
-0.239,9167
-0.0343,5935
-0.0526,6693
0.093,1801
0.0276,3796
0.341,943
0.307,874
-0.166,9358
-0.434,6265
0.0245,3769
0.0669,2863
-0.314,7400
0.0255,4499
0.0044,5058
-0.366,9006
0.246,817
-0.219,10104
-0.0761,8230
0.0272,3973
-0.122,8075
0.0109,4561
-0.0768,7339
0.0839,3081
0.0637,3463
-0.0791,7570
-0.0378,5651
-0.113,7532
0.0173,4406
0.0241,4250
0.118,2511
-0.0666,7894
-0.144,7581
0.46,720
-0.0149,5680
0.00763,4824
0.105,2573
-0.159,7677
-0.0551,6336
-0.0337,7216
0.00573,4832
-0.0447,7263
-0.044,6571
0.184,2211
0.0373,3554
0.096,3410
0.0567,3100
0.117,2317
0.0132,4542
0.151,2510
0.0762,2686
-0.0173,5673
0.637,84
-0.13,8002
-0.0648,7376
0.598,859
0.14,1778
-0.452,7547
0.0517,3125
-0.157,10380
0.277,487
-0.184,9498
-0.00521,5265
-0.211,4914
-0.0327,7087
0.891,378
-0.0432,6452
0.0323,3704
-0.275,5156
-0.19,7762
0.0063,4988
0.0438,3593
0.266,293
-0.0416,6598
-0.0872,8693
-0.0585,6515
-0.123,8862
0.046,2536
-0.209,9642
0.151,2019
-0.415,7541
-0.091,6390
0.17,192
0.107,747
-0.118,6464
-0.152,7399
-0.0425,6362
0.0589,3599
0.0506,3092
0.107,1638
-0.0134,5786
0.124,2429
0.0265,4465
0.0435,4162
0.028,3631
0.0207,4440
-0.348,9521
-0.0561,5849
0.0144,4641
-0.0513,6197
0.0494,3026
-0.0893,7840
0.212,1002
-0.0698,7780
0.0351,3504
0.21,709
-0.0766,8243
-0.0348,5600
-0.35,10099
-0.163,10147
-0.0492,6942
-0.0074,5187
0.299,317
0.169,2141
-0.0819,7172
0.0426,3407
-0.143,10090
-0.105,7050
-0.00296,5154
-0.069,7096
0.0959,2754
0.124,3409
-0.0548,6940
-0.156,8480
-0.00622,5268
0.0411,4269
-0.261,9866
-0.0112,5489
0.132,1507
-0.108,6843
-0.321,10395
-0.293,10424
0.303,1087
0.0663,2163
-0.0223,5658
-0.133,4806
-0.186,9358
-0.0868,6599
-0.0384,6193
-0.0848,9537
-0.104,8992
0.33,500
0.0689,3186
0.0103,4859
0.238,1146
0.0851,2592
-0.108,7841
-0.182,8459
-0.141,8660
-0.0339,6755
-0.227,10281
0.418,94
0.0523,2139
0.0477,3651
0.0564,3380
0.389,154
0.0104,4548
-0.0265,5694
-0.0349,7122
0.803,876
-0.271,8704
0.273,2259
0.215,1241
-0.0499,7261
-0.122,9454
-0.0761,8735
0.158,1352
-0.119,7801
-0.0768,7773
0.182,13
0.257,924
-0.163,8643
-0.159,7604
0.136,2915
0.36,332
-0.0276,5484
0.0793,2495
-0.237,10182
0.00308,5014
0.108,1289
0.0133,4658
-0.105,8280
-0.215,9869
-0.221,9286
0.759,61
0.117,1397
-0.0429,6445
-0.0156,5775
-0.141,8246
-0.0778,6831
0.0861,2963
-0.166,7203
0.0662,2350
-0.254,10007
0.0833,2649
-0.0626,6638
-0.0544,7101
-0.0528,8655
0.0535,4171
0.0485,3175
0.137,848
-0.0201,5640
-0.111,7681
0.0706,1534
0.259,223
0.288,588
-0.246,9117
0.17,1538
-0.311,8970
-0.0887,8192
-0.121,7455
0.117,1950
-0.188,10179
-0.0853,6764
-0.386,10107
-0.0663,8333
0.287,547
0.0648,3630
0.126,2830
-0.0737,5801
0.12,2767
-0.127,9109
0.0522,3957
-0.301,9794
0.0491,3626
-0.077,6387
-0.26,9426
0.0477,3825
-0.0233,6260
0.118,1000
-0.0521,6634
-0.0856,7744
0.674,56
-0.129,9557
0.0306,3770
-0.161,8991
0.0389,4017
0.662,517
-0.179,8203
0.0166,4450
-0.099,8498
-0.243,9069
0.114,2015
0.158,1948
0.0803,1260
0.101,1454
0.113,2413
-0.135,7595
-0.144,9737
-0.119,8410
-0.0791,8445
-0.156,8887
0.0849,2712
-0.09,9106
-0.199,8845
-0.169,7251
0.00307,4947
0.0197,4176
-0.113,9047
0.036,3712
-0.132,7415
-0.19,8895
-0.0727,5833
0.0591,2735
-0.0967,9932
-0.408,10060
-0.175,8138
0.0407,3826
0.112,1631
-0.0188,5322
0.0553,2797
0.0388,3919
-0.257,9817
-0.111,8062
-0.0101,5201
0.202,2084
0.0366,3944
-0.107,9225
0.0476,3122
0.00962,4637
-0.133,7678
-0.134,9889
-0.124,9271
-0.17,9483
-0.153,8429
0.147,866
0.0789,3734
-0.0428,6631
-0.0202,5547
0.16,1272
-0.103,8936
0.232,1480
-0.048,6988
-0.178,9771
-0.0962,8663
-0.543,8105
0.00591,4792
-0.0109,5494
-0.334,9939
0.075,3359
-0.204,10103
-0.208,8903
-0.193,5129
0.0174,4606
-0.0636,8450
0.0869,917
-0.204,9897
0.0447,2638
0.321,608
-0.126,6672
-0.0836,7576
-0.196,10245
-0.181,9145
0.127,3335
0.448,350
-0.17,7731
0.0854,2067
0.019,4088
0.153,1577
-0.109,7562
-0.0887,6319
0.0266,4373
0.0841,2808
0.0573,1706
0.0901,3381
-0.271,10225
-0.114,9093
0.203,2223
0.104,2539
0.0758,1860
-0.0178,5732
-0.0183,5250
-0.24,9637
-0.154,3641
0.0198,4413
0.126,514
-0.0118,5643
0.254,512
0.0316,4578
-0.0482,7251
0.0759,2724
0.00526,4892
0.208,480
0.0106,4732
-0.273,9816
0.0917,2906
0.0191,4536
0.116,421
0.102,1909
-0.119,7378
-0.097,7600
0.169,1935
-0.0467,7368
-0.18,9884
0.0555,3056
0.215,915
0.462,15
-0.0484,7542
-0.0652,8014
0.0091,4754
-0.0279,6393
0.0458,3538
-0.126,9104
0.472,699
0.0485,3872
0.0571,1926
-0.133,9001
-0.00311,5229
0.473,236
0.0138,4574
-0.115,8094
-0.18,10065
0.133,1578
-0.00176,4966
-0.138,9347
0.2,1567
-0.418,10305
0.261,43
-0.094,7611
-0.201,8072
0.00339,5037
-0.0486,5782
0.096,2850
0.0317,4420
0.0852,3270
-0.124,8776
0.0561,2485
-0.253,10204
-0.262,9800
-0.147,8559
-0.296,9749
-0.321,8357
0.0198,4597
-0.127,10025
-0.0494,7312
0.151,805
0.368,1011
-0.632,10420
0.149,792
-0.0536,7886
0.0562,3398
0.108,2051
0.432,2315
-0.399,10095
-0.121,7531
-0.0678,7714
0.186,534
0.0238,4057
-0.00907,5346
0.439,213
-0.00263,4832
0.406,323
-0.0706,8754
-0.0312,6562
-0.115,7260
-0.397,10433
0.0227,4146
0.0299,3879
-0.138,8707
-0.0706,7670
-0.0596,8072
-0.0425,6143
-0.129,9943
-0.0833,7616
-0.13,9091
-0.109,7794
-0.0172,4949
-0.179,9479
-0.188,9628
0.202,663
0.0748,3155
0.00949,4952
0.102,2239
0.0317,4242
0.0366,3816
-0.0918,7964
-0.0969,7503
0.0117,4749
0.0913,2521
-0.198,9062
-0.056,8951
-0.0424,6482
-0.48,9892
0.133,3616
0.00204,5050
0.0189,4492
0.258,239
0.168,172
-0.0446,6821
-0.00987,5367
-0.0431,6382
-0.206,8446
-0.18,10020
0.0103,4642
-0.158,8225
0.0837,3088
0.789,14
-0.132,7881
-0.127,8775
0.211,762
0.215,1854
0.0987,2426
0.608,235
-0.533,10457
0.124,2298
-0.102,7639
-0.0548,6589
-0.256,9409
-0.0488,5052
1.08,143
0.0399,3569
-0.21,8636
-0.547,7438
0.145,3522
-0.268,8535
-0.216,9320
0.0675,3455
-0.129,10066
0.271,71
0.127,2581
-0.0992,8399
-0.23,10131
-0.0323,6742
0.0413,3344
0.102,1625
-0.0533,7325
0.0905,2092
0.072,3681
-0.0331,7227
0.0962,575
0.0336,3759
-0.115,6753
-0.104,8061
0.0253,4448
-0.169,9915
0.103,766
-0.0186,5269
0.0727,1914
-0.015,6046
-0.0926,6266
-0.0983,8836
0.107,1531
-0.00355,5056
-0.105,8197
-0.207,8678
0.0018,5173
0.124,1201
-0.0105,5560
0.178,1543
0.0114,4674
-0.318,9089
0.143,2434
0.0286,4073
0.356,281
-0.0328,6655
0.0494,3837
-0.17,8888
0.0325,3497
-0.0719,6672
0.369,186
-0.161,8554
-0.0313,6110
-0.272,9933
-0.0289,5588
0.042,3050
0.00825,4736
-0.0748,7124
0.221,1361
0.232,1022
-0.08,6529
0.00997,4667
0.0462,2635
-0.165,7518
0.0792,3860
-0.277,9442
0.303,469
0.183,1383
-0.00709,4716
-0.296,10373
-0.0822,6841
-0.176,9905
-0.0405,5754
0.659,52
-0.0839,7562
0.0731,2843
0.0779,2783
0.066,3451
0.253,2382
-0.0901,8376
-0.08,7400
0.00824,4615
-0.172,8719
-0.196,7100
0.0618,2762
0.166,1666
-0.00167,5100
0.07,4017
0.212,1465
-0.0937,8103
-0.163,8772
0.0157,4183
-0.118,9259
-0.0223,5942
0.118,1176
0.502,434
-0.25,9974
-0.0136,5534
-0.0918,8442
-0.0135,5261
-0.11,8002
-0.177,8896
-0.0427,6129
-0.0205,5860
0.178,2172
-0.0543,7548
0.083,1871
-0.16,9893
-0.0112,5382
0.0246,3662
-0.0385,7220
0.119,1408
0.0716,3708
-0.223,9482
-0.0334,6057
0.024,3104
-0.0829,7666
-0.00611,5514
0.0796,3153
0.144,3009
0.225,864
-0.0155,5066
-0.202,10090
-0.181,7892
0.036,3559
-0.0597,8051
0.428,421
0.0659,2878
-0.0404,6368
-0.0079,5439
-0.128,8345
-0.0231,5472
-0.0319,6312
0.119,659
-0.0271,6323
-0.0731,8901
0.227,359
-0.367,9190
-0.205,8911
0.0508,2821
0.0984,2051
0.0265,4223
-0.129,7669
-0.131,8715
-0.193,9910
-0.0789,8000
-0.179,9189
0.0789,2742
-0.0435,6190
0.0047,4888
0.103,1470
-0.0648,7250
-0.0664,6392
0.0352,3989
-0.0339,6201
-0.0278,6307
-0.16,9197
-0.0749,7572
0.0819,3125
-0.26,7428
-0.41,9740
-0.155,9059
-0.063,6143
0.136,2228
0.109,1552
0.0599,4115
0.0194,4422
-0.138,8163
-0.177,8352
-0.0216,6063
0.158,454
0.116,2627
-0.157,8600
-0.14,8511
0.173,2136
0.124,951
-0.0247,5725
-0.0498,6475
-0.0665,7078
-0.104,9383
-0.082,6546
0.171,651
0.018,4104
0.14,1910
-0.0561,6709
0.0311,3815
-0.0936,6975
0.266,157
-0.227,9152
-0.243,9705
0.201,721
0.178,3351
-0.0463,5877
-0.155,9868
-0.122,7704
0.0959,1821
0.00047,5037
0.112,2354
0.127,1822
-0.0877,7681
0.0234,4080
-0.0516,7914
0.211,748
-0.116,8502
-0.102,7960
0.159,1477
0.00229,5028
0.141,2136
-0.0684,8337
0.0618,3672
-0.151,8379
-0.186,8093
-0.197,9793
0.0278,4255
-0.114,7486
-0.125,7220
-0.0387,6015
-0.0384,7274
0.0405,3341
0.0163,4698
-0.223,9296
0.000499,5055
-0.00235,5175
-0.0327,7601
-0.0139,6187
0.00361,5078
-0.00332,5056
0.055,3420
-0.177,9794
0.063,2816
0.212,169
0.103,2469
0.0104,4522
-0.286,8943
0.24,2529
-0.107,8423
0.0308,4320
0.00213,4962
0.00676,4934
-0.186,9599
-0.112,8104
-0.167,8779
0.0829,2123
5.17,99
-0.058,6381
-0.0978,6864
0.272,1354
0.108,360
-0.078,7579
-0.0765,7440
-0.166,9724
-0.008,5217
-0.216,9006
-0.0895,9295
-0.0188,5876
-0.188,10423
-0.359,9877
0.0161,4764
0.0504,4135
-0.0112,5626
0.11,1925
-0.198,9080
-0.179,9221
-0.272,9151
0.114,3324
0.203,336
0.0168,4571
0.129,2669
-0.0771,8091
-0.197,9814
-0.138,7939
-0.108,9301
0.00265,4761
-0.158,7516
-0.121,6956
-0.119,7498
0.0335,3894
-0.0551,8320
0.0266,4479
-0.171,9666
-0.0555,7437
0.0776,3182
0.0135,4570
-0.0745,7400
0.108,2456
-0.185,9425
0.122,1399
-0.114,7588
0.0741,2385
0.191,810
0.0236,3744
0.0249,4515
-0.127,9373
-0.733,10048
-0.0607,8246
0.223,1357
-0.0409,6956
-0.0613,7690
-0.177,10120
-0.416,9693
0.41,382
-0.0724,8139
0.0184,4479
0.0742,2419
0.135,2924
-0.0921,6512
0.0996,3567
0.0833,2962
0.00339,5093
0.0582,2819
-0.0609,6741
-0.0904,8164
-0.37,10174
0.104,1423
0.0212,4041
-0.28,9593
0.00906,4790
-0.00229,5106
-0.0668,7418
-0.00811,5388
0.311,404
0.0364,4115
0.0128,4831
0.0374,4104
0.262,1262
-0.0811,7548
-0.0711,8799
-0.00693,4896
0.102,2857
-0.0116,5417
0.0973,2595
0.144,1776
-0.0613,7717
0.132,2026
-0.203,9045
-0.00438,5012
0.218,1132
0.0144,4430
-0.0817,6714
-0.241,8755
-0.143,8589
-0.242,7501
-0.145,8319
-0.149,9913
0.144,1413
-0.00368,5129
-0.108,8085
0.0909,1507
0.00306,4888
-0.076,7539
0.525,100
-0.0269,6160
-0.0312,5752
-0.115,9403
0.184,1097
-0.0582,7688
-0.119,9804
-0.175,7158
-0.265,9760
0.948,357
0.842,154
-0.0204,5547
0.661,12
-0.16,8305
0.0223,4476
-0.101,8330
-0.0461,6288
0.0621,2573
-0.115,8830
0.163,1312
0.0316,4291
-0.0878,9680
0.0718,3656
-0.162,8513
-0.191,9547
-0.145,8202
0.0549,3514
0.41,34
-0.404,8867
-0.0726,7594
-0.0602,8228
0.204,939
0.0294,3828
0.0345,4188
0.359,307
-0.0966,10106
0.0356,3370
0.173,892
-0.083,8467
-0.259,8069
-0.153,5161
0.19,404
-0.23,10381
-0.0371,5579
-0.317,8808
-0.298,6880
-0.135,7124
-0.264,8668
-0.502,9650
-0.101,8412
-0.0406,6205
0.0947,2979
-0.0781,6404
0.197,601
-0.167,9932
-0.151,9123
-0.013,5734
-0.228,8853
-0.0439,6190
-0.113,9616
0.0684,3295
0.457,25
0.00814,4628
0.0334,3591
0.0867,2925
-0.0652,8752
0.0798,1673
0.0632,3554
-0.297,10041
0.0141,4698
-0.129,7135
0.264,72
-0.0328,6422
0.161,2776
0.119,2997
0.0842,3470
-0.12,9922
0.173,2717
-0.161,9196
0.0722,2258
0.0202,4410
-0.0353,5504
-0.0695,6934
0.00972,4704
-0.0857,7292
-0.104,8480
0.0163,4531
-0.0454,6488
-0.115,9665
-0.0418,7039
0.145,2205
-0.2,7468
0.185,2690
-0.0715,7291
-0.0437,6398
0.0755,1930
-0.152,9984
0.0191,4415
0.046,3440
0.0753,3374
-0.226,9359
0.0558,3180
0.131,1971
-0.221,8559
-0.0263,5533
0.0376,4231
-0.385,9417
-0.0644,7291
-0.101,8126
-0.0159,6010
-0.00457,4960
0.0138,4575
0.496,469
-0.0574,8174
0.0342,3749
-0.0161,5704
0.0235,4567
-0.0805,6735
-0.169,7798
-0.069,6982
-0.0649,7682
-0.032,5891
-0.00773,5215
0.334,223
-0.00912,5293
-0.0277,6661
-0.295,9991
0.182,640
-0.166,9785
-0.0804,7416
0.168,1667
0.362,475
-0.0595,8381
0.00919,4945
0.0144,4568
0.132,2833
-0.0711,7935
-0.125,9236
-0.082,7654
-0.144,8240
-0.126,7444
0.0591,3789
0.22,2620
-0.0695,7212
0.000775,4901
0.0124,4517
-0.0344,5901
-0.0311,6163
0.182,2582
-0.0268,5654
0.124,1325
0.318,1072
-0.0594,6638
-0.0915,6670
-0.0595,7121
-0.0118,5656
-0.105,8933
-0.0337,6506
0.159,2312
-0.26,9619
0.0115,4762
-0.167,9726
0.00774,5065
0.0453,3745
-0.114,7748
0.235,115
-0.113,7883
0.0101,4384
0.0859,1765
0.0369,3449
-0.0468,6607
0.113,1696
0.252,2021
0.052,2769
-0.0326,6627
-0.0422,6926
0.255,907
-0.214,9258
-0.244,9194
-0.148,9330
0.0282,3805
-0.0474,6778
0.0966,2845
0.0757,3421
-0.319,9888
-0.0647,9488
1.63,353
0.107,2918
-0.116,7549
0.0359,4228
0.0326,3784
0.0244,3679
-0.146,9130
-0.00457,5068
-0.156,7881
0.0772,3518
-0.2,8582
0.0831,1822
0.0464,3505
-0.00254,4590
0.216,1130
0.109,3483
0.0225,4386
-0.161,10101
-0.00616,5393
0.193,2004
-0.0936,8056
-0.204,8634
-0.0386,6005
-0.121,8696
-0.0505,8033
-0.0344,5976
-0.28,7721
0.00531,4906
-0.363,9864
0.0155,4518
-0.00595,5464
-0.0167,5340
0.214,770
-0.124,8652
0.108,2704
0.187,136
0.0311,4076
-0.176,7660
-0.183,10172
0.079,3335
-0.0219,5510
-0.0329,6164
-0.181,9911
-0.106,7675
-0.0365,6622
-0.208,7672
-0.112,8331
0.0544,3398
-0.0629,7303
0.0077,4782
0.311,985
0.0261,4197
0.113,2894
0.0709,2804
-0.0784,8924
0.0321,4202
-0.00133,5241
0.439,984
-0.174,9131
-0.163,6318
0.0932,2425
0.0937,3249
-0.016,5445
-0.313,9441
0.0158,4746
0.0405,3519
0.0541,3476
0.0107,4527
0.0468,3874
-0.172,9803
-0.155,8503
0.0839,2323
-0.0228,6560
-0.0427,6055
-0.0495,6346
0.257,345
0.0769,3098
-0.11,8852
0.133,1550
0.0427,3909
-0.283,9821
-0.209,9554
0.139,1745
0.0162,4375
-0.0146,6302
0.341,486
0.191,1161
-0.265,9134
0.0728,2760
0.0818,2000
0.0166,4355
0.000555,5040
-0.00106,5276
-0.16,9201
0.148,2177
-0.0634,7947
-0.117,8544
-0.012,5607
-0.0138,5559
0.0954,3704
0.361,745
-0.0709,8689
0.102,1915
-0.135,8602
-0.109,7847
-0.266,9186
-0.186,9347
-0.0519,7126
-0.00451,5337
-0.0163,5623
-0.265,9411
-0.127,8515
-0.0571,5743
-0.113,10122
0.0836,2364
0.168,1144
-0.187,9374
-0.086,6341
-0.232,9081
0.383,85
-0.16,7728
-0.0504,6282
-0.0129,5470
0.0995,2606
0.209,764
-0.0163,5117
0.0125,4617
0.206,1284
-0.133,7951
-0.0735,6285
-0.18,9845
-1.16e-05,5105
0.0462,3189
-0.0236,5631
0.5,563
-0.457,7275
-0.123,8689
-0.0838,7612
0.0706,2475
0.0464,3720
-0.0791,7108
0.0903,2202
0.174,1803
0.00914,4540
-0.061,8192
0.106,1161
-0.313,10323
0.0831,3340
-0.152,7271
-0.0036,5380
-0.00393,5238
0.303,611
0.154,1330
-0.101,7397
0.0231,4372
0.00937,4814
0.254,54
-0.0512,7750
-0.128,8701
-0.0781,6539
0.367,905
-0.0451,6958
-0.0893,8731
-0.044,5830
-0.143,8500
-0.0829,7785
0.176,155
0.00514,4951
-0.146,9878
0.13,1955
0.206,1412
0.285,2491
-0.185,8136
0.0859,2691
0.014,4531
0.00453,4626
-0.159,8491
0.207,896
0.00958,4513
0.0388,3909
0.338,126
0.0787,2628
-0.0533,6867
-0.0854,7732
0.682,150
-0.0313,7588
-0.00109,4855
-0.00884,5170
-0.00233,4916
0.127,1569
0.0261,4325
0.0584,3517
0.0661,2494
0.0253,3918
-0.168,8799
1.46,0
-0.00766,5294
0.0363,3569
-0.0311,5436
0.0191,4675
-0.101,8145
-0.353,10202
-0.0784,9280
-0.0242,6073
-0.142,8202
-0.0659,7243
-0.288,9637
-0.265,9891
0.163,2479
0.0398,3249
0.122,1655
0.105,2939
0.0689,3402
-0.0796,7308
0.215,1820
-0.0649,6956
-0.101,7158
-0.0848,8013
-0.0504,7200
0.0899,3257
0.0427,3228
0.0142,4426
-0.0796,7666
-0.0922,6164
-0.0461,6404
0.11,3034
-0.139,9569
-0.0107,5583
0.0568,2094
0.0072,4764
-0.173,9202
-0.0902,7119
-0.00369,5255
-0.047,7717
-0.0618,8215
0.633,1000
0.127,2144
0.0818,1844
-0.0776,7332
0.0371,4111
0.186,357
-0.0451,5835
-0.152,8380
0.178,1273
-0.09,6851
-0.0777,8075
-0.195,9663
-0.127,8856
-0.0397,5977
-0.0355,6683
-0.0198,5388
0.0133,4454
-0.173,9988
-0.322,10292
-0.0381,6107
0.0218,4290
0.11,1511
-0.249,9689
0.178,1381
-0.168,9563
-0.078,8587
-0.0552,6758
0.174,2252
0.018,4655
0.0224,4023
0.0539,4254
0.00819,4544
-0.0407,6314
0.017,4351
0.0382,3494
0.228,671
0.212,855
-0.0198,5474
0.212,2417
-0.22,9999
0.151,1712
0.00353,4986
-0.123,7851
-0.353,10444
-0.0429,5807
0.42,575
-0.131,9689
0.0683,2446
-0.0889,8565
-0.0945,7953
-0.118,7959
-0.06,9191
-0.172,10332
-0.134,9165
-0.0418,6134
0.0498,3745
-0.0209,5696
-0.1,7064
-0.021,6600
0.135,1002
0.0278,3960
-0.0173,5383
-0.3,8244
0.481,175
-0.00702,5466
-0.131,8078
0.0514,3223
0.0136,4529
0.242,495
0.00393,5137
0.0734,2497
-0.192,9903
-0.00672,5417
0.256,476
0.172,1225
0.39,171
-0.104,7468
-0.027,5656
0.134,2896
-0.308,10130
-0.0751,6093
-0.0467,6484
0.114,1151
-0.0247,5784
-0.123,8011
-0.0829,6942
-0.0145,6194
0.0406,4171
-0.238,9886
-0.0374,7085
-0.0151,6055
-0.113,8087
-0.16,8395
-0.0851,8734
0.113,1146
-0.0637,9063
0.18,726
-0.0615,7600
0.192,1678
0.012,4586
-0.135,7413
0.181,2152
0.0423,4084
0.187,2199
0.161,1239
-0.291,9529
0.267,1194
-0.0462,7594
0.119,2598
0.0768,3245
-0.126,7349
-0.0497,7622
0.0176,4417
-0.11,8961
-0.0343,5468
0.119,2703
-0.129,9423
0.308,1197
0.0296,3951
-0.122,8759
-0.0595,7848
-0.19,8172
-0.3,10273
-0.0958,8764
-0.0131,6116
0.0461,2423
-0.139,9322
-0.0364,5684
0.0165,4850
0.273,504
-0.0777,7526
0.149,482
-0.0653,5985
-0.0174,5789
-0.195,9803
0.243,1261
-0.084,8106
0.124,983
0.163,1792
-0.232,8878
-0.0426,7411
-0.385,10057
0.0728,2369
0.103,2343
0.152,1605
0.00445,5107
0.105,3431
-0.0925,8399
-0.144,9812
-0.0619,7867
-0.271,9303
-0.365,9928
-0.27,9556
-0.0835,7573
-0.285,9709
-0.0866,7717
0.107,2991
-0.19,9959
-0.00302,5151
0.0512,3580
-0.0352,6822
0.0342,4116
0.0525,3108
-0.344,8842
-0.366,10373
-0.232,10415
-0.147,9567
0.139,1954
0.157,2266
0.136,1398
-0.293,9417
0.0937,2207
0.0799,1476
-0.1,7585
-0.165,10233
0.136,839
-0.0948,8558
0.114,2367
0.0756,2156
-0.106,8703
0.495,95
0.0453,2554
-0.232,9716
0.00436,4936
0.0627,1311
0.152,442
-0.0839,7921
0.203,1223
0.213,1056
-0.0341,5507
0.0597,1429
-0.141,9376
0.205,1425
0.445,16
0.119,745
-0.115,9289
0.156,1423
0.0945,2037
-0.0326,6094
-0.0201,5232
0.115,2280
0.0962,3129
0.139,697
-0.167,10147
-0.203,10153
-0.0284,6077
-0.084,7652
-0.207,9372
-0.0206,5784
0.0842,2464
0.0308,3944
-0.0266,5625
0.0204,4519
0.197,1545
0.115,2280
-0.00359,5106
0.0306,4414
-0.0482,5820
-0.121,8602
-0.117,8068
0.247,331
-0.136,8441
-0.16,8467
-0.183,5564
-0.0146,5510
0.0942,2511
-0.00141,4940
0.0493,2327
-0.0927,7767
-0.0263,6022
0.258,1511
0.009,4765
-0.0225,6110
-0.00799,5706
0.374,165
0.0889,2923
-0.0233,6007
0.0508,3822
0.104,1960
0.0561,2882
-0.183,10136
-0.158,9438
0.000719,5056
-0.141,7011
-0.121,8535
-0.102,10137
0.116,2305
0.0243,4255
-0.253,8868
-0.0806,7333
-0.0719,9229
0.00805,4538
-0.000438,4991
0.0743,2958
-0.0821,7046
0.0196,4237
-0.0915,7682
-0.15,10234
0.0899,1847
0.00958,4547
-0.308,8442
-0.0903,6757
0.158,727
-0.11,9676
-0.0184,5750
-0.124,8687
-0.0727,8070
0.0295,4004
0.0462,2029
0.0294,3631
-0.0666,6905
-0.238,8813
-0.069,8641
-0.259,7501
-0.122,7541
0.0137,4635
-0.15,6780
-0.0519,6832
-0.148,10019
-0.0789,5872
-0.169,9341
0.13,949
0.216,462
-0.0995,7167
-0.207,9874
0.0722,2924
-0.0959,8109
0.156,1178
-0.189,8973
-0.224,9074
0.0208,4507
0.278,736
-0.0771,7540
-0.0564,6604
-0.25,9294
-0.11,9040
0.28,331
-0.109,7787
0.0885,2287
0.0221,4363
-0.0161,5456
-0.0262,6245
0.387,419
0.51,97
0.0402,4063
-0.0116,5356
0.434,198
0.202,2270
-0.124,9359
0.354,270
0.129,1518
0.178,755
-0.0745,7252
0.374,217
-0.178,8446
-0.336,9432
-0.104,8952
0.0807,3015
0.0818,2142
-0.0442,6829
-0.269,9712
-0.26,9499
0.391,112
-0.105,8975
0.00796,4701
-0.0828,7321
-0.254,7235
0.125,2747
-0.0382,5782
0.0744,2883
0.000949,4977
-0.0956,9201
0.118,1959
0.105,1543
-0.101,9113
-0.199,9669
0.155,1171
0.0625,3494
-0.104,5682
-0.00331,5210
-0.122,9753
-0.322,10155
0.0403,3610
-0.324,9923
-0.0282,5709
-0.171,9912
0.0704,3153
-0.0319,5523
-0.202,8869
0.0851,3351
0.272,920
0.0375,3835
-0.219,10291
-0.065,6311
0.0427,3449
-0.0234,5790
-0.177,8908
-0.0471,7517
-0.00499,5149
0.104,2176
0.0916,2216
-0.0731,7471
-0.34,10095
-0.0761,8174
0.208,184
0.435,1147
0.247,509
0.195,2026
-0.167,9291
-0.0982,9077
-0.0327,5605
-0.0414,5849
0.00774,4811
0.0855,2636
0.0784,3291
0.096,2593
-0.00604,5099
0.216,1047
0.137,1814
-0.085,7520
-0.0248,5548
-0.149,9889
0.0571,2733
-0.163,8615
-0.111,8051
0.249,547
-0.0995,7996
0.2,761
-0.076,7595
-0.0598,6270
0.0542,2752
0.396,22
-0.136,9401
-0.0638,7467
-0.286,10250
-0.00172,5130
0.0819,2773
-0.301,9223
0.0727,2742
-0.0233,6460
-0.106,9084
-0.0357,6585
-0.191,9519
-0.0517,7185
0.0447,3123
-0.0164,6218
0.068,3187
0.0134,4588
-0.0102,5337
0.0258,4507
-0.0641,6375
0.305,507
0.149,1343
-0.0289,5941
0.0651,3224
-0.315,10006
-0.0263,6310
0.156,1619
-0.0516,6933
0.154,1029
0.538,157
-0.02,5770
0.221,395
0.013,4657
0.0251,4196
-0.123,8048
-0.241,10083
-0.181,8692
-0.0981,8693
0.0141,4495
0.0203,4381
0.0435,4055
-0.00962,5084
0.103,2627
0.0506,3489
-0.0333,6105
0.227,913
-0.17,8272
-0.0428,6050
0.122,2232
-0.136,9906
-0.0591,7478
0.348,157
-0.051,7077
-0.0987,7968
-0.133,8257
-0.0501,7164
0.164,1773
-0.164,9079
-0.144,9816
-0.0269,6014
-0.0552,6876
0.0504,2728
-0.232,7284
-0.0403,5781
-0.779,8816
-0.211,5444
0.225,183
0.365,255
-0.0666,6136
-0.099,7201
0.128,1606
-0.185,9509
0.00151,5085
-0.0665,9135
0.137,1837
0.138,1703
-0.202,8852
-0.1,7653
-0.0339,5872
0.0512,3792
-0.225,8867
-0.246,9995
0.0354,4023
0.18,2174
0.131,2247
0.1,795
0.169,2513
0.0894,3123
0.078,3444
-0.158,9274
-0.13,9397
0.222,1374
-0.0291,5919
0.0608,1975
-0.214,6720
0.141,763
-0.0443,7220
-0.175,10311
0.0803,2132
-0.115,7283
-0.322,10364
0.114,3258
-0.0188,6012
-0.148,9283
-0.158,8308
-0.0876,7762
0.0768,3988
-0.284,10086
0.0776,2235
0.235,840
0.45,213
0.184,1254
-0.28,8632
-0.0901,6320
0.0263,4127
-0.233,9995
0.0599,3662
0.0395,3917
0.0265,3835
0.137,2125
0.0406,3824
0.252,374
-0.195,9139
-0.233,9938
0.0341,4302
0.23,887
0.062,2510
-0.155,10191
-0.0222,6212
0.169,1949
0.171,1433
-0.121,8120
0.00892,4667
0.0491,2931
0.0386,4345
0.085,3199
-0.0645,6943
-0.0381,7074
0.091,2612
0.0764,2434
0.0212,4629
0.639,190
0.211,1716
0.0959,2757
0.0493,1181
0.0401,3733
-0.00476,5417
-0.118,6921
-0.0353,6864
0.154,2632
-0.16,10268
0.0343,3318
-0.161,8722
-0.00602,5041
-0.0802,6187
-0.0749,7444
0.015,4483
-0.116,8608
-0.0309,6649
-0.0474,7305
0.173,1286
-0.0531,6649
-0.219,9691
-0.143,9724
0.309,176
-0.0932,7882
0.275,1271
0.46,290
-0.0899,8950
0.218,180
0.00304,4945
-0.232,9849
0.363,330
0.375,11
-0.0813,7766
0.15,2012
-0.0352,7491
-0.124,9934
0.122,3303
0.0162,4272
-0.0277,6395
-0.102,8404
0.0689,2335
-0.12,8870
-0.13,8638
-0.162,8570
0.14,972
0.167,485
-0.0173,5347
-0.132,8699
-0.151,8726
-0.133,8829
0.054,2651
-0.12,9532
-0.174,9501
-0.156,8351
0.458,1452
-0.109,8247
0.139,276
0.0831,1142
-0.261,9469
-0.0431,6264
-0.376,9472
0.111,2224
-0.0484,7092
0.548,21
-0.0515,7341
-0.0501,6513
0.123,2984
0.0768,2345
-0.227,10306
-0.0232,6017
-0.053,6983
-0.144,9024
0.0358,4228
0.0799,1725
-0.0615,7250
-0.101,9407
-0.051,6912
-0.111,7942
0.0769,2095
0.0631,2485
0.022,3677
-0.0274,5473
-0.00785,5304
-0.022,6583
-0.215,9321
-0.0731,7240
-0.0421,6658
0.0789,2032
-0.108,7556
0.000959,4946
-0.0709,6441
0.268,762
-0.035,7333
0.163,721
-0.329,8894
-0.216,9896
-0.256,10343
0.518,828
0.0515,3635
-0.0419,7653
-0.0717,7358
0.142,2527
-0.00841,5599
0.499,92
0.0563,3594
-0.0867,7591
-0.264,10208
-0.0198,6017
0.0342,3998
0.0218,4210
-0.0246,6545
0.268,546
-0.0702,6931
0.0204,4101
-0.138,9006
0.0252,4317
0.00894,4531
0.11,777
0.0181,4584
0.000519,5067
-0.122,6964
-0.0524,5554
0.0228,3804
0.00113,5260
0.0811,3423
0.12,2660
-0.122,9700
-0.307,10104
-0.0871,8210
-0.0706,8039
0.00423,5026
0.0092,4649
0.0931,2947
0.414,471
-0.0919,9366
0.0323,3436
0.0846,2832
-0.18,9746
0.0776,2914
0.0492,4023
-0.0634,7130
-0.0775,7831
0.112,1184
0.181,1210
0.0599,2983
-0.0038,4911
0.046,3220
-0.025,6133
-0.08,6864
-0.174,9189
-0.107,8496
0.0851,2796
-0.0924,7580
0.302,234
-0.203,8410
-0.0378,6202
-0.0278,6247
-0.0546,6386
0.08,3224
-0.165,8867
-0.04,7558
-0.123,8290
0.024,4281
0.0355,3790
0.432,544
0.216,958
-0.0836,7391
-0.0288,5874
0.0669,2011
-0.0942,8888
-0.0135,5643
-0.125,8419
-0.109,7552
0.0714,2184
-0.0448,7369
0.204,1582
-0.117,7628
0.0158,4763
-0.0817,8650
-0.0602,7994
0.118,1626
-0.119,7760
0.116,1643
-0.0112,5257
0.047,2601
-0.107,9338
-0.228,10108
0.0124,4731
-0.134,9553
-0.296,8462
0.0727,1821
0.00228,4938
0.036,3427
0.338,593
-0.0166,5898
-0.114,8593
0.132,1584
0.0443,3576
-0.0419,6395
-0.059,5192
-0.642,10266
0.0174,4874
-0.113,8545
-0.276,9045
-0.099,7759
-0.0422,6409
-0.0959,8972
-0.113,9080
-0.0309,6516
-0.0188,6310
0.137,683
0.0369,3927
0.167,373
0.0942,2428
-0.252,9221
-0.0584,6854
-0.0136,5664
-0.0603,6982
-0.0131,5595
-0.0791,7802
0.0957,2744
-0.0764,9060
0.0457,3654
-0.0551,7139
-0.0576,7437
-0.345,10150
0.0592,3022
-0.171,10270
-0.0106,5457
0.0766,2789
0.0772,2623
0.0186,4598
-0.219,8028
0.149,1567
-0.0683,8686
0.0243,4498
-0.108,6613
-0.208,9559
-0.149,8872
-0.309,10253
0.0433,4095
-0.0142,5695
0.0436,3508
-0.00414,5073
-0.171,9921
0.0133,4490
0.0477,3393
2.05,298
-0.906,10006
0.397,1090
0.0422,3930
-0.0899,7689
0.0243,4335
-0.0762,7709
-0.0785,7936
-0.112,8361
0.0471,3772
-0.0788,7494
0.145,2511
-0.0466,6244
0.0675,3029
-0.0367,6650
-0.181,9060
-0.302,9161
-0.266,9954
-0.368,10251
-0.0515,8015
0.171,465
0.184,1107
-0.148,8732
0.158,2413
0.0114,4642
-0.142,9701
0.0387,3536
0.11,2187
-0.0958,8169
-0.0478,6793
0.108,2227
-0.0429,6897
0.166,291
-0.0031,5455
0.193,950
-0.152,8923
-0.0497,6296
-0.00557,5229
-0.0582,6303
0.0274,4080
0.011,4598
0.0473,3999
0.188,1727
0.226,250
0.0466,3588
-0.215,8985
0.0594,3343
-0.147,7803
0.0141,4656
0.133,1057
-0.131,9008
-0.106,7910
-0.188,6606
-0.131,7823
-0.00642,5292
-0.119,8752
-0.0156,5928
-0.0516,5972
-0.0439,6926
0.0727,2283
-0.00659,5283
-0.137,8742
-0.0667,7724
-0.233,9975
-0.192,8438
-0.268,10409
-0.0738,6895
-0.0539,7274
0.14,1205
-0.0152,5264
-0.0714,6580
-0.00704,5344
-0.133,7477
-0.0115,5497
-0.0795,6790
0.131,1213
-0.134,9676
-0.0864,9134
-0.0232,5828
0.22,275
-0.0536,6625
0.151,1560
-0.0104,5433
0.548,263
0.203,3033
0.344,20
0.134,1464
-0.0936,7000
-0.333,10013
0.369,90
0.0678,2948
0.00169,4976
-0.035,6504
-0.214,10239
-0.173,8383
0.505,461
0.288,542
0.0911,1797
0.0652,3423
0.000305,4866
-0.217,9763
0.0537,3276
0.0992,3163
0.00513,5117
-0.17,9523
0.163,1330
0.102,2125
-0.042,6730
-0.249,8703
-0.127,8676
0.0172,4553
-0.0585,7519
0.366,286
0.0406,3732
0.00783,4666
-0.0768,7970
-0.0954,8070
-0.133,7616
-0.155,9602
0.2,1102
-0.0118,5755
-0.0415,7293
-0.105,8966
-0.0415,6787
-0.175,5291
0.0396,4509
0.0214,4437
0.064,3303
0.133,1672
-0.0978,8174
-0.276,9146
-0.0864,8030
-0.0239,5182
-0.00243,5487
-0.122,8737
-0.0448,5891
0.0253,4303
0.0198,4655
-0.0451,5739
-0.0123,5742
0.274,275
0.317,535
0.0305,4584
-0.0136,5154
-0.101,9008
-0.073,8716
-0.175,9579
0.0425,3938
0.142,1546
0.379,1262
-0.109,7453
0.153,1376
-0.0171,5668
-0.141,8376
-0.296,9204
-0.108,7897
-0.122,8611
-0.1,8693
-0.0829,7667
0.0112,4623
-0.0408,5970
-0.361,8446
0.183,747
-0.0685,6172
-0.0899,7269
0.14,1083
0.0353,3824
-0.249,6908
-0.136,8820
0.0237,4283
0.112,389
0.0998,2159
-0.077,6583
-0.0605,5705
0.138,2064
-0.0447,7305
-0.0523,7910
-0.175,7838
-0.0901,6761
0.273,1054
0.034,4119
-0.155,9801
0.0712,2483
0.0443,3196
0.25,53
-0.174,9415
-0.212,9566
-0.0316,6277
-0.0557,6528
0.432,18
-0.0622,7278
-0.135,9061
-0.0246,5591
-0.105,8679
-0.0163,5535
0.000189,4973
-0.00452,5075
0.0966,2538
-0.0444,6195
-0.145,9820
-0.0243,5314
0.253,2136
0.0495,3117
-0.0908,7651
-0.00128,5085
-0.035,6523
0.0311,3467
-0.0456,6950
-0.0399,6574
-0.237,9903
-0.154,6802
-0.0344,6505
-0.0544,7468
-0.154,7749
-0.0138,5650
0.00679,4898
0.227,840
-0.0825,7530
0.048,2731
-0.0636,6920
-0.0678,6192
-0.123,9426
-0.0177,5600
0.197,387
-0.113,9876
-0.124,8344
-0.224,8212
-0.176,9091
0.0763,2538
0.149,795
-0.0346,5890
0.108,1714
-0.0422,6319
-0.163,9237
0.406,505
0.0863,2502
-0.0404,7192
0.445,55
-0.0273,6172
-0.103,7449
0.133,3189
0.0448,3342
-0.133,10265
0.0165,4656
-0.0135,5740
0.538,951
0.184,606
-0.0684,8225
0.276,123
-0.0237,5801
-0.157,5667
0.126,1982
-0.209,8549
-0.0812,7455
-0.305,10098
0.284,818
0.186,729
-0.593,8355
-0.163,9490
-0.0687,7863
0.0687,3367
-0.184,9297
0.084,1460
-0.194,9611
0.483,1683
-0.0485,6484
-0.17,9527
0.128,1063
0.0383,3310
-0.316,10274
-0.126,8946
-0.147,8370
0.0344,3249
-0.242,10228
-0.0472,6641
0.0233,4311
0.313,436
0.0177,4510
0.0301,3942
0.108,2390
-0.0215,6314
-0.402,9105
0.0987,1663
-0.143,9222
0.28,597
-0.103,7332
0.107,2283
-0.351,9237
-0.0537,6893
0.00857,4705
0.0124,4835
0.0596,3806
-0.177,10280
0.106,2736
0.0931,702
-0.0185,6159
-0.0365,6201
-0.0356,6372
-0.0158,5643
0.0899,2646
0.204,966
0.0478,3513
0.0606,2547
-0.211,9082
-0.0586,7753
-0.101,6452
-0.176,9137
-0.302,9227
-0.0531,6707
0.0148,4240
-0.11,9225
-0.106,8045
-0.0529,5793
0.0577,2756
-0.158,7770
0.0924,2872
0.0298,3748
-0.241,9423
-0.00419,5267
0.156,212
0.0354,3516
-0.262,9147
0.0993,3135
-0.0709,6128
-0.104,7571
0.0344,3040
0.0179,4200
-0.364,10045
-0.135,8775
-0.052,7054
0.0259,4000
-0.162,9818
0.0124,4347
-0.13,8109
0.139,2990
-0.173,6390
-0.0826,8638
0.0219,4281
0.0245,3624
-0.212,9285
-0.0535,7503
0.95,247
-0.123,7155
-0.0651,7056
-0.244,8213
0.0167,4329
0.06,3690
-0.201,8844
0.137,1979
-0.0876,8214
-0.143,9696
-0.181,10149
0.215,847
0.0664,3864
-0.00364,5184
-0.031,6672
-0.131,8907
0.388,25
-0.0584,5633
-0.318,9563
-0.00901,5532
-0.0728,8218
0.196,284
0.163,998
-0.133,8248
-0.0563,6688
0.0119,4636
0.0932,1551
-0.0254,5865
-0.219,9715
0.0256,3641
0.552,269
-0.251,7954
0.232,727
-0.0512,6768
0.0881,2694
-0.00119,5214
-0.0662,6962
0.187,1166
-0.0207,5993
0.0392,3987
-0.0318,5795
-0.108,8770
-0.0179,5150
0.182,838
-0.0967,8964
-0.14,9770
-0.38,10130
0.00674,4774
0.207,1585
-0.311,9511
0.0329,3305
0.0165,4430
-0.373,9752
0.149,1315
-0.155,7797
-0.0694,6734
0.147,2702
-0.119,8590
0.0846,2249
0.0574,3289
-0.144,7587
-0.167,7801
0.44,572
0.028,3347
-0.191,9039
-0.112,8647
-0.239,9061
0.0888,1793
-0.121,9372
-0.0607,6644
-0.0778,6629
-0.195,8562
0.102,3996
0.104,3322
-0.0523,6921
-0.109,9094
0.0903,2865
-0.156,7610
-0.291,8693
0.17,1808
-0.0599,6811
-0.0282,5768
-0.0561,7221
-0.313,9322
-0.0194,5698
0.0232,4456
-0.0266,6024
-0.082,9789
-0.186,5328
-0.0222,5204
0.00587,4779
-0.031,6702
-0.0487,7119
-0.0355,6929
-0.0638,6615
0.3,622
0.243,523
-0.029,5441
0.0857,2174
-0.101,8710
-0.0807,7472
0.024,4327
0.467,501
0.201,1608
-0.00353,5254
-0.0299,6282
-0.146,8623
0.0531,3414
0.636,139
-0.000917,5367
0.151,936
-0.158,9559
0.489,401
-0.0504,5486
-0.25,9374
-0.181,9885
0.0553,3698
0.162,1633
-0.102,6205
0.194,326
-0.0999,8901
-0.24,8735
0.108,2295
0.386,387
-0.0294,5729
-0.323,9832
-0.109,9631
-0.0626,7605
-0.085,8768
-0.0396,6957
0.0934,2182
0.607,356
-0.00679,5164
0.377,1411
-0.119,9413
0.0239,4072
0.367,45
0.00556,4975
-0.093,9044
0.358,194
0.0807,3049
-0.194,7937
0.0272,4224
0.0206,4643
-0.309,9356
0.267,1079
-0.0697,7926
-0.0205,6049
0.052,2536
-0.0121,5252
0.0112,4533
-0.068,6533
-0.0487,6406
0.0708,2877
0.0491,3623
-0.0765,7816
-0.0128,5460
0.123,2898
0.157,113
0.0388,3202
-0.0548,6597
-0.082,7747
-0.433,10000
-0.0682,6454
0.0466,2827
0.0224,4466
0.296,201
-0.122,7830
0.219,990
0.269,1246
0.0729,3032
-0.283,9859
-0.0377,6092
0.0752,3194
-0.0303,6634
-0.0105,5602
0.0769,2881
0.174,662
-0.0944,7736
0.218,740
0.195,3032
-0.0211,6290
-0.0878,7475
-0.174,9334
0.229,206
0.116,1746
0.174,749
-0.284,8933
-0.0553,7583
0.0434,3554
-0.103,7718
-0.237,10211
0.00243,4994
0.0632,3620
-0.148,9948
-0.0128,5641
0.146,1460
0.312,322
0.0146,4467
0.0209,4603
-0.0557,7485
-0.135,8481
-0.17,6829
0.232,546
-0.224,10019
0.088,1703
-0.18,9817
0.158,894
-0.16,9010
0.132,3225
-0.34,8901
0.219,307
0.13,257
-0.12,8967
-0.105,8302
-0.055,7536
0.184,360
-0.0355,5590
-0.0418,6207
-0.0358,6676
-0.069,6804
0.0104,4641
0.0973,1616
-0.175,9058
0.0643,1900
-0.136,9079
0.0685,2936
-0.389,8776
0.0748,3113
-0.0448,6650
0.176,2699
-0.0809,8303
-0.055,7353
0.394,465
0.246,1356
-0.131,8282
0.0697,2555
-0.0611,7751
-0.0461,5571
-0.119,8248
-0.322,10399
-0.00892,5328
-0.0704,8445
0.0244,3878
0.571,68
-0.142,8978
0.0678,4060
0.0522,3143
-0.0729,7894
-0.153,9494
-0.218,8254
0.287,255
0.00286,4935
-0.05,6657
-0.0171,6013
-0.199,10115
-0.222,9503
0.283,2260
0.232,1975
-0.00449,5494
0.0238,4333
-0.0432,6752
0.24,489
0.257,714
-0.293,9946
0.127,2714
-0.0851,7724
-0.132,9680
0.0707,3341
0.239,1974
-0.0785,8018
0.021,3940
0.0712,3271
0.0151,4632
-0.068,8156
0.00769,4798
-0.0661,6142
0.031,3232
-0.156,8431
-0.014,6045
-0.0378,6876
-0.237,10255
0.165,1319
-0.0092,5362
0.286,479
-0.126,8022
0.0576,3100
0.256,896
-0.176,9887
-0.0603,5887
1.42,16
-0.436,9536
0.181,1614
0.0618,2892
0.367,1253
0.372,135
-0.00486,5683
0.0179,4509
-0.0334,6286
0.0428,3160
-0.2,10051
0.18,2876
-0.103,9698
-0.186,9789
-0.148,7905
-0.0722,6673
-0.199,8105
0.768,62
0.0265,3600
-0.121,8716
0.139,986
-0.0985,8297
0.046,3796
0.139,2556
-0.0818,9265
0.0128,4688
-0.408,10294
-0.0715,7313
0.0891,3010
0.00752,4766
-0.15,9904
-0.000922,5089
0.176,1730
-0.0742,7585
0.277,2077
0.0393,3825
0.172,230
-0.0554,6449
-0.0259,5953
-0.157,9095
-0.0689,7263
-0.0744,6798
0.239,278
0.244,57
-0.0249,5759
-0.0688,6261
-0.439,9659
0.0348,3873
-0.179,9359
0.0736,3111
-0.0177,5588
-0.0328,5761
0.0158,4567
-0.174,7105
0.0927,3173
0.0498,3113
0.21,640
-0.00787,5394
-0.0446,6615
-0.106,7600
0.0695,2853
0.41,127
0.0348,3868
-0.138,6603
0.0289,3865
0.0383,3114
-0.0934,7861
0.0326,4090
0.141,1800
-0.114,8616
-0.147,8290
0.0711,2837
-0.0583,7373
-0.25,9924
0.0675,3173
0.119,2577
-0.0875,8792
-0.187,8845
-0.0454,7510
-0.35,8368
0.326,1009
-0.06,6903
-0.0458,7843
1.27,608
-0.0261,5191
-0.00829,5078
-0.0336,5738
-0.0843,8636
0.0348,3634
0.296,112
0.245,641
-0.0266,5188
-0.146,9545
0.0657,2018
0.027,3251
-0.027,6026
0.173,1814
-0.0546,7371
0.0164,4577
-0.00217,5185
-0.0687,8457
-0.0896,6815
-0.0598,7727
0.297,2109
-0.152,8962
0.0308,4137
0.0477,4080
-0.237,9296
0.0148,4632
0.118,2046
0.994,286
-0.0967,8108
-0.0706,6626
0.157,1666
0.0396,3488
-0.361,9809
-0.116,8995
0.0352,3964
0.00569,4792
0.167,579
-0.27,9644
-0.304,9821
0.186,947
0.184,536
-0.0731,8459
0.2,2552
-0.0247,5436
-0.0922,7713
0.0101,4592
0.232,760
0.225,297
-0.113,8196
0.146,2408
0.296,1175
-0.0167,5748
-0.0798,9960
0.127,1179
-0.0291,6107
0.133,2357
-0.117,7224
0.0294,4124
-0.11,7583
0.0264,4359
-0.0884,7463
-0.099,7427
0.517,26
0.0954,3831
0.138,1265
-0.0657,5987
-0.151,9194
0.0386,3842
-0.186,9646
0.0557,3513
-0.0703,8478
-0.0556,8040
-0.0211,5842
0.545,23
-0.00988,5060
0.372,1194
-0.115,9591
-0.0589,7125
0.0356,4124
-0.174,8646
0.201,1984
-0.042,5865
0.0635,1394
0.00815,4735
0.0265,3942
-0.0928,7793
-0.023,5618
-0.112,6846
-0.0924,8617
-0.119,9161
-0.151,6840
-0.169,9606
0.0813,3404
0.373,47
0.0665,2744
0.0165,4429
-0.0212,6165
0.0639,2193
0.0114,4656
-0.105,8581
0.111,952
0.169,454
-0.0377,5982
0.0747,3948
0.0396,4104
-0.0207,5510
0.0708,2388
0.12,1402
0.0018,4863
0.164,1859
0.284,1339
-0.056,7284
-0.0784,9103
-0.196,9991
-0.0303,5935
-0.1,7457
0.169,2043
-0.137,7515
0.036,4046
-0.0244,5869
-0.334,9539
-0.00876,5435
0.218,1754
-0.0639,7775
0.04,3793
-0.00819,5829
0.109,2302
0.0601,3649
-0.00257,5092
0.111,2147
-0.149,9987
-0.0167,5957
0.28,367
-0.0888,6129
-0.187,7933
0.115,1794
0.0219,3860
-0.0506,6615
-0.206,10426
0.0732,3029
0.101,2207
0.162,2036
-0.0326,5565
0.191,781
-0.00091,5297
0.0321,4111
-0.0887,6841
0.0257,4166
0.042,4055
0.0127,4305
0.077,3021
0.573,232
-0.0272,6117
0.064,3306
-0.18,7121
0.0128,4574
0.0405,3473
0.0579,3467
-0.0164,5244
-0.0698,7015
0.251,239
0.00394,4766
0.0545,3239
-0.168,6414
0.04,4260
0.596,457
-0.0982,8672
-0.131,9193
-0.0828,8256
-0.0785,7695
-0.133,9503
-0.0566,6345
-0.0937,6652
-0.141,8135
0.107,3004
-0.167,9180
-0.167,8573
0.112,3130
-0.277,9192
0.0324,3724
0.0937,1260
-0.0215,5916
-0.0287,5840
0.106,2833
0.000995,5096
0.94,68
-0.0686,7523
-0.0256,6108
-0.105,8701
-0.185,9458
-0.0809,7420
-0.00499,5467
0.0362,3987
0.0391,3334
0.0361,3962
-0.076,7727
-0.143,8441
0.11,2825
0.0791,1813
-0.117,8918
0.0373,4579
0.132,2169
-0.0909,6768
-0.0422,5871
0.107,2599
-0.00507,5308
0.361,184
0.00763,4637
0.0157,4514
-0.205,9675
-0.123,7962
0.237,147
-0.0367,6078
-0.356,10243
0.305,171
-0.0627,6030
0.00934,4658
0.02,4057
-0.00124,5034
0.000284,4939
1.02,92
-0.00105,4555
-0.0043,5114
0.168,749
-0.234,9486
0.223,816
-0.178,9200
0.127,3131
0.027,3753
-0.0943,7860
0.15,797
0.299,466
0.225,444
-0.717,8916
-0.0515,7965
-0.00879,5382
0.062,3483
-0.0177,5579
0.0256,3965
-0.0982,6415
0.0234,3881
0.0153,4137
0.0676,3448
-0.0192,5671
-0.0862,6633
-0.165,8460
0.0802,3387
-0.308,9445
0.15,2750
-0.117,7849
-0.00851,5164
0.017,4755
-0.106,8733
-0.0982,8977
-0.0782,6140
-0.257,10146
0.133,2433
-0.0218,5754
0.0618,1974
0.0385,3213
-0.0912,7994
0.143,2342
1.04,527
-0.0225,5147
0.00428,4932
-0.102,7631
-0.219,8235
0.406,136
0.0984,3347
0.066,3376
0.164,1347
-0.0248,7646
-0.199,8669
0.933,156
-0.183,9822
0.000765,4987
0.00817,4846
0.00587,4904
-0.0952,4943
-0.0171,5304
0.111,2387
0.142,2368
-0.143,7408
0.0712,1997
-0.077,7577
-0.0363,7098
-0.129,9927
-0.00815,5219
-0.0184,6386
0.158,936
-0.144,7932
0.0999,2792
0.0342,4057
-0.394,10027
0.0654,3943
0.0124,4462
0.0708,3147
0.052,3449
0.0408,3937
0.168,1800
0.0116,4620
-0.0456,5862
-0.138,7741
-0.142,9582
-0.139,8778
-0.16,9790
-0.0914,8098
-0.142,9854
-0.107,7349
-0.00721,5157
-0.00718,5399
0.272,982
-0.127,8350
0.324,47
0.0586,3469
0.117,2317
0.608,311
0.274,1925
0.0361,4127
-0.173,8643
0.168,669
0.0719,2718
0.0735,2929
-0.175,8182
-0.0163,5715
0.109,1497
-0.0684,7262
-0.0347,5914
-0.187,8832
-0.0493,6328
0.00967,4625
-0.12,8414
-0.217,8674
0.0299,3806
-0.373,10353
-0.205,8553
0.121,103
0.234,933
-0.221,9885
0.288,233
0.0811,3214
0.181,3128
-0.168,9244
0.118,627
-0.00435,5198
-0.0805,8424
-0.0225,5292
0.14,1717
-0.263,8646
0.0309,4101
0.00636,4944
-0.0116,5778
-0.338,9773
0.232,1177
-0.0582,6079
-0.0606,6664
-0.279,10004
0.0875,3458
-0.146,9143
-0.0831,7733
0.0211,4160
0.0547,2585
-0.0596,6394
-0.191,8568
-0.0116,5079
-0.0195,5341
0.0879,2616
0.00427,4835
-0.138,9061
0.102,2016
-0.127,7010
0.0292,4380
-0.223,10413
-0.0445,6299
0.33,483
-0.117,7823
0.0429,4237
-0.0909,8150
-0.192,10201
0.0415,2474
0.371,611
0.193,1270
0.232,899
0.108,3215
0.0403,3974
0.202,673
0.0457,3525
-0.136,7062
-0.167,8534
-0.0398,5813
0.122,976
-0.21,9351
-0.158,8486
0.0113,4774
-0.162,8905
-0.125,8791
-0.0754,8234
-0.0201,6113
-0.0664,7002
-0.0849,7007
0.172,2570
0.363,573
0.0197,4041
-0.159,8742
-0.0897,8237
-0.0974,7345
0.0322,3616
0.0808,3116
0.0339,3988
0.0531,3757
-0.0905,7940
-0.139,9616
-0.136,9038
-0.431,10323
-0.0149,5265
0.167,2002
0.0611,3487
-0.183,9707
-0.0272,5838
0.153,1780
0.00932,4809
-0.0202,6430
0.0119,4529
-0.128,7380
0.255,1323
-0.0619,8677
-0.0806,9495
-0.0425,6284
0.171,1397
0.174,1063
-0.0829,6845
-0.114,7229
-0.0325,6485
0.048,3301
0.0127,4658
0.118,1957
0.0286,4504
0.0989,1362
0.0113,4221
0.125,332
-0.102,3687
0.393,1070
0.129,1983
-0.195,9354
0.161,638
0.0638,3608
-0.328,9244
-0.304,9909
0.0725,3180
-0.0678,7091
0.0781,1693
0.132,2098
0.0491,3561
-0.0706,6223
-0.164,7175
0.018,4520
-0.0295,5876
-0.166,9094
0.135,309
-0.169,8928
-0.149,8871
0.049,3807
0.066,2073
-0.169,9516
-0.177,10094
-0.0481,6010
0.344,1371
0.0698,2080
0.0306,3968
0.0714,2516
0.329,62
0.0648,3021
0.281,511
-0.0218,6157
-0.171,7665
0.0471,3728
-0.122,9579
-0.185,7556
0.214,2891
0.0432,3728
-0.0946,8188
-0.0934,7772
0.0245,4304
-0.0714,7315
0.0532,3007
-0.151,9450
0.0166,4434
-0.0556,6115
0.0149,4680
-0.0908,6501
0.0822,2823
0.0315,2862
0.0731,2647
-0.17,9578
-0.0402,7215
0.0277,4021
-0.167,9105
-0.215,10088
0.169,951
-0.107,7955
-0.0983,7508
-0.208,9389
0.11,2068
-0.159,8275
-0.0515,6630
-0.122,9667
0.14,1809
0.0455,3569
-0.23,9269
-0.0241,6227
0.1,3207
0.0191,4182
0.139,1887
0.577,26
-0.0357,5584
-0.108,8432
-0.121,9746
0.0905,1899
0.146,2637
0.00994,4332
0.0717,3866
-0.297,10411
-0.153,9346
-0.0905,7033
-0.132,8718
-0.026,6072
-0.103,6299
0.0225,3947
0.178,1286
-0.0181,5415
0.183,197
-0.0167,5147
0.228,1238
0.078,2295
0.121,1359
0.269,851
0.0625,3105
-0.116,6474
0.0262,4323
-0.0406,7142
0.0805,3113
0.0381,3508
0.204,1696
0.343,2424
0.869,174
0.0188,3911
0.0229,4729
0.00483,4802
-0.044,6167
-0.18,8025
-0.08,5661
0.121,1124
-0.199,7758
-0.32,9408
-0.00981,5328
0.148,3056
-0.0315,5811
-0.0285,6652
-0.0738,7411
0.00755,4812
0.183,2406
0.018,4448
-0.0293,6084
-0.0416,7613
0.046,3286
-0.181,8109
0.0373,4068
0.0174,4663
-0.197,8315
-0.134,9369
0.0142,4585
-0.0807,7294
-0.00372,5024
-0.161,9559
-0.117,7814
-0.0179,6138
-0.106,8178
-0.0588,6942
-0.0447,7130
-0.274,9554
0.0379,4178
0.112,1910
0.0118,4556
-0.184,10004
-0.0793,7561
0.0853,2389
0.207,2217
0.0924,1465
0.0819,1637
-0.00912,5420
0.148,1415
0.162,1430
0.0372,4136
-0.0366,6033
0.0133,4755
-0.207,8818
-0.153,7485
0.0175,4217
-0.1,6334
-0.11,8987
0.106,742
0.0296,4115
-0.222,9107
0.262,1530
0.00595,4956
0.141,780
-0.00933,5181
-0.244,8368
-0.174,9854
0.166,1403
0.0459,3336
0.1,1888
0.0868,2005
0.0767,2524
-0.0749,6593
-0.14,7673
-0.0236,5283
-0.245,9972
0.0847,1857
-0.0905,9155
-0.0108,5873
0.01,4850
0.042,3457
-0.154,8375
0.0905,2021
0.111,1191
-0.182,9023
-0.0884,9260
-0.141,9065
-0.118,8611
0.189,525
0.0408,4288
0.011,4680
-0.207,7908
-0.0822,6963
0.135,476
-0.0699,8613
0.144,1515
0.0308,4095
-0.0902,9318
0.0661,3591
-0.0527,6886
-0.103,9024
0.0218,4450
-0.13,8602
-0.0865,7726
0.0805,3098
-0.0975,8529
0.00856,4530
-0.202,9976
-0.135,8824
-0.0228,5339
-0.185,9952
-0.106,9094
-0.0743,6851
0.272,692
-0.0842,8077
-0.24,9434
-0.0727,7077
0.0473,3241
-0.0499,8450
0.0671,3356
0.157,483
-0.0703,6774
0.124,2312
0.139,1017
-0.027,7061
0.0645,3010
0.116,1995
0.0947,2482
-0.421,9251
-0.0571,6867
-0.0891,8984
-0.382,10238
0.0578,2116
0.0574,2768
-0.0927,7813
0.157,1887
-0.0426,7002
0.104,2443
0.0136,4689
-0.0773,6891
-0.0813,5696
-0.365,9884
0.135,1563
0.158,2427
-0.0911,8057
0.796,274
0.152,2591
0.194,564
-0.0409,6714
0.339,476
-0.256,8856
-0.0575,6522
-0.018,5854
0.088,1405
-0.158,10156
0.0313,3977
0.174,2268
-0.2,9775
0.0208,4580
-0.0551,6238
0.00412,4853
-0.196,8403
-0.148,8507
-0.371,9680
0.186,1854
0.234,705
0.0729,2172
-0.0011,4966
0.0154,4402
-0.343,10386
-0.0305,5449
0.0703,2685
-0.101,7329
0.0825,3322
0.0176,4643
0.114,2722
-0.0932,8050
-0.144,8669
-0.0464,7675
0.0649,3208
-0.0474,6491
-0.171,8701
-0.184,9431
-0.0858,8316
0.00511,4669
0.118,1927
-0.341,8209
-0.32,10135
-0.0165,5261
-0.103,10294
0.0894,1817
-0.186,9382
-0.113,8966
0.259,787
0.116,2751
0.142,1420
-0.144,9657
-0.204,10147
0.0574,2292
0.0329,4129
0.00568,4875
-0.0513,7184
-0.142,9158
0.339,447
0.587,629
0.0744,3720
0.00841,4701
0.0944,2035
-0.112,7442
-0.0256,5643
0.278,1074
-0.415,7202
0.338,935
0.0864,2120
-0.103,8672
-0.0953,7571
-0.167,8601
0.327,1475
-0.114,7811
-0.0992,7700
0.154,1310
0.164,969
0.42,30
-0.271,8863
-0.0784,8678
-0.00206,5304
-0.115,9019
-0.108,8620
0.346,986
-0.178,8344
-0.121,5807
0.185,505
0.0387,3782
0.154,1859
0.0517,3434
-0.158,8319
-0.128,8010
0.127,1628
-0.027,6666
-0.173,9900
-0.192,9797
0.0294,4174
0.22,1170
-0.0119,5775
0.0424,3037
0.0555,3693
-0.0492,6734
0.0109,4085
-0.181,8552
0.101,1872
0.174,357
-0.151,8811
-0.018,5379
-0.243,9163
0.0584,2452
-0.0162,5681
-0.153,9670
-0.00393,5424
0.0279,3946
-0.142,9225
0.36,1617
0.0685,3085
-0.081,7822
0.0142,4661
-0.0265,6406
-0.00722,5382
0.0481,2819
-0.00578,5779
-0.198,10145
0.0775,2979
0.216,609
-0.13,7089
0.554,533
-0.185,9673
-0.174,10062
-0.046,5698
0.506,276
0.0231,3851
0.312,1314
0.14,2105
-0.0804,8347
0.00277,4714
0.226,1075
-0.00569,5139
0.0135,4565
-0.0266,6901
-0.086,7705
-0.0759,6529
-0.0649,6289
-0.124,7986
0.0612,3556
0.508,219
0.0119,4259
-1.11e-16,7500
