coef,rank
-0.579,9439
-0.0864,6542
-0.0294,5488
-0.0246,5202
-0.441,9198
-0.152,8760
-0.131,9575
0.143,1955
0.0667,3398
-0.212,9431
-0.166,9823
0.0785,1788
0.0422,3599
-0.245,9905
-0.304,9369
-0.596,9842
-0.0261,6855
0.0864,801
0.0924,2302
0.024,4276
0.254,989
-0.308,8635
-0.0801,7399
-0.058,6831
-0.00581,4991
0.295,798
0.102,1704
0.228,2973
0.223,1361
-0.0159,5733
-0.0431,6423
-0.195,7660
-0.22,9531
-0.29,9066
0.0374,3558
0.0936,1252
0.09,2215
0.42,404
0.107,2315
-0.0439,6153
0.0114,4275
0.00262,5180
0.219,1227
0.185,614
0.0536,3641
-0.00458,4939
0.0216,3571
-0.00703,5573
-0.0331,5570
0.0094,4689
0.343,156
-0.121,7593
0.0947,2669
-0.0651,8353
0.217,866
-0.106,7483
0.43,1116
-0.152,8327
3.4e-05,5197
-0.0718,8028
-0.0269,5544
0.115,1980
0.0712,2310
-0.0169,6167
-0.00841,5398
-0.00829,5544
0.105,1513
-0.0757,7958
0.192,952
-0.302,7191
0.0492,2945
0.0311,3734
-0.156,8919
-0.199,9282
-0.153,8345
0.0477,3615
0.0609,2867
-0.0814,7910
-0.147,9974
-0.205,10160
0.127,3750
0.00269,4668
0.105,1015
-0.163,10041
-0.0988,8167
0.347,618
0.129,1523
-0.0581,5669
-0.0671,8414
0.0296,3448
-0.0605,6587
0.138,2001
0.253,1276
-0.0441,6138
-0.0053,5348
0.194,228
0.245,1230
-0.089,8728
-0.0388,6514
0.121,1940
-0.00628,5349
0.0229,4296
-0.0676,7702
-0.0483,5942
0.261,1633
-0.0892,7036
-0.263,9338
0.2,1229
0.2,1053
-0.222,9770
-0.362,9297
-0.309,10202
0.115,868
-0.0686,8724
0.0945,2741
-0.29,10426
0.111,1211
0.0373,3901
-0.171,9387
0.0184,3989
0.0981,1326
0.108,1070
-0.0723,6129
-0.188,7450
-0.0364,6735
0.122,2914
-0.146,7539
-0.00956,5129
-0.169,9041
-0.108,8064
-0.0302,6397
0.11,2142
0.161,2026
-0.00313,5376
1.31,1104
0.00524,4746
-0.113,9167
-0.0611,7303
-0.097,6113
-0.0497,7625
0.0697,3432
0.0409,3817
-0.023,5574
0.0862,2162
-0.0266,5617
0.148,2068
-0.0415,6875
-0.237,9422
0.0852,2551
0.0994,1451
0.356,2196
-0.0311,6152
-0.311,9349
0.0265,4156
-0.0102,5147
0.0158,4553
0.239,1490
0.0437,3659
-0.117,7875
-0.0394,6182
0.15,1904
-0.111,9966
0.241,565
-0.159,8906
0.079,2206
0.0429,3410
-0.176,9501
-0.136,9874
-0.263,10156
-0.132,7007
0.0749,2688
0.0732,2292
-0.0209,6728
-0.0941,8175
0.133,816
0.0137,4392
0.0659,3952
0.0113,4391
-0.0517,7142
-0.00779,5233
0.00703,4922
0.275,88
0.167,163
0.00916,4376
-0.0454,6868
0.132,984
-0.0508,6444
0.103,1629
-0.226,7690
0.0247,4253
-0.145,8969
-0.0328,7525
0.095,2058
-0.131,8131
-0.103,6639
0.024,4169
-0.00514,5229
-0.00992,5224
0.0333,3379
-0.152,8036
-0.000748,4813
-0.424,10353
-0.0828,8712
-0.0905,7243
-0.0274,5755
-0.119,7621
-0.068,7070
-0.167,8745
-0.0612,7549
-0.088,8699
0.039,3689
-0.145,8443
-0.269,10038
0.0198,4318
0.083,889
0.237,96
0.0612,3540
0.0511,3537
0.106,3163
-0.722,8871
0.202,909
-0.138,9985
-0.00999,5850
0.194,1444
-0.161,7526
0.00954,4670
-0.0574,7077
0.0489,2646
-0.0768,8942
-0.107,7048
-0.177,9566
-0.0618,6121
-0.248,9524
-0.0452,7891
0.345,149
0.18,1334
-0.0442,5102
-0.116,7977
-0.08,6603
0.285,1931
0.703,90
-0.0874,8437
-0.0322,6488
0.0607,3003
0.0119,4462
0.0889,2424
-0.0943,7359
0.0459,3500
0.0657,3503
-0.00664,5397
0.109,695
-0.0928,6651
-0.114,6656
-0.354,10066
0.149,3069
-0.031,6240
0.00674,4568
-0.0188,5763
0.0471,3733
-0.288,10315
0.00664,4689
0.0551,2718
-0.0706,7315
0.012,4548
-0.201,10091
-0.173,9151
0.63,467
-0.188,9051
0.0179,3895
-0.183,9569
-0.0385,6288
0.217,1055
0.175,878
-0.0572,6803
-0.019,5488
-0.0897,7939
0.0114,4656
-0.207,9216
0.224,383
-0.111,8388
-0.279,9815
-0.0859,7349
0.514,62
-0.156,8687
0.185,1124
0.022,3951
-0.0934,7559
-0.189,9115
-0.014,5277
0.19,1559
0.17,2379
0.102,1073
-0.192,10325
-0.168,7840
0.00789,4927
-0.0124,5483
-0.0537,6153
-0.126,8851
0.0278,3935
-0.103,7743
-0.0796,7332
-0.0157,5503
0.136,3150
-0.148,10161
0.367,403
0.0216,4329
0.154,2758
-0.532,10470
-0.0278,6268
0.0798,1501
-0.0659,7398
0.173,1286
0.0955,3284
0.0547,3955
-0.0174,5524
-0.161,7863
0.0894,3157
-0.234,8957
0.0429,3606
-0.0652,6491
-0.0605,5903
0.153,423
-0.0519,7130
0.0773,2447
0.325,192
-0.0691,8438
0.278,2323
0.0239,4233
0.121,975
0.00629,4860
-0.234,9778
0.119,2498
0.121,2514
-0.0659,7959
-0.0838,8715
-0.0806,7795
0.00668,4770
0.102,1784
0.356,804
0.015,4290
0.679,1834
-0.133,7715
-0.0107,5777
0.0583,2073
-0.159,8548
0.0393,3166
-0.198,9659
-1.02,9301
-0.554,9883
-0.302,5303
0.136,3105
0.425,2254
-0.213,9212
0.331,699
-0.0356,6299
-0.0394,5811
-0.0478,7860
-0.0792,9249
0.41,2300
0.172,2168
-0.167,8344
-0.227,7272
-0.118,8296
0.161,236
0.163,2696
0.07,3384
-0.0179,5837
0.0158,4419
-0.105,7401
-0.0136,5832
0.112,2185
-0.247,9677
0.0753,3054
-0.0388,5524
-0.251,9888
-0.126,9382
0.228,1210
-0.0679,8906
0.0551,3609
-0.151,6030
-0.00929,5607
0.0626,2578
0.247,480
-0.325,10444
0.0494,4057
0.0798,3061
0.0968,2372
-0.0239,5906
0.0521,3407
0.111,3051
-0.00211,5107
-0.336,9892
0.467,64
0.123,1449
0.276,1416
-0.105,8653
0.000407,5192
0.012,4612
-0.00183,5155
-0.0357,6552
0.125,1686
0.0212,4446
0.386,211
-0.0398,5124
0.0762,197
0.0191,4392
0.0109,4582
0.165,2197
-0.0294,5784
-0.0125,5566
0.0593,2513
0.044,2166
0.000915,5057
0.17,1006
-0.196,8251
0.201,718
0.0644,3633
-0.097,9504
-0.0179,5520
0.159,1730
-0.0276,6088
-0.244,9557
-0.166,8094
0.0869,1782
0.245,478
-0.135,7935
0.126,2354
0.0604,3300
0.00307,5032
-0.000914,5352
0.0139,4952
-0.121,8585
0.0809,3602
-0.102,8588
-0.00677,5008
-0.0326,6389
0.0113,4488
-0.528,9282
0.117,2762
-0.154,8378
-0.106,6347
-0.0334,6648
-0.146,8884
-0.113,7418
-0.00018,4933
-0.026,5466
0.0336,4324
0.0659,2693
0.000552,4918
-0.00271,4896
-0.022,5944
0.115,2452
-0.00051,5138
0.109,1425
-0.0452,7802
-0.0443,6062
0.152,1588
-0.0933,7518
0.0135,5014
0.0296,3762
-0.0935,7209
0.00304,4757
-0.336,10153
-0.12,8209
0.0609,3301
-0.0162,5892
-0.108,8750
0.0499,3478
-0.0134,5488
0.11,1303
-0.0993,8027
-0.00312,5173
-0.135,8054
0.0465,3616
-0.137,7280
0.0382,3718
-0.0114,5294
-0.0107,5490
0.251,1638
-0.014,5872
-0.333,10323
-0.0201,5557
0.0344,4257
0.0262,4244
-0.122,9725
0.0307,3936
-0.0699,7888
0.0894,2229
0.0194,4341
-0.0108,6482
-0.00402,5138
-0.0747,7948
0.2,2352
0.549,364
-0.0435,6893
0.227,463
0.118,1636
-0.0352,5979
0.0884,2702
-0.156,8016
-0.117,9146
-0.0239,6396
0.023,4175
-0.0359,5616
-0.17,9570
-0.149,7082
-0.103,7013
-0.0655,6352
0.174,288
-0.496,9892
-0.23,8805
0.114,3130
-0.132,6510
0.0938,1128
-0.0229,6410
-0.17,10019
0.0557,3165
-0.52,10465
0.223,907
-0.0497,7269
-0.116,8548
-0.479,10235
0.00569,4918
0.284,774
-0.158,7032
-0.119,9730
0.0744,2712
-0.179,9411
0.173,733
-0.158,9433
-0.0195,5398
-0.045,7191
0.0877,916
1.72,240
-0.162,3899
-0.0893,5510
-0.0692,7121
-0.0107,5197
-0.12,9140
0.138,2028
0.135,2176
0.13,1691
0.034,4167
0.0333,4250
-0.119,8321
-0.0648,7456
0.241,2766
0.166,2959
0.133,924
0.0101,4694
0.125,1493
0.21,1221
0.375,148
-0.136,8888
0.0811,2907
0.281,393
-0.105,8222
0.178,519
0.23,838
-0.0493,6566
0.248,100
-0.226,10323
0.0576,3043
-0.167,9547
0.275,663
0.0249,3892
0.218,250
-0.0883,7265
0.00983,4760
0.0157,4411
-0.131,8814
0.114,2445
-0.11,8315
0.0118,4363
0.0602,3974
0.0521,3373
-0.233,9219
-0.482,10099
-0.0639,7650
-0.221,10046
0.134,2616
-0.066,7731
0.0309,3867
0.0185,4607
-0.0797,8370
-0.042,6772
0.103,2318
0.0174,4597
0.238,1240
0.181,2632
0.0767,1238
-0.172,9472
0.224,1054
-0.0798,7284
-0.023,5938
0.0098,4500
-0.122,8607
0.00255,5046
0.219,1162
-0.169,8138
0.0375,3978
-0.0216,5526
-0.0303,5924
0.117,916
-0.0257,5744
0.0784,1921
-0.284,9345
0.48,239
0.09,2180
-0.121,9148
0.0679,3569
-0.0683,7536
-0.0828,6900
0.137,2141
0.142,1212
-0.0768,8266
-0.0409,7174
0.153,1386
0.107,2178
0.118,1858
-0.0185,5923
0.0903,2920
-0.0867,8636
0.923,959
-0.459,9724
-0.0737,7891
-0.012,5593
-0.0245,6364
-0.0661,7907
0.171,1874
-0.198,9703
-0.0296,6660
0.0109,4475
-0.0128,5563
-0.0116,5316
-0.338,10045
0.16,1821
0.29,191
-0.000427,4768
-1.07,10292
-0.106,8205
0.0533,3857
-0.148,8414
0.0711,2343
0.0717,2838
-2.24,10453
0.132,1132
-0.00974,4815
0.0738,3540
0.036,3256
-0.379,10283
-0.577,9050
0.00866,4010
-0.00444,5323
-0.376,10148
-0.138,9211
0.0271,4438
-0.0327,6310
0.0287,3291
-0.0852,7326
0.0638,3934
0.294,1993
-0.0445,6870
0.135,1370
0.0669,2228
-0.261,9791
0.0239,4184
0.875,40
0.0268,3960
-0.0208,5725
-0.0369,6521
0.115,2564
-0.122,7084
-0.117,7934
-0.0622,6622
-6.06e-06,5134
-0.117,8990
0.145,2159
0.111,1186
0.556,12
-0.163,7916
0.0777,2471
0.175,1907
-0.249,9777
0.129,3435
0.0442,3795
-0.00457,5232
-0.147,9058
0.126,1313
0.151,2174
0.0949,3416
0.111,2324
-0.318,9504
0.144,2217
-0.0336,6061
-0.159,9438
0.369,1833
-0.204,9511
0.0714,2891
0.193,521
0.0197,4307
0.14,724
-0.177,9049
0.0217,4782
0.176,3282
-0.183,10265
0.0177,4376
-0.125,9701
-0.196,8953
-0.0154,5986
-0.398,9833
-0.0925,7868
0.0315,3583
0.666,81
-0.191,9187
0.00697,4834
0.0838,3055
-0.139,8700
-0.126,9382
0.0154,4616
-0.0963,6505
0.137,3646
0.147,2632
0.0337,3301
0.0433,3835
-0.00853,5185
0.12,1226
-0.0415,6584
-0.531,10361
0.066,3270
0.0335,4041
0.232,555
0.00427,4849
-0.218,7944
0.255,2721
-0.0443,7318
0.0737,1969
0.199,492
0.207,909
0.174,1695
0.352,411
-0.22,10398
0.314,162
-0.0243,5612
-0.1,6232
0.139,1268
0.204,225
-0.102,8597
-0.045,6620
0.151,1397
0.488,340
-0.0751,8523
-0.0213,5657
-0.1,7088
0.13,680
0.00999,4547
0.125,1952
-0.263,10267
-0.0129,5333
0.0779,2957
-0.0237,5656
-0.108,7866
0.445,536
0.28,795
0.0252,4503
-0.0871,9114
-0.402,10241
1.08,17
0.0494,3613
-0.251,9238
0.374,246
0.0528,3219
0.121,1706
-0.35,10104
-0.101,9462
-0.336,9531
-0.146,7791
0.178,1490
-0.0321,6642
-0.0172,5549
0.0671,3434
0.0945,2684
-0.333,10225
-0.0558,7509
0.166,1234
0.0138,3409
0.00248,5177
-0.0363,9698
-0.0466,10428
0.0143,2391
-0.896,9580
-0.000848,4982
0.328,2688
0.0461,3520
-0.177,9442
0.208,2172
-0.0664,6362
0.248,1137
0.142,877
-0.0873,6835
0.141,1503
0.497,311
-0.000416,5359
0.314,133
-0.00969,5476
0.194,3070
0.154,3397
-0.334,9379
-0.632,10250
-0.0801,7310
0.0155,4604
-0.18,6628
-0.0935,6968
0.112,2807
-0.337,8763
-0.385,10472
-0.154,9551
-0.0357,5489
0.235,706
0.101,1769
0.0909,1793
0.219,2230
-0.119,7588
0.0562,3260
-0.173,7906
-0.0591,6607
-0.116,9420
-0.0442,8333
-0.0782,7172
-0.00052,5089
-0.121,8318
-0.484,10419
0.365,136
-0.106,8192
-0.21,9102
-0.123,8704
0.0667,3388
-0.06,7305
-0.00487,5334
-0.0827,7549
0.0833,2361
0.29,24
0.103,3221
-0.107,6440
0.0387,3717
0.0367,3966
0.352,767
0.0183,4167
0.00868,4912
-0.0338,5476
-0.0941,8396
-0.115,8645
-0.328,9490
-0.0911,8819
0.394,108
-0.00396,5314
0.0738,2574
0.134,1138
0.00339,4881
0.0408,3793
-0.0658,6776
-0.168,8113
-0.0117,5895
0.028,3979
-0.0504,5361
-0.0538,6030
-0.0292,6000
-0.0697,6950
0.0191,4731
-0.155,10095
-0.145,9719
0.301,1696
-0.28,10361
-0.151,9723
0.358,1988
-0.0849,8076
-0.0241,4737
-0.0531,8159
-0.0657,7650
-0.0369,6792
0.0719,3553
0.796,1212
-0.033,5074
-0.344,9444
-0.137,9105
0.794,147
-0.109,8358
0.0434,3505
0.125,1882
0.0399,3648
0.0327,3991
0.0168,4733
-0.00625,5066
-0.124,8862
-0.0276,6105
0.233,195
-0.242,9390
-0.0557,7299
0.000216,5097
0.0753,3233
-0.19,9374
0.12,2130
-0.81,9725
-0.322,5185
0.0954,2682
-0.0873,6155
0.101,3010
-0.111,7273
0.127,2702
-0.113,8625
-0.175,9300
0.0856,1839
0.151,1178
-0.0193,6821
0.201,888
0.292,567
0.257,662
0.0128,4395
-0.112,7569
0.00576,4949
-0.225,8190
-0.00319,5233
0.0816,3724
-0.0605,6712
-0.0568,8100
-0.0148,5662
-0.117,6110
-0.0269,5976
0.0358,4095
0.362,606
-0.104,9273
0.142,2011
-0.0872,6224
0.027,4202
-0.234,10160
-0.0609,6232
0.0229,3865
0.0741,2328
-0.247,5370
-0.513,8607
0.201,1717
-0.2,10373
-0.494,10400
-0.0384,5663
0.076,3770
-0.0953,6878
-0.118,8498
0.391,661
0.13,548
0.142,2134
-0.0125,3715
0.253,2418
1.06,294
-0.0869,7954
-0.251,10135
-0.183,9562
-0.197,8000
0.154,3189
0.648,913
-0.0104,5981
-0.0666,7353
-0.246,8631
-0.0206,5666
0.119,3404
0.0297,3972
-0.0138,5740
-0.0461,7384
-0.125,10287
-0.0966,7952
-0.0645,7990
-0.0345,6940
0.0191,4249
-0.244,10413
-0.00263,5014
-0.134,9574
0.245,1756
0.1,3376
0.202,860
-0.049,6227
0.0279,4188
-0.0211,5446
-0.0765,7056
-0.0731,6599
-0.0638,6646
-0.17,10030
-1.2,9944
0.246,1565
-0.115,5945
0.348,721
-0.103,7475
-0.00385,5041
-0.0723,6484
0.0779,2880
-0.143,9136
0.0939,2629
-0.00623,5300
0.0937,108
0.25,992
-0.489,8080
-0.0818,5935
-0.0463,6141
-0.198,10395
-0.0893,8037
-0.051,5994
-0.0604,6967
0.127,3035
0.192,341
-0.115,8202
-0.0588,7900
-0.143,8419
-0.0888,6894
-0.244,8169
0.0712,3603
-0.218,8790
0.0137,4423
0.143,1870
0.0575,3105
0.264,759
-0.0425,5091
-0.0737,7700
0.164,660
0.314,987
-0.122,8588
0.0889,2786
-0.0863,6225
0.111,1530
-0.107,8816
0.165,1979
-0.0558,6502
0.282,1217
-0.216,8559
0.144,1606
0.00368,5020
0.0747,2415
-0.208,9434
0.123,1230
-0.372,8853
-0.0292,6827
0.00976,4660
0.198,2215
-0.0367,5772
0.239,1964
-0.129,8427
-0.22,9833
0.0558,3730
-0.32,9901
-0.0379,6118
0.0507,2503
-0.188,10195
-0.0575,7645
-0.0601,7394
-0.0335,6373
-0.119,9057
0.00956,4824
-0.0096,5460
-0.0411,6952
0.0905,2148
-0.0937,8548
-0.0906,6658
0.0356,3821
-0.134,7132
-0.238,10092
-0.0239,6300
-0.189,7607
-0.0449,6221
0.0528,3535
0.159,2938
0.0809,2802
0.0865,2473
0.211,1805
0.115,1978
0.134,3397
0.438,14
0.0752,3039
0.0085,4742
0.0157,4608
-0.00645,5190
0.68,1822
-0.0732,7831
0.104,2379
0.00421,4870
-0.148,7294
-0.0115,5039
0.00325,4944
0.132,1322
0.0028,4825
0.000339,5146
0.182,1327
-0.0268,5615
0.242,797
0.161,718
0.0746,2754
-0.0241,5944
0.0113,4986
0.005,5121
-0.214,9224
0.0118,4508
-0.0703,8453
0.148,1666
0.086,2324
0.0145,4672
0.0168,4717
-0.199,9472
-0.137,8540
0.141,1929
-0.154,8267
-0.163,7527
-0.000225,4906
0.128,1019
0.0968,1422
0.308,1093
0.0699,2923
0.0597,3422
-0.391,10331
0.0914,1823
0.0184,4257
-0.0349,5573
-0.0502,6575
0.0587,3551
0.749,882
-0.0272,5330
0.027,3888
0.0463,3178
-0.0579,6623
0.147,515
0.0282,4381
0.0877,896
0.167,1467
-0.278,9363
-0.283,8181
-0.255,6809
-0.0556,6206
-0.391,10470
-0.103,9192
0.0613,3065
-0.0851,8353
0.28,1593
-0.168,8772
0.0396,3540
-0.164,10154
0.179,1634
-0.129,7301
0.0642,3217
0.0403,3745
0.141,496
-0.0941,7802
0.079,3160
0.0739,3262
-0.0151,5631
-0.0152,5159
-0.191,9667
-0.157,7919
0.104,1651
0.336,456
-0.0324,7058
-0.0949,7406
-0.0263,6648
0.0559,3700
-0.0789,7432
-0.0328,6513
0.237,2706
0.0508,3721
-0.149,10419
-0.0485,6543
-0.0185,5470
-0.0269,5507
-0.279,9630
0.308,1165
-0.0276,6391
-0.0874,8684
-0.108,7221
0.157,2278
-0.321,10250
-0.0831,7227
0.0583,3471
-0.0903,8604
0.00831,4491
-0.227,9850
-0.0434,5794
0.112,1935
0.00586,4921
0.00792,4629
0.122,1930
0.113,2937
-0.396,10063
-0.0397,6194
-0.00591,5468
-0.047,6545
-0.00744,5183
0.0976,1684
0.102,2775
0.0399,3726
-0.193,10376
0.0835,1793
0.0509,2616
0.0682,4002
0.00962,4828
-0.134,9241
0.147,1128
-0.155,9420
1.18,1232
0.0693,3944
-0.112,7385
0.27,2593
0.0526,3162
0.202,1460
0.17,782
0.182,724
-0.0892,7395
-0.0975,7717
-0.032,5700
0.0805,1607
0.104,1717
-0.0142,5379
-0.355,9965
0.154,2524
-0.208,9971
0.0613,1927
0.14,1551
-0.0404,6447
0.117,1696
-0.211,10278
-0.0382,7252
9.53e-05,5003
0.251,251
-0.0559,6189
-0.0575,5338
0.122,3100
-0.086,7493
0.146,1186
-0.14,8121
0.0595,2721
0.088,2975
-0.436,10413
0.0862,3030
0.0908,2444
-0.135,8546
-0.528,9091
-0.18,9550
0.234,1753
-0.0707,7978
-0.0932,8415
-0.124,9533
0.274,1298
-0.0855,7965
-0.117,7553
-0.0998,9766
0.0581,3071
-0.0114,5436
0.136,1582
-0.122,8961
-0.291,9835
-0.564,10403
-0.0461,5515
0.0933,3140
-0.173,8932
-0.227,8722
-0.309,6953
-0.15,9178
-0.102,6718
0.301,259
-0.0468,6285
-0.088,7203
0.183,2795
-0.15,9540
-0.0105,5387
0.00503,4728
0.497,736
0.118,1152
0.12,2001
0.125,731
0.106,2011
0.0931,3696
0.0274,3858
0.309,1817
0.0843,2256
0.0142,3993
0.0158,4594
0.0341,3840
-0.0682,6126
-0.0677,7510
0.00902,4750
-0.0198,6138
0.274,681
0.0394,3422
0.0213,3888
-0.186,10351
0.0539,2746
-0.0883,8289
0.0117,4898
-0.408,10286
-0.0103,5354
-0.0124,5347
0.0987,2086
0.00971,4604
0.0474,3890
0.0455,4377
-0.000382,4861
0.0194,4454
0.0167,4337
0.136,1176
-0.00391,5053
-0.0699,7692
0.383,1085
-0.0305,6495
-0.00606,5445
-0.0739,7961
-0.157,8099
-0.031,6773
-0.156,7247
0.128,1514
-0.0153,6018
-0.08,8753
0.201,690
0.0985,2138
0.117,2200
0.289,1352
0.276,423
0.0428,3567
-0.236,9690
-0.144,9102
0.00933,4746
0.144,2178
-0.0196,5938
-0.0998,9433
-0.0531,6858
0.0718,3215
0.249,430
-0.161,8516
0.0154,4424
0.0939,1700
0.0115,4562
-0.0223,5974
-0.0636,6863
-0.079,6499
0.0202,4433
-0.0683,6918
-0.242,9557
-0.174,9916
0.0875,2067
-0.0463,4462
-0.196,9026
-0.144,9066
-0.0465,7025
-0.13,8736
-0.0738,6695
-0.201,10272
-0.244,10343
0.169,776
0.0873,3766
-0.86,8826
0.292,2919
0.0201,4409
0.245,1350
0.161,2880
-0.0878,7349
0.273,426
-0.218,9257
-0.0727,7276
0.134,418
-0.0111,5140
-0.12,7584
0.0584,3450
-0.386,10353
-0.111,8825
-0.00858,5465
-0.173,9095
-0.0366,6170
0.185,2045
-0.0677,8526
-0.227,9116
0.135,812
-0.216,8489
0.0443,3549
-0.135,8279
0.0967,2259
0.0407,3205
-0.0445,7180
-0.126,8754
-0.135,9156
0.336,1377
0.124,3368
0.075,1884
-0.115,10149
0.141,2420
0.0618,3258
0.265,2949
-0.515,9050
0.0239,3822
0.0151,4586
-0.1,7698
0.0742,2163
0.0823,2639
0.0646,3197
0.137,1341
-0.172,10397
0.049,2813
0.262,96
-0.173,10198
-0.0417,6647
-0.049,8928
-0.0775,7880
-0.278,9214
0.00303,5020
0.0961,3571
-0.14,8872
-0.129,9851
-0.0739,7610
0.0279,4240
-0.0768,6512
-0.0534,7290
0.304,947
-0.0644,8513
0.00332,5018
0.0258,2506
0.0877,3949
0.0561,431
0.0638,3478
-0.218,9857
-0.0889,5716
-0.331,9974
0.188,1432
0.0333,3937
-0.0799,5809
0.0549,3687
-0.287,8223
-0.0297,5884
0.0095,4743
0.46,208
0.389,1174
-0.121,8146
0.102,2712
-0.217,9580
0.269,109
0.328,188
-0.309,7366
0.402,1834
-0.164,7994
0.241,414
-0.132,8810
0.0476,3109
-0.0991,8303
-0.161,8692
0.163,2427
0.235,874
-0.0333,7367
-0.0604,6500
-0.0749,7655
-0.271,9631
0.0586,3712
0.371,505
-0.0155,5919
-0.0766,9163
-0.27,10412
0.0417,3991
0.0249,4070
-0.144,7373
-0.0829,7084
-0.098,8214
-0.16,9347
0.116,2035
0.0961,3584
0.424,1081
-0.00464,5437
-0.101,8744
0.614,1
0.133,2424
0.753,1
1.51,1
0.0778,2330
0.764,1
-0.0642,6983
-0.225,10050
-0.236,7890
-0.143,8970
0.0294,3884
0.181,1048
-0.0506,6185
-0.0253,5798
-0.0414,6126
-0.317,9503
0.27,322
0.0496,2122
-0.116,7285
-0.0451,6295
-0.175,8690
0.0868,3372
0.0189,4345
0.12,1574
0.306,139
-0.123,7685
0.501,353
-0.447,10067
-0.0161,6074
-0.0782,9326
0.0545,3279
-0.036,6534
-0.036,5274
-0.0529,7501
-0.138,9809
0.0657,3669
-0.15,8820
-0.0777,6323
0.224,1537
0.14,1521
0.0788,2891
0.115,1622
-0.094,8068
-0.0845,8121
0.119,2552
0.0157,4668
0.25,257
0.0714,2219
0.373,265
0.0915,3139
-0.0934,6955
0.201,522
0.0235,3668
0.0571,2535
-0.312,9519
-0.25,7746
-0.096,6535
0.173,1755
0.415,218
-0.00152,5364
-0.00991,5676
-0.13,9140
0.401,134
0.0256,4403
-0.141,9125
0.235,730
-0.0736,5899
-0.0153,5325
0.065,3884
0.0256,4313
-0.096,9144
-0.0399,5928
-0.0292,5670
-0.134,10426
0.851,140
0.292,793
0.00288,4895
0.0949,2086
-0.216,10387
-0.736,9336
0.443,1321
0.172,1929
0.0729,2475
0.264,135
-0.348,9936
0.618,244
-0.117,9387
0.0357,3581
0.0677,3711
0.254,204
-0.0188,6457
-0.129,9127
-0.143,8815
-0.0617,7523
0.145,1406
0.0901,1983
-0.0887,7798
-0.202,10180
0.154,2222
0.19,2259
0.127,1576
-0.278,10250
0.00786,4838
-0.0929,7991
-0.312,10011
-0.0577,6633
-0.00609,5577
0.0466,2475
-0.356,8768
1.31,931
0.105,3673
0.276,924
-0.00499,5375
0.176,339
0.119,1889
-0.0461,6294
0.131,1666
0.149,1070
0.0358,3505
0.0146,4530
0.248,775
-0.255,10070
-0.108,8735
-0.0876,7389
-0.254,10195
0.0595,3095
-0.106,8506
0.109,2649
0.00788,5018
0.139,2062
0.321,50
-0.0383,7070
0.0669,3291
0.00914,4713
-0.235,8652
-0.0182,4790
-0.0752,7260
0.13,1397
-0.145,7250
0.21,1899
-0.0643,7161
-0.0134,5754
-0.0702,7806
0.0573,2764
-0.113,9870
0.286,957
0.312,213
0.0507,3527
0.0645,3025
0.0429,3553
-0.0975,7846
0.231,743
-0.0769,8718
-0.213,7886
-0.0357,7045
-0.146,9414
-0.0125,5315
0.361,920
0.212,707
-0.147,8051
-0.0703,8187
-0.0666,6514
-0.00279,5031
-0.112,7996
0.296,1152
0.135,2058
-0.0307,6489
0.142,1120
0.0539,3309
0.049,3690
-0.46,10418
-0.0491,7304
-0.0185,6188
-0.0229,5327
-0.298,8227
-0.0469,6718
0.0579,3333
0.123,1431
-0.00611,5108
0.0495,3023
-0.0463,6154
0.0642,3525
0.088,2331
0.000782,5047
-0.106,7052
-0.0728,6659
-0.236,9860
-0.0931,6393
0.0807,3585
0.0111,4468
-0.068,7370
0.0219,4088
-0.0781,7382
-0.145,7871
-0.0341,5509
-0.00727,5708
-0.00345,5164
0.48,406
-0.0565,7613
0.324,464
-0.0449,5900
0.173,1133
-0.146,9072
-0.0512,8373
0.099,2262
-0.0734,8057
0.0579,3265
-0.00506,5228
0.00391,4942
-0.213,9132
-0.131,8438
0.123,1813
-0.0195,5144
-0.207,8320
0.067,2610
-0.0648,7140
0.0269,4314
-0.172,9472
0.00224,4845
0.0815,2726
-0.103,9055
-0.105,6651
-0.0831,8026
0.0885,2714
0.246,844
-0.102,8840
-0.0181,5592
-0.0571,7537
0.0357,4331
0.0107,4677
-0.0445,6154
-0.0162,5888
0.0237,4257
0.0369,3468
-0.389,10272
-0.222,9657
-0.0756,6995
-0.0867,7382
-0.088,8141
0.406,808
-0.00413,5110
-0.115,6906
0.0557,3324
-0.00966,5370
-0.282,10009
-0.097,7713
-0.0767,7388
0.168,448
-0.0362,6655
0.442,352
-0.199,9522
-0.066,6862
-0.0418,7447
0.076,1450
-0.0315,6626
-0.366,10015
-0.1,7358
0.038,4251
-0.109,8703
-0.0649,9180
0.0196,4251
-0.113,7876
-0.303,9328
-0.445,10326
-0.00495,5087
-0.119,8663
-0.0147,5805
-0.242,10120
0.13,2007
-0.0518,6444
0.0207,4448
0.0092,4533
0.0606,3709
-0.24,6062
-0.251,9634
0.271,384
-0.118,8288
0.147,2245
0.115,2312
0.0426,3886
0.292,403
-0.0693,8159
-0.0851,8598
-0.115,8535
0.235,934
0.117,2061
0.0932,3203
-0.0642,7365
-0.163,9359
0.0663,3530
0.237,1151
0.169,2354
-0.0774,7692
-0.114,7387
0.0941,2991
-0.206,9542
0.126,2039
-0.0133,5930
-0.29,10347
-0.751,8445
-0.0486,6399
0.69,1535
0.0428,3013
-0.129,9772
-0.88,9640
1.59,832
0.266,943
0.048,3913
0.791,129
0.0945,2050
0.105,1747
-0.176,8139
-0.219,7937
-0.029,5611
0.0117,4708
-0.0236,6014
-0.201,9212
0.0967,2673
0.224,1561
0.82,756
0.0577,2433
0.0561,3483
0.0305,4157
0.327,965
0.0995,2411
0.0391,3902
0.0587,2278
0.0731,3547
0.062,3640
0.0736,3105
-0.0278,5390
-0.138,7744
0.0917,2917
0.125,1203
0.162,833
-0.051,6400
0.0771,2763
-0.0763,7298
0.109,49
0.0591,1591
0.176,1960
0.0371,3777
-0.0203,6003
0.191,1249
-0.0818,8516
-0.101,8850
0.085,3814
-0.000855,4955
0.0859,3685
-0.0234,5499
0.275,588
-0.115,7436
0.0537,3923
-0.107,6868
-0.0226,5501
-0.121,8070
-0.00635,5323
0.201,1445
0.0909,2992
-0.214,7908
-0.0263,5816
-0.0925,7120
-0.116,9367
0.18,928
0.0954,1052
-0.025,6222
0.254,683
-0.00185,5133
0.043,3510
-0.135,9362
0.0336,3741
-0.0634,6650
-0.433,9286
0.0719,1683
-0.277,10350
0.0101,4575
-0.0901,7133
-0.375,9646
0.0141,4608
0.472,436
0.0552,3165
-0.12,7462
0.145,1368
0.0474,3439
-0.0698,8312
0.109,2133
0.139,1149
0.19,762
-0.102,7348
-0.0378,6428
0.046,3924
-0.0458,6042
-0.0177,6225
-0.0161,5795
0.241,796
-0.000377,5019
-0.152,10273
-0.138,9438
-0.164,9911
0.144,1426
0.124,1949
0.0963,2225
-0.0193,5275
-0.106,7181
0.169,1099
-0.0792,8419
-0.0451,6297
-0.365,7862
-0.22,9104
0.128,2140
0.247,790
-0.0559,7016
-0.0912,7132
0.252,1718
-0.0194,6017
-0.0976,7946
-0.111,8203
0.182,410
1.44,621
0.00903,4663
-0.00847,5250
0.654,676
0.0579,3170
0.0572,3867
0.204,626
-0.0566,6869
-0.0648,7334
0.0109,4661
-0.0741,9048
0.0496,3141
-0.154,8102
-0.318,10092
-0.0739,7250
0.0483,3161
0.0502,2869
-0.0876,9571
0.11,1415
0.156,1725
0.0158,4418
-0.126,8437
-0.0789,8519
-0.104,8521
-0.102,8636
0.222,1233
0.244,1432
-0.183,10191
-0.124,8814
0.00753,5060
0.348,1871
-0.000261,5194
-0.241,8270
-0.0658,7220
-0.0767,9340
-0.123,6570
0.136,2543
-0.128,9320
0.0698,2479
0.373,144
0.125,702
-0.0447,6322
-0.207,8341
-0.146,7708
0.464,492
-0.138,6514
0.201,475
-0.0596,7901
0.0101,4515
0.142,2455
0.0156,4594
0.00547,4947
-0.262,10303
0.00686,4781
-0.127,8356
0.241,349
-0.0273,5136
0.0425,4264
-0.184,10138
0.079,2518
0.106,3081
0.0512,3185
-0.304,9578
-0.0192,4736
-0.105,9327
0.43,164
0.0204,4418
-0.0104,5442
-0.2,9699
0.0829,3649
-0.0521,6479
0.641,25
-0.0641,7611
-0.399,10444
-0.19,9191
0.187,497
-0.138,9395
0.0678,3970
-0.0147,5176
0.14,987
0.152,2783
0.0835,3200
-0.0233,6738
-0.0212,5590
0.0737,2903
0.0946,1680
-0.0919,7459
-0.65,10475
0.341,511
-0.154,10049
-0.0614,7005
-0.192,8511
0.443,524
-0.282,10442
-0.224,9712
-0.176,9018
0.0262,4325
0.0697,2942
-0.137,9350
-0.0101,4954
-0.0811,8867
-0.152,9977
-0.0405,7234
0.0513,3000
0.0483,3412
0.139,1790
-0.061,5638
-0.219,9225
-0.0323,6365
0.0242,4545
0.344,1021
0.102,2854
0.0428,4086
-0.0162,6790
-0.0233,5762
0.0771,2856
-0.111,7532
0.129,2837
0.0487,3759
-0.0929,7480
-0.228,10014
0.187,1793
-0.0352,5920
-0.0674,7609
-0.214,10277
-0.104,9018
-0.133,8229
-0.0896,8595
0.194,2412
0.0392,4157
0.109,2232
0.0857,1815
0.118,3054
-0.0201,6035
0.0638,3333
-0.0189,6198
-0.0221,5605
-0.229,10451
0.114,2214
0.0894,2352
-0.179,8491
-0.047,5416
0.213,1846
-0.24,9465
-0.0937,7433
-0.484,10461
-0.127,5050
-0.0629,6283
0.0258,4157
0.0494,3331
0.108,2396
-0.154,9811
-0.037,6852
-0.239,9000
0.00733,4805
0.0792,736
0.105,2893
-0.147,7796
0.00542,4684
0.447,990
0.133,520
-0.151,10065
-0.159,8726
0.423,101
0.207,1455
-0.0917,6870
0.182,1312
-0.0231,5922
0.242,181
-0.0153,5520
0.316,669
-0.0526,6250
-0.0718,6841
0.0882,1572
-0.000593,4906
-0.12,6788
-0.168,8267
0.342,270
0.0523,2516
-0.0837,8279
0.0993,1514
0.298,994
-0.0616,5907
-0.0752,6631
0.0251,3967
0.0534,2061
-0.0749,6510
0.142,2787
0.18,2617
-0.0515,5715
0.149,3052
-0.245,9849
0.0281,4219
-0.0315,6204
0.214,2289
0.266,597
-0.103,8769
-0.141,7944
0.384,495
0.0694,2666
-0.559,10425
0.207,2556
0.0306,3646
-0.00019,5075
0.174,1769
0.283,670
0.344,443
-0.219,9623
-0.0067,5378
0.099,2675
-0.0059,5315
0.101,2815
-0.34,7606
0.00774,4645
0.104,2102
0.314,514
-0.00144,5036
-0.117,8289
-0.0669,7028
0.00686,4910
0.099,2244
0.0995,2207
0.0757,2992
-0.186,6583
0.174,1139
-0.209,9277
-0.069,7279
0.0666,1824
0.233,808
-0.104,7252
-0.145,9550
0.0745,3724
-0.0349,7188
-0.0643,8448
-0.0334,5533
-0.218,9888
0.142,1703
0.00983,4659
-0.0149,5304
-0.0168,5779
0.267,461
0.0693,3860
-0.181,9188
0.0916,3621
-0.14,8357
0.0672,2166
-0.0927,7027
0.116,1935
-0.0269,5958
0.15,3055
0.211,209
0.0184,4192
-0.0881,7565
-0.0879,8178
-0.0823,7216
0.0421,4045
-0.0885,7396
-0.045,7023
-0.215,9998
-0.0426,6650
-0.336,10139
0.112,1630
0.176,407
-0.0607,7691
0.341,1490
0.449,392
-0.231,9003
-0.0982,8161
-0.0817,8928
-0.0548,8105
0.145,1845
-0.0319,5497
-0.967,10438
-0.322,7083
-0.000998,4970
-0.0421,7412
-0.2,9637
-0.0513,6890
0.202,546
-0.368,10045
0.000673,5025
0.115,1165
0.141,1558
0.0256,4446
0.0643,3128
-0.295,9549
0.0381,3115
0.115,1944
-0.245,9105
-0.167,9428
0.396,56
0.302,420
-0.137,9503
0.0291,3943
-0.0649,7131
0.00523,4773
0.0996,3150
-0.155,9044
0.0738,1744
-0.462,9807
0.108,1204
0.127,1937
0.392,183
-0.0358,5552
0.0332,3785
-0.0337,6811
-0.619,10371
-0.616,10382
-0.563,10360
-0.54,10247
-0.614,10392
-0.587,10367
0.55,152
0.221,1092
0.26,811
0.0929,2127
-0.0256,6403
0.314,428
0.14,539
-0.0639,6186
0.202,1024
0.419,1477
-0.00912,5255
-0.427,8148
0.0587,3414
-0.00379,4878
-0.129,8575
-0.0581,6958
-0.0928,8909
0.0859,3109
0.176,844
0.0813,3947
-0.0213,6434
-0.0337,6234
-0.0845,8530
-0.094,7723
0.0795,2944
0.278,463
0.185,1227
-0.0655,6907
-0.246,9027
-0.281,10059
0.000778,4890
-0.134,8180
-0.0566,6888
0.129,1797
0.0718,1566
-0.0623,5848
-0.474,8981
-0.485,10299
-0.0561,6923
-0.0349,5831
0.0143,4360
0.225,876
0.0552,3679
0.00235,4770
0.0292,4345
-0.143,9250
-0.119,9281
0.257,596
-0.135,9045
0.231,2181
0.278,1560
0.0155,4479
0.00349,4843
0.0253,4050
-0.0928,7852
-0.397,9757
0.267,2663
0.0569,2531
-0.0244,6505
0.135,2464
0.0833,3513
0.799,426
0.0892,2053
-0.00932,5562
-0.0426,7128
-0.174,9239
-0.33,9985
0.0662,2332
-0.11,9746
-0.0431,7077
-0.108,8764
-0.06,6850
-0.00017,5211
-0.084,7571
0.108,2140
-0.0665,6968
-0.0347,6481
0.154,2115
-0.0451,6330
-0.131,7305
-0.0935,6809
0.0172,4615
-0.114,8610
-0.0636,6907
-0.0484,5808
-0.0759,5275
0.146,1931
0.0364,3996
0.115,2478
0.0125,4777
0.0534,2014
-0.117,8963
-0.0231,5730
0.00346,4894
0.228,125
-0.0715,6214
-0.0987,7929
0.0523,3633
0.0476,3899
0.107,2348
0.03,3983
-0.182,9686
-0.0317,5860
0.0515,3520
-0.114,7385
0.481,119
-0.165,9134
-0.0188,5521
-0.456,9221
-0.137,7604
0.286,876
0.05,3984
-0.198,9999
0.0249,4305
-0.0672,7414
0.021,4158
0.042,2727
-0.0195,6048
0.0434,2645
-0.3,9872
-0.212,7992
0.121,677
0.0223,4520
0.0954,1637
0.127,1992
-0.352,10356
0.0265,4217
-0.238,7989
0.0398,4155
0.0948,1981
-0.0404,7239
-0.0565,7297
-0.00392,5320
-0.00431,5340
0.059,3016
-0.007,5125
-0.0554,7144
-0.0669,7651
0.1,2443
-0.119,8568
-0.0392,6495
0.0988,3330
-0.0848,7847
-0.321,9164
-0.00906,5068
0.00928,4576
-0.235,10233
0.3,446
0.0258,4275
-0.0574,7403
-0.068,7283
-0.0257,5991
0.0841,2923
-0.22,9765
0.181,2276
0.0138,4558
0.00625,4845
0.122,1359
0.152,2445
-0.205,9998
0.000762,4982
0.0264,4298
0.0996,2031
0.0896,2847
0.143,2668
-0.0112,5142
0.0595,3797
-0.0961,8955
-0.0864,8759
-0.409,10034
-0.165,8888
0.195,1389
-0.0498,6843
-0.164,9582
0.0256,4410
0.215,713
0.0465,3531
-0.0638,5915
0.0819,2385
-0.15,9351
-0.122,9933
-0.106,9240
0.209,1412
-0.123,7244
-0.0606,6564
0.323,813
-0.0789,8543
-0.0688,6827
0.35,102
0.153,846
0.0408,4334
0.0298,3569
-0.15,9896
0.109,3399
-0.238,7586
-0.135,7640
0.0514,3477
-0.0655,9292
0.0821,1732
-0.227,7395
0.406,1200
0.233,1074
-0.208,9267
0.183,956
0.328,526
0.37,2302
-0.408,6503
-0.246,3927
-0.315,8845
-0.135,9490
-0.242,9739
0.0556,3587
0.379,2480
0.239,1279
0.0799,2271
0.0679,1176
-0.0789,6995
-0.233,9660
0.00166,4997
-0.224,8278
0.0901,2559
-0.214,10312
-0.182,8148
0.0239,4348
0.0815,3688
0.229,318
0.0124,4414
-0.0497,6916
-0.235,9548
-0.0719,6143
-0.157,8034
0.0099,4595
0.0526,3840
-0.0742,8250
-0.0644,6580
-0.104,7439
-0.0634,7171
-0.0654,7688
-0.0857,6972
0.165,1013
-0.0474,6707
-0.148,8284
0.666,555
0.0482,3812
0.0472,1821
-0.121,8865
-0.129,7370
-0.253,10050
0.156,2715
0.0347,3687
0.139,1275
-0.167,8268
-0.153,7795
-0.191,9840
0.435,837
-0.321,10047
-0.255,10408
-0.0874,7306
0.316,939
-0.0906,8318
-0.136,6171
-0.0436,6941
-0.206,10277
0.0741,3114
-0.0112,5482
-0.178,8828
-0.0151,5409
-0.105,7733
-0.11,7214
-0.108,7601
-0.0129,5398
0.00138,4706
0.256,1809
-0.179,8852
0.156,772
0.132,1596
0.0569,3581
-0.265,10188
0.0987,3051
-0.0234,6263
0.0528,2313
-0.156,8331
-0.448,9650
0.0415,4362
0.113,3355
-0.2,9833
-0.0868,8927
0.0721,3025
0.142,2768
-0.335,8799
0.257,448
0.226,1830
-0.125,7184
-0.0965,7641
-0.341,10002
0.421,1051
0.0563,2926
-0.0961,8277
0.012,4654
-0.0522,6205
0.172,1156
-0.0597,6699
0.154,1050
-0.112,7600
-0.0159,6024
-0.0491,5693
-0.127,7792
0.0252,4433
-0.0463,5857
0.125,703
-0.00655,5197
0.0367,4086
-0.00635,5064
0.00747,4673
-0.0788,6943
0.146,994
-0.0203,6071
-0.285,10197
0.0399,4030
0.0227,4649
-0.046,6189
-0.106,10130
-0.172,10233
0.186,1712
-0.0706,6984
0.0508,3587
0.0984,2822
-0.089,7716
0.0361,3813
-0.0135,5479
0.196,3110
0.0435,4125
0.106,2541
-0.0826,7774
-0.0683,7407
-0.0144,5584
0.00587,5001
0.156,1131
0.129,2550
-0.0914,8275
0.0991,1558
0.0406,3766
0.127,1394
0.382,49
0.272,936
-0.035,7290
0.0651,3359
-0.0405,5657
-0.334,9896
-0.14,7191
0.605,612
-0.017,5700
0.105,2366
-0.000213,4980
-0.0372,6276
-0.285,10204
0.108,2674
0.108,1195
-0.0202,6128
0.0875,2448
-0.0276,5866
-0.0303,5470
0.134,1804
-0.043,8063
-0.00338,5149
-0.235,10119
0.17,734
-0.117,8859
-0.0587,6238
-0.264,9608
-0.116,9870
0.0222,4478
-0.0064,5254
0.198,775
0.662,120
0.0607,2388
-0.129,9647
-0.0841,7809
-0.192,8923
-0.258,9270
-0.101,6056
0.0869,2060
0.0671,3026
0.00154,5111
-0.261,10431
0.275,307
-0.168,9026
-0.233,10459
0.164,435
-0.065,7519
-0.186,9195
0.222,2544
0.0925,2772
-0.0589,6930
0.252,690
-0.0723,7264
-0.191,8638
-0.149,8513
0.536,1337
0.135,1921
0.0396,3890
0.0462,3769
0.28,260
-0.388,9791
0.315,346
0.0103,4594
-0.0199,6448
0.00251,5161
0.0254,4238
0.265,946
-0.0738,5690
0.00106,4959
0.185,897
0.214,2437
-0.165,6488
-0.108,8045
-0.0595,6987
0.111,2363
0.0714,3114
-0.00277,5081
-0.0184,5446
0.406,52
0.186,1931
-0.0979,8509
0.0201,4413
-0.0972,7977
-0.047,7214
0.0299,4414
0.134,3241
-0.242,10287
0.00924,4573
-0.449,9663
-0.0779,7159
-0.00509,5326
0.0222,3936
0.115,987
-0.0622,7127
-0.013,5516
-0.0388,6005
0.0896,3654
0.0118,4032
0.0248,3842
0.0253,4277
0.0552,4118
-0.259,9307
-0.064,6778
-0.117,7713
0.0955,970
0.169,826
-0.00463,5133
-0.029,5662
0.116,2692
-0.0494,7137
-0.00244,5296
0.0163,4544
-0.0212,5610
0.331,173
0.0851,3359
0.129,2877
-0.0336,5787
0.132,434
-0.278,9193
0.0374,3724
0.122,3143
-0.0306,6591
0.097,1379
-0.0113,5626
0.169,2100
-0.217,8297
0.138,2421
-0.049,7074
0.0131,4488
0.0933,1895
0.16,1416
0.273,1837
-0.577,10355
0.343,519
0.196,403
-0.132,9709
-0.24,8175
-0.169,7877
0.0411,4163
-0.0459,5718
-0.096,9087
0.0746,2948
0.0296,4339
-0.039,6158
-0.195,8888
-0.0754,7902
-0.544,7518
-0.0706,7261
0.0414,4255
-0.148,9035
0.0858,3855
0.18,1660
-0.0567,8716
-0.214,9693
-0.673,9571
0.16,2735
-0.0955,6426
0.0351,4354
0.0641,2409
-0.00411,5459
0.854,1648
-0.0948,5313
3.66,70
0.137,2343
0.202,2719
0.112,3285
0.118,3118
0.00756,4965
0.0247,4347
0.0222,4464
1,1554
-0.21,4545
-0.311,9124
-0.0466,7568
0.0854,2206
0.591,2183
-0.106,6259
0.117,3367
-0.104,6851
0.366,172
0.0482,3153
-0.456,9974
-0.121,10009
-0.162,8536
-0.0688,7389
0.337,467
-0.929,10091
-0.0546,6472
0.0913,3552
0.194,1348
-0.00559,5203
0.0506,3994
0.153,3087
-0.156,8983
0.826,533
0.09,3396
0.253,337
0.0383,4269
-0.0194,5384
-0.398,10344
-0.511,8968
-0.00504,5069
0.013,4368
-0.0383,6062
-0.0766,8328
-0.101,6911
0.00104,5024
-0.0731,7893
0.0512,3029
-0.116,7561
-0.0106,5238
-0.215,9605
0.171,1582
0.115,1945
0.125,2955
0.0255,4256
0.27,61
0.135,158
-0.21,9408
-0.00738,5215
-0.219,10069
0.0629,2794
0.00916,4677
0.0638,3059
-0.66,9159
0.159,3334
0.028,4465
-0.355,8455
-0.635,10326
-0.00752,5360
0.123,2208
-0.617,10440
-0.0149,5596
0.103,2002
0.122,447
-0.0566,6643
-0.266,9909
0.0552,2526
0.0103,4572
-0.0152,5602
0.287,261
-0.0676,5188
-0.0213,5868
0.048,3533
0.0114,4626
-0.0899,8771
-0.0402,7626
-0.0144,5503
-0.011,5149
-0.0267,6252
-0.112,8559
-0.317,10447
0.0652,3318
-0.0198,6398
-0.335,10247
0.0967,2292
0.243,816
0.071,1449
-0.062,6707
0.104,2800
0.0303,3792
-0.309,9475
-0.0992,7458
-0.0861,9090
0.0696,239
0.191,1142
0.231,1269
-0.0697,8211
-0.21,10167
0.119,2127
-0.0288,5981
-0.0787,7108
-0.176,7361
0.365,609
-0.0766,7409
0.0577,3052
0.221,1380
0.108,1865
0.3,1151
0.0761,3319
-0.0721,6286
-0.0198,6468
-0.139,9920
0.00855,4826
-0.0196,5584
-0.0783,6470
-0.157,8326
0.136,1667
0.0833,2194
0.159,150
-0.108,7902
0.0815,3130
0.0384,3737
-0.223,9665
-0.0252,5963
-0.0566,6541
-0.283,9831
-0.343,9581
-0.533,9502
-0.0396,6966
0.05,3124
0.062,2502
-0.195,9768
0.316,1772
0.0332,3543
-0.0902,9761
0.0795,3063
0.0436,3944
-0.251,9433
0.0638,3473
-0.107,8023
-0.115,8289
-0.142,10114
0.0976,1924
-0.0791,7428
0.548,634
-0.326,8221
-0.0511,7119
0.0901,1218
0.151,2698
0.387,316
0.39,1542
0.192,2707
-0.223,9330
-0.111,7015
0.117,3441
0.0438,3833
0.572,1490
-0.252,9597
0.416,535
-0.0636,5706
0.157,1082
0.2,203
-0.407,10266
-0.318,9922
0.0899,513
-0.161,8579
-0.0549,7799
-0.0343,6284
-0.0633,5833
-0.368,10448
0.0918,1252
0.135,1045
0.0367,4010
-0.122,8134
0.291,651
-0.214,10121
-0.0994,8445
-0.0418,7070
0.141,1982
0.0388,3973
-0.45,10294
0.198,903
0.0735,1765
-0.0919,7634
0.055,3367
0.186,218
0.324,728
-0.168,7084
0.0443,2983
-0.122,10030
0.0164,4585
-0.00484,5161
-0.00048,4999
-0.0101,5506
0.157,263
0.08,2563
-0.068,5880
0.207,1681
0.101,3051
-0.202,9334
-0.0202,5584
-0.0295,7378
-0.0458,6461
0.0226,4462
-0.0165,5566
-0.00373,5015
-0.0118,5519
0.131,1014
-0.139,8588
0.0442,3316
0.0073,4850
0.133,2698
0.0563,2861
-0.237,10197
-0.162,8788
-0.114,6480
-0.0616,5976
-0.275,10427
-0.0444,6431
0.163,2140
0.214,1485
-0.0476,7490
0.131,1662
-0.0268,5139
-0.102,6597
-0.00122,5085
0.194,1459
-0.0546,6612
0.163,2091
-0.306,10355
0.124,2526
0.0917,2744
0.00181,5124
-0.358,10129
-0.147,7267
-0.12,7797
-0.0748,8824
-0.258,10084
-0.19,9148
0.0393,3981
0.241,2163
0.00551,4887
-0.0542,7122
-0.148,9555
0.0522,4216
-0.283,6825
0.276,1181
0.295,1447
-0.00154,5061
0.256,952
-0.0941,6390
0.047,3289
-0.0551,7669
-0.0854,8379
0.0133,4766
-0.0419,6966
-0.00143,5189
-0.0906,8568
0.0944,2951
0.0995,2865
0.0578,2396
-0.145,7913
0.42,77
-0.109,7506
0.0513,3995
0.118,3242
-0.0105,5192
0.0305,3263
0.0766,2949
-0.282,10338
-0.0774,7849
-0.181,9112
-0.221,9137
-0.0989,10072
-0.519,6934
1.27,1420
-0.686,8015
-0.0671,4880
-0.23,5929
0.71,1754
0.0966,2830
-0.181,8423
0.0428,3739
-0.0731,7142
0.0512,2771
-0.0787,7797
0.229,1032
0.139,1946
-0.0422,6199
0.352,164
0.104,635
-0.129,7916
-0.278,9803
0.437,625
-0.113,8120
-0.0241,5573
0.0932,3293
-0.14,9002
-0.161,9970
-0.263,10364
0.0172,4549
0.0749,1447
0.0714,1698
0.0492,3405
-0.0612,8360
-0.115,8249
0.163,2784
-0.036,6920
-0.34,10431
-0.138,8273
2.86e-05,5038
-0.000836,5039
0.0277,4615
-0.0932,7889
0.0971,1169
0.235,1261
-0.0726,6802
0.235,600
0.0672,2974
-0.0149,5650
-0.607,10437
-0.188,9124
0.143,3010
0.196,618
0.0142,4641
0.0271,3591
0.155,2273
0.191,2541
-0.116,6924
0.174,2343
-0.143,9498
0.00921,4868
0.31,149
-0.0783,7459
0.0776,3548
-0.0619,7477
0.0876,2760
-0.0949,7049
-0.0443,6208
-0.16,9433
-0.0301,5789
-0.0535,7155
-0.0296,6509
-0.057,6757
0.135,1557
-0.281,9596
-0.196,8582
-0.132,8386
-0.131,10145
0.179,837
0.174,217
0.0999,2683
0.0622,3379
0.0504,3250
0.269,536
0.146,1157
-0.0687,7210
0.123,1432
0.391,186
0.196,348
0.0119,4510
-0.123,8569
0.112,1909
-0.0101,5364
-0.0548,7170
-0.0946,9824
0.0464,2958
-0.0444,6841
-0.073,6377
-0.116,8237
0.0549,3208
-0.0309,6383
-0.0836,8832
-0.0184,5663
-0.0061,5352
0.239,1259
-0.102,7217
-0.0726,8498
0.0387,3195
0.491,201
0.185,1472
-0.0112,5465
0.122,1445
0.0751,2935
0.141,1363
-0.109,8137
-0.131,8137
0.0856,3127
-0.0818,9299
-0.0855,7437
0.0133,4444
-0.191,7164
0.0726,3660
-0.134,6477
-0.117,8938
-0.0385,6674
-0.0335,5754
-0.362,9543
0.126,2800
-0.0726,5858
0.142,1423
0.00479,4911
0.153,1111
-0.0626,6614
-0.123,7941
0.0725,3786
0.173,142
-0.109,9823
0.227,2549
0.183,1948
-0.207,9369
0.139,2120
-0.0314,7200
-0.0926,8596
-0.0506,6324
0.213,2197
-0.0715,7657
-0.0209,5498
-0.0767,8239
0.036,3730
0.0446,3058
0.133,1549
0.0163,4717
-0.0898,7576
0.00981,4714
-0.087,9341
-0.0553,7494
0.152,2308
-0.176,8752
0.0119,4439
0.0439,3893
0.195,1580
-0.4,10253
0.14,1571
-0.212,9415
-0.104,6670
-0.301,10412
0.0465,2524
-0.104,9767
0.204,92
-0.05,5969
-0.0601,7234
-0.0986,7856
-0.0703,8336
0.00571,4887
0.078,3302
0.136,1028
0.168,1487
-0.0255,5892
0.016,4275
-0.157,7101
0.111,3684
0.0931,3073
0.00676,4567
0.199,1079
-0.0964,8960
-0.000923,4929
-0.255,9778
-0.285,8856
0.679,372
-0.102,8548
-0.00142,4975
0.00287,5021
-0.0255,5607
-0.0945,7123
-0.243,9406
0.0118,4436
0.0137,4416
-0.174,8720
0.00967,4740
-0.158,6629
0.0318,4385
-0.104,8195
-0.726,10093
-0.245,9771
-0.122,7264
0.0865,3506
-0.00422,5455
0.236,129
-0.105,6348
-0.151,9212
-0.11,8404
0.2,2409
-0.00281,5310
-0.064,7032
-0.0385,5866
0.0636,2807
0.296,2685
0.0175,4694
0.119,1337
0.0958,2483
-0.00168,5215
-0.000176,4715
0.0701,3199
-0.206,9724
-0.0567,7141
-0.129,8768
0.0734,3089
-0.0846,7857
-0.0127,5716
-0.175,8194
-0.123,8144
-0.131,9742
0.0337,2302
0.0361,4289
-0.0369,6326
0.093,2364
0.024,4484
-0.124,8447
-0.104,8804
0.149,655
0.00306,5034
-0.0642,7235
-0.0984,7858
-0.102,9177
-0.0924,8480
0.257,576
-0.0114,5031
-0.0811,8269
-0.0943,7576
-0.304,10164
-0.0547,7232
0.364,1423
-0.0146,5005
-0.292,10373
-0.349,7870
-0.12,8181
-0.0401,8224
0.0169,4224
0.111,1916
-0.0107,5282
0.287,292
-0.015,5473
0.0242,4405
0.1,2203
0.491,624
0.0724,3378
0.062,3022
-0.0414,7302
0.0109,4264
0.0965,1592
-0.0208,5970
-0.318,8195
0.264,1595
-0.131,10302
-0.0138,5767
0.384,451
0.0168,4500
-0.354,10136
-0.135,8846
0.0953,2302
-0.0333,5895
0.00492,4759
0.684,245
0.268,933
-0.0525,7208
-0.0986,8048
0.065,1945
0.22,612
0.0642,3154
0.245,873
0.0815,2901
0.114,1924
0.186,1028
-0.182,9798
-0.0878,8316
0.048,3698
0.133,938
0.0684,2393
-0.0152,5452
0.203,301
-0.0249,5795
-0.149,8679
-0.0341,5807
-0.0627,7820
0.0369,2325
0.094,2588
0.105,1730
-0.0417,5746
0.0738,3599
0.225,696
0.133,487
0.0869,2927
0.15,241
0.0396,3257
-0.175,10471
-0.0697,7220
0.0926,1239
-0.0725,7547
-0.103,8883
-0.573,10142
0.129,2681
0.122,1573
0.0759,3199
-0.0782,6745
-0.221,10242
-0.163,6956
-0.263,10364
0.0777,3602
0.123,2294
0.0899,3119
0.165,1647
0.115,2432
-0.125,8223
-0.088,7637
-0.0415,7052
0.176,656
0.229,2794
-0.219,9528
-0.00641,5244
0.322,598
0.0264,3724
0.0206,4434
-0.111,8421
0.0164,4543
0.0359,4484
-0.192,9993
-0.112,9663
-0.0886,7066
-0.116,6930
-0.0378,5911
0.152,2434
0.091,1634
0.0954,2348
-0.0472,6820
0.00317,4611
-0.105,7276
0.0813,3187
-0.0679,9955
0.0783,1767
-0.0256,5768
0.277,692
-0.214,9891
0.335,535
-0.0415,6431
-0.255,10068
0.0934,1732
-0.137,9539
0.072,3041
0.176,1948
-0.134,8336
-0.105,7973
-0.148,7444
0.00633,4803
0.494,87
-0.126,9753
-0.151,9358
-0.13,9776
0.0449,3044
0.0583,2482
-0.0236,6045
0.169,1797
-0.156,9658
-0.111,8981
0.0705,2730
-0.14,9753
-0.0636,6620
-0.211,8644
-0.043,8668
-0.00497,5525
0.271,1098
-0.192,9677
-0.0698,8293
0.00719,4749
0.0792,2307
-0.0194,6005
0.149,1616
0.058,3415
0.104,2895
0.206,993
-0.151,9690
-0.0255,6682
-0.148,9256
0.217,2362
-0.129,9211
-0.169,8000
0.00627,4862
-0.00828,5786
0.0654,1881
0.0169,4357
0.266,409
-0.7,8527
-0.0111,5673
0.218,1690
0.0819,2925
-0.033,5478
-0.0524,6109
-0.304,9506
-0.108,8734
0.0184,3864
-0.0153,5679
0.226,1701
-0.0537,6850
-0.128,8431
-0.218,10183
-0.0128,5538
0.552,545
0.17,1984
0.191,1146
-0.111,9377
-0.124,8227
0.0906,1746
-0.0542,6580
-0.0969,8117
0.0169,4440
-0.11,8597
-0.0429,5407
-0.241,7048
-0.0161,6369
-0.0231,6393
-0.05,7129
0.0664,3230
-0.143,9430
0.173,3223
-0.01,5380
0.0711,2712
0.0517,3049
-0.05,6505
-0.0574,7282
-0.121,6184
0.00566,4845
0.199,143
-0.0632,6157
-0.0114,5532
0.0592,3470
-0.178,7360
0.413,51
-0.0644,8393
0.042,4132
0.0971,2252
-0.0534,6590
0.165,2226
-0.0133,6717
-0.0536,6826
0.0103,4630
-0.152,8089
0.0889,1698
0.105,1871
-0.103,8232
-0.158,10282
-0.361,9972
0.169,535
-0.0457,6252
-0.52,10341
-0.1,8299
0.153,727
0.0308,4099
0.235,2088
0.0401,4000
0.0308,4020
-0.193,9796
-0.158,10068
0.167,1859
-0.0539,5717
-0.381,9492
-0.0734,8894
-0.0867,7219
0.09,1871
-0.107,8022
-0.00776,5147
-0.0256,5856
0.16,2277
0.0227,3746
0.00809,4818
-0.032,5672
-0.145,9118
-0.22,9340
0.107,2480
0.0211,4015
-0.0258,5932
-0.159,8305
-0.101,7136
-0.085,6418
-0.314,8780
-0.0499,6834
-0.105,9352
-0.00724,5278
0.308,1587
-0.0621,6929
0.0178,4397
-0.0555,7612
-0.0892,7771
-0.117,7124
-0.19,7929
-0.106,8459
-0.0629,7574
0.0405,3675
-0.29,9569
-0.0168,5767
-0.0317,5738
-0.399,10282
-0.0462,6544
-0.0152,6113
0.0323,3603
0.344,745
-0.322,10334
0.0663,3864
-0.02,5903
0.0456,3571
-0.112,8177
-0.0171,5178
0.0146,4536
0.0436,3888
-1.22,10324
-0.0354,6303
0.142,312
0.212,886
0.0812,2781
0.0335,3468
-0.0915,6952
0.00064,5229
-0.00235,5171
-0.0455,6330
0.026,3523
0.143,1782
-0.0278,5709
-0.0523,8913
-0.0286,6288
0.00153,5148
-0.0457,7351
0.0306,4433
-0.106,9561
-0.078,8484
-0.0208,6015
0.048,3724
0.0908,1264
0.0467,3836
0.034,3769
0.0144,4202
-0.00525,5077
0.0884,3356
0.159,1495
0.241,635
-0.0975,6238
0.0721,3586
-0.0798,6913
-0.137,9128
-0.12,6956
0.214,1932
-0.168,9316
-0.0835,6523
-0.0724,6691
-0.424,10458
0.00319,4896
0.0408,3497
-0.0485,6079
-0.117,8629
-0.0707,7442
-0.28,8404
0.208,2801
0.135,2830
0.00187,5045
-0.0631,7976
0.0295,4202
-0.0634,6464
0.0823,1478
-0.0736,7402
-0.343,10315
0.0616,1322
-0.0446,7012
-0.0178,5428
0.022,4351
-0.221,9785
-0.461,10126
-0.0333,6352
0.0382,3913
-0.113,7241
-0.0715,6151
0.0843,3664
0.0474,3763
-0.0507,7078
0.111,1419
-0.183,9496
0.191,1040
-0.429,7246
0.166,1338
-0.0337,6078
-0.158,8602
0.0304,3902
-0.111,8432
-0.0582,7660
-0.157,9555
0.0278,3934
-0.0854,7510
0.26,759
0.647,13
0.0103,4777
-0.141,8253
-0.0243,5467
0.0479,3671
-0.27,10232
0.00617,4753
-0.37,9745
-0.0415,6343
0.0785,1296
0.0106,4877
-0.149,9114
-0.0497,6971
0.36,618
-0.0388,6599
0.1,2395
0.0236,3134
-0.0521,6691
-0.0498,6185
-0.0915,6027
0.0309,4287
-0.0279,6237
-0.151,9107
0.102,1192
-0.234,10056
0.0254,3898
-0.0265,5973
0.0778,1929
0.0662,3523
-0.403,9946
0.358,2426
-0.66,8017
0.365,650
0.00355,5071
0.0579,3152
0.0279,4142
0.211,1188
-0.221,9212
-0.414,8587
0.256,646
0.0242,3778
0.188,245
-0.00934,5523
-0.0111,5581
-0.115,7013
0.0833,1862
0.07,1773
0.175,2869
-0.13,7760
0.299,1028
0.9,258
-0.0164,5727
0.0599,3251
-0.121,8351
-0.125,8709
-0.112,8078
0.0571,3064
0.0595,2446
0.0241,4344
-0.185,9418
-0.0693,7683
0.0169,4352
-1.25,10160
0.0732,3307
-0.116,8780
-0.221,10425
0.0437,2870
-0.722,10474
-0.329,10450
-0.108,7828
0.16,1692
-0.0381,6000
-0.0242,6051
0.0241,4212
0.031,3536
-0.0764,8321
-0.129,9632
-0.253,10407
-0.149,7668
-0.0484,7071
0.282,463
0.0246,4138
-0.133,9460
-0.117,7354
-0.0902,9072
0.0724,2193
-0.131,7522
0.00899,4483
0.0435,3051
0.377,24
0.164,2796
-0.155,7855
0.361,354
0.0478,2952
-0.112,8416
-0.106,7463
0.458,706
0.536,422
-0.00312,5085
-0.17,9533
-0.193,10052
-0.531,9792
-0.148,9475
0.0367,4233
-0.303,9345
0.187,283
0.0324,3820
-0.0588,6567
-0.244,9274
-0.0553,6211
0.0881,3109
0.168,982
0.185,607
-0.139,8379
-0.123,9156
0.122,2786
-0.0128,5344
-0.039,6882
-0.0338,6647
0.0495,3421
0.439,224
-0.0468,6405
0.0549,2949
-0.124,9277
0.105,1449
-0.0612,6651
-0.0154,5125
-0.322,6020
0.162,2159
0.202,335
0.0332,3509
0.311,320
0.173,685
-0.0446,5036
-0.00414,5536
-0.0314,6651
0.0221,4042
0.107,2521
-0.00435,5105
-0.00574,4897
0.318,1370
0.0873,1473
0.0341,4544
0.561,761
0.133,1869
0.236,1637
-0.0225,5550
0.594,18
-0.0464,7596
-0.131,9260
0.201,2148
-0.0352,7056
-0.488,10472
-0.112,8635
0.173,679
0.00142,5040
-0.0616,5770
0.595,523
0.18,887
-0.00629,5182
-0.23,10038
0.219,1085
-0.252,9657
0.0475,4075
-0.0269,6184
-0.0429,7249
-0.0203,5352
-0.106,8837
0.00658,4874
-0.0335,5687
-0.222,10168
-0.132,7778
-0.0548,7932
-0.142,8763
0.0239,4309
-0.0374,5527
0.169,2418
0.00489,4927
0.104,2265
0.0467,3601
-0.298,10272
-0.122,9096
-0.0975,7603
0.116,1231
-0.103,9354
0.0674,3429
0.0319,4175
-0.111,7943
-0.14,7911
-0.0692,7817
-0.00954,5457
0.0507,3430
0.0658,2072
-0.251,8056
-0.0653,5721
0.129,2152
0.104,2200
-0.0207,9378
0.058,3734
-0.0116,5370
0.0269,3996
-0.378,7047
0.0903,2128
-0.108,8717
-0.0109,5408
0.271,720
-0.149,8213
-0.109,6802
0.0326,3937
-0.0983,9037
-0.171,9950
0.0177,4511
-0.0917,7760
0.105,3548
0.0351,3949
0.151,896
0.181,1306
-0.0541,6937
-0.0107,5425
-0.0939,7254
0.104,1783
0.0398,3797
-0.04,5616
-0.303,10192
0.0943,3454
-0.294,7471
0.0357,3600
-0.00188,5132
-0.0431,6518
-0.425,10442
-0.358,8597
0.126,1513
0.187,513
0.00561,4885
-0.138,7788
-0.0659,7798
-0.236,9562
-0.05,6998
0.109,3151
0.109,1573
-0.048,6180
0.15,1561
0.151,1422
-0.383,10442
-0.175,10401
-0.0357,6590
0.0214,4456
0.142,1270
0.654,547
0.0548,3503
0.0442,3277
-0.00473,5261
-0.00426,5333
3,33
0.0176,4452
0.182,2411
-0.104,8806
0.108,3235
0.184,2429
0.159,819
-0.216,9488
0.105,3136
0.0231,4072
-0.00265,5005
0.227,951
-0.081,7289
0.0101,4876
0.0693,3489
-0.117,7245
-0.0337,6768
-0.0549,6610
0.263,366
0.116,2928
0.139,2410
-0.0168,5725
0.046,3173
0.0529,3642
-0.0315,5350
-0.062,8171
0.114,3261
-0.0303,6247
0.0114,4237
-0.0477,7303
-0.0449,5007
-0.261,8489
0.0638,2793
0.0422,3687
-0.0126,5628
0.173,1706
-0.181,8664
0.0999,3363
0.255,1616
0.203,225
0.0568,3820
-0.195,9341
0.0645,3628
0.242,725
-0.147,6920
0.0696,2809
0.00334,5002
-0.177,8739
0.0971,2184
-0.0218,5400
-0.212,8980
0.0836,2550
0.122,1385
-0.348,10454
0.176,521
-0.00947,5426
0.0219,4586
0.0819,2994
0.0494,3299
0.108,1731
0.0113,4749
-0.0116,5414
0.6,26
0.0368,3114
-0.0284,7394
0.0891,2931
0.052,3717
0.0499,4170
-0.0327,6213
-0.115,8858
-0.232,10080
0.0171,4470
-0.233,10213
-0.0838,8029
0.0266,2901
-0.0346,6185
0.201,968
-0.0472,7270
0.0221,4318
-0.269,9935
0.244,856
-0.0309,6351
0.013,4874
0.0915,2777
-0.0509,6624
-0.0833,6929
-0.246,9270
0.0679,2205
-0.159,9063
-0.128,7293
0.0291,3794
-0.209,8199
-0.00883,5610
0.0155,4584
-0.0675,7600
-0.0363,6477
0.0492,3579
-0.162,7795
0.509,1057
-0.263,10071
-0.159,8302
-0.0187,5357
-0.0554,7551
0.117,3222
0.158,2120
-0.0504,8226
-0.0243,6410
0.0845,1574
-0.00926,5424
-0.114,9672
0.141,1818
-0.0158,5589
0.0825,2228
-0.162,8851
-0.0795,6717
-0.276,9412
0.382,293
-0.00848,5487
0.0593,2846
-0.0607,6494
0.135,2351
0.916,61
0.0216,4260
-0.00514,5338
-0.0906,6218
-0.301,9340
0.505,1359
0.77,1122
0.356,987
-0.0534,6350
-0.0816,7403
-0.265,9530
-0.214,8067
0.152,1096
0.0226,4269
0.0137,4690
0.0856,3579
0.059,3463
0.29,289
0.00666,4622
-0.186,9921
-0.0806,8929
-0.00927,5013
-0.16,9341
-0.241,9399
-0.0912,6366
-0.0562,7112
0.159,319
-0.0839,8872
0.373,462
-0.0181,5336
-0.517,9711
-0.147,9426
0.00794,4519
-0.412,10112
-0.0406,5696
-0.251,8697
0.0302,3903
0.0714,2265
0.0838,2679
-0.0106,5556
-0.285,10098
-0.169,9313
-0.129,7903
0.0164,4034
0.0683,2291
-0.245,9602
0.146,1692
-0.0451,7029
-0.231,9281
0.0633,2565
0.0193,4440
0.0529,3284
-0.238,9728
-0.136,8192
-0.0206,5520
0.153,570
-0.0661,8369
0.0225,4295
0.192,2007
0.0849,3766
-0.133,6977
-0.0342,7190
-0.0449,7250
-0.136,9202
-0.0797,7045
-0.0122,5133
0.25,766
-0.086,8312
0.0977,2145
-0.0911,7703
-0.29,10369
0.178,905
0.0266,4328
0.0652,2384
0.0929,1497
-0.00307,5363
0.0062,4501
0.056,3709
0.023,4509
0.189,506
0.0244,3226
0.0829,2962
-0.202,9481
0.0633,3209
0.269,607
0.0282,3730
-0.0116,5342
0.104,1724
-0.0952,6945
-0.188,10412
-0.0975,7488
0.0294,3910
-0.264,10428
-0.0848,7577
-0.0619,7707
-0.065,6962
0.249,2811
0.0878,1543
0.132,895
-0.0878,7363
0.0166,4796
0.393,1151
0.393,2230
-0.101,7876
-0.119,9451
-0.0596,6948
0.42,18
-0.236,6673
-0.145,6070
-0.0314,5494
0.105,1552
-0.139,9096
-0.12,7790
-0.0783,6121
0.0203,4428
0.0701,3015
0.0609,3931
0.197,1083
0.0888,3263
-0.139,6931
0.159,2421
-0.0261,5726
-0.0178,5362
0.0205,4335
-0.15,8870
0.0404,3569
0.0556,3326
-0.00776,5753
-0.0609,7642
0.004,4856
-0.118,7449
-0.102,8020
-0.369,9819
-0.0496,7167
0.0802,3222
-0.0707,7870
0.00421,4935
-0.243,9145
-0.204,9713
0.189,885
0.179,2242
-0.246,8820
-0.104,8120
-0.201,9298
-0.135,8428
-0.182,9842
0.0801,3121
-0.0236,5966
0.0306,4160
-0.0663,6274
0.116,3153
0.0391,3596
0.139,2025
0.258,1285
0.039,4325
-0.235,8368
0.11,1130
-0.0389,6701
0.0623,3532
-0.149,9248
0.217,680
0.155,3503
-0.0307,6397
0.138,1210
0.149,1578
-0.0415,5981
-0.00167,5344
0.0539,3189
-0.16,9862
0.114,2488
0.126,1919
-0.0886,8145
0.0297,3828
-0.295,10315
-0.147,8554
-0.242,10304
-0.125,9575
0.186,1555
-0.126,7760
0.0523,3608
-0.524,10445
-0.0505,7726
-0.0258,6007
0.0785,2594
0.0215,4321
0.015,4732
-0.0816,6331
-0.0326,5998
-0.0297,6083
-0.0356,6735
-0.228,9725
0.158,1890
-0.0763,6859
-0.0298,6620
0.015,4365
-0.0727,7363
0.276,619
-0.0376,6680
0.0293,4189
0.0926,1271
-0.0108,5635
0.118,2224
-0.257,8841
-0.0949,6640
0.36,604
-0.144,10279
-0.0237,6528
-0.0686,6638
0.165,723
-0.0737,5780
-0.197,9251
0.0988,1905
0.0885,857
0.147,775
-0.158,9754
-0.0858,9820
-0.187,9517
-0.101,8350
-0.113,7683
0.0192,4572
-0.142,8066
-0.0855,7359
0.212,1603
0.142,748
0.0203,4268
-0.14,8761
0.0905,2338
0.187,1150
0.0442,3815
-0.0955,8138
0.0503,3287
-0.294,9985
-0.726,10459
0.468,2288
1.11,133
-0.0498,7697
0.103,2654
-0.172,9191
-0.354,10319
-0.0201,5280
-0.0633,5590
-0.0403,7753
0.132,680
0.0551,3832
0.0938,2775
0.0379,4198
-0.0561,5793
-0.0168,5783
0.0727,3871
-0.162,9256
-0.0319,6433
-0.162,9870
0.182,2091
-0.134,8815
0.0662,3005
0.0155,4614
0.212,1958
-0.0613,6876
0.837,141
-0.0281,5834
-0.12,8184
-0.326,10304
9.8e-05,5119
0.315,437
-0.0062,5338
0.24,104
-0.0207,6969
0.638,724
-0.0601,6983
0.0897,2711
-0.172,10276
0.157,1833
-0.063,8237
-0.117,7863
-0.286,8551
-0.0716,7174
0.122,2585
-0.0546,6056
0.129,2563
-0.336,9525
0.00294,4926
0.234,1317
-0.177,7714
-0.137,7328
-0.156,10177
-0.111,7677
0.0159,4540
0.00542,4828
0.218,962
-0.0468,6671
-0.0197,6639
-0.182,9499
0.0151,4584
-0.47,9833
-0.0379,6502
0.161,946
-0.021,5674
0.0855,3210
-0.144,8173
0.0452,4122
-0.154,6128
0.0262,3636
-0.0353,6192
0.0898,1850
0.568,679
0.152,2141
0.213,574
0.105,915
-0.0803,8515
0.0213,4572
-0.198,9327
0.357,119
-0.0279,5122
-0.152,9963
-0.0255,6024
-0.0756,6117
0.264,429
0.423,700
-0.0181,5510
-0.105,8122
0.0747,1802
-0.015,5728
-0.0196,5594
-0.16,8287
0.0264,4042
0.0468,3783
-0.0995,8147
0.0174,4410
-0.135,8753
-0.077,7154
0.466,295
-0.0219,5833
0.0137,4521
0.0139,4590
0.0895,2393
0.348,974
-0.00154,5269
-0.109,8079
-0.0652,6332
0.0319,4258
0.111,1994
-0.103,8100
0.103,2825
-0.00135,5069
0.0706,3497
0.00882,5045
-0.257,9648
0.143,3055
0.0115,4829
-0.0508,8434
-0.0275,6497
0.287,1117
-0.0138,5610
-0.376,7679
-0.298,8421
-0.0353,6708
-0.0504,7023
0.0895,2462
-0.0336,6022
-0.186,7433
-0.164,8019
0.106,1911
-0.113,9306
0.387,612
-0.00495,5307
-0.0738,6266
-0.0765,6008
0.0154,4746
0.0771,2325
0.125,2442
0.104,2395
0.0979,3276
0.215,1644
0.0397,3010
-0.119,8678
-0.671,10424
-0.0598,6396
0.216,2003
-0.0277,6127
0.0622,1416
0.0389,3328
0.546,109
0.00614,4726
-0.277,9658
-0.187,8940
-0.275,9901
-0.142,10184
0.084,3503
-0.0728,7349
0.273,183
-0.0594,7213
0.267,314
0.00218,4829
0.115,1756
0.0695,2474
-0.0504,6278
0.0952,2412
-0.0599,7972
0.112,2905
-0.00285,5839
0.102,1770
-0.218,10051
0.0359,4048
0.121,1702
-0.00157,5246
-0.0557,7585
0.0364,4161
-0.146,9558
-0.158,8284
0.0495,3776
0.0495,3589
-0.123,8977
-0.0718,6300
0.13,1864
-0.093,6389
-0.372,9940
0.0467,2402
0.00966,4562
0.109,3553
-0.057,5802
-0.0348,4637
-0.342,9749
0.0118,4725
-0.0165,6137
-0.256,9683
0.163,1076
-0.243,9676
-0.00601,4976
-0.0495,7537
-0.0524,7647
0.435,419
-0.146,10001
0.0213,4377
0.393,980
-0.133,9199
-0.0122,5459
0.253,698
-0.125,8612
0.0897,3243
0.311,1303
0.0386,3592
0.0824,1914
-0.119,9386
-0.0241,5611
-0.0642,5593
-0.0377,6331
-0.124,9087
-0.0346,6603
-0.589,9566
-0.277,8722
-0.0489,7914
-0.119,9931
-0.00899,5333
-0.0104,5545
-0.0166,5567
0.0159,4768
0.0404,4071
0.0349,3592
-0.0856,7384
0.215,2227
0.00354,5001
-0.212,8897
0.0769,3143
0.00551,5057
-0.115,9269
0.0655,2791
-0.0744,6795
-0.113,8948
-0.171,8523
0.181,1474
-0.131,9429
-0.0802,6921
0.175,658
0.191,1384
0.0255,4148
-0.0484,7413
0.206,597
0.0651,3195
-0.156,8484
0.22,1145
0.0179,4510
-0.0326,6295
0.0555,2611
0.107,2304
0.0586,3557
0.144,2098
-0.168,6977
-0.0833,7305
0.102,885
0.144,2956
0.0626,3292
-0.0986,7290
-0.0704,6464
-0.0573,7197
0.102,2609
-0.236,9451
-0.0146,5589
0.0749,3449
-0.0223,6096
0.131,1712
0.148,2533
0.0432,4110
0.0112,4601
0.179,2539
-0.0568,5606
0.137,1564
0.0582,2025
0.127,1078
-0.0531,6241
0.0571,3245
-0.0475,6692
-0.0773,7777
0.19,14
0.258,705
0.129,1400
-0.0113,5576
0.448,28
-0.101,9481
-0.312,10325
-0.148,8749
-0.0995,7446
-0.0723,7686
-0.0922,9208
0.0654,2750
-0.281,10463
-0.118,8919
-0.0716,7327
-0.159,8449
0.13,1491
-0.114,9692
-0.228,9145
-0.696,10031
-0.122,8329
0.206,2781
0.502,18
-0.04,7609
0.106,2396
-0.766,9657
-0.152,7465
-0.151,9867
0.112,2529
-0.0976,8720
-0.0853,8756
-0.131,8249
0.0656,2616
-0.219,9426
0.259,1768
0.142,583
0.0208,4587
-0.0859,6487
0.055,3418
0.026,4259
-0.134,8076
-0.0232,5901
0.13,1761
0.0377,3375
-0.237,8094
-0.157,9532
0.116,2052
-0.0526,7560
0.0766,2399
-0.0719,7516
0.162,516
0.0293,4305
0.237,465
-0.205,9452
0.0284,3872
0.0029,4855
-0.00799,5380
-0.0797,7818
0.186,909
0.00715,4901
-0.00953,5425
0.0222,4425
-0.0804,7855
-0.124,8113
-0.346,9980
0.059,2823
0.212,678
-0.203,9910
-0.0268,6082
0.217,2714
0.23,1550
-0.231,10078
0.308,517
0.139,1939
0.193,552
0.0495,3966
0.0338,4367
-0.0875,9020
0.013,4867
-0.17,9219
0.0535,4005
-0.243,9429
0.168,565
0.00813,4795
-0.214,9372
-0.142,8136
0.0655,3979
-0.406,10454
-0.215,9711
0.046,3670
-0.438,6432
0.464,972
0.732,1525
0.379,234
-0.798,10097
0.0749,3789
-0.137,8527
-0.0559,5929
-0.064,6669
-0.117,9612
0.245,166
-0.185,8642
-0.0141,5626
0.0379,3667
0.244,1072
0.14,1377
-8.72e-05,5223
-0.239,9861
0.0466,3877
-0.367,9892
0.27,1351
-0.0665,7467
-0.113,8748
0.326,281
-0.209,10006
0.147,1718
-0.101,7256
-0.0365,6813
0.0513,3523
0.131,1351
-0.0491,6635
-0.0258,5774
0.179,1766
0.165,1175
0.0868,2679
-0.0253,5752
-0.115,8918
0.0251,4395
-0.12,8027
-0.0686,6654
-0.0539,8081
-0.365,5945
-0.384,10202
-0.139,8052
-0.0952,7270
0.0996,1531
0.0157,4567
0.133,532
0.395,84
0.172,1727
-0.28,9735
-0.00782,5336
0.0513,1206
0.125,1804
0.41,2378
-0.0442,6762
-0.0569,6855
-0.0743,8141
-0.0185,5942
0.106,2885
0.0739,1511
-0.0388,7238
0.287,1084
0.116,1791
0.0586,1810
-0.0752,7740
-0.000997,4649
-0.145,8429
0.116,3405
-0.155,7761
-0.102,7935
0.143,1686
0.135,2605
0.208,1611
-0.249,10050
0.259,1177
-0.062,7776
0.235,3231
0.299,2822
0.0759,3233
-0.254,9958
0.0296,4317
-0.0534,8777
-0.105,8892
0.0223,3659
0.13,1844
-0.158,8712
-0.0737,6377
-0.0667,6547
0.255,1150
-0.00173,5072
-0.636,9433
-0.08,6230
0.399,131
-0.0423,6086
0.338,77
0.145,2339
0.00277,4735
-0.019,5648
-0.00374,5036
0.124,2097
0.0582,2306
-0.078,7193
-0.108,7652
-0.129,8891
0.619,306
0.538,307
0.144,240
0.0812,2230
-0.133,8413
-0.104,8311
-0.152,7700
-0.0836,7173
0.026,3745
0.18,537
0.463,47
-0.112,8290
-0.328,10218
-0.357,9925
0.138,926
-0.0336,6530
0.123,1792
0.239,789
-0.142,6390
0.231,1542
0.286,154
0.051,2833
-0.0694,7283
0.345,288
-0.0971,6905
0.37,150
-0.0248,5967
0.0421,3906
-0.15,9346
0.141,2204
0.125,3141
0.0123,4585
0.0732,2591
-0.0462,6664
0.0647,3620
0.0391,4042
-0.0219,6218
0.0983,2274
0.0402,3304
-0.0578,8781
0.21,1032
-0.00362,5045
0.246,870
-0.0713,6075
-0.236,9962
0.0499,3585
0.0664,3528
-0.142,7240
-0.0924,6850
-0.0432,5013
-0.363,9591
0.0143,4643
0.497,556
0.482,1733
-0.0792,6558
0.0317,4394
0.00866,4511
-0.115,7974
-0.00401,5112
-0.124,6710
0.202,898
0.0639,2689
-0.00458,5189
0.169,2435
-0.0645,7549
-0.0895,7783
-0.00374,4839
0.0228,4483
-0.0378,7158
-0.0824,7217
0.146,912
0.153,3633
-0.143,7958
-0.16,9869
-0.0778,7588
0.125,2479
0.131,3205
0.0135,4483
0.0454,3636
0.0892,1962
-0.103,6827
0.0486,1959
0.279,387
0.0649,4342
-0.307,9456
-0.156,9088
-0.213,9720
0.014,4462
-0.0543,6785
0.00384,4839
-0.0336,6343
-0.175,10024
-0.0556,7560
-0.112,9149
-0.0175,5625
0.0379,4293
0.139,2710
-0.523,9521
0.0778,2399
-0.0197,5427
-0.0448,7201
0.0703,3424
-0.129,7887
-0.127,7989
0.0299,3909
-0.151,7497
-0.00331,5364
-0.0484,6149
-0.0838,6769
-0.0844,8722
0.142,675
-0.066,7162
-0.0265,5770
0.0978,2902
-0.2,9105
-0.025,6477
-0.034,6054
-0.646,9094
-0.776,8995
-0.5,7869
-0.144,8354
0.394,1468
-0.017,5196
0.11,2717
-0.0296,6439
0.156,1774
0.229,1360
-0.109,8950
0.0217,4450
0.259,1101
-0.726,10222
-0.202,8853
-0.649,8272
-0.72,9488
-0.351,9241
-0.362,10044
0.207,430
0.288,1830
-0.183,8739
0.0357,3327
-0.17,10133
-0.058,6032
-0.0148,5745
0.255,232
-0.326,8510
0.0211,3729
-0.123,9091
0.337,124
-0.212,8573
0.257,960
0.0658,3612
0.214,769
0.258,274
-0.454,10033
0.425,1064
0.0528,4292
0.0885,2722
0.00567,4906
0.0734,2384
-0.165,8542
-0.168,9471
0.105,2189
0.261,514
-0.00783,5822
-0.0525,7316
2.59,479
0.12,2199
-0.265,9552
0.231,944
0.101,2100
0.0621,2403
-0.019,6215
0.144,976
-0.512,9997
-0.0763,9435
0.207,590
0.00111,5076
0.105,1354
0.166,3094
0.24,2330
0.082,2770
0.0581,3825
0.0411,3710
0.0812,2177
-0.0936,6909
0.122,1919
0.0395,3771
0.0522,2856
-0.00775,5396
-0.192,9783
-0.228,9144
0.234,780
-0.0868,5362
-0.107,7905
0.0602,3148
-0.1,8419
0.224,1542
-0.12,7318
-0.0773,6031
0.0379,3887
0.00316,5020
-0.0316,6401
-0.114,7885
0.508,230
0.129,3475
-0.131,9044
-0.0476,7470
-0.193,9341
0.178,1633
-0.0276,6952
-0.225,8467
-0.0559,8244
0.0804,2767
0.391,364
0.103,2686
-0.0449,5863
0.423,131
-0.228,9478
-0.0738,7962
0.0306,4104
-0.0717,8966
-0.0846,5629
0.0143,4422
0.0809,1978
0.0633,2244
0.154,1612
0.0548,3510
1.18,152
0.18,1719
0.0966,1958
-0.148,10290
-0.139,9604
-0.2,8453
0.214,3239
-0.0476,7204
-0.313,9990
0.042,2913
0.031,4400
-0.259,5258
-0.393,8879
-0.0662,7380
0.256,2441
-0.025,5288
-0.106,7956
0.243,1819
0.082,2604
-0.0189,6098
0.0181,4291
-0.315,9542
-0.165,8513
0.069,3943
-0.0574,6927
-0.0124,5572
-0.0254,6484
-0.00212,5328
0.027,4312
0.0457,3291
0.0589,3410
-0.201,9949
-0.0101,5141
0.269,1499
0.123,1735
0.0139,4195
0.573,769
0.152,1630
0.0138,4522
0.171,925
-0.0613,7212
0.0696,2879
-0.0537,6370
0.0351,4157
-0.00906,5144
-0.0238,5535
-0.109,8731
-0.403,10155
0.11,2863
-0.16,7265
0.117,2425
0.186,2760
0.559,407
-0.466,6542
0.0507,3491
0.0412,3689
-0.0664,7470
-0.094,8073
-0.244,9398
0.17,1843
-0.523,10467
-0.0196,5548
0.0979,2295
0.271,1796
0.044,3146
0.142,1643
0.0922,2451
-0.0929,8663
-0.0955,7574
0.0735,2720
-0.0992,8056
0.255,1364
-0.0164,5326
-0.0315,6434
0.138,711
0.255,497
-0.102,6877
0.218,782
-0.0189,5346
-0.0869,10074
0.112,2519
0.0659,3409
0.0649,3690
0.0981,2736
-0.0154,5469
-0.0535,6326
0.0347,3594
-0.11,6637
0.173,2251
-0.0794,6432
-0.00266,5189
0.0304,3961
0.204,204
-0.306,9289
0.0608,3643
-0.111,6803
-0.317,9646
-0.299,8360
0.00448,4575
0.227,675
0.0223,4467
0.204,3155
0.634,862
-0.0153,5886
-0.0695,7651
0.25,402
0.0826,2537
0.0233,4375
-0.142,7737
0.0469,3048
-0.00627,5651
0.0323,3647
-0.535,10475
0.872,1071
0.0013,4781
0.128,2520
0.0185,4440
-0.0766,7636
-0.0495,5994
-0.0331,5474
-0.286,10316
-0.0149,5917
0.203,296
0.498,1172
-0.182,7262
0.0611,2864
-0.0731,7150
0.0668,2751
0.183,2253
0.135,2520
-0.0319,6260
-0.314,9884
0.249,918
0.253,686
0.0135,4208
-0.0853,6385
0.0965,2554
0.113,1906
-0.0186,5190
-0.164,10311
-0.235,9763
-0.0729,7342
-0.161,8795
-0.00275,5281
-0.0802,7400
-0.0263,5787
-0.268,9906
0.0288,4029
0.181,1225
0.0327,4273
0.00309,5114
0.0687,3080
-0.11,9565
-0.286,10273
-0.0854,7255
0.315,1043
-0.0782,7718
-0.0546,7233
-0.0617,7606
0.0685,3376
0.14,2543
-0.107,7529
-0.032,6290
-0.0855,7985
-0.00152,5219
-0.0431,5977
-0.148,9175
0.0283,3580
0.0145,4560
0.0848,2493
-0.0057,5339
0.0809,3073
-0.0126,4969
-0.0799,6322
0.191,1277
-0.0222,5714
-0.0152,5578
0.12,3032
0.627,84
-0.0693,6548
-0.311,9547
-0.0378,6658
-0.00751,5562
-0.14,8171
0.255,1188
-0.286,9811
0.0226,4195
-0.0805,7692
-0.0598,7374
0.0532,3372
0.00592,4759
0.456,4
0.402,138
-0.0275,6424
0.0136,4702
0.0738,2904
0.0282,4297
0.196,2052
0.452,672
-0.0912,6689
-0.141,9608
0.531,194
0.227,1405
-0.0865,6948
-0.125,9179
-0.0105,5444
0.0201,4125
-0.339,10326
-0.27,9190
0.213,382
-0.19,8410
-0.0217,5909
-0.0526,7934
-0.0109,5321
-0.108,7780
0.0231,4450
0.0482,3626
0.218,459
0.00727,4634
-0.0842,7658
-0.0841,8012
-0.0163,5255
-0.104,8647
-0.0348,6597
-0.0652,8945
-0.159,8989
-0.0672,7773
0.257,720
-0.555,9174
-0.0895,8762
0.0874,2241
-0.0385,6442
-0.24,9903
0.265,1216
0.212,691
0.0308,3756
0.138,2004
0.103,2684
-0.182,6561
-0.00614,5100
0.0179,4610
-0.0515,7143
-0.0517,6406
-0.4,10327
-0.21,8758
-0.0146,5659
-0.167,6583
-0.23,10070
-0.0456,6911
-0.413,10388
-0.171,9388
-0.0507,6869
-0.279,10254
0.0345,3062
-0.32,10448
-0.134,8242
0.0158,4625
0.235,1590
0.522,404
-0.0134,5642
0.146,702
0.00554,4923
-0.0299,6013
-0.208,9492
-0.219,8398
0.0864,2429
-0.111,9742
0.113,2903
-0.127,7165
-0.0234,5699
-0.0968,8196
-0.118,8944
0.0519,3221
-0.0729,7218
0.0479,4145
-0.0448,6087
0.000682,5196
-0.129,9446
-0.205,7941
0.132,911
-0.109,7762
1.68,55
-0.0426,8118
0.0118,4976
0.182,430
0.138,1805
0.138,991
0.12,2515
-0.216,10175
0.0406,3277
0.0681,3726
-0.362,10104
-0.0855,6948
-0.282,10060
-0.0701,6782
0.12,2114
0.0108,4942
-0.0269,6002
-0.0163,5617
0.0446,3871
-0.122,9879
0.00144,5065
-0.139,7737
-0.174,9401
0.457,54
-0.0113,5132
-0.00125,5248
-0.168,10356
-0.0979,7656
-0.054,7075
-0.222,9058
0.194,2199
0.0669,1728
0.0795,2351
0.142,427
0.0246,4355
0.0868,3161
0.00675,4851
0.137,1564
-0.195,9994
-0.219,9672
-0.00213,5112
-0.316,7987
-0.0115,5128
-0.137,9118
-0.109,9295
-0.0299,5680
-0.0185,5849
0.0864,2535
0.0489,3849
-0.078,8270
0.0192,4716
-0.374,10357
-0.214,9415
0.33,1295
0.209,2666
0.0677,2763
-0.0073,5098
-0.0517,5245
0.0289,4498
0.0746,3562
-0.045,6064
-0.116,9057
0.0624,2906
0.0424,3881
0.0489,2814
0.0434,2329
-0.135,8930
-0.0928,9132
-0.162,10014
0.0614,2990
-0.47,6644
-0.329,8205
0.0421,4247
-0.563,9554
0.0655,2398
0.475,793
-0.183,9100
0.132,1518
-0.0837,7866
0.0425,3644
0.0801,2501
0.102,2161
-0.0589,6452
-0.0693,6721
-0.74,9453
-0.0896,8237
-0.104,9453
-0.226,10179
0.0436,3548
-0.161,8842
-0.00286,5125
0.0201,4329
-0.0525,9225
-0.301,7703
0.0856,2871
0.831,245
0.174,1790
0.157,921
0.0997,610
-0.0751,6191
-0.108,8643
-0.0254,5961
-0.11,8663
-0.132,10156
-0.0274,9301
-0.0701,7731
0.081,2147
-0.0182,5164
0.0366,3529
-0.0598,7942
-0.0933,7007
0.0912,3335
-0.148,8044
-0.0232,6070
-0.0263,6186
-0.0431,6584
0.181,1932
-0.284,7888
0.268,1377
0.383,514
-0.0989,8599
0.0562,2874
-0.0887,9192
-0.25,9618
-0.0542,6164
0.527,401
0.0853,3701
0.105,1469
0.138,270
-0.00138,4963
0.318,1304
0.12,2115
-0.0248,5226
0.109,2337
-0.0901,9096
0.191,1155
0.332,637
0.0151,4658
-0.0705,6467
-0.167,9499
0.00806,4942
0.0322,3668
0.356,456
0.145,1487
0.0921,2747
0.0402,3440
0.167,589
0.0344,3952
0.193,1378
-0.0367,5826
-0.126,6627
0.0027,4914
-0.112,8040
-0.105,8890
-0.0598,7066
-0.0672,6394
-0.148,7857
-0.169,9457
-0.037,5331
-0.0354,5909
0.191,2048
0.198,1949
0.102,2894
0.0871,1780
-0.0191,6347
0.536,514
0.125,421
-0.246,8515
0.136,2733
-0.181,9107
0.0064,4498
-0.13,9545
-0.0437,6167
0.421,661
0.09,2070
0.134,1917
-0.0398,7942
0.00304,4841
0.0305,4336
-0.0387,5986
-0.171,9006
0.108,1411
-0.083,7756
0.33,972
0.386,396
-0.141,10258
0.324,360
-0.027,6243
-0.057,7688
0.102,1992
0.0276,4327
-0.0374,6063
0.317,733
-0.0998,7265
0.0795,1491
0.871,1733
-0.0974,6428
0.0287,4122
0.075,3684
-0.132,9137
-0.164,9280
0.381,463
0.1,1978
-0.0314,5623
0.0162,4574
0.239,844
0.0318,3630
0.194,1157
-0.0126,5767
-0.151,7843
-0.114,7480
0.0346,3594
0.00193,5000
-0.13,8214
0.169,610
0.274,530
-0.00564,5087
-0.308,10093
-0.0615,7162
0.0181,4426
-0.0192,5689
0.0786,3059
-0.053,6131
0.21,1559
0.177,1662
-0.326,10400
-0.163,7041
0.14,1127
-0.0875,6666
0.16,1488
0.127,1976
0.101,2078
-0.033,5593
0.181,2355
0.25,487
0.05,3663
0.18,864
-0.862,10128
-0.171,6806
0.091,3072
-1.08,10214
0.676,86
-0.084,7764
0.0447,4128
-0.0317,5724
-0.00309,4874
0.0403,2886
0.0455,3738
-0.129,6983
0.161,2314
-0.119,8565
0.116,289
-0.0448,7526
-0.0447,6298
0.0707,2127
-0.236,10401
0.073,3171
0.0583,3624
-0.0218,6171
0.0444,4111
-0.0719,7551
0.0506,3047
0.0161,4563
0.0251,4102
0.05,2710
-0.0669,5803
-0.146,8725
0.0986,2914
-0.115,8579
-0.0184,5535
0.0352,4357
0.126,2686
0.0738,2222
-0.0227,5921
-0.275,8924
0.0564,2596
0.167,755
-0.102,7343
0.0399,4119
0.332,1031
-0.13,7727
-0.0353,7080
0.0342,4264
-0.203,8475
-0.279,9940
-0.242,10023
0.0158,4363
0.095,1940
0.0722,1987
-0.0377,6935
0.0919,3044
-0.0853,6031
0.0446,4027
0.0857,2696
0.0764,1312
-0.109,8345
0.225,1562
-0.0837,6959
0.102,2438
0.0248,4128
0.343,71
0.0947,2473
0.0381,3747
0.218,1103
-0.054,7050
0.147,682
-0.175,9918
0.0306,4441
-0.00132,5386
-0.0236,5266
-0.0242,5662
0.216,656
-0.00279,5154
-0.0635,6748
0.0346,3414
-0.0745,7734
0.0256,3460
0.0343,4109
-0.183,10088
-0.163,8912
0.0251,3938
-0.084,8227
-0.103,7172
0.0326,3604
-0.136,8728
-0.0181,6005
-0.118,9367
0.175,1064
-0.0146,5272
0.299,157
0.0914,2364
-0.206,9691
0.069,3249
0.0706,3085
0.12,2113
-0.0701,6554
-0.173,9335
0.139,2278
0.0409,4098
-0.408,10305
0.35,2588
0.147,651
0.0883,1946
0.159,744
-0.0746,6409
-0.0297,6039
-0.0398,5576
-0.0237,6175
0.13,765
0.162,820
0.172,1575
0.108,3670
0.0852,3389
-0.0754,8487
0.0727,2491
0.0139,4609
-0.0606,7290
-0.251,9429
-0.289,10140
-0.218,9692
-0.0914,9178
0.226,334
0.241,619
0.391,111
-0.0358,6497
-0.137,7535
0.0255,4387
0.0938,2960
-0.0923,6568
0.13,3687
-0.327,8869
-0.0618,7279
0.0101,4671
0.15,1966
-0.237,8132
0.0493,3148
-0.147,7267
-0.179,9419
-0.162,10206
-0.0667,6599
0.35,38
0.0482,3588
-0.0184,5182
0.0699,3666
-0.164,8710
0.0565,3799
-0.148,7674
-0.095,8384
-0.0297,6042
0.00662,4782
0.0695,2300
-0.0382,5581
0.0819,2540
0.116,2383
-0.113,8540
-0.0307,7022
0.0508,2350
-0.0216,6024
0.117,2421
0.31,702
0.176,929
-0.00818,5380
-0.108,9481
0.0145,4484
-0.0805,7502
-0.0332,7112
0.159,3449
-0.0494,6906
0.127,1542
-0.358,9955
-0.257,8507
-0.147,9394
0.13,2447
-0.135,9589
0.0374,2897
0.0766,3398
0.131,1281
0.165,1180
0.0133,4612
0.136,1437
0.111,2211
-0.0136,5585
0.0461,3912
-0.0292,7107
-0.00561,5471
-0.0498,6608
-0.0025,5046
0.00795,4918
0.384,287
0.0829,3443
-0.0853,3790
0.0679,2106
0.0625,2434
-0.055,6817
0.0593,3159
0.0238,4598
-0.0783,7350
0.0658,3001
0.118,1146
-0.0613,6867
-0.151,9032
-0.192,7861
-0.0115,5151
-0.0103,5558
-0.172,9937
-0.0307,5915
0.0568,3184
0.268,1271
-0.0512,7417
0.0485,3109
-0.188,9330
0.0714,2557
-0.0661,6460
-0.164,9742
-0.0754,6933
-0.0809,7484
0.174,709
0.2,1459
-0.161,8277
-0.0887,7467
-0.0476,5092
-0.0193,6057
0.0226,4140
0.0451,4143
-0.464,8436
-0.16,9207
1.01,236
0.0605,3244
0.156,704
0.167,2823
-0.0169,5645
0.203,2363
-0.0535,6093
-0.172,10122
0.0757,3028
-0.0207,5373
-0.329,9613
-0.252,9671
-0.0237,5976
-0.103,9476
0.0938,872
0.00262,5052
0.448,499
0.0279,4244
-0.12,8318
-0.334,9144
0.0483,2405
-0.0705,6753
-0.0169,5667
0.197,1799
0.0126,4642
0.696,221
-0.082,8577
0.287,61
-0.257,9037
1.55,197
0.000137,4931
-0.00477,5320
0.047,3834
-0.0442,6071
-0.31,10309
0.0399,4171
0.246,1703
0.0657,2370
-0.175,9955
-0.0217,5475
0.261,510
-0.201,9402
0.111,1735
-0.00942,5852
-0.0713,7944
-0.0188,5626
0.0768,2957
1.35,96
0.0581,3836
-0.0314,6647
-0.173,10095
-0.0699,6384
0.147,1369
0.142,1732
-0.204,10229
-0.164,10080
-0.159,6737
-0.0107,5215
-0.0463,5800
-0.0892,7282
0.15,1726
-0.0783,7352
-0.01,5290
-0.212,8898
-0.000111,5208
-0.0241,5637
-0.113,9273
-0.147,9148
0.0144,4391
-0.188,9158
0.0509,2880
0.224,1095
-0.336,10413
0.0485,3253
-0.0699,8619
-0.0974,7577
0.0899,2904
0.0344,3986
-0.0192,5581
0.264,811
0.0643,2676
-0.0117,5265
-0.496,10398
-0.123,8754
-0.0638,6533
-0.0858,7508
-2.11e-06,5157
0.0619,3695
0.0285,4385
0.0365,3620
0.135,3030
0.0465,3620
0.0134,4628
-0.168,9624
0.0183,4581
-0.056,6187
0.0136,4797
-0.00444,5586
0.0745,2786
-0.0545,6451
-0.0473,6256
-0.22,9522
0.0696,3192
-0.0917,8376
-0.0384,6113
0.107,2256
-0.186,9485
0.211,1194
0.293,335
-0.138,9586
-0.0598,6566
0.081,3493
0.182,3201
-0.427,8901
-1.27,10329
0.0908,2226
0.0261,3791
-0.144,8934
-0.206,9038
-0.175,9748
0.104,2384
-0.0896,7953
0.341,1423
-0.0907,9294
-0.0976,7685
0.105,1034
0.0754,2656
0.182,1383
-0.0216,6136
0.0898,2969
-0.0724,7072
0.0954,2055
-0.171,6537
-0.0686,7516
-0.15,8244
-0.394,7535
0.232,1322
0.191,848
-0.0353,5765
0.0573,3483
-0.209,8408
-0.336,8975
-0.143,8985
0.0745,3110
-0.0487,7076
0.122,472
0.278,13
0.182,1018
-0.055,6382
0.0985,3724
0.0683,1877
-0.129,9135
0.0605,1771
-0.055,6313
0.203,1711
-0.304,6302
0.771,154
0.123,1128
-0.26,10109
-0.0512,5810
0.0576,2842
0.0528,3893
0.352,776
-0.172,9374
-0.038,6059
-0.208,9776
-0.0184,5393
0.102,2634
0.0641,3568
-0.0535,7727
-0.126,9860
0.202,634
0.118,1060
0.2,927
-0.0983,7824
0.108,1983
0.449,267
0.124,1738
-0.16,9291
-0.0235,5682
-0.162,8990
-0.0703,8043
-0.0528,6517
-0.299,9457
-0.17,9117
0.191,1777
0.335,1605
0.0303,4070
0.0727,1418
3.43e-06,4924
0.0634,2288
0.0718,3317
-0.138,9352
-0.0134,5377
-0.0143,5416
-0.688,10152
-0.239,7480
0.123,1775
0.521,1984
-0.197,9986
0.0624,1018
-0.0676,7620
-0.156,9639
-0.0643,6131
-0.154,9960
0.0396,3734
-0.166,9030
0.308,473
0.0507,3480
-0.154,8860
0.00617,5036
0.13,1437
-0.019,6218
0.105,2846
0.0117,4297
0.166,1126
-0.0716,7203
0.062,3892
-0.192,9288
0.112,2392
0.0897,3274
0.111,2961
0.22,1286
0.0171,4517
-0.192,9874
-0.0879,8075
0.437,896
-0.0575,6672
0.0871,3517
0.0199,4257
-0.0227,5619
-0.3,9973
-0.259,10218
-0.0971,8962
0.159,2997
-0.0105,5463
0.0311,3373
-0.0127,5441
-0.309,9913
-0.0454,5741
-0.382,9636
-0.0743,7668
-0.0339,5937
-0.0948,6806
-0.184,9172
0.763,1706
-0.116,6911
0.148,1208
-0.0485,7099
-0.143,7958
0.0535,3508
-0.19,9763
0.108,3211
-0.065,7842
-0.0693,8899
-0.293,9951
0.218,361
-0.0128,5750
0.181,2058
0.113,1695
0.149,1078
0.134,1256
0.0852,2626
-0.0387,6798
0.0293,3922
0.148,1569
0.0355,3607
-0.103,7268
0.0767,3540
-0.0948,8646
0.328,994
-0.0154,5764
-0.108,8143
-0.0857,6991
-0.162,10222
-0.116,5958
-0.0933,7625
-0.0703,7838
0.125,1192
0.151,3300
-0.223,8746
-0.259,8353
-0.0624,8307
-0.073,8458
-0.0107,5447
0.184,654
0.0317,4200
0.0463,4025
0.182,885
-0.288,9924
-0.116,8866
-0.213,9273
-0.187,7779
0.183,1112
0.0869,3114
0.165,1463
0.0672,3996
0.433,451
0.0799,3413
0.468,174
0.0837,3637
-0.287,8464
0.48,1263
0.0105,4771
0.432,1147
0.062,3309
0.0382,2824
0.0125,4641
0.275,293
0.0587,3371
0.00878,4765
-0.0707,6993
-0.0284,6163
0.208,837
0.152,2876
-0.192,9090
-0.212,9994
0.194,691
-0.135,7844
0.184,2316
-0.111,7991
0.0421,3341
-0.178,8793
-0.211,10335
0.0738,2602
-0.0351,8598
0.0865,2978
0.0466,4172
0.0308,4404
-0.0206,5373
-0.0938,8914
-0.025,6282
-0.0978,7579
-0.0441,6811
-0.103,7867
-0.207,9082
-0.0434,7305
-0.0454,6594
-1.06,9966
0.054,3544
-0.131,7916
-0.163,9815
0.266,530
0.0717,2925
0.0677,3126
-0.131,7850
-0.173,7774
0.0824,4064
-0.0429,7470
0.0786,2950
0.00781,4725
-0.315,9820
-0.234,8808
-0.163,8154
-0.268,9841
0.0477,3531
-0.0738,7425
-0.116,7648
0.0816,2118
-0.262,9929
0.0298,3849
0.00745,4615
-0.171,9207
0.0619,3675
0.0545,3759
0.159,1744
-0.155,9200
-0.088,8567
-0.0489,6381
0.0797,3441
-0.384,10470
-0.139,8777
-0.0918,9171
-0.0626,7366
0.102,1455
-0.0118,5028
-0.0131,5017
0.0995,3155
0.245,119
0.105,922
-0.209,9497
0.158,2049
-0.218,9719
-0.225,8354
-0.208,10077
-0.106,8328
-0.00408,5257
0.211,767
0.0603,2846
0.0697,2946
-0.161,9553
-0.158,8314
-0.0575,5999
0.0407,4064
0.0803,2856
-0.106,6589
0.0265,4334
-0.146,8693
0.0723,3706
-0.0529,7275
0.163,2215
0.0418,4238
0.0249,4091
0.116,2002
0.143,1912
0.26,354
-0.106,8652
-0.114,6825
-0.214,10179
-0.0746,8453
-0.666,8591
-0.0654,6544
-0.103,7449
0.18,1447
-0.0693,7625
-0.201,9091
0.0178,4451
0.0798,3552
0.0602,2747
0.0264,3775
-0.0429,7391
-0.00661,5538
0.111,1493
0.00584,4768
-0.135,7785
0.47,493
0.00459,4881
-0.164,9698
-0.0693,7277
-0.467,10470
-0.176,8025
0.0522,2243
0.115,1277
0.0328,3922
-0.299,8170
-0.0379,8095
0.101,647
-0.116,9693
-0.0703,7477
-0.324,8118
0.0256,4226
0.0591,1123
0.0283,3027
-0.0391,4227
0.0478,3707
0.0259,3980
0.127,1223
-0.283,9798
0.101,2271
-0.029,5513
-0.197,9065
-0.0431,6379
0.0251,4185
0.0977,2378
-0.145,7739
0.123,2047
-0.0135,5461
0.0743,3061
-0.107,9732
-0.0835,8417
-0.003,4921
-0.291,9059
-0.03,5659
-0.027,5651
0.0378,4107
0.161,291
-0.149,9471
0.189,1388
0.00871,4701
-0.152,8009
0.0867,2467
0.111,2684
-0.0906,8547
0.0209,4579
-0.195,9461
-0.00802,4949
-0.137,9140
-0.0252,6311
0.344,53
0.103,2524
-0.0975,8790
-0.197,7537
-0.0711,8608
0.0114,4923
-0.156,8937
-0.0353,6135
0.0911,3431
0.106,2024
0.132,739
-0.0544,6889
-0.00349,5382
0.0393,4175
0.163,789
0.187,1141
0.17,1088
-0.00231,5579
0.106,2108
0.194,660
-0.00764,5040
0.0192,4268
-0.000467,5208
0.11,1159
0.0496,3426
-0.319,8106
-0.0662,7828
-0.105,7304
0.0697,2199
-0.0214,6082
0.0269,4168
-0.0374,6074
0.266,313
-0.0937,7449
-0.12,7259
-0.051,6761
0.447,257
0.00257,5186
-0.0141,5213
0.438,1465
0.0111,4791
-0.0868,7058
-0.0944,8379
-0.13,8511
0.213,628
0.019,4624
0.106,2173
0.0108,4667
-0.0979,8384
0.0474,3746
-0.132,8736
-0.0264,5879
-0.0606,8565
-0.0763,8532
-0.0185,5467
-0.185,8153
-0.159,8684
0.152,590
0.126,1577
0.0391,3964
0.128,1845
0.547,339
0.228,1533
0.125,1934
0.306,218
-0.258,6216
-0.594,9261
0.158,1705
-0.297,7726
0.078,1833
-0.234,9452
0.326,865
-0.0759,7311
-0.125,9888
0.0772,3109
0.0876,2304
-0.382,9492
-0.239,10274
0.284,824
0.0932,2215
0.0583,2820
0.0509,3210
0.0241,4320
0.0198,4806
-0.0403,7180
-0.00753,5202
0.114,1617
-0.211,10006
0.148,2614
-0.0324,5849
0.0459,3753
-0.0759,7214
-0.107,8235
0.013,4701
0.087,2769
0.314,357
-0.289,9805
-0.146,8506
0.09,2478
1.02,1563
-0.13,8789
0.301,849
-0.3,9126
0.12,920
0.0813,2300
0.14,371
-0.0342,5524
-0.0275,5565
0.113,2537
0.265,1187
-0.138,7720
0.0718,2057
-0.0935,7536
0.142,2840
0.0018,4807
0.294,28
0.0472,3659
0.162,866
0.129,2412
-0.447,9787
0.354,2147
-0.147,8300
0.0213,3817
0.00936,4759
-0.758,10256
0.224,691
-0.00463,5458
0.0308,3750
-0.131,8138
0.0577,3161
0.167,2921
-0.208,6096
0.188,523
-0.000966,5394
0.108,2013
-0.0315,6109
0.0163,4702
0.316,1267
0.092,732
0.316,439
-0.132,8767
0.0778,2439
0.00101,4947
0.188,1012
0.102,1176
-0.122,9331
-0.193,10254
0.0246,4446
-0.113,7583
-0.0725,6284
-0.0141,5502
0.0451,3674
-0.14,8678
0.13,1169
0.107,2938
-0.0478,6341
-0.137,9283
-0.133,9202
-0.142,7943
0.164,1025
0.0922,2588
0.00208,4973
0.218,311
0.145,587
0.143,2672
0.542,1842
0.161,3089
0.232,2431
0.247,85
-0.0642,7648
0.0812,3145
0.0782,2967
-0.135,8891
-0.129,7013
-0.000641,5267
-0.183,9581
0.241,825
-0.19,9984
0.0501,3629
-0.168,9367
-0.0802,7883
0.109,2493
-0.0178,5597
-0.183,8207
-0.179,9097
-0.167,8900
0.101,1227
0.0462,2260
0.174,2326
-0.101,8248
0.147,1752
-0.194,8264
-0.111,8159
0.138,2675
0.144,1297
0.196,395
0.122,2679
0.0403,3446
0.00679,4614
-0.186,7035
-0.00471,5154
0.136,2760
0.0326,4045
-0.0826,8959
0.00309,4771
0.101,2097
0.0543,3289
0.111,2008
-0.163,6992
0.152,682
0.0997,1476
-0.00081,5097
-0.163,8476
0.328,1982
-0.199,8287
-0.11,6922
-0.0625,7397
0.165,1746
0.0247,4051
-0.307,9859
0.151,2117
0.071,2808
0.0147,4368
0.23,661
0.335,224
-0.104,8465
0.239,361
-0.0669,8221
-0.000774,5199
-0.0516,5731
-0.2,9732
0.114,2920
-0.0526,5931
-0.217,9825
-0.128,8252
-0.439,8567
-0.202,7744
1.38,510
0.411,1450
0.183,1918
-0.129,9380
0.0697,2744
0.00694,4707
0.0792,3713
-0.132,6319
-0.0487,6796
0.22,2379
-0.329,9905
-0.122,7359
-0.0545,6327
-0.026,5306
-0.155,10086
0.114,1498
-0.0931,7733
0.454,2086
0.217,823
-0.0814,7679
0.196,1135
-0.0547,6247
0.104,3477
0.228,911
-0.146,6104
-0.156,7865
0.0944,1891
-0.0418,7311
-0.0776,7390
-0.235,10029
0.749,283
0.0307,3922
0.0672,2559
-0.111,7927
-0.127,8556
-0.137,7931
0.322,131
0.0608,3083
0.158,465
-0.0159,5664
-0.0888,7586
0.095,2678
0.115,510
0.106,2124
-0.02,6260
0.0101,4617
0.186,1272
0.0229,4587
0.289,395
-0.0178,5499
-0.0627,8803
0.034,3520
0.0956,1850
-0.0914,8119
0.817,299
0.228,1492
0.0317,3850
-0.134,9500
-0.0381,6258
0.0672,3591
-0.0705,8365
0.00583,4826
0.0662,1508
0.0111,4283
0.386,841
0.12,2644
0.172,1676
-0.0922,7277
0.0256,4298
0.216,108
-0.115,8547
0.0879,2764
-0.114,7057
-0.105,8691
-0.0181,6318
0.387,527
-0.288,8766
0.0925,2537
-0.079,6190
-0.42,9110
0.146,1152
-0.0435,6573
-0.261,9686
-0.431,9952
0.142,2415
0.0179,4441
-0.017,6420
0.389,53
-0.00532,5164
-0.374,8958
-0.141,9035
-0.192,9591
0.0111,4606
-0.0584,5625
0.0525,3808
0.115,1384
-0.253,10185
0.081,1138
-0.0122,5582
0.128,2238
-0.063,7350
-0.21,9134
-0.0367,5569
-0.106,9693
-0.113,7803
0.0632,4034
-0.214,6451
0.186,1633
-0.175,5333
0.147,2744
-0.0901,7510
-0.263,10448
-0.0181,5539
-0.0384,6846
-0.0947,8639
-0.167,9854
-0.015,5681
0.325,488
0.106,2033
-0.101,8817
0.115,2041
0.324,455
-0.0721,7069
-0.235,9952
-0.0794,9485
-0.209,10463
0.0259,4163
-0.0673,6773
-0.0121,4987
0.0797,2481
0.0714,2556
-0.214,9645
-0.132,8744
-0.0623,6094
0.0104,4918
0.305,660
0.0812,2383
0.0348,4032
0.303,301
0.0241,4368
-0.12,7539
0.153,464
0.00502,4738
-0.282,9836
0.139,1699
0.146,1653
0.0189,4686
-0.154,8009
0.389,135
0.135,231
0.0993,3077
0.103,1074
-0.0371,6130
-0.239,8803
0.108,1417
-0.0661,8298
-0.0142,5408
-0.0595,6080
-0.438,9868
-0.178,7203
0.0843,2300
-0.165,9919
0.0049,4794
0.218,1208
-0.00623,4726
-0.202,8819
0.00336,5202
-0.242,10433
-0.134,9446
-0.0346,6295
-0.0683,7124
0.0415,3320
-0.00408,5109
-0.219,10188
-0.171,9707
0.0738,2663
-0.0516,6731
0.0746,2537
0.0244,3599
0.0966,2005
0.0231,4272
-0.198,9606
-0.0211,5457
-0.125,9239
-0.00384,5216
0.235,283
0.165,1240
0.0333,4277
0.202,2019
-0.0837,7310
0.194,1626
0.232,280
0.0044,4783
0.145,2634
-0.153,7677
-0.000503,5435
-0.0979,7438
-0.0797,7410
-0.0877,7979
-0.0898,6840
-0.0937,8718
0.19,2781
0.43,1477
0.0581,3717
0.084,3310
-0.26,9539
0.064,3035
-0.124,8533
-0.0932,9055
0.0985,2431
0.114,2260
0.0215,4535
0.0601,3618
-0.137,8420
0.194,834
0.0713,2737
0.0337,4021
-0.209,10088
0.118,1773
0.0362,3803
0.0243,4014
-0.201,7952
0.2,1754
0.037,3827
0.169,1667
0.0258,3496
-0.0612,6780
0.119,1795
0.228,421
0.0468,3526
0.113,2389
-0.0161,5404
-0.0541,7081
-0.0613,8030
-0.0746,7213
-0.052,6546
0.207,1165
-0.205,9267
0.104,2427
-0.15,8059
0.11,1825
-0.194,8433
0.217,2716
-0.0498,7320
0.0195,3899
-0.092,7806
0.171,1251
0.142,995
-0.248,7771
0.00288,5069
-0.0177,5840
-0.00265,5252
-0.0432,6095
-0.175,7471
-0.286,10302
-0.0267,5922
0.161,1045
-0.15,8427
0.0498,3620
-0.0171,5883
-0.578,10036
-0.164,8975
-0.148,9335
-0.00659,5106
-0.141,7729
0.0422,3984
0.441,699
0.0698,1737
0.046,3317
0.0207,4337
-0.00154,5053
0.114,1834
0.198,2333
-0.0838,8023
0.273,700
-0.0241,4647
-0.0126,5648
0.0258,4269
0.0538,2926
-0.0824,8743
0.0741,1803
0.0717,3231
-0.00472,5539
-0.0105,5283
-0.0491,6430
-0.0611,7779
0.0218,3624
0.0742,2492
0.0411,3863
-0.0958,7342
-0.0424,6205
-0.208,9657
-0.171,10253
0.115,2077
-0.0949,6725
-0.116,8194
-0.191,9586
0.0638,2384
-0.062,6995
-0.042,5816
-0.02,5893
0.171,2119
0.063,3481
-0.00219,5466
-0.0313,6410
0.00605,4685
0.194,1322
-0.539,10254
0.158,2010
-0.236,10362
-0.0739,8978
0.114,1404
-0.00972,5289
-0.358,8572
-0.00471,5093
0.114,846
-0.0923,9446
-0.0721,5646
0.12,1338
0.00204,4882
0.196,1899
-0.0838,8083
-0.0769,7769
0.294,670
0.0078,4665
0.045,3889
0.037,4322
-0.0947,8450
0.0259,4243
0.162,914
0.221,879
0.11,1412
-0.104,5622
-0.063,8392
-0.0498,9197
-0.128,7675
0.152,1350
-0.243,7318
0.3,226
-0.0887,9210
-0.0278,6384
0.0358,4462
-0.167,8025
0.245,1613
0.0778,3872
0.0148,4579
-0.176,8666
-0.129,9042
-0.209,10283
0.0205,4270
-0.393,10290
-0.0927,9148
0.3,197
-0.214,9669
0.199,685
-0.421,7274
-0.182,7026
0.0497,3679
-0.156,9343
-0.0563,7464
0.0195,4676
-0.157,9055
-0.00528,5102
0.089,2679
0.105,2088
-0.208,9399
-0.352,8058
0.0203,4584
-0.00131,4873
-0.00724,5591
-0.101,7880
0.0191,4721
-0.286,9998
-0.0015,5245
0.26,1359
-0.119,9202
0.113,2903
-0.068,6516
-0.115,7747
-0.0323,6321
0.639,44
0.0682,2170
-0.363,10386
-0.102,8504
0.114,2215
-0.38,9753
0.0935,2904
-0.0731,8468
-0.0154,5552
0.00153,5048
0.0284,3966
0.361,618
-0.0196,5486
-0.143,9723
-0.133,8659
0.27,939
0.0832,3206
-0.0378,7095
-0.0233,5288
0.00622,4835
-0.0823,9621
0.0241,4036
-0.113,9608
0.1,2188
0.00602,4806
0.184,1715
-0.044,7342
0.136,1050
-0.239,9132
-0.164,8577
0.143,2872
0.354,1784
0.0396,2633
-0.019,5966
0.544,92
0.0721,2347
0.215,1186
-0.0636,6737
-0.17,10228
-0.0539,8841
-1.06,10106
0.839,1493
-0.808,9141
-0.207,8644
0.0777,4072
0.00895,4846
-0.202,9516
-0.183,8985
-0.0625,7375
-0.036,7468
-0.00788,5260
-0.0139,5491
-0.182,8860
0.172,1802
0.0991,2283
0.208,690
-0.0624,7899
0.0966,2037
-0.0621,6403
-0.0982,7080
0.335,571
-0.0637,7026
-0.251,8293
0.255,1173
-0.00882,5290
-0.269,9908
0.356,1952
-0.221,9708
-0.0225,6169
-0.112,8915
-1.06,10096
-0.114,5993
0.589,1027
0.2,1816
-0.111,9236
-0.113,7915
0.892,1229
0.469,1181
-0.924,9423
0.0147,3098
-0.0114,5517
-1.26,10072
0.212,2540
-0.246,6631
0.127,1708
-0.922,8864
0.161,1278
-0.203,10209
-0.13,8514
-0.0947,7754
0.221,322
-0.158,9854
-0.0382,5851
-0.218,9589
-0.0199,6427
-0.133,5656
-0.00764,5170
0.122,1914
-0.0146,5826
0.0893,3399
0.185,206
-0.0545,6784
-0.087,6869
0.0164,4495
-0.0419,7324
0.0342,3931
0.112,1710
0.0409,3699
0.0198,3830
-0.118,9532
0.00824,4590
0.164,2328
-0.206,7250
0.0345,3770
0.034,4617
-0.0765,9354
0.305,2242
0.378,1572
0.0432,4252
0.0787,3193
0.0281,4223
-0.136,8743
0.00476,4838
0.0972,2303
0.138,1532
0.137,1581
-0.00675,5445
0.0931,2194
-0.00444,5030
-0.0504,6166
0.0587,3425
-0.179,8239
-0.0112,5838
-0.0192,6386
0.0411,4331
0.429,1665
0.158,3475
0.0281,4295
-0.0667,6138
-0.0238,5581
-0.12,7889
-0.393,10458
-0.0283,6024
0.0166,4318
0.000916,5184
-0.235,8252
0.0548,3192
-0.25,5315
-0.116,7086
-0.0671,7956
-0.165,9766
-0.0164,5498
0.271,161
-0.0943,6646
0.229,1707
-0.0434,7348
0.0607,3453
-0.205,9618
0.121,2243
0.105,2254
0.15,1209
-0.155,10079
-0.15,9437
0.393,939
-0.115,7379
-0.297,10165
0.106,3408
-0.0724,8401
-0.0972,7144
0.268,2170
0.139,1237
0.0263,4675
-0.0278,6463
-0.0799,6409
0.109,2607
-0.192,8998
0.00828,4897
0.06,3455
-0.0458,7234
-0.219,10241
-0.0819,9466
-0.349,10446
-0.0725,7026
-0.0897,7273
0.145,3221
-0.168,9649
-0.0219,5904
0.0337,4299
-0.104,9264
-0.0656,4817
-0.0212,5237
0.148,1322
0.0479,1833
0.0325,4082
0.525,528
0.653,760
0.607,545
0.156,2684
0.176,3132
-0.179,9035
-0.00613,5260
-0.0184,5718
-0.138,8641
-0.0211,6837
-0.0873,9109
-0.0388,6399
-0.0631,6902
-0.0334,5665
0.0686,2895
0.108,3335
-0.266,10387
-0.12,8357
-0.234,9584
-0.096,8088
-0.301,10123
-0.0663,8696
-0.129,8759
-0.307,10398
-0.123,7558
0.0572,3777
-0.094,6732
-0.0517,6946
-0.102,7894
-0.039,5676
-0.0361,6761
-0.326,9312
-0.0146,5435
0.34,606
-0.0906,8945
0.125,1129
-0.151,8968
0.0385,4039
-0.0121,5146
0.114,1840
-0.144,8794
-0.0481,7301
0.216,709
0.0763,3331
-0.0456,6657
-0.077,8278
-0.109,9519
0.0721,3666
0.286,588
-0.0862,6749
-0.00265,5092
-0.0753,7702
-0.0402,6201
0.0523,3992
-0.0356,6281
-0.0661,6201
-0.115,8264
-0.129,8345
0.149,781
0.0897,3433
-0.141,8300
0.0272,4310
-0.0399,5992
0.0398,3841
-0.166,10285
0.339,189
-0.166,7640
0.722,170
0.137,1633
0.00984,4860
-0.228,10058
0.0182,4316
-0.241,9268
0.0639,2266
0.0315,4326
-0.114,8422
0.0471,3630
0.0812,3362
-0.424,9797
0.138,2453
-0.0049,5416
-0.13,9309
-0.512,8886
0.0806,3328
0.235,1991
0.00195,4818
0.108,1994
-0.0183,6154
-0.108,9786
-0.22,10017
-0.406,10319
-0.164,9766
-0.196,10029
-0.133,8996
-0.218,9637
-0.18,10059
-0.119,7250
-0.00294,5312
-0.147,9417
-0.13,9832
0.427,354
0.0431,3072
-0.171,8236
-0.343,9927
-0.0822,6324
-0.245,10291
-0.0157,5696
0.116,1993
-0.202,9987
-0.258,9073
-0.0973,8162
-0.102,10071
-0.213,9935
0.192,1343
-0.0492,7352
-0.094,7869
0.0558,2904
-0.0922,9651
-0.107,8845
0.0908,2713
-0.25,8523
0.0257,4583
-0.183,10056
-0.106,9593
-0.0629,6426
-0.136,8974
-0.0172,5397
-0.391,8716
0.334,231
-0.0876,7644
-0.295,9798
-0.0169,5507
-0.0654,5808
0.094,2121
0.0651,3080
0.0054,4820
0.237,982
-0.0489,6498
-0.164,7954
0.445,1035
-0.234,10386
0.0218,3372
-0.25,10404
0.476,402
0.129,1264
0.0647,3497
0.117,965
-0.188,10244
0.0692,3861
0.0278,3937
-0.259,8576
-0.203,9277
0.128,1596
0.062,1612
-0.0949,8352
-0.144,9727
-0.297,10225
0.0104,4598
0.0686,2279
0.0126,4359
-0.397,10380
0.211,940
0.12,1884
0.0396,3925
-0.0531,4603
0.0595,2731
-0.0407,6261
-0.0197,5660
-0.122,7824
-0.0548,7129
-0.065,7731
0.025,4319
0.174,2601
0.0202,4345
-0.18,9927
-0.306,9875
-0.081,8296
0.0758,3112
0.0288,3804
0.0786,2688
-0.0209,5652
1.41,961
0.0181,3276
-0.0356,6434
0.21,246
-0.0134,5575
0.211,1617
-0.297,10408
0.286,268
-0.0658,7868
-0.0727,7725
-0.109,7582
-0.0182,5634
0.183,2796
-0.0392,5840
-0.0562,6966
0.383,1797
0.041,3713
0.0626,3985
0.21,800
0.0808,2227
-0.112,8728
0.0185,4589
-0.0666,6854
0.116,2811
0.147,991
0.181,1833
0.115,2384
-0.0514,6970
0.125,2301
-0.13,9173
0.0868,1556
-0.0812,8758
0.0202,4456
-0.163,8766
-0.0898,6454
0.189,1956
0.056,3781
-0.141,10232
-0.0517,7337
-0.0642,7156
-0.0377,6341
0.253,2648
-0.184,8661
-0.0656,8574
0.195,1082
-0.162,8411
0.428,164
0.0912,3727
0.00433,4845
0.0173,4434
0.0261,3750
-0.185,7751
0.164,1607
0.658,904
-0.0631,6186
0.236,579
0.416,606
0.149,1123
0.0272,4507
0.124,1225
0.175,2521
0.0684,1494
0.116,759
-0.206,9803
0.0338,4060
-0.0858,7133
-0.0232,5035
0.122,1370
-0.0542,7312
-0.103,9256
-0.152,10095
-0.0387,6111
-0.0097,5382
-0.12,10395
0.0931,2909
-0.435,10364
-0.56,10449
-0.418,10470
-0.245,9973
-0.324,10409
-0.052,9810
-0.368,10226
0.162,1877
-0.145,7570
0.0263,3836
-0.0751,8942
0.0427,3967
0.524,481
0.143,1626
-0.114,7722
0.153,960
0.185,559
0.124,2152
0.0563,3298
0.324,235
0.0615,3705
-0.174,10094
0.123,573
-0.0131,6213
-0.244,8947
-0.173,9985
0.616,375
0.0251,4471
-0.0386,6607
-0.0994,8714
0.18,526
-0.242,9479
-0.159,9852
-0.202,8508
-0.0466,8678
-0.0687,7534
0.275,575
-0.084,7283
-0.233,9869
-0.24,10179
0.0215,4010
0.0119,4747
-0.193,8981
-0.0765,6743
-0.0141,5486
-0.201,10097
0.0231,3892
0.147,907
0.74,13
-0.148,9742
-0.243,7931
0.103,2687
-0.13,8892
0.0226,3591
-0.111,7510
0.189,1271
-0.00269,5132
-0.0983,7498
0.202,894
-0.154,9423
-0.23,9408
0.332,1510
-0.0655,6414
-0.355,10344
0.00966,4739
-0.0121,5575
-0.738,9362
0.533,51
0.105,2255
0.428,285
0.07,798
0.11,1327
-0.038,5904
-0.0661,7402
-0.0871,8119
-0.119,8382
-0.0262,6641
-0.0666,7473
-0.00988,5328
0.332,729
-0.143,8493
0.161,1284
-0.019,6317
0.152,811
-0.232,9877
0.285,973
-0.0769,7867
0.0218,4287
0.0372,3638
0.111,1670
0.259,1386
-0.191,8250
0.624,1512
0.173,2134
0.353,105
0.252,402
0.231,1340
0.218,1336
-0.0483,7187
0.0794,3471
0.0378,3523
0.21,251
0.454,500
0.0733,3641
-0.103,9498
0.0159,4789
-0.021,5407
-0.0694,7622
-0.503,10005
0.125,1530
-0.797,9705
0.225,2349
0.000847,5208
1.89,735
0.457,99
0.121,3380
-0.091,8757
0.0262,4529
-0.112,8855
0.177,3139
-0.141,7829
-0.769,10111
0.369,1098
0.139,2592
-0.177,8596
0.0554,3679
0.193,1718
-0.0211,5061
-0.0604,6688
0.00783,4735
-0.22,9283
0.286,1465
0.179,3079
0.58,607
-0.0879,8143
0.228,772
-0.0854,8329
-0.112,7165
-0.0728,6993
0.83,287
-0.179,6868
-0.0771,8567
-0.0136,5442
0.331,531
0.237,38
0.272,2755
0.083,2768
-0.178,10385
0.214,590
0.541,1649
-0.128,8046
0.391,1646
0.159,2067
-0.128,8887
-0.033,6888
0.247,438
0.0038,4936
0.865,726
-0.0706,7629
0.0112,4628
-0.0453,7279
-0.06,6069
-0.123,8269
-0.0649,6978
-0.0048,5232
0.152,1114
0.144,684
0.214,862
-0.151,8248
0.279,1339
0.0651,3300
0.00477,4585
0.278,21
0.0928,2236
-0.171,5822
-0.135,7814
0.129,1804
0.0177,4182
-0.0301,7139
-0.0352,5535
0.215,1309
0.106,2170
-0.0139,5203
-0.309,9930
-0.111,9204
0.0333,4253
0.0358,4139
-0.101,7356
0.0529,3738
0.042,3994
0.0809,2758
-0.0992,8360
0.0481,2414
0.238,1127
-0.317,10229
-0.0416,7215
0.0582,3788
-0.571,10360
-0.617,10409
-0.4,9626
-0.636,10414
-0.157,9794
-0.516,10383
-0.033,6049
-0.298,9920
0.105,2458
-0.386,7742
0.0364,3794
0.045,3870
-0.0553,6137
0.481,447
-0.129,8025
0.0186,4556
-0.279,10403
0.00707,5061
-0.161,10213
0.0383,3859
-0.00957,5273
-0.0104,5078
0.0213,3872
0.15,789
0.0824,3053
-0.0474,7275
0.326,1263
0.208,1035
0.0509,2814
-0.157,9876
0.163,1094
0.123,2277
-0.0777,6141
-0.0905,7686
0.0542,2934
-0.303,10423
0.0185,4376
0.103,2212
-0.172,8558
0.0484,4243
0.136,1380
0.00982,4436
0.512,938
0.0282,4521
-0.157,9802
0.187,735
-0.061,7143
0.0413,4043
0.319,327
0.163,148
0.16,1350
0.108,1135
0.317,19
0.072,1177
0.109,426
-0.0448,7181
-0.0978,9138
0.119,1047
-0.05,6279
0.0234,4443
0.0267,4112
0.0268,4287
-0.104,8216
-0.0379,6128
-0.151,9111
0.0779,1390
-0.679,10420
0.158,1510
-0.0896,8780
0.139,1814
0.602,458
0.452,117
-0.209,9701
-0.0141,5540
-0.0719,7551
1.76,200
-0.0484,6788
0.0756,3530
0.0819,2372
0.112,1490
-0.00654,4935
-0.244,10133
-0.134,8648
0.254,729
-0.167,8890
0.249,330
-0.256,9963
-0.0963,7444
-0.165,9264
0.041,2728
-0.0889,7303
0.135,3173
0.13,3247
0.0323,4400
0.0138,4609
-0.0586,6920
-0.0843,7439
-0.201,10148
0.112,3258
-0.0449,5276
0.054,3202
0.0433,3481
0.0756,1863
0.45,590
-0.0143,5707
0.0159,4696
-0.124,9693
0.125,449
0.129,2917
-0.276,10422
-0.242,10051
-0.0644,7396
-0.00283,5189
-0.213,8881
-0.12,6744
0.0362,3701
0.041,4067
0.201,468
-0.0134,5857
0.214,1221
-0.178,8880
-0.109,7498
0.0807,3682
-0.226,7314
-0.0283,6623
0.0804,1719
0.0603,3129
-0.155,8038
-0.273,9565
-0.62,10446
-0.0548,7221
-0.287,10314
-0.0552,6886
0.348,650
-0.0264,6507
0.19,631
-0.0814,7942
-0.0218,5642
-0.195,9633
0.0166,4786
0.603,173
0.427,622
-0.0508,7125
-0.0222,6751
0.0155,4609
-0.158,7745
-0.0164,5585
-0.238,5935
-0.059,7566
0.166,1046
0.115,2199
0.332,1091
-0.472,10325
-0.0181,5310
0.0449,1830
-0.24,10344
0.1,2484
-0.205,9448
-0.0456,7038
0.063,1983
0.149,857
0.0914,1806
0.113,3176
-0.0332,5756
-0.115,6788
0.338,1296
0.134,1081
0.0063,4652
-0.152,7884
0.205,540
0.101,3132
0.0668,3649
-0.0322,6076
0.164,784
-0.149,8615
-0.0476,6128
-0.13,8328
0.0168,4409
0.0618,3274
0.0511,3597
0.0589,3746
0.0272,4424
-0.04,5693
0.0373,2802
-0.067,7552
-0.192,9640
-0.0682,6483
0.479,310
0.137,1540
0.102,2055
0.00394,4807
-0.051,5594
0.149,2028
-0.323,10190
-0.0811,8082
0.0412,3127
0.122,1302
-0.12,7749
0.282,115
-0.0139,5542
-0.3,7637
-0.0581,7920
0.0886,2478
0.113,2145
0.022,4275
0.169,1252
-0.352,9288
-0.253,8898
-0.0762,7744
0.0595,3928
-0.0375,6411
-0.121,6519
0.188,1596
-0.159,10064
0.0338,3996
0.000844,5032
0.104,2853
-0.229,8484
0.797,772
0.128,891
-0.118,9532
-0.0938,7334
0.00727,4959
0.145,3197
-0.0254,5743
0.107,903
0.0895,1513
0.184,715
-0.384,10318
-0.358,5280
0.00705,4554
0.014,4650
-0.129,8434
-0.0154,5669
-0.0725,6616
0.0113,4566
0.0912,2321
0.0442,4164
0.0685,3022
0.227,1423
-0.0154,5815
-0.142,9647
0.0175,4494
-0.259,10221
0.0213,4314
0.0403,4004
-0.0445,6189
-0.36,9734
-0.495,10433
-0.0251,6001
0.0753,4012
0.341,203
0.0377,3483
0.0574,3762
0.338,74
0.0706,1249
0.0517,2489
-0.22,8194
-0.18,8813
0.106,2863
0.0878,1509
0.0322,4343
-0.267,10013
-0.177,9105
-0.237,6689
-0.127,5094
0.203,1708
-0.16,9041
0.197,1697
0.77,392
0.202,1027
0.0856,3090
-0.0107,5524
-0.0117,6251
-0.000519,4761
0.093,2504
-0.149,6312
0.108,1546
0.196,573
-0.0925,8422
-0.236,9776
0.0211,4414
0.0303,4346
0.103,2202
-0.0375,7054
-0.225,10361
0.173,2218
-0.134,7823
-0.218,9837
-0.458,9592
-0.34,10026
-0.0544,7577
-0.059,6499
-0.112,7910
-0.272,7722
-0.0895,7457
-0.109,9248
-0.059,8036
-0.0255,6512
-0.106,8760
0.0556,3125
-0.0545,6444
0.106,1541
-0.0894,7757
0.121,2143
-0.312,9077
0.198,2688
-0.0569,6779
-0.0177,5539
0.106,2146
-0.137,8086
0.396,377
-0.0301,6517
0.119,3108
0.00488,4929
0.0985,1656
0.362,338
-0.0108,5670
0.304,1032
0.193,2468
-0.0242,6353
-0.0142,5983
-0.097,8046
-0.0133,5444
0.202,1480
-0.021,5450
0.108,524
0.00545,5177
0.00531,5073
0.127,2401
0.369,1820
-0.263,10000
-0.0169,5767
0.00988,4671
0.366,2061
0.107,3592
0.067,3234
-0.336,8245
0.0708,2945
0.263,15
0.478,2038
0.0198,4470
0.15,2464
-0.145,8793
0.0176,4306
-0.0968,7833
0.0535,3740
0.118,427
-0.308,8860
-0.128,8270
0.0577,3662
-0.0812,8919
0.122,2342
0.0408,3899
-0.0682,6972
-0.00372,4974
-0.106,8289
0.325,16
0.12,2454
0.0853,3247
-0.0266,5643
0.076,3887
-0.0424,6625
0.0564,3055
0.222,3219
1.07,1310
-0.158,9590
-0.0611,6412
0.123,2907
0.222,1943
0.311,1293
0.0573,2992
-0.142,9373
0.0401,4206
0.287,1040
0.0552,4030
-0.328,8726
0.0294,3677
0.161,364
-0.203,9197
0.035,4032
-0.209,10186
0.0232,4403
0.0953,1049
0.0734,2575
0.00486,4919
0.376,1665
-0.0527,6107
0.134,1595
-0.0692,7496
-0.0352,6169
-0.167,8221
-0.349,10425
0.281,527
-0.117,7585
-0.00916,5194
-0.0808,7651
-0.485,9023
-0.0308,5385
0.101,2594
-0.088,6874
-0.0379,6899
-0.0119,5574
0.813,1720
0.00654,4997
0.00281,4827
0.0166,4219
0.00319,5082
-0.0293,6856
-0.558,7505
0.831,701
-0.0319,5361
-0.0591,6441
-0.26,9658
0.224,2886
-0.528,9775
0.257,2363
-0.198,7094
2.64,427
-0.205,9157
0.0571,4079
0.0222,4042
-0.0108,5673
1.77,291
0.0224,4377
0.161,3426
0.698,1206
-0.149,7561
0.0816,2416
-0.288,9787
-0.135,8167
-0.103,7304
-0.0795,7626
-0.185,9452
0.218,2038
-0.0105,5403
0.324,502
-0.0306,6889
0.0941,877
0.284,268
-0.127,8454
-0.0189,5865
-0.175,9876
-0.14,8153
-0.00438,5346
0.0715,1826
-0.45,6362
0.603,825
-0.193,7609
0.225,1774
0.146,1716
0.0358,4227
-1.15,9391
0.319,722
-0.258,9985
0.293,1097
0.107,676
-0.329,9687
-0.0418,4058
-0.373,9678
-0.0031,5457
0.0504,643
-0.0359,5966
-0.222,9703
0.422,258
-0.226,10182
0.0693,2695
-0.21,9415
-0.0115,5237
0.259,1419
0.169,1074
-0.298,9733
0.0559,3777
-0.0445,7766
-0.104,6833
0.045,3984
-0.0432,5040
0.0767,2104
-0.05,7147
0.048,3731
0.208,669
-0.122,8857
0.284,1458
0.0706,3576
-0.0374,5299
0.137,453
0.321,792
-0.145,7497
0.0257,4482
0.126,1402
-0.0489,7584
0.162,563
-0.293,7182
0.142,2928
-0.215,10317
0.418,651
-0.0188,5964
-0.172,7968
-0.0152,5076
0.0408,4104
-0.0813,6613
-0.311,10185
0.0339,3874
-0.415,8918
-0.247,9098
0.0928,3359
-0.157,8960
-0.0152,6088
0.0133,4584
-0.0037,5134
-0.109,5283
-0.187,9175
-0.087,6650
0.0161,4383
0.191,624
0.0803,2182
0.0279,4011
0.244,2313
0.103,2519
0.0857,2486
-0.129,7710
-0.0932,9632
0.0577,2896
-0.0894,8442
-0.305,9896
0.0209,4574
0.0776,2309
0.00499,4999
-0.0728,7361
0.261,384
0.199,947
0.175,983
0.0447,3087
0.0471,3400
-0.436,10462
0.0521,3661
-0.0128,5132
-0.135,9265
-0.0621,6862
0.0733,1322
-0.0629,7284
0.0457,3838
-0.15,10139
-0.0806,7358
0.0228,4187
-0.207,8792
-0.0342,5887
0.027,3899
-0.0695,5159
0.158,398
0.0648,3315
-0.0705,7373
-0.335,9204
-0.0722,6121
0.376,385
-0.0293,6268
0.00952,4918
0.0431,3626
-0.0576,6959
0.0085,4700
0.151,1977
-0.0386,6393
0.242,259
0.478,594
-0.23,10342
-0.319,10310
0.112,1730
-0.035,5990
-0.00265,5436
-0.0952,8163
0.0907,2308
-0.0666,7923
-0.0309,5579
0.0321,3865
0.126,1214
0.166,2329
-0.151,7498
0.216,2664
0.0458,3656
0.305,938
0.0226,4429
-0.244,9720
-0.238,8926
0.0535,3887
-0.0467,6362
0.0266,3927
-0.0263,6077
0.192,1256
-0.0656,7557
-0.0508,7246
-0.128,9272
0.0945,2281
0.0589,3463
1.33,1193
0.0634,3188
0.354,152
-0.109,9009
0.0677,3258
0.287,633
0.17,1128
-0.0152,5598
-0.266,10026
-0.11,7790
-0.1,9983
0.0186,3550
-0.164,8944
0.00499,4779
-0.0797,7426
0.219,1897
-0.135,9354
0.0777,2832
-0.446,10430
0.372,444
-0.171,9709
0.161,1622
0.00541,4689
-0.0104,5425
-0.363,10340
-0.0585,6286
0.323,2483
-0.0426,5824
-0.0367,5487
-0.129,9924
-0.437,10308
-0.112,4647
-0.119,8147
0.0368,3926
0.188,23
0.103,426
-0.052,5360
-0.00976,5936
0.148,1655
0.0242,4196
0.162,490
0.142,1371
0.0586,3353
-0.0917,6296
-0.00795,5563
-0.0342,5915
0.0443,3362
-0.0403,7492
-0.0708,6996
-0.0381,5999
0.502,239
0.102,1428
-0.2,8416
0.0689,2946
-0.13,8200
-0.317,10433
0.208,2771
0.124,2702
0.235,255
0.041,3699
-0.0338,6000
-0.000561,5122
0.0618,3766
-0.00408,5210
-0.103,8824
0.0619,2381
-0.129,7313
-0.0326,6040
-0.0511,6728
0.226,312
-0.03,7403
0.229,396
-0.106,8954
-0.291,10291
0.105,2459
0.515,55
0.0231,4135
0.0528,3376
-0.223,10048
-0.044,6615
-0.38,9848
-0.304,8140
-0.108,8601
-0.024,6126
0.0734,2656
0.167,1131
0.243,1489
0.227,425
-0.172,9677
0.0187,3821
-0.0876,6760
-0.0244,5600
0.212,1986
-0.0259,5952
0.0287,3993
-0.191,9999
-0.114,7876
0.0828,2872
0.284,1109
-0.154,6692
-0.0919,7844
0.0536,3275
-0.121,7166
-0.0172,5833
0.275,501
-0.17,9455
0.0649,2114
0.0436,3172
0.0359,4192
0.0594,2676
-0.152,8931
-0.064,7180
-0.124,9497
0.0555,3209
0.0722,2568
-0.0414,6758
0.195,1646
0.157,604
-0.108,7986
0.0625,3514
-0.0682,7558
-0.146,6494
-0.0777,6282
0.0208,3831
-0.0264,6118
0.129,1012
-0.0649,6631
-0.362,8467
0.0775,3044
-0.102,9756
0.0118,4415
-0.1,7514
-0.131,9700
0.116,1333
0.427,756
-0.0338,6120
-0.124,7851
0.134,1600
0.0836,3397
0.469,302
-0.00961,4795
0.128,232
0.0638,2698
-0.196,9452
-0.0282,5978
-0.063,5961
0.0628,2620
-0.0935,8933
0.00546,4735
0.252,1142
0.221,892
-0.229,8997
-0.49,9823
-0.0499,5960
0.0854,2988
0.0612,3779
-0.0347,6076
0.0599,3597
-0.396,9254
0.282,1123
-0.169,8630
0.989,142
-0.0545,6846
0.162,2098
-0.231,9052
-0.191,9723
-0.107,7221
0.0396,3940
-0.187,9183
-0.0382,5957
-0.0709,6427
-0.0485,6142
-0.172,8659
0.106,3282
0.0865,3012
0.0883,3292
0.15,2458
0.0966,1785
0.0717,2199
-0.0264,6141
-0.112,7232
0.0517,2861
-0.164,8766
-0.0487,5643
-0.0921,8479
0.012,4791
-0.0178,5605
-0.0547,6356
0.0936,3238
-0.0562,8341
-0.0212,6263
0.297,310
-0.119,8858
-0.207,7696
-0.0827,6414
-0.121,7935
0.0327,3502
-0.175,9812
-0.246,9267
0.219,1723
-0.0947,7115
-0.0519,7201
-0.0271,6865
-0.11,8164
0.202,509
-0.0963,7225
-0.15,9362
0.164,1569
0.107,1931
0.0491,4387
-0.107,5847
0.436,1157
-0.161,9682
-0.0253,6762
-0.0911,6582
0.261,1497
0.327,857
-0.324,7264
-0.0809,9603
0.121,1569
-0.234,8150
0.0847,2454
0.401,855
-0.166,8769
-0.0129,5713
0.0226,4152
-0.0406,6214
-0.361,10444
0.298,910
-0.269,9285
0.0235,4242
-0.0402,6336
-0.761,8896
0.0242,4044
-0.0564,7151
-0.0932,7356
0.00546,4816
0.0575,2045
0.205,1025
-0.0822,6138
-0.311,7957
-0.11,9021
-0.118,7583
-0.021,5544
0.0789,3351
-0.045,6647
0.0927,2457
-0.177,8870
-0.128,9140
-0.202,10195
-0.512,7457
-0.18,10031
-0.0315,6334
-0.355,9685
-0.0133,5760
-0.00992,6147
0.291,2948
-0.0558,7199
0.0459,4051
-0.17,9411
0.00924,4673
-0.0631,7075
0.27,790
0.26,754
0.0372,3295
-0.109,10048
-0.271,10125
-0.134,6792
-0.31,9038
0.0661,3301
-0.218,7882
0.0244,4426
0.283,251
-0.031,6797
-0.154,10012
-0.281,10260
-0.0551,6874
-0.0342,8063
0.0398,3544
-0.118,6947
-0.125,7428
0.332,2387
-0.116,7705
-0.0369,6235
-0.187,7416
0.0971,2657
-0.0553,6121
0.242,1588
-0.163,7465
-0.188,9866
0.276,2170
-0.0203,5850
-0.027,5666
0.0363,4165
-0.21,7943
-0.0234,5768
-0.108,9230
-0.0269,6065
-0.0641,6909
-0.101,8777
0.0158,4620
0.0166,4681
-0.0181,5339
0.0761,2364
0.00705,4972
0.0407,3984
-0.0899,6703
-0.737,9577
-0.11,7418
0.144,1612
-0.0898,7616
0.216,834
0.1,3239
-0.0404,6669
0.0642,2447
-0.0474,10326
0.0133,4666
0.165,2392
0.0562,3888
0.296,253
0.217,621
-0.0276,6154
-0.00378,5033
-0.072,7864
-0.0448,5713
-0.00253,4952
-0.0969,9358
0.0446,3722
-0.174,9929
-0.257,10341
0.153,1672
0.196,956
-0.038,8262
-0.0449,7475
-0.109,8229
0.078,1794
0.0486,3412
-0.119,7943
0.143,1798
0.124,1712
-0.0259,5313
-0.00988,5259
0.0904,1878
-0.0229,5637
0.155,1271
0.126,2230
0.169,1478
-0.153,8895
0.0779,2899
0.11,1701
-0.0982,6133
-0.123,5203
-0.259,9519
-0.0461,6830
-0.0542,7320
-0.0199,6658
-0.0688,5371
0.363,849
0.576,444
-0.0255,5493
-0.00357,5068
0.0443,3567
-0.0581,8107
-0.173,10008
0.0221,4332
0.00232,4789
0.0402,3466
-0.0588,8910
-0.204,8828
0.259,705
-0.105,8037
-0.292,9051
0.0204,4434
-0.00932,5265
-0.109,7750
-0.0199,5248
0.474,654
-0.0422,7080
-0.0054,5532
0.0314,4434
-0.106,8725
0.252,1261
-0.106,8020
-0.0584,7455
-0.0866,7970
-0.138,9253
-0.000111,5147
0.128,2403
-0.116,8516
-0.0938,8849
-0.0643,7780
0.272,238
0.13,2002
-0.0519,5510
0.126,1427
-0.00436,5009
0.0123,4764
0.103,1045
0.0158,4429
0.266,284
0.0276,4427
0.00361,5017
0.0418,4006
-0.0388,6806
-0.0196,5667
-0.151,9144
0.117,1994
0.151,1098
0.0836,3676
-0.0963,8759
0.0387,4074
0.00995,4612
-0.152,9078
0.0215,4072
0.0367,3355
-0.0321,5713
0.161,1212
-0.0561,6687
-0.0326,7485
-0.0218,5545
0.158,71
-0.186,8879
0.0377,3931
-0.26,10286
0.196,2340
-0.0631,6331
0.0415,3679
0.0796,2923
-0.0372,6002
0.00159,4112
0.109,2224
0.00395,4965
0.0446,4058
-0.013,5420
0.00798,4601
-0.165,9467
-0.175,9931
-0.00684,5285
-0.0468,6908
-0.0805,7687
-0.224,7961
0.0167,4525
0.00648,4712
0.123,1396
0.136,1769
-0.0132,5428
-0.0928,8113
-0.0332,5615
0.00819,4850
-0.055,7082
-0.0462,7285
0.839,25
0.128,2500
-0.106,7892
0.231,297
0.0449,3561
0.0144,4524
0.0852,2485
-0.09,7371
-0.179,9057
-0.207,9248
-0.0782,9062
0.0125,4497
0.0611,3754
-0.0793,8156
-0.104,6697
0.24,1419
-0.0198,5748
0.114,1774
-0.0535,4890
-0.251,9305
0.0629,3679
0.045,3342
0.138,2297
0.104,1959
0.072,3308
-0.0515,6622
0.0168,4647
-0.419,10400
-0.0495,7719
-0.067,8032
-0.0507,6311
-0.29,9533
0.13,3021
-0.0414,6306
0.125,1155
-0.134,8935
0.258,225
0.128,2466
0.0709,2751
-0.0981,7751
-0.0834,7658
-0.112,9343
-0.143,7201
-0.214,9018
0.0128,4441
-0.22,8238
0.249,87
-0.176,10100
0.293,261
0.283,256
-0.0802,8140
-0.0311,6198
-0.00952,5295
0.276,225
-0.0219,6023
-0.139,8031
-0.406,9914
0.0647,2225
0.0564,3771
0.00847,4728
0.0503,3407
0.171,2020
-0.148,7558
-0.00826,4860
-0.181,9530
0.0385,3612
-0.237,7359
0.151,1704
0.0233,4091
-0.016,5492
0.0897,863
-0.0511,8020
-0.291,10018
-0.314,9530
0.0537,3677
0.147,2137
0.122,1325
0.0127,4489
-0.189,9785
0.0389,3878
-0.107,6274
-0.0905,7554
-0.134,8365
0.057,2554
-0.171,8748
-0.0388,6534
-0.239,7823
-0.25,9373
0.0945,1151
-0.11,8708
-0.0676,7725
-0.217,9784
0.0619,2076
0.0486,3426
-0.07,7684
0.127,1647
0.114,2093
0.368,1231
0.539,339
0.00707,4651
0.00998,4385
0.0933,2906
0.106,550
-0.288,9951
-0.119,8540
0.0238,4215
0.116,2259
-0.0538,7421
-0.316,8467
-0.0394,5764
0.129,2083
-0.0984,6283
0.0847,2881
0.206,1188
-0.0104,5059
0.156,209
-0.207,9993
-0.0821,6285
0.0351,3077
-0.0704,9350
0.0906,2869
-0.159,6850
0.0526,3382
-0.0496,6942
0.177,544
-0.0858,8219
-0.087,7919
0.177,1633
0.0556,4127
0.0602,3907
-0.144,8320
-0.0955,7703
0.119,1755
-0.0494,6476
-0.0114,5485
0.11,2335
0.12,629
0.00993,4591
0.273,1574
0.0893,2483
-0.196,9017
0.0811,2444
-0.027,6364
-0.142,9515
0.163,1375
-0.0296,5653
-0.163,6676
-0.38,9661
-0.0642,6966
0.0196,3335
0.0252,4422
-0.145,9794
0.275,326
-0.263,9598
-0.335,10365
0.187,585
0.0766,3450
0.0624,4021
0.0446,3875
0.0402,3842
-0.0618,7525
0.139,778
-0.0151,5740
-0.0897,7408
-0.0778,7135
-0.324,10166
0.049,2969
-0.127,10063
0.388,263
0.315,451
0.365,982
-0.0908,7995
-0.0163,5729
0.126,983
0.4,106
-0.24,10201
0.235,584
0.0247,4281
-0.183,9058
-0.112,9097
-0.0841,8005
0.122,2262
-0.0864,8422
0.0214,3204
-0.00193,5276
0.0352,3501
0.047,2884
-0.107,6921
0.0362,3919
0.0195,4152
0.237,1031
0.0251,4366
-0.0458,6210
0.0534,3089
0.0806,3096
1.08,6
0.0328,3977
0.05,2058
-0.155,9110
-0.201,9456
-0.114,6840
0.0226,4395
0.0237,4504
-0.118,9598
-0.0551,6269
0.247,859
-0.346,9816
0.193,2140
0.251,151
-0.15,9796
-0.226,9019
0.343,917
0.0427,3717
-0.0219,5971
-0.114,6584
-0.00135,4996
-0.0559,6732
-0.15,9352
-0.052,6778
-0.327,10210
0.101,2517
-0.0187,5804
0.0424,3975
0.0425,3994
-0.0579,6516
0.274,799
-0.0409,6460
0.037,4042
-0.358,9018
0.15,1827
0.0178,4394
-0.0163,5346
0.000222,5067
-0.0578,7785
0.365,206
-0.0733,6225
-0.0182,5380
0.274,522
0.0743,954
0.00674,4785
0.178,2482
0.114,2424
0.215,1298
-0.0327,5965
-0.0293,6012
-0.0253,6617
-0.148,9349
0.0896,3762
-0.0328,5453
-0.0371,5956
-0.00243,5162
-0.0629,7480
-0.149,9302
-0.13,6845
-0.177,8467
-0.0385,6479
0.294,407
0.0706,2574
-0.046,6597
-0.0227,5615
-0.251,9612
0.0113,4792
-0.0454,6806
-0.0353,6717
0.00417,5033
0.194,1450
0.13,2758
-0.0705,6535
-0.0244,6531
0.0224,3962
0.0905,1131
-0.262,9373
0.0767,3600
-0.145,7766
0.0234,4150
-0.113,7831
-0.0889,7074
-0.08,8105
-0.208,7583
-0.0841,8861
0.145,632
0.0106,4811
0.163,1819
0.0996,1621
-0.229,9124
0.273,659
-0.155,9865
0.0598,1561
-0.0821,7245
0.0916,2356
0.00726,4585
-0.283,9427
0.0581,2437
0.0716,2252
0.154,879
-0.136,8646
-0.144,7500
0.918,84
0.0103,4489
0.0618,2230
-0.257,9291
0.0417,3754
0.0576,3591
-0.0377,5750
-0.0247,6687
0.148,893
0.0808,3757
0.0293,4061
-0.176,9317
-0.0992,8178
0.0611,1972
-0.0476,7202
0.0265,4365
0.211,1580
-0.109,6740
-0.0381,6206
-0.0471,9412
-0.132,9982
-0.141,8075
0.0188,4395
-0.192,6097
0.12,3068
-0.089,7230
0.141,1448
-0.026,5806
-0.518,10474
-0.129,9514
-0.186,7273
0.0549,2876
-0.0722,8188
-0.151,9281
-0.0344,5531
0.101,3455
-0.017,5184
-0.0462,6309
-0.115,4742
0.052,3793
0.148,1691
0.388,61
0.00544,4889
0.0144,4511
0.0609,3376
-0.0668,6849
0.151,1621
-0.137,8569
-0.152,8561
0.117,2433
0.0337,3827
0.035,3420
0.0247,4449
-0.117,6267
-0.0164,5162
-0.0549,7415
0.0113,4304
0.299,244
-0.183,7915
-0.137,7434
0.00564,5105
-0.192,8707
-0.137,7608
0.00799,4916
-0.0359,5884
0.149,287
-0.0667,8180
-0.0664,8699
0.0574,2551
-0.207,9696
0.0146,4439
-0.25,8655
0.0283,4390
0.149,2796
-0.255,8760
-0.00314,4905
-0.206,8246
-0.168,10256
-0.0178,5529
0.271,1531
-0.326,10275
-0.332,9726
-0.104,7507
0.057,3427
0.0843,3280
-0.0712,8950
0.0384,3638
0.0329,3891
0.000494,5059
0.143,724
-0.131,9570
0.179,2765
-0.058,4626
0.0255,4254
0.27,927
0.126,1184
0.0691,2790
-0.047,5560
-0.248,8695
0.134,2715
-0.199,9283
0.0431,2441
0.0296,4460
-0.182,8308
0.0277,3870
-1.04,10386
0.196,672
0.094,2445
-0.0881,7347
0.0409,4059
0.03,3811
-0.0281,5357
0.0534,4168
-0.0904,9397
0.0247,3963
-0.045,6087
-0.287,9543
-0.0915,8408
0.539,1127
-0.148,10098
-0.0567,7208
-0.166,8957
0.0431,3473
-0.127,8427
0.0795,3986
-0.118,9255
0.134,1271
-0.105,7115
0.0508,3559
-0.161,8687
-0.0684,6640
0.0325,3583
-0.221,10333
0.0878,2468
-0.149,8438
-0.0838,6505
0.566,481
-0.108,7655
-0.141,7821
0.0418,3925
0.0985,3969
0.0468,3863
-0.0925,7157
-0.139,10103
0.0578,4079
0.306,1707
-0.00388,5406
0.0435,4031
-0.0086,5444
-0.0332,6710
0.0864,2856
-0.0846,6840
0.25,1216
0.272,871
0.0221,3854
-0.119,9167
0.0826,2366
0.444,2339
-0.158,8809
0.15,3104
-0.176,9835
-0.0185,5633
-0.0423,5870
0.0196,4669
0.0432,3876
-0.051,6209
0.0177,4560
0.00581,4722
-0.00811,5347
-0.15,8503
-0.177,8525
-0.452,10265
-0.0808,7180
-0.0381,7761
0.14,2250
0.0122,4751
-0.0266,5400
0.0822,3072
0.0999,1899
-0.403,10445
0.0044,5124
0.0562,3755
-0.0575,5710
-0.116,9346
0.11,1444
0.0578,2901
0.0997,2037
-0.0523,7804
-0.202,9333
-0.0686,7924
-0.118,9030
0.0234,4314
-0.295,10207
-0.165,9271
-0.448,9988
0.153,2194
-0.188,10056
-0.0589,6850
0.0813,2354
-0.0428,6544
-0.0756,5933
-0.0766,7145
-0.0135,6062
0.0269,4222
0.109,1785
0.0891,2519
-0.0264,6235
-0.11,6674
0.0108,4475
0.367,90
-0.407,9412
-0.236,9450
-0.556,10410
0.00753,4757
-0.0412,7250
-0.323,10289
-0.136,10025
0.0995,3260
-0.00543,4961
0.126,2203
-0.0537,6330
-0.0805,8557
-0.0977,8117
0.0763,3271
0.275,2770
0.0678,2462
-0.0763,8850
-0.0531,7129
0.0125,4547
0.263,1090
0.00565,4829
0.0146,4944
0.0378,2952
-0.105,7809
-0.37,10269
0.11,2882
0.0834,2011
0.0914,2142
0.0672,2852
-0.117,9119
-0.0535,6837
-0.143,9288
-0.129,6734
0.455,21
0.0698,3751
-0.174,8248
1.89,123
-0.0101,5321
-0.272,10416
-0.23,9893
0.136,2216
0.417,1051
0.0765,767
0.0536,3664
0.0686,2889
0.053,1513
0.171,1729
-0.0584,7239
-0.149,7793
-0.283,10290
-0.0787,9291
0.0521,3339
0.137,1615
-0.184,7427
0.00382,4808
0.00464,4911
-0.0748,7608
0.0709,2315
-0.558,7383
-0.172,8805
-0.0516,5827
0.0903,2934
-0.0107,5528
0.00936,4790
-0.657,8918
0.434,473
-0.0495,6463
-0.105,7819
0.0557,2171
-0.0744,8116
-0.15,9382
-0.0994,8474
0.126,1669
-0.0653,8216
0.119,1690
0.0567,2793
-0.132,7789
-0.0366,6392
0.142,2306
0.24,1788
0.00818,4911
-0.138,10381
0.0225,4296
0.0455,2470
0.377,624
-0.175,8913
-0.0309,6824
-0.132,10105
0.34,51
-0.0209,5355
0.058,3948
0.0517,3633
-0.0711,7051
0.00763,4807
0.0264,4372
0.137,1638
-0.0785,7313
0.0803,2689
0.213,315
0.0575,3305
0.0994,2494
-0.145,9118
-0.0216,5948
-0.0203,5449
-0.00674,5460
-0.0985,8202
0.11,2148
0.0763,2467
0.0796,3004
0.112,3184
-0.021,5939
-0.0453,6472
-0.0821,7193
0.0263,4243
-0.0233,5649
-0.133,9530
-0.143,9044
-0.108,8975
0.0799,3898
0.244,433
0.12,2183
0.38,583
-0.112,7989
0.0903,1923
0.225,724
0.277,354
0.434,1110
-0.0806,8358
0.0317,4254
0.104,2083
0.0801,3522
0.184,1488
0.134,2443
0.0142,4498
0.253,148
-0.141,8239
0.183,1488
0.111,3025
0.13,1236
0.175,1093
-0.0983,8839
-0.33,10268
-0.125,7502
-0.291,8991
0.243,1396
-0.122,8396
-0.0997,7353
-0.221,8958
-0.172,9848
0.0179,4592
0.815,38
0.0401,2943
-0.0408,6224
-0.158,8362
0.237,1591
0.15,2327
0.046,3910
0.0775,1996
-0.0434,6954
-0.271,10024
-0.0479,6080
0.112,2258
0.147,1122
-0.239,9855
-0.174,8830
-0.171,8653
0.0101,4627
-0.294,10306
0.031,4132
-0.205,8979
0.23,838
-0.169,9043
-0.28,10074
0.0887,3340
0.284,566
-0.0851,8196
0.1,2377
0.177,627
0.0767,2634
-0.0147,5928
0.0236,3874
0.0109,4552
-0.0246,5912
-0.0438,6869
0.0136,4616
0.0632,1832
-0.0903,7250
-0.179,10355
0.029,3520
-0.063,6776
0.213,1891
0.44,613
0.0957,2865
0.46,24
-0.0278,7374
0.0197,4477
0.0748,3172
0.102,2050
-0.11,7066
0.178,2013
0.0898,1616
0.0948,2442
0.0998,2254
-0.395,10313
0.193,894
0.0102,4384
-0.0832,7418
-0.0476,6450
-0.107,7506
-0.0552,7783
-0.0625,6154
0.0353,3103
0.0814,1298
0.0839,3429
0.00484,4867
-0.163,7555
-0.305,8830
0.0146,4612
0.0391,3728
0.0333,4133
-0.0404,6420
-0.257,9853
0.128,2436
0.0415,3034
0.0312,3759
-0.185,9831
-0.0968,8581
0.378,638
1.54,116
-0.0808,7165
0.026,3947
-0.238,10179
-0.22,9930
0.0223,4695
-0.0558,7704
0.0475,3663
-0.0932,7685
-0.22,10024
-0.00837,5396
0.173,1087
0.0523,4137
0.0607,2583
0.0371,4019
0.0396,3962
0.381,1652
-0.0494,6388
0.163,2418
0.0978,2821
-0.08,7975
0.303,1394
0.0917,3071
-0.0934,8509
-0.0305,5833
-0.124,8980
0.1,499
-0.0595,6692
-0.153,7602
-0.395,10261
0.0465,3603
0.0886,1334
-0.0935,8290
0.346,1366
-0.451,10417
0.0301,4230
-0.0896,7996
0.175,686
0.265,818
0.018,4693
0.347,139
-0.228,7404
0.0556,3412
-0.173,7575
0.0796,1848
-0.0894,8250
-0.41,10381
0.11,1653
0.0365,3938
0.06,2460
0.0423,3973
0.0479,3501
0.0777,3396
-0.00868,5170
0.0443,3884
-0.0704,7182
-0.0266,6093
0.00233,4878
0.0288,4238
0.0982,1714
0.0323,4044
-0.0658,7853
-0.204,9921
-0.0125,5741
-0.0365,6387
-0.0392,7196
-0.0359,6554
0.0371,3479
0.0479,3021
-0.0783,8892
-0.12,7093
-0.0777,9381
0.17,1584
0.047,3661
-0.0542,6159
0.0645,3257
-0.0031,4740
-0.0276,6161
0.0104,4717
-0.0161,6009
0.00467,4794
0.0616,3523
-0.00748,5509
-0.0747,6364
0.645,198
-0.105,9808
-0.0982,9774
-0.0752,7219
0.00878,4606
0.0066,4691
-0.485,10224
-0.023,5771
0.116,2244
-0.266,7382
0.164,3226
0.0695,3609
0.062,4078
-0.102,7205
-0.00691,5269
-0.0919,4984
-0.0502,3702
-0.205,8084
0.613,1730
-0.169,8559
0.293,622
-0.103,7040
0.0435,4099
0.00622,4875
-0.0472,6772
0.112,2472
-0.166,9304
-0.736,10453
0.178,1524
-0.0428,7212
0.0934,2323
-0.0598,7157
0.0314,4067
0.377,415
0.156,1270
0.0358,2763
0.224,442
-0.0148,5365
0.609,196
0.0872,1990
0.00369,4908
-0.0731,7025
0.358,659
0.0539,3848
-0.194,8205
0.268,1718
0.0111,4008
0.0462,2145
0.17,1623
0.0606,3694
-0.063,7106
-0.0388,5886
0.066,3224
0.152,527
0.0659,2980
0.124,2040
-0.0404,6864
-0.29,10216
0.0571,2714
-0.0192,6112
0.0693,2418
0.115,2000
0.305,815
-0.0506,6106
-0.0786,6284
0.141,1962
-0.0139,5816
-0.0109,5461
-0.302,9370
-0.0886,8213
-0.00917,5373
-0.068,7587
-0.118,9399
-0.0128,5797
-0.00666,4999
0.0136,4336
-0.146,8034
0.0857,2438
0.0208,3880
-0.187,10105
-0.00692,5530
0.0966,3429
-0.143,6620
0.0563,2777
-0.148,8979
-0.0434,6386
-0.0932,8058
-0.0696,7216
0.0144,4400
0.829,36
0.106,2095
-0.0181,5528
0.075,3003
-0.0732,5583
-0.0326,5807
-0.0398,7069
-0.0121,5537
-0.0982,7011
-0.161,8795
0.0666,3338
-0.031,6759
-0.125,9042
0.0416,3305
0.0546,3029
0.0607,3281
0.0263,4088
-0.0487,5908
0.082,3028
-0.0271,6087
-0.0487,6105
0.109,1678
-0.235,7842
-0.0338,5503
0.0247,4115
0.0166,4491
0.0694,3114
0.153,670
0.204,952
0.212,874
-0.571,10456
-0.0229,6414
-0.0721,7412
-0.0506,6256
-0.12,8247
-0.0767,6642
0.00561,4989
0.345,105
-0.0566,6828
0.132,2155
0.463,423
0.151,2076
0.0959,619
-0.219,7629
-0.157,8770
0.151,1079
-0.0371,5655
0.346,1422
0.0505,2355
0.0773,1796
-0.0629,6465
-0.324,9343
-0.0932,7029
-0.0197,5040
0.0301,3964
-0.131,9465
-0.16,9027
0.0363,3694
-0.135,7341
0.0808,2640
0.119,2340
-0.0346,5778
0.182,1529
0.0772,3424
-0.102,7730
0.00602,4666
0.368,143
-0.00704,5329
0.0741,2946
-0.0873,6379
0.18,1557
0.0626,3286
-0.4,9859
-0.0103,5919
-0.106,9256
-0.0921,9030
0.156,3028
-0.142,7486
-0.0831,8099
-0.0556,7827
-0.0124,4814
-0.0517,7406
-0.321,10314
0.0516,3749
0.338,693
-0.0587,9876
0.129,1403
0.2,1742
-0.181,7547
-0.0666,6063
-0.135,9525
-0.00527,5282
0.0493,3215
-0.122,8182
-0.0784,7516
0.0482,3209
-0.0605,7084
0.0315,4116
-0.371,9679
-0.116,8512
-0.101,7472
-0.121,8255
-0.0895,6821
-0.0324,6859
-0.281,10362
0.00631,5016
-0.235,10361
-0.00297,4848
0.0876,3118
0.069,2786
-0.179,9630
-0.0872,7517
-0.038,5354
0.155,1215
-0.0293,7178
0.0463,2345
0.0792,3557
-0.0245,5764
0.0805,2269
-0.0145,5577
0.018,4371
-0.0582,7985
0.0139,4369
0.216,955
-0.0961,7512
-0.0675,6788
0.0734,3827
-0.12,9612
-0.0502,6332
0.308,908
0.386,1537
-0.104,7637
-0.0739,7434
0.0471,2521
-0.135,9057
0.00785,4742
-0.162,8235
-0.0341,5872
-0.0384,6716
-0.0585,7355
0.346,2558
0.316,366
0.061,3157
-0.0467,5789
0.0808,2235
0.292,29
0.0599,3351
-0.00229,4991
0.01,4736
-0.147,9226
-0.176,10227
-0.123,9757
0.0808,3463
0.0702,3663
-0.0541,6677
-0.966,9939
-0.069,9106
0.23,298
0.378,2006
0.0448,3875
0.0624,3807
-0.557,10146
-0.221,9646
-0.0871,7775
0.116,1075
-0.0781,7236
0.0158,4627
-0.041,7676
0.0116,4667
-0.0214,5497
-0.375,10317
0.111,1952
0.373,895
-0.216,9465
0.0711,2318
0.0235,4274
-0.0151,5585
0.169,647
-0.116,7069
-0.685,10463
0.0676,3000
-0.425,10327
0.00577,4818
-0.0093,5041
-0.0301,5648
0.0414,2847
-0.0662,8879
-0.0722,8408
-0.0177,5634
0.86,10
-0.249,10446
0.0651,3870
-0.0425,6638
-0.0119,5694
0.117,1156
0.0832,3488
0.00664,5235
0.0397,3958
-0.222,8821
-0.192,9109
0.0467,3715
-0.714,10420
0.0137,4621
-0.096,4566
-0.0431,6951
-0.0813,9294
0.0729,3415
-0.0669,6929
0.12,2920
-0.597,8357
-0.00938,5676
-0.0161,4844
0.12,1697
-0.0325,6147
-0.164,4381
0.246,2151
-0.0636,8058
-0.0868,7417
0.0975,2251
0.0137,4513
0.0663,2304
0.00138,4920
0.0629,3044
-0.0766,8820
0.0877,2933
0.144,2111
-0.211,5920
0.368,1056
-0.0832,8881
-0.0519,8101
-0.314,9049
-0.0805,6218
-0.07,7159
-0.0551,6500
0.0541,2979
0.0214,4309
-0.0323,6464
-0.0729,6593
0.711,571
0.0369,4263
0.0396,3066
-0.0731,8001
0.857,58
-0.199,8578
-0.227,9970
-0.0996,7356
0.152,606
-0.143,9082
-0.0765,7089
0.0642,2459
-0.0933,8925
0.098,2285
-0.00568,5559
0.165,1258
-0.00547,4913
0.00704,4767
-0.0694,7724
-0.0628,6771
-0.00112,5269
0.48,208
-0.0855,7279
0.125,1182
-0.0183,5913
-0.0631,6185
-0.0703,7478
0.12,1936
0.469,61
-0.00982,5044
0.0515,3221
-0.253,9796
0.0472,3487
0.27,933
0.359,319
-0.00613,5262
-0.141,9210
-0.194,8332
0.252,538
-0.128,8901
0.295,1141
0.145,487
0.168,773
0.362,2367
0.0934,2707
0.187,2040
-0.119,8413
0.00727,4680
0.0361,3500
-0.353,10232
0.0463,3717
0.0223,4405
0.2,1532
0.0784,2759
0.0285,4063
0.365,428
0.172,1449
-0.0111,5707
0.162,931
-0.0299,5928
0.00384,4882
0.134,1613
0.123,1672
-0.146,8492
0.044,3080
-0.342,10300
-0.0467,7738
0.0564,4213
0.0652,4028
0.0898,3961
0.2,1420
0.104,1426
0.00487,4888
0.0389,3371
0.042,3927
-0.101,7409
0.157,832
-0.00143,5100
-0.0442,5851
0.148,1916
0.421,568
-0.0471,5917
-0.215,9404
-0.143,7958
-0.116,8703
0.122,1833
0.00567,4917
0.0962,1561
0.147,661
-0.175,9641
-0.111,8117
0.0916,3154
-0.234,9040
-0.191,10128
0.239,428
0.265,144
-0.0674,6544
0.239,741
-0.125,7829
-0.236,8148
0.0744,2070
-0.0824,7192
-0.0969,7866
0.483,175
0.0419,3655
0.0625,1451
-0.273,9270
-0.0613,7336
-0.146,9902
-0.0269,5873
0.0188,4586
-0.00975,5563
-0.0737,7567
0.105,2794
-0.235,8975
-0.0601,6675
-0.368,9534
-0.0305,6135
-0.0269,5579
0.283,243
0.0851,2004
-0.172,8552
0.123,2754
0.0244,3765
0.163,1684
-0.0641,6523
-0.39,10253
-0.417,9782
-0.111,7297
-0.0299,6163
0.095,3093
-0.153,7825
-0.129,8721
-0.224,8835
0.188,1730
-0.128,7946
-0.0571,7801
0.00848,4980
-0.09,7732
0.0444,3925
-0.026,5264
0.00956,4533
0.153,573
-0.105,7890
0.146,2077
-0.214,7196
-0.196,8431
0.00868,4782
0.0754,2552
-0.0221,5458
-0.0788,7359
-0.00935,5315
-0.0325,7110
0.0158,4351
0.101,2630
0.0965,3609
0.176,440
-0.103,8062
0.132,946
0.0581,3775
-0.0548,7000
0.194,134
0.0298,4177
0.32,1746
-0.0726,6213
-0.0836,8656
-0.0299,6379
-0.143,9149
-0.0739,6335
-0.209,9179
-0.0487,5516
-0.0395,7066
0.00643,4653
0.095,3535
0.167,2252
0.0328,4062
-0.06,7116
-0.146,8338
0.00166,4903
0.0908,2604
-0.144,8206
-0.0789,7270
0.182,1067
0.408,555
0.0566,3375
0.133,885
-0.0466,6959
0.0469,3647
0.00748,5024
-0.0286,6546
-0.0398,6744
-0.0614,6978
0.0388,4090
0.0834,2173
0.567,392
-0.0988,8350
-0.0626,7100
0.0698,2952
-0.148,9798
-0.21,8548
-0.00712,5447
0.0237,4078
-0.0299,6243
-0.964,10186
-0.195,8683
0.106,2717
0.173,2200
-0.0269,5196
0.073,2802
-0.0336,5513
0.198,2942
-0.0777,7947
0.173,115
-0.081,9450
-0.135,8828
-0.0698,8621
-0.181,8607
-0.173,7410
-0.178,9635
0.0505,3064
0.0395,3823
0.0426,4329
-0.0844,6343
-0.303,9430
0.114,1355
-0.0647,8423
-0.0294,5884
0.0485,3877
0.552,281
-0.119,7583
0.269,365
0.00168,5029
0.076,3653
0.302,283
-0.0582,7387
0.186,2406
0.0963,2700
0.0329,3408
0.2,957
0.307,703
-0.175,8791
-0.0166,2881
0.00346,5031
0.0345,3443
-0.145,9373
-0.0335,5990
-0.146,8775
0.02,4028
0.0838,2535
0.059,2574
0.0197,4503
0.0798,3131
0.195,1585
0.0307,4249
-0.0145,5398
0.0595,1958
0.0227,4196
-0.11,7218
0.182,1153
-0.0332,5994
0.0737,2041
-0.214,10190
0.0666,2701
-0.257,10203
0.0362,3958
0.072,2118
-0.00967,5457
-0.103,8619
0.0819,1931
0.0466,3510
-0.145,9461
0.264,1897
0.0727,3297
-0.0192,6309
-0.0351,6384
0.2,824
-0.34,9981
-0.242,9697
-0.0449,6222
-0.0411,6719
-0.163,9532
-0.0313,5536
-0.141,9388
-0.187,8597
-0.436,10343
0.0551,2685
-0.0975,7709
0.149,2691
0.0255,4035
-0.0574,5992
-0.091,7491
-0.261,9402
-0.012,5407
-0.0395,6486
0.0222,4010
-0.108,8080
0.0744,3250
0.353,217
0.111,2968
0.487,1236
-0.22,8687
0.0357,3390
0.0194,4358
-0.188,10180
0.156,2690
0.402,984
0.0412,3507
-0.0923,9318
-0.08,7272
0.013,4804
-0.766,10032
0.377,747
0.0729,3496
0.0624,2967
-0.017,5628
-0.0493,6567
0.00465,4866
-0.299,9844
-0.136,7818
0.187,1753
0.0105,4677
0.0194,4398
-0.276,9565
-0.373,10406
0.139,1222
-0.0225,5930
-0.000649,5083
0.0212,4438
-0.00951,5711
0.323,207
0.107,1081
-0.0592,6873
0.0629,3275
-0.0263,5660
0.128,3083
-0.0069,5201
-0.103,8075
-0.102,8137
0.006,4662
-0.123,8466
0.0315,4014
-0.374,9598
-0.265,10420
0.15,1487
0.0421,3975
-0.0805,8234
-0.107,8548
-0.255,9716
0.0551,1784
0.0224,4315
-0.0333,5260
-0.555,10222
0.0249,3770
-0.0312,6226
0.215,469
0.0372,3253
-0.239,10408
0.157,532
-0.154,9424
-0.417,10273
-0.0131,5843
-0.0411,8015
0.492,134
0.104,2695
-0.239,9165
0.255,806
-0.0206,5820
-0.0107,5381
0.0912,3377
0.126,1894
-0.173,7681
0.182,2133
-0.1,7077
0.146,1644
0.0327,3943
-0.206,8720
-0.463,9092
0.641,740
0.00941,4772
-0.307,9760
0.0572,4059
-0.18,5995
-0.0744,6023
0.186,1624
-0.0657,7007
0.00106,5057
-0.0295,6179
-0.149,8069
0.00901,4866
0.0662,3003
0.138,687
0.0178,4152
0.015,4352
-0.206,10362
-0.102,8610
-0.281,9288
-0.0492,8150
-0.0536,8583
-0.139,9490
-0.0178,5011
-0.0126,5347
0.121,2553
0.0233,4035
0.0422,2753
0.067,3154
0.101,1132
0.0181,4356
-0.188,7953
0.0469,3278
-0.0773,8277
0.101,1574
-0.102,8108
0.155,2768
0.262,599
-0.0688,7660
0.0981,1802
-0.238,9675
-0.323,10451
-0.309,8999
0.308,812
0.138,1165
-0.386,10430
-0.0755,8474
0.0247,4382
-0.0465,6041
-0.024,6342
0.126,2318
-0.0448,6417
-0.236,9586
0.163,1140
-0.127,7964
0.173,1569
-0.0128,5354
0.0636,2672
0.109,2409
0.39,310
0.169,1679
-0.25,9316
0.00878,4738
-0.0488,7918
0.0969,3245
-0.0328,5134
0.177,1918
0.0136,4756
-0.108,8026
-0.13,6883
0.329,127
-0.0335,5618
0.112,1572
-0.0522,5961
-0.501,10439
0.0859,2387
-0.0354,6344
-0.0406,6458
-0.0726,6811
0.0855,3919
-0.137,9506
0.177,1067
0.0249,3703
-0.0482,6041
0.185,2775
0.059,2855
-0.163,8602
-0.0331,6475
-0.224,7509
-0.234,9547
-0.081,7712
0.166,1333
-0.0247,6663
-0.0351,6484
-0.0163,5705
-0.0739,8126
0.323,1205
-0.143,8488
-0.12,8985
-0.00508,5395
0.164,2097
-0.0128,5420
0.0742,3243
-0.178,9052
-0.0718,7546
0.321,880
0.0918,1878
0.0225,3995
0.00925,4964
-0.0223,5977
0.136,287
-0.0391,7244
-0.0652,7519
0.172,2069
-0.126,7930
-0.155,8980
0.067,810
0.0863,2206
0.113,524
-0.12,7237
-0.366,9402
-0.146,8414
-0.0475,5781
0.0773,2842
-0.52,10399
-0.0775,8037
-0.0338,6820
0.563,134
0.0322,3918
-0.275,10407
0.00478,4998
0.156,1730
0.197,1643
0.0181,4097
0.047,2699
-0.158,10244
-0.0442,7573
-0.18,9748
0.413,1049
0.238,1289
-0.0895,8845
-0.109,8879
0.226,986
-0.0607,6313
0.0244,4381
0.169,1130
-0.0306,6317
-0.123,8115
-0.00309,5285
0.18,1780
-0.0696,8190
0.00709,4754
-0.168,9712
-0.0685,6440
0.182,999
0.309,239
0.187,444
-0.205,9809
0.0925,2636
0.137,2004
0.194,2679
-0.288,8571
-0.0329,6058
0.0279,4504
0.111,2618
0.0796,2219
0.332,1739
0.118,2649
-0.0591,6311
0.46,231
0.012,4761
0.0195,4148
-0.121,8026
-0.153,8525
-0.0437,6186
0.0543,4024
-0.0122,5598
0.0738,3067
0.0948,2483
-0.181,9627
-0.153,10159
-0.209,8673
0.0637,2780
0.0406,3058
-0.113,8044
0.00142,4993
-0.114,8494
-0.127,7703
0.00639,4881
0.109,3146
0.102,2682
0.0114,4818
-0.372,7885
0.178,1875
-0.0316,6194
0.192,1557
-0.067,7513
-0.0183,5365
-0.0584,6549
0.25,469
-0.0498,6597
-0.0795,8148
-0.061,8271
0.209,768
0.211,800
0.0348,3913
0.286,369
-0.0601,8617
-0.183,9077
-0.0775,8671
-0.288,10281
-0.165,8626
-0.0265,5335
0.272,355
-0.134,8515
0.0855,3413
-0.00396,5064
0.114,2604
0.0665,1701
0.0611,2546
0.212,1440
-0.0699,6521
0.14,905
0.194,1156
-0.0754,9790
-0.0479,8628
0.0104,4798
-0.122,7528
-0.0107,5475
-0.108,8464
-0.146,9534
0.114,1223
0.0819,2931
-0.0277,6073
-0.0293,5374
-0.389,9004
-0.111,8490
0.187,2024
0.149,1727
0.164,2112
0.123,1915
-0.091,7617
0.375,176
-0.0151,5686
-0.474,7093
0.104,3083
-0.00159,5088
-0.394,10109
-0.079,9641
0.141,1498
0.0388,4044
0.164,1012
-0.0431,6406
0.106,2950
0.0724,1844
0.0798,2075
-0.11,9705
-0.224,8507
0.18,1505
0.0435,4206
-0.0383,7132
0.0704,2830
0.181,1700
-0.127,8249
-0.153,7502
0.0671,3993
0.156,784
0.0337,4042
0.0731,3643
0.094,1771
-0.0877,7693
-0.0358,5859
-0.0485,7260
0.00488,4488
-0.181,7858
-0.251,8787
0.00133,4825
-0.0597,6852
0.0108,4131
-0.0626,6978
-0.198,9991
-0.0439,6942
0.192,1256
0.0983,2241
-0.274,10392
-0.0585,6690
-0.105,7810
0.148,966
-0.194,9025
-0.192,10295
-0.0374,6630
0.0973,700
0.098,3568
0.0335,3797
2.38,30
0.0962,1154
0.0762,3449
0.0664,2360
-0.0221,6017
0.0975,1955
-0.0103,4921
-0.0448,5800
0.0683,2350
0.171,786
-0.0417,6631
0.261,1567
-0.371,10099
-0.308,9554
0.189,1171
0.218,268
0.0264,4053
0.0221,4163
0.00796,4936
-0.0107,5188
-0.0688,7869
0.109,910
-0.362,10189
0.28,230
-0.147,8287
-0.0716,7586
-0.108,9280
-0.122,7653
-0.00914,5362
0.0572,3759
-0.44,10419
-0.295,9816
0.0671,2931
0.0269,3642
-0.0822,6087
-0.167,8450
0.0653,3565
-0.287,10217
-0.179,9132
0.209,150
0.19,1162
0.0516,3981
0.00825,4767
0.0228,4590
-0.248,10378
0.0796,3194
-0.0281,5394
0.139,1900
-0.31,8313
-0.0354,5864
0.182,283
-0.0558,6883
0.135,2749
0.0148,4691
0.0509,2900
-0.0318,5915
-0.0651,7240
0.154,2235
-0.134,9451
0.106,2368
0.0556,2763
-0.0731,7216
0.00863,4834
0.000537,4933
0.108,3430
0.12,2547
-0.116,6037
0.428,992
0.143,1598
0.406,151
0.719,7
0.00979,4865
0.162,824
-0.104,7575
-0.0824,8742
-0.142,9426
-0.0719,7219
0.206,1758
-0.00052,5154
0.0454,4136
0.268,907
-0.0581,6695
-0.336,10301
0.161,1278
-0.163,9376
-0.093,5482
0.0307,3980
0.0583,2382
-0.0919,7371
-0.0703,8075
0.0457,3875
0.00597,4680
-0.0284,7366
0.107,926
-0.0217,5818
0.0937,1768
0.266,2139
-0.392,7278
-0.0444,7161
0.117,1353
-0.43,10313
-0.412,9667
0.323,2574
0.106,3420
0.423,925
-0.71,10331
0.0755,2581
0.195,1127
0.626,11
-0.0793,6433
0.0133,4469
-0.0335,6235
0.0427,3975
-0.0191,6027
-0.169,8001
0.296,548
0.0136,4490
-0.181,9196
-0.137,8610
-0.0503,7241
-0.0378,6986
-0.262,10181
-0.135,10290
-0.0587,7959
-0.11,8058
-0.23,9480
0.121,1671
-0.0807,6261
0.258,80
-0.0972,8621
-0.101,6607
0.245,1417
-0.0607,6797
0.138,460
0.378,1100
-0.203,9814
0.00109,4990
-0.186,9952
0.188,2328
-0.0532,6516
-0.00553,5336
0.0268,4033
0.0881,2399
-0.0348,6337
-0.0806,7603
-0.000223,5102
-0.0457,7204
-0.109,7535
-0.277,8428
-0.411,9498
-0.13,8798
0.23,372
-0.0962,9072
-0.107,9161
-0.0365,6200
-0.0452,6567
-0.0253,5333
-0.0973,7029
-0.0325,6126
-0.26,10130
-0.498,10389
0.263,718
-0.0177,5201
0.492,799
0.134,1387
-0.173,9566
0.0835,1211
-0.138,7481
0.148,1651
0.347,1097
0.0211,3904
-0.165,9559
-0.0946,7918
0.0648,3755
0.102,2927
-0.0753,6161
-0.00829,5284
-0.104,8824
0.0648,3473
0.00443,4861
0.103,2554
-0.0652,6827
-0.118,9925
0.0941,2848
-0.166,9751
0.0805,2406
0.0365,4064
0.00475,5037
0.136,2282
0.0109,4339
0.124,2792
-0.0659,6912
0.336,1000
0.00353,5145
0.181,461
-0.0163,5459
0.313,610
0.368,410
0.223,1607
-0.747,10421
-0.119,8560
-0.15,10091
0.101,2058
-0.245,9967
-0.0237,5880
0.912,60
0.141,1877
0.0813,2332
0.612,132
-0.0157,5440
-0.314,9926
0.108,2217
0.0513,3047
-0.0699,7845
-0.0394,6698
0.0778,3628
0.156,2248
0.123,2472
0.414,7
-0.0204,6089
0.0767,3057
-0.0408,5994
-0.107,9199
-0.0877,7296
-0.0222,6500
0.132,831
0.0143,4419
0.133,2042
-0.0527,7342
-0.00919,4991
-0.0347,6132
0.0869,1736
0.0412,3358
-0.184,8829
0.161,1771
0.136,2533
-0.156,9455
-0.0743,8681
-0.0889,8124
0.000433,4974
-0.165,8303
-0.121,7165
-0.0497,8860
-0.276,5665
-0.172,8516
0.0774,3407
-0.128,8222
-0.0522,6825
-0.158,10272
-0.181,9651
0.0773,3173
0.00988,4798
-0.495,10439
-0.115,7058
0.0758,2069
-0.0654,6879
0.246,2646
-0.0261,5516
-0.287,9090
-0.0834,7346
-0.212,10400
-0.127,9910
-0.179,8149
-0.0943,8075
-0.156,7820
0.219,1242
-0.0179,5548
-0.0435,7671
0.0139,4640
-0.221,7005
0.065,2352
-0.23,8551
0.0261,4044
0.0346,3680
0.33,487
-0.0067,4942
0.0915,2581
0.177,1672
0.0356,3449
-0.203,9854
0.335,1180
0.109,1519
-0.157,8286
-0.0498,6278
-0.0108,5308
0.211,411
-0.182,9105
0.000465,5037
-0.271,8531
-0.158,9307
0.0122,4636
-0.112,8589
0.0491,4102
0.218,1768
0.283,155
0.131,2670
0.0671,2891
0.134,353
0.0461,3804
0.0225,4135
0.0276,4396
-0.0559,6519
0.646,846
0.021,4367
0.148,2494
-0.152,8557
0.12,3176
-0.0938,7852
-0.0725,8234
-0.0482,6931
-0.33,9388
0.193,1084
0.0243,4254
0.0885,3215
-0.0633,7549
0.0714,1757
-0.0901,6935
0.101,3027
0.127,1762
-0.127,8255
-0.0853,8237
-0.0481,6641
0.144,1783
0.213,1402
0.391,240
0.0797,2827
0.0412,3254
0.144,47
0.298,726
0.296,380
-0.0905,6443
0.103,2038
0.0671,2470
0.174,742
-0.0551,7470
0.0141,4568
-0.142,8853
0.0685,3542
-0.0631,7936
0.0701,2906
0.0881,2290
-0.0636,7142
-0.234,7549
-0.304,9670
-0.00286,5101
-0.127,8948
-0.155,8993
0.222,934
-0.355,9958
0.0434,3993
-0.139,9498
-0.0931,8471
0.14,2053
-0.284,9617
0.0245,4288
-0.0954,6319
0.0416,2754
-0.0785,7967
0.0282,4087
-0.0246,5614
-0.0413,5567
-0.0497,6045
-0.0908,7339
-0.319,9699
0.26,567
0.0281,4086
-0.154,8922
0.00821,4939
-0.0566,5917
0.147,617
-0.397,10390
-0.0296,5736
-0.147,7579
-0.08,7839
-0.123,10113
-0.01,5642
0.0942,2530
-0.016,4823
-0.448,7176
0.215,627
0.0076,4957
0.0283,3933
-0.141,8563
-0.116,7960
0.0373,3700
0.0814,3173
-0.101,9695
-0.14,10140
-0.136,9917
-0.122,8032
-0.392,10287
0.169,2508
0.0207,4261
0.119,1522
-0.0822,7148
0.133,1657
-0.0331,5565
0.0897,2725
0.0386,4059
0.047,3070
0.0556,2477
-0.0864,7730
-0.154,7973
-0.293,9404
-0.0288,6289
0.0581,2840
0.128,2606
-0.0915,7389
-0.0334,6234
0.0157,4286
0.251,44
0.112,1420
0.113,2271
0.108,2740
-0.0222,4835
0.0344,4288
0.137,1620
0.116,614
-0.0908,6391
-0.0446,5965
0.221,766
-0.428,10062
0.00608,5047
0.00521,4777
-0.0583,7026
0.278,342
-0.149,9154
-0.345,9424
-0.0626,9342
-0.107,7206
0.212,1477
-0.113,7428
0.0537,3431
-0.15,9447
-0.0229,5656
-0.0522,7265
0.0683,2328
0.0494,3859
-0.354,9351
-0.0159,5498
0.137,781
-0.13,7550
0.0807,3218
0.0601,3179
0.071,3393
0.102,585
-0.0205,5954
-0.195,9116
-0.223,10209
0.165,2154
-0.122,7751
0.0213,4782
-0.0814,8825
-0.0608,6927
0.526,75
-0.21,9380
-0.0878,7525
-0.17,7894
0.231,547
-0.0192,5432
-0.0304,6263
-0.0764,8072
-0.0243,5459
-0.128,9632
-0.0736,8245
-0.196,10001
0.156,2710
0.103,2419
-0.384,10105
0.0401,3581
-0.0598,7602
-0.0692,8691
0.0109,4598
-0.0872,7394
0.0328,4111
0.0213,4002
-0.0493,7834
-0.0591,8106
-0.0132,4433
-0.201,9722
0.0858,1708
0.0895,2430
-0.0776,7277
0.0247,4036
-0.0688,6467
-0.0633,6414
0.00542,4908
0.0952,2978
0.11,1484
-0.0956,7788
-0.0237,5824
-0.0756,6895
0.0207,3901
0.309,1096
0.126,543
0.0532,3227
0.222,959
0.113,1847
0.0599,2792
-0.0808,8140
-0.113,7565
-0.0302,5749
0.322,123
-0.102,9290
-0.114,8535
-0.0512,5884
-0.0167,5696
-0.00259,5112
-0.23,9018
-0.231,9789
-0.0122,5529
-0.146,9991
0.0418,3363
0.103,2423
0.205,912
-0.195,8613
-0.209,7444
-0.0245,5942
0.0368,4008
0.174,1856
-0.372,10343
0.112,2336
0.0037,4815
-0.193,8270
0.168,381
-0.189,10169
0.288,44
0.296,201
0.0432,4163
-0.0733,9679
0.0571,2393
0.0882,2445
0.235,1292
0.032,4235
-0.244,10113
-0.257,9434
-0.0498,8474
-0.000728,5290
0.000194,5041
-0.0493,6186
0.534,817
-0.188,8392
0.131,1058
0.165,1703
0.116,1545
0.0618,3218
-0.126,8535
-0.0207,5995
0.0344,3903
-0.223,10170
0.039,4018
-0.00884,5103
-0.103,7772
0.0669,3522
0.025,4326
0.00298,4912
0.021,4440
0.12,2728
-0.27,9141
0.0847,2775
-0.027,6288
0.0832,3117
-0.0297,5647
0.021,4534
0.0685,1741
0.0926,3133
0.235,817
-0.0255,6463
-0.0493,7737
-0.00803,5374
0.355,471
-0.0713,8256
0.0463,3123
-0.016,6441
0.124,1610
-0.102,9023
0.279,875
-0.0454,7195
-0.0502,5765
0.0795,3520
-0.0369,5949
0.0797,3602
-0.133,8793
-0.399,10210
0.246,1368
0.0521,2866
-0.0298,5450
-0.131,8189
-0.121,7270
0.089,1387
0.392,62
-0.0345,6462
-0.0051,4966
-0.261,9794
0.0552,3056
0.121,3035
0.0369,3715
0.368,45
0.0575,2879
-0.241,8915
0.158,1858
0.0922,1879
0.0157,4072
-0.0279,6888
0.0453,3543
-0.116,7463
-0.0696,7222
-0.0347,5595
-0.00458,5200
-0.0149,5930
0.499,529
0.153,1072
0.183,833
-0.221,9091
0.0923,2200
-0.112,9389
-0.0351,5994
-0.0539,5898
0.0383,3098
0.231,1748
0.102,1631
0.0678,3211
-0.00219,5436
-0.122,8352
-0.168,7378
-0.0672,7595
-0.0713,8047
0.0055,4894
-0.257,9159
-0.246,8870
0.0852,3377
0.0752,3174
0.18,2017
-0.144,9173
-0.2,9038
0.0968,2115
-0.219,9465
-0.192,9831
-0.043,7131
-0.0124,5607
0.18,607
0.0886,3508
0.0837,3321
-0.12,9342
-0.177,9955
0.299,346
-0.0761,6438
-0.0315,6168
-0.0627,6038
-0.0549,6999
0.137,359
-0.138,8444
0.00464,4854
0.0304,3865
-0.087,8341
-0.195,9239
0.15,635
-0.0295,6063
0.23,1136
0.0145,4263
-0.0203,5718
0.0635,2827
0.0356,2719
-0.0506,7226
-0.0969,8248
0.441,100
0.23,894
0.507,216
-0.0327,7495
-0.225,10284
-0.103,6973
-0.0674,6881
-0.0678,8270
-0.218,10388
-0.027,5813
0.0154,4498
-0.0712,7380
0.0246,4295
0.0563,3719
-0.208,8271
-0.195,10347
0.0477,3077
-0.148,9465
-0.153,9217
0.222,533
-0.177,8915
-0.00476,5208
0.00313,5043
-0.2,10088
0.278,1125
0.0557,3834
-0.313,10051
0.272,515
-0.0411,6570
-0.0655,6577
0.467,440
-0.163,9449
-0.102,7705
0.191,757
-0.364,10450
-0.0662,6417
-0.698,10116
0.0545,3543
0.0452,3726
-0.163,9097
-0.008,5459
-0.15,8995
-0.119,8560
0.114,3245
-0.00571,5083
0.122,750
-0.0357,7704
0.151,1789
-0.132,8228
0.115,1104
0.0916,2832
0.114,1751
-0.0885,8552
-0.15,9763
-0.163,9522
-0.0268,6239
0.169,2586
-0.106,8153
0.0505,1950
0.37,138
-0.205,10272
0.0488,3918
-0.0725,7102
0.0686,1436
0.043,2762
-0.00249,5055
0.0811,2802
0.174,1340
0.0202,4210
0.221,718
0.107,877
0.179,359
0.189,1119
0.243,2244
-0.191,8507
0.165,641
-0.0248,6448
0.0187,4220
-0.0925,7899
-0.0012,5062
-0.00469,5348
-0.0556,8861
-0.151,10090
-0.158,9062
-0.275,9264
0.0535,2492
-0.359,8525
-0.125,7608
0.0771,2921
0.446,728
0.0353,3717
0.155,613
-0.046,5310
-0.0351,6145
-0.0381,6748
-0.0639,7346
0.156,2159
-0.177,9523
-0.0794,7361
-0.0358,6228
0.164,1055
0.0504,3765
0.0278,4560
0.013,4673
-0.098,7067
0.0891,2493
0.319,115
0.0863,3304
0.061,2902
-0.0361,6246
0.139,1905
-0.0963,7888
-0.0374,5911
-0.157,9141
0.0316,4076
0.0421,3885
0.00523,4664
-0.106,7671
-0.0622,6606
-0.00287,4869
0.445,658
-0.237,10409
-0.0394,5943
-0.0418,6461
-0.106,8526
-0.0139,5481
0.149,1952
-0.0348,5650
-0.188,7660
-0.0932,8673
0.0762,3135
-0.0234,5941
0.0874,2327
-0.0594,6381
-0.336,10128
0.167,1366
-0.0724,7955
-0.308,10136
0.0988,2804
-0.395,8460
-0.245,9399
0.125,2125
0.157,1164
0.186,1325
0.00139,5009
-0.0127,5300
0.0472,3218
-0.0967,8995
0.179,1095
-0.108,8428
0.0176,4754
-0.146,6124
0.0853,2083
-0.000776,5078
-0.185,8705
-0.131,8532
-0.0693,6286
0.179,1446
0.119,1373
0.0136,4672
0.043,3819
0.222,1473
0.426,216
0.0448,4182
-0.0125,5426
-0.154,9646
-0.339,10225
-0.0063,5504
0.0633,3060
0.196,1567
0.0129,4516
0.0337,3643
-0.0951,7964
-0.176,9776
0.0726,3001
-0.0152,5372
0.0169,4452
-0.00225,5100
0.00497,4739
0.0783,2901
0.319,1018
0.0946,2370
0.00897,4701
-0.172,8342
-0.259,9314
-0.0727,7057
-0.0883,7902
-0.0144,5598
-0.0434,5924
-0.0867,8230
0.0351,4074
0.176,1224
-0.184,9689
-0.0232,5503
-0.0698,7901
-0.00521,5462
0.206,1329
0.0317,4134
0.0585,3522
-0.239,10216
-0.164,9461
-0.0535,6847
0.0987,2732
0.0263,3877
0.000811,4795
-0.0128,5649
0.0774,2577
0.17,1382
0.0246,4670
-0.0967,7696
-0.0965,6290
0.134,1330
-0.00606,5564
-0.0674,7883
-0.0913,8747
0.0547,3326
-0.0436,6899
0.00857,4899
0.0989,534
0.152,1555
0.16,913
0.0393,4077
-0.0321,5724
-0.152,8159
-0.149,8536
0.127,1739
-0.0491,6518
0.151,1506
0.188,1730
-0.104,9292
-0.207,9622
0.102,2040
-0.0246,5930
-0.0356,5596
-0.14,8495
0.0603,2969
0.0641,2922
0.156,1398
0.0339,4203
-0.0331,5866
0.177,1905
-0.0481,6956
-0.0216,5782
0.0105,4716
0.0117,4772
-0.0632,6107
0.259,629
0.12,1811
0.212,515
0.247,759
0.199,1943
-0.166,8646
0.0648,3482
0.0671,2245
-0.0302,6338
0.0421,3826
-0.0194,5958
0.0539,3718
0.586,14
-0.0156,5721
-0.222,9601
0.015,4583
-0.0507,7107
-0.152,9490
0.156,1138
-0.0733,8320
-0.314,8254
0.0771,3166
0.22,2982
-0.487,8108
-0.092,8525
-0.0196,5690
0.0831,3671
0.11,2796
-0.0907,7938
-0.0255,5610
0.0135,4629
-0.0374,7716
-0.123,8306
-0.0129,5371
0.247,1147
-0.0745,7022
-0.084,7449
-0.0503,5772
0.269,1236
-0.0614,6682
-0.13,8391
0.0302,4537
0.121,2414
0.0832,1202
0.128,2964
-0.136,8207
0.186,1838
0.11,2328
-0.12,9185
-0.217,9085
-0.0666,7046
0.031,3279
-0.138,5945
-0.0216,6053
0.0508,2897
0.00779,4769
-0.0948,8677
-0.019,5295
0.0178,4628
-0.00542,5135
-0.067,8628
-0.0484,6749
-0.116,7495
0.0192,4307
0.309,1659
-0.182,8965
0.173,500
-0.162,8886
-0.212,9207
-0.0503,6395
-0.0961,6242
0.478,393
-0.0529,7145
0.282,410
0.323,735
-0.0729,7341
0.135,535
0.235,881
0.0761,2725
0.0841,2599
0.0166,4657
-0.0857,7392
-0.0171,5214
-0.11,7669
-0.0468,7192
0.0457,2904
0.0909,1616
-0.163,8480
0.205,1085
0.013,4638
0.0437,2819
-0.00501,5304
0.0694,3813
0.0753,3409
-0.0587,6791
-0.0232,6347
-0.157,8765
-0.171,9782
0.00236,5081
-0.23,8496
-0.0111,5124
-0.0124,5287
0.012,4033
-0.00895,5583
0.0179,4662
0.093,3449
-0.0783,8461
0.00693,4788
0.0244,3946
-0.064,8242
-0.00603,5025
0.0603,3344
0.00902,4587
0.142,1944
-0.0612,7800
0.201,659
-0.0174,6022
0.0444,2998
0.0581,3494
-0.0809,7449
-0.166,8909
-0.197,10274
0.0705,2847
0.177,969
-0.313,9705
-0.198,8350
0.00917,4420
-0.0318,6421
-0.284,10312
-0.094,7463
-0.0698,6692
0.0163,4567
0.0325,3931
-0.103,7688
-0.0969,9960
-0.195,10411
0.0707,3941
-0.00443,5022
-0.0556,7537
0.226,333
-0.0575,7390
0.13,1499
-0.00226,5126
0.0859,3201
0.00556,4743
-0.107,9212
-0.27,10174
0.0916,2453
-0.312,10316
0.198,748
-0.0388,6977
-0.00221,5263
-0.142,8995
-0.228,9481
0.118,3684
-0.0365,6185
-0.0254,6753
-0.0141,6184
0.385,403
0.0333,4203
0.226,2315
-0.0398,6169
0.022,4239
0.0881,3165
0.0468,3214
0.12,2274
-0.406,10231
0.0389,3580
-0.187,10053
0.0838,1813
-0.017,5849
-0.136,8865
0.0899,3169
-0.188,10344
0.0544,3450
0.0333,3404
0.228,206
-0.104,7767
-0.0115,5576
0.0524,2862
-0.0455,7457
0.163,2427
-0.11,8686
-0.0326,7198
-0.0339,5513
-0.183,9504
-0.0642,7450
-0.103,9078
-0.0882,7118
0.122,1003
0.106,2805
-0.199,8924
-0.0163,6266
0.123,1322
0.356,1513
0.0902,2690
0.0665,2941
0.388,1416
0.0487,3721
-0.0338,7172
-0.0056,5235
0.169,2162
0.00431,5064
-0.228,9597
0.297,329
-0.0881,7630
-0.0443,6445
-0.0505,7130
0.0152,4605
0.0253,4102
0.082,1047
-0.082,7067
-0.0481,6280
-0.029,6693
0.0184,4588
-0.0762,6831
-0.0123,5709
-0.0297,6731
0.0807,3259
0.0447,3765
0.24,1682
-0.176,7435
-0.054,8375
-0.0251,7297
0.28,891
-0.139,7517
-0.0781,8578
-0.157,8344
0.0968,1997
-0.0995,8936
-0.0492,7099
0.125,1446
0.178,1610
0.137,2699
0.0473,2882
-0.00877,5662
-0.0747,7076
0.178,875
-0.0492,6439
0.0715,3657
-0.0638,7140
0.139,1319
0.0724,2188
-0.141,8606
0.104,1685
-0.0526,6299
0.0274,3991
0.211,197
0.0992,2833
0.00619,4912
0.0369,3779
-0.217,9885
-0.0753,7160
0.0592,3386
-0.273,9340
-0.105,8005
-0.0306,6356
-0.185,8929
-0.176,8624
0.00466,4782
0.00502,4820
-0.0883,7408
0.147,898
0.171,648
0.167,2478
-0.12,8027
0.028,4306
-0.00218,5131
0.132,508
-0.0563,7544
0.0529,3188
-0.00854,5277
-5.39e-05,5023
-0.0706,8343
0.14,582
-0.228,9108
-0.0253,5536
0.333,240
-0.064,7999
0.0261,4115
0.118,1621
-0.179,8842
0.0666,2833
0.142,2099
-0.0496,7883
0.171,304
0.072,2999
0.302,51
0.0935,2032
-0.387,9353
-0.046,7210
-0.133,9103
0.0654,2103
-0.23,9283
0.156,493
0.0329,4278
-0.0436,6328
0.028,4089
-0.164,9203
-0.534,10013
0.0906,3822
0.375,69
0.218,486
0.0494,4209
0.184,1288
0.201,935
0.0549,2557
0.0399,3632
0.06,2591
-0.024,6660
-0.037,7027
-0.0174,5637
0.0614,2523
0.269,417
-0.0141,5337
-0.101,8022
0.185,356
-0.13,8886
0.103,1765
-0.229,10307
0.0516,3738
0.0198,4160
-0.0497,6688
-0.0286,6153
-0.000998,5236
-0.116,7305
-0.0573,7045
0.0418,3043
-0.0468,7073
-0.0276,6137
-0.0857,7956
-0.062,6732
-0.114,6532
0.197,934
-0.0286,6673
-0.382,10092
-0.0184,5255
-0.0637,6743
-0.0747,7184
-0.0973,7214
-0.0766,6764
-0.269,10452
-0.0434,6503
0.0978,2175
-0.0327,6330
-0.11,9107
0.0149,4571
-0.589,8153
0.656,1319
-0.014,4916
0.123,2351
-0.29,10333
-0.0642,7749
-0.093,8229
-0.0135,5713
0.0304,4104
-0.00441,5166
0.000948,4928
0.225,1465
0.143,1571
-0.0199,5875
-0.0813,8303
0.147,1888
-0.123,6702
-0.186,9043
0.177,2025
0.0908,861
-0.0592,7542
-0.000587,5282
0.0938,2849
0.123,2937
0.00795,4798
-0.135,9563
0.111,1322
0.0756,2937
-0.116,8731
0.00693,5116
0.256,363
-0.0282,6325
-0.0231,6218
-0.0118,5889
-0.176,9348
-0.0865,7440
-0.0623,6631
0.138,1166
-0.129,7846
0.0796,2482
-0.0868,7497
-0.0302,4727
0.179,1829
-0.0543,6921
-0.13,8194
0.31,767
-0.282,10167
-0.161,8016
-0.00113,5037
0.0429,3368
0.0874,2517
0.213,1053
-0.156,6254
-0.0193,5371
-0.21,9132
-0.0776,7565
0.0308,3150
-0.15,7996
0.0674,2574
-0.0806,8359
0.0414,3654
0.0985,2247
-0.00875,5475
0.0814,2981
-0.108,6939
0.214,456
-0.153,8511
-0.0931,8570
0.171,772
0.167,2396
0.141,2018
0.0974,1813
-0.0567,6014
0.0153,4780
-0.135,8056
-0.0392,6192
-0.0184,6089
-0.0463,7746
-0.0623,7112
0.0258,4061
0.225,558
0.00736,4803
-0.0958,8397
0.321,1084
0.735,580
-0.157,9703
0.0908,2353
0.106,2657
0.0191,4466
0.154,1426
0.0182,4489
-0.0879,7930
0.0896,1710
0.102,1795
-0.029,5596
-0.00116,5227
0.0133,4875
-0.0173,5946
-0.0589,6609
-0.0887,8732
-0.194,9488
-0.0496,6351
0.107,3015
0.119,804
0.0264,4152
-0.0984,7633
0.319,126
0.0293,3889
-0.406,10053
-0.0711,7157
-0.147,9040
0.0607,2705
-0.114,7651
-0.0792,7550
-0.0858,7354
0.035,3782
-0.0735,7455
-0.0476,5775
0.0213,4269
-0.0587,6769
0.0471,3576
-0.0314,6793
0.138,1013
-0.108,8864
0.304,2837
-0.021,5475
0.0305,4254
-0.145,8915
0.155,1328
0.231,396
0.301,1191
0.235,238
0.259,1783
-0.0249,7138
0.0446,3632
-0.343,9772
0.00563,4903
0.0514,4283
-0.211,8493
0.00667,4656
0.146,1488
0.309,579
0.47,339
0.221,2062
-0.0576,7566
-0.0668,8470
0.0566,3142
-0.0693,6754
-0.169,9329
0.0981,3609
-0.131,7914
-0.0476,6261
-0.137,9707
-0.207,9414
0.199,2321
0.0522,3548
-0.213,9974
0.216,305
0.116,1951
-0.0292,5586
0.158,1991
0.238,2715
-0.186,9909
-0.0202,5292
-0.135,8269
0.032,3934
0.0691,2772
0.0056,4438
-0.0863,7640
-0.00745,5289
-0.0578,8602
0.113,1871
0.0688,3400
0.238,2109
0.0272,4303
0.118,1005
0.0196,3731
-0.223,8518
-0.0524,5986
0.0234,4446
0.248,1210
-0.0102,5343
-0.059,6979
0.0978,1503
0.0133,4622
0.157,1417
-0.188,9289
-0.0949,8465
0.0435,3896
0.0659,3225
0.16,1202
0.0817,2599
-0.345,9898
-0.122,9083
0.41,9
-0.0239,5929
0.0093,4678
0.0852,2818
0.287,402
-0.118,9303
0.0422,3865
-0.057,5643
-0.0676,7272
-0.141,8804
0.0557,3826
-0.0227,5992
0.0732,1772
-0.0197,5865
-0.0559,7149
0.0158,4602
0.239,2649
-0.0788,8121
-0.0268,6262
-0.177,8126
0.0642,3095
0.231,711
-0.0305,5939
0.0581,3318
-0.0929,9244
-0.0138,5351
-0.259,9309
-0.0279,6436
-0.0451,6175
-0.0365,6667
0.127,594
-0.302,10341
0.0291,4197
0.0676,3158
-0.104,8701
-0.00965,5557
-0.166,8545
0.0111,4776
-0.0891,7559
-0.19,9607
-0.186,8132
-0.028,5914
0.0191,4255
-0.215,9597
-0.00915,5472
-0.311,10215
0.334,1765
-0.111,8869
-0.0256,6703
-0.179,9066
0.0366,3689
0.571,851
-0.0885,8104
-0.0613,7958
0.00594,4713
-0.129,8913
-0.63,9950
0.375,97
-0.141,7446
-0.358,10457
0.316,561
-0.109,7306
0.0358,3985
-0.661,8765
-0.0058,5440
0.0437,3467
-0.000818,5148
-0.0117,5363
0.135,418
-0.0527,6536
0.516,1585
-0.0398,6266
0.0625,3008
0.00189,4931
0.0697,2082
0.0694,3427
-0.103,8416
0.107,2675
0.00536,4727
0.0746,2839
-0.15,9313
-0.274,8817
0.313,435
0.109,1935
0.11,1685
0.0584,3505
-0.0047,5580
-0.336,8429
-0.1,8710
0.0867,2480
-0.18,8735
-0.0148,5258
-0.0768,6971
-0.41,9708
-0.0596,7098
-0.0256,5366
-0.191,9674
-0.312,9525
0.0281,3821
-0.13,7213
0.11,423
-0.0394,7171
-0.068,7190
-0.0673,7629
0.0418,2877
0.0596,3366
-0.184,9529
-0.0158,5996
0.0262,3793
0.144,2312
-0.152,10130
-0.174,7737
-0.0169,5402
0.269,1676
0.0346,3784
-0.166,9381
0.0698,2205
-0.0757,7213
-0.269,8934
-0.000821,4871
0.267,1274
0.0639,3526
0.19,500
-0.327,10140
-0.116,8720
0.107,793
-0.0405,7013
-0.127,7038
-0.0112,5249
-0.292,9262
-0.097,7423
-0.142,10357
-0.0491,7953
-0.164,7962
-0.269,10309
0.0463,3588
-0.106,8836
0.147,1033
-0.0467,7506
0.154,1846
-0.129,7552
0.0723,3871
0.0145,4439
-0.0548,6947
-0.0357,7231
0.0584,3697
-0.125,9739
0.242,2769
-0.152,7663
0.158,1351
-0.365,9559
0.162,1474
0.143,2111
0.248,1311
-0.00561,5020
-0.0699,7636
0.0577,2833
-0.0932,8497
-0.0312,5908
-0.0488,6183
-0.265,10356
-0.0579,7964
0.173,1125
-0.0135,5427
0.346,1201
-0.0689,6159
0.07,2265
0.0264,3817
-0.239,10438
0.213,519
0.446,60
0.0491,3557
0.0575,3764
0.147,586
-0.118,8725
-0.00585,5145
-0.0816,9557
-0.445,10229
-0.719,10440
0.0546,3719
0.0799,2864
0.107,2298
-0.0723,6897
-0.166,9195
-0.0477,6154
-0.00959,5536
0.272,601
0.147,1702
0.217,362
0.238,2116
0.0841,2541
0.0819,1745
-0.0819,8388
0.349,754
-0.0306,6475
-0.0692,6506
-0.058,5815
-0.0591,8285
0.0245,4121
0.463,738
-0.0241,5810
-0.176,8144
-0.00266,5181
-0.485,10441
0.0784,2679
0.145,991
-0.111,8137
0.309,1048
0.367,762
0.268,1536
0.0448,2371
0.0349,4259
0.141,1128
0.0171,4717
-0.0102,5605
0.0859,2177
0.133,1868
-0.515,10461
0.115,3028
-0.0301,5152
-0.36,9843
0.111,1673
0.169,578
0.354,256
0.0347,4055
-0.105,6047
-0.227,9298
0.0765,2766
0.117,1648
0.262,253
0.264,1691
-0.117,8237
-0.0216,5846
0.0483,3171
-0.035,7796
0.633,2030
0.282,1397
-0.0567,7955
-0.00561,5295
-0.101,8953
-0.0463,7380
0.0671,3392
0.0485,3874
-0.327,10397
-0.299,10006
-0.055,7470
-0.115,9018
-0.061,6912
-0.205,9027
-0.0693,5976
-0.0966,7219
0.102,1614
0.133,1032
0.186,1413
0.0898,2516
0.109,3376
0.0882,3103
0.0701,2633
-0.0785,7676
-0.124,6879
0.087,3522
0.128,2930
-0.021,5932
0.156,1900
-0.0785,7159
0.0184,4508
0.194,324
-0.0236,6123
0.123,2990
-0.0518,6348
-0.388,10324
0.16,2315
0.2,1927
-0.0138,5908
0.0812,2224
0.00847,4670
-0.00831,5537
0.118,1686
0.0481,4133
-0.291,10089
0.113,3504
-0.0146,5711
-0.0176,5789
-0.254,10280
0.303,787
0.0296,3826
-0.0664,6896
-0.252,10112
-0.00289,4882
-0.131,8789
0.259,1391
0.341,1144
0.198,1723
0.0474,3373
0.0789,1999
-0.0675,8377
0.199,1668
-0.506,10208
0.101,2786
0.0151,4631
-0.00915,5302
-0.117,8605
-0.0094,5365
0.379,89
0.169,2274
-0.072,9141
-0.00826,5435
-0.0899,7551
0.0022,4852
-0.235,8236
0.0139,4525
0.0106,4517
-0.0288,6023
-0.155,9114
0.117,2394
-0.0021,5203
-0.103,7001
-0.304,10314
0.382,333
0.0118,4826
-0.0228,6007
-0.000214,5112
0.0821,2140
-0.193,9456
0.142,1111
0.0218,4316
-0.117,8519
0.543,976
0.0635,1908
0.135,1791
0.00452,4893
-0.00793,5262
0.222,404
0.194,546
-0.2,7893
0.00234,5043
0.141,944
-0.132,8372
-0.07,7259
-0.108,8750
-0.011,5022
-0.017,5830
0.0468,3628
0.234,483
0.153,1750
-0.064,5529
0.19,2178
0.0421,3206
-0.161,8965
-0.0517,5339
0.384,51
-0.158,9199
-0.112,9483
0.0269,4164
0.126,1414
-0.0542,6570
0.215,2384
-0.482,10027
-0.0205,5843
-0.0413,7673
-0.0581,7174
0.0815,2898
0.248,190
0.0333,3763
-0.0798,6426
-0.151,8878
0.0517,3716
-0.22,9553
0.0697,2664
-0.0773,8329
0.0331,4161
-0.0194,6505
-0.17,9663
0.0277,4192
-0.432,9144
-0.16,8629
-0.0915,8065
0.272,1921
-0.0363,6765
0.00161,5064
-0.183,8511
-0.105,7004
-0.106,7739
-0.171,10111
-0.0511,7330
-0.177,7563
-0.145,8769
-0.11,8083
-0.0463,6886
-0.011,5631
-0.1,9501
0.0586,3792
-0.192,9789
-0.384,9076
0.00917,4824
0.000752,5054
-0.114,8645
-0.169,7551
-0.0969,7774
0.108,2007
-0.167,9541
0.0643,2088
0.021,4157
0.31,395
-0.522,9759
0.072,3810
-0.0104,5628
-0.0364,7059
0.0404,3572
0.0684,3085
-0.0286,5516
0.211,1403
0.0395,3997
-0.133,8870
0.146,635
-0.119,7166
0.238,1993
0.0666,2419
0.0968,1030
-0.177,9316
0.144,2716
0.0264,3741
-0.00309,5300
-0.332,10048
0.103,417
-0.158,8479
0.00224,5083
-0.235,10452
-0.0545,6950
-0.0429,6142
-0.0416,6639
0.242,737
-0.0601,6459
-0.0179,5785
-0.395,10421
-0.0918,8160
-0.226,8135
0.118,3342
0.399,1568
0.462,107
0.0847,2263
0.697,243
-0.0396,6362
0.141,1393
-0.105,8778
0.0637,3085
-0.0529,7545
-0.12,8827
0.993,153
-0.00689,5286
-0.0457,6712
-0.0501,6067
0.237,925
0.367,808
-0.126,6838
-0.0502,7529
-0.0268,6027
0.0457,3385
0.137,1306
-0.0301,6233
0.295,895
0.0548,2187
-0.161,10064
0.0966,3497
-0.0734,7363
-0.194,9019
0.0704,2767
-0.0508,7185
0.0506,3454
0.133,2383
-0.0365,6401
0.539,768
0.215,843
-0.0428,7235
0.144,1626
0.0716,3101
-0.05,6523
-0.162,9423
-0.133,8078
0.038,3757
0.126,858
0.265,722
-0.0792,6439
-0.0581,5445
-0.0349,6333
0.226,860
-0.13,8596
-0.111,7750
-0.149,8456
-0.0237,5913
-0.386,9434
-0.458,10465
-0.0752,7818
0.203,690
-0.126,8834
0.109,1812
-0.0974,7403
0.0581,3208
-0.271,10169
-0.0977,7810
-0.536,10341
0.1,1546
0.117,680
0.00916,4726
-0.0782,8134
-0.135,8185
-0.0255,5970
-0.0234,5452
0.219,342
0.037,3638
0.076,3341
-0.522,7297
-0.0221,5480
-0.0632,7961
-0.113,7504
0.011,4496
0.389,1805
-0.179,7701
0.143,2101
-0.0112,5754
0.624,1855
-0.124,6428
-0.228,8939
0.0568,3952
-0.0239,6162
-0.0475,6799
0.174,752
0.233,745
-0.251,8297
-0.201,10179
-0.0571,7877
0.113,266
-0.0211,5788
-0.109,7415
-0.0256,6185
0.018,4546
-0.0159,5899
0.034,3609
-0.0465,5884
-0.0349,6714
0.809,297
0.0431,3609
-0.0843,7167
-0.0208,5552
-0.0747,6481
-0.201,9674
0.133,1749
0.0558,4182
-0.046,6626
0.386,294
0.069,3333
-0.06,7305
-0.115,6789
-0.121,9112
0.276,280
0.149,887
-0.0765,7986
0.00458,4890
0.0732,3822
-0.123,8547
-0.111,8785
0.0216,4011
0.244,2177
0.0934,2849
0.25,595
0.0816,2942
-0.136,8687
0.0199,4439
-0.104,7995
0.347,594
-0.187,8035
0.123,2182
-0.00225,5276
0.148,843
-0.133,8967
-0.0513,6226
0.635,20
-0.0466,5894
0.0129,4581
0.0151,4748
-0.0962,7701
0.191,1360
0.146,1939
1.77,4
-0.0371,6533
0.886,9
0.113,2001
-0.0701,7269
-0.0194,5663
-0.204,9918
0.156,387
0.073,1919
0.0446,3357
-0.105,7486
0.089,3146
0.681,216
-0.0918,9008
-0.223,10258
0.0199,4393
0.0487,4063
0.217,1823
-0.131,7692
-0.0603,8965
0.122,2711
-0.0863,8207
0.155,1486
-0.132,8020
-0.326,9719
-0.0341,6490
-0.0748,7850
0.262,2137
-0.154,9350
0.00423,4735
0.129,1658
0.159,863
0.16,1027
-0.019,6011
0.037,3335
0.036,3492
0.000682,5150
0.113,916
0.142,743
-0.128,8043
-0.128,6970
-0.00738,4948
-0.0608,6425
-0.0611,7260
-0.0755,7736
0.0457,2902
0.411,179
0.619,172
-0.0459,6944
0.00065,5103
0.0891,2421
-0.134,8900
-0.0332,5924
0.109,2975
-0.0459,5905
0.159,1321
0.117,1330
0.117,3330
-0.3,10133
0.0112,4765
0.0474,3222
-0.0577,6988
-0.0168,6246
-0.207,9610
-0.224,9510
-0.176,9809
-0.0073,5129
-0.0257,6352
-0.0366,6918
0.0521,3551
-0.29,8968
-0.198,8100
0.255,321
-0.0183,6218
-0.132,8477
-0.0107,5493
0.11,2168
-0.193,9787
0.225,1323
0.0882,2842
-0.229,10167
0.0344,4027
0.186,923
-0.157,8219
0.162,1710
0.0572,3824
-0.044,7770
-0.00633,5216
0.198,2177
-0.161,9546
-0.0953,7928
-0.0606,5426
-0.00499,5460
0.0637,2742
-0.124,8721
-0.0562,6463
0.0419,3761
0.177,743
-0.0401,6798
-0.129,8881
0.607,720
-0.0536,6411
-0.171,7001
0.0514,3257
-0.14,9351
-0.0647,7668
-0.158,9605
-0.116,9111
0.0332,3985
0.159,2254
0.274,631
0.441,234
-0.136,8607
-0.0328,5602
0.526,159
0.104,3248
-0.203,9998
0.0228,3967
0.0494,3180
-0.000156,4914
0.0921,3045
0.122,1884
-0.262,8709
-0.0266,6060
0.058,3016
0.0361,3741
-0.195,9588
0.0772,2837
0.0366,2341
0.0368,3979
-0.0346,6713
0.141,1828
0.108,1781
0.122,2625
0.136,2398
0.0225,3989
-0.0739,7689
0.263,1472
0.0472,3839
-0.109,7164
0.243,1018
-0.167,8871
-0.126,9639
0.00183,5036
0.076,2767
-0.119,7564
-0.188,9421
-0.0669,6631
0.162,643
-0.0334,5985
-0.178,8617
-0.0834,7526
0.198,2096
0.00305,4961
-0.041,6620
0.0838,3391
0.192,552
-0.21,7185
0.0897,3468
-0.00565,5173
0.0839,2371
-0.0817,6844
0.0684,3198
-0.192,9377
-0.214,7817
0.105,1001
0.0283,4371
0.0773,2215
-0.0257,5548
-0.0677,7442
0.0978,3763
0.0213,3912
-0.0508,7171
0.0125,4657
-0.0938,7842
0.0333,3673
-0.226,8664
0.0872,1400
0.147,155
-0.0681,6652
-0.181,10013
0.0346,4130
0.0814,3331
-0.112,7247
-0.122,6948
0.32,1066
0.0614,3670
-0.234,9017
-0.192,9650
0.0206,4331
-0.00655,5497
-0.396,10012
-0.0791,7228
-0.118,7234
-0.152,9575
-0.0341,7306
0.0683,1985
-0.2,9998
-0.0759,6597
-0.261,6770
0.101,3131
0.0777,2451
-0.0111,5180
0.056,4055
0.126,2313
0.0644,3798
-0.0948,7314
-0.0984,7913
-0.0484,9178
0.108,3204
0.252,2315
0.231,426
0.107,2008
-0.156,10018
0.0578,3826
-0.462,8567
-0.199,9643
0.149,1760
0.107,2939
-0.224,8583
-0.024,6418
-0.12,8669
0.0801,1465
-0.0647,8215
-0.0927,7585
-0.068,8969
-0.202,10086
0.263,817
-0.217,9400
0.484,72
0.463,515
0.241,1927
-0.0535,8408
0.168,1323
-0.131,8578
0.101,2344
-0.0381,5916
-0.2,9239
-0.0837,6836
-0.429,10395
-0.0221,6111
-0.27,10277
0.142,1148
-0.0188,5922
0.0398,3324
-0.187,8781
-0.0759,6991
0.0868,2867
0.00888,5035
-0.0369,5924
0.00375,4890
0.041,3873
-0.139,8295
-0.299,8809
-0.203,7546
0.0159,4606
-0.12,7639
-0.111,8942
-0.00146,4854
0.172,1038
0.0529,3919
0.144,753
-0.107,9211
0.0929,2664
-0.0188,5494
0.00883,4828
0.0102,4678
-0.093,8631
0.0446,3835
-0.213,8615
0.135,1012
0.228,1151
-0.132,7370
0.0451,1850
0.014,4548
0.163,1288
0.1,2241
-0.0214,5712
0.0487,4458
-0.265,10215
0.15,252
-0.0998,8079
0.132,840
0.201,1582
0.046,3627
-0.344,9461
0.00718,4840
-0.00216,5184
0.0571,3150
-0.0901,6576
-0.0319,5562
0.092,3237
-0.198,9436
0.284,639
0.1,3231
0.0297,4162
-0.00938,5475
0.00903,4704
-0.152,10083
-0.164,8682
0.0432,4072
0.173,2045
-0.148,7853
0.179,1041
-0.0223,6651
0.0288,3928
-0.184,9703
-0.0852,6294
-0.153,9188
0.129,973
0.114,2109
0.073,3438
0.299,655
0.134,2452
-0.262,10400
-0.00185,4845
-0.111,10074
0.00203,4712
0.0515,3846
-0.0353,6063
0.138,2736
0.116,2546
-0.0174,5717
0.00174,5045
-0.145,7198
-0.0913,7113
-0.138,7994
-0.0631,7788
-0.22,9476
-0.134,8002
-0.0593,7609
-0.194,9447
-0.138,9063
0.0168,4400
-0.0375,7177
-0.148,8964
0.122,2181
-0.248,8542
-0.0144,5124
0.00498,4628
-0.00121,4899
0.0194,4285
-0.165,8851
-0.121,9885
0.159,1922
-0.0519,6805
0.243,739
-0.101,8209
-0.0813,8204
0.0162,4506
-0.255,9121
-0.18,9182
-0.159,8158
-0.219,9894
0.0647,2941
0.303,147
-0.192,9362
0.0878,2268
0.0403,2751
0.176,393
0.177,1788
0.389,506
-0.0254,6828
0.0655,1701
0.15,1391
-0.168,9067
0.0719,3124
0.26,1119
0.111,2917
-0.173,10122
0.135,914
0.0662,3527
0.0718,3002
0.0188,4758
0.122,877
-0.012,6004
-0.0656,9062
-0.97,9796
0.232,2146
0.0421,3949
0.177,1318
-0.0793,8164
-0.0282,6058
-0.157,7081
-0.0472,6033
0.0965,2688
0.167,1345
0.00193,5114
-0.163,8771
0.0165,4577
-0.0153,5323
-0.358,9454
-0.036,6443
-0.306,10403
-0.0719,7039
0.0903,1033
0.0516,3691
0.121,2247
0.16,1712
-0.047,7624
0.134,1721
-0.0409,6704
-0.164,8348
0.564,484
0.121,836
0.275,141
-0.138,9697
0.076,2678
-0.0629,7012
-0.251,10033
0.0419,3301
0.0136,4771
-0.185,9415
-0.133,9764
-0.203,7819
0.0479,4146
-0.207,10023
-0.178,9843
0.109,2412
-0.0466,5996
-0.0731,7366
0.0207,4139
0.0368,3820
-0.0647,8365
-0.117,7409
-0.0431,6315
-0.126,7149
0.0476,3734
0.0375,2484
-0.172,9718
0.0265,4152
0.0509,2697
-0.0378,6517
-0.028,5688
0.0262,4183
0.222,397
-0.289,10307
-0.0324,5886
-0.0604,6592
0.335,111
-0.307,10039
-0.0143,5719
0.0566,2773
-0.24,9964
-0.137,8135
0.183,1803
0.0145,4319
-0.0819,6494
0.0598,2738
-0.175,9311
0.146,2144
0.0512,3757
-0.102,8285
0.0183,4285
0.0739,2399
-0.0241,5269
-0.105,5789
-0.104,5926
0.166,1014
-0.171,9625
0.384,285
-0.223,10015
-0.0256,6043
0.285,2180
0.0549,2354
-0.332,10392
0.106,2341
-0.00894,5604
0.122,2617
0.265,904
-0.103,8534
-0.0362,6501
0.0598,3847
0.333,77
0.352,1524
-0.0922,7242
0.00495,4920
-0.165,9014
-0.0523,7005
-0.315,9663
0.872,714
-0.215,7392
-0.124,9928
0.244,1771
-0.216,10320
-0.0681,6791
0.378,940
0.199,2776
-0.0218,6274
0.32,1522
0.183,2323
-0.0877,8200
-0.152,7084
-0.175,9077
-0.0336,6893
0.248,364
-0.146,9607
0.187,2359
-0.171,9661
-0.0224,5866
-0.0124,5927
-0.0683,7858
-0.206,8489
0.109,2865
-0.0543,6619
-0.0722,6226
0.158,1062
-0.18,9869
-0.185,9544
-0.0315,5713
-0.00336,5272
0.116,2517
-0.0746,8643
-0.0929,7868
-0.35,10469
0.0572,2524
0.024,4513
0.0679,3569
0.05,3582
0.112,1374
-0.0325,6362
-0.15,9192
-0.0401,6591
0.16,2679
0.0561,2585
0.112,919
-0.117,8761
-0.0665,6844
-0.0909,7579
-0.0591,6801
0.025,4243
-0.0232,6202
0.141,2513
-0.326,9720
-0.0182,5559
0.338,1363
-0.0311,6525
-0.0196,6238
-0.0425,6048
-0.432,10408
0.0969,3336
-0.0112,5275
-0.0714,8132
-0.0495,6564
0.62,252
-0.0945,8151
0.00551,5129
-0.0862,8227
0.0431,3516
0.103,1610
-0.023,6003
-0.214,9142
0.0749,3527
-0.0852,6308
-0.00896,5187
0.177,362
0.0182,4466
-0.0436,7291
0.486,366
-0.213,10195
0.394,233
-0.0133,5789
-0.0466,7204
0.154,1741
0.164,213
0.0207,4349
-0.044,6488
-0.0978,8259
-0.231,8568
0.104,1638
0.0515,4016
-0.0676,6641
0.0333,3363
-0.0244,6486
0.107,2240
0.0411,3788
0.168,160
-0.029,5443
0.166,877
-0.032,6555
0.18,1521
0.0515,3895
-0.0355,6212
-0.0288,5581
0.109,1911
0.0759,1475
-0.0722,7365
-0.127,8613
-0.109,7051
-0.0981,8329
0.171,425
0.457,61
0.143,2055
0.0983,2031
0.139,2420
-0.138,8539
-0.143,9180
-0.0511,8521
-0.211,9552
0.104,1256
0.111,2242
-0.101,7602
-0.00553,5331
0.0254,3429
-0.00429,5273
-0.0939,8224
-0.0154,5489
0.854,389
0.0104,4657
-0.0408,7123
0.427,363
-0.0533,8010
-0.162,9747
-0.0788,7450
0.12,2526
0.0892,1815
0.097,2598
-0.0729,7309
-0.0791,6935
-0.477,9968
-0.103,6531
7.56e-05,5147
-0.535,10429
0.167,945
0.424,1243
0.184,2217
0.00157,4847
0.0631,2744
0.0355,4075
0.233,1832
-0.0508,6345
-0.0327,6328
-0.0634,8105
0.0447,3026
0.164,764
-0.0515,6252
0.0811,2612
1.14,36
-0.0265,5595
0.0513,3254
-0.0498,5858
-0.162,8757
0.0302,4467
-0.18,8234
0.109,2307
-0.0727,8553
-0.00433,5119
-0.0752,8438
0.0803,3159
-0.1,6730
0.0173,4474
0.179,1998
-0.0208,5663
0.104,2826
-0.175,8592
0.039,3857
0.198,928
0.0571,2284
-0.2,9641
0.158,1475
-0.039,5930
-0.0692,7120
-0.000542,4816
0.0759,1081
0.0299,4158
-0.175,6458
-0.1,7150
0.0588,3582
-0.0586,9255
0.173,393
0.15,1614
0.0546,2992
-0.136,8310
0.0334,4288
0.114,1952
0.0555,3299
-0.00364,5211
-0.0945,9422
0.101,2347
0.0322,3892
0.0515,3318
0.0345,4024
0.145,2098
0.116,3469
-0.135,7111
0.00517,4835
-0.2,10217
-0.112,7441
0.0632,3894
-0.167,8261
-0.869,10142
0.08,3541
0.137,1098
0.112,1448
0.186,1077
-0.0519,6324
-0.259,8513
0.0563,3614
-0.219,9824
0.0404,3996
-0.314,10457
-0.237,10196
-0.496,10311
-0.177,10369
0.0473,2908
0.0615,2608
-0.119,8904
0.0516,4075
0.136,2363
-0.255,7379
-0.00937,5390
0.113,1737
0.259,715
0.0562,3274
-0.0326,5758
0.0599,3588
0.0744,2773
0.0333,3608
-0.0563,7114
0.175,1128
0.163,1711
-0.164,8394
-0.0701,8751
0.0195,4186
-0.263,10051
-0.0697,7382
-0.109,9954
-0.37,10297
-0.103,9002
-0.051,7495
-0.178,9232
-0.0304,5643
-0.109,6972
0.06,2392
0.0795,2022
0.116,1359
0.0195,4254
0.139,958
-0.0377,6151
-0.666,10266
0.0691,3068
-0.00859,5326
0.071,2899
0.00273,5032
-0.0374,6322
-0.0222,6268
0.0295,2553
0.153,852
-0.125,8623
0.226,526
-0.0888,6388
-0.254,8055
0.149,1258
-0.0673,7763
-0.117,7195
0.111,3092
0.139,551
0.0858,3731
0.225,1086
0.17,381
-0.177,9515
-0.15,8368
-0.11,8164
0.019,4486
-0.000304,5196
0.137,1687
-0.254,9463
0.246,1582
-0.118,7870
-0.128,7503
-0.0405,5694
-0.062,7607
-4.44e-16,10106
