coef,rank
0.129,3616
0.125,2635
0.0234,4325
-0.191,7564
-0.466,9386
-0.215,9723
-0.0972,8785
0.00121,4833
-0.0199,5315
-0.121,7854
0.0808,2495
-0.0751,8420
-0.0561,7310
0.083,3204
-0.12,6789
-0.21,5898
0.049,2336
0.0151,3986
-0.0743,7498
-0.0576,6980
-0.134,7988
0.00834,4651
-0.114,8310
-0.0969,7903
0.0253,4545
0.176,1902
-0.023,6053
-0.156,4769
-0.152,8102
-0.00825,5439
-0.0931,7828
0.217,2520
-0.212,9431
0.036,4256
-0.108,8666
0.0815,1586
-0.00056,5233
0.0274,4406
-0.149,8866
0.0447,3626
0.145,657
0.0107,4598
-0.21,9303
0.112,1766
-0.105,7638
0.0603,3539
0.114,388
0.0303,3103
-0.264,9731
-0.0136,5487
-0.0734,6873
0.24,968
0.134,1928
0.145,334
0.036,4323
-0.156,8470
-0.202,6821
-0.0803,6869
0.0272,3638
-0.0814,8349
-0.137,7932
0.113,2029
-0.033,6683
-0.1,9822
-0.124,9389
0.208,145
-0.105,9166
0.0903,1995
-0.111,8145
-0.633,9895
0.0998,1359
-0.0325,6211
0.135,1771
0.0307,4182
-0.153,8353
-0.13,9111
-0.206,10281
0.0781,2312
-0.0589,7726
-0.0278,6242
-0.246,7509
-0.123,7288
-0.035,7040
-0.0787,8213
-0.0498,6685
-0.0426,5851
0.0906,2350
-0.277,9005
0.0657,1865
-0.0258,6742
0.0229,4556
-0.101,7733
0.0716,3658
0.171,1919
-0.139,8499
-0.0386,6755
0.263,1081
0.0236,4040
0.0173,4505
0.0787,2834
-0.0685,8063
-0.0634,7375
0.206,371
0.227,1215
-0.254,9036
0.284,811
-0.063,6109
0.225,928
-0.137,8313
-0.0223,5576
0.269,1988
0.0616,3208
0.00313,4861
-0.087,9344
-0.107,8078
0.153,1158
9.49e-05,4929
-0.175,8840
-0.104,7982
0.0121,4310
0.101,1268
0.00927,4669
-0.0491,5740
-0.234,8113
-0.186,10314
0.419,521
-0.285,9464
0.0324,3982
-0.0165,5397
-0.275,10307
-0.04,6840
0.125,1804
-0.258,9650
-0.0616,7445
0.441,2243
-0.22,8402
-0.0756,8079
-0.0198,5829
0.4,780
-0.0507,7671
-0.103,7367
0.0332,3992
0.17,1048
-0.0961,8702
-0.0938,7240
-0.0202,5550
-0.0282,6286
-0.103,7166
-0.0338,6092
0.198,191
-0.0836,4803
0.0145,4804
-0.311,9342
0.101,2280
0.216,707
-0.233,10219
0.0672,3754
0.273,245
0.143,1814
-0.0389,6169
-0.287,10227
-0.102,9767
-0.117,8266
0.0209,4639
0.014,4569
-0.0533,7698
0.114,2228
-0.0837,8645
0.168,1280
0.135,2606
-0.113,9087
0.0731,2300
0.0352,2806
0.0927,2199
-0.086,8537
-0.00993,5006
0.444,711
-0.00721,5632
-0.034,6410
0.198,1143
-0.104,9037
-0.0221,6238
0.0648,2032
-0.0315,7909
0.063,3038
0.0118,4551
0.237,704
-0.0467,7097
0.0556,4089
0.012,4784
-0.0429,6131
-0.0666,9235
0.017,4420
0.295,488
-0.0572,5881
-0.0661,7896
0.116,2045
0.207,1830
-0.00732,5621
0.228,1189
0.118,1857
-0.121,7230
0.104,1126
0.0322,4130
0.138,2067
0.199,1569
0.0981,2133
-0.194,9177
-0.173,10138
0.203,177
0.0571,3042
-0.00308,5206
-0.318,10299
0.0628,3221
0.0768,1050
-0.0378,6744
-0.0312,6284
-0.345,10445
0.137,2759
0.0656,3041
0.0239,4449
-0.0355,6843
0.14,230
0.543,30
-0.16,7504
-0.127,8015
0.0794,2482
-0.039,6944
-0.108,9784
-0.121,7314
0.0741,2891
-0.161,8083
-0.146,8057
-0.0868,9584
-0.029,5818
-0.108,7853
0.821,255
-0.113,7914
-0.1,7011
0.707,293
0.31,1321
-0.0456,6971
-0.109,8889
0.215,423
-0.116,8819
0.219,622
0.453,182
-0.164,9816
0.111,2566
0.0414,3451
0.021,3928
0.3,1029
0.0895,3434
0.0398,4081
0.659,454
0.0208,4457
-0.132,9441
0.0738,2509
0.247,429
-0.0413,6353
0.0402,3875
0.0374,3381
-0.0787,7552
0.348,538
0.16,894
0.25,510
0.269,2023
-0.0271,5736
-0.0605,9014
-0.0506,6541
-0.0859,7840
-0.1,7131
0.0638,3167
-0.0192,5530
0.0592,3725
0.0276,4251
0.00463,4860
-0.147,8289
0.0695,2924
0.00215,4910
-0.104,7126
-0.00134,5159
-0.24,9556
-0.154,8638
0.0637,3258
0.0156,4278
0.108,2283
0.00135,4900
-0.181,8941
-0.0427,5733
-0.215,8581
-0.0485,7738
0.209,232
-0.231,8752
0.136,1201
-0.0834,7118
-0.106,7102
-0.0602,7039
-0.0102,5337
0.0597,3397
-0.25,10206
0.333,319
-0.0222,5083
-0.00626,5201
0.251,1117
0.148,843
-0.318,9012
0.014,4572
0.0107,4552
0.107,832
0.252,163
-0.165,9204
0.175,2244
0.0359,4273
-0.00997,5327
-0.231,8821
-0.014,5484
0.0414,3999
0.111,1840
-0.0192,5415
-0.0214,5333
0.0206,4152
0.026,4270
-0.0284,6380
0.178,1223
-0.0251,6356
0.383,1708
0.295,11
-0.0145,5729
-0.275,9838
-0.115,7820
0.298,638
-0.082,3346
-0.0516,7446
-0.0356,6852
-0.0648,7267
0.023,4082
0.0684,2691
-0.399,10176
-0.0705,8431
-0.238,4722
0.412,345
0.0101,4492
0.145,227
-0.175,8830
-0.0293,6449
-0.272,10258
3.86,41
-0.164,6073
0.357,2255
3.92,37
-0.0262,4151
0.0229,4331
-0.119,7358
-0.126,8797
0.0312,4102
0.0181,4236
0.0395,2657
-0.443,8310
0.0113,4773
-0.328,10148
-0.195,6884
0.274,333
-0.00452,5318
-0.106,6110
0.0157,4575
0.0721,2834
-0.000467,4973
-0.0321,5825
-0.0556,7622
-0.0208,5638
0.127,2724
0.0686,3197
-0.101,6713
-0.268,10030
-0.0462,6971
-0.169,8520
0.0936,941
-0.289,10305
-0.194,6525
-0.158,9812
-0.123,9029
-0.0342,6157
-0.225,10131
0.16,2388
-0.121,8513
-0.125,8940
-0.0878,8152
-0.0147,5457
0.0529,4034
-0.058,6897
-0.108,6872
-0.15,8662
-0.0192,6000
-0.134,7225
0.0754,2673
-0.2,9293
-0.0521,6539
-0.00167,5148
0.122,1322
-0.022,5953
-0.335,10053
-0.0452,5953
-0.133,6074
-0.0341,8708
0.0557,3012
-0.134,7759
0.122,2820
0.124,2523
0.0767,3470
0.0988,1399
-0.176,10471
0.00906,3831
-0.0357,6384
0.033,4353
0.305,139
0.197,1634
-0.0633,8440
0.369,97
-0.0732,6808
-0.181,9504
-0.223,9307
-0.143,7715
-0.016,5754
0.126,1986
-0.0357,5745
-0.176,9032
0.0755,2932
0.0955,1442
0.138,969
0.0583,3920
-0.0423,6415
0.0801,3618
-0.105,8654
-0.198,9131
0.00559,4870
0.099,874
0.0543,3884
-0.169,8126
0.137,2375
0.419,907
0.0153,4417
0.287,234
0.0205,4375
-0.0807,5911
-0.00933,5082
0.0161,4673
0.0163,4527
-0.298,9577
0.199,2005
-0.252,10190
-0.263,9934
-0.0997,8087
-0.0263,6147
-0.0679,8880
0.309,335
0.0109,4822
0.112,2550
0.00682,5238
0.00446,4796
-0.136,8072
0.0871,2839
0.459,287
0.0102,4811
0.217,702
-0.0292,6365
-0.0368,6588
-0.0746,6935
-0.105,7774
0.00856,4667
0.0539,3186
-0.165,9329
-0.126,7885
0.0378,3946
-0.0566,5824
-0.114,8424
-0.124,8557
-0.12,9458
-0.143,7418
0.12,1520
-0.139,8345
0.196,1555
-0.043,6765
0.0454,3536
-0.0758,8541
-0.0709,7986
-0.11,9123
0.0846,2321
0.00059,4934
-0.00115,5417
0.315,78
0.0699,2522
-0.256,8851
0.816,54
0.0324,3859
0.13,1716
-0.0306,6445
0.0827,2738
-0.0379,6314
-0.00661,5104
-0.0733,7893
0.0733,1331
0.123,1195
-0.116,7048
-0.00155,5114
-0.157,7192
-0.119,7309
0.095,3189
0.134,706
0.549,773
-0.267,9265
0.0494,4197
-0.316,8845
4.94e-05,4909
0.147,718
-0.115,9103
-0.179,9553
-0.278,9650
0.0132,4935
-0.0841,8636
0.0324,4030
-0.0774,6235
-0.0219,5560
-0.0153,5340
-0.113,6424
-0.029,6709
0.0657,2949
0.274,497
0.138,1207
-0.255,10328
0.143,1819
-0.0484,7300
-0.0131,6033
-0.663,9106
-0.156,3852
0.198,3134
-0.203,9786
0.28,692
0.0988,2134
0.0165,4506
-0.179,8721
-0.0276,5829
0.0342,4157
-0.205,9510
0.338,155
-0.106,8620
-0.0246,4848
-0.392,8731
0.0487,3103
-0.103,7336
-0.104,8581
0.0265,4580
-0.0841,7098
0.0455,3752
0.0233,4393
0.16,1468
-0.0672,7156
-0.074,7984
0.11,2479
-0.0956,7923
-0.147,9804
0.0638,2794
-0.00191,5139
-0.0469,6524
-0.159,8501
0.0154,4307
-0.0211,6121
0.0552,3720
0.0726,3073
0.0565,3198
-0.107,8301
-0.114,8011
-0.0509,6717
-0.104,9435
0.132,3038
-0.144,9431
-0.104,7118
-0.457,9990
0.0354,3662
-0.196,9779
0.147,2446
-0.174,10094
-0.0487,7338
-0.0386,5756
0.256,58
0.089,2122
0.122,1929
-0.159,9816
-0.0578,6131
0.212,2306
0.147,127
-0.0777,7445
-0.135,8117
0.222,830
-0.18,9598
-0.101,8375
-0.0466,6629
-0.0441,6896
0.334,385
0.112,2891
-0.111,8167
0.364,354
-0.117,8699
-0.137,9947
-0.221,9120
0.235,56
0.372,759
-0.111,6903
0.0378,3687
0.153,840
-0.145,8472
0.17,787
-0.00823,5165
-0.0034,4880
-0.105,8359
-0.146,9932
-0.142,10095
-0.249,10182
-0.164,9673
-0.168,9546
-0.0643,7749
0.273,606
-0.167,10218
-0.386,7297
1.26,30
0.0835,2234
-0.0821,8847
-0.121,10013
-0.0815,8437
-0.113,6977
0.106,2464
0.0118,4740
-0.0981,10068
-0.183,10205
-0.211,9506
0.514,148
0.0508,3808
-0.143,9298
0.104,2218
-0.27,6029
0.196,788
0.185,1953
0.542,25
0.281,30
-0.246,9995
-0.103,4922
-0.0691,7902
-0.232,7947
0.383,473
0.0325,3418
0.12,2731
-0.41,7806
0.0911,3544
0.277,989
0.0251,4530
-0.165,9667
-0.109,7519
-0.236,10078
-0.0677,9092
0.0456,3607
-0.151,8150
-0.137,5873
0.0526,2823
0.0101,4687
0.158,420
-0.201,9078
-0.13,9205
-0.244,8854
-0.207,10348
0.138,1451
-0.049,6908
0.0128,4647
-0.0326,5513
-0.0964,7482
-0.123,7938
-0.111,9478
-0.188,10053
0.0215,4507
0.0108,4688
0.202,1264
-0.258,9278
0.00734,4875
-0.0551,6292
-0.0304,5765
-0.00129,4415
-0.0248,5892
0.116,2764
0.079,2427
0.106,1703
-0.00352,5149
-0.00642,5147
0.141,1812
0.433,561
-0.219,8996
-0.139,8935
-0.0438,6576
-0.0126,5090
-0.0454,6201
-0.144,9063
0.0468,3332
-0.115,8354
0.0685,2347
0.15,1689
-0.188,7830
-0.431,8114
0.115,1140
0.116,1010
0.0814,1827
0.0466,4057
0.0235,3755
-0.322,9119
-0.101,8110
-0.0612,7609
-0.144,7664
0.481,84
0.16,1508
0.18,1286
-0.135,8607
0.16,651
0.065,3974
0.598,73
-0.186,6500
-0.24,8857
-0.0572,7943
0.0328,4120
-0.0982,7236
-0.0383,6532
0.0776,2981
0.298,1489
0.206,800
-0.148,9281
-0.0359,6030
0.0696,2566
0.197,2585
-0.101,5912
0.11,1361
0.0379,3418
-0.184,9904
0.079,3061
0.144,2159
-0.034,5756
-0.06,7662
0.115,1989
-0.0979,7550
-0.388,9728
-0.108,8263
0.0252,3971
-0.186,10066
-0.0864,8027
-0.142,8982
0.0265,4693
-0.000533,4909
0.112,2006
-0.148,7943
-0.0359,6943
0.0863,2620
-0.0423,5998
-0.159,9239
-0.155,7789
-0.161,9487
-0.0312,5899
-0.259,10103
0.662,118
-0.00652,5197
0.515,63
0.144,430
0.0416,4145
0.668,303
0.207,1009
-0.0137,4968
0.0247,4283
-0.0708,7653
-0.028,5882
0.104,3057
-0.0234,6505
-0.206,8012
-0.0805,6483
0.118,2358
0.0599,2340
0.0239,4328
-0.109,7628
-0.0794,7007
-0.0503,6153
0.0847,2036
0.0974,2438
0.0414,1108
0.0192,2113
-0.0481,10167
0.0103,3080
0.00634,3885
-0.4,6015
0.414,257
0.0655,3702
0.096,2106
0.0782,2725
0.319,1293
0.0251,4693
0.081,3320
-0.00628,5346
0.175,1915
0.12,1882
0.294,1216
-0.0357,7606
-0.0736,7120
-0.19,9953
0.124,3611
0.303,2353
-0.291,8925
-0.337,8054
0.086,2986
0.114,2382
0.0409,4440
-0.0593,6175
0.0706,3593
0.103,3477
-0.0268,6098
-0.116,8814
0.0947,3637
-0.092,7705
0.0964,1881
0.0376,3575
0.0488,4299
0.305,480
-0.0672,7125
-0.0811,6290
0.0375,4177
0.0635,2562
0.00826,4556
-0.0164,5478
0.0109,4720
0.252,537
0.091,3223
-0.0586,6270
-0.172,9578
-0.068,6359
0.0536,3635
-0.0986,7494
-0.0125,5391
-0.0686,8008
0.0536,3600
-0.00293,4961
-0.155,10084
-0.0178,5359
-0.365,9639
0.0962,2113
-0.127,9251
-0.0468,6057
-0.105,8325
-0.104,7419
-0.134,7257
-0.0287,6162
0.0664,3235
-0.213,8144
-0.103,9137
0.529,14
-0.0948,8381
-0.166,10011
0.205,343
0.0993,1598
-0.214,10158
-0.138,8456
-0.0643,6225
0.0386,3375
0.0467,3140
-0.407,9745
0.0676,3692
-0.185,9828
0.141,1996
0.263,570
0.00491,4989
-0.141,9661
-0.239,7563
-0.152,9083
-0.0411,6851
0.0836,3882
0.0267,4255
-0.0936,5413
-0.0374,7374
-0.0287,6279
0.249,54
3.08,143
-0.284,6465
-0.251,7970
-0.382,9716
0.0784,2860
-0.401,9758
-0.145,9142
-0.054,6980
0.0255,4344
0.0164,4480
0.165,1326
0.258,473
0.268,477
0.223,341
0.0278,4243
0.0259,4019
-0.3,9951
-0.0272,6211
0.0652,3700
-0.0172,5240
0.0707,3278
0.062,3502
-0.0251,4076
-0.0905,3732
0.0479,3740
-0.273,8730
0.116,2777
-0.0233,5343
0.16,2234
0.0762,2855
0.0133,4573
0.0511,3010
-0.0247,5943
0.0648,1242
0.207,830
-0.124,7940
-0.0685,6768
0.0749,1862
0.0545,3533
-0.0314,6878
0.349,1111
-0.00139,5183
0.0831,3703
0.431,119
-0.0728,8745
0.083,2836
0.0157,4472
0.353,56
0.236,411
-0.215,8977
0.0357,3622
0.0157,4643
-0.0205,5027
0.056,3334
0.0428,3731
0.0203,4558
0.0418,2792
0.0792,2185
-0.329,6242
-0.188,5673
0.0814,3457
0.186,297
-0.0616,5970
-0.107,7096
-0.0774,6254
-0.136,7620
-0.153,9219
0.0124,4668
0.0357,3230
-0.304,10168
-0.751,9499
-0.135,6445
-0.0525,4975
0.0575,3059
-0.155,8979
0.133,1782
-0.0445,5434
0.0836,3936
0.0797,3872
0.185,237
0.0473,3362
-0.0801,6074
-0.248,10145
0.0515,4307
0.102,1831
-0.0787,8580
-8.36e-05,5099
-0.0275,7237
0.195,782
0.00764,4819
-0.00353,5400
-0.119,9541
0.00153,4687
-0.173,9296
-0.143,9717
-0.19,7902
0.233,2048
-0.115,8211
-0.0974,7690
-0.0318,6247
-0.19,9048
-0.156,8924
0.00541,4720
-0.104,7708
-0.00213,5261
-0.214,4469
0.0503,4053
-0.0696,5415
-0.195,8604
-0.253,9874
-0.0403,6249
-0.186,8457
-0.0966,7603
-0.065,7019
-0.177,9331
-0.0775,7626
0.0124,3779
0.142,2257
-0.358,6936
-0.315,8930
0.059,3358
-0.116,9520
-0.045,6697
0.082,3285
0.243,295
-0.489,10282
0.0416,3424
-0.351,10437
-0.0153,5792
-0.211,9470
0.0298,4389
0.112,3328
-0.157,8129
0.000857,4888
-0.0385,6494
-0.186,9491
0.00334,4915
-0.0177,5429
-0.219,7798
-0.0577,7117
-0.103,8631
-0.0891,6684
0.00473,4562
0.00868,4732
-0.0392,5493
-0.0289,5948
-0.0863,8197
0.344,485
-0.231,9893
-0.271,9368
0.0195,4741
-0.0483,6631
-0.0448,6911
0.00258,4913
0.366,221
-0.0234,6078
-0.376,8893
-0.0127,5850
-0.201,10316
0.151,2766
-0.152,8310
-0.0166,5531
-0.0626,6907
0.0567,3349
-0.0144,5293
0.0375,4114
-0.107,7789
0.0186,4038
-0.107,8876
0.0359,3735
0.0793,2432
0.171,594
-0.00869,5226
0.286,519
-0.19,9122
-0.0441,7093
-0.144,9521
0.0291,3880
0.462,312
-0.21,10120
0.0014,4699
0.17,1177
0.0263,3860
-0.149,7035
-0.0762,7059
0.137,1734
0.0966,3653
-0.146,8909
0.294,147
-0.21,8650
-0.0558,6904
1.33,395
0.19,821
-0.0164,5800
0.159,973
0.033,3867
0.278,463
-0.265,5205
-0.136,9500
0.116,2121
0.0406,3464
-0.0241,5084
-0.241,8242
0.00924,4753
-0.0244,5827
-0.0111,5508
0.173,951
0.147,1832
0.17,1612
0.336,285
0.166,661
-0.173,9994
0.037,3371
0.213,410
0.0286,4643
-0.0489,5957
-0.175,10379
0.164,324
0.0243,4386
-0.251,10358
0.154,2878
0.171,1809
-0.0308,5842
-0.0473,6403
-0.186,9468
0.333,476
0.0848,3557
-0.175,8135
0.0924,1759
-0.0405,6689
0.28,1300
0.0102,4769
-0.144,9389
0.432,288
-0.062,7236
-0.000507,5279
-0.347,10152
-0.0734,7192
-0.148,8529
-0.38,7865
-0.0902,6866
-0.0527,7811
-0.0555,7365
-0.0647,6805
-0.011,5621
0.0133,4607
0.0818,1047
-0.276,10202
0.0134,4550
0.437,1424
-0.492,9400
-0.02,5552
0.00834,4649
0.0103,4592
0.0446,3600
0.0566,2776
-0.159,7491
0.206,1105
0.157,526
-0.124,9602
0.325,439
0.391,525
-0.11,7793
-0.157,9452
0.0978,1238
-0.0372,6177
0.216,1035
0.00683,5099
-0.0646,7355
-0.211,8181
-0.165,9247
0.393,546
-0.104,8768
0.428,175
0.254,7
0.00786,4837
0.0334,3307
-0.241,9645
-0.0377,6066
0.0679,2478
-0.477,9646
0.185,1314
0.0431,2440
-0.163,9785
-0.196,9719
-0.0915,7327
-0.122,7283
-0.0185,5287
-0.0157,5835
0.0339,3585
-0.0286,5561
-0.309,9769
0.0234,4579
0.0206,4360
-0.162,9312
0.0207,4038
-0.17,5855
-0.137,8577
0.266,1580
0.00434,4937
0.326,101
-0.372,9366
-0.00893,5713
-0.107,6911
0.0473,4081
0.00401,4883
-0.00329,5350
-0.0471,6550
-0.123,8652
-0.0795,8361
0.0672,3605
0.127,1370
-0.0936,9001
-0.0839,8490
-0.0379,6973
-0.295,8695
-0.0895,7346
-0.0191,5938
0.0627,2998
0.122,1814
-0.207,4122
0.232,2208
-0.248,9532
-0.131,4856
-0.0431,6628
0.391,275
-0.0383,6616
-0.118,8791
-0.152,8794
0.113,2333
0.471,235
-0.183,10418
0.0184,4349
-0.162,9263
-0.241,8945
0.0531,3923
-0.223,10109
0.00508,4865
0.108,2189
0.217,433
0.0767,2702
-0.0152,5643
-0.17,10359
0.0803,1895
-0.23,10292
-0.259,9591
-0.0777,5537
-0.332,9295
-0.0508,6560
0.106,1936
-0.154,8406
0.014,4571
0.0237,4323
-0.225,9131
-0.17,9040
0.219,548
-0.0711,7027
-0.596,9510
0.173,1062
0.774,57
0.0309,3796
0.241,232
0.0302,3959
-7.73e-05,4849
-0.0143,5848
0.124,2313
-0.0598,8445
0.103,1859
0.148,1127
0.083,2657
-0.17,9836
0.386,430
0.293,767
-0.0699,5911
-0.354,10351
-0.0858,7283
0.353,863
-0.776,10199
-0.0475,6583
-0.27,9182
-0.0347,6139
-0.12,8140
-0.126,8037
-0.15,6744
-0.0105,5274
-0.131,8785
-0.122,8203
0.359,1381
-0.114,9324
0.261,405
0.0795,1754
0.153,1150
-0.273,8560
-0.0576,6708
-0.364,9147
0.125,1311
0.157,39
0.0176,4551
-0.104,8058
-0.0302,5469
0.00224,4932
0.234,108
-0.0361,6692
-0.00909,5103
-0.019,6092
0.189,221
-0.0671,8158
0.00852,4863
0.0967,1706
0.246,560
0.263,1280
-0.182,8744
-0.187,10278
0.0785,2595
0.00141,4812
-0.162,9495
-0.111,7709
-0.148,7401
0.503,76
-0.0926,8412
0.132,1272
0.0829,3054
0.226,240
-0.256,8447
-0.124,9735
0.00467,4975
0.0563,2595
0.135,2650
0.0434,3615
0.063,4014
-0.0766,7626
-0.0663,8726
0.107,1029
-0.0128,5443
0.00369,4853
0.274,442
0.343,988
-0.0458,6310
0.0377,3814
-0.0584,6364
0.13,1523
-0.0735,6110
-0.0714,6487
0.0546,3814
-0.0488,7607
-0.066,7310
-0.15,9130
0.0153,4614
0.364,297
-0.015,5198
0.216,158
-0.361,10358
0.00378,5117
0.0214,4342
0.199,1667
-0.165,9353
0.102,2248
-0.334,10218
0.154,1107
-0.0123,5334
0.167,3404
0.447,142
0.332,62
-0.000699,5199
-0.0497,6631
-0.225,9469
0.147,806
-0.119,8828
0.0152,4581
-0.206,6979
-0.908,9066
-0.118,5495
-0.143,8135
-0.0767,6118
0.127,3221
0.0243,4509
0.181,1219
0.0902,3042
0.136,1741
0.0227,3814
-0.213,9312
-0.0557,6202
0.00633,4841
0.0972,3108
0.0783,2287
0.12,816
-0.0247,5433
-0.141,8862
-0.0478,5930
0.0853,1407
0.0454,4088
0.223,114
0.388,760
-0.147,9649
-0.206,9448
0.0918,2363
0.236,30
0.084,2118
0.44,14
-0.0301,6086
-0.318,9179
0.967,624
0.0704,2039
-0.0498,8131
-0.135,7995
-0.138,8726
-0.232,6076
-0.0623,4728
-0.0661,7778
0.0649,3032
0.0432,3780
0.0941,1606
0.00553,5007
-0.0011,4938
-0.0792,7977
-0.0385,7316
-0.0726,8845
-0.0695,7845
0.171,366
-0.056,7130
0.0861,348
-0.0574,7191
-0.283,9274
0.0257,3876
0.462,598
-0.0936,7822
0.0116,4686
-0.0991,8393
-0.238,9597
-0.0145,5366
-0.0718,7986
-0.0239,5381
-0.0559,8165
0.0638,3022
0.0238,2705
-0.169,6990
0.00226,5578
0.13,2220
-0.132,8535
-0.215,7293
0.0963,3152
-0.22,9720
0.112,2343
0.205,2357
-0.104,7640
-0.148,6596
-0.244,9687
-0.00188,5118
0.000818,4650
-0.044,5188
-0.32,10364
0.0884,2949
-0.16,8682
-0.0812,7679
-0.116,8230
-0.324,7545
0.496,1381
-0.133,7456
-0.00851,5557
-0.0868,7669
-0.0165,5845
-0.261,10381
-0.0209,5600
0.0105,4825
0.269,614
0.0154,3793
0.125,2161
0.16,877
-0.195,8651
-0.0833,7475
-0.232,9175
0.0164,4172
0.0584,2068
-0.169,9784
-0.0117,5630
-0.154,9735
1.12,10
-0.0589,6477
0.139,1176
0.039,3905
-0.0747,7088
-0.227,8842
0.216,2458
0.0765,2421
0.0511,3030
-0.0451,6635
-0.107,7592
-0.0586,6844
-0.0321,5661
-0.0347,6288
0.00473,4844
0.178,943
-0.26,10273
-0.162,6914
-0.127,8658
0.107,1403
0.0214,4293
-0.0537,6253
0.084,2612
-0.133,8497
-0.0029,4764
0.0239,4397
-0.0861,9531
-0.298,9841
-0.00148,5267
-0.262,9808
0.0935,3275
0.00247,4973
-0.171,9767
0.0558,3339
0.0443,3997
-0.0481,5864
-0.325,9258
-0.0095,5605
0.0425,2436
0.163,756
-0.141,9458
0.487,979
0.0441,3132
-0.155,10072
0.107,2846
-0.243,10041
0.259,1203
0.495,188
0.00225,4804
0.13,1779
0.00387,4940
0.0661,3393
0.125,1204
-0.0258,5464
-0.22,9987
0.0428,3681
-0.0219,6233
-0.0496,6040
0.0378,4406
-0.0709,6436
-0.0389,6358
0.0811,1275
-0.113,9867
-0.345,9784
0.924,130
-0.222,8694
0.0118,4733
0.29,731
-0.0427,6969
0.193,208
-0.0112,5538
-0.021,5615
0.186,762
0.17,1003
-0.0639,6575
-0.281,9033
0.0156,4664
0.305,1324
-0.0468,6151
-0.101,9281
0.136,2528
0.268,656
0.0277,3318
0.558,589
-0.179,8862
-0.0994,9504
0.0922,2143
-0.0313,6525
-0.545,7721
-0.411,9317
-0.192,8615
-0.051,7029
0.0289,3978
0.0475,3967
0.56,357
-0.148,9932
0.000988,4923
0.0682,3698
-0.0525,6886
0.123,627
0.206,632
0.127,2017
-0.129,9359
-0.13,8720
0.229,170
0.174,928
0.176,646
-0.144,8088
-0.335,9692
0.00963,4658
0.197,960
0.223,920
0.0524,3322
-0.0698,6517
-0.246,10000
0.0674,1519
0.0939,906
-0.248,7471
-0.261,5192
0.201,2941
-0.19,8851
0.0274,3680
0.0684,2394
0.188,868
-0.168,8933
-0.141,9010
-0.14,9357
-0.026,6208
-0.00542,4914
-0.0705,7039
0.306,334
-0.0858,8113
0.133,1990
0.153,1446
-0.0362,6448
0.018,4224
0.332,328
0.327,196
-0.0592,6378
0.104,2029
-0.0261,6469
0.0994,2515
0.085,3066
-0.224,8508
0.793,487
0.0922,2252
-0.157,9711
-0.15,7321
-0.0125,5337
0.0139,4629
0.188,874
0.00949,4524
0.116,1120
-0.00112,5090
-0.286,9584
-0.0386,6124
0.257,581
-0.182,9995
-0.0451,6990
0.0264,4193
0.13,2085
0.02,4047
-0.3,8957
0.0585,2414
-0.143,9360
0.167,1837
-0.0377,5401
-0.123,8623
-0.109,7379
-0.0139,5703
-0.174,8611
-0.00451,5086
-0.0423,6329
-0.254,9354
-0.147,8483
0.0727,2544
0.212,367
-0.162,9619
0.0898,2724
-0.185,8385
-0.0781,8419
-0.0991,9477
-0.364,10023
-0.0146,4853
-0.147,9296
-0.0386,6256
-0.159,9515
0.431,22
0.0169,4284
0.127,2506
-0.0525,6120
-0.0507,6534
-0.0402,6510
-0.0732,6379
-0.0583,6290
0.0569,3603
-0.307,9388
0.218,2062
0.139,823
0.0498,3584
-0.132,9250
-0.244,10253
0.0808,3281
-0.0364,5572
0.0595,2327
0.108,1445
-0.219,8404
0.073,1946
-0.201,9197
0.188,1813
-0.0638,6928
0.204,806
-0.0532,8469
-0.222,10128
-0.0884,8529
-0.0694,7277
0.0735,2297
0.0141,4519
0.367,399
-0.155,8930
-0.0907,7918
0.0956,3785
-0.487,10314
0.0583,2854
0.125,2028
0.263,478
-0.0601,6912
0.26,1261
-0.106,7835
0.0426,3354
-0.137,7110
-0.08,7913
-0.177,9555
0.21,1180
0.0292,3994
-0.0732,7623
0.107,1159
-0.0456,5585
-0.0321,5410
0.506,139
0.175,1066
0.16,1008
-0.0231,6143
0.48,209
-0.145,8553
0.222,1029
0.165,1403
-0.015,5731
-0.149,6988
-0.0335,5623
-0.381,10219
0.204,2819
-0.104,7790
-0.0271,5828
0.0501,3689
0.0894,2632
-0.137,9685
-0.0974,8850
0.018,4637
-0.0351,5984
0.11,2435
0.0525,2567
0.122,411
0.0952,1497
-0.0332,5483
0.0266,4431
-0.172,8282
-0.185,9996
0.0965,399
-0.137,9594
-0.201,9525
-0.172,7644
-0.104,6828
0.0424,4279
-0.071,7337
0.0708,1914
-0.0167,5365
-0.211,9603
0.0936,2491
0.222,339
0.0272,3694
0.0168,4384
-0.112,5396
-0.0663,6498
-0.0109,5154
0.0476,3747
0.0192,4451
-0.206,9889
-0.101,7262
-0.231,9940
0.247,71
0.0387,3212
-0.147,9251
-0.249,9971
-0.111,8080
0.381,418
0.0575,3037
0.131,2019
0.288,625
0.14,2313
-0.248,8921
-0.106,8472
-0.195,8874
-0.0104,5247
-0.0794,7154
-0.00168,5150
-0.029,6493
-0.0939,7925
-0.713,8232
0.206,918
-0.0978,5131
-0.132,10126
-0.101,9214
-0.495,6976
-0.148,3853
-0.0917,7129
0.139,2432
-0.08,6013
0.133,1254
-0.0401,6654
0.108,2980
0.000706,4943
-0.107,7348
-0.164,10058
-0.00218,5173
0.123,2551
-0.0691,7113
-0.146,7960
-0.241,6258
0.046,2892
-0.0795,7662
0.269,440
0.12,3158
-0.212,9811
-0.122,8010
-0.0764,8825
-0.0161,5309
-0.0757,6680
0.0175,4689
0.651,160
-0.153,8028
-0.218,9658
0.0596,2948
-0.0825,7811
-0.0462,6269
-0.0609,7413
0.212,831
-0.0388,8724
-0.00061,5251
-0.00588,4998
-0.0277,5661
0.0427,3128
-0.0849,7371
-0.0355,6698
0.0894,1843
-0.26,8179
0.482,433
1.16,32
-0.00247,4988
0.157,1790
0.0384,4028
0.0764,3337
-0.0406,5727
-0.0213,5474
-0.189,9318
-0.116,8811
0.219,1275
-0.0914,7151
-0.23,8119
0.172,1451
-0.117,7732
0.243,54
-0.0402,6365
0.0434,2983
-0.157,9630
-0.125,8148
0.0874,3030
0.0108,4597
-0.0524,7128
0.181,476
-0.126,8186
0.502,1020
-0.0132,5762
0.0495,3604
-0.137,9784
0.0144,4826
-0.242,8216
-0.109,8541
-0.00184,4729
0.273,113
-0.186,8650
-0.0376,6255
-0.14,9593
0.0283,3701
0.0784,2908
-0.109,8696
0.251,324
-0.193,9037
-0.00937,5329
0.0827,3029
-0.172,8937
0.0811,1282
0.0064,4894
-0.0185,5347
0.134,2036
0.0852,1558
0.127,1371
0.101,1851
0.0201,4403
-0.0192,5326
-0.0352,6111
0.155,2459
-0.308,10037
-0.0751,7227
0.0551,2483
0.195,1167
-0.418,8362
0.0435,4276
0.0286,4255
-0.0621,6396
-0.112,8631
-0.0363,5859
-0.0272,5360
-0.0125,5617
0.184,882
-0.152,9037
0.0433,3129
-0.475,7521
-0.0621,6657
0.196,958
0.332,1951
-0.0294,6234
0.23,1382
0.172,956
-0.0271,5912
-0.0495,6794
0.0359,4196
-0.0658,8751
-0.0292,6342
0.181,1797
0.788,5
-0.0264,5773
-0.111,9266
0.0795,1814
-0.105,9946
-0.0536,6952
0.101,2649
-0.0218,5945
-0.122,8354
0.00309,4947
-0.00705,5527
0.171,800
-0.101,7282
0.147,2496
-0.215,10359
0.0689,2816
-0.201,9556
1.48,92
0.101,1352
-0.168,7255
0.242,353
-0.0756,9300
-0.237,8140
0.048,3939
0.0638,2848
-0.0288,6339
0.0499,3799
-0.0266,6446
-0.103,8016
0.274,1471
-0.31,9829
-0.109,6613
-0.0363,5307
-0.124,9002
0.167,342
-0.00813,5462
-0.123,7588
0.0733,3334
-0.0423,6203
-0.102,8126
-0.0796,7494
-0.24,9936
-0.0324,6226
0.176,2301
-0.21,8516
-0.012,5416
-0.0151,5914
-0.089,6762
0.109,1536
-0.352,9952
0.322,2170
0.0766,1894
0.285,700
0.0242,4287
-0.0481,6837
-0.0618,6842
-0.144,6884
-0.254,9803
0.28,879
-0.00316,5310
-0.164,8914
0.0914,2962
0.113,1534
0.131,1237
0.331,980
0.355,895
0.00957,4716
-0.134,6744
0.289,825
-0.0359,7487
-0.129,9153
-0.169,9760
0.153,667
0.108,2471
-0.0656,7399
-0.17,8569
-0.196,10351
-0.0231,5830
-0.41,10301
-0.0926,6272
-0.0898,8208
-0.0295,5705
0.411,119
0.0265,4318
-0.00887,5167
0.181,634
0.00567,4708
0.0394,3069
0.00722,4581
-0.121,9858
-0.212,10401
-0.0976,8866
0.0321,4059
-0.146,6931
-0.154,8244
-0.0241,6071
0.239,1100
-0.393,10064
0.23,1071
0.0726,3392
0.00938,4566
0.0388,4126
0.0369,3922
-0.274,9863
-0.137,7443
-0.0833,7259
-0.0873,7356
0.0687,3001
-0.115,7668
0.0748,2448
-0.101,8645
-0.0611,7219
0.0281,4087
-0.0364,5899
-0.014,5779
0.344,1218
0.0916,3089
-0.0104,5302
-0.0582,7694
0.201,1950
-0.0373,6717
0.155,1641
-0.0116,5724
-0.252,9854
0.131,576
-0.183,9341
0.242,284
0.35,471
1.01,69
-0.00994,4989
0.632,16
-0.0966,7510
-0.151,7947
-0.297,6553
-0.181,8631
-0.0292,5064
-0.055,6892
-0.0458,6308
-0.228,10364
-0.0519,7465
0.702,53
0.0638,1871
-0.0205,6813
0.353,430
-0.235,9152
-0.103,9736
-0.112,6155
0.0155,4307
-0.0484,7208
0.234,790
0.126,2340
0.0696,3558
-0.0916,6868
0.0942,2791
0.15,856
-0.0844,8057
0.144,1164
-0.0369,5681
-0.202,9552
-0.104,7664
-0.0363,6907
-0.259,10314
0.549,370
0.277,964
-0.0106,5203
0.13,511
0.0318,3881
-0.111,9331
-0.289,9567
0.0444,4090
0.00191,4882
-0.0424,7287
-0.0812,9443
0.0968,3379
0.396,711
-0.0981,6276
-0.144,7298
0.684,240
0.0529,3636
0.0426,3879
0.12,1953
-0.302,9197
-0.0289,6022
0.0219,4141
0.00254,4797
0.0257,4408
-0.125,9393
-0.196,8043
0.321,1589
0.0844,1642
0.376,39
0.0261,4461
-0.0324,5843
-0.151,8651
-0.0901,7296
-0.0124,5575
-0.00146,5035
0.0193,4486
-0.326,10261
-0.485,9119
0.0776,3414
0.255,287
0.0413,4176
0.0889,2576
-0.169,9329
0.0422,3872
-0.07,7574
-0.148,9194
0.169,984
0.0467,3683
-0.25,7270
-0.0653,7079
0.445,129
-0.0157,5635
0.151,218
0.25,678
-0.1,7187
0.098,1743
0.565,105
-0.035,7191
-0.0639,8427
-0.081,6447
-0.0513,6529
-0.221,9905
-0.129,8626
0.388,252
-0.0139,5661
0.0514,3649
1,28
-0.0972,7498
0.134,3106
-0.323,10325
-0.0906,9006
0.112,2754
0.295,193
-0.0306,6060
-0.349,8649
0.0135,4626
0.0212,4056
0.147,1506
-0.0204,5591
-0.0619,6642
0.0376,4137
0.293,440
-0.0133,5660
-0.0766,7303
-0.158,9784
-0.222,9169
0.0655,2777
-0.133,9659
0.133,1054
-0.265,8151
0.569,157
0.00418,4848
0.0266,4153
-0.0466,7615
0.0244,3809
0.0293,4325
-0.0528,5885
-0.465,8986
-0.235,6275
0.0758,2742
-0.163,10318
0.123,2184
0.000641,5139
0.0436,3760
0.153,2579
-0.0124,5522
-0.0132,5708
-0.167,9296
-0.214,9641
0.108,1991
0.172,2294
-0.0108,5333
0.0372,4017
-0.015,5139
-0.215,9984
0.169,1158
0.263,645
-0.0179,5750
-0.0971,8602
-0.254,10242
-0.177,9280
-0.0679,6324
-0.239,10068
-0.00801,5661
-0.176,6913
0.072,2205
-0.0515,6278
0.103,2762
-0.116,6705
-0.145,9384
-0.0145,5786
0.248,1474
0.366,719
0.327,738
0.444,1033
0.0245,4509
-0.0243,5702
0.118,2943
-0.2,9442
0.187,1513
-0.0642,7367
-0.0104,5699
0.128,2247
-0.0571,7748
-0.292,9847
0.0731,3235
0.0153,4772
-0.113,8456
-0.0357,4914
-0.196,9324
0.101,2640
0.0348,3765
-0.0917,7961
-0.156,10113
-0.136,7888
-0.177,9711
-0.118,6397
-0.0521,7995
0.0901,2566
0.0351,3861
0.143,1532
-0.138,8559
-0.0728,6621
-0.206,9639
-0.0969,7791
0.585,163
0.126,2690
-0.0143,5278
0.1,2803
-0.127,8949
-0.0287,5983
0.0808,1280
0.171,2463
-0.0441,4526
-0.434,10132
-0.167,9561
0.157,1693
-0.0881,8301
0.0623,3220
-0.0891,7170
-0.43,10271
0.203,640
-0.0507,6915
0.0029,4836
0.139,1927
-0.0203,5754
-0.232,8336
-0.18,7492
0.103,2061
-0.0179,5992
-0.0771,8547
-0.125,8625
-0.484,10181
-0.447,9314
-0.0448,7436
-0.0293,6786
-0.182,8708
-0.164,8204
-0.319,8020
-0.0651,7133
0.135,1457
0.122,895
0.298,385
-0.0987,6909
0.0171,4197
0.119,636
0.0295,3380
0.05,3236
0.000158,5076
-0.235,10364
-0.103,8089
-0.198,9930
0.134,1936
-0.0614,7346
-0.0486,6059
-0.108,8094
0.159,2199
0.163,2234
-0.173,9274
0.179,896
-0.0751,7239
0.304,888
-0.332,7408
0.146,1936
0.311,144
-0.283,10065
-0.157,7563
-0.115,10217
-0.108,8781
0.314,216
-0.147,10188
-0.0354,6783
0.0328,4535
-0.189,9647
0.217,964
0.165,1594
-0.114,8182
-0.0215,5520
-0.158,9325
-0.161,8907
-0.144,8448
-0.0264,5515
-0.324,10142
-0.0412,6006
-0.111,8158
-0.193,6365
0.0326,4389
0.0756,3600
0.0566,3848
-0.00527,5274
0.0977,2694
0.0358,3732
-0.186,8354
0.0187,4050
-0.119,9376
0.0862,1088
0.29,1039
0.411,800
0.0503,2712
-0.23,9835
0.0343,3556
0.0451,3850
-0.178,9015
-0.0234,5732
-0.151,6779
0.864,16
0.0865,2182
-0.0509,7666
0.0463,3606
-0.0983,9568
0.0105,4596
0.0953,1978
-0.272,9597
-0.0559,7161
0.331,36
0.0598,3353
-0.177,9626
-0.0169,5800
-0.226,8697
0.111,1956
-0.14,6764
-0.202,8187
0.126,597
-0.187,9852
-0.0618,6530
-0.117,9085
-0.00765,5314
-0.0318,6006
0.15,1077
-0.215,9887
-0.0265,5763
0.47,441
-0.124,8971
-0.0281,5985
0.29,64
-0.11,7361
-0.0913,8054
-0.0482,7254
-0.0379,6343
0.208,476
0.228,872
0.147,2599
-0.223,9653
-0.233,8827
0.037,3581
-0.00933,5591
-0.264,8792
0.237,774
-0.134,8121
-0.0208,5837
-0.0183,5547
-0.145,8240
-0.127,8621
-0.0888,8030
-0.118,6941
0.278,70
0.0251,4314
-0.0347,6938
0.0308,3655
-0.201,9155
-0.174,8190
0.165,1885
0.154,2330
0.111,1397
-0.0897,7266
0.333,134
-0.111,8806
-0.0493,5891
-0.0627,8635
-0.136,9698
-0.252,7801
-0.156,6556
-0.0177,5351
0.0788,2692
-0.00194,5268
-0.182,10340
0.239,2445
-0.102,5990
0.0427,3876
-0.119,7718
0.0988,2311
-0.23,9312
-0.102,3733
-0.55,7653
-0.385,6121
-0.183,7185
0.196,381
-0.23,9614
-0.211,9927
-0.373,6534
-0.357,10196
-0.106,8876
0.0957,488
-0.0426,6083
0.018,4680
0.0123,4609
0.0859,3771
0.169,1119
-0.0966,8578
-0.0658,6097
-0.153,9112
0.178,2556
-0.0363,6486
-0.268,10265
-0.0638,7452
-0.143,8108
0.0787,3288
-0.344,10103
0.0536,2451
0.0741,3480
-0.134,9824
0.12,2094
0.202,1217
-0.167,9605
0.0154,4694
-0.0213,5354
0.068,2953
-0.191,10060
0.0293,4367
-0.343,8902
0.0642,3337
0.0333,2638
0.0169,4454
-0.281,9573
-0.256,10080
-0.313,9544
-0.119,9467
-0.123,8922
0.373,440
-0.295,9623
0.113,1789
-0.227,8227
0.448,262
-0.031,6403
0.0861,2910
0.0112,4855
0.0729,2466
0.404,1576
0.1,1630
0.0469,3375
0.0818,2902
-0.122,8405
-0.247,9723
-0.0521,6403
0.0456,4049
-0.0526,6093
0.00499,4723
-0.15,8395
-0.206,8687
-0.208,7945
0.185,1671
0.087,2130
-0.079,7568
-0.234,10112
0.28,344
-0.154,8049
-0.146,10152
-0.0295,5977
0.186,1667
1.51,9
0.309,1788
-0.00268,5074
-0.102,8118
-0.00599,5682
-0.006,5552
0.792,108
-0.232,7603
0.173,1184
-0.198,8577
-0.106,6884
-0.0103,5220
-0.168,7881
0.373,1273
-0.0135,5633
0.0545,3282
-0.135,9566
-0.0677,6609
-0.129,8494
-0.0316,5907
-0.0262,6091
-0.154,8427
0.0628,2080
0.306,807
-0.0631,6469
-0.273,9115
0.457,130
-0.0932,9069
0.0331,3261
0.117,2751
-0.169,8728
0.037,4234
-0.0207,5731
0.293,59
-0.0372,6743
-0.011,5261
-0.272,10128
0.258,1642
-0.0667,6722
-0.157,10447
0.0611,2482
0.141,2312
-0.0905,7533
0.0763,2824
0.111,2602
0.269,268
0.198,451
-0.0314,6096
-0.252,7269
0.319,1590
-0.112,7744
-0.0749,7533
-0.0432,6587
-0.216,10153
0.0265,4407
0.189,722
-0.119,7635
0.0119,4351
-0.0664,7847
-0.0718,6671
0.201,505
0.121,1966
-0.126,7663
-0.0588,8549
0.114,2350
0.203,2022
0.0107,4681
0.0158,4854
0.193,2722
-0.0445,6707
0.0254,4466
0.276,541
-0.173,9441
0.105,2428
0.114,2559
0.208,154
-0.0536,7557
-0.223,10229
-0.15,8561
0.369,593
-0.15,8934
0.0661,1425
0.158,1003
-0.0386,6146
0.107,1717
0.0241,4182
0.296,627
0.458,303
-0.0638,8272
0.0724,2922
-0.137,8662
0.114,1937
-0.17,7743
-0.145,10142
-0.0238,6152
-0.166,9614
-0.0654,6269
0.153,2567
0.267,1994
-0.0214,5912
-0.1,8168
-0.0877,8467
0.0271,4047
0.439,26
-0.159,8868
-0.0614,7910
-0.0875,8897
-0.187,10042
-0.144,8394
1,188
-0.224,9732
-0.0718,7310
-0.00623,4942
-0.071,7226
0.231,1529
0.151,1678
0.925,459
-0.227,9988
-0.096,8121
0.0228,4449
-0.0751,7425
-0.24,8391
-0.211,9495
-0.106,8554
-0.132,10213
-0.041,6549
0.0895,2404
0.0926,3319
-0.131,6435
-0.0478,6426
0.0209,4253
0.511,747
-0.247,7466
0.171,1141
-0.104,8349
-0.0766,7106
0.0504,3711
-0.145,8835
-0.0822,7217
0.0116,4573
-0.138,7816
0.182,679
0.0366,3797
-0.154,9226
0.0623,2829
-0.243,8949
0.13,3285
-0.0253,6032
-0.00792,5896
0.0236,4445
0.104,2421
-0.0742,7936
-0.0813,8754
-0.159,10218
-0.138,9045
0.151,1152
-0.237,9811
0.163,2635
0.0807,393
0.168,183
-0.139,9472
0.0742,3776
-0.0143,5229
-0.113,8022
-0.222,9421
-0.086,9222
0.0444,3521
-0.0382,6129
-0.151,8166
0.0721,3502
0.0891,2014
-0.0219,6452
-0.00043,5329
-0.156,8662
0.0686,3297
-0.269,8798
0.227,1690
0.156,2129
-0.117,9932
0.324,1142
-0.188,9558
-0.2,7902
-0.0114,5847
0.0187,4439
-0.127,9366
0.147,2396
-0.198,8019
-0.0359,6033
-0.132,9461
0.156,97
-0.105,8590
-0.0249,5615
-0.296,9035
-0.294,8705
-0.279,9725
-0.21,10275
-0.0704,8149
-0.204,7677
0.657,90
0.0124,4928
-0.0675,6156
0.00963,4670
-0.189,9678
-0.151,8895
-0.0141,5340
0.111,2502
0.128,1577
0.134,3203
-0.11,8187
-0.0373,5476
-0.00911,5567
0.592,374
-0.0787,6667
0.0397,2448
-0.118,8119
-0.659,9497
0.082,3757
0.465,521
0.0227,4549
-0.011,5727
0.0265,3808
0.0195,3805
1.24,406
0.492,2385
-0.233,9546
-0.348,9117
-0.263,8500
-0.186,7751
-0.414,9974
0.114,1821
0.124,1660
-0.0758,4008
-0.471,7019
-0.188,7662
0.156,406
0.148,820
1.92,213
-0.208,7601
-0.354,9237
0.225,1730
0.112,2366
-0.0379,3554
-0.19,7370
-0.137,10191
0.269,710
0.18,890
-0.272,9912
-0.366,6673
0.203,1123
0.0406,4382
-0.0226,5500
-0.0982,7789
-0.0674,4709
0.629,368
-0.00853,5303
-0.061,5038
-0.00632,5442
-0.105,8229
-0.308,8644
0.00398,4913
-0.25,9478
-0.0689,4102
-0.0178,5643
0.0953,1893
-0.119,8229
-0.0595,7709
0.0292,4158
-0.0625,6549
-0.201,10336
0.0795,2095
-0.0355,5728
-0.234,9330
-0.123,8023
-0.209,9620
-0.142,9182
0.0201,4470
0.00262,5024
0.0887,1822
-0.06,8750
0.0057,4902
0.111,1710
-0.0442,6502
-0.0399,6756
0.0358,3165
0.115,1740
1.43,392
-0.268,6070
-0.229,7128
-0.132,5918
-0.136,6095
0.0564,3415
0.0155,4541
0.289,1412
0.279,212
-0.116,8815
0.0661,1774
-0.106,7930
0.00688,4784
0.000672,4930
0.127,2352
-0.0307,6216
0.0371,4120
-0.204,6608
-0.0673,7456
-0.226,10205
-0.198,8660
-0.211,10401
0.0953,791
-0.0235,5826
-0.101,7640
-0.122,9386
-0.0585,6964
0.0269,4423
-0.21,9370
-0.0165,6224
-0.0733,6568
-0.191,9930
-0.105,7656
-0.0428,7783
-0.0973,7746
0.0464,3932
-0.0413,6685
0.19,2045
0.0499,3828
0.000149,5065
0.0299,2078
0.206,965
0.241,1164
-0.0834,8712
-0.0686,7413
-0.144,8275
0.00692,4680
-0.0937,7493
0.0629,4006
0.171,2077
-0.089,7765
0.194,529
0.158,2136
-0.0774,7643
-0.28,9316
-0.173,8733
-0.39,10186
0.0204,4031
-0.0264,6439
-0.0596,7002
-0.0862,7499
-0.201,8923
-0.184,8742
0.0414,3876
0.224,227
-0.0121,6040
-0.000631,5101
0.146,1937
-0.195,10253
-0.00547,5239
-0.0835,7738
-0.0236,5696
0.0353,4265
-0.121,6739
-0.276,6977
0.176,189
0.0717,2350
-0.0838,8662
0.206,643
-0.147,6543
-0.0842,9026
-0.0654,8917
-0.222,9973
0.0662,3488
-0.00736,5037
0.0347,4223
-0.0704,7059
0.00811,4829
-0.111,9666
-0.0466,6757
-0.143,8942
0.181,2862
-0.385,8744
-0.02,5838
0.0662,1918
0.068,3751
-0.252,9580
0.634,587
-0.225,7089
0.22,1259
0.0944,3216
0.427,1397
-0.281,9986
-0.508,8863
-0.0723,6595
0.0876,3404
0.186,2599
0.17,940
0.0489,3056
0.673,101
0.271,1049
-0.0689,9525
-0.0848,7030
-0.116,9771
0.091,2086
0.306,747
0.0652,3293
0.103,953
0.176,522
0.139,1878
0.03,4170
-0.234,9558
-0.154,9364
-0.0219,5806
-0.111,9560
0.00115,5013
0.0448,3835
0.0422,4200
0.0633,3177
-0.0602,7923
-0.043,6318
-0.134,8991
0.166,361
-0.106,7121
0.0651,3971
-0.272,10474
0.0756,1628
0.206,1208
-0.327,10381
-0.0271,6768
-0.00112,5300
0.0701,1862
-0.146,9596
-0.12,6777
-0.0946,6952
0.213,1555
-0.204,9361
-0.031,5864
0.163,38
0.313,166
0.196,594
-0.095,7958
0.224,982
0.0219,4358
-0.0115,5617
-0.157,8967
-0.0492,7151
-0.0608,6716
-0.0324,5626
-0.0439,6867
0.101,2217
-0.241,9874
0.24,1698
-0.298,9712
-0.0435,6435
-0.0223,5697
0.0783,3431
-0.122,7926
-0.197,10418
-0.0506,6583
-0.204,7680
-0.316,9670
-0.0157,5578
-0.0274,5531
-0.173,9453
-0.116,7217
0.198,986
-0.0559,6418
-0.0356,6208
0.0491,3995
-0.22,8929
-0.224,8303
0.0756,3306
-0.0492,7772
-0.125,8265
-0.118,7870
-0.156,8255
-0.15,2487
-0.0415,7314
-0.0508,6988
0.0263,4221
0.238,1656
0.715,1242
0.206,1858
0.521,408
0.0135,4611
0.372,327
-0.334,9480
-0.208,10294
-0.00284,5213
0.0233,4471
0.0961,2885
0.192,288
-0.146,9611
-0.121,9352
0.0179,4486
-0.266,10066
-0.0781,8687
0.0473,4201
-0.168,9101
0.135,2188
0.157,2324
-0.044,5099
0.0772,3245
0.0999,529
-0.12,8114
0.0888,2590
-0.107,8647
-0.186,9192
0.0233,4513
-0.0378,7743
0.0502,1993
-0.0896,3942
-0.212,4287
-0.252,6399
-0.437,7851
2.46,112
-0.0215,3186
0.0343,4344
0.124,1875
-0.186,9591
0.0648,2287
-0.11,8649
0.00547,4766
0.0557,3660
-0.0274,5817
-0.0227,5778
-0.00104,5123
0.064,3582
0.365,406
0.0329,4479
-0.0814,7356
-0.0576,6748
-0.0155,5471
-0.17,9519
-0.0949,8643
-0.129,8937
-0.0804,6382
0.00629,4661
0.214,25
0.0199,4542
0.132,467
-0.18,9501
-0.147,7085
-0.0802,8796
-0.105,8119
0.142,1760
-0.0217,5717
-0.116,7613
0.11,3597
0.443,26
-0.00476,5341
0.0591,3718
-0.199,9209
0.422,28
-0.059,6990
0.153,1026
0.179,2399
-0.00863,4969
0.0415,4408
-0.123,8768
-0.0316,6998
-0.0408,6666
-0.0987,6792
-0.333,9138
-0.0686,6121
0.0326,4380
0.0968,1912
-0.056,6475
0.153,1285
-0.0917,7817
0.252,1227
-0.0208,5878
-0.115,8434
0.393,307
0.0322,3994
-0.0311,6128
0.0725,3259
0.0292,4289
0.0475,2866
0.101,2262
-0.099,8158
0.384,540
-0.163,8003
-0.222,9742
-0.028,6608
0.213,528
0.0829,1489
0.316,375
0.405,144
-0.0121,5652
-0.202,9458
-0.23,10322
-0.0356,6278
0.145,1067
-0.298,10199
0.0903,1923
0.0792,1898
-0.175,9604
0.162,1108
0.153,2362
-0.0442,6738
0.0609,1788
-0.0104,5445
-0.0243,6012
-0.0929,6770
0.0532,3779
0.0859,2327
-0.0166,5678
-0.106,9464
-0.187,9249
-0.223,9884
-0.125,7751
0.0113,4571
0.0267,3853
0.127,597
-0.0835,6452
-0.11,7970
0.107,1929
-0.00468,5585
0.00931,4852
-0.104,8255
0.0341,3907
0.0835,3101
-0.284,9873
0.0802,1112
0.0682,3363
-0.121,8639
-0.00307,4818
-0.224,8048
-0.0583,5560
0.199,437
-0.113,9322
0.231,1464
-0.213,7872
0.0223,4488
0.317,1157
-0.0396,6613
0.134,1010
-0.0479,7008
-0.0515,6339
-0.106,7604
-0.151,7529
0.0367,3217
-0.0185,6166
0.107,2953
-0.0828,6449
-0.17,8804
0.161,1772
-0.0174,6399
-0.0411,6780
0.304,442
0.218,2132
0.0192,4398
-0.0898,7044
-0.0454,7063
0.0303,3970
-0.0201,6158
0.0538,3431
0.347,51
0.0283,4385
0.0712,1878
0.0591,2251
-0.0399,6916
0.0347,4417
0.464,115
0.0278,4063
0.444,116
-0.263,9699
0.463,313
-0.0783,7466
-0.0946,7317
0.114,3282
-0.164,9427
-0.116,10129
-0.142,10272
0.119,767
-0.271,9700
-0.00949,5496
-0.0991,7868
0.00884,4659
0.0684,2134
-0.155,8694
0.107,1651
0.0811,2969
0.136,1211
-0.0881,8984
-0.156,7091
1.56,22
-0.199,8918
-0.192,8263
-0.142,8637
0.0359,3768
-0.231,9710
-0.188,9044
-0.212,7918
-0.452,9809
-0.0929,8316
0.0488,3331
0.0522,2421
0.0772,3448
-0.24,9698
-0.088,6806
-0.0271,6725
-0.113,9726
-0.109,7454
0.0268,4230
0.136,2992
-0.192,8172
0.212,579
-0.412,7959
0.0628,3336
-0.0434,5762
-0.254,9555
0.13,825
0.12,1200
-0.0566,5592
0.14,1450
-0.00218,5085
-0.281,8637
-0.0942,7839
-0.161,9334
0.0187,4442
0.0999,1793
-0.201,6325
0.164,2064
0.211,259
-0.0936,7807
0.0599,1576
-0.284,8102
-0.104,8529
-0.0637,6888
0.101,1562
0.302,150
0.0242,4286
0.114,1851
-0.0744,8557
-0.233,9046
0.136,1689
0.0579,2562
0.0263,2843
0.168,2428
0.0797,2460
0.00795,4923
0.0492,3892
-0.179,9518
0.129,1208
0.0372,3374
0.15,2468
0.0116,4818
0.12,2025
0.0877,1663
0.177,611
-0.101,7625
-0.128,7249
-0.0633,7678
-0.133,8458
0.0389,4006
-0.00772,5412
-0.251,8052
0.203,1111
0.0368,3990
-0.16,5691
-0.107,7845
0.0436,1896
0.068,1747
0.034,3940
-0.0236,5647
0.0356,3977
0.0435,3267
-0.217,10008
0.0755,2808
-0.393,9703
-0.116,8077
0.0509,3388
-0.0312,6754
0.287,60
0.12,1100
-0.0851,8518
-0.214,6981
-0.0668,5813
0.00699,4563
-0.0495,7158
-0.139,7622
0.0762,2698
0.000894,4843
-0.219,10035
0.059,3108
-0.191,9583
-0.109,8192
-0.217,8062
0.0215,4409
-0.111,9034
0.124,1707
-0.0342,7171
0.205,774
-0.159,9386
-0.147,8544
-0.148,8383
-0.193,9997
-0.00108,5060
0.156,1310
0.179,403
-0.0926,7741
0.0346,3690
-0.000124,5222
0.0115,4622
-0.0317,6529
-0.0318,6047
0.122,2184
-0.141,8293
-0.0234,6125
0.0409,2071
-0.187,9377
-0.134,9325
-0.117,7259
-0.125,7825
-0.0336,6087
0.102,975
0.147,1849
0.00625,5016
-0.0147,5524
-0.0304,7296
-0.0798,7482
-0.0887,9167
-0.124,8955
-0.159,9962
-0.167,6304
0.205,1673
-0.0922,8255
0.247,784
-0.181,8800
0.101,1858
0.179,2959
0.322,76
0.276,1400
0.236,830
-0.161,7888
-0.00332,5123
-0.151,8557
-0.0202,5748
-0.064,6992
0.105,1328
0.177,643
-0.527,9626
-0.128,7917
0.114,1690
-0.0375,5813
0.0176,4181
-0.0534,6399
0.0879,2652
-0.27,9387
-0.0892,6222
-0.107,8572
-0.0278,6556
0.0553,3484
0.0905,3327
-0.15,8596
0.532,151
-0.0938,8621
-0.0287,6117
-0.107,8603
-0.271,9901
-0.0611,6314
-0.198,8941
-0.0226,7492
-0.0568,7922
-0.0376,6166
-0.209,9430
-0.105,7942
-0.147,7966
-0.194,9860
0.253,647
0.0216,4093
-0.129,9400
0.016,4491
-0.0329,5807
0.00132,5027
-0.17,9209
-0.158,7623
0.0564,3299
0.174,1835
0.0474,3093
-0.00646,5313
0.0572,2583
0.0243,3932
0.00878,4692
-0.0654,7600
0.00689,4929
0.00153,4961
0.077,2467
0.039,3820
0.137,849
-0.174,9021
0.188,2012
-0.0155,6524
0.0741,2394
0.18,1984
-0.00427,5179
-0.0216,6365
-0.38,10351
0.223,255
-0.105,8900
0.113,2311
0.0191,4429
-0.279,10140
-0.123,8216
0.0275,3956
-0.121,10051
0.0273,4140
0.16,2898
-0.128,9194
-0.317,9796
0.00227,4960
0.0822,1716
-0.0194,6464
3.64e-05,4921
0.0522,3737
-0.465,6973
0.146,282
0.319,860
-0.0721,6656
0.456,241
-0.00232,4829
0.0891,3210
0.0597,2946
-0.0881,10038
-0.129,9416
-0.245,8709
-0.0447,6553
-0.0178,5705
0.0133,4716
-0.103,8189
0.39,1196
-0.00284,4966
-0.0832,7213
0.0883,1876
0.0577,3577
-0.0649,7864
0.135,2010
0.0241,4319
0.736,202
-0.0591,7104
-0.028,5152
0.963,281
-0.0171,6448
0.0338,3429
0.0723,2884
-0.173,8660
0.264,175
-0.347,8304
-0.0371,6368
0.12,1581
-0.215,10381
0.00154,5008
0.0843,2576
-0.186,7044
-0.00782,5487
-0.0991,9209
0.0926,3371
0.101,2136
0.0662,3288
-0.283,8719
0.211,809
-0.0861,9227
-0.115,7515
-0.0405,6258
-0.134,8723
0.0489,4101
-0.0275,8106
0.122,2175
0.000251,4963
0.441,188
0.00545,4881
-0.206,10092
-0.0214,5935
0.0747,1722
0.426,472
-0.117,9174
-0.178,9254
-0.198,7933
0.0227,4167
0.043,3404
-0.231,10282
0.289,1661
0.203,1084
0.0452,3543
0.0683,3005
-0.00413,5140
0.0043,4957
-0.245,8735
0.534,629
0.0311,3602
-0.219,9646
0.145,770
0.0771,2997
-0.0112,5256
0.112,2122
-0.229,9309
-0.0977,9032
-0.0781,7546
0.016,4614
-0.194,9883
-0.326,10210
0.268,495
-0.0818,9005
-0.171,10020
0.0441,3941
-0.245,9560
-0.0689,6127
-0.344,9104
0.0421,3525
0.108,1183
0.0811,2019
0.271,1858
0.383,54
-0.0492,7325
-0.0599,7786
0.208,612
-0.181,8224
-0.229,8477
-0.168,9687
-0.0114,5580
0.0978,2256
-0.247,9093
-0.119,9016
-0.0277,5631
0.023,4381
0.0283,3950
0.191,142
-0.103,9012
-0.254,9145
0.191,1153
-0.204,8712
-0.266,10403
-0.0996,8211
-0.0337,6084
-0.395,10143
0.0324,4161
-0.194,9775
0.0242,3857
-0.131,9057
0.0371,3202
-0.0596,6620
-0.175,9053
-0.0566,7710
0.0949,3267
0.164,362
-0.0625,7597
0.0611,3323
0.0122,4342
-0.189,9617
-0.0129,5247
-0.0193,6832
-0.0179,5895
0.187,1897
0.222,65
-0.0917,6476
0.03,3694
-0.09,8879
-0.0589,7621
0.222,784
0.117,681
-0.0016,5131
-0.0193,6437
0.101,1377
-0.159,9557
0.134,2658
-0.242,10049
0.015,4704
-0.321,9056
-0.317,9803
-0.18,8925
0.153,1253
-0.0613,5984
0.525,305
-0.0267,5901
0.193,1833
-0.222,9525
-0.139,8280
-0.0591,6903
-0.02,5530
-0.129,7878
-0.104,8278
0.0931,2352
0.558,768
0.867,415
-0.209,8528
0.108,2988
0.159,563
0.374,263
-0.0137,5294
0.011,4682
0.144,1567
0.143,1998
0.0402,2376
-0.0226,6157
-0.0295,5754
0.0963,2407
0.138,1752
-0.239,8422
-0.19,10116
0.00655,4824
0.341,571
-0.238,8538
0.213,2088
-0.0998,8143
0.0586,3318
0.102,1616
-0.011,5328
0.241,586
-0.0965,3984
-0.106,7796
-0.104,8153
0.0572,3589
0.0592,2892
-0.0763,7485
-0.0557,7565
-0.00722,5317
-0.0289,6671
-0.0422,6281
0.18,1568
-0.115,7735
-0.0878,7672
0.0291,4445
-0.0099,5044
-0.149,8954
-0.0462,6165
0.0573,3032
0.249,1828
-0.216,10110
0.144,191
0.0287,4142
0.295,208
0.0711,2546
-0.035,5695
-0.0565,7339
-0.0587,6953
-0.0349,8083
-0.0784,7395
-0.243,9624
0.0224,4595
-0.266,10045
-0.0968,8852
-0.195,9780
0.0459,2986
0.0408,3646
-0.048,7648
0.027,4030
-0.165,10221
-0.137,8724
0.101,3434
-0.235,5683
-0.811,8841
0.136,2812
0.46,918
0.0198,4462
0.257,184
-0.2,9201
-0.143,7973
-0.323,7669
0.132,2074
0.0135,4365
-0.0558,7622
-0.149,9611
0.000802,4975
0.0871,3663
0.0786,2010
-0.0685,8439
0.16,3000
-0.204,9087
0.0833,3483
-0.253,7610
-0.0536,6982
-0.0278,6052
0.187,1332
-0.00775,5308
0.149,1597
-0.113,9146
0.0181,4057
0.0808,2825
0.0521,3604
-0.106,8783
0.0101,4622
-0.144,3982
-0.0378,6187
-0.17,9776
-0.0963,8938
0.0584,2256
0.279,479
0.215,554
-0.0295,5679
-0.153,8628
-0.00485,5098
0.148,1023
-0.264,9963
-0.0919,8756
-0.0974,8984
-0.0837,8491
-0.0198,5792
0.0028,4896
-0.184,10182
-0.318,10289
-0.0354,6832
-0.0323,6536
0.0853,3435
0.0588,2371
-0.0601,7880
0.194,1753
-0.0951,10174
-0.0494,7668
-0.0604,7444
0.238,2195
-0.367,10203
-0.129,7680
0.118,916
0.205,892
-0.00829,5218
0.106,3548
-0.305,9389
-0.119,7908
0.0364,3677
-0.0186,5715
-0.0188,4744
0.131,1390
-0.206,9028
0.693,65
0.0694,2455
0.0151,4323
0.0421,4204
-0.117,7408
-0.0788,6650
-0.186,8812
0.00882,4994
-0.0259,6290
-0.0807,6997
0.0663,2879
-0.106,7230
-0.0549,6757
-0.125,9461
-0.00469,5255
0.0961,2077
-0.148,8083
0.0804,2821
-0.094,8663
0.0292,3964
0.0726,2307
-0.0207,5480
0.0454,3721
-0.975,9418
0.183,1886
-0.036,6411
0.0276,3765
0.106,2514
-0.0155,5446
0.491,1024
0.0128,4566
0.0647,2024
0.0844,1578
-0.161,9319
0.0195,4404
-0.0376,5342
0.114,3305
0.0646,2126
0.0343,4541
-0.206,7709
0.175,1243
0.198,1992
-0.156,9202
0.0128,4685
-0.0445,7513
0.044,3461
0.0494,4030
-0.0241,6537
-0.234,9759
0.0242,4010
-0.111,8928
-0.199,7949
0.0317,4306
0.215,2453
0.0618,3127
0.0459,3411
0.125,2063
-0.199,9356
0.193,1644
-0.119,6571
-0.122,9227
0.0718,1900
0.0107,4584
-0.119,9143
0.402,88
-0.305,9997
-0.203,10038
0.0233,4380
0.288,11
-0.225,10008
-0.227,10027
0.12,3061
-0.185,7866
0.0356,3879
-0.102,8083
0.0617,3142
0.299,422
-0.0734,7721
-0.118,8083
0.0184,4443
-0.0548,7773
-0.19,9237
-0.0597,6817
-0.0993,7655
0.203,1513
0.0543,3167
-0.113,9605
-0.021,5723
0.00603,4952
-0.161,6894
-0.452,9910
-0.0713,7263
0.00306,5046
-0.00782,7135
0.163,1948
0.075,3120
0.0711,2531
0.773,1393
0.0277,4024
-0.126,9175
0.166,1574
-0.278,9909
-0.0575,6335
0.722,51
-0.00505,5468
-0.074,8252
-0.0105,5565
-0.125,6387
0.015,4407
0.474,860
-0.178,9802
0.113,1569
0.178,1332
-0.0947,8161
0.0581,3083
-0.232,9684
0.0936,2009
-0.124,8902
0.267,1262
0.0754,3346
-0.0953,6650
-0.0686,5175
-0.0845,8093
-0.0912,8037
-0.0242,5815
0.633,9
-0.0492,5142
-0.142,9310
-0.0957,8434
-0.22,10211
0.0636,3899
-0.129,9426
-0.135,7914
0.056,2964
-0.284,9565
0.0943,1919
0.0309,4101
-0.0448,6181
0.11,2177
-0.192,9439
-0.0262,6779
0.122,776
0.107,1952
0.287,103
0.0749,4012
0.0877,2644
-0.0513,7055
-0.0332,6618
0.0522,3565
1.98,195
-0.331,8466
-0.0821,6595
-0.0617,7508
-0.197,8943
-0.0565,6262
0.0687,2677
-0.0365,5893
-0.0779,6659
-0.0858,8052
0.28,254
0.134,2220
0.404,111
0.107,2277
0.102,2801
-0.167,8121
-0.0283,6488
-0.0758,7161
0.00332,4872
-0.125,7848
0.117,2715
-0.0405,6475
0.0871,1765
-0.165,9039
1.05,59
0.0486,2533
-0.267,9038
-0.0818,8020
0.0214,3406
-0.0876,8715
-0.265,7380
-0.367,9664
-0.0374,6718
-0.0157,5779
-0.0798,8678
-0.091,7067
-0.143,7971
0.0997,3366
-0.0303,5565
-0.169,10078
0.226,1237
0.131,2001
0.124,2476
-0.0065,5255
-0.202,7612
-0.0486,7107
0.0104,4818
-0.104,7392
-0.0396,6532
-0.13,7719
-0.0239,5453
0.044,3702
0.251,165
-0.0278,5888
0.114,1417
-0.0381,6728
0.0417,3991
-0.218,9624
-0.152,9435
-0.00128,5092
0.016,4559
-0.173,9930
0.166,2070
0.0499,2564
-0.0699,9675
0.0727,3247
0.0423,3967
-0.088,5832
0.244,294
-0.0735,7749
0.324,181
0.371,261
0.0923,2525
0.0766,2575
-0.0981,10242
0.0979,2087
-0.00828,5258
-0.164,10154
0.383,11
-0.000103,5035
-0.248,10011
-0.105,8794
-0.0276,6369
0.151,1668
0.125,1742
0.246,1103
-0.232,9118
-0.124,9743
-0.107,8036
-0.0147,5030
-0.0436,7274
-0.392,9954
-0.138,9897
0.405,201
-0.0423,6769
0.0553,3214
-0.14,7891
0.133,2898
0.00121,4467
-0.171,9011
0.102,2947
0.0288,4486
-0.0161,5838
-0.0359,5240
-0.122,7334
-0.0173,6233
0.145,831
-0.0113,5499
0.0693,2754
0.166,268
-0.00194,4951
-0.0757,7620
-0.158,9959
0.117,2309
-0.211,9015
0.281,1123
-0.00979,5333
-0.0603,7800
-0.0786,8474
0.0146,4674
-0.207,8915
0.226,2293
-0.0787,7043
0.0238,4201
0.098,3336
-0.0512,5936
-0.47,9193
-0.428,7759
0.376,874
-0.125,8164
-0.162,9104
0.092,3135
-0.363,9730
0.166,908
-0.0488,7405
-0.072,7442
-0.17,7284
-0.286,10057
-0.0515,6478
-0.246,10177
0.111,1661
-0.0985,9417
0.286,801
-0.115,8391
0.0601,3604
0.371,871
-0.112,8814
0.0503,2900
-0.00284,5305
0.0895,3273
-0.132,7751
0.944,299
-0.0478,6663
0.0408,2339
0.803,40
-0.0657,6266
0.0731,3815
-0.113,9124
0.00581,4920
-0.0101,5211
0.132,777
0.322,427
-0.148,9000
0.0327,4240
-0.0644,8901
0.0303,3826
-0.184,8840
-0.212,9675
-0.0149,5832
-0.0425,6061
0.0375,3559
-0.0122,5746
0.0397,3764
-0.0649,6631
0.0619,3723
-0.136,8033
-0.0212,5908
-0.161,10242
-0.13,8752
-0.0763,6167
-0.271,8286
-0.344,9694
-0.0503,8004
-0.0113,5729
0.0555,3272
-0.0138,5350
-0.127,8120
0.0187,4503
-0.00108,4933
-0.14,9116
0.157,1319
-0.0344,5970
0.021,4435
0.0425,3852
-0.0395,6826
-0.0371,7026
-0.353,10173
-0.0576,5784
-0.277,9226
0.173,1366
0.146,985
0.0334,2658
0.126,1972
0.0615,3521
-0.0137,5057
0.354,236
0.0942,1115
-0.12,8221
-0.03,6245
-0.00498,5035
0.197,73
-0.178,9156
-0.0704,8054
-0.169,9859
0.0546,3639
0.0502,3128
-0.163,9117
-0.146,5323
0.0322,3661
-0.11,9079
0.253,514
-0.0538,6485
-0.366,9198
-0.4,7884
0.231,852
0.147,682
0.0295,4241
-0.118,8665
0.0407,4236
0.0691,3978
-0.0901,6691
-0.0208,6291
0.0182,4609
-0.0994,7312
-0.122,6826
0.0741,2712
0.282,211
-0.0716,6030
0.109,2441
-0.0765,5995
0.234,1804
0.321,1043
-0.196,9921
0.244,705
0.00399,4933
-0.194,9524
0.0298,3937
-0.0456,6487
0.0179,3662
-0.103,8891
-0.315,10263
-0.11,7285
-0.134,8730
0.21,2156
0.0203,4116
0.182,1491
0.261,56
-0.187,8649
-0.118,7315
0.118,2031
-0.0897,7839
0.0557,3984
-0.0345,5465
0.0758,3026
0.0386,4188
0.0169,4547
-0.0837,7752
-0.0642,6835
0.0343,3879
-0.00235,4994
0.42,506
0.255,1805
-0.0397,6740
-0.101,7701
0.103,3053
0.0364,4378
-0.107,6542
-0.126,9719
0.103,1599
-0.0423,6348
0.15,1084
-0.0528,6756
-0.328,7625
-0.00417,5356
0.321,48
-0.154,9067
0.0574,3977
-0.0557,8108
0.00228,5012
-0.0889,8370
0.0872,3067
0.209,775
-0.0187,5784
-0.0188,6068
-0.11,8078
-0.0439,6105
-0.0676,7234
-0.0546,7461
0.0124,4816
-0.281,9963
0.0752,3054
0.36,686
-0.114,9825
0.0895,1429
-0.0047,5180
-0.296,10091
0.198,1286
0.00035,4791
-0.0592,6896
0.0274,4025
-0.0463,7201
-0.112,7778
-0.135,8052
0.00874,4658
-0.021,6200
0.0248,3829
0.0581,3451
0.0276,4339
0.108,1977
0.186,886
0.0442,3032
-0.133,9469
0.271,410
0.315,1195
0.115,3320
0.31,889
-0.0264,6800
0.0432,2734
-0.0491,6212
0.0571,2979
0.215,2320
0.18,1278
-0.0329,5924
-0.0479,8041
0.107,1527
0.107,1887
0.0335,2742
-0.15,8923
0.0128,4510
0.102,2748
-0.0536,6725
-0.064,6322
0.0468,3798
0.355,582
-0.0864,8308
-0.0307,6274
-0.0796,7346
0.0929,2288
-0.0997,7736
-0.204,9411
0.087,2539
-0.0205,5897
-0.00584,5282
-0.268,8352
-0.66,9335
-0.536,9844
-0.047,7563
-0.038,6068
-0.242,10010
-0.0253,5530
0.0489,4259
-0.124,6426
0.0782,1273
-0.0134,5900
-0.354,10013
0.0803,3066
0.839,622
-0.0107,4997
-0.0481,6940
-0.3,6758
0.113,2261
0.153,953
0.125,1253
0.096,3223
-0.0644,6962
-0.0881,8235
-0.0838,7673
0.744,40
-0.043,6317
0.452,940
0.375,258
0.078,3088
0.209,1067
0.0494,3372
0.229,1045
0.118,1968
0.0505,2943
0.00911,4322
-0.35,8539
0.445,26
-0.00845,5284
0.0597,2324
-0.149,8416
-0.126,9980
-0.0705,6740
-0.0187,4986
0.431,45
-0.0891,6649
0.0535,3457
0.142,2373
-0.121,6700
-0.157,8570
0.233,1326
-0.179,7755
-0.299,9499
-0.0398,6998
0.128,1816
0.111,1656
-0.18,9120
0.323,321
-0.133,9250
0.0388,2389
-0.0275,5937
-0.112,8740
-0.0113,4897
-0.14,9303
0.0827,2519
0.234,981
-0.213,9409
0.0336,4071
0.374,567
-0.581,9267
0.0413,2920
-0.181,9444
0.111,1366
0.00829,4676
0.0311,4333
-0.159,9364
0.041,3226
0.0958,1612
-0.0435,5762
0.0215,4330
-0.0766,7017
0.0713,3587
0.109,1189
0.065,2747
-0.0295,5295
-0.198,9564
0.00236,4895
0.146,1910
-0.0878,7644
-0.139,9968
-0.022,5975
0.11,2619
1.48,1
-0.0119,5744
-0.00736,5578
0.0911,2365
-0.103,9324
0.194,902
-0.0119,5422
-0.363,10207
-0.0546,7229
-0.0902,9055
0.132,1657
-0.0232,5639
-0.332,9583
-0.106,8828
0.00429,4734
-0.202,8937
0.319,888
-0.101,8210
-0.135,8804
0.0826,3165
-0.082,8672
0.146,2165
-0.108,8541
0.252,1424
0.976,77
0.128,3284
-0.113,10211
-0.0771,8621
-0.191,8408
-0.0684,8096
0.66,1203
-0.134,6304
-0.0266,6310
-0.106,8856
0.0209,4456
0.168,1865
-0.398,9698
-0.137,7561
0.0521,3281
-0.101,9011
0.0723,3776
-0.344,10252
0.131,2924
-0.279,9074
-0.197,9203
-0.0288,6347
0.0351,4264
0.307,230
-0.0415,5865
-0.195,8501
0.0754,1457
0.161,1215
0.372,1617
-0.075,6771
0.457,518
0.113,1885
0.0193,3774
0.0838,1720
0.0279,4242
-0.11,7872
0.0106,4674
0.164,1753
-0.0921,7077
-0.0298,6649
-0.228,8141
-0.0159,5662
0.0911,2305
-0.0485,6827
-0.0287,6044
-0.0455,8331
0.0581,3214
0.0489,3174
-0.071,6765
-0.181,9442
0.075,1799
0.161,2125
-0.0102,6518
-0.000268,5379
0.0886,2417
0.101,2712
0.0749,2784
-0.0212,6098
-0.0394,6911
0.0484,3789
-0.201,10193
-0.136,7865
-0.145,8631
-0.0491,7042
0.0232,4260
0.203,1696
-0.0507,6470
0.237,1628
-0.285,9250
0.0264,3563
-0.0512,8459
-0.376,7262
-0.368,9685
2.17,73
0.134,2749
0.0661,3068
0.0758,1505
0.17,1954
-0.111,8625
-0.277,9968
-0.182,8830
0.0602,2345
0.151,550
0.0495,4245
-0.00803,5655
-0.171,8736
0.635,256
0.183,689
0.0429,4018
0.0322,4278
-0.0726,7379
0.383,445
0.00127,4843
-0.0481,6675
0.0568,2743
-0.00848,5477
0.228,1415
-0.0667,5637
-0.0634,7135
-0.132,9257
-0.18,10236
-0.465,8556
-0.297,8944
0.0847,1391
-0.0159,6162
-0.226,9252
-0.0731,8185
-0.19,9722
0.306,565
0.199,1478
0.197,180
-0.0301,5937
0.37,1087
-0.085,7893
-0.219,8986
0.0616,3500
-0.0462,6400
-0.173,10139
-0.0554,7354
0.475,58
-0.199,10205
-0.211,9150
-0.0736,6871
0.00697,4998
-0.16,8621
0.215,304
0.000278,5075
0.0204,4338
-0.134,9915
-0.0592,6892
-0.106,7627
-0.0277,5667
-0.17,8708
0.00498,4945
-0.00766,5175
-0.0504,7359
0.281,304
-0.0873,7626
-0.206,9284
-0.339,9026
-0.209,9687
0.139,357
-0.284,9037
-0.204,9724
0.374,170
0.0746,3796
-0.092,8276
0.0462,3920
0.252,944
0.0166,4899
0.134,2343
-0.0609,7632
0.0738,2958
-0.00873,5200
-0.386,7936
0.127,1649
-0.328,9073
0.0618,3987
-0.2,9920
-0.0558,8168
-0.0187,5773
-0.183,9224
-0.00728,5419
-0.00661,5169
0.0439,3148
0.0228,3662
0.211,1130
0.089,2259
-0.0449,7057
-0.0542,6586
-0.0393,7244
0.00202,4949
-0.0599,6726
-0.259,10005
-0.0412,6661
-0.013,5688
0.126,1345
0.131,1015
0.043,3665
-0.135,8931
-0.36,10323
-0.229,10150
0.0503,3120
0.0179,4610
-0.202,5823
0.023,4116
-0.276,8326
0.0362,4066
-0.0672,8839
0.037,3922
-0.332,6869
0.374,586
0.062,2719
0.00469,5063
0.106,1381
0.148,377
-0.21,9613
-0.0224,6242
-0.047,6091
-0.15,7102
-0.0523,7354
0.103,2389
0.3,965
0.121,1843
0.0601,3405
-0.0627,6569
-0.0314,6196
-0.104,8304
0.282,12
0.232,2123
-0.0108,5280
0.137,1707
-0.103,9355
-0.0535,7330
0.0765,2897
-0.0799,8424
0.136,2244
0.101,2331
-0.032,5855
-0.0187,5965
-0.269,10239
-0.0276,6083
0.0475,3509
-0.0231,5730
-0.114,8371
0.0131,4652
0.0213,4453
0.00578,4877
0.0162,4658
-0.0854,6383
-0.046,6934
0.29,202
-0.158,9294
0.0764,2425
0.344,1878
-0.0553,5718
-0.0313,5934
0.45,101
-0.278,10305
0.0518,3280
-0.0753,7019
0.227,768
-0.0603,8031
-0.0829,7718
-0.00511,5020
-0.112,6912
-0.144,7985
-0.0994,8900
-0.154,10067
-0.176,8774
0.00155,4732
-0.219,7074
-0.0782,7051
0.0983,2384
0.181,1050
0.0856,3321
-0.14,6624
-0.192,5080
-0.13,8015
-0.14,4859
-0.278,9318
-0.195,9460
-0.158,7712
0.274,329
0.0311,3680
0.0406,3651
-0.105,7178
-0.188,9800
0.0664,2961
0.225,1229
-0.0245,5876
0.0451,2699
-0.0192,5603
-0.0434,6212
-0.163,7514
0.269,1359
0.163,1017
0.12,1591
0.129,2027
-0.0836,7649
0.0548,3507
-0.00467,5136
0.196,237
-0.223,10162
-0.000923,5116
-0.0402,6337
-0.136,8883
-0.227,9247
-0.0857,7645
0.191,840
-0.0739,6960
0.0632,3180
0.194,906
-0.203,9465
-0.124,8003
0.104,966
-0.275,5203
-0.0304,5592
-0.148,8228
0.138,2015
-0.0569,7711
-0.158,9076
0.00529,4955
0.225,780
-0.265,9689
0.0769,3678
0.0556,3221
0.0525,1156
0.0192,4429
0.839,1092
0.114,1647
-0.0725,7307
-0.00122,5186
-0.0653,7942
-0.0708,6881
-0.0168,6111
-0.127,10158
0.0325,4594
-0.0498,6495
-0.0447,7801
-0.072,7637
0.316,2131
-0.104,7636
-0.163,7032
-0.198,8415
-0.204,9814
0.0884,2739
-0.314,9633
-0.0509,5998
0.126,1888
-0.162,7907
-0.00691,5503
-0.0779,4874
-0.0421,4388
0.0166,4580
0.0275,4162
-0.185,8600
-0.0326,7593
0.133,932
-0.0753,8989
-0.136,8754
0.395,133
-0.273,9537
-0.132,7938
0.275,985
-0.0355,6164
0.161,3342
0.0804,3297
0.443,65
-0.0866,7129
-0.0972,8049
-0.223,9575
0.0235,4070
0.0246,4337
0.369,508
-0.0994,7671
-0.0103,5532
-0.182,9434
-0.227,9666
-0.107,8384
0.112,3435
0.182,2481
-0.0413,7713
0.139,933
0.097,2516
0.0744,2741
0.291,1032
0.077,3214
-0.0144,5918
0.211,300
0.0681,3433
0.0357,4053
0.00362,4808
-0.0536,5943
-0.0442,6928
0.255,300
0.13,1654
0.137,1994
-0.253,7887
-0.0339,5907
-0.216,10167
-0.0479,7398
0.152,1497
-0.0277,5831
-0.326,9995
-0.072,6964
0.0828,2266
0.21,829
0.313,119
-0.137,8050
-0.216,7717
0.198,579
-0.158,9786
-0.0495,6766
-0.094,7657
0.0277,4334
0.00925,4680
-0.0602,6897
-0.12,9469
-0.0497,8389
-0.23,9765
-0.121,8302
-0.159,8724
-0.0818,6280
-0.118,8141
-0.104,8467
0.561,15
-0.0501,5529
-0.102,7059
0.451,973
-0.165,7190
-0.143,8213
-0.123,6664
0.181,3255
0.0278,4410
-0.119,7674
0.222,1174
0.373,112
-0.278,10111
0.0866,3495
0.0955,2638
-0.111,9107
0.0351,3925
-0.278,9369
-0.0319,6281
-0.247,10257
-0.0377,5688
-0.0635,7245
-0.03,6749
-0.0578,6510
0.0765,2253
-0.949,10302
0.0748,3101
-0.102,8579
0.111,1465
0.415,214
-0.269,8702
-0.0315,6637
0.053,3440
-0.0751,8185
-0.101,6785
-0.0105,6045
-0.13,8391
-0.375,9364
-0.223,8375
0.00633,4733
-0.0872,7409
-0.0993,7524
0.0553,3306
-0.0472,7046
0.162,643
-0.113,8935
0.0845,1752
-0.0753,8088
0.0244,4190
-0.292,10175
0.186,2132
-0.058,4827
0.0606,2889
0.00844,4714
-0.194,10396
-0.233,9452
-0.248,9797
-0.0733,6807
-0.0556,7064
-0.285,9315
-0.0142,5856
0.21,959
0.066,3742
0.147,415
0.0547,2740
-0.0676,7208
-0.0474,6234
0.0555,3643
-0.0766,6796
-0.0358,7109
0.0985,2288
-0.179,3293
0.112,3010
-0.318,6388
0.144,2152
0.0865,3721
0.2,2499
0.191,1537
-0.0755,8111
-0.129,7886
-0.14,7895
0.0432,3291
-0.00549,5216
-0.0318,5469
-0.488,9196
-0.165,8296
-0.398,6791
1.72,290
0.466,782
-0.0446,5942
0.00216,5029
0.177,2834
0.00105,4690
-0.0371,7153
-0.0648,7729
0.268,1293
-0.0184,5863
0.14,1315
-0.449,9541
0.00194,5046
0.114,1538
0.0825,2933
-0.0467,5729
-0.239,9398
0.163,2016
-0.0663,6998
-8.57e-05,5094
-0.3,8823
0.683,361
-0.239,7867
-0.00498,5208
0.0678,3128
0.041,3505
0.11,2820
-0.0522,6673
0.207,745
-0.117,8276
0.0482,2701
0.176,292
0.275,2277
0.0131,4928
0.00049,5085
0.435,112
-0.0278,6231
0.163,351
0.0169,4466
0.149,909
-0.0616,5620
-0.0448,8122
0.0756,2728
0.0339,3576
-0.0419,6886
-0.225,7860
0.0131,4675
0.175,1073
0.179,1738
-0.119,8551
0.0451,3265
-0.263,9679
0.157,1302
0.1,2357
-0.102,9384
0.132,707
0.185,790
-0.0717,6264
-0.033,5886
-0.386,8514
0.274,314
-0.0211,5798
0.0362,4045
-0.15,7574
-0.0523,5952
0.119,3150
-0.156,9715
-0.0905,7986
0.0544,3529
-0.112,7846
-0.012,5259
-0.4,9204
0.0124,4769
-0.065,8201
0.203,995
0.26,791
-0.0361,7517
-0.0633,5930
-0.0545,8172
0.091,2534
-0.25,9572
-0.104,7947
-0.0448,5861
0.167,1761
0.00568,4749
-0.00233,5074
0.00804,4750
0.0946,918
0.239,2352
-0.196,9858
0.0434,3201
-0.0739,8181
0.248,591
-0.358,10447
-0.383,8575
-0.0751,6344
0.232,261
-0.0693,8616
-0.0783,8073
-0.0647,6119
0.13,3768
-0.0224,6261
-0.085,6783
0.0358,3222
0.0569,4010
-0.114,4069
-0.441,9261
-0.0485,6833
0.255,2445
0.26,802
-0.0258,5880
0.383,944
-0.0622,7076
-0.0328,6739
0.0341,3734
0.24,1657
-0.148,8188
0.223,1841
-0.284,10403
-0.0496,6894
0.0142,4503
-0.14,9480
-0.0303,5968
0.124,1114
-0.0437,6525
0.106,2010
0.0628,3191
-0.0694,5925
-0.191,9962
-0.253,6550
0.236,2551
-0.0573,6523
-0.116,8025
0.161,1065
-0.0585,7112
-0.0989,7561
0.26,563
0.164,1266
0.0837,3463
-0.0632,6593
0.0979,2077
-0.263,8996
-0.0944,7313
0.51,504
0.029,4141
0.27,2071
-0.0642,5984
-0.753,8449
0.0908,2401
-0.0718,7255
0.0779,2540
-0.05,6723
0.12,2633
-0.117,7140
-0.175,8594
-0.301,10191
0.0227,4449
0.156,3019
-0.0922,8479
-0.156,8904
-0.0331,6174
0.0478,3169
-0.15,8794
-0.105,8852
0.206,679
-0.163,8118
-0.112,8158
-0.063,7718
-0.0908,8948
-0.0245,5878
-0.0112,5140
0.0914,2669
0.122,2498
-0.00335,5579
0.208,1197
0.202,1212
0.0559,3893
-0.185,8969
0.0521,3548
0.0584,3486
0.0925,1882
0.362,890
-0.316,9969
-0.221,8869
-0.0758,7036
0.109,1296
-0.00396,5387
0.0139,4538
0.173,1705
0.251,1709
0.0139,4713
-0.202,7224
-0.0813,8583
-0.112,8160
0.0509,3538
-0.466,8913
-0.418,8967
-0.067,8497
-0.0556,7136
-0.22,10008
0.116,1767
-0.0291,6229
-0.0722,6404
-0.0118,5719
-0.0877,9035
-0.0671,7272
0.137,1904
1.53,287
0.0661,3158
-0.191,8833
-0.0855,8179
0.00472,4959
-0.147,8037
0.491,217
0.0449,3662
-0.088,9164
-0.166,10060
0.201,2889
0.233,2422
-0.0694,6968
0.195,727
0.000533,5132
0.187,2191
-0.191,8499
0.136,1284
0.0233,4309
0.238,1023
0.0933,2754
0.0866,958
0.775,102
0.122,1988
-0.0136,5576
0.301,908
0.0304,3568
-0.215,9547
0.249,443
0.153,1573
-0.13,8980
-0.198,9691
-0.0414,6306
0.136,2263
-0.0218,5365
-0.19,9757
0.0593,3790
0.12,560
0.00762,4933
-0.0653,8208
-0.0526,6462
0.0692,3425
0.149,2732
0.279,172
0.128,933
-0.184,10180
-0.153,8526
-0.0292,5672
-0.19,9019
0.255,246
0.145,1096
0.0785,2736
-0.122,7705
-0.0722,7389
0.0167,4137
-0.108,8348
-0.165,9588
-0.112,9150
-0.00498,4980
0.383,381
-0.157,7601
-0.151,9050
-0.0127,5437
0.117,842
-0.279,9345
-0.105,7129
-0.119,7642
0.221,1722
0.0465,3250
0.0553,2670
-0.049,6145
-0.148,8039
0.456,222
0.264,786
-0.059,7052
0.205,608
-0.109,7814
0.255,1230
-0.124,9124
-0.0454,6253
0.139,788
0.241,225
0.0767,2842
0.0318,4198
0.2,2005
-0.276,9047
0.07,3839
0.029,4001
0.0401,4349
0.0401,4110
0.147,2222
-0.0696,7664
0.0105,4688
-0.0517,7597
-0.0273,5557
-0.117,6978
-0.116,8897
-0.374,10180
-0.152,9626
0.00881,4751
-0.182,9026
-0.0687,6912
-0.0622,7000
0.272,372
0.0428,3666
0.205,20
0.0485,3738
0.114,1682
-0.385,10095
0.0387,3614
0.104,1652
-0.0507,8296
-0.11,7958
0.0779,2162
0.0965,2866
-0.0626,4415
-0.106,9165
0.0851,2299
0.188,344
0.526,16
0.188,2003
0.365,73
-0.182,10124
-0.0651,6810
0.106,2597
0.687,485
-0.0875,6731
-0.259,10146
-0.192,10143
-0.118,8043
-0.265,9488
0.133,2792
-0.00828,5401
0.243,2693
-0.181,9528
0.000149,5008
0.259,1000
0.672,1
-0.014,5578
-0.023,5660
0.024,3624
0.0692,2770
-0.0261,5712
0.097,1860
-0.184,8526
0.025,4549
-0.0193,5879
-0.057,7546
0.236,1897
-0.19,9478
0.0777,2890
0.173,2685
0.0545,3376
0.0788,1430
-0.223,9322
0.177,2236
-0.00533,5239
-0.0804,7739
-0.125,9094
0.0913,2172
-0.142,8915
-0.144,7993
0.0289,4280
-0.0535,7120
-0.0107,5394
0.238,1790
0.119,1125
-0.0594,6611
-0.357,7935
-0.0161,6332
-0.0265,6137
0.0569,2985
-0.0383,6118
-0.0736,7834
0.0254,4405
0.0134,4525
-0.0698,7740
-0.187,8633
-0.395,10235
0.329,691
-0.12,7812
-0.191,9415
-0.096,7777
-0.0701,6945
0.0165,4527
-0.195,9473
0.0224,4456
0.035,3529
0.0344,3348
-0.119,7375
0.125,1847
-0.0434,6237
0.127,3414
0.0758,1995
0.0169,4237
-0.125,8192
-0.132,9293
0.196,1585
0.21,2037
-0.00614,5498
-0.0932,8034
-0.0466,7624
0.329,509
-0.0746,7068
-0.0844,8588
0.00553,5142
0.0942,2173
-0.271,10102
-0.203,10406
0.0352,4389
0.0121,4511
-0.0984,8236
-0.027,6334
0.0315,4131
-0.0361,6515
-0.235,9988
-0.0291,5508
0.345,5
-0.0466,6402
-0.0885,6774
-0.225,9577
-0.283,8774
-0.253,7388
-0.0226,5794
0.113,1768
-0.207,7116
-0.428,10249
-0.133,7837
-0.129,8086
-0.117,9080
-0.154,9625
0.314,173
0.127,719
-0.00123,5178
0.0165,4646
-0.0652,8214
-0.089,8516
-0.444,6651
-0.712,8346
0.327,2542
0.023,4360
-0.21,6373
0.205,170
-0.213,7584
0.344,270
-0.0768,7539
0.23,583
-0.053,6944
-0.0637,7358
-0.146,9187
-0.183,8912
-0.184,8994
-0.154,4440
0.136,1339
-0.106,9504
-0.00267,5295
0.182,892
-0.151,8655
0.0873,3175
0.151,1079
0.0239,2839
-0.246,7071
-0.0491,6112
-0.192,7118
0.0823,3354
0.0971,1933
0.0776,1120
0.103,3202
0.0176,4020
0.119,1468
0.0679,2994
0.0183,4199
-0.0115,7227
-0.187,10067
0.00719,4818
0.225,871
0.106,1346
-0.00281,5160
0.22,1719
-0.34,10127
0.0402,4218
-0.149,9869
0.139,1784
-0.0323,6208
-0.238,9227
-0.413,9138
0.217,1830
0.0299,4306
-0.0858,8235
-0.0158,5907
-0.144,10203
0.293,774
0.106,2677
0.0547,4140
-0.268,6540
-0.0751,8037
-0.048,7846
-0.284,10049
0.18,2553
-0.00123,5196
-0.0944,6065
0.119,2143
-0.211,10444
-0.351,10437
-0.0997,6711
-0.0681,7358
0.106,3320
-0.04,6409
-0.118,8360
0.0255,3952
0.456,165
-0.105,8126
-0.0348,5779
-0.092,8731
-0.136,9403
-0.0711,6982
0.0883,2977
0.0322,4550
0.39,1119
0.0157,4036
-0.0621,6802
0.306,37
0.00319,4871
0.0811,3088
-0.103,7026
-0.167,9440
-0.00466,4750
0.116,2348
-0.125,7419
-0.122,7046
-0.172,8133
-0.0169,5868
-0.0342,7354
-0.146,7199
-0.0328,7158
-0.296,9109
0.101,3296
0.0998,2877
0.0898,2600
-0.0967,8770
-0.0982,7424
-0.135,7189
-0.0517,7287
-0.206,9811
-0.0435,8151
0.151,1480
0.138,2393
-0.036,5913
0.0442,4020
-0.108,9184
0.042,4123
0.718,74
-0.299,9858
-0.0526,7846
0.182,1462
-0.0579,7341
0.103,1157
-0.00747,5324
-0.0585,6741
-0.25,10167
-0.244,9306
0.23,955
-0.0178,6176
-0.406,6435
0.136,3011
0.0618,2907
-0.178,7081
0.112,1831
-0.137,8794
0.19,1884
0.00553,4951
-0.335,10084
-0.0846,8048
-0.104,7739
0.0753,2303
0.0705,3222
-0.0134,5811
0.617,72
0.376,280
-0.0438,6899
0.323,61
-0.179,9127
-0.0596,7572
-0.159,8751
0.109,1353
0.0925,2925
-0.0691,7436
-0.12,9190
0.133,1708
0.284,288
-0.0185,5409
-0.306,9987
0.108,2708
-0.165,9133
0.295,1986
-0.0134,5543
-0.209,8904
-0.234,9947
-0.168,9309
0.0694,2842
-0.0796,6436
-0.308,5010
0.114,2280
-0.204,10049
0.0968,2228
-0.44,7623
-0.0268,5191
0.232,1214
-0.65,8505
0.178,2392
-0.159,9480
0.183,2158
-0.0224,5509
-0.0866,8578
-0.141,10187
0.129,1640
-0.181,7733
0.574,117
0.432,10
-0.0681,9141
-0.128,10078
0.111,2621
-0.0206,6029
0.0301,3944
-0.165,8919
0.196,1029
-0.109,9574
-0.303,8494
0.187,610
-0.0304,6647
-0.296,9395
-0.0621,6719
-0.0502,7671
0.1,3503
-0.0741,6996
0.118,2534
0.259,298
0.0415,3729
0.17,1725
-0.171,8227
-0.0826,8216
-0.199,10078
-0.126,6816
-0.0135,5407
-0.0217,6021
0.119,2880
-0.103,6875
-0.216,8700
0.0652,3822
0.0495,2817
-0.24,10175
0.00132,4678
0.422,228
-0.125,8279
-0.052,6279
-0.0789,7990
-0.0182,6181
0.16,305
-0.105,7325
-0.337,8966
-0.0252,5679
0.039,3974
-0.0956,9649
0.0811,2569
-0.167,8108
0.0465,4053
0.184,1105
0.247,115
-0.023,5723
-0.0158,5543
-0.0639,6772
-0.236,9523
-0.197,10018
0.107,1428
-0.0961,8316
0.0142,4752
0.022,4475
-0.19,8422
0.0479,3785
-0.207,9865
-0.133,8982
-0.0533,6459
-0.0736,8462
0.0611,3269
0.0198,3758
-0.0311,5852
0.0144,4463
0.104,2704
0.0366,3316
0.127,1259
-0.0315,5479
0.221,87
-0.0781,7314
-0.0716,7993
-0.0808,8336
0.0373,4135
0.127,2109
-0.029,6035
-0.0917,7641
0.0857,2906
0.00813,4710
-0.22,9910
0.292,301
-0.182,8836
0.00132,5108
0.233,1035
-0.254,9658
-0.118,6964
-0.135,6422
0.00903,4818
-0.0101,5621
0.0349,3861
-0.321,9925
-0.0383,6333
0.12,2928
0.0911,1496
-0.197,10380
-0.0373,6395
-0.0324,6078
0.0823,3927
-0.0627,6146
0.227,66
0.097,1809
-0.0073,5196
0.0574,3000
0.00746,4825
0.0895,3095
-0.132,8344
0.000265,5219
-0.117,8615
-0.00232,5336
-0.0441,6038
-0.0694,7723
0.294,896
-0.0142,5264
0.0685,3474
-0.019,5149
-0.3,7221
-0.0504,5390
0.0174,4441
-0.0253,6839
0.0433,3963
-0.191,7469
0.213,210
-0.245,8642
-0.119,8290
-0.00621,5416
-0.0166,5407
0.144,1250
0.0586,3315
-0.231,8111
-0.345,9780
0.0182,4510
-0.0802,6617
0.00965,4807
0.071,2580
-0.153,9195
-0.0148,6186
0.189,247
0.0988,2695
0.0758,2720
-0.0907,7290
-0.174,9659
-0.0691,8993
0.196,34
0.0873,2235
-0.125,8361
0.00991,4669
0.0935,2496
-0.0243,5962
0.0187,4114
0.0266,4013
-0.169,9377
-0.0264,6720
-0.212,7265
-0.125,9108
-0.0513,6979
-0.213,8479
-0.226,8122
0.0444,3565
-0.177,8944
-0.0984,8730
-0.0194,6191
-0.125,7798
-0.0474,6965
0.162,1237
0.0195,4381
-0.00216,5001
0.175,1173
0.0291,3658
-0.0707,7066
0.051,2135
-0.119,9511
0.039,3508
0.095,1834
-0.0177,5874
-0.0449,6250
-0.305,9590
0.0292,3296
0.0263,3808
-0.029,6234
0.107,1776
-0.119,8722
0.323,616
-0.101,7950
0.0534,3333
0.0572,2864
-0.18,9575
0.149,1550
0.615,242
0.233,788
-0.0184,5979
0.093,2191
-0.276,10338
-0.0806,7981
-0.363,10096
-0.133,9699
0.149,697
-0.128,8209
-0.0808,7900
-0.246,9411
-0.0778,7722
0.0593,3806
0.0885,2813
-0.0511,6788
-0.0662,6412
0.142,2177
0.21,797
-0.416,8673
-0.0139,5825
0.154,530
0.0319,4435
-0.163,5660
0.171,992
0.0417,4161
0.217,862
0.0618,2809
-0.402,9797
0.0182,4810
0.196,2426
0.394,286
-0.101,8898
0.322,135
-0.0251,5463
-0.0887,6277
-0.0882,6965
0.0216,4238
0.0273,3545
-0.116,10134
-0.179,8545
-0.0587,6040
-0.222,9860
-0.167,9190
0.596,524
-0.09,9494
-0.0554,6361
0.0777,2795
-0.174,8192
0.0668,2933
0.0403,4372
-0.025,6275
0.0947,1711
-0.123,6935
0.194,3321
-0.118,8231
0.0473,3599
-0.0968,7708
-0.0346,5853
-0.0973,7496
1.13,0
-0.0314,5565
0.143,629
0.164,752
-0.0278,5637
-0.127,8441
-0.294,10215
0.0464,3514
0.0974,2008
-0.0129,5645
-0.0877,7686
-0.0915,7616
0.258,2839
0.167,1856
0.115,1252
-0.0549,7261
-0.0445,5889
-0.168,9606
-0.0961,7501
-0.254,10419
-0.0918,8626
0.138,3160
-0.0191,5497
-0.0404,5713
0.31,393
0.117,2288
0.191,952
0.123,1712
-0.194,8652
0.0196,3920
0.096,2883
0.0244,3911
-0.0432,6370
-0.075,8657
-0.194,9217
-0.0459,7179
-0.0581,6395
-0.148,8877
-0.0351,6594
0.0662,2068
0.0476,3851
0.139,1987
0.0741,3028
-0.156,9049
-0.128,7801
0.231,235
-0.326,9565
-0.206,8433
-0.0522,6820
-0.156,8231
-0.0104,5376
0.0906,1448
-0.0592,6572
-0.241,8875
0.0312,3812
-0.318,9203
-0.0254,5846
-0.0173,6084
-0.0714,7345
-0.576,10060
-0.0691,6465
0.247,1360
-0.0227,7017
-0.0684,7430
-0.107,7839
-0.0774,7022
0.105,2845
0.021,4423
0.0145,4495
-0.0793,7328
-0.0484,6418
0.32,234
-0.0974,7623
-0.22,9778
0.0844,2273
0.216,1244
-0.114,6861
-0.214,6287
-0.0918,5665
0.0741,3059
-0.0108,5378
0.0263,3780
0.198,715
0.0608,3715
0.241,358
-0.0837,7212
0.316,90
-0.105,6080
0.0661,2284
0.0114,4860
-0.0694,8409
-0.0457,6493
0.321,307
-0.0526,7505
0.00257,4889
0.0238,4336
0.214,387
-0.00222,4586
0.111,1735
-0.29,9991
-0.216,6260
0.063,3772
0.269,281
-0.204,8895
0.134,1740
-0.223,8629
0.0126,4483
0.112,2085
0.057,3495
0.0708,2621
0.0619,2048
-0.0344,6682
-0.0579,6832
0.201,1560
-0.201,6691
0.0814,1460
-0.0053,5214
0.00106,5271
0.075,3673
-0.0383,5508
-0.0743,4323
0.193,2637
-0.192,10281
0.0444,3863
0.146,2228
-0.0769,8436
-0.0594,5948
-0.07,6444
-0.199,9743
-0.23,9903
0.23,628
0.183,1442
-0.0576,6451
-0.0435,5934
-0.137,10018
-0.0526,7707
0.081,2699
-0.00739,5379
0.0197,4453
0.329,149
-0.147,9521
0.0112,4822
-0.177,9643
0.0917,2656
-0.0443,6153
-0.0524,6501
-0.109,9212
0.197,1184
0.571,132
0.0288,4267
-0.0257,5537
-0.286,8495
-0.025,5781
0.163,90
0.0547,2833
-0.114,9577
0.133,2117
0.0108,4492
-0.056,7025
0.0253,4083
-0.317,7659
-0.553,10110
-0.00937,5408
-0.234,5871
-0.123,8884
0.0912,291
0.038,3813
-0.0687,7445
0.067,3594
-0.03,6374
-0.216,10121
-0.0774,7062
0.12,2563
-0.168,9771
-0.0349,6128
0.0949,1578
0.165,946
-0.0597,8248
-0.22,9401
0.0287,3868
0.0684,2920
-0.0898,7705
0.0593,3940
-0.0842,7104
-0.188,9434
-0.207,7870
-0.0307,5648
0.323,471
0.188,178
-0.108,8366
-0.0304,6139
0.383,1180
0.0324,4376
-0.046,5631
0.276,9
0.329,76
-0.166,8302
0.0811,2792
-0.0823,8478
-0.435,9698
0.00309,4874
0.00948,4719
-0.0353,5987
-0.0418,5954
0.0193,4397
0.487,694
-0.0839,7969
-0.0612,6535
-0.21,8660
0.124,2287
-0.905,9938
-0.332,9767
-0.127,8666
0.056,3179
-0.193,8831
0.115,2102
0.12,1974
-0.177,8308
0.0523,3047
-0.079,9254
-0.257,9664
-0.136,9279
0.293,167
-0.103,6988
0.148,1029
0.174,741
-0.0642,7216
-0.0851,7519
-0.135,9800
0.174,462
0.0655,3162
-0.196,10212
0.0681,3485
0.452,159
0.0936,1843
0.0229,4538
-0.0115,5566
-0.214,9976
-0.249,9614
-0.0834,8760
-0.35,9024
-0.095,7664
-0.048,7054
-0.0956,8830
-0.347,7389
0.0927,3344
0.000358,4707
-0.0674,8510
-0.102,9414
-0.0115,5468
0.0561,3204
-0.0806,7178
-0.16,8578
0.21,627
-0.0505,6075
0.0575,2900
0.102,2617
0.514,381
-0.176,9140
0.589,48
0.347,170
-0.263,6679
0.116,3027
0.186,1861
-0.179,8400
0.348,1027
-0.112,6198
-0.316,8014
0.109,3073
-0.0684,5490
-0.064,7264
-0.079,9198
-0.181,10374
-0.246,10211
-0.0344,6351
0.0924,3040
0.18,879
0.102,1837
0.167,1288
0.211,2319
-0.0269,5621
-0.0297,6170
-0.0104,5590
0.0892,3254
-0.0745,6355
-0.244,10036
-0.0635,7663
0.25,913
-0.04,6670
-0.14,9298
-0.0439,9186
0.112,2590
-0.21,9434
0.223,1256
0.29,422
0.0446,3067
0.364,18
-0.0556,6427
0.0624,2575
0.0866,2630
0.00718,4814
0.0361,3654
-0.0349,6236
-0.617,8066
-0.0025,5210
-0.128,7874
0.0787,2305
0.0867,2982
-0.28,10398
2.19e-05,5120
0.16,1631
0.0102,4819
0.226,2540
-0.0249,6557
-0.0637,6784
-0.055,7189
0.397,452
-0.319,9655
-0.199,8727
0.0431,4033
-0.006,5071
0.0625,3383
0.191,1710
-0.254,10446
-0.28,10074
-0.108,8709
-0.121,7234
0.0213,4344
0.147,2098
-0.143,8698
-0.131,8450
-0.108,8133
-0.0772,8214
-0.037,6024
-0.19,8547
-0.032,5877
-0.0462,6358
0.00175,5199
-0.132,9275
0.0283,3859
0.163,2029
-0.17,7677
0.247,1407
0.0942,1848
-0.0982,9264
0.337,293
-0.0735,6617
0.193,1125
-0.298,9260
-0.204,10042
-0.136,9014
0.06,2965
-0.181,9544
0.00273,5060
0.502,4
-0.0851,7918
-0.0346,5620
0.547,176
0.236,937
0.057,3442
-0.263,8956
0.0337,4140
0.0148,4521
-0.196,8476
-0.0325,6494
-0.194,8294
1.27,4
0.0319,3855
0.227,509
0.393,78
-0.132,8996
0.13,1287
0.196,1894
-0.0155,5626
0.0515,2910
0.0278,2391
-0.094,7293
-0.268,9983
-0.0125,5272
-0.0106,5506
-0.218,9337
-0.139,8583
-0.335,9832
-0.0484,7084
0.00488,4985
-0.0269,6596
0.0653,2083
-0.101,8788
0.0561,2782
-0.000414,5035
-0.0808,6318
0.00594,4821
0.239,221
-0.171,9566
-0.0144,5319
0.255,1401
0.108,537
-0.0747,8266
-0.0385,6589
0.0926,3809
-0.0108,6099
0.0532,2092
-0.0822,8860
-0.0702,7472
0.517,947
-0.0315,5783
0.00176,4996
-0.0368,8203
0.138,3383
-0.0935,4447
0.0223,4157
-0.0136,5640
-0.324,10092
0.0536,3354
-0.162,8323
0.0111,4815
-0.194,9655
0.114,1863
-0.224,10073
0.105,3265
0.0849,2793
-0.0126,5414
0.122,2078
-0.0225,6459
-0.0798,8305
-0.0329,5582
-0.305,9216
0.0901,2992
0.143,2137
-0.0532,5930
0.0859,1549
-0.0672,7335
-0.196,9306
-0.172,6829
0.577,66
0.0585,3209
-0.0165,5532
-0.114,9201
-0.044,7127
-0.0414,6145
-0.107,6996
-0.00818,5612
0.185,330
0.162,1092
0.173,1299
-0.149,9852
-0.28,8627
-0.0532,7873
-0.241,10388
0.114,2218
-0.186,9821
0.334,1144
-0.12,8570
-0.0956,9068
-0.18,9808
0.0749,3047
-0.0932,7472
0.0615,2992
-0.0266,5599
0.168,1117
0.0134,4544
0.0613,3261
-0.0659,7517
-0.078,6523
0.0135,4513
-0.034,7253
0.122,952
-0.0577,7045
-0.0663,5435
0.0258,3891
-0.242,9547
-0.203,10429
-0.0405,6917
0.106,2106
-0.304,10249
0.231,512
0.0451,4034
0.0811,3792
0.0298,3776
-0.0332,5461
0.0396,3517
0.317,929
0.219,2757
-0.118,9270
0.165,1731
-0.133,9335
0.0798,2863
0.0989,2265
-0.092,7629
0.0867,2617
-0.0457,7729
0.0566,3175
-0.101,7763
0.0459,3633
-0.0485,6627
-0.11,9976
-0.07,8291
-0.0531,6478
-0.28,9348
-0.128,8116
-0.0535,7363
0.0484,3467
0.0429,3847
-0.0642,6770
-0.262,8949
0.072,3742
-0.263,10305
0.0156,4540
-0.264,6281
0.465,1974
0.387,180
0.32,2256
0.262,22
-0.0752,6536
0.361,660
0.151,1324
0.197,81
0.0449,3971
0.183,718
0.637,342
-0.144,9192
0.269,937
0.0573,3216
-0.0884,8955
0.0566,3029
-0.102,6282
-0.114,7336
-0.073,8534
-0.0588,7044
-0.117,8701
-0.0379,6219
-0.314,9317
0.267,689
0.208,954
-0.0431,6225
0.0299,4279
0.0102,4792
-0.115,7940
-0.175,8979
0.121,2532
-0.0651,6555
-0.117,8305
0.0259,3513
0.0516,3579
0.203,1725
0.0823,3464
-0.0129,5600
-0.0113,5337
5.69e-05,5105
-0.0477,5827
0.23,713
-0.223,9652
-0.0167,5258
-0.247,9486
-0.166,10254
0.0494,3603
0.215,2124
0.0688,2930
-0.0165,5972
-0.184,9974
0.177,679
0.0398,4220
0.0423,4304
-0.525,9499
-0.127,7862
-0.0994,9820
-0.171,9541
-0.199,6122
-0.0435,6261
0.00769,4952
0.176,414
-0.01,5339
0.0635,2966
-0.0518,5600
-0.497,9270
-0.182,9947
-0.0346,6709
0.022,4284
0.277,278
0.0289,4429
-0.227,8489
0.0206,3667
0.0247,4321
0.131,1756
-0.108,8620
0.38,861
-0.189,9730
0.137,589
-0.0193,5788
-0.145,9734
0.0999,2636
0.0313,4238
0.062,3976
-0.0804,7376
-0.0129,5545
-0.0723,7084
-0.0107,5381
-0.122,7266
-0.0322,5925
-0.0999,8422
0.123,1659
-0.174,8525
-0.111,8240
-0.149,8781
0.00794,4797
-0.0278,6171
-0.0991,9198
0.0879,3477
-0.432,8060
0.0102,4705
-0.482,9938
0.0931,1729
0.0499,3174
0.0802,3173
-0.0226,5642
0.00385,4943
-0.0788,6120
0.159,405
0.385,77
-0.213,9616
-0.187,9952
0.183,1160
-0.00697,5064
0.0737,2628
0.159,1620
-0.112,8014
-0.0956,6656
0.0573,3602
0.0202,4476
-0.0707,8113
-0.0128,6081
-0.00593,5125
-0.0853,7838
0.202,1018
-0.264,9232
0.0578,3286
0.177,2162
-0.00981,5274
-0.105,8771
-0.251,9379
-0.135,9850
0.084,894
-0.293,8381
0.115,1461
-0.254,9040
-0.0452,6460
-0.0273,6425
0.187,94
-0.133,9045
0.157,1188
0.0498,3527
-0.312,8827
-0.161,10047
0.112,1200
0.0204,4159
0.269,900
-0.164,6398
0.363,952
-0.42,10340
0.077,2232
0.299,505
0.0445,3225
-0.171,8164
-0.0853,6974
-0.0296,5855
0.0353,3241
0.561,6
0.25,681
-0.0162,5481
0.00425,4922
-0.0475,7423
-0.0855,8449
-0.255,8801
-0.0638,6972
-0.26,9663
0.0936,3451
0.253,549
-0.164,8973
-0.354,7708
-0.317,9055
-0.383,7206
-0.48,9841
0.0199,4764
-0.0586,7174
-0.0581,6775
0.0546,3196
0.0161,4642
-0.52,10099
0.117,1812
0.0884,3752
-0.138,7514
-0.105,7066
0.305,444
0.0229,4512
-0.00274,5324
0.234,173
-0.126,8602
-0.129,4052
-0.169,9132
-0.0142,5401
-0.0105,5160
-0.114,7610
-0.152,7615
0.0664,3493
0.267,2364
0.205,1952
-0.147,9668
0.0458,2896
0.13,1899
0.205,867
-0.457,9852
0.103,2017
0.0648,2635
-0.208,9681
-0.213,9966
-0.184,8689
-0.00448,5094
0.0253,4222
0.0707,2233
-0.117,9422
-0.132,8660
-0.125,8367
-0.066,8651
-0.127,8677
-0.00438,5392
-0.215,10114
-0.17,8800
-0.181,9640
-0.178,9029
0.319,245
-0.0646,8877
0.159,511
0.246,134
-0.0916,8125
-0.462,9553
-0.152,7769
-0.125,9598
-0.141,9620
-0.11,8406
0.293,1039
-0.00771,5568
0.272,1721
-0.117,10100
-0.0323,7371
-0.224,8263
0.044,3983
-0.00925,5295
-0.25,9827
0.231,764
-0.0429,7102
-0.0273,6021
0.0836,2855
0.0324,4301
-0.199,10142
0.139,266
0.67,40
-0.243,8210
-0.0109,5562
0.14,3079
0.391,1968
0.131,1379
0.135,1051
-0.184,8732
-0.294,8784
-0.242,9392
-0.0152,5476
-0.00693,5720
-0.0489,6497
0.0413,3734
-0.165,6569
-0.154,9295
-0.0881,7557
-0.0467,7248
-0.399,9892
-0.00204,5043
0.0508,3183
0.0464,3661
-0.0011,5454
-0.0932,8681
-0.0167,5231
-0.014,5689
-0.128,7712
0.298,769
-0.007,5575
0.442,90
-0.0734,5823
-0.158,5925
-0.21,9147
0.794,1339
0.332,1011
-0.131,8426
-0.164,9887
-0.0724,7178
-0.0771,8285
-0.0202,5775
0.0477,3213
-0.042,6875
0.0814,3223
-0.0595,6941
-0.0855,8391
0.0151,4539
0.294,608
-0.00831,5413
-0.00357,4996
0.0184,4070
-0.0268,6583
0.0358,3784
0.0167,4405
-0.00539,4788
0.112,1689
-0.166,9759
0.126,2194
-0.158,9239
-0.0699,6272
0.0271,4418
-0.0203,5252
0.268,110
-0.00454,5286
-0.154,9008
0.204,724
0.126,2624
0.0208,4057
0.234,587
-0.192,8776
0.152,1511
-0.225,9812
0.141,2429
-0.159,8108
-0.113,7939
0.0276,3373
-0.019,5390
0.197,148
0.103,2455
0.104,3061
-0.172,10048
-0.164,10268
-0.0321,5930
-0.188,8445
-0.397,9588
-0.137,6610
0.0289,3879
-0.0296,6180
0.0119,4324
0.492,81
-0.203,8037
-0.11,7218
-0.0794,7510
-0.0517,7334
0.0753,2387
-0.154,9924
0.0159,4540
0.0374,3457
-0.03,5918
-0.111,8571
-0.178,9802
-0.0976,8283
0.197,739
0.129,1237
0.0665,1603
-0.115,8805
0.0309,4038
0.14,1963
-0.1,7622
0.0311,4035
-0.179,8791
-0.0275,6373
-0.0372,6410
-0.00876,5618
-0.163,7379
-0.0937,7548
-0.0534,6098
0.192,545
-0.0327,6145
0.176,2271
0.147,2561
-0.0846,9463
-0.251,9859
-0.131,8564
0.113,1733
0.128,2540
-0.0845,8411
-0.343,9177
-0.17,6406
-0.187,9058
-0.276,9256
0.354,495
0.0911,2311
-0.103,8081
-0.105,9362
0.356,107
-0.17,9037
-0.237,9613
0.0287,4419
-0.23,9809
-0.0521,6917
0.0191,4360
0.145,1197
-0.0284,5999
-0.146,9151
0.255,160
0.0554,2801
-0.304,9192
0.187,1902
-0.0566,6880
-0.209,9477
-0.114,9924
0.295,189
0.079,2689
-0.149,9254
-0.00182,5081
0.256,579
0.0762,3439
0.0327,3993
-0.102,9358
-0.0218,5665
-0.133,8547
-0.101,7831
-0.182,8911
-0.0963,8041
-0.116,7329
-0.0464,6578
0.203,1835
-0.0886,5562
0.0835,1863
-0.0263,6851
-0.0471,6529
-0.0644,7076
0.048,3305
-0.183,6935
-0.0357,7283
-0.113,9337
0.04,4187
0.00933,4936
-0.276,8815
0.19,1041
-0.157,9231
0.319,57
0.159,1515
-0.123,8264
-0.115,8911
-0.569,10001
0.357,172
0.0848,2404
-0.0664,6526
0.179,1963
0.000977,5065
-0.143,7395
0.058,2161
-0.114,9293
0.0566,3101
0.143,1252
0.156,1132
0.106,3352
-0.0789,7846
0.0399,3948
-0.228,6819
-0.131,9246
-0.258,10270
-0.0746,8192
-0.0559,7778
0.0253,3868
0.368,170
-0.0819,8408
-0.163,8990
0.418,37
0.0928,1245
0.0414,2632
0.0145,4376
0.00491,4890
-0.0872,7154
-0.205,9386
0.0195,4575
0.0934,1520
0.0913,2552
0.53,200
-0.0756,7094
-0.0662,6832
-0.0986,9310
0.0716,2741
-0.0363,5693
0.222,741
-0.0158,5486
-0.213,9320
0.0298,3011
0.116,1494
0.362,248
-0.236,9716
-0.208,7350
-0.266,9855
0.000264,5248
-0.0516,8036
0.167,583
-0.0622,6781
-0.22,7101
0.0639,3502
-0.0222,6073
0.0202,3848
-0.519,10183
-0.0215,6009
0.0221,4302
0.122,2818
-0.0559,7127
0.17,634
0.0184,4667
0.488,242
-0.169,9230
-0.351,10047
-0.157,9794
-0.157,9683
0.0571,3171
0.0524,3651
0.121,1177
-0.0105,4627
0.0983,1248
-0.000586,5264
-0.0423,5957
-0.0671,7246
-0.181,6606
-0.103,8186
0.241,30
-0.124,9405
-0.311,9669
-0.42,10343
0.372,747
-0.216,7977
0.129,1405
-0.0745,6644
-0.141,9264
-0.0543,7222
0.012,4584
0.175,2132
-0.0189,5843
-0.155,9412
-0.284,10215
-0.0664,7592
0.307,2666
-0.114,6134
0.132,1780
-0.0126,5395
0.064,2663
0.138,2895
0.0624,3366
0.0989,3709
-0.103,8122
0.108,2028
-0.019,5178
-0.116,5501
0.249,874
-0.212,7834
0.0375,2870
0.333,134
-0.115,8397
-0.0952,6897
0.0865,2214
-0.14,7194
-0.0308,6376
0.0348,4198
0.021,4242
0.00613,4780
0.0349,4167
-0.0938,6724
-0.0523,8038
-0.258,9932
0.14,1497
0.166,1412
0.542,399
-0.129,8038
0.14,589
-0.189,10190
0.0843,3036
-0.169,9760
-0.116,6953
0.136,2045
-0.058,7317
-0.103,7995
0.322,590
-0.0376,6003
0.242,13
-0.0131,5082
0.028,3914
-0.0319,7425
0.0979,1486
0.0287,3698
0.101,2173
0.16,1285
0.12,2674
-0.0574,7899
0.141,976
0.229,1573
0.0249,4534
-0.0907,6095
-0.163,6756
-0.044,8048
-0.00356,5123
0.0235,4754
-0.109,9124
-0.0636,6401
0.339,194
0.048,2854
0.0829,801
0.0366,4548
-0.141,4911
-0.301,5216
0.319,1010
-0.241,7986
-0.0401,7452
0.0745,3208
-0.0922,7247
0.133,1143
-0.00864,5681
0.106,1272
-0.0931,8009
-0.263,9815
0.157,1972
0.0295,4139
-0.0824,7405
-0.152,10067
0.0336,3701
0.216,1374
0.21,1782
0.0555,3753
0.154,1155
-0.205,7688
0.782,11
0.0761,2805
-0.151,8389
-0.377,8988
0.0595,3522
0.0191,4432
0.171,559
-0.687,8748
-0.139,6269
0.874,434
-0.251,9405
-0.0596,7557
-0.117,8005
-0.337,6418
-0.291,8103
-0.709,8561
-0.325,5546
-0.0456,6632
-1.04,9579
-0.0957,6072
-0.398,8186
0.0181,4575
0.713,1946
0.144,1533
-0.00623,5318
-0.136,8632
0.459,31
0.0177,4811
-0.0759,8005
0.124,2568
0.155,1760
-0.081,9347
0.765,608
0.167,1389
0.0711,3041
-0.0283,6579
-0.186,8527
-0.0555,7797
-0.0531,6735
0.194,1475
-0.0257,5422
0.0102,4931
-0.27,10396
-0.0893,7954
0.153,1216
-0.127,10148
-0.0566,7576
-0.396,10175
0.214,1756
0.829,147
0.0956,2258
0.751,24
0.0144,4190
-0.324,7623
0.23,2521
0.264,1531
0.00193,5007
-0.0934,8065
-0.0968,7904
0.0478,3566
0.0842,2616
-0.0655,6843
-0.00688,5355
0.0429,2904
-0.117,8812
0.00848,4746
-0.163,8589
0.174,1264
-0.0031,5017
0.0451,2760
-0.0892,9550
0.485,953
-0.00211,4571
-0.748,9905
0.142,2084
-0.0266,5423
-0.281,10266
0.39,301
-0.209,9614
-0.0292,6054
0.0837,1795
0.234,126
-0.525,10293
-0.138,8768
-0.21,4959
-0.192,8551
0.0686,2199
0.0974,2020
0.113,2679
-0.00119,4935
-0.232,8827
0.129,2691
0.0121,4514
-0.118,8180
-0.0873,7531
0.0701,3267
0.0242,4308
0.123,1666
0.0915,1470
0.00392,4689
0.57,334
-0.0155,5339
0.0012,5132
0.162,2694
-0.0338,6841
-0.0618,6326
-0.0964,6055
0.133,1340
-0.219,8457
0.0803,2067
-0.186,8248
-0.104,7500
0.156,2078
0.0973,1941
0.0725,3162
0.0677,2284
-0.00167,5348
-0.0913,9734
-0.0155,5343
-0.259,10128
-0.0485,6321
0.41,1336
-0.0123,5339
-0.0226,5938
-0.0313,5976
0.173,298
-0.0897,5052
-0.148,7550
-0.151,9259
-0.0227,6986
0.147,3554
0.364,1174
0.272,2457
-0.318,8657
-0.00869,5078
-0.162,6565
-0.193,9254
-0.0612,6730
-0.0867,8150
0.202,739
-0.114,10290
0.172,219
0.197,634
-0.108,8123
-0.0952,6855
0.0109,4864
0.786,67
0.177,728
-0.131,8609
0.0675,3294
0.264,246
-0.0183,5565
-0.0455,7755
0.0811,3027
-0.157,9150
0.325,651
-0.211,9356
-0.369,10187
-0.0348,6314
0.0198,4688
0.0483,3778
0.319,43
0.104,3209
0.0554,3110
-0.228,8911
0.0102,4595
-0.211,10291
-0.0736,7186
0.0641,3556
-0.325,8625
0.0688,2932
-0.138,8687
-0.115,9482
-0.0911,7780
-0.085,7134
-0.035,6203
-0.0231,6176
-0.132,9965
-0.0527,5932
-0.163,8796
-0.171,8336
0.0786,3359
0.23,209
-0.0609,6737
-0.327,10070
0.065,3267
-0.138,7645
0.0532,3770
-0.279,10268
0.105,1557
-0.285,9237
0.0543,3565
-0.165,8549
0.0443,3787
-0.227,9841
-0.0277,6605
-0.173,9306
0.317,1145
0.11,3122
0.131,1731
0.72,7
-0.283,10338
0.0412,3223
-0.0476,5998
-0.0685,8194
-0.132,8970
0.0986,2097
-0.0886,7642
-0.288,9934
-0.0228,5281
-0.0776,6689
-0.00551,5446
-0.0159,5661
-0.169,5379
0.121,2664
0.0698,4032
0.275,28
-0.107,8407
0.053,2122
0.00593,4710
-0.031,5877
0.289,1025
0.00869,4402
0.187,649
0.193,701
0.209,1003
0.0908,2074
-0.0132,5093
-0.034,6710
-0.102,8409
-0.203,10401
0.867,4
0.284,14
0.0152,4571
0.392,526
-0.246,8713
-0.216,10106
-0.0122,5533
-0.0176,5491
0.0565,3046
0.101,3356
0.0221,4206
0.0547,1865
0.032,4022
0.0388,3984
-0.127,9706
-0.104,8118
-0.0473,7298
-0.0899,9590
0.238,182
-0.129,8315
-0.499,10300
-0.25,8016
0.0209,4338
-0.0823,8960
-0.166,8450
-0.115,8514
-0.183,8946
-0.367,8487
0.0784,3129
-0.0388,6199
-0.19,8609
0.125,1898
-0.108,6570
0.204,404
-0.018,5452
0.209,651
0.0161,4429
0.254,445
-0.00826,5104
-0.148,6819
0.0681,2600
0.072,897
-0.0107,5586
0.367,819
-0.0124,5440
-0.0778,6967
-0.163,10247
0.0678,2346
0.806,174
-0.0309,6168
0.0794,3945
-0.282,10088
0.204,551
0.0671,1406
0.31,83
-0.0442,6791
-0.138,8350
0.0512,2825
0.125,826
0.198,103
-0.0889,6778
-0.0627,6950
-0.113,8538
-0.107,8230
0.168,3161
0.0178,4498
0.00161,5038
0.0798,2570
0.154,1908
-0.0434,6717
-0.043,6948
0.236,1224
-0.175,7686
-0.0845,7196
0.0083,4546
-0.169,8239
0.106,1697
-0.00935,5484
-0.073,8530
-0.00181,5235
-0.105,8367
-0.0246,4340
-0.0599,9613
-0.0465,6909
0.00956,4805
0.00828,4878
0.461,204
0.149,1280
-0.03,5753
-0.0805,8432
-0.0809,8001
-0.126,7945
0.0489,3538
-0.366,9087
0.0819,2943
-0.0636,7200
0.774,503
0.0944,2437
-0.0804,6563
0.0751,3140
0.0356,3787
0.00392,4900
-0.0997,8487
-0.0819,7247
0.305,708
0.166,756
-0.341,10093
0.0637,3427
-0.133,9344
0.0884,2953
-0.0158,5780
-0.0253,6685
-0.000223,5172
0.186,1272
-0.107,7608
-0.397,10102
-0.392,10195
-0.0855,6245
0.07,1736
-0.106,9053
0.0114,4585
0.0803,3045
-0.448,9408
0.166,1940
0.0254,3814
0.0905,2769
-0.326,10205
-0.189,8974
-0.226,6627
0.0433,3742
-0.00752,5519
-0.0985,9540
0.0228,4577
-0.0553,6110
0.21,3064
-0.0763,6448
0.321,211
0.183,2254
-0.0882,7877
0.00239,5052
-0.0333,6492
-0.192,7809
-0.13,10262
0.0164,4112
-0.0404,6250
0.0119,4626
-0.0909,7221
-0.349,9502
-0.166,9649
-0.0093,5479
-0.0864,8755
-0.0874,8800
-0.0115,5480
0.117,1911
0.0486,1661
0.364,267
0.137,2728
0.26,848
0.0528,3403
-0.0314,5833
-0.118,8301
0.00761,4165
-0.0863,6489
-0.0441,5866
-0.143,7527
-0.0593,6964
-0.0743,8919
-0.0329,5608
-0.454,10158
0.0425,3920
0.0328,4531
-0.0569,7027
0.114,1600
-0.216,9887
-0.0278,5774
0.205,987
-0.00411,5417
-0.182,10156
-0.0621,8437
-0.0679,9421
0.0802,3645
-0.0537,7169
0.117,3242
0.0457,3798
-0.104,8787
-0.0423,6801
0.00827,4722
0.0965,3154
-0.0936,8534
0.228,1520
-0.0393,8219
-0.0535,7024
0.222,964
-0.111,7918
-0.132,8377
-0.0444,6415
-0.0939,9037
0.0338,3781
0.198,1236
-0.0735,6684
-0.00888,5231
0.00655,4718
-0.142,10242
0.0274,4056
-0.222,9076
-0.11,9009
-0.185,7200
0.0433,3965
-0.0214,5704
0.0508,2028
-0.222,9420
0.0641,3471
0.0486,3684
-0.0208,5537
-0.123,8257
-0.0847,7825
0.0229,4483
0.227,2294
-0.194,8989
-0.0771,6794
-0.0905,8713
-0.161,9570
-0.0537,3357
-0.108,8097
-0.00381,5123
0.0483,3959
-0.0622,9566
-0.00283,5149
-0.0714,6619
0.0551,3574
-0.112,8785
0.144,1464
-0.0846,9278
-0.0934,8279
-0.321,10168
0.313,828
-0.227,9701
-0.09,7852
0.00156,5077
-0.0548,7070
0.145,1597
-0.2,8771
-0.0106,5530
-0.0794,6313
0.11,1512
0.0468,3440
-0.111,6849
-0.207,8479
0.884,928
-0.413,10285
-0.0541,6985
-0.00934,5462
-0.158,8204
-0.0963,7056
-0.142,9746
0.225,1569
-0.000774,5024
-0.00619,5419
-0.281,9108
-0.173,8196
-0.0109,5806
0.275,1716
-0.223,9623
-0.165,9772
-0.237,7532
-0.117,8729
-0.449,7168
-0.275,8505
0.124,861
-0.164,4003
0.0456,3988
-0.171,6936
-0.0985,8983
-0.0116,5820
-0.000872,5141
0.958,172
0.0863,3492
1.33,445
-0.175,7710
-0.17,7976
-0.233,9415
-0.23,9575
-0.119,7595
-0.186,7090
-0.0475,6372
0.0863,1273
0.139,2239
0.276,1549
-0.199,5969
0.000816,4658
0.0308,3974
0.233,738
0.0024,4952
0.0405,4296
0.0778,2919
0.321,2020
-0.153,6506
-0.1,9252
0.104,1946
0.11,2818
-0.0399,7063
0.543,1438
-0.079,7571
-0.0673,8343
-0.156,9483
-0.177,5469
0.0647,3555
0.322,2028
0.106,2725
-0.0278,5872
-0.0885,9320
0.11,2114
-0.0477,6921
-0.301,6916
0.0361,3898
-0.0844,7532
0.051,2405
0.101,3310
-0.0721,7060
-0.0555,6773
0.01,4740
-0.0943,8472
-0.0207,6167
-0.0705,6484
-0.117,7614
-0.352,9736
0.12,2399
-0.071,8547
-0.149,10194
-0.00532,5182
0.905,679
-0.0325,5635
-0.1,8123
0.0168,4217
0.0415,2680
0.00653,4758
0.00101,5115
0.157,1218
0.099,2937
-0.317,9987
0.0482,3169
0.174,2044
-0.0773,7673
0.199,1292
-0.121,7507
0.275,239
-0.122,8509
0.165,1302
0.0488,2387
0.225,1263
-0.0409,6103
0.00436,4910
0.000925,4901
0.353,767
0.37,818
-0.408,9683
0.732,240
-0.00728,5506
0.281,983
0.0868,2796
0.00379,4825
-0.0719,6988
-0.119,5187
-0.013,5473
0.00172,4616
-0.0743,6616
0.16,2709
-0.03,5874
0.182,579
0.111,1994
-0.127,9608
-2.33e-05,4995
-0.1,8208
-0.188,8810
0.216,926
-0.0327,6541
0.155,729
-0.0148,5539
-0.0434,7110
0.0606,4057
-0.15,8699
-0.106,9411
-0.186,10178
0.0879,2554
-0.0626,6709
0.183,2066
-0.0593,6804
-0.0273,6289
0.0925,2354
0.0302,3892
-0.114,8311
-0.138,7939
1.25,7
-0.0898,8323
-0.148,10151
-0.29,8128
-0.142,6908
-0.0349,6398
0.138,1427
0.0383,3792
-0.0628,6080
-0.0652,6783
-0.0695,8585
-0.157,9007
0.0248,4018
-0.0528,7526
-0.0969,9916
0.0721,1260
-0.0687,8132
0.0677,2027
0.0153,4486
0.0456,3904
0.279,327
-0.162,9781
-0.101,8256
0.0593,3290
0.02,4531
-0.158,9227
0.0403,2886
0.442,973
-0.0488,6414
-0.128,9692
-0.13,8347
0.285,1867
0.0485,3909
-0.201,9604
-0.104,8419
0.0135,4482
0.822,1249
0.0974,1859
-0.0535,6043
-0.0367,6841
0.128,1177
-0.589,10232
0.0919,2427
0.0369,3907
-0.176,8875
0.0392,3964
-0.00676,5082
-0.151,8634
-0.0933,7367
-0.0944,7777
0.0477,2389
0.156,2278
-0.118,6481
-0.58,10247
-0.218,7055
0.0523,3360
0.0724,2589
0.0985,2546
0.0381,3579
-0.368,9778
0.0786,3866
-0.0268,6132
-0.0374,6198
0.0253,4034
-0.195,7999
-0.154,9635
-0.0206,5540
-0.189,10354
-0.0523,7878
0.483,409
-0.0118,5568
0.14,1839
0.171,915
-0.204,10425
0.0965,2981
-0.259,8648
0.159,697
0.245,1183
-0.0564,7307
0.0342,3637
-0.24,9708
-0.0659,6584
-0.149,8251
0.0638,3948
-0.22,7251
0.0759,1866
-0.0284,6512
0.0328,3941
-0.116,7230
0.0838,3497
-0.0897,6065
0.112,1422
0.158,1615
-0.054,6840
-0.000458,5078
0.0334,3927
-0.132,9078
-0.0573,7262
0.0232,4379
0.25,493
-0.102,8102
-0.169,7858
0.307,1235
0.097,1858
-0.0438,7933
0.247,221
-0.245,9113
-0.1,7760
-0.469,8415
-0.098,8760
0.142,1389
-0.0812,7270
-0.0322,5275
-0.157,7523
0.401,668
-0.00393,5626
-0.0427,6711
-0.0619,7215
0.3,370
0.0322,4046
0.0225,3873
0.031,3898
0.027,3982
-0.232,8914
0.203,1444
0.135,2920
0.256,1864
-0.0401,6927
0.0186,4108
0.0656,3724
0.106,1924
0.17,2133
-0.0943,7093
0.168,676
0.0068,5018
-0.0281,5611
-0.0413,5979
-0.241,9914
-0.099,8766
0.212,954
-0.067,7012
-0.288,9408
-0.33,7868
0.0992,3348
0.0845,1081
0.14,832
0.111,2294
0.087,2993
-0.258,9067
-0.0147,5616
-0.125,9106
0.0546,3455
0.0308,4206
-0.0637,6401
0.159,1902
0.0059,4830
-0.0531,7853
0.117,1436
-0.0826,6950
-0.147,9421
0.0363,3737
-0.286,7498
-0.0356,6914
0.285,198
-0.141,8998
0.0985,2077
0.0962,2567
0.0153,4543
-0.118,6988
0.0114,4605
0.00374,4649
-0.0137,5545
-0.25,8211
0.203,1431
0.00763,4807
-0.172,8585
0.106,1786
0.284,720
-0.145,7307
-0.384,7754
-0.0746,7827
0.248,55
0.164,1674
0.171,2642
0.295,2001
-0.186,9750
-0.142,10203
-0.00164,5109
-0.199,9967
0.0048,4524
-0.0441,2926
0.0478,3044
-0.202,9828
-0.379,10440
-0.22,10267
0.163,1919
-0.00662,5155
-0.0339,6408
0.0407,4247
-0.259,10170
0.0777,3384
-0.0982,9248
0.0436,3525
-0.144,8825
-0.0832,7366
-0.0931,7344
-0.0466,6234
-0.0861,7293
0.704,142
-0.201,8641
-0.111,8877
0.155,3253
0.148,1810
-0.0377,6761
0.0648,3620
0.00977,4734
-0.0789,9517
0.0642,2036
-0.0991,6395
-0.174,8710
-0.278,9860
0.0172,4108
0.209,957
-0.093,7283
0.181,1244
0.478,1546
0.689,1331
0.129,2598
0.0571,3553
0.332,676
0.469,1135
0.157,1607
-0.0631,6362
-0.169,10154
-0.114,10386
-0.143,7620
-0.0747,7736
-0.0896,5734
0.000563,5076
-0.107,8497
0.0112,4500
-0.0506,6278
0.0542,3765
0.169,1669
-0.0509,6525
-0.0551,7864
0.0485,3221
0.23,1610
0.289,769
0.0524,3531
-0.291,8107
0.118,2780
-0.133,9851
-0.0798,7033
0.326,373
-0.199,6881
-0.00046,5104
0.0223,4028
0.0234,4232
-0.0563,7871
-0.0309,6135
0.00218,5092
-0.0781,7130
-0.00541,5391
0.102,2050
-1.28e-05,4973
0.0564,3981
0.192,2739
0.00293,4870
-0.0485,6546
0.0822,2677
-0.123,7783
0.0901,3261
0.119,1069
0.0352,4359
0.274,81
-0.0563,7442
0.105,2836
-0.0329,6808
0.126,2991
0.181,2586
-0.032,6816
-0.0976,9639
-0.129,8796
-0.0901,7294
-0.136,8007
-0.27,9960
-0.055,8528
0.18,301
-0.044,6443
0.124,2464
0.219,2781
-0.117,7889
0.0134,4446
-0.151,10192
-0.546,7711
0.748,389
0.0576,3475
-0.195,6484
-0.166,9258
-0.124,9902
-0.461,8171
0.268,203
-0.0508,5643
-0.125,8399
-0.0386,7053
-0.0466,6500
0.169,1619
-0.0738,9087
-0.274,8445
0.0388,3970
-0.231,9562
-0.049,7695
0.336,331
-0.12,7505
-0.017,5395
-0.29,8738
-0.039,6347
-0.0666,7649
0.15,1949
0.161,1965
0.181,1308
0.514,705
0.0854,2192
0.0597,2964
-0.267,6446
-0.148,4030
-0.14,9263
0.452,233
-0.15,7719
-0.247,8912
0.173,2461
0.072,2566
0.0808,2210
0.0889,3459
0.719,21
-0.252,7196
-0.257,7935
0.0969,1180
-0.16,10164
0.439,130
-0.126,8860
0.0614,2835
-0.125,8659
-0.0142,5990
0.0401,3704
0.218,1398
0.402,1505
-0.159,7801
0.0688,3005
-0.0327,6187
0.0246,3632
0.272,1347
0.0389,3922
0.0928,2880
0.0256,4079
-0.0179,5416
0.234,1062
-0.43,8580
-0.434,10279
0.102,2582
-0.359,10309
0.145,785
-0.109,9340
-0.655,8015
-0.0634,6260
0.0745,3612
-0.106,10060
-0.048,8024
-0.0576,8329
-0.52,7153
-0.236,6215
0.241,2036
0.267,1001
0.359,425
1.31,681
-0.17,6619
-0.397,6170
-0.552,10017
4.31,56
0.111,2404
-0.0461,5640
0.0756,1983
-0.0116,5722
-0.222,5304
1.17,105
-0.0711,4674
-0.138,5240
0.0918,3480
-0.0268,6364
0.269,1153
0.166,1630
0.107,2680
-0.0083,5179
-0.0271,5639
0.152,2825
0.155,1304
0.00828,4861
-0.0104,5610
-0.000102,5053
0.129,1930
0.00167,5111
-0.0705,7727
0.346,18
0.0148,4668
0.0722,2281
-0.0209,6417
0.103,2896
-0.104,5973
-0.137,6834
-0.156,7898
0.0661,3314
-0.163,8823
0.0467,3706
-0.281,9687
-0.218,9611
-0.115,7168
0.107,683
0.105,3364
-0.53,8503
-0.335,9384
0.0966,563
-0.00351,5704
-0.137,8258
-0.267,10091
-0.208,8949
0.374,37
0.0791,2413
-0.028,5742
-0.0239,5562
0.176,2259
-0.00545,5168
-0.00744,4830
-0.23,9811
0.0156,4075
0.115,3300
0.362,338
0.291,1615
-0.189,10364
-0.272,10468
0.159,1592
-0.282,10360
-0.0906,8073
-0.191,8093
0.0662,3652
-0.0556,5600
0.0853,1479
-0.14,7568
0.0931,3251
-0.0553,6612
-0.0373,6442
0.00465,4800
0.0823,2076
0.718,876
-0.144,6690
-0.0207,5827
-0.14,7494
-0.106,9438
-0.186,8196
0.203,1929
0.0488,3921
-0.0757,6477
0.205,1280
0.029,4035
-0.253,7152
0.179,2155
0.00607,5028
0.148,1727
-0.00987,5701
0.0597,2466
0.0385,4002
-0.251,6669
-0.0412,6161
0.249,1566
-0.0785,8987
-0.00918,5305
-0.178,10195
0.153,852
-0.421,9330
0.162,1522
0.022,4391
0.195,1511
0.0472,2554
0.271,67
-0.131,9432
-0.0114,5036
0.104,3012
-0.00861,5500
-0.0386,6802
-0.165,9646
-0.136,8887
-0.156,9069
0.0696,2871
-0.0966,9248
0.0108,4607
-0.029,5733
-0.0729,6544
-0.0711,6565
-0.0234,5853
-0.0108,5322
-0.088,9360
-0.00887,5328
0.183,1079
0.0083,4838
0.18,1000
0.066,2361
0.161,2444
0.321,170
-0.0406,7423
-0.596,10136
-0.0056,5488
0.109,2280
0.0796,2641
-0.425,9913
-0.0768,6216
0.0659,3644
-0.26,10395
0.11,1350
-0.109,8340
-0.00345,5177
0.0525,3517
-0.182,8786
-0.139,9330
-0.0191,5831
-0.132,6674
-0.00689,5277
0.0596,3511
0.159,979
0.0624,3682
-0.0732,8755
0.167,1154
0.0384,3607
-0.0604,7679
-0.357,9936
0.143,1138
-0.163,9982
-0.15,7730
-0.303,9404
-0.388,9261
-0.0468,6905
-0.341,9909
-0.192,9575
0.0693,3269
-0.26,9210
-0.174,7549
-0.0451,6301
0.13,891
0.0949,1913
-0.0817,7010
0.0232,4199
-0.138,9680
0.0592,3096
0.0609,3109
-0.013,5337
-0.254,4887
0.384,26
0.127,1956
-0.0725,7951
0.222,787
-0.0888,7225
-0.0905,7554
-0.0474,6963
-0.0204,5540
-0.202,9509
0.0351,3121
0.00853,4383
-0.18,9203
-0.0241,5547
0.0775,3177
-0.194,8154
0.0349,4015
0.198,875
-0.212,8945
0.132,2703
-0.0304,6069
-0.0526,6418
0.00843,4598
-0.0316,6074
0.0586,3801
-0.141,7973
-0.183,6324
0.214,1461
0.0717,3525
-0.0406,7197
0.0363,4224
-0.194,5267
0.00122,4848
0.0814,2714
0.0591,1672
-0.0432,8101
-0.19,7279
-0.00087,5487
0.165,1408
-0.0545,7302
-0.0679,8280
0.0433,3705
-0.00241,5074
0.0752,3961
-0.05,7540
-0.0715,6685
0.176,492
-0.0331,7115
-0.0804,7254
0.156,1476
-0.14,7771
-0.0559,7550
-0.122,7089
-0.118,8790
0.172,1490
-0.0578,6735
0.996,127
-0.199,8406
0.00216,4882
0.0477,3501
-0.103,7870
-0.0324,5876
-0.353,9898
0.171,1751
-0.0695,7825
-0.0957,9099
-0.00401,4954
-0.236,9802
-0.209,10035
0.102,1936
-0.0681,9412
-0.0679,7413
-0.102,8875
0.0466,3797
-0.243,9890
-0.0171,5220
0.0487,3204
-0.0523,6812
-0.156,9215
-0.0896,8049
-0.385,9876
-0.323,8305
0.213,344
-0.0885,8803
-0.144,9183
-0.0402,6288
0.0931,3413
0.12,1757
-0.0416,6401
-0.00119,5255
0.0144,4802
0.126,2081
-0.276,9052
-0.193,10102
-0.184,9939
-0.216,10183
0.0645,3475
0.219,668
0.0952,3308
-0.311,8610
0.155,1176
-0.0568,7141
0.157,2264
-0.0437,6884
-0.276,10233
0.0675,3193
0.0144,4429
-0.162,10193
0.0294,4382
-0.044,6942
0.28,300
-0.0792,7589
-0.016,5881
-0.113,8488
0.0317,3983
-0.0487,7019
0.079,3343
0.00714,4761
0.129,1661
0.101,2684
0.082,2385
0.207,2579
-0.101,6763
-0.0192,6566
0.0911,1833
-0.0839,8420
-0.0787,6993
0.511,1371
0.0941,2729
0.0499,2442
-0.0172,5727
-0.199,9428
0.0598,2905
0.044,3522
0.0423,4540
-0.0477,6698
0.246,938
0.318,133
-0.0606,6270
0.13,2761
-0.305,8086
0.0866,905
-0.0724,8061
0.12,2151
-0.000688,5259
0.156,2301
-0.0734,8201
-0.0491,7376
0.0694,2407
-0.135,7795
0.171,1442
-0.21,8743
-0.251,7567
-0.0448,5827
0.00367,4899
-0.279,8223
-0.21,9998
-0.0269,6097
0.125,3329
0.233,1571
0.122,2357
-0.0427,4961
-0.1,8129
0.0612,3821
-0.283,9637
0.0847,2415
0.373,613
-0.124,8570
0.126,2089
0.0017,4983
-0.183,8574
0.0322,4192
0.0401,3840
0.344,970
-0.262,10032
-0.132,7602
-0.122,7286
-0.0877,8358
0.0524,2876
-0.201,10299
-0.0264,5283
-0.0438,7208
0.134,2049
-0.0282,5277
0.00881,4764
-0.314,8933
0.0537,4080
0.291,452
0.151,2290
0.0882,1023
-0.00954,5681
-0.143,8674
-0.0451,6591
-0.433,9909
-0.0688,6160
-0.0176,5542
0.0626,2100
-0.0333,6291
0.0267,4383
-0.119,7063
-0.0338,5776
-0.056,7381
0.114,460
0.148,1421
-0.0692,7474
-0.11,7531
0.0421,3351
-0.0689,6988
0.129,1501
0.0791,4024
-0.265,7590
-0.116,6437
0.086,2627
-0.0471,7873
0.487,211
0.029,4596
0.3,1040
-0.087,5034
-0.0681,9215
-0.0702,7822
0.123,3360
-0.192,9976
-0.0195,5230
-0.128,8009
0.101,1694
-0.0578,7698
-0.0111,5281
-0.134,8398
0.221,1565
-0.106,6828
0.231,537
0.0227,4593
-0.117,4608
0.0244,4041
0.00379,4799
0.0831,2857
0.0586,2171
0.0226,3715
0.00189,4668
-0.282,9278
-0.0257,4980
0.138,921
0.0568,3514
-0.0851,7204
-0.083,6789
0.0163,4435
0.134,1637
-0.0398,6004
-0.025,5990
-0.12,9046
-1.08,9981
-0.0924,8305
-0.0548,7228
0.0429,4344
-0.0477,7238
0.0795,918
-0.206,5637
0.0534,3297
0.237,1678
-0.197,9785
0.0393,3415
0.0965,2579
-0.219,9525
0.533,23
-0.0679,8889
0.0341,3002
0.0596,3544
0.234,1711
0.115,3413
-0.122,8057
0.0473,3885
-0.168,8844
-3.1e-05,4827
0.00245,5150
-0.12,9470
0.125,1987
0.0412,3743
-0.0249,7334
0.0425,3461
-0.104,6695
-0.0708,6331
-0.27,5315
-0.123,7890
-0.138,8722
0.313,1683
-0.0418,6193
0.0464,4150
-0.183,8189
0.0884,3522
-0.167,9573
-0.0339,5075
-0.0889,8236
0.306,857
-0.0257,5616
0.224,2361
-0.131,8655
-0.0286,6294
-0.0495,6912
0.00113,4890
0.222,209
0.0488,3844
0.0543,3549
0.196,932
-0.114,8657
0.218,684
-0.0319,5938
-0.0082,5075
-0.227,5847
-0.257,9677
0.00254,4948
0.0764,2960
-0.108,7722
-0.297,9503
0.347,20
0.051,2964
-0.0344,9850
0.0754,3218
-0.0614,5753
0.185,2006
0.185,1041
-0.22,10004
0.0176,4381
0.0764,1837
0.149,723
-0.259,9356
0.458,35
0.105,915
0.084,2835
-0.133,9322
-0.0848,7818
0.192,1120
0.0843,2688
-0.0518,9015
-0.0338,6933
0.0093,4748
0.0983,1262
0.231,248
0.117,2571
0.203,963
-0.0662,7318
0.806,15
-0.0483,6247
0.0847,2055
-0.122,8346
0.248,375
-0.0263,5750
-0.249,10063
0.143,1823
-0.166,9301
-0.0897,8167
-0.102,6197
0.544,1558
0.107,2796
0.0938,2046
0.0825,2418
0.00558,4989
-0.168,6381
0.107,3301
-0.00871,5267
-0.0931,7066
-0.0221,5915
0.212,372
0.0898,1077
0.0963,2124
0.106,2266
-0.291,9966
-0.171,10094
0.0457,2379
0.166,2264
0.187,1397
-0.134,8685
0.5,604
-0.045,6763
0.0307,3946
-0.0811,7085
-0.144,7886
-0.138,6854
-0.0572,7709
-0.0642,7779
-0.0546,6911
-0.0629,7408
-0.147,7923
-0.072,7133
-0.0896,8442
-0.118,8772
0.197,572
0.277,625
-0.125,7735
-0.0308,6105
0.16,432
-0.105,9030
-0.122,8429
0.0306,4143
-0.469,9957
-0.138,9354
0.0219,4404
-0.0728,7138
0.029,3515
-0.0211,6506
-0.182,9805
-0.0239,5860
0.102,1253
0.0981,3067
0.068,2423
-0.015,5542
-0.21,9951
0.155,1365
-0.0934,8013
-0.199,7793
0.0331,3829
0.0521,3899
0.225,453
-0.0173,5635
-0.133,9900
-0.129,9805
-0.18,9065
0.0734,3077
-0.224,9980
0.138,107
-0.0707,6644
-0.00761,5823
-0.19,8935
0.0466,3655
0.141,1547
0.807,42
0.252,1006
-0.0724,6796
-0.212,9685
0.0828,2889
-0.51,9272
-0.0123,5513
-0.077,8778
-0.256,9884
0.0565,3702
0.0433,3074
-0.0634,7108
-0.0519,7215
-0.364,10126
-0.0326,6362
-0.103,8340
0.0192,4592
-0.234,8287
0.0899,2144
-0.015,5836
-0.132,8821
-0.18,9454
0.14,1290
0.216,1466
0.0761,3464
0.172,690
-0.0511,7529
0.0327,4335
0.184,1790
0.00251,4877
0.00107,4874
-0.0764,7804
0.055,3548
-0.0268,6146
-0.0679,6815
0.0114,4611
0.178,1493
-0.0117,5871
0.0161,4381
0.132,2428
-0.152,9791
0.0699,3533
0.0522,4030
-0.0556,6838
-0.111,8649
-0.335,7857
0.344,717
0.0172,4537
-0.282,10445
-0.117,7802
-0.0259,5946
-0.294,10284
-0.0124,5357
0.000531,5111
0.247,1079
0.0995,771
0.025,3968
-0.0265,5623
-0.0553,6017
-0.261,8707
-0.0581,6827
0.00502,5065
-0.0291,5932
-0.115,8715
-0.131,8159
-0.122,9035
0.116,2259
0.0514,3807
-0.0102,5336
0.524,402
-0.128,7700
-0.0609,7023
-0.479,10295
0.0347,3714
-0.13,9456
0.276,343
0.062,3138
-0.216,10340
0.14,1414
-0.0775,7838
0.163,1102
-0.0107,5586
0.0506,3908
0.113,3212
0.102,1147
-0.238,8145
0.00155,5005
-0.0795,7442
-0.24,9607
-0.295,9506
-0.333,9474
-0.0757,7068
0.11,1468
-0.3,8131
0.089,2812
0.0383,3527
-0.0163,5504
0.0855,963
0.0425,2747
0.027,4432
-0.138,7231
-0.173,9149
0.101,2858
0.0487,3305
0.0807,1895
0.0946,2301
0.216,682
-0.299,8747
-0.14,8621
0.299,417
0.0132,4352
0.163,1871
-0.0324,6294
0.405,1087
-0.0272,5458
-0.0444,7536
0.0538,3216
0.0533,2929
-0.217,9781
0.0258,3802
-0.0882,8376
0.0815,2407
-0.267,10352
-0.0162,5639
0.214,2368
-0.206,8428
0.0785,2644
-0.0273,6578
-0.152,9027
0.00642,4899
0.233,1108
-0.027,5851
-0.13,9358
0.0648,3365
0.0893,1921
0.148,3353
0.349,692
-0.158,8924
0.312,1293
0.0629,3438
0.0602,3447
0.114,2832
0.0704,1835
-0.013,5444
0.056,4042
-0.00177,5284
0.0161,3954
-0.184,9307
0.488,581
-0.145,9128
-0.113,8733
0.038,3592
-0.0752,7898
-0.0784,7683
0.285,632
0.379,1709
0.172,2239
-0.0403,6013
0.225,619
0.0986,2205
-0.0258,5832
0.304,121
0.151,1539
0.0966,1074
0.0198,3992
0.0992,3531
0.247,359
-0.0955,7267
-0.0352,6111
0.0915,1475
0.00996,4895
0.33,167
-0.227,9420
-0.108,5994
0.0163,4712
0.0116,4562
-0.0528,9148
-0.0576,6911
-0.0123,5654
-0.172,9325
0.12,2675
-0.0243,5467
-0.176,9923
-0.0857,6603
0.259,1412
0.0237,4372
-0.0971,8403
0.018,4261
-0.0549,7422
0.0725,2722
-0.207,9551
-0.035,6060
-0.0993,7116
0.159,419
-0.0627,8419
0.485,107
-0.0398,6140
-0.211,8117
0.0677,2801
-0.0573,7476
0.0297,3896
0.193,1138
-0.0698,7294
-0.211,9876
-0.347,9028
-0.162,8738
-0.0966,8726
0.123,1321
-0.295,10274
0.00994,4757
0.0347,2199
0.0694,1842
0.069,2269
-0.0999,9158
-0.15,7611
-0.0998,7632
0.14,729
-0.142,7882
0.138,1667
-0.0364,5961
-0.011,5433
0.109,2624
-0.00105,4962
0.158,1109
0.117,246
-0.0108,5075
0.152,1688
-0.0293,5454
0.204,579
-0.326,10298
0.0312,3737
-0.0222,5548
-0.128,8091
-0.141,7398
-0.218,8403
-0.0649,7611
-0.034,6575
-0.213,8847
-0.106,6743
-0.101,7781
0.072,2357
-0.301,9135
0.0123,4460
-0.0704,7175
-0.155,9451
-0.0931,8092
-0.00458,5281
-0.0404,6257
0.012,4697
0.098,2532
-0.223,9205
-0.181,9278
0.032,4145
0.162,690
0.105,2692
-0.255,7843
-0.235,9762
0.0188,4345
0.176,1080
0.193,54
0.189,183
0.131,2066
-0.191,8030
-0.0234,5491
-0.201,9426
0.0474,1990
0.0543,3036
-0.138,7118
0.0243,4355
-0.0736,6635
-0.105,7892
0.0326,4335
0.13,390
0.0744,2693
-0.0591,5519
-0.0039,4886
0.0161,4658
-0.29,10194
-0.166,9906
0.147,1210
0.507,413
0.00386,4918
-0.121,8990
-0.0262,5772
0.05,3313
0.103,1965
-0.0378,6002
0.0891,3106
0.18,758
0.15,789
0.0886,1577
0.085,3303
-0.0991,7305
-0.1,6855
-0.0788,6731
-0.0794,9106
-0.00686,5179
0.0778,1498
-0.0687,6196
-0.111,6964
0.0426,4152
-0.087,8268
0.136,2171
0.494,40
0.224,244
0.185,2579
-0.00273,5369
-0.0804,8468
0.208,496
0.337,377
-0.0758,8100
-0.113,7099
0.104,2776
-0.0676,7713
0.00078,5118
-0.0288,5890
-0.213,10063
0.209,688
-0.251,9119
0.13,597
-0.102,9178
0.067,2742
-0.0904,7591
-0.139,7414
0.0275,4555
-0.104,6772
-0.0285,6366
0.0506,4133
0.0518,3418
-0.176,8758
0.0627,4244
-0.0494,8139
0.0969,1816
-0.0869,6408
-0.19,9634
-0.189,9527
0.165,943
-0.124,10198
-0.0987,9020
0.0568,3677
-0.0959,7161
0.285,1072
-0.201,9702
-0.00788,5952
0.00265,4984
-0.0375,5717
-0.139,9276
-0.287,7121
-0.0338,5177
-0.269,10000
-0.155,9361
0.159,1156
-0.206,9215
0.198,406
0.993,63
0.21,187
0.0314,3624
-0.247,10252
-0.0692,6187
-0.214,8538
0.208,1117
-0.127,8591
0.209,2992
0.238,878
-0.0954,7527
0.174,1220
0.171,1106
-0.247,10440
0.0571,3487
-0.0249,5540
-0.19,9517
0.00628,4976
0.0764,3342
-0.113,7779
0.15,917
0.0286,3696
-0.202,7558
-0.237,7914
-0.374,10137
-0.0944,8786
-0.013,5945
-0.193,9663
0.161,2571
-0.104,6836
-0.143,9709
0.102,2866
-0.134,7564
-0.139,9016
-0.00161,4960
0.00399,4940
-0.0132,5909
0.0396,3286
0.1,1166
0.162,1456
0.129,2828
-0.051,5586
-0.0715,6595
-0.162,7474
-0.156,7506
-0.285,9676
0.345,1047
0.0884,1661
0.131,1466
-0.257,9079
-0.15,8346
0.179,2108
-0.166,8752
-0.195,9767
0.542,56
-0.0634,8646
-0.00638,5506
-0.0867,8238
0.000597,5053
-0.0251,6263
-0.0148,5825
-0.0893,5925
0.137,3038
-0.232,9334
-0.217,9197
-0.0841,8346
-0.0637,7251
0.863,35
0.377,866
-0.393,10176
0.134,2124
0.0372,2770
-0.12,8870
-0.0917,6775
0.077,2010
-0.381,7538
-0.256,10330
-0.143,9191
-0.132,8479
0.11,2607
-0.026,6589
0.37,735
-0.29,8190
-0.1,9630
0.125,1329
-0.17,8740
0.214,1874
0.0487,3343
0.525,1192
0.0224,3913
0.0821,2297
-0.119,8006
0.187,831
-0.135,8611
-0.364,9247
0.127,1061
0.0581,3006
-0.0268,5492
0.00306,5116
0.151,1859
-0.254,9938
-0.0432,7032
-0.168,9926
0.00907,4767
-0.0157,5379
-0.129,7332
-0.0682,5886
0.112,2524
-0.105,7147
-0.11,7660
0.522,820
-0.15,8433
0.263,797
0.198,57
0.468,1805
-0.329,9318
0.0092,4641
-0.0861,7407
-0.0134,5668
0.022,3883
-0.302,10292
0.101,2922
0.171,2065
-0.294,9960
0.0146,4231
0.198,388
-0.112,9065
0.0327,3998
-0.175,9078
-0.305,8972
0.12,1687
0.207,184
0.189,1479
0.0458,4050
0.355,220
-0.0125,5369
-0.148,8058
0.0107,4454
0.256,1175
0.15,1750
0.0123,4738
0.108,3178
0.0167,4462
-0.0277,7105
-0.216,9356
-0.085,7728
-0.201,8652
-0.181,9092
-0.0813,8048
-0.087,7139
-0.0596,6932
0.0453,3959
-0.298,9609
-0.0293,6459
0.0296,3697
0.177,544
0.11,1853
0.0493,2523
0.292,568
0.0855,1846
0.118,1461
-0.148,9327
-0.045,6051
0.00613,4745
-0.333,9139
-0.193,9004
-0.144,9457
-0.108,8174
0.1,1909
-0.145,9141
-0.0324,5141
0.0575,3168
0.0352,3429
0.0652,2972
0.217,352
0.128,1684
0.0847,2087
0.0781,3565
-0.0117,5741
-0.0828,7508
1.97,5
-0.207,9090
0.0177,4578
0.401,984
0.145,528
-0.233,9746
0.0514,2374
0.00843,4707
-0.131,7270
0.0159,4870
0.144,2044
-0.0049,5462
-0.169,9548
0.161,1724
-0.249,7237
-0.018,5995
0.0543,2557
0.15,828
-0.0108,5242
0.527,120
0.182,2017
-0.183,7379
-0.0347,7206
0.511,32
0.819,7
-0.312,9712
0.0809,2100
-0.086,8155
0.0995,1976
0.187,405
0.029,4044
-0.211,10156
-0.235,8339
-0.233,10091
-0.298,9697
0.0377,4385
-0.287,6172
0.235,1554
0.0465,3625
-0.0359,5979
0.0874,3086
0.248,2203
-0.0784,9731
0.123,2163
0.0853,2443
-0.038,8390
-0.236,9612
-0.0915,8327
-0.193,8476
0.164,1404
-0.00405,5060
0.0925,2247
-0.223,9944
0.36,1269
-0.14,7082
0.0659,3078
-0.069,7427
0.234,96
-0.0887,3918
-0.00912,5085
0.0874,3588
-0.0346,5998
-0.0883,8738
0.11,1073
-0.164,4684
-0.505,10427
-0.249,10058
0.133,1987
-0.0507,8009
-0.132,9643
0.0636,3077
0.00353,4965
0.151,1235
-0.0734,8513
-0.0417,6701
0.0564,2801
-0.0437,5893
-0.0797,7915
0.0293,4202
-0.00477,5060
0.0498,3804
0.0137,4152
-0.147,9078
-0.00377,5346
-0.258,8996
-0.139,8290
-0.0643,8427
0.0124,4472
0.216,496
-0.285,9786
0.411,821
-0.132,8621
-0.0338,5973
0.0129,4548
-0.0877,7803
-0.0433,6391
0.000244,5036
-0.118,8737
0.027,4036
-0.0644,7288
-0.0698,6602
-0.0899,7833
0.0757,2304
-0.0761,6463
-0.054,8324
0.0285,4176
0.123,1897
0.246,186
-0.253,10151
0.344,979
0.0996,1588
-0.0264,5815
-0.117,7969
-0.213,10197
-0.0595,6867
-0.125,9357
-0.13,8793
-0.0799,8196
-0.334,9173
-0.0164,5757
-0.199,9644
0.0327,4249
0.0145,4367
-0.0799,8453
0.115,2257
0.21,849
-0.152,6878
0.000229,5041
0.0351,4143
-0.169,9647
0.063,3866
-0.134,7821
0.116,2712
-0.202,9623
-0.023,5940
-0.309,10270
0.0851,3201
-0.112,7338
-0.141,9252
0.127,1822
0.159,601
0.122,2675
0.00775,4631
-0.197,7780
0.133,2587
-0.055,6760
0.0121,4740
0.000169,4651
0.0123,4419
-0.0704,6755
-0.287,9303
0.0914,995
0.15,1929
-0.141,8036
0.0559,3816
-0.162,8433
0.245,660
-0.0306,6312
-0.135,9619
-0.262,9961
-0.192,9020
0.239,661
-0.0153,5516
0.0373,3847
-0.0282,5515
0.18,1664
0.354,477
0.0748,3102
0.087,2639
-0.0651,6323
-0.134,8074
0.00991,4640
0.172,1757
-0.322,10145
0.176,1580
-0.0842,8161
-0.0618,6902
-0.0403,6498
0.171,963
-0.041,7150
-0.126,9660
0.192,190
-0.00906,5299
0.117,1241
0.137,1616
-0.0292,6751
0.384,158
0.127,717
-0.00678,5421
0.119,2312
-0.0844,6581
-0.0151,5256
-0.0476,6040
0.147,1514
0.059,1115
0.0763,3036
0.0246,4347
-0.134,9134
0.0486,4192
-0.0838,6596
0.0528,2924
-0.148,9212
0.0781,2781
-0.0767,6406
-0.0499,6771
0.122,678
0.105,2309
0.0243,4387
-0.104,7426
-0.0347,6921
-0.135,7407
-0.0843,9542
-0.0515,8004
-0.0611,5880
0.0967,3256
-0.2,8128
-0.3,8768
-0.0148,5715
0.27,318
-0.0646,6158
0.312,140
0.121,2453
0.0166,4517
0.0642,2083
-0.0158,5697
0.116,1777
-0.0763,7998
-0.0211,5311
-0.166,6127
0.0919,2939
-0.0118,5492
-0.0824,7550
0.0546,3584
-0.189,8878
0.0268,3936
-0.158,9446
-0.111,8103
0.0615,3220
0.191,689
0.165,1197
-0.307,7437
-0.184,10308
0.0796,2797
-0.474,8136
0.251,2517
-0.115,8138
-0.0755,6163
-0.143,8458
0.171,762
0.517,386
0.0785,3308
0.357,12
-0.144,8920
0.000304,5092
-0.0487,8459
0.218,856
-0.0354,5341
-0.325,9908
-0.000314,4811
0.021,3986
-0.0162,5498
-0.119,6645
-0.0457,5888
0.147,1943
-0.0723,7493
-0.157,9721
-0.0093,4977
0.223,1165
0.24,611
0.16,3083
-0.0618,7157
0.0243,4427
0.0568,2605
0.0578,2815
-0.211,9148
-0.128,9031
0.0196,4445
-0.0301,6531
-0.103,6713
-0.226,10219
-0.108,7372
0.12,2924
0.166,1781
-0.0939,7878
-0.125,9169
-0.147,7993
-0.112,7910
0.0958,1773
-0.0526,7239
-0.0321,6535
0.0297,3993
-0.0247,6293
0.249,160
-0.00644,5438
0.00203,4917
-0.0271,6374
0.0275,3850
-0.0169,6148
-0.14,7446
0.0157,4155
0.418,101
0.0741,2923
0.119,2433
-0.0224,5550
-0.124,7737
-0.101,8664
-0.0264,6016
-0.0259,6429
-0.0915,9322
0.162,1569
0.114,2370
0.0828,3671
-0.095,6032
-0.0109,5737
0.0615,1903
-0.176,9434
-0.12,7676
0.0323,3653
-0.312,9119
0.0666,2353
-0.204,9656
0.181,3020
0.0813,4095
0.0208,4768
-0.342,9373
-0.0394,6062
0.0231,4267
1.77,300
-0.38,6116
0.638,171
-0.202,6212
0.127,2592
0.377,259
-0.208,8934
-0.0969,6541
0.0493,3044
-0.173,9726
-0.0456,6068
-0.0585,6678
0.224,2538
0.175,1562
-0.0442,7272
-0.0823,7448
-0.0654,7339
-0.104,8670
-0.37,10269
0.271,295
0.141,62
0.102,2167
0.0861,3220
0.136,2990
-0.0293,6579
0.0712,1376
-0.289,10252
-0.0466,5881
-0.0728,7109
-0.199,8280
-0.307,9129
0.0223,2915
-0.0907,9939
-0.23,9820
-0.106,7624
-0.256,10333
0.735,5
-0.0213,5295
-0.132,9819
-0.0021,5136
0.0393,3946
-0.0369,6724
0.0611,3444
0.0181,4181
-0.044,7202
0.0376,3597
-0.139,9086
-0.24,9279
0.0565,3727
-0.0606,5986
0.119,2374
0.03,3603
-0.0138,5554
0.308,1239
0.0393,3760
0.169,948
-0.0757,7813
0.0507,3234
-0.061,7659
-0.00242,4906
0.0659,2477
-0.216,9222
-0.0528,7310
-0.00092,5229
0.0155,4634
-0.0394,6804
-0.015,5503
-0.223,7891
-0.0549,7534
0.0562,3624
0.0965,2534
0.0845,2590
0.173,1386
0.0937,1216
0.338,1162
-0.151,9112
-0.0547,6601
0.0882,2665
0.0701,4000
-0.119,8004
0.204,98
-0.0271,6360
0.22,1205
-0.211,9506
0.163,1374
-0.0603,8196
0.187,697
-0.0639,8001
-0.076,7986
-0.0164,5540
-0.0651,6688
-0.0711,6260
0.0591,3535
-0.0405,6699
-0.0545,6221
-0.0891,8157
-0.0713,5708
0.215,2254
-0.136,9284
-0.0719,8489
0.0102,4750
-0.0626,7568
0.0769,3072
0.0152,4566
-0.264,9197
0.0779,2094
0.0725,2889
-0.0378,5952
-0.0666,6934
0.0745,3614
0.24,557
0.17,1164
0.125,2049
-0.104,7947
0.537,233
-0.0168,5166
-0.0405,7952
-0.0636,5522
-0.14,8469
-0.0609,7078
-0.187,8593
0.198,2587
-0.0179,6024
-0.219,10449
0.0682,3597
-0.236,8427
-0.111,7409
-0.0694,5660
-0.119,8949
-0.0277,6084
-0.0611,6611
0.052,3183
0.0436,3845
-0.141,9261
-0.226,9532
0.192,1009
-0.166,8829
0.0704,3558
0.0974,2805
-0.0323,6279
-0.263,10096
0.0921,3323
-0.0296,6060
-0.141,7210
-0.314,10287
-0.075,6982
0.162,2627
0.0591,2269
-0.00153,5259
0.0702,2066
-0.0148,5317
0.0549,4015
-0.17,9923
0.0401,3093
0.384,1121
-0.109,9224
0.00834,4815
0.0489,3817
-0.152,8028
0.0217,2917
0.0696,2747
0.22,1529
-0.0523,5512
0.135,2389
0.189,561
-0.0216,6907
0.0493,3216
-0.175,9228
0.184,904
-0.211,10132
-0.214,10158
0.0276,4253
0.149,3205
-0.0319,6064
-0.214,9395
-0.213,9737
0.144,2521
-0.0134,5888
0.0729,2934
0.0203,4714
-0.251,10404
0.0117,4480
0.0724,3415
0.0469,3426
-0.012,5460
-0.193,9722
-0.371,9298
0.00625,4781
0.124,257
-0.132,10361
-0.044,6064
0.0875,2890
0.256,113
0.126,1561
-0.00765,5694
0.0904,1642
0.0477,3504
-0.0311,5912
0.0868,2970
-0.213,9455
-0.281,8875
0.103,1189
0.323,173
0.159,2331
-0.258,8098
-0.0397,6078
-0.0703,7325
0.0142,4182
-0.272,10375
0.065,2763
0.298,643
0.261,444
-0.0629,7632
-0.0321,6379
-0.4,7744
0.0278,4369
0.107,2010
0.374,449
-0.0609,7757
-0.047,7232
0.15,1678
0.948,26
-0.174,9138
-0.0629,7025
0.114,1295
-0.0864,8884
-0.171,7635
0.3,929
0.155,1284
-0.151,3745
-0.0444,8023
-0.0821,7916
0.0917,3716
-0.113,8541
-0.164,8676
0.298,2180
0.209,1130
0.0985,2186
-0.14,9833
-0.127,8542
-0.0106,5300
-0.0956,9726
-0.0472,6488
-0.14,8171
0.0285,4175
-0.0894,7856
0.0118,4809
0.0679,3095
-0.0269,6426
0.0355,3867
-0.0363,6110
0.0854,2201
0.43,459
0.401,961
-0.102,8344
-0.225,9030
0.0323,4129
0.0304,4321
0.33,254
-0.0404,7577
0.134,246
-0.038,6954
0.133,1389
-0.392,10192
0.0742,2361
-0.115,6857
-0.202,10205
0.218,822
-0.0515,7324
-0.0418,5655
0.0343,4180
-0.00504,5284
0.583,127
0.165,1696
-0.0079,5471
-0.158,6501
0.0785,2976
-0.547,8369
-0.0733,8053
0.107,767
-0.0403,6390
-0.117,8224
0.0627,3951
0.97,1377
-0.116,10130
-0.432,9104
-0.175,9700
-0.0407,6474
0.105,2945
-0.207,7998
0.00466,5067
-0.131,8501
-0.0808,7680
0.0612,2858
0.275,78
0.617,5
0.157,1073
0.139,298
0.185,1291
-0.0308,5475
-0.583,8658
0.244,1904
-0.0962,9295
0.0882,1160
-0.426,9949
-0.136,7150
0.134,1617
-0.0941,7362
0.00462,4882
0.234,152
-0.1,8545
-0.207,9120
-0.238,7382
-0.233,8732
-0.00972,5633
-0.0626,7655
-0.191,7692
-0.225,8942
0.0015,5043
-0.0475,6116
0.257,37
0.145,1469
-0.0905,7474
0.0157,4214
0.0259,3873
0.0414,3650
-0.0979,8857
0.166,1244
-0.0846,6506
-0.0111,5603
-0.000693,4880
-0.0478,6314
0.0901,2893
0.0624,3770
0.109,2172
0.121,1254
0.0243,3607
-0.0771,6475
-0.0594,7127
-0.176,9467
-0.177,9070
-0.246,8074
-0.0356,6255
0.109,2760
0.0492,3427
0.388,331
-0.0116,5370
0.00879,4658
0.069,2888
-0.101,6714
0.0515,3840
0.051,3390
0.151,2651
0.00607,4664
-0.0425,6393
-0.359,6959
0.115,2289
-0.0524,5947
0.0537,3505
-0.0227,6630
-0.0332,6454
-0.0736,6485
0.00632,4741
-0.037,6646
0.0389,4309
-0.013,5505
-0.185,9345
0.136,2406
-0.101,7736
-0.117,9618
-0.0432,6620
-0.104,7890
0.0118,4357
-0.243,10283
0.000426,5230
-0.126,8079
-0.0705,8320
0.0315,4328
0.0394,3202
-0.272,7007
-0.143,7068
-0.0299,5258
0.233,1087
0.133,861
-0.00507,5310
-0.126,9954
-0.0628,7149
0.239,1009
-0.0319,6214
-0.0709,9285
-0.0664,6369
-0.113,7636
-0.247,8832
0.407,558
0.178,1658
-0.227,9272
-0.0915,8036
0.173,1038
0.083,2266
0.0814,1965
-0.0466,7217
0.0486,3677
0.0482,3696
-0.291,9957
-0.0616,6254
-0.0298,6195
0.00981,4715
0.0162,4624
-0.334,10355
-0.162,8743
-0.184,8944
-0.116,6469
-0.141,10023
-0.0776,7072
-0.0485,6473
-0.261,9788
-0.139,9376
0.0106,4410
-0.0671,6236
0.156,745
-0.00811,5372
-0.0432,6391
-0.162,8737
-0.115,9982
-0.105,8455
0.355,294
0.288,1236
-0.139,8459
-0.265,8430
-0.0678,7487
-0.124,7519
-0.228,10074
-0.0511,7030
0.274,721
-0.0819,6250
0.0713,1842
0.0927,2860
0.273,803
0.0734,3622
-0.141,6745
0.157,2213
0.157,1028
0.172,1988
-0.116,7132
0.092,2525
-0.0557,5970
-0.183,8342
-0.081,6911
0.0623,2513
-0.0537,7938
-0.109,8213
0.123,2079
-0.0543,5720
-0.121,9378
-0.00344,5281
0.195,1209
-0.0591,6265
0.103,3698
0.116,3144
0.288,39
0.142,1088
0.313,1046
-0.146,8979
0.0897,3092
-0.0255,6706
-0.0863,8532
0.0866,2939
-0.358,10034
0.187,352
-0.0695,7127
0.000693,5173
-0.174,9157
0.0634,3255
0.109,1015
-0.0727,6421
-0.0129,5179
0.218,2199
-0.0925,8955
-0.0221,6061
-0.0732,7372
0.0497,3978
-0.00176,5080
0.495,829
0.09,1712
-0.0889,9749
0.057,4041
0.0369,4228
-0.0744,7230
-0.0466,6665
0.064,3423
0.048,3020
0.145,1578
-0.295,10088
0.142,1831
-0.12,8296
0.0504,4185
0.0404,3831
-0.115,9382
0.0562,2809
0.341,194
-0.0155,5458
-0.0861,8804
0.0577,3014
0.118,1932
0.388,218
-0.0673,7598
0.0414,4248
-0.00463,5275
-0.189,9953
0.0405,3680
0.00604,4882
-0.0767,6258
-0.0686,7753
-0.127,8849
-0.113,9119
-0.165,4425
-0.231,9200
0.0154,4839
-0.073,6367
0.124,2627
-0.0799,7818
-0.154,8007
-0.226,5405
0.0532,3421
-0.00342,5312
0.0304,3260
0.194,793
-0.0586,8136
-0.0114,5173
0.184,2292
-0.167,9476
-0.0537,7146
0.0547,3461
-0.0888,5967
0.539,163
-0.245,8805
-0.151,9889
-0.133,10156
0.0918,2701
0.227,1119
-0.0414,5491
-0.115,7461
-0.171,9381
0.03,3126
-0.101,7241
0.218,775
-0.0583,7388
-0.112,6845
0.262,544
-0.0435,6957
-0.198,9740
-0.0812,6632
-0.298,10110
-0.26,4408
-0.158,9696
0.0662,1992
0.303,138
-0.0635,6826
0.0866,3257
0.0181,4131
0.0115,4598
-0.0972,9066
0.0823,2516
0.00225,4931
0.0623,3651
-0.00866,5189
-0.105,7716
0.0454,2626
-0.0331,6074
0.0406,4213
0.139,1720
0.286,793
-0.0171,5964
-0.00119,5314
-0.053,7043
0.00741,5145
-0.0442,6319
0.117,901
0.0611,2345
-0.098,8464
0.0528,2903
0.112,1836
0.153,1082
0.0705,3986
-0.0589,6694
-0.109,10028
-0.176,9727
-0.0981,8008
0.00783,4619
-0.226,9546
0.103,2388
0.113,1537
-0.046,6574
-0.135,7543
-0.0602,7212
-0.169,8258
0.0163,4708
-0.0276,6208
0.081,2903
-0.0114,5079
0.035,3642
-0.154,8153
0.0857,3068
0.0508,4090
0.0162,4768
0.15,1427
0.0269,3784
-0.214,9920
0.0838,3067
0.38,146
0.131,2674
-0.221,7211
-0.23,8835
-0.0241,6587
-0.0152,5846
-0.14,9609
0.479,538
-0.205,7706
0.206,266
-0.014,5812
0.0695,3088
0.0647,3187
-0.124,5352
0.379,738
-0.0476,5963
0.0314,4049
-0.0714,7618
-0.0471,6496
0.0851,2474
-0.34,10103
-0.144,8018
0.123,2629
0.0273,3761
0.144,808
0.458,338
-0.0127,5390
0.176,695
-0.15,9674
0.000692,5047
0.159,920
-0.11,9595
-0.0874,7364
-0.088,9065
0.0782,2721
0.00283,5095
-0.213,9619
-0.342,9308
-0.149,8942
0.188,1062
-0.211,10001
0.12,2305
-0.164,9219
0.116,1986
-0.323,9167
0.182,621
0.0758,3000
-0.0945,7444
-0.00381,5328
0.122,1840
0.245,1228
-0.0583,9048
-0.153,9425
0.195,2862
-0.418,9643
0.0664,1865
0.143,1199
0.116,1753
0.055,2409
0.101,1686
0.205,193
-0.109,8404
0.522,245
-0.091,8428
-0.122,10302
0.343,576
0.275,663
-0.0633,6267
-0.118,7593
0.297,161
0.223,681
0.071,3714
0.0292,4203
-0.263,8975
0.19,2034
0.3,544
0.0389,3800
0.0741,2863
-0.122,7343
0.538,1187
0.246,2556
-0.209,10296
-0.296,9662
-0.24,5623
-0.682,9827
-0.199,7713
0.533,65
-0.173,9321
0.0158,4267
-0.0253,6007
0.498,130
-0.197,10088
-0.0939,7799
-0.0191,6146
0.141,991
-0.00137,4951
0.036,3542
0.0471,3358
-0.163,7755
-0.0737,9225
-0.0197,6597
0.135,1083
-0.0981,6468
0.00825,4733
-0.119,7670
-0.0386,6521
-0.0215,6369
-0.129,8080
0.0496,2786
-0.0516,7815
-0.145,7235
0.191,348
0.0872,2045
-0.0131,5479
0.0275,4255
0.251,1669
0.217,953
0.121,1269
0.182,430
0.00727,4701
-0.0284,6046
-0.182,7403
-0.0042,5023
0.0399,3674
-0.116,7911
-0.202,10412
-0.0403,5926
-0.118,7805
-0.0442,7376
0.0128,4695
0.192,1272
-0.0808,6992
0.229,447
0.121,2538
0.285,566
0.071,2040
-0.0239,6013
-0.0294,5891
0.0348,4337
0.0721,3226
0.061,3916
-0.102,9569
-0.0118,5878
-0.199,8019
0.868,343
0.267,1076
-0.0148,5499
-0.0831,7434
-0.243,8640
0.0115,4575
-0.125,7820
-0.0289,6076
0.00831,4767
-0.233,9069
0.0172,4361
-0.0545,6930
0.0974,2330
-0.162,8703
-0.176,6925
-0.136,9494
0.00855,4769
0.088,1256
0.146,2051
-0.301,8338
-0.073,7693
0.155,1823
0.0145,4410
0.177,2978
-0.0577,6509
-0.0879,7913
-0.138,8275
-0.0659,8722
0.0315,3644
0.106,1907
0.11,1363
0.0482,4155
-0.222,9730
0.1,1910
-0.0937,8489
0.0992,3073
0.174,1320
0.0248,4328
-0.27,10051
0.188,655
0.0877,3421
0.0507,3238
0.0806,1939
0.0956,2108
-0.0654,8236
-0.0212,6431
0.00126,4951
-0.0332,6353
-0.0286,5783
-0.0766,6819
-0.00658,5306
-0.0629,9456
0.0535,3057
-0.0684,8878
0.0785,3168
-0.314,8894
0.295,435
-0.132,7474
-0.145,9460
-0.184,7929
0.273,60
-0.0746,8660
-0.273,9546
-0.000781,5130
-0.00104,5011
-0.0671,7338
-0.135,8480
0.0378,4156
-0.0046,5099
-0.0445,7355
0.284,5
0.0604,1913
0.0591,2962
0.123,3190
0.306,781
0.159,377
0.131,1320
-0.195,9057
-0.0749,6594
-0.214,9946
0.144,1519
0.111,1755
0.178,1304
-0.103,8364
-0.0533,6429
-0.144,9976
0.00381,4902
-0.0916,8073
0.0875,3027
-0.185,9606
-0.128,8538
0.132,1114
-0.0365,6188
-0.194,9898
-0.103,7685
0.244,2298
-0.308,8814
0.197,1016
0.0581,4001
0.0442,3878
-0.0636,7319
0.0381,4336
-0.0118,5039
-0.242,9714
0.00299,4859
-0.0934,8502
0.00338,4892
0.105,2790
-0.137,8208
-0.216,9703
-0.0617,6271
-0.101,9091
0.166,1424
0.0795,2835
0.147,1364
0.00688,4880
0.026,4509
0.0835,2219
0.121,738
0.1,2634
-0.123,8563
0.0108,4487
0.0726,3292
0.0257,4210
0.0173,4791
-0.125,7851
0.114,2069
-0.426,8347
0.187,1762
0.11,1239
-0.183,8813
0.0461,3293
-0.424,10318
-0.169,9040
0.123,1888
-0.0646,7044
-0.00491,5214
-0.0384,7343
0.11,2267
0.118,2150
-0.114,8272
-0.0844,7458
-0.00822,5739
-0.186,9128
-0.115,9721
0.118,2438
-0.147,8299
-0.247,8947
0.1,2527
0.000506,5031
-0.114,7476
-0.175,8082
0.0172,4645
0.0689,1623
-0.119,9533
0.0857,3270
-0.106,7324
-0.0485,7153
0.105,2560
-0.0287,7329
-0.0489,8688
-0.00442,5431
-0.0526,6096
0.339,81
-0.0871,7885
0.107,1692
-0.0432,7233
0.0669,3247
-0.12,9184
-0.353,9576
0.266,2354
-0.136,9086
-0.297,9612
0.0594,3518
-0.0158,5420
-0.101,7876
-0.0948,7710
-0.109,7579
-0.0268,6141
0.877,1632
-0.238,9475
-0.356,10000
0.197,2071
0.0314,3083
-0.202,10001
0.022,4551
0.245,314
-0.228,10195
-0.0661,6301
-0.125,10006
0.102,1498
-0.0267,6604
-0.0264,5412
0.169,1644
-0.121,6022
0.0615,1941
-0.0193,5544
-0.119,7664
0.0102,4703
-0.228,8596
-0.334,9775
0.0671,2719
-0.0383,6364
0.00263,4948
-0.156,9929
0.0249,4365
-0.135,7890
0.0125,4541
-0.0323,8400
-0.0399,5530
0.47,524
0.0815,3203
0.154,1213
-0.0144,5792
0.19,1194
0.211,591
-0.145,9830
0.128,2189
0.0143,4540
-0.168,9609
-0.0254,5793
0.0966,2451
0.117,1502
0.069,3656
-0.0387,6712
0.206,669
-0.175,10462
0.182,2625
-0.0479,7013
-0.0545,4609
-0.0868,9185
-0.139,7825
-0.00259,5199
0.0895,1632
-0.00852,5671
0.0819,3828
-0.0809,6499
0.0575,2699
-0.179,9940
0.146,930
-0.0806,6154
0.375,729
0.206,2216
0.0856,2904
0.0643,2862
-0.0566,7494
-0.0453,6259
-0.117,8827
0.0766,3633
0.0581,2698
0.0363,3283
0.208,1579
0.185,873
0.0889,3175
0.0887,2326
-0.0533,7428
-0.000697,4738
-0.192,9487
-0.0765,7168
-0.253,9494
-0.15,7962
-0.0441,6369
0.02,4021
-0.165,7424
0.244,1081
0.0213,4625
-0.285,10203
0.279,454
0.0148,4487
0.276,490
0.249,1067
-0.0926,6673
0.108,2733
0.124,1253
-0.137,7837
0.466,455
0.00808,4729
0.307,1876
0.0917,3025
0.0563,2610
-0.132,8895
-0.0549,6159
-0.128,8508
-0.0167,6229
0.0743,3055
-0.0876,7849
-0.098,7102
-0.194,10182
0.137,1843
-0.116,9428
-0.0792,7377
0.0311,3872
-0.0405,7098
0.509,667
0.423,179
-0.0283,5152
-0.143,6441
-0.15,8874
-0.0131,5325
0.0907,3253
-0.188,9681
0.234,272
0.256,886
0.187,264
-0.0888,8136
-0.24,10082
-0.00563,4997
-0.0175,6292
0.167,2238
-0.187,8915
0.175,1243
-0.262,9869
-0.147,9163
0.0459,3761
-0.167,6173
-0.125,9026
-0.053,7928
-0.0287,5670
-0.0407,6908
-0.0382,6557
-0.256,9749
-0.000204,5308
-0.128,9961
0.118,1780
-0.0199,6008
-0.362,9118
-0.87,10051
0.00533,5041
-0.0939,8490
-0.134,7419
0.129,3211
0.619,1486
0.366,977
-0.188,7669
0.0901,3889
0.0579,3069
-0.147,8750
-0.334,10257
0.217,1488
0.322,68
-0.017,5598
-0.0755,7454
-0.0815,8509
-0.188,8276
0.183,1592
0.0832,1741
-0.0227,5607
0.105,2403
-0.139,9738
-0.00332,5290
-0.0793,7358
-0.0127,5824
0.0199,4142
-0.0517,6595
-0.0811,6975
-0.000855,5220
0.0721,3484
0.00411,4903
0.107,1625
-0.1,6596
-0.12,7351
0.000938,5315
0.0675,2030
-0.0728,5814
-0.18,9497
0.208,183
-0.175,9862
-0.241,8737
0.00694,4840
-0.208,10297
0.223,580
-0.0531,6978
0.0051,4931
0.223,467
-0.00273,5229
0.0214,4172
-0.145,8216
-0.0812,5801
-0.116,6124
0.0517,3431
-0.00741,5210
0.00673,4756
0.0316,3761
-0.0604,6990
-0.0207,5704
-0.141,7751
-0.102,7120
-0.195,10043
-0.0837,7318
-0.0511,5882
-0.0315,5671
-0.273,9345
-0.325,8850
-0.0654,7327
-0.0322,6126
0.018,4022
-0.0763,6288
-0.167,9066
-0.455,10247
0.0507,2459
-0.162,9521
0.133,1795
0.143,2419
-0.128,7739
-0.107,6702
-0.102,7844
0.0484,3420
0.0115,4742
-0.0675,6897
-0.231,9912
0.305,319
-0.0672,8511
-0.139,7933
0.00387,4986
0.0134,4572
0.0683,3207
0.318,378
-0.165,8034
-0.0347,7099
0.501,133
0.0774,2943
0.157,2546
0.132,1281
-0.0856,8175
-0.109,8344
-0.00704,5312
0.0635,3641
-0.222,8872
0.0508,4289
-0.112,8416
-0.0483,7237
0.269,198
0.202,1129
0.269,149
0.46,777
0.0843,2886
-0.125,9229
-0.0413,5650
-0.11,7980
-0.17,8157
-0.0011,5320
-0.143,9846
-0.132,9525
0.251,194
0.00946,4954
-0.134,7783
0.0853,3166
0.0736,2884
0.14,1301
-0.0338,5884
0.38,179
-0.0257,6371
0.12,2332
0.0353,3014
-0.08,8266
-0.0828,8644
0.0903,2923
-0.155,9866
0.234,2192
-0.187,10149
-0.0788,8479
-0.138,9756
-0.163,8476
0.148,1961
-0.201,8608
-0.169,9643
0.00518,4972
-0.0981,8398
-0.0577,6467
-0.0355,5706
0.177,1953
0.0123,4363
-0.643,9244
-0.191,8797
0.219,1368
0.0144,4809
-0.191,10041
0.0175,4038
0.131,1759
-0.202,9309
-0.22,8869
-0.24,9070
0.0986,3073
-0.0665,7919
-0.15,8990
-0.379,8520
-0.191,8986
-0.109,6650
-0.186,9412
-0.0709,8088
-0.0301,6631
-0.0701,6258
-0.00248,5135
-0.078,6319
-0.0199,5563
-0.142,9166
-0.144,10318
-0.00723,5206
-0.347,8508
0.00153,5110
-0.164,7553
0.0676,2382
0.0931,1645
0.229,1209
-0.235,9879
-0.0789,7529
0.0209,4340
0.0113,4630
0.0211,4334
0.0106,4701
-0.116,9234
0.14,2222
-0.0951,7461
-0.025,5857
-0.0107,5578
0.198,1335
0.0166,4387
-0.137,6705
-0.0274,5824
0.105,2253
0.00288,5136
-0.318,9677
-0.238,8890
-0.0654,7191
-0.0543,5697
-0.0275,6144
-0.00763,5466
-0.022,5795
0.0478,3039
-0.25,8327
0.0828,2966
-0.306,7966
-0.068,7036
0.186,2071
0.0813,3137
0.154,2751
-0.116,8371
0.277,28
-0.155,9621
-0.124,6608
0.25,530
0.191,623
0.381,289
-0.025,6194
-0.0271,6781
0.111,3262
-0.0627,6651
-0.101,7883
0.106,2499
-0.0514,7129
-0.227,10200
-0.0705,7072
0.169,1909
-0.217,9662
-0.076,6954
-0.0553,7642
0.0319,2853
0.232,1273
-0.0163,5444
0.0553,3943
-0.116,8598
0.0974,1578
-0.0186,5587
-0.0925,8734
0.0273,3972
-0.0855,7544
0.147,2193
-0.0879,8768
0.0159,4560
-0.12,9080
0.0756,2844
0.334,1692
-0.251,9197
-0.0249,6398
-0.102,8341
-0.177,9360
0.313,348
-0.0235,5147
0.163,1613
0.0335,3908
0.135,1057
-0.0775,7194
-0.107,7037
-0.0758,7239
-0.228,8179
-0.0558,8433
0.0353,3855
0.154,1315
-0.161,8921
0.177,2354
-0.357,10123
-0.279,10235
-0.148,7547
-0.0881,7232
0.0971,2180
0.214,927
0.312,196
0.162,2179
0.0852,1823
0.0694,3240
-0.284,9936
0.253,1543
-0.093,8166
-0.00714,5538
-0.136,9875
-0.0285,5779
0.293,1531
-0.188,4436
0.306,153
0.251,457
-0.122,9356
-0.0752,6990
-0.00753,5323
-0.138,9240
-0.223,8979
-0.0666,8611
-0.0576,8049
0.0764,1941
0.0249,4079
0.116,2799
0.163,2572
0.0814,1991
0.174,704
-0.221,9510
0.0506,3489
0.318,318
0.141,1756
0.22,971
0.085,1845
-0.0122,5810
0.0563,3625
0.00305,4915
-0.164,7859
-0.00592,5312
-0.0115,5785
0.0485,4014
-0.095,7477
0.071,2813
-0.0638,8220
-0.0737,8413
0.106,1541
0.0661,3298
-0.0373,5732
-0.155,6144
-0.15,7574
-0.145,9147
0.0281,3757
0.317,980
-0.188,8983
-0.0809,7428
0.162,2575
-0.0965,8354
-0.0481,6438
0.0788,2623
0.424,38
-0.0564,6899
-0.421,9984
-0.0361,7929
-0.231,9312
-0.0445,5968
0.25,952
-0.0597,7261
0.199,743
0.317,285
-0.145,9797
0.0561,2742
-0.2,9294
0.259,1787
0.106,2915
-0.0961,8960
-0.141,7777
-0.000623,5158
-0.0381,6236
0.00829,4622
0.0806,1072
-0.0101,5547
-0.0347,5709
0.249,243
-0.113,7023
-0.101,7339
0.212,1867
-0.0119,5763
0.0872,2418
-0.00146,5049
-0.0808,7015
0.0158,4863
-0.112,6935
0.18,1027
0.0817,3501
-0.15,9506
-0.0925,8578
-0.393,10307
0.119,1031
0.0861,1725
0.121,1688
-0.194,7716
-0.0791,7329
-0.227,8606
-0.0798,8125
-0.0425,6919
-0.00402,5283
0.0499,3128
-0.0283,5816
-0.00662,5071
0.0307,3550
-0.00167,5246
-0.0535,7869
-0.162,5733
-0.209,9812
-0.0838,8700
-0.0409,6205
0.105,2463
0.0041,4909
0.215,777
0.202,1382
0.156,1597
-0.205,8919
-0.103,8832
-0.0861,7559
-0.174,9689
0.226,1054
-0.0562,7650
-0.149,7690
0.0624,2212
0.0697,2734
0.00399,4773
-0.06,6828
0.101,1544
-0.0638,7499
-0.19,8956
-0.132,8209
-0.0166,5688
0.0222,4129
0.072,2548
-0.467,10377
-0.0272,6037
-0.0656,7779
-0.0148,5476
0.186,1119
0.138,1872
-0.0473,7235
0.0905,1712
0.235,631
0.337,177
0.0284,4522
-0.127,6398
0.107,2477
0.0203,4397
-0.127,7807
-0.0702,6767
0.116,2265
-0.0711,6436
-0.302,9579
-0.0213,6139
-0.015,5466
-0.096,8763
0.092,2436
-0.0424,6213
-0.0413,8262
0.0238,3831
-0.176,9834
0.19,1828
0.0588,3515
0.0943,2622
-0.397,10312
0.0784,759
-0.0354,6705
-0.00441,5236
-0.17,8771
0.161,3044
-0.157,7867
0.0396,3576
-0.035,5824
0.23,256
0.0774,2815
0.189,933
-0.0961,8402
-0.196,10320
-0.0855,7772
-0.194,9735
-0.0728,6896
0.29,307
-0.037,6118
-0.0315,5729
0.44,96
-0.0369,5343
-0.0378,5952
-0.148,7340
-0.114,8238
-0.00539,5317
-0.111,7981
0.413,68
-0.184,8968
-0.135,10310
0.0185,4629
-0.00261,5167
0.0821,1557
0.0492,2709
-0.311,10349
-0.317,10080
-0.00816,5456
0.0917,1623
0.141,139
-0.00493,5346
-0.0739,8101
0.151,2192
-0.115,9503
-0.292,9660
-0.0992,6550
0.0295,4347
-0.168,7977
-0.203,9853
-0.0246,5351
0.198,1861
0.0484,3033
-0.055,5975
0.382,207
0.2,2315
0.0566,2421
-0.0678,6952
0.139,963
-0.383,10027
0.11,2842
-0.0754,7981
0.0191,4451
0.000287,4994
0.0746,2772
0.0959,1693
-0.13,7165
0.0288,4460
0.0122,4600
-0.0435,8084
0.072,1402
0.0114,4707
-0.312,10055
-0.0439,6523
-0.0232,5280
-0.048,6607
-0.0274,6500
-0.0534,5803
0.0788,2599
0.513,0
0.279,963
0.0162,4623
-0.151,10033
-0.113,7773
-0.312,9754
0.00344,4919
-0.114,6848
-0.0729,7790
-0.117,8677
0.215,797
-0.265,10200
-0.162,7285
0.0737,2420
-0.0275,6365
-0.157,10098
-0.136,7406
0.361,778
-0.275,9602
-0.056,6842
0.871,3
-0.0869,7732
0.24,1188
0.00236,4949
0.356,275
-0.163,9425
0.0812,2170
0.0998,2367
0.0829,2273
0.262,1967
-0.168,8842
0.0703,2441
0.296,79
0.186,1254
-0.153,7924
0.157,1066
-0.199,8314
-0.141,9280
-0.0455,7465
0.00613,4684
0.169,270
-0.143,9944
-0.0804,8129
-0.00992,5127
0.0353,3540
0.0384,3442
0.0263,4224
0.0484,2426
-0.0157,5601
-0.0582,7387
0.0351,2758
-0.0452,6978
0.155,1340
0.0367,4231
-0.0653,6976
0.0252,4403
-0.0637,9143
-0.189,10046
0.365,386
-0.0418,6084
0.105,1032
-0.124,9512
-0.057,6677
-0.0655,7507
-0.046,6601
0.465,164
-0.168,9383
0.23,1609
-0.0252,6302
0.157,542
-0.0983,8387
-0.183,9689
0.0868,2552
-0.104,7537
-0.114,8820
0.131,1396
-0.0911,8101
0.279,1119
-0.244,9154
-0.126,7593
-0.02,5371
-0.0655,7452
0.0671,3636
0.0693,3898
0.00256,4904
0.259,533
-0.135,9027
-0.203,9650
0.153,1934
-0.408,8097
-0.0701,7058
0.0619,3283
0.137,1650
0.065,1718
-0.117,8329
-0.158,9303
-0.283,9367
0.0974,2994
-0.06,7953
-0.0512,8592
-0.163,8930
-0.0708,6847
0.0372,3372
0.159,1572
-0.0155,5907
-0.0358,6678
-0.0212,5870
0.143,1251
-0.0481,7058
-0.0368,5381
-0.0479,6466
-0.045,8234
-0.192,9586
-0.102,8713
-0.273,9091
-0.0778,7258
0.0237,3659
-0.0913,9273
-0.137,8799
-0.189,9808
0.184,1216
0.0179,4296
0.00542,4916
0.185,112
0.184,325
-0.154,8739
-0.101,5762
-0.198,8628
0.274,71
-0.138,10139
0.0711,2335
-0.142,9071
0.137,768
0.0561,3094
0.0553,1603
0.0993,1294
-0.0706,7020
-0.0788,6273
-0.133,10168
-0.103,5687
0.201,1500
0.0467,3715
-0.233,7927
0.0601,2935
0.127,1044
-0.157,7058
-0.0698,7123
0.0274,3939
-0.176,9882
-0.159,8266
0.17,1143
0.0953,2392
0.0201,4308
-0.163,9397
0.348,353
0.0386,4359
0.0141,4654
0.112,2491
-0.166,9523
0.244,403
0.267,1103
0.0406,3619
0.0341,4186
0.199,1082
0.166,1005
0.159,1593
-0.0859,7559
-0.0866,8304
-0.163,7795
0.335,485
0.0347,4198
0.202,1205
-0.141,7782
-0.32,9479
-0.0291,6263
-0.208,9353
-0.0343,6215
-0.0642,7344
-0.14,8859
0.313,435
-0.138,7747
-0.343,9489
-0.06,7628
-0.123,8359
0.0792,2222
0.0575,3152
-0.116,7511
-0.0131,5107
-0.000885,4755
0.179,415
-0.0781,6685
0.0163,4723
0.517,1368
0.156,2302
0.0344,3971
-0.0103,5621
-0.122,8018
-0.0779,8629
-0.00527,5091
0.106,1510
-0.0668,7972
0.0761,2851
-0.156,9401
-0.183,9601
-0.399,8937
0.205,262
-0.103,9356
-0.0286,5614
0.0387,3649
-0.157,7929
0.00592,4873
-0.0193,5681
-0.1,7897
0.0524,3614
0.43,318
0.0449,4141
-0.172,8579
-0.000216,5012
0.055,2926
-0.213,9128
-0.0255,6307
0.034,3892
-0.0613,6626
0.0637,2220
0.164,583
0.0958,2369
0.0433,3592
0.0531,3550
-0.238,9235
-0.142,9796
0.114,1207
-0.15,6645
0.301,254
-0.0903,6399
0.0552,3345
-0.0698,8220
-0.192,8667
0.181,2108
0.0865,2877
-0.0135,5564
-0.118,8108
-0.177,9017
-0.07,7638
-0.0239,5527
0.103,2510
-0.166,9386
0.00772,4632
-0.236,10423
0.0876,1729
-0.132,8036
-0.145,8781
0.176,1253
0.194,713
-0.0301,6007
-0.175,9814
0.109,2540
0.0197,4157
-0.00576,5009
0.0237,4318
0.0317,4016
0.141,1777
-0.0164,5375
0.365,98
0.221,1872
0.184,602
0.1,1209
-0.0899,8634
-0.0215,5925
-0.19,9504
0.0826,2945
-0.101,9496
-0.125,10318
-0.146,8973
0.064,2974
-0.0866,7327
0.495,169
0.225,1200
-0.34,10332
0.0327,4151
0.377,103
-0.105,7970
-0.211,8930
-0.0419,7023
0.0772,3147
-0.0882,8118
-0.046,6695
-0.164,7918
-0.03,6041
-0.0223,5655
0.131,1224
0.0614,3298
0.108,2606
0.032,3877
-0.26,9683
-0.00623,5180
0.0253,4117
-0.0891,8019
-0.217,9458
-0.205,8493
-0.0512,6503
-0.143,8989
-0.128,8924
0.0142,4598
0.271,1217
-0.0961,7261
0.258,575
0.0255,3857
0.0772,2346
0.135,1894
-0.0736,7826
-0.0589,6913
-0.244,9811
0.087,1847
-0.00661,5178
-0.0264,5728
0.0434,3121
-0.121,8887
0.179,844
0.0692,2048
0.434,1259
0.471,73
-0.42,6632
-0.0846,4466
-0.104,8811
0.00334,5078
0.223,1879
0.298,712
-0.158,9507
0.234,489
-0.0791,8196
0.0866,797
-0.00389,5153
0.17,1231
0.277,930
0.103,2813
0.151,1237
0.122,2607
0.0646,3858
0.395,119
0.0201,4400
-0.202,8813
-0.27,9762
-0.00781,5640
-0.0219,5104
-0.0904,7293
0.332,602
0.0192,4624
0.0795,2424
0.183,1833
0.00229,4963
-0.0928,9529
-0.331,7953
0.139,789
0.0926,1540
0.125,827
-0.0545,7304
-0.0614,6202
0.059,3603
-0.257,8980
0.0629,1690
-0.0941,8124
0.425,183
-0.0592,6892
-0.0908,6409
0.0343,4068
0.0954,1765
0.118,2400
-0.228,9435
0.204,1044
0.00616,4883
0.0705,3678
-0.234,10397
0.153,1568
0.0951,3068
-0.0395,6356
0.0766,1778
-0.145,8454
0.259,236
-0.0563,6619
-0.0761,6871
0.209,878
0.19,2147
-0.329,10322
0.119,994
-0.0035,5320
-0.033,6702
-0.12,7678
-0.14,8100
-0.0059,5151
-0.011,5847
-0.0405,6865
0.129,2821
-0.285,10103
0.0747,3071
-0.084,8880
-0.179,9156
0.0126,4472
-0.011,5414
-0.337,9661
0.0838,3397
-0.0699,6857
0.0568,858
0.129,1329
0.111,2093
0.365,844
-0.0666,8085
-0.197,8183
-0.029,6681
0.0296,3539
-0.181,9068
0.302,330
0.675,48
-0.088,7773
-0.149,9972
-0.135,9058
0.0296,3811
-0.0419,7038
0.141,1798
-0.0403,6260
0.0685,3348
-0.0584,7543
-0.0681,6886
-0.0118,5493
0.397,550
-0.09,6520
0.0331,3295
-0.081,8296
-0.108,8139
0.228,841
-0.244,9687
-0.0809,8227
-0.09,8013
-0.314,10288
-0.0596,8769
0.0104,4417
-0.314,9500
-0.152,9442
-0.0967,8860
-0.0957,8244
0.00604,4772
-0.035,6363
-0.0436,6368
0.0584,3775
0.181,472
-0.0314,6608
-0.035,5829
0.209,666
-0.0723,6893
-0.0635,7013
0.0896,1467
0.171,349
-0.049,6594
0.134,2301
-0.558,9973
-0.107,8213
-0.0715,8954
-0.129,10262
0.0524,3861
0.142,1892
0.1,3631
0.0195,4431
-0.0566,7425
-0.111,7965
-0.11,9240
0.143,1894
0.00627,4829
0.0601,2865
0.063,2991
-0.0885,8541
0.0157,4732
-0.153,9170
-0.103,7432
0.127,748
0.015,4660
-0.152,10243
0.103,1644
-0.0897,7374
-0.00747,5385
-0.0357,6891
0.0916,1003
0.266,1365
-0.105,8548
0.0472,2524
-0.0735,6516
0.074,3163
-0.0876,8274
0.0767,2102
-0.253,9865
-0.0701,7995
-0.0673,6353
0.157,1858
-0.00902,5832
0.208,344
0.733,290
-0.21,9819
0.0281,4115
-0.329,8868
-0.0341,6219
-0.085,9484
-0.025,5860
0.1,3155
0.049,3171
-0.0167,5480
0.0195,4552
0.117,1857
-0.104,8057
-0.11,8928
-0.0765,7644
-0.0777,7349
-0.0664,8730
-0.125,8055
-0.304,10349
-0.0529,7835
-0.137,8983
-0.117,7706
-0.061,8053
-0.0718,8670
0.241,1078
0.0146,4632
0.553,224
-0.294,8945
0.0174,4144
0.0155,4143
0.0903,3246
-0.0839,6491
-0.078,8569
0.0398,4150
0.0891,2186
0.196,258
0.093,2067
-0.137,9248
-0.227,9663
0.449,364
-0.0404,7367
0.0414,2998
0.0488,3683
0.00552,4942
0.172,1228
-0.213,8801
-0.00585,5271
-0.0232,6018
-0.179,10289
-0.0523,6417
0.0814,2325
-0.152,8838
0.0281,3966
-0.00314,5210
0.13,2287
0.188,1270
-0.0339,6225
-0.102,7933
-0.0284,5832
0.0635,3277
-0.0953,6512
-0.291,10339
0.0644,2337
0.12,2617
-0.173,8561
-0.0512,6261
0.0184,4007
0.188,1017
-0.16,9925
-0.0688,7757
-0.295,9450
-0.189,9230
-0.0271,5780
0.0527,3496
-0.0435,7569
-0.118,9483
0.031,3961
-0.0579,6714
0.341,319
-0.0238,6349
0.102,1299
0.194,1707
0.162,1798
0.0745,3207
0.0152,4381
0.298,13
-0.137,9305
-0.0849,6963
-0.149,9470
0.19,1459
-0.000274,5087
-0.0762,8478
-0.0313,6076
0.14,1038
-0.0775,8148
-0.242,7859
0.0329,3368
0.221,387
0.0299,3711
-0.0637,6328
0.0262,3904
0.0778,3057
0.0599,3215
0.272,128
-0.326,10403
-0.352,8559
0.364,1673
-0.0804,7700
0.0904,2347
-0.00183,4976
0.464,50
-0.089,7675
0.0234,3896
-0.108,8955
-0.0136,5753
0.0393,2822
0.00673,4893
-0.0521,6793
0.021,4183
-0.147,8578
-0.275,9448
0.065,3202
-0.123,9422
0.254,292
-0.0293,6212
-0.0977,8361
-0.0483,6487
0.0123,4547
0.0217,4357
-0.195,10175
-0.119,9201
-0.234,9229
-0.116,8744
0.106,1029
0.135,749
-0.0464,6788
0.0101,4658
-0.0588,6642
0.266,1622
0.0395,3954
0.134,342
0.187,2276
-0.00086,4973
-0.123,8136
0.245,694
0.369,233
0.398,269
0.00336,4944
0.0624,2897
-0.226,10131
-0.0478,6864
0.091,1788
0.0114,4706
-0.0459,4380
-0.523,8873
0.213,2331
-0.252,9700
-0.178,9426
-0.0233,6287
-0.00771,5326
-0.191,10045
-0.0828,7591
-0.366,10441
-0.0356,6154
0.0196,4698
-0.0523,6395
-0.0069,5430
0.12,1189
-0.075,6892
-0.214,8037
-0.0406,6048
-0.0921,6789
-0.106,9884
-0.101,8853
0.152,1582
0.0942,2831
-0.136,7657
-0.209,10390
0.222,259
-0.0979,8916
-0.12,8438
-0.0239,5857
0.0287,4447
-0.117,8580
-0.0365,6669
0.161,326
0.0389,3413
0.0267,4172
-0.0016,4989
0.211,1051
0.339,30
0.135,2426
0.0276,4072
0.161,1294
-0.155,6019
0.0337,4258
0.18,588
0.0652,3137
-0.261,9547
0.00599,4620
0.2,2153
0.0206,4489
0.0655,2615
0.198,642
-0.0127,5520
0.0334,4263
-0.0439,5915
0.00826,4975
-0.0216,5640
-0.0524,8017
-0.0675,6328
-0.116,9291
-0.067,7876
0.0848,2367
0.166,1135
0.155,705
0.0411,3926
0.0814,3441
0.118,1708
-0.0465,6282
-0.0824,8251
-0.0364,6364
0.243,1552
-0.0403,5835
-0.239,10405
-0.0264,5383
-0.128,8249
0.0532,3616
-0.142,9222
-0.156,9968
0.0261,4215
-0.0395,6375
-0.114,8979
-0.0202,5631
0.0701,3152
0.00666,4800
-0.268,9172
-0.126,6091
-0.0221,5896
0.0102,4743
0.602,21
-0.173,8128
0.0678,3097
-0.00841,5405
-0.0202,5735
-0.026,6136
0.144,1051
-0.0389,5806
-0.454,10334
0.246,830
0.044,3396
-0.0223,5648
0.0292,3567
0.0273,4287
-0.0132,5176
-0.208,8710
0.0791,1811
-0.15,9202
0.0245,4155
-0.0354,6078
-0.0959,8563
0.157,2491
-0.225,10110
-0.0239,5766
-0.139,9730
0.0673,3498
-0.144,9127
0.101,2426
0.0777,2406
0.0998,2281
-0.169,8339
-0.152,9548
-0.253,10100
0.0178,4607
0.0164,4390
-0.0806,8236
0.0223,4293
0.131,3474
-0.151,7617
-0.122,7378
-0.151,9014
0.0493,3673
0.00642,4780
-0.0678,5984
0.0109,4556
0.447,707
0.0452,2287
5.55e-06,5026
0.388,848
-0.0473,6433
0.26,2140
-0.274,9261
0.164,127
0.428,14
-0.0615,6525
0.0779,3750
-0.299,9273
0.159,569
0.0405,2892
0.0126,4409
0.0986,2680
-0.135,8677
0.722,285
0.0345,4209
0.139,1560
0.148,613
-0.0935,7382
0.228,2020
0.19,1092
0.219,613
0.192,455
-0.0236,5852
0.202,1305
0.0839,3229
-0.214,6644
0.0517,3286
-0.0867,6502
0.333,299
-0.0646,7538
0.268,146
-0.159,5898
-0.0472,6552
0.192,756
0.0187,3789
0.231,459
-0.175,8633
-0.347,9386
0.107,2596
-0.0531,7676
-0.0654,8504
0.273,1601
-0.0432,5789
-0.283,9644
0.1,2991
0.0572,2821
-0.0185,5521
-0.0799,8412
-0.0434,7231
-0.15,9008
0.116,2712
0.125,1088
-0.131,8257
-0.0589,6975
0.282,180
0.1,2126
-0.232,8849
0.0644,2998
-0.03,5978
0.0322,3817
-0.0179,5479
-0.0596,7029
-0.0523,6459
-0.154,9954
0.256,924
-0.295,8706
0.0855,2140
0.0608,3271
-0.293,10138
0.0132,4375
0.00303,4916
-0.116,9355
0.027,4033
-0.192,9350
-0.0469,5544
-0.136,9621
0.0421,3083
-0.0568,5918
-0.0371,6429
0.0484,3834
0.143,1853
-0.00438,5165
-0.0594,8047
0.0669,2981
0.167,2122
-0.0925,8682
-0.195,9041
0.345,12
0.0245,4072
0.109,2395
-0.191,7698
-0.115,7829
-0.096,8488
-0.0642,7759
0.381,356
-0.058,7472
-0.187,9470
0.155,1602
-0.199,8325
-0.208,9984
0.0212,4139
-0.218,9641
0.0195,4348
-0.0756,6807
0.629,752
0.0499,3158
-0.0284,6856
-0.169,8900
0.0309,3916
-0.172,6724
-0.0167,5691
-0.0546,7703
0.0226,4139
-0.0489,6643
0.138,3378
0.151,1532
0.0354,4127
-0.00321,4849
0.257,954
-0.202,8959
0.0748,2795
-0.171,5135
-0.0373,6447
-0.000637,5175
0.0939,2826
-0.0246,5712
-0.102,9644
-0.0625,6848
0.724,1000
0.0949,2844
-0.116,8431
-0.0952,8591
0.105,1141
0.004,5005
0.0245,4396
-0.086,7125
-0.0529,7701
-0.159,9319
-0.0568,6959
-0.324,9380
-0.0672,6646
0.0203,4419
0.164,767
-0.0575,6695
0.0242,4317
-0.427,9315
-0.0472,6950
-0.245,10292
0.105,2560
-0.269,9936
0.0725,3015
-0.298,8712
0.0346,3613
0.051,3915
0.072,3204
-0.0738,6038
0.0273,3865
0.195,1672
-0.0156,6132
-0.097,9338
0.0532,3349
0.153,718
-0.101,9325
0.165,1259
-0.0228,5701
0.0504,3419
-0.109,9016
0.0863,3270
0.0221,4056
-0.0205,5029
0.188,1143
0.159,2756
-0.0857,7662
-0.147,8987
0.0294,3723
0.398,35
0.167,2550
-0.105,8731
0.685,68
0.405,97
-0.119,8806
0.275,880
0.00535,4920
-0.0882,9330
0.0202,4208
-0.0777,6198
-0.257,9466
-0.171,7707
-0.178,9045
-0.0557,8401
-0.0299,6974
-0.0515,5924
-0.00218,5068
-0.016,5805
-0.00479,5217
0.0402,3659
-0.0117,5669
0.0406,4103
0.0747,3951
0.492,1117
0.0659,2436
0.0208,4320
0.00723,4655
-0.227,9475
-0.141,9990
-0.154,6519
-0.13,7272
-0.016,5516
-0.0447,5287
0.0214,4210
0.206,1237
-0.0601,6299
0.0589,3478
0.301,52
-0.0567,7358
0.0359,3686
-0.167,9127
0.0581,4019
0.17,982
-0.108,9662
-0.151,9289
0.0767,2699
-0.0276,5166
0.396,775
0.134,763
-0.0221,6078
0.0115,4542
-0.196,9964
-0.0232,5690
-0.0889,7605
0.0777,3389
-0.0116,5718
0.251,196
0.0172,4526
0.059,1845
0.142,2846
0.176,2911
0.159,1591
0.343,110
-0.0621,6763
-0.2,9366
-0.0137,5388
-0.187,9202
-0.02,5963
-0.14,8323
-0.192,9363
-0.131,9298
0.0673,4017
-0.0581,6939
0.129,757
0.0318,3939
-0.257,9116
-0.126,9747
0.375,375
0.0741,3662
-0.0112,5780
-0.0284,6304
-0.0928,6303
0.0184,4511
0.701,43
-0.252,9762
-0.144,7857
-0.238,10233
0.167,697
-0.242,10135
0.147,2653
-0.228,8736
-0.12,6781
-0.0439,8347
-0.214,9375
-0.012,5325
0.485,248
0.0436,3266
-0.0252,6359
0.251,476
0.328,574
-0.106,7058
1.18,166
0.209,2107
0.235,248
0.144,861
0.223,1017
0.153,2388
-0.322,9032
-0.0822,6667
-0.0131,5351
-0.0263,5713
0.0759,2934
0.103,3288
-0.0479,6531
0.15,1468
-0.107,8829
0.0229,3762
-0.404,7262
-0.248,8751
0.0722,1885
0.0188,3902
-0.0116,5543
0.0344,3750
-0.0826,7082
-0.224,9311
-0.109,7884
-0.162,8317
-0.0278,6418
0.00463,5029
0.125,1897
-0.106,7199
0.142,2807
0.368,411
0.173,474
-0.0767,8064
0.142,2031
0.0216,4309
-0.114,6969
-0.0363,6371
-0.016,5566
-0.103,8399
0.0139,4612
0.47,603
0.0103,4932
-0.057,7132
-0.343,10366
0.216,988
0.425,908
-0.105,8980
-0.167,10115
-0.188,8001
-0.172,9159
-0.0379,5708
0.163,2261
-0.0198,5252
0.0106,4615
-0.0328,6546
0.0595,2565
-0.175,10279
-0.0657,7228
-0.292,8816
0.26,821
-0.376,9297
0.0672,2462
-0.0537,7319
-0.193,9843
0.296,836
0.0355,3551
0.194,1255
-0.2,9610
0.57,273
-0.0384,6292
-0.12,7188
0.166,2675
-0.15,7822
-0.119,9304
-0.133,9839
0.225,32
-0.0304,5653
-0.414,9789
0.000163,4934
-0.195,9531
0.188,749
0.0544,3459
0.0122,4556
0.234,660
-0.0199,5391
0.0577,2021
-0.026,6337
0.0977,2531
-0.0647,7199
0.168,2828
0.201,1305
-0.0828,8838
0.0283,4310
-0.0604,6872
-0.0516,6096
-0.124,8275
0.105,3260
0.0108,4545
0.0671,3529
-0.11,7835
-0.0204,5941
-0.134,10043
0.263,100
0.237,581
-0.0387,6376
-0.231,10065
0.13,1830
-0.144,6369
0.00782,4636
0.177,1200
0.0679,3214
-0.0148,5544
-0.061,7124
0.0899,2260
0.158,2895
-0.0285,6437
-0.17,10042
-0.169,9048
0.000175,4952
-0.1,8527
-0.167,8013
0.175,344
-0.0199,5901
0.321,142
0.0951,2811
0.501,748
0.133,2881
-0.0639,7823
-0.131,8397
0.671,442
0.0321,4051
0.335,97
0.104,1297
-0.00101,5090
0.152,987
-0.0318,5970
0.268,1944
0.0919,3538
0.285,93
0.0553,2011
-0.092,8276
0.254,396
0.0099,5146
0.0209,4259
0.0486,4108
0.347,150
-0.0957,8407
-0.325,10275
0.272,124
0.0553,2913
0.247,725
0.0289,3590
0.029,3907
0.0242,4325
0.149,3295
-0.0197,5369
0.0197,4448
0.465,885
0.0131,4888
-0.113,9094
-0.128,7576
0.235,1442
-0.092,7380
0.17,576
0.0045,4626
0.609,327
0.111,2286
-0.298,10346
-0.0792,8127
-0.0545,7775
-0.0304,6787
-0.29,9840
-0.153,9171
0.0824,3911
-0.168,10106
0.000224,5070
0.0975,1953
-0.0308,5336
0.0984,2326
0.0767,2758
0.0856,2447
0.0322,3486
0.0515,3148
-0.0147,5134
0.389,1661
0.774,102
-0.159,9181
-0.00207,5499
0.0714,2652
-0.275,10295
-0.173,8855
0.559,72
-0.0831,6280
0.129,1563
0.0247,3838
-0.116,7107
-0.201,7216
-0.0365,6446
-0.101,9609
0.11,2407
0.0258,4442
-0.0668,8116
-0.0657,8244
0.0863,3229
0.00505,5033
-0.0472,6101
0.145,220
0.137,654
0.175,1074
-0.0168,5430
0.208,249
-0.142,8299
0.19,1290
0.0634,2922
0.292,639
0.0587,3217
0.221,2436
-0.408,9082
-0.268,7782
0.0379,3974
0.0377,3636
-0.323,8935
0.148,1714
0.00938,5186
0.117,1489
0.106,2000
-0.0157,5830
0.151,1171
0.364,1628
-0.0129,5676
-0.0895,7908
-0.23,9124
-0.0443,5977
0.615,155
0.0796,3461
-0.00141,5003
-0.097,8079
-0.0152,5779
0.128,1469
-0.137,9134
0.281,1002
0.049,2453
0.044,3380
0.138,2829
0.0328,4004
-0.0747,6722
-0.0429,6533
0.00059,4891
0.161,1163
-0.0781,6994
-0.157,9513
-0.283,8207
-0.124,8132
0.108,954
0.121,2011
0.0481,3705
0.076,3061
0.049,3519
0.0756,3179
0.0512,3331
0.0125,4575
-0.15,8579
0.357,858
0.0153,4625
-0.0295,6151
-0.227,9922
0.143,1730
0.00744,4961
-0.0505,6211
0.0286,4139
-0.0765,5816
-0.115,7786
0.0872,2070
-0.172,9639
0.119,1888
-0.16,9594
-0.0688,6703
0.224,310
0.142,2170
0.0632,3076
0.304,1497
0.13,956
0.00846,4600
-0.261,10279
0.226,324
0.0717,3076
0.247,406
0.0213,4401
0.0634,3063
0.229,212
-0.134,8267
-0.49,7030
-0.286,9985
0.0829,1964
0.0105,4722
-0.0203,6171
-0.518,9810
0.228,1728
0.00232,5237
0.0809,1116
1.37,494
-0.345,9137
0.129,2768
-0.52,10457
-0.0366,6765
0.0432,3364
0.0521,3212
-0.135,8638
0.0781,3721
0.176,740
-0.0147,5800
-0.0184,6416
0.0517,3152
-0.073,6621
-0.046,7064
0.361,408
0.0692,2009
0.00688,4921
0.00447,4807
0.0181,4288
-0.118,6182
0.0596,3193
-0.0857,7202
0.0579,3865
0.155,2194
-0.171,9221
0.126,1889
-0.293,7910
-0.0873,7840
0.198,1511
0.00635,4894
0.0159,4358
-0.105,6637
0.0768,2697
-0.158,9288
-0.0213,5855
0.252,91
0.084,3395
-0.193,8570
-0.0242,5772
-0.0138,5607
0.0169,4234
-0.369,9302
-0.13,7837
-0.0163,5657
-0.106,7657
0.223,839
0.135,1265
-0.0801,7431
-0.17,8221
-0.186,8012
-0.143,8910
0.0804,482
-0.11,9135
-0.256,10308
0.222,1265
0.189,1558
-0.095,7076
-0.0829,6940
0.292,116
-0.123,8353
0.137,2109
-0.192,9356
-0.265,8161
0.0741,2690
-0.0243,5203
0.0232,4316
0.269,215
0.313,187
0.126,1853
0.0866,1626
-0.138,10118
-0.0627,7310
-0.0732,6686
-0.0274,5457
0.106,3572
-0.0674,8156
0.264,184
-0.39,10100
-0.0604,6398
-0.317,9323
0.149,2228
0.0116,4374
0.156,2224
0.219,261
-0.0822,7506
0.176,1708
-0.00826,4952
-0.0177,5772
-0.0262,6076
0.493,851
0.0894,2491
-0.206,8621
-0.0396,6364
0.102,1841
-0.198,10047
0.0381,2816
0.0664,2109
-0.112,9595
-0.102,8482
-0.0516,7779
0.0708,2259
-0.0293,5770
-0.0651,6020
-0.278,9469
0.307,570
0.0734,2310
0.0487,3208
-0.0391,6749
-0.145,8287
-0.31,9394
-0.0934,8472
0.00896,4660
0.201,596
-0.0306,5947
0.234,1135
-0.24,9274
-0.135,7490
-0.0393,6461
0.0839,2072
0.392,955
0.35,576
-0.0732,6360
0.0312,3838
0.0562,3349
0.00536,5169
0.183,1153
-0.289,10082
-0.0482,6689
-0.137,8624
0.0217,4231
0.0822,1695
0.117,2092
0.0862,3614
0.00522,4827
-0.0275,5780
0.00341,4899
-0.163,9000
0.14,474
-0.0421,6391
0.231,464
0.18,1812
-0.0944,7082
-0.0403,6375
-0.195,10101
-0.0613,6996
-0.0223,5374
-0.223,9497
-0.132,6861
0.0723,1447
-0.265,10179
0.144,2824
0.148,1346
-0.0165,5692
-0.336,9195
0.0484,2945
0.0133,4431
-0.231,10183
-0.0309,5697
-0.0508,6441
-0.181,9879
-0.00676,5239
0.164,947
-0.37,8951
-0.11,7679
-0.308,8704
0.0892,2088
0.139,1453
0.0952,1763
0.151,1049
-0.133,9504
-0.0662,6623
-0.0309,5474
0.256,771
0.0794,3516
-0.0944,7722
0.223,1066
-0.309,9999
-0.164,7583
0.0799,2456
-0.0247,6467
0.154,742
0.305,120
-0.101,7082
-0.0152,5667
-0.311,9236
0.0299,3946
-0.00568,5282
-0.0746,7808
0.0276,3934
-0.215,9962
-0.0262,7294
-0.245,10006
-0.064,7982
0.136,1898
0.0803,2435
-0.0918,7412
-0.000575,4831
0.00886,4636
0.0332,3899
0.329,1000
-0.224,9566
0.0878,3194
0.00317,4863
0.0581,3605
0.125,959
0.274,521
-0.0865,7523
-0.0754,6566
0.229,724
-0.198,9321
0.163,630
0.0353,3966
0.524,105
0.262,323
0.0443,4182
-0.0787,8640
0.00947,4466
0.372,491
-0.0864,7896
0.208,2689
-0.261,8005
-0.00867,5312
0.126,1410
0.111,2792
-0.11,7903
0.0439,3739
-0.209,7749
0.0228,3962
0.254,517
-0.0299,6207
-0.00756,5064
0.239,361
0.132,3615
0.0148,4269
0.0777,2154
0.142,1996
0.0219,4399
0.145,775
0.568,126
0.109,896
-0.106,9969
-0.0452,6093
0.0947,1936
-0.434,10411
-0.284,9895
-0.234,9271
-0.197,8099
-0.00505,5235
-0.215,9498
-0.0494,5883
0.224,837
-0.0109,5517
-0.00308,5343
-0.226,8328
-0.0163,5429
0.146,2245
-0.0111,5352
0.0325,3351
0.0379,3229
-0.134,9002
0.0418,4059
-0.122,5499
-0.0687,5991
-0.154,9624
-0.0936,7436
0.0941,3507
-0.102,7611
-0.215,8152
-0.0601,6437
-0.0167,5592
-0.0701,9966
-0.0796,6593
-0.171,6747
-0.00345,5274
0.124,1644
0.0731,2289
0.0916,3205
-0.268,6590
-0.133,8518
0.164,1525
0.222,1291
-0.0619,5978
0.0275,3752
-0.0462,6650
0.191,125
-0.0107,5837
-0.166,9112
-0.0164,6258
-0.106,8594
-0.107,7182
-0.101,7267
-0.0694,6506
0.0143,4682
-0.0142,5110
0.0251,3696
-0.0221,5666
0.341,109
-0.0526,6980
-0.142,8214
0.109,2596
0.119,2445
-0.0145,5270
0.00601,4953
0.0796,2789
-0.035,6390
-0.125,8915
-0.0709,8000
0.281,894
-0.123,8139
-0.206,9835
-0.00571,5331
0.0369,3797
0.113,1513
-0.282,10219
0.0017,4899
0.694,183
-0.446,9846
0.0123,4693
0.538,51
0.0333,3752
0.0493,3293
0.138,1567
0.0965,3145
-0.0523,7253
0.00941,4959
-0.0414,6533
-0.141,8524
-0.0284,5663
0.136,1870
0.0673,2487
-0.0248,5863
-0.262,9218
0.184,429
0.012,4508
0.0673,3712
-0.0731,9836
-0.289,10103
0.223,631
-0.179,9537
0.0209,4638
-0.0997,6209
-0.123,8383
0.101,937
-0.241,10209
-0.00707,5388
-0.098,6874
-0.00448,4998
0.376,1338
-0.234,10176
-0.0387,6354
0.0048,5122
-0.315,9582
0.11,2714
0.0774,3487
-0.259,10048
-0.256,9838
-0.0404,6098
0.0391,3889
0.208,638
-0.098,8967
-0.00908,5309
-0.162,8632
-0.362,10188
0.237,1355
-0.398,10344
0.046,3680
0.0747,1135
-0.149,9265
0.16,1052
0.153,2685
0.0672,3346
0.133,901
0.27,311
-0.00573,5192
0.0931,3228
0.538,68
-0.096,8276
-0.131,9384
0.0968,657
0.355,686
0.00582,4935
-0.032,5973
0.189,2020
-0.048,5945
-0.0954,8222
-0.0781,7825
-0.158,7402
-0.0456,6080
-0.193,8907
0.182,295
0.213,1244
-0.297,10121
-0.0904,8564
0.00297,4925
0.316,152
-0.132,9659
0.0451,2487
-0.189,9631
0.0776,3008
-0.439,10125
0.269,1124
0.126,1007
-0.00218,4924
0.205,373
0.0654,3189
0.127,630
-0.149,8000
-0.0672,7272
0.105,2606
0.226,443
0.0493,3312
-0.0523,6778
-0.108,6784
-0.0955,7403
0.159,2096
0.122,2127
0.23,402
-0.0616,6910
-0.171,9034
-0.0697,7645
-0.11,10079
-0.118,9293
0.184,1699
-0.25,9288
-0.0328,7264
-0.104,10009
-0.0062,5206
-0.0882,7391
-0.178,9736
-0.0979,7127
-0.0754,6445
-0.174,10135
-0.0111,5798
0.0952,2983
-0.143,9028
0.616,2
-0.00606,5358
-0.0403,8023
0.122,362
3.4,96
-0.175,7263
-0.0484,6509
-0.0895,7291
-0.0809,8217
0.184,1382
-0.384,9750
-0.0359,5802
0.169,1552
0.114,2232
-0.196,10430
0.0273,4195
-0.0247,5987
-0.0501,5884
0.22,2220
-0.0238,6006
-0.0252,5730
-0.233,9975
0.0227,3795
-0.173,8996
0.00447,5021
-0.0544,6357
0.0306,3594
0.231,544
-0.0845,8196
-0.2,8951
-0.195,7579
0.112,1010
-0.00802,5368
0.209,256
-0.0883,7894
-0.0159,5478
0.0707,3321
-0.00228,5282
-0.227,8404
0.312,264
-0.0169,5745
0.406,948
-0.225,6629
0.107,2136
0.0166,4493
0.133,1961
0.00838,4684
0.0407,3624
-0.0168,5612
0.102,2067
0.0702,2071
0.0613,3758
0.0243,4438
0.118,2978
-0.122,8708
0.0536,1660
0.205,522
0.00256,4942
-0.00238,5355
-0.0201,5826
0.0497,3586
-0.00136,5073
0.495,2
0.0286,4241
0.0722,3272
0.284,668
-0.0241,5799
-0.0782,6664
-0.114,8100
0.0947,1565
-0.268,10166
-0.0758,6667
-0.0424,5910
-0.0119,5641
0.0717,3652
0.048,3122
0.0362,4193
0.109,2688
0.256,920
-0.139,9078
0.168,291
0.0394,3679
-0.164,7715
-0.135,6186
0.304,1940
-0.194,9900
0.0338,3944
-0.121,7716
-0.0663,7154
0.00749,4629
-0.0615,5774
0.0427,2924
0.348,200
-0.108,7833
-0.172,10322
-0.247,9366
0.162,2078
-0.108,8656
-0.155,9757
0.0289,4502
-0.221,10151
0.0621,4152
0.0717,3270
-0.0947,9108
0.0486,3821
0.164,662
-0.0831,6189
-0.664,9813
0.087,3655
-0.0382,6931
-0.0542,5958
0.194,408
0.224,1013
0.154,3001
-0.385,9139
-0.192,10343
0.0853,3860
0.113,3116
-0.166,9915
0.552,496
0.00619,4756
-0.0491,7576
-0.113,8471
-0.103,8665
0.158,2682
0.00111,5000
-0.0561,6950
0.0613,1911
-0.0506,7194
0.0349,4130
-0.237,8924
-0.0802,7283
-0.159,7739
-0.0823,8129
-0.126,8988
-0.0548,6519
0.149,1794
-0.033,6290
0.392,165
0.0794,1875
0.209,613
-0.104,8280
-0.0517,7430
0.0632,3828
-0.24,9571
-0.246,10394
0.196,307
0.0025,5031
-0.0536,6771
0.149,1053
-0.139,6897
0.0552,2632
-0.0014,5215
-0.134,9130
-0.0468,6258
0.198,986
-0.195,9611
0.0852,2738
-0.0409,6916
0.727,43
-0.275,9224
-0.181,9938
-0.48,10154
-0.0389,6829
-0.0156,6002
-0.103,7613
-0.0504,6012
0.083,3552
0.0184,4732
-0.0153,5777
0.000354,4856
0.0909,3402
0.027,3976
0.0266,4509
-0.161,9900
-0.06,7265
-0.131,9583
-0.0867,8192
-0.122,7594
-0.133,7528
0.284,1402
0.112,2359
0.133,858
0.0461,3233
0.000153,5383
0.299,1268
0.0621,2859
-0.171,8671
-0.0891,8545
0.0651,2407
-0.14,8250
-0.0199,6209
0.0671,2990
-0.0174,5573
0.0925,1988
-0.185,7918
0.0612,2857
-0.197,7732
-0.0276,5695
0.143,388
-0.113,9830
-0.118,8492
-0.216,10087
-0.106,9711
0.271,1044
0.0126,4664
0.00363,5028
0.139,2125
-0.103,7990
0.0893,2572
0.132,2142
0.00776,5063
-0.0297,6683
-0.165,9482
0.0445,3795
-0.0942,6772
0.126,1522
-0.125,9532
0.287,455
0.145,2031
0.0965,2069
0.527,89
0.0159,4705
0.0602,2868
-0.0545,8686
-0.327,10345
-0.0238,6216
-0.159,8839
0.0189,4594
0.149,854
0.0276,3299
0.012,4711
-0.0585,7244
-0.183,9587
0.417,1720
0.223,387
0.0211,4032
-0.0508,5939
0.206,37
-0.125,9070
-0.185,9650
-0.106,7654
-0.145,9948
0.203,919
0.102,2335
-0.124,7982
1.23,45
-0.0155,4980
0.0303,4186
0.0702,3575
-0.14,9223
1.02,93
0.333,954
-0.0234,5732
0.139,968
-0.0244,5383
0.159,2594
-0.117,7938
0.0275,4306
0.178,164
-0.0219,6103
-0.0273,6191
0.656,57
-0.00924,5123
-0.323,8823
-0.0554,6247
0.0213,4236
-0.144,7542
-0.169,8881
-0.353,9522
-0.121,7166
-0.117,7928
0.0602,2652
-0.137,9679
-0.0376,6917
0.126,2333
-0.155,7726
-0.0909,8487
0.0191,4845
0.0508,3980
-0.31,10143
-0.0983,7170
-0.233,10252
0.0809,2815
-0.00182,5201
-0.0369,5977
-0.0284,5954
0.0728,3367
0.00409,5155
-0.0765,8007
-0.0499,8198
0.0671,3081
-0.444,9169
-0.0777,6625
0.229,1117
0.00317,4865
0.258,49
-0.0284,5670
-0.0106,5456
0.361,284
-0.173,8514
-0.0414,6239
-0.0667,7768
0.14,1246
-0.00308,5377
0.434,27
0.0539,3128
0.104,1712
-0.0841,7810
0.158,1912
-0.216,7194
-0.0442,5653
0.0125,4499
-0.0951,8523
0.0124,4491
0.0236,4678
-0.0264,5529
0.192,2969
-0.377,9946
-0.0346,6357
-0.0472,6827
0.0428,3857
-0.0339,5913
0.133,3239
-0.308,10252
0.188,1076
-0.194,9948
0.00543,5038
-0.0943,7934
-0.248,8579
-0.096,9245
-0.0397,7135
-0.128,9302
-0.114,8779
-0.106,6636
-0.223,9055
-0.349,8498
-0.043,6646
-0.194,10158
0.198,1273
0.154,1300
0.263,901
-0.0281,5657
0.0333,3884
-0.0945,9334
0.024,4179
-0.065,7252
0.1,2687
0.000137,4829
0.0689,1654
-0.0657,8373
0.228,896
0.0842,2562
-0.0547,8121
0.0264,4350
0.122,1408
0.0186,4461
-0.0777,7188
0.0718,3778
0.0611,3609
0.0308,3638
0.0485,3039
0.29,61
0.0614,2339
0.115,1380
-0.0888,7884
0.647,553
0.0783,2822
-0.136,9234
-0.0319,6210
-0.0429,7109
0.0523,3608
0.0538,2596
-0.0195,7101
-0.0556,7084
-0.0685,7240
0.141,1475
-0.194,8090
0.137,3084
0.172,959
-0.0215,5998
-0.00671,4876
-0.0262,5245
0.0413,3090
-0.336,9641
0.113,2530
0.0234,3907
0.0591,3063
-0.231,9648
-0.137,8732
0.0616,3843
-0.0373,7489
-0.103,8178
0.0694,3463
-0.107,7003
-0.315,10291
0.2,1428
-0.214,8582
0.0447,2960
-9.02e-17,7417
