coef,rank
-0.174,5905
-0.0295,5448
-0.138,7918
-0.115,6516
-0.0847,5546
-0.00375,4963
-0.215,10363
-0.11,7603
0.213,1184
0.011,4735
-0.0967,8491
0.0424,3044
0.000135,5180
-0.204,9465
0.384,846
-0.308,7038
-0.104,9966
-0.107,10119
0.172,863
-0.0555,6905
0.0792,3371
-0.0474,5335
-0.099,7919
-0.107,8144
-0.178,7542
0.131,2528
-0.0845,8261
0.555,1753
0.0452,4026
-0.0953,8394
-0.106,8133
-0.253,8372
-0.00626,5150
-0.229,8311
0.00592,4685
-0.0661,8297
0.0713,2732
-0.181,8342
0.00358,4903
-0.0689,6834
-0.0289,6073
0.0912,812
0.0519,3877
0.077,2615
-0.0334,5788
-0.257,9740
0.0109,4213
-0.0264,6894
0.285,729
-0.156,9492
0.00857,4550
0.253,863
-0.0173,5663
0.0168,4240
-0.277,10303
-0.199,9205
-0.222,7081
0.00932,4813
0.0817,1446
-0.0844,8454
-0.256,9726
0.0582,3271
-0.0408,7018
-0.00248,5317
0.085,1943
-0.0325,6713
-0.0263,6411
0.0431,3422
0.072,3110
0.0391,4011
-0.177,10289
0.116,1363
0.11,2253
-0.0949,7276
0.0441,4318
0.125,1757
-0.0978,8641
-0.00976,5331
-0.0169,5905
-0.00365,5343
-0.468,9429
0.272,962
-0.0211,6342
0.0115,4490
-0.218,10102
0.495,174
0.211,494
-0.0579,5667
-0.034,6856
-0.00284,5350
0.199,1405
0.371,152
0.0779,3550
-0.117,7770
0.046,4071
-0.0768,8236
-0.035,5398
-0.0149,5797
-0.0218,5896
0.0738,2952
-0.0812,8503
-0.0263,6063
0.0769,2444
0.0923,3057
0.558,346
-0.0611,6404
0.329,741
0.211,1115
-0.0791,6974
0.0161,4568
0.114,3498
0.0691,3035
-0.0407,7103
0.0703,1618
0.0239,4527
-0.118,8715
-0.0209,5844
-0.253,9832
-0.113,8207
0.00344,4746
-0.0587,8091
-0.0249,6349
-0.267,9137
-0.127,6626
0.12,982
0.805,37
-0.000956,4834
0.28,334
0.0523,3594
-0.0805,7338
-0.075,8273
0.134,1643
-0.268,9731
-0.148,9644
-0.888,9348
0.23,1893
-0.109,9053
-0.0745,7796
-0.11,6317
-0.112,9687
-0.0532,6219
0.0136,4509
0.148,1353
0.0747,2480
0.0151,4623
-0.0209,5570
-0.0835,8513
0.0204,4523
0.141,1483
0.0166,4354
-0.284,6763
-0.0874,7692
0.274,1300
-0.0535,6640
0.00714,4656
0.259,228
-0.103,6967
-0.0884,7825
0.0305,4157
-0.152,8971
0.0855,3096
-0.002,5189
-0.0333,6087
-0.137,8546
-0.00991,5630
-0.137,9927
0.177,1200
0.17,417
0.0682,3083
-0.106,6522
0.0244,4356
-0.114,9426
-0.028,7226
0.00753,4783
-0.0566,7474
0.169,1354
0.0874,3669
-0.0877,9607
-0.096,8672
0.108,2578
0.0915,1828
-0.0304,6618
0.0543,2440
-0.0703,9734
0.0941,2162
0.0492,3068
-0.104,7873
0.00203,5108
0.192,2635
-0.0357,6724
0.0194,4073
-0.0167,6380
0.0317,3916
-0.0814,6981
0.266,1324
-0.0517,7346
-0.0733,7250
-0.124,7448
0.129,473
0.12,2515
-0.117,8119
-0.0699,6267
-0.00761,5389
0.458,61
-0.24,9783
-0.247,9499
-0.13,8736
0.195,1250
0.0948,1724
-0.0751,8324
0.0525,3202
0.0235,4538
-0.122,7873
-0.0521,6269
0.0987,547
-0.0465,7112
0.015,4844
0.0231,4287
0.0202,4538
-0.289,5284
-0.0777,7414
-0.12,9702
0.0641,1794
0.239,995
0.151,2793
-0.0341,5762
0.00398,4887
-0.0652,8103
0.0872,1318
0.404,318
-0.0842,7551
0.0159,4533
-0.197,8904
0.111,488
0.0528,3585
0.069,3272
-0.319,8361
-0.139,8468
-0.0929,6873
0.254,2190
0.0245,4633
0.217,190
-0.0646,7613
-0.185,9928
-0.0806,7810
0.0305,3857
0.208,1465
-0.139,9391
0.261,818
0.0345,3688
-0.0649,8638
0.0734,3675
-0.187,7804
0.388,456
0.379,1350
-0.0827,7848
-0.113,8999
-0.212,10249
0.159,1340
0.0695,3333
-0.197,9337
-0.181,10190
-0.197,9857
-0.233,9183
-0.118,8786
0.063,3189
-0.113,5967
-0.0789,6964
-0.0719,9434
-0.0959,7805
0.0515,3306
0.00337,4706
-0.0877,7982
-0.0315,5947
-0.0828,7014
0.0441,3709
0.079,2757
0.372,274
-0.0387,6410
0.0802,2555
-0.215,9131
0.294,436
-0.241,9573
0.0416,3880
0.131,1867
0.0057,4819
-0.0487,6373
0.247,789
-0.128,7979
-0.0249,5312
0.155,2567
0.0709,1972
-0.00544,5587
0.383,811
-0.0984,8589
0.0136,4903
0.166,2501
0.0972,2170
-0.157,9671
-0.126,8262
0.131,1672
0.222,979
0.161,2882
-0.0691,8252
0.378,377
0.0922,1988
-0.135,6595
-0.148,8066
0.131,948
-0.0988,9601
-0.127,9100
0.292,325
0.144,2623
-0.178,8183
0.111,2349
0.0527,4331
0.24,1030
0.0021,4727
-0.0507,6733
-0.229,9398
-0.192,7798
0.00449,4913
-0.0524,7157
-0.225,10372
0.0155,4570
0.00841,4443
0.193,2969
-0.0324,6925
0.0154,4418
0.0431,4082
-0.126,8064
-0.0755,6663
-0.362,5685
0.154,648
-0.112,9449
0.166,906
0.0433,3271
-0.0584,7450
0.122,2906
-0.0511,7605
-0.131,3820
-0.309,9946
0.0373,2926
-0.0908,9458
-0.0328,5886
0.112,989
-0.0394,6119
0.845,1648
0.00659,4444
-0.341,5626
-0.236,5161
-0.726,9707
-0.232,9445
-0.242,9277
-0.175,9610
-0.282,10078
-0.0244,6649
-0.0405,7509
-0.108,4967
-0.183,8287
-0.0732,6471
0.248,2283
-0.333,10427
0.0114,4468
-0.205,7516
-0.224,9481
-0.106,8648
-0.00213,5035
-0.0664,6601
-0.179,10255
-0.0847,7469
-0.227,9459
0.0552,3521
-0.223,8753
0.0279,4129
0.0633,2839
0.0587,3757
0.0183,4197
0.0771,3073
-0.375,8591
-0.0413,6745
-0.109,8674
-0.105,8071
0.0955,2359
-0.184,8309
-0.167,9364
-0.092,8125
0.0401,3525
-0.0236,5728
0.0152,4729
0.0569,3307
-0.164,7864
-0.0966,7544
0.05,3377
0.0906,3515
0.299,103
-0.429,10455
-0.046,6351
0.14,1386
0.0337,3873
0.177,868
0.0275,4331
0.0107,4688
0.693,751
0.0158,3310
-0.154,9932
0.249,1047
0.178,2043
-0.00539,5204
0.00565,5114
-0.0955,8875
0.0322,2741
0.0209,2189
0.0215,4430
0.211,1918
-0.179,9671
-0.00568,5070
0.0331,3473
0.00305,4937
-0.0165,5394
-0.355,10434
0.0808,3386
-0.199,8648
0.037,3450
-0.184,9606
-0.00667,5094
-0.00441,5237
0.198,855
-0.0342,6878
0.285,67
0.00736,5113
-0.0803,7605
-0.0684,6841
-0.0302,6388
-0.141,8089
0.0179,4401
0.00839,4646
-0.141,5660
-0.105,6927
-0.192,8982
0.024,4448
0.0818,1911
0.274,278
0.0475,3836
-0.302,8774
0.0451,3975
-0.0356,5736
-0.0757,8099
0.0224,4535
-0.0235,5264
-0.223,10001
-0.179,8919
-0.00564,5295
-0.0147,5649
0.00891,4438
0.0861,2805
-0.0707,7133
0.0266,4430
0.0866,2710
-0.00248,5082
-0.0766,6827
-0.206,9467
-0.12,7440
0.181,1239
0.0871,2672
0.0392,3827
0.0702,2849
0.0141,4411
-0.032,5984
0.0047,4848
-0.0167,5360
0.0794,2841
-0.198,9119
-0.0949,8602
-0.28,9317
-0.311,10432
-0.0769,7302
-0.131,9663
0.0972,3439
-0.196,10229
0.063,3542
-0.183,8862
0.163,1202
-0.233,10390
0.00996,4671
-0.202,10296
-0.0696,7878
-0.0931,8021
-0.0534,6618
0.0273,2525
-0.168,9693
0.0188,4296
0.0842,3755
0.122,3031
-0.111,9078
-0.138,9235
-0.143,9662
-0.233,10020
-0.299,10387
0.221,1528
-0.0536,7210
0.0366,2855
-0.151,9873
0.133,2854
0.0651,3063
0.23,2099
0.0648,3853
-0.0651,6338
0.0196,4176
0.14,3338
0.147,2577
-0.0734,6494
-0.0766,5728
-0.0212,6048
-0.0793,8599
-0.111,9017
0.275,223
-0.0679,6232
-0.00843,5521
-0.00695,5342
0.0377,3859
0.31,1514
0.019,4604
-0.348,10292
-0.297,8718
-0.000706,5297
0.0295,4030
0.0859,3021
-0.0567,7154
-0.177,9717
0.0368,3976
0.158,707
-0.0329,7273
-0.63,8919
-0.132,3660
-0.316,7837
-0.0736,7243
0.465,106
0.203,465
-0.191,9102
0.0817,3096
-0.0129,5334
0.0367,4066
-0.032,5925
-0.0583,6800
0.0562,3445
-0.584,9887
-0.237,7044
-0.0255,6020
0.0853,3088
-0.0631,7373
-0.00562,5372
0.152,1724
-0.26,10286
-0.13,8549
-0.125,8269
-0.208,9949
-0.138,9550
0.0491,3817
0.0146,4530
0.142,757
0.0181,4352
-0.00134,5126
0.00209,4852
-0.0267,5507
-0.0207,5945
0.0879,2129
0.23,980
0.0351,4041
0.00931,4615
-0.0776,7542
0.387,153
-0.195,9843
-0.0916,9076
-0.298,9093
-0.118,8925
0.0881,3370
-0.483,10107
-0.00408,5219
-0.138,8816
-0.00295,5070
0.024,4037
-0.0357,6799
-0.223,9068
-0.0596,7648
0.238,180
0.312,173
-0.093,8509
-0.294,9884
0.212,2301
-0.0552,8439
-0.0261,5865
-0.0373,5922
-0.0319,5987
-0.24,10172
0.13,1253
0.136,1737
-0.014,5694
-0.00968,5387
-0.299,9792
-0.133,8714
0.0559,3822
0.218,404
0.201,118
-0.0929,7119
-0.196,10384
-0.295,9446
0.0471,3955
-0.165,9698
-0.00343,5146
0.0622,3690
0.156,973
-0.0114,5229
0.244,922
0.212,456
-0.0785,8327
0.0227,3823
0.15,1429
-0.00919,5536
-0.174,9627
-0.0406,6797
-0.0672,6702
0.0654,2364
0.487,2139
0.0432,4349
-0.158,9818
0.132,493
0.0882,1069
0.043,3409
-0.326,9958
-0.187,9556
-0.0978,9170
0.131,213
0.0415,3247
0.141,2059
0.255,1188
0.262,759
-0.00809,5466
0.159,1382
-0.196,5416
0.0701,2907
-0.219,8808
-0.0988,7380
0.0214,4283
0.295,283
0.434,2712
0.0122,4822
0.412,920
-0.0961,6869
-0.196,10445
0.145,2359
-0.0419,4587
-0.085,4595
-0.352,10277
-0.241,9053
0.0738,2906
-0.237,9579
-0.171,9423
0.0896,828
0.278,339
-0.0311,5810
-0.412,9134
-0.0192,5791
0.0156,4484
-0.0127,5703
0.00908,4801
-0.0153,5663
-0.191,8148
0.0788,2183
-0.047,6577
0.125,1671
0.199,1381
0.0417,4176
0.291,545
0.185,1507
0.0159,4412
-0.0853,8195
-0.00879,5159
0.0705,2310
0.0848,3273
-0.123,7246
-0.0961,8602
-0.149,8175
0.0993,2933
0.487,1424
-0.172,9560
0.113,2826
0.0916,2157
0.0681,2628
0.0874,3248
-0.0837,6589
-0.0307,5710
-0.248,8679
-0.0389,5548
0.225,631
0.0296,4210
-0.378,8915
-0.0586,6573
0.0122,4559
-0.0223,5732
-0.0641,6956
0.0787,2014
0.124,2112
0.254,1965
1.01,792
0.156,513
0.0742,2068
0.148,531
0.206,1480
0.1,925
0.154,2523
0.0207,4194
0.00388,4752
-0.105,6989
0.206,1260
0.159,1526
-0.0707,7258
0.266,398
-0.0633,7723
-0.33,9130
0.0607,3686
0.907,386
-0.193,8225
0.0186,4085
0.355,196
0.141,2116
-0.142,9563
0.0651,3307
0.187,2413
0.164,1306
0.13,1684
-0.167,9322
-0.00967,5441
0.298,1685
0.136,3643
0.0284,4098
-0.0342,7062
-0.076,7523
-0.155,9123
0.049,4007
0.187,1689
0.178,421
0.0538,3547
0.117,2305
0.616,332
-0.00182,4769
0.07,2346
-0.0648,7437
0.125,1300
-0.157,9274
-0.109,7072
-0.215,10448
-0.152,9143
-0.214,8980
-0.0643,8185
0.207,811
-0.085,7184
0.0329,4282
-0.217,8717
-0.0558,7060
0.0476,3737
-0.0272,5827
0.165,2572
-0.0282,5672
0.246,1023
0.244,18
0.181,2059
0.112,3360
0.00214,4762
-0.501,10442
0.0581,3548
-0.048,6840
-0.226,10165
0.218,1606
0.00691,4980
-0.0191,5091
-0.343,10104
0.0265,4364
-0.123,9727
-0.188,9546
0.031,4259
0.0162,4488
-0.163,8427
0.0449,3344
0.0511,3493
-0.0689,10266
0.0292,951
0.00458,4777
-0.0101,7459
0.0197,1576
2.02,538
0.0196,4563
-0.494,6952
-0.0725,7623
-0.0557,6667
-0.28,8970
0.127,3011
-0.195,8613
-0.0932,8562
-0.214,9063
0.195,771
0.00332,4949
0.00197,5204
-0.108,8065
0.124,1709
0.471,1412
-0.225,7025
0.374,1046
0.15,3246
0.116,2330
-0.0954,7394
-0.0166,4913
-0.00691,4947
-0.0793,6932
0.704,351
-0.0226,5938
-0.126,9013
0.126,3245
0.0204,4589
0.134,1064
-0.151,10069
-0.0379,5584
0.0235,4254
-0.0466,6476
-0.242,8919
-0.116,7954
-0.0663,7954
0.0665,1129
-0.148,8793
0.172,1022
0.359,127
-0.24,9097
-0.0942,7179
-0.0243,5856
-0.0288,5463
0.11,2288
-0.0816,7099
-0.0769,7914
-0.00634,5405
0.159,1396
-0.141,9128
0.0345,3609
-0.0089,5180
-8.15e-05,4959
0.109,1853
0.176,758
-0.229,9097
-0.0361,6128
-0.0431,6082
-0.31,9632
-0.0686,7624
0.0152,4707
-0.00171,4736
-0.128,9674
0.0389,4110
-0.0132,5658
-0.027,6405
-0.0255,6191
-0.155,9846
0.0877,2436
-0.00549,5119
0.0429,4144
-0.084,8915
-0.0228,6350
-0.32,8998
-0.0139,5213
-0.105,8352
-0.0776,7166
0.00922,5006
0.00151,5143
0.0174,4455
-0.0239,4769
0.071,2814
-0.105,8869
0.0299,4304
-0.144,9463
1.15,174
0.0101,4721
0.00728,4857
-0.047,7183
-0.496,7301
-0.244,6035
0.472,817
0.119,3413
0.0656,3203
-0.0645,5759
-0.115,8514
0.119,1531
0.00798,4921
0.0816,2373
-0.074,6866
-0.00463,5390
-0.197,9428
0.0374,3658
0.274,175
-0.161,9666
-0.0401,5813
-0.106,8872
0.164,1966
-0.0715,6444
0.154,1697
-0.0235,5915
-0.171,5055
2.96,280
-0.0914,7250
0.213,2221
0.0796,3413
0.61,42
0.387,442
0.0329,4128
0.0518,3464
0.13,825
0.129,1528
-0.0143,6420
0.06,3368
-0.0258,5702
0.0625,3456
0.161,313
0.13,2120
-0.104,9539
-0.226,8203
0.227,1065
-0.097,6579
-0.0757,7128
-0.0569,8105
0.211,764
-0.333,8729
-0.0159,5599
0.0193,4647
-0.204,8778
-0.0444,7218
0.0024,4987
-0.0769,6048
0.0476,3561
-0.126,8753
-0.0398,5801
0.0811,1151
0.00533,4878
1.26,684
-0.593,9170
-0.127,7569
0.0531,3009
0.0956,3274
0.712,18
-0.0815,6317
-0.142,7741
0.0784,2886
-0.103,6726
0.0247,3745
-0.184,8958
-0.471,7547
-0.524,10028
0.984,371
0.0942,2110
-0.0231,5616
-0.0925,7781
0.0702,3593
-0.368,9392
-0.107,5572
-0.0305,6925
0.0259,4047
-0.365,9824
0.0695,3176
0.4,946
-0.118,8982
0.0905,1639
-0.0784,8748
0.0348,2674
0.00671,4746
-0.0537,7561
-0.0731,8580
0.00325,5030
-0.0535,6982
0.0992,2346
0.0455,3112
-0.16,7432
0.14,2909
0.142,1612
0.0488,3435
0.231,422
0.126,2339
0.0183,4372
-0.0892,6980
0.183,1171
0.114,1396
0.418,1985
-0.26,9187
-0.469,9778
-0.202,8714
0.111,2529
0.00215,4849
0.432,403
-0.0913,7491
0.00916,4500
0.208,896
-0.0299,6094
0.000849,4962
-0.0117,5225
-0.119,4920
0.16,2868
0.106,2349
0.0165,4160
-0.0595,7197
0.0938,3062
-0.0552,6807
-0.307,9022
-0.0691,7860
-0.108,8022
0.0578,2409
-0.13,8157
-0.387,10306
-0.28,8649
0.129,2675
-0.249,9219
0.0626,2739
-0.0578,6906
-0.0794,7867
0.11,2636
0.206,2099
-0.0235,5880
-0.112,8869
-0.0393,5735
-0.146,9129
0.108,2409
-0.135,6978
-0.17,9926
-0.00952,5438
0.353,442
0.0439,3834
0.484,292
0.093,3590
-0.0362,6271
0.106,1731
-0.0807,7987
0.0682,3332
0.0156,4486
-0.531,9863
0.102,752
0.171,476
0.295,1294
-0.109,7463
0.256,1809
-0.303,10331
-0.0927,7476
0.0283,4354
-0.00585,4933
0.00608,4968
0.0729,1707
0.185,433
-0.0677,8017
-0.11,8867
0.0227,4132
-0.0795,7927
-0.0113,5367
0.0531,4083
0.0273,3929
0.137,1154
-0.00168,5099
0.151,2503
0.0546,3255
-0.314,9645
-0.0696,7066
-0.0186,6073
0.0936,3393
-0.0106,5177
0.0031,4947
-0.473,10165
0.00895,4750
-0.0323,6218
-0.126,7260
-0.0592,7002
-0.35,7121
0.0861,2598
-0.0417,6631
-0.0294,6072
0.000217,5248
-0.244,10009
-0.841,9019
-0.0286,6219
-0.182,9602
0.0162,4385
-0.117,6721
-0.0846,6085
0.0205,4356
0.0176,4371
0.142,486
-0.0371,6386
-0.0146,5658
0.109,2532
0.0139,4659
0.178,560
-0.0201,6075
0.0299,3632
-0.138,9477
0.403,479
0.0488,3823
-0.0103,5664
0.0325,3572
0.0352,4082
-0.159,9627
-0.132,6879
0.0392,4207
0.214,956
-0.0363,6098
-0.0513,6520
0.278,832
-0.0626,5886
-0.237,9034
-0.00347,5339
-0.0181,5648
-0.236,8645
0.0207,4416
0.064,3298
0.0766,3704
0.00701,4556
-0.00115,5304
0.109,2893
0.547,9
0.161,1773
-0.514,8941
-0.212,9139
-0.00881,5673
-0.0256,6164
-0.321,10347
0.0985,1297
0.312,1197
-0.102,9887
-0.134,8388
0.324,901
-0.552,10146
0.173,3101
0.155,2675
0.128,1667
0.326,4
0.193,650
0.00999,4530
-0.338,9608
-0.128,8039
-0.0486,7532
-0.0924,8860
-0.00438,5186
0.0938,3333
-0.237,9942
0.133,1537
-0.0737,8621
0.191,861
-0.08,7013
-0.142,8987
0.0648,3077
-0.158,7390
-0.0395,6030
-0.17,8140
0.0549,2981
0.197,1515
0.0137,4453
-0.114,7830
-0.0138,5931
-0.0332,5736
-0.0221,5532
0.297,25
0.0735,4283
-0.18,9101
0.0468,2258
-0.118,8903
0.0609,3285
0.0344,3884
-0.157,7927
-0.249,8828
-0.143,9929
-0.0207,5995
0.0229,4460
0.143,2480
-0.217,9453
-0.0418,6087
0.137,1769
-0.0854,8463
-0.563,9134
-0.0356,6139
0.395,758
-0.0808,7701
0.167,1085
0.307,1685
0.204,666
-0.211,8646
-0.464,10306
-0.133,8713
0.00712,4887
0.176,973
0.098,2182
0.0547,2943
0.152,1888
0.0531,3295
-0.0142,5865
0.126,856
-0.0516,7592
0.104,3576
-0.0698,6894
0.0838,2621
0.034,3809
0.0299,4232
-0.466,6721
-0.204,7589
0.0374,4271
-0.276,6306
-0.00029,5033
-0.118,7397
-0.124,9160
-0.0266,5984
0.169,1330
-0.0212,5700
0.179,2203
-0.131,10099
-0.0806,7915
-0.236,10098
-0.294,9501
-0.284,9239
-0.0376,6317
0.0445,2682
-0.244,10282
0.259,197
0.0542,3300
0.0495,3222
-0.0316,6896
0.156,541
-0.175,9869
-0.116,7454
0.248,2622
0.302,1420
-0.0342,6118
-0.0937,8194
-0.101,7277
-0.0349,6838
0.156,1837
0.0365,4223
-0.299,10257
-0.0911,8137
0.189,1154
0.692,996
0.107,2173
-0.304,9319
-0.0905,8624
0.0825,2451
0.0753,2292
-0.174,8038
0.119,1966
-0.252,9692
-0.008,5424
-0.137,9392
-0.0885,7898
-0.177,9623
0.121,1544
-0.304,9940
-0.0658,6977
0.362,872
-0.253,9774
-0.0352,6116
0.661,94
0.546,1461
0.112,2046
-0.347,9866
-0.135,8689
0.0109,4721
-0.029,5841
-0.255,8092
-0.00759,5175
0.135,1655
-0.235,9989
-0.0112,5131
0.146,701
-0.0169,5426
-0.0611,8004
0.224,393
-0.389,9659
0.0221,4041
-0.314,8676
-0.0775,7907
0.056,1662
0.185,1782
0.0192,4273
0.178,2112
-0.0257,5995
0.148,640
-0.0415,6901
0.105,2608
-0.213,10420
-0.116,9370
-0.093,9036
0.078,1895
-0.0489,6865
-0.0136,5615
-0.187,8278
0.12,2832
0.0512,2693
0.0944,2170
-0.0297,5694
0.0237,4587
0.0964,3351
0.0762,3591
0.284,713
-0.046,6759
-0.0754,8103
-0.332,10320
-0.172,9975
0.27,1831
-0.132,9864
-0.0659,7930
0.0459,2939
-0.0325,5662
0.0782,2384
-0.122,6759
-0.0103,5475
0.0549,1914
0.0254,3839
-0.159,9289
-0.0896,7843
0.0225,4396
0.199,2092
0.0847,2843
0.00368,5470
-0.0961,7234
-0.012,5273
-0.354,9866
0.118,2613
0.162,1443
0.0375,3225
-0.126,8969
-0.221,9993
-0.00221,5140
-0.128,7837
-0.0781,6922
0.0749,2242
0.116,2460
-0.172,9653
0.0612,3335
0.195,1707
-0.153,9128
-0.0965,7713
-0.0416,5789
0.181,758
0.0758,2372
-0.822,8719
-0.0906,7059
-0.00473,5029
0.0383,3641
0.00328,4899
0.187,1575
-0.0874,8305
-0.101,8368
-0.0938,8365
1.01,164
0.614,1963
0.0183,4474
0.473,78
-0.412,10208
0.4,1161
-0.0479,6335
-0.214,9684
-0.308,10106
-0.248,10183
-0.0589,8039
-0.073,6638
-0.105,7280
-0.195,9557
-0.00463,5090
-0.12,9066
-0.029,6500
0.0626,3127
0.284,284
0.663,48
-0.122,9982
-0.139,7755
-0.111,9316
0.178,2489
0.16,791
-0.0103,5249
-0.109,8355
-0.101,9612
-0.109,9221
0.167,1043
0.0407,3547
-0.186,7568
-0.365,7994
-0.0913,9176
0.118,325
0.0111,4827
0.195,876
0.533,1786
-0.315,7179
0.0321,3455
-0.333,10460
0.193,1070
-0.00207,5324
0.0205,4463
0.045,3711
0.0335,4064
-0.0188,6246
-0.119,9979
-0.108,8972
0.143,691
-0.212,10223
-0.029,7615
0.0559,2992
-0.0353,5408
0.198,154
-0.131,7114
-0.101,7993
-0.0695,8316
0.126,1422
-0.0625,6256
0.279,1260
0.0239,3940
-0.022,5335
0.0719,2116
0.0555,3267
-0.0221,8153
0.252,2385
-0.0163,8105
0.333,373
0.0707,3103
-0.173,6719
-0.111,7018
0.0993,2790
0.0294,4044
-0.169,7014
-0.179,9073
0.415,1414
-0.358,10345
0.172,710
-0.18,8271
0.438,931
0.25,594
-0.32,10127
-0.0814,6881
0.335,30
0.35,146
-0.451,8909
-0.269,7326
-0.303,9777
-0.179,9783
-0.153,9220
-0.0251,6233
-0.191,10020
-0.0802,7039
0.0977,3332
-0.102,7269
0.00325,4655
-0.112,7746
-0.133,9209
-0.0515,5771
0.08,3223
0.0695,3687
-0.0797,8847
-0.00941,5907
0.133,1309
0.326,141
-0.144,9571
-0.371,9956
0.0517,3691
-0.106,8434
-0.154,9252
-0.0909,7534
0.158,2739
0.895,122
0.115,1416
-0.0402,6648
0.0336,3806
0.0423,4250
-0.0568,6799
0.219,1605
-0.1,8553
-0.26,10327
-0.14,8916
-0.0224,5736
-0.153,6802
0.0613,3215
-0.118,9400
-0.0137,5328
-0.0887,7009
-0.00792,5233
-0.107,7923
-0.23,8503
0.0575,3465
-0.123,10236
0.0196,4662
-0.222,9603
-0.189,8896
0.168,2304
0.0189,4347
0.0848,2370
-0.0413,6314
-0.209,9185
0.0725,3866
0.181,2568
0.00844,4393
0.0109,4217
-0.0991,8737
-0.115,8924
0.0361,4439
-0.0479,7312
0.0165,4272
-0.354,10323
0.495,18
0.369,523
-0.217,8667
0.231,496
0.176,1093
-0.221,10294
0.033,4353
0.103,1644
-0.212,9130
0.023,4411
-0.0252,5938
-0.0113,5736
0.133,2245
-0.222,9748
0.249,929
0.0357,3762
0.015,4122
-0.0162,6220
0.422,594
-0.263,7908
-0.193,8268
0.0275,4380
-0.219,9395
0.0207,4447
-0.037,6877
-0.156,9617
0.0241,4481
-0.134,9198
-0.088,7870
0.037,3927
0.531,380
-0.0393,5878
0.352,1027
0.0518,3688
0.042,3298
-0.0154,5395
0.0758,3204
-0.0496,8602
0.012,4669
0.101,3139
-0.0456,7523
0.0681,2736
0.126,1026
-0.431,6442
-0.232,7675
0.432,216
-0.0847,8207
0.128,1258
-0.0986,6549
-0.185,7734
-0.117,9399
0.259,94
-0.078,6520
-0.133,9113
-0.0617,8603
0.0767,2939
0.0858,2844
0.0873,2401
0.169,1095
-0.0877,8576
-0.106,8232
-0.112,8760
-0.00162,5123
-0.0811,6307
0.108,1956
-0.159,9041
-0.296,10285
0.0582,3135
0.0442,4107
-0.212,9690
0.0129,4372
-0.00144,5131
-0.307,8203
-0.279,5359
-0.304,7650
-0.183,8744
-0.129,9990
0.00604,4991
-0.116,8255
0.205,1123
0.19,848
-0.0363,6415
-0.0755,8299
-0.329,10047
0.134,2143
0.0117,4671
-0.0207,5787
-0.145,8676
-0.205,9794
-0.129,9216
-0.0981,8264
0.148,1951
-0.147,8957
-0.0501,6149
-0.0352,6462
-0.0755,8641
-0.0692,7220
0.0302,4233
-0.085,6273
-0.258,7202
0.0331,3836
0.145,1147
-0.0891,6251
-0.182,8295
0.118,1779
0.147,1431
-0.0344,6396
0.221,113
0.0243,3701
-0.189,8306
-0.0991,7814
0.191,1171
-0.0106,5603
-0.0996,8826
0.122,1874
0.111,2446
-0.0363,6955
0.293,1841
-0.00995,5725
0.165,931
0.118,2620
-0.393,10016
0.0849,2738
0.00126,4971
-0.0156,5782
-0.127,7765
0.0101,4584
0.0073,4958
0.0361,4485
0.207,1079
-0.0193,6056
-0.1,8667
0.132,1465
-0.189,9595
-0.288,9667
-0.103,9131
-0.0515,7824
-0.0351,5546
-0.421,9421
-0.013,5535
0.167,1115
0.137,1176
0.0287,4060
0.0165,4300
-0.221,9471
0.199,1423
-0.0944,7921
-0.0374,6401
0.193,1712
0.0521,3673
-0.269,10113
-0.113,6726
-0.219,7913
-0.0195,5759
-0.0431,6554
-0.0452,6679
-0.133,8830
-0.209,8933
-0.0703,6219
0.0514,2665
-0.00539,5248
-0.128,7045
0.0439,2967
0.133,2366
0.0363,4267
-0.128,8590
0.0359,4106
0.0439,2844
-0.0577,7034
-0.0447,7072
0.114,1921
-0.0777,8052
0.258,60
-0.301,9979
0.0519,3452
-0.0999,8151
0.256,2232
0.11,3387
0.119,1304
-0.035,6305
-0.0806,7316
0.151,1381
-0.424,10307
0.35,121
-0.00218,5228
-0.168,7560
0.111,1479
-0.097,7950
0.164,1732
0.0652,2720
0.0713,2529
0.0653,2302
-0.206,8067
0.017,4554
-0.201,8916
-0.169,9695
-0.136,9072
0.0178,4300
0.249,1308
0.157,1719
0.175,1571
-0.101,7727
0.27,198
0.164,2590
-0.085,6626
-0.25,9223
-0.547,7371
0.0409,4096
-0.0871,7208
-0.0954,7673
-0.104,8151
-0.0447,6914
-0.0227,6083
-0.073,6375
-0.154,8825
-0.134,8489
-0.0617,8357
0.069,1684
-0.0785,8591
0.213,1959
0.287,615
0.134,2657
-0.0453,6754
0.00669,4570
0.00835,4690
0.04,3933
0.39,819
0.00536,4865
-0.227,8683
-0.111,8441
-0.0645,8174
0.0167,4418
0.0721,3133
-0.153,9024
0.0765,2582
-0.038,6759
-0.319,9327
-0.514,7334
-0.253,9658
0.0277,4086
-0.126,8420
-0.192,8673
-0.205,9877
0.21,1238
0.0208,4495
-0.0194,6082
-0.00825,5372
-0.0599,7068
-0.224,9748
0.0569,3480
-0.0682,6435
-0.0255,5965
-0.055,6872
-0.342,10280
0.127,2511
0.182,2191
-0.103,8392
0.00319,4764
0.0648,3576
-0.267,10084
-0.0458,6388
-0.0749,8056
-0.153,9173
-0.202,4386
0.208,899
-0.677,9637
0.144,364
0.0252,4001
0.0014,2954
-0.152,3894
0.307,662
-0.252,9331
-0.262,8407
-0.146,9566
-0.129,9311
-0.14,7565
0.326,1477
0.0418,4025
0.0122,4679
-0.0455,6782
-0.15,8390
0.0784,3089
0.471,206
0.595,1291
0.0586,2393
0.0773,2888
-0.162,9156
0.0296,4614
-0.0968,7728
0.309,268
-0.119,9937
-0.17,8386
0.153,2037
0.3,214
0.123,3072
0.297,797
-0.165,8944
0.101,1750
-0.0458,6584
0.0181,4670
0.185,731
0.0279,4319
0.0264,2914
0.0536,1837
-0.122,7293
-0.029,5708
-0.0387,6843
-0.0594,6732
-0.0178,5898
-0.0319,6396
-0.0357,5241
-0.145,7378
-0.41,9473
0.394,216
-0.287,10111
0.0991,2878
-0.126,8604
-0.194,8275
-0.0317,5687
0.445,47
-0.0912,8162
0.314,563
-0.179,8869
0.0406,4204
0.151,1744
-0.132,8100
0.0135,4266
0.0779,2797
-0.0271,6986
0.194,684
0.034,4172
-0.319,10327
0.0131,4525
0.016,4554
-0.00427,5288
0.128,2064
0.0385,4158
-0.0424,7327
0.0474,3662
-0.0216,5996
-0.0165,5509
-0.396,9795
-0.095,8172
0.55,238
-0.00721,5427
-0.262,9631
-0.0859,7695
-0.0585,7464
-0.0755,8509
-0.0225,6040
0.0669,2701
-0.193,9872
-0.155,8453
0.0446,3414
0.0573,3639
0.0449,3759
-0.0429,7558
-0.0702,7915
-0.118,7775
-0.0936,7497
-0.049,7766
0.0883,2244
0.0805,2389
0.0515,3440
-0.206,9608
-0.0354,6121
0.452,351
0.0864,3182
-0.146,8900
0.0255,3706
0.41,97
0.34,2417
0.396,439
-0.00285,5090
0.123,2272
-0.0523,6898
0.113,2637
-0.267,8963
0.0683,1668
-0.0863,7611
-0.144,8899
-0.155,9834
2.82,61
0.0321,4023
-0.33,10413
-0.16,6432
0.0327,4046
-0.166,8453
0.227,437
0.0536,3307
-0.13,9114
0.192,1934
0.0428,3077
-0.138,9746
0.0087,4663
0.205,1595
-0.224,10096
0.0131,4591
-0.115,9805
-0.0217,6608
0.143,812
0.198,1220
0.0631,2691
0.00653,4982
-0.057,7720
-0.112,8734
0.00772,4918
-0.169,8608
-0.238,9057
0.078,2146
-0.0996,8252
0.274,627
-0.198,6306
-0.0544,7690
-0.173,7320
-0.226,10195
0.00297,4927
-0.109,6379
0.198,1770
0.0187,4402
0.191,312
-0.0427,6232
0.02,4081
-0.0157,5352
0.19,2248
0.018,4562
-0.346,9641
-0.023,5133
-0.0708,7618
0.00355,4963
-0.122,9829
0.416,294
-0.16,8513
0.169,1546
-0.0564,6782
0.0298,4062
0.026,4425
-0.157,9563
-0.042,5372
0.016,4737
-0.154,9794
-0.0449,7079
-0.119,7393
-0.159,9868
0.287,1320
-0.353,8360
0.087,1568
-0.174,8672
0.133,1565
-0.0364,6413
0.259,581
-0.0369,5283
-0.327,10241
0.222,1337
-0.112,8991
-0.141,8473
0.203,1241
-0.169,9820
-0.0719,7631
0.293,1261
0.148,2665
-0.114,9201
-0.196,7624
0.0369,4042
-0.101,9928
-0.0802,7782
0.00157,5259
0.0289,3711
-0.112,7955
-0.0214,5807
0.175,1837
-0.184,10289
0.168,1144
0.139,2401
0.384,760
0.204,412
0.0488,3613
-0.00656,5152
-0.0488,6355
-0.0266,5700
0.0528,3218
-0.171,7404
0.00875,4580
-0.0366,6544
0.104,1015
-0.0766,8438
0.188,448
0.169,1392
0.377,976
-0.015,5315
-0.0593,7363
0.0924,3150
-0.161,7689
-0.134,8082
0.376,180
0.0474,1787
0.0697,3355
-0.125,8601
-0.157,8369
0.0016,4951
-0.0824,7229
0.118,2314
-0.12,8285
0.322,584
-0.119,8573
-0.000507,4995
-0.00284,5001
0.112,1411
-0.0695,6718
0.0146,4613
-0.243,8320
-0.216,9174
-0.0271,5779
0.0775,2064
-0.171,8289
-0.106,9036
-0.0915,7425
0.0487,2212
-0.0199,5554
-0.0204,6039
0.0763,2997
0.091,2323
0.139,2351
0.184,2652
-0.185,7989
-0.164,8446
0.0487,3678
-0.18,8486
-0.355,7121
-0.00354,5043
0.0873,3196
-0.0827,7738
-0.168,9073
-0.226,10357
0.0154,4506
-0.0563,5986
0.108,625
-0.0291,7430
0.0583,3771
-0.285,9677
0.0214,3724
-0.213,7425
0.0392,3113
-0.11,9372
0.149,1709
-0.0395,6297
0.141,2319
-0.206,8855
0.00942,4769
-0.231,10354
-0.0839,8038
0.0507,3280
0.281,870
-0.122,8095
0.0531,3508
-0.00429,5380
-0.0576,6816
0.309,1353
-0.0372,5714
-0.0556,6327
-0.0948,9361
-0.0863,8372
0.0957,1595
0.342,719
0.199,2005
-0.242,9524
0.0564,2584
0.0156,4094
0.308,952
0.0498,4043
-0.296,8979
-0.0175,5111
0.213,2423
0.182,1396
-0.00403,5150
0.0974,2454
-0.201,7867
0.092,2900
0.0671,2582
-0.239,9449
-0.0432,5794
0.0451,3470
0.175,2477
-0.104,6321
0.0634,2336
-0.0363,6248
0.0754,3404
0.095,2933
-0.0597,6642
-0.137,8358
-0.18,9785
-0.238,9916
-0.213,10150
-0.16,8574
0.392,1963
-0.317,9792
-0.0115,5442
-0.154,8435
-0.138,8775
0.318,194
0.0497,3664
-0.0233,5956
0.0513,3530
-0.0207,5741
-0.0817,7328
-0.259,7379
-0.0251,5882
-0.168,8650
0.21,625
-0.0767,9161
-0.162,8935
-0.1,7180
0.0581,2859
0.632,67
0.0629,1989
-0.0783,8975
0.269,1156
0.054,3430
-0.0486,6373
0.016,4494
-0.0895,7111
-0.00195,5212
0.0848,2927
-0.16,7234
-0.136,8368
0.421,834
0.122,2290
-0.00349,5272
-0.337,10241
0.128,1702
-0.215,10008
-0.296,8030
0.00347,5044
0.0425,3184
0.393,55
0.0564,2662
0.213,864
0.143,2141
-0.202,9572
-0.00031,5105
-0.226,10084
-0.00101,5062
-0.0349,5729
-0.109,8561
0.0994,1614
-0.079,8323
0.579,514
0.19,2149
0.203,1767
-0.0352,6245
-0.0671,8445
-0.0327,7002
0.327,284
-0.188,8033
-0.124,5808
-0.289,6790
-0.215,10038
0.0187,4350
-0.151,8895
-0.252,10347
0.23,342
0.0175,4605
-0.0986,8645
-0.0206,6051
0.12,1904
-0.274,10111
0.166,1011
-0.299,9589
0.0977,1231
0.134,1620
0.138,2616
0.0775,2950
-0.212,9951
0.291,488
-0.0579,7352
-0.137,9524
0.175,1225
0.201,838
0.198,1779
-0.113,8161
-0.0766,8923
0.0148,4652
0.103,1309
-0.0588,6482
-0.182,8960
-0.341,9574
-0.187,9995
-0.0629,8049
-0.0702,6393
-0.184,8755
0.102,2923
-0.34,9369
-0.147,8307
-0.0808,6931
-0.22,8721
0.294,518
0.0883,3038
0.0214,4277
0.168,488
0.0121,4579
0.0145,4385
-0.119,7304
-0.00147,5197
0.566,847
0.14,1338
0.341,2771
0.263,519
0.00528,4656
-0.0231,5572
0.0147,4601
0.0776,1952
-0.141,7997
0.0251,4241
-0.303,8642
-0.0059,5518
-0.0398,6421
-0.199,10304
0.0963,2436
-0.161,8991
0.0746,3026
-0.101,7721
-0.14,8786
0.0315,4477
0.0761,3605
0.101,2597
-0.0604,6573
0.167,828
-0.069,7187
0.0154,4270
0.438,640
-0.349,7627
-0.0526,5735
-0.0388,6358
-0.103,7607
-0.158,9948
-0.0132,4989
0.466,79
0.0686,3648
0.059,3401
-0.039,6549
0.0235,3986
-0.212,9589
0.0711,2834
0.544,420
-0.225,8167
0.134,1448
0.104,817
-0.0617,8006
-0.0437,6545
0.0162,4647
0.38,2016
-0.111,9624
0.0565,2370
-0.0425,6020
-0.174,8380
0.728,562
-0.039,6204
0.172,880
0.0394,3366
-0.0204,5675
-0.168,8117
-0.0567,7434
-0.0178,6088
-0.0627,7998
-0.111,8846
0.0312,4147
0.0753,2613
0.0502,3774
0.00133,5113
0.294,340
-0.12,8859
0.153,2133
0.00777,4711
0.131,2572
0.203,1739
-0.0879,7528
0.0318,4056
0.174,1208
0.461,262
-0.145,5870
-0.0986,7456
-0.23,10230
-0.0818,6973
0.211,2154
-0.0284,7210
0.0533,3197
0.143,1642
0.0939,1243
-0.0327,6655
-0.188,8001
-0.0209,5825
0.048,3728
-0.222,9849
0.00572,4921
0.189,798
0.179,1201
0.0243,4400
-0.0553,6282
-0.146,8010
-0.112,7352
-0.146,8774
0.036,3932
0.179,2949
0.117,2941
0.0999,3180
-0.181,8528
-0.112,8592
0.299,439
-0.0564,7009
0.177,1718
-0.0402,7711
0.179,447
-0.0759,8887
-0.393,10308
-0.278,8778
0.00336,5069
0.391,100
-0.0198,5840
0.203,922
-0.0508,6245
-0.00999,5310
-0.0949,6030
-0.0894,6366
-0.0827,8197
0.0547,2957
0.0325,4116
0.0719,1714
-0.0927,9088
0.0115,4852
0.136,2551
0.17,676
-0.019,5941
-0.0808,7426
0.0468,3630
-0.0581,7054
0.286,1267
0.0575,3294
-0.128,6584
-0.159,7551
0.0677,1940
0.119,1781
-0.0336,5814
-0.063,7567
-0.0312,6334
-0.00966,5182
0.109,1830
-0.0373,6260
0.21,1021
0.302,1213
-0.086,7983
-0.0806,7593
-0.00529,5364
-0.121,7577
-0.0515,6854
-0.0439,7069
-0.105,8323
0.227,338
-0.116,7934
0.0187,4634
0.108,2432
-0.257,9109
0.00759,4749
-0.103,9205
-0.466,10269
0.347,218
-0.119,7776
0.134,1412
-0.0116,5309
0.0886,3087
0.00359,4960
-0.049,6785
-0.0186,5044
0.102,1812
-0.284,10412
-0.0282,6564
0.0314,3635
-0.0926,7094
-0.246,9202
-0.143,8338
0.107,3020
0.00284,5233
-0.0745,6932
0.0601,3187
0.187,483
0.442,494
-0.0913,9533
0.159,773
-0.41,9466
-0.111,6031
0.48,253
-0.147,9491
0.00385,4820
0.0325,3503
0.0319,4319
0.388,1295
-0.153,8089
-0.00879,5235
0.0059,4712
-0.116,7403
-0.82,9525
-0.306,5590
-0.241,3877
0.927,77
-0.0305,6310
0.063,3669
-0.0918,7798
-0.427,7033
0.102,3005
-0.0962,8591
0.00724,4658
-0.121,7982
0.0317,4371
0.183,658
-0.238,8478
0.0769,2864
-0.0951,8526
-0.0268,5364
0.112,2134
-0.459,10050
0.112,1769
0.158,1192
-0.0364,6342
0.116,2559
0.265,1086
0.116,2932
0.00385,4949
0.203,1706
0.0828,1841
-0.0188,5343
-0.196,9168
-0.157,9425
-0.0652,7680
0.151,1734
-0.0269,6033
-0.0942,8262
0.343,364
-0.24,7722
-0.103,8319
-0.0822,10074
0.0852,2403
-0.0241,5381
-0.0227,5575
0.749,56
-0.0462,7157
0.0911,2173
0.319,675
0.05,4133
-0.0145,5324
0.271,1780
-0.14,7816
0.0226,4147
0.402,89
0.26,1351
-0.0119,5467
-0.00451,4711
0.0944,1780
0.143,982
-0.0602,7017
-0.222,9897
-0.00358,4920
-0.252,9986
-0.0349,6002
-0.129,7588
0.111,2267
0.424,127
-0.152,7743
-0.0519,5657
0.0777,3410
-0.0522,7268
-0.0627,7098
-0.0541,6783
-0.336,10403
-0.128,7596
0.0471,2759
-0.00233,4575
0.179,1752
-0.276,7826
0.116,3560
-0.0707,6106
0.23,620
-0.0309,6829
-0.0191,5989
-0.223,7976
-0.331,8765
0.0221,4457
0.121,3186
0.215,1749
-0.0889,7441
0.191,1843
0.903,88
-0.0283,6253
0.249,270
0.0488,3225
-0.0364,5818
-0.153,9007
-0.123,8376
0.0319,4003
-0.128,7932
0.0619,2114
-0.0678,6064
-0.0977,7207
0.0174,4564
-0.16,8281
0.116,846
-0.0442,7135
-0.133,7343
0.138,2025
-0.114,6524
0.0794,3763
-0.177,10078
0.146,844
0.13,2139
-0.0256,5687
0.425,587
0.0478,3933
-0.0111,5938
-0.00363,5290
0.096,3069
0.0828,2799
-0.171,9730
0.142,2084
-0.0562,6773
0.0179,4483
-0.0552,6935
0.467,1495
0.107,3419
0.101,2653
0.0169,4328
-0.101,8288
0.0103,4763
0.178,1128
-0.248,10325
-0.216,9231
-0.0697,7579
-0.0833,8423
-0.158,8699
0.024,4010
0.0203,4560
0.182,1779
0.00155,4959
0.35,173
0.194,2116
0.198,2111
0.0908,3814
-0.219,7458
-0.105,8586
-0.163,9425
-0.127,8191
-0.197,9773
0.174,1330
-0.0577,6409
0.0976,1435
-0.0114,5769
-0.0482,6793
0.284,759
-0.214,8750
-0.111,8122
0.0608,1636
-0.0328,6193
-0.0613,6859
-0.062,7242
-0.0677,7461
0.0491,3759
0.0555,4041
-0.035,6871
0.000994,5212
0.0189,4487
-0.154,9132
0.207,2116
-0.119,9763
0.131,989
0.316,91
-0.0798,6631
-0.22,8813
-0.258,8069
-0.0882,8429
-0.0573,6936
-0.0568,7479
-0.223,10344
-0.127,8565
-0.0515,6444
-0.127,9842
0.0419,3373
0.144,1179
-0.113,7763
-0.313,8075
-0.131,8255
-0.225,10168
0.361,206
-0.0102,5313
0.0555,4061
-0.239,9833
0.966,394
-0.0179,5708
0.0576,3356
0.0587,3410
-0.0796,7538
0.368,1266
-0.0614,6422
0.0213,4175
0.106,792
-0.196,9835
-0.0177,5649
-0.0501,6387
0.547,782
-0.0414,6223
0.178,974
-0.175,6937
0.0352,4317
0.128,1813
0.0534,3197
0.121,2183
-0.0323,6218
-0.122,8327
0.321,230
0.148,1538
-0.185,8604
-0.216,10235
0.0442,3555
-0.271,10307
-0.0253,6307
-0.12,7029
-0.338,9477
0.309,141
0.0539,1724
-0.311,8405
-0.13,8392
-0.0444,6878
-0.0264,6381
-0.078,8611
-0.116,8567
0.302,111
-0.037,5950
-0.277,9208
0.0204,3326
0.0382,3169
0.116,1552
0.0398,4407
0.0653,3789
-0.236,9949
-0.0263,5651
0.0469,2592
0.0588,3058
-0.135,8502
0.263,981
-0.146,8125
0.0812,2221
-0.076,9029
0.0249,4160
0.0103,4822
0.0403,4023
-0.122,6647
0.113,3108
0.192,1646
0.114,694
0.0308,4536
-0.0775,7137
0.443,686
-0.0222,6253
0.0115,4827
-0.172,10006
-0.156,8184
0.214,2071
0.0898,3255
0.0833,2193
0.0224,3862
0.0876,2026
0.161,1402
-0.201,7919
-0.316,8928
0.0633,3644
0.108,1661
0.18,385
0.972,28
-0.0829,6470
0.142,2005
-0.121,7218
-0.165,10224
-0.0117,5400
0.0421,4022
-0.128,8629
-0.0889,6790
0.198,575
0.148,3160
-0.0492,6692
0.55,380
0.166,1404
-0.217,8255
-0.0722,6519
-0.0367,7594
0.0867,2882
-0.298,6213
0.534,345
0.548,282
-0.398,9939
-0.0839,8806
-0.164,10359
-0.392,6851
0.376,2494
-0.0405,4260
-0.145,8218
-0.149,6790
-0.122,6592
0.094,3474
0.156,3029
0.0861,2458
0.0861,2551
-0.678,8007
-0.166,4222
0.0428,4365
-0.02,6274
0.0553,3121
-0.587,8737
-0.0321,5285
-0.0494,5484
0.0854,3535
-0.138,8543
-0.45,6615
0.27,1771
0.112,758
-0.0695,6597
0.434,5
-0.0136,5330
-0.32,6262
0.157,1684
0.185,2226
0.166,1716
-0.1,7826
0.145,3471
-0.184,7528
0.188,1114
-0.589,9615
-0.0535,6569
0.0448,3663
-0.188,7238
0.375,317
0.169,2198
-0.361,7164
-0.16,9916
-0.153,9509
0.0293,4182
-0.101,9110
-0.226,9116
-0.0386,6009
-0.0695,7756
-0.0239,6218
-0.149,8218
-0.0162,5359
0.194,1197
-0.268,10144
0.00799,4898
-0.126,6990
0.0526,3471
0.00691,5073
0.187,13
-0.257,9878
0.199,509
0.0257,4237
-0.011,5533
0.00614,4853
0.149,1132
0.797,1362
-0.0352,4291
0.582,961
0.267,2334
0.214,2800
0.0228,4410
-0.0769,6928
-0.134,6677
-0.0993,8106
0.202,510
-0.197,10456
-0.0165,5490
-0.0294,5631
-0.0747,8358
-0.011,5078
-0.000622,5063
-0.125,8649
-0.322,7917
-0.0466,6787
-0.145,9272
0.0382,4081
-0.14,9876
-0.0405,7647
-0.0606,7110
0.0997,2431
-0.0703,7943
-0.103,8343
-0.132,8992
0.107,2512
0.00979,4680
0.237,1076
-0.00992,5498
-0.0266,5726
-0.0516,8234
0.202,666
0.0556,3752
-0.00992,5479
-0.0745,5975
0.094,2885
0.0607,2241
-0.00244,5475
0.0619,3492
0.301,716
0.024,3927
0.00177,4908
0.266,573
-0.264,10352
-0.235,9942
-0.129,6663
-0.212,8732
0.045,3556
-0.135,9198
-0.201,9076
0.124,1522
0.174,2317
-0.0378,5877
-0.194,8343
-0.0562,8324
0.129,932
-0.0862,7796
0.199,868
-0.0225,5213
0.058,4040
-0.123,8595
-0.0197,5774
-0.0435,7793
-0.151,8798
0.187,1373
-0.0514,7244
-0.0566,6473
-0.072,7423
0.445,78
0.013,4697
-0.156,7237
0.332,2358
0.104,1050
0.0339,3782
-0.0757,8374
-0.232,10122
0.13,3300
-0.119,9825
-0.00954,5660
-0.27,10280
-0.0379,5785
0.206,1511
-0.192,9441
-0.0596,6758
0.182,1036
0.00539,5060
0.115,1545
0.0011,5056
-0.422,9698
-0.481,9462
-0.022,5937
-0.0367,7041
0.366,1019
-0.227,9278
-0.425,9600
1.19,65
0.0424,3990
-0.303,9697
0.256,2385
0.241,894
0.219,2980
0.3,728
-0.384,10060
-0.0143,4992
-0.038,6234
0.143,693
-0.174,8073
0.0417,4084
0.0413,2358
-0.0998,7356
0.138,477
0.000231,5019
-0.139,7315
0.247,607
-0.0924,9331
-0.121,9249
-0.0765,6846
-0.123,8147
0.093,3045
-0.0323,6045
-0.0601,7221
-0.0362,6786
0.238,799
-0.184,8639
-0.151,7464
-0.192,9543
0.0129,4283
0.113,2278
0.0103,4742
0.074,2048
0.221,1551
0.146,3054
0.0396,3189
-0.0685,8685
0.185,1445
-0.119,8092
-0.068,8921
0.135,2358
-0.146,10209
-0.0961,8458
-0.163,7401
0.0759,3501
-0.238,9209
-0.0564,6324
0.288,410
0.0514,1970
-0.0904,7739
0.128,1491
-0.0166,5571
-0.0363,5793
-0.0195,5790
-0.0209,6022
-0.0558,6357
-0.0658,7745
-0.181,9251
0.231,1530
-0.116,9214
-0.117,8525
-0.0335,5751
-0.268,8729
0.166,2112
0.198,500
-0.171,9664
0.262,1118
-0.222,9471
0.0173,4314
0.0497,3532
-0.473,10183
-0.0649,5851
-0.0517,6880
-0.066,6499
-0.0228,5619
-8.69e-05,4903
-0.0381,6029
-0.115,7689
-0.00334,5255
0.244,1022
0.178,2054
-0.217,8205
0.196,1387
-0.0566,8102
0.0283,4493
-0.109,7655
-0.209,9108
-0.369,5097
-0.14,10187
-0.0807,7999
0.171,768
-0.398,10268
0.657,1387
0.512,202
-0.149,7357
-0.164,9340
-0.155,8302
-0.236,8452
-0.0037,5238
-0.174,10310
-0.0962,8665
-0.167,9062
-0.102,9093
0.0717,2697
0.0265,4222
0.072,3353
0.438,79
-0.0897,9050
-0.327,9991
0.00291,4948
0.0367,4109
-0.136,7677
-0.338,8789
-0.0616,6439
-0.0177,6570
0.0179,4470
-0.0454,6502
-0.0123,5649
-0.162,8807
0.00251,4961
-0.0545,8628
-0.028,2237
-0.55,7179
7.96,2
-0.0528,4780
0.659,1566
1.3,791
-0.305,5344
-0.23,9115
-0.0614,6833
0.102,2360
-0.076,8163
0.0703,2533
-0.136,8155
-0.0273,5860
0.0207,4534
0.0203,4544
0.0682,1489
-0.0523,6179
-0.0719,6514
-0.112,6897
-0.0659,6939
-0.107,8288
0.228,1438
-0.0572,6842
0.02,4262
0.113,1767
0.0202,4492
-0.0225,6367
0.012,4409
-0.0652,7842
-0.139,10214
0.0828,2695
-0.0758,6041
-0.12,9802
-0.0807,7492
0.0788,2878
-0.058,6895
0.067,3605
-0.123,6741
-0.00997,5544
-0.0324,6831
-0.228,9297
-0.0432,6093
-0.169,9327
0.0198,4392
0.06,3103
0.0164,4452
-0.129,8044
-0.0515,5930
-0.109,8411
0.0121,4736
0.0112,4289
0.221,1493
-0.0439,5361
-0.108,6779
-0.0159,5137
-0.177,9956
-0.0699,6787
-0.122,8587
0.0764,2983
0.0311,4409
-0.025,6056
-0.249,10245
0.184,1730
0.0539,3425
0.182,867
0.162,1660
-0.0589,7328
-0.143,10045
0.00105,4872
-0.0301,6149
0.0203,4576
-0.0904,6582
-0.0631,6715
-0.116,9950
-0.0176,5721
0.0681,1944
0.0747,3166
-0.168,8575
0.0128,4673
-0.0237,5637
-0.098,8473
-0.153,9200
0.159,871
0.0332,4254
-0.082,8357
-0.108,9278
0.0606,2942
0.174,984
0.0802,3551
-0.0506,7002
-0.0627,8833
-0.015,5643
-0.164,9927
-0.117,7232
-0.221,9897
-0.117,9131
0.27,44
0.0308,3667
-0.0973,7518
0.00237,5101
-0.217,9296
0.107,2571
-0.0811,8810
0.0333,3448
0.0809,3389
0.124,2413
0.00503,4942
-0.0692,7975
0.0854,2673
-0.132,8902
-0.0431,6242
-0.177,8974
-0.118,7393
-0.0128,5839
-0.115,8082
0.0545,3184
-0.484,9943
-0.151,7008
-0.218,7432
0.098,1911
0.015,4116
-0.0934,6963
-0.0419,5400
-0.213,8662
-0.00221,4740
-0.0395,6606
0.112,1426
0.128,1517
0.0971,3005
0.169,1724
0.357,868
0.147,313
-0.0139,5901
-0.5,7785
-0.0397,5561
0.252,712
-0.00393,5239
-0.0381,7546
0.123,1100
0.145,1985
0.645,191
0.121,1506
-0.0869,6974
-0.0126,5639
-0.0588,7777
-0.0114,5702
-0.178,9742
0.0489,3630
-0.0552,6731
-0.0979,9570
0.0987,983
-0.0492,7262
-0.0168,5533
-0.186,8913
-0.04,5781
-0.08,6890
0.0796,3247
-0.16,8039
-0.0519,6692
0.085,3136
-0.263,8870
-0.0553,6720
0.0608,1845
-0.0764,9040
0.0174,4270
-0.199,8847
0.287,149
-0.0683,7078
-0.0221,6197
0.0712,2047
0.344,320
0.0147,4697
-0.0373,5915
-0.0742,7576
0.0496,2700
0.197,2630
-0.451,9304
0.0171,4547
-0.0957,6552
0.0899,2886
0.00104,5221
-0.42,10457
-0.0994,7475
-0.159,7141
0.109,3692
-0.239,10358
-0.0835,7802
-0.0555,8102
-0.00708,5199
0.0934,2763
0.165,1963
0.0227,3823
0.0134,4430
-0.1,7235
-0.058,6798
0.249,1966
0.0666,3840
0.131,1517
-0.292,6663
0.179,1435
0.316,909
0.139,2670
-0.0356,6916
-0.0021,5482
-0.136,6808
0.053,3431
0.105,2085
0.202,2398
-0.137,8788
-0.0851,7640
0.0137,4551
-0.0252,6122
-0.34,7570
0.404,264
0.0238,4233
0.0822,2812
0.0296,3114
-0.0542,5343
0.131,1773
-0.416,10468
-0.107,8780
-0.0199,5750
0.125,2044
-0.25,10347
-0.0574,7888
0.196,1734
-0.0613,6559
-0.12,9528
-0.00357,5466
-0.288,9288
-0.165,9658
-0.101,8342
-0.0365,6037
-0.0928,7646
0.102,1784
0.0204,4052
0.628,88
-0.076,7595
0.22,687
-0.126,9724
0.0266,4126
0.158,1617
-0.205,8571
0.0539,2945
0.279,352
0.116,2501
-0.206,10299
0.302,1807
-0.0313,5447
-0.0676,7189
-0.531,9554
-0.00517,5084
-0.00701,5696
-0.0532,8141
-0.195,10008
-0.224,9779
0.319,180
0.0914,1900
0.0572,3479
0.11,1952
-0.215,7925
-0.278,10187
0.0209,4451
0.0545,2328
-0.0708,7379
-0.0392,6768
-0.00783,5350
0.379,1747
-0.227,8229
0.0619,1603
0.0458,3424
-0.248,9317
-0.0123,5558
0.0178,4501
-0.047,6484
0.222,601
0.167,1159
-0.192,9724
0.138,3209
0.224,1329
0.0416,3394
-0.312,10436
0.0283,3648
-0.176,9437
-0.0583,6940
0.131,2190
0.391,125
-0.269,10412
0.104,2286
-0.0269,6036
-0.235,10409
0.0789,2957
-0.115,9283
-0.00169,5293
-0.147,9074
-0.0383,6791
0.254,316
-0.205,9551
0.112,2443
-0.0278,6322
0.0207,3473
-0.0563,6487
0.0795,2314
0.529,126
0.185,1728
-0.00294,5173
0.114,759
-0.0123,5266
-0.0523,8145
-0.0355,6412
-0.0101,5737
0.115,2123
0.035,3285
0.0559,3310
0.0522,3127
-0.398,9031
-0.234,9365
0.0998,2065
-0.109,7716
-0.182,8812
0.0157,4258
-0.0588,5686
-0.209,10078
0.484,402
0.118,2384
-0.125,7200
0.0842,3046
-0.0584,6478
0.151,1902
-0.102,8003
0.00365,4997
-0.0315,6321
-0.0779,5584
-0.0655,6307
-0.0722,7631
-0.0151,5313
-0.0489,8017
0.0564,3551
-0.121,8658
0.101,3131
0.0027,4918
-0.195,10026
0.0849,1436
-0.0696,6599
0.293,1132
0.427,76
-0.0233,5444
-0.179,10172
-0.0778,7699
-0.231,10284
0.00329,4608
-0.163,8400
0.189,1592
0.0158,3803
-0.0407,7230
-0.167,9382
-0.222,9595
0.014,4486
0.0824,3279
-0.212,10039
-0.0661,6963
0.0298,3770
0.0572,2841
-0.182,9369
-0.0102,5317
0.0593,3591
-0.14,8715
0.169,2148
0.0559,3312
-0.234,9437
-0.0288,6613
-0.0866,7903
-0.0542,7424
-0.0565,7592
0.0149,4406
-0.0071,5406
0.146,2142
-0.0026,5115
0.125,1304
0.0513,3344
-0.0424,6850
-0.143,8445
0.163,2317
-0.103,10401
-0.146,9877
0.339,637
0.117,2045
0.0222,4364
-0.0816,6728
-0.0339,6495
0.0877,2014
-0.152,9143
0.0153,4543
0.258,849
-0.0892,7416
0.15,909
-0.00126,5343
0.0644,3092
0.145,3083
0.000464,5122
-0.27,9364
0.31,452
0.049,2997
-0.0184,6408
-0.00206,5000
0.00853,5013
4,47
0.0797,1531
-0.24,9199
-0.0479,6030
0.0438,4004
0.62,4
-0.0929,6377
0.0537,3161
-0.0287,7471
-0.106,8933
-0.011,4816
-0.0547,6889
0.00187,5169
0.134,1511
0.00729,4912
-0.339,9234
0.16,2109
0.233,759
0.0297,3922
0.0109,4790
0.0278,3890
0.219,938
-0.058,6982
-0.319,9099
-0.039,6439
0.132,2992
-0.0027,4585
-0.0754,9459
0.129,510
-0.136,9411
-0.00651,4859
-0.162,9737
0.254,2589
-0.00591,5231
0.0346,3861
-0.0354,6729
-0.0776,7248
0.012,4854
-0.155,6632
0.139,658
0.0496,2963
-0.0481,5900
0.123,1700
0.025,4296
-0.381,9721
-0.00175,5169
0.0448,2545
0.115,2712
-0.0328,6012
-0.0913,7718
-0.051,6144
0.0207,3101
0.253,531
-0.148,9218
0.315,628
-0.0849,8617
-0.113,8509
0.0521,3755
-0.108,9567
0.301,1070
-0.0648,7572
-0.0828,7301
0.306,1439
-0.175,9818
0.133,1021
-0.00637,5360
0.226,2157
0.196,1150
-0.176,9851
0.0535,3389
0.074,2048
-0.253,9767
-0.0727,6057
0.2,2633
0.0932,1240
0.33,310
-0.21,10367
-0.186,9526
-0.0484,6364
-0.0564,6860
-0.264,9702
0.0642,2172
-0.0467,6577
0.0438,4058
0.0571,3304
-0.0731,6656
-0.181,9421
0.0144,4379
-0.18,10110
-0.0309,5574
-0.201,8984
0.0635,3778
0.0627,4040
-0.0637,7301
-0.0581,7875
-0.0418,6726
0.0258,4595
-0.0426,6347
0.026,4076
0.00307,5085
-0.024,5761
-0.293,9666
-0.123,6818
-0.106,8479
-0.06,7479
-0.122,8621
0.156,2311
-0.0418,6706
0.0831,2862
0.0246,4347
0.172,810
0.0206,4243
-0.15,9927
-0.0943,6624
0.063,3258
-0.0716,6422
-0.114,8733
-0.01,5329
0.173,1276
0.138,2810
0.0273,4286
0.18,1127
-0.25,5539
-0.189,9900
-0.0641,8497
0.0524,3606
-0.126,8094
-0.0962,9093
-0.274,9743
-0.0289,6626
-0.0457,6962
-0.146,8857
0.00567,4753
0.209,887
-0.21,9838
-0.0963,10201
0.0664,2696
-0.0891,7105
-0.00944,5698
0.463,479
0.0556,2622
0.118,985
0.112,1268
0.32,235
-0.0392,7501
0.264,466
0.0629,2493
-0.0523,6985
0.224,314
0.116,2910
-0.0201,5511
-0.131,8636
0.246,2274
0.147,2408
-0.0278,5618
0.197,728
0.00879,4811
0.181,2294
-0.201,9762
-0.15,7817
-0.298,10149
-0.299,10196
-0.0512,6672
-0.329,10463
0.465,137
-0.0524,6763
-0.0438,6570
-0.232,7851
-0.268,7149
-0.185,8169
-0.229,9361
-0.0346,6886
0.271,704
0.229,1097
-0.0267,6731
-0.151,9223
-0.244,9709
0.00562,4934
0.0626,3016
0.243,630
0.12,1947
0.156,1496
-0.27,8807
0.0249,4157
-0.0358,6128
0.3,781
-0.087,6380
0.163,2621
0.0502,3674
-0.157,9718
-0.0449,7010
0.00488,4852
-0.0136,5548
-0.426,7209
-0.119,8085
-0.191,9753
-0.184,9018
-0.0582,7269
0.114,1961
0.0024,5159
0.277,148
0.178,247
-0.132,8588
-0.158,8565
0.126,2463
-0.062,6955
-0.0276,5740
-0.00651,4947
0.156,1448
-0.0939,7511
0.0941,2082
0.318,1295
-0.00356,5119
-0.0324,7146
-0.127,9658
-0.157,9268
-0.00452,5252
0.00571,4881
-0.12,9336
-0.239,10153
-0.00613,5701
-0.0376,6296
0.0856,3281
0.123,3467
0.0989,2694
-0.111,9282
-0.128,8692
0.0858,1600
0.0445,3537
0.0177,4298
0.0239,4158
-0.177,10302
-0.21,9838
0.00546,4776
-0.582,8878
-0.613,7699
-0.341,9884
-0.433,10006
-0.0329,6466
0.0235,4303
0.151,1952
0.269,934
0.192,3201
0.149,1798
-0.0414,7528
0.215,118
-0.000423,5184
0.0315,3349
0.508,353
0.0335,3673
0.0192,3928
-0.203,7016
0.111,2649
-0.0685,6216
0.339,1920
0.0138,4714
0.185,799
-0.00762,5488
0.0568,3469
-0.0354,6054
0.00355,5095
-0.0965,8812
-0.161,9312
0.0572,3458
-0.0705,7722
-0.158,9830
0.163,2497
-0.154,8922
0.165,760
-0.0563,7568
-0.0175,6157
0.141,1928
-0.00517,5246
-0.0134,5202
0.233,923
0.243,658
0.0272,4132
-0.0133,5113
-0.0863,8592
-0.0681,8024
0.0626,2550
0.129,1274
-0.209,8610
-0.139,9655
-0.114,7742
-0.0181,6071
0.0418,3676
0.0187,4667
0.00394,4883
-0.054,7628
-0.176,8263
0.0275,3119
0.0449,2977
-0.0108,5618
0.48,908
0.0636,3810
0.0203,4423
0.0313,3628
0.0148,4799
0.0946,3028
0.298,1567
0.0808,3620
-0.263,10007
-0.000398,4825
-0.0657,7351
-0.377,8599
-0.021,5901
0.0149,4668
0.321,967
0.119,1132
-0.223,9982
-0.131,8162
0.463,329
-0.0818,6714
-0.23,9407
-0.163,9750
0.107,1849
0.191,1037
-0.0101,5588
0.335,668
0.104,1982
-0.137,9694
-0.00836,5411
-0.0479,6948
-0.142,7963
-0.0627,6907
0.0735,2350
-0.0165,5762
-0.0242,6201
-0.233,9935
0.249,792
-0.692,8307
-0.223,9014
-0.0739,7803
-0.0246,6140
0.242,687
-0.078,7653
-0.264,7587
-0.101,9737
-0.0832,8969
-0.0438,7432
-0.0259,6044
0.0704,3072
-0.194,7740
0.359,1087
0.0297,3564
0.179,2418
0.263,2358
0.0602,3388
0.0936,3228
-0.0374,6038
-0.116,7822
-0.0133,5915
-0.144,9506
-0.0245,5191
0.01,4746
-0.0757,6978
-0.0153,5413
0.00151,5076
-0.1,6536
0.139,2765
-0.354,8948
-0.0439,6612
0.0243,4138
-0.199,9734
-0.0147,5415
0.136,2409
1.09,7
-0.0322,6404
-0.194,10413
-0.222,9498
-0.149,9705
0.363,171
0.413,308
0.0492,3472
-0.0254,5404
0.158,428
-0.0094,5058
-0.174,9438
-0.126,6948
-0.0781,6144
0.1,2148
0.0803,2824
-0.031,6402
0.122,2393
0.085,2336
-0.214,9775
-0.147,9941
-0.0614,7998
-0.149,8547
0.172,1289
0.0969,2877
-0.211,9035
0.0165,4567
-0.16,10262
0.188,719
0.032,3579
-0.104,6179
0.383,1333
-0.213,9855
0.00394,5011
0.0235,784
0.355,405
-0.0601,6706
-0.105,8822
2.34,96
-0.023,5911
0.0188,4276
0.0251,4452
0.253,862
-0.098,7244
-0.108,6781
-0.165,10079
-0.0212,6048
-0.0343,6439
-0.344,9058
-0.131,8712
0.0315,4403
-0.183,9848
-0.0518,7006
0.228,810
0.118,1724
-0.0364,6327
-0.0709,6709
-0.214,10335
-0.114,8662
-0.0885,6504
0.162,1758
-0.152,7668
-0.504,9106
0.131,1163
0.126,1563
-0.0795,7766
0.25,847
-0.212,6897
-0.121,8887
-0.0101,5435
-0.0973,8208
0.3,968
0.0778,2380
0.0441,3739
-0.0681,7638
0.0825,3567
0.216,291
-0.0289,5702
0.0166,4437
-0.0861,7695
0.011,4876
-0.00402,5529
-0.146,10063
0.0181,4565
-0.00443,5419
0.194,2874
0.124,1869
-0.0189,5764
-0.0053,5296
0.0613,3331
-0.578,8806
-0.0107,4731
-0.322,9813
-0.0858,8295
-0.173,8601
-0.454,10350
0.0191,4404
-0.221,9548
0.588,77
0.105,1592
0.18,914
-0.161,9048
0.0899,3101
0.0886,2673
-0.0199,5624
0.0532,3903
0.0933,1389
-0.1,7714
0.182,992
-0.0276,5817
-0.0188,5327
-0.026,5980
0.0082,4711
-0.254,10031
-0.255,8236
-0.0767,8745
0.118,3213
-0.203,10198
-0.0133,6401
0.015,4538
0.157,3196
-0.443,10131
0.0568,3012
-0.132,9280
0.194,115
-0.127,7849
0.0533,3718
-0.0085,5022
-0.0825,6480
0.000627,4960
-0.0856,7005
-0.0102,5125
0.125,2460
0.171,1471
-0.021,5289
0.0354,3925
-0.169,9339
0.172,1880
0.099,2146
0.171,1833
-0.28,9742
0.343,53
-0.0651,7502
-0.0607,6909
-0.0453,6847
0.0122,4440
0.0787,3059
0.0671,3295
-0.00921,5255
0.0884,2212
-0.0674,7896
-0.047,6697
0.0876,3348
-4.56e-05,5041
0.0202,3482
0.285,565
-0.072,7324
0.00217,4743
-0.0632,7183
0.058,3115
-0.0875,7568
-0.0217,5360
-0.114,8550
-0.148,9566
-0.0174,6554
0.0714,2761
-0.155,8929
0.107,1355
-0.0775,7700
0.092,3016
0.0529,3893
-0.201,10232
-0.0332,6566
-0.208,9644
-0.172,9509
0.0762,3479
0.0638,3740
-0.0974,9113
-0.167,9223
0.0146,4450
0.00956,4690
-0.0673,5963
-0.0913,8882
0.323,485
-0.193,10090
0.212,376
-0.252,9653
0.0661,3893
-0.31,7916
0.0307,4228
0.0206,4513
-0.15,7828
-0.00852,5433
0.0206,4471
-0.169,8193
1.45e-05,5033
0.173,512
-0.0488,7272
-0.159,9664
-0.0958,9246
-0.188,9240
-0.0895,8013
0.131,1104
0.472,35
-0.243,9374
0.128,2748
-0.0709,6731
0.0445,3076
-0.00212,5401
-0.198,9229
-0.127,7592
0.476,764
0.0672,3119
-0.0161,5778
-0.165,7338
-0.0663,6184
-0.174,6233
-0.401,7505
-0.0103,5050
-0.232,9883
-0.262,10159
0.147,2260
-0.15,7190
-0.0625,7173
0.137,843
-0.0579,7036
-0.263,8572
0.0371,3927
-0.0359,6015
0.126,1762
-0.175,9783
0.0473,2974
0.193,1672
0.0438,3670
-0.234,9323
0.162,2486
0.0407,3543
0.037,3507
-0.0897,9035
-0.155,8242
0.133,2447
0.0482,4004
0.145,1014
-0.0514,8597
0.112,3232
-0.141,7899
0.499,490
0.0879,2019
0.111,1159
0.13,1791
0.049,2987
-0.181,8995
0.545,4
-0.127,7867
0.00483,4882
0.0368,3513
-0.286,9990
-0.0418,6019
0.0126,4730
-0.0242,5657
-0.0649,8073
-0.0508,7251
0.0414,3700
0.0874,3032
-0.0467,6221
-0.031,5778
-0.0988,8815
0.0364,3592
0.0881,2564
0.0277,4299
-0.195,7319
0.11,3133
-0.00471,5573
0.215,112
-0.000885,5217
-0.208,9571
0.0329,3918
-0.116,7801
-0.123,9286
0.157,1086
0.256,389
-0.166,9406
-0.109,8529
-0.0492,6796
0.114,1158
0.123,857
0.0877,3690
0.289,892
-0.361,9952
-0.0494,6544
-0.125,9330
-0.0396,8005
0.207,864
-0.0959,7495
-0.0203,5250
-0.158,8577
0.0805,1521
0.114,2236
-0.0434,6754
-0.143,7903
0.136,423
0.241,628
0.008,4853
0.0101,4879
0.0251,4439
-0.00849,5565
-0.112,8105
-0.376,7926
0.0131,4538
0.046,3084
0.0475,3693
-0.259,9878
0.606,436
0.623,1361
-0.206,9682
-0.119,9439
0.152,1405
-0.188,9844
-0.434,8521
0.502,1358
-0.15,7879
-0.128,9779
-0.0359,6395
-0.0187,5233
0.232,1913
-0.253,10396
0.00307,5134
0.534,444
0.0429,3997
0.206,1854
0.345,1087
-0.035,5327
-0.171,9619
-0.0478,6221
-0.259,10372
0.0191,4435
0.0864,2221
0.132,1581
-0.0685,9537
0.291,50
-0.0489,6182
0.0375,4240
0.0669,3146
0.187,2387
0.251,48
-0.118,8027
0.0469,3078
-0.000292,5030
0.266,1503
0.0773,2942
-0.029,6033
-0.102,6818
-0.381,10020
-0.02,5774
0.0654,3592
0.0688,3298
-0.0164,5571
-0.0191,5624
-0.0602,7312
-0.00764,5124
0.133,2945
0.21,2220
-0.147,9748
-0.00668,5299
0.134,2592
0.0521,4116
0.0676,3843
-0.045,7212
0.0492,3175
0.219,912
-0.0598,6862
0.0915,2665
-0.328,7629
-0.142,9629
0.146,1107
-0.174,9394
0.312,897
-0.0309,6971
-0.114,8944
-0.13,9400
-0.0934,7649
0.313,215
0.103,1860
0.079,1962
0.195,1307
0.169,1530
0.329,57
0.101,1487
-0.171,8788
-0.108,7388
0.1,2517
-0.24,9062
0.0222,3851
-0.0699,7967
0.0328,3890
-0.104,7355
-0.0756,6968
-0.0364,5499
-0.0284,5869
-0.0607,7186
-0.0653,7986
0.229,907
0.128,2326
-0.207,9451
-0.0833,8896
0.0576,2313
0.104,2321
0.0819,3136
-0.0733,7868
0.0866,2590
-0.00687,5628
0.0144,4610
0.112,2373
-0.343,9713
0.00402,4982
-0.00854,5134
-0.0548,8195
-0.083,9259
-0.0703,6677
-0.0511,6862
-0.175,7218
-0.00737,5003
0.061,2825
-0.0313,7125
-0.108,9256
0.0192,4524
-0.00961,5827
-0.0861,7540
-0.166,9679
0.179,1537
0.0298,4249
-0.0166,5236
0.189,1241
-0.348,10123
0.056,2775
0.0623,2793
0.0413,3882
-0.0154,5686
0.16,1501
-0.0563,6372
-0.0676,7317
-0.0335,6415
-0.142,8023
0.0892,3512
-0.213,5066
-0.107,5625
0.165,199
0.236,873
0.12,2283
-0.0369,5794
0.118,3354
0.289,1704
-0.0645,8888
-0.103,9298
-0.332,9878
0.102,2607
-0.302,7599
0.0375,4192
-0.0201,5904
-0.308,6817
0.145,1684
0.219,304
0.0467,3360
-0.00831,4994
-0.00202,5058
0.0812,2557
0.0834,2728
-0.0364,5690
-0.0953,7764
0.769,221
-0.0978,7501
-0.176,9198
-0.2,9321
-0.156,9697
0.188,1502
0.0189,4568
0.0255,3932
0.0494,1467
-0.0729,5315
-0.119,8490
0.07,3161
-0.00267,4918
-0.0623,6514
0.0517,2529
-0.0893,7214
-0.0278,5121
0.071,3321
-0.0419,5648
0.12,2165
0.286,880
0.641,218
-0.121,7842
0.0286,4248
-0.261,8940
-0.046,5725
-0.0244,6251
-0.16,8746
-0.00235,5250
-0.166,8901
-0.0864,7258
0.0977,1851
-0.00672,5630
-0.0563,6737
-0.187,9976
0.458,1020
0.0272,4295
-0.0612,7302
-0.164,8758
-0.119,7841
-0.299,10123
-0.00727,5063
-0.0607,5326
-0.0987,9694
0.107,2511
-0.116,9314
0.15,3132
-0.0833,6903
0.282,206
-0.126,10121
0.0496,3117
0.127,2881
0.0954,2725
0.189,972
0.0692,3617
0.0378,3438
0.0972,1861
-0.181,7911
0.193,1016
-0.112,6786
0.0773,3197
0.0408,3679
-0.00226,4964
-0.0802,7810
-0.0566,6553
0.017,4813
0.0956,1693
-0.0523,7095
-0.00993,5360
0.0441,3219
-0.046,6415
-0.0152,5506
-0.089,6921
-0.0672,7758
0.12,881
0.149,1379
-0.087,7610
0.163,2542
-0.00945,5553
-0.0108,5203
0.252,1098
-0.0622,6041
0.0977,2296
0.104,2236
0.349,536
0.0764,1848
-0.309,10101
-0.0998,8319
-0.0507,6404
0.251,2130
0.333,1386
0.0456,2333
0.19,179
0.00247,4927
0.0769,1775
-0.386,7815
-0.138,6345
0.0169,4176
-0.0565,7243
0.00654,4958
0.0947,3113
-0.268,8487
0.233,1429
-0.0274,5932
0.0107,4443
-0.168,8174
0.0222,4700
0.328,1039
0.259,1544
-0.122,7876
0.0567,2996
0.448,116
-0.148,9030
-0.0721,6486
0.135,2644
0.0894,1031
-0.0822,7707
0.124,3586
-0.218,9504
-0.305,9365
-0.162,9625
-0.0148,6131
-0.0345,6760
0.493,173
-0.101,7674
0.0806,3357
0.402,173
-0.322,10201
0.0722,1746
-0.0842,5977
-0.0679,7206
-0.00471,5173
0.224,345
-0.238,10195
-0.00639,5519
0.0787,2620
0.00886,4706
0.139,2261
0.111,2079
-0.0901,9037
-0.0645,6611
-0.000397,5634
-0.0507,7340
-0.046,6375
0.0178,4455
-0.00282,5265
-0.0197,6046
0.0233,4234
0.183,1108
-0.0604,7317
-0.00466,5093
0.185,1383
-0.0122,5753
0.0427,3607
-0.0644,6169
0.00368,4916
0.0406,4107
0.197,2356
0.052,2146
-0.0896,9853
-0.605,9252
0.925,34
0.514,2055
-0.461,10309
-0.00863,5439
-0.0757,8963
0.236,1197
0.192,745
0.164,1721
0.132,2277
0.0581,2416
-0.0152,5923
-0.256,9205
0.134,701
-0.0642,6492
0.627,272
-0.137,9290
0.13,2149
-0.134,8307
0.0208,4669
-0.121,7423
-0.0223,5179
0.0733,2501
0.112,1180
-0.0228,6104
0.193,1776
-0.261,8496
-0.147,9193
-0.0846,8100
-0.0422,6921
-0.319,6962
-0.382,9758
0.128,483
0.00553,5062
0.0726,3715
0.0848,1696
-0.00548,5173
0.306,562
-0.0265,5606
0.016,4480
-0.155,8902
-0.499,10264
-0.12,8759
0.0631,3695
0.229,876
0.0101,4926
-0.0537,7366
0.0193,4378
0.00798,4759
0.0232,4091
0.337,586
0.0327,4185
0.0706,2737
0.185,1567
0.0195,4442
0.238,889
-0.277,10414
0.0261,3943
0.224,442
0.106,2314
-0.0628,6474
0.238,977
-0.0932,8247
0.0401,3226
0.0306,3610
0.0475,3661
0.0112,4813
0.17,1753
0.593,518
0.0712,3126
-0.00206,5196
-0.351,9613
0.00671,4794
0.015,4500
-0.123,7414
0.268,161
-0.0812,7400
-0.28,9911
-0.207,9193
-0.105,7746
0.064,2706
-0.00662,5432
0.036,4375
0.927,686
0.201,686
0.528,511
0.0907,3636
-0.0087,5252
0.0871,1135
0.0515,3013
-0.0449,6013
-0.206,10161
0.133,1229
0.136,920
0.00483,4873
0.0235,4366
-0.239,10378
-0.0281,6340
-0.164,9064
-0.0974,9411
-0.187,9284
-0.156,8899
0.0732,3070
0.0174,4586
-0.0113,5582
-0.0426,6484
-0.0687,7575
0.132,1413
0.0224,4291
-0.0851,7005
-0.0173,5401
-0.0854,8985
0.0781,3516
-0.412,8122
0.173,1055
-0.0892,6057
0.212,970
0.0313,3390
0.025,4266
0.376,2745
0.156,2278
0.067,2557
0.291,447
0.00595,4645
0.000658,4812
0.076,2964
0.16,560
0.0735,3362
-0.132,6826
-0.0904,8806
0.11,2243
-0.402,10266
-0.02,5673
-0.0495,6468
0.251,958
-0.0117,5485
0.174,1079
0.0999,1334
0.363,1255
-0.122,8818
0.0295,4072
0.00798,4622
0.0777,2367
-0.114,8643
-0.0305,6441
-0.0122,5289
-0.033,6237
0.0918,2799
0.069,2364
0.437,25
0.0286,4066
0.0444,3611
-0.166,9433
0.097,2490
0.0722,2966
0.0367,4082
0.0788,2617
0.0162,4661
-0.343,9960
-0.0841,8304
0.179,1031
-0.13,8766
0.118,1434
-0.0173,4975
-0.0446,5537
-0.152,9126
-0.188,8773
0.0212,4762
-0.0486,6702
-0.147,8512
0.0703,3365
0.254,27
0.00991,4977
-0.0539,6419
-0.309,9611
-0.251,9521
-0.0964,8818
0.0099,4725
-0.168,8643
-0.0253,5449
-0.489,9728
0.225,915
0.145,1549
0.127,1809
-0.218,4959
-0.343,9030
0.0918,3177
-0.0972,7287
-0.203,5421
-0.211,8521
-0.301,10289
0.444,467
-0.118,8047
-0.0195,6075
-0.0279,6384
0.0965,3123
0.103,2315
0.00464,4623
-0.233,9143
0.103,2129
0.0293,3518
-0.00737,5307
0.0339,4193
-0.308,9388
-0.17,7978
0.0608,3186
0.169,751
-0.000864,4756
-0.0186,5665
-0.00706,5016
-0.0763,6692
0.0282,4083
0.225,483
0.00368,4941
-0.126,8857
-0.14,8965
-0.182,8603
-0.154,9213
0.0415,3965
0.169,1617
0.141,1317
0.018,4606
0.308,298
-0.212,9531
-0.00486,5604
-0.882,9473
-0.201,8575
-0.137,8005
-0.23,9670
-0.147,10003
0.0993,2494
0.0224,4060
0.0194,4639
0.409,212
-0.26,9569
0.0558,3210
0.0245,2956
0.0234,4303
-0.123,4896
-0.14,9450
0.0132,4552
-0.103,8969
0.158,459
-0.369,10402
0.0718,1579
-0.00452,5266
0.282,1117
-0.137,8885
0.0372,2817
0.0943,1872
-0.0656,5290
-0.0334,5982
0.19,2660
-0.214,8631
0.00494,4910
-0.175,9157
-0.211,8474
0.245,1240
0.0389,3828
-0.203,8577
-0.103,9020
-0.11,5102
-0.325,6563
0.0711,3334
-0.0164,5303
-0.181,8542
0.072,973
0.0899,1760
0.147,190
-0.142,8865
-0.312,10294
-0.0306,5512
0.178,1830
-0.346,10203
0.0456,3533
-0.517,8651
0.572,101
-0.208,9574
-0.165,8737
-0.172,9512
-0.174,8844
-0.0719,7202
0.0903,2611
0.0425,4147
0.15,1651
0.00189,4903
0.00543,4940
-0.0273,5609
-0.0814,7662
0.0645,4055
-0.0881,6373
-0.0346,7348
-0.0361,6709
0.183,1136
-0.00059,5145
-0.343,10008
-0.119,7944
-0.0454,7553
0.129,1223
0.0158,4737
0.0336,4109
-0.161,8376
0.185,2313
-0.193,10236
0.0103,5006
-0.077,7350
0.0038,4976
0.106,3423
0.106,3211
0.0916,2445
-0.0637,8068
0.179,1106
0.0699,3380
0.266,1096
-0.0371,6080
-0.0675,7601
-0.0127,5420
0.239,398
-0.19,8992
0.723,176
-0.0541,6822
0.02,4354
0.0893,2587
-0.0308,6063
0.205,819
-0.0602,8033
-0.113,8352
-0.0993,8983
0.0489,2101
-0.0183,5425
-0.0507,6443
-0.0894,7315
-0.183,8078
-0.0914,7513
-0.207,10061
0.2,1114
-0.107,6584
-0.164,8246
-0.274,8068
0.0612,3996
0.119,2460
0.115,3248
0.306,2552
-0.247,9336
0.211,1431
-0.0157,5023
-0.109,7853
0.187,1366
-0.253,8494
0.0293,4294
0.0641,2677
-0.0242,5803
0.374,757
0.105,1528
-0.0622,6969
0.0705,3157
0.014,4771
-0.042,7383
-0.0334,5810
0.0212,4097
-0.953,10306
-0.295,9992
0.0108,4204
-0.0779,7596
0.334,473
-0.346,9505
-0.0508,7482
0.0123,4636
-0.125,9462
-0.0324,5368
0.0575,1538
0.245,578
-0.118,6620
0.308,1202
-0.127,8472
0.218,872
0.247,530
0.0462,3589
0.00253,4888
0.0765,2306
0.1,1784
0.103,1274
0.0355,3595
0.111,1796
0.126,2442
0.446,425
-0.175,5806
-0.118,9341
-0.0438,6040
0.0852,1543
0.133,2277
-0.236,9650
-0.229,9617
-0.159,9767
-0.292,9381
0.0868,1815
0.0286,4110
0.0649,3766
0.0119,4316
-0.0458,7122
-0.0145,5510
0.215,1615
-0.0326,5315
-0.231,9473
-0.123,9999
0.0643,3131
-0.143,3065
4.46,13
-0.573,8407
-0.194,9161
1.07,116
-0.331,9259
-0.0569,6323
0.249,118
0.101,2677
0.17,1981
-0.0144,5551
0.129,1979
-0.0118,5064
-0.332,7758
0.524,183
-0.172,5350
-0.478,7679
-0.411,9710
-0.155,7796
-0.1,8587
-0.101,6253
0.102,2639
0.0118,4555
0.121,1056
-0.319,9738
0.0166,4648
-0.234,10281
0.44,1287
-0.000935,5256
0.148,974
0.273,350
0.124,2943
-0.122,7444
-0.0519,6129
-0.0704,7121
0.217,536
-0.356,9383
-0.296,8658
-0.00615,4966
-0.203,9761
0.114,2053
0.234,91
-0.264,9793
0.141,1564
-0.0494,6522
-0.0544,6744
0.023,3973
-0.0633,7776
-0.215,4261
-0.107,8281
-0.0555,6243
0.059,3426
-0.0369,6573
0.00356,4851
-0.105,9355
-0.0223,5913
-0.0567,5556
0.0616,1654
-0.0989,8067
-0.117,9570
-0.095,8804
-0.223,7836
-0.227,7826
-0.0595,6950
-0.0455,6233
0.097,2246
-0.0116,5378
0.0982,2875
-0.11,8298
-0.0331,5812
0.137,642
-0.0219,6079
-0.0825,7498
0.0895,3089
0.022,4390
-0.403,8676
-0.205,9795
0.0497,3463
-0.0332,6359
-0.231,8849
0.213,1566
0.224,1982
0.115,1747
-0.145,9240
0.0206,4682
-0.029,5958
0.282,1179
-0.145,6413
0.246,290
0.0364,3272
-0.14,8437
0.0244,4484
0.106,388
-0.251,8793
-0.0634,8564
0.0255,4332
-0.0189,5439
0.189,1237
0.308,716
-0.282,10102
-0.197,9036
-0.0206,5822
-0.193,9601
-0.068,8831
0.603,650
-0.0403,6206
0.029,3775
-0.0415,6812
0.218,829
0.156,1446
-0.238,6911
-0.158,8003
0.0266,3975
-0.102,9605
0.102,1751
0.363,682
-0.396,7947
-0.244,10412
-0.0237,5530
-0.0332,7043
0.163,2670
-0.469,7794
0.449,1546
0.0927,2482
-0.232,7160
0.135,2172
-0.00842,5393
-0.152,6885
0.0897,2429
0.0651,2543
-0.0999,8522
-0.318,9568
-0.116,7619
-0.405,10250
0.176,986
-0.0249,6048
0.0142,4504
0.124,1511
-0.16,9084
-0.0945,8809
-0.0498,6711
-0.0272,5877
-0.0671,6818
0.0911,3448
0.162,1084
0.376,2047
0.0626,4321
-0.0828,7214
0.00521,4755
0.155,1157
0.0719,2867
0.0724,2811
0.251,621
0.143,1603
-0.197,8593
-0.112,7851
0.173,788
-0.343,9810
-0.153,8470
0.111,3353
0.00106,4801
0.698,339
0.144,3054
-1.29,10161
-0.0109,5492
-0.0848,7641
0.00572,4922
0.0866,2325
-0.24,9337
-0.222,9016
0.0722,3547
0.0604,3689
-0.0131,5693
-0.000315,5119
0.0376,3387
0.0168,4413
-0.126,8783
-0.0477,7081
0.0733,3094
-0.158,9819
-0.018,5643
0.0358,4417
-0.135,8668
0.00359,4884
0.162,425
0.0494,3807
0.0454,4073
0.103,2444
0.3,629
-0.0186,6797
-0.0611,6255
-0.188,9259
-0.166,8580
-0.0415,5943
-0.022,5644
-0.0482,6193
-0.138,9525
0.0369,4200
0.0689,3821
-0.311,9844
-0.14,8439
0.0393,3573
0.0716,2296
-0.0299,5226
-0.242,9634
0.602,173
-0.241,8809
-0.382,9195
0.0226,3704
-0.204,9795
-0.0186,5844
0.103,3791
0.0732,4014
0.0722,1621
-0.0339,6280
-0.0376,6205
0.0347,3963
0.166,932
-0.22,9012
-0.0995,9194
-0.00893,5763
0.0218,3995
-0.05,6289
-0.43,7515
-0.145,8542
0.159,2088
-0.054,7146
0.117,1773
-0.196,8869
-0.0725,6226
0.107,2209
-0.0399,7265
-0.0327,6519
0.846,366
0.825,151
0.0901,2187
-0.0287,5726
-0.0751,7943
0.188,2181
-0.103,6985
-0.112,8723
-0.0996,6698
0.0278,4256
-0.138,8328
-0.0479,7897
0.466,584
-0.214,10073
0.164,999
0.1,3127
0.0417,3018
0.0867,3025
0.0222,4503
-0.162,8806
0.105,2173
0.127,1907
-0.16,9286
0.109,2703
-0.0625,6417
-0.0503,6728
-0.234,9093
-0.0594,8454
0.0832,2680
0.175,333
-0.148,8804
-0.0115,5365
-0.238,8903
-0.166,9678
-0.0138,5518
-0.0469,7053
0.0997,2716
-0.333,10107
-0.0684,6704
0.0202,4464
0.0598,3000
-0.0148,5712
0.344,367
0.0714,3180
0.0654,2032
0.0246,4240
0.0216,4381
0.0301,3863
0.169,1660
0.123,2588
0.447,424
0.0892,3004
0.335,179
0.0743,1812
0.487,308
0.0123,4901
0.0505,3741
0.392,602
0.167,543
-0.0417,7187
0.0328,4212
-0.336,10070
0.107,3011
-0.219,9148
-0.241,10284
0.101,2318
-0.248,10082
0.175,2032
0.0525,3480
0.138,2125
-0.0605,7770
-0.102,8617
0.0464,3588
-0.0584,6597
0.262,1364
0.135,3060
-0.149,7703
0.101,1737
-0.291,9703
0.305,770
-0.167,8489
0.0964,2088
0.0737,2640
-0.0116,5669
-0.0718,6703
-0.154,7624
0.232,279
-0.291,9649
0.0242,4098
-0.00782,5669
0.172,1671
-0.0136,5618
-0.0257,5945
-0.255,10186
0.0674,2958
-0.00102,5154
-0.169,9436
0.0645,2891
-0.285,9344
0.0284,3998
-0.14,9614
0.0739,1313
-0.135,8520
0.0208,4134
-0.0225,5762
-0.192,5475
0.0651,2650
0.219,357
-0.154,9794
-0.0174,5410
0.322,817
-0.125,8452
-0.0159,5570
-0.0164,5495
-0.155,8972
0.226,2408
-0.0488,5972
0.302,360
0.00504,4941
-0.0553,6507
0.233,1436
0.355,730
0.196,491
-0.255,7625
0.0741,3232
0.134,881
0.0853,3237
0.00557,4982
-0.0276,6062
-0.109,7898
-0.0313,6939
0.251,295
0.0167,4688
-0.103,9072
0.203,1919
-0.0115,5139
-0.157,9917
0.0401,3445
-0.116,6919
-0.106,7976
-0.162,8768
-0.172,7762
-0.198,10203
-0.0731,8671
0.0571,3932
-0.0891,6502
-0.00825,5305
0.17,924
-0.0869,8050
0.0345,3741
-0.105,8092
-0.154,8151
0.204,1212
0.064,3095
-0.022,5904
0.364,940
-0.0953,8866
-0.0125,5444
0.0306,4371
-0.00542,5555
0.179,1095
-0.214,10365
0.136,1835
0.108,1501
0.00765,4819
-0.00274,5076
0.0508,2883
-0.0331,5725
0.175,2031
-0.244,9540
-0.123,7873
0.0843,2758
0.151,1558
-0.106,7742
0.0371,3916
0.277,540
0.189,1226
0.1,1204
-0.0201,6312
0.108,3006
0.0312,4085
0.168,1604
0.038,4479
0.0485,3044
0.0366,3220
-0.0176,5699
0.0238,4259
-0.19,8631
-0.111,6431
0.0129,4392
0.0508,3156
-0.12,9846
-0.18,8701
-0.037,6159
-0.0482,7268
-0.0357,6522
-0.171,9709
0.256,756
0.056,2578
-0.427,9095
-0.0549,6303
-0.15,9375
0.13,857
-0.132,8247
0.0253,4228
-0.0363,5851
0.0757,3322
-0.103,9042
0.0113,4938
-0.276,9862
-0.0203,5498
-0.41,9861
-0.298,7953
-0.223,10245
-0.0218,5612
-0.368,9013
0.152,2565
-0.0231,5601
0.0915,2891
0.0591,3045
-0.16,9719
-0.0931,7718
-0.0344,6865
-0.0475,8309
0.0741,3128
0.0611,2408
0.1,1581
-0.442,6628
0.178,2727
-0.304,7959
-0.555,9249
-0.0131,4785
0.109,1229
-0.2,7413
-0.0471,6233
0.171,914
0.0833,2977
0.306,93
-0.123,8992
0.136,1535
0.268,834
0.607,16
0.8,1440
0.0815,2504
0.0185,4006
-0.153,9385
-0.0439,6257
-0.292,10238
0.0326,4286
-0.0531,6950
-0.0889,10306
-0.053,4932
-0.233,9697
-0.117,6187
-0.269,10008
-0.00354,5014
-0.0591,8652
-0.0832,6338
0.051,2819
-0.0855,8045
-0.0797,7846
-0.0828,9127
-0.0348,9875
0.0743,2528
0.0806,2160
-0.131,7923
0.00955,4715
-0.0357,6788
-0.237,9270
-0.0411,5863
-0.128,7659
-0.0857,8452
-0.0899,8003
0.00361,4937
-0.201,8714
0.0215,4551
-0.0652,6182
0.0291,4320
-0.0558,7275
-0.00764,5559
0.0799,1582
-0.286,9935
0.377,274
-0.336,9559
-0.352,7344
0.236,153
-0.0034,5279
0.148,2003
-0.198,8103
0.201,907
-0.344,8832
-0.0231,5663
-0.094,9216
-0.0418,6367
-0.199,8495
0.209,602
0.144,2772
-0.166,9483
0.321,237
-0.000241,5080
0.168,1985
-0.129,8683
-0.369,10401
0.157,586
0.151,794
-0.159,9083
-0.0396,6120
0.409,525
0.103,3517
0.0189,3824
-0.155,8906
-0.0892,8482
0.166,957
-0.063,6300
0.14,2636
-0.046,6504
0.225,1543
0.115,2366
-0.138,7635
-0.0249,5236
-0.358,10173
-0.0995,8955
-0.00694,5407
-0.222,8203
-0.0494,8039
0.221,1984
0.468,314
-0.0766,7001
-0.0933,7187
-0.0174,5892
0.0446,4123
-0.138,7226
-0.00682,5513
-0.138,8764
-0.0108,6028
0.176,1131
0.0562,3815
-0.119,7782
-0.084,7143
0.139,829
-0.185,9741
0.0509,3992
0.457,218
-0.0113,5627
-0.324,10261
0.000795,5233
-0.06,7826
-0.0678,7332
0.262,561
0.0529,3373
-0.0714,6419
0.107,2537
-0.0155,6053
-0.187,4945
0.0716,3824
-0.159,10049
1.36,3
-0.0441,6622
-0.0638,6967
0.0896,3382
0.218,326
0.135,2563
0.0957,2128
-0.0416,6192
-0.0551,6914
-0.0259,5807
0.128,558
-0.371,10191
0.0873,3164
-0.0235,6067
-0.0231,5875
-0.188,9240
-0.0136,5804
0.138,1966
-0.117,9068
0.0401,3958
0.0057,4860
0.108,1524
-0.233,10159
-0.239,10151
0.0271,4408
0.0636,3726
0.199,1350
0.209,799
0.0559,4315
-0.00871,5372
-0.477,10435
0.086,2805
-0.0791,7360
-0.00339,5168
-0.334,9937
0.108,2554
0.000101,5144
0.0297,4259
0.138,1435
-0.194,5096
-0.522,9971
-0.394,10357
-0.0141,2843
-0.254,9004
-0.293,10441
-0.239,8961
0.156,1972
0.00821,4358
-0.0906,9256
-0.0661,7264
0.32,1200
0.153,2429
-0.105,8222
0.018,3786
0.0509,2389
0.267,713
-0.0595,7811
-0.268,10449
-0.025,5629
-0.339,10422
-0.0199,6063
0.337,1683
-0.102,8451
0.0124,4642
-0.0121,5040
-0.0837,7350
0.0998,1132
-0.187,7528
-0.126,8321
-0.0165,5603
0.188,835
0.291,229
-0.132,8313
-0.134,7583
-0.11,9034
0.102,1936
-0.163,7403
-0.0461,6826
-0.0731,7833
0.215,1565
0.22,1621
0.265,1538
0.0289,4516
0.199,75
-0.0652,7261
0.199,1784
0.113,2937
-0.155,8896
-0.102,7606
-0.0522,7033
0.0174,4341
-0.0372,6906
0.31,632
0.171,3052
-0.0343,5918
-0.167,9482
-0.0428,7624
-0.0939,7922
0.0352,4262
0.238,1096
-0.0314,6125
-0.192,10290
0.0964,2255
0.00604,4868
-0.0534,6498
-0.0796,6580
0.00454,5186
-0.0223,6002
0.384,10
0.295,1113
-0.063,7606
-0.409,10327
0.117,2321
-0.0523,6499
-0.024,5848
-0.158,9027
0.0766,1835
0.247,317
-0.102,9718
0.119,2237
0.123,1242
0.0915,2935
-0.129,10095
0.124,1312
-0.334,10237
0.0421,3232
0.111,2229
-0.00739,5573
-0.136,9705
-0.0949,8153
-0.325,10355
-0.0236,5862
0.0364,3753
-0.0693,6973
-0.0968,7322
-0.0227,5733
0.079,2976
-0.0768,6714
0.277,398
-0.293,10238
-0.268,9794
-0.0335,5238
0.216,3435
0.192,236
0.122,1154
-0.0784,8103
-0.0534,5962
0.142,1137
0.208,1874
0.0246,3910
0.0251,3966
-0.00789,5287
0.251,709
-0.105,5996
0.275,1063
0.0194,4269
-0.161,9989
-0.0759,7086
-0.0808,7934
-0.0121,5211
-0.0435,6127
-0.0291,5819
0.0126,4561
-0.151,9379
0.0404,4106
0.101,2457
0.231,180
0.0734,3423
-0.0328,5733
0.0185,4603
-0.198,8412
-0.205,6292
0.401,1116
0.0377,3671
0.0778,1330
0.127,2374
0.0419,3983
-0.0888,8409
-0.148,7293
0.163,1371
0.0824,1695
0.0991,2914
-0.0632,7262
-0.119,8216
-0.254,8400
-0.117,6871
0.0476,3819
-0.134,7688
0.408,522
-0.181,10011
0.0597,3281
0.0396,2701
-0.0728,8207
-0.261,9670
0.219,468
0.269,629
0.216,436
-0.0435,7767
0.0102,4470
0.217,332
-0.0671,6972
0.317,664
-0.277,10421
-0.155,9629
-0.0288,6526
0.218,193
0.0132,4820
-0.0332,7113
-0.16,6727
-0.0103,5441
-0.121,8916
0.18,2002
-0.298,8968
0.0633,3012
0.0589,3791
0.0041,4866
0.0894,995
0.0168,4643
-0.146,9597
-0.194,9646
-0.0951,8232
0.217,521
0.156,1447
0.207,127
-0.0489,6514
0.0099,4406
0.199,239
-0.000287,4863
0.0194,4214
0.126,1363
-0.149,8338
0.0736,3585
3.53,12
0.0267,3792
-0.0174,5688
0.0718,2605
0.185,754
0.12,2788
-0.0264,5826
0.0889,2480
0.149,680
0.0162,4503
-0.0886,7635
-0.306,9275
-0.098,7398
0.0927,1250
0.319,47
-0.0514,6562
-0.0489,6919
0.0633,3916
0.121,1133
-0.0679,7838
0.45,44
0.118,1428
0.0386,4290
0.0195,4369
-0.0528,6419
-0.149,8975
-0.0632,7214
-0.351,10279
-0.0424,5804
0.091,2556
-0.528,9515
0.0762,2202
-0.0641,7902
-0.284,10023
-0.364,7498
0.252,316
0.725,645
-0.125,7973
0.0402,3593
-0.145,6856
-0.354,10368
0.0406,4407
-0.0945,6996
0.00586,4731
-0.141,9048
0.231,1619
0.119,3059
-0.226,9380
-0.139,9497
0.104,947
0.0677,1680
-0.302,9924
-0.319,9718
0.164,1474
0.0777,3167
0.81,194
-0.0653,8657
-0.121,7984
-0.0732,7422
0.741,13
0.0511,3401
-0.359,9546
0.017,4326
-0.196,10172
-0.0991,6517
-0.368,7621
-0.0347,5982
0.142,1274
0.0698,3286
0.0241,4492
-0.0442,6114
-0.0357,5608
0.298,1302
0.0252,3978
0.12,1427
-0.124,8026
0.0606,3452
0.166,1469
0.121,1538
0.11,1688
-0.0295,6332
0.106,2224
0.129,1824
-0.255,7432
-0.311,10241
-0.131,9721
-0.0286,6170
-0.00691,5168
0.119,1849
-0.0347,5870
0.0399,3662
-0.0584,7515
0.484,853
-0.0625,6840
-0.186,8229
-0.119,7956
0.129,2058
-0.18,9481
-0.238,10147
-0.12,7318
0.107,503
-0.165,8735
-0.00963,5428
-0.245,10251
0.0801,1620
-0.188,9153
-0.148,9981
0.111,2661
0.134,2102
0.124,1272
0.0249,3882
0.229,779
0.0376,4045
0.0618,3324
-0.124,8407
-0.0478,6019
0.0454,3337
-0.226,8539
0.0884,3551
-0.103,8306
0.0223,4774
0.217,742
0.0972,1260
0.158,1848
-0.086,6422
-0.0965,8403
0.475,555
-0.202,9878
-0.0909,9042
0.0555,3045
-0.0951,5636
0.164,1984
-0.0682,6356
0.0193,3658
-0.174,9805
0.0707,3095
-0.12,8049
0.115,2685
-0.165,9068
0.0107,4642
-0.138,8789
-0.191,9668
-0.00247,5173
0.228,1018
0.15,1660
0.00567,5025
-0.131,8102
-0.407,10217
-0.346,7730
-0.402,8684
3.66,58
0.281,156
-0.0834,8840
0.102,2189
-0.265,9685
-0.00451,5322
-0.111,7902
-0.0193,5652
0.144,2994
-0.19,10414
0.00766,4960
-0.0573,7922
0.0198,4366
0.0461,3915
-0.0954,9048
-0.088,7089
-0.0855,7407
0.083,2364
-0.344,8552
-0.108,8660
0.0484,3829
-0.151,5841
0.259,1115
0.261,334
0.626,63
-0.00119,5176
0.0263,4501
-0.401,9599
-0.283,10348
-0.0609,6256
-0.0197,5963
0.172,100
-0.0315,6537
0.0904,2572
-0.275,9889
-0.0932,5500
0.0191,4204
0.0204,4266
0.00524,4973
0.0182,4784
0.027,4276
-0.278,6044
0.0292,4534
-0.0959,8746
-0.13,8354
-0.131,7444
-0.0376,6883
-0.378,10138
0.231,1642
0.167,1398
-0.172,9174
0.0253,4433
-0.0615,6439
0.213,1022
0.241,1041
-0.0273,6545
-0.0172,6046
-0.125,9005
-0.139,9828
-0.116,8179
-0.00757,5286
0.0712,2974
0.195,1825
-0.121,8623
-0.00614,5302
-0.0196,5599
-0.0155,5513
0.033,3602
0.0459,3913
0.175,2144
0.115,2302
-0.214,9077
-0.271,8316
0.038,3827
-0.0365,7385
-0.0483,6928
-0.0488,7422
-0.0272,5744
0.0273,3909
-0.133,9196
0.067,2868
-0.659,10070
-0.00475,4950
-0.0114,5469
-0.169,5374
0.102,2540
0.0105,4285
0.12,1552
-0.146,9484
0.0683,3565
-0.0879,8541
0.095,2253
-0.111,7905
0.199,1382
-0.0918,8268
-0.12,8226
-0.0386,7116
0.115,1690
0.0793,1597
0.359,358
-0.264,10241
0.349,103
-0.0846,7576
-0.302,9832
0.131,2035
-0.0243,5669
-0.0488,5303
-0.152,8099
-0.0845,7071
-0.0628,8234
0.0874,2454
0.0681,2757
0.0686,4044
-0.00259,5220
-0.254,8822
-0.0619,7906
0.107,1938
0.226,1309
-0.0425,6295
-0.044,6986
-0.0326,5172
0.00473,4800
0.126,285
0.133,2180
0.12,2972
0.347,560
0.0266,4571
0.119,1724
-0.241,9674
-0.0481,5913
-0.15,8572
0.888,1474
-0.377,10044
-0.0192,5515
-0.0482,7078
0.106,2703
-0.163,9196
-0.0714,7274
0.0177,4832
-0.14,9796
0.0196,3797
-0.109,7326
-0.0855,8059
0.0658,3200
-0.102,6967
-0.0473,6911
0.255,196
0.0136,4459
-0.0203,5585
-0.0445,7052
-0.1,8876
0.0839,2737
0.0339,3661
0.202,1493
-0.258,9774
-0.0095,5470
0.162,2439
0.00584,4656
0.0116,4553
0.114,2909
-0.00332,5344
-0.293,8316
-0.0498,6378
-0.0749,8008
-0.096,8848
0.52,1570
-0.177,8031
-0.324,9103
0.101,1016
-0.00924,5518
0.0873,2749
0.0337,3945
0.0162,4575
0.11,2759
0.0245,4361
-0.0478,6018
0.0211,4134
0.0865,2892
0.0161,4682
-0.219,9694
-0.0904,6753
0.1,2593
0.55,1538
-0.316,9714
0.365,484
-0.0569,6088
0.0737,3777
-0.288,8472
0.706,618
-0.015,5280
-0.195,7190
0.0324,4201
0.0618,1786
-0.0409,7302
0.118,1916
0.0309,4225
0.00539,4841
0.228,488
-0.0307,6256
-0.0993,7712
-0.288,8503
-0.0377,5876
0.199,766
-0.0635,7378
0.081,3387
0.574,182
0.172,1267
0.112,1306
-0.148,8263
0.0345,3621
-0.169,9769
-0.0785,10288
0.242,1155
0.258,940
-0.124,7829
0.161,1517
-0.0902,8813
-0.00656,5576
0.3,301
0.0401,3341
-0.0333,5983
-0.128,7716
-0.0196,6216
0.256,199
2.6,296
-0.16,9170
-0.416,10421
-0.186,10065
-0.0934,7628
0.125,1661
0.143,1551
0.0853,2854
0.176,2520
-0.704,10432
0.0282,3658
-0.164,9113
0.132,1100
-0.0427,5664
-0.133,7402
0.11,3086
-0.186,8859
-0.0785,7325
-0.223,10107
0.105,2960
0.0788,2206
-0.185,9009
-0.0671,7428
-0.0968,6706
-0.0124,5290
-0.235,9572
0.326,285
-0.227,9832
-0.0465,6396
0.267,42
-0.145,8730
-0.0811,6538
0.0854,2417
-0.0427,6241
0.0641,2418
-0.114,8863
-0.0596,7496
0.0312,4179
-0.311,9540
-0.437,10372
-0.0856,8610
-0.0355,6712
-0.19,9235
0.183,1716
0.175,1351
-0.186,7772
0.0964,2073
-0.044,6499
-0.121,9116
-0.0564,6744
0.117,1218
-0.219,10160
0.217,529
-0.32,10124
0.229,1718
-0.106,7697
0.0249,4376
-0.214,8286
-0.0184,5710
-0.032,5810
-0.367,10138
0.167,722
-0.0438,5708
-0.0503,5530
0.0566,3068
0.0313,4146
0.122,2311
0.158,1292
-0.11,8757
0.14,2579
-0.0948,8205
-0.118,9616
-0.544,7493
0.037,3999
0.00741,4682
0.0323,4206
0.0457,3469
0.0895,2859
0.082,2849
0.141,2680
0.107,1451
0.015,4424
0.0128,4496
0.017,4278
-0.121,9268
0.0671,2405
-0.297,9891
-0.252,8843
-0.0261,6163
0.0187,4207
0.0401,3896
-0.114,7854
0.0777,3606
0.261,3
-0.1,9019
-0.0833,8088
-0.0864,5693
-0.0024,5442
0.0608,1770
-0.08,8800
-0.0425,6553
-0.445,9382
-0.06,6521
0.0238,3180
-0.0518,8996
-0.304,6365
-0.27,5443
0.00658,4958
-0.056,7303
-0.212,9022
0.0921,2468
0.0215,4501
0.207,1474
0.0195,4591
0.125,1647
0.0948,2437
-0.187,8382
-0.153,8806
-0.0517,6728
0.0942,2626
-0.0774,8951
0.00626,4892
-0.268,9737
0.4,1034
-0.0204,5415
-0.0904,7153
-0.36,10176
-0.182,10386
-0.0946,8189
0.177,1538
-0.453,9762
0.0481,4137
0.0415,3731
0.238,979
0.0256,3910
0.0474,3590
-0.0823,7217
0.127,2513
-0.162,9579
-0.0489,7297
-0.0732,7555
-0.0289,6041
-0.0841,8405
0.0955,3445
-0.0677,8459
0.226,282
-0.192,9511
-0.0566,6817
0.0299,4278
0.146,1299
-0.019,6199
0.153,1106
0.0989,2459
0.0433,4078
0.173,658
0.0179,4421
-0.0384,6018
0.0846,884
0.119,1850
0.167,948
-0.0765,6484
-0.0885,8778
-0.13,10211
-0.0672,8323
-0.0733,7581
-0.529,9699
-0.0151,5705
-0.0146,5371
-0.0329,6983
-0.00335,5287
-0.186,9683
0.0036,4981
0.0887,2629
-0.00359,5227
-0.192,8395
0.0244,3960
-0.0375,5560
0.115,1146
-0.184,8279
0.284,2317
0.346,10
0.0351,4133
0.0329,3841
-0.113,8119
-0.155,9051
0.00854,4928
-0.254,10301
0.0508,2688
-0.084,7963
-0.137,8578
0.0415,3748
0.0503,3603
-0.0172,6094
0.0612,2519
0.151,1378
0.0418,4300
-0.00176,5012
-0.103,9034
0.169,950
-0.0372,6353
0.114,2109
0.204,2288
0.221,1601
-0.187,9732
-0.0185,5529
-0.155,5379
0.514,1779
0.223,993
0.234,2778
0.0417,3159
0.0703,3480
-0.158,7769
-0.0702,7150
0.0266,3630
0.089,2774
-0.0106,5240
-0.0591,5566
-0.132,8978
-0.043,5976
-0.0118,5614
0.0432,3405
0.000864,5119
0.257,1673
-0.0237,5675
-0.0945,9236
0.19,572
0.121,1483
0.0104,4683
-0.0563,5561
-0.311,10236
0.0618,3366
0.242,414
0.253,453
-0.071,7696
-0.199,9505
-0.128,8038
-0.0934,6747
-0.0279,5615
0.158,1266
-0.241,5106
-0.146,9109
-0.0622,6472
0.268,1429
-0.161,10155
-0.0942,8191
0.0126,4409
0.0342,4011
0.0103,4495
0.0129,4685
0.158,2311
-0.101,6924
-0.0028,5183
-0.0953,7580
-0.0277,5085
0.00431,4725
0.169,379
0.239,300
-0.14,9166
-0.151,8566
-0.0854,5927
-0.0938,5557
0.00467,4907
-0.0264,6719
0.14,1488
-0.153,5660
-0.00779,5234
-0.0923,8687
0.0374,3501
0.139,2222
-0.0324,6386
-0.241,8138
-0.186,5859
0.0143,4361
-0.0751,8160
-0.0452,6555
0.212,678
0.0281,4442
-0.285,9115
0.00832,4425
0.109,2581
-0.109,8253
0.107,1712
-0.0241,5371
-0.236,10132
-0.121,9674
0.0877,1838
-0.112,9058
-0.253,10207
-0.11,7533
-0.266,9312
0.0846,2879
-0.0106,5470
0.191,1128
0.00694,4677
0.569,76
0.159,1839
0.219,376
0.06,3126
-0.0584,6255
-0.0591,6746
-0.239,10031
-0.0519,6576
0.177,643
-0.0161,5868
0.113,3108
-0.269,6534
0.13,3407
-0.184,7042
-0.173,10242
-0.0465,6983
-0.0927,7758
-0.0244,5692
-0.0958,8015
-0.299,9486
0.00707,4889
-0.198,9748
0.0726,3262
0.031,3875
-0.126,8233
-0.198,9762
-0.0142,5552
0.113,2427
-0.00102,5143
-0.0541,5922
0.342,258
-0.146,8538
0.152,450
0.0561,1789
-0.00833,5166
0.365,58
-0.000719,4918
-0.391,10174
-0.209,9874
0.101,3254
-0.0137,5406
0.225,235
-0.266,9549
0.0496,3061
-0.0232,6648
-0.347,8973
-0.00886,5311
0.25,1474
0.251,445
0.065,1916
-0.035,6744
-0.0235,5866
0.0904,2386
0.0183,4528
-0.388,9520
-0.154,9965
0.0118,4499
-0.0668,7839
0.293,727
-0.0411,4999
0.112,3317
0.117,2827
0.0637,2638
-0.267,10025
-0.0763,8505
-0.157,7945
-0.163,8542
0.076,2682
0.0969,945
-0.0259,5937
-0.0675,7054
-0.127,9053
0.116,1773
-0.0832,8805
-0.135,9644
-0.278,9075
0.176,1359
-0.381,10330
-0.123,7185
-0.0911,7473
0.222,1005
-0.237,6414
0.0849,3828
0.847,1368
-0.34,8788
-0.029,5818
-0.0109,5242
-0.0173,5360
0.0574,3116
-0.0887,6382
-0.181,6953
0.144,1373
1.09,22
-0.204,8601
0.00913,4770
0.255,735
0.429,584
-0.079,8486
0.0387,3632
-0.138,8865
5.95,13
-0.0924,7529
0.0726,2660
0.308,336
0.0775,3188
0.378,920
-0.169,8960
-0.354,8554
-0.26,9291
-0.00641,5377
-0.0632,8287
-0.128,8603
0.222,726
-0.0378,5234
0.0734,2717
-0.0336,6394
0.0331,3981
-0.0876,7597
-0.327,10150
0.0994,2293
0.0856,2379
0.0911,1653
0.051,2822
-0.151,9072
-0.137,8619
0.102,738
-0.202,9932
0.0303,3406
-0.0205,5636
0.193,1192
0.15,1562
0.0559,3498
0.242,674
0.0485,2455
-0.00259,5144
0.0789,2286
-0.118,8823
-0.256,7627
0.0977,3137
-0.071,8104
-0.309,10470
0.00516,4816
-0.0667,5998
0.0598,2567
0.672,163
-0.025,6587
-0.0778,9534
-0.0473,5515
-0.199,8845
0.294,599
-0.359,10377
-0.0164,5417
-0.104,9266
-0.0909,7955
-0.035,5908
-0.251,9176
0.105,1872
0.114,557
0.029,4522
0.107,3392
0.0539,3571
0.00221,4957
0.0182,4762
0.0189,4477
0.0783,2268
0.258,1125
-0.335,9227
-0.202,8886
0.213,657
-0.129,10314
-0.0392,6207
0.0454,3605
-0.428,9450
-0.178,9677
0.0122,4816
-0.136,9830
-0.0382,5319
0.214,1336
-0.0499,7154
0.117,1958
-0.0289,7234
0.0847,1999
-0.0063,4995
0.0894,2413
0.4,265
-0.101,6894
-0.0151,6017
-0.0724,6929
-0.359,9380
-0.338,7567
-0.225,9346
-0.78,9698
0.109,3255
-0.126,8347
-0.0394,6530
0.0402,3871
0.0828,1888
-0.166,10041
-0.0236,5904
-0.125,9541
-0.227,9309
0.218,516
0.0524,2999
-0.131,8634
0.433,140
0.0206,4642
0.0701,3049
0.0483,2367
-0.0687,8538
0.00816,4835
-0.0954,7493
-0.129,7944
-0.035,6524
-0.154,9572
-0.162,8899
0.158,1503
-0.211,8738
0.0514,3761
0.206,1460
-0.064,7703
0.15,1220
-0.211,9853
0.193,830
-0.126,7646
-0.0113,5514
0.0294,4090
0.0823,3310
0.426,43
-0.0562,6429
0.0698,3650
-0.297,9823
-0.0284,5856
-0.0349,7178
0.299,770
-0.102,9271
0.0622,3335
-0.0956,6519
0.0524,2985
0.0587,2471
-0.0162,5460
0.197,1723
-0.211,7496
-0.0205,5114
0.0183,4211
-0.116,9034
0.022,3662
0.0095,4817
0.146,2551
-0.207,8896
-0.0853,7642
0.00508,4757
0.128,1139
-0.046,6771
0.204,750
0.073,2191
-0.0917,7866
-0.0623,7095
0.162,1009
-0.135,9166
-0.176,9644
-0.0105,5685
-0.0616,8495
0.0637,2890
0.212,724
-0.0894,7582
0.147,1622
0.136,1171
0.15,2192
-0.233,10375
-0.169,9596
0.0362,4193
-0.253,8684
-0.119,8082
-0.12,7438
-0.109,8681
0.116,1586
-0.0119,5085
0.0576,3888
0.0341,3273
-0.0821,7109
-0.314,10369
-0.115,8716
-0.209,8975
0.0267,3962
0.539,730
-0.567,9963
-0.369,10391
0.0014,4644
0.141,2444
-0.0327,6065
-0.0323,6120
0.0203,4421
-0.0802,7536
-0.167,9005
-0.15,8328
-0.0662,6834
-0.0981,7550
0.207,706
-0.212,10193
0.00597,4999
0.256,228
-0.0548,6744
-0.177,10045
-0.048,7344
-0.204,7996
0.279,1047
0.0595,3175
0.33,396
-0.0122,5770
-0.0758,7173
-0.224,10143
0.00529,4930
0.0431,3659
-0.202,9624
-0.21,9206
-0.0446,6742
0.141,416
0.396,51
-0.00646,5198
-0.118,8162
-0.0543,6150
-0.0893,7865
-0.0859,6700
-0.0528,6783
-0.191,8393
-0.285,7640
-0.178,10248
-0.0537,8311
0.0968,2440
0.0512,3658
-0.0982,8560
0.241,2434
-0.0107,5849
-0.0657,7903
0.361,269
-0.0465,6164
0.256,1862
0.134,1877
0.0812,2861
0.0291,4176
-0.0772,6714
-0.106,7819
0.0273,4354
0.0816,3958
0.0296,4134
0.0744,2667
0.0958,2871
-0.313,9911
0.0304,4283
-0.154,7555
0.0513,2455
0.0449,3367
0.0586,3040
0.12,1660
0.0288,3973
0.297,1561
0.0988,1577
-0.137,8001
0.677,870
0.161,906
0.0965,2418
0.00115,5080
0.116,975
-0.103,9577
0.0763,3143
0.126,1299
0.117,2275
-0.0572,6650
0.0503,2570
-0.0568,8175
0.0794,2338
-0.209,9901
0.189,1371
-0.233,9716
-0.0345,6032
-0.073,8282
0.0408,3672
-0.223,8789
0.0205,4372
-0.158,9062
-0.115,9664
0.0723,2724
-0.102,7233
-0.0855,7748
0.00126,5126
-0.055,6200
-0.00755,5878
-0.15,9761
-0.0325,5647
-0.079,6921
-0.206,7330
-0.254,9741
-0.0541,7203
-0.0598,8396
-0.0735,8057
0.0904,2767
-0.185,6723
-0.0242,5575
0.141,452
-0.0358,7103
-0.127,6465
-0.00958,5536
-0.0519,6538
-0.108,7184
-0.202,10206
-0.0512,6905
0.0183,4670
0.601,101
-0.118,8259
0.247,1355
-0.0983,8548
0.0138,4673
0.00642,4841
-0.0987,7549
-0.0644,7757
0.856,307
0.114,905
-0.0285,7847
-0.451,10434
-0.0923,7974
0.614,749
0.102,2485
0.0805,1646
0.0965,1876
-0.0332,5713
-0.0341,5512
-0.0973,6743
-0.116,6585
0.00993,4745
-0.048,6062
-0.0276,6078
0.159,742
0.129,1199
-0.102,7117
-0.028,6333
0.0183,4644
-0.0293,5717
-0.0891,8248
0.221,2932
0.343,1459
-0.0403,6397
-0.12,8605
-0.00366,5327
0.187,2316
-0.105,7973
-0.0983,6441
-0.112,8371
-0.0723,7445
-0.27,10075
-0.201,6346
-0.000999,5087
0.378,1156
0.0499,2262
0.103,2377
-0.124,8595
-0.307,10133
-0.0607,7434
-0.0478,5496
-0.0274,6224
-0.135,7585
0.227,822
0.378,196
-0.18,9674
0.47,209
0.0701,2095
0.322,451
0.348,68
-0.0596,6633
0.244,1819
0.155,1837
-0.0291,6616
-0.0586,7307
-0.23,9797
-0.157,9595
0.12,2817
0.000876,4953
0.135,809
-0.194,9682
0.0755,3654
0.0473,3983
-0.00627,5427
-0.0736,6241
0.0975,1499
0.115,363
-0.0668,7996
0.0162,4289
0.0865,2489
-0.0524,6603
0.0581,3822
0.11,1128
-0.044,7079
0.257,1303
-0.122,7853
-0.226,8027
-0.0829,5814
0.046,2307
0.0163,4043
-0.221,9310
-0.028,6302
-0.118,7628
-0.00242,5058
0.0669,2159
-0.0716,9561
0.0107,4749
0.94,1319
-0.382,5940
0.248,1528
0.888,169
0.0892,1548
-0.202,9519
0.0803,3237
0.0322,3897
0.0244,3535
0.0165,4195
0.191,619
-0.187,8933
0.106,2754
0.163,1123
0.0366,3868
-0.0879,8760
-0.0741,7252
-0.16,8378
0.132,2753
0.0497,3866
-0.0848,7678
-0.252,8311
0.241,1303
-0.183,9677
0.328,496
-0.353,8754
-0.0803,7121
0.0867,2074
-0.115,8979
-0.0246,3936
0.599,946
0.0636,4324
-0.0987,7052
0.055,2704
0.0168,4434
-0.488,7876
0.205,2756
-1.32,10237
0.22,2508
0.291,170
-0.626,7819
0.0288,4508
-0.0936,5181
-0.146,9235
-0.292,5799
-0.118,8385
0.3,73
0.0123,4784
-0.0964,7793
-0.0697,8123
-0.0206,6068
-0.245,9610
-0.145,8456
0.0435,2705
0.0871,3784
-0.134,8429
0.0846,2727
0.00145,4994
-0.176,8350
0.168,324
0.127,1395
-0.353,10256
-0.124,7580
0.0865,1880
-0.0539,6942
-0.0768,7557
-0.137,8916
0.0142,4161
-0.0722,8195
0.259,1200
0.0371,4301
0.145,3057
-0.103,7727
-0.0231,5710
0.00768,4610
0.476,1449
-0.355,8519
0.0599,4004
-0.015,5409
0.0394,3871
-0.24,10097
-0.0827,7537
0.0428,3779
-0.108,8025
-0.0431,6543
-0.151,10242
-0.208,10172
-0.163,8716
-0.151,8359
-0.00202,5005
-0.00761,5112
0.0607,2053
0.0429,2804
1.09,67
0.101,3771
-0.279,6428
0.0108,4716
-0.111,6959
-0.155,8865
-0.262,9868
0.345,196
-0.188,10052
-0.00237,5217
0.0117,4662
0.325,1198
0.0928,2267
-0.596,8380
-0.147,7739
-0.118,9480
-0.0112,5459
0.017,4701
-0.151,9445
0.199,1974
0.0858,3220
-0.16,10298
-0.0512,6520
0.26,593
-0.178,9234
0.118,1995
-0.0804,7845
-0.00792,5214
0.247,200
-0.307,9243
0.304,788
-0.00371,5258
-0.235,8499
0.0134,4497
0.22,1253
-0.253,8032
0.178,716
-0.108,6811
-0.0935,8873
-0.0202,5301
-0.0206,5468
-0.154,8306
0.0744,2546
0.199,1006
0.0764,2002
0.068,3026
-0.0442,7885
-0.0385,5996
-0.252,10084
0.176,1556
-0.0265,5078
0.0181,4262
0.0122,4463
0.541,16
-0.029,6436
-0.374,8248
-0.0642,6044
-0.104,8248
0.0236,3353
-0.107,4936
-0.389,9811
0.547,1062
0.586,589
0.0535,4117
0.157,3307
0.103,2658
-0.139,8522
-0.119,9015
-0.161,9112
0.0205,3778
-0.0315,6798
0.0388,3760
0.00761,4809
0.167,2365
0.0311,4129
-0.175,7666
0.00653,4829
0.0311,3988
-0.208,9242
-0.098,8154
-0.18,8910
0.017,4363
0.0139,4848
-0.0449,6477
0.197,1670
-0.216,9416
-0.0744,6292
-0.0991,8563
0.0927,2931
0.0429,3895
-0.138,9548
-0.0311,5159
-0.0308,6046
-0.0689,6152
0.0222,4045
-0.0932,8409
0.206,906
-0.00948,4990
-0.11,6262
-0.0428,6579
-0.0617,6844
0.181,226
0.21,765
0.0393,4186
0.114,1418
0.0298,3837
-0.00582,5347
-0.297,9654
-0.122,8011
-0.166,8257
-0.267,9872
0.0208,4153
0.055,3610
0.00824,4839
-0.0053,5335
0.161,2061
-0.0734,7240
0.0721,3041
0.19,386
0.0767,3617
-0.213,9461
-0.206,9155
0.0341,4031
0.179,1152
0.0136,4544
0.474,32
0.385,757
-0.195,7385
0.116,2025
0.132,2528
0.086,2703
-0.081,8858
0.0797,3569
-0.0826,8678
0.0702,3179
-0.101,8118
0.179,1077
0.142,2355
-0.138,6734
-0.279,9820
-0.00453,5404
-0.0116,5495
1.54,131
-0.0837,6561
0.161,2742
-0.00838,5233
-0.136,9057
0.0301,3231
-0.0346,7035
0.0434,3574
0.0727,3526
-0.0629,7229
0.0818,2001
-0.187,9843
0.341,233
0.0334,3908
-0.121,7296
0.074,2190
0.129,1511
0.156,420
0.324,781
0.121,840
-0.102,6935
-0.0544,5764
-0.0407,5643
0.017,4225
-0.00177,5090
0.123,1865
-0.0177,5468
0.219,1873
-0.196,9974
0.00159,5100
-0.17,9477
0.0405,3937
0.0669,2298
-0.00552,5132
-0.094,8928
-0.0121,5944
0.168,647
0.161,1481
-0.32,9306
-0.451,9814
0.105,1807
0.0902,1303
-0.0455,6036
0.122,1919
-0.125,7828
0.155,3319
-0.0959,7675
0.173,984
0.0295,4521
0.012,4619
-0.2,8077
-0.0813,8054
-0.218,9868
0.0789,2701
0.224,1096
-0.156,9134
-0.0651,6205
-0.413,9561
-0.0902,8373
0.00369,4726
0.0593,3008
-0.0293,5331
0.203,365
0.067,3443
-0.0805,8627
0.0378,3396
-0.333,8871
0.126,1275
0.0937,3765
-0.167,8744
0.031,4182
0.00193,4738
-0.0409,6574
-0.127,9373
-0.0185,5542
-0.0958,9088
-0.0715,8480
-0.0427,7284
0.0021,4780
-0.0709,7127
0.183,914
0.209,663
0.362,2378
-0.132,9949
-0.0257,5837
-0.0174,5598
-0.0835,6951
0.0271,4017
-0.0129,5784
0.122,2557
0.267,1689
0.123,2008
-0.0883,8026
-0.0844,6609
0.00692,5066
-0.108,8251
-0.11,9624
-0.00244,5252
0.0673,2721
2.78,205
-0.0863,10263
-0.0661,7765
-0.0371,6726
0.132,1644
-0.0109,5236
0.101,2154
0.0334,3979
-0.127,9666
-0.164,9811
-0.195,9216
0.000925,5023
-0.0153,4827
-0.116,7787
-0.0346,6262
-0.0131,4682
0.0527,3398
0.366,721
0.109,2384
-0.0512,7250
0.0718,2683
-0.148,9522
0.236,791
0.0687,3675
0.0099,4472
0.325,677
0.233,860
0.0677,2680
-0.299,10231
0.261,182
-0.00522,5633
-0.0153,5909
-0.246,9856
0.158,1803
0.227,1859
0.579,105
0.00881,4551
0.092,1158
0.0449,3461
-0.157,9440
0.329,209
0.432,1531
-0.365,10304
-0.0189,6241
-0.0848,7440
0.0457,3910
-0.143,8135
-0.192,6289
-0.157,9018
-0.13,9549
0.0156,4302
0.178,2598
-0.136,7963
0.738,726
0.0995,3121
0.148,1584
0.102,3271
-0.246,10302
0.259,1004
-0.15,9794
-0.108,6563
-0.0476,8017
-0.119,9711
0.0696,3194
-0.0371,6021
-0.222,9311
0.261,1595
0.0381,3622
-0.125,9381
0.165,385
0.0193,3985
0.235,1145
-0.211,10008
-0.00836,6278
0.042,4005
0.0816,3623
-0.135,8400
0.018,4346
-0.257,10063
-0.318,10398
0.06,367
0.0623,3440
0.262,876
0.32,1027
-0.0145,5304
-0.0444,7652
0.197,1505
-0.426,10017
0.0351,4112
-0.332,10234
0.0466,3338
0.00261,4958
-0.0598,6839
-0.147,8938
-0.177,9291
0.157,1736
-0.0231,5901
-0.131,10150
0.0152,4028
-0.206,8460
0.291,69
-0.167,6953
0.155,1211
0.221,170
0.0511,3341
-0.161,9852
-0.304,9994
0.0637,2853
0.195,1807
0.00581,4734
0.0948,2119
-0.0418,6063
0.158,1635
0.0479,3830
0.0127,4594
0.0989,1275
0.0282,4032
0.0266,4079
-0.232,9568
0.188,166
0.135,1203
0.0849,1287
0.122,1329
0.189,1616
-0.0998,8762
0.261,2371
0.129,2210
0.245,334
0.0411,2510
0.0344,4200
0.0701,3312
0.044,3808
0.289,362
-0.0483,6308
-0.105,8404
0.102,2973
-0.329,9033
0.0236,4361
0.156,1879
-0.043,6978
0.0474,3569
-0.395,6526
0.038,3990
-0.128,8608
-0.0434,5942
0.00345,4995
-0.00431,5214
0.101,3060
0.094,2550
-0.0401,6575
-0.0402,6248
-0.0304,6864
0.0969,2130
-0.152,8370
0.344,676
-0.0069,5336
0.161,1291
0.021,3931
-0.00681,5172
-0.0393,5946
0.19,1808
-0.0244,6038
-0.389,10305
-0.0272,6219
-0.135,9465
-0.0798,6276
-0.31,9620
-0.182,5103
-0.0405,5667
0.0616,2937
0.182,1021
-0.259,9561
0.156,2135
0.0976,1722
0.0516,3909
0.0614,2619
0.119,1286
-0.25,8747
-0.317,9860
-0.0398,7252
0.271,1748
-0.0789,6877
-0.0289,6261
-0.27,7961
-0.258,10367
-0.516,7831
-0.216,7811
0.184,218
-0.222,4424
-0.0582,6457
-0.374,9368
0.0326,3631
-0.0651,7609
0.0291,4052
0.00243,4866
0.0116,4799
-0.111,4872
-0.174,7697
0.175,2098
-0.209,9097
-0.3,10193
0.131,2539
0.187,2870
0.15,1713
-0.0393,7310
0.374,295
-0.0766,6190
-0.407,8278
0.652,449
0.0172,4436
0.233,733
-0.0337,6428
0.0236,4573
0.205,865
-0.189,6903
-0.267,8069
-0.0537,7639
0.044,3590
0.016,4612
0.0807,1749
-0.375,8343
0.103,2347
0.0367,3078
0.157,1165
-0.453,8138
-0.0717,6815
-0.284,7627
-0.291,9653
0.127,1580
-0.0029,5183
-0.031,5800
-0.148,9647
-0.324,7166
0.0994,2064
-0.05,6490
0.0558,2195
-0.123,7226
0.0257,4506
0.0613,3736
-0.056,6911
0.101,2186
-0.119,9600
-0.0266,5245
0.112,2649
0.837,39
-0.0307,5294
-0.106,9667
-0.0295,6430
0.0398,3675
-0.0196,4527
-0.196,8861
-0.238,10190
-0.126,9086
0.0723,1332
0.0318,4278
-0.00898,5346
-0.0177,5764
-0.249,9485
0.0492,4028
0.212,218
-0.0016,4912
0.116,2111
0.0632,3489
0.328,500
0.0226,4581
-0.158,9227
0.227,570
0.0124,4426
0.108,2773
0.0317,4274
0.0549,2586
0.0764,3442
-0.0759,7048
-0.0421,5987
-0.168,7053
-0.111,7773
0.0132,4709
0.0206,4731
-0.0858,7538
0.308,665
-0.107,7917
-0.36,7490
0.0987,2082
0.367,541
-0.0637,6361
-0.166,7611
0.0315,4519
0.044,3548
0.0699,2947
-0.014,5929
-0.028,6381
0.186,846
-0.0902,6985
-0.115,7648
0.087,1485
-0.169,10040
0.153,1778
-0.0886,8736
0.117,3306
0.193,1175
-0.0155,5951
-0.181,10140
0.0886,2529
0.0796,3127
0.182,2082
-0.015,5501
0.112,1363
0.139,1409
-0.0808,8205
0.226,541
0.0222,4433
0.884,50
0.0481,3612
0.0292,3523
-0.153,6451
-0.181,7410
0.0179,4332
0.171,901
-0.052,6829
0.118,2734
0.113,2424
-0.0347,6793
-0.176,9343
-0.0333,6872
0.0507,2593
0.0406,2491
0.0453,2425
0.0717,2285
-0.0645,8012
0.0766,2117
0.0823,3072
0.0596,3426
-0.134,9312
-0.159,9506
0.386,42
0.0707,3188
0.12,1846
-0.041,7506
0.631,407
-0.28,10306
0.0243,4056
0.101,2522
-0.258,8188
0.177,1665
0.182,1051
-0.062,7155
0.152,989
-0.491,8086
0.198,415
-0.137,7721
0.111,1609
-0.0126,5780
0.152,3124
0.216,583
0.0211,4355
0.117,2410
-0.0274,5613
0.0833,2441
0.0363,4048
-0.141,8457
0.187,1038
0.0485,2345
-0.0667,6803
0.0522,4166
0.216,2429
0.685,605
0.0373,3824
-0.00609,5047
0.065,3300
0.00422,4751
-0.0997,6362
-0.354,8987
-0.111,8781
0.131,1343
-0.0373,7358
-0.162,7519
0.108,1838
-0.0258,5646
0.119,793
0.0486,2493
0.471,441
-0.103,8505
0.131,2014
-0.306,10456
-0.102,9337
-0.108,7010
0.183,2547
-0.14,9605
-0.153,8166
-0.0467,6914
-0.0049,5435
0.035,4185
0.29,560
0.0832,3232
-0.266,9309
-0.412,9191
0.0378,3305
0.103,1105
-0.17,9537
0.058,3577
0.138,2638
-0.0169,4922
0.0631,2667
-0.0831,7415
0.0502,3559
-0.00579,5173
0.0513,3221
0.0303,3990
0.2,588
0.0322,4127
-0.0622,6841
0.269,428
0.712,81
0.0661,3888
0.00459,4944
0.083,1237
0.167,797
0.269,1038
0.206,1079
0.634,1506
-0.16,9926
0.19,732
-0.0484,6360
-0.198,7852
-0.391,10070
-0.12,7057
-0.045,8777
-0.139,9274
-0.151,9312
-0.206,9460
-0.00665,5535
-0.211,10452
-0.085,8166
0.0268,3992
-0.171,8075
0.207,1411
0.948,15
0.103,3340
-0.0665,7844
-0.126,9572
-0.298,9737
-0.0988,8029
0.211,1651
-0.304,10051
0.0585,2917
0.239,197
-0.0455,6083
-0.0202,5481
0.115,2443
0.0244,4113
0.182,1265
-0.101,7927
-0.0615,5836
-0.343,7994
0.128,2904
-0.012,5732
0.0723,2287
0.113,2248
0.0853,3034
0.144,2597
-0.11,8493
-0.0939,8332
-0.2,9637
0.281,1231
0.0628,3534
-0.116,7585
0.057,3056
0.0252,3889
0.135,1077
-0.0886,7102
-0.0628,7243
-0.0745,7707
-0.327,7940
0.0803,1756
0.207,587
0.181,1034
0.149,1067
-0.184,9595
0.205,2498
-0.0702,6136
-0.0557,7049
-0.372,9278
-0.0543,6994
0.607,407
-0.115,7702
0.116,1186
0.0544,3580
0.137,1219
0.455,133
0.0939,3560
0.578,1348
-0.112,9027
-0.111,9356
0.321,341
0.215,2162
-0.0667,5360
-0.0346,6084
0.0409,2994
-0.104,9273
-0.118,8656
-0.226,9095
0.318,1865
-0.032,6185
0.351,118
-0.161,9020
-0.207,10207
-0.0345,5709
0.0126,4529
0.191,623
0.215,1258
0.275,341
0.0395,4041
-0.0211,6089
-0.0797,8169
-0.117,8256
-0.271,10278
-0.0209,5443
0.122,2283
0.188,1222
0.354,1213
-0.141,7668
-0.253,10411
-0.491,9845
-0.0535,6593
0.0405,3355
-0.109,7554
0.458,7
-0.00827,5683
-0.079,8738
0.147,2807
0.569,33
-0.00665,5077
0.0518,2633
-0.0215,5826
-0.145,8369
-0.317,10332
-0.448,8950
-0.166,5421
-0.0589,5914
0.0428,3930
0.274,1005
0.395,1472
0.0679,3319
0.172,1718
0.079,2064
-0.0345,7965
-0.248,9273
0.0612,3346
-0.882,10459
-0.0834,8218
0.16,956
0.0722,2317
-0.0561,6434
0.225,1376
0.0395,4160
-0.0166,5467
0.0775,1657
0.0647,2696
0.0208,4413
-0.0423,5823
0.0242,4245
-0.351,8770
-0.369,10169
0.11,1035
-0.00581,5230
-0.23,9804
0.00743,4588
0.0408,4037
0.193,233
-0.0192,6248
0.0488,2956
0.185,360
-0.134,9455
-0.0857,7352
-0.142,9725
-0.0962,7929
0.188,1185
0.245,1923
-0.0375,5047
-0.0103,5286
-0.0889,7801
-0.00241,5113
-0.192,9040
-0.222,8999
0.123,983
0.0832,3601
0.0852,2197
-0.019,5931
-0.0784,6674
-0.0979,9339
-0.209,8882
0.0635,4016
0.0301,3380
0.166,120
0.0519,3553
0.144,2060
-0.202,9097
-0.107,7509
-0.0268,7015
-0.0622,8177
-0.101,7881
0.228,1133
0.106,3692
-0.139,8351
-0.00338,5156
-0.0432,7312
0.642,1585
-0.21,7142
-0.178,9280
-0.184,6339
0.0714,2929
0.0348,3512
-0.219,6010
-0.0793,7823
0.0529,3870
-0.18,9372
0.0888,1499
-0.113,8261
-0.181,9154
-0.0894,9577
-0.458,10052
-0.0619,6651
-0.271,9956
0.0176,4198
-0.0601,6411
0.666,11
-0.0432,6226
0.498,679
0.04,3855
0.0019,4831
-0.207,9562
0.11,2807
0.226,849
-0.0994,6140
-0.125,9217
0.0608,2932
-0.0193,4469
-0.0908,3680
-0.0839,7909
-0.165,8357
-0.228,8945
-0.0797,6418
-0.145,7109
0.154,932
-0.0787,7761
0.071,3732
-0.127,7586
1.2,77
0.329,1648
-0.0418,7484
0.0864,1677
0.174,1618
-0.098,8165
0.068,2639
0.165,1187
0.00139,5074
0.104,1749
0.264,992
0.553,864
-0.0606,6233
-0.111,8231
0.00818,4654
-0.0317,6024
0.0126,4956
0.147,1659
0.0332,4214
-0.0942,7071
0.0209,4344
0.125,2658
-0.424,8523
0.0456,4037
0.224,721
-0.11,7352
-0.115,9375
-0.175,10267
-0.265,5040
-0.098,6872
-0.17,7904
-0.00771,5848
-0.167,10432
-0.0173,6128
-0.401,5992
0.965,498
-0.0302,5338
0.142,2440
-0.208,9075
-0.522,8017
0.285,2321
0.0703,2713
0.468,1509
-0.097,4053
-0.0468,5873
0.858,43
0.00307,4918
-0.00656,5444
0.0335,3690
1.05,173
-0.442,8224
0.157,3423
0.0742,3748
0.128,1316
-0.319,10033
-0.00704,5095
-0.151,8282
0.13,1427
0.178,1060
-0.132,7777
0.071,3015
-0.0909,7073
0.0472,2213
0.0463,2507
0.263,364
0.13,2032
-0.0358,6509
0.168,750
-0.121,7753
-0.0853,8600
0.142,375
-0.157,4179
0.239,2662
-0.24,8268
0.0884,3588
-0.101,7721
0.175,1619
0.437,2355
0.00898,4644
0.0264,4358
0.411,496
-0.026,6797
0.21,2153
-0.329,6518
-0.0377,5521
0.0613,1584
0.00746,4319
0.0351,4326
-0.00958,5338
-0.0999,7009
0.0636,3134
0.0188,4310
0.293,612
-0.207,9571
-0.0239,5421
-0.115,8358
0.0425,3896
0.0113,4817
-0.0942,9712
0.201,2247
-0.0364,5852
0.256,1863
-0.0643,8013
0.132,840
0.113,2353
-0.0259,5868
-0.116,8708
-0.383,10038
-0.0672,6522
-0.148,7115
-0.0349,6800
-0.0682,6257
-0.148,7544
0.271,495
-0.0893,8182
-0.144,10147
0.0469,3175
-0.108,5140
-0.239,8088
0.0937,1857
0.127,3156
0.11,863
-0.103,6716
-0.00395,4900
-0.0273,5583
-0.199,8853
-0.167,8597
0.227,334
0.0514,4148
-0.279,9433
0.0399,4358
0.0519,3721
-0.0463,8074
-0.0298,6783
0.0933,2772
0.493,1672
0.00481,5015
0.189,2161
-0.069,8647
-0.0206,5699
0.0634,2752
0.223,249
-0.149,6303
0.0859,2868
-0.21,10045
0.0531,3684
0.0299,3456
-0.142,9623
-0.115,9129
0.138,2360
0.483,150
-0.0771,8148
-0.092,8626
0.0827,2313
-0.146,9079
-0.0676,7010
-0.0966,7808
-0.0173,6048
0.233,324
0.00504,4920
0.0858,3010
0.0857,2932
0.0934,1920
-0.211,9879
-0.0512,7824
-0.073,7598
-0.108,8209
0.172,272
-0.0845,7472
0.114,1061
0.306,981
0.187,965
-0.0277,6744
0.0229,4239
0.0046,4993
0.0105,4750
-0.223,10127
0.101,3522
-0.463,10378
0.118,2738
-0.0272,6196
-0.133,9772
0.0808,2570
-0.0863,7851
0.0444,3743
-0.104,7289
0.264,130
0.0263,4225
-0.0123,4848
0.0827,2270
-0.0908,7329
0.184,675
-0.0885,7197
-0.013,5949
-0.0596,7208
-0.254,10186
-0.0147,5741
0.00807,4914
-0.2,10105
0.0111,4676
0.208,1872
0.128,3163
-0.0793,5657
0.0102,4855
0.312,906
-0.0724,7178
-0.169,8617
0.105,3125
0.025,4353
-0.0072,5015
0.0668,2425
-0.0689,7687
0.0181,4424
-0.0441,6791
0.0314,3910
0.00428,4955
-0.0364,6130
-0.05,6415
-0.557,7057
-0.0725,7737
0.029,4233
-0.0368,6692
0.118,2201
-0.116,7824
0.274,295
0.143,713
-0.0353,5912
0.108,2370
-0.00242,5464
0.00697,4504
0.329,283
0.00932,4676
0.169,1465
-0.0697,6141
0.0286,4203
0.014,4485
0.0635,3546
0.437,230
0.00481,4808
-0.182,9235
-0.0788,7818
0.304,204
-0.183,8907
0.00202,4956
1.22,233
-0.0932,6849
0.277,1186
-0.0664,8314
-0.0484,5698
1.39,628
-0.0967,7638
0.00617,4845
-0.00713,5532
-0.0507,8497
-0.0946,5959
-0.0603,8263
0.128,2050
-0.0422,6861
-0.0779,8587
-0.107,8640
0.0432,3768
-0.009,5096
-0.0852,8832
-0.089,7012
-0.0773,8069
0.0237,3788
0.0788,3103
0.0392,3771
0.0749,3862
0.103,1401
-0.175,8054
-0.145,9337
0.149,1840
-0.138,8909
-0.571,10187
0.334,739
-0.0896,8081
0.0385,3766
0.154,1495
-0.0417,6120
0.0921,3320
0.02,4664
0.0304,3806
-0.131,9869
0.052,3945
0.0664,3581
0.0421,3887
0.0711,2736
-0.00615,5600
-0.109,8563
-0.0152,5767
0.0747,3117
0.0124,4647
-0.0299,5522
-0.12,9150
0.202,667
-0.173,9482
-0.124,8943
0.112,3577
-0.571,10041
-0.0933,8204
-0.067,8092
-0.00269,5010
-0.0498,6611
0.377,587
-0.0291,5903
0.064,2964
0.00353,4900
-0.169,8167
-0.121,8001
0.512,336
-0.0665,7378
0.053,3245
0.133,1319
0.0274,4354
-0.196,9936
0.199,1881
-0.00196,4809
0.0161,4347
-0.00938,5488
0.218,1574
0.0876,2137
-0.248,10088
-0.125,8668
0.0367,3254
-0.0111,5676
0.233,711
0.0441,3213
-0.0087,5185
0.207,812
0.145,733
0.171,889
0.0962,1922
-0.0673,7685
-0.0618,6125
-0.0247,6126
-0.0101,5157
-0.0567,6355
0.0103,4644
0.0584,4062
-0.0828,6383
-0.0429,8061
-0.151,9796
0.076,2224
0.106,2425
0.553,1200
0.0369,3957
-0.0333,7035
0.171,362
-0.215,9626
0.0818,2176
0.11,1471
-0.344,9767
-0.154,9706
-0.156,8468
-0.13,8850
-0.0101,5221
-0.299,9590
-0.0374,5073
0.00891,4668
0.0167,4488
0.233,717
-0.11,8175
-0.0549,5800
0.0538,2966
0.173,343
0.108,1443
-0.0055,5209
-0.0607,6508
0.143,2426
-0.097,5700
-0.371,10382
0.587,20
0.4,1028
-0.0479,6512
0.0585,3625
-0.608,10292
0.153,2507
0.202,1328
-0.0132,4643
-0.0702,7318
-0.118,7671
0.0348,4390
-0.0475,6420
0.218,1775
0.278,295
-0.157,8671
-0.307,10234
-0.201,8882
-0.142,8211
0.287,536
-0.0938,6565
0.122,2325
0.0258,4399
0.295,979
-0.203,10277
-0.0841,8805
-0.067,7725
0.0979,2659
0.0661,2323
0.0207,4440
0.315,1038
0.00667,4827
-0.149,6922
-0.0486,6303
0.0258,4306
-0.11,7498
-0.0725,9015
0.105,1085
0.038,3961
-0.191,9950
0.104,3613
-0.255,9083
0.061,3669
0.131,470
-0.116,8758
0.185,1961
0.516,230
-0.156,8320
-0.148,9774
0.0187,4021
0.138,1587
0.0155,4484
-0.384,10419
0.123,1430
-0.249,10044
0.1,2091
0.0983,3759
-0.0271,5061
0.0765,4078
0.163,1155
-0.12,9985
0.0934,3178
0.133,2915
0.192,1973
-0.317,7183
-0.00702,5633
0.0372,3929
0.0293,4489
0.0153,4491
0.506,498
-0.215,9512
0.056,2999
0.0496,2970
-0.000776,4985
-0.0718,6919
-0.252,9499
0.00993,4639
-0.118,8312
0.0194,4676
0.326,2690
0.242,113
-0.106,8716
0.186,1185
0.0919,1118
0.078,1310
0.267,542
-0.129,7002
-0.237,7086
-0.0652,7700
0.491,41
-0.118,7942
0.557,57
0.0151,4481
0.158,1280
0.0863,3090
-0.0328,6260
-0.0664,7547
-0.746,8861
-0.0981,8447
0.0676,2617
-0.236,8421
-0.129,9673
-0.0491,8589
0.0679,3903
-0.0492,6973
-0.0652,5926
-0.0317,5775
0.145,687
-0.0578,6903
-0.0169,5603
0.0131,4542
0.0145,4530
-0.037,7444
-0.02,5596
0.526,286
-0.311,9050
0.4,113
0.269,1593
0.222,1054
0.355,87
-0.0604,8076
-0.0655,7899
-0.0468,6373
0.291,162
0.00434,4660
-0.142,9631
0.247,1680
0.109,2843
-0.165,4643
0.261,688
-0.0298,6049
-0.0914,6101
-0.095,7603
-0.349,10154
-0.263,9183
-0.292,9172
0.0255,4108
-0.0977,5723
0.0494,3368
0.0783,3607
0.182,1566
0.0615,4129
-0.0627,6973
0.0666,2291
0.0642,2734
-0.214,9918
-0.000757,5133
0.0416,4003
0.00636,5007
0.358,133
-0.0252,5792
0.0163,4682
0.015,4649
-0.28,9627
-0.127,5077
0.0027,4963
0.0519,3507
-0.16,9145
0.0679,3129
-0.371,10038
0.124,1218
0.0486,3067
-0.0282,9421
0.0548,3697
-0.0889,6228
0.245,1434
-0.0252,5731
-0.121,8474
0.125,1293
-0.0285,6230
-0.0479,6944
0.0178,4463
-0.308,10330
-0.143,10171
-0.196,9546
-0.0818,7919
0.186,713
0.0604,3461
-0.0593,6432
0.0263,2982
0.0313,3471
-0.0226,5773
-0.00881,5636
-0.061,7371
-0.274,10006
0.122,2173
-0.0743,7551
0.0604,3813
0.134,1982
-0.0182,5922
-0.117,8228
-0.0822,7718
0.542,29
-0.236,9971
0.348,150
-0.106,8108
-0.006,5213
-0.128,6640
-0.35,7236
-0.184,8442
-0.112,8879
-0.155,9842
-0.095,9786
0.128,3455
0.246,1648
0.11,3744
-0.13,7899
-0.106,9036
0.171,752
-0.0511,7784
-0.0224,6085
0.0715,3073
-0.259,9704
0.0152,4433
-0.0217,6856
-0.0554,6240
-0.0652,6766
-0.0305,5934
0.423,885
0.0774,2631
0.0296,3988
-0.226,9738
-0.139,7799
0.358,1171
0.046,3115
0.115,1524
-0.0817,7666
-0.106,8722
0.245,1323
0.197,1134
0.0903,2172
0.0739,3031
-0.0163,5673
0.0473,3953
-0.186,8856
0.0861,2664
-0.0476,7147
-0.0764,8214
0.0757,2669
0.0612,3377
-0.233,7955
-0.103,8615
0.268,782
-0.182,9425
0.234,33
0.0161,4406
0.0837,2761
0.0886,2869
0.0276,3804
0.483,242
-0.012,5639
0.219,773
0.159,1369
0.117,1998
0.0465,3433
-0.0105,4988
0.0719,2565
-0.0763,5948
0.372,42
-0.172,9405
0.0738,1997
0.011,4510
-0.0944,7352
0.219,588
-0.277,10292
-0.0565,8797
-0.0215,5538
0.0388,2777
-0.206,9171
0.166,1030
-0.0669,7009
-0.396,10174
-0.152,8175
0.108,2207
-0.27,10154
0.101,2512
-0.259,6553
0.0522,3600
-0.0878,9109
-0.02,5545
0.121,2385
0.0788,1887
0.277,272
-0.0475,7047
0.146,2642
0.109,1660
0.0702,2841
-0.115,6481
0.462,525
-0.111,8712
-0.0946,8568
-0.171,9517
0.145,1630
0.0806,2545
-0.00402,5000
0.163,2040
0.0568,3098
0.0664,2039
0.0511,4056
-0.0149,5119
0.0479,3697
-0.0646,7233
-0.0179,5846
-0.104,7660
-0.142,9414
0.154,1653
-0.177,9035
0.0408,4072
0.000947,5153
-0.144,9262
-0.0377,5934
-0.119,9199
-0.0634,5933
0.0441,4174
-0.305,10417
-0.079,7796
-0.229,6556
-0.201,8641
-0.413,10340
-0.101,8525
0.243,991
0.052,3337
0.221,930
-0.112,8382
-0.028,5960
0.278,820
0.0166,3939
0.0234,4052
-0.191,9496
0.529,193
0.575,265
0.168,975
-0.136,9755
-0.0258,5828
0.0604,3103
-0.11,7756
0.141,1179
-0.178,9378
-0.0157,5800
-0.0047,5075
0.126,3132
0.073,3734
-0.178,9746
-0.279,8944
-0.0162,5954
-0.0201,5737
0.0615,3342
0.361,82
0.17,581
0.0129,4698
-0.0566,7125
-0.0542,6858
0.311,49
-0.0632,6488
-0.0252,5090
-0.106,9466
0.516,454
0.122,1218
-0.0736,7260
-0.13,8007
0.166,2358
0.16,2551
0.254,294
-0.103,8705
0.681,697
-0.174,9102
0.0135,4486
-0.0679,7247
0.0809,1086
0.0134,4359
-0.141,8124
-0.355,9852
0.303,339
-0.447,10444
0.124,1283
-0.00175,5149
0.0791,2682
-0.0823,7340
0.041,4205
0.0833,3125
0.00249,4996
0.0839,1703
0.0118,4812
0.0212,4414
0.146,2988
0.285,868
-0.0321,6870
0.117,1590
-0.0627,7563
0.287,317
0.0294,3622
0.0448,3563
0.00213,5073
-0.0184,5639
-0.0738,7308
-0.263,8441
-0.181,8082
-0.0854,7502
-0.0218,6261
0.141,1930
-0.0496,8345
0.136,2283
-0.157,9294
0.0402,3566
-0.127,8404
0.0652,2625
-0.118,6183
0.424,388
-0.214,9680
0.166,2551
0.233,473
-0.0732,6605
0.0977,3114
-0.0307,7145
-0.108,8317
-0.452,10257
-0.0204,6433
-0.0273,7139
-0.065,6740
0.0705,3637
-0.0408,6380
0.026,4370
-0.13,9343
-0.0818,8098
-0.0568,7043
0.0763,3311
-0.203,6698
0.176,2190
-0.0174,5476
0.156,1393
0.0814,2648
0.256,489
-0.176,9684
-0.143,9108
0.0486,2751
0.0921,909
-0.0773,6330
0.297,166
-0.276,9928
-0.0249,5755
0.167,321
0.0862,2350
0.17,1297
0.449,148
-0.229,7509
0.175,2746
-0.158,9271
-0.0317,7802
-0.0576,6915
-0.11,9095
-0.115,8252
-0.156,8101
0.194,1194
0.0373,3783
-0.043,5749
-0.0153,5411
0.331,314
-0.0406,6558
-0.0602,7472
-0.0257,6221
0.0157,4607
0.0343,4235
0.0758,3268
0.0203,4492
-0.0116,5618
0.0901,1239
0.115,2550
-0.0597,6622
-0.134,6980
0.159,952
-0.00752,5337
0.185,297
0.173,1382
0.0342,4113
0.171,1237
0.175,2650
-0.159,8672
-0.0487,7111
0.0907,1994
0.00651,4999
0.0263,4061
0.00798,4338
0.0416,2940
0.00908,4618
0.0259,3789
0.304,1288
0.19,1116
0.189,268
0.226,1123
0.28,281
0.27,549
-0.14,9480
-0.0325,5570
0.858,43
0.0768,2764
-0.0398,7946
-0.0779,7173
0.309,294
-0.343,9633
-0.053,6834
0.274,728
0.0613,2519
-0.0671,6527
0.112,2623
0.503,360
-0.0203,5165
-0.246,10396
-0.11,9099
0.364,602
0.00929,4778
0.15,1455
-0.0604,7598
0.732,131
0.0365,3546
0.161,1172
-0.0836,7728
-0.0748,7543
0.389,303
-0.0313,5988
0.0199,4434
0.234,564
0.144,2207
-0.0212,5497
-0.197,8946
0.19,426
-0.111,7596
0.00264,4550
-0.161,8764
0.0659,2942
-0.18,9331
0.033,3214
-0.00594,5401
-0.214,9531
-0.322,9522
-0.127,7892
-0.117,7916
-0.0466,8427
-0.074,7895
-0.131,7028
0.0459,3850
-0.127,7800
0.0318,4241
0.166,1622
-0.0321,7033
0.134,1370
-0.283,8274
-0.274,9465
0.482,72
0.294,508
0.0205,4340
-0.0482,6632
0.53,360
-0.305,9937
0.202,421
0.0203,4529
-0.029,6465
-0.0674,7313
-0.151,8799
0.139,2270
-0.183,9909
0.0146,4394
0.0344,3463
0.196,1564
-0.161,8535
0.00991,4793
-0.00577,5065
-0.0505,7969
0.0199,4069
0.0661,1875
-0.219,8813
0.0232,4553
-0.124,7401
0.0156,4418
0.0155,4637
-0.0138,5222
-0.0215,5979
0.0747,3784
-0.0815,8773
0.0799,2014
-0.0618,7346
0.0433,4048
-0.13,9536
-0.0454,5675
-0.0332,6006
-0.0714,7857
-0.0329,7551
-0.156,8786
-0.0502,6618
-0.0676,7000
-0.394,10140
-0.0646,8286
0.101,1418
-0.0176,5793
0.0386,3937
-0.0441,5794
0.208,2475
0.044,3878
0.0923,1327
0.669,64
-0.185,10028
-0.0156,5265
0.147,3094
-0.115,10144
-0.0621,7535
0.0468,4217
0.0683,2992
-0.0972,7658
-0.0743,7477
0.0226,3832
0.119,1111
0.0158,4654
-0.0896,7037
-0.407,10194
-0.0632,6891
0.0144,3543
0.0122,4518
-0.0724,6551
0.191,654
-0.0644,4927
0.00531,4561
0.433,137
0.144,1411
-0.169,9480
-0.0519,6150
0.0608,2986
0.154,2974
-0.21,10381
0.124,902
-0.123,8717
0.0948,3225
0.183,2362
-0.0428,5780
-0.127,8598
-0.396,7293
-0.221,9521
-0.315,10361
0.0776,3060
-0.157,9267
0.0804,2169
0.0315,4188
0.253,302
-0.137,8540
0.356,185
-0.0315,5854
0.132,2172
0.107,1703
-0.047,7292
-0.154,6898
-0.273,8395
0.298,942
0.131,935
-0.0271,6878
0.216,711
-0.237,8675
0.373,572
0.0722,2671
0.00974,4603
-0.0576,6097
-0.312,10435
-0.0488,6219
0.0148,4314
0.0213,4326
0.0836,1527
0.0305,3685
0.0219,4394
0.194,2079
0.074,3698
0.255,942
0.309,1308
0.173,2747
-0.111,7075
0.0629,3874
-0.0891,8978
0.0268,4042
0.0163,4650
0.181,1630
-0.254,8915
0.149,1769
0.0209,4456
0.113,2731
-0.00194,5232
-0.0435,7060
-0.0752,7891
-0.0391,6581
-0.0887,8727
0.044,3513
0.00654,4703
0.535,1042
0.0959,2887
-0.276,9820
0.164,657
-0.106,8491
0.452,564
-5.14e-05,4977
-0.373,10083
0.0531,3741
0.00892,4696
0.00879,5187
-0.172,8151
-0.0044,5371
-0.306,6926
0.113,1907
-0.0391,6475
0.0417,3610
0.152,1911
0.0531,2806
-0.0607,5947
0.289,2046
0.0982,1011
0.0414,3415
0.0086,4860
-0.292,9586
-0.131,9355
0.267,2443
-0.0449,7156
0.00809,4704
0.235,682
0.179,910
-0.288,10289
0.0109,4777
-0.225,10394
-0.0047,5112
0.131,2428
-0.0762,7800
0.0202,4495
0.221,896
0.0889,1558
0.00324,5078
0.247,317
0.0871,3018
0.0485,4071
0.252,2067
0.234,894
-0.125,7527
0.163,1675
-0.309,8806
0.00885,4722
0.0693,3498
-0.0481,7438
0.028,4329
-0.185,7671
0.0721,1510
0.114,2537
0.0378,3361
-0.0164,5848
0.333,248
0.153,2104
-0.0701,6585
0.114,2857
-0.0749,8314
0.025,4093
0.16,815
0.000451,4167
0.12,2042
-0.086,6157
0.128,1540
0.149,598
0.0608,3601
-0.0398,6069
-0.0164,5437
-0.223,9480
0.21,1496
-0.0687,8229
-0.146,8114
-0.0813,6951
0.201,1639
-0.00486,5005
-0.0151,5385
-0.0372,7694
0.0169,4667
-0.124,8692
-0.212,8814
0.167,1605
0.114,1562
-0.224,9629
0.082,3113
-0.211,9008
0.109,2802
-0.0353,6744
0.000835,4799
0.0223,4123
-0.00704,5163
-0.00455,5307
0.0176,4491
-0.0692,7947
0.151,892
0.142,1284
-0.206,9420
-0.142,8835
-0.138,6765
0.0121,4872
0.245,246
-0.0086,5269
-0.158,9596
-0.0977,8115
0.036,3969
-0.149,8967
-0.139,10220
-0.0493,6930
0.259,163
-0.0797,7711
0.063,2736
0.197,2116
0.217,36
-0.141,8847
0.0142,4852
-0.182,8726
-0.0507,5702
-0.373,9544
-0.00407,5434
-0.135,8209
0.0866,1228
0.674,61
-0.16,7833
-0.0347,6331
-0.11,7614
0.0402,3432
0.0277,4319
0.143,1996
-0.0996,5746
0.0295,3927
-0.0906,9288
0.0123,4580
0.0528,3383
0.0377,4097
0.262,1189
-0.612,10360
-0.0345,7192
0.0595,3543
-0.126,7455
-0.0883,6388
-0.199,10383
-0.114,8925
0.0855,2332
0.197,326
-0.00394,5159
0.0673,2717
0.0962,3188
0.0296,4215
0.364,637
0.327,879
1.27,447
-0.0462,5969
-0.144,9546
-0.139,8546
-0.146,8411
-0.141,7056
-0.0293,7267
0.167,1501
0.0252,4324
0.0321,2749
0.109,2741
0.105,1667
-0.24,9129
0.132,1895
-0.0186,6104
0.00785,4784
0.00855,4593
-0.123,6592
-0.153,7285
-0.00449,5200
-0.18,9822
0.0776,2122
0.175,2812
-0.0286,5581
0.0065,4817
0.098,2755
0.16,398
-0.0847,8898
1.23,1151
-0.133,7028
-0.0272,5827
0.139,1900
0.0932,957
0.0206,4199
-0.00592,5330
0.134,1368
-0.206,10011
-0.0671,8294
-0.146,9503
0.0851,1939
-0.139,7909
0.054,3174
-0.0157,5104
0.187,2370
0.0626,3499
0.0345,2955
-0.0728,7211
-0.0403,7657
-0.344,9840
0.00214,5142
0.0114,4479
-0.151,10280
0.06,3198
-0.381,10297
-0.141,7136
0.047,3766
-0.147,8794
-0.0541,7753
0.252,455
-0.0825,7563
-0.138,8730
0.031,4137
0.0343,3764
0.0689,2984
-0.158,8619
-0.0163,5537
0.115,1325
0.0537,4113
0.062,1595
-0.073,7460
0.131,1754
-0.0423,6566
0.0846,2887
-0.184,7859
-0.0157,5723
-0.109,8364
-0.139,8432
-0.0568,7181
0.0766,2606
-0.112,9067
-0.132,8836
-0.0444,6899
-0.444,9961
-0.0861,7850
-0.067,7002
-0.161,7762
-0.159,9059
-0.145,9926
0.0333,4338
0.25,521
-0.407,9715
0.0213,4158
-0.0369,6289
-0.069,7412
0.0986,3163
0.0173,4329
-0.0559,6214
-0.178,9272
0.1,1823
-0.17,8779
-0.0129,5495
-0.182,8618
-0.0939,8123
0.0367,4073
0.079,2141
-0.128,8037
-0.158,8178
-0.172,7430
-0.134,7157
-0.0348,6210
-0.185,8964
-0.132,7412
0.0504,3139
-0.137,8202
-0.261,9038
-0.0234,6744
0.0115,4923
-0.201,9077
0.219,1760
0.131,2610
0.0578,3626
-0.0474,7035
-0.0257,6264
0.12,2584
0.166,1807
0.33,200
-0.176,9798
-0.286,10196
0.0493,3671
-0.19,8965
0.331,575
-0.208,9690
0.337,138
-0.0347,5676
-0.147,8367
0.0115,4593
-0.308,10211
-0.116,7519
0.167,1711
-0.21,10336
-0.0772,7349
0.00521,4890
0.173,948
-0.0276,6519
-0.0919,8878
-0.00913,5522
-0.00559,5150
0.0455,3218
0.036,3995
-0.0267,6603
0.386,151
-0.0487,7450
-0.0109,5640
0.0107,4759
0.000652,5090
-0.27,9089
-0.138,8037
-0.0851,7554
-0.0696,9690
-0.0572,6659
-0.106,7548
-0.0918,8140
0.191,2110
0.273,1101
-0.0754,8593
-0.244,10240
0.0273,4253
0.264,1353
-0.117,8571
-0.015,5700
-0.213,9881
-0.0823,7363
-0.0809,6894
0.107,1113
-0.251,9096
-0.0957,9839
-0.00193,5223
-0.291,9370
0.185,1994
0.454,402
0.653,309
-0.204,10194
0.0525,3357
0.0346,4111
0.0195,4518
0.0644,3549
-0.0479,5947
-0.146,10159
0.0166,4307
-0.076,7545
0.0451,3543
-0.301,9594
0.896,671
-0.0259,5825
-0.0425,6850
0.141,1429
-0.266,10229
-0.0507,6245
0.0112,4631
-0.0635,7254
-0.108,8034
-0.131,8763
0.0929,2333
-0.252,10208
-0.137,5702
0.0363,3493
0.0678,3125
2.23,97
-0.0533,5271
-0.147,8814
0.597,136
-0.127,8140
-0.185,10044
0.285,1532
0.326,536
-0.219,10349
0.0721,2935
-0.0378,6432
-0.0746,9525
-0.187,9436
0.372,508
-0.166,7972
-0.000673,4828
0.118,694
0.0227,3979
-0.0122,5119
0.187,1942
-0.0316,5689
0.253,350
0.0781,2549
0.0105,4509
0.398,210
-0.258,10158
-0.134,6231
-0.00991,5441
0.0595,3928
0.0339,3584
0.15,771
0.521,72
0.172,821
-0.309,10417
-0.00866,5487
-0.134,7302
-0.0256,5954
0.26,884
0.236,1507
0.106,2695
-0.0272,5905
-0.0427,6698
0.0503,3951
0.0334,4124
0.117,1302
-0.0105,5620
-0.0203,6044
0.172,995
-0.0162,5920
-0.182,10043
-0.0567,8035
0.232,112
0.049,3016
-0.016,5729
-0.0988,9492
-0.282,9474
0.0365,2853
-0.0597,6709
-0.145,9089
0.0471,3789
0.317,246
-0.174,8748
-0.0845,8195
-0.0846,8094
0.036,3567
0.0284,3533
0.0146,4642
-0.194,9735
-0.12,7209
0.313,1328
-0.109,9865
0.0134,4353
0.0637,3137
0.0551,3533
-0.0444,6761
-0.312,9124
-0.00323,4935
-0.0494,6460
-0.11,5588
-0.374,9459
0.0979,3058
0.152,3011
-0.28,9632
-0.0298,6045
1.55,453
-0.37,6017
0.186,2208
-0.066,5084
0.137,2439
0.0625,3830
-0.243,9410
0.432,502
-0.00555,5412
-0.104,8455
-0.263,9970
0.0903,2416
-0.101,6126
-0.099,7296
0.0398,3335
-0.0623,6918
-0.11,8577
-0.146,9524
0.284,845
0.328,125
-0.12,10372
-0.287,10412
-0.00934,5247
0.187,2394
0.144,777
0.0399,2745
-0.283,10221
-0.285,9577
0.00911,4989
0.00418,4888
0.152,2784
-0.0228,7485
0.0685,1189
-0.199,9432
0.117,2585
0.0683,3014
-0.153,8240
-0.143,8260
-0.109,9393
-0.0598,7104
-0.121,8328
-0.166,10113
0.159,1582
0.12,1094
0.0894,1736
-0.025,6423
-0.121,8689
-0.181,8448
0.292,609
0.12,2900
0.124,2258
-0.107,9555
-0.138,8736
-0.071,6087
-0.187,10036
0.0748,2770
0.00243,5112
0.0184,4478
0.0838,2308
0.0927,3010
-0.114,9175
-0.172,8540
-0.0487,7170
0.12,439
-0.0101,5582
-0.108,8938
-0.124,7561
0.108,3029
-0.0129,5772
0.164,1409
0.0295,4235
0.0931,2384
0.193,1117
0.0565,2385
-0.28,9262
-0.0263,5759
0.102,2424
-0.165,9301
0.252,2302
-0.00301,5031
-0.0387,7007
0.00382,4652
0.263,834
-0.219,9610
0.00939,4881
0.0466,2671
-0.146,9443
-0.00522,5390
0.044,3388
0.0322,4035
0.103,2261
-0.188,8098
-0.164,8804
0.116,1033
-0.245,9749
0.0593,2939
-0.53,10230
-0.278,8930
-0.055,7055
0.083,1859
0.0256,4316
-0.132,9530
0.0716,3206
-0.0808,7126
-0.313,9635
-0.129,9801
-0.163,9469
0.343,350
0.109,2317
0.178,2021
-0.0121,5526
0.0179,4629
0.0496,3796
-0.0311,6117
-0.219,8548
-0.19,8664
-0.00327,5448
0.00149,4663
-0.185,9214
0.0182,4445
-0.108,7140
0.352,1383
-0.0347,6995
-0.0711,8426
-0.195,8951
0.212,2322
-0.179,8635
-0.0345,5213
-0.0652,7421
0.000287,4915
0.0857,2734
-0.131,9439
0.0422,3856
-0.0353,6379
-0.101,7292
-0.206,9651
-0.136,8246
-0.103,7290
-0.191,9400
0.00572,4677
-0.139,8441
0.224,1333
0.00792,4939
0.0745,3785
0.129,2272
0.0482,3646
-0.000787,4701
-0.102,9736
-0.0842,8622
0.137,572
0.0286,4661
0.121,3029
-0.0259,6088
0.0172,4167
0.000113,4658
-0.0334,6657
-0.0164,5480
0.0878,2929
-0.00695,5240
-0.0481,9399
0.046,3430
-0.0186,5471
-0.0267,5081
-0.264,9403
0.21,415
-0.0674,9831
0.162,722
0.133,1813
-0.203,9944
-0.104,8390
-0.0696,7373
0.243,336
-0.0789,6391
-0.0215,5715
-0.139,8285
-0.241,9982
-0.262,9538
-0.0789,8831
0.0364,3936
-0.0475,6274
0.132,1307
0.0379,3908
0.37,242
-0.0451,6563
-0.177,9600
-0.0687,6963
-0.251,8082
-0.00148,5043
-0.0211,6676
-0.0459,8162
0.259,1159
0.188,1106
-0.0992,8708
-0.119,8886
0.0318,3700
-0.0143,5980
-0.0882,7150
0.123,2218
-0.147,8559
-0.353,10350
0.119,3254
0.0624,2363
-0.14,8687
-0.378,10160
-0.343,8982
0.288,460
0.0592,3360
-0.045,7474
-0.0213,5852
0.144,1046
0.0924,2936
0.269,406
-0.0525,7258
0.014,4649
1.06,500
-0.112,7855
0.0487,3549
-0.00668,4998
-0.0982,8958
-0.0463,7202
-0.127,8107
0.0319,4359
0.247,660
-0.0585,6888
0.0542,3021
-0.0955,9165
-0.276,9090
0.178,2057
-0.0113,5371
-0.152,3754
-0.00104,5394
0.108,1809
-0.381,8106
0.0534,3655
-0.28,9989
-0.239,7675
0.196,1280
-0.0847,7722
0.02,4131
-0.0404,6069
0.311,386
0.0208,3980
-0.00363,5122
-0.0626,6486
0.00229,4759
-0.0337,6117
-0.38,9993
0.0193,4188
0.0384,3497
-0.0725,7808
-0.0409,6202
0.0439,3555
-0.0332,5561
-0.068,5887
-0.127,8966
0.112,2940
-0.0619,6535
-0.0114,5073
-0.0113,5188
0.0938,899
-0.0365,7462
-0.153,10177
0.061,3119
0.164,2421
0.18,433
0.0684,3818
-0.125,9130
0.25,562
-0.125,9480
-0.121,7128
-0.0267,6526
0.181,1039
-0.0781,6391
-0.132,8058
-0.0934,8195
-0.174,6679
-0.0089,5367
-0.554,8441
0.0306,3912
-0.0586,8457
-0.165,9133
0.186,1002
-0.194,8615
0.246,2645
-0.116,10132
-0.358,8400
-0.0603,6984
-0.0108,5305
0.104,2954
-0.00393,5088
0.0834,1934
0.0906,2455
-0.117,8657
0.217,290
0.0333,3518
-0.107,7792
-0.0665,7295
0.0197,3824
-0.0195,5587
0.152,2004
-0.498,8149
-0.205,8137
0.00557,4778
-0.123,10129
0.0781,3644
0.332,1074
0.0681,3039
-0.0675,6804
0.0183,4319
-0.153,9944
0.176,804
0.0295,4232
0.164,3242
0.761,48
-0.0993,9450
-0.148,9741
0.52,439
0.191,1738
0.00423,4959
-0.182,9012
0.0712,2311
-0.0469,6615
-0.0785,7142
-0.126,9401
-0.106,9297
0.229,567
-0.0386,6903
0.184,1038
-0.313,9873
0.0626,2497
-0.0254,5914
-0.229,9960
0.286,388
0.421,339
0.212,774
-0.023,6070
-0.0402,7063
-0.291,9798
0.105,1898
-0.0203,5619
0.0406,3986
0.042,4383
0.101,1915
-0.00352,5115
0.0626,2990
0.00709,5014
-0.0196,5550
-0.0162,5680
0.00875,4792
-0.582,10458
0.118,2282
0.118,1682
0.272,1335
0.0117,4435
-0.0656,7247
-0.243,5790
0.0406,3945
-0.185,8339
-0.179,9558
0.0443,2548
0.124,1047
-0.327,10133
0.0573,3460
0.0329,4008
0.0186,4760
0.245,335
0.0713,3028
0.233,1259
0.239,699
-0.0786,8583
0.0211,4281
0.0755,3251
0.00193,5001
-0.069,7381
-0.0197,5910
-0.121,7985
-0.0583,7848
-0.0373,5953
0.0813,1560
-0.582,9485
0.0439,4317
-0.194,7179
-0.172,8431
0.101,1505
-0.182,10207
-0.00355,5439
-0.146,9242
-0.138,8173
0.0281,3937
0.0347,2662
-0.0662,6361
-0.0515,6177
-0.166,7737
0.239,1727
0.0482,3857
-0.113,7363
-0.0305,6043
0.125,1785
-0.14,9461
-0.0492,7120
-0.0293,6474
0.187,930
0.0724,3072
0.022,4482
-0.19,8411
-0.211,10269
0.29,204
0.0375,3853
0.372,154
-0.158,8683
0.125,2257
0.0873,3700
0.0248,3996
0.314,300
-0.0304,5947
0.231,1398
0.00744,4853
0.0881,669
-0.0964,6752
0.0585,2868
0.0923,1748
-0.00678,5189
0.342,308
0.0459,2504
-0.0437,6549
-0.0982,7482
0.115,3099
-0.148,8639
0.0913,3571
-0.0232,5842
0.12,2807
0.0421,3744
0.06,2721
-0.0871,6803
-0.00166,4794
0.0536,2517
0.0707,3262
-0.17,8618
-0.244,9157
-0.151,6890
0.225,1401
-0.05,6827
0.0242,4552
0.372,601
0.21,697
-0.0623,6093
-0.276,9610
0.246,812
0.135,710
-0.00957,5903
0.174,1078
-0.255,10268
0.405,513
-0.152,9920
0.0211,4162
-0.239,9975
0.28,702
-0.197,7007
0.047,4266
-0.0649,7675
0.0976,1940
-0.0275,5547
0.102,2269
-0.0278,5732
-0.081,9360
0.0553,2774
0.0134,4840
-0.0685,6468
-0.0433,6890
0.0272,4256
0.089,1930
0.142,2119
0.0035,5131
-0.163,10280
-0.269,9721
-0.252,8320
-0.245,8657
0.0765,1974
-0.143,9639
-0.0679,7189
-0.166,8036
0.16,1978
-0.275,8284
-0.000518,5266
-0.115,10202
-0.143,7235
0.0314,4313
0.153,1468
-0.0413,6470
-0.0629,6422
-0.122,9303
-0.0492,6461
-0.063,6563
-0.343,10433
0.00282,4825
-0.134,7323
0.0449,3690
0.0109,4760
0.072,2348
0.09,2670
-0.389,10284
-0.0269,6457
0.0147,4550
-0.00996,5386
-0.0613,6457
0.0806,2261
0.0662,3901
-0.129,9042
-0.129,8992
0.0368,3783
-0.0759,8161
0.113,2873
0.02,4376
-0.0334,6005
0.101,1493
-0.18,4539
-0.276,9695
-0.199,9482
-0.174,8190
-0.0157,4985
-0.154,9539
0.187,1687
-0.534,8395
0.105,1979
0.012,4506
0.0193,3939
-0.0192,5623
0.124,440
-0.292,9918
-0.346,9546
-0.124,8686
0.0616,2697
0.27,467
0.233,2319
0.162,2300
0.127,2915
0.196,312
0.0419,2917
-0.187,9431
0.352,338
0.368,849
0.15,2145
0.0873,2712
-0.0299,7211
-0.193,8774
-0.0247,5664
0.109,1553
-0.0115,5206
0.295,357
-0.0447,7009
-0.144,8916
0.251,1119
-0.123,7877
-0.0146,2870
0.155,898
0.0172,4384
0.0089,4914
0.0578,3539
0.0358,4476
-0.0926,8876
0.274,225
0.196,179
0.118,1693
0.232,916
-0.255,9640
0.124,2300
-0.309,10280
-0.0649,9011
-0.0578,6949
-0.191,8647
-0.071,6949
0.0852,3441
0.097,1348
0.0538,3441
-0.0568,7199
0.24,705
-0.101,7893
0.0197,4246
0.0694,2053
-0.0219,5942
-0.00189,5258
0.0214,4270
-0.128,9136
0.301,1582
-0.188,9449
-0.00503,5405
0.0356,4050
0.0298,4217
-0.259,9292
0.00642,4759
-0.141,8653
0.00294,5002
-0.0299,6015
-0.112,7144
0.0526,3136
-0.0145,5141
-0.0505,5945
-0.0815,8395
-0.0249,5739
-0.0735,6078
-0.0117,5713
-0.142,7883
0.301,355
-0.119,7281
0.0345,4363
-0.0623,7191
-0.0158,5998
-0.11,8140
0.00271,4763
0.0138,4679
-0.0544,6063
-0.387,9027
-0.0385,5655
0.0577,2468
0.113,1328
0.0871,2071
-0.207,7833
-0.0407,5443
0.036,3717
0.00406,4842
-0.0656,6870
-0.0784,7594
-0.446,8153
-0.27,9093
0.213,1432
-0.0217,6123
0.0997,1874
0.14,1305
-0.18,9791
-0.139,7639
0.254,939
0.297,787
-0.00238,5401
0.169,507
0.444,391
-0.25,9875
-0.0261,5848
0.0716,2514
-0.118,8258
-0.147,9489
-0.0352,7014
-0.197,9540
0.0632,2319
-0.29,10395
0.056,3475
0.0425,3792
0.453,707
0.0591,3344
-0.0665,7135
-0.0567,6832
0.0602,3470
0.256,594
-0.0457,6307
0.0466,4032
-0.165,9885
0.202,803
0.205,1188
-0.0126,5696
-0.0248,6120
0.158,2266
-0.0198,6858
0.0395,3823
-0.277,8179
-0.233,7840
0.0709,1712
-0.0284,6111
-0.091,7882
0.0134,4544
0.103,1655
-0.0403,6661
0.138,1290
0.0635,3863
-0.0165,5963
-0.0085,5980
0.212,1501
-0.203,9216
-0.172,8237
-0.29,10038
0.00281,5012
-0.0763,7281
-0.191,8270
-0.142,8792
0.0731,3803
0.0359,4415
-0.304,10077
-0.0109,5124
0.034,3900
-0.0389,5720
-0.477,9205
0.68,648
0.145,941
-0.28,9535
-0.325,6108
1.58,113
-0.335,9200
-0.176,8793
-0.176,9371
-0.162,10368
-0.0268,6072
0.133,2476
-0.062,7347
0.162,1122
0.218,109
-0.107,8586
-0.219,10289
0.0871,1817
0.0284,4021
-0.0517,5822
0.013,4090
-0.0213,6714
-0.0887,8249
-0.0322,5266
-0.015,5421
-0.0742,6679
-0.0357,6421
-0.0548,8200
-0.0165,5211
-0.104,9531
-0.00676,5600
-0.0793,6034
0.108,1528
-0.00541,5434
-0.0109,5364
-0.0544,6794
-0.11,7143
0.0155,4779
-0.0764,7928
-0.0211,5985
-0.162,8530
-0.171,9715
0.256,1876
-0.0974,6916
-0.13,9350
0.229,993
0.152,483
-0.172,8683
0.11,2380
0.0663,2083
-0.0382,5911
0.0782,3213
-0.00873,5358
-0.13,8864
-0.102,7422
0.00559,4782
-0.153,10022
-0.0575,7317
-0.0393,6178
-0.00608,5191
0.128,2251
0.341,705
-0.00878,5698
0.165,154
0.0191,4430
-0.0936,5876
-0.0333,5425
0.158,1807
0.07,3401
-0.142,7089
0.0247,4199
0.134,2075
-0.153,9627
0.328,780
0.36,606
-0.0449,6402
-0.248,10307
0.0354,4027
0.254,730
-0.245,7733
-0.00505,5433
-0.123,8542
0.0624,2045
-0.185,8939
0.0849,3764
-0.132,9298
0.128,2241
-0.0211,5934
0.0384,4371
0.467,146
0.0979,2123
-0.0237,5397
-0.0448,7758
-0.0973,8717
0.191,652
0.133,909
-0.174,7650
-0.139,8412
-0.117,8905
-0.151,9663
-0.0335,5716
-0.00327,5162
0.264,654
-0.0269,5729
-0.0418,6612
-0.139,7723
-0.0595,7717
-0.154,9961
0.282,93
0.0857,1212
-0.0824,9330
0.0478,2418
-0.0732,7780
0.101,3170
0.136,2236
-0.102,7924
0.0468,1631
-0.054,6681
0.0224,3861
-0.0604,6003
-0.0578,5504
-0.361,10405
-0.251,9343
0.206,620
-0.259,8921
0.0139,4382
-0.0748,8673
0.337,822
-0.0493,6895
-0.0187,5608
-0.00506,5327
0.0323,4363
-0.259,9632
0.0264,3774
0.066,1942
0.135,460
0.0145,4105
-0.0407,6193
-0.345,8971
0.518,109
0.0678,2204
0.1,2006
0.581,18
0.232,1441
0.281,305
-0.236,10235
-0.0607,7391
-0.192,9373
0.183,868
-0.107,7653
-0.0318,6613
0.274,47
-0.0315,6158
-0.308,10084
0.207,746
-0.0413,6431
0.0146,4516
-0.176,9441
0.151,1422
-0.229,9781
0.87,259
-0.186,7324
0.276,426
0.659,95
0.0814,3131
0.11,1510
-0.378,9346
-0.215,8907
-0.0533,6163
0.0834,3306
-0.235,10376
0.0816,1832
-0.121,8015
-0.198,9262
0.2,1180
0.196,1835
-0.0567,7629
-0.284,10278
0.0947,2485
-0.0463,6423
-0.0204,6228
0.187,2045
-0.0246,5946
-0.135,9980
-0.214,9718
-0.0415,6269
-0.227,10196
-0.104,7206
-0.00164,5176
0.0489,4198
-0.19,9035
0.0816,2808
-0.284,7045
-0.204,8870
-0.0294,6095
0.111,2725
0.209,319
0.112,3095
0.104,2535
-0.118,8129
-0.0776,7424
-0.109,8986
0.1,1384
0.104,2391
0.166,1328
-0.161,9208
-0.0888,7570
-0.107,9989
-0.0532,6303
0.0558,2446
0.043,4126
0.0943,2878
-0.133,7229
0.0473,3819
-0.0548,6577
0.0149,4760
0.334,835
-0.0174,5481
-0.196,10458
0.0466,3089
-0.21,9057
-0.105,7291
-0.0878,8561
-0.04,6220
-0.0199,6576
-0.00494,5417
-0.0931,8827
-0.163,8300
0.00904,4832
-0.13,9008
0.000233,5053
-0.109,9409
0.283,355
0.00659,4679
0.694,185
0.0697,3900
0.0241,4307
0.152,2445
-0.0598,6596
-0.0124,5343
0.124,1882
0.153,1662
0.0647,3462
0.0324,3755
-0.322,5820
-0.128,7756
0.757,44
-0.0131,5247
0.0442,2394
0.219,577
-0.0809,7569
0.161,1057
0.00887,4684
0.0828,3321
-0.0534,7901
0.104,1449
0.000328,5221
0.038,4305
-0.0181,5680
-0.333,8483
-0.00987,5543
0.256,286
0.239,1073
-0.0151,5365
0.467,359
0.0342,4452
0.0519,3233
0.0711,2985
-0.243,9347
-0.137,9619
-0.084,7607
-0.235,9348
0.0357,3553
-0.00217,5311
-0.139,7202
-0.0311,5477
0.0305,4201
0.147,1318
0.077,967
-0.00545,5425
-0.127,8918
-0.17,10116
0.0216,4536
0.0413,3693
-0.0794,7561
-0.147,8705
0.0187,4393
0.165,741
-0.061,6391
-0.102,8892
0.387,38
0.0232,3778
-0.146,6929
-0.0847,8271
-0.295,6699
-0.198,10443
0.35,493
0.0656,2382
0.0853,1732
-0.192,10234
-0.114,6254
0.121,2793
-0.12,9530
-0.0556,7201
0.0644,2711
-0.339,9714
-0.0745,6194
-0.122,7127
0.06,3533
-0.0145,5830
0.0338,3741
-0.0622,6779
0.0818,2613
0.256,1426
0.028,3859
0.114,807
0.0961,3016
-0.233,10141
-0.256,9745
-0.0989,8376
0.125,714
-0.0867,6858
0.242,726
0.267,631
0.0544,3746
-0.0705,6398
-0.102,8109
0.0487,2598
-0.35,9615
-0.0341,5749
0.24,966
0.246,682
0.031,4141
0.0574,2794
0.00318,4772
-0.0254,5559
-0.157,7848
0.474,68
-0.0815,7932
-0.108,7263
-0.302,9461
-0.212,9681
-0.522,10018
0.0184,4623
0.0508,2811
-0.148,9187
0.0336,4398
-0.0695,7075
-0.117,9778
0.0813,2901
-0.182,9649
-0.127,7705
0.12,1526
-0.0263,5614
0.0494,3008
0.236,594
0.187,330
-0.0537,7759
0.028,4413
0.167,1883
-0.485,9608
-0.162,6756
0.162,1311
0.0915,2922
0.195,1666
0.129,1859
0.0606,2941
-0.0988,7464
0.0744,2153
-0.00635,5256
-0.0909,7667
-0.216,8853
-0.0593,8668
0.478,260
0.127,2597
-0.128,8478
0.0542,3813
-0.0529,6780
0.191,857
-0.378,8609
-0.152,9538
0.0543,2542
-0.0276,5638
0.135,852
-0.208,10069
-0.298,10074
-0.0991,10135
-0.0289,6719
-0.173,9671
-0.119,9377
-0.323,8767
-0.498,8168
-0.0581,7661
-0.0698,7757
0.000554,4872
0.139,3120
-0.362,7436
-0.136,7147
0.0652,4017
1.28,73
-0.0637,7267
-0.285,10255
0.129,2393
0.357,596
0.335,46
-0.00312,5049
0.0383,4096
0.0494,3051
0.071,3591
0.202,1347
0.123,810
0.101,2593
-0.208,9716
0.305,17
-0.0111,5668
0.13,2085
-0.11,9967
0.0259,3853
-0.0486,6505
0.00221,5110
-0.114,8844
-0.0268,5220
-0.077,8079
0.188,413
-0.0415,5623
-0.22,8909
0.0582,4008
-0.00992,5638
0.571,447
-0.304,10377
0.00919,4618
0.052,3345
-0.329,9668
0.0279,4307
0.167,670
0.0341,3824
0.00284,5066
0.0928,2184
-0.0205,5682
-0.0238,6278
-0.136,9804
0.236,1079
-0.417,9723
-0.262,8006
0.0658,3049
0.054,3293
-0.00847,5491
-0.0272,6345
-0.121,8617
-0.00115,4977
0.0113,4602
0.0269,4303
-0.0773,7649
0.0201,4460
-0.0711,6204
0.043,3918
-0.152,7663
-0.214,7507
-0.154,9479
-0.125,8700
-0.0109,5722
0.0888,3362
-0.121,8109
-0.211,8277
0.0186,4042
-0.0386,6197
-0.129,8752
0.00126,5073
-0.327,10194
0.0693,3706
0.0353,3979
-0.0237,6133
0.188,1268
0.302,265
0.259,540
-0.116,8077
0.0678,1865
-0.177,8630
0.0274,4146
-0.244,10373
-0.136,8725
-0.255,10077
-0.169,8111
-0.138,10271
-0.121,7596
-0.143,8788
0.00464,4743
0.00154,5212
-0.0157,5582
0.0326,3867
-0.0816,7033
-0.142,7751
-0.14,7567
0.224,2579
0.141,1410
0.0159,4176
0.0528,3244
0.0826,3035
-0.00113,5067
-0.169,7217
-0.114,7865
-0.0427,6686
0.143,2737
-0.0112,5297
-0.177,8273
-0.1,8220
-0.0339,6668
0.191,368
0.102,1909
0.0492,4164
0.201,1639
0.324,441
-0.0904,8169
0.146,1221
0.135,1928
-0.0629,6554
0.0436,3364
0.129,2168
0.0628,1724
0.0151,4308
0.0605,2552
0.0839,3071
-0.0736,8018
0.157,2922
-0.112,8894
0.125,898
0.0531,2949
-0.269,9870
0.217,1158
-0.267,9473
0.231,437
0.0346,3478
0.155,889
-0.111,7750
-0.0808,6706
0.0595,3657
-0.0114,6278
-0.12,4319
0.0469,4120
-0.191,8916
-0.132,8312
-0.00436,5096
-0.0246,6288
0.087,2681
0.388,171
-0.0406,5726
-0.123,7243
0.0025,4777
-0.014,5747
-0.144,8859
0.342,2055
-0.298,10092
-0.0499,5773
-0.172,9173
-0.0412,6892
-0.0321,6731
0.0709,3705
0.0451,3622
-0.0657,6091
-0.0721,6818
-0.101,8214
0.0304,3329
0.0571,3549
-0.14,6109
-0.00352,5372
-0.0502,5713
-0.0925,8961
0.203,171
-0.133,7964
0.23,626
-0.0561,6900
-0.26,9620
0.0186,4300
0.0496,3552
0.473,533
-0.0996,8828
-0.152,8193
0.199,1043
-0.174,10004
-0.063,7263
0.0846,3095
-0.177,10144
-0.237,8052
0.102,2138
0.0107,4688
0.139,1571
-0.00715,5028
-0.257,9111
-0.131,8966
-0.349,9922
-0.0474,6823
0.0169,4108
-0.00099,5186
-0.0414,7127
-0.281,8702
-0.0891,7378
0.107,3774
0.145,1456
-0.0912,6501
0.148,1960
0.237,1851
0.0235,4556
-0.0577,7719
-0.121,8961
-0.139,6862
0.0674,3347
-0.179,9897
0.0653,3654
0.0681,2782
-0.0414,7520
0.234,1636
0.0349,4319
-0.0503,6456
-0.0457,6300
-0.0638,7533
0.12,1789
0.116,2275
-0.00902,5057
0.326,493
-0.0511,6311
0.0873,1620
0.0222,3500
0.000859,4926
0.048,3702
-0.0102,5032
0.0538,3261
-0.0216,6068
-0.132,9001
-0.267,10470
-0.139,9996
-0.108,8147
0.127,2498
0.0112,4460
-0.236,10216
0.0738,2667
-0.0307,6091
0.217,2574
-0.265,9329
-0.0722,8737
-0.0559,6904
-0.00148,5019
0.122,2265
0.101,3090
-0.103,7800
0.0291,4045
-0.0236,6068
0.154,1797
0.363,636
0.00271,4902
0.329,1435
0.019,4009
-0.000561,5176
0.0275,4103
0.0532,3528
0.0399,4211
-0.117,7314
-0.118,7987
-0.181,8060
0.12,2202
0.0596,3131
-0.0329,5997
0.00656,4982
-0.0739,6241
-0.0259,6385
-0.13,7645
-0.109,7461
1.08,6
0.153,1125
0.0136,4297
-0.122,9678
0.0127,4589
-0.242,8052
-0.0771,3682
-0.0262,5973
0.0248,4409
0.0923,1844
0.00708,4757
-0.326,10335
-0.114,8721
-0.0228,5197
0.0321,3324
-0.0254,6535
-0.122,9681
0.073,2929
0.579,77
0.178,2411
-0.0299,6519
0.0512,3318
-0.17,8819
0.0865,2594
0.00753,4483
-0.111,8078
-0.0538,6489
-0.0675,8005
-0.01,5681
-0.0519,6714
0.0399,4196
0.036,4439
0.0298,3867
0.129,949
-0.221,9021
-0.17,8995
0.0752,2720
-0.059,8013
-0.0716,8342
0.00849,4856
0.0256,4357
-0.163,8349
0.0163,4505
0.175,2252
-0.0322,6195
0.0596,2202
-0.422,10214
-0.0526,6197
-0.127,8498
0.204,2156
0.166,974
-0.142,8816
0.0526,3328
-0.00647,5476
0.0741,3023
-0.394,9796
-0.0303,7508
-0.177,8482
-0.211,9117
0.216,1259
-0.00664,5467
0.172,1066
0.0571,3549
-0.293,10467
-0.0853,8314
0.279,626
0.194,2350
-0.0188,5574
0.0686,2411
-0.0337,5491
-0.262,10004
0.0174,4444
0.0913,3048
-0.0818,9393
0.122,1629
0.0811,2993
0.0822,2486
0.403,389
0.505,68
0.0023,5143
-0.052,7688
-0.147,9073
-0.00677,5167
-0.08,7005
-0.0186,5759
0.0673,3796
0.0289,4200
0.218,1498
-0.0194,5908
-0.0307,6376
-0.00814,5146
0.03,3753
-0.0905,8764
0.00276,5018
-0.121,6614
-0.075,7236
0.267,1297
-0.171,10012
0.0807,2107
0.0272,3503
0.011,4590
-0.341,10421
0.0173,4458
-0.132,9993
0.104,746
0.181,182
-0.176,5908
-0.241,10090
0.122,894
-0.193,9713
-0.108,8001
0.0652,2542
-0.0897,7049
0.0368,4097
0.0253,4360
-0.283,9819
-0.111,9042
-0.209,9798
0.114,1837
-0.0906,7257
-0.0254,6175
-0.272,9309
0.0575,2388
0.065,2872
0.00854,4667
-0.0806,7478
0.0456,3325
0.137,991
-0.15,8326
0.0489,3790
0.0697,3031
-0.00842,5577
0.1,1896
0.415,503
-0.11,8280
-0.126,9560
-0.164,8079
-0.181,9089
0.102,2552
-0.0292,6482
-0.111,9500
-0.039,6035
-0.017,5613
-0.138,7682
0.545,634
-0.132,8747
-0.1,7544
0.288,783
0.126,2688
-0.0839,7393
0.0733,3401
0.197,2084
0.112,1228
0.0349,3555
0.0681,2512
0.244,407
0.305,517
0.0149,4204
0.076,1746
-0.0424,6632
-0.0118,5442
-0.143,8588
0.137,1762
-0.36,10168
-0.0186,6417
0.0403,3603
0.00462,4868
-0.232,9582
-0.161,6557
-0.251,9270
-0.0824,8404
0.0771,3178
-0.158,9711
-0.0203,5594
-0.074,7217
0.158,1059
0.177,440
0.199,609
-0.0404,6383
0.0803,2741
-0.146,8730
0.449,80
0.274,671
0.112,2629
0.0142,4528
0.0791,3504
0.305,1143
0.165,1321
-0.0171,5828
0.279,524
-0.0127,5175
-0.311,10208
-0.0551,8421
0.0923,3140
-0.0318,5953
0.0706,1944
0.0592,2303
-0.0795,7275
-0.22,9247
-0.0328,6591
-0.117,9524
0.00414,5059
0.233,301
-0.0739,8103
-0.187,8649
-0.0552,7631
-0.213,8720
0.126,2850
0.178,1718
-0.0286,5480
0.216,656
-0.0684,6142
-0.0746,6299
0.00613,5120
-0.118,7343
-0.00949,5276
-0.154,7778
0.00477,4854
-0.0457,6265
-0.123,9258
-0.286,9280
-0.0543,6286
-0.00463,5282
-0.191,7729
0.213,391
-0.0663,7250
0.0266,4136
0.109,3082
-0.295,10247
-0.0755,8147
0.0539,1917
0.037,2851
-0.105,8546
0.141,2323
-0.144,8840
0.142,1738
0.0247,4278
0.006,4865
-0.432,10065
0.0107,4735
-0.108,8170
-0.118,7458
0.00804,4938
-0.0103,5606
-0.0493,6338
-0.00843,5048
0.034,3306
-0.0803,6250
0.0821,2105
0.129,1767
-0.105,8333
-0.278,10262
-0.224,8170
0.0204,4203
-0.087,8561
0.153,520
0.192,2128
-0.105,6778
0.0774,3524
-0.154,9113
-0.0397,5824
-0.046,6398
-0.189,8878
0.179,765
0.179,1569
-0.218,10072
0.0209,4419
0.118,1948
0.021,4097
-0.448,9728
0.108,2862
-0.0366,6677
0.107,1825
0.261,544
0.128,2679
0.0589,3247
-0.0398,5617
-0.0171,5636
-0.0015,5122
-0.0571,6474
-0.088,8848
-0.0681,8161
-0.039,6657
0.0364,4040
0.0186,4208
-0.0441,6619
-0.0885,6760
-0.109,9965
-0.241,9797
-0.119,9172
0.0524,1770
-0.0852,8580
-0.0692,7517
0.288,533
0.274,534
0.0372,4192
-0.0917,9971
-0.0269,6041
0.0423,3908
-0.0415,6078
0.0335,3487
-0.0764,8178
0.105,2341
-0.0394,6513
-0.0494,6719
-0.337,10169
-0.139,8864
0.0729,3467
0.0374,3454
-0.0816,8385
-0.22,10253
0.225,589
-0.0638,7061
0.208,1255
-0.0465,6727
0.0927,2247
-0.108,8563
0.324,811
-0.139,7519
0.0105,4697
-0.104,7495
-0.186,10112
0.2,1607
0.0672,3928
-0.142,9072
-0.245,9987
0.148,1305
-0.000411,4766
-0.218,9322
-0.573,9561
-0.205,9728
-0.159,9145
0.14,1590
-0.0835,9203
-0.0995,7914
-0.0114,5590
0.108,3340
-0.0954,7022
-0.143,10092
-0.0164,6362
-0.187,9329
0.556,14
0.0248,3908
0.108,2469
-0.128,9313
0.0704,2409
0.0629,2670
0.197,604
0.183,409
-0.472,10252
0.0418,3683
0.01,4439
-0.0823,7438
0.0972,1959
0.186,2099
-0.218,9916
0.0938,722
0.0845,1298
0.101,2317
0.386,55
-0.059,6461
0.0802,2230
0.03,4203
-0.0606,8126
-0.0792,8425
0.218,844
0.58,589
-0.0494,5920
-0.0925,8638
0.151,316
-0.025,6053
-0.0131,5401
0.0826,1938
-0.128,9358
0.0122,4171
-0.0179,5805
0.152,1470
0.173,2333
-0.0316,6883
0.266,2320
0.257,951
0.133,1712
-0.0255,4947
-0.00478,5119
0.0367,3782
0.166,2550
0.273,349
0.0365,3591
-0.249,10361
-0.0593,6286
0.0262,4270
0.00256,4902
-0.0405,6363
-0.00635,5178
-0.0981,7283
-0.323,10007
-0.181,8643
-0.0816,6701
0.17,1058
0.138,1511
0.175,2027
-0.121,9290
0.223,668
0.124,2132
0.0994,2052
0.0231,4337
-0.0886,7623
-0.145,9646
-0.164,7808
0.514,87
-0.0325,5847
-0.106,7653
-0.0119,5073
-0.219,8370
0.231,123
-0.126,7933
0.125,1587
-0.0656,7384
-0.0995,7919
0.168,1665
0.304,748
-0.374,9703
0.0581,3014
-0.19,9519
0.0737,2390
-0.063,7513
0.0496,4115
-0.193,8599
-0.291,10182
-0.159,10027
-0.321,10205
-0.228,9877
1.81,13
0.173,2045
0.0303,4073
0.0415,3885
-0.0742,6884
-0.0063,5401
-0.0114,5258
-0.194,10228
0.0203,4030
0.0788,2795
-0.0128,5589
0.16,1458
-0.309,8021
0.0141,4487
-0.0972,9186
0.071,3463
0.0906,2368
-0.272,9497
0.0187,4560
-0.0217,5771
-0.181,9537
-0.133,7947
-0.134,7651
-0.221,9380
0.18,1851
-0.0944,7993
-0.0519,6849
0.0334,4137
-0.033,6614
0.148,1251
0.109,2802
0.0165,4313
0.0538,2916
0.376,47
-0.0278,6019
-0.0295,6155
0.205,1760
-0.0486,7149
-0.00567,5263
-0.146,6607
0.205,844
0.217,1831
0.0335,3925
-0.0827,8643
-0.376,10284
0.337,808
-0.169,9189
0.0459,3702
-0.175,9174
-0.242,9891
-0.00188,4908
-0.187,9075
-0.238,10059
-0.132,8737
-0.0543,6482
0.0964,1584
0.0332,3678
-0.18,8892
-0.068,6999
-0.0158,5566
0.0538,3252
-0.0796,7510
-0.245,10337
-0.0785,6686
-0.132,9748
0.283,183
0.131,1331
0.187,623
0.0401,3873
-0.329,9951
-0.0392,6063
-0.114,6600
-0.00647,5556
-0.0718,8667
0.202,211
0.199,147
0.134,1694
0.258,337
0.106,1068
-0.0229,6663
-0.276,10300
0.101,1999
0.0199,4582
0.0424,4152
-0.198,8888
0.336,387
-0.0637,7257
-0.242,10068
-0.075,7128
0.022,4463
0.211,109
-0.0154,5491
-0.0387,6502
-0.233,10323
0.52,193
-0.0488,6468
0.119,1585
0.19,497
-0.111,8112
0.267,638
-0.0181,5398
-0.079,6723
-0.0492,7007
0.0453,3460
-0.103,8407
0.045,4027
0.0168,4586
-0.0195,5643
0.118,1851
-0.0681,7252
-0.00506,5056
-0.255,9392
0.116,2642
-0.0276,6036
0.143,571
0.112,1459
0.0679,3202
0.0164,4615
-0.113,8324
-0.00549,5270
-0.0604,7565
0.137,2170
0.0332,4108
0.0478,2949
0.0049,4860
-0.00106,5055
0.108,1064
0.101,3594
0.0251,4283
1.23,1139
-0.556,8692
-0.0614,7482
-0.237,9832
-0.0378,5646
-0.0498,6179
0.055,3375
0.0396,3710
0.0283,4053
-0.0197,6528
-0.126,8372
-0.177,9266
-0.011,5108
-0.074,7005
-0.0448,6221
0.226,1395
-0.000419,4984
-0.207,9579
0.221,797
0.0341,4453
-0.257,9637
0.00208,5033
0.15,2704
0.208,1304
-0.163,8172
0.152,1562
-0.0632,7628
0.144,2374
-0.0532,6661
-0.0481,7881
-0.193,6495
0.0208,4165
0.0965,1436
-0.0698,8282
-0.0377,6662
-0.101,7007
0.0227,4510
-0.134,7323
-0.0291,6608
-0.0123,5557
-0.185,8770
0.0432,3531
0.302,1705
0.232,915
-0.118,9248
-0.0525,6443
0.35,492
-0.169,9004
-0.424,9892
0.16,2451
-0.261,10446
-0.0801,7299
-0.231,9032
-0.0459,6530
-0.211,10453
-0.0249,5648
-0.0581,7169
0.0118,4564
0.0213,4565
0.228,722
0.344,928
0.0109,4664
-0.0213,6079
-0.0105,5667
-0.0128,5809
0.114,2797
-0.111,7493
-0.0441,6136
0.0191,4144
0.0035,4914
-0.288,9658
-0.0384,5998
-0.0138,5492
-0.0677,8296
-0.113,7785
-0.0304,6104
-0.0743,6908
0.0507,4097
0.0552,3907
0.059,3543
0.032,2253
-0.0678,7754
-0.0223,6002
-0.174,7819
0.0994,1540
0.0205,4576
-0.0627,8250
0.0413,3023
0.0482,3674
0.15,1635
-0.258,9067
0.176,1401
-0.142,9878
-0.112,8512
0.0031,5024
0.0172,4207
0.0966,2597
-0.232,10020
0.155,1753
-0.134,9563
-0.197,9736
0.109,2128
0.0867,3449
0.0724,3580
-0.0125,5583
0.211,217
0.191,918
0.263,610
0.012,4760
-0.108,9018
-0.0851,7869
-0.32,10314
-0.0499,8301
-0.0677,8393
-0.0921,6477
-0.0349,6036
-0.000387,5206
0.0513,3310
-0.0409,6769
-0.0707,7558
0.104,2358
0.202,1418
0.108,1533
-0.0478,7298
-0.0347,5824
0.0342,3989
-0.0542,6428
-0.196,9862
0.103,1129
0.0984,1558
-0.116,8395
0.0291,4323
-0.19,6665
0.00725,4823
-0.0437,7755
-0.0684,9000
0.141,2411
0.0232,4474
-0.0579,5662
-0.0159,5479
-0.0162,5764
-0.232,9807
0.069,2408
0.477,26
-0.0839,6387
0.0618,2806
0.0431,3654
-0.0999,8871
0.144,1447
-0.075,7320
-0.0766,6844
-0.0629,7758
-0.0798,7870
0.209,51
-0.201,10222
-0.116,8051
-0.143,9841
0.0737,2139
0.00325,4722
0.0769,3664
-0.0513,6829
-0.0551,8344
-0.195,9041
-0.00963,5442
0.0293,3795
0.116,1172
-0.0756,6831
0.113,1185
0.393,264
0.453,118
0.0952,896
0.0577,2906
0.0933,3772
-0.0102,5362
-0.191,9896
0.835,182
0.123,1902
-0.0386,7462
-0.00809,5326
0.137,2607
0.0792,2117
0.168,1825
-0.0639,6807
0.114,1923
-0.0443,6444
-0.0551,7272
-0.11,8611
-0.12,8414
0.0753,1230
0.185,1251
-0.184,9398
-0.147,10205
-0.0662,7276
0.318,338
-0.00897,5507
0.0921,1145
-0.0852,6906
-0.0964,7791
-0.00699,5044
0.00732,4631
0.0126,4459
0.0173,4019
-0.16,8343
-0.0224,5213
-0.0158,5902
-0.183,8754
-0.141,9512
-0.0949,8817
-0.0475,7047
0.116,1611
0.349,278
-0.233,8894
0.0693,2016
-0.126,10043
0.195,1011
-0.0276,6033
-0.1,7847
-0.24,9156
-0.103,8331
-0.172,9825
0.0818,1887
0.292,336
-0.0793,8208
0.0493,3493
0.0976,1520
0.135,929
0.121,2412
0.0358,4200
-0.0236,5898
-0.0542,6646
0.347,183
-0.133,8752
-0.247,9032
-0.279,10304
-0.0463,7052
0.194,1554
-0.131,7744
-0.0968,7406
0.149,151
-0.146,8761
-0.085,8385
-0.074,7926
-0.264,9135
-0.173,8991
0.293,346
-0.149,8926
0.0104,4730
-0.0369,6719
-0.0492,6999
-0.136,8656
-0.152,8405
0.0161,4411
-0.144,10131
0.113,2838
0.0351,4106
-0.0681,7084
-0.0154,5846
0.0706,2268
0.312,80
0.224,1221
-0.0766,7701
-0.0916,7220
0.0238,3733
0.107,1185
0.192,834
-0.107,8857
0.167,673
-0.0466,5321
-0.064,8000
-0.0133,5509
-0.0452,7725
0.281,957
-0.168,10197
0.11,2255
0.168,1007
0.151,998
0.232,686
-0.475,9688
0.112,3600
-0.00296,5491
-0.0456,6611
0.0764,3808
0.142,1859
-0.0958,7829
-0.0619,7792
-0.267,10445
0.0667,2355
-0.0194,6340
-0.047,7501
0.224,468
-0.0632,8034
-0.0707,6737
-0.104,7014
0.0761,2884
-0.0491,7160
0.0812,2584
0.158,811
-0.0598,7199
0.0612,3525
-0.00397,5476
-0.0243,5898
0.253,160
0.0102,4816
0.165,2254
0.0993,2009
0.141,520
-0.0742,8150
0.172,966
0.197,513
-0.152,8742
-0.461,10184
0.0138,4685
-0.018,6100
0.013,4671
0.306,1510
-0.0309,5878
-0.0987,7750
0.341,312
-0.318,10109
-0.059,7517
0.182,661
0.127,1575
0.0881,2253
0.0989,1591
-0.0673,7579
-0.0496,4402
0.334,2819
-0.187,7291
0.251,877
0.198,934
-0.068,7886
0.0352,3854
-0.103,8591
0.0488,3559
-0.00602,5213
-0.125,8657
0.0197,4697
0.181,1038
0.0626,3150
-0.0793,8245
0.113,2464
0.0606,3895
0.0871,3077
-0.175,8295
-0.0914,9534
0.0967,1647
0.0357,4205
-0.205,9554
-0.0489,6005
-0.0783,8370
0.0702,2608
0.0865,1897
-0.234,10082
-0.22,10210
-0.0562,7074
0.148,1443
-0.117,9188
-0.153,10166
-0.000964,5347
0.125,1922
-0.356,10435
0.304,393
0.0406,3591
0.428,192
0.212,436
-0.123,8419
-0.358,8407
-0.0375,5842
0.137,1104
-0.0436,5927
-0.0742,6493
0.206,945
-0.0256,5612
-0.213,9601
-0.0141,5502
0.156,1152
-0.0762,7148
-0.274,7661
-0.137,7944
-0.116,7590
0.0856,2186
0.0657,1533
0.169,1821
0.0357,3624
0.0373,3494
0.0159,4512
-0.0235,5640
-0.139,9660
0.259,486
-0.162,7958
-0.202,10064
0.0809,3362
-0.00358,5345
0.165,853
-0.0611,6046
0.0954,2775
-0.0314,6281
-0.109,7022
0.0012,5157
-0.0666,6485
-0.212,10166
-0.00166,5405
-0.0475,7801
-0.0588,6998
0.105,1697
-0.0321,5995
-0.0248,5687
0.0673,2689
-0.138,7352
-0.295,7855
-0.0309,6234
-0.171,9696
0.161,1799
-0.00427,4905
-0.235,10002
0.112,1875
-0.0114,5440
-0.102,8934
0.157,872
0.0587,3798
0.104,3647
0.066,3545
0.0853,1962
-0.207,9620
0.083,1723
-0.0351,5934
0.174,978
0.174,2114
-0.0287,6867
-0.017,5556
-0.0388,5974
0.143,1341
0.0257,4031
-0.389,9961
0.0136,4516
0.0677,3108
0.0412,3383
-0.23,9534
-0.168,9534
-0.0863,7363
-0.0386,6623
0.174,972
-0.0164,5075
0.133,1320
0.0103,4806
0.229,269
0.012,4620
-0.0767,8105
0.116,1387
-0.907,10055
0.256,1643
-0.0321,5522
-0.118,8319
-0.0106,5596
-0.11,8478
-0.368,9945
0.0662,2764
0.249,1879
-0.0165,6528
0.0858,2550
-0.268,9084
-0.027,5866
0.193,2710
0.0954,3425
-0.00457,5293
0.0139,4670
-0.0412,6028
0.0297,4608
0.316,1327
-0.0251,6176
0.0338,3190
-0.0913,7727
0.323,282
-0.0607,6817
0.332,1535
-0.188,8880
0.0214,4235
-0.0232,5947
-0.004,5123
0.0161,4610
0.131,1894
-0.0559,6782
0.0428,3451
-0.118,8526
-0.301,10161
0.0847,3216
0.00351,4467
-0.177,9811
0.0204,4620
0.395,120
-0.00565,5309
-0.0459,6784
0.214,2819
-0.0541,6764
0.0317,4019
0.0367,2746
-0.217,10011
0.0691,3395
-0.269,8666
-0.00653,5135
-0.047,7411
-0.0569,8130
-0.296,9419
0.203,1674
-0.237,9133
0.603,63
-0.0639,7467
0.0115,4415
-0.0515,7382
-0.0411,7129
-0.227,10035
0.0451,4154
-0.13,9308
0.11,2387
0.357,67
-0.0378,6512
0.113,1817
-0.444,10294
0.0167,4584
-0.0222,5726
-0.0946,8428
-0.0686,7134
0.0578,3522
0.108,2373
0.182,325
0.399,250
0.507,684
-0.0641,7134
0.0841,2706
-0.0273,5732
-0.109,9134
-0.0351,6990
0.198,214
-0.123,9187
0.18,1366
-0.334,8653
0.099,1755
0.0323,3478
0.262,1252
-0.102,8431
-0.00556,5216
-0.213,9802
0.16,1266
-0.0822,8934
-0.075,7234
-0.0835,6490
-0.26,10436
-0.0547,6380
-0.135,9535
0.136,488
0.0161,4672
0.0687,3625
-0.252,9989
0.039,3706
0.209,260
-0.0513,6238
0.0782,2439
-0.195,9574
0.0106,4831
0.305,967
-0.0102,5323
-0.0352,6934
0.0368,3934
0.0497,3251
-0.104,7455
0.112,3364
-0.0524,6947
0.179,63
0.105,2653
-0.193,10307
0.465,1226
-0.0973,8362
0.117,914
-0.0769,7622
0.0531,3189
-0.322,7481
0.0128,4609
-0.0349,5445
-0.0248,5562
-0.0384,5784
0.047,3998
0.000426,5218
0.116,3316
0.0139,4792
-0.122,9317
-0.0622,6745
0.266,549
-0.0175,6156
-0.214,9817
-0.442,8237
0.138,2012
0.214,513
-0.0876,8332
-0.104,9411
-0.095,7390
-0.161,9590
-0.072,6804
0.117,696
0.0924,2429
0.059,3203
-0.213,7993
0.425,108
0.128,1573
0.138,1140
-0.208,9755
-0.00714,5683
-0.107,5688
0.0416,3430
-0.191,9917
-0.0143,5037
0.191,1374
0.128,1944
-0.29,8645
0.139,1008
-0.209,8853
0.0437,3925
-0.0594,5818
-0.00332,5226
-0.0173,4941
0.0969,637
-0.1,9410
-0.0431,6392
0.28,55
0.118,771
0.0375,3983
-0.193,9651
0.0216,4473
-0.0543,7190
0.297,804
0.112,1010
0.308,997
-0.0975,7526
-0.00752,5132
0.0942,2160
-0.0506,6376
0.0538,2782
-0.0772,7259
0.381,851
0.248,109
-0.284,9394
-0.00728,5474
-0.183,9916
-0.0764,6602
-0.188,9931
0.00734,4651
-0.0745,8377
-0.035,5460
0.204,1645
0.106,3282
-0.0658,6659
-0.0736,9121
0.0992,834
0.157,2459
-0.0806,7480
-0.108,8701
0.0958,1777
0.0468,3437
-0.0781,8806
-0.253,9869
0.015,4964
0.297,2123
-0.0734,8312
0.177,759
0.144,202
0.0937,3008
0.0599,2249
-0.236,7390
0.167,2282
0.254,432
-0.177,7260
0.197,1059
-0.244,9931
-0.119,7472
-0.165,8826
0.00919,4617
-0.0396,6702
-0.119,9218
-0.0315,5918
0.0387,4376
-0.129,8830
-0.0533,7767
0.0226,4594
-0.0906,7834
0.18,2530
0.232,1895
-0.0246,6272
0.0659,2251
0.062,2639
-0.0973,8121
0.383,162
0.159,1294
-0.286,9725
0.0654,2349
0.085,2321
-0.101,7637
0.0378,2949
0.411,711
0.0563,4147
-0.13,8608
-0.0466,6625
-0.213,9846
-0.0327,5986
0.0132,4597
-0.0189,5397
0.0218,4247
0.0904,2919
0.202,1040
0.0524,3343
-0.279,8757
0.175,908
-0.0958,8941
0.114,1395
0.0953,3212
-0.0188,5955
-0.198,8916
-0.316,9547
0.106,811
-0.0527,7297
-0.233,8366
-0.044,6432
-0.0297,5435
-0.0365,6007
0.101,3387
-0.0035,5109
0.0166,4539
0.00302,4819
0.17,2345
-0.113,6848
0.0104,4664
0.132,111
0.433,148
0.247,224
-0.0332,5632
0.141,735
-0.078,8213
-0.107,7867
0.0186,4575
0.263,1282
-0.172,6477
0.149,2742
-0.13,9239
-0.0808,8265
0.144,1944
-0.139,7270
0.0448,3939
-0.00838,5024
-0.0085,5208
0.0782,2481
0.123,1775
-0.257,8665
0.0627,3454
0.105,2356
-0.206,10254
-0.0608,9115
1.23,770
0.507,359
0.00287,4948
0.0114,4333
-0.175,10179
0.0299,3952
0.0514,3746
-0.0145,5224
0.208,780
0.107,2629
-0.143,9785
0.158,978
-0.146,9059
0.275,716
-0.225,8413
0.196,1670
0.0433,3409
-0.0115,5529
0.111,2529
-0.266,10265
0.516,367
0.00259,5277
0.0967,1943
-0.108,8544
-0.00715,4928
-0.277,8781
0.194,2004
0.0238,4332
-0.155,8576
0.144,1913
-0.118,6418
-0.03,6479
0.0177,4331
0.0442,4167
0.0372,3907
-0.253,9508
0.434,291
-0.143,7522
0.122,768
0.012,4699
-0.0634,7938
0.0901,1699
-0.0309,6010
0.0641,3923
0.0039,4932
-0.0516,5380
-0.0379,6731
-0.131,9583
0.0695,2925
-0.0432,6011
0.0651,2447
-0.103,7823
-0.0858,7438
0.0886,3548
-0.00613,5265
-0.0305,5636
-0.0851,6286
0.189,1830
0.205,292
0.087,1784
-0.0229,6310
0.235,1268
-0.222,7762
-0.19,8981
-0.229,9918
-0.0456,6442
-0.0772,7615
-0.12,9024
-0.0285,5878
-0.201,8610
0.0524,2251
-0.0567,7722
0.117,2133
0.0225,4163
0.483,640
-0.0314,5580
-0.0669,8242
-0.163,9166
0.238,436
0.0588,3507
-0.0424,6326
0.163,2404
-0.373,10441
-0.135,7762
0.336,285
0.00196,5229
-0.0378,7005
-0.065,7774
-0.075,6955
-0.0654,7333
0.0853,2723
0.0228,4421
-0.358,8504
-0.038,7221
-0.00252,5061
0.227,712
0.162,726
0.0396,3766
-0.115,8888
-0.073,6092
0.0355,3636
-0.222,10389
0.204,1101
0.0364,3835
0.00817,4784
0.26,1168
-0.105,9104
0.112,1917
-0.103,7997
0.184,1299
0.261,1993
-0.244,9003
-0.186,10278
0.0552,3673
0.339,1675
-0.147,8874
0.0335,3973
0.0386,3429
0.0536,3331
0.5,1
0.0229,4471
0.0458,4261
0.115,3307
0.011,4672
0.0926,850
0.046,3574
-0.104,8264
-0.0489,7330
-0.0237,6123
0.0321,4392
-0.139,8634
0.092,2592
-0.0258,5737
-0.073,7647
-0.209,10381
0.286,459
0.00196,5211
-0.0528,6736
0.15,1171
-0.351,8391
0.066,3299
-0.104,8412
-0.405,9635
-0.165,9969
-0.0426,6871
-0.307,9889
0.312,857
0.067,3158
0.0234,4238
-0.0143,5598
-0.206,7991
-0.288,10297
0.0884,2743
0.0923,1825
0.0503,2660
0.0732,1816
-0.154,8063
0.0363,3892
-0.447,9556
-0.19,10253
-0.0179,5818
-0.0477,6716
-0.133,6988
-0.059,6787
0.014,4579
0.208,591
-0.0757,8625
0.0707,2572
-0.0554,6158
-0.188,6576
0.175,2519
-0.0208,5941
0.119,994
0.0294,3992
-0.0598,6717
-0.193,9198
0.0491,3868
0.718,47
-0.0267,5854
0.0189,4091
-0.112,7050
0.62,387
0.0375,3417
-0.00328,5269
0.0464,3860
0.168,2442
0.0635,2267
0.155,363
0.0931,3119
-0.0853,9898
0.106,2916
0.0423,2875
-0.152,10117
0.000428,5240
-0.0639,6716
0.101,1645
-0.151,8469
-0.224,9670
0.14,1102
-0.187,9038
0.165,943
-0.258,8532
-0.403,9041
1.04,120
-0.322,10165
-0.11,8500
-0.255,8132
0.0637,3443
0.0545,3614
0.0719,2636
-0.063,7286
0.0203,4109
-0.0174,5823
0.156,3063
0.0469,2438
0.156,1309
-0.306,9885
-0.0953,7206
0.0969,3246
0.97,15
-0.0971,9248
0.00684,4961
-0.033,6517
0.0236,4251
0.125,1819
-0.29,9706
0.0635,1826
-0.0742,8313
0.226,1762
0.0287,4129
0.13,2328
0.0416,3614
-0.104,9009
-0.0553,6859
-0.0895,7267
0.122,1739
0.205,2632
-0.188,9355
0.0354,3324
-0.0999,7660
-0.168,9445
-0.0408,6247
0.00807,4816
-0.261,9906
-0.212,10139
0.0693,2285
-0.232,9750
-0.0461,5885
0.075,3982
0.0772,2596
-0.0647,6892
0.164,1377
-0.227,9709
0.473,41
-0.112,8527
0.203,2577
0.00996,4971
0.234,171
-0.242,10261
-0.0698,7387
0.0203,4381
0.299,446
0.0499,3443
0.118,2622
-0.00367,4992
-0.116,6270
-0.0547,7480
0.129,505
-0.00223,5076
0.141,1148
0.0392,3838
0.185,869
0.124,2258
0.000762,5218
-0.0755,7985
-0.146,8497
-0.313,5473
-0.0743,6663
-0.121,9607
-0.153,8286
0.0126,4403
-0.459,9417
0.0612,3671
0.0934,3050
-0.102,9829
-0.389,6949
-0.193,7309
0.142,2579
-0.0747,6593
0.0608,2517
0.098,1713
0.249,236
0.128,2095
-0.223,7945
-0.00546,5351
0.202,88
-0.0799,9563
0.0571,2989
0.287,700
0.185,359
-0.0717,6517
0.0363,3307
0.107,1110
0.274,854
0.164,381
-0.302,8383
0.148,1436
-0.151,8660
-0.198,9118
0.126,2641
-0.078,7275
-0.168,9436
0.196,3020
0.228,426
-0.101,7271
0.0742,3213
0.0826,2167
-0.148,7326
0.265,186
0.0392,3849
-0.0495,6877
0.0411,3492
-0.25,9461
0.0316,4525
0.236,510
-0.172,9878
-0.0675,8222
-0.216,7719
-0.135,7933
0.135,1973
0.057,3502
0.00256,5176
-0.0202,5927
0.256,540
-0.107,7132
0.189,2179
0.26,491
0.132,29
-0.0366,6692
-0.11,8429
-0.0506,6207
-0.0559,5854
0.0923,2827
0.0177,4475
0.0215,4523
0.0283,4188
-0.37,10404
-0.0904,7352
-0.205,7427
0.0106,4749
0.144,2490
0.0374,3896
-0.135,8980
0.103,2341
-0.168,9453
-0.236,10464
-0.0264,6623
0.00881,4693
0.492,41
0.147,2232
-0.182,7433
-0.055,7667
0.018,4367
0.00709,4607
0.446,178
0.0118,4374
-0.178,8497
0.0499,1986
0.116,2784
-0.0824,8084
-0.193,9663
-0.0119,5334
-0.0945,6527
-0.242,10418
-0.0795,8016
-0.197,7413
-0.155,9376
0.0262,4346
-0.2,9925
-0.127,9158
-0.117,8734
0.0252,3447
-0.0744,8684
-0.174,10334
0.0132,4668
-0.0101,5746
-0.038,6447
-0.0397,6037
0.365,1074
-0.331,9929
0.251,955
0.0999,1624
-0.0824,7970
0.0242,3835
-0.212,9357
0.167,2397
-0.000368,5218
-0.075,8968
0.421,9
-0.293,10403
-0.0539,6408
0.154,2259
-0.0792,6510
-0.0195,5845
0.00811,4582
0.465,646
0.23,1434
-0.2,8552
0.0201,4278
-0.114,8571
-0.00395,5613
-0.131,8348
-0.044,6019
0.0156,4493
-0.213,9779
0.00695,4948
0.123,804
-0.0402,6119
-0.151,7142
0.502,376
0.207,640
-0.0796,9132
0.17,1875
-0.0991,9184
-0.158,9294
0.0724,2896
-0.16,8235
0.0456,3723
0.0424,3734
-0.0255,6143
-0.147,9126
-0.248,9510
0.1,2673
-0.00435,4758
-0.0077,5625
0.0536,3617
0.0741,3746
-0.0764,7658
-0.106,8194
0.213,2152
0.0738,1977
0.0789,2310
-0.0609,7077
0.19,973
0.0799,2786
0.0416,3615
0.0754,1993
0.0482,3448
-0.302,8159
0.0996,3012
0.246,2169
-0.00761,5467
-0.0486,6999
0.0538,2970
-0.168,9740
0.157,772
0.301,337
-0.155,7743
-0.14,8111
0.175,1972
0.189,1293
-0.111,7416
0.254,1305
-0.255,8935
0.0181,4177
-0.0804,8901
-0.0789,8108
-0.0512,6524
-0.0893,6828
-0.117,8613
-0.256,8615
0.0928,2050
0.0018,5015
-0.00851,5379
-0.212,9790
0.329,151
-0.0564,9144
0.212,946
0.0411,3243
-0.194,9251
-0.0294,6132
0.125,2590
-0.0573,6023
0.00984,4593
-0.18,10002
0.317,1066
-0.0774,6878
-0.187,8626
-0.379,10362
-0.267,10079
-0.073,8175
-0.0733,7075
0.0921,2394
-0.287,9963
0.147,1680
0.248,757
-0.176,10082
-0.204,9736
0.0273,4506
-0.0393,6229
0.228,1782
-0.116,9632
-0.00631,5159
-0.0184,5361
0.504,4
-0.135,6291
-0.131,6245
0.0141,4321
0.0186,4409
-0.0434,5951
-0.159,8933
-0.0592,6602
0.00608,4696
-0.00443,5365
-0.0677,7143
-0.0992,8617
-0.114,7654
0.065,3078
-0.147,5172
-0.0622,8454
-0.0608,7585
0.0848,2970
-0.174,9537
0.0422,3338
-0.0187,4948
0.183,160
0.0409,2679
0.0566,3697
0.0609,2839
-0.214,8997
-0.112,7443
-0.0553,6058
-0.0432,5533
0.0645,4073
-0.0601,6617
-0.253,9238
0.19,1185
-0.2,10220
-0.0619,7796
0.00877,4714
0.00742,4768
0.0434,3975
-0.0614,7161
0.0549,2255
0.149,354
-0.0577,6991
0.0631,3666
-0.199,6199
-0.138,7130
-0.00116,5128
0.455,40
0.0957,3493
0.249,788
0.125,3033
0.0187,4478
0.156,1472
0.0248,3176
-0.00455,5152
-0.297,8170
0.0964,2287
0.0191,4382
-0.156,10026
-0.0851,6851
0.433,1856
-0.0963,7614
-0.043,6057
0.204,1501
-0.364,9951
0.0765,1807
0.0504,3647
0.0717,1732
-0.0831,8871
0.172,1279
-0.0377,7557
0.29,102
-0.0524,5934
-0.0633,6363
-0.166,8541
0.0894,3595
-0.098,6428
0.0521,2309
-0.0481,6365
-0.0914,7633
-0.284,10416
-0.204,9222
-0.136,8065
-0.139,8041
0.254,1175
-0.16,9839
-0.134,8663
-0.0123,5532
0.0973,2559
-0.0531,7355
-0.0285,5653
0.405,138
-0.124,8518
-0.0547,6445
-0.115,8043
0.0711,2558
-0.26,10091
-0.328,10330
0.146,3010
-0.361,9303
0.21,1056
-0.0407,5834
0.278,81
0.0346,3731
-0.0753,7331
0.119,2773
0.00586,4768
0.037,3875
-0.15,9132
0.0234,4292
-0.14,8065
-0.0295,5776
-0.0497,7132
-0.116,8334
-0.236,8926
-0.162,9933
-0.225,9277
-0.298,9671
-0.031,7685
0.21,1137
-0.103,7827
-0.267,10296
-0.32,10310
0.00309,4970
-0.222,9922
0.00875,4679
-0.0493,6600
-0.0738,8221
0.115,2671
0.18,1205
0.271,2062
-0.00525,5255
-0.0793,7524
0.104,1756
0.168,2559
-0.0992,7014
0.0831,3389
0.345,260
0.125,2434
-0.244,9602
0.104,2226
-0.09,7907
0.0723,2207
0.00952,4416
0.169,1625
-0.119,7360
0.187,1879
-0.149,7880
0.179,1037
0.0117,4329
-0.222,10134
-0.15,9161
-0.186,7906
-0.292,10383
0.0244,4115
0.0658,3181
-0.23,9555
0.185,1734
0.557,55
0.221,377
0.0602,2538
-0.0649,8782
-0.201,8414
0.0854,3085
-0.039,6165
-0.0888,6859
-0.148,8121
-0.0993,8336
0.0977,1996
0.093,3579
0.0193,4679
0.164,1849
-0.085,8580
-0.11,7626
0.124,2376
-0.0621,7705
0.125,2211
0.163,1289
0.183,320
0.0888,934
-0.193,9678
-0.0819,6916
-0.333,9498
0.039,4147
0.179,373
-0.143,8420
-0.105,8640
0.00685,4653
0.146,383
0.0107,4525
-0.151,9255
-0.0717,6976
0.223,469
-0.00171,5204
-0.152,9333
-0.0279,5284
-0.106,7657
-0.0903,6834
-0.00798,5456
0.0617,3012
0.056,3350
0.231,879
0.135,1261
0.0177,4021
-0.11,9104
-0.0535,5866
-0.00771,5093
0.00274,5037
0.0114,4479
0.00224,4970
-0.0205,5612
-0.094,8118
-0.048,6125
-0.0314,5607
0.0289,3852
0.116,1262
0.322,502
0.0422,3813
-0.0174,5754
0.0731,2055
-0.0488,8478
-0.107,10098
-0.51,6998
-0.0109,4938
-0.307,10366
-0.235,9809
-0.0815,8230
-0.138,8650
-0.059,5628
-0.00132,5069
0.0359,4009
-0.0938,7764
0.0218,4098
0.111,2455
0.161,1106
0.321,1215
-0.0689,5885
-0.084,7951
0.0199,4336
0.102,2480
0.0868,1128
0.12,2234
-0.000682,5177
0.174,1511
-0.0222,6398
0.0359,4100
0.103,1693
0.17,1998
0.165,2783
0.0378,3304
0.212,413
0.0489,3261
-0.0856,7810
0.0579,3190
-0.0127,5388
0.00166,5111
-0.405,10033
0.0563,3477
0.0135,4416
-0.326,9181
-0.346,7982
0.362,51
-0.116,8755
-0.106,8096
-0.0103,5130
-0.0362,6160
0.0624,2734
-0.00299,5122
0.0189,4317
-0.18,8534
-0.0565,6669
0.0315,4319
-0.103,8271
0.0964,404
0.179,769
-0.124,8749
0.164,268
0.0374,3685
-0.111,7888
0.0011,4998
-0.12,8763
0.0795,2956
0.0224,4474
0.0575,3766
-0.2,9937
0.177,1687
0.136,2344
-0.0124,5738
-0.0352,5975
0.00193,4623
0.368,425
0.0606,2340
-0.178,8260
-0.00336,5089
0.109,2459
0.0331,4146
-0.0968,6992
-0.0818,7725
-0.0328,6712
0.042,3558
-0.197,8273
0.294,1719
-0.0595,5348
-0.0426,6465
0.11,2005
0.145,2161
-0.0381,6354
-0.13,9523
0.121,3661
-0.153,10365
0.152,1636
-0.105,7747
-0.0203,6168
0.516,126
0.039,4312
0.0304,3781
0.0681,2724
-0.17,8771
-0.0436,6499
-0.00458,4989
0.0957,2780
0.0101,4679
-0.0065,5240
0.0947,1855
-0.382,10121
2.5,12
-0.413,9553
-0.0393,6991
-0.11,6868
-0.0712,7688
0.175,1561
-0.135,7332
-0.562,10165
0.126,1019
0.26,1957
0.385,849
-0.0199,5745
-0.298,8919
-0.181,9185
-0.0407,7226
0.0425,3746
0.21,327
0.112,3223
0.344,62
-0.0608,7089
-0.00167,5295
0.0683,2572
-0.325,9856
0.177,1978
-0.121,8276
0.231,1799
-0.0243,6204
-0.144,9337
0.0888,2522
0.185,1311
0.0728,2901
-0.295,10161
-0.18,10354
0.1,2186
0.0549,3098
0.217,88
-0.323,9973
-0.215,9296
-0.236,10358
0.0447,3301
-0.135,9295
0.0998,2299
0.113,1712
-0.261,8567
0.0294,3718
-0.0409,7207
0.058,3142
-0.208,9800
-0.0327,5951
-0.137,8693
-0.0228,5626
-0.0479,7175
0.0636,3674
-0.332,9769
0.116,1391
0.114,3401
-0.128,9366
0.00255,4965
-0.00872,5111
-0.221,9100
-0.137,7137
0.108,3162
-0.0541,7446
0.169,909
0.207,2093
0.00744,4672
0.0703,3354
-0.00328,5114
0.125,1395
-0.00617,5405
-0.0849,8137
-0.188,8749
0.00551,4783
-0.221,8370
-0.0169,5436
-0.0826,8559
0.164,342
0.029,4119
0.469,413
-0.0755,7676
0.387,243
0.0111,4788
0.0396,3354
-0.0836,6960
0.143,351
-0.0928,7962
0.0488,3467
-0.000297,4852
-0.294,9262
-0.21,10329
-0.179,7483
0.113,2724
0.0442,2860
0.0526,2552
-0.0838,7682
-0.00144,5108
0.0538,2442
-0.251,9298
0.134,1361
-0.156,9999
-0.312,10230
0.194,1182
0.0862,2644
0.442,92
-0.0127,5743
0.00223,4891
0.19,688
0.0791,2908
-0.0921,6725
-0.104,8507
0.063,2560
0.0664,3267
-0.112,7406
0.0222,4365
0.0883,3267
-0.00551,5266
0.225,357
-0.0987,10052
-0.169,8935
0.0469,2988
-0.0301,5683
-0.24,9882
0.134,1095
0.0307,3106
0.0774,2635
0.161,1210
0.224,560
-0.084,5787
0.301,105
0.000435,5039
0.0243,4536
-0.0188,6181
0.079,2157
-0.0231,5864
0.238,925
-0.12,9524
-0.253,10150
0.0693,3120
-0.0188,5449
-0.0113,4877
-0.314,9467
-0.0726,7517
0.129,2763
0.0768,2694
-0.229,7383
0.0559,3919
-0.0141,5398
0.34,15
0.0586,3622
0.139,2850
0.0624,3492
0.00852,4944
0.0553,2444
-0.0103,5551
-0.029,6249
-0.224,9198
0.256,352
-0.466,9981
-0.0315,5704
-0.0471,6745
0.0189,4516
-0.0913,7282
-0.0339,5406
0.333,655
-0.142,8477
0.00738,5021
0.106,1244
-0.11,9420
0.181,1545
0.153,2508
-0.0454,6925
0.1,3214
-0.249,9772
-0.0435,6058
-0.0905,7015
0.0417,3764
0.0627,3223
0.0349,3282
-0.129,8410
-0.0692,7085
-0.119,7752
-0.0657,7031
-0.136,9649
0.00923,4398
-0.0557,6882
0.203,3004
-0.233,9420
-0.0501,6018
0.045,1959
-0.0586,7661
-0.0825,7209
-0.0641,7528
-0.0975,7516
0.264,995
0.247,390
-0.133,9466
-0.0253,6019
-0.0971,9484
0.132,1687
-0.113,8983
0.0785,2424
0.0148,4680
-0.291,9993
-0.3,8236
-0.00226,4970
-0.184,10336
0.109,1674
0.166,1693
-0.194,8781
0.429,313
-0.552,8499
0.576,205
-0.194,10167
0.111,1473
-0.173,9170
-0.11,7535
0.312,1575
-0.293,10184
-0.193,9542
0.028,4369
-0.136,9310
0.1,2297
-0.0454,5705
0.0595,2339
0.0934,1327
-0.043,6655
-0.172,9835
-0.0466,5642
0.00549,4671
-0.193,6619
-0.00869,5355
-0.113,8928
0.135,2160
-0.0439,6442
-0.168,8474
0.0523,3771
-0.0658,7057
0.249,11
-0.11,8770
0.0506,3809
0.0248,4290
-0.0106,5062
0.135,336
0.0258,3845
-0.169,8981
-0.101,8278
0.0745,1165
0.129,2569
-0.0945,8784
-0.04,7045
-0.0789,7222
0.293,1059
0.112,2818
0.14,471
-0.0409,6696
-0.0928,8264
-0.0385,7197
-0.16,9839
-0.0853,7779
-0.44,9342
0.137,1529
3.48e-05,4971
0.0371,3911
-0.106,9248
-0.0607,6992
-0.0231,6319
0.0448,1561
0.157,809
0.084,2818
-0.127,8617
-0.305,9475
0.251,2006
0.0687,2999
0.161,652
-0.306,9898
-0.139,7238
0.234,47
-0.0164,5331
-0.132,7966
0.000341,4954
-0.0995,7849
0.335,369
-0.179,9524
-0.128,7013
-0.0511,8198
-0.0984,8056
-0.13,7669
0.117,3132
0.109,2554
0.0301,4154
-0.255,9120
-0.0254,5992
1.39e-16,3156
