coef,rank
0.489,1906
-0.00741,5028
0.172,1752
-0.0567,5679
-0.318,8108
0.171,1252
0.107,1328
0.346,277
0.116,2445
-0.00835,5178
-0.0353,6470
-0.183,10357
-0.0851,8243
-0.171,8990
0.0344,4378
-0.295,6861
-0.0169,6330
-0.00802,5606
-0.0679,7296
-0.105,8354
-0.0251,5620
-0.3,8528
0.0301,4106
-0.0946,7838
0.416,948
0.0166,4689
0.0157,4486
-0.375,7155
0.382,348
0.173,787
0.1,2528
-0.0314,5380
-0.267,10007
-0.319,9348
-0.0147,5462
0.0555,2393
-0.0668,7584
0.39,496
-0.197,9653
-0.159,8909
-0.0392,6529
-0.0483,8386
-0.182,8935
0.00807,4918
0.0236,4346
-0.287,9987
-0.0743,9041
0.0407,2605
-0.104,7122
0.0274,4106
0.0194,4271
-0.0975,7076
-0.24,10053
-0.0532,7832
-0.0687,7251
0.0467,3934
0.0296,4110
0.233,1138
-0.0796,8941
-0.162,10060
0.106,2810
-0.0682,6879
-0.0757,8340
-0.0698,8912
0.0316,3721
0.0165,4396
0.0375,3679
0.0183,4395
0.00761,4851
-0.0143,4412
0.0275,3878
0.0814,2156
-0.126,8355
-0.151,8485
0.15,2364
-0.107,8580
-0.0264,6178
0.138,1068
0.0969,1567
-0.0258,6173
0.391,1907
0.0199,4343
-0.0317,6871
-0.168,10093
-0.00503,5189
0.174,2085
-0.12,8975
-0.221,8257
0.0513,2400
-0.00619,5545
0.0728,3448
0.168,1575
0.153,2410
-0.338,10289
-0.272,10117
0.165,455
-0.122,7162
0.0925,1578
-0.0107,5513
0.0347,3926
0.0468,3056
0.0912,2221
-0.116,9083
-0.212,9100
0.0285,4460
0.587,39
-0.278,9504
-0.0739,6926
-0.0378,5899
-0.229,9865
-0.423,9787
-0.0421,5648
-0.0404,7084
-0.0226,6452
-0.0772,7352
-0.139,9199
-0.0998,8923
-0.0246,5390
0.11,2344
0.0702,1792
-0.074,8667
-0.0622,8002
0.214,1769
-0.114,6437
0.246,56
0.117,2973
-0.0719,6158
0.0364,3875
0.115,2336
-0.133,8629
-0.202,10371
-0.0275,6348
-0.195,8887
-0.079,8006
0.377,2363
-0.0156,5114
0.0888,1969
0.0825,2376
0.28,1438
-0.127,9916
0.172,1727
0.133,1932
0.0394,3737
-0.139,9650
0.0732,3320
-0.121,7855
-0.0549,7496
-0.054,6153
-0.112,8407
-0.0567,7629
0.378,2106
0.0744,3223
3.67e-05,4671
0.0226,4264
0.0392,3707
0.00855,4804
-0.22,8902
-0.139,9037
-0.311,10257
-0.0355,6065
0.0975,2837
0.0243,3566
0.126,1896
-0.0555,6674
0.0173,4433
-0.0342,6865
-0.0231,5911
0.109,1373
0.00614,4695
-0.251,8892
0.0068,5069
-0.0302,6564
-0.128,10344
-0.0588,7106
0.0509,2866
-0.093,7194
-0.207,7949
-0.00448,5431
-0.123,9351
0.193,1208
-0.122,9444
-0.0201,6142
0.0276,3715
-0.0844,10050
0.136,1266
0.0877,1872
0.0847,2931
-0.0454,7042
-0.0173,5012
-0.00778,5592
-0.048,6289
0.0111,4369
-0.0227,5911
0.0121,4670
-0.0412,5594
-0.0971,8864
-0.196,9745
0.0884,3423
0.0191,4137
-0.0258,5388
-0.0397,5988
0.175,2114
0.0493,2767
0.00335,4898
0.432,94
-0.17,8490
-0.0609,6859
-0.0977,7310
-0.00766,5297
0.00269,5047
0.0109,4834
0.359,295
-0.222,9594
-0.206,9542
0.117,280
0.0941,1620
0.309,206
-0.00673,5244
-0.104,6701
-0.199,4554
-0.17,9397
-0.0658,8166
0.0675,1672
0.064,3665
0.313,1366
0.0202,4400
-0.016,5627
-0.077,8536
-0.0979,9569
-0.213,8957
-0.218,10026
0.221,1451
-0.0237,5645
0.0964,734
-0.0928,7390
-0.116,8008
0.069,3889
-0.104,7750
-0.212,8973
0.0719,4000
-0.138,7179
-0.0962,8703
0.00776,5001
0.00379,4888
0.0224,4098
0.2,780
-0.235,9706
0.104,1813
0.0909,2955
-0.149,9824
-0.0546,8183
0.447,369
0.191,2212
0.0581,3771
-0.171,7226
0.209,533
-0.0385,6481
-0.0981,8486
0.19,931
-0.191,9539
0.0191,4373
0.0755,2109
-0.0185,5779
-0.0909,6735
0.204,416
0.164,1331
-0.458,9838
-0.123,7929
0.00929,4519
0.161,1353
0.0292,3984
-0.0545,6028
0.17,958
-0.0255,5748
-0.132,8070
-0.116,8612
-0.24,10146
-0.214,9312
-0.0412,6497
-0.0546,6757
0.0513,3728
0.159,1678
-0.157,8412
-0.0848,7049
-0.0467,6307
-0.109,9716
0.0738,2987
-0.242,9742
0.248,806
0.254,954
-0.164,7825
-0.0688,8608
0.118,1317
-0.00516,5098
-0.0434,6855
0.0688,3676
-0.0772,6604
0.215,481
-0.12,8986
0.057,3450
0.136,1590
-0.124,8165
0.402,1093
0.0437,2818
-0.171,8709
0.046,3448
0.119,3159
-0.237,9383
0.0746,2206
0.1,985
0.202,404
0.109,2362
0.607,145
0.164,2242
-0.0341,5969
-0.0292,5720
-0.0556,6536
0.0698,3509
0.0141,4546
-0.267,9801
0.188,2585
0.0383,3372
0.156,888
-0.0176,5955
-0.0306,5836
0.0418,2809
0.0199,4467
-0.00143,5422
-0.00324,5202
-0.153,8260
0.168,1516
0.241,1011
0.195,2351
-0.0158,5911
0.117,993
-0.18,9895
-0.102,8998
0.196,406
-0.0139,5118
0.0366,3251
-0.208,4449
0.453,236
-0.0207,6376
-0.0458,7626
0.108,2788
0.0287,3680
-0.0716,7031
-0.725,8099
-0.456,9273
-0.845,9062
-0.408,6665
-0.134,4844
0.165,1746
0.00143,5001
-0.0366,6335
-0.257,9910
0.101,948
0.0697,1369
-0.281,6563
0.0825,3494
-0.245,9472
-0.465,9832
0.00482,4808
-0.00665,5436
0.234,2060
-0.0129,5234
-0.0757,7821
0.0825,2298
-0.097,7259
0.112,1228
-0.0591,6776
-0.0473,6191
-0.00496,5122
0.118,2847
0.113,2342
-0.0357,6553
-0.165,8470
-0.0509,8196
-0.132,8464
0.0244,4367
-0.136,9436
-0.0538,6814
0.181,1036
-0.135,8938
-0.379,10191
0.0945,2721
0.0822,2726
-0.114,8905
-0.0172,5525
-0.175,8254
0.0235,4305
0.0711,3665
0.00833,4943
0.139,1142
0.326,1071
-0.00343,5254
0.0159,4813
-0.0105,5271
0.0879,2484
-0.0479,7016
-0.0757,7707
0.128,2559
-0.171,8648
0.197,3037
0.0244,2492
0.0619,2795
-0.192,8802
0.288,977
0.218,1199
0.0176,4841
-0.129,9660
0.00921,4219
0.0379,771
-0.263,10362
-0.458,10320
0.0342,3950
-0.164,8166
0.0798,1679
0.169,1261
-0.179,9025
0.0095,5057
0.191,1619
-0.0596,6048
0.0638,2469
0.152,1532
-0.0362,5751
0.0878,3076
0.102,2339
-0.145,10081
0.133,1054
-0.171,9001
0.13,1635
0.327,578
-0.0516,7100
-0.076,6715
0.0795,2405
0.0661,1837
0.705,739
-0.233,9068
0.0313,4359
-0.223,7991
0.0525,2911
-0.00791,5217
-0.143,8046
-0.322,8992
-0.373,10334
0.0655,3697
0.184,405
-0.222,8695
0.0829,3458
-0.205,9819
0.236,845
-0.144,9047
0.29,80
0.0577,1885
-0.143,8417
-0.0579,6765
0.141,2029
0.134,1666
0.162,612
0.372,272
-0.0328,5752
0.144,2463
-0.179,9325
0.133,1759
-0.0217,6098
-0.0358,6559
-0.172,9073
-0.163,8903
0.0244,4015
-0.0478,6405
-0.145,8981
0.0234,4553
0.0193,4590
0.0736,3586
0.0751,2690
-0.0898,7671
-0.0305,6379
-0.237,8769
-0.0613,7632
-0.209,9452
0.251,998
-0.0705,7546
-0.0187,5994
-0.0706,8372
-0.0425,6899
0.0207,4141
0.0922,2170
-0.156,9148
0.0568,696
-0.0436,6542
0.0284,3930
-0.186,7967
-0.163,7244
-0.0938,8620
-0.0727,7565
-0.113,9072
0.163,1275
-0.207,9866
-0.203,8755
0.122,1364
0.0494,2230
0.0725,2436
0.133,2855
0.0294,4094
-0.517,10280
-0.0184,5348
-0.00527,5100
0.0594,2558
1.23,33
0.0918,3369
0.341,812
-0.243,7966
-0.0949,9248
-0.0795,8613
0.208,289
-0.0333,5883
0.235,1257
0.139,2026
-0.172,10224
0.231,446
-0.392,9855
-0.00674,5238
0.0998,3000
-0.197,7550
0.0464,3087
-0.00931,5346
0.0102,5038
0.0255,4154
0.0231,4472
-0.197,9339
-0.0863,8586
0.0128,4414
-0.843,9833
-0.409,6494
0.527,1332
0.1,2556
0.259,836
-0.079,8069
0.369,227
-0.0186,5302
0.264,325
-0.0403,6725
0.00603,4948
-0.116,8267
-0.0391,6630
0.119,3679
-0.492,9533
0.194,313
-0.246,9705
-0.0343,6346
0.3,459
-0.108,7659
-0.0799,7571
-0.041,6233
-0.0836,7188
-0.11,8374
0.053,3201
0.0964,2737
-0.0945,7894
-0.0872,8471
0.4,3
-0.116,8865
-0.0674,7170
-0.067,6489
0.0644,2401
-0.00846,5600
-0.054,6422
0.178,1152
-0.0325,5908
0.151,1376
-0.182,9290
0.111,2006
-0.00935,5460
0.359,1066
-0.193,10079
-0.0457,5968
0.0195,4719
-0.131,9463
-0.144,8949
-0.0731,6500
-0.0943,8663
-0.0408,7003
-0.006,5095
0.0909,1828
-0.0756,7941
-0.0817,7592
-0.0645,7666
-0.191,8715
-0.0249,5422
0.0356,2980
0.0299,4215
-0.00307,5072
-0.00113,5109
-0.262,10283
-0.00482,5071
-0.0835,7641
0.0761,2336
-0.0884,7298
-0.0599,6028
0.00147,5049
0.201,1475
-0.081,7669
0.166,321
-0.134,7849
0.0102,4719
-0.221,8640
-0.113,6946
-0.169,9752
-0.155,9747
-0.0992,7506
0.0436,3534
0.0673,3515
0.0608,3516
-0.091,8000
-0.0118,5470
0.0934,1266
0.0114,4707
-0.06,7253
-0.0784,7573
-0.0889,8549
0.417,103
-0.036,6609
-0.214,5384
-0.418,9480
0.108,1669
-0.00551,5253
0.0131,4146
-0.00395,5424
-0.16,7918
-0.185,9529
0.13,864
0.00438,4955
-0.0673,7771
0.307,413
-0.175,8139
0.334,369
-0.141,9265
-0.178,9124
-0.323,6504
-0.0275,5895
0.059,3758
-0.192,9212
0.0234,4197
0.0644,3032
0.00764,4366
-0.0245,6294
-0.202,7523
-0.275,9574
-0.0133,5853
-0.0437,5838
-0.635,9379
-0.0294,4229
0.124,2809
-0.0131,5233
0.00911,4959
-0.0156,5416
0.0774,3279
0.0289,3283
0.0387,3780
0.00539,5076
-0.267,7427
-0.0237,5976
0.117,1703
0.0299,3695
-0.142,8058
-0.111,8780
-0.215,8470
-0.106,9067
0.0738,2790
-0.26,10383
0.259,847
0.232,1705
0.215,1154
-0.103,7521
0.084,1839
0.116,1754
0.127,2466
-0.00691,5550
-0.0706,7157
-0.149,7677
-0.0233,6110
0.364,377
-0.0223,5573
0.254,2582
-0.0804,7570
0.0152,4806
-0.123,8522
-0.0204,5696
-0.106,7491
0.225,1723
-0.00917,5136
-0.174,7508
-0.0657,6124
0.0924,2585
0.0486,3633
-0.0866,5830
0.186,1270
-0.188,9722
-0.0836,7885
-0.0942,7832
0.0129,4513
0.288,387
-0.236,8436
0.307,2715
0.0157,4446
0.196,160
0.07,2182
-0.207,9086
-0.0155,5997
-0.058,5373
0.0299,3888
0.077,1992
0.165,2433
0.0248,4489
-0.105,7870
0.13,2100
-0.113,8142
0.00177,5128
0.619,431
-0.112,6807
0.192,3210
0.411,549
0.0541,2408
-0.0777,7036
-0.0885,7036
-0.0218,5861
0.273,270
-0.35,9542
-0.0334,6218
0.0461,3695
0.229,588
-0.0151,5641
0.128,3326
1.12,124
-0.0494,7502
-0.0954,9388
0.0217,4184
-0.0332,6227
-0.0357,6022
-0.194,9095
0.0226,4219
0.311,167
0.151,1748
-0.0524,5544
-0.0767,7343
0.0189,4236
-0.115,8921
0.0482,3279
0.00952,4755
-0.0505,6086
-0.0153,5715
0.0858,2625
0.454,264
-0.0273,6508
-0.34,10419
-0.178,9220
-0.0722,7334
-0.06,6151
0.0347,4170
0.118,2178
-0.0742,7099
-0.0299,5435
-0.223,9407
0.282,730
0.14,480
0.128,2783
-0.498,10199
-0.143,8461
-0.205,8614
-0.101,7330
-0.0352,6386
0.134,1468
-0.0171,5173
-0.0812,8920
0.118,3082
-0.417,10357
0.106,2594
0.0502,2713
0.168,1263
0.00451,4855
-0.164,8867
-0.305,10104
0.17,521
-0.132,8416
-0.0345,8900
0.00922,3832
0.013,3486
0.00374,4524
0.012,2744
-0.483,6797
-0.254,9603
-1.04,9466
-0.0663,7435
-0.118,8288
-0.0588,5765
0.0254,4683
-0.0196,5303
-0.118,9233
0.237,1233
-0.147,9271
0.178,2309
0.07,1480
-0.0779,7259
0.0955,2284
-0.0323,5004
-0.386,8625
-0.477,10214
-0.378,8490
0.065,3463
0.0601,3522
0.216,2976
-0.164,8477
-0.0374,5992
-0.275,8102
-0.238,10290
0.0595,3135
0.372,1063
-0.184,9526
0.189,402
-0.085,8622
0.0513,4258
0.0817,3044
-0.00929,5288
0.191,2081
-0.145,8579
-0.0532,7457
0.018,3787
0.0243,4355
0.0233,4323
0.41,66
0.317,810
0.24,634
0.162,1213
0.268,903
0.198,857
0.0224,4482
-0.0179,5638
0.00365,4946
-0.0995,7992
0.0407,3470
0.0148,4470
-0.018,5361
-0.165,7241
0.196,600
-0.0646,7573
0.0589,4062
0.114,1608
-0.0678,6657
0.00734,4771
-0.12,9101
0.264,326
0.0565,3906
-0.0411,7078
-0.0774,7123
0.0966,2173
-0.0432,7006
0.0455,3503
0.0848,1961
-0.0527,6860
0.00995,4768
0.129,2688
-0.0485,7644
0.0752,2067
-0.364,9427
-0.203,8651
0.0832,2481
0.304,376
0.000623,5261
-0.123,9689
-0.108,8957
0.194,2521
-0.192,9714
0.0228,4395
0.311,2254
0.203,515
0.358,2053
-0.0773,9093
-0.113,9008
0.0246,3983
0.121,3295
-0.18,5442
-0.0934,5872
-0.259,8575
0.0807,2806
-0.158,7101
-0.18,9708
-0.166,9817
0.0771,2898
-0.0486,6843
0.0603,3291
-0.0282,6091
0.0199,4368
0.153,965
0.0818,2614
-0.0593,7040
0.297,800
0.137,1113
0.0796,3420
-0.0485,5938
0.0654,3388
0.0195,4699
-0.466,7632
-0.499,6437
0.341,214
-0.268,8670
-0.175,8544
0.284,776
-0.249,9328
0.131,1660
-0.119,8252
0.0403,3425
-0.0636,7244
0.0209,3768
0.114,2156
0.251,850
-0.0986,7508
0.00121,4974
0.153,1728
0.0799,1673
0.44,640
0.125,2408
-0.332,9655
-0.063,6786
0.124,619
-0.19,9780
-0.0557,5342
0.194,775
0.0848,2620
-0.0622,6294
-0.0614,7884
0.039,4109
-0.381,10087
0.179,951
-0.0272,5951
-0.0674,6361
0.13,283
0.0491,3186
-0.484,7886
0.549,1778
0.282,973
-0.012,5764
0.161,2388
0.0421,4012
-0.252,8940
0.0308,4314
0.0517,3595
0.459,409
0.0742,1739
-0.0548,6362
-0.443,7282
-0.208,7341
0.423,1865
0.13,1359
-0.0351,5998
0.101,2400
-0.0982,6312
-0.13,6589
-0.286,7516
-0.00153,5565
0.208,435
-0.1,6424
-0.0171,5562
-0.193,7862
-0.123,9069
-0.128,9797
-0.000291,5107
-0.0145,6267
0.106,2059
0.166,415
0.0466,2952
-0.129,9728
0.0265,3696
0.129,1775
0.234,112
0.146,2786
0.23,2076
-0.136,8687
0.0539,3285
-0.104,8386
-0.261,9891
0.0631,3283
0.103,2721
-0.0148,5314
-0.102,8821
4.24,107
-0.231,8814
-0.351,8823
-0.106,7125
-0.116,7745
-0.147,9181
0.274,1264
-0.0769,7132
0.0861,2329
0.201,954
-0.11,8509
0.0147,3559
0.241,1061
-0.347,6833
0.297,1689
-0.0862,7219
-0.17,10266
-0.144,9320
-0.149,8022
-0.00516,5043
-0.00806,4908
0.198,299
-0.113,8148
-0.103,9345
0.0513,3994
0.00538,4885
0.232,2104
-0.224,9125
-0.164,7984
-0.0452,6732
-0.00488,5444
-0.0169,5672
-0.0796,6898
-0.155,6827
-0.0299,6136
-0.111,8856
0.475,307
-0.332,10459
-0.0159,5434
0.655,290
0.107,1617
-0.124,9217
0.188,1666
0.0795,3015
-0.208,8613
0.335,1059
0.162,1326
0.257,141
0.0118,4546
-0.123,7951
0.124,1196
0.506,1366
0.136,305
-0.119,9330
0.413,630
0.0866,3058
-0.239,8985
0.106,2617
-0.255,10094
-0.0327,5730
-0.0471,5812
0.0809,3202
-0.00165,5116
-0.00772,5302
0.0129,4732
-0.156,9720
-0.113,9032
-0.0469,6748
-0.056,6472
-0.321,10224
0.141,680
-0.174,9951
-0.00329,5164
-0.109,7039
-0.00753,5244
0.0667,3683
0.31,186
0.0218,4095
-0.0965,6192
0.0711,3012
0.0163,4555
-0.298,8833
0.0777,2895
-0.138,9260
-0.0905,6546
-0.218,10117
-0.206,5479
0.039,3942
-0.182,9759
0.241,266
-0.0079,5562
-0.0916,7437
0.0701,3273
-0.0177,5791
-0.027,6030
0.0269,3997
-0.0639,5784
-0.205,7796
-0.0708,7503
-0.0181,5615
-0.123,9754
-0.102,8393
0.0623,3616
0.0335,4117
0.257,676
0.000753,5025
0.183,715
-0.0379,6571
0.0695,3011
-0.154,8198
0.0681,3469
-0.00224,5229
0.0325,3571
-0.0621,6679
-0.0525,7005
-0.353,9511
0.168,1850
-0.34,10370
0.145,1815
0.285,448
0.105,2943
-0.155,7391
-0.237,9036
0.0488,3187
-0.038,6592
-0.201,8182
-0.105,8484
-0.0953,8325
0.124,2870
-0.109,8749
0.0764,1899
-0.0671,6233
0.122,2195
-0.23,9710
0.0624,3916
-0.105,7199
0.161,333
-0.18,10187
0.348,221
0.0667,2191
0.481,453
0.0021,4905
0.0015,4895
0.0612,3744
0.138,3561
-0.312,7485
0.304,1122
0.178,977
-0.0603,7793
-0.0571,7055
-0.118,9268
-0.157,7464
-0.175,8909
-0.0158,6094
0.00761,4786
-0.118,7825
0.0554,3990
-0.0863,7191
0.0852,2544
-0.0596,8092
0.00146,4977
0.132,2146
-0.028,6165
0.0313,4080
0.382,953
0.172,1039
0.182,2121
0.147,853
-0.239,9719
0.0109,4629
0.0844,3047
-0.0666,8560
-0.149,8265
0.238,284
0.208,244
-0.000642,5098
0.0617,3497
0.0264,3380
-0.0939,8153
0.00413,4805
-0.136,8338
0.337,634
0.452,459
0.106,1188
0.0278,3845
0.299,790
-0.163,7918
0.0639,3761
-0.149,8753
-0.322,10409
-0.0991,8859
-0.504,8732
0.1,2748
0.491,389
0.0217,4349
0.0302,4151
-0.419,9725
-0.0147,5904
0.312,930
-0.188,7907
-0.0942,7780
0.136,888
-0.133,8874
0.0787,2617
0.0496,3126
-0.163,9056
-0.064,7559
0.0418,3290
-0.0244,6141
0.149,376
-0.146,6880
-0.0643,6739
0.0156,4763
-0.179,9770
0.302,150
1.74,677
-0.185,7339
-0.00404,5093
0.641,1357
-0.202,10153
-0.0685,6315
0.25,196
0.135,1394
-0.0738,6969
-0.135,8586
-0.208,8762
-0.0926,9406
-0.121,9074
0.0329,3905
0.136,2834
0.171,2334
0.219,602
-0.0223,6508
-0.137,9066
0.0398,3742
-0.0848,7796
0.0226,4153
-0.0725,8770
0.00181,4910
-0.211,10181
0.0994,3105
-0.188,6663
0.0408,4111
-0.0512,6568
-0.111,8667
-0.18,8908
-0.0204,6171
0.254,873
-0.194,8711
0.283,535
0.0736,2862
-0.0318,5921
0.861,660
0.428,26
-0.0165,5035
0.124,1019
-0.194,10121
0.0012,5218
0.189,2079
0.00987,4985
-0.101,7200
0.0083,4372
-0.0595,7285
-0.281,10395
-0.00923,5398
-0.0345,6280
0.0513,4020
0.0593,3606
-0.0753,5991
-0.0272,5748
-0.0512,6499
-0.213,8539
1.65,83
0.507,9
0.0548,3996
-0.0749,7263
-0.00464,5105
0.00823,4899
-0.169,6997
-0.0458,6669
-0.0931,7860
-0.211,9743
0.238,2288
0.014,4446
-0.213,9879
0.00512,4805
-0.0424,6603
0.0914,3715
-0.181,9733
-0.322,8759
-0.0285,6208
0.0149,3954
-0.00649,5039
-0.0924,7732
0.469,300
0.102,1678
0.0239,4139
-0.193,10151
0.0662,3363
-0.0315,6671
-0.00913,5289
0.0237,3924
-0.00732,5638
0.0394,3443
-0.0911,7774
-0.151,7729
-0.194,8949
-0.0665,7741
-0.165,9817
0.131,1835
-0.028,6154
0.104,3207
-0.175,7843
0.236,1040
-0.0612,7355
0.132,1253
0.0417,3970
-0.0836,8158
0.569,410
0.0545,2521
-0.106,9202
0.0425,3064
0.135,2647
0.0783,2380
-0.319,9317
0.175,789
-0.0357,7183
0.0448,2945
0.102,2259
0.0213,4253
-0.00483,5130
0.196,2118
-0.0405,6141
0.0794,2058
-0.0473,6112
-0.0862,7657
0.666,87
-0.0659,6354
0.241,608
-0.0135,5855
0.135,1312
-0.105,8155
-0.0236,5817
-0.0466,5957
-0.0667,6615
0.0806,2066
0.395,179
-0.00297,5356
-0.124,8359
-0.142,7718
0.256,363
-0.0402,6086
-0.107,7270
-0.0584,7415
0.0903,2000
-0.255,5699
-0.0923,7103
-0.0261,5758
0.126,1228
-0.0215,5735
-0.263,9833
-0.168,10004
0.116,1667
0.167,799
-0.42,9210
2.54,533
0.104,3895
-0.0356,5708
0.546,177
0.359,1405
-0.268,10103
-0.154,8715
-0.0433,5919
-0.194,9697
0.0776,1562
0.18,1568
-0.216,9211
-0.0685,6945
-0.26,9675
-0.205,10253
0.0198,4058
0.0794,2747
0.312,185
-0.129,7467
-0.0469,7569
0.583,73
-0.128,9658
-0.395,10077
-0.0115,5615
-0.0419,6027
-0.207,10012
-0.0923,9402
0.00498,5106
-0.00431,5158
0.206,422
0.121,3268
-0.327,7554
0.0807,1713
0.032,3165
-0.0794,6843
-0.101,7905
0.339,2607
0.512,1535
-0.0159,5605
-0.0211,5709
0.0271,4216
0.0758,2119
-0.0143,5682
0.0324,4002
0.000827,5258
-0.056,8107
0.0524,2666
0.122,1379
0.0102,4666
0.0519,3353
-0.101,10324
-0.0872,8195
-0.0522,5699
0.0833,1726
-0.414,10062
0.039,3835
-0.0543,7742
-0.0221,5743
0.111,2582
-0.187,8357
-0.13,9648
0.0822,3470
0.0145,4686
-0.04,6563
0.0133,3914
0.333,1800
0.0534,511
0.21,1198
0.159,1407
-0.032,5042
0.0392,4145
0.026,4484
0.122,2179
0.227,2153
-0.126,8067
-0.0837,5856
0.0273,4594
-0.00159,5108
-0.289,9666
-0.334,9067
0.259,541
0.356,373
0.0244,4116
0.0617,2734
0.201,871
0.0127,4128
-0.353,8262
-0.0733,6290
0.0285,4300
-0.031,5883
-0.00593,5357
0.219,402
-0.313,10244
0.091,3444
0.173,1565
-0.038,7701
0.255,628
-0.0725,7574
0.209,1374
0.0913,2969
0.382,465
5.58e-05,5039
0.121,487
0.0339,3844
0.0628,3351
-0.0416,6646
0.186,2459
-0.0721,6816
0.0428,3497
-0.104,8246
-0.184,9464
-0.265,9255
-0.296,8606
0.079,2346
0.00898,4616
-0.0635,7282
0.0367,4382
-0.142,8751
-0.0892,6832
-0.107,8694
0.0314,3964
0.0332,3876
-0.00874,5307
0.152,3104
-0.0591,6830
0.067,2480
-0.0411,6174
-0.14,8092
0.0542,3413
0.284,313
-0.037,5322
-0.0194,5746
-0.0366,7440
-0.0952,6888
-0.236,9746
-0.0776,6680
0.231,1629
-0.0155,5691
-0.0438,6638
0.00329,4886
-0.256,9722
0.0379,4435
0.171,2651
0.129,224
0.0379,2672
-0.0513,7307
0.182,619
-0.584,10179
0.183,234
0.0516,2863
-0.0946,7282
-0.126,8324
0.0385,4084
-0.028,5344
-0.122,8423
0.242,531
0.127,1382
-0.145,9163
-0.0756,7891
0.118,2583
0.14,1599
0.00155,5020
0.00583,4955
-0.17,8592
0.185,1558
-0.0993,7083
0.161,912
-0.036,7125
0.0912,1362
0.409,653
-0.187,6911
-0.39,10151
0.461,98
-0.124,7867
0.115,1570
-0.03,6564
0.0344,3896
0.0653,3471
-0.0207,6003
-0.102,8218
-0.117,7910
0.319,1224
-0.249,9650
0.249,1774
0.00251,4886
0.0839,1729
-0.24,9444
0.0583,3600
0.11,308
-0.204,7747
0.00494,5167
-0.0605,8152
-0.0907,7872
0.193,280
-0.151,3569
0.531,929
-0.371,10269
-0.028,6122
-0.0444,6694
0.195,1921
0.101,3602
0.174,290
-0.21,10319
0.542,102
0.0484,3450
0.045,2979
0.128,1704
0.249,528
0.171,746
-0.145,9034
0.0575,3039
-0.244,10242
0.0967,1904
-0.122,7704
0.0518,4118
-0.00577,5205
-0.00396,5100
0.232,823
-0.066,7144
-0.0779,6684
-0.0119,5360
0.0653,1607
-0.11,9932
-0.201,6922
-0.657,8847
0.505,1316
-0.307,10092
-0.000234,5102
-0.0938,9005
0.0515,3403
-0.149,8608
-0.309,10433
0.0169,4460
0.0736,2153
-0.0161,5135
0.151,1870
-0.155,8798
0.0792,2325
-0.0497,6433
0.00799,4838
0.0911,2175
-0.133,9136
-0.115,7886
0.0161,4770
-0.265,9933
0.213,484
0.00721,4815
-0.0678,7186
0.0327,4172
-0.294,9391
-0.193,6530
-0.0495,6432
0.19,601
-0.236,8619
0.922,15
-0.00596,5278
-0.0429,6798
0.0466,3077
0.0265,4015
0.0391,2953
0.00174,4783
0.0302,4033
-0.00362,4894
0.0838,2479
0.19,441
0.075,2887
0.14,1898
-0.0054,5376
0.0754,3932
0.0688,2003
0.0135,4775
0.0503,3931
0.0942,3476
-0.0441,6429
-0.201,8970
-0.0918,8909
-0.177,8657
0.0302,3924
0.00648,4979
-0.0903,6832
-0.098,7438
-0.0954,8762
0.224,299
0.0997,2119
-0.00292,5138
0.0849,3282
-0.128,9702
-0.0587,8135
-0.239,8963
-0.172,6772
-0.132,9002
0.0279,4163
0.107,1706
0.00011,4886
-0.0252,6086
-0.188,9058
-0.0428,5893
-0.00331,4942
-0.0708,7476
0.00895,4690
0.208,1125
0.0852,2986
0.0839,3587
0.0554,3879
-0.00481,5142
0.0863,2621
-0.0484,6801
-0.255,10316
-0.0689,6343
0.336,761
0.0171,4360
-0.0641,7649
-0.15,7402
0.0506,2711
0.0746,3429
-0.115,7395
0.00983,4722
0.146,1567
-0.0166,6484
-0.0908,7988
-0.0116,5803
-0.0253,5909
-0.0426,6732
0.0655,2607
0.17,1930
-0.111,7992
-0.139,9008
-0.403,9532
-0.0337,5617
-0.0508,7144
0.157,1489
0.14,1829
-0.119,8470
0.0617,3777
0.0409,3708
-0.154,10032
0.196,2555
-0.00871,5193
0.241,488
-0.014,5361
0.0984,1808
0.011,4495
0.136,664
0.0371,4311
0.17,2298
0.014,4921
0.0745,3033
-0.0992,8228
-0.0231,6142
-0.16,8114
0.124,2268
-0.0806,7123
0.156,1536
-0.0833,8011
0.0203,4442
-0.117,7216
0.13,2356
1.62,929
-0.142,8626
-0.151,8437
0.204,973
0.0553,3466
0.0571,2690
0.111,1380
0.193,1975
-0.00199,5083
0.148,1779
0.0153,4417
0.0701,1640
0.0569,2653
0.386,732
-0.278,10031
0.0406,4208
0.0226,4403
-0.0291,7115
-0.0742,7963
-0.176,9161
-0.072,6063
0.197,2057
0.418,629
-0.111,8451
-0.0547,7758
-0.203,9757
-0.0987,7475
0.0877,2612
0.0441,3624
-0.189,10341
-0.0076,4757
3.67,67
-0.0121,5338
0.052,3466
-0.152,8937
0.448,219
-0.0191,5810
0.119,2417
0.0216,4477
0.103,1493
-0.0196,5927
0.0106,4837
-0.166,8992
0.0482,3729
-0.228,9284
-0.165,9808
-0.157,9263
0.0234,4477
0.127,2513
0.15,2593
0.00904,4772
0.0422,3903
-0.0254,5621
0.00453,5102
-0.105,7965
0.12,1559
0.0154,4764
-0.00135,3248
-0.144,8768
0.23,3191
-0.0266,6784
0.0976,1486
-0.541,7416
0.0221,2970
-0.245,9663
-0.297,9775
-0.0819,6041
0.0836,2311
0.168,676
0.211,1669
0.38,1149
0.346,440
0.0342,3749
0.0759,2498
-0.0664,6599
0.00932,4920
0.112,3020
-0.266,6556
0.139,509
-0.00678,5420
0.0483,3673
0.0514,4238
0.0826,2745
0.0714,3139
0.0923,1172
0.307,764
0.184,1632
0.065,3328
-5.27e-05,4956
0.285,879
-0.0686,6857
0.101,1739
-0.117,8731
0.133,2340
-0.0385,6657
-0.0152,5544
-0.053,9511
0.0316,3042
-0.127,7394
0.135,1582
-0.123,9650
0.122,2319
-0.00645,5341
0.0578,2825
-0.414,9793
0.213,2054
-0.194,7105
0.419,170
-0.253,9859
-0.0345,5644
0.154,1780
-0.13,7236
-0.132,7770
0.115,2389
0.0737,2685
-0.197,8827
-0.017,5417
-0.247,8325
0.0515,3783
-0.0176,5137
-0.0964,8906
0.0164,4534
-0.0273,6992
-0.0933,8343
-0.164,8913
0.177,1495
-0.131,9041
0.0986,2007
0.0649,2644
-0.164,8970
0.229,2470
-0.053,7842
-0.0748,7430
-0.0696,8010
0.103,2978
0.0361,4253
0.0264,4203
-0.201,7960
0.15,891
0.164,1990
-0.098,8012
-0.09,8435
-0.0133,5748
0.0595,3442
-0.0265,6012
-0.049,6743
-0.0516,6225
-0.0416,6594
0.0178,4668
0.116,2315
0.0917,989
0.0149,4556
-0.000129,4895
-0.0709,6912
0.174,203
-0.0016,5201
-0.0218,6073
-0.0191,5659
0.00641,4628
0.131,1528
-0.229,8916
-0.0752,6495
-0.081,7369
0.0269,3633
0.0386,4021
0.252,2881
-0.41,10364
0.0861,2936
-0.147,8255
0.16,969
0.0314,4307
-0.118,6894
0.0742,1484
-0.0773,7341
-0.155,9107
-0.242,10406
-0.538,8084
-0.19,9418
0.0789,2957
0.319,2033
-0.101,8530
0.117,2863
0.193,730
-0.129,8877
0.0782,2443
-0.228,8874
0.0671,2050
-0.0946,8777
-0.206,8942
-0.136,7882
-0.07,7131
0.0812,2034
-0.103,9545
-0.0291,7045
-0.0108,5280
-0.0843,7012
0.212,237
-0.0112,5527
-0.0529,7541
-0.163,9724
0.153,1050
0.194,1556
0.124,2807
-0.0182,5857
-0.0534,6833
-0.0142,5620
0.201,2667
-0.0888,8932
0.117,3200
0.0745,2787
-0.00105,5202
-0.341,9287
0.131,2600
-0.038,6619
-0.0506,7218
0.158,1601
0.0991,1235
0.246,434
-0.162,7641
-0.271,9502
-0.069,5954
0.378,1462
0.261,153
0.0557,2689
0.024,3807
0.00385,5001
0.197,1423
0.29,433
-0.114,8429
0.0705,2879
-0.0159,5557
-0.0737,7608
-0.0162,4955
-0.131,7225
-0.0681,7564
-0.0134,5841
0.115,2928
-0.0579,7437
-0.295,9493
-0.353,8354
-0.0118,5736
-0.227,9407
-0.0563,6857
-0.0473,6819
0.00635,4942
-0.126,6645
0.414,203
0.316,607
-0.115,9084
-0.033,6007
-0.178,8993
-0.117,8906
-0.272,10427
-0.265,9361
-0.414,10257
-0.041,6760
-0.148,6959
0.27,955
0.00928,4640
-0.00959,5148
0.103,2175
-0.112,9071
0.0506,3709
-0.0803,7903
-0.0511,6155
-0.022,6208
0.0491,3569
0.0273,4289
-0.266,8824
0.0203,4310
-0.0398,5975
-0.0522,6313
-0.188,9351
0.191,862
-0.0176,5782
0.345,1087
0.0473,2767
0.0576,2606
-0.085,8970
-0.0941,8977
0.0492,3389
0.0573,3403
-0.0143,4925
-0.133,7846
-0.0131,5616
-0.103,7524
-0.0165,5239
0.319,440
-0.0953,7500
0.00616,4849
0.111,2416
-0.0965,7929
0.0905,3258
0.0865,3475
0.116,2288
0.00171,4981
0.332,151
0.114,2762
-0.135,8941
0.0971,1845
0.0367,3526
-0.0732,8121
-0.046,6172
0.0967,1865
0.326,1323
-0.0765,6661
-0.169,9255
-0.0247,6260
-0.0648,6450
-0.167,10053
0.17,1436
-0.00203,5099
0.329,429
0.00224,4886
-0.164,9046
0.0204,4491
0.296,748
0.28,1870
-0.184,7970
0.2,1565
-0.0316,5823
0.228,1213
0.153,3404
0.116,2680
-0.0884,6112
-0.211,10115
-0.0692,6932
-0.00128,5257
-0.0438,7115
0.341,846
-0.0381,7549
0.0348,2615
0.0272,4343
-0.0631,6150
-0.0253,6569
-0.0134,4938
0.0771,1657
0.0219,3879
-0.0721,6741
0.165,1694
-0.0922,7134
0.207,1582
0.0603,3494
0.0519,3137
-0.0492,6870
-0.126,9030
-0.05,5960
-0.237,9922
0.104,2392
0.0239,4015
0.0928,2165
-0.0791,6157
-0.0318,5594
-0.0976,7349
0.171,180
0.136,1044
-0.119,9514
0.0388,4201
0.41,565
0.09,3075
-0.0277,6583
-0.0728,9150
-0.00918,5239
-0.0678,5865
0.00957,4678
0.533,291
0.106,3619
0.115,2357
0.0322,4127
0.139,1624
-0.266,8775
0.0104,4937
-0.00817,5353
-0.0972,7006
0.819,16
0.195,417
-0.0803,6224
0.413,1059
-0.11,9491
0.111,1967
0.177,1732
0.268,778
0.294,639
-0.214,9559
0.0136,4729
-0.108,7852
-0.0654,7220
-0.132,8052
-0.64,10051
0.127,2648
-0.0728,7462
0.132,2440
-0.216,9974
-0.256,10231
-0.0735,7181
-0.183,9990
0.182,843
0.141,1374
-0.111,8044
-0.645,10202
0.187,994
0.0755,3303
-0.0496,6672
-0.0338,7218
0.203,1134
0.113,2711
0.135,1026
-0.249,9405
0.0419,2955
0.00776,4586
-0.171,8098
-0.138,8696
-0.277,10263
-0.0785,7361
-0.0592,6421
0.155,943
-0.1,7708
-0.271,8670
-0.0889,7306
0.338,1260
0.224,946
-0.0409,7061
-0.134,7906
0.0709,2933
-0.0175,5696
0.0679,3885
-0.0219,6102
-0.0404,6849
0.178,1035
-0.113,8933
-0.2,9499
0.00249,4912
-0.00699,5325
0.0157,4390
-0.022,5692
0.00924,4676
0.00916,4781
-0.148,9426
0.137,867
-0.00157,5323
-0.173,6960
0.136,2819
0.0345,4278
-0.0538,6892
-0.0826,8960
0.0432,2885
0.0598,3546
-0.129,7180
-0.0787,5377
0.58,1537
-0.0229,5672
-0.0749,8775
0.00621,4968
0.0402,3754
0.248,262
-0.000717,4941
0.0757,2393
-0.189,10323
0.104,2257
-0.032,5933
-0.0014,5246
0.357,772
0.00458,4586
0.113,1985
-0.00461,4954
-0.00572,5312
-0.00694,5346
0.0646,3549
0.00584,4769
0.0522,3143
-0.146,9047
0.112,2186
-0.198,8610
0.1,2484
-0.000122,5233
-0.463,9813
-0.108,9455
-0.058,6461
-0.107,7538
-0.273,8898
-0.0493,6759
-0.0617,8002
0.306,1068
0.108,2907
-0.0618,6737
-0.424,9903
-0.259,9630
0.0349,4399
-0.238,8964
0.377,219
0.0718,3357
0.0144,4528
-0.0199,6160
0.0942,2858
0.0204,4090
0.106,2752
-0.127,8404
-0.358,8885
0.067,2839
-0.562,9054
-0.0866,7136
0.182,1474
-0.196,9724
-0.199,9933
-0.0527,7474
-0.131,7792
0.291,129
-0.302,8626
-0.0907,9440
-0.11,8375
0.0804,2263
0.313,168
-0.0532,6447
-0.243,9792
-0.194,9497
-0.0172,5552
-0.00433,5105
0.154,2247
-0.219,9621
0.207,1267
0.104,1883
-0.0562,6792
0.0551,2207
-0.0899,6309
-0.516,9319
-0.498,10325
0.115,1899
0.151,1781
0.112,1273
-0.0552,6055
0.0619,3532
-0.145,7328
0.056,3498
0.198,719
0.0514,2996
0.125,2169
-0.0948,8048
-0.482,10262
0.0448,4118
-0.0254,5831
-0.1,9582
0.21,118
-0.159,9237
-0.0919,6265
0.263,2685
0.0432,3081
-0.119,9899
-0.222,9259
-0.17,8313
-0.43,9095
-0.0207,5547
-0.125,9081
-0.0239,6293
-0.0594,6759
-0.151,7845
-0.199,10335
-0.119,9929
0.0752,1590
-0.0316,6272
-0.162,9258
-0.109,8909
-0.192,9723
-0.17,9578
-0.145,8756
-0.00663,5511
0.0355,4164
-0.138,8778
-0.18,8181
0.156,2310
-0.129,8503
-0.0915,8053
-0.133,8582
-0.0952,6687
-0.414,8063
0.146,1937
-0.18,9785
-0.0561,6338
-0.267,9015
-0.0995,10007
-0.01,5473
-0.0479,6437
0.0324,3499
-0.119,9467
0.356,1075
0.108,2346
0.307,368
0.272,566
0.0392,3969
-0.187,9621
0.162,1453
-0.122,8114
-0.0783,6927
0.156,2113
0.0266,4278
0.0196,4175
0.0924,2504
-0.259,7154
0.0214,4593
0.146,2430
0.126,2718
-0.163,9565
-0.161,8659
-0.0248,5869
-0.0457,5595
-0.0826,9470
-0.087,8559
-0.142,10245
0.0209,4683
-0.147,7061
0.000362,5229
0.0404,4074
-0.101,8791
-0.0498,6434
0.0168,4644
-0.173,9380
0.0862,3659
-0.419,10189
0.0344,3844
-0.0103,5842
0.186,613
-0.0445,7503
-0.000888,5167
0.189,445
-0.114,7338
0.0657,2787
-0.0556,7277
-0.0543,6676
-0.0459,6572
-0.0428,6616
0.212,1891
-0.0847,7845
-0.377,9647
-0.107,6687
-0.0265,6401
0.0711,2896
0.15,1819
0.0932,2221
-0.0473,7023
0.0871,2161
0.195,563
0.0791,3052
-0.0627,6783
-0.362,9783
0.199,589
0.08,2657
0.0375,3726
0.144,2552
0.00752,4940
-0.101,9102
-0.00238,5206
-0.183,9813
-0.317,10296
0.0229,4568
-0.0697,6682
-0.143,7358
-0.0737,8230
-0.00239,5249
-0.362,9735
-0.00938,5179
-0.0465,6128
-0.0267,6055
-0.0703,7328
-0.136,8091
-0.00432,5221
-0.0387,6457
-0.222,8686
-0.0592,7712
0.00118,5057
-0.0901,9184
0.0196,4142
-0.333,10271
-0.217,8834
0.237,1021
-0.2,8681
0.121,1194
-0.0267,5828
0.25,454
0.0513,3175
0.0254,4582
0.0247,3817
0.0938,1956
-0.209,7256
-0.146,6438
0.171,2236
0.0375,3906
-0.00466,5500
-0.0146,5762
-0.474,9767
0.0491,4175
-0.157,8176
0.011,4788
-0.172,9354
0.0816,3259
2.16,528
-0.0601,3786
-0.311,4846
-0.558,10305
0.136,1083
-0.00884,5298
-0.0336,6184
-0.389,6673
-0.0855,6695
0.146,864
-0.031,7461
0.0548,3647
-0.315,10237
-0.02,5733
-0.175,7584
0.00967,4878
0.226,175
0.181,2225
0.154,1368
-0.23,7972
-0.0158,5745
0.0462,3448
-0.0878,8282
-0.0287,5543
-0.0837,6403
-0.206,8786
0.0769,1613
0.53,134
0.0116,4500
0.0556,3472
0.0927,2845
-0.0682,7316
-0.174,9986
-0.0631,6419
0.148,1228
0.0196,4254
0.206,1306
1.1,117
-0.0991,8201
0.0166,3847
0.0761,2657
0.18,2081
-0.172,9056
0.343,1081
0.0062,4890
0.103,1910
0.287,882
-0.138,7547
-0.0171,5412
0.668,215
0.0676,3732
-0.0953,8691
-0.0841,7219
0.0591,3992
-0.0287,6142
-0.229,7189
0.168,494
-0.0686,7720
0.155,1503
-0.037,6208
-0.0489,6038
0.218,942
0.436,81
-0.252,9400
-0.206,9433
-0.29,10107
0.16,2020
-0.221,8104
-0.127,7968
0.145,914
-0.0889,7857
-0.00343,5249
0.254,476
-0.151,7991
0.0392,3105
-0.023,5619
0.151,2144
-0.386,9110
-0.394,9568
0.489,473
-0.16,9293
0.0327,3871
0.229,427
-0.14,6779
0.457,1020
0.225,649
0.446,448
-0.0147,5166
0.0149,4565
0.0977,3042
0.428,1029
-0.0737,7991
0.279,158
-0.177,10101
0.0284,4128
-0.00598,5193
-0.0281,5799
0.157,1015
0.286,700
-0.124,10016
0.162,2126
-0.0888,7041
-0.121,6980
-0.241,9502
0.173,228
-0.0477,7319
-0.0817,6345
0.361,220
0.365,1103
0.155,2513
-0.0889,8420
0.208,256
0.189,1338
-0.199,9425
0.306,1254
0.0101,4790
-0.0308,7230
-0.129,9793
-0.0894,6982
0.121,2036
-0.0406,6619
-0.106,7500
0.0548,3328
0.159,845
0.149,1073
-0.331,8169
-0.175,6937
-0.0203,5455
0.0182,4266
-0.168,9618
-0.129,9006
-0.0586,6925
0.273,213
0.125,2625
-0.21,10283
-0.0978,8860
-0.145,8416
-0.0542,6764
0.311,171
0.0974,3149
0.102,563
0.0196,4532
0.241,1632
0.582,185
0.753,105
-0.12,6233
0.131,1215
0.307,234
0.102,2703
0.0318,4149
0.0747,3069
0.406,183
0.0396,3187
0.115,1192
-0.0553,7037
0.125,2586
0.124,2745
-0.178,9395
-0.0696,9269
-0.0915,8002
-0.0744,7231
0.0143,4435
-0.167,9814
0.0158,4502
-0.027,5636
0.0552,2213
-0.076,7838
-0.0123,5436
-0.105,8047
0.158,2646
-0.0456,7432
-0.00495,5354
-0.00307,5115
-0.114,7422
0.522,191
-0.193,7237
0.0246,4038
-0.00171,5145
-0.0563,7461
-0.128,9293
0.208,723
0.181,1403
-0.0601,7848
0.0975,1531
-0.029,6271
-0.0489,6229
0.00133,4479
0.583,10
-0.0881,7789
-0.0465,5961
-0.0668,7093
-0.156,8098
0.0514,3645
-0.0207,4812
0.239,634
-0.222,10146
0.0838,2778
0.171,1160
0.0735,4106
-0.151,8494
-0.0778,7759
0.107,768
-0.211,9980
-0.122,8710
-0.168,8801
-0.16,6781
0.132,1798
0.0527,3332
-0.385,9406
0.272,2368
-0.0999,7851
-0.0721,7365
0.174,1374
-0.058,7014
-0.102,7875
-0.304,10344
-0.0758,7004
-0.0731,6578
0.081,2609
0.0984,1898
0.0408,3838
0.129,1129
-0.188,8213
-0.099,6497
0.0714,2932
0.0272,3252
0.17,3006
0.135,1884
0.145,982
-0.0839,8839
0.0789,1854
-0.0845,7777
-0.0995,8274
-0.0101,5290
-0.161,7701
0.0247,2979
-0.0258,6620
0.129,1273
0.466,220
-0.367,10093
-0.106,7853
0.377,268
0.0293,3475
-0.148,9476
-0.00268,5085
0.26,1005
-0.302,10083
0.129,1144
-0.116,9990
-0.0598,7913
0.136,2045
0.00666,4959
0.00826,4464
-0.0436,5855
-0.068,6521
0.0152,4381
-0.183,8015
0.0579,3184
-0.18,7604
0.3,59
-0.0128,6104
0.00625,4963
0.418,360
-0.331,9593
0.107,2935
0.118,1333
0.0153,4341
-0.0458,6657
0.428,32
-0.00798,5132
0.34,1316
-0.0155,5311
0.112,1594
0.152,651
-0.366,9620
0.212,1972
0.0865,3129
-0.162,7971
-0.0351,6815
-0.0701,7200
-0.123,8321
0.031,3991
0.236,1004
-0.0649,7602
2.62,346
-0.0926,7803
-0.202,7956
0.0573,3674
-0.316,9352
0.0985,2867
0.0195,3669
-0.225,9826
-0.294,6169
-0.196,8005
0.177,2440
0.349,1076
0.035,3534
-0.0295,6816
-0.146,4722
0.409,2339
-0.927,9438
-0.166,8586
-0.0929,6081
1.03,45
0.0491,4153
0.673,224
0.0146,4706
-0.00419,5331
2.44,467
-0.192,4404
-0.205,7898
-0.0299,6726
0.0828,2275
-0.328,6914
-0.36,9352
0.557,590
-0.12,7160
0.168,1397
-0.0257,3492
-0.297,8715
-0.0256,6748
-0.259,9843
0.00471,4996
0.0918,3107
-0.454,7509
0.181,1373
-0.305,9620
0.24,898
-0.0493,6404
-0.389,7341
0.307,1719
-0.343,10425
0.532,1240
0.0373,4439
0.176,956
-0.218,7616
-0.128,7772
-0.0663,6339
-0.289,6207
-0.053,7081
-0.0053,5039
0.261,496
-0.000835,5074
-0.115,7204
0.124,2374
-0.0438,6735
0.0399,3477
-0.153,8310
0.0433,4196
0.00616,4793
-0.047,6451
0.0581,3311
-0.27,9071
-0.0962,8103
-0.0346,6970
0.00102,5018
0.0474,3889
-0.00837,5258
-0.214,10024
0.136,1014
-0.043,7739
-0.0589,7306
-0.52,8357
-0.773,9726
-0.447,9271
0.177,2967
0.254,2480
-0.0694,7297
-0.112,7775
-0.46,10194
-0.141,9102
-0.0431,6635
-0.0394,7457
-0.000333,5019
0.287,589
0.135,608
0.232,1057
0.0875,1993
-0.196,9811
0.359,2038
0.0838,2427
0.0973,2324
-0.169,8201
-0.0546,7518
-0.0807,9342
-0.193,10015
0.218,743
-0.0366,6653
-0.0564,6900
0.385,42
0.217,974
0.111,733
-0.154,8234
-0.0571,7124
0.235,878
-0.0845,9509
0.0967,2160
0.0994,2874
0.0511,3057
-0.0935,6297
-0.000896,5031
0.0359,3223
-0.0287,8285
-0.163,9072
-0.193,8562
0.115,935
-0.074,7566
0.0926,2631
-0.0381,6316
0.117,2278
-0.433,10052
-0.00576,4924
0.182,816
-0.0486,6675
-0.271,9836
-0.0322,6164
-0.121,7024
-0.158,8488
-0.0645,6155
-0.0165,6288
0.00462,5029
-0.164,9498
0.238,535
-0.162,8227
-0.0895,7102
-0.0449,6465
0.223,233
0.019,4181
-0.204,9633
0.0134,4670
-0.0672,7809
0.0801,3118
-0.154,9331
-0.0944,7485
0.00994,4776
-0.0689,5893
1.01,589
-0.0109,5445
-0.0435,7208
0.217,124
0.0769,2784
-0.354,9067
0.0625,2286
0.0591,1605
-0.0442,6443
-0.176,8732
0.204,1532
-0.18,9272
0.00549,4720
0.112,2151
-0.227,10451
-0.155,9717
-0.147,9047
-0.226,7830
-0.511,9626
0.0841,1993
-0.125,9970
-0.145,7005
0.178,1791
0.0332,4535
-0.251,7412
0.032,4222
-0.147,7668
-0.293,7689
-0.0294,5540
-0.558,9214
-0.0883,6951
0.169,2324
0.0442,4202
0.191,721
-0.0131,5787
-0.0197,5240
0.0527,3874
0.107,258
-0.0436,6064
0.0369,3217
0.0128,4542
-0.317,9812
0.284,388
-0.125,9984
0.0246,4084
0.0715,3157
-0.0269,5729
-0.167,8645
0.114,1786
0.0499,3385
-0.0909,9039
-0.185,9190
0.141,2186
-0.317,9557
0.0524,3444
0.122,685
0.206,951
0.19,767
0.0357,3463
-0.192,8597
-0.0816,5877
-0.0555,8043
-0.122,10028
-0.223,9555
0.0885,2863
0.126,287
0.0832,3360
-0.00185,5189
0.0727,2755
-0.0434,5507
0.0765,3492
-0.0914,6689
-0.183,9044
0.166,1446
0.0443,2337
-0.219,9970
-0.00566,5461
0.0859,2598
-0.0888,7063
0.119,1699
0.0487,3283
-0.142,8644
-0.0183,5877
-0.321,10349
-0.356,10079
-0.124,9379
-0.164,9460
0.128,1995
0.253,1579
-0.0209,5179
-0.175,9829
0.0453,3540
-0.0907,6821
-0.127,8017
-0.142,10142
-0.0691,7127
-0.392,9744
0.148,2365
0.0554,3299
-0.0767,6708
-0.0571,6669
-0.0806,6511
0.0944,2592
-0.0595,6499
-0.0702,7174
0.125,2484
0.154,2382
0.18,2878
-0.00706,5174
0.181,122
0.0237,4603
0.2,1345
-0.206,9076
-0.206,2725
-0.0663,8410
0.229,258
0.0154,4623
-0.12,7332
-0.293,6937
0.019,4734
0.236,1911
-0.0539,6666
-0.154,8285
-0.0619,5887
-0.0135,5613
-0.0699,8298
0.0155,4772
0.0775,3248
-0.00542,5375
0.15,945
-0.0358,6661
0.142,2146
-0.000924,5170
0.0828,1554
-0.0532,6211
-0.0638,6785
0.156,1848
0.0113,4801
0.19,2569
-0.00467,5063
-0.0581,8873
-0.0419,6136
0.0542,3463
-0.152,9586
0.142,1841
-0.161,8233
-0.0322,7388
-0.579,7600
-0.19,4566
0.292,2066
0.0246,4234
-0.397,7466
1.8,324
-0.194,4305
0.124,2735
0.1,2342
0.205,821
-0.0745,8114
-0.171,9840
-0.112,7638
0.0521,3742
0.475,59
0.111,2357
0.066,1574
0.224,1164
-0.202,8905
-0.294,9322
0.296,304
0.0778,2430
-0.268,9717
0.192,813
0.0304,3848
-0.128,8914
-0.166,7906
0.0655,1755
-0.029,6773
-0.0502,7306
0.057,2283
-0.192,9631
0.482,636
-0.0717,8497
-0.0307,6017
0.0765,2931
0.178,856
-0.289,9962
0.0471,4375
-0.0504,6737
-0.00747,5485
0.162,2103
0.0173,4694
-0.324,10410
0.107,1974
-0.0689,7559
-0.107,6326
-0.228,9671
-0.103,6723
-0.0435,6422
0.0514,2874
-0.00777,5185
0.244,1278
0.157,2889
0.661,99
0.0351,4335
-0.148,9568
-0.043,6166
-0.0416,6327
0.175,1125
0.0446,4160
-0.129,9424
-0.0441,6545
0.238,1148
-0.0759,7183
-0.0362,6295
-0.223,9690
0.013,4820
0.0875,1534
0.174,1038
0.0553,3442
-0.188,8433
0.263,990
-0.0115,5401
-0.0366,7069
-0.00274,5198
-0.0185,5861
-0.209,9389
-0.0261,5389
0.0398,3625
0.108,2492
-0.0362,6541
-0.158,9299
0.0874,2192
0.177,1583
0.249,134
-0.107,9249
0.124,1471
0.0245,4102
0.0561,4014
-0.0955,8530
0.108,549
0.213,126
-0.131,9442
-0.104,6973
-0.0363,6165
0.244,177
-0.0745,8119
-0.00546,5442
0.0582,3760
0.107,2471
0.184,1856
-0.0738,6560
-0.0339,6807
0.0654,2115
-0.0177,5187
-0.0404,6247
-0.0852,7834
0.0553,3311
0.163,1184
0.0429,3791
-0.0768,7232
-0.128,8071
-0.228,9299
-0.081,9271
-0.172,9157
0.127,1536
-0.329,8795
-0.255,8447
-0.144,6574
-0.146,9566
0.0214,3847
0.0374,4237
0.183,2545
-0.0655,6153
-0.0731,5865
0.0964,2328
-0.0472,7055
0.0343,4033
0.176,1729
-0.165,8762
0.309,1146
-0.0075,5566
0.0101,4483
0.955,1057
-0.183,8260
0.0801,3058
0.155,1868
0.028,3681
0.108,1382
-0.105,7645
0.0251,4529
0.156,909
-0.0276,5644
-0.0303,6409
-0.0105,5723
0.0641,2275
0.311,122
0.00229,5178
-0.134,8554
-0.0519,7968
0.123,565
0.0288,4123
0.151,2317
0.0279,4350
-0.122,7823
-0.207,9317
0.465,119
0.165,2478
0.044,3783
0.361,292
-0.356,9725
-0.146,9061
0.0931,878
-0.0225,6620
-0.0648,8217
0.191,1639
-0.15,9413
-0.00608,5159
0.0101,4592
-0.126,9838
-0.137,8346
-0.0998,8818
-0.124,8067
-0.0402,6415
0.0737,1833
-0.222,7957
-0.504,9656
0.144,2274
-0.0705,6078
0.0784,3147
-0.00615,5533
0.181,1297
-0.0221,5806
0.0456,4141
0.193,2783
-0.0355,6374
-0.0543,6860
-0.012,5875
0.414,271
0.0403,3861
-0.172,8455
0.137,319
0.0353,3340
-0.145,8202
-0.124,8480
0.224,2148
0.533,245
0.12,1718
0.452,1873
0.15,1804
-0.0665,6212
0.492,177
0.219,98
0.0599,2892
-0.32,9255
-0.0303,6019
-0.0375,6272
0.315,1475
0.306,280
0.308,175
0.057,3576
-0.134,9493
-0.612,9509
0.0343,4357
0.124,1236
0.0894,2632
-0.0785,9534
-0.352,8874
0.0701,3201
-0.0899,7552
0.141,859
0.0076,4861
0.215,881
0.00115,5110
-0.117,9733
0.325,707
0.0536,3398
-0.047,7213
0.0589,954
0.00167,4839
0.0537,3178
0.0927,2371
-0.286,10255
-0.0123,5133
0.0903,2063
0.0465,3038
0.118,2935
0.148,1339
-0.0239,5793
-0.161,10180
-0.022,5986
0.139,1929
0.139,2552
0.0183,4345
-0.0558,6520
-0.226,9492
0.000499,5086
-0.243,7956
-0.113,7481
-0.0965,7946
0.286,2299
-0.0382,5991
-0.0509,8814
-0.0644,8670
0.00762,4807
-0.157,8820
0.18,1072
-0.0487,6859
-0.0694,7174
0.0629,3127
0.102,3511
-0.0878,7420
-0.147,9648
-0.0013,5086
0.269,94
-0.125,9483
-0.0955,8803
-0.511,9796
0.12,3052
0.0127,4178
-0.083,8306
0.0994,3030
0.0642,3042
-0.299,9776
0.351,70
0.316,157
0.0313,3984
0.000614,4886
0.348,1326
-0.072,6503
-0.098,8697
0.0639,3045
-0.0212,6460
0.0572,3332
0.0657,3110
-0.355,10391
0.304,384
-0.171,9716
0.0783,2860
-0.0726,7408
-0.265,10455
-0.05,6555
0.104,1549
0.131,867
0.247,375
-0.131,9562
0.0092,4694
-0.0312,5838
0.172,1488
0.0305,3716
0.00718,4608
0.033,4043
-0.0171,5680
-0.203,8718
0.235,1224
-0.112,8231
-0.066,8374
0.161,1636
-0.0479,7919
-0.0872,8389
0.016,3773
0.0727,3075
0.0749,1720
0.0508,3466
-0.0446,6965
-0.173,6370
-0.302,9925
-0.135,9300
-0.0295,5734
-0.00956,5146
-0.0911,7973
-0.0954,6120
-0.226,10210
-0.154,7434
-0.103,7606
0.111,2771
-0.0714,6896
-0.122,7988
0.217,1057
-0.0706,7168
-0.00511,5400
0.0976,1958
-0.328,8171
0.141,1868
-0.0191,5715
0.259,1007
-0.132,10235
-0.0939,7424
0.185,948
-0.0557,5946
0.0865,3791
-0.0398,6462
-0.0689,8396
0.255,726
-0.0686,6036
0.224,849
-0.0116,5221
-0.0375,6571
0.0613,3200
-0.0235,5994
-0.183,8832
-0.0576,6232
0.0727,3350
0.0284,2665
-0.00398,5371
0.0636,3087
-0.0356,5993
-0.128,8506
-0.164,8277
-0.0494,6689
0.0437,4017
-0.014,5565
0.0308,3772
0.142,1713
-0.123,7706
-0.0889,7335
-0.0698,7058
-0.163,7694
-0.178,9507
0.216,1339
0.0614,2563
-0.18,9786
-0.022,6056
-0.0743,8254
0.116,899
0.0687,2627
-0.00325,5154
-0.0663,7485
-0.0375,6657
-0.0255,6248
-0.0644,7684
0.0872,2948
-0.0519,5875
-0.000392,5075
-0.0923,8818
-0.0741,6511
0.162,1285
0.0245,4265
0.0842,3159
-0.0138,5665
-0.0287,6385
0.0303,4362
-0.0595,6508
-0.162,8841
-0.338,10392
-0.151,9696
0.0108,4702
-0.0926,7995
-0.204,7702
-0.138,9408
0.00322,4937
-0.108,7628
-0.0291,6829
0.0528,2365
0.248,271
0.0717,3255
0.0417,3628
-0.0544,8018
-0.267,9465
-0.0996,7347
0.13,2609
-0.169,8787
0.261,1316
-0.0458,6809
0.04,2419
0.0484,3218
-0.149,7200
-0.102,8300
-0.117,8201
-0.137,9203
-0.213,9971
0.124,3343
-0.276,9752
0.0343,4076
0.0777,2168
-0.0249,5756
0.0475,3085
0.0662,3440
0.0607,3243
-0.219,7854
-0.00149,5163
0.174,2507
0.273,2386
0.0742,1147
-0.00164,5192
-0.0548,7284
0.0895,2771
-0.142,9415
0.153,3368
-0.063,7298
-0.0433,6753
-0.204,10351
0.209,840
0.119,1763
0.353,1411
0.186,221
0.073,2126
0.00394,4936
0.167,981
0.0255,4282
0.0258,4187
-0.227,9989
-0.0169,5961
-0.155,8323
0.0277,4100
-0.11,8210
-0.16,8205
0.00118,5183
-0.169,9427
0.18,943
0.214,1376
0.00672,4827
0.0709,2700
-0.108,8333
0.0196,4012
-0.244,8868
-0.12,9240
-0.016,5438
-0.441,10136
-0.0668,7336
-0.139,9628
0.0532,3353
-0.145,6879
0.35,206
-0.00635,5293
-0.174,9542
-0.0222,5931
0.0213,4559
-0.227,8484
0.538,622
-0.0636,8520
-0.163,8840
-0.0964,8837
0.0419,3921
-0.0356,5987
-0.0798,7497
0.0355,4470
-0.0109,5408
0.195,816
0.366,449
-0.163,9442
0.0381,4141
0.0462,3850
-0.0258,6493
0.0544,2923
0.202,1379
-0.0728,6507
-0.114,6962
0.0544,4143
-0.0764,7696
0.122,914
-0.0612,7469
0.252,2025
-0.162,9259
-0.0287,6454
0.11,1302
-0.0943,7905
0.0634,3700
0.273,1299
-0.0412,6503
0.00814,4791
0.127,1636
0.0521,3832
0.071,2548
-0.0104,5166
0.152,2326
-0.0906,7867
-0.0958,9372
-0.0617,7648
0.0859,3398
-0.181,9116
-0.117,7288
-0.164,9679
-0.0407,6423
-0.0937,7686
-0.238,8799
0.0177,4470
0.391,75
-0.361,6371
0.124,1614
-0.141,10236
0.305,313
-0.165,8865
-0.101,9245
0.0655,3780
0.0187,4378
0.0158,4450
0.0632,3269
-0.0633,8700
0.268,430
-0.0341,5909
0.0066,4681
0.00618,4922
-0.0361,5974
-0.107,9436
0.0749,3770
-0.0781,8812
-0.047,7322
-0.0718,8122
-0.119,8185
0.165,178
0.0281,4328
-0.0237,6653
-0.00849,5140
-0.0189,5599
-0.0302,5476
0.0732,3072
-0.103,8036
0.137,3299
-0.0691,6185
-0.213,9415
-0.0506,6881
-0.337,9778
0.0549,4013
0.0292,4332
-0.213,8820
0.138,2181
-0.0786,7048
-0.129,8729
-0.0635,6963
0.123,2515
0.0973,1976
0.0531,3419
0.678,457
-0.335,7954
-0.426,10299
0.0935,3246
0.049,3205
-0.166,8543
0.107,2630
-0.00172,5369
-0.114,8496
-0.112,7545
-0.0418,8426
0.1,1914
0.299,323
0.124,1855
-0.00305,4908
-0.126,6866
-0.12,9056
-0.0405,6284
0.0359,4166
0.0105,4838
0.016,4695
0.289,246
-0.0392,6673
-0.0618,7655
0.239,506
-0.118,8360
-0.207,4922
-0.0688,6798
0.277,338
-0.309,10231
-0.0322,6311
-0.0923,7936
-0.0255,6322
-0.126,8947
0.0819,1914
-0.0837,7454
0.256,786
0.0199,4557
-0.0643,7006
-0.243,9746
0.137,1706
0.154,1475
0.154,1417
-0.0735,7515
0.0967,3437
-0.0296,5967
0.0841,1116
0.0348,3878
0.0169,4574
-0.0703,7646
-0.25,9336
0.056,2665
0.0771,2925
-0.0649,9663
0.0361,4193
-0.0856,6999
-0.449,9806
-0.133,8317
0.136,693
-0.0218,5809
0.0525,2721
-0.0441,6166
0.0257,3880
0.0245,4128
0.0369,3421
-0.000517,5322
-0.174,7482
-0.0307,4125
-0.261,5040
-0.0207,5306
-0.378,9692
0.129,1279
0.275,148
-0.14,8187
0.111,2843
0.644,1101
0.0603,3443
-0.012,5849
-0.00943,5577
0.115,1676
0.21,37
0.346,1037
-0.0137,5869
-0.0163,5871
0.493,940
-0.0642,6331
-0.186,8276
0.41,1548
-0.106,8525
-0.0976,8105
-0.0435,6398
-0.136,8907
0.227,676
-0.0452,7005
-0.00666,5181
0.177,1096
-0.185,9426
-0.0508,7051
0.0432,3386
-0.0384,3354
0.0281,4394
0.0913,2104
-0.00325,5231
0.0792,1482
-0.0302,5684
-0.00872,5354
-0.0959,7512
0.0285,4237
-0.0566,6527
0.0904,2186
-0.0163,5198
-0.0203,5881
0.00656,4827
-0.0962,8878
-0.249,10398
0.153,2519
0.105,1471
-0.313,10262
0.0608,2598
-0.115,9113
0.409,364
-0.049,7509
-0.069,8216
0.09,3212
0.109,204
0.0791,1714
-0.0531,7215
0.203,2464
-0.354,10158
0.066,3482
-0.00975,5637
-0.076,7481
0.00706,4891
-0.0788,6357
0.0809,3619
0.174,1605
-0.0575,6719
-0.147,9426
0.894,290
0.173,758
0.0971,3111
-0.192,7876
0.159,548
-0.0281,5691
0.214,1299
-0.128,7614
-0.00549,5173
-0.303,10038
-0.0126,5749
-0.123,9177
0.0418,3724
-0.1,8657
-0.0191,5424
-0.0624,6996
-0.149,9875
0.0473,2930
-0.0185,5834
-0.0296,5613
-0.159,9184
-0.167,10085
-0.0156,5729
0.254,67
0.477,20
-0.286,10092
0.403,2487
-0.185,8481
-0.175,10020
-0.0795,8414
-0.0534,6645
-0.216,10200
-0.389,8950
-0.0195,6413
0.0188,4023
0.159,309
-0.207,9887
-0.0847,7314
0.00812,4693
0.00446,4775
0.0496,2699
0.0399,4441
0.0218,4894
-0.0138,5400
0.014,4493
0.154,1205
0.0564,3689
0.089,1485
0.119,1426
0.114,3087
0.126,588
0.0698,3353
-0.0566,6959
0.0694,2769
0.549,450
0.21,1974
0.373,1411
-0.182,9781
0.0983,1881
0.0379,4026
-0.0261,5720
-0.103,7309
-0.235,8219
-0.118,9145
0.124,712
0.0417,3844
0.0267,4073
-0.0161,5502
-0.0238,5493
0.0549,3285
0.297,649
0.00894,5065
-0.0549,6468
0.0728,2987
0.000229,4875
-0.236,8546
0.263,249
-0.0704,7234
0.0145,4802
-0.227,9815
-0.0191,5817
0.0301,4134
0.00478,5020
-0.0653,8169
-0.00141,5026
-0.23,9988
0.134,2209
-0.218,9126
0.0349,3873
-0.00639,5282
0.108,1965
-0.0504,7872
-0.159,6874
-0.22,7771
-0.217,9897
-0.0926,8061
-0.0209,9409
-0.0592,6355
-0.0216,5655
0.0835,2216
1.58,409
0.0731,2587
0.0405,3453
-0.0501,6460
-0.0583,6245
-0.0434,6021
0.171,2299
0.179,434
-0.0764,8336
-0.0913,8348
-0.141,6606
-0.188,9711
-0.196,7189
0.125,1624
-0.116,8965
-0.0403,6184
-0.11,8548
-0.0766,7734
0.0727,3349
-0.0706,7948
-0.106,8456
-0.33,9926
-0.187,9133
-0.171,7969
-0.0409,4928
0.0191,4179
0.125,1609
0.00948,4532
-0.347,10318
-0.204,6809
-0.209,10133
0.227,253
-0.164,9575
0.113,3047
2.25e-05,5231
-0.164,8468
-0.0309,6208
0.295,1031
0.00379,4986
-0.136,8335
0.0992,2440
0.226,579
0.0998,2744
-0.00255,5445
-0.0583,7609
-0.047,6879
0.0844,2546
0.0959,3769
-0.161,9374
-0.106,8817
-0.0897,8756
0.115,2069
-0.856,10067
-0.37,8897
0.392,716
-0.161,9873
0.0523,4263
0.0942,3694
0.092,2045
-0.337,10319
0.0903,3386
-0.00696,5210
-0.195,9764
-0.0682,7063
-0.0864,7424
0.0634,3313
0.14,2143
-0.28,9620
0.147,457
0.0481,3958
0.152,1385
-0.161,8505
0.208,1569
0.121,1871
-0.117,9418
0.652,2
0.0921,3780
-0.17,10372
-0.315,9558
0.104,1824
-0.0178,6812
0.0761,2081
0.134,3386
-0.0327,5283
-0.0451,7042
0.059,3111
0.0807,1627
-0.264,9883
-0.2,8956
0.106,3281
-0.0406,5739
-0.077,8132
0.138,2348
0.554,22
-0.0956,7361
-0.195,9543
-0.211,7710
0.0438,3625
0.0647,3309
-0.0875,7028
-0.0782,7783
0.142,2204
-0.191,8683
0.00512,4996
-0.112,8892
0.139,1405
-0.162,9885
0.126,850
-0.0534,6777
-0.238,9817
0.0203,4209
-0.143,9464
0.036,3815
0.0733,2514
-0.186,8903
0.055,2377
-0.0128,6192
0.0953,2831
-0.11,8288
-0.357,9151
-0.0718,7452
0.0389,3716
-0.11,8147
0.0145,4529
0.224,527
-0.0733,7709
0.025,3005
-0.00219,5095
-0.106,7871
0.0756,2184
-0.0888,8049
-0.13,7960
-0.12,8074
-0.124,9219
-0.0345,6614
-0.0487,6282
-0.264,10331
0.0326,4343
-0.0913,6737
-0.144,10053
-0.176,9363
-0.327,9963
-0.174,10317
0.0714,3824
0.00876,4798
-0.166,8523
0.0616,3175
-0.0277,6174
0.372,285
0.103,3326
-0.168,6233
0.0666,3361
-0.0655,6387
-0.0878,6693
0.126,929
0.277,1660
0.0891,3079
0.0729,1144
0.105,1625
-0.00731,5309
0.0928,2087
-0.0953,9232
0.243,686
-0.049,6747
0.0324,3975
0.0966,2679
-0.222,9158
0.452,354
-0.0103,5348
-0.147,10014
0.107,1446
-0.173,8834
-0.139,7793
0.229,2264
-0.117,7981
0.0194,4344
0.0479,4021
-0.26,8903
0.386,1882
-0.00234,4160
0.575,252
0.0322,4008
-0.184,9428
-0.218,8966
-0.226,8233
-0.0264,5917
-0.0569,7694
-0.0979,8223
-0.188,7550
-0.173,8733
0.0704,3159
0.235,501
-0.0462,6631
0.217,82
-0.0994,6996
-0.158,9313
-0.00809,4977
-0.308,9355
-0.126,9114
-0.13,10020
0.164,333
0.0451,4143
0.238,1090
-0.138,5639
0.041,3474
-0.0171,6339
0.158,2644
0.0551,3669
-0.0649,5969
0.0473,3277
0.123,932
0.0348,3895
0.115,1044
0.121,2561
-0.111,8249
-0.31,10181
0.0122,4354
-0.0829,8745
-0.211,9236
-0.115,7951
0.0379,3774
-0.0978,7139
-0.0505,7541
-0.0305,6479
0.0317,4070
-0.0191,5526
-0.0476,6244
-0.0718,6688
-0.0504,7147
0.089,1613
0.102,2264
0.0799,3446
0.909,121
-0.151,7262
0.0145,4517
-0.169,10219
-0.0457,6741
-0.0539,6414
0.0489,3533
0.338,323
0.00172,4823
0.0858,2453
-0.00105,5100
-0.164,9386
0.118,1886
-0.107,8429
0.0125,4498
-0.0917,9095
0.251,1538
-0.000556,4646
0.0377,3987
0.101,2540
0.00874,4826
0.0397,2311
0.00212,5183
0.156,1648
-0.0428,5824
-0.215,9479
0.0411,3070
-0.132,8476
-0.0156,5662
-0.214,9069
-0.0846,8928
0.044,3758
-0.0704,8055
-0.032,6385
0.0118,4848
-0.0382,6845
-0.137,8627
-0.299,7014
0.0619,2387
-0.17,10096
-0.105,7791
-0.0105,5419
0.0142,4417
0.378,2288
0.00765,5000
-0.109,9216
0.325,126
0.422,17
0.104,3759
0.123,3560
0.161,2131
0.0454,3462
0.0561,3477
0.167,1444
-0.24,8561
-0.0924,8269
-0.209,10096
-0.22,8334
-0.26,10190
0.178,2139
0.142,2685
0.0534,3892
0.0238,4043
0.0381,3918
-0.14,9229
0.0136,4583
-0.0793,7906
-0.0403,6317
0.035,2501
0.0336,3966
-0.0636,6546
0.0725,3559
-0.00295,5123
-0.2,7923
-0.00838,5420
0.181,1499
-0.0474,7003
0.0205,4618
-0.0248,5634
-0.137,8678
0.0568,3450
0.237,1643
-0.161,7534
-0.0172,5680
-0.187,9105
-0.273,10152
0.0324,3907
-0.0599,6711
-0.0439,6779
-0.0424,6011
0.0439,4369
-0.168,7083
-0.0375,6663
-0.0812,7224
-0.0499,5905
-0.11,6949
0.15,2785
-0.0355,6773
-0.0564,7372
-0.222,9790
-0.112,8433
0.024,4503
-0.282,7167
0.0409,3647
0.00256,4891
0.501,16
0.156,2440
0.0502,2780
-0.0854,8168
0.131,1257
0.43,73
0.0151,4634
0.145,1033
0.0305,3787
0.241,816
-0.159,8781
0.11,1773
-0.11,9268
-0.153,8496
0.235,965
-0.0704,6905
-0.122,7287
0.0219,3871
-0.12,9524
0.0249,4148
-0.0672,6442
-0.307,10262
-0.0919,6498
0.00782,4632
-0.142,9375
0.125,923
-0.101,7505
0.135,2216
-0.0137,5198
0.0131,4404
0.0458,2796
-0.108,8294
-0.252,9851
0.0608,3251
-0.124,8613
0.0097,4732
0.148,932
-0.122,8529
-0.171,7697
0.159,2779
-0.144,7820
0.0354,3443
-0.0849,9313
-0.254,9741
0.104,1756
-0.0423,5342
0.036,3867
0.141,1137
-0.007,5542
0.164,547
-0.122,9139
0.0571,1501
-0.022,5767
-0.173,9776
-0.0318,5741
-0.118,8418
-0.0513,6033
-0.12,8140
0.223,1495
-0.0692,7724
-0.044,6777
0.0175,4526
-0.188,10027
-0.054,6561
-0.244,9864
0.153,1146
0.0136,4586
0.092,3306
-0.325,9012
-0.206,5006
0.245,2450
0.105,969
0.0383,4115
0.149,1768
0.072,3453
0.0843,3766
0.1,3497
0.0496,2392
0.114,1004
0.045,4002
-0.14,8390
0.355,2194
0.528,296
0.0991,1966
1.35,311
-0.0621,6892
-0.0815,8091
0.0268,4108
0.246,1514
-0.158,9304
0.0455,3689
0.0424,3803
-0.43,10300
0.0259,4248
-0.359,9258
0.168,1775
-0.216,9723
-0.0403,5990
-0.0995,8510
0.126,2484
0.136,1638
0.00107,4965
0.00915,4320
0.188,2932
0.203,932
-0.23,9917
0.0365,3176
-0.167,8723
-0.0646,8300
-0.223,9667
-0.321,8955
-0.147,8876
-0.26,9530
-0.0664,6338
0.239,1239
-0.0911,6227
0.258,731
0.119,2670
-0.304,9461
0.341,872
0.00172,4927
-0.0661,6530
0.027,4136
-0.0487,6234
-0.00327,5076
-0.0771,7689
-0.0529,8791
0.305,301
0.178,729
-0.114,6204
0.127,1489
-0.00748,5430
0.335,348
0.058,3749
0.0423,3860
0.0173,4601
-0.0334,5115
-0.0765,9079
0.146,1761
0.015,4510
0.187,2774
0.00489,4886
-0.00331,5205
-0.0654,8719
-0.0958,8985
-0.382,10145
-0.159,8682
-0.364,10442
0.163,2411
0.127,879
-0.077,7918
0.121,2983
-0.227,9897
-0.204,8182
-0.0271,5755
0.138,1373
-0.052,7425
0.0306,4354
-0.0218,5668
0.234,1435
0.0883,1880
-0.19,10036
0.0954,2263
0.0735,2140
-0.0319,6031
0.228,872
-0.219,9035
0.0311,3589
-0.0266,6507
-0.107,8162
-0.0201,5543
0.41,660
-0.0877,8303
-0.251,10238
0.134,2412
0.0464,4009
0.0516,3491
0.112,2067
0.217,1398
0.0221,3964
-0.209,9252
-0.0587,7152
-0.0826,7011
0.112,3382
0.287,1681
-0.092,9913
-0.0216,6212
-0.173,8133
-0.0146,5652
0.5,1725
-0.104,5934
-0.00336,5163
0.0594,2821
0.0374,3902
0.0699,3616
-0.279,8605
-0.203,8685
-0.223,10200
-0.0562,7494
0.193,2027
-0.101,7333
-0.0252,5352
-0.08,6062
-0.0497,6293
0.166,627
0.0253,4485
0.092,2689
-0.174,8351
0.307,858
-0.0909,9605
-0.178,9703
-0.162,6820
-0.024,5516
0.194,2225
-0.0694,7517
-0.0668,9126
-0.0589,7817
0.135,2481
-0.0884,7336
-0.245,9303
-0.0473,5959
-0.0811,6834
-0.0198,6110
-0.102,6260
-0.0207,5805
-0.0438,6514
0.0297,4054
-0.152,9217
-0.0265,7113
-0.383,10471
-0.111,9019
-0.0444,6118
-0.118,8204
-0.094,9143
0.798,6
-0.0616,9809
-0.243,10427
0.0411,3694
-0.153,8420
0.0582,3285
-0.0998,9025
-0.0854,8653
-0.000662,5210
-0.00528,5384
0.168,1918
-0.169,9088
-0.0733,7828
-0.195,10050
-0.22,8941
-0.0323,5935
-0.287,9312
0.476,511
0.0191,4006
-0.0129,6139
-0.302,6481
0.261,1806
1.5,296
-0.0234,5189
-0.00413,5279
-0.00118,5217
0.0962,3109
-0.123,8899
-0.231,9541
-0.242,9606
0.0502,2732
-0.0183,6073
0.02,4741
0.0852,1764
-0.0389,5860
-0.112,6412
-0.121,8960
-0.0243,5788
0.14,1999
-0.0768,7488
-0.22,9037
0.138,2946
0.141,1101
-0.0089,5570
-0.0765,8200
0.153,2320
0.326,1300
-0.0256,5974
-0.131,9240
-0.196,10336
-0.0653,4345
-0.18,7437
0.0203,4179
0.00397,5147
-0.221,9163
-0.0793,8400
-0.147,9072
-0.124,7935
0.0319,4272
0.00419,5039
-0.0859,7393
-0.288,8928
-0.0646,7330
0.0686,3595
-0.207,9650
0.0253,4522
-0.0524,7324
0.00422,4971
-0.0787,6919
-0.071,7719
-0.12,7560
0.0558,3672
-0.201,10258
0.457,101
0.19,490
0.134,2156
-0.116,8706
-0.0302,6576
0.00472,4838
-0.151,8608
-0.201,9213
0.244,923
-0.137,9303
0.18,357
-0.0979,9038
-0.086,7491
-0.0682,7124
0.183,1569
-0.267,8229
0.109,2286
-0.0699,8641
0.263,1777
0.186,1099
-0.0175,5301
0.0266,4621
-0.1,8501
0.005,5056
-0.069,6396
-0.176,8749
0.000167,5227
-0.00551,5389
0.043,3816
0.136,2729
-0.422,8287
0.162,1119
0.254,1869
-0.319,9024
-0.178,9643
0.198,48
0.135,928
-0.0625,6500
0.172,857
0.143,1049
-0.0285,5975
-0.065,9113
0.0404,3983
0.0656,2895
0.105,1193
-0.236,10000
0.0824,1650
0.132,2141
0.0941,2771
-0.0649,6562
0.132,1448
-0.046,7386
-0.0143,5460
0.00276,4723
-0.075,7737
-0.149,9203
-0.165,8554
0.0238,4054
-0.0889,9089
-0.0705,6415
0.0484,4055
0.014,4380
-0.256,8097
0.0201,4497
-0.136,10258
-0.123,8100
0.846,1264
0.0769,3345
0.00458,4974
-0.0451,6343
-0.0298,6156
-0.102,9250
-0.0717,6791
-0.000232,5274
0.0809,3219
0.567,329
0.0909,1616
0.0634,3386
-0.187,8271
-0.14,8918
-0.00466,5144
0.0793,3390
-0.0145,5592
0.0212,4596
-0.000222,5068
-0.16,7024
-0.11,8514
0.479,19
0.233,43
0.0947,1890
-0.0798,7752
0.00995,4725
0.14,2201
0.0166,4617
0.0258,4341
0.0602,2626
0.00219,4874
0.265,149
-0.173,9800
-0.091,7783
0.00512,4961
0.0333,4039
0.113,2499
0.0274,4130
-0.0791,7082
-0.0294,5337
-0.0897,8483
-0.128,8650
0.144,1368
-0.00572,5276
-0.0995,5939
0.153,2402
-0.0167,5477
-0.239,9452
0.0395,4263
-0.0288,5972
-0.0268,5844
0.0613,3627
-0.136,10049
-0.0647,7203
0.0896,2580
0.119,2970
-0.132,7756
-0.0244,6266
0.0251,4067
0.0444,3927
-0.212,9369
-0.0848,5483
-0.0668,6780
-0.113,7836
-0.0692,7084
2,608
0.616,474
-0.0782,4146
-0.224,9592
-0.341,6870
-0.191,8235
0.0887,2842
0.124,2990
-0.0567,6473
-0.0429,7144
0.0871,2134
0.162,2140
-0.0212,5856
0.0813,2596
-0.256,9459
-0.0555,6959
-0.0306,7023
0.187,1468
0.17,1527
-0.273,8996
-0.0027,4978
-0.157,9535
-0.107,8614
-0.15,8472
-0.0957,7987
-0.0994,7397
-0.092,7055
0.062,2776
-0.0188,5761
-0.0403,6485
0.0307,3937
-0.313,10426
-0.0418,5777
0.262,346
-0.122,8837
-0.0232,5688
0.147,1231
0.048,3733
0.0291,4215
-0.164,8803
-0.048,7817
-0.374,5995
-0.301,9699
0.0996,2846
0.127,2209
-0.0588,7773
-0.0438,6282
-0.0375,7207
0.00367,5070
0.0423,3943
0.0522,4168
-0.0826,7850
0.0382,1951
0.0247,4259
0.545,1842
0.216,381
-0.159,9405
-0.076,8204
-0.0302,6483
0.332,456
0.0176,4075
-0.0411,7342
0.198,1939
-0.149,9142
0.0666,1511
-0.0896,8196
0.837,410
0.27,792
-0.314,8986
0.332,1011
0.34,117
0.0208,4346
0.221,1650
-0.125,7491
-0.174,9227
-0.147,7662
0.0424,3446
-0.192,5786
-0.536,8380
0.182,1487
0.0361,3932
-0.0371,5778
0.000618,5166
0.0263,3800
0.0722,1448
-0.254,10194
-0.026,5565
-0.0945,6769
-0.053,6245
-0.00165,5009
-0.0415,6377
0.522,1868
0.0524,3749
0.0848,2952
0.106,2662
-0.0114,5424
-0.16,8636
0.0621,2912
-0.234,10068
0.0931,3190
0.0124,4635
0.101,1049
0.0889,2853
0.124,2234
-0.0234,5801
0.013,4811
-0.0824,6300
0.0306,3551
-0.0202,6066
-0.0588,6561
-0.0703,7338
-0.155,7761
-0.0667,6754
-0.0223,6348
0.0893,2065
0.0249,4513
0.0711,3097
0.216,1181
-0.155,7657
-0.14,9668
0.0822,2757
-0.231,10136
0.0397,4003
-0.393,9486
-0.282,9772
0.0631,3216
-0.129,9853
0.0389,4047
-0.175,9007
0.283,952
-0.0972,7610
0.142,989
0.00684,4871
0.0185,4413
-0.231,9539
-0.34,9226
-0.0241,5815
0.0541,3166
0.185,908
-0.308,10309
0.00269,5094
-0.00377,5287
0.108,2027
-0.00158,5158
-0.00697,5653
0.29,435
-0.0167,5448
0.141,2167
-0.183,8086
0.0705,3285
-0.114,8706
0.0801,3172
0.0251,4101
0.0776,3348
0.178,2634
0.0163,4623
0.0203,4503
-0.115,6536
-0.0838,5094
-0.22,9002
-0.158,8410
-0.259,9612
-0.12,8095
0.0848,2987
0.37,980
-0.0706,7206
-0.0763,8099
0.00852,4740
0.161,2537
-0.0245,5954
-0.0297,5962
-0.126,7797
0.0864,2623
-0.0222,6333
-0.154,8948
0.183,483
0.227,3131
-0.074,6401
0.0172,3944
-0.22,10210
-0.0755,6694
0.0522,4232
-0.0401,6995
0.101,2232
0.00299,5056
-0.218,8743
-0.0346,7757
0.0779,2827
-0.233,8036
0.682,123
0.109,2210
-0.175,9222
-0.124,8156
-0.139,9047
0.242,102
-0.0271,6109
0.131,1150
-0.132,9732
0.014,4441
0.15,1059
0.244,947
0.311,1035
0.543,1262
-0.0705,7978
-0.108,7616
-0.0845,8754
-0.156,8292
-0.344,10322
0.0468,3845
-0.259,10421
-0.00535,4944
-0.0589,7760
-0.111,7740
-0.378,10325
-0.174,10313
0.116,1056
-0.0172,5622
0.115,2969
0.146,2181
-0.263,9786
0.0543,2246
-0.0119,5389
-0.224,3686
-0.886,9527
-0.298,6233
0.211,1273
0.397,1453
0.224,2246
0.0143,4720
0.114,1388
0.12,2313
0.267,1021
0.0581,2761
-0.0317,5928
-0.16,8040
1.46,76
0.0698,3873
-0.635,8179
-0.475,7648
-0.0547,5367
-0.16,7895
-0.0624,7435
-0.388,9595
-0.0908,6861
-0.00917,5699
0.0341,3574
-0.0189,5332
-0.178,9858
0.129,1505
-0.373,8967
0.0365,2734
-0.0282,6022
0.0294,4298
-0.287,9469
0.205,1441
-0.244,9588
0.0319,4115
0.125,1684
-0.283,8615
-0.465,10075
0.298,2045
-0.0228,5714
-0.19,9772
-0.0135,5802
0.246,1090
0.103,2284
-0.247,10198
0.139,1912
-0.059,8510
-0.181,10282
-0.549,7251
0.16,1457
-0.0912,6945
-0.134,7828
0.173,772
-0.0526,7427
-0.0664,8188
0.00425,4932
0.253,2325
-0.0503,8392
0.0258,4190
0.0414,3265
-0.0808,8348
-0.295,8649
0.344,1597
0.0541,3478
0.251,960
0.149,1283
0.0327,3647
-0.125,7589
-0.0275,5924
-0.133,8409
-0.0276,6605
-0.121,9600
0.057,3184
-0.0236,5238
-0.274,10251
1.31,154
-0.0383,5931
-0.116,8615
-0.115,8780
0.0595,3703
-0.0711,6379
0.0428,4165
0.156,1015
-0.0707,7447
0.207,641
-0.375,10394
-0.185,8369
0.401,1509
-0.0195,5840
0.0013,5039
-0.237,9887
0.0771,3298
-0.0557,8532
-0.303,9333
-0.0249,6665
-0.0111,5454
-0.223,9274
-0.121,8344
-0.0916,6833
0.192,1396
-0.115,7484
0.121,1204
-0.0584,6710
0.0295,3401
-0.301,8214
-0.0053,5040
-0.0687,7945
0.0703,2020
-0.263,10214
0.268,370
-0.375,8511
-0.147,7810
-0.103,8224
-0.0428,7389
0.0689,2614
0.482,270
0.699,1088
-0.00478,5570
-0.0759,6582
-0.0483,7803
0.112,3273
-0.342,6251
-0.337,8374
0.0591,3340
-0.414,8931
0.0514,3637
-0.105,7921
0.14,2845
0.324,97
-0.131,9764
-0.092,8292
-0.165,7672
-0.274,9857
0.228,1784
-0.0241,5893
-0.162,9730
0.0308,3766
-0.185,10057
-0.00308,5207
-0.0268,6331
-0.25,10252
0.074,2760
-0.183,9486
0.449,511
0.00705,4949
-0.376,8129
-0.0601,5754
0.178,1257
0.0176,4424
0.059,3322
0.101,2095
0.238,550
-0.293,10233
-0.165,9479
0.117,2973
-0.0162,5349
-0.151,9547
-0.0729,5973
-0.276,10034
0.0744,3821
0.00329,4753
0.0167,4674
0.482,621
-0.44,6357
-0.0155,5642
0.121,1688
0.0327,3979
0.0135,4542
-0.364,10271
-0.304,9882
0.28,911
0.00933,4831
-0.118,8846
0.077,4047
-0.0403,6587
-0.0996,7648
0.216,577
-0.047,7048
0.201,989
-0.0803,8149
-0.0665,7130
-0.254,9343
0.145,1537
0.0093,4635
0.0973,1493
0.0448,3912
0.0836,3408
0.261,481
-0.271,9898
-0.0607,9304
-0.169,8623
-0.0412,6060
0.152,2218
-0.0506,6191
0.00359,4909
-0.105,7612
0.143,936
0.333,1075
-0.193,8697
-0.202,8592
-0.0734,6978
-0.138,9854
0.0444,3251
0.135,2848
-0.0825,6876
-0.168,7757
0.00948,4788
0.32,1791
0.0242,3642
0.00951,4787
0.0248,4393
0.0098,4492
0.0925,3837
0.0915,1068
0.0371,3465
-0.0116,5360
0.133,1457
-0.155,9619
0.0156,4618
-0.129,9815
0.117,946
0.142,942
0.12,2187
1.08,721
-0.0888,7217
0.174,1867
-0.0855,8180
0.0363,3914
-0.0373,5733
0.155,2337
0.48,14
-0.0917,9275
-0.00902,5553
0.292,2236
0.353,1502
-0.0319,5738
-0.0891,7598
0.0156,4555
-0.135,7146
-0.0683,6282
-0.0967,8320
0.309,778
-0.343,10262
0.222,933
-0.0282,6786
0.388,929
-0.102,8283
-0.0347,6265
0.126,2739
0.121,697
0.322,408
0.0641,3345
0.0144,4458
0.262,285
-0.0822,7450
0.187,793
-0.245,9699
-0.0284,5534
-0.0874,7806
-0.00539,5006
0.149,232
0.0525,3494
0.0453,3361
0.074,3043
0.0581,3665
0.246,1612
0.0505,3539
0.0174,4168
-0.0247,6184
0.237,928
-0.283,9728
0.086,3284
-0.127,9049
-0.0972,8317
0.184,835
0.127,2411
0.141,1710
0.0397,3057
-0.0609,7012
0.0407,3796
-0.0544,7364
-0.293,9987
-0.431,10374
0.35,824
0.306,339
-0.069,7088
0.0101,4337
-0.172,7952
0.12,3005
0.147,2038
0.415,504
0.225,158
-0.0563,7870
0.0372,4113
-0.000482,5126
-0.00404,5083
-0.00186,4738
-0.028,6070
0.0723,3097
-0.154,8821
-0.315,9926
0.36,36
-0.188,9232
-0.104,9081
-0.08,7995
0.0344,3905
-0.102,7614
-0.0876,6675
0.71,125
-0.0041,5100
0.0222,4276
0.0517,4146
-0.018,5322
0.0188,4635
-0.0155,5724
-0.0226,5913
-0.0208,6130
-0.0675,6602
0.425,497
-0.108,8717
0.29,926
0.0394,3556
-0.0823,9100
-0.164,8733
0.201,1556
-0.169,9489
-0.0141,5405
-0.127,8936
0.00158,4987
0.141,1712
-0.102,8534
-0.0476,5825
0.0849,2190
-0.114,9126
-0.109,10075
-0.00374,5193
-0.168,10077
0.142,2041
-0.255,6122
0.0785,2220
0.171,765
0.155,649
-0.0796,7039
0.0324,4364
-0.134,8671
-0.015,5538
-0.281,10197
0.163,1581
-0.204,6833
0.0314,4425
-0.00499,5255
-0.00137,5199
-0.262,10080
0.642,47
0.0651,3888
-0.0163,5714
-0.175,6672
-0.0899,7710
-0.0564,7384
-0.222,9304
-0.0198,5704
0.00188,5055
0.198,1088
0.0299,3303
-0.0112,5204
0.0655,3581
-0.0609,7784
-0.0419,6021
-0.238,8493
0.113,1486
-0.114,9342
-0.178,7866
0.0554,3730
-0.0649,6477
0.149,2978
-0.0521,7326
0.036,3086
0.234,1227
0.327,929
0.136,2155
0.0301,4188
-0.0475,6688
0.11,1755
0.111,1988
-0.123,7595
0.102,2739
0.0459,3644
-0.0491,7013
-0.0497,5480
0.00264,5026
0.0417,4089
0.0592,4132
-0.0573,8887
-0.154,9349
-0.00716,5442
0.0859,2868
0.0539,2994
-0.111,7547
-0.0639,7209
-0.149,9809
0.0409,4251
0.194,1811
-0.0257,5713
0.0262,4387
0.0618,3244
0.00866,4830
-0.0812,7213
-0.0152,5602
-0.123,8235
-0.306,10329
-0.056,8063
-0.0574,8170
-0.305,9884
0.0545,3428
0.244,756
-0.0135,5163
-0.00231,5289
-0.0321,6948
-0.143,8529
0.103,1904
-0.109,7139
-0.339,9450
-0.0086,5635
-0.103,8297
-0.0166,6131
-0.164,8432
0.036,4316
-0.0749,8286
0.0518,3571
0.00319,4875
-0.147,8611
-0.0844,8648
0.725,645
-0.149,8611
-0.118,8735
-0.0422,7023
-0.206,9527
-0.0643,7496
0.0805,2655
0.222,1281
0.042,3273
-0.111,7935
-0.0219,5181
-0.0903,7245
0.111,3305
-0.337,8468
0.0236,4126
-0.0636,6994
-0.506,9991
-0.0194,5313
0.178,1967
-0.0656,6611
0.00537,4947
-0.0229,5926
0.0407,3935
0.0358,3359
-0.0484,8358
-0.0955,7975
-0.0131,5871
-0.103,8924
-0.147,4160
-0.154,4212
-0.163,6582
0.69,1285
-0.232,6604
-0.0559,7512
-0.526,10166
0.0658,3463
0.00186,4971
-0.0478,6836
0.0722,2750
0.0194,4435
0.0165,4532
-0.146,8264
-0.0566,6441
-0.391,6626
-0.00687,5442
-0.0111,5493
-0.0911,7980
-0.0244,5613
-0.0456,6130
0.166,1937
-0.0898,8088
-0.00419,5417
-0.0979,5375
0.274,517
-0.233,7639
-0.3,10177
-0.0822,7760
0.0184,3896
0.605,162
0.168,549
-0.114,8831
-0.0805,7875
0.00364,5029
-0.00764,6550
-0.0759,7912
0.138,894
-0.00927,4951
-0.0426,7014
-0.106,9419
0.174,2253
-0.0333,5702
-0.00582,5203
0.0732,2263
-0.0702,7466
-0.125,8984
-0.0456,5802
0.285,2335
-0.0123,5188
-0.261,9317
0.0907,2093
-0.0926,8792
0.023,3931
-0.0322,5733
-0.173,8733
-0.106,6580
0.188,3168
0.0507,3041
-0.0553,8225
0.127,2339
0.397,858
-0.0489,6601
-0.486,9878
0.0902,2727
-0.0673,8324
-0.109,8035
0.176,1947
0.115,1931
-0.172,8232
-0.0897,7924
-0.0273,5929
0.0153,4403
0.341,517
-0.0129,5401
-0.167,8849
0.0153,4445
0.0528,3053
-0.268,10252
0.0529,3712
0.205,1953
-0.0411,5393
-0.046,8051
0.217,877
0.0122,4721
-0.128,8895
-0.0373,5673
-0.0332,5640
-0.006,5309
-0.0703,5923
0.057,3520
0.0287,4533
0.377,641
-0.103,6814
-0.0571,7515
-0.0387,7639
0.0511,4346
-0.0258,6728
-0.0224,5101
0.0984,3343
0.0848,3148
-0.0799,6814
-0.121,9361
0.00484,4981
-0.376,9924
-0.104,8981
0.185,1138
-0.0198,6692
0.128,1845
-0.0541,6170
0.17,1664
-0.0434,6145
-0.192,10273
-0.156,9358
-0.123,6939
-0.204,8865
-0.0172,5973
0.103,2640
-0.0258,6204
0.0457,2902
0.134,1277
0.14,1900
-0.264,10244
-0.205,8796
-0.0707,6561
0.039,3076
0.0848,3473
0.8,53
-0.08,8353
-0.133,6495
-0.0306,6166
0.137,1643
-0.264,9553
-0.0664,7613
-0.317,9962
-0.145,9477
0.0372,4134
0.0419,3305
0.144,1789
-0.00164,5212
0.258,1344
0.117,2623
-0.228,10406
0.0539,3255
-0.263,9995
-0.0625,7676
-0.0992,7482
-0.132,9422
-0.0472,5897
0.28,148
0.0233,4228
-0.109,8330
-0.0404,6494
0.0402,4158
-0.241,9431
-0.21,9456
0.0411,3784
0.0763,4061
-0.127,9151
-0.146,7814
-0.0824,7333
-0.217,9914
-0.0337,6244
-0.029,5508
-0.694,8130
0.00462,5035
0.0291,4280
0.0645,3065
-0.29,5995
-0.267,7916
-0.135,7666
-0.332,5404
-0.177,7945
-0.0766,7553
-0.0933,6621
-0.153,8464
-0.043,6782
-0.0377,7155
0.0213,4489
-0.112,6722
0.259,1288
-0.00824,5073
0.025,3329
-0.0125,5781
-0.0476,6369
-0.0961,9088
0.0925,1902
0.0029,4913
0.368,122
-0.119,9761
-0.0257,4964
0.163,881
-0.0814,8652
-0.146,7328
-0.00833,5138
0.0788,1695
0.298,1591
-0.0254,5648
0.118,2530
-0.0124,5636
0.164,1207
-0.105,7776
0.14,2473
-0.169,10070
0.0817,2434
-0.266,8812
0.0693,2176
0.115,1625
0.205,1676
-0.336,9956
-0.379,10110
-0.163,8310
0.0223,4134
0.0491,3886
0.332,738
-0.228,9465
-0.0306,5920
-0.128,8228
-0.0981,8548
0.00921,4743
-0.104,9346
-0.0078,5138
0.198,2793
0.36,289
0.218,633
-0.0188,6167
-0.054,6751
0.294,979
-0.239,9516
-0.00138,5223
0.0759,2293
0.0132,4548
0.473,11
0.054,3320
-0.15,8148
-0.00898,5617
0.00227,4889
-0.0512,6831
-0.165,7915
0.244,235
-0.0179,5160
0.206,1062
-0.0621,6795
-0.148,9281
-0.0868,7400
0.0311,3586
0.12,1832
-0.0916,9457
-0.17,9021
-0.11,8888
-0.229,9752
0.115,746
0.137,1103
-0.328,10207
0.0331,3579
-0.085,7512
0.0502,3353
-0.157,10009
-0.18,9769
-0.116,7904
0.082,2669
-0.032,5842
-0.0997,7739
-0.129,8109
-0.164,9187
-0.00553,5330
-0.0409,5901
0.295,306
-0.0403,6263
-0.151,8238
0.253,1192
-0.15,6550
0.00859,4842
0.118,1225
-0.0178,5907
-0.00267,4928
0.284,100
0.277,1203
-0.0472,7263
0.0179,4290
-0.0988,8404
-0.166,9032
-0.192,7044
-0.0141,5196
0.0569,2703
-0.155,9910
-0.33,10392
0.0857,2196
0.00249,4920
-0.287,10122
0.0249,4339
0.00515,4966
-0.142,9206
-0.127,8583
-0.0151,5243
-0.165,9966
-0.219,8882
0.145,2065
-0.18,8973
-0.00228,4867
-0.569,9404
-0.282,8390
-0.0384,6469
0.0135,4445
-0.0273,5641
0.0428,3971
-0.124,9342
0.0341,4214
0.0328,4150
0.00794,4682
-0.137,8060
0.249,276
-0.0274,5677
-0.199,7684
-0.255,8927
0.282,632
-0.176,8462
0.00252,4944
0.0669,2706
0.118,1909
-0.0605,8821
-0.22,10423
-0.22,9180
-0.123,8806
0.178,1464
0.00709,4685
-0.019,6314
-0.0355,7194
-0.173,9975
-0.0298,6016
0.218,1396
0.0685,3126
0.00255,4967
-0.035,6828
0.134,976
0.0483,3810
0.0952,811
0.19,3167
0.0927,2122
-0.0231,6052
-0.162,7660
-0.256,8504
-0.0821,7808
-0.0615,6598
0.138,870
-0.00865,5554
0.0591,3760
-0.00196,5175
0.00484,4686
-0.121,8880
0.0371,3793
0.163,1335
-0.0674,7920
-0.0415,6296
-0.0906,9764
-0.151,10022
-0.125,8796
-0.0814,8068
0.0203,4435
-0.0145,5565
-0.116,6951
-0.423,6893
-0.0742,8345
-0.0694,7934
-0.054,6783
0.286,151
0.0944,3206
0.0985,2595
0.00693,4691
-0.0345,6819
0.205,769
0.00295,5047
0.213,2211
0.016,4450
0.0373,3142
0.0767,2613
0.0247,4190
-0.16,9737
0.0385,4368
0.055,2985
0.039,3467
0.0105,4668
0.0322,3845
-0.223,9132
0.169,821
-0.188,9021
-0.126,8523
0.126,1386
-0.0306,5596
0.179,1692
0.107,2237
-0.213,6671
0.082,2016
-0.00551,5407
-0.102,7386
-0.079,4974
0.0828,2508
-0.322,8338
-0.0841,7004
0.184,416
-0.126,6578
0.147,2188
0.154,2898
0.184,1666
0.013,4426
-0.0107,5586
0.256,1396
-0.25,8791
-0.0992,7197
-0.0284,6126
-0.115,9743
0.0449,2670
0.0289,4526
-0.245,8992
0.147,1724
0.0163,4706
-0.394,9695
0.00616,4666
0.368,158
-0.0576,6981
-0.195,8543
-0.229,10197
0.196,2493
0.0946,1537
-0.219,10315
-0.132,7114
0.834,1018
-0.0473,6310
-0.113,8844
0.219,771
0.143,2317
0.00613,4791
-0.128,7367
-0.11,6924
-0.0153,5731
-0.0137,5522
-0.155,8654
0.374,139
-0.013,5229
0.116,1632
-0.0969,8837
-0.0253,6153
0.0805,2763
0.000394,5031
-0.297,7881
-0.146,8494
-0.104,9195
0.089,1921
0.168,2238
0.0964,2333
-0.00058,4994
0.045,3478
-0.0381,6702
-0.481,9842
-0.0372,6086
-0.358,9975
0.1,2578
-0.106,7839
0.00927,4742
-0.0984,7994
0.113,2928
0.0902,797
0.118,2482
0.124,895
-0.1,8050
-0.11,9642
0.0308,4423
-0.0915,8875
-0.144,8298
-0.036,6325
0.0661,2724
0.00392,4951
0.0683,3325
-0.0898,7370
0.0875,2735
0.0809,2867
0.237,994
0.0737,2404
-0.0719,6239
0.332,1004
0.169,1081
-0.156,8240
-0.147,8909
0.0605,2414
-0.128,8090
-0.143,7412
-0.0243,5922
0.399,839
-0.012,5417
-0.0847,8880
0.00274,4736
-0.215,6890
-0.177,8584
0.277,1105
-0.0778,9900
-0.123,8943
0.0157,4441
0.209,876
0.0677,3572
0.0893,2720
0.0841,2162
-0.14,8831
-0.207,9863
-0.0585,6786
0.132,2359
-0.134,8471
0.162,740
0.418,196
0.151,2478
0.167,3299
0.186,3402
-0.459,6753
0.0644,2949
-0.0139,5830
-0.269,10296
-0.158,8248
0.295,157
-0.171,9131
-0.0416,6410
0.017,4476
0.0655,2310
0.22,997
0.00153,5075
0.0292,4032
-0.0272,5885
-0.078,8522
-0.0786,6866
-0.234,10006
-0.218,10232
-0.25,7482
-0.0756,7748
-0.00324,5007
-0.395,7540
-0.265,9609
-0.148,9204
0.151,2473
-0.0682,7229
-0.318,9659
0.0302,4261
-0.103,8080
0.00635,4605
-0.098,8664
0.0285,3640
0.0503,2926
0.0202,4493
-0.136,8075
0.0596,4039
0.0321,3510
-0.155,9606
-0.0416,7939
0.0133,4877
0.0707,3495
0.0789,3575
0.22,2360
0.22,167
0.312,268
-0.179,8350
-0.108,9280
-0.29,9540
0.057,4056
0.0482,3845
-0.258,10095
0.0486,3794
0.35,276
-0.0967,7406
-0.151,8244
0.0652,2290
-0.00469,5450
0.169,978
0.0247,3978
-0.0255,5769
-0.13,8562
0.00741,5141
-0.412,10360
-0.0922,7884
-0.0467,6592
0.137,2281
0.00132,5082
0.0935,1577
-0.171,9123
0.0342,4119
0.248,638
-0.294,9900
0.0178,4685
-0.0436,6400
0.0164,4123
0.119,1148
-0.131,9891
0.292,487
0.00333,4754
0.0577,2867
-0.147,9255
0.265,2745
-0.0362,5293
0.0393,3885
-0.124,5013
0.192,995
-0.00196,5404
0.105,1886
0.0979,1966
-0.0552,5951
-0.0436,6934
-0.0976,8245
-0.267,10139
-0.0953,7455
-0.0739,7713
0.135,2099
0.0199,4390
-0.0958,8107
0.00878,4657
0.0187,4580
-0.0509,6239
0.0821,2601
-0.0288,5825
-0.278,9622
0.215,937
0.181,1254
0.0405,3944
0.444,278
-0.294,10078
-0.00081,5408
0.146,1299
0.213,400
-0.253,8476
0.0518,3889
0.00839,4702
-0.0474,7342
-0.0516,6587
-0.0235,5405
0.0395,3864
0.033,3518
0.135,3242
-0.063,7640
0.141,153
-0.0248,5735
0.0382,4370
-0.0757,6407
-0.117,6480
-0.0166,5730
-0.00792,5331
0.309,1042
-0.181,9122
-1.1,10282
-0.435,10300
-0.142,8997
0.0119,4768
0.124,2422
0.0187,4510
0.269,313
0.237,1640
0.0111,4683
-0.0247,6564
0.127,2404
-0.125,9053
-0.156,9490
-0.156,7983
0.0373,3800
-0.0252,6024
0.0791,2428
0.0124,4555
-0.00162,5104
0.0814,2094
-0.175,9302
0.0965,1725
-0.124,7719
-0.0379,6056
0.0285,3969
0.519,272
0.129,650
0.164,1155
-0.266,9763
-0.0997,9237
0.0573,3815
0.0532,3539
0.0253,4031
-0.0138,5839
-0.168,5667
0.287,1161
-0.342,9279
-0.0143,5940
-0.095,9183
0.134,1845
-0.0665,7346
0.0201,4487
-0.285,10061
-0.0936,8082
-0.056,6206
-0.0899,8154
-0.0967,7066
-0.0826,6259
-0.0816,7007
0.188,1683
-0.127,8360
-0.39,8062
0.144,2669
-0.0625,6214
-0.0916,6785
0.118,3177
-0.233,7822
-0.196,6601
-0.306,9749
0.0256,4425
-0.0125,5652
-0.0717,8958
0.0121,4667
-0.0905,7826
-0.0345,6354
0.244,1013
-0.138,8736
-0.0934,8363
0.0941,2537
-0.155,6768
-0.0208,5471
0.27,295
0.0358,3994
-0.388,10348
0.0464,4227
-0.015,5429
0.1,1553
-0.14,8107
0.0129,4466
-0.102,8471
0.0287,2348
-0.275,9508
-0.0887,7300
0.174,1793
-0.00683,5035
0.0927,1483
-0.0106,5725
-0.211,9670
-0.0749,8023
-0.0664,6915
0.22,1272
-0.113,9547
0.0102,4586
0.31,2483
0.168,1344
0.213,1408
-0.088,8220
-0.00446,5256
-0.15,9326
0.122,1936
0.0809,2948
0.55,345
-0.0143,5202
0.0504,2636
0.0203,4450
-0.0795,8027
-0.208,8638
0.615,199
-0.128,7528
-0.131,7891
0.185,944
0.158,1362
-0.282,9900
-0.0976,8810
-0.108,7465
-0.0335,6253
0.0741,3297
-0.0217,5562
-0.127,7914
-0.00268,5260
0.101,2815
0.0203,4284
0.00402,4860
0.199,906
0.327,763
0.0102,4539
0.111,2181
-0.178,10360
0.00135,5049
-0.0769,8118
-0.0802,6411
-0.245,8786
0.0395,4209
-0.136,9744
0.173,172
0.145,1872
0.253,977
0.0121,4654
-0.13,6888
-0.0396,6142
-0.216,10100
0.00479,4918
-0.0966,7865
0.123,1106
0.0403,3875
0.036,4017
-0.348,10259
-0.228,8760
-0.193,9343
0.0222,4460
0.302,1183
-0.0581,6887
-0.000152,4934
-0.146,7683
-0.167,9937
0.344,721
0.0265,4456
-0.0806,7821
0.134,1640
0.0813,3158
0.099,2388
-0.171,9890
-0.109,6717
-0.057,7036
-0.0251,6310
-0.515,7144
-0.128,8061
0.175,1487
-0.126,8047
0.000184,5086
-0.0876,6880
-0.061,6641
0.289,1216
-0.0872,8408
-0.0979,9684
0.0559,2522
-0.0817,9025
-0.056,7354
0.0237,4056
-0.123,7565
-0.013,5202
-0.0721,7960
-0.0911,8091
0.0726,3029
0.283,462
0.245,1512
-0.0471,8116
-0.0619,7815
0.215,360
-0.3,8181
-0.0433,8422
-0.0691,8884
0.0359,3462
-0.0782,7741
-0.173,6284
-0.184,9215
0.0133,4034
-0.0251,7357
0.939,948
2.22,334
0.189,158
0.0792,2317
-0.22,9140
-0.17,9355
0.0683,3505
-0.0444,6081
-0.133,8668
-0.00696,5172
-0.0201,5598
0.115,3099
-0.0517,6414
-0.138,9112
-0.00161,5105
-0.0954,9470
-0.105,9063
0.141,2180
0.0435,4464
-0.21,9298
0.203,1341
-0.149,7835
0.0569,2534
0.14,1213
0.0378,4023
0.378,1523
-0.121,7459
-0.0496,6807
0.121,2525
-0.0301,6306
-0.1,8927
0.0197,4482
-0.167,8204
0.0422,4033
0.0752,2272
-0.147,9377
0.00322,5129
-0.133,9573
-0.0224,5005
0.147,420
-0.0159,5924
0.0841,2862
-0.0413,6327
-0.119,6582
-0.225,10087
0.131,745
-0.0112,5416
-0.0781,7840
0.187,1436
0.0433,3594
-0.298,10280
0.00257,4756
-0.0521,8724
0.0688,3084
0.0136,4852
-0.044,5785
0.0343,3589
0.00684,4766
-0.0437,7450
-0.036,6285
-0.505,9547
-0.0799,8315
-0.142,8058
-0.0113,5922
-0.0418,6986
-0.0748,7324
0.0171,4659
-0.0403,6466
-0.137,8357
-0.206,8599
-0.0404,6381
0.446,260
-0.0622,8063
-0.383,10219
-0.0468,5143
0.191,381
-0.103,7435
0.117,1552
-0.235,10079
-0.0928,7602
-0.0397,6303
0.128,1745
-0.184,10441
-0.131,9153
0.108,2324
-0.0479,6469
0.0502,3605
0.116,491
-0.0153,5910
0.094,2439
0.295,1167
-0.201,9346
0.0385,3443
0.235,381
0.139,1562
0.0101,4669
-0.0156,5332
0.0764,3659
0.144,1642
0.0362,3985
-0.412,7503
-0.399,7833
0.297,476
0.631,897
0.0925,1435
-0.289,9942
-0.126,7249
0.11,2012
-0.052,7598
-0.0517,6861
-0.00211,4951
-0.354,9273
-0.153,9371
-0.0794,6762
-0.0981,8494
-0.0712,8442
0.0611,2865
0.0143,4469
-0.0674,6488
0.0564,2571
0.0345,3763
0.0664,2792
0.0406,3757
0.0328,4162
-0.0746,6828
-0.124,8290
0.104,2191
-0.0304,6065
-0.1,8560
-0.309,10325
0.119,2307
0.219,1340
0.0711,3176
-0.0311,5837
-0.148,4431
0.068,3131
0.0431,4326
0.0122,4458
0.0146,4323
-0.143,9434
-0.167,10372
-0.181,8631
-0.0558,6369
-0.218,9587
0.357,593
0.129,2175
0.00639,4731
0.286,322
-0.366,9645
-0.0536,6548
-0.0302,6597
0.106,2121
-0.073,7374
0.0046,5077
-0.15,6773
0.476,1557
-0.114,7633
-0.096,9747
-0.189,9773
-0.488,9071
-0.00539,5166
-0.0557,7475
-0.0471,6971
-0.302,10158
0.105,1840
0.165,2944
-0.352,7780
0.0947,1904
0.142,1054
0.0962,2286
-0.0552,6834
-0.00992,5329
0.498,460
-0.0371,7346
0.251,817
0.00503,4940
0.228,256
-0.249,8759
0.0771,2935
-0.108,9394
-0.0783,8106
-0.179,10150
-0.0705,7196
0.154,1939
-0.222,8755
-0.0384,6209
-0.172,9678
0.257,514
0.167,651
-0.00315,4863
0.173,1646
-0.0932,8219
0.0453,3630
-0.0531,6149
-0.0616,6810
0.0441,3758
0.0331,4100
0.197,454
-0.137,9957
0.245,1563
-0.134,5311
-0.404,9568
0.759,233
0.0785,2152
-0.0696,7864
-0.0101,5542
-0.0395,6114
0.0717,2985
-0.123,6900
-0.0218,6254
-0.166,9347
0.263,659
-0.0854,7962
-0.107,7814
-0.13,8633
-0.0717,7619
-0.136,8709
0.327,291
0.44,425
0.0733,3237
0.124,2141
0.0369,3238
-0.034,7521
0.169,2375
-0.235,10187
-0.216,9622
-0.226,8740
0.0527,3416
-0.121,7457
-0.118,8523
-0.243,10412
-0.0578,6030
0.0214,4294
0.0387,2696
0.0723,3957
-0.092,8151
0.325,935
-0.000939,5073
-0.0313,6633
-0.0271,6319
-0.0475,6665
-0.0752,7196
0.0337,4014
0.342,1394
-0.018,5955
0.18,326
0.0305,3728
-0.0166,5489
-0.0675,5297
-0.0518,5926
0.351,709
0.0747,2293
0.0918,3066
0.0324,3729
-0.0457,5741
0.065,3628
0.0593,3100
0.0365,3181
0.0992,2538
0.02,4649
-0.0793,7737
-0.0995,8124
0.0307,3710
-0.0685,7916
0.279,1530
-0.0124,5490
0.282,901
-0.153,7682
0.0611,3343
-0.107,7815
0.542,1335
0.399,1150
-0.218,5862
1.29,35
-0.163,8475
-0.0679,7512
0.0955,2150
0.122,1569
0.0608,3974
-0.532,10141
-0.135,9102
-0.185,7301
0.106,3265
0.422,359
0.0615,3455
0.785,47
-0.13,9779
0.0261,4090
-0.0492,6446
2.5,405
-0.0884,7426
-0.11,8466
-0.151,8524
0.134,2139
-0.256,9052
0.121,2356
-0.323,8209
-0.0113,5224
-0.1,8733
-0.0486,7631
-0.0399,6318
0.066,3138
0.308,1824
-0.263,10332
-0.084,8166
-0.121,8154
0.082,2578
0.328,623
0.0161,4501
-0.197,10063
-0.0242,6144
0.252,62
-0.0526,6605
0.212,910
-0.0205,6225
-0.0693,7198
-0.0106,5730
0.019,4332
0.275,501
-0.244,10224
-0.0699,6698
0.0763,3074
-0.0545,8445
0.154,554
-0.0159,5710
-0.0293,6171
-0.27,7791
0.0367,4100
0.0151,4527
0.0245,4112
0.00518,4815
0.113,2922
0.0209,4179
-0.0264,5351
-0.0187,6198
0.0306,3007
-0.217,8178
0.228,1299
0.368,265
0.425,141
-0.126,8257
0.126,889
-0.114,8515
-0.042,6105
-0.189,8313
0.0491,3441
0.0125,4542
0.0698,3797
0.0428,4164
0.111,2105
0.342,1206
-0.251,7473
-0.0181,5866
0.118,1337
0.0117,4897
-0.0532,5458
0.182,1900
0.025,4231
0.000874,5207
0.0771,2907
0.0659,3019
0.837,230
-0.0625,7004
-0.0553,6689
0.0542,2831
0.411,769
0.128,2418
0.0704,2527
0.0149,4569
0.0588,1923
-0.0468,6976
-0.0452,5956
-0.0631,7352
0.276,843
-0.272,9542
0.0198,4096
-0.172,8907
-0.208,7658
0.503,1869
0.229,1199
2.09,118
0.155,2644
0.168,1484
0.0978,1787
-0.0185,5555
-0.16,10091
0.0154,4297
-0.0104,5407
-0.073,8104
0.14,2183
0.145,1325
-0.0297,6223
-0.0378,6136
-0.0907,7182
-0.0127,5530
-0.0657,6732
0.0526,2168
-0.0775,8866
-0.0273,6236
-0.0661,6746
0.0107,4366
-0.01,5567
-0.105,8457
-0.0528,6506
-0.171,9469
0.527,161
-0.0891,7634
0.0585,3605
-0.124,9303
-0.144,9327
-0.0139,5440
-0.0246,5942
-0.221,9164
0.0656,2274
0.118,2056
-0.161,8303
-0.0399,5983
-0.129,8338
0.459,189
-0.0392,5842
0.0257,4505
-0.00145,5130
0.255,1080
-0.149,10112
-0.076,7212
-0.187,8043
-0.0541,7211
0.0699,2098
-0.239,10014
-0.193,8532
-0.0473,5266
-0.297,8644
0.00968,4477
0.0151,4390
-0.0478,8076
0.0956,2991
0.13,2759
0.0238,4360
-0.14,8891
0.0399,3191
0.158,688
-0.0737,7856
-0.0303,5978
0.0937,1603
-0.043,6315
-0.0679,7272
0.00292,5031
-0.116,8771
-0.0115,5448
0.0369,3801
-0.0107,5658
0.00582,4770
0.0173,4425
-0.0665,7005
-0.216,9736
0.0419,3662
-0.143,8195
0.102,2019
0.0362,4109
0.0169,4780
0.817,31
-0.03,5888
0.195,1614
0.119,1536
0.0373,3633
0.184,2189
0.00958,4752
0.0702,1678
-0.0227,5748
-0.0436,6425
-0.00704,5284
0.00987,4729
-0.0222,6015
-0.243,7953
-0.353,8395
-0.0827,7037
0.156,2395
-0.192,8717
0.0222,4279
-0.121,8478
0.0878,1824
-0.0223,5775
-0.0295,5760
0.00642,4870
-0.0245,5706
0.41,101
0.0354,4107
-0.12,8912
-0.0714,7615
-0.129,8894
-0.0159,5447
0.00902,4822
-0.0568,7689
0.578,300
-0.443,10411
0.0892,2404
-0.05,6248
0.0714,1519
0.000982,4881
-0.0844,7673
0.117,1819
-0.186,9802
0.0876,2897
0.0633,3696
0.116,1720
-0.00749,5428
-0.145,8886
-0.0807,7319
-0.0443,6481
-0.0888,6949
0.107,2390
0.011,4575
-0.193,9970
-0.142,7550
-0.18,6540
-0.0516,7407
-0.0772,9298
-0.0271,5916
0.0156,4661
-0.255,10434
-0.286,8188
0.0158,4311
0.0473,3130
0.676,4
-0.145,8153
0.201,2347
-0.0855,7501
0.0125,4770
-0.0673,7424
0.0824,2830
-0.00692,5125
-0.0867,8170
0.266,2375
-0.152,8733
-0.0691,7364
-0.302,10157
-0.245,9214
-0.185,9322
0.0853,3745
-0.0314,6979
-0.0553,7551
-0.0326,6228
0.0659,2901
0.0124,4477
-0.256,8329
-0.032,6008
0.028,4198
1.39,112
-0.0243,6098
0.0893,2593
0.0912,1779
0.00957,4696
-0.00472,5408
-0.145,8510
-0.0899,8644
0.0457,3837
-0.125,8463
0.143,409
-0.083,9257
0.0877,2111
0.259,430
-0.232,9698
0.0144,4836
0.0552,3685
-0.0973,9053
-0.022,5350
-0.163,7886
0.0309,4083
-0.154,8959
0.00559,4889
0.086,2392
0.204,1250
0.257,485
0.299,886
-0.197,9118
0.0539,1540
0.0307,4073
0.063,3454
-0.0128,5286
0.338,1695
0.173,1812
0.133,1281
0.00659,4770
-0.159,9955
0.00423,4849
0.0529,4230
-0.105,7573
0.0681,2085
0.0188,3927
-0.099,6033
-0.05,7060
-0.0953,7748
-0.298,9750
-0.00926,5384
0.013,4473
-0.171,8645
0.427,373
-0.154,8972
0.114,2945
-0.205,10240
0.116,1739
-0.256,10348
-0.0943,7462
0.019,4403
-0.0705,5264
-0.0505,7852
-0.0145,6576
0.0207,4681
-0.104,8286
-0.185,6655
0.104,2440
-0.0713,8662
-0.0404,6925
0.159,2560
-0.0116,5111
-0.193,8262
-0.177,7481
-0.0479,6859
-0.108,7385
-0.0702,7489
0.0796,2301
-0.122,9103
0.264,1197
0.0288,3265
0.0209,4553
-0.169,9002
0.109,2088
-0.0706,4233
-0.273,8270
0.0364,4071
0.0157,4454
0.162,586
0.0329,4443
0.0996,2506
0.18,2748
0.048,3761
-0.25,10316
-0.0214,5268
-0.215,6491
0.194,1450
-0.159,7111
0.0264,3488
0.183,1034
0.0765,3216
0.0946,2675
-0.0343,6490
0.595,112
-0.106,8882
0.0014,4879
0.0784,2938
-0.0595,6381
0.0446,3887
-0.0218,5287
0.0177,4500
-0.0468,6160
-0.0176,5932
0.104,2400
0.0642,3913
-0.145,8351
-0.0876,8945
0.0594,2628
-0.227,9770
0.0328,3831
-0.0912,6460
-0.0364,5920
-0.0568,7262
0.019,4476
0.096,3270
-0.194,9226
-0.00114,5147
-0.256,9233
0.0739,2176
-0.0287,7207
0.00663,4807
0.0258,3843
-0.13,8714
0.0578,3345
-0.266,9807
-0.0467,7442
-0.0708,8035
-0.182,8370
0.381,268
0.21,2176
0.0988,3845
-0.00894,5795
0.131,444
0.0915,3410
0.0988,1598
-0.176,8739
0.236,704
-0.202,10379
-0.0394,8083
0.376,2600
-0.529,8420
-0.631,8049
-0.119,7181
-0.0448,5503
0.124,784
0.059,3549
0.0125,4714
0.183,538
0.0253,3478
0.0799,1916
0.0767,2651
0.134,2162
-0.135,7858
0.019,4478
-0.0729,7131
-0.00984,5512
0.217,414
0.0134,4758
0.517,140
-0.176,8387
-0.183,9729
0.219,2150
-0.117,7294
-0.142,9027
-0.108,7581
0.516,1147
0.0597,3517
-0.0583,7612
0.148,818
-0.745,9073
-0.232,7293
0.151,3571
0.0855,3449
0.0113,4452
-0.0811,7155
0.842,1329
-0.00914,4851
0.129,3823
-0.583,7960
-0.107,8465
2.32,379
-0.164,6929
0.345,2259
0.286,161
-0.602,7447
0.00179,4976
-0.0241,5981
0.12,2138
-0.283,10302
0.177,712
-0.0269,6314
-0.0567,6277
-0.0707,6767
-0.00167,5294
1.64,44
-0.0159,5398
-0.0177,5477
-0.121,9909
-0.226,9069
0.0728,2067
-0.11,8474
-0.16,8323
0.199,1534
0.0232,4297
0.0682,2926
-0.153,9472
-0.208,9967
-0.11,9878
0.019,4149
-0.00365,4789
0.0568,3981
-0.264,7990
-0.138,8592
0.298,1099
-0.0196,6408
0.859,466
-0.105,5667
-0.158,7576
0.363,254
-0.115,8612
0.0112,4828
0.266,276
-0.173,9670
0.0114,4532
-0.0673,7296
0.0306,3500
-0.00497,5318
0.704,14
0.238,902
-0.205,9671
0.143,2662
-0.0324,7047
0.00465,4915
0.0512,4210
0.489,1407
1.79,248
-0.119,7843
0.0474,4166
-0.222,9835
0.226,1326
-0.0426,6114
0.0718,2544
0.0907,1603
-0.0099,5705
-0.331,9292
-0.138,8788
-0.254,5360
0.112,2713
-0.0775,8315
-0.000803,5025
0.106,2802
0.0182,4285
-0.374,10038
-0.121,6525
0.0824,1579
-0.105,7853
-0.174,9222
-0.183,9288
-0.127,8568
-0.038,6486
-0.177,10285
-0.127,8976
-0.0276,5441
-0.0764,6625
0.0406,4255
0.157,2748
0.0125,4547
0.107,2728
-0.12,6352
-0.0916,8035
-0.0916,6571
0.0171,4448
-0.171,8025
-0.0321,5768
0.109,2812
-0.0481,7003
-0.211,9808
-0.158,10145
0.099,2237
0.0838,1064
-0.0937,7555
0.112,2184
-0.206,9442
0.189,2801
-0.242,10313
-0.0416,6740
0.116,2436
-0.0413,6984
-0.463,9098
-0.278,9370
-0.117,8573
-0.0378,8047
-0.118,5009
0.147,2958
1.37,56
-0.196,7096
-0.0693,6065
-0.11,5931
-0.0659,6700
0.000893,5057
0.0628,2750
-0.145,8789
-0.0642,9231
0.0238,3998
0.0899,2353
-0.127,8570
-0.0334,5663
-0.0773,8025
0.047,4178
0.164,873
0.141,1542
-0.0371,5685
0.113,1847
0.217,1367
0.0365,3281
-0.13,8771
-0.0147,5560
0.107,2927
0.0349,4284
-0.112,7102
-0.15,9689
-0.0424,6296
-0.0213,5274
-0.0853,8344
-0.0577,5587
0.0686,2735
0.127,2600
0.0926,1415
-0.0605,7303
-0.184,9551
-0.13,7491
-0.0353,5417
-0.104,8435
0.0908,2715
-0.0368,6770
0.165,1275
-0.111,7711
0.165,681
0.0239,4106
-0.0215,6138
-0.1,6814
-0.0188,5580
0.0253,4519
0.17,1895
-0.016,5581
0.000296,5046
0.285,935
-0.0755,7482
0.0596,3674
-0.16,9150
0.208,835
-0.0139,5831
-0.00213,4834
0.0233,4338
0.328,458
-0.222,9757
0.0975,2515
-0.0407,7204
-0.0571,6810
-0.217,8388
0.821,96
-0.00617,5186
-0.2,8971
0.0531,3506
-0.0749,8682
-0.0507,6069
0.109,1017
0.1,2401
-0.1,8103
-0.0817,7455
0.0937,3143
1.16,20
0.22,1418
-0.0642,8320
0.134,1158
-0.409,7871
-0.219,9021
0.0856,3776
0.0237,3928
-0.13,8916
-0.0297,6828
-0.103,9686
0.00629,4683
-0.139,7669
0.0359,3360
-0.00793,4933
-0.182,9791
0.0564,3523
0.0895,2120
-0.0455,5752
0.089,1752
0.0557,3294
0.0749,1984
-0.067,6575
-0.016,5870
-0.129,7475
0.248,1362
-0.238,8601
-0.128,8735
-0.00334,5155
-0.214,9906
-0.0361,6104
0.234,1721
0.0676,2784
0.00158,5102
-0.0206,5626
-0.0861,7086
-0.0598,7756
0.0617,3117
-0.045,7209
-0.0466,7986
-0.0697,7714
0.109,2377
-0.0827,6071
-0.207,7541
0.00987,4712
0.027,3781
0.0246,4518
-0.145,9142
0.0236,4418
-0.325,8063
0.0156,4711
0.162,1126
-0.108,7220
0.0366,3914
0.606,137
0.00847,4903
-0.0199,5510
-0.0615,6910
-0.0722,6431
-0.16,9184
-0.144,7596
0.348,1537
-0.149,9718
0.00905,4308
0.211,342
-0.261,9000
0.00941,4648
-0.00417,5164
-0.0477,7354
-0.0646,7710
-0.212,7369
0.0243,4038
0.327,1495
-0.184,9021
0.206,532
-0.0348,7184
-0.00255,5181
0.1,1606
0.0218,4509
0.121,892
0.126,807
-0.0945,9337
-0.227,9235
-0.112,8153
0.204,688
0.145,1483
1.06,699
-0.0651,8253
0.148,1630
0.0111,4638
0.19,1406
-0.146,9583
-0.0239,6215
0.333,542
0.0225,4666
0.0915,2596
-0.128,9040
0.0978,3000
0.015,4733
-0.004,5330
-0.107,9576
-0.173,9765
-0.0878,7894
1.22,1200
-0.0662,9827
-0.0748,8127
0.116,1332
0.241,413
0.0335,4350
-0.0419,6339
-0.0875,7425
0.0084,4553
0.1,1954
0.28,485
-0.158,9296
-0.369,9113
0.0429,3796
-0.0218,5796
0.5,1289
0.23,537
-0.257,9224
-0.102,8049
-0.0102,5584
-0.0901,8139
-0.112,8780
-0.224,9779
-0.116,7810
0.15,944
-0.182,8394
0.199,1172
0.0792,2359
0.111,2523
-0.105,8637
0.0796,1759
-0.0179,6027
0.167,1542
0.136,2119
-0.0423,5630
-0.161,7774
-0.139,7154
-0.0452,7504
0.0619,2846
0.0474,3407
0.0624,3485
0.514,1172
-0.0309,5580
-0.0461,7695
0.0744,3130
-0.262,9779
0.0372,4175
-0.302,7456
-0.157,9011
-0.156,9960
0.0244,3833
-0.179,7648
0.227,916
0.341,2219
0.324,691
0.0924,2640
-0.439,10237
0.066,2874
-0.137,8076
0.0516,3144
0.192,2306
0.033,3116
0.0296,3471
-0.0426,6311
-0.116,8137
0.431,323
0.00633,4564
-0.00987,5248
-0.143,9707
-0.0653,8034
0.0222,3831
-0.057,6543
-0.0829,7628
0.0141,4258
-0.178,9006
-0.159,8328
0.245,950
-0.0675,6880
-0.114,7949
-0.0209,5728
0.00888,4007
0.543,125
0.162,1872
0.434,464
0.106,1693
0.0253,3653
0.00496,4761
0.041,4154
-0.00423,5263
-0.198,9102
-0.0475,6706
0.000701,5029
-0.172,9351
0.135,1581
-0.0224,5618
0.161,1675
-0.102,8769
-0.102,9682
-0.0321,7567
-0.0538,5935
0.0646,2820
-0.255,8158
0.0578,3437
0.0195,4298
-0.0615,7550
-0.134,9422
0.305,759
0.0459,3433
-0.315,9829
-0.0919,10162
-0.0237,5969
0.123,2319
-0.202,9548
0.147,1804
-0.0513,6636
0.0216,4004
0.000873,5245
-0.148,8176
0.216,1174
-0.0608,7639
0.126,1337
-0.0103,5705
0.0599,2908
0.0128,4495
0.0262,4155
-0.0551,5526
0.101,2717
-0.021,5689
-0.0618,9043
0.134,2321
0.219,964
0.137,1688
-0.212,9590
0.11,2192
0.1,2187
0.0474,4002
-0.231,7892
-0.072,6552
-0.0505,6150
-0.129,9607
0.045,3644
-0.341,5926
-0.0374,6168
-0.148,9018
-0.355,10322
-0.0357,8333
-0.0612,7592
0.0555,3912
-0.0975,8274
0.0624,2911
-0.0443,6372
0.0442,2576
-0.108,8612
-0.0981,7334
-0.247,9328
0.209,1169
-0.027,5899
-0.079,9174
-0.0455,6725
0.0229,4288
-0.0136,5236
-0.0308,6279
-0.277,9571
0.0339,3759
0.224,276
-0.0204,5177
0.285,1473
-0.322,6596
0.177,2081
-0.185,9971
0.0271,4360
0.111,2899
-0.00207,5036
-0.0246,6211
0.0639,3700
-0.151,9896
0.206,276
-0.286,9165
-0.0936,6760
-0.052,7771
-0.199,8154
-0.128,8040
0.0149,4571
-0.189,6914
0.0816,2542
-0.373,6426
-0.373,9501
0.0101,4732
3.86,130
0.623,10
0.159,2990
0.0581,2659
0.0931,2474
-0.106,8718
-0.297,8235
0.56,133
0.885,1089
-0.0433,5725
0.587,114
-0.198,8951
-0.0404,5930
0.475,148
0.135,3368
-0.102,7750
0.0471,2702
0.172,1760
0.182,2440
-0.48,8968
0.458,1001
0.0256,4165
-0.0289,5972
0.213,245
-0.103,7002
0.251,507
-0.187,6888
0.13,3033
-0.0505,7500
0.0408,3686
-0.074,6633
-0.188,10390
0.51,1583
0.0138,4688
-0.0494,7596
0.0843,2636
0.501,1805
0.217,1076
0.184,3003
-0.00529,4649
0.0685,2881
0.0225,3781
0.0669,3025
-0.0897,8370
0.971,558
0.122,1606
0.00755,4739
-0.0601,7967
-0.279,9410
-0.117,8123
0.147,1950
-0.0705,7373
0.0102,5011
-0.0714,8284
0.00131,4526
-0.335,10252
-0.269,8948
-0.00529,4734
-0.26,10468
0.0494,2239
0.0592,3121
0.732,1022
0.0206,4510
0.00306,5106
0.123,1315
0.0915,805
-0.23,9086
0.172,1813
-0.0289,6129
0.0733,3395
-0.189,8636
0.205,252
-0.0476,5803
0.173,1151
-0.267,9948
0.126,2435
-0.254,10296
0.14,1534
0.00249,5434
0.112,486
-0.205,9017
0.0965,2862
-0.0137,5826
0.00632,4783
-0.0976,7521
-0.179,8485
-0.0118,4980
0.0666,3623
0.0343,3907
0.083,3339
-0.057,6733
-0.292,9881
-0.000129,5041
-0.409,7961
-0.0454,6631
0.243,1309
-0.0766,6670
-0.24,8624
-0.0477,6276
-0.127,9320
0.1,2214
-0.00411,5507
-0.0459,7244
-0.025,5879
0.347,480
-0.245,9800
-0.0175,5773
-0.144,9705
0.0216,4538
0.00581,4698
-0.0133,5186
0.0508,3749
-0.0906,9006
0.0222,4151
0.122,1793
0.19,1225
0.269,1291
0.0138,4659
-0.0204,5981
-0.163,9475
0.0309,3857
0.0908,2491
0.129,2373
-0.0301,5403
0.00935,4935
-0.0196,6017
-0.343,8704
0.0993,3632
0.0133,4467
0.0185,4457
0.0775,2666
0.012,4596
-0.103,7728
0.0367,2724
0.0119,4451
0.108,1123
-0.0149,5654
0.003,4831
0.13,212
-0.0978,9054
-0.0642,8001
0.103,1364
0.169,1632
-0.0448,6409
0.168,707
0.138,1426
-0.0454,6509
0.31,260
0.0361,3858
-0.0141,6008
0.15,2984
-0.000717,5030
0.0364,3554
-0.13,8344
-0.0935,6105
0.073,3385
-0.241,10026
-0.0399,6418
0.123,1448
-0.518,8289
0.0667,2710
0.2,1754
-0.102,8957
-0.0222,6146
-0.313,8526
-0.0203,5560
0.39,56
-0.217,9419
-0.149,8557
0.0995,2072
0.0134,4644
0.179,1216
0.0197,4413
0.0478,2380
0.175,1970
0.33,1471
-0.0793,5700
-0.158,6370
-0.00514,5288
-0.0265,5755
-0.0654,6933
-0.0165,5531
-0.0621,5779
0.0664,4016
-0.0712,7670
-0.153,9403
-0.0246,6705
-0.0862,6319
-0.0873,8195
0.118,2605
-0.00107,4973
-0.0261,6530
0.0777,3679
-0.0458,6754
-0.00925,5369
0.337,71
-0.122,9743
-0.0802,6438
0.184,2539
0.0988,1761
0.313,707
-0.0839,8151
0.0312,3753
-0.182,8988
0.143,2000
-0.0563,6346
0.212,1962
0.457,1235
0.151,380
-0.0153,5882
0.0695,2863
-0.0812,6469
0.00124,5004
0.0736,3689
0.136,983
-0.179,9437
0.0352,4021
-0.179,8425
-0.0431,7195
-0.103,8349
-0.164,9707
0.0778,3016
-0.229,9993
-0.0857,7696
0.176,2477
-0.169,7696
0.0817,2243
0.178,77
-0.176,9830
-0.0513,5683
0.108,2554
0.632,1515
0.0412,3760
-0.188,9933
-0.0244,5665
0.271,1519
-0.0976,6474
0.0187,4684
0.0187,3660
-0.0394,6594
-0.163,9497
-0.0589,6343
0.0411,3701
0.166,189
-0.0955,8493
-0.0707,7985
-0.0326,5546
-0.181,8785
-0.21,8327
0.019,4441
-0.0336,6662
-0.13,9665
0.246,1313
-0.117,8513
-0.132,7554
0.103,2998
-0.0592,7085
-0.0856,8342
0.0449,3737
0.0935,2968
-0.131,8350
-0.104,8904
0.126,2025
-0.176,9418
0.132,2681
0.774,567
-0.0558,5977
-0.0864,9428
0.0674,2430
0.0275,4281
0.0852,3037
0.0163,4570
-0.128,8919
0.101,2070
0.171,1248
0.249,1485
-0.0189,5322
-0.0662,6396
-0.0657,7557
0.0834,1524
-0.0759,8158
-0.323,10150
0.269,146
0.141,1097
-0.219,6749
-0.0588,7949
0.053,3518
0.136,1704
-0.152,9576
0.0355,4149
0.146,3049
0.0362,4383
-0.0456,6691
-0.322,8782
-0.0644,7319
-0.206,7638
-0.229,9581
0.0325,3742
-0.171,8564
0.0856,2278
-0.258,9696
-0.0432,5626
0.304,2474
7.3e-05,4818
0.0699,2209
0.225,972
0.235,1987
0.87,213
0.201,601
-0.00407,5199
0.153,475
-0.147,9252
0.196,1464
0.047,2518
-0.0816,8120
-0.0705,7194
-0.0721,7112
0.00408,4916
-0.186,8889
-0.163,9328
0.047,3623
-0.158,8747
-0.0343,5822
0.482,199
-0.135,9980
0.0595,2939
-0.000875,5033
0.111,2181
0.272,494
0.0474,3830
-0.143,8564
0.161,2862
0.0194,4593
-0.0589,7289
-0.481,9806
0.115,2397
-0.0631,7837
-0.0461,6164
-0.0991,8095
0.0976,583
-0.0935,9182
0.0356,4288
0.0106,4720
0.0167,4567
0.0182,4058
0.0574,3693
-0.0266,5728
0.0423,3772
-0.175,6030
0.674,1378
-0.0692,6093
-0.0474,6406
0.000232,4916
-0.392,9227
-0.0614,6664
-0.148,8225
-0.113,9337
-0.0802,9944
0.398,351
0.0492,3706
0.272,2546
0.158,696
-0.0855,7887
0.0923,1779
-0.0828,7098
-0.157,7962
-0.333,10358
0.00704,4745
-0.115,9778
0.132,1063
0.0747,3581
0.216,1399
-0.0964,7657
0.272,2234
-0.0533,5917
-0.0504,7405
0.251,829
-0.239,9873
-0.339,8456
-0.25,10058
-0.0591,7623
0.0204,4365
0.0432,3202
-0.131,9362
0.00739,4880
-0.0075,5144
-0.0399,6803
-0.0358,6071
-0.117,8161
0.268,1743
-0.367,8960
-0.0181,5535
0.144,1262
0.184,925
0.324,528
0.0402,4185
-0.0199,6032
0.293,1314
-0.115,9078
0.055,2974
0.0227,4419
-0.0571,7903
0.351,746
0.283,1675
0.0427,2800
0.00316,4904
-0.0191,5715
-0.0802,7044
-0.216,9253
-0.0872,7083
-0.00292,5456
0.199,185
-0.0145,5646
-0.125,7629
-0.0991,5561
0.14,2182
0.091,1568
-0.0186,6127
-0.0314,3445
0.072,3947
0.249,546
1.15,156
-0.248,10190
0.0322,3635
-0.228,6103
-0.111,8732
0.042,4036
-0.137,8648
-0.0424,7219
-0.0216,5704
-0.0466,6220
0.0209,3799
0.114,3345
-0.0405,6070
0.211,1285
-0.0429,7417
-0.248,9803
-0.248,9544
0.0222,4232
-0.29,8743
0.127,1711
0.0399,3411
0.133,2245
0.108,2850
-0.131,8259
-0.173,7097
-0.0879,8196
0.0103,4604
-0.164,5529
2.17,351
-0.0398,6521
-0.136,7880
0.603,141
-0.0883,6554
0.172,2469
0.24,223
0.0218,4088
1.16,3
-0.19,8665
-0.204,6674
-0.359,9045
-0.0865,9175
-0.073,8307
-0.0526,6143
0.00695,4969
0.0583,2905
0.162,1236
-0.0761,8879
0.11,1619
-0.0477,6070
0.0833,3928
0.098,3657
-0.036,6120
-0.0275,5970
-0.17,10043
-0.021,5590
-0.027,5710
0.00784,4859
0.00215,4665
-0.0778,7117
-0.0272,6311
0.416,1669
0.398,534
0.0433,4049
-0.195,8942
-0.0333,6705
0.0783,1868
-0.227,4774
-0.304,9550
-0.249,9022
-0.0842,9627
-0.0767,9167
-0.0428,7598
-0.294,4998
-0.537,9382
-0.184,7647
0.412,272
0.0495,3825
-0.194,4994
-0.153,6428
-0.637,8563
0.923,301
-0.486,6817
0.00161,4685
-0.132,6991
-0.017,5866
0.0245,3617
2.09,165
-0.285,7859
-0.137,5201
-0.188,5696
0.353,878
-0.117,9178
0.322,808
-0.4,10426
0.0981,2872
-0.257,10351
-0.0721,6971
0.0316,4796
-0.111,8327
-0.035,5834
-0.0611,8591
-0.0442,7613
-0.0875,8062
-0.0686,7030
-0.0432,6776
-0.0282,6029
-0.298,10131
-0.102,9104
-0.118,9932
-0.538,7068
0.811,365
0.193,2411
-0.214,8736
-0.0884,7423
-0.0287,5885
0.839,1718
-0.161,8071
0.238,824
-0.0175,5324
-0.0388,7481
0.165,2614
-0.668,9444
-0.0856,6207
-0.00312,5460
-0.0452,9699
0.0389,4254
-0.0635,6751
0.0389,4070
0.0686,2991
-0.00387,5078
-0.103,7510
0.0662,3294
0.249,1506
0.124,1804
0.0683,3445
-0.18,9204
0.0184,3902
0.146,2875
0.0392,4128
-0.325,8800
-0.0691,8177
-0.0918,8654
-0.0423,6068
0.0131,4674
-0.188,9929
0.573,226
-0.0534,6218
-0.36,9815
-0.0594,7889
0.0223,4473
0.107,3042
0.161,1592
-0.0412,6584
-0.0879,9048
-0.0635,7634
-0.0537,4651
-0.162,6936
0.00861,4637
-0.0734,6446
-0.099,9245
0.0952,3249
-0.155,7601
-0.00253,5044
-0.25,9546
0.025,4286
-0.133,9225
-0.123,5751
0.227,1645
0.0124,4890
-0.151,8833
0.0201,3719
0.0187,4328
0.106,2499
-0.543,9607
-0.00278,5222
-0.08,6527
0.0194,4212
7.2e-05,4978
0.133,982
-0.0184,5809
-0.155,6356
0.312,274
-0.0607,7048
-0.142,7995
0.00051,5188
-0.0244,6008
0.107,1560
-0.367,10263
-0.188,8845
0.237,160
0.0337,3847
0.0169,4304
-0.231,10109
0.18,1158
0.00972,4615
0.0425,3202
-0.000836,4954
0.177,1492
-0.312,10199
0.0866,2914
-0.00598,5183
0.0805,2772
0.102,643
-0.12,8876
-0.0485,6585
-0.0991,9232
-0.000489,4955
0.158,416
-0.193,8582
-0.117,8125
0.0222,4124
-0.337,8274
-0.12,9674
-0.169,9203
0.33,80
-0.328,9140
-0.144,7457
-0.183,8693
-0.111,8776
0.0693,2461
0.0179,4388
-0.0339,6212
-0.08,7221
0.207,1326
-0.123,9008
0.0796,2506
0.17,2599
0.00241,4928
-0.269,10083
0.0701,2766
-0.141,8319
0.0916,1320
-0.0611,7241
0.286,212
0.0197,4195
-0.0571,6020
-0.129,8998
-0.0935,8606
-0.354,10092
-0.0882,6546
0.148,3225
0.0621,3114
-0.135,7308
0.243,577
-0.0414,5765
-0.152,7574
-0.119,6735
0.0218,4065
0.0691,2346
0.0912,1992
-0.0351,5779
0.154,859
0.205,242
0.269,130
0.0656,2984
-0.205,9645
-0.884,8964
0.13,1618
0.182,1143
0.133,1142
0.294,332
-0.133,8212
0.0959,2354
-0.126,9430
0.127,2102
0.0667,3208
0.0548,2112
-0.0256,7126
-0.128,8269
-0.164,8863
0.051,3797
-0.146,7430
-0.0429,6864
-0.126,8303
-0.0789,6517
0.127,2787
0.103,1939
-0.13,8225
-0.0122,5362
0.0069,4930
-0.172,8726
0.237,1254
0.0206,4547
-0.0288,5528
-0.247,9091
0.0295,3535
0.202,1892
-0.148,4900
-0.0919,7524
-0.0169,5595
0.0228,3525
0.15,61
0.0378,4155
-0.00698,5797
-0.0822,7674
0.108,1585
0.0453,3329
-0.107,8628
-0.143,8743
0.35,1381
-0.052,7618
-0.0527,6301
0.168,570
-0.0088,5712
0.203,1045
0.199,952
-0.315,9852
0.0135,4504
-0.0991,6657
0.1,2171
0.0202,4522
0.159,1138
1.03,111
0.483,249
0.0307,3912
-0.194,9775
-0.0924,7594
-0.165,8854
0.0435,4065
0.0249,4557
0.0121,4524
-0.145,10035
0.00192,4838
-0.113,7924
-0.125,8727
-0.0745,7748
0.0276,3124
-0.101,8359
-0.161,9963
0.0816,2970
-0.188,9267
-0.343,10250
-0.0435,6785
0.0544,3335
-0.102,8031
-0.183,9903
-0.119,6892
0.183,3037
0.0296,3830
0.0669,2153
0.0444,3436
-0.085,7692
-0.167,8316
-0.0136,5380
-0.0991,8234
0.00582,4739
0.0625,3948
-0.322,10341
-0.209,8147
-0.00688,5250
0.0105,4652
-0.208,10132
0.0589,3604
-0.0855,7812
0.247,1399
0.413,1308
-0.105,8226
0.0698,2810
-0.174,8130
-0.00997,5572
0.109,2508
-0.0605,6984
0.0035,5008
-0.124,9684
0.267,469
-0.0586,7414
-0.0963,7694
-0.0232,5924
-0.102,9019
-0.0773,7484
-0.0894,8615
-0.076,7956
-0.135,7643
0.0499,3038
-0.236,10115
-0.0553,6320
-0.025,5978
0.02,4490
-0.0979,6694
0.121,249
-0.0757,7943
-0.121,9420
0.0151,4518
-0.397,8807
-0.0832,7002
0.131,364
-0.133,9672
0.0631,3265
0.121,1241
0.0696,2620
0.632,208
-0.0112,5216
-0.0442,5970
0.0587,3312
0.0747,3562
-0.252,9107
-0.0214,4913
0.0386,2884
-0.115,9261
-0.133,8374
-0.0337,6138
-0.102,6707
-0.115,9454
-0.137,9867
-0.22,10360
-0.138,7829
-0.00296,4980
-0.0372,5599
-0.377,8964
-0.199,9167
-0.303,10277
0.501,651
-0.0614,6945
-0.033,6289
0.0366,4224
0.0895,3439
-0.0595,6233
-0.454,9550
-0.00735,5327
0.349,500
-0.0208,5463
-0.107,8108
-0.289,9752
0.171,1144
-0.206,9425
0.0574,3705
-0.228,9242
0.423,149
-0.223,9465
-0.0274,5374
0.474,32
0.22,1579
-0.269,9432
-0.0494,6986
-0.0698,8325
-0.0543,7205
0.138,1995
-0.017,5970
-0.0337,5780
0.137,2636
-0.0563,7332
-0.0245,5224
-0.0736,6832
0.202,1103
0.191,1773
0.0475,2513
0.0559,2551
0.0753,3058
-0.0321,6147
-0.217,7836
-0.273,9292
-0.187,9109
-0.00907,5757
-0.129,9020
-0.295,9712
-0.0654,6093
0.209,1437
0.131,1099
0.0976,740
0.156,1306
-0.157,9615
-0.255,9827
-0.0645,7056
-0.0878,7445
-0.0899,8102
-0.321,9189
0.0233,4573
0.405,1297
0.00884,5052
-0.0229,6645
0.606,60
-0.0775,6508
0.0638,3842
-0.233,6281
-0.0634,9031
0.0162,4685
-0.0723,5902
-0.0992,8249
-0.365,9719
0.221,937
0.0696,2543
0.203,195
0.258,412
0.0764,3026
0.497,161
-0.0954,6647
0.168,1128
0.0132,4828
-0.831,9202
0.163,520
-0.0204,5729
0.0325,4061
-0.0465,7531
0.0526,2250
0.00687,4535
0.000281,4801
-0.446,9341
0.047,3234
-0.255,9748
-0.246,9876
-0.215,9175
0.0555,3151
-0.0099,5211
0.0529,3743
-0.00993,5418
-0.0306,6213
-0.512,7458
-0.0389,6429
0.0601,2838
-0.364,9760
0.00242,5115
-0.00587,5845
-0.203,5598
-0.117,8915
-0.155,7481
0.0822,2514
0.0583,2675
-0.0393,6389
0.145,2167
-0.179,8778
0.129,452
0.00197,4898
0.331,254
-0.314,9236
-0.14,6884
-0.176,9105
0.0477,3879
0.111,2601
-0.0145,5243
-0.0377,7125
-0.113,9317
-0.0539,6563
0.074,2858
-0.00558,5603
0.192,401
0.112,3212
0.158,2129
-0.128,4398
-0.0299,5721
0.0748,3291
0.00361,4842
-0.0207,5631
0.00752,4875
-0.263,9176
-0.262,8832
-0.206,10024
-0.226,7233
-0.216,10276
-0.4,10341
0.17,1728
-0.309,9092
0.0696,3130
-0.191,10341
-0.203,10205
-0.0878,7566
0.0305,3930
0.306,384
0.163,1249
-0.0405,5986
-0.185,9910
0.00906,4904
0.0384,4063
-0.283,9657
1.04,1230
-0.0111,5268
0.107,2273
-0.188,9595
-0.122,8059
0.198,2028
-0.0653,7626
-0.145,9980
0.0114,3100
-0.149,8482
-0.462,10274
-0.48,10425
0.085,2665
0.191,851
-0.0237,6011
-0.0543,7484
-0.0831,8252
-0.0764,6379
0.0958,2597
-0.0266,6490
-0.0859,7413
0.00229,4959
-0.162,9555
0.0894,2797
-0.218,9713
0.0521,1404
-0.028,6626
0.0768,2831
-0.0319,6820
-0.103,8653
-0.00198,5188
0.274,414
0.00184,5047
-0.212,8619
-0.00114,5024
0.0706,2475
0.0652,3189
0.108,2116
-0.0864,7262
0.124,2217
0.0322,4270
0.143,1589
-0.0183,5698
-0.301,9081
-0.234,6185
-0.23,9170
-0.0249,6070
0.0019,5165
0.0184,4207
-0.2,6773
-0.0721,6260
-0.0726,6166
-0.172,8639
-0.157,9975
-0.0983,8512
-0.0322,6808
0.0889,2328
-0.146,8836
0.164,1882
-0.163,10024
-0.0266,7166
-0.0297,5729
0.025,4456
-0.154,9083
-0.539,10324
0.109,1843
0.311,77
-0.0823,7113
0.175,1851
0.309,1457
0.0615,2539
0.0986,1902
-0.0143,5775
-0.142,9500
0.161,2242
0.0123,4867
0.13,1302
0.211,655
0.202,517
0.0619,3630
-0.136,7943
0.107,2161
-0.0532,7375
-0.0143,5833
0.00423,4645
-0.191,9448
-0.295,8635
0.405,13
0.00945,4701
0.0608,3436
-0.00964,5396
-0.0273,6892
0.177,1030
-0.0552,6730
-0.0547,7732
-0.158,7569
-0.126,9508
0.173,1264
-0.109,8286
0.157,1340
-0.0617,7064
0.0232,4527
-0.193,10271
-0.00661,4748
-0.145,9015
-0.0582,6802
-0.0889,8968
-0.012,5649
0.193,1204
0.115,2037
0.312,194
-0.0304,7355
-0.238,9564
0.00333,5033
-0.0511,6122
-0.00524,5331
-0.106,8138
0.326,1208
-0.265,9753
-0.175,9186
0.197,1037
0.131,1946
1.08,446
-0.21,9919
0.152,283
0.103,2789
-0.17,8948
-0.085,8525
0.0822,2742
-0.0156,5958
-0.186,8534
0.21,315
0.00808,4752
-0.166,7187
-0.19,7641
-0.168,9815
0.0218,4387
-0.213,10014
-0.123,8375
0.0703,2809
-0.168,8263
0.14,2342
0.0187,4406
0.0245,3775
-0.149,7540
0.0353,4066
0.0379,3965
-0.014,5424
-0.181,9900
-0.0651,6671
0.252,220
0.329,221
-0.276,10122
0.0454,3974
0.0233,3903
0.11,1801
-0.15,8363
-0.102,8786
-0.337,9902
0.447,308
0.24,490
-0.0142,5640
0.0321,4121
-0.015,5299
0.0472,3967
0.0511,3159
0.214,1276
-0.142,9219
-0.0718,7053
-0.0682,7131
0.132,1868
0.218,1317
-0.026,6453
0.0479,3001
-0.221,9843
0.0201,4695
0.013,4577
0.0957,2227
0.0169,4562
0.0769,2702
-0.0485,6727
-0.063,6722
0.0718,2715
-0.278,10252
0.0138,4902
-0.0198,5791
-0.185,7813
0.111,3069
0.00208,4814
-0.167,7477
-0.0739,8232
-0.0059,5140
0.0823,2856
-0.0124,5198
-0.13,9453
0.0677,3017
0.259,122
0.139,1492
-0.121,9229
-0.299,10062
-0.457,10152
0.000498,5085
0.295,1405
-0.033,6374
0.0605,3144
-0.0666,6709
0.265,1346
0.548,318
0.0669,2842
-0.0536,7134
-0.0983,5753
-0.319,10336
0.0112,4584
0.0316,3962
0.0358,2932
0.094,913
-0.189,8960
0.0668,3815
-0.0234,5672
-0.0188,5323
0.155,768
0.0649,2341
-0.0697,7204
-0.0246,5646
-0.172,7157
-0.0989,7748
0.268,581
-0.0903,8895
-0.259,9853
-0.0275,6109
0.112,3323
-0.0405,5767
-0.0228,6398
-0.0322,6297
0.0439,3287
-0.00625,4984
-0.0424,7551
-0.0562,7308
0.0974,2006
0.0564,3313
0.0318,4157
-0.188,7447
-0.0375,5764
-0.186,9667
0.0117,4280
0.00724,5059
-0.0153,6345
-0.0777,6562
-0.0216,5682
0.0253,4149
0.0481,3813
0.0863,2000
0.572,852
-0.319,9888
-0.208,9606
-0.0906,6143
0.00211,5279
-0.319,10240
-0.0763,6350
-0.136,10248
-0.254,10308
0.154,2657
0.0228,3752
0.0481,2074
0.0357,4097
-0.377,9471
0.000335,5023
-0.0066,5482
0.0215,4211
-0.131,9336
0.202,593
0.115,2543
-0.376,8676
0.178,2163
-0.0122,5349
0.089,2585
0.062,3262
0.109,2300
0.0524,3457
-0.111,8451
-0.0166,6199
0.144,177
0.0548,4174
0.204,671
0.0283,4554
-0.00546,5111
-0.0308,6552
-0.0903,8317
-0.0321,6055
0.066,3560
0.961,120
0.213,2373
-0.132,8769
-0.0384,8264
0.131,1867
0.0857,2090
-0.00235,5092
-0.0876,6843
0.129,2065
0.0199,4354
0.0531,3881
-0.018,5454
-0.199,9253
0.0578,3299
-0.0543,7252
-0.0721,8035
-0.162,9820
-0.12,8189
0.0375,4187
-0.168,8445
-0.18,10330
-0.112,9839
0.141,2117
0.225,1066
-0.393,9964
-0.113,8580
-0.0269,6249
-0.0422,6971
0.33,246
-0.195,9837
-0.127,8558
-0.0568,5346
-0.07,6799
-0.19,10217
-0.0965,8377
-0.16,8914
-0.149,9797
-0.0104,6103
0.0484,2651
0.127,899
-0.0227,6098
-0.183,8094
0.0926,2616
0.0344,3535
-0.122,7500
0.168,1220
0.178,1328
-0.0423,6610
-0.138,7860
0.418,729
-0.155,9411
-0.0338,7595
0.0456,3437
-0.00825,5135
0.0013,4976
-0.000725,5130
-0.14,8336
-0.0351,6837
-0.107,7350
0.0576,3705
0.375,800
-0.164,7604
-0.0356,6558
0.0708,2610
-0.33,10000
-0.141,7291
-0.133,8575
-0.0518,7244
0.198,2156
-0.082,8158
0.0122,4583
-0.0246,5927
-0.118,8731
-0.049,6314
-0.208,9717
0.133,1303
0.596,2
-0.00364,4966
-0.0558,6447
-0.0888,6857
0.0185,4204
0.154,1867
-0.0956,5765
0.277,543
-0.18,9835
0.0611,3214
0.024,3703
-0.0502,7474
0.0367,4088
0.119,3305
-0.325,10277
0.0564,3576
0.0397,2389
-0.23,10387
0.235,1889
0.378,145
0.143,2184
-0.0831,7326
-0.115,8125
-0.00276,5259
0.115,1743
-0.292,8372
-0.137,7533
-0.0316,5832
0.0349,4237
0.173,675
-0.0402,6343
-0.153,7220
-0.101,7063
-0.0408,6557
-0.0264,5786
0.0231,4342
-0.0564,6930
-0.0806,7167
0.343,447
-0.0278,6200
-0.0276,6074
0.0925,1473
0.152,2166
0.269,747
0.278,1190
-0.125,7729
0.0226,3894
-0.018,5696
0.053,2397
0.206,1586
-0.0853,6487
-0.413,10331
0.0171,4364
-0.123,8046
-0.0729,6674
-0.122,9258
0.025,4421
-0.132,9935
-0.0178,5959
0.142,1277
0.146,2082
-0.0318,6500
-0.121,7278
0.0785,3324
-0.0996,8718
-0.0222,6802
-0.111,7880
-0.0297,5927
-0.0733,7163
-0.191,8336
-0.101,9421
-0.0068,5533
0.0994,1906
0.236,625
0.0091,4881
-0.346,9302
0.0716,3364
0.0136,4280
0.0966,3395
-0.0028,5372
-0.0887,6966
0.052,4393
-0.112,10099
0.0795,2279
0.00967,4775
0.0747,2827
-0.00631,5061
0.101,2017
-0.0737,9144
0.0461,3150
0.409,157
0.232,1355
-0.161,7634
-0.217,9872
-0.00863,6045
0.0419,3127
-0.105,7316
0.00314,4958
-0.684,10066
0.145,2799
-0.0791,6980
-0.0992,8220
-0.153,9211
-0.109,7479
-0.123,9397
-0.433,9848
-0.0652,7929
-0.0618,7803
-0.144,9148
-0.257,9222
-0.329,9702
-0.114,7510
0.0461,3483
-0.198,5443
0.00907,4797
0.156,1591
0.174,1216
-0.111,8347
0.0387,3530
-0.214,10064
-0.0831,7366
0.0963,2637
-0.141,8660
0.207,1286
0.141,2028
-0.0519,7076
0.119,888
-0.0471,5437
0.0215,4364
0.0241,4388
0.0619,2641
0.147,95
0.188,971
-0.0843,6274
0.037,4111
0.0984,1920
-0.24,9378
0.0387,4287
-0.0549,6869
0.0559,3474
-0.101,9597
0.0643,2635
-0.0471,7891
0.0696,2073
-0.0982,7764
0.195,2074
0.0967,3373
0.0703,3518
0.122,3134
0.31,1533
0.137,2417
0.00356,4793
0.0947,1494
0.015,4437
0.235,1835
-0.167,8654
0.389,573
-0.138,8228
0.028,4240
-0.152,8554
0.0608,1852
0.0259,4157
0.0541,3180
0.0036,4922
0.0211,4296
0.0339,3902
-0.362,9294
-0.543,9722
-0.303,10016
0.184,1791
0.0118,4691
0.0814,2474
-0.238,8416
0.628,199
0.0294,4427
-0.0213,5549
-0.0742,9482
-0.0136,5895
0.301,1012
-0.0678,8165
0.283,2995
0.126,1653
-0.00053,5206
0.126,1764
0.0673,3479
0.0841,1743
-0.293,9466
-0.132,6255
0.0687,1877
0.0751,2458
0.0958,3053
-0.0162,5299
-0.0465,6852
-0.233,6995
0.0839,1651
-0.0803,8004
-0.118,7969
-0.0826,7310
0.101,2559
0.0956,3809
0.111,1364
-0.119,8852
-0.115,7370
0.107,1946
-0.0494,6222
0.271,528
-0.107,9336
-0.0163,5823
-0.0152,5603
0.00624,4818
-0.298,9616
-0.141,6927
0.0471,3906
-0.0418,5824
-0.201,9384
-0.227,7956
0.0661,3443
-0.118,7693
0.00401,4595
-0.615,9196
0.533,581
-0.0015,5264
0.248,786
-0.132,9680
-0.0678,8269
0.0576,3482
-0.312,10053
-0.117,7547
-0.147,8111
0.0105,4435
0.0672,2646
-0.112,9057
-0.143,5109
-0.102,7598
-0.384,9644
0.0297,4103
0.0522,2753
0.0538,3765
-0.226,9612
0.0751,3128
0.182,1745
-0.022,5392
-0.00828,5423
-0.0791,6798
-0.166,8790
0.0838,3370
-0.147,7517
-0.187,9393
-0.0313,7349
0.138,2290
-0.0069,5331
0.187,1824
-0.0551,6425
-0.00392,5303
0.135,2075
-0.15,8982
-0.00539,5021
-0.238,8903
-0.0598,7696
-0.0582,7060
-0.108,8765
0.0122,4528
-0.0487,7623
-0.00478,5021
-0.00952,5429
-0.0693,7630
-0.0108,5405
-0.0827,7003
-0.0655,6932
0.291,1785
-0.0666,6614
-0.219,10274
-0.367,10462
0.164,841
-0.0968,8091
-0.0627,5729
0.205,680
0.0617,2256
-0.0185,5870
0.106,1846
-0.113,8597
-0.104,8952
-0.366,9942
0.155,235
-0.211,9888
-0.292,8335
0.123,2727
0.362,934
-0.385,9642
0.0452,3117
-0.03,5707
0.0049,4490
-0.0944,6540
0.0128,4621
0.00497,5193
0.469,53
0.0274,3967
0.087,2724
0.0558,3754
-0.164,6371
-0.0493,7275
-0.0836,9078
0.00951,4702
-0.066,7009
-0.298,9713
0.191,1915
-0.072,5997
0.096,892
-0.0758,7057
-0.126,7456
0.173,2044
-0.011,5891
-0.157,9737
0.00374,4913
-0.00914,5418
0.127,1500
-0.0461,6622
-0.125,6665
-0.0507,6597
-0.281,9542
-0.335,9982
-0.602,9052
0.102,3277
0.0254,4310
0.0929,2785
-0.0577,6468
-0.0309,5526
-0.00305,5342
-0.215,9827
-0.121,8911
-0.0088,6168
-0.0381,5953
0.133,1149
-0.35,10075
-0.14,8716
-0.0355,7226
0.115,1729
-0.151,8914
-0.343,9254
0.345,1039
-0.218,10016
-0.0939,8197
0.0214,4298
-0.213,4744
-0.303,10204
0.241,1751
-0.175,9123
-0.222,10427
-0.0562,7834
-0.348,6303
0.162,2356
0.0538,3683
-0.0151,5436
0.191,62
0.0528,2844
0.0916,2325
0.000156,5086
-0.0354,6177
0.0892,1401
0.0501,3496
0.0847,1951
-0.167,8427
-0.209,10206
0.0323,4133
0.258,1620
0.269,529
-0.0146,6129
-0.247,10245
0.00239,4942
-0.269,9140
0.0324,4467
0.0115,4476
0.00252,4986
0.0595,3225
0.185,1734
-0.0918,6277
-0.0504,6606
-0.00536,5165
-0.0375,7049
0.00205,5115
0.19,916
0.00957,4746
0.0963,2339
-0.0297,6124
0.0862,2525
0.0947,2604
-0.0259,5832
-0.194,10224
-0.343,10007
0.0422,2499
0.104,2087
0.0344,4054
-0.168,9846
0.106,2413
-0.296,9292
0.0503,3030
-0.00318,5047
0.0383,4335
-0.0412,6660
0.302,116
0.00378,4973
-0.00369,4945
-0.0311,6359
-0.267,8467
-0.239,10236
-0.17,9245
-0.132,7259
-0.0962,7601
0.132,984
0.22,762
-0.159,9304
0.2,2721
0.184,303
-0.151,9199
0.0401,3812
0.33,511
-0.0135,5062
0.069,3586
-0.0662,6801
0.115,1515
-0.246,9855
-0.0341,6053
0.152,2385
0.0744,2366
-0.0529,6929
0.018,4422
-0.0277,5884
-0.0017,4845
-0.0128,5065
-0.16,7625
0.14,2007
-0.0386,5980
-0.0761,6237
-0.0387,6392
-0.0127,5335
-0.192,8083
0.0612,1942
-0.0321,6018
0.0491,3975
-0.152,7439
-0.212,9162
0.168,1440
-0.185,10254
-0.0323,6523
-0.0884,7148
-0.0838,6892
-0.000915,4916
0.00544,4785
-0.169,8981
0.161,1650
0.0808,3215
0.0537,3847
-0.0612,6687
-0.215,9925
0.19,1665
-0.106,7441
0.111,2289
0.0766,3378
-0.167,8423
-0.0442,6183
-0.0111,5255
0.0622,3242
-0.16,9721
-0.0481,6446
-0.00432,5419
-0.134,9786
-0.125,9729
0.0189,4163
0.0729,2349
-0.0302,5933
0.108,655
-0.21,9432
-0.00417,5284
0.105,925
0.358,228
-0.327,9786
0.139,2979
-0.00108,4941
-0.178,9530
-0.0512,8868
0.156,1482
0.0987,2722
0.00059,5061
-0.00984,5276
0.018,4598
0.0163,4553
-0.0742,7493
0.317,122
0.143,2640
-0.259,10299
-0.0661,8112
0.0654,3171
-0.2,9666
-0.181,8930
-0.0642,8144
0.0279,4498
0.122,346
-0.0063,5498
0.0351,4161
-0.293,9588
0.182,2082
-0.302,8791
0.0569,3167
-0.106,7941
-0.0432,5694
-0.0097,5438
-0.0613,6447
-0.0507,6007
-0.0909,9196
-0.0617,7556
0.0315,4021
-0.0348,6538
-0.175,8028
1.7,76
0.255,669
-0.0517,7246
0.0165,4432
0.0858,2850
0.0229,4681
0.0782,2051
0.183,845
0.134,1948
-0.124,8611
0.157,1101
0.104,2162
-0.21,6372
-0.0791,8478
0.171,1022
0.0777,3781
0.101,3798
0.323,215
0.357,795
0.000367,5020
0.0412,3632
-0.3,9478
0.0557,3743
-0.131,9398
0.0278,4072
0.214,446
0.0468,2270
-0.151,8855
0.115,2682
-0.126,7249
-0.151,8665
0.211,52
-0.0414,6506
-0.266,8598
-0.159,8086
0.0714,3311
0.0383,3906
-0.0894,8356
-0.165,8441
0.56,34
0.157,1482
0.602,671
-0.0821,7778
-0.212,8181
0.0743,2014
-0.198,10193
-0.212,9165
0.105,1760
-0.134,8896
0.00633,4777
-0.234,8912
0.184,716
-0.125,7708
0.0127,4772
-0.139,8006
0.0274,4173
0.0186,4309
-0.164,8296
-0.0498,6320
0.0114,4691
-0.11,8950
-0.0448,7053
0.0354,3812
-0.121,9571
-0.0469,6796
-0.179,10401
-0.0331,6417
-0.0333,6642
-0.0376,6675
0.0283,3850
-0.386,10171
-0.0365,7475
-0.0545,6573
-0.0792,7501
0.314,510
0.00639,4749
0.101,2555
-0.0816,8103
0.0936,2049
-0.00332,5398
0.0918,1090
0.139,1946
0.188,1128
0.0354,4414
-0.171,7165
0.0511,2293
-0.128,10203
-0.055,6637
-0.0926,7041
-0.0123,5488
0.1,3334
0.00402,4647
-0.0952,7656
-0.464,9402
0.0417,4532
0.221,1189
-0.213,7929
0.25,1750
0.229,394
0.7,1845
-0.395,6255
0.407,686
0.147,3627
0.292,811
-0.043,6134
-0.0133,5170
-0.00999,5009
-0.0426,7073
-0.0777,7729
0.331,347
0.13,1689
-0.344,8988
-0.0297,5643
-0.0151,5855
-0.0982,7913
0.171,826
0.138,1206
0.308,703
-0.0794,7508
0.0962,458
0.291,158
0.118,2624
0.102,3384
0.104,1538
-0.127,10299
-0.16,8914
0.13,2859
0.0635,3614
-0.235,8764
0.0789,3648
-0.044,9160
-0.0151,6249
0.457,59
0.312,487
0.291,148
-0.0926,7049
0.151,1715
0.0821,1969
-0.0637,7227
-0.151,8937
0.0259,4027
0.119,2230
-0.0491,6993
-0.0573,7724
-0.00645,5546
0.0287,4294
-0.117,7298
0.168,1729
0.286,1154
-0.0758,7214
0.0182,4203
0.241,597
-0.0056,4969
-0.163,9795
0.0538,3370
-0.0793,7910
-0.128,9623
0.221,237
-0.187,8676
-0.00156,4986
-0.0101,5131
-0.0839,8301
0.0735,1438
0.0284,4197
0.0169,4582
-0.159,8138
-0.32,9103
0.29,18
-0.259,10218
-0.0109,5404
-0.0974,8164
0.0645,3443
-0.0076,5523
0.0432,4483
-0.0837,7483
-0.0373,6112
-0.0638,7007
0.148,3177
-0.211,9612
0.0466,3004
-0.0506,7546
-0.347,10210
0.0911,2933
-0.0631,6905
0.0382,3090
0.166,955
-0.0669,8102
-0.163,9937
-0.0698,7140
0.106,2213
-0.309,9473
-0.204,9399
0.0158,4181
0.0649,3453
-0.153,9579
-0.0582,5545
0.0553,4165
0.00679,4782
0.0514,2920
-0.0983,8010
-0.197,10251
0.0529,3666
-0.129,8221
0.169,2396
-0.0832,8772
0.0887,2512
-0.19,9094
-0.0591,6705
0.0461,4129
-0.094,7954
0.0515,3645
0.149,1628
-0.122,8378
-0.0982,6647
-0.086,6677
0.023,3652
-0.239,7896
0.16,1774
0.000847,5007
0.281,880
-0.0242,5278
-0.105,9705
0.0651,2203
-0.229,9367
-0.219,8239
-0.28,9870
-0.0889,5924
0.155,968
-0.0519,7076
-0.0468,6204
-0.0905,8445
0.0904,3075
0.129,1563
-0.17,8696
-0.102,7677
0.123,2424
-0.0703,6624
-0.12,8163
-0.0571,7256
0.0343,4131
-0.163,8607
-0.109,8224
-0.205,8225
-0.252,9921
-0.0987,7584
-0.263,8476
-0.0694,8858
-0.125,9661
-0.126,9787
-0.163,7457
-0.176,8024
0.0968,1944
-0.0556,7829
-0.186,7259
0.0497,3134
-0.00979,5306
-0.0358,6026
0.138,2658
0.0129,3739
0.0859,2344
0.0478,4090
-0.188,7660
-0.0152,5026
-0.175,10051
-0.0378,8279
-0.175,9984
0.00823,4685
0.267,278
-0.0541,6773
0.0579,3098
-0.171,9686
-0.0353,5711
-0.0698,7238
-0.208,9336
0.172,1325
0.0842,3445
0.0447,3065
0.194,870
-0.226,9618
-0.0403,6616
-0.037,5673
0.138,2182
-0.033,6108
-0.0306,6004
-0.0459,6274
0.359,1432
0.0561,3294
-0.0395,7754
0.06,1736
-0.266,9752
0.12,2246
-0.131,9455
-0.142,9362
-0.0621,8302
-0.0391,7180
-0.222,9840
0.141,1909
-0.0665,6785
-0.0492,6329
0.206,2319
-0.0142,5685
-0.193,9552
0.54,118
-0.13,6636
-0.0895,7311
0.0103,4816
-0.0129,5732
-0.078,7626
0.102,1824
0.182,1664
0.0822,2832
0.0288,3863
0.0124,4701
0.0319,4169
0.102,2705
-0.00734,5398
-0.161,7952
0.0826,2181
0.0037,5087
0.374,155
0.399,545
0.122,2224
-0.0399,6299
0.0503,3182
0.0774,1909
-0.292,9257
-0.233,9163
0.12,1875
2.42,402
0.0957,777
-0.0587,7189
0.493,1520
0.105,2365
0.0938,3175
-0.187,7094
0.239,871
0.0998,2158
-0.0414,6906
0.268,214
-0.124,8124
-0.0603,8548
-0.135,8775
0.0887,2987
-0.196,8792
0.0604,3204
0.0995,3496
-0.224,9590
-0.0262,6393
0.12,1526
-0.0706,6970
-0.0118,5824
-0.282,9433
-0.123,6671
-0.113,8619
-0.171,8218
-0.031,5790
0.127,2855
-0.236,9796
0.0542,2248
-0.146,10353
-0.0248,6302
-0.106,8510
0.254,1499
-0.18,10168
0.2,2123
0.0689,2743
-0.0201,5920
0.0638,2607
-0.126,7224
0.0893,2309
0.101,2435
-0.0512,5854
0.0384,4105
-0.0592,7202
0.213,2828
0.177,1200
0.182,3208
0.0085,4802
0.202,32
0.0226,4662
0.0291,4190
0.226,1612
-0.346,6170
-0.0813,9408
0.492,1374
-0.146,9257
-0.122,9075
-0.433,6256
0.426,960
-0.0418,7204
-0.0408,6043
-0.172,9633
-0.23,10334
0.0101,4575
0.0417,3930
-0.18,9812
-0.119,9965
-0.161,8970
0.000567,4758
-0.0444,4752
-0.307,9330
-0.116,9734
0.00875,4727
-0.486,10216
-0.057,5860
-0.0336,6091
0.0107,4741
0.0186,4304
0.0783,2360
0.122,1655
0.0591,3622
0.565,981
0.879,23
0.11,831
-0.177,10090
0.124,3162
-0.289,9698
0.101,2533
-0.0539,6274
0.151,627
0.296,162
-0.0628,6754
-0.158,9964
-0.069,8121
-0.0481,6241
-0.17,10078
0.0519,3360
-0.08,6406
-0.104,9153
-0.0861,8294
-0.144,8784
-0.104,7945
0.0789,3498
0.107,2209
0.219,184
0.116,751
0.0799,3323
0.136,1287
-0.0485,6509
-0.306,10255
-0.0868,6058
-0.0638,7232
0.267,758
-0.0232,5879
-0.317,10131
0.63,10
-0.139,9606
-0.0386,6371
0.0342,4358
-0.142,8855
0.00424,4923
-0.0997,7005
-0.066,7923
-0.131,9058
0.521,1811
-0.206,9652
-0.242,9173
-0.0966,7887
0.00565,4788
0.0617,2582
-0.223,9239
0.0318,4072
0.147,962
0.254,1015
-0.104,8217
-0.28,10246
-0.0495,5902
-0.115,8078
-0.128,9827
-0.0187,5719
0.00628,4940
-0.139,10297
-0.18,9788
-0.0725,7656
-0.0872,7209
-0.00186,5190
0.0539,3868
-0.014,6008
0.413,2240
-0.463,10114
-0.0454,5430
0.167,1802
0.0385,3471
-0.00591,5352
-0.0207,6311
-0.228,10182
-0.00335,5130
-0.0697,7556
-0.038,7680
-0.171,8434
0.184,1431
-0.359,9874
-0.0076,5186
-0.128,7961
0.163,1940
-0.044,6537
-0.184,9699
0.0861,2173
-0.0223,6018
0.111,1288
0.028,4288
0.0299,4212
-0.0738,6659
0.0926,3504
-0.0696,7681
0.0202,4397
0.0086,4927
0.317,320
-0.181,9061
-0.276,9987
0.245,2106
0.0234,4053
-0.066,6768
0.103,2224
-0.244,9645
-0.0721,7694
-0.00395,5485
0.104,3396
-0.0504,6947
-0.101,8937
-0.0933,7975
0.102,2725
-0.0126,5734
0.113,1813
0.046,4058
-0.175,8134
0.0698,3357
-0.165,7108
-0.0191,5665
-0.0249,5535
0.192,865
0.096,1739
-0.181,8719
0.113,2939
0.0134,4317
0.154,1796
-0.259,9784
-0.26,9342
0.881,77
-0.0577,6211
-0.083,7921
-0.205,9166
-0.0407,5703
-0.0875,7686
0.467,297
-0.0185,5112
-0.131,8028
0.00228,5033
0.049,3102
0.0532,3406
0.103,2471
0.473,319
-0.0455,6880
0.117,1130
-0.2,9575
-0.284,9959
0.751,340
0.303,1129
-0.0794,8157
-0.17,9883
0.429,480
-0.0773,7327
0.0456,3999
0.0716,1504
0.027,3844
0.0221,4587
-0.0354,5892
0.0115,4611
-0.143,8933
-0.0784,8418
-0.172,9121
-0.0381,6484
-0.0996,9359
-0.289,9889
0.218,2536
-0.348,9648
0.0258,3910
-0.155,9828
-0.063,7031
-0.222,8908
-0.127,7812
-0.157,6892
0.0571,2795
0.028,3250
0.235,1874
-0.0766,6426
-0.0768,7283
-0.0585,7073
-0.0335,5685
0.0597,2659
-0.123,8384
0.193,1674
-0.0401,6181
0.162,1323
-0.118,7035
-0.138,9099
0.0508,3049
0.0019,4906
-0.00131,4922
-0.179,8454
0.0846,1836
0.153,869
-0.00675,5283
0.14,2145
0.0405,3542
-0.337,9327
0.0575,3211
0.137,1182
0.07,2942
-0.0156,5812
0.0418,4083
0.0208,4347
-0.0474,6462
-0.0736,7897
-0.29,5527
-0.121,7396
0.259,730
0.0257,4520
0.0722,3405
-0.0085,5467
-0.18,8447
-0.186,5067
-0.18,9979
0.00595,4807
0.00799,4665
-0.135,8806
-0.0184,6061
-0.0622,6274
0.203,2123
-0.0584,6807
-0.0348,6409
0.112,2212
0.587,516
-0.173,7927
-0.0584,5873
-0.00257,5224
0.034,3292
0.00323,4943
-0.0933,7220
0.23,1761
0.311,636
0.00354,4928
0.0479,2167
-0.0774,6781
-0.137,8636
0.169,617
-0.0903,6509
0.0622,3449
-0.0575,7578
0.116,2257
0.33,574
-0.125,7927
-0.388,5647
-0.066,7497
0.067,1961
-0.171,9735
0.248,560
-0.0731,7202
0.138,670
0.0312,3961
0.0888,1617
-0.132,9253
0.14,2033
0.0497,3912
0.0166,4585
-0.267,10083
-0.00765,5851
-0.112,8606
-0.0911,6858
0.044,3798
0.0434,4247
0.0353,3487
-0.0457,6800
-0.00721,5312
-0.0175,5826
-0.00963,5256
0.0202,4222
-0.0244,6185
0.174,734
-0.0864,8610
0.023,4233
0.239,291
0.465,731
-0.0838,7329
0.0946,777
-0.00871,5558
-0.135,8829
-0.0812,6333
-0.222,9504
0.0994,2468
0.00137,5060
0.143,1384
-0.118,7264
-0.0962,8296
-0.136,7681
0.0814,3614
-0.0642,7762
-0.186,9436
-0.188,7881
0.0514,3014
0.126,2361
0.0891,2989
0.272,1303
0.0583,3839
0.0574,3506
0.196,88
0.0525,3475
-0.0908,6964
-0.0684,6807
-0.241,9216
-0.372,8874
0.0317,4370
-0.0615,8303
-0.076,8299
0.109,1533
-0.319,9223
-0.372,9602
0.158,673
-0.122,9958
0.0384,3861
0.132,1573
-0.197,5957
-0.0855,6313
-0.0317,5621
-0.0132,5751
-0.121,9073
0.158,1038
0.0419,3661
-0.307,9912
0.363,313
0.0905,3185
0.0146,4490
-0.106,9036
-0.157,8026
-0.0156,5456
-0.1,8302
0.274,89
-0.0647,6914
-0.0455,6837
0.00239,5104
0.14,1642
0.0701,2090
-0.0706,7202
0.261,260
0.0855,2843
-0.207,7691
-0.0233,5705
0.0641,3383
0.181,886
0.076,3125
-0.199,9682
0.0276,4121
-0.202,7663
0.0823,2389
0.0701,3153
-0.175,9023
-0.0593,7521
-0.0327,6396
-0.0824,6951
0.0507,1981
-0.103,8399
-0.202,7298
1.08,53
-0.104,9799
-0.111,8690
0.175,888
0.0885,1315
-0.16,9932
-0.0131,5492
-0.081,7565
-0.155,7648
0.166,839
-0.0482,8386
0.176,1916
0.185,1485
-0.0593,6184
-0.077,6669
-0.0911,7933
0.26,415
0.266,1391
0.0137,4651
0.124,3119
-0.0587,6215
-0.0702,6332
-0.141,8545
-0.0481,6410
0.00572,4810
-0.157,6161
-0.213,6779
-0.0433,6876
0.0347,4210
-0.5,7158
-0.222,6338
-0.17,7282
0.0921,3081
-0.24,10067
0.0755,1572
0.0628,2628
-0.115,7369
0.275,142
0.113,1983
0.0447,3331
0.0696,2459
-0.0469,6800
0.0359,3549
0.145,1022
0.00106,4884
-0.0831,9517
0.000676,5158
-0.0871,8207
-0.322,9626
0.157,1254
0.0624,3668
-0.0758,7852
0.148,209
-0.0654,6507
0.237,30
0.147,438
0.314,1012
0.105,1592
0.119,1250
0.0289,3733
-0.0294,6038
0.315,1173
0.0601,3634
0.144,882
0.00177,5018
-0.132,7962
0.0506,3436
-0.486,10172
-0.252,9369
-0.101,8675
-0.142,8446
0.0152,4411
0.143,2102
0.208,994
0.0124,4452
0.0133,4684
0.618,17
0.0135,4857
0.0476,3585
0.384,255
0.229,953
0.154,452
-0.0926,8515
0.0164,4599
0.0284,4465
0.336,385
-0.0572,6118
-0.00484,5493
0.0802,1337
-0.00142,4743
0.87,340
0.245,1247
0.276,626
0.297,379
-0.153,7267
0.0474,3554
-0.127,7894
-0.21,10214
-0.0196,5301
-0.0825,6536
-0.226,10134
-0.0234,5948
0.27,246
0.146,1910
0.00323,4818
0.0477,3511
0.227,572
0.0144,4279
-0.187,8970
-0.285,8173
-0.00538,5125
0.193,1336
0.27,46
-0.232,7611
0.139,2446
-0.0942,8115
-0.135,8212
0.0585,2021
0.00296,4776
-0.0514,6999
-0.0639,7806
0.11,3305
-0.159,8767
0.000719,5002
-0.0593,7393
0.0469,4033
-0.104,7861
-0.254,9868
0.137,2101
0.13,1430
0.0709,3717
0.107,1484
-0.0662,7829
0.178,594
-0.0891,9104
0.0187,4016
0.078,1291
0.0785,2396
-0.0377,6005
-0.368,10379
-0.0673,7016
0.0195,3450
-0.0314,5900
-0.0276,6845
0.296,723
-0.262,8297
0.229,828
-0.0519,5858
0.0632,3224
-0.23,8573
0.107,1437
-0.0434,7311
0.127,2831
0.176,702
0.223,449
0.0889,2578
0.218,1037
0.164,2049
0.0964,1481
0.0608,2127
-0.0658,8096
-0.0196,6157
-0.085,7642
-0.409,9514
-0.136,7760
0.0356,3444
0.14,1156
0.186,1399
-0.0251,5578
-0.237,10117
0.204,747
0.0441,3616
0.0193,4447
-0.127,8934
-0.146,8361
0.0559,2672
-0.0504,7199
0.0514,3286
-0.213,9173
-0.021,5664
-0.191,9636
-0.0173,5863
-0.0997,7952
0.0255,4446
-0.0621,6695
-0.125,5840
-0.239,7962
0.0452,3855
0.139,2786
0.00916,4603
-0.118,9022
-0.33,8888
0.295,820
0.172,1581
-0.0799,6546
0.0621,2839
0.0678,2280
0.352,308
-0.146,8399
0.0213,4510
0.224,1551
-0.106,9259
0.18,1225
0.115,2016
0.0289,4060
-0.0146,5916
-0.202,8583
0.0519,3153
-0.0187,5949
-0.0758,7147
-0.138,8856
0.0973,2061
-0.138,7920
0.292,92
-0.277,9666
-0.0368,5810
0.323,130
-0.136,5658
0.209,1513
0.162,542
0.162,1917
0.0617,2742
0.0704,3779
-0.199,9497
0.279,320
0.00507,4868
-0.0129,5553
0.0678,2402
-0.0546,6897
-0.199,9858
0.186,872
0.0498,3729
0.00705,4717
0.00518,4907
-0.0548,7761
0.1,2788
0.0406,4030
-0.235,8818
0.102,2458
-0.0684,6954
0.0839,3450
-0.0674,6198
-0.0797,7036
-0.0353,7098
-0.0539,7533
-0.205,8997
0.125,2658
-0.0176,5832
0.0381,4138
-0.0212,6687
-0.0403,8181
-0.145,9910
-0.319,10034
-0.0461,6608
0.0333,3876
-0.0667,7507
-0.0749,8430
0.00956,4772
0.231,161
0.456,699
-0.221,7124
0.278,204
-0.162,7780
-0.0675,6773
-0.242,9483
0.24,484
0.0233,4470
-0.23,9711
-0.0279,6179
-0.107,4142
-0.152,8189
0.0579,4002
0.314,1019
-0.0458,8257
-0.158,9431
-0.0546,6817
0.0808,2714
-0.136,8974
-0.156,8017
0.0927,1246
-0.0956,8788
-0.0258,6564
0.154,2663
-0.0629,6852
-0.324,8394
0.0141,4156
0.0708,2817
-0.129,7849
0.0554,3584
-0.185,8012
-0.24,8837
0.0137,4598
-0.15,9199
-0.386,10312
-0.0232,6039
-0.132,8747
0.0305,4522
0.11,1153
-0.0266,7884
0.0399,4196
-0.203,8188
0.309,524
0.203,649
-0.0488,7977
0.00405,5146
0.257,284
0.2,177
0.112,2504
0.0173,4440
-0.00388,5082
0.461,57
-0.00623,5079
-0.0615,7550
-0.309,10090
0.0323,3827
-0.0489,7005
0.104,567
-0.000436,4863
0.0303,3927
-0.0617,4668
0.0346,3435
-0.289,9856
0.0599,2558
0.108,1218
0.0484,3473
-0.0401,5336
-0.156,7904
0.0752,2134
0.044,3607
-0.14,9478
-0.384,9994
0.273,1391
-0.212,8508
0.0345,4212
0.00849,4877
0.00126,5048
0.328,113
-0.14,9308
-0.179,8220
-0.142,9787
0.101,1044
-0.099,6729
-0.192,9769
-0.152,8368
-0.238,10320
0.0915,1418
-0.242,9676
-0.212,9718
0.287,491
-0.198,8806
0.316,851
0.0503,3388
0.0337,3284
-0.227,8301
-0.223,9265
0.0494,3937
-0.182,9165
-0.0814,7006
0.0179,4344
-0.0169,5298
0.0856,3332
-0.269,9463
0.0368,4235
0.0104,4604
0.201,1405
0.186,2249
-0.12,8083
-0.0511,5125
0.0837,3179
-0.104,9010
0.225,513
-0.0772,6592
0.0348,4143
-0.0915,9165
-0.0327,5943
0.377,62
-0.189,8756
0.00415,5030
-0.0188,5423
-0.0485,7323
-0.0624,6928
0.0299,3923
-0.0667,8301
0.465,807
0.000477,4937
0.55,1179
0.276,1796
-0.0977,7748
0.206,1121
0.111,2929
0.156,1413
-0.127,9004
-0.0473,6320
-0.076,8518
0.00763,4724
-0.0149,5565
-0.388,10272
-0.0162,6197
-0.261,9471
-0.222,9343
-0.166,9208
-0.0212,5580
0.0458,3773
0.15,1385
-0.135,5853
-0.0947,8271
0.0394,3210
-0.265,10088
0.183,315
0.01,4985
-0.0888,6922
0.0403,2548
0.0911,1322
-0.135,9019
0.0779,2225
0.0532,4257
-0.173,5343
0.0125,4726
0.00396,4853
0.0511,3933
-0.0686,5587
-0.2,6025
0.119,3223
-0.0407,5504
0.0102,4626
-0.0734,7595
-0.0216,5666
-0.236,9470
-0.0979,6805
-0.0209,5662
0.0323,3712
-0.00431,5350
0.0872,1774
-0.375,10142
0.0175,4727
-0.0111,5755
-0.0971,7564
-0.147,8809
-0.139,9743
-0.0817,8729
-0.0954,7743
-0.06,8521
-0.141,10087
-0.0351,6165
0.0331,4426
-0.116,8905
-0.188,8128
-0.00205,5164
0.143,934
0.224,2107
-0.00584,5197
-0.00933,5573
0.111,879
-0.333,9292
0.156,1430
0.142,707
0.0189,4449
-0.186,7974
0.0294,4271
-0.00815,5460
0.0412,3617
-0.0412,6570
-0.0388,6462
0.00139,4950
-0.0132,5769
-0.0725,8245
0.219,1249
-0.308,8776
0.168,2847
-0.249,10250
-0.03,5961
-0.00938,5523
-0.118,9415
-0.134,8916
-0.173,9762
-0.307,9940
-0.0583,6143
-0.0951,8179
0.319,272
0.395,712
-0.0796,6818
0.679,54
0.445,985
-0.181,9882
-0.23,10151
0.0146,4230
-0.137,7460
-0.205,9610
-0.322,9514
0.0774,1478
-0.148,9259
0.0836,2878
0.178,1932
0.155,2108
0.0155,4579
0.275,338
0.0267,4183
0.071,3337
0.262,465
-0.0396,6102
0.0619,3425
-0.0548,8021
0.0388,3927
0.205,443
-0.0987,8413
-0.339,10443
0.0304,4392
-0.143,7601
0.0927,902
-0.0523,6202
-0.239,10056
-0.185,7863
-0.0168,5934
-0.217,10315
-0.022,5662
-0.0846,7089
-0.0368,5631
0.077,3459
-0.193,7124
-0.00626,5236
-0.042,6987
-0.024,5753
0.115,2383
-0.0522,6942
0.0939,3559
-0.137,8376
0.0301,3952
-0.158,7749
0.126,1974
0.206,1596
0.156,1352
-0.151,9941
-0.0995,8769
0.0135,4767
0.0466,4208
-0.172,8446
-0.0245,5581
-0.19,9962
0.0873,2458
-0.0899,7328
-0.115,7765
0.0119,4662
0.024,4379
0.0483,2369
-0.116,9311
0.096,1501
-0.138,8870
0.00368,5198
0.245,2081
0.0571,2622
0.0324,3671
0.123,1068
-0.111,7535
-0.195,8983
-0.243,9175
0.0823,2681
0.0033,5051
-0.027,6024
0.0189,4541
-0.307,9982
-0.13,7354
-0.0252,7336
1.05,1018
0.617,27
-0.0696,6549
-0.0737,6963
0.193,515
-0.12,9805
-0.000748,5098
-0.175,8905
-0.304,9825
-0.00531,4919
-0.0758,6317
0.0815,1878
-0.0757,7190
-0.54,9727
-0.272,9913
0.0175,4776
0.159,1528
0.0256,3927
0.109,874
0.0116,4778
-0.151,9284
-0.0691,6160
0.0224,4527
0.073,2733
-0.0245,6573
0.145,1794
-0.374,8785
0.0291,3816
0.0348,4320
0.152,566
0.0129,4598
0.099,2973
0.0867,2628
0.165,1227
-0.0752,6464
-0.118,9795
0.0849,2646
0.0222,4519
-0.0454,6950
0.238,1064
0.00521,4770
-0.102,8602
0.0942,2219
-0.25,9880
0.013,4534
-0.165,7097
-0.0883,7736
0.372,81
0.052,3610
0.0565,3972
-0.105,6755
0.109,1922
0.105,3015
-0.0588,7221
-0.0684,8561
-0.167,9363
0.0304,3790
0.269,1920
0.343,224
-0.21,6824
0.0137,4616
-0.209,8470
0.0678,3435
-0.144,7189
-0.122,8511
-0.0344,6755
0.0749,2895
-0.131,6724
0.126,2112
-0.141,9290
0.117,2652
-0.0508,7121
0.00174,5206
-0.228,9079
0.0396,4207
-0.0851,7476
-0.0904,7387
-0.0636,7524
-0.0387,6339
-0.201,9657
-0.237,9339
-0.111,7833
-0.196,9468
-0.0597,7816
-0.0248,7055
0.216,1428
0.152,1684
-0.0547,5831
0.156,1066
0.00515,4875
-0.0608,7009
0.0328,3704
0.132,785
-0.168,9306
-0.188,9021
0.1,1148
-0.0178,5664
-0.123,9165
-0.0496,6704
0.821,222
0.333,894
-0.0834,9121
-0.17,9708
0.0545,3505
0.161,1643
-0.132,7157
-0.195,9466
-0.0137,5684
-0.0049,5352
0.0194,4664
0.138,2639
0.336,152
0.311,1538
-0.00612,5590
0.0641,2943
0.00687,4720
-0.181,9284
0.429,594
-0.0186,5433
-0.225,9797
0.25,1503
0.0428,3838
-0.0907,7950
0.104,2527
-0.0231,5877
0.196,1807
-0.0305,6572
-0.0999,6971
-0.235,9516
-0.26,9193
0.0657,2998
-0.00257,5252
-0.131,9807
0.219,738
-0.244,8076
-0.16,4218
-0.128,8811
-0.0361,6267
-0.00154,5121
0.0937,2622
0.558,27
0.321,46
-0.169,8143
0.0148,4186
0.00137,5084
-0.187,10364
0.167,1294
-0.0725,6319
-0.013,5018
0.0183,4371
0.224,306
-0.00128,5205
-0.0547,6632
-0.311,10293
-0.00551,5137
0.0853,3037
0.0854,1828
0.051,2669
0.352,111
0.0744,3567
-0.166,7875
0.0736,2350
-0.00921,5679
0.0402,4173
-0.0165,5517
-0.066,7291
-0.0646,8260
0.0293,3885
-0.123,9486
0.145,1682
-0.167,8427
-0.295,7527
0.2,1971
0.228,542
0.128,450
0.215,1779
0.53,35
-0.0712,7150
-0.353,9514
-0.0642,7422
0.0999,2331
-0.0426,6528
0.0342,4278
0.0509,3687
0.0312,4245
0.0279,2894
-0.195,8783
0.0283,4389
0.0737,3319
0.00896,4936
0.343,71
-0.0453,6255
0.24,78
0.177,392
0.19,1432
0.114,3205
-0.0974,7459
0.0577,2777
-0.151,7981
0.0924,2967
0.307,123
-0.152,8041
0.0721,1339
0.0366,3948
0.0473,3785
-0.185,9892
0.2,1767
0.25,919
0.0147,4907
0.0219,4081
0.0531,3332
0.323,586
-0.198,9225
0.0419,4221
-0.242,8961
-0.0923,7723
0.335,625
-0.135,9221
0.145,749
-0.0448,5863
-0.052,7405
-0.0704,8119
-0.165,9610
0.513,458
-0.319,10405
-0.166,7698
0.198,371
-0.0759,8171
-0.0946,9516
-0.0372,6543
0.167,1333
0.106,2559
-0.0334,6757
0.0236,3747
0.0622,2350
-0.169,5816
0.336,192
0.0644,2383
-0.366,10464
-0.0648,6946
0.00322,4949
-0.0773,6700
-0.109,7471
-0.188,9432
-0.144,7912
-0.105,8897
-0.0288,5933
0.0372,3796
0.426,167
0.00731,4540
0.0655,3933
-0.105,9618
-0.127,9273
0.0551,3626
-0.0142,5289
0.0675,2520
0.0808,2200
0.0255,4480
-0.0909,7265
0.084,2667
0.036,3531
-0.0391,6202
0.0956,3305
-0.126,8606
0.0614,2469
-0.143,7735
-0.0779,6856
-0.0666,7036
-0.133,9794
-0.121,9702
-0.0909,7416
-0.0394,6275
0.111,3089
0.214,2392
-0.204,9847
0.0505,3686
-0.104,7357
0.0923,3282
0.066,3282
-0.0846,6707
0.151,2630
0.00883,4698
0.00959,4522
-0.0796,8267
0.147,1402
-0.0226,5721
0.0829,740
-0.0855,8915
-0.0319,6253
-0.188,8938
0.0709,3219
-0.0603,6842
0.0345,4408
0.0648,1179
0.0409,3578
-0.0397,6633
0.0252,4377
0.451,1149
-0.188,8400
-0.0364,6710
-0.3,10191
-0.144,9487
0.0171,4425
0.152,1391
-0.0887,8208
0.0712,2564
0.0112,4568
0.179,1089
-0.0106,5167
-0.15,8815
-0.239,9846
-0.0294,5668
-0.19,9093
-0.155,7287
0.0143,4859
0.0244,4362
0.0138,4656
0.124,966
0.104,2675
0.151,1636
0.0247,4446
0.0957,941
-0.0169,5394
0.308,363
0.0428,2969
-0.0878,9161
-0.0639,6883
-0.16,8397
-0.117,9542
0.123,953
-0.0335,7530
-0.0756,7783
-0.0514,7205
0.0984,3005
-0.0354,6739
0.136,2536
0.225,1688
0.00198,4995
-0.287,9536
-0.0814,7446
-0.117,6987
0.122,2820
-0.0274,6735
-0.103,7028
-0.265,10057
-0.0661,6375
-0.113,9650
-0.0859,7397
-0.21,10295
-0.09,6426
0.0746,3483
-0.0465,6962
-0.427,10054
-0.173,9930
-0.0192,5671
-0.0801,8557
0.334,892
-0.00557,5314
0.0976,1732
0.0599,1665
-0.0227,6554
-0.0364,6354
-0.144,7989
-0.0336,6252
0.0134,4357
-0.0779,7530
0.0597,2594
-0.289,9056
0.0753,2696
0.00157,4958
0.0997,3140
0.00923,4887
0.15,601
0.163,1781
-0.185,8174
0.0245,3807
0.164,2486
-0.125,9284
0.162,1205
0.0204,4752
0.0455,3944
-0.145,7025
0.0592,2850
0.125,1230
-0.0624,7888
0.0484,4126
0.277,1317
-0.137,7632
0.064,3450
-0.0207,5445
-0.0689,7150
0.0273,4481
0.0526,3266
0.146,2010
-0.0389,6403
-0.0274,6491
-0.115,8531
-0.173,9787
-0.205,7092
0.3,649
-0.0243,6167
-0.123,9097
-0.113,8070
-0.197,8646
-0.1,8298
-0.129,7193
0.105,1938
-0.105,9616
0.011,4556
-0.0203,6029
-0.0597,7836
-0.12,9163
0.0917,2816
0.0619,2605
-0.0293,6058
-0.244,9399
-0.0167,6264
0.108,2806
0.0509,3231
-0.00458,5652
-0.00635,5163
-0.101,8347
-0.114,7970
-0.217,9806
-0.148,7672
0.014,4072
-0.107,8584
0.193,1561
0.303,178
0.0609,2370
-0.0111,5556
-0.0928,7654
-0.0464,6782
-0.0595,7018
-0.116,7265
-0.0973,7908
-0.0555,5623
-0.103,9201
-0.104,9055
0.193,512
-0.314,10445
-0.00606,5254
-0.214,9471
0.0586,3000
-0.096,8440
-0.142,9318
-0.362,10176
0.0152,4608
0.19,1619
-0.0831,6951
-0.0826,8005
-0.295,9999
0.293,1353
-0.0398,6318
-0.13,8356
0.173,949
0.132,1686
0.272,713
-0.374,7721
0.0784,2974
-0.201,9771
-0.0722,7034
0.0223,3641
-0.18,9495
0.203,896
0.266,1448
-0.115,7422
0.0671,2079
0.0695,1049
-0.0182,5571
-0.121,7986
0.05,2887
-0.13,8485
-0.0204,6109
-0.0276,6341
-0.107,8890
-0.211,10083
0.0558,2885
0.179,2473
0.174,993
0.0423,2370
-0.173,9320
0.00977,4816
-0.284,9216
-0.123,8404
-0.00935,5837
-0.0178,5986
0.0112,4614
-0.0125,5566
0.175,1326
0.0385,3565
-0.172,9344
-0.0354,6952
-0.0115,5719
-0.0398,5899
-0.326,8643
-0.0599,6144
0.0251,4151
-0.125,9920
0.0515,2975
0.125,1653
-0.149,9916
-0.0195,5893
0.0728,954
-0.000781,5014
0.0529,3509
0.00726,4745
0.000171,5084
-0.233,7205
0.0223,4435
-0.127,8658
-0.162,6963
-0.145,9403
0.194,275
-0.0823,5929
0.115,2129
0.12,1132
-0.19,10026
-0.0134,5288
0.187,948
0.00373,4861
0.00304,4906
-0.0917,7826
0.306,510
-0.139,7797
-0.0414,5817
-0.00883,5008
0.127,1687
-0.0382,6029
-0.211,8809
-0.0767,8102
0.113,2198
0.097,2616
0.105,1938
-0.262,10120
0.229,574
-0.0196,5978
-0.0506,5616
0.0556,3653
0.111,2559
-0.126,8130
0.0227,4321
-0.039,5656
-0.0268,6180
-0.0716,6765
-0.0793,7658
0.0436,3639
0.00379,4934
-0.229,9758
0.0878,3223
-0.178,7513
0.173,555
-0.254,10123
0.0444,3347
0.214,390
-0.183,8699
-0.333,10112
-0.131,8127
-0.0198,5846
-0.138,8000
-0.182,9303
-0.401,8513
-0.213,9038
0.128,2085
0.0887,2531
-0.0303,5762
-0.0504,7568
0.105,2206
-0.00974,5348
0.0659,2241
-0.187,9487
0.113,1961
0.311,239
-0.227,7066
0.0205,4243
0.00632,4727
-0.0361,5788
-0.118,8195
0.194,1845
0.138,2056
-0.0215,5761
0.00467,4936
0.237,922
-0.061,6194
-0.00972,5298
-0.136,7938
0.0691,2973
0.0721,2431
0.0536,3763
-0.0122,5749
0.0482,3455
0.0468,4062
-0.04,7187
-0.0481,6880
-0.201,9938
-0.161,9583
-0.098,8156
-0.194,8665
-0.107,9069
0.0448,3164
-0.0319,5168
-0.0591,6548
-0.219,8495
-0.0456,6316
-0.0152,5847
-0.124,7513
0.214,1765
-0.0918,7515
-0.0604,7043
0.156,1879
0.476,88
0.051,2906
-0.249,9810
0.0223,4489
-0.112,8245
-0.115,8108
0.0657,2497
-0.169,10212
-0.172,8769
0.137,1859
-0.0205,5692
0.146,1259
0.198,786
0.14,1092
0.129,2193
0.15,525
0.0351,3730
0.0717,2729
0.0849,2395
0.00993,4722
-0.195,8450
-0.0402,6084
-0.0242,5049
0.187,579
0.0463,2964
-0.0566,7478
-0.0987,8966
0.0658,3055
-0.0188,6038
0.0462,3048
-0.0868,9680
-0.0873,7590
-0.122,8943
-0.0879,7354
0.112,2916
-0.047,6004
-0.187,9168
0.0512,3566
-0.00972,5429
-0.0567,6604
0.0577,3777
-0.0609,7824
0.215,930
-0.147,9468
-0.059,7146
-0.334,9909
0.241,936
0.0612,2940
-0.025,6159
-0.217,9880
-0.13,8203
-0.111,8014
-0.208,9071
0.203,282
0.0287,4018
0.155,1059
0.147,2113
-0.11,6989
0.189,1296
0.395,29
-0.198,9991
-0.397,10449
-0.0668,6409
-0.0381,5928
-0.0376,6315
-0.00573,5256
0.0795,2272
0.0731,3086
-0.0968,8523
0.0481,3869
-0.126,8112
0.0743,2218
-0.177,8994
-0.139,8612
-0.1,8870
0.00609,4828
0.277,215
-0.0227,6124
0.186,2833
-0.0311,5581
-0.779,8812
-0.149,4948
0.181,427
0.0907,3075
-0.195,8175
-0.0277,5654
0.3,127
-0.0883,7455
0.0522,3173
0.0815,928
-0.0384,6107
-0.0811,7263
0.148,2227
0.211,1199
-0.0483,6349
-0.106,6883
-0.125,7256
0.2,1102
-0.107,7830
-0.0309,5738
-0.264,9708
0.0676,1677
-0.191,7695
0.0317,4332
0.198,1703
-0.0996,8080
0.133,1200
-0.373,10295
-0.0399,6268
0.00908,4547
-0.125,5829
-0.12,9443
0.00699,4810
-0.0238,6253
-0.0268,6185
0.0714,3617
-0.341,10400
-0.124,7162
-0.026,6443
0.00673,4927
-0.126,7699
0.143,1202
-0.256,8717
-0.183,8986
0.114,1331
-0.0467,6276
-0.103,7327
-0.0455,6283
-0.386,9635
-0.369,9880
0.0795,2374
-0.065,6869
0.502,163
-0.0125,5442
6.93e-06,5231
-0.115,7885
0.0725,2833
-0.0492,6391
-0.19,9066
-0.083,7309
0.117,3055
0.266,610
-0.0448,7112
0.0377,3277
-0.115,9502
-0.315,10140
0.0905,2748
-0.0597,6578
0.0853,1256
0.00836,4702
-0.0123,5334
-0.18,9009
-0.102,7855
0.0426,3001
-0.191,9342
-0.141,9338
-0.16,8686
0.0743,3749
-0.168,8039
-0.372,10425
0.071,429
0.0703,2742
0.0247,4430
-0.207,8298
-0.0583,7774
0.367,849
-0.0563,8004
0.108,874
0.258,616
-0.0993,7576
-0.0962,6484
-0.214,9944
0.142,650
0.166,1019
0.0701,2230
0.0538,2593
0.354,124
-0.095,7822
-0.0781,7018
-0.0395,6841
0.0167,4360
-0.0812,7575
-0.199,8419
0.0541,3919
0.0504,2555
0.112,1341
-0.177,9443
0.0239,4451
-0.127,7918
0.00262,5135
-0.106,8457
0.0751,3396
-0.0533,8459
-0.059,7995
0.043,4362
0.0366,3582
-0.0471,7178
-0.252,10345
0.104,1386
0.201,554
-0.0626,6901
-0.269,9897
-0.122,9154
-0.0509,7408
0.0217,4332
0.24,457
0.144,1920
0.0654,3003
0.0729,1932
-0.0174,5968
-0.00402,5234
0.116,2598
-0.186,6608
0.17,1122
-0.0209,6495
-0.00984,5914
0.6,54
-0.177,9257
0.111,3505
0.0741,3020
0.0665,2561
-0.088,7448
-0.0641,7834
-0.108,7996
-0.054,5868
-0.0183,5811
0.031,4030
0.00908,4540
-0.103,8398
0.0425,3688
0.00521,4930
-0.199,10385
-0.108,8634
0.0273,3683
0.114,1391
-0.0524,6445
0.00384,4872
-0.000322,5187
-0.00205,5003
0.307,1048
0.15,1002
0.0865,1073
-0.154,8339
0.0907,2778
-0.0983,8591
0.0624,2547
0.0277,4262
0.0396,3323
0.0809,3215
-0.349,10262
-0.00393,5548
-0.0821,7815
-0.0522,5516
-0.0592,6761
-0.0538,6866
0.0946,3804
0.0157,4698
0.00662,4655
0.00867,4753
-0.125,7387
0.0425,3429
0.0441,4024
0.134,1987
-0.0659,7017
-0.0829,7555
-0.0281,6334
-0.145,9355
0.19,804
-0.00566,5339
-0.0393,5975
-0.133,8464
0.0133,4473
0.0473,3731
0.159,1620
-0.0825,8881
-0.0462,7567
0.0122,4721
0.0962,2463
-0.283,9219
-0.0823,6021
-0.00391,5445
0.015,4191
0.0312,4368
-0.104,6884
0.0766,1976
-0.232,9438
0.0151,4540
-0.0571,7510
-0.0524,7205
-0.173,9843
0.204,1298
-0.129,7307
-0.0357,7131
-0.0811,9053
0.216,807
0.0784,2771
0.0997,2416
0.0664,3734
-0.181,9764
0.104,2016
-0.119,9557
-0.0315,5856
-0.0473,7079
0.121,1932
0.128,916
-0.014,5643
-0.18,8882
-0.12,8162
-0.0129,5529
-0.0152,5508
-0.0105,5334
-0.0663,7050
0.00218,4678
0.144,1748
-0.0263,6169
-0.113,7670
0.00521,4800
-0.121,7982
-0.106,9913
-0.0961,7598
0.0926,2000
-0.0609,7498
-0.193,8220
-0.0146,5359
0.0385,4019
0.0426,3774
-0.142,10234
-0.024,6159
-0.148,9623
-0.156,9032
0.0242,4485
-0.0456,7366
0.106,1219
-0.331,10094
0.22,1122
0.00631,5026
-0.00251,5268
0.0102,4838
-0.0808,7911
-0.121,7791
-0.0737,7610
0.0639,3563
-0.0839,9247
0.00691,4814
0.0704,3039
-0.0458,6940
0.106,1692
0.726,332
-0.0167,5809
0.147,1111
-0.0692,8698
0.000531,4976
-0.0295,6475
0.0511,3723
-0.0135,5419
-0.0597,7248
0.0943,2743
-0.192,6594
0.336,1837
-0.245,10219
0.0393,3799
0.0272,4520
-0.081,7318
-0.183,9477
0.00195,4878
-0.0781,8088
0.115,1058
0.00908,4544
0.0393,3435
-0.213,10081
-0.0119,5783
0.113,2040
0.025,4638
0.0621,3274
0.00814,4762
-0.0296,5961
0.0205,4327
0.167,841
-0.158,8985
-0.067,8733
-0.182,9818
0.062,2844
0.00937,4862
-0.177,8427
0.132,1362
0.144,482
-0.0216,5968
0.265,243
0.0755,2657
0.073,3300
0.215,2047
-0.107,8033
0.0264,3540
0.435,545
-0.0687,6020
-0.183,9218
0.12,2247
-0.0326,5633
-0.385,10353
0.0882,1961
-0.0435,6506
-0.132,8893
0.0701,2719
0.0895,1830
-0.103,8626
-0.45,7201
0.208,3656
-0.128,6472
-0.187,8861
0.0917,2636
0.0916,2118
-0.0328,6201
0.198,580
-0.164,9406
-0.00959,5316
0.149,1229
-0.0927,7005
-0.183,9464
0.103,2141
-0.173,10111
0.0292,4231
0.173,2519
-0.0508,6293
0.239,1375
-0.0153,5968
-0.0591,7536
-0.213,9972
0.0333,4289
-0.22,8985
-0.0401,6871
-0.0294,6370
-0.0639,7826
-0.0287,5952
-0.0263,5941
0.256,425
-0.027,6033
0.000921,5212
-0.0602,7912
0.00719,4957
0.218,706
0.237,630
-0.142,8434
0.0986,1965
0.0342,4268
0.0495,3370
-0.12,8338
0.331,1908
0.192,1680
-0.0446,6556
-0.0105,5015
-0.155,8044
0.0936,2577
0.213,2033
0.0599,3540
0.303,47
0.00313,5031
0.252,720
-0.417,9238
0.0933,3047
0.0319,4459
-0.127,8959
-0.0682,8794
-0.348,10206
-0.0658,7789
-0.106,9063
-0.0494,6821
-0.0687,7020
-0.0184,5844
0.122,2121
-0.0246,5379
-0.026,6064
0.174,1742
0.139,1069
0.0477,3421
0.176,2276
-0.0786,6768
0.0119,4634
0.13,2553
0.225,1033
-0.18,8874
-0.183,9888
0.0922,1996
-0.0109,6014
0.0156,4565
0.0136,4542
0.025,4219
-0.0956,7692
0.089,2101
-0.0676,6147
0.0785,4081
-0.0185,5724
-0.0952,8112
0.0334,4050
-0.0225,5304
0.21,755
0.107,1985
-0.244,10280
-0.0795,8213
-0.118,8916
0.318,677
-0.29,9482
0.0209,4659
-0.0151,5845
-0.0535,6467
-0.0348,6579
-0.137,8508
-0.0681,6918
-0.0636,6156
-0.015,6161
-0.0629,7004
-0.0929,7503
0.0296,4039
-0.0126,5516
-0.148,7230
0.167,1073
-0.126,8612
0.0531,2954
0.236,1028
0.263,279
0.0537,3477
0.0693,2654
-0.0261,6004
0.26,849
-0.0712,7518
0.124,2201
-0.0541,7323
0.141,561
0.107,1652
0.0825,2243
2.72,62
-0.102,6803
0.418,297
-0.11,8116
0.141,1532
0.0705,2887
0.757,57
-0.0568,7120
-0.177,7539
0.0384,2630
-0.00891,5329
-0.00972,5328
-0.116,8251
-0.129,6653
0.158,2545
0.0198,3879
-0.197,9821
0.408,215
-0.0588,6258
0.639,241
-0.00356,5253
-0.0862,9163
-0.0432,6202
-0.135,8216
-0.0439,6269
1.53,10
-0.00263,5045
-0.168,9138
-0.0398,6712
0.171,1702
-0.12,6793
-0.000898,4988
-0.0963,7989
-0.143,9633
-0.05,6687
-0.0371,5801
-0.152,8302
1.41,88
-0.00453,5157
0.116,3189
0.22,1019
0.145,1029
-0.0288,6155
0.427,1616
0.049,3720
-0.0455,6552
-0.0954,9913
-0.0664,6976
-0.00664,4992
0.547,565
-0.0838,7045
0.168,338
0.163,99
0.147,2820
0.0339,4254
0.202,1712
0.0603,3653
-0.108,8849
0.107,1628
-0.163,10119
-0.00964,5638
-0.036,6027
0.34,399
-0.0876,8269
-0.095,7470
0.0958,2499
0.177,955
-0.0121,5480
0.0204,4770
-0.125,9148
0.109,1850
0.156,797
0.04,3758
0.455,41
-0.0658,6817
-0.011,5450
0.0726,3279
-0.23,7944
0.0297,3755
-0.0346,6016
0.21,1353
0.0738,2169
-0.0151,5929
-0.0312,6346
-0.00279,5099
0.0854,2934
0.374,1735
0.163,637
-0.00501,5169
-0.248,9119
-0.22,10222
0.157,1604
0.0307,4322
0.18,999
0.145,394
-0.179,9612
-0.00633,4990
0.0972,1919
-0.213,9266
-0.0451,7030
-0.0254,6748
-0.172,9266
-0.337,9522
0.184,1159
-0.0525,7103
0.05,3236
-0.0982,7264
0.0414,3626
0.165,1471
0.147,1763
-0.248,9024
-0.0456,6487
-0.0335,6852
-0.0619,6608
0.0212,4284
-0.174,8822
-0.128,5957
-0.179,10056
-0.0963,9718
0.15,1911
-0.0212,6057
-0.403,9185
-0.093,8241
-0.00664,5452
-0.153,9509
-0.0494,6659
-0.276,6935
0.174,1225
-0.105,6800
-0.124,8538
-0.138,8040
0.21,1459
0.00839,4911
0.605,1828
0.112,2083
-0.0549,7381
-0.0341,6031
0.163,1486
0.0858,1410
0.0489,3672
-0.0428,4147
-0.208,9743
0.0102,4561
-0.0631,7523
0.0369,3381
0.178,1569
-0.107,8499
-0.00802,5258
0.00053,5006
-0.119,8545
0.167,1037
-0.0572,5526
-0.0509,6272
-0.0395,6514
0.0274,4057
-0.138,8656
0.0903,1959
-0.278,7722
0.0758,2270
0.0843,2545
0.0472,3685
-0.0038,4999
-0.0218,5472
0.103,3630
-0.0328,6142
-0.248,9367
0.23,752
-0.161,7525
-0.121,9641
0.0715,3298
0.0142,4119
-0.0441,7381
0.000183,5010
0.0635,2547
-0.0404,6905
0.194,966
0.0344,4109
-0.0781,8240
-0.0195,5715
-0.0643,6366
0.00292,4969
0.0667,3561
-0.0479,6256
-0.23,8448
-0.158,9384
0.0952,2077
-0.0696,7959
0.128,1704
0.0491,4124
-0.111,8903
-0.149,7622
0.108,2555
0.0107,4402
0.276,876
-0.197,10017
-0.0683,8658
0.206,130
-0.238,8828
-0.0619,6253
-0.193,8051
-0.0809,7062
-0.129,10262
0.219,14
-0.0709,6283
-0.0637,7012
0.0481,3522
0.0471,3207
0.0776,2518
-0.0844,9019
-0.196,9217
0.0317,4686
-0.331,8181
-0.0634,7942
-0.0744,7581
-0.0695,8883
0.0978,2930
0.145,381
0.532,1170
-0.0989,6715
0.197,893
0.473,657
0.0336,3892
0.159,1867
-0.103,7167
-0.0702,6742
0.0224,4114
-0.186,10185
0.142,925
0.0407,3894
-0.147,8102
-0.0417,6422
0.112,719
0.0922,2605
-0.259,10337
0.282,1625
0.196,2245
-0.0346,6735
0.167,338
0.102,1481
-0.199,9984
0.186,1399
0.0585,3300
-0.177,8343
0.11,1158
-0.126,8921
0.189,1148
0.0229,3790
-0.0289,5272
0.946,108
-0.071,7168
-0.0197,5760
-0.149,8911
-0.091,7329
0.0964,2463
-0.0821,7037
0.178,539
0.156,1794
-0.06,6536
0.0222,4357
1.17,7
0.207,610
-0.00947,5448
0.0499,3244
-0.199,8386
0.132,774
0.197,1715
0.12,3032
0.0646,1958
-0.0034,5266
-0.0308,5392
-0.0989,8032
-0.104,6825
-0.211,9348
-0.219,8980
-0.12,8601
-0.0921,8547
0.229,544
-0.134,7434
0.294,1211
0.607,202
0.0351,2919
0.24,1049
0.121,1499
-0.149,7718
-0.0623,7782
0.0353,3915
-0.00572,5057
0.0527,3870
0.273,1196
-0.772,10191
-0.147,7298
-0.225,10292
0.0374,3661
-0.167,8606
0.245,1401
0.0669,3643
-0.0158,5201
-0.0119,5310
-0.0719,7209
0.0582,3449
-0.203,7889
0.011,4810
0.0469,3822
-0.0788,7947
0.0725,1179
-0.207,5512
0.124,3014
0.162,251
-0.0749,8785
-0.113,9274
-0.0176,6157
0.0606,3535
-0.0978,7071
-0.153,8829
0.216,1167
0.106,1649
0.00954,4865
-0.245,10211
0.241,974
-0.264,8893
0.176,1925
-0.0618,7607
0.0303,3843
-0.0117,5427
-0.0319,5900
0.295,1396
-0.0296,6199
-0.0433,6568
0.0105,4604
-0.0748,6038
-0.0704,5819
-0.168,8222
0.0224,4370
0.222,1107
-0.00648,5228
-0.218,7772
-0.0471,7165
-0.0306,6400
-0.103,6634
0.0348,3969
-0.053,6038
0.29,971
0.433,465
-0.198,10425
0.215,225
-0.0109,5585
-0.12,9576
0.0478,3402
-0.129,6649
-0.12,7885
0.528,759
-0.113,9270
-0.00946,5465
-0.054,6799
0.416,309
0.113,1140
0.0491,3874
-0.18,9366
0.0064,4757
0.0324,4076
0.608,113
0.975,15
-0.0203,5267
-0.0313,6487
-0.107,9333
0.0785,1587
-0.126,7606
0.231,2144
0.122,2404
-0.129,8383
0.0627,3105
-0.0242,5939
-0.0637,7368
0.128,1983
-0.165,8054
0.0303,3334
-0.0424,7094
-0.0644,6888
-0.0875,7903
0.0268,4601
0.276,686
0.0927,1253
-0.209,9802
0.323,135
-0.0689,6534
-0.197,9470
0.191,2082
-0.0928,7289
0.106,2805
-0.00732,5296
0.309,224
0.151,338
0.0288,3952
0.233,614
-0.0456,6629
0.256,448
0.152,1469
-0.281,7772
0.121,486
-0.041,6228
-0.0412,6217
-0.139,9417
0.0926,2282
0.131,1388
-0.36,9671
0.0299,3867
0.124,1265
-0.0745,7034
-0.19,9815
-0.0516,7018
0.0179,4441
0.0403,3299
-0.147,9404
-0.0115,5291
0.0708,3364
0.653,408
-0.234,8885
-0.0881,8625
0.11,2455
-0.401,9408
-0.107,8034
-0.0596,6777
0.0966,1459
0.0737,2755
-0.143,9596
-0.125,8331
0.364,1301
0.564,644
-0.115,8916
0.0644,1644
-0.13,9185
0.162,1248
0.136,1311
0.0748,2324
-0.339,9939
-0.0221,5608
0.0925,2576
-0.208,9379
0.00475,4853
-0.16,10064
-0.0231,5608
-0.00542,5673
-0.0797,7617
0.0579,3234
0.777,476
-0.129,8009
-0.0519,6911
0.33,1532
-0.0809,8304
-0.0676,7778
-0.136,7746
-0.0406,5740
0.145,1615
-0.0641,7813
0.137,597
0.308,1543
-0.0144,5489
0.06,3444
-0.0943,8601
-0.0149,5824
0.0597,2282
-0.254,9501
-0.0214,5647
-0.0711,5555
0.231,159
0.0339,3740
0.131,1297
-0.117,6733
-0.0913,7630
0.0657,3075
-0.0818,7606
-0.0377,6988
-0.139,9330
-0.248,9775
-0.42,9050
0.0444,4185
0.265,516
-0.0256,6601
0.0973,2001
0.0218,4368
0.036,3933
-0.14,7906
-0.251,9010
0.0913,2333
-0.192,10310
-0.238,9196
0.608,408
-0.0735,7841
-0.0386,7275
0.0249,4364
-0.00154,4889
-0.0533,7570
0.0874,1603
-0.0283,5345
0.00888,4758
-0.195,9065
0.0835,1258
0.169,331
0.192,873
0.431,39
-0.0148,5580
0.21,1028
-0.157,8668
-0.118,8998
-0.426,10445
-0.2,10118
0.128,3394
0.349,1611
-0.219,7192
0.0702,3339
-0.128,8994
-0.431,9846
-0.0144,5636
-0.0519,7279
-0.0746,7947
0.0084,4863
0.00889,4640
-0.109,8579
-0.28,7828
0.00951,4301
-0.0859,7833
0.0307,4579
0.225,1019
0.0742,3578
0.127,2867
-0.0467,7373
0.115,2064
0.146,885
0.0717,2755
-0.011,5592
0.0582,3895
0.0614,1918
0.03,3960
-0.122,7325
-0.0301,5990
-0.179,8792
-0.0262,5942
-0.149,9883
0.0264,4210
-0.106,7650
0.4,28
-0.187,7054
0.219,806
-0.0591,7967
0.204,864
-0.337,10440
0.1,2510
-0.17,9553
0.126,2272
-0.153,9433
-0.0623,8019
0.223,1078
-0.0194,5414
-0.279,8062
0.157,1006
-0.021,5712
0.0684,3242
-0.106,7651
0.127,2137
-0.017,5672
0.0934,3689
-0.11,7687
-0.121,9147
-0.0171,5700
0.121,1855
-0.0544,6940
-0.0942,7332
0.0285,4167
0.0263,4704
-0.0351,5995
-0.206,7598
0.0445,3264
-0.155,10313
-0.0645,7003
0.212,395
0.146,1727
0.0821,2643
-0.111,7536
-0.146,9471
-0.0154,5674
-0.123,8054
4.97,24
-0.00298,5063
0.0345,3695
-0.051,6143
-0.0172,5993
0.27,2477
-0.16,7382
0.094,3034
0.0037,4847
-0.52,8315
-0.212,7576
0.171,2184
-0.0236,5541
-0.0623,7892
-0.0976,8471
0.0212,4219
-0.0693,7102
0.131,3106
0.00775,4917
-0.041,7124
0.0884,650
-0.138,9350
0.165,1924
-0.0666,7849
-0.281,9833
0.0504,2703
-0.0262,6613
0.373,343
0.0983,1368
0.257,2390
0.384,47
0.193,1203
0.0944,3187
0.0605,3759
-0.153,8941
-0.24,10170
0.342,2086
-0.138,9066
-0.267,9828
-0.214,9658
-0.0336,6335
0.0749,3868
0.00674,5063
-0.0879,7638
-0.0134,5559
-0.0456,6870
-0.27,9645
0.112,3157
-0.183,9618
-0.0796,7891
0.0303,3612
0.351,1423
-0.254,9759
-0.146,8894
-0.334,10365
0.187,1207
-0.118,9077
-0.0521,6639
0.118,2832
-0.2,8228
0.131,2011
-0.0589,9290
0.12,1315
0.0774,2841
-0.0152,5363
-0.14,7732
-0.144,8084
-0.0278,5565
0.0863,2503
0.0384,3918
-0.11,7688
-0.0354,5970
-0.209,7491
-0.0121,5611
-0.0951,6553
-0.121,8577
-0.122,8728
0.053,3510
-0.0254,5908
0.0657,2340
0.00654,4904
0.00939,4675
0.145,1791
-0.0268,5447
-0.349,9328
-0.00983,5555
-0.0914,8148
-0.344,9823
-0.0618,6433
-0.168,7274
0.0334,4235
0.0829,786
0.0878,3251
-0.0774,7931
0.0296,4251
-0.188,8993
-0.223,8611
0.0401,3384
-0.201,10269
0.183,2820
-0.0863,7817
0.184,2016
-0.158,9348
-0.117,8936
-0.116,8707
0.0775,1286
0.0599,2323
0.0499,2903
-0.0947,8297
-0.0296,6751
-0.119,9203
-0.137,8229
-0.148,7279
0.576,143
-0.157,8473
-0.0124,5345
-0.0635,7351
0.0708,2005
0.104,2807
0.31,1152
-0.139,9489
-0.0644,8568
-0.15,9369
-0.14,9014
0.241,1080
-0.00455,5050
-0.252,9138
0.0503,3639
-0.0263,5947
0.0099,4734
-0.0133,5530
-0.0089,5100
-0.0972,8808
-0.205,10011
0.18,232
0.0631,3297
-0.146,8277
0.0492,3390
0.0715,3002
0.158,530
0.00202,5033
0.0701,3113
-0.214,8025
-0.218,8397
0.025,4157
-0.0319,6961
0.16,1995
-0.0957,9079
0.0335,4106
-0.0701,7177
-0.208,9001
0.136,2024
0.154,1234
-0.041,6694
-0.218,10042
0.189,1657
-0.0291,5526
-0.193,7835
0.0458,2527
-0.0168,5512
-0.298,9401
-0.129,8984
-0.11,8302
0.0257,4231
0.0325,3642
0.0303,3839
0.238,484
-0.0882,7382
0.114,2061
0.032,3916
-0.000273,4965
-0.147,9257
0.162,3013
0.0828,3329
1.08,41
-0.127,9372
-0.00512,5460
-0.0196,5825
0.117,1676
-0.0988,8682
-0.201,9453
-0.553,10455
-0.259,9859
-0.0917,7199
-0.00081,5244
0.00528,4691
0.182,2140
-0.175,7775
-0.124,8652
-0.0972,9395
0.151,777
0.0408,3571
-0.102,7107
-0.0405,6556
0.18,2596
-0.049,6885
-0.0555,7264
-0.0508,6986
-0.0827,7194
-0.0896,7658
-0.0113,6069
-0.0536,6463
0.102,1265
-0.0973,7310
-0.0158,5643
0.0561,3953
0.0978,3008
-0.155,10167
-0.00329,5231
0.229,1793
0.00279,4816
0.0838,3272
-0.248,9623
-0.00263,5077
-0.0304,6429
0.413,78
0.158,1259
0.12,2498
0.176,1248
0.134,2080
-0.0858,8285
0.235,572
-0.0499,6094
0.121,1869
0.274,1382
0.0589,2520
-0.114,9106
0.0453,4085
-0.0802,7711
-0.442,9472
0.265,1885
-0.0238,5991
0.0117,4634
0.0717,3481
-0.0492,6335
-0.132,8383
0.376,1110
-0.0213,6264
-0.265,10278
-0.0979,8581
0.0145,4512
-0.0796,7827
-0.372,6780
0.0112,4459
0.166,511
0.199,1288
0.0984,2485
-0.101,8858
0.0262,4185
0.113,821
-0.00545,5417
-0.0156,5360
-0.0494,6781
-0.0259,5376
0.0699,3571
-0.173,8392
-0.0389,5451
0.154,2688
-0.195,9227
0.00161,4970
0.438,47
-0.0496,6982
0.0422,3480
0.243,1828
0.103,2417
0.118,2665
-0.0369,6322
-0.000674,5310
0.0404,3129
0.000777,5048
0.0226,4441
-0.232,6508
-0.109,6668
0.0631,2852
0.24,690
-0.337,9557
-0.198,9353
-0.159,7355
-0.0163,5343
-0.135,8722
0.0509,1471
0.0752,3733
0.779,304
0.0192,4500
0.12,1727
-0.0759,8279
0.324,567
-0.448,8430
0.0913,2462
0.0876,2827
0.136,2460
-0.0694,6104
0.0454,2983
-0.133,8937
-0.0793,8985
-0.0269,6611
-0.133,8486
0.0234,3777
-0.172,9792
0.162,1773
0.173,1616
-0.247,9677
-0.0763,6094
-0.22,8250
-0.0454,8013
-0.13,8524
0.0675,3033
0.0107,4872
-0.169,8710
-0.111,7498
-0.0858,6888
0.112,2870
-0.0503,7177
0.00351,4912
0.0771,2508
-0.178,9810
-0.0975,8876
-0.0803,6789
0.342,284
0.039,4065
0.112,2992
-0.267,10194
-0.0951,8384
-0.0311,5717
0.034,4077
-0.587,10308
-0.167,7070
0.2,1150
-0.132,7891
0.0398,3517
-0.173,9426
-0.0909,7762
0.272,1116
0.0627,2592
0.0169,4653
0.25,554
-0.191,9377
-0.101,7241
-0.154,8853
-0.131,9572
-0.222,9973
0.0109,4683
-0.0295,6164
-0.255,9654
-0.283,9549
0.0239,3302
-0.0341,5761
-0.00962,5063
-0.0947,7767
-0.0724,7068
-0.358,9157
-0.247,10127
-0.0322,7004
0.0164,4595
0.102,1377
0.0266,4268
0.00684,4695
-0.358,9587
0.119,1900
0.0221,4477
-0.0809,8403
0.15,2768
-0.224,9186
-0.0288,5476
0.267,612
-0.248,9755
0.0798,3589
-0.0317,6068
0.0428,3758
0.038,3504
-0.0511,7248
0.0829,3059
-0.00503,5042
-0.0246,5327
0.0862,3241
0.133,1707
-0.0555,8629
-0.0249,5716
-0.149,9143
0.202,2145
-0.179,9574
-0.0295,6481
0.0309,4081
-0.133,8078
-0.145,8399
0.00283,5185
-0.0287,6098
-0.116,9064
0.0556,1821
0.0546,3789
-0.126,8188
-0.0899,7491
-0.0257,5648
-0.218,9258
0.0599,3157
0.138,1217
0.237,1943
0.217,1432
-0.0529,6106
-0.0213,6124
-0.0234,5663
-0.25,9753
-0.000963,5285
-0.132,8292
0.107,2275
-0.0173,5916
-0.0163,5888
-0.0198,5622
-0.071,6644
-0.0913,6209
-0.328,9995
-0.14,9590
-0.238,9875
-0.128,9213
-0.235,9781
-0.0222,6376
-0.151,8040
-0.0623,7128
0.212,1015
0.0511,3444
0.0613,2926
0.00273,4956
0.185,2034
0.0389,3943
0.171,1965
-0.07,7208
-0.0872,7659
0.0671,3005
-0.166,8944
-0.157,9731
-0.104,9984
0.0234,4066
0.12,2581
0.0247,4520
0.0839,1093
0.0369,2992
-0.245,10166
0.251,600
0.056,3593
-0.178,8556
-0.368,10231
0.0261,3967
-0.028,6547
-0.0879,7045
-0.112,8364
-0.137,8585
0.111,1085
0.0145,3968
-0.0362,7685
-0.147,3967
-0.298,8840
0.0338,4167
0.109,2435
0.0352,3707
0.23,889
-0.127,6645
-0.142,7912
0.157,1710
-0.0572,6796
0.0546,2549
-0.184,9115
-0.0537,6907
0.0795,3822
-0.285,8740
-0.0244,6028
-0.218,9972
0.238,703
0.0321,3342
-0.207,9454
0.349,213
-0.262,9959
0.0599,2320
0.139,1629
-0.0752,7925
-0.0313,5654
0.0231,4482
-0.0407,7050
-0.171,9858
0.17,528
-0.0404,6392
0.0805,2631
0.519,29
-0.115,9499
-0.277,9050
0.0932,2630
-0.0803,8491
-0.0358,5411
-0.325,7772
0.085,2633
0.212,491
-0.176,9435
0.0524,3666
-0.0507,6622
-0.285,10456
0.00554,4815
-0.0825,8998
-0.0637,6274
0.00189,5071
0.334,877
-0.22,10118
-0.0506,8628
0.0167,4363
-0.0135,5454
0.0427,3033
-0.0918,8288
-0.195,9514
-0.16,9455
-0.137,9130
0.215,812
0.0859,2961
-0.229,9641
-0.0275,5907
-0.0261,5498
-0.168,9072
0.0429,3265
-0.0865,7296
-0.0852,6928
-0.249,9499
0.00633,4725
0.194,1976
-0.0434,6734
0.146,1767
-0.183,8721
-0.0508,5940
-0.0115,5445
0.0877,1584
0.038,3746
-0.221,8632
0.0632,3707
-0.273,8099
-0.0609,7037
-0.328,10458
0.0519,3867
0.13,1878
-0.0355,6462
0.355,1706
-0.0367,7342
-0.0522,6412
0.142,1705
-0.0273,6518
0.121,2635
0.097,3146
-0.144,9441
-0.0401,6649
0.137,2410
-0.198,9959
-0.33,9126
-0.0856,7077
0.0224,4045
-0.272,10188
-0.119,9083
-0.309,9606
-0.211,6027
0.00259,4582
-0.0746,8617
-0.203,8265
0.187,473
0.301,450
0.317,1365
-0.425,9461
0.048,3273
0.236,2158
0.589,209
-0.103,8635
0.121,3372
-0.0463,6165
0.0225,4196
-0.0703,7305
0.0175,4409
0.605,213
0.0824,2548
-0.0944,8077
-0.105,9897
0.00222,5021
0.454,255
-0.163,7824
-0.134,8516
-0.161,7758
0.0253,4500
0.0366,3882
-0.0531,6476
0.0807,3066
-0.209,10101
0.0865,3099
-0.0116,5816
0.121,1784
-0.0452,6454
-0.0218,6024
-0.267,9487
-0.0174,5387
0.118,1766
-0.022,5930
-0.0667,7560
-0.013,5550
-0.16,9669
-0.13,6757
0.115,971
0.035,3448
-0.0949,8183
-0.0652,6800
0.0197,4528
-0.0841,7467
0.0668,3185
-0.12,9289
0.0551,3838
-0.157,7568
-0.0232,5764
-0.222,7994
-0.015,5940
-0.0154,5990
0.166,1466
0.0917,3178
0.197,2113
0.0519,4111
-0.0249,6216
-0.123,8648
0.0362,4150
0.27,130
0.0382,4221
0.203,375
-0.0193,5772
-0.141,9742
-0.00734,5428
0.0823,3149
0.0626,3746
-0.106,6643
0.0312,4172
-0.0282,6355
-0.0313,6942
-0.131,9769
-0.143,7538
0.191,537
0.188,1530
-0.11,9091
-0.000402,5147
-0.231,9671
-0.0266,6596
0.191,812
0.034,3878
0.000516,4821
-0.118,6883
0.0124,4619
0.119,3130
-0.0661,6605
-0.0236,6490
0.0183,4178
0.134,1689
0.196,761
-0.00167,5196
0.00104,4821
-0.0683,7369
-0.169,10127
0.0905,2960
-0.152,9010
-0.11,8324
-0.103,7447
0.244,262
0.0487,2525
0.224,407
-0.0997,7964
0.142,2509
0.125,1532
-0.00696,5396
0.0432,3796
0.189,1442
0.029,4107
0.204,1594
-0.224,9791
-0.0848,7735
-0.101,10091
0.203,1073
0.0921,1570
-0.147,8594
0.0653,3431
0.0927,1879
0.0526,1986
-0.0177,5743
0.19,825
0.158,1293
0.178,3286
-0.0396,6299
0.153,393
-0.23,9033
0.00745,4648
0.0998,1662
-0.119,8492
-0.0733,6908
0.0333,3709
-0.105,8004
0.42,28
0.295,451
-0.289,8351
0.00727,4597
-0.137,9097
-0.335,9703
0.0607,3155
-0.0624,5393
0.279,1321
-0.0748,7535
0.0113,4601
0.523,85
-0.21,8233
0.253,714
-0.0622,7260
-0.034,6703
0.0871,1631
0.00439,4976
-0.209,8988
-0.0874,7577
-0.0357,5265
0.0776,3376
0.111,1661
-0.247,9060
0.149,1735
-0.14,6969
-0.0652,6072
0.12,2094
0.131,734
-0.0144,5575
0.122,915
0.0109,4699
0.00601,4795
0.156,826
-0.298,9919
0.177,1741
-0.0326,5802
0.0971,3007
-0.0401,6415
-0.0745,7024
-0.0224,6372
-0.114,8053
-0.0063,5320
0.0781,3261
0.0609,3704
-0.069,7702
0.0567,1780
0.184,936
-0.393,8734
0.259,936
0.209,1289
-0.0584,9243
-0.00966,5600
-0.0662,6772
0.0864,2072
0.158,1840
0.233,1240
0.335,90
0.0122,4891
-0.108,8625
-0.117,9918
0.0119,4739
-0.0351,6435
-0.1,8759
0.244,363
-0.0207,5368
0.89,138
0.149,2735
0.108,1168
-0.0713,7851
-0.162,8447
0.355,527
0.281,1054
1.77,242
0.0643,3754
-0.179,10026
0.0209,4121
0.202,910
-0.198,9099
0.174,2782
-0.121,7964
0.342,155
0.0325,4231
-0.0267,6193
0.301,177
-0.23,8340
-0.0723,8482
0.0225,4022
0.0807,2042
-0.047,6782
0.184,2366
-0.0563,5938
-0.263,7478
0.0478,3254
-0.072,7779
-0.0856,7221
-0.0653,7101
0.0331,4280
0.116,2510
-0.172,9528
0.0795,1704
-0.0616,7315
0.199,855
-0.113,7644
-0.0379,5708
0.0178,4019
-0.0572,8039
0.113,2469
0.28,165
-0.0431,7500
-0.175,8449
-0.092,8700
-0.042,7119
-0.17,9117
-0.243,9154
-0.161,7953
-0.0458,7485
-0.0873,8459
-0.0286,5939
-0.0657,8354
-0.12,9120
0.00814,4578
0.286,2089
0.00558,5019
0.147,976
0.0617,3177
-0.0017,5248
-0.215,9947
0.00744,4767
0.00365,4854
-0.0553,7067
0.0446,3826
-0.0268,5814
-0.0588,5871
-0.498,10078
-0.044,6318
0.171,532
0.284,833
-0.234,8713
-0.00497,5219
-0.328,9577
0.443,129
-0.063,7736
-0.35,10455
0.109,2714
-0.109,8150
0.456,480
-0.105,9925
-0.0671,7175
0.0203,4435
0.188,2213
-0.102,7499
0.224,1220
-0.277,9400
0.0675,2179
1.11e-16,3424
