guide,target,active,center,scale
AARS_B,AARS,0,-0.02782,0.2535
AARS_C,AARS,0,-0.003962,0.1881
AARS_main,AARS,0,0.003163,0.1186
AATF_1,AATF,0,-0.04071,0.2918
AATF_2,AATF,0,-0.214,0.6942
AATF_4,AATF,0,-0.08385,0.5343
AATF_5,AATF,0,-0.04447,0.4327
AATF_6,AATF,0,-0.01173,0.1587
ADNP2_1,ADNP2,0,-0.01499,0.1112
ADNP2_2,ADNP2,0,-0.01219,0.2012
ADNP2_3,ADNP2,1,-0.007112,0.1939
ADNP2_4,ADNP2,0,-0.01007,0.2303
ADNP2_5,ADNP2,1,-0.01999,0.151
ADNP2_6,ADNP2,0,-0.008727,0.1054
ADNP_1,ADNP,0,0.001675,0.1472
ADNP_2,ADNP,0,-0.001921,0.1893
ADNP_3,ADNP,0,-0.04129,0.3795
ADNP_4,ADNP,0,-0.03304,0.4079
ADNP_5,ADNP,0,-0.0009931,0.09833
ADNP_6,ADNP,0,-0.001902,0.07627
AEBP1_1,AEBP1,0,-0.006768,0.1412
AEBP1_2,AEBP1,0,-0.0006211,0.1377
AEBP1_3,AEBP1,0,-0.01679,0.3303
AEBP1_4,AEBP1,0,-0.01455,0.2952
AEBP1_5,AEBP1,0,-0.0005657,0.1606
AEBP1_6,AEBP1,0,-0.006853,0.1978
AEBP2_1,AEBP2,0,-0.04058,0.2494
AEBP2_2,AEBP2,0,-0.006473,0.2105
AEBP2_3,AEBP2,0,0.00456,0.1208
AEBP2_4,AEBP2,0,-0.09171,0.5235
AEBP2_5,AEBP2,0,-0.01005,0.2037
AEBP2_6,AEBP2,0,-0.0007862,0.1386
AFF1_1,AFF1,0,-0.01504,0.208
AFF1_2,AFF1,0,-0.02096,0.3498
AFF1_3,AFF1,0,-0.01737,0.2068
AFF1_4,AFF1,0,-0.004064,0.2378
AFF1_5,AFF1,0,-0.004238,0.1532
AFF1_6,AFF1,0,-0.009013,0.09851
AFF2_1,AFF2,0,-0.01871,0.1531
AFF2_2,AFF2,0,-0.03516,0.2774
AFF2_3,AFF2,0,0.0007964,0.1953
AFF2_4,AFF2,0,-0.0177,0.1986
AFF2_5,AFF2,0,0.001005,0.1151
AFF2_6,AFF2,0,-0.002852,0.07191
AFF3_1,AFF3,0,-0.017,0.1811
AFF3_2,AFF3,0,-0.008746,0.1568
AFF3_3,AFF3,0,0.001371,0.2162
AFF3_4,AFF3,0,-0.01917,0.2606
AFF3_5,AFF3,0,-0.01014,0.08471
AFF3_6,AFF3,0,0.0002829,0.07778
AFF4_1,AFF4,0,-0.01782,0.211
AFF4_2,AFF4,0,0.001101,0.1633
AFF4_3,AFF4,0,-0.01494,0.2312
AFF4_4,AFF4,0,-0.003209,0.2102
AFF4_5,AFF4,0,-0.02549,0.196
AFF4_6,AFF4,0,-0.005356,0.1073
AHCTF1_1,AHCTF1,0,-0.01212,0.1494
AHCTF1_2,AHCTF1,0,-0.02687,0.2756
AHCTF1_3,AHCTF1,0,-0.03186,0.3336
AHCTF1_4,AHCTF1,0,-0.02892,0.2417
AHCTF1_5,AHCTF1,0,-0.000497,0.1004
AHCTF1_6,AHCTF1,0,0.004715,0.1244
AHCY_1,AHCY,0,-0.01587,0.2169
AHCY_2,AHCY,0,-0.02499,0.2053
AHCY_3,AHCY,0,-0.005459,0.1061
AHCY_4,AHCY,0,-0.007683,0.08768
AHCY_5,AHCY,0,-0.01811,0.1777
AHCY_6,AHCY,0,0.003633,0.1085
AHDC1_1,AHDC1,0,-0.01102,0.1498
AHDC1_2,AHDC1,0,-0.0052,0.1246
AHDC1_3,AHDC1,0,-0.004511,0.1715
AHDC1_4,AHDC1,0,-0.06391,0.4337
AHDC1_5,AHDC1,0,-0.005667,0.1416
AHDC1_6,AHDC1,0,-0.008273,0.1406
AHRR_1,AHRR,0,-0.0007391,0.1647
AHRR_2,AHRR,0,0.001803,0.2273
AHRR_3,AHRR,0,-0.03383,0.3382
AHRR_4,AHRR,0,0.003585,0.1254
AHRR_5,AHRR,0,-0.005819,0.1395
AHRR_6,AHRR,0,-0.004815,0.1229
AHR_1,AHR,0,0.0124,0.1486
AHR_2,AHR,0,-0.01472,0.1687
AHR_3,AHR,0,-0.01368,0.3779
AHR_4,AHR,0,-0.01511,0.2758
AHR_5,AHR,0,0.006496,0.1126
AHR_6,AHR,0,-0.003039,0.1246
AIRE_1,AIRE,0,-0.0133,0.1663
AIRE_2,AIRE,0,-0.00203,0.2417
AIRE_3,AIRE,0,-0.007615,0.1884
AIRE_4,AIRE,0,-0.01968,0.2703
AIRE_5,AIRE,0,0.007938,0.1045
AIRE_6,AIRE,0,-0.006559,0.08646
AKAP8L_1,AKAP8L,0,-0.008383,0.1927
AKAP8L_2,AKAP8L,0,-0.02054,0.209
AKAP8L_3,AKAP8L,0,-0.03042,0.2585
AKAP8L_4,AKAP8L,0,-0.0186,0.2379
AKAP8L_5,AKAP8L,0,-0.01458,0.2189
AKAP8L_6,AKAP8L,0,-0.002084,0.1207
AKAP8_1,AKAP8,0,-0.01838,0.293
AKAP8_2,AKAP8,0,0.0008477,0.1001
AKAP8_3,AKAP8,0,0.004846,0.173
AKAP8_4,AKAP8,0,-0.007191,0.1832
AKAP8_5,AKAP8,0,-0.01065,0.1311
AKAP8_6,AKAP8,0,0.002847,0.1333
AKNA_P1_1,AKNA,0,0.002699,0.1489
AKNA_P1_2,AKNA,0,-0.02042,0.1953
AKNA_P1_3,AKNA,0,-0.02733,0.298
AKNA_P1_4,AKNA,0,-0.002295,0.2308
AKNA_P1_5,AKNA,0,-0.02364,0.2065
AKNA_P1_6,AKNA,0,0.006486,0.1854
AKNA_P2_1,AKNA,0,-0.01167,0.2122
AKNA_P2_2,AKNA,0,-0.01968,0.1655
AKNA_P2_3,AKNA,0,-0.07885,0.473
AKNA_P2_4,AKNA,0,-0.02215,0.2437
AKNA_P2_5,AKNA,0,-0.01112,0.1167
AKNA_P2_6,AKNA,0,0.008099,0.09367
ALX1_1,ALX1,0,0.0005401,0.2191
ALX1_2,ALX1,0,0.009459,0.1617
ALX1_3,ALX1,0,-0.003687,0.1116
ALX1_4,ALX1,0,0.003125,0.2094
ALX1_5,ALX1,0,0.001861,0.1732
ALX1_6,ALX1,0,-0.004045,0.09923
ALX3_1,ALX3,0,0.001305,0.1184
ALX3_2,ALX3,0,0.002795,0.1134
ALX3_3,ALX3,0,-0.006117,0.2631
ALX3_4,ALX3,0,-0.04345,0.3816
ALX3_5,ALX3,0,-0.008991,0.108
ALX3_6,ALX3,0,-0.005181,0.1962
ALX4_1,ALX4,0,-0.007873,0.2194
ALX4_2,ALX4,0,-0.01656,0.1594
ALX4_3,ALX4,0,-0.004923,0.2135
ALX4_4,ALX4,0,-0.0001286,0.2191
ALX4_5,ALX4,0,0.001649,0.1232
ALX4_6,ALX4,0,0.005526,0.1509
ALYREF_1,ALYREF,0,-0.01846,0.2374
ALYREF_2,ALYREF,0,-0.01313,0.1182
ALYREF_3,ALYREF,0,-0.1785,0.7676
ALYREF_4,ALYREF,0,-0.03348,0.3671
ALYREF_5,ALYREF,0,-0.01086,0.1167
ALYREF_6,ALYREF,0,0.001612,0.1287
ANHX_1,ANHX,0,-0.004716,0.2514
ANHX_2,ANHX,0,-0.007426,0.1085
ANHX_3,ANHX,0,-0.005323,0.2596
ANHX_4,ANHX,0,-0.005594,0.1772
ANHX_5,ANHX,0,-0.01586,0.1656
ANHX_6,ANHX,0,0.003288,0.1553
ANKRD1_1,ANKRD1,0,-0.01798,0.2502
ANKRD1_2,ANKRD1,0,-0.008049,0.1863
ANKRD1_3,ANKRD1,0,-0.0005448,0.124
ANKRD1_4,ANKRD1,0,-0.0008642,0.2688
ANKRD1_5,ANKRD1,0,-0.01463,0.1292
ANKRD1_6,ANKRD1,0,-0.0023,0.1083
ANKRD30A_1,ANKRD30A,0,-0.223,0.8959
ANKRD30A_2,ANKRD30A,0,-0.02019,0.191
ANKRD30A_3,ANKRD30A,0,-0.02756,0.3426
ANKRD30A_4,ANKRD30A,0,-0.01468,0.1932
ANKRD30A_5,ANKRD30A,0,-0.001215,0.1345
ANKRD30A_6,ANKRD30A,0,0.0001187,0.1713
ANKZF1_1,ANKZF1,0,-0.01697,0.2605
ANKZF1_2,ANKZF1,0,-0.009387,0.1761
ANKZF1_3,ANKZF1,0,-0.0112,0.1709
ANKZF1_4,ANKZF1,0,-0.001276,0.1305
ANKZF1_5,ANKZF1,0,-0.02353,0.1763
ANKZF1_6,ANKZF1,0,0.004118,0.08501
APITD1_1|APITD1-CORT_1,APITD1|APITD1-CORT,0,-0.0101,0.1534
APITD1_2|APITD1-CORT_2,APITD1|APITD1-CORT,0,0.01062,0.1792
APITD1_3|APITD1-CORT_3,APITD1|APITD1-CORT,0,0.005939,0.1217
APITD1_4|APITD1-CORT_4,APITD1|APITD1-CORT,0,-0.01301,0.1087
APITD1_5|APITD1-CORT_5,APITD1|APITD1-CORT,0,-0.002272,0.1951
APITD1_6|APITD1-CORT_6,APITD1|APITD1-CORT,0,0.002405,0.1132
ARGFX_1,ARGFX,0,-0.007217,0.186
ARGFX_2,ARGFX,0,-0.009059,0.3035
ARGFX_3,ARGFX,0,-0.006079,0.1288
ARGFX_4,ARGFX,0,0.002334,0.1169
ARGFX_5,ARGFX,0,-0.001594,0.07345
ARGFX_6,ARGFX,0,-0.01555,0.1295
ARHGAP35_1,ARHGAP35,0,0.003244,0.121
ARHGAP35_2,ARHGAP35,0,-0.01123,0.2075
ARHGAP35_3,ARHGAP35,0,-0.03385,0.3919
ARHGAP35_4,ARHGAP35,0,-0.002236,0.08828
ARHGAP35_5,ARHGAP35,0,0.004426,0.1331
ARHGAP35_6,ARHGAP35,0,-0.003522,0.1772
ARID1A_1,ARID1A,0,-0.007132,0.157
ARID1A_2,ARID1A,1,-0.005618,0.1799
ARID1A_3,ARID1A,0,-0.01992,0.1152
ARID1A_4,ARID1A,1,-0.002838,0.06831
ARID1A_5,ARID1A,0,-0.01606,0.1368
ARID1A_6,ARID1A,0,-0.003785,0.1374
ARID1B_P1_1,ARID1B,0,-0.01046,0.2155
ARID1B_P1_2,ARID1B,0,0.008589,0.1259
ARID1B_P1_3,ARID1B,0,-0.09375,0.4241
ARID1B_P1_4,ARID1B,0,0.002373,0.1403
ARID1B_P1_5,ARID1B,0,0.0147,0.1283
ARID1B_P1_6,ARID1B,0,0.0008049,0.07201
ARID1B_P2_1,ARID1B,0,6.009e-05,0.1413
ARID1B_P2_2,ARID1B,0,-0.007709,0.1924
ARID1B_P2_3,ARID1B,0,-0.02734,0.2887
ARID1B_P2_4,ARID1B,0,-0.01298,0.1458
ARID1B_P2_5,ARID1B,0,-0.00894,0.2145
ARID1B_P2_6,ARID1B,0,-0.01278,0.1909
ARID2_1,ARID2,0,-0.006788,0.1108
ARID2_2,ARID2,0,-0.02315,0.2117
ARID2_3,ARID2,0,-0.02234,0.1507
ARID2_4,ARID2,0,-0.007008,0.286
ARID2_5,ARID2,0,-0.01253,0.0962
ARID2_6,ARID2,0,0.003797,0.1534
ARID3A_1,ARID3A,0,0.004842,0.179
ARID3A_2,ARID3A,0,-0.03647,0.3396
ARID3A_3,ARID3A,0,-0.009131,0.1671
ARID3A_4,ARID3A,0,-0.0003346,0.1995
ARID3A_5,ARID3A,0,-0.003859,0.1286
ARID3A_6,ARID3A,0,0.00128,0.1035
ARID3B_1,ARID3B,0,-0.01192,0.1592
ARID3B_2,ARID3B,0,-0.01347,0.2061
ARID3B_3,ARID3B,0,-0.02108,0.2051
ARID3B_4,ARID3B,0,-0.02495,0.1933
ARID3B_5,ARID3B,0,0.00303,0.06842
ARID3B_6,ARID3B,0,0.0001131,0.1228
ARID3C_1,ARID3C,0,-0.007419,0.1602
ARID3C_2,ARID3C,0,0.003058,0.2017
ARID3C_3,ARID3C,0,-0.01895,0.2715
ARID3C_4,ARID3C,0,-0.04842,0.2571
ARID3C_5,ARID3C,0,-0.01269,0.1832
ARID3C_6,ARID3C,0,-0.01097,0.1172
ARID4A_1,ARID4A,0,-0.004694,0.09539
ARID4A_2,ARID4A,0,-0.02938,0.2311
ARID4A_3,ARID4A,0,-0.02307,0.2743
ARID4A_4,ARID4A,0,0.003674,0.1692
ARID4A_5,ARID4A,0,0.003978,0.1201
ARID4A_6,ARID4A,0,9.016e-05,0.1058
ARID4B_1,ARID4B,1,0.002536,0.1061
ARID4B_2,ARID4B,0,-0.007706,0.1862
ARID4B_3,ARID4B,1,0.006323,0.1914
ARID4B_4,ARID4B,0,-0.01447,0.1886
ARID4B_5,ARID4B,1,-0.02759,0.2515
ARID4B_6,ARID4B,1,-0.00127,0.07841
ARID5A_1,ARID5A,0,-0.02759,0.1808
ARID5A_2,ARID5A,0,-0.02675,0.1966
ARID5A_3,ARID5A,0,-0.02495,0.2747
ARID5A_4,ARID5A,0,-0.03526,0.1897
ARID5A_5,ARID5A,0,-0.02076,0.2391
ARID5A_6,ARID5A,0,-0.255,0.587
ARID5B_1,ARID5B,0,-0.0312,0.3152
ARID5B_2,ARID5B,0,-0.001029,0.1509
ARID5B_3,ARID5B,0,-0.03203,0.1592
ARID5B_4,ARID5B,0,-0.01897,0.187
ARID5B_5,ARID5B,0,-0.007064,0.1229
ARID5B_6,ARID5B,0,0.0004961,0.179
ARNT2_1,ARNT2,0,-0.01383,0.207
ARNT2_2,ARNT2,0,0.004379,0.1722
ARNT2_3,ARNT2,0,-0.01919,0.7301
ARNT2_4,ARNT2,0,-0.02381,0.2737
ARNT2_5,ARNT2,0,-0.008074,0.1121
ARNT2_6,ARNT2,0,0.005978,0.09494
ARNTL2_1,ARNTL2,0,-0.005299,0.2943
ARNTL2_2,ARNTL2,0,-0.01644,0.3518
ARNTL2_3,ARNTL2,0,-0.02105,0.3175
ARNTL2_4,ARNTL2,0,-0.04174,0.4339
ARNTL2_5,ARNTL2,0,0.004152,0.1463
ARNTL2_6,ARNTL2,0,-0.01153,0.1439
ARNTL_1,ARNTL,0,-0.001204,0.1416
ARNTL_2,ARNTL,0,-0.005913,0.149
ARNTL_3,ARNTL,0,0.01131,0.1886
ARNTL_4,ARNTL,0,-0.009604,0.1787
ARNTL_5,ARNTL,0,-0.003572,0.1509
ARNTL_6,ARNTL,0,-0.02541,0.1672
ARNT_1,ARNT,0,-0.03166,0.2746
ARNT_2,ARNT,0,-0.0058,0.1636
ARNT_3,ARNT,0,-0.003594,0.1684
ARNT_4,ARNT,0,-0.0256,0.2484
ARNT_5,ARNT,0,0.01175,0.1637
ARNT_6,ARNT,0,-0.002737,0.08567
ARX_P1_1,ARX,0,-0.01055,0.1565
ARX_P1_2,ARX,0,-0.01043,0.1825
ARX_P1_3,ARX,0,-0.003868,0.2081
ARX_P1_4,ARX,0,-0.01207,0.165
ARX_P1_5,ARX,0,-0.01278,0.1767
ARX_P1_6,ARX,0,-0.01772,0.2171
ARX_P2_1,ARX,0,-0.01557,0.199
ARX_P2_2,ARX,0,-0.002409,0.1998
ARX_P2_3,ARX,0,0.003069,0.2104
ARX_P2_4,ARX,0,0.01028,0.148
ARX_P2_5,ARX,0,-0.008505,0.1387
ARX_P2_6,ARX,0,0.01149,0.2012
AR_1,AR,0,-0.01917,0.1738
AR_2,AR,0,-0.008498,0.2411
AR_3,AR,0,-0.01236,0.2054
AR_4,AR,0,-0.005465,0.1751
AR_5,AR,0,0.003808,0.09578
AR_6,AR,0,-0.009062,0.1584
ASCL1_1,ASCL1,0,-0.02953,0.1916
ASCL1_2,ASCL1,0,0.001034,0.2461
ASCL1_3,ASCL1,0,-0.002461,0.2319
ASCL1_4,ASCL1,0,-0.0201,0.2201
ASCL1_5,ASCL1,0,0.0005281,0.1033
ASCL1_6,ASCL1,0,-0.006521,0.1199
ASCL2_1,ASCL2,0,0.002242,0.3102
ASCL2_2,ASCL2,0,-0.008537,0.1688
ASCL2_3,ASCL2,0,-0.02156,0.2509
ASCL2_4,ASCL2,0,-0.02685,0.2865
ASCL2_5,ASCL2,0,-0.01282,0.1505
ASCL2_6,ASCL2,0,-0.004716,0.1217
ASCL3_1,ASCL3,0,-0.01043,0.1507
ASCL3_2,ASCL3,0,-0.02289,0.1976
ASCL3_3,ASCL3,0,-0.006962,0.1725
ASCL3_4,ASCL3,0,-0.05182,0.2953
ASCL3_5,ASCL3,0,-0.0008515,0.09384
ASCL3_6,ASCL3,0,-0.02347,0.1987
ASCL4_1,ASCL4,0,0.0001086,0.1433
ASCL4_2,ASCL4,0,-0.00961,0.2818
ASCL4_3,ASCL4,0,-0.03747,0.2417
ASCL4_4,ASCL4,0,-0.01346,0.127
ASCL4_5,ASCL4,0,-0.01412,0.1069
ASCL4_6,ASCL4,0,-0.008031,0.1382
ASCL5_1,ASCL5,0,0.005849,0.1554
ASCL5_2,ASCL5,0,-0.02595,0.3407
ASCL5_3,ASCL5,0,-0.009238,0.2532
ASCL5_4,ASCL5,0,-0.004345,0.2037
ASCL5_5,ASCL5,0,-0.01365,0.2584
ASCL5_6,ASCL5,0,-0.02377,0.2735
ASH1L_1,ASH1L,0,0.003594,0.2564
ASH1L_2,ASH1L,0,0.006259,0.1702
ASH1L_3,ASH1L,0,-0.02332,0.2309
ASH1L_4,ASH1L,0,-0.03388,0.3907
ASH1L_5,ASH1L,0,-0.0004418,0.1162
ASH1L_6,ASH1L,0,0.00985,0.1447
ATF1_1,ATF1,0,-0.01504,0.1261
ATF1_2,ATF1,0,-0.01618,0.1584
ATF1_3,ATF1,0,-0.009249,0.09899
ATF1_4,ATF1,0,0.01274,0.3062
ATF1_5,ATF1,0,-0.01154,0.09808
ATF1_6,ATF1,0,-0.003938,0.1323
ATF2_1,ATF2,0,-0.01524,0.2617
ATF2_2,ATF2,0,-0.03478,0.2397
ATF2_3,ATF2,0,0.001875,0.1508
ATF2_4,ATF2,0,-0.05033,0.3223
ATF2_5,ATF2,0,-0.0005986,0.1187
ATF2_6,ATF2,0,-0.003204,0.1095
ATF3_1,ATF3,0,-0.00608,0.1242
ATF3_2,ATF3,0,6.754e-05,0.1227
ATF3_3,ATF3,0,0.0007631,0.1479
ATF3_4,ATF3,0,-0.01394,0.2193
ATF3_5,ATF3,0,-0.001791,0.1194
ATF3_6,ATF3,0,-0.01134,0.301
ATF4_1,ATF4,0,-0.02668,0.3031
ATF4_2,ATF4,0,0.0001539,0.09441
ATF4_3,ATF4,0,0.002314,0.09234
ATF4_4,ATF4,0,-0.009875,0.195
ATF4_5,ATF4,0,-0.01423,0.1284
ATF4_6,ATF4,0,0.0002809,0.1738
ATF5_1,ATF5,0,-0.1284,0.7057
ATF5_2,ATF5,0,-0.0756,0.4627
ATF5_3,ATF5,0,-0.2987,0.6502
ATF5_4,ATF5,0,-0.1762,0.5943
ATF5_5,ATF5,0,-0.01864,0.3343
ATF5_6,ATF5,0,-0.1265,0.4762
ATF6B_1,ATF6B,0,0.01519,0.2444
ATF6B_2,ATF6B,0,0.01506,0.2129
ATF6B_3,ATF6B,0,-0.01634,0.1606
ATF6B_4,ATF6B,0,-0.00492,0.1686
ATF6B_5,ATF6B,0,-0.005602,0.08968
ATF6B_6,ATF6B,0,-0.004991,0.08282
ATF6_1,ATF6,0,-0.1552,0.5932
ATF6_2,ATF6,0,-0.001869,0.2264
ATF6_3,ATF6,0,-0.009655,0.2074
ATF6_4,ATF6,0,-0.0008236,0.2226
ATF6_5,ATF6,0,0.009394,0.1783
ATF6_6,ATF6,0,-0.004489,0.09755
ATF7_1,ATF7,0,-0.07062,0.305
ATF7_2,ATF7,0,-0.01418,0.2008
ATF7_3,ATF7,0,0.01502,0.1557
ATF7_4,ATF7,0,-0.01324,0.1787
ATF7_5,ATF7,0,-0.001311,0.2597
ATF7_6,ATF7,0,-0.004203,0.1305
ATMIN_1,ATMIN,0,-0.006804,0.1783
ATMIN_2,ATMIN,0,-0.008565,0.2669
ATMIN_3,ATMIN,0,-0.0421,0.2447
ATMIN_4,ATMIN,0,-0.0326,0.435
ATMIN_5,ATMIN,0,-0.008165,0.1914
ATMIN_6,ATMIN,0,-0.004147,0.1162
ATN1_1,ATN1,0,-0.02641,0.2607
ATN1_2,ATN1,0,-0.006467,0.08243
ATN1_3,ATN1,0,-0.02277,0.1953
ATN1_4,ATN1,0,-0.03655,0.3927
ATN1_5,ATN1,0,8.93e-05,0.1424
ATN1_6,ATN1,0,0.001706,0.1433
ATOH1_1,ATOH1,0,-0.01139,0.1516
ATOH1_2,ATOH1,0,-0.002813,0.1924
ATOH1_3,ATOH1,0,-0.05783,0.4192
ATOH1_4,ATOH1,0,-0.001548,0.1996
ATOH1_5,ATOH1,0,-0.008339,0.1154
ATOH1_6,ATOH1,0,-0.01165,0.1474
ATOH7_1,ATOH7,0,-0.003398,0.1613
ATOH7_2,ATOH7,0,-0.02727,0.3217
ATOH7_3,ATOH7,0,0.006153,0.1823
ATOH7_4,ATOH7,0,-0.03331,0.3106
ATOH7_5,ATOH7,0,-0.001175,0.173
ATOH7_6,ATOH7,0,0.007717,0.1182
ATOH8_1,ATOH8,0,-0.01093,0.3447
ATOH8_2,ATOH8,0,-0.008471,0.1388
ATOH8_3,ATOH8,0,-0.01057,0.2028
ATOH8_4,ATOH8,0,-0.01921,0.166
ATOH8_5,ATOH8,0,-0.01112,0.1574
ATOH8_6,ATOH8,0,-0.01069,0.1316
ATXN7_P1_1,ATXN7,0,0.001247,0.1907
ATXN7_P1_2,ATXN7,0,-0.01821,0.2038
ATXN7_P1_3,ATXN7,0,0.006282,0.2267
ATXN7_P1_4,ATXN7,0,-0.05051,0.422
ATXN7_P1_5,ATXN7,0,-0.003672,0.0453
ATXN7_P1_6,ATXN7,0,-0.01155,0.1305
ATXN7_P2_1,ATXN7,0,-0.0152,0.1871
ATXN7_P2_2,ATXN7,0,0.02349,0.2566
ATXN7_P2_3,ATXN7,0,-0.002037,0.2189
ATXN7_P2_4,ATXN7,0,-0.00156,0.2233
ATXN7_P2_5,ATXN7,0,-0.009907,0.1232
ATXN7_P2_6,ATXN7,0,-0.003752,0.06005
B2M,B2M,0,0.00196,0.03452
BACH1_1,BACH1,0,-0.0234,0.1698
BACH1_2,BACH1,0,-0.01931,0.3517
BACH1_3,BACH1,0,-0.01381,0.159
BACH1_4,BACH1,0,-0.04652,0.334
BACH1_5,BACH1,0,-0.003223,0.09839
BACH1_6,BACH1,0,0.001937,0.2289
BACH2_1,BACH2,0,-0.03449,0.1962
BACH2_2,BACH2,0,-0.02273,0.2183
BACH2_3,BACH2,0,-0.01061,0.3807
BACH2_4,BACH2,0,0.01576,0.2066
BACH2_5,BACH2,0,0.001006,0.1268
BACH2_6,BACH2,0,-0.01348,0.1551
BARHL1_1,BARHL1,0,-0.02074,0.2575
BARHL1_2,BARHL1,0,-0.003656,0.2235
BARHL1_3,BARHL1,0,0.02225,0.1826
BARHL1_4,BARHL1,0,-0.01939,0.1039
BARHL1_5,BARHL1,0,0.003868,0.1319
BARHL1_6,BARHL1,0,-0.008377,0.1897
BARHL2_1,BARHL2,0,0.002357,0.1682
BARHL2_2,BARHL2,0,-0.006671,0.2237
BARHL2_3,BARHL2,0,-0.004409,0.1429
BARHL2_4,BARHL2,0,-0.006987,0.2424
BARHL2_5,BARHL2,0,0.008261,0.1381
BARHL2_6,BARHL2,0,-0.0009891,0.09603
BARX1_1,BARX1,0,-0.2851,0.4638
BARX1_2,BARX1,0,0.005356,0.33
BARX1_3,BARX1,0,-0.03322,0.2247
BARX1_4,BARX1,0,-0.03409,0.3364
BARX1_5,BARX1,0,-0.006768,0.1206
BARX1_6,BARX1,0,0.007217,0.2123
BARX2_1,BARX2,0,-0.004976,0.2248
BARX2_2,BARX2,0,-0.06495,0.3444
BARX2_3,BARX2,0,-0.03211,0.2414
BARX2_4,BARX2,0,-0.03137,0.3004
BARX2_5,BARX2,0,-0.008812,0.1329
BARX2_6,BARX2,0,-0.03579,0.3141
BATF2_1,BATF2,0,-0.01279,0.2883
BATF2_2,BATF2,0,-0.001176,0.1624
BATF2_3,BATF2,0,-0.01175,0.2991
BATF2_4,BATF2,0,-0.0097,0.1742
BATF2_5,BATF2,0,-0.006182,0.09929
BATF2_6,BATF2,0,0.002882,0.08658
BATF3_1,BATF3,0,-0.001707,0.1946
BATF3_2,BATF3,0,-0.0177,0.2011
BATF3_3,BATF3,0,-0.002339,0.1729
BATF3_4,BATF3,0,-0.008311,0.1378
BATF3_5,BATF3,0,-0.003084,0.1088
BATF3_6,BATF3,0,-0.01209,0.2701
BATF_1,BATF,0,-0.01362,0.2267
BATF_2,BATF,0,-0.01467,0.2427
BATF_3,BATF,0,0.003389,0.1814
BATF_4,BATF,0,-0.01392,0.2343
BATF_5,BATF,0,-0.00278,0.1547
BATF_6,BATF,0,0.007898,0.1328
BAZ1B_1,BAZ1B,0,-0.01211,0.2216
BAZ1B_2,BAZ1B,0,-0.02038,0.1907
BAZ1B_3,BAZ1B,0,-0.007397,0.1286
BAZ1B_4,BAZ1B,0,0.00264,0.153
BAZ1B_5,BAZ1B,0,-0.007845,0.1545
BAZ1B_6,BAZ1B,0,0.004805,0.1728
BAZ2A_P1_1,BAZ2A,0,-0.01018,0.1473
BAZ2A_P1_2,BAZ2A,0,0.00318,0.2971
BAZ2A_P1_3,BAZ2A,0,-0.0117,0.1478
BAZ2A_P1_4,BAZ2A,0,-6.351e-05,0.152
BAZ2A_P1_5,BAZ2A,0,-0.0003066,0.1232
BAZ2A_P1_6,BAZ2A,0,-0.02891,0.2928
BAZ2A_P2_1,BAZ2A,0,-0.0001253,0.1159
BAZ2A_P2_2,BAZ2A,0,0.0003866,0.216
BAZ2A_P2_3,BAZ2A,0,-0.01136,0.2861
BAZ2A_P2_4,BAZ2A,0,-0.01189,0.1465
BAZ2A_P2_5,BAZ2A,0,-0.007218,0.1312
BAZ2A_P2_6,BAZ2A,0,-0.00557,0.1273
BAZ2B_1,BAZ2B,0,-0.006482,0.1416
BAZ2B_2,BAZ2B,0,-0.004581,0.1361
BAZ2B_3,BAZ2B,0,0.001174,0.1721
BAZ2B_4,BAZ2B,0,-0.006888,0.1646
BAZ2B_5,BAZ2B,0,0.0007618,0.04233
BAZ2B_6,BAZ2B,0,0.002818,0.1649
BBX_1,BBX,0,0.005667,0.1175
BBX_2,BBX,0,-0.01037,0.3036
BBX_3,BBX,0,-0.03708,0.3395
BBX_4,BBX,0,0.001723,0.1363
BBX_5,BBX,0,-0.004877,0.1321
BBX_6,BBX,0,-0.007088,0.1188
BCL11A_1,BCL11A,0,-0.005458,0.1781
BCL11A_2,BCL11A,0,-0.01552,0.1875
BCL11A_3,BCL11A,0,-0.06226,0.4173
BCL11A_4,BCL11A,0,-0.007401,0.1741
BCL11A_5,BCL11A,0,-0.002028,0.08524
BCL11A_6,BCL11A,0,-0.002787,0.1141
BCL11B_1,BCL11B,0,-0.03042,0.3451
BCL11B_2,BCL11B,0,0.01129,0.1837
BCL11B_3,BCL11B,0,-0.06066,0.3825
BCL11B_4,BCL11B,0,-0.01133,0.2125
BCL11B_5,BCL11B,0,-0.03904,0.2414
BCL11B_6,BCL11B,0,0.002109,0.102
BCL3_1,BCL3,0,-0.04366,0.4068
BCL3_2,BCL3,0,-0.009122,0.3891
BCL3_3,BCL3,0,-0.01263,0.3415
BCL3_4,BCL3,0,-0.006243,0.3574
BCL3_5,BCL3,0,-0.01357,0.1057
BCL3_6,BCL3,0,-0.003684,0.1141
BCL6B_1,BCL6B,0,-0.00698,0.1214
BCL6B_2,BCL6B,0,-0.01427,0.1104
BCL6B_3,BCL6B,0,-0.03284,0.2689
BCL6B_4,BCL6B,0,-0.01516,0.1801
BCL6B_5,BCL6B,0,-0.0094,0.1112
BCL6B_6,BCL6B,0,-0.004066,0.1605
BCL6_1,BCL6,0,-0.0807,0.4533
BCL6_2,BCL6,0,-0.02517,0.2606
BCL6_3,BCL6,0,-0.01694,0.279
BCL6_4,BCL6,0,-0.06533,0.5901
BCL6_5,BCL6,0,-0.006588,0.1177
BCL6_6,BCL6,0,0.0003173,0.1429
BCLAF1_1,BCLAF1,0,-0.02768,0.1965
BCLAF1_2,BCLAF1,0,0.01328,0.1861
BCLAF1_3,BCLAF1,0,-0.001441,0.157
BCLAF1_4,BCLAF1,0,-0.000653,0.2715
BCLAF1_5,BCLAF1,0,-0.009865,0.132
BCLAF1_6,BCLAF1,0,-0.004042,0.08881
BDP1_1,BDP1,0,-0.08318,0.6222
BDP1_2,BDP1,0,-0.06294,0.5453
BDP1_3,BDP1,0,-0.04113,0.5688
BDP1_4,BDP1,0,-0.09805,0.6108
BDP1_5,BDP1,0,-0.0001702,0.1347
BDP1_6,BDP1,0,0.002418,0.2609
BHLHA15_1,BHLHA15,0,-0.01106,0.1499
BHLHA15_2,BHLHA15,0,-0.02057,0.1808
BHLHA15_3,BHLHA15,0,-0.0168,0.2177
BHLHA15_4,BHLHA15,0,0.004236,0.1646
BHLHA15_5,BHLHA15,0,-0.03281,0.1317
BHLHA15_6,BHLHA15,0,-0.01648,0.1984
BHLHA9_1,BHLHA9,0,0.004971,0.1702
BHLHA9_2,BHLHA9,0,-0.01051,0.1618
BHLHA9_3,BHLHA9,0,-0.02701,0.3779
BHLHA9_4,BHLHA9,0,-0.03311,0.4925
BHLHA9_5,BHLHA9,0,-0.009682,0.1401
BHLHA9_6,BHLHA9,0,-0.02166,0.2013
BHLHB9_1,BHLHB9,0,0.003115,0.1898
BHLHB9_2,BHLHB9,0,-0.01069,0.1613
BHLHB9_3,BHLHB9,0,-0.002382,0.1898
BHLHB9_4,BHLHB9,0,-0.01508,0.1918
BHLHB9_5,BHLHB9,0,0.002199,0.156
BHLHB9_6,BHLHB9,0,-0.02152,0.2114
BHLHE22_1,BHLHE22,0,-0.003911,0.1559
BHLHE22_2,BHLHE22,0,-0.007619,0.1371
BHLHE22_3,BHLHE22,0,-0.03402,0.2013
BHLHE22_4,BHLHE22,0,0.005237,0.1957
BHLHE22_5,BHLHE22,0,-0.001429,0.1277
BHLHE22_6,BHLHE22,0,-0.001613,0.1248
BHLHE23_1,BHLHE23,0,-0.001005,0.161
BHLHE23_2,BHLHE23,0,-0.0007356,0.1444
BHLHE23_3,BHLHE23,0,-0.02581,0.2314
BHLHE23_4,BHLHE23,0,-0.009339,0.1132
BHLHE23_5,BHLHE23,0,0.008916,0.1403
BHLHE23_6,BHLHE23,0,-0.004584,0.2479
BHLHE40_1,BHLHE40,0,0.005061,0.1792
BHLHE40_2,BHLHE40,0,-0.01038,0.171
BHLHE40_3,BHLHE40,0,-0.002043,0.198
BHLHE40_4,BHLHE40,0,-0.00485,0.1979
BHLHE40_5,BHLHE40,0,0.001114,0.142
BHLHE40_6,BHLHE40,0,-0.006986,0.09776
BHLHE41_1,BHLHE41,0,-0.0474,0.3285
BHLHE41_2,BHLHE41,0,-0.01764,0.1619
BHLHE41_3,BHLHE41,0,-0.01252,0.2213
BHLHE41_4,BHLHE41,0,-0.05182,0.5538
BHLHE41_5,BHLHE41,0,0.001095,0.1328
BHLHE41_6,BHLHE41,0,-0.001633,0.1574
BID_1,BID,0,-0.02997,0.2676
BID_2,BID,0,-0.005801,0.1187
BID_3,BID,0,0.002521,0.1198
BID_4,BID,0,-0.01135,0.1989
BID_5,BID,0,-0.005842,0.1238
BID_6,BID,0,-0.005363,0.136
BLZF1_1,BLZF1,0,0.004196,0.1641
BLZF1_2,BLZF1,0,-0.003535,0.1244
BLZF1_3,BLZF1,0,-0.04144,0.2941
BLZF1_4,BLZF1,0,-0.02402,0.2981
BLZF1_5,BLZF1,0,-0.004173,0.07891
BLZF1_6,BLZF1,0,-0.014,0.2117
BMP2_P1_1,BMP2,0,-0.01841,0.2619
BMP2_P1_2,BMP2,0,-0.01063,0.1615
BMP2_P1_3,BMP2,0,0.003931,0.2144
BMP2_P1_4,BMP2,0,-0.002992,0.1444
BMP2_P1_5,BMP2,0,-0.01155,0.1554
BMP2_P1_6,BMP2,0,-0.0006527,0.1373
BMP2_P2_1,BMP2,0,0.0005944,0.2452
BMP2_P2_2,BMP2,0,-0.02963,0.2501
BMP2_P2_3,BMP2,0,0.01543,0.1617
BMP2_P2_4,BMP2,0,0.004191,0.2515
BMP2_P2_5,BMP2,0,-0.008891,0.133
BMP2_P2_6,BMP2,0,-0.001214,0.1153
BNC1_1,BNC1,0,-0.02192,0.2953
BNC1_2,BNC1,0,0.003007,0.1047
BNC1_3,BNC1,0,-0.04432,0.3401
BNC1_4,BNC1,0,-0.07838,0.446
BNC1_5,BNC1,0,-0.005555,0.1378
BNC1_6,BNC1,0,0.00175,0.1306
BNC2_1,BNC2,0,-0.01894,0.2015
BNC2_2,BNC2,0,-0.02175,0.1478
BNC2_3,BNC2,0,-0.03888,0.2526
BNC2_4,BNC2,0,-0.0253,0.1986
BNC2_5,BNC2,0,-0.007447,0.1495
BNC2_6,BNC2,0,0.006386,0.1256
BOLA1_P1_1,BOLA1,0,-0.002704,0.09784
BOLA1_P1_2,BOLA1,0,0.003264,0.1474
BOLA1_P1_3,BOLA1,0,0.002202,0.1579
BOLA1_P1_4,BOLA1,0,-0.01428,0.1516
BOLA1_P1_5,BOLA1,0,-0.01863,0.1379
BOLA1_P1_6,BOLA1,0,0.001139,0.2375
BOLA1_P2_1,BOLA1,0,-0.01168,0.1094
BOLA1_P2_2,BOLA1,0,-0.02457,0.2619
BOLA1_P2_3,BOLA1,0,-0.06618,0.5648
BOLA1_P2_5,BOLA1,0,0.004172,0.1334
BOLA1_P2_6,BOLA1,0,-0.01124,0.09953
BOLA2B_1|BOLA2_1,BOLA2B|BOLA2,0,-0.00468,0.08304
BOLA2B_2|BOLA2_2,BOLA2B|BOLA2,0,-0.002354,0.1264
BOLA2B_3|BOLA2_3,BOLA2B|BOLA2,0,0.0007729,0.2176
BOLA2B_4|BOLA2_4,BOLA2B|BOLA2,0,-0.005538,0.2116
BOLA2B_5|BOLA2_5,BOLA2B|BOLA2,0,-0.00215,0.1106
BOLA2B_6|BOLA2_6,BOLA2B|BOLA2,0,0.000364,0.07502
BOLA3_1,BOLA3,0,-0.005096,0.1331
BOLA3_2,BOLA3,0,-0.02831,0.2322
BOLA3_3,BOLA3,0,0.007928,0.2349
BOLA3_4,BOLA3,0,-0.03529,0.2643
BOLA3_5,BOLA3,0,-0.003405,0.1947
BOLA3_6,BOLA3,0,-0.006521,0.1824
BPTF_1,BPTF,0,-0.01405,0.2378
BPTF_2,BPTF,0,-0.008344,0.1669
BPTF_3,BPTF,0,-0.02616,0.2901
BPTF_4,BPTF,0,-0.004928,0.1535
BPTF_5,BPTF,0,-0.003156,0.1103
BPTF_6,BPTF,0,-0.007698,0.1388
BRF2_1,BRF2,0,-0.3121,0.6606
BRF2_2,BRF2,0,0.004819,0.109
BRF2_3,BRF2,0,-0.01018,0.3047
BRF2_4,BRF2,0,-0.008002,0.2273
BRF2_5,BRF2,0,0.01199,0.09426
BRF2_6,BRF2,0,-0.02613,0.3546
BRIP1_2,BRIP1,0,-0.07241,0.6135
BRIP1_4,BRIP1,0,-0.3531,0.7836
BRIP1_5,BRIP1,0,-0.01287,0.377
BRIP1_6,BRIP1,0,-0.037,0.4561
BRPF1_1,BRPF1,0,-0.03424,0.2627
BRPF1_2,BRPF1,1,-0.00132,0.2409
BRPF1_3,BRPF1,1,0.004757,0.1331
BRPF1_4,BRPF1,1,-0.003189,0.1563
BRPF1_5,BRPF1,0,0.01798,0.132
BRPF1_6,BRPF1,0,0.0002686,0.07067
BSX_1,BSX,0,0.007814,0.223
BSX_2,BSX,0,-0.02808,0.3189
BSX_3,BSX,0,-0.07702,0.3801
BSX_4,BSX,0,0.00127,0.1336
BSX_5,BSX,0,-0.004389,0.1584
BSX_6,BSX,0,-0.001047,0.1304
C11orf95_1,C11orf95,0,-0.01534,0.2286
C11orf95_2,C11orf95,0,0.0003949,0.1618
C11orf95_3,C11orf95,0,0.01129,0.2496
C11orf95_4,C11orf95,0,-0.00824,0.1205
C11orf95_5,C11orf95,0,0.01149,0.1767
C11orf95_6,C11orf95,0,-0.01962,0.1858
C1orf85_P1_1,C1orf85,0,-0.0506,0.2938
C1orf85_P1_2,C1orf85,0,-0.01626,0.2166
C1orf85_P1_3,C1orf85,0,-0.008966,0.192
C1orf85_P1_4,C1orf85,0,-0.02869,0.2454
C1orf85_P1_5,C1orf85,0,0.002935,0.1177
C1orf85_P1_6,C1orf85,0,0.006541,0.1256
C1orf85_P2_1,C1orf85,0,-0.03733,0.2689
C1orf85_P2_2,C1orf85,0,-0.003105,0.1259
C1orf85_P2_3,C1orf85,0,-0.001958,0.2168
C1orf85_P2_4,C1orf85,0,-0.004852,0.2529
C1orf85_P2_5,C1orf85,0,0.006509,0.1302
C1orf85_P2_6,C1orf85,0,-0.04878,0.2312
CAMTA1_1,CAMTA1,0,0.02033,0.2217
CAMTA1_2,CAMTA1,0,-0.06685,0.4305
CAMTA1_3,CAMTA1,0,-0.003599,0.176
CAMTA1_4,CAMTA1,0,0.002664,0.2285
CAMTA1_5,CAMTA1,0,-0.02938,0.1529
CAMTA1_6,CAMTA1,0,-0.01875,0.1481
CAMTA2_1,CAMTA2,0,-0.02844,0.222
CAMTA2_2,CAMTA2,0,-0.0284,0.2111
CAMTA2_3,CAMTA2,0,0.000127,0.2197
CAMTA2_4,CAMTA2,0,-0.02768,0.248
CAMTA2_5,CAMTA2,0,-0.008421,0.2368
CAMTA2_6,CAMTA2,0,-0.01408,0.1525
CAPN15_1,CAPN15,0,-0.007484,0.1934
CAPN15_2,CAPN15,0,-0.06183,0.4587
CAPN15_3,CAPN15,0,-0.03542,0.2256
CAPN15_4,CAPN15,0,0.003898,0.2084
CAPN15_5,CAPN15,0,-0.005606,0.1616
CAPN15_6,CAPN15,0,-0.02048,0.1497
CARF_1,CARF,0,-0.001833,0.1195
CARF_2,CARF,0,-0.01023,0.1644
CARF_3,CARF,0,-0.07045,0.4463
CARF_4,CARF,0,-0.2537,0.764
CARF_5,CARF,0,-0.0002824,0.1325
CARF_6,CARF,0,-0.006131,0.09881
CARHSP1_1,CARHSP1,0,0.001408,0.1311
CARHSP1_2,CARHSP1,0,0.004387,0.2115
CARHSP1_3,CARHSP1,0,-0.007996,0.0896
CARHSP1_4,CARHSP1,0,-0.01748,0.2856
CARHSP1_5,CARHSP1,0,-0.004798,0.1513
CARHSP1_6,CARHSP1,0,0.01335,0.1176
CASZ1_1,CASZ1,0,-0.01614,0.2688
CASZ1_2,CASZ1,0,0.001019,0.2249
CASZ1_3,CASZ1,0,-0.008552,0.2077
CASZ1_4,CASZ1,0,-0.006858,0.2077
CASZ1_5,CASZ1,0,0.004823,0.1875
CASZ1_6,CASZ1,0,-2.163e-05,0.123
CBFA2T2_1,CBFA2T2,0,0.0001058,0.2402
CBFA2T2_2,CBFA2T2,0,-0.0234,0.2682
CBFA2T2_3,CBFA2T2,0,-0.0378,0.5091
CBFA2T2_4,CBFA2T2,0,-0.001753,0.2784
CBFA2T2_5,CBFA2T2,0,-0.004483,0.1064
CBFA2T2_6,CBFA2T2,0,0.01003,0.1851
CBFA2T3_P1_1,CBFA2T3,0,-0.0243,0.2034
CBFA2T3_P1_2,CBFA2T3,0,0.0002358,0.1441
CBFA2T3_P1_3,CBFA2T3,0,-0.006256,0.1612
CBFA2T3_P1_4,CBFA2T3,0,-0.04621,0.3656
CBFA2T3_P1_5,CBFA2T3,0,-0.01051,0.1807
CBFA2T3_P1_6,CBFA2T3,0,-0.007666,0.1588
CBFA2T3_P2_1,CBFA2T3,0,-0.008271,0.1687
CBFA2T3_P2_2,CBFA2T3,0,-0.006889,0.1446
CBFA2T3_P2_3,CBFA2T3,0,-0.07012,0.3972
CBFA2T3_P2_4,CBFA2T3,0,-0.19,0.6056
CBFA2T3_P2_5,CBFA2T3,0,-0.004106,0.1344
CBFA2T3_P2_6,CBFA2T3,0,-0.005135,0.1172
CBFB_1,CBFB,0,-0.00145,0.1479
CBFB_2,CBFB,0,-0.009797,0.1534
CBFB_3,CBFB,0,-0.01715,0.1849
CBFB_4,CBFB,0,-0.06499,0.2539
CBFB_5,CBFB,0,-0.01217,0.1237
CBFB_6,CBFB,0,-0.01326,0.1623
CBL_1,CBL,0,-0.01431,0.1555
CBL_2,CBL,0,-0.01977,0.2896
CBL_3,CBL,0,-0.00158,0.1772
CBL_4,CBL,0,0.005488,0.1117
CBL_5,CBL,0,-0.0008593,0.1267
CBL_6,CBL,0,-0.002409,0.08918
CBX2_1,CBX2,0,-0.009304,0.1525
CBX2_2,CBX2,0,0.0005558,0.2752
CBX2_3,CBX2,0,0.002791,0.09811
CBX2_4,CBX2,0,-0.0007391,0.1741
CBX2_5,CBX2,0,-0.002386,0.2347
CBX2_6,CBX2,0,-0.01131,0.1117
CC2D1A_1,CC2D1A,0,-0.007839,0.1904
CC2D1A_2,CC2D1A,0,-0.01046,0.1976
CC2D1A_3,CC2D1A,0,-0.008788,0.2009
CC2D1A_4,CC2D1A,0,-0.01278,0.3231
CC2D1A_5,CC2D1A,0,0.00746,0.1773
CC2D1A_6,CC2D1A,0,0.008636,0.2229
CCDC169-SOHLH2_1,CCDC169-SOHLH2,1,-0.0126,0.1692
CCDC169-SOHLH2_2,CCDC169-SOHLH2,0,-0.03814,0.3439
CCDC169-SOHLH2_3,CCDC169-SOHLH2,1,-0.0278,0.2669
CCDC169-SOHLH2_4,CCDC169-SOHLH2,0,-0.02421,0.1724
CCDC169-SOHLH2_5,CCDC169-SOHLH2,0,-0.008896,0.1195
CCDC169-SOHLH2_6,CCDC169-SOHLH2,0,0.003858,0.2995
CCDC17_1,CCDC17,0,-0.032,0.3372
CCDC17_2,CCDC17,0,-0.0078,0.2199
CCDC17_3,CCDC17,0,-0.01653,0.2495
CCDC17_4,CCDC17,0,0.003827,0.2137
CCDC17_5,CCDC17,0,0.01061,0.1361
CCDC17_6,CCDC17,0,-0.002755,0.1876
CCDC79_1,CCDC79,0,-0.01329,0.2301
CCDC79_2,CCDC79,0,-0.003315,0.1042
CCDC79_3,CCDC79,0,-0.05084,0.4256
CCDC79_4,CCDC79,0,-0.005829,0.334
CCDC79_5,CCDC79,0,0.002206,0.174
CCDC79_6,CCDC79,0,0.01045,0.1009
CCNT2_1,CCNT2,0,0.004752,0.1788
CCNT2_2,CCNT2,0,0.0007364,0.2434
CCNT2_3,CCNT2,0,-0.003541,0.1512
CCNT2_4,CCNT2,0,-0.03832,0.2814
CCNT2_5,CCNT2,0,-0.01214,0.1188
CCNT2_6,CCNT2,0,0.0006518,0.141
CD151_strong,CD151,0,-0.0001025,0.04677
CD151_weak,CD151,0,-0.001767,0.02527
CD55_strong,CD55,0,-0.0001933,0.03262
CD81_strong,CD81,0,0.001147,0.02197
CD81_weak,CD81,0,-0.0008998,0.02372
CDC5L_1,CDC5L,0,-0.1988,0.9576
CDC5L_2,CDC5L,0,-0.00955,0.1719
CDC5L_3,CDC5L,0,-0.1009,0.4794
CDC5L_4,CDC5L,0,-0.1872,0.6386
CDC5L_5,CDC5L,0,-0.2114,0.7937
CDC5L_6,CDC5L,0,-0.007397,0.1834
CDCA7L_1,CDCA7L,1,-0.001061,0.2139
CDCA7L_2,CDCA7L,0,-0.08864,0.4357
CDCA7L_3,CDCA7L,1,-0.008881,0.2286
CDCA7L_4,CDCA7L,0,-0.03072,0.3625
CDCA7L_5,CDCA7L,0,0.00327,0.1405
CDCA7L_6,CDCA7L,0,-0.02223,0.2251
CDIP1_1,CDIP1,0,-0.2759,0.7888
CDIP1_2,CDIP1,0,-0.01056,0.1632
CDIP1_3,CDIP1,0,0.001962,0.2468
CDIP1_4,CDIP1,0,0.0009258,0.08262
CDIP1_5,CDIP1,0,-0.02332,0.155
CDIP1_6,CDIP1,0,-0.009587,0.1712
CDK1_1,CDK1,0,-0.004368,0.3024
CDK1_2,CDK1,0,-0.00294,0.2517
CDK1_3,CDK1,0,-0.04769,0.359
CDK1_4,CDK1,0,-0.0455,0.2473
CDK1_5,CDK1,0,-0.01196,0.169
CDK1_6,CDK1,0,-0.0134,0.2285
CDK2_1,CDK2,0,-0.1566,0.5849
CDK2_2,CDK2,0,-0.0156,0.281
CDK2_3,CDK2,0,-0.01071,0.2233
CDK2_4,CDK2,0,-0.2391,0.8417
CDK2_5,CDK2,0,-0.002397,0.1827
CDK2_6,CDK2,0,0.01872,0.1605
CDK7_1,CDK7,0,-0.006762,0.246
CDK7_2,CDK7,0,0.001173,0.17
CDK7_3,CDK7,0,-0.004516,0.1082
CDK7_5,CDK7,0,-0.01175,0.1035
CDK7_6,CDK7,0,-0.01061,0.2131
CDK9_1,CDK9,0,-0.03441,0.2626
CDK9_2,CDK9,0,-0.003459,0.1631
CDK9_3,CDK9,0,-0.05062,0.3198
CDK9_4,CDK9,0,0.002125,0.1781
CDK9_5,CDK9,0,0.004097,0.1189
CDK9_6,CDK9,0,-0.003878,0.07338
CDX1_1,CDX1,0,-0.02292,0.1621
CDX1_2,CDX1,0,-0.01092,0.1492
CDX1_3,CDX1,0,-0.006364,0.2085
CDX1_4,CDX1,0,-0.0336,0.2605
CDX1_5,CDX1,0,-0.01487,0.1936
CDX1_6,CDX1,0,-0.01635,0.1455
CDX2_1,CDX2,0,-0.01354,0.2308
CDX2_2,CDX2,0,0.01016,0.1748
CDX2_3,CDX2,0,-0.01071,0.18
CDX2_4,CDX2,0,0.003738,0.1258
CDX2_5,CDX2,0,-0.00185,0.1102
CDX2_6,CDX2,0,-0.001096,0.155
CDX4_1,CDX4,0,-0.01107,0.1472
CDX4_2,CDX4,0,-0.009706,0.1243
CDX4_3,CDX4,0,-0.02775,0.2815
CDX4_4,CDX4,0,-0.03753,0.3538
CDX4_5,CDX4,0,-0.01396,0.1699
CDX4_6,CDX4,0,-0.0155,0.1367
CEBPA_1,CEBPA,0,-0.2366,0.5591
CEBPA_2,CEBPA,0,-0.006759,0.1366
CEBPA_3,CEBPA,0,-0.03308,0.2284
CEBPA_4,CEBPA,0,-0.009305,0.1943
CEBPA_5,CEBPA,0,0.003079,0.146
CEBPA_6,CEBPA,0,-0.007948,0.192
CEBPB_1,CEBPB,0,-0.04708,0.2705
CEBPB_2,CEBPB,0,0.002846,0.121
CEBPB_3,CEBPB,0,-0.03361,0.2794
CEBPB_4,CEBPB,0,-0.02673,0.1507
CEBPB_5,CEBPB,0,-0.02,0.1147
CEBPB_6,CEBPB,0,-0.008328,0.1311
CEBPD_1,CEBPD,0,0.006571,0.1415
CEBPD_2,CEBPD,0,-0.01003,0.1707
CEBPD_3,CEBPD,0,-0.02305,0.2065
CEBPD_4,CEBPD,0,-0.02234,0.2971
CEBPD_5,CEBPD,0,-0.002917,0.1106
CEBPD_6,CEBPD,0,-0.01265,0.108
CEBPE_1,CEBPE,0,0.01553,0.4257
CEBPE_2,CEBPE,0,-0.02119,0.2215
CEBPE_3,CEBPE,0,-0.003953,0.1589
CEBPE_4,CEBPE,0,-0.004961,0.204
CEBPE_5,CEBPE,0,-0.0103,0.1414
CEBPE_6,CEBPE,0,-0.001065,0.1106
CEBPG_1,CEBPG,0,-0.2969,0.8524
CEBPG_2,CEBPG,0,-0.2171,0.9878
CEBPG_3,CEBPG,0,0.0002023,0.1353
CEBPG_4,CEBPG,0,-0.03363,0.5139
CEBPG_5,CEBPG,0,-0.01309,0.1532
CEBPG_6,CEBPG,0,0.0005772,0.09905
CEBPZ_1,CEBPZ,0,-0.01699,0.2833
CEBPZ_2,CEBPZ,0,-0.0084,0.1433
CEBPZ_3,CEBPZ,0,0.01286,0.2652
CEBPZ_4,CEBPZ,0,0.006463,0.08421
CEBPZ_5,CEBPZ,0,0.009932,0.1243
CEBPZ_6,CEBPZ,0,-0.005902,0.1312
CENPA_P1_1,CENPA,0,-0.07239,0.5267
CENPA_P1_2,CENPA,0,-0.05859,0.7452
CENPA_P1_4,CENPA,0,-0.2141,0.665
CENPA_P1_5,CENPA,0,-0.03301,0.2444
CENPA_P1_6,CENPA,0,-0.008105,0.1995
CENPA_P2_1,CENPA,0,-0.01454,0.1917
CENPA_P2_2,CENPA,0,-0.04407,0.3742
CENPA_P2_3,CENPA,0,-0.009497,0.1721
CENPA_P2_4,CENPA,0,-0.003274,0.1233
CENPA_P2_5,CENPA,0,0.005536,0.1509
CENPA_P2_6,CENPA,0,-0.01452,0.1649
CENPBD1_1,CENPBD1,0,-0.002525,0.1931
CENPBD1_2,CENPBD1,0,-0.01676,0.1897
CENPBD1_3,CENPBD1,0,-0.0003296,0.1586
CENPBD1_4,CENPBD1,0,0.006605,0.1735
CENPBD1_5,CENPBD1,0,-0.003422,0.155
CENPBD1_6,CENPBD1,0,-0.005625,0.1592
CENPB_1,CENPB,0,-0.03648,0.2319
CENPB_2,CENPB,0,-0.006799,0.1403
CENPB_3,CENPB,0,-0.02859,0.2366
CENPB_4,CENPB,0,-0.01145,0.1908
CENPB_5,CENPB,0,-0.01136,0.1836
CENPB_6,CENPB,0,0.01987,0.1812
CENPT_1,CENPT,0,-0.05312,0.3566
CENPT_2,CENPT,0,-0.009319,0.2662
CENPT_3,CENPT,0,-0.008403,0.1859
CENPT_4,CENPT,0,-0.009069,0.2225
CENPT_5,CENPT,0,-0.005429,0.1703
CENPT_6,CENPT,0,0.004824,0.1514
CGGBP1_P1_1,CGGBP1,0,0.001123,0.2077
CGGBP1_P1_2,CGGBP1,0,-0.006407,0.152
CGGBP1_P1_3,CGGBP1,0,-0.0183,0.1788
CGGBP1_P1_4,CGGBP1,0,0.0008055,0.1204
CGGBP1_P1_5,CGGBP1,0,0.003355,0.132
CGGBP1_P1_6,CGGBP1,0,-0.007184,0.06632
CGGBP1_P2_1,CGGBP1,0,0.01237,0.1873
CGGBP1_P2_2,CGGBP1,0,0.001806,0.1604
CGGBP1_P2_3,CGGBP1,0,-0.0157,0.2046
CGGBP1_P2_4,CGGBP1,0,0.0005134,0.08846
CGGBP1_P2_5,CGGBP1,0,0.008178,0.2248
CGGBP1_P2_6,CGGBP1,0,0.007012,0.09954
CHAMP1_1,CHAMP1,0,-0.09582,0.3903
CHAMP1_2,CHAMP1,0,-0.03141,0.2425
CHAMP1_3,CHAMP1,1,-0.01577,0.2864
CHAMP1_4,CHAMP1,0,-0.02057,0.2331
CHAMP1_5,CHAMP1,1,-0.0056,0.09964
CHAMP1_6,CHAMP1,0,-0.01054,0.1847
CHCHD3_1,CHCHD3,0,-0.07535,0.4401
CHCHD3_2,CHCHD3,0,-0.01661,0.1712
CHCHD3_3,CHCHD3,0,-0.002866,0.146
CHCHD3_4,CHCHD3,0,-0.0181,0.3334
CHCHD3_5,CHCHD3,0,0.008273,0.1285
CHCHD3_6,CHCHD3,0,-0.0004518,0.1987
CHD7_1,CHD7,0,-0.0181,0.2974
CHD7_2,CHD7,0,0.003831,0.189
CHD7_3,CHD7,0,-0.01849,0.1983
CHD7_4,CHD7,0,-0.01397,0.2629
CHD7_5,CHD7,0,0.0005378,0.08874
CHD7_6,CHD7,0,-0.003529,0.138
CHMP2A_4,CHMP2A,0,-0.0374,0.2781
CHMP2A_5,CHMP2A,0,0.004663,0.1352
CHMP2A_6,CHMP2A,0,-0.03347,0.2645
CIC_1,CIC,0,-0.009117,0.3561
CIC_2,CIC,0,-0.01462,0.2496
CIC_3,CIC,0,-0.005878,0.2387
CIC_4,CIC,0,-0.007118,0.1897
CIC_5,CIC,0,-0.01054,0.203
CIC_6,CIC,0,0.001299,0.1161
CIR1_1,CIR1,0,0.01185,0.2117
CIR1_2,CIR1,0,-0.02856,0.3656
CIR1_3,CIR1,0,-0.009631,0.2331
CIR1_4,CIR1,0,-0.01694,0.312
CIR1_5,CIR1,0,-0.002025,0.1223
CIR1_6,CIR1,0,-0.0185,0.177
CIZ1_1,CIZ1,0,0.005556,0.1509
CIZ1_2,CIZ1,0,-0.02479,0.3186
CIZ1_3,CIZ1,0,-0.03546,0.3812
CIZ1_4,CIZ1,0,-0.1792,0.6547
CIZ1_5,CIZ1,0,-0.01534,0.109
CIZ1_6,CIZ1,0,-0.005147,0.1675
CLOCK_1,CLOCK,0,-0.05121,0.3748
CLOCK_2,CLOCK,0,-0.01713,0.178
CLOCK_3,CLOCK,0,-0.01023,0.3107
CLOCK_4,CLOCK,0,-0.009292,0.1556
CLOCK_5,CLOCK,0,-0.001925,0.1149
CLOCK_6,CLOCK,0,-0.006948,0.09807
CNBP_1,CNBP,0,0.001197,0.08696
CNBP_2,CNBP,0,-0.00364,0.2467
CNBP_3,CNBP,0,0.001001,0.1197
CNBP_4,CNBP,0,-0.008999,0.1141
CNBP_5,CNBP,0,0.006046,0.1103
CNBP_6,CNBP,0,-0.01442,0.1296
CNOT7_1,CNOT7,0,0.002183,0.2084
CNOT7_2,CNOT7,0,-0.008543,0.1352
CNOT7_3,CNOT7,0,-0.02476,0.2609
CNOT7_4,CNOT7,0,-0.01269,0.3184
CNOT7_5,CNOT7,0,0.001148,0.1669
CNOT7_6,CNOT7,0,0.007467,0.1557
CNOT8_1,CNOT8,0,-0.0008706,0.1685
CNOT8_2,CNOT8,0,0.01348,0.202
CNOT8_3,CNOT8,0,-0.009462,0.2033
CNOT8_4,CNOT8,0,-0.01126,0.2359
CNOT8_5,CNOT8,0,-0.01337,0.2047
CNOT8_6,CNOT8,0,-0.005257,0.1383
COX20_2,COX20,0,-0.02283,0.2168
COX20_3,COX20,0,-0.009524,0.2589
COX20_4,COX20,0,-0.02101,0.2629
COX20_5,COX20,0,-0.004755,0.1656
COX20_6,COX20,0,0.002887,0.1451
CPEB1_P1_1,CPEB1,0,-0.003399,0.274
CPEB1_P1_2,CPEB1,0,-0.02208,0.2261
CPEB1_P1_3,CPEB1,0,-0.005741,0.1359
CPEB1_P1_4,CPEB1,0,-0.0092,0.199
CPEB1_P1_5,CPEB1,0,-0.00898,0.1554
CPEB1_P1_6,CPEB1,0,0.000291,0.05482
CPEB1_P2_1,CPEB1,0,-0.01356,0.2352
CPEB1_P2_2,CPEB1,0,-0.1432,0.5101
CPEB1_P2_3,CPEB1,0,-0.04835,0.3917
CPEB1_P2_4,CPEB1,0,0.005304,0.1514
CPEB1_P2_5,CPEB1,0,-0.008387,0.1084
CPEB1_P2_6,CPEB1,0,-0.007189,0.146
CPXCR1_1,CPXCR1,0,-0.03084,0.204
CPXCR1_2,CPXCR1,0,0.00108,0.148
CPXCR1_3,CPXCR1,0,-0.03528,0.4166
CPXCR1_4,CPXCR1,0,-0.0005105,0.122
CPXCR1_5,CPXCR1,0,-0.02471,0.1874
CPXCR1_6,CPXCR1,0,-0.006498,0.1023
CRAMP1L_P1_1,CRAMP1L,0,0.009908,0.217
CRAMP1L_P1_2,CRAMP1L,0,-0.005002,0.264
CRAMP1L_P1_3,CRAMP1L,0,-0.07953,0.4948
CRAMP1L_P1_4,CRAMP1L,0,-0.00982,0.2999
CRAMP1L_P1_5,CRAMP1L,0,-0.01412,0.2791
CRAMP1L_P1_6,CRAMP1L,0,0.01074,0.1549
CRAMP1L_P2_1,CRAMP1L,0,-0.01074,0.2342
CRAMP1L_P2_2,CRAMP1L,0,-0.008651,0.1896
CRAMP1L_P2_3,CRAMP1L,0,-0.01613,0.2425
CRAMP1L_P2_4,CRAMP1L,0,-0.02741,0.2817
CRAMP1L_P2_5,CRAMP1L,0,-0.005931,0.1433
CRAMP1L_P2_6,CRAMP1L,0,-0.006397,0.1419
CREB1_1,CREB1,0,-0.03945,0.3696
CREB1_2,CREB1,0,0.002345,0.1854
CREB1_3,CREB1,0,-0.003017,0.2137
CREB1_4,CREB1,0,-0.0365,0.3597
CREB1_5,CREB1,0,-0.01134,0.1263
CREB1_6,CREB1,0,-0.002914,0.1507
CREB3L1_1,CREB3L1,0,-0.01363,0.245
CREB3L1_2,CREB3L1,0,-0.01058,0.1887
CREB3L1_3,CREB3L1,0,-0.03326,0.2421
CREB3L1_4,CREB3L1,0,-0.0318,0.3168
CREB3L1_5,CREB3L1,0,-0.02657,0.1732
CREB3L1_6,CREB3L1,0,-0.006189,0.1534
CREB3L2_1,CREB3L2,0,-0.006159,0.1784
CREB3L2_2,CREB3L2,0,-0.009869,0.2444
CREB3L2_3,CREB3L2,0,-0.002393,0.1161
CREB3L2_4,CREB3L2,0,-0.1256,0.5891
CREB3L2_5,CREB3L2,0,-0.01455,0.08563
CREB3L2_6,CREB3L2,0,-0.01393,0.1398
CREB3L3_1,CREB3L3,0,-0.01866,0.2286
CREB3L3_2,CREB3L3,0,-0.008943,0.2414
CREB3L3_3,CREB3L3,0,-0.04825,0.32
CREB3L3_4,CREB3L3,0,-0.01446,0.1854
CREB3L3_5,CREB3L3,0,-0.006549,0.1943
CREB3L3_6,CREB3L3,0,-0.02054,0.2669
CREB3L4_1,CREB3L4,0,-0.02647,0.2576
CREB3L4_2,CREB3L4,0,-0.006161,0.1603
CREB3L4_3,CREB3L4,0,0.002671,0.09553
CREB3L4_4,CREB3L4,0,-0.01195,0.1776
CREB3L4_5,CREB3L4,0,0.005039,0.1241
CREB3L4_6,CREB3L4,0,-0.005281,0.1371
CREB3_1,CREB3,0,-0.006939,0.1212
CREB3_2,CREB3,0,-0.004912,0.1395
CREB3_3,CREB3,0,-0.02352,0.1941
CREB3_4,CREB3,0,0.01326,0.1782
CREB3_5,CREB3,0,-0.007258,0.1062
CREB3_6,CREB3,0,-0.007469,0.1508
CREB5_P1_1,CREB5,0,-0.02272,0.1481
CREB5_P1_2,CREB5,0,0.01164,0.1776
CREB5_P1_3,CREB5,0,0.006114,0.1434
CREB5_P1_4,CREB5,1,-0.02975,0.2284
CREB5_P1_5,CREB5,0,-0.003539,0.1414
CREB5_P1_6,CREB5,0,0.001745,0.1064
CREB5_P2_1,CREB5,1,-0.1167,0.4724
CREB5_P2_2,CREB5,0,-0.02876,0.2005
CREB5_P2_3,CREB5,0,-0.01585,0.1651
CREB5_P2_4,CREB5,0,-0.006683,0.2712
CREB5_P2_5,CREB5,0,0.007224,0.1525
CREB5_P2_6,CREB5,0,-0.009181,0.1376
CREBBP_2,CREBBP,0,-0.0226,0.2243
CREBBP_3,CREBBP,0,0.004138,0.1476
CREBBP_4,CREBBP,0,-0.1846,0.644
CREBBP_5,CREBBP,0,-0.03281,0.1811
CREBBP_6,CREBBP,0,-0.00746,0.1708
CREBL2_1,CREBL2,0,-0.01002,0.1654
CREBL2_2,CREBL2,0,-0.001017,0.1124
CREBL2_3,CREBL2,0,-0.005516,0.2446
CREBL2_5,CREBL2,0,-0.007119,0.1502
CREBL2_6,CREBL2,0,-0.01189,0.1808
CREBRF_P1_1,CREBRF,0,-0.003292,0.1136
CREBRF_P1_2,CREBRF,0,-0.02579,0.2946
CREBRF_P1_3,CREBRF,0,-0.008828,0.2312
CREBRF_P1_4,CREBRF,0,-0.004595,0.1935
CREBRF_P1_5,CREBRF,0,-0.004168,0.1256
CREBRF_P1_6,CREBRF,0,-0.008807,0.08999
CREBRF_P2_1,CREBRF,0,-0.009259,0.1362
CREBRF_P2_2,CREBRF,0,0.004932,0.183
CREBRF_P2_3,CREBRF,0,-0.04036,0.25
CREBRF_P2_4,CREBRF,0,0.007361,0.1742
CREBRF_P2_5,CREBRF,0,-0.0008257,0.1272
CREBRF_P2_6,CREBRF,0,-0.003784,0.1157
CREBZF_1,CREBZF,0,0.001282,0.1209
CREBZF_2,CREBZF,0,-0.01137,0.1245
CREBZF_3,CREBZF,0,-0.01914,0.2247
CREBZF_4,CREBZF,0,-0.04284,0.4106
CREBZF_5,CREBZF,0,0.005645,0.09798
CREBZF_6,CREBZF,0,-0.001462,0.1193
CREM_1,CREM,0,-0.004781,0.2027
CREM_2,CREM,0,-0.02438,0.1364
CREM_3,CREM,0,-0.02407,0.2879
CREM_4,CREM,0,-0.02078,0.2157
CREM_5,CREM,0,-0.02665,0.2246
CREM_6,CREM,0,-0.005202,0.1563
CRTC1_1,CRTC1,0,-0.001042,0.2021
CRTC1_2,CRTC1,0,-0.007437,0.2071
CRTC1_3,CRTC1,0,-0.04358,0.3734
CRTC1_4,CRTC1,0,-0.007067,0.2477
CRTC1_5,CRTC1,0,0.003047,0.1359
CRTC1_6,CRTC1,0,-0.0009476,0.1199
CRTC2_1,CRTC2,0,-0.0233,0.2427
CRTC2_2,CRTC2,0,-0.01035,0.1676
CRTC2_3,CRTC2,0,0.005909,0.1781
CRTC2_4,CRTC2,0,-0.02305,0.3133
CRTC2_5,CRTC2,0,-0.01164,0.12
CRTC2_6,CRTC2,0,-0.003793,0.1014
CRTC3_1,CRTC3,0,-0.03085,0.2201
CRTC3_2,CRTC3,0,-0.004136,0.1842
CRTC3_3,CRTC3,0,-0.03575,0.2322
CRTC3_4,CRTC3,0,-0.03454,0.3491
CRTC3_5,CRTC3,0,-0.01147,0.2025
CRTC3_6,CRTC3,0,-0.005854,0.1532
CRX_1,CRX,0,0.0157,0.145
CRX_2,CRX,0,-0.00817,0.2152
CRX_3,CRX,0,-0.00423,0.1155
CRX_4,CRX,0,-0.02784,0.3058
CRX_5,CRX,0,-0.006223,0.08263
CRX_6,CRX,0,-0.0151,0.2098
CSNK2A1_1,CSNK2A1,1,-0.01058,0.2025
CSNK2A1_2,CSNK2A1,0,-0.06257,0.3656
CSNK2A1_3,CSNK2A1,0,-0.07443,0.5639
CSNK2A1_4,CSNK2A1,1,-0.003913,0.1942
CSNK2A1_5,CSNK2A1,0,-0.01244,0.1707
CSNK2A1_6,CSNK2A1,0,-0.01407,0.1167
CSRNP1_1,CSRNP1,0,-0.002462,0.1469
CSRNP1_2,CSRNP1,0,0.004449,0.1366
CSRNP1_3,CSRNP1,0,-0.106,0.456
CSRNP1_4,CSRNP1,0,-0.0192,0.2635
CSRNP1_5,CSRNP1,0,-0.01316,0.1185
CSRNP1_6,CSRNP1,0,0.006949,0.1219
CSRNP2_1,CSRNP2,0,-0.0006339,0.25
CSRNP2_2,CSRNP2,0,-0.05019,0.254
CSRNP2_3,CSRNP2,0,-0.014,0.2034
CSRNP2_4,CSRNP2,0,-0.005919,0.15
CSRNP2_5,CSRNP2,0,-0.02078,0.1195
CSRNP2_6,CSRNP2,0,-0.01292,0.1391
CSRNP3_P1_1,CSRNP3,0,0.000179,0.2556
CSRNP3_P1_2,CSRNP3,0,-0.00562,0.1782
CSRNP3_P1_3,CSRNP3,0,-0.01083,0.1623
CSRNP3_P1_4,CSRNP3,0,-0.1192,0.5305
CSRNP3_P1_5,CSRNP3,0,-0.02232,0.216
CSRNP3_P1_6,CSRNP3,0,-0.03115,0.2276
CSRNP3_P2_1,CSRNP3,0,0.01276,0.1554
CSRNP3_P2_2,CSRNP3,0,-0.007911,0.1619
CSRNP3_P2_3,CSRNP3,0,-0.007267,0.08894
CSRNP3_P2_4,CSRNP3,0,-0.007894,0.229
CSRNP3_P2_5,CSRNP3,0,0.002215,0.1024
CSRNP3_P2_6,CSRNP3,0,-0.02022,0.235
CTBP1_1,CTBP1,0,-0.01002,0.1904
CTBP1_2,CTBP1,0,0.01536,0.169
CTBP1_3,CTBP1,0,-0.1953,0.8087
CTBP1_4,CTBP1,0,0.00657,0.2551
CTBP1_5,CTBP1,0,0.001952,0.1025
CTBP1_6,CTBP1,0,0.002668,0.1367
CTBP2_1,CTBP2,0,-0.01041,0.1334
CTBP2_2,CTBP2,0,-0.0268,0.1943
CTBP2_3,CTBP2,0,-0.0278,0.2347
CTBP2_4,CTBP2,0,-0.00619,0.2787
CTBP2_5,CTBP2,0,0.003262,0.1257
CTBP2_6,CTBP2,0,0.003668,0.1364
CTCFL_1,CTCFL,0,-0.01327,0.2796
CTCFL_2,CTCFL,0,-0.01093,0.208
CTCFL_3,CTCFL,0,-0.005985,0.1978
CTCFL_4,CTCFL,0,0.01778,0.197
CTCFL_5,CTCFL,0,-0.003588,0.1735
CTCFL_6,CTCFL,0,0.002275,0.1384
CTCF_2,CTCF,0,-0.01217,0.2189
CTCF_3,CTCF,0,-0.01594,0.2582
CTCF_4,CTCF,0,-0.01676,0.1705
CTCF_5,CTCF,0,-0.006944,0.1108
CTCF_6,CTCF,0,-0.003573,0.2158
CTNNB1_1,CTNNB1,0,-0.02537,0.1982
CTNNB1_2,CTNNB1,0,-0.009348,0.2184
CTNNB1_3,CTNNB1,0,-0.005304,0.1662
CTNNB1_4,CTNNB1,0,-0.005551,0.1521
CTNNB1_5,CTNNB1,0,0.002125,0.088
CTNNB1_6,CTNNB1,0,-0.01479,0.1459
CUX1_1,CUX1,0,-0.004014,0.1968
CUX1_2,CUX1,0,-0.01443,0.1333
CUX1_3,CUX1,0,0.007079,0.2718
CUX1_4,CUX1,0,-0.005409,0.1291
CUX1_5,CUX1,0,-0.004839,0.1186
CUX1_6,CUX1,0,-0.001752,0.1133
CUX2_1,CUX2,0,-0.00522,0.1181
CUX2_2,CUX2,0,-0.04007,0.3708
CUX2_3,CUX2,0,-0.0128,0.1802
CUX2_4,CUX2,0,-0.002848,0.1465
CUX2_5,CUX2,0,-0.005464,0.1264
CUX2_6,CUX2,0,-0.0171,0.2117
CXXC1_1,CXXC1,0,-0.01607,0.3964
CXXC1_2,CXXC1,0,-0.00349,0.1999
CXXC1_3,CXXC1,0,-0.02178,0.1754
CXXC1_4,CXXC1,0,-0.004566,0.4516
CXXC1_5,CXXC1,0,-0.0007735,0.1392
CXXC1_6,CXXC1,0,-0.01056,0.1722
CXXC4_1,CXXC4,0,-0.01136,0.1451
CXXC4_2,CXXC4,0,0.001088,0.1809
CXXC4_3,CXXC4,0,-0.01348,0.1927
CXXC4_4,CXXC4,0,-0.01847,0.1877
CXXC4_5,CXXC4,0,-0.04749,0.2338
CXXC4_6,CXXC4,0,-0.001269,0.1104
CXXC5_1,CXXC5,0,0.002239,0.1252
CXXC5_2,CXXC5,0,-0.005389,0.1669
CXXC5_3,CXXC5,0,-0.02561,0.3056
CXXC5_4,CXXC5,0,-0.05121,0.3336
CXXC5_5,CXXC5,0,-0.01821,0.1708
CXXC5_6,CXXC5,0,0.004481,0.09528
DACH1_1,DACH1,0,0.006885,0.1603
DACH1_2,DACH1,0,-0.02012,0.1495
DACH1_3,DACH1,0,-0.03206,0.1686
DACH1_4,DACH1,0,-0.002699,0.1578
DACH1_5,DACH1,0,-0.005089,0.112
DACH1_6,DACH1,0,-0.01073,0.1188
DACH2_1,DACH2,0,-0.003181,0.1476
DACH2_2,DACH2,0,-0.03635,0.2696
DACH2_3,DACH2,0,-0.04658,0.5821
DACH2_4,DACH2,0,-0.01696,0.3997
DACH2_5,DACH2,0,-0.01416,0.1923
DACH2_6,DACH2,0,-0.01661,0.1595
DAXX_P1_1,DAXX,0,-0.0171,0.2184
DAXX_P1_2,DAXX,0,-0.01411,0.1022
DAXX_P1_3,DAXX,0,-0.01044,0.2659
DAXX_P1_4,DAXX,0,-0.009243,0.2085
DAXX_P1_5,DAXX,0,-0.007355,0.2378
DAXX_P1_6,DAXX,0,-0.00608,0.1813
DAXX_P2_1,DAXX,1,-0.009498,0.156
DAXX_P2_2,DAXX,0,-0.01228,0.287
DAXX_P2_3,DAXX,1,-0.01125,0.1261
DAXX_P2_4,DAXX,0,-0.03841,0.2842
DAXX_P2_5,DAXX,0,-0.004208,0.1138
DAXX_P2_6,DAXX,0,-0.009015,0.09599
DBP_1,DBP,0,-0.01042,0.1297
DBP_2,DBP,0,0.004387,0.2205
DBP_3,DBP,0,-0.01005,0.1662
DBP_4,DBP,0,0.005435,0.2868
DBP_5,DBP,0,-0.004378,0.08078
DBP_6,DBP,0,-0.005105,0.1531
DBX1_1,DBX1,0,-0.01757,0.1927
DBX1_2,DBX1,0,-0.003099,0.1604
DBX1_3,DBX1,0,-0.001608,0.1405
DBX1_4,DBX1,0,-0.02473,0.2589
DBX1_5,DBX1,0,-0.007426,0.1792
DBX1_6,DBX1,0,-0.04351,0.3476
DBX2_1,DBX2,0,-0.008887,0.2024
DBX2_2,DBX2,0,-0.008868,0.2502
DBX2_3,DBX2,0,-0.02166,0.2389
DBX2_4,DBX2,0,-0.17,0.5786
DBX2_5,DBX2,0,-0.006185,0.1795
DBX2_6,DBX2,0,-0.008563,0.2818
DCP1A_1,DCP1A,0,0.006343,0.1734
DCP1A_2,DCP1A,0,-0.005191,0.1489
DCP1A_3,DCP1A,0,-0.02209,0.2357
DCP1A_4,DCP1A,0,-0.05036,0.3541
DCP1A_5,DCP1A,0,0.003333,0.1361
DCP1A_6,DCP1A,0,0.00783,0.1882
DDB1_P1_1,DDB1,0,-0.01785,0.1838
DDB1_P1_2,DDB1,0,-0.04137,0.3968
DDB1_P1_3,DDB1,0,-0.01003,0.1315
DDB1_P1_4,DDB1,0,-0.005921,0.1919
DDB1_P1_5,DDB1,0,-0.008418,0.0821
DDB1_P1_6,DDB1,0,-0.01837,0.148
DDB1_P2_1,DDB1,0,-0.01724,0.2434
DDB1_P2_3,DDB1,0,-0.009287,0.1493
DDB1_P2_4,DDB1,1,-0.04342,0.2991
DDB1_P2_5,DDB1,0,-0.006211,0.1732
DDB1_P2_6,DDB1,1,-0.00222,0.07026
DDB2_1,DDB2,0,-0.02214,0.2185
DDB2_2,DDB2,0,-0.01398,0.1643
DDB2_3,DDB2,0,-0.006923,0.2658
DDB2_4,DDB2,0,-0.003911,0.1396
DDB2_5,DDB2,0,-0.006212,0.108
DDB2_6,DDB2,0,0.009153,0.1487
DDIT3_1,DDIT3,0,-0.0178,0.2269
DDIT3_2,DDIT3,0,-0.005711,0.1291
DDIT3_3,DDIT3,0,-0.008173,0.1341
DDIT3_4,DDIT3,0,-0.002588,0.1251
DDIT3_5,DDIT3,0,-0.008339,0.1029
DDIT3_6,DDIT3,0,-0.009044,0.1173
DEAF1_1,DEAF1,0,-0.002148,0.1587
DEAF1_2,DEAF1,0,-0.05559,0.3066
DEAF1_3,DEAF1,0,-0.01892,0.251
DEAF1_4,DEAF1,0,-0.01044,0.1152
DEAF1_5,DEAF1,0,-0.01203,0.1583
DEAF1_6,DEAF1,0,-0.01761,0.189
DEK_1,DEK,0,-0.007755,0.1719
DEK_2,DEK,0,-0.0358,0.28
DEK_3,DEK,0,-0.01935,0.285
DEK_4,DEK,0,0.01217,0.2605
DEK_5,DEK,0,-0.007043,0.1287
DEK_6,DEK,0,-0.006064,0.1358
DENND4A_1,DENND4A,0,0.007881,0.1539
DENND4A_2,DENND4A,0,0.0004454,0.131
DENND4A_3,DENND4A,0,-0.03432,0.379
DENND4A_4,DENND4A,0,-0.00724,0.1133
DENND4A_5,DENND4A,0,-0.007018,0.118
DENND4A_6,DENND4A,0,-0.01012,0.1281
DHX9_1,DHX9,0,-0.007385,0.2365
DHX9_2,DHX9,0,-0.0104,0.1174
DHX9_3,DHX9,0,-0.03917,0.3065
DHX9_4,DHX9,0,0.003539,0.1856
DHX9_5,DHX9,0,-0.005384,0.08876
DHX9_6,DHX9,0,0.00232,0.1095
DLX1_1,DLX1,0,0.007138,0.205
DLX1_2,DLX1,0,0.003331,0.1573
DLX1_3,DLX1,0,-0.02288,0.1886
DLX1_4,DLX1,0,-0.01884,0.241
DLX1_5,DLX1,0,-0.02097,0.1917
DLX1_6,DLX1,0,-0.006986,0.1032
DLX2_1,DLX2,0,-0.00982,0.2087
DLX2_2,DLX2,0,-0.002304,0.1339
DLX2_3,DLX2,0,0.0002741,0.2183
DLX2_4,DLX2,0,0.002387,0.2239
DLX2_5,DLX2,0,0.007306,0.1562
DLX2_6,DLX2,0,0.003696,0.09233
DLX3_1,DLX3,0,-0.01066,0.1306
DLX3_2,DLX3,0,-0.01041,0.1562
DLX3_3,DLX3,0,-0.01182,0.2032
DLX3_4,DLX3,0,-0.006621,0.1864
DLX3_5,DLX3,0,-0.00441,0.1242
DLX3_6,DLX3,0,-0.004658,0.1102
DLX4_1,DLX4,0,0.003403,0.1922
DLX4_2,DLX4,0,-0.0119,0.175
DLX4_3,DLX4,0,-0.007613,0.1906
DLX4_4,DLX4,0,-0.01622,0.203
DLX4_5,DLX4,0,-0.01004,0.116
DLX4_6,DLX4,0,-0.01136,0.1597
DLX5_1,DLX5,0,-0.01866,0.1828
DLX5_2,DLX5,0,-0.006895,0.1394
DLX5_3,DLX5,0,0.001128,0.1539
DLX5_5,DLX5,0,0.003759,0.2276
DLX5_6,DLX5,0,-0.01093,0.168
DLX6_1,DLX6,0,-0.009528,0.1313
DLX6_2,DLX6,0,0.01115,0.1486
DLX6_3,DLX6,0,-0.021,0.4036
DLX6_4,DLX6,0,-0.0002212,0.1368
DLX6_5,DLX6,0,-0.005423,0.1794
DLX6_6,DLX6,0,-0.009121,0.1102
DMAP1_1,DMAP1,0,-0.2183,0.8316
DMAP1_2,DMAP1,0,-0.008773,0.322
DMAP1_3,DMAP1,0,-0.1088,0.4689
DMAP1_4,DMAP1,0,-0.1515,0.683
DMAP1_5,DMAP1,0,-0.006324,0.1472
DMAP1_6,DMAP1,0,-0.004891,0.216
DMBX1_1,DMBX1,0,-0.06254,0.3976
DMBX1_2,DMBX1,0,-0.02003,0.1861
DMBX1_3,DMBX1,0,-0.003034,0.174
DMBX1_4,DMBX1,0,0.003345,0.2346
DMBX1_5,DMBX1,0,-0.006939,0.1668
DMBX1_6,DMBX1,0,-0.0008693,0.09417
DMRT1_1,DMRT1,0,-0.01385,0.2388
DMRT1_2,DMRT1,0,-0.03027,0.2761
DMRT1_3,DMRT1,0,-0.007609,0.1821
DMRT1_4,DMRT1,0,-0.0225,0.2894
DMRT1_5,DMRT1,0,0.0001573,0.1244
DMRT1_6,DMRT1,0,-0.009369,0.1155
DMRT2_1,DMRT2,0,-0.005486,0.214
DMRT2_2,DMRT2,0,-0.002746,0.1539
DMRT2_3,DMRT2,0,-0.01877,0.2283
DMRT2_4,DMRT2,0,-5.009e-05,0.09367
DMRT2_5,DMRT2,0,-0.00843,0.3337
DMRT2_6,DMRT2,0,-0.003666,0.1349
DMRT3_1,DMRT3,0,-0.02374,0.3217
DMRT3_2,DMRT3,0,0.005281,0.1224
DMRT3_3,DMRT3,0,-0.02357,0.213
DMRT3_4,DMRT3,0,-0.005884,0.1504
DMRT3_5,DMRT3,0,0.004579,0.09107
DMRT3_6,DMRT3,0,-0.003919,0.1595
DMRTA1_1,DMRTA1,0,-0.007174,0.1854
DMRTA1_2,DMRTA1,0,-0.009343,0.1567
DMRTA1_3,DMRTA1,0,-0.005491,0.3675
DMRTA1_4,DMRTA1,0,-0.05448,0.3823
DMRTA1_5,DMRTA1,0,0.001637,0.1079
DMRTA1_6,DMRTA1,0,0.003193,0.08851
DMRTA2_1,DMRTA2,0,-0.02462,0.2316
DMRTA2_2,DMRTA2,0,-0.0135,0.1624
DMRTA2_3,DMRTA2,0,0.001083,0.3758
DMRTA2_4,DMRTA2,0,-0.1351,0.5548
DMRTA2_5,DMRTA2,0,-0.01239,0.1206
DMRTA2_6,DMRTA2,0,-0.005408,0.1736
DMRTB1_1,DMRTB1,0,-0.0001565,0.1981
DMRTB1_2,DMRTB1,0,0.007377,0.1163
DMRTB1_3,DMRTB1,0,0.00738,0.2004
DMRTB1_4,DMRTB1,0,-0.01293,0.1827
DMRTB1_5,DMRTB1,0,-0.003317,0.1297
DMRTB1_6,DMRTB1,0,0.008621,0.09625
DMRTC1_1,DMRTC1,0,0.002967,0.09334
DMRTC1_2,DMRTC1,0,-0.001648,0.1551
DMRTC1_3,DMRTC1,0,-0.01267,0.1545
DMRTC1_4,DMRTC1,0,0.0004871,0.141
DMRTC1_5,DMRTC1,0,0.0001262,0.05993
DMRTC1_6,DMRTC1,0,-0.01462,0.1428
DMRTC2_1,DMRTC2,0,-0.0232,0.2566
DMRTC2_2,DMRTC2,0,-0.002678,0.102
DMRTC2_3,DMRTC2,0,-0.0265,0.2563
DMRTC2_4,DMRTC2,0,0.008652,0.1479
DMRTC2_5,DMRTC2,0,-0.004096,0.1128
DMRTC2_6,DMRTC2,0,0.0003905,0.1194
DMTF1_1,DMTF1,0,-0.01654,0.1885
DMTF1_2,DMTF1,0,-0.01334,0.2984
DMTF1_3,DMTF1,0,-0.003762,0.1235
DMTF1_4,DMTF1,0,0.02121,0.2905
DMTF1_5,DMTF1,0,0.008516,0.09991
DMTF1_6,DMTF1,0,-0.01734,0.1576
DNAJC19_B,DNAJC19,0,0.0007112,0.03795
DNAJC19_C,DNAJC19,0,-0.03233,0.2816
DNAJC19_main,DNAJC19,0,-0.001814,0.02302
DNAJC1_1,DNAJC1,0,-0.01136,0.2618
DNAJC1_2,DNAJC1,0,-0.001249,0.1495
DNAJC1_3,DNAJC1,0,-0.0269,0.3711
DNAJC1_4,DNAJC1,0,-0.02307,0.2244
DNAJC1_5,DNAJC1,0,-0.01027,0.1477
DNAJC1_6,DNAJC1,0,-0.01886,0.1961
DNAJC21_1,DNAJC21,0,-0.06196,0.4525
DNAJC21_2,DNAJC21,0,-0.01681,0.1716
DNAJC21_3,DNAJC21,0,-0.003716,0.3104
DNAJC21_4,DNAJC21,0,-0.02389,0.298
DNAJC21_5,DNAJC21,0,-0.002682,0.1142
DNAJC21_6,DNAJC21,0,-0.01649,0.2483
DNAJC2_1,DNAJC2,0,-0.001537,0.241
DNAJC2_2,DNAJC2,0,-0.004253,0.204
DNAJC2_3,DNAJC2,0,0.009792,0.157
DNAJC2_4,DNAJC2,0,-0.009569,0.198
DNAJC2_5,DNAJC2,1,-0.01332,0.1014
DNAJC2_6,DNAJC2,1,-0.01453,0.1381
DNMT1_1,DNMT1,1,-0.07162,0.2991
DNMT1_2,DNMT1,1,-0.08048,0.3367
DNMT1_3,DNMT1,1,-0.04011,0.2034
DNMT1_4,DNMT1,0,-0.01488,0.1796
DNMT1_5,DNMT1,1,-0.01096,0.1421
DNMT1_6,DNMT1,0,-0.003206,0.133
DNTTIP1_1,DNTTIP1,0,0.001927,0.1406
DNTTIP1_2,DNTTIP1,0,-0.0238,0.2265
DNTTIP1_3,DNTTIP1,0,-0.0184,0.3084
DNTTIP1_4,DNTTIP1,0,-0.02126,0.2144
DNTTIP1_5,DNTTIP1,0,0.0004075,0.07627
DNTTIP1_6,DNTTIP1,0,-0.02621,0.1888
DOT1L_1,DOT1L,0,-0.01378,0.1425
DOT1L_2,DOT1L,0,-0.01017,0.1562
DOT1L_3,DOT1L,0,-0.004147,0.1801
DOT1L_4,DOT1L,0,-0.01851,0.2824
DOT1L_5,DOT1L,0,-0.005664,0.09349
DOT1L_6,DOT1L,0,-0.0008277,0.08493
DPF1_P1_1,DPF1,0,-0.003646,0.1559
DPF1_P1_2,DPF1,0,-0.01266,0.1804
DPF1_P1_3,DPF1,0,-0.002942,0.1442
DPF1_P1_4,DPF1,0,-0.02387,0.2908
DPF1_P1_5,DPF1,0,-0.02119,0.2431
DPF1_P1_6,DPF1,0,-0.01129,0.1449
DPF1_P2_1,DPF1,0,-0.01024,0.1931
DPF1_P2_2,DPF1,0,-0.01009,0.1893
DPF1_P2_3,DPF1,0,-0.0103,0.1742
DPF1_P2_4,DPF1,0,-0.02026,0.3047
DPF1_P2_5,DPF1,0,-0.005753,0.1172
DPF1_P2_6,DPF1,0,-0.01027,0.1199
DPF2_P1_1,DPF2,0,-0.03563,0.2219
DPF2_P1_2,DPF2,0,-0.01472,0.2338
DPF2_P1_3,DPF2,0,0.0005888,0.2608
DPF2_P1_4,DPF2,0,-0.03776,0.4372
DPF2_P1_5,DPF2,0,-0.014,0.1521
DPF2_P1_6,DPF2,0,-0.00798,0.2409
DPF2_P2_1,DPF2,0,-0.009264,0.1612
DPF2_P2_2,DPF2,0,-0.01577,0.1435
DPF2_P2_3,DPF2,0,-0.01573,0.3455
DPF2_P2_4,DPF2,0,-0.01114,0.1688
DPF2_P2_5,DPF2,0,-0.004383,0.1286
DPF2_P2_6,DPF2,0,0.001407,0.1508
DPF3_1,DPF3,0,-0.03877,0.2281
DPF3_2,DPF3,0,0.005326,0.1528
DPF3_3,DPF3,0,-0.003181,0.2059
DPF3_4,DPF3,0,-0.03498,0.3196
DPF3_5,DPF3,0,-0.006697,0.1583
DPF3_6,DPF3,0,-0.01042,0.07363
DPRX_1,DPRX,0,-0.01948,0.2952
DPRX_2,DPRX,0,-0.01859,0.2083
DPRX_3,DPRX,0,-0.002659,0.2249
DPRX_4,DPRX,0,-0.02117,0.3422
DPRX_5,DPRX,0,-0.006019,0.1202
DPRX_6,DPRX,0,-0.003965,0.1638
DR1_1,DR1,0,0.002178,0.1693
DR1_2,DR1,1,0.003492,0.1704
DR1_3,DR1,0,-0.008922,0.1951
DR1_4,DR1,1,-0.000476,0.1726
DR1_5,DR1,1,0.006135,0.07386
DR1_6,DR1,1,-0.002302,0.06976
DRAP1_1,DRAP1,0,-0.001707,0.1367
DRAP1_2,DRAP1,0,-0.006952,0.1377
DRAP1_3,DRAP1,0,-0.07088,0.4511
DRAP1_4,DRAP1,0,0.002191,0.1453
DRAP1_5,DRAP1,0,-0.00987,0.1013
DRAP1_6,DRAP1,0,-0.0183,0.2178
DRGX_1,DRGX,0,-0.02256,0.2201
DRGX_2,DRGX,0,-0.04683,0.3015
DRGX_3,DRGX,0,-0.02136,0.3431
DRGX_4,DRGX,0,-0.00585,0.1901
DRGX_5,DRGX,0,-0.007842,0.2076
DRGX_6,DRGX,0,-0.001091,0.1288
DUXA_1,DUXA,0,-0.01377,0.1824
DUXA_2,DUXA,0,0.001972,0.1238
DUXA_3,DUXA,0,-0.03282,0.2304
DUXA_4,DUXA,0,-0.006368,0.1692
DUXA_5,DUXA,0,-0.0151,0.1575
DUXA_6,DUXA,0,-0.005129,0.1166
DZIP1_1,DZIP1,0,-0.01815,0.2444
DZIP1_2,DZIP1,0,-0.01861,0.1986
DZIP1_3,DZIP1,0,-0.02474,0.164
DZIP1_4,DZIP1,0,-0.01102,0.1632
DZIP1_5,DZIP1,0,-0.0006857,0.08186
DZIP1_6,DZIP1,0,-0.007332,0.09628
E2F1_1,E2F1,0,-0.03434,0.3184
E2F1_2,E2F1,0,-0.08264,0.3442
E2F1_3,E2F1,0,0.007568,0.3526
E2F1_4,E2F1,0,-0.007262,0.2252
E2F1_5,E2F1,0,0.008706,0.2727
E2F1_6,E2F1,0,2.923e-07,0.1261
E2F2_1,E2F2,0,-0.005901,0.129
E2F2_2,E2F2,0,-0.001469,0.1389
E2F2_3,E2F2,0,-0.01597,0.1824
E2F2_4,E2F2,0,0.001752,0.1761
E2F2_5,E2F2,0,-0.0116,0.1513
E2F2_6,E2F2,0,-0.02619,0.2105
E2F3_P1_1,E2F3,0,-0.0248,0.313
E2F3_P1_2,E2F3,0,-0.05422,0.3341
E2F3_P1_3,E2F3,0,-0.03701,0.4751
E2F3_P1_4,E2F3,0,-0.01132,0.2163
E2F3_P1_5,E2F3,0,0.0003788,0.1245
E2F3_P1_6,E2F3,0,-0.001466,0.2191
E2F3_P2_1,E2F3,0,-0.05359,0.2215
E2F3_P2_2,E2F3,0,-0.004103,0.07619
E2F3_P2_3,E2F3,0,-0.001279,0.3481
E2F3_P2_4,E2F3,0,-0.03179,0.4328
E2F3_P2_5,E2F3,0,-0.002242,0.09788
E2F3_P2_6,E2F3,0,-0.02023,0.1722
E2F4_1,E2F4,0,0.007292,0.131
E2F4_2,E2F4,0,-0.03628,0.4002
E2F4_3,E2F4,0,-0.1183,0.4788
E2F4_4,E2F4,0,-0.02139,0.2199
E2F4_5,E2F4,0,0.008673,0.1409
E2F4_6,E2F4,0,-0.006624,0.1282
E2F5_1,E2F5,0,-0.03993,0.2797
E2F5_2,E2F5,0,-0.0258,0.4068
E2F5_3,E2F5,0,-0.005314,0.0978
E2F5_4,E2F5,0,-0.008605,0.1047
E2F5_5,E2F5,0,-0.01543,0.1748
E2F5_6,E2F5,0,-0.002967,0.1553
E2F6_1,E2F6,1,0.0003042,0.09072
E2F6_2,E2F6,1,-0.006214,0.162
E2F6_3,E2F6,0,-0.006443,0.1869
E2F6_4,E2F6,0,-0.00226,0.1772
E2F6_5,E2F6,0,-0.02168,0.1509
E2F6_6,E2F6,0,-0.01461,0.1498
E2F7_1,E2F7,0,-0.03506,0.2109
E2F7_2,E2F7,0,0.009559,0.1397
E2F7_3,E2F7,0,-0.02463,0.2908
E2F7_4,E2F7,0,-0.06398,0.425
E2F7_5,E2F7,0,-0.009572,0.1899
E2F7_6,E2F7,0,-0.006004,0.2269
E2F8_1,E2F8,0,-0.01531,0.2015
E2F8_2,E2F8,0,-0.004975,0.1526
E2F8_3,E2F8,0,-0.005187,0.3323
E2F8_4,E2F8,0,0.006838,0.1724
E2F8_5,E2F8,0,0.002195,0.09145
E2F8_6,E2F8,0,0.00397,0.0882
E4F1_1,E4F1,0,-0.06323,0.3051
E4F1_2,E4F1,0,-0.0382,0.4488
E4F1_3,E4F1,0,-0.02556,0.3547
E4F1_4,E4F1,0,-0.02403,0.2942
E4F1_5,E4F1,0,-0.005006,0.113
E4F1_6,E4F1,0,-0.0004564,0.1127
EBF1_1,EBF1,0,-0.006933,0.1645
EBF1_2,EBF1,0,-0.02623,0.2413
EBF1_3,EBF1,0,-0.008511,0.1782
EBF1_4,EBF1,0,0.009527,0.1918
EBF1_5,EBF1,0,-0.01462,0.1091
EBF1_6,EBF1,0,-0.006791,0.169
EBF2_1,EBF2,0,-0.01997,0.229
EBF2_2,EBF2,0,0.003776,0.179
EBF2_3,EBF2,0,0.0006889,0.1483
EBF2_4,EBF2,0,-0.03667,0.2294
EBF2_5,EBF2,0,0.005131,0.1861
EBF2_6,EBF2,0,-0.005268,0.1438
EBF3_1,EBF3,0,0.008524,0.16
EBF3_2,EBF3,0,-0.02129,0.2644
EBF3_3,EBF3,0,-0.005259,0.1657
EBF3_4,EBF3,0,0.006048,0.2028
EBF3_5,EBF3,0,-0.0005737,0.1549
EBF3_6,EBF3,0,-0.001172,0.09787
EBF4_1,EBF4,0,-0.001445,0.1427
EBF4_2,EBF4,0,-0.02434,0.2378
EBF4_3,EBF4,0,-0.03334,0.3994
EBF4_4,EBF4,0,-0.08123,0.4264
EBF4_5,EBF4,0,-0.02826,0.1577
EBF4_6,EBF4,0,0.002252,0.1343
EEA1_1,EEA1,0,-0.005745,0.2811
EEA1_2,EEA1,0,-0.006415,0.2977
EEA1_3,EEA1,0,0.007374,0.1611
EEA1_4,EEA1,0,-0.0005336,0.126
EEA1_5,EEA1,0,0.008466,0.1215
EEA1_6,EEA1,0,-0.004851,0.1143
EGR1_P1_1,EGR1,0,-0.0007278,0.09357
EGR1_P1_2,EGR1,0,-0.01946,0.2054
EGR1_P1_3,EGR1,0,-0.02318,0.1992
EGR1_P1_4,EGR1,0,-0.0005067,0.1969
EGR1_P1_5,EGR1,0,-0.01104,0.1336
EGR1_P1_6,EGR1,0,-0.01011,0.138
EGR1_P2_1,EGR1,0,-0.003587,0.167
EGR1_P2_2,EGR1,0,0.006537,0.1682
EGR1_P2_3,EGR1,0,-0.008252,0.09055
EGR1_P2_4,EGR1,0,0.01424,0.3151
EGR1_P2_5,EGR1,0,-0.007176,0.1019
EGR1_P2_6,EGR1,0,-0.01069,0.1478
EGR2_1,EGR2,0,0.006961,0.2463
EGR2_2,EGR2,0,-1.603e-05,0.231
EGR2_3,EGR2,0,0.004623,0.1491
EGR2_4,EGR2,0,-0.01982,0.2411
EGR2_5,EGR2,0,-0.003175,0.1072
EGR2_6,EGR2,0,-0.008703,0.3361
EGR3_1,EGR3,0,-0.005153,0.1568
EGR3_2,EGR3,0,-0.007119,0.1819
EGR3_3,EGR3,0,-0.01675,0.2779
EGR3_4,EGR3,0,-0.01633,0.2506
EGR3_5,EGR3,0,0.004637,0.1254
EGR3_6,EGR3,0,-0.006323,0.13
EGR4_2,EGR4,0,-0.006493,0.1276
EGR4_3,EGR4,0,-0.0008961,0.1546
EGR4_4,EGR4,0,-0.03238,0.2436
EGR4_5,EGR4,0,-0.00334,0.1193
EGR4_6,EGR4,0,-0.003407,0.09894
EHF_1,EHF,0,-0.01513,0.239
EHF_2,EHF,0,-0.03729,0.3781
EHF_3,EHF,0,-0.001187,0.1461
EHF_4,EHF,0,-0.002575,0.1948
EHF_5,EHF,0,-0.004796,0.1478
EHF_6,EHF,0,-0.01455,0.2197
ELF1_1,ELF1,0,-0.001594,0.09908
ELF1_2,ELF1,0,-0.005213,0.2016
ELF1_3,ELF1,0,-0.008845,0.2148
ELF1_4,ELF1,0,-0.01375,0.1571
ELF1_5,ELF1,0,-0.008016,0.1407
ELF1_6,ELF1,0,0.0002543,0.2242
ELF2_1,ELF2,0,-0.008718,0.1712
ELF2_2,ELF2,0,0.002839,0.2147
ELF2_3,ELF2,0,-0.00739,0.2551
ELF2_4,ELF2,0,-0.01944,0.3393
ELF2_5,ELF2,0,-0.01222,0.1344
ELF2_6,ELF2,0,-0.002185,0.2025
ELF3_1,ELF3,0,0.005346,0.1946
ELF3_2,ELF3,0,0.0125,0.1444
ELF3_3,ELF3,0,0.0005878,0.2043
ELF3_4,ELF3,0,-0.002992,0.2852
ELF3_5,ELF3,0,-0.004582,0.09556
ELF3_6,ELF3,0,-0.002943,0.1268
ELF4_1,ELF4,0,0.005813,0.3189
ELF4_2,ELF4,0,-0.003029,0.1081
ELF4_3,ELF4,0,0.0006036,0.3067
ELF4_4,ELF4,0,-0.05942,0.3368
ELF4_5,ELF4,0,-0.004145,0.1667
ELF4_6,ELF4,0,0.001115,0.1618
ELF5_1,ELF5,0,-0.0002077,0.09296
ELF5_2,ELF5,0,-0.001847,0.1683
ELF5_3,ELF5,0,-0.01629,0.1346
ELF5_4,ELF5,0,-0.006132,0.1576
ELF5_5,ELF5,0,-0.008628,0.1271
ELF5_6,ELF5,0,0.005657,0.1199
ELK1_1,ELK1,0,-0.007391,0.2094
ELK1_2,ELK1,0,-0.002844,0.2341
ELK1_3,ELK1,0,-0.02706,0.1869
ELK1_4,ELK1,0,-0.02516,0.2426
ELK1_5,ELK1,0,0.006857,0.1924
ELK1_6,ELK1,0,-0.002718,0.1237
ELK3_1,ELK3,0,0.003504,0.2163
ELK3_2,ELK3,0,-0.01074,0.1756
ELK3_3,ELK3,0,-0.01438,0.1969
ELK3_4,ELK3,0,0.004926,0.2438
ELK3_5,ELK3,0,-0.01495,0.1982
ELK3_6,ELK3,0,-0.01081,0.1226
ELK4_1,ELK4,0,-0.01232,0.4224
ELK4_2,ELK4,0,-0.004243,0.124
ELK4_3,ELK4,0,-0.005256,0.1561
ELK4_4,ELK4,0,-0.008684,0.2134
ELK4_5,ELK4,0,-0.02329,0.1299
ELK4_6,ELK4,0,-0.009937,0.1219
ELMSAN1_P1_1,ELMSAN1,0,0.0001174,0.1113
ELMSAN1_P1_2,ELMSAN1,0,-0.0006781,0.235
ELMSAN1_P1_3,ELMSAN1,0,-0.01534,0.2543
ELMSAN1_P1_4,ELMSAN1,0,-0.0004782,0.1989
ELMSAN1_P1_5,ELMSAN1,0,-0.001773,0.1353
ELMSAN1_P1_6,ELMSAN1,0,-0.007444,0.1702
ELMSAN1_P2_1,ELMSAN1,0,-0.01844,0.1046
ELMSAN1_P2_2,ELMSAN1,0,-0.05542,0.2981
ELMSAN1_P2_3,ELMSAN1,0,0.001025,0.285
ELMSAN1_P2_4,ELMSAN1,0,-0.04756,0.2058
ELMSAN1_P2_5,ELMSAN1,0,-0.003522,0.1593
ELMSAN1_P2_6,ELMSAN1,0,-0.004966,0.1276
ELP3_1,ELP3,0,-0.08073,0.504
ELP3_2,ELP3,0,-0.03479,0.2976
ELP3_3,ELP3,0,0.01549,0.2765
ELP3_4,ELP3,0,-0.307,0.7076
ELP3_5,ELP3,0,-0.01584,0.1798
ELP3_6,ELP3,0,-0.08009,0.4115
EMX1_P1_1,EMX1,0,-0.01323,0.1892
EMX1_P1_2,EMX1,0,-0.02189,0.2854
EMX1_P1_3,EMX1,0,-0.01469,0.1605
EMX1_P1_4,EMX1,0,-0.01065,0.1558
EMX1_P1_5,EMX1,0,0.00107,0.1265
EMX1_P1_6,EMX1,0,-0.008974,0.1154
EMX1_P2_1,EMX1,0,-0.02755,0.3452
EMX1_P2_2,EMX1,0,-0.00577,0.1787
EMX1_P2_3,EMX1,0,-0.003202,0.1783
EMX1_P2_4,EMX1,0,0.001289,0.09952
EMX1_P2_5,EMX1,0,-0.003625,0.07999
EMX1_P2_6,EMX1,0,0.01026,0.1076
EMX2_1,EMX2,0,-0.01816,0.2544
EMX2_2,EMX2,0,-0.007424,0.2585
EMX2_3,EMX2,0,-0.05992,0.2909
EMX2_4,EMX2,0,0.001239,0.1757
EMX2_5,EMX2,0,0.002938,0.07101
EMX2_6,EMX2,0,-0.003121,0.1288
EN1_1,EN1,0,-0.01155,0.1688
EN1_2,EN1,0,-0.04869,0.402
EN1_3,EN1,0,-0.003961,0.1996
EN1_4,EN1,0,-0.01942,0.2774
EN1_5,EN1,0,-0.006134,0.1501
EN1_6,EN1,0,-0.01304,0.1259
EN2_1,EN2,0,-0.0183,0.2366
EN2_2,EN2,0,-0.01214,0.1835
EN2_3,EN2,0,-0.002983,0.1964
EN2_4,EN2,0,-0.004718,0.1418
EN2_5,EN2,0,-0.01021,0.1253
EN2_6,EN2,0,-0.01095,0.2795
ENO1_1,ENO1,0,-0.2794,0.6562
ENO1_2,ENO1,0,-0.0287,0.1898
ENO1_3,ENO1,0,-0.01142,0.1378
ENO1_5,ENO1,0,-0.02055,0.15
ENO1_6,ENO1,0,-0.03425,0.2186
EOMES_1,EOMES,0,-0.008565,0.2052
EOMES_2,EOMES,0,-0.04931,0.2815
EOMES_3,EOMES,0,0.001419,0.1807
EOMES_4,EOMES,0,-0.03301,0.298
EOMES_5,EOMES,0,-0.01435,0.1173
EOMES_6,EOMES,0,-0.002314,0.08437
EP300_1,EP300,0,-0.01462,0.1909
EP300_2,EP300,1,0.01046,0.2074
EP300_3,EP300,0,-0.00241,0.2226
EP300_4,EP300,0,-0.04516,0.2267
EP300_5,EP300,1,0.008105,0.131
EP300_6,EP300,1,-0.001743,0.1391
EP400_1,EP400,0,-0.04031,0.3939
EP400_2,EP400,0,-0.001818,0.225
EP400_3,EP400,0,-0.02165,0.2603
EP400_4,EP400,0,-0.0934,0.4667
EP400_5,EP400,0,-0.00201,0.1143
EP400_6,EP400,0,0.006306,0.1988
EPAS1_1,EPAS1,0,-0.00715,0.1984
EPAS1_2,EPAS1,0,-0.04791,0.2571
EPAS1_3,EPAS1,0,-0.03605,0.2161
EPAS1_4,EPAS1,0,-0.06597,0.5057
EPAS1_5,EPAS1,0,-0.005334,0.1187
EPAS1_6,EPAS1,0,0.0002412,0.165
ERCC2_1,ERCC2,0,-0.1522,0.715
ERCC2_2,ERCC2,0,-0.1112,0.6921
ERCC2_3,ERCC2,0,0.0009394,0.1344
ERCC2_4,ERCC2,0,-0.1111,0.5434
ERCC2_5,ERCC2,0,-0.007272,0.09234
ERCC2_6,ERCC2,0,-0.006507,0.1181
ERCC3_1,ERCC3,0,-0.1162,0.5335
ERCC3_2,ERCC3,0,-0.02896,0.3441
ERCC3_3,ERCC3,0,-0.002815,0.2372
ERCC3_4,ERCC3,0,-0.008518,0.2639
ERCC3_5,ERCC3,0,-0.02059,0.2105
ERCC3_6,ERCC3,0,-0.01044,0.1122
ERCC6_1,ERCC6,0,-0.008741,0.1413
ERCC6_2,ERCC6,0,-0.009794,0.201
ERCC6_3,ERCC6,0,-0.04308,0.3543
ERCC6_4,ERCC6,0,-0.01311,0.1853
ERCC6_5,ERCC6,0,-0.002428,0.1126
ERCC6_6,ERCC6,0,-0.01244,0.1687
ERCC8_1,ERCC8,0,-0.03386,0.2603
ERCC8_2,ERCC8,0,-0.01987,0.1603
ERCC8_3,ERCC8,0,-0.01132,0.1961
ERCC8_5,ERCC8,0,-0.003133,0.1125
ERCC8_6,ERCC8,0,0.001406,0.1498
ERF_1,ERF,0,-0.01207,0.1899
ERF_2,ERF,0,-0.03526,0.2989
ERF_3,ERF,0,-0.01843,0.1551
ERF_4,ERF,0,-0.009282,0.2074
ERF_5,ERF,0,-0.007194,0.1055
ERF_6,ERF,0,0.01218,0.2444
ERG_P1_1,ERG,0,-0.02402,0.2513
ERG_P1_2,ERG,0,0.002261,0.1772
ERG_P1_3,ERG,0,-0.03448,0.2832
ERG_P1_4,ERG,0,-0.002978,0.2474
ERG_P1_5,ERG,0,-0.008147,0.1437
ERG_P1_6,ERG,0,-0.01617,0.1434
ERG_P2_1,ERG,0,-0.01066,0.1348
ERG_P2_2,ERG,0,-0.0201,0.2325
ERG_P2_3,ERG,0,-0.006508,0.172
ERG_P2_4,ERG,0,-0.01007,0.1534
ERG_P2_5,ERG,0,-0.001487,0.05204
ERG_P2_6,ERG,0,-0.0004641,0.06791
ESR1_P1_1,ESR1,0,-0.03716,0.3131
ESR1_P1_2,ESR1,0,0.006146,0.1895
ESR1_P1_3,ESR1,0,-0.007504,0.1094
ESR1_P1_4,ESR1,0,-0.02198,0.1862
ESR1_P1_5,ESR1,0,0.0006631,0.1081
ESR1_P1_6,ESR1,0,-0.01589,0.1094
ESR1_P2_1,ESR1,0,-0.1396,0.4311
ESR1_P2_2,ESR1,0,-0.002732,0.3114
ESR1_P2_3,ESR1,0,-0.09578,0.5111
ESR1_P2_4,ESR1,0,-0.0006953,0.1653
ESR1_P2_5,ESR1,0,-0.01571,0.2154
ESR1_P2_6,ESR1,0,-0.02061,0.1975
ESR2_1,ESR2,0,-0.01368,0.1974
ESR2_2,ESR2,0,0.009696,0.2569
ESR2_3,ESR2,0,-0.03342,0.2219
ESR2_4,ESR2,0,-0.007019,0.1823
ESR2_5,ESR2,0,-0.01064,0.1239
ESR2_6,ESR2,0,-0.01439,0.1897
ESRRA_1,ESRRA,0,-0.04191,0.252
ESRRA_2,ESRRA,0,-0.01087,0.3187
ESRRA_3,ESRRA,0,0.01373,0.2
ESRRA_4,ESRRA,0,-0.008564,0.1865
ESRRA_5,ESRRA,0,-0.000865,0.121
ESRRA_6,ESRRA,0,-0.01811,0.2102
ESRRB_1,ESRRB,0,-0.002495,0.08542
ESRRB_2,ESRRB,0,-0.00943,0.171
ESRRB_3,ESRRB,0,-0.02766,0.2285
ESRRB_4,ESRRB,0,-0.003982,0.2186
ESRRB_5,ESRRB,0,0.002659,0.1362
ESRRB_6,ESRRB,0,-0.008991,0.1413
ESRRG_P1_1,ESRRG,0,-0.02245,0.1449
ESRRG_P1_2,ESRRG,0,-0.03195,0.1664
ESRRG_P1_3,ESRRG,0,-0.0333,0.3574
ESRRG_P1_4,ESRRG,0,0.001488,0.09699
ESRRG_P1_5,ESRRG,0,-0.01096,0.1676
ESRRG_P1_6,ESRRG,1,-0.01087,0.1281
ESRRG_P2_1,ESRRG,0,-0.02549,0.1838
ESRRG_P2_2,ESRRG,0,-0.03697,0.2806
ESRRG_P2_3,ESRRG,0,-0.01046,0.164
ESRRG_P2_4,ESRRG,0,-0.006994,0.2528
ESRRG_P2_5,ESRRG,0,-0.009078,0.131
ESRRG_P2_6,ESRRG,0,0.0001182,0.1979
ESRRG_P3_1,ESRRG,0,-0.004639,0.1474
ESRRG_P3_2,ESRRG,0,-0.003237,0.1517
ESRRG_P3_3,ESRRG,0,-0.01236,0.09563
ESRRG_P3_4,ESRRG,0,-0.01573,0.1744
ESRRG_P3_5,ESRRG,0,-0.00699,0.1391
ESRRG_P3_6,ESRRG,0,0.01221,0.1566
ESRRG_P4_1,ESRRG,0,0.01041,0.1907
ESRRG_P4_2,ESRRG,0,-0.01171,0.13
ESRRG_P4_3,ESRRG,0,0.01223,0.1631
ESRRG_P4_4,ESRRG,0,-0.006827,0.1409
ESRRG_P4_5,ESRRG,0,-0.0008939,0.09142
ESRRG_P4_6,ESRRG,0,-0.0004582,0.1092
ESRRG_P5_1,ESRRG,0,0.003567,0.2257
ESRRG_P5_2,ESRRG,0,-0.0171,0.2337
ESRRG_P5_3,ESRRG,0,-0.001622,0.09617
ESRRG_P5_4,ESRRG,0,0.003189,0.1232
ESRRG_P5_5,ESRRG,1,-0.005682,0.1623
ESRRG_P5_6,ESRRG,0,-0.007821,0.1756
ESX1_1,ESX1,0,-0.01835,0.172
ESX1_2,ESX1,0,-0.01559,0.1698
ESX1_3,ESX1,0,-0.03272,0.2367
ESX1_4,ESX1,0,-0.02753,0.3275
ESX1_5,ESX1,0,-0.01274,0.1727
ESX1_6,ESX1,0,0.00267,0.1216
ETF1_1,ETF1,0,-0.009189,0.2012
ETF1_2,ETF1,0,-0.04441,0.4174
ETF1_3,ETF1,0,-0.01102,0.2371
ETF1_4,ETF1,0,-0.01127,0.2112
ETF1_5,ETF1,0,-0.02071,0.2003
ETF1_6,ETF1,0,-0.0188,0.1682
ETS1_1,ETS1,0,-0.01571,0.1958
ETS1_2,ETS1,0,-0.05235,0.4759
ETS1_3,ETS1,0,-0.008434,0.09878
ETS1_4,ETS1,0,-0.006559,0.2744
ETS1_5,ETS1,0,0.0006412,0.2125
ETS1_6,ETS1,0,-0.0007724,0.1199
ETS2_1,ETS2,0,-0.03797,0.4277
ETS2_2,ETS2,0,0.002611,0.1643
ETS2_3,ETS2,0,0.002067,0.1629
ETS2_4,ETS2,0,-0.0489,0.356
ETS2_5,ETS2,0,0.007073,0.1208
ETS2_6,ETS2,0,-0.02921,0.2669
ETV1_1,ETV1,0,-0.002459,0.1666
ETV1_2,ETV1,0,-0.02368,0.1839
ETV1_3,ETV1,0,-0.02389,0.1556
ETV1_4,ETV1,0,-0.001144,0.2865
ETV1_5,ETV1,0,0.007639,0.1036
ETV1_6,ETV1,0,-0.008144,0.1295
ETV2_1,ETV2,0,-0.01324,0.2471
ETV2_2,ETV2,0,-0.01418,0.2719
ETV2_3,ETV2,0,-0.02723,0.2097
ETV2_4,ETV2,0,-0.007008,0.1254
ETV2_5,ETV2,0,-0.009419,0.09085
ETV2_6,ETV2,0,-0.0004597,0.08743
ETV3L_1,ETV3L,0,-0.007743,0.1272
ETV3L_2,ETV3L,0,-0.01585,0.2282
ETV3L_3,ETV3L,0,-0.002626,0.1262
ETV3L_4,ETV3L,0,-0.01637,0.1954
ETV3L_5,ETV3L,0,0.00458,0.1248
ETV3L_6,ETV3L,0,-0.01647,0.2212
ETV3_1,ETV3,0,0.009181,0.1501
ETV3_2,ETV3,0,-0.03575,0.2366
ETV3_3,ETV3,0,-0.005858,0.2533
ETV3_4,ETV3,0,-0.001024,0.1167
ETV3_5,ETV3,0,-0.01275,0.1599
ETV3_6,ETV3,0,-0.006624,0.2158
ETV4_1,ETV4,0,-0.03145,0.3084
ETV4_2,ETV4,0,-0.01453,0.1146
ETV4_3,ETV4,0,0.000618,0.2985
ETV4_4,ETV4,0,-0.005696,0.1672
ETV4_5,ETV4,0,0.003517,0.08346
ETV4_6,ETV4,0,-0.007301,0.2472
ETV5_1,ETV5,0,-0.008007,0.1823
ETV5_2,ETV5,0,-0.009805,0.1308
ETV5_3,ETV5,0,-0.01321,0.1298
ETV5_4,ETV5,0,-0.0194,0.2098
ETV5_5,ETV5,0,-0.005673,0.1011
ETV5_6,ETV5,0,-0.001468,0.1957
ETV6_1,ETV6,0,-0.01577,0.2236
ETV6_2,ETV6,0,-0.02083,0.3021
ETV6_3,ETV6,0,0.008296,0.2821
ETV6_4,ETV6,0,-0.03802,0.4168
ETV6_5,ETV6,0,-0.01494,0.1433
ETV6_6,ETV6,0,-0.003163,0.1036
ETV7_1,ETV7,0,-0.0002259,0.1038
ETV7_2,ETV7,0,0.01155,0.2428
ETV7_3,ETV7,0,-0.0105,0.2082
ETV7_4,ETV7,0,-0.01706,0.2501
ETV7_5,ETV7,0,-0.01222,0.1706
ETV7_6,ETV7,0,-0.005098,0.155
EVX1_1,EVX1,0,-0.009825,0.2648
EVX1_2,EVX1,0,-0.02508,0.1784
EVX1_3,EVX1,0,0.01048,0.2993
EVX1_4,EVX1,0,-0.02599,0.2715
EVX1_5,EVX1,0,-0.001521,0.1172
EVX1_6,EVX1,0,-0.007316,0.131
EVX2_1,EVX2,0,0.001467,0.2142
EVX2_2,EVX2,0,-0.003278,0.1429
EVX2_3,EVX2,0,-0.02393,0.2732
EVX2_4,EVX2,0,-0.06385,0.3537
EVX2_5,EVX2,0,-0.000988,0.08716
EVX2_6,EVX2,0,-0.006334,0.2215
EWSR1_1,EWSR1,0,0.01774,0.2101
EWSR1_2,EWSR1,0,0.008195,0.1277
EWSR1_3,EWSR1,0,-0.03073,0.1934
EWSR1_4,EWSR1,0,-0.04224,0.3912
EWSR1_5,EWSR1,0,-0.0003884,0.2271
EWSR1_6,EWSR1,0,-0.01978,0.2369
EZH1_1,EZH1,0,-0.01209,0.1459
EZH1_2,EZH1,0,-0.02508,0.2011
EZH1_3,EZH1,0,-0.01297,0.2283
EZH1_4,EZH1,0,0.0007409,0.1333
EZH1_5,EZH1,0,-0.007237,0.1281
EZH1_6,EZH1,0,-0.007878,0.2647
EZH2_1,EZH2,0,-0.01749,0.2061
EZH2_2,EZH2,0,-0.0118,0.1312
EZH2_3,EZH2,0,-0.02425,0.3365
EZH2_4,EZH2,0,-0.01475,0.2515
EZH2_5,EZH2,0,0.003009,0.07997
EZH2_6,EZH2,0,-0.003389,0.1223
FAM170A_1,FAM170A,0,-0.01198,0.1312
FAM170A_2,FAM170A,0,-0.007194,0.1165
FAM170A_3,FAM170A,0,0.002118,0.1664
FAM170A_4,FAM170A,0,0.008899,0.1291
FAM170A_5,FAM170A,0,-0.001316,0.183
FAM170A_6,FAM170A,0,-0.01204,0.09563
FAM200B_1,FAM200B,0,0.007183,0.1513
FAM200B_2,FAM200B,0,-0.02713,0.2074
FAM200B_3,FAM200B,0,-0.01467,0.2522
FAM200B_4,FAM200B,0,-0.001873,0.1414
FAM200B_5,FAM200B,0,-0.02115,0.1693
FAM200B_6,FAM200B,0,-0.01025,0.1732
FBXL19_1,FBXL19,0,-0.02244,0.346
FBXL19_2,FBXL19,0,-0.0005001,0.1947
FBXL19_3,FBXL19,0,-0.01,0.1684
FBXL19_4,FBXL19,0,-0.03155,0.3474
FBXL19_5,FBXL19,0,-0.0004614,0.1204
FBXL19_6,FBXL19,0,-0.0006178,0.127
FBXO16_1,FBXO16,0,-0.005736,0.1016
FBXO16_2,FBXO16,0,0.003634,0.1341
FBXO16_3,FBXO16,0,-0.00619,0.1589
FBXO16_4,FBXO16,0,-0.003166,0.1844
FBXO16_5,FBXO16,0,-0.0004338,0.2445
FBXO16_6,FBXO16,0,-0.03907,0.284
FERD3L_1,FERD3L,0,-0.007853,0.1429
FERD3L_2,FERD3L,0,-0.01041,0.2243
FERD3L_3,FERD3L,0,-0.03115,0.2763
FERD3L_4,FERD3L,0,-0.02488,0.1928
FERD3L_5,FERD3L,0,-0.0356,0.2434
FERD3L_6,FERD3L,0,-0.00557,0.05168
FEV_1,FEV,0,-0.008265,0.2229
FEV_2,FEV,0,-0.01977,0.2189
FEV_3,FEV,0,-0.005359,0.2141
FEV_4,FEV,0,-0.0292,0.2484
FEV_5,FEV,0,-0.03513,0.1781
FEV_6,FEV,0,-0.01295,0.2278
FEZF1_1,FEZF1,0,-0.003505,0.1843
FEZF1_2,FEZF1,0,-0.006372,0.2364
FEZF1_3,FEZF1,0,-0.02648,0.1437
FEZF1_4,FEZF1,0,0.000963,0.1341
FEZF1_5,FEZF1,0,-0.009241,0.146
FEZF1_6,FEZF1,0,0.008263,0.1166
FEZF2_1,FEZF2,0,0.01121,0.1864
FEZF2_2,FEZF2,0,-0.002905,0.1279
FEZF2_3,FEZF2,0,-0.03796,0.2914
FEZF2_4,FEZF2,0,-0.02707,0.2357
FEZF2_5,FEZF2,0,-0.004808,0.09695
FEZF2_6,FEZF2,0,-0.0009152,0.103
FGF3_1,FGF3,0,-0.03299,0.2399
FGF3_2,FGF3,0,-0.00885,0.1279
FGF3_3,FGF3,0,-0.01088,0.2142
FGF3_4,FGF3,0,0.002662,0.08201
FGF3_5,FGF3,0,-0.008248,0.1935
FGF3_6,FGF3,0,-0.006257,0.1038
FIGLA_1,FIGLA,0,-0.01155,0.1573
FIGLA_2,FIGLA,0,-0.01594,0.1701
FIGLA_3,FIGLA,0,-0.009875,0.3311
FIGLA_4,FIGLA,0,0.01432,0.2817
FIGLA_5,FIGLA,0,-0.008321,0.2789
FIGLA_6,FIGLA,0,-0.02707,0.2421
FIZ1_1,FIZ1,0,-0.01009,0.1334
FIZ1_2,FIZ1,0,-0.001072,0.2067
FIZ1_3,FIZ1,0,-0.07245,0.5393
FIZ1_4,FIZ1,0,0.00332,0.2364
FIZ1_5,FIZ1,0,-0.02389,0.2078
FIZ1_6,FIZ1,0,0.003073,0.1519
FLI1_1,FLI1,0,-0.0322,0.2039
FLI1_2,FLI1,0,-0.003185,0.1127
FLI1_3,FLI1,0,-0.007254,0.1221
FLI1_4,FLI1,0,-0.004736,0.3198
FLI1_5,FLI1,0,-0.0005357,0.08091
FLI1_6,FLI1,0,0.002828,0.06011
FLYWCH1_1,FLYWCH1,0,-0.02867,0.2626
FLYWCH1_2,FLYWCH1,0,-0.03695,0.2386
FLYWCH1_3,FLYWCH1,0,0.00328,0.08021
FLYWCH1_4,FLYWCH1,0,-0.1779,0.5009
FLYWCH1_5,FLYWCH1,0,-0.002962,0.1043
FLYWCH1_6,FLYWCH1,0,-0.004967,0.1006
FOSB_P1_1,FOSB,0,-0.02516,0.2257
FOSB_P1_2,FOSB,0,-0.03043,0.1762
FOSB_P1_3,FOSB,0,-0.07134,0.3469
FOSB_P1_4,FOSB,0,-0.01493,0.2838
FOSB_P1_5,FOSB,0,-0.01133,0.1424
FOSB_P1_6,FOSB,0,-0.0002856,0.1347
FOSB_P2_1,FOSB,0,-0.01862,0.1565
FOSB_P2_2,FOSB,0,0.001516,0.1687
FOSB_P2_3,FOSB,0,-0.001936,0.3341
FOSB_P2_4,FOSB,0,-0.01402,0.2211
FOSB_P2_5,FOSB,0,-0.0129,0.1447
FOSB_P2_6,FOSB,0,-0.004995,0.1169
FOSL1_1,FOSL1,0,-0.01533,0.1684
FOSL1_2,FOSL1,0,-0.009405,0.252
FOSL1_3,FOSL1,0,-0.0179,0.3617
FOSL1_4,FOSL1,0,-0.007456,0.1973
FOSL1_5,FOSL1,0,-0.00304,0.09388
FOSL1_6,FOSL1,0,0.004187,0.1496
FOSL2_1,FOSL2,0,-0.006143,0.1105
FOSL2_2,FOSL2,0,-0.04172,0.2775
FOSL2_3,FOSL2,0,-0.01523,0.3262
FOSL2_4,FOSL2,0,-0.005523,0.1689
FOSL2_5,FOSL2,0,-0.005113,0.1131
FOSL2_6,FOSL2,0,-0.0003277,0.08116
FOS_P1_1,FOS,0,0.003474,0.1956
FOS_P1_2,FOS,0,-0.02642,0.336
FOS_P1_3,FOS,0,-0.01839,0.2079
FOS_P1_4,FOS,0,-0.0199,0.2921
FOS_P1_5,FOS,0,-0.02488,0.2281
FOS_P1_6,FOS,0,-0.007433,0.1993
FOS_P2_1,FOS,0,0.009964,0.2184
FOS_P2_2,FOS,0,0.01029,0.1622
FOS_P2_3,FOS,0,-0.01396,0.2799
FOS_P2_4,FOS,0,-0.02858,0.221
FOS_P2_5,FOS,0,-0.01263,0.117
FOS_P2_6,FOS,0,-0.02963,0.2645
FOXA1_1,FOXA1,0,-0.02827,0.2196
FOXA1_2,FOXA1,0,0.00173,0.1126
FOXA1_3,FOXA1,0,-0.02651,0.3312
FOXA1_4,FOXA1,0,-0.03124,0.2945
FOXA1_5,FOXA1,0,-0.003309,0.1021
FOXA1_6,FOXA1,0,-0.03278,0.1754
FOXA2_1,FOXA2,0,-0.0138,0.2318
FOXA2_2,FOXA2,0,0.004388,0.2164
FOXA2_3,FOXA2,0,0.002679,0.1703
FOXA2_4,FOXA2,0,-0.02246,0.2741
FOXA2_5,FOXA2,0,-0.01521,0.16
FOXA2_6,FOXA2,0,-0.01398,0.1648
FOXA3_1,FOXA3,0,-0.004241,0.1651
FOXA3_2,FOXA3,0,-0.01961,0.3354
FOXA3_3,FOXA3,0,-0.2789,0.7736
FOXA3_4,FOXA3,0,-0.0236,0.277
FOXA3_5,FOXA3,0,-0.01147,0.1547
FOXA3_6,FOXA3,0,-0.006518,0.2176
FOXB1_1,FOXB1,0,-0.005231,0.177
FOXB1_2,FOXB1,0,-0.003302,0.174
FOXB1_3,FOXB1,0,-0.02714,0.1867
FOXB1_4,FOXB1,0,-0.02017,0.1447
FOXB1_5,FOXB1,0,-0.01536,0.1668
FOXB1_6,FOXB1,0,-0.001548,0.1504
FOXB2_1,FOXB2,0,-0.01334,0.1483
FOXB2_2,FOXB2,0,-0.09422,0.5383
FOXB2_3,FOXB2,0,-0.01918,0.2383
FOXB2_4,FOXB2,0,-0.02637,0.2309
FOXB2_5,FOXB2,0,-0.01534,0.1702
FOXB2_6,FOXB2,0,-0.003633,0.0872
FOXC1_1,FOXC1,0,-0.02355,0.2197
FOXC1_2,FOXC1,0,-0.04018,0.2372
FOXC1_3,FOXC1,0,0.001751,0.1219
FOXC1_4,FOXC1,0,-0.001176,0.2155
FOXC1_5,FOXC1,0,0.00137,0.08079
FOXC1_6,FOXC1,0,0.004205,0.08809
FOXC2_1,FOXC2,0,0.007803,0.3547
FOXC2_2,FOXC2,0,0.02433,0.1776
FOXC2_3,FOXC2,0,0.0009576,0.2054
FOXC2_4,FOXC2,0,0.002514,0.2394
FOXC2_5,FOXC2,0,0.01408,0.1901
FOXC2_6,FOXC2,0,-0.004606,0.1805
FOXD1_1,FOXD1,0,-0.02018,0.2096
FOXD1_2,FOXD1,0,-0.008108,0.2523
FOXD1_3,FOXD1,0,-0.03217,0.2696
FOXD1_4,FOXD1,0,-0.05649,0.3144
FOXD1_5,FOXD1,0,-0.009966,0.1697
FOXD1_6,FOXD1,0,-0.009278,0.1127
FOXD2_1,FOXD2,0,-0.03515,0.2867
FOXD2_2,FOXD2,0,-0.01335,0.211
FOXD2_3,FOXD2,0,-0.008329,0.2452
FOXD2_4,FOXD2,0,-0.1256,0.519
FOXD2_5,FOXD2,0,0.004352,0.1205
FOXD2_6,FOXD2,0,0.002128,0.1185
FOXD3_P1_1,FOXD3,0,-0.02155,0.2296
FOXD3_P1_2,FOXD3,0,-0.007806,0.132
FOXD3_P1_3,FOXD3,1,0.003021,0.2136
FOXD3_P1_4,FOXD3,0,-0.01648,0.2168
FOXD3_P1_5,FOXD3,0,-0.002729,0.1701
FOXD3_P1_6,FOXD3,0,-0.01602,0.117
FOXD3_P2_1,FOXD3,0,0.008992,0.1964
FOXD3_P2_2,FOXD3,0,-0.01346,0.1395
FOXD3_P2_3,FOXD3,1,-0.02581,0.316
FOXD3_P2_4,FOXD3,0,-0.01342,0.1634
FOXD3_P2_5,FOXD3,1,-0.01678,0.1463
FOXD3_P2_6,FOXD3,0,-0.01255,0.132
FOXD4L1_1,FOXD4L1,0,-0.01987,0.2213
FOXD4L1_2,FOXD4L1,0,-0.01919,0.2662
FOXD4L1_3,FOXD4L1,0,-0.02028,0.2922
FOXD4L1_4,FOXD4L1,0,-0.00621,0.1572
FOXD4L1_5,FOXD4L1,0,0.004769,0.1322
FOXD4L1_6,FOXD4L1,0,0.007778,0.0887
FOXD4_1,FOXD4,0,0.01022,0.2269
FOXD4_2,FOXD4,0,-0.03033,0.271
FOXD4_3,FOXD4,0,-0.1017,0.5361
FOXD4_4,FOXD4,0,-0.1551,0.5995
FOXD4_5,FOXD4,0,-0.03076,0.1768
FOXD4_6,FOXD4,0,-0.003993,0.1034
FOXE1_1,FOXE1,0,-0.01568,0.2538
FOXE1_2,FOXE1,0,-0.00242,0.1519
FOXE1_3,FOXE1,0,-0.007518,0.1583
FOXE1_4,FOXE1,0,-0.04284,0.3733
FOXE1_5,FOXE1,0,0.0005224,0.1338
FOXE1_6,FOXE1,0,-0.008962,0.1192
FOXE3_1,FOXE3,0,-0.00155,0.1627
FOXE3_2,FOXE3,0,-0.04998,0.2389
FOXE3_3,FOXE3,0,-0.00579,0.1716
FOXE3_4,FOXE3,0,-0.03713,0.3067
FOXE3_5,FOXE3,0,-0.00373,0.09488
FOXE3_6,FOXE3,0,-0.01,0.1762
FOXF1_1,FOXF1,0,-0.07263,0.3697
FOXF1_2,FOXF1,0,-0.006613,0.1911
FOXF1_3,FOXF1,0,-0.006794,0.1899
FOXF1_4,FOXF1,0,-0.04404,0.2495
FOXF1_5,FOXF1,0,0.0008985,0.1416
FOXF1_6,FOXF1,0,-0.00534,0.1362
FOXF2_1,FOXF2,0,-0.001888,0.154
FOXF2_2,FOXF2,0,-0.001736,0.2019
FOXF2_3,FOXF2,0,-0.06027,0.2993
FOXF2_4,FOXF2,0,-0.00646,0.2016
FOXF2_5,FOXF2,0,0.008184,0.09971
FOXF2_6,FOXF2,0,-0.03529,0.4234
FOXG1_1,FOXG1,0,-0.01162,0.1086
FOXG1_2,FOXG1,0,-0.002238,0.2127
FOXG1_3,FOXG1,0,-0.005632,0.273
FOXG1_4,FOXG1,0,-0.02753,0.3033
FOXG1_5,FOXG1,0,-0.003895,0.1319
FOXG1_6,FOXG1,0,-0.004444,0.1084
FOXH1_1,FOXH1,0,-0.004088,0.2302
FOXH1_2,FOXH1,1,-0.003839,0.1887
FOXH1_3,FOXH1,1,-0.02643,0.2024
FOXH1_4,FOXH1,0,-0.1031,0.5827
FOXH1_5,FOXH1,0,-0.02621,0.2218
FOXH1_6,FOXH1,1,-0.02151,0.2084
FOXI1_1,FOXI1,0,-0.03272,0.3249
FOXI1_3,FOXI1,0,-0.008885,0.1873
FOXI1_4,FOXI1,0,-0.03098,0.2672
FOXI1_5,FOXI1,0,0.009968,0.139
FOXI1_6,FOXI1,0,0.01692,0.1635
FOXI2_1,FOXI2,0,-0.01923,0.2199
FOXI2_2,FOXI2,0,-0.01506,0.119
FOXI2_3,FOXI2,0,-0.005035,0.1749
FOXI2_4,FOXI2,0,-0.0003085,0.1759
FOXI2_5,FOXI2,0,-0.03205,0.263
FOXI2_6,FOXI2,0,0.001523,0.1613
FOXI3_1,FOXI3,0,-0.0285,0.3464
FOXI3_2,FOXI3,0,-0.002273,0.1836
FOXI3_3,FOXI3,0,-0.02326,0.2038
FOXI3_4,FOXI3,0,-0.01271,0.163
FOXI3_5,FOXI3,0,-0.01521,0.1805
FOXI3_6,FOXI3,0,-0.01145,0.1277
FOXJ1_1,FOXJ1,0,-0.03033,0.2546
FOXJ1_2,FOXJ1,0,0.001777,0.1897
FOXJ1_3,FOXJ1,0,-0.05322,0.3172
FOXJ1_4,FOXJ1,0,0.00364,0.07734
FOXJ1_5,FOXJ1,0,-0.009803,0.1874
FOXJ1_6,FOXJ1,0,-0.003004,0.1197
FOXJ2_1,FOXJ2,0,-0.02274,0.2215
FOXJ2_2,FOXJ2,0,-0.002295,0.2007
FOXJ2_3,FOXJ2,0,-0.02048,0.2167
FOXJ2_4,FOXJ2,0,-0.00612,0.2029
FOXJ2_5,FOXJ2,0,-0.007724,0.1582
FOXJ2_6,FOXJ2,0,-0.01823,0.245
FOXJ3_1,FOXJ3,0,0.0007175,0.1993
FOXJ3_2,FOXJ3,0,-0.01512,0.2266
FOXJ3_3,FOXJ3,0,-0.009872,0.1844
FOXJ3_4,FOXJ3,0,0.001754,0.1426
FOXJ3_5,FOXJ3,0,-0.001799,0.1856
FOXJ3_6,FOXJ3,0,0.003346,0.08448
FOXK1_1,FOXK1,0,-0.02099,0.225
FOXK1_2,FOXK1,0,-0.02229,0.1827
FOXK1_3,FOXK1,0,7.453e-05,0.1623
FOXK1_4,FOXK1,0,-0.0119,0.1293
FOXK1_5,FOXK1,0,-0.005983,0.1102
FOXK1_6,FOXK1,0,0.007494,0.1164
FOXK2_1,FOXK2,0,-0.0004602,0.2002
FOXK2_2,FOXK2,0,0.01103,0.1737
FOXK2_3,FOXK2,0,-0.01449,0.2999
FOXK2_4,FOXK2,0,-0.008144,0.1465
FOXK2_5,FOXK2,0,-0.01154,0.1506
FOXK2_6,FOXK2,0,0.003066,0.136
FOXL1_1,FOXL1,0,-0.02725,0.1758
FOXL1_2,FOXL1,0,-0.01093,0.1654
FOXL1_3,FOXL1,0,-0.02752,0.269
FOXL1_4,FOXL1,0,-0.06678,0.3185
FOXL1_5,FOXL1,0,-0.01107,0.1565
FOXL1_6,FOXL1,0,-0.0005471,0.1099
FOXL2_1,FOXL2,0,-0.002571,0.1193
FOXL2_2,FOXL2,0,0.0006127,0.1553
FOXL2_3,FOXL2,0,-0.05028,0.4616
FOXL2_4,FOXL2,0,-0.03345,0.3763
FOXL2_5,FOXL2,0,0.002814,0.09721
FOXL2_6,FOXL2,0,0.005774,0.0919
FOXM1_1,FOXM1,0,0.024,0.2186
FOXM1_2,FOXM1,0,-0.00145,0.1878
FOXM1_3,FOXM1,0,-0.05643,0.4185
FOXM1_4,FOXM1,0,0.00517,0.1333
FOXM1_5,FOXM1,0,-0.005802,0.1334
FOXM1_6,FOXM1,0,-0.01056,0.1075
FOXN1_1,FOXN1,0,-0.00977,0.2179
FOXN1_2,FOXN1,0,-0.01401,0.2287
FOXN1_3,FOXN1,0,-0.001845,0.1225
FOXN1_4,FOXN1,0,0.003198,0.09028
FOXN1_5,FOXN1,0,0.0009353,0.1012
FOXN1_6,FOXN1,0,0.004786,0.1557
FOXN2_1,FOXN2,0,-0.003952,0.1473
FOXN2_2,FOXN2,0,-0.001517,0.1273
FOXN2_3,FOXN2,0,-0.02061,0.1574
FOXN2_4,FOXN2,0,-0.01166,0.1535
FOXN2_5,FOXN2,0,-0.01428,0.1865
FOXN2_6,FOXN2,0,0.009338,0.1427
FOXN3_P1_1,FOXN3,0,-0.03146,0.2741
FOXN3_P1_2,FOXN3,0,-0.02083,0.1625
FOXN3_P1_3,FOXN3,0,-0.01934,0.263
FOXN3_P1_4,FOXN3,0,-0.01773,0.261
FOXN3_P1_5,FOXN3,0,-0.01134,0.1871
FOXN3_P1_6,FOXN3,0,0.003224,0.1991
FOXN3_P2_1,FOXN3,0,0.005734,0.187
FOXN3_P2_2,FOXN3,0,0.01107,0.4195
FOXN3_P2_3,FOXN3,0,-0.1251,0.534
FOXN3_P2_4,FOXN3,0,-0.01003,0.1963
FOXN3_P2_5,FOXN3,0,0.005205,0.1517
FOXN3_P2_6,FOXN3,0,-0.02639,0.2881
FOXN4_1,FOXN4,0,-0.005558,0.4375
FOXN4_2,FOXN4,0,-0.000313,0.0798
FOXN4_3,FOXN4,0,-0.007213,0.1553
FOXN4_4,FOXN4,0,-0.01334,0.1502
FOXN4_5,FOXN4,0,0.002959,0.1174
FOXN4_6,FOXN4,0,-0.006024,0.1196
FOXO1_1,FOXO1,0,-0.02135,0.175
FOXO1_2,FOXO1,0,-0.005058,0.1581
FOXO1_3,FOXO1,0,-0.02527,0.2245
FOXO1_4,FOXO1,0,-0.004476,0.1648
FOXO1_5,FOXO1,0,-0.01415,0.1574
FOXO1_6,FOXO1,0,-0.01784,0.1978
FOXO3_P1_1,FOXO3,0,-0.02217,0.1961
FOXO3_P1_2,FOXO3,0,-0.005083,0.2049
FOXO3_P1_3,FOXO3,0,-0.0168,0.2789
FOXO3_P1_4,FOXO3,0,-0.01925,0.2465
FOXO3_P1_5,FOXO3,0,-0.001694,0.2349
FOXO3_P1_6,FOXO3,0,-0.01903,0.1918
FOXO3_P2_1,FOXO3,0,0.01289,0.1587
FOXO3_P2_2,FOXO3,0,-0.06581,0.4125
FOXO3_P2_3,FOXO3,0,-0.02616,0.3418
FOXO3_P2_4,FOXO3,0,0.01893,0.2544
FOXO3_P2_5,FOXO3,0,-0.009565,0.1432
FOXO3_P2_6,FOXO3,0,0.002388,0.1379
FOXO4_1,FOXO4,0,-0.007675,0.2461
FOXO4_2,FOXO4,0,-0.0008386,0.1085
FOXO4_3,FOXO4,0,0.00824,0.3057
FOXO4_4,FOXO4,0,-0.001785,0.09836
FOXO4_5,FOXO4,0,-0.0009671,0.1489
FOXO4_6,FOXO4,0,-0.001785,0.07777
FOXO6_1,FOXO6,0,-0.01789,0.288
FOXO6_2,FOXO6,0,-0.01177,0.2417
FOXO6_3,FOXO6,0,0.003007,0.09036
FOXO6_4,FOXO6,0,0.0001302,0.2273
FOXO6_5,FOXO6,0,-0.01289,0.1407
FOXO6_6,FOXO6,0,0.005721,0.1888
FOXP1_P1_1,FOXP1,0,-0.01572,0.2144
FOXP1_P1_2,FOXP1,0,-0.0008197,0.1767
FOXP1_P1_3,FOXP1,0,-0.006062,0.299
FOXP1_P1_4,FOXP1,0,-0.02051,0.3861
FOXP1_P1_5,FOXP1,0,-0.01257,0.1539
FOXP1_P1_6,FOXP1,0,-0.0005983,0.1206
FOXP1_P2_1,FOXP1,0,-0.002072,0.1568
FOXP1_P2_3,FOXP1,0,3.243e-05,0.09223
FOXP1_P2_6,FOXP1,0,-0.007344,0.1163
FOXP1_P3_1|FOXP1_P2_2,FOXP1|FOXP1,0,-0.004946,0.1313
FOXP1_P3_2,FOXP1,0,-0.05186,0.3058
FOXP1_P3_3|FOXP1_P2_4,FOXP1|FOXP1,0,-0.01106,0.1362
FOXP1_P3_4|FOXP1_P2_5,FOXP1|FOXP1,0,-0.01459,0.1465
FOXP1_P3_5,FOXP1,0,-0.02128,0.1804
FOXP1_P3_6,FOXP1,0,-0.01999,0.198
FOXP1_P4_1,FOXP1,0,-0.04987,0.1858
FOXP1_P4_2,FOXP1,0,-0.02057,0.2442
FOXP1_P4_3,FOXP1,0,-0.007731,0.183
FOXP1_P4_4,FOXP1,0,-0.003397,0.2503
FOXP1_P4_5,FOXP1,0,-0.05877,0.6607
FOXP1_P4_6,FOXP1,0,0.001939,0.1101
FOXP2_P1_1,FOXP2,0,-0.009208,0.1795
FOXP2_P1_2,FOXP2,0,-0.01281,0.2176
FOXP2_P1_3,FOXP2,0,0.006888,0.1432
FOXP2_P1_4,FOXP2,0,-0.0005079,0.1157
FOXP2_P1_5,FOXP2,0,-0.0004369,0.1489
FOXP2_P1_6,FOXP2,0,-0.009629,0.1759
FOXP2_P2_1,FOXP2,0,-0.00657,0.1694
FOXP2_P2_2,FOXP2,0,-0.00922,0.1893
FOXP2_P2_3,FOXP2,0,-0.009971,0.2449
FOXP2_P2_4,FOXP2,0,-0.007204,0.1541
FOXP2_P2_5,FOXP2,0,-0.003163,0.1853
FOXP2_P2_6,FOXP2,0,-0.007856,0.1778
FOXP3_1,FOXP3,0,-0.02877,0.2575
FOXP3_2,FOXP3,0,-0.005347,0.1479
FOXP3_3,FOXP3,0,-0.005416,0.09928
FOXP3_5,FOXP3,0,0.004063,0.1328
FOXP3_6,FOXP3,0,-0.01017,0.1536
FOXP4_1,FOXP4,0,-0.01419,0.1828
FOXP4_2,FOXP4,0,0.01573,0.2573
FOXP4_3,FOXP4,0,-0.003386,0.2326
FOXP4_4,FOXP4,0,0.00657,0.1914
FOXP4_5,FOXP4,0,-0.01022,0.114
FOXP4_6,FOXP4,0,-0.01166,0.1196
FOXQ1_1,FOXQ1,0,-0.06504,0.4014
FOXQ1_2,FOXQ1,0,-0.005823,0.2075
FOXQ1_3,FOXQ1,0,-0.02108,0.193
FOXQ1_4,FOXQ1,0,-0.001986,0.1352
FOXQ1_5,FOXQ1,0,-0.003044,0.1462
FOXQ1_6,FOXQ1,0,0.004407,0.2096
FOXR1_1,FOXR1,0,-0.002664,0.2024
FOXR1_2,FOXR1,0,-0.005475,0.1598
FOXR1_3,FOXR1,0,-0.003484,0.2515
FOXR1_4,FOXR1,0,-0.00608,0.1209
FOXR1_5,FOXR1,0,-0.006285,0.14
FOXR1_6,FOXR1,0,-0.003992,0.08993
FOXR2_1,FOXR2,0,0.004337,0.1345
FOXR2_2,FOXR2,0,0.01035,0.2054
FOXR2_3,FOXR2,0,-0.01369,0.2006
FOXR2_4,FOXR2,0,-0.0197,0.2398
FOXR2_5,FOXR2,0,-0.009162,0.2053
FOXR2_6,FOXR2,0,-0.01061,0.105
FOXS1_1,FOXS1,0,-0.03659,0.2451
FOXS1_2,FOXS1,0,-0.003468,0.1533
FOXS1_3,FOXS1,0,-0.00449,0.1395
FOXS1_4,FOXS1,0,-0.02413,0.2428
FOXS1_5,FOXS1,0,9.658e-05,0.08979
FOXS1_6,FOXS1,0,-0.004178,0.1288
FUBP1_1,FUBP1,0,-0.003243,0.2987
FUBP1_2,FUBP1,0,0.007896,0.2912
FUBP1_3,FUBP1,0,0.008177,0.2107
FUBP1_4,FUBP1,0,0.001283,0.1132
FUBP1_5,FUBP1,0,-0.00221,0.07131
FUBP1_6,FUBP1,0,0.0003827,0.1108
FUBP3_1,FUBP3,0,-0.005494,0.2076
FUBP3_2,FUBP3,0,0.01792,0.2642
FUBP3_3,FUBP3,0,-0.001725,0.1401
FUBP3_4,FUBP3,0,0.01502,0.2103
FUBP3_5,FUBP3,0,-0.01352,0.2264
FUBP3_6,FUBP3,0,-0.003179,0.1699
FXN_1,FXN,0,-0.07789,0.5685
FXN_2,FXN,0,-0.01961,0.3894
FXN_3,FXN,0,-0.09382,0.483
FXN_4,FXN,0,-0.02994,0.3095
FXN_5,FXN,0,-0.1328,0.5425
FXN_6,FXN,0,-0.007993,0.1369
GABPA_1,GABPA,0,-0.01502,0.2401
GABPA_2,GABPA,0,-0.04273,0.1882
GABPA_3,GABPA,0,-0.3308,0.7016
GABPA_4,GABPA,0,-0.01437,0.3195
GABPA_5,GABPA,0,-0.007835,0.1318
GABPA_6,GABPA,0,0.002339,0.06849
GABPB1_1,GABPB1,0,-0.02031,0.2074
GABPB1_2,GABPB1,0,-0.01653,0.1622
GABPB1_3,GABPB1,0,-0.009388,0.1414
GABPB1_4,GABPB1,0,-0.01948,0.222
GABPB1_5,GABPB1,0,-0.0002659,0.1579
GABPB1_6,GABPB1,0,-0.006702,0.142
GAS7_1,GAS7,0,-0.01796,0.2595
GAS7_2,GAS7,0,-0.01997,0.193
GAS7_3,GAS7,0,-0.02871,0.3531
GAS7_4,GAS7,0,-0.009872,0.1236
GAS7_5,GAS7,0,-0.006206,0.1563
GAS7_6,GAS7,0,-0.005083,0.1516
GATA1_1,GATA1,0,-0.03867,0.2816
GATA1_2,GATA1,0,-0.03672,0.381
GATA1_3,GATA1,0,-0.007997,0.2482
GATA1_4,GATA1,0,0.003914,0.09882
GATA1_5,GATA1,0,-0.0256,0.2367
GATA1_6,GATA1,0,-0.01005,0.1218
GATA2_P1_1,GATA2,0,-0.1661,0.6629
GATA2_P1_2,GATA2,0,0.007459,0.2127
GATA2_P1_3,GATA2,0,-0.01318,0.213
GATA2_P1_4,GATA2,0,-0.01347,0.176
GATA2_P1_5,GATA2,0,-0.002132,0.1487
GATA2_P1_6,GATA2,0,-0.01146,0.174
GATA2_P2_1,GATA2,0,-0.009718,0.1786
GATA2_P2_2,GATA2,0,-0.0243,0.1572
GATA2_P2_3,GATA2,0,-0.01315,0.2741
GATA2_P2_4,GATA2,0,-0.04008,0.4588
GATA2_P2_5,GATA2,0,-0.00805,0.174
GATA2_P2_6,GATA2,0,-0.001495,0.06221
GATA3_1,GATA3,0,-0.01621,0.1442
GATA3_2,GATA3,0,-0.01068,0.25
GATA3_3,GATA3,0,-0.02405,0.2938
GATA3_4,GATA3,0,-0.01075,0.2802
GATA3_5,GATA3,0,0.0001659,0.1129
GATA3_6,GATA3,0,-0.0126,0.1289
GATA4_1,GATA4,0,-0.01742,0.2371
GATA4_2,GATA4,0,-0.04817,0.3417
GATA4_3,GATA4,0,-0.01607,0.1441
GATA4_4,GATA4,0,0.01425,0.2601
GATA4_5,GATA4,0,-0.01589,0.1869
GATA4_6,GATA4,0,0.007106,0.1121
GATA5_1,GATA5,0,-0.002835,0.1805
GATA5_2,GATA5,0,-0.01756,0.2145
GATA5_3,GATA5,0,0.004057,0.1273
GATA5_4,GATA5,0,-0.02111,0.3742
GATA5_5,GATA5,0,0.003494,0.1326
GATA5_6,GATA5,0,-0.02094,0.1235
GATA6_1,GATA6,0,-0.01736,0.2405
GATA6_2,GATA6,0,-0.01659,0.1728
GATA6_3,GATA6,0,-0.004051,0.2253
GATA6_4,GATA6,0,-0.02649,0.1883
GATA6_5,GATA6,0,-0.02459,0.2178
GATA6_6,GATA6,0,-0.02166,0.2338
GATA6_TSS_1,GATA6_TSS,0,-0.004989,0.1722
GATA6_TSS_2,GATA6_TSS,0,-0.01726,0.2308
GATA6_TSS_3,GATA6_TSS,0,-0.006476,0.2253
GATA6_TSS_4,GATA6_TSS,0,-0.07114,0.4147
GATA6_TSS_5,GATA6_TSS,0,-0.02361,0.2544
GATA6_TSS_6,GATA6_TSS,0,0.007416,0.1322
GATAD1_1,GATAD1,0,-0.01264,0.1768
GATAD1_2,GATAD1,0,0.004264,0.1641
GATAD1_3,GATAD1,0,0.008095,0.1763
GATAD1_4,GATAD1,0,-0.02045,0.2287
GATAD1_5,GATAD1,0,-0.005407,0.1265
GATAD1_6,GATAD1,0,-0.02525,0.09492
GATAD2A_P1_1,GATAD2A,0,-0.01435,0.216
GATAD2A_P1_2,GATAD2A,0,0.0004258,0.2525
GATAD2A_P1_3,GATAD2A,0,-0.043,0.4343
GATAD2A_P1_4,GATAD2A,0,0.01197,0.2356
GATAD2A_P1_5,GATAD2A,0,0.001435,0.1354
GATAD2A_P1_6,GATAD2A,0,-0.01451,0.1042
GATAD2A_P2_1,GATAD2A,0,-0.007244,0.1699
GATAD2A_P2_2,GATAD2A,0,-0.02431,0.3149
GATAD2A_P2_3,GATAD2A,0,0.01982,0.2377
GATAD2A_P2_4,GATAD2A,0,-0.0154,0.2104
GATAD2A_P2_5,GATAD2A,0,-0.0215,0.2373
GATAD2A_P2_6,GATAD2A,0,-0.02758,0.3127
GATAD2B_1,GATAD2B,0,-0.006834,0.1369
GATAD2B_2,GATAD2B,0,0.005282,0.2118
GATAD2B_3,GATAD2B,0,-0.1012,0.4516
GATAD2B_4,GATAD2B,0,-0.0118,0.1199
GATAD2B_5,GATAD2B,0,-0.007828,0.1015
GATAD2B_6,GATAD2B,0,0.003636,0.1435
GBX1_P1_1,GBX1,0,-0.01415,0.186
GBX1_P1_2,GBX1,0,0.00946,0.1711
GBX1_P1_3,GBX1,0,-0.0382,0.1844
GBX1_P1_4,GBX1,0,0.01378,0.1484
GBX1_P1_5,GBX1,0,-0.01063,0.177
GBX1_P1_6,GBX1,0,-0.003335,0.1154
GBX1_P2_1,GBX1,0,-0.009549,0.223
GBX1_P2_2,GBX1,0,-0.01658,0.1924
GBX1_P2_3,GBX1,0,-0.01735,0.2403
GBX1_P2_4,GBX1,0,-0.01899,0.2279
GBX1_P2_5,GBX1,0,0.0009981,0.09921
GBX1_P2_6,GBX1,0,-0.008213,0.1108
GBX2_1,GBX2,0,0.01738,0.2477
GBX2_2,GBX2,0,-0.01206,0.2065
GBX2_3,GBX2,0,-0.08988,0.419
GBX2_4,GBX2,0,-0.005283,0.2619
GBX2_5,GBX2,0,0.00266,0.1473
GBX2_6,GBX2,0,-0.01017,0.1333
GCFC2_1,GCFC2,0,-0.02621,0.2572
GCFC2_2,GCFC2,0,-0.002072,0.1736
GCFC2_3,GCFC2,0,-0.0407,0.2854
GCFC2_4,GCFC2,0,-0.02036,0.1977
GCFC2_5,GCFC2,0,-0.005096,0.07989
GCFC2_6,GCFC2,0,-0.008535,0.1176
GCM1_1,GCM1,0,-0.02229,0.1913
GCM1_2,GCM1,0,-0.01113,0.1744
GCM1_3,GCM1,0,0.009817,0.1592
GCM1_4,GCM1,0,-0.01924,0.1758
GCM1_5,GCM1,0,-0.01493,0.1846
GCM1_6,GCM1,0,-0.006381,0.141
GCM2_1,GCM2,0,-0.005839,0.1328
GCM2_2,GCM2,0,-0.01652,0.4694
GCM2_3,GCM2,0,-0.01909,0.326
GCM2_4,GCM2,0,-0.01392,0.2105
GCM2_5,GCM2,0,0.005663,0.1283
GCM2_6,GCM2,0,-0.00286,0.1542
GFI1B_1,GFI1B,0,-0.002785,0.1274
GFI1B_2,GFI1B,0,-0.02188,0.2049
GFI1B_3,GFI1B,0,-0.01578,0.1632
GFI1B_4,GFI1B,0,-0.01028,0.2107
GFI1B_5,GFI1B,0,0.00464,0.1263
GFI1B_6,GFI1B,0,-0.0108,0.1372
GFI1_P1_1,GFI1,0,0.001556,0.18
GFI1_P1_2,GFI1,0,-0.0008095,0.1739
GFI1_P1_3,GFI1,0,-0.01685,0.1882
GFI1_P1_4,GFI1,0,-0.003575,0.2286
GFI1_P1_5,GFI1,0,-0.003113,0.08239
GFI1_P1_6,GFI1,0,-0.002918,0.1933
GFI1_P2_1,GFI1,0,-0.0262,0.2464
GFI1_P2_2,GFI1,0,-0.02088,0.225
GFI1_P2_3,GFI1,0,-0.01293,0.2637
GFI1_P2_4,GFI1,0,-0.0319,0.4252
GFI1_P2_5,GFI1,0,-0.004186,0.1521
GFI1_P2_6,GFI1,0,-0.02223,0.1704
GLI1_1,GLI1,0,0.0209,0.1949
GLI1_2,GLI1,0,0.001511,0.1772
GLI1_3,GLI1,0,-0.01259,0.2137
GLI1_4,GLI1,0,-0.006691,0.181
GLI1_5,GLI1,0,0.001629,0.1156
GLI1_6,GLI1,0,0.007913,0.1145
GLI2_P1_1,GLI2,0,-0.01085,0.1543
GLI2_P1_2,GLI2,0,-0.02053,0.1971
GLI2_P1_3,GLI2,0,-0.01428,0.2293
GLI2_P1_4,GLI2,0,-0.005644,0.1697
GLI2_P1_5,GLI2,0,-0.001303,0.08399
GLI2_P1_6,GLI2,0,0.00405,0.159
GLI2_P2_1,GLI2,0,0.01342,0.1906
GLI2_P2_2,GLI2,0,-0.007023,0.1571
GLI2_P2_3,GLI2,0,-0.006446,0.1405
GLI2_P2_4,GLI2,0,0.003304,0.2108
GLI2_P2_5,GLI2,0,-0.02007,0.2546
GLI2_P2_6,GLI2,0,-0.004074,0.08311
GLI3_1,GLI3,0,-0.007664,0.1466
GLI3_2,GLI3,0,-0.0238,0.2375
GLI3_3,GLI3,0,-0.02012,0.1643
GLI3_4,GLI3,0,-0.008691,0.2279
GLI3_5,GLI3,0,-0.006476,0.09982
GLI3_6,GLI3,0,0.000776,0.1134
GLI4_1,GLI4,0,-0.004207,0.1803
GLI4_2,GLI4,0,-0.01909,0.1991
GLI4_3,GLI4,0,-0.04614,0.3311
GLI4_4,GLI4,0,-0.03852,0.3196
GLI4_5,GLI4,0,-0.004464,0.15
GLI4_6,GLI4,0,-0.004501,0.1309
GLIS1_1,GLIS1,0,-0.008984,0.1254
GLIS1_2,GLIS1,0,0.007572,0.1437
GLIS1_3,GLIS1,0,-0.01754,0.2026
GLIS1_4,GLIS1,0,-0.01698,0.2054
GLIS1_5,GLIS1,0,0.001302,0.1011
GLIS1_6,GLIS1,0,0.003816,0.1064
GLIS2_1,GLIS2,0,-0.01978,0.1642
GLIS2_2,GLIS2,0,-0.01304,0.2678
GLIS2_3,GLIS2,0,-0.003689,0.2137
GLIS2_4,GLIS2,0,-0.03695,0.213
GLIS2_5,GLIS2,0,-0.009017,0.1681
GLIS2_6,GLIS2,0,-0.007294,0.1837
GLIS3_1,GLIS3,0,0.004284,0.2096
GLIS3_2,GLIS3,0,-0.02737,0.341
GLIS3_3,GLIS3,0,-0.004815,0.1662
GLIS3_4,GLIS3,0,-0.1055,0.4649
GLIS3_5,GLIS3,0,-0.003806,0.2094
GLIS3_6,GLIS3,0,-0.01689,0.1603
GLYR1_1,GLYR1,0,-0.02143,0.1944
GLYR1_2,GLYR1,0,-0.01829,0.1895
GLYR1_3,GLYR1,0,-0.004831,0.2842
GLYR1_4,GLYR1,0,-0.01771,0.1906
GLYR1_5,GLYR1,0,0.007546,0.1437
GLYR1_6,GLYR1,0,0.00286,0.0859
GMEB1_1,GMEB1,0,-0.0009329,0.1762
GMEB1_2,GMEB1,0,-0.008838,0.1918
GMEB1_3,GMEB1,0,-0.01548,0.2039
GMEB1_4,GMEB1,0,-0.1352,0.536
GMEB1_5,GMEB1,0,-0.003154,0.1929
GMEB1_6,GMEB1,0,-0.01773,0.1603
GMEB2_1,GMEB2,0,0.008067,0.3473
GMEB2_2,GMEB2,1,-0.02461,0.285
GMEB2_3,GMEB2,0,-0.016,0.1776
GMEB2_4,GMEB2,1,-0.005164,0.1426
GMEB2_5,GMEB2,0,0.01148,0.2265
GMEB2_6,GMEB2,0,-0.002393,0.1535
GON4L_P1_1,GON4L,0,0.001071,0.1625
GON4L_P1_2,GON4L,0,0.003118,0.1645
GON4L_P1_3,GON4L,0,-0.02687,0.1835
GON4L_P1_4,GON4L,0,-0.03761,0.289
GON4L_P1_5,GON4L,0,-0.001285,0.1427
GON4L_P1_6,GON4L,0,-0.01476,0.1382
GON4L_P2_1,GON4L,0,0.00483,0.2262
GON4L_P2_2,GON4L,0,-0.01547,0.1153
GON4L_P2_3,GON4L,0,-0.05546,0.3303
GON4L_P2_4,GON4L,0,-0.02013,0.2855
GON4L_P2_5,GON4L,0,-0.007835,0.1314
GON4L_P2_6,GON4L,0,-0.001334,0.06528
GPBP1L1_1,GPBP1L1,0,-0.01849,0.302
GPBP1L1_2,GPBP1L1,0,-0.02146,0.1721
GPBP1L1_3,GPBP1L1,0,0.0007223,0.1175
GPBP1L1_4,GPBP1L1,0,0.00094,0.1077
GPBP1L1_5,GPBP1L1,0,0.0005068,0.1096
GPBP1L1_6,GPBP1L1,0,0.001533,0.1523
GPBP1_1,GPBP1,0,-0.003127,0.1568
GPBP1_2,GPBP1,0,-0.0134,0.1791
GPBP1_3,GPBP1,0,-0.02741,0.2666
GPBP1_4,GPBP1,0,9.523e-05,0.06135
GPBP1_5,GPBP1,0,0.003372,0.09952
GPBP1_6,GPBP1,0,-0.01224,0.1401
GRHL1_1,GRHL1,0,-0.03175,0.2624
GRHL1_2,GRHL1,0,-0.028,0.3261
GRHL1_3,GRHL1,0,-0.01315,0.252
GRHL1_4,GRHL1,0,-0.04461,0.3414
GRHL1_5,GRHL1,0,0.002507,0.08453
GRHL1_6,GRHL1,0,-0.005608,0.14
GRHL2_1,GRHL2,1,0.006483,0.1606
GRHL2_2,GRHL2,1,-0.02567,0.253
GRHL2_3,GRHL2,1,-0.006149,0.2312
GRHL2_4,GRHL2,1,0.005369,0.1191
GRHL2_5,GRHL2,1,0.0003006,0.09233
GRHL2_6,GRHL2,1,-0.0008105,0.118
GRHL3_1,GRHL3,0,-0.007946,0.2561
GRHL3_2,GRHL3,0,0.002171,0.1627
GRHL3_3,GRHL3,0,-0.03383,0.3362
GRHL3_4,GRHL3,0,-0.008121,0.2381
GRHL3_5,GRHL3,0,-0.02133,0.2171
GRHL3_6,GRHL3,0,0.001971,0.08578
GSC2_1,GSC2,0,0.00881,0.3182
GSC2_2,GSC2,0,-0.009876,0.1697
GSC2_3,GSC2,0,-0.06237,0.4298
GSC2_4,GSC2,0,-0.003871,0.1156
GSC2_5,GSC2,0,-0.001492,0.1016
GSC2_6,GSC2,0,-0.02069,0.1351
GSC_1,GSC,0,0.001125,0.1971
GSC_2,GSC,0,-0.02227,0.2632
GSC_3,GSC,0,-0.02324,0.181
GSC_4,GSC,0,0.01495,0.1364
GSC_5,GSC,0,-0.001642,0.07632
GSC_6,GSC,0,-0.00295,0.1094
GSX1_1,GSX1,0,-0.02219,0.2559
GSX1_2,GSX1,0,-0.1531,0.5914
GSX1_3,GSX1,0,-0.002988,0.3344
GSX1_4,GSX1,0,-0.02036,0.2231
GSX1_5,GSX1,0,0.002094,0.1444
GSX1_6,GSX1,0,-0.007566,0.1275
GSX2_1,GSX2,0,-0.01162,0.187
GSX2_2,GSX2,0,-0.0228,0.2661
GSX2_3,GSX2,0,-0.005868,0.1647
GSX2_4,GSX2,0,-0.007499,0.2956
GSX2_5,GSX2,0,-0.00127,0.09732
GSX2_6,GSX2,0,-0.02121,0.1776
GTF2A1L_1,GTF2A1L,0,0.00357,0.1837
GTF2A1L_2,GTF2A1L,0,-0.01649,0.2113
GTF2A1L_3,GTF2A1L,0,-0.01074,0.227
GTF2A1L_4,GTF2A1L,0,0.0002036,0.1457
GTF2A1L_5,GTF2A1L,0,-0.06717,0.4899
GTF2A1L_6,GTF2A1L,0,-0.003534,0.148
GTF2A1_1,GTF2A1,0,-0.007583,0.3131
GTF2A1_2,GTF2A1,0,-0.01886,0.1533
GTF2A1_3,GTF2A1,0,-0.01846,0.2406
GTF2A1_4,GTF2A1,0,-0.01323,0.259
GTF2A1_5,GTF2A1,0,-0.003292,0.08571
GTF2A1_6,GTF2A1,0,0.002472,0.1741
GTF2A2_1,GTF2A2,0,-0.01053,0.2912
GTF2A2_2,GTF2A2,0,-0.02173,0.4558
GTF2A2_3,GTF2A2,0,-0.01319,0.2472
GTF2A2_4,GTF2A2,0,-0.05037,0.3737
GTF2A2_5,GTF2A2,0,-0.006878,0.1201
GTF2A2_6,GTF2A2,0,-0.0009485,0.1044
GTF2B_1,GTF2B,0,-0.1153,0.7469
GTF2B_2,GTF2B,0,-0.2935,0.6186
GTF2B_3,GTF2B,0,-0.09349,0.4427
GTF2B_4,GTF2B,0,-0.01008,0.4148
GTF2B_5,GTF2B,0,-0.1866,0.6512
GTF2B_6,GTF2B,0,0.005491,0.1282
GTF2E1_1,GTF2E1,0,-0.02518,0.2139
GTF2E1_2,GTF2E1,0,-0.02214,0.2095
GTF2E1_3,GTF2E1,0,-0.007861,0.3182
GTF2E1_4,GTF2E1,0,-0.03759,0.2206
GTF2E1_5,GTF2E1,0,-0.004202,0.1317
GTF2E1_6,GTF2E1,0,-0.01693,0.1875
GTF2F1_1,GTF2F1,0,-0.2219,0.697
GTF2F1_2,GTF2F1,0,-0.05465,0.3525
GTF2F1_3,GTF2F1,0,-0.05987,0.5605
GTF2F1_4,GTF2F1,0,-0.01463,0.3037
GTF2F1_5,GTF2F1,0,0.003757,0.1137
GTF2F1_6,GTF2F1,0,0.004693,0.1281
GTF2F2_1,GTF2F2,0,-0.09458,0.691
GTF2F2_2,GTF2F2,0,-0.1198,0.5317
GTF2F2_3,GTF2F2,0,-0.03019,0.2877
GTF2F2_4,GTF2F2,0,-0.01897,0.2416
GTF2F2_5,GTF2F2,0,-0.009297,0.2422
GTF2F2_6,GTF2F2,0,-0.005083,0.1416
GTF2H1_1,GTF2H1,0,-0.01717,0.3078
GTF2H1_2,GTF2H1,0,-0.02096,0.2897
GTF2H1_3,GTF2H1,0,0.0002549,0.1061
GTF2H1_4,GTF2H1,0,0.01014,0.2446
GTF2H1_5,GTF2H1,0,-0.01041,0.1612
GTF2H1_6,GTF2H1,0,-0.052,0.2001
GTF2H2_1,GTF2H2,0,-0.1911,0.6163
GTF2H2_2,GTF2H2,0,-0.05664,0.4158
GTF2H2_3,GTF2H2,0,0.00795,0.2348
GTF2H2_4,GTF2H2,0,0.007385,0.2838
GTF2H2_5,GTF2H2,0,-0.01048,0.1538
GTF2H2_6,GTF2H2,0,-0.01031,0.1502
GTF2H3_1,GTF2H3,0,-0.03899,0.4115
GTF2H3_2,GTF2H3,0,-0.005656,0.2484
GTF2H3_3,GTF2H3,0,-0.001743,0.1832
GTF2H3_4,GTF2H3,0,-0.07561,0.4931
GTF2H3_5,GTF2H3,0,0.01088,0.2008
GTF2H3_6,GTF2H3,0,0.01204,0.1628
GTF2IRD1_1,GTF2IRD1,0,-0.04421,0.3236
GTF2IRD1_2,GTF2IRD1,0,-0.01455,0.2014
GTF2IRD1_3,GTF2IRD1,0,-0.03778,0.2971
GTF2IRD1_4,GTF2IRD1,0,-0.09358,0.4313
GTF2IRD1_5,GTF2IRD1,0,-0.004412,0.117
GTF2IRD1_6,GTF2IRD1,0,-0.007644,0.1472
GTF2IRD2B_1,GTF2IRD2B,0,-0.004301,0.2187
GTF2IRD2B_2|GTF2IRD2_2,GTF2IRD2B|GTF2IRD2,0,-0.007623,0.1203
GTF2IRD2B_3,GTF2IRD2B,0,-0.01376,0.2976
GTF2IRD2B_4|GTF2IRD2_3,GTF2IRD2B|GTF2IRD2,0,-0.02229,0.2006
GTF2IRD2B_5|GTF2IRD2_5,GTF2IRD2B|GTF2IRD2,0,-0.01439,0.1273
GTF2IRD2B_6,GTF2IRD2B,0,0.008034,0.1223
GTF2IRD2_1,GTF2IRD2,0,-0.00472,0.2184
GTF2IRD2_4,GTF2IRD2,0,-0.02861,0.2245
GTF2IRD2_6,GTF2IRD2,0,0.002198,0.1451
GTF2I_1,GTF2I,0,-0.01512,0.2238
GTF2I_2,GTF2I,0,-0.01956,0.176
GTF2I_3,GTF2I,0,-0.02271,0.3092
GTF2I_4,GTF2I,0,-0.01226,0.139
GTF2I_5,GTF2I,0,-0.002545,0.1182
GTF2I_6,GTF2I,0,-0.005464,0.08474
GTF3A_1,GTF3A,0,-0.00901,0.2443
GTF3A_2,GTF3A,0,-0.01065,0.1559
GTF3A_3,GTF3A,0,-0.02143,0.1903
GTF3A_4,GTF3A,0,-0.002647,0.1568
GTF3A_5,GTF3A,0,-0.001584,0.09455
GTF3A_6,GTF3A,0,-0.005085,0.1473
GTF3C3_2,GTF3C3,0,-0.08139,0.4113
GTF3C3_3,GTF3C3,0,-0.09484,0.4999
GTF3C3_4,GTF3C3,0,-0.06501,0.3582
GTF3C3_5,GTF3C3,0,-0.03986,0.3566
GTF3C3_6,GTF3C3,0,-0.02525,0.292
GZF1_1,GZF1,0,-0.006689,0.1539
GZF1_2,GZF1,0,-0.004423,0.1811
GZF1_3,GZF1,0,-0.02221,0.2915
GZF1_4,GZF1,0,-0.01397,0.1631
GZF1_5,GZF1,0,-0.01276,0.1708
GZF1_6,GZF1,0,-0.00706,0.1
HAND1_1,HAND1,0,0.004096,0.1992
HAND1_2,HAND1,0,-0.0008878,0.1917
HAND1_3,HAND1,0,-0.00347,0.1137
HAND1_4,HAND1,0,-0.03949,0.2741
HAND1_5,HAND1,0,-0.01951,0.1281
HAND1_6,HAND1,0,-0.01291,0.1539
HAND2_P1_1,HAND2,0,-0.04044,0.3104
HAND2_P1_2,HAND2,0,-0.00695,0.1596
HAND2_P1_3,HAND2,0,0.01219,0.1675
HAND2_P1_4,HAND2,0,-0.01632,0.2692
HAND2_P1_5,HAND2,0,-0.003851,0.1126
HAND2_P1_6,HAND2,0,-0.004889,0.08085
HAND2_P2_1,HAND2,0,-0.003901,0.1433
HAND2_P2_2,HAND2,0,-0.01171,0.2076
HAND2_P2_3,HAND2,0,-0.002251,0.1202
HAND2_P2_4,HAND2,0,-0.008478,0.1653
HAND2_P2_5,HAND2,0,0.0006405,0.16
HAND2_P2_6,HAND2,0,-0.02387,0.1741
HBP1_1,HBP1,0,-0.002927,0.09373
HBP1_2,HBP1,0,-0.02375,0.2088
HBP1_3,HBP1,0,-0.01306,0.134
HBP1_4,HBP1,0,-0.03365,0.2256
HBP1_5,HBP1,0,-0.0008655,0.07526
HBP1_6,HBP1,0,0.006606,0.1627
HCFC1_1,HCFC1,0,-0.0145,0.1462
HCFC1_2,HCFC1,0,-0.01898,0.1392
HCFC1_3,HCFC1,0,-0.03591,0.2752
HCFC1_4,HCFC1,0,-0.003205,0.1875
HCFC1_5,HCFC1,0,0.003836,0.08677
HCFC1_6,HCFC1,0,-7.911e-05,0.03935
HCLS1_1,HCLS1,0,0.00214,0.1661
HCLS1_2,HCLS1,0,-0.03068,0.2198
HCLS1_3,HCLS1,0,0.003928,0.122
HCLS1_4,HCLS1,0,-0.004273,0.1389
HCLS1_5,HCLS1,0,0.006082,0.1821
HCLS1_6,HCLS1,0,-0.0004,0.1596
HDAC1_1,HDAC1,0,-0.004679,0.1801
HDAC1_2,HDAC1,0,0.01196,0.2757
HDAC1_3,HDAC1,0,-0.02514,0.2022
HDAC1_4,HDAC1,0,-0.01367,0.1977
HDAC1_5,HDAC1,0,-0.005137,0.1406
HDAC1_6,HDAC1,0,-0.01853,0.2963
HDAC3_1,HDAC3,0,-0.01027,0.1417
HDAC3_2,HDAC3,0,-0.03395,0.3071
HDAC3_3,HDAC3,0,-0.01547,0.2457
HDAC3_4,HDAC3,0,-0.0118,0.2294
HDAC3_5,HDAC3,0,0.003119,0.09251
HDAC3_6,HDAC3,0,-0.003672,0.1402
HDAC4_1,HDAC4,0,-0.01648,0.1822
HDAC4_2,HDAC4,0,-0.009004,0.1874
HDAC4_3,HDAC4,0,-0.01395,0.2269
HDAC4_4,HDAC4,0,-0.02836,0.2451
HDAC4_5,HDAC4,0,-0.001562,0.1656
HDAC4_6,HDAC4,0,0.0001452,0.1488
HDAC5_1,HDAC5,0,0.001737,0.1051
HDAC5_2,HDAC5,0,0.002929,0.1809
HDAC5_3,HDAC5,0,-0.02643,0.1674
HDAC5_4,HDAC5,0,-0.00315,0.1252
HDAC5_5,HDAC5,0,-0.01136,0.2194
HDAC5_6,HDAC5,0,0.007857,0.1826
HDGF_1,HDGF,0,-0.02006,0.1956
HDGF_2,HDGF,0,-0.02331,0.2697
HDGF_3,HDGF,0,-0.005648,0.2608
HDGF_4,HDGF,0,-0.04141,0.4171
HDGF_5,HDGF,0,-0.002881,0.1155
HDGF_6,HDGF,0,-0.001567,0.1187
HDX_1,HDX,0,0.0002167,0.1109
HDX_2,HDX,0,-0.004813,0.1509
HDX_3,HDX,0,-0.0821,0.3888
HDX_4,HDX,1,-0.0002103,0.1063
HDX_5,HDX,1,-0.001893,0.08648
HDX_6,HDX,0,0.001234,0.188
HELT_1,HELT,0,-0.03414,0.2238
HELT_2,HELT,0,-0.01568,0.3226
HELT_3,HELT,0,-0.008503,0.1945
HELT_4,HELT,0,-0.00637,0.1906
HELT_5,HELT,0,-0.003068,0.1848
HELT_6,HELT,0,-0.01227,0.1132
HELZ2_P1_1,HELZ2,0,-0.01278,0.1493
HELZ2_P1_2,HELZ2,0,-0.007719,0.2324
HELZ2_P1_3,HELZ2,0,-0.02595,0.3322
HELZ2_P1_4,HELZ2,0,-0.0478,0.4293
HELZ2_P1_5,HELZ2,0,-0.00718,0.1395
HELZ2_P1_6,HELZ2,0,-0.007786,0.09539
HELZ2_P2_1,HELZ2,0,-0.01989,0.3451
HELZ2_P2_2,HELZ2,0,-0.02861,0.3484
HELZ2_P2_3,HELZ2,0,-0.05278,0.4299
HELZ2_P2_4,HELZ2,0,-0.03701,0.4085
HELZ2_P2_5,HELZ2,0,-0.001322,0.2052
HELZ2_P2_6,HELZ2,0,-0.03365,0.2643
HES1_1,HES1,0,-0.03218,0.2086
HES1_2,HES1,0,-0.006749,0.1771
HES1_3,HES1,0,-0.02583,0.2924
HES1_4,HES1,0,-0.007785,0.09625
HES1_5,HES1,0,-0.007395,0.1383
HES1_6,HES1,0,-0.004265,0.1397
HES2_P1_1,HES2,0,0.002046,0.1739
HES2_P1_2,HES2,0,0.0001307,0.1253
HES2_P1_3,HES2,0,-0.0467,0.4975
HES2_P1_4,HES2,0,-0.02579,0.4147
HES2_P1_5,HES2,0,-8.78e-05,0.06611
HES2_P1_6,HES2,0,-0.01597,0.2233
HES2_P2_1,HES2,0,-0.005754,0.1066
HES2_P2_2,HES2,0,0.001866,0.1662
HES2_P2_3,HES2,0,-0.003354,0.2626
HES2_P2_4,HES2,0,-0.0139,0.202
HES2_P2_5,HES2,0,-0.002789,0.09823
HES2_P2_6,HES2,0,-0.009685,0.1465
HES3_1,HES3,0,0.005113,0.172
HES3_2,HES3,0,-0.03283,0.2168
HES3_3,HES3,0,-0.01265,0.155
HES3_4,HES3,0,0.0145,0.1316
HES3_5,HES3,0,-0.01025,0.129
HES3_6,HES3,0,-0.003677,0.1024
HES4_1,HES4,0,-0.02518,0.2089
HES4_2,HES4,0,-0.01421,0.2712
HES4_3,HES4,0,-0.03818,0.349
HES4_4,HES4,0,-0.01066,0.1973
HES4_5,HES4,0,-0.001123,0.09559
HES4_6,HES4,0,-0.002477,0.267
HES5_1,HES5,0,-0.002249,0.1601
HES5_2,HES5,0,-0.002302,0.1151
HES5_3,HES5,0,-0.04333,0.2526
HES5_4,HES5,0,-0.1018,0.5441
HES5_5,HES5,0,0.001493,0.1172
HES5_6,HES5,0,-0.007029,0.08891
HES6_1,HES6,0,-0.005459,0.246
HES6_2,HES6,0,-0.008282,0.1915
HES6_3,HES6,0,0.000211,0.08985
HES6_4,HES6,0,-0.007925,0.1966
HES6_5,HES6,0,-0.0003608,0.1132
HES6_6,HES6,0,0.004505,0.1463
HES7_1,HES7,0,-0.04693,0.4363
HES7_2,HES7,0,-0.02223,0.2124
HES7_3,HES7,0,-0.005078,0.2178
HES7_4,HES7,0,0.001536,0.1874
HES7_5,HES7,0,-0.02455,0.2161
HES7_6,HES7,0,-0.005124,0.07353
HESX1_P1_1,HESX1,0,-0.006317,0.1665
HESX1_P1_2,HESX1,0,-0.01046,0.1316
HESX1_P1_3,HESX1,0,-0.002514,0.1851
HESX1_P1_4,HESX1,0,-0.02785,0.2505
HESX1_P1_5,HESX1,0,-0.01158,0.17
HESX1_P1_6,HESX1,0,0.002829,0.1288
HESX1_P2_1,HESX1,0,0.003508,0.1638
HESX1_P2_2,HESX1,0,-0.008979,0.1282
HESX1_P2_3,HESX1,0,-0.01557,0.1859
HESX1_P2_4,HESX1,0,-0.008756,0.2413
HESX1_P2_5,HESX1,0,-0.007368,0.1135
HESX1_P2_6,HESX1,0,0.006527,0.1464
HEY1_1,HEY1,0,-0.005043,0.1628
HEY1_2,HEY1,0,-0.0188,0.2401
HEY1_3,HEY1,0,-0.007893,0.2613
HEY1_4,HEY1,0,-0.0177,0.1417
HEY1_5,HEY1,0,-0.001097,0.1396
HEY1_6,HEY1,0,0.01345,0.2187
HEY2_1,HEY2,0,-0.01641,0.221
HEY2_2,HEY2,0,-0.01198,0.0987
HEY2_3,HEY2,0,0.007487,0.196
HEY2_4,HEY2,0,-0.02545,0.3119
HEY2_5,HEY2,0,-0.02399,0.2859
HEY2_6,HEY2,0,-0.00956,0.167
HEYL_1,HEYL,0,-0.004432,0.2184
HEYL_2,HEYL,0,-0.002052,0.1526
HEYL_3,HEYL,0,-0.008825,0.2681
HEYL_4,HEYL,0,-0.004596,0.1629
HEYL_5,HEYL,0,-0.01433,0.1972
HEYL_6,HEYL,0,-0.01076,0.2046
HHEX_1,HHEX,0,-0.001303,0.1612
HHEX_2,HHEX,0,-0.02876,0.2497
HHEX_3,HHEX,0,-0.04631,0.3576
HHEX_4,HHEX,0,-0.02652,0.2776
HHEX_5,HHEX,0,-0.01057,0.1064
HHEX_6,HHEX,0,-0.006388,0.1538
HIC1_1,HIC1,0,0.004116,0.2168
HIC1_2,HIC1,0,-0.008437,0.2621
HIC1_3,HIC1,0,-0.3656,0.3748
HIC1_4,HIC1,0,-0.00866,0.09991
HIC1_5,HIC1,0,-0.005675,0.1311
HIC1_6,HIC1,0,-0.002982,0.162
HIC2_P1_1,HIC2,1,-0.01665,0.1872
HIC2_P1_2,HIC2,1,-0.01524,0.222
HIC2_P1_3,HIC2,1,-0.005851,0.1308
HIC2_P1_4,HIC2,0,-0.01464,0.2174
HIC2_P1_5,HIC2,0,-0.004229,0.1208
HIC2_P1_6,HIC2,0,-0.005729,0.1841
HIC2_P2_1,HIC2,0,-0.03182,0.3077
HIC2_P2_2,HIC2,0,-0.001765,0.1951
HIC2_P2_3,HIC2,0,0.00431,0.1068
HIC2_P2_4,HIC2,0,0.001912,0.1662
HIC2_P2_5,HIC2,0,-0.01479,0.2062
HIC2_P2_6,HIC2,0,-0.001084,0.09959
HIF1A_1,HIF1A,0,0.005712,0.1167
HIF1A_2,HIF1A,0,-0.004961,0.1354
HIF1A_3,HIF1A,0,-0.02218,0.2084
HIF1A_4,HIF1A,0,-0.01304,0.1966
HIF1A_5,HIF1A,0,-0.002245,0.1169
HIF1A_6,HIF1A,0,-0.02424,0.2206
HIF3A_P1_1,HIF3A,0,0.009309,0.2561
HIF3A_P1_2,HIF3A,0,-0.02151,0.233
HIF3A_P1_3,HIF3A,0,-0.03026,0.2072
HIF3A_P1_4,HIF3A,0,-0.03626,0.3464
HIF3A_P1_5,HIF3A,0,-0.0227,0.2203
HIF3A_P1_6,HIF3A,0,8.585e-05,0.07925
HIF3A_P2_1,HIF3A,0,-0.03149,0.2118
HIF3A_P2_2,HIF3A,0,-0.006097,0.1488
HIF3A_P2_3,HIF3A,0,-0.0008238,0.1786
HIF3A_P2_4,HIF3A,0,-0.009969,0.1653
HIF3A_P2_5,HIF3A,0,-0.002872,0.2039
HIF3A_P2_6,HIF3A,0,0.001451,0.07317
HINFP_3,HINFP,0,-0.0729,0.6465
HINFP_4,HINFP,0,-0.04226,0.3273
HINFP_5,HINFP,0,-0.1733,0.5495
HINFP_6,HINFP,0,-0.02849,0.2219
HIRA_P1_1,HIRA,1,-0.02508,0.2449
HIRA_P1_2,HIRA,1,-0.2912,0.5696
HIRA_P1_3,HIRA,0,-0.002378,0.1612
HIRA_P1_4,HIRA,0,0.002258,0.2191
HIRA_P1_5,HIRA,0,-0.0002547,0.17
HIRA_P1_6,HIRA,0,-0.001066,0.1099
HIRA_P2_1,HIRA,0,-0.007666,0.1834
HIRA_P2_2,HIRA,0,-0.01244,0.2225
HIRA_P2_3,HIRA,0,-0.01227,0.1984
HIRA_P2_4,HIRA,0,-0.03211,0.1915
HIRA_P2_5,HIRA,0,-0.02056,0.1872
HIRA_P2_6,HIRA,0,-0.014,0.09516
HIVEP1_1,HIVEP1,0,-0.01551,0.1656
HIVEP1_2,HIVEP1,0,-0.009927,0.2539
HIVEP1_3,HIVEP1,0,-0.03535,0.2948
HIVEP1_4,HIVEP1,0,-0.01271,0.1971
HIVEP1_5,HIVEP1,0,-0.0101,0.139
HIVEP1_6,HIVEP1,0,-0.000653,0.2386
HIVEP2_1,HIVEP2,0,-0.02278,0.1641
HIVEP2_2,HIVEP2,0,-0.00809,0.109
HIVEP2_3,HIVEP2,0,0.0008443,0.1384
HIVEP2_4,HIVEP2,0,0.01392,0.2476
HIVEP2_5,HIVEP2,0,0.002451,0.09237
HIVEP2_6,HIVEP2,0,-0.004254,0.08652
HIVEP3_P1_1|HIVEP3_P3_2,HIVEP3|HIVEP3,0,-0.01139,0.1306
HIVEP3_P1_2|HIVEP3_P3_6,HIVEP3|HIVEP3,0,-0.005921,0.09303
HIVEP3_P1_3,HIVEP3,0,-0.01998,0.1507
HIVEP3_P1_4,HIVEP3,0,-0.1336,0.568
HIVEP3_P1_5,HIVEP3,0,-0.02015,0.1291
HIVEP3_P1_6,HIVEP3,0,-7.559e-05,0.1598
HIVEP3_P2_1,HIVEP3,0,0.008914,0.2236
HIVEP3_P2_2,HIVEP3,0,-0.00709,0.1733
HIVEP3_P2_3,HIVEP3,0,-0.03947,0.2454
HIVEP3_P2_4,HIVEP3,0,-0.04337,0.308
HIVEP3_P2_5,HIVEP3,0,0.01114,0.2155
HIVEP3_P2_6,HIVEP3,0,-0.001053,0.1092
HIVEP3_P3_1,HIVEP3,0,0.009489,0.1849
HIVEP3_P3_3,HIVEP3,0,-0.03222,0.2691
HIVEP3_P3_4,HIVEP3,0,0.001431,0.1688
HIVEP3_P3_5,HIVEP3,0,-0.01459,0.1575
HKR1_P1_1,HKR1,0,-0.002139,0.1833
HKR1_P1_2,HKR1,0,-0.01125,0.2977
HKR1_P1_3,HKR1,0,-0.001177,0.1908
HKR1_P1_4,HKR1,0,-0.01389,0.2808
HKR1_P1_5,HKR1,0,-0.001634,0.1616
HKR1_P1_6,HKR1,0,0.002917,0.09577
HKR1_P2_1,HKR1,0,-0.006469,0.1061
HKR1_P2_2,HKR1,0,-0.02867,0.2678
HKR1_P2_3,HKR1,0,-0.0234,0.284
HKR1_P2_4,HKR1,0,-0.01945,0.2576
HKR1_P2_5,HKR1,0,-0.02422,0.2747
HKR1_P2_6,HKR1,0,0.007253,0.1303
HLF_P1_1,HLF,0,0.0003309,0.2211
HLF_P1_2,HLF,0,-0.01236,0.1417
HLF_P1_3,HLF,0,0.005514,0.1759
HLF_P1_4,HLF,0,-0.002549,0.3113
HLF_P1_5,HLF,0,-0.005298,0.1429
HLF_P1_6,HLF,0,-0.01837,0.1693
HLF_P2_1,HLF,0,-0.002024,0.2349
HLF_P2_2,HLF,0,-0.001634,0.1693
HLF_P2_3,HLF,0,-0.008003,0.1416
HLF_P2_4,HLF,0,-0.02935,0.1762
HLF_P2_5,HLF,0,-0.008111,0.1344
HLF_P2_6,HLF,0,-0.0005164,0.1096
HLTF_1,HLTF,0,0.000257,0.1373
HLTF_2,HLTF,0,-0.001353,0.1526
HLTF_3,HLTF,0,0.008122,0.3299
HLTF_4,HLTF,0,-0.0199,0.2358
HLTF_5,HLTF,0,-0.02476,0.2159
HLTF_6,HLTF,0,-0.001588,0.09046
HLX_1,HLX,0,-0.001795,0.2149
HLX_2,HLX,0,-0.004974,0.08375
HLX_3,HLX,0,-0.0186,0.2182
HLX_4,HLX,0,-0.01475,0.2012
HLX_5,HLX,0,-0.0007642,0.1169
HLX_6,HLX,0,-0.03271,0.2084
HMBOX1_1,HMBOX1,0,0.0007112,0.1636
HMBOX1_2,HMBOX1,0,-0.02155,0.195
HMBOX1_3,HMBOX1,0,0.001791,0.1483
HMBOX1_4,HMBOX1,0,-0.005473,0.2232
HMBOX1_5,HMBOX1,0,-0.01082,0.1424
HMBOX1_6,HMBOX1,0,-0.004041,0.1181
HMG20A_1,HMG20A,0,-0.006659,0.1337
HMG20A_2,HMG20A,0,-0.008542,0.1623
HMG20A_3,HMG20A,0,-0.04916,0.3051
HMG20A_4,HMG20A,0,-0.02116,0.1238
HMG20A_5,HMG20A,0,-0.009734,0.0809
HMG20A_6,HMG20A,0,-0.01183,0.1146
HMG20B_P1_2,HMG20B,0,-0.0108,0.1763
HMG20B_P1_3,HMG20B,0,-0.0472,0.2531
HMG20B_P1_4,HMG20B,0,-0.01601,0.2114
HMG20B_P1_5,HMG20B,0,0.0005134,0.1336
HMG20B_P1_6,HMG20B,0,-0.006598,0.1281
HMG20B_P2_1,HMG20B,0,-0.004902,0.1083
HMG20B_P2_2,HMG20B,0,-0.02392,0.2498
HMG20B_P2_3,HMG20B,0,-0.006479,0.2125
HMG20B_P2_4,HMG20B,0,-0.01755,0.2627
HMG20B_P2_5,HMG20B,0,-0.03723,0.2927
HMG20B_P2_6,HMG20B,0,-0.006041,0.105
HMGA1_1,HMGA1,0,-0.007736,0.1403
HMGA1_2,HMGA1,0,-0.02829,0.2249
HMGA1_3,HMGA1,0,-0.02204,0.1925
HMGA1_4,HMGA1,0,0.0009528,0.1528
HMGA1_5,HMGA1,0,-0.00668,0.1323
HMGA1_6,HMGA1,0,-0.01336,0.1716
HMGA2_1,HMGA2,0,-0.0138,0.1706
HMGA2_2,HMGA2,0,-0.01063,0.1435
HMGA2_3,HMGA2,0,-0.006867,0.1815
HMGA2_4,HMGA2,0,-0.00353,0.2336
HMGA2_5,HMGA2,0,-0.001992,0.07794
HMGA2_6,HMGA2,0,-0.01127,0.1714
HMGB1_P1_1,HMGB1,0,-0.01224,0.17
HMGB1_P1_2,HMGB1,0,-0.03628,0.3822
HMGB1_P1_3,HMGB1,0,-0.01559,0.2957
HMGB1_P1_4,HMGB1,0,0.01356,0.3072
HMGB1_P1_5,HMGB1,0,-0.007954,0.1409
HMGB1_P1_6,HMGB1,0,0.006427,0.1068
HMGB1_P2_1,HMGB1,0,-0.02889,0.2656
HMGB1_P2_2,HMGB1,0,-0.0339,0.2515
HMGB1_P2_3,HMGB1,0,-0.01852,0.2923
HMGB1_P2_4,HMGB1,0,-0.02715,0.4517
HMGB1_P2_5,HMGB1,0,-0.003548,0.1436
HMGB1_P2_6,HMGB1,0,-0.01585,0.1302
HMGB2_1,HMGB2,0,-0.006693,0.1683
HMGB2_2,HMGB2,0,-0.03398,0.2166
HMGB2_3,HMGB2,0,-0.02927,0.215
HMGB2_4,HMGB2,0,-0.04865,0.3048
HMGB2_5,HMGB2,0,-0.005475,0.1003
HMGB2_6,HMGB2,0,-0.00219,0.0981
HMGB3_1,HMGB3,0,-0.1279,0.4939
HMGB3_2,HMGB3,0,-0.0205,0.2931
HMGB3_3,HMGB3,0,-0.003837,0.1993
HMGB3_4,HMGB3,0,-0.005244,0.1779
HMGB3_5,HMGB3,0,-0.004624,0.09486
HMGB3_6,HMGB3,0,0.01063,0.1545
HMGB4_1,HMGB4,0,-0.002184,0.2085
HMGB4_2,HMGB4,0,0.004305,0.2408
HMGB4_3,HMGB4,0,-0.002314,0.1406
HMGB4_4,HMGB4,0,-0.0414,0.3412
HMGB4_5,HMGB4,0,-0.0003741,0.1089
HMGB4_6,HMGB4,0,-0.02215,0.1177
HMGN2_1,HMGN2,0,0.004421,0.113
HMGN2_2,HMGN2,0,-0.01166,0.1606
HMGN2_3,HMGN2,0,-0.01639,0.1596
HMGN2_4,HMGN2,0,-0.03253,0.2499
HMGN2_5,HMGN2,0,-0.01169,0.1003
HMGN2_6,HMGN2,0,-0.007219,0.09964
HMGN3_1,HMGN3,0,-0.01376,0.1172
HMGN3_2,HMGN3,0,0.005555,0.2509
HMGN3_3,HMGN3,0,0.0004798,0.2001
HMGN3_4,HMGN3,0,-0.01981,0.2773
HMGN3_5,HMGN3,0,-0.0355,0.285
HMGN3_6,HMGN3,0,0.006571,0.2247
HMGXB3_1,HMGXB3,0,-0.03205,0.2578
HMGXB3_2,HMGXB3,1,-0.0008279,0.1398
HMGXB3_3,HMGXB3,0,-0.006935,0.2251
HMGXB3_4,HMGXB3,0,-0.006248,0.2749
HMGXB3_5,HMGXB3,0,-0.002571,0.1574
HMGXB3_6,HMGXB3,1,-0.004852,0.08304
HMGXB4_1,HMGXB4,0,-0.004522,0.1031
HMGXB4_2,HMGXB4,0,-0.0009873,0.1401
HMGXB4_3,HMGXB4,0,-0.006468,0.2423
HMGXB4_4,HMGXB4,0,-0.00567,0.2148
HMGXB4_5,HMGXB4,0,-0.0108,0.2247
HMGXB4_6,HMGXB4,0,4.523e-05,0.1194
HMX1_1,HMX1,0,-0.004565,0.1319
HMX1_2,HMX1,0,-0.006155,0.171
HMX1_3,HMX1,0,-0.001026,0.1318
HMX1_4,HMX1,0,-0.01038,0.2113
HMX1_5,HMX1,0,-0.002081,0.1783
HMX1_6,HMX1,0,-0.008341,0.1051
HMX2_1,HMX2,0,-0.04572,0.3271
HMX2_2,HMX2,0,-0.05619,0.3557
HMX2_3,HMX2,0,-0.02963,0.3376
HMX2_4,HMX2,0,-0.02665,0.3927
HMX2_5,HMX2,0,-0.02064,0.2042
HMX2_6,HMX2,0,-0.008179,0.1145
HMX3_1,HMX3,0,-0.001027,0.1849
HMX3_2,HMX3,0,-0.01933,0.2217
HMX3_3,HMX3,0,-0.02191,0.3295
HMX3_4,HMX3,0,-0.03991,0.2836
HMX3_5,HMX3,0,0.004997,0.1326
HMX3_6,HMX3,0,0.005054,0.1414
HNF1A_1,HNF1A,0,-0.006096,0.09823
HNF1A_2,HNF1A,0,-0.01396,0.2842
HNF1A_3,HNF1A,0,-0.01821,0.1872
HNF1A_4,HNF1A,0,0.01529,0.2009
HNF1A_5,HNF1A,0,-0.003319,0.0891
HNF1A_6,HNF1A,0,0.003913,0.0966
HNF1B_1,HNF1B,0,-0.01301,0.2182
HNF1B_2,HNF1B,0,0.006207,0.1353
HNF1B_3,HNF1B,0,-0.02834,0.3826
HNF1B_4,HNF1B,0,-0.04804,0.288
HNF1B_5,HNF1B,0,-0.01032,0.127
HNF1B_6,HNF1B,0,-0.0138,0.2469
HNF4A_1,HNF4A,0,-0.01552,0.2328
HNF4A_2,HNF4A,0,0.001972,0.3728
HNF4A_3,HNF4A,0,-0.01671,0.2262
HNF4A_4,HNF4A,0,4.359e-05,0.1392
HNF4A_5,HNF4A,0,-0.004346,0.1217
HNF4A_6,HNF4A,0,-0.01903,0.3584
HNF4G_P1_1,HNF4G,0,-0.002065,0.1457
HNF4G_P1_2,HNF4G,0,-0.0008018,0.1327
HNF4G_P1_3,HNF4G,0,-0.01256,0.2509
HNF4G_P1_4,HNF4G,0,-0.02019,0.1692
HNF4G_P1_5,HNF4G,0,0.003064,0.1843
HNF4G_P1_6,HNF4G,0,0.01927,0.1659
HNF4G_P2_1,HNF4G,0,-0.004578,0.1373
HNF4G_P2_2,HNF4G,0,-0.05245,0.403
HNF4G_P2_3,HNF4G,0,-0.01425,0.2448
HNF4G_P2_4,HNF4G,0,-0.001806,0.1484
HNF4G_P2_5,HNF4G,0,-0.001628,0.1791
HNF4G_P2_6,HNF4G,0,-0.003182,0.07762
HNRNPK_1,HNRNPK,0,-0.0184,0.2681
HNRNPK_2,HNRNPK,0,-0.01831,0.1241
HNRNPK_3,HNRNPK,0,-0.005056,0.1808
HNRNPK_4,HNRNPK,0,0.0001865,0.103
HNRNPK_5,HNRNPK,0,-0.01877,0.1601
HNRNPK_6,HNRNPK,0,-0.01006,0.1182
HNRNPU_1,HNRNPU,0,-0.001331,0.1354
HNRNPU_2,HNRNPU,0,-0.001812,0.1034
HNRNPU_3,HNRNPU,0,-0.01063,0.2483
HNRNPU_4,HNRNPU,0,-0.02637,0.1734
HNRNPU_5,HNRNPU,0,-0.005344,0.1363
HNRNPU_6,HNRNPU,0,-0.001153,0.05677
HOMEZ_1,HOMEZ,0,-0.0249,0.2954
HOMEZ_2,HOMEZ,0,-0.002653,0.1619
HOMEZ_3,HOMEZ,0,-0.006155,0.1799
HOMEZ_4,HOMEZ,0,-0.01234,0.2294
HOMEZ_5,HOMEZ,0,-0.02103,0.1675
HOMEZ_6,HOMEZ,0,0.003134,0.1824
HOPX_P1_1,HOPX,0,-0.001367,0.1067
HOPX_P1_2,HOPX,0,-0.02116,0.2394
HOPX_P1_3,HOPX,0,-0.01303,0.169
HOPX_P1_4,HOPX,0,-0.02922,0.1765
HOPX_P1_5,HOPX,0,-0.009482,0.1217
HOPX_P1_6,HOPX,0,-2.426e-05,0.1285
HOPX_P2_1,HOPX,0,0.02846,0.2177
HOPX_P2_2,HOPX,0,0.01934,0.2458
HOPX_P2_3,HOPX,0,-0.007838,0.1197
HOPX_P2_4,HOPX,0,-0.03408,0.2071
HOPX_P2_5,HOPX,0,-0.008281,0.241
HOPX_P2_6,HOPX,0,-0.003534,0.1352
HOXA10_1,HOXA10,0,-0.03772,0.3873
HOXA10_2,HOXA10,0,-0.01849,0.177
HOXA10_3,HOXA10,0,-0.0228,0.1768
HOXA10_4,HOXA10,0,-0.03308,0.3752
HOXA10_5,HOXA10,0,-0.002458,0.152
HOXA10_6,HOXA10,0,-0.005669,0.06615
HOXA11_1,HOXA11,0,-0.003366,0.09674
HOXA11_2,HOXA11,0,0.005552,0.1741
HOXA11_3,HOXA11,0,-0.00883,0.172
HOXA11_4,HOXA11,0,-0.01531,0.1469
HOXA11_5,HOXA11,0,-0.007044,0.1555
HOXA11_6,HOXA11,0,-0.008664,0.2163
HOXA13_1,HOXA13,0,-0.01501,0.1648
HOXA13_2,HOXA13,0,-0.1638,0.5224
HOXA13_3,HOXA13,0,-0.01364,0.2306
HOXA13_4,HOXA13,0,-0.01848,0.1416
HOXA13_5,HOXA13,0,-0.00369,0.1071
HOXA13_6,HOXA13,0,-0.008797,0.1449
HOXA1_1,HOXA1,0,0.005042,0.1196
HOXA1_2,HOXA1,0,-0.008536,0.1246
HOXA1_3,HOXA1,0,-0.08493,0.5086
HOXA1_4,HOXA1,0,-0.08934,0.5174
HOXA1_5,HOXA1,0,0.002111,0.07843
HOXA1_6,HOXA1,0,-0.005871,0.138
HOXA2_1,HOXA2,0,-0.001331,0.1945
HOXA2_2,HOXA2,0,-0.01437,0.177
HOXA2_3,HOXA2,0,-0.03721,0.2521
HOXA2_4,HOXA2,0,-0.02275,0.1682
HOXA2_5,HOXA2,0,-0.03948,0.2047
HOXA2_6,HOXA2,0,-0.008864,0.1768
HOXA3_P1_1,HOXA3,0,0.0007996,0.1651
HOXA3_P1_2,HOXA3,0,-0.03054,0.3065
HOXA3_P1_3,HOXA3,0,-0.02762,0.2434
HOXA3_P1_4,HOXA3,0,-0.007175,0.1379
HOXA3_P1_5,HOXA3,0,-0.008464,0.1512
HOXA3_P1_6,HOXA3,0,-0.00555,0.09545
HOXA3_P2_1,HOXA3,0,-0.01239,0.1462
HOXA3_P2_2,HOXA3,0,-0.02177,0.171
HOXA3_P2_3,HOXA3,0,-0.01577,0.1988
HOXA3_P2_4,HOXA3,0,-0.02581,0.2213
HOXA3_P2_5,HOXA3,0,-0.01003,0.1603
HOXA3_P2_6,HOXA3,0,0.0113,0.2046
HOXA4_1,HOXA4,0,0.0008419,0.1991
HOXA4_2,HOXA4,0,0.003567,0.1432
HOXA4_3,HOXA4,0,0.02602,0.1777
HOXA4_4,HOXA4,0,-0.003246,0.1254
HOXA4_5,HOXA4,0,0.00241,0.1186
HOXA4_6,HOXA4,0,-0.0007356,0.1523
HOXA5_1,HOXA5,0,0.002042,0.1352
HOXA5_2,HOXA5,0,0.002857,0.1374
HOXA5_3,HOXA5,0,-0.01023,0.1611
HOXA5_4,HOXA5,0,-0.0245,0.2202
HOXA5_5,HOXA5,0,-0.0006778,0.113
HOXA5_6,HOXA5,0,-0.002782,0.06137
HOXA6_1,HOXA6,0,-0.008173,0.1724
HOXA6_2,HOXA6,0,-0.005715,0.1752
HOXA6_3,HOXA6,0,-0.05493,0.3524
HOXA6_4,HOXA6,0,-0.01599,0.2057
HOXA6_5,HOXA6,0,-0.005041,0.2305
HOXA6_6,HOXA6,0,0.002232,0.08895
HOXA7_1,HOXA7,0,-0.02173,0.1931
HOXA7_2,HOXA7,0,-0.006395,0.1006
HOXA7_3,HOXA7,0,-0.006488,0.1513
HOXA7_4,HOXA7,0,5.427e-05,0.07504
HOXA7_5,HOXA7,0,-0.01212,0.1664
HOXA7_6,HOXA7,0,-0.009715,0.09576
HOXA9_1,HOXA9,0,-0.009549,0.1626
HOXA9_2,HOXA9,0,-0.006588,0.1305
HOXA9_3,HOXA9,0,-0.03795,0.3418
HOXA9_4,HOXA9,0,-0.01256,0.2559
HOXA9_5,HOXA9,0,-0.006617,0.1147
HOXA9_6,HOXA9,0,-0.01019,0.1733
HOXB13_1,HOXB13,0,-0.001952,0.2386
HOXB13_2,HOXB13,0,-0.00347,0.1367
HOXB13_3,HOXB13,0,-0.06269,0.4356
HOXB13_4,HOXB13,0,0.009336,0.1679
HOXB13_5,HOXB13,0,-0.009521,0.1675
HOXB13_6,HOXB13,0,-0.002598,0.2202
HOXB1_1,HOXB1,0,-0.0218,0.2388
HOXB1_2,HOXB1,0,-0.01535,0.2029
HOXB1_3,HOXB1,0,-0.004284,0.2068
HOXB1_4,HOXB1,0,0.002841,0.2236
HOXB1_5,HOXB1,0,-0.009823,0.2098
HOXB1_6,HOXB1,0,-0.01301,0.113
HOXB2_1,HOXB2,0,-0.01779,0.1437
HOXB2_2,HOXB2,0,-0.0735,0.4314
HOXB2_3,HOXB2,0,-0.02785,0.2021
HOXB2_4,HOXB2,0,-0.001724,0.1179
HOXB2_5,HOXB2,0,-0.01949,0.1592
HOXB2_6,HOXB2,0,-0.001937,0.09637
HOXB3_1,HOXB3,0,0.001392,0.1703
HOXB3_2,HOXB3,0,0.003136,0.16
HOXB3_3,HOXB3,0,-0.006338,0.2567
HOXB3_4,HOXB3,0,-0.1748,0.6614
HOXB3_5,HOXB3,0,0.005169,0.1269
HOXB3_6,HOXB3,0,0.003034,0.1081
HOXB4_1,HOXB4,0,-0.008022,0.1499
HOXB4_2,HOXB4,0,-0.04482,0.2963
HOXB4_3,HOXB4,0,-0.02645,0.2024
HOXB4_4,HOXB4,0,-0.04895,0.2732
HOXB4_5,HOXB4,0,-0.003627,0.1446
HOXB4_6,HOXB4,0,-0.003434,0.1823
HOXB5_1,HOXB5,0,-0.002848,0.1419
HOXB5_2,HOXB5,0,-0.0114,0.183
HOXB5_3,HOXB5,0,-0.03322,0.2805
HOXB5_4,HOXB5,0,-0.0008889,0.2828
HOXB5_5,HOXB5,0,-0.008318,0.05673
HOXB5_6,HOXB5,0,-0.0002615,0.1065
HOXB6_P1_1,HOXB6,0,-0.006602,0.1617
HOXB6_P1_2,HOXB6,0,-0.01043,0.2435
HOXB6_P1_3,HOXB6,0,-0.001588,0.1773
HOXB6_P1_4,HOXB6,0,0.01194,0.2949
HOXB6_P1_5,HOXB6,0,-0.01614,0.127
HOXB6_P1_6,HOXB6,0,0.002915,0.1615
HOXB6_P2_1,HOXB6,0,-0.005603,0.1235
HOXB6_P2_2,HOXB6,0,-0.005464,0.1505
HOXB6_P2_3,HOXB6,0,-0.02748,0.227
HOXB6_P2_4,HOXB6,0,-0.01815,0.1976
HOXB6_P2_5,HOXB6,0,-0.02044,0.2031
HOXB6_P2_6,HOXB6,0,-0.01546,0.1985
HOXB7_1,HOXB7,0,0.005701,0.2578
HOXB7_2,HOXB7,0,-0.01308,0.1694
HOXB7_3,HOXB7,0,0.02559,0.2244
HOXB7_4,HOXB7,0,-0.003324,0.1059
HOXB7_5,HOXB7,0,0.01802,0.1852
HOXB7_6,HOXB7,0,-0.002342,0.1047
HOXB8_P1_1,HOXB8,0,-0.00647,0.1168
HOXB8_P1_2,HOXB8,0,0.0117,0.1131
HOXB8_P1_3,HOXB8,0,-0.001677,0.1503
HOXB8_P1_4,HOXB8,0,-0.03107,0.2264
HOXB8_P1_5,HOXB8,0,-0.003317,0.1568
HOXB8_P1_6,HOXB8,0,-0.001303,0.1314
HOXB8_P2_1,HOXB8,0,-0.0105,0.1544
HOXB8_P2_2,HOXB8,0,-0.004615,0.1074
HOXB8_P2_3,HOXB8,0,-0.00957,0.2042
HOXB8_P2_4,HOXB8,0,-0.01156,0.286
HOXB8_P2_5,HOXB8,0,-8.191e-05,0.05683
HOXB8_P2_6,HOXB8,0,-0.001146,0.1193
HOXB9_1,HOXB9,0,-0.03113,0.2407
HOXB9_2,HOXB9,0,-0.03061,0.1827
HOXB9_3,HOXB9,0,-0.002775,0.1334
HOXB9_4,HOXB9,0,-0.009957,0.3026
HOXB9_5,HOXB9,0,0.002564,0.142
HOXB9_6,HOXB9,0,-0.01421,0.1443
HOXC10_1,HOXC10,0,-0.01459,0.1648
HOXC10_2,HOXC10,0,-0.01212,0.2126
HOXC10_3,HOXC10,0,0.005357,0.1853
HOXC10_4,HOXC10,0,-0.003259,0.1606
HOXC10_5,HOXC10,0,-0.01286,0.1221
HOXC10_6,HOXC10,0,0.0003914,0.09331
HOXC11_1,HOXC11,0,-0.01752,0.1827
HOXC11_2,HOXC11,0,-0.02758,0.4128
HOXC11_3,HOXC11,0,-0.007759,0.1772
HOXC11_4,HOXC11,0,-0.03581,0.2739
HOXC11_5,HOXC11,0,-0.001869,0.2358
HOXC11_6,HOXC11,0,-0.001289,0.1082
HOXC12_1,HOXC12,0,-0.002555,0.08524
HOXC12_2,HOXC12,0,-0.01962,0.1392
HOXC12_3,HOXC12,0,-0.01641,0.1785
HOXC12_4,HOXC12,0,-0.1634,0.8088
HOXC12_5,HOXC12,0,-0.001402,0.09892
HOXC12_6,HOXC12,0,-0.02513,0.191
HOXC13_1,HOXC13,0,-0.02136,0.1946
HOXC13_2,HOXC13,0,-0.01142,0.2086
HOXC13_3,HOXC13,0,-0.01052,0.221
HOXC13_4,HOXC13,0,-0.002455,0.275
HOXC13_5,HOXC13,0,-0.01784,0.1609
HOXC13_6,HOXC13,0,0.001118,0.07349
HOXC4_1,HOXC4,0,-0.01142,0.1332
HOXC4_2,HOXC4,0,-0.01311,0.2046
HOXC4_3,HOXC4,0,-0.00805,0.1532
HOXC4_4,HOXC4,0,-0.02599,0.2043
HOXC4_5,HOXC4,0,-0.002469,0.1338
HOXC4_6,HOXC4,0,-0.01858,0.1665
HOXC5_1|HOXC6_1,HOXC5|HOXC6,0,0.02405,0.2096
HOXC5_2|HOXC6_3,HOXC5|HOXC6,0,-0.02171,0.231
HOXC5_3,HOXC5,0,-0.01873,0.1803
HOXC5_4,HOXC5,0,-0.004638,0.1251
HOXC5_5|HOXC6_2,HOXC5|HOXC6,0,0.01331,0.1681
HOXC5_6|HOXC6_4,HOXC5|HOXC6,0,-0.01237,0.1404
HOXC6_5,HOXC6,0,-0.01347,0.1791
HOXC6_6,HOXC6,0,-0.00554,0.1858
HOXC8_1,HOXC8,0,-0.04267,0.3827
HOXC8_2,HOXC8,0,-0.01206,0.133
HOXC8_3,HOXC8,0,-0.0371,0.2909
HOXC8_4,HOXC8,0,-0.04322,0.3922
HOXC8_5,HOXC8,0,0.002126,0.07515
HOXC8_6,HOXC8,0,-0.006083,0.1125
HOXC9_1,HOXC9,0,-0.01594,0.1593
HOXC9_2,HOXC9,0,-0.008279,0.2087
HOXC9_3,HOXC9,0,-0.0184,0.1561
HOXC9_4,HOXC9,0,-0.0641,0.3791
HOXC9_5,HOXC9,0,0.002121,0.1445
HOXC9_6,HOXC9,0,-0.0126,0.143
HOXD10_P1_1,HOXD10,0,0.006386,0.1325
HOXD10_P1_2,HOXD10,0,-0.01736,0.194
HOXD10_P1_3,HOXD10,0,0.003127,0.1433
HOXD10_P1_4,HOXD10,0,-0.01318,0.3083
HOXD10_P1_5,HOXD10,0,-0.004118,0.1189
HOXD10_P1_6,HOXD10,0,-0.01083,0.1174
HOXD10_P2_1,HOXD10,0,0.00822,0.245
HOXD10_P2_2,HOXD10,0,-0.02037,0.1676
HOXD10_P2_3,HOXD10,0,-0.009345,0.1712
HOXD10_P2_4,HOXD10,0,0.002177,0.2943
HOXD10_P2_5,HOXD10,0,-0.01537,0.1672
HOXD10_P2_6,HOXD10,0,-0.006272,0.1001
HOXD11_1,HOXD11,0,0.003436,0.299
HOXD11_2,HOXD11,0,0.006853,0.186
HOXD11_3,HOXD11,0,0.01707,0.1828
HOXD11_4,HOXD11,0,-0.04211,0.2917
HOXD11_5,HOXD11,0,-0.0008112,0.04736
HOXD11_6,HOXD11,0,0.008936,0.1903
HOXD12_1,HOXD12,0,-0.005,0.1779
HOXD12_2,HOXD12,0,-0.01426,0.2091
HOXD12_3,HOXD12,0,-0.004767,0.1122
HOXD12_4,HOXD12,0,2.621e-05,0.1455
HOXD12_5,HOXD12,0,0.003754,0.1654
HOXD12_6,HOXD12,0,-0.002648,0.1103
HOXD13_1,HOXD13,0,-0.03287,0.2891
HOXD13_2,HOXD13,0,0.001553,0.1174
HOXD13_3,HOXD13,0,0.01253,0.195
HOXD13_4,HOXD13,0,0.01495,0.2694
HOXD13_5,HOXD13,0,0.00895,0.1535
HOXD13_6,HOXD13,0,-0.01336,0.1263
HOXD1_1,HOXD1,0,-0.006947,0.1307
HOXD1_2,HOXD1,0,-0.03219,0.3741
HOXD1_3,HOXD1,0,-0.02998,0.2377
HOXD1_4,HOXD1,0,-0.008585,0.1516
HOXD1_5,HOXD1,0,-0.005367,0.2282
HOXD1_6,HOXD1,0,-0.007815,0.1216
HOXD3_1,HOXD3,0,-0.009782,0.2206
HOXD3_2,HOXD3,0,-0.01455,0.2584
HOXD3_3,HOXD3,0,-0.02968,0.2279
HOXD3_4,HOXD3,0,-0.01203,0.1069
HOXD3_5,HOXD3,0,-0.01789,0.1837
HOXD3_6,HOXD3,0,0.003039,0.1565
HOXD4_1,HOXD4,0,-0.01546,0.2166
HOXD4_2,HOXD4,0,-0.02315,0.2231
HOXD4_3,HOXD4,0,-0.005992,0.1471
HOXD4_4,HOXD4,0,0.003676,0.2015
HOXD4_5,HOXD4,0,-0.001282,0.1092
HOXD4_6,HOXD4,0,0.001832,0.1696
HOXD8_1,HOXD8,0,-0.003772,0.2281
HOXD8_2,HOXD8,0,-0.00707,0.162
HOXD8_3,HOXD8,0,-0.01041,0.2341
HOXD8_4,HOXD8,0,-0.01758,0.1899
HOXD8_5,HOXD8,0,-0.01303,0.1001
HOXD8_6,HOXD8,0,0.001445,0.13
HOXD9_1,HOXD9,0,-0.01786,0.1939
HOXD9_2,HOXD9,0,-0.02152,0.2441
HOXD9_3,HOXD9,0,-0.03046,0.3165
HOXD9_4,HOXD9,0,-0.06992,0.4498
HOXD9_5,HOXD9,0,-0.0003048,0.1548
HOXD9_6,HOXD9,0,-0.01014,0.1384
HR_P1_1,HR,0,-0.002098,0.1425
HR_P1_2,HR,0,-0.004019,0.2665
HR_P1_3,HR,0,-0.01639,0.1782
HR_P1_4,HR,0,-0.01433,0.1457
HR_P1_5,HR,0,-0.006882,0.1288
HR_P1_6,HR,0,-0.004493,0.1562
HR_P2_1,HR,0,-0.004966,0.2119
HR_P2_2,HR,0,-0.0275,0.2737
HR_P2_3,HR,0,0.00196,0.1523
HR_P2_4,HR,0,-0.01301,0.1129
HR_P2_5,HR,0,-0.01276,0.1651
HR_P2_6,HR,0,-0.02583,0.2817
HSF1_1,HSF1,0,-0.007216,0.1607
HSF1_2,HSF1,0,-0.001156,0.1763
HSF1_3,HSF1,0,-0.02224,0.2168
HSF1_4,HSF1,0,-0.008077,0.1223
HSF1_5,HSF1,0,-0.007737,0.08611
HSF1_6,HSF1,0,-0.01362,0.1202
HSF2_1,HSF2,0,-0.02965,0.2772
HSF2_2,HSF2,0,-0.000117,0.1729
HSF2_3,HSF2,0,0.008663,0.169
HSF2_4,HSF2,0,0.002681,0.1337
HSF2_5,HSF2,0,-0.004738,0.1738
HSF2_6,HSF2,0,0.0005344,0.1369
HSF4_1,HSF4,0,-0.03197,0.2991
HSF4_2,HSF4,0,-0.02135,0.1741
HSF4_3,HSF4,0,-0.01133,0.2155
HSF4_4,HSF4,0,-0.3008,0.7097
HSF4_5,HSF4,0,-0.01815,0.1545
HSF4_6,HSF4,0,-0.002409,0.09382
HSF5_1,HSF5,0,-0.001157,0.1867
HSF5_2,HSF5,0,-0.0008198,0.1979
HSF5_3,HSF5,0,-0.01197,0.09621
HSF5_4,HSF5,0,-0.009092,0.2498
HSF5_5,HSF5,0,-0.01064,0.113
HSF5_6,HSF5,0,-0.009429,0.1171
HSFX1_1|HSFX2_1,HSFX1|HSFX2,0,-0.014,0.1726
HSFX1_2|HSFX2_2,HSFX1|HSFX2,0,-0.001855,0.09724
HSFX1_3|HSFX2_3,HSFX1|HSFX2,0,-0.01925,0.1989
HSFX1_4|HSFX2_4,HSFX1|HSFX2,0,-0.008405,0.1623
HSFX1_5|HSFX2_5,HSFX1|HSFX2,0,-0.0004566,0.06656
HSFX1_6|HSFX2_6,HSFX1|HSFX2,0,-0.005932,0.1264
HSFY2_1|HSFY1_1,HSFY2|HSFY1,0,0.002283,0.3012
HSFY2_2|HSFY1_2,HSFY2|HSFY1,0,-0.007535,0.09607
HSFY2_3|HSFY1_3,HSFY2|HSFY1,0,-0.01069,0.3025
HSFY2_4|HSFY1_4,HSFY2|HSFY1,0,-0.002239,0.1028
HSFY2_5|HSFY1_5,HSFY2|HSFY1,0,-0.007191,0.1027
HSFY2_6|HSFY1_6,HSFY2|HSFY1,0,-0.004892,0.1103
ID1_1,ID1,0,-0.009065,0.1492
ID1_2,ID1,0,0.002735,0.0874
ID1_3,ID1,0,-0.0093,0.2134
ID1_4,ID1,0,-0.005417,0.1122
ID1_5,ID1,0,-0.0108,0.1169
ID1_6,ID1,0,0.007704,0.1402
ID2_P1_1,ID2,0,-0.02724,0.3187
ID2_P1_2,ID2,0,-0.0095,0.1752
ID2_P1_3,ID2,0,0.004302,0.1661
ID2_P1_4,ID2,0,-0.1236,0.4917
ID2_P1_5,ID2,0,-0.004795,0.2343
ID2_P1_6,ID2,0,-0.01065,0.2423
ID2_P2_1,ID2,0,-0.004999,0.1665
ID2_P2_2,ID2,0,-0.06102,0.409
ID2_P2_3,ID2,0,-0.02246,0.4107
ID2_P2_4,ID2,0,-0.009286,0.1518
ID2_P2_5,ID2,0,0.006807,0.2536
ID2_P2_6,ID2,0,-0.004155,0.1858
ID3_1,ID3,0,-0.03455,0.1624
ID3_2,ID3,0,0.003212,0.1482
ID3_3,ID3,0,-0.01237,0.1403
ID3_4,ID3,0,-0.02322,0.1558
ID3_5,ID3,0,-0.01469,0.1525
ID3_6,ID3,0,-0.0002554,0.1562
ID4_1,ID4,0,-0.04737,0.3772
ID4_2,ID4,0,-0.03586,0.3287
ID4_3,ID4,0,-0.02642,0.2617
ID4_4,ID4,0,-0.0006069,0.2538
ID4_5,ID4,0,-0.01643,0.1319
ID4_6,ID4,0,-0.01536,0.273
IFI16_1,IFI16,0,0.006007,0.235
IFI16_2,IFI16,0,0.002034,0.09556
IFI16_3,IFI16,0,-0.006731,0.1563
IFI16_4,IFI16,0,-0.007004,0.307
IFI16_5,IFI16,0,0.00326,0.06598
IFI16_6,IFI16,0,-0.004504,0.113
IGFBP1_1,IGFBP1,0,-0.02023,0.21
IGFBP1_2,IGFBP1,0,0.003809,0.1385
IGFBP1_3,IGFBP1,0,-0.0121,0.2265
IGFBP1_4,IGFBP1,0,0.001191,0.3066
IGFBP1_5,IGFBP1,0,-0.01068,0.1607
IGFBP1_6,IGFBP1,0,-0.01001,0.1578
IGHMBP2_1,IGHMBP2,0,0.003523,0.201
IGHMBP2_2,IGHMBP2,0,-0.06029,0.4539
IGHMBP2_3,IGHMBP2,0,-0.02048,0.2401
IGHMBP2_4,IGHMBP2,0,-0.01044,0.1975
IGHMBP2_5,IGHMBP2,0,0.002333,0.126
IGHMBP2_6,IGHMBP2,0,-0.0005136,0.1503
IKZF1_1,IKZF1,0,-0.01267,0.1623
IKZF1_2,IKZF1,0,-0.002827,0.1934
IKZF1_3,IKZF1,0,-0.06733,0.4271
IKZF1_4,IKZF1,0,-0.01567,0.1891
IKZF1_5,IKZF1,0,-0.01032,0.1849
IKZF1_6,IKZF1,0,-0.01771,0.2162
IKZF2_P1_1,IKZF2,0,-0.01294,0.1276
IKZF2_P1_2,IKZF2,0,0.0007203,0.1553
IKZF2_P1_3,IKZF2,0,-0.02006,0.1428
IKZF2_P1_4,IKZF2,0,-0.009848,0.1428
IKZF2_P1_5,IKZF2,0,-0.001634,0.114
IKZF2_P1_6,IKZF2,0,-0.01248,0.1778
IKZF2_P2_1,IKZF2,0,-0.008619,0.1963
IKZF2_P2_2,IKZF2,0,-0.008148,0.1817
IKZF2_P2_3,IKZF2,0,0.0059,0.149
IKZF2_P2_4,IKZF2,0,-0.03435,0.309
IKZF2_P2_5,IKZF2,0,-0.0163,0.1818
IKZF2_P2_6,IKZF2,0,0.009837,0.1961
IKZF3_1,IKZF3,0,-0.006792,0.2261
IKZF3_2,IKZF3,0,-0.004845,0.1372
IKZF3_3,IKZF3,0,-0.01055,0.233
IKZF3_4,IKZF3,0,-0.01001,0.183
IKZF3_5,IKZF3,0,-0.003142,0.0847
IKZF3_6,IKZF3,0,-9.539e-06,0.1187
IKZF4_P1_1,IKZF4,0,-0.0001371,0.1838
IKZF4_P1_2,IKZF4,0,-0.01326,0.1469
IKZF4_P1_3,IKZF4,0,-0.02034,0.3482
IKZF4_P1_4,IKZF4,0,-0.00295,0.1086
IKZF4_P1_5,IKZF4,0,-0.006473,0.1452
IKZF4_P1_6,IKZF4,0,-0.00328,0.06092
IKZF4_P2_1,IKZF4,0,-0.01734,0.2441
IKZF4_P2_2,IKZF4,0,0.01502,0.2699
IKZF4_P2_3,IKZF4,0,-0.0181,0.3014
IKZF4_P2_4,IKZF4,0,0.002905,0.2184
IKZF4_P2_5,IKZF4,0,-0.001849,0.1073
IKZF4_P2_6,IKZF4,0,-0.009573,0.1676
IKZF5_1,IKZF5,0,-0.006065,0.1085
IKZF5_2,IKZF5,0,-0.01161,0.1731
IKZF5_3,IKZF5,0,0.0009862,0.114
IKZF5_4,IKZF5,0,-0.01489,0.175
IKZF5_5,IKZF5,0,0.006294,0.1041
IKZF5_6,IKZF5,0,-0.01397,0.1855
ILF2_1,ILF2,1,-0.001534,0.2047
ILF2_2,ILF2,1,-0.06229,0.3727
ILF2_3,ILF2,0,-0.0488,0.3991
ILF2_4,ILF2,0,-0.009122,0.2234
ILF2_5,ILF2,1,0.002249,0.1944
ILF2_6,ILF2,1,0.00386,0.111
ILF3_1,ILF3,0,-0.01218,0.1415
ILF3_2,ILF3,0,-0.005543,0.2164
ILF3_3,ILF3,0,-0.01116,0.1624
ILF3_4,ILF3,0,-0.008562,0.3947
ILF3_5,ILF3,0,-0.007042,0.1627
ILF3_6,ILF3,0,0.001814,0.08898
ING1_P1_1,ING1,0,-0.004033,0.1331
ING1_P1_2,ING1,0,-0.00416,0.1274
ING1_P1_3,ING1,0,-0.009684,0.1075
ING1_P1_4,ING1,0,-0.02537,0.2904
ING1_P1_5,ING1,0,0.002576,0.1164
ING1_P1_6,ING1,0,0.00187,0.1019
ING1_P2_1,ING1,0,-0.1045,0.4051
ING1_P2_2,ING1,0,-0.04051,0.3566
ING1_P2_3,ING1,0,-0.09139,0.4167
ING1_P2_4,ING1,0,-0.04594,0.4011
ING1_P2_5,ING1,0,-0.03189,0.146
ING1_P2_6,ING1,0,-0.004733,0.1705
ING4_1,ING4,0,-0.0194,0.1828
ING4_2,ING4,0,-0.02327,0.153
ING4_3,ING4,0,-0.01794,0.2502
ING4_4,ING4,0,-0.003856,0.1197
ING4_5,ING4,0,-0.004971,0.1024
ING4_6,ING4,0,-0.008977,0.1382
INSM1_1,INSM1,0,-0.01127,0.2193
INSM1_2,INSM1,0,-0.005147,0.123
INSM1_3,INSM1,0,-0.002962,0.1323
INSM1_4,INSM1,0,-0.1894,0.6518
INSM1_5,INSM1,0,-0.0158,0.1663
INSM1_6,INSM1,0,-0.002354,0.1385
INSM2_1,INSM2,0,0.001635,0.1196
INSM2_2,INSM2,0,-0.004571,0.08752
INSM2_3,INSM2,0,-0.02585,0.1902
INSM2_4,INSM2,0,-0.0109,0.1521
INSM2_5,INSM2,0,-0.01119,0.1728
INSM2_6,INSM2,0,-0.01349,0.1337
IRF1_1,IRF1,0,-0.02484,0.1938
IRF1_2,IRF1,0,-0.006823,0.1627
IRF1_3,IRF1,0,0.007011,0.2012
IRF1_4,IRF1,0,0.0006874,0.113
IRF1_5,IRF1,0,-0.008092,0.1133
IRF1_6,IRF1,0,0.0009547,0.1205
IRF2_1,IRF2,0,-0.004569,0.1502
IRF2_2,IRF2,0,-0.03036,0.3022
IRF2_3,IRF2,0,-0.01301,0.1453
IRF2_4,IRF2,0,-0.01109,0.2457
IRF2_5,IRF2,0,-0.0009441,0.1039
IRF2_6,IRF2,0,-0.01661,0.1247
IRF3_1,IRF3,0,0.001022,0.2423
IRF3_2,IRF3,0,0.00682,0.1302
IRF3_3,IRF3,0,-0.01298,0.09932
IRF3_4,IRF3,0,-0.03353,0.2674
IRF3_5,IRF3,0,-0.0076,0.07454
IRF3_6,IRF3,0,-0.0001989,0.1216
IRF4_P1_1,IRF4,0,-0.0107,0.1528
IRF4_P1_2,IRF4,0,-0.001514,0.3353
IRF4_P1_3,IRF4,0,-0.03013,0.3499
IRF4_P1_4,IRF4,0,-0.02957,0.2758
IRF4_P1_5,IRF4,0,-0.005317,0.1123
IRF4_P1_6,IRF4,0,-0.005983,0.192
IRF4_P2_1,IRF4,0,-0.01654,0.2457
IRF4_P2_2,IRF4,0,-0.01658,0.3051
IRF4_P2_3,IRF4,0,-0.0132,0.2844
IRF4_P2_4,IRF4,0,-0.01481,0.189
IRF4_P2_5,IRF4,0,-0.003098,0.1668
IRF4_P2_6,IRF4,0,-0.009559,0.1232
IRF5_P1_1,IRF5,0,-0.0631,0.5219
IRF5_P1_2,IRF5,0,-0.000224,0.1567
IRF5_P1_3,IRF5,0,-0.01022,0.2379
IRF5_P1_4,IRF5,0,-0.01259,0.2933
IRF5_P1_5,IRF5,0,-0.004879,0.1287
IRF5_P1_6,IRF5,0,-0.01084,0.1925
IRF5_P2_1,IRF5,0,0.0001772,0.2195
IRF5_P2_2,IRF5,0,-0.02497,0.2833
IRF5_P2_3,IRF5,0,-0.04261,0.3118
IRF5_P2_4,IRF5,0,-0.01554,0.2168
IRF5_P2_5,IRF5,0,0.001645,0.1557
IRF5_P2_6,IRF5,0,-0.01481,0.1546
IRF6_1,IRF6,0,-0.007316,0.2201
IRF6_2,IRF6,1,0.00425,0.1401
IRF6_3,IRF6,0,-0.004102,0.2537
IRF6_4,IRF6,1,-0.002919,0.1202
IRF6_5,IRF6,1,-0.0006591,0.108
IRF6_6,IRF6,0,0.003503,0.08395
IRF7_1,IRF7,0,-0.01269,0.1719
IRF7_2,IRF7,0,-0.01285,0.2028
IRF7_3,IRF7,0,-0.00369,0.1654
IRF7_4,IRF7,0,-0.009537,0.1319
IRF7_5,IRF7,0,-0.002729,0.1365
IRF7_6,IRF7,0,-0.003779,0.1268
IRF8_1,IRF8,0,-0.01779,0.221
IRF8_2,IRF8,0,-0.0187,0.2222
IRF8_3,IRF8,0,-0.06894,0.4929
IRF8_4,IRF8,0,-0.03442,0.2291
IRF8_5,IRF8,0,-0.009528,0.1417
IRF8_6,IRF8,0,-0.003568,0.1087
IRF9_1,IRF9,0,-0.02814,0.2395
IRF9_2,IRF9,0,-0.009522,0.139
IRF9_3,IRF9,0,-0.2775,0.6211
IRF9_4,IRF9,0,-0.001497,0.08319
IRF9_5,IRF9,0,0.001058,0.1038
IRF9_6,IRF9,0,-0.0006739,0.1033
IRX1_1,IRX1,0,-0.01238,0.189
IRX1_2,IRX1,0,-0.001393,0.1809
IRX1_3,IRX1,0,-0.06832,0.4146
IRX1_4,IRX1,0,-0.04634,0.2702
IRX1_5,IRX1,0,-0.000562,0.1102
IRX1_6,IRX1,0,-0.01344,0.2124
IRX2_1,IRX2,0,-0.01068,0.3575
IRX2_2,IRX2,0,-0.01225,0.1776
IRX2_3,IRX2,0,-0.009338,0.2653
IRX2_4,IRX2,0,-0.01295,0.1679
IRX2_5,IRX2,0,-0.01136,0.213
IRX2_6,IRX2,0,0.003502,0.1083
IRX3_1,IRX3,0,-0.007346,0.1355
IRX3_2,IRX3,0,-0.0682,0.3108
IRX3_3,IRX3,0,0.003577,0.1045
IRX3_4,IRX3,0,-0.005273,0.2203
IRX3_5,IRX3,0,-0.008832,0.1267
IRX3_6,IRX3,0,-0.017,0.1393
IRX4_1,IRX4,0,-0.02872,0.3259
IRX4_2,IRX4,0,-0.02377,0.3193
IRX4_3,IRX4,0,-0.05103,0.4797
IRX4_4,IRX4,0,-0.01357,0.1707
IRX4_5,IRX4,0,-0.009127,0.1282
IRX4_6,IRX4,0,-0.008574,0.1718
IRX5_1,IRX5,0,0.0004247,0.2768
IRX5_2,IRX5,0,-0.004923,0.2308
IRX5_3,IRX5,0,-0.03611,0.3378
IRX5_4,IRX5,0,-0.01575,0.1293
IRX5_5,IRX5,0,-0.007012,0.1061
IRX5_6,IRX5,0,-0.004133,0.1969
IRX6_1,IRX6,0,-0.002167,0.159
IRX6_2,IRX6,0,-0.002443,0.1446
IRX6_3,IRX6,0,-0.006981,0.2316
IRX6_4,IRX6,0,0.004436,0.1632
IRX6_5,IRX6,0,-0.015,0.2147
IRX6_6,IRX6,0,0.003941,0.09183
ISL1_P1_1,ISL1,0,0.001857,0.1538
ISL1_P1_2,ISL1,0,-0.01388,0.1622
ISL1_P1_3,ISL1,0,-0.01342,0.3065
ISL1_P1_4,ISL1,0,-0.01445,0.3124
ISL1_P1_5,ISL1,0,-0.004486,0.1176
ISL1_P1_6,ISL1,0,-0.009825,0.1632
ISL1_P2_1,ISL1,0,-0.004609,0.167
ISL1_P2_2,ISL1,0,-0.009404,0.1603
ISL1_P2_3,ISL1,0,-0.003425,0.1665
ISL1_P2_4,ISL1,0,-0.01303,0.1372
ISL1_P2_5,ISL1,0,-0.01366,0.1459
ISL1_P2_6,ISL1,0,0.002117,0.09245
ISL2_1,ISL2,0,-0.02573,0.1727
ISL2_2,ISL2,0,0.006688,0.2213
ISL2_3,ISL2,0,-0.02277,0.1961
ISL2_4,ISL2,0,-0.01154,0.2095
ISL2_5,ISL2,0,-0.003622,0.1563
ISL2_6,ISL2,0,0.006978,0.09923
ISX_1,ISX,0,-0.01672,0.1394
ISX_2,ISX,0,-0.002994,0.1037
ISX_3,ISX,0,-0.05966,0.4339
ISX_4,ISX,0,-0.01829,0.3808
ISX_5,ISX,0,0.0009124,0.1845
ISX_6,ISX,0,-0.01135,0.1727
ITGB1,ITGB1,0,-0.000532,0.02039
JAZF1_1,JAZF1,0,0.007441,0.1957
JAZF1_2,JAZF1,0,-0.009917,0.1672
JAZF1_3,JAZF1,0,0.007801,0.126
JAZF1_4,JAZF1,0,-0.1042,0.5505
JAZF1_5,JAZF1,0,-0.008652,0.1383
JAZF1_6,JAZF1,0,-0.002373,0.1392
JDP2_1,JDP2,0,-0.01201,0.2227
JDP2_2,JDP2,0,-0.01336,0.2316
JDP2_3,JDP2,0,-0.005048,0.1676
JDP2_4,JDP2,0,-0.01345,0.2304
JDP2_5,JDP2,0,-0.004022,0.1091
JDP2_6,JDP2,0,-0.0111,0.121
JRKL_1,JRKL,0,0.0006206,0.1306
JRKL_2,JRKL,0,-0.01114,0.2971
JRKL_3,JRKL,0,-0.01455,0.1989
JRKL_4,JRKL,0,-0.169,0.5419
JRKL_5,JRKL,0,-0.003071,0.1616
JRKL_6,JRKL,0,-0.009809,0.138
JRK_P1_1,JRK,0,-0.01098,0.1447
JRK_P1_2,JRK,0,-0.01151,0.1438
JRK_P1_3,JRK,0,-0.006067,0.1466
JRK_P1_4,JRK,0,-0.01825,0.1854
JRK_P1_5,JRK,0,-0.002568,0.1494
JRK_P1_6,JRK,0,-0.004488,0.1619
JRK_P2_1,JRK,0,-0.04845,0.3072
JRK_P2_2,JRK,0,-0.008781,0.2144
JRK_P2_3,JRK,0,-0.04879,0.265
JRK_P2_4,JRK,0,-0.0189,0.342
JRK_P2_5,JRK,0,3.053e-05,0.1262
JRK_P2_6,JRK,0,-0.002559,0.1338
JUNB_1,JUNB,0,-0.01354,0.1221
JUNB_2,JUNB,0,-0.005051,0.1931
JUNB_3,JUNB,0,-0.01374,0.3703
JUNB_4,JUNB,0,-0.01222,0.1549
JUNB_5,JUNB,0,-0.0002693,0.1492
JUNB_6,JUNB,0,0.00243,0.1448
JUND_1,JUND,0,0.009436,0.3229
JUND_2,JUND,0,0.001739,0.1353
JUND_3,JUND,0,-0.01145,0.1919
JUND_4,JUND,0,-0.001073,0.1367
JUND_5,JUND,0,0.001648,0.243
JUND_6,JUND,0,-0.01102,0.1615
JUN_1,JUN,0,-0.01412,0.2189
JUN_2,JUN,0,-0.003938,0.1763
JUN_3,JUN,0,-0.00824,0.204
JUN_4,JUN,0,-0.01951,0.2026
JUN_5,JUN,0,0.004208,0.1057
JUN_6,JUN,0,0.002595,0.1051
JUP_1,JUP,0,-0.02322,0.1787
JUP_2,JUP,0,0.002736,0.1634
JUP_3,JUP,0,-0.02806,0.4009
JUP_4,JUP,0,-0.00227,0.2049
JUP_5,JUP,0,-0.003599,0.1508
JUP_6,JUP,0,0.001675,0.1294
KAT2A_1,KAT2A,0,-0.008116,0.2015
KAT2A_2,KAT2A,1,-0.01908,0.3028
KAT2A_3,KAT2A,1,-0.004092,0.2962
KAT2A_4,KAT2A,0,-0.01873,0.2607
KAT2A_5,KAT2A,0,-0.0115,0.1501
KAT2A_6,KAT2A,1,0.005194,0.1689
KAT7_1,KAT7,0,0.005509,0.3169
KAT7_2,KAT7,0,-0.02942,0.1531
KAT7_3,KAT7,0,-0.005837,0.2178
KAT7_4,KAT7,0,-0.02142,0.233
KAT7_5,KAT7,0,0.0002233,0.1492
KAT7_6,KAT7,0,-0.0156,0.1373
KCMF1_1,KCMF1,0,-0.02127,0.2356
KCMF1_2,KCMF1,0,-0.01311,0.2001
KCMF1_3,KCMF1,0,-0.02227,0.1908
KCMF1_4,KCMF1,0,-0.008457,0.1945
KCMF1_5,KCMF1,0,-0.031,0.2171
KCMF1_6,KCMF1,0,-0.01116,0.1212
KCNIP3_1,KCNIP3,0,-0.02631,0.2362
KCNIP3_2,KCNIP3,0,-0.001604,0.2
KCNIP3_3,KCNIP3,0,-0.01405,0.3912
KCNIP3_4,KCNIP3,0,-0.01995,0.263
KCNIP3_5,KCNIP3,0,-0.009254,0.1503
KCNIP3_6,KCNIP3,0,0.006009,0.1175
KDM2A_1,KDM2A,0,-0.02049,0.1724
KDM2A_2,KDM2A,0,-0.05431,0.2897
KDM2A_3,KDM2A,0,-0.007278,0.09504
KDM2A_4,KDM2A,0,-0.0161,0.264
KDM2A_5,KDM2A,0,-0.008974,0.1443
KDM2A_6,KDM2A,0,0.00334,0.05551
KDM2B_P1_1,KDM2B,0,0.004741,0.1302
KDM2B_P1_2,KDM2B,0,-0.03858,0.2694
KDM2B_P1_3,KDM2B,0,-0.02285,0.3205
KDM2B_P1_4,KDM2B,0,-0.00142,0.1201
KDM2B_P1_5,KDM2B,0,-0.01215,0.174
KDM2B_P1_6,KDM2B,0,-0.002345,0.1044
KDM2B_P2_1,KDM2B,0,-0.0187,0.2197
KDM2B_P2_2,KDM2B,0,-0.01831,0.2468
KDM2B_P2_3,KDM2B,0,-0.03911,0.4529
KDM2B_P2_4,KDM2B,0,-0.01333,0.2612
KDM2B_P2_5,KDM2B,0,-0.01904,0.1309
KDM2B_P2_6,KDM2B,0,-0.0003845,0.2442
KDM4C_1,KDM4C,0,-0.0235,0.1845
KDM4C_2,KDM4C,0,-0.03706,0.2528
KDM4C_3,KDM4C,0,-0.01946,0.2049
KDM4C_4,KDM4C,0,-0.0464,0.4472
KDM4C_5,KDM4C,0,-0.00657,0.1777
KDM4C_6,KDM4C,0,0.002892,0.1427
KDM4E_1,KDM4E,0,0.02045,0.2189
KDM4E_2,KDM4E,0,-0.007757,0.1697
KDM4E_3,KDM4E,0,-0.02601,0.2451
KDM4E_4,KDM4E,0,-0.03815,0.2248
KDM4E_5,KDM4E,0,-0.006633,0.1368
KDM4E_6,KDM4E,0,-0.0006027,0.133
KDM5B_1,KDM5B,0,-0.01679,0.1843
KDM5B_2,KDM5B,0,-0.001277,0.155
KDM5B_3,KDM5B,0,-0.01153,0.1142
KDM5B_4,KDM5B,0,-0.009269,0.1647
KDM5B_5,KDM5B,0,0.01037,0.228
KDM5B_6,KDM5B,0,-0.001101,0.1559
KDM5C_1,KDM5C,0,0.007484,0.1683
KDM5C_2,KDM5C,0,0.009297,0.1456
KDM5C_3,KDM5C,0,0.001445,0.1555
KDM5C_4,KDM5C,0,-0.009465,0.2583
KDM5C_5,KDM5C,0,-0.01161,0.1017
KDM5C_6,KDM5C,0,-0.003127,0.06342
KIAA1549_1,KIAA1549,0,-0.008019,0.1539
KIAA1549_2,KIAA1549,0,-0.007415,0.1506
KIAA1549_3,KIAA1549,0,-0.09257,0.4421
KIAA1549_4,KIAA1549,0,-0.003875,0.1519
KIAA1549_5,KIAA1549,0,0.00446,0.1254
KIAA1549_6,KIAA1549,0,-0.005677,0.1972
KIAA2018_1,KIAA2018,0,0.0002034,0.266
KIAA2018_2,KIAA2018,0,0.0004632,0.155
KIAA2018_3,KIAA2018,0,-0.008734,0.1752
KIAA2018_4,KIAA2018,0,-0.007972,0.06252
KIAA2018_5,KIAA2018,0,0.007138,0.1592
KIAA2018_6,KIAA2018,0,-0.01156,0.1862
KIN_1,KIN,0,-0.01321,0.1284
KIN_2,KIN,0,-0.005007,0.174
KIN_3,KIN,0,-0.03132,0.2185
KIN_4,KIN,0,-0.02688,0.1811
KIN_5,KIN,0,-0.003969,0.135
KIN_6,KIN,0,0.0006382,0.1551
KLF10_P1_1,KLF10,0,0.0009366,0.2309
KLF10_P1_2,KLF10,0,-0.01341,0.1541
KLF10_P1_3,KLF10,0,0.01302,0.2094
KLF10_P1_4,KLF10,0,-0.0181,0.3871
KLF10_P1_5,KLF10,0,0.01371,0.1056
KLF10_P1_6,KLF10,0,-0.02787,0.1691
KLF10_P2_1,KLF10,0,0.01082,0.2168
KLF10_P2_2,KLF10,0,-0.0001656,0.1013
KLF10_P2_3,KLF10,0,-0.1005,0.3964
KLF10_P2_4,KLF10,0,-0.00232,0.09943
KLF10_P2_5,KLF10,0,-0.02391,0.2151
KLF10_P2_6,KLF10,0,-0.002847,0.1437
KLF11_1,KLF11,0,-0.005829,0.1866
KLF11_2,KLF11,0,-0.02192,0.192
KLF11_3,KLF11,0,-0.03576,0.2869
KLF11_4,KLF11,0,-0.002034,0.3616
KLF11_5,KLF11,0,-0.00926,0.2317
KLF11_6,KLF11,0,-0.0006504,0.1733
KLF12_1,KLF12,0,-0.03922,0.2733
KLF12_2,KLF12,0,-0.009456,0.1392
KLF12_3,KLF12,0,-0.0173,0.3113
KLF12_4,KLF12,0,-0.04443,0.282
KLF12_5,KLF12,0,-0.01526,0.08339
KLF12_6,KLF12,0,-0.003246,0.1036
KLF13_1,KLF13,0,-0.008851,0.1111
KLF13_2,KLF13,0,0.02102,0.1505
KLF13_3,KLF13,0,-0.01125,0.1133
KLF13_4,KLF13,0,0.002319,0.1848
KLF13_5,KLF13,0,0.00259,0.1518
KLF13_6,KLF13,0,0.003151,0.1524
KLF14_1,KLF14,0,0.01942,0.2263
KLF14_2,KLF14,0,0.00711,0.2434
KLF14_3,KLF14,0,-0.06754,0.368
KLF14_4,KLF14,0,-0.008751,0.1952
KLF14_5,KLF14,0,0.006333,0.1186
KLF14_6,KLF14,0,-0.002644,0.1264
KLF15_1,KLF15,0,-0.001024,0.1905
KLF15_2,KLF15,0,-0.0178,0.2647
KLF15_3,KLF15,0,-0.01423,0.3998
KLF15_4,KLF15,0,-0.01911,0.1677
KLF15_5,KLF15,0,-0.01336,0.1433
KLF16_1,KLF16,0,-0.00306,0.2263
KLF16_2,KLF16,0,-0.0137,0.1857
KLF16_3,KLF16,0,-0.08262,0.443
KLF16_4,KLF16,0,-0.1532,0.5489
KLF16_5,KLF16,0,-0.005924,0.2063
KLF16_6,KLF16,0,-0.00474,0.2037
KLF17_1,KLF17,0,-0.003653,0.1959
KLF17_2,KLF17,0,-0.02066,0.3504
KLF17_3,KLF17,0,-0.04927,0.3427
KLF17_4,KLF17,0,0.00763,0.1615
KLF17_5,KLF17,0,-0.00566,0.1075
KLF17_6,KLF17,0,-0.002829,0.1598
KLF1_1,KLF1,0,-0.03648,0.2506
KLF1_2,KLF1,0,-0.01724,0.203
KLF1_3,KLF1,0,-0.02372,0.195
KLF1_4,KLF1,0,-0.0004357,0.1585
KLF1_5,KLF1,0,-0.004634,0.1396
KLF1_6,KLF1,0,0.0004887,0.1026
KLF2_1,KLF2,0,-0.01834,0.181
KLF2_2,KLF2,0,-0.02918,0.1715
KLF2_3,KLF2,0,-0.002614,0.2178
KLF2_4,KLF2,0,-0.03299,0.2939
KLF2_5,KLF2,0,-0.006904,0.1216
KLF2_6,KLF2,0,-0.003132,0.102
KLF3_1,KLF3,0,-0.009127,0.1174
KLF3_2,KLF3,0,-0.004746,0.2227
KLF3_3,KLF3,0,-0.005546,0.2463
KLF3_4,KLF3,1,-0.01826,0.1855
KLF3_5,KLF3,0,-0.01481,0.1547
KLF3_6,KLF3,1,-0.004723,0.07006
KLF4_P1_1,KLF4,0,-0.03384,0.3612
KLF4_P1_2,KLF4,0,-0.006091,0.2151
KLF4_P1_3,KLF4,0,-0.01365,0.2479
KLF4_P1_4,KLF4,0,-0.01267,0.1543
KLF4_P1_5,KLF4,0,0.001289,0.1066
KLF4_P1_6,KLF4,0,-0.007671,0.1455
KLF4_P2_1,KLF4,0,-0.004819,0.1331
KLF4_P2_2,KLF4,0,-0.01241,0.2302
KLF4_P2_3,KLF4,0,-0.01231,0.1867
KLF4_P2_4,KLF4,0,-0.0418,0.2268
KLF4_P2_5,KLF4,0,-0.002792,0.08111
KLF4_P2_6,KLF4,0,0.000202,0.114
KLF5_1,KLF5,0,-0.01121,0.1875
KLF5_2,KLF5,0,-0.01677,0.183
KLF5_3,KLF5,0,-0.00153,0.1377
KLF5_4,KLF5,0,-0.005059,0.1736
KLF5_5,KLF5,0,-0.005851,0.1032
KLF5_6,KLF5,0,-0.003492,0.1306
KLF6_1,KLF6,0,-0.01463,0.1208
KLF6_2,KLF6,0,-0.01125,0.2114
KLF6_3,KLF6,0,-0.01987,0.232
KLF6_4,KLF6,0,-0.0148,0.2553
KLF6_5,KLF6,0,-0.000207,0.1195
KLF6_6,KLF6,0,1.718e-05,0.08747
KLF7_1,KLF7,0,-0.009807,0.1453
KLF7_2,KLF7,0,-0.01887,0.2795
KLF7_3,KLF7,0,-0.01813,0.2016
KLF7_4,KLF7,0,-0.05244,0.2878
KLF7_5,KLF7,0,-0.01074,0.08741
KLF7_6,KLF7,0,0.001004,0.1199
KLF8_1,KLF8,0,-7.294e-05,0.1624
KLF8_2,KLF8,0,-0.01594,0.1961
KLF8_3,KLF8,0,-0.01209,0.1861
KLF8_4,KLF8,0,0.00328,0.2272
KLF8_5,KLF8,0,-0.001336,0.1343
KLF8_6,KLF8,0,-0.01791,0.1553
KLF9_1,KLF9,0,-0.01809,0.1857
KLF9_2,KLF9,0,-0.01947,0.1601
KLF9_3,KLF9,0,-0.01156,0.1543
KLF9_4,KLF9,0,-0.00278,0.2004
KLF9_5,KLF9,0,-0.00141,0.1265
KLF9_6,KLF9,0,0.001131,0.1261
KLRG1_1,KLRG1,0,-0.022,0.2609
KLRG1_2,KLRG1,0,-0.005103,0.1673
KLRG1_3,KLRG1,0,-0.02961,0.2237
KLRG1_4,KLRG1,0,-0.01222,0.216
KLRG1_5,KLRG1,0,0.01171,0.1381
KLRG1_6,KLRG1,0,6.253e-06,0.06284
KMT2A_1,KMT2A,0,-0.006652,0.165
KMT2A_2,KMT2A,0,-0.0195,0.2259
KMT2A_3,KMT2A,0,-0.01849,0.2061
KMT2A_4,KMT2A,0,-0.007054,0.2021
KMT2A_5,KMT2A,0,-0.01418,0.1043
KMT2A_6,KMT2A,0,-0.005092,0.1996
KMT2B_P1_1,KMT2B,0,-0.006705,0.156
KMT2B_P1_2,KMT2B,0,-0.01265,0.1973
KMT2B_P1_3,KMT2B,0,0.006214,0.0925
KMT2B_P1_4,KMT2B,0,-0.01225,0.1893
KMT2B_P1_5,KMT2B,0,-0.006637,0.1264
KMT2B_P1_6,KMT2B,0,-0.003163,0.1344
KMT2B_P2_1,KMT2B,0,-0.009092,0.1548
KMT2B_P2_2,KMT2B,0,-0.00845,0.1241
KMT2B_P2_3,KMT2B,0,-0.02109,0.2417
KMT2B_P2_4,KMT2B,0,-0.03753,0.5367
KMT2B_P2_5,KMT2B,0,-0.001146,0.1041
KMT2B_P2_6,KMT2B,0,-0.01068,0.1572
L3MBTL1_P1_1,L3MBTL1,0,-0.004076,0.2186
L3MBTL1_P1_2,L3MBTL1,0,0.0009844,0.2757
L3MBTL1_P1_3,L3MBTL1,0,-0.03248,0.3776
L3MBTL1_P1_4,L3MBTL1,0,-0.03228,0.3781
L3MBTL1_P1_5,L3MBTL1,0,-0.02571,0.2095
L3MBTL1_P1_6,L3MBTL1,0,-0.008872,0.1174
L3MBTL1_P2_1,L3MBTL1,0,-0.004736,0.2065
L3MBTL1_P2_2,L3MBTL1,0,-0.002457,0.1655
L3MBTL1_P2_3,L3MBTL1,0,-0.03813,0.4752
L3MBTL1_P2_4,L3MBTL1,0,-0.0439,0.4109
L3MBTL1_P2_5,L3MBTL1,0,0.004143,0.1785
L3MBTL1_P2_6,L3MBTL1,0,-0.005572,0.104
L3MBTL3_1,L3MBTL3,0,-0.01479,0.1491
L3MBTL3_2,L3MBTL3,1,-0.01371,0.1758
L3MBTL3_3,L3MBTL3,0,-0.006187,0.2339
L3MBTL3_4,L3MBTL3,0,0.002651,0.1588
L3MBTL3_5,L3MBTL3,1,-0.0007304,0.1311
L3MBTL3_6,L3MBTL3,0,-0.02014,0.2206
L3MBTL4_1,L3MBTL4,0,-0.003401,0.2059
L3MBTL4_2,L3MBTL4,0,-0.05096,0.3474
L3MBTL4_3,L3MBTL4,0,-0.008716,0.2972
L3MBTL4_4,L3MBTL4,0,-0.002821,0.2383
L3MBTL4_5,L3MBTL4,0,0.00284,0.1466
L3MBTL4_6,L3MBTL4,0,-0.002739,0.194
LBX1_1,LBX1,0,0.002344,0.1725
LBX1_2,LBX1,0,-0.007533,0.2111
LBX1_3,LBX1,0,-0.003111,0.1726
LBX1_4,LBX1,0,-0.01399,0.1337
LBX1_5,LBX1,0,0.006399,0.07161
LBX1_6,LBX1,0,0.001506,0.1433
LBX2_1,LBX2,0,-0.02145,0.2615
LBX2_2,LBX2,0,-0.007134,0.2439
LBX2_3,LBX2,0,-0.02542,0.1524
LBX2_4,LBX2,0,-0.1471,0.5889
LBX2_5,LBX2,0,-0.005418,0.1178
LBX2_6,LBX2,0,-0.01229,0.1918
LCORL_1,LCORL,0,-0.00754,0.1285
LCORL_2,LCORL,0,-0.0259,0.304
LCORL_3,LCORL,0,-0.02377,0.2919
LCORL_4,LCORL,0,-0.008048,0.1607
LCORL_5,LCORL,0,-0.007207,0.1289
LCORL_6,LCORL,0,-0.01237,0.243
LCOR_1,LCOR,0,-0.006337,0.2862
LCOR_2,LCOR,0,0.005818,0.1615
LCOR_3,LCOR,0,-0.02065,0.2183
LCOR_4,LCOR,0,-0.01085,0.162
LCOR_5,LCOR,0,-0.002553,0.1572
LCOR_6,LCOR,0,0.00592,0.1879
LDB1_P1_1,LDB1,0,-0.004318,0.1425
LDB1_P1_2,LDB1,0,-0.0105,0.198
LDB1_P1_3,LDB1,0,-0.02862,0.2951
LDB1_P1_4,LDB1,0,-0.05715,0.3137
LDB1_P1_5,LDB1,0,-0.01352,0.1446
LDB1_P1_6,LDB1,0,-0.01305,0.2235
LDB1_P2_1,LDB1,0,0.01077,0.2095
LDB1_P2_2,LDB1,0,-0.04254,0.2623
LDB1_P2_3,LDB1,0,-0.09159,0.5003
LDB1_P2_4,LDB1,0,0.002896,0.1047
LDB1_P2_5,LDB1,0,-0.003019,0.1403
LDB1_P2_6,LDB1,0,-0.01921,0.2001
LDB2_1,LDB2,0,0.003074,0.1515
LDB2_2,LDB2,0,-0.007113,0.1947
LDB2_3,LDB2,0,-0.146,0.7466
LDB2_4,LDB2,0,-0.001639,0.1285
LDB2_5,LDB2,0,-0.01005,0.1578
LDB2_6,LDB2,0,-0.01084,0.1729
LEF1_P1_1,LEF1,0,0.002572,0.1928
LEF1_P1_2,LEF1,0,-0.003753,0.09371
LEF1_P1_3,LEF1,0,-0.006811,0.152
LEF1_P1_4,LEF1,0,-0.008989,0.1768
LEF1_P1_5,LEF1,0,-0.01121,0.175
LEF1_P1_6,LEF1,0,-0.01275,0.2873
LEF1_P2_1,LEF1,0,-0.007331,0.135
LEF1_P2_2,LEF1,0,-0.001639,0.1006
LEF1_P2_3,LEF1,0,0.0009019,0.162
LEF1_P2_4,LEF1,0,-0.0219,0.1753
LEF1_P2_5,LEF1,0,-0.01051,0.1512
LEF1_P2_6,LEF1,0,-0.006817,0.1236
LEUTX_1,LEUTX,0,-0.006304,0.1732
LEUTX_2,LEUTX,0,-0.003756,0.1891
LEUTX_3,LEUTX,0,-0.01138,0.1915
LEUTX_4,LEUTX,0,-0.03379,0.3035
LEUTX_5,LEUTX,0,-0.01116,0.1143
LEUTX_6,LEUTX,0,-0.009415,0.1211
LHX1_1,LHX1,0,-0.01268,0.1196
LHX1_2,LHX1,0,0.002112,0.2202
LHX1_3,LHX1,0,-0.006688,0.2106
LHX1_4,LHX1,0,-0.005727,0.2152
LHX1_5,LHX1,0,-0.009741,0.1345
LHX1_6,LHX1,0,-0.0005717,0.1425
LHX2_1,LHX2,0,0.003286,0.134
LHX2_2,LHX2,0,-0.01319,0.1792
LHX2_3,LHX2,0,-0.02123,0.2399
LHX2_4,LHX2,0,-0.01092,0.1892
LHX2_5,LHX2,0,-0.001425,0.1096
LHX2_6,LHX2,0,-0.01243,0.09275
LHX3_P1_1,LHX3,0,-0.01559,0.2205
LHX3_P1_2,LHX3,0,-0.02783,0.2178
LHX3_P1_3,LHX3,0,0.004429,0.1273
LHX3_P1_4,LHX3,0,-0.003974,0.1452
LHX3_P1_5,LHX3,0,-0.002855,0.09914
LHX3_P1_6,LHX3,0,-0.006192,0.1364
LHX3_P2_1,LHX3,0,-0.002163,0.1664
LHX3_P2_2,LHX3,0,-0.05099,0.3772
LHX3_P2_3,LHX3,0,-0.03992,0.24
LHX3_P2_4,LHX3,0,-0.02618,0.2684
LHX3_P2_5,LHX3,0,-0.006331,0.09931
LHX3_P2_6,LHX3,0,-0.002033,0.08869
LHX4_1,LHX4,0,-0.01701,0.2986
LHX4_2,LHX4,0,-0.008426,0.1434
LHX4_3,LHX4,0,-0.0668,0.4436
LHX4_4,LHX4,0,-0.01838,0.2062
LHX4_5,LHX4,0,-0.01112,0.1565
LHX4_6,LHX4,0,-0.001391,0.08401
LHX5_1,LHX5,0,-0.009835,0.1167
LHX5_2,LHX5,0,-0.02099,0.1388
LHX5_3,LHX5,0,-0.003838,0.07851
LHX5_4,LHX5,0,-0.004553,0.2246
LHX5_5,LHX5,0,-0.01751,0.165
LHX5_6,LHX5,0,-0.005358,0.2277
LHX6_P1_1,LHX6,0,0.007578,0.1548
LHX6_P1_2,LHX6,0,0.0001061,0.246
LHX6_P1_3,LHX6,0,-0.01253,0.2097
LHX6_P1_4,LHX6,0,-0.02314,0.2271
LHX6_P1_5,LHX6,0,0.00244,0.1214
LHX6_P1_6,LHX6,0,-0.0137,0.156
LHX6_P2_1,LHX6,0,-0.01266,0.185
LHX6_P2_2,LHX6,0,-0.009997,0.1421
LHX6_P2_3,LHX6,0,-0.00892,0.229
LHX6_P2_4,LHX6,0,-0.01105,0.2101
LHX6_P2_5,LHX6,0,0.005694,0.1535
LHX6_P2_6,LHX6,0,-0.003229,0.1372
LHX8_1,LHX8,0,0.009227,0.242
LHX8_2,LHX8,0,-0.06735,0.3723
LHX8_3,LHX8,0,-0.006868,0.2422
LHX8_4,LHX8,0,-0.07612,0.5178
LHX8_5,LHX8,0,-0.002033,0.1083
LHX8_6,LHX8,0,-0.0135,0.2105
LHX9_1,LHX9,0,-0.007092,0.201
LHX9_2,LHX9,0,-0.002816,0.263
LHX9_3,LHX9,0,0.001289,0.2422
LHX9_4,LHX9,0,-0.02612,0.3641
LHX9_5,LHX9,0,0.0004608,0.08056
LHX9_6,LHX9,0,-0.00357,0.104
LIN28A_1,LIN28A,0,-0.03467,0.1813
LIN28A_2,LIN28A,0,-0.02488,0.1635
LIN28A_3,LIN28A,0,-0.03331,0.2801
LIN28A_4,LIN28A,0,-0.02597,0.2244
LIN28A_5,LIN28A,0,-0.008873,0.1483
LIN28A_6,LIN28A,0,-0.02841,0.312
LIN28B_1,LIN28B,0,-0.0005617,0.1757
LIN28B_2,LIN28B,0,-0.01327,0.15
LIN28B_3,LIN28B,0,-0.0006044,0.1364
LIN28B_4,LIN28B,0,-0.04073,0.3441
LIN28B_5,LIN28B,0,-0.003406,0.1518
LIN28B_6,LIN28B,0,0.00992,0.1304
LIN54_P1_1,LIN54,0,-0.0003923,0.195
LIN54_P1_2,LIN54,0,-0.02314,0.2552
LIN54_P1_3,LIN54,0,-0.01048,0.1738
LIN54_P1_4,LIN54,0,-0.02653,0.2886
LIN54_P1_5,LIN54,0,0.008297,0.2003
LIN54_P1_6,LIN54,0,0.003009,0.1875
LIN54_P2_1,LIN54,0,0.00121,0.1714
LIN54_P2_2,LIN54,0,-0.004929,0.1549
LIN54_P2_3,LIN54,0,-0.02257,0.1673
LIN54_P2_4,LIN54,0,-0.00689,0.1741
LIN54_P2_5,LIN54,0,-0.01213,0.1775
LIN54_P2_6,LIN54,0,0.0005477,0.0593
LIN9_1,LIN9,0,-0.03444,0.4403
LIN9_2,LIN9,0,-0.002366,0.1663
LIN9_3,LIN9,0,-0.001265,0.1965
LIN9_4,LIN9,0,-0.002082,0.1029
LIN9_5,LIN9,0,-0.008356,0.158
LIN9_6,LIN9,0,-0.003284,0.1
LITAF_1,LITAF,0,-0.03278,0.1943
LITAF_2,LITAF,0,-0.005575,0.3832
LITAF_3,LITAF,0,-0.02268,0.1656
LITAF_4,LITAF,0,-0.009212,0.3018
LITAF_5,LITAF,0,-0.01745,0.2154
LITAF_6,LITAF,0,-0.009508,0.2183
LMO1_P1_1,LMO1,0,-0.006208,0.3009
LMO1_P1_2,LMO1,0,-0.01326,0.2253
LMO1_P1_3,LMO1,0,-0.008177,0.2446
LMO1_P1_4,LMO1,0,-0.05499,0.2744
LMO1_P1_5,LMO1,0,-0.01459,0.2643
LMO1_P1_6,LMO1,0,-0.002844,0.1108
LMO1_P2_1,LMO1,0,0.01804,0.1807
LMO1_P2_2,LMO1,0,0.004634,0.1483
LMO1_P2_3,LMO1,0,-0.01494,0.1984
LMO1_P2_4,LMO1,0,-0.007612,0.1765
LMO1_P2_5,LMO1,0,-0.008306,0.1202
LMO1_P2_6,LMO1,0,-0.001107,0.0639
LMO3_P1_1,LMO3,0,-0.007932,0.153
LMO3_P1_2,LMO3,0,-0.01849,0.1335
LMO3_P1_3,LMO3,0,-0.04688,0.4072
LMO3_P1_4,LMO3,0,-0.00236,0.1392
LMO3_P1_5,LMO3,0,-0.01354,0.1827
LMO3_P1_6,LMO3,0,-0.009733,0.194
LMO3_P2_1,LMO3,0,-0.05009,0.2377
LMO3_P2_2,LMO3,0,-0.005519,0.247
LMO3_P2_3,LMO3,0,-0.01872,0.3889
LMO3_P2_4,LMO3,0,-0.03289,0.3505
LMO3_P2_5,LMO3,0,0.002736,0.07861
LMO3_P2_6,LMO3,0,0.0153,0.1701
LMO4_1,LMO4,0,0.0109,0.1668
LMO4_2,LMO4,0,-0.06636,0.3089
LMO4_3,LMO4,0,0.008226,0.2043
LMO4_4,LMO4,0,-0.01448,0.209
LMO4_5,LMO4,0,0.01166,0.1081
LMO4_6,LMO4,0,-0.01096,0.1241
LMX1A_1,LMX1A,0,-0.03761,0.275
LMX1A_2,LMX1A,0,-0.02658,0.2085
LMX1A_3,LMX1A,0,-0.01858,0.2137
LMX1A_4,LMX1A,0,-0.06463,0.3648
LMX1A_5,LMX1A,0,-0.007563,0.1166
LMX1A_6,LMX1A,0,0.0006925,0.1542
LMX1B_1,LMX1B,0,-0.06026,0.3168
LMX1B_2,LMX1B,0,-0.01581,0.2062
LMX1B_3,LMX1B,0,-0.008976,0.2229
LMX1B_4,LMX1B,0,-0.01718,0.2155
LMX1B_5,LMX1B,0,-0.005613,0.1656
LMX1B_6,LMX1B,0,0.0001387,0.1023
LRPPRC_1,LRPPRC,0,-0.007235,0.161
LRPPRC_2,LRPPRC,0,-0.02743,0.2156
LRPPRC_3,LRPPRC,0,-0.01001,0.2284
LRPPRC_4,LRPPRC,0,-0.003583,0.1273
LRPPRC_5,LRPPRC,0,0.00731,0.1253
LRPPRC_6,LRPPRC,0,-0.006528,0.1937
LRRFIP1_1,LRRFIP1,0,-0.008792,0.1193
LRRFIP1_2,LRRFIP1,0,-0.003834,0.1689
LRRFIP1_3,LRRFIP1,0,-0.01012,0.2111
LRRFIP1_4,LRRFIP1,0,-0.01045,0.2479
LRRFIP1_5,LRRFIP1,0,-0.01024,0.1279
LRRFIP1_6,LRRFIP1,0,-0.004445,0.1174
LTF_1,LTF,0,-0.01841,0.1705
LTF_2,LTF,0,0.001414,0.1757
LTF_3,LTF,0,-0.007416,0.2596
LTF_4,LTF,0,-0.007183,0.15
LTF_5,LTF,0,-0.005428,0.1397
LTF_6,LTF,0,-0.01018,0.2157
LYL1_1,LYL1,0,-0.0156,0.3641
LYL1_2,LYL1,0,-0.01451,0.1725
LYL1_3,LYL1,0,-0.02196,0.1593
LYL1_4,LYL1,0,-0.004514,0.2153
LYL1_5,LYL1,0,-0.01022,0.1112
LYL1_6,LYL1,0,-0.01578,0.2164
LZTR1_1,LZTR1,0,-0.0007175,0.1526
LZTR1_2,LZTR1,0,-0.02627,0.2216
LZTR1_3,LZTR1,0,-0.00497,0.1752
LZTR1_4,LZTR1,0,-0.003794,0.4657
LZTR1_5,LZTR1,0,0.0008272,0.08615
LZTR1_6,LZTR1,0,-0.01411,0.1144
LZTS1_1,LZTS1,0,-0.05779,0.3013
LZTS1_2,LZTS1,0,-0.006137,0.1063
LZTS1_3,LZTS1,0,-0.2555,0.7767
LZTS1_4,LZTS1,0,-0.04382,0.4665
LZTS1_5,LZTS1,0,-0.003347,0.1161
LZTS1_6,LZTS1,0,-0.02541,0.1462
MAEL_1,MAEL,0,0.004809,0.142
MAEL_2,MAEL,0,-0.01112,0.2662
MAEL_3,MAEL,0,-0.02105,0.3354
MAEL_4,MAEL,0,-0.04456,0.3325
MAEL_5,MAEL,0,-0.003156,0.1489
MAEL_6,MAEL,0,-0.001342,0.1311
MAFA_1,MAFA,0,-0.01226,0.2861
MAFA_2,MAFA,0,-0.01206,0.2659
MAFA_3,MAFA,0,-0.01844,0.326
MAFA_4,MAFA,0,-0.01528,0.2883
MAFA_5,MAFA,0,-0.00414,0.1979
MAFA_6,MAFA,0,0.004889,0.1346
MAFB_1,MAFB,0,-0.03674,0.2573
MAFB_2,MAFB,0,-0.01086,0.1626
MAFB_3,MAFB,0,-0.0103,0.2991
MAFB_4,MAFB,0,-0.0002163,0.2561
MAFB_5,MAFB,0,-0.005244,0.08411
MAFB_6,MAFB,0,0.01564,0.2322
MAFF_1,MAFF,0,-0.02216,0.2683
MAFF_2,MAFF,0,0.006667,0.177
MAFF_3,MAFF,0,-0.01495,0.2719
MAFF_4,MAFF,0,0.005159,0.1764
MAFF_5,MAFF,0,-0.001756,0.07641
MAFF_6,MAFF,0,-0.006706,0.1044
MAFG_1,MAFG,0,-0.03103,0.2804
MAFG_2,MAFG,0,-0.01363,0.1612
MAFG_3,MAFG,0,-0.05341,0.2678
MAFG_4,MAFG,0,0.003957,0.2528
MAFG_5,MAFG,0,-0.02975,0.2638
MAFG_6,MAFG,0,-0.006179,0.09129
MAFK_1,MAFK,0,-0.009068,0.2524
MAFK_2,MAFK,0,0.005743,0.1772
MAFK_3,MAFK,0,-0.008759,0.1592
MAFK_4,MAFK,0,-0.01189,0.1291
MAFK_5,MAFK,0,0.002495,0.1687
MAFK_6,MAFK,0,0.001267,0.06634
MAF_1,MAF,0,-0.00898,0.1729
MAF_2,MAF,0,-0.02601,0.1345
MAF_3,MAF,0,0.0009809,0.2159
MAF_4,MAF,0,-0.02236,0.2019
MAF_5,MAF,0,-0.008613,0.09981
MAF_6,MAF,0,-0.04014,0.2007
MALAT1,MALAT1,0,-0.005495,0.05458
MAP3K7_1,MAP3K7,0,-0.01679,0.1213
MAP3K7_2,MAP3K7,0,-0.0113,0.1652
MAP3K7_3,MAP3K7,0,-0.01694,0.1918
MAP3K7_4,MAP3K7,0,-0.01041,0.1591
MAP3K7_5,MAP3K7,0,-0.001124,0.1406
MAP3K7_6,MAP3K7,0,0.005555,0.1094
MAPK8IP1_P1_1,MAPK8IP1,0,-0.003196,0.1725
MAPK8IP1_P1_2,MAPK8IP1,0,-0.007872,0.153
MAPK8IP1_P1_3,MAPK8IP1,0,-0.02798,0.2295
MAPK8IP1_P1_4,MAPK8IP1,0,-0.0087,0.1746
MAPK8IP1_P1_5,MAPK8IP1,0,-0.002839,0.1282
MAPK8IP1_P1_6,MAPK8IP1,0,0.01488,0.1465
MAPK8IP1_P2_1,MAPK8IP1,0,-0.02014,0.2338
MAPK8IP1_P2_2,MAPK8IP1,0,-0.01305,0.2154
MAPK8IP1_P2_3,MAPK8IP1,0,-0.04533,0.3636
MAPK8IP1_P2_4,MAPK8IP1,0,-0.03201,0.3737
MAPK8IP1_P2_5,MAPK8IP1,0,0.002952,0.07206
MAPK8IP1_P2_6,MAPK8IP1,0,0.002773,0.09682
MARS_1,MARS,0,-0.08922,0.5439
MARS_2,MARS,0,0.0001566,0.2943
MARS_3,MARS,0,-0.1048,0.6607
MARS_4,MARS,0,-0.006316,0.2407
MARS_5,MARS,0,-0.009652,0.14
MARS_6,MARS,0,0.004208,0.08377
MAX_1,MAX,0,-0.02752,0.2603
MAX_2,MAX,0,0.01224,0.1592
MAX_3,MAX,0,-0.009199,0.2523
MAX_4,MAX,0,-0.002456,0.2051
MAX_5,MAX,0,-0.001551,0.1029
MAX_6,MAX,0,0.004733,0.1041
MAZ_1,MAZ,0,-0.02111,0.313
MAZ_2,MAZ,0,-0.007273,0.1431
MAZ_3,MAZ,0,-0.02414,0.2153
MAZ_4,MAZ,0,-0.02117,0.2908
MAZ_5,MAZ,0,-0.0257,0.1567
MAZ_6,MAZ,0,-0.01727,0.2311
MBD1_1,MBD1,0,-0.02101,0.1607
MBD1_2,MBD1,0,-0.01106,0.1661
MBD1_3,MBD1,0,-0.01581,0.1982
MBD1_4,MBD1,0,-0.01082,0.289
MBD1_5,MBD1,0,-0.00962,0.1276
MBD1_6,MBD1,0,-0.00436,0.1207
MBD2_1,MBD2,0,-0.002038,0.1406
MBD2_2,MBD2,0,0.01407,0.217
MBD2_3,MBD2,0,-0.1347,0.6215
MBD2_4,MBD2,0,-0.00604,0.1589
MBD2_5,MBD2,0,0.003608,0.1389
MBD2_6,MBD2,0,-0.004375,0.1058
MBD3_1,MBD3,1,-0.04409,0.2642
MBD3_2,MBD3,1,-0.0617,0.3461
MBD3_3,MBD3,0,-0.01467,0.2381
MBD3_4,MBD3,0,-0.006542,0.09988
MBD3_5,MBD3,1,-0.009665,0.07682
MBD3_6,MBD3,0,-0.03449,0.2324
MBD4_1,MBD4,0,0.006647,0.1163
MBD4_2,MBD4,0,-0.01744,0.1933
MBD4_3,MBD4,0,-0.01784,0.2411
MBD4_4,MBD4,0,-0.02027,0.2316
MBD4_5,MBD4,0,0.007562,0.1109
MBD4_6,MBD4,0,0.006935,0.1675
MBD6_1,MBD6,0,-0.01544,0.3158
MBD6_2,MBD6,0,-3.7e-06,0.1412
MBD6_3,MBD6,0,-0.03636,0.2986
MBD6_4,MBD6,0,-0.02272,0.2409
MBD6_5,MBD6,0,-0.005018,0.1812
MBD6_6,MBD6,0,-0.004569,0.1353
MBNL2_1,MBNL2,0,-0.02088,0.1174
MBNL2_2,MBNL2,0,-0.02218,0.1996
MBNL2_3,MBNL2,0,-0.0181,0.1193
MBNL2_4,MBNL2,0,-0.002256,0.1707
MBNL2_5,MBNL2,0,-0.006304,0.2021
MBNL2_6,MBNL2,0,-0.003247,0.1231
MBNL3_1,MBNL3,0,-0.0303,0.2138
MBNL3_2,MBNL3,0,0.003075,0.1461
MBNL3_3,MBNL3,0,-0.01744,0.2787
MBNL3_4,MBNL3,0,0.01051,0.1226
MBNL3_5,MBNL3,0,-0.01084,0.09142
MBNL3_6,MBNL3,0,-0.006255,0.1816
MECOM_1,MECOM,0,-0.01708,0.2036
MECOM_2,MECOM,0,-0.008737,0.2965
MECOM_3,MECOM,0,-0.003597,0.2134
MECOM_4,MECOM,0,-0.0186,0.1334
MECOM_5,MECOM,0,-0.01123,0.1316
MECOM_6,MECOM,0,0.002396,0.1068
MECP2_1,MECP2,0,0.006113,0.2091
MECP2_2,MECP2,0,-0.01176,0.1913
MECP2_3,MECP2,0,-0.01457,0.1916
MECP2_4,MECP2,0,-0.05094,0.4064
MECP2_5,MECP2,0,-0.02114,0.2035
MECP2_6,MECP2,0,-0.004034,0.101
MED20_1,MED20,0,-0.03464,0.259
MED20_2,MED20,0,2.456e-05,0.1736
MED20_3,MED20,0,-0.0002861,0.1916
MED20_4,MED20,0,-0.003226,0.2729
MED20_5,MED20,0,0.001753,0.1508
MED20_6,MED20,0,-0.01496,0.1919
MED8_1,MED8,0,0.01272,0.1762
MED8_2,MED8,0,-0.000166,0.2236
MED8_3,MED8,0,-0.002795,0.1748
MED8_4,MED8,0,-0.00978,0.112
MED8_5,MED8,0,-0.006701,0.1183
MED8_6,MED8,0,-0.01946,0.2248
MEF2A_1,MEF2A,0,0.003478,0.3136
MEF2A_2,MEF2A,0,-0.00608,0.1419
MEF2A_3,MEF2A,0,-0.2839,0.6256
MEF2A_4,MEF2A,0,-0.02401,0.4134
MEF2A_5,MEF2A,0,0.003216,0.175
MEF2A_6,MEF2A,0,-0.00818,0.1069
MEF2B_1|MEF2BNB-MEF2B_1,MEF2B|MEF2BNB-MEF2B,0,-0.01373,0.1353
MEF2B_2|MEF2BNB-MEF2B_2,MEF2B|MEF2BNB-MEF2B,0,-0.02681,0.1937
MEF2B_3|MEF2BNB-MEF2B_3,MEF2B|MEF2BNB-MEF2B,0,-0.01006,0.1426
MEF2B_4|MEF2BNB-MEF2B_4,MEF2B|MEF2BNB-MEF2B,0,-0.00249,0.1692
MEF2B_5|MEF2BNB-MEF2B_5,MEF2B|MEF2BNB-MEF2B,0,0.006987,0.1232
MEF2B_6|MEF2BNB-MEF2B_6,MEF2B|MEF2BNB-MEF2B,0,-0.001929,0.07666
MEF2C_1,MEF2C,0,0.008354,0.2357
MEF2C_2,MEF2C,0,-0.007173,0.1118
MEF2C_3,MEF2C,0,-0.009567,0.1364
MEF2C_4,MEF2C,0,-0.003119,0.1965
MEF2C_5,MEF2C,0,-0.003249,0.1069
MEF2C_6,MEF2C,0,-0.0136,0.1684
MEF2D_1,MEF2D,0,-0.02037,0.2282
MEF2D_2,MEF2D,0,-0.02867,0.2276
MEF2D_3,MEF2D,0,-0.01361,0.1881
MEF2D_4,MEF2D,0,0.003731,0.09738
MEF2D_5,MEF2D,0,0.004274,0.1423
MEF2D_6,MEF2D,0,-0.01526,0.1175
MEIS1_1,MEIS1,0,-0.006851,0.1681
MEIS1_2,MEIS1,0,-0.0008264,0.1621
MEIS1_3,MEIS1,0,-0.01163,0.2496
MEIS1_4,MEIS1,0,-0.02078,0.1481
MEIS1_5,MEIS1,0,-0.006811,0.0958
MEIS1_6,MEIS1,0,-0.01561,0.243
MEIS2_1,MEIS2,0,-0.2685,0.7051
MEIS2_2,MEIS2,0,-0.001544,0.1699
MEIS2_3,MEIS2,0,-0.0716,0.6236
MEIS2_4,MEIS2,0,-0.004278,0.1762
MEIS2_5,MEIS2,0,-0.001296,0.08389
MEIS2_6,MEIS2,0,-0.02711,0.2228
MEIS3_P1_1,MEIS3,0,-0.06147,0.3873
MEIS3_P1_2,MEIS3,0,-0.04379,0.2869
MEIS3_P1_3,MEIS3,0,-0.00344,0.104
MEIS3_P1_4,MEIS3,0,-0.006583,0.1837
MEIS3_P1_5,MEIS3,0,-0.003781,0.1169
MEIS3_P1_6,MEIS3,0,0.0003414,0.1099
MEIS3_P2_1,MEIS3,0,-0.03948,0.2144
MEIS3_P2_2,MEIS3,0,-0.008627,0.1215
MEIS3_P2_3,MEIS3,0,-0.02051,0.2254
MEIS3_P2_4,MEIS3,0,0.01745,0.3613
MEIS3_P2_5,MEIS3,0,-0.00455,0.1031
MEIS3_P2_6,MEIS3,0,-0.02458,0.1434
MEOX1_1,MEOX1,0,-0.01447,0.2025
MEOX1_2,MEOX1,0,0.003451,0.1688
MEOX1_3,MEOX1,0,-0.00804,0.1822
MEOX1_4,MEOX1,0,-0.001757,0.1905
MEOX1_5,MEOX1,0,-0.02125,0.1466
MEOX1_6,MEOX1,0,-0.007211,0.1655
MEOX2_1,MEOX2,0,-0.002144,0.1202
MEOX2_2,MEOX2,0,-0.04176,0.2796
MEOX2_3,MEOX2,0,0.002314,0.1173
MEOX2_4,MEOX2,0,-0.004963,0.1537
MEOX2_5,MEOX2,0,-0.00732,0.1013
MEOX2_6,MEOX2,0,0.005302,0.1179
MESP1_1,MESP1,0,-0.01756,0.1852
MESP1_2,MESP1,0,-0.01019,0.1275
MESP1_3,MESP1,0,-0.007907,0.2306
MESP1_4,MESP1,0,-0.008105,0.2013
MESP1_5,MESP1,0,-0.008082,0.2013
MESP1_6,MESP1,0,-0.007844,0.1234
MESP2_1,MESP2,0,-0.002564,0.209
MESP2_2,MESP2,0,-0.01414,0.1321
MESP2_3,MESP2,0,-0.004416,0.1472
MESP2_4,MESP2,0,-0.01395,0.1754
MESP2_5,MESP2,0,-0.01028,0.2444
MESP2_6,MESP2,0,-0.003185,0.1442
MGA_1,MGA,1,0.007212,0.1872
MGA_2,MGA,1,0.004385,0.1348
MGA_3,MGA,0,0.007132,0.154
MGA_4,MGA,0,-0.00581,0.2149
MGA_5,MGA,0,-0.006293,0.123
MGA_6,MGA,0,-0.01073,0.1586
MIER1_P1_1,MIER1,0,-0.007704,0.1756
MIER1_P1_2,MIER1,0,0.003844,0.1468
MIER1_P1_3,MIER1,0,-0.053,0.3801
MIER1_P1_4,MIER1,0,-0.01237,0.2487
MIER1_P1_5,MIER1,0,-0.003696,0.1638
MIER1_P1_6,MIER1,0,-0.003694,0.2101
MIER1_P2_1,MIER1,0,-0.05601,0.3394
MIER1_P2_2,MIER1,0,0.005775,0.1698
MIER1_P2_3,MIER1,0,-0.0103,0.1493
MIER1_P2_4,MIER1,0,0.01441,0.2284
MIER1_P2_5,MIER1,0,0.001179,0.1892
MIER1_P2_6,MIER1,0,-0.01147,0.1034
MIER2_1,MIER2,0,-0.03164,0.2232
MIER2_2,MIER2,0,0.0011,0.1583
MIER2_3,MIER2,0,-0.04958,0.3047
MIER2_4,MIER2,0,-0.01127,0.267
MIER2_5,MIER2,0,0.001895,0.1268
MIER2_6,MIER2,0,-0.00689,0.1142
MIER3_1,MIER3,0,-0.0287,0.207
MIER3_2,MIER3,0,-0.001095,0.2409
MIER3_3,MIER3,0,-0.007463,0.2656
MIER3_4,MIER3,0,-0.03135,0.2664
MIER3_5,MIER3,0,-0.0118,0.153
MIER3_6,MIER3,0,-0.028,0.19
MIS18BP1_1,MIS18BP1,0,-0.07074,0.4951
MIS18BP1_2,MIS18BP1,0,-0.02749,0.3962
MIS18BP1_3,MIS18BP1,0,-0.2791,0.7795
MIS18BP1_4,MIS18BP1,0,-0.01464,0.5272
MIS18BP1_5,MIS18BP1,0,-0.002629,0.1354
MIS18BP1_6,MIS18BP1,0,-0.04095,0.4294
MITF_P1_1,MITF,0,-0.02418,0.3027
MITF_P1_2,MITF,0,-0.000899,0.1563
MITF_P1_3,MITF,0,-0.04298,0.3051
MITF_P1_4,MITF,0,-0.01126,0.2177
MITF_P1_5,MITF,0,-0.000347,0.1073
MITF_P1_6,MITF,0,-0.008696,0.1144
MITF_P2_1,MITF,0,-0.0312,0.3448
MITF_P2_2,MITF,0,-0.004481,0.1442
MITF_P2_3,MITF,0,-0.003511,0.127
MITF_P2_4,MITF,0,-0.0398,0.2584
MITF_P2_5,MITF,0,0.02093,0.1633
MITF_P2_6,MITF,0,0.001426,0.08045
MIXL1_1,MIXL1,0,0.006433,0.1724
MIXL1_2,MIXL1,0,-0.04032,0.2201
MIXL1_3,MIXL1,0,-0.009246,0.2496
MIXL1_4,MIXL1,0,0.003084,0.1886
MIXL1_5,MIXL1,0,-0.006571,0.1275
MIXL1_6,MIXL1,0,0.0002573,0.1085
MKX_P1_1,MKX,0,-0.01187,0.2097
MKX_P1_2,MKX,0,-0.01827,0.154
MKX_P1_3,MKX,0,-0.004296,0.1866
MKX_P1_4,MKX,0,-0.03011,0.2734
MKX_P1_5,MKX,0,0.01038,0.1218
MKX_P1_6,MKX,0,-0.01488,0.1684
MKX_P2_1,MKX,0,-0.004769,0.1625
MKX_P2_2,MKX,0,-0.007876,0.1751
MKX_P2_3,MKX,0,-0.009515,0.1646
MKX_P2_4,MKX,0,0.02392,0.2455
MKX_P2_5,MKX,0,-0.003186,0.1324
MKX_P2_6,MKX,0,0.003227,0.1516
MLLT10_1,MLLT10,0,-3.051e-05,0.225
MLLT10_2,MLLT10,0,-0.009884,0.1651
MLLT10_3,MLLT10,0,-0.01677,0.2024
MLLT10_4,MLLT10,0,0.001523,0.185
MLLT10_5,MLLT10,0,-0.01207,0.1427
MLLT10_6,MLLT10,0,0.004097,0.1033
MLLT1_1,MLLT1,0,-0.118,0.6863
MLLT1_2,MLLT1,0,-0.01562,0.3206
MLLT1_3,MLLT1,0,-0.01161,0.2578
MLLT1_4,MLLT1,0,-0.009788,0.2392
MLLT1_5,MLLT1,0,0.01136,0.142
MLLT1_6,MLLT1,0,0.01565,0.1888
MLLT3_1,MLLT3,0,-0.0149,0.1042
MLLT3_2,MLLT3,0,-0.005571,0.2198
MLLT3_3,MLLT3,0,-0.04456,0.2386
MLLT3_4,MLLT3,0,-0.03653,0.2735
MLLT3_5,MLLT3,0,-0.01205,0.1617
MLLT3_6,MLLT3,0,-0.000799,0.0552
MLXIPL_1,MLXIPL,0,-0.02524,0.1923
MLXIPL_2,MLXIPL,0,-0.01662,0.3099
MLXIPL_3,MLXIPL,0,-0.01754,0.1272
MLXIPL_4,MLXIPL,0,-0.01828,0.121
MLXIPL_5,MLXIPL,0,-0.01415,0.1423
MLXIPL_6,MLXIPL,0,-0.01212,0.1223
MLXIP_1,MLXIP,0,0.004411,0.2103
MLXIP_2,MLXIP,0,-0.006976,0.09221
MLXIP_3,MLXIP,0,-0.005653,0.09145
MLXIP_4,MLXIP,0,-0.0307,0.3019
MLXIP_5,MLXIP,0,-0.0202,0.1584
MLXIP_6,MLXIP,0,0.002429,0.08561
MLX_1,MLX,0,-0.01144,0.1283
MLX_2,MLX,0,-0.001032,0.3259
MLX_3,MLX,0,-0.02798,0.2635
MLX_4,MLX,0,0.001182,0.2886
MLX_5,MLX,0,-0.02348,0.2929
MLX_6,MLX,0,0.0151,0.2188
MMP3_1,MMP3,0,-0.01523,0.1916
MMP3_2,MMP3,0,-0.02385,0.2107
MMP3_3,MMP3,0,-0.003161,0.2332
MMP3_4,MMP3,0,0.002711,0.1781
MMP3_5,MMP3,0,-0.02738,0.3111
MMP3_6,MMP3,0,-0.004054,0.1226
MNAT1_1,MNAT1,0,-0.361,0.6541
MNAT1_5,MNAT1,0,-0.05752,0.5898
MNAT1_6,MNAT1,0,-0.06631,0.4331
MNT_1,MNT,0,-0.00341,0.177
MNT_2,MNT,0,-0.00399,0.1735
MNT_3,MNT,0,0.001148,0.1906
MNT_4,MNT,0,-0.005276,0.07126
MNT_5,MNT,0,-0.01195,0.1168
MNT_6,MNT,0,-0.01188,0.08968
MNX1_1,MNX1,0,-0.00517,0.1857
MNX1_2,MNX1,0,-0.02412,0.2273
MNX1_3,MNX1,0,-0.0254,0.2628
MNX1_4,MNX1,0,0.004266,0.3382
MNX1_5,MNX1,0,-0.02733,0.2693
MNX1_6,MNX1,0,0.0009341,0.2008
MSANTD1_1,MSANTD1,0,-0.01951,0.4853
MSANTD1_2,MSANTD1,0,-0.002016,0.2789
MSANTD1_3,MSANTD1,0,-0.004281,0.172
MSANTD1_4,MSANTD1,0,-0.02214,0.2665
MSANTD1_5,MSANTD1,0,-0.008688,0.1971
MSANTD1_6,MSANTD1,0,-0.01053,0.1982
MSANTD3_1,MSANTD3,0,-0.01567,0.1516
MSANTD3_2,MSANTD3,0,-0.004899,0.1739
MSANTD3_3,MSANTD3,0,-0.02829,0.2582
MSANTD3_4,MSANTD3,0,-0.03027,0.2403
MSANTD3_5,MSANTD3,0,-0.001068,0.124
MSANTD3_6,MSANTD3,0,-0.01338,0.1764
MSANTD4_1,MSANTD4,0,-0.0009734,0.233
MSANTD4_2,MSANTD4,0,0.00279,0.151
MSANTD4_3,MSANTD4,0,-0.0549,0.3222
MSANTD4_4,MSANTD4,0,-0.02341,0.2518
MSANTD4_5,MSANTD4,0,-0.002162,0.09263
MSANTD4_6,MSANTD4,0,-0.007805,0.1174
MSC_1,MSC,0,0.005067,0.2194
MSC_2,MSC,0,-0.004588,0.1435
MSC_3,MSC,0,-0.03445,0.2873
MSC_4,MSC,0,-0.01212,0.1969
MSC_5,MSC,0,0.0076,0.1091
MSC_6,MSC,0,-0.01582,0.1583
MSGN1_1,MSGN1,0,-0.01596,0.198
MSGN1_2,MSGN1,0,-0.01234,0.1563
MSGN1_3,MSGN1,0,-0.0211,0.2319
MSGN1_4,MSGN1,0,-0.02044,0.2718
MSGN1_5,MSGN1,0,-0.002812,0.1207
MSGN1_6,MSGN1,0,-0.03172,0.1389
MSLN_1,MSLN,0,0.001305,0.1948
MSLN_2,MSLN,0,-0.02932,0.2336
MSLN_3,MSLN,0,-0.02214,0.481
MSLN_4,MSLN,0,-0.01842,0.2506
MSLN_5,MSLN,0,-0.0101,0.1623
MSLN_6,MSLN,0,-0.01156,0.1117
MSX1_1,MSX1,0,0.0007951,0.1839
MSX1_2,MSX1,0,-0.0242,0.2033
MSX1_3,MSX1,0,0.0002842,0.2127
MSX1_4,MSX1,0,0.007266,0.2171
MSX1_5,MSX1,0,-0.008407,0.1377
MSX1_6,MSX1,0,-0.01024,0.1888
MSX2_1,MSX2,0,0.004292,0.1581
MSX2_2,MSX2,0,-0.01994,0.2249
MSX2_3,MSX2,0,-0.04992,0.3134
MSX2_4,MSX2,0,-0.009652,0.1455
MSX2_5,MSX2,0,-0.007156,0.1591
MSX2_6,MSX2,0,-0.004931,0.1726
MTA1_1,MTA1,0,-0.01921,0.227
MTA1_2,MTA1,0,-0.02165,0.1905
MTA1_3,MTA1,1,-0.008193,0.1088
MTA1_4,MTA1,0,-0.01089,0.1607
MTA1_5,MTA1,1,-0.004497,0.1265
MTA1_6,MTA1,0,0.003152,0.07272
MTA2_1,MTA2,0,-0.01091,0.1994
MTA2_2,MTA2,0,-0.01225,0.1896
MTA2_3,MTA2,0,-0.01431,0.2234
MTA2_4,MTA2,0,-0.004913,0.2241
MTA2_5,MTA2,0,-0.01711,0.2496
MTA2_6,MTA2,0,-0.005199,0.1459
MTA3_1,MTA3,0,-0.01708,0.2414
MTA3_2,MTA3,0,-0.01248,0.2624
MTA3_3,MTA3,0,-0.007281,0.1937
MTA3_4,MTA3,0,-0.02116,0.2904
MTA3_5,MTA3,0,-0.01636,0.2348
MTA3_6,MTA3,0,-0.003802,0.1433
MTERFD1_1,MTERFD1,0,-0.02512,0.2534
MTERFD1_3,MTERFD1,0,-0.1679,0.5588
MTERFD1_4,MTERFD1,0,-0.0466,0.2297
MTERFD1_5,MTERFD1,0,-0.02508,0.2852
MTERFD1_6,MTERFD1,0,-0.01386,0.1957
MTERFD2_1,MTERFD2,0,-0.001587,0.1922
MTERFD2_2,MTERFD2,0,-0.01253,0.1977
MTERFD2_3,MTERFD2,0,-0.02599,0.2429
MTERFD2_4,MTERFD2,0,-0.005472,0.1776
MTERFD2_5,MTERFD2,0,-0.01037,0.1298
MTERFD2_6,MTERFD2,0,-0.02512,0.1548
MTERFD3_1,MTERFD3,0,-0.02908,0.2757
MTERFD3_2,MTERFD3,0,0.0006883,0.1399
MTERFD3_3,MTERFD3,0,-0.0041,0.1876
MTERFD3_4,MTERFD3,0,-0.01031,0.2046
MTERFD3_5,MTERFD3,0,0.001237,0.1884
MTERFD3_6,MTERFD3,0,-0.004268,0.1062
MTERF_1,MTERF,0,-0.014,0.2135
MTERF_2,MTERF,0,0.001968,0.1176
MTERF_3,MTERF,0,-0.2006,0.5902
MTERF_4,MTERF,0,-0.04775,0.2417
MTERF_5,MTERF,0,-0.01355,0.1318
MTERF_6,MTERF,0,-0.01687,0.1327
MTF1_1,MTF1,1,-0.01138,0.1798
MTF1_2,MTF1,0,-0.01159,0.2891
MTF1_3,MTF1,1,0.009169,0.09292
MTF1_4,MTF1,0,6.664e-05,0.1683
MTF1_5,MTF1,0,0.0005312,0.1265
MTF1_6,MTF1,0,-0.003799,0.1463
MTF2_1,MTF2,0,0.0003982,0.07402
MTF2_2,MTF2,0,-0.01669,0.2335
MTF2_3,MTF2,0,-0.03476,0.3624
MTF2_4,MTF2,0,-0.04343,0.2594
MTF2_5,MTF2,0,-0.003564,0.1737
MTF2_6,MTF2,0,-0.01334,0.1612
MXD1_1,MXD1,0,-0.01846,0.2443
MXD1_2,MXD1,0,-0.008085,0.1624
MXD1_3,MXD1,0,-0.01553,0.1313
MXD1_4,MXD1,0,-0.006532,0.1149
MXD1_5,MXD1,0,-0.00544,0.1432
MXD1_6,MXD1,0,-0.006531,0.113
MXD3_1,MXD3,0,-0.01209,0.1293
MXD3_2,MXD3,0,-0.0002925,0.1843
MXD3_3,MXD3,0,6.804e-05,0.2296
MXD3_4,MXD3,0,-0.03055,0.3352
MXD3_5,MXD3,0,-0.2451,0.6005
MXD3_6,MXD3,0,-0.01491,0.1445
MXD4_1,MXD4,0,-0.003259,0.1705
MXD4_2,MXD4,0,-0.01267,0.1266
MXD4_3,MXD4,0,-0.02285,0.2753
MXD4_4,MXD4,0,0.01565,0.1986
MXD4_5,MXD4,0,-0.01253,0.2208
MXD4_6,MXD4,0,0.008046,0.1319
MXI1_P1_1,MXI1,0,-0.009148,0.2823
MXI1_P1_2,MXI1,0,-0.009049,0.1099
MXI1_P1_3,MXI1,0,-0.005918,0.1897
MXI1_P1_4,MXI1,0,-0.05359,0.2699
MXI1_P1_5,MXI1,0,-0.01218,0.1121
MXI1_P1_6,MXI1,0,0.005807,0.1206
MXI1_P2_1,MXI1,0,-0.009149,0.163
MXI1_P2_2,MXI1,0,-0.02118,0.2369
MXI1_P2_3,MXI1,0,-0.03066,0.2692
MXI1_P2_4,MXI1,0,-0.0131,0.2759
MXI1_P2_5,MXI1,0,0.002279,0.08994
MXI1_P2_6,MXI1,0,-0.01959,0.1993
MYBBP1A_1,MYBBP1A,0,-0.02077,0.4282
MYBBP1A_2,MYBBP1A,0,-0.2121,0.6214
MYBBP1A_3,MYBBP1A,0,-0.168,0.7684
MYBBP1A_4,MYBBP1A,0,-0.01667,0.2551
MYBBP1A_5,MYBBP1A,0,-0.01812,0.2615
MYBBP1A_6,MYBBP1A,0,-0.02093,0.2546
MYBL1_1,MYBL1,0,0.01163,0.2719
MYBL1_2,MYBL1,0,-0.01065,0.1248
MYBL1_3,MYBL1,0,0.007353,0.26
MYBL1_4,MYBL1,0,-0.01955,0.2261
MYBL1_5,MYBL1,0,-0.00768,0.1327
MYBL1_6,MYBL1,0,0.005504,0.1818
MYBL2_1,MYBL2,0,0.001475,0.1841
MYBL2_2,MYBL2,0,-0.01546,0.4725
MYBL2_3,MYBL2,0,-0.02755,0.2509
MYBL2_4,MYBL2,0,-0.1008,0.5173
MYBL2_5,MYBL2,0,-0.02737,0.3929
MYBL2_6,MYBL2,0,-0.0242,0.2738
MYB_1,MYB,0,-0.03026,0.2845
MYB_2,MYB,0,-0.01486,0.1445
MYB_3,MYB,0,-0.005827,0.2725
MYB_4,MYB,0,-0.008821,0.212
MYB_5,MYB,0,-0.005661,0.1061
MYB_6,MYB,0,-0.009156,0.1371
MYCBP_1,MYCBP,0,-0.03251,0.2463
MYCBP_2,MYCBP,0,-0.02141,0.1732
MYCBP_3,MYCBP,0,-0.001694,0.1481
MYCBP_4,MYCBP,0,-0.04038,0.3554
MYCBP_5,MYCBP,0,0.005003,0.07617
MYCBP_6,MYCBP,0,-0.008116,0.1358
MYCL_1,MYCL,0,-0.008731,0.1674
MYCL_2,MYCL,0,-0.01603,0.1686
MYCL_3,MYCL,0,0.002153,0.1789
MYCL_4,MYCL,0,0.01399,0.2278
MYCL_5,MYCL,0,0.01086,0.1854
MYCL_6,MYCL,0,-0.005644,0.155
MYCN_P1_1,MYCN,0,-0.0587,0.4538
MYCN_P1_2,MYCN,0,-0.04872,0.3032
MYCN_P1_3,MYCN,0,-0.04992,0.4677
MYCN_P1_4,MYCN,0,-0.01401,0.1601
MYCN_P1_5,MYCN,0,-0.01053,0.1683
MYCN_P1_6,MYCN,0,-0.01122,0.129
MYCN_P2_1,MYCN,0,-0.009478,0.2789
MYCN_P2_2,MYCN,0,-0.008226,0.1805
MYCN_P2_3,MYCN,0,-0.01759,0.1681
MYCN_P2_4,MYCN,0,-0.007175,0.1743
MYCN_P2_5,MYCN,0,0.002054,0.0814
MYCN_P2_6,MYCN,0,-0.009421,0.1078
MYC_1,MYC,0,-0.07692,0.5229
MYC_2,MYC,0,-0.01348,0.2193
MYC_3,MYC,0,-0.01497,0.252
MYC_4,MYC,0,-0.007362,0.2246
MYC_5,MYC,0,-0.009652,0.145
MYC_6,MYC,0,-0.01031,0.1084
MYEF2_1,MYEF2,0,0.005098,0.1158
MYEF2_2,MYEF2,0,-0.005283,0.1465
MYEF2_3,MYEF2,0,-0.02809,0.3731
MYEF2_4,MYEF2,0,-0.002839,0.08558
MYEF2_5,MYEF2,0,-0.01081,0.19
MYEF2_6,MYEF2,0,-0.007166,0.0995
MYF5_1,MYF5,0,-0.01596,0.1199
MYF5_2,MYF5,0,-0.01483,0.2889
MYF5_3,MYF5,0,-0.006268,0.3183
MYF5_4,MYF5,0,-0.005377,0.1785
MYF5_5,MYF5,0,0.009536,0.2011
MYF5_6,MYF5,0,-0.01283,0.1615
MYF6_1,MYF6,0,0.009523,0.1295
MYF6_2,MYF6,0,-0.008381,0.2231
MYF6_3,MYF6,0,-0.003009,0.178
MYF6_4,MYF6,0,0.006513,0.1971
MYF6_5,MYF6,0,-0.001108,0.104
MYF6_6,MYF6,0,-0.01294,0.1116
MYNN_1,MYNN,0,0.009832,0.1648
MYNN_2,MYNN,0,0.009153,0.1942
MYNN_3,MYNN,0,-0.02765,0.1882
MYNN_4,MYNN,0,-0.01492,0.1913
MYNN_5,MYNN,0,-0.01211,0.1613
MYNN_6,MYNN,0,-0.00522,0.1362
MYOCD_1,MYOCD,0,-0.009274,0.1353
MYOCD_2,MYOCD,0,-0.01981,0.2994
MYOCD_3,MYOCD,0,-0.03117,0.2806
MYOCD_4,MYOCD,0,-0.04024,0.3161
MYOCD_5,MYOCD,0,-0.002697,0.1558
MYOCD_6,MYOCD,0,-0.01389,0.1839
MYOD1_1,MYOD1,0,-4.67e-05,0.1874
MYOD1_2,MYOD1,0,-0.006423,0.2014
MYOD1_3,MYOD1,0,-0.06282,0.4324
MYOD1_4,MYOD1,0,0.006276,0.3093
MYOD1_5,MYOD1,0,-0.01086,0.1202
MYOD1_6,MYOD1,0,-0.001109,0.114
MYOG_1,MYOG,0,0.001661,0.1704
MYOG_2,MYOG,0,-0.01514,0.1494
MYOG_3,MYOG,0,-0.004859,0.07562
MYOG_4,MYOG,0,0.001464,0.2928
MYOG_5,MYOG,0,-0.006959,0.09315
MYOG_6,MYOG,0,0.008518,0.1615
MYPOP_1,MYPOP,0,-0.01663,0.22
MYPOP_2,MYPOP,0,0.008004,0.2004
MYPOP_3,MYPOP,0,-0.01288,0.1947
MYPOP_4,MYPOP,0,0.02958,0.2186
MYPOP_5,MYPOP,0,-0.007008,0.1696
MYPOP_6,MYPOP,0,-0.01086,0.1378
MYRFL_1,MYRFL,0,-0.02952,0.1736
MYRFL_2,MYRFL,0,-0.007119,0.08315
MYRFL_3,MYRFL,0,-0.007381,0.4151
MYRFL_4,MYRFL,0,-0.007159,0.1762
MYRFL_5,MYRFL,0,0.002284,0.1015
MYRFL_6,MYRFL,0,-0.007151,0.1113
MYRF_P1_1,MYRF,0,-0.0127,0.1901
MYRF_P1_2,MYRF,0,-0.01096,0.1812
MYRF_P1_3,MYRF,0,-0.0367,0.3762
MYRF_P1_4,MYRF,0,-0.02276,0.2781
MYRF_P1_5,MYRF,0,-0.008167,0.1639
MYRF_P1_6,MYRF,0,-0.007027,0.09721
MYRF_P2_1,MYRF,0,-0.005421,0.1517
MYRF_P2_2,MYRF,0,0.001844,0.2373
MYRF_P2_3,MYRF,0,-0.1609,0.6242
MYRF_P2_4,MYRF,0,0.001832,0.1653
MYRF_P2_5,MYRF,0,-0.042,0.3204
MYRF_P2_6,MYRF,0,0.000497,0.09963
MYSM1_1,MYSM1,0,-0.0478,0.3979
MYSM1_2,MYSM1,1,-0.005351,0.1654
MYSM1_3,MYSM1,0,-0.01184,0.244
MYSM1_4,MYSM1,1,-0.01323,0.2437
MYSM1_5,MYSM1,1,0.005196,0.1018
MYSM1_6,MYSM1,1,0.0122,0.2268
MYT1L_1,MYT1L,0,-0.0166,0.1918
MYT1L_2,MYT1L,0,-0.006894,0.1571
MYT1L_3,MYT1L,0,-0.07233,0.4441
MYT1L_4,MYT1L,0,-0.009712,0.1296
MYT1L_5,MYT1L,0,-0.0009171,0.1063
MYT1L_6,MYT1L,0,0.002937,0.1152
MYT1_1,MYT1,0,-0.02294,0.2698
MYT1_2,MYT1,0,-0.01475,0.2079
MYT1_3,MYT1,0,-0.02614,0.33
MYT1_4,MYT1,0,-0.00584,0.1414
MYT1_5,MYT1,0,-0.019,0.1283
MYT1_6,MYT1,0,-0.006292,0.1006
MZF1_1,MZF1,0,-0.01314,0.1674
MZF1_2,MZF1,0,-0.01216,0.2025
MZF1_3,MZF1,0,-0.000482,0.112
MZF1_4,MZF1,0,-0.0057,0.1868
MZF1_5,MZF1,0,0.004733,0.1544
MZF1_6,MZF1,0,-0.01356,0.2011
NACC2_1,NACC2,0,-0.06996,0.3689
NACC2_2,NACC2,0,0.004244,0.1493
NACC2_3,NACC2,0,-0.07449,0.4589
NACC2_4,NACC2,0,-0.05633,0.3459
NACC2_5,NACC2,0,-0.01477,0.2403
NACC2_6,NACC2,0,-0.01546,0.1916
NAIF1_1,NAIF1,0,-0.009856,0.1245
NAIF1_2,NAIF1,0,0.009475,0.1429
NAIF1_3,NAIF1,0,-0.01419,0.1671
NAIF1_4,NAIF1,0,0.007478,0.2648
NAIF1_5,NAIF1,0,0.006276,0.1405
NAIF1_6,NAIF1,0,0.008136,0.2691
NANOGNB_1,NANOGNB,0,-0.002365,0.2195
NANOGNB_2,NANOGNB,0,0.004446,0.1408
NANOGNB_3,NANOGNB,0,-0.02327,0.2312
NANOGNB_4,NANOGNB,0,-0.02173,0.2612
NANOGNB_5,NANOGNB,0,-0.04544,0.3645
NANOGNB_6,NANOGNB,0,-0.01094,0.256
NANOG_1,NANOG,0,-0.01204,0.2805
NANOG_2,NANOG,0,-0.0234,0.2995
NANOG_3,NANOG,0,-0.2663,0.6807
NANOG_4,NANOG,0,0.002386,0.1368
NANOG_5,NANOG,0,-0.007845,0.1239
NANOG_6,NANOG,0,0.008463,0.1392
NCL_P1_1,NCL,0,0.01654,0.159
NCL_P1_2,NCL,0,-0.02255,0.2199
NCL_P1_3,NCL,1,-0.01461,0.2744
NCL_P1_4,NCL,0,-0.01227,0.2553
NCL_P1_5,NCL,0,0.007983,0.1917
NCL_P1_6,NCL,0,-0.009966,0.1406
NCL_P2_1,NCL,0,-0.02942,0.3809
NCL_P2_2,NCL,1,0.004059,0.1272
NCL_P2_3,NCL,0,-0.00962,0.2213
NCL_P2_4,NCL,0,-0.004548,0.1631
NCL_P2_5,NCL,0,-0.002242,0.1269
NCL_P2_6,NCL,0,0.003441,0.1741
NCOA1_1,NCOA1,0,0.0002133,0.1481
NCOA1_2,NCOA1,0,-0.001609,0.1451
NCOA1_3,NCOA1,0,-0.01283,0.2498
NCOA1_4,NCOA1,1,-0.0101,0.1794
NCOA1_5,NCOA1,1,-0.001369,0.117
NCOA1_6,NCOA1,0,-0.01244,0.1059
NCOA2_1,NCOA2,0,-0.0108,0.1866
NCOA2_2,NCOA2,0,-0.01103,0.2311
NCOA2_3,NCOA2,0,0.006229,0.2778
NCOA2_4,NCOA2,0,-0.02976,0.2957
NCOA2_5,NCOA2,0,-0.008404,0.07544
NCOA2_6,NCOA2,0,-0.00418,0.2062
NCOA3_1,NCOA3,0,-0.01664,0.1924
NCOA3_2,NCOA3,0,0.004636,0.238
NCOA3_3,NCOA3,0,-0.03443,0.2418
NCOA3_4,NCOA3,0,-0.004635,0.1937
NCOA3_5,NCOA3,0,-0.006699,0.1747
NCOA3_6,NCOA3,0,-0.004371,0.1329
NCOA6_1,NCOA6,0,-0.02055,0.3151
NCOA6_2,NCOA6,0,-0.007112,0.3015
NCOA6_3,NCOA6,0,0.006878,0.262
NCOA6_4,NCOA6,0,-0.02146,0.2237
NCOA6_5,NCOA6,0,-0.005627,0.1057
NCOA6_6,NCOA6,0,-0.00267,0.0932
NCOR1_1,NCOR1,0,-0.01263,0.2735
NCOR1_2,NCOR1,0,-0.03233,0.3104
NCOR1_3,NCOR1,0,-0.02468,0.2688
NCOR1_4,NCOR1,0,-0.04552,0.273
NCOR1_5,NCOR1,0,-0.00703,0.3678
NCOR1_6,NCOR1,0,-0.004226,0.1002
NCOR2_P1_1,NCOR2,0,-0.007503,0.2244
NCOR2_P1_2,NCOR2,0,-0.0001116,0.1456
NCOR2_P1_3,NCOR2,0,-0.04638,0.492
NCOR2_P1_4,NCOR2,0,-0.3821,0.3827
NCOR2_P1_5,NCOR2,0,-0.003112,0.1026
NCOR2_P1_6,NCOR2,0,-0.01648,0.1477
NCOR2_P2_1,NCOR2,0,-0.003075,0.1724
NCOR2_P2_2,NCOR2,0,0.005193,0.1614
NCOR2_P2_3,NCOR2,0,-0.005809,0.1594
NCOR2_P2_4,NCOR2,0,-0.0151,0.2412
NCOR2_P2_5,NCOR2,0,0.0004916,0.09598
NCOR2_P2_6,NCOR2,0,-0.006622,0.1045
NELFE_1,NELFE,0,-0.002008,0.125
NELFE_2,NELFE,0,-0.003289,0.1834
NELFE_3,NELFE,0,-0.1065,0.5334
NELFE_4,NELFE,0,-0.009049,0.1763
NELFE_5,NELFE,0,-0.008605,0.1836
NELFE_6,NELFE,0,0.003122,0.1244
NEUROD1_1,NEUROD1,0,-0.001598,0.1868
NEUROD1_2,NEUROD1,0,-0.0343,0.3918
NEUROD1_3,NEUROD1,0,0.009679,0.3076
NEUROD1_4,NEUROD1,0,-0.01309,0.16
NEUROD1_5,NEUROD1,0,-0.00507,0.1119
NEUROD1_6,NEUROD1,0,-0.008474,0.1181
NEUROD2_1,NEUROD2,0,-0.02059,0.2458
NEUROD2_2,NEUROD2,0,0.005679,0.3144
NEUROD2_3,NEUROD2,0,-0.001101,0.1452
NEUROD2_4,NEUROD2,0,0.001278,0.1486
NEUROD2_5,NEUROD2,0,-0.008596,0.1565
NEUROD2_6,NEUROD2,0,-0.01024,0.2865
NEUROD4_1,NEUROD4,0,-0.02755,0.2325
NEUROD4_2,NEUROD4,0,-0.01294,0.1842
NEUROD4_3,NEUROD4,0,-0.01322,0.1963
NEUROD4_4,NEUROD4,0,-0.0341,0.2166
NEUROD4_5,NEUROD4,0,0.005443,0.1798
NEUROD4_6,NEUROD4,0,-0.0001325,0.08494
NEUROD6_1,NEUROD6,0,-0.0105,0.2466
NEUROD6_2,NEUROD6,0,-0.0008408,0.1679
NEUROD6_3,NEUROD6,0,0.02037,0.1842
NEUROD6_4,NEUROD6,0,-0.05787,0.3759
NEUROD6_5,NEUROD6,0,-0.002304,0.09051
NEUROD6_6,NEUROD6,0,-0.005856,0.1476
NEUROG1_1,NEUROG1,0,-0.002846,0.1562
NEUROG1_2,NEUROG1,0,-0.002558,0.1722
NEUROG1_3,NEUROG1,0,0.00739,0.1879
NEUROG1_4,NEUROG1,0,-0.007282,0.1685
NEUROG1_5,NEUROG1,0,0.001333,0.1255
NEUROG1_6,NEUROG1,0,-0.004325,0.2121
NEUROG2_1,NEUROG2,0,-0.02706,0.1905
NEUROG2_2,NEUROG2,0,-0.0131,0.166
NEUROG2_3,NEUROG2,0,0.005574,0.2445
NEUROG2_4,NEUROG2,0,-0.0006883,0.09369
NEUROG2_5,NEUROG2,0,-0.002889,0.1581
NEUROG2_6,NEUROG2,0,-0.01217,0.1059
NEUROG3_1,NEUROG3,0,0.0001531,0.1838
NEUROG3_2,NEUROG3,0,-0.03494,0.2998
NEUROG3_3,NEUROG3,0,-0.03347,0.3062
NEUROG3_4,NEUROG3,0,-0.0006072,0.1613
NEUROG3_5,NEUROG3,0,-0.005318,0.1294
NEUROG3_6,NEUROG3,0,0.01247,0.1383
NF1_1,NF1,0,-0.02623,0.1871
NF1_2,NF1,0,-0.02766,0.2453
NF1_3,NF1,0,-0.01008,0.2235
NF1_4,NF1,0,-0.008879,0.123
NF1_5,NF1,0,-0.01321,0.1436
NF1_6,NF1,0,0.003106,0.1681
NFAT5_1,NFAT5,0,-0.02718,0.2419
NFAT5_2,NFAT5,0,0.003687,0.1821
NFAT5_3,NFAT5,0,0.005165,0.1018
NFAT5_4,NFAT5,0,-0.01531,0.1505
NFAT5_5,NFAT5,0,-0.003156,0.1446
NFAT5_6,NFAT5,0,-0.011,0.1278
NFATC1_P1_1,NFATC1,0,-0.02541,0.2826
NFATC1_P1_2,NFATC1,0,-0.008106,0.224
NFATC1_P1_3,NFATC1,0,-0.03037,0.2348
NFATC1_P1_4,NFATC1,0,-0.008,0.1994
NFATC1_P1_5,NFATC1,0,-0.01189,0.1631
NFATC1_P1_6,NFATC1,0,-0.00831,0.1069
NFATC1_P2_1,NFATC1,0,-0.02495,0.2414
NFATC1_P2_2,NFATC1,0,-0.03021,0.2881
NFATC1_P2_3,NFATC1,0,-0.03896,0.1937
NFATC1_P2_4,NFATC1,0,-0.01073,0.287
NFATC1_P2_5,NFATC1,0,0.006496,0.121
NFATC1_P2_6,NFATC1,0,0.003564,0.1042
NFATC2_P1_1,NFATC2,0,-0.01246,0.2346
NFATC2_P1_2,NFATC2,0,0.009787,0.227
NFATC2_P1_3,NFATC2,0,-0.04028,0.2219
NFATC2_P1_4,NFATC2,0,-0.04091,0.3543
NFATC2_P1_5,NFATC2,0,-0.02153,0.1748
NFATC2_P1_6,NFATC2,0,0.004611,0.1705
NFATC2_P2_1,NFATC2,0,-0.00727,0.1835
NFATC2_P2_2,NFATC2,0,-0.02535,0.292
NFATC2_P2_3,NFATC2,0,-0.002983,0.1482
NFATC2_P2_4,NFATC2,0,-0.001622,0.206
NFATC2_P2_5,NFATC2,0,0.002125,0.1087
NFATC2_P2_6,NFATC2,0,-0.01669,0.1481
NFATC3_1,NFATC3,0,-0.01388,0.1593
NFATC3_2,NFATC3,0,-0.02612,0.2388
NFATC3_3,NFATC3,0,0.008785,0.2639
NFATC3_4,NFATC3,0,-0.02072,0.2955
NFATC3_5,NFATC3,0,-0.01208,0.161
NFATC3_6,NFATC3,0,-0.006143,0.1209
NFATC4_1,NFATC4,0,-0.0007776,0.2369
NFATC4_2,NFATC4,0,-0.01696,0.2322
NFATC4_3,NFATC4,0,-0.01731,0.2379
NFATC4_4,NFATC4,0,-0.01217,0.1489
NFATC4_5,NFATC4,0,0.005202,0.1507
NFATC4_6,NFATC4,0,0.002045,0.1096
NFE2L1_1,NFE2L1,0,-0.01254,0.2661
NFE2L1_2,NFE2L1,0,-0.04669,0.3099
NFE2L1_3,NFE2L1,0,0.007992,0.1912
NFE2L1_4,NFE2L1,0,0.0026,0.2637
NFE2L1_5,NFE2L1,0,-0.01361,0.1278
NFE2L1_6,NFE2L1,0,0.00553,0.08855
NFE2L2_P1_1,NFE2L2,0,-0.03818,0.2219
NFE2L2_P1_2,NFE2L2,0,-0.04362,0.2366
NFE2L2_P1_3,NFE2L2,0,-0.008188,0.1999
NFE2L2_P1_4,NFE2L2,0,-0.005549,0.1789
NFE2L2_P1_5,NFE2L2,0,-0.005339,0.1573
NFE2L2_P1_6,NFE2L2,0,0.0003398,0.08574
NFE2L2_P2_1,NFE2L2,0,-0.02768,0.1802
NFE2L2_P2_2,NFE2L2,0,-0.008788,0.1637
NFE2L2_P2_3,NFE2L2,0,-0.009263,0.2445
NFE2L2_P2_4,NFE2L2,0,-0.01432,0.1212
NFE2L2_P2_5,NFE2L2,0,-0.008616,0.1281
NFE2L2_P2_6,NFE2L2,0,-0.0006026,0.08977
NFE2L3_1,NFE2L3,0,-0.0003906,0.217
NFE2L3_2,NFE2L3,0,0.003504,0.1174
NFE2L3_3,NFE2L3,0,-0.01034,0.2016
NFE2L3_4,NFE2L3,0,-0.05562,0.3887
NFE2L3_5,NFE2L3,0,-0.009508,0.1254
NFE2L3_6,NFE2L3,0,-0.01661,0.1347
NFE2_1,NFE2,0,-0.0004115,0.1178
NFE2_2,NFE2,0,-0.01742,0.1979
NFE2_3,NFE2,0,-0.02026,0.2868
NFE2_4,NFE2,0,-0.01856,0.1771
NFE2_5,NFE2,0,0.00193,0.1338
NFE2_6,NFE2,0,-0.02779,0.1552
NFE4_1,NFE4,0,0.008676,0.1496
NFE4_2,NFE4,0,-0.03658,0.4189
NFE4_3,NFE4,0,-0.04902,0.3609
NFE4_4,NFE4,0,0.009599,0.2225
NFE4_5,NFE4,0,-0.002776,0.1559
NFE4_6,NFE4,0,0.01023,0.1653
NFIA_1,NFIA,0,-0.008951,0.2403
NFIA_2,NFIA,0,-0.004256,0.2291
NFIA_3,NFIA,0,-0.001363,0.1513
NFIA_4,NFIA,0,-0.03876,0.3933
NFIA_5,NFIA,0,-0.01604,0.1699
NFIA_6,NFIA,0,0.0008397,0.1379
NFIB_1,NFIB,0,-0.006373,0.1764
NFIB_2,NFIB,0,-0.02326,0.1795
NFIB_3,NFIB,0,-0.01094,0.1559
NFIB_4,NFIB,0,-0.005569,0.1914
NFIB_5,NFIB,0,0.002191,0.08638
NFIB_6,NFIB,0,-0.002747,0.1376
NFIC_P1_1,NFIC,0,-0.02385,0.2532
NFIC_P1_2,NFIC,0,-0.002242,0.1437
NFIC_P1_3,NFIC,0,-0.01922,0.1779
NFIC_P1_4,NFIC,0,-0.00757,0.3055
NFIC_P1_5,NFIC,0,-0.002147,0.1368
NFIC_P1_6,NFIC,0,-0.01012,0.1373
NFIC_P2_1,NFIC,0,-0.01853,0.2453
NFIC_P2_2,NFIC,0,-0.01848,0.2653
NFIC_P2_3,NFIC,0,-0.01699,0.1669
NFIC_P2_4,NFIC,0,-0.05624,0.437
NFIC_P2_5,NFIC,0,-0.01222,0.1671
NFIC_P2_6,NFIC,0,-0.00141,0.0891
NFIL3_1,NFIL3,0,-0.006241,0.2361
NFIL3_2,NFIL3,0,-0.01031,0.2586
NFIL3_3,NFIL3,0,-0.004859,0.1757
NFIL3_5,NFIL3,0,-0.002414,0.168
NFIL3_6,NFIL3,0,-0.00724,0.1436
NFIX_P1_1,NFIX,0,0.007842,0.1525
NFIX_P1_2,NFIX,0,-0.01492,0.1471
NFIX_P1_3,NFIX,0,-0.0032,0.183
NFIX_P1_4,NFIX,0,-0.01923,0.2133
NFIX_P1_5,NFIX,0,-0.01027,0.1445
NFIX_P1_6,NFIX,0,-9.442e-05,0.1331
NFIX_P2_1,NFIX,0,-0.03436,0.2597
NFIX_P2_2,NFIX,0,-0.004566,0.1297
NFIX_P2_3,NFIX,0,0.009082,0.2163
NFIX_P2_4,NFIX,0,-0.0813,0.5938
NFIX_P2_5,NFIX,0,-0.003522,0.07279
NFIX_P2_6,NFIX,0,0.009332,0.17
NFKB1_1,NFKB1,0,0.002255,0.1178
NFKB1_2,NFKB1,0,-0.005229,0.1777
NFKB1_3,NFKB1,0,0.002873,0.129
NFKB1_4,NFKB1,0,0.004361,0.2408
NFKB1_5,NFKB1,0,-0.0002018,0.1588
NFKB1_6,NFKB1,0,-0.01057,0.1356
NFKB2_1,NFKB2,0,-0.002134,0.2586
NFKB2_2,NFKB2,0,0.00489,0.2172
NFKB2_3,NFKB2,0,-0.01218,0.2292
NFKB2_4,NFKB2,0,-0.03415,0.2658
NFKB2_5,NFKB2,0,0.008059,0.19
NFKB2_6,NFKB2,0,-0.001916,0.1665
NFKBIA_P1_1,NFKBIA,0,-0.01166,0.2058
NFKBIA_P1_2,NFKBIA,0,0.004565,0.128
NFKBIA_P1_3,NFKBIA,0,0.006355,0.2167
NFKBIA_P1_4,NFKBIA,0,-0.009801,0.1607
NFKBIA_P1_5,NFKBIA,0,-0.006536,0.1075
NFKBIA_P1_6,NFKBIA,0,-0.004714,0.09048
NFKBIA_P2_1,NFKBIA,0,-0.02077,0.2869
NFKBIA_P2_2,NFKBIA,0,-0.01248,0.2104
NFKBIA_P2_3,NFKBIA,0,-0.01362,0.1794
NFKBIA_P2_4,NFKBIA,0,-0.07488,0.4146
NFKBIA_P2_5,NFKBIA,0,-0.003721,0.1016
NFKBIA_P2_6,NFKBIA,0,-0.006431,0.09127
NFKBIB_1,NFKBIB,0,-0.01875,0.2658
NFKBIB_2,NFKBIB,0,-0.01664,0.1305
NFKBIB_3,NFKBIB,0,-0.03588,0.2888
NFKBIB_4,NFKBIB,0,-0.02925,0.3802
NFKBIB_5,NFKBIB,0,-0.001465,0.0808
NFKBIB_6,NFKBIB,0,0.002342,0.1659
NFKBID_P1_1,NFKBID,0,-0.0002823,0.1064
NFKBID_P1_2,NFKBID,0,-0.008831,0.2133
NFKBID_P1_3,NFKBID,0,-0.01513,0.233
NFKBID_P1_4,NFKBID,0,-0.0002589,0.1348
NFKBID_P1_5,NFKBID,0,-0.009391,0.155
NFKBID_P1_6,NFKBID,0,-0.003404,0.1236
NFKBID_P2_1,NFKBID,1,-0.01197,0.2395
NFKBID_P2_2,NFKBID,0,0.001398,0.1059
NFKBID_P2_3,NFKBID,0,-0.02095,0.3782
NFKBID_P2_4,NFKBID,1,-0.01145,0.2315
NFKBID_P2_5,NFKBID,0,-0.01126,0.1414
NFKBID_P2_6,NFKBID,0,-0.01496,0.1304
NFKBIE_1,NFKBIE,0,-0.01011,0.2134
NFKBIE_2,NFKBIE,0,-0.00809,0.1956
NFKBIE_3,NFKBIE,0,-0.02272,0.2051
NFKBIE_4,NFKBIE,0,-0.02318,0.3009
NFKBIE_5,NFKBIE,0,-0.005336,0.1118
NFKBIE_6,NFKBIE,0,-0.04105,0.3295
NFKBIL1_1,NFKBIL1,0,-0.00792,0.2458
NFKBIL1_2,NFKBIL1,0,-0.008448,0.1842
NFKBIL1_3,NFKBIL1,0,-0.05178,0.2839
NFKBIL1_4,NFKBIL1,0,-0.1353,0.4403
NFKBIL1_5,NFKBIL1,0,0.002734,0.1535
NFKBIL1_6,NFKBIL1,0,-0.02028,0.1743
NFKBIZ_P1_1,NFKBIZ,0,-0.04178,0.4952
NFKBIZ_P1_2,NFKBIZ,0,-0.02475,0.3211
NFKBIZ_P1_3,NFKBIZ,0,-0.02105,0.2952
NFKBIZ_P1_4,NFKBIZ,0,0.004494,0.2302
NFKBIZ_P1_5,NFKBIZ,0,-0.0002302,0.1287
NFKBIZ_P1_6,NFKBIZ,0,-0.009199,0.1383
NFKBIZ_P2_1,NFKBIZ,0,-0.01006,0.1778
NFKBIZ_P2_2,NFKBIZ,0,-0.001271,0.1191
NFKBIZ_P2_3,NFKBIZ,0,-0.001855,0.0733
NFKBIZ_P2_4,NFKBIZ,0,0.009389,0.1841
NFKBIZ_P2_5,NFKBIZ,0,-0.005563,0.1114
NFKBIZ_P2_6,NFKBIZ,0,-0.01968,0.1291
NFRKB_1,NFRKB,0,-0.03957,0.3653
NFRKB_2,NFRKB,0,-0.4345,0.5943
NFRKB_3,NFRKB,0,-0.02917,0.3166
NFRKB_4,NFRKB,0,-0.06287,0.4779
NFRKB_5,NFRKB,0,-0.05023,0.223
NFRKB_6,NFRKB,0,-0.01106,0.1435
NFX1_1,NFX1,0,-0.004173,0.2548
NFX1_2,NFX1,0,-0.01161,0.2226
NFX1_3,NFX1,0,0.002844,0.1316
NFX1_4,NFX1,0,-0.01829,0.1952
NFX1_5,NFX1,0,-0.006339,0.143
NFX1_6,NFX1,0,0.001385,0.1258
NFXL1_1,NFXL1,0,-0.01796,0.197
NFXL1_2,NFXL1,0,0.0005476,0.1732
NFXL1_3,NFXL1,0,-0.002397,0.2234
NFXL1_4,NFXL1,0,-0.2056,0.5567
NFXL1_5,NFXL1,0,-0.003113,0.1351
NFXL1_6,NFXL1,0,0.0002164,0.1079
NFYA_1,NFYA,0,-0.01427,0.1629
NFYA_2,NFYA,0,-0.01399,0.1797
NFYA_3,NFYA,0,0.003452,0.2056
NFYA_4,NFYA,0,-0.01592,0.2769
NFYA_5,NFYA,0,0.003074,0.1769
NFYA_6,NFYA,0,0.004847,0.05524
NFYB_1,NFYB,0,-0.0612,0.3979
NFYB_2,NFYB,0,-0.01543,0.1638
NFYB_3,NFYB,0,-0.07492,0.46
NFYB_4,NFYB,0,-0.02948,0.2337
NFYB_5,NFYB,0,-0.004185,0.1525
NFYB_6,NFYB,0,0.004824,0.08165
NFYC_1,NFYC,0,-0.07499,0.5986
NFYC_2,NFYC,0,-0.001649,0.295
NFYC_3,NFYC,0,0.008904,0.0921
NFYC_4,NFYC,0,-0.0007836,0.1687
NFYC_5,NFYC,0,-0.00365,0.09657
NFYC_6,NFYC,0,-0.01108,0.1026
NGFRAP1,NGFRAP1,0,-3.611e-05,0.02808
NHLH1_1,NHLH1,0,-0.01146,0.1627
NHLH1_2,NHLH1,0,-0.01137,0.1049
NHLH1_3,NHLH1,0,0.0001073,0.226
NHLH1_4,NHLH1,0,-0.00132,0.1059
NHLH1_5,NHLH1,0,-0.003739,0.1138
NHLH1_6,NHLH1,0,0.02166,0.2395
NHLH2_1,NHLH2,0,-0.03892,0.2653
NHLH2_2,NHLH2,0,-0.01066,0.2045
NHLH2_3,NHLH2,0,-0.006205,0.118
NHLH2_4,NHLH2,0,0.00982,0.1362
NHLH2_5,NHLH2,0,-0.003792,0.1637
NHLH2_6,NHLH2,0,-0.01551,0.3016
NHP2_1,NHP2,0,-0.06498,0.3822
NHP2_2,NHP2,0,-0.03265,0.3147
NHP2_3,NHP2,0,-0.02061,0.2347
NHP2_4,NHP2,0,0.000329,0.1444
NHP2_5,NHP2,0,-0.004778,0.09143
NHP2_6,NHP2,0,-0.01123,0.1205
NKRF_1,NKRF,0,-0.01012,0.1763
NKRF_2,NKRF,0,-0.01347,0.1738
NKRF_3,NKRF,0,-0.04158,0.3423
NKRF_4,NKRF,0,-0.2501,0.8038
NKRF_5,NKRF,0,-0.02068,0.1488
NKRF_6,NKRF,0,-0.005451,0.08785
NKX1-1_1,NKX1-1,0,0.002617,0.2362
NKX1-1_2,NKX1-1,0,-0.002097,0.2574
NKX1-1_3,NKX1-1,0,-0.007602,0.2053
NKX1-1_4,NKX1-1,0,-0.08018,0.4474
NKX1-1_5,NKX1-1,0,-0.0003933,0.1778
NKX1-1_6,NKX1-1,0,-0.003041,0.1025
NKX1-2_1,NKX1-2,0,-0.02945,0.2114
NKX1-2_2,NKX1-2,0,-0.0122,0.2185
NKX1-2_3,NKX1-2,0,0.00727,0.143
NKX1-2_4,NKX1-2,0,-0.02486,0.4306
NKX1-2_5,NKX1-2,0,-0.005975,0.1405
NKX1-2_6,NKX1-2,0,-0.008172,0.1938
NKX2-1_1,NKX2-1,0,4.036e-05,0.101
NKX2-1_2,NKX2-1,0,-0.01122,0.2179
NKX2-1_3,NKX2-1,0,-0.002019,0.1608
NKX2-1_4,NKX2-1,0,-0.002971,0.2669
NKX2-1_5,NKX2-1,0,-0.004396,0.1121
NKX2-1_6,NKX2-1,0,-0.01521,0.12
NKX2-2_1,NKX2-2,0,-0.001759,0.1582
NKX2-2_2,NKX2-2,0,-0.009755,0.2057
NKX2-2_3,NKX2-2,0,-0.02124,0.3316
NKX2-2_4,NKX2-2,0,-0.072,0.3921
NKX2-2_5,NKX2-2,0,-0.0004954,0.07094
NKX2-2_6,NKX2-2,0,-0.02784,0.18
NKX2-3_1,NKX2-3,0,-0.01033,0.128
NKX2-3_2,NKX2-3,0,-0.005547,0.1482
NKX2-3_3,NKX2-3,0,-0.0172,0.213
NKX2-3_4,NKX2-3,0,-0.03926,0.3363
NKX2-3_5,NKX2-3,0,-0.02221,0.1913
NKX2-3_6,NKX2-3,0,-0.00575,0.3149
NKX2-4_1,NKX2-4,0,0.008564,0.2995
NKX2-4_2,NKX2-4,0,-0.03596,0.2849
NKX2-4_3,NKX2-4,0,-0.01008,0.2322
NKX2-4_4,NKX2-4,0,-0.04588,0.2286
NKX2-4_5,NKX2-4,0,0.004301,0.1283
NKX2-4_6,NKX2-4,0,0.001108,0.07553
NKX2-5_1,NKX2-5,0,0.004035,0.319
NKX2-5_2,NKX2-5,0,-0.002722,0.09835
NKX2-5_3,NKX2-5,0,-0.03801,0.2789
NKX2-5_4,NKX2-5,0,-0.01441,0.3478
NKX2-5_5,NKX2-5,0,-0.0009421,0.1728
NKX2-5_6,NKX2-5,0,0.006338,0.1816
NKX2-6_1,NKX2-6,0,0.005431,0.1219
NKX2-6_2,NKX2-6,0,-0.02154,0.2129
NKX2-6_3,NKX2-6,0,-0.002196,0.3458
NKX2-6_4,NKX2-6,0,-0.0002553,0.1298
NKX2-6_5,NKX2-6,0,-0.03039,0.1976
NKX2-6_6,NKX2-6,0,0.001184,0.07978
NKX2-8_1,NKX2-8,0,-0.01642,0.1596
NKX2-8_2,NKX2-8,0,0.001553,0.2457
NKX2-8_3,NKX2-8,0,0.002373,0.2032
NKX2-8_4,NKX2-8,0,-0.009899,0.2278
NKX2-8_5,NKX2-8,0,-0.02535,0.1536
NKX2-8_6,NKX2-8,0,-0.01272,0.181
NKX3-1_1,NKX3-1,0,-0.007116,0.1943
NKX3-1_2,NKX3-1,0,-0.02394,0.232
NKX3-1_3,NKX3-1,0,2.91e-05,0.09086
NKX3-1_4,NKX3-1,0,-0.01718,0.2053
NKX3-1_5,NKX3-1,0,-0.007792,0.1291
NKX3-1_6,NKX3-1,0,-0.01154,0.1168
NKX3-2_1,NKX3-2,0,-0.00689,0.1645
NKX3-2_2,NKX3-2,0,-0.01535,0.2071
NKX3-2_3,NKX3-2,0,-0.01145,0.2469
NKX3-2_4,NKX3-2,0,-0.05055,0.294
NKX3-2_5,NKX3-2,0,-0.007129,0.1754
NKX3-2_6,NKX3-2,0,-0.001933,0.09991
NKX6-1_2,NKX6-1,0,-0.03371,0.2402
NKX6-1_3,NKX6-1,0,-0.01895,0.1242
NKX6-1_4,NKX6-1,0,-0.06368,0.375
NKX6-1_5,NKX6-1,0,-0.01881,0.1666
NKX6-1_6,NKX6-1,0,-0.003618,0.174
NKX6-2_1,NKX6-2,0,-0.01281,0.2754
NKX6-2_2,NKX6-2,0,-0.002829,0.155
NKX6-2_3,NKX6-2,0,-0.02974,0.2998
NKX6-2_4,NKX6-2,0,-0.007841,0.1487
NKX6-2_5,NKX6-2,0,-0.008266,0.1546
NKX6-2_6,NKX6-2,0,-0.003218,0.1328
NKX6-3_1,NKX6-3,0,-0.006579,0.1973
NKX6-3_2,NKX6-3,0,-0.003799,0.09795
NKX6-3_3,NKX6-3,0,-0.01932,0.2364
NKX6-3_4,NKX6-3,0,-0.02752,0.2598
NKX6-3_5,NKX6-3,0,0.003275,0.1125
NKX6-3_6,NKX6-3,0,0.005094,0.1437
NME2_1|NME1-NME2_1,NME2|NME1-NME2,0,-0.02359,0.2821
NME2_2|NME1-NME2_2,NME2|NME1-NME2,0,0.002087,0.1521
NME2_3|NME1-NME2_3,NME2|NME1-NME2,0,-0.01617,0.1585
NME2_4|NME1-NME2_4,NME2|NME1-NME2,0,-0.009331,0.1456
NME2_5|NME1-NME2_5,NME2|NME1-NME2,0,-0.008511,0.1099
NME2_6|NME1-NME2_6,NME2|NME1-NME2,0,-0.0008269,0.1712
NMI_1,NMI,0,0.01019,0.1295
NMI_2,NMI,0,-0.01241,0.2138
NMI_3,NMI,0,-0.005049,0.2724
NMI_4,NMI,0,0.007505,0.2026
NMI_5,NMI,0,-0.002478,0.2313
NMI_6,NMI,0,0.0112,0.2112
NOBOX_P1_1,NOBOX,0,-0.004331,0.2232
NOBOX_P1_2,NOBOX,0,-0.02268,0.2715
NOBOX_P1_3,NOBOX,0,-0.005849,0.1365
NOBOX_P1_4,NOBOX,0,-0.0134,0.2794
NOBOX_P1_5,NOBOX,0,-0.008265,0.2031
NOBOX_P1_6,NOBOX,0,-0.01096,0.1726
NOBOX_P2_1,NOBOX,0,-0.008455,0.1819
NOBOX_P2_2,NOBOX,0,0.0002529,0.2189
NOBOX_P2_3,NOBOX,0,-0.1317,0.4143
NOBOX_P2_4,NOBOX,0,-0.02546,0.1925
NOBOX_P2_5,NOBOX,0,0.003487,0.1589
NOBOX_P2_6,NOBOX,0,0.004024,0.1566
NOC3L_1,NOC3L,0,-0.003347,0.5294
NOC3L_3,NOC3L,0,-0.04404,0.2701
NOC3L_4,NOC3L,0,-0.003319,0.2855
NOC3L_5,NOC3L,0,-0.03325,0.3924
NOC3L_6,NOC3L,0,-0.153,0.5077
NONO_1,NONO,0,-0.0481,0.2999
NONO_2,NONO,0,0.002522,0.1297
NONO_3,NONO,0,-0.002771,0.2939
NONO_4,NONO,0,-0.01219,0.2187
NONO_5,NONO,0,0.0116,0.09853
NONO_6,NONO,0,-0.007763,0.103
NOTCH1_P1_1,NOTCH1,0,-0.005692,0.1744
NOTCH1_P1_2,NOTCH1,0,-0.02925,0.328
NOTCH1_P1_3,NOTCH1,0,-0.06465,0.3514
NOTCH1_P1_4,NOTCH1,0,-0.003411,0.1524
NOTCH1_P1_5,NOTCH1,0,-0.007704,0.07201
NOTCH1_P1_6,NOTCH1,0,0.001419,0.1045
NOTCH1_P2_1,NOTCH1,0,-0.01881,0.2006
NOTCH1_P2_2,NOTCH1,0,-0.005488,0.1463
NOTCH1_P2_3,NOTCH1,0,-0.002261,0.1567
NOTCH1_P2_4,NOTCH1,0,-0.01463,0.2194
NOTCH1_P2_5,NOTCH1,0,-0.0137,0.1805
NOTCH1_P2_6,NOTCH1,0,0.008139,0.12
NOTCH2_1,NOTCH2,0,-0.04473,0.3523
NOTCH2_2,NOTCH2,0,0.001459,0.1267
NOTCH2_3,NOTCH2,0,0.001519,0.106
NOTCH2_4,NOTCH2,0,-0.05343,0.2912
NOTCH2_5,NOTCH2,0,-0.01659,0.1764
NOTCH2_6,NOTCH2,0,0.004573,0.118
NOTO_1,NOTO,0,-0.01469,0.2959
NOTO_2,NOTO,0,-0.03287,0.1954
NOTO_3,NOTO,0,-0.03525,0.2042
NOTO_4,NOTO,0,-0.01834,0.1789
NOTO_5,NOTO,0,-0.007583,0.1564
NOTO_6,NOTO,0,-0.015,0.2004
NOV_1,NOV,1,-0.01969,0.2697
NOV_2,NOV,0,-0.012,0.1342
NOV_3,NOV,1,-0.007139,0.1782
NOV_4,NOV,0,-0.04322,0.3367
NOV_5,NOV,0,-0.00371,0.1238
NOV_6,NOV,0,-0.02032,0.1748
NPAS1_1,NPAS1,0,-0.01641,0.2998
NPAS1_2,NPAS1,0,-0.0274,0.2811
NPAS1_3,NPAS1,0,-0.03245,0.2308
NPAS1_4,NPAS1,0,-0.03244,0.2294
NPAS1_5,NPAS1,0,0.004211,0.1106
NPAS1_6,NPAS1,0,0.003578,0.16
NPAS2_1,NPAS2,0,-0.03411,0.3193
NPAS2_2,NPAS2,0,0.0005309,0.2287
NPAS2_3,NPAS2,0,0.00157,0.2052
NPAS2_4,NPAS2,0,0.01947,0.2317
NPAS2_5,NPAS2,0,-0.01482,0.1446
NPAS2_6,NPAS2,0,-0.005276,0.09688
NPAS3_1,NPAS3,0,0.002479,0.1251
NPAS3_2,NPAS3,0,0.0046,0.2625
NPAS3_3,NPAS3,0,-0.0967,0.4401
NPAS3_4,NPAS3,0,-0.01934,0.1822
NPAS3_5,NPAS3,0,0.001602,0.1702
NPAS3_6,NPAS3,0,-0.005188,0.09095
NPAS4_1,NPAS4,0,-0.02512,0.1755
NPAS4_2,NPAS4,0,-0.0166,0.359
NPAS4_3,NPAS4,0,-0.01035,0.271
NPAS4_4,NPAS4,0,-0.0128,0.1609
NPAS4_5,NPAS4,0,-0.003216,0.1242
NPAS4_6,NPAS4,0,-0.009826,0.1632
NR0B1_1,NR0B1,0,0.01112,0.176
NR0B1_2,NR0B1,0,-0.004316,0.1899
NR0B1_3,NR0B1,0,-0.005471,0.2157
NR0B1_4,NR0B1,0,-0.01325,0.1618
NR0B1_5,NR0B1,0,0.003766,0.1153
NR0B1_6,NR0B1,0,-0.009798,0.1673
NR0B2_1,NR0B2,0,-0.01115,0.2213
NR0B2_2,NR0B2,0,-0.004126,0.166
NR0B2_3,NR0B2,0,-0.0238,0.289
NR0B2_4,NR0B2,0,-0.0008375,0.2208
NR0B2_5,NR0B2,0,-0.01713,0.1392
NR0B2_6,NR0B2,0,-0.005084,0.1513
NR1D1_1,NR1D1,0,-0.004223,0.205
NR1D1_2,NR1D1,0,-0.00487,0.1251
NR1D1_3,NR1D1,0,-0.0171,0.1412
NR1D1_4,NR1D1,0,-0.007074,0.08372
NR1D1_5,NR1D1,0,-0.01509,0.1849
NR1D1_6,NR1D1,0,-0.004444,0.1454
NR1D2_1,NR1D2,0,0.00584,0.2337
NR1D2_2,NR1D2,0,-0.003453,0.09231
NR1D2_3,NR1D2,0,-0.0046,0.1536
NR1D2_4,NR1D2,0,-0.004045,0.176
NR1D2_5,NR1D2,0,-0.0008982,0.1145
NR1D2_6,NR1D2,0,-0.002095,0.1553
NR1H2_1,NR1H2,0,-0.01162,0.1283
NR1H2_2,NR1H2,0,-0.004993,0.1053
NR1H2_3,NR1H2,0,-0.01182,0.1624
NR1H2_4,NR1H2,0,0.005079,0.2116
NR1H2_5,NR1H2,0,0.01325,0.1487
NR1H2_6,NR1H2,0,-0.009014,0.1421
NR1H3_P1_1,NR1H3,0,-0.01113,0.1831
NR1H3_P1_2,NR1H3,0,-0.02218,0.246
NR1H3_P1_3,NR1H3,0,0.005894,0.2145
NR1H3_P1_4,NR1H3,0,-0.0026,0.145
NR1H3_P1_5,NR1H3,0,-0.02776,0.243
NR1H3_P1_6,NR1H3,0,-0.006872,0.2205
NR1H3_P2_1,NR1H3,0,-0.0152,0.1529
NR1H3_P2_2,NR1H3,0,0.01879,0.241
NR1H3_P2_3,NR1H3,0,0.0002078,0.1997
NR1H3_P2_4,NR1H3,0,-0.126,0.4759
NR1H3_P2_5,NR1H3,0,-0.003367,0.1346
NR1H3_P2_6,NR1H3,0,-0.0004959,0.08897
NR1H4_1,NR1H4,0,0.003218,0.1133
NR1H4_2,NR1H4,0,-0.02151,0.3166
NR1H4_3,NR1H4,0,-0.002299,0.1243
NR1H4_4,NR1H4,0,-0.004594,0.3038
NR1H4_5,NR1H4,0,-0.004732,0.09799
NR1H4_6,NR1H4,0,0.0001091,0.119
NR1I2_1,NR1I2,0,0.005709,0.1449
NR1I2_2,NR1I2,0,-0.0168,0.192
NR1I2_3,NR1I2,0,-0.06355,0.3442
NR1I2_4,NR1I2,0,-0.004003,0.2468
NR1I2_5,NR1I2,0,-0.0009361,0.1157
NR1I2_6,NR1I2,0,-0.001422,0.1046
NR1I3_1,NR1I3,0,0.003625,0.1527
NR1I3_2,NR1I3,0,-0.000633,0.1384
NR1I3_3,NR1I3,0,-0.009225,0.2777
NR1I3_4,NR1I3,0,-0.01847,0.1923
NR1I3_5,NR1I3,0,-0.01724,0.2027
NR1I3_6,NR1I3,0,-0.00341,0.1063
NR2C1_1,NR2C1,0,-0.00813,0.1476
NR2C1_2,NR2C1,0,-0.003742,0.1574
NR2C1_3,NR2C1,0,-0.0081,0.1571
NR2C1_4,NR2C1,0,-0.01063,0.1196
NR2C1_5,NR2C1,0,-0.000182,0.2805
NR2C1_6,NR2C1,0,0.000759,0.2401
NR2C2_1,NR2C2,0,-0.007445,0.1817
NR2C2_2,NR2C2,0,0.005642,0.2746
NR2C2_3,NR2C2,0,-0.1259,0.6064
NR2C2_4,NR2C2,0,-0.1278,0.5227
NR2C2_5,NR2C2,0,-0.00836,0.1179
NR2C2_6,NR2C2,0,-0.01144,0.08574
NR2E1_1,NR2E1,0,-0.01679,0.2442
NR2E1_2,NR2E1,0,-0.08197,0.3456
NR2E1_3,NR2E1,0,0.002654,0.1266
NR2E1_4,NR2E1,0,-0.01902,0.346
NR2E1_5,NR2E1,0,-0.02025,0.225
NR2E1_6,NR2E1,0,0.01406,0.1255
NR2E3_1,NR2E3,0,-0.01723,0.2632
NR2E3_2,NR2E3,0,-0.00578,0.1485
NR2E3_3,NR2E3,0,-0.02385,0.2009
NR2E3_4,NR2E3,0,0.003243,0.2606
NR2E3_5,NR2E3,0,-0.00716,0.3085
NR2E3_6,NR2E3,0,-0.01409,0.2231
NR2F1_1,NR2F1,0,0.004202,0.2268
NR2F1_2,NR2F1,0,-0.01481,0.2687
NR2F1_3,NR2F1,0,0.001239,0.1389
NR2F1_4,NR2F1,0,-0.02222,0.1712
NR2F1_5,NR2F1,0,-0.00501,0.07766
NR2F1_6,NR2F1,0,0.005398,0.1029
NR2F2_1,NR2F2,0,0.007244,0.2259
NR2F2_2,NR2F2,0,-0.02838,0.1594
NR2F2_3,NR2F2,0,-0.01792,0.1946
NR2F2_4,NR2F2,0,-0.009327,0.1474
NR2F2_5,NR2F2,0,-0.01292,0.08187
NR2F2_6,NR2F2,0,-0.01058,0.08964
NR2F6_1,NR2F6,0,0.004188,0.1359
NR2F6_2,NR2F6,0,-0.02239,0.1952
NR2F6_3,NR2F6,0,-0.01312,0.2535
NR2F6_4,NR2F6,0,-0.002557,0.1306
NR2F6_5,NR2F6,0,-0.008975,0.1323
NR2F6_6,NR2F6,0,-0.004616,0.1344
NR3C1_1,NR3C1,0,0.002171,0.1264
NR3C1_2,NR3C1,0,-0.01437,0.1604
NR3C1_3,NR3C1,0,-0.003435,0.08513
NR3C1_4,NR3C1,0,-0.005719,0.4824
NR3C1_5,NR3C1,0,-0.00846,0.1402
NR3C1_6,NR3C1,0,-0.01249,0.1694
NR3C2_1,NR3C2,0,0.0001448,0.2577
NR3C2_2,NR3C2,0,-0.08239,0.4138
NR3C2_3,NR3C2,0,-0.004076,0.1753
NR3C2_4,NR3C2,1,-0.03119,0.1816
NR3C2_5,NR3C2,1,-0.01015,0.1163
NR3C2_6,NR3C2,0,0.005601,0.08064
NR4A1_1,NR4A1,0,0.003368,0.2437
NR4A1_2,NR4A1,0,-0.007611,0.1394
NR4A1_3,NR4A1,0,-0.02308,0.1879
NR4A1_4,NR4A1,0,-0.004984,0.143
NR4A1_5,NR4A1,0,-0.01139,0.1631
NR4A1_6,NR4A1,0,-0.01199,0.1573
NR4A2_P1_1,NR4A2,0,-0.00757,0.1034
NR4A2_P1_2,NR4A2,0,-0.005913,0.1591
NR4A2_P1_3,NR4A2,0,0.003569,0.09134
NR4A2_P1_4,NR4A2,0,-0.02287,0.1487
NR4A2_P1_5,NR4A2,0,-0.0009412,0.1204
NR4A2_P1_6,NR4A2,0,-0.003153,0.1249
NR4A2_P2_1,NR4A2,0,0.00826,0.1485
NR4A2_P2_2,NR4A2,0,-0.01619,0.2241
NR4A2_P2_3,NR4A2,0,-0.01947,0.3605
NR4A2_P2_4,NR4A2,0,-0.1561,0.5051
NR4A2_P2_5,NR4A2,0,-0.006578,0.09813
NR4A2_P2_6,NR4A2,0,0.003566,0.114
NR4A3_1,NR4A3,0,0.002129,0.1586
NR4A3_2,NR4A3,0,-0.008571,0.1401
NR4A3_3,NR4A3,0,-0.004537,0.2519
NR4A3_4,NR4A3,0,0.001047,0.2269
NR4A3_5,NR4A3,0,0.005791,0.1453
NR4A3_6,NR4A3,0,-0.01333,0.1212
NR5A1_1,NR5A1,0,0.004871,0.1693
NR5A1_2,NR5A1,0,-0.01314,0.1663
NR5A1_3,NR5A1,0,-0.03349,0.2657
NR5A1_4,NR5A1,0,-0.01337,0.2175
NR5A1_5,NR5A1,0,0.0008599,0.1063
NR5A1_6,NR5A1,0,0.003143,0.1205
NR5A2_P1_1,NR5A2,0,-0.005267,0.1538
NR5A2_P1_2,NR5A2,0,0.003836,0.1705
NR5A2_P1_3,NR5A2,0,-0.05905,0.4162
NR5A2_P1_4,NR5A2,0,0.0008782,0.09975
NR5A2_P1_5,NR5A2,0,-0.006854,0.1371
NR5A2_P1_6,NR5A2,0,-0.02342,0.206
NR5A2_P2_1,NR5A2,0,-0.005293,0.1301
NR5A2_P2_2,NR5A2,0,-0.03045,0.3024
NR5A2_P2_3,NR5A2,0,-4.614e-05,0.1639
NR5A2_P2_4,NR5A2,0,-0.01392,0.1967
NR5A2_P2_5,NR5A2,0,-0.03178,0.1548
NR5A2_P2_6,NR5A2,0,-0.00537,0.1196
NR6A1_1,NR6A1,0,-0.01606,0.1838
NR6A1_2,NR6A1,0,0.001993,0.319
NR6A1_3,NR6A1,0,-0.00357,0.1677
NR6A1_4,NR6A1,0,-0.3663,0.5101
NR6A1_5,NR6A1,0,0.002053,0.1265
NR6A1_6,NR6A1,0,-0.01131,0.1187
NRF1_1,NRF1,0,-0.03505,0.2465
NRF1_2,NRF1,0,-0.1202,0.3384
NRF1_3,NRF1,0,0.001285,0.1812
NRF1_4,NRF1,0,-0.04741,0.3237
NRF1_5,NRF1,0,-0.009342,0.1916
NRF1_6,NRF1,0,-0.0008422,0.1223
NRL_P1_1,NRL,0,-0.0122,0.2537
NRL_P1_2,NRL,0,-0.001984,0.2177
NRL_P1_3,NRL,0,-0.0153,0.2629
NRL_P1_4,NRL,0,-0.006882,0.1796
NRL_P1_5,NRL,0,0.003231,0.1101
NRL_P1_6,NRL,0,-0.003225,0.176
NRL_P2_1,NRL,0,0.002694,0.3046
NRL_P2_2,NRL,0,-0.009111,0.2861
NRL_P2_3,NRL,0,-0.01739,0.3034
NRL_P2_4,NRL,0,-0.001006,0.1343
NRL_P2_5,NRL,0,-0.002307,0.096
NRL_P2_6,NRL,0,-0.001042,0.07006
OLIG1_1,OLIG1,0,0.005269,0.1964
OLIG1_2,OLIG1,0,-0.03145,0.3411
OLIG1_3,OLIG1,0,-0.02105,0.1825
OLIG1_4,OLIG1,0,-0.01124,0.1939
OLIG1_5,OLIG1,0,-0.04357,0.5385
OLIG1_6,OLIG1,0,-0.004659,0.08556
OLIG2_1,OLIG2,0,-0.00114,0.2294
OLIG2_2,OLIG2,0,-0.01373,0.1817
OLIG2_3,OLIG2,0,-0.02018,0.3057
OLIG2_4,OLIG2,0,0.001826,0.1322
OLIG2_5,OLIG2,0,-0.05006,0.3015
OLIG2_6,OLIG2,0,0.01283,0.1112
OLIG3_1,OLIG3,0,-0.003704,0.1461
OLIG3_2,OLIG3,0,-0.02396,0.2519
OLIG3_3,OLIG3,0,-0.11,0.5205
OLIG3_4,OLIG3,0,0.02033,0.2152
OLIG3_5,OLIG3,0,0.001178,0.1405
OLIG3_6,OLIG3,0,-0.0331,0.1763
ONECUT1_1,ONECUT1,0,-0.03065,0.2335
ONECUT1_2,ONECUT1,0,-0.01828,0.2683
ONECUT1_3,ONECUT1,0,-0.01703,0.3005
ONECUT1_4,ONECUT1,0,-0.0322,0.4222
ONECUT1_5,ONECUT1,0,0.00874,0.1154
ONECUT1_6,ONECUT1,0,0.01151,0.1403
ONECUT2_1,ONECUT2,0,-0.03141,0.2572
ONECUT2_2,ONECUT2,0,-0.0203,0.1514
ONECUT2_3,ONECUT2,0,-0.02147,0.1879
ONECUT2_4,ONECUT2,0,0.008663,0.1174
ONECUT2_5,ONECUT2,0,-0.01178,0.1147
ONECUT2_6,ONECUT2,0,-0.007788,0.1151
ONECUT3_1,ONECUT3,0,-0.02008,0.2128
ONECUT3_2,ONECUT3,0,-0.01765,0.1889
ONECUT3_3,ONECUT3,0,-0.02064,0.3227
ONECUT3_4,ONECUT3,0,-0.005406,0.2368
ONECUT3_5,ONECUT3,0,-0.0007431,0.1206
ONECUT3_6,ONECUT3,0,-0.001425,0.1189
OSR1_1,OSR1,0,-0.01242,0.3437
OSR1_2,OSR1,0,-0.001583,0.1657
OSR1_3,OSR1,0,-0.01377,0.1795
OSR1_4,OSR1,0,-0.01433,0.1508
OSR1_5,OSR1,0,-0.007369,0.1205
OSR1_6,OSR1,0,-0.01647,0.2229
OSR2_1,OSR2,0,-0.0003588,0.1501
OSR2_2,OSR2,0,0.002601,0.2417
OSR2_3,OSR2,0,-0.008086,0.1704
OSR2_4,OSR2,0,0.008802,0.3158
OSR2_5,OSR2,0,-0.01182,0.1445
OSR2_6,OSR2,0,-0.01305,0.1912
OTP_1,OTP,0,-0.01859,0.2523
OTP_2,OTP,0,-0.002536,0.07744
OTP_3,OTP,0,-0.008281,0.2492
OTP_4,OTP,0,0.004712,0.1299
OTP_5,OTP,0,-0.01297,0.1577
OTP_6,OTP,0,-0.001114,0.1065
OTX1_1,OTX1,0,-0.03314,0.2484
OTX1_2,OTX1,0,-0.002915,0.1171
OTX1_3,OTX1,0,-0.005905,0.1883
OTX1_4,OTX1,0,-0.03974,0.176
OTX1_5,OTX1,0,-0.01334,0.1082
OTX1_6,OTX1,0,-0.007399,0.1029
OTX2_1,OTX2,0,-0.0114,0.2349
OTX2_2,OTX2,0,-0.0121,0.2196
OTX2_3,OTX2,0,0.004874,0.1474
OTX2_4,OTX2,0,-0.007607,0.2102
OTX2_5,OTX2,0,-0.002215,0.2003
OTX2_6,OTX2,0,-0.006623,0.1326
OVOL1_1,OVOL1,0,-0.03744,0.3377
OVOL1_2,OVOL1,0,-0.06571,0.4895
OVOL1_3,OVOL1,0,-0.01444,0.1944
OVOL1_4,OVOL1,0,-0.01664,0.2321
OVOL1_5,OVOL1,0,-0.0009886,0.1984
OVOL1_6,OVOL1,0,-0.007805,0.1127
OVOL2_1,OVOL2,0,-0.02274,0.2563
OVOL2_2,OVOL2,0,-0.01339,0.317
OVOL2_3,OVOL2,0,0.001435,0.1227
OVOL2_4,OVOL2,0,-0.08916,0.4091
OVOL2_5,OVOL2,0,0.0004606,0.1792
OVOL2_6,OVOL2,0,-0.008562,0.08988
OVOL3_1,OVOL3,0,-0.008322,0.168
OVOL3_2,OVOL3,0,-0.08691,0.5641
OVOL3_3,OVOL3,0,-0.01564,0.2061
OVOL3_4,OVOL3,0,-0.04476,0.3336
OVOL3_5,OVOL3,0,-0.004386,0.06448
OVOL3_6,OVOL3,0,0.0003221,0.1574
OXSR1_1,OXSR1,0,-0.001355,0.1817
OXSR1_2,OXSR1,0,0.004058,0.228
OXSR1_3,OXSR1,0,-0.02583,0.1883
OXSR1_4,OXSR1,0,-0.008195,0.2024
OXSR1_5,OXSR1,0,0.002255,0.1436
OXSR1_6,OXSR1,0,-0.001113,0.1754
PA2G4_1,PA2G4,0,0.008099,0.21
PA2G4_2,PA2G4,0,-0.002155,0.1864
PA2G4_3,PA2G4,0,-0.02198,0.2158
PA2G4_4,PA2G4,0,-0.00391,0.2006
PA2G4_5,PA2G4,0,-0.009157,0.1287
PA2G4_6,PA2G4,0,-0.03014,0.255
PARP1_1,PARP1,0,-0.004347,0.2788
PARP1_2,PARP1,0,-0.007652,0.1934
PARP1_3,PARP1,0,-0.002505,0.2613
PARP1_4,PARP1,0,-0.003484,0.4105
PARP1_5,PARP1,0,-0.004782,0.1532
PARP1_6,PARP1,0,-0.006949,0.09131
PATZ1_P1_1,PATZ1,0,-0.01566,0.1854
PATZ1_P1_2,PATZ1,0,-0.01777,0.2429
PATZ1_P1_3,PATZ1,0,0.001042,0.1544
PATZ1_P1_4,PATZ1,0,-0.02116,0.1697
PATZ1_P1_5,PATZ1,0,-0.006676,0.1606
PATZ1_P1_6,PATZ1,0,-0.0822,0.4496
PATZ1_P2_1,PATZ1,0,-0.006693,0.1036
PATZ1_P2_2,PATZ1,0,-0.0003687,0.1975
PATZ1_P2_3,PATZ1,0,-0.001963,0.09451
PATZ1_P2_4,PATZ1,0,-0.01992,0.1829
PATZ1_P2_5,PATZ1,0,-0.008706,0.1471
PATZ1_P2_6,PATZ1,0,-0.007095,0.09755
PAWR_1,PAWR,0,-0.03567,0.2065
PAWR_2,PAWR,0,-0.02332,0.1979
PAWR_3,PAWR,0,-0.003284,0.1716
PAWR_4,PAWR,0,-0.04447,0.3066
PAWR_5,PAWR,0,-0.01025,0.1374
PAWR_6,PAWR,0,-0.0006521,0.2639
PAX1_1,PAX1,0,-0.1772,0.491
PAX1_2,PAX1,0,-0.02465,0.2299
PAX1_3,PAX1,0,-0.01336,0.1653
PAX1_4,PAX1,0,-0.03952,0.3169
PAX1_5,PAX1,0,-0.01337,0.1495
PAX1_6,PAX1,0,-0.0295,0.2821
PAX2_1,PAX2,0,-0.04531,0.265
PAX2_2,PAX2,0,0.001961,0.1962
PAX2_3,PAX2,0,-0.01092,0.2405
PAX2_4,PAX2,0,-0.01151,0.1418
PAX2_5,PAX2,0,-0.0009653,0.08406
PAX2_6,PAX2,0,-0.001876,0.1079
PAX3_1,PAX3,0,-0.007932,0.1643
PAX3_2,PAX3,0,-0.0195,0.194
PAX3_3,PAX3,0,-0.007514,0.3988
PAX3_4,PAX3,0,0.007951,0.08927
PAX3_5,PAX3,0,0.002227,0.1464
PAX3_6,PAX3,0,0.002561,0.08464
PAX4_1,PAX4,0,-0.01925,0.2207
PAX4_2,PAX4,0,-0.01989,0.2704
PAX4_3,PAX4,0,-0.02252,0.7793
PAX4_4,PAX4,0,-0.04395,0.3784
PAX4_5,PAX4,0,-0.01605,0.1387
PAX4_6,PAX4,0,0.01326,0.189
PAX5_1,PAX5,0,0.01015,0.2219
PAX5_2,PAX5,0,-0.005671,0.1013
PAX5_3,PAX5,0,-0.04535,0.3271
PAX5_4,PAX5,0,-0.006618,0.2974
PAX5_5,PAX5,0,0.005942,0.1627
PAX5_6,PAX5,0,-0.007479,0.1793
PAX6_1,PAX6,0,-0.00879,0.1636
PAX6_2,PAX6,0,-0.0098,0.207
PAX6_3,PAX6,0,-0.004072,0.1899
PAX6_4,PAX6,0,-0.01849,0.2417
PAX6_5,PAX6,0,0.001364,0.1017
PAX6_6,PAX6,0,0.00445,0.09971
PAX7_1,PAX7,0,-0.02868,0.1664
PAX7_2,PAX7,0,-0.004673,0.1362
PAX7_3,PAX7,0,-0.003547,0.1908
PAX7_4,PAX7,0,-0.01483,0.1971
PAX7_5,PAX7,0,-0.01549,0.1247
PAX7_6,PAX7,0,-0.04717,0.2606
PAX8_1,PAX8,0,0.009442,0.1643
PAX8_2,PAX8,0,0.0009764,0.1748
PAX8_3,PAX8,0,-0.01385,0.2884
PAX8_4,PAX8,0,0.007681,0.1897
PAX8_5,PAX8,0,0.01423,0.1221
PAX8_6,PAX8,0,0.0031,0.1936
PAX9_P1_1,PAX9,0,0.002649,0.211
PAX9_P1_2,PAX9,0,-0.01281,0.1801
PAX9_P1_3,PAX9,0,-0.02953,0.2167
PAX9_P1_4,PAX9,0,-0.05175,0.3546
PAX9_P1_5,PAX9,0,0.007166,0.1639
PAX9_P1_6,PAX9,0,-0.0001072,0.08547
PAX9_P2_1,PAX9,0,0.009544,0.1197
PAX9_P2_2,PAX9,0,-0.003387,0.1125
PAX9_P2_3,PAX9,0,-0.01137,0.1708
PAX9_P2_4,PAX9,0,-0.01648,0.1645
PAX9_P2_5,PAX9,0,-0.01628,0.1364
PAX9_P2_6,PAX9,0,-0.01223,0.1601
PAXBP1_1,PAXBP1,1,-0.009834,0.3103
PAXBP1_2,PAXBP1,1,-0.007811,0.2217
PAXBP1_3,PAXBP1,0,-0.01892,0.2137
PAXBP1_4,PAXBP1,0,-0.02869,0.324
PAXBP1_5,PAXBP1,0,-0.005403,0.1409
PAXBP1_6,PAXBP1,0,0.00155,0.05896
PBRM1_1,PBRM1,0,-0.02348,0.1689
PBRM1_2,PBRM1,0,-0.01101,0.1319
PBRM1_3,PBRM1,0,-0.01539,0.2013
PBRM1_4,PBRM1,0,0.005948,0.1205
PBRM1_5,PBRM1,0,0.006825,0.1397
PBRM1_6,PBRM1,0,0.006767,0.1517
PBX1_1,PBX1,0,-0.01572,0.2227
PBX1_2,PBX1,0,-0.0005492,0.1367
PBX1_3,PBX1,0,-0.001828,0.1925
PBX1_4,PBX1,0,-0.008586,0.1259
PBX1_5,PBX1,0,0.002729,0.1497
PBX1_6,PBX1,0,0.001438,0.1038
PBX2_1,PBX2,0,-0.008485,0.2058
PBX2_2,PBX2,0,0.01488,0.1717
PBX2_3,PBX2,0,-0.008167,0.1869
PBX2_4,PBX2,0,-0.01142,0.1924
PBX2_5,PBX2,0,-0.01403,0.2579
PBX2_6,PBX2,0,-0.02299,0.2039
PBX3_1,PBX3,0,-0.001804,0.1916
PBX3_2,PBX3,0,-0.05643,0.4204
PBX3_3,PBX3,0,-0.01262,0.2184
PBX3_4,PBX3,0,-0.03236,0.2747
PBX3_5,PBX3,0,-0.004174,0.1005
PBX3_6,PBX3,0,-0.000953,0.1509
PBX4_1,PBX4,0,0.002543,0.1495
PBX4_2,PBX4,0,-0.01327,0.3477
PBX4_3,PBX4,0,0.009582,0.2073
PBX4_4,PBX4,0,-0.08554,0.4733
PBX4_5,PBX4,0,-0.01543,0.1209
PBX4_6,PBX4,0,-0.009808,0.1661
PCGF2_P1_1,PCGF2,1,-0.02414,0.2325
PCGF2_P1_2,PCGF2,0,-0.004055,0.185
PCGF2_P1_3,PCGF2,1,0.001325,0.1362
PCGF2_P1_4,PCGF2,0,-0.04375,0.4577
PCGF2_P1_5,PCGF2,0,-0.01004,0.1275
PCGF2_P1_6,PCGF2,0,-0.004208,0.08315
PCGF2_P2_1,PCGF2,0,-0.00791,0.2266
PCGF2_P2_2,PCGF2,0,-0.01627,0.2683
PCGF2_P2_3,PCGF2,0,0.001554,0.2134
PCGF2_P2_4,PCGF2,0,-0.05847,0.3315
PCGF2_P2_5,PCGF2,0,-0.00377,0.1552
PCGF2_P2_6,PCGF2,0,-0.007378,0.2434
PCGF6_1,PCGF6,1,-0.0108,0.1592
PCGF6_2,PCGF6,1,-0.008719,0.1677
PCGF6_3,PCGF6,1,-0.04064,0.4432
PCGF6_4,PCGF6,1,-0.0263,0.2246
PCGF6_5,PCGF6,0,0.004291,0.1549
PCGF6_6,PCGF6,1,-0.007454,0.1296
PDX1_1,PDX1,0,-0.02892,0.2913
PDX1_2,PDX1,0,-0.01269,0.1925
PDX1_3,PDX1,0,-0.006956,0.171
PDX1_4,PDX1,0,-0.02195,0.3695
PDX1_5,PDX1,0,-0.008214,0.1201
PDX1_6,PDX1,0,0.001175,0.08973
PEG3_1|ZIM2_2,PEG3|ZIM2,0,-0.008924,0.2322
PEG3_2|ZIM2_1,PEG3|ZIM2,0,-0.016,0.1657
PEG3_3|ZIM2_3,PEG3|ZIM2,0,-0.01619,0.1737
PEG3_4,PEG3,0,-0.009342,0.2278
PEG3_5,PEG3,0,-0.01305,0.1427
PEG3_6,PEG3,0,0.0006407,0.1479
PFDN5_1,PFDN5,0,-0.001573,0.1501
PFDN5_2,PFDN5,0,0.0006846,0.1437
PFDN5_3,PFDN5,0,-0.00448,0.1269
PFDN5_4,PFDN5,0,-0.002278,0.1213
PFDN5_5,PFDN5,0,-0.01063,0.188
PFDN5_6,PFDN5,0,0.003787,0.1594
PGBD1_1,PGBD1,0,-0.02292,0.2433
PGBD1_2,PGBD1,0,0.00379,0.2146
PGBD1_3,PGBD1,0,0.0003777,0.1117
PGBD1_4,PGBD1,0,0.0002306,0.4248
PGBD1_5,PGBD1,0,0.0007814,0.1072
PGBD1_6,PGBD1,0,-0.00746,0.1532
PGR_1,PGR,0,-0.007932,0.2443
PGR_2,PGR,0,-0.001902,0.1032
PGR_3,PGR,0,-0.03654,0.4105
PGR_4,PGR,0,-0.001258,0.2272
PGR_5,PGR,0,-0.003474,0.1255
PGR_6,PGR,0,-0.01894,0.1406
PHB2_1,PHB2,0,-0.04808,0.4259
PHB2_2,PHB2,0,-0.05329,0.2504
PHB2_4,PHB2,0,-0.007771,0.3154
PHB2_5,PHB2,0,-0.006576,0.08354
PHB2_6,PHB2,0,-0.008025,0.1132
PHF19_1,PHF19,0,-0.008446,0.1758
PHF19_2,PHF19,0,-0.001268,0.1446
PHF19_3,PHF19,0,-0.009473,0.1802
PHF19_4,PHF19,0,-0.007511,0.2219
PHF19_5,PHF19,0,-0.01132,0.1688
PHF19_6,PHF19,0,-0.03295,0.2516
PHF1_1,PHF1,0,0.008887,0.1497
PHF1_2,PHF1,0,0.005019,0.2247
PHF1_3,PHF1,0,-0.0141,0.292
PHF1_4,PHF1,0,-0.003055,0.1953
PHF1_5,PHF1,0,-0.01129,0.203
PHF1_6,PHF1,0,0.0001583,0.1851
PHF20_1,PHF20,1,-0.03084,0.3243
PHF20_2,PHF20,1,-0.03611,0.2452
PHF20_3,PHF20,0,-0.0175,0.2165
PHF20_4,PHF20,0,-0.006937,0.2568
PHF20_5,PHF20,0,-0.0357,0.2421
PHF20_6,PHF20,1,-0.02697,0.2301
PHF21A_1,PHF21A,0,-0.03791,0.2924
PHF21A_2,PHF21A,0,-0.06577,0.48
PHF21A_3,PHF21A,0,-0.07903,0.4816
PHF21A_4,PHF21A,0,-0.009536,0.1731
PHF21A_5,PHF21A,1,-0.008367,0.08677
PHF21A_6,PHF21A,1,-0.005858,0.09821
PHF2_1,PHF2,0,0.002229,0.1832
PHF2_2,PHF2,0,-0.02224,0.1423
PHF2_3,PHF2,0,-0.04654,0.2514
PHF2_4,PHF2,0,-0.02507,0.2059
PHF2_5,PHF2,0,-0.0111,0.1388
PHF2_6,PHF2,0,-0.005123,0.1719
PHOX2A_1,PHOX2A,0,-0.02363,0.2435
PHOX2A_2,PHOX2A,0,-0.02754,0.2222
PHOX2A_3,PHOX2A,0,0.00693,0.1701
PHOX2A_4,PHOX2A,0,-0.00843,0.1369
PHOX2A_5,PHOX2A,0,-0.0241,0.2541
PHOX2A_6,PHOX2A,0,-0.03929,0.2691
PHOX2B_1,PHOX2B,0,-0.008762,0.1994
PHOX2B_2,PHOX2B,0,0.001974,0.1441
PHOX2B_3,PHOX2B,0,-0.04226,0.3245
PHOX2B_4,PHOX2B,0,-0.005595,0.1224
PHOX2B_5,PHOX2B,0,-0.01017,0.1591
PHOX2B_6,PHOX2B,0,-0.001775,0.04846
PHTF1_1,PHTF1,0,-0.01962,0.232
PHTF1_2,PHTF1,0,-0.01815,0.2133
PHTF1_3,PHTF1,0,-0.01442,0.2348
PHTF1_4,PHTF1,0,0.001302,0.1773
PHTF1_5,PHTF1,0,-0.01036,0.1243
PHTF1_6,PHTF1,0,-0.004363,0.1584
PIAS3_1,PIAS3,0,-0.002433,0.1612
PIAS3_2,PIAS3,0,-0.01259,0.1124
PIAS3_3,PIAS3,0,-0.007471,0.1913
PIAS3_4,PIAS3,0,-0.03006,0.1991
PIAS3_5,PIAS3,0,-0.004132,0.1076
PIAS3_6,PIAS3,0,0.004535,0.1588
PIAS4_1,PIAS4,0,-0.1142,0.6094
PIAS4_2,PIAS4,0,-0.006394,0.1999
PIAS4_3,PIAS4,0,-0.03185,0.2302
PIAS4_4,PIAS4,0,-0.005713,0.1171
PIAS4_5,PIAS4,0,-0.001451,0.1708
PIAS4_6,PIAS4,0,-0.005369,0.139
PIN1_1,PIN1,0,-0.007839,0.2
PIN1_2,PIN1,0,-0.01415,0.2199
PIN1_3,PIN1,0,0.0006093,0.3643
PIN1_4,PIN1,0,-0.007599,0.4639
PIN1_5,PIN1,0,0.007138,0.08396
PIN1_6,PIN1,0,-0.01671,0.1501
PITX1_1,PITX1,0,-0.01351,0.1736
PITX1_2,PITX1,0,0.003323,0.3223
PITX1_3,PITX1,0,-0.04975,0.3419
PITX1_4,PITX1,0,-0.06396,0.4672
PITX1_5,PITX1,0,-0.007788,0.1982
PITX1_6,PITX1,0,0.003525,0.1741
PITX2_P1_1,PITX2,0,-0.009473,0.1393
PITX2_P1_2,PITX2,0,-0.02971,0.2967
PITX2_P1_3,PITX2,0,-0.004467,0.118
PITX2_P1_4,PITX2,0,-0.02249,0.2043
PITX2_P1_5,PITX2,0,-0.01406,0.1595
PITX2_P1_6,PITX2,0,-0.03349,0.2351
PITX2_P2_1,PITX2,0,-0.005014,0.1406
PITX2_P2_2,PITX2,0,-0.0103,0.2312
PITX2_P2_3,PITX2,0,-0.01919,0.2443
PITX2_P2_4,PITX2,0,-0.02336,0.1758
PITX2_P2_5,PITX2,0,-0.004187,0.166
PITX2_P2_6,PITX2,0,-0.006236,0.1122
PITX3_1,PITX3,0,-0.02541,0.2479
PITX3_2,PITX3,0,-0.0259,0.2826
PITX3_3,PITX3,0,0.001955,0.1727
PITX3_4,PITX3,0,-0.007013,0.1898
PITX3_5,PITX3,0,0.007684,0.1075
PITX3_6,PITX3,0,-0.0101,0.1493
PKNOX1_1,PKNOX1,0,-0.001989,0.1503
PKNOX1_2,PKNOX1,0,-0.004117,0.2498
PKNOX1_3,PKNOX1,0,-0.03987,0.3695
PKNOX1_4,PKNOX1,0,-0.02903,0.3518
PKNOX1_5,PKNOX1,0,-0.002629,0.1379
PKNOX1_6,PKNOX1,0,-0.0003682,0.09769
PKNOX2_1,PKNOX2,0,-0.008762,0.2015
PKNOX2_2,PKNOX2,0,-0.003046,0.1772
PKNOX2_3,PKNOX2,0,-0.02518,0.1755
PKNOX2_4,PKNOX2,0,-0.06151,0.3498
PKNOX2_5,PKNOX2,0,-0.01379,0.1471
PKNOX2_6,PKNOX2,0,-0.006415,0.1673
PLAG1_1,PLAG1,0,-0.0164,0.1465
PLAG1_2,PLAG1,0,-0.01229,0.15
PLAG1_3,PLAG1,0,0.01061,0.1289
PLAG1_4,PLAG1,0,0.007175,0.1224
PLAG1_5,PLAG1,0,-0.009423,0.1604
PLAG1_6,PLAG1,0,-0.002183,0.1979
PLAGL1_P1_1,PLAGL1,0,-0.03542,0.3009
PLAGL1_P1_2,PLAGL1,0,0.002074,0.1849
PLAGL1_P1_3,PLAGL1,0,-0.009554,0.1477
PLAGL1_P1_4,PLAGL1,0,-0.02454,0.2949
PLAGL1_P1_5,PLAGL1,0,0.0008183,0.1555
PLAGL1_P1_6,PLAGL1,0,-0.01475,0.216
PLAGL1_P2_1,PLAGL1,0,-0.03845,0.3393
PLAGL1_P2_2,PLAGL1,0,-0.01505,0.1499
PLAGL1_P2_3,PLAGL1,0,0.0007562,0.3162
PLAGL1_P2_4,PLAGL1,0,-0.01057,0.3204
PLAGL1_P2_5,PLAGL1,0,-0.01132,0.1543
PLAGL1_P2_6,PLAGL1,0,-0.005566,0.1769
PLAGL2_1,PLAGL2,0,-0.004908,0.2191
PLAGL2_2,PLAGL2,0,-0.003576,0.1307
PLAGL2_3,PLAGL2,0,-0.008968,0.122
PLAGL2_4,PLAGL2,0,-0.03425,0.3745
PLAGL2_5,PLAGL2,0,-0.00848,0.1421
PLAGL2_6,PLAGL2,0,-0.006547,0.1112
PLEKHA5_1,PLEKHA5,0,-0.09674,0.5667
PLEKHA5_2,PLEKHA5,0,-0.00628,0.1852
PLEKHA5_3,PLEKHA5,0,-0.004713,0.2031
PLEKHA5_4,PLEKHA5,0,-0.01918,0.1837
PLEKHA5_5,PLEKHA5,0,-0.009187,0.1346
PLEKHA5_6,PLEKHA5,0,-0.005611,0.2131
PLEK_1,PLEK,0,-0.002702,0.1946
PLEK_2,PLEK,0,-0.06437,0.335
PLEK_3,PLEK,0,0.01376,0.1505
PLEK_4,PLEK,0,-0.005943,0.09698
PLEK_5,PLEK,0,-0.00691,0.1166
PLEK_6,PLEK,0,-0.004266,0.09527
PLSCR1_1,PLSCR1,0,-0.0002905,0.1329
PLSCR1_2,PLSCR1,0,-0.02126,0.1392
PLSCR1_3,PLSCR1,0,-0.01808,0.2932
PLSCR1_4,PLSCR1,0,-0.1662,0.6604
PLSCR1_5,PLSCR1,0,-0.003125,0.131
PLSCR1_6,PLSCR1,0,0.005241,0.1334
POGK_1,POGK,0,0.006625,0.1481
POGK_2,POGK,0,-0.01788,0.1965
POGK_3,POGK,0,-0.00889,0.3544
POGK_4,POGK,0,-0.006979,0.1072
POGK_5,POGK,0,0.00117,0.151
POGK_6,POGK,0,-0.0178,0.1163
POLR1D_B,POLR1D,0,-0.08677,0.3687
POLR1D_C,POLR1D,0,0.0007926,0.046
POLR1D_main,POLR1D,0,-0.003148,0.06247
POLR3C_1,POLR3C,0,-0.01989,0.1332
POLR3C_2,POLR3C,0,-0.01136,0.1589
POLR3C_3,POLR3C,0,-0.2785,0.5728
POLR3C_4,POLR3C,0,-0.01187,0.195
POLR3C_5,POLR3C,0,-0.007686,0.07106
POLR3C_6,POLR3C,0,-0.001243,0.06979
POLR3K_1,POLR3K,0,-0.1879,0.8313
POLR3K_3,POLR3K,0,-0.1763,0.8277
POLR3K_4,POLR3K,0,-0.001896,0.09381
POLR3K_5,POLR3K,0,-0.0006552,0.1252
POLR3K_6,POLR3K,0,-0.00453,0.17
POU1F1_1,POU1F1,0,-0.009206,0.1818
POU1F1_2,POU1F1,0,-0.03674,0.2781
POU1F1_3,POU1F1,0,-0.0152,0.2213
POU1F1_4,POU1F1,0,-0.00494,0.1905
POU1F1_5,POU1F1,0,-0.01219,0.1516
POU1F1_6,POU1F1,0,-0.005443,0.191
POU2AF1_1,POU2AF1,0,-0.03222,0.3252
POU2AF1_2,POU2AF1,0,0.01091,0.174
POU2AF1_3,POU2AF1,0,0.0041,0.2054
POU2AF1_4,POU2AF1,0,-0.01808,0.1943
POU2AF1_5,POU2AF1,0,-0.01018,0.09912
POU2AF1_6,POU2AF1,0,-0.007187,0.1208
POU2F1_P1_1,POU2F1,0,-0.0131,0.1832
POU2F1_P1_2,POU2F1,0,-0.04579,0.264
POU2F1_P1_3,POU2F1,0,0.01703,0.3
POU2F1_P1_4,POU2F1,0,-0.01986,0.1952
POU2F1_P1_5,POU2F1,0,-0.01313,0.1703
POU2F1_P1_6,POU2F1,0,-0.01268,0.1077
POU2F1_P2_1,POU2F1,0,-0.007696,0.121
POU2F1_P2_2,POU2F1,0,-0.003895,0.2339
POU2F1_P2_3,POU2F1,0,-0.02814,0.374
POU2F1_P2_4,POU2F1,0,-0.03447,0.2972
POU2F1_P2_5,POU2F1,0,-0.01526,0.1335
POU2F1_P2_6,POU2F1,0,-0.0003606,0.1719
POU2F2_1,POU2F2,0,-0.007868,0.1278
POU2F2_2,POU2F2,0,-0.004248,0.1242
POU2F2_3,POU2F2,0,-0.01707,0.1815
POU2F2_4,POU2F2,0,-0.1238,0.4964
POU2F2_5,POU2F2,0,-0.01817,0.1817
POU2F2_6,POU2F2,0,0.005325,0.1212
POU2F3_P1_1,POU2F3,0,-0.01087,0.162
POU2F3_P1_2,POU2F3,0,-0.01162,0.1686
POU2F3_P1_3,POU2F3,0,-0.008743,0.1226
POU2F3_P1_4,POU2F3,0,-0.05032,0.4372
POU2F3_P1_5,POU2F3,0,-0.0007269,0.1114
POU2F3_P1_6,POU2F3,0,-0.01098,0.1677
POU2F3_P2_1,POU2F3,0,-0.005779,0.201
POU2F3_P2_2,POU2F3,0,-0.003561,0.154
POU2F3_P2_3,POU2F3,0,-0.004797,0.3116
POU2F3_P2_4,POU2F3,0,-0.003811,0.1491
POU2F3_P2_5,POU2F3,0,0.0001427,0.1094
POU2F3_P2_6,POU2F3,0,-0.01935,0.1447
POU3F1_1,POU3F1,0,-0.01612,0.1639
POU3F1_2,POU3F1,0,-0.02798,0.2168
POU3F1_3,POU3F1,0,0.005551,0.1568
POU3F1_4,POU3F1,0,-0.004812,0.1587
POU3F1_5,POU3F1,0,-0.004577,0.1704
POU3F1_6,POU3F1,0,0.001874,0.07626
POU3F2_1,POU3F2,0,-0.01321,0.1881
POU3F2_2,POU3F2,0,-0.001366,0.1385
POU3F2_3,POU3F2,0,-0.048,0.3573
POU3F2_4,POU3F2,0,-0.006149,0.1371
POU3F2_5,POU3F2,0,-0.0008765,0.08188
POU3F2_6,POU3F2,0,-0.008933,0.1175
POU3F3_1,POU3F3,0,-0.009086,0.1736
POU3F3_2,POU3F3,0,-0.1213,0.542
POU3F3_3,POU3F3,0,-0.01447,0.1321
POU3F3_4,POU3F3,0,-0.01302,0.2346
POU3F3_5,POU3F3,0,-0.003195,0.09943
POU3F3_6,POU3F3,0,-0.008772,0.1198
POU3F4_1,POU3F4,0,-0.009575,0.1782
POU3F4_2,POU3F4,0,-0.01593,0.2172
POU3F4_3,POU3F4,0,-0.01207,0.1656
POU3F4_4,POU3F4,0,0.0001473,0.1995
POU3F4_5,POU3F4,0,0.01236,0.2698
POU3F4_6,POU3F4,0,-0.002501,0.1119
POU4F1_1,POU4F1,0,-0.03201,0.2376
POU4F1_2,POU4F1,0,-0.006554,0.1538
POU4F1_3,POU4F1,0,-0.02126,0.2987
POU4F1_4,POU4F1,0,-0.02164,0.3048
POU4F1_5,POU4F1,0,0.007838,0.1373
POU4F1_6,POU4F1,0,-0.02517,0.2427
POU4F2_1,POU4F2,0,-0.005174,0.1305
POU4F2_2,POU4F2,0,0.003666,0.196
POU4F2_3,POU4F2,0,-0.01501,0.1877
POU4F2_4,POU4F2,0,-0.006791,0.2651
POU4F2_5,POU4F2,0,-0.008021,0.169
POU4F2_6,POU4F2,0,-0.004498,0.09978
POU4F3_1,POU4F3,0,-0.0159,0.1541
POU4F3_2,POU4F3,0,-0.01188,0.1895
POU4F3_3,POU4F3,0,-0.0208,0.1565
POU4F3_4,POU4F3,0,-0.01177,0.1707
POU4F3_5,POU4F3,0,0.00157,0.08954
POU4F3_6,POU4F3,0,-0.005378,0.1124
POU5F1B_1,POU5F1B,0,-0.01106,0.1606
POU5F1B_2,POU5F1B,0,-0.02255,0.2811
POU5F1B_3,POU5F1B,0,-0.2477,0.9062
POU5F1B_4,POU5F1B,0,0.01126,0.1832
POU5F1B_5,POU5F1B,0,-0.01473,0.1163
POU5F1B_6,POU5F1B,0,-0.002791,0.1778
POU5F1_P1_1,POU5F1,0,-0.00303,0.155
POU5F1_P1_2,POU5F1,0,0.006877,0.1976
POU5F1_P1_3,POU5F1,0,-0.001802,0.2286
POU5F1_P1_4,POU5F1,0,0.001554,0.222
POU5F1_P1_5,POU5F1,0,-0.01245,0.1666
POU5F1_P1_6,POU5F1,0,-0.005171,0.1686
POU5F1_P2_1,POU5F1,1,-0.01622,0.498
POU5F1_P2_2,POU5F1,1,-0.1873,0.5676
POU5F1_P2_3,POU5F1,1,-0.01466,0.2644
POU5F1_P2_4,POU5F1,1,-0.07453,0.4538
POU5F1_P2_5,POU5F1,0,-0.006021,0.2454
POU5F1_P2_6,POU5F1,0,-0.04542,0.3702
POU5F2_1,POU5F2,0,-0.006614,0.1224
POU5F2_2,POU5F2,0,-0.01951,0.2438
POU5F2_3,POU5F2,0,-0.02403,0.3188
POU5F2_4,POU5F2,0,-0.004358,0.1962
POU5F2_5,POU5F2,0,0.01371,0.1013
POU5F2_6,POU5F2,0,-0.01143,0.1764
POU6F1_1,POU6F1,0,0.01039,0.1395
POU6F1_2,POU6F1,0,-0.008442,0.3419
POU6F1_3,POU6F1,0,0.004736,0.1368
POU6F1_4,POU6F1,0,-0.03757,0.3321
POU6F1_5,POU6F1,0,-0.02219,0.1464
POU6F1_6,POU6F1,0,-0.003918,0.1163
POU6F2_1,POU6F2,0,-0.01123,0.1072
POU6F2_2,POU6F2,0,-0.05216,0.3474
POU6F2_3,POU6F2,0,-0.0533,0.2754
POU6F2_4,POU6F2,0,0.003489,0.1186
POU6F2_5,POU6F2,0,-0.01578,0.1507
POU6F2_6,POU6F2,0,-0.0006911,0.1312
PPARA_1,PPARA,0,-0.009974,0.18
PPARA_2,PPARA,0,-0.02121,0.3192
PPARA_3,PPARA,0,0.01641,0.2216
PPARA_4,PPARA,0,0.008234,0.1901
PPARA_5,PPARA,0,-0.01557,0.1704
PPARA_6,PPARA,0,-0.001057,0.1608
PPARD_1,PPARD,0,0.001174,0.1471
PPARD_2,PPARD,0,-0.005228,0.1987
PPARD_3,PPARD,0,-0.02017,0.2713
PPARD_4,PPARD,0,-0.009715,0.2684
PPARD_5,PPARD,0,0.01173,0.1376
PPARD_6,PPARD,0,0.008664,0.1675
PPARG_P1_2,PPARG,0,-0.01701,0.1857
PPARG_P1_3,PPARG,0,-0.007443,0.201
PPARG_P1_4,PPARG,0,-0.02205,0.3474
PPARG_P1_5,PPARG,0,-0.006745,0.1233
PPARG_P1_6,PPARG,0,-0.001696,0.1542
PPARG_P2_1,PPARG,0,-0.001673,0.1068
PPARG_P2_2,PPARG,0,-0.02822,0.2545
PPARG_P2_3,PPARG,0,-0.003535,0.1121
PPARG_P2_4,PPARG,0,-0.005003,0.1954
PPARG_P2_5,PPARG,0,-0.01835,0.2084
PPARG_P2_6,PPARG,0,-0.0008207,0.2042
PPIL4_1,PPIL4,0,-0.00324,0.102
PPIL4_2,PPIL4,0,-0.00892,0.1423
PPIL4_3,PPIL4,0,-0.04306,0.3455
PPIL4_4,PPIL4,0,-0.0006655,0.1473
PPIL4_5,PPIL4,0,-0.005083,0.1151
PPIL4_6,PPIL4,0,-0.01036,0.16
PPP1CB_1,PPP1CB,0,-0.01017,0.1563
PPP1CB_2,PPP1CB,0,-0.01845,0.1733
PPP1CB_3,PPP1CB,0,-0.2912,0.646
PPP1CB_4,PPP1CB,0,-0.02659,0.2669
PPP1CB_5,PPP1CB,0,-0.01475,0.1287
PPP1CB_6,PPP1CB,0,0.004901,0.08486
PPP1R13L_P1_2,PPP1R13L,0,-0.005707,0.1826
PPP1R13L_P1_3,PPP1R13L,0,-0.09654,0.5884
PPP1R13L_P1_4,PPP1R13L,0,-0.003299,0.1789
PPP1R13L_P1_5,PPP1R13L,0,0.008875,0.1122
PPP1R13L_P1_6,PPP1R13L,0,-0.009687,0.1318
PPP1R13L_P2_1,PPP1R13L,0,0.00582,0.1262
PPP1R13L_P2_2,PPP1R13L,0,0.006917,0.1185
PPP1R13L_P2_3,PPP1R13L,0,-0.04696,0.3835
PPP1R13L_P2_4,PPP1R13L,0,-0.02789,0.3471
PPP1R13L_P2_5,PPP1R13L,0,-0.007231,0.13
PPP1R13L_P2_6,PPP1R13L,0,0.01043,0.1518
PRDM10_1,PRDM10,0,-0.01297,0.1665
PRDM10_2,PRDM10,0,-0.01677,0.1671
PRDM10_3,PRDM10,0,-0.02542,0.2311
PRDM10_4,PRDM10,0,0.002128,0.2087
PRDM10_5,PRDM10,0,-0.008263,0.09464
PRDM10_6,PRDM10,0,-0.03966,0.2554
PRDM11_P1_1,PRDM11,0,-0.0001657,0.1751
PRDM11_P1_2,PRDM11,0,0.004018,0.1574
PRDM11_P1_3,PRDM11,0,-0.04291,0.3629
PRDM11_P1_4,PRDM11,0,0.0078,0.1901
PRDM11_P1_5,PRDM11,0,-0.01608,0.09954
PRDM11_P1_6,PRDM11,0,-0.0111,0.1256
PRDM11_P2_1,PRDM11,0,-0.001375,0.1462
PRDM11_P2_2,PRDM11,0,-0.00776,0.1773
PRDM11_P2_3,PRDM11,0,-0.01001,0.2389
PRDM11_P2_4,PRDM11,0,-0.01341,0.2089
PRDM11_P2_5,PRDM11,0,-0.02866,0.1835
PRDM11_P2_6,PRDM11,0,-0.02045,0.1485
PRDM12_1,PRDM12,0,-0.01026,0.1982
PRDM12_2,PRDM12,0,-0.01205,0.136
PRDM12_3,PRDM12,0,-0.02157,0.2671
PRDM12_4,PRDM12,0,-0.006698,0.2429
PRDM12_5,PRDM12,0,-0.005072,0.1388
PRDM12_6,PRDM12,0,-0.00653,0.1512
PRDM13_1,PRDM13,0,-0.01676,0.2755
PRDM13_2,PRDM13,0,-0.01435,0.178
PRDM13_3,PRDM13,0,-0.01431,0.2248
PRDM13_4,PRDM13,0,-0.003652,0.1655
PRDM13_5,PRDM13,0,-0.01429,0.1396
PRDM13_6,PRDM13,0,-0.005227,0.1117
PRDM14_1,PRDM14,0,-0.01373,0.2155
PRDM14_2,PRDM14,1,-0.01112,0.4002
PRDM14_3,PRDM14,0,-0.0277,0.278
PRDM14_4,PRDM14,1,-0.0001767,0.2649
PRDM14_5,PRDM14,0,0.00569,0.09878
PRDM14_6,PRDM14,0,-0.00792,0.1238
PRDM15_1,PRDM15,0,0.00973,0.1876
PRDM15_2,PRDM15,0,-0.01432,0.2312
PRDM15_3,PRDM15,0,-0.00226,0.1645
PRDM15_4,PRDM15,0,0.000129,0.2571
PRDM15_5,PRDM15,0,-0.002379,0.1148
PRDM15_6,PRDM15,0,-0.0213,0.2089
PRDM16_1,PRDM16,0,-0.01672,0.1837
PRDM16_2,PRDM16,0,-0.01532,0.1519
PRDM16_3,PRDM16,0,-0.002078,0.1496
PRDM16_4,PRDM16,0,-0.004806,0.1603
PRDM16_5,PRDM16,0,-0.01037,0.1645
PRDM16_6,PRDM16,0,-0.01088,0.1737
PRDM1_1,PRDM1,0,-0.0001797,0.1652
PRDM1_2,PRDM1,0,-0.01683,0.2055
PRDM1_3,PRDM1,0,-0.01345,0.1852
PRDM1_4,PRDM1,0,-0.009681,0.1991
PRDM1_5,PRDM1,0,-0.002089,0.1061
PRDM1_6,PRDM1,0,-0.0007875,0.07429
PRDM2_1,PRDM2,0,0.007622,0.233
PRDM2_2,PRDM2,0,-0.01411,0.1622
PRDM2_4,PRDM2,0,-0.002418,0.2069
PRDM2_5,PRDM2,0,-0.03013,0.206
PRDM2_6,PRDM2,0,-0.00767,0.1616
PRDM4_1,PRDM4,0,-0.01659,0.1996
PRDM4_2,PRDM4,0,-0.01233,0.1462
PRDM4_3,PRDM4,0,-0.001601,0.1558
PRDM4_4,PRDM4,0,-0.01796,0.2099
PRDM4_5,PRDM4,0,-0.007921,0.1238
PRDM4_6,PRDM4,0,-0.003243,0.06605
PRDM5_1,PRDM5,0,-0.05391,0.2784
PRDM5_2,PRDM5,0,-0.00438,0.1275
PRDM5_3,PRDM5,0,-0.04475,0.3097
PRDM5_4,PRDM5,0,0.0005132,0.1904
PRDM5_5,PRDM5,0,0.004887,0.1069
PRDM5_6,PRDM5,0,-0.008322,0.07279
PRDM6_1,PRDM6,0,-0.01508,0.1834
PRDM6_2,PRDM6,0,-0.006979,0.1921
PRDM6_3,PRDM6,0,0.001405,0.1683
PRDM6_4,PRDM6,0,-0.05152,0.3276
PRDM6_5,PRDM6,0,-0.006001,0.1121
PRDM6_6,PRDM6,0,-0.007672,0.1153
PRDM7_1,PRDM7,0,-0.007144,0.1217
PRDM7_2,PRDM7,0,-0.006082,0.2714
PRDM7_3,PRDM7,0,-0.08835,0.5554
PRDM7_4,PRDM7,0,-0.01988,0.3081
PRDM7_5,PRDM7,0,0.0233,0.1979
PRDM7_6,PRDM7,0,-0.008339,0.1126
PRDM8_P1_1,PRDM8,0,0.007754,0.1752
PRDM8_P1_2,PRDM8,0,0.003557,0.1212
PRDM8_P1_3,PRDM8,0,-0.02053,0.2536
PRDM8_P1_4,PRDM8,0,-0.02589,0.2204
PRDM8_P1_5,PRDM8,0,-0.00533,0.1449
PRDM8_P1_6,PRDM8,0,0.006201,0.09003
PRDM8_P2_1,PRDM8,0,0.002102,0.1499
PRDM8_P2_2,PRDM8,0,-0.01937,0.1573
PRDM8_P2_3,PRDM8,0,0.01036,0.134
PRDM8_P2_4,PRDM8,0,-0.007838,0.1277
PRDM8_P2_5,PRDM8,0,-0.007466,0.13
PRDM8_P2_6,PRDM8,0,-0.00573,0.1384
PRDM9_1,PRDM9,0,-0.01827,0.2232
PRDM9_2,PRDM9,0,-0.01736,0.2093
PRDM9_3,PRDM9,0,0.01087,0.2013
PRDM9_4,PRDM9,0,-0.02651,0.3046
PRDM9_5,PRDM9,0,-0.01222,0.184
PRDM9_6,PRDM9,0,-0.01169,0.2076
PREB_1,PREB,0,-0.07718,0.5053
PREB_2,PREB,0,-0.03067,0.2799
PREB_3,PREB,0,-0.03933,0.4904
PREB_4,PREB,0,-0.02916,0.3038
PREB_5,PREB,0,-0.01856,0.1595
PREB_6,PREB,0,-0.0005064,0.1268
PRKRIP1_P1_1,PRKRIP1,0,0.0009396,0.1525
PRKRIP1_P1_2,PRKRIP1,0,0.001521,0.1546
PRKRIP1_P1_3,PRKRIP1,0,-0.0145,0.2623
PRKRIP1_P1_4,PRKRIP1,0,-0.2022,0.6631
PRKRIP1_P1_5,PRKRIP1,0,-0.01263,0.1327
PRKRIP1_P1_6,PRKRIP1,0,-0.05015,0.3102
PRKRIP1_P2_1,PRKRIP1,0,-0.02078,0.2291
PRKRIP1_P2_2,PRKRIP1,0,-0.02204,0.2338
PRKRIP1_P2_3,PRKRIP1,0,-0.02238,0.2232
PRKRIP1_P2_4,PRKRIP1,0,-0.003474,0.1906
PRKRIP1_P2_5,PRKRIP1,0,-0.004455,0.1391
PRKRIP1_P2_6,PRKRIP1,0,0.003554,0.1518
PRKRIR_1,PRKRIR,0,0.001128,0.1339
PRKRIR_2,PRKRIR,0,-0.1722,0.4931
PRKRIR_3,PRKRIR,1,-0.008968,0.2029
PRKRIR_4,PRKRIR,0,-0.004387,0.1406
PRKRIR_5,PRKRIR,0,-0.006109,0.182
PRKRIR_6,PRKRIR,1,-0.003146,0.1679
PRMT3_1,PRMT3,0,-0.01665,0.2622
PRMT3_2,PRMT3,0,-0.02542,0.1932
PRMT3_3,PRMT3,0,-0.06489,0.4146
PRMT3_4,PRMT3,0,-0.0571,0.4303
PRMT3_5,PRMT3,0,0.003392,0.1214
PRMT3_6,PRMT3,0,-0.003303,0.07231
PROP1_1,PROP1,0,-0.01763,0.1583
PROP1_2,PROP1,0,-0.01226,0.163
PROP1_3,PROP1,0,-0.09374,0.3879
PROP1_4,PROP1,0,-0.01936,0.153
PROP1_5,PROP1,0,-0.000448,0.1466
PROP1_6,PROP1,0,-0.008254,0.1759
PROX1_1,PROX1,0,-0.006671,0.1774
PROX1_2,PROX1,0,0.007382,0.2274
PROX1_3,PROX1,0,-0.04582,0.2166
PROX1_4,PROX1,0,-0.01175,0.1322
PROX1_5,PROX1,0,-0.01203,0.1213
PROX1_6,PROX1,0,-0.005551,0.1163
PROX2_1,PROX2,0,-0.009956,0.1651
PROX2_2,PROX2,0,-0.0005265,0.2017
PROX2_3,PROX2,0,-0.006198,0.09449
PROX2_4,PROX2,0,0.003595,0.1588
PROX2_5,PROX2,0,0.001543,0.07813
PROX2_6,PROX2,0,-0.02085,0.1623
PRR12_1,PRR12,0,-0.02842,0.2383
PRR12_2,PRR12,0,-0.006773,0.147
PRR12_3,PRR12,0,0.004807,0.1907
PRR12_4,PRR12,0,0.005007,0.1839
PRR12_5,PRR12,0,-0.005539,0.08461
PRR12_6,PRR12,0,-0.0175,0.1331
PRRX1_P1_1,PRRX1,0,0.01215,0.1577
PRRX1_P1_2,PRRX1,0,-0.008398,0.1345
PRRX1_P1_3,PRRX1,0,-0.05098,0.5312
PRRX1_P1_4,PRRX1,0,-0.02738,0.2684
PRRX1_P1_5,PRRX1,0,0.004957,0.1054
PRRX1_P1_6,PRRX1,0,-0.005159,0.1766
PRRX1_P2_1,PRRX1,0,-0.001323,0.1589
PRRX1_P2_2,PRRX1,0,-0.02602,0.3017
PRRX1_P2_3,PRRX1,0,-0.01591,0.1174
PRRX1_P2_4,PRRX1,0,-0.1019,0.477
PRRX1_P2_5,PRRX1,0,0.005787,0.08381
PRRX1_P2_6,PRRX1,0,-0.0006051,0.07647
PRRX2_1,PRRX2,0,-0.03129,0.2452
PRRX2_2,PRRX2,0,-0.01392,0.2996
PRRX2_3,PRRX2,0,-0.02344,0.2229
PRRX2_4,PRRX2,0,0.02888,0.2219
PRRX2_5,PRRX2,0,-0.03346,0.2152
PRRX2_6,PRRX2,0,-0.008824,0.1153
PSIP1_1,PSIP1,0,0.001127,0.1627
PSIP1_2,PSIP1,0,6.546e-05,0.1901
PSIP1_3,PSIP1,0,-0.002285,0.2777
PSIP1_4,PSIP1,0,-0.00448,0.1704
PSIP1_5,PSIP1,0,-0.003082,0.08576
PSIP1_6,PSIP1,0,-0.005515,0.2534
PSMA1_1,PSMA1,1,0.003891,0.2176
PSMA1_2,PSMA1,1,-0.002147,0.1134
PSMA1_3,PSMA1,1,0.002118,0.2152
PSMA1_4,PSMA1,1,-0.03498,0.249
PSMA1_5,PSMA1,1,-0.009765,0.1154
PSMA1_6,PSMA1,1,-2.366e-05,0.1312
PSMB1_1,PSMB1,1,-0.03573,0.1972
PSMB1_2,PSMB1,0,-0.02214,0.3478
PSMB1_3,PSMB1,1,-0.005,0.2881
PSMB1_4,PSMB1,0,-0.1309,0.4617
PSMB1_5,PSMB1,1,0.000695,0.1137
PSMB1_6,PSMB1,0,-0.0006673,0.08503
PSMB4_1,PSMB4,0,-0.004146,0.1683
PSMB4_2,PSMB4,0,0.007917,0.1716
PSMB4_3,PSMB4,0,0.008959,0.4697
PSMB4_4,PSMB4,0,0.002806,0.1771
PSMB4_5,PSMB4,0,-0.0117,0.1433
PSMB4_6,PSMB4,0,-0.01354,0.1151
PSMC3_1,PSMC3,0,-0.02057,0.2753
PSMC3_2,PSMC3,0,0.005701,0.2155
PSMC3_3,PSMC3,0,-0.01195,0.1245
PSMC3_4,PSMC3,0,-0.009322,0.1499
PSMC3_5,PSMC3,0,-0.0009701,0.0843
PSMC3_6,PSMC3,0,-0.005061,0.1063
PTF1A_1,PTF1A,0,-0.0135,0.2347
PTF1A_2,PTF1A,0,0.01111,0.1332
PTF1A_3,PTF1A,0,-0.01358,0.2508
PTF1A_4,PTF1A,0,-0.005176,0.222
PTF1A_5,PTF1A,0,-0.01115,0.1083
PTF1A_6,PTF1A,0,-0.03436,0.2235
PTTG1_4,PTTG1,0,-0.002927,0.2473
PTTG1_5,PTTG1,0,-0.04563,0.2992
PTTG1_6,PTTG1,0,0.001023,0.1519
PUF60_1,PUF60,0,0.01175,0.2658
PUF60_2,PUF60,0,-0.01681,0.2412
PUF60_3,PUF60,0,-0.01524,0.1829
PUF60_4,PUF60,0,-0.01518,0.1312
PUF60_5,PUF60,0,-0.004529,0.1004
PUF60_6,PUF60,0,-0.001373,0.1189
PURA_P1_1,PURA,0,-0.0101,0.1264
PURA_P1_2,PURA,0,0.01718,0.1992
PURA_P1_3,PURA,0,-0.0004846,0.125
PURA_P1_4,PURA,0,-0.03952,0.251
PURA_P1_5,PURA,0,-0.007534,0.1586
PURA_P1_6,PURA,0,-0.01465,0.1132
PURA_P2_1,PURA,0,-0.006469,0.1782
PURA_P2_2,PURA,0,-0.01067,0.1892
PURA_P2_3,PURA,0,-0.02622,0.1799
PURA_P2_4,PURA,0,-0.0276,0.2701
PURA_P2_5,PURA,0,0.0004921,0.08563
PURA_P2_6,PURA,0,-0.005283,0.1068
PURB_1,PURB,0,-0.01282,0.1321
PURB_2,PURB,0,-0.01719,0.2096
PURB_3,PURB,0,-0.01445,0.1952
PURB_4,PURB,0,-0.01201,0.1499
PURB_5,PURB,0,0.008147,0.1335
PURB_6,PURB,0,-0.005152,0.1822
PURG_1,PURG,0,-0.007128,0.1631
PURG_2,PURG,0,-0.01464,0.2595
PURG_3,PURG,0,-0.007382,0.1812
PURG_4,PURG,0,-0.01185,0.2389
PURG_5,PURG,0,-0.007858,0.1275
PURG_6,PURG,0,-0.0206,0.1677
RAG1_1,RAG1,0,-0.02623,0.1729
RAG1_2,RAG1,0,0.005181,0.1507
RAG1_3,RAG1,0,-0.01929,0.2714
RAG1_4,RAG1,0,-0.001064,0.1218
RAG1_5,RAG1,0,-0.007733,0.1808
RAG1_6,RAG1,0,-0.03411,0.2834
RARA_P1_1,RARA,0,-0.01908,0.1551
RARA_P1_2,RARA,0,-0.01117,0.1668
RARA_P1_3,RARA,0,-0.01757,0.2255
RARA_P1_4,RARA,0,-0.01408,0.3074
RARA_P1_5,RARA,0,-0.01543,0.2114
RARA_P1_6,RARA,0,0.005053,0.0882
RARA_P2_1,RARA,0,0.01328,0.1864
RARA_P2_2,RARA,0,-0.004756,0.1357
RARA_P2_3,RARA,0,0.01388,0.2374
RARA_P2_4,RARA,0,-0.02696,0.253
RARA_P2_5,RARA,0,-0.001637,0.1222
RARA_P2_6,RARA,0,0.006372,0.1157
RARB_1,RARB,0,-0.01418,0.2236
RARB_2,RARB,0,-0.01137,0.2485
RARB_3,RARB,0,-0.02235,0.2979
RARB_4,RARB,0,-0.002421,0.3082
RARB_5,RARB,0,-0.001935,0.1153
RARB_6,RARB,0,-0.01575,0.1305
RARG_P1_1,RARG,0,-0.001504,0.08142
RARG_P1_2,RARG,0,-0.009911,0.2634
RARG_P1_3,RARG,0,-0.01697,0.2466
RARG_P1_4,RARG,0,-0.04846,0.3145
RARG_P1_5,RARG,0,-0.001965,0.1792
RARG_P1_6,RARG,0,0.008799,0.09982
RARG_P2_1,RARG,0,0.01006,0.1132
RARG_P2_2,RARG,0,-0.007919,0.09641
RARG_P2_3,RARG,0,-0.01243,0.1675
RARG_P2_4,RARG,0,-0.003517,0.1084
RARG_P2_5,RARG,0,-0.01386,0.1324
RARG_P2_6,RARG,0,-0.02026,0.1739
RAX2_1,RAX2,0,0.01359,0.1817
RAX2_2,RAX2,0,-0.01197,0.1551
RAX2_3,RAX2,0,-0.009627,0.148
RAX2_4,RAX2,0,-0.009625,0.1485
RAX2_5,RAX2,0,0.008621,0.1001
RAX2_6,RAX2,0,0.001519,0.1685
RAX_1,RAX,0,-0.01311,0.1918
RAX_2,RAX,0,-0.0008189,0.1884
RAX_3,RAX,0,-0.01933,0.2353
RAX_4,RAX,0,-0.008143,0.1442
RAX_5,RAX,0,-0.01745,0.2256
RAX_6,RAX,0,-0.003913,0.1466
RB1CC1_P1_1,RB1CC1,0,-0.01873,0.1798
RB1CC1_P1_2,RB1CC1,0,-0.0009111,0.1354
RB1CC1_P1_3,RB1CC1,0,-0.03163,0.2706
RB1CC1_P1_4,RB1CC1,0,-0.02569,0.1986
RB1CC1_P1_5,RB1CC1,0,-0.0002918,0.2252
RB1CC1_P1_6,RB1CC1,0,0.003589,0.1703
RB1CC1_P2_1,RB1CC1,0,-0.01045,0.1506
RB1CC1_P2_3,RB1CC1,0,-0.04754,0.3071
RB1CC1_P2_4,RB1CC1,0,-0.04244,0.3525
RB1CC1_P2_5,RB1CC1,0,-0.001423,0.08205
RB1CC1_P2_6,RB1CC1,0,0.0006731,0.1761
RB1_1,RB1,0,-0.01176,0.2461
RB1_2,RB1,0,-0.002398,0.2135
RB1_3,RB1,0,-0.02187,0.238
RB1_4,RB1,0,-0.001264,0.1252
RB1_5,RB1,0,-0.003018,0.2053
RB1_6,RB1,0,-0.0192,0.2995
RBAK_P1_1,RBAK,0,-0.03454,0.2579
RBAK_P1_2,RBAK,0,0.01482,0.2461
RBAK_P1_3,RBAK,0,-0.03247,0.2643
RBAK_P1_4,RBAK,0,-0.006232,0.2214
RBAK_P1_5,RBAK,0,0.004695,0.1748
RBAK_P1_6,RBAK,0,-0.001471,0.1045
RBAK_P2_1,RBAK,0,0.001659,0.1591
RBAK_P2_2,RBAK,0,-0.003212,0.2157
RBAK_P2_3,RBAK,0,-0.04225,0.248
RBAK_P2_4,RBAK,0,-0.006781,0.2177
RBAK_P2_5,RBAK,0,-0.007688,0.1982
RBAK_P2_6,RBAK,0,-0.0002764,0.1576
RBCK1_1,RBCK1,0,0.004066,0.1358
RBCK1_2,RBCK1,0,-0.005921,0.1598
RBCK1_3,RBCK1,0,-0.007719,0.1559
RBCK1_4,RBCK1,0,-0.006095,0.1711
RBCK1_5,RBCK1,0,0.002183,0.1195
RBCK1_6,RBCK1,0,-0.0004665,0.108
RBL2_P1_1,RBL2,0,-0.02623,0.4446
RBL2_P1_2,RBL2,0,0.001326,0.2469
RBL2_P1_3,RBL2,0,-0.005097,0.1772
RBL2_P1_4,RBL2,0,-0.0002367,0.1766
RBL2_P1_5,RBL2,0,0.001069,0.08108
RBL2_P1_6,RBL2,0,0.006358,0.1533
RBL2_P2_1,RBL2,0,-0.02401,0.1783
RBL2_P2_2,RBL2,0,-0.005084,0.16
RBL2_P2_3,RBL2,0,-0.004963,0.1745
RBL2_P2_4,RBL2,0,-0.002099,0.2006
RBL2_P2_5,RBL2,0,-0.0155,0.2315
RBL2_P2_6,RBL2,0,-0.001712,0.1355
RBMS1_1,RBMS1,0,-0.001258,0.1483
RBMS1_2,RBMS1,0,0.004067,0.2015
RBMS1_3,RBMS1,0,-0.01464,0.1829
RBMS1_4,RBMS1,0,-0.01232,0.1864
RBMS1_5,RBMS1,0,-0.0009749,0.1993
RBMS1_6,RBMS1,0,-0.005535,0.158
RBPJL_1,RBPJL,0,-0.01645,0.2368
RBPJL_2,RBPJL,0,-0.0141,0.17
RBPJL_3,RBPJL,0,0.02297,0.2181
RBPJL_4,RBPJL,0,-0.06418,0.544
RBPJL_5,RBPJL,0,-0.004165,0.1201
RBPJL_6,RBPJL,0,0.005064,0.07875
RBPJ_1,RBPJ,0,-0.005319,0.1489
RBPJ_2,RBPJ,0,-0.00288,0.2051
RBPJ_3,RBPJ,0,-0.001039,0.1283
RBPJ_4,RBPJ,0,-0.2464,0.675
RBPJ_5,RBPJ,0,-0.001511,0.1054
RBPJ_6,RBPJ,0,-0.004665,0.1071
RC3H2_1,RC3H2,0,0.002036,0.175
RC3H2_2,RC3H2,0,-0.01937,0.2738
RC3H2_3,RC3H2,0,-0.01517,0.3556
RC3H2_4,RC3H2,0,0.0001314,0.2002
RC3H2_5,RC3H2,0,-0.0026,0.1466
RC3H2_6,RC3H2,0,0.002889,0.1673
RCAN1_1,RCAN1,0,-0.03482,0.1851
RCAN1_2,RCAN1,0,-0.004688,0.2046
RCAN1_3,RCAN1,0,-0.006224,0.1368
RCAN1_4,RCAN1,0,-0.1326,0.584
RCAN1_5,RCAN1,0,-0.003203,0.1902
RCAN1_6,RCAN1,0,-0.01521,0.1458
RCOR1_1,RCOR1,0,-0.01858,0.1595
RCOR1_2,RCOR1,0,-0.01238,0.2036
RCOR1_3,RCOR1,0,-0.02649,0.1983
RCOR1_4,RCOR1,0,-0.04392,0.2881
RCOR1_5,RCOR1,0,-0.008588,0.08165
RCOR1_6,RCOR1,0,0.003752,0.1209
RCOR2_1,RCOR2,1,-0.001691,0.1355
RCOR2_2,RCOR2,0,-0.005046,0.1397
RCOR2_3,RCOR2,1,-0.002976,0.1544
RCOR2_4,RCOR2,0,-0.0138,0.3921
RCOR2_5,RCOR2,1,-0.01574,0.1159
RCOR2_6,RCOR2,0,-0.03768,0.2497
RCOR3_1,RCOR3,0,-0.1116,0.5193
RCOR3_2,RCOR3,0,0.004742,0.1455
RCOR3_3,RCOR3,0,-0.006589,0.185
RCOR3_4,RCOR3,0,-0.006743,0.1211
RCOR3_5,RCOR3,0,0.004949,0.1046
RCOR3_6,RCOR3,0,-0.002363,0.09638
RELA_1,RELA,0,-0.02405,0.2253
RELA_2,RELA,0,-0.0004561,0.1474
RELA_3,RELA,0,-0.002201,0.1911
RELA_4,RELA,0,-0.01455,0.1795
RELA_5,RELA,0,0.0007811,0.1152
RELA_6,RELA,0,-0.004014,0.09287
RELB_1,RELB,0,-0.009684,0.1482
RELB_2,RELB,0,-0.0115,0.1957
RELB_3,RELB,0,0.008798,0.2319
RELB_4,RELB,0,-0.03372,0.3845
RELB_5,RELB,0,-0.01881,0.2056
RELB_6,RELB,0,-0.01513,0.1131
REL_1,REL,0,-0.02716,0.1899
REL_2,REL,0,-0.03282,0.3133
REL_3,REL,0,-0.02505,0.1804
REL_4,REL,0,-0.004666,0.2012
REL_5,REL,0,-0.005579,0.1107
REL_6,REL,0,0.005048,0.1783
REPIN1_1,REPIN1,0,-0.01447,0.24
REPIN1_2,REPIN1,0,-0.008503,0.1679
REPIN1_3,REPIN1,0,-0.02144,0.3628
REPIN1_4,REPIN1,0,-0.02008,0.1944
REPIN1_5,REPIN1,0,0.002215,0.06855
REPIN1_6,REPIN1,0,0.003553,0.1171
RERE_1,RERE,0,-0.03477,0.2036
RERE_2,RERE,0,-0.001381,0.1892
RERE_3,RERE,0,-0.01616,0.3097
RERE_4,RERE,0,-0.02751,0.2317
RERE_5,RERE,0,-0.0201,0.1206
RERE_6,RERE,0,-0.007265,0.09917
REST_P1_1,REST,0,0.0009027,0.1342
REST_P1_2,REST,0,0.02004,0.1937
REST_P1_3,REST,0,-0.01929,0.211
REST_P1_4,REST,0,-0.003037,0.2086
REST_P1_5,REST,0,-0.001043,0.09209
REST_P1_6,REST,0,0.002078,0.09993
REST_P2_1,REST,0,-0.03922,0.3179
REST_P2_2,REST,0,-0.00638,0.1161
REST_P2_3,REST,0,0.008089,0.1932
REST_P2_4,REST,0,-0.04009,0.3878
REST_P2_5,REST,0,-0.001001,0.1449
REST_P2_6,REST,0,-0.001464,0.1564
REXO4_1,REXO4,0,-0.01449,0.2053
REXO4_2,REXO4,0,-0.01802,0.3548
REXO4_3,REXO4,0,-0.008457,0.2367
REXO4_4,REXO4,0,-0.05923,0.355
REXO4_5,REXO4,0,-0.01252,0.1626
REXO4_6,REXO4,0,-0.009045,0.1582
RFX1_1,RFX1,0,-0.02547,0.2282
RFX1_2,RFX1,0,-0.004044,0.2288
RFX1_3,RFX1,0,-0.009368,0.1562
RFX1_4,RFX1,0,-0.03131,0.3139
RFX1_5,RFX1,0,0.003237,0.129
RFX1_6,RFX1,0,0.0004843,0.05435
RFX2_1,RFX2,0,-0.001522,0.2336
RFX2_2,RFX2,0,-0.007442,0.161
RFX2_3,RFX2,0,-0.04333,0.4418
RFX2_4,RFX2,0,0.009693,0.2439
RFX2_5,RFX2,0,-0.004163,0.09998
RFX2_6,RFX2,0,-0.01041,0.1368
RFX3_1,RFX3,0,-0.02137,0.2727
RFX3_2,RFX3,0,-0.01173,0.2418
RFX3_3,RFX3,0,-0.02622,0.4362
RFX3_4,RFX3,0,-0.02736,0.2685
RFX3_5,RFX3,0,-0.01213,0.1784
RFX3_6,RFX3,0,-0.01921,0.2769
RFX4_1,RFX4,0,-0.007576,0.1526
RFX4_2,RFX4,0,-0.007653,0.1362
RFX4_3,RFX4,0,-0.01094,0.1208
RFX4_4,RFX4,0,-0.03023,0.2462
RFX4_5,RFX4,0,0.000674,0.09217
RFX4_6,RFX4,0,-0.01025,0.1627
RFX5_1,RFX5,0,-0.01384,0.1918
RFX5_2,RFX5,0,-0.01976,0.1513
RFX5_3,RFX5,0,-0.06979,0.8128
RFX5_4,RFX5,0,-0.1015,0.5355
RFX5_5,RFX5,0,0.002205,0.1535
RFX5_6,RFX5,0,-0.001747,0.1607
RFX6_1,RFX6,0,-0.02367,0.1224
RFX6_2,RFX6,0,-0.01939,0.3053
RFX6_3,RFX6,0,0.005369,0.1949
RFX6_4,RFX6,0,0.02699,0.4349
RFX6_5,RFX6,0,0.01671,0.1912
RFX6_6,RFX6,0,-0.02164,0.1666
RFX7_1,RFX7,0,-0.006085,0.1765
RFX7_2,RFX7,0,-0.1185,0.6234
RFX7_3,RFX7,0,0.01159,0.1825
RFX7_4,RFX7,0,-0.0372,0.3124
RFX7_5,RFX7,0,0.001762,0.08822
RFX7_6,RFX7,0,-0.00909,0.1905
RFX8_1,RFX8,0,-0.007595,0.1859
RFX8_2,RFX8,0,0.003778,0.246
RFX8_3,RFX8,0,-0.01068,0.1687
RFX8_4,RFX8,0,-0.03936,0.2569
RFX8_5,RFX8,0,0.003473,0.1329
RFX8_6,RFX8,0,-0.03253,0.2304
RFXANK_1,RFXANK,0,-0.00816,0.1947
RFXANK_2,RFXANK,0,0.001341,0.2064
RFXANK_3,RFXANK,0,-0.003369,0.1835
RFXANK_4,RFXANK,0,-0.03324,0.2903
RFXANK_5,RFXANK,0,-0.002328,0.1092
RFXANK_6,RFXANK,0,-0.00167,0.1653
RFXAP_1,RFXAP,0,0.007546,0.1615
RFXAP_2,RFXAP,0,-0.00199,0.185
RFXAP_3,RFXAP,0,-0.01278,0.2433
RFXAP_4,RFXAP,0,-0.00173,0.2036
RFXAP_5,RFXAP,0,0.00471,0.09327
RFXAP_6,RFXAP,0,0.006419,0.121
RHOXF1_1,RHOXF1,0,-0.01629,0.1618
RHOXF1_2,RHOXF1,0,-0.01307,0.141
RHOXF1_3,RHOXF1,0,-0.01704,0.2827
RHOXF1_4,RHOXF1,0,-0.01227,0.2236
RHOXF1_5,RHOXF1,0,-0.001888,0.1191
RHOXF1_6,RHOXF1,0,-0.01788,0.1652
RHOXF2B_3,RHOXF2B,0,0.0049,0.2358
RHOXF2_1|RHOXF2B_4,RHOXF2|RHOXF2B,0,0.0007432,0.2003
RHOXF2_2|RHOXF2B_1,RHOXF2|RHOXF2B,0,-0.005186,0.08739
RHOXF2_3|RHOXF2B_2,RHOXF2|RHOXF2B,0,-0.0257,0.3582
RHOXF2_4|RHOXF2B_6,RHOXF2|RHOXF2B,0,-0.005114,0.1066
RHOXF2_5|RHOXF2B_5,RHOXF2|RHOXF2B,0,-0.007693,0.0814
RHOXF2_6,RHOXF2,0,-0.002227,0.1106
RLF_1,RLF,0,-0.007778,0.121
RLF_2,RLF,0,-0.007793,0.1979
RLF_3,RLF,0,-0.01541,0.1512
RLF_4,RLF,0,-0.01195,0.2254
RLF_5,RLF,0,-0.01573,0.1207
RLF_6,RLF,0,-0.01092,0.1181
RNF141_1,RNF141,0,-0.02766,0.2805
RNF141_2,RNF141,0,-0.02594,0.2166
RNF141_3,RNF141,0,-0.02586,0.438
RNF141_4,RNF141,0,-0.07694,0.5412
RNF141_5,RNF141,0,-0.001157,0.08257
RNF141_6,RNF141,0,-0.01026,0.08695
RNF2_1,RNF2,0,-0.008031,0.2323
RNF2_2,RNF2,0,-0.005402,0.1265
RNF2_3,RNF2,0,-0.02592,0.1898
RNF2_4,RNF2,0,-0.04998,0.3847
RNF2_5,RNF2,0,-0.01062,0.1038
RNF2_6,RNF2,0,0.001419,0.06878
RNF4_1,RNF4,0,-0.0712,0.4279
RNF4_2,RNF4,0,-0.09241,0.5484
RNF4_3,RNF4,0,-0.129,0.4267
RNF4_4,RNF4,0,-0.03453,0.2848
RNF4_5,RNF4,0,-0.004698,0.3556
RNF4_6,RNF4,0,-0.001309,0.09111
RORA_1,RORA,0,-0.006304,0.2728
RORA_2,RORA,0,-0.02056,0.2312
RORA_3,RORA,0,-0.0006511,0.1407
RORA_4,RORA,0,0.001448,0.07783
RORA_5,RORA,0,0.003041,0.1215
RORA_6,RORA,0,-0.01047,0.2033
RORB_1,RORB,0,-0.01664,0.226
RORB_2,RORB,0,-0.02772,0.1961
RORB_3,RORB,0,-0.0255,0.2047
RORB_4,RORB,0,-0.01307,0.2146
RORB_5,RORB,0,-0.009644,0.1059
RORB_6,RORB,0,-0.01774,0.1446
RORC_P1_1,RORC,0,-0.004574,0.2967
RORC_P1_2,RORC,0,-0.05377,0.3885
RORC_P1_3,RORC,0,-0.02278,0.2258
RORC_P1_4,RORC,0,-0.002525,0.1399
RORC_P1_5,RORC,0,-0.02252,0.2066
RORC_P1_6,RORC,0,-0.03708,0.2303
RORC_P2_1,RORC,0,-0.02379,0.1937
RORC_P2_2,RORC,0,-0.01664,0.2233
RORC_P2_3,RORC,0,-0.03563,0.3266
RORC_P2_4,RORC,0,-0.005435,0.195
RORC_P2_5,RORC,0,-0.01142,0.1336
RORC_P2_6,RORC,0,-0.01102,0.1232
RPA3_1,RPA3,0,-0.118,0.5971
RPA3_2,RPA3,0,-0.02689,0.3305
RPA3_3,RPA3,0,-0.001006,0.3301
RPA3_4,RPA3,0,0.008113,0.2351
RPA3_5,RPA3,0,-0.004846,0.107
RPA3_6,RPA3,0,-0.006008,0.118
RPF1_1,RPF1,0,-0.0524,0.468
RPF1_2,RPF1,0,-0.0577,0.3907
RPF1_3,RPF1,0,-0.134,0.6935
RPF1_5,RPF1,0,-0.03788,0.3945
RPF1_6,RPF1,0,0.004016,0.1386
RPS4X_1,RPS4X,0,-0.2571,0.6142
RPS4X_3,RPS4X,0,-0.02936,0.378
RPS4X_4,RPS4X,0,-0.01789,0.2448
RPS4X_5,RPS4X,0,0.01124,0.1729
RPS4X_6,RPS4X,0,-0.01536,0.3263
RREB1_1,RREB1,0,-0.004296,0.1948
RREB1_2,RREB1,0,0.005345,0.1852
RREB1_3,RREB1,0,-8.619e-05,0.1941
RREB1_4,RREB1,0,-0.01552,0.1977
RREB1_5,RREB1,0,-0.007204,0.1182
RREB1_6,RREB1,0,-0.00122,0.1466
RUNX1T1_P1_1,RUNX1T1,0,-0.01711,0.2387
RUNX1T1_P1_2,RUNX1T1,0,-0.01102,0.1798
RUNX1T1_P1_3,RUNX1T1,0,3.477e-05,0.08749
RUNX1T1_P1_4,RUNX1T1,0,-0.002045,0.3148
RUNX1T1_P1_5,RUNX1T1,0,0.001217,0.1891
RUNX1T1_P1_6,RUNX1T1,0,-0.00552,0.1864
RUNX1T1_P2_1,RUNX1T1,0,0.0004298,0.1016
RUNX1T1_P2_2,RUNX1T1,0,-0.03647,0.2962
RUNX1T1_P2_3,RUNX1T1,0,-0.01066,0.1121
RUNX1T1_P2_4,RUNX1T1,0,-0.008878,0.1403
RUNX1T1_P2_5,RUNX1T1,0,-0.02079,0.3056
RUNX1T1_P2_6,RUNX1T1,0,-0.00585,0.1626
RUNX1_1,RUNX1,0,-0.009945,0.1131
RUNX1_2,RUNX1,0,-0.01063,0.1594
RUNX1_3,RUNX1,0,-0.01455,0.1558
RUNX1_4,RUNX1,0,0.01011,0.179
RUNX1_5,RUNX1,0,0.001699,0.08806
RUNX1_6,RUNX1,0,0.001039,0.1003
RUNX2_P1_1,RUNX2,0,0.007864,0.2722
RUNX2_P1_2,RUNX2,0,0.001617,0.267
RUNX2_P1_3,RUNX2,0,-0.03593,0.3684
RUNX2_P1_4,RUNX2,0,-0.02053,0.1629
RUNX2_P1_5,RUNX2,0,-0.03535,0.2532
RUNX2_P1_6,RUNX2,0,-0.01737,0.07703
RUNX2_P2_1,RUNX2,0,-0.09974,0.4481
RUNX2_P2_2,RUNX2,0,-0.02226,0.4212
RUNX2_P2_3,RUNX2,0,-0.01386,0.2692
RUNX2_P2_4,RUNX2,0,-0.0148,0.2058
RUNX2_P2_5,RUNX2,0,-0.004811,0.1577
RUNX2_P2_6,RUNX2,0,-0.004035,0.1393
RUNX3_P1_1,RUNX3,0,-0.004665,0.1423
RUNX3_P1_2,RUNX3,0,-0.007276,0.1587
RUNX3_P1_3,RUNX3,0,-0.02536,0.1619
RUNX3_P1_4,RUNX3,0,-0.003973,0.1804
RUNX3_P1_5,RUNX3,0,-0.001483,0.1038
RUNX3_P1_6,RUNX3,0,-0.006301,0.1616
RUNX3_P2_1,RUNX3,0,-0.009876,0.1788
RUNX3_P2_2,RUNX3,0,-0.003858,0.1782
RUNX3_P2_3,RUNX3,0,-0.01971,0.199
RUNX3_P2_4,RUNX3,0,-0.01852,0.2594
RUNX3_P2_5,RUNX3,0,0.005511,0.1037
RUNX3_P2_6,RUNX3,0,-0.00228,0.08296
RUVBL1_1,RUVBL1,0,-0.03208,0.3279
RUVBL1_2,RUVBL1,0,-0.1128,0.4615
RUVBL1_4,RUVBL1,0,-0.09527,0.5651
RUVBL1_5,RUVBL1,0,-0.01726,0.1441
RUVBL1_6,RUVBL1,0,-0.004745,0.1706
RXRA_1,RXRA,0,-0.001583,0.168
RXRA_2,RXRA,0,-0.01232,0.237
RXRA_3,RXRA,0,-0.009647,0.1605
RXRA_4,RXRA,0,0.004081,0.1557
RXRA_5,RXRA,0,-0.01246,0.1259
RXRA_6,RXRA,0,-0.005305,0.1216
RXRB_1,RXRB,1,-0.02031,0.3473
RXRB_2,RXRB,0,-0.01188,0.1894
RXRB_3,RXRB,0,0.01011,0.3218
RXRB_4,RXRB,0,-0.02101,0.1976
RXRB_5,RXRB,1,-0.004059,0.1212
RXRB_6,RXRB,0,-0.01178,0.1488
RXRG_1,RXRG,0,-0.01588,0.2472
RXRG_2,RXRG,0,-0.01687,0.1525
RXRG_3,RXRG,0,-0.03149,0.3832
RXRG_4,RXRG,0,-0.0308,0.3169
RXRG_5,RXRG,0,-0.0009296,0.1113
RXRG_6,RXRG,0,-0.01686,0.1874
SACM1L_1,SACM1L,0,0.01522,0.1889
SACM1L_2,SACM1L,0,-0.01236,0.174
SACM1L_3,SACM1L,0,0.004443,0.1821
SACM1L_4,SACM1L,0,-0.003355,0.133
SACM1L_5,SACM1L,0,-0.0002631,0.1263
SACM1L_6,SACM1L,0,-0.009924,0.1432
SAFB2_1,SAFB2,0,0.0116,0.2998
SAFB2_2,SAFB2,0,-0.03079,0.234
SAFB2_3,SAFB2,0,-0.0145,0.1847
SAFB2_4,SAFB2,0,-0.1126,0.5002
SAFB2_5,SAFB2,0,-0.003168,0.1173
SAFB2_6,SAFB2,0,-0.02839,0.2405
SAFB_1,SAFB,0,-0.009591,0.2694
SAFB_2,SAFB,0,-0.0133,0.1546
SAFB_3,SAFB,0,-0.0113,0.2402
SAFB_4,SAFB,0,-0.004408,0.0998
SAFB_5,SAFB,0,-0.0215,0.2762
SAFB_6,SAFB,0,-0.007603,0.2226
SALL1_1,SALL1,0,-0.02906,0.1934
SALL1_2,SALL1,0,-0.002725,0.1317
SALL1_3,SALL1,0,-0.02413,0.1852
SALL1_4,SALL1,0,0.000514,0.114
SALL1_5,SALL1,0,-0.01886,0.1298
SALL1_6,SALL1,0,0.0001988,0.08684
SALL2_1,SALL2,0,-0.009993,0.1751
SALL2_2,SALL2,0,-0.006634,0.1981
SALL2_3,SALL2,0,-0.02113,0.202
SALL2_4,SALL2,0,-0.1339,0.6804
SALL2_5,SALL2,0,-0.004828,0.1322
SALL2_6,SALL2,0,-0.01643,0.1189
SALL3_1,SALL3,0,-0.02086,0.2067
SALL3_2,SALL3,0,-0.01345,0.131
SALL3_3,SALL3,0,-0.04876,0.3451
SALL3_4,SALL3,0,-0.03862,0.4195
SALL3_5,SALL3,0,0.002921,0.1366
SALL3_6,SALL3,0,0.002659,0.06987
SALL4_1,SALL4,1,-0.0298,0.2747
SALL4_2,SALL4,1,0.007488,0.1522
SALL4_3,SALL4,1,-0.01438,0.2142
SALL4_4,SALL4,1,-0.0039,0.1401
SALL4_5,SALL4,0,-0.02138,0.2014
SALL4_6,SALL4,1,-0.005148,0.1531
SATB1_P1_1,SATB1,0,-0.0007283,0.2245
SATB1_P1_2,SATB1,0,-0.0067,0.1928
SATB1_P1_3,SATB1,0,-0.004149,0.1392
SATB1_P1_4,SATB1,0,-0.002222,0.1963
SATB1_P1_5,SATB1,0,-0.01084,0.07292
SATB1_P1_6,SATB1,0,-0.00195,0.0954
SATB1_P2_1,SATB1,0,-0.01397,0.1747
SATB1_P2_2,SATB1,0,-0.004207,0.1427
SATB1_P2_3,SATB1,0,-0.01977,0.2652
SATB1_P2_4,SATB1,0,0.003456,0.1316
SATB1_P2_5,SATB1,0,-0.01094,0.3952
SATB1_P2_6,SATB1,0,-0.008464,0.1441
SATB2_1,SATB2,0,-0.03681,0.2072
SATB2_2,SATB2,0,-0.02537,0.2416
SATB2_3,SATB2,0,0.004144,0.1382
SATB2_4,SATB2,0,-0.01733,0.2656
SATB2_5,SATB2,0,0.001267,0.118
SATB2_6,SATB2,0,-0.004932,0.134
SCAND3_1,SCAND3,0,-0.005066,0.1707
SCAND3_2,SCAND3,0,-0.009786,0.2426
SCAND3_3,SCAND3,0,-0.01066,0.2578
SCAND3_4,SCAND3,0,-0.01769,0.2537
SCAND3_5,SCAND3,0,-0.008101,0.1205
SCAND3_6,SCAND3,0,0.006166,0.1643
SCAPER_1,SCAPER,0,-0.016,0.1941
SCAPER_2,SCAPER,0,-0.008954,0.1346
SCAPER_3,SCAPER,0,-0.05062,0.6474
SCAPER_4,SCAPER,0,-0.0005263,0.1367
SCAPER_5,SCAPER,0,-0.009389,0.2027
SCAPER_6,SCAPER,0,-0.003808,0.1177
SCMH1_P1_1,SCMH1,0,-0.005106,0.134
SCMH1_P1_2,SCMH1,0,0.003262,0.1602
SCMH1_P1_3,SCMH1,0,0.002032,0.2055
SCMH1_P1_4,SCMH1,0,-0.07859,0.4482
SCMH1_P1_5,SCMH1,0,-0.002481,0.1627
SCMH1_P1_6,SCMH1,0,-0.0108,0.1378
SCMH1_P2_1,SCMH1,0,0.00109,0.102
SCMH1_P2_2,SCMH1,0,-0.006678,0.1659
SCMH1_P2_3,SCMH1,0,-0.01341,0.2035
SCMH1_P2_4,SCMH1,0,-0.004202,0.1369
SCMH1_P2_5,SCMH1,0,-0.002444,0.1001
SCMH1_P2_6,SCMH1,0,-0.001412,0.09449
SCML4_1,SCML4,1,-0.02774,0.2772
SCML4_2,SCML4,0,0.009787,0.2507
SCML4_3,SCML4,0,-0.0225,0.2508
SCML4_4,SCML4,0,-0.003822,0.2444
SCML4_5,SCML4,0,-0.0001552,0.1354
SCML4_6,SCML4,1,-0.01645,0.1822
SCRT1_1,SCRT1,0,-0.002821,0.295
SCRT1_2,SCRT1,0,-0.008778,0.1856
SCRT1_3,SCRT1,0,-0.04822,0.3079
SCRT1_4,SCRT1,0,-0.007267,0.1857
SCRT1_5,SCRT1,0,-0.008305,0.1497
SCRT1_6,SCRT1,0,-0.0004664,0.1376
SCRT2_1,SCRT2,0,-0.00436,0.2453
SCRT2_2,SCRT2,0,-0.04523,0.2566
SCRT2_3,SCRT2,0,-0.07421,0.4223
SCRT2_4,SCRT2,0,-0.00237,0.208
SCRT2_5,SCRT2,0,-0.004432,0.2082
SCRT2_6,SCRT2,0,0.002525,0.1009
SCXA_1,SCXA,0,-0.01165,0.18
SCXA_2,SCXA,0,-0.0108,0.2381
SCXA_3,SCXA,0,-0.01833,0.6071
SCXA_4,SCXA,0,-0.005823,0.1319
SCXA_5,SCXA,0,-0.02431,0.2466
SCXB_1,SCXB,0,-0.001208,0.1974
SCXB_2,SCXB,0,0.001772,0.114
SCXB_3,SCXB,0,0.01283,0.2536
SCXB_4|SCXA_6,SCXB|SCXA,0,0.0066,0.09535
SCXB_5,SCXB,0,0.007013,0.1953
SCXB_6,SCXB,0,-0.0005696,0.1457
SETBP1_1,SETBP1,0,-0.01046,0.1726
SETBP1_2,SETBP1,0,-0.01044,0.2163
SETBP1_3,SETBP1,0,-0.05949,0.2944
SETBP1_4,SETBP1,0,-0.01815,0.318
SETBP1_5,SETBP1,0,0.0006428,0.09727
SETBP1_6,SETBP1,0,-0.00711,0.153
SETD1A_1,SETD1A,0,-0.1282,0.5564
SETD1A_2,SETD1A,0,-0.04239,0.2746
SETD1A_3,SETD1A,0,0.01761,0.2287
SETD1A_4,SETD1A,0,-0.003991,0.1193
SETD1A_5,SETD1A,0,0.0063,0.1548
SETD1A_6,SETD1A,0,-0.007707,0.08094
SETDB1_1,SETDB1,0,-0.005324,0.088
SETDB1_2,SETDB1,1,-0.01703,0.1221
SETDB1_3,SETDB1,1,-0.009714,0.1889
SETDB1_4,SETDB1,1,-0.009199,0.1159
SETDB1_5,SETDB1,1,-0.01449,0.114
SETDB1_6,SETDB1,1,-0.004575,0.1332
SETDB2_1,SETDB2,0,-0.0004536,0.1626
SETDB2_2,SETDB2,0,-0.001763,0.1357
SETDB2_3,SETDB2,0,-0.02946,0.234
SETDB2_4,SETDB2,0,0.0003502,0.1147
SETDB2_5,SETDB2,0,-0.006628,0.122
SETDB2_6,SETDB2,0,0.0004599,0.09957
SGSM2_1,SGSM2,0,-0.0157,0.2403
SGSM2_2,SGSM2,0,0.0001995,0.1214
SGSM2_3,SGSM2,0,-0.01184,0.3156
SGSM2_4,SGSM2,0,-0.03761,0.2708
SGSM2_5,SGSM2,0,-0.02315,0.2075
SGSM2_6,SGSM2,0,-0.006553,0.1291
SH3D19_P1_1,SH3D19,0,-0.00702,0.1262
SH3D19_P1_2,SH3D19,0,-0.002431,0.166
SH3D19_P1_3,SH3D19,0,-0.02459,0.1583
SH3D19_P1_4,SH3D19,0,-0.02749,0.2197
SH3D19_P1_5,SH3D19,0,0.0004225,0.1722
SH3D19_P1_6,SH3D19,0,-0.003511,0.08773
SH3D19_P2_1,SH3D19,0,0.008458,0.1827
SH3D19_P2_2,SH3D19,0,-0.01094,0.2074
SH3D19_P2_3,SH3D19,0,-0.01154,0.1119
SH3D19_P2_4,SH3D19,0,-0.006243,0.1491
SH3D19_P2_5,SH3D19,0,-0.008558,0.1191
SH3D19_P2_6,SH3D19,0,-0.01227,0.07315
SHOX2_1,SHOX2,0,-0.01709,0.1592
SHOX2_2,SHOX2,0,-0.01832,0.2046
SHOX2_3,SHOX2,0,-0.01413,0.2481
SHOX2_4,SHOX2,0,-0.02802,0.3443
SHOX2_5,SHOX2,0,-0.00747,0.1503
SHOX2_6,SHOX2,0,-0.01037,0.08836
SHOX_1,SHOX,0,-0.04487,0.2189
SHOX_2,SHOX,0,-0.009402,0.159
SHOX_3,SHOX,0,-0.03245,0.2212
SHOX_4,SHOX,0,-0.1002,0.5306
SHOX_5,SHOX,0,0.008728,0.1335
SHOX_6,SHOX,0,-0.02157,0.1514
SIM1_1,SIM1,0,-0.0531,0.4229
SIM1_2,SIM1,0,0.002253,0.1805
SIM1_3,SIM1,0,-0.01759,0.2011
SIM1_4,SIM1,0,0.004484,0.1323
SIM1_5,SIM1,0,-0.02545,0.2022
SIM1_6,SIM1,0,-0.01143,0.1961
SIM2_1,SIM2,0,-0.03731,0.2158
SIM2_2,SIM2,0,-0.002875,0.1672
SIM2_3,SIM2,0,-0.06548,0.3941
SIM2_4,SIM2,0,-0.04831,0.3371
SIM2_5,SIM2,0,0.0004583,0.1231
SIM2_6,SIM2,0,0.001691,0.06998
SIN3A_P1_1,SIN3A,0,-0.008406,0.1415
SIN3A_P1_2,SIN3A,0,-0.005779,0.1562
SIN3A_P1_3,SIN3A,0,-0.009647,0.09571
SIN3A_P1_4,SIN3A,0,0.003168,0.2156
SIN3A_P1_5,SIN3A,0,-0.004356,0.1122
SIN3A_P1_6,SIN3A,0,-0.001975,0.122
SIN3A_P2_1,SIN3A,0,-0.02929,0.2076
SIN3A_P2_2,SIN3A,0,-0.007593,0.1155
SIN3A_P2_3,SIN3A,0,-0.03774,0.374
SIN3A_P2_4,SIN3A,0,-0.008327,0.2037
SIN3A_P2_5,SIN3A,0,-0.004428,0.1259
SIN3A_P2_6,SIN3A,0,-0.002388,0.07664
SIRT6_1,SIRT6,0,-0.01203,0.1708
SIRT6_2,SIRT6,0,-0.01328,0.1317
SIRT6_3,SIRT6,0,-0.03716,0.2665
SIRT6_4,SIRT6,0,-0.01737,0.118
SIRT6_5,SIRT6,0,-0.01415,0.1211
SIRT6_6,SIRT6,0,-0.01799,0.1154
SIX1_1,SIX1,0,-0.01161,0.2554
SIX1_2,SIX1,0,-0.01632,0.2519
SIX1_3,SIX1,0,-0.00253,0.2178
SIX1_4,SIX1,0,-0.002583,0.1464
SIX1_5,SIX1,0,-0.1027,0.6837
SIX1_6,SIX1,0,-0.005353,0.1114
SIX2_1,SIX2,0,-0.01165,0.1658
SIX2_2,SIX2,0,0.003082,0.1939
SIX2_3,SIX2,0,-0.01934,0.2588
SIX2_4,SIX2,0,-0.009499,0.1212
SIX2_5,SIX2,0,-0.006751,0.1224
SIX2_6,SIX2,0,-0.01199,0.2104
SIX3_1,SIX3,0,-0.05683,0.4446
SIX3_2,SIX3,0,-0.001518,0.211
SIX3_3,SIX3,0,0.007203,0.1482
SIX3_4,SIX3,0,-0.02799,0.2286
SIX3_5,SIX3,0,-0.009895,0.1669
SIX3_6,SIX3,0,0.0002314,0.2137
SIX4_1,SIX4,0,-0.006846,0.1053
SIX4_2,SIX4,0,-0.01428,0.16
SIX4_3,SIX4,0,-0.005729,0.1221
SIX4_4,SIX4,0,-0.04917,0.4097
SIX4_5,SIX4,0,-0.002483,0.05742
SIX4_6,SIX4,0,-0.01443,0.1158
SIX5_1,SIX5,0,0.00149,0.1225
SIX5_2,SIX5,0,-0.004152,0.1824
SIX5_3,SIX5,0,-0.02904,0.2749
SIX5_4,SIX5,0,-0.004055,0.1521
SIX5_5,SIX5,0,-0.002188,0.1966
SIX5_6,SIX5,0,0.004368,0.1186
SIX6_1,SIX6,0,-0.006924,0.1326
SIX6_2,SIX6,0,-0.01779,0.189
SIX6_3,SIX6,0,-0.01309,0.1438
SIX6_4,SIX6,0,-0.009227,0.3777
SIX6_5,SIX6,0,-0.004752,0.2237
SIX6_6,SIX6,0,0.0009853,0.1373
SKIL_1,SKIL,0,-0.0258,0.2075
SKIL_2,SKIL,0,-0.01108,0.1711
SKIL_3,SKIL,0,-0.01769,0.3002
SKIL_4,SKIL,0,0.007636,0.1862
SKIL_5,SKIL,0,-0.01127,0.1302
SKIL_6,SKIL,0,-0.006192,0.152
SKI_1,SKI,0,-0.009773,0.1413
SKI_2,SKI,0,0.01047,0.1999
SKI_3,SKI,0,-0.008636,0.228
SKI_4,SKI,0,0.002131,0.1373
SKI_5,SKI,0,0.004829,0.2605
SKI_6,SKI,0,-0.02913,0.1642
SKOR1_1,SKOR1,0,-0.002157,0.176
SKOR1_2,SKOR1,0,-0.02736,0.2232
SKOR1_3,SKOR1,0,-0.002645,0.1319
SKOR1_4,SKOR1,0,0.005178,0.1058
SKOR1_5,SKOR1,0,-0.004844,0.117
SKOR1_6,SKOR1,0,0.001657,0.1958
SKOR2_1,SKOR2,0,-0.01947,0.2157
SKOR2_2,SKOR2,0,-0.03324,0.3307
SKOR2_3,SKOR2,0,-0.02969,0.24
SKOR2_4,SKOR2,0,-0.01587,0.2461
SKOR2_5,SKOR2,0,-0.001878,0.09839
SKOR2_6,SKOR2,0,-0.006518,0.1301
SLC22A1_1,SLC22A1,0,-0.007107,0.1506
SLC22A1_2,SLC22A1,0,0.002135,0.2296
SLC22A1_3,SLC22A1,0,-0.04402,0.3766
SLC22A1_4,SLC22A1,0,-0.01434,0.3627
SLC22A1_5,SLC22A1,0,-0.0002129,0.08595
SLC22A1_6,SLC22A1,0,-0.02127,0.1978
SLC2A4RG_1,SLC2A4RG,0,-0.0386,0.2437
SLC2A4RG_2,SLC2A4RG,0,-0.02119,0.1937
SLC2A4RG_3,SLC2A4RG,0,-0.04003,0.4806
SLC2A4RG_4,SLC2A4RG,0,-0.01307,0.1833
SLC2A4RG_5,SLC2A4RG,0,-0.01938,0.1354
SLC2A4RG_6,SLC2A4RG,0,-0.003898,0.1056
SLC30A9_1,SLC30A9,0,-0.003647,0.3626
SLC30A9_2,SLC30A9,0,-0.03372,0.1823
SLC30A9_3,SLC30A9,0,-0.03899,0.2607
SLC30A9_4,SLC30A9,0,-0.0229,0.2494
SLC30A9_5,SLC30A9,0,-0.02319,0.1609
SLC30A9_6,SLC30A9,0,-0.008034,0.2535
SMAD1_1,SMAD1,0,-0.001451,0.1324
SMAD1_2,SMAD1,0,-0.008148,0.2246
SMAD1_3,SMAD1,0,0.0008129,0.1532
SMAD1_4,SMAD1,0,-0.03698,0.3247
SMAD1_5,SMAD1,0,1.942e-05,0.0775
SMAD1_6,SMAD1,0,-0.01148,0.08242
SMAD2_1,SMAD2,0,0.006429,0.1684
SMAD2_2,SMAD2,0,-0.006887,0.2609
SMAD2_3,SMAD2,0,-0.01064,0.2668
SMAD2_4,SMAD2,0,-0.006264,0.2892
SMAD2_5,SMAD2,0,-0.01865,0.1596
SMAD2_6,SMAD2,0,0.01175,0.1093
SMAD3_1,SMAD3,0,-0.002104,0.1492
SMAD3_2,SMAD3,0,-0.003536,0.1167
SMAD3_3,SMAD3,0,-0.008422,0.2611
SMAD3_4,SMAD3,0,-0.01933,0.1741
SMAD3_5,SMAD3,0,-0.002295,0.06489
SMAD3_6,SMAD3,0,-0.001214,0.2036
SMAD4_1,SMAD4,0,-0.003018,0.2618
SMAD4_2,SMAD4,0,0.0008357,0.1471
SMAD4_3,SMAD4,0,-0.02302,0.1765
SMAD4_4,SMAD4,0,-0.02697,0.2585
SMAD4_5,SMAD4,0,-0.02148,0.1928
SMAD4_6,SMAD4,0,0.001305,0.04325
SMAD5_1,SMAD5,0,0.00677,0.1808
SMAD5_2,SMAD5,0,0.01104,0.2303
SMAD5_3,SMAD5,0,-0.009885,0.2264
SMAD5_4,SMAD5,0,-0.01462,0.1548
SMAD5_5,SMAD5,0,0.005134,0.09819
SMAD5_6,SMAD5,0,-0.01697,0.1724
SMAD6_1,SMAD6,0,-0.07096,0.6164
SMAD6_2,SMAD6,0,0.006766,0.1621
SMAD6_3,SMAD6,0,-0.02926,0.259
SMAD6_4,SMAD6,0,0.001682,0.142
SMAD6_5,SMAD6,0,-0.01214,0.139
SMAD6_6,SMAD6,0,-0.01598,0.1592
SMAD7_1,SMAD7,0,-0.01788,0.1857
SMAD7_2,SMAD7,0,0.021,0.186
SMAD7_3,SMAD7,0,-0.006357,0.1894
SMAD7_4,SMAD7,0,-0.008444,0.1603
SMAD7_5,SMAD7,0,-0.005406,0.09683
SMAD7_6,SMAD7,0,-0.001848,0.07109
SMAD9_1,SMAD9,0,0.005713,0.2845
SMAD9_2,SMAD9,0,-0.007981,0.1471
SMAD9_3,SMAD9,0,-0.02997,0.3076
SMAD9_4,SMAD9,0,-0.003003,0.1474
SMAD9_5,SMAD9,0,-0.01031,0.1588
SMAD9_6,SMAD9,0,-0.01272,0.1473
SMARCA1_1,SMARCA1,0,-0.0104,0.1296
SMARCA1_2,SMARCA1,0,-0.01653,0.2436
SMARCA1_3,SMARCA1,0,0.006666,0.1312
SMARCA1_4,SMARCA1,0,-0.021,0.3475
SMARCA1_5,SMARCA1,0,-0.003845,0.06616
SMARCA1_6,SMARCA1,0,-0.01714,0.1231
SMARCA2_1,SMARCA2,0,-0.0006339,0.2323
SMARCA2_2,SMARCA2,0,-0.01053,0.1947
SMARCA2_3,SMARCA2,0,0.000706,0.1974
SMARCA2_4,SMARCA2,0,0.003592,0.1759
SMARCA2_5,SMARCA2,0,-0.003551,0.1131
SMARCA2_6,SMARCA2,0,0.004665,0.1209
SMARCA4_1,SMARCA4,0,-0.009762,0.2389
SMARCA4_2,SMARCA4,0,-0.007689,0.2411
SMARCA4_3,SMARCA4,0,-0.01032,0.1093
SMARCA4_4,SMARCA4,0,-0.01076,0.1751
SMARCA4_5,SMARCA4,0,0.004249,0.09189
SMARCA4_6,SMARCA4,0,-0.00996,0.1222
SMARCA5_1,SMARCA5,0,-0.00129,0.202
SMARCA5_2,SMARCA5,0,-0.004163,0.1389
SMARCA5_3,SMARCA5,0,-0.08279,0.5971
SMARCA5_4,SMARCA5,0,-0.02587,0.2169
SMARCA5_5,SMARCA5,0,-0.001253,0.2086
SMARCA5_6,SMARCA5,0,-0.007173,0.07636
SMARCB1_P1_1,SMARCB1,0,-0.01365,0.2287
SMARCB1_P1_2,SMARCB1,0,-0.008975,0.1788
SMARCB1_P1_3,SMARCB1,0,-0.004192,0.1868
SMARCB1_P1_4,SMARCB1,0,-0.004453,0.1696
SMARCB1_P1_5,SMARCB1,0,0.000322,0.1552
SMARCB1_P1_6,SMARCB1,0,0.0008985,0.1642
SMARCB1_P2_1,SMARCB1,0,0.005728,0.225
SMARCB1_P2_2,SMARCB1,0,-0.06535,0.3817
SMARCB1_P2_3,SMARCB1,0,0.0015,0.2298
SMARCB1_P2_4,SMARCB1,0,-0.02466,0.2021
SMARCB1_P2_5,SMARCB1,0,-0.002884,0.1246
SMARCB1_P2_6,SMARCB1,0,-0.02849,0.209
SMARCC1_1,SMARCC1,0,-0.1481,0.538
SMARCC1_2,SMARCC1,1,-0.02921,0.2043
SMARCC1_3,SMARCC1,1,-0.009446,0.2828
SMARCC1_4,SMARCC1,0,-0.02091,0.2189
SMARCC1_5,SMARCC1,0,0.002014,0.06295
SMARCC1_6,SMARCC1,0,-0.01183,0.1326
SMARCC2_1,SMARCC2,0,-0.01971,0.2112
SMARCC2_2,SMARCC2,0,0.003635,0.1387
SMARCC2_3,SMARCC2,0,0.000241,0.1604
SMARCC2_4,SMARCC2,0,-0.003193,0.1994
SMARCC2_5,SMARCC2,0,-0.0004498,0.0885
SMARCC2_6,SMARCC2,0,0.002506,0.1139
SMYD2_1,SMYD2,0,-0.02023,0.2288
SMYD2_2,SMYD2,0,-0.03041,0.2303
SMYD2_3,SMYD2,0,-0.003045,0.2265
SMYD2_4,SMYD2,0,-0.005843,0.207
SMYD2_5,SMYD2,0,-0.004584,0.09368
SMYD2_6,SMYD2,0,-0.0008319,0.1478
SMYD3_1,SMYD3,0,-0.01176,0.2238
SMYD3_2,SMYD3,0,-0.005504,0.2062
SMYD3_3,SMYD3,0,-0.01146,0.1556
SMYD3_4,SMYD3,0,-0.0207,0.2234
SMYD3_5,SMYD3,0,-0.001029,0.1509
SMYD3_6,SMYD3,0,-0.006119,0.1172
SNAI1_1,SNAI1,1,-0.05476,0.3367
SNAI1_2,SNAI1,0,-0.02542,0.2638
SNAI1_3,SNAI1,0,-0.1788,0.6987
SNAI1_4,SNAI1,0,-0.03062,0.2902
SNAI1_5,SNAI1,1,-0.008988,0.1233
SNAI1_6,SNAI1,1,-0.02514,0.1378
SNAI2_1,SNAI2,0,-0.02022,0.2473
SNAI2_2,SNAI2,0,-0.003427,0.2339
SNAI2_3,SNAI2,0,-0.01111,0.1141
SNAI2_4,SNAI2,0,0.007954,0.1996
SNAI2_5,SNAI2,0,-0.01319,0.1323
SNAI2_6,SNAI2,0,-0.01846,0.1356
SNAI3_1,SNAI3,0,-0.3379,0.4956
SNAI3_2,SNAI3,0,0.0087,0.2226
SNAI3_3,SNAI3,0,-0.006898,0.1086
SNAI3_4,SNAI3,0,-0.008448,0.2231
SNAI3_5,SNAI3,0,-0.006905,0.2274
SNAI3_6,SNAI3,0,-0.00496,0.1562
SNAPC1_1,SNAPC1,0,-0.3172,0.7471
SNAPC1_2,SNAPC1,0,0.004073,0.2778
SNAPC1_3,SNAPC1,0,-0.00479,0.1723
SNAPC1_4,SNAPC1,0,-0.05111,0.3932
SNAPC1_5,SNAPC1,0,0.003721,0.2315
SNAPC1_6,SNAPC1,0,0.004586,0.1049
SNAPC2_1,SNAPC2,0,-0.08499,0.4782
SNAPC2_2,SNAPC2,0,-0.004219,0.1204
SNAPC2_3,SNAPC2,0,-0.02687,0.3336
SNAPC2_4,SNAPC2,0,0.002458,0.1305
SNAPC2_5,SNAPC2,0,-0.003105,0.1324
SNAPC2_6,SNAPC2,0,0.001403,0.1605
SNAPC3_1,SNAPC3,0,-0.01763,0.2296
SNAPC3_2,SNAPC3,0,-0.03191,0.2328
SNAPC3_3,SNAPC3,0,-0.05577,0.4175
SNAPC3_4,SNAPC3,0,-0.01412,0.2677
SNAPC3_5,SNAPC3,0,-0.009208,0.2469
SNAPC3_6,SNAPC3,0,0.0007291,0.2082
SNAPC4_1,SNAPC4,0,-0.03869,0.2249
SNAPC4_2,SNAPC4,0,-0.003303,0.2454
SNAPC4_3,SNAPC4,0,-0.1724,0.7426
SNAPC4_4,SNAPC4,0,0.0003062,0.1732
SNAPC4_5,SNAPC4,0,-0.005396,0.1079
SNAPC4_6,SNAPC4,0,-0.02873,0.2092
SNAPC5_1,SNAPC5,0,-0.02491,0.2893
SNAPC5_2,SNAPC5,0,-0.0117,0.3779
SNAPC5_3,SNAPC5,0,-0.03817,0.263
SNAPC5_4,SNAPC5,0,-0.005816,0.1214
SNAPC5_5,SNAPC5,0,-0.01564,0.1781
SNAPC5_6,SNAPC5,0,-0.002393,0.1192
SOHLH1_1,SOHLH1,0,-0.03056,0.2646
SOHLH1_2,SOHLH1,0,-0.01101,0.1941
SOHLH1_3,SOHLH1,0,-0.07756,0.5976
SOHLH1_4,SOHLH1,0,-0.03507,0.3081
SOHLH1_5,SOHLH1,0,-0.01015,0.1091
SOHLH1_6,SOHLH1,0,-0.01884,0.1648
SOHLH2_1,SOHLH2,0,-0.01484,0.2367
SOHLH2_2,SOHLH2,0,-0.002661,0.1062
SOHLH2_3,SOHLH2,0,-0.06484,0.4364
SOHLH2_4,SOHLH2,0,0.0009333,0.2172
SOHLH2_5,SOHLH2,0,-0.01006,0.106
SOHLH2_6,SOHLH2,0,-0.003455,0.1398
SON_P1_1,SON,0,-0.0332,0.4399
SON_P1_2,SON,0,-0.03091,0.2171
SON_P1_3,SON,0,-0.1664,0.6016
SON_P1_4,SON,0,-0.006291,0.2311
SON_P1_5,SON,0,-0.002941,0.1415
SON_P1_6,SON,0,-0.0007325,0.09448
SON_P2_1,SON,0,-0.01952,0.204
SON_P2_2,SON,0,-0.01233,0.1424
SON_P2_3,SON,0,-0.00148,0.2798
SON_P2_4,SON,0,-0.01743,0.1423
SON_P2_5,SON,0,0.006005,0.1537
SON_P2_6,SON,0,-0.001532,0.1039
SOX10_1,SOX10,0,-0.02248,0.253
SOX10_2,SOX10,0,-0.01564,0.1897
SOX10_3,SOX10,0,-0.006245,0.2164
SOX10_4,SOX10,0,-0.02644,0.2023
SOX10_5,SOX10,0,-0.003096,0.1232
SOX10_6,SOX10,0,-0.005821,0.1034
SOX11_1,SOX11,1,-0.004674,0.2419
SOX11_2,SOX11,0,-0.02286,0.2492
SOX11_3,SOX11,1,-0.07658,0.3671
SOX11_4,SOX11,0,-0.01057,0.295
SOX11_5,SOX11,0,-0.001675,0.115
SOX11_6,SOX11,1,-0.009741,0.08258
SOX12_1,SOX12,0,-0.003364,0.1757
SOX12_2,SOX12,0,-0.02497,0.4625
SOX12_3,SOX12,0,-0.04092,0.2895
SOX12_4,SOX12,0,-0.005754,0.2107
SOX12_5,SOX12,0,-0.01834,0.1698
SOX12_6,SOX12,0,-0.00605,0.0823
SOX13_1,SOX13,0,-0.002153,0.1963
SOX13_2,SOX13,0,-0.01963,0.203
SOX13_3,SOX13,0,-0.01193,0.125
SOX13_4,SOX13,0,-0.01838,0.2019
SOX13_5,SOX13,0,0.01015,0.1658
SOX13_6,SOX13,0,-0.00518,0.09702
SOX14_1,SOX14,0,-0.02766,0.3275
SOX14_2,SOX14,0,-0.01125,0.1727
SOX14_3,SOX14,0,-0.01865,0.2271
SOX14_4,SOX14,0,-0.007182,0.2124
SOX14_5,SOX14,0,-0.02069,0.1778
SOX14_6,SOX14,0,-0.00358,0.1524
SOX15_1,SOX15,0,-0.009556,0.1377
SOX15_2,SOX15,0,-0.0002044,0.0817
SOX15_3,SOX15,0,-0.01592,0.1986
SOX15_4,SOX15,0,-0.01216,0.2947
SOX15_5,SOX15,0,-0.004646,0.1028
SOX15_6,SOX15,0,-0.02338,0.2291
SOX17_1,SOX17,0,-0.01715,0.1604
SOX17_2,SOX17,0,-0.01188,0.2351
SOX17_3,SOX17,0,0.004838,0.3022
SOX17_4,SOX17,0,-0.01933,0.198
SOX17_5,SOX17,0,-0.0144,0.1091
SOX17_6,SOX17,0,-0.03,0.1801
SOX18_1,SOX18,0,-0.0006596,0.1683
SOX18_2,SOX18,0,-0.008265,0.3064
SOX18_3,SOX18,0,-0.006636,0.2082
SOX18_4,SOX18,0,-0.1323,0.5252
SOX18_5,SOX18,0,-0.01887,0.1637
SOX18_6,SOX18,0,-0.01569,0.2387
SOX1_1,SOX1,0,-0.02996,0.2877
SOX1_2,SOX1,0,-0.03662,0.4252
SOX1_3,SOX1,0,-0.02786,0.2294
SOX1_4,SOX1,0,-0.00783,0.1714
SOX1_5,SOX1,0,-0.003571,0.1601
SOX1_6,SOX1,0,0.0006599,0.1115
SOX21_1,SOX21,0,0.00583,0.1109
SOX21_2,SOX21,0,0.006615,0.161
SOX21_3,SOX21,0,-0.02041,0.256
SOX21_4,SOX21,0,-0.02233,0.1826
SOX21_5,SOX21,0,-9.104e-05,0.1287
SOX21_6,SOX21,0,-0.01215,0.1642
SOX2_1,SOX2,0,-0.01057,0.1799
SOX2_2,SOX2,0,-0.004661,0.1011
SOX2_3,SOX2,0,-0.05237,0.3909
SOX2_4,SOX2,0,-0.02017,0.1917
SOX2_5,SOX2,0,0.0001816,0.1165
SOX2_6,SOX2,0,-0.007281,0.1347
SOX30_P1_1,SOX30,0,-0.006554,0.1715
SOX30_P1_2,SOX30,0,-0.02019,0.2087
SOX30_P1_3,SOX30,0,-0.02376,0.2045
SOX30_P1_4,SOX30,0,-0.004479,0.165
SOX30_P1_5,SOX30,0,-0.0124,0.1412
SOX30_P1_6,SOX30,0,-0.0007688,0.1485
SOX30_P2_1,SOX30,0,-0.003084,0.1279
SOX30_P2_2,SOX30,0,0.005838,0.1884
SOX30_P2_3,SOX30,0,-0.01194,0.2405
SOX30_P2_4,SOX30,0,-0.01453,0.2716
SOX30_P2_5,SOX30,0,-0.006544,0.135
SOX30_P2_6,SOX30,0,-0.004013,0.1148
SOX3_1,SOX3,0,-0.0309,0.2486
SOX3_2,SOX3,0,-0.07364,0.5993
SOX3_3,SOX3,0,-0.003365,0.128
SOX3_4,SOX3,0,-0.003202,0.1612
SOX3_5,SOX3,0,-0.01883,0.1632
SOX3_6,SOX3,0,-0.0141,0.2054
SOX4_P1_1,SOX4,0,0.001694,0.1905
SOX4_P1_2,SOX4,0,-0.005529,0.105
SOX4_P1_3,SOX4,0,-0.005114,0.1809
SOX4_P1_4,SOX4,0,-0.003985,0.1245
SOX4_P1_5,SOX4,0,0.004311,0.1285
SOX4_P1_6,SOX4,0,0.00332,0.06835
SOX4_P2_1,SOX4,0,0.002921,0.07758
SOX4_P2_2,SOX4,0,0.00619,0.1104
SOX4_P2_3,SOX4,0,-0.01157,0.1161
SOX4_P2_4,SOX4,0,0.0009565,0.1286
SOX4_P2_5,SOX4,0,-0.01279,0.1633
SOX4_P2_6,SOX4,0,-0.01398,0.2803
SOX5_P1_1,SOX5,0,-0.006548,0.1459
SOX5_P1_2,SOX5,0,-0.02766,0.1751
SOX5_P1_3,SOX5,0,-0.004207,0.1659
SOX5_P1_4,SOX5,0,0.01036,0.1889
SOX5_P1_5,SOX5,0,-0.01706,0.1525
SOX5_P1_6,SOX5,0,-0.003559,0.0893
SOX5_P2_1,SOX5,0,0.009462,0.3369
SOX5_P2_2,SOX5,0,-0.01415,0.1849
SOX5_P2_3,SOX5,0,-0.007781,0.09493
SOX5_P2_4,SOX5,0,-0.007056,0.1685
SOX5_P2_5,SOX5,0,-0.07778,0.4142
SOX5_P2_6,SOX5,0,-0.007882,0.2128
SOX6_P1_1,SOX6,0,-0.02494,0.1593
SOX6_P1_2,SOX6,0,0.008507,0.1563
SOX6_P1_3,SOX6,0,0.0003507,0.1515
SOX6_P1_4,SOX6,0,-0.1614,0.6219
SOX6_P1_5,SOX6,0,-0.006523,0.1638
SOX6_P1_6,SOX6,0,-0.01117,0.2446
SOX6_P2_1,SOX6,0,-0.01385,0.1376
SOX6_P2_2,SOX6,0,0.00335,0.1222
SOX6_P2_3,SOX6,0,-0.0205,0.4692
SOX6_P2_4,SOX6,0,0.000573,0.1825
SOX6_P2_5,SOX6,0,-0.02539,0.2136
SOX6_P2_6,SOX6,0,-0.02217,0.2266
SOX6_P3_1,SOX6,0,-0.01331,0.203
SOX6_P3_2,SOX6,0,-0.0007316,0.1286
SOX6_P3_3,SOX6,0,0.0006379,0.1892
SOX6_P3_4,SOX6,0,-0.01884,0.1562
SOX6_P3_5,SOX6,0,-0.02148,0.2316
SOX6_P3_6,SOX6,0,-0.009006,0.09016
SOX7_1,SOX7,0,-0.004057,0.2018
SOX7_2,SOX7,0,-0.01479,0.2394
SOX7_3,SOX7,0,-0.2056,0.6152
SOX7_4,SOX7,0,-0.0452,0.3738
SOX7_5,SOX7,0,-0.009759,0.1681
SOX7_6,SOX7,0,-0.01256,0.1489
SOX8_1,SOX8,0,-0.008165,0.1788
SOX8_2,SOX8,0,-0.0005622,0.1558
SOX8_3,SOX8,0,-0.01439,0.2706
SOX8_4,SOX8,0,-0.03223,0.4332
SOX8_5,SOX8,0,-0.01902,0.1975
SOX8_6,SOX8,0,-0.01063,0.1422
SOX9_1,SOX9,0,-0.006398,0.09897
SOX9_2,SOX9,0,-0.02507,0.249
SOX9_3,SOX9,0,0.004494,0.163
SOX9_4,SOX9,0,-0.04517,0.2968
SOX9_5,SOX9,0,-0.005467,0.1001
SOX9_6,SOX9,0,0.006803,0.08528
SP100_1,SP100,0,0.0202,0.2046
SP100_2,SP100,0,-0.01516,0.1718
SP100_3,SP100,0,0.006714,0.167
SP100_4,SP100,0,-0.01685,0.1344
SP100_5,SP100,0,-0.01554,0.1132
SP100_6,SP100,0,-0.01879,0.2428
SP110_1,SP110,0,-0.0214,0.2893
SP110_2,SP110,0,0.005688,0.1329
SP110_3,SP110,0,-0.008967,0.1991
SP110_4,SP110,0,-0.01243,0.1632
SP110_5,SP110,0,-0.002665,0.1358
SP110_6,SP110,0,0.008169,0.1896
SP140L_1,SP140L,0,-0.01148,0.2245
SP140L_2,SP140L,0,-0.01085,0.221
SP140L_3,SP140L,0,-0.03705,0.3198
SP140L_4,SP140L,0,-0.04757,0.3618
SP140L_5,SP140L,0,-0.02266,0.1214
SP140L_6,SP140L,0,-0.001429,0.1106
SP140_1,SP140,0,0.005071,0.1662
SP140_2,SP140,0,0.02195,0.2874
SP140_3,SP140,0,-0.03203,0.2205
SP140_4,SP140,0,-0.02485,0.2989
SP140_5,SP140,0,-0.002662,0.1302
SP140_6,SP140,0,-0.02148,0.2098
SP1_1,SP1,0,-0.008835,0.1463
SP1_2,SP1,0,-0.00856,0.1693
SP1_3,SP1,0,-0.009114,0.1197
SP1_4,SP1,0,-0.01566,0.1505
SP1_5,SP1,0,-0.007643,0.155
SP1_6,SP1,0,-0.007947,0.1797
SP2_1,SP2,0,-0.0007892,0.2198
SP2_2,SP2,0,0.01607,0.1767
SP2_3,SP2,0,-0.008585,0.3051
SP2_4,SP2,0,-0.04736,0.2875
SP2_5,SP2,0,-0.01134,0.1191
SP2_6,SP2,0,-0.002638,0.08622
SP3_1,SP3,0,-0.01362,0.176
SP3_2,SP3,0,-0.00697,0.2407
SP3_3,SP3,0,-0.01545,0.2132
SP3_4,SP3,0,-0.06143,0.4553
SP3_5,SP3,0,-0.008482,0.1186
SP3_6,SP3,0,-0.0009455,0.167
SP4_1,SP4,0,-0.00833,0.1835
SP4_2,SP4,0,-0.02689,0.2745
SP4_3,SP4,0,-0.001145,0.2166
SP4_4,SP4,0,-0.0264,0.2255
SP4_5,SP4,0,-0.002373,0.06166
SP4_6,SP4,0,-0.001499,0.1689
SP5_1,SP5,0,-0.01589,0.1798
SP5_2,SP5,0,-0.02494,0.2045
SP5_3,SP5,0,-0.0208,0.1608
SP5_4,SP5,0,-0.01176,0.09511
SP5_5,SP5,0,-0.0005372,0.135
SP5_6,SP5,0,-0.005695,0.1486
SP6_1,SP6,0,-0.01872,0.2947
SP6_2,SP6,0,-0.02799,0.3214
SP6_3,SP6,0,-0.01162,0.3936
SP6_4,SP6,0,-0.02131,0.2269
SP6_5,SP6,0,0.00405,0.1274
SP6_6,SP6,0,-0.002558,0.1325
SP7_1,SP7,0,-0.01745,0.2157
SP7_2,SP7,0,-0.0165,0.1453
SP7_3,SP7,0,-0.02261,0.2403
SP7_4,SP7,0,-0.04106,0.2804
SP7_5,SP7,0,-0.01326,0.1511
SP7_6,SP7,0,2.469e-05,0.1183
SP8_1,SP8,0,-0.01224,0.1902
SP8_2,SP8,0,0.002331,0.2353
SP8_3,SP8,0,-0.1813,0.9267
SP8_4,SP8,0,0.01366,0.2032
SP8_5,SP8,0,-0.003849,0.126
SP8_6,SP8,0,-0.008428,0.1928
SP9_1,SP9,0,-0.01139,0.1926
SP9_2,SP9,0,-0.03649,0.2795
SP9_3,SP9,0,-0.06081,0.8399
SP9_4,SP9,0,-0.0102,0.3043
SP9_5,SP9,0,-0.00708,0.09196
SP9_6,SP9,0,0.004642,0.1407
SPDEF_1,SPDEF,0,-0.01509,0.1902
SPDEF_2,SPDEF,0,-0.03385,0.1982
SPDEF_3,SPDEF,0,-0.0561,0.3474
SPDEF_4,SPDEF,0,-0.00382,0.1432
SPDEF_5,SPDEF,0,0.001825,0.1388
SPDEF_6,SPDEF,0,0.009289,0.1995
SPEN_1,SPEN,0,-0.01425,0.2751
SPEN_2,SPEN,1,-0.002529,0.1936
SPEN_3,SPEN,1,0.01236,0.2351
SPEN_4,SPEN,0,0.001416,0.1549
SPEN_5,SPEN,0,0.01302,0.1185
SPEN_6,SPEN,0,-0.008854,0.1418
SPI1_1,SPI1,0,-0.01328,0.3538
SPI1_2,SPI1,0,-0.002399,0.1614
SPI1_3,SPI1,0,-0.007591,0.1591
SPI1_4,SPI1,0,-0.05722,0.4485
SPI1_5,SPI1,0,-0.006101,0.1045
SPI1_6,SPI1,0,0.002875,0.1658
SPIB_1,SPIB,0,0.002952,0.1385
SPIB_2,SPIB,0,-0.01393,0.1483
SPIB_3,SPIB,0,0.009056,0.1859
SPIB_4,SPIB,0,-0.06285,0.4038
SPIB_5,SPIB,0,-0.02205,0.3404
SPIB_6,SPIB,0,-0.004434,0.1653
SPIC_1,SPIC,0,0.02595,0.348
SPIC_2,SPIC,0,-0.007958,0.1384
SPIC_3,SPIC,0,-0.02169,0.4508
SPIC_4,SPIC,0,-0.04156,0.2276
SPIC_5,SPIC,0,-0.0008495,0.1236
SPIC_6,SPIC,0,-0.02453,0.2328
SPZ1_1,SPZ1,0,0.002902,0.1221
SPZ1_2,SPZ1,0,-0.01565,0.2266
SPZ1_3,SPZ1,0,-0.03186,0.3346
SPZ1_4,SPZ1,0,-0.07676,0.5156
SPZ1_5,SPZ1,0,-0.008009,0.09297
SPZ1_6,SPZ1,0,-0.0008758,0.1188
SRCAP_1,SRCAP,0,-0.004821,0.2306
SRCAP_2,SRCAP,0,-0.03825,0.3334
SRCAP_3,SRCAP,0,-0.001404,0.3101
SRCAP_4,SRCAP,0,-0.002486,0.1705
SRCAP_5,SRCAP,0,0.01023,0.09662
SRCAP_6,SRCAP,0,0.007401,0.1209
SREBF1_P1_1,SREBF1,0,-0.0001275,0.1573
SREBF1_P1_2,SREBF1,0,0.01472,0.189
SREBF1_P1_3,SREBF1,0,-0.02084,0.3592
SREBF1_P1_4,SREBF1,0,0.007968,0.1333
SREBF1_P1_5,SREBF1,0,-0.01336,0.1751
SREBF1_P1_6,SREBF1,0,-0.01709,0.1764
SREBF1_P2_1,SREBF1,0,-0.01117,0.1243
SREBF1_P2_2,SREBF1,0,-0.01731,0.246
SREBF1_P2_3,SREBF1,0,0.01194,0.192
SREBF1_P2_4,SREBF1,0,-0.001345,0.1527
SREBF1_P2_5,SREBF1,0,-0.01369,0.1427
SREBF1_P2_6,SREBF1,0,0.001187,0.1687
SREBF2_1,SREBF2,0,-0.03263,0.3388
SREBF2_2,SREBF2,0,-0.01088,0.1402
SREBF2_3,SREBF2,0,-0.001195,0.1802
SREBF2_4,SREBF2,0,-0.008626,0.1697
SREBF2_5,SREBF2,0,-0.003591,0.219
SREBF2_6,SREBF2,0,-0.02079,0.2127
SRF_1,SRF,0,-0.01214,0.2063
SRF_2,SRF,0,0.003039,0.1599
SRF_3,SRF,0,0.001947,0.1767
SRF_4,SRF,0,0.02016,0.2592
SRF_5,SRF,0,-0.009796,0.1322
SRF_6,SRF,0,-0.009546,0.2984
SRY_1,SRY,0,-0.008687,0.1788
SRY_2,SRY,0,-0.004883,0.1196
SRY_3,SRY,0,-0.01686,0.199
SRY_4,SRY,0,-0.01177,0.1611
SRY_5,SRY,0,-0.001088,0.07268
SRY_6,SRY,0,0.009255,0.09884
SS18_1,SS18,1,0.005268,0.2457
SS18_2,SS18,0,0.003157,0.1818
SS18_3,SS18,0,-0.01175,0.2214
SS18_4,SS18,0,0.002705,0.09676
SS18_5,SS18,0,-0.008362,0.1869
SS18_6,SS18,1,0.01052,0.1782
SSRP1_1,SSRP1,0,-0.2384,0.9315
SSRP1_2,SSRP1,0,-0.01496,0.2272
SSRP1_3,SSRP1,0,-0.05578,0.3514
SSRP1_4,SSRP1,0,-0.01481,0.2751
SSRP1_5,SSRP1,0,-0.04144,0.2762
SSRP1_6,SSRP1,0,-0.001727,0.1254
ST18_1,ST18,0,-0.01106,0.2401
ST18_2,ST18,0,-0.009171,0.2519
ST18_3,ST18,0,0.004906,0.1545
ST18_4,ST18,0,-0.03887,0.2774
ST18_5,ST18,0,-0.01422,0.1427
ST18_6,ST18,0,-0.001363,0.0599
STAT1_1,STAT1,0,-0.0717,0.3209
STAT1_2,STAT1,0,-0.01255,0.1763
STAT1_3,STAT1,0,-0.1974,0.6291
STAT1_4,STAT1,0,-0.01678,0.1434
STAT1_5,STAT1,0,-0.01719,0.1847
STAT1_6,STAT1,0,-0.01265,0.1159
STAT2_1,STAT2,0,-0.002424,0.2446
STAT2_2,STAT2,0,-0.02082,0.2333
STAT2_3,STAT2,0,-0.03131,0.1987
STAT2_4,STAT2,0,0.003493,0.1631
STAT2_5,STAT2,0,-0.007119,0.0952
STAT2_6,STAT2,0,0.006043,0.131
STAT3_1,STAT3,0,-0.01752,0.4017
STAT3_2,STAT3,0,-0.009351,0.2242
STAT3_3,STAT3,0,-0.02069,0.1996
STAT3_4,STAT3,0,-0.3575,0.4913
STAT3_5,STAT3,0,-0.01108,0.2928
STAT3_6,STAT3,0,0.005293,0.1191
STAT4_1,STAT4,0,0.00504,0.2104
STAT4_2,STAT4,0,0.008322,0.229
STAT4_3,STAT4,0,-0.1755,0.6691
STAT4_4,STAT4,0,-0.01269,0.2384
STAT4_5,STAT4,0,-0.02752,0.1107
STAT4_6,STAT4,0,-0.003941,0.1022
STAT5A_1,STAT5A,0,-0.00753,0.1179
STAT5A_2,STAT5A,0,-0.001922,0.1464
STAT5A_3,STAT5A,0,-0.0215,0.1278
STAT5A_4,STAT5A,0,-0.0007695,0.1367
STAT5A_5,STAT5A,0,-0.00869,0.1406
STAT5A_6,STAT5A,0,-0.02274,0.1604
STAT5B_1,STAT5B,0,-0.00383,0.1989
STAT5B_2,STAT5B,0,-0.04206,0.3586
STAT5B_3,STAT5B,0,-0.03191,0.2949
STAT5B_4,STAT5B,0,-0.02349,0.178
STAT5B_5,STAT5B,0,-0.01155,0.167
STAT5B_6,STAT5B,0,-0.001175,0.1503
STAT6_1,STAT6,0,-0.008202,0.2102
STAT6_2,STAT6,0,-0.0138,0.2424
STAT6_3,STAT6,0,-0.002516,0.1142
STAT6_4,STAT6,0,0.009393,0.2318
STAT6_5,STAT6,0,-0.002998,0.126
STAT6_6,STAT6,0,-0.01246,0.1423
STOX2_P1_1,STOX2,0,0.003316,0.2092
STOX2_P1_2,STOX2,0,-0.008656,0.1024
STOX2_P1_3,STOX2,0,-0.001691,0.2754
STOX2_P1_4,STOX2,0,-0.03431,0.2987
STOX2_P1_5,STOX2,0,0.00374,0.08903
STOX2_P1_6,STOX2,0,-0.0002945,0.092
STOX2_P2_1,STOX2,0,-0.008445,0.1812
STOX2_P2_2,STOX2,0,0.001742,0.1787
STOX2_P2_3,STOX2,0,-0.002917,0.1794
STOX2_P2_4,STOX2,0,-0.01173,0.2047
STOX2_P2_5,STOX2,0,0.0006413,0.08947
STOX2_P2_6,STOX2,0,-0.001514,0.1145
STRA13_1,STRA13,0,-0.01769,0.142
STRA13_2,STRA13,0,-0.02293,0.2712
STRA13_3,STRA13,0,-0.03359,0.4091
STRA13_4,STRA13,0,-0.01845,0.1771
STRA13_5,STRA13,0,0.008133,0.09909
STRA13_6,STRA13,0,-0.00815,0.1104
STRAP_1,STRAP,1,-0.05728,0.2591
STRAP_2,STRAP,0,-0.01911,0.2667
STRAP_3,STRAP,0,0.006876,0.2667
STRAP_4,STRAP,0,-0.1179,0.5676
STRAP_5,STRAP,1,-0.006582,0.07259
STRAP_6,STRAP,0,-0.004413,0.1082
SUB1_P1_1,SUB1,0,-0.03324,0.3411
SUB1_P1_2,SUB1,0,-0.004553,0.138
SUB1_P1_3,SUB1,0,-0.04621,0.4923
SUB1_P1_4,SUB1,0,-0.0001409,0.1668
SUB1_P1_5,SUB1,0,0.000549,0.09697
SUB1_P1_6,SUB1,0,-0.001442,0.0904
SUB1_P2_1,SUB1,0,-0.003396,0.2694
SUB1_P2_2,SUB1,0,-0.001087,0.09978
SUB1_P2_3,SUB1,0,-0.03189,0.3505
SUB1_P2_4,SUB1,0,-0.001853,0.1929
SUB1_P2_5,SUB1,0,0.004212,0.223
SUB1_P2_6,SUB1,0,-0.001956,0.114
SULT2A1_1,SULT2A1,0,-0.01006,0.1865
SULT2A1_2,SULT2A1,0,-0.05409,0.3961
SULT2A1_3,SULT2A1,0,-0.01812,0.1523
SULT2A1_4,SULT2A1,0,-0.1272,0.4791
SULT2A1_5,SULT2A1,0,0.01599,0.1747
SULT2A1_6,SULT2A1,0,-0.0002619,0.126
SUPT4H1_1,SUPT4H1,0,0.00608,0.2341
SUPT4H1_2,SUPT4H1,0,-0.009828,0.2355
SUPT4H1_3,SUPT4H1,0,-0.003022,0.1808
SUPT4H1_4,SUPT4H1,0,-0.01585,0.3624
SUPT4H1_5,SUPT4H1,0,0.005462,0.1312
SUPT4H1_6,SUPT4H1,0,-0.004466,0.1509
SUPT5H_1,SUPT5H,0,-0.1195,0.4833
SUPT5H_5,SUPT5H,0,-0.3171,0.7577
SUPT5H_6,SUPT5H,0,0.001306,0.1402
SUZ12_1,SUZ12,0,0.02076,0.2254
SUZ12_2,SUZ12,0,-0.04695,0.2807
SUZ12_3,SUZ12,0,-0.04736,0.3712
SUZ12_4,SUZ12,0,-0.01374,0.1991
SUZ12_5,SUZ12,0,-0.0131,0.1417
SUZ12_6,SUZ12,0,-0.007874,0.1479
TADA2A_1,TADA2A,0,-0.0179,0.2517
TADA2A_2,TADA2A,0,0.005007,0.3452
TADA2A_3,TADA2A,0,-0.02756,0.367
TADA2A_4,TADA2A,0,-0.0327,0.2763
TADA2A_5,TADA2A,0,-0.003921,0.08466
TADA2A_6,TADA2A,0,-0.007714,0.1122
TADA2B_1,TADA2B,0,-0.01627,0.1857
TADA2B_2,TADA2B,0,0.004829,0.1513
TADA2B_3,TADA2B,0,-0.01092,0.1313
TADA2B_4,TADA2B,0,-0.005252,0.165
TADA2B_5,TADA2B,0,-0.008208,0.09533
TADA2B_6,TADA2B,0,-0.008349,0.1233
TADA3_1,TADA3,0,0.003208,0.2328
TADA3_2,TADA3,0,0.0005866,0.2214
TADA3_3,TADA3,0,-0.01118,0.2463
TADA3_4,TADA3,0,-0.006522,0.1859
TADA3_5,TADA3,0,-0.00552,0.1477
TADA3_6,TADA3,0,-0.006197,0.1005
TAF10_1,TAF10,0,0.01425,0.2075
TAF10_2,TAF10,0,-0.01658,0.1733
TAF10_3,TAF10,0,-0.009865,0.2236
TAF10_4,TAF10,0,0.00131,0.2421
TAF10_5,TAF10,0,0.005647,0.2069
TAF10_6,TAF10,0,-0.01955,0.151
TAF11_1,TAF11,0,-0.05718,0.4653
TAF11_2,TAF11,0,-0.0233,0.3319
TAF11_3,TAF11,0,0.004872,0.1418
TAF11_4,TAF11,0,-0.01655,0.2264
TAF11_5,TAF11,0,0.004588,0.1221
TAF11_6,TAF11,0,-0.009115,0.1299
TAF12_1,TAF12,0,-0.07336,0.4837
TAF12_2,TAF12,0,0.01082,0.2107
TAF12_3,TAF12,0,-0.04164,0.2699
TAF12_4,TAF12,0,-0.000182,0.08229
TAF12_5,TAF12,0,0.002473,0.09741
TAF12_6,TAF12,0,-0.004784,0.0843
TAF13_1,TAF13,0,-0.2561,0.7918
TAF13_2,TAF13,0,-0.08606,0.7595
TAF13_3,TAF13,0,-0.1174,0.5345
TAF13_4,TAF13,0,-0.03828,0.349
TAF13_5,TAF13,0,0.02831,0.1607
TAF13_6,TAF13,0,-0.01385,0.1379
TAF1A_2,TAF1A,0,-0.1309,0.5929
TAF1A_3,TAF1A,0,-0.06771,0.4206
TAF1A_4,TAF1A,0,-0.1763,0.6595
TAF1A_5,TAF1A,0,-0.015,0.3793
TAF1A_6,TAF1A,0,-0.1226,0.4983
TAF1B_1,TAF1B,0,-0.04267,0.537
TAF1B_3,TAF1B,0,-0.01182,0.1885
TAF1B_4,TAF1B,0,-0.04017,0.235
TAF1B_5,TAF1B,0,-0.01678,0.1301
TAF1B_6,TAF1B,0,-0.009799,0.102
TAF1_1,TAF1,0,-0.01955,0.2815
TAF1_2,TAF1,0,-0.055,0.4222
TAF1_3,TAF1,0,-0.1202,0.3384
TAF1_4,TAF1,0,-0.07035,0.5055
TAF1_5,TAF1,0,-0.01294,0.2349
TAF1_6,TAF1,0,-0.02065,0.2037
TAF4B_1,TAF4B,0,0.01166,0.1398
TAF4B_2,TAF4B,0,-0.004214,0.1981
TAF4B_3,TAF4B,0,0.0009893,0.2194
TAF4B_4,TAF4B,0,-0.009063,0.2156
TAF4B_5,TAF4B,0,0.002035,0.1919
TAF4B_6,TAF4B,0,0.001113,0.1654
TAF4_1,TAF4,0,0.02136,0.24
TAF4_2,TAF4,0,-0.01966,0.1812
TAF4_3,TAF4,0,0.006808,0.2717
TAF4_4,TAF4,0,-0.005638,0.08968
TAF4_5,TAF4,0,-0.0009391,0.09163
TAF4_6,TAF4,0,-0.002059,0.2195
TAF5L_1,TAF5L,0,0.00494,0.1765
TAF5L_2,TAF5L,0,0.007324,0.134
TAF5L_3,TAF5L,0,-0.0007735,0.1346
TAF5L_4,TAF5L,0,-0.01597,0.2263
TAF5L_5,TAF5L,0,-0.01222,0.1448
TAF5L_6,TAF5L,0,0.002578,0.08585
TAF5_1,TAF5,0,-0.2726,0.7133
TAF5_2,TAF5,0,0.006399,0.2886
TAF5_3,TAF5,0,-0.006209,0.3058
TAF5_4,TAF5,0,-0.01172,0.3055
TAF5_5,TAF5,0,-0.01322,0.1674
TAF5_6,TAF5,0,-0.01631,0.2284
TAF6_1,TAF6,0,-0.1233,0.6505
TAF6_3,TAF6,0,-0.009784,0.2433
TAF6_4,TAF6,0,0.0008026,0.1974
TAF6_5,TAF6,0,-0.01919,0.2433
TAF6_6,TAF6,0,0.00216,0.08568
TAF7_1,TAF7,0,-0.01116,0.3157
TAF7_2,TAF7,0,-0.0592,0.3418
TAF7_3,TAF7,0,-0.3723,0.5676
TAF7_4,TAF7,0,-0.002545,0.272
TAF7_5,TAF7,0,0.002664,0.07762
TAF7_6,TAF7,0,-0.002954,0.04268
TAF9_1,TAF9,0,-0.006296,0.1996
TAF9_2,TAF9,0,0.01276,0.1876
TAF9_3,TAF9,0,-0.005263,0.2541
TAF9_4,TAF9,0,-0.01156,0.1787
TAF9_5,TAF9,0,-0.001458,0.1248
TAF9_6,TAF9,0,-0.01401,0.2143
TAL1_P1_1,TAL1,0,-0.003281,0.1642
TAL1_P1_2,TAL1,0,-0.00481,0.2053
TAL1_P1_3,TAL1,0,-0.006931,0.1966
TAL1_P1_4,TAL1,0,-0.01533,0.2255
TAL1_P1_5,TAL1,0,-0.004476,0.1904
TAL1_P1_6,TAL1,0,0.001815,0.08642
TAL1_P2_1,TAL1,0,-0.001171,0.3042
TAL1_P2_2,TAL1,0,-0.007002,0.2246
TAL1_P2_3,TAL1,0,-0.02015,0.3272
TAL1_P2_4,TAL1,0,-0.0004623,0.1096
TAL1_P2_5,TAL1,0,-0.005874,0.1354
TAL1_P2_6,TAL1,0,-0.0121,0.2104
TAL2_1,TAL2,0,-0.008956,0.1649
TAL2_2,TAL2,0,-0.008815,0.1569
TAL2_3,TAL2,0,-0.02183,0.2755
TAL2_4,TAL2,0,-0.01736,0.283
TAL2_5,TAL2,0,0.003092,0.2772
TAL2_6,TAL2,0,0.0005851,0.101
TARDBP_1,TARDBP,0,-0.009018,0.2744
TARDBP_2,TARDBP,0,-0.03475,0.2285
TARDBP_3,TARDBP,0,-0.008969,0.1859
TARDBP_4,TARDBP,0,0.001924,0.1117
TARDBP_5,TARDBP,0,0.006618,0.09901
TARDBP_6,TARDBP,0,0.003882,0.126
TAZ_1,TAZ,0,0.002483,0.26
TAZ_2,TAZ,0,-0.01366,0.2419
TAZ_3,TAZ,0,-0.0155,0.1278
TAZ_4,TAZ,0,-0.0792,0.4791
TAZ_5,TAZ,0,-0.001973,0.09182
TAZ_6,TAZ,0,0.001829,0.1493
TBPL1_1,TBPL1,0,-0.03865,0.2871
TBPL1_2,TBPL1,0,-0.01064,0.2438
TBPL1_3,TBPL1,0,-0.02933,0.2019
TBPL1_4,TBPL1,0,-0.0003267,0.1836
TBPL1_5,TBPL1,0,0.002864,0.139
TBPL1_6,TBPL1,0,-0.01601,0.2282
TBPL2_1,TBPL2,0,0.006449,0.2317
TBPL2_2,TBPL2,0,-0.03357,0.2157
TBPL2_3,TBPL2,0,-0.01104,0.2198
TBPL2_4,TBPL2,0,0.003547,0.07977
TBPL2_5,TBPL2,0,0.003344,0.1052
TBPL2_6,TBPL2,0,-0.004534,0.14
TBP_1,TBP,0,-0.06581,0.3826
TBP_2,TBP,0,-0.007736,0.1529
TBP_3,TBP,0,-0.007535,0.2147
TBP_4,TBP,0,-0.0006571,0.09267
TBP_5,TBP,0,0.01515,0.1398
TBP_6,TBP,0,-0.0019,0.1043
TBR1_1,TBR1,0,-0.009123,0.1252
TBR1_2,TBR1,0,-0.02922,0.2373
TBR1_3,TBR1,0,-0.01167,0.1684
TBR1_4,TBR1,0,-0.01598,0.1748
TBR1_5,TBR1,0,0.01251,0.1899
TBR1_6,TBR1,0,-0.01214,0.09252
TBX10_1,TBX10,0,-0.0004951,0.1204
TBX10_2,TBX10,0,-0.01011,0.1395
TBX10_3,TBX10,0,-0.02081,0.2836
TBX10_4,TBX10,0,-0.009316,0.231
TBX10_5,TBX10,0,-0.01509,0.1338
TBX10_6,TBX10,0,-0.004869,0.1499
TBX15_1,TBX15,0,0.005702,0.1669
TBX15_2,TBX15,0,0.002424,0.1868
TBX15_3,TBX15,0,0.001598,0.2095
TBX15_4,TBX15,0,0.006824,0.1576
TBX15_5,TBX15,0,0.0103,0.1115
TBX15_6,TBX15,0,-0.002939,0.146
TBX18_P1_1,TBX18,0,-0.008507,0.2226
TBX18_P1_2,TBX18,0,0.01562,0.1931
TBX18_P1_3,TBX18,0,-0.0001134,0.1975
TBX18_P1_4,TBX18,0,-0.01668,0.1441
TBX18_P1_5,TBX18,0,-0.0009485,0.1856
TBX18_P1_6,TBX18,0,-0.002808,0.08584
TBX18_P2_1,TBX18,0,-0.003554,0.1365
TBX18_P2_2,TBX18,0,-0.00846,0.1941
TBX18_P2_3,TBX18,0,-0.007553,0.1064
TBX18_P2_5,TBX18,0,0.0006082,0.1411
TBX18_P2_6,TBX18,0,-0.005048,0.1223
TBX19_1,TBX19,0,-0.01229,0.2684
TBX19_2,TBX19,0,-0.005353,0.1803
TBX19_3,TBX19,0,0.002918,0.09918
TBX19_4,TBX19,0,-0.2716,0.7695
TBX19_5,TBX19,0,-0.002453,0.1113
TBX19_6,TBX19,0,-0.008231,0.1707
TBX1_1,TBX1,0,0.003234,0.1593
TBX1_2,TBX1,0,-0.1705,0.6087
TBX1_3,TBX1,0,0.003545,0.299
TBX1_4,TBX1,0,-0.01768,0.2345
TBX1_5,TBX1,0,-0.003628,0.1321
TBX1_6,TBX1,0,-0.01399,0.1254
TBX20_1,TBX20,0,-0.01158,0.1904
TBX20_2,TBX20,0,-0.00803,0.1594
TBX20_3,TBX20,0,-0.01699,0.1895
TBX20_4,TBX20,0,-0.007189,0.1812
TBX20_5,TBX20,0,0.007005,0.16
TBX20_6,TBX20,0,-0.004693,0.1192
TBX21_1,TBX21,0,-0.01853,0.3243
TBX21_2,TBX21,0,-0.007687,0.1354
TBX21_3,TBX21,0,-0.01503,0.2234
TBX21_4,TBX21,0,-0.01315,0.1883
TBX21_5,TBX21,0,-0.01299,0.247
TBX21_6,TBX21,0,-0.01079,0.1038
TBX22_1,TBX22,0,-0.01754,0.1444
TBX22_2,TBX22,0,-0.01751,0.1954
TBX22_3,TBX22,0,-0.00149,0.1125
TBX22_4,TBX22,0,-0.03281,0.3579
TBX22_5,TBX22,0,-0.005271,0.1594
TBX22_6,TBX22,0,0.008448,0.1323
TBX2_1,TBX2,0,-0.01997,0.3337
TBX2_2,TBX2,0,-0.06617,0.3468
TBX2_3,TBX2,0,-0.02075,0.3882
TBX2_4,TBX2,0,-0.01002,0.1498
TBX2_5,TBX2,0,-0.02795,0.233
TBX2_6,TBX2,0,0.005583,0.1998
TBX3_1,TBX3,0,-0.009105,0.2389
TBX3_2,TBX3,0,-0.03,0.281
TBX3_3,TBX3,0,0.003385,0.2587
TBX3_4,TBX3,0,-0.006945,0.1628
TBX3_5,TBX3,0,-0.009131,0.1261
TBX3_6,TBX3,0,-0.005468,0.1304
TBX4_P1_1,TBX4,0,-0.008352,0.1909
TBX4_P1_2,TBX4,0,-7.495e-05,0.1576
TBX4_P1_3,TBX4,0,-0.009182,0.1387
TBX4_P1_4,TBX4,0,-0.001901,0.1535
TBX4_P1_5,TBX4,0,-0.006564,0.177
TBX4_P1_6,TBX4,0,0.004665,0.1883
TBX4_P2_2,TBX4,0,0.0006713,0.1566
TBX4_P2_3,TBX4,0,-0.01211,0.1745
TBX4_P2_4,TBX4,0,-0.005258,0.1357
TBX4_P2_5,TBX4,0,-0.01068,0.1334
TBX4_P2_6,TBX4,0,-0.009455,0.1826
TBX5_P1_1,TBX5,0,0.001297,0.1504
TBX5_P1_2,TBX5,0,-0.009826,0.154
TBX5_P1_3,TBX5,0,-0.01954,0.2217
TBX5_P1_4,TBX5,0,0.002855,0.1654
TBX5_P1_5,TBX5,0,-0.002865,0.08219
TBX5_P1_6,TBX5,0,-0.002726,0.06473
TBX5_P2_1,TBX5,0,-0.02053,0.1735
TBX5_P2_2,TBX5,0,-0.002959,0.153
TBX5_P2_3,TBX5,0,-0.02066,0.1979
TBX5_P2_4,TBX5,0,0.01289,0.3689
TBX5_P2_5,TBX5,0,-0.01458,0.1534
TBX5_P2_6,TBX5,0,-0.02412,0.175
TBX6_1,TBX6,0,-0.007982,0.2624
TBX6_2,TBX6,0,-0.02447,0.205
TBX6_3,TBX6,0,0.009879,0.1614
TBX6_4,TBX6,0,-0.002846,0.2439
TBX6_5,TBX6,0,-0.004309,0.1397
TBX6_6,TBX6,0,-0.01256,0.1818
TCEB1_1,TCEB1,0,-0.009802,0.2097
TCEB1_2,TCEB1,0,-0.006555,0.3272
TCEB1_3,TCEB1,0,-0.2231,0.6092
TCEB1_4,TCEB1,0,-0.002504,0.232
TCEB1_5,TCEB1,0,-0.03318,0.248
TCEB1_6,TCEB1,0,-0.004162,0.07879
TCEB2_1,TCEB2,0,-0.00585,0.1639
TCEB2_2,TCEB2,0,0.0194,0.3851
TCEB2_3,TCEB2,0,-0.005289,0.226
TCEB2_4,TCEB2,0,-0.01162,0.1708
TCEB2_5,TCEB2,0,0.002479,0.07637
TCEB2_6,TCEB2,0,-0.006536,0.07865
TCEB3_1,TCEB3,0,-0.0178,0.3069
TCEB3_2,TCEB3,0,-0.0009744,0.1128
TCEB3_3,TCEB3,0,-0.002399,0.1899
TCEB3_4,TCEB3,0,-0.002632,0.125
TCEB3_5,TCEB3,0,-0.005734,0.1193
TCEB3_6,TCEB3,0,0.0063,0.1278
TCERG1_1,TCERG1,0,-0.00825,0.1828
TCERG1_2,TCERG1,0,-0.01299,0.2253
TCERG1_3,TCERG1,0,-0.004774,0.1088
TCERG1_4,TCERG1,0,0.001352,0.15
TCERG1_5,TCERG1,0,-0.01747,0.1225
TCERG1_6,TCERG1,0,0.00373,0.09956
TCF12_P1_1,TCF12,0,-0.002258,0.1645
TCF12_P1_2,TCF12,0,-0.02894,0.1553
TCF12_P1_3,TCF12,0,-0.005353,0.2373
TCF12_P1_4,TCF12,0,0.001832,0.1081
TCF12_P1_5,TCF12,0,-0.01679,0.2316
TCF12_P1_6,TCF12,0,-0.001796,0.1283
TCF12_P2_1,TCF12,0,0.005938,0.1802
TCF12_P2_2,TCF12,0,-0.02084,0.159
TCF12_P2_3,TCF12,0,-0.03788,0.4251
TCF12_P2_4,TCF12,0,-0.01068,0.2366
TCF12_P2_5,TCF12,0,0.001347,0.1347
TCF12_P2_6,TCF12,0,-0.007886,0.1649
TCF15_1,TCF15,0,-0.00507,0.2041
TCF15_2,TCF15,0,-0.01194,0.1782
TCF15_3,TCF15,0,-0.04046,0.3015
TCF15_4,TCF15,0,-0.01012,0.1784
TCF15_5,TCF15,0,-0.01186,0.1221
TCF15_6,TCF15,0,-0.01512,0.09889
TCF19_P1_1,TCF19,0,-0.0176,0.1983
TCF19_P1_2,TCF19,0,-0.02266,0.3781
TCF19_P1_3,TCF19,0,-0.006168,0.1672
TCF19_P1_4,TCF19,0,0.007203,0.1671
TCF19_P1_5,TCF19,0,-0.004942,0.07119
TCF19_P1_6,TCF19,0,-0.005684,0.1566
TCF19_P2_1,TCF19,0,-0.005975,0.1154
TCF19_P2_2,TCF19,0,-0.005344,0.2014
TCF19_P2_3,TCF19,0,0.002049,0.1966
TCF19_P2_4,TCF19,0,-0.01926,0.2376
TCF19_P2_5,TCF19,0,-0.0178,0.1414
TCF19_P2_6,TCF19,0,-0.01878,0.1769
TCF20_1,TCF20,0,-0.0004695,0.1808
TCF20_2,TCF20,0,0.003228,0.1521
TCF20_3,TCF20,0,-0.0006275,0.3175
TCF20_4,TCF20,0,-0.08054,0.5998
TCF20_5,TCF20,0,0.005407,0.1405
TCF20_6,TCF20,0,0.0002721,0.1027
TCF21_1,TCF21,0,-0.007596,0.1969
TCF21_2,TCF21,0,-0.01572,0.2071
TCF21_3,TCF21,0,0.004464,0.247
TCF21_4,TCF21,0,-0.01784,0.1855
TCF21_5,TCF21,0,-0.004176,0.1536
TCF21_6,TCF21,0,0.006825,0.07913
TCF23_1,TCF23,0,-0.00209,0.2191
TCF23_2,TCF23,0,-0.01359,0.1749
TCF23_3,TCF23,0,0.002152,0.2153
TCF23_4,TCF23,0,0.002924,0.147
TCF23_5,TCF23,0,0.004694,0.1663
TCF23_6,TCF23,0,0.003838,0.126
TCF24_1,TCF24,0,-0.01059,0.2442
TCF24_2,TCF24,0,-0.01378,0.1604
TCF24_3,TCF24,0,-0.01438,0.242
TCF24_4,TCF24,0,-0.1577,0.5583
TCF24_5,TCF24,0,-0.01121,0.1476
TCF24_6,TCF24,0,0.01146,0.1802
TCF25_1,TCF25,0,0.005664,0.2312
TCF25_3,TCF25,0,-0.01027,0.1025
TCF25_4,TCF25,0,-0.01181,0.1609
TCF25_5,TCF25,0,-0.02097,0.1651
TCF25_6,TCF25,0,-0.001634,0.1027
TCF3_1,TCF3,0,-0.002543,0.09597
TCF3_2,TCF3,0,-0.009376,0.2137
TCF3_3,TCF3,0,-0.007827,0.1485
TCF3_4,TCF3,0,0.00559,0.1771
TCF3_5,TCF3,0,-0.01289,0.19
TCF3_6,TCF3,0,-0.003715,0.1183
TCF4_1,TCF4,0,-0.006325,0.155
TCF4_2,TCF4,0,-0.01179,0.1201
TCF4_3,TCF4,0,0.004118,0.1461
TCF4_4,TCF4,0,-0.03344,0.2912
TCF4_5,TCF4,0,-0.001106,0.1437
TCF4_6,TCF4,0,-0.008469,0.228
TCF7L1_1,TCF7L1,0,-0.02454,0.1914
TCF7L1_2,TCF7L1,0,-0.01226,0.1287
TCF7L1_3,TCF7L1,0,-0.03451,0.4435
TCF7L1_4,TCF7L1,0,-0.01958,0.2142
TCF7L1_5,TCF7L1,0,0.005709,0.07844
TCF7L1_6,TCF7L1,0,0.008313,0.1299
TCF7L2_1,TCF7L2,0,-0.01316,0.1304
TCF7L2_2,TCF7L2,0,-0.01981,0.1669
TCF7L2_3,TCF7L2,0,-0.02763,0.4167
TCF7L2_4,TCF7L2,0,0.009112,0.1964
TCF7L2_5,TCF7L2,0,0.004667,0.0725
TCF7L2_6,TCF7L2,0,-0.02105,0.1219
TCF7_1,TCF7,0,0.01931,0.1829
TCF7_2,TCF7,0,0.01214,0.1336
TCF7_3,TCF7,0,-0.00136,0.1128
TCF7_4,TCF7,0,-0.04747,0.3571
TCF7_5,TCF7,0,-0.02231,0.1282
TCF7_6,TCF7,0,-0.02339,0.231
TCFL5_1,TCFL5,0,-0.009573,0.1407
TCFL5_2,TCFL5,0,-0.01704,0.2667
TCFL5_3,TCFL5,0,-0.03453,0.3548
TCFL5_4,TCFL5,0,-0.01956,0.3173
TCFL5_5,TCFL5,0,0.008664,0.09357
TCFL5_6,TCFL5,0,-0.002093,0.1324
TEAD1_1,TEAD1,0,-0.003841,0.2108
TEAD1_2,TEAD1,0,-0.0221,0.2157
TEAD1_3,TEAD1,0,-0.03556,0.3153
TEAD1_4,TEAD1,0,-0.007633,0.1251
TEAD1_5,TEAD1,0,-0.01213,0.1124
TEAD1_6,TEAD1,0,0.002916,0.1422
TEAD2_1,TEAD2,0,-0.02832,0.2696
TEAD2_2,TEAD2,0,0.003725,0.1548
TEAD2_3,TEAD2,0,-0.005422,0.245
TEAD2_4,TEAD2,0,-0.04631,0.3324
TEAD2_5,TEAD2,0,-0.01685,0.23
TEAD2_6,TEAD2,0,-0.004235,0.1778
TEAD3_1,TEAD3,0,-0.0376,0.362
TEAD3_2,TEAD3,0,0.007221,0.1676
TEAD3_3,TEAD3,0,-0.0006912,0.1883
TEAD3_4,TEAD3,0,-0.04195,0.4085
TEAD3_5,TEAD3,0,-0.01206,0.1971
TEAD3_6,TEAD3,0,-0.0205,0.2318
TEAD4_1,TEAD4,0,-0.02134,0.2771
TEAD4_2,TEAD4,0,-0.000291,0.1898
TEAD4_3,TEAD4,0,-0.006347,0.1994
TEAD4_4,TEAD4,0,0.007776,0.2485
TEAD4_5,TEAD4,0,0.005115,0.1405
TEAD4_6,TEAD4,0,-0.01035,0.1762
TEF_P1_1,TEF,0,-0.003831,0.1539
TEF_P1_2,TEF,0,-0.008401,0.2008
TEF_P1_3,TEF,0,-0.0176,0.2323
TEF_P1_4,TEF,0,-0.0118,0.2917
TEF_P1_5,TEF,0,-0.001027,0.1677
TEF_P1_6,TEF,0,0.006829,0.1294
TEF_P2_1,TEF,0,-0.01131,0.2016
TEF_P2_2,TEF,0,-0.04624,0.3077
TEF_P2_3,TEF,0,-0.02396,0.2429
TEF_P2_4,TEF,0,0.007918,0.2458
TEF_P2_5,TEF,0,-0.003403,0.121
TEF_P2_6,TEF,0,0.002843,0.1252
TERF1_1,TERF1,0,0.0007867,0.1438
TERF1_2,TERF1,0,-0.01796,0.2279
TERF1_3,TERF1,0,0.00211,0.1125
TERF1_4,TERF1,0,-0.0213,0.2144
TERF1_5,TERF1,0,-0.0268,0.2334
TERF1_6,TERF1,0,-0.003616,0.1093
TERF2_1,TERF2,0,-0.007263,0.2277
TERF2_2,TERF2,0,0.003438,0.2327
TERF2_3,TERF2,0,0.02401,0.1778
TERF2_4,TERF2,0,-0.02861,0.2459
TERF2_5,TERF2,0,-0.005107,0.097
TERF2_6,TERF2,0,-0.001477,0.09552
TET1_1,TET1,0,0.002901,0.1883
TET1_2,TET1,0,-0.004665,0.1518
TET1_3,TET1,0,-0.1219,0.5653
TET1_4,TET1,0,0.008328,0.2629
TET1_5,TET1,0,-0.006013,0.2746
TET1_6,TET1,0,0.005127,0.1233
TET2_1,TET2,0,-0.01891,0.1397
TET2_2,TET2,0,-0.04989,0.2448
TET2_3,TET2,0,-0.002566,0.2285
TET2_4,TET2,0,-0.02133,0.2032
TET2_5,TET2,0,-0.01066,0.1225
TET2_6,TET2,0,0.001489,0.08235
TET3_1,TET3,0,-0.00996,0.2354
TET3_2,TET3,0,-0.003426,0.1326
TET3_3,TET3,0,-0.01222,0.2109
TET3_4,TET3,0,-0.01022,0.1651
TET3_5,TET3,0,-0.0136,0.1794
TET3_6,TET3,0,-0.001725,0.1629
TFAM_1,TFAM,0,-0.2699,0.8032
TFAM_2,TFAM,1,0.01054,0.2053
TFAM_3,TFAM,1,-0.01872,0.2408
TFAM_4,TFAM,0,-0.0007101,0.294
TFAM_5,TFAM,0,0.002125,0.1676
TFAM_6,TFAM,0,-0.006314,0.09365
TFAP2A_P1_1,TFAP2A,0,-0.01756,0.2137
TFAP2A_P1_2,TFAP2A,0,-0.0006274,0.3008
TFAP2A_P1_3,TFAP2A,0,-0.006835,0.2225
TFAP2A_P1_4,TFAP2A,0,-0.01702,0.5496
TFAP2A_P1_5,TFAP2A,0,1.284e-05,0.07219
TFAP2A_P1_6,TFAP2A,0,-0.0003395,0.1308
TFAP2A_P2_1,TFAP2A,0,-0.01195,0.3271
TFAP2A_P2_2,TFAP2A,0,-0.009218,0.1267
TFAP2A_P2_3,TFAP2A,0,-0.02986,0.39
TFAP2A_P2_4,TFAP2A,0,-0.007539,0.1767
TFAP2A_P2_5,TFAP2A,0,-0.01078,0.1296
TFAP2A_P2_6,TFAP2A,0,-0.009369,0.1196
TFAP2B_1,TFAP2B,0,-0.01239,0.1952
TFAP2B_2,TFAP2B,0,-0.004237,0.306
TFAP2B_3,TFAP2B,0,-0.02475,0.2784
TFAP2B_4,TFAP2B,0,-0.0004021,0.2789
TFAP2B_5,TFAP2B,0,0.005616,0.1571
TFAP2B_6,TFAP2B,0,-0.001474,0.1911
TFAP2C_1,TFAP2C,0,-0.2561,0.6629
TFAP2C_2,TFAP2C,0,0.0002131,0.1234
TFAP2C_3,TFAP2C,0,-0.00212,0.1401
TFAP2C_4,TFAP2C,0,0.0008513,0.2061
TFAP2C_5,TFAP2C,0,-0.002219,0.09341
TFAP2C_6,TFAP2C,0,-0.001817,0.09419
TFAP2D_1,TFAP2D,0,-0.02589,0.2239
TFAP2D_2,TFAP2D,0,-0.006625,0.1823
TFAP2D_3,TFAP2D,0,-0.06542,0.3403
TFAP2D_4,TFAP2D,0,0.00296,0.1315
TFAP2D_5,TFAP2D,0,0.009603,0.1832
TFAP2D_6,TFAP2D,0,-0.002649,0.1893
TFAP2E_1,TFAP2E,0,0.02216,0.276
TFAP2E_2,TFAP2E,0,0.01475,0.1712
TFAP2E_3,TFAP2E,0,-0.01144,0.1419
TFAP2E_4,TFAP2E,0,-0.01247,0.2005
TFAP2E_5,TFAP2E,0,-0.004213,0.1177
TFAP2E_6,TFAP2E,0,-0.006936,0.1476
TFAP4_1,TFAP4,0,-0.003299,0.4798
TFAP4_2,TFAP4,0,-0.01129,0.1428
TFAP4_3,TFAP4,0,0.001387,0.12
TFAP4_4,TFAP4,0,-0.02233,0.2399
TFAP4_5,TFAP4,0,-0.01031,0.1222
TFAP4_6,TFAP4,0,-0.0004815,0.07227
TFCP2L1_1,TFCP2L1,0,-0.07019,0.6082
TFCP2L1_2,TFCP2L1,0,-0.2036,0.73
TFCP2L1_3,TFCP2L1,0,-0.0109,0.1603
TFCP2L1_4,TFCP2L1,0,-0.004878,0.215
TFCP2L1_5,TFCP2L1,0,-0.02145,0.174
TFCP2L1_6,TFCP2L1,0,-0.007463,0.1256
TFCP2_1,TFCP2,0,-0.001496,0.1874
TFCP2_2,TFCP2,0,-0.01912,0.1961
TFCP2_3,TFCP2,0,-0.01179,0.217
TFCP2_4,TFCP2,0,0.0006458,0.08339
TFCP2_5,TFCP2,0,0.006634,0.07324
TFCP2_6,TFCP2,0,-0.00642,0.1656
TFDP1_1,TFDP1,0,0.006056,0.2484
TFDP1_2,TFDP1,0,-0.04709,0.4144
TFDP1_3,TFDP1,0,-0.01852,0.2641
TFDP1_4,TFDP1,0,-0.03205,0.3259
TFDP1_5,TFDP1,0,-0.01707,0.214
TFDP1_6,TFDP1,0,-0.02009,0.2354
TFDP2_P1_1,TFDP2,0,-0.009492,0.1127
TFDP2_P1_2,TFDP2,0,-0.008874,0.1343
TFDP2_P1_3,TFDP2,0,-0.01371,0.1879
TFDP2_P1_4,TFDP2,0,-0.02261,0.1419
TFDP2_P1_5,TFDP2,0,0.002155,0.05441
TFDP2_P1_6,TFDP2,0,-0.01635,0.1333
TFDP2_P2_1,TFDP2,0,-0.03866,0.2914
TFDP2_P2_2,TFDP2,0,-0.005183,0.196
TFDP2_P2_3,TFDP2,0,-0.01989,0.4702
TFDP2_P2_4,TFDP2,0,-0.01431,0.1895
TFDP2_P2_5,TFDP2,0,-0.01569,0.1355
TFDP2_P2_6,TFDP2,0,-0.04943,0.374
TFDP3_1,TFDP3,0,-0.01704,0.1741
TFDP3_2,TFDP3,0,0.008356,0.2452
TFDP3_3,TFDP3,0,-0.01836,0.2969
TFDP3_4,TFDP3,0,-0.02496,0.2996
TFDP3_5,TFDP3,0,-0.001113,0.1738
TFDP3_6,TFDP3,0,-0.0692,0.5523
TFE3_1,TFE3,0,-0.01969,0.1431
TFE3_2,TFE3,0,-0.00552,0.2402
TFE3_3,TFE3,0,-0.02412,0.1857
TFE3_4,TFE3,0,-0.06013,0.4217
TFE3_5,TFE3,0,-0.02633,0.162
TFE3_6,TFE3,0,-3.316e-05,0.1134
TFEB_P1_1,TFEB,0,-0.006999,0.1566
TFEB_P1_2,TFEB,0,-0.007977,0.2067
TFEB_P1_3,TFEB,0,0.0004718,0.119
TFEB_P1_4,TFEB,0,0.01713,0.2298
TFEB_P1_5,TFEB,0,-0.008513,0.1615
TFEB_P1_6,TFEB,0,-0.005999,0.1555
TFEB_P2_1,TFEB,0,0.00405,0.1476
TFEB_P2_2,TFEB,0,-0.003078,0.2067
TFEB_P2_3,TFEB,0,-0.01006,0.1763
TFEB_P2_4,TFEB,0,-0.02428,0.2534
TFEB_P2_5,TFEB,0,-0.1764,0.5708
TFEB_P2_6,TFEB,0,-0.0107,0.2755
TFEC_1,TFEC,0,-0.009439,0.1883
TFEC_2,TFEC,0,-0.003944,0.1892
TFEC_3,TFEC,0,-0.0124,0.1442
TFEC_4,TFEC,0,-0.02294,0.2551
TFEC_5,TFEC,0,-0.01397,0.1234
TFEC_6,TFEC,0,-0.002744,0.1056
TFRC,TFRC,0,-0.001772,0.02751
TGFB1I1_1,TGFB1I1,0,-0.01382,0.2418
TGFB1I1_2,TGFB1I1,0,-0.01148,0.2592
TGFB1I1_3,TGFB1I1,0,-0.02419,0.2864
TGFB1I1_4,TGFB1I1,0,-0.01563,0.1774
TGFB1I1_5,TGFB1I1,0,-0.006684,0.1567
TGFB1I1_6,TGFB1I1,0,0.007161,0.1351
TGIF1_1,TGIF1,0,-0.004158,0.126
TGIF1_2,TGIF1,0,0.01097,0.1475
TGIF1_3,TGIF1,0,-0.0178,0.2149
TGIF1_4,TGIF1,0,-0.06631,0.3236
TGIF1_5,TGIF1,0,0.005485,0.1004
TGIF1_6,TGIF1,0,-0.01004,0.15
TGIF2LX_1,TGIF2LX,0,-0.01362,0.1566
TGIF2LX_2,TGIF2LX,0,0.001208,0.1452
TGIF2LX_3,TGIF2LX,0,0.00119,0.2032
TGIF2LX_4,TGIF2LX,0,-0.0193,0.2334
TGIF2LX_5|TGIF2LY_6,TGIF2LX|TGIF2LY,0,-0.00027,0.06226
TGIF2LX_6|TGIF2LY_5,TGIF2LX|TGIF2LY,0,-0.002062,0.1032
TGIF2LY_1,TGIF2LY,0,-0.01316,0.1826
TGIF2LY_2,TGIF2LY,0,-0.0005679,0.1059
TGIF2LY_3,TGIF2LY,0,-0.006413,0.1319
TGIF2LY_4,TGIF2LY,0,0.006148,0.3276
TGIF2_1,TGIF2,0,-0.02458,0.2069
TGIF2_2,TGIF2,0,-0.01905,0.1595
TGIF2_3,TGIF2,0,-0.02501,0.2308
TGIF2_4,TGIF2,0,-0.002989,0.1995
TGIF2_5,TGIF2,0,-0.01094,0.1313
TGIF2_6,TGIF2,0,-0.00568,0.1571
THAP10_1,THAP10,0,-0.003597,0.157
THAP10_2,THAP10,0,-0.0009046,0.1776
THAP10_3,THAP10,0,-0.03507,0.1903
THAP10_4,THAP10,0,-0.01967,0.2105
THAP10_5,THAP10,0,0.005903,0.1389
THAP10_6,THAP10,0,-0.0005699,0.1297
THAP11_1,THAP11,0,-0.01804,0.2184
THAP11_2,THAP11,0,-0.03404,0.4144
THAP11_3,THAP11,0,-0.06022,0.3719
THAP11_4,THAP11,0,-0.00205,0.1733
THAP11_5,THAP11,0,-0.003961,0.1414
THAP11_6,THAP11,0,-0.00258,0.0879
THAP1_1,THAP1,0,-0.05562,0.524
THAP1_2,THAP1,0,-0.009743,0.1824
THAP1_3,THAP1,0,-0.02546,0.2702
THAP1_4,THAP1,0,-0.00898,0.1828
THAP1_5,THAP1,0,0.003748,0.1194
THAP1_6,THAP1,0,-0.01019,0.1623
THAP2_P1_1,THAP2,0,0.002111,0.0994
THAP2_P1_2,THAP2,0,-0.007069,0.1308
THAP2_P1_3,THAP2,0,-0.01035,0.1751
THAP2_P1_4,THAP2,0,-0.02744,0.2429
THAP2_P1_5,THAP2,0,0.003063,0.1194
THAP2_P1_6,THAP2,0,-0.005752,0.07144
THAP2_P2_1,THAP2,0,-0.01079,0.2492
THAP2_P2_2,THAP2,0,-0.001535,0.2274
THAP2_P2_3,THAP2,0,0.001377,0.2348
THAP2_P2_4,THAP2,0,-0.006088,0.3816
THAP2_P2_5,THAP2,0,-0.008978,0.1433
THAP2_P2_6,THAP2,0,0.002156,0.1306
THAP3_1,THAP3,0,-0.02784,0.2019
THAP3_2,THAP3,0,0.00296,0.1415
THAP3_3,THAP3,0,-0.03771,0.4002
THAP3_4,THAP3,0,0.008744,0.1208
THAP3_5,THAP3,0,-0.003054,0.1315
THAP3_6,THAP3,0,-0.01148,0.1825
THAP4_1,THAP4,0,-0.2818,0.5779
THAP4_2,THAP4,0,-0.005926,0.1501
THAP4_3,THAP4,0,-0.03822,0.3159
THAP4_4,THAP4,0,-0.02422,0.222
THAP4_5,THAP4,0,-0.0003165,0.1216
THAP4_6,THAP4,0,-0.001236,0.1562
THAP5_1,THAP5,0,-0.007158,0.1453
THAP5_2,THAP5,0,-0.02497,0.2411
THAP5_3,THAP5,0,-0.01497,0.2389
THAP5_4,THAP5,0,-0.01269,0.1478
THAP5_5,THAP5,0,-0.01042,0.1248
THAP5_6,THAP5,0,0.0004818,0.1433
THAP6_1,THAP6,0,-0.004969,0.1998
THAP6_2,THAP6,0,-0.02729,0.225
THAP6_3,THAP6,0,-0.02189,0.4466
THAP6_4,THAP6,0,-0.008018,0.1404
THAP6_5,THAP6,0,0.0005175,0.2179
THAP6_6,THAP6,0,-0.002835,0.1639
THAP7_1,THAP7,0,-0.00534,0.1092
THAP7_2,THAP7,0,0.003277,0.09862
THAP7_3,THAP7,0,-0.006691,0.1695
THAP7_4,THAP7,0,-0.01213,0.188
THAP7_5,THAP7,0,-0.01036,0.1062
THAP7_6,THAP7,0,-0.03464,0.2176
THAP8_1,THAP8,0,-0.01305,0.1442
THAP8_2,THAP8,0,-0.001158,0.1904
THAP8_3,THAP8,0,0.01388,0.1996
THAP8_4,THAP8,0,-0.01419,0.162
THAP8_5,THAP8,0,-0.006088,0.1854
THAP8_6,THAP8,0,-0.03035,0.2991
THAP9_1,THAP9,0,-0.008508,0.1511
THAP9_2,THAP9,0,-0.0207,0.2776
THAP9_3,THAP9,0,-0.008957,0.2127
THAP9_4,THAP9,0,-0.0146,0.1927
THAP9_5,THAP9,0,-0.00491,0.119
THAP9_6,THAP9,0,0.000597,0.1076
THRA_1,THRA,0,-5.737e-05,0.2037
THRA_2,THRA,0,-0.001391,0.1939
THRA_3,THRA,0,-0.007343,0.2123
THRA_4,THRA,0,-0.007261,0.08857
THRA_5,THRA,0,-0.007701,0.1701
THRA_6,THRA,0,-0.0002659,0.08
THRB_1,THRB,0,-0.02772,0.2818
THRB_2,THRB,0,-0.01261,0.1415
THRB_3,THRB,0,-0.01686,0.1703
THRB_4,THRB,0,-0.01924,0.2972
THRB_5,THRB,0,-0.01512,0.1923
THRB_6,THRB,0,0.003727,0.1728
THYN1_1,THYN1,0,-0.001954,0.1909
THYN1_2,THYN1,0,-0.008054,0.2064
THYN1_3,THYN1,0,-0.04267,0.3079
THYN1_4,THYN1,0,0.006902,0.1726
THYN1_5,THYN1,0,-0.009819,0.08635
THYN1_6,THYN1,0,-0.002673,0.225
TIGD1_1,TIGD1,0,-0.0195,0.2417
TIGD1_2,TIGD1,0,-0.003592,0.1231
TIGD1_3,TIGD1,0,-0.008922,0.2099
TIGD1_4,TIGD1,0,-0.00473,0.1459
TIGD1_5,TIGD1,0,-0.01305,0.2453
TIGD1_6,TIGD1,0,-0.003941,0.1384
TIGD2_1,TIGD2,0,-0.01158,0.1978
TIGD2_2,TIGD2,0,-0.03808,0.3872
TIGD2_3,TIGD2,0,-0.0373,0.5082
TIGD2_4,TIGD2,0,-0.002107,0.1278
TIGD2_5,TIGD2,0,-0.006779,0.1131
TIGD2_6,TIGD2,0,-0.01743,0.1748
TIGD3_1,TIGD3,0,-0.0006157,0.1981
TIGD3_2,TIGD3,0,0.003116,0.1369
TIGD3_3,TIGD3,0,-0.0156,0.2736
TIGD3_4,TIGD3,0,-0.02281,0.3489
TIGD3_5,TIGD3,0,-0.008971,0.1362
TIGD3_6,TIGD3,0,-0.001063,0.1029
TIGD4_1,TIGD4,0,-0.008621,0.2609
TIGD4_2,TIGD4,0,0.01221,0.2709
TIGD4_3,TIGD4,0,-0.009045,0.1934
TIGD4_4,TIGD4,0,-0.001612,0.1711
TIGD4_5,TIGD4,0,-0.01299,0.1595
TIGD4_6,TIGD4,0,-0.007016,0.1975
TIGD5_1,TIGD5,0,-0.009537,0.1437
TIGD5_2,TIGD5,0,-0.007986,0.2212
TIGD5_3,TIGD5,0,-0.005771,0.2044
TIGD5_4,TIGD5,0,-0.01387,0.2111
TIGD5_5,TIGD5,0,0.01051,0.115
TIGD5_6,TIGD5,0,-0.00141,0.1574
TIGD6_1,TIGD6,0,0.001355,0.2119
TIGD6_2,TIGD6,0,0.0007564,0.1351
TIGD6_3,TIGD6,0,-0.01312,0.2546
TIGD6_4,TIGD6,0,-0.003252,0.2697
TIGD6_5,TIGD6,0,-0.006717,0.1791
TIGD6_6,TIGD6,0,-0.00592,0.1316
TIGD7_1,TIGD7,0,-0.008616,0.1865
TIGD7_2,TIGD7,0,0.01401,0.215
TIGD7_3,TIGD7,0,-0.01637,0.2167
TIGD7_4,TIGD7,0,0.001786,0.1551
TIGD7_5,TIGD7,0,-0.05334,0.2901
TIGD7_6,TIGD7,0,-0.001362,0.1506
TLX1_1,TLX1,0,-0.02428,0.2305
TLX1_2,TLX1,0,0.0002221,0.1883
TLX1_3,TLX1,0,-0.01029,0.1635
TLX1_4,TLX1,0,-0.005122,0.1997
TLX1_5,TLX1,0,-0.005103,0.09114
TLX1_6,TLX1,0,-0.008909,0.123
TLX2_1,TLX2,0,-0.03384,0.1949
TLX2_2,TLX2,0,-0.04225,0.2682
TLX2_3,TLX2,0,-0.05034,0.3456
TLX2_4,TLX2,0,-0.002359,0.161
TLX2_5,TLX2,0,0.009597,0.125
TLX2_6,TLX2,0,-0.02006,0.1646
TLX3_1,TLX3,0,-0.006226,0.1531
TLX3_2,TLX3,0,-0.004892,0.2528
TLX3_3,TLX3,0,0.0004291,0.148
TLX3_4,TLX3,0,-0.002796,0.1994
TLX3_5,TLX3,0,-0.002092,0.1929
TLX3_6,TLX3,0,0.0003998,0.101
TMF1_1,TMF1,0,-0.0452,0.309
TMF1_2,TMF1,0,0.005226,0.2751
TMF1_3,TMF1,0,-0.01112,0.1269
TMF1_4,TMF1,0,-0.02007,0.292
TMF1_5,TMF1,0,-0.0003407,0.112
TMF1_6,TMF1,0,-0.001195,0.1013
TNXB_1,TNXB,0,-0.01212,0.1549
TNXB_2,TNXB,0,-0.008213,0.1768
TNXB_3,TNXB,0,-0.00478,0.1246
TNXB_4,TNXB,0,0.005707,0.1403
TNXB_5,TNXB,0,-0.002791,0.1622
TNXB_6,TNXB,0,-0.02395,0.191
TOPORS_1,TOPORS,0,0.007285,0.1415
TOPORS_2,TOPORS,0,-0.006312,0.2197
TOPORS_3,TOPORS,0,0.004689,0.4159
TOPORS_4,TOPORS,0,0.002542,0.09633
TOPORS_5,TOPORS,0,-0.01614,0.1732
TOPORS_6,TOPORS,0,-0.00503,0.1391
TOX2_1,TOX2,0,-0.004735,0.1313
TOX2_2,TOX2,0,-0.02223,0.2081
TOX2_3,TOX2,0,-0.05588,0.2943
TOX2_4,TOX2,0,-0.008727,0.2656
TOX2_5,TOX2,0,-0.0007701,0.1521
TOX2_6,TOX2,0,-0.0007079,0.1497
TOX3_1,TOX3,0,-0.03413,0.2542
TOX3_2,TOX3,0,-0.02334,0.2238
TOX3_3,TOX3,0,0.006138,0.119
TOX3_4,TOX3,0,-0.01274,0.1616
TOX3_5,TOX3,0,0.0008396,0.08199
TOX3_6,TOX3,0,-0.006144,0.0951
TOX4_1,TOX4,0,-0.003895,0.2619
TOX4_2,TOX4,0,-0.04026,0.437
TOX4_3,TOX4,0,0.002609,0.2616
TOX4_4,TOX4,0,0.001448,0.192
TOX4_5,TOX4,0,-0.007606,0.1262
TOX4_6,TOX4,0,-0.002947,0.1166
TOX_1,TOX,0,-0.01635,0.192
TOX_2,TOX,0,-0.004097,0.1658
TOX_3,TOX,0,-0.005699,0.3468
TOX_4,TOX,0,-0.01818,0.2252
TOX_5,TOX,0,-0.02586,0.1885
TOX_6,TOX,0,-0.007957,0.09385
TP53BP1_P1_1,TP53BP1,0,0.002624,0.204
TP53BP1_P1_2,TP53BP1,0,-0.01202,0.1324
TP53BP1_P1_3,TP53BP1,0,-0.1295,0.5285
TP53BP1_P1_4,TP53BP1,0,-0.01503,0.2256
TP53BP1_P1_5,TP53BP1,0,-0.001514,0.09667
TP53BP1_P1_6,TP53BP1,0,-0.003723,0.1645
TP53BP1_P2_1,TP53BP1,0,-0.01619,0.1217
TP53BP1_P2_2,TP53BP1,0,-0.001648,0.2205
TP53BP1_P2_3,TP53BP1,0,-0.003082,0.09679
TP53BP1_P2_4,TP53BP1,0,-0.02036,0.1592
TP53BP1_P2_5,TP53BP1,0,0.01278,0.1613
TP53BP1_P2_6,TP53BP1,0,-0.01882,0.1868
TP53BP2_1,TP53BP2,0,-0.01926,0.133
TP53BP2_2,TP53BP2,1,-0.001987,0.2544
TP53BP2_3,TP53BP2,1,-0.008883,0.1433
TP53BP2_4,TP53BP2,0,-0.007035,0.1542
TP53BP2_5,TP53BP2,0,-0.001483,0.1071
TP53BP2_6,TP53BP2,1,0.003266,0.1235
TP53_1,TP53,0,-0.004419,0.1256
TP53_2,TP53,0,-0.04924,0.4085
TP53_3,TP53,0,-0.005691,0.3915
TP53_4,TP53,0,-0.02564,0.1941
TP53_5,TP53,0,-0.01645,0.1706
TP53_6,TP53,0,-0.001718,0.1444
TP63_1,TP63,0,0.001877,0.257
TP63_2,TP63,0,-0.01506,0.2734
TP63_3,TP63,0,-0.01084,0.2472
TP63_4,TP63,0,-0.03866,0.2446
TP63_5,TP63,0,-0.01603,0.1495
TP63_6,TP63,0,-0.01257,0.2137
TP73_1,TP73,0,0.001291,0.2536
TP73_2,TP73,0,-0.007878,0.1367
TP73_3,TP73,0,-0.01026,0.1743
TP73_4,TP73,0,-0.004318,0.3042
TP73_5,TP73,0,-0.007449,0.08321
TP73_6,TP73,0,-0.01146,0.07756
TPI1_1,TPI1,0,-0.02525,0.1961
TPI1_2,TPI1,0,-0.03711,0.2306
TPI1_3,TPI1,0,-7.712e-05,0.1725
TPI1_4,TPI1,0,-0.0008159,0.14
TPI1_5,TPI1,0,-0.0002007,0.1269
TPI1_6,TPI1,0,-8.067e-05,0.1488
TPRX1_1,TPRX1,0,-0.01415,0.1541
TPRX1_2,TPRX1,0,-0.02127,0.2114
TPRX1_3,TPRX1,0,-0.06464,0.4096
TPRX1_4,TPRX1,0,-0.04212,0.3627
TPRX1_5,TPRX1,0,-0.004976,0.1749
TPRX1_6,TPRX1,0,-0.00752,0.1607
TRAFD1_1,TRAFD1,0,0.0004194,0.1334
TRAFD1_2,TRAFD1,0,-0.008113,0.1733
TRAFD1_3,TRAFD1,0,-0.01577,0.1752
TRAFD1_4,TRAFD1,0,0.003896,0.1594
TRAFD1_5,TRAFD1,0,0.008861,0.1012
TRAFD1_6,TRAFD1,0,-0.003323,0.08964
TRERF1_1,TRERF1,0,0.006255,0.2776
TRERF1_2,TRERF1,0,-0.005151,0.1423
TRERF1_3,TRERF1,0,-0.0115,0.2741
TRERF1_4,TRERF1,0,0.006779,0.1883
TRERF1_5,TRERF1,0,0.003921,0.1211
TRERF1_6,TRERF1,0,-0.001861,0.1568
TRIM22_1,TRIM22,0,-0.004011,0.1953
TRIM22_2,TRIM22,0,-0.01329,0.1891
TRIM22_3,TRIM22,0,-0.04953,0.383
TRIM22_4,TRIM22,0,-0.07426,0.3597
TRIM22_5,TRIM22,0,-0.01064,0.1915
TRIM22_6,TRIM22,0,0.004079,0.05656
TRIM25_1,TRIM25,0,-0.01823,0.1549
TRIM25_2,TRIM25,0,0.007312,0.1317
TRIM25_3,TRIM25,0,-0.004798,0.1715
TRIM25_4,TRIM25,0,-0.03346,0.368
TRIM25_5,TRIM25,0,-0.009222,0.2376
TRIM25_6,TRIM25,0,-0.007119,0.1413
TRIM27_1,TRIM27,0,-0.009376,0.3565
TRIM27_2,TRIM27,0,-0.01706,0.2741
TRIM27_3,TRIM27,0,-0.01534,0.2682
TRIM27_4,TRIM27,0,0.001226,0.1728
TRIM27_5,TRIM27,0,-0.02343,0.1607
TRIM27_6,TRIM27,0,-0.003429,0.118
TRIM28_1,TRIM28,0,-0.001196,0.1361
TRIM28_2,TRIM28,0,-0.003222,0.2762
TRIM28_3,TRIM28,0,-0.006821,0.2095
TRIM28_4,TRIM28,0,-0.01694,0.2432
TRIM28_5,TRIM28,0,-0.006952,0.1196
TRIM28_6,TRIM28,0,0.008113,0.1067
TRIM29_P1_1,TRIM29,0,-0.016,0.3401
TRIM29_P1_2,TRIM29,0,-0.01553,0.1926
TRIM29_P1_3,TRIM29,0,-0.03557,0.3082
TRIM29_P1_4,TRIM29,0,-0.01609,0.1573
TRIM29_P1_5,TRIM29,0,-0.009523,0.1246
TRIM29_P1_6,TRIM29,0,0.01162,0.1204
TRIM29_P2_1,TRIM29,0,-9.526e-06,0.2037
TRIM29_P2_2,TRIM29,0,-0.01691,0.1685
TRIM29_P2_3,TRIM29,0,-0.01221,0.1965
TRIM29_P2_4,TRIM29,0,-0.02317,0.3938
TRIM29_P2_5,TRIM29,0,0.01148,0.2208
TRIM29_P2_6,TRIM29,0,-0.007658,0.1207
TRPS1_1,TRPS1,0,-0.0106,0.1536
TRPS1_2,TRPS1,0,-0.01189,0.2363
TRPS1_3,TRPS1,0,-0.003237,0.1401
TRPS1_4,TRPS1,0,0.0008942,0.05408
TRPS1_5,TRPS1,0,0.003386,0.1015
TRPS1_6,TRPS1,0,-0.009056,0.1103
TSC22D1_1,TSC22D1,0,-0.01007,0.1258
TSC22D1_2,TSC22D1,0,-0.03107,0.2944
TSC22D1_3,TSC22D1,0,-0.01494,0.1816
TSC22D1_4,TSC22D1,0,0.001754,0.1147
TSC22D1_5,TSC22D1,0,-0.0209,0.2282
TSC22D1_6,TSC22D1,0,-0.006813,0.1818
TSC22D2_1,TSC22D2,0,0.003672,0.1954
TSC22D2_2,TSC22D2,0,-0.007335,0.1393
TSC22D2_3,TSC22D2,0,-0.01024,0.2773
TSC22D2_4,TSC22D2,0,-0.03794,0.3082
TSC22D2_5,TSC22D2,0,-0.006669,0.1586
TSC22D2_6,TSC22D2,0,0.009197,0.08232
TSC22D3_1,TSC22D3,0,-0.01253,0.1549
TSC22D3_2,TSC22D3,0,0.007754,0.1696
TSC22D3_3,TSC22D3,0,0.001781,0.33
TSC22D3_4,TSC22D3,0,-0.003644,0.1558
TSC22D3_5,TSC22D3,0,-0.008374,0.1913
TSC22D3_6,TSC22D3,0,-0.004705,0.1176
TSC22D4_1,TSC22D4,0,-0.02837,0.283
TSC22D4_2,TSC22D4,0,-0.01482,0.2057
TSC22D4_3,TSC22D4,0,-0.0468,0.432
TSC22D4_4,TSC22D4,0,-0.01824,0.3022
TSC22D4_5,TSC22D4,0,-0.006044,0.1169
TSC22D4_6,TSC22D4,0,0.001719,0.1262
TSHZ1_1,TSHZ1,0,-0.01594,0.2537
TSHZ1_2,TSHZ1,0,-0.02036,0.2674
TSHZ1_3,TSHZ1,0,-0.01721,0.1506
TSHZ1_4,TSHZ1,0,0.006033,0.1271
TSHZ1_5,TSHZ1,0,-0.03676,0.2349
TSHZ1_6,TSHZ1,0,-0.007238,0.1185
TSHZ2_1,TSHZ2,0,-0.007061,0.1854
TSHZ2_2,TSHZ2,0,0.002459,0.1266
TSHZ2_3,TSHZ2,0,-0.02038,0.1653
TSHZ2_4,TSHZ2,0,-0.02295,0.2614
TSHZ2_5,TSHZ2,0,-0.01023,0.2153
TSHZ2_6,TSHZ2,0,-0.01653,0.1651
TSHZ3_1,TSHZ3,0,0.005265,0.1626
TSHZ3_2,TSHZ3,0,-0.007688,0.2278
TSHZ3_3,TSHZ3,0,-0.02132,0.213
TSHZ3_4,TSHZ3,0,-0.01561,0.1739
TSHZ3_5,TSHZ3,0,-0.008871,0.1187
TSHZ3_6,TSHZ3,0,0.009896,0.2531
TTF1_1,TTF1,0,-0.04194,0.278
TTF1_2,TTF1,0,-0.01917,0.2364
TTF1_3,TTF1,0,-0.01038,0.1402
TTF1_4,TTF1,0,-7.385e-05,0.127
TTF1_5,TTF1,0,0.003958,0.0925
TTF1_6,TTF1,0,-0.008263,0.1039
TUB_1,TUB,0,-0.008228,0.2035
TUB_2,TUB,0,-0.04115,0.2887
TUB_3,TUB,0,-0.01381,0.1891
TUB_4,TUB,0,-0.01487,0.193
TUB_5,TUB,0,-0.003492,0.07585
TUB_6,TUB,0,0.01285,0.1296
TULP1_1,TULP1,0,-0.01884,0.3235
TULP1_2,TULP1,0,-0.007746,0.1766
TULP1_3,TULP1,0,-0.008585,0.1997
TULP1_4,TULP1,0,0.001152,0.2087
TULP1_5,TULP1,0,-0.007739,0.2093
TULP1_6,TULP1,0,0.005153,0.1013
TULP2_1,TULP2,0,-0.006908,0.1636
TULP2_2,TULP2,0,-0.02153,0.3217
TULP2_3,TULP2,0,-0.02642,0.2613
TULP2_4,TULP2,0,-0.01339,0.1864
TULP2_5,TULP2,0,-0.02035,0.2792
TULP2_6,TULP2,0,-0.001531,0.1394
TULP3_P1_1,TULP3,0,-0.004345,0.1563
TULP3_P1_2,TULP3,0,-0.01227,0.3129
TULP3_P1_3,TULP3,0,-0.005574,0.2908
TULP3_P1_4,TULP3,0,-0.007233,0.1636
TULP3_P1_5,TULP3,0,0.003404,0.1624
TULP3_P1_6,TULP3,0,-0.01058,0.1262
TULP3_P2_1,TULP3,0,-0.000996,0.1959
TULP3_P2_2,TULP3,0,-0.01652,0.1703
TULP3_P2_3,TULP3,0,-0.008658,0.2136
TULP3_P2_4,TULP3,0,0.007204,0.1475
TULP3_P2_5,TULP3,0,-0.009098,0.15
TULP3_P2_6,TULP3,0,-0.001843,0.1273
TULP4_1,TULP4,0,-0.01962,0.2201
TULP4_2,TULP4,0,-0.0006776,0.2703
TULP4_3,TULP4,0,-0.01294,0.2228
TULP4_4,TULP4,0,-0.06026,0.3159
TULP4_5,TULP4,0,0.002229,0.07319
TULP4_6,TULP4,0,-0.009028,0.1136
TWIST1_1,TWIST1,0,-0.007171,0.09671
TWIST1_2,TWIST1,0,-0.03331,0.2599
TWIST1_3,TWIST1,0,-0.008043,0.2613
TWIST1_4,TWIST1,0,-0.03157,0.2247
TWIST1_5,TWIST1,0,-0.002356,0.1255
TWIST1_6,TWIST1,0,-0.009045,0.1756
TWIST2_1,TWIST2,0,8.531e-05,0.212
TWIST2_2,TWIST2,0,0.004106,0.141
TWIST2_4,TWIST2,0,-0.006326,0.09247
TWIST2_5,TWIST2,0,-0.005869,0.1161
TWIST2_6,TWIST2,0,-0.006203,0.137
T_1,T,0,-0.02572,0.1833
T_2,T,0,0.002511,0.1246
T_3,T,0,-0.02198,0.2847
T_4,T,0,-0.01675,0.2967
T_5,T,0,-0.005226,0.1324
T_6,T,0,-0.009878,0.0789
UBN1_1,UBN1,0,-0.00972,0.1863
UBN1_2,UBN1,0,0.0006621,0.1658
UBN1_3,UBN1,0,-0.005218,0.1301
UBN1_4,UBN1,0,-0.009541,0.349
UBN1_5,UBN1,0,0.003732,0.1133
UBN1_6,UBN1,0,-0.007054,0.1237
UBP1_1,UBP1,0,-0.0004662,0.1459
UBP1_2,UBP1,0,-0.01025,0.1971
UBP1_3,UBP1,0,-0.06558,0.345
UBP1_4,UBP1,0,-0.04683,0.4135
UBP1_5,UBP1,0,-0.01157,0.233
UBP1_6,UBP1,0,0.001991,0.1065
UBTF_1,UBTF,0,-0.0288,0.273
UBTF_2,UBTF,0,-0.01532,0.1586
UBTF_3,UBTF,0,-0.009766,0.2542
UBTF_4,UBTF,0,-0.08349,0.4022
UBTF_5,UBTF,0,-0.002412,0.07951
UBTF_6,UBTF,0,-0.005695,0.1341
UNCX_1,UNCX,0,-0.03121,0.305
UNCX_2,UNCX,0,-0.01368,0.1888
UNCX_3,UNCX,0,-0.006437,0.1971
UNCX_4,UNCX,0,-0.005249,0.136
UNCX_5,UNCX,0,-0.005442,0.08656
UNCX_6,UNCX,0,-0.01032,0.1098
UNKL_1,UNKL,0,-0.02523,0.1873
UNKL_2,UNKL,0,-0.008427,0.3266
UNKL_3,UNKL,0,-0.09862,0.5128
UNKL_4,UNKL,0,-0.0049,0.2103
UNKL_5,UNKL,0,-0.003633,0.04636
UNKL_6,UNKL,0,-0.001693,0.1092
USF1_1,USF1,0,0.002997,0.1776
USF1_2,USF1,0,-0.005714,0.1248
USF1_3,USF1,0,-0.1549,0.6237
USF1_4,USF1,0,-0.05071,0.3241
USF1_5,USF1,0,-0.001472,0.2154
USF1_6,USF1,0,-0.001663,0.1488
USF2_1,USF2,0,0.0007939,0.1431
USF2_2,USF2,0,0.005424,0.1948
USF2_3,USF2,0,-0.002949,0.1251
USF2_4,USF2,0,-0.0303,0.3805
USF2_5,USF2,0,0.01096,0.1299
USF2_6,USF2,0,-0.006078,0.09497
VAV1_1,VAV1,0,-0.007259,0.1984
VAV1_2,VAV1,0,0.01266,0.2805
VAV1_3,VAV1,0,-0.02126,0.4148
VAV1_4,VAV1,0,-0.007722,0.2191
VAV1_5,VAV1,0,-0.001133,0.1711
VAV1_6,VAV1,0,-0.03545,0.4403
VAX1_1,VAX1,0,-0.02161,0.2083
VAX1_2,VAX1,0,-0.01722,0.1528
VAX1_3,VAX1,0,0.00212,0.2021
VAX1_4,VAX1,0,0.01326,0.1794
VAX1_5,VAX1,0,0.0005034,0.09202
VAX1_6,VAX1,0,-0.01039,0.1739
VAX2_1,VAX2,0,-0.01045,0.1572
VAX2_2,VAX2,0,0.008515,0.1982
VAX2_3,VAX2,0,-0.008869,0.2122
VAX2_4,VAX2,0,-0.04024,0.2729
VAX2_5,VAX2,0,-0.005422,0.1866
VAX2_6,VAX2,0,-0.0042,0.1116
VDR_1,VDR,0,-0.007714,0.1126
VDR_2,VDR,0,-0.0163,0.3621
VDR_3,VDR,0,-0.07286,0.5841
VDR_4,VDR,0,-0.04417,0.2916
VDR_5,VDR,0,-0.004111,0.1342
VDR_6,VDR,0,0.001902,0.07578
VENTX_1,VENTX,0,-0.006901,0.1677
VENTX_2,VENTX,0,-0.01408,0.2798
VENTX_3,VENTX,0,-0.02362,0.3109
VENTX_4,VENTX,0,-0.00673,0.136
VENTX_5,VENTX,0,-0.03086,0.26
VENTX_6,VENTX,0,-0.0009424,0.1726
VEZF1_1,VEZF1,1,0.0005617,0.1537
VEZF1_2,VEZF1,0,0.002072,0.1511
VEZF1_3,VEZF1,1,0.003467,0.08068
VEZF1_4,VEZF1,0,0.00614,0.123
VEZF1_5,VEZF1,0,-0.006516,0.1022
VEZF1_6,VEZF1,0,0.009888,0.0928
VPS72_1,VPS72,0,-0.2536,0.7812
VPS72_2,VPS72,1,-0.3852,0.5083
VPS72_3,VPS72,0,-0.02214,0.1611
VPS72_4,VPS72,1,-0.0251,0.1908
VPS72_5,VPS72,1,-0.04663,0.127
VPS72_6,VPS72,1,-0.02164,0.1375
VSX1_1,VSX1,0,-0.06279,0.3648
VSX1_2,VSX1,0,-0.04307,0.3317
VSX1_3,VSX1,0,-0.033,0.2988
VSX1_4,VSX1,0,-0.0438,0.2922
VSX1_5,VSX1,0,-0.009057,0.123
VSX1_6,VSX1,0,0.01023,0.1691
VSX2_1,VSX2,0,-0.02092,0.2374
VSX2_2,VSX2,0,-0.008202,0.2479
VSX2_3,VSX2,0,-0.0343,0.3016
VSX2_4,VSX2,0,-0.01671,0.2022
VSX2_5,VSX2,0,-0.009845,0.1833
VSX2_6,VSX2,0,-0.01472,0.2196
VTN_1|SEBOX_1,VTN|SEBOX,0,-0.0002292,0.1052
VTN_2|SEBOX_2,VTN|SEBOX,0,0.004808,0.1276
VTN_3|SEBOX_3,VTN|SEBOX,0,-0.006648,0.1262
VTN_4|SEBOX_4,VTN|SEBOX,0,0.003517,0.1449
VTN_5|SEBOX_5,VTN|SEBOX,0,-0.002934,0.1296
VTN_6|SEBOX_6,VTN|SEBOX,0,-0.01433,0.1152
WDHD1_1,WDHD1,0,-0.01353,0.2492
WDHD1_2,WDHD1,0,-0.03457,0.3828
WDHD1_3,WDHD1,0,-0.03116,0.2749
WDHD1_4,WDHD1,0,-0.04819,0.2703
WDHD1_5,WDHD1,0,2.033e-06,0.1353
WDHD1_6,WDHD1,0,-0.002723,0.172
WDR82_1,WDR82,0,-0.006377,0.2109
WDR82_2,WDR82,0,-0.02983,0.2728
WDR82_3,WDR82,0,-0.02324,0.3129
WDR82_4,WDR82,0,-0.003859,0.2195
WDR82_5,WDR82,0,-0.002189,0.07301
WDR82_6,WDR82,0,-0.007636,0.1598
WHSC1_1,WHSC1,0,-0.0268,0.2255
WHSC1_2,WHSC1,0,-0.01858,0.1442
WHSC1_3,WHSC1,0,-0.03118,0.6049
WHSC1_4,WHSC1,0,-0.008252,0.1778
WHSC1_5,WHSC1,0,0.001919,0.172
WHSC1_6,WHSC1,0,-0.01165,0.203
WIZ_1,WIZ,0,0.0004075,0.1977
WIZ_2,WIZ,0,-0.002083,0.1098
WIZ_3,WIZ,0,-0.00731,0.272
WIZ_4,WIZ,0,-0.0184,0.3427
WIZ_5,WIZ,0,-0.002809,0.08728
WIZ_6,WIZ,0,-0.001554,0.1344
WNK1_1,WNK1,0,-0.01833,0.2415
WNK1_2,WNK1,0,-0.004627,0.2959
WNK1_3,WNK1,0,0.003788,0.1395
WNK1_4,WNK1,0,-0.06092,0.3361
WNK1_5,WNK1,0,-0.01281,0.1043
WNK1_6,WNK1,0,0.006698,0.1342
WT1_1,WT1,0,-0.01967,0.1979
WT1_2,WT1,0,-0.01667,0.1841
WT1_3,WT1,0,-0.007376,0.1873
WT1_4,WT1,0,-0.1671,0.5636
WT1_5,WT1,0,-0.003881,0.1315
WT1_6,WT1,0,-0.002273,0.1595
XBP1_1,XBP1,0,0.004699,0.2855
XBP1_2,XBP1,0,-0.001929,0.1544
XBP1_3,XBP1,0,-0.002694,0.1969
XBP1_4,XBP1,0,-0.04306,0.2608
XBP1_5,XBP1,0,-0.003858,0.1042
XBP1_6,XBP1,0,-0.01053,0.1555
XPA_1,XPA,0,0.002881,0.1456
XPA_2,XPA,0,0.006356,0.2123
XPA_3,XPA,0,0.001889,0.2
XPA_4,XPA,0,-0.004135,0.3634
XPA_5,XPA,0,-0.006413,0.2228
XPA_6,XPA,0,-0.0175,0.191
XRCC5_1,XRCC5,0,-0.02298,0.2347
XRCC5_2,XRCC5,0,-0.05424,0.616
XRCC5_3,XRCC5,0,-0.02655,0.2241
XRCC5_4,XRCC5,0,-0.2642,0.5784
XRCC5_5,XRCC5,0,0.002823,0.1633
XRCC5_6,XRCC5,0,-0.005057,0.07583
XRCC6_1,XRCC6,0,-0.3491,0.6944
XRCC6_2,XRCC6,0,-0.02924,0.2832
XRCC6_3,XRCC6,0,-0.005195,0.07418
XRCC6_4,XRCC6,0,-0.02752,0.2713
XRCC6_5,XRCC6,0,0.00101,0.1163
XRCC6_6,XRCC6,0,-0.004626,0.1057
YAF2_1,YAF2,0,0.0006472,0.1817
YAF2_2,YAF2,0,-0.04072,0.2784
YAF2_3,YAF2,0,-0.01199,0.2089
YAF2_4,YAF2,0,-0.04498,0.2892
YAF2_5,YAF2,0,-0.006716,0.1014
YAF2_6,YAF2,0,-0.006526,0.1514
YAP1_1,YAP1,0,-0.008261,0.1178
YAP1_2,YAP1,0,-0.0182,0.2763
YAP1_3,YAP1,0,-0.01075,0.1863
YAP1_4,YAP1,0,-0.01568,0.2512
YAP1_5,YAP1,0,-0.009947,0.1768
YAP1_6,YAP1,0,-0.006672,0.13
YBX1_1,YBX1,0,-0.01718,0.2513
YBX1_2,YBX1,0,-0.02873,0.2511
YBX1_3,YBX1,0,-0.01557,0.2426
YBX1_4,YBX1,0,-0.03201,0.2337
YBX1_5,YBX1,0,0.008907,0.1907
YBX1_6,YBX1,0,-0.008958,0.1002
YBX2_1,YBX2,0,0.003418,0.2407
YBX2_2,YBX2,0,-0.01417,0.1858
YBX2_3,YBX2,0,-0.01166,0.35
YBX2_4,YBX2,0,-0.1258,0.5145
YBX2_5,YBX2,0,0.009337,0.1728
YBX2_6,YBX2,0,-0.006881,0.08352
YBX3_1,YBX3,0,-0.01003,0.1385
YBX3_2,YBX3,0,-0.01162,0.207
YBX3_3,YBX3,0,-0.01735,0.299
YBX3_4,YBX3,0,0.0007885,0.2238
YBX3_5,YBX3,0,-0.003345,0.1258
YBX3_6,YBX3,0,-0.004411,0.2092
YEATS2_1,YEATS2,0,0.01742,0.2646
YEATS2_2,YEATS2,0,-0.02434,0.274
YEATS2_3,YEATS2,0,-0.03117,0.2507
YEATS2_4,YEATS2,0,-0.0105,0.1305
YEATS2_5,YEATS2,0,0.001356,0.1398
YEATS2_6,YEATS2,0,-0.0107,0.1504
YWHAE_1,YWHAE,0,0.007575,0.142
YWHAE_2,YWHAE,0,-0.005051,0.09397
YWHAE_3,YWHAE,0,-0.006908,0.1959
YWHAE_4,YWHAE,0,-0.002124,0.1378
YWHAE_5,YWHAE,0,-0.01354,0.1634
YWHAE_6,YWHAE,0,-0.001851,0.1328
YWHAZ_1,YWHAZ,0,-0.0153,0.2123
YWHAZ_2,YWHAZ,0,0.004026,0.1838
YWHAZ_3,YWHAZ,0,-0.003641,0.2495
YWHAZ_4,YWHAZ,0,0.0002341,0.2373
YWHAZ_5,YWHAZ,0,-0.01453,0.1277
YWHAZ_6,YWHAZ,0,-0.0202,0.1768
YY1_1,YY1,0,-0.01406,0.1644
YY1_2,YY1,0,-0.01127,0.1781
YY1_3,YY1,0,-0.02673,0.2805
YY1_4,YY1,0,0.0003296,0.1648
YY1_5,YY1,0,-0.00646,0.1086
YY1_6,YY1,0,-0.003086,0.156
YY2_1,YY2,0,-0.007196,0.1547
YY2_2,YY2,0,-0.001937,0.1445
YY2_3,YY2,0,-0.01431,0.1438
YY2_4,YY2,0,-0.04947,0.4049
YY2_5,YY2,0,-0.002433,0.1067
YY2_6,YY2,0,-0.006648,0.192
ZBED1_1,ZBED1,0,-0.02065,0.1854
ZBED1_2,ZBED1,0,-0.008158,0.1595
ZBED1_3,ZBED1,0,-0.02277,0.2917
ZBED1_4,ZBED1,0,-0.03077,0.3076
ZBED1_5,ZBED1,0,-0.001319,0.101
ZBED1_6,ZBED1,0,-0.001975,0.1381
ZBED2_1,ZBED2,0,-0.003581,0.1115
ZBED2_2,ZBED2,0,-0.0187,0.2688
ZBED2_3,ZBED2,0,0.01901,0.317
ZBED2_4,ZBED2,0,-0.01157,0.1728
ZBED2_5,ZBED2,0,-0.003488,0.2025
ZBED2_6,ZBED2,0,-0.006475,0.09893
ZBED3_1,ZBED3,0,-0.0006691,0.1498
ZBED3_2,ZBED3,0,-0.008092,0.161
ZBED3_3,ZBED3,0,-0.04677,0.3648
ZBED3_4,ZBED3,0,-0.008088,0.1321
ZBED3_5,ZBED3,0,-0.01253,0.1011
ZBED3_6,ZBED3,0,-0.007923,0.1121
ZBED4_1,ZBED4,0,0.00036,0.1662
ZBED4_2,ZBED4,0,-0.002124,0.2914
ZBED4_3,ZBED4,0,0.0003685,0.2262
ZBED4_4,ZBED4,0,-0.03102,0.4601
ZBED4_5,ZBED4,0,-0.004739,0.09751
ZBED4_6,ZBED4,0,0.003975,0.202
ZBED5_1,ZBED5,0,-0.03959,0.2635
ZBED5_2,ZBED5,0,-0.01985,0.2309
ZBED5_3,ZBED5,0,0.006342,0.1195
ZBED5_4,ZBED5,0,-0.009903,0.1173
ZBED5_5,ZBED5,0,-0.003935,0.1666
ZBED5_6,ZBED5,0,-0.003584,0.1224
ZBED6_1,ZBED6,0,0.002978,0.1392
ZBED6_2,ZBED6,0,-0.002157,0.1312
ZBED6_3,ZBED6,0,0.01575,0.2793
ZBED6_4,ZBED6,0,0.00331,0.2105
ZBTB10_1,ZBTB10,0,-0.003088,0.2687
ZBTB10_2,ZBTB10,0,0.003667,0.2378
ZBTB10_3,ZBTB10,0,-0.01617,0.3033
ZBTB10_4,ZBTB10,0,-0.0195,0.2766
ZBTB10_5,ZBTB10,0,2.248e-05,0.1536
ZBTB10_6,ZBTB10,0,-0.004429,0.1443
ZBTB11_1,ZBTB11,0,-0.02415,0.2019
ZBTB11_2,ZBTB11,0,-0.0648,0.3863
ZBTB11_3,ZBTB11,0,-0.003664,0.06934
ZBTB11_4,ZBTB11,0,0.01091,0.1883
ZBTB11_5,ZBTB11,0,-0.006337,0.1358
ZBTB11_6,ZBTB11,0,-0.000463,0.06256
ZBTB12_1,ZBTB12,0,-0.009985,0.1911
ZBTB12_2,ZBTB12,0,-0.01481,0.1554
ZBTB12_3,ZBTB12,0,-0.004735,0.2427
ZBTB12_4,ZBTB12,0,-0.01983,0.1415
ZBTB12_5,ZBTB12,0,-0.0006854,0.09061
ZBTB12_6,ZBTB12,0,-0.002943,0.1893
ZBTB14_1,ZBTB14,0,-0.01303,0.1807
ZBTB14_2,ZBTB14,0,0.007643,0.234
ZBTB14_3,ZBTB14,0,-0.05455,0.312
ZBTB14_4,ZBTB14,0,-0.003399,0.142
ZBTB14_5,ZBTB14,0,-0.01221,0.1912
ZBTB14_6,ZBTB14,0,0.000959,0.1169
ZBTB16_1,ZBTB16,0,-0.02585,0.3686
ZBTB16_2,ZBTB16,0,-0.005065,0.1711
ZBTB16_3,ZBTB16,0,-0.005438,0.2152
ZBTB16_4,ZBTB16,0,-0.01572,0.2035
ZBTB16_5,ZBTB16,0,-0.01342,0.09942
ZBTB16_6,ZBTB16,0,0.0004373,0.1161
ZBTB17_2,ZBTB17,0,-0.007785,0.2067
ZBTB17_3,ZBTB17,0,-0.008794,0.1408
ZBTB17_4,ZBTB17,0,-0.02415,0.2311
ZBTB17_5,ZBTB17,0,-0.003049,0.09477
ZBTB17_6,ZBTB17,0,-0.01031,0.1141
ZBTB18_1,ZBTB18,0,-0.009761,0.1545
ZBTB18_2,ZBTB18,0,-0.0002707,0.1426
ZBTB18_3,ZBTB18,0,0.001193,0.2214
ZBTB18_4,ZBTB18,0,0.005558,0.1067
ZBTB18_5,ZBTB18,0,-0.01127,0.1314
ZBTB18_6,ZBTB18,0,-0.008087,0.1355
ZBTB1_1,ZBTB1,0,-0.003809,0.1866
ZBTB1_2,ZBTB1,0,-0.01105,0.1386
ZBTB1_3,ZBTB1,0,-0.02236,0.1945
ZBTB1_4,ZBTB1,0,-0.04898,0.4054
ZBTB1_5,ZBTB1,0,0.002947,0.1889
ZBTB1_6,ZBTB1,0,-0.0006143,0.08074
ZBTB20_P1_1,ZBTB20,0,-0.003633,0.1527
ZBTB20_P1_2,ZBTB20,0,0.0001713,0.08107
ZBTB20_P1_3,ZBTB20,0,0.0007922,0.2727
ZBTB20_P1_4,ZBTB20,0,-0.01944,0.2346
ZBTB20_P1_5,ZBTB20,0,0.009658,0.09167
ZBTB20_P1_6,ZBTB20,0,-0.009739,0.09899
ZBTB20_P2_1,ZBTB20,0,-0.008788,0.1745
ZBTB20_P2_2,ZBTB20,0,-0.03587,0.3094
ZBTB20_P2_3,ZBTB20,0,-0.0362,0.2745
ZBTB20_P2_4,ZBTB20,0,-0.01458,0.1973
ZBTB20_P2_5,ZBTB20,0,-0.008914,0.1553
ZBTB20_P2_6,ZBTB20,0,-0.006881,0.1025
ZBTB21_1,ZBTB21,0,-0.0158,0.1487
ZBTB21_2,ZBTB21,0,-0.0101,0.1752
ZBTB21_3,ZBTB21,0,-0.004806,0.2182
ZBTB21_4,ZBTB21,0,-0.01135,0.1722
ZBTB21_5,ZBTB21,0,-0.008451,0.1276
ZBTB21_6,ZBTB21,0,-0.01088,0.1623
ZBTB22_1,ZBTB22,0,-0.01548,0.2011
ZBTB22_2,ZBTB22,0,0.0001006,0.1901
ZBTB22_3,ZBTB22,0,-0.006839,0.1515
ZBTB22_4,ZBTB22,0,0.006777,0.2394
ZBTB22_5,ZBTB22,0,0.002626,0.07098
ZBTB22_6,ZBTB22,0,0.001022,0.1253
ZBTB24_1,ZBTB24,0,0.01661,0.1677
ZBTB24_2,ZBTB24,0,-0.01757,0.17
ZBTB24_3,ZBTB24,0,0.009163,0.1756
ZBTB24_4,ZBTB24,0,-0.02456,0.2867
ZBTB24_5,ZBTB24,0,-0.001246,0.1152
ZBTB24_6,ZBTB24,0,-0.01839,0.143
ZBTB25_1,ZBTB25,0,-0.02407,0.1723
ZBTB25_2,ZBTB25,0,0.001102,0.1486
ZBTB25_3,ZBTB25,0,-0.004443,0.167
ZBTB25_4,ZBTB25,0,0.003908,0.1214
ZBTB25_5,ZBTB25,0,0.001195,0.1643
ZBTB25_6,ZBTB25,0,-0.001061,0.1415
ZBTB26_1,ZBTB26,0,-0.09356,0.3852
ZBTB26_2,ZBTB26,0,-0.003746,0.1798
ZBTB26_3,ZBTB26,0,-0.009219,0.227
ZBTB26_4,ZBTB26,0,-0.04246,0.3078
ZBTB26_5,ZBTB26,0,-0.01314,0.1949
ZBTB26_6,ZBTB26,0,-0.005492,0.1279
ZBTB2_1,ZBTB2,0,-0.009378,0.176
ZBTB2_2,ZBTB2,0,-0.0141,0.1885
ZBTB2_3,ZBTB2,0,-0.07015,0.3994
ZBTB2_5,ZBTB2,0,0.003911,0.1239
ZBTB2_6,ZBTB2,0,0.00459,0.1954
ZBTB32_1,ZBTB32,0,0.004835,0.162
ZBTB32_2,ZBTB32,0,-0.003323,0.176
ZBTB32_3,ZBTB32,0,-0.02752,0.2554
ZBTB32_4,ZBTB32,0,-0.03183,0.2211
ZBTB32_5,ZBTB32,0,0.02167,0.1981
ZBTB32_6,ZBTB32,0,-0.02213,0.129
ZBTB33_1,ZBTB33,0,-0.009518,0.1746
ZBTB33_2,ZBTB33,0,0.01092,0.1824
ZBTB33_3,ZBTB33,0,-0.02769,0.2415
ZBTB33_4,ZBTB33,0,0.003712,0.1595
ZBTB33_5,ZBTB33,0,0.008249,0.1211
ZBTB33_6,ZBTB33,0,-0.01565,0.1416
ZBTB34_1,ZBTB34,0,-0.02048,0.2975
ZBTB34_2,ZBTB34,0,0.0001291,0.1987
ZBTB34_3,ZBTB34,0,-0.0289,0.299
ZBTB34_4,ZBTB34,0,-0.02058,0.2412
ZBTB34_5,ZBTB34,0,-0.02109,0.1949
ZBTB34_6,ZBTB34,0,-0.01943,0.2162
ZBTB37_1,ZBTB37,0,-0.0324,0.2654
ZBTB37_2,ZBTB37,0,0.009875,0.1446
ZBTB37_3,ZBTB37,0,-0.01287,0.1997
ZBTB37_4,ZBTB37,0,-0.06295,0.3327
ZBTB37_5,ZBTB37,0,-9.716e-05,0.07401
ZBTB37_6,ZBTB37,0,-0.0282,0.2152
ZBTB38_P1_1,ZBTB38,0,-0.02105,0.232
ZBTB38_P1_2,ZBTB38,0,-0.02278,0.3141
ZBTB38_P1_3,ZBTB38,0,-0.007014,0.2376
ZBTB38_P1_4,ZBTB38,0,-0.02041,0.1766
ZBTB38_P1_5,ZBTB38,0,0.002543,0.1289
ZBTB38_P1_6,ZBTB38,0,-0.008026,0.128
ZBTB38_P2_1,ZBTB38,0,-0.004458,0.2439
ZBTB38_P2_2,ZBTB38,0,-0.0004686,0.2178
ZBTB38_P2_3,ZBTB38,0,-0.008982,0.2085
ZBTB38_P2_4,ZBTB38,0,-0.006728,0.1401
ZBTB38_P2_5,ZBTB38,0,-0.02629,0.2246
ZBTB38_P2_6,ZBTB38,0,-0.01206,0.1772
ZBTB39_1,ZBTB39,0,-0.03115,0.222
ZBTB39_2,ZBTB39,0,-0.008993,0.2103
ZBTB39_3,ZBTB39,0,0.003071,0.1569
ZBTB39_4,ZBTB39,0,0.006307,0.2161
ZBTB39_5,ZBTB39,0,-0.000614,0.1912
ZBTB39_6,ZBTB39,0,-0.002543,0.1972
ZBTB3_1,ZBTB3,0,-0.01226,0.1408
ZBTB3_2,ZBTB3,0,-0.02657,0.2197
ZBTB3_3,ZBTB3,0,0.003839,0.2138
ZBTB3_4,ZBTB3,0,0.00831,0.2103
ZBTB3_5,ZBTB3,0,-0.009114,0.1274
ZBTB3_6,ZBTB3,0,-0.009458,0.1721
ZBTB40_1,ZBTB40,0,-0.00611,0.1331
ZBTB40_2,ZBTB40,0,-0.009065,0.1657
ZBTB40_3,ZBTB40,0,-0.00753,0.1072
ZBTB40_4,ZBTB40,0,-0.003886,0.1201
ZBTB40_5,ZBTB40,0,-0.004819,0.09638
ZBTB40_6,ZBTB40,0,-0.01504,0.1144
ZBTB41_1,ZBTB41,0,-0.00656,0.1184
ZBTB41_2,ZBTB41,0,-0.001358,0.1815
ZBTB41_3,ZBTB41,0,0.009184,0.08548
ZBTB41_4,ZBTB41,0,-0.004825,0.2136
ZBTB41_5,ZBTB41,0,-0.004473,0.11
ZBTB41_6,ZBTB41,0,-0.0005241,0.0808
ZBTB42_1,ZBTB42,0,-0.007944,0.1729
ZBTB42_2,ZBTB42,0,-0.02569,0.2377
ZBTB42_3,ZBTB42,0,-0.02897,0.4
ZBTB42_4,ZBTB42,0,-0.0173,0.2212
ZBTB42_5,ZBTB42,0,-0.02635,0.1553
ZBTB42_6,ZBTB42,0,-0.005023,0.05961
ZBTB43_1,ZBTB43,0,-0.01584,0.1584
ZBTB43_2,ZBTB43,0,0.005395,0.1814
ZBTB43_3,ZBTB43,0,-0.008772,0.1578
ZBTB43_4,ZBTB43,0,-0.03077,0.2616
ZBTB43_5,ZBTB43,0,-0.02384,0.1809
ZBTB43_6,ZBTB43,0,0.001162,0.1101
ZBTB44_1,ZBTB44,0,-0.0004082,0.1591
ZBTB44_2,ZBTB44,0,0.01792,0.1765
ZBTB44_3,ZBTB44,0,-0.05242,0.2711
ZBTB44_4,ZBTB44,0,-0.001331,0.1778
ZBTB44_5,ZBTB44,0,-0.009345,0.09787
ZBTB44_6,ZBTB44,0,-0.005653,0.2023
ZBTB45_1,ZBTB45,0,-0.004653,0.1802
ZBTB45_2,ZBTB45,0,-0.01678,0.2917
ZBTB45_3,ZBTB45,0,-0.007002,0.1083
ZBTB45_4,ZBTB45,0,-0.02756,0.3188
ZBTB45_5,ZBTB45,0,-0.006213,0.08028
ZBTB45_6,ZBTB45,0,0.003259,0.09072
ZBTB46_1,ZBTB46,0,-0.03482,0.2983
ZBTB46_2,ZBTB46,0,-0.02848,0.3098
ZBTB46_3,ZBTB46,0,-0.02198,0.2409
ZBTB46_4,ZBTB46,0,-0.03392,0.415
ZBTB46_5,ZBTB46,0,-0.009386,0.156
ZBTB46_6,ZBTB46,0,-0.02831,0.1744
ZBTB47_1,ZBTB47,0,-0.01476,0.294
ZBTB47_2,ZBTB47,0,-0.002787,0.2071
ZBTB47_3,ZBTB47,0,-0.01256,0.2305
ZBTB47_4,ZBTB47,0,-0.03605,0.2826
ZBTB47_5,ZBTB47,0,0.002209,0.111
ZBTB47_6,ZBTB47,0,0.007776,0.1319
ZBTB48_1,ZBTB48,0,-0.006543,0.1585
ZBTB48_2,ZBTB48,0,-0.01243,0.1621
ZBTB48_3,ZBTB48,0,-0.03276,0.2891
ZBTB48_4,ZBTB48,0,-0.03786,0.4297
ZBTB48_5,ZBTB48,0,-0.035,0.2358
ZBTB48_6,ZBTB48,0,0.002985,0.1151
ZBTB49_1,ZBTB49,0,-0.01259,0.1543
ZBTB49_2,ZBTB49,0,-0.01395,0.1795
ZBTB49_3,ZBTB49,0,-0.00856,0.1709
ZBTB49_4,ZBTB49,0,0.0007077,0.1276
ZBTB49_5,ZBTB49,0,0.0008182,0.1559
ZBTB49_6,ZBTB49,0,-0.01898,0.1996
ZBTB4_P1_1,ZBTB4,0,-0.0207,0.2194
ZBTB4_P1_2,ZBTB4,0,-0.01566,0.1595
ZBTB4_P1_3,ZBTB4,0,0.01206,0.1646
ZBTB4_P1_4,ZBTB4,0,-0.1152,0.6342
ZBTB4_P1_5,ZBTB4,0,-0.00478,0.1562
ZBTB4_P1_6,ZBTB4,0,0.001029,0.1509
ZBTB4_P2_1,ZBTB4,0,-0.05716,0.3635
ZBTB4_P2_2,ZBTB4,0,0.02665,0.3342
ZBTB4_P2_3,ZBTB4,0,-0.01071,0.2041
ZBTB4_P2_4,ZBTB4,0,-0.01456,0.2813
ZBTB4_P2_5,ZBTB4,0,0.003553,0.1224
ZBTB4_P2_6,ZBTB4,0,-0.003048,0.1773
ZBTB5_1,ZBTB5,0,0.001906,0.1931
ZBTB5_2,ZBTB5,0,-0.03304,0.2583
ZBTB5_3,ZBTB5,0,0.0003027,0.1382
ZBTB5_4,ZBTB5,0,-0.02104,0.169
ZBTB5_5,ZBTB5,0,-0.00458,0.1418
ZBTB5_6,ZBTB5,0,-0.001128,0.07368
ZBTB6_1,ZBTB6,0,-0.004177,0.1963
ZBTB6_2,ZBTB6,0,-0.0073,0.2424
ZBTB6_3,ZBTB6,0,-0.02722,0.1868
ZBTB6_4,ZBTB6,0,-0.01714,0.1827
ZBTB6_5,ZBTB6,0,0.003564,0.09379
ZBTB6_6,ZBTB6,0,0.003195,0.1488
ZBTB7A_P1_1,ZBTB7A,0,-0.02686,0.4168
ZBTB7A_P1_2,ZBTB7A,0,-0.01792,0.2621
ZBTB7A_P1_3,ZBTB7A,0,-0.01928,0.1921
ZBTB7A_P1_4,ZBTB7A,0,-0.002654,0.1416
ZBTB7A_P1_5,ZBTB7A,0,-0.01247,0.1191
ZBTB7A_P1_6,ZBTB7A,0,-0.01042,0.2069
ZBTB7A_P2_1,ZBTB7A,0,-0.01639,0.2016
ZBTB7A_P2_2,ZBTB7A,0,0.00794,0.1836
ZBTB7A_P2_3,ZBTB7A,0,-0.1035,0.4996
ZBTB7A_P2_4,ZBTB7A,0,-0.01698,0.1615
ZBTB7A_P2_5,ZBTB7A,0,-0.06008,0.3622
ZBTB7A_P2_6,ZBTB7A,0,-0.004378,0.1128
ZBTB7B_1,ZBTB7B,0,-0.009613,0.1403
ZBTB7B_2,ZBTB7B,0,-0.008893,0.2092
ZBTB7B_3,ZBTB7B,0,0.006324,0.1729
ZBTB7B_4,ZBTB7B,0,-0.02324,0.1826
ZBTB7B_5,ZBTB7B,0,-0.0008246,0.1259
ZBTB7B_6,ZBTB7B,0,-0.02117,0.2761
ZBTB7C_P1_1,ZBTB7C,0,0.0003857,0.1783
ZBTB7C_P1_2,ZBTB7C,0,-0.01928,0.2046
ZBTB7C_P1_3,ZBTB7C,0,-0.02151,0.2194
ZBTB7C_P1_4,ZBTB7C,0,-0.0006874,0.2317
ZBTB7C_P1_5,ZBTB7C,0,-0.004249,0.1713
ZBTB7C_P1_6,ZBTB7C,0,-0.006257,0.1526
ZBTB7C_P2_1,ZBTB7C,0,-0.02021,0.2172
ZBTB7C_P2_2,ZBTB7C,0,-0.002206,0.1927
ZBTB7C_P2_3,ZBTB7C,0,-0.006,0.1125
ZBTB7C_P2_4,ZBTB7C,0,-0.01273,0.1386
ZBTB7C_P2_5,ZBTB7C,0,-0.002696,0.1537
ZBTB7C_P2_6,ZBTB7C,0,-0.01144,0.1604
ZBTB8A_1,ZBTB8A,0,0.0004299,0.1081
ZBTB8A_2,ZBTB8A,0,-0.008622,0.147
ZBTB8A_3,ZBTB8A,0,0.002182,0.1038
ZBTB8A_4,ZBTB8A,0,-0.01537,0.1188
ZBTB8A_5,ZBTB8A,0,0.006439,0.1163
ZBTB8A_6,ZBTB8A,0,-0.00532,0.1064
ZBTB8B_1,ZBTB8B,0,-0.01215,0.1003
ZBTB8B_2,ZBTB8B,0,-0.04041,0.2532
ZBTB8B_3,ZBTB8B,0,-0.004998,0.08336
ZBTB8B_4,ZBTB8B,0,-0.0122,0.2351
ZBTB8B_5,ZBTB8B,0,0.002665,0.1564
ZBTB8B_6,ZBTB8B,0,0.002292,0.2173
ZBTB9_1,ZBTB9,0,0.002487,0.1508
ZBTB9_2,ZBTB9,0,-0.01653,0.1732
ZBTB9_3,ZBTB9,0,-0.004864,0.128
ZBTB9_4,ZBTB9,0,-0.006915,0.1524
ZBTB9_5,ZBTB9,0,-0.008466,0.1235
ZBTB9_6,ZBTB9,0,0.006483,0.09536
ZC3H11A_1,ZC3H11A,0,-0.0183,0.1677
ZC3H11A_2,ZC3H11A,0,-0.006439,0.1624
ZC3H11A_3,ZC3H11A,0,-0.002053,0.2786
ZC3H11A_4,ZC3H11A,0,-0.0385,0.3687
ZC3H11A_5|ZBED6_5,ZC3H11A|ZBED6,0,-0.003823,0.08703
ZC3H11A_6|ZBED6_6,ZC3H11A|ZBED6,0,-0.00177,0.06856
ZC3H15_1,ZC3H15,0,-0.005882,0.1567
ZC3H15_2,ZC3H15,0,-0.03233,0.2066
ZC3H15_3,ZC3H15,0,-0.008058,0.1627
ZC3H15_4,ZC3H15,0,0.001588,0.2658
ZC3H15_5,ZC3H15,0,-0.009053,0.1088
ZC3H15_6,ZC3H15,0,-0.004089,0.1692
ZC3H3_1,ZC3H3,1,-0.04594,0.2639
ZC3H3_2,ZC3H3,1,-0.02918,0.214
ZC3H3_3,ZC3H3,0,-0.005308,0.2026
ZC3H3_4,ZC3H3,1,-0.006847,0.2339
ZC3H3_5,ZC3H3,1,-0.001954,0.2107
ZC3H3_6,ZC3H3,0,-0.00458,0.1511
ZC3H8_3,ZC3H8,0,-0.09383,0.5207
ZC3H8_4,ZC3H8,0,-0.07625,0.421
ZC3H8_5,ZC3H8,0,-0.006956,0.1718
ZC3H8_6,ZC3H8,0,-0.1468,0.5184
ZCCHC11_1,ZCCHC11,0,-0.01742,0.2202
ZCCHC11_2,ZCCHC11,0,-0.04411,0.2656
ZCCHC11_3,ZCCHC11,0,-0.01789,0.2117
ZCCHC11_4,ZCCHC11,0,-0.08037,0.3323
ZCCHC11_5,ZCCHC11,0,0.0005484,0.1212
ZCCHC11_6,ZCCHC11,0,-0.02439,0.2006
ZCCHC6_1,ZCCHC6,0,-0.008949,0.1886
ZCCHC6_2,ZCCHC6,0,-0.00403,0.1719
ZCCHC6_3,ZCCHC6,0,-0.03364,0.2956
ZCCHC6_4,ZCCHC6,0,-0.02187,0.228
ZCCHC6_5,ZCCHC6,0,-0.003503,0.1111
ZCCHC6_6,ZCCHC6,0,-0.01933,0.1717
ZEB1_P1_1,ZEB1,0,-0.008387,0.1314
ZEB1_P1_2,ZEB1,0,-0.008582,0.1623
ZEB1_P1_3,ZEB1,0,-0.03085,0.2643
ZEB1_P1_4,ZEB1,0,0.00453,0.1864
ZEB1_P1_5,ZEB1,0,-0.00187,0.06672
ZEB1_P1_6,ZEB1,0,0.001778,0.1277
ZEB1_P2_1,ZEB1,0,-0.008952,0.1882
ZEB1_P2_2,ZEB1,0,-0.02533,0.3484
ZEB1_P2_3,ZEB1,0,-0.003382,0.1074
ZEB1_P2_4,ZEB1,0,-0.01025,0.08036
ZEB1_P2_5,ZEB1,0,-0.01469,0.2012
ZEB1_P2_6,ZEB1,0,-0.01834,0.2635
ZEB2_P1_1,ZEB2,0,-0.02007,0.2114
ZEB2_P1_2,ZEB2,0,-0.03892,0.4434
ZEB2_P1_3,ZEB2,0,-0.01718,0.3753
ZEB2_P1_4,ZEB2,0,9.224e-05,0.04873
ZEB2_P1_5,ZEB2,0,-0.001279,0.06897
ZEB2_P1_6,ZEB2,0,-0.007472,0.218
ZEB2_P2_1,ZEB2,0,-0.0128,0.2777
ZEB2_P2_2,ZEB2,0,-0.007495,0.1554
ZEB2_P2_3,ZEB2,0,-0.006949,0.2088
ZEB2_P2_4,ZEB2,0,-0.02088,0.1902
ZEB2_P2_5,ZEB2,0,-0.002788,0.1274
ZEB2_P2_6,ZEB2,0,0.006208,0.1465
ZFAT_P1_1,ZFAT,0,-0.01794,0.222
ZFAT_P1_2,ZFAT,0,-0.009636,0.1193
ZFAT_P1_3,ZFAT,0,-0.01428,0.219
ZFAT_P1_4,ZFAT,0,-0.00193,0.1379
ZFAT_P1_5,ZFAT,0,0.003337,0.1091
ZFAT_P1_6,ZFAT,0,0.0008388,0.1174
ZFAT_P2_1,ZFAT,0,-0.02139,0.1637
ZFAT_P2_2,ZFAT,0,-0.008112,0.2067
ZFAT_P2_3,ZFAT,0,-0.01369,0.2063
ZFAT_P2_4,ZFAT,0,-0.03481,0.3267
ZFAT_P2_5,ZFAT,0,-0.02308,0.2034
ZFAT_P2_6,ZFAT,0,0.003412,0.1158
ZFHX2_P1_1,ZFHX2,0,-0.01923,0.1506
ZFHX2_P1_2,ZFHX2,0,-0.06216,0.3939
ZFHX2_P1_3,ZFHX2,0,-0.01647,0.1526
ZFHX2_P1_4,ZFHX2,0,-0.007982,0.1781
ZFHX2_P1_5,ZFHX2,0,-0.00595,0.1702
ZFHX2_P1_6,ZFHX2,0,0.00854,0.1203
ZFHX2_P2_1,ZFHX2,0,0.007865,0.1196
ZFHX2_P2_2,ZFHX2,0,-0.02982,0.2217
ZFHX2_P2_3,ZFHX2,0,0.001088,0.1228
ZFHX2_P2_4,ZFHX2,0,-0.01646,0.2027
ZFHX2_P2_5,ZFHX2,0,0.009592,0.1235
ZFHX2_P2_6,ZFHX2,0,0.002357,0.08839
ZFHX3_1,ZFHX3,0,-0.002559,0.1399
ZFHX3_2,ZFHX3,0,-0.005118,0.1265
ZFHX3_3,ZFHX3,0,-0.01096,0.2989
ZFHX3_4,ZFHX3,0,0.00926,0.339
ZFHX3_5,ZFHX3,0,-0.005406,0.1177
ZFHX3_6,ZFHX3,0,-0.01024,0.1866
ZFHX4_1,ZFHX4,0,-0.0148,0.1759
ZFHX4_2,ZFHX4,0,-0.007244,0.1839
ZFHX4_3,ZFHX4,0,-0.004602,0.17
ZFHX4_4,ZFHX4,0,0.004545,0.1042
ZFHX4_5,ZFHX4,0,-0.06149,0.3902
ZFHX4_6,ZFHX4,0,0.003823,0.1664
ZFP14_1,ZFP14,0,0.0005296,0.2038
ZFP14_2,ZFP14,0,0.002356,0.1634
ZFP14_3,ZFP14,0,-0.01242,0.2968
ZFP14_4,ZFP14,0,0.001877,0.1739
ZFP14_5,ZFP14,0,-0.0002546,0.1034
ZFP14_6,ZFP14,0,-0.009221,0.09455
ZFP1_1,ZFP1,0,-0.01619,0.2709
ZFP1_2,ZFP1,0,-0.01189,0.1616
ZFP1_3,ZFP1,0,0.00457,0.1973
ZFP1_4,ZFP1,0,0.001012,0.1032
ZFP1_5,ZFP1,0,0.001026,0.15
ZFP1_6,ZFP1,0,0.004874,0.1235
ZFP28_1,ZFP28,0,-0.0004576,0.1297
ZFP28_2,ZFP28,0,-0.02735,0.2251
ZFP28_3,ZFP28,0,-0.01676,0.1519
ZFP28_4,ZFP28,0,-0.02416,0.3569
ZFP28_5,ZFP28,0,0.004887,0.2081
ZFP28_6,ZFP28,0,-0.002539,0.1361
ZFP2_1,ZFP2,0,-0.01141,0.2297
ZFP2_2,ZFP2,0,-0.006122,0.1583
ZFP2_3,ZFP2,0,-0.05631,0.404
ZFP2_4,ZFP2,0,-0.02326,0.3823
ZFP2_5,ZFP2,0,0.007057,0.1625
ZFP2_6,ZFP2,0,-0.006141,0.1202
ZFP30_1,ZFP30,0,-0.00729,0.1655
ZFP30_2,ZFP30,0,-0.006508,0.1252
ZFP30_3,ZFP30,0,-0.01138,0.1795
ZFP30_4,ZFP30,0,0.007552,0.1604
ZFP30_5,ZFP30,0,-0.02725,0.2655
ZFP30_6,ZFP30,0,-0.01047,0.1208
ZFP36L1_P1_1,ZFP36L1,0,0.002117,0.1102
ZFP36L1_P1_2,ZFP36L1,0,-0.02042,0.2061
ZFP36L1_P1_3,ZFP36L1,0,-0.0108,0.1714
ZFP36L1_P1_4,ZFP36L1,0,0.004615,0.2504
ZFP36L1_P1_5,ZFP36L1,0,-0.009441,0.2113
ZFP36L1_P1_6,ZFP36L1,0,-0.01391,0.1865
ZFP36L1_P2_1,ZFP36L1,0,-0.01698,0.159
ZFP36L1_P2_2,ZFP36L1,0,-0.0097,0.1908
ZFP36L1_P2_3,ZFP36L1,0,-0.00687,0.1698
ZFP36L1_P2_4,ZFP36L1,0,-0.01891,0.2428
ZFP36L1_P2_5,ZFP36L1,0,0.0004546,0.06676
ZFP36L1_P2_6,ZFP36L1,0,0.005259,0.3463
ZFP36L2_1,ZFP36L2,0,-0.01337,0.1717
ZFP36L2_2,ZFP36L2,0,-0.0002093,0.1416
ZFP36L2_3,ZFP36L2,0,-0.02214,0.1815
ZFP36L2_4,ZFP36L2,0,-0.1285,0.6263
ZFP36L2_5,ZFP36L2,0,-0.006065,0.09773
ZFP36L2_6,ZFP36L2,0,0.0005624,0.09128
ZFP37_1,ZFP37,0,-0.01924,0.3007
ZFP37_2,ZFP37,0,0.002887,0.2695
ZFP37_3,ZFP37,0,-0.03434,0.3049
ZFP37_4,ZFP37,0,-0.1091,0.6371
ZFP37_5,ZFP37,0,0.005938,0.1592
ZFP37_6,ZFP37,0,-0.005061,0.1131
ZFP3_1,ZFP3,0,-0.004908,0.1734
ZFP3_2,ZFP3,0,0.00172,0.1132
ZFP3_3,ZFP3,0,-0.03576,0.2688
ZFP3_4,ZFP3,0,-0.002687,0.1736
ZFP3_5,ZFP3,0,-0.01351,0.23
ZFP3_6,ZFP3,0,0.01586,0.2115
ZFP41_1,ZFP41,0,-0.02392,0.191
ZFP41_2,ZFP41,0,-0.01951,0.3177
ZFP41_3,ZFP41,0,-0.02254,0.2094
ZFP41_4,ZFP41,0,-0.006252,0.1207
ZFP41_5,ZFP41,0,-0.004862,0.1962
ZFP41_6,ZFP41,0,-0.0116,0.2321
ZFP42_P1_1,ZFP42,0,-0.01003,0.1684
ZFP42_P1_2,ZFP42,0,-0.007202,0.2445
ZFP42_P1_3,ZFP42,0,-0.004738,0.2145
ZFP42_P1_4,ZFP42,0,-0.003431,0.1609
ZFP42_P1_5,ZFP42,0,-0.02164,0.2439
ZFP42_P1_6,ZFP42,0,-0.006584,0.08497
ZFP42_P2_1,ZFP42,0,-0.0003445,0.131
ZFP42_P2_2,ZFP42,0,0.0009526,0.1216
ZFP42_P2_3,ZFP42,0,-0.0322,0.3
ZFP42_P2_4,ZFP42,0,-0.03696,0.2455
ZFP42_P2_5,ZFP42,0,0.001525,0.1279
ZFP42_P2_6,ZFP42,0,-0.009988,0.106
ZFP57_1,ZFP57,0,-0.003872,0.1863
ZFP57_2,ZFP57,0,-0.003042,0.1246
ZFP57_3,ZFP57,0,-0.0377,0.2001
ZFP57_4,ZFP57,0,-0.007372,0.2381
ZFP57_5,ZFP57,0,-0.03031,0.1654
ZFP57_6,ZFP57,0,-0.004528,0.04695
ZFP62_1,ZFP62,0,0.004834,0.1369
ZFP62_2,ZFP62,0,-0.01117,0.22
ZFP62_3,ZFP62,0,0.003014,0.2936
ZFP62_4,ZFP62,0,-0.01022,0.231
ZFP62_5,ZFP62,0,-0.006921,0.1335
ZFP62_6,ZFP62,0,-0.0004226,0.05167
ZFP64_1,ZFP64,0,-0.005406,0.1415
ZFP64_2,ZFP64,0,-0.01131,0.1623
ZFP64_3,ZFP64,0,-0.01204,0.1988
ZFP64_4,ZFP64,0,-0.005919,0.1525
ZFP64_5,ZFP64,0,-0.02522,0.1757
ZFP64_6,ZFP64,0,-0.00744,0.1764
ZFP69B_1,ZFP69B,0,-0.0403,0.3983
ZFP69B_2,ZFP69B,0,-0.01562,0.2063
ZFP69B_3,ZFP69B,0,-0.02423,0.2292
ZFP69B_4,ZFP69B,0,0.007365,0.1734
ZFP69B_5,ZFP69B,0,-0.00901,0.2472
ZFP69B_6,ZFP69B,0,-0.01269,0.09386
ZFP69_1,ZFP69,0,-0.0188,0.1597
ZFP69_2,ZFP69,0,-0.03698,0.2202
ZFP69_3,ZFP69,0,0.008328,0.1248
ZFP69_4,ZFP69,0,-0.03623,0.2165
ZFP69_5,ZFP69,0,-0.0202,0.18
ZFP69_6,ZFP69,0,-0.00463,0.1176
ZFP82_1,ZFP82,0,-0.008772,0.1788
ZFP82_2,ZFP82,0,-0.008634,0.146
ZFP82_3,ZFP82,0,-0.05587,0.3791
ZFP82_4,ZFP82,0,-0.005162,0.2062
ZFP82_5,ZFP82,0,0.002671,0.08175
ZFP82_6,ZFP82,0,-0.004681,0.0755
ZFP90_P1_1,ZFP90,0,0.0191,0.2164
ZFP90_P1_2,ZFP90,0,-0.02311,0.1892
ZFP90_P1_3,ZFP90,0,0.0002174,0.1378
ZFP90_P1_4,ZFP90,0,-0.005214,0.1386
ZFP90_P1_5,ZFP90,0,0.005127,0.1015
ZFP90_P1_6,ZFP90,0,-0.01574,0.1261
ZFP90_P2_1,ZFP90,0,-0.01874,0.2231
ZFP90_P2_2,ZFP90,0,0.006501,0.1464
ZFP90_P2_3,ZFP90,0,-0.02023,0.2411
ZFP90_P2_4,ZFP90,0,-0.0187,0.26
ZFP90_P2_5,ZFP90,0,-0.01713,0.2608
ZFP90_P2_6,ZFP90,0,0.002411,0.1044
ZFP91_1,ZFP91,0,-0.008009,0.168
ZFP91_2,ZFP91,0,-0.003742,0.2801
ZFP91_3,ZFP91,0,-0.03364,0.447
ZFP91_4,ZFP91,0,-0.001219,0.2225
ZFP91_5,ZFP91,0,-0.02318,0.1884
ZFP91_6,ZFP91,0,-0.004276,0.1037
ZFP92_1,ZFP92,0,-0.006914,0.1407
ZFP92_2,ZFP92,0,-0.007702,0.1282
ZFP92_3,ZFP92,0,-0.01079,0.1996
ZFP92_4,ZFP92,0,-0.02632,0.1611
ZFP92_5,ZFP92,0,-0.01094,0.1256
ZFP92_6,ZFP92,0,0.002236,0.1353
ZFPM1_1,ZFPM1,0,-0.02723,0.3629
ZFPM1_2,ZFPM1,0,-0.01682,0.195
ZFPM1_3,ZFPM1,0,0.001507,0.1949
ZFPM1_4,ZFPM1,0,-0.02076,0.2182
ZFPM1_5,ZFPM1,0,-0.004976,0.1181
ZFPM1_6,ZFPM1,0,-0.005389,0.1169
ZFPM2_1,ZFPM2,0,-0.02644,0.2167
ZFPM2_2,ZFPM2,0,-0.02595,0.2564
ZFPM2_3,ZFPM2,0,-0.02703,0.2797
ZFPM2_4,ZFPM2,0,-0.01366,0.1738
ZFPM2_5,ZFPM2,0,0.003371,0.1154
ZFPM2_6,ZFPM2,0,0.0004887,0.1074
ZFX_1,ZFX,0,-0.02188,0.378
ZFX_2,ZFX,1,0.0001355,0.3107
ZFX_3,ZFX,1,0.0005835,0.2299
ZFX_4,ZFX,0,-0.2233,0.6304
ZFX_5,ZFX,0,-0.008294,0.07766
ZFX_6,ZFX,0,0.003151,0.1363
ZFYVE20_1,ZFYVE20,0,-0.133,0.6092
ZFYVE20_2,ZFYVE20,0,0.01703,0.1823
ZFYVE20_3,ZFYVE20,0,-0.01628,0.2364
ZFYVE20_4,ZFYVE20,0,-0.01294,0.2784
ZFYVE20_5,ZFYVE20,0,-0.004459,0.1963
ZFYVE20_6,ZFYVE20,0,-0.005655,0.1378
ZFYVE26_1,ZFYVE26,0,0.004208,0.1157
ZFYVE26_2,ZFYVE26,0,-0.00406,0.1585
ZFYVE26_3,ZFYVE26,0,-0.02358,0.1886
ZFYVE26_4,ZFYVE26,0,0.007348,0.09357
ZFYVE26_5,ZFYVE26,0,0.01979,0.1677
ZFYVE26_6,ZFYVE26,0,-0.0127,0.2327
ZFY_1,ZFY,0,-0.02787,0.2325
ZFY_2,ZFY,0,0.02214,0.1576
ZFY_3,ZFY,0,-0.04696,0.3447
ZFY_4,ZFY,0,-0.01905,0.2131
ZFY_5,ZFY,0,-0.0009471,0.1161
ZFY_6,ZFY,0,-0.0131,0.1519
ZGLP1_1,ZGLP1,0,-0.02218,0.1745
ZGLP1_2,ZGLP1,0,-0.0189,0.1298
ZGLP1_3,ZGLP1,0,-0.04509,0.2946
ZGLP1_4,ZGLP1,0,-0.07665,0.3878
ZGLP1_5,ZGLP1,0,0.004795,0.1757
ZGLP1_6,ZGLP1,0,-0.02146,0.2306
ZGPAT_1,ZGPAT,0,-0.001004,0.2099
ZGPAT_2,ZGPAT,0,-0.01451,0.2907
ZGPAT_3,ZGPAT,0,-0.01437,0.1882
ZGPAT_4,ZGPAT,0,-0.001893,0.08836
ZGPAT_5,ZGPAT,0,-0.004271,0.08369
ZGPAT_6,ZGPAT,0,-0.002583,0.1121
ZHX1_1,ZHX1,0,-0.005813,0.1761
ZHX1_2,ZHX1,0,-0.02818,0.2365
ZHX1_3,ZHX1,0,-0.004337,0.1415
ZHX1_4,ZHX1,0,-0.02643,0.3105
ZHX1_5,ZHX1,0,-0.002642,0.1618
ZHX1_6,ZHX1,0,0.01536,0.1752
ZHX2_1,ZHX2,0,-0.007507,0.1294
ZHX2_2,ZHX2,0,-0.03406,0.3175
ZHX2_3,ZHX2,0,-0.003249,0.1649
ZHX2_4,ZHX2,0,-0.006772,0.1883
ZHX2_5,ZHX2,0,-0.0302,0.2798
ZHX2_6,ZHX2,0,0.01049,0.2022
ZHX3_1,ZHX3,0,-0.005595,0.2016
ZHX3_2,ZHX3,0,-0.1969,0.5505
ZHX3_3,ZHX3,0,-0.003103,0.1942
ZHX3_4,ZHX3,0,-0.1075,0.4225
ZHX3_5,ZHX3,0,-0.002664,0.1411
ZHX3_6,ZHX3,0,-0.004386,0.09114
ZIC1_1,ZIC1,0,0.014,0.2245
ZIC1_2,ZIC1,0,-0.01077,0.1938
ZIC1_3,ZIC1,0,-0.01389,0.2208
ZIC1_4,ZIC1,0,-0.4304,0.5751
ZIC1_5,ZIC1,0,-0.009521,0.07929
ZIC1_6,ZIC1,0,-0.07529,0.454
ZIC2_1,ZIC2,0,-0.009056,0.1397
ZIC2_2,ZIC2,0,-0.005142,0.1503
ZIC2_3,ZIC2,0,-0.3137,0.6193
ZIC2_4,ZIC2,0,-0.03868,0.3258
ZIC2_5,ZIC2,0,-0.007377,0.1235
ZIC2_6,ZIC2,0,-0.009366,0.1557
ZIC3_1,ZIC3,0,-0.003972,0.2172
ZIC3_2,ZIC3,0,-0.003471,0.1551
ZIC3_3,ZIC3,0,0.01393,0.1523
ZIC3_4,ZIC3,0,-0.01575,0.2456
ZIC3_5,ZIC3,0,-0.01044,0.1884
ZIC3_6,ZIC3,0,0.004909,0.09175
ZIC4_P1_1,ZIC4,0,-0.008156,0.2042
ZIC4_P1_2,ZIC4,0,0.002572,0.3524
ZIC4_P1_3,ZIC4,0,-0.07217,0.6265
ZIC4_P1_4,ZIC4,0,-0.006188,0.2826
ZIC4_P1_5,ZIC4,0,-0.001224,0.1084
ZIC4_P1_6,ZIC4,0,0.00652,0.08338
ZIC4_P2_1,ZIC4,0,-0.05751,0.4137
ZIC4_P2_2,ZIC4,0,-0.00988,0.3456
ZIC4_P2_3,ZIC4,0,-0.01938,0.1901
ZIC4_P2_4,ZIC4,0,-0.005383,0.2015
ZIC4_P2_5,ZIC4,0,0.002453,0.1338
ZIC4_P2_6,ZIC4,0,0.001133,0.108
ZIC5_1,ZIC5,0,-0.01149,0.1112
ZIC5_2,ZIC5,0,-0.006305,0.1905
ZIC5_3,ZIC5,0,-0.1346,0.4018
ZIC5_4,ZIC5,0,-0.02118,0.2208
ZIC5_5,ZIC5,0,-0.001926,0.1052
ZIC5_6,ZIC5,0,0.007637,0.1271
ZIK1_1,ZIK1,0,-0.01145,0.1874
ZIK1_2,ZIK1,0,0.002609,0.2659
ZIK1_3,ZIK1,0,0.005122,0.2074
ZIK1_4,ZIK1,0,-0.0044,0.1985
ZIK1_5,ZIK1,0,-0.002614,0.1182
ZIK1_6,ZIK1,0,0.01614,0.161
ZIM2_4,ZIM2,0,-0.001152,0.2006
ZIM2_5,ZIM2,0,-0.002338,0.1224
ZIM2_6,ZIM2,0,-0.00346,0.1266
ZIM3_1,ZIM3,0,0.002321,0.1602
ZIM3_2,ZIM3,0,-0.004814,0.1319
ZIM3_3,ZIM3,0,-0.006236,0.173
ZIM3_4,ZIM3,0,-0.02114,0.2552
ZIM3_5,ZIM3,0,-0.02072,0.1166
ZIM3_6,ZIM3,0,0.01073,0.1504
ZKSCAN1_1,ZKSCAN1,0,-0.01366,0.1734
ZKSCAN1_2,ZKSCAN1,0,-0.00582,0.1832
ZKSCAN1_3,ZKSCAN1,0,-0.01924,0.256
ZKSCAN1_4,ZKSCAN1,0,-0.008294,0.1597
ZKSCAN1_5,ZKSCAN1,0,-0.005221,0.1314
ZKSCAN1_6,ZKSCAN1,0,-0.01343,0.1196
ZKSCAN2_1,ZKSCAN2,0,0.01843,0.2606
ZKSCAN2_2,ZKSCAN2,0,-0.02026,0.1816
ZKSCAN2_3,ZKSCAN2,0,-0.004585,0.1922
ZKSCAN2_4,ZKSCAN2,0,-0.006953,0.2192
ZKSCAN2_5,ZKSCAN2,0,-0.01316,0.1657
ZKSCAN2_6,ZKSCAN2,0,0.01097,0.1483
ZKSCAN3_1,ZKSCAN3,0,0.009429,0.2154
ZKSCAN3_2,ZKSCAN3,0,-0.006624,0.1524
ZKSCAN3_3,ZKSCAN3,0,-0.006898,0.2554
ZKSCAN3_4,ZKSCAN3,0,-0.008469,0.2013
ZKSCAN3_5,ZKSCAN3,0,-0.006009,0.1447
ZKSCAN3_6,ZKSCAN3,0,0.005345,0.1526
ZKSCAN4_1,ZKSCAN4,0,-0.009328,0.2897
ZKSCAN4_2,ZKSCAN4,0,0.007897,0.1769
ZKSCAN4_3,ZKSCAN4,0,-0.02061,0.1539
ZKSCAN4_4,ZKSCAN4,0,0.01389,0.1973
ZKSCAN4_5,ZKSCAN4,0,0.001197,0.1225
ZKSCAN4_6,ZKSCAN4,0,0.001782,0.1425
ZKSCAN5_1,ZKSCAN5,0,-0.1148,0.5219
ZKSCAN5_2,ZKSCAN5,0,-0.00435,0.1743
ZKSCAN5_3,ZKSCAN5,0,-0.01179,0.226
ZKSCAN5_4,ZKSCAN5,0,-0.00788,0.1591
ZKSCAN5_5,ZKSCAN5,0,-0.00283,0.08804
ZKSCAN5_6,ZKSCAN5,0,-0.006012,0.1097
ZKSCAN7_1,ZKSCAN7,0,-0.03811,0.3483
ZKSCAN7_2,ZKSCAN7,0,-0.02037,0.2618
ZKSCAN7_3,ZKSCAN7,0,-0.01231,0.1194
ZKSCAN7_4,ZKSCAN7,0,-0.03261,0.2294
ZKSCAN7_5,ZKSCAN7,0,-0.02244,0.1722
ZKSCAN7_6,ZKSCAN7,0,0.00486,0.2058
ZKSCAN8_1,ZKSCAN8,0,-0.02977,0.2797
ZKSCAN8_2,ZKSCAN8,0,-0.0225,0.2239
ZKSCAN8_3,ZKSCAN8,0,-0.00836,0.1328
ZKSCAN8_4,ZKSCAN8,0,-0.005311,0.1361
ZKSCAN8_5,ZKSCAN8,0,-0.02236,0.1986
ZKSCAN8_6,ZKSCAN8,0,-0.001497,0.08322
ZMAT1_1,ZMAT1,0,0.006716,0.1534
ZMAT1_2,ZMAT1,0,-0.01206,0.1525
ZMAT1_3,ZMAT1,0,-0.01031,0.1904
ZMAT1_4,ZMAT1,0,-0.0006755,0.1089
ZMAT1_5,ZMAT1,0,-0.03156,0.226
ZMAT1_6,ZMAT1,0,0.002165,0.09109
ZMAT2_P1_1,ZMAT2,0,-0.02089,0.3694
ZMAT2_P1_2,ZMAT2,0,-0.0796,0.4506
ZMAT2_P1_3,ZMAT2,0,-0.04781,0.3093
ZMAT2_P1_4,ZMAT2,0,-0.005433,0.227
ZMAT2_P1_5,ZMAT2,0,0.0129,0.1597
ZMAT2_P1_6,ZMAT2,0,0.0032,0.09912
ZMAT2_P2_1,ZMAT2,0,0.003379,0.1321
ZMAT2_P2_2,ZMAT2,0,-0.006107,0.09458
ZMAT2_P2_3,ZMAT2,0,0.00453,0.1529
ZMAT2_P2_4,ZMAT2,0,0.01682,0.2411
ZMAT2_P2_5,ZMAT2,0,0.004059,0.1271
ZMAT2_P2_6,ZMAT2,0,0.00248,0.07999
ZMAT3_1,ZMAT3,0,-0.01125,0.1722
ZMAT3_2,ZMAT3,0,-0.0122,0.2099
ZMAT3_3,ZMAT3,0,-0.04381,0.3602
ZMAT3_4,ZMAT3,0,-0.05719,0.368
ZMAT3_5,ZMAT3,0,-0.01873,0.2173
ZMAT3_6,ZMAT3,0,-0.01726,0.4298
ZMAT4_1,ZMAT4,0,-0.01289,0.2052
ZMAT4_2,ZMAT4,0,-0.0136,0.1784
ZMAT4_3,ZMAT4,0,-0.01718,0.2073
ZMAT4_4,ZMAT4,0,0.001172,0.1553
ZMAT4_5,ZMAT4,0,-0.005213,0.1225
ZMAT4_6,ZMAT4,0,-0.01074,0.1274
ZNF100_1,ZNF100,0,0.006948,0.138
ZNF100_2,ZNF100,0,-0.005697,0.1789
ZNF100_3,ZNF100,0,-0.01027,0.2314
ZNF100_4,ZNF100,0,-0.03591,0.4483
ZNF100_5,ZNF100,0,0.004372,0.1539
ZNF100_6,ZNF100,0,-0.008449,0.1463
ZNF101_1,ZNF101,0,-0.001704,0.1365
ZNF101_2,ZNF101,0,-0.005111,0.1907
ZNF101_3,ZNF101,0,-0.006686,0.1937
ZNF101_4,ZNF101,0,-0.02088,0.1951
ZNF101_5,ZNF101,0,-0.007331,0.2076
ZNF101_6,ZNF101,0,-0.002925,0.1196
ZNF107_1,ZNF107,0,-0.0145,0.2652
ZNF107_2,ZNF107,0,-0.00811,0.17
ZNF107_3,ZNF107,0,-0.02619,0.2591
ZNF107_4,ZNF107,0,-0.01056,0.1451
ZNF107_5,ZNF107,0,0.002129,0.06163
ZNF107_6,ZNF107,0,0.01408,0.2835
ZNF10_1,ZNF10,0,-0.002473,0.1436
ZNF10_2,ZNF10,0,0.001981,0.1302
ZNF10_3,ZNF10,0,-0.003514,0.1642
ZNF10_4,ZNF10,0,-0.03351,0.2086
ZNF10_5,ZNF10,0,-0.002914,0.09216
ZNF10_6,ZNF10,0,-0.00715,0.142
ZNF112_1,ZNF112,0,-0.04316,0.2945
ZNF112_2,ZNF112,0,-0.01806,0.2776
ZNF112_3,ZNF112,0,-0.003955,0.2397
ZNF112_4,ZNF112,0,-0.01915,0.418
ZNF112_5,ZNF112,0,-0.009467,0.1053
ZNF112_6,ZNF112,0,-0.04853,0.2589
ZNF114_1,ZNF114,0,-0.003091,0.1781
ZNF114_2,ZNF114,0,-0.01092,0.1346
ZNF114_3,ZNF114,0,0.003197,0.1767
ZNF114_4,ZNF114,0,0.001557,0.227
ZNF114_5,ZNF114,0,-0.02053,0.09677
ZNF114_6,ZNF114,0,-0.02077,0.2044
ZNF117_1,ZNF117,0,-0.0283,0.2003
ZNF117_2,ZNF117,0,-0.01373,0.2379
ZNF117_3,ZNF117,0,-0.008765,0.3371
ZNF117_4,ZNF117,0,-0.04614,0.2393
ZNF117_5,ZNF117,0,-0.01616,0.1562
ZNF117_6,ZNF117,0,-0.03484,0.2457
ZNF121_1,ZNF121,0,-0.04374,0.2747
ZNF121_2,ZNF121,0,-0.004852,0.1853
ZNF121_3,ZNF121,0,-0.06153,0.2411
ZNF121_4,ZNF121,0,-0.02097,0.2064
ZNF121_5,ZNF121,0,-0.004836,0.2049
ZNF121_6,ZNF121,0,-0.006806,0.1036
ZNF124_1,ZNF124,0,0.004113,0.1215
ZNF124_2,ZNF124,0,-0.007669,0.1555
ZNF124_3,ZNF124,0,0.007471,0.191
ZNF124_4,ZNF124,0,-0.005682,0.2783
ZNF124_5,ZNF124,0,-0.01283,0.1143
ZNF124_6,ZNF124,0,-0.01578,0.1448
ZNF12_1,ZNF12,0,-0.02584,0.1876
ZNF12_2,ZNF12,0,-0.02299,0.2987
ZNF12_3,ZNF12,0,-0.1137,0.4491
ZNF12_4,ZNF12,0,-0.06057,0.4348
ZNF12_5,ZNF12,0,-0.0009614,0.1217
ZNF12_6,ZNF12,0,-0.008985,0.1401
ZNF131_1,ZNF131,0,-0.01475,0.184
ZNF131_2,ZNF131,0,-0.01416,0.1742
ZNF131_3,ZNF131,0,-0.009409,0.1975
ZNF131_4,ZNF131,0,-0.001958,0.08628
ZNF131_5,ZNF131,0,0.0001414,0.1066
ZNF131_6,ZNF131,0,-0.01762,0.1724
ZNF132_1,ZNF132,0,-0.02365,0.2394
ZNF132_2,ZNF132,0,-0.0008842,0.1402
ZNF132_3,ZNF132,0,-0.01101,0.1671
ZNF132_4,ZNF132,0,0.00117,0.1112
ZNF132_5,ZNF132,0,-0.01149,0.1853
ZNF132_6,ZNF132,0,-0.005675,0.1634
ZNF133_1,ZNF133,0,-0.01125,0.1039
ZNF133_2,ZNF133,0,-0.007983,0.1738
ZNF133_3,ZNF133,0,-0.04235,0.2641
ZNF133_4,ZNF133,0,0.0157,0.349
ZNF133_5,ZNF133,0,0.002488,0.1131
ZNF133_6,ZNF133,0,-0.00339,0.16
ZNF134_1,ZNF134,0,0.004861,0.1622
ZNF134_2,ZNF134,0,-0.01004,0.3073
ZNF134_3,ZNF134,0,-0.02603,0.2275
ZNF134_4,ZNF134,0,0.003996,0.579
ZNF134_5,ZNF134,0,-0.006992,0.1247
ZNF134_6,ZNF134,0,-0.01096,0.07913
ZNF135_1,ZNF135,0,-0.01532,0.2511
ZNF135_2,ZNF135,0,-0.01299,0.2994
ZNF135_3,ZNF135,0,-0.0256,0.2083
ZNF135_4,ZNF135,0,-0.01554,0.1451
ZNF135_5,ZNF135,0,-0.003802,0.1486
ZNF135_6,ZNF135,0,-0.0002737,0.1306
ZNF136_1,ZNF136,0,-0.0004305,0.171
ZNF136_2,ZNF136,0,-0.01521,0.2118
ZNF136_3,ZNF136,0,0.001719,0.1567
ZNF136_4,ZNF136,0,-0.005936,0.1893
ZNF136_5,ZNF136,0,-0.007638,0.2837
ZNF136_6,ZNF136,0,-0.008068,0.1723
ZNF138_1,ZNF138,0,-0.006094,0.1291
ZNF138_2,ZNF138,0,-0.01667,0.107
ZNF138_3,ZNF138,0,0.008452,0.1923
ZNF138_4,ZNF138,0,-0.006761,0.3293
ZNF138_5,ZNF138,0,-0.003952,0.1128
ZNF138_6,ZNF138,0,-0.006732,0.132
ZNF140_1,ZNF140,0,-0.01461,0.1752
ZNF140_2,ZNF140,0,-0.01293,0.1922
ZNF140_3,ZNF140,0,-0.01667,0.1181
ZNF140_4,ZNF140,0,-0.1723,0.5437
ZNF140_5,ZNF140,0,-0.007847,0.1367
ZNF140_6,ZNF140,0,4.195e-05,0.1472
ZNF141_1,ZNF141,0,-0.008336,0.1689
ZNF141_2,ZNF141,0,0.004453,0.1545
ZNF141_3,ZNF141,0,-0.01197,0.2677
ZNF141_4,ZNF141,0,0.0001426,0.1462
ZNF141_5,ZNF141,0,-0.02017,0.1245
ZNF141_6,ZNF141,0,-0.0002485,0.1346
ZNF142_1,ZNF142,0,-0.2759,0.9396
ZNF142_2,ZNF142,0,0.008243,0.2639
ZNF142_3,ZNF142,0,0.002913,0.2072
ZNF142_4,ZNF142,0,-0.02385,0.3067
ZNF142_5,ZNF142,0,-0.006642,0.2159
ZNF142_6,ZNF142,0,-0.0112,0.154
ZNF143_2,ZNF143,0,0.0001331,0.23
ZNF143_3,ZNF143,0,-0.06683,0.6386
ZNF143_4,ZNF143,0,0.002268,0.1388
ZNF143_5,ZNF143,0,-0.007182,0.1002
ZNF143_6,ZNF143,0,-0.006672,0.08078
ZNF146_1,ZNF146,0,-0.02261,0.1803
ZNF146_2,ZNF146,0,-0.002589,0.1062
ZNF146_3,ZNF146,0,-0.01544,0.178
ZNF146_4,ZNF146,0,0.005327,0.2293
ZNF146_5,ZNF146,0,0.003825,0.2083
ZNF146_6,ZNF146,0,0.004572,0.1491
ZNF148_1,ZNF148,0,0.009818,0.244
ZNF148_2,ZNF148,0,-0.1341,0.6545
ZNF148_3,ZNF148,0,-0.03532,0.2497
ZNF148_4,ZNF148,0,-0.01541,0.3006
ZNF148_5,ZNF148,0,-0.003604,0.1249
ZNF148_6,ZNF148,0,8.648e-05,0.08155
ZNF14_1,ZNF14,0,-0.007132,0.1804
ZNF14_2,ZNF14,0,-0.004784,0.2115
ZNF14_3,ZNF14,0,-0.02951,0.3161
ZNF14_4,ZNF14,0,-0.01312,0.2101
ZNF14_5,ZNF14,0,-0.006474,0.1474
ZNF14_6,ZNF14,0,-0.001846,0.09752
ZNF154_1,ZNF154,0,0.002867,0.306
ZNF154_2,ZNF154,0,-0.007823,0.1852
ZNF154_3,ZNF154,0,-0.0002393,0.1579
ZNF154_4,ZNF154,0,-0.02328,0.2616
ZNF154_5,ZNF154,0,-0.01742,0.2202
ZNF154_6,ZNF154,0,-0.00285,0.09463
ZNF155_1,ZNF155,0,-0.01227,0.2079
ZNF155_2,ZNF155,0,0.007103,0.2296
ZNF155_3,ZNF155,0,-0.007998,0.231
ZNF155_4,ZNF155,0,-0.2218,0.7828
ZNF155_5,ZNF155,0,0.005247,0.1439
ZNF155_6,ZNF155,0,0.007266,0.09194
ZNF157_1,ZNF157,0,-0.01039,0.1674
ZNF157_2,ZNF157,0,-0.01382,0.1855
ZNF157_3,ZNF157,0,-0.009091,0.2007
ZNF157_4,ZNF157,0,-0.007901,0.1032
ZNF157_5,ZNF157,0,0.004111,0.1242
ZNF157_6,ZNF157,0,-0.005272,0.09558
ZNF160_1,ZNF160,0,-0.005446,0.1667
ZNF160_2,ZNF160,0,-0.02814,0.2107
ZNF160_3,ZNF160,0,-0.01016,0.2287
ZNF160_4,ZNF160,0,0.001958,0.1902
ZNF160_5,ZNF160,0,-0.02236,0.1733
ZNF160_6,ZNF160,0,0.0006353,0.07763
ZNF165_1,ZNF165,0,0.004624,0.1341
ZNF165_2,ZNF165,0,-0.02304,0.2181
ZNF165_3,ZNF165,0,-0.007586,0.1968
ZNF165_4,ZNF165,0,-0.01952,0.2553
ZNF165_5,ZNF165,0,-0.0008344,0.1162
ZNF165_6,ZNF165,0,0.01067,0.157
ZNF169_1,ZNF169,0,0.00564,0.1323
ZNF169_2,ZNF169,0,-0.002874,0.1738
ZNF169_3,ZNF169,0,-0.0272,0.2366
ZNF169_4,ZNF169,0,-0.0091,0.1125
ZNF169_5,ZNF169,0,-0.005026,0.1173
ZNF169_6,ZNF169,0,-0.005638,0.1188
ZNF16_1,ZNF16,0,-0.01659,0.1379
ZNF16_2,ZNF16,0,-0.007218,0.1594
ZNF16_3,ZNF16,0,-0.01122,0.1439
ZNF16_4,ZNF16,0,-0.04602,0.3788
ZNF16_5,ZNF16,0,-0.01906,0.149
ZNF16_6,ZNF16,0,-0.0001469,0.08614
ZNF174_1,ZNF174,0,-0.02475,0.1726
ZNF174_2,ZNF174,0,-0.008433,0.175
ZNF174_3,ZNF174,0,-0.001854,0.2525
ZNF174_4,ZNF174,0,-0.004262,0.2532
ZNF174_5,ZNF174,0,-0.004435,0.198
ZNF174_6,ZNF174,0,0.01074,0.1404
ZNF175_1,ZNF175,0,-0.01352,0.1825
ZNF175_2,ZNF175,0,-0.02033,0.209
ZNF175_3,ZNF175,0,-0.0101,0.1537
ZNF175_4,ZNF175,0,-0.03032,0.2451
ZNF175_5,ZNF175,0,-0.02118,0.2195
ZNF175_6,ZNF175,0,0.004324,0.1115
ZNF177_P1_2,ZNF177,0,-0.02546,0.2161
ZNF177_P1_3,ZNF177,0,-0.05782,0.3964
ZNF177_P1_5,ZNF177,0,-0.002998,0.1093
ZNF177_P1_6|ZNF559-ZNF177_3,ZNF177|ZNF559-ZNF177,0,-0.02334,0.2598
ZNF177_P2_1,ZNF177,0,-0.02374,0.1772
ZNF177_P2_2,ZNF177,0,-0.02183,0.352
ZNF177_P2_3,ZNF177,0,-0.01494,0.1979
ZNF177_P2_4,ZNF177,0,-0.002621,0.1734
ZNF177_P2_5,ZNF177,0,-0.003852,0.1077
ZNF177_P2_6,ZNF177,0,-0.003307,0.1832
ZNF17_1,ZNF17,0,-0.01214,0.1887
ZNF17_2,ZNF17,0,-0.01674,0.1726
ZNF17_3,ZNF17,0,-0.03839,0.2969
ZNF17_4,ZNF17,0,-0.1033,0.5635
ZNF17_5,ZNF17,0,-0.02345,0.2457
ZNF17_6,ZNF17,0,-0.0005898,0.1113
ZNF180_1,ZNF180,0,-0.002602,0.1181
ZNF180_2,ZNF180,0,0.0003887,0.147
ZNF180_3,ZNF180,0,-0.00287,0.3823
ZNF180_4,ZNF180,0,-0.04274,0.3916
ZNF180_5,ZNF180,0,0.008311,0.1267
ZNF180_6,ZNF180,0,-0.00623,0.1196
ZNF181_1,ZNF181,0,-0.01984,0.2272
ZNF181_2,ZNF181,0,-0.01807,0.2157
ZNF181_3,ZNF181,0,-0.06776,0.4447
ZNF181_4,ZNF181,0,-0.02415,0.3102
ZNF181_5,ZNF181,0,-0.02458,0.2706
ZNF181_6,ZNF181,0,-0.006083,0.137
ZNF182_1,ZNF182,0,-0.02014,0.1647
ZNF182_2,ZNF182,0,-0.01626,0.174
ZNF182_3,ZNF182,0,-0.001503,0.1523
ZNF182_4,ZNF182,0,-0.0007737,0.2648
ZNF182_5,ZNF182,0,-0.01417,0.198
ZNF182_6,ZNF182,0,-0.03211,0.2597
ZNF184_1,ZNF184,0,-0.004597,0.09888
ZNF184_2,ZNF184,0,-0.02163,0.1505
ZNF184_3,ZNF184,0,0.002074,0.2182
ZNF184_4,ZNF184,0,-0.02268,0.2372
ZNF184_5,ZNF184,0,-0.009036,0.1488
ZNF184_6,ZNF184,0,0.0002676,0.2012
ZNF189_1,ZNF189,0,-0.008847,0.2187
ZNF189_2,ZNF189,0,-0.01459,0.1262
ZNF189_3,ZNF189,0,0.006355,0.08938
ZNF189_4,ZNF189,0,-0.01461,0.1806
ZNF189_5,ZNF189,0,-0.003685,0.09949
ZNF189_6,ZNF189,0,-0.01933,0.1676
ZNF18_1,ZNF18,0,0.002524,0.1506
ZNF18_2,ZNF18,0,-0.01978,0.2269
ZNF18_3,ZNF18,0,-0.08223,0.4711
ZNF18_4,ZNF18,0,-0.02726,0.2008
ZNF18_5,ZNF18,0,-0.0121,0.2042
ZNF18_6,ZNF18,0,0.001721,0.1561
ZNF195_1,ZNF195,0,-0.00561,0.1808
ZNF195_2,ZNF195,0,0.006839,0.2111
ZNF195_3,ZNF195,0,-0.01717,0.211
ZNF195_4,ZNF195,0,-0.0291,0.38
ZNF195_5,ZNF195,0,-0.01091,0.1411
ZNF195_6,ZNF195,0,0.003283,0.1649
ZNF197_1,ZNF197,0,-0.0158,0.258
ZNF197_2,ZNF197,0,-0.0029,0.1289
ZNF197_3,ZNF197,0,0.000601,0.156
ZNF197_4,ZNF197,0,-0.009984,0.2064
ZNF197_5,ZNF197,0,0.001742,0.06817
ZNF197_6,ZNF197,0,-0.01241,0.1545
ZNF19_1,ZNF19,0,-0.04892,0.3153
ZNF19_2,ZNF19,0,-0.03518,0.3432
ZNF19_3,ZNF19,0,-0.0002322,0.09137
ZNF19_4,ZNF19,0,-0.02217,0.1609
ZNF19_5,ZNF19,0,0.002073,0.1402
ZNF19_6,ZNF19,0,-0.008498,0.1057
ZNF200_1,ZNF200,0,-3.727e-05,0.1225
ZNF200_2,ZNF200,0,-0.008139,0.1411
ZNF200_3,ZNF200,0,0.01791,0.1857
ZNF200_4,ZNF200,0,-0.02731,0.2609
ZNF200_5,ZNF200,0,-0.009849,0.148
ZNF200_6,ZNF200,0,-0.01037,0.0779
ZNF202_1,ZNF202,0,-0.02508,0.2759
ZNF202_2,ZNF202,0,-0.01912,0.2236
ZNF202_3,ZNF202,0,-0.03468,0.1882
ZNF202_4,ZNF202,0,-0.01543,0.2547
ZNF202_5,ZNF202,0,-0.012,0.1707
ZNF202_6,ZNF202,0,-0.00222,0.1715
ZNF205_1,ZNF205,0,-0.0169,0.2447
ZNF205_2,ZNF205,0,0.0007222,0.161
ZNF205_3,ZNF205,0,-0.01651,0.2586
ZNF205_4,ZNF205,0,-0.02532,0.2807
ZNF205_5,ZNF205,0,-0.01832,0.1536
ZNF205_6,ZNF205,0,0.004466,0.1664
ZNF207_P1_1,ZNF207,0,-0.02305,0.1736
ZNF207_P1_2,ZNF207,0,-0.05834,0.3577
ZNF207_P1_3,ZNF207,0,-0.05287,0.5939
ZNF207_P1_4,ZNF207,0,-0.1502,0.477
ZNF207_P1_5,ZNF207,0,-0.00378,0.1377
ZNF207_P1_6,ZNF207,0,-0.01179,0.2273
ZNF207_P2_1,ZNF207,0,-0.3,0.585
ZNF207_P2_2,ZNF207,0,-0.03201,0.4174
ZNF207_P2_3,ZNF207,0,-0.02336,0.2956
ZNF207_P2_4,ZNF207,0,-0.0172,0.2057
ZNF207_P2_5,ZNF207,0,-0.007939,0.1724
ZNF207_P2_6,ZNF207,0,-0.006144,0.08839
ZNF208_1,ZNF208,0,0.004072,0.135
ZNF208_2,ZNF208,0,-0.03517,0.342
ZNF208_3,ZNF208,0,-0.002543,0.1704
ZNF208_4,ZNF208,0,-0.01272,0.1572
ZNF208_5,ZNF208,0,-0.0001628,0.1024
ZNF208_6,ZNF208,0,-0.003722,0.1419
ZNF20_P1_1|ZNF625_1,ZNF20|ZNF625,0,-0.006423,0.1181
ZNF20_P1_2|ZNF625_2,ZNF20|ZNF625,0,-0.01141,0.1307
ZNF20_P1_3|ZNF625_3,ZNF20|ZNF625,0,-0.008808,0.167
ZNF20_P1_4|ZNF625_4,ZNF20|ZNF625,0,-0.0003127,0.2377
ZNF20_P1_5|ZNF625_6,ZNF20|ZNF625,0,-0.0002896,0.07881
ZNF20_P1_6|ZNF625_5,ZNF20|ZNF625,0,0.002935,0.08072
ZNF20_P2_1,ZNF20,0,0.0004513,0.1458
ZNF20_P2_2,ZNF20,0,-0.003907,0.4003
ZNF20_P2_3,ZNF20,0,-0.01205,0.1588
ZNF20_P2_4,ZNF20,0,0.001947,0.2245
ZNF20_P2_5,ZNF20,0,-0.002781,0.1374
ZNF20_P2_6,ZNF20,0,-0.00157,0.1182
ZNF211_1,ZNF211,0,-0.008792,0.1682
ZNF211_2,ZNF211,0,-0.007718,0.1026
ZNF211_3,ZNF211,0,0.007293,0.1049
ZNF211_4,ZNF211,0,0.003949,0.2753
ZNF211_5,ZNF211,0,-0.006156,0.1243
ZNF211_6,ZNF211,0,-0.01778,0.1225
ZNF212_1,ZNF212,0,0.01154,0.1502
ZNF212_2,ZNF212,0,-0.01169,0.1666
ZNF212_3,ZNF212,0,-0.03509,0.2573
ZNF212_4,ZNF212,0,-0.009318,0.1694
ZNF212_5,ZNF212,0,-0.005936,0.1451
ZNF212_6,ZNF212,0,-0.0003268,0.1147
ZNF213_1,ZNF213,0,-0.01272,0.1966
ZNF213_2,ZNF213,0,-0.00437,0.1591
ZNF213_3,ZNF213,0,-0.05996,0.2999
ZNF213_4,ZNF213,0,-0.02947,0.2063
ZNF213_5,ZNF213,0,-0.006493,0.1393
ZNF213_6,ZNF213,0,-0.01222,0.229
ZNF214_1,ZNF214,0,-0.004503,0.1097
ZNF214_2,ZNF214,0,-0.0402,0.2898
ZNF214_3,ZNF214,0,-0.01767,0.2323
ZNF214_4,ZNF214,0,-0.0004132,0.1027
ZNF214_5,ZNF214,0,-0.05323,0.2617
ZNF214_6,ZNF214,0,-0.0008602,0.2018
ZNF215_1,ZNF215,0,-0.00907,0.2373
ZNF215_2,ZNF215,0,-0.003796,0.1383
ZNF215_3,ZNF215,0,-0.01003,0.223
ZNF215_4,ZNF215,0,-0.004897,0.2624
ZNF215_5,ZNF215,0,0.000636,0.112
ZNF215_6,ZNF215,0,-0.005718,0.1149
ZNF217_P1_1,ZNF217,0,-0.01058,0.1649
ZNF217_P1_2,ZNF217,0,-0.02487,0.2598
ZNF217_P1_3,ZNF217,0,-0.009895,0.2187
ZNF217_P1_4,ZNF217,0,-0.01641,0.2909
ZNF217_P1_5,ZNF217,0,0.007276,0.1169
ZNF217_P1_6,ZNF217,0,-0.002199,0.07869
ZNF217_P2_1,ZNF217,0,-0.01215,0.2613
ZNF217_P2_2,ZNF217,0,-0.01048,0.3876
ZNF217_P2_3,ZNF217,0,-0.008389,0.2559
ZNF217_P2_4,ZNF217,0,-0.03139,0.2678
ZNF217_P2_5,ZNF217,0,-0.01244,0.1683
ZNF217_P2_6,ZNF217,0,-0.01624,0.1745
ZNF219_1,ZNF219,0,-0.02536,0.1665
ZNF219_2,ZNF219,0,-0.01293,0.2076
ZNF219_3,ZNF219,0,-0.01104,0.1513
ZNF219_4,ZNF219,0,-0.004568,0.2534
ZNF219_5,ZNF219,0,-0.02075,0.2603
ZNF219_6,ZNF219,0,-0.004414,0.152
ZNF221_1,ZNF221,0,0.007703,0.1667
ZNF221_2,ZNF221,0,-0.01377,0.174
ZNF221_3,ZNF221,0,-0.02168,0.2473
ZNF221_4,ZNF221,0,-0.09871,0.3982
ZNF221_5,ZNF221,0,-0.01447,0.1313
ZNF221_6,ZNF221,0,-0.001769,0.2521
ZNF222_1,ZNF222,0,-0.003785,0.1079
ZNF222_2,ZNF222,0,-0.01339,0.2522
ZNF222_3,ZNF222,0,-0.0185,0.3365
ZNF222_4,ZNF222,0,-0.009912,0.1645
ZNF222_5,ZNF222,0,-0.01142,0.2222
ZNF222_6,ZNF222,0,-0.0105,0.1139
ZNF223_1,ZNF223,0,-0.03727,0.3798
ZNF223_2,ZNF223,0,-0.007967,0.2363
ZNF223_3,ZNF223,0,-0.003422,0.1607
ZNF223_4,ZNF223,0,-9.584e-05,0.1659
ZNF223_5,ZNF223,0,-0.004628,0.0826
ZNF223_6,ZNF223,0,-0.005358,0.1312
ZNF224_1,ZNF224,0,-0.0107,0.1273
ZNF224_2,ZNF224,0,-0.002454,0.1172
ZNF224_3,ZNF224,0,-0.03749,0.3003
ZNF224_4,ZNF224,0,-0.01587,0.2518
ZNF224_5,ZNF224,0,-0.02124,0.1756
ZNF224_6,ZNF224,0,0.00366,0.1354
ZNF225_1,ZNF225,0,-0.004919,0.2341
ZNF225_2,ZNF225,0,-0.01668,0.2146
ZNF225_3,ZNF225,0,0.003426,0.2234
ZNF225_4,ZNF225,0,-0.01867,0.215
ZNF225_5,ZNF225,0,-0.00643,0.1509
ZNF225_6,ZNF225,0,-0.01428,0.2615
ZNF226_P1_1|ZNF234_P1_1,ZNF226|ZNF234,0,-0.02301,0.1476
ZNF226_P1_2|ZNF234_P1_2,ZNF226|ZNF234,0,0.0007402,0.1005
ZNF226_P1_3|ZNF234_P1_3,ZNF226|ZNF234,0,-0.003016,0.1406
ZNF226_P1_4|ZNF234_P1_4,ZNF226|ZNF234,0,-0.000957,0.09346
ZNF226_P1_5|ZNF234_P1_5,ZNF226|ZNF234,0,-0.005623,0.08201
ZNF226_P1_6|ZNF234_P1_6,ZNF226|ZNF234,0,-0.00832,0.08441
ZNF226_P2_1|ZNF234_P2_1,ZNF226|ZNF234,0,0.003078,0.1472
ZNF226_P2_2|ZNF234_P2_2,ZNF226|ZNF234,0,-0.01063,0.2497
ZNF226_P2_3|ZNF234_P2_3,ZNF226|ZNF234,0,-0.03283,0.267
ZNF226_P2_4|ZNF234_P2_4,ZNF226|ZNF234,0,-0.01505,0.1986
ZNF226_P2_5|ZNF234_P2_5,ZNF226|ZNF234,0,-4.094e-05,0.06838
ZNF226_P2_6|ZNF234_P2_6,ZNF226|ZNF234,0,0.01294,0.1472
ZNF227_1,ZNF227,0,-0.001755,0.07864
ZNF227_2,ZNF227,0,-0.01809,0.1882
ZNF227_3,ZNF227,0,-0.02957,0.2626
ZNF227_4,ZNF227,0,0.01703,0.2105
ZNF227_5,ZNF227,0,-0.05168,0.3575
ZNF227_6,ZNF227,0,-0.008273,0.1569
ZNF229_1,ZNF229,0,0.0127,0.2326
ZNF229_2,ZNF229,0,-0.005589,0.1365
ZNF229_3,ZNF229,0,-0.000253,0.1018
ZNF229_4,ZNF229,0,-0.03662,0.2882
ZNF229_5,ZNF229,0,-0.01685,0.1747
ZNF229_6,ZNF229,0,-0.0005801,0.1592
ZNF22_1,ZNF22,0,-0.02297,0.1737
ZNF22_2,ZNF22,0,-0.02213,0.197
ZNF22_3,ZNF22,0,-0.03656,0.3478
ZNF22_4,ZNF22,0,-0.006232,0.1109
ZNF22_5,ZNF22,0,0.00102,0.09093
ZNF22_6,ZNF22,0,-0.004079,0.1056
ZNF230_1,ZNF230,0,0.003605,0.0897
ZNF230_2,ZNF230,0,0.003454,0.139
ZNF230_3,ZNF230,0,-0.02456,0.401
ZNF230_4,ZNF230,0,-0.01451,0.294
ZNF230_5,ZNF230,0,-0.004846,0.1025
ZNF230_6,ZNF230,0,0.004363,0.1352
ZNF232_P1_1,ZNF232,1,-0.04987,0.3929
ZNF232_P1_2,ZNF232,0,-0.005189,0.303
ZNF232_P1_3,ZNF232,0,-0.01819,0.1838
ZNF232_P1_4,ZNF232,0,-0.009513,0.165
ZNF232_P1_5,ZNF232,0,-0.009404,0.1335
ZNF232_P1_6,ZNF232,0,-0.007465,0.2176
ZNF232_P2_1,ZNF232,0,-0.000552,0.1652
ZNF232_P2_2,ZNF232,0,-0.002945,0.2153
ZNF232_P2_3,ZNF232,0,0.0008819,0.1259
ZNF232_P2_4,ZNF232,1,0.001654,0.1194
ZNF232_P2_5,ZNF232,0,-0.006727,0.1461
ZNF232_P2_6,ZNF232,0,-0.02227,0.2226
ZNF233_1,ZNF233,0,-0.001973,0.1845
ZNF233_2,ZNF233,0,-0.02211,0.1823
ZNF233_3,ZNF233,0,-0.003884,0.1417
ZNF233_4,ZNF233,0,-0.003525,0.1582
ZNF233_5,ZNF233,0,-0.01579,0.1725
ZNF233_6,ZNF233,0,0.009999,0.21
ZNF235_1,ZNF235,0,-0.07113,0.4457
ZNF235_2,ZNF235,0,-0.05733,0.4028
ZNF235_3,ZNF235,0,0.01022,0.1809
ZNF235_4,ZNF235,0,0.001449,0.1885
ZNF235_5,ZNF235,0,-0.001582,0.186
ZNF235_6,ZNF235,0,-0.004054,0.128
ZNF236_1,ZNF236,0,-0.01269,0.3812
ZNF236_2,ZNF236,0,-0.01508,0.215
ZNF236_3,ZNF236,0,-0.01568,0.2251
ZNF236_4,ZNF236,0,-0.03911,0.3083
ZNF236_5,ZNF236,0,-0.00317,0.176
ZNF236_6,ZNF236,0,-0.004375,0.1146
ZNF239_1,ZNF239,0,-0.01191,0.2417
ZNF239_2,ZNF239,0,-0.02182,0.2273
ZNF239_3,ZNF239,0,-0.02784,0.2324
ZNF239_4,ZNF239,0,-0.02728,0.2377
ZNF239_5,ZNF239,0,-0.01227,0.1056
ZNF239_6,ZNF239,0,-0.00632,0.1784
ZNF23_P1_1,ZNF23,0,-0.005104,0.1792
ZNF23_P1_2,ZNF23,0,-0.006929,0.1432
ZNF23_P1_3,ZNF23,0,-0.006109,0.1108
ZNF23_P1_4,ZNF23,0,-0.01145,0.2528
ZNF23_P1_5,ZNF23,0,-0.00183,0.1546
ZNF23_P1_6,ZNF23,0,0.0007473,0.09842
ZNF23_P2_1,ZNF23,0,0.01074,0.2112
ZNF23_P2_2,ZNF23,0,0.007794,0.1942
ZNF23_P2_3,ZNF23,0,-0.01913,0.1482
ZNF23_P2_4,ZNF23,0,-0.02454,0.2664
ZNF23_P2_5,ZNF23,0,0.01094,0.1272
ZNF23_P2_6,ZNF23,0,-0.07054,0.355
ZNF248_1,ZNF248,0,-0.03203,0.2416
ZNF248_2,ZNF248,0,-0.008721,0.1684
ZNF248_4,ZNF248,0,-0.02683,0.1408
ZNF248_5,ZNF248,0,-0.007986,0.1087
ZNF248_6,ZNF248,0,0.001121,0.2042
ZNF24_1,ZNF24,0,-0.01486,0.1331
ZNF24_2,ZNF24,0,-0.004029,0.2459
ZNF24_3,ZNF24,0,-0.004637,0.1993
ZNF24_4,ZNF24,0,-0.007591,0.2118
ZNF24_5,ZNF24,0,-0.008472,0.1572
ZNF24_6,ZNF24,0,-0.003491,0.1498
ZNF250_1,ZNF250,0,-0.003485,0.1202
ZNF250_2,ZNF250,0,-0.01331,0.1863
ZNF250_3,ZNF250,0,0.005274,0.1722
ZNF250_4,ZNF250,0,-0.008738,0.1842
ZNF250_5,ZNF250,0,-0.01955,0.1636
ZNF250_6,ZNF250,0,-0.0003089,0.07879
ZNF251_1,ZNF251,0,-0.003944,0.1815
ZNF251_2,ZNF251,0,-0.003483,0.09842
ZNF251_3,ZNF251,0,9.91e-05,0.2138
ZNF251_4,ZNF251,0,-0.03975,0.2331
ZNF251_5,ZNF251,0,-0.03724,0.2719
ZNF251_6,ZNF251,0,0.006428,0.1515
ZNF253_1,ZNF253,0,-0.02488,0.276
ZNF253_2,ZNF253,0,-0.01933,0.262
ZNF253_3,ZNF253,0,-0.0184,0.2259
ZNF253_4,ZNF253,0,-0.01101,0.2477
ZNF253_5,ZNF253,0,-0.0003628,0.09461
ZNF253_6,ZNF253,0,-0.01831,0.1104
ZNF254_1,ZNF254,0,-0.03444,0.2566
ZNF254_2,ZNF254,0,-0.02511,0.2135
ZNF254_3,ZNF254,0,-0.0144,0.1242
ZNF254_4,ZNF254,0,-0.0175,0.2004
ZNF254_5,ZNF254,0,0.00139,0.06425
ZNF254_6,ZNF254,0,0.003916,0.06209
ZNF256_1,ZNF256,0,-0.004025,0.129
ZNF256_2,ZNF256,0,0.005323,0.2595
ZNF256_3,ZNF256,0,0.007074,0.1346
ZNF256_4,ZNF256,0,-0.01342,0.1673
ZNF256_5,ZNF256,0,0.000173,0.1457
ZNF256_6,ZNF256,0,-0.01169,0.114
ZNF257_1,ZNF257,0,0.005141,0.2128
ZNF257_2,ZNF257,0,-0.00226,0.1393
ZNF257_3,ZNF257,0,-0.01173,0.3143
ZNF257_4,ZNF257,0,-0.04789,0.4359
ZNF257_5,ZNF257,0,-0.009969,0.1195
ZNF257_6,ZNF257,0,-0.007209,0.2495
ZNF25_1,ZNF25,0,0.0009893,0.1994
ZNF25_2,ZNF25,0,0.004815,0.1856
ZNF25_3,ZNF25,0,0.01384,0.1977
ZNF25_4,ZNF25,0,0.01011,0.1866
ZNF25_5,ZNF25,0,-0.01838,0.1949
ZNF25_6,ZNF25,0,-0.01088,0.1357
ZNF260_1,ZNF260,0,-0.1734,0.6246
ZNF260_2,ZNF260,0,-0.0283,0.2622
ZNF260_3,ZNF260,0,-0.02238,0.3131
ZNF260_4,ZNF260,0,-0.03294,0.2773
ZNF260_5,ZNF260,0,-0.006452,0.07651
ZNF260_6,ZNF260,0,0.004445,0.1762
ZNF263_P1_1,ZNF263,0,-0.00584,0.1733
ZNF263_P1_2,ZNF263,0,-0.001839,0.1533
ZNF263_P1_3,ZNF263,0,0.003212,0.1219
ZNF263_P1_4,ZNF263,0,-0.06402,0.3005
ZNF263_P1_5,ZNF263,0,-0.002102,0.09305
ZNF263_P1_6,ZNF263,0,-0.005619,0.1087
ZNF263_P2_1,ZNF263,0,0.006714,0.09875
ZNF263_P2_2,ZNF263,0,-0.04028,0.34
ZNF263_P2_3,ZNF263,0,0.0248,0.2025
ZNF263_P2_4,ZNF263,0,-0.03377,0.3827
ZNF263_P2_5,ZNF263,0,0.004492,0.1002
ZNF263_P2_6,ZNF263,0,-0.004683,0.1387
ZNF264_1,ZNF264,0,-0.01864,0.2851
ZNF264_2,ZNF264,0,0.004598,0.1601
ZNF264_3,ZNF264,0,-0.05134,0.4219
ZNF264_4,ZNF264,0,-0.02511,0.282
ZNF264_5,ZNF264,0,-0.006836,0.1387
ZNF264_6,ZNF264,0,-0.009873,0.1226
ZNF266_1,ZNF266,0,-0.008883,0.2143
ZNF266_2,ZNF266,0,-0.0009447,0.1109
ZNF266_3,ZNF266,0,-0.02112,0.2516
ZNF266_4,ZNF266,0,-0.01788,0.2874
ZNF266_5,ZNF266,0,-0.003872,0.1119
ZNF266_6,ZNF266,0,-0.004706,0.04982
ZNF267_P1_1,ZNF267,0,-0.02127,0.2527
ZNF267_P1_2,ZNF267,0,-0.0315,0.3673
ZNF267_P1_3,ZNF267,0,-0.03724,0.2444
ZNF267_P1_4,ZNF267,0,-0.0139,0.1307
ZNF267_P1_5,ZNF267,0,0.0001031,0.06769
ZNF267_P1_6,ZNF267,0,0.001537,0.1883
ZNF267_P2_1,ZNF267,0,-0.003366,0.1586
ZNF267_P2_2,ZNF267,0,-0.004025,0.1175
ZNF267_P2_3,ZNF267,0,-0.007537,0.2264
ZNF267_P2_4,ZNF267,0,-0.0181,0.1905
ZNF267_P2_5,ZNF267,0,-0.001669,0.1283
ZNF267_P2_6,ZNF267,0,-0.0001848,0.1552
ZNF268_1,ZNF268,0,0.009762,0.1734
ZNF268_2,ZNF268,0,-0.00999,0.141
ZNF268_3,ZNF268,0,-0.02593,0.3919
ZNF268_4,ZNF268,0,0.002167,0.1191
ZNF268_5,ZNF268,0,-0.01917,0.1933
ZNF268_6,ZNF268,0,-0.007262,0.08066
ZNF26_1,ZNF26,0,0.0006719,0.2896
ZNF26_2,ZNF26,0,-0.004654,0.147
ZNF26_3,ZNF26,0,-0.0949,0.5535
ZNF26_4,ZNF26,0,0.006057,0.0973
ZNF26_5,ZNF26,0,-0.03432,0.2029
ZNF26_6,ZNF26,0,-0.01282,0.139
ZNF273_P1_1,ZNF273,0,-0.0003675,0.1217
ZNF273_P1_2,ZNF273,0,-0.01304,0.1295
ZNF273_P1_3,ZNF273,0,0.01664,0.3015
ZNF273_P1_4,ZNF273,0,-0.01166,0.244
ZNF273_P1_5,ZNF273,0,-0.0005455,0.1116
ZNF273_P1_6,ZNF273,0,0.01256,0.1449
ZNF273_P2_1,ZNF273,0,0.00116,0.1551
ZNF273_P2_2,ZNF273,0,-0.03989,0.3089
ZNF273_P2_3,ZNF273,0,-0.001649,0.2377
ZNF273_P2_4,ZNF273,0,-0.0355,0.3706
ZNF273_P2_5,ZNF273,0,-0.01001,0.2083
ZNF273_P2_6,ZNF273,0,-0.004533,0.1337
ZNF274_1,ZNF274,0,0.005806,0.1217
ZNF274_2,ZNF274,0,-0.01042,0.178
ZNF274_3,ZNF274,0,-0.0006519,0.1687
ZNF274_4,ZNF274,0,-0.03547,0.248
ZNF274_5,ZNF274,0,-0.01524,0.1036
ZNF274_6,ZNF274,0,0.00666,0.1419
ZNF275_1,ZNF275,0,-0.02183,0.204
ZNF275_2,ZNF275,0,-0.02733,0.206
ZNF275_3,ZNF275,0,-0.01537,0.24
ZNF275_4,ZNF275,0,-0.009642,0.1729
ZNF275_5,ZNF275,0,0.007999,0.1151
ZNF275_6,ZNF275,0,-0.01105,0.2049
ZNF276_1,ZNF276,0,-0.002503,0.2077
ZNF276_2,ZNF276,0,-0.009732,0.214
ZNF276_3,ZNF276,0,-0.04991,0.2966
ZNF276_4,ZNF276,0,-0.01027,0.3257
ZNF276_5,ZNF276,0,-0.02611,0.1786
ZNF276_6,ZNF276,0,0.001915,0.09752
ZNF277_1,ZNF277,0,-0.0194,0.337
ZNF277_2,ZNF277,0,0.001651,0.1865
ZNF277_3,ZNF277,0,0.0003236,0.2607
ZNF277_4,ZNF277,0,-0.0112,0.2
ZNF277_5,ZNF277,0,-0.008801,0.1868
ZNF277_6,ZNF277,0,-9.196e-05,0.1174
ZNF280A_1,ZNF280A,0,0.008088,0.2033
ZNF280A_2,ZNF280A,0,-0.01773,0.1858
ZNF280A_3,ZNF280A,0,0.01516,0.1886
ZNF280A_4,ZNF280A,0,-0.004821,0.2275
ZNF280A_5,ZNF280A,0,-0.003172,0.1525
ZNF280A_6,ZNF280A,0,-0.04493,0.2961
ZNF280B_1,ZNF280B,0,-0.02889,0.3365
ZNF280B_2,ZNF280B,0,-0.005561,0.175
ZNF280B_3,ZNF280B,0,0.006063,0.3522
ZNF280B_4,ZNF280B,0,-0.0153,0.1802
ZNF280B_5,ZNF280B,0,-0.01601,0.1259
ZNF280B_6,ZNF280B,0,-0.002008,0.1403
ZNF280C_1,ZNF280C,0,-0.02457,0.2508
ZNF280C_2,ZNF280C,0,-0.02527,0.1639
ZNF280C_3,ZNF280C,0,-0.001829,0.1397
ZNF280C_4,ZNF280C,0,0.01459,0.1786
ZNF280C_5,ZNF280C,0,-0.005059,0.1945
ZNF280C_6,ZNF280C,0,-0.003214,0.1922
ZNF280D_1,ZNF280D,0,-0.01463,0.1561
ZNF280D_2,ZNF280D,0,0.002371,0.2114
ZNF280D_3,ZNF280D,0,0.002663,0.1548
ZNF280D_4,ZNF280D,0,-0.02282,0.1939
ZNF280D_5,ZNF280D,0,-0.005364,0.1069
ZNF280D_6,ZNF280D,0,0.001398,0.09969
ZNF281_1,ZNF281,0,-0.03544,0.3009
ZNF281_2,ZNF281,0,-0.005867,0.2215
ZNF281_3,ZNF281,0,-0.03394,0.2773
ZNF281_4,ZNF281,0,-0.0327,0.2947
ZNF281_5,ZNF281,0,-0.0123,0.1406
ZNF281_6,ZNF281,0,-0.01155,0.1533
ZNF282_1,ZNF282,0,-0.01387,0.2628
ZNF282_2,ZNF282,0,-0.01383,0.1526
ZNF282_3,ZNF282,0,-0.02586,0.1564
ZNF282_4,ZNF282,0,-0.03461,0.2424
ZNF282_5,ZNF282,0,0.01215,0.1319
ZNF282_6,ZNF282,0,-0.00937,0.166
ZNF283_1,ZNF283,0,-0.01543,0.174
ZNF283_2,ZNF283,0,-0.02519,0.2707
ZNF283_3,ZNF283,0,0.00375,0.07934
ZNF283_4,ZNF283,0,-0.00904,0.3153
ZNF283_5,ZNF283,0,-0.006856,0.2004
ZNF283_6,ZNF283,0,-0.01645,0.2029
ZNF284_1,ZNF284,0,-0.01427,0.2333
ZNF284_2,ZNF284,0,-0.005239,0.1662
ZNF284_3,ZNF284,0,-0.02225,0.1796
ZNF284_4,ZNF284,0,-0.09234,0.5694
ZNF284_5,ZNF284,0,-0.0003592,0.1342
ZNF284_6,ZNF284,0,-0.005793,0.1031
ZNF285_1,ZNF285,0,-0.01875,0.2265
ZNF285_2,ZNF285,0,-0.001961,0.1242
ZNF285_3,ZNF285,0,-0.02339,0.1901
ZNF285_4,ZNF285,0,0.007365,0.2037
ZNF285_5,ZNF285,0,0.007119,0.07464
ZNF285_6,ZNF285,0,-0.004735,0.1008
ZNF286A_1,ZNF286A,0,-0.007257,0.1499
ZNF286A_2,ZNF286A,0,-0.0003685,0.1244
ZNF286A_3,ZNF286A,0,-0.01525,0.4786
ZNF286A_4,ZNF286A,0,-0.2339,0.7628
ZNF286A_5,ZNF286A,0,0.01115,0.1292
ZNF286A_6,ZNF286A,0,0.001332,0.1256
ZNF286B_1,ZNF286B,0,-0.01811,0.3227
ZNF286B_2,ZNF286B,0,0.009198,0.2871
ZNF286B_4,ZNF286B,0,-0.003526,0.3546
ZNF286B_5,ZNF286B,0,-0.01977,0.2536
ZNF286B_6,ZNF286B,0,-0.03547,0.4259
ZNF287_1,ZNF287,0,-0.0176,0.1457
ZNF287_2,ZNF287,0,-0.007219,0.2068
ZNF287_3,ZNF287,0,-0.02443,0.2671
ZNF287_4,ZNF287,0,-0.01293,0.2298
ZNF287_5,ZNF287,0,-0.006124,0.1465
ZNF287_6,ZNF287,0,-0.01049,0.1361
ZNF28_1,ZNF28,0,-0.002667,0.1509
ZNF28_2,ZNF28,0,-0.002329,0.1211
ZNF28_3,ZNF28,0,-0.01534,0.2288
ZNF28_4,ZNF28,0,-0.03936,0.3224
ZNF28_5,ZNF28,0,-0.007647,0.1043
ZNF28_6,ZNF28,0,-0.01665,0.1703
ZNF292_1,ZNF292,0,-0.003279,0.1819
ZNF292_2,ZNF292,0,0.002667,0.1399
ZNF292_3,ZNF292,0,0.005246,0.1063
ZNF292_4,ZNF292,0,-0.006998,0.1856
ZNF292_5,ZNF292,0,-0.002274,0.07755
ZNF292_6,ZNF292,0,0.0008603,0.1038
ZNF296_1,ZNF296,0,-0.01269,0.1785
ZNF296_2,ZNF296,0,-0.003343,0.197
ZNF296_3,ZNF296,0,0.004061,0.1419
ZNF296_4,ZNF296,0,-0.001152,0.2036
ZNF296_5,ZNF296,0,-0.008346,0.1293
ZNF296_6,ZNF296,0,-0.01099,0.1238
ZNF2_1,ZNF2,0,-0.03736,0.413
ZNF2_2,ZNF2,0,-0.0277,0.3178
ZNF2_3,ZNF2,0,-0.004086,0.2092
ZNF2_4,ZNF2,0,-0.006221,0.1034
ZNF2_5,ZNF2,0,-0.072,0.4317
ZNF2_6,ZNF2,0,-0.0004778,0.1792
ZNF300_1,ZNF300,0,-0.0126,0.129
ZNF300_2,ZNF300,0,-0.01588,0.1777
ZNF300_3,ZNF300,0,-0.02001,0.2942
ZNF300_4,ZNF300,0,-0.03402,0.1895
ZNF300_5,ZNF300,0,-0.006305,0.1345
ZNF300_6,ZNF300,0,0.004505,0.1668
ZNF302_1,ZNF302,0,0.01036,0.1437
ZNF302_2,ZNF302,0,-0.00106,0.1363
ZNF302_3,ZNF302,0,0.01066,0.1785
ZNF302_4,ZNF302,0,0.0007795,0.1147
ZNF302_5,ZNF302,0,-0.009604,0.1224
ZNF302_6,ZNF302,0,-0.01502,0.1677
ZNF304_1,ZNF304,0,-0.0352,0.3022
ZNF304_2,ZNF304,0,-0.02675,0.4182
ZNF304_3,ZNF304,0,-0.005147,0.1438
ZNF304_4,ZNF304,0,0.004633,0.1309
ZNF304_5,ZNF304,0,0.007044,0.107
ZNF304_6,ZNF304,0,-0.01317,0.151
ZNF30_1,ZNF30,0,-0.01167,0.1754
ZNF30_2,ZNF30,0,-0.01864,0.1604
ZNF30_3,ZNF30,0,-0.02782,0.3167
ZNF30_4,ZNF30,0,-0.01739,0.2279
ZNF30_5,ZNF30,0,0.004322,0.1623
ZNF30_6,ZNF30,0,-0.006668,0.1862
ZNF311_1,ZNF311,0,-0.02053,0.3455
ZNF311_2,ZNF311,0,-0.02402,0.2013
ZNF311_3,ZNF311,0,-0.004138,0.2886
ZNF311_4,ZNF311,0,-0.04158,0.3754
ZNF311_5,ZNF311,0,-0.01237,0.1639
ZNF311_6,ZNF311,0,-0.009322,0.1702
ZNF317_1,ZNF317,0,-0.003927,0.09365
ZNF317_2,ZNF317,0,-0.01065,0.2295
ZNF317_3,ZNF317,0,0.009938,0.1955
ZNF317_4,ZNF317,0,0.00794,0.2653
ZNF317_5,ZNF317,0,0.00168,0.08837
ZNF317_6,ZNF317,0,-0.004331,0.1554
ZNF318_1,ZNF318,0,0.0008203,0.1767
ZNF318_2,ZNF318,0,-0.06106,0.3367
ZNF318_3,ZNF318,0,0.001372,0.2365
ZNF318_4,ZNF318,0,-0.03313,0.2899
ZNF318_5,ZNF318,0,-0.01862,0.2337
ZNF318_6,ZNF318,0,-0.006865,0.137
ZNF319_P1_1,ZNF319,0,-0.01271,0.1914
ZNF319_P1_2,ZNF319,0,0.003136,0.1832
ZNF319_P1_3,ZNF319,0,-0.01568,0.1889
ZNF319_P1_4,ZNF319,0,-0.003984,0.1836
ZNF319_P1_5,ZNF319,0,-0.006783,0.09664
ZNF319_P1_6,ZNF319,0,-0.02062,0.2068
ZNF319_P2_1,ZNF319,0,-0.0009251,0.1326
ZNF319_P2_2,ZNF319,0,-0.009358,0.1503
ZNF319_P2_3,ZNF319,0,0.006423,0.1898
ZNF319_P2_4,ZNF319,0,-0.01302,0.1394
ZNF319_P2_5,ZNF319,0,0.004465,0.1719
ZNF319_P2_6,ZNF319,0,-0.003777,0.08647
ZNF320_1,ZNF320,0,-0.008725,0.2836
ZNF320_2,ZNF320,0,0.002282,0.1452
ZNF320_3,ZNF320,0,0.02263,0.2771
ZNF320_4,ZNF320,0,0.004805,0.1471
ZNF320_5,ZNF320,0,-0.007444,0.1404
ZNF320_6,ZNF320,0,-0.01274,0.1585
ZNF322_1,ZNF322,0,0.02292,0.2439
ZNF322_2,ZNF322,0,-0.009428,0.2211
ZNF322_3,ZNF322,0,-0.003305,0.1907
ZNF322_4,ZNF322,0,-0.02655,0.3616
ZNF322_5,ZNF322,0,-0.01691,0.1897
ZNF322_6,ZNF322,0,0.009814,0.109
ZNF324B_1,ZNF324B,0,-0.01324,0.146
ZNF324B_2,ZNF324B,0,-0.02504,0.1855
ZNF324B_3,ZNF324B,0,-0.00202,0.1386
ZNF324B_4,ZNF324B,0,0.001942,0.4047
ZNF324B_5,ZNF324B,0,-0.02978,0.2188
ZNF324B_6,ZNF324B,0,-0.02079,0.1734
ZNF324_1,ZNF324,0,-0.001513,0.3197
ZNF324_2,ZNF324,0,-0.01802,0.1645
ZNF324_3,ZNF324,0,-0.01474,0.266
ZNF324_4,ZNF324,0,-0.004672,0.1433
ZNF324_5,ZNF324,0,0.00579,0.1385
ZNF324_6,ZNF324,0,-0.0138,0.1367
ZNF326_1,ZNF326,0,-0.0117,0.1314
ZNF326_2,ZNF326,0,0.006104,0.2842
ZNF326_3,ZNF326,0,-0.0204,0.2176
ZNF326_4,ZNF326,0,0.003758,0.2402
ZNF326_5,ZNF326,0,-0.008006,0.1689
ZNF326_6,ZNF326,0,-0.007456,0.1384
ZNF329_P1_1,ZNF329,0,-0.005569,0.1882
ZNF329_P1_2,ZNF329,0,-0.01371,0.2016
ZNF329_P1_3,ZNF329,0,-0.01503,0.1373
ZNF329_P1_4,ZNF329,0,-0.01238,0.1846
ZNF329_P1_5,ZNF329,0,0.002536,0.0906
ZNF329_P1_6,ZNF329,0,-0.01647,0.1244
ZNF329_P2_1,ZNF329,0,0.01098,0.136
ZNF329_P2_2,ZNF329,0,0.000117,0.18
ZNF329_P2_3,ZNF329,0,0.003087,0.1455
ZNF329_P2_4,ZNF329,0,-0.09218,0.4067
ZNF329_P2_5,ZNF329,0,0.006779,0.1394
ZNF329_P2_6,ZNF329,0,-0.007452,0.1079
ZNF32_1,ZNF32,0,-0.0119,0.1265
ZNF32_2,ZNF32,0,-0.01855,0.211
ZNF32_3,ZNF32,0,-0.034,0.2205
ZNF32_4,ZNF32,0,-0.01343,0.2376
ZNF32_5,ZNF32,0,-0.004507,0.1948
ZNF32_6,ZNF32,0,-0.01032,0.1097
ZNF330_1,ZNF330,0,-0.009076,0.1303
ZNF330_2,ZNF330,0,-0.01155,0.2014
ZNF330_3,ZNF330,0,-0.0196,0.2785
ZNF330_4,ZNF330,0,-0.008534,0.2697
ZNF330_5,ZNF330,0,-0.003422,0.06978
ZNF330_6,ZNF330,0,-0.07636,0.4229
ZNF331_P1_1,ZNF331,0,-0.01429,0.2087
ZNF331_P1_2,ZNF331,0,-0.02947,0.2212
ZNF331_P1_3,ZNF331,0,0.01499,0.1696
ZNF331_P1_4,ZNF331,0,-0.02292,0.1302
ZNF331_P1_5,ZNF331,0,0.0007208,0.09116
ZNF331_P1_6,ZNF331,0,0.005811,0.1594
ZNF331_P2_1,ZNF331,0,-0.00542,0.2166
ZNF331_P2_2,ZNF331,0,-0.04151,0.3865
ZNF331_P2_3,ZNF331,0,-0.005126,0.2179
ZNF331_P2_4,ZNF331,0,0.00372,0.254
ZNF331_P2_5,ZNF331,0,0.0009782,0.1147
ZNF331_P2_6,ZNF331,0,-0.01228,0.1694
ZNF333_1,ZNF333,0,-0.04558,0.232
ZNF333_2,ZNF333,0,-0.005759,0.2374
ZNF333_3,ZNF333,0,-0.03101,0.2764
ZNF333_4,ZNF333,0,-0.01665,0.2408
ZNF333_5,ZNF333,0,-0.005176,0.1026
ZNF333_6,ZNF333,0,-0.003329,0.09038
ZNF334_1,ZNF334,0,-0.01179,0.2618
ZNF334_2,ZNF334,0,-0.003581,0.1625
ZNF334_3,ZNF334,0,-0.01177,0.2753
ZNF334_4,ZNF334,0,-0.03424,0.2092
ZNF334_5,ZNF334,0,-0.001503,0.153
ZNF334_6,ZNF334,0,-0.00639,0.09361
ZNF335_1,ZNF335,0,-0.002314,0.1332
ZNF335_2,ZNF335,0,-0.1501,0.5238
ZNF335_3,ZNF335,0,0.0001605,0.09082
ZNF335_4,ZNF335,0,-0.02605,0.3454
ZNF335_5,ZNF335,0,-0.01308,0.09575
ZNF335_6,ZNF335,0,0.009155,0.1075
ZNF337_1,ZNF337,0,-0.008281,0.2046
ZNF337_2,ZNF337,0,0.0008901,0.1723
ZNF337_3,ZNF337,0,-0.0179,0.172
ZNF337_4,ZNF337,0,-0.01745,0.2086
ZNF337_5,ZNF337,0,-0.00282,0.1027
ZNF337_6,ZNF337,0,-0.001016,0.1896
ZNF33A_1,ZNF33A,0,-0.03301,0.3171
ZNF33A_2,ZNF33A,0,-0.01261,0.1228
ZNF33A_3,ZNF33A,0,0.01995,0.2242
ZNF33A_4,ZNF33A,0,-0.01275,0.2432
ZNF33A_5,ZNF33A,0,0.003082,0.1303
ZNF33A_6,ZNF33A,0,-0.02056,0.1593
ZNF33B_1,ZNF33B,0,-0.01597,0.2262
ZNF33B_2,ZNF33B,0,-0.008981,0.1253
ZNF33B_3,ZNF33B,0,-0.04062,0.4299
ZNF33B_4,ZNF33B,0,-0.00944,0.1581
ZNF33B_5,ZNF33B,0,-0.01878,0.2048
ZNF33B_6,ZNF33B,0,-0.01369,0.1609
ZNF341_P1_1,ZNF341,0,-0.001484,0.2927
ZNF341_P1_2,ZNF341,0,-0.04421,0.2974
ZNF341_P1_3,ZNF341,0,-0.0001853,0.1453
ZNF341_P1_4,ZNF341,0,-0.01795,0.2139
ZNF341_P1_5,ZNF341,0,-0.01629,0.1358
ZNF341_P1_6,ZNF341,0,-0.005825,0.09436
ZNF341_P2_1,ZNF341,0,-0.01528,0.1916
ZNF341_P2_2,ZNF341,0,-0.004243,0.104
ZNF341_P2_3,ZNF341,0,-0.04925,0.3102
ZNF341_P2_4,ZNF341,0,0.007636,0.2044
ZNF341_P2_5,ZNF341,0,-0.02221,0.3891
ZNF341_P2_6,ZNF341,0,-0.01453,0.1473
ZNF343_1,ZNF343,0,-0.0274,0.2652
ZNF343_2,ZNF343,0,-0.02512,0.1789
ZNF343_3,ZNF343,0,-0.01289,0.4298
ZNF343_4,ZNF343,0,-0.006334,0.2123
ZNF343_5,ZNF343,0,-0.006649,0.1329
ZNF343_6,ZNF343,0,-0.008063,0.2058
ZNF345_1,ZNF345,0,-0.0002513,0.2223
ZNF345_2,ZNF345,0,-0.01371,0.2344
ZNF345_3,ZNF345,0,-0.009158,0.1528
ZNF345_4,ZNF345,0,-0.01564,0.2604
ZNF345_5,ZNF345,0,-0.019,0.1434
ZNF345_6,ZNF345,0,-0.005372,0.09599
ZNF346_1,ZNF346,0,-0.01774,0.3505
ZNF346_2,ZNF346,0,-0.009918,0.1754
ZNF346_3,ZNF346,0,-0.01491,0.1717
ZNF346_4,ZNF346,0,-0.02747,0.2267
ZNF346_5,ZNF346,0,-0.000598,0.134
ZNF346_6,ZNF346,0,-0.01024,0.1667
ZNF347_1,ZNF347,0,-0.01153,0.1973
ZNF347_2,ZNF347,0,0.0004764,0.2124
ZNF347_3,ZNF347,0,-0.005479,0.2678
ZNF347_4,ZNF347,0,-0.009743,0.201
ZNF347_5,ZNF347,0,-0.008992,0.1155
ZNF347_6,ZNF347,0,-0.0051,0.07455
ZNF34_1,ZNF34,0,-0.007395,0.1636
ZNF34_2,ZNF34,0,-0.002918,0.2621
ZNF34_3,ZNF34,0,-0.008374,0.2715
ZNF34_4,ZNF34,0,0.0008591,0.19
ZNF34_5,ZNF34,0,-0.007117,0.1313
ZNF34_6,ZNF34,0,-0.006423,0.1281
ZNF350_1,ZNF350,0,-0.01164,0.1267
ZNF350_2,ZNF350,0,-0.0004933,0.1071
ZNF350_3,ZNF350,0,-0.02916,0.2015
ZNF350_4,ZNF350,0,-0.0246,0.3478
ZNF350_5,ZNF350,0,-0.0004738,0.1138
ZNF350_6,ZNF350,0,-0.01176,0.1408
ZNF354A_1,ZNF354A,0,0.001581,0.1382
ZNF354A_2,ZNF354A,0,0.004725,0.1725
ZNF354A_3,ZNF354A,0,-2.334e-05,0.334
ZNF354A_4,ZNF354A,0,-0.009318,0.2409
ZNF354A_5,ZNF354A,0,-0.004749,0.09071
ZNF354A_6,ZNF354A,0,0.005195,0.1759
ZNF354B_1,ZNF354B,0,-0.004498,0.2022
ZNF354B_2,ZNF354B,0,-0.01348,0.2354
ZNF354B_3,ZNF354B,0,-0.02322,0.3208
ZNF354B_4,ZNF354B,0,-0.001136,0.1972
ZNF354B_5,ZNF354B,0,-0.02008,0.1598
ZNF354B_6,ZNF354B,0,0.00254,0.1332
ZNF354C_1,ZNF354C,0,-0.00449,0.2255
ZNF354C_2,ZNF354C,0,-0.0179,0.2712
ZNF354C_3,ZNF354C,0,-0.01497,0.1571
ZNF354C_4,ZNF354C,0,-0.009942,0.2848
ZNF354C_5,ZNF354C,0,-0.001938,0.08317
ZNF354C_6,ZNF354C,0,-0.002581,0.1459
ZNF358_P1_1,ZNF358,0,-0.02381,0.1502
ZNF358_P1_2,ZNF358,0,-0.02666,0.2501
ZNF358_P1_3,ZNF358,0,-0.02111,0.3403
ZNF358_P1_4,ZNF358,0,-0.01253,0.2307
ZNF358_P1_5,ZNF358,0,-0.02223,0.1832
ZNF358_P1_6,ZNF358,0,-0.02247,0.2778
ZNF358_P2_1,ZNF358,0,-0.008281,0.1762
ZNF358_P2_2,ZNF358,0,-0.00902,0.2041
ZNF358_P2_3,ZNF358,0,-0.01497,0.2139
ZNF358_P2_4,ZNF358,0,-0.01461,0.1358
ZNF358_P2_5,ZNF358,0,-0.02165,0.336
ZNF358_P2_6,ZNF358,0,-0.01588,0.1259
ZNF35_1,ZNF35,0,-0.01097,0.1937
ZNF35_2,ZNF35,0,-0.03272,0.259
ZNF35_3,ZNF35,0,-0.08214,0.4076
ZNF35_4,ZNF35,0,-0.01892,0.1253
ZNF35_5,ZNF35,0,-0.002767,0.09597
ZNF35_6,ZNF35,0,-0.001829,0.1337
ZNF362_1,ZNF362,0,-0.00508,0.2032
ZNF362_2,ZNF362,0,-0.03862,0.2314
ZNF362_3,ZNF362,0,-0.06212,0.4382
ZNF362_4,ZNF362,0,-0.02035,0.1981
ZNF362_5,ZNF362,0,0.0004755,0.1712
ZNF362_6,ZNF362,0,0.001975,0.1271
ZNF365_1,ZNF365,0,-0.02162,0.2132
ZNF365_2,ZNF365,0,-0.01602,0.1533
ZNF365_3,ZNF365,0,-0.01148,0.1403
ZNF365_4,ZNF365,0,-0.005271,0.2172
ZNF365_5,ZNF365,0,-0.00669,0.08966
ZNF365_6,ZNF365,0,-0.0024,0.1102
ZNF366_1,ZNF366,0,-0.005842,0.1324
ZNF366_2,ZNF366,0,-0.01143,0.1924
ZNF366_3,ZNF366,0,-0.03062,0.3256
ZNF366_4,ZNF366,0,-0.07285,0.3598
ZNF366_5,ZNF366,0,-0.00344,0.1434
ZNF366_6,ZNF366,0,-0.01164,0.1349
ZNF367_1,ZNF367,0,-0.008923,0.2295
ZNF367_2,ZNF367,0,0.002771,0.179
ZNF367_3,ZNF367,0,-0.02051,0.1936
ZNF367_4,ZNF367,0,-0.01245,0.198
ZNF367_5,ZNF367,0,-0.0137,0.2039
ZNF367_6,ZNF367,0,-0.002525,0.1362
ZNF37A_1,ZNF37A,0,0.004389,0.09023
ZNF37A_2,ZNF37A,0,-0.008462,0.1833
ZNF37A_3,ZNF37A,0,-0.01811,0.2441
ZNF37A_4,ZNF37A,0,0.004743,0.3095
ZNF37A_5,ZNF37A,0,-0.01648,0.1379
ZNF37A_6,ZNF37A,0,-0.002155,0.1152
ZNF382_1,ZNF382,1,-0.01236,0.1975
ZNF382_2,ZNF382,0,-0.008437,0.1654
ZNF382_3,ZNF382,1,-0.005719,0.1511
ZNF382_4,ZNF382,0,0.0001923,0.1029
ZNF382_5,ZNF382,0,-0.01276,0.1303
ZNF382_6,ZNF382,0,0.008131,0.1482
ZNF383_1,ZNF383,0,0.0009359,0.1923
ZNF383_2,ZNF383,0,-0.01071,0.2419
ZNF383_3,ZNF383,0,-0.004561,0.3815
ZNF383_4,ZNF383,0,0.009216,0.2193
ZNF383_5,ZNF383,0,-0.02055,0.1642
ZNF383_6,ZNF383,0,-0.005864,0.1022
ZNF384_1,ZNF384,0,-0.05704,0.3925
ZNF384_2,ZNF384,0,-0.005614,0.1817
ZNF384_3,ZNF384,0,0.01259,0.2042
ZNF384_4,ZNF384,0,-0.03898,0.3679
ZNF384_5,ZNF384,0,-0.013,0.1357
ZNF384_6,ZNF384,0,-0.004008,0.1715
ZNF385A_P1_1,ZNF385A,0,0.008791,0.1897
ZNF385A_P1_2,ZNF385A,0,-0.005083,0.1759
ZNF385A_P1_3,ZNF385A,0,-0.01167,0.1849
ZNF385A_P1_4,ZNF385A,0,0.0008746,0.3844
ZNF385A_P1_5,ZNF385A,0,-0.003387,0.06429
ZNF385A_P1_6,ZNF385A,0,-0.02528,0.2423
ZNF385A_P2_1,ZNF385A,0,-0.02199,0.2654
ZNF385A_P2_2,ZNF385A,0,-0.006231,0.2505
ZNF385A_P2_3,ZNF385A,0,-0.008064,0.1704
ZNF385A_P2_4,ZNF385A,0,-0.01,0.1548
ZNF385A_P2_5,ZNF385A,0,-0.02825,0.1806
ZNF385A_P2_6,ZNF385A,0,-0.003155,0.1299
ZNF385B_1,ZNF385B,0,-0.001574,0.1484
ZNF385B_2,ZNF385B,0,-0.008306,0.2132
ZNF385B_3,ZNF385B,0,-0.05751,0.44
ZNF385B_4,ZNF385B,0,-0.01632,0.1749
ZNF385B_5,ZNF385B,0,0.008055,0.1145
ZNF385B_6,ZNF385B,0,-0.01107,0.3188
ZNF385C_1,ZNF385C,0,0.003776,0.1873
ZNF385C_2,ZNF385C,0,-0.006432,0.1583
ZNF385C_3,ZNF385C,0,-0.01272,0.2183
ZNF385C_4,ZNF385C,0,0.003594,0.07862
ZNF385C_5,ZNF385C,0,-0.01086,0.1193
ZNF385C_6,ZNF385C,0,-0.02444,0.1929
ZNF385D_1,ZNF385D,0,-0.0003573,0.1561
ZNF385D_2,ZNF385D,0,-0.01164,0.2559
ZNF385D_3,ZNF385D,0,-0.03026,0.2591
ZNF385D_4,ZNF385D,0,-0.02491,0.3123
ZNF385D_5,ZNF385D,0,-0.007698,0.1112
ZNF385D_6,ZNF385D,0,0.0006913,0.1509
ZNF391_1,ZNF391,0,-0.02957,0.3234
ZNF391_2,ZNF391,0,-0.03058,0.3098
ZNF391_3,ZNF391,0,-0.01002,0.1995
ZNF391_4,ZNF391,0,-0.04395,0.4094
ZNF391_5,ZNF391,0,-0.01488,0.1968
ZNF391_6,ZNF391,0,-0.01363,0.1758
ZNF394_1,ZNF394,0,-0.008284,0.127
ZNF394_2,ZNF394,0,-0.01386,0.1356
ZNF394_3,ZNF394,0,-0.0475,0.2469
ZNF394_4,ZNF394,0,-0.00429,0.118
ZNF394_5,ZNF394,0,-0.009409,0.1405
ZNF394_6,ZNF394,0,-0.01013,0.1837
ZNF395_1,ZNF395,0,-0.08112,0.4159
ZNF395_2,ZNF395,0,-0.01898,0.2326
ZNF395_3,ZNF395,0,-0.04205,0.3524
ZNF395_4,ZNF395,0,-0.006391,0.1315
ZNF395_5,ZNF395,0,0.004501,0.1251
ZNF395_6,ZNF395,0,-0.004275,0.08523
ZNF396_1,ZNF396,0,-0.002637,0.1433
ZNF396_2,ZNF396,0,-0.009008,0.1709
ZNF396_3,ZNF396,0,-0.001839,0.224
ZNF396_4,ZNF396,0,0.00547,0.1002
ZNF396_5,ZNF396,0,0.002077,0.1077
ZNF396_6,ZNF396,0,-0.005889,0.1083
ZNF397_1,ZNF397,0,-0.08544,0.4736
ZNF397_2,ZNF397,0,0.007951,0.1615
ZNF397_3,ZNF397,0,0.003036,0.1111
ZNF397_4,ZNF397,0,0.003939,0.1798
ZNF397_5,ZNF397,0,-0.005137,0.1684
ZNF397_6,ZNF397,0,-0.007641,0.1178
ZNF398_1,ZNF398,0,-0.0237,0.1702
ZNF398_2,ZNF398,0,-0.01341,0.1835
ZNF398_3,ZNF398,0,-0.002324,0.2203
ZNF398_4,ZNF398,0,-0.01811,0.35
ZNF398_5,ZNF398,0,-0.01332,0.1225
ZNF398_6,ZNF398,0,-0.01982,0.166
ZNF3_1,ZNF3,0,-0.0006676,0.1674
ZNF3_2,ZNF3,0,-0.01648,0.1747
ZNF3_3,ZNF3,0,-0.0128,0.09401
ZNF3_4,ZNF3,0,-0.01122,0.2158
ZNF3_5,ZNF3,0,0.003687,0.1063
ZNF3_6,ZNF3,0,-0.007056,0.186
ZNF404_1,ZNF404,0,-0.003382,0.1785
ZNF404_2,ZNF404,0,-0.01346,0.144
ZNF404_3,ZNF404,0,-0.007677,0.1081
ZNF404_4,ZNF404,0,-0.001926,0.1276
ZNF404_5,ZNF404,0,-0.002226,0.2021
ZNF404_6,ZNF404,0,-0.02132,0.1938
ZNF407_1,ZNF407,0,-0.01201,0.1572
ZNF407_2,ZNF407,0,-0.003258,0.1115
ZNF407_3,ZNF407,0,-0.007138,0.1506
ZNF407_4,ZNF407,0,-0.04187,0.3737
ZNF407_5,ZNF407,0,-0.02179,0.1892
ZNF407_6,ZNF407,0,-0.004227,0.1194
ZNF408_1,ZNF408,0,-0.01341,0.2029
ZNF408_2,ZNF408,0,-0.01484,0.1781
ZNF408_3,ZNF408,0,-0.001269,0.194
ZNF408_4,ZNF408,0,-0.001628,0.1063
ZNF408_5,ZNF408,0,-0.003474,0.1106
ZNF408_6,ZNF408,0,-0.01911,0.1806
ZNF410_1,ZNF410,0,-0.001379,0.1679
ZNF410_2,ZNF410,0,0.003213,0.2528
ZNF410_3,ZNF410,0,-0.02992,0.2541
ZNF410_4,ZNF410,0,-0.002405,0.1854
ZNF410_5,ZNF410,0,-0.01277,0.2147
ZNF410_6,ZNF410,0,-0.000611,0.2204
ZNF414_1,ZNF414,0,-0.03478,0.2291
ZNF414_2,ZNF414,0,0.001801,0.1936
ZNF414_3,ZNF414,0,-0.01089,0.1829
ZNF414_4,ZNF414,0,-0.01972,0.2988
ZNF414_5,ZNF414,0,0.001599,0.1213
ZNF414_6,ZNF414,0,0.005184,0.1249
ZNF415_1,ZNF415,0,0.006657,0.1161
ZNF415_2,ZNF415,0,-0.001869,0.1722
ZNF415_3,ZNF415,0,-0.002618,0.1947
ZNF415_4,ZNF415,0,0.007377,0.06763
ZNF415_5,ZNF415,0,-0.01641,0.1065
ZNF415_6,ZNF415,0,-0.007168,0.1344
ZNF416_1,ZNF416,0,-0.007847,0.2454
ZNF416_2,ZNF416,0,-0.002054,0.2664
ZNF416_3,ZNF416,0,-0.009268,0.1411
ZNF416_4,ZNF416,0,-0.02918,0.2883
ZNF416_5,ZNF416,0,0.004339,0.06452
ZNF416_6,ZNF416,0,-0.006106,0.1238
ZNF417_1,ZNF417,0,-0.01809,0.1586
ZNF417_2,ZNF417,0,-0.01482,0.2071
ZNF417_3,ZNF417,0,-0.03131,0.4015
ZNF417_4,ZNF417,0,-0.01741,0.2662
ZNF417_5,ZNF417,0,-0.001374,0.1109
ZNF417_6,ZNF417,0,-0.04151,0.1835
ZNF418_1,ZNF418,0,-0.01503,0.1339
ZNF418_2,ZNF418,0,-0.003922,0.1766
ZNF418_3,ZNF418,0,-0.01616,0.1522
ZNF418_4,ZNF418,0,-0.01779,0.158
ZNF418_5,ZNF418,0,-0.0009707,0.1402
ZNF418_6,ZNF418,0,-0.01095,0.141
ZNF419_1,ZNF419,0,0.002109,0.1677
ZNF419_2,ZNF419,0,-0.01891,0.234
ZNF419_3,ZNF419,0,-0.01702,0.2058
ZNF419_4,ZNF419,0,-0.02259,0.2131
ZNF419_5,ZNF419,0,-0.03044,0.2343
ZNF419_6,ZNF419,0,-0.01503,0.2214
ZNF41_1,ZNF41,0,-0.008925,0.235
ZNF41_2,ZNF41,0,-0.01154,0.2142
ZNF41_3,ZNF41,0,-0.02029,0.2349
ZNF41_4,ZNF41,0,-0.01352,0.1478
ZNF41_5,ZNF41,0,-0.00418,0.1058
ZNF41_6,ZNF41,0,-0.005348,0.185
ZNF420_1,ZNF420,0,-0.01149,0.2103
ZNF420_2,ZNF420,0,0.007618,0.1824
ZNF420_3,ZNF420,0,-0.001902,0.08815
ZNF420_4,ZNF420,0,-0.004444,0.2353
ZNF420_5,ZNF420,0,-0.003062,0.1935
ZNF420_6,ZNF420,0,-0.009898,0.09281
ZNF423_P1_1,ZNF423,0,-0.0001407,0.09994
ZNF423_P1_2,ZNF423,0,-0.005642,0.196
ZNF423_P1_3,ZNF423,0,-0.03263,0.2547
ZNF423_P1_4,ZNF423,0,-0.003864,0.1098
ZNF423_P1_5,ZNF423,0,-0.004701,0.1252
ZNF423_P1_6,ZNF423,0,0.001101,0.07321
ZNF423_P2_1,ZNF423,0,-0.009578,0.1223
ZNF423_P2_2,ZNF423,0,0.001587,0.1094
ZNF423_P2_3,ZNF423,0,-0.04376,0.3117
ZNF423_P2_4,ZNF423,0,-0.00149,0.1205
ZNF423_P2_5,ZNF423,0,-0.02086,0.1983
ZNF423_P2_6,ZNF423,0,0.008307,0.2226
ZNF425_1,ZNF425,0,-0.01133,0.2083
ZNF425_2,ZNF425,0,-0.001122,0.3077
ZNF425_3,ZNF425,0,-0.0189,0.168
ZNF425_4,ZNF425,0,-0.112,0.5216
ZNF425_5,ZNF425,0,-0.01951,0.2131
ZNF425_6,ZNF425,0,-0.006406,0.08894
ZNF426_1,ZNF426,0,-0.001682,0.2386
ZNF426_2,ZNF426,0,0.0006711,0.2163
ZNF426_3,ZNF426,0,-0.01262,0.2226
ZNF426_4,ZNF426,0,0.0009109,0.1008
ZNF426_5,ZNF426,0,-0.01257,0.1683
ZNF426_6,ZNF426,0,-0.006718,0.1404
ZNF428_1,ZNF428,0,0.001317,0.2625
ZNF428_2,ZNF428,0,-0.01751,0.2129
ZNF428_3,ZNF428,0,0.003782,0.1702
ZNF428_4,ZNF428,0,0.001016,0.2408
ZNF428_5,ZNF428,0,0.01062,0.1307
ZNF428_6,ZNF428,0,0.005117,0.155
ZNF429_1,ZNF429,0,0.002238,0.1178
ZNF429_2,ZNF429,0,0.009638,0.218
ZNF429_3,ZNF429,0,0.02651,0.2106
ZNF429_4,ZNF429,0,-0.01669,0.1754
ZNF429_5,ZNF429,0,-0.006009,0.07788
ZNF429_6,ZNF429,0,-0.008965,0.09018
ZNF430_1,ZNF430,0,-0.00184,0.1614
ZNF430_2,ZNF430,0,0.008155,0.1978
ZNF430_3,ZNF430,0,-0.02972,0.2117
ZNF430_4,ZNF430,0,-0.005647,0.1827
ZNF430_5,ZNF430,0,-0.004886,0.1547
ZNF430_6,ZNF430,0,-0.003853,0.1075
ZNF431_1,ZNF431,0,-0.02389,0.3695
ZNF431_2,ZNF431,0,-0.01593,0.1442
ZNF431_3,ZNF431,0,-0.001045,0.1682
ZNF431_4,ZNF431,0,-0.0155,0.2228
ZNF431_5,ZNF431,0,-0.01182,0.1285
ZNF431_6,ZNF431,0,-0.01334,0.1226
ZNF432_1,ZNF432,0,-0.02036,0.2064
ZNF432_2,ZNF432,0,-0.05904,0.3384
ZNF432_3,ZNF432,0,0.001956,0.1039
ZNF432_4,ZNF432,0,-0.04963,0.366
ZNF432_5,ZNF432,0,-0.001442,0.1128
ZNF432_6,ZNF432,0,-0.001084,0.1695
ZNF433_1,ZNF433,0,0.01956,0.1557
ZNF433_2,ZNF433,0,-0.02274,0.2141
ZNF433_3,ZNF433,0,-0.003037,0.2993
ZNF433_4,ZNF433,0,-0.0008347,0.1375
ZNF433_5,ZNF433,0,0.009086,0.1415
ZNF433_6,ZNF433,0,0.004123,0.1336
ZNF436_P1_1,ZNF436,0,-0.04906,0.2575
ZNF436_P1_2,ZNF436,0,-0.02374,0.2174
ZNF436_P1_3,ZNF436,0,-0.02963,0.2822
ZNF436_P1_4,ZNF436,0,-0.003847,0.1856
ZNF436_P1_5,ZNF436,0,-0.0435,0.3098
ZNF436_P1_6,ZNF436,0,0.00378,0.1283
ZNF436_P2_1,ZNF436,0,0.003104,0.2492
ZNF436_P2_2,ZNF436,0,-0.006346,0.1647
ZNF436_P2_3,ZNF436,0,-0.02976,0.2314
ZNF436_P2_4,ZNF436,0,-0.002762,0.1551
ZNF436_P2_5,ZNF436,0,0.0117,0.1103
ZNF436_P2_6,ZNF436,0,0.01597,0.1531
ZNF438_P1_1,ZNF438,0,-0.001854,0.1647
ZNF438_P1_2,ZNF438,0,-0.01641,0.2691
ZNF438_P1_3,ZNF438,0,-0.02114,0.2335
ZNF438_P1_4,ZNF438,0,-0.006912,0.1357
ZNF438_P1_5,ZNF438,0,-0.003131,0.1618
ZNF438_P1_6,ZNF438,0,0.001583,0.1774
ZNF438_P2_1,ZNF438,0,-0.0001048,0.2559
ZNF438_P2_2,ZNF438,0,-0.02416,0.1495
ZNF438_P2_3,ZNF438,0,-0.0122,0.251
ZNF438_P2_4,ZNF438,0,-0.01009,0.1901
ZNF438_P2_5,ZNF438,0,-0.0004782,0.1013
ZNF438_P2_6,ZNF438,0,0.001428,0.1581
ZNF439_1,ZNF439,0,-0.001622,0.1032
ZNF439_2,ZNF439,0,-0.001709,0.1199
ZNF439_3,ZNF439,0,-0.008659,0.124
ZNF439_4,ZNF439,0,0.001709,0.1928
ZNF439_5,ZNF439,0,-0.0005186,0.1259
ZNF439_6,ZNF439,0,-0.0247,0.1322
ZNF43_P1_1,ZNF43,0,-0.02151,0.2761
ZNF43_P1_2,ZNF43,0,-0.01376,0.09204
ZNF43_P1_3,ZNF43,0,-0.02949,0.2295
ZNF43_P1_4,ZNF43,0,-0.008422,0.1553
ZNF43_P1_5,ZNF43,0,-0.005052,0.06499
ZNF43_P1_6,ZNF43,0,0.005016,0.1262
ZNF43_P2_1,ZNF43,0,-0.01385,0.2089
ZNF43_P2_2,ZNF43,0,0.005074,0.1965
ZNF43_P2_3,ZNF43,0,-0.02003,0.194
ZNF43_P2_4,ZNF43,0,-0.02541,0.2171
ZNF43_P2_5,ZNF43,0,-0.005589,0.06761
ZNF43_P2_6,ZNF43,0,-0.0003758,0.1493
ZNF440_1,ZNF440,0,-0.02469,0.2487
ZNF440_2,ZNF440,0,0.008537,0.1618
ZNF440_3,ZNF440,0,-0.00218,0.09599
ZNF440_4,ZNF440,0,-0.009312,0.1293
ZNF440_5,ZNF440,0,-0.008626,0.2067
ZNF440_6,ZNF440,0,-0.001913,0.152
ZNF441_1,ZNF441,0,-0.004993,0.1576
ZNF441_2,ZNF441,0,-0.02199,0.2704
ZNF441_3,ZNF441,0,-0.01611,0.1995
ZNF441_4,ZNF441,0,-0.0009812,0.2356
ZNF441_5,ZNF441,0,-0.005391,0.1043
ZNF441_6,ZNF441,0,-0.01742,0.1197
ZNF442_1,ZNF442,0,-0.008584,0.1357
ZNF442_2,ZNF442,0,-0.0009102,0.2117
ZNF442_3,ZNF442,0,-0.02314,0.1713
ZNF442_4,ZNF442,0,-0.03748,0.2733
ZNF442_5,ZNF442,0,-0.009363,0.164
ZNF442_6,ZNF442,0,-0.00604,0.1311
ZNF443_1,ZNF443,0,-0.02087,0.1743
ZNF443_2,ZNF443,0,-0.0293,0.3493
ZNF443_3,ZNF443,0,-0.0543,0.2333
ZNF443_4,ZNF443,0,-0.008916,0.2686
ZNF443_5,ZNF443,0,0.00103,0.1766
ZNF443_6,ZNF443,0,-0.0006688,0.1284
ZNF444_1,ZNF444,0,-0.004101,0.1689
ZNF444_2,ZNF444,0,0.005566,0.2248
ZNF444_3,ZNF444,0,-0.006347,0.1703
ZNF444_4,ZNF444,0,-0.0009611,0.1202
ZNF444_5,ZNF444,0,-0.007733,0.1411
ZNF444_6,ZNF444,0,-0.003786,0.1332
ZNF445_1,ZNF445,0,0.0002649,0.2171
ZNF445_2,ZNF445,0,-0.04778,0.3898
ZNF445_3,ZNF445,0,0.01068,0.1922
ZNF445_4,ZNF445,0,-0.02054,0.1819
ZNF445_5,ZNF445,0,-0.01887,0.1827
ZNF445_6,ZNF445,0,0.002043,0.08317
ZNF446_1,ZNF446,0,-0.001065,0.1951
ZNF446_2,ZNF446,0,-0.004485,0.1599
ZNF446_3,ZNF446,0,-0.04629,0.394
ZNF446_4,ZNF446,0,-0.02441,0.2301
ZNF446_5,ZNF446,0,0.002777,0.1017
ZNF446_6,ZNF446,0,-0.003703,0.07608
ZNF449_1,ZNF449,0,-0.02388,0.2194
ZNF449_2,ZNF449,0,-0.0002131,0.2113
ZNF449_3,ZNF449,0,0.0007667,0.1065
ZNF449_4,ZNF449,0,-0.01469,0.1947
ZNF449_5,ZNF449,0,-0.01968,0.1508
ZNF449_6,ZNF449,0,-0.005982,0.1147
ZNF44_1,ZNF44,0,-0.001189,0.1282
ZNF44_2,ZNF44,0,-0.02071,0.2022
ZNF44_3,ZNF44,0,0.003117,0.1254
ZNF44_4,ZNF44,0,-0.04921,0.3347
ZNF44_5,ZNF44,0,-0.006168,0.1658
ZNF44_6,ZNF44,0,-0.003921,0.07861
ZNF451_1,ZNF451,0,-0.008378,0.1763
ZNF451_2,ZNF451,0,0.006248,0.1262
ZNF451_3,ZNF451,0,-0.02592,0.3946
ZNF451_4,ZNF451,0,-0.02363,0.1706
ZNF451_5,ZNF451,0,-0.0008057,0.07194
ZNF451_6,ZNF451,0,-0.007625,0.1078
ZNF454_1,ZNF454,0,0.007156,0.1587
ZNF454_2,ZNF454,0,-0.01117,0.1548
ZNF454_3,ZNF454,0,-0.03793,0.2241
ZNF454_4,ZNF454,0,-0.001661,0.1372
ZNF454_5,ZNF454,0,0.007734,0.1569
ZNF454_6,ZNF454,0,-0.01083,0.0984
ZNF45_1,ZNF45,0,0.00175,0.1194
ZNF45_2,ZNF45,0,-0.0219,0.2076
ZNF45_3,ZNF45,0,-0.09374,0.552
ZNF45_4,ZNF45,0,-0.01119,0.1874
ZNF45_5,ZNF45,0,-0.02329,0.1266
ZNF45_6,ZNF45,0,0.007013,0.1065
ZNF460_1,ZNF460,0,-0.01043,0.1437
ZNF460_2,ZNF460,0,-0.02291,0.2189
ZNF460_3,ZNF460,0,0.003431,0.1447
ZNF460_4,ZNF460,0,-0.001413,0.1599
ZNF460_5,ZNF460,0,0.002353,0.07877
ZNF460_6,ZNF460,0,-0.0008382,0.1165
ZNF461_1,ZNF461,0,-0.004313,0.1572
ZNF461_2,ZNF461,0,-0.04038,0.4333
ZNF461_3,ZNF461,0,-0.01148,0.108
ZNF461_4,ZNF461,0,0.01243,0.3529
ZNF461_5,ZNF461,0,-0.01565,0.2726
ZNF461_6,ZNF461,0,-0.01138,0.182
ZNF462_1,ZNF462,0,0.0005315,0.216
ZNF462_2,ZNF462,0,-0.02005,0.1192
ZNF462_3,ZNF462,0,0.002061,0.1103
ZNF462_4,ZNF462,0,0.001994,0.269
ZNF462_5,ZNF462,0,0.004078,0.1501
ZNF462_6,ZNF462,0,-0.003574,0.1361
ZNF467_1,ZNF467,0,-0.004691,0.157
ZNF467_2,ZNF467,0,-0.003287,0.1431
ZNF467_3,ZNF467,0,-0.005943,0.158
ZNF467_4,ZNF467,0,-0.0261,0.184
ZNF467_5,ZNF467,0,-0.0197,0.1545
ZNF467_6,ZNF467,0,-0.01419,0.1756
ZNF468_1,ZNF468,0,-0.03163,0.253
ZNF468_2,ZNF468,0,-0.05759,0.3253
ZNF468_3,ZNF468,0,-0.04192,0.2277
ZNF468_4,ZNF468,0,-0.02372,0.3211
ZNF468_5,ZNF468,0,-0.005474,0.1555
ZNF468_6,ZNF468,0,-0.01287,0.1503
ZNF469_1,ZNF469,0,-0.03144,0.2569
ZNF469_2,ZNF469,0,0.00493,0.1534
ZNF469_3,ZNF469,0,-0.003573,0.2145
ZNF469_4,ZNF469,0,-0.006805,0.1835
ZNF469_5,ZNF469,0,-0.007623,0.1662
ZNF469_6,ZNF469,0,-0.02827,0.1988
ZNF470_1,ZNF470,0,0.003744,0.1929
ZNF470_2,ZNF470,0,-6.281e-05,0.1534
ZNF470_3,ZNF470,0,-0.002693,0.1957
ZNF470_4,ZNF470,0,-0.03592,0.2611
ZNF470_5,ZNF470,0,-0.02872,0.1922
ZNF470_6,ZNF470,0,0.008672,0.2266
ZNF471_1,ZNF471,0,-0.00217,0.2408
ZNF471_2,ZNF471,0,-0.04725,0.3194
ZNF471_3,ZNF471,0,0.001324,0.1415
ZNF471_4,ZNF471,0,-0.03125,0.2242
ZNF471_5,ZNF471,0,0.001105,0.1335
ZNF471_6,ZNF471,0,-0.01153,0.1507
ZNF473_1,ZNF473,0,0.02112,0.1692
ZNF473_2,ZNF473,0,-0.01106,0.2454
ZNF473_3,ZNF473,0,-0.03447,0.2714
ZNF473_4,ZNF473,0,-0.02809,0.2852
ZNF473_5,ZNF473,0,-0.006109,0.1192
ZNF473_6,ZNF473,0,-0.02537,0.1901
ZNF474_1,ZNF474,0,-0.003785,0.1168
ZNF474_2,ZNF474,0,0.005025,0.1185
ZNF474_3,ZNF474,0,-0.02639,0.2154
ZNF474_4,ZNF474,0,-0.02641,0.293
ZNF474_5,ZNF474,0,-0.008468,0.2049
ZNF474_6,ZNF474,0,-0.007055,0.1196
ZNF479_1,ZNF479,0,-0.008608,0.2404
ZNF479_2,ZNF479,0,-0.02233,0.1959
ZNF479_3,ZNF479,0,-0.08673,0.4978
ZNF479_4,ZNF479,0,-0.2189,0.564
ZNF479_5,ZNF479,0,-0.01047,0.2318
ZNF479_6,ZNF479,0,0.007582,0.2059
ZNF480_1,ZNF480,0,-0.01422,0.1443
ZNF480_2,ZNF480,0,-0.02172,0.2417
ZNF480_3,ZNF480,0,0.001017,0.1097
ZNF480_4,ZNF480,0,0.007287,0.1398
ZNF480_5,ZNF480,0,-0.009011,0.1162
ZNF480_6,ZNF480,0,-0.009114,0.1151
ZNF483_1,ZNF483,0,-0.005676,0.1498
ZNF483_2,ZNF483,0,-0.01449,0.1818
ZNF483_3,ZNF483,0,0.003471,0.1737
ZNF483_4,ZNF483,0,0.003998,0.3118
ZNF483_5,ZNF483,0,-0.001273,0.1428
ZNF483_6,ZNF483,0,-0.007322,0.1091
ZNF484_1,ZNF484,0,-0.0233,0.2464
ZNF484_2,ZNF484,0,-0.005047,0.1681
ZNF484_3,ZNF484,0,-0.001106,0.2402
ZNF484_4,ZNF484,0,0.005672,0.1921
ZNF484_5,ZNF484,0,-0.005424,0.1277
ZNF484_6,ZNF484,0,-0.01863,0.178
ZNF485_1,ZNF485,0,-0.01348,0.2227
ZNF485_2,ZNF485,0,-0.03721,0.2471
ZNF485_3,ZNF485,0,-0.0126,0.2952
ZNF485_4,ZNF485,0,-0.02771,0.1941
ZNF485_5,ZNF485,0,-0.01103,0.1442
ZNF485_6,ZNF485,0,0.01273,0.1312
ZNF486_1,ZNF486,0,-0.001111,0.2218
ZNF486_2,ZNF486,0,-0.002082,0.121
ZNF486_3,ZNF486,0,-0.003615,0.1276
ZNF486_4,ZNF486,0,-0.002755,0.2883
ZNF486_5,ZNF486,0,-0.007147,0.1141
ZNF486_6,ZNF486,0,-0.01182,0.1462
ZNF488_P1_1,ZNF488,0,-0.000594,0.1545
ZNF488_P1_2,ZNF488,0,-0.004327,0.1457
ZNF488_P1_3,ZNF488,0,-0.03969,0.1877
ZNF488_P1_4,ZNF488,0,-0.04675,0.2698
ZNF488_P1_5,ZNF488,0,-0.007462,0.123
ZNF488_P1_6,ZNF488,0,-0.01039,0.1001
ZNF488_P2_1,ZNF488,0,0.00679,0.2241
ZNF488_P2_2,ZNF488,0,-0.02004,0.1925
ZNF488_P2_3,ZNF488,0,-0.02278,0.2796
ZNF488_P2_4,ZNF488,0,-0.004884,0.2192
ZNF488_P2_5,ZNF488,0,-0.005469,0.1171
ZNF488_P2_6,ZNF488,0,0.0001195,0.2297
ZNF48_1,ZNF48,0,-0.01254,0.3388
ZNF48_2,ZNF48,0,-0.0005669,0.1868
ZNF48_3,ZNF48,0,-0.005779,0.1658
ZNF48_4,ZNF48,0,-0.02428,0.2522
ZNF48_5,ZNF48,0,-0.0148,0.1415
ZNF48_6,ZNF48,0,-0.004338,0.1222
ZNF490_1,ZNF490,0,-0.01048,0.1837
ZNF490_2,ZNF490,0,-0.002323,0.1951
ZNF490_3,ZNF490,0,-0.006115,0.1831
ZNF490_4,ZNF490,0,-0.01441,0.1725
ZNF490_5,ZNF490,0,-0.008339,0.1219
ZNF490_6,ZNF490,0,-0.003704,0.1096
ZNF491_1,ZNF491,0,-0.0192,0.306
ZNF491_2,ZNF491,0,-0.01671,0.1602
ZNF491_3,ZNF491,0,-0.001849,0.164
ZNF491_4,ZNF491,0,0.001164,0.1593
ZNF491_5,ZNF491,0,-0.0199,0.1668
ZNF491_6,ZNF491,0,-0.00951,0.1474
ZNF492_1,ZNF492,0,0.0007737,0.1991
ZNF492_2,ZNF492,0,-0.009994,0.1106
ZNF492_3,ZNF492,0,-0.002409,0.1625
ZNF492_4,ZNF492,0,0.00372,0.1253
ZNF492_5,ZNF492,0,-0.0118,0.1485
ZNF492_6,ZNF492,0,-0.007415,0.1687
ZNF493_1,ZNF493,0,-0.01747,0.2106
ZNF493_2,ZNF493,0,-0.02662,0.2039
ZNF493_3,ZNF493,0,-0.05359,0.3903
ZNF493_4,ZNF493,0,-0.007631,0.1405
ZNF493_5,ZNF493,0,-0.002818,0.1075
ZNF493_6,ZNF493,0,0.002787,0.09802
ZNF496_1,ZNF496,0,-0.01575,0.1183
ZNF496_2,ZNF496,0,-0.004382,0.1778
ZNF496_3,ZNF496,0,0.00331,0.1238
ZNF496_4,ZNF496,0,0.00666,0.1128
ZNF496_5,ZNF496,0,-0.002018,0.07158
ZNF496_6,ZNF496,0,-0.003952,0.1933
ZNF497_1,ZNF497,0,-0.01296,0.1451
ZNF497_3,ZNF497,0,-0.01481,0.1615
ZNF497_4,ZNF497,0,0.009549,0.2839
ZNF497_5,ZNF497,0,0.0201,0.1796
ZNF497_6,ZNF497,0,-0.00581,0.1835
ZNF500_1,ZNF500,0,-0.03541,0.1752
ZNF500_2,ZNF500,0,-0.02883,0.1929
ZNF500_3,ZNF500,0,-0.01126,0.174
ZNF500_4,ZNF500,0,-0.007124,0.2302
ZNF500_5,ZNF500,0,-0.004963,0.1201
ZNF500_6,ZNF500,0,-0.02432,0.1827
ZNF501_1,ZNF501,0,-0.005371,0.1557
ZNF501_2,ZNF501,0,-0.0125,0.1282
ZNF501_3,ZNF501,0,-0.03626,0.4677
ZNF501_4,ZNF501,0,0.004456,0.237
ZNF501_5,ZNF501,0,-0.01722,0.2217
ZNF501_6,ZNF501,0,-0.007466,0.1424
ZNF502_1,ZNF502,0,-0.005163,0.1506
ZNF502_2,ZNF502,0,-0.01582,0.1969
ZNF502_3,ZNF502,0,-0.02739,0.1662
ZNF502_4,ZNF502,0,-0.02322,0.2157
ZNF502_5,ZNF502,0,-0.0191,0.168
ZNF502_6,ZNF502,0,0.01083,0.147
ZNF503_1,ZNF503,0,-0.002529,0.1513
ZNF503_2,ZNF503,0,-0.01268,0.2109
ZNF503_3,ZNF503,0,0.006735,0.2834
ZNF503_4,ZNF503,0,-0.01729,0.2463
ZNF503_5,ZNF503,0,-0.0049,0.1423
ZNF503_6,ZNF503,0,-0.0002809,0.1564
ZNF506_1,ZNF506,0,0.004742,0.1789
ZNF506_2,ZNF506,0,-0.006629,0.2495
ZNF506_3,ZNF506,0,-0.004689,0.2096
ZNF506_4,ZNF506,0,-0.01879,0.1674
ZNF506_5,ZNF506,0,0.01521,0.1214
ZNF506_6,ZNF506,0,-0.01719,0.1279
ZNF507_1,ZNF507,0,-0.009768,0.1496
ZNF507_2,ZNF507,0,0.0004104,0.1304
ZNF507_3,ZNF507,0,-0.02074,0.2655
ZNF507_4,ZNF507,0,0.00194,0.168
ZNF507_5,ZNF507,0,-0.005037,0.1447
ZNF507_6,ZNF507,0,0.001103,0.1301
ZNF510_1,ZNF510,0,-0.02459,0.1936
ZNF510_2,ZNF510,0,-0.009902,0.1928
ZNF510_3,ZNF510,0,-0.01207,0.1225
ZNF510_4,ZNF510,0,0.0006251,0.1595
ZNF510_5,ZNF510,0,-0.003826,0.1328
ZNF510_6,ZNF510,0,-0.007811,0.1023
ZNF511_1,ZNF511,0,-0.02176,0.4462
ZNF511_2,ZNF511,0,0.002258,0.1987
ZNF511_4,ZNF511,0,-0.1253,0.6761
ZNF511_5,ZNF511,0,-0.01106,0.1263
ZNF511_6,ZNF511,0,-0.007814,0.1486
ZNF512B_1,ZNF512B,0,-0.04285,0.3511
ZNF512B_2,ZNF512B,0,-0.04932,0.4089
ZNF512B_3,ZNF512B,0,-0.0004349,0.1579
ZNF512B_4,ZNF512B,0,-0.01973,0.1593
ZNF512B_5,ZNF512B,0,-0.00265,0.1391
ZNF512B_6,ZNF512B,0,0.005141,0.07771
ZNF512_1,ZNF512,0,-0.007857,0.217
ZNF512_2,ZNF512,0,-0.01641,0.2154
ZNF512_3,ZNF512,0,-0.005204,0.285
ZNF512_4,ZNF512,0,-0.02299,0.2255
ZNF512_5,ZNF512,0,-0.007451,0.151
ZNF512_6,ZNF512,0,-0.004983,0.2395
ZNF513_1,ZNF513,0,-0.04834,0.2948
ZNF513_2,ZNF513,0,-0.02288,0.1832
ZNF513_3,ZNF513,0,-0.004336,0.2151
ZNF513_4,ZNF513,0,-0.008944,0.2078
ZNF513_5,ZNF513,0,-0.001235,0.1568
ZNF513_6,ZNF513,0,-0.009729,0.08513
ZNF514_P1_1,ZNF514,0,-0.01067,0.3349
ZNF514_P1_2,ZNF514,0,-0.01633,0.2014
ZNF514_P1_3,ZNF514,0,-0.01558,0.2344
ZNF514_P1_4,ZNF514,0,-0.01066,0.1852
ZNF514_P1_5,ZNF514,0,-0.008546,0.1279
ZNF514_P1_6,ZNF514,0,3.62e-05,0.2092
ZNF514_P2_1,ZNF514,0,-0.0253,0.1878
ZNF514_P2_2,ZNF514,0,-0.0002459,0.09045
ZNF514_P2_3,ZNF514,0,-0.1011,0.6557
ZNF514_P2_4,ZNF514,0,-0.004526,0.113
ZNF514_P2_5,ZNF514,0,-0.003751,0.1186
ZNF514_P2_6,ZNF514,0,0.002893,0.1121
ZNF516_1,ZNF516,0,0.006563,0.1333
ZNF516_2,ZNF516,0,-0.02048,0.2414
ZNF516_3,ZNF516,0,-0.01387,0.1934
ZNF516_4,ZNF516,0,-0.08027,0.3984
ZNF516_5,ZNF516,0,-0.00654,0.08963
ZNF516_6,ZNF516,0,-0.008241,0.1414
ZNF517_1,ZNF517,0,-0.01535,0.2354
ZNF517_2,ZNF517,0,1.378e-05,0.1753
ZNF517_3,ZNF517,0,-0.01383,0.3127
ZNF517_4,ZNF517,0,-7.84e-05,0.2105
ZNF517_5,ZNF517,0,-0.01048,0.1282
ZNF517_6,ZNF517,0,-0.005546,0.2104
ZNF518A_1,ZNF518A,0,0.007758,0.2647
ZNF518A_2,ZNF518A,0,-0.02948,0.181
ZNF518A_3,ZNF518A,0,-0.07086,0.4332
ZNF518A_4,ZNF518A,0,-0.01068,0.2665
ZNF518A_5,ZNF518A,0,0.006388,0.1161
ZNF518A_6,ZNF518A,0,-0.009529,0.2035
ZNF518B_1,ZNF518B,0,-0.0101,0.2202
ZNF518B_2,ZNF518B,0,-0.01919,0.1685
ZNF518B_3,ZNF518B,0,-0.005009,0.1021
ZNF518B_4,ZNF518B,0,-0.02595,0.1944
ZNF518B_5,ZNF518B,0,-0.01699,0.1464
ZNF518B_6,ZNF518B,0,-0.0192,0.1534
ZNF519_1,ZNF519,0,-0.01729,0.2196
ZNF519_2,ZNF519,0,-0.006956,0.2027
ZNF519_3,ZNF519,0,-0.03157,0.2792
ZNF519_4,ZNF519,0,-0.007548,0.2505
ZNF519_5,ZNF519,0,-0.01089,0.09671
ZNF519_6,ZNF519,0,-0.01063,0.1062
ZNF521_1,ZNF521,0,-0.007435,0.1146
ZNF521_2,ZNF521,0,-0.005337,0.212
ZNF521_3,ZNF521,0,-0.009744,0.2166
ZNF521_4,ZNF521,0,0.003782,0.1662
ZNF521_5,ZNF521,0,-0.005277,0.0934
ZNF521_6,ZNF521,0,0.004559,0.1189
ZNF524_1,ZNF524,0,-0.006469,0.193
ZNF524_2,ZNF524,0,-0.01783,0.216
ZNF524_3,ZNF524,0,-0.01464,0.1924
ZNF524_4,ZNF524,0,0.003513,0.1008
ZNF524_5,ZNF524,0,-0.002443,0.192
ZNF524_6,ZNF524,0,0.01359,0.1335
ZNF526_1,ZNF526,0,-0.004595,0.1728
ZNF526_2,ZNF526,0,-0.01201,0.182
ZNF526_3,ZNF526,0,-0.02055,0.203
ZNF526_4,ZNF526,0,-0.006094,0.1371
ZNF526_5,ZNF526,0,-0.003745,0.04728
ZNF526_6,ZNF526,0,-0.01085,0.1568
ZNF527_1,ZNF527,0,0.003183,0.1575
ZNF527_2,ZNF527,0,0.008645,0.3552
ZNF527_3,ZNF527,0,-0.005425,0.1247
ZNF527_4,ZNF527,0,-0.0141,0.2961
ZNF527_5,ZNF527,0,-0.002391,0.112
ZNF527_6,ZNF527,0,0.001182,0.08949
ZNF528_1,ZNF528,0,-0.0333,0.2074
ZNF528_2,ZNF528,0,0.00351,0.2336
ZNF528_3,ZNF528,0,-0.02386,0.2607
ZNF528_4,ZNF528,0,0.003217,0.1829
ZNF528_5,ZNF528,0,-0.0002212,0.1297
ZNF528_6,ZNF528,0,0.006243,0.161
ZNF529_1,ZNF529,0,-0.003027,0.1063
ZNF529_2,ZNF529,0,0.0001558,0.1336
ZNF529_3,ZNF529,0,-0.01426,0.1885
ZNF529_4,ZNF529,0,-0.00859,0.1807
ZNF529_5,ZNF529,0,-0.007166,0.2142
ZNF529_6,ZNF529,0,-0.0122,0.1327
ZNF530_1,ZNF530,0,-0.01617,0.1755
ZNF530_2,ZNF530,0,-0.007786,0.1399
ZNF530_3,ZNF530,0,-0.01872,0.3051
ZNF530_4,ZNF530,0,-0.01726,0.3139
ZNF530_5,ZNF530,0,-0.004704,0.09322
ZNF530_6,ZNF530,0,-0.006162,0.1292
ZNF532_P1_1,ZNF532,0,-0.02337,0.2464
ZNF532_P1_2,ZNF532,0,-0.02325,0.1869
ZNF532_P1_3,ZNF532,0,-0.01228,0.2351
ZNF532_P1_4,ZNF532,0,-0.01421,0.1238
ZNF532_P1_5,ZNF532,0,-0.006344,0.1573
ZNF532_P1_6,ZNF532,0,-0.02056,0.2202
ZNF532_P2_1,ZNF532,0,0.00156,0.08113
ZNF532_P2_2,ZNF532,0,0.004482,0.1121
ZNF532_P2_3,ZNF532,0,-0.01554,0.3878
ZNF532_P2_4,ZNF532,0,-0.01421,0.1868
ZNF532_P2_5,ZNF532,0,-0.02256,0.1336
ZNF532_P2_6,ZNF532,0,-0.005666,0.1458
ZNF534_1,ZNF534,0,-0.004676,0.137
ZNF534_2,ZNF534,0,0.004714,0.1455
ZNF534_3,ZNF534,0,-0.01775,0.1554
ZNF534_4,ZNF534,0,-0.02411,0.2376
ZNF534_5,ZNF534,0,-0.01083,0.1508
ZNF534_6,ZNF534,0,-0.005472,0.1181
ZNF536_1,ZNF536,0,-0.01074,0.2139
ZNF536_2,ZNF536,0,-0.01559,0.1779
ZNF536_3,ZNF536,0,-0.01104,0.1582
ZNF536_4,ZNF536,0,-0.01002,0.1745
ZNF536_5,ZNF536,0,0.004938,0.1004
ZNF536_6,ZNF536,0,-0.007177,0.1196
ZNF540_P1_1,ZNF540,0,1.711e-05,0.1644
ZNF540_P1_2,ZNF540,0,-0.03097,0.2658
ZNF540_P1_3,ZNF540,0,-0.03986,0.4169
ZNF540_P1_4,ZNF540,0,-0.0122,0.1762
ZNF540_P1_5,ZNF540,0,-0.0009793,0.1019
ZNF540_P1_6,ZNF540,0,0.005159,0.08599
ZNF540_P2_1,ZNF540,0,-0.003205,0.2075
ZNF540_P2_2,ZNF540,0,-0.02352,0.1956
ZNF540_P2_3,ZNF540,0,-0.005136,0.3659
ZNF540_P2_4,ZNF540,0,-0.01942,0.1719
ZNF540_P2_5,ZNF540,0,-0.01125,0.1381
ZNF540_P2_6,ZNF540,0,-0.004813,0.2298
ZNF541_1,ZNF541,0,-0.005082,0.1316
ZNF541_2,ZNF541,0,-0.01375,0.1735
ZNF541_3,ZNF541,0,0.009077,0.2884
ZNF541_4,ZNF541,0,-0.002323,0.1371
ZNF541_5,ZNF541,0,-0.01151,0.1442
ZNF541_6,ZNF541,0,-0.01305,0.1117
ZNF543_1,ZNF543,0,0.002976,0.1561
ZNF543_2,ZNF543,0,-0.01007,0.1914
ZNF543_3,ZNF543,0,-0.004165,0.1782
ZNF543_4,ZNF543,0,-0.005164,0.1016
ZNF543_5,ZNF543,0,-0.005344,0.1553
ZNF543_6,ZNF543,0,-0.01132,0.1085
ZNF544_1,ZNF544,0,0.002687,0.1192
ZNF544_2,ZNF544,0,-0.02027,0.1894
ZNF544_3,ZNF544,0,-0.0165,0.1428
ZNF544_4,ZNF544,0,0.009247,0.107
ZNF544_5,ZNF544,0,-0.004655,0.0781
ZNF544_6,ZNF544,0,-0.00621,0.2523
ZNF546_1,ZNF546,0,0.0003642,0.1509
ZNF546_2,ZNF546,0,0.005811,0.09649
ZNF546_3,ZNF546,0,-0.0174,0.2524
ZNF546_4,ZNF546,0,-0.009996,0.1809
ZNF546_5,ZNF546,0,0.00108,0.1131
ZNF546_6,ZNF546,0,-0.0104,0.1373
ZNF547_1,ZNF547,0,-0.0008233,0.184
ZNF547_2,ZNF547,0,-0.01729,0.1197
ZNF547_3,ZNF547,0,0.005677,0.1959
ZNF547_4,ZNF547,0,0.003227,0.2288
ZNF547_5,ZNF547,0,0.002096,0.09239
ZNF547_6,ZNF547,0,0.002195,0.1298
ZNF548_1,ZNF548,0,-0.006299,0.2876
ZNF548_2,ZNF548,0,0.005341,0.2074
ZNF548_3,ZNF548,0,0.0005355,0.1745
ZNF548_4,ZNF548,0,-0.03706,0.2879
ZNF548_5,ZNF548,0,-0.01798,0.1921
ZNF548_6,ZNF548,0,-0.001584,0.09251
ZNF549_1,ZNF549,0,-0.006968,0.1485
ZNF549_2,ZNF549,0,-0.02156,0.2318
ZNF549_3,ZNF549,0,0.0007099,0.1169
ZNF549_4,ZNF549,0,-0.02231,0.2022
ZNF549_5,ZNF549,0,-0.007442,0.1786
ZNF549_6,ZNF549,0,-0.01316,0.1537
ZNF550_1,ZNF550,0,-0.03795,0.2401
ZNF550_2,ZNF550,0,-0.01038,0.1625
ZNF550_3,ZNF550,0,-0.02999,0.1785
ZNF550_4,ZNF550,0,-0.01633,0.1933
ZNF550_5,ZNF550,0,0.002338,0.09655
ZNF550_6,ZNF550,0,-0.01741,0.2009
ZNF551_1,ZNF551,0,-0.008867,0.175
ZNF551_2,ZNF551,0,0.006916,0.1117
ZNF551_3,ZNF551,0,-0.002789,0.1734
ZNF551_4,ZNF551,0,-0.007521,0.1861
ZNF551_5,ZNF551,0,0.002054,0.1057
ZNF551_6,ZNF551,0,-0.001666,0.09147
ZNF552_1,ZNF552,0,-0.03067,0.2643
ZNF552_2,ZNF552,0,-0.006979,0.1795
ZNF552_3,ZNF552,0,-0.01828,0.3514
ZNF552_4,ZNF552,0,-0.03938,0.3336
ZNF552_5,ZNF552,0,-0.001652,0.08312
ZNF552_6,ZNF552,0,-0.003885,0.06811
ZNF554_1,ZNF554,0,-0.03038,0.1922
ZNF554_2,ZNF554,0,-0.007772,0.2673
ZNF554_3,ZNF554,0,-0.002657,0.1002
ZNF554_4,ZNF554,0,-0.01302,0.1973
ZNF554_5,ZNF554,0,-0.009443,0.1516
ZNF554_6,ZNF554,0,-0.01051,0.08615
ZNF555_1,ZNF555,0,-0.006929,0.1399
ZNF555_2,ZNF555,0,-0.002427,0.1304
ZNF555_3,ZNF555,0,0.0004472,0.2124
ZNF555_4,ZNF555,0,-0.02749,0.2784
ZNF555_5,ZNF555,0,-0.003938,0.09966
ZNF555_6,ZNF555,0,0.002407,0.1024
ZNF556_1,ZNF556,0,-0.01502,0.1809
ZNF556_2,ZNF556,0,-0.003668,0.1766
ZNF556_3,ZNF556,0,-0.01675,0.1845
ZNF556_4,ZNF556,0,-0.03455,0.3096
ZNF556_5,ZNF556,0,0.003077,0.1696
ZNF556_6,ZNF556,0,-0.005034,0.1923
ZNF557_1,ZNF557,0,-0.007806,0.1208
ZNF557_2,ZNF557,0,0.007179,0.1797
ZNF557_3,ZNF557,0,-0.01367,0.1176
ZNF557_4,ZNF557,0,-0.01178,0.1652
ZNF557_5,ZNF557,0,-0.005052,0.1112
ZNF557_6,ZNF557,0,-0.002791,0.1226
ZNF558_1,ZNF558,0,-0.0138,0.194
ZNF558_2,ZNF558,0,-0.01472,0.2199
ZNF558_3,ZNF558,0,-0.01946,0.1875
ZNF558_4,ZNF558,0,-0.0008785,0.1714
ZNF558_5,ZNF558,0,-0.01962,0.2065
ZNF558_6,ZNF558,0,-0.01516,0.1885
ZNF559-ZNF177_4,ZNF559-ZNF177,0,-0.02295,0.2982
ZNF559-ZNF177_5,ZNF559-ZNF177,0,-0.005475,0.1831
ZNF559-ZNF177_6,ZNF559-ZNF177,0,-0.01179,0.1235
ZNF559_1|ZNF559-ZNF177_2,ZNF559|ZNF559-ZNF177,0,-0.01467,0.1663
ZNF559_2,ZNF559,0,-0.01545,0.1888
ZNF559_3,ZNF559,0,-0.038,0.2236
ZNF559_4|ZNF177_P1_4|ZNF559-ZNF177_1,ZNF559|ZNF177|ZNF559-ZNF177,0,0.001829,0.09406
ZNF559_5,ZNF559,0,-0.006428,0.1967
ZNF559_6,ZNF559,0,-0.003293,0.1488
ZNF560_1,ZNF560,0,-0.002134,0.1422
ZNF560_2,ZNF560,0,-0.0242,0.3004
ZNF560_3,ZNF560,0,-0.01311,0.1912
ZNF560_4,ZNF560,0,-0.01406,0.1594
ZNF560_5,ZNF560,0,-0.02226,0.219
ZNF560_6,ZNF560,0,0.006848,0.09368
ZNF561_1,ZNF561,0,-0.004944,0.1174
ZNF561_2,ZNF561,0,-0.003223,0.1189
ZNF561_3,ZNF561,0,-0.008835,0.1866
ZNF561_4,ZNF561,0,-0.01292,0.238
ZNF561_5,ZNF561,0,0.004342,0.1085
ZNF561_6,ZNF561,0,-0.01305,0.1226
ZNF562_1,ZNF562,0,-0.002132,0.2212
ZNF562_2,ZNF562,0,-0.01679,0.2035
ZNF562_3,ZNF562,0,-0.02059,0.1593
ZNF562_4,ZNF562,0,-0.0004173,0.1335
ZNF562_5,ZNF562,0,-0.003634,0.103
ZNF562_6,ZNF562,0,-0.007881,0.1372
ZNF563_1,ZNF563,0,-0.0002288,0.2161
ZNF563_2,ZNF563,0,-0.01506,0.1645
ZNF563_3,ZNF563,0,0.003111,0.1896
ZNF563_4,ZNF563,0,-0.001691,0.09464
ZNF563_5,ZNF563,0,0.008175,0.1009
ZNF563_6,ZNF563,0,-0.002673,0.1482
ZNF565_1,ZNF565,0,-0.01129,0.1309
ZNF565_2,ZNF565,0,-0.0001426,0.1259
ZNF565_3,ZNF565,0,-0.1187,0.5634
ZNF565_4,ZNF565,0,-0.01008,0.1066
ZNF565_5,ZNF565,0,-0.01657,0.1427
ZNF565_6,ZNF565,0,-0.0002436,0.0943
ZNF566_1,ZNF566,0,-0.01005,0.2058
ZNF566_2,ZNF566,0,-0.009004,0.1259
ZNF566_3,ZNF566,0,-0.008208,0.1612
ZNF566_4,ZNF566,0,-0.003385,0.1629
ZNF566_5,ZNF566,0,-0.0004505,0.1322
ZNF566_6,ZNF566,0,-0.01571,0.1844
ZNF567_1,ZNF567,0,-0.07138,0.4832
ZNF567_2,ZNF567,0,-0.08245,0.4121
ZNF567_3,ZNF567,0,-0.005099,0.1305
ZNF567_4,ZNF567,0,-7.862e-06,0.1642
ZNF567_5,ZNF567,0,-0.0222,0.2707
ZNF567_6,ZNF567,0,-0.03247,0.2115
ZNF568_1,ZNF568,0,-0.001197,0.1581
ZNF568_2,ZNF568,0,-0.0008703,0.1229
ZNF568_3,ZNF568,0,-0.01565,0.1568
ZNF568_4,ZNF568,0,0.006632,0.1148
ZNF568_5,ZNF568,0,-0.006319,0.08351
ZNF568_6,ZNF568,0,0.005711,0.1089
ZNF569_1,ZNF569,0,0.01325,0.1844
ZNF569_2,ZNF569,0,-0.01798,0.107
ZNF569_3,ZNF569,0,-0.01022,0.1693
ZNF569_4,ZNF569,0,-0.05011,0.2958
ZNF569_5,ZNF569,0,-0.005933,0.148
ZNF569_6,ZNF569,0,-0.007144,0.1295
ZNF570_P1_1,ZNF570,0,0.01292,0.1593
ZNF570_P1_2,ZNF570,0,-0.003296,0.137
ZNF570_P1_3,ZNF570,0,0.01593,0.1881
ZNF570_P1_4,ZNF570,0,-0.03134,0.2226
ZNF570_P1_5,ZNF570,0,-0.01537,0.08686
ZNF570_P1_6,ZNF570,0,-0.002562,0.2103
ZNF570_P2_1,ZNF570,0,-0.01472,0.1521
ZNF570_P2_2,ZNF570,0,-0.01431,0.1183
ZNF570_P2_3,ZNF570,0,-0.007581,0.1748
ZNF570_P2_4,ZNF570,0,-0.003543,0.1417
ZNF570_P2_5,ZNF570,0,-0.00318,0.09676
ZNF570_P2_6,ZNF570,0,0.007243,0.1119
ZNF571_1,ZNF571,0,-0.003964,0.1426
ZNF571_2,ZNF571,0,-0.001791,0.1471
ZNF571_3,ZNF571,0,-0.01192,0.1807
ZNF571_4,ZNF571,0,-0.03769,0.3064
ZNF571_5,ZNF571,0,0.00298,0.1674
ZNF571_6,ZNF571,0,-0.001772,0.09131
ZNF572_1,ZNF572,0,-0.01902,0.2265
ZNF572_2,ZNF572,0,-0.02351,0.2664
ZNF572_3,ZNF572,0,-0.03798,0.2563
ZNF572_4,ZNF572,0,-0.02208,0.2306
ZNF572_5,ZNF572,0,-0.02498,0.2356
ZNF572_6,ZNF572,0,-0.01079,0.1725
ZNF573_1,ZNF573,0,0.009287,0.1411
ZNF573_2,ZNF573,0,-0.008952,0.156
ZNF573_3,ZNF573,0,-0.001209,0.1334
ZNF573_4,ZNF573,0,-0.02335,0.1456
ZNF573_5,ZNF573,0,0.001615,0.1214
ZNF573_6,ZNF573,0,-0.01522,0.1438
ZNF574_P1_4,ZNF574,0,0.01456,0.4574
ZNF574_P1_5,ZNF574,0,-0.03005,0.3201
ZNF574_P1_6,ZNF574,0,-0.01287,0.2097
ZNF574_P2_1,ZNF574,0,-0.003218,0.1833
ZNF574_P2_2,ZNF574,0,0.004672,0.1934
ZNF574_P2_3,ZNF574,0,-0.0123,0.122
ZNF574_P2_4,ZNF574,0,-0.008935,0.1576
ZNF574_P2_5,ZNF574,0,-0.01291,0.1753
ZNF574_P2_6,ZNF574,0,-0.003372,0.1712
ZNF575_1,ZNF575,0,-0.02136,0.1865
ZNF575_2,ZNF575,0,-0.002062,0.1704
ZNF575_3,ZNF575,0,-0.002315,0.2
ZNF575_4,ZNF575,0,0.001446,0.2354
ZNF575_5,ZNF575,0,-0.0004672,0.157
ZNF575_6,ZNF575,0,-0.006003,0.1171
ZNF576_1,ZNF576,0,0.003969,0.1898
ZNF576_2,ZNF576,0,-0.02725,0.2893
ZNF576_3,ZNF576,0,-0.006989,0.2052
ZNF576_4,ZNF576,0,-0.01605,0.2528
ZNF576_5,ZNF576,0,-0.00337,0.09216
ZNF576_6,ZNF576,0,0.008322,0.1248
ZNF577_1,ZNF577,0,-0.009596,0.1935
ZNF577_2,ZNF577,0,-0.02706,0.1744
ZNF577_3,ZNF577,0,-0.05535,0.3354
ZNF577_4,ZNF577,0,-0.003782,0.1019
ZNF577_5,ZNF577,0,0.00154,0.1186
ZNF577_6,ZNF577,0,0.003699,0.1265
ZNF578_1,ZNF578,0,0.0001173,0.2241
ZNF578_2,ZNF578,0,-0.01032,0.1785
ZNF578_3,ZNF578,0,-0.02148,0.1973
ZNF578_4,ZNF578,0,0.003126,0.182
ZNF578_5,ZNF578,0,-0.007062,0.1454
ZNF578_6,ZNF578,0,0.0003677,0.1004
ZNF579_1,ZNF579,0,0.0007118,0.09808
ZNF579_2,ZNF579,0,-0.01052,0.1519
ZNF579_3,ZNF579,0,-0.02536,0.2134
ZNF579_4,ZNF579,0,-0.05053,0.2651
ZNF579_5,ZNF579,0,-0.007922,0.1459
ZNF579_6,ZNF579,0,-0.03761,0.2404
ZNF57_1,ZNF57,0,0.005698,0.1811
ZNF57_2,ZNF57,0,-0.02143,0.1901
ZNF57_3,ZNF57,0,-0.3348,0.5514
ZNF57_4,ZNF57,0,-0.01672,0.4033
ZNF57_5,ZNF57,0,-0.003667,0.1475
ZNF57_6,ZNF57,0,0.01472,0.2249
ZNF580_P2_1,ZNF580,0,-0.005556,0.3356
ZNF580_P2_2,ZNF580,0,-0.03272,0.2281
ZNF580_P2_3,ZNF580,0,-0.01716,0.307
ZNF580_P2_4,ZNF580,0,-0.005866,0.1498
ZNF580_P2_5,ZNF580,0,-0.006656,0.1244
ZNF580_P2_6,ZNF580,0,-0.006484,0.1668
ZNF581_P1_1,ZNF581,0,0.01328,0.1642
ZNF581_P1_2,ZNF581,0,-0.05252,0.3211
ZNF581_P1_3,ZNF581,0,0.007006,0.2419
ZNF581_P1_4,ZNF581,0,-0.01942,0.1921
ZNF581_P1_5,ZNF581,0,-0.001915,0.1105
ZNF581_P1_6,ZNF581,0,-0.001613,0.07534
ZNF581_P2_1|ZNF580_P1_1,ZNF581|ZNF580,0,-0.007661,0.1818
ZNF581_P2_2|ZNF580_P1_2,ZNF581|ZNF580,0,0.005176,0.1423
ZNF581_P2_3|ZNF580_P1_3,ZNF581|ZNF580,0,-0.007086,0.1161
ZNF581_P2_4|ZNF580_P1_4,ZNF581|ZNF580,0,0.0007565,0.1395
ZNF581_P2_5|ZNF580_P1_5,ZNF581|ZNF580,0,-0.00381,0.1399
ZNF581_P2_6|ZNF580_P1_6,ZNF581|ZNF580,0,-0.001833,0.1202
ZNF582_1,ZNF582,0,-0.01572,0.2243
ZNF582_2,ZNF582,0,-0.0114,0.2751
ZNF582_3,ZNF582,0,-0.004371,0.1837
ZNF582_4,ZNF582,0,0.001015,0.2146
ZNF582_5,ZNF582,0,-0.001935,0.1299
ZNF582_6,ZNF582,0,-0.005841,0.1446
ZNF583_1,ZNF583,0,-0.03524,0.296
ZNF583_2,ZNF583,0,-0.05093,0.2995
ZNF583_3,ZNF583,0,-0.00269,0.1307
ZNF583_4,ZNF583,0,-0.03694,0.2841
ZNF583_5,ZNF583,0,-0.02166,0.1791
ZNF583_6,ZNF583,0,-0.01675,0.1668
ZNF584_1,ZNF584,0,0.004658,0.1293
ZNF584_2,ZNF584,0,0.005241,0.1254
ZNF584_3,ZNF584,0,0.003373,0.1039
ZNF584_4,ZNF584,0,-0.009782,0.143
ZNF584_5,ZNF584,0,-0.005647,0.1405
ZNF584_6,ZNF584,0,-0.01207,0.1623
ZNF585A_1,ZNF585A,0,-0.01411,0.1859
ZNF585A_2,ZNF585A,0,-0.0009547,0.1402
ZNF585A_3,ZNF585A,0,-0.01315,0.2563
ZNF585A_4,ZNF585A,0,-0.03079,0.4938
ZNF585A_5,ZNF585A,0,-0.006856,0.1399
ZNF585A_6,ZNF585A,0,-0.01446,0.1382
ZNF585B_1,ZNF585B,0,-0.003701,0.1649
ZNF585B_2,ZNF585B,0,-0.02358,0.2109
ZNF585B_3,ZNF585B,0,-0.0108,0.1484
ZNF585B_4,ZNF585B,0,-0.004894,0.1391
ZNF585B_5,ZNF585B,0,0.001683,0.1361
ZNF585B_6,ZNF585B,0,-0.005435,0.1083
ZNF586_1,ZNF586,0,-0.01018,0.1232
ZNF586_2,ZNF586,0,-0.005217,0.2806
ZNF586_3,ZNF586,0,-0.05444,0.3064
ZNF586_4,ZNF586,0,-0.009206,0.2714
ZNF586_5,ZNF586,0,0.009856,0.1073
ZNF586_6,ZNF586,0,-0.005983,0.1535
ZNF587B_1,ZNF587B,0,-0.00554,0.1185
ZNF587B_2,ZNF587B,0,-0.007245,0.1871
ZNF587B_3,ZNF587B,0,0.001883,0.1562
ZNF587B_4,ZNF587B,0,-0.00766,0.2674
ZNF587B_5,ZNF587B,0,-0.007813,0.1077
ZNF587B_6,ZNF587B,0,0.005344,0.1699
ZNF587_1,ZNF587,0,-0.01231,0.2089
ZNF587_2,ZNF587,0,-0.01117,0.1754
ZNF587_3,ZNF587,0,0.00241,0.1204
ZNF587_4,ZNF587,0,-0.02699,0.3525
ZNF587_5,ZNF587,0,-0.02381,0.1598
ZNF587_6,ZNF587,0,0.00958,0.1637
ZNF589_1,ZNF589,0,-0.004941,0.1363
ZNF589_2,ZNF589,0,-0.04478,0.316
ZNF589_3,ZNF589,0,-0.003096,0.1739
ZNF589_4,ZNF589,0,-0.002931,0.1657
ZNF589_5,ZNF589,0,-0.0009651,0.153
ZNF589_6,ZNF589,0,-0.005671,0.16
ZNF592_1,ZNF592,0,-0.000194,0.2073
ZNF592_2,ZNF592,0,-0.01729,0.1392
ZNF592_3,ZNF592,0,-0.01465,0.1716
ZNF592_4,ZNF592,0,-0.01291,0.1314
ZNF592_5,ZNF592,0,-0.004262,0.1067
ZNF592_6,ZNF592,0,-0.01011,0.1322
ZNF593_1,ZNF593,0,-0.002462,0.1417
ZNF593_2,ZNF593,0,-0.01459,0.4767
ZNF593_3,ZNF593,0,0.0002012,0.3199
ZNF593_4,ZNF593,0,0.002535,0.2768
ZNF593_5,ZNF593,0,-0.003945,0.1191
ZNF593_6,ZNF593,0,-0.02056,0.151
ZNF594_1,ZNF594,0,-0.009641,0.1299
ZNF594_2,ZNF594,0,-0.007721,0.3211
ZNF594_3,ZNF594,0,0.007051,0.1501
ZNF594_4,ZNF594,0,-0.0082,0.3077
ZNF594_5,ZNF594,0,-0.002148,0.07484
ZNF594_6,ZNF594,0,0.000292,0.1528
ZNF595_P1_1,ZNF595,0,-0.04298,0.3395
ZNF595_P1_2,ZNF595,0,-0.0006606,0.1451
ZNF595_P1_3,ZNF595,0,-0.03773,0.3762
ZNF595_P1_4,ZNF595,0,-0.0406,0.3029
ZNF595_P1_5,ZNF595,0,0.006662,0.08737
ZNF595_P1_6,ZNF595,0,-0.01323,0.1803
ZNF595_P2_1,ZNF595,0,-0.01602,0.2112
ZNF595_P2_2,ZNF595,0,-0.03432,0.3649
ZNF595_P2_3,ZNF595,0,-0.06419,0.3192
ZNF595_P2_4,ZNF595,0,0.0003275,0.1301
ZNF595_P2_5,ZNF595,0,-0.004676,0.08816
ZNF595_P2_6,ZNF595,0,-0.009027,0.1633
ZNF596_1,ZNF596,0,-0.002649,0.1912
ZNF596_2,ZNF596,0,-0.006484,0.1891
ZNF596_3,ZNF596,0,-0.04849,0.4193
ZNF596_4,ZNF596,0,-0.04737,0.2754
ZNF596_5,ZNF596,0,-0.02761,0.1552
ZNF596_6,ZNF596,0,-0.001618,0.1032
ZNF597_1,ZNF597,0,-0.01704,0.1802
ZNF597_2,ZNF597,0,-0.03559,0.3505
ZNF597_3,ZNF597,0,-0.03067,0.1794
ZNF597_4,ZNF597,0,-0.01612,0.1712
ZNF597_5,ZNF597,0,0.0007164,0.1368
ZNF597_6,ZNF597,0,-0.00237,0.1839
ZNF598_1,ZNF598,0,-0.02484,0.2098
ZNF598_2,ZNF598,0,-0.02843,0.2056
ZNF598_3,ZNF598,0,-0.07269,0.384
ZNF598_4,ZNF598,0,-0.01782,0.16
ZNF598_5,ZNF598,0,-0.001803,0.2033
ZNF598_6,ZNF598,0,-0.02763,0.2398
ZNF599_1,ZNF599,0,0.009638,0.1639
ZNF599_2,ZNF599,0,-0.01334,0.1348
ZNF599_3,ZNF599,0,-0.1824,0.5916
ZNF599_4,ZNF599,0,0.007528,0.2202
ZNF599_5,ZNF599,0,-0.004826,0.1661
ZNF599_6,ZNF599,0,0.001271,0.07536
ZNF600_1,ZNF600,0,-0.007982,0.1464
ZNF600_2,ZNF600,0,-0.01654,0.2384
ZNF600_3,ZNF600,0,-0.1109,0.605
ZNF600_4,ZNF600,0,-0.008921,0.2069
ZNF600_5,ZNF600,0,-0.01022,0.1047
ZNF600_6,ZNF600,0,-0.000832,0.08474
ZNF605_1,ZNF605,0,-0.05595,0.3159
ZNF605_2,ZNF605,0,-0.02102,0.3427
ZNF605_3,ZNF605,0,-0.008622,0.3129
ZNF605_4,ZNF605,0,0.003048,0.1608
ZNF605_5,ZNF605,0,-0.01483,0.1278
ZNF605_6,ZNF605,0,-0.0001238,0.1247
ZNF606_1,ZNF606,0,0.01625,0.1037
ZNF606_2,ZNF606,0,-0.006902,0.114
ZNF606_3,ZNF606,0,0.01535,0.206
ZNF606_4,ZNF606,0,0.001825,0.1949
ZNF606_5,ZNF606,0,0.002563,0.1325
ZNF606_6,ZNF606,0,0.005927,0.2403
ZNF607_1,ZNF607,0,-0.01124,0.1902
ZNF607_2,ZNF607,0,-0.005764,0.1803
ZNF607_3,ZNF607,0,0.0009306,0.1339
ZNF607_4,ZNF607,0,-0.05271,0.3246
ZNF607_5,ZNF607,0,-0.01049,0.1313
ZNF607_6,ZNF607,0,-0.01025,0.1671
ZNF608_P1_1,ZNF608,0,0.0006946,0.1369
ZNF608_P1_2,ZNF608,0,-0.00384,0.1199
ZNF608_P1_3,ZNF608,0,0.001589,0.1403
ZNF608_P1_4,ZNF608,0,0.005626,0.1876
ZNF608_P1_5,ZNF608,0,0.003933,0.139
ZNF608_P1_6,ZNF608,0,-0.0101,0.1944
ZNF608_P2_1,ZNF608,0,-0.003953,0.2757
ZNF608_P2_2,ZNF608,0,0.0003113,0.1316
ZNF608_P2_3,ZNF608,0,-0.0125,0.206
ZNF608_P2_4,ZNF608,0,-0.02477,0.2116
ZNF608_P2_5,ZNF608,0,-0.004707,0.1167
ZNF608_P2_6,ZNF608,0,0.001947,0.129
ZNF609_1,ZNF609,0,-0.002697,0.1252
ZNF609_2,ZNF609,0,-0.005298,0.1745
ZNF609_3,ZNF609,0,-0.02311,0.2245
ZNF609_4,ZNF609,0,-0.158,0.5724
ZNF609_5,ZNF609,0,-0.007761,0.1569
ZNF609_6,ZNF609,0,-0.003745,0.1099
ZNF610_1,ZNF610,0,-0.09071,0.3438
ZNF610_2,ZNF610,0,-0.005639,0.1764
ZNF610_3,ZNF610,0,-0.008046,0.1614
ZNF610_4,ZNF610,0,-0.007171,0.2065
ZNF610_5,ZNF610,0,0.01158,0.1837
ZNF610_6,ZNF610,0,-0.008759,0.1084
ZNF611_1,ZNF611,0,-0.008095,0.169
ZNF611_2,ZNF611,0,-0.02211,0.2757
ZNF611_3,ZNF611,0,-0.01263,0.1251
ZNF611_4,ZNF611,0,-0.00509,0.1884
ZNF611_5,ZNF611,0,-0.01743,0.1514
ZNF611_6,ZNF611,0,-0.006047,0.09896
ZNF613_1,ZNF613,0,-0.009316,0.2046
ZNF613_2,ZNF613,0,-0.0379,0.4068
ZNF613_3,ZNF613,0,-0.01643,0.2154
ZNF613_4,ZNF613,0,0.003684,0.1405
ZNF613_5,ZNF613,0,-0.005458,0.1308
ZNF613_6,ZNF613,0,-0.004243,0.2729
ZNF614_1,ZNF614,0,0.0007655,0.1205
ZNF614_2,ZNF614,0,-0.0233,0.2361
ZNF614_3,ZNF614,0,-0.009527,0.2065
ZNF614_4,ZNF614,0,-0.03108,0.3074
ZNF614_5,ZNF614,0,0.004327,0.1563
ZNF614_6,ZNF614,0,-0.003728,0.09934
ZNF615_1,ZNF615,0,-0.01388,0.1938
ZNF615_2,ZNF615,0,-0.001308,0.1285
ZNF615_3,ZNF615,0,-0.005729,0.2003
ZNF615_4,ZNF615,0,-0.1171,0.5056
ZNF615_5,ZNF615,0,0.005313,0.1471
ZNF615_6,ZNF615,0,0.009407,0.1058
ZNF616_1,ZNF616,0,-0.01633,0.2292
ZNF616_2,ZNF616,0,-0.01076,0.1199
ZNF616_3,ZNF616,0,-0.1862,0.6128
ZNF616_4,ZNF616,0,0.01159,0.1372
ZNF616_5,ZNF616,0,-0.001254,0.1034
ZNF616_6,ZNF616,0,-0.004974,0.1164
ZNF618_1,ZNF618,0,-0.02285,0.145
ZNF618_2,ZNF618,0,-0.04911,0.3611
ZNF618_3,ZNF618,0,0.0004602,0.1645
ZNF618_4,ZNF618,0,-0.0262,0.3166
ZNF618_5,ZNF618,0,-0.002884,0.1228
ZNF618_6,ZNF618,0,-0.02728,0.1765
ZNF619_1,ZNF619,0,-0.01132,0.3092
ZNF619_2,ZNF619,0,-0.005139,0.1539
ZNF619_3,ZNF619,0,-0.07202,0.4664
ZNF619_4,ZNF619,0,-0.0111,0.1538
ZNF619_5,ZNF619,0,0.002535,0.1495
ZNF619_6,ZNF619,0,-0.01924,0.22
ZNF620_1,ZNF620,0,-0.01537,0.2213
ZNF620_2,ZNF620,0,0.006491,0.09641
ZNF620_3,ZNF620,0,-0.007926,0.1638
ZNF620_4,ZNF620,0,-0.05769,0.4141
ZNF620_5,ZNF620,0,-0.008326,0.1896
ZNF620_6,ZNF620,0,-0.01991,0.1753
ZNF621_1,ZNF621,0,0.004165,0.1399
ZNF621_2,ZNF621,0,0.005669,0.1171
ZNF621_3,ZNF621,0,-0.02453,0.2207
ZNF621_4,ZNF621,0,-0.01952,0.1435
ZNF621_5,ZNF621,0,-0.006617,0.2115
ZNF621_6,ZNF621,0,-0.004729,0.1055
ZNF623_1,ZNF623,0,0.01135,0.1849
ZNF623_2,ZNF623,0,-0.006303,0.152
ZNF623_3,ZNF623,0,-0.03521,0.465
ZNF623_4,ZNF623,1,-0.02128,0.1861
ZNF623_5,ZNF623,0,-0.01477,0.16
ZNF623_6,ZNF623,1,-0.002471,0.1442
ZNF624_1,ZNF624,0,-0.01025,0.1894
ZNF624_2,ZNF624,0,0.002092,0.1103
ZNF624_3,ZNF624,0,-0.09126,0.5664
ZNF624_4,ZNF624,0,0.006639,0.1341
ZNF624_5,ZNF624,0,-0.01047,0.1456
ZNF624_6,ZNF624,0,-0.01564,0.253
ZNF626_1,ZNF626,0,-0.0289,0.2939
ZNF626_2,ZNF626,0,-0.01495,0.1578
ZNF626_3,ZNF626,0,0.007885,0.4326
ZNF626_4,ZNF626,0,-0.0005745,0.1471
ZNF626_5,ZNF626,0,-0.02819,0.2758
ZNF626_6,ZNF626,0,-0.002944,0.1836
ZNF627_1,ZNF627,0,0.005154,0.244
ZNF627_2,ZNF627,0,0.00563,0.1253
ZNF627_3,ZNF627,0,-0.01469,0.1743
ZNF627_4,ZNF627,0,-0.00149,0.08441
ZNF627_5,ZNF627,0,0.0003694,0.1113
ZNF627_6,ZNF627,0,0.01108,0.1467
ZNF628_1,ZNF628,0,-0.00989,0.1434
ZNF628_2,ZNF628,0,-0.012,0.1033
ZNF628_3,ZNF628,0,-0.01299,0.2201
ZNF628_4,ZNF628,0,-0.0123,0.1674
ZNF628_5,ZNF628,0,-0.002403,0.1385
ZNF628_6,ZNF628,0,0.002964,0.1198
ZNF629_1,ZNF629,0,-0.003427,0.319
ZNF629_2,ZNF629,0,-0.0137,0.1198
ZNF629_3,ZNF629,0,-0.01715,0.2511
ZNF629_4,ZNF629,0,-0.01512,0.2052
ZNF629_5,ZNF629,0,-0.05813,0.3088
ZNF629_6,ZNF629,0,-0.01611,0.1379
ZNF630_1,ZNF630,0,-0.01343,0.1756
ZNF630_2,ZNF630,0,-0.008387,0.1126
ZNF630_3,ZNF630,0,0.002268,0.1879
ZNF630_4,ZNF630,0,-0.03408,0.2799
ZNF630_5,ZNF630,0,0.001684,0.1158
ZNF630_6,ZNF630,0,-0.008054,0.2838
ZNF639_1,ZNF639,0,-0.00141,0.2001
ZNF639_2,ZNF639,0,-0.02507,0.1648
ZNF639_3,ZNF639,0,-0.009955,0.1941
ZNF639_4,ZNF639,0,-0.003463,0.1617
ZNF639_5,ZNF639,0,-0.003865,0.094
ZNF639_6,ZNF639,0,-0.006308,0.1085
ZNF641_1,ZNF641,0,-0.00863,0.2216
ZNF641_2,ZNF641,0,-0.01942,0.2519
ZNF641_3,ZNF641,0,-0.03595,0.317
ZNF641_4,ZNF641,0,-0.0442,0.2349
ZNF641_5,ZNF641,0,-0.004213,0.08478
ZNF641_6,ZNF641,0,-0.002535,0.08677
ZNF644_1,ZNF644,0,-0.08902,0.3995
ZNF644_2,ZNF644,0,0.013,0.1486
ZNF644_3,ZNF644,0,-0.008935,0.1585
ZNF644_4,ZNF644,0,0.001763,0.1282
ZNF644_5,ZNF644,0,-0.00947,0.1714
ZNF644_6,ZNF644,0,0.002838,0.08913
ZNF645_1,ZNF645,0,-0.02436,0.2315
ZNF645_2,ZNF645,0,-0.07609,0.3528
ZNF645_3,ZNF645,0,-0.04319,0.4679
ZNF645_4,ZNF645,0,-0.004637,0.1311
ZNF645_5,ZNF645,0,-0.000775,0.1489
ZNF645_6,ZNF645,0,0.003711,0.07909
ZNF646_1,ZNF646,0,-0.04382,0.3605
ZNF646_2,ZNF646,0,-0.005074,0.1159
ZNF646_3,ZNF646,0,-0.3558,0.6557
ZNF646_4,ZNF646,0,0.0003114,0.2449
ZNF646_5,ZNF646,0,-0.0122,0.1817
ZNF646_6,ZNF646,0,-0.02671,0.2727
ZNF648_1,ZNF648,0,-0.02502,0.1864
ZNF648_2,ZNF648,0,-0.02647,0.1878
ZNF648_3,ZNF648,0,-0.04738,0.2898
ZNF648_4,ZNF648,0,-0.0152,0.2079
ZNF648_5,ZNF648,0,-0.01132,0.1357
ZNF648_6,ZNF648,0,-0.003918,0.1351
ZNF649_1,ZNF649,0,0.003073,0.1281
ZNF649_2,ZNF649,0,-0.0152,0.2131
ZNF649_3,ZNF649,0,-0.02279,0.2035
ZNF649_4,ZNF649,0,0.00803,0.1549
ZNF649_5,ZNF649,0,-0.0002019,0.08382
ZNF649_6,ZNF649,0,-0.01419,0.1836
ZNF652_1,ZNF652,0,-0.006197,0.1519
ZNF652_2,ZNF652,0,-0.04272,0.2762
ZNF652_3,ZNF652,0,-0.03302,0.3559
ZNF652_4,ZNF652,0,-0.009141,0.1062
ZNF652_5,ZNF652,0,-0.01621,0.1248
ZNF652_6,ZNF652,0,-0.002776,0.122
ZNF653_1,ZNF653,0,0.01061,0.1498
ZNF653_2,ZNF653,0,-0.01749,0.1865
ZNF653_3,ZNF653,0,0.001515,0.175
ZNF653_4,ZNF653,0,-0.03796,0.3294
ZNF653_5,ZNF653,0,-0.01509,0.1355
ZNF653_6,ZNF653,0,-0.01612,0.1543
ZNF654_1,ZNF654,0,-0.009205,0.1806
ZNF654_2,ZNF654,0,-0.008705,0.07754
ZNF654_3,ZNF654,0,-0.05345,0.3074
ZNF654_4,ZNF654,0,-0.0233,0.4892
ZNF654_5,ZNF654,0,0.00439,0.1545
ZNF654_6,ZNF654,0,-0.02087,0.2514
ZNF655_1,ZNF655,0,0.001438,0.1871
ZNF655_2,ZNF655,0,-0.01952,0.2568
ZNF655_3,ZNF655,0,-0.01567,0.1779
ZNF655_4,ZNF655,0,0.006385,0.1988
ZNF655_5,ZNF655,0,-0.001114,0.1249
ZNF655_6,ZNF655,0,-0.003696,0.1932
ZNF658_1,ZNF658,0,-0.02712,0.2496
ZNF658_2,ZNF658,0,-0.004094,0.1545
ZNF658_3,ZNF658,0,-0.01522,0.3293
ZNF658_4,ZNF658,0,-0.004261,0.171
ZNF658_5,ZNF658,0,-0.001943,0.1031
ZNF658_6,ZNF658,0,-0.008807,0.1174
ZNF660_1,ZNF660,0,-0.05928,0.2778
ZNF660_2,ZNF660,0,-0.003808,0.1226
ZNF660_3,ZNF660,0,-0.01554,0.2643
ZNF660_4,ZNF660,0,-0.05649,0.2372
ZNF660_5,ZNF660,0,-0.003379,0.1012
ZNF660_6,ZNF660,0,-0.009392,0.1178
ZNF662_1,ZNF662,0,-0.03788,0.2297
ZNF662_2,ZNF662,0,0.001037,0.1879
ZNF662_3,ZNF662,0,-0.02112,0.2794
ZNF662_4,ZNF662,0,-0.02642,0.2157
ZNF662_5,ZNF662,0,-0.005029,0.2283
ZNF662_6,ZNF662,0,-0.005031,0.1613
ZNF664_1,ZNF664,0,0.009652,0.174
ZNF664_2,ZNF664,0,-0.01052,0.2047
ZNF664_3,ZNF664,0,-0.001992,0.2925
ZNF664_4,ZNF664,0,-0.008748,0.3272
ZNF664_5,ZNF664,0,-0.02175,0.2431
ZNF664_6,ZNF664,0,-0.001161,0.07097
ZNF665_1,ZNF665,0,-0.0447,0.312
ZNF665_2,ZNF665,0,0.007544,0.1464
ZNF665_3,ZNF665,0,-0.01614,0.2746
ZNF665_4,ZNF665,0,0.007825,0.1305
ZNF665_5,ZNF665,0,-0.002538,0.1336
ZNF665_6,ZNF665,0,0.0009318,0.1652
ZNF667_1,ZNF667,0,-0.05262,0.2619
ZNF667_2,ZNF667,0,-0.0213,0.2233
ZNF667_3,ZNF667,0,-0.2673,0.7009
ZNF667_4,ZNF667,0,-0.03276,0.2887
ZNF667_5,ZNF667,0,-0.01299,0.1446
ZNF667_6,ZNF667,0,-0.009452,0.1339
ZNF668_1,ZNF668,0,-0.02045,0.2191
ZNF668_2,ZNF668,0,-0.03151,0.3002
ZNF668_3,ZNF668,0,-0.003574,0.2463
ZNF668_4,ZNF668,0,-0.01324,0.2822
ZNF668_5,ZNF668,0,-0.008794,0.1435
ZNF668_6,ZNF668,0,-0.0181,0.1234
ZNF669_1,ZNF669,0,-0.00065,0.1829
ZNF669_2,ZNF669,0,-0.04421,0.3115
ZNF669_3,ZNF669,0,-0.007622,0.2119
ZNF669_4,ZNF669,0,-0.008705,0.139
ZNF669_5,ZNF669,0,-0.002332,0.1426
ZNF669_6,ZNF669,0,3.555e-05,0.06882
ZNF670_1,ZNF670,0,-0.2383,0.701
ZNF670_2,ZNF670,0,-0.02748,0.2743
ZNF670_3,ZNF670,0,-0.003412,0.1043
ZNF670_4,ZNF670,0,-0.003961,0.0886
ZNF670_5,ZNF670,0,-0.0009862,0.1355
ZNF670_6,ZNF670,0,0.01832,0.1234
ZNF671_1,ZNF671,0,-0.02196,0.1944
ZNF671_2,ZNF671,0,-0.007453,0.2068
ZNF671_3,ZNF671,0,-0.01075,0.1749
ZNF671_4,ZNF671,0,-0.01813,0.2163
ZNF671_5,ZNF671,0,0.001286,0.1373
ZNF671_6,ZNF671,0,-0.007088,0.1459
ZNF672_1,ZNF672,0,-0.01331,0.1782
ZNF672_2,ZNF672,0,-0.02414,0.3201
ZNF672_3,ZNF672,0,-0.04449,0.315
ZNF672_4,ZNF672,0,-0.01196,0.1723
ZNF672_5,ZNF672,0,-0.006654,0.1327
ZNF672_6,ZNF672,0,0.005657,0.1425
ZNF674_1,ZNF674,0,-0.01583,0.2236
ZNF674_2,ZNF674,0,-0.002045,0.1428
ZNF674_3,ZNF674,0,0.009968,0.3167
ZNF674_4,ZNF674,0,-0.05762,0.2707
ZNF674_5,ZNF674,0,-0.01128,0.1753
ZNF674_6,ZNF674,0,-0.002025,0.1498
ZNF675_1,ZNF675,0,-0.03035,0.312
ZNF675_2,ZNF675,0,-0.04288,0.29
ZNF675_3,ZNF675,0,-0.02851,0.206
ZNF675_4,ZNF675,0,-0.01482,0.09907
ZNF675_5,ZNF675,0,-0.01573,0.2143
ZNF675_6,ZNF675,0,0.004141,0.1898
ZNF676_1,ZNF676,0,-0.09259,0.5398
ZNF676_2,ZNF676,0,-0.005507,0.1482
ZNF676_3,ZNF676,0,-0.01696,0.1279
ZNF676_4,ZNF676,0,-0.002535,0.281
ZNF676_5,ZNF676,0,0.00707,0.1898
ZNF676_6,ZNF676,0,-0.03291,0.2192
ZNF677_1,ZNF677,0,0.0007637,0.2381
ZNF677_2,ZNF677,0,-0.03194,0.2508
ZNF677_3,ZNF677,0,-0.004664,0.09272
ZNF677_4,ZNF677,0,-0.00286,0.1127
ZNF677_5,ZNF677,0,-0.0008436,0.1196
ZNF677_6,ZNF677,0,-0.001856,0.1136
ZNF678_1,ZNF678,0,-0.005564,0.151
ZNF678_2,ZNF678,0,-0.0383,0.2986
ZNF678_3,ZNF678,0,-0.03291,0.2205
ZNF678_4,ZNF678,0,-0.02038,0.3048
ZNF678_5,ZNF678,0,0.006657,0.11
ZNF678_6,ZNF678,0,-0.0009579,0.1607
ZNF679_1,ZNF679,0,-0.005931,0.1564
ZNF679_2,ZNF679,0,-0.009507,0.3382
ZNF679_3,ZNF679,0,0.009444,0.121
ZNF679_4,ZNF679,0,-0.0007912,0.2525
ZNF679_5,ZNF679,0,0.006506,0.1764
ZNF679_6,ZNF679,0,-0.0533,0.3286
ZNF680_1,ZNF680,0,0.008528,0.1588
ZNF680_2,ZNF680,0,-0.008145,0.3268
ZNF680_3,ZNF680,0,-0.04026,0.3384
ZNF680_4,ZNF680,0,-0.02915,0.2685
ZNF680_5,ZNF680,0,-0.001483,0.1234
ZNF680_6,ZNF680,0,-0.002699,0.09491
ZNF681_1,ZNF681,0,-0.006508,0.1077
ZNF681_2,ZNF681,0,-0.02541,0.2856
ZNF681_3,ZNF681,0,-0.03114,0.3579
ZNF681_4,ZNF681,0,-0.02237,0.1631
ZNF681_5,ZNF681,0,-0.004477,0.1954
ZNF681_6,ZNF681,0,-0.01053,0.199
ZNF682_1,ZNF682,0,-0.002683,0.1805
ZNF682_2,ZNF682,0,-0.002303,0.1362
ZNF682_3,ZNF682,0,-0.02931,0.2728
ZNF682_4,ZNF682,0,-0.02553,0.2568
ZNF682_5,ZNF682,0,-0.00536,0.07791
ZNF682_6,ZNF682,0,-0.012,0.1152
ZNF683_1,ZNF683,0,-0.03478,0.1925
ZNF683_2,ZNF683,0,-0.008263,0.1408
ZNF683_3,ZNF683,0,-0.1277,0.4469
ZNF683_4,ZNF683,0,-0.02327,0.2332
ZNF683_5,ZNF683,0,-0.0008726,0.09903
ZNF683_6,ZNF683,0,-0.02217,0.2097
ZNF684_1,ZNF684,0,-0.02972,0.2223
ZNF684_2,ZNF684,0,-0.02781,0.229
ZNF684_3,ZNF684,0,0.001337,0.2085
ZNF684_4,ZNF684,0,-0.02743,0.2664
ZNF684_5,ZNF684,0,0.02064,0.2353
ZNF684_6,ZNF684,0,-0.004797,0.2697
ZNF687_1,ZNF687,0,-0.01565,0.2116
ZNF687_2,ZNF687,0,0.00141,0.2168
ZNF687_3,ZNF687,0,-0.01072,0.09077
ZNF687_4,ZNF687,0,0.0052,0.1425
ZNF687_5,ZNF687,0,-0.00618,0.2055
ZNF687_6,ZNF687,0,-0.01149,0.1522
ZNF688_1,ZNF688,0,-0.005988,0.1788
ZNF688_2,ZNF688,0,-0.01434,0.1814
ZNF688_3,ZNF688,0,-0.08373,0.4838
ZNF688_4,ZNF688,0,0.007524,0.09458
ZNF688_5,ZNF688,0,-0.02243,0.1939
ZNF688_6,ZNF688,0,-0.004229,0.1566
ZNF689_1,ZNF689,0,-0.008758,0.1504
ZNF689_2,ZNF689,0,-0.003032,0.2125
ZNF689_3,ZNF689,0,0.003727,0.1261
ZNF689_4,ZNF689,0,-0.03892,0.3485
ZNF689_5,ZNF689,0,-0.001209,0.1231
ZNF689_6,ZNF689,0,0.009632,0.137
ZNF691_1,ZNF691,0,-0.03276,0.1636
ZNF691_2,ZNF691,0,-0.02088,0.1439
ZNF691_3,ZNF691,0,-0.01024,0.1283
ZNF691_4,ZNF691,0,-0.05176,0.322
ZNF691_5,ZNF691,0,-0.004666,0.133
ZNF691_6,ZNF691,0,-0.01809,0.1588
ZNF692_1,ZNF692,0,-0.002814,0.1772
ZNF692_2,ZNF692,0,-0.01821,0.1643
ZNF692_3,ZNF692,0,-0.09697,0.4159
ZNF692_4,ZNF692,0,-0.006823,0.2255
ZNF692_5,ZNF692,0,0.0005924,0.1112
ZNF692_6,ZNF692,0,-0.0131,0.1837
ZNF695_1,ZNF695,0,-0.03915,0.3562
ZNF695_2,ZNF695,0,-0.02798,0.1971
ZNF695_3,ZNF695,0,-0.01363,0.175
ZNF695_4,ZNF695,0,-0.002399,0.1417
ZNF695_5,ZNF695,0,-0.01364,0.1596
ZNF695_6,ZNF695,0,-0.006225,0.1091
ZNF696_1,ZNF696,0,-0.01703,0.1662
ZNF696_2,ZNF696,0,-0.04893,0.4586
ZNF696_3,ZNF696,0,-0.04892,0.3044
ZNF696_4,ZNF696,0,-0.007381,0.1465
ZNF696_5,ZNF696,0,-0.002243,0.0958
ZNF696_6,ZNF696,0,-0.006573,0.1415
ZNF697_1,ZNF697,0,-0.001517,0.1407
ZNF697_2,ZNF697,0,-0.01182,0.1271
ZNF697_3,ZNF697,0,-0.009987,0.1305
ZNF697_4,ZNF697,0,-0.01786,0.2324
ZNF697_5,ZNF697,0,-0.006418,0.1632
ZNF697_6,ZNF697,0,-0.002261,0.1383
ZNF699_P1_1,ZNF699,0,-0.03726,0.3084
ZNF699_P1_2,ZNF699,0,-0.01446,0.2014
ZNF699_P1_3,ZNF699,0,0.001879,0.1637
ZNF699_P1_4,ZNF699,0,-0.02044,0.2248
ZNF699_P1_5,ZNF699,0,-0.002329,0.091
ZNF699_P1_6,ZNF699,0,0.004062,0.1844
ZNF699_P2_1,ZNF699,0,-0.01093,0.1517
ZNF699_P2_2,ZNF699,0,-0.08425,0.4391
ZNF699_P2_3,ZNF699,0,0.0002936,0.182
ZNF699_P2_4,ZNF699,0,-0.01361,0.1542
ZNF699_P2_5,ZNF699,0,-0.003552,0.324
ZNF699_P2_6,ZNF699,0,-0.0125,0.1282
ZNF69_1,ZNF69,0,-0.01823,0.1409
ZNF69_2,ZNF69,0,-0.01589,0.2724
ZNF69_3,ZNF69,0,-0.00528,0.2394
ZNF69_4,ZNF69,0,-0.0401,0.2323
ZNF69_5,ZNF69,0,-0.01549,0.1377
ZNF69_6,ZNF69,0,-0.003635,0.1149
ZNF700_1|ZNF763_4,ZNF700|ZNF763,0,0.02015,0.2732
ZNF700_2|ZNF763_3,ZNF700|ZNF763,0,-0.0133,0.1927
ZNF700_3,ZNF700,0,0.003171,0.1732
ZNF700_4|ZNF763_2,ZNF700|ZNF763,0,0.001442,0.1288
ZNF700_5|ZNF763_1,ZNF700|ZNF763,0,-0.001239,0.1158
ZNF700_6|ZNF763_5,ZNF700|ZNF763,0,-0.00763,0.09148
ZNF701_1,ZNF701,0,-0.02212,0.2959
ZNF701_2,ZNF701,0,-0.01286,0.1676
ZNF701_3,ZNF701,0,-0.07877,0.5426
ZNF701_4,ZNF701,0,-0.01485,0.1175
ZNF701_5,ZNF701,0,-0.01865,0.1608
ZNF701_6,ZNF701,0,-0.002003,0.1659
ZNF703_1,ZNF703,0,-0.0393,0.2948
ZNF703_2,ZNF703,0,-0.02136,0.1686
ZNF703_3,ZNF703,0,-0.01929,0.1514
ZNF703_4,ZNF703,0,-0.006258,0.1745
ZNF703_5,ZNF703,0,0.00105,0.1044
ZNF703_6,ZNF703,0,-0.006613,0.147
ZNF704_1,ZNF704,0,0.0008401,0.2844
ZNF704_2,ZNF704,0,-0.002979,0.2628
ZNF704_3,ZNF704,0,-0.02314,0.2691
ZNF704_4,ZNF704,0,0.005236,0.1673
ZNF704_5,ZNF704,0,-0.003397,0.1038
ZNF704_6,ZNF704,0,0.001829,0.1405
ZNF705A_1,ZNF705A,0,-0.03053,0.2004
ZNF705A_2,ZNF705A,0,0.00171,0.1917
ZNF705A_3,ZNF705A,0,-0.007753,0.2249
ZNF705A_4,ZNF705A,0,0.005729,0.2319
ZNF705A_5,ZNF705A,0,-0.00738,0.1581
ZNF705A_6,ZNF705A,0,-0.0111,0.1092
ZNF705B_P1_2,ZNF705B,0,0.00463,0.2206
ZNF705B_P1_4,ZNF705B,0,-0.01497,0.3994
ZNF705B_P2_1,ZNF705B,0,-0.006141,0.1228
ZNF705B_P2_2,ZNF705B,0,0.004143,0.0998
ZNF705B_P2_3,ZNF705B,0,0.01246,0.1797
ZNF705B_P2_4,ZNF705B,0,-0.03286,0.3485
ZNF705B_P2_5|ZNF705G_P2_5,ZNF705B|ZNF705G,0,-0.009939,0.114
ZNF705B_P2_6|ZNF705G_P2_6,ZNF705B|ZNF705G,0,-0.0001982,0.09398
ZNF705D_1,ZNF705D,0,-0.008866,0.1638
ZNF705D_2|ZNF705B_P1_1,ZNF705D|ZNF705B,0,0.001773,0.07506
ZNF705D_3|ZNF705B_P1_3,ZNF705D|ZNF705B,0,-0.007009,0.1578
ZNF705D_4|ZNF705B_P1_5,ZNF705D|ZNF705B,0,0.0022,0.09195
ZNF705D_5|ZNF705B_P1_6,ZNF705D|ZNF705B,0,0.001931,0.09398
ZNF705D_6,ZNF705D,0,0.004613,0.1366
ZNF705G_P1_1,ZNF705G,0,-0.02503,0.1722
ZNF705G_P1_2,ZNF705G,1,-0.01676,0.1378
ZNF705G_P1_3,ZNF705G,0,-0.01911,0.1706
ZNF705G_P1_4,ZNF705G,0,-0.01325,0.2202
ZNF705G_P1_5,ZNF705G,0,-0.004316,0.1172
ZNF705G_P1_6,ZNF705G,0,-0.01352,0.2231
ZNF705G_P2_1,ZNF705G,0,-0.01347,0.139
ZNF705G_P2_2,ZNF705G,0,-0.03526,0.2611
ZNF705G_P2_3,ZNF705G,0,-0.0141,0.4531
ZNF705G_P2_4,ZNF705G,1,-0.063,0.3852
ZNF706_1,ZNF706,0,-0.0236,0.3089
ZNF706_2,ZNF706,0,-0.007956,0.124
ZNF706_3,ZNF706,0,-0.005638,0.4051
ZNF706_4,ZNF706,0,-0.008289,0.1691
ZNF706_5,ZNF706,0,-0.005086,0.1113
ZNF706_6,ZNF706,0,-0.01055,0.1498
ZNF707_1,ZNF707,0,-0.01922,0.1756
ZNF707_2,ZNF707,0,-0.00361,0.1227
ZNF707_3,ZNF707,0,-0.00236,0.1757
ZNF707_4,ZNF707,0,-0.02502,0.4264
ZNF707_5,ZNF707,0,0.00176,0.09715
ZNF707_6,ZNF707,0,-0.0153,0.1642
ZNF708_1,ZNF708,0,0.007656,0.1757
ZNF708_2,ZNF708,0,0.01729,0.2626
ZNF708_3,ZNF708,0,-0.02789,0.3144
ZNF708_4,ZNF708,0,-0.008539,0.2944
ZNF708_5,ZNF708,0,-0.00365,0.1049
ZNF708_6,ZNF708,0,-0.01077,0.1772
ZNF709_1|ZNF564_1,ZNF709|ZNF564,0,-0.0009566,0.1185
ZNF709_2|ZNF564_3,ZNF709|ZNF564,0,-0.002008,0.1371
ZNF709_3|ZNF564_2,ZNF709|ZNF564,0,-0.002728,0.1539
ZNF709_4|ZNF564_4,ZNF709|ZNF564,0,-0.02463,0.2194
ZNF709_5|ZNF564_5,ZNF709|ZNF564,0,-0.005907,0.07671
ZNF709_6|ZNF564_6,ZNF709|ZNF564,0,-0.001857,0.1111
ZNF70_1,ZNF70,0,-0.02801,0.2547
ZNF70_2,ZNF70,0,-0.02049,0.2202
ZNF70_3,ZNF70,0,-0.01906,0.2194
ZNF70_4,ZNF70,0,0.001751,0.1683
ZNF70_5,ZNF70,0,-0.006504,0.1223
ZNF70_6,ZNF70,0,-0.002621,0.1417
ZNF710_1,ZNF710,0,-0.008363,0.1884
ZNF710_2,ZNF710,0,-0.01859,0.1647
ZNF710_3,ZNF710,0,-0.06007,0.4296
ZNF710_4,ZNF710,0,0.002833,0.1925
ZNF710_5,ZNF710,0,0.001146,0.1106
ZNF710_6,ZNF710,0,-0.003727,0.1732
ZNF711_1,ZNF711,0,-0.02646,0.1708
ZNF711_2,ZNF711,0,-0.0004118,0.1818
ZNF711_3,ZNF711,0,-0.00717,0.1889
ZNF711_4,ZNF711,0,-0.02936,0.245
ZNF711_5,ZNF711,0,-0.0081,0.1703
ZNF711_6,ZNF711,0,-0.007023,0.1131
ZNF713_1,ZNF713,0,-0.009357,0.2071
ZNF713_2,ZNF713,0,-0.06613,0.3305
ZNF713_3,ZNF713,0,-0.07152,0.3874
ZNF713_4,ZNF713,0,0.002307,0.1466
ZNF713_5,ZNF713,0,0.011,0.1909
ZNF713_6,ZNF713,0,-0.01069,0.209
ZNF714_1,ZNF714,0,-0.01709,0.2454
ZNF714_2,ZNF714,0,-0.00343,0.1884
ZNF714_3,ZNF714,0,0.0005578,0.1713
ZNF714_4,ZNF714,0,-0.07193,0.4587
ZNF714_5,ZNF714,0,-0.0226,0.2272
ZNF714_6,ZNF714,0,-7.127e-05,0.1213
ZNF716_1,ZNF716,0,-0.008626,0.1546
ZNF716_2,ZNF716,0,-0.02091,0.1407
ZNF716_3,ZNF716,0,-0.01403,0.156
ZNF716_4,ZNF716,0,-0.001513,0.1822
ZNF716_5,ZNF716,0,0.001509,0.1419
ZNF716_6,ZNF716,0,-0.002908,0.218
ZNF717_1,ZNF717,0,0.008783,0.2091
ZNF717_3,ZNF717,0,-0.02305,0.3772
ZNF717_4,ZNF717,0,-0.01266,0.1111
ZNF717_5,ZNF717,0,0.003546,0.09004
ZNF717_6,ZNF717,0,-0.01524,0.149
ZNF718_P1_1,ZNF718,0,-0.002174,0.1488
ZNF718_P1_3,ZNF718,0,0.01374,0.164
ZNF718_P1_4,ZNF718,0,-0.01165,0.2019
ZNF718_P1_5,ZNF718,0,-0.02012,0.1809
ZNF718_P2_1,ZNF718,0,-0.002052,0.1521
ZNF718_P2_2,ZNF718,0,-0.007209,0.1271
ZNF718_P2_3,ZNF718,0,0.0003745,0.2903
ZNF718_P2_4,ZNF718,0,-0.2493,0.4851
ZNF718_P2_5,ZNF718,0,-0.01899,0.2504
ZNF718_P2_6,ZNF718,0,0.0005091,0.09599
ZNF718_P3_1|ZNF718_P1_2,ZNF718|ZNF718,0,-0.01742,0.1669
ZNF718_P3_2|ZNF718_P1_6,ZNF718|ZNF718,0,-0.002261,0.0997
ZNF718_P3_3,ZNF718,0,-0.03077,0.3036
ZNF718_P3_4,ZNF718,0,-0.001902,0.2053
ZNF718_P3_5,ZNF718,0,0.01224,0.1661
ZNF718_P3_6,ZNF718,0,0.005712,0.08056
ZNF71_1,ZNF71,0,-0.3152,0.5409
ZNF71_2,ZNF71,0,-0.02988,0.2799
ZNF71_3,ZNF71,0,-0.01704,0.2463
ZNF71_4,ZNF71,0,-0.001444,0.2329
ZNF71_5,ZNF71,0,-0.01164,0.12
ZNF71_6,ZNF71,0,-0.01061,0.1342
ZNF720_1,ZNF720,0,-0.01483,0.188
ZNF720_2,ZNF720,0,0.005148,0.2397
ZNF720_3,ZNF720,0,-0.1115,0.4789
ZNF720_4,ZNF720,0,-0.009736,0.135
ZNF720_5,ZNF720,0,-0.008641,0.09881
ZNF720_6,ZNF720,0,-0.0009888,0.0736
ZNF721_P1_1,ZNF721,0,0.002554,0.1472
ZNF721_P1_2,ZNF721,0,-0.02716,0.2173
ZNF721_P1_3,ZNF721,0,-0.01555,0.1144
ZNF721_P1_4,ZNF721,0,-0.01583,0.2552
ZNF721_P1_5,ZNF721,0,0.01333,0.1106
ZNF721_P1_6,ZNF721,0,-0.001703,0.1011
ZNF721_P2_1,ZNF721,0,-0.037,0.2721
ZNF721_P2_2,ZNF721,0,-0.005768,0.1262
ZNF721_P2_3,ZNF721,0,-0.06473,0.5119
ZNF721_P2_4,ZNF721,0,0.0003493,0.1655
ZNF721_P2_5,ZNF721,0,-0.01716,0.1709
ZNF721_P2_6,ZNF721,0,-0.02727,0.2167
ZNF726_1,ZNF726,0,-0.02457,0.2304
ZNF726_2,ZNF726,0,-0.004288,0.1946
ZNF726_3,ZNF726,0,0.0003437,0.1741
ZNF726_4,ZNF726,0,-0.0309,0.3461
ZNF726_5,ZNF726,0,0.03227,0.1866
ZNF726_6,ZNF726,0,-0.04123,0.2888
ZNF727_1,ZNF727,0,-0.01203,0.2211
ZNF727_2,ZNF727,0,-0.00979,0.1737
ZNF727_3,ZNF727,0,-0.02719,0.2669
ZNF727_4,ZNF727,0,-0.01103,0.1476
ZNF727_5,ZNF727,0,0.001542,0.1711
ZNF727_6,ZNF727,0,-0.004673,0.1209
ZNF728_1,ZNF728,0,-0.01172,0.1408
ZNF728_2,ZNF728,0,-0.032,0.248
ZNF728_3,ZNF728,0,-0.02286,0.2751
ZNF728_4,ZNF728,0,-0.0127,0.1818
ZNF728_5,ZNF728,0,-0.008247,0.1327
ZNF728_6,ZNF728,0,-0.01243,0.1218
ZNF729_1,ZNF729,0,-0.04899,0.3796
ZNF729_2,ZNF729,0,-0.04518,0.2497
ZNF729_3,ZNF729,0,0.003744,0.1918
ZNF729_4,ZNF729,0,0.006418,0.192
ZNF729_5,ZNF729,0,0.003762,0.2007
ZNF729_6,ZNF729,0,-0.007539,0.1406
ZNF730_1,ZNF730,0,-0.007014,0.2229
ZNF730_2,ZNF730,0,-0.002511,0.307
ZNF730_3,ZNF730,0,0.000169,0.278
ZNF730_4,ZNF730,0,-0.007298,0.1875
ZNF730_5,ZNF730,0,-0.007414,0.06514
ZNF730_6,ZNF730,0,0.008797,0.1473
ZNF732_1,ZNF732,0,0.003285,0.1582
ZNF732_2,ZNF732,0,-0.03462,0.2442
ZNF732_3,ZNF732,0,-0.002301,0.206
ZNF732_4,ZNF732,0,-0.03538,0.2412
ZNF732_5,ZNF732,0,-0.01083,0.1882
ZNF732_6,ZNF732,0,-0.01141,0.1808
ZNF735_1,ZNF735,0,-0.01352,0.1999
ZNF735_2,ZNF735,0,-0.02463,0.2271
ZNF735_3,ZNF735,0,-0.002051,0.1953
ZNF735_4,ZNF735,0,-0.1389,0.5086
ZNF735_5,ZNF735,0,-0.01035,0.1296
ZNF735_6,ZNF735,0,-0.01274,0.1645
ZNF736_P1_1,ZNF736,0,-0.01241,0.1764
ZNF736_P1_2,ZNF736,0,-0.00912,0.1213
ZNF736_P1_3,ZNF736,0,-0.01715,0.1809
ZNF736_P1_4,ZNF736,0,-0.005638,0.1558
ZNF736_P1_5,ZNF736,0,-0.004146,0.09988
ZNF736_P1_6,ZNF736,0,0.004101,0.1123
ZNF736_P2_1,ZNF736,0,-0.009056,0.1301
ZNF736_P2_2,ZNF736,0,-0.01602,0.1974
ZNF736_P2_3,ZNF736,0,-0.01227,0.2178
ZNF736_P2_4,ZNF736,0,-0.06802,0.4364
ZNF736_P2_5,ZNF736,0,-0.003004,0.1131
ZNF736_P2_6,ZNF736,0,-0.01601,0.1466
ZNF737_1,ZNF737,0,-0.01203,0.2562
ZNF737_2,ZNF737,0,-0.02574,0.219
ZNF737_3,ZNF737,0,-0.06115,0.3699
ZNF737_4,ZNF737,0,-0.007166,0.2162
ZNF737_5,ZNF737,0,-0.004185,0.07557
ZNF737_6,ZNF737,0,0.003108,0.2465
ZNF740_1,ZNF740,0,-0.003494,0.138
ZNF740_2,ZNF740,0,0.0001992,0.1664
ZNF740_3,ZNF740,0,-0.01742,0.2007
ZNF740_4,ZNF740,0,-0.002237,0.2125
ZNF740_5,ZNF740,0,0.003199,0.1338
ZNF740_6,ZNF740,0,0.004262,0.1234
ZNF746_1,ZNF746,0,0.01053,0.2883
ZNF746_2,ZNF746,0,0.006374,0.1826
ZNF746_3,ZNF746,0,-0.009397,0.3035
ZNF746_4,ZNF746,0,-0.01275,0.2039
ZNF746_5,ZNF746,0,-0.008852,0.1428
ZNF746_6,ZNF746,0,-0.005117,0.1804
ZNF747_1|ZNF768_P2_3,ZNF747|ZNF768,0,-0.01226,0.09708
ZNF747_2|ZNF768_P2_1,ZNF747|ZNF768,0,0.005873,0.1048
ZNF747_3|ZNF768_P2_2,ZNF747|ZNF768,0,0.001492,0.1087
ZNF747_4|ZNF768_P2_4,ZNF747|ZNF768,0,-0.0102,0.1204
ZNF747_5|ZNF768_P2_5,ZNF747|ZNF768,0,-0.000266,0.1094
ZNF747_6,ZNF747,0,0.001315,0.115
ZNF749_1,ZNF749,0,-0.03826,0.2635
ZNF749_2,ZNF749,0,-0.0389,0.3901
ZNF749_3,ZNF749,0,-0.03853,0.2285
ZNF749_4,ZNF749,0,-0.05928,0.2612
ZNF749_5,ZNF749,0,-0.004959,0.1361
ZNF749_6,ZNF749,0,0.00218,0.1295
ZNF74_1,ZNF74,0,-0.01183,0.1128
ZNF74_2,ZNF74,0,0.001962,0.2125
ZNF74_3,ZNF74,0,-0.007866,0.219
ZNF74_4,ZNF74,0,0.00218,0.1552
ZNF74_5,ZNF74,0,-0.009005,0.09118
ZNF74_6,ZNF74,0,0.003721,0.1334
ZNF750_1,ZNF750,0,-0.01209,0.184
ZNF750_2,ZNF750,0,0.001853,0.2062
ZNF750_3,ZNF750,0,-0.0401,0.2103
ZNF750_4,ZNF750,0,-0.0368,0.3001
ZNF750_5,ZNF750,0,-0.0154,0.2038
ZNF750_6,ZNF750,0,-0.001685,0.1507
ZNF75A_1,ZNF75A,0,-0.02334,0.2705
ZNF75A_2,ZNF75A,0,-0.01088,0.2539
ZNF75A_3,ZNF75A,0,-0.0421,0.3313
ZNF75A_4,ZNF75A,0,-0.002551,0.1307
ZNF75A_5,ZNF75A,0,0.000926,0.152
ZNF75A_6,ZNF75A,0,-0.007832,0.0957
ZNF75D_1,ZNF75D,0,-0.01562,0.2056
ZNF75D_2,ZNF75D,0,-0.003945,0.1815
ZNF75D_3,ZNF75D,0,0.003975,0.1641
ZNF75D_4,ZNF75D,0,-0.01194,0.1212
ZNF75D_5,ZNF75D,0,-0.01193,0.1135
ZNF75D_6,ZNF75D,0,-0.006394,0.122
ZNF761_1,ZNF761,0,-0.01161,0.2129
ZNF761_2,ZNF761,0,-0.008235,0.2015
ZNF761_3,ZNF761,0,-0.02643,0.291
ZNF761_4,ZNF761,0,-0.00828,0.1295
ZNF761_5,ZNF761,0,0.002294,0.08548
ZNF761_6,ZNF761,0,0.0003582,0.1603
ZNF763_6,ZNF763,0,-0.00797,0.109
ZNF764_1,ZNF764,0,-0.01197,0.1286
ZNF764_2,ZNF764,0,-0.01373,0.2161
ZNF764_3,ZNF764,0,-0.03269,0.2632
ZNF764_4,ZNF764,0,-0.02273,0.2293
ZNF764_5,ZNF764,0,-0.003359,0.1652
ZNF764_6,ZNF764,0,-0.01335,0.1378
ZNF765_P1_1,ZNF765,0,0.007738,0.1902
ZNF765_P1_2,ZNF765,0,-0.01538,0.2113
ZNF765_P1_3,ZNF765,0,-0.003768,0.1793
ZNF765_P1_4,ZNF765,0,-0.0258,0.3052
ZNF765_P1_5,ZNF765,0,-0.001254,0.09301
ZNF765_P1_6,ZNF765,0,0.01249,0.2505
ZNF765_P2_1,ZNF765,0,0.00147,0.2161
ZNF765_P2_2,ZNF765,0,-0.0107,0.1473
ZNF765_P2_3,ZNF765,0,0.006306,0.2146
ZNF765_P2_4,ZNF765,0,0.01302,0.3419
ZNF765_P2_5,ZNF765,0,-0.00608,0.1093
ZNF765_P2_6,ZNF765,0,-0.01299,0.102
ZNF766_1,ZNF766,0,0.01719,0.165
ZNF766_2,ZNF766,0,-0.006756,0.1655
ZNF766_3,ZNF766,0,-0.009294,0.1707
ZNF766_4,ZNF766,0,0.001729,0.13
ZNF766_5,ZNF766,0,-0.004028,0.1182
ZNF766_6,ZNF766,0,-0.0008313,0.1406
ZNF768_P1_1,ZNF768,0,0.005949,0.2695
ZNF768_P1_2,ZNF768,0,-0.01877,0.2167
ZNF768_P1_3,ZNF768,0,-0.04497,0.404
ZNF768_P1_4,ZNF768,0,-0.006592,0.1497
ZNF768_P1_5,ZNF768,0,-0.01013,0.1441
ZNF768_P1_6,ZNF768,0,0.003997,0.1427
ZNF768_P2_6,ZNF768,0,-0.001273,0.1414
ZNF76_1,ZNF76,0,-0.01723,0.1316
ZNF76_2,ZNF76,0,0.003553,0.1645
ZNF76_3,ZNF76,0,-0.04406,0.2999
ZNF76_4,ZNF76,0,0.008474,0.2753
ZNF76_5,ZNF76,0,-0.009897,0.1989
ZNF76_6,ZNF76,0,-0.02527,0.1691
ZNF770_1,ZNF770,0,-0.01191,0.1702
ZNF770_2,ZNF770,0,-0.01535,0.2618
ZNF770_3,ZNF770,0,-0.0004534,0.3463
ZNF770_4,ZNF770,0,0.01585,0.1453
ZNF770_5,ZNF770,0,-0.008628,0.1075
ZNF770_6,ZNF770,0,-0.001942,0.1337
ZNF771_1,ZNF771,0,0.002199,0.1777
ZNF771_2,ZNF771,0,-0.008722,0.1703
ZNF771_3,ZNF771,0,-0.008161,0.1893
ZNF771_4,ZNF771,0,-0.01693,0.2935
ZNF771_5,ZNF771,0,-0.004699,0.1198
ZNF771_6,ZNF771,0,0.006838,0.1312
ZNF772_1,ZNF772,0,-0.01151,0.1495
ZNF772_2,ZNF772,0,-0.00426,0.1962
ZNF772_3,ZNF772,0,0.00158,0.1829
ZNF772_4,ZNF772,0,-0.006449,0.06429
ZNF772_5,ZNF772,0,-0.0104,0.1916
ZNF772_6,ZNF772,0,-0.01124,0.1162
ZNF773_1,ZNF773,0,-0.01131,0.172
ZNF773_2,ZNF773,0,-0.01794,0.1502
ZNF773_3,ZNF773,0,-0.02063,0.1782
ZNF773_4,ZNF773,0,0.015,0.3397
ZNF773_5,ZNF773,0,-0.004196,0.1111
ZNF773_6,ZNF773,0,-0.002085,0.1473
ZNF774_1,ZNF774,0,0.01114,0.1128
ZNF774_2,ZNF774,0,-0.02745,0.2609
ZNF774_3,ZNF774,0,-0.02658,0.2263
ZNF774_4,ZNF774,0,-0.02716,0.2815
ZNF774_5,ZNF774,0,-0.002324,0.1895
ZNF774_6,ZNF774,0,-0.008232,0.1225
ZNF775_1,ZNF775,0,0.004792,0.2309
ZNF775_2,ZNF775,0,-0.004589,0.1703
ZNF775_3,ZNF775,0,-0.008472,0.1775
ZNF775_4,ZNF775,0,-0.01664,0.2295
ZNF775_5,ZNF775,0,-0.009878,0.1694
ZNF775_6,ZNF775,0,-0.02188,0.1368
ZNF776_1,ZNF776,0,-0.02068,0.1993
ZNF776_2,ZNF776,0,-0.02232,0.2141
ZNF776_3,ZNF776,0,-0.002716,0.1605
ZNF776_4,ZNF776,0,-0.04002,0.3892
ZNF776_5,ZNF776,0,0.004993,0.1182
ZNF776_6,ZNF776,0,-0.0002055,0.1121
ZNF777_1,ZNF777,0,-0.02615,0.2907
ZNF777_2,ZNF777,0,0.00259,0.1879
ZNF777_3,ZNF777,0,-0.0901,0.415
ZNF777_4,ZNF777,0,-0.07346,0.3988
ZNF777_5,ZNF777,0,0.005471,0.1167
ZNF777_6,ZNF777,0,-0.01609,0.1724
ZNF778_1,ZNF778,0,-0.002072,0.2205
ZNF778_2,ZNF778,0,-0.03629,0.1816
ZNF778_3,ZNF778,0,-0.02873,0.2329
ZNF778_4,ZNF778,0,-0.02851,0.3097
ZNF778_5,ZNF778,0,-0.004663,0.1042
ZNF778_6,ZNF778,0,-0.007464,0.1482
ZNF77_1,ZNF77,0,0.006135,0.1234
ZNF77_2,ZNF77,0,0.005476,0.2262
ZNF77_3,ZNF77,0,-0.009414,0.1443
ZNF77_4,ZNF77,0,-0.05621,0.3657
ZNF77_5,ZNF77,0,-0.001348,0.08576
ZNF77_6,ZNF77,0,-0.004525,0.1194
ZNF780A_1,ZNF780A,0,-0.01621,0.2796
ZNF780A_2,ZNF780A,0,-0.008763,0.1716
ZNF780A_3,ZNF780A,0,0.01014,0.1419
ZNF780A_4,ZNF780A,0,-0.04998,0.2909
ZNF780A_5,ZNF780A,0,-0.007158,0.0921
ZNF780A_6,ZNF780A,0,0.005832,0.08101
ZNF780B_1,ZNF780B,0,-0.0212,0.2307
ZNF780B_2,ZNF780B,0,-0.0008196,0.1146
ZNF780B_3,ZNF780B,0,0.003075,0.1941
ZNF780B_4,ZNF780B,0,-0.01575,0.2082
ZNF780B_5,ZNF780B,0,-0.03574,0.2738
ZNF780B_6,ZNF780B,0,-0.02051,0.2694
ZNF781_1,ZNF781,0,-0.009081,0.2645
ZNF781_2,ZNF781,0,-0.01624,0.2488
ZNF781_3,ZNF781,0,-0.0415,0.3878
ZNF781_4,ZNF781,0,-0.01335,0.1733
ZNF781_5,ZNF781,0,-0.01107,0.1327
ZNF781_6,ZNF781,0,-0.005909,0.1156
ZNF782_1,ZNF782,0,-0.1609,0.5422
ZNF782_2,ZNF782,0,0.007025,0.2497
ZNF782_3,ZNF782,0,-0.01406,0.2651
ZNF782_4,ZNF782,0,-0.002404,0.09501
ZNF782_5,ZNF782,0,-0.004793,0.08054
ZNF782_6,ZNF782,0,-0.001755,0.1167
ZNF783_1,ZNF783,1,-0.00586,0.1429
ZNF783_2,ZNF783,1,-0.01912,0.2305
ZNF783_3,ZNF783,0,-0.002317,0.3334
ZNF783_4,ZNF783,0,-0.02579,0.2226
ZNF783_5,ZNF783,0,-0.01913,0.1379
ZNF783_6,ZNF783,0,-0.004415,0.2026
ZNF784_1,ZNF784,0,-0.04045,0.2838
ZNF784_2,ZNF784,0,-0.008962,0.2039
ZNF784_3,ZNF784,0,-0.03256,0.3062
ZNF784_4,ZNF784,0,-0.008434,0.2041
ZNF784_5,ZNF784,0,-0.006141,0.1834
ZNF784_6,ZNF784,0,-0.001237,0.05882
ZNF785_1,ZNF785,0,-0.02883,0.2114
ZNF785_2,ZNF785,0,-0.1341,0.5438
ZNF785_3,ZNF785,0,-0.01616,0.1682
ZNF785_4,ZNF785,0,-0.02367,0.1658
ZNF785_5,ZNF785,0,0.00158,0.1156
ZNF785_6,ZNF785,0,0.001111,0.1929
ZNF786_1,ZNF786,0,-0.123,0.4169
ZNF786_2,ZNF786,0,0.0009778,0.156
ZNF786_3,ZNF786,0,-0.02378,0.2169
ZNF786_4,ZNF786,0,0.002547,0.2595
ZNF786_5,ZNF786,0,-0.01063,0.2091
ZNF786_6,ZNF786,0,0.003482,0.1075
ZNF787_1,ZNF787,0,-0.01397,0.1871
ZNF787_2,ZNF787,0,-0.01636,0.1441
ZNF787_3,ZNF787,0,-0.04395,0.1934
ZNF787_4,ZNF787,0,-0.02422,0.172
ZNF787_5,ZNF787,0,-0.001048,0.09578
ZNF787_6,ZNF787,0,-0.006894,0.18
ZNF789_1,ZNF789,0,-0.04922,0.24
ZNF789_2,ZNF789,0,-0.03006,0.2703
ZNF789_3,ZNF789,0,-0.01171,0.237
ZNF789_4,ZNF789,0,-0.03046,0.3606
ZNF789_5,ZNF789,0,-0.1363,0.5417
ZNF789_6,ZNF789,0,-0.004334,0.07898
ZNF790_P1_1,ZNF790,0,-0.008003,0.2415
ZNF790_P1_2,ZNF790,0,-0.01244,0.1921
ZNF790_P1_3,ZNF790,0,-0.01908,0.183
ZNF790_P1_4,ZNF790,0,-0.008395,0.2462
ZNF790_P1_5,ZNF790,0,-0.001035,0.1804
ZNF790_P1_6,ZNF790,0,-0.01781,0.2232
ZNF790_P2_1,ZNF790,0,-0.03394,0.2957
ZNF790_P2_2,ZNF790,0,-0.007764,0.1705
ZNF790_P2_3,ZNF790,0,-0.02812,0.2196
ZNF790_P2_4,ZNF790,0,0.009805,0.1476
ZNF790_P2_5,ZNF790,0,-0.003438,0.1563
ZNF790_P2_6,ZNF790,0,0.0007249,0.1253
ZNF791_1,ZNF791,0,-0.03427,0.2763
ZNF791_2,ZNF791,0,-0.01897,0.1915
ZNF791_3,ZNF791,0,-0.005272,0.1945
ZNF791_4,ZNF791,0,-0.03017,0.2299
ZNF791_5,ZNF791,0,0.006834,0.1839
ZNF791_6,ZNF791,0,-0.01333,0.1492
ZNF792_1,ZNF792,0,-0.01419,0.2041
ZNF792_2,ZNF792,0,-0.002526,0.2303
ZNF792_3,ZNF792,0,-0.008745,0.4566
ZNF792_4,ZNF792,0,-0.02268,0.3407
ZNF792_5,ZNF792,0,0.001701,0.182
ZNF792_6,ZNF792,0,-0.01109,0.2607
ZNF793_1,ZNF793,0,0.004734,0.1546
ZNF793_2,ZNF793,0,-0.01389,0.1358
ZNF793_3,ZNF793,0,0.005341,0.1753
ZNF793_4,ZNF793,0,-0.01082,0.2215
ZNF793_5,ZNF793,0,0.0003652,0.1328
ZNF793_6,ZNF793,0,-0.001483,0.1305
ZNF799_1,ZNF799,0,-0.004977,0.1688
ZNF799_2,ZNF799,0,-0.001341,0.1967
ZNF799_3,ZNF799,0,-0.01631,0.2106
ZNF799_4,ZNF799,0,-0.01125,0.2245
ZNF799_5,ZNF799,0,0.003775,0.1127
ZNF799_6,ZNF799,0,-0.006042,0.1834
ZNF79_1,ZNF79,0,-0.01072,0.2534
ZNF79_2,ZNF79,0,-0.01474,0.1404
ZNF79_3,ZNF79,0,0.0001522,0.1578
ZNF79_4,ZNF79,0,-0.002611,0.2436
ZNF79_5,ZNF79,0,0.00237,0.06466
ZNF79_6,ZNF79,0,-0.006936,0.1838
ZNF7_1,ZNF7,0,0.0123,0.2037
ZNF7_2,ZNF7,0,-0.02651,0.2043
ZNF7_3,ZNF7,0,-0.01034,0.2121
ZNF7_4,ZNF7,0,-0.01257,0.3845
ZNF7_5,ZNF7,0,0.004825,0.1579
ZNF7_6,ZNF7,0,-0.005424,0.09389
ZNF800_1,ZNF800,0,-0.01119,0.1533
ZNF800_2,ZNF800,0,0.004607,0.1095
ZNF800_3,ZNF800,0,-0.005108,0.2513
ZNF800_4,ZNF800,0,-0.008535,0.196
ZNF800_5,ZNF800,0,-0.01347,0.1988
ZNF800_6,ZNF800,0,-0.03498,0.1786
ZNF804A_1,ZNF804A,0,-0.02067,0.1871
ZNF804A_2,ZNF804A,0,-0.004212,0.1363
ZNF804A_3,ZNF804A,0,-0.03061,0.3345
ZNF804A_4,ZNF804A,0,-0.03312,0.2482
ZNF804A_5,ZNF804A,0,-0.01019,0.2948
ZNF804A_6,ZNF804A,0,-0.008759,0.1978
ZNF804B_1,ZNF804B,0,-0.005426,0.2148
ZNF804B_2,ZNF804B,0,-0.013,0.2197
ZNF804B_3,ZNF804B,0,0.002661,0.1574
ZNF804B_4,ZNF804B,0,-0.0135,0.1577
ZNF804B_5,ZNF804B,0,0.002063,0.1139
ZNF804B_6,ZNF804B,0,-0.008564,0.1293
ZNF805_1,ZNF805,0,0.01055,0.2313
ZNF805_2,ZNF805,0,-0.008347,0.2554
ZNF805_3,ZNF805,0,-0.01498,0.2026
ZNF805_4,ZNF805,0,0.001452,0.2355
ZNF805_5,ZNF805,0,-0.002379,0.1586
ZNF805_6,ZNF805,0,-0.004093,0.08437
ZNF808_P1_1,ZNF808,0,-0.02228,0.151
ZNF808_P1_2,ZNF808,0,-0.01204,0.1377
ZNF808_P1_3,ZNF808,0,-0.05433,0.3631
ZNF808_P1_4,ZNF808,0,0.002874,0.2088
ZNF808_P1_5,ZNF808,0,-0.003629,0.1358
ZNF808_P1_6,ZNF808,0,0.006595,0.1866
ZNF808_P2_1,ZNF808,0,-0.005922,0.1892
ZNF808_P2_2,ZNF808,0,0.01145,0.1977
ZNF808_P2_3,ZNF808,0,-0.02335,0.2573
ZNF808_P2_4,ZNF808,0,-0.008469,0.1601
ZNF808_P2_5,ZNF808,0,0.005047,0.1249
ZNF808_P2_6,ZNF808,0,-0.005812,0.07619
ZNF80_1,ZNF80,0,0.0085,0.24
ZNF80_2,ZNF80,0,-0.004249,0.199
ZNF80_3,ZNF80,0,-0.01876,0.2147
ZNF80_4,ZNF80,0,-0.05094,0.2931
ZNF80_5,ZNF80,0,-0.006213,0.2162
ZNF80_6,ZNF80,0,-0.0007063,0.1627
ZNF813_1,ZNF813,0,0.009592,0.1463
ZNF813_2,ZNF813,0,-0.03489,0.411
ZNF813_3,ZNF813,0,-0.00217,0.2735
ZNF813_4,ZNF813,0,-0.02262,0.2386
ZNF813_5,ZNF813,0,2.713e-05,0.1307
ZNF813_6,ZNF813,0,-0.01431,0.1991
ZNF814_1,ZNF814,0,-0.01005,0.2243
ZNF814_2,ZNF814,0,0.0007156,0.1433
ZNF814_3,ZNF814,0,-0.003754,0.1541
ZNF814_4,ZNF814,0,-0.01355,0.1589
ZNF814_5,ZNF814,0,0.008222,0.1261
ZNF814_6,ZNF814,0,0.000966,0.09323
ZNF816_P1_1,ZNF816,0,-0.01149,0.2009
ZNF816_P1_2,ZNF816,0,-0.01776,0.1748
ZNF816_P1_3,ZNF816,0,-0.04759,0.2847
ZNF816_P1_4,ZNF816,0,-0.0236,0.2854
ZNF816_P1_5,ZNF816,0,-0.007914,0.1266
ZNF816_P1_6,ZNF816,0,-0.01956,0.174
ZNF816_P2_1,ZNF816,0,-0.0124,0.1405
ZNF816_P2_2,ZNF816,0,-0.0168,0.1819
ZNF816_P2_3,ZNF816,0,-0.007195,0.1056
ZNF816_P2_4,ZNF816,0,-0.02388,0.2468
ZNF816_P2_5,ZNF816,0,-0.02272,0.1883
ZNF816_P2_6,ZNF816,0,-0.01895,0.2211
ZNF81_1,ZNF81,0,0.003121,0.1467
ZNF81_2,ZNF81,0,-0.001174,0.1453
ZNF81_3,ZNF81,0,0.009328,0.1662
ZNF81_4,ZNF81,0,-0.004102,0.3206
ZNF81_5,ZNF81,0,0.01207,0.1514
ZNF81_6,ZNF81,0,-0.01063,0.2742
ZNF821_1,ZNF821,0,-0.007998,0.1603
ZNF821_2,ZNF821,0,-0.008646,0.1434
ZNF821_3,ZNF821,0,-0.007505,0.1771
ZNF821_4,ZNF821,0,0.001702,0.239
ZNF821_5,ZNF821,0,-0.0105,0.1606
ZNF821_6,ZNF821,0,-0.001171,0.07436
ZNF823_1,ZNF823,0,-0.009356,0.1187
ZNF823_2,ZNF823,0,-0.01349,0.244
ZNF823_3,ZNF823,0,-0.01698,0.3031
ZNF823_4,ZNF823,0,-0.0003918,0.09138
ZNF823_5,ZNF823,0,-0.002256,0.07915
ZNF823_6,ZNF823,0,-0.01767,0.1736
ZNF827_1,ZNF827,0,-0.01027,0.1854
ZNF827_2,ZNF827,0,-0.01999,0.1591
ZNF827_3,ZNF827,0,-0.03578,0.2721
ZNF827_4,ZNF827,0,-0.01093,0.2216
ZNF827_5,ZNF827,0,-0.007373,0.1101
ZNF827_6,ZNF827,0,-0.0009593,0.1283
ZNF829_1,ZNF829,0,-0.03014,0.2542
ZNF829_2,ZNF829,0,-0.004156,0.1445
ZNF829_3,ZNF829,0,0.001399,0.2088
ZNF829_4,ZNF829,0,-0.01357,0.1211
ZNF829_5,ZNF829,0,0.003247,0.07273
ZNF829_6,ZNF829,0,-0.003756,0.0848
ZNF830_2,ZNF830,0,-0.08934,0.5191
ZNF830_3,ZNF830,0,-0.07203,0.4964
ZNF830_4,ZNF830,0,0.003186,0.1024
ZNF830_5,ZNF830,0,-0.003043,0.1596
ZNF830_6,ZNF830,0,-0.01098,0.1288
ZNF831_1,ZNF831,0,-0.006557,0.158
ZNF831_2,ZNF831,0,-0.05006,0.4494
ZNF831_3,ZNF831,0,-0.02993,0.3013
ZNF831_4,ZNF831,0,-0.009005,0.2232
ZNF831_5,ZNF831,0,-0.01922,0.1966
ZNF831_6,ZNF831,0,-0.004339,0.09767
ZNF835_1,ZNF835,0,-0.009332,0.1527
ZNF835_2,ZNF835,0,-0.008753,0.1699
ZNF835_3,ZNF835,0,-0.008246,0.3028
ZNF835_4,ZNF835,0,-0.04415,0.3615
ZNF835_5,ZNF835,0,-0.003941,0.1473
ZNF835_6,ZNF835,0,-0.02365,0.1771
ZNF836_1,ZNF836,0,0.005575,0.1716
ZNF836_2,ZNF836,0,0.00405,0.0948
ZNF836_3,ZNF836,0,-0.03367,0.2058
ZNF836_4,ZNF836,0,-0.009534,0.1957
ZNF836_5,ZNF836,0,-0.01181,0.2238
ZNF836_6,ZNF836,0,0.0002803,0.1133
ZNF837_1,ZNF837,0,-0.01267,0.186
ZNF837_2,ZNF837,0,-0.00692,0.1658
ZNF837_3,ZNF837,0,-0.04452,0.2702
ZNF837_4,ZNF837,0,-0.0411,0.3515
ZNF837_5,ZNF837,0,0.007464,0.1074
ZNF837_6,ZNF837,0,-0.003181,0.1758
ZNF839_1,ZNF839,0,-0.002173,0.1399
ZNF839_2,ZNF839,0,-0.003252,0.1612
ZNF839_3,ZNF839,0,-0.01651,0.1644
ZNF839_4,ZNF839,0,-0.01775,0.1573
ZNF839_5,ZNF839,0,0.003189,0.1287
ZNF839_6,ZNF839,0,0.0009798,0.238
ZNF83_P1_1,ZNF83,0,-0.01393,0.1587
ZNF83_P1_2,ZNF83,0,-0.001903,0.1236
ZNF83_P1_3,ZNF83,0,-0.03412,0.3577
ZNF83_P1_4,ZNF83,0,-0.02326,0.2455
ZNF83_P1_5,ZNF83,0,-0.002832,0.1319
ZNF83_P1_6,ZNF83,0,-0.008578,0.1458
ZNF83_P2_1,ZNF83,0,-0.005737,0.2137
ZNF83_P2_2,ZNF83,0,-0.01486,0.21
ZNF83_P2_3,ZNF83,0,0.005201,0.1537
ZNF83_P2_4,ZNF83,0,0.009598,0.1362
ZNF83_P2_5,ZNF83,0,0.003095,0.1358
ZNF83_P2_6,ZNF83,0,-0.009912,0.1032
ZNF83_P3_1,ZNF83,0,-0.01451,0.268
ZNF83_P3_2,ZNF83,0,-0.01731,0.2272
ZNF83_P3_3,ZNF83,0,-0.005312,0.2771
ZNF83_P3_4,ZNF83,0,-0.002701,0.1517
ZNF83_P3_5,ZNF83,0,0.001117,0.06756
ZNF83_P3_6,ZNF83,0,-0.01048,0.1441
ZNF841_1,ZNF841,0,-0.01821,0.1619
ZNF841_2,ZNF841,0,-0.007258,0.1067
ZNF841_3,ZNF841,0,-0.01147,0.1284
ZNF841_4,ZNF841,0,-0.01945,0.2047
ZNF841_5,ZNF841,0,-0.01081,0.1414
ZNF841_6,ZNF841,0,-0.003512,0.1841
ZNF843_1,ZNF843,0,-0.002788,0.1768
ZNF843_2,ZNF843,0,-0.01072,0.2014
ZNF843_3,ZNF843,0,-0.003725,0.1896
ZNF843_4,ZNF843,0,-0.004895,0.1464
ZNF843_5,ZNF843,0,0.00244,0.2823
ZNF843_6,ZNF843,0,0.006778,0.1848
ZNF844_1,ZNF844,0,-0.003667,0.1115
ZNF844_2,ZNF844,0,0.0005638,0.1626
ZNF844_3,ZNF844,0,-0.005784,0.1683
ZNF844_4,ZNF844,0,-0.009931,0.3232
ZNF844_5,ZNF844,0,-0.006064,0.1304
ZNF844_6,ZNF844,0,-0.05807,0.378
ZNF845_1,ZNF845,0,0.005797,0.1292
ZNF845_2,ZNF845,0,0.0005888,0.2294
ZNF845_3,ZNF845,0,0.001705,0.1956
ZNF845_4,ZNF845,0,-0.03489,0.2166
ZNF845_5,ZNF845,0,-0.008913,0.1587
ZNF845_6,ZNF845,0,0.001128,0.1132
ZNF846_1,ZNF846,0,-0.01799,0.1351
ZNF846_2,ZNF846,0,0.0002623,0.3306
ZNF846_3,ZNF846,0,-0.01853,0.3591
ZNF846_4,ZNF846,0,-0.01122,0.3115
ZNF846_5,ZNF846,0,-0.01424,0.1531
ZNF846_6,ZNF846,0,-0.003341,0.1447
ZNF84_1,ZNF84,0,0.009199,0.2164
ZNF84_2,ZNF84,0,-0.008537,0.1576
ZNF84_3,ZNF84,0,0.0004545,0.1321
ZNF84_4,ZNF84,0,-0.0136,0.2217
ZNF84_5,ZNF84,0,-0.006325,0.09198
ZNF84_6,ZNF84,0,0.02229,0.1932
ZNF850_1,ZNF850,0,-0.02797,0.2019
ZNF850_2,ZNF850,0,0.003464,0.1069
ZNF850_3,ZNF850,0,-0.01482,0.1852
ZNF850_4,ZNF850,0,0.001461,0.2016
ZNF850_5,ZNF850,0,-0.002205,0.167
ZNF850_6,ZNF850,0,-0.005794,0.1417
ZNF852_1,ZNF852,0,-0.01391,0.195
ZNF852_2,ZNF852,0,-0.0008051,0.1832
ZNF852_3,ZNF852,0,-0.06867,0.3252
ZNF852_4,ZNF852,0,-0.003349,0.1855
ZNF852_5,ZNF852,0,-0.002527,0.1093
ZNF852_6,ZNF852,0,-0.00235,0.1736
ZNF853_P1_1,ZNF853,0,-0.001821,0.1637
ZNF853_P1_2,ZNF853,0,-0.01539,0.2693
ZNF853_P1_3,ZNF853,0,-0.06955,0.5197
ZNF853_P1_4,ZNF853,0,-0.03824,0.4424
ZNF853_P1_5,ZNF853,0,-0.003689,0.09577
ZNF853_P1_6,ZNF853,0,-0.0253,0.3282
ZNF853_P2_1,ZNF853,0,-0.02658,0.178
ZNF853_P2_2,ZNF853,0,0.002155,0.1967
ZNF853_P2_3,ZNF853,0,-0.01502,0.2419
ZNF853_P2_4,ZNF853,0,-0.212,0.5932
ZNF853_P2_5,ZNF853,0,0.001776,0.1221
ZNF853_P2_6,ZNF853,0,-0.02731,0.4309
ZNF85_1,ZNF85,0,-0.003827,0.2614
ZNF85_2,ZNF85,0,-0.01549,0.1409
ZNF85_3,ZNF85,0,-0.0166,0.2397
ZNF85_4,ZNF85,0,0.005292,0.2253
ZNF85_5,ZNF85,0,-0.004963,0.1161
ZNF85_6,ZNF85,0,-0.008498,0.1883
ZNF860_1,ZNF860,0,-0.0135,0.1296
ZNF860_2,ZNF860,0,-0.02656,0.2353
ZNF860_3,ZNF860,0,-0.009922,0.1583
ZNF860_4,ZNF860,0,0.002613,0.1527
ZNF860_5,ZNF860,0,-0.001339,0.08239
ZNF860_6,ZNF860,0,-0.008349,0.1462
ZNF862_1,ZNF862,0,-0.008417,0.2636
ZNF862_2,ZNF862,0,-0.001945,0.178
ZNF862_3,ZNF862,0,-0.02262,0.2239
ZNF862_4,ZNF862,0,-0.0529,0.2786
ZNF862_5,ZNF862,0,-0.01899,0.1632
ZNF862_6,ZNF862,0,0.0004509,0.166
ZNF865_1,ZNF865,0,-0.003461,0.1628
ZNF865_2,ZNF865,0,-0.01281,0.1955
ZNF865_3,ZNF865,0,-0.00864,0.1711
ZNF865_4,ZNF865,0,-0.005515,0.182
ZNF865_5,ZNF865,0,0.009051,0.1029
ZNF865_6,ZNF865,0,-0.006212,0.1658
ZNF878_1,ZNF878,0,-0.003302,0.1472
ZNF878_2,ZNF878,0,-0.004732,0.1122
ZNF878_3,ZNF878,0,-0.03008,0.2479
ZNF878_4,ZNF878,0,-0.02379,0.2393
ZNF878_5,ZNF878,0,-0.006726,0.1374
ZNF878_6,ZNF878,0,-0.01564,0.1354
ZNF879_1,ZNF879,0,-0.004321,0.1656
ZNF879_2,ZNF879,0,0.002782,0.1554
ZNF879_3,ZNF879,0,-0.01408,0.1464
ZNF879_4,ZNF879,0,-0.06765,0.3594
ZNF879_5,ZNF879,0,0.0003751,0.1176
ZNF879_6,ZNF879,0,0.008572,0.09539
ZNF880_1,ZNF880,0,-0.01534,0.1552
ZNF880_2,ZNF880,0,-0.006339,0.2327
ZNF880_3,ZNF880,0,-0.01964,0.2016
ZNF880_4,ZNF880,0,-0.01115,0.24
ZNF880_5,ZNF880,0,-0.001824,0.1478
ZNF880_6,ZNF880,0,-0.01664,0.1286
ZNF883_1,ZNF883,0,0.006755,0.1865
ZNF883_2,ZNF883,0,-0.02317,0.2583
ZNF883_3,ZNF883,0,-0.007617,0.1699
ZNF883_4,ZNF883,0,0.002671,0.2655
ZNF883_5,ZNF883,0,-0.009391,0.1572
ZNF883_6,ZNF883,0,0.004267,0.09763
ZNF888_P1_1,ZNF888,0,0.0005957,0.2251
ZNF888_P1_2,ZNF888,0,-0.02667,0.2241
ZNF888_P1_3,ZNF888,0,-0.02858,0.3666
ZNF888_P1_4,ZNF888,0,-0.004187,0.2418
ZNF888_P1_5,ZNF888,0,-0.004972,0.1124
ZNF888_P1_6,ZNF888,0,-0.01788,0.1855
ZNF888_P2_1,ZNF888,0,-0.02615,0.3147
ZNF888_P2_2,ZNF888,0,-0.01242,0.1393
ZNF888_P2_3,ZNF888,0,-0.02034,0.2043
ZNF888_P2_4,ZNF888,0,-0.01602,0.1365
ZNF888_P2_5,ZNF888,0,-0.017,0.142
ZNF888_P2_6,ZNF888,0,-0.008747,0.1146
ZNF891_1,ZNF891,0,0.003597,0.1668
ZNF891_2,ZNF891,0,-0.01747,0.1922
ZNF891_3,ZNF891,0,-0.03807,0.312
ZNF891_4,ZNF891,0,0.01242,0.2191
ZNF891_5,ZNF891,0,-0.01296,0.1682
ZNF891_6,ZNF891,0,-0.001289,0.1253
ZNF8_1,ZNF8,0,-0.01634,0.108
ZNF8_2,ZNF8,0,-0.01002,0.154
ZNF8_3,ZNF8,0,-0.008909,0.2515
ZNF8_4,ZNF8,0,0.0005249,0.1188
ZNF8_5,ZNF8,0,-0.02066,0.2631
ZNF8_6,ZNF8,0,0.01304,0.1423
ZNF90_1,ZNF90,1,-0.00669,0.1117
ZNF90_2,ZNF90,1,0.01235,0.1941
ZNF90_3,ZNF90,1,-0.006314,0.09179
ZNF90_4,ZNF90,0,-0.009042,0.1702
ZNF90_5,ZNF90,1,-0.0005263,0.1497
ZNF90_6,ZNF90,0,-0.009703,0.1443
ZNF91_1,ZNF91,0,-0.01403,0.2701
ZNF91_2,ZNF91,0,-0.006123,0.1349
ZNF91_3,ZNF91,0,-0.03738,0.3502
ZNF91_4,ZNF91,0,-0.01682,0.2137
ZNF91_5,ZNF91,0,-0.007772,0.09436
ZNF91_6,ZNF91,0,-0.007089,0.1069
ZNF92_1,ZNF92,0,0.01056,0.1556
ZNF92_2,ZNF92,0,-0.009904,0.1651
ZNF92_3,ZNF92,0,-0.007173,0.09718
ZNF92_4,ZNF92,0,-0.004995,0.2675
ZNF92_5,ZNF92,0,-0.01491,0.1441
ZNF92_6,ZNF92,0,0.001502,0.1459
ZNF93_1,ZNF93,0,-0.01409,0.184
ZNF93_2,ZNF93,0,-0.03513,0.2001
ZNF93_3,ZNF93,0,-0.009181,0.1648
ZNF93_4,ZNF93,0,-0.007893,0.1796
ZNF93_5,ZNF93,0,-0.01518,0.1781
ZNF93_6,ZNF93,0,-0.007745,0.09464
ZNF98_1,ZNF98,0,-0.003153,0.1351
ZNF98_2,ZNF98,0,-0.01295,0.1562
ZNF98_3,ZNF98,0,-0.01221,0.3376
ZNF98_4,ZNF98,0,-0.0001301,0.1394
ZNF98_5,ZNF98,0,-0.02175,0.1065
ZNF98_6,ZNF98,0,-0.001021,0.1996
ZNF99_1,ZNF99,0,-0.005297,0.2148
ZNF99_2,ZNF99,0,0.00395,0.1439
ZNF99_3,ZNF99,0,-0.01791,0.2417
ZNF99_4,ZNF99,0,-0.00929,0.178
ZNF99_5,ZNF99,0,-0.01631,0.139
ZNF99_6,ZNF99,0,0.000264,0.07835
ZNFX1_1,ZNFX1,0,-0.008295,0.1418
ZNFX1_2,ZNFX1,0,-0.002502,0.1107
ZNFX1_3,ZNFX1,0,-0.01546,0.22
ZNFX1_4,ZNFX1,0,-0.0115,0.205
ZNFX1_5,ZNFX1,0,-0.001343,0.1412
ZNFX1_6,ZNFX1,0,0.0009512,0.07494
ZSCAN10_1,ZSCAN10,1,-0.001985,0.2365
ZSCAN10_2,ZSCAN10,1,0.00917,0.2036
ZSCAN10_3,ZSCAN10,1,-0.0081,0.278
ZSCAN10_4,ZSCAN10,0,-0.09027,0.5039
ZSCAN10_5,ZSCAN10,0,-0.005069,0.1495
ZSCAN10_6,ZSCAN10,1,0.002713,0.1519
ZSCAN12_1,ZSCAN12,0,-0.01173,0.2488
ZSCAN12_2,ZSCAN12,0,-0.001505,0.09018
ZSCAN12_3,ZSCAN12,0,-0.002165,0.1395
ZSCAN12_4,ZSCAN12,0,-0.03058,0.1865
ZSCAN12_5,ZSCAN12,0,-0.02681,0.2008
ZSCAN12_6,ZSCAN12,0,-0.002287,0.119
ZSCAN16_1,ZSCAN16,0,-0.006669,0.2235
ZSCAN16_2,ZSCAN16,0,-0.01699,0.1481
ZSCAN16_3,ZSCAN16,0,-0.008825,0.2128
ZSCAN16_4,ZSCAN16,0,-0.221,0.6608
ZSCAN16_5,ZSCAN16,0,-0.04343,0.293
ZSCAN16_6,ZSCAN16,0,-0.001964,0.1596
ZSCAN18_P1_1,ZSCAN18,0,-0.005053,0.2378
ZSCAN18_P1_2,ZSCAN18,0,-0.002256,0.168
ZSCAN18_P1_3,ZSCAN18,0,-0.04279,0.3363
ZSCAN18_P1_4,ZSCAN18,0,-0.003106,0.2527
ZSCAN18_P1_5,ZSCAN18,0,-0.001957,0.1493
ZSCAN18_P1_6,ZSCAN18,0,-0.002213,0.1063
ZSCAN18_P2_1,ZSCAN18,0,-0.000853,0.2267
ZSCAN18_P2_2,ZSCAN18,0,-0.02947,0.3294
ZSCAN18_P2_3,ZSCAN18,0,-0.00499,0.1931
ZSCAN18_P2_4,ZSCAN18,0,-0.01866,0.2124
ZSCAN18_P2_5,ZSCAN18,0,0.003597,0.1182
ZSCAN18_P2_6,ZSCAN18,0,-0.01347,0.1406
ZSCAN1_1,ZSCAN1,0,0.003922,0.1437
ZSCAN1_2,ZSCAN1,0,-0.04482,0.2676
ZSCAN1_3,ZSCAN1,0,-0.00679,0.2059
ZSCAN1_4,ZSCAN1,0,-0.09292,0.3931
ZSCAN1_5,ZSCAN1,0,0.01001,0.1069
ZSCAN1_6,ZSCAN1,0,0.005107,0.1295
ZSCAN20_1,ZSCAN20,0,-0.01902,0.3365
ZSCAN20_2,ZSCAN20,0,-0.0007405,0.2364
ZSCAN20_3,ZSCAN20,0,-0.03817,0.3013
ZSCAN20_4,ZSCAN20,0,-0.02525,0.2797
ZSCAN20_5,ZSCAN20,0,0.003465,0.1638
ZSCAN20_6,ZSCAN20,0,0.00314,0.1144
ZSCAN21_1,ZSCAN21,0,-0.006848,0.1391
ZSCAN21_2,ZSCAN21,0,-0.005212,0.1149
ZSCAN21_3,ZSCAN21,0,-0.005647,0.191
ZSCAN21_4,ZSCAN21,0,-0.01063,0.2856
ZSCAN21_5,ZSCAN21,0,-0.006717,0.1597
ZSCAN21_6,ZSCAN21,0,-0.03028,0.2658
ZSCAN22_1,ZSCAN22,0,-0.01826,0.2636
ZSCAN22_2,ZSCAN22,0,-0.00983,0.2038
ZSCAN22_3,ZSCAN22,0,-0.01052,0.2289
ZSCAN22_4,ZSCAN22,0,-0.01091,0.1527
ZSCAN22_5,ZSCAN22,0,0.01781,0.1854
ZSCAN22_6,ZSCAN22,0,-0.002913,0.09808
ZSCAN23_1,ZSCAN23,0,-0.0162,0.1639
ZSCAN23_2,ZSCAN23,0,-0.006094,0.1624
ZSCAN23_3,ZSCAN23,0,0.0002957,0.1673
ZSCAN23_4,ZSCAN23,0,-0.03229,0.2642
ZSCAN23_5,ZSCAN23,0,-0.003143,0.1248
ZSCAN23_6,ZSCAN23,0,-0.002634,0.07967
ZSCAN25_1,ZSCAN25,0,-0.01505,0.136
ZSCAN25_2,ZSCAN25,0,-0.03092,0.29
ZSCAN25_3,ZSCAN25,0,-0.00678,0.2213
ZSCAN25_4,ZSCAN25,0,-0.02979,0.2116
ZSCAN25_5,ZSCAN25,0,-0.005664,0.07208
ZSCAN25_6,ZSCAN25,0,-0.003361,0.1325
ZSCAN26_1,ZSCAN26,0,-0.002147,0.1969
ZSCAN26_2,ZSCAN26,0,0.006567,0.1481
ZSCAN26_3,ZSCAN26,0,-0.00899,0.1755
ZSCAN26_4,ZSCAN26,0,-0.01323,0.2382
ZSCAN26_5,ZSCAN26,0,0.004347,0.1319
ZSCAN26_6,ZSCAN26,0,-0.01424,0.1482
ZSCAN29_1,ZSCAN29,0,-0.01194,0.1612
ZSCAN29_2,ZSCAN29,0,-0.006069,0.1012
ZSCAN29_3,ZSCAN29,0,-0.005726,0.1752
ZSCAN29_4,ZSCAN29,0,-0.01372,0.1529
ZSCAN29_5,ZSCAN29,0,-0.002654,0.1295
ZSCAN29_6,ZSCAN29,0,-0.002355,0.1429
ZSCAN2_1,ZSCAN2,0,0.00825,0.1823
ZSCAN2_2,ZSCAN2,0,-0.04768,0.2927
ZSCAN2_3,ZSCAN2,0,0.004364,0.2149
ZSCAN2_4,ZSCAN2,0,0.005597,0.1018
ZSCAN2_5,ZSCAN2,0,-0.01408,0.1173
ZSCAN2_6,ZSCAN2,0,-0.02517,0.2128
ZSCAN30_1,ZSCAN30,0,-0.06628,0.3617
ZSCAN30_2,ZSCAN30,0,-0.03608,0.2314
ZSCAN30_3,ZSCAN30,0,-0.0421,0.3089
ZSCAN30_4,ZSCAN30,0,-0.03228,0.3301
ZSCAN30_5,ZSCAN30,0,0.005904,0.1382
ZSCAN30_6,ZSCAN30,0,-0.00837,0.1412
ZSCAN31_P1_1,ZSCAN31,0,-0.005209,0.2031
ZSCAN31_P1_2,ZSCAN31,0,0.02133,0.1865
ZSCAN31_P1_3,ZSCAN31,0,-0.09779,0.4539
ZSCAN31_P1_4,ZSCAN31,0,-0.01387,0.1822
ZSCAN31_P1_5,ZSCAN31,0,-0.02929,0.2211
ZSCAN31_P1_6,ZSCAN31,0,-0.005958,0.1367
ZSCAN31_P2_1,ZSCAN31,0,-0.02063,0.1419
ZSCAN31_P2_2,ZSCAN31,0,0.000628,0.1556
ZSCAN31_P2_3,ZSCAN31,0,-0.02693,0.3115
ZSCAN31_P2_4,ZSCAN31,0,-0.001142,0.09453
ZSCAN31_P2_5,ZSCAN31,0,-0.007083,0.1132
ZSCAN31_P2_6,ZSCAN31,0,-0.007662,0.1356
ZSCAN32_1,ZSCAN32,0,-0.006979,0.111
ZSCAN32_2,ZSCAN32,0,-0.008486,0.235
ZSCAN32_3,ZSCAN32,0,-0.03713,0.2807
ZSCAN32_4,ZSCAN32,0,0.001486,0.3102
ZSCAN32_5,ZSCAN32,0,-0.008255,0.116
ZSCAN32_6,ZSCAN32,0,-0.0002031,0.1566
ZSCAN5A_P1_1,ZSCAN5A,0,-0.03719,0.2656
ZSCAN5A_P1_2,ZSCAN5A,0,-0.01374,0.1985
ZSCAN5A_P1_3,ZSCAN5A,0,-0.01352,0.2383
ZSCAN5A_P1_4,ZSCAN5A,0,-0.006687,0.1536
ZSCAN5A_P1_5,ZSCAN5A,0,-0.02979,0.211
ZSCAN5A_P1_6,ZSCAN5A,0,-0.001252,0.09954
ZSCAN5A_P2_1,ZSCAN5A,0,-0.004555,0.1563
ZSCAN5A_P2_2,ZSCAN5A,0,-0.01295,0.1692
ZSCAN5A_P2_3,ZSCAN5A,0,0.007167,0.2138
ZSCAN5A_P2_4,ZSCAN5A,0,-0.02202,0.2112
ZSCAN5A_P2_5,ZSCAN5A,0,-0.007258,0.09028
ZSCAN5A_P2_6,ZSCAN5A,0,0.001502,0.09944
ZSCAN5B_P1_1,ZSCAN5B,0,-0.0303,0.2354
ZSCAN5B_P1_2,ZSCAN5B,0,0.004099,0.1725
ZSCAN5B_P1_3,ZSCAN5B,0,-0.001995,0.08748
ZSCAN5B_P1_4,ZSCAN5B,0,0.005717,0.2706
ZSCAN5B_P1_5,ZSCAN5B,0,4.466e-05,0.1331
ZSCAN5B_P1_6,ZSCAN5B,0,-0.003679,0.1048
ZSCAN5B_P2_1,ZSCAN5B,0,-0.01338,0.1683
ZSCAN5B_P2_2,ZSCAN5B,0,-0.0296,0.3205
ZSCAN5B_P2_3,ZSCAN5B,0,-0.02778,0.2755
ZSCAN5B_P2_4,ZSCAN5B,0,0.004868,0.1049
ZSCAN5B_P2_5,ZSCAN5B,0,0.008997,0.1283
ZSCAN5B_P2_6,ZSCAN5B,0,-0.002856,0.1088
ZSCAN9_1,ZSCAN9,0,0.004534,0.09921
ZSCAN9_2,ZSCAN9,0,0.01537,0.1598
ZSCAN9_3,ZSCAN9,0,-0.01408,0.1373
ZSCAN9_4,ZSCAN9,0,-0.05128,0.4443
ZSCAN9_5,ZSCAN9,0,-0.00795,0.1696
ZSCAN9_6,ZSCAN9,0,0.0004691,0.135
ZUFSP_1,ZUFSP,0,0.0008551,0.1918
ZUFSP_2,ZUFSP,0,0.0009353,0.1147
ZUFSP_3,ZUFSP,0,0.004747,0.1561
ZUFSP_4,ZUFSP,0,-0.007265,0.09117
ZUFSP_5,ZUFSP,0,-0.000861,0.06139
ZUFSP_6,ZUFSP,0,-0.006283,0.1175
ZXDA_1,ZXDA,0,0.006554,0.1844
ZXDA_2,ZXDA,0,0.002793,0.1638
ZXDA_3,ZXDA,0,0.001791,0.3044
ZXDA_4,ZXDA,0,-0.0241,0.2588
ZXDA_5,ZXDA,0,-0.02781,0.1952
ZXDA_6,ZXDA,0,-0.00888,0.131
ZXDB_1,ZXDB,0,-0.01074,0.2323
ZXDB_2,ZXDB,0,-0.02282,0.2578
ZXDB_3,ZXDB,0,-0.003626,0.1126
ZXDB_4,ZXDB,0,-0.05675,0.3976
ZXDB_5,ZXDB,0,-0.02296,0.2809
ZXDB_6,ZXDB,0,-0.006093,0.1121
ZXDC_1,ZXDC,0,-0.00235,0.1242
ZXDC_2,ZXDC,0,-0.009767,0.1932
ZXDC_3,ZXDC,0,-0.01248,0.2032
ZXDC_4,ZXDC,0,-0.03655,0.3046
ZXDC_5,ZXDC,0,-0.004051,0.08021
ZXDC_6,ZXDC,0,-0.007215,0.1557
ZZZ3_1,ZZZ3,0,0.008361,0.1435
ZZZ3_2,ZZZ3,0,-0.004814,0.2684
ZZZ3_3,ZZZ3,0,-0.02306,0.1914
ZZZ3_4,ZZZ3,0,-0.03447,0.3045
ZZZ3_5,ZZZ3,0,0.001688,0.2153
ZZZ3_6,ZZZ3,0,0.004447,0.1211
control,control,0,-1.518e-17,1.46e-16
