guide,target,active,center,scale
AARS_B,AARS,0,-0.1323,0.4711
AARS_C,AARS,0,-0.01714,0.2051
AARS_main,AARS,0,-0.01067,0.1803
AATF_1,AATF,0,-0.02839,0.3005
AATF_5,AATF,0,-0.06547,0.3814
AATF_6,AATF,0,-0.006135,0.1522
ADNP2_1,ADNP2,0,-0.004453,0.09772
ADNP2_2,ADNP2,1,-0.01347,0.1674
ADNP2_3,ADNP2,1,-0.01788,0.1757
ADNP2_4,ADNP2,0,0.001109,0.1723
ADNP2_5,ADNP2,0,-0.000452,0.1119
ADNP2_6,ADNP2,0,-0.002934,0.08472
ADNP_1,ADNP,0,0.001919,0.1119
ADNP_2,ADNP,0,-0.01097,0.1623
ADNP_3,ADNP,0,-0.00748,0.2812
ADNP_4,ADNP,0,-0.1074,0.4626
ADNP_5,ADNP,0,0.002057,0.06504
ADNP_6,ADNP,0,-0.003845,0.0595
AEBP1_1,AEBP1,0,-0.00359,0.1257
AEBP1_2,AEBP1,0,-0.008158,0.1183
AEBP1_3,AEBP1,0,-0.00372,0.1715
AEBP1_4,AEBP1,0,-0.03854,0.3406
AEBP1_5,AEBP1,0,-0.009133,0.1275
AEBP1_6,AEBP1,0,-0.002582,0.1445
AEBP2_1,AEBP2,0,-0.01738,0.2761
AEBP2_2,AEBP2,0,-0.007258,0.1862
AEBP2_3,AEBP2,0,0.001204,0.0991
AEBP2_4,AEBP2,0,-0.2243,0.4323
AEBP2_5,AEBP2,0,-0.009796,0.2014
AEBP2_6,AEBP2,0,-0.01397,0.1211
AFF1_1,AFF1,0,0.01237,0.1374
AFF1_2,AFF1,0,-0.02516,0.3322
AFF1_3,AFF1,0,-0.009083,0.1563
AFF1_4,AFF1,0,-0.02333,0.2463
AFF1_5,AFF1,0,-0.01173,0.1039
AFF1_6,AFF1,0,-0.001592,0.07916
AFF2_1,AFF2,0,-0.003724,0.115
AFF2_2,AFF2,0,-0.006534,0.1955
AFF2_3,AFF2,0,-0.00531,0.1464
AFF2_4,AFF2,0,-0.01133,0.1589
AFF2_5,AFF2,0,-0.0152,0.09
AFF2_6,AFF2,0,-0.0008308,0.05538
AFF3_1,AFF3,0,0.001176,0.1837
AFF3_2,AFF3,0,3.431e-05,0.1057
AFF3_3,AFF3,0,-0.007335,0.1657
AFF3_4,AFF3,0,-0.02471,0.1888
AFF3_5,AFF3,0,-0.00407,0.06171
AFF3_6,AFF3,0,-0.0004374,0.05589
AFF4_1,AFF4,0,-0.02251,0.177
AFF4_2,AFF4,0,-0.01347,0.1216
AFF4_3,AFF4,0,-0.03098,0.1479
AFF4_4,AFF4,0,-0.005388,0.1874
AFF4_5,AFF4,0,-0.00564,0.1512
AFF4_6,AFF4,0,-0.001198,0.07887
AHCTF1_1,AHCTF1,0,-0.0002893,0.1436
AHCTF1_2,AHCTF1,0,-0.01439,0.176
AHCTF1_3,AHCTF1,0,-0.05884,0.3631
AHCTF1_4,AHCTF1,0,-0.00122,0.1789
AHCTF1_5,AHCTF1,0,0.002776,0.07461
AHCTF1_6,AHCTF1,0,-0.002367,0.1002
AHCY_1,AHCY,0,-0.01283,0.1928
AHCY_2,AHCY,0,-0.01158,0.1371
AHCY_3,AHCY,0,0.001037,0.09585
AHCY_4,AHCY,0,-2.708e-05,0.07029
AHCY_5,AHCY,0,-0.00297,0.1028
AHCY_6,AHCY,0,0.003187,0.08845
AHDC1_1,AHDC1,0,0.009207,0.09608
AHDC1_2,AHDC1,0,0.001563,0.1032
AHDC1_3,AHDC1,0,-0.007411,0.1476
AHDC1_4,AHDC1,0,-0.1311,0.4246
AHDC1_5,AHDC1,0,-0.009019,0.09001
AHDC1_6,AHDC1,0,-0.009546,0.1058
AHRR_1,AHRR,0,-0.00836,0.1394
AHRR_2,AHRR,0,-0.00403,0.1788
AHRR_3,AHRR,0,-0.01023,0.2001
AHRR_4,AHRR,0,0.0047,0.1231
AHRR_5,AHRR,0,-0.007284,0.1042
AHRR_6,AHRR,0,-0.01132,0.1174
AHR_1,AHR,0,-0.006016,0.09026
AHR_2,AHR,0,0.003493,0.114
AHR_3,AHR,0,0.005213,0.4219
AHR_4,AHR,0,-0.02679,0.1974
AHR_5,AHR,0,-0.005279,0.08196
AHR_6,AHR,0,-0.001121,0.1006
AIRE_1,AIRE,0,-0.01453,0.1203
AIRE_2,AIRE,0,-0.01794,0.2092
AIRE_3,AIRE,0,-0.0006252,0.1217
AIRE_4,AIRE,0,-0.04289,0.2723
AIRE_5,AIRE,0,-0.006609,0.07559
AIRE_6,AIRE,0,0.005485,0.06452
AKAP8L_1,AKAP8L,0,-0.0105,0.1728
AKAP8L_2,AKAP8L,0,-0.01003,0.1529
AKAP8L_3,AKAP8L,0,-0.01819,0.1882
AKAP8L_4,AKAP8L,0,0.00814,0.1849
AKAP8L_5,AKAP8L,0,0.007349,0.1655
AKAP8L_6,AKAP8L,0,-0.003384,0.09299
AKAP8_1,AKAP8,0,-0.03262,0.2121
AKAP8_2,AKAP8,0,-0.006133,0.09308
AKAP8_3,AKAP8,0,-0.007946,0.118
AKAP8_4,AKAP8,0,-0.00485,0.1446
AKAP8_5,AKAP8,0,-0.002714,0.08938
AKAP8_6,AKAP8,0,0.0002387,0.1101
AKNA_P1_1,AKNA,0,-0.006336,0.09718
AKNA_P1_2,AKNA,0,-0.01452,0.1991
AKNA_P1_3,AKNA,0,-0.03156,0.226
AKNA_P1_4,AKNA,0,0.002285,0.1855
AKNA_P1_5,AKNA,0,-0.01615,0.2287
AKNA_P1_6,AKNA,0,1.201e-05,0.1729
AKNA_P2_1,AKNA,0,-0.02083,0.1519
AKNA_P2_2,AKNA,0,-0.01118,0.1555
AKNA_P2_3,AKNA,0,-0.03034,0.3159
AKNA_P2_4,AKNA,0,-0.02688,0.171
AKNA_P2_5,AKNA,0,-0.006352,0.07445
AKNA_P2_6,AKNA,0,-0.00312,0.07354
ALX1_1,ALX1,0,-0.003791,0.1517
ALX1_2,ALX1,0,-0.006603,0.1206
ALX1_3,ALX1,0,-0.004728,0.0969
ALX1_4,ALX1,0,-0.02908,0.1661
ALX1_5,ALX1,0,-0.003679,0.1462
ALX1_6,ALX1,0,-0.002775,0.07578
ALX3_1,ALX3,0,0.0005997,0.09014
ALX3_2,ALX3,0,-2.562e-05,0.08118
ALX3_3,ALX3,0,-0.01136,0.2326
ALX3_4,ALX3,0,-0.02593,0.297
ALX3_5,ALX3,0,0.003894,0.09108
ALX3_6,ALX3,0,-0.01905,0.2273
ALX4_1,ALX4,0,-0.02959,0.2112
ALX4_2,ALX4,0,-0.01507,0.1577
ALX4_3,ALX4,0,0.0002695,0.1553
ALX4_4,ALX4,0,-0.01932,0.1412
ALX4_5,ALX4,0,-0.0031,0.08766
ALX4_6,ALX4,0,0.004393,0.1271
ALYREF_1,ALYREF,0,0.003075,0.1835
ALYREF_2,ALYREF,0,0.0002348,0.1087
ALYREF_3,ALYREF,0,-0.219,0.6639
ALYREF_4,ALYREF,0,-0.03064,0.2498
ALYREF_5,ALYREF,0,0.004816,0.1054
ALYREF_6,ALYREF,0,-0.002176,0.1075
ANHX_1,ANHX,0,-0.03318,0.2763
ANHX_2,ANHX,0,0.001325,0.08166
ANHX_3,ANHX,0,-0.01584,0.1707
ANHX_4,ANHX,0,-0.0224,0.1523
ANHX_5,ANHX,0,-0.01631,0.1402
ANHX_6,ANHX,0,-0.003685,0.1049
ANKRD1_1,ANKRD1,0,-0.01374,0.166
ANKRD1_2,ANKRD1,0,-0.01388,0.1815
ANKRD1_3,ANKRD1,0,-0.01044,0.08982
ANKRD1_4,ANKRD1,0,-0.002785,0.1902
ANKRD1_5,ANKRD1,0,-0.0163,0.1269
ANKRD1_6,ANKRD1,0,-0.00843,0.08954
ANKRD30A_1,ANKRD30A,0,-0.1136,0.4728
ANKRD30A_2,ANKRD30A,0,0.004015,0.1447
ANKRD30A_3,ANKRD30A,0,-0.02942,0.237
ANKRD30A_4,ANKRD30A,0,-0.007982,0.1259
ANKRD30A_5,ANKRD30A,0,0.0001671,0.1296
ANKRD30A_6,ANKRD30A,0,0.001335,0.1143
ANKZF1_1,ANKZF1,0,-0.009453,0.2237
ANKZF1_2,ANKZF1,0,-0.006964,0.1268
ANKZF1_3,ANKZF1,0,-0.0001914,0.1523
ANKZF1_4,ANKZF1,0,-0.007572,0.1341
ANKZF1_5,ANKZF1,0,-0.02304,0.1556
ANKZF1_6,ANKZF1,0,-0.004341,0.06868
APITD1_1|APITD1-CORT_1,APITD1|APITD1-CORT,0,0.002427,0.1351
APITD1_2|APITD1-CORT_2,APITD1|APITD1-CORT,0,-0.0177,0.1576
APITD1_3|APITD1-CORT_3,APITD1|APITD1-CORT,0,-0.006487,0.09219
APITD1_4|APITD1-CORT_4,APITD1|APITD1-CORT,0,-0.0005692,0.08739
APITD1_5|APITD1-CORT_5,APITD1|APITD1-CORT,0,-0.005504,0.1386
APITD1_6|APITD1-CORT_6,APITD1|APITD1-CORT,0,0.0009769,0.1016
ARGFX_1,ARGFX,0,-0.02093,0.1492
ARGFX_2,ARGFX,0,-0.02453,0.2453
ARGFX_3,ARGFX,0,-0.003073,0.1059
ARGFX_4,ARGFX,0,-0.006285,0.09562
ARGFX_5,ARGFX,0,-0.001832,0.05634
ARGFX_6,ARGFX,0,-0.01301,0.1263
ARHGAP35_1,ARHGAP35,0,-0.008136,0.09382
ARHGAP35_2,ARHGAP35,0,-0.01358,0.1587
ARHGAP35_3,ARHGAP35,0,-0.01788,0.3074
ARHGAP35_4,ARHGAP35,0,0.001373,0.06169
ARHGAP35_5,ARHGAP35,0,-0.0004253,0.1028
ARHGAP35_6,ARHGAP35,0,-0.009623,0.1666
ARID1A_1,ARID1A,0,0.001872,0.0956
ARID1A_2,ARID1A,1,0.00502,0.0861
ARID1A_3,ARID1A,0,0.001963,0.07942
ARID1A_4,ARID1A,1,0.0003982,0.04553
ARID1A_5,ARID1A,0,0.003086,0.1143
ARID1A_6,ARID1A,0,-0.003976,0.09124
ARID1B_P1_1,ARID1B,0,0.001774,0.1473
ARID1B_P1_2,ARID1B,0,-0.0008568,0.09838
ARID1B_P1_3,ARID1B,0,-0.03494,0.3042
ARID1B_P1_4,ARID1B,0,-0.006316,0.1006
ARID1B_P1_5,ARID1B,0,-0.0272,0.1249
ARID1B_P1_6,ARID1B,0,-0.001029,0.05583
ARID1B_P2_1,ARID1B,0,-0.009797,0.1072
ARID1B_P2_2,ARID1B,0,0.007005,0.1575
ARID1B_P2_3,ARID1B,0,-0.03031,0.2293
ARID1B_P2_4,ARID1B,0,-0.001437,0.1027
ARID1B_P2_5,ARID1B,0,-0.01431,0.1287
ARID1B_P2_6,ARID1B,0,0.001527,0.2164
ARID2_1,ARID2,1,-0.003871,0.07395
ARID2_2,ARID2,0,-0.02825,0.185
ARID2_3,ARID2,0,-0.02621,0.1416
ARID2_4,ARID2,1,-0.01614,0.2172
ARID2_5,ARID2,0,-0.005809,0.0823
ARID2_6,ARID2,0,0.002806,0.168
ARID3A_1,ARID3A,0,0.01159,0.1729
ARID3A_2,ARID3A,0,-0.01057,0.1864
ARID3A_3,ARID3A,0,-0.0106,0.126
ARID3A_4,ARID3A,0,0.004479,0.1621
ARID3A_5,ARID3A,0,-0.004506,0.09407
ARID3A_6,ARID3A,0,0.002332,0.09026
ARID3B_1,ARID3B,0,0.001437,0.09999
ARID3B_2,ARID3B,0,-0.01047,0.181
ARID3B_3,ARID3B,0,-0.01716,0.1682
ARID3B_4,ARID3B,0,-0.01886,0.146
ARID3B_5,ARID3B,0,-0.003456,0.06135
ARID3B_6,ARID3B,0,-0.00335,0.1042
ARID3C_1,ARID3C,0,0.0009752,0.1365
ARID3C_2,ARID3C,0,-0.00402,0.1267
ARID3C_3,ARID3C,0,-0.001835,0.2402
ARID3C_4,ARID3C,0,-0.2736,0.5893
ARID3C_5,ARID3C,0,-0.007675,0.1273
ARID3C_6,ARID3C,0,-0.00539,0.07979
ARID4A_1,ARID4A,0,0.0007532,0.06515
ARID4A_2,ARID4A,0,0.001322,0.1703
ARID4A_3,ARID4A,0,-0.02417,0.259
ARID4A_4,ARID4A,0,-0.02039,0.1537
ARID4A_5,ARID4A,0,0.0002677,0.11
ARID4A_6,ARID4A,0,-0.008136,0.07771
ARID4B_1,ARID4B,0,-0.001271,0.072
ARID4B_2,ARID4B,0,-0.009302,0.1868
ARID4B_3,ARID4B,0,-0.0137,0.1293
ARID4B_4,ARID4B,0,-0.0206,0.2075
ARID4B_5,ARID4B,0,-0.01007,0.208
ARID4B_6,ARID4B,0,-0.002981,0.06379
ARID5A_1,ARID5A,0,-0.001513,0.1449
ARID5A_2,ARID5A,0,-0.008888,0.1588
ARID5A_3,ARID5A,0,-0.06763,0.3421
ARID5A_4,ARID5A,0,-0.01429,0.1528
ARID5A_5,ARID5A,0,-0.01768,0.1939
ARID5A_6,ARID5A,0,-0.036,0.3278
ARID5B_1,ARID5B,1,-0.01793,0.2674
ARID5B_2,ARID5B,0,-0.00568,0.09783
ARID5B_3,ARID5B,0,0.006722,0.1149
ARID5B_4,ARID5B,1,-0.01016,0.101
ARID5B_5,ARID5B,0,-0.01411,0.1166
ARID5B_6,ARID5B,0,-0.01865,0.1357
ARNT2_1,ARNT2,0,-0.005174,0.1958
ARNT2_2,ARNT2,0,0.00273,0.1067
ARNT2_4,ARNT2,0,-0.01679,0.1725
ARNT2_5,ARNT2,0,-0.007369,0.1025
ARNT2_6,ARNT2,0,0.004689,0.07099
ARNTL2_1,ARNTL2,0,-0.01843,0.2261
ARNTL2_2,ARNTL2,0,-0.02609,0.2742
ARNTL2_3,ARNTL2,0,-0.02234,0.2166
ARNTL2_4,ARNTL2,0,-0.02383,0.3024
ARNTL2_5,ARNTL2,0,0.006561,0.1274
ARNTL2_6,ARNTL2,0,-0.005732,0.09797
ARNTL_1,ARNTL,0,-0.00495,0.1141
ARNTL_2,ARNTL,0,-0.01051,0.1434
ARNTL_3,ARNTL,0,-0.002331,0.1414
ARNTL_4,ARNTL,0,-0.01441,0.1586
ARNTL_5,ARNTL,0,-0.009768,0.09804
ARNTL_6,ARNTL,0,-0.003842,0.1352
ARNT_1,ARNT,0,-0.01897,0.2093
ARNT_2,ARNT,0,-0.01245,0.1158
ARNT_3,ARNT,0,0.0008356,0.1446
ARNT_4,ARNT,0,-0.06466,0.3402
ARNT_5,ARNT,0,-0.004105,0.1849
ARNT_6,ARNT,0,0.005266,0.05675
ARX_P1_1,ARX,0,-0.006606,0.1405
ARX_P1_2,ARX,0,-0.007907,0.1212
ARX_P1_3,ARX,0,-0.02468,0.1772
ARX_P1_4,ARX,0,-0.003072,0.1204
ARX_P1_5,ARX,0,-0.01416,0.1258
ARX_P1_6,ARX,0,-0.02818,0.1727
ARX_P2_1,ARX,0,0.001698,0.1296
ARX_P2_2,ARX,0,0.006521,0.1293
ARX_P2_3,ARX,0,-0.007188,0.1869
ARX_P2_4,ARX,0,-0.002101,0.1159
ARX_P2_5,ARX,0,0.0003623,0.1224
ARX_P2_6,ARX,0,-0.04241,0.1778
AR_1,AR,0,-0.01287,0.1457
AR_2,AR,0,-0.01443,0.1666
AR_3,AR,0,-0.01449,0.1661
AR_4,AR,0,-0.01454,0.1484
AR_5,AR,0,-0.002722,0.07245
AR_6,AR,0,-0.01502,0.1398
ASCL1_1,ASCL1,0,-0.004102,0.1626
ASCL1_2,ASCL1,0,-0.007962,0.1769
ASCL1_3,ASCL1,0,-0.02318,0.1793
ASCL1_4,ASCL1,0,-0.02148,0.2394
ASCL1_5,ASCL1,0,-0.003202,0.07554
ASCL1_6,ASCL1,0,0.003118,0.1037
ASCL2_1,ASCL2,0,-0.007959,0.247
ASCL2_2,ASCL2,0,-0.008358,0.1044
ASCL2_3,ASCL2,0,0.01231,0.1824
ASCL2_4,ASCL2,0,0.001719,0.2197
ASCL2_5,ASCL2,0,-0.003418,0.1253
ASCL2_6,ASCL2,0,-0.01355,0.1059
ASCL3_1,ASCL3,0,-8.099e-05,0.1326
ASCL3_2,ASCL3,0,-0.01211,0.1417
ASCL3_3,ASCL3,0,0.01184,0.1614
ASCL3_4,ASCL3,0,-0.04323,0.2958
ASCL3_5,ASCL3,0,-0.009778,0.08351
ASCL3_6,ASCL3,0,-0.001696,0.1936
ASCL4_1,ASCL4,0,-0.001313,0.1068
ASCL4_2,ASCL4,0,-0.04657,0.2777
ASCL4_3,ASCL4,0,-0.01486,0.1974
ASCL4_4,ASCL4,0,-0.004665,0.09782
ASCL4_5,ASCL4,0,0.0047,0.06975
ASCL4_6,ASCL4,0,0.0006735,0.1065
ASCL5_1,ASCL5,0,0.003035,0.1449
ASCL5_2,ASCL5,0,-0.02463,0.2304
ASCL5_3,ASCL5,0,-0.01881,0.2143
ASCL5_4,ASCL5,0,-0.008156,0.1453
ASCL5_5,ASCL5,0,0.005657,0.2581
ASCL5_6,ASCL5,0,0.004024,0.1622
ASH1L_1,ASH1L,0,-0.00886,0.2146
ASH1L_2,ASH1L,0,-0.01544,0.1214
ASH1L_3,ASH1L,0,-0.00849,0.1883
ASH1L_4,ASH1L,0,-0.01394,0.2873
ASH1L_5,ASH1L,0,-0.0002769,0.07996
ASH1L_6,ASH1L,0,-0.002187,0.1066
ATF1_1,ATF1,0,0.001863,0.1011
ATF1_2,ATF1,0,-0.005263,0.1429
ATF1_3,ATF1,0,-0.004322,0.07436
ATF1_4,ATF1,0,-0.04755,0.4126
ATF1_5,ATF1,0,0.005713,0.08692
ATF1_6,ATF1,0,-0.006905,0.088
ATF2_1,ATF2,0,-0.004726,0.1889
ATF2_2,ATF2,0,-0.01868,0.1634
ATF2_3,ATF2,0,-0.02617,0.1786
ATF2_4,ATF2,0,-0.3288,0.5224
ATF2_5,ATF2,0,-0.001575,0.1009
ATF2_6,ATF2,0,0.001302,0.08677
ATF3_1,ATF3,0,-0.0005819,0.1202
ATF3_2,ATF3,0,-0.002569,0.09606
ATF3_3,ATF3,0,0.007565,0.1075
ATF3_4,ATF3,0,-0.02102,0.2431
ATF3_5,ATF3,0,0.0001716,0.08228
ATF3_6,ATF3,0,-0.291,0.4505
ATF4_1,ATF4,0,-0.0006106,0.2103
ATF4_2,ATF4,0,0.001268,0.06909
ATF4_3,ATF4,0,2.728e-05,0.0739
ATF4_4,ATF4,0,-0.003556,0.1799
ATF4_5,ATF4,0,-0.004103,0.08558
ATF4_6,ATF4,0,-0.01127,0.1437
ATF5_1,ATF5,0,-0.2008,0.7677
ATF5_2,ATF5,0,-0.07956,0.4274
ATF5_3,ATF5,0,-0.3103,0.5571
ATF5_5,ATF5,0,-0.2179,0.5438
ATF5_6,ATF5,0,-0.1887,0.4719
ATF6B_1,ATF6B,0,-0.01193,0.1755
ATF6B_2,ATF6B,0,-0.00237,0.2284
ATF6B_3,ATF6B,0,0.0004924,0.1361
ATF6B_4,ATF6B,0,-0.007921,0.1556
ATF6B_5,ATF6B,0,-0.002556,0.06714
ATF6B_6,ATF6B,0,-0.007789,0.065
ATF6_1,ATF6,0,-0.1598,0.4883
ATF6_2,ATF6,0,-0.01951,0.2036
ATF6_3,ATF6,0,-0.02964,0.183
ATF6_4,ATF6,0,-0.0374,0.3527
ATF6_5,ATF6,0,-0.005667,0.1386
ATF6_6,ATF6,0,0.001361,0.08221
ATF7_1,ATF7,0,-0.02817,0.3057
ATF7_2,ATF7,0,-0.004665,0.1629
ATF7_3,ATF7,0,0.003407,0.1186
ATF7_4,ATF7,0,-0.01044,0.1136
ATF7_5,ATF7,0,0.00337,0.1792
ATF7_6,ATF7,0,-0.005154,0.09817
ATMIN_1,ATMIN,0,-0.006442,0.1445
ATMIN_2,ATMIN,0,-0.00717,0.186
ATMIN_3,ATMIN,0,-0.005734,0.143
ATMIN_4,ATMIN,0,-0.03593,0.2093
ATMIN_5,ATMIN,0,-0.01988,0.1657
ATMIN_6,ATMIN,0,-0.002995,0.1095
ATN1_1,ATN1,0,-0.003955,0.1935
ATN1_2,ATN1,0,-0.0007589,0.0654
ATN1_3,ATN1,0,-0.00811,0.1461
ATN1_4,ATN1,0,-0.08207,0.3934
ATN1_5,ATN1,0,0.0007881,0.1026
ATN1_6,ATN1,0,-0.018,0.1092
ATOH1_1,ATOH1,0,-0.002705,0.1325
ATOH1_2,ATOH1,0,-0.003501,0.1213
ATOH1_3,ATOH1,0,-0.01434,0.2265
ATOH1_4,ATOH1,0,-0.00197,0.141
ATOH1_5,ATOH1,0,-0.0006927,0.1293
ATOH1_6,ATOH1,0,-0.00916,0.1103
ATOH7_1,ATOH7,0,-0.01076,0.1343
ATOH7_2,ATOH7,0,-0.008003,0.2223
ATOH7_3,ATOH7,0,-0.009755,0.1334
ATOH7_4,ATOH7,0,-0.008207,0.225
ATOH7_5,ATOH7,0,0.005958,0.1506
ATOH7_6,ATOH7,0,0.0003097,0.1091
ATOH8_1,ATOH8,0,-0.01171,0.251
ATOH8_2,ATOH8,0,-0.002486,0.1236
ATOH8_3,ATOH8,0,0.0109,0.1801
ATOH8_4,ATOH8,0,-0.00406,0.135
ATOH8_5,ATOH8,0,-0.006173,0.1173
ATOH8_6,ATOH8,0,-0.001051,0.1099
ATXN7_P1_1,ATXN7,0,-0.002355,0.1272
ATXN7_P1_2,ATXN7,0,-0.02043,0.2109
ATXN7_P1_3,ATXN7,0,-0.01018,0.1698
ATXN7_P1_4,ATXN7,0,-0.037,0.388
ATXN7_P1_5,ATXN7,0,-0.001714,0.03697
ATXN7_P1_6,ATXN7,0,-0.0004946,0.09513
ATXN7_P2_1,ATXN7,0,-0.02586,0.1845
ATXN7_P2_2,ATXN7,0,0.001572,0.2016
ATXN7_P2_3,ATXN7,0,-0.002807,0.1614
ATXN7_P2_4,ATXN7,0,-0.006342,0.1729
ATXN7_P2_5,ATXN7,0,-0.007494,0.08025
ATXN7_P2_6,ATXN7,0,-0.006256,0.05622
B2M,B2M,0,-0.0005717,0.02429
BACH1_1,BACH1,0,0.0001627,0.1259
BACH1_2,BACH1,0,-0.02198,0.2204
BACH1_3,BACH1,0,-0.006411,0.1281
BACH1_4,BACH1,0,0.0003453,0.1947
BACH1_5,BACH1,0,-0.002238,0.07348
BACH1_6,BACH1,0,-0.002179,0.1342
BACH2_1,BACH2,0,0.001802,0.1643
BACH2_2,BACH2,0,0.01691,0.1557
BACH2_3,BACH2,0,-0.01437,0.1988
BACH2_4,BACH2,0,-0.03179,0.2052
BACH2_5,BACH2,0,-0.01408,0.08927
BACH2_6,BACH2,0,-0.006095,0.1374
BARHL1_1,BARHL1,0,-0.02456,0.176
BARHL1_2,BARHL1,0,-0.008307,0.1624
BARHL1_3,BARHL1,0,-0.005586,0.1317
BARHL1_4,BARHL1,0,0.001448,0.08445
BARHL1_5,BARHL1,0,-0.0003998,0.09542
BARHL1_6,BARHL1,0,0.006007,0.1681
BARHL2_1,BARHL2,0,-0.004982,0.1356
BARHL2_2,BARHL2,0,0.002856,0.175
BARHL2_3,BARHL2,0,-0.004094,0.1159
BARHL2_4,BARHL2,0,-0.02251,0.1629
BARHL2_5,BARHL2,0,-0.007626,0.1121
BARHL2_6,BARHL2,0,0.002257,0.06448
BARX1_1,BARX1,0,-0.1003,0.4156
BARX1_2,BARX1,0,-0.0305,0.198
BARX1_3,BARX1,0,-0.004683,0.1751
BARX1_4,BARX1,0,-0.04045,0.2779
BARX1_5,BARX1,0,-0.005794,0.09103
BARX1_6,BARX1,0,-0.005038,0.1442
BARX2_1,BARX2,0,-0.0136,0.1773
BARX2_2,BARX2,0,-0.01086,0.2964
BARX2_3,BARX2,0,-0.008034,0.197
BARX2_4,BARX2,0,-0.01217,0.2014
BARX2_5,BARX2,0,-0.01059,0.1003
BARX2_6,BARX2,0,-0.02328,0.2186
BATF2_1,BATF2,0,-0.04069,0.221
BATF2_2,BATF2,0,-0.005205,0.1424
BATF2_3,BATF2,0,-0.007846,0.1681
BATF2_4,BATF2,0,-0.004712,0.1323
BATF2_5,BATF2,0,-0.001955,0.09509
BATF2_6,BATF2,0,-0.003484,0.06548
BATF3_1,BATF3,0,-0.01217,0.1584
BATF3_2,BATF3,0,0.005543,0.1452
BATF3_3,BATF3,0,-0.01245,0.1472
BATF3_4,BATF3,0,0.006417,0.1242
BATF3_5,BATF3,0,-0.008761,0.1025
BATF3_6,BATF3,0,-0.002199,0.1652
BATF_1,BATF,0,-0.01415,0.1541
BATF_2,BATF,0,-0.009013,0.1947
BATF_3,BATF,0,-0.009266,0.1508
BATF_4,BATF,0,-0.007318,0.1299
BATF_5,BATF,0,0.01035,0.1061
BATF_6,BATF,0,0.002388,0.112
BAZ1B_1,BAZ1B,0,-0.01724,0.1535
BAZ1B_2,BAZ1B,0,0.005985,0.1573
BAZ1B_3,BAZ1B,0,0.002868,0.09862
BAZ1B_4,BAZ1B,0,-0.01464,0.1173
BAZ1B_5,BAZ1B,0,-0.006114,0.1332
BAZ1B_6,BAZ1B,0,-0.01166,0.1711
BAZ2A_P1_1,BAZ2A,0,0.008782,0.1055
BAZ2A_P1_2,BAZ2A,0,-0.02146,0.2231
BAZ2A_P1_3,BAZ2A,0,-0.009791,0.1146
BAZ2A_P1_4,BAZ2A,0,-0.01043,0.1274
BAZ2A_P1_5,BAZ2A,0,-0.0084,0.09443
BAZ2A_P1_6,BAZ2A,0,-0.01503,0.2515
BAZ2A_P2_1,BAZ2A,0,0.005057,0.1089
BAZ2A_P2_2,BAZ2A,0,-0.01448,0.1597
BAZ2A_P2_3,BAZ2A,0,0.008972,0.1689
BAZ2A_P2_4,BAZ2A,0,-0.002562,0.1257
BAZ2A_P2_5,BAZ2A,0,0.0002118,0.1031
BAZ2A_P2_6,BAZ2A,0,-0.008409,0.08275
BAZ2B_1,BAZ2B,0,-0.0002213,0.09915
BAZ2B_2,BAZ2B,0,-0.003679,0.09664
BAZ2B_3,BAZ2B,0,-0.01091,0.1176
BAZ2B_4,BAZ2B,0,-0.01718,0.1409
BAZ2B_5,BAZ2B,0,-0.0008687,0.03972
BAZ2B_6,BAZ2B,0,-0.0003883,0.1251
BBX_1,BBX,0,0.004299,0.1024
BBX_2,BBX,0,-0.01303,0.255
BBX_3,BBX,0,-0.03034,0.2578
BBX_4,BBX,0,-0.007387,0.1036
BBX_5,BBX,0,0.004107,0.1286
BBX_6,BBX,0,-0.000444,0.1031
BCL11A_1,BCL11A,0,-0.004682,0.1345
BCL11A_2,BCL11A,0,0.0002808,0.1382
BCL11A_3,BCL11A,0,-0.002242,0.2289
BCL11A_4,BCL11A,0,-0.0003319,0.1092
BCL11A_5,BCL11A,0,-0.006768,0.06715
BCL11A_6,BCL11A,0,-0.004249,0.1006
BCL11B_1,BCL11B,0,0.01355,0.2329
BCL11B_2,BCL11B,0,-0.0101,0.121
BCL11B_3,BCL11B,0,-0.02796,0.2719
BCL11B_4,BCL11B,0,-0.01613,0.2186
BCL11B_5,BCL11B,0,-0.001054,0.1984
BCL11B_6,BCL11B,0,-0.001554,0.0833
BCL3_1,BCL3,0,-0.04917,0.3569
BCL3_2,BCL3,0,-0.03249,0.2228
BCL3_3,BCL3,0,-0.01695,0.227
BCL3_4,BCL3,0,-0.03799,0.3104
BCL3_5,BCL3,0,-0.001157,0.08485
BCL3_6,BCL3,0,0.003002,0.0967
BCL6B_1,BCL6B,0,-0.007032,0.104
BCL6B_2,BCL6B,0,-0.01448,0.1338
BCL6B_3,BCL6B,0,-0.01938,0.2067
BCL6B_4,BCL6B,0,0.01173,0.1496
BCL6B_5,BCL6B,0,-0.004272,0.09396
BCL6B_6,BCL6B,0,-0.003561,0.1299
BCL6_1,BCL6,0,-0.008512,0.2793
BCL6_2,BCL6,0,-0.001941,0.1716
BCL6_3,BCL6,0,-0.01561,0.1959
BCL6_4,BCL6,0,-0.02772,0.3164
BCL6_5,BCL6,0,-0.005449,0.08105
BCL6_6,BCL6,0,-0.009269,0.1176
BCLAF1_1,BCLAF1,1,0.002046,0.1439
BCLAF1_2,BCLAF1,1,-0.007054,0.1165
BCLAF1_3,BCLAF1,0,-0.002501,0.1332
BCLAF1_4,BCLAF1,0,-0.01091,0.149
BCLAF1_5,BCLAF1,0,0.006987,0.09423
BCLAF1_6,BCLAF1,0,-0.004888,0.06664
BDP1_1,BDP1,0,-0.1534,0.5941
BDP1_3,BDP1,0,-0.3069,0.4552
BDP1_4,BDP1,0,-0.04994,0.4273
BDP1_5,BDP1,0,-0.01029,0.1446
BDP1_6,BDP1,0,-0.003764,0.1885
BHLHA15_1,BHLHA15,0,0.003285,0.114
BHLHA15_2,BHLHA15,0,-0.007351,0.1768
BHLHA15_3,BHLHA15,0,-0.01571,0.1731
BHLHA15_4,BHLHA15,0,-0.01244,0.1363
BHLHA15_5,BHLHA15,0,0.002785,0.1183
BHLHA15_6,BHLHA15,0,-0.01477,0.1694
BHLHA9_1,BHLHA9,0,-0.002599,0.1459
BHLHA9_2,BHLHA9,0,-0.001691,0.1116
BHLHA9_3,BHLHA9,0,-0.03559,0.4314
BHLHA9_4,BHLHA9,0,-0.06552,0.3609
BHLHA9_5,BHLHA9,0,-0.003341,0.0987
BHLHA9_6,BHLHA9,0,-0.004361,0.1701
BHLHB9_1,BHLHB9,0,-0.009425,0.1022
BHLHB9_2,BHLHB9,0,-0.001366,0.1755
BHLHB9_3,BHLHB9,0,-0.006351,0.1679
BHLHB9_4,BHLHB9,0,0.009778,0.1368
BHLHB9_5,BHLHB9,0,-0.005732,0.1451
BHLHB9_6,BHLHB9,0,-0.0145,0.1475
BHLHE22_1,BHLHE22,0,-0.011,0.1271
BHLHE22_2,BHLHE22,0,-0.006749,0.09893
BHLHE22_3,BHLHE22,0,-0.008886,0.1459
BHLHE22_4,BHLHE22,0,-0.004542,0.1309
BHLHE22_5,BHLHE22,0,-0.005578,0.0953
BHLHE22_6,BHLHE22,0,-0.005939,0.1088
BHLHE23_1,BHLHE23,0,0.0001776,0.1129
BHLHE23_2,BHLHE23,0,-0.008463,0.1296
BHLHE23_3,BHLHE23,0,-0.01299,0.1665
BHLHE23_4,BHLHE23,0,-0.0004837,0.09216
BHLHE23_5,BHLHE23,0,-0.001943,0.1033
BHLHE23_6,BHLHE23,0,0.00246,0.1616
BHLHE40_1,BHLHE40,0,-5.351e-05,0.1441
BHLHE40_2,BHLHE40,0,-0.01091,0.1377
BHLHE40_3,BHLHE40,0,0.01092,0.1326
BHLHE40_4,BHLHE40,0,-0.004114,0.1529
BHLHE40_5,BHLHE40,0,-0.008431,0.1294
BHLHE40_6,BHLHE40,0,-0.005174,0.07644
BHLHE41_1,BHLHE41,0,-0.02136,0.2604
BHLHE41_2,BHLHE41,0,-0.005098,0.1107
BHLHE41_3,BHLHE41,0,-0.002674,0.2042
BHLHE41_4,BHLHE41,0,0.01416,0.2873
BHLHE41_5,BHLHE41,0,-0.004455,0.1021
BHLHE41_6,BHLHE41,0,-0.01635,0.1226
BID_1,BID,0,-0.01077,0.2122
BID_2,BID,0,-0.003676,0.09589
BID_3,BID,0,0.001746,0.1001
BID_4,BID,0,-0.0231,0.2073
BID_5,BID,0,-0.007432,0.093
BID_6,BID,0,-0.001022,0.1019
BLZF1_1,BLZF1,0,-0.01872,0.1327
BLZF1_2,BLZF1,0,0.0016,0.1064
BLZF1_3,BLZF1,0,-0.02669,0.2103
BLZF1_4,BLZF1,0,-0.009597,0.274
BLZF1_5,BLZF1,0,0.0001048,0.06449
BLZF1_6,BLZF1,0,0.003911,0.1382
BMP2_P1_1,BMP2,0,-0.004069,0.1819
BMP2_P1_2,BMP2,0,-0.004905,0.1453
BMP2_P1_3,BMP2,0,-0.006595,0.1348
BMP2_P1_4,BMP2,0,-0.01679,0.1198
BMP2_P1_5,BMP2,0,0.003217,0.1341
BMP2_P1_6,BMP2,0,-0.007069,0.1033
BMP2_P2_1,BMP2,0,0.004125,0.1779
BMP2_P2_2,BMP2,0,-0.0279,0.2049
BMP2_P2_3,BMP2,0,-0.009281,0.1436
BMP2_P2_4,BMP2,0,0.004435,0.1866
BMP2_P2_5,BMP2,0,-0.01436,0.1114
BMP2_P2_6,BMP2,0,-0.005961,0.08868
BNC1_1,BNC1,0,0.00755,0.2013
BNC1_2,BNC1,0,-0.004492,0.0849
BNC1_3,BNC1,0,0.007934,0.2294
BNC1_4,BNC1,0,-0.02524,0.2137
BNC1_5,BNC1,0,-0.007681,0.117
BNC1_6,BNC1,0,-0.003708,0.1147
BNC2_1,BNC2,0,-0.005256,0.1761
BNC2_2,BNC2,0,-0.00243,0.1099
BNC2_3,BNC2,0,-0.01366,0.168
BNC2_4,BNC2,0,-0.01051,0.1783
BNC2_5,BNC2,0,-0.009424,0.1232
BNC2_6,BNC2,0,-0.004872,0.08693
BOLA1_P1_1,BOLA1,0,-0.001038,0.08206
BOLA1_P1_2,BOLA1,0,-0.001362,0.1362
BOLA1_P1_3,BOLA1,0,0.01026,0.121
BOLA1_P1_4,BOLA1,0,-0.003804,0.1202
BOLA1_P1_5,BOLA1,0,-0.002728,0.1061
BOLA1_P1_6,BOLA1,0,-0.01352,0.1569
BOLA1_P2_1,BOLA1,0,-0.00284,0.08829
BOLA1_P2_2,BOLA1,0,-0.1518,0.5351
BOLA1_P2_3,BOLA1,0,-0.0337,0.3344
BOLA1_P2_5,BOLA1,0,-0.002698,0.1045
BOLA1_P2_6,BOLA1,0,-0.006855,0.0746
BOLA2B_1|BOLA2_1,BOLA2B|BOLA2,0,0.002576,0.07525
BOLA2B_2|BOLA2_2,BOLA2B|BOLA2,0,0.0002503,0.09455
BOLA2B_3|BOLA2_3,BOLA2B|BOLA2,0,-0.03435,0.2141
BOLA2B_4|BOLA2_4,BOLA2B|BOLA2,0,-0.006713,0.1466
BOLA2B_5|BOLA2_5,BOLA2B|BOLA2,0,-0.00158,0.08672
BOLA2B_6|BOLA2_6,BOLA2B|BOLA2,0,-0.003168,0.06061
BOLA3_1,BOLA3,0,-0.003234,0.0931
BOLA3_2,BOLA3,0,-0.006363,0.1583
BOLA3_3,BOLA3,0,-0.01838,0.2113
BOLA3_4,BOLA3,0,-0.006112,0.177
BOLA3_5,BOLA3,0,0.007193,0.1304
BOLA3_6,BOLA3,0,-0.008111,0.1508
BPTF_1,BPTF,0,-0.1342,0.594
BPTF_2,BPTF,0,-0.009567,0.127
BPTF_3,BPTF,0,-0.03089,0.2055
BPTF_4,BPTF,0,-0.02611,0.1565
BPTF_5,BPTF,0,-0.0009523,0.08532
BPTF_6,BPTF,0,-0.003509,0.1436
BRF2_1,BRF2,0,-0.1784,0.798
BRF2_2,BRF2,0,0.00367,0.09477
BRF2_3,BRF2,0,-0.02222,0.3106
BRF2_4,BRF2,0,-0.01164,0.2036
BRF2_5,BRF2,0,-0.006897,0.07748
BRF2_6,BRF2,0,-0.006896,0.1878
BRIP1_1,BRIP1,0,-0.1201,0.541
BRIP1_6,BRIP1,0,-0.1573,0.5402
BRPF1_1,BRPF1,0,0.01503,0.1953
BRPF1_2,BRPF1,0,0.006993,0.23
BRPF1_3,BRPF1,0,0.01024,0.1203
BRPF1_4,BRPF1,0,0.006786,0.1784
BRPF1_5,BRPF1,0,-0.0003506,0.1419
BRPF1_6,BRPF1,0,0.002435,0.05933
BSX_1,BSX,0,-0.01906,0.1406
BSX_2,BSX,0,-0.0187,0.1982
BSX_3,BSX,0,-0.07024,0.3895
BSX_4,BSX,0,-0.004525,0.1032
BSX_5,BSX,0,-0.01271,0.1216
BSX_6,BSX,0,-0.008525,0.09028
C11orf95_1,C11orf95,0,0.01103,0.1963
C11orf95_2,C11orf95,0,0.003945,0.1071
C11orf95_3,C11orf95,0,-0.008883,0.242
C11orf95_4,C11orf95,0,-0.0004744,0.1009
C11orf95_5,C11orf95,0,-0.003928,0.1266
C11orf95_6,C11orf95,0,-0.006125,0.1162
C1orf85_P1_1,C1orf85,0,-0.01281,0.1767
C1orf85_P1_2,C1orf85,0,-0.002018,0.2192
C1orf85_P1_3,C1orf85,0,-0.00422,0.1483
C1orf85_P1_4,C1orf85,0,-0.007618,0.1765
C1orf85_P1_5,C1orf85,0,-3.406e-05,0.08653
C1orf85_P1_6,C1orf85,0,-0.004726,0.118
C1orf85_P2_1,C1orf85,0,-0.01711,0.1787
C1orf85_P2_2,C1orf85,0,-0.005599,0.08748
C1orf85_P2_3,C1orf85,0,-0.00466,0.1598
C1orf85_P2_4,C1orf85,0,-0.01743,0.1926
C1orf85_P2_5,C1orf85,0,-0.004249,0.112
C1orf85_P2_6,C1orf85,0,0.00391,0.1964
CAMTA1_1,CAMTA1,0,-0.009115,0.1945
CAMTA1_2,CAMTA1,0,-0.07594,0.4089
CAMTA1_3,CAMTA1,0,-0.004196,0.1296
CAMTA1_4,CAMTA1,0,-0.002032,0.1901
CAMTA1_5,CAMTA1,0,-0.01196,0.1186
CAMTA1_6,CAMTA1,0,-0.004175,0.1175
CAMTA2_1,CAMTA2,0,-0.0003597,0.1826
CAMTA2_2,CAMTA2,0,-0.00718,0.232
CAMTA2_3,CAMTA2,0,-0.01353,0.1431
CAMTA2_4,CAMTA2,0,-0.01505,0.2623
CAMTA2_5,CAMTA2,0,-0.03618,0.1905
CAMTA2_6,CAMTA2,0,-0.003131,0.134
CAPN15_1,CAPN15,0,-0.004914,0.1247
CAPN15_2,CAPN15,0,-0.03063,0.3741
CAPN15_3,CAPN15,0,-0.004987,0.1518
CAPN15_4,CAPN15,0,-0.009047,0.1303
CAPN15_5,CAPN15,0,-0.005816,0.113
CAPN15_6,CAPN15,0,-0.02242,0.128
CARF_1,CARF,0,-0.001394,0.08866
CARF_2,CARF,0,-0.0201,0.1532
CARF_3,CARF,0,-0.003335,0.276
CARF_4,CARF,0,-0.1822,0.4583
CARF_5,CARF,0,-0.002936,0.1049
CARF_6,CARF,0,-0.001903,0.08256
CARHSP1_1,CARHSP1,0,-0.008348,0.09137
CARHSP1_2,CARHSP1,0,-0.02678,0.1946
CARHSP1_3,CARHSP1,0,-0.004034,0.07732
CARHSP1_4,CARHSP1,0,-0.05041,0.2768
CARHSP1_5,CARHSP1,0,-0.018,0.1234
CARHSP1_6,CARHSP1,0,-0.01037,0.08534
CASZ1_1,CASZ1,0,-0.001164,0.2222
CASZ1_2,CASZ1,0,-0.015,0.1751
CASZ1_3,CASZ1,0,-0.001519,0.1478
CASZ1_4,CASZ1,0,0.01081,0.1551
CASZ1_5,CASZ1,0,-0.0041,0.1455
CASZ1_6,CASZ1,0,-0.002889,0.09756
CBFA2T2_1,CBFA2T2,0,-0.01116,0.3114
CBFA2T2_2,CBFA2T2,0,-0.03057,0.2167
CBFA2T2_3,CBFA2T2,0,-0.05905,0.4322
CBFA2T2_4,CBFA2T2,0,0.005058,0.2405
CBFA2T2_5,CBFA2T2,0,-0.003543,0.0791
CBFA2T2_6,CBFA2T2,0,-0.01972,0.1445
CBFA2T3_P1_1,CBFA2T3,0,-0.009529,0.1759
CBFA2T3_P1_2,CBFA2T3,0,-0.006657,0.1025
CBFA2T3_P1_3,CBFA2T3,0,0.00164,0.1238
CBFA2T3_P1_4,CBFA2T3,0,-0.0262,0.265
CBFA2T3_P1_5,CBFA2T3,0,0.0003175,0.1284
CBFA2T3_P1_6,CBFA2T3,0,-0.01489,0.1254
CBFA2T3_P2_1,CBFA2T3,0,-0.01669,0.1248
CBFA2T3_P2_2,CBFA2T3,0,-0.00296,0.1125
CBFA2T3_P2_3,CBFA2T3,0,-0.005444,0.3139
CBFA2T3_P2_4,CBFA2T3,0,0.0334,0.4166
CBFA2T3_P2_5,CBFA2T3,0,0.0005015,0.0912
CBFA2T3_P2_6,CBFA2T3,0,0.0001649,0.07917
CBFB_1,CBFB,0,-0.001066,0.1113
CBFB_2,CBFB,0,0.01019,0.1375
CBFB_3,CBFB,0,0.00301,0.1762
CBFB_4,CBFB,0,-0.003565,0.1779
CBFB_5,CBFB,0,0.0003338,0.1029
CBFB_6,CBFB,0,0.005738,0.1205
CBL_1,CBL,0,-0.01618,0.1593
CBL_2,CBL,0,-0.02761,0.2863
CBL_3,CBL,0,-0.01612,0.1122
CBL_4,CBL,0,-0.005738,0.09202
CBL_5,CBL,0,-0.0004659,0.1115
CBL_6,CBL,0,-0.007859,0.1016
CBX2_1,CBX2,0,-0.01245,0.1365
CBX2_2,CBX2,0,-0.006573,0.2379
CBX2_3,CBX2,0,-0.000371,0.07706
CBX2_4,CBX2,0,-0.01497,0.1349
CBX2_5,CBX2,0,-0.02817,0.1989
CBX2_6,CBX2,0,-0.003972,0.08723
CC2D1A_1,CC2D1A,0,-0.01709,0.1403
CC2D1A_2,CC2D1A,0,-0.0086,0.1532
CC2D1A_3,CC2D1A,0,0.001085,0.149
CC2D1A_4,CC2D1A,0,0.02137,0.2404
CC2D1A_5,CC2D1A,0,0.01206,0.1266
CC2D1A_6,CC2D1A,0,-0.01285,0.1499
CCDC169-SOHLH2_1,CCDC169-SOHLH2,0,-0.01972,0.1434
CCDC169-SOHLH2_2,CCDC169-SOHLH2,0,-0.0106,0.2392
CCDC169-SOHLH2_3,CCDC169-SOHLH2,0,-0.01144,0.1766
CCDC169-SOHLH2_4,CCDC169-SOHLH2,0,0.0002782,0.1794
CCDC169-SOHLH2_5,CCDC169-SOHLH2,0,-0.000355,0.07556
CCDC169-SOHLH2_6,CCDC169-SOHLH2,0,-0.01234,0.2232
CCDC17_1,CCDC17,0,-0.03463,0.3031
CCDC17_2,CCDC17,0,-0.00606,0.1483
CCDC17_3,CCDC17,0,-0.007014,0.22
CCDC17_4,CCDC17,0,-0.0185,0.1751
CCDC17_5,CCDC17,0,0.001151,0.1098
CCDC17_6,CCDC17,0,-0.01479,0.1271
CCDC79_1,CCDC79,0,-0.01215,0.2173
CCDC79_2,CCDC79,0,-0.004385,0.08183
CCDC79_3,CCDC79,0,-0.03136,0.2529
CCDC79_4,CCDC79,0,-0.01676,0.1972
CCDC79_5,CCDC79,0,-0.007367,0.159
CCDC79_6,CCDC79,0,-0.005857,0.08507
CCNT2_1,CCNT2,0,-0.01434,0.133
CCNT2_2,CCNT2,0,-0.008644,0.1692
CCNT2_3,CCNT2,0,-0.003878,0.1532
CCNT2_4,CCNT2,0,-0.01025,0.1919
CCNT2_5,CCNT2,0,0.0004061,0.09495
CCNT2_6,CCNT2,0,0.001217,0.1438
CD151_strong,CD151,0,-0.001256,0.03091
CD151_weak,CD151,0,0.00226,0.02154
CD55_strong,CD55,0,0.001506,0.02486
CD81_strong,CD81,0,-0.000438,0.02019
CD81_weak,CD81,0,-0.000256,0.01914
CDC5L_1,CDC5L,0,-0.3351,0.5129
CDC5L_2,CDC5L,0,-0.004226,0.2026
CDC5L_4,CDC5L,0,-0.2475,0.7991
CDC5L_6,CDC5L,0,0.0002748,0.126
CDCA7L_1,CDCA7L,0,-0.004355,0.1342
CDCA7L_2,CDCA7L,0,-0.02169,0.2747
CDCA7L_3,CDCA7L,0,-0.005765,0.2233
CDCA7L_4,CDCA7L,0,0.005049,0.1987
CDCA7L_5,CDCA7L,0,-0.00124,0.1017
CDCA7L_6,CDCA7L,0,-0.0008197,0.2034
CDIP1_2,CDIP1,0,-0.007453,0.1339
CDIP1_3,CDIP1,0,-0.009179,0.2293
CDIP1_4,CDIP1,0,0.0006771,0.0593
CDIP1_5,CDIP1,0,-0.002078,0.1394
CDIP1_6,CDIP1,0,-0.001565,0.127
CDK1_1,CDK1,0,-0.03886,0.4105
CDK1_2,CDK1,0,-0.05981,0.3773
CDK1_3,CDK1,0,-0.02967,0.2794
CDK1_4,CDK1,0,-0.1032,0.4117
CDK1_5,CDK1,0,0.004844,0.1419
CDK1_6,CDK1,0,-0.008557,0.1687
CDK2_1,CDK2,0,-0.06149,0.4205
CDK2_2,CDK2,0,-0.01097,0.1731
CDK2_3,CDK2,1,-0.01425,0.1959
CDK2_4,CDK2,0,-0.04592,0.3437
CDK2_5,CDK2,0,0.005613,0.1208
CDK2_6,CDK2,1,0.001049,0.1192
CDK7_1,CDK7,0,-0.02416,0.2684
CDK7_2,CDK7,0,0.01147,0.1427
CDK7_3,CDK7,0,0.001266,0.09881
CDK7_5,CDK7,0,-0.005059,0.0926
CDK7_6,CDK7,0,-0.0316,0.276
CDK9_1,CDK9,0,-0.0177,0.1737
CDK9_2,CDK9,0,-0.01029,0.1255
CDK9_3,CDK9,0,-0.0246,0.2099
CDK9_4,CDK9,0,0.002576,0.1642
CDK9_5,CDK9,0,-0.008158,0.0924
CDK9_6,CDK9,0,0.002768,0.0548
CDX1_1,CDX1,0,-0.004048,0.1476
CDX1_2,CDX1,0,-0.008289,0.1151
CDX1_3,CDX1,0,-0.00769,0.1382
CDX1_4,CDX1,0,-0.02277,0.2125
CDX1_5,CDX1,0,-0.01526,0.1592
CDX1_6,CDX1,0,-0.0119,0.1357
CDX2_1,CDX2,0,-0.01754,0.1889
CDX2_2,CDX2,0,0.000455,0.1321
CDX2_3,CDX2,0,-0.008802,0.161
CDX2_4,CDX2,0,-0.009327,0.09465
CDX2_5,CDX2,0,0.002546,0.09113
CDX2_6,CDX2,0,-0.0103,0.1472
CDX4_1,CDX4,0,-0.007225,0.1333
CDX4_2,CDX4,0,-0.01134,0.09164
CDX4_3,CDX4,0,-0.01066,0.2246
CDX4_4,CDX4,0,-0.01431,0.2985
CDX4_5,CDX4,0,-0.002065,0.1189
CDX4_6,CDX4,0,0.003606,0.1152
CEBPA_1,CEBPA,0,5.019e-05,0.2278
CEBPA_2,CEBPA,0,-0.02197,0.1066
CEBPA_3,CEBPA,0,0.003461,0.1868
CEBPA_4,CEBPA,0,-0.03354,0.2314
CEBPA_5,CEBPA,0,-0.0112,0.1075
CEBPA_6,CEBPA,0,-0.003342,0.1251
CEBPB_1,CEBPB,0,-0.01417,0.2433
CEBPB_2,CEBPB,0,-0.002932,0.08837
CEBPB_3,CEBPB,0,-0.006266,0.1643
CEBPB_4,CEBPB,0,-0.003358,0.1148
CEBPB_5,CEBPB,0,0.0003285,0.1061
CEBPB_6,CEBPB,0,-0.004328,0.106
CEBPD_1,CEBPD,0,-0.009589,0.09882
CEBPD_2,CEBPD,0,-0.01102,0.1283
CEBPD_3,CEBPD,0,-0.01033,0.1632
CEBPD_4,CEBPD,0,-0.001953,0.214
CEBPD_5,CEBPD,0,0.00588,0.08533
CEBPD_6,CEBPD,0,0.006104,0.08427
CEBPE_1,CEBPE,0,-0.04521,0.3051
CEBPE_2,CEBPE,0,-0.01709,0.22
CEBPE_3,CEBPE,0,-0.003362,0.1261
CEBPE_4,CEBPE,0,-0.002745,0.1519
CEBPE_5,CEBPE,0,0.008521,0.1547
CEBPE_6,CEBPE,0,0.001324,0.09262
CEBPG_3,CEBPG,0,0.005314,0.1097
CEBPG_4,CEBPG,0,-0.06593,0.3074
CEBPG_5,CEBPG,0,-0.02204,0.1332
CEBPG_6,CEBPG,0,0.004036,0.09608
CEBPZ_1,CEBPZ,0,-0.07212,0.4279
CEBPZ_2,CEBPZ,0,0.006662,0.1138
CEBPZ_3,CEBPZ,0,-0.09887,0.4165
CEBPZ_4,CEBPZ,0,0.001198,0.07022
CEBPZ_5,CEBPZ,0,0.002082,0.1039
CEBPZ_6,CEBPZ,0,-0.007275,0.09159
CENPA_P1_2,CENPA,0,-0.1727,0.6497
CENPA_P1_4,CENPA,0,-0.1623,0.5082
CENPA_P1_5,CENPA,0,-0.03859,0.3105
CENPA_P1_6,CENPA,0,-0.01268,0.2942
CENPA_P2_1,CENPA,0,-0.001089,0.1183
CENPA_P2_2,CENPA,0,-0.01833,0.2669
CENPA_P2_3,CENPA,0,-0.001541,0.1226
CENPA_P2_4,CENPA,0,-0.001798,0.1075
CENPA_P2_5,CENPA,0,-0.007516,0.1308
CENPA_P2_6,CENPA,0,-0.01127,0.1167
CENPBD1_1,CENPBD1,0,-0.02764,0.1473
CENPBD1_2,CENPBD1,0,0.0004373,0.1437
CENPBD1_3,CENPBD1,0,-0.02155,0.1557
CENPBD1_4,CENPBD1,0,-0.003899,0.1229
CENPBD1_5,CENPBD1,0,0.005897,0.1252
CENPBD1_6,CENPBD1,0,-0.008903,0.1094
CENPB_1,CENPB,0,-0.003747,0.1887
CENPB_2,CENPB,0,-0.00301,0.1021
CENPB_3,CENPB,0,-0.006296,0.1741
CENPB_4,CENPB,0,-0.01075,0.1953
CENPB_5,CENPB,0,-0.007666,0.1454
CENPB_6,CENPB,0,0.00539,0.1352
CENPT_1,CENPT,0,-0.2216,0.591
CENPT_2,CENPT,0,-0.3369,0.6531
CENPT_3,CENPT,0,-0.01083,0.1451
CENPT_4,CENPT,0,-0.01687,0.265
CENPT_5,CENPT,0,-0.002092,0.212
CENPT_6,CENPT,0,0.003284,0.179
CGGBP1_P1_1,CGGBP1,1,-0.01199,0.2207
CGGBP1_P1_2,CGGBP1,0,-0.00605,0.1333
CGGBP1_P1_3,CGGBP1,0,-0.002453,0.1356
CGGBP1_P1_4,CGGBP1,0,-0.008587,0.09249
CGGBP1_P1_5,CGGBP1,0,-0.00132,0.1283
CGGBP1_P1_6,CGGBP1,0,0.004806,0.05547
CGGBP1_P2_1,CGGBP1,1,0.00188,0.1482
CGGBP1_P2_2,CGGBP1,0,-0.01137,0.169
CGGBP1_P2_3,CGGBP1,0,-0.004006,0.1564
CGGBP1_P2_4,CGGBP1,0,-0.009676,0.0792
CGGBP1_P2_5,CGGBP1,0,-0.005571,0.1708
CGGBP1_P2_6,CGGBP1,0,0.0003135,0.07973
CHAMP1_1,CHAMP1,0,-0.02986,0.2514
CHAMP1_2,CHAMP1,0,-0.005918,0.1628
CHAMP1_3,CHAMP1,1,-0.01785,0.2709
CHAMP1_4,CHAMP1,0,-0.005276,0.1645
CHAMP1_5,CHAMP1,1,0.002802,0.07284
CHAMP1_6,CHAMP1,0,-0.002703,0.1387
CHCHD3_1,CHCHD3,0,-0.04634,0.3611
CHCHD3_2,CHCHD3,0,-0.001959,0.1311
CHCHD3_3,CHCHD3,0,-0.001955,0.1172
CHCHD3_4,CHCHD3,0,-0.01766,0.2224
CHCHD3_5,CHCHD3,0,0.0005957,0.08734
CHCHD3_6,CHCHD3,0,-0.00238,0.1778
CHD7_1,CHD7,0,-0.03182,0.2592
CHD7_2,CHD7,0,-0.002659,0.1263
CHD7_3,CHD7,0,-0.01207,0.1391
CHD7_4,CHD7,0,-0.01304,0.2077
CHD7_5,CHD7,0,-0.002181,0.06492
CHD7_6,CHD7,0,-0.002497,0.0984
CHMP2A_1,CHMP2A,0,-0.2437,0.5059
CHMP2A_2,CHMP2A,0,-0.1135,0.5009
CHMP2A_4,CHMP2A,0,-0.03879,0.2071
CHMP2A_5,CHMP2A,0,0.002036,0.09632
CHMP2A_6,CHMP2A,0,-0.02829,0.2261
CIC_1,CIC,0,-0.02225,0.2014
CIC_2,CIC,0,-0.02141,0.2327
CIC_3,CIC,0,-0.02062,0.2045
CIC_4,CIC,0,0.003478,0.1317
CIC_5,CIC,0,-0.02073,0.2524
CIC_6,CIC,0,-0.004044,0.07881
CIR1_1,CIR1,0,-0.005195,0.178
CIR1_2,CIR1,0,-0.2023,0.5438
CIR1_3,CIR1,0,-0.05145,0.364
CIR1_4,CIR1,0,-0.09402,0.4309
CIR1_5,CIR1,0,-0.01171,0.115
CIR1_6,CIR1,0,-0.009255,0.1428
CIZ1_1,CIZ1,0,-0.001078,0.1445
CIZ1_2,CIZ1,0,-0.02501,0.2589
CIZ1_3,CIZ1,0,-0.01054,0.3295
CIZ1_4,CIZ1,0,-0.04755,0.4301
CIZ1_5,CIZ1,0,0.008283,0.08461
CIZ1_6,CIZ1,0,-0.004941,0.1089
CLOCK_1,CLOCK,0,-0.01498,0.2613
CLOCK_2,CLOCK,0,-0.01494,0.1402
CLOCK_3,CLOCK,0,-8.614e-06,0.285
CLOCK_4,CLOCK,0,-0.004698,0.1112
CLOCK_5,CLOCK,0,-0.007994,0.08688
CLOCK_6,CLOCK,0,-0.000771,0.0794
CNBP_1,CNBP,1,0.002014,0.05044
CNBP_2,CNBP,0,-0.0141,0.1281
CNBP_3,CNBP,0,-0.0003599,0.09586
CNBP_4,CNBP,0,0.001375,0.07919
CNBP_5,CNBP,0,0.004277,0.0873
CNBP_6,CNBP,1,-0.008898,0.098
CNOT7_1,CNOT7,0,-0.005303,0.1437
CNOT7_2,CNOT7,0,-0.009858,0.09762
CNOT7_3,CNOT7,0,-0.009801,0.2614
CNOT7_4,CNOT7,0,-0.0254,0.3097
CNOT7_5,CNOT7,0,-0.01456,0.1366
CNOT7_6,CNOT7,0,-0.01358,0.139
CNOT8_1,CNOT8,0,-0.001876,0.1215
CNOT8_2,CNOT8,0,-0.008253,0.1784
CNOT8_3,CNOT8,0,-0.008642,0.15
CNOT8_4,CNOT8,0,-0.0222,0.1634
CNOT8_5,CNOT8,0,0.006567,0.1571
CNOT8_6,CNOT8,0,-0.002319,0.1014
COX20_1,COX20,0,-0.3157,0.6702
COX20_2,COX20,0,-0.02911,0.224
COX20_3,COX20,0,-0.05027,0.3412
COX20_4,COX20,0,-0.01426,0.2284
COX20_5,COX20,0,-0.003773,0.1684
COX20_6,COX20,0,-0.01789,0.1151
CPEB1_P1_1,CPEB1,0,-0.002581,0.2155
CPEB1_P1_2,CPEB1,0,-0.004959,0.1455
CPEB1_P1_3,CPEB1,0,-0.01394,0.1228
CPEB1_P1_4,CPEB1,0,0.002765,0.1409
CPEB1_P1_5,CPEB1,0,-0.006396,0.1161
CPEB1_P1_6,CPEB1,0,0.0008828,0.03858
CPEB1_P2_1,CPEB1,0,-0.005668,0.1826
CPEB1_P2_2,CPEB1,0,-0.2006,0.554
CPEB1_P2_3,CPEB1,0,-0.007196,0.3033
CPEB1_P2_4,CPEB1,0,-0.008542,0.1494
CPEB1_P2_5,CPEB1,0,-0.002741,0.08208
CPEB1_P2_6,CPEB1,0,-0.008096,0.1197
CPXCR1_1,CPXCR1,0,-0.01565,0.1835
CPXCR1_2,CPXCR1,0,-0.01603,0.121
CPXCR1_3,CPXCR1,0,-0.02738,0.2908
CPXCR1_4,CPXCR1,0,-0.005813,0.09681
CPXCR1_5,CPXCR1,0,-0.008297,0.1438
CPXCR1_6,CPXCR1,0,-0.002056,0.08435
CRAMP1L_P1_1,CRAMP1L,0,0.005536,0.1876
CRAMP1L_P1_2,CRAMP1L,0,-0.001005,0.2079
CRAMP1L_P1_3,CRAMP1L,0,-0.05154,0.2878
CRAMP1L_P1_4,CRAMP1L,0,-0.01695,0.1924
CRAMP1L_P1_5,CRAMP1L,0,-0.01751,0.212
CRAMP1L_P1_6,CRAMP1L,0,-0.004584,0.1067
CRAMP1L_P2_1,CRAMP1L,0,-0.006003,0.1592
CRAMP1L_P2_2,CRAMP1L,0,-0.01215,0.1102
CRAMP1L_P2_3,CRAMP1L,0,0.00561,0.188
CRAMP1L_P2_4,CRAMP1L,0,-0.06306,0.2663
CRAMP1L_P2_5,CRAMP1L,0,-0.001019,0.112
CRAMP1L_P2_6,CRAMP1L,0,-0.007796,0.1045
CREB1_1,CREB1,0,-0.0007321,0.2244
CREB1_2,CREB1,0,-0.01048,0.126
CREB1_3,CREB1,0,-0.00566,0.1482
CREB1_4,CREB1,0,-0.02154,0.2709
CREB1_5,CREB1,0,-0.01488,0.1002
CREB1_6,CREB1,0,-0.006468,0.105
CREB3L1_1,CREB3L1,0,-0.008472,0.1935
CREB3L1_2,CREB3L1,0,-0.002879,0.1508
CREB3L1_3,CREB3L1,0,-0.01472,0.2235
CREB3L1_4,CREB3L1,0,-0.005447,0.2491
CREB3L1_5,CREB3L1,0,0.001009,0.1386
CREB3L1_6,CREB3L1,0,0.0005849,0.1137
CREB3L2_1,CREB3L2,0,-0.006188,0.1084
CREB3L2_2,CREB3L2,0,-0.01705,0.1623
CREB3L2_3,CREB3L2,0,-4.005e-05,0.102
CREB3L2_4,CREB3L2,0,-0.04701,0.3939
CREB3L2_5,CREB3L2,0,-0.009943,0.07172
CREB3L2_6,CREB3L2,0,-0.00665,0.09078
CREB3L3_1,CREB3L3,0,-0.0009912,0.2447
CREB3L3_2,CREB3L3,0,-0.01383,0.1794
CREB3L3_3,CREB3L3,0,-0.002606,0.247
CREB3L3_4,CREB3L3,0,-0.0007074,0.1429
CREB3L3_5,CREB3L3,0,-0.01165,0.1445
CREB3L3_6,CREB3L3,0,-0.02144,0.1849
CREB3L4_1,CREB3L4,0,-0.0231,0.2046
CREB3L4_2,CREB3L4,0,-0.003228,0.1622
CREB3L4_3,CREB3L4,0,-0.005575,0.07249
CREB3L4_4,CREB3L4,0,-0.006116,0.1031
CREB3L4_5,CREB3L4,0,0.0001962,0.09904
CREB3L4_6,CREB3L4,0,-0.008009,0.1089
CREB3_1,CREB3,0,-0.01082,0.1048
CREB3_2,CREB3,0,-0.007493,0.1109
CREB3_3,CREB3,0,-0.006535,0.162
CREB3_4,CREB3,0,-0.006894,0.1868
CREB3_5,CREB3,0,-0.003348,0.09405
CREB3_6,CREB3,0,0.00251,0.1104
CREB5_P1_1,CREB5,0,-0.003938,0.1045
CREB5_P1_2,CREB5,0,-0.01285,0.2182
CREB5_P1_3,CREB5,0,-0.005768,0.1257
CREB5_P1_4,CREB5,0,-0.04157,0.2267
CREB5_P1_5,CREB5,0,-0.00795,0.1358
CREB5_P1_6,CREB5,0,-0.004086,0.08037
CREB5_P2_1,CREB5,0,-0.01469,0.2761
CREB5_P2_2,CREB5,0,-0.01064,0.1486
CREB5_P2_3,CREB5,0,-0.00282,0.1484
CREB5_P2_4,CREB5,0,-0.01257,0.2949
CREB5_P2_5,CREB5,0,-0.01339,0.1331
CREB5_P2_6,CREB5,0,-0.01117,0.1155
CREBBP_2,CREBBP,0,-0.01324,0.2172
CREBBP_3,CREBBP,0,-0.007647,0.1276
CREBBP_4,CREBBP,0,-0.1881,0.4908
CREBBP_5,CREBBP,0,-0.004718,0.1223
CREBBP_6,CREBBP,0,-0.002879,0.1282
CREBL2_1,CREBL2,0,-0.003183,0.1121
CREBL2_2,CREBL2,0,0.006705,0.1012
CREBL2_3,CREBL2,0,-0.01223,0.1484
CREBL2_4,CREBL2,0,-0.2589,0.6619
CREBL2_5,CREBL2,0,0.001159,0.1058
CREBL2_6,CREBL2,0,0.004359,0.1346
CREBRF_P1_1,CREBRF,0,-0.001562,0.1022
CREBRF_P1_2,CREBRF,0,-0.03665,0.2247
CREBRF_P1_3,CREBRF,0,-0.01971,0.2729
CREBRF_P1_4,CREBRF,0,-0.009218,0.1177
CREBRF_P1_5,CREBRF,0,-0.0006555,0.1232
CREBRF_P1_6,CREBRF,0,0.005298,0.08488
CREBRF_P2_1,CREBRF,0,-0.008086,0.1119
CREBRF_P2_2,CREBRF,0,-0.003308,0.1362
CREBRF_P2_3,CREBRF,0,-0.008697,0.1642
CREBRF_P2_4,CREBRF,0,0.0001979,0.1668
CREBRF_P2_5,CREBRF,0,-0.006405,0.1144
CREBRF_P2_6,CREBRF,0,0.008124,0.1147
CREBZF_1,CREBZF,0,-0.01106,0.09227
CREBZF_2,CREBZF,0,-0.001451,0.1195
CREBZF_3,CREBZF,0,-0.003718,0.2186
CREBZF_4,CREBZF,0,-0.01436,0.1766
CREBZF_5,CREBZF,0,-0.001101,0.08122
CREBZF_6,CREBZF,0,0.0007156,0.08459
CREM_1,CREM,0,-0.01437,0.1457
CREM_2,CREM,0,-0.00425,0.1136
CREM_3,CREM,0,-0.02311,0.2802
CREM_4,CREM,0,-0.00161,0.1752
CREM_5,CREM,0,-0.008914,0.1661
CREM_6,CREM,0,0.003516,0.1608
CRTC1_1,CRTC1,0,-0.006352,0.1572
CRTC1_2,CRTC1,0,-0.01524,0.2007
CRTC1_3,CRTC1,0,-0.0374,0.2485
CRTC1_4,CRTC1,0,-0.0247,0.2107
CRTC1_5,CRTC1,0,-0.005861,0.09354
CRTC1_6,CRTC1,0,-0.01157,0.09079
CRTC2_1,CRTC2,0,-0.02332,0.244
CRTC2_2,CRTC2,0,0.0003376,0.1225
CRTC2_3,CRTC2,0,0.002906,0.1092
CRTC2_4,CRTC2,0,0.002355,0.2052
CRTC2_5,CRTC2,0,-0.01494,0.1071
CRTC2_6,CRTC2,0,0.004097,0.07652
CRTC3_1,CRTC3,0,0.009729,0.2151
CRTC3_2,CRTC3,0,-0.00243,0.1425
CRTC3_3,CRTC3,0,-0.012,0.169
CRTC3_4,CRTC3,0,-0.09504,0.4723
CRTC3_5,CRTC3,0,-0.01895,0.1851
CRTC3_6,CRTC3,0,-0.002282,0.07789
CRX_1,CRX,0,-0.002376,0.09388
CRX_2,CRX,0,-0.01092,0.1625
CRX_3,CRX,0,-0.0006368,0.08451
CRX_4,CRX,0,-0.01575,0.26
CRX_5,CRX,0,-0.0003169,0.06388
CRX_6,CRX,0,-0.02228,0.1624
CSNK2A1_1,CSNK2A1,0,-0.02088,0.2216
CSNK2A1_2,CSNK2A1,0,-0.05002,0.362
CSNK2A1_3,CSNK2A1,1,-0.08372,0.4471
CSNK2A1_4,CSNK2A1,0,0.000555,0.2235
CSNK2A1_5,CSNK2A1,1,-0.01371,0.1259
CSNK2A1_6,CSNK2A1,0,-0.0001104,0.08921
CSRNP1_1,CSRNP1,0,-0.007328,0.1213
CSRNP1_2,CSRNP1,0,-0.008072,0.09406
CSRNP1_3,CSRNP1,0,-0.008603,0.2724
CSRNP1_4,CSRNP1,0,-0.01599,0.1625
CSRNP1_5,CSRNP1,0,-0.003241,0.09264
CSRNP1_6,CSRNP1,0,-0.003287,0.0903
CSRNP2_1,CSRNP2,0,-0.007467,0.1718
CSRNP2_2,CSRNP2,0,-0.01581,0.2315
CSRNP2_3,CSRNP2,0,-0.02048,0.1604
CSRNP2_4,CSRNP2,0,-0.0163,0.13
CSRNP2_5,CSRNP2,0,-0.008653,0.08051
CSRNP2_6,CSRNP2,0,-0.00659,0.1319
CSRNP3_P1_1,CSRNP3,0,-0.006129,0.1634
CSRNP3_P1_2,CSRNP3,0,0.004685,0.143
CSRNP3_P1_3,CSRNP3,0,0.002463,0.1123
CSRNP3_P1_4,CSRNP3,0,-0.02333,0.2632
CSRNP3_P1_5,CSRNP3,0,-0.01074,0.1354
CSRNP3_P1_6,CSRNP3,0,-0.01436,0.2271
CSRNP3_P2_1,CSRNP3,0,0.0003778,0.1085
CSRNP3_P2_2,CSRNP3,0,-0.005228,0.1784
CSRNP3_P2_3,CSRNP3,0,-0.007132,0.06843
CSRNP3_P2_4,CSRNP3,0,-0.01733,0.1606
CSRNP3_P2_5,CSRNP3,0,-0.008213,0.06951
CSRNP3_P2_6,CSRNP3,0,-0.007421,0.1786
CTBP1_1,CTBP1,1,-0.01857,0.1252
CTBP1_2,CTBP1,0,0.002264,0.09857
CTBP1_3,CTBP1,0,-0.003126,0.3957
CTBP1_4,CTBP1,0,-0.007148,0.1578
CTBP1_5,CTBP1,0,0.004944,0.06006
CTBP1_6,CTBP1,1,-0.01286,0.107
CTBP2_1,CTBP2,0,0.001138,0.1321
CTBP2_2,CTBP2,0,-0.01415,0.1498
CTBP2_3,CTBP2,0,-0.01804,0.2066
CTBP2_4,CTBP2,0,-0.01447,0.2633
CTBP2_5,CTBP2,0,0.001305,0.08098
CTBP2_6,CTBP2,0,0.002815,0.09089
CTCFL_1,CTCFL,0,-0.01485,0.2081
CTCFL_2,CTCFL,0,-0.01722,0.215
CTCFL_3,CTCFL,0,-0.01367,0.1811
CTCFL_4,CTCFL,0,-0.01289,0.1382
CTCFL_5,CTCFL,0,-0.009525,0.1302
CTCFL_6,CTCFL,0,-0.00587,0.08809
CTCF_1,CTCF,0,-0.07079,0.5079
CTCF_2,CTCF,0,0.001601,0.1443
CTCF_3,CTCF,0,-0.01289,0.2467
CTCF_4,CTCF,0,-0.007184,0.1177
CTCF_5,CTCF,0,-0.003159,0.1187
CTCF_6,CTCF,0,-0.02415,0.3217
CTNNB1_1,CTNNB1,0,0.007961,0.1191
CTNNB1_2,CTNNB1,0,-0.01243,0.2158
CTNNB1_3,CTNNB1,0,-0.0197,0.2618
CTNNB1_4,CTNNB1,0,0.000785,0.1443
CTNNB1_5,CTNNB1,0,-0.004188,0.0912
CTNNB1_6,CTNNB1,0,0.002633,0.1309
CUX1_1,CUX1,0,-0.004956,0.1276
CUX1_2,CUX1,0,-0.001026,0.09661
CUX1_3,CUX1,0,-0.002013,0.1651
CUX1_4,CUX1,0,-0.004194,0.1079
CUX1_5,CUX1,0,-0.001012,0.08806
CUX1_6,CUX1,0,0.001241,0.09015
CUX2_1,CUX2,0,-0.004164,0.08287
CUX2_2,CUX2,0,-0.03457,0.3005
CUX2_3,CUX2,0,-0.01889,0.1633
CUX2_4,CUX2,0,0.002025,0.1114
CUX2_5,CUX2,0,-0.001951,0.1264
CUX2_6,CUX2,0,-0.003272,0.1207
CXXC1_1,CXXC1,0,-0.332,0.4969
CXXC1_2,CXXC1,0,-0.02436,0.3239
CXXC1_3,CXXC1,0,-0.01014,0.1867
CXXC1_4,CXXC1,0,-0.2249,0.4202
CXXC1_5,CXXC1,0,-0.005444,0.1146
CXXC1_6,CXXC1,0,-0.02424,0.1813
CXXC4_1,CXXC4,0,-0.0006033,0.1187
CXXC4_2,CXXC4,0,-0.006922,0.1239
CXXC4_3,CXXC4,0,-0.0008415,0.1531
CXXC4_4,CXXC4,0,-0.01429,0.1439
CXXC4_5,CXXC4,0,-0.0005581,0.2295
CXXC4_6,CXXC4,0,0.006349,0.07634
CXXC5_1,CXXC5,0,-0.001878,0.1105
CXXC5_2,CXXC5,0,-0.01491,0.1344
CXXC5_3,CXXC5,0,-0.003455,0.2328
CXXC5_4,CXXC5,0,-0.0208,0.2594
CXXC5_5,CXXC5,0,-0.0001703,0.1308
CXXC5_6,CXXC5,0,-0.005609,0.06798
DACH1_1,DACH1,0,0.0003081,0.136
DACH1_2,DACH1,0,0.002057,0.1256
DACH1_3,DACH1,0,-0.006564,0.1218
DACH1_4,DACH1,0,-0.001078,0.09836
DACH1_5,DACH1,0,-0.002465,0.0731
DACH1_6,DACH1,0,-0.004222,0.09279
DACH2_1,DACH2,0,-0.006033,0.1208
DACH2_2,DACH2,0,-0.02988,0.1938
DACH2_3,DACH2,0,-0.004654,0.4177
DACH2_4,DACH2,0,-0.0297,0.2879
DACH2_5,DACH2,0,0.003185,0.1581
DACH2_6,DACH2,0,0.006305,0.1111
DAXX_P1_1,DAXX,0,-0.02255,0.1608
DAXX_P1_2,DAXX,0,-0.003816,0.09976
DAXX_P1_3,DAXX,0,-0.01179,0.1757
DAXX_P1_4,DAXX,0,-0.001219,0.191
DAXX_P1_5,DAXX,0,-0.006804,0.1596
DAXX_P1_6,DAXX,0,-0.0002324,0.1247
DAXX_P2_1,DAXX,0,-0.01138,0.1507
DAXX_P2_2,DAXX,0,-0.1028,0.4737
DAXX_P2_3,DAXX,0,-0.004798,0.1388
DAXX_P2_4,DAXX,0,-0.03685,0.2379
DAXX_P2_5,DAXX,0,-0.006727,0.08903
DAXX_P2_6,DAXX,0,0.002389,0.111
DBP_1,DBP,0,0.005579,0.09293
DBP_2,DBP,0,-0.01133,0.2251
DBP_3,DBP,0,0.00321,0.1328
DBP_4,DBP,0,-0.01262,0.1806
DBP_5,DBP,0,-0.003557,0.0606
DBP_6,DBP,0,-0.008291,0.1156
DBX1_1,DBX1,0,-0.007893,0.126
DBX1_2,DBX1,0,0.0008208,0.1313
DBX1_3,DBX1,0,-0.000313,0.1189
DBX1_4,DBX1,0,-0.01927,0.2054
DBX1_5,DBX1,0,-0.01172,0.1492
DBX1_6,DBX1,0,-0.02751,0.2526
DBX2_1,DBX2,0,0.007038,0.1664
DBX2_2,DBX2,0,0.002755,0.1843
DBX2_3,DBX2,0,0.001938,0.2528
DBX2_4,DBX2,0,-0.1044,0.4756
DBX2_5,DBX2,0,-0.003017,0.1279
DBX2_6,DBX2,0,-0.00733,0.2525
DCP1A_1,DCP1A,0,-0.01636,0.1371
DCP1A_2,DCP1A,0,-0.01741,0.1504
DCP1A_3,DCP1A,0,-0.009485,0.1796
DCP1A_4,DCP1A,0,-0.0465,0.3269
DCP1A_5,DCP1A,0,-0.01419,0.111
DCP1A_6,DCP1A,0,0.004215,0.1344
DDB1_P1_1,DDB1,0,-0.01822,0.1445
DDB1_P1_2,DDB1,0,-0.02714,0.3108
DDB1_P1_3,DDB1,0,-0.002773,0.08456
DDB1_P1_4,DDB1,0,-0.004353,0.1341
DDB1_P1_5,DDB1,0,-0.004405,0.08114
DDB1_P1_6,DDB1,0,-0.01267,0.116
DDB1_P2_1,DDB1,0,-0.02364,0.3054
DDB1_P2_3,DDB1,0,-0.008943,0.1247
DDB1_P2_4,DDB1,0,-0.01909,0.3216
DDB1_P2_5,DDB1,0,-0.00117,0.1117
DDB1_P2_6,DDB1,0,-0.0006574,0.05695
DDB2_1,DDB2,0,-0.007483,0.206
DDB2_2,DDB2,0,-0.01937,0.1331
DDB2_3,DDB2,0,-0.01939,0.2257
DDB2_4,DDB2,0,-0.003813,0.106
DDB2_5,DDB2,0,-0.0004435,0.09362
DDB2_6,DDB2,0,0.004712,0.114
DDIT3_1,DDIT3,0,-0.01265,0.1741
DDIT3_2,DDIT3,0,0.003121,0.08948
DDIT3_3,DDIT3,0,-0.005811,0.08623
DDIT3_4,DDIT3,0,-0.007787,0.07758
DDIT3_5,DDIT3,0,0.001579,0.08082
DDIT3_6,DDIT3,0,-0.005875,0.1001
DEAF1_1,DEAF1,0,0.01098,0.1397
DEAF1_2,DEAF1,0,-0.02558,0.2369
DEAF1_3,DEAF1,1,-0.0116,0.2081
DEAF1_4,DEAF1,0,-0.01093,0.0855
DEAF1_5,DEAF1,1,-0.001307,0.1129
DEAF1_6,DEAF1,0,-0.01349,0.154
DEK_1,DEK,0,0.005407,0.1234
DEK_2,DEK,0,0.007733,0.1874
DEK_3,DEK,0,-0.01114,0.2432
DEK_4,DEK,0,-0.00643,0.1875
DEK_5,DEK,0,-0.003961,0.1073
DEK_6,DEK,0,0.006335,0.1087
DENND4A_1,DENND4A,0,-0.01979,0.1716
DENND4A_2,DENND4A,0,-0.005146,0.1083
DENND4A_3,DENND4A,0,-0.00529,0.3066
DENND4A_4,DENND4A,0,-0.004419,0.08071
DENND4A_5,DENND4A,0,0.0007827,0.09036
DENND4A_6,DENND4A,0,-0.005695,0.09522
DHX9_1,DHX9,0,-0.009243,0.2001
DHX9_2,DHX9,0,0.003008,0.09496
DHX9_3,DHX9,0,-0.03116,0.267
DHX9_4,DHX9,0,-0.005545,0.1278
DHX9_5,DHX9,0,-0.006355,0.06833
DHX9_6,DHX9,0,-0.0048,0.08501
DLX1_1,DLX1,0,0.002557,0.1284
DLX1_2,DLX1,0,-0.00581,0.1232
DLX1_3,DLX1,0,-0.005973,0.1447
DLX1_4,DLX1,0,-0.01798,0.2393
DLX1_5,DLX1,0,-0.01441,0.151
DLX1_6,DLX1,0,0.006213,0.07653
DLX2_1,DLX2,0,-0.009909,0.1783
DLX2_2,DLX2,0,-0.01074,0.1299
DLX2_3,DLX2,0,0.009511,0.2613
DLX2_4,DLX2,0,-0.02767,0.1768
DLX2_5,DLX2,0,-0.001083,0.1458
DLX2_6,DLX2,0,0.004902,0.07826
DLX3_1,DLX3,0,-0.009854,0.1093
DLX3_2,DLX3,0,0.003977,0.139
DLX3_3,DLX3,0,-0.001013,0.1358
DLX3_4,DLX3,0,-0.0272,0.1526
DLX3_5,DLX3,0,-0.01534,0.1448
DLX3_6,DLX3,0,-0.006531,0.09351
DLX4_1,DLX4,0,-0.01842,0.1773
DLX4_2,DLX4,0,0.005382,0.1301
DLX4_3,DLX4,0,-0.0111,0.1343
DLX4_4,DLX4,0,-0.01738,0.2124
DLX4_5,DLX4,0,0.003885,0.1321
DLX4_6,DLX4,0,-0.005305,0.1218
DLX5_1,DLX5,0,-0.01763,0.1739
DLX5_2,DLX5,0,0.000813,0.117
DLX5_3,DLX5,0,-0.006203,0.1128
DLX5_4,DLX5,0,-0.1959,0.7624
DLX5_5,DLX5,0,-0.02122,0.1814
DLX5_6,DLX5,0,-0.01803,0.1203
DLX6_1,DLX6,0,-0.0005683,0.1014
DLX6_2,DLX6,0,-0.001029,0.1263
DLX6_3,DLX6,0,-0.0006563,0.1816
DLX6_4,DLX6,0,0.004854,0.1017
DLX6_5,DLX6,0,-0.003043,0.1123
DLX6_6,DLX6,0,-0.005563,0.1151
DMAP1_2,DMAP1,0,-0.05529,0.3844
DMAP1_3,DMAP1,0,-0.3239,0.6129
DMAP1_4,DMAP1,0,-0.06939,0.5167
DMAP1_5,DMAP1,0,-0.0166,0.1847
DMAP1_6,DMAP1,0,-0.0312,0.2219
DMBX1_1,DMBX1,0,-0.03433,0.3083
DMBX1_2,DMBX1,0,-0.02322,0.1578
DMBX1_3,DMBX1,0,-0.008416,0.1535
DMBX1_4,DMBX1,0,-0.01341,0.1684
DMBX1_5,DMBX1,0,0.01327,0.1345
DMBX1_6,DMBX1,0,-0.006639,0.07419
DMRT1_1,DMRT1,0,-0.03271,0.1675
DMRT1_2,DMRT1,0,-0.009174,0.1951
DMRT1_3,DMRT1,0,-0.01101,0.1448
DMRT1_4,DMRT1,0,-0.01137,0.2011
DMRT1_5,DMRT1,0,-0.009232,0.1062
DMRT1_6,DMRT1,0,-0.000252,0.08163
DMRT2_1,DMRT2,0,-0.02632,0.1495
DMRT2_2,DMRT2,0,0.002057,0.1318
DMRT2_3,DMRT2,0,-0.00944,0.2394
DMRT2_4,DMRT2,0,-0.004319,0.06978
DMRT2_5,DMRT2,0,-0.005921,0.2034
DMRT2_6,DMRT2,0,-0.004013,0.09037
DMRT3_1,DMRT3,0,-0.02116,0.2541
DMRT3_2,DMRT3,0,-0.002925,0.1135
DMRT3_3,DMRT3,0,-0.01406,0.1631
DMRT3_4,DMRT3,0,-0.001147,0.1341
DMRT3_5,DMRT3,0,-4.367e-05,0.07421
DMRT3_6,DMRT3,0,0.004085,0.1016
DMRTA1_1,DMRTA1,0,-0.008419,0.1192
DMRTA1_2,DMRTA1,0,-0.00786,0.1114
DMRTA1_3,DMRTA1,0,-0.01862,0.3021
DMRTA1_4,DMRTA1,0,-0.1024,0.4467
DMRTA1_5,DMRTA1,0,-0.004017,0.08021
DMRTA1_6,DMRTA1,0,-0.002482,0.06158
DMRTA2_1,DMRTA2,0,-0.02747,0.191
DMRTA2_2,DMRTA2,0,-0.007585,0.1331
DMRTA2_3,DMRTA2,0,-0.08646,0.5352
DMRTA2_4,DMRTA2,0,-0.1479,0.4596
DMRTA2_5,DMRTA2,0,-0.01047,0.08466
DMRTA2_6,DMRTA2,0,-0.003008,0.1318
DMRTB1_1,DMRTB1,0,0.001894,0.1528
DMRTB1_2,DMRTB1,0,-0.004042,0.08196
DMRTB1_3,DMRTB1,0,-0.001769,0.1148
DMRTB1_4,DMRTB1,0,-0.01254,0.142
DMRTB1_5,DMRTB1,0,0.004764,0.1182
DMRTB1_6,DMRTB1,0,-0.002009,0.07109
DMRTC1_1,DMRTC1,0,0.003022,0.07014
DMRTC1_2,DMRTC1,0,0.008445,0.1047
DMRTC1_3,DMRTC1,0,-0.004262,0.09348
DMRTC1_4,DMRTC1,0,0.00428,0.1122
DMRTC1_5,DMRTC1,0,0.0009037,0.04756
DMRTC1_6,DMRTC1,0,-0.003077,0.1023
DMRTC2_1,DMRTC2,0,-0.03172,0.2346
DMRTC2_2,DMRTC2,0,-0.004668,0.08895
DMRTC2_3,DMRTC2,0,-0.01702,0.2557
DMRTC2_4,DMRTC2,0,-0.007271,0.1307
DMRTC2_5,DMRTC2,0,0.007697,0.09059
DMRTC2_6,DMRTC2,0,-0.006723,0.1194
DMTF1_1,DMTF1,0,-0.005475,0.1803
DMTF1_2,DMTF1,0,-0.000993,0.2437
DMTF1_3,DMTF1,0,-0.009775,0.08683
DMTF1_4,DMTF1,0,-0.02514,0.2148
DMTF1_5,DMTF1,0,0.001768,0.07279
DMTF1_6,DMTF1,0,-0.002112,0.1134
DNAJC19_B,DNAJC19,1,-3.386e-05,0.0318
DNAJC19_C,DNAJC19,0,-0.01871,0.3337
DNAJC19_main,DNAJC19,1,0.003896,0.02753
DNAJC1_1,DNAJC1,0,-0.01451,0.1684
DNAJC1_2,DNAJC1,0,-0.009076,0.134
DNAJC1_3,DNAJC1,0,-0.06066,0.3237
DNAJC1_4,DNAJC1,0,-0.01392,0.2042
DNAJC1_5,DNAJC1,0,-0.02011,0.1585
DNAJC1_6,DNAJC1,0,-0.02887,0.1529
DNAJC21_1,DNAJC21,0,-0.06753,0.285
DNAJC21_2,DNAJC21,0,-0.00441,0.1511
DNAJC21_3,DNAJC21,0,-0.03785,0.3479
DNAJC21_4,DNAJC21,0,0.003813,0.1857
DNAJC21_5,DNAJC21,0,-0.0004671,0.1196
DNAJC21_6,DNAJC21,0,-0.02988,0.2104
DNAJC2_1,DNAJC2,0,-0.04621,0.3027
DNAJC2_2,DNAJC2,1,0.002858,0.1441
DNAJC2_3,DNAJC2,0,-0.03012,0.1818
DNAJC2_4,DNAJC2,0,-0.02754,0.154
DNAJC2_5,DNAJC2,1,-0.02269,0.1163
DNAJC2_6,DNAJC2,1,-0.01325,0.1361
DNMT1_1,DNMT1,1,-0.1273,0.3756
DNMT1_2,DNMT1,0,-0.02471,0.4263
DNMT1_3,DNMT1,1,-0.01956,0.2027
DNMT1_4,DNMT1,0,-0.003189,0.1243
DNMT1_5,DNMT1,1,-0.02724,0.1198
DNMT1_6,DNMT1,0,0.004764,0.09475
DNTTIP1_1,DNTTIP1,0,-0.004931,0.1109
DNTTIP1_2,DNTTIP1,0,-0.003356,0.1684
DNTTIP1_3,DNTTIP1,0,-0.002652,0.2259
DNTTIP1_4,DNTTIP1,0,-0.02274,0.1875
DNTTIP1_5,DNTTIP1,0,-0.005259,0.05757
DNTTIP1_6,DNTTIP1,0,-0.01952,0.166
DOT1L_1,DOT1L,0,0.006342,0.1127
DOT1L_2,DOT1L,0,-0.02632,0.2001
DOT1L_3,DOT1L,0,-0.00175,0.1529
DOT1L_4,DOT1L,0,-0.01286,0.2115
DOT1L_5,DOT1L,0,0.0002191,0.07055
DOT1L_6,DOT1L,0,0.003088,0.06729
DPF1_P1_1,DPF1,0,-0.006799,0.1155
DPF1_P1_2,DPF1,0,0.003902,0.1307
DPF1_P1_3,DPF1,0,-0.003369,0.1116
DPF1_P1_4,DPF1,0,-0.01325,0.2545
DPF1_P1_5,DPF1,0,0.008661,0.1655
DPF1_P1_6,DPF1,0,-0.008611,0.1213
DPF1_P2_1,DPF1,0,-0.01437,0.1199
DPF1_P2_2,DPF1,0,-0.0004247,0.1475
DPF1_P2_3,DPF1,0,-0.007714,0.244
DPF1_P2_4,DPF1,0,-0.04428,0.3126
DPF1_P2_5,DPF1,0,0.003396,0.1032
DPF1_P2_6,DPF1,0,-0.01,0.1033
DPF2_P1_1,DPF2,0,-0.0008789,0.1164
DPF2_P1_2,DPF2,0,-0.006271,0.1747
DPF2_P1_3,DPF2,0,0.004846,0.1523
DPF2_P1_4,DPF2,1,-0.005834,0.1976
DPF2_P1_5,DPF2,0,-0.008084,0.1073
DPF2_P1_6,DPF2,1,-0.001739,0.1202
DPF2_P2_1,DPF2,0,-0.009204,0.1226
DPF2_P2_2,DPF2,0,-0.006086,0.1304
DPF2_P2_3,DPF2,0,-0.02327,0.3168
DPF2_P2_4,DPF2,0,-0.01273,0.1319
DPF2_P2_5,DPF2,0,-0.001364,0.08581
DPF2_P2_6,DPF2,0,-0.01122,0.1409
DPF3_1,DPF3,0,-0.006855,0.1738
DPF3_2,DPF3,0,-0.004014,0.1474
DPF3_3,DPF3,0,-0.01548,0.1476
DPF3_4,DPF3,0,-0.01607,0.2392
DPF3_5,DPF3,0,0.0001417,0.1278
DPF3_6,DPF3,0,-0.002252,0.05919
DPRX_1,DPRX,0,-0.01141,0.2145
DPRX_2,DPRX,0,0.00786,0.1841
DPRX_3,DPRX,0,-0.02064,0.1683
DPRX_4,DPRX,0,-0.02978,0.2298
DPRX_5,DPRX,0,0.001508,0.1172
DPRX_6,DPRX,0,0.001564,0.1203
DR1_1,DR1,1,-0.009163,0.1353
DR1_2,DR1,1,-0.01582,0.1934
DR1_3,DR1,0,-0.009513,0.2354
DR1_4,DR1,0,-0.005628,0.2905
DR1_5,DR1,1,-0.008774,0.05541
DR1_6,DR1,1,-0.003478,0.05939
DRAP1_1,DRAP1,0,0.01095,0.1083
DRAP1_2,DRAP1,0,0.004521,0.1218
DRAP1_3,DRAP1,0,-0.04318,0.3386
DRAP1_4,DRAP1,0,-0.008624,0.09361
DRAP1_5,DRAP1,0,-0.004503,0.08711
DRAP1_6,DRAP1,0,-0.005819,0.1589
DRGX_1,DRGX,0,-0.005508,0.1503
DRGX_2,DRGX,0,-0.02235,0.2284
DRGX_3,DRGX,0,-0.02491,0.2263
DRGX_4,DRGX,0,-0.01108,0.1365
DRGX_5,DRGX,0,-0.01835,0.1231
DRGX_6,DRGX,0,-0.01593,0.1105
DUXA_1,DUXA,0,0.005917,0.1333
DUXA_2,DUXA,0,-0.004611,0.0991
DUXA_3,DUXA,0,-0.01593,0.1902
DUXA_4,DUXA,0,-0.003327,0.1367
DUXA_5,DUXA,0,-0.005741,0.117
DUXA_6,DUXA,0,0.004809,0.0898
DZIP1_1,DZIP1,0,-0.01095,0.1988
DZIP1_2,DZIP1,0,0.01327,0.1603
DZIP1_3,DZIP1,0,-0.03894,0.1726
DZIP1_4,DZIP1,0,-0.008573,0.1136
DZIP1_5,DZIP1,0,-0.009516,0.06679
DZIP1_6,DZIP1,0,0.003823,0.07608
E2F1_1,E2F1,0,-0.03193,0.2522
E2F1_2,E2F1,0,-0.02852,0.3585
E2F1_3,E2F1,0,-0.03152,0.2276
E2F1_4,E2F1,0,-0.01186,0.1684
E2F1_5,E2F1,0,0.001608,0.1809
E2F1_6,E2F1,0,0.002113,0.1031
E2F2_1,E2F2,0,-0.0001819,0.09205
E2F2_2,E2F2,0,-0.003728,0.1019
E2F2_3,E2F2,0,-0.0003082,0.1557
E2F2_4,E2F2,0,-0.004409,0.1203
E2F2_5,E2F2,0,0.003548,0.1341
E2F2_6,E2F2,0,-0.01167,0.1627
E2F3_P1_1,E2F3,0,-0.0362,0.2694
E2F3_P1_2,E2F3,0,-0.02389,0.1874
E2F3_P1_3,E2F3,0,-0.03795,0.273
E2F3_P1_4,E2F3,0,-0.01521,0.1672
E2F3_P1_5,E2F3,0,0.0002045,0.08189
E2F3_P1_6,E2F3,0,-0.01178,0.1975
E2F3_P2_1,E2F3,0,-0.01573,0.1802
E2F3_P2_2,E2F3,0,0.003996,0.05222
E2F3_P2_3,E2F3,0,-0.03387,0.2883
E2F3_P2_4,E2F3,0,-0.003568,0.2025
E2F3_P2_5,E2F3,0,-0.0006763,0.07025
E2F3_P2_6,E2F3,0,-0.02063,0.116
E2F4_1,E2F4,0,0.002386,0.1006
E2F4_2,E2F4,0,-0.3309,0.4524
E2F4_3,E2F4,0,-0.0138,0.3682
E2F4_4,E2F4,0,-0.01938,0.2051
E2F4_5,E2F4,0,-0.006637,0.1071
E2F4_6,E2F4,0,-0.002658,0.1072
E2F5_1,E2F5,0,-0.01504,0.2385
E2F5_2,E2F5,0,-0.001254,0.2752
E2F5_3,E2F5,0,-0.009032,0.08475
E2F5_4,E2F5,0,-0.006963,0.09719
E2F5_5,E2F5,0,-0.009403,0.2094
E2F5_6,E2F5,0,0.007388,0.1218
E2F6_1,E2F6,1,0.001888,0.07503
E2F6_2,E2F6,1,0.002718,0.1254
E2F6_3,E2F6,0,0.0003357,0.1412
E2F6_4,E2F6,0,-0.003112,0.1085
E2F6_5,E2F6,0,-0.01269,0.1338
E2F6_6,E2F6,1,-0.003734,0.1024
E2F7_1,E2F7,0,-0.001469,0.125
E2F7_2,E2F7,0,-0.01072,0.104
E2F7_3,E2F7,0,-0.003595,0.196
E2F7_4,E2F7,0,-0.0166,0.2441
E2F7_5,E2F7,0,0.0004175,0.1259
E2F7_6,E2F7,0,-0.00856,0.1452
E2F8_1,E2F8,0,-0.02088,0.1511
E2F8_2,E2F8,0,-0.009856,0.1107
E2F8_3,E2F8,0,-0.0211,0.2069
E2F8_4,E2F8,0,-0.007024,0.16
E2F8_5,E2F8,0,-0.001932,0.06274
E2F8_6,E2F8,0,-0.003413,0.0722
E4F1_1,E4F1,0,-0.1011,0.3789
E4F1_2,E4F1,0,-0.2388,0.5478
E4F1_3,E4F1,0,-0.06062,0.4076
E4F1_4,E4F1,0,-0.0009302,0.1975
E4F1_5,E4F1,0,-0.003939,0.07947
E4F1_6,E4F1,0,0.00294,0.08976
EBF1_1,EBF1,0,-0.01085,0.1351
EBF1_2,EBF1,0,0.003348,0.1566
EBF1_3,EBF1,0,0.0009098,0.1194
EBF1_4,EBF1,0,-0.008876,0.113
EBF1_5,EBF1,0,-0.01092,0.09827
EBF1_6,EBF1,0,-0.03225,0.1948
EBF2_1,EBF2,0,-0.001268,0.1555
EBF2_2,EBF2,0,-0.004481,0.1577
EBF2_3,EBF2,0,-0.008808,0.1067
EBF2_4,EBF2,0,-0.01543,0.1488
EBF2_5,EBF2,0,-0.006617,0.1394
EBF2_6,EBF2,0,0.0006567,0.1098
EBF3_1,EBF3,0,-0.002859,0.1143
EBF3_2,EBF3,0,-0.004485,0.1643
EBF3_3,EBF3,0,0.001969,0.1263
EBF3_4,EBF3,0,-0.002622,0.1603
EBF3_5,EBF3,0,0.002487,0.1137
EBF3_6,EBF3,0,-0.000914,0.08258
EBF4_1,EBF4,0,0.01141,0.1419
EBF4_2,EBF4,0,-0.005408,0.1673
EBF4_3,EBF4,0,-0.03784,0.2523
EBF4_4,EBF4,0,-0.06569,0.4353
EBF4_5,EBF4,0,-0.01525,0.1251
EBF4_6,EBF4,0,-0.005841,0.1132
EEA1_1,EEA1,0,-0.02201,0.2462
EEA1_2,EEA1,0,-0.01118,0.2208
EEA1_3,EEA1,0,-0.007476,0.1228
EEA1_4,EEA1,0,9.731e-05,0.1234
EEA1_5,EEA1,0,-0.006115,0.09352
EEA1_6,EEA1,0,0.001996,0.0905
EGR1_P1_1,EGR1,0,-0.00569,0.07798
EGR1_P1_2,EGR1,0,0.006745,0.2301
EGR1_P1_3,EGR1,0,-0.01048,0.1448
EGR1_P1_4,EGR1,0,-0.01361,0.1619
EGR1_P1_5,EGR1,0,0.004508,0.1111
EGR1_P1_6,EGR1,0,0.0007398,0.1026
EGR1_P2_1,EGR1,0,-0.009861,0.1433
EGR1_P2_2,EGR1,0,0.0009464,0.1469
EGR1_P2_3,EGR1,0,-0.002239,0.07829
EGR1_P2_4,EGR1,0,-0.02217,0.2946
EGR1_P2_5,EGR1,0,-0.002866,0.0804
EGR1_P2_6,EGR1,0,-0.002106,0.1179
EGR2_1,EGR2,0,-0.009262,0.1657
EGR2_2,EGR2,0,-0.02626,0.2662
EGR2_3,EGR2,0,-0.001606,0.1454
EGR2_4,EGR2,0,-0.01739,0.1923
EGR2_5,EGR2,0,-0.007285,0.09534
EGR2_6,EGR2,0,-0.01211,0.2026
EGR3_1,EGR3,0,0.001489,0.1165
EGR3_2,EGR3,0,-0.007302,0.1504
EGR3_3,EGR3,0,0.0152,0.2152
EGR3_4,EGR3,0,-0.01624,0.1703
EGR3_5,EGR3,0,0.01055,0.1092
EGR3_6,EGR3,0,-0.002611,0.1114
EGR4_2,EGR4,0,-0.01268,0.1097
EGR4_3,EGR4,0,-0.006084,0.1319
EGR4_4,EGR4,0,-0.01774,0.209
EGR4_5,EGR4,0,0.004543,0.09511
EGR4_6,EGR4,0,-0.0007895,0.07551
EHF_1,EHF,0,-0.008855,0.2212
EHF_2,EHF,0,-0.06057,0.3367
EHF_3,EHF,0,0.004955,0.1245
EHF_4,EHF,0,-0.01063,0.1289
EHF_5,EHF,0,-0.008383,0.1103
EHF_6,EHF,0,-0.005924,0.1348
ELF1_1,ELF1,0,-0.006804,0.09894
ELF1_2,ELF1,0,-0.001544,0.18
ELF1_3,ELF1,0,-0.01461,0.1864
ELF1_4,ELF1,0,-0.02124,0.1246
ELF1_5,ELF1,0,0.0007943,0.1143
ELF1_6,ELF1,0,-0.01779,0.1942
ELF2_1,ELF2,0,-0.005511,0.1735
ELF2_2,ELF2,0,-0.01448,0.1616
ELF2_3,ELF2,0,0.006283,0.2721
ELF2_4,ELF2,0,-0.01143,0.2659
ELF2_5,ELF2,0,-0.008426,0.1009
ELF2_6,ELF2,0,0.006126,0.1258
ELF3_1,ELF3,0,0.001917,0.1108
ELF3_2,ELF3,0,-0.01853,0.1203
ELF3_3,ELF3,0,-0.01653,0.1948
ELF3_4,ELF3,0,-0.02188,0.2295
ELF3_5,ELF3,0,0.007936,0.07687
ELF3_6,ELF3,0,-0.004588,0.09725
ELF4_1,ELF4,0,-0.01082,0.2551
ELF4_2,ELF4,0,-0.003489,0.08485
ELF4_3,ELF4,0,0.0006565,0.1665
ELF4_4,ELF4,0,-0.0007301,0.1952
ELF4_5,ELF4,0,-0.002581,0.135
ELF4_6,ELF4,0,-6.941e-05,0.1352
ELF5_1,ELF5,0,-0.0005548,0.06499
ELF5_2,ELF5,0,-0.003064,0.1304
ELF5_3,ELF5,0,0.009471,0.1004
ELF5_4,ELF5,0,0.004494,0.1416
ELF5_5,ELF5,0,-0.002504,0.09962
ELF5_6,ELF5,0,0.0001108,0.1036
ELK1_1,ELK1,0,-0.009211,0.1886
ELK1_2,ELK1,0,-0.0157,0.1386
ELK1_3,ELK1,0,0.004411,0.1259
ELK1_4,ELK1,0,-0.034,0.3442
ELK1_5,ELK1,0,-0.01007,0.2462
ELK1_6,ELK1,0,0.001576,0.1
ELK3_1,ELK3,0,0.001041,0.1448
ELK3_2,ELK3,0,-0.002937,0.1477
ELK3_3,ELK3,0,-0.007957,0.1286
ELK3_4,ELK3,0,-0.01746,0.2223
ELK3_5,ELK3,0,-0.01109,0.1334
ELK3_6,ELK3,0,-0.005488,0.09464
ELK4_1,ELK4,0,-0.01114,0.2634
ELK4_2,ELK4,0,-0.009475,0.1081
ELK4_3,ELK4,0,0.002838,0.1447
ELK4_4,ELK4,0,-0.002636,0.1687
ELK4_5,ELK4,0,-0.0008573,0.102
ELK4_6,ELK4,0,-0.01275,0.1055
ELMSAN1_P1_1,ELMSAN1,0,-0.008439,0.09248
ELMSAN1_P1_2,ELMSAN1,0,-0.02877,0.2681
ELMSAN1_P1_3,ELMSAN1,0,-0.01165,0.2229
ELMSAN1_P1_4,ELMSAN1,0,0.004359,0.1872
ELMSAN1_P1_5,ELMSAN1,0,0.01001,0.1205
ELMSAN1_P1_6,ELMSAN1,0,0.004401,0.1237
ELMSAN1_P2_1,ELMSAN1,0,-0.0005941,0.09443
ELMSAN1_P2_2,ELMSAN1,0,-0.001562,0.2185
ELMSAN1_P2_3,ELMSAN1,0,0.005661,0.1622
ELMSAN1_P2_4,ELMSAN1,0,-0.003549,0.177
ELMSAN1_P2_5,ELMSAN1,0,-0.01405,0.1456
ELMSAN1_P2_6,ELMSAN1,0,0.0001234,0.1119
ELP3_2,ELP3,0,-0.02527,0.2772
ELP3_3,ELP3,0,-0.001541,0.2183
ELP3_5,ELP3,0,-0.02735,0.2073
ELP3_6,ELP3,0,-0.2225,0.6472
EMX1_P1_1,EMX1,0,-0.006297,0.1488
EMX1_P1_2,EMX1,0,0.007018,0.1799
EMX1_P1_3,EMX1,0,-0.01619,0.152
EMX1_P1_4,EMX1,0,-0.017,0.1344
EMX1_P1_5,EMX1,0,-0.007486,0.08859
EMX1_P1_6,EMX1,0,0.006372,0.0956
EMX1_P2_1,EMX1,0,-0.02813,0.204
EMX1_P2_2,EMX1,0,-0.007959,0.1616
EMX1_P2_3,EMX1,0,-0.01034,0.164
EMX1_P2_4,EMX1,0,-0.003438,0.08051
EMX1_P2_5,EMX1,0,-0.003932,0.06571
EMX1_P2_6,EMX1,0,-0.005688,0.08921
EMX2_1,EMX2,0,-0.01866,0.2497
EMX2_2,EMX2,0,-0.01155,0.1803
EMX2_3,EMX2,0,-0.01476,0.1841
EMX2_4,EMX2,0,-0.0009727,0.1184
EMX2_5,EMX2,0,0.000114,0.05624
EMX2_6,EMX2,0,-0.008423,0.1012
EN1_1,EN1,0,-0.01655,0.1406
EN1_2,EN1,0,-0.03218,0.2695
EN1_3,EN1,0,-0.002004,0.2348
EN1_4,EN1,0,0.007862,0.241
EN1_5,EN1,0,-0.01891,0.1248
EN1_6,EN1,0,-0.004815,0.08278
EN2_1,EN2,0,-0.01189,0.1353
EN2_2,EN2,0,-0.00707,0.1648
EN2_3,EN2,0,-0.001175,0.1494
EN2_4,EN2,0,-0.002774,0.1175
EN2_5,EN2,0,-0.004496,0.09565
EN2_6,EN2,0,-0.04247,0.2475
ENO1_1,ENO1,0,-0.1,0.8628
ENO1_2,ENO1,0,-0.006305,0.1857
ENO1_3,ENO1,0,-0.01484,0.1402
ENO1_5,ENO1,0,-0.009597,0.1462
ENO1_6,ENO1,0,-0.0219,0.2045
EOMES_1,EOMES,0,-0.008921,0.1473
EOMES_2,EOMES,0,-0.02221,0.1749
EOMES_3,EOMES,0,-0.006904,0.1471
EOMES_5,EOMES,0,-0.0003996,0.09571
EOMES_6,EOMES,0,-0.00528,0.08854
EP300_1,EP300,0,-0.003858,0.132
EP300_2,EP300,0,0.00104,0.1506
EP300_3,EP300,0,-0.01375,0.1285
EP300_4,EP300,0,-0.02214,0.1805
EP300_5,EP300,0,0.0004812,0.114
EP300_6,EP300,0,-0.009737,0.1452
EP400_2,EP400,0,-0.02005,0.1705
EP400_3,EP400,0,-0.02405,0.1837
EP400_4,EP400,0,-0.03012,0.2383
EP400_5,EP400,0,-0.006959,0.1121
EP400_6,EP400,0,-0.01762,0.1817
EPAS1_1,EPAS1,0,-0.004256,0.175
EPAS1_2,EPAS1,0,-0.008141,0.1655
EPAS1_3,EPAS1,0,-0.004344,0.1498
EPAS1_5,EPAS1,0,0.006087,0.1037
EPAS1_6,EPAS1,0,0.001853,0.1366
ERCC2_1,ERCC2,0,-0.3164,0.6054
ERCC2_3,ERCC2,0,-0.006784,0.1542
ERCC2_4,ERCC2,0,-0.1066,0.564
ERCC2_5,ERCC2,0,0.0019,0.07124
ERCC2_6,ERCC2,0,0.005168,0.08949
ERCC3_1,ERCC3,0,-0.3281,0.4873
ERCC3_2,ERCC3,0,-0.3128,0.5063
ERCC3_3,ERCC3,0,-0.006248,0.1765
ERCC3_4,ERCC3,0,-0.01181,0.2072
ERCC3_5,ERCC3,0,-0.01789,0.3042
ERCC3_6,ERCC3,0,0.004443,0.1071
ERCC6_1,ERCC6,0,0.004431,0.1057
ERCC6_2,ERCC6,0,-0.02391,0.2154
ERCC6_3,ERCC6,0,-0.007785,0.2941
ERCC6_4,ERCC6,0,-0.02122,0.1883
ERCC6_5,ERCC6,0,0.002907,0.1044
ERCC6_6,ERCC6,0,-0.001298,0.1104
ERCC8_1,ERCC8,0,0.001333,0.18
ERCC8_2,ERCC8,0,-0.0001571,0.1438
ERCC8_3,ERCC8,0,0.0003472,0.2022
ERCC8_4,ERCC8,0,-0.1432,0.4619
ERCC8_5,ERCC8,0,-0.003506,0.08196
ERCC8_6,ERCC8,0,0.001769,0.13
ERF_1,ERF,0,-0.004562,0.1473
ERF_2,ERF,0,0.0003507,0.2483
ERF_3,ERF,0,-0.00201,0.1418
ERF_4,ERF,0,-0.006761,0.1552
ERF_5,ERF,0,-0.001767,0.07344
ERF_6,ERF,0,-0.00924,0.1927
ERG_P1_1,ERG,0,0.003553,0.1809
ERG_P1_2,ERG,0,0.006077,0.1298
ERG_P1_3,ERG,0,-0.008801,0.2709
ERG_P1_4,ERG,0,-0.01993,0.186
ERG_P1_5,ERG,0,-4.091e-05,0.1596
ERG_P1_6,ERG,0,0.0008364,0.0962
ERG_P2_1,ERG,0,-0.01099,0.1104
ERG_P2_2,ERG,0,-0.003038,0.1651
ERG_P2_3,ERG,0,0.002385,0.1144
ERG_P2_4,ERG,0,-0.001652,0.1438
ERG_P2_5,ERG,0,-0.00308,0.04054
ERG_P2_6,ERG,0,0.003189,0.05734
ESR1_P1_1,ESR1,0,-0.01818,0.2131
ESR1_P1_2,ESR1,0,-0.01852,0.1308
ESR1_P1_3,ESR1,0,-0.002431,0.09019
ESR1_P1_4,ESR1,0,0.005199,0.1592
ESR1_P1_5,ESR1,0,-0.003915,0.09406
ESR1_P1_6,ESR1,0,-0.001875,0.095
ESR1_P2_1,ESR1,0,-0.003122,0.3161
ESR1_P2_2,ESR1,0,-0.00823,0.2728
ESR1_P2_3,ESR1,0,-0.02906,0.3182
ESR1_P2_4,ESR1,0,-0.005247,0.1788
ESR1_P2_5,ESR1,0,-0.005079,0.1588
ESR1_P2_6,ESR1,0,-0.01875,0.1834
ESR2_1,ESR2,0,0.01181,0.1579
ESR2_2,ESR2,0,-0.01154,0.2547
ESR2_3,ESR2,0,-0.001465,0.2034
ESR2_4,ESR2,0,-0.002073,0.1556
ESR2_5,ESR2,0,-0.003043,0.1186
ESR2_6,ESR2,0,-0.02008,0.1878
ESRRA_1,ESRRA,0,-0.003734,0.1796
ESRRA_2,ESRRA,0,-0.02753,0.2781
ESRRA_3,ESRRA,0,-0.01195,0.1623
ESRRA_4,ESRRA,0,-0.007129,0.1564
ESRRA_5,ESRRA,0,-0.009377,0.08973
ESRRA_6,ESRRA,0,-0.003107,0.1288
ESRRB_1,ESRRB,0,0.004071,0.07014
ESRRB_2,ESRRB,0,0.008752,0.1112
ESRRB_3,ESRRB,1,-0.006157,0.1626
ESRRB_4,ESRRB,0,-0.004415,0.1574
ESRRB_5,ESRRB,0,-0.01055,0.1121
ESRRB_6,ESRRB,1,-0.0022,0.1121
ESRRG_P1_1,ESRRG,0,-0.001641,0.1001
ESRRG_P1_2,ESRRG,0,-0.0145,0.1528
ESRRG_P1_3,ESRRG,0,-0.08299,0.3665
ESRRG_P1_4,ESRRG,0,-0.003607,0.07949
ESRRG_P1_5,ESRRG,0,-0.006925,0.1339
ESRRG_P1_6,ESRRG,0,-0.002057,0.09661
ESRRG_P2_1,ESRRG,0,0.01581,0.1979
ESRRG_P2_2,ESRRG,0,-0.03042,0.2951
ESRRG_P2_3,ESRRG,0,-0.004505,0.1151
ESRRG_P2_4,ESRRG,0,-0.01677,0.2458
ESRRG_P2_5,ESRRG,0,-0.003017,0.1108
ESRRG_P2_6,ESRRG,0,-0.006723,0.1855
ESRRG_P3_1,ESRRG,0,-0.01397,0.127
ESRRG_P3_2,ESRRG,0,-0.004937,0.1029
ESRRG_P3_3,ESRRG,0,-0.002488,0.08835
ESRRG_P3_4,ESRRG,0,-0.001548,0.1386
ESRRG_P3_5,ESRRG,0,0.004631,0.1184
ESRRG_P3_6,ESRRG,0,-0.006974,0.1353
ESRRG_P4_1,ESRRG,0,-0.004303,0.1963
ESRRG_P4_2,ESRRG,0,-0.006815,0.1139
ESRRG_P4_3,ESRRG,0,-0.007135,0.1449
ESRRG_P4_4,ESRRG,0,-0.01832,0.1487
ESRRG_P4_5,ESRRG,0,-0.001162,0.06661
ESRRG_P4_6,ESRRG,0,-0.002817,0.0971
ESRRG_P5_1,ESRRG,0,-0.02301,0.1581
ESRRG_P5_2,ESRRG,0,0.001891,0.1529
ESRRG_P5_3,ESRRG,0,-0.002045,0.07914
ESRRG_P5_4,ESRRG,0,-0.008022,0.1095
ESRRG_P5_5,ESRRG,0,-0.005731,0.1135
ESRRG_P5_6,ESRRG,0,-0.01261,0.1263
ESX1_1,ESX1,0,-0.01543,0.1569
ESX1_2,ESX1,0,-0.003137,0.1243
ESX1_3,ESX1,0,-0.02502,0.2149
ESX1_4,ESX1,0,-0.008184,0.1953
ESX1_5,ESX1,0,-0.01207,0.137
ESX1_6,ESX1,0,-0.008746,0.08879
ETF1_1,ETF1,0,-0.01313,0.1587
ETF1_2,ETF1,0,-0.0932,0.4933
ETF1_3,ETF1,0,-0.01876,0.1955
ETF1_4,ETF1,0,-0.007542,0.1496
ETF1_5,ETF1,0,-0.004368,0.1749
ETF1_6,ETF1,0,-0.007816,0.113
ETS1_1,ETS1,0,0.004775,0.1828
ETS1_2,ETS1,0,-0.01517,0.2499
ETS1_3,ETS1,0,-0.0108,0.07311
ETS1_4,ETS1,0,-0.01692,0.1285
ETS1_5,ETS1,0,-0.002761,0.1387
ETS1_6,ETS1,0,-0.0169,0.1001
ETS2_1,ETS2,0,-0.2306,0.5717
ETS2_2,ETS2,0,0.006227,0.1566
ETS2_3,ETS2,0,9.713e-05,0.1391
ETS2_4,ETS2,0,-0.03768,0.3658
ETS2_5,ETS2,0,-0.007525,0.1057
ETS2_6,ETS2,0,-0.02072,0.1928
ETV1_1,ETV1,0,-0.02592,0.1214
ETV1_2,ETV1,0,-0.002757,0.1241
ETV1_3,ETV1,0,-0.01392,0.1106
ETV1_4,ETV1,0,-0.02481,0.2043
ETV1_5,ETV1,0,-0.001594,0.07382
ETV1_6,ETV1,0,0.0005426,0.09273
ETV2_1,ETV2,0,-0.02986,0.1856
ETV2_2,ETV2,0,-0.009349,0.2082
ETV2_3,ETV2,0,-0.01183,0.1272
ETV2_4,ETV2,0,-0.008268,0.09819
ETV2_5,ETV2,0,-0.002736,0.07884
ETV2_6,ETV2,0,-0.0016,0.0665
ETV3L_1,ETV3L,0,-0.01302,0.1022
ETV3L_2,ETV3L,0,-0.009333,0.1652
ETV3L_3,ETV3L,0,-0.004919,0.09611
ETV3L_4,ETV3L,0,-0.0001965,0.1493
ETV3L_5,ETV3L,0,-0.01133,0.09153
ETV3L_6,ETV3L,0,0.01081,0.1086
ETV3_1,ETV3,0,-0.01454,0.1114
ETV3_2,ETV3,0,-0.01057,0.1886
ETV3_3,ETV3,0,-0.01615,0.2106
ETV3_4,ETV3,0,-0.0009057,0.09768
ETV3_5,ETV3,0,-0.006919,0.125
ETV3_6,ETV3,0,-0.001611,0.1629
ETV4_1,ETV4,0,-0.1136,0.3811
ETV4_2,ETV4,0,-0.006601,0.08202
ETV4_3,ETV4,0,-0.03719,0.2701
ETV4_4,ETV4,0,-0.0002603,0.1342
ETV4_5,ETV4,0,-0.003311,0.0579
ETV4_6,ETV4,0,0.004645,0.2769
ETV5_1,ETV5,1,-0.02131,0.2054
ETV5_2,ETV5,0,-0.004414,0.1153
ETV5_3,ETV5,1,0.002996,0.09285
ETV5_4,ETV5,0,-0.002159,0.1539
ETV5_5,ETV5,1,-0.002824,0.08461
ETV5_6,ETV5,0,-0.006188,0.1399
ETV6_1,ETV6,0,-0.01653,0.2408
ETV6_2,ETV6,0,-0.01837,0.216
ETV6_3,ETV6,0,-0.01744,0.2599
ETV6_4,ETV6,0,-0.0405,0.3265
ETV6_5,ETV6,0,-0.005358,0.1091
ETV6_6,ETV6,0,-0.001087,0.08632
ETV7_1,ETV7,0,-0.009246,0.08181
ETV7_2,ETV7,0,-0.007862,0.1841
ETV7_3,ETV7,0,-0.01491,0.1814
ETV7_4,ETV7,0,-0.006903,0.1501
ETV7_5,ETV7,0,-0.00662,0.1348
ETV7_6,ETV7,0,-3.979e-05,0.1197
EVX1_1,EVX1,0,0.00293,0.1529
EVX1_2,EVX1,0,-0.00388,0.114
EVX1_3,EVX1,0,-0.01974,0.2662
EVX1_4,EVX1,0,-0.007582,0.2306
EVX1_5,EVX1,0,-0.006208,0.1138
EVX1_6,EVX1,0,-0.003765,0.108
EVX2_1,EVX2,0,-0.006776,0.2072
EVX2_2,EVX2,0,-0.0001317,0.09806
EVX2_3,EVX2,0,0.009762,0.2633
EVX2_4,EVX2,0,-0.07684,0.3786
EVX2_5,EVX2,0,-0.004028,0.08229
EVX2_6,EVX2,0,0.00047,0.1743
EWSR1_1,EWSR1,0,-0.007908,0.1267
EWSR1_2,EWSR1,0,-0.004589,0.1164
EWSR1_3,EWSR1,0,0.0009494,0.1514
EWSR1_4,EWSR1,0,-0.01163,0.2785
EWSR1_5,EWSR1,0,-0.002649,0.1802
EWSR1_6,EWSR1,0,-0.01024,0.1951
EZH1_1,EZH1,0,-0.0002716,0.1058
EZH1_2,EZH1,0,0.002731,0.1637
EZH1_3,EZH1,0,-0.01197,0.1629
EZH1_4,EZH1,0,-0.01076,0.1038
EZH1_5,EZH1,0,-0.02361,0.1111
EZH1_6,EZH1,0,-0.000626,0.2286
EZH2_1,EZH2,0,-0.02175,0.2198
EZH2_2,EZH2,0,-0.009771,0.09757
EZH2_3,EZH2,0,-0.02338,0.2776
EZH2_4,EZH2,0,-0.0296,0.1982
EZH2_5,EZH2,0,-0.002068,0.06371
EZH2_6,EZH2,0,-0.008537,0.1061
FAM170A_1,FAM170A,0,0.006004,0.1183
FAM170A_2,FAM170A,0,-0.01116,0.09329
FAM170A_3,FAM170A,0,-0.01203,0.1584
FAM170A_4,FAM170A,0,0.001639,0.1102
FAM170A_5,FAM170A,0,-0.02174,0.1927
FAM170A_6,FAM170A,0,0.002282,0.0986
FAM200B_1,FAM200B,0,-0.008776,0.1328
FAM200B_2,FAM200B,0,-0.01691,0.1952
FAM200B_3,FAM200B,0,-0.01573,0.2638
FAM200B_4,FAM200B,0,-0.006587,0.1097
FAM200B_5,FAM200B,0,-0.02139,0.1544
FAM200B_6,FAM200B,0,-0.01884,0.1576
FBXL19_1,FBXL19,0,-0.01703,0.1619
FBXL19_2,FBXL19,0,-0.01185,0.1394
FBXL19_3,FBXL19,0,-0.006562,0.1045
FBXL19_4,FBXL19,0,-0.008977,0.2771
FBXL19_5,FBXL19,0,0.001259,0.07712
FBXL19_6,FBXL19,0,-0.01355,0.0937
FBXO16_1,FBXO16,0,-0.006548,0.07806
FBXO16_2,FBXO16,0,0.0001433,0.08752
FBXO16_3,FBXO16,0,0.003081,0.1081
FBXO16_4,FBXO16,0,-0.009493,0.1601
FBXO16_5,FBXO16,0,-0.04328,0.2738
FBXO16_6,FBXO16,0,-0.01074,0.1905
FERD3L_1,FERD3L,0,-0.001517,0.107
FERD3L_2,FERD3L,0,-0.008721,0.1899
FERD3L_3,FERD3L,0,-0.02205,0.2364
FERD3L_4,FERD3L,0,0.006095,0.1663
FERD3L_5,FERD3L,0,-0.004588,0.1648
FERD3L_6,FERD3L,0,0.005585,0.04609
FEV_1,FEV,0,-0.0002578,0.1465
FEV_2,FEV,0,-0.01076,0.128
FEV_3,FEV,0,-0.01135,0.1933
FEV_4,FEV,0,-0.01416,0.215
FEV_5,FEV,0,-0.009679,0.1482
FEV_6,FEV,0,0.005446,0.1538
FEZF1_1,FEZF1,0,-0.009571,0.1325
FEZF1_2,FEZF1,0,-0.003018,0.1745
FEZF1_3,FEZF1,0,-0.02131,0.1195
FEZF1_4,FEZF1,0,-0.001702,0.1064
FEZF1_5,FEZF1,0,-0.01308,0.1031
FEZF1_6,FEZF1,0,0.003779,0.09903
FEZF2_1,FEZF2,0,-0.01155,0.179
FEZF2_2,FEZF2,0,-0.004415,0.1078
FEZF2_3,FEZF2,0,-0.02193,0.2713
FEZF2_4,FEZF2,0,-0.01405,0.1899
FEZF2_5,FEZF2,0,-0.01282,0.1339
FEZF2_6,FEZF2,0,-0.002599,0.08854
FGF3_1,FGF3,0,0.01706,0.2022
FGF3_2,FGF3,0,-0.006685,0.1031
FGF3_3,FGF3,0,-0.009037,0.1546
FGF3_4,FGF3,0,-0.009259,0.06295
FGF3_5,FGF3,0,-0.0113,0.1871
FGF3_6,FGF3,0,-0.0001362,0.08744
FIGLA_1,FIGLA,0,-0.01544,0.1495
FIGLA_2,FIGLA,0,0.0006418,0.1107
FIGLA_3,FIGLA,0,-0.01363,0.1935
FIGLA_4,FIGLA,0,-0.02291,0.2985
FIGLA_5,FIGLA,0,-0.03424,0.2211
FIGLA_6,FIGLA,0,-0.003132,0.1775
FIZ1_1,FIZ1,0,0.0008369,0.1645
FIZ1_2,FIZ1,0,-0.02503,0.205
FIZ1_3,FIZ1,0,-0.1453,0.5095
FIZ1_4,FIZ1,0,-0.003145,0.1967
FIZ1_5,FIZ1,0,-0.04034,0.2406
FIZ1_6,FIZ1,0,-0.00867,0.1204
FLI1_1,FLI1,0,-0.009738,0.1503
FLI1_2,FLI1,0,0.005426,0.1097
FLI1_3,FLI1,0,-0.003399,0.09244
FLI1_4,FLI1,0,-0.002085,0.2367
FLI1_5,FLI1,0,0.00108,0.06867
FLI1_6,FLI1,0,-0.0008263,0.05536
FLYWCH1_1,FLYWCH1,0,-0.01457,0.1875
FLYWCH1_2,FLYWCH1,0,-0.01223,0.1989
FLYWCH1_3,FLYWCH1,0,-0.002343,0.06809
FLYWCH1_4,FLYWCH1,0,-0.04759,0.3075
FLYWCH1_5,FLYWCH1,0,-0.003223,0.07354
FLYWCH1_6,FLYWCH1,0,-0.007105,0.08138
FOSB_P1_1,FOSB,0,-0.0188,0.155
FOSB_P1_2,FOSB,0,0.005955,0.1541
FOSB_P1_3,FOSB,0,0.007395,0.2013
FOSB_P1_4,FOSB,0,-0.009958,0.1923
FOSB_P1_5,FOSB,0,-0.00644,0.1543
FOSB_P1_6,FOSB,0,-0.00589,0.1138
FOSB_P2_1,FOSB,0,-0.001924,0.1122
FOSB_P2_2,FOSB,0,-0.007755,0.1085
FOSB_P2_3,FOSB,0,-0.0162,0.1986
FOSB_P2_4,FOSB,0,-0.0211,0.1453
FOSB_P2_5,FOSB,0,-0.01703,0.1519
FOSB_P2_6,FOSB,0,-0.003011,0.0904
FOSL1_1,FOSL1,0,-0.01201,0.1202
FOSL1_2,FOSL1,0,-0.01399,0.2568
FOSL1_3,FOSL1,0,-0.02003,0.1867
FOSL1_4,FOSL1,0,-0.01122,0.1558
FOSL1_5,FOSL1,0,-0.00423,0.07548
FOSL1_6,FOSL1,0,-0.003215,0.1044
FOSL2_1,FOSL2,0,0.001443,0.08856
FOSL2_2,FOSL2,0,-0.01433,0.2172
FOSL2_3,FOSL2,0,-0.01998,0.2434
FOSL2_4,FOSL2,0,-0.02312,0.1722
FOSL2_5,FOSL2,0,0.006758,0.0832
FOSL2_6,FOSL2,0,-0.0009399,0.06674
FOS_P1_1,FOS,0,-0.01751,0.2024
FOS_P1_2,FOS,0,-0.00715,0.2503
FOS_P1_3,FOS,0,-0.02749,0.2829
FOS_P1_4,FOS,0,-0.04296,0.252
FOS_P1_5,FOS,0,-0.01638,0.2661
FOS_P1_6,FOS,0,-0.02169,0.1626
FOS_P2_1,FOS,0,-0.0003246,0.1545
FOS_P2_2,FOS,0,0.001758,0.1313
FOS_P2_3,FOS,0,-0.03143,0.2684
FOS_P2_4,FOS,0,2.828e-05,0.1672
FOS_P2_5,FOS,0,-0.003912,0.1043
FOS_P2_6,FOS,0,-0.01061,0.1753
FOXA1_1,FOXA1,0,-0.02074,0.2189
FOXA1_2,FOXA1,0,0.0007555,0.1046
FOXA1_3,FOXA1,0,-0.02797,0.2577
FOXA1_4,FOXA1,0,-0.02117,0.312
FOXA1_5,FOXA1,0,-0.005158,0.08922
FOXA1_6,FOXA1,0,-0.005452,0.1187
FOXA2_1,FOXA2,0,-0.009429,0.1782
FOXA2_2,FOXA2,1,-0.01747,0.1623
FOXA2_3,FOXA2,1,-0.002158,0.1536
FOXA2_4,FOXA2,0,-0.009444,0.1644
FOXA2_5,FOXA2,1,-0.0002196,0.1223
FOXA2_6,FOXA2,0,-0.0101,0.1427
FOXA3_1,FOXA3,0,-0.003503,0.1284
FOXA3_2,FOXA3,0,-0.004899,0.1775
FOXA3_3,FOXA3,0,-0.1338,0.4418
FOXA3_4,FOXA3,0,-0.01047,0.2057
FOXA3_5,FOXA3,0,-1.65e-05,0.1223
FOXA3_6,FOXA3,0,-0.01964,0.1842
FOXB1_1,FOXB1,0,0.002462,0.133
FOXB1_2,FOXB1,0,-0.01355,0.1417
FOXB1_3,FOXB1,0,0.005543,0.1486
FOXB1_4,FOXB1,0,-0.007822,0.1106
FOXB1_5,FOXB1,0,-0.003955,0.1301
FOXB1_6,FOXB1,0,-0.000851,0.1249
FOXB2_1,FOXB2,0,-0.007955,0.1401
FOXB2_2,FOXB2,0,-0.05378,0.4203
FOXB2_3,FOXB2,0,0.001034,0.1324
FOXB2_4,FOXB2,0,-0.003991,0.1813
FOXB2_5,FOXB2,0,-0.0009753,0.1273
FOXB2_6,FOXB2,0,0.002957,0.06931
FOXC1_1,FOXC1,0,-0.002909,0.1562
FOXC1_2,FOXC1,0,-0.01644,0.1979
FOXC1_3,FOXC1,0,-0.005419,0.1088
FOXC1_4,FOXC1,0,-0.005141,0.2073
FOXC1_5,FOXC1,0,0.003488,0.07274
FOXC1_6,FOXC1,0,-0.005182,0.06837
FOXC2_1,FOXC2,0,-0.008824,0.2209
FOXC2_2,FOXC2,0,-0.00934,0.1381
FOXC2_3,FOXC2,0,-0.005852,0.1495
FOXC2_4,FOXC2,0,0.004429,0.1246
FOXC2_5,FOXC2,0,-0.008881,0.1759
FOXC2_6,FOXC2,0,-0.004564,0.1106
FOXD1_1,FOXD1,0,-0.01318,0.1494
FOXD1_2,FOXD1,0,-0.01764,0.287
FOXD1_3,FOXD1,0,-0.00859,0.1623
FOXD1_4,FOXD1,0,-0.01504,0.2816
FOXD1_5,FOXD1,0,0.0003161,0.1487
FOXD1_6,FOXD1,0,-0.001407,0.07518
FOXD2_1,FOXD2,0,-0.001096,0.1912
FOXD2_2,FOXD2,0,-0.003336,0.1258
FOXD2_3,FOXD2,0,-0.004284,0.1303
FOXD2_4,FOXD2,0,-0.05929,0.3358
FOXD2_5,FOXD2,0,-0.0001451,0.0984
FOXD2_6,FOXD2,0,0.0003498,0.09144
FOXD3_P1_1,FOXD3,0,-0.01221,0.1282
FOXD3_P1_2,FOXD3,0,-0.000381,0.1016
FOXD3_P1_3,FOXD3,0,-0.005408,0.1537
FOXD3_P1_4,FOXD3,0,-0.01426,0.1829
FOXD3_P1_5,FOXD3,0,0.009858,0.151
FOXD3_P1_6,FOXD3,0,-0.004984,0.09159
FOXD3_P2_1,FOXD3,0,0.006225,0.1282
FOXD3_P2_2,FOXD3,1,-0.006761,0.1084
FOXD3_P2_3,FOXD3,0,-0.004665,0.1841
FOXD3_P2_4,FOXD3,0,-0.007927,0.1099
FOXD3_P2_5,FOXD3,1,0.007508,0.09578
FOXD3_P2_6,FOXD3,0,-0.007732,0.0968
FOXD4L1_1,FOXD4L1,0,-0.03415,0.3054
FOXD4L1_2,FOXD4L1,0,0.00381,0.2316
FOXD4L1_3,FOXD4L1,0,-0.007775,0.2122
FOXD4L1_4,FOXD4L1,0,0.002093,0.1216
FOXD4L1_5,FOXD4L1,0,0.001427,0.08328
FOXD4L1_6,FOXD4L1,0,0.0008548,0.0738
FOXD4_1,FOXD4,0,-0.01437,0.157
FOXD4_2,FOXD4,0,-0.01878,0.2642
FOXD4_3,FOXD4,0,-0.05375,0.4465
FOXD4_4,FOXD4,0,-0.1374,0.5094
FOXD4_5,FOXD4,0,-0.02349,0.123
FOXD4_6,FOXD4,0,-0.000208,0.08123
FOXE1_1,FOXE1,0,-0.007164,0.147
FOXE1_2,FOXE1,0,-0.002554,0.1239
FOXE1_3,FOXE1,0,-0.009122,0.1201
FOXE1_4,FOXE1,0,-0.02107,0.2258
FOXE1_5,FOXE1,0,0.0006195,0.1096
FOXE1_6,FOXE1,0,-0.007296,0.09143
FOXE3_1,FOXE3,0,-0.01475,0.1366
FOXE3_2,FOXE3,0,-0.002218,0.1579
FOXE3_3,FOXE3,0,-0.0002044,0.1197
FOXE3_4,FOXE3,0,-0.01845,0.2417
FOXE3_5,FOXE3,0,-0.009335,0.07967
FOXE3_6,FOXE3,0,-0.0003163,0.1168
FOXF1_1,FOXF1,0,-0.0185,0.2102
FOXF1_2,FOXF1,0,0.002449,0.1408
FOXF1_3,FOXF1,0,-0.009449,0.1361
FOXF1_4,FOXF1,0,-0.002487,0.1533
FOXF1_5,FOXF1,0,-0.002649,0.09872
FOXF1_6,FOXF1,0,-0.004562,0.107
FOXF2_1,FOXF2,0,-0.001445,0.14
FOXF2_2,FOXF2,0,-0.01002,0.1556
FOXF2_3,FOXF2,0,-0.006535,0.216
FOXF2_4,FOXF2,0,-0.00799,0.1494
FOXF2_5,FOXF2,0,-0.005207,0.07316
FOXF2_6,FOXF2,0,-0.04095,0.3412
FOXG1_1,FOXG1,0,-0.0006017,0.08694
FOXG1_2,FOXG1,0,-0.01717,0.1492
FOXG1_3,FOXG1,0,-0.01733,0.1774
FOXG1_4,FOXG1,0,-0.01888,0.2788
FOXG1_5,FOXG1,0,-0.0086,0.118
FOXG1_6,FOXG1,0,-0.007908,0.08272
FOXH1_1,FOXH1,1,-0.03857,0.2036
FOXH1_2,FOXH1,1,-0.0204,0.1691
FOXH1_3,FOXH1,1,-0.0114,0.1591
FOXH1_4,FOXH1,0,-0.03063,0.2661
FOXH1_5,FOXH1,1,-0.01991,0.1638
FOXH1_6,FOXH1,1,-0.01967,0.1804
FOXI1_1,FOXI1,0,-0.01981,0.2186
FOXI1_3,FOXI1,0,0.001515,0.1636
FOXI1_4,FOXI1,0,-0.01105,0.184
FOXI1_5,FOXI1,0,-0.008748,0.1162
FOXI1_6,FOXI1,0,0.001919,0.09328
FOXI2_1,FOXI2,0,-0.01699,0.1693
FOXI2_2,FOXI2,0,-0.004345,0.09362
FOXI2_3,FOXI2,0,-0.02181,0.1822
FOXI2_4,FOXI2,0,-0.0009485,0.1433
FOXI2_5,FOXI2,0,-0.02803,0.3622
FOXI2_6,FOXI2,0,-0.005378,0.1188
FOXI3_1,FOXI3,0,-0.09711,0.5158
FOXI3_2,FOXI3,0,-0.01702,0.1621
FOXI3_3,FOXI3,0,-0.01047,0.1683
FOXI3_4,FOXI3,0,-0.01016,0.1346
FOXI3_5,FOXI3,0,-0.001036,0.1226
FOXI3_6,FOXI3,0,-0.009349,0.09025
FOXJ1_1,FOXJ1,0,0.0007487,0.1761
FOXJ1_2,FOXJ1,0,0.00362,0.1238
FOXJ1_3,FOXJ1,0,-0.001727,0.3421
FOXJ1_4,FOXJ1,0,0.0001613,0.07071
FOXJ1_5,FOXJ1,0,0.002204,0.1317
FOXJ1_6,FOXJ1,0,0.008428,0.09316
FOXJ2_1,FOXJ2,0,-0.009376,0.1369
FOXJ2_2,FOXJ2,0,-0.01068,0.1472
FOXJ2_3,FOXJ2,0,-0.01739,0.1705
FOXJ2_4,FOXJ2,0,-0.01796,0.151
FOXJ2_5,FOXJ2,0,0.01528,0.1474
FOXJ2_6,FOXJ2,0,-0.013,0.2234
FOXJ3_1,FOXJ3,0,-0.002471,0.1813
FOXJ3_2,FOXJ3,0,-0.02471,0.1653
FOXJ3_3,FOXJ3,0,0.0009356,0.1703
FOXJ3_4,FOXJ3,0,-0.01216,0.1175
FOXJ3_5,FOXJ3,0,-0.004828,0.1311
FOXJ3_6,FOXJ3,0,-0.0002867,0.0664
FOXK1_1,FOXK1,0,-0.05794,0.2367
FOXK1_2,FOXK1,0,-0.08928,0.4637
FOXK1_3,FOXK1,0,-0.02104,0.2624
FOXK1_4,FOXK1,0,-0.004649,0.127
FOXK1_5,FOXK1,0,-0.02198,0.1625
FOXK1_6,FOXK1,0,-0.01046,0.09862
FOXK2_1,FOXK2,0,-0.02684,0.1667
FOXK2_2,FOXK2,0,-0.01386,0.1715
FOXK2_3,FOXK2,0,-0.02154,0.2402
FOXK2_4,FOXK2,0,-0.006781,0.124
FOXK2_5,FOXK2,0,-0.008127,0.1267
FOXK2_6,FOXK2,0,-0.0007685,0.09981
FOXL1_1,FOXL1,0,-0.0153,0.1735
FOXL1_2,FOXL1,0,-0.004374,0.1289
FOXL1_3,FOXL1,0,-0.02733,0.2821
FOXL1_4,FOXL1,0,-0.02262,0.271
FOXL1_5,FOXL1,0,-0.00564,0.1321
FOXL1_6,FOXL1,0,-0.005424,0.07347
FOXL2_1,FOXL2,0,-0.000404,0.09675
FOXL2_2,FOXL2,0,0.002921,0.1329
FOXL2_3,FOXL2,0,-0.02246,0.2988
FOXL2_4,FOXL2,0,-0.06992,0.3895
FOXL2_5,FOXL2,0,-0.001474,0.07825
FOXL2_6,FOXL2,0,0.001539,0.07627
FOXM1_1,FOXM1,0,0.002676,0.1811
FOXM1_2,FOXM1,0,0.001525,0.1957
FOXM1_3,FOXM1,0,-0.05238,0.4241
FOXM1_4,FOXM1,0,-0.007279,0.114
FOXM1_5,FOXM1,0,-0.00092,0.1172
FOXM1_6,FOXM1,0,-0.002145,0.08635
FOXN1_1,FOXN1,0,-0.0005334,0.1558
FOXN1_2,FOXN1,0,-0.01063,0.2344
FOXN1_3,FOXN1,0,-0.002706,0.09696
FOXN1_4,FOXN1,0,-0.006021,0.0733
FOXN1_5,FOXN1,0,-0.01226,0.07814
FOXN1_6,FOXN1,0,-0.004031,0.1077
FOXN2_1,FOXN2,0,-0.002445,0.155
FOXN2_2,FOXN2,0,-0.003284,0.1089
FOXN2_3,FOXN2,0,0.004657,0.1379
FOXN2_4,FOXN2,0,-0.01011,0.1315
FOXN2_5,FOXN2,0,0.001885,0.1523
FOXN2_6,FOXN2,0,0.005371,0.127
FOXN3_P1_1,FOXN3,0,-0.02588,0.1807
FOXN3_P1_2,FOXN3,0,0.006752,0.1313
FOXN3_P1_3,FOXN3,0,-0.0309,0.2169
FOXN3_P1_4,FOXN3,0,-0.02176,0.215
FOXN3_P1_5,FOXN3,0,-0.0005362,0.1365
FOXN3_P1_6,FOXN3,0,0.0002826,0.1269
FOXN3_P2_1,FOXN3,0,0.001839,0.1413
FOXN3_P2_2,FOXN3,0,-0.0105,0.2141
FOXN3_P2_3,FOXN3,0,-0.08015,0.4949
FOXN3_P2_4,FOXN3,0,0.0007415,0.1809
FOXN3_P2_5,FOXN3,0,0.00302,0.124
FOXN3_P2_6,FOXN3,0,-0.00982,0.162
FOXN4_1,FOXN4,0,-0.009009,0.2391
FOXN4_2,FOXN4,0,-0.0005383,0.06233
FOXN4_3,FOXN4,0,-0.004611,0.1082
FOXN4_4,FOXN4,0,-0.008257,0.1325
FOXN4_5,FOXN4,0,0.008838,0.07635
FOXN4_6,FOXN4,0,-0.01142,0.08839
FOXO1_1,FOXO1,0,-0.005951,0.2596
FOXO1_2,FOXO1,0,0.003324,0.1432
FOXO1_3,FOXO1,0,-0.009553,0.1549
FOXO1_4,FOXO1,0,0.003119,0.1582
FOXO1_5,FOXO1,0,-0.008483,0.1424
FOXO1_6,FOXO1,0,-0.008006,0.1321
FOXO3_P1_1,FOXO3,0,0.005169,0.1443
FOXO3_P1_2,FOXO3,0,-0.01143,0.1571
FOXO3_P1_3,FOXO3,0,-0.009011,0.1566
FOXO3_P1_4,FOXO3,0,-0.001932,0.2005
FOXO3_P1_5,FOXO3,0,-0.02219,0.1869
FOXO3_P1_6,FOXO3,0,-0.0171,0.1395
FOXO3_P2_1,FOXO3,0,-0.005194,0.1415
FOXO3_P2_2,FOXO3,0,-0.06755,0.4055
FOXO3_P2_3,FOXO3,0,0.00376,0.2227
FOXO3_P2_4,FOXO3,0,-0.002941,0.1913
FOXO3_P2_5,FOXO3,0,-0.02575,0.1989
FOXO3_P2_6,FOXO3,0,-0.00708,0.1243
FOXO4_1,FOXO4,0,-0.01964,0.1677
FOXO4_2,FOXO4,0,0.0007796,0.1228
FOXO4_3,FOXO4,0,-0.02769,0.1863
FOXO4_4,FOXO4,0,0.002458,0.05884
FOXO4_5,FOXO4,0,0.006312,0.1
FOXO4_6,FOXO4,0,-0.003949,0.07024
FOXO6_1,FOXO6,0,-0.007524,0.2052
FOXO6_2,FOXO6,0,-0.01131,0.2726
FOXO6_3,FOXO6,0,0.002571,0.07611
FOXO6_4,FOXO6,0,-0.005719,0.1592
FOXO6_5,FOXO6,0,-0.005236,0.09429
FOXO6_6,FOXO6,0,-0.001708,0.152
FOXP1_P1_1,FOXP1,0,-0.0004193,0.1606
FOXP1_P1_2,FOXP1,0,-0.01809,0.1273
FOXP1_P1_3,FOXP1,0,-0.06942,0.2867
FOXP1_P1_4,FOXP1,0,-0.02088,0.2283
FOXP1_P1_5,FOXP1,0,-0.01068,0.1078
FOXP1_P1_6,FOXP1,0,-0.002079,0.08775
FOXP1_P2_1,FOXP1,0,0.004062,0.1193
FOXP1_P2_3,FOXP1,0,0.0011,0.07048
FOXP1_P2_6,FOXP1,0,-0.002061,0.08968
FOXP1_P3_1|FOXP1_P2_2,FOXP1|FOXP1,0,0.004016,0.09844
FOXP1_P3_2,FOXP1,0,-0.01108,0.1954
FOXP1_P3_3|FOXP1_P2_4,FOXP1|FOXP1,0,-0.009889,0.1042
FOXP1_P3_4|FOXP1_P2_5,FOXP1|FOXP1,0,-0.003558,0.1068
FOXP1_P3_5,FOXP1,0,-0.004675,0.1492
FOXP1_P3_6,FOXP1,0,-0.008027,0.1215
FOXP1_P4_1,FOXP1,0,-7.103e-05,0.1326
FOXP1_P4_2,FOXP1,0,-0.04209,0.2248
FOXP1_P4_3,FOXP1,0,-0.007995,0.1247
FOXP1_P4_4,FOXP1,0,-0.05438,0.2845
FOXP1_P4_5,FOXP1,0,-0.0165,0.2496
FOXP1_P4_6,FOXP1,0,-0.004193,0.08244
FOXP2_P1_1,FOXP2,0,-0.008241,0.1269
FOXP2_P1_2,FOXP2,0,-0.009257,0.1659
FOXP2_P1_3,FOXP2,0,-0.000735,0.1165
FOXP2_P1_4,FOXP2,0,0.002454,0.1071
FOXP2_P1_5,FOXP2,0,-0.006995,0.1079
FOXP2_P1_6,FOXP2,0,-0.003559,0.1236
FOXP2_P2_1,FOXP2,0,-0.003016,0.1533
FOXP2_P2_2,FOXP2,0,-0.01551,0.1603
FOXP2_P2_3,FOXP2,0,-0.026,0.254
FOXP2_P2_4,FOXP2,0,-0.008606,0.1228
FOXP2_P2_5,FOXP2,0,-0.004032,0.1247
FOXP2_P2_6,FOXP2,0,-3.033e-05,0.1068
FOXP3_1,FOXP3,0,-0.007348,0.204
FOXP3_2,FOXP3,0,0.002199,0.1255
FOXP3_3,FOXP3,0,-0.002406,0.09405
FOXP3_5,FOXP3,0,-0.004773,0.118
FOXP3_6,FOXP3,0,-0.01089,0.1208
FOXP4_1,FOXP4,0,-0.01301,0.1483
FOXP4_2,FOXP4,0,-0.01034,0.2133
FOXP4_3,FOXP4,0,-0.00951,0.1648
FOXP4_4,FOXP4,0,-0.01552,0.2472
FOXP4_5,FOXP4,0,0.001073,0.09223
FOXP4_6,FOXP4,0,0.002232,0.09047
FOXQ1_1,FOXQ1,0,-0.02422,0.2818
FOXQ1_2,FOXQ1,0,-0.01874,0.154
FOXQ1_3,FOXQ1,0,-0.01826,0.1677
FOXQ1_4,FOXQ1,0,-0.001517,0.1121
FOXQ1_5,FOXQ1,0,-0.00331,0.117
FOXQ1_6,FOXQ1,0,-0.01587,0.1737
FOXR1_1,FOXR1,0,-0.00741,0.1207
FOXR1_2,FOXR1,0,-0.003352,0.1115
FOXR1_3,FOXR1,0,-0.01035,0.2281
FOXR1_4,FOXR1,0,0.007482,0.1101
FOXR1_5,FOXR1,0,-0.007583,0.1203
FOXR1_6,FOXR1,0,0.001329,0.08268
FOXR2_1,FOXR2,0,-0.005837,0.08905
FOXR2_2,FOXR2,0,-0.009422,0.1755
FOXR2_3,FOXR2,0,-0.03163,0.2104
FOXR2_4,FOXR2,0,0.004374,0.1837
FOXR2_5,FOXR2,0,-0.02439,0.2193
FOXR2_6,FOXR2,0,0.0005496,0.1004
FOXS1_1,FOXS1,0,0.003043,0.1907
FOXS1_2,FOXS1,0,-0.01288,0.1324
FOXS1_3,FOXS1,0,-0.003029,0.1149
FOXS1_4,FOXS1,0,-0.005382,0.2505
FOXS1_5,FOXS1,0,-0.000829,0.06917
FOXS1_6,FOXS1,0,0.004361,0.09815
FUBP1_1,FUBP1,0,-0.04943,0.3089
FUBP1_2,FUBP1,0,-0.06413,0.3347
FUBP1_3,FUBP1,0,-0.02425,0.2149
FUBP1_4,FUBP1,0,0.000247,0.1184
FUBP1_5,FUBP1,0,0.0004574,0.05321
FUBP1_6,FUBP1,0,-0.009072,0.07686
FUBP3_1,FUBP3,0,-0.03604,0.356
FUBP3_2,FUBP3,0,-0.04536,0.3351
FUBP3_3,FUBP3,0,-0.01396,0.1923
FUBP3_4,FUBP3,0,-0.00837,0.1657
FUBP3_5,FUBP3,0,-0.01155,0.1397
FUBP3_6,FUBP3,0,-0.01573,0.2092
FXN_1,FXN,0,-0.2927,0.4734
FXN_2,FXN,0,-0.2295,0.6453
FXN_3,FXN,0,-0.3395,0.3398
FXN_4,FXN,0,-0.04352,0.3256
FXN_6,FXN,0,-0.007043,0.09871
GABPA_1,GABPA,0,-0.0004343,0.1683
GABPA_2,GABPA,0,-0.006006,0.1404
GABPA_3,GABPA,0,-0.233,0.5576
GABPA_4,GABPA,0,-0.02348,0.191
GABPA_5,GABPA,0,-0.007719,0.1094
GABPA_6,GABPA,0,-0.0018,0.05564
GABPB1_1,GABPB1,0,-0.02338,0.1661
GABPB1_2,GABPB1,0,0.00477,0.1741
GABPB1_3,GABPB1,0,-0.005167,0.1143
GABPB1_4,GABPB1,0,-0.02719,0.2554
GABPB1_5,GABPB1,0,-0.003693,0.1288
GABPB1_6,GABPB1,0,-0.004497,0.1061
GAS7_1,GAS7,0,-0.03164,0.2264
GAS7_2,GAS7,0,-0.01043,0.1311
GAS7_3,GAS7,0,-0.02881,0.2951
GAS7_4,GAS7,0,-0.002536,0.1134
GAS7_5,GAS7,0,-0.02384,0.1283
GAS7_6,GAS7,0,-0.004379,0.1013
GATA1_1,GATA1,0,-0.02206,0.1869
GATA1_2,GATA1,0,-0.02857,0.2282
GATA1_3,GATA1,0,-0.01221,0.2067
GATA1_4,GATA1,0,-0.002942,0.07857
GATA1_5,GATA1,0,-0.02039,0.1985
GATA1_6,GATA1,0,-0.003007,0.09135
GATA2_P1_2,GATA2,0,-0.01612,0.1422
GATA2_P1_3,GATA2,0,-0.006536,0.1725
GATA2_P1_4,GATA2,0,0.003452,0.1284
GATA2_P1_5,GATA2,0,-0.01369,0.1084
GATA2_P1_6,GATA2,0,-0.02306,0.1597
GATA2_P2_1,GATA2,0,-0.00796,0.1232
GATA2_P2_2,GATA2,0,-0.005599,0.1054
GATA2_P2_3,GATA2,0,-0.003615,0.1741
GATA2_P2_4,GATA2,0,-0.0558,0.3387
GATA2_P2_5,GATA2,0,0.0006014,0.1248
GATA2_P2_6,GATA2,0,-0.001145,0.04923
GATA3_1,GATA3,0,4.575e-05,0.12
GATA3_2,GATA3,0,-0.02824,0.2068
GATA3_3,GATA3,0,-0.003447,0.1529
GATA3_4,GATA3,0,-0.0123,0.2352
GATA3_5,GATA3,0,-0.007773,0.09171
GATA3_6,GATA3,0,-0.008941,0.1215
GATA4_1,GATA4,0,-0.01224,0.205
GATA4_2,GATA4,1,0.01041,0.236
GATA4_3,GATA4,1,-0.006261,0.1245
GATA4_4,GATA4,0,-0.02311,0.2728
GATA4_5,GATA4,1,-0.007917,0.2166
GATA4_6,GATA4,1,-0.001515,0.09674
GATA5_1,GATA5,0,-0.007015,0.1561
GATA5_2,GATA5,0,-0.01328,0.2047
GATA5_3,GATA5,0,-0.01584,0.09855
GATA5_4,GATA5,0,-0.04289,0.384
GATA5_5,GATA5,0,0.00243,0.09471
GATA5_6,GATA5,0,-0.001556,0.1087
GATA6_1,GATA6,0,-0.0003342,0.1478
GATA6_2,GATA6,0,-0.01048,0.15
GATA6_3,GATA6,0,-0.01356,0.1536
GATA6_4,GATA6,0,-0.0008416,0.1631
GATA6_5,GATA6,0,-0.004791,0.1746
GATA6_6,GATA6,0,-0.01902,0.207
GATA6_TSS_1,GATA6_TSS,0,-0.01911,0.1488
GATA6_TSS_2,GATA6_TSS,0,0.001151,0.1717
GATA6_TSS_3,GATA6_TSS,0,-0.01405,0.1976
GATA6_TSS_4,GATA6_TSS,0,-0.01433,0.2791
GATA6_TSS_5,GATA6_TSS,0,-0.0009106,0.1793
GATA6_TSS_6,GATA6_TSS,0,-0.002037,0.09543
GATAD1_1,GATAD1,0,1.235e-05,0.1264
GATAD1_2,GATAD1,0,0.005963,0.1382
GATAD1_3,GATAD1,1,-0.0105,0.1282
GATAD1_4,GATAD1,1,-0.01462,0.2001
GATAD1_5,GATAD1,0,-0.004572,0.07428
GATAD1_6,GATAD1,0,-0.01877,0.08019
GATAD2A_P1_1,GATAD2A,0,-0.01008,0.1862
GATAD2A_P1_2,GATAD2A,0,-0.05299,0.3608
GATAD2A_P1_3,GATAD2A,1,-0.03765,0.2988
GATAD2A_P1_4,GATAD2A,0,-0.02782,0.258
GATAD2A_P1_5,GATAD2A,1,0.001337,0.1364
GATAD2A_P1_6,GATAD2A,0,0.003702,0.09256
GATAD2A_P2_1,GATAD2A,0,0.0003765,0.1209
GATAD2A_P2_2,GATAD2A,0,-0.02697,0.2878
GATAD2A_P2_3,GATAD2A,0,-0.04397,0.3068
GATAD2A_P2_4,GATAD2A,0,-0.006592,0.1402
GATAD2A_P2_5,GATAD2A,0,0.007563,0.2419
GATAD2A_P2_6,GATAD2A,0,-0.0276,0.2379
GATAD2B_1,GATAD2B,0,-0.009501,0.1379
GATAD2B_2,GATAD2B,0,-0.03953,0.2192
GATAD2B_3,GATAD2B,0,-0.03443,0.3175
GATAD2B_4,GATAD2B,0,-0.005729,0.09363
GATAD2B_5,GATAD2B,0,-0.004102,0.1162
GATAD2B_6,GATAD2B,0,-0.003321,0.1016
GBX1_P1_1,GBX1,0,-0.02319,0.163
GBX1_P1_2,GBX1,0,-0.01191,0.1371
GBX1_P1_3,GBX1,0,-0.01255,0.1457
GBX1_P1_4,GBX1,0,-0.007305,0.1171
GBX1_P1_5,GBX1,0,-0.0005492,0.1818
GBX1_P1_6,GBX1,0,0.003417,0.076
GBX1_P2_1,GBX1,0,-0.02671,0.2102
GBX1_P2_2,GBX1,0,0.001292,0.2021
GBX1_P2_3,GBX1,0,-0.01552,0.2475
GBX1_P2_4,GBX1,0,-0.02333,0.1904
GBX1_P2_5,GBX1,0,-0.003064,0.08902
GBX1_P2_6,GBX1,0,-0.007014,0.07967
GBX2_1,GBX2,0,-0.02173,0.2141
GBX2_2,GBX2,0,-0.02096,0.1704
GBX2_3,GBX2,0,-0.02892,0.2721
GBX2_4,GBX2,0,-0.0008653,0.1976
GBX2_5,GBX2,0,-0.0007229,0.1102
GBX2_6,GBX2,0,0.004087,0.09747
GCFC2_1,GCFC2,0,-0.02434,0.1567
GCFC2_2,GCFC2,0,-0.008733,0.1576
GCFC2_3,GCFC2,0,-0.004061,0.2541
GCFC2_4,GCFC2,0,-0.01133,0.1705
GCFC2_5,GCFC2,0,-0.002742,0.05806
GCFC2_6,GCFC2,0,-0.01164,0.08489
GCM1_1,GCM1,0,-0.01735,0.1825
GCM1_2,GCM1,0,-0.01812,0.1404
GCM1_3,GCM1,0,0.001544,0.119
GCM1_4,GCM1,0,-0.01561,0.1697
GCM1_5,GCM1,0,-0.006864,0.1313
GCM1_6,GCM1,0,-0.001168,0.1104
GCM2_1,GCM2,0,-0.01049,0.1297
GCM2_2,GCM2,0,-0.05091,0.4293
GCM2_3,GCM2,0,-0.06014,0.2921
GCM2_4,GCM2,0,-0.01814,0.1612
GCM2_5,GCM2,0,0.0001739,0.1216
GCM2_6,GCM2,0,-0.01416,0.1217
GFI1B_1,GFI1B,0,-0.0006153,0.1142
GFI1B_2,GFI1B,0,0.0007013,0.1422
GFI1B_3,GFI1B,0,-0.009577,0.121
GFI1B_4,GFI1B,0,-0.01064,0.1885
GFI1B_5,GFI1B,0,-0.01237,0.1034
GFI1B_6,GFI1B,0,0.005154,0.09482
GFI1_P1_1,GFI1,0,-0.008019,0.1546
GFI1_P1_2,GFI1,0,-0.006363,0.1143
GFI1_P1_3,GFI1,0,-0.01341,0.131
GFI1_P1_4,GFI1,0,-0.003653,0.1925
GFI1_P1_5,GFI1,0,-0.002189,0.06229
GFI1_P1_6,GFI1,0,0.002936,0.1643
GFI1_P2_1,GFI1,0,-0.008264,0.2271
GFI1_P2_2,GFI1,0,-0.008756,0.2413
GFI1_P2_3,GFI1,0,-0.02045,0.2659
GFI1_P2_4,GFI1,0,-0.03666,0.3408
GFI1_P2_5,GFI1,0,0.00254,0.1023
GFI1_P2_6,GFI1,0,0.002706,0.1324
GLI1_1,GLI1,0,0.00435,0.1695
GLI1_2,GLI1,0,-0.004386,0.1317
GLI1_3,GLI1,0,0.001679,0.1505
GLI1_4,GLI1,0,-0.02819,0.1652
GLI1_5,GLI1,0,-0.007373,0.09152
GLI1_6,GLI1,0,0.00115,0.09954
GLI2_P1_1,GLI2,0,-0.0007494,0.1199
GLI2_P1_2,GLI2,0,0.001584,0.1707
GLI2_P1_3,GLI2,0,0.004916,0.207
GLI2_P1_4,GLI2,0,0.005515,0.1304
GLI2_P1_5,GLI2,0,0.002775,0.06077
GLI2_P1_6,GLI2,0,-0.004521,0.1268
GLI2_P2_1,GLI2,0,0.0008205,0.1349
GLI2_P2_2,GLI2,0,-0.01001,0.109
GLI2_P2_3,GLI2,0,0.003559,0.1205
GLI2_P2_4,GLI2,0,-0.0216,0.1791
GLI2_P2_5,GLI2,0,0.01503,0.2136
GLI2_P2_6,GLI2,0,-0.0001033,0.07065
GLI3_1,GLI3,0,-0.001266,0.1166
GLI3_2,GLI3,0,-0.004945,0.133
GLI3_3,GLI3,0,-0.02108,0.1318
GLI3_4,GLI3,0,-0.03672,0.2419
GLI3_5,GLI3,0,0.001016,0.08647
GLI3_6,GLI3,0,-0.006509,0.09333
GLI4_1,GLI4,0,-0.001923,0.1272
GLI4_2,GLI4,0,-0.01424,0.1697
GLI4_3,GLI4,0,0.000986,0.2044
GLI4_4,GLI4,0,-0.05694,0.3276
GLI4_5,GLI4,0,0.00198,0.1018
GLI4_6,GLI4,0,-0.004923,0.1307
GLIS1_1,GLIS1,0,0.008134,0.0957
GLIS1_2,GLIS1,0,-0.001906,0.1111
GLIS1_3,GLIS1,0,0.006025,0.1338
GLIS1_4,GLIS1,0,-0.001406,0.1551
GLIS1_5,GLIS1,0,-0.004168,0.09035
GLIS1_6,GLIS1,0,0.003148,0.09103
GLIS2_1,GLIS2,0,0.007034,0.1163
GLIS2_2,GLIS2,0,-0.004258,0.1685
GLIS2_3,GLIS2,0,-0.08684,0.3731
GLIS2_4,GLIS2,0,-0.01293,0.1593
GLIS2_5,GLIS2,0,-0.01636,0.12
GLIS2_6,GLIS2,0,-0.02381,0.1671
GLIS3_1,GLIS3,0,0.00396,0.1335
GLIS3_2,GLIS3,0,-0.0008852,0.2085
GLIS3_3,GLIS3,0,-0.01491,0.1526
GLIS3_4,GLIS3,0,-0.0519,0.4414
GLIS3_5,GLIS3,0,-0.008137,0.1488
GLIS3_6,GLIS3,0,-0.005009,0.1243
GLYR1_1,GLYR1,0,-0.005545,0.1349
GLYR1_2,GLYR1,0,-0.005513,0.142
GLYR1_3,GLYR1,0,-0.00707,0.3047
GLYR1_4,GLYR1,0,-0.01413,0.1583
GLYR1_5,GLYR1,0,-0.004828,0.1162
GLYR1_6,GLYR1,0,-0.002407,0.06822
GMEB1_1,GMEB1,0,-0.002121,0.1323
GMEB1_2,GMEB1,0,0.004546,0.1274
GMEB1_3,GMEB1,0,-0.002205,0.1767
GMEB1_4,GMEB1,0,-0.02729,0.3497
GMEB1_5,GMEB1,0,-0.01119,0.1363
GMEB1_6,GMEB1,0,-0.02913,0.1324
GMEB2_1,GMEB2,0,-0.0344,0.3047
GMEB2_2,GMEB2,0,-0.03561,0.387
GMEB2_3,GMEB2,0,-0.006187,0.1409
GMEB2_4,GMEB2,0,-0.01328,0.118
GMEB2_5,GMEB2,0,-0.007819,0.1515
GMEB2_6,GMEB2,0,0.00508,0.1331
GON4L_P1_1,GON4L,0,-0.01004,0.1426
GON4L_P1_2,GON4L,0,-0.003319,0.1477
GON4L_P1_3,GON4L,0,-0.02216,0.1482
GON4L_P1_4,GON4L,0,-0.0003535,0.2103
GON4L_P1_5,GON4L,0,-0.004273,0.1165
GON4L_P1_6,GON4L,0,-0.002148,0.1056
GON4L_P2_1,GON4L,1,-0.008006,0.1383
GON4L_P2_2,GON4L,1,0.003731,0.09724
GON4L_P2_3,GON4L,0,-0.01637,0.2284
GON4L_P2_4,GON4L,0,-0.00914,0.2754
GON4L_P2_5,GON4L,1,-4.53e-05,0.1201
GON4L_P2_6,GON4L,0,-0.0005477,0.05349
GPBP1L1_1,GPBP1L1,0,-0.03539,0.3633
GPBP1L1_2,GPBP1L1,0,-0.004182,0.145
GPBP1L1_3,GPBP1L1,0,-0.00302,0.1093
GPBP1L1_4,GPBP1L1,0,-0.007891,0.08128
GPBP1L1_5,GPBP1L1,0,-0.001691,0.08591
GPBP1L1_6,GPBP1L1,0,0.0002811,0.1267
GPBP1_1,GPBP1,0,-0.01199,0.117
GPBP1_2,GPBP1,0,0.01526,0.166
GPBP1_3,GPBP1,0,-0.02672,0.2441
GPBP1_4,GPBP1,0,-0.001832,0.04254
GPBP1_5,GPBP1,0,-0.005463,0.07479
GPBP1_6,GPBP1,0,-0.003048,0.1076
GRHL1_1,GRHL1,0,-0.002318,0.1939
GRHL1_2,GRHL1,0,-0.006649,0.2238
GRHL1_3,GRHL1,0,-0.01121,0.1392
GRHL1_4,GRHL1,0,-0.005846,0.1877
GRHL1_5,GRHL1,0,0.002543,0.07217
GRHL1_6,GRHL1,0,-0.01153,0.1174
GRHL2_1,GRHL2,1,-0.009416,0.1504
GRHL2_2,GRHL2,0,-0.01017,0.1979
GRHL2_3,GRHL2,1,-0.01081,0.1775
GRHL2_4,GRHL2,1,-0.003828,0.09552
GRHL2_5,GRHL2,1,0.001347,0.07186
GRHL2_6,GRHL2,1,0.0006089,0.09141
GRHL3_1,GRHL3,0,0.0008801,0.1632
GRHL3_2,GRHL3,0,0.0007134,0.1449
GRHL3_3,GRHL3,0,-0.04184,0.2456
GRHL3_4,GRHL3,0,0.005563,0.218
GRHL3_5,GRHL3,0,-0.01411,0.1889
GRHL3_6,GRHL3,0,0.001336,0.07345
GSC2_1,GSC2,0,-0.01076,0.2606
GSC2_2,GSC2,0,-0.01438,0.1365
GSC2_3,GSC2,0,-0.03299,0.261
GSC2_4,GSC2,0,0.008029,0.106
GSC2_5,GSC2,0,0.006863,0.08133
GSC2_6,GSC2,0,0.005134,0.107
GSC_1,GSC,0,-0.01213,0.1933
GSC_2,GSC,0,-0.0377,0.2612
GSC_3,GSC,0,-0.006562,0.1855
GSC_4,GSC,0,-0.004192,0.1024
GSC_5,GSC,0,0.003886,0.065
GSC_6,GSC,0,-0.003723,0.09112
GSX1_1,GSX1,0,-0.01336,0.1397
GSX1_2,GSX1,0,0.01042,0.3052
GSX1_3,GSX1,0,-0.04107,0.3026
GSX1_4,GSX1,0,-0.0002079,0.2037
GSX1_5,GSX1,0,-0.00798,0.1074
GSX1_6,GSX1,0,-0.002159,0.09641
GSX2_1,GSX2,0,-0.03648,0.3003
GSX2_2,GSX2,0,0.007465,0.2432
GSX2_3,GSX2,0,0.001951,0.154
GSX2_4,GSX2,0,-0.01488,0.217
GSX2_5,GSX2,0,-0.00152,0.08075
GSX2_6,GSX2,0,-0.01187,0.134
GTF2A1L_1,GTF2A1L,0,-0.00448,0.152
GTF2A1L_2,GTF2A1L,0,-0.01766,0.1333
GTF2A1L_3,GTF2A1L,0,-0.01385,0.1763
GTF2A1L_4,GTF2A1L,0,-0.0001809,0.1183
GTF2A1L_5,GTF2A1L,0,-0.2056,0.6721
GTF2A1L_6,GTF2A1L,0,0.005675,0.1517
GTF2A1_1,GTF2A1,0,-0.01894,0.2725
GTF2A1_2,GTF2A1,0,0.008815,0.1481
GTF2A1_3,GTF2A1,0,-0.02197,0.2671
GTF2A1_4,GTF2A1,0,-0.01773,0.1895
GTF2A1_5,GTF2A1,0,-0.006523,0.05754
GTF2A1_6,GTF2A1,0,-0.003407,0.1405
GTF2A2_1,GTF2A2,0,-0.2104,0.4712
GTF2A2_2,GTF2A2,1,-0.005847,0.2818
GTF2A2_3,GTF2A2,0,-0.01838,0.2454
GTF2A2_4,GTF2A2,0,-0.009971,0.2698
GTF2A2_5,GTF2A2,1,-0.004892,0.07795
GTF2A2_6,GTF2A2,0,-0.003835,0.07312
GTF2B_2,GTF2B,0,-0.2406,0.6085
GTF2B_3,GTF2B,0,-0.05193,0.5459
GTF2B_5,GTF2B,0,-0.1662,0.7341
GTF2B_6,GTF2B,0,-0.01025,0.1727
GTF2E1_1,GTF2E1,0,-0.02706,0.3349
GTF2E1_2,GTF2E1,0,-0.00662,0.2802
GTF2E1_3,GTF2E1,0,-0.04597,0.2498
GTF2E1_4,GTF2E1,0,-0.01599,0.2635
GTF2E1_5,GTF2E1,0,-0.00899,0.1145
GTF2E1_6,GTF2E1,0,0.001719,0.119
GTF2F1_2,GTF2F1,0,-0.2236,0.7177
GTF2F1_3,GTF2F1,0,-0.3071,0.4788
GTF2F1_4,GTF2F1,0,-0.02199,0.3132
GTF2F1_5,GTF2F1,0,-0.003623,0.07492
GTF2F1_6,GTF2F1,0,0.005765,0.1025
GTF2F2_2,GTF2F2,0,-0.08275,0.6767
GTF2F2_3,GTF2F2,0,-0.0271,0.3229
GTF2F2_4,GTF2F2,0,-0.02261,0.3182
GTF2F2_5,GTF2F2,0,-0.01703,0.2425
GTF2F2_6,GTF2F2,0,-0.003348,0.1588
GTF2H1_1,GTF2H1,0,-0.2422,0.6411
GTF2H1_2,GTF2H1,0,-0.04236,0.2974
GTF2H1_3,GTF2H1,0,0.002924,0.0731
GTF2H1_4,GTF2H1,0,-0.01897,0.1652
GTF2H1_5,GTF2H1,0,-0.008588,0.1176
GTF2H1_6,GTF2H1,0,-0.007749,0.182
GTF2H2_2,GTF2H2,0,-0.188,0.601
GTF2H2_3,GTF2H2,0,-0.00223,0.17
GTF2H2_4,GTF2H2,0,0.002352,0.2332
GTF2H2_5,GTF2H2,0,-0.01857,0.1809
GTF2H2_6,GTF2H2,0,-0.004937,0.1542
GTF2H3_1,GTF2H3,0,-0.07066,0.5722
GTF2H3_2,GTF2H3,0,-0.01429,0.3008
GTF2H3_3,GTF2H3,0,-0.01587,0.1436
GTF2H3_4,GTF2H3,0,-0.05916,0.4441
GTF2H3_5,GTF2H3,0,-0.002798,0.1847
GTF2H3_6,GTF2H3,0,-0.0001133,0.1233
GTF2IRD1_1,GTF2IRD1,0,0.002916,0.3263
GTF2IRD1_2,GTF2IRD1,0,-0.01944,0.1793
GTF2IRD1_3,GTF2IRD1,0,-0.005302,0.2034
GTF2IRD1_4,GTF2IRD1,0,-0.236,0.3974
GTF2IRD1_5,GTF2IRD1,0,-0.007961,0.1033
GTF2IRD1_6,GTF2IRD1,0,-0.00772,0.1023
GTF2IRD2B_1,GTF2IRD2B,0,-0.002812,0.1421
GTF2IRD2B_2|GTF2IRD2_2,GTF2IRD2B|GTF2IRD2,0,-0.002029,0.08643
GTF2IRD2B_3,GTF2IRD2B,0,-0.02529,0.1905
GTF2IRD2B_4|GTF2IRD2_3,GTF2IRD2B|GTF2IRD2,0,-7.768e-05,0.1783
GTF2IRD2B_5|GTF2IRD2_5,GTF2IRD2B|GTF2IRD2,0,-0.01446,0.09552
GTF2IRD2B_6,GTF2IRD2B,0,-0.0007241,0.09528
GTF2IRD2_1,GTF2IRD2,0,-0.01493,0.1876
GTF2IRD2_4,GTF2IRD2,0,-0.0245,0.1894
GTF2IRD2_6,GTF2IRD2,0,-0.01332,0.1496
GTF2I_1,GTF2I,0,-0.0116,0.1517
GTF2I_2,GTF2I,0,0.006705,0.1309
GTF2I_3,GTF2I,0,-0.02588,0.2486
GTF2I_4,GTF2I,0,-0.001778,0.1357
GTF2I_5,GTF2I,0,0.0004373,0.08941
GTF2I_6,GTF2I,0,-0.002453,0.06043
GTF3A_1,GTF3A,0,-0.01967,0.1696
GTF3A_2,GTF3A,0,-0.004672,0.1198
GTF3A_3,GTF3A,0,-0.004348,0.1267
GTF3A_4,GTF3A,0,-0.002551,0.1097
GTF3A_5,GTF3A,0,0.001774,0.06819
GTF3A_6,GTF3A,0,0.002389,0.1178
GTF3C3_1,GTF3C3,0,-0.07472,0.6104
GTF3C3_2,GTF3C3,0,-0.1254,0.5948
GTF3C3_4,GTF3C3,0,-0.02995,0.4097
GTF3C3_5,GTF3C3,0,-0.05123,0.3941
GTF3C3_6,GTF3C3,0,-0.0447,0.375
GZF1_1,GZF1,0,-0.004093,0.1234
GZF1_2,GZF1,0,-0.01381,0.1522
GZF1_3,GZF1,0,-0.04649,0.2622
GZF1_4,GZF1,0,0.003184,0.1273
GZF1_5,GZF1,0,0.001616,0.1198
GZF1_6,GZF1,0,-0.001417,0.06759
HAND1_1,HAND1,0,-0.006108,0.1375
HAND1_2,HAND1,0,-0.01559,0.1698
HAND1_3,HAND1,0,-0.0005896,0.08369
HAND1_4,HAND1,0,-0.01351,0.1972
HAND1_5,HAND1,0,-0.002591,0.1059
HAND1_6,HAND1,0,-0.002463,0.1424
HAND2_P1_1,HAND2,0,-0.04743,0.4055
HAND2_P1_2,HAND2,0,-0.002049,0.1266
HAND2_P1_3,HAND2,0,-0.007772,0.1239
HAND2_P1_4,HAND2,0,-0.003438,0.201
HAND2_P1_5,HAND2,0,0.004025,0.09198
HAND2_P1_6,HAND2,0,-0.004931,0.06443
HAND2_P2_1,HAND2,0,-0.01189,0.1178
HAND2_P2_2,HAND2,0,-0.01694,0.15
HAND2_P2_3,HAND2,0,-0.002075,0.09624
HAND2_P2_4,HAND2,0,-0.00535,0.1244
HAND2_P2_5,HAND2,0,-0.01456,0.1307
HAND2_P2_6,HAND2,0,-0.007371,0.1699
HBP1_1,HBP1,0,-0.002848,0.07181
HBP1_2,HBP1,0,-0.01447,0.1786
HBP1_3,HBP1,0,0.0004468,0.1237
HBP1_4,HBP1,0,-0.006605,0.1543
HBP1_5,HBP1,0,4.481e-05,0.06714
HBP1_6,HBP1,0,-0.0173,0.1327
HCFC1_1,HCFC1,0,-0.01572,0.1929
HCFC1_2,HCFC1,0,-0.008813,0.1033
HCFC1_3,HCFC1,0,-0.02748,0.2223
HCFC1_4,HCFC1,0,-0.01211,0.1587
HCFC1_5,HCFC1,0,0.001439,0.07412
HCFC1_6,HCFC1,0,-0.0008635,0.03659
HCLS1_1,HCLS1,0,-0.001958,0.1636
HCLS1_2,HCLS1,0,-0.01501,0.1959
HCLS1_3,HCLS1,0,0.002105,0.08359
HCLS1_4,HCLS1,0,-0.009666,0.1229
HCLS1_5,HCLS1,0,-0.02758,0.16
HCLS1_6,HCLS1,0,-0.002807,0.1209
HDAC1_1,HDAC1,0,-0.01777,0.1501
HDAC1_2,HDAC1,0,-0.04631,0.2729
HDAC1_3,HDAC1,0,-0.01131,0.2069
HDAC1_4,HDAC1,0,-0.01208,0.1283
HDAC1_5,HDAC1,0,-0.006932,0.115
HDAC1_6,HDAC1,0,-0.002713,0.1965
HDAC3_1,HDAC3,0,-0.004456,0.1153
HDAC3_2,HDAC3,0,-0.01043,0.2277
HDAC3_3,HDAC3,0,0.0008809,0.1823
HDAC3_4,HDAC3,0,-0.01344,0.2477
HDAC3_5,HDAC3,0,0.0005816,0.06259
HDAC3_6,HDAC3,0,0.00613,0.09401
HDAC4_1,HDAC4,0,0.004328,0.1361
HDAC4_2,HDAC4,0,-0.003364,0.1409
HDAC4_3,HDAC4,0,-0.01308,0.1768
HDAC4_4,HDAC4,0,-0.00626,0.1956
HDAC4_5,HDAC4,0,-0.01132,0.1301
HDAC4_6,HDAC4,0,0.0004772,0.1128
HDAC5_1,HDAC5,0,0.004195,0.06903
HDAC5_2,HDAC5,0,0.003575,0.1445
HDAC5_3,HDAC5,0,0.0007923,0.1678
HDAC5_4,HDAC5,0,-0.0003235,0.09656
HDAC5_5,HDAC5,0,0.009991,0.1642
HDAC5_6,HDAC5,0,-0.003928,0.1307
HDGF_1,HDGF,0,0.006605,0.16
HDGF_2,HDGF,0,-0.02172,0.1994
HDGF_3,HDGF,0,-0.01657,0.2773
HDGF_4,HDGF,0,-0.1108,0.4406
HDGF_5,HDGF,0,-0.002624,0.07918
HDGF_6,HDGF,0,-0.0005428,0.09159
HDX_1,HDX,0,0.001234,0.0856
HDX_2,HDX,0,-0.01226,0.1284
HDX_3,HDX,0,-0.01226,0.3537
HDX_4,HDX,0,-0.003363,0.07898
HDX_5,HDX,0,0.001184,0.05958
HDX_6,HDX,0,-0.00833,0.1446
HELT_1,HELT,0,-0.02501,0.1705
HELT_2,HELT,0,-0.009052,0.1934
HELT_3,HELT,0,-0.01484,0.1512
HELT_4,HELT,0,-0.01295,0.133
HELT_5,HELT,0,0.0006298,0.1405
HELT_6,HELT,0,0.002433,0.08496
HELZ2_P1_1,HELZ2,0,-0.01168,0.1125
HELZ2_P1_2,HELZ2,0,-0.003011,0.129
HELZ2_P1_3,HELZ2,0,-0.0237,0.2974
HELZ2_P1_4,HELZ2,0,-0.01959,0.3715
HELZ2_P1_5,HELZ2,0,-0.00527,0.09824
HELZ2_P1_6,HELZ2,0,-0.005022,0.075
HELZ2_P2_1,HELZ2,0,-0.04931,0.272
HELZ2_P2_2,HELZ2,0,-0.008335,0.1896
HELZ2_P2_3,HELZ2,0,3.048e-05,0.3809
HELZ2_P2_4,HELZ2,0,-0.0553,0.3415
HELZ2_P2_5,HELZ2,0,-0.00949,0.186
HELZ2_P2_6,HELZ2,0,-0.02238,0.2233
HES1_1,HES1,0,-0.0645,0.388
HES1_2,HES1,0,-0.02475,0.1704
HES1_3,HES1,0,-0.03185,0.5191
HES1_4,HES1,1,-0.02193,0.1928
HES1_5,HES1,0,-0.04284,0.2391
HES1_6,HES1,1,-0.02807,0.2869
HES2_P1_1,HES2,0,-0.01411,0.133
HES2_P1_2,HES2,0,-0.001947,0.08907
HES2_P1_3,HES2,0,-0.02977,0.2088
HES2_P1_4,HES2,0,-0.01978,0.2072
HES2_P1_5,HES2,0,0.000585,0.05214
HES2_P1_6,HES2,0,-0.01282,0.1729
HES2_P2_1,HES2,0,-0.005041,0.07456
HES2_P2_2,HES2,0,-0.004357,0.1094
HES2_P2_3,HES2,0,-0.02629,0.2084
HES2_P2_4,HES2,0,-0.000756,0.1533
HES2_P2_5,HES2,0,0.003383,0.07841
HES2_P2_6,HES2,0,0.001616,0.1082
HES3_1,HES3,0,-0.002652,0.1607
HES3_2,HES3,0,-0.01248,0.1531
HES3_3,HES3,0,-0.01647,0.1846
HES3_4,HES3,0,-0.004893,0.1214
HES3_5,HES3,0,-0.006082,0.1129
HES3_6,HES3,0,-0.009558,0.07582
HES4_1,HES4,0,-0.01367,0.1626
HES4_2,HES4,0,-0.013,0.1852
HES4_3,HES4,0,-0.009517,0.2532
HES4_4,HES4,0,-0.01407,0.1343
HES4_5,HES4,0,-0.006264,0.08232
HES4_6,HES4,0,-0.007006,0.1476
HES5_1,HES5,0,-0.0009189,0.1269
HES5_2,HES5,0,-0.006619,0.09046
HES5_3,HES5,0,0.0006311,0.2351
HES5_4,HES5,0,-0.02036,0.308
HES5_5,HES5,0,-0.00182,0.07525
HES5_6,HES5,0,-0.002708,0.07571
HES6_1,HES6,0,-0.003887,0.1724
HES6_2,HES6,0,6.1e-05,0.1411
HES6_3,HES6,0,-0.004662,0.06483
HES6_4,HES6,0,0.002604,0.1676
HES6_5,HES6,0,-0.005568,0.07737
HES6_6,HES6,0,-0.002051,0.1086
HES7_1,HES7,0,-0.03032,0.2499
HES7_2,HES7,0,-0.008579,0.1885
HES7_3,HES7,0,0.003518,0.2109
HES7_4,HES7,0,-0.0004426,0.1584
HES7_5,HES7,0,-0.001385,0.155
HES7_6,HES7,0,0.00114,0.05557
HESX1_P1_1,HESX1,0,-0.006254,0.1356
HESX1_P1_2,HESX1,0,0.005462,0.108
HESX1_P1_3,HESX1,0,0.0007378,0.1233
HESX1_P1_4,HESX1,0,-0.01524,0.1751
HESX1_P1_5,HESX1,0,-0.004576,0.1203
HESX1_P1_6,HESX1,0,-0.006982,0.09865
HESX1_P2_1,HESX1,0,-0.0216,0.1458
HESX1_P2_2,HESX1,0,-0.00303,0.09334
HESX1_P2_3,HESX1,0,-0.02462,0.1577
HESX1_P2_4,HESX1,0,-0.01862,0.2235
HESX1_P2_5,HESX1,0,-0.001936,0.1063
HESX1_P2_6,HESX1,0,-0.009176,0.1316
HEY1_1,HEY1,0,-0.009797,0.1584
HEY1_2,HEY1,0,-0.05305,0.2425
HEY1_3,HEY1,0,-0.03889,0.2144
HEY1_4,HEY1,0,-0.00359,0.1176
HEY1_5,HEY1,0,0.001041,0.1311
HEY1_6,HEY1,0,-0.0002163,0.2061
HEY2_1,HEY2,0,0.009777,0.1952
HEY2_2,HEY2,0,-0.001601,0.0866
HEY2_3,HEY2,0,-0.01678,0.1256
HEY2_4,HEY2,0,-0.04205,0.2705
HEY2_5,HEY2,0,-0.04382,0.231
HEY2_6,HEY2,0,-0.008964,0.1169
HEYL_1,HEYL,0,-0.007867,0.1786
HEYL_2,HEYL,0,-0.01014,0.1388
HEYL_3,HEYL,0,-0.0164,0.2058
HEYL_4,HEYL,0,-0.0106,0.1431
HEYL_5,HEYL,0,-0.005623,0.1752
HEYL_6,HEYL,0,-0.008544,0.1544
HHEX_1,HHEX,1,0.01326,0.1698
HHEX_2,HHEX,0,-0.01597,0.1991
HHEX_3,HHEX,0,-0.005651,0.2912
HHEX_4,HHEX,0,0.0007541,0.1616
HHEX_5,HHEX,0,-0.001384,0.07656
HHEX_6,HHEX,1,-0.002008,0.1594
HIC1_1,HIC1,0,-0.01439,0.1656
HIC1_2,HIC1,0,-0.01291,0.1586
HIC1_3,HIC1,0,-0.3853,0.2941
HIC1_4,HIC1,0,-0.003826,0.08104
HIC1_5,HIC1,0,-0.005862,0.1048
HIC1_6,HIC1,0,-0.003785,0.113
HIC2_P1_1,HIC2,0,-7.13e-05,0.2284
HIC2_P1_2,HIC2,1,-0.1068,0.4817
HIC2_P1_3,HIC2,1,0.0019,0.2275
HIC2_P1_4,HIC2,0,-0.02457,0.2743
HIC2_P1_5,HIC2,0,-0.001021,0.1432
HIC2_P1_6,HIC2,0,-0.006231,0.1806
HIC2_P2_1,HIC2,0,-0.02714,0.2576
HIC2_P2_2,HIC2,0,-0.003446,0.1039
HIC2_P2_3,HIC2,0,0.001999,0.08559
HIC2_P2_4,HIC2,0,0.003069,0.1095
HIC2_P2_5,HIC2,0,-0.003193,0.1604
HIC2_P2_6,HIC2,0,-0.00422,0.08907
HIF1A_1,HIF1A,0,-0.01395,0.1095
HIF1A_2,HIF1A,0,0.005204,0.1007
HIF1A_3,HIF1A,0,-0.002568,0.1821
HIF1A_4,HIF1A,0,-0.004493,0.1696
HIF1A_5,HIF1A,0,-0.001821,0.0788
HIF1A_6,HIF1A,0,-0.00864,0.228
HIF3A_P1_1,HIF3A,0,-0.006296,0.1397
HIF3A_P1_2,HIF3A,0,-0.006668,0.1623
HIF3A_P1_3,HIF3A,0,-0.01904,0.1965
HIF3A_P1_4,HIF3A,0,-0.05379,0.3367
HIF3A_P1_5,HIF3A,0,-0.02842,0.1662
HIF3A_P1_6,HIF3A,0,0.002367,0.06083
HIF3A_P2_1,HIF3A,0,-0.01209,0.1405
HIF3A_P2_2,HIF3A,0,-0.007329,0.136
HIF3A_P2_3,HIF3A,0,0.001181,0.1195
HIF3A_P2_4,HIF3A,0,-0.01056,0.1585
HIF3A_P2_5,HIF3A,0,3.66e-05,0.2041
HIF3A_P2_6,HIF3A,0,0.001413,0.0574
HINFP_1,HINFP,0,-0.3834,0.3803
HINFP_2,HINFP,0,-0.2827,0.7063
HINFP_4,HINFP,0,-0.3131,0.5226
HINFP_5,HINFP,0,-0.09573,0.5453
HINFP_6,HINFP,0,-0.1474,0.5435
HIRA_P1_1,HIRA,0,-0.2176,0.5479
HIRA_P1_2,HIRA,0,-0.3183,0.4518
HIRA_P1_3,HIRA,0,-0.02432,0.2322
HIRA_P1_4,HIRA,0,-0.01695,0.1353
HIRA_P1_5,HIRA,0,0.006089,0.1411
HIRA_P1_6,HIRA,0,-0.0005907,0.09386
HIRA_P2_1,HIRA,0,-0.001943,0.111
HIRA_P2_2,HIRA,0,-0.01925,0.1632
HIRA_P2_3,HIRA,0,-0.004479,0.1555
HIRA_P2_4,HIRA,0,-0.003243,0.1654
HIRA_P2_5,HIRA,0,-0.0007531,0.1553
HIRA_P2_6,HIRA,0,-0.0007463,0.0678
HIVEP1_1,HIVEP1,0,-0.0005677,0.1752
HIVEP1_2,HIVEP1,0,-0.01135,0.2108
HIVEP1_3,HIVEP1,0,-0.01463,0.2421
HIVEP1_4,HIVEP1,0,0.003278,0.1624
HIVEP1_5,HIVEP1,0,-0.02715,0.1162
HIVEP1_6,HIVEP1,0,0.01047,0.1998
HIVEP2_1,HIVEP2,0,-0.0009631,0.1273
HIVEP2_2,HIVEP2,0,-0.005318,0.09413
HIVEP2_3,HIVEP2,0,-0.005741,0.1195
HIVEP2_4,HIVEP2,0,-0.008432,0.2147
HIVEP2_5,HIVEP2,0,-0.004338,0.07156
HIVEP2_6,HIVEP2,0,-0.00198,0.06748
HIVEP3_P1_1|HIVEP3_P3_2,HIVEP3|HIVEP3,0,-0.004237,0.09655
HIVEP3_P1_2|HIVEP3_P3_6,HIVEP3|HIVEP3,0,-0.003652,0.07474
HIVEP3_P1_3,HIVEP3,0,-0.00105,0.1342
HIVEP3_P1_4,HIVEP3,0,-0.05244,0.2813
HIVEP3_P1_5,HIVEP3,0,-0.006651,0.07823
HIVEP3_P1_6,HIVEP3,0,-0.004737,0.1434
HIVEP3_P2_1,HIVEP3,0,-0.02569,0.1682
HIVEP3_P2_2,HIVEP3,0,-0.004845,0.1253
HIVEP3_P2_3,HIVEP3,0,-0.01237,0.1898
HIVEP3_P2_4,HIVEP3,0,-0.008564,0.2947
HIVEP3_P2_5,HIVEP3,0,-0.001056,0.137
HIVEP3_P2_6,HIVEP3,0,-0.008439,0.0779
HIVEP3_P3_1,HIVEP3,0,-0.02142,0.1869
HIVEP3_P3_3,HIVEP3,0,-0.004175,0.1842
HIVEP3_P3_4,HIVEP3,0,0.005464,0.1531
HIVEP3_P3_5,HIVEP3,0,-0.008032,0.117
HKR1_P1_1,HKR1,0,-0.00431,0.117
HKR1_P1_2,HKR1,0,-0.01956,0.2681
HKR1_P1_3,HKR1,0,-0.01268,0.1699
HKR1_P1_4,HKR1,0,0.009361,0.2737
HKR1_P1_5,HKR1,0,-0.01132,0.1245
HKR1_P1_6,HKR1,0,0.0006666,0.08441
HKR1_P2_1,HKR1,0,-0.008212,0.09096
HKR1_P2_2,HKR1,0,-0.01961,0.1996
HKR1_P2_3,HKR1,0,-0.0404,0.3019
HKR1_P2_4,HKR1,0,-0.01693,0.2501
HKR1_P2_5,HKR1,0,-0.003201,0.2268
HKR1_P2_6,HKR1,0,0.002464,0.107
HLF_P1_1,HLF,0,-3.796e-05,0.1714
HLF_P1_2,HLF,0,0.0002821,0.1396
HLF_P1_3,HLF,0,0.003278,0.138
HLF_P1_4,HLF,0,-0.01023,0.2086
HLF_P1_5,HLF,0,-0.01071,0.1031
HLF_P1_6,HLF,0,0.00325,0.1377
HLF_P2_1,HLF,0,-0.01893,0.1896
HLF_P2_2,HLF,0,-0.008254,0.1358
HLF_P2_3,HLF,0,-0.006439,0.1239
HLF_P2_4,HLF,0,-0.008761,0.1591
HLF_P2_5,HLF,0,0.01198,0.1189
HLF_P2_6,HLF,0,-0.006705,0.08983
HLTF_1,HLTF,0,-0.01322,0.1286
HLTF_2,HLTF,0,-0.002774,0.1273
HLTF_3,HLTF,0,-0.01852,0.223
HLTF_4,HLTF,0,-0.02063,0.1978
HLTF_5,HLTF,0,0.0004342,0.155
HLTF_6,HLTF,0,-0.004886,0.07289
HLX_1,HLX,0,0.005327,0.1228
HLX_2,HLX,0,-0.009059,0.07715
HLX_3,HLX,0,-0.02352,0.1673
HLX_4,HLX,0,-0.02184,0.1784
HLX_5,HLX,0,-0.004357,0.09673
HLX_6,HLX,0,-0.008759,0.1473
HMBOX1_1,HMBOX1,0,-0.0007627,0.1057
HMBOX1_2,HMBOX1,0,0.0006827,0.1397
HMBOX1_3,HMBOX1,0,-0.001196,0.1134
HMBOX1_4,HMBOX1,0,-0.006448,0.1649
HMBOX1_5,HMBOX1,0,0.001656,0.09724
HMBOX1_6,HMBOX1,0,-0.001552,0.08416
HMG20A_1,HMG20A,0,-0.009506,0.1356
HMG20A_2,HMG20A,0,-0.01762,0.1304
HMG20A_3,HMG20A,0,0.01171,0.2037
HMG20A_4,HMG20A,0,0.008995,0.1087
HMG20A_5,HMG20A,0,-0.0008,0.06265
HMG20A_6,HMG20A,0,-0.00977,0.086
HMG20B_P1_2,HMG20B,0,0.0006492,0.1028
HMG20B_P1_3,HMG20B,0,-0.02317,0.2242
HMG20B_P1_4,HMG20B,0,0.007879,0.1575
HMG20B_P1_5,HMG20B,0,0.0007907,0.1007
HMG20B_P1_6,HMG20B,0,-0.002757,0.09966
HMG20B_P2_1,HMG20B,0,0.0009305,0.08139
HMG20B_P2_2,HMG20B,0,-0.004221,0.1602
HMG20B_P2_3,HMG20B,0,-0.001113,0.1501
HMG20B_P2_4,HMG20B,0,0.001673,0.1839
HMG20B_P2_5,HMG20B,0,-0.01764,0.1713
HMG20B_P2_6,HMG20B,0,-0.008274,0.08176
HMGA1_1,HMGA1,0,0.0004694,0.07907
HMGA1_2,HMGA1,0,-0.02514,0.2123
HMGA1_3,HMGA1,0,-0.004255,0.1563
HMGA1_4,HMGA1,0,0.01011,0.1285
HMGA1_5,HMGA1,0,-0.003534,0.1007
HMGA1_6,HMGA1,0,-0.009005,0.1281
HMGA2_1,HMGA2,0,-0.005598,0.1177
HMGA2_2,HMGA2,0,-0.01185,0.1261
HMGA2_3,HMGA2,0,-0.006886,0.1725
HMGA2_4,HMGA2,0,-0.01177,0.1913
HMGA2_5,HMGA2,0,-0.006751,0.06583
HMGA2_6,HMGA2,0,0.002466,0.149
HMGB1_P1_1,HMGB1,0,-0.007693,0.1211
HMGB1_P1_2,HMGB1,0,0.01196,0.3444
HMGB1_P1_3,HMGB1,0,-0.0484,0.2855
HMGB1_P1_4,HMGB1,0,-0.0181,0.3481
HMGB1_P1_5,HMGB1,0,0.01089,0.1144
HMGB1_P1_6,HMGB1,0,-0.003808,0.09118
HMGB1_P2_1,HMGB1,0,-0.0173,0.2006
HMGB1_P2_2,HMGB1,0,-0.02166,0.2859
HMGB1_P2_3,HMGB1,0,-0.02058,0.2314
HMGB1_P2_4,HMGB1,0,-0.03267,0.2537
HMGB1_P2_5,HMGB1,0,0.005658,0.1204
HMGB1_P2_6,HMGB1,0,-0.008239,0.1037
HMGB2_1,HMGB2,0,0.005984,0.1134
HMGB2_2,HMGB2,0,-0.00171,0.1806
HMGB2_3,HMGB2,0,-0.002711,0.1617
HMGB2_4,HMGB2,0,-0.0262,0.2435
HMGB2_5,HMGB2,0,0.0006777,0.07336
HMGB2_6,HMGB2,0,-0.004097,0.06824
HMGB3_1,HMGB3,0,-0.2485,0.5176
HMGB3_2,HMGB3,0,-0.03313,0.2051
HMGB3_3,HMGB3,0,-0.01113,0.173
HMGB3_4,HMGB3,0,0.01873,0.1608
HMGB3_5,HMGB3,0,0.006172,0.06803
HMGB3_6,HMGB3,0,-0.01493,0.1005
HMGB4_1,HMGB4,0,-0.007475,0.1678
HMGB4_2,HMGB4,0,-0.02716,0.2932
HMGB4_3,HMGB4,0,-0.004465,0.1039
HMGB4_4,HMGB4,0,-0.008308,0.1658
HMGB4_5,HMGB4,0,-0.006879,0.09396
HMGB4_6,HMGB4,0,0.001303,0.09332
HMGN2_1,HMGN2,0,-0.0005558,0.08843
HMGN2_2,HMGN2,1,-0.009774,0.1152
HMGN2_3,HMGN2,0,0.003461,0.1206
HMGN2_4,HMGN2,0,0.009185,0.1588
HMGN2_5,HMGN2,1,0.002017,0.07574
HMGN2_6,HMGN2,0,0.003905,0.07456
HMGN3_1,HMGN3,0,0.00413,0.09772
HMGN3_2,HMGN3,0,-0.001606,0.1941
HMGN3_3,HMGN3,0,-0.01737,0.1696
HMGN3_4,HMGN3,0,-0.02218,0.1677
HMGN3_5,HMGN3,0,-0.008545,0.1678
HMGN3_6,HMGN3,0,-0.01812,0.1859
HMGXB3_1,HMGXB3,0,0.0009623,0.2271
HMGXB3_2,HMGXB3,0,-0.02046,0.1359
HMGXB3_3,HMGXB3,0,0.0008119,0.1714
HMGXB3_4,HMGXB3,0,-0.001264,0.2495
HMGXB3_5,HMGXB3,0,-0.002778,0.1317
HMGXB3_6,HMGXB3,0,-0.004097,0.06432
HMGXB4_1,HMGXB4,0,0.000266,0.0689
HMGXB4_2,HMGXB4,0,-0.0049,0.08154
HMGXB4_3,HMGXB4,0,-0.01963,0.19
HMGXB4_4,HMGXB4,0,-0.01021,0.117
HMGXB4_5,HMGXB4,0,-0.002693,0.1357
HMGXB4_6,HMGXB4,0,0.003007,0.0877
HMX1_1,HMX1,0,-0.005267,0.08388
HMX1_2,HMX1,0,-0.005092,0.1747
HMX1_3,HMX1,0,0.002189,0.1023
HMX1_4,HMX1,0,-0.0136,0.1749
HMX1_5,HMX1,0,-0.007234,0.1248
HMX1_6,HMX1,0,-0.007176,0.07731
HMX2_1,HMX2,0,-0.003783,0.2995
HMX2_2,HMX2,0,-0.04989,0.3901
HMX2_3,HMX2,0,-0.01722,0.198
HMX2_4,HMX2,0,-0.02185,0.223
HMX2_5,HMX2,0,-0.007934,0.1519
HMX2_6,HMX2,0,0.01169,0.09216
HMX3_1,HMX3,0,-0.003907,0.1535
HMX3_2,HMX3,0,-0.0007561,0.1955
HMX3_3,HMX3,0,-0.04111,0.2703
HMX3_4,HMX3,0,-0.03143,0.327
HMX3_5,HMX3,0,-0.005711,0.1071
HMX3_6,HMX3,0,-0.008149,0.1136
HNF1A_1,HNF1A,0,0.00286,0.06972
HNF1A_2,HNF1A,0,-0.01151,0.1853
HNF1A_3,HNF1A,0,-0.02267,0.1715
HNF1A_4,HNF1A,0,-0.008387,0.1848
HNF1A_5,HNF1A,0,-0.001426,0.07012
HNF1A_6,HNF1A,0,-0.002052,0.07323
HNF1B_1,HNF1B,1,-0.02525,0.1711
HNF1B_2,HNF1B,1,-0.01036,0.1295
HNF1B_3,HNF1B,0,-0.04558,0.301
HNF1B_4,HNF1B,1,-0.01925,0.246
HNF1B_5,HNF1B,1,-0.01174,0.1231
HNF1B_6,HNF1B,0,-0.114,0.5106
HNF4A_1,HNF4A,0,-0.01741,0.1684
HNF4A_2,HNF4A,0,-0.01656,0.2095
HNF4A_3,HNF4A,0,0.004005,0.2084
HNF4A_4,HNF4A,0,-0.002914,0.08801
HNF4A_5,HNF4A,0,0.003914,0.09549
HNF4A_6,HNF4A,0,-0.04459,0.2631
HNF4G_P1_1,HNF4G,0,-0.009124,0.1229
HNF4G_P1_2,HNF4G,0,-0.002651,0.1184
HNF4G_P1_3,HNF4G,0,-0.01492,0.3207
HNF4G_P1_4,HNF4G,0,0.002213,0.1446
HNF4G_P1_5,HNF4G,0,-0.001308,0.1231
HNF4G_P1_6,HNF4G,0,-0.01308,0.1688
HNF4G_P2_1,HNF4G,0,0.0006502,0.0998
HNF4G_P2_2,HNF4G,0,-0.0757,0.4658
HNF4G_P2_3,HNF4G,0,0.001556,0.1939
HNF4G_P2_4,HNF4G,0,-0.0002931,0.1043
HNF4G_P2_5,HNF4G,0,-0.003701,0.1358
HNF4G_P2_6,HNF4G,0,0.0005982,0.06003
HNRNPK_1,HNRNPK,0,-0.01333,0.3482
HNRNPK_2,HNRNPK,0,0.004941,0.1266
HNRNPK_3,HNRNPK,0,0.000475,0.1539
HNRNPK_4,HNRNPK,0,-0.009747,0.1077
HNRNPK_5,HNRNPK,0,-0.002789,0.1327
HNRNPK_6,HNRNPK,0,-0.02047,0.1508
HNRNPU_1,HNRNPU,0,-0.005368,0.1202
HNRNPU_2,HNRNPU,0,-0.005211,0.08062
HNRNPU_3,HNRNPU,0,-0.003435,0.2203
HNRNPU_4,HNRNPU,0,-0.006433,0.1504
HNRNPU_5,HNRNPU,0,-0.001381,0.08991
HNRNPU_6,HNRNPU,0,-0.0004561,0.04322
HOMEZ_1,HOMEZ,0,-0.01269,0.2232
HOMEZ_2,HOMEZ,0,-0.001228,0.119
HOMEZ_3,HOMEZ,0,-0.009828,0.1262
HOMEZ_4,HOMEZ,0,-0.002948,0.1652
HOMEZ_5,HOMEZ,0,-0.006604,0.1239
HOMEZ_6,HOMEZ,0,-0.005945,0.1036
HOPX_P1_1,HOPX,0,-0.002022,0.1014
HOPX_P1_2,HOPX,0,-0.001119,0.216
HOPX_P1_3,HOPX,0,-0.008133,0.1261
HOPX_P1_4,HOPX,0,-0.002832,0.1422
HOPX_P1_5,HOPX,0,-0.007011,0.08896
HOPX_P1_6,HOPX,0,-0.004389,0.09924
HOPX_P2_1,HOPX,0,-0.01411,0.1493
HOPX_P2_2,HOPX,0,-0.01467,0.2264
HOPX_P2_3,HOPX,0,0.006605,0.09587
HOPX_P2_4,HOPX,0,-0.01472,0.1424
HOPX_P2_5,HOPX,0,-0.02458,0.172
HOPX_P2_6,HOPX,0,-0.008341,0.1039
HOXA10_1,HOXA10,0,-0.04194,0.3188
HOXA10_2,HOXA10,0,-0.02311,0.1759
HOXA10_3,HOXA10,0,0.001473,0.1384
HOXA10_4,HOXA10,0,-0.1276,0.4029
HOXA10_5,HOXA10,0,-0.01233,0.149
HOXA10_6,HOXA10,0,-0.004637,0.04663
HOXA11_1,HOXA11,0,-0.005032,0.07257
HOXA11_2,HOXA11,0,-0.005748,0.1228
HOXA11_3,HOXA11,0,-0.0004937,0.1488
HOXA11_4,HOXA11,0,-0.0002986,0.1473
HOXA11_5,HOXA11,0,-0.009261,0.1075
HOXA11_6,HOXA11,0,0.003401,0.1427
HOXA13_1,HOXA13,0,0.009049,0.126
HOXA13_2,HOXA13,0,-0.0289,0.285
HOXA13_3,HOXA13,0,-0.009534,0.1532
HOXA13_4,HOXA13,0,-0.008839,0.1068
HOXA13_5,HOXA13,0,-0.00176,0.07035
HOXA13_6,HOXA13,0,-0.01294,0.1034
HOXA1_1,HOXA1,0,0.002121,0.09375
HOXA1_2,HOXA1,0,-0.00734,0.08696
HOXA1_3,HOXA1,0,-0.08101,0.3753
HOXA1_4,HOXA1,0,-0.02103,0.2581
HOXA1_5,HOXA1,0,-0.001369,0.06871
HOXA1_6,HOXA1,0,0.003226,0.1022
HOXA2_1,HOXA2,0,-0.01777,0.2133
HOXA2_2,HOXA2,0,-0.001806,0.1155
HOXA2_3,HOXA2,0,-0.0269,0.2198
HOXA2_4,HOXA2,0,-0.01226,0.1327
HOXA2_5,HOXA2,0,-0.01615,0.1453
HOXA2_6,HOXA2,0,-0.006881,0.1326
HOXA3_P1_1,HOXA3,0,-0.009383,0.1286
HOXA3_P1_2,HOXA3,0,0.003177,0.2919
HOXA3_P1_3,HOXA3,0,-0.002736,0.185
HOXA3_P1_4,HOXA3,0,0.0003983,0.1041
HOXA3_P1_5,HOXA3,0,-0.005844,0.1227
HOXA3_P1_6,HOXA3,0,0.001392,0.07033
HOXA3_P2_1,HOXA3,0,-0.01386,0.1381
HOXA3_P2_2,HOXA3,0,-0.007663,0.1218
HOXA3_P2_3,HOXA3,0,-0.0007472,0.1648
HOXA3_P2_4,HOXA3,0,-0.02622,0.1549
HOXA3_P2_5,HOXA3,0,0.009176,0.1331
HOXA3_P2_6,HOXA3,0,-0.01395,0.1281
HOXA4_1,HOXA4,0,-0.004681,0.1323
HOXA4_2,HOXA4,0,-0.005368,0.103
HOXA4_3,HOXA4,0,-0.00402,0.1516
HOXA4_4,HOXA4,0,-0.003337,0.09398
HOXA4_5,HOXA4,0,-0.008097,0.09086
HOXA4_6,HOXA4,0,-0.007551,0.135
HOXA5_1,HOXA5,0,-0.002295,0.09709
HOXA5_2,HOXA5,0,-0.01289,0.1305
HOXA5_3,HOXA5,0,-0.01266,0.1457
HOXA5_4,HOXA5,0,-0.01153,0.1646
HOXA5_5,HOXA5,0,-0.01452,0.08929
HOXA5_6,HOXA5,0,0.002671,0.04626
HOXA6_1,HOXA6,0,-0.01204,0.143
HOXA6_2,HOXA6,0,-0.002948,0.1114
HOXA6_3,HOXA6,0,-0.009434,0.1982
HOXA6_4,HOXA6,0,-0.004239,0.1804
HOXA6_5,HOXA6,0,0.002046,0.1235
HOXA6_6,HOXA6,0,-0.0003844,0.07581
HOXA7_1,HOXA7,0,-0.01084,0.1641
HOXA7_2,HOXA7,0,0.002682,0.06578
HOXA7_3,HOXA7,0,-0.01043,0.0894
HOXA7_4,HOXA7,0,-0.004607,0.05208
HOXA7_5,HOXA7,0,0.00846,0.1381
HOXA7_6,HOXA7,0,0.00197,0.08315
HOXA9_1,HOXA9,0,-0.001727,0.1274
HOXA9_2,HOXA9,0,-0.003142,0.09898
HOXA9_3,HOXA9,0,-0.07982,0.3726
HOXA9_4,HOXA9,0,0.0009461,0.2048
HOXA9_5,HOXA9,0,0.001435,0.1118
HOXA9_6,HOXA9,0,-0.009241,0.1669
HOXB13_1,HOXB13,0,-0.008877,0.1703
HOXB13_2,HOXB13,0,-0.02129,0.1128
HOXB13_3,HOXB13,0,-0.01538,0.336
HOXB13_4,HOXB13,0,-0.0002514,0.1272
HOXB13_5,HOXB13,0,-0.03068,0.251
HOXB13_6,HOXB13,0,0.002289,0.1744
HOXB1_1,HOXB1,0,-0.03009,0.1993
HOXB1_2,HOXB1,0,-0.003369,0.1624
HOXB1_3,HOXB1,0,-0.008506,0.1607
HOXB1_4,HOXB1,0,-0.001995,0.1505
HOXB1_5,HOXB1,0,0.005922,0.1466
HOXB1_6,HOXB1,0,-0.005192,0.08502
HOXB2_1,HOXB2,0,0.0003493,0.1108
HOXB2_2,HOXB2,0,-0.0645,0.385
HOXB2_3,HOXB2,0,-0.02118,0.1645
HOXB2_4,HOXB2,0,-0.01621,0.1105
HOXB2_5,HOXB2,0,-0.008544,0.1892
HOXB2_6,HOXB2,0,0.00244,0.06463
HOXB3_1,HOXB3,0,-0.005264,0.1556
HOXB3_2,HOXB3,0,-0.00702,0.1394
HOXB3_3,HOXB3,0,-0.014,0.2209
HOXB3_4,HOXB3,0,-0.02584,0.285
HOXB3_5,HOXB3,0,-0.008895,0.1088
HOXB3_6,HOXB3,0,-0.00467,0.08158
HOXB4_1,HOXB4,0,-0.01717,0.1603
HOXB4_2,HOXB4,0,-0.02962,0.2331
HOXB4_3,HOXB4,0,-0.006445,0.1523
HOXB4_4,HOXB4,0,-0.01583,0.2026
HOXB4_5,HOXB4,0,-0.007671,0.09468
HOXB4_6,HOXB4,0,-0.004448,0.1204
HOXB5_1,HOXB5,0,-0.00305,0.1198
HOXB5_2,HOXB5,0,-0.04393,0.1656
HOXB5_3,HOXB5,0,0.004693,0.1902
HOXB5_4,HOXB5,0,-0.03055,0.1762
HOXB5_5,HOXB5,0,0.0007894,0.04166
HOXB5_6,HOXB5,0,-0.001021,0.0819
HOXB6_P1_1,HOXB6,0,-0.009767,0.1364
HOXB6_P1_2,HOXB6,0,-0.00437,0.1896
HOXB6_P1_3,HOXB6,0,-0.01121,0.1437
HOXB6_P1_4,HOXB6,0,-0.03207,0.202
HOXB6_P1_5,HOXB6,0,-0.002686,0.1267
HOXB6_P1_6,HOXB6,0,0.004517,0.1508
HOXB6_P2_1,HOXB6,0,-0.01481,0.09417
HOXB6_P2_2,HOXB6,0,-0.005477,0.1039
HOXB6_P2_3,HOXB6,0,0.000903,0.1425
HOXB6_P2_4,HOXB6,0,0.004067,0.1929
HOXB6_P2_5,HOXB6,0,-0.007151,0.1611
HOXB6_P2_6,HOXB6,0,-0.0008254,0.1476
HOXB7_1,HOXB7,0,-0.008808,0.2307
HOXB7_2,HOXB7,0,-0.007634,0.1381
HOXB7_3,HOXB7,0,-0.01111,0.182
HOXB7_4,HOXB7,0,-0.002741,0.08847
HOXB7_5,HOXB7,0,0.007561,0.1192
HOXB7_6,HOXB7,0,-0.006718,0.09054
HOXB8_P1_1,HOXB8,0,-0.002364,0.09913
HOXB8_P1_2,HOXB8,1,-0.008285,0.08609
HOXB8_P1_3,HOXB8,0,-0.004947,0.09776
HOXB8_P1_4,HOXB8,0,-0.003952,0.1804
HOXB8_P1_5,HOXB8,0,-0.003554,0.1121
HOXB8_P1_6,HOXB8,1,0.01162,0.1079
HOXB8_P2_1,HOXB8,0,0.004789,0.1149
HOXB8_P2_2,HOXB8,0,-0.01338,0.09496
HOXB8_P2_3,HOXB8,0,-0.01177,0.1685
HOXB8_P2_4,HOXB8,0,-0.00788,0.219
HOXB8_P2_5,HOXB8,0,3.573e-05,0.04224
HOXB8_P2_6,HOXB8,0,-0.001801,0.08784
HOXB9_1,HOXB9,0,0.0009694,0.2137
HOXB9_2,HOXB9,0,0.008299,0.1449
HOXB9_3,HOXB9,0,-0.001297,0.08874
HOXB9_4,HOXB9,0,-0.02714,0.182
HOXB9_5,HOXB9,0,-0.009172,0.09851
HOXB9_6,HOXB9,0,-0.009303,0.1025
HOXC10_1,HOXC10,0,-0.003732,0.1455
HOXC10_2,HOXC10,0,-0.01877,0.157
HOXC10_3,HOXC10,0,0.001708,0.1747
HOXC10_4,HOXC10,0,0.002982,0.1462
HOXC10_5,HOXC10,0,-0.003168,0.1047
HOXC10_6,HOXC10,0,-0.001612,0.07089
HOXC11_1,HOXC11,0,-0.005899,0.1188
HOXC11_2,HOXC11,0,-0.004244,0.3098
HOXC11_3,HOXC11,0,-0.004039,0.1217
HOXC11_4,HOXC11,0,-0.003702,0.2301
HOXC11_5,HOXC11,0,-0.001603,0.1793
HOXC11_6,HOXC11,0,0.002782,0.07676
HOXC12_1,HOXC12,0,0.003947,0.06893
HOXC12_2,HOXC12,0,-0.01409,0.1208
HOXC12_3,HOXC12,0,-0.002444,0.1379
HOXC12_4,HOXC12,0,-0.2588,0.6418
HOXC12_5,HOXC12,0,-0.001906,0.07427
HOXC12_6,HOXC12,0,-0.00114,0.1951
HOXC13_1,HOXC13,0,-0.01757,0.1635
HOXC13_2,HOXC13,0,-0.0159,0.1969
HOXC13_3,HOXC13,0,-0.01345,0.1664
HOXC13_4,HOXC13,0,-0.03574,0.2402
HOXC13_5,HOXC13,0,0.001461,0.09776
HOXC13_6,HOXC13,0,0.0001452,0.05672
HOXC4_1,HOXC4,0,-0.007957,0.1001
HOXC4_2,HOXC4,0,-0.03037,0.253
HOXC4_3,HOXC4,0,-0.006333,0.1193
HOXC4_4,HOXC4,0,-0.0006679,0.1558
HOXC4_5,HOXC4,0,0.002645,0.128
HOXC4_6,HOXC4,0,-0.006507,0.1374
HOXC5_1|HOXC6_1,HOXC5|HOXC6,0,-0.01983,0.2913
HOXC5_2|HOXC6_3,HOXC5|HOXC6,0,-0.01247,0.2035
HOXC5_3,HOXC5,0,-0.01198,0.1426
HOXC5_4,HOXC5,0,0.001354,0.092
HOXC5_5|HOXC6_2,HOXC5|HOXC6,0,0.0006312,0.1436
HOXC5_6|HOXC6_4,HOXC5|HOXC6,0,-0.001213,0.0876
HOXC6_5,HOXC6,0,-0.0102,0.1526
HOXC6_6,HOXC6,0,-0.0006626,0.1321
HOXC8_1,HOXC8,0,-0.04127,0.2847
HOXC8_2,HOXC8,0,-0.004167,0.1185
HOXC8_3,HOXC8,0,-0.02802,0.2703
HOXC8_4,HOXC8,0,-0.04447,0.4228
HOXC8_5,HOXC8,0,-0.003562,0.05714
HOXC8_6,HOXC8,0,-0.005124,0.08466
HOXC9_1,HOXC9,0,-0.0009602,0.1172
HOXC9_2,HOXC9,0,-0.02176,0.1554
HOXC9_3,HOXC9,0,0.005602,0.1165
HOXC9_4,HOXC9,0,-0.06724,0.3755
HOXC9_5,HOXC9,0,-0.007709,0.1067
HOXC9_6,HOXC9,0,-0.00926,0.1127
HOXD10_P1_1,HOXD10,0,0.001405,0.09684
HOXD10_P1_2,HOXD10,0,-0.01348,0.1446
HOXD10_P1_3,HOXD10,0,-0.004805,0.1137
HOXD10_P1_4,HOXD10,0,-0.06661,0.3105
HOXD10_P1_5,HOXD10,0,0.00101,0.08549
HOXD10_P1_6,HOXD10,0,0.002054,0.08841
HOXD10_P2_1,HOXD10,0,-0.01856,0.2104
HOXD10_P2_2,HOXD10,0,-0.003089,0.1163
HOXD10_P2_3,HOXD10,0,-0.01538,0.1441
HOXD10_P2_4,HOXD10,0,-0.0369,0.2646
HOXD10_P2_5,HOXD10,0,-0.00585,0.1485
HOXD10_P2_6,HOXD10,0,-0.008939,0.07548
HOXD11_1,HOXD11,0,-0.01511,0.1831
HOXD11_2,HOXD11,0,-0.01216,0.1283
HOXD11_3,HOXD11,0,-0.008133,0.1311
HOXD11_4,HOXD11,0,-0.001478,0.2048
HOXD11_5,HOXD11,0,0.0001834,0.03814
HOXD11_6,HOXD11,0,0.006541,0.1472
HOXD12_1,HOXD12,0,-0.0163,0.1275
HOXD12_2,HOXD12,0,-0.007174,0.1997
HOXD12_3,HOXD12,0,-0.003837,0.09661
HOXD12_4,HOXD12,0,-0.01108,0.1236
HOXD12_5,HOXD12,0,0.005225,0.1373
HOXD12_6,HOXD12,0,-0.004433,0.07714
HOXD13_1,HOXD13,0,-0.01809,0.2216
HOXD13_2,HOXD13,0,-0.005281,0.09801
HOXD13_3,HOXD13,0,-0.006135,0.1506
HOXD13_4,HOXD13,0,-0.002122,0.2613
HOXD13_5,HOXD13,0,-0.009685,0.1151
HOXD13_6,HOXD13,0,-0.008852,0.09586
HOXD1_1,HOXD1,0,0.009625,0.1156
HOXD1_2,HOXD1,0,-0.01131,0.2932
HOXD1_3,HOXD1,0,0.005607,0.1515
HOXD1_4,HOXD1,0,-0.004003,0.1186
HOXD1_5,HOXD1,0,-0.001963,0.1389
HOXD1_6,HOXD1,0,-0.003564,0.08953
HOXD3_1,HOXD3,0,-0.001713,0.1869
HOXD3_2,HOXD3,0,-0.009588,0.2571
HOXD3_3,HOXD3,0,-0.04024,0.3219
HOXD3_4,HOXD3,0,0.004185,0.07182
HOXD3_5,HOXD3,0,-0.01208,0.1601
HOXD3_6,HOXD3,0,-0.006116,0.09321
HOXD4_1,HOXD4,0,-0.0107,0.147
HOXD4_2,HOXD4,0,-0.00501,0.1426
HOXD4_3,HOXD4,0,-0.003174,0.1483
HOXD4_4,HOXD4,0,-0.003381,0.2064
HOXD4_5,HOXD4,0,-0.009582,0.08235
HOXD4_6,HOXD4,0,0.0007759,0.1302
HOXD8_1,HOXD8,0,-0.0166,0.2015
HOXD8_2,HOXD8,0,-0.007995,0.1253
HOXD8_3,HOXD8,0,-0.01569,0.1869
HOXD8_4,HOXD8,0,-0.008257,0.1487
HOXD8_5,HOXD8,0,-0.002955,0.08428
HOXD8_6,HOXD8,0,-0.009319,0.1037
HOXD9_1,HOXD9,0,-0.01107,0.195
HOXD9_2,HOXD9,0,-0.02754,0.1594
HOXD9_3,HOXD9,0,-0.01176,0.2286
HOXD9_4,HOXD9,0,-0.04288,0.3087
HOXD9_5,HOXD9,0,-0.01307,0.122
HOXD9_6,HOXD9,0,-0.002485,0.08113
HR_P1_1,HR,0,-0.007011,0.09536
HR_P1_2,HR,0,-0.001664,0.2811
HR_P1_3,HR,0,0.005125,0.1397
HR_P1_4,HR,0,0.003366,0.08706
HR_P1_5,HR,0,0.002592,0.09303
HR_P1_6,HR,0,-0.0002103,0.1257
HR_P2_1,HR,0,-0.004064,0.2239
HR_P2_2,HR,0,-0.02388,0.2356
HR_P2_3,HR,0,-0.004844,0.121
HR_P2_4,HR,0,-0.003301,0.1048
HR_P2_5,HR,0,-0.00765,0.129
HR_P2_6,HR,0,-0.01987,0.2042
HSF1_1,HSF1,0,0.003841,0.1101
HSF1_2,HSF1,0,-0.006787,0.1568
HSF1_3,HSF1,0,-0.03638,0.2016
HSF1_4,HSF1,0,-0.005092,0.1127
HSF1_5,HSF1,0,0.005596,0.07928
HSF1_6,HSF1,0,-0.003354,0.09995
HSF2_1,HSF2,0,-0.003295,0.2267
HSF2_2,HSF2,0,-0.02221,0.1488
HSF2_3,HSF2,0,-0.008892,0.2113
HSF2_4,HSF2,0,-0.006258,0.1236
HSF2_5,HSF2,0,-0.0115,0.1259
HSF2_6,HSF2,0,-0.004447,0.1499
HSF4_1,HSF4,0,-0.02339,0.2335
HSF4_2,HSF4,0,-0.01138,0.1769
HSF4_3,HSF4,0,-0.007321,0.1281
HSF4_4,HSF4,0,-0.1842,0.6399
HSF4_5,HSF4,0,0.0105,0.1178
HSF4_6,HSF4,0,-8.597e-05,0.0775
HSF5_1,HSF5,0,-0.008317,0.1564
HSF5_2,HSF5,0,-0.007475,0.1464
HSF5_3,HSF5,0,-0.006878,0.08762
HSF5_4,HSF5,0,-0.007,0.2105
HSF5_5,HSF5,0,0.004257,0.08323
HSF5_6,HSF5,0,-0.0001352,0.09929
HSFX1_1|HSFX2_1,HSFX1|HSFX2,0,-0.01132,0.1426
HSFX1_2|HSFX2_2,HSFX1|HSFX2,0,0.0005269,0.06233
HSFX1_3|HSFX2_3,HSFX1|HSFX2,0,-0.006818,0.1443
HSFX1_4|HSFX2_4,HSFX1|HSFX2,0,-0.008761,0.1323
HSFX1_5|HSFX2_5,HSFX1|HSFX2,0,0.002763,0.04896
HSFX1_6|HSFX2_6,HSFX1|HSFX2,0,0.001263,0.1057
HSFY2_1|HSFY1_1,HSFY2|HSFY1,0,0.01983,0.2037
HSFY2_2|HSFY1_2,HSFY2|HSFY1,0,-0.004566,0.08782
HSFY2_3|HSFY1_3,HSFY2|HSFY1,0,-0.01693,0.2389
HSFY2_4|HSFY1_4,HSFY2|HSFY1,0,-0.001428,0.07907
HSFY2_5|HSFY1_5,HSFY2|HSFY1,0,-0.002181,0.09125
HSFY2_6|HSFY1_6,HSFY2|HSFY1,0,-0.007479,0.09957
ID1_1,ID1,0,-0.007353,0.156
ID1_2,ID1,0,0.009949,0.07519
ID1_3,ID1,0,-0.003116,0.1459
ID1_4,ID1,0,0.0089,0.07804
ID1_5,ID1,0,-0.006999,0.09461
ID1_6,ID1,0,-0.01124,0.1142
ID2_P1_1,ID2,0,-0.01775,0.2183
ID2_P1_2,ID2,0,-0.003167,0.1461
ID2_P1_3,ID2,0,-0.0107,0.1411
ID2_P1_4,ID2,0,-0.02609,0.3017
ID2_P1_5,ID2,0,-0.0161,0.2138
ID2_P1_6,ID2,0,-0.01258,0.1607
ID2_P2_1,ID2,0,-0.007667,0.1218
ID2_P2_2,ID2,0,-0.02712,0.2397
ID2_P2_3,ID2,0,-0.02037,0.2513
ID2_P2_4,ID2,0,0.005686,0.1447
ID2_P2_5,ID2,0,-0.001697,0.2018
ID2_P2_6,ID2,0,-0.01281,0.1809
ID3_1,ID3,0,-0.01352,0.1619
ID3_2,ID3,0,-0.01264,0.1237
ID3_3,ID3,0,-0.01653,0.1172
ID3_4,ID3,0,-0.00951,0.1766
ID3_5,ID3,0,-0.01257,0.1174
ID3_6,ID3,0,-0.0007755,0.1252
ID4_1,ID4,0,-0.007082,0.3202
ID4_2,ID4,0,-0.09833,0.3904
ID4_3,ID4,0,-0.004321,0.2515
ID4_4,ID4,0,0.004693,0.1948
ID4_5,ID4,0,0.0006156,0.08941
ID4_6,ID4,0,-0.008835,0.192
IFI16_1,IFI16,0,-0.01257,0.1692
IFI16_2,IFI16,0,0.001277,0.07387
IFI16_3,IFI16,0,-0.00295,0.1372
IFI16_4,IFI16,0,-0.01165,0.1695
IFI16_5,IFI16,0,0.0007801,0.04541
IFI16_6,IFI16,0,0.007319,0.104
IGFBP1_1,IGFBP1,0,-0.01631,0.1463
IGFBP1_2,IGFBP1,0,-0.001739,0.1333
IGFBP1_3,IGFBP1,0,-0.0179,0.1572
IGFBP1_4,IGFBP1,0,-0.02736,0.2795
IGFBP1_5,IGFBP1,0,-0.004065,0.1213
IGFBP1_6,IGFBP1,0,-0.006758,0.1336
IGHMBP2_1,IGHMBP2,0,-0.01146,0.1983
IGHMBP2_2,IGHMBP2,0,-0.01669,0.2636
IGHMBP2_3,IGHMBP2,0,-0.003074,0.2511
IGHMBP2_4,IGHMBP2,0,-0.002082,0.1359
IGHMBP2_5,IGHMBP2,0,0.008537,0.1222
IGHMBP2_6,IGHMBP2,0,-0.005588,0.09945
IKZF1_1,IKZF1,0,-0.007,0.1393
IKZF1_2,IKZF1,0,0.001308,0.1496
IKZF1_3,IKZF1,0,-0.2451,0.4674
IKZF1_4,IKZF1,0,-0.01742,0.1459
IKZF1_5,IKZF1,0,-0.0006539,0.1359
IKZF1_6,IKZF1,0,-0.0179,0.1672
IKZF2_P1_1,IKZF2,0,-0.003478,0.1096
IKZF2_P1_2,IKZF2,0,0.006934,0.1249
IKZF2_P1_3,IKZF2,0,-0.0003135,0.08962
IKZF2_P1_4,IKZF2,0,-0.01299,0.1233
IKZF2_P1_5,IKZF2,0,0.002641,0.08601
IKZF2_P1_6,IKZF2,0,0.0003985,0.1518
IKZF2_P2_1,IKZF2,0,-0.02747,0.1635
IKZF2_P2_2,IKZF2,0,0.001505,0.1673
IKZF2_P2_3,IKZF2,0,-0.006531,0.1362
IKZF2_P2_4,IKZF2,0,-0.01198,0.1744
IKZF2_P2_5,IKZF2,0,-0.02042,0.1442
IKZF2_P2_6,IKZF2,0,-0.00244,0.1376
IKZF3_1,IKZF3,0,-0.01255,0.1415
IKZF3_2,IKZF3,0,-0.008035,0.1159
IKZF3_3,IKZF3,0,-0.02072,0.2599
IKZF3_4,IKZF3,0,-0.01788,0.1265
IKZF3_5,IKZF3,0,0.002432,0.06863
IKZF3_6,IKZF3,0,-4.928e-05,0.09871
IKZF4_P1_1,IKZF4,0,-0.008406,0.126
IKZF4_P1_2,IKZF4,0,-0.002347,0.1157
IKZF4_P1_3,IKZF4,0,-0.006436,0.2072
IKZF4_P1_4,IKZF4,0,-0.0006995,0.09218
IKZF4_P1_5,IKZF4,0,0.008111,0.14
IKZF4_P1_6,IKZF4,0,-0.001932,0.04706
IKZF4_P2_1,IKZF4,0,0.0006419,0.1434
IKZF4_P2_2,IKZF4,0,-0.008288,0.1875
IKZF4_P2_3,IKZF4,0,-0.02504,0.32
IKZF4_P2_4,IKZF4,0,-0.0113,0.1685
IKZF4_P2_5,IKZF4,0,-0.01092,0.09671
IKZF4_P2_6,IKZF4,0,-0.01117,0.1228
IKZF5_1,IKZF5,0,-0.007018,0.08814
IKZF5_2,IKZF5,0,0.0001193,0.128
IKZF5_3,IKZF5,0,0.002724,0.07758
IKZF5_4,IKZF5,0,-0.002204,0.1154
IKZF5_5,IKZF5,0,-0.002665,0.08809
IKZF5_6,IKZF5,0,-0.003698,0.154
ILF2_1,ILF2,0,0.002829,0.2751
ILF2_2,ILF2,0,-0.1723,0.5284
ILF2_3,ILF2,0,-0.2663,0.6612
ILF2_4,ILF2,0,-0.003959,0.2315
ILF2_5,ILF2,0,0.0003231,0.3101
ILF2_6,ILF2,0,-0.004745,0.1066
ILF3_1,ILF3,1,0.004835,0.1121
ILF3_2,ILF3,1,0.0004671,0.1688
ILF3_3,ILF3,0,-0.02215,0.1899
ILF3_4,ILF3,0,-0.0607,0.4574
ILF3_5,ILF3,0,-0.004378,0.1674
ILF3_6,ILF3,0,-0.008556,0.06635
ING1_P1_1,ING1,0,-0.001776,0.09078
ING1_P1_2,ING1,0,0.00199,0.1093
ING1_P1_3,ING1,0,-0.004466,0.07712
ING1_P1_4,ING1,0,-0.001119,0.2685
ING1_P1_5,ING1,0,0.002106,0.08857
ING1_P1_6,ING1,0,-0.004511,0.0777
ING1_P2_1,ING1,0,-0.05119,0.3411
ING1_P2_2,ING1,0,-0.007277,0.1856
ING1_P2_3,ING1,0,-0.03082,0.2222
ING1_P2_4,ING1,0,-0.05165,0.3829
ING1_P2_5,ING1,0,-0.004685,0.1219
ING1_P2_6,ING1,0,-0.001315,0.13
ING4_1,ING4,0,-0.00962,0.1529
ING4_2,ING4,0,-0.0133,0.1325
ING4_3,ING4,0,-0.006942,0.1581
ING4_4,ING4,0,0.002657,0.1066
ING4_5,ING4,0,-0.00823,0.08728
ING4_6,ING4,0,-0.007913,0.1382
INSM1_1,INSM1,0,-0.005805,0.1436
INSM1_2,INSM1,0,-0.001113,0.1069
INSM1_3,INSM1,0,-0.001816,0.1096
INSM1_4,INSM1,0,-0.3385,0.6234
INSM1_5,INSM1,0,-0.0009773,0.1515
INSM1_6,INSM1,0,-0.005145,0.1213
INSM2_1,INSM2,0,0.002142,0.0912
INSM2_2,INSM2,0,-0.0006547,0.07677
INSM2_3,INSM2,0,-0.02178,0.1592
INSM2_4,INSM2,0,-0.008241,0.1193
INSM2_5,INSM2,0,-0.02199,0.1384
INSM2_6,INSM2,0,-0.002541,0.1611
IRF1_1,IRF1,0,-0.02241,0.1598
IRF1_2,IRF1,0,-0.009197,0.1097
IRF1_3,IRF1,0,-0.02124,0.1624
IRF1_4,IRF1,0,-0.009666,0.09331
IRF1_5,IRF1,0,-0.001703,0.1009
IRF1_6,IRF1,0,0.0007714,0.09235
IRF2_1,IRF2,0,-0.006041,0.105
IRF2_2,IRF2,0,-0.02489,0.2266
IRF2_3,IRF2,0,-0.004251,0.09907
IRF2_4,IRF2,0,-0.03032,0.1551
IRF2_5,IRF2,0,0.002359,0.08143
IRF2_6,IRF2,0,-0.003736,0.1027
IRF3_1,IRF3,0,-0.003448,0.2084
IRF3_2,IRF3,0,-0.006036,0.08186
IRF3_3,IRF3,0,-0.003911,0.0863
IRF3_4,IRF3,0,-0.002868,0.1997
IRF3_5,IRF3,0,-0.002031,0.05038
IRF3_6,IRF3,0,-0.004648,0.07838
IRF4_P1_1,IRF4,0,-0.0005605,0.1122
IRF4_P1_2,IRF4,0,-0.08759,0.3282
IRF4_P1_3,IRF4,0,-0.01369,0.2165
IRF4_P1_4,IRF4,0,-0.004385,0.2046
IRF4_P1_5,IRF4,0,-0.003928,0.08837
IRF4_P1_6,IRF4,0,0.001407,0.142
IRF4_P2_1,IRF4,0,-0.00878,0.1723
IRF4_P2_2,IRF4,0,0.003807,0.2884
IRF4_P2_3,IRF4,0,-0.02863,0.2799
IRF4_P2_4,IRF4,0,-0.005542,0.1784
IRF4_P2_5,IRF4,0,-0.007394,0.1264
IRF4_P2_6,IRF4,0,-0.002237,0.1157
IRF5_P1_1,IRF5,0,-0.08961,0.3769
IRF5_P1_2,IRF5,0,0.0004617,0.116
IRF5_P1_3,IRF5,0,-0.01203,0.1937
IRF5_P1_4,IRF5,0,-0.01879,0.2349
IRF5_P1_5,IRF5,0,0.001662,0.09663
IRF5_P1_6,IRF5,0,-0.01192,0.1382
IRF5_P2_1,IRF5,0,0.01065,0.1802
IRF5_P2_2,IRF5,0,0.004602,0.2148
IRF5_P2_3,IRF5,0,-0.0112,0.2
IRF5_P2_4,IRF5,0,-0.02333,0.1856
IRF5_P2_5,IRF5,0,-0.00738,0.1131
IRF5_P2_6,IRF5,0,-0.0002943,0.1075
IRF6_1,IRF6,0,-0.006045,0.1489
IRF6_2,IRF6,0,0.009952,0.1041
IRF6_3,IRF6,0,-0.01577,0.2016
IRF6_4,IRF6,0,-0.01407,0.1237
IRF6_5,IRF6,0,0.004581,0.09541
IRF6_6,IRF6,0,-0.006839,0.0852
IRF7_1,IRF7,0,0.0001167,0.1096
IRF7_2,IRF7,0,-0.005871,0.1881
IRF7_3,IRF7,0,-0.005901,0.1403
IRF7_4,IRF7,0,0.0006483,0.09959
IRF7_5,IRF7,0,-0.008941,0.1087
IRF7_6,IRF7,0,-0.001769,0.09315
IRF8_1,IRF8,0,-0.01347,0.1456
IRF8_2,IRF8,0,-0.02083,0.1671
IRF8_3,IRF8,0,-0.2482,0.6859
IRF8_4,IRF8,0,-0.004805,0.1984
IRF8_5,IRF8,0,-0.01042,0.1027
IRF8_6,IRF8,0,0.002786,0.0856
IRF9_1,IRF9,0,-8.934e-05,0.1602
IRF9_2,IRF9,0,-0.0124,0.1229
IRF9_3,IRF9,0,-0.06031,0.3468
IRF9_4,IRF9,0,0.001416,0.06827
IRF9_5,IRF9,0,-0.005375,0.07816
IRF9_6,IRF9,0,0.005853,0.07914
IRX1_1,IRX1,0,7.266e-05,0.1441
IRX1_2,IRX1,0,-0.01208,0.1456
IRX1_3,IRX1,0,-0.03859,0.2746
IRX1_4,IRX1,0,-0.02233,0.2741
IRX1_5,IRX1,0,-0.005434,0.08042
IRX1_6,IRX1,0,-0.01219,0.2346
IRX2_1,IRX2,0,-0.01237,0.3405
IRX2_2,IRX2,0,-0.009585,0.1391
IRX2_3,IRX2,0,-0.0306,0.2254
IRX2_4,IRX2,0,-0.005585,0.1308
IRX2_5,IRX2,0,-0.01437,0.1822
IRX2_6,IRX2,0,0.002862,0.07728
IRX3_1,IRX3,0,-0.007684,0.1136
IRX3_2,IRX3,0,-0.02684,0.2431
IRX3_3,IRX3,0,0.000733,0.07592
IRX3_4,IRX3,0,-0.01053,0.1522
IRX3_5,IRX3,0,-0.01357,0.1126
IRX3_6,IRX3,0,-0.004369,0.11
IRX4_1,IRX4,0,-0.003453,0.2783
IRX4_2,IRX4,0,-0.04417,0.2604
IRX4_3,IRX4,0,-0.04348,0.3337
IRX4_4,IRX4,0,-0.002322,0.1145
IRX4_5,IRX4,0,-0.003187,0.1121
IRX4_6,IRX4,0,-0.0004157,0.1415
IRX5_1,IRX5,0,-0.007003,0.1845
IRX5_2,IRX5,0,-0.01777,0.1786
IRX5_3,IRX5,0,-0.03579,0.2889
IRX5_4,IRX5,0,0.0001211,0.1082
IRX5_5,IRX5,0,0.001381,0.08763
IRX5_6,IRX5,0,-0.0109,0.1619
IRX6_1,IRX6,0,-0.001621,0.1094
IRX6_2,IRX6,0,-0.002158,0.1605
IRX6_3,IRX6,0,-0.004699,0.1901
IRX6_4,IRX6,0,0.003727,0.1227
IRX6_5,IRX6,0,-0.01176,0.1929
IRX6_6,IRX6,0,0.002503,0.08133
ISL1_P1_1,ISL1,0,-0.01642,0.1247
ISL1_P1_2,ISL1,0,-0.004469,0.1337
ISL1_P1_3,ISL1,0,-0.02457,0.2468
ISL1_P1_4,ISL1,0,-0.009672,0.2565
ISL1_P1_5,ISL1,0,0.005913,0.1234
ISL1_P1_6,ISL1,0,0.003451,0.1349
ISL1_P2_1,ISL1,0,0.006859,0.1108
ISL1_P2_2,ISL1,0,-0.01549,0.161
ISL1_P2_3,ISL1,0,-0.008634,0.1109
ISL1_P2_4,ISL1,0,-0.01482,0.1442
ISL1_P2_5,ISL1,0,0.003372,0.101
ISL1_P2_6,ISL1,0,-0.007184,0.08141
ISL2_1,ISL2,0,-0.01094,0.1549
ISL2_2,ISL2,0,0.005586,0.139
ISL2_3,ISL2,0,-0.007612,0.1632
ISL2_4,ISL2,0,0.003433,0.1865
ISL2_5,ISL2,0,0.001448,0.1031
ISL2_6,ISL2,0,-0.007288,0.0783
ISX_1,ISX,0,-0.0116,0.1212
ISX_2,ISX,0,0.005691,0.07113
ISX_3,ISX,0,-0.01876,0.3334
ISX_4,ISX,0,-0.02884,0.3045
ISX_5,ISX,0,-0.002102,0.1526
ISX_6,ISX,0,-0.007692,0.1212
ITGB1,ITGB1,0,-0.0007427,0.01509
JAZF1_1,JAZF1,0,-0.02061,0.1766
JAZF1_2,JAZF1,0,-0.0007883,0.1575
JAZF1_3,JAZF1,0,-0.001084,0.1069
JAZF1_4,JAZF1,0,-0.2264,0.4593
JAZF1_5,JAZF1,0,-0.007644,0.1076
JAZF1_6,JAZF1,0,-0.004772,0.1067
JDP2_1,JDP2,0,0.00232,0.1628
JDP2_2,JDP2,0,-0.01859,0.1729
JDP2_3,JDP2,0,0.006739,0.1949
JDP2_4,JDP2,0,-0.01577,0.2234
JDP2_5,JDP2,0,-0.0009375,0.09982
JDP2_6,JDP2,0,-0.004,0.08674
JRKL_1,JRKL,0,0.003443,0.1022
JRKL_2,JRKL,0,-0.02983,0.3101
JRKL_3,JRKL,0,-0.01243,0.1327
JRKL_4,JRKL,0,-0.0203,0.3351
JRKL_5,JRKL,0,0.002794,0.1168
JRKL_6,JRKL,0,-0.008481,0.1027
JRK_P1_1,JRK,0,-0.002713,0.1471
JRK_P1_2,JRK,0,0.002119,0.1188
JRK_P1_3,JRK,0,-0.002484,0.1159
JRK_P1_4,JRK,0,-0.007453,0.16
JRK_P1_5,JRK,0,0.001685,0.1071
JRK_P1_6,JRK,0,-0.008501,0.1241
JRK_P2_1,JRK,0,-0.01681,0.217
JRK_P2_2,JRK,0,-0.01319,0.1605
JRK_P2_3,JRK,0,-0.01596,0.2431
JRK_P2_4,JRK,0,-0.03238,0.4965
JRK_P2_5,JRK,0,-0.0172,0.1022
JRK_P2_6,JRK,0,-0.001772,0.1269
JUNB_1,JUNB,0,-0.007011,0.1167
JUNB_2,JUNB,0,0.006047,0.1814
JUNB_3,JUNB,0,-0.04866,0.3606
JUNB_4,JUNB,0,0.007628,0.1178
JUNB_5,JUNB,0,-0.005087,0.1106
JUNB_6,JUNB,0,-0.007104,0.1178
JUND_1,JUND,0,0.003313,0.215
JUND_2,JUND,0,0.004278,0.1
JUND_3,JUND,0,-0.02564,0.1607
JUND_4,JUND,0,-0.01091,0.1059
JUND_5,JUND,0,-0.02645,0.2247
JUND_6,JUND,0,0.009068,0.1008
JUN_1,JUN,0,-0.01877,0.1555
JUN_2,JUN,0,-0.0214,0.1484
JUN_3,JUN,0,-0.005139,0.132
JUN_4,JUN,0,0.01276,0.1558
JUN_5,JUN,0,0.001734,0.07346
JUN_6,JUN,0,-0.008801,0.08492
JUP_1,JUP,0,-0.001029,0.1214
JUP_2,JUP,0,0.004924,0.1151
JUP_3,JUP,0,-0.03346,0.3617
JUP_4,JUP,0,-0.003648,0.1281
JUP_5,JUP,0,-0.006374,0.09781
JUP_6,JUP,0,-0.00162,0.09013
KAT2A_1,KAT2A,0,-0.01125,0.1225
KAT2A_2,KAT2A,0,-0.2319,0.5181
KAT2A_3,KAT2A,0,-0.06904,0.3812
KAT2A_4,KAT2A,0,-0.004477,0.2398
KAT2A_5,KAT2A,0,-0.005008,0.1059
KAT2A_6,KAT2A,0,-0.004387,0.2034
KAT7_1,KAT7,0,-0.001051,0.2051
KAT7_2,KAT7,0,-0.001972,0.1016
KAT7_3,KAT7,0,-0.01387,0.1665
KAT7_4,KAT7,0,0.006123,0.205
KAT7_5,KAT7,0,-0.006848,0.1079
KAT7_6,KAT7,0,-0.01155,0.1355
KCMF1_1,KCMF1,0,-0.00732,0.1481
KCMF1_2,KCMF1,0,-0.002841,0.1671
KCMF1_3,KCMF1,0,-0.009988,0.1365
KCMF1_4,KCMF1,0,-0.006933,0.1662
KCMF1_5,KCMF1,0,-0.01992,0.2098
KCMF1_6,KCMF1,0,-0.006485,0.08545
KCNIP3_1,KCNIP3,0,-0.01283,0.1644
KCNIP3_2,KCNIP3,0,-0.01991,0.1388
KCNIP3_3,KCNIP3,0,0.009813,0.1925
KCNIP3_4,KCNIP3,0,-0.03059,0.1959
KCNIP3_5,KCNIP3,0,-0.00781,0.1353
KCNIP3_6,KCNIP3,0,-0.003925,0.09397
KDM2A_1,KDM2A,0,0.00178,0.1458
KDM2A_2,KDM2A,0,-0.01452,0.3286
KDM2A_3,KDM2A,0,-0.006957,0.0789
KDM2A_4,KDM2A,0,-0.01827,0.2591
KDM2A_5,KDM2A,0,0.000587,0.1099
KDM2A_6,KDM2A,0,0.001602,0.04641
KDM2B_P1_1,KDM2B,0,0.004405,0.09419
KDM2B_P1_2,KDM2B,0,-0.07675,0.3757
KDM2B_P1_3,KDM2B,0,-0.002042,0.2898
KDM2B_P1_4,KDM2B,0,0.001364,0.09728
KDM2B_P1_5,KDM2B,0,-0.004653,0.1133
KDM2B_P1_6,KDM2B,0,-0.009799,0.07776
KDM2B_P2_1,KDM2B,0,-0.01143,0.1678
KDM2B_P2_2,KDM2B,0,-0.01407,0.1789
KDM2B_P2_3,KDM2B,0,-0.02128,0.2362
KDM2B_P2_4,KDM2B,0,-0.02711,0.2413
KDM2B_P2_5,KDM2B,0,-0.005223,0.09151
KDM2B_P2_6,KDM2B,0,0.001931,0.1932
KDM4C_1,KDM4C,0,-0.01685,0.1507
KDM4C_2,KDM4C,0,-0.01118,0.1724
KDM4C_3,KDM4C,0,-0.002748,0.1359
KDM4C_4,KDM4C,0,-0.01217,0.3082
KDM4C_5,KDM4C,0,-0.001421,0.112
KDM4C_6,KDM4C,0,-0.009363,0.1378
KDM4E_1,KDM4E,0,0.0123,0.1881
KDM4E_2,KDM4E,0,-0.006398,0.1233
KDM4E_3,KDM4E,0,-0.01024,0.2006
KDM4E_4,KDM4E,0,-0.01877,0.2003
KDM4E_5,KDM4E,0,0.0003385,0.1251
KDM4E_6,KDM4E,0,-0.004867,0.1111
KDM5B_1,KDM5B,0,-0.01413,0.1302
KDM5B_2,KDM5B,0,-0.009508,0.1107
KDM5B_3,KDM5B,0,-0.003855,0.09061
KDM5B_4,KDM5B,0,0.002314,0.122
KDM5B_5,KDM5B,0,-0.01171,0.1592
KDM5B_6,KDM5B,0,-0.01624,0.1134
KDM5C_1,KDM5C,0,0.001567,0.1109
KDM5C_2,KDM5C,0,0.0008366,0.1052
KDM5C_3,KDM5C,0,-0.001546,0.1054
KDM5C_4,KDM5C,0,0.0118,0.1904
KDM5C_5,KDM5C,0,-0.002955,0.07593
KDM5C_6,KDM5C,0,0.0004472,0.05159
KIAA1549_1,KIAA1549,0,-0.01775,0.1693
KIAA1549_2,KIAA1549,0,0.003365,0.138
KIAA1549_3,KIAA1549,0,-0.03464,0.3562
KIAA1549_4,KIAA1549,0,9.956e-05,0.1312
KIAA1549_5,KIAA1549,0,-0.005368,0.1102
KIAA1549_6,KIAA1549,0,-0.002548,0.1349
KIAA2018_1,KIAA2018,0,-0.02237,0.1835
KIAA2018_2,KIAA2018,0,-0.001312,0.1282
KIAA2018_3,KIAA2018,0,0.001427,0.1118
KIAA2018_4,KIAA2018,0,-0.001867,0.04689
KIAA2018_5,KIAA2018,0,-0.004966,0.135
KIAA2018_6,KIAA2018,0,-0.01346,0.1497
KIN_1,KIN,0,-0.005148,0.08613
KIN_2,KIN,0,-0.005657,0.111
KIN_3,KIN,0,-0.007805,0.1643
KIN_4,KIN,0,-0.01617,0.1737
KIN_5,KIN,0,-0.005961,0.1024
KIN_6,KIN,0,0.009366,0.1175
KLF10_P1_1,KLF10,0,0.004457,0.1657
KLF10_P1_2,KLF10,0,-0.003216,0.1341
KLF10_P1_3,KLF10,1,0.004611,0.1937
KLF10_P1_4,KLF10,0,-0.01115,0.2101
KLF10_P1_5,KLF10,0,0.005133,0.0811
KLF10_P1_6,KLF10,0,-0.001457,0.1445
KLF10_P2_1,KLF10,0,-0.01773,0.2034
KLF10_P2_2,KLF10,0,0.0006406,0.08941
KLF10_P2_3,KLF10,0,-0.02356,0.2722
KLF10_P2_4,KLF10,1,0.00345,0.08456
KLF10_P2_5,KLF10,0,-0.01221,0.1778
KLF10_P2_6,KLF10,0,0.008804,0.1207
KLF11_1,KLF11,0,-0.009534,0.1092
KLF11_2,KLF11,0,-0.02147,0.1748
KLF11_3,KLF11,0,-0.0009722,0.2372
KLF11_4,KLF11,0,-0.08585,0.3629
KLF11_5,KLF11,0,-0.02088,0.1519
KLF11_6,KLF11,0,-0.007382,0.1878
KLF12_1,KLF12,0,-0.02389,0.2132
KLF12_2,KLF12,0,0.003687,0.09018
KLF12_3,KLF12,0,-0.008157,0.287
KLF12_4,KLF12,0,-0.0222,0.1801
KLF12_5,KLF12,0,-0.003438,0.05895
KLF12_6,KLF12,0,-0.002928,0.09597
KLF13_1,KLF13,0,-0.006796,0.09058
KLF13_2,KLF13,0,0.0004763,0.1169
KLF13_3,KLF13,0,0.0009543,0.0845
KLF13_4,KLF13,0,-0.01451,0.1543
KLF13_5,KLF13,0,-0.004522,0.1124
KLF13_6,KLF13,0,0.002697,0.1077
KLF14_1,KLF14,0,-0.02359,0.1566
KLF14_2,KLF14,0,-0.01772,0.1961
KLF14_3,KLF14,0,-0.01808,0.2191
KLF14_4,KLF14,0,-0.008069,0.1787
KLF14_5,KLF14,0,-0.00264,0.08616
KLF14_6,KLF14,0,-5.695e-06,0.0914
KLF15_1,KLF15,0,-0.009164,0.1765
KLF15_2,KLF15,0,-0.02822,0.1857
KLF15_3,KLF15,0,-0.006324,0.3052
KLF15_4,KLF15,0,-0.01108,0.1336
KLF15_5,KLF15,0,-0.007152,0.09976
KLF16_1,KLF16,0,-0.02095,0.2641
KLF16_2,KLF16,0,-0.009526,0.255
KLF16_3,KLF16,0,-0.06342,0.4304
KLF16_4,KLF16,0,-0.1688,0.4994
KLF16_5,KLF16,0,-0.03033,0.2602
KLF16_6,KLF16,0,-0.001304,0.1501
KLF17_1,KLF17,0,-0.003816,0.1511
KLF17_2,KLF17,0,-0.01757,0.2131
KLF17_3,KLF17,0,-0.03293,0.2515
KLF17_4,KLF17,0,-0.007874,0.1171
KLF17_5,KLF17,0,0.003876,0.09499
KLF17_6,KLF17,0,0.008419,0.1182
KLF1_1,KLF1,0,-0.01645,0.3256
KLF1_2,KLF1,0,-0.01509,0.1641
KLF1_3,KLF1,0,-0.02258,0.1462
KLF1_4,KLF1,0,-0.01214,0.1429
KLF1_5,KLF1,0,-0.01492,0.1119
KLF1_6,KLF1,0,-0.0006719,0.08003
KLF2_1,KLF2,0,-0.02443,0.1731
KLF2_2,KLF2,0,-0.01806,0.1316
KLF2_3,KLF2,0,-0.02176,0.185
KLF2_4,KLF2,0,-0.01847,0.2473
KLF2_5,KLF2,0,-4.641e-05,0.1161
KLF2_6,KLF2,0,0.00137,0.08091
KLF3_1,KLF3,0,-0.001043,0.07965
KLF3_2,KLF3,0,-0.02542,0.1948
KLF3_3,KLF3,0,-0.00651,0.1847
KLF3_4,KLF3,0,-0.06604,0.4124
KLF3_5,KLF3,0,0.002455,0.1053
KLF3_6,KLF3,0,-0.006025,0.05547
KLF4_P1_1,KLF4,0,-0.02564,0.2553
KLF4_P1_2,KLF4,0,-0.01907,0.1841
KLF4_P1_3,KLF4,0,-0.01033,0.2741
KLF4_P1_4,KLF4,0,-0.003755,0.1117
KLF4_P1_5,KLF4,0,-0.003106,0.08661
KLF4_P1_6,KLF4,0,-0.01174,0.1328
KLF4_P2_1,KLF4,0,0.004599,0.0923
KLF4_P2_2,KLF4,0,-0.00653,0.1738
KLF4_P2_3,KLF4,0,-0.005305,0.1433
KLF4_P2_4,KLF4,0,-0.011,0.1874
KLF4_P2_5,KLF4,0,0.002911,0.05859
KLF4_P2_6,KLF4,0,-0.00363,0.08176
KLF5_1,KLF5,0,-0.01983,0.1831
KLF5_2,KLF5,0,-0.008025,0.1535
KLF5_3,KLF5,0,0.007446,0.1106
KLF5_4,KLF5,0,0.001621,0.2052
KLF5_5,KLF5,0,0.0006726,0.08871
KLF5_6,KLF5,0,-0.0001183,0.1036
KLF6_1,KLF6,1,-0.002442,0.1047
KLF6_2,KLF6,0,-0.01229,0.1687
KLF6_3,KLF6,0,0.005016,0.1821
KLF6_4,KLF6,0,-0.01609,0.1833
KLF6_5,KLF6,0,-0.001886,0.09069
KLF6_6,KLF6,1,0.002231,0.07962
KLF7_1,KLF7,0,-0.002185,0.1278
KLF7_2,KLF7,0,-0.02726,0.2293
KLF7_3,KLF7,0,-0.04177,0.2993
KLF7_4,KLF7,0,-0.01577,0.247
KLF7_5,KLF7,0,0.001358,0.06518
KLF7_6,KLF7,0,0.007355,0.08679
KLF8_1,KLF8,0,0.009978,0.1181
KLF8_2,KLF8,0,-0.00758,0.163
KLF8_3,KLF8,1,-0.02388,0.1519
KLF8_4,KLF8,0,-0.0005685,0.1733
KLF8_5,KLF8,1,-0.001685,0.09693
KLF8_6,KLF8,1,-0.0003226,0.1245
KLF9_1,KLF9,0,-0.0009873,0.1422
KLF9_2,KLF9,0,-0.01291,0.1346
KLF9_3,KLF9,0,-0.004013,0.1167
KLF9_4,KLF9,0,-0.001262,0.1191
KLF9_5,KLF9,0,-0.003902,0.09098
KLF9_6,KLF9,0,0.001833,0.08881
KLRG1_1,KLRG1,0,0.01636,0.2243
KLRG1_2,KLRG1,0,-0.03316,0.2068
KLRG1_3,KLRG1,0,-0.04171,0.2308
KLRG1_4,KLRG1,0,-0.008525,0.1442
KLRG1_5,KLRG1,0,-0.008949,0.09693
KLRG1_6,KLRG1,0,-0.001462,0.05407
KMT2A_1,KMT2A,0,-0.005902,0.141
KMT2A_2,KMT2A,0,0.004548,0.1608
KMT2A_3,KMT2A,0,-0.02562,0.163
KMT2A_4,KMT2A,0,-0.01258,0.1755
KMT2A_5,KMT2A,0,0.001883,0.07408
KMT2A_6,KMT2A,0,-0.01249,0.1399
KMT2B_P1_1,KMT2B,0,-0.00458,0.1103
KMT2B_P1_2,KMT2B,0,0.001559,0.1883
KMT2B_P1_3,KMT2B,0,-0.002818,0.07149
KMT2B_P1_4,KMT2B,0,-0.02074,0.1592
KMT2B_P1_5,KMT2B,0,-0.004337,0.08942
KMT2B_P1_6,KMT2B,0,-0.000486,0.1237
KMT2B_P2_1,KMT2B,0,-0.001958,0.1469
KMT2B_P2_2,KMT2B,0,-0.008425,0.1006
KMT2B_P2_3,KMT2B,0,0.001486,0.1491
KMT2B_P2_4,KMT2B,0,-0.1022,0.4805
KMT2B_P2_5,KMT2B,0,0.002443,0.08696
KMT2B_P2_6,KMT2B,0,-0.002286,0.09362
L3MBTL1_P1_1,L3MBTL1,0,-0.02829,0.151
L3MBTL1_P1_2,L3MBTL1,0,-0.0009109,0.1744
L3MBTL1_P1_3,L3MBTL1,0,-0.02865,0.3343
L3MBTL1_P1_4,L3MBTL1,0,-0.09181,0.5309
L3MBTL1_P1_5,L3MBTL1,0,0.01287,0.1499
L3MBTL1_P1_6,L3MBTL1,0,0.001775,0.0954
L3MBTL1_P2_1,L3MBTL1,0,-0.003874,0.1246
L3MBTL1_P2_2,L3MBTL1,0,-0.004967,0.1192
L3MBTL1_P2_3,L3MBTL1,0,-0.05528,0.5053
L3MBTL1_P2_4,L3MBTL1,0,-0.09291,0.385
L3MBTL1_P2_5,L3MBTL1,0,-0.02528,0.2001
L3MBTL1_P2_6,L3MBTL1,0,0.006223,0.08978
L3MBTL3_1,L3MBTL3,0,-0.007836,0.121
L3MBTL3_2,L3MBTL3,0,-0.02811,0.1514
L3MBTL3_3,L3MBTL3,0,-0.02314,0.2494
L3MBTL3_4,L3MBTL3,0,-0.001262,0.1104
L3MBTL3_5,L3MBTL3,0,-0.007574,0.118
L3MBTL3_6,L3MBTL3,0,-0.03124,0.2616
L3MBTL4_1,L3MBTL4,0,-0.006623,0.1529
L3MBTL4_2,L3MBTL4,0,-0.01112,0.2374
L3MBTL4_3,L3MBTL4,0,-0.02161,0.2696
L3MBTL4_4,L3MBTL4,0,-0.02361,0.2545
L3MBTL4_5,L3MBTL4,0,-0.01278,0.1168
L3MBTL4_6,L3MBTL4,0,-0.008672,0.1598
LBX1_1,LBX1,0,-0.002268,0.1196
LBX1_2,LBX1,0,-0.01584,0.1428
LBX1_3,LBX1,0,-0.01123,0.1133
LBX1_4,LBX1,0,-0.003596,0.1246
LBX1_5,LBX1,0,0.003755,0.053
LBX1_6,LBX1,0,-0.008736,0.1034
LBX2_1,LBX2,0,-0.006448,0.1563
LBX2_2,LBX2,0,-0.02849,0.1833
LBX2_3,LBX2,0,-0.01668,0.1414
LBX2_4,LBX2,0,-0.02532,0.2413
LBX2_5,LBX2,0,-0.01131,0.08988
LBX2_6,LBX2,0,-0.01043,0.1635
LCORL_1,LCORL,0,-0.001909,0.1024
LCORL_2,LCORL,0,-0.0115,0.2038
LCORL_3,LCORL,0,0.006093,0.2097
LCORL_4,LCORL,0,-0.01432,0.1319
LCORL_5,LCORL,0,-0.008405,0.1321
LCORL_6,LCORL,0,-0.01463,0.2385
LCOR_1,LCOR,0,-0.02576,0.2436
LCOR_2,LCOR,0,-0.005976,0.1315
LCOR_3,LCOR,0,0.002949,0.1686
LCOR_4,LCOR,0,-0.01251,0.15
LCOR_5,LCOR,0,-0.008356,0.1248
LCOR_6,LCOR,0,0.00807,0.1405
LDB1_P1_1,LDB1,0,-0.0001285,0.1085
LDB1_P1_2,LDB1,0,-0.003949,0.1705
LDB1_P1_3,LDB1,0,0.01522,0.2366
LDB1_P1_4,LDB1,0,-0.0353,0.2909
LDB1_P1_5,LDB1,0,-0.001547,0.09994
LDB1_P1_6,LDB1,0,-0.0004781,0.1658
LDB1_P2_1,LDB1,0,-0.0163,0.2241
LDB1_P2_2,LDB1,0,-0.02143,0.2246
LDB1_P2_3,LDB1,0,-0.02561,0.2786
LDB1_P2_4,LDB1,0,-0.00134,0.07937
LDB1_P2_5,LDB1,0,-0.002351,0.1008
LDB1_P2_6,LDB1,0,-0.002913,0.1534
LDB2_1,LDB2,0,-0.01826,0.1178
LDB2_2,LDB2,0,-0.001878,0.1431
LDB2_3,LDB2,0,-0.0621,0.5072
LDB2_4,LDB2,0,-0.002895,0.1078
LDB2_5,LDB2,0,-0.01333,0.1157
LDB2_6,LDB2,0,-0.006885,0.1451
LEF1_P1_1,LEF1,0,0.004559,0.208
LEF1_P1_2,LEF1,0,-0.0003267,0.07952
LEF1_P1_3,LEF1,0,0.0008418,0.09984
LEF1_P1_4,LEF1,0,-0.003297,0.1191
LEF1_P1_5,LEF1,0,0.001734,0.154
LEF1_P1_6,LEF1,0,0.0008387,0.1489
LEF1_P2_1,LEF1,0,0.003213,0.1159
LEF1_P2_2,LEF1,0,0.00255,0.08045
LEF1_P2_3,LEF1,0,-0.002097,0.169
LEF1_P2_4,LEF1,0,-0.01725,0.1575
LEF1_P2_5,LEF1,0,-0.01637,0.1193
LEF1_P2_6,LEF1,0,-0.00265,0.0912
LEUTX_1,LEUTX,0,0.004418,0.1859
LEUTX_2,LEUTX,0,-0.01045,0.1703
LEUTX_3,LEUTX,0,-0.01126,0.138
LEUTX_4,LEUTX,0,-0.01262,0.2183
LEUTX_5,LEUTX,0,-0.005893,0.07492
LEUTX_6,LEUTX,0,-0.001664,0.09027
LHX1_1,LHX1,0,0.004371,0.1172
LHX1_2,LHX1,0,-0.01774,0.1734
LHX1_3,LHX1,0,-0.0132,0.1757
LHX1_4,LHX1,0,-0.01988,0.223
LHX1_5,LHX1,0,-0.005056,0.1243
LHX1_6,LHX1,0,0.006437,0.1179
LHX2_1,LHX2,0,0.001137,0.08691
LHX2_2,LHX2,0,-0.002333,0.158
LHX2_3,LHX2,0,-0.01617,0.1661
LHX2_4,LHX2,0,-0.03186,0.1445
LHX2_5,LHX2,0,-0.004389,0.0764
LHX2_6,LHX2,0,-0.001016,0.07099
LHX3_P1_1,LHX3,0,-0.008851,0.127
LHX3_P1_2,LHX3,0,-0.003637,0.1773
LHX3_P1_3,LHX3,0,-0.004104,0.1159
LHX3_P1_4,LHX3,0,0.0008984,0.1326
LHX3_P1_5,LHX3,0,-0.000435,0.07736
LHX3_P1_6,LHX3,0,-0.01059,0.107
LHX3_P2_1,LHX3,0,0.003645,0.1422
LHX3_P2_2,LHX3,0,-0.0427,0.2411
LHX3_P2_3,LHX3,0,-0.007919,0.2659
LHX3_P2_4,LHX3,0,-0.02102,0.2051
LHX3_P2_5,LHX3,0,0.001524,0.07276
LHX3_P2_6,LHX3,0,-0.004051,0.07146
LHX4_1,LHX4,0,-0.004735,0.1691
LHX4_2,LHX4,0,-0.004225,0.1131
LHX4_3,LHX4,0,-0.03779,0.2928
LHX4_4,LHX4,0,-0.01939,0.1574
LHX4_5,LHX4,0,-0.01423,0.1168
LHX4_6,LHX4,0,-0.001671,0.06475
LHX5_1,LHX5,0,0.001825,0.08993
LHX5_2,LHX5,0,0.003901,0.1115
LHX5_3,LHX5,0,-0.003269,0.05475
LHX5_4,LHX5,0,-0.00862,0.1509
LHX5_5,LHX5,0,-0.008009,0.1161
LHX5_6,LHX5,0,-0.01472,0.1703
LHX6_P1_1,LHX6,0,-0.003606,0.1437
LHX6_P1_2,LHX6,0,-0.01565,0.1767
LHX6_P1_3,LHX6,0,-0.004323,0.1565
LHX6_P1_4,LHX6,0,-0.0107,0.1995
LHX6_P1_5,LHX6,0,-0.005945,0.09911
LHX6_P1_6,LHX6,0,0.002864,0.1046
LHX6_P2_1,LHX6,0,-0.00544,0.1363
LHX6_P2_2,LHX6,0,-0.005848,0.1198
LHX6_P2_3,LHX6,0,-0.009982,0.1513
LHX6_P2_4,LHX6,0,-0.01916,0.1674
LHX6_P2_5,LHX6,0,-0.00335,0.1228
LHX6_P2_6,LHX6,0,-0.004528,0.1046
LHX8_1,LHX8,0,0.002876,0.1918
LHX8_2,LHX8,0,-0.02836,0.3105
LHX8_3,LHX8,0,-0.2515,0.4891
LHX8_4,LHX8,0,-0.07898,0.3621
LHX8_5,LHX8,0,-0.001833,0.07495
LHX8_6,LHX8,0,0.004373,0.1598
LHX9_1,LHX9,0,-0.006824,0.144
LHX9_2,LHX9,0,-0.002885,0.1783
LHX9_3,LHX9,0,-0.001802,0.2827
LHX9_4,LHX9,0,-0.05735,0.3082
LHX9_5,LHX9,0,-0.003455,0.06424
LHX9_6,LHX9,0,-0.00288,0.0876
LIN28A_1,LIN28A,1,-0.02383,0.2166
LIN28A_2,LIN28A,1,-0.01445,0.1509
LIN28A_3,LIN28A,0,-0.06057,0.4408
LIN28A_4,LIN28A,0,-0.0173,0.2326
LIN28A_5,LIN28A,0,-0.002969,0.1146
LIN28A_6,LIN28A,0,-0.09179,0.6035
LIN28B_1,LIN28B,0,-0.008072,0.1331
LIN28B_2,LIN28B,0,-0.0005105,0.1121
LIN28B_3,LIN28B,0,-0.00406,0.09785
LIN28B_4,LIN28B,0,-0.0212,0.2163
LIN28B_5,LIN28B,0,-0.01264,0.1298
LIN28B_6,LIN28B,0,-0.001051,0.1184
LIN54_P1_1,LIN54,0,-0.006719,0.1279
LIN54_P1_2,LIN54,0,-0.01512,0.2507
LIN54_P1_3,LIN54,0,-0.001577,0.1379
LIN54_P1_4,LIN54,0,-0.01795,0.3041
LIN54_P1_5,LIN54,0,0.001685,0.1718
LIN54_P1_6,LIN54,0,-0.01181,0.152
LIN54_P2_1,LIN54,0,-0.02081,0.1638
LIN54_P2_2,LIN54,0,-0.00829,0.1077
LIN54_P2_3,LIN54,0,-0.008432,0.1719
LIN54_P2_4,LIN54,0,0.0009088,0.1357
LIN54_P2_5,LIN54,0,-0.001069,0.09466
LIN54_P2_6,LIN54,0,-0.003206,0.04606
LIN9_1,LIN9,0,-0.08638,0.3867
LIN9_2,LIN9,0,0.01267,0.1483
LIN9_3,LIN9,0,-0.008273,0.1474
LIN9_4,LIN9,0,-0.01076,0.08485
LIN9_5,LIN9,0,-0.007865,0.1727
LIN9_6,LIN9,0,-0.003555,0.08062
LITAF_1,LITAF,0,-0.001856,0.1581
LITAF_2,LITAF,0,0.005892,0.3356
LITAF_3,LITAF,0,-0.0006207,0.1531
LITAF_4,LITAF,0,-0.02344,0.2089
LITAF_5,LITAF,0,-0.01023,0.1729
LITAF_6,LITAF,0,-0.0158,0.2017
LMO1_P1_1,LMO1,0,-0.03449,0.2595
LMO1_P1_2,LMO1,0,-0.0176,0.1574
LMO1_P1_3,LMO1,0,-0.02737,0.2128
LMO1_P1_4,LMO1,0,-0.01877,0.2363
LMO1_P1_5,LMO1,0,0.001285,0.2333
LMO1_P1_6,LMO1,0,-0.004132,0.08642
LMO1_P2_1,LMO1,0,-0.02423,0.1538
LMO1_P2_2,LMO1,0,0.001407,0.1091
LMO1_P2_3,LMO1,0,-0.007554,0.1711
LMO1_P2_4,LMO1,0,0.0006521,0.1632
LMO1_P2_5,LMO1,0,-0.02277,0.1131
LMO1_P2_6,LMO1,0,-0.002576,0.05222
LMO3_P1_1,LMO3,0,0.01009,0.1548
LMO3_P1_2,LMO3,0,0.0007098,0.1273
LMO3_P1_3,LMO3,0,-0.01529,0.327
LMO3_P1_4,LMO3,0,0.001503,0.1097
LMO3_P1_5,LMO3,0,0.0002777,0.1138
LMO3_P1_6,LMO3,0,0.002033,0.1626
LMO3_P2_1,LMO3,0,-0.01449,0.1736
LMO3_P2_2,LMO3,0,-0.01693,0.1596
LMO3_P2_3,LMO3,0,-0.01857,0.2084
LMO3_P2_4,LMO3,0,-0.05281,0.5254
LMO3_P2_5,LMO3,0,0.001004,0.07015
LMO3_P2_6,LMO3,0,-0.001168,0.1435
LMO4_1,LMO4,0,-0.0006288,0.09983
LMO4_2,LMO4,0,-0.02218,0.3539
LMO4_3,LMO4,0,-0.002097,0.1947
LMO4_4,LMO4,0,-0.006474,0.1281
LMO4_5,LMO4,0,0.008658,0.07129
LMO4_6,LMO4,0,0.001587,0.09147
LMX1A_1,LMX1A,0,-0.01024,0.2275
LMX1A_2,LMX1A,0,-0.008553,0.1663
LMX1A_3,LMX1A,0,-0.01619,0.1502
LMX1A_4,LMX1A,0,-0.03213,0.2419
LMX1A_5,LMX1A,0,-0.007418,0.08864
LMX1A_6,LMX1A,0,-0.01482,0.1049
LMX1B_1,LMX1B,0,-0.02765,0.2416
LMX1B_2,LMX1B,0,-0.004178,0.1489
LMX1B_3,LMX1B,0,-0.02057,0.286
LMX1B_4,LMX1B,0,-0.01502,0.1465
LMX1B_5,LMX1B,0,-0.006395,0.133
LMX1B_6,LMX1B,0,-0.00905,0.08775
LRPPRC_1,LRPPRC,1,0.01105,0.1291
LRPPRC_2,LRPPRC,0,0.0005468,0.1651
LRPPRC_3,LRPPRC,0,-0.007932,0.197
LRPPRC_4,LRPPRC,0,0.0004544,0.08763
LRPPRC_5,LRPPRC,1,-0.001753,0.1172
LRPPRC_6,LRPPRC,0,-0.01081,0.1221
LRRFIP1_1,LRRFIP1,0,0.00557,0.08763
LRRFIP1_2,LRRFIP1,0,-0.01313,0.1249
LRRFIP1_3,LRRFIP1,0,0.003677,0.1683
LRRFIP1_4,LRRFIP1,0,-0.005318,0.2038
LRRFIP1_5,LRRFIP1,0,-0.01421,0.08798
LRRFIP1_6,LRRFIP1,0,0.00213,0.08516
LTF_1,LTF,1,-0.006701,0.1341
LTF_2,LTF,0,-0.007556,0.1289
LTF_3,LTF,0,-0.02288,0.2496
LTF_4,LTF,1,0.002583,0.1088
LTF_5,LTF,0,-0.01015,0.1343
LTF_6,LTF,0,-0.01766,0.1961
LYL1_1,LYL1,0,-0.01802,0.2141
LYL1_2,LYL1,0,-0.01249,0.1304
LYL1_3,LYL1,0,-0.003686,0.1264
LYL1_4,LYL1,0,-0.02984,0.2032
LYL1_5,LYL1,0,-0.004025,0.07822
LYL1_6,LYL1,0,-0.004105,0.1794
LZTR1_1,LZTR1,0,0.001572,0.1196
LZTR1_2,LZTR1,0,0.01412,0.2173
LZTR1_3,LZTR1,0,-0.06472,0.3212
LZTR1_4,LZTR1,0,0.004403,0.3029
LZTR1_5,LZTR1,0,-0.007341,0.05845
LZTR1_6,LZTR1,0,0.002394,0.07639
LZTS1_1,LZTS1,0,-0.01894,0.2122
LZTS1_2,LZTS1,0,-0.001532,0.08408
LZTS1_3,LZTS1,0,-0.1754,0.441
LZTS1_4,LZTS1,0,-0.03714,0.3265
LZTS1_5,LZTS1,0,-0.004476,0.08889
LZTS1_6,LZTS1,0,0.003146,0.1067
MAEL_1,MAEL,0,0.009377,0.1294
MAEL_2,MAEL,0,0.002337,0.189
MAEL_3,MAEL,0,-0.01132,0.3004
MAEL_4,MAEL,0,-0.01773,0.2181
MAEL_5,MAEL,0,-0.01822,0.1106
MAEL_6,MAEL,0,-0.01234,0.08965
MAFA_1,MAFA,0,-0.004366,0.2094
MAFA_2,MAFA,0,-0.001984,0.1954
MAFA_3,MAFA,0,-0.02745,0.2356
MAFA_4,MAFA,0,-0.04003,0.2392
MAFA_5,MAFA,0,0.001085,0.1662
MAFA_6,MAFA,0,0.007458,0.09808
MAFB_1,MAFB,0,-0.004767,0.1695
MAFB_2,MAFB,0,-8.39e-05,0.1305
MAFB_3,MAFB,0,-0.007713,0.2104
MAFB_4,MAFB,0,-0.004457,0.218
MAFB_5,MAFB,0,0.006924,0.06932
MAFB_6,MAFB,0,0.0007938,0.1268
MAFF_1,MAFF,0,0.01638,0.3778
MAFF_2,MAFF,0,-0.001825,0.1695
MAFF_3,MAFF,0,-0.02545,0.261
MAFF_4,MAFF,0,0.0002785,0.1202
MAFF_5,MAFF,0,-0.006541,0.05919
MAFF_6,MAFF,0,0.003314,0.08224
MAFG_1,MAFG,0,-0.0102,0.2135
MAFG_2,MAFG,0,-0.01237,0.1521
MAFG_3,MAFG,0,-0.01025,0.2057
MAFG_4,MAFG,0,-0.025,0.1687
MAFG_5,MAFG,0,-0.01067,0.1929
MAFG_6,MAFG,0,-0.009866,0.07471
MAFK_1,MAFK,0,-0.04687,0.2693
MAFK_2,MAFK,0,0.01732,0.1356
MAFK_3,MAFK,0,-0.005807,0.1244
MAFK_4,MAFK,0,-0.003547,0.1118
MAFK_5,MAFK,0,0.003371,0.1328
MAFK_6,MAFK,0,-0.001169,0.04995
MAF_1,MAF,0,-0.008487,0.123
MAF_2,MAF,0,0.0005356,0.1018
MAF_3,MAF,0,-0.02459,0.175
MAF_4,MAF,0,-0.01074,0.1439
MAF_5,MAF,0,-0.005752,0.07913
MAF_6,MAF,0,-0.0002923,0.176
MALAT1,MALAT1,0,0.004737,0.04175
MAP3K7_1,MAP3K7,0,-0.0006712,0.108
MAP3K7_2,MAP3K7,0,-0.02069,0.1305
MAP3K7_3,MAP3K7,0,-0.01743,0.1748
MAP3K7_4,MAP3K7,0,0.003752,0.1306
MAP3K7_5,MAP3K7,0,-0.00478,0.085
MAP3K7_6,MAP3K7,0,0.003592,0.09428
MAPK8IP1_P1_1,MAPK8IP1,0,-0.003557,0.1438
MAPK8IP1_P1_2,MAPK8IP1,0,0.0006119,0.1134
MAPK8IP1_P1_3,MAPK8IP1,0,0.004702,0.1862
MAPK8IP1_P1_4,MAPK8IP1,0,-0.01331,0.1497
MAPK8IP1_P1_5,MAPK8IP1,0,-0.001487,0.112
MAPK8IP1_P1_6,MAPK8IP1,0,0.004373,0.1179
MAPK8IP1_P2_1,MAPK8IP1,0,-0.02128,0.208
MAPK8IP1_P2_2,MAPK8IP1,0,-0.01014,0.15
MAPK8IP1_P2_3,MAPK8IP1,0,-0.03365,0.2397
MAPK8IP1_P2_4,MAPK8IP1,0,-0.007874,0.2477
MAPK8IP1_P2_5,MAPK8IP1,0,-0.000468,0.06241
MAPK8IP1_P2_6,MAPK8IP1,0,-0.002086,0.05989
MARS_1,MARS,0,-0.1779,0.5387
MARS_2,MARS,0,-0.01132,0.2853
MARS_3,MARS,1,-0.0891,0.5474
MARS_4,MARS,0,-0.02703,0.24
MARS_5,MARS,1,-0.01209,0.1235
MARS_6,MARS,0,-0.0002404,0.07083
MAX_1,MAX,0,0.001642,0.1901
MAX_2,MAX,0,0.001289,0.1216
MAX_3,MAX,0,-0.0225,0.1682
MAX_4,MAX,0,-0.02336,0.1752
MAX_5,MAX,0,-0.007054,0.0825
MAX_6,MAX,0,0.003597,0.08918
MAZ_1,MAZ,0,-0.01272,0.2306
MAZ_2,MAZ,0,-0.00152,0.09025
MAZ_3,MAZ,0,-0.00935,0.1776
MAZ_4,MAZ,0,-0.04047,0.2794
MAZ_5,MAZ,0,-0.004507,0.1218
MAZ_6,MAZ,0,-0.001266,0.1589
MBD1_1,MBD1,1,-0.009835,0.1519
MBD1_2,MBD1,0,-0.004306,0.1409
MBD1_3,MBD1,1,-0.02208,0.1965
MBD1_4,MBD1,1,-0.04505,0.2456
MBD1_5,MBD1,0,-0.005929,0.1036
MBD1_6,MBD1,0,-0.004615,0.08813
MBD2_1,MBD2,0,-0.001184,0.09407
MBD2_2,MBD2,0,-0.008119,0.2059
MBD2_3,MBD2,0,-0.003178,0.2707
MBD2_4,MBD2,0,-0.005685,0.131
MBD2_5,MBD2,0,0.0004134,0.1141
MBD2_6,MBD2,0,-0.01084,0.08941
MBD3_1,MBD3,0,-0.1743,0.4604
MBD3_3,MBD3,0,-0.01576,0.283
MBD3_4,MBD3,0,-0.001173,0.07321
MBD3_5,MBD3,0,0.00718,0.07989
MBD3_6,MBD3,0,0.0004382,0.2049
MBD4_1,MBD4,0,-0.006687,0.09112
MBD4_2,MBD4,0,-0.008024,0.1312
MBD4_3,MBD4,0,-0.004413,0.1799
MBD4_4,MBD4,0,-0.01073,0.1807
MBD4_5,MBD4,0,0.0005395,0.0872
MBD4_6,MBD4,0,-0.009154,0.1579
MBD6_1,MBD6,0,-0.02747,0.2647
MBD6_2,MBD6,0,-0.001712,0.1171
MBD6_3,MBD6,0,-0.009017,0.2016
MBD6_4,MBD6,0,0.006637,0.1586
MBD6_5,MBD6,0,-0.00992,0.1641
MBD6_6,MBD6,0,-0.001152,0.09923
MBNL2_1,MBNL2,0,-0.004007,0.09943
MBNL2_2,MBNL2,0,-0.00647,0.1683
MBNL2_3,MBNL2,0,-0.008134,0.1127
MBNL2_4,MBNL2,0,-0.02132,0.1981
MBNL2_5,MBNL2,0,-0.005044,0.1561
MBNL2_6,MBNL2,0,0.00471,0.1044
MBNL3_1,MBNL3,0,0.008806,0.1969
MBNL3_2,MBNL3,0,-0.0008185,0.113
MBNL3_3,MBNL3,0,-0.01699,0.1579
MBNL3_4,MBNL3,0,-0.01119,0.1144
MBNL3_5,MBNL3,0,0.001462,0.0855
MBNL3_6,MBNL3,0,-0.009031,0.1209
MECOM_1,MECOM,0,-0.009583,0.1461
MECOM_2,MECOM,0,-0.02032,0.1785
MECOM_3,MECOM,0,-0.02811,0.1783
MECOM_4,MECOM,0,-0.00648,0.1097
MECOM_5,MECOM,0,-0.00775,0.09944
MECOM_6,MECOM,0,0.0005411,0.088
MECP2_1,MECP2,0,-0.005706,0.1428
MECP2_2,MECP2,0,-0.001261,0.1441
MECP2_3,MECP2,0,-0.006511,0.176
MECP2_4,MECP2,0,-0.05158,0.303
MECP2_5,MECP2,0,-0.00722,0.1471
MECP2_6,MECP2,0,-0.003461,0.07835
MED20_1,MED20,0,0.0133,0.2747
MED20_2,MED20,0,-0.008082,0.1466
MED20_3,MED20,0,-0.01337,0.1615
MED20_4,MED20,0,-0.005879,0.2096
MED20_5,MED20,0,-0.003048,0.1163
MED20_6,MED20,0,-0.01146,0.1566
MED8_1,MED8,0,-0.01396,0.1872
MED8_2,MED8,0,-0.001536,0.1929
MED8_3,MED8,0,0.01776,0.1666
MED8_4,MED8,0,-0.0006808,0.1056
MED8_5,MED8,0,0.004899,0.1192
MED8_6,MED8,0,-0.02728,0.2108
MEF2A_1,MEF2A,0,-0.08381,0.4787
MEF2A_2,MEF2A,0,0.001774,0.1363
MEF2A_3,MEF2A,0,-0.0621,0.294
MEF2A_4,MEF2A,0,-0.03385,0.3255
MEF2A_5,MEF2A,0,-0.001787,0.1282
MEF2A_6,MEF2A,0,0.001914,0.06814
MEF2B_1|MEF2BNB-MEF2B_1,MEF2B|MEF2BNB-MEF2B,0,-0.007074,0.09745
MEF2B_2|MEF2BNB-MEF2B_2,MEF2B|MEF2BNB-MEF2B,0,-0.01067,0.1524
MEF2B_3|MEF2BNB-MEF2B_3,MEF2B|MEF2BNB-MEF2B,0,0.002229,0.1193
MEF2B_4|MEF2BNB-MEF2B_4,MEF2B|MEF2BNB-MEF2B,0,-0.01293,0.1117
MEF2B_5|MEF2BNB-MEF2B_5,MEF2B|MEF2BNB-MEF2B,0,-0.005027,0.09252
MEF2B_6|MEF2BNB-MEF2B_6,MEF2B|MEF2BNB-MEF2B,0,-0.0003678,0.05951
MEF2C_1,MEF2C,0,-0.007246,0.1592
MEF2C_2,MEF2C,0,0.002204,0.1091
MEF2C_3,MEF2C,0,-0.008341,0.0927
MEF2C_4,MEF2C,0,-0.003336,0.1483
MEF2C_5,MEF2C,0,0.001466,0.0815
MEF2C_6,MEF2C,0,-0.002333,0.1601
MEF2D_1,MEF2D,0,-0.0225,0.1522
MEF2D_2,MEF2D,0,-0.01375,0.1518
MEF2D_3,MEF2D,0,-1.42e-06,0.117
MEF2D_4,MEF2D,0,-0.002603,0.08172
MEF2D_5,MEF2D,0,-0.00656,0.1081
MEF2D_6,MEF2D,0,-0.003977,0.1054
MEIS1_1,MEIS1,0,0.002764,0.114
MEIS1_2,MEIS1,0,-0.01392,0.1276
MEIS1_3,MEIS1,0,-0.008314,0.1796
MEIS1_4,MEIS1,0,-0.002863,0.1311
MEIS1_5,MEIS1,0,0.01263,0.09273
MEIS1_6,MEIS1,0,-0.006077,0.207
MEIS2_1,MEIS2,0,-0.1174,0.4837
MEIS2_2,MEIS2,0,-0.01044,0.1313
MEIS2_3,MEIS2,0,-0.03694,0.3569
MEIS2_4,MEIS2,0,-0.01062,0.1531
MEIS2_5,MEIS2,0,0.001079,0.06913
MEIS2_6,MEIS2,0,-0.001441,0.1506
MEIS3_P1_1,MEIS3,0,-0.07542,0.635
MEIS3_P1_2,MEIS3,0,-0.02982,0.2324
MEIS3_P1_3,MEIS3,0,0.0004893,0.09843
MEIS3_P1_4,MEIS3,0,-0.004358,0.1749
MEIS3_P1_5,MEIS3,0,-0.009002,0.1019
MEIS3_P1_6,MEIS3,0,-0.003195,0.08559
MEIS3_P2_1,MEIS3,0,-0.0141,0.1499
MEIS3_P2_2,MEIS3,0,-0.00335,0.09785
MEIS3_P2_3,MEIS3,0,-0.006103,0.1794
MEIS3_P2_4,MEIS3,0,-0.01378,0.263
MEIS3_P2_5,MEIS3,0,-0.007772,0.08247
MEIS3_P2_6,MEIS3,0,0.006199,0.1356
MEOX1_1,MEOX1,0,-0.0198,0.2153
MEOX1_2,MEOX1,0,-0.01188,0.1379
MEOX1_3,MEOX1,0,-0.01861,0.1415
MEOX1_4,MEOX1,0,-0.01052,0.1757
MEOX1_5,MEOX1,0,-0.002733,0.1166
MEOX1_6,MEOX1,0,0.0009898,0.1322
MEOX2_1,MEOX2,0,-0.007047,0.09218
MEOX2_2,MEOX2,0,-0.03865,0.291
MEOX2_3,MEOX2,0,-0.008515,0.1104
MEOX2_4,MEOX2,0,-0.005907,0.1362
MEOX2_5,MEOX2,0,0.00569,0.0859
MEOX2_6,MEOX2,0,0.001275,0.1016
MESP1_1,MESP1,0,-0.001888,0.1224
MESP1_2,MESP1,0,-0.008451,0.08434
MESP1_3,MESP1,0,-0.01578,0.1694
MESP1_4,MESP1,0,0.001243,0.1338
MESP1_5,MESP1,0,0.001739,0.1599
MESP1_6,MESP1,0,-0.01526,0.09286
MESP2_1,MESP2,0,-0.009389,0.1554
MESP2_2,MESP2,0,-0.005628,0.1209
MESP2_3,MESP2,0,-0.01042,0.1147
MESP2_4,MESP2,0,-0.002052,0.1356
MESP2_5,MESP2,0,-0.004161,0.1359
MESP2_6,MESP2,0,-0.005045,0.122
MGA_1,MGA,0,-0.007385,0.1668
MGA_2,MGA,0,-0.01461,0.1161
MGA_3,MGA,0,0.01383,0.1719
MGA_4,MGA,0,-0.0266,0.2157
MGA_5,MGA,0,-0.006776,0.1033
MGA_6,MGA,0,-0.01305,0.1406
MIER1_P1_1,MIER1,0,-0.009141,0.1311
MIER1_P1_2,MIER1,0,-0.001097,0.104
MIER1_P1_3,MIER1,0,-0.05362,0.3523
MIER1_P1_4,MIER1,0,-0.02308,0.2147
MIER1_P1_5,MIER1,0,-0.006568,0.1341
MIER1_P1_6,MIER1,0,-0.006093,0.1699
MIER1_P2_2,MIER1,0,0.002388,0.1426
MIER1_P2_3,MIER1,0,-0.01473,0.1193
MIER1_P2_4,MIER1,0,0.000747,0.1653
MIER1_P2_5,MIER1,0,0.004568,0.1479
MIER1_P2_6,MIER1,0,-0.001957,0.08031
MIER2_1,MIER2,0,0.003112,0.1426
MIER2_2,MIER2,0,-0.001758,0.1496
MIER2_3,MIER2,0,-0.02778,0.2236
MIER2_4,MIER2,0,-0.004045,0.187
MIER2_5,MIER2,0,0.004323,0.09973
MIER2_6,MIER2,0,-0.007159,0.09102
MIER3_1,MIER3,0,-0.02461,0.1701
MIER3_2,MIER3,0,-0.01681,0.1832
MIER3_3,MIER3,0,-0.07448,0.3717
MIER3_4,MIER3,0,-0.01562,0.156
MIER3_5,MIER3,0,-0.01453,0.1455
MIER3_6,MIER3,0,0.001591,0.142
MIS18BP1_1,MIS18BP1,0,-0.2238,0.7712
MIS18BP1_2,MIS18BP1,0,-0.05042,0.3236
MIS18BP1_4,MIS18BP1,0,-0.2222,0.5305
MIS18BP1_5,MIS18BP1,0,0.001857,0.1806
MIS18BP1_6,MIS18BP1,0,-0.1889,0.5082
MITF_P1_1,MITF,0,-0.007036,0.2328
MITF_P1_2,MITF,0,-0.006478,0.1432
MITF_P1_3,MITF,0,-0.01891,0.2261
MITF_P1_4,MITF,0,-0.01191,0.1479
MITF_P1_5,MITF,0,-0.004034,0.0886
MITF_P1_6,MITF,0,0.0001939,0.1035
MITF_P2_1,MITF,0,-0.01082,0.1939
MITF_P2_2,MITF,0,0.001108,0.1376
MITF_P2_3,MITF,0,-0.01176,0.1405
MITF_P2_4,MITF,0,-0.0275,0.1954
MITF_P2_5,MITF,0,-0.01308,0.1259
MITF_P2_6,MITF,0,0.004367,0.06596
MIXL1_1,MIXL1,1,0.002193,0.1584
MIXL1_2,MIXL1,0,0.002326,0.1454
MIXL1_3,MIXL1,1,-0.02049,0.2528
MIXL1_4,MIXL1,0,-0.007053,0.2292
MIXL1_5,MIXL1,1,-0.001503,0.1179
MIXL1_6,MIXL1,1,0.001561,0.1154
MKX_P1_1,MKX,0,-0.01585,0.1501
MKX_P1_2,MKX,0,-0.006207,0.1417
MKX_P1_3,MKX,0,-0.008753,0.1587
MKX_P1_4,MKX,0,-0.0119,0.1964
MKX_P1_5,MKX,0,-0.0055,0.09956
MKX_P1_6,MKX,0,-0.00148,0.1259
MKX_P2_1,MKX,0,0.0004457,0.1123
MKX_P2_2,MKX,0,-0.01167,0.1255
MKX_P2_3,MKX,0,-0.01455,0.1286
MKX_P2_4,MKX,0,-0.01946,0.1937
MKX_P2_5,MKX,0,-0.009468,0.1257
MKX_P2_6,MKX,0,-0.005008,0.1222
MLLT10_1,MLLT10,0,-0.006333,0.1586
MLLT10_2,MLLT10,0,0.004874,0.1247
MLLT10_3,MLLT10,0,-0.003645,0.1364
MLLT10_4,MLLT10,0,-0.0137,0.1585
MLLT10_5,MLLT10,0,-0.003041,0.1554
MLLT10_6,MLLT10,0,0.001587,0.07315
MLLT1_1,MLLT1,0,-0.2848,0.6156
MLLT1_2,MLLT1,0,-0.01199,0.2187
MLLT1_3,MLLT1,0,-0.02214,0.1759
MLLT1_4,MLLT1,0,-0.01005,0.1588
MLLT1_5,MLLT1,0,-0.009624,0.08643
MLLT1_6,MLLT1,0,-0.009051,0.1328
MLLT3_1,MLLT3,1,-0.006362,0.07744
MLLT3_2,MLLT3,1,0.007626,0.1505
MLLT3_3,MLLT3,0,-0.03419,0.1922
MLLT3_4,MLLT3,1,-0.003357,0.1984
MLLT3_5,MLLT3,0,0.003011,0.1176
MLLT3_6,MLLT3,1,0.002315,0.04145
MLXIPL_1,MLXIPL,0,-0.002138,0.1404
MLXIPL_2,MLXIPL,0,-0.1483,0.495
MLXIPL_3,MLXIPL,0,-0.00691,0.1177
MLXIPL_4,MLXIPL,0,-0.005289,0.1302
MLXIPL_5,MLXIPL,0,-0.004622,0.09701
MLXIPL_6,MLXIPL,0,-4.563e-06,0.08937
MLXIP_1,MLXIP,0,-0.003679,0.1689
MLXIP_2,MLXIP,0,-0.0005898,0.07138
MLXIP_3,MLXIP,0,-0.005932,0.07291
MLXIP_4,MLXIP,0,-0.01871,0.2028
MLXIP_5,MLXIP,0,-0.005173,0.1427
MLXIP_6,MLXIP,0,-0.003265,0.06415
MLX_1,MLX,0,-0.004809,0.1042
MLX_2,MLX,0,-0.04523,0.3906
MLX_3,MLX,0,-0.01678,0.1847
MLX_4,MLX,0,-0.02276,0.3247
MLX_5,MLX,0,-0.002881,0.2395
MLX_6,MLX,0,0.00205,0.1511
MMP3_1,MMP3,0,-0.0159,0.1479
MMP3_2,MMP3,0,-0.02913,0.2157
MMP3_3,MMP3,0,-0.003855,0.205
MMP3_4,MMP3,0,-0.01232,0.1515
MMP3_5,MMP3,0,-0.02408,0.2171
MMP3_6,MMP3,0,-0.005877,0.09445
MNAT1_5,MNAT1,0,-0.1245,0.5116
MNAT1_6,MNAT1,0,-0.1642,0.551
MNT_1,MNT,0,-0.01147,0.1601
MNT_2,MNT,0,-0.00952,0.1546
MNT_3,MNT,0,-0.0135,0.1889
MNT_4,MNT,0,-0.0001637,0.05115
MNT_5,MNT,0,0.003056,0.09862
MNT_6,MNT,0,-0.01214,0.06518
MNX1_1,MNX1,0,-0.0001065,0.1394
MNX1_2,MNX1,0,-0.01037,0.1594
MNX1_3,MNX1,0,-0.02522,0.2282
MNX1_4,MNX1,0,0.007875,0.176
MNX1_5,MNX1,0,-0.02049,0.1842
MNX1_6,MNX1,0,-0.009678,0.1235
MSANTD1_1,MSANTD1,0,-0.1441,0.5091
MSANTD1_2,MSANTD1,0,-0.04467,0.2154
MSANTD1_3,MSANTD1,0,-0.01046,0.1485
MSANTD1_4,MSANTD1,0,-0.01944,0.1648
MSANTD1_5,MSANTD1,0,-0.003606,0.1348
MSANTD1_6,MSANTD1,0,-0.001026,0.1928
MSANTD3_1,MSANTD3,0,-0.003167,0.1265
MSANTD3_2,MSANTD3,0,-0.01272,0.1382
MSANTD3_3,MSANTD3,0,-0.01167,0.206
MSANTD3_4,MSANTD3,0,-0.01562,0.1447
MSANTD3_5,MSANTD3,0,-0.001228,0.07414
MSANTD3_6,MSANTD3,0,0.002506,0.1505
MSANTD4_1,MSANTD4,0,-0.01329,0.1586
MSANTD4_2,MSANTD4,0,-0.01378,0.1248
MSANTD4_3,MSANTD4,0,-0.02085,0.2626
MSANTD4_4,MSANTD4,0,-0.02238,0.2466
MSANTD4_5,MSANTD4,0,-0.0007784,0.06435
MSANTD4_6,MSANTD4,0,0.002255,0.09436
MSC_1,MSC,0,-0.01139,0.1516
MSC_2,MSC,0,0.004866,0.1308
MSC_3,MSC,0,-0.02462,0.1996
MSC_4,MSC,0,-0.003396,0.1669
MSC_5,MSC,0,0.002544,0.07678
MSC_6,MSC,0,-0.009248,0.1082
MSGN1_1,MSGN1,0,-0.003279,0.1622
MSGN1_2,MSGN1,0,0.008189,0.1393
MSGN1_3,MSGN1,0,-0.01918,0.1626
MSGN1_4,MSGN1,0,-0.007713,0.2478
MSGN1_5,MSGN1,0,-0.006375,0.1003
MSGN1_6,MSGN1,0,-0.003924,0.1203
MSLN_1,MSLN,0,0.006236,0.1297
MSLN_2,MSLN,0,-0.008061,0.1545
MSLN_3,MSLN,0,-0.05977,0.3349
MSLN_4,MSLN,0,-0.007793,0.2166
MSLN_5,MSLN,0,-0.0004067,0.1224
MSLN_6,MSLN,0,0.002459,0.0852
MSX1_1,MSX1,0,-0.001556,0.1426
MSX1_2,MSX1,0,-0.004612,0.163
MSX1_3,MSX1,0,-0.01938,0.2041
MSX1_4,MSX1,0,-0.01094,0.1492
MSX1_5,MSX1,0,-0.006337,0.1037
MSX1_6,MSX1,0,-0.01167,0.1574
MSX2_1,MSX2,0,-0.004133,0.1278
MSX2_2,MSX2,0,-0.01744,0.1722
MSX2_3,MSX2,0,-0.03666,0.2894
MSX2_4,MSX2,0,-0.009307,0.1183
MSX2_5,MSX2,0,0.007725,0.1101
MSX2_6,MSX2,0,-0.003022,0.1259
MTA1_1,MTA1,0,-0.003487,0.1508
MTA1_2,MTA1,0,0.002744,0.133
MTA1_3,MTA1,1,-0.01052,0.07853
MTA1_4,MTA1,0,-0.005856,0.1205
MTA1_5,MTA1,1,-0.0007365,0.08429
MTA1_6,MTA1,0,-0.0006939,0.05959
MTA2_1,MTA2,0,-0.01685,0.1567
MTA2_2,MTA2,0,-0.01043,0.1406
MTA2_3,MTA2,0,0.01208,0.1742
MTA2_4,MTA2,0,-0.00609,0.219
MTA2_5,MTA2,0,-0.00374,0.1513
MTA2_6,MTA2,0,-0.0073,0.1227
MTA3_1,MTA3,0,-0.004774,0.1592
MTA3_2,MTA3,0,-0.03593,0.2276
MTA3_3,MTA3,0,-0.02294,0.1899
MTA3_4,MTA3,0,-0.0627,0.3069
MTA3_5,MTA3,0,-0.03546,0.2905
MTA3_6,MTA3,0,-0.01214,0.1644
MTERFD1_1,MTERFD1,0,-0.05039,0.2941
MTERFD1_2,MTERFD1,0,-0.1211,0.4486
MTERFD1_4,MTERFD1,0,-0.01937,0.2261
MTERFD1_5,MTERFD1,0,0.002567,0.2007
MTERFD1_6,MTERFD1,0,-0.03327,0.1929
MTERFD2_1,MTERFD2,0,-0.01527,0.1581
MTERFD2_2,MTERFD2,0,-0.00566,0.1664
MTERFD2_3,MTERFD2,0,-0.02869,0.2516
MTERFD2_4,MTERFD2,0,-0.009613,0.1464
MTERFD2_5,MTERFD2,0,-3.417e-05,0.09701
MTERFD2_6,MTERFD2,0,-0.001362,0.1291
MTERFD3_1,MTERFD3,0,-0.03835,0.2313
MTERFD3_2,MTERFD3,0,-0.003491,0.1022
MTERFD3_3,MTERFD3,0,0.004653,0.1391
MTERFD3_4,MTERFD3,0,-0.01441,0.1591
MTERFD3_5,MTERFD3,0,-0.003913,0.1193
MTERFD3_6,MTERFD3,0,-0.00084,0.07514
MTERF_1,MTERF,1,-0.01953,0.1441
MTERF_2,MTERF,0,-0.00649,0.1036
MTERF_3,MTERF,0,-0.06487,0.4982
MTERF_4,MTERF,0,-0.02115,0.1693
MTERF_5,MTERF,1,-0.016,0.1024
MTERF_6,MTERF,1,-0.01355,0.1019
MTF1_1,MTF1,0,-0.01393,0.177
MTF1_2,MTF1,0,0.008441,0.2815
MTF1_3,MTF1,0,-0.001451,0.0859
MTF1_4,MTF1,0,-0.00674,0.1289
MTF1_5,MTF1,0,-0.0007102,0.09756
MTF1_6,MTF1,0,-0.03299,0.2067
MTF2_1,MTF2,0,-0.001241,0.05514
MTF2_2,MTF2,0,-0.0005136,0.1444
MTF2_3,MTF2,0,0.00144,0.3175
MTF2_4,MTF2,0,-0.03204,0.2398
MTF2_5,MTF2,0,-0.005753,0.1354
MTF2_6,MTF2,0,-0.00206,0.154
MXD1_1,MXD1,0,-0.01434,0.146
MXD1_2,MXD1,0,0.001077,0.1305
MXD1_3,MXD1,0,-0.003823,0.1019
MXD1_4,MXD1,0,-0.01214,0.1043
MXD1_5,MXD1,0,-0.001869,0.1088
MXD1_6,MXD1,0,-0.00978,0.09196
MXD3_1,MXD3,0,-0.00125,0.0919
MXD3_2,MXD3,0,-0.00568,0.1181
MXD3_3,MXD3,0,0.01042,0.1784
MXD3_4,MXD3,0,-0.0247,0.2379
MXD3_5,MXD3,0,-0.1332,0.4247
MXD3_6,MXD3,0,0.007295,0.08766
MXD4_1,MXD4,0,-0.01598,0.1615
MXD4_2,MXD4,0,-0.008105,0.08574
MXD4_3,MXD4,0,-0.006342,0.1938
MXD4_4,MXD4,0,-0.02032,0.1617
MXD4_5,MXD4,0,-0.01004,0.1725
MXD4_6,MXD4,0,-0.007048,0.1097
MXI1_P1_1,MXI1,0,-0.03281,0.2256
MXI1_P1_2,MXI1,0,0.005309,0.08814
MXI1_P1_3,MXI1,0,-0.002367,0.1559
MXI1_P1_4,MXI1,0,-0.01462,0.1956
MXI1_P1_5,MXI1,0,-0.007498,0.08316
MXI1_P1_6,MXI1,0,-0.003698,0.08928
MXI1_P2_1,MXI1,0,-0.004054,0.1197
MXI1_P2_2,MXI1,0,-0.007114,0.1697
MXI1_P2_3,MXI1,0,-0.03922,0.195
MXI1_P2_4,MXI1,0,-0.01241,0.1872
MXI1_P2_5,MXI1,0,0.003827,0.06817
MXI1_P2_6,MXI1,0,-0.0128,0.1309
MYBBP1A_1,MYBBP1A,0,-0.3353,0.3835
MYBBP1A_2,MYBBP1A,0,-0.2872,0.5785
MYBBP1A_3,MYBBP1A,0,-0.1636,0.626
MYBBP1A_4,MYBBP1A,0,-0.02117,0.1669
MYBBP1A_5,MYBBP1A,0,-0.02735,0.3808
MYBBP1A_6,MYBBP1A,0,-0.0004011,0.2834
MYBL1_1,MYBL1,0,-0.00978,0.1814
MYBL1_2,MYBL1,0,0.007709,0.09767
MYBL1_3,MYBL1,0,-0.01989,0.1886
MYBL1_4,MYBL1,0,-0.01069,0.1917
MYBL1_5,MYBL1,0,-0.009831,0.09789
MYBL1_6,MYBL1,0,-0.004885,0.1552
MYBL2_1,MYBL2,0,-0.002664,0.1946
MYBL2_2,MYBL2,0,-0.07163,0.4655
MYBL2_3,MYBL2,0,0.006464,0.2001
MYBL2_4,MYBL2,0,-0.1958,0.7254
MYBL2_5,MYBL2,0,-0.2721,0.4589
MYBL2_6,MYBL2,0,-0.0517,0.3026
MYB_1,MYB,0,-0.01147,0.2383
MYB_2,MYB,0,-0.004315,0.1019
MYB_3,MYB,0,-0.01274,0.3135
MYB_4,MYB,0,-0.02036,0.1714
MYB_5,MYB,0,5.918e-05,0.07385
MYB_6,MYB,0,-0.006596,0.09152
MYCBP_1,MYCBP,0,-0.006037,0.2458
MYCBP_2,MYCBP,0,-0.004644,0.1139
MYCBP_3,MYCBP,0,0.004371,0.1176
MYCBP_4,MYCBP,0,-0.02793,0.3584
MYCBP_5,MYCBP,0,0.0006829,0.06021
MYCBP_6,MYCBP,0,-0.01432,0.1107
MYCL_1,MYCL,0,-0.002873,0.1378
MYCL_2,MYCL,0,-0.01228,0.2268
MYCL_3,MYCL,0,-0.01678,0.1961
MYCL_4,MYCL,0,0.001099,0.1896
MYCL_5,MYCL,0,-0.003466,0.1349
MYCL_6,MYCL,0,-0.002613,0.1201
MYCN_P1_1,MYCN,0,-0.01928,0.3108
MYCN_P1_2,MYCN,0,-0.03501,0.3107
MYCN_P1_3,MYCN,0,-0.003767,0.3641
MYCN_P1_4,MYCN,0,-0.01773,0.1468
MYCN_P1_5,MYCN,0,-0.01152,0.1298
MYCN_P1_6,MYCN,0,-0.002509,0.08935
MYCN_P2_1,MYCN,0,-0.01897,0.1871
MYCN_P2_2,MYCN,0,-0.01322,0.1341
MYCN_P2_3,MYCN,0,-0.01005,0.1357
MYCN_P2_4,MYCN,0,-0.008662,0.1443
MYCN_P2_5,MYCN,0,0.0002911,0.07218
MYCN_P2_6,MYCN,0,-0.01069,0.09137
MYC_1,MYC,0,-0.3341,0.5578
MYC_2,MYC,0,0.004507,0.1445
MYC_3,MYC,0,-0.004928,0.1923
MYC_4,MYC,0,-0.01525,0.1731
MYC_5,MYC,0,0.001618,0.1158
MYC_6,MYC,0,-0.004012,0.08719
MYEF2_1,MYEF2,0,0.00448,0.09049
MYEF2_2,MYEF2,0,0.003877,0.1112
MYEF2_3,MYEF2,0,-0.0304,0.3524
MYEF2_4,MYEF2,0,-0.002036,0.06299
MYEF2_5,MYEF2,0,-0.003555,0.1288
MYEF2_6,MYEF2,0,0.002466,0.09343
MYF5_1,MYF5,0,-0.008089,0.09913
MYF5_2,MYF5,0,-0.03422,0.3205
MYF5_3,MYF5,0,-0.009447,0.3236
MYF5_4,MYF5,0,0.0033,0.1409
MYF5_5,MYF5,0,-0.003025,0.1695
MYF5_6,MYF5,0,-0.005354,0.1231
MYF6_1,MYF6,0,-0.005591,0.1118
MYF6_2,MYF6,0,-0.02137,0.1788
MYF6_3,MYF6,0,-0.008272,0.1345
MYF6_4,MYF6,0,-0.02086,0.1557
MYF6_5,MYF6,0,0.0009269,0.08448
MYF6_6,MYF6,0,-0.003382,0.08832
MYNN_1,MYNN,1,-0.00775,0.1331
MYNN_2,MYNN,1,-0.02629,0.1955
MYNN_3,MYNN,0,-0.008656,0.1482
MYNN_4,MYNN,0,-0.0344,0.4428
MYNN_5,MYNN,1,-0.01093,0.1355
MYNN_6,MYNN,0,-0.003721,0.125
MYOCD_1,MYOCD,0,-0.004484,0.1161
MYOCD_2,MYOCD,0,-0.02525,0.2107
MYOCD_3,MYOCD,0,-0.01112,0.2144
MYOCD_4,MYOCD,0,-0.03446,0.2489
MYOCD_5,MYOCD,0,-0.00441,0.1071
MYOCD_6,MYOCD,0,0.0007766,0.1248
MYOD1_1,MYOD1,0,0.005146,0.1232
MYOD1_2,MYOD1,0,0.008654,0.1694
MYOD1_3,MYOD1,0,0.01378,0.2158
MYOD1_4,MYOD1,0,-0.02047,0.3723
MYOD1_5,MYOD1,0,-0.008364,0.1256
MYOD1_6,MYOD1,0,-0.002072,0.08127
MYOG_1,MYOG,0,-0.01073,0.158
MYOG_2,MYOG,0,0.0003995,0.1756
MYOG_3,MYOG,0,0.003004,0.06171
MYOG_4,MYOG,0,-0.0205,0.242
MYOG_5,MYOG,0,0.001855,0.07187
MYOG_6,MYOG,0,-0.001877,0.1222
MYPOP_1,MYPOP,0,-0.004997,0.1838
MYPOP_2,MYPOP,0,0.00592,0.1417
MYPOP_3,MYPOP,0,-0.02598,0.1975
MYPOP_4,MYPOP,0,-0.01024,0.1718
MYPOP_5,MYPOP,0,-0.01692,0.1795
MYPOP_6,MYPOP,0,-0.009217,0.09397
MYRFL_1,MYRFL,0,-0.007754,0.1428
MYRFL_2,MYRFL,0,0.002342,0.06882
MYRFL_3,MYRFL,0,-0.03748,0.352
MYRFL_4,MYRFL,0,-0.01487,0.1243
MYRFL_5,MYRFL,0,-0.007744,0.09419
MYRFL_6,MYRFL,0,-0.009372,0.08622
MYRF_P1_1,MYRF,0,-0.008426,0.1417
MYRF_P1_2,MYRF,0,-0.007599,0.1426
MYRF_P1_3,MYRF,0,-0.07452,0.4277
MYRF_P1_4,MYRF,0,-0.01872,0.2024
MYRF_P1_5,MYRF,0,-0.009617,0.1151
MYRF_P1_6,MYRF,0,-0.002974,0.07384
MYRF_P2_1,MYRF,0,0.003494,0.1046
MYRF_P2_2,MYRF,0,-0.01672,0.2255
MYRF_P2_3,MYRF,0,-0.06869,0.4926
MYRF_P2_4,MYRF,0,0.002538,0.1088
MYRF_P2_5,MYRF,0,-0.01105,0.2075
MYRF_P2_6,MYRF,0,0.0024,0.07134
MYSM1_2,MYSM1,0,-0.00114,0.2797
MYSM1_3,MYSM1,0,-0.2481,0.522
MYSM1_4,MYSM1,0,-0.07643,0.3994
MYSM1_5,MYSM1,0,0.00345,0.1266
MYSM1_6,MYSM1,0,-0.04706,0.3894
MYT1L_1,MYT1L,0,-0.01922,0.1769
MYT1L_2,MYT1L,0,0.008259,0.1537
MYT1L_3,MYT1L,0,-0.02886,0.2778
MYT1L_4,MYT1L,0,0.001751,0.1241
MYT1L_5,MYT1L,0,0.002865,0.09556
MYT1L_6,MYT1L,0,-0.007909,0.1174
MYT1_1,MYT1,0,-0.01947,0.2393
MYT1_2,MYT1,0,-0.01199,0.1833
MYT1_3,MYT1,0,0.00955,0.2409
MYT1_4,MYT1,0,0.01083,0.143
MYT1_5,MYT1,0,-0.003212,0.1081
MYT1_6,MYT1,0,0.001316,0.08511
MZF1_1,MZF1,0,-0.01105,0.1202
MZF1_2,MZF1,0,-0.003264,0.138
MZF1_3,MZF1,0,-0.001362,0.09216
MZF1_4,MZF1,0,-0.008655,0.1354
MZF1_5,MZF1,0,-0.01486,0.1366
MZF1_6,MZF1,0,-0.009338,0.1336
NACC2_1,NACC2,0,-0.03356,0.2514
NACC2_2,NACC2,0,0.002546,0.1258
NACC2_3,NACC2,0,-0.1122,0.4324
NACC2_4,NACC2,0,-0.02082,0.3309
NACC2_5,NACC2,0,-0.01328,0.1598
NACC2_6,NACC2,0,-0.01879,0.1518
NAIF1_1,NAIF1,0,-0.008884,0.1258
NAIF1_2,NAIF1,0,0.0009162,0.1159
NAIF1_3,NAIF1,0,-0.028,0.1341
NAIF1_4,NAIF1,0,-0.009925,0.1488
NAIF1_5,NAIF1,0,-0.000869,0.1246
NAIF1_6,NAIF1,0,0.01148,0.2191
NANOGNB_1,NANOGNB,0,-0.0172,0.152
NANOGNB_2,NANOGNB,0,-0.002838,0.1258
NANOGNB_3,NANOGNB,0,-0.03089,0.2193
NANOGNB_4,NANOGNB,0,-0.009951,0.1762
NANOGNB_5,NANOGNB,0,-0.02997,0.2779
NANOGNB_6,NANOGNB,0,-0.02134,0.1773
NANOG_1,NANOG,0,-0.05075,0.3233
NANOG_2,NANOG,0,-0.007367,0.2597
NANOG_3,NANOG,0,-0.3043,0.645
NANOG_4,NANOG,0,-0.009322,0.1264
NANOG_5,NANOG,0,-0.008009,0.1324
NANOG_6,NANOG,0,-0.00168,0.1067
NCL_P1_1,NCL,0,-0.003633,0.1284
NCL_P1_2,NCL,0,-0.02761,0.2092
NCL_P1_3,NCL,0,-0.01991,0.1907
NCL_P1_4,NCL,0,0.006089,0.2085
NCL_P1_5,NCL,0,-0.01334,0.1747
NCL_P1_6,NCL,0,-0.00134,0.1254
NCL_P2_1,NCL,0,0.006335,0.267
NCL_P2_2,NCL,0,-0.007769,0.1008
NCL_P2_3,NCL,0,-0.01332,0.1541
NCL_P2_4,NCL,0,-0.006201,0.1199
NCL_P2_5,NCL,0,-0.002412,0.09258
NCL_P2_6,NCL,0,-0.01304,0.1552
NCOA1_1,NCOA1,0,0.006218,0.1129
NCOA1_2,NCOA1,0,-0.0004238,0.1361
NCOA1_3,NCOA1,0,-0.00839,0.2085
NCOA1_4,NCOA1,0,0.00236,0.1518
NCOA1_5,NCOA1,0,-0.007429,0.09361
NCOA1_6,NCOA1,0,-0.003658,0.08788
NCOA2_1,NCOA2,0,-0.01162,0.1366
NCOA2_2,NCOA2,0,-0.02258,0.2102
NCOA2_3,NCOA2,0,-0.01147,0.1524
NCOA2_4,NCOA2,0,-0.02865,0.1814
NCOA2_5,NCOA2,0,-0.001623,0.05155
NCOA2_6,NCOA2,0,-0.02523,0.1656
NCOA3_1,NCOA3,0,-0.008482,0.175
NCOA3_2,NCOA3,0,-0.006034,0.1933
NCOA3_3,NCOA3,0,-0.01404,0.1656
NCOA3_4,NCOA3,0,-0.01319,0.1445
NCOA3_5,NCOA3,0,-0.02651,0.1508
NCOA3_6,NCOA3,0,-0.007619,0.1055
NCOA6_1,NCOA6,0,-0.02506,0.2415
NCOA6_2,NCOA6,0,0.008431,0.2228
NCOA6_3,NCOA6,0,-0.01262,0.233
NCOA6_4,NCOA6,0,0.0003635,0.1657
NCOA6_5,NCOA6,0,0.002647,0.09435
NCOA6_6,NCOA6,0,0.002718,0.09731
NCOR1_1,NCOR1,0,-0.01103,0.2509
NCOR1_2,NCOR1,0,-0.002156,0.1708
NCOR1_3,NCOR1,0,-0.009682,0.2317
NCOR1_4,NCOR1,0,-0.0007899,0.2567
NCOR1_5,NCOR1,0,-0.03512,0.3411
NCOR1_6,NCOR1,0,-0.01084,0.086
NCOR2_P1_1,NCOR2,0,-0.01396,0.1429
NCOR2_P1_2,NCOR2,0,-0.0001932,0.1208
NCOR2_P1_3,NCOR2,0,-0.1026,0.4439
NCOR2_P1_4,NCOR2,0,-0.03458,0.3947
NCOR2_P1_5,NCOR2,0,-0.003899,0.06896
NCOR2_P1_6,NCOR2,0,-0.009301,0.1086
NCOR2_P2_1,NCOR2,0,-0.005743,0.1388
NCOR2_P2_2,NCOR2,0,-0.0006066,0.115
NCOR2_P2_3,NCOR2,0,0.001478,0.113
NCOR2_P2_4,NCOR2,0,-0.01847,0.1962
NCOR2_P2_5,NCOR2,0,-0.0002768,0.08576
NCOR2_P2_6,NCOR2,0,0.00707,0.08019
NELFE_1,NELFE,0,-0.009744,0.1107
NELFE_2,NELFE,0,-0.003572,0.1584
NELFE_3,NELFE,0,-0.07946,0.5945
NELFE_4,NELFE,0,-0.01474,0.149
NELFE_5,NELFE,0,-0.007039,0.1779
NELFE_6,NELFE,0,-0.001818,0.1041
NEUROD1_1,NEUROD1,0,-0.0009643,0.1148
NEUROD1_2,NEUROD1,0,-0.01645,0.1747
NEUROD1_3,NEUROD1,0,-0.02967,0.2308
NEUROD1_4,NEUROD1,0,-0.004431,0.1272
NEUROD1_5,NEUROD1,0,0.004026,0.07743
NEUROD1_6,NEUROD1,0,0.001992,0.1045
NEUROD2_1,NEUROD2,0,-0.0481,0.3727
NEUROD2_2,NEUROD2,0,-0.03042,0.3094
NEUROD2_3,NEUROD2,0,-0.01627,0.1315
NEUROD2_4,NEUROD2,0,-0.01759,0.1324
NEUROD2_5,NEUROD2,0,0.00129,0.1067
NEUROD2_6,NEUROD2,0,-0.02646,0.237
NEUROD4_1,NEUROD4,0,-0.01293,0.2093
NEUROD4_2,NEUROD4,0,-0.0003392,0.118
NEUROD4_3,NEUROD4,0,-0.01019,0.201
NEUROD4_4,NEUROD4,0,0.003053,0.1739
NEUROD4_5,NEUROD4,0,-0.01323,0.1676
NEUROD4_6,NEUROD4,0,-0.004404,0.06995
NEUROD6_1,NEUROD6,0,-0.003366,0.2669
NEUROD6_2,NEUROD6,0,0.01453,0.1269
NEUROD6_3,NEUROD6,0,-0.009407,0.1271
NEUROD6_4,NEUROD6,0,-0.03226,0.2108
NEUROD6_5,NEUROD6,0,-0.005416,0.07878
NEUROD6_6,NEUROD6,0,-0.006925,0.1611
NEUROG1_1,NEUROG1,0,0.01246,0.1423
NEUROG1_2,NEUROG1,0,-0.01672,0.1438
NEUROG1_3,NEUROG1,0,0.0001951,0.1174
NEUROG1_4,NEUROG1,0,-0.005142,0.1446
NEUROG1_5,NEUROG1,0,-0.01336,0.1251
NEUROG1_6,NEUROG1,0,-0.01409,0.1793
NEUROG2_1,NEUROG2,0,-0.01847,0.1543
NEUROG2_2,NEUROG2,0,-0.007582,0.1431
NEUROG2_3,NEUROG2,0,-0.02544,0.2082
NEUROG2_4,NEUROG2,0,-0.0008612,0.06908
NEUROG2_5,NEUROG2,0,-0.006068,0.1337
NEUROG2_6,NEUROG2,0,0.007762,0.0874
NEUROG3_1,NEUROG3,0,-0.001124,0.1524
NEUROG3_2,NEUROG3,0,-0.01728,0.1569
NEUROG3_3,NEUROG3,0,-0.009579,0.2423
NEUROG3_4,NEUROG3,0,0.006094,0.1282
NEUROG3_5,NEUROG3,0,-0.0055,0.09214
NEUROG3_6,NEUROG3,0,0.0009308,0.09858
NF1_1,NF1,0,-0.003179,0.171
NF1_2,NF1,0,-0.01423,0.2127
NF1_3,NF1,0,0.002057,0.1781
NF1_4,NF1,0,0.005109,0.1054
NF1_5,NF1,0,-0.003663,0.1156
NF1_6,NF1,0,-9.937e-05,0.1181
NFAT5_1,NFAT5,0,-0.01422,0.1869
NFAT5_2,NFAT5,0,0.006588,0.1434
NFAT5_3,NFAT5,0,-0.001742,0.08149
NFAT5_4,NFAT5,0,-0.0003803,0.1267
NFAT5_5,NFAT5,0,-0.005655,0.1096
NFAT5_6,NFAT5,0,-0.005663,0.09566
NFATC1_P1_1,NFATC1,0,-0.008501,0.1749
NFATC1_P1_2,NFATC1,0,-0.02365,0.2063
NFATC1_P1_3,NFATC1,0,-0.01416,0.2432
NFATC1_P1_4,NFATC1,0,0.008588,0.1436
NFATC1_P1_5,NFATC1,0,-0.01168,0.1331
NFATC1_P1_6,NFATC1,0,-0.01001,0.07742
NFATC1_P2_1,NFATC1,0,-0.004632,0.2214
NFATC1_P2_2,NFATC1,0,0.007892,0.232
NFATC1_P2_3,NFATC1,0,-0.01733,0.1598
NFATC1_P2_4,NFATC1,0,-0.01171,0.2446
NFATC1_P2_5,NFATC1,0,0.0005664,0.1023
NFATC1_P2_6,NFATC1,0,-0.004957,0.08718
NFATC2_P1_1,NFATC2,0,-0.03296,0.178
NFATC2_P1_2,NFATC2,0,-0.01206,0.1995
NFATC2_P1_3,NFATC2,0,-0.01632,0.2031
NFATC2_P1_4,NFATC2,0,-0.02579,0.1926
NFATC2_P1_5,NFATC2,0,0.009634,0.1172
NFATC2_P1_6,NFATC2,0,0.01119,0.1219
NFATC2_P2_1,NFATC2,0,-0.02042,0.146
NFATC2_P2_2,NFATC2,0,-0.01864,0.2054
NFATC2_P2_3,NFATC2,0,-0.002672,0.1161
NFATC2_P2_4,NFATC2,0,-0.001028,0.1607
NFATC2_P2_5,NFATC2,0,0.006364,0.09694
NFATC2_P2_6,NFATC2,0,0.004313,0.1129
NFATC3_1,NFATC3,0,-0.02496,0.1372
NFATC3_2,NFATC3,0,0.003363,0.1648
NFATC3_3,NFATC3,0,0.0003998,0.2144
NFATC3_4,NFATC3,0,-0.001649,0.2615
NFATC3_5,NFATC3,0,0.004183,0.225
NFATC3_6,NFATC3,0,-0.003455,0.1047
NFATC4_1,NFATC4,0,0.003981,0.2023
NFATC4_2,NFATC4,0,-0.01475,0.1869
NFATC4_3,NFATC4,0,-0.004507,0.1805
NFATC4_4,NFATC4,0,-0.006404,0.1164
NFATC4_5,NFATC4,0,-0.01099,0.1128
NFATC4_6,NFATC4,0,-0.001603,0.09123
NFE2L1_1,NFE2L1,0,-0.01538,0.1644
NFE2L1_2,NFE2L1,0,-0.04019,0.2219
NFE2L1_3,NFE2L1,0,-0.001062,0.1103
NFE2L1_4,NFE2L1,0,-0.02436,0.2126
NFE2L1_5,NFE2L1,0,0.0007787,0.1043
NFE2L1_6,NFE2L1,0,-0.003332,0.08004
NFE2L2_P1_1,NFE2L2,0,-0.01351,0.1664
NFE2L2_P1_2,NFE2L2,0,-0.005786,0.1754
NFE2L2_P1_3,NFE2L2,0,-0.0008207,0.1345
NFE2L2_P1_4,NFE2L2,0,-0.0009284,0.1388
NFE2L2_P1_5,NFE2L2,0,-0.005084,0.1172
NFE2L2_P1_6,NFE2L2,0,-0.004027,0.06528
NFE2L2_P2_1,NFE2L2,0,0.002881,0.1271
NFE2L2_P2_2,NFE2L2,0,-0.006353,0.1151
NFE2L2_P2_3,NFE2L2,0,-0.02385,0.2461
NFE2L2_P2_4,NFE2L2,0,-0.001315,0.1016
NFE2L2_P2_5,NFE2L2,0,0.0036,0.106
NFE2L2_P2_6,NFE2L2,0,-0.0009688,0.06489
NFE2L3_1,NFE2L3,0,-0.00788,0.1598
NFE2L3_2,NFE2L3,0,-0.003467,0.0995
NFE2L3_3,NFE2L3,0,0.00389,0.1543
NFE2L3_4,NFE2L3,0,-0.1614,0.4748
NFE2L3_5,NFE2L3,0,-0.002377,0.09912
NFE2L3_6,NFE2L3,0,-0.007551,0.1022
NFE2_1,NFE2,0,-0.01298,0.1024
NFE2_2,NFE2,0,-0.009185,0.1512
NFE2_3,NFE2,0,-0.02153,0.211
NFE2_4,NFE2,0,-0.002689,0.1402
NFE2_5,NFE2,0,-0.004898,0.1041
NFE2_6,NFE2,0,-0.006455,0.1581
NFE4_1,NFE4,0,0.009608,0.1491
NFE4_2,NFE4,0,-0.04386,0.358
NFE4_3,NFE4,0,-0.0009536,0.2126
NFE4_4,NFE4,0,-0.01048,0.1483
NFE4_5,NFE4,0,-0.000536,0.1112
NFE4_6,NFE4,0,-0.01174,0.1653
NFIA_1,NFIA,0,-0.01543,0.22
NFIA_2,NFIA,0,0.0166,0.2244
NFIA_3,NFIA,0,-0.004507,0.1065
NFIA_4,NFIA,0,0.0071,0.4025
NFIA_5,NFIA,0,0.001147,0.1518
NFIA_6,NFIA,0,-0.01037,0.1003
NFIB_1,NFIB,0,-0.005445,0.1904
NFIB_2,NFIB,0,-0.01522,0.1416
NFIB_3,NFIB,0,-0.000432,0.1178
NFIB_4,NFIB,0,-0.005582,0.15
NFIB_5,NFIB,0,0.002185,0.07111
NFIB_6,NFIB,0,-0.01098,0.1325
NFIC_P1_1,NFIC,0,-0.009622,0.1652
NFIC_P1_2,NFIC,0,0.001406,0.09878
NFIC_P1_3,NFIC,0,0.004225,0.2182
NFIC_P1_4,NFIC,0,-0.01222,0.2632
NFIC_P1_5,NFIC,0,-0.00162,0.1042
NFIC_P1_6,NFIC,0,0.001736,0.09
NFIC_P2_1,NFIC,0,-0.01492,0.2486
NFIC_P2_2,NFIC,0,-0.004966,0.1501
NFIC_P2_3,NFIC,0,-0.02154,0.1546
NFIC_P2_4,NFIC,0,-0.007999,0.2689
NFIC_P2_5,NFIC,0,0.003503,0.1068
NFIC_P2_6,NFIC,0,-0.007199,0.08005
NFIL3_1,NFIL3,0,-0.005615,0.1987
NFIL3_2,NFIL3,0,-0.01903,0.2355
NFIL3_3,NFIL3,0,-0.008189,0.1597
NFIL3_5,NFIL3,0,-0.009754,0.122
NFIL3_6,NFIL3,0,-0.009079,0.1116
NFIX_P1_1,NFIX,0,-0.01503,0.1233
NFIX_P1_2,NFIX,0,-0.006713,0.1339
NFIX_P1_3,NFIX,0,0.002246,0.196
NFIX_P1_4,NFIX,0,-0.01305,0.1838
NFIX_P1_5,NFIX,0,-0.007477,0.1161
NFIX_P1_6,NFIX,0,-0.00802,0.09695
NFIX_P2_1,NFIX,0,-0.05613,0.2754
NFIX_P2_2,NFIX,0,0.002556,0.0974
NFIX_P2_3,NFIX,0,-0.0163,0.1564
NFIX_P2_4,NFIX,0,-0.0453,0.475
NFIX_P2_5,NFIX,0,-0.0036,0.05806
NFIX_P2_6,NFIX,0,-0.00645,0.1342
NFKB1_1,NFKB1,0,0.004842,0.1054
NFKB1_2,NFKB1,0,-0.009636,0.1385
NFKB1_3,NFKB1,0,-0.003922,0.1002
NFKB1_4,NFKB1,0,-0.01637,0.185
NFKB1_5,NFKB1,0,-0.002156,0.125
NFKB1_6,NFKB1,0,-0.006403,0.09907
NFKB2_1,NFKB2,0,-0.01042,0.2054
NFKB2_2,NFKB2,0,-0.03663,0.2138
NFKB2_3,NFKB2,0,-0.01006,0.1841
NFKB2_4,NFKB2,0,-0.006637,0.1726
NFKB2_5,NFKB2,0,-0.007905,0.1429
NFKB2_6,NFKB2,0,-0.009171,0.1416
NFKBIA_P1_1,NFKBIA,0,-0.0006322,0.1711
NFKBIA_P1_2,NFKBIA,0,-0.007297,0.1288
NFKBIA_P1_3,NFKBIA,0,0.00335,0.1625
NFKBIA_P1_4,NFKBIA,0,-0.005621,0.1527
NFKBIA_P1_5,NFKBIA,0,0.005064,0.07826
NFKBIA_P1_6,NFKBIA,0,-0.006307,0.07576
NFKBIA_P2_1,NFKBIA,0,-0.005337,0.2044
NFKBIA_P2_2,NFKBIA,0,-0.005419,0.1253
NFKBIA_P2_3,NFKBIA,0,0.002716,0.1663
NFKBIA_P2_4,NFKBIA,0,-0.02581,0.3149
NFKBIA_P2_5,NFKBIA,0,-0.001516,0.08181
NFKBIA_P2_6,NFKBIA,0,0.002814,0.07625
NFKBIB_1,NFKBIB,0,0.008988,0.1805
NFKBIB_2,NFKBIB,0,-0.004024,0.1101
NFKBIB_3,NFKBIB,0,-0.01639,0.1859
NFKBIB_4,NFKBIB,0,-0.0333,0.2522
NFKBIB_5,NFKBIB,0,-0.002398,0.07328
NFKBIB_6,NFKBIB,0,-0.009685,0.1199
NFKBID_P1_1,NFKBID,0,0.00371,0.07145
NFKBID_P1_2,NFKBID,0,-0.008513,0.1747
NFKBID_P1_3,NFKBID,0,-0.003893,0.1638
NFKBID_P1_4,NFKBID,0,-0.001705,0.09469
NFKBID_P1_5,NFKBID,0,0.01545,0.1262
NFKBID_P1_6,NFKBID,0,-0.009544,0.1171
NFKBID_P2_1,NFKBID,0,0.002268,0.1639
NFKBID_P2_2,NFKBID,0,-0.01111,0.0833
NFKBID_P2_3,NFKBID,0,-0.04775,0.4131
NFKBID_P2_4,NFKBID,0,0.000299,0.1515
NFKBID_P2_5,NFKBID,0,-0.007761,0.1187
NFKBID_P2_6,NFKBID,0,-0.003035,0.08811
NFKBIE_1,NFKBIE,0,-0.008609,0.1469
NFKBIE_2,NFKBIE,0,0.008558,0.117
NFKBIE_3,NFKBIE,0,-0.0266,0.1378
NFKBIE_4,NFKBIE,0,-0.01354,0.1775
NFKBIE_5,NFKBIE,0,-0.005817,0.08601
NFKBIE_6,NFKBIE,0,-0.005875,0.1485
NFKBIL1_1,NFKBIL1,0,-0.03317,0.1752
NFKBIL1_2,NFKBIL1,0,-0.00621,0.1614
NFKBIL1_3,NFKBIL1,0,-0.03416,0.2801
NFKBIL1_4,NFKBIL1,0,-0.05341,0.3651
NFKBIL1_5,NFKBIL1,0,-0.009953,0.102
NFKBIL1_6,NFKBIL1,0,-0.01144,0.1312
NFKBIZ_P1_1,NFKBIZ,0,-0.04146,0.3369
NFKBIZ_P1_2,NFKBIZ,0,0.006699,0.2433
NFKBIZ_P1_3,NFKBIZ,0,-0.001645,0.1832
NFKBIZ_P1_4,NFKBIZ,0,-0.006918,0.1551
NFKBIZ_P1_5,NFKBIZ,0,-0.008966,0.103
NFKBIZ_P1_6,NFKBIZ,0,-0.005301,0.1131
NFKBIZ_P2_1,NFKBIZ,0,0.01125,0.1409
NFKBIZ_P2_2,NFKBIZ,0,-0.007302,0.08176
NFKBIZ_P2_3,NFKBIZ,0,-0.003125,0.05501
NFKBIZ_P2_4,NFKBIZ,0,-0.002228,0.1382
NFKBIZ_P2_5,NFKBIZ,0,0.001756,0.08165
NFKBIZ_P2_6,NFKBIZ,0,-0.006172,0.09905
NFRKB_1,NFRKB,0,-0.2512,0.5562
NFRKB_2,NFRKB,0,-0.3224,0.5791
NFRKB_3,NFRKB,0,0.001935,0.4357
NFRKB_4,NFRKB,0,-0.04934,0.5212
NFRKB_5,NFRKB,0,-0.02663,0.5117
NFRKB_6,NFRKB,0,-0.01047,0.08767
NFX1_1,NFX1,0,-0.04726,0.3393
NFX1_2,NFX1,0,-0.00612,0.1666
NFX1_3,NFX1,0,-0.004291,0.1246
NFX1_4,NFX1,0,0.006879,0.1417
NFX1_5,NFX1,0,-0.002401,0.1192
NFX1_6,NFX1,0,-0.001194,0.1191
NFXL1_1,NFXL1,0,-0.004934,0.1216
NFXL1_2,NFXL1,0,0.006716,0.1926
NFXL1_3,NFXL1,0,-0.007128,0.1722
NFXL1_4,NFXL1,0,-0.2753,0.4667
NFXL1_5,NFXL1,0,-0.0003647,0.1208
NFXL1_6,NFXL1,0,-0.002613,0.07767
NFYA_1,NFYA,0,-0.0001376,0.1357
NFYA_2,NFYA,0,-0.01818,0.1361
NFYA_3,NFYA,0,-0.02209,0.1564
NFYA_4,NFYA,0,-0.01087,0.1822
NFYA_5,NFYA,0,0.0009019,0.1148
NFYA_6,NFYA,0,-0.00288,0.04442
NFYB_1,NFYB,0,-0.1075,0.4013
NFYB_2,NFYB,0,-0.01337,0.1688
NFYB_3,NFYB,0,-0.02761,0.3772
NFYB_4,NFYB,0,-0.001385,0.1857
NFYB_5,NFYB,0,-0.009753,0.1166
NFYB_6,NFYB,0,0.001196,0.0577
NFYC_2,NFYC,0,-0.01689,0.2402
NFYC_3,NFYC,0,-0.01046,0.1023
NFYC_4,NFYC,0,-0.00352,0.1084
NFYC_5,NFYC,0,0.001225,0.1249
NFYC_6,NFYC,0,0.004212,0.07003
NGFRAP1,NGFRAP1,0,0.0007544,0.0231
NHLH1_1,NHLH1,0,-0.0004906,0.1071
NHLH1_2,NHLH1,0,-0.004562,0.101
NHLH1_3,NHLH1,0,-0.01114,0.1721
NHLH1_4,NHLH1,0,0.004124,0.09316
NHLH1_5,NHLH1,0,-0.0005944,0.08887
NHLH1_6,NHLH1,0,-0.01358,0.2083
NHLH2_1,NHLH2,0,-0.01563,0.208
NHLH2_2,NHLH2,0,0.01421,0.2153
NHLH2_3,NHLH2,0,-0.0006987,0.09605
NHLH2_4,NHLH2,0,0.005122,0.14
NHLH2_5,NHLH2,0,-0.009086,0.1154
NHLH2_6,NHLH2,0,-0.01091,0.2042
NHP2_1,NHP2,0,-0.04139,0.3601
NHP2_2,NHP2,0,-0.01542,0.2294
NHP2_3,NHP2,0,-0.007563,0.2092
NHP2_4,NHP2,0,-0.002604,0.1033
NHP2_5,NHP2,0,-0.0007963,0.09149
NHP2_6,NHP2,0,-0.0004936,0.08131
NKRF_1,NKRF,0,0.001878,0.1932
NKRF_2,NKRF,0,-0.0001768,0.1828
NKRF_3,NKRF,0,-0.04035,0.2501
NKRF_4,NKRF,0,-0.1064,0.5131
NKRF_5,NKRF,0,-0.0003263,0.0964
NKRF_6,NKRF,0,-0.005406,0.07008
NKX1-1_1,NKX1-1,0,0.002374,0.1746
NKX1-1_2,NKX1-1,0,-0.02304,0.2776
NKX1-1_3,NKX1-1,0,-0.01089,0.1412
NKX1-1_4,NKX1-1,0,-0.03113,0.3589
NKX1-1_5,NKX1-1,0,-0.002005,0.1597
NKX1-1_6,NKX1-1,0,0.000761,0.08034
NKX1-2_1,NKX1-2,0,-0.007103,0.15
NKX1-2_2,NKX1-2,0,-0.01772,0.2172
NKX1-2_3,NKX1-2,0,-0.005932,0.1278
NKX1-2_4,NKX1-2,0,-0.001405,0.2155
NKX1-2_5,NKX1-2,0,-0.009912,0.1318
NKX1-2_6,NKX1-2,0,0.007261,0.1485
NKX2-1_1,NKX2-1,0,0.004331,0.08724
NKX2-1_2,NKX2-1,0,-0.008672,0.1791
NKX2-1_3,NKX2-1,0,-0.005709,0.1385
NKX2-1_4,NKX2-1,0,-0.02816,0.162
NKX2-1_5,NKX2-1,0,-0.005159,0.09046
NKX2-1_6,NKX2-1,0,-0.006704,0.1131
NKX2-2_1,NKX2-2,0,-0.01108,0.144
NKX2-2_2,NKX2-2,0,0.002697,0.1661
NKX2-2_3,NKX2-2,0,-0.01391,0.2225
NKX2-2_4,NKX2-2,0,-0.01728,0.2912
NKX2-2_5,NKX2-2,0,-0.001888,0.06155
NKX2-2_6,NKX2-2,0,0.005829,0.1584
NKX2-3_1,NKX2-3,0,-0.009302,0.1031
NKX2-3_2,NKX2-3,0,-0.001351,0.1297
NKX2-3_3,NKX2-3,0,-0.01643,0.18
NKX2-3_4,NKX2-3,0,-0.01132,0.2341
NKX2-3_5,NKX2-3,0,-0.004206,0.126
NKX2-3_6,NKX2-3,0,-0.01741,0.229
NKX2-4_1,NKX2-4,0,-0.009644,0.1521
NKX2-4_2,NKX2-4,0,0.004207,0.2302
NKX2-4_3,NKX2-4,0,-0.03956,0.2484
NKX2-4_4,NKX2-4,0,-0.04063,0.204
NKX2-4_5,NKX2-4,0,-0.00259,0.09172
NKX2-4_6,NKX2-4,0,0.001354,0.06087
NKX2-5_1,NKX2-5,0,-0.01928,0.2703
NKX2-5_2,NKX2-5,0,-0.00411,0.07263
NKX2-5_3,NKX2-5,0,-0.04207,0.2499
NKX2-5_4,NKX2-5,0,-0.005888,0.2276
NKX2-5_5,NKX2-5,0,0.008495,0.1645
NKX2-5_6,NKX2-5,0,-0.008681,0.1508
NKX2-6_1,NKX2-6,0,-0.002278,0.0944
NKX2-6_2,NKX2-6,0,0.001907,0.1854
NKX2-6_3,NKX2-6,0,-0.01543,0.2524
NKX2-6_4,NKX2-6,0,0.004117,0.1022
NKX2-6_5,NKX2-6,0,-0.004556,0.1415
NKX2-6_6,NKX2-6,0,0.002717,0.05644
NKX2-8_1,NKX2-8,0,-0.01544,0.1444
NKX2-8_2,NKX2-8,0,-0.01752,0.1884
NKX2-8_3,NKX2-8,0,-0.01068,0.1677
NKX2-8_4,NKX2-8,0,-0.01389,0.1588
NKX2-8_5,NKX2-8,0,0.0005447,0.09284
NKX2-8_6,NKX2-8,0,0.00363,0.1383
NKX3-1_1,NKX3-1,0,-1.68e-05,0.2417
NKX3-1_2,NKX3-1,0,-0.005947,0.2136
NKX3-1_3,NKX3-1,0,-0.007437,0.07236
NKX3-1_4,NKX3-1,0,-0.0218,0.1688
NKX3-1_5,NKX3-1,0,0.00369,0.105
NKX3-1_6,NKX3-1,0,-0.008798,0.08293
NKX3-2_1,NKX3-2,0,-0.01143,0.1218
NKX3-2_2,NKX3-2,0,-0.003782,0.1502
NKX3-2_3,NKX3-2,0,-0.01153,0.1445
NKX3-2_4,NKX3-2,0,-0.005733,0.1977
NKX3-2_5,NKX3-2,0,-0.0111,0.1608
NKX3-2_6,NKX3-2,0,0.004051,0.07372
NKX6-1_1,NKX6-1,0,-0.2533,0.7033
NKX6-1_2,NKX6-1,0,-0.02414,0.2799
NKX6-1_3,NKX6-1,0,0.003946,0.1015
NKX6-1_4,NKX6-1,0,-0.02465,0.2984
NKX6-1_5,NKX6-1,0,-0.001632,0.1237
NKX6-1_6,NKX6-1,0,-0.005094,0.1311
NKX6-2_1,NKX6-2,0,0.008952,0.2125
NKX6-2_2,NKX6-2,0,0.001373,0.1084
NKX6-2_3,NKX6-2,0,0.001119,0.2161
NKX6-2_4,NKX6-2,0,-0.0003878,0.1094
NKX6-2_5,NKX6-2,0,-0.007427,0.1528
NKX6-2_6,NKX6-2,0,-0.004029,0.1011
NKX6-3_1,NKX6-3,0,-0.006234,0.154
NKX6-3_2,NKX6-3,0,-0.0009584,0.08048
NKX6-3_3,NKX6-3,0,-0.0187,0.2347
NKX6-3_4,NKX6-3,0,0.0007059,0.1881
NKX6-3_5,NKX6-3,0,-0.008887,0.0978
NKX6-3_6,NKX6-3,0,9.126e-05,0.1189
NME2_1|NME1-NME2_1,NME2|NME1-NME2,0,0.001708,0.1629
NME2_2|NME1-NME2_2,NME2|NME1-NME2,0,-0.0002988,0.1065
NME2_3|NME1-NME2_3,NME2|NME1-NME2,0,0.001062,0.1539
NME2_4|NME1-NME2_4,NME2|NME1-NME2,0,-0.009188,0.102
NME2_5|NME1-NME2_5,NME2|NME1-NME2,0,-0.01438,0.1854
NME2_6|NME1-NME2_6,NME2|NME1-NME2,0,-0.002253,0.1199
NMI_1,NMI,0,-0.01199,0.104
NMI_2,NMI,0,-0.01509,0.1268
NMI_3,NMI,0,0.0087,0.1276
NMI_4,NMI,0,-0.01552,0.18
NMI_5,NMI,0,-0.01138,0.1871
NMI_6,NMI,0,-0.01963,0.1679
NOBOX_P1_1,NOBOX,0,-0.007151,0.1377
NOBOX_P1_2,NOBOX,0,-0.001127,0.316
NOBOX_P1_3,NOBOX,0,-0.002094,0.1189
NOBOX_P1_4,NOBOX,0,-0.01512,0.1986
NOBOX_P1_5,NOBOX,0,-0.01124,0.1503
NOBOX_P1_6,NOBOX,0,-0.01602,0.1426
NOBOX_P2_1,NOBOX,0,-0.006283,0.1224
NOBOX_P2_2,NOBOX,0,7.136e-05,0.2181
NOBOX_P2_3,NOBOX,0,-0.3359,0.5503
NOBOX_P2_4,NOBOX,0,0.001979,0.1411
NOBOX_P2_5,NOBOX,0,-0.001296,0.1299
NOBOX_P2_6,NOBOX,0,0.0008092,0.1245
NOC3L_1,NOC3L,0,-0.1958,0.5655
NOC3L_3,NOC3L,0,-0.02067,0.3706
NOC3L_4,NOC3L,0,-0.0202,0.1955
NOC3L_5,NOC3L,0,-0.3412,0.4627
NONO_1,NONO,0,-0.01141,0.2538
NONO_2,NONO,0,4.675e-05,0.1244
NONO_3,NONO,0,-0.01078,0.2171
NONO_4,NONO,0,-0.01252,0.185
NONO_5,NONO,0,-0.01116,0.08493
NONO_6,NONO,0,-0.007067,0.07065
NOTCH1_P1_1,NOTCH1,0,-0.003787,0.1203
NOTCH1_P1_2,NOTCH1,0,-0.01765,0.2471
NOTCH1_P1_3,NOTCH1,0,-0.004541,0.2001
NOTCH1_P1_4,NOTCH1,0,-0.008703,0.1259
NOTCH1_P1_5,NOTCH1,0,-0.002932,0.06138
NOTCH1_P1_6,NOTCH1,0,-0.0001492,0.07325
NOTCH1_P2_1,NOTCH1,0,-0.004887,0.1524
NOTCH1_P2_2,NOTCH1,0,-0.008315,0.07985
NOTCH1_P2_3,NOTCH1,0,-0.00174,0.1033
NOTCH1_P2_4,NOTCH1,0,-0.004075,0.162
NOTCH1_P2_5,NOTCH1,0,-0.002483,0.1494
NOTCH1_P2_6,NOTCH1,0,-0.0001322,0.07922
NOTCH2_1,NOTCH2,0,-0.0369,0.3297
NOTCH2_2,NOTCH2,0,-0.006305,0.1101
NOTCH2_3,NOTCH2,0,-0.002209,0.09049
NOTCH2_4,NOTCH2,0,-0.02541,0.2529
NOTCH2_5,NOTCH2,0,-0.0123,0.1312
NOTCH2_6,NOTCH2,0,-0.003453,0.07452
NOTO_1,NOTO,0,0.006412,0.2692
NOTO_2,NOTO,0,-0.0004356,0.1591
NOTO_3,NOTO,0,-0.002057,0.165
NOTO_4,NOTO,0,-0.006498,0.1251
NOTO_5,NOTO,0,-0.006586,0.1435
NOTO_6,NOTO,0,0.007057,0.1638
NOV_1,NOV,0,-0.01357,0.2187
NOV_2,NOV,0,-0.002176,0.09833
NOV_3,NOV,0,-0.007973,0.1164
NOV_4,NOV,0,-0.01834,0.2869
NOV_5,NOV,0,-0.008031,0.09283
NOV_6,NOV,0,-0.0003811,0.1119
NPAS1_1,NPAS1,0,0.008103,0.2007
NPAS1_2,NPAS1,0,-0.02076,0.2155
NPAS1_3,NPAS1,0,-0.01368,0.2446
NPAS1_4,NPAS1,0,-0.008171,0.1983
NPAS1_5,NPAS1,0,0.002586,0.07916
NPAS1_6,NPAS1,0,-0.001608,0.1377
NPAS2_1,NPAS2,0,-0.008816,0.2167
NPAS2_2,NPAS2,0,0.008252,0.1772
NPAS2_3,NPAS2,0,-0.01034,0.1365
NPAS2_4,NPAS2,0,-0.01833,0.1488
NPAS2_5,NPAS2,0,-0.008534,0.1066
NPAS2_6,NPAS2,0,-0.001831,0.0813
NPAS3_1,NPAS3,0,-0.006497,0.08288
NPAS3_2,NPAS3,0,-0.02049,0.1822
NPAS3_3,NPAS3,0,-0.01743,0.3245
NPAS3_4,NPAS3,0,-0.001754,0.1657
NPAS3_5,NPAS3,0,-0.005146,0.1328
NPAS3_6,NPAS3,0,-0.001473,0.06591
NPAS4_1,NPAS4,0,-0.006705,0.121
NPAS4_2,NPAS4,0,-0.009759,0.2049
NPAS4_3,NPAS4,0,-0.0116,0.19
NPAS4_4,NPAS4,0,-0.006128,0.1355
NPAS4_5,NPAS4,0,-0.004003,0.08927
NPAS4_6,NPAS4,0,0.001898,0.128
NR0B1_1,NR0B1,0,-0.01145,0.1345
NR0B1_2,NR0B1,0,-0.01416,0.1383
NR0B1_3,NR0B1,0,-0.01979,0.177
NR0B1_4,NR0B1,0,0.002779,0.1254
NR0B1_5,NR0B1,0,-0.006461,0.09895
NR0B1_6,NR0B1,0,-0.008443,0.1076
NR0B2_1,NR0B2,1,-0.007395,0.2267
NR0B2_2,NR0B2,1,0.003154,0.1052
NR0B2_3,NR0B2,0,-0.0149,0.213
NR0B2_4,NR0B2,0,-0.01421,0.1477
NR0B2_5,NR0B2,0,-0.00526,0.139
NR0B2_6,NR0B2,0,-0.01335,0.1277
NR1D1_1,NR1D1,0,-0.007872,0.1403
NR1D1_2,NR1D1,0,-0.005821,0.08704
NR1D1_3,NR1D1,0,-0.007798,0.1224
NR1D1_4,NR1D1,0,-0.004566,0.06526
NR1D1_5,NR1D1,0,-0.01344,0.1514
NR1D1_6,NR1D1,0,-0.01104,0.1065
NR1D2_1,NR1D2,0,-0.01733,0.1649
NR1D2_2,NR1D2,0,0.001766,0.06935
NR1D2_3,NR1D2,0,-0.001348,0.1034
NR1D2_4,NR1D2,0,-0.01032,0.1799
NR1D2_5,NR1D2,0,-0.001341,0.08601
NR1D2_6,NR1D2,0,0.001459,0.14
NR1H2_1,NR1H2,0,0.00589,0.09681
NR1H2_2,NR1H2,0,-0.00409,0.08684
NR1H2_3,NR1H2,0,0.001997,0.1319
NR1H2_4,NR1H2,0,-0.02148,0.154
NR1H2_5,NR1H2,0,0.004435,0.1294
NR1H2_6,NR1H2,0,-0.01297,0.1338
NR1H3_P1_1,NR1H3,0,-0.002576,0.1606
NR1H3_P1_2,NR1H3,0,-0.0182,0.1522
NR1H3_P1_3,NR1H3,0,-0.009543,0.1428
NR1H3_P1_4,NR1H3,0,-0.01039,0.1389
NR1H3_P1_5,NR1H3,0,-0.01857,0.1894
NR1H3_P1_6,NR1H3,0,-0.005922,0.1489
NR1H3_P2_1,NR1H3,0,-0.004701,0.1592
NR1H3_P2_2,NR1H3,0,-0.01837,0.184
NR1H3_P2_3,NR1H3,0,-0.02588,0.2134
NR1H3_P2_4,NR1H3,0,0.001587,0.4896
NR1H3_P2_5,NR1H3,0,-0.003943,0.07694
NR1H3_P2_6,NR1H3,0,-0.005459,0.09748
NR1H4_1,NR1H4,0,0.00379,0.1006
NR1H4_2,NR1H4,0,-0.0143,0.205
NR1H4_3,NR1H4,0,-0.001848,0.122
NR1H4_4,NR1H4,0,-0.01247,0.214
NR1H4_5,NR1H4,0,-0.00197,0.08552
NR1H4_6,NR1H4,0,-0.002613,0.09088
NR1I2_1,NR1I2,0,-0.01126,0.1055
NR1I2_2,NR1I2,0,0.00834,0.1594
NR1I2_3,NR1I2,0,-0.009378,0.3552
NR1I2_4,NR1I2,0,-0.006674,0.2079
NR1I2_5,NR1I2,0,0.001402,0.08721
NR1I2_6,NR1I2,0,-0.01056,0.09477
NR1I3_1,NR1I3,0,-0.0138,0.1433
NR1I3_2,NR1I3,0,0.0005848,0.1057
NR1I3_3,NR1I3,0,-0.01567,0.1928
NR1I3_4,NR1I3,0,-0.01828,0.1727
NR1I3_5,NR1I3,0,-0.008902,0.1528
NR1I3_6,NR1I3,0,0.005089,0.07765
NR2C1_1,NR2C1,0,-0.02291,0.1203
NR2C1_2,NR2C1,0,0.006111,0.1444
NR2C1_3,NR2C1,0,-0.01995,0.1519
NR2C1_4,NR2C1,0,-0.00611,0.1104
NR2C1_5,NR2C1,0,-0.01078,0.1964
NR2C1_6,NR2C1,0,-0.001824,0.1651
NR2C2_1,NR2C2,0,-0.001297,0.1737
NR2C2_2,NR2C2,0,-0.03219,0.2127
NR2C2_3,NR2C2,0,-0.08498,0.4898
NR2C2_4,NR2C2,0,-0.0258,0.324
NR2C2_5,NR2C2,0,0.0006797,0.1048
NR2C2_6,NR2C2,0,0.001799,0.07036
NR2E1_1,NR2E1,0,-0.002654,0.1837
NR2E1_2,NR2E1,0,-0.04154,0.275
NR2E1_3,NR2E1,0,-0.002607,0.1033
NR2E1_4,NR2E1,0,-0.02918,0.2638
NR2E1_5,NR2E1,0,-0.003037,0.1523
NR2E1_6,NR2E1,0,0.0006736,0.08749
NR2E3_1,NR2E3,0,-0.00579,0.1857
NR2E3_2,NR2E3,0,-0.01008,0.1154
NR2E3_3,NR2E3,0,-0.008217,0.1512
NR2E3_4,NR2E3,0,-0.003572,0.286
NR2E3_5,NR2E3,0,-0.0294,0.2383
NR2E3_6,NR2E3,0,-0.006892,0.1547
NR2F1_1,NR2F1,0,-0.005077,0.1984
NR2F1_2,NR2F1,0,-0.01663,0.2348
NR2F1_3,NR2F1,0,-0.01016,0.1103
NR2F1_4,NR2F1,0,-0.008579,0.1315
NR2F1_5,NR2F1,0,-0.004331,0.06411
NR2F1_6,NR2F1,0,-0.001204,0.09218
NR2F2_1,NR2F2,0,-0.02541,0.181
NR2F2_2,NR2F2,0,3.024e-05,0.1173
NR2F2_3,NR2F2,0,0.001977,0.1726
NR2F2_4,NR2F2,0,-0.01036,0.1232
NR2F2_5,NR2F2,0,-0.00193,0.06398
NR2F2_6,NR2F2,0,-0.0029,0.06894
NR2F6_1,NR2F6,0,0.006187,0.1029
NR2F6_2,NR2F6,0,-0.01235,0.1564
NR2F6_3,NR2F6,0,-0.02552,0.191
NR2F6_4,NR2F6,0,0.001246,0.1179
NR2F6_5,NR2F6,0,-0.004188,0.1087
NR2F6_6,NR2F6,0,-0.003297,0.07818
NR3C1_1,NR3C1,0,-0.004897,0.09966
NR3C1_2,NR3C1,0,-0.0106,0.1364
NR3C1_3,NR3C1,0,-0.001608,0.06702
NR3C1_4,NR3C1,0,-0.02432,0.3841
NR3C1_5,NR3C1,0,-0.004262,0.1091
NR3C1_6,NR3C1,0,-0.000837,0.1197
NR3C2_1,NR3C2,0,-0.03246,0.2352
NR3C2_2,NR3C2,0,-0.03973,0.2763
NR3C2_3,NR3C2,0,-0.009828,0.1155
NR3C2_4,NR3C2,0,-0.005305,0.1784
NR3C2_5,NR3C2,0,-0.008083,0.09755
NR3C2_6,NR3C2,0,-0.002039,0.07202
NR4A1_1,NR4A1,0,-0.01009,0.1877
NR4A1_2,NR4A1,0,-0.007682,0.09894
NR4A1_3,NR4A1,0,-0.007756,0.1352
NR4A1_4,NR4A1,0,-0.002361,0.1184
NR4A1_5,NR4A1,0,-0.01171,0.1167
NR4A1_6,NR4A1,0,-0.002158,0.1341
NR4A2_P1_1,NR4A2,0,-0.01212,0.0964
NR4A2_P1_2,NR4A2,0,-0.006998,0.1391
NR4A2_P1_3,NR4A2,0,0.001033,0.05663
NR4A2_P1_4,NR4A2,0,0.00173,0.09935
NR4A2_P1_5,NR4A2,0,-0.01659,0.1237
NR4A2_P1_6,NR4A2,0,0.0005715,0.1095
NR4A2_P2_1,NR4A2,0,-0.003644,0.1137
NR4A2_P2_2,NR4A2,0,0.007276,0.1873
NR4A2_P2_3,NR4A2,0,-0.02127,0.2309
NR4A2_P2_4,NR4A2,0,-0.3047,0.4547
NR4A2_P2_5,NR4A2,0,-0.007714,0.08021
NR4A2_P2_6,NR4A2,0,-0.004578,0.09004
NR4A3_1,NR4A3,0,-0.01395,0.1164
NR4A3_2,NR4A3,0,-0.004667,0.13
NR4A3_3,NR4A3,0,-0.0003615,0.2004
NR4A3_4,NR4A3,0,-0.00459,0.1371
NR4A3_5,NR4A3,0,-0.01426,0.1326
NR4A3_6,NR4A3,0,0.003684,0.08818
NR5A1_1,NR5A1,0,0.002284,0.1379
NR5A1_2,NR5A1,0,0.0009416,0.1308
NR5A1_3,NR5A1,0,-0.01767,0.2788
NR5A1_4,NR5A1,0,-0.003793,0.1688
NR5A1_5,NR5A1,0,-0.009148,0.08122
NR5A1_6,NR5A1,0,-0.003773,0.104
NR5A2_P1_1,NR5A2,0,-0.00747,0.126
NR5A2_P1_2,NR5A2,0,-0.005828,0.1063
NR5A2_P1_3,NR5A2,0,0.0008002,0.2415
NR5A2_P1_4,NR5A2,0,0.006956,0.09384
NR5A2_P1_5,NR5A2,0,-0.009843,0.09459
NR5A2_P1_6,NR5A2,0,-0.01001,0.1614
NR5A2_P2_1,NR5A2,0,-0.002553,0.1131
NR5A2_P2_2,NR5A2,0,0.015,0.1982
NR5A2_P2_3,NR5A2,0,-0.0124,0.1157
NR5A2_P2_4,NR5A2,0,0.003953,0.1815
NR5A2_P2_5,NR5A2,0,-0.005613,0.1345
NR5A2_P2_6,NR5A2,0,-0.007957,0.1079
NR6A1_1,NR6A1,0,-0.000684,0.1962
NR6A1_2,NR6A1,0,-0.0004139,0.1879
NR6A1_3,NR6A1,0,-0.00999,0.1405
NR6A1_4,NR6A1,0,-0.09925,0.4319
NR6A1_5,NR6A1,0,0.006735,0.09962
NR6A1_6,NR6A1,0,0.006724,0.08926
NRF1_1,NRF1,0,-0.008266,0.1865
NRF1_2,NRF1,0,-0.07778,0.56
NRF1_3,NRF1,0,-0.001209,0.1333
NRF1_4,NRF1,0,-0.06817,0.3528
NRF1_5,NRF1,0,-0.01898,0.1585
NRF1_6,NRF1,0,-0.007884,0.103
NRL_P1_1,NRL,0,-0.02953,0.2897
NRL_P1_2,NRL,0,0.006054,0.1744
NRL_P1_3,NRL,0,-0.01121,0.2705
NRL_P1_4,NRL,0,-0.01368,0.1984
NRL_P1_5,NRL,0,-0.004653,0.09301
NRL_P1_6,NRL,0,0.002213,0.1327
NRL_P2_1,NRL,0,-0.02094,0.2409
NRL_P2_2,NRL,0,-0.02989,0.249
NRL_P2_3,NRL,0,-0.01309,0.186
NRL_P2_4,NRL,0,-0.007965,0.09779
NRL_P2_5,NRL,0,-0.006939,0.08159
NRL_P2_6,NRL,0,-0.0009443,0.07072
OLIG1_1,OLIG1,0,0.01254,0.2147
OLIG1_2,OLIG1,0,-0.02227,0.2248
OLIG1_3,OLIG1,0,0.003795,0.1481
OLIG1_4,OLIG1,0,-0.003017,0.1477
OLIG1_5,OLIG1,0,-0.03293,0.2939
OLIG1_6,OLIG1,0,-0.002865,0.06997
OLIG2_1,OLIG2,0,-0.01722,0.1639
OLIG2_2,OLIG2,0,0.0003003,0.1232
OLIG2_3,OLIG2,0,-0.01022,0.2197
OLIG2_4,OLIG2,0,-0.0009364,0.124
OLIG2_5,OLIG2,0,-0.03577,0.2963
OLIG2_6,OLIG2,0,-0.002876,0.08599
OLIG3_1,OLIG3,0,-0.004049,0.1093
OLIG3_2,OLIG3,0,-0.02881,0.231
OLIG3_3,OLIG3,0,-0.1084,0.5423
OLIG3_4,OLIG3,0,-0.0143,0.1406
OLIG3_5,OLIG3,0,0.005997,0.1195
OLIG3_6,OLIG3,0,-0.01115,0.1446
ONECUT1_1,ONECUT1,0,-0.01262,0.1834
ONECUT1_2,ONECUT1,0,-0.002829,0.1498
ONECUT1_3,ONECUT1,0,-0.03336,0.2164
ONECUT1_4,ONECUT1,0,-0.01748,0.2209
ONECUT1_5,ONECUT1,0,-0.005072,0.09172
ONECUT1_6,ONECUT1,0,-0.01666,0.1163
ONECUT2_1,ONECUT2,0,-0.02077,0.1547
ONECUT2_2,ONECUT2,0,-0.0002377,0.1524
ONECUT2_3,ONECUT2,0,-0.0148,0.1619
ONECUT2_4,ONECUT2,0,0.002621,0.1096
ONECUT2_5,ONECUT2,0,0.001231,0.1093
ONECUT2_6,ONECUT2,0,-0.005235,0.09434
ONECUT3_1,ONECUT3,0,-0.01356,0.1247
ONECUT3_2,ONECUT3,0,-0.007832,0.1481
ONECUT3_3,ONECUT3,0,-0.04195,0.41
ONECUT3_4,ONECUT3,0,-0.008825,0.1645
ONECUT3_5,ONECUT3,0,-0.0005254,0.09271
ONECUT3_6,ONECUT3,0,-0.006393,0.1015
OSR1_1,OSR1,0,0.002931,0.2184
OSR1_2,OSR1,0,-0.006145,0.1224
OSR1_3,OSR1,0,-0.01292,0.1511
OSR1_4,OSR1,0,-0.004285,0.1037
OSR1_5,OSR1,0,0.001962,0.1005
OSR1_6,OSR1,0,-0.03527,0.3243
OSR2_1,OSR2,0,-0.004367,0.1341
OSR2_2,OSR2,0,-0.006579,0.2382
OSR2_3,OSR2,0,-0.01189,0.1423
OSR2_4,OSR2,0,-9.985e-05,0.1486
OSR2_5,OSR2,0,-0.004497,0.1383
OSR2_6,OSR2,0,-0.0005511,0.1293
OTP_1,OTP,0,-0.004402,0.2274
OTP_2,OTP,0,-0.00842,0.06397
OTP_3,OTP,0,-0.01201,0.1701
OTP_4,OTP,0,0.005126,0.09455
OTP_5,OTP,0,-0.01669,0.1331
OTP_6,OTP,0,-0.001723,0.08108
OTX1_1,OTX1,0,-0.01128,0.1623
OTX1_2,OTX1,0,0.001191,0.08451
OTX1_3,OTX1,0,-0.02145,0.172
OTX1_4,OTX1,0,0.005529,0.1494
OTX1_5,OTX1,0,-8.966e-05,0.1029
OTX1_6,OTX1,0,0.002624,0.07787
OTX2_1,OTX2,0,-0.01691,0.1564
OTX2_2,OTX2,0,-0.01383,0.1604
OTX2_3,OTX2,0,-0.01099,0.1457
OTX2_4,OTX2,0,-0.002351,0.1426
OTX2_5,OTX2,0,-0.01833,0.1889
OTX2_6,OTX2,0,-0.005648,0.1011
OVOL1_1,OVOL1,0,-0.01916,0.2671
OVOL1_2,OVOL1,0,-0.008147,0.2534
OVOL1_3,OVOL1,0,-0.001479,0.1224
OVOL1_4,OVOL1,0,-0.005794,0.1987
OVOL1_5,OVOL1,0,-0.006757,0.1368
OVOL1_6,OVOL1,0,-0.001508,0.08741
OVOL2_1,OVOL2,0,-0.005454,0.1726
OVOL2_2,OVOL2,0,-0.02651,0.2346
OVOL2_3,OVOL2,0,-0.008656,0.1098
OVOL2_4,OVOL2,0,-0.03579,0.276
OVOL2_5,OVOL2,0,-0.002622,0.1311
OVOL2_6,OVOL2,0,0.0001621,0.0853
OVOL3_1,OVOL3,0,-0.01566,0.125
OVOL3_2,OVOL3,0,-0.06222,0.3953
OVOL3_3,OVOL3,0,-0.01146,0.1998
OVOL3_4,OVOL3,0,-0.00462,0.2203
OVOL3_5,OVOL3,0,0.0005291,0.05164
OVOL3_6,OVOL3,0,0.008445,0.1157
OXSR1_1,OXSR1,0,0.0009147,0.1555
OXSR1_2,OXSR1,0,-7.401e-05,0.1443
OXSR1_3,OXSR1,0,-0.00481,0.162
OXSR1_4,OXSR1,0,-0.01341,0.1473
OXSR1_5,OXSR1,0,-0.004602,0.1067
OXSR1_6,OXSR1,0,-0.01295,0.1332
PA2G4_1,PA2G4,0,-0.009069,0.1409
PA2G4_2,PA2G4,0,0.008127,0.1486
PA2G4_3,PA2G4,0,-0.00607,0.1629
PA2G4_4,PA2G4,0,-0.009305,0.148
PA2G4_5,PA2G4,0,0.002324,0.0999
PA2G4_6,PA2G4,0,-0.008743,0.1801
PARP1_1,PARP1,0,-0.01135,0.2125
PARP1_2,PARP1,0,-0.09471,0.437
PARP1_3,PARP1,0,-0.03672,0.4755
PARP1_4,PARP1,0,-0.2724,0.5722
PARP1_5,PARP1,0,-0.0129,0.1178
PARP1_6,PARP1,0,-0.009224,0.07611
PATZ1_P1_1,PATZ1,0,-0.006731,0.1462
PATZ1_P1_2,PATZ1,0,-0.02314,0.1979
PATZ1_P1_3,PATZ1,0,-0.00544,0.1282
PATZ1_P1_4,PATZ1,0,-0.01256,0.1498
PATZ1_P1_5,PATZ1,0,-0.005468,0.1192
PATZ1_P1_6,PATZ1,0,-0.0105,0.3168
PATZ1_P2_1,PATZ1,0,0.00678,0.08624
PATZ1_P2_2,PATZ1,0,-0.01104,0.153
PATZ1_P2_3,PATZ1,0,0.00318,0.08358
PATZ1_P2_4,PATZ1,0,-0.003142,0.1274
PATZ1_P2_5,PATZ1,0,-0.00439,0.158
PATZ1_P2_6,PATZ1,0,-0.004371,0.08644
PAWR_1,PAWR,0,-0.006867,0.1685
PAWR_2,PAWR,0,-0.01127,0.1484
PAWR_3,PAWR,0,-0.008694,0.1164
PAWR_4,PAWR,0,-0.05161,0.3738
PAWR_5,PAWR,0,-0.004877,0.114
PAWR_6,PAWR,0,-0.01148,0.1794
PAX1_1,PAX1,0,-0.05394,0.5969
PAX1_2,PAX1,0,-0.007929,0.2055
PAX1_3,PAX1,0,-0.01455,0.1342
PAX1_4,PAX1,0,-0.008748,0.2099
PAX1_5,PAX1,0,-0.0009815,0.1255
PAX1_6,PAX1,0,0.004382,0.2506
PAX2_1,PAX2,0,-0.04262,0.2967
PAX2_2,PAX2,0,-0.003421,0.139
PAX2_3,PAX2,0,-0.01643,0.171
PAX2_4,PAX2,0,0.001122,0.09811
PAX2_5,PAX2,0,-7.499e-05,0.06588
PAX2_6,PAX2,0,-0.003224,0.08873
PAX3_1,PAX3,0,-0.002956,0.1326
PAX3_2,PAX3,0,-0.01128,0.1703
PAX3_3,PAX3,0,-0.04268,0.3949
PAX3_4,PAX3,0,-0.00276,0.07501
PAX3_5,PAX3,0,-0.004908,0.1171
PAX3_6,PAX3,0,-0.002188,0.0638
PAX4_1,PAX4,0,-0.002601,0.1875
PAX4_2,PAX4,0,-0.01031,0.2288
PAX4_3,PAX4,0,-0.2049,0.5277
PAX4_4,PAX4,0,-0.007552,0.3118
PAX4_5,PAX4,0,-0.003004,0.09947
PAX4_6,PAX4,0,0.001176,0.146
PAX5_1,PAX5,0,-0.02383,0.1889
PAX5_2,PAX5,0,0.005355,0.09279
PAX5_3,PAX5,0,0.006712,0.2567
PAX5_4,PAX5,0,0.002165,0.2338
PAX5_5,PAX5,0,0.0003883,0.143
PAX5_6,PAX5,0,-0.00733,0.1597
PAX6_1,PAX6,0,0.001556,0.1559
PAX6_2,PAX6,0,-0.01038,0.1819
PAX6_3,PAX6,0,-0.007288,0.1704
PAX6_4,PAX6,0,-0.02205,0.181
PAX6_5,PAX6,0,-0.0002153,0.07564
PAX6_6,PAX6,0,-0.002005,0.07704
PAX7_1,PAX7,0,-0.005937,0.1226
PAX7_2,PAX7,0,-0.002469,0.09134
PAX7_3,PAX7,0,-0.008943,0.1443
PAX7_4,PAX7,0,-0.008502,0.1566
PAX7_5,PAX7,0,0.008023,0.1246
PAX7_6,PAX7,0,-0.01066,0.2179
PAX8_1,PAX8,0,-0.008349,0.1266
PAX8_2,PAX8,0,-0.01582,0.1428
PAX8_3,PAX8,0,-0.00279,0.1624
PAX8_4,PAX8,0,-0.00133,0.1564
PAX8_5,PAX8,0,-0.0004518,0.09398
PAX8_6,PAX8,0,4.895e-05,0.1603
PAX9_P1_1,PAX9,0,-0.02789,0.233
PAX9_P1_2,PAX9,0,-0.002735,0.1456
PAX9_P1_3,PAX9,0,-0.004768,0.2053
PAX9_P1_4,PAX9,0,-0.02294,0.3487
PAX9_P1_5,PAX9,0,-0.01247,0.133
PAX9_P1_6,PAX9,0,-0.002952,0.06904
PAX9_P2_1,PAX9,0,-0.006934,0.1005
PAX9_P2_2,PAX9,0,-0.002561,0.07552
PAX9_P2_3,PAX9,0,-0.01154,0.1624
PAX9_P2_4,PAX9,0,-0.008815,0.1097
PAX9_P2_5,PAX9,0,-0.00778,0.1105
PAX9_P2_6,PAX9,0,-0.01451,0.1274
PAXBP1_1,PAXBP1,0,-0.1105,0.4135
PAXBP1_2,PAXBP1,0,0.002062,0.3883
PAXBP1_3,PAXBP1,0,-0.005825,0.1285
PAXBP1_4,PAXBP1,0,-0.1551,0.5615
PAXBP1_5,PAXBP1,0,0.009771,0.1314
PAXBP1_6,PAXBP1,0,-0.002485,0.04739
PBRM1_1,PBRM1,0,0.0002976,0.1094
PBRM1_2,PBRM1,0,-0.004953,0.1123
PBRM1_3,PBRM1,0,-0.01889,0.2204
PBRM1_4,PBRM1,0,-0.004309,0.09403
PBRM1_5,PBRM1,0,-0.0003198,0.1237
PBRM1_6,PBRM1,0,-0.01481,0.1501
PBX1_1,PBX1,0,0.009649,0.1746
PBX1_2,PBX1,0,0.001865,0.1151
PBX1_3,PBX1,0,-0.00823,0.159
PBX1_4,PBX1,0,0.003355,0.09052
PBX1_5,PBX1,0,-0.007363,0.116
PBX1_6,PBX1,0,-0.00145,0.07779
PBX2_1,PBX2,0,-0.006587,0.1743
PBX2_2,PBX2,0,-0.01278,0.1358
PBX2_3,PBX2,0,-0.01872,0.1353
PBX2_4,PBX2,0,-0.005422,0.1342
PBX2_5,PBX2,0,-0.02432,0.2084
PBX2_6,PBX2,0,-0.002671,0.1672
PBX3_1,PBX3,0,-0.006891,0.1658
PBX3_2,PBX3,0,-0.03753,0.2546
PBX3_3,PBX3,0,-0.01761,0.1962
PBX3_4,PBX3,0,0.00571,0.1884
PBX3_5,PBX3,0,0.005913,0.08169
PBX3_6,PBX3,0,-0.01141,0.1258
PBX4_1,PBX4,0,-0.006644,0.1141
PBX4_2,PBX4,0,-0.003847,0.3108
PBX4_3,PBX4,0,-0.0005256,0.1674
PBX4_4,PBX4,0,-0.03329,0.2438
PBX4_5,PBX4,0,-0.003349,0.08386
PBX4_6,PBX4,0,-0.004859,0.1364
PCGF2_P1_1,PCGF2,0,-0.0112,0.1899
PCGF2_P1_2,PCGF2,0,-0.00737,0.142
PCGF2_P1_3,PCGF2,0,-0.01323,0.09058
PCGF2_P1_4,PCGF2,0,-0.02489,0.3224
PCGF2_P1_5,PCGF2,0,-0.002178,0.09514
PCGF2_P1_6,PCGF2,0,0.006089,0.06019
PCGF2_P2_1,PCGF2,0,-0.006478,0.1752
PCGF2_P2_2,PCGF2,0,-0.01373,0.2184
PCGF2_P2_3,PCGF2,0,-0.004491,0.1932
PCGF2_P2_4,PCGF2,0,-0.01653,0.3038
PCGF2_P2_5,PCGF2,0,0.006057,0.1214
PCGF2_P2_6,PCGF2,0,-0.002465,0.1816
PCGF6_1,PCGF6,0,-0.01346,0.2189
PCGF6_2,PCGF6,0,-0.01873,0.1611
PCGF6_3,PCGF6,0,-0.2181,0.5606
PCGF6_4,PCGF6,0,-0.02635,0.2356
PCGF6_5,PCGF6,0,-0.003357,0.1364
PCGF6_6,PCGF6,0,0.0006013,0.1019
PDX1_1,PDX1,0,-0.02415,0.1827
PDX1_2,PDX1,0,-0.004822,0.1401
PDX1_3,PDX1,0,-0.009499,0.13
PDX1_4,PDX1,0,0.01545,0.2187
PDX1_5,PDX1,0,-0.001024,0.09859
PDX1_6,PDX1,0,-0.00405,0.07142
PEG3_1|ZIM2_2,PEG3|ZIM2,0,-0.01948,0.1949
PEG3_2|ZIM2_1,PEG3|ZIM2,0,-0.001527,0.1062
PEG3_3|ZIM2_3,PEG3|ZIM2,0,0.002198,0.1251
PEG3_4,PEG3,0,-0.01005,0.2108
PEG3_5,PEG3,0,-0.002308,0.1112
PEG3_6,PEG3,0,-0.00188,0.1025
PFDN5_1,PFDN5,0,-0.01094,0.1106
PFDN5_2,PFDN5,0,-0.01208,0.1453
PFDN5_3,PFDN5,0,-0.007772,0.09359
PFDN5_4,PFDN5,0,-0.01006,0.09935
PFDN5_5,PFDN5,0,-0.005525,0.1506
PFDN5_6,PFDN5,0,-0.002501,0.1006
PGBD1_1,PGBD1,0,-0.009458,0.1856
PGBD1_2,PGBD1,0,-0.01073,0.1867
PGBD1_3,PGBD1,0,-0.004189,0.1001
PGBD1_4,PGBD1,0,-0.0329,0.2304
PGBD1_5,PGBD1,0,-0.005108,0.08017
PGBD1_6,PGBD1,0,-0.01737,0.1259
PGR_1,PGR,0,0.005327,0.191
PGR_2,PGR,0,-0.001634,0.08717
PGR_3,PGR,0,-0.03222,0.3375
PGR_4,PGR,0,-0.01541,0.1432
PGR_5,PGR,0,-0.0001483,0.09292
PGR_6,PGR,0,0.004346,0.09696
PHB2_1,PHB2,0,-0.1029,0.5085
PHB2_2,PHB2,0,-5.291e-05,0.2394
PHB2_4,PHB2,0,-0.03184,0.2969
PHB2_5,PHB2,0,0.0008723,0.07487
PHB2_6,PHB2,0,-0.005591,0.08582
PHF19_1,PHF19,0,-0.007647,0.1388
PHF19_2,PHF19,0,-0.01081,0.1087
PHF19_3,PHF19,0,-0.01403,0.1449
PHF19_4,PHF19,0,-0.01602,0.1842
PHF19_5,PHF19,0,0.004929,0.1304
PHF19_6,PHF19,0,-0.02739,0.1809
PHF1_1,PHF1,0,-0.009942,0.1108
PHF1_2,PHF1,0,-0.006073,0.176
PHF1_3,PHF1,0,-0.01803,0.2633
PHF1_4,PHF1,0,-0.01389,0.1561
PHF1_5,PHF1,0,-0.009558,0.2059
PHF1_6,PHF1,0,-0.01228,0.1593
PHF20_1,PHF20,0,-0.1079,0.4414
PHF20_2,PHF20,0,-0.002574,0.2378
PHF20_3,PHF20,0,0.008541,0.2019
PHF20_4,PHF20,0,-0.01607,0.2141
PHF20_5,PHF20,0,-0.02749,0.2501
PHF20_6,PHF20,0,-0.04476,0.284
PHF21A_1,PHF21A,0,-0.0189,0.4064
PHF21A_2,PHF21A,0,-0.002225,0.2273
PHF21A_3,PHF21A,0,-0.05241,0.3407
PHF21A_4,PHF21A,0,-0.001141,0.1348
PHF21A_5,PHF21A,0,0.0004606,0.06063
PHF21A_6,PHF21A,0,-0.002115,0.08214
PHF2_1,PHF2,0,-0.008117,0.1287
PHF2_2,PHF2,0,-0.007798,0.1304
PHF2_3,PHF2,0,-0.008592,0.1746
PHF2_4,PHF2,0,-0.01722,0.1308
PHF2_5,PHF2,0,0.000331,0.1136
PHF2_6,PHF2,0,-0.008389,0.1445
PHOX2A_1,PHOX2A,0,-0.03195,0.3178
PHOX2A_2,PHOX2A,0,-0.01864,0.1733
PHOX2A_3,PHOX2A,0,-0.004151,0.1388
PHOX2A_4,PHOX2A,0,0.002467,0.1115
PHOX2A_5,PHOX2A,0,-0.005239,0.1898
PHOX2A_6,PHOX2A,0,0.001139,0.235
PHOX2B_1,PHOX2B,0,0.01301,0.1407
PHOX2B_2,PHOX2B,0,-0.01283,0.09945
PHOX2B_3,PHOX2B,0,-0.01884,0.1741
PHOX2B_4,PHOX2B,0,0.0006522,0.09971
PHOX2B_5,PHOX2B,0,-0.002025,0.1213
PHOX2B_6,PHOX2B,0,-0.00153,0.03751
PHTF1_1,PHTF1,0,-0.03349,0.1882
PHTF1_2,PHTF1,0,0.008817,0.1786
PHTF1_3,PHTF1,0,-0.01308,0.1828
PHTF1_4,PHTF1,0,-0.01398,0.1594
PHTF1_5,PHTF1,0,0.0002551,0.08306
PHTF1_6,PHTF1,0,-0.001069,0.09981
PIAS3_1,PIAS3,0,-0.02415,0.1603
PIAS3_2,PIAS3,0,-0.005035,0.0906
PIAS3_3,PIAS3,0,-0.01196,0.1455
PIAS3_4,PIAS3,0,-0.0119,0.1851
PIAS3_5,PIAS3,0,0.003352,0.08428
PIAS3_6,PIAS3,0,-0.006058,0.1176
PIAS4_1,PIAS4,0,-0.3074,0.5997
PIAS4_2,PIAS4,0,-0.003827,0.1421
PIAS4_3,PIAS4,0,-0.003434,0.1865
PIAS4_4,PIAS4,0,-0.003941,0.1082
PIAS4_5,PIAS4,0,0.002425,0.1579
PIAS4_6,PIAS4,0,0.0008538,0.1235
PIN1_1,PIN1,0,0.003707,0.1331
PIN1_2,PIN1,0,-0.009743,0.1733
PIN1_3,PIN1,0,-0.00176,0.2568
PIN1_4,PIN1,0,-0.02521,0.3264
PIN1_5,PIN1,0,0.001122,0.07593
PIN1_6,PIN1,0,-0.008928,0.1554
PITX1_1,PITX1,0,-0.001268,0.09835
PITX1_2,PITX1,0,0.002647,0.2322
PITX1_3,PITX1,0,0.002023,0.2588
PITX1_4,PITX1,0,-0.003568,0.2091
PITX1_5,PITX1,0,-0.004209,0.1868
PITX1_6,PITX1,0,-0.01759,0.1319
PITX2_P1_1,PITX2,0,0.01233,0.1424
PITX2_P1_2,PITX2,0,-0.01275,0.1965
PITX2_P1_3,PITX2,0,0.008,0.1023
PITX2_P1_4,PITX2,0,-0.007049,0.1655
PITX2_P1_5,PITX2,0,-0.005064,0.1151
PITX2_P1_6,PITX2,0,-0.01633,0.2042
PITX2_P2_1,PITX2,0,0.001928,0.1402
PITX2_P2_2,PITX2,0,-0.006317,0.1872
PITX2_P2_3,PITX2,0,-0.003429,0.1561
PITX2_P2_4,PITX2,0,0.002181,0.1559
PITX2_P2_5,PITX2,0,-0.02225,0.1326
PITX2_P2_6,PITX2,0,-0.002426,0.08803
PITX3_1,PITX3,0,-0.008342,0.1422
PITX3_2,PITX3,0,-0.01427,0.2096
PITX3_3,PITX3,0,-0.01692,0.1299
PITX3_4,PITX3,0,-0.005134,0.1455
PITX3_5,PITX3,0,0.004934,0.08365
PITX3_6,PITX3,0,-0.00892,0.1119
PKNOX1_1,PKNOX1,0,0.004517,0.1001
PKNOX1_2,PKNOX1,0,-0.02021,0.2075
PKNOX1_3,PKNOX1,0,-0.04596,0.2365
PKNOX1_4,PKNOX1,0,-0.02098,0.2106
PKNOX1_5,PKNOX1,0,0.0008718,0.09583
PKNOX1_6,PKNOX1,0,-0.005391,0.07714
PKNOX2_1,PKNOX2,0,-0.009909,0.1579
PKNOX2_2,PKNOX2,0,-0.01033,0.183
PKNOX2_3,PKNOX2,0,0.001117,0.1598
PKNOX2_4,PKNOX2,0,-0.03182,0.2593
PKNOX2_5,PKNOX2,0,-0.01478,0.1224
PKNOX2_6,PKNOX2,0,-0.01307,0.1307
PLAG1_1,PLAG1,0,-0.009409,0.112
PLAG1_2,PLAG1,0,-0.01023,0.1498
PLAG1_3,PLAG1,0,-0.009749,0.1007
PLAG1_4,PLAG1,0,-0.01221,0.1192
PLAG1_5,PLAG1,0,-0.006245,0.1263
PLAG1_6,PLAG1,0,-0.0001687,0.1878
PLAGL1_P1_1,PLAGL1,0,-0.01737,0.2269
PLAGL1_P1_2,PLAGL1,0,-0.0007146,0.1676
PLAGL1_P1_3,PLAGL1,0,0.007376,0.1374
PLAGL1_P1_4,PLAGL1,0,-0.008494,0.2484
PLAGL1_P1_5,PLAGL1,0,-0.009328,0.1359
PLAGL1_P1_6,PLAGL1,0,-0.0169,0.1581
PLAGL1_P2_1,PLAGL1,0,-0.02441,0.2086
PLAGL1_P2_2,PLAGL1,0,-0.008636,0.1042
PLAGL1_P2_3,PLAGL1,0,-0.02081,0.217
PLAGL1_P2_4,PLAGL1,0,-0.03757,0.2924
PLAGL1_P2_5,PLAGL1,0,-0.01041,0.1127
PLAGL1_P2_6,PLAGL1,0,-0.009998,0.1255
PLAGL2_1,PLAGL2,0,0.01338,0.1461
PLAGL2_2,PLAGL2,0,0.01052,0.1337
PLAGL2_3,PLAGL2,0,-0.001881,0.1144
PLAGL2_4,PLAGL2,0,-0.02923,0.2141
PLAGL2_5,PLAGL2,0,-0.004881,0.1154
PLAGL2_6,PLAGL2,0,0.001283,0.0872
PLEKHA5_1,PLEKHA5,0,-0.3871,0.3956
PLEKHA5_2,PLEKHA5,0,-0.01529,0.1538
PLEKHA5_3,PLEKHA5,0,-0.01107,0.1764
PLEKHA5_4,PLEKHA5,0,-0.01105,0.1683
PLEKHA5_5,PLEKHA5,0,-0.001049,0.1125
PLEKHA5_6,PLEKHA5,0,-0.01086,0.1772
PLEK_1,PLEK,0,-0.008336,0.1484
PLEK_2,PLEK,0,-0.03201,0.2432
PLEK_3,PLEK,0,-0.007997,0.1014
PLEK_4,PLEK,0,-0.004108,0.06808
PLEK_5,PLEK,0,0.003253,0.08091
PLEK_6,PLEK,0,0.005201,0.07737
PLSCR1_1,PLSCR1,0,-0.002934,0.09874
PLSCR1_2,PLSCR1,0,-0.007514,0.09659
PLSCR1_3,PLSCR1,0,0.001776,0.2105
PLSCR1_4,PLSCR1,0,-0.02681,0.2446
PLSCR1_5,PLSCR1,0,-0.005802,0.09857
PLSCR1_6,PLSCR1,0,-0.007763,0.1109
POGK_1,POGK,0,-0.01225,0.1294
POGK_2,POGK,0,-0.01334,0.1547
POGK_3,POGK,0,-0.01976,0.2317
POGK_4,POGK,0,-0.002779,0.06547
POGK_5,POGK,0,0.0006987,0.09017
POGK_6,POGK,0,-0.005975,0.1187
POLR1D_B,POLR1D,0,-0.02886,0.3666
POLR1D_C,POLR1D,0,-0.002643,0.05314
POLR1D_main,POLR1D,0,-0.002087,0.06749
POLR3C_1,POLR3C,0,0.007583,0.08179
POLR3C_2,POLR3C,0,-0.01113,0.1112
POLR3C_3,POLR3C,0,-0.1019,0.366
POLR3C_4,POLR3C,0,-0.008609,0.159
POLR3C_5,POLR3C,0,0.0002395,0.04754
POLR3C_6,POLR3C,0,2.075e-05,0.0482
POLR3K_1,POLR3K,0,-0.1566,0.5888
POLR3K_3,POLR3K,0,-0.2668,0.7501
POLR3K_4,POLR3K,0,0.007115,0.07865
POLR3K_5,POLR3K,0,-0.005406,0.1019
POLR3K_6,POLR3K,0,-0.02207,0.1857
POU1F1_1,POU1F1,0,-0.01005,0.1367
POU1F1_2,POU1F1,0,-0.0153,0.1888
POU1F1_3,POU1F1,0,-0.004931,0.1907
POU1F1_4,POU1F1,0,-0.00845,0.1504
POU1F1_5,POU1F1,0,-0.009954,0.1345
POU1F1_6,POU1F1,0,-0.007924,0.129
POU2AF1_1,POU2AF1,0,-0.004701,0.2324
POU2AF1_2,POU2AF1,0,-0.01872,0.1522
POU2AF1_3,POU2AF1,0,-0.002936,0.1264
POU2AF1_4,POU2AF1,0,-0.007244,0.1491
POU2AF1_5,POU2AF1,0,0.001116,0.07306
POU2AF1_6,POU2AF1,0,-0.0007041,0.1049
POU2F1_P1_1,POU2F1,0,-0.008852,0.1914
POU2F1_P1_2,POU2F1,0,-0.005648,0.2832
POU2F1_P1_3,POU2F1,0,-0.001373,0.1823
POU2F1_P1_4,POU2F1,0,-0.01361,0.1754
POU2F1_P1_5,POU2F1,0,-0.0208,0.2084
POU2F1_P1_6,POU2F1,0,0.004199,0.07868
POU2F1_P2_1,POU2F1,0,-0.009863,0.1094
POU2F1_P2_2,POU2F1,0,-0.01817,0.1641
POU2F1_P2_3,POU2F1,0,-0.06403,0.3378
POU2F1_P2_4,POU2F1,0,-0.0014,0.2156
POU2F1_P2_5,POU2F1,0,-0.00629,0.1144
POU2F1_P2_6,POU2F1,0,0.008725,0.1841
POU2F2_1,POU2F2,0,-0.003251,0.1018
POU2F2_2,POU2F2,0,0.007666,0.1041
POU2F2_3,POU2F2,0,0.0083,0.1471
POU2F2_4,POU2F2,0,-0.01532,0.2028
POU2F2_5,POU2F2,0,0.004515,0.135
POU2F2_6,POU2F2,0,8.833e-05,0.09883
POU2F3_P1_1,POU2F3,0,-0.002693,0.1282
POU2F3_P1_2,POU2F3,0,-0.003391,0.151
POU2F3_P1_3,POU2F3,0,-0.003713,0.09732
POU2F3_P1_4,POU2F3,0,-0.05637,0.2657
POU2F3_P1_5,POU2F3,0,0.003687,0.07765
POU2F3_P1_6,POU2F3,0,0.004585,0.1062
POU2F3_P2_1,POU2F3,0,-0.01506,0.1355
POU2F3_P2_2,POU2F3,0,-0.01385,0.1311
POU2F3_P2_3,POU2F3,0,-0.05265,0.2714
POU2F3_P2_4,POU2F3,0,-0.01271,0.1228
POU2F3_P2_5,POU2F3,0,0.002071,0.08721
POU2F3_P2_6,POU2F3,0,-0.003203,0.118
POU3F1_1,POU3F1,0,0.006485,0.133
POU3F1_2,POU3F1,0,0.0001548,0.1591
POU3F1_3,POU3F1,0,-0.00545,0.1129
POU3F1_4,POU3F1,0,-0.02526,0.1533
POU3F1_5,POU3F1,0,-0.009841,0.1333
POU3F1_6,POU3F1,0,-0.001634,0.06298
POU3F2_1,POU3F2,0,0.007346,0.1283
POU3F2_2,POU3F2,0,0.004018,0.1221
POU3F2_3,POU3F2,0,-0.009343,0.208
POU3F2_4,POU3F2,0,-0.000957,0.0874
POU3F2_5,POU3F2,0,-0.003024,0.05945
POU3F2_6,POU3F2,0,0.005148,0.08433
POU3F3_1,POU3F3,0,-0.002552,0.1203
POU3F3_2,POU3F3,0,-0.07349,0.3991
POU3F3_3,POU3F3,0,-0.00678,0.08717
POU3F3_4,POU3F3,0,-0.006385,0.1937
POU3F3_5,POU3F3,0,0.0004192,0.08457
POU3F3_6,POU3F3,0,-0.006019,0.09069
POU3F4_1,POU3F4,0,-0.005076,0.1313
POU3F4_2,POU3F4,0,-0.01289,0.1696
POU3F4_3,POU3F4,0,0.008497,0.141
POU3F4_4,POU3F4,0,-0.004672,0.1599
POU3F4_5,POU3F4,0,0.007572,0.2434
POU3F4_6,POU3F4,0,-0.02136,0.1027
POU4F1_1,POU4F1,0,-0.02004,0.2093
POU4F1_2,POU4F1,0,0.002871,0.08917
POU4F1_3,POU4F1,0,-0.005466,0.2133
POU4F1_4,POU4F1,0,-0.05584,0.3934
POU4F1_5,POU4F1,0,-0.005601,0.1025
POU4F1_6,POU4F1,0,-0.01712,0.1798
POU4F2_1,POU4F2,0,-0.01184,0.1057
POU4F2_2,POU4F2,0,-0.006341,0.1452
POU4F2_3,POU4F2,0,-0.02025,0.132
POU4F2_4,POU4F2,0,0.006,0.1486
POU4F2_5,POU4F2,0,0.003936,0.1276
POU4F2_6,POU4F2,0,0.002251,0.07304
POU4F3_1,POU4F3,0,-0.009619,0.1145
POU4F3_2,POU4F3,0,-0.009407,0.1464
POU4F3_3,POU4F3,0,-0.004057,0.1321
POU4F3_4,POU4F3,0,-0.002177,0.1345
POU4F3_5,POU4F3,0,0.002127,0.06748
POU4F3_6,POU4F3,0,-0.00399,0.08635
POU5F1B_1,POU5F1B,0,-0.0121,0.1377
POU5F1B_2,POU5F1B,0,0.005025,0.2239
POU5F1B_4,POU5F1B,0,-0.01913,0.1624
POU5F1B_5,POU5F1B,0,-0.004618,0.08977
POU5F1B_6,POU5F1B,0,-0.01933,0.1199
POU5F1_P1_1,POU5F1,0,-0.008438,0.125
POU5F1_P1_2,POU5F1,0,-0.01138,0.1276
POU5F1_P1_3,POU5F1,0,-0.007666,0.2793
POU5F1_P1_4,POU5F1,0,-0.01303,0.2123
POU5F1_P1_5,POU5F1,0,0.004397,0.1365
POU5F1_P1_6,POU5F1,0,-0.008687,0.1433
POU5F1_P2_1,POU5F1,0,-0.154,0.6078
POU5F1_P2_3,POU5F1,0,-0.1113,0.5048
POU5F1_P2_5,POU5F1,0,-0.0099,0.1655
POU5F1_P2_6,POU5F1,0,-0.05932,0.4018
POU5F2_1,POU5F2,0,-0.0069,0.08987
POU5F2_2,POU5F2,0,-0.01938,0.1855
POU5F2_3,POU5F2,0,-0.02977,0.2284
POU5F2_4,POU5F2,0,-0.01429,0.133
POU5F2_5,POU5F2,0,-0.003461,0.07935
POU5F2_6,POU5F2,0,0.008355,0.1265
POU6F1_1,POU6F1,0,-4.376e-05,0.1314
POU6F1_2,POU6F1,0,-0.03455,0.3221
POU6F1_3,POU6F1,0,-0.002694,0.1055
POU6F1_4,POU6F1,0,0.01806,0.2072
POU6F1_5,POU6F1,0,-0.001297,0.1155
POU6F1_6,POU6F1,0,0.01145,0.08568
POU6F2_1,POU6F2,0,-0.006187,0.09426
POU6F2_2,POU6F2,0,-0.01565,0.2789
POU6F2_3,POU6F2,0,-0.01754,0.1995
POU6F2_4,POU6F2,0,0.002212,0.08954
POU6F2_5,POU6F2,0,-0.007499,0.1132
POU6F2_6,POU6F2,0,-0.004631,0.1162
PPARA_1,PPARA,0,0.001319,0.1315
PPARA_2,PPARA,0,-0.02756,0.2504
PPARA_3,PPARA,0,0.003159,0.1719
PPARA_4,PPARA,0,-0.009276,0.1484
PPARA_5,PPARA,0,-0.00984,0.1204
PPARA_6,PPARA,0,0.009455,0.1381
PPARD_1,PPARD,0,-0.0112,0.1166
PPARD_2,PPARD,0,-0.02275,0.151
PPARD_3,PPARD,0,-0.01615,0.1646
PPARD_4,PPARD,0,-0.001227,0.1952
PPARD_5,PPARD,0,-0.004746,0.1528
PPARD_6,PPARD,0,-0.01511,0.1256
PPARG_P1_1,PPARG,0,-0.2588,0.651
PPARG_P1_2,PPARG,0,0.004327,0.1292
PPARG_P1_3,PPARG,0,-0.004782,0.1978
PPARG_P1_4,PPARG,0,-0.06172,0.2515
PPARG_P1_5,PPARG,0,-0.00368,0.09196
PPARG_P1_6,PPARG,0,-0.01186,0.1202
PPARG_P2_1,PPARG,0,-0.0007728,0.07363
PPARG_P2_2,PPARG,0,-0.01236,0.1716
PPARG_P2_3,PPARG,0,-0.01716,0.1449
PPARG_P2_4,PPARG,0,-0.004033,0.1715
PPARG_P2_5,PPARG,0,-0.01309,0.1876
PPARG_P2_6,PPARG,0,-0.02258,0.1842
PPIL4_1,PPIL4,0,-0.006549,0.09112
PPIL4_2,PPIL4,0,-0.007443,0.1563
PPIL4_3,PPIL4,0,-0.03144,0.2719
PPIL4_4,PPIL4,0,-0.00646,0.1419
PPIL4_5,PPIL4,0,-0.004332,0.09071
PPIL4_6,PPIL4,0,0.007524,0.1203
PPP1CB_1,PPP1CB,0,-0.004627,0.1161
PPP1CB_2,PPP1CB,0,-0.006623,0.1788
PPP1CB_3,PPP1CB,0,-0.0002173,0.3372
PPP1CB_4,PPP1CB,0,-0.04674,0.4757
PPP1CB_5,PPP1CB,0,-0.006038,0.1898
PPP1CB_6,PPP1CB,0,-0.004425,0.06483
PPP1R13L_P1_2,PPP1R13L,0,0.001255,0.131
PPP1R13L_P1_3,PPP1R13L,0,-0.07412,0.4817
PPP1R13L_P1_4,PPP1R13L,0,-0.023,0.1473
PPP1R13L_P1_5,PPP1R13L,0,-0.001433,0.09949
PPP1R13L_P1_6,PPP1R13L,0,-0.006436,0.1043
PPP1R13L_P2_1,PPP1R13L,0,-0.007891,0.1778
PPP1R13L_P2_2,PPP1R13L,0,-0.000153,0.1067
PPP1R13L_P2_3,PPP1R13L,0,-0.02833,0.3088
PPP1R13L_P2_4,PPP1R13L,0,-0.1177,0.418
PPP1R13L_P2_5,PPP1R13L,0,-0.009459,0.1108
PPP1R13L_P2_6,PPP1R13L,0,0.004364,0.09883
PRDM10_1,PRDM10,0,-0.008769,0.1197
PRDM10_2,PRDM10,0,-0.009395,0.1317
PRDM10_3,PRDM10,0,-0.006117,0.166
PRDM10_4,PRDM10,0,-0.01909,0.2571
PRDM10_5,PRDM10,0,-0.003217,0.06498
PRDM10_6,PRDM10,0,-0.01016,0.1774
PRDM11_P1_1,PRDM11,0,0.0042,0.1262
PRDM11_P1_2,PRDM11,0,-0.002437,0.117
PRDM11_P1_3,PRDM11,0,-0.01617,0.2566
PRDM11_P1_4,PRDM11,0,-0.001774,0.1357
PRDM11_P1_5,PRDM11,0,-0.0009209,0.09042
PRDM11_P1_6,PRDM11,0,-0.002006,0.08863
PRDM11_P2_1,PRDM11,0,-0.01137,0.1024
PRDM11_P2_2,PRDM11,0,-0.008215,0.1511
PRDM11_P2_3,PRDM11,0,-0.0185,0.1611
PRDM11_P2_4,PRDM11,0,-0.02057,0.2196
PRDM11_P2_5,PRDM11,0,-0.001357,0.1454
PRDM11_P2_6,PRDM11,0,-0.002969,0.1225
PRDM12_1,PRDM12,0,-0.0004413,0.1418
PRDM12_2,PRDM12,0,-0.01046,0.1086
PRDM12_3,PRDM12,0,-0.01036,0.1989
PRDM12_4,PRDM12,0,-0.002392,0.1647
PRDM12_5,PRDM12,0,0.003949,0.1163
PRDM12_6,PRDM12,0,0.002188,0.1134
PRDM13_1,PRDM13,0,-0.009282,0.2064
PRDM13_2,PRDM13,0,-0.01215,0.1274
PRDM13_3,PRDM13,0,-0.01602,0.1501
PRDM13_4,PRDM13,0,-0.005206,0.1404
PRDM13_5,PRDM13,0,0.003052,0.1177
PRDM13_6,PRDM13,0,-0.008534,0.0818
PRDM14_1,PRDM14,0,-0.01609,0.2298
PRDM14_2,PRDM14,0,-0.1325,0.5347
PRDM14_3,PRDM14,0,-0.03577,0.3376
PRDM14_4,PRDM14,0,-0.03171,0.3322
PRDM14_5,PRDM14,1,0.001811,0.09224
PRDM14_6,PRDM14,1,-0.006286,0.1047
PRDM15_1,PRDM15,0,-0.01267,0.1517
PRDM15_2,PRDM15,0,-0.004234,0.1473
PRDM15_3,PRDM15,0,-0.01385,0.125
PRDM15_4,PRDM15,0,-0.03263,0.2266
PRDM15_5,PRDM15,0,-0.001473,0.08454
PRDM15_6,PRDM15,0,-0.005309,0.1422
PRDM16_1,PRDM16,0,-0.003242,0.1529
PRDM16_2,PRDM16,0,-0.01096,0.1138
PRDM16_3,PRDM16,0,-0.0121,0.1457
PRDM16_4,PRDM16,0,-0.004773,0.1268
PRDM16_5,PRDM16,0,-0.008012,0.1089
PRDM16_6,PRDM16,0,-0.004634,0.1589
PRDM1_1,PRDM1,0,0.008201,0.1626
PRDM1_2,PRDM1,0,-0.01195,0.2139
PRDM1_3,PRDM1,0,-0.009512,0.1683
PRDM1_4,PRDM1,0,-0.01437,0.1563
PRDM1_5,PRDM1,0,-0.01261,0.08919
PRDM1_6,PRDM1,0,-0.002668,0.06202
PRDM2_1,PRDM2,0,-0.007984,0.2389
PRDM2_2,PRDM2,0,0.001293,0.1375
PRDM2_4,PRDM2,0,-0.008227,0.1525
PRDM2_5,PRDM2,0,-0.01695,0.2508
PRDM2_6,PRDM2,0,-0.01235,0.1345
PRDM4_1,PRDM4,0,0.004862,0.2161
PRDM4_2,PRDM4,0,-0.001341,0.1278
PRDM4_3,PRDM4,0,-0.006752,0.1066
PRDM4_4,PRDM4,0,-0.02382,0.2009
PRDM4_5,PRDM4,0,0.003662,0.091
PRDM4_6,PRDM4,0,-0.0004631,0.06178
PRDM5_1,PRDM5,0,-0.04583,0.3636
PRDM5_2,PRDM5,1,-0.009819,0.1079
PRDM5_3,PRDM5,0,-0.02637,0.2206
PRDM5_4,PRDM5,0,-0.006891,0.1242
PRDM5_5,PRDM5,0,-0.0007306,0.07848
PRDM5_6,PRDM5,1,-0.008669,0.07987
PRDM6_1,PRDM6,0,0.001706,0.1222
PRDM6_2,PRDM6,0,-0.001584,0.1332
PRDM6_3,PRDM6,0,-0.001924,0.1234
PRDM6_4,PRDM6,0,-0.03462,0.3197
PRDM6_5,PRDM6,0,-0.003132,0.09049
PRDM6_6,PRDM6,0,-0.005248,0.09489
PRDM7_1,PRDM7,0,-0.002688,0.09613
PRDM7_2,PRDM7,0,-0.01115,0.1917
PRDM7_3,PRDM7,0,-0.06123,0.3788
PRDM7_4,PRDM7,0,-0.01171,0.2456
PRDM7_5,PRDM7,0,-0.008626,0.2133
PRDM7_6,PRDM7,0,-0.006881,0.1047
PRDM8_P1_1,PRDM8,0,-0.001815,0.1691
PRDM8_P1_2,PRDM8,0,0.007457,0.08664
PRDM8_P1_3,PRDM8,0,-0.02013,0.2089
PRDM8_P1_4,PRDM8,0,-0.02097,0.1895
PRDM8_P1_5,PRDM8,0,-0.0001866,0.1304
PRDM8_P1_6,PRDM8,0,-0.0007826,0.07576
PRDM8_P2_1,PRDM8,0,-0.0007496,0.1409
PRDM8_P2_2,PRDM8,0,-0.003169,0.1551
PRDM8_P2_3,PRDM8,0,-0.01372,0.1111
PRDM8_P2_4,PRDM8,0,-0.005757,0.1226
PRDM8_P2_5,PRDM8,0,0.005205,0.08725
PRDM8_P2_6,PRDM8,0,-0.0009487,0.09647
PRDM9_1,PRDM9,0,-0.03048,0.2643
PRDM9_2,PRDM9,0,0.007732,0.169
PRDM9_3,PRDM9,0,-0.004992,0.1831
PRDM9_4,PRDM9,0,-0.01081,0.2409
PRDM9_5,PRDM9,0,-0.006065,0.1394
PRDM9_6,PRDM9,0,-0.01402,0.1512
PREB_1,PREB,0,-0.1296,0.4517
PREB_2,PREB,1,0.02806,0.2868
PREB_3,PREB,0,-0.1427,0.626
PREB_4,PREB,0,-0.01306,0.3674
PREB_5,PREB,1,0.01607,0.1998
PREB_6,PREB,0,-0.009878,0.1051
PRKRIP1_P1_1,PRKRIP1,0,-0.01391,0.1228
PRKRIP1_P1_2,PRKRIP1,0,-0.004044,0.1194
PRKRIP1_P1_3,PRKRIP1,0,-0.02813,0.2601
PRKRIP1_P1_4,PRKRIP1,0,-0.05133,0.335
PRKRIP1_P1_5,PRKRIP1,0,-0.00379,0.123
PRKRIP1_P1_6,PRKRIP1,0,-0.03105,0.3015
PRKRIP1_P2_1,PRKRIP1,0,-0.01542,0.2264
PRKRIP1_P2_2,PRKRIP1,0,-0.03168,0.2102
PRKRIP1_P2_3,PRKRIP1,0,-0.004649,0.1657
PRKRIP1_P2_4,PRKRIP1,0,-0.002308,0.2343
PRKRIP1_P2_5,PRKRIP1,0,-0.005345,0.09351
PRKRIP1_P2_6,PRKRIP1,0,-0.003634,0.1102
PRKRIR_1,PRKRIR,0,-0.01328,0.1342
PRKRIR_2,PRKRIR,0,-0.3321,0.5799
PRKRIR_3,PRKRIR,0,-0.01088,0.1534
PRKRIR_4,PRKRIR,0,-0.00464,0.1168
PRKRIR_5,PRKRIR,0,-0.01877,0.1662
PRKRIR_6,PRKRIR,0,-0.0195,0.1707
PRMT3_1,PRMT3,0,-0.0112,0.2466
PRMT3_2,PRMT3,0,-0.015,0.1668
PRMT3_3,PRMT3,0,-0.06628,0.3627
PRMT3_4,PRMT3,0,-0.01203,0.224
PRMT3_5,PRMT3,0,-0.0019,0.1035
PRMT3_6,PRMT3,0,0.003236,0.07388
PROP1_1,PROP1,0,0.00439,0.1434
PROP1_2,PROP1,0,-0.01085,0.1431
PROP1_3,PROP1,0,-0.009567,0.3342
PROP1_4,PROP1,0,-0.003573,0.112
PROP1_5,PROP1,0,-0.007671,0.1064
PROP1_6,PROP1,0,-0.01653,0.1575
PROX1_1,PROX1,0,0.001565,0.1296
PROX1_2,PROX1,0,-0.02819,0.1857
PROX1_3,PROX1,0,-0.008178,0.1353
PROX1_4,PROX1,0,0.00478,0.1198
PROX1_5,PROX1,0,-0.002184,0.09467
PROX1_6,PROX1,0,-0.001596,0.08953
PROX2_1,PROX2,0,0.002315,0.1478
PROX2_2,PROX2,0,-0.01122,0.1564
PROX2_3,PROX2,0,-0.004003,0.06794
PROX2_4,PROX2,0,-0.01573,0.1275
PROX2_5,PROX2,0,-0.001979,0.07696
PROX2_6,PROX2,0,-0.01228,0.1251
PRR12_1,PRR12,0,-0.02059,0.1554
PRR12_2,PRR12,0,0.002667,0.1309
PRR12_3,PRR12,0,-0.01936,0.148
PRR12_4,PRR12,0,-0.01244,0.1513
PRR12_5,PRR12,0,0.002155,0.06867
PRR12_6,PRR12,0,0.006545,0.09463
PRRX1_P1_1,PRRX1,0,-0.005291,0.1073
PRRX1_P1_2,PRRX1,0,0.001626,0.1158
PRRX1_P1_3,PRRX1,0,-0.01026,0.3713
PRRX1_P1_4,PRRX1,0,-0.003177,0.2063
PRRX1_P1_5,PRRX1,0,-0.002202,0.09433
PRRX1_P1_6,PRRX1,0,-0.006903,0.1078
PRRX1_P2_1,PRRX1,0,-0.003401,0.1255
PRRX1_P2_2,PRRX1,0,-0.02284,0.2296
PRRX1_P2_3,PRRX1,0,0.002135,0.08285
PRRX1_P2_4,PRRX1,0,-0.04032,0.2714
PRRX1_P2_5,PRRX1,0,0.0009557,0.06491
PRRX1_P2_6,PRRX1,0,-0.00138,0.05605
PRRX2_1,PRRX2,0,-0.03245,0.263
PRRX2_2,PRRX2,0,-0.03165,0.1977
PRRX2_3,PRRX2,0,0.001066,0.172
PRRX2_4,PRRX2,0,-0.01083,0.1622
PRRX2_5,PRRX2,0,-0.009428,0.1591
PRRX2_6,PRRX2,0,0.004505,0.09193
PSIP1_1,PSIP1,0,-0.0006125,0.1272
PSIP1_2,PSIP1,0,-0.00915,0.1517
PSIP1_3,PSIP1,0,-0.01713,0.2325
PSIP1_4,PSIP1,0,-0.002637,0.1133
PSIP1_5,PSIP1,0,-0.002072,0.05989
PSIP1_6,PSIP1,0,-0.01128,0.2154
PSMA1_1,PSMA1,0,-0.04289,0.2937
PSMA1_2,PSMA1,1,-0.005234,0.1202
PSMA1_3,PSMA1,0,-0.00277,0.2685
PSMA1_4,PSMA1,0,-0.04818,0.4231
PSMA1_5,PSMA1,1,-0.003591,0.1115
PSMA1_6,PSMA1,0,-0.01371,0.1073
PSMB1_1,PSMB1,0,0.004475,0.2071
PSMB1_2,PSMB1,0,-0.0272,0.2864
PSMB1_3,PSMB1,0,-0.003289,0.1898
PSMB1_5,PSMB1,0,-0.01161,0.1354
PSMB1_6,PSMB1,0,0.003259,0.06696
PSMB4_1,PSMB4,0,-0.01898,0.1393
PSMB4_2,PSMB4,0,-0.01659,0.1258
PSMB4_3,PSMB4,0,-0.04612,0.3407
PSMB4_4,PSMB4,0,-0.0037,0.1269
PSMB4_5,PSMB4,0,5.058e-05,0.153
PSMB4_6,PSMB4,0,-0.004246,0.0886
PSMC3_1,PSMC3,0,-0.0248,0.2631
PSMC3_2,PSMC3,0,0.000666,0.1726
PSMC3_3,PSMC3,0,-0.003635,0.09751
PSMC3_4,PSMC3,0,-0.00941,0.1282
PSMC3_5,PSMC3,0,0.002799,0.06817
PSMC3_6,PSMC3,0,0.004731,0.1008
PTF1A_1,PTF1A,0,-0.008246,0.172
PTF1A_2,PTF1A,0,0.003798,0.1156
PTF1A_3,PTF1A,0,-0.024,0.1903
PTF1A_4,PTF1A,0,-0.02356,0.1886
PTF1A_5,PTF1A,0,-0.003287,0.07567
PTF1A_6,PTF1A,0,0.001161,0.1734
PTTG1_4,PTTG1,0,-0.03044,0.2833
PTTG1_5,PTTG1,0,-0.05243,0.5071
PTTG1_6,PTTG1,0,-0.002502,0.1864
PUF60_1,PUF60,0,-0.1355,0.5715
PUF60_2,PUF60,0,-0.01942,0.2351
PUF60_3,PUF60,0,0.0005321,0.1603
PUF60_4,PUF60,0,-0.009835,0.1089
PUF60_5,PUF60,0,-0.006824,0.1489
PUF60_6,PUF60,0,-0.005362,0.0985
PURA_P1_1,PURA,0,-0.002736,0.1028
PURA_P1_2,PURA,0,-0.002215,0.1062
PURA_P1_3,PURA,0,-0.00373,0.09339
PURA_P1_4,PURA,0,-0.02482,0.1787
PURA_P1_5,PURA,0,-0.001694,0.1294
PURA_P1_6,PURA,0,-6.425e-05,0.09532
PURA_P2_1,PURA,0,-0.00298,0.1308
PURA_P2_2,PURA,0,-0.001891,0.1683
PURA_P2_3,PURA,0,-0.0001033,0.1626
PURA_P2_4,PURA,0,-0.007023,0.1389
PURA_P2_5,PURA,0,0.0007761,0.06668
PURA_P2_6,PURA,0,0.002017,0.08351
PURB_1,PURB,0,-0.003311,0.1079
PURB_2,PURB,0,-0.02403,0.1482
PURB_3,PURB,0,-0.01854,0.1518
PURB_4,PURB,0,0.00502,0.1163
PURB_5,PURB,0,-0.009601,0.1149
PURB_6,PURB,0,0.001092,0.1447
PURG_1,PURG,0,0.005583,0.1398
PURG_2,PURG,0,-0.0136,0.2163
PURG_3,PURG,0,-0.002482,0.1354
PURG_4,PURG,0,-0.008939,0.1942
PURG_5,PURG,0,0.0006791,0.1073
PURG_6,PURG,0,-0.009175,0.1152
RAG1_1,RAG1,0,0.001189,0.1361
RAG1_2,RAG1,0,-0.007531,0.1249
RAG1_3,RAG1,0,-0.01174,0.1943
RAG1_4,RAG1,0,-0.004859,0.08913
RAG1_5,RAG1,0,-0.01072,0.1451
RAG1_6,RAG1,0,-0.02649,0.1722
RARA_P1_1,RARA,0,-0.01985,0.1393
RARA_P1_2,RARA,0,-0.0192,0.1593
RARA_P1_3,RARA,0,-0.003082,0.1911
RARA_P1_4,RARA,0,-0.001329,0.2229
RARA_P1_5,RARA,0,-0.006568,0.1699
RARA_P1_6,RARA,0,-0.002035,0.06418
RARA_P2_1,RARA,0,-0.005272,0.1823
RARA_P2_2,RARA,0,-0.01155,0.07895
RARA_P2_3,RARA,0,-0.01096,0.1469
RARA_P2_4,RARA,0,-0.02597,0.2352
RARA_P2_5,RARA,0,-0.002666,0.104
RARA_P2_6,RARA,0,-0.004219,0.08376
RARB_1,RARB,0,-0.002104,0.1452
RARB_2,RARB,0,-0.005461,0.2063
RARB_3,RARB,0,-0.07131,0.292
RARB_4,RARB,0,-0.01616,0.313
RARB_5,RARB,0,-0.01171,0.1178
RARB_6,RARB,0,-0.005643,0.1003
RARG_P1_1,RARG,0,-0.001095,0.06161
RARG_P1_2,RARG,0,-0.004954,0.1753
RARG_P1_3,RARG,0,-0.03291,0.2494
RARG_P1_4,RARG,0,-0.01346,0.192
RARG_P1_5,RARG,0,-0.00645,0.1434
RARG_P1_6,RARG,0,-0.004566,0.07936
RARG_P2_1,RARG,0,-0.005558,0.1089
RARG_P2_2,RARG,0,-0.001751,0.09579
RARG_P2_3,RARG,0,-0.00822,0.1421
RARG_P2_4,RARG,0,-0.004482,0.08752
RARG_P2_5,RARG,0,-0.008537,0.1238
RARG_P2_6,RARG,0,-0.004735,0.1165
RAX2_1,RAX2,0,-0.002292,0.117
RAX2_2,RAX2,0,-0.006682,0.1111
RAX2_3,RAX2,0,-0.009787,0.1252
RAX2_4,RAX2,0,-0.003448,0.1046
RAX2_5,RAX2,0,-0.002373,0.06637
RAX2_6,RAX2,0,-0.005809,0.119
RAX_1,RAX,0,-0.02399,0.143
RAX_2,RAX,0,-0.003396,0.1514
RAX_3,RAX,0,-0.003911,0.155
RAX_4,RAX,0,-0.005191,0.1221
RAX_5,RAX,0,0.004585,0.1844
RAX_6,RAX,0,-0.001303,0.1095
RB1CC1_P1_1,RB1CC1,0,-0.005731,0.1311
RB1CC1_P1_2,RB1CC1,0,0.0005802,0.132
RB1CC1_P1_3,RB1CC1,0,-0.03842,0.2446
RB1CC1_P1_4,RB1CC1,0,-0.006215,0.1649
RB1CC1_P1_5,RB1CC1,0,0.0007382,0.2079
RB1CC1_P1_6,RB1CC1,0,-0.01064,0.1087
RB1CC1_P2_1,RB1CC1,0,-0.005153,0.113
RB1CC1_P2_3,RB1CC1,0,-0.005918,0.2366
RB1CC1_P2_4,RB1CC1,0,-0.01386,0.2306
RB1CC1_P2_5,RB1CC1,0,0.004199,0.06581
RB1CC1_P2_6,RB1CC1,0,-0.003908,0.1663
RB1_1,RB1,0,-0.004587,0.1526
RB1_2,RB1,0,-0.006611,0.1202
RB1_3,RB1,0,-0.009063,0.1916
RB1_4,RB1,0,0.001133,0.1024
RB1_5,RB1,0,-0.04213,0.3146
RB1_6,RB1,0,-0.05496,0.3956
RBAK_P1_1,RBAK,0,-0.009178,0.1746
RBAK_P1_2,RBAK,0,-0.02766,0.2501
RBAK_P1_3,RBAK,0,-0.003985,0.1904
RBAK_P1_4,RBAK,0,-0.01042,0.1279
RBAK_P1_5,RBAK,0,-0.007097,0.1274
RBAK_P1_6,RBAK,0,0.006772,0.09236
RBAK_P2_1,RBAK,0,0.003476,0.1283
RBAK_P2_2,RBAK,0,-0.005624,0.1522
RBAK_P2_3,RBAK,0,-0.0133,0.1804
RBAK_P2_4,RBAK,0,-0.01069,0.1669
RBAK_P2_5,RBAK,0,-0.002887,0.1561
RBAK_P2_6,RBAK,0,-0.004636,0.1228
RBCK1_1,RBCK1,0,-0.002183,0.1207
RBCK1_2,RBCK1,0,0.0005439,0.1192
RBCK1_3,RBCK1,0,-0.002506,0.1231
RBCK1_4,RBCK1,0,-0.009807,0.1259
RBCK1_5,RBCK1,0,-0.008506,0.1044
RBCK1_6,RBCK1,0,-0.0007899,0.09127
RBL2_P1_1,RBL2,0,-0.01929,0.2577
RBL2_P1_2,RBL2,0,-0.01727,0.214
RBL2_P1_3,RBL2,0,-0.004917,0.1249
RBL2_P1_4,RBL2,0,-0.00361,0.1646
RBL2_P1_5,RBL2,0,-0.003134,0.06849
RBL2_P1_6,RBL2,0,-0.01789,0.1326
RBL2_P2_1,RBL2,0,-0.007954,0.1257
RBL2_P2_2,RBL2,0,-0.002411,0.1309
RBL2_P2_3,RBL2,0,-0.008458,0.1141
RBL2_P2_4,RBL2,0,-0.005064,0.1505
RBL2_P2_5,RBL2,0,-0.01369,0.1846
RBL2_P2_6,RBL2,0,-0.007658,0.1155
RBMS1_1,RBMS1,0,-0.0007614,0.07929
RBMS1_2,RBMS1,0,-0.00934,0.1417
RBMS1_3,RBMS1,0,-0.002624,0.1509
RBMS1_4,RBMS1,0,0.01231,0.1615
RBMS1_5,RBMS1,0,-0.01751,0.1763
RBMS1_6,RBMS1,0,0.0009403,0.1326
RBPJL_1,RBPJL,0,-0.02247,0.1789
RBPJL_2,RBPJL,0,-0.004509,0.1123
RBPJL_3,RBPJL,0,-0.02544,0.2256
RBPJL_4,RBPJL,0,-0.05847,0.4003
RBPJL_5,RBPJL,0,-0.003697,0.08896
RBPJL_6,RBPJL,0,0.0004276,0.06573
RBPJ_1,RBPJ,0,-0.007373,0.1213
RBPJ_2,RBPJ,0,-0.01759,0.1427
RBPJ_3,RBPJ,0,-0.008198,0.104
RBPJ_4,RBPJ,0,-0.01114,0.3622
RBPJ_5,RBPJ,0,-0.001932,0.07253
RBPJ_6,RBPJ,0,-0.0083,0.09806
RC3H2_1,RC3H2,0,0.002177,0.1701
RC3H2_2,RC3H2,0,-0.0004749,0.1815
RC3H2_3,RC3H2,0,-0.01075,0.3046
RC3H2_4,RC3H2,0,0.003417,0.1539
RC3H2_5,RC3H2,0,0.001472,0.1474
RC3H2_6,RC3H2,0,-0.001884,0.1298
RCAN1_1,RCAN1,0,-0.02132,0.1499
RCAN1_2,RCAN1,0,-0.01946,0.1461
RCAN1_3,RCAN1,0,-0.006001,0.1131
RCAN1_4,RCAN1,0,-0.01971,0.3909
RCAN1_5,RCAN1,0,-0.0148,0.1551
RCAN1_6,RCAN1,0,-0.00607,0.1224
RCOR1_1,RCOR1,0,-0.02689,0.161
RCOR1_2,RCOR1,0,-0.02034,0.2006
RCOR1_3,RCOR1,0,-0.00676,0.1605
RCOR1_4,RCOR1,0,-0.01405,0.28
RCOR1_5,RCOR1,0,-0.002111,0.07002
RCOR1_6,RCOR1,0,-0.0009721,0.09352
RCOR2_1,RCOR2,1,-0.01206,0.1148
RCOR2_2,RCOR2,1,-0.01167,0.1105
RCOR2_3,RCOR2,0,-0.01466,0.1229
RCOR2_4,RCOR2,0,-0.02898,0.2892
RCOR2_5,RCOR2,0,-0.01138,0.09331
RCOR2_6,RCOR2,1,-0.009923,0.1693
RCOR3_1,RCOR3,0,-0.09143,0.396
RCOR3_2,RCOR3,0,0.009568,0.1098
RCOR3_3,RCOR3,0,-0.005901,0.1336
RCOR3_4,RCOR3,0,-0.008056,0.09145
RCOR3_5,RCOR3,0,0.0009637,0.08222
RCOR3_6,RCOR3,0,-0.007231,0.07991
RELA_1,RELA,0,-0.0156,0.1463
RELA_2,RELA,0,0.004999,0.09603
RELA_3,RELA,0,-0.007571,0.1551
RELA_4,RELA,0,-0.01253,0.1343
RELA_5,RELA,0,-0.002836,0.08234
RELA_6,RELA,0,-0.008715,0.07165
RELB_1,RELB,0,-0.006635,0.1121
RELB_2,RELB,0,0.001982,0.1445
RELB_3,RELB,0,-0.01149,0.1495
RELB_4,RELB,0,-0.005519,0.174
RELB_5,RELB,0,0.001507,0.1526
RELB_6,RELB,0,-0.003216,0.08371
REL_1,REL,0,-0.02537,0.1485
REL_2,REL,0,-0.007902,0.2353
REL_3,REL,0,-0.003513,0.1396
REL_4,REL,0,-0.005505,0.1476
REL_5,REL,0,0.004932,0.08294
REL_6,REL,0,-0.01143,0.1216
REPIN1_1,REPIN1,0,-0.0162,0.1715
REPIN1_2,REPIN1,0,-0.002878,0.1393
REPIN1_3,REPIN1,0,-0.004754,0.1965
REPIN1_4,REPIN1,0,-0.005873,0.1876
REPIN1_5,REPIN1,0,0.003109,0.05254
REPIN1_6,REPIN1,0,-0.003016,0.1
RERE_1,RERE,0,-0.007754,0.1688
RERE_2,RERE,0,-0.009584,0.1682
RERE_3,RERE,0,-0.04738,0.3237
RERE_4,RERE,0,-0.02027,0.1686
RERE_5,RERE,0,0.0007571,0.1116
RERE_6,RERE,0,-0.001142,0.06647
REST_P1_1,REST,0,0.00749,0.1019
REST_P1_2,REST,0,-0.01365,0.1529
REST_P1_3,REST,0,-0.04752,0.3682
REST_P1_4,REST,0,-0.004658,0.1721
REST_P1_5,REST,0,-0.001936,0.08194
REST_P1_6,REST,0,-0.001094,0.07636
REST_P2_1,REST,0,-0.07206,0.2684
REST_P2_2,REST,0,0.004494,0.1021
REST_P2_3,REST,0,-0.002749,0.1359
REST_P2_4,REST,0,-0.01371,0.1959
REST_P2_5,REST,0,-0.009181,0.1047
REST_P2_6,REST,0,-0.007315,0.1103
REXO4_1,REXO4,0,-0.0008198,0.1771
REXO4_2,REXO4,0,-0.0273,0.2169
REXO4_3,REXO4,0,-0.00764,0.1442
REXO4_4,REXO4,0,-0.01893,0.2041
REXO4_5,REXO4,0,-0.004116,0.105
REXO4_6,REXO4,0,0.002323,0.112
RFX1_1,RFX1,0,-0.002022,0.1143
RFX1_2,RFX1,0,-0.008524,0.1637
RFX1_3,RFX1,0,0.002803,0.09499
RFX1_4,RFX1,0,-0.05854,0.3983
RFX1_5,RFX1,0,-0.002537,0.0831
RFX1_6,RFX1,0,-7.529e-05,0.04249
RFX2_1,RFX2,0,-0.01672,0.184
RFX2_2,RFX2,0,-0.01545,0.125
RFX2_3,RFX2,0,-0.09035,0.3677
RFX2_4,RFX2,0,-0.002687,0.1449
RFX2_5,RFX2,0,-0.001288,0.07984
RFX2_6,RFX2,0,0.004008,0.1039
RFX3_1,RFX3,0,-0.01419,0.2345
RFX3_2,RFX3,0,-0.02063,0.2092
RFX3_3,RFX3,0,0.00398,0.2226
RFX3_4,RFX3,0,-0.0395,0.2745
RFX3_5,RFX3,0,-0.001797,0.1174
RFX3_6,RFX3,0,-0.005288,0.1886
RFX4_1,RFX4,0,-0.00779,0.126
RFX4_2,RFX4,0,-0.002286,0.1079
RFX4_3,RFX4,0,-0.007859,0.1052
RFX4_4,RFX4,0,-0.003074,0.216
RFX4_5,RFX4,0,-0.002254,0.0663
RFX4_6,RFX4,0,0.01136,0.1436
RFX5_1,RFX5,0,-0.01912,0.1611
RFX5_2,RFX5,0,0.003647,0.1157
RFX5_3,RFX5,0,-0.1762,0.6272
RFX5_4,RFX5,0,-0.04316,0.3107
RFX5_5,RFX5,0,0.002201,0.1272
RFX5_6,RFX5,0,-0.003094,0.123
RFX6_1,RFX6,0,3.808e-05,0.09966
RFX6_2,RFX6,0,-0.01948,0.2539
RFX6_3,RFX6,0,-0.01276,0.1489
RFX6_4,RFX6,0,0.006793,0.2983
RFX6_5,RFX6,0,0.004967,0.1362
RFX6_6,RFX6,0,-0.002507,0.131
RFX7_1,RFX7,0,-0.01439,0.1513
RFX7_2,RFX7,0,-0.09046,0.4528
RFX7_3,RFX7,1,-0.01946,0.1829
RFX7_4,RFX7,0,-0.03426,0.2906
RFX7_5,RFX7,0,-0.004158,0.06022
RFX7_6,RFX7,1,0.005125,0.1399
RFX8_1,RFX8,0,0.003018,0.1461
RFX8_2,RFX8,0,-0.02887,0.1741
RFX8_3,RFX8,0,0.00132,0.1115
RFX8_4,RFX8,0,-0.03526,0.2427
RFX8_5,RFX8,0,0.00539,0.114
RFX8_6,RFX8,0,-0.02016,0.1986
RFXANK_1,RFXANK,0,-0.00727,0.1641
RFXANK_2,RFXANK,0,-0.01532,0.1735
RFXANK_3,RFXANK,0,0.001256,0.1345
RFXANK_4,RFXANK,0,-0.01232,0.209
RFXANK_5,RFXANK,0,0.004393,0.08014
RFXANK_6,RFXANK,0,-0.01065,0.159
RFXAP_1,RFXAP,0,-0.0003678,0.1214
RFXAP_2,RFXAP,0,-0.01102,0.1514
RFXAP_3,RFXAP,0,-0.01785,0.289
RFXAP_4,RFXAP,0,-0.01504,0.1663
RFXAP_5,RFXAP,0,0.008168,0.09125
RFXAP_6,RFXAP,0,-0.002649,0.0949
RHOXF1_1,RHOXF1,0,-0.002445,0.1555
RHOXF1_2,RHOXF1,0,-0.004595,0.1185
RHOXF1_3,RHOXF1,0,-0.02013,0.2188
RHOXF1_4,RHOXF1,0,-0.01345,0.1575
RHOXF1_5,RHOXF1,0,-0.00651,0.1011
RHOXF1_6,RHOXF1,0,-0.004455,0.1353
RHOXF2B_3,RHOXF2B,0,0.003632,0.1922
RHOXF2_1|RHOXF2B_4,RHOXF2|RHOXF2B,0,-0.005314,0.1755
RHOXF2_2|RHOXF2B_1,RHOXF2|RHOXF2B,0,-0.002704,0.08327
RHOXF2_3|RHOXF2B_2,RHOXF2|RHOXF2B,0,-0.02226,0.2301
RHOXF2_4|RHOXF2B_6,RHOXF2|RHOXF2B,0,-0.001534,0.08643
RHOXF2_5|RHOXF2B_5,RHOXF2|RHOXF2B,0,0.001884,0.05874
RHOXF2_6,RHOXF2,0,-0.003496,0.08726
RLF_1,RLF,0,0.002397,0.08523
RLF_2,RLF,0,-0.003694,0.127
RLF_3,RLF,1,-0.01241,0.1441
RLF_4,RLF,1,-0.006547,0.1818
RLF_5,RLF,1,-0.004093,0.0871
RLF_6,RLF,1,0.0002417,0.09921
RNF141_1,RNF141,0,-0.002107,0.2199
RNF141_2,RNF141,0,0.0008986,0.1775
RNF141_3,RNF141,0,-0.01959,0.3104
RNF141_4,RNF141,0,0.007109,0.3489
RNF141_5,RNF141,0,-0.001718,0.05898
RNF141_6,RNF141,0,-0.009629,0.07385
RNF2_1,RNF2,0,-0.005783,0.1893
RNF2_2,RNF2,0,-0.004704,0.09763
RNF2_3,RNF2,0,-0.01313,0.1887
RNF2_4,RNF2,0,-0.002939,0.1537
RNF2_5,RNF2,0,-0.002563,0.08231
RNF2_6,RNF2,0,-0.0003393,0.05037
RNF4_1,RNF4,0,-0.07503,0.6111
RNF4_2,RNF4,0,-0.1254,0.621
RNF4_3,RNF4,0,-0.3029,0.5264
RNF4_4,RNF4,0,0.001315,0.2236
RNF4_5,RNF4,0,-0.02208,0.3265
RNF4_6,RNF4,0,0.001654,0.07701
RORA_1,RORA,0,-8.317e-05,0.1533
RORA_2,RORA,0,0.008227,0.1752
RORA_3,RORA,0,-0.008919,0.09867
RORA_4,RORA,0,-0.003715,0.06187
RORA_5,RORA,0,-0.00393,0.09226
RORA_6,RORA,0,-0.0007135,0.1268
RORB_1,RORB,0,-0.01563,0.1747
RORB_2,RORB,0,-0.01033,0.1846
RORB_3,RORB,0,0.0007023,0.1254
RORB_4,RORB,0,0.0005558,0.1383
RORB_5,RORB,0,-0.0008797,0.08807
RORB_6,RORB,0,-0.007198,0.1297
RORC_P1_1,RORC,0,-0.008135,0.1828
RORC_P1_2,RORC,0,-0.00894,0.2161
RORC_P1_3,RORC,0,-0.0004184,0.189
RORC_P1_4,RORC,0,-0.007071,0.1223
RORC_P1_5,RORC,0,-0.04716,0.2932
RORC_P1_6,RORC,0,-0.01063,0.2042
RORC_P2_1,RORC,0,-0.00467,0.1356
RORC_P2_2,RORC,0,-0.0129,0.1746
RORC_P2_3,RORC,0,-0.004349,0.4073
RORC_P2_4,RORC,0,-0.006731,0.1605
RORC_P2_5,RORC,0,-0.001412,0.09833
RORC_P2_6,RORC,0,-0.003997,0.1046
RPA3_1,RPA3,0,-0.1844,0.6547
RPA3_2,RPA3,0,-0.02111,0.3855
RPA3_3,RPA3,0,0.01076,0.4069
RPA3_4,RPA3,0,-0.001899,0.2095
RPA3_5,RPA3,0,-0.005765,0.09244
RPA3_6,RPA3,0,-0.01204,0.1549
RPF1_1,RPF1,0,-0.1874,0.5947
RPF1_2,RPF1,0,-0.01099,0.3642
RPF1_3,RPF1,0,-0.1589,0.7288
RPF1_5,RPF1,0,-0.2994,0.5524
RPF1_6,RPF1,0,-0.0002765,0.1268
RPS4X_2,RPS4X,0,-0.2114,0.7386
RPS4X_3,RPS4X,0,-0.01567,0.3323
RPS4X_4,RPS4X,0,-0.09687,0.4692
RPS4X_5,RPS4X,0,-0.002819,0.1256
RPS4X_6,RPS4X,0,-0.1699,0.8493
RREB1_1,RREB1,1,-0.008341,0.1321
RREB1_2,RREB1,1,-0.006193,0.1046
RREB1_3,RREB1,0,-0.0002872,0.1544
RREB1_4,RREB1,0,-0.01454,0.1495
RREB1_5,RREB1,0,0.009458,0.1038
RREB1_6,RREB1,0,0.005718,0.113
RUNX1T1_P1_1,RUNX1T1,0,-0.01235,0.1854
RUNX1T1_P1_2,RUNX1T1,0,-0.008287,0.1686
RUNX1T1_P1_3,RUNX1T1,0,-0.002449,0.06883
RUNX1T1_P1_4,RUNX1T1,0,-0.115,0.4142
RUNX1T1_P1_5,RUNX1T1,0,-0.008124,0.1474
RUNX1T1_P1_6,RUNX1T1,0,-0.01129,0.1372
RUNX1T1_P2_1,RUNX1T1,0,-0.0001211,0.08076
RUNX1T1_P2_2,RUNX1T1,0,0.008878,0.2014
RUNX1T1_P2_3,RUNX1T1,0,-0.004683,0.08178
RUNX1T1_P2_4,RUNX1T1,0,-0.007805,0.1175
RUNX1T1_P2_5,RUNX1T1,0,-0.01301,0.1799
RUNX1T1_P2_6,RUNX1T1,0,-0.004366,0.1938
RUNX1_1,RUNX1,0,-0.001981,0.08324
RUNX1_2,RUNX1,0,-0.002808,0.1208
RUNX1_3,RUNX1,0,-0.01041,0.1123
RUNX1_4,RUNX1,0,-0.005555,0.1202
RUNX1_5,RUNX1,0,-9.35e-05,0.0691
RUNX1_6,RUNX1,0,-0.009539,0.0983
RUNX2_P1_1,RUNX2,0,-0.0369,0.2184
RUNX2_P1_2,RUNX2,0,-0.005949,0.2325
RUNX2_P1_3,RUNX2,0,-0.04983,0.3412
RUNX2_P1_4,RUNX2,0,-0.01611,0.1465
RUNX2_P1_5,RUNX2,0,0.003188,0.2232
RUNX2_P1_6,RUNX2,0,-0.002167,0.06225
RUNX2_P2_1,RUNX2,0,-0.09867,0.4178
RUNX2_P2_2,RUNX2,0,-0.08021,0.3644
RUNX2_P2_3,RUNX2,0,-0.003794,0.2387
RUNX2_P2_4,RUNX2,0,-0.007568,0.1536
RUNX2_P2_5,RUNX2,0,-0.01358,0.1306
RUNX2_P2_6,RUNX2,0,0.006234,0.1647
RUNX3_P1_1,RUNX3,0,-0.005942,0.1314
RUNX3_P1_2,RUNX3,0,-0.009234,0.1267
RUNX3_P1_3,RUNX3,0,-0.01338,0.132
RUNX3_P1_4,RUNX3,0,-0.007598,0.126
RUNX3_P1_5,RUNX3,0,-0.004229,0.08259
RUNX3_P1_6,RUNX3,0,-0.001736,0.1121
RUNX3_P2_1,RUNX3,0,-0.01382,0.164
RUNX3_P2_2,RUNX3,0,-0.008927,0.167
RUNX3_P2_3,RUNX3,0,-0.0111,0.1498
RUNX3_P2_4,RUNX3,0,-0.007004,0.2156
RUNX3_P2_5,RUNX3,0,0.002687,0.06793
RUNX3_P2_6,RUNX3,0,0.00318,0.06542
RUVBL1_1,RUVBL1,0,-0.03268,0.3521
RUVBL1_2,RUVBL1,0,-0.07628,0.4098
RUVBL1_3,RUVBL1,0,-0.1288,0.5301
RUVBL1_5,RUVBL1,0,-0.001668,0.1677
RUVBL1_6,RUVBL1,0,-0.006702,0.2204
RXRA_1,RXRA,0,-0.009672,0.1441
RXRA_2,RXRA,0,-0.009474,0.1812
RXRA_3,RXRA,0,-0.009954,0.1532
RXRA_4,RXRA,0,-0.004741,0.1091
RXRA_5,RXRA,0,-0.005501,0.08795
RXRA_6,RXRA,0,-0.0005112,0.09341
RXRB_1,RXRB,0,-0.008215,0.2653
RXRB_2,RXRB,0,-0.00873,0.1411
RXRB_3,RXRB,0,-0.2585,0.5083
RXRB_4,RXRB,0,-0.03283,0.204
RXRB_5,RXRB,0,-0.001073,0.08952
RXRB_6,RXRB,0,-0.006631,0.1102
RXRG_1,RXRG,0,-0.00375,0.1697
RXRG_2,RXRG,0,-0.01611,0.1153
RXRG_3,RXRG,0,0.001001,0.2305
RXRG_4,RXRG,0,-0.05049,0.255
RXRG_5,RXRG,0,-0.0022,0.07611
RXRG_6,RXRG,0,-0.004472,0.1497
SACM1L_1,SACM1L,0,-0.005539,0.1538
SACM1L_2,SACM1L,0,-0.004543,0.1566
SACM1L_3,SACM1L,0,-0.01086,0.1374
SACM1L_4,SACM1L,0,-0.001172,0.1295
SACM1L_5,SACM1L,0,-0.007333,0.08982
SACM1L_6,SACM1L,0,-0.01385,0.121
SAFB2_1,SAFB2,0,-0.009137,0.2843
SAFB2_2,SAFB2,0,-0.01447,0.1999
SAFB2_3,SAFB2,0,0.0005158,0.1789
SAFB2_4,SAFB2,0,-0.03052,0.2536
SAFB2_5,SAFB2,0,-0.003451,0.08035
SAFB2_6,SAFB2,0,-0.01754,0.1757
SAFB_1,SAFB,0,-0.03302,0.3205
SAFB_2,SAFB,0,-0.003737,0.113
SAFB_3,SAFB,0,-0.007509,0.2547
SAFB_4,SAFB,0,0.003901,0.08431
SAFB_5,SAFB,0,-0.01825,0.2246
SAFB_6,SAFB,0,-0.002631,0.1705
SALL1_1,SALL1,0,-0.005049,0.1836
SALL1_2,SALL1,0,0.004082,0.1061
SALL1_3,SALL1,0,-0.01479,0.1542
SALL1_4,SALL1,0,0.003589,0.08609
SALL1_5,SALL1,0,0.002516,0.1221
SALL1_6,SALL1,0,0.002789,0.06467
SALL2_1,SALL2,0,-0.005023,0.1372
SALL2_2,SALL2,0,-0.008808,0.1493
SALL2_3,SALL2,0,5.047e-05,0.1688
SALL2_4,SALL2,0,-0.02057,0.3393
SALL2_5,SALL2,0,-0.01051,0.1201
SALL2_6,SALL2,0,-0.006967,0.09531
SALL3_1,SALL3,0,-0.005018,0.1502
SALL3_2,SALL3,0,0.0009313,0.09307
SALL3_3,SALL3,0,-0.09535,0.4223
SALL3_4,SALL3,0,-0.009608,0.231
SALL3_5,SALL3,0,-0.006473,0.1245
SALL3_6,SALL3,0,-0.001482,0.05211
SALL4_1,SALL4,0,-0.1556,0.5581
SALL4_2,SALL4,0,-0.01421,0.2814
SALL4_3,SALL4,0,-0.05024,0.3987
SALL4_4,SALL4,0,-0.07653,0.3039
SALL4_5,SALL4,0,-0.03123,0.2501
SALL4_6,SALL4,0,-0.04753,0.3741
SATB1_P1_1,SATB1,0,-0.006823,0.1617
SATB1_P1_2,SATB1,0,-0.004142,0.1523
SATB1_P1_3,SATB1,0,-0.006624,0.1084
SATB1_P1_4,SATB1,0,-0.02127,0.1393
SATB1_P1_5,SATB1,0,0.001245,0.05704
SATB1_P1_6,SATB1,0,0.005613,0.07705
SATB1_P2_1,SATB1,0,0.001075,0.1195
SATB1_P2_2,SATB1,0,-0.001707,0.1391
SATB1_P2_3,SATB1,0,-0.01389,0.2121
SATB1_P2_4,SATB1,0,0.005095,0.1128
SATB1_P2_5,SATB1,0,-0.02178,0.2657
SATB1_P2_6,SATB1,0,-0.009451,0.1201
SATB2_1,SATB2,0,-0.01024,0.1316
SATB2_2,SATB2,0,-0.02412,0.1713
SATB2_3,SATB2,0,-0.005103,0.1224
SATB2_4,SATB2,0,-0.002281,0.1894
SATB2_5,SATB2,0,0.005242,0.07554
SATB2_6,SATB2,0,0.001809,0.1369
SCAND3_1,SCAND3,0,-0.003673,0.1418
SCAND3_2,SCAND3,0,-0.02018,0.2061
SCAND3_3,SCAND3,0,0.007013,0.1769
SCAND3_4,SCAND3,0,-0.01929,0.2167
SCAND3_5,SCAND3,0,-0.007362,0.1106
SCAND3_6,SCAND3,0,0.0003427,0.155
SCAPER_1,SCAPER,0,-0.01764,0.1743
SCAPER_2,SCAPER,0,-4.911e-06,0.1083
SCAPER_3,SCAPER,0,-0.02257,0.2601
SCAPER_4,SCAPER,0,-0.01011,0.1179
SCAPER_5,SCAPER,0,-0.03448,0.2252
SCAPER_6,SCAPER,0,-0.002515,0.08655
SCMH1_P1_1,SCMH1,1,-0.007658,0.1003
SCMH1_P1_2,SCMH1,0,0.0009865,0.1496
SCMH1_P1_3,SCMH1,1,-0.01391,0.1944
SCMH1_P1_4,SCMH1,0,-0.03095,0.3489
SCMH1_P1_5,SCMH1,0,-0.0003178,0.1226
SCMH1_P1_6,SCMH1,0,-0.01003,0.1447
SCMH1_P2_1,SCMH1,0,0.003538,0.07593
SCMH1_P2_2,SCMH1,0,-0.001129,0.1347
SCMH1_P2_3,SCMH1,0,-0.005232,0.1752
SCMH1_P2_4,SCMH1,0,-0.01141,0.1068
SCMH1_P2_5,SCMH1,0,-0.003312,0.09653
SCMH1_P2_6,SCMH1,0,0.000386,0.08541
SCML4_1,SCML4,0,-0.02013,0.2313
SCML4_2,SCML4,0,-0.006597,0.1731
SCML4_3,SCML4,0,-0.009252,0.2111
SCML4_4,SCML4,0,-0.005296,0.1897
SCML4_5,SCML4,0,-0.008744,0.109
SCML4_6,SCML4,0,0.005401,0.146
SCRT1_1,SCRT1,0,-0.002622,0.1922
SCRT1_2,SCRT1,0,0.01025,0.1245
SCRT1_3,SCRT1,0,-0.01696,0.2057
SCRT1_4,SCRT1,0,0.001443,0.1472
SCRT1_5,SCRT1,0,-0.02212,0.1513
SCRT1_6,SCRT1,0,-0.005147,0.09562
SCRT2_1,SCRT2,0,-0.02152,0.254
SCRT2_2,SCRT2,0,-0.006564,0.1766
SCRT2_3,SCRT2,0,-0.008277,0.1893
SCRT2_4,SCRT2,0,-0.01488,0.1503
SCRT2_5,SCRT2,0,-0.01125,0.1482
SCRT2_6,SCRT2,0,0.0004704,0.08032
SCXA_1,SCXA,0,0.001564,0.1397
SCXA_2,SCXA,0,-0.01755,0.2517
SCXA_3,SCXA,0,-0.04446,0.2757
SCXA_4,SCXA,0,-0.0194,0.1412
SCXA_5,SCXA,0,-0.0175,0.1917
SCXB_1,SCXB,0,0.002556,0.1437
SCXB_2,SCXB,0,0.000871,0.08106
SCXB_3,SCXB,0,-0.01016,0.204
SCXB_4|SCXA_6,SCXB|SCXA,0,-0.00382,0.08765
SCXB_5,SCXB,0,-0.0004585,0.1267
SCXB_6,SCXB,0,-0.01354,0.1205
SETBP1_1,SETBP1,0,9.946e-05,0.133
SETBP1_2,SETBP1,0,-0.00211,0.198
SETBP1_3,SETBP1,0,-0.007333,0.324
SETBP1_4,SETBP1,0,-0.01465,0.1896
SETBP1_5,SETBP1,0,-0.001721,0.07971
SETBP1_6,SETBP1,0,-0.002803,0.1092
SETD1A_1,SETD1A,0,-0.1406,0.5185
SETD1A_2,SETD1A,0,-0.015,0.1938
SETD1A_3,SETD1A,0,-0.003287,0.2739
SETD1A_4,SETD1A,0,-0.01053,0.09192
SETD1A_5,SETD1A,0,-0.004181,0.1265
SETD1A_6,SETD1A,0,-0.0006009,0.07001
SETDB1_1,SETDB1,1,-0.0009619,0.07098
SETDB1_2,SETDB1,1,-0.01564,0.1288
SETDB1_3,SETDB1,1,-0.02834,0.2077
SETDB1_4,SETDB1,1,-0.01578,0.0972
SETDB1_5,SETDB1,1,-0.02139,0.1141
SETDB1_6,SETDB1,1,-0.01432,0.1133
SETDB2_1,SETDB2,0,-0.009646,0.1596
SETDB2_2,SETDB2,0,0.003981,0.1127
SETDB2_3,SETDB2,0,-0.02083,0.197
SETDB2_4,SETDB2,0,-0.00126,0.09222
SETDB2_5,SETDB2,0,-0.007511,0.1104
SETDB2_6,SETDB2,0,-0.002973,0.08324
SGSM2_1,SGSM2,0,0.001541,0.1973
SGSM2_2,SGSM2,0,0.0008104,0.08623
SGSM2_3,SGSM2,0,-0.01525,0.2079
SGSM2_4,SGSM2,0,-0.01801,0.2232
SGSM2_5,SGSM2,0,-0.007087,0.2579
SGSM2_6,SGSM2,0,-0.009641,0.1212
SH3D19_P1_1,SH3D19,0,-0.006054,0.1015
SH3D19_P1_2,SH3D19,0,-0.004934,0.1373
SH3D19_P1_3,SH3D19,0,-0.00249,0.1149
SH3D19_P1_4,SH3D19,0,0.009004,0.2347
SH3D19_P1_5,SH3D19,0,-0.0006231,0.1278
SH3D19_P1_6,SH3D19,0,-0.0007915,0.05578
SH3D19_P2_1,SH3D19,0,-0.008381,0.1384
SH3D19_P2_2,SH3D19,0,-0.01663,0.1555
SH3D19_P2_3,SH3D19,0,-8.54e-05,0.09043
SH3D19_P2_4,SH3D19,0,-0.006338,0.1324
SH3D19_P2_5,SH3D19,0,0.003998,0.08787
SH3D19_P2_6,SH3D19,0,0.001693,0.06485
SHOX2_1,SHOX2,0,-0.0003271,0.107
SHOX2_2,SHOX2,0,0.0006357,0.1553
SHOX2_3,SHOX2,0,-0.02147,0.2791
SHOX2_4,SHOX2,0,-0.02377,0.3493
SHOX2_5,SHOX2,0,-0.001162,0.1104
SHOX2_6,SHOX2,0,0.00469,0.07914
SHOX_1,SHOX,0,-0.003878,0.1887
SHOX_2,SHOX,0,-0.006753,0.1378
SHOX_3,SHOX,0,-0.02181,0.1789
SHOX_4,SHOX,0,-0.06913,0.4144
SHOX_5,SHOX,0,-0.007265,0.1459
SHOX_6,SHOX,0,-0.003109,0.1331
SIM1_1,SIM1,0,0.0005794,0.2174
SIM1_2,SIM1,0,-0.01186,0.1276
SIM1_3,SIM1,0,-0.03135,0.2285
SIM1_4,SIM1,0,-0.0007198,0.1132
SIM1_5,SIM1,0,-0.002081,0.1401
SIM1_6,SIM1,0,-0.008878,0.1305
SIM2_1,SIM2,0,-0.01992,0.1953
SIM2_2,SIM2,0,0.006321,0.1409
SIM2_3,SIM2,0,-0.01003,0.2376
SIM2_4,SIM2,0,-0.01621,0.3146
SIM2_5,SIM2,0,-0.006956,0.1042
SIM2_6,SIM2,0,-0.002537,0.05954
SIN3A_P1_1,SIN3A,0,-0.003374,0.09699
SIN3A_P1_2,SIN3A,0,-0.02255,0.2397
SIN3A_P1_3,SIN3A,0,-0.01392,0.1131
SIN3A_P1_4,SIN3A,0,0.001611,0.1663
SIN3A_P1_5,SIN3A,0,-0.006568,0.08076
SIN3A_P1_6,SIN3A,0,-0.007376,0.09718
SIN3A_P2_1,SIN3A,0,-0.02834,0.3364
SIN3A_P2_2,SIN3A,0,-0.003224,0.1106
SIN3A_P2_3,SIN3A,0,0.01319,0.2849
SIN3A_P2_4,SIN3A,0,-0.002188,0.1588
SIN3A_P2_5,SIN3A,0,0.005509,0.1123
SIN3A_P2_6,SIN3A,0,-0.006047,0.06018
SIRT6_1,SIRT6,1,-0.0007499,0.108
SIRT6_2,SIRT6,1,-0.005869,0.1032
SIRT6_3,SIRT6,0,0.003393,0.1593
SIRT6_4,SIRT6,0,-0.0006929,0.08259
SIRT6_5,SIRT6,1,-0.004015,0.08092
SIRT6_6,SIRT6,1,-0.002707,0.0723
SIX1_1,SIX1,0,-0.01078,0.1827
SIX1_2,SIX1,0,0.005384,0.1523
SIX1_3,SIX1,0,-0.001712,0.1377
SIX1_4,SIX1,0,-0.0009534,0.1402
SIX1_5,SIX1,0,-0.148,0.4358
SIX1_6,SIX1,0,0.0006079,0.08142
SIX2_1,SIX2,0,0.001445,0.1461
SIX2_2,SIX2,0,-0.00499,0.1287
SIX2_3,SIX2,0,-0.008887,0.1717
SIX2_4,SIX2,0,-0.001513,0.1169
SIX2_5,SIX2,0,0.00222,0.1106
SIX2_6,SIX2,0,-0.0288,0.189
SIX3_1,SIX3,0,-0.005703,0.2695
SIX3_2,SIX3,0,-0.008869,0.1518
SIX3_3,SIX3,0,-0.007005,0.1114
SIX3_4,SIX3,0,0.01066,0.2102
SIX3_5,SIX3,0,0.003325,0.09552
SIX3_6,SIX3,0,-0.01424,0.1459
SIX4_1,SIX4,0,0.0008891,0.07987
SIX4_2,SIX4,0,-0.006432,0.1193
SIX4_3,SIX4,0,-0.004468,0.1165
SIX4_4,SIX4,0,-0.1446,0.6769
SIX4_5,SIX4,0,-0.003831,0.03988
SIX4_6,SIX4,0,-0.01491,0.09016
SIX5_1,SIX5,0,-0.004845,0.09846
SIX5_2,SIX5,0,0.003761,0.1256
SIX5_3,SIX5,0,-0.005242,0.1973
SIX5_4,SIX5,0,-0.01147,0.1297
SIX5_5,SIX5,0,-0.004848,0.1355
SIX5_6,SIX5,0,-0.005513,0.09335
SIX6_1,SIX6,0,-0.004613,0.115
SIX6_2,SIX6,0,-0.01257,0.1503
SIX6_3,SIX6,0,0.0005283,0.1281
SIX6_4,SIX6,0,-0.0182,0.3403
SIX6_5,SIX6,0,-0.02512,0.1546
SIX6_6,SIX6,0,-0.007314,0.1161
SKIL_1,SKIL,0,-0.1154,0.4002
SKIL_2,SKIL,0,-0.008187,0.1343
SKIL_3,SKIL,0,-0.001031,0.23
SKIL_4,SKIL,0,0.005517,0.1371
SKIL_5,SKIL,0,-0.007887,0.09464
SKIL_6,SKIL,0,0.001772,0.1124
SKI_1,SKI,0,-0.005435,0.1169
SKI_2,SKI,0,-0.007236,0.1591
SKI_3,SKI,0,0.0001211,0.1864
SKI_4,SKI,0,-0.02236,0.1061
SKI_5,SKI,0,-0.006983,0.1998
SKI_6,SKI,0,-0.0009384,0.1658
SKOR1_1,SKOR1,0,-0.004687,0.1125
SKOR1_2,SKOR1,0,-0.005937,0.1596
SKOR1_3,SKOR1,0,0.00118,0.1163
SKOR1_4,SKOR1,0,0.007191,0.07888
SKOR1_5,SKOR1,0,-0.006826,0.08227
SKOR1_6,SKOR1,0,-0.0143,0.1634
SKOR2_1,SKOR2,0,-0.008142,0.1698
SKOR2_2,SKOR2,0,-0.01307,0.246
SKOR2_3,SKOR2,0,-0.01193,0.2165
SKOR2_4,SKOR2,0,-0.05183,0.2243
SKOR2_5,SKOR2,0,-0.002407,0.07297
SKOR2_6,SKOR2,0,0.006848,0.1011
SLC22A1_1,SLC22A1,0,-0.005377,0.1112
SLC22A1_2,SLC22A1,0,0.006282,0.1405
SLC22A1_3,SLC22A1,0,-0.006965,0.4003
SLC22A1_4,SLC22A1,0,-0.01132,0.1914
SLC22A1_5,SLC22A1,0,-0.000605,0.06849
SLC22A1_6,SLC22A1,0,-0.01354,0.1551
SLC2A4RG_1,SLC2A4RG,0,-0.009771,0.1733
SLC2A4RG_2,SLC2A4RG,0,-0.01861,0.1887
SLC2A4RG_3,SLC2A4RG,0,-0.09208,0.4381
SLC2A4RG_4,SLC2A4RG,0,-0.009598,0.1433
SLC2A4RG_5,SLC2A4RG,0,-0.003165,0.0969
SLC2A4RG_6,SLC2A4RG,0,-0.006441,0.07865
SLC30A9_1,SLC30A9,0,-0.01228,0.2673
SLC30A9_2,SLC30A9,0,-0.009029,0.1744
SLC30A9_3,SLC30A9,0,-0.06655,0.4473
SLC30A9_4,SLC30A9,0,-0.006587,0.1943
SLC30A9_5,SLC30A9,0,-0.008994,0.1439
SLC30A9_6,SLC30A9,0,-0.00325,0.2382
SMAD1_1,SMAD1,0,-0.01266,0.1254
SMAD1_2,SMAD1,0,-0.02018,0.1891
SMAD1_3,SMAD1,0,-0.004916,0.1024
SMAD1_4,SMAD1,0,0.009368,0.2876
SMAD1_5,SMAD1,0,-0.002454,0.06666
SMAD1_6,SMAD1,0,-0.007583,0.08289
SMAD2_1,SMAD2,0,-0.001264,0.1362
SMAD2_2,SMAD2,0,-0.007037,0.147
SMAD2_3,SMAD2,0,0.01014,0.2026
SMAD2_4,SMAD2,0,-0.05206,0.2574
SMAD2_5,SMAD2,0,-0.01533,0.117
SMAD2_6,SMAD2,0,0.0001009,0.1028
SMAD3_1,SMAD3,1,-0.003029,0.0849
SMAD3_2,SMAD3,1,-0.006332,0.08775
SMAD3_3,SMAD3,0,-0.00894,0.1681
SMAD3_4,SMAD3,0,-0.003839,0.1366
SMAD3_5,SMAD3,1,0.001664,0.04411
SMAD3_6,SMAD3,0,-0.008938,0.1655
SMAD4_1,SMAD4,1,-0.00256,0.1984
SMAD4_2,SMAD4,1,-0.01313,0.163
SMAD4_3,SMAD4,0,-0.00656,0.1404
SMAD4_4,SMAD4,0,-0.006032,0.1448
SMAD4_5,SMAD4,0,0.01105,0.1498
SMAD4_6,SMAD4,0,-0.00164,0.03167
SMAD5_1,SMAD5,1,-0.02527,0.1959
SMAD5_2,SMAD5,0,-0.01322,0.1816
SMAD5_3,SMAD5,0,-0.0001752,0.2322
SMAD5_4,SMAD5,1,-0.005201,0.1075
SMAD5_5,SMAD5,0,-0.001001,0.07351
SMAD5_6,SMAD5,0,-0.01641,0.1871
SMAD6_1,SMAD6,0,-0.05564,0.28
SMAD6_2,SMAD6,0,0.004847,0.1362
SMAD6_3,SMAD6,0,-0.01873,0.1919
SMAD6_4,SMAD6,0,-0.006779,0.1061
SMAD6_5,SMAD6,0,4.585e-05,0.1058
SMAD6_6,SMAD6,0,0.003313,0.1534
SMAD7_1,SMAD7,0,-0.01423,0.1403
SMAD7_2,SMAD7,0,-0.001483,0.1485
SMAD7_3,SMAD7,0,0.01224,0.1512
SMAD7_4,SMAD7,0,-0.002635,0.09951
SMAD7_5,SMAD7,0,0.001907,0.07046
SMAD7_6,SMAD7,0,0.00271,0.05281
SMAD9_1,SMAD9,0,-0.01255,0.2376
SMAD9_2,SMAD9,0,0.00292,0.1026
SMAD9_3,SMAD9,0,-0.04611,0.2986
SMAD9_4,SMAD9,0,0.002396,0.1248
SMAD9_5,SMAD9,0,-0.003611,0.1077
SMAD9_6,SMAD9,0,-0.00985,0.1047
SMARCA1_1,SMARCA1,0,-0.005843,0.09859
SMARCA1_2,SMARCA1,0,-0.008253,0.1854
SMARCA1_3,SMARCA1,0,-0.0005053,0.1035
SMARCA1_4,SMARCA1,0,-0.01199,0.2111
SMARCA1_5,SMARCA1,0,-0.001892,0.05042
SMARCA1_6,SMARCA1,0,-0.003523,0.1104
SMARCA2_1,SMARCA2,0,-0.01934,0.152
SMARCA2_2,SMARCA2,0,-0.00558,0.1507
SMARCA2_3,SMARCA2,0,-0.005903,0.1562
SMARCA2_4,SMARCA2,0,-0.006589,0.1301
SMARCA2_5,SMARCA2,0,-0.002883,0.08738
SMARCA2_6,SMARCA2,0,-0.001779,0.08609
SMARCA4_1,SMARCA4,0,-0.03299,0.1732
SMARCA4_2,SMARCA4,0,-0.02426,0.1634
SMARCA4_3,SMARCA4,0,-0.01322,0.08383
SMARCA4_4,SMARCA4,0,-0.00283,0.108
SMARCA4_5,SMARCA4,0,-0.002626,0.07358
SMARCA4_6,SMARCA4,0,-0.003617,0.1051
SMARCA5_1,SMARCA5,0,-0.02229,0.1938
SMARCA5_2,SMARCA5,0,-0.007749,0.09618
SMARCA5_3,SMARCA5,0,-0.02462,0.3632
SMARCA5_4,SMARCA5,0,-0.01382,0.1676
SMARCA5_5,SMARCA5,0,-0.0089,0.1221
SMARCA5_6,SMARCA5,0,0.0037,0.05913
SMARCB1_P1_1,SMARCB1,0,-0.00271,0.1859
SMARCB1_P1_2,SMARCB1,0,-0.01101,0.1594
SMARCB1_P1_3,SMARCB1,0,-0.002052,0.1489
SMARCB1_P1_4,SMARCB1,0,-0.01096,0.1508
SMARCB1_P1_5,SMARCB1,0,-0.008861,0.1379
SMARCB1_P1_6,SMARCB1,0,-0.009818,0.1281
SMARCB1_P2_1,SMARCB1,0,-0.01984,0.1925
SMARCB1_P2_2,SMARCB1,0,-0.001791,0.3277
SMARCB1_P2_3,SMARCB1,0,-0.01665,0.1806
SMARCB1_P2_4,SMARCB1,0,-0.008689,0.1775
SMARCB1_P2_5,SMARCB1,0,-0.0004924,0.09745
SMARCB1_P2_6,SMARCB1,0,-0.0009092,0.1283
SMARCC1_1,SMARCC1,0,-0.291,0.4851
SMARCC1_2,SMARCC1,1,0.0007136,0.1413
SMARCC1_3,SMARCC1,1,0.006135,0.1296
SMARCC1_4,SMARCC1,0,-0.005424,0.186
SMARCC1_5,SMARCC1,1,0.000659,0.04091
SMARCC1_6,SMARCC1,0,-0.01098,0.0912
SMARCC2_1,SMARCC2,0,-0.006975,0.1899
SMARCC2_2,SMARCC2,0,-0.002685,0.1261
SMARCC2_3,SMARCC2,0,-0.0004917,0.1101
SMARCC2_4,SMARCC2,0,-0.01447,0.1365
SMARCC2_5,SMARCC2,0,-0.0002544,0.06667
SMARCC2_6,SMARCC2,0,-0.004022,0.1155
SMYD2_1,SMYD2,0,-0.01402,0.1881
SMYD2_2,SMYD2,0,-0.0204,0.2053
SMYD2_3,SMYD2,0,-0.008521,0.1577
SMYD2_4,SMYD2,0,-0.007022,0.1433
SMYD2_5,SMYD2,0,-0.0007702,0.06996
SMYD2_6,SMYD2,0,0.000712,0.1004
SMYD3_1,SMYD3,0,-0.007275,0.1671
SMYD3_2,SMYD3,0,-0.003306,0.2022
SMYD3_3,SMYD3,0,-0.01486,0.1182
SMYD3_4,SMYD3,0,-0.01621,0.2056
SMYD3_5,SMYD3,0,-0.007104,0.1059
SMYD3_6,SMYD3,0,0.001339,0.1038
SNAI1_1,SNAI1,1,-0.01219,0.216
SNAI1_2,SNAI1,1,-0.01317,0.2515
SNAI1_3,SNAI1,1,-0.2107,0.4638
SNAI1_4,SNAI1,1,-0.02258,0.2164
SNAI1_5,SNAI1,1,-0.009737,0.11
SNAI1_6,SNAI1,1,-0.001743,0.1434
SNAI2_1,SNAI2,0,-0.008649,0.1913
SNAI2_2,SNAI2,0,0.003865,0.1932
SNAI2_3,SNAI2,0,0.003961,0.09912
SNAI2_4,SNAI2,0,-0.02448,0.2352
SNAI2_5,SNAI2,0,-0.007951,0.09118
SNAI2_6,SNAI2,0,-0.002063,0.09819
SNAI3_1,SNAI3,0,-0.03282,0.2401
SNAI3_2,SNAI3,0,-0.00966,0.2185
SNAI3_3,SNAI3,0,0.0004023,0.08247
SNAI3_4,SNAI3,0,-0.001241,0.2711
SNAI3_5,SNAI3,0,-0.02286,0.1564
SNAI3_6,SNAI3,0,-0.00147,0.1147
SNAPC1_2,SNAPC1,0,-0.03539,0.3322
SNAPC1_3,SNAPC1,0,-0.006891,0.121
SNAPC1_4,SNAPC1,0,-0.2562,0.5218
SNAPC1_5,SNAPC1,0,-0.02345,0.2908
SNAPC1_6,SNAPC1,0,0.001565,0.07989
SNAPC2_1,SNAPC2,0,-0.2982,0.6011
SNAPC2_2,SNAPC2,0,-0.01358,0.186
SNAPC2_3,SNAPC2,0,-0.03841,0.3254
SNAPC2_4,SNAPC2,0,-0.009077,0.09423
SNAPC2_5,SNAPC2,0,0.001703,0.1189
SNAPC2_6,SNAPC2,0,0.004608,0.1006
SNAPC3_1,SNAPC3,0,-0.01129,0.3746
SNAPC3_2,SNAPC3,0,-0.01071,0.2181
SNAPC3_3,SNAPC3,0,-0.148,0.5296
SNAPC3_4,SNAPC3,0,-0.01293,0.2991
SNAPC3_5,SNAPC3,0,-0.02567,0.2319
SNAPC3_6,SNAPC3,0,-0.02104,0.1785
SNAPC4_1,SNAPC4,0,-0.008269,0.169
SNAPC4_2,SNAPC4,0,-0.01221,0.1853
SNAPC4_3,SNAPC4,0,-0.02236,0.3555
SNAPC4_4,SNAPC4,0,-0.01008,0.1497
SNAPC4_5,SNAPC4,0,-0.005935,0.07144
SNAPC4_6,SNAPC4,0,-0.001093,0.1838
SNAPC5_1,SNAPC5,0,-0.02277,0.2473
SNAPC5_2,SNAPC5,0,-0.1276,0.4639
SNAPC5_3,SNAPC5,0,-0.04288,0.3515
SNAPC5_4,SNAPC5,0,-0.007087,0.1138
SNAPC5_5,SNAPC5,0,0.0001621,0.1497
SNAPC5_6,SNAPC5,0,-0.007591,0.09548
SOHLH1_1,SOHLH1,0,-0.01272,0.2233
SOHLH1_2,SOHLH1,0,-0.01654,0.1434
SOHLH1_3,SOHLH1,0,-0.005287,0.3901
SOHLH1_4,SOHLH1,0,-0.07685,0.2979
SOHLH1_5,SOHLH1,0,0.0006608,0.08489
SOHLH1_6,SOHLH1,0,-0.006357,0.1266
SOHLH2_1,SOHLH2,0,0.001919,0.1921
SOHLH2_2,SOHLH2,0,0.0001144,0.08412
SOHLH2_3,SOHLH2,0,-0.04278,0.4892
SOHLH2_4,SOHLH2,0,-0.006945,0.139
SOHLH2_5,SOHLH2,0,-0.01017,0.0745
SOHLH2_6,SOHLH2,0,-0.006507,0.132
SON_P1_1,SON,0,-0.1434,0.5145
SON_P1_2,SON,0,-0.01391,0.1708
SON_P1_3,SON,0,-0.07666,0.3816
SON_P1_4,SON,0,-0.02673,0.2072
SON_P1_5,SON,0,-0.005102,0.1262
SON_P1_6,SON,0,-0.004105,0.06879
SON_P2_1,SON,0,-0.01156,0.1428
SON_P2_2,SON,0,-0.005031,0.1073
SON_P2_3,SON,0,-0.1167,0.4846
SON_P2_4,SON,0,-0.005648,0.1156
SON_P2_5,SON,0,-0.006301,0.1355
SON_P2_6,SON,0,-0.0113,0.07414
SOX10_1,SOX10,0,-2.557e-05,0.2458
SOX10_2,SOX10,0,-0.008355,0.1544
SOX10_3,SOX10,0,-0.009475,0.154
SOX10_4,SOX10,0,-0.00151,0.1245
SOX10_5,SOX10,0,0.01416,0.1242
SOX10_6,SOX10,0,-0.0001854,0.08695
SOX11_1,SOX11,1,-0.01924,0.1527
SOX11_2,SOX11,0,-0.007518,0.1723
SOX11_3,SOX11,0,-0.04125,0.2455
SOX11_4,SOX11,1,-0.02732,0.1789
SOX11_5,SOX11,0,-0.01279,0.06882
SOX11_6,SOX11,1,-0.007674,0.07049
SOX12_1,SOX12,0,-0.01151,0.1094
SOX12_2,SOX12,0,-0.1094,0.4402
SOX12_3,SOX12,0,-0.01139,0.1927
SOX12_4,SOX12,0,0.003038,0.1326
SOX12_5,SOX12,0,-0.009931,0.1137
SOX12_6,SOX12,0,0.001926,0.06021
SOX13_1,SOX13,0,-0.03347,0.2055
SOX13_2,SOX13,0,-0.008012,0.1737
SOX13_3,SOX13,0,0.005958,0.125
SOX13_4,SOX13,0,-0.01808,0.1892
SOX13_5,SOX13,0,-0.02661,0.2017
SOX13_6,SOX13,0,0.003123,0.09877
SOX14_1,SOX14,0,-0.02412,0.2093
SOX14_2,SOX14,0,-0.001206,0.1239
SOX14_3,SOX14,0,-0.006396,0.1675
SOX14_4,SOX14,0,-0.01138,0.1878
SOX14_5,SOX14,0,0.009448,0.1287
SOX14_6,SOX14,0,-0.006129,0.1354
SOX15_1,SOX15,0,0.003936,0.1348
SOX15_2,SOX15,0,-0.002845,0.06762
SOX15_3,SOX15,0,-0.005675,0.1792
SOX15_4,SOX15,0,-0.01233,0.1629
SOX15_5,SOX15,0,0.0006896,0.08147
SOX15_6,SOX15,0,-0.02293,0.1915
SOX17_1,SOX17,1,-0.004697,0.1802
SOX17_2,SOX17,1,-0.01687,0.1986
SOX17_3,SOX17,0,-0.04359,0.2891
SOX17_4,SOX17,1,-0.017,0.1658
SOX17_5,SOX17,1,0.0008427,0.101
SOX17_6,SOX17,1,-0.006247,0.1586
SOX18_1,SOX18,0,-0.01081,0.141
SOX18_2,SOX18,0,-0.01347,0.1944
SOX18_3,SOX18,1,-0.01129,0.148
SOX18_4,SOX18,1,-0.06454,0.5422
SOX18_5,SOX18,0,0.0001948,0.1176
SOX18_6,SOX18,0,-0.01871,0.2171
SOX1_1,SOX1,0,-0.01344,0.1673
SOX1_2,SOX1,0,-0.02412,0.2574
SOX1_3,SOX1,0,-0.01225,0.1911
SOX1_4,SOX1,0,0.01228,0.1094
SOX1_5,SOX1,0,-0.004473,0.1291
SOX1_6,SOX1,0,-0.0002913,0.1019
SOX21_1,SOX21,0,0.0004929,0.08169
SOX21_2,SOX21,0,-0.0103,0.1275
SOX21_3,SOX21,0,-0.005423,0.1879
SOX21_4,SOX21,0,-0.01443,0.1611
SOX21_5,SOX21,0,-0.00127,0.08542
SOX21_6,SOX21,0,0.001098,0.1026
SOX2_1,SOX2,0,-0.0002825,0.1407
SOX2_2,SOX2,0,-0.0003549,0.08927
SOX2_3,SOX2,0,0.008371,0.2528
SOX2_4,SOX2,0,-0.01284,0.1489
SOX2_5,SOX2,0,0.002324,0.08415
SOX2_6,SOX2,0,-0.00896,0.1039
SOX30_P1_1,SOX30,0,-0.003872,0.1201
SOX30_P1_2,SOX30,0,-0.01308,0.1611
SOX30_P1_3,SOX30,0,-0.05182,0.2336
SOX30_P1_4,SOX30,0,-0.01324,0.1299
SOX30_P1_5,SOX30,0,-0.004085,0.09602
SOX30_P1_6,SOX30,0,-0.0006624,0.1266
SOX30_P2_1,SOX30,0,0.005521,0.09319
SOX30_P2_2,SOX30,0,0.0007618,0.1288
SOX30_P2_3,SOX30,0,-0.01488,0.1779
SOX30_P2_4,SOX30,0,-0.009247,0.2626
SOX30_P2_5,SOX30,0,0.006229,0.1137
SOX30_P2_6,SOX30,0,0.002224,0.08005
SOX3_1,SOX3,0,-0.04904,0.3398
SOX3_2,SOX3,0,-0.04295,0.2979
SOX3_3,SOX3,0,-0.003949,0.1021
SOX3_4,SOX3,0,-0.007747,0.1235
SOX3_5,SOX3,0,-0.01075,0.1143
SOX3_6,SOX3,0,-0.01602,0.2011
SOX4_P1_1,SOX4,0,-0.007581,0.1522
SOX4_P1_2,SOX4,1,-0.01,0.0673
SOX4_P1_3,SOX4,0,-0.01038,0.148
SOX4_P1_4,SOX4,0,-0.001022,0.085
SOX4_P1_5,SOX4,1,-0.01135,0.07739
SOX4_P1_6,SOX4,1,-0.002832,0.05529
SOX4_P2_1,SOX4,0,-0.003176,0.06282
SOX4_P2_2,SOX4,0,-0.00414,0.09318
SOX4_P2_3,SOX4,0,-0.001961,0.08277
SOX4_P2_4,SOX4,0,0.0007341,0.08755
SOX4_P2_5,SOX4,0,-0.01271,0.1745
SOX4_P2_6,SOX4,0,-0.00604,0.1516
SOX5_P1_1,SOX5,0,-0.006519,0.1108
SOX5_P1_2,SOX5,0,-0.003249,0.114
SOX5_P1_3,SOX5,0,-0.008944,0.1268
SOX5_P1_4,SOX5,0,-0.003885,0.1508
SOX5_P1_5,SOX5,0,-0.007292,0.1442
SOX5_P1_6,SOX5,0,-0.002894,0.06999
SOX5_P2_1,SOX5,0,-0.04718,0.3162
SOX5_P2_2,SOX5,0,-0.007718,0.1429
SOX5_P2_3,SOX5,0,-0.005776,0.08903
SOX5_P2_4,SOX5,0,-0.003121,0.1451
SOX5_P2_5,SOX5,0,-0.03823,0.3318
SOX5_P2_6,SOX5,0,-0.009639,0.1788
SOX6_P1_1,SOX6,0,-0.01184,0.1465
SOX6_P1_2,SOX6,0,-0.01117,0.1133
SOX6_P1_3,SOX6,0,-0.002214,0.109
SOX6_P1_4,SOX6,0,-0.1524,0.5645
SOX6_P1_5,SOX6,0,-0.009463,0.1132
SOX6_P1_6,SOX6,0,-0.01824,0.1981
SOX6_P2_1,SOX6,0,0.0068,0.09917
SOX6_P2_2,SOX6,0,-0.008465,0.09609
SOX6_P2_3,SOX6,0,-0.04957,0.3314
SOX6_P2_4,SOX6,0,-0.00328,0.1338
SOX6_P2_5,SOX6,0,-0.006861,0.1401
SOX6_P2_6,SOX6,0,-0.006613,0.1603
SOX6_P3_1,SOX6,0,-0.01158,0.1596
SOX6_P3_2,SOX6,0,-0.01895,0.1316
SOX6_P3_3,SOX6,0,-0.01001,0.1611
SOX6_P3_4,SOX6,0,-0.000447,0.1507
SOX6_P3_5,SOX6,0,0.004326,0.1372
SOX6_P3_6,SOX6,0,-0.003986,0.06841
SOX7_1,SOX7,0,0.001232,0.1814
SOX7_2,SOX7,0,-0.008857,0.3148
SOX7_3,SOX7,0,-0.04958,0.3253
SOX7_4,SOX7,0,-0.0254,0.3698
SOX7_5,SOX7,0,-0.002045,0.1215
SOX7_6,SOX7,0,-0.007308,0.1143
SOX8_1,SOX8,0,-0.01018,0.1529
SOX8_2,SOX8,0,-0.01133,0.1164
SOX8_3,SOX8,0,-0.03681,0.2662
SOX8_4,SOX8,0,-0.05476,0.3224
SOX8_5,SOX8,0,-0.007373,0.1104
SOX8_6,SOX8,0,-0.009062,0.1177
SOX9_1,SOX9,0,0.0005524,0.07719
SOX9_2,SOX9,0,-0.03126,0.2405
SOX9_3,SOX9,0,-0.003541,0.112
SOX9_4,SOX9,0,-0.001895,0.1942
SOX9_5,SOX9,0,-0.001075,0.08993
SOX9_6,SOX9,0,-0.001571,0.0685
SP100_1,SP100,0,-0.03993,0.2397
SP100_2,SP100,0,-0.002766,0.1202
SP100_3,SP100,0,-0.005826,0.1467
SP100_4,SP100,0,0.00138,0.1159
SP100_5,SP100,0,-0.003522,0.07934
SP100_6,SP100,0,-0.01253,0.1925
SP110_1,SP110,0,-0.001974,0.2812
SP110_2,SP110,0,-0.0003108,0.1045
SP110_3,SP110,0,-0.008475,0.1847
SP110_4,SP110,0,-0.006316,0.1053
SP110_5,SP110,0,-0.004279,0.0829
SP110_6,SP110,0,-0.005769,0.1707
SP140L_1,SP140L,0,-0.01368,0.1687
SP140L_2,SP140L,0,-0.01131,0.1761
SP140L_3,SP140L,0,-0.02824,0.2252
SP140L_4,SP140L,0,-0.04964,0.3537
SP140L_5,SP140L,0,-0.0008144,0.08287
SP140L_6,SP140L,0,0.00313,0.08792
SP140_1,SP140,0,-0.01916,0.1146
SP140_2,SP140,0,0.0034,0.1887
SP140_3,SP140,0,-0.002901,0.2262
SP140_4,SP140,0,-0.01882,0.2703
SP140_5,SP140,0,-0.007018,0.0946
SP140_6,SP140,0,-0.0007074,0.1446
SP1_1,SP1,0,-0.002446,0.1319
SP1_2,SP1,0,-0.006942,0.2043
SP1_3,SP1,0,-0.002461,0.09139
SP1_4,SP1,0,-0.009206,0.1148
SP1_5,SP1,0,0.003947,0.1279
SP1_6,SP1,0,-0.01025,0.1437
SP2_1,SP2,0,-0.01235,0.1413
SP2_2,SP2,0,-0.008874,0.1387
SP2_3,SP2,0,0.009145,0.2533
SP2_4,SP2,0,0.0105,0.2391
SP2_5,SP2,0,-0.004601,0.09135
SP2_6,SP2,0,0.002919,0.06626
SP3_1,SP3,0,0.01202,0.1162
SP3_2,SP3,0,-0.02804,0.202
SP3_3,SP3,0,-0.002864,0.1571
SP3_4,SP3,0,-0.09071,0.5537
SP3_5,SP3,0,0.00356,0.1028
SP3_6,SP3,0,-0.001488,0.1237
SP4_1,SP4,0,-0.001001,0.138
SP4_2,SP4,0,-0.02666,0.2761
SP4_3,SP4,0,-0.03525,0.2408
SP4_4,SP4,0,-0.02776,0.2321
SP4_5,SP4,0,0.001057,0.04765
SP4_6,SP4,0,0.00846,0.122
SP5_1,SP5,0,-0.004264,0.1294
SP5_2,SP5,0,-0.01696,0.1641
SP5_3,SP5,0,0.0007124,0.1061
SP5_4,SP5,0,0.001511,0.07488
SP5_5,SP5,0,-0.002155,0.1056
SP5_6,SP5,0,-0.004313,0.0955
SP6_1,SP6,0,-0.01459,0.2333
SP6_2,SP6,0,-0.00707,0.1892
SP6_3,SP6,0,-0.009917,0.2581
SP6_4,SP6,0,-0.0423,0.2649
SP6_5,SP6,0,0.001194,0.1046
SP6_6,SP6,0,-0.002499,0.09707
SP7_1,SP7,0,-0.0174,0.2103
SP7_2,SP7,0,-0.01628,0.1222
SP7_3,SP7,0,-0.0273,0.2062
SP7_4,SP7,0,0.001964,0.1882
SP7_5,SP7,0,-0.01334,0.1126
SP7_6,SP7,0,0.006401,0.1024
SP8_1,SP8,0,-0.01235,0.1558
SP8_2,SP8,0,-0.003249,0.1687
SP8_4,SP8,0,-0.003425,0.1569
SP8_5,SP8,0,-0.006965,0.09832
SP8_6,SP8,0,-0.02239,0.1649
SP9_1,SP9,0,0.0004439,0.1394
SP9_2,SP9,0,-0.01398,0.2255
SP9_3,SP9,0,-0.05747,0.4397
SP9_4,SP9,0,0.0003324,0.2359
SP9_5,SP9,0,-0.006639,0.0678
SP9_6,SP9,0,-0.005544,0.1011
SPDEF_1,SPDEF,0,-0.007915,0.1428
SPDEF_2,SPDEF,0,-0.02155,0.1824
SPDEF_3,SPDEF,0,-0.03473,0.2195
SPDEF_4,SPDEF,0,-0.002044,0.1224
SPDEF_5,SPDEF,0,-0.0006142,0.1176
SPDEF_6,SPDEF,0,-0.006268,0.154
SPEN_1,SPEN,0,-0.02598,0.2314
SPEN_2,SPEN,0,-0.01302,0.1778
SPEN_3,SPEN,1,-0.01484,0.1749
SPEN_4,SPEN,0,-0.01076,0.1049
SPEN_5,SPEN,0,-0.0007186,0.07549
SPEN_6,SPEN,1,0.01069,0.09722
SPI1_1,SPI1,0,-0.01162,0.1897
SPI1_2,SPI1,0,-0.009403,0.1105
SPI1_3,SPI1,0,-0.007671,0.1161
SPI1_4,SPI1,0,-0.0755,0.4196
SPI1_5,SPI1,0,0.004354,0.08281
SPI1_6,SPI1,0,-0.002683,0.1162
SPIB_1,SPIB,0,-0.002,0.1269
SPIB_2,SPIB,0,0.0008293,0.1154
SPIB_3,SPIB,0,-0.001869,0.1431
SPIB_4,SPIB,0,-0.05601,0.2882
SPIB_5,SPIB,0,-0.01385,0.246
SPIB_6,SPIB,0,-0.01329,0.1133
SPIC_1,SPIC,0,-0.0838,0.328
SPIC_2,SPIC,0,-0.01647,0.1124
SPIC_3,SPIC,0,-0.02102,0.3
SPIC_4,SPIC,0,-0.01862,0.1699
SPIC_5,SPIC,0,0.002143,0.09472
SPIC_6,SPIC,0,-0.02879,0.175
SPZ1_1,SPZ1,0,-0.00306,0.1155
SPZ1_2,SPZ1,0,-0.007447,0.1855
SPZ1_3,SPZ1,0,-0.003009,0.2783
SPZ1_4,SPZ1,0,-0.1511,0.4448
SPZ1_5,SPZ1,0,-0.01704,0.09636
SPZ1_6,SPZ1,0,-0.0003281,0.09092
SRCAP_1,SRCAP,0,-0.03316,0.1716
SRCAP_2,SRCAP,0,-0.02416,0.255
SRCAP_3,SRCAP,0,-0.06018,0.3655
SRCAP_4,SRCAP,0,-0.006194,0.1265
SRCAP_5,SRCAP,0,-0.0102,0.07777
SRCAP_6,SRCAP,0,-0.001981,0.08726
SREBF1_P1_1,SREBF1,0,-0.01261,0.1196
SREBF1_P1_2,SREBF1,0,-0.02275,0.2012
SREBF1_P1_3,SREBF1,0,-0.3492,0.507
SREBF1_P1_4,SREBF1,0,-0.01497,0.1004
SREBF1_P1_5,SREBF1,0,-0.003399,0.1401
SREBF1_P1_6,SREBF1,0,-0.006939,0.1512
SREBF1_P2_1,SREBF1,0,-0.003646,0.1169
SREBF1_P2_2,SREBF1,0,-0.01131,0.1643
SREBF1_P2_3,SREBF1,0,-0.01557,0.1361
SREBF1_P2_4,SREBF1,0,-0.005025,0.1254
SREBF1_P2_5,SREBF1,0,0.004052,0.173
SREBF1_P2_6,SREBF1,0,-0.01841,0.1515
SREBF2_1,SREBF2,0,-0.02337,0.2142
SREBF2_2,SREBF2,0,-0.005745,0.0788
SREBF2_3,SREBF2,0,-0.00196,0.104
SREBF2_4,SREBF2,0,-0.01193,0.1353
SREBF2_5,SREBF2,0,-0.01094,0.1473
SREBF2_6,SREBF2,0,-0.015,0.1455
SRF_1,SRF,0,-0.01603,0.1667
SRF_2,SRF,0,-0.01164,0.157
SRF_3,SRF,0,-0.009811,0.292
SRF_4,SRF,0,-0.006198,0.2122
SRF_5,SRF,0,-0.004297,0.1144
SRF_6,SRF,0,-0.03251,0.3595
SRY_1,SRY,0,0.009093,0.1494
SRY_2,SRY,0,-0.0026,0.0895
SRY_3,SRY,0,-0.009451,0.1608
SRY_4,SRY,0,-0.00975,0.131
SRY_5,SRY,0,-0.0006434,0.05733
SRY_6,SRY,0,-0.006886,0.0782
SS18_1,SS18,0,-0.01369,0.2583
SS18_2,SS18,0,0.003405,0.1994
SS18_3,SS18,0,-0.01782,0.1879
SS18_4,SS18,0,-0.009166,0.09482
SS18_5,SS18,0,0.002181,0.1432
SS18_6,SS18,0,-0.001368,0.1779
SSRP1_2,SSRP1,0,-0.01207,0.1585
SSRP1_3,SSRP1,0,-0.07346,0.4486
SSRP1_4,SSRP1,0,-0.1647,0.5001
SSRP1_5,SSRP1,0,-0.02723,0.214
SSRP1_6,SSRP1,0,-0.01067,0.1412
ST18_1,ST18,0,-0.01758,0.2157
ST18_2,ST18,0,-0.04303,0.3391
ST18_3,ST18,0,0.004515,0.1468
ST18_4,ST18,0,-0.01301,0.1716
ST18_5,ST18,0,-0.004376,0.09579
ST18_6,ST18,0,-0.002419,0.04897
STAT1_1,STAT1,0,-0.02655,0.2072
STAT1_2,STAT1,0,0.0006607,0.1216
STAT1_3,STAT1,0,-0.008996,0.4062
STAT1_4,STAT1,0,0.001043,0.1053
STAT1_5,STAT1,0,-0.01067,0.1217
STAT1_6,STAT1,0,-0.002041,0.1008
STAT2_1,STAT2,0,-0.0109,0.162
STAT2_2,STAT2,0,-0.01881,0.2054
STAT2_3,STAT2,0,0.006707,0.1579
STAT2_4,STAT2,0,-0.01658,0.1419
STAT2_5,STAT2,0,-0.008238,0.07424
STAT2_6,STAT2,0,-0.002418,0.1051
STAT3_1,STAT3,0,-0.03363,0.2222
STAT3_2,STAT3,0,-0.0121,0.1896
STAT3_3,STAT3,0,-0.004778,0.1444
STAT3_4,STAT3,0,-0.05436,0.3459
STAT3_5,STAT3,0,-0.01809,0.2148
STAT3_6,STAT3,0,-0.00556,0.08443
STAT4_1,STAT4,0,0.001069,0.161
STAT4_2,STAT4,0,0.005791,0.1629
STAT4_3,STAT4,0,-0.04011,0.3956
STAT4_4,STAT4,0,0.006823,0.1441
STAT4_5,STAT4,0,-0.01123,0.09111
STAT4_6,STAT4,0,0.002357,0.08801
STAT5A_1,STAT5A,0,-0.01068,0.09094
STAT5A_2,STAT5A,0,-0.008002,0.1062
STAT5A_3,STAT5A,0,-0.003674,0.1045
STAT5A_4,STAT5A,0,-0.005901,0.1419
STAT5A_5,STAT5A,0,0.004504,0.1004
STAT5A_6,STAT5A,0,-0.01293,0.1265
STAT5B_1,STAT5B,0,-0.01786,0.1545
STAT5B_2,STAT5B,0,-0.03566,0.2738
STAT5B_3,STAT5B,0,-0.06073,0.3361
STAT5B_4,STAT5B,0,-0.01426,0.1223
STAT5B_5,STAT5B,0,-0.01341,0.1281
STAT5B_6,STAT5B,0,-0.003292,0.1264
STAT6_1,STAT6,0,0.0009576,0.1793
STAT6_2,STAT6,0,-0.01126,0.2002
STAT6_3,STAT6,0,-0.002943,0.09572
STAT6_4,STAT6,0,-0.02811,0.2395
STAT6_5,STAT6,0,-0.002547,0.1086
STAT6_6,STAT6,0,0.00248,0.1015
STOX2_P1_1,STOX2,0,-0.01919,0.1785
STOX2_P1_2,STOX2,0,-0.001643,0.08254
STOX2_P1_3,STOX2,0,0.01661,0.2111
STOX2_P1_4,STOX2,0,-0.006702,0.2539
STOX2_P1_5,STOX2,0,0.0003372,0.06939
STOX2_P1_6,STOX2,0,0.001147,0.07258
STOX2_P2_1,STOX2,0,0.0004704,0.1284
STOX2_P2_2,STOX2,0,-0.003789,0.1701
STOX2_P2_3,STOX2,0,-0.01113,0.1789
STOX2_P2_4,STOX2,0,-0.01493,0.1746
STOX2_P2_5,STOX2,0,-0.004387,0.06447
STOX2_P2_6,STOX2,0,0.006867,0.08915
STRA13_1,STRA13,0,-0.007409,0.1488
STRA13_2,STRA13,0,-0.02184,0.1778
STRA13_3,STRA13,0,-0.0468,0.4314
STRA13_4,STRA13,0,-0.004094,0.166
STRA13_5,STRA13,0,-0.006236,0.09164
STRA13_6,STRA13,0,-0.002223,0.08174
STRAP_1,STRAP,0,-0.2462,0.5583
STRAP_2,STRAP,0,-0.0397,0.3581
STRAP_3,STRAP,0,-0.01402,0.148
STRAP_4,STRAP,0,-0.07567,0.3812
STRAP_5,STRAP,0,-0.01195,0.1374
STRAP_6,STRAP,0,0.002121,0.07698
SUB1_P1_1,SUB1,0,-0.1473,0.531
SUB1_P1_2,SUB1,0,0.003432,0.1169
SUB1_P1_3,SUB1,0,-0.002334,0.2267
SUB1_P1_4,SUB1,0,0.005156,0.1577
SUB1_P1_5,SUB1,0,-0.00179,0.08578
SUB1_P1_6,SUB1,0,-0.01461,0.1354
SUB1_P2_1,SUB1,0,-0.00675,0.1616
SUB1_P2_2,SUB1,0,-0.006191,0.06144
SUB1_P2_3,SUB1,0,-0.03421,0.2967
SUB1_P2_4,SUB1,0,-0.01398,0.1421
SUB1_P2_5,SUB1,0,-0.01021,0.1856
SUB1_P2_6,SUB1,0,0.004925,0.07489
SULT2A1_1,SULT2A1,0,-0.01378,0.1581
SULT2A1_2,SULT2A1,0,-0.01212,0.178
SULT2A1_3,SULT2A1,0,-0.01593,0.1327
SULT2A1_4,SULT2A1,0,-0.01632,0.2987
SULT2A1_5,SULT2A1,0,-0.01609,0.1289
SULT2A1_6,SULT2A1,0,-0.007313,0.1072
SUPT4H1_1,SUPT4H1,0,0.0007555,0.16
SUPT4H1_2,SUPT4H1,0,0.002485,0.1662
SUPT4H1_3,SUPT4H1,0,-0.02034,0.149
SUPT4H1_4,SUPT4H1,0,-0.03239,0.3234
SUPT4H1_5,SUPT4H1,0,-0.006127,0.1
SUPT4H1_6,SUPT4H1,0,-0.003355,0.1071
SUPT5H_1,SUPT5H,0,-0.124,0.5027
SUPT5H_5,SUPT5H,0,-0.2828,0.5001
SUPT5H_6,SUPT5H,0,-0.004536,0.1144
SUZ12_1,SUZ12,0,-0.01158,0.1956
SUZ12_2,SUZ12,0,-0.01316,0.2298
SUZ12_3,SUZ12,0,-0.0205,0.2526
SUZ12_4,SUZ12,0,-0.034,0.2515
SUZ12_5,SUZ12,0,-0.01348,0.1049
SUZ12_6,SUZ12,0,-0.009526,0.1147
TADA2A_1,TADA2A,0,-0.01785,0.2497
TADA2A_2,TADA2A,0,-0.01739,0.2143
TADA2A_3,TADA2A,0,-0.04543,0.406
TADA2A_4,TADA2A,0,-0.05159,0.3275
TADA2A_5,TADA2A,0,-0.003211,0.07644
TADA2A_6,TADA2A,0,0.003232,0.08945
TADA2B_1,TADA2B,0,-0.02733,0.1621
TADA2B_2,TADA2B,0,0.008979,0.1144
TADA2B_3,TADA2B,0,0.001757,0.1073
TADA2B_4,TADA2B,0,-0.00166,0.132
TADA2B_5,TADA2B,0,-0.004369,0.07393
TADA2B_6,TADA2B,0,-0.001775,0.105
TADA3_1,TADA3,0,-0.00655,0.204
TADA3_2,TADA3,0,-0.01712,0.3618
TADA3_3,TADA3,0,0.007215,0.2425
TADA3_4,TADA3,0,-0.008374,0.1308
TADA3_5,TADA3,0,-0.009836,0.1143
TADA3_6,TADA3,0,-0.01553,0.09059
TAF10_1,TAF10,1,-0.008625,0.2214
TAF10_2,TAF10,0,-0.002502,0.1472
TAF10_3,TAF10,0,-0.0005286,0.1554
TAF10_4,TAF10,0,-0.0165,0.1717
TAF10_5,TAF10,0,-0.01249,0.1468
TAF10_6,TAF10,1,0.01615,0.1574
TAF11_1,TAF11,0,-0.1132,0.4063
TAF11_2,TAF11,0,-0.0123,0.2324
TAF11_3,TAF11,0,-0.0005688,0.1395
TAF11_4,TAF11,0,-0.007681,0.177
TAF11_5,TAF11,0,-0.000545,0.09162
TAF11_6,TAF11,0,-0.003045,0.0855
TAF12_1,TAF12,0,-0.3138,0.587
TAF12_2,TAF12,0,-0.008956,0.2601
TAF12_3,TAF12,0,-0.01826,0.2263
TAF12_4,TAF12,0,0.0004018,0.06228
TAF12_5,TAF12,0,0.0054,0.0684
TAF12_6,TAF12,0,-0.003395,0.06563
TAF13_2,TAF13,0,-0.3736,0.4483
TAF13_3,TAF13,0,-0.09268,0.5073
TAF13_4,TAF13,0,-0.009021,0.2668
TAF13_5,TAF13,0,-0.004843,0.1885
TAF13_6,TAF13,0,-0.02514,0.1915
TAF1A_4,TAF1A,0,-0.2458,0.5451
TAF1A_5,TAF1A,0,-0.04514,0.3726
TAF1A_6,TAF1A,0,-0.3221,0.4307
TAF1B_1,TAF1B,0,0.008273,0.4096
TAF1B_2,TAF1B,0,-0.2272,0.6431
TAF1B_3,TAF1B,0,-0.01267,0.1786
TAF1B_4,TAF1B,0,-0.01647,0.2557
TAF1B_5,TAF1B,0,-1.424e-05,0.09137
TAF1B_6,TAF1B,0,-0.002459,0.0732
TAF1_1,TAF1,0,-0.2434,0.4986
TAF1_2,TAF1,0,-0.02579,0.3785
TAF1_3,TAF1,0,-0.1536,0.4893
TAF1_5,TAF1,0,-0.1129,0.485
TAF1_6,TAF1,0,-0.003791,0.2381
TAF4B_1,TAF4B,0,0.008014,0.1006
TAF4B_2,TAF4B,0,0.005,0.2028
TAF4B_3,TAF4B,0,-0.02664,0.1677
TAF4B_4,TAF4B,0,-0.0129,0.1724
TAF4B_5,TAF4B,0,-0.00675,0.1228
TAF4B_6,TAF4B,0,-0.01319,0.1472
TAF4_1,TAF4,0,0.01893,0.239
TAF4_2,TAF4,0,-0.005426,0.1349
TAF4_3,TAF4,0,-0.005205,0.1806
TAF4_4,TAF4,0,-0.005098,0.06358
TAF4_5,TAF4,0,-0.00559,0.06889
TAF4_6,TAF4,0,0.006526,0.1207
TAF5L_1,TAF5L,0,-0.006427,0.1396
TAF5L_2,TAF5L,0,-0.003192,0.1086
TAF5L_3,TAF5L,0,-0.01127,0.1189
TAF5L_4,TAF5L,0,-0.003806,0.1761
TAF5L_5,TAF5L,0,0.001791,0.09061
TAF5L_6,TAF5L,0,0.000197,0.07478
TAF5_1,TAF5,0,-0.3126,0.6125
TAF5_2,TAF5,0,-0.03526,0.3666
TAF5_3,TAF5,0,-0.05071,0.2771
TAF5_4,TAF5,0,-0.003052,0.2298
TAF5_5,TAF5,0,-0.004415,0.1466
TAF5_6,TAF5,0,-0.006222,0.162
TAF6_1,TAF6,0,-0.2345,0.8102
TAF6_3,TAF6,0,-0.01237,0.1995
TAF6_4,TAF6,0,-0.01785,0.1681
TAF6_5,TAF6,0,0.0005144,0.229
TAF6_6,TAF6,0,0.002248,0.06452
TAF7_1,TAF7,0,-0.02651,0.2452
TAF7_2,TAF7,0,-0.1805,0.5173
TAF7_4,TAF7,0,-0.02439,0.2913
TAF7_5,TAF7,0,0.0009933,0.05949
TAF7_6,TAF7,0,0.0005495,0.03261
TAF9_1,TAF9,0,-0.01072,0.1591
TAF9_2,TAF9,0,0.01253,0.1753
TAF9_3,TAF9,0,-0.02353,0.1756
TAF9_4,TAF9,0,-0.00817,0.1346
TAF9_5,TAF9,0,-0.002629,0.1091
TAF9_6,TAF9,0,-0.002754,0.1735
TAL1_P1_1,TAL1,0,-0.01359,0.1621
TAL1_P1_2,TAL1,0,-0.03106,0.2348
TAL1_P1_3,TAL1,0,-0.01207,0.1361
TAL1_P1_4,TAL1,0,-0.03362,0.2088
TAL1_P1_5,TAL1,0,-0.01657,0.1645
TAL1_P1_6,TAL1,0,0.002705,0.06618
TAL1_P2_1,TAL1,0,-0.007417,0.2333
TAL1_P2_2,TAL1,0,0.005512,0.1783
TAL1_P2_3,TAL1,0,-0.08866,0.3134
TAL1_P2_4,TAL1,0,-0.006044,0.09095
TAL1_P2_5,TAL1,0,-0.01133,0.09443
TAL1_P2_6,TAL1,0,-0.008407,0.1602
TAL2_1,TAL2,0,-0.009822,0.1276
TAL2_2,TAL2,0,-0.002679,0.1341
TAL2_3,TAL2,0,-0.01259,0.2679
TAL2_4,TAL2,0,-0.007709,0.1841
TAL2_5,TAL2,0,-0.0389,0.2564
TAL2_6,TAL2,0,-0.006601,0.08574
TARDBP_1,TARDBP,0,-0.02204,0.2199
TARDBP_2,TARDBP,0,-0.01563,0.223
TARDBP_3,TARDBP,0,-0.003147,0.1583
TARDBP_4,TARDBP,0,-0.004889,0.1117
TARDBP_5,TARDBP,0,-0.007597,0.07391
TARDBP_6,TARDBP,0,0.0003231,0.1007
TAZ_1,TAZ,0,-0.09382,0.4532
TAZ_2,TAZ,0,-0.052,0.2814
TAZ_3,TAZ,0,0.0007161,0.1044
TAZ_4,TAZ,0,-0.01008,0.2587
TAZ_5,TAZ,0,-0.00111,0.08051
TAZ_6,TAZ,0,-0.03459,0.2154
TBPL1_1,TBPL1,0,-0.03727,0.2249
TBPL1_2,TBPL1,0,-0.001156,0.1907
TBPL1_3,TBPL1,0,-0.02,0.1933
TBPL1_4,TBPL1,0,-0.01442,0.1751
TBPL1_5,TBPL1,0,-0.001142,0.1098
TBPL1_6,TBPL1,0,-0.05736,0.4076
TBPL2_1,TBPL2,0,-0.03208,0.2106
TBPL2_2,TBPL2,0,0.0003547,0.1873
TBPL2_3,TBPL2,0,-0.001346,0.1474
TBPL2_4,TBPL2,0,-0.005054,0.05854
TBPL2_5,TBPL2,0,0.0007447,0.08068
TBPL2_6,TBPL2,0,-0.004585,0.1424
TBP_1,TBP,0,-0.1182,0.4573
TBP_2,TBP,0,-0.002166,0.1679
TBP_3,TBP,0,-0.01607,0.2305
TBP_4,TBP,0,0.002684,0.07534
TBP_5,TBP,0,-0.007513,0.12
TBP_6,TBP,0,-0.00279,0.09546
TBR1_1,TBR1,0,-0.006524,0.1058
TBR1_2,TBR1,0,-0.04407,0.3472
TBR1_3,TBR1,0,0.0003423,0.152
TBR1_4,TBR1,0,-0.007841,0.1242
TBR1_5,TBR1,0,-0.02369,0.1706
TBR1_6,TBR1,0,0.003406,0.06379
TBX10_1,TBX10,0,0.001784,0.09955
TBX10_2,TBX10,0,-0.003631,0.1055
TBX10_3,TBX10,0,-0.01931,0.2001
TBX10_4,TBX10,0,-0.0004742,0.2002
TBX10_5,TBX10,0,-0.004067,0.1007
TBX10_6,TBX10,0,0.0007605,0.09973
TBX15_1,TBX15,0,-0.0148,0.1212
TBX15_2,TBX15,0,-0.005326,0.1356
TBX15_3,TBX15,0,-0.002063,0.1568
TBX15_4,TBX15,0,-0.007439,0.1432
TBX15_5,TBX15,0,-0.0088,0.08225
TBX15_6,TBX15,0,-0.005237,0.12
TBX18_P1_1,TBX18,0,-0.01163,0.167
TBX18_P1_2,TBX18,0,-0.01049,0.175
TBX18_P1_3,TBX18,0,-0.02232,0.169
TBX18_P1_4,TBX18,0,-0.008956,0.1049
TBX18_P1_5,TBX18,0,-0.00439,0.1396
TBX18_P1_6,TBX18,0,-0.005742,0.06679
TBX18_P2_1,TBX18,0,-0.0007075,0.1181
TBX18_P2_2,TBX18,0,-0.00948,0.1363
TBX18_P2_3,TBX18,0,0.002103,0.08479
TBX18_P2_5,TBX18,0,-0.01078,0.1357
TBX18_P2_6,TBX18,0,-0.0003994,0.09154
TBX19_1,TBX19,0,-0.02182,0.206
TBX19_2,TBX19,0,-0.02051,0.1346
TBX19_3,TBX19,0,0.003648,0.081
TBX19_4,TBX19,0,-0.08615,0.3709
TBX19_5,TBX19,0,-0.003464,0.08839
TBX19_6,TBX19,0,-0.003141,0.1361
TBX1_1,TBX1,0,5.085e-05,0.1281
TBX1_2,TBX1,0,-0.03482,0.2887
TBX1_3,TBX1,0,-0.0243,0.217
TBX1_4,TBX1,0,-0.02894,0.1994
TBX1_5,TBX1,0,0.004315,0.1107
TBX1_6,TBX1,0,0.00158,0.08708
TBX20_1,TBX20,0,-0.002623,0.1256
TBX20_2,TBX20,0,0.001897,0.1211
TBX20_3,TBX20,0,-0.01136,0.1417
TBX20_4,TBX20,0,-0.02634,0.1759
TBX20_5,TBX20,0,-0.00903,0.1086
TBX20_6,TBX20,0,0.0007988,0.1107
TBX21_1,TBX21,0,-0.01282,0.2821
TBX21_2,TBX21,0,0.0005766,0.1039
TBX21_3,TBX21,0,-0.01927,0.1559
TBX21_4,TBX21,0,0.003712,0.1079
TBX21_5,TBX21,0,-0.01309,0.1648
TBX21_6,TBX21,0,-0.00575,0.07501
TBX22_1,TBX22,0,-0.003457,0.1326
TBX22_2,TBX22,0,-0.01067,0.1279
TBX22_3,TBX22,0,-0.002994,0.08799
TBX22_4,TBX22,0,-0.009665,0.2214
TBX22_5,TBX22,0,-0.002329,0.1163
TBX22_6,TBX22,0,-0.008221,0.1064
TBX2_1,TBX2,0,-0.02341,0.2119
TBX2_2,TBX2,0,0.003375,0.261
TBX2_3,TBX2,0,-0.03054,0.3503
TBX2_4,TBX2,0,-0.00129,0.118
TBX2_5,TBX2,0,-0.01831,0.2341
TBX2_6,TBX2,0,-0.01095,0.1462
TBX3_1,TBX3,1,-0.01082,0.1705
TBX3_2,TBX3,1,-0.01832,0.2365
TBX3_3,TBX3,0,-0.006797,0.2677
TBX3_4,TBX3,1,-0.01134,0.1278
TBX3_5,TBX3,1,-0.01029,0.08868
TBX3_6,TBX3,1,0.005714,0.1108
TBX4_P1_1,TBX4,0,-0.01235,0.1672
TBX4_P1_2,TBX4,0,-0.001948,0.1021
TBX4_P1_3,TBX4,0,-0.007919,0.09302
TBX4_P1_4,TBX4,0,-0.004116,0.1103
TBX4_P1_5,TBX4,0,-0.02251,0.1298
TBX4_P1_6,TBX4,0,-0.009627,0.1512
TBX4_P2_1,TBX4,0,-0.3259,0.6916
TBX4_P2_2,TBX4,0,0.0002373,0.117
TBX4_P2_3,TBX4,0,-0.008568,0.1367
TBX4_P2_4,TBX4,0,0.001239,0.1134
TBX4_P2_5,TBX4,0,-0.007961,0.1437
TBX4_P2_6,TBX4,0,-0.01137,0.178
TBX5_P1_1,TBX5,0,-0.001343,0.1477
TBX5_P1_2,TBX5,0,-0.0006882,0.08912
TBX5_P1_3,TBX5,0,-0.003972,0.1485
TBX5_P1_4,TBX5,0,-0.0003174,0.1645
TBX5_P1_5,TBX5,0,-0.001605,0.05929
TBX5_P1_6,TBX5,0,-0.0006043,0.05078
TBX5_P2_1,TBX5,0,-0.007393,0.1631
TBX5_P2_2,TBX5,0,-0.004067,0.1753
TBX5_P2_3,TBX5,0,0.0008951,0.1547
TBX5_P2_4,TBX5,0,-0.02799,0.2367
TBX5_P2_5,TBX5,0,0.003891,0.1148
TBX5_P2_6,TBX5,0,-0.0001335,0.151
TBX6_1,TBX6,0,-0.007541,0.1896
TBX6_2,TBX6,0,0.003071,0.2068
TBX6_3,TBX6,0,-0.002609,0.1131
TBX6_4,TBX6,0,-0.01418,0.1599
TBX6_5,TBX6,0,-0.01168,0.1085
TBX6_6,TBX6,0,-7.216e-05,0.1279
TCEB1_1,TCEB1,0,-0.01173,0.1867
TCEB1_2,TCEB1,0,-0.003867,0.2034
TCEB1_3,TCEB1,0,-0.05033,0.4927
TCEB1_4,TCEB1,0,-0.02354,0.1944
TCEB1_5,TCEB1,0,-0.02271,0.2246
TCEB1_6,TCEB1,0,-0.007723,0.08333
TCEB2_1,TCEB2,0,-0.01813,0.2292
TCEB2_2,TCEB2,0,-0.2226,0.5874
TCEB2_3,TCEB2,0,-0.01022,0.1391
TCEB2_4,TCEB2,0,-0.007568,0.1288
TCEB2_5,TCEB2,0,-0.007824,0.0604
TCEB2_6,TCEB2,0,-0.0004337,0.05811
TCEB3_1,TCEB3,0,-0.04591,0.311
TCEB3_2,TCEB3,1,0.006987,0.0741
TCEB3_3,TCEB3,1,0.00806,0.1539
TCEB3_4,TCEB3,0,0.0004678,0.09836
TCEB3_5,TCEB3,0,0.01301,0.09086
TCEB3_6,TCEB3,0,0.001215,0.1178
TCERG1_1,TCERG1,0,-0.000913,0.1421
TCERG1_2,TCERG1,0,-0.02452,0.2825
TCERG1_3,TCERG1,0,0.006677,0.08254
TCERG1_4,TCERG1,0,-0.01312,0.2004
TCERG1_5,TCERG1,0,-0.008527,0.1086
TCERG1_6,TCERG1,0,0.002771,0.06469
TCF12_P1_1,TCF12,0,0.01094,0.1441
TCF12_P1_2,TCF12,0,-0.01387,0.1326
TCF12_P1_3,TCF12,0,-0.007619,0.2218
TCF12_P1_4,TCF12,0,0.0005143,0.09362
TCF12_P1_5,TCF12,0,-0.03369,0.2198
TCF12_P1_6,TCF12,0,0.008261,0.1181
TCF12_P2_1,TCF12,0,-0.01081,0.1678
TCF12_P2_2,TCF12,0,-0.01099,0.1283
TCF12_P2_3,TCF12,0,-0.05884,0.3523
TCF12_P2_4,TCF12,0,-0.02532,0.2177
TCF12_P2_5,TCF12,0,-0.003436,0.1094
TCF12_P2_6,TCF12,0,-0.001175,0.1374
TCF15_1,TCF15,0,-0.009891,0.1517
TCF15_2,TCF15,0,-0.007101,0.1712
TCF15_3,TCF15,0,-0.01756,0.2347
TCF15_4,TCF15,0,-0.004441,0.1713
TCF15_5,TCF15,0,-0.008208,0.1026
TCF15_6,TCF15,0,-0.007493,0.08031
TCF19_P1_1,TCF19,0,-0.009995,0.2131
TCF19_P1_2,TCF19,0,0.0004441,0.1561
TCF19_P1_3,TCF19,0,-0.006379,0.1273
TCF19_P1_4,TCF19,0,-0.006816,0.1147
TCF19_P1_5,TCF19,0,-0.001972,0.05538
TCF19_P1_6,TCF19,0,0.0007595,0.1255
TCF19_P2_1,TCF19,0,-0.005835,0.09727
TCF19_P2_2,TCF19,0,-0.001297,0.1554
TCF19_P2_3,TCF19,0,-0.001685,0.1584
TCF19_P2_4,TCF19,0,-0.006366,0.1927
TCF19_P2_5,TCF19,0,-0.008554,0.1029
TCF19_P2_6,TCF19,0,-0.007153,0.1234
TCF20_1,TCF20,0,-0.001488,0.1292
TCF20_2,TCF20,0,-0.006696,0.1212
TCF20_3,TCF20,0,0.01888,0.2925
TCF20_4,TCF20,0,-0.06521,0.3721
TCF20_5,TCF20,0,-0.0124,0.115
TCF20_6,TCF20,0,-0.01005,0.08642
TCF21_1,TCF21,0,-0.003662,0.1305
TCF21_2,TCF21,0,-0.006326,0.1316
TCF21_3,TCF21,0,-0.00614,0.2215
TCF21_4,TCF21,0,-0.01541,0.1195
TCF21_5,TCF21,0,-0.007332,0.1171
TCF21_6,TCF21,0,0.0008228,0.05513
TCF23_1,TCF23,0,0.005071,0.2119
TCF23_2,TCF23,0,0.005016,0.1527
TCF23_3,TCF23,0,-0.0237,0.2602
TCF23_4,TCF23,0,-0.001801,0.1162
TCF23_5,TCF23,0,0.001975,0.1223
TCF23_6,TCF23,0,-0.006183,0.1096
TCF24_1,TCF24,0,-0.009717,0.1674
TCF24_2,TCF24,0,0.00016,0.1278
TCF24_3,TCF24,0,-0.00684,0.2173
TCF24_4,TCF24,0,-0.04372,0.3387
TCF24_5,TCF24,0,-0.0004258,0.1272
TCF24_6,TCF24,0,-0.002923,0.1307
TCF25_1,TCF25,0,-0.00463,0.2126
TCF25_3,TCF25,0,0.004463,0.1042
TCF25_4,TCF25,0,-0.008986,0.1581
TCF25_5,TCF25,0,0.003908,0.1353
TCF25_6,TCF25,0,0.003913,0.07236
TCF3_1,TCF3,0,-0.006,0.08606
TCF3_2,TCF3,0,-0.01078,0.1414
TCF3_3,TCF3,0,-0.000471,0.09458
TCF3_4,TCF3,0,-0.01467,0.1402
TCF3_5,TCF3,0,-0.0095,0.1438
TCF3_6,TCF3,0,-0.00522,0.09237
TCF4_1,TCF4,0,-0.008282,0.1183
TCF4_2,TCF4,0,-0.002132,0.09818
TCF4_3,TCF4,0,0.002165,0.1099
TCF4_4,TCF4,0,-0.02521,0.19
TCF4_5,TCF4,0,-0.002877,0.09804
TCF4_6,TCF4,0,-0.007436,0.1356
TCF7L1_1,TCF7L1,0,-0.0002966,0.1726
TCF7L1_2,TCF7L1,0,-0.005469,0.108
TCF7L1_3,TCF7L1,0,-0.049,0.3414
TCF7L1_4,TCF7L1,0,-0.02966,0.2034
TCF7L1_5,TCF7L1,0,0.00552,0.05588
TCF7L1_6,TCF7L1,0,-0.006176,0.111
TCF7L2_1,TCF7L2,0,-0.0003961,0.09808
TCF7L2_2,TCF7L2,0,-0.01488,0.1508
TCF7L2_3,TCF7L2,0,-0.08307,0.3892
TCF7L2_4,TCF7L2,0,-0.009616,0.1645
TCF7L2_5,TCF7L2,0,0.00203,0.07019
TCF7L2_6,TCF7L2,0,-0.002489,0.0955
TCF7_1,TCF7,0,-0.02263,0.1606
TCF7_2,TCF7,0,0.00278,0.0884
TCF7_3,TCF7,0,0.004253,0.1009
TCF7_4,TCF7,0,-0.008875,0.265
TCF7_5,TCF7,0,-0.01445,0.0986
TCF7_6,TCF7,0,-0.00349,0.1661
TCFL5_1,TCFL5,0,-0.003879,0.1313
TCFL5_2,TCFL5,0,-0.003189,0.2009
TCFL5_3,TCFL5,0,-0.005756,0.2117
TCFL5_4,TCFL5,0,-0.03307,0.3672
TCFL5_5,TCFL5,0,-0.001011,0.06337
TCFL5_6,TCFL5,0,-0.000703,0.09741
TEAD1_1,TEAD1,0,-0.01432,0.1601
TEAD1_2,TEAD1,0,0.001023,0.1478
TEAD1_3,TEAD1,0,-0.03089,0.213
TEAD1_4,TEAD1,0,0.001533,0.09794
TEAD1_5,TEAD1,0,-0.003601,0.09289
TEAD1_6,TEAD1,0,-0.01401,0.09683
TEAD2_1,TEAD2,0,-0.002815,0.1873
TEAD2_2,TEAD2,0,-0.02129,0.1568
TEAD2_3,TEAD2,0,-0.02695,0.2261
TEAD2_4,TEAD2,0,-0.07015,0.3528
TEAD2_5,TEAD2,0,-0.03115,0.1663
TEAD2_6,TEAD2,0,-0.01274,0.1667
TEAD3_1,TEAD3,0,-0.03555,0.3066
TEAD3_2,TEAD3,0,-0.01146,0.1184
TEAD3_3,TEAD3,0,0.004821,0.1428
TEAD3_4,TEAD3,0,-0.05497,0.3574
TEAD3_5,TEAD3,0,0.004069,0.2042
TEAD3_6,TEAD3,0,-0.02104,0.1739
TEAD4_1,TEAD4,0,-0.05908,0.3374
TEAD4_2,TEAD4,0,-0.00741,0.122
TEAD4_3,TEAD4,0,-0.008727,0.1848
TEAD4_4,TEAD4,0,-0.001542,0.234
TEAD4_5,TEAD4,0,-0.007749,0.1291
TEAD4_6,TEAD4,0,0.007365,0.2153
TEF_P1_1,TEF,0,-0.00965,0.1324
TEF_P1_2,TEF,0,-0.01335,0.1581
TEF_P1_3,TEF,0,-0.0129,0.1667
TEF_P1_4,TEF,0,-0.01344,0.2006
TEF_P1_5,TEF,0,-0.01067,0.1712
TEF_P1_6,TEF,0,-0.006786,0.1662
TEF_P2_1,TEF,0,-0.01389,0.2511
TEF_P2_2,TEF,0,0.001122,0.1643
TEF_P2_3,TEF,0,-0.003725,0.2024
TEF_P2_4,TEF,0,-0.01109,0.2264
TEF_P2_5,TEF,0,-0.002935,0.1029
TEF_P2_6,TEF,0,-0.001229,0.08702
TERF1_1,TERF1,0,-0.009778,0.09428
TERF1_2,TERF1,0,-0.03087,0.1763
TERF1_3,TERF1,0,-0.003769,0.09173
TERF1_4,TERF1,0,-0.004747,0.1633
TERF1_5,TERF1,0,-0.0118,0.2141
TERF1_6,TERF1,0,-0.0001447,0.097
TERF2_1,TERF2,0,-0.003999,0.3243
TERF2_2,TERF2,0,0.0023,0.1743
TERF2_3,TERF2,0,-0.02124,0.1483
TERF2_4,TERF2,0,-0.007216,0.1945
TERF2_5,TERF2,0,-0.001243,0.07281
TERF2_6,TERF2,0,0.003526,0.07729
TET1_1,TET1,0,0.001668,0.1467
TET1_2,TET1,0,-0.006628,0.1225
TET1_3,TET1,0,0.0002315,0.3166
TET1_4,TET1,0,-0.01116,0.2318
TET1_5,TET1,0,-0.006938,0.1605
TET1_6,TET1,0,0.005113,0.0697
TET2_1,TET2,0,-0.003545,0.1205
TET2_2,TET2,0,-0.02554,0.2153
TET2_3,TET2,0,-0.01961,0.2271
TET2_4,TET2,0,-0.02049,0.178
TET2_5,TET2,0,-0.00545,0.09768
TET2_6,TET2,0,0.001439,0.06211
TET3_1,TET3,0,-0.01375,0.1281
TET3_2,TET3,0,-0.001205,0.1109
TET3_3,TET3,0,-0.0176,0.1758
TET3_4,TET3,0,-0.01067,0.1031
TET3_5,TET3,0,0.00214,0.1509
TET3_6,TET3,0,0.01036,0.1211
TFAM_2,TFAM,0,-0.006667,0.2954
TFAM_3,TFAM,0,-0.06253,0.3744
TFAM_4,TFAM,0,-0.02631,0.3251
TFAM_5,TFAM,0,0.01601,0.1325
TFAM_6,TFAM,0,0.005497,0.07016
TFAP2A_P1_1,TFAP2A,0,-0.01088,0.2001
TFAP2A_P1_2,TFAP2A,0,-0.009029,0.2254
TFAP2A_P1_3,TFAP2A,0,-0.015,0.2232
TFAP2A_P1_4,TFAP2A,0,-0.1126,0.4882
TFAP2A_P1_5,TFAP2A,0,-0.00148,0.05481
TFAP2A_P1_6,TFAP2A,0,0.006951,0.1068
TFAP2A_P2_1,TFAP2A,0,-0.03609,0.2896
TFAP2A_P2_2,TFAP2A,0,-0.005253,0.117
TFAP2A_P2_3,TFAP2A,0,-0.02894,0.282
TFAP2A_P2_4,TFAP2A,0,0.001308,0.1706
TFAP2A_P2_5,TFAP2A,0,0.006208,0.1017
TFAP2A_P2_6,TFAP2A,0,-0.001268,0.09277
TFAP2B_1,TFAP2B,0,0.008627,0.1434
TFAP2B_2,TFAP2B,0,-0.01762,0.1481
TFAP2B_3,TFAP2B,0,-0.006027,0.2073
TFAP2B_4,TFAP2B,0,-0.003484,0.2146
TFAP2B_5,TFAP2B,0,-0.004037,0.1337
TFAP2B_6,TFAP2B,0,0.005854,0.1507
TFAP2C_1,TFAP2C,0,-0.1801,0.679
TFAP2C_2,TFAP2C,0,0.001315,0.09156
TFAP2C_3,TFAP2C,0,-0.005817,0.1041
TFAP2C_4,TFAP2C,0,-0.01173,0.152
TFAP2C_5,TFAP2C,0,-0.0001645,0.07868
TFAP2C_6,TFAP2C,0,-0.003518,0.07142
TFAP2D_1,TFAP2D,0,-0.01624,0.161
TFAP2D_2,TFAP2D,0,-0.03219,0.2298
TFAP2D_3,TFAP2D,0,-0.02033,0.4181
TFAP2D_4,TFAP2D,0,0.001203,0.1036
TFAP2D_5,TFAP2D,0,-0.02982,0.1726
TFAP2D_6,TFAP2D,0,-0.009846,0.155
TFAP2E_1,TFAP2E,0,-0.003265,0.1813
TFAP2E_2,TFAP2E,0,-0.01065,0.1203
TFAP2E_3,TFAP2E,0,-0.01295,0.1314
TFAP2E_4,TFAP2E,0,-0.01034,0.1751
TFAP2E_5,TFAP2E,0,-0.009217,0.1114
TFAP2E_6,TFAP2E,0,0.002993,0.1108
TFAP4_1,TFAP4,0,-0.2062,0.6839
TFAP4_2,TFAP4,0,0.001519,0.1047
TFAP4_3,TFAP4,0,-0.002543,0.1024
TFAP4_4,TFAP4,0,-0.01852,0.2758
TFAP4_5,TFAP4,0,0.002631,0.1002
TFAP4_6,TFAP4,0,0.002359,0.05733
TFCP2L1_2,TFCP2L1,0,-0.1838,0.6059
TFCP2L1_3,TFCP2L1,0,-0.002201,0.1198
TFCP2L1_4,TFCP2L1,0,-0.006361,0.2512
TFCP2L1_5,TFCP2L1,0,-0.01906,0.1355
TFCP2L1_6,TFCP2L1,0,0.001361,0.09242
TFCP2_1,TFCP2,0,-0.002149,0.133
TFCP2_2,TFCP2,0,0.0047,0.1658
TFCP2_3,TFCP2,0,-0.02438,0.1747
TFCP2_4,TFCP2,0,0.008549,0.06553
TFCP2_5,TFCP2,0,-0.003508,0.05821
TFCP2_6,TFCP2,0,-0.006474,0.1585
TFDP1_1,TFDP1,0,-0.05268,0.2603
TFDP1_2,TFDP1,0,-0.03335,0.2953
TFDP1_3,TFDP1,0,-0.00738,0.1502
TFDP1_4,TFDP1,0,-0.04361,0.2553
TFDP1_5,TFDP1,0,-0.006097,0.1753
TFDP1_6,TFDP1,0,-0.01773,0.1439
TFDP2_P1_1,TFDP2,0,0.0003904,0.07986
TFDP2_P1_2,TFDP2,0,-0.001712,0.09356
TFDP2_P1_3,TFDP2,0,-0.003388,0.1497
TFDP2_P1_4,TFDP2,0,-0.000759,0.1308
TFDP2_P1_5,TFDP2,0,-0.0001396,0.04331
TFDP2_P1_6,TFDP2,0,0.00643,0.1074
TFDP2_P2_1,TFDP2,0,-0.007111,0.25
TFDP2_P2_2,TFDP2,0,-0.01568,0.2032
TFDP2_P2_3,TFDP2,0,-0.276,0.6776
TFDP2_P2_4,TFDP2,0,-0.005695,0.1765
TFDP2_P2_5,TFDP2,0,0.002645,0.1419
TFDP2_P2_6,TFDP2,0,-0.006067,0.3037
TFDP3_1,TFDP3,0,-0.004274,0.1648
TFDP3_2,TFDP3,0,-0.008037,0.2164
TFDP3_3,TFDP3,0,-0.01199,0.2238
TFDP3_4,TFDP3,0,-0.009931,0.2597
TFDP3_5,TFDP3,0,-0.005465,0.1185
TFDP3_6,TFDP3,0,-0.04552,0.3687
TFE3_1,TFE3,0,-0.01607,0.1133
TFE3_2,TFE3,0,-0.01797,0.2001
TFE3_3,TFE3,0,-0.01639,0.1766
TFE3_4,TFE3,0,0.007138,0.286
TFE3_5,TFE3,0,-0.01293,0.1342
TFE3_6,TFE3,0,-0.005323,0.08417
TFEB_P1_1,TFEB,0,-0.00807,0.1058
TFEB_P1_2,TFEB,0,-0.005582,0.1339
TFEB_P1_3,TFEB,0,-0.0005469,0.09576
TFEB_P1_4,TFEB,0,-0.0003993,0.1458
TFEB_P1_5,TFEB,0,0.002731,0.1192
TFEB_P1_6,TFEB,0,-0.003604,0.1415
TFEB_P2_1,TFEB,0,-0.01485,0.1079
TFEB_P2_2,TFEB,0,-0.002421,0.1347
TFEB_P2_3,TFEB,0,-0.007799,0.1481
TFEB_P2_4,TFEB,0,-0.006452,0.2233
TFEB_P2_5,TFEB,0,-0.1615,0.5737
TFEB_P2_6,TFEB,0,-0.01571,0.1902
TFEC_1,TFEC,0,-0.00897,0.142
TFEC_2,TFEC,0,-0.006712,0.1373
TFEC_3,TFEC,0,-0.01409,0.1471
TFEC_4,TFEC,0,-0.02192,0.2515
TFEC_5,TFEC,0,-0.0005661,0.1063
TFEC_6,TFEC,0,0.002682,0.08561
TFRC,TFRC,0,0.0001692,0.0204
TGFB1I1_1,TGFB1I1,0,-0.01271,0.1605
TGFB1I1_2,TGFB1I1,0,-0.03795,0.2573
TGFB1I1_3,TGFB1I1,0,-0.01134,0.2067
TGFB1I1_4,TGFB1I1,0,-0.002715,0.1458
TGFB1I1_5,TGFB1I1,0,-0.01326,0.1271
TGFB1I1_6,TGFB1I1,0,-0.01207,0.1145
TGIF1_1,TGIF1,1,-0.01553,0.08271
TGIF1_2,TGIF1,0,-0.008106,0.09349
TGIF1_3,TGIF1,0,-0.02374,0.2076
TGIF1_4,TGIF1,1,-0.01716,0.1643
TGIF1_5,TGIF1,0,-0.01009,0.07443
TGIF1_6,TGIF1,0,-0.004399,0.1446
TGIF2LX_1,TGIF2LX,0,-0.006177,0.112
TGIF2LX_2,TGIF2LX,0,0.004746,0.1203
TGIF2LX_3,TGIF2LX,0,-0.0005766,0.1567
TGIF2LX_4,TGIF2LX,0,-0.01048,0.1528
TGIF2LX_5|TGIF2LY_6,TGIF2LX|TGIF2LY,0,-0.002462,0.04933
TGIF2LX_6|TGIF2LY_5,TGIF2LX|TGIF2LY,0,0.002019,0.07494
TGIF2LY_1,TGIF2LY,0,0.001179,0.1261
TGIF2LY_2,TGIF2LY,0,-0.0003176,0.08188
TGIF2LY_3,TGIF2LY,0,-0.001996,0.1113
TGIF2LY_4,TGIF2LY,0,0.01886,0.1658
TGIF2_1,TGIF2,0,-0.01109,0.1463
TGIF2_2,TGIF2,0,-0.00296,0.1243
TGIF2_3,TGIF2,0,-0.01933,0.2286
TGIF2_4,TGIF2,0,-0.004319,0.1643
TGIF2_5,TGIF2,0,-0.0003093,0.09369
TGIF2_6,TGIF2,0,-0.008469,0.148
THAP10_1,THAP10,0,-0.002953,0.1306
THAP10_2,THAP10,0,0.00286,0.1732
THAP10_3,THAP10,0,-0.005136,0.1506
THAP10_4,THAP10,0,-0.003047,0.1594
THAP10_5,THAP10,0,0.007725,0.1417
THAP10_6,THAP10,0,-0.01224,0.1078
THAP11_1,THAP11,0,-0.04011,0.2892
THAP11_2,THAP11,0,-0.1442,0.4928
THAP11_3,THAP11,0,-0.03229,0.2019
THAP11_4,THAP11,0,0.002057,0.1085
THAP11_5,THAP11,0,0.00174,0.1017
THAP11_6,THAP11,0,0.003081,0.06907
THAP1_1,THAP1,0,-0.03805,0.4187
THAP1_2,THAP1,0,0.003336,0.2625
THAP1_3,THAP1,0,-0.009295,0.2988
THAP1_4,THAP1,0,-0.01456,0.155
THAP1_5,THAP1,0,-0.01541,0.08993
THAP1_6,THAP1,0,0.003215,0.1077
THAP2_P1_1,THAP2,0,-0.004733,0.07183
THAP2_P1_2,THAP2,0,0.004803,0.1127
THAP2_P1_3,THAP2,0,-0.009608,0.1452
THAP2_P1_4,THAP2,0,-0.01226,0.1879
THAP2_P1_5,THAP2,0,-0.001119,0.09608
THAP2_P1_6,THAP2,0,0.002529,0.05493
THAP2_P2_1,THAP2,0,-0.01113,0.1846
THAP2_P2_2,THAP2,0,-0.0006614,0.1718
THAP2_P2_3,THAP2,0,-0.002841,0.1386
THAP2_P2_4,THAP2,0,-0.01607,0.279
THAP2_P2_5,THAP2,0,-0.001727,0.1225
THAP2_P2_6,THAP2,0,-0.008442,0.1229
THAP3_1,THAP3,0,-8.209e-05,0.1605
THAP3_2,THAP3,0,-0.01483,0.2152
THAP3_3,THAP3,0,-0.03038,0.2683
THAP3_4,THAP3,0,-0.003147,0.09417
THAP3_5,THAP3,0,0.003528,0.1048
THAP3_6,THAP3,0,0.008166,0.1467
THAP4_2,THAP4,0,-0.004803,0.105
THAP4_3,THAP4,0,-0.008897,0.1923
THAP4_4,THAP4,0,0.004261,0.1641
THAP4_5,THAP4,0,-0.0008529,0.11
THAP4_6,THAP4,0,0.001994,0.129
THAP5_1,THAP5,0,-0.004829,0.1112
THAP5_2,THAP5,0,-0.003842,0.1595
THAP5_3,THAP5,0,-0.004898,0.1897
THAP5_4,THAP5,0,-0.007294,0.1324
THAP5_5,THAP5,0,-0.002454,0.09081
THAP5_6,THAP5,0,0.001903,0.1033
THAP6_1,THAP6,0,-0.02499,0.1335
THAP6_2,THAP6,0,-0.005219,0.1423
THAP6_3,THAP6,0,-0.03313,0.3085
THAP6_4,THAP6,0,-0.01342,0.1186
THAP6_5,THAP6,0,-0.01548,0.1745
THAP6_6,THAP6,0,-0.0007667,0.1496
THAP7_1,THAP7,0,-0.004673,0.08039
THAP7_2,THAP7,0,0.00388,0.07405
THAP7_3,THAP7,0,-0.01176,0.1291
THAP7_4,THAP7,0,-0.008202,0.1552
THAP7_5,THAP7,0,-0.002423,0.08871
THAP7_6,THAP7,0,-0.0246,0.2164
THAP8_1,THAP8,0,0.001153,0.09299
THAP8_2,THAP8,0,-0.008515,0.1429
THAP8_3,THAP8,0,-0.005356,0.1305
THAP8_4,THAP8,0,-0.01491,0.1399
THAP8_5,THAP8,0,-0.006644,0.1187
THAP8_6,THAP8,0,-0.02639,0.265
THAP9_1,THAP9,0,-0.005395,0.1006
THAP9_2,THAP9,0,-0.0525,0.2433
THAP9_3,THAP9,0,-0.01275,0.1171
THAP9_4,THAP9,0,-0.01124,0.137
THAP9_5,THAP9,0,-0.003437,0.08687
THAP9_6,THAP9,0,-0.003714,0.08574
THRA_1,THRA,0,-0.01017,0.1534
THRA_2,THRA,0,0.007328,0.1217
THRA_3,THRA,0,-0.0005877,0.148
THRA_4,THRA,0,-0.001924,0.05516
THRA_5,THRA,0,-0.0065,0.1816
THRA_6,THRA,0,0.001631,0.05763
THRB_1,THRB,0,-0.02283,0.1732
THRB_2,THRB,0,-0.01231,0.1257
THRB_3,THRB,0,-0.005219,0.1373
THRB_4,THRB,0,0.01879,0.2414
THRB_5,THRB,0,-0.01108,0.1945
THRB_6,THRB,0,-0.008324,0.1439
THYN1_1,THYN1,0,0.0008137,0.1541
THYN1_2,THYN1,0,-0.01589,0.1499
THYN1_3,THYN1,0,-0.1032,0.452
THYN1_4,THYN1,0,-0.00992,0.1347
THYN1_5,THYN1,0,-0.005689,0.08209
THYN1_6,THYN1,0,-0.001845,0.1648
TIGD1_1,TIGD1,1,-0.001069,0.1599
TIGD1_2,TIGD1,0,-0.007548,0.08609
TIGD1_3,TIGD1,1,-0.001934,0.1222
TIGD1_4,TIGD1,1,0.008831,0.1055
TIGD1_5,TIGD1,0,-0.006167,0.2323
TIGD1_6,TIGD1,0,0.003246,0.1102
TIGD2_1,TIGD2,0,-0.005125,0.1263
TIGD2_2,TIGD2,0,-0.002241,0.3014
TIGD2_3,TIGD2,0,-0.02257,0.2728
TIGD2_4,TIGD2,0,-0.01567,0.1083
TIGD2_5,TIGD2,0,0.003831,0.1126
TIGD2_6,TIGD2,0,-0.005092,0.1423
TIGD3_1,TIGD3,0,-0.01133,0.1393
TIGD3_2,TIGD3,0,-0.01534,0.1217
TIGD3_3,TIGD3,0,-0.007407,0.2146
TIGD3_4,TIGD3,0,-0.001444,0.1818
TIGD3_5,TIGD3,0,-0.008772,0.1135
TIGD3_6,TIGD3,0,-0.001621,0.0801
TIGD4_1,TIGD4,0,-0.005826,0.2518
TIGD4_2,TIGD4,0,-0.01713,0.2044
TIGD4_3,TIGD4,0,-0.006648,0.147
TIGD4_4,TIGD4,0,-0.01072,0.114
TIGD4_5,TIGD4,0,-0.00164,0.1167
TIGD4_6,TIGD4,0,-0.0246,0.1606
TIGD5_1,TIGD5,0,0.00374,0.1211
TIGD5_2,TIGD5,0,-0.01313,0.1584
TIGD5_3,TIGD5,0,-0.006806,0.1535
TIGD5_4,TIGD5,0,-0.003604,0.1686
TIGD5_5,TIGD5,0,0.001257,0.06919
TIGD5_6,TIGD5,0,-0.007903,0.124
TIGD6_1,TIGD6,0,-0.002676,0.1821
TIGD6_2,TIGD6,0,-1.296e-05,0.1027
TIGD6_3,TIGD6,0,-0.0237,0.2318
TIGD6_4,TIGD6,0,0.003761,0.2076
TIGD6_5,TIGD6,0,0.007331,0.1318
TIGD6_6,TIGD6,0,-0.00106,0.1196
TIGD7_1,TIGD7,0,-0.08473,0.4103
TIGD7_2,TIGD7,0,-0.02115,0.2144
TIGD7_3,TIGD7,0,-0.01765,0.2219
TIGD7_4,TIGD7,0,-0.006018,0.1143
TIGD7_5,TIGD7,0,-0.01318,0.1771
TIGD7_6,TIGD7,0,-0.0005649,0.1237
TLX1_1,TLX1,0,-0.005592,0.1547
TLX1_2,TLX1,0,-0.004249,0.1245
TLX1_3,TLX1,0,-0.005261,0.1399
TLX1_4,TLX1,0,-0.02368,0.1851
TLX1_5,TLX1,0,-0.005055,0.07091
TLX1_6,TLX1,0,0.001049,0.08297
TLX2_1,TLX2,0,-0.01985,0.1501
TLX2_2,TLX2,0,-0.01051,0.2166
TLX2_3,TLX2,0,-0.03191,0.262
TLX2_4,TLX2,0,-0.005694,0.1321
TLX2_5,TLX2,0,0.005794,0.1015
TLX2_6,TLX2,0,0.0006513,0.1309
TLX3_1,TLX3,0,-0.01187,0.122
TLX3_2,TLX3,0,0.0005211,0.1657
TLX3_3,TLX3,0,-0.005948,0.105
TLX3_4,TLX3,0,-0.02076,0.1422
TLX3_5,TLX3,0,0.01213,0.1382
TLX3_6,TLX3,0,-0.01321,0.08901
TMF1_1,TMF1,0,-0.01847,0.2757
TMF1_2,TMF1,0,-0.007682,0.1989
TMF1_3,TMF1,0,-0.01003,0.1214
TMF1_4,TMF1,0,-0.02976,0.2737
TMF1_5,TMF1,0,-0.007053,0.09661
TMF1_6,TMF1,0,-0.01038,0.1011
TNXB_1,TNXB,0,0.006145,0.1399
TNXB_2,TNXB,0,-0.007275,0.1366
TNXB_3,TNXB,0,0.005976,0.09801
TNXB_4,TNXB,0,0.006716,0.1309
TNXB_5,TNXB,0,-0.004626,0.1104
TNXB_6,TNXB,0,-0.00499,0.1313
TOPORS_1,TOPORS,0,-0.009513,0.1069
TOPORS_2,TOPORS,0,-0.01648,0.1809
TOPORS_3,TOPORS,0,-0.05356,0.2736
TOPORS_4,TOPORS,0,-0.001901,0.08679
TOPORS_5,TOPORS,0,-0.0331,0.2715
TOPORS_6,TOPORS,0,-0.01078,0.09785
TOX2_1,TOX2,0,-0.003542,0.1432
TOX2_2,TOX2,0,-0.009298,0.1826
TOX2_3,TOX2,0,-0.01418,0.2347
TOX2_4,TOX2,0,-0.0242,0.2672
TOX2_5,TOX2,0,-0.02565,0.1238
TOX2_6,TOX2,0,-0.008382,0.11
TOX3_1,TOX3,0,-0.02011,0.3756
TOX3_2,TOX3,0,-0.008918,0.1569
TOX3_3,TOX3,0,0.007571,0.1009
TOX3_4,TOX3,0,-0.005097,0.1257
TOX3_5,TOX3,0,-0.003561,0.06147
TOX3_6,TOX3,0,-0.0009988,0.0707
TOX4_1,TOX4,0,0.004581,0.1796
TOX4_2,TOX4,0,-0.006942,0.2386
TOX4_3,TOX4,0,-0.01431,0.1498
TOX4_4,TOX4,0,-0.00713,0.1795
TOX4_5,TOX4,0,-0.002793,0.1025
TOX4_6,TOX4,0,0.002815,0.08976
TOX_1,TOX,0,-0.008385,0.1184
TOX_2,TOX,0,-0.01233,0.1438
TOX_3,TOX,0,-0.03626,0.3031
TOX_4,TOX,0,0.001558,0.1511
TOX_5,TOX,0,-0.01406,0.1536
TOX_6,TOX,0,0.002805,0.08797
TP53BP1_P1_1,TP53BP1,0,-0.009716,0.1922
TP53BP1_P1_2,TP53BP1,0,0.008276,0.1127
TP53BP1_P1_3,TP53BP1,0,-0.02767,0.3373
TP53BP1_P1_4,TP53BP1,0,-0.02033,0.2008
TP53BP1_P1_5,TP53BP1,0,5.651e-05,0.07775
TP53BP1_P1_6,TP53BP1,0,-0.001604,0.1199
TP53BP1_P2_1,TP53BP1,0,0.0007201,0.0978
TP53BP1_P2_2,TP53BP1,0,-0.01275,0.1376
TP53BP1_P2_3,TP53BP1,0,-0.004349,0.07209
TP53BP1_P2_4,TP53BP1,0,-0.001706,0.1049
TP53BP1_P2_5,TP53BP1,0,0.01023,0.1099
TP53BP1_P2_6,TP53BP1,0,0.00057,0.134
TP53BP2_1,TP53BP2,0,-0.01683,0.1351
TP53BP2_2,TP53BP2,0,-0.01031,0.3095
TP53BP2_3,TP53BP2,0,-0.008526,0.2496
TP53BP2_4,TP53BP2,0,-0.0106,0.1282
TP53BP2_5,TP53BP2,0,-0.004813,0.06791
TP53BP2_6,TP53BP2,0,0.002245,0.1425
TP53_1,TP53,0,0.005908,0.0593
TP53_2,TP53,0,-0.01964,0.1783
TP53_3,TP53,0,-0.001579,0.1298
TP53_4,TP53,0,-0.00196,0.1119
TP53_5,TP53,0,-0.007751,0.1506
TP53_6,TP53,0,0.001802,0.09943
TP63_1,TP63,0,-0.0421,0.338
TP63_2,TP63,0,-0.01738,0.2234
TP63_3,TP63,0,-0.001881,0.1675
TP63_4,TP63,0,-0.03205,0.2715
TP63_5,TP63,0,0.01002,0.1476
TP63_6,TP63,0,-0.007246,0.1666
TP73_1,TP73,0,-0.03048,0.2043
TP73_2,TP73,0,0.003648,0.07238
TP73_3,TP73,0,-0.001877,0.1295
TP73_4,TP73,0,-0.01764,0.2554
TP73_5,TP73,0,-0.003522,0.06512
TP73_6,TP73,0,0.001432,0.05578
TPI1_1,TPI1,0,-0.004095,0.1555
TPI1_2,TPI1,0,-0.06072,0.2788
TPI1_3,TPI1,0,-0.007744,0.1291
TPI1_4,TPI1,0,0.002358,0.1149
TPI1_5,TPI1,0,-0.01085,0.1084
TPI1_6,TPI1,0,-0.005402,0.09884
TPRX1_1,TPRX1,0,-0.005999,0.1185
TPRX1_2,TPRX1,0,-0.01753,0.1717
TPRX1_3,TPRX1,0,-0.05007,0.4043
TPRX1_4,TPRX1,0,-0.006544,0.2163
TPRX1_5,TPRX1,0,-0.008049,0.1713
TPRX1_6,TPRX1,0,-0.01347,0.1293
TRAFD1_1,TRAFD1,0,0.007339,0.1272
TRAFD1_2,TRAFD1,0,-0.001787,0.1435
TRAFD1_3,TRAFD1,0,-0.001374,0.1288
TRAFD1_4,TRAFD1,0,0.002226,0.1401
TRAFD1_5,TRAFD1,0,0.00236,0.08005
TRAFD1_6,TRAFD1,0,0.0008646,0.06275
TRERF1_1,TRERF1,0,-0.01895,0.2427
TRERF1_2,TRERF1,0,-0.01957,0.1182
TRERF1_3,TRERF1,0,0.002013,0.1957
TRERF1_4,TRERF1,0,-0.000755,0.1218
TRERF1_5,TRERF1,0,-0.0009569,0.09101
TRERF1_6,TRERF1,0,0.005543,0.1107
TRIM22_1,TRIM22,0,-0.01404,0.1448
TRIM22_2,TRIM22,0,-0.009351,0.1825
TRIM22_3,TRIM22,0,-0.05273,0.3376
TRIM22_4,TRIM22,0,-0.01581,0.3028
TRIM22_5,TRIM22,0,-0.01106,0.128
TRIM22_6,TRIM22,0,-0.001043,0.04219
TRIM25_1,TRIM25,0,0.005135,0.1452
TRIM25_2,TRIM25,0,-0.002689,0.1009
TRIM25_3,TRIM25,0,-0.002702,0.1469
TRIM25_4,TRIM25,0,0.001138,0.1996
TRIM25_5,TRIM25,0,-0.01933,0.1773
TRIM25_6,TRIM25,0,-0.01137,0.1248
TRIM27_1,TRIM27,0,-0.0004761,0.198
TRIM27_2,TRIM27,0,-0.01132,0.2285
TRIM27_3,TRIM27,0,-0.02215,0.1535
TRIM27_4,TRIM27,0,-0.01333,0.1237
TRIM27_5,TRIM27,0,-0.005949,0.1062
TRIM27_6,TRIM27,0,-0.001956,0.09828
TRIM28_1,TRIM28,0,-0.002534,0.1081
TRIM28_2,TRIM28,0,0.001694,0.1484
TRIM28_3,TRIM28,0,-0.004976,0.151
TRIM28_4,TRIM28,0,-0.02965,0.1819
TRIM28_5,TRIM28,0,-0.006023,0.08863
TRIM28_6,TRIM28,0,0.009905,0.07712
TRIM29_P1_1,TRIM29,0,-0.0363,0.1701
TRIM29_P1_2,TRIM29,0,-0.01052,0.1598
TRIM29_P1_3,TRIM29,0,0.005571,0.2781
TRIM29_P1_4,TRIM29,0,-0.01188,0.1239
TRIM29_P1_5,TRIM29,0,-0.005677,0.09583
TRIM29_P1_6,TRIM29,0,0.003436,0.09086
TRIM29_P2_1,TRIM29,0,-0.0107,0.146
TRIM29_P2_2,TRIM29,0,-0.008261,0.139
TRIM29_P2_3,TRIM29,0,0.007329,0.1404
TRIM29_P2_4,TRIM29,0,-0.05003,0.3218
TRIM29_P2_5,TRIM29,0,-0.01038,0.1876
TRIM29_P2_6,TRIM29,0,-0.0004567,0.1005
TRPS1_1,TRPS1,0,-0.01053,0.1104
TRPS1_2,TRPS1,0,0.00682,0.1571
TRPS1_3,TRPS1,0,0.001123,0.1022
TRPS1_4,TRPS1,0,-0.0037,0.0428
TRPS1_5,TRPS1,0,-0.00302,0.06809
TRPS1_6,TRPS1,0,-0.002045,0.0894
TSC22D1_1,TSC22D1,0,-0.001581,0.0762
TSC22D1_2,TSC22D1,0,4.844e-05,0.2355
TSC22D1_3,TSC22D1,0,-0.007375,0.1456
TSC22D1_4,TSC22D1,0,0.002344,0.08833
TSC22D1_5,TSC22D1,0,-0.04345,0.1849
TSC22D1_6,TSC22D1,0,-0.002908,0.1405
TSC22D2_1,TSC22D2,0,-0.004513,0.1619
TSC22D2_2,TSC22D2,0,-0.004193,0.1087
TSC22D2_3,TSC22D2,0,-0.001756,0.1782
TSC22D2_4,TSC22D2,0,-0.01059,0.2751
TSC22D2_5,TSC22D2,0,0.003963,0.1225
TSC22D2_6,TSC22D2,0,0.002911,0.0578
TSC22D3_1,TSC22D3,0,-0.01933,0.1264
TSC22D3_2,TSC22D3,0,-0.01055,0.1495
TSC22D3_3,TSC22D3,0,-0.008542,0.273
TSC22D3_4,TSC22D3,0,0.003753,0.1293
TSC22D3_5,TSC22D3,0,-0.007445,0.1791
TSC22D3_6,TSC22D3,0,-0.0002265,0.09211
TSC22D4_1,TSC22D4,0,-0.0006745,0.1764
TSC22D4_2,TSC22D4,0,-3.164e-05,0.1673
TSC22D4_3,TSC22D4,0,0.02844,0.253
TSC22D4_4,TSC22D4,0,-0.01921,0.2267
TSC22D4_5,TSC22D4,0,0.002705,0.1068
TSC22D4_6,TSC22D4,0,-0.007599,0.09916
TSHZ1_1,TSHZ1,0,-0.004056,0.2128
TSHZ1_2,TSHZ1,0,-0.01575,0.2475
TSHZ1_3,TSHZ1,0,0.0006853,0.1409
TSHZ1_4,TSHZ1,0,-0.003348,0.09872
TSHZ1_5,TSHZ1,0,-0.03848,0.2669
TSHZ1_6,TSHZ1,0,-0.00194,0.105
TSHZ2_1,TSHZ2,0,-0.006466,0.132
TSHZ2_2,TSHZ2,0,-0.009907,0.1308
TSHZ2_3,TSHZ2,0,-0.01096,0.1134
TSHZ2_4,TSHZ2,0,0.009365,0.1829
TSHZ2_5,TSHZ2,0,-0.001798,0.1432
TSHZ2_6,TSHZ2,0,0.002043,0.1156
TSHZ3_1,TSHZ3,0,0.01421,0.1242
TSHZ3_2,TSHZ3,0,-0.01216,0.1797
TSHZ3_3,TSHZ3,0,-0.02021,0.1553
TSHZ3_4,TSHZ3,0,-0.0006674,0.1857
TSHZ3_5,TSHZ3,0,-0.009004,0.1081
TSHZ3_6,TSHZ3,0,-0.007677,0.163
TTF1_1,TTF1,0,-0.03284,0.3475
TTF1_2,TTF1,0,-0.009844,0.1713
TTF1_3,TTF1,0,-0.01053,0.1171
TTF1_4,TTF1,0,-0.02028,0.1523
TTF1_5,TTF1,0,-0.002831,0.0701
TTF1_6,TTF1,0,0.001912,0.0831
TUB_1,TUB,0,-0.006871,0.1649
TUB_2,TUB,0,-0.01373,0.2481
TUB_3,TUB,0,-0.008199,0.1771
TUB_4,TUB,0,-0.002063,0.1679
TUB_5,TUB,0,-0.005219,0.05252
TUB_6,TUB,0,-0.01379,0.1062
TULP1_1,TULP1,0,0.0003922,0.2643
TULP1_2,TULP1,0,-0.0003892,0.147
TULP1_3,TULP1,0,-0.01321,0.1751
TULP1_4,TULP1,0,0.004197,0.1537
TULP1_5,TULP1,0,0.004085,0.1516
TULP1_6,TULP1,0,0.004862,0.06229
TULP2_1,TULP2,0,-0.0004922,0.1214
TULP2_2,TULP2,0,-0.07382,0.3187
TULP2_3,TULP2,0,-0.01647,0.2206
TULP2_4,TULP2,0,-0.003425,0.1626
TULP2_5,TULP2,0,-0.0005654,0.179
TULP2_6,TULP2,0,0.001375,0.1133
TULP3_P1_1,TULP3,0,-0.002989,0.1251
TULP3_P1_2,TULP3,0,-0.01615,0.2834
TULP3_P1_3,TULP3,0,-0.008325,0.2063
TULP3_P1_4,TULP3,0,0.006686,0.1126
TULP3_P1_5,TULP3,0,-0.01657,0.156
TULP3_P1_6,TULP3,0,-0.00372,0.09864
TULP3_P2_1,TULP3,0,-0.0008692,0.1168
TULP3_P2_2,TULP3,0,-0.007458,0.159
TULP3_P2_3,TULP3,0,-0.009264,0.2045
TULP3_P2_4,TULP3,0,-0.00482,0.125
TULP3_P2_5,TULP3,0,-0.003776,0.09877
TULP3_P2_6,TULP3,0,0.004103,0.08225
TULP4_1,TULP4,0,-0.00612,0.1601
TULP4_2,TULP4,0,-0.007412,0.1855
TULP4_3,TULP4,0,0.0004745,0.2121
TULP4_4,TULP4,0,-0.0009273,0.1968
TULP4_5,TULP4,0,-0.001499,0.06903
TULP4_6,TULP4,0,-0.003517,0.09586
TWIST1_1,TWIST1,0,-0.0005526,0.07282
TWIST1_2,TWIST1,0,-0.01561,0.2039
TWIST1_3,TWIST1,0,-0.02774,0.2079
TWIST1_4,TWIST1,0,-0.01699,0.1938
TWIST1_5,TWIST1,0,-0.005381,0.1075
TWIST1_6,TWIST1,0,-0.01743,0.1549
TWIST2_1,TWIST2,0,-0.01117,0.1744
TWIST2_2,TWIST2,0,0.00696,0.1121
TWIST2_3,TWIST2,0,-0.002157,0.3126
TWIST2_4,TWIST2,0,0.001568,0.09094
TWIST2_5,TWIST2,0,-0.003669,0.09128
TWIST2_6,TWIST2,0,0.001758,0.1225
T_1,T,0,-0.007216,0.1652
T_2,T,0,-0.0003935,0.09787
T_3,T,0,-0.02709,0.1914
T_4,T,0,-0.0001018,0.1641
T_5,T,0,0.00355,0.09625
T_6,T,0,0.0005408,0.05996
UBN1_1,UBN1,0,-0.007327,0.1677
UBN1_2,UBN1,0,-0.01053,0.1316
UBN1_3,UBN1,0,-0.01202,0.1355
UBN1_4,UBN1,0,-0.01241,0.2288
UBN1_5,UBN1,0,-0.00229,0.08058
UBN1_6,UBN1,0,-0.005162,0.08897
UBP1_1,UBP1,0,-0.01028,0.1114
UBP1_2,UBP1,0,-0.00728,0.1394
UBP1_3,UBP1,0,-0.01412,0.2575
UBP1_4,UBP1,0,-0.02687,0.3228
UBP1_5,UBP1,0,-0.0286,0.2023
UBP1_6,UBP1,0,-0.002902,0.08702
UBTF_1,UBTF,0,-0.01233,0.2162
UBTF_2,UBTF,0,0.0005936,0.1166
UBTF_3,UBTF,0,-0.005121,0.176
UBTF_4,UBTF,0,-0.01894,0.2648
UBTF_5,UBTF,0,0.000116,0.06088
UBTF_6,UBTF,0,-0.01161,0.1022
UNCX_1,UNCX,0,-0.01675,0.2553
UNCX_2,UNCX,0,-0.01354,0.1322
UNCX_3,UNCX,0,-0.01373,0.1449
UNCX_4,UNCX,0,-0.004411,0.127
UNCX_5,UNCX,0,-0.0009976,0.0693
UNCX_6,UNCX,0,-0.0008697,0.09765
UNKL_1,UNKL,0,-0.0156,0.1582
UNKL_2,UNKL,0,0.02424,0.1994
UNKL_3,UNKL,0,-0.03464,0.2546
UNKL_4,UNKL,0,8.918e-05,0.1455
UNKL_5,UNKL,0,0.0001002,0.03637
UNKL_6,UNKL,0,-0.004492,0.07865
USF1_1,USF1,0,-0.02093,0.1645
USF1_2,USF1,0,0.002277,0.1121
USF1_3,USF1,0,-0.1263,0.4521
USF1_4,USF1,0,-0.05085,0.2787
USF1_5,USF1,0,-0.01046,0.1695
USF1_6,USF1,0,-0.004671,0.1276
USF2_1,USF2,0,-0.01352,0.1306
USF2_2,USF2,0,-0.01177,0.1957
USF2_3,USF2,0,-0.008761,0.09678
USF2_4,USF2,0,-0.02311,0.3271
USF2_5,USF2,0,0.006466,0.09094
USF2_6,USF2,0,-0.007023,0.09283
VAV1_1,VAV1,0,-0.002822,0.1343
VAV1_2,VAV1,0,-0.007301,0.2248
VAV1_3,VAV1,0,-0.0002345,0.2431
VAV1_4,VAV1,0,-0.0197,0.1809
VAV1_5,VAV1,0,-0.006917,0.1244
VAV1_6,VAV1,0,-0.2116,0.4893
VAX1_1,VAX1,0,-0.003738,0.1644
VAX1_2,VAX1,0,-0.005604,0.1541
VAX1_3,VAX1,0,-0.0109,0.1376
VAX1_4,VAX1,0,-0.01229,0.1297
VAX1_5,VAX1,0,-0.004898,0.09595
VAX1_6,VAX1,0,0.0003655,0.1307
VAX2_1,VAX2,0,-0.01524,0.1286
VAX2_2,VAX2,0,0.003824,0.1533
VAX2_3,VAX2,0,-0.01256,0.1546
VAX2_4,VAX2,0,-0.01289,0.1649
VAX2_5,VAX2,0,-0.01372,0.1657
VAX2_6,VAX2,0,-0.002332,0.1023
VDR_1,VDR,0,-0.003389,0.09417
VDR_2,VDR,0,-0.03992,0.2985
VDR_3,VDR,0,-0.03818,0.3179
VDR_4,VDR,0,-0.03272,0.2078
VDR_5,VDR,0,-0.005878,0.09
VDR_6,VDR,0,-0.002373,0.06083
VENTX_1,VENTX,0,-0.006913,0.1342
VENTX_2,VENTX,0,-0.02229,0.2249
VENTX_3,VENTX,0,-0.03449,0.2159
VENTX_4,VENTX,0,-0.002452,0.111
VENTX_5,VENTX,0,-0.03001,0.1868
VENTX_6,VENTX,0,-0.02984,0.228
VEZF1_1,VEZF1,1,0.000351,0.1249
VEZF1_2,VEZF1,1,-0.003243,0.1497
VEZF1_3,VEZF1,1,0.004785,0.07148
VEZF1_4,VEZF1,0,0.004499,0.09424
VEZF1_5,VEZF1,0,0.0005755,0.07387
VEZF1_6,VEZF1,0,-0.0008784,0.08264
VPS72_3,VPS72,0,-0.001107,0.1468
VPS72_4,VPS72,0,-0.02632,0.2517
VPS72_5,VPS72,0,-0.04006,0.2595
VPS72_6,VPS72,0,-0.001191,0.1827
VSX1_1,VSX1,0,-0.03763,0.2777
VSX1_2,VSX1,0,0.002149,0.2905
VSX1_3,VSX1,0,-0.02089,0.2
VSX1_4,VSX1,0,-0.02957,0.2571
VSX1_5,VSX1,0,-0.004789,0.08557
VSX1_6,VSX1,0,-0.01679,0.1216
VSX2_1,VSX2,0,-0.001333,0.2398
VSX2_2,VSX2,0,0.006066,0.1857
VSX2_3,VSX2,0,-0.02854,0.2326
VSX2_4,VSX2,0,-0.01256,0.1619
VSX2_5,VSX2,0,0.004319,0.1451
VSX2_6,VSX2,0,-0.006364,0.1702
VTN_1|SEBOX_1,VTN|SEBOX,0,-0.001511,0.06235
VTN_2|SEBOX_2,VTN|SEBOX,0,0.005187,0.0964
VTN_3|SEBOX_3,VTN|SEBOX,0,0.0009031,0.1122
VTN_4|SEBOX_4,VTN|SEBOX,0,0.005571,0.1193
VTN_5|SEBOX_5,VTN|SEBOX,0,0.001735,0.09148
VTN_6|SEBOX_6,VTN|SEBOX,0,-0.00493,0.09946
WDHD1_1,WDHD1,0,-0.0618,0.2871
WDHD1_2,WDHD1,0,-0.1406,0.4146
WDHD1_3,WDHD1,0,-0.009075,0.1808
WDHD1_4,WDHD1,0,-0.02287,0.1942
WDHD1_5,WDHD1,0,0.0006308,0.104
WDHD1_6,WDHD1,0,-0.003264,0.1167
WDR82_1,WDR82,0,-0.03494,0.2507
WDR82_2,WDR82,0,-0.02979,0.2586
WDR82_3,WDR82,0,-0.01553,0.2402
WDR82_4,WDR82,0,-0.006813,0.177
WDR82_5,WDR82,0,-0.001542,0.05578
WDR82_6,WDR82,0,0.01473,0.1308
WHSC1_1,WHSC1,0,-0.02455,0.2116
WHSC1_2,WHSC1,0,-0.007343,0.08698
WHSC1_3,WHSC1,0,-0.1406,0.5313
WHSC1_4,WHSC1,0,-0.006294,0.122
WHSC1_5,WHSC1,0,-0.004501,0.1212
WHSC1_6,WHSC1,0,-0.01845,0.1442
WIZ_1,WIZ,0,-0.01124,0.1618
WIZ_2,WIZ,0,0.002303,0.08386
WIZ_3,WIZ,0,-0.03222,0.2491
WIZ_4,WIZ,0,-0.07176,0.3463
WIZ_5,WIZ,0,0.006134,0.07524
WIZ_6,WIZ,0,-0.007921,0.1055
WNK1_1,WNK1,0,-0.01198,0.1885
WNK1_2,WNK1,0,-0.01093,0.2276
WNK1_3,WNK1,0,-9.023e-06,0.1003
WNK1_4,WNK1,0,-0.05468,0.3994
WNK1_5,WNK1,0,-0.0001601,0.08373
WNK1_6,WNK1,0,-0.01577,0.1054
WT1_1,WT1,0,-0.00945,0.1476
WT1_2,WT1,0,-0.01249,0.1452
WT1_3,WT1,0,0.0004133,0.156
WT1_4,WT1,0,-0.002811,0.3502
WT1_5,WT1,0,-0.001429,0.09831
WT1_6,WT1,0,-0.005637,0.1148
XBP1_1,XBP1,0,-0.03302,0.1918
XBP1_2,XBP1,0,0.009915,0.1136
XBP1_3,XBP1,0,-0.003616,0.1593
XBP1_4,XBP1,0,-0.02802,0.1573
XBP1_5,XBP1,0,-0.001266,0.08727
XBP1_6,XBP1,0,0.00513,0.1121
XPA_1,XPA,0,-0.004867,0.1297
XPA_2,XPA,0,-0.005919,0.1696
XPA_3,XPA,0,-0.01958,0.2318
XPA_4,XPA,0,-0.02774,0.3029
XPA_5,XPA,0,-0.004862,0.1695
XPA_6,XPA,0,-0.004402,0.2053
XRCC5_1,XRCC5,0,-0.01107,0.1561
XRCC5_2,XRCC5,0,0.008154,0.3405
XRCC5_3,XRCC5,0,-0.004558,0.1679
XRCC5_5,XRCC5,0,-0.01079,0.1625
XRCC5_6,XRCC5,0,-0.006762,0.07604
XRCC6_1,XRCC6,0,-0.07834,0.5481
XRCC6_2,XRCC6,0,-0.01372,0.2931
XRCC6_3,XRCC6,0,-0.007122,0.06522
XRCC6_4,XRCC6,0,0.005819,0.1579
XRCC6_5,XRCC6,0,-0.006315,0.08891
XRCC6_6,XRCC6,0,-0.006213,0.08325
YAF2_1,YAF2,0,-0.01016,0.1491
YAF2_2,YAF2,0,-0.00701,0.1924
YAF2_3,YAF2,0,-0.007351,0.1881
YAF2_4,YAF2,0,0.005835,0.1777
YAF2_5,YAF2,0,-0.007421,0.08637
YAF2_6,YAF2,0,-0.004735,0.1053
YAP1_1,YAP1,0,-0.002171,0.1066
YAP1_2,YAP1,0,-0.127,0.5604
YAP1_3,YAP1,0,-0.01389,0.1566
YAP1_4,YAP1,0,-0.03092,0.3103
YAP1_5,YAP1,0,-0.008876,0.1163
YAP1_6,YAP1,0,-0.01496,0.1022
YBX1_1,YBX1,0,-0.01185,0.191
YBX1_2,YBX1,0,0.01226,0.1772
YBX1_3,YBX1,0,-0.008529,0.1627
YBX1_4,YBX1,0,0.0005223,0.1839
YBX1_5,YBX1,0,-0.02547,0.1957
YBX1_6,YBX1,0,8.044e-05,0.0828
YBX2_1,YBX2,0,0.001944,0.2073
YBX2_2,YBX2,0,-0.01517,0.158
YBX2_3,YBX2,0,-0.01201,0.2126
YBX2_4,YBX2,0,-0.03607,0.2388
YBX2_5,YBX2,0,-0.01594,0.1518
YBX2_6,YBX2,0,-0.0003528,0.05879
YBX3_1,YBX3,0,-0.02212,0.1693
YBX3_2,YBX3,0,-0.00705,0.1314
YBX3_3,YBX3,0,-0.01981,0.1997
YBX3_4,YBX3,0,-0.00547,0.175
YBX3_5,YBX3,0,0.002444,0.1143
YBX3_6,YBX3,0,-0.01116,0.1674
YEATS2_1,YEATS2,0,0.01657,0.1495
YEATS2_2,YEATS2,0,-0.02414,0.1854
YEATS2_3,YEATS2,0,-0.03411,0.2299
YEATS2_4,YEATS2,0,-0.001155,0.09716
YEATS2_5,YEATS2,0,-0.009549,0.1123
YEATS2_6,YEATS2,0,-0.004205,0.1039
YWHAE_1,YWHAE,0,-0.003075,0.1293
YWHAE_2,YWHAE,0,-0.004868,0.07429
YWHAE_3,YWHAE,0,-0.01949,0.1654
YWHAE_4,YWHAE,0,-0.009249,0.09296
YWHAE_5,YWHAE,0,0.003468,0.1053
YWHAE_6,YWHAE,0,0.003772,0.1208
YWHAZ_1,YWHAZ,0,-0.01615,0.1661
YWHAZ_2,YWHAZ,0,-0.01584,0.1333
YWHAZ_3,YWHAZ,0,-0.03042,0.3253
YWHAZ_4,YWHAZ,0,0.01418,0.1791
YWHAZ_5,YWHAZ,0,-0.002129,0.1148
YWHAZ_6,YWHAZ,0,-0.01075,0.1346
YY1_1,YY1,0,-0.007263,0.11
YY1_2,YY1,0,-0.003806,0.1292
YY1_3,YY1,0,-0.04507,0.2351
YY1_4,YY1,0,-0.0184,0.1348
YY1_5,YY1,0,0.001947,0.07348
YY1_6,YY1,0,-0.002671,0.1082
YY2_1,YY2,0,0.0007257,0.1115
YY2_2,YY2,0,0.004954,0.1228
YY2_3,YY2,0,-0.006275,0.09808
YY2_4,YY2,0,-0.01138,0.2393
YY2_5,YY2,0,-0.001415,0.072
YY2_6,YY2,0,-0.002732,0.151
ZBED1_1,ZBED1,0,-0.0163,0.3661
ZBED1_2,ZBED1,0,-0.006689,0.1984
ZBED1_3,ZBED1,0,-0.03122,0.2495
ZBED1_4,ZBED1,0,-0.01659,0.2868
ZBED1_5,ZBED1,0,0.001117,0.08295
ZBED1_6,ZBED1,0,-0.004461,0.1599
ZBED2_1,ZBED2,0,-0.01009,0.07543
ZBED2_2,ZBED2,0,-0.01948,0.2421
ZBED2_3,ZBED2,0,-0.04289,0.208
ZBED2_4,ZBED2,0,0.003129,0.1471
ZBED2_5,ZBED2,0,-0.01144,0.1664
ZBED2_6,ZBED2,0,0.001311,0.09035
ZBED3_1,ZBED3,0,0.001464,0.1372
ZBED3_2,ZBED3,0,0.00617,0.1516
ZBED3_3,ZBED3,0,-0.05444,0.4483
ZBED3_4,ZBED3,0,0.0006299,0.09337
ZBED3_5,ZBED3,0,-0.0004752,0.07415
ZBED3_6,ZBED3,0,-0.007231,0.1034
ZBED4_1,ZBED4,0,-0.002013,0.1272
ZBED4_2,ZBED4,0,-0.01711,0.2126
ZBED4_3,ZBED4,0,-0.0226,0.2038
ZBED4_4,ZBED4,0,0.01262,0.3348
ZBED4_5,ZBED4,0,0.0006531,0.06858
ZBED4_6,ZBED4,0,-0.005009,0.1569
ZBED5_1,ZBED5,0,-0.01653,0.2011
ZBED5_2,ZBED5,0,-0.0139,0.2206
ZBED5_3,ZBED5,0,-0.006773,0.09699
ZBED5_4,ZBED5,0,0.009726,0.1121
ZBED5_5,ZBED5,0,-0.009012,0.1198
ZBED5_6,ZBED5,0,0.005913,0.09629
ZBED6_1,ZBED6,0,-0.0008475,0.1134
ZBED6_2,ZBED6,0,-0.009568,0.1089
ZBED6_3,ZBED6,0,-0.0405,0.2488
ZBED6_4,ZBED6,0,-0.002615,0.1432
ZBTB10_1,ZBTB10,0,-0.01184,0.2332
ZBTB10_2,ZBTB10,1,-0.008859,0.227
ZBTB10_3,ZBTB10,0,-0.1639,0.5175
ZBTB10_4,ZBTB10,0,0.01733,0.2127
ZBTB10_5,ZBTB10,1,0.001941,0.1088
ZBTB10_6,ZBTB10,1,-0.002996,0.152
ZBTB11_1,ZBTB11,0,-0.01387,0.1826
ZBTB11_2,ZBTB11,0,0.01098,0.3179
ZBTB11_3,ZBTB11,0,-0.004161,0.05332
ZBTB11_4,ZBTB11,0,-0.004663,0.1443
ZBTB11_5,ZBTB11,0,0.0007289,0.1219
ZBTB11_6,ZBTB11,0,0.001214,0.04738
ZBTB12_1,ZBTB12,0,-0.01438,0.188
ZBTB12_2,ZBTB12,0,0.008252,0.1043
ZBTB12_3,ZBTB12,0,-0.01663,0.2336
ZBTB12_4,ZBTB12,0,-0.00536,0.1449
ZBTB12_5,ZBTB12,0,-0.006334,0.05888
ZBTB12_6,ZBTB12,0,0.0004907,0.1242
ZBTB14_1,ZBTB14,0,-0.01976,0.1381
ZBTB14_2,ZBTB14,0,-0.01802,0.2947
ZBTB14_3,ZBTB14,0,-0.01284,0.2474
ZBTB14_4,ZBTB14,0,-0.005766,0.1357
ZBTB14_5,ZBTB14,0,-0.003749,0.1206
ZBTB14_6,ZBTB14,0,-0.01071,0.09616
ZBTB16_1,ZBTB16,0,-0.2728,0.6082
ZBTB16_2,ZBTB16,0,-0.02702,0.161
ZBTB16_3,ZBTB16,0,-0.009336,0.2417
ZBTB16_4,ZBTB16,0,-0.01106,0.158
ZBTB16_5,ZBTB16,0,-0.002565,0.08311
ZBTB16_6,ZBTB16,0,0.007073,0.08867
ZBTB17_1,ZBTB17,0,-0.227,0.5725
ZBTB17_2,ZBTB17,0,-0.04089,0.2263
ZBTB17_3,ZBTB17,0,-0.0154,0.1491
ZBTB17_4,ZBTB17,0,-0.01546,0.1523
ZBTB17_5,ZBTB17,0,-0.001353,0.06735
ZBTB17_6,ZBTB17,0,0.003127,0.09288
ZBTB18_1,ZBTB18,0,-0.006538,0.1247
ZBTB18_2,ZBTB18,0,-0.00418,0.1134
ZBTB18_3,ZBTB18,0,-0.004857,0.1242
ZBTB18_4,ZBTB18,0,-0.004303,0.07867
ZBTB18_5,ZBTB18,0,-0.004038,0.1174
ZBTB18_6,ZBTB18,0,-0.0007549,0.103
ZBTB1_1,ZBTB1,0,-0.01727,0.1977
ZBTB1_2,ZBTB1,0,-0.006289,0.1114
ZBTB1_3,ZBTB1,0,-0.02697,0.2059
ZBTB1_4,ZBTB1,0,-0.005805,0.2484
ZBTB1_5,ZBTB1,0,0.006871,0.1542
ZBTB1_6,ZBTB1,0,-0.002727,0.06637
ZBTB20_P1_1,ZBTB20,0,-0.003809,0.1231
ZBTB20_P1_2,ZBTB20,0,-0.001765,0.06535
ZBTB20_P1_3,ZBTB20,0,-0.02455,0.2207
ZBTB20_P1_4,ZBTB20,0,-0.0144,0.1728
ZBTB20_P1_5,ZBTB20,0,-0.007947,0.07123
ZBTB20_P1_6,ZBTB20,0,-0.007175,0.08105
ZBTB20_P2_1,ZBTB20,0,-0.02016,0.1223
ZBTB20_P2_2,ZBTB20,0,-0.01517,0.2044
ZBTB20_P2_3,ZBTB20,0,-0.01609,0.2398
ZBTB20_P2_4,ZBTB20,0,-0.00778,0.1385
ZBTB20_P2_5,ZBTB20,0,-0.002496,0.1518
ZBTB20_P2_6,ZBTB20,0,-0.004783,0.08157
ZBTB21_1,ZBTB21,0,-0.004076,0.1411
ZBTB21_2,ZBTB21,0,-0.009197,0.1303
ZBTB21_3,ZBTB21,0,-0.003104,0.1391
ZBTB21_4,ZBTB21,0,-0.01058,0.1232
ZBTB21_5,ZBTB21,0,-0.008579,0.113
ZBTB21_6,ZBTB21,0,-0.002009,0.125
ZBTB22_1,ZBTB22,0,-0.03058,0.1614
ZBTB22_2,ZBTB22,0,-0.01445,0.1337
ZBTB22_3,ZBTB22,0,0.002858,0.1012
ZBTB22_4,ZBTB22,0,0.001256,0.2204
ZBTB22_5,ZBTB22,0,-0.001851,0.05928
ZBTB22_6,ZBTB22,0,-0.01931,0.1281
ZBTB24_1,ZBTB24,0,-0.002315,0.1236
ZBTB24_2,ZBTB24,0,-0.01067,0.1105
ZBTB24_3,ZBTB24,0,0.004789,0.1478
ZBTB24_4,ZBTB24,0,-0.02778,0.2464
ZBTB24_5,ZBTB24,0,-0.00316,0.09437
ZBTB24_6,ZBTB24,0,-0.005308,0.1243
ZBTB25_1,ZBTB25,0,-0.003958,0.1714
ZBTB25_2,ZBTB25,0,-4.295e-05,0.1155
ZBTB25_3,ZBTB25,0,-0.006363,0.1204
ZBTB25_4,ZBTB25,0,0.0001973,0.101
ZBTB25_5,ZBTB25,0,-0.01864,0.1204
ZBTB25_6,ZBTB25,0,-0.01379,0.09862
ZBTB26_1,ZBTB26,0,-0.03489,0.3059
ZBTB26_2,ZBTB26,0,0.00332,0.1277
ZBTB26_3,ZBTB26,0,0.0002477,0.149
ZBTB26_4,ZBTB26,0,-0.01619,0.2063
ZBTB26_5,ZBTB26,0,-0.02191,0.142
ZBTB26_6,ZBTB26,0,2.811e-05,0.1001
ZBTB2_1,ZBTB2,0,2.483e-05,0.1472
ZBTB2_2,ZBTB2,0,0.002181,0.1416
ZBTB2_3,ZBTB2,0,-0.03842,0.3271
ZBTB2_5,ZBTB2,0,-0.00307,0.09406
ZBTB2_6,ZBTB2,0,0.0005191,0.1294
ZBTB32_1,ZBTB32,0,-0.01036,0.1223
ZBTB32_2,ZBTB32,0,-0.01726,0.1751
ZBTB32_3,ZBTB32,0,-0.02407,0.1841
ZBTB32_4,ZBTB32,0,0.008984,0.196
ZBTB32_5,ZBTB32,0,-0.008099,0.1467
ZBTB32_6,ZBTB32,0,-0.0006118,0.102
ZBTB33_1,ZBTB33,0,-0.01958,0.149
ZBTB33_2,ZBTB33,0,-0.01226,0.1643
ZBTB33_3,ZBTB33,0,-0.005804,0.1954
ZBTB33_4,ZBTB33,0,-0.01533,0.1133
ZBTB33_5,ZBTB33,0,-0.00365,0.1259
ZBTB33_6,ZBTB33,0,0.004156,0.09501
ZBTB34_1,ZBTB34,0,-0.004812,0.1872
ZBTB34_2,ZBTB34,0,-0.008132,0.1837
ZBTB34_3,ZBTB34,0,-0.04024,0.282
ZBTB34_4,ZBTB34,0,-0.0316,0.2357
ZBTB34_5,ZBTB34,0,-0.005777,0.1442
ZBTB34_6,ZBTB34,0,-0.008595,0.1813
ZBTB37_1,ZBTB37,0,-0.01662,0.1895
ZBTB37_2,ZBTB37,0,-0.007406,0.1109
ZBTB37_3,ZBTB37,0,0.002176,0.1822
ZBTB37_4,ZBTB37,0,-0.01271,0.266
ZBTB37_5,ZBTB37,0,-8.652e-06,0.06906
ZBTB37_6,ZBTB37,0,-0.001095,0.1657
ZBTB38_P1_1,ZBTB38,0,-0.01092,0.1824
ZBTB38_P1_2,ZBTB38,0,-0.03738,0.2293
ZBTB38_P1_3,ZBTB38,0,0.003455,0.1983
ZBTB38_P1_4,ZBTB38,0,-0.007483,0.1474
ZBTB38_P1_5,ZBTB38,0,0.002401,0.09232
ZBTB38_P1_6,ZBTB38,0,0.00196,0.09731
ZBTB38_P2_1,ZBTB38,0,-0.01133,0.1819
ZBTB38_P2_2,ZBTB38,0,-0.019,0.1786
ZBTB38_P2_3,ZBTB38,0,-0.01064,0.1451
ZBTB38_P2_4,ZBTB38,0,-0.009753,0.1275
ZBTB38_P2_5,ZBTB38,0,-0.008962,0.1545
ZBTB38_P2_6,ZBTB38,0,-0.008407,0.1776
ZBTB39_1,ZBTB39,0,-0.00973,0.1735
ZBTB39_2,ZBTB39,0,-0.02289,0.1902
ZBTB39_3,ZBTB39,0,-0.00489,0.1459
ZBTB39_4,ZBTB39,0,-0.002032,0.1317
ZBTB39_5,ZBTB39,0,-0.01111,0.1902
ZBTB39_6,ZBTB39,0,-0.01568,0.1661
ZBTB3_1,ZBTB3,0,-0.01847,0.136
ZBTB3_2,ZBTB3,0,-0.001728,0.1606
ZBTB3_3,ZBTB3,0,-0.004157,0.1787
ZBTB3_4,ZBTB3,0,-0.002968,0.1664
ZBTB3_5,ZBTB3,0,-0.01244,0.09559
ZBTB3_6,ZBTB3,0,0.003268,0.1404
ZBTB40_1,ZBTB40,0,0.002728,0.1195
ZBTB40_2,ZBTB40,0,-0.01249,0.122
ZBTB40_3,ZBTB40,0,-0.001258,0.083
ZBTB40_4,ZBTB40,0,-0.007445,0.09306
ZBTB40_5,ZBTB40,0,0.0001109,0.08151
ZBTB40_6,ZBTB40,0,-0.009358,0.093
ZBTB41_1,ZBTB41,0,0.002731,0.09709
ZBTB41_2,ZBTB41,0,-0.02087,0.1411
ZBTB41_3,ZBTB41,0,-0.002592,0.07183
ZBTB41_4,ZBTB41,0,-0.009906,0.1529
ZBTB41_5,ZBTB41,0,0.001246,0.08574
ZBTB41_6,ZBTB41,0,-0.005938,0.07894
ZBTB42_1,ZBTB42,0,-0.01196,0.1686
ZBTB42_2,ZBTB42,0,-0.006097,0.2396
ZBTB42_3,ZBTB42,0,-0.004332,0.2605
ZBTB42_4,ZBTB42,0,-0.01273,0.1837
ZBTB42_5,ZBTB42,0,-0.0194,0.1315
ZBTB42_6,ZBTB42,0,0.001212,0.04569
ZBTB43_1,ZBTB43,0,-0.007566,0.1465
ZBTB43_2,ZBTB43,0,-0.00949,0.1469
ZBTB43_3,ZBTB43,0,-0.009026,0.1178
ZBTB43_4,ZBTB43,0,0.01598,0.2314
ZBTB43_5,ZBTB43,0,-0.01463,0.2181
ZBTB43_6,ZBTB43,0,0.007596,0.08398
ZBTB44_1,ZBTB44,0,0.0002905,0.1303
ZBTB44_2,ZBTB44,0,-0.00796,0.1329
ZBTB44_3,ZBTB44,0,-0.03236,0.2243
ZBTB44_4,ZBTB44,0,0.002475,0.1188
ZBTB44_5,ZBTB44,0,-0.0002585,0.08776
ZBTB44_6,ZBTB44,0,-0.01121,0.1433
ZBTB45_1,ZBTB45,0,-0.02043,0.152
ZBTB45_2,ZBTB45,0,0.006372,0.1818
ZBTB45_3,ZBTB45,0,0.004869,0.084
ZBTB45_4,ZBTB45,0,-0.002556,0.2404
ZBTB45_5,ZBTB45,0,-0.0001017,0.06191
ZBTB45_6,ZBTB45,0,-0.004173,0.06556
ZBTB46_1,ZBTB46,0,-0.02284,0.2412
ZBTB46_2,ZBTB46,0,-0.01765,0.2235
ZBTB46_3,ZBTB46,0,-0.03147,0.2346
ZBTB46_4,ZBTB46,0,-0.04647,0.2845
ZBTB46_5,ZBTB46,0,0.002446,0.1073
ZBTB46_6,ZBTB46,0,-0.005326,0.144
ZBTB47_1,ZBTB47,0,-0.009295,0.2175
ZBTB47_2,ZBTB47,0,-0.008041,0.1268
ZBTB47_3,ZBTB47,0,-0.01621,0.162
ZBTB47_4,ZBTB47,0,-0.01141,0.1904
ZBTB47_5,ZBTB47,0,-0.004607,0.07879
ZBTB47_6,ZBTB47,0,-0.0002068,0.09662
ZBTB48_1,ZBTB48,0,-0.009746,0.1232
ZBTB48_2,ZBTB48,0,-0.001703,0.1071
ZBTB48_3,ZBTB48,0,-0.004022,0.2286
ZBTB48_4,ZBTB48,0,-0.06189,0.4293
ZBTB48_5,ZBTB48,0,0.0009419,0.1636
ZBTB48_6,ZBTB48,0,-0.004882,0.09034
ZBTB49_1,ZBTB49,0,-0.009638,0.1306
ZBTB49_2,ZBTB49,0,0.003454,0.1449
ZBTB49_3,ZBTB49,0,0.01018,0.2016
ZBTB49_4,ZBTB49,0,0.002697,0.08809
ZBTB49_5,ZBTB49,0,0.002958,0.1227
ZBTB49_6,ZBTB49,0,-0.008722,0.1448
ZBTB4_P1_1,ZBTB4,0,-0.002472,0.133
ZBTB4_P1_2,ZBTB4,0,-0.00763,0.1125
ZBTB4_P1_3,ZBTB4,1,-0.005167,0.1421
ZBTB4_P1_4,ZBTB4,0,-0.06218,0.4459
ZBTB4_P1_5,ZBTB4,0,-0.004698,0.09064
ZBTB4_P1_6,ZBTB4,0,0.006548,0.1261
ZBTB4_P2_1,ZBTB4,0,-0.1322,0.5771
ZBTB4_P2_2,ZBTB4,0,-0.006862,0.4062
ZBTB4_P2_3,ZBTB4,0,-0.009973,0.1274
ZBTB4_P2_4,ZBTB4,1,-0.01397,0.2402
ZBTB4_P2_5,ZBTB4,0,-0.008992,0.1752
ZBTB4_P2_6,ZBTB4,0,-0.005119,0.1138
ZBTB5_1,ZBTB5,0,0.004043,0.2593
ZBTB5_2,ZBTB5,0,-0.007987,0.1752
ZBTB5_3,ZBTB5,0,0.002697,0.1079
ZBTB5_4,ZBTB5,0,-0.01278,0.1362
ZBTB5_5,ZBTB5,0,-0.001128,0.1155
ZBTB5_6,ZBTB5,0,-0.001651,0.0564
ZBTB6_1,ZBTB6,0,-0.01425,0.1488
ZBTB6_2,ZBTB6,0,-0.03329,0.2062
ZBTB6_3,ZBTB6,0,-0.01754,0.2029
ZBTB6_4,ZBTB6,0,-0.01722,0.1544
ZBTB6_5,ZBTB6,0,-0.002579,0.075
ZBTB6_6,ZBTB6,0,-0.009196,0.1038
ZBTB7A_P1_1,ZBTB7A,0,-0.02657,0.2749
ZBTB7A_P1_2,ZBTB7A,0,-0.01905,0.2125
ZBTB7A_P1_3,ZBTB7A,0,-0.008508,0.167
ZBTB7A_P1_4,ZBTB7A,0,-0.01466,0.1231
ZBTB7A_P1_5,ZBTB7A,0,-0.006049,0.1048
ZBTB7A_P1_6,ZBTB7A,0,-0.02336,0.1834
ZBTB7A_P2_1,ZBTB7A,0,-0.005513,0.1712
ZBTB7A_P2_2,ZBTB7A,0,-0.009672,0.1399
ZBTB7A_P2_3,ZBTB7A,0,-0.04124,0.3655
ZBTB7A_P2_4,ZBTB7A,0,-0.0003615,0.1169
ZBTB7A_P2_5,ZBTB7A,0,-0.0172,0.2494
ZBTB7A_P2_6,ZBTB7A,0,-0.002474,0.0827
ZBTB7B_1,ZBTB7B,0,-0.01654,0.1069
ZBTB7B_2,ZBTB7B,0,-0.01114,0.194
ZBTB7B_3,ZBTB7B,0,-0.009449,0.1151
ZBTB7B_4,ZBTB7B,0,-0.0112,0.1339
ZBTB7B_5,ZBTB7B,0,-0.0001205,0.08546
ZBTB7B_6,ZBTB7B,0,-0.03327,0.2226
ZBTB7C_P1_1,ZBTB7C,0,-0.005536,0.1183
ZBTB7C_P1_2,ZBTB7C,0,-0.00802,0.1864
ZBTB7C_P1_3,ZBTB7C,0,-0.004899,0.222
ZBTB7C_P1_4,ZBTB7C,0,-0.009746,0.1822
ZBTB7C_P1_5,ZBTB7C,0,-0.005214,0.1226
ZBTB7C_P1_6,ZBTB7C,0,-0.003925,0.1019
ZBTB7C_P2_1,ZBTB7C,0,-0.01798,0.1818
ZBTB7C_P2_2,ZBTB7C,0,-0.02274,0.1603
ZBTB7C_P2_3,ZBTB7C,0,-0.008576,0.09618
ZBTB7C_P2_4,ZBTB7C,0,0.00667,0.1007
ZBTB7C_P2_5,ZBTB7C,0,0.0009027,0.09221
ZBTB7C_P2_6,ZBTB7C,0,-0.001159,0.1282
ZBTB8A_1,ZBTB8A,0,-0.002994,0.08994
ZBTB8A_2,ZBTB8A,0,-0.005552,0.1031
ZBTB8A_3,ZBTB8A,0,-0.003233,0.0701
ZBTB8A_4,ZBTB8A,0,-0.01569,0.09527
ZBTB8A_5,ZBTB8A,0,-0.001904,0.09332
ZBTB8A_6,ZBTB8A,0,-0.01052,0.08754
ZBTB8B_1,ZBTB8B,0,0.0008441,0.08248
ZBTB8B_2,ZBTB8B,0,0.003577,0.2391
ZBTB8B_3,ZBTB8B,0,0.001968,0.06315
ZBTB8B_4,ZBTB8B,0,-0.007387,0.1549
ZBTB8B_5,ZBTB8B,0,0.004525,0.1341
ZBTB8B_6,ZBTB8B,0,-0.01232,0.1852
ZBTB9_1,ZBTB9,0,-0.009872,0.1608
ZBTB9_2,ZBTB9,0,-0.0228,0.1668
ZBTB9_3,ZBTB9,0,-0.008928,0.1101
ZBTB9_4,ZBTB9,0,0.0006389,0.115
ZBTB9_5,ZBTB9,0,-0.009842,0.08723
ZBTB9_6,ZBTB9,0,-0.0003281,0.07446
ZC3H11A_1,ZC3H11A,0,-0.002506,0.1501
ZC3H11A_2,ZC3H11A,0,0.001307,0.1424
ZC3H11A_3,ZC3H11A,0,-0.01884,0.2368
ZC3H11A_4,ZC3H11A,0,-0.02545,0.2768
ZC3H11A_5|ZBED6_5,ZC3H11A|ZBED6,0,-0.0004396,0.07524
ZC3H11A_6|ZBED6_6,ZC3H11A|ZBED6,0,-0.006335,0.06639
ZC3H15_1,ZC3H15,0,-0.01012,0.1393
ZC3H15_2,ZC3H15,0,-0.01328,0.1684
ZC3H15_3,ZC3H15,0,-0.007115,0.09918
ZC3H15_4,ZC3H15,0,-0.04079,0.2404
ZC3H15_5,ZC3H15,0,-0.01431,0.09507
ZC3H15_6,ZC3H15,0,0.006557,0.1478
ZC3H3_1,ZC3H3,1,-0.08939,0.4061
ZC3H3_2,ZC3H3,1,-0.004477,0.3303
ZC3H3_3,ZC3H3,1,-0.002133,0.1626
ZC3H3_4,ZC3H3,1,-0.05168,0.2802
ZC3H3_5,ZC3H3,1,-0.007179,0.2165
ZC3H3_6,ZC3H3,0,-0.001908,0.123
ZC3H8_3,ZC3H8,0,-0.1233,0.6169
ZC3H8_4,ZC3H8,0,-0.2936,0.5534
ZC3H8_5,ZC3H8,0,-0.04868,0.2679
ZC3H8_6,ZC3H8,0,-0.06849,0.5395
ZCCHC11_1,ZCCHC11,0,-0.01308,0.1828
ZCCHC11_2,ZCCHC11,0,-0.0009286,0.1845
ZCCHC11_3,ZCCHC11,0,0.0002505,0.2113
ZCCHC11_4,ZCCHC11,0,-0.01108,0.241
ZCCHC11_5,ZCCHC11,0,-0.004939,0.09168
ZCCHC11_6,ZCCHC11,0,-0.0001386,0.1286
ZCCHC6_1,ZCCHC6,0,0.0008941,0.1775
ZCCHC6_2,ZCCHC6,0,-0.01281,0.1327
ZCCHC6_3,ZCCHC6,0,-0.01685,0.3039
ZCCHC6_4,ZCCHC6,0,-0.001456,0.1752
ZCCHC6_5,ZCCHC6,0,-0.001795,0.08449
ZCCHC6_6,ZCCHC6,0,0.005583,0.13
ZEB1_P1_1,ZEB1,0,0.003655,0.1289
ZEB1_P1_2,ZEB1,0,0.004698,0.1096
ZEB1_P1_3,ZEB1,0,0.003892,0.2063
ZEB1_P1_4,ZEB1,0,-0.002444,0.1288
ZEB1_P1_5,ZEB1,0,-0.002236,0.05243
ZEB1_P1_6,ZEB1,0,-0.0004897,0.1271
ZEB1_P2_1,ZEB1,0,-0.0006922,0.1694
ZEB1_P2_2,ZEB1,0,-0.01545,0.2483
ZEB1_P2_3,ZEB1,0,0.005189,0.09296
ZEB1_P2_4,ZEB1,0,-0.000801,0.06327
ZEB1_P2_5,ZEB1,0,0.005566,0.1598
ZEB1_P2_6,ZEB1,0,-0.01783,0.2273
ZEB2_P1_1,ZEB2,0,0.007668,0.1557
ZEB2_P1_2,ZEB2,0,-0.007552,0.2457
ZEB2_P1_3,ZEB2,0,-0.01728,0.2812
ZEB2_P1_4,ZEB2,0,0.00115,0.03947
ZEB2_P1_5,ZEB2,0,1.571e-05,0.05894
ZEB2_P1_6,ZEB2,0,-0.002455,0.1616
ZEB2_P2_1,ZEB2,0,-0.004006,0.1682
ZEB2_P2_2,ZEB2,0,0.002409,0.1289
ZEB2_P2_3,ZEB2,0,-0.01409,0.1834
ZEB2_P2_4,ZEB2,0,-0.0112,0.1643
ZEB2_P2_5,ZEB2,0,0.004487,0.09017
ZEB2_P2_6,ZEB2,0,-0.01143,0.1184
ZFAT_P1_1,ZFAT,0,-0.01455,0.147
ZFAT_P1_2,ZFAT,0,0.00181,0.09802
ZFAT_P1_3,ZFAT,0,-0.02437,0.156
ZFAT_P1_4,ZFAT,0,-0.009045,0.1047
ZFAT_P1_5,ZFAT,0,0.004302,0.09282
ZFAT_P1_6,ZFAT,0,0.0006273,0.09196
ZFAT_P2_1,ZFAT,0,0.006947,0.131
ZFAT_P2_2,ZFAT,0,-0.008754,0.2093
ZFAT_P2_3,ZFAT,0,-0.01689,0.1724
ZFAT_P2_4,ZFAT,0,-0.01929,0.2266
ZFAT_P2_5,ZFAT,0,0.0024,0.1502
ZFAT_P2_6,ZFAT,0,-0.003725,0.07236
ZFHX2_P1_1,ZFHX2,0,-0.001717,0.1476
ZFHX2_P1_2,ZFHX2,0,-0.02587,0.264
ZFHX2_P1_3,ZFHX2,0,-0.0007239,0.1109
ZFHX2_P1_4,ZFHX2,0,-0.005533,0.1214
ZFHX2_P1_5,ZFHX2,0,-0.00261,0.1151
ZFHX2_P1_6,ZFHX2,1,-0.00386,0.1002
ZFHX2_P2_1,ZFHX2,1,-0.003448,0.1051
ZFHX2_P2_2,ZFHX2,0,-0.00871,0.1965
ZFHX2_P2_3,ZFHX2,0,-0.004503,0.09495
ZFHX2_P2_4,ZFHX2,0,-0.007876,0.1865
ZFHX2_P2_5,ZFHX2,0,2.073e-05,0.113
ZFHX2_P2_6,ZFHX2,0,-0.005848,0.07033
ZFHX3_1,ZFHX3,0,0.003313,0.1191
ZFHX3_2,ZFHX3,0,0.003751,0.109
ZFHX3_3,ZFHX3,0,0.01442,0.2188
ZFHX3_4,ZFHX3,0,-0.02995,0.2802
ZFHX3_5,ZFHX3,0,-0.00483,0.08988
ZFHX3_6,ZFHX3,0,0.002884,0.1428
ZFHX4_1,ZFHX4,0,0.0005575,0.1497
ZFHX4_2,ZFHX4,0,0.0004895,0.1222
ZFHX4_3,ZFHX4,0,0.004989,0.1398
ZFHX4_4,ZFHX4,0,-0.002921,0.07404
ZFHX4_5,ZFHX4,0,-0.004236,0.2603
ZFHX4_6,ZFHX4,0,-0.006719,0.1384
ZFP14_1,ZFP14,0,-0.006459,0.14
ZFP14_2,ZFP14,0,-0.01143,0.1366
ZFP14_3,ZFP14,0,-0.01774,0.3649
ZFP14_4,ZFP14,0,-0.01422,0.1636
ZFP14_5,ZFP14,0,0.005653,0.083
ZFP14_6,ZFP14,0,-0.01065,0.07216
ZFP1_1,ZFP1,0,-0.01832,0.1925
ZFP1_2,ZFP1,0,0.00112,0.1751
ZFP1_3,ZFP1,0,0.000908,0.1457
ZFP1_4,ZFP1,0,-0.001088,0.07475
ZFP1_5,ZFP1,0,-0.002396,0.1194
ZFP1_6,ZFP1,0,-0.007482,0.08678
ZFP28_1,ZFP28,0,0.003488,0.1045
ZFP28_2,ZFP28,0,-0.0009324,0.1394
ZFP28_3,ZFP28,0,-0.01109,0.1467
ZFP28_4,ZFP28,0,-0.01072,0.2582
ZFP28_5,ZFP28,0,-0.00812,0.162
ZFP28_6,ZFP28,0,-0.001343,0.09696
ZFP2_1,ZFP2,0,-0.01178,0.1574
ZFP2_2,ZFP2,0,-0.00193,0.1043
ZFP2_3,ZFP2,0,-0.06271,0.3055
ZFP2_4,ZFP2,0,-0.0181,0.284
ZFP2_5,ZFP2,0,-0.007202,0.1178
ZFP2_6,ZFP2,0,0.003549,0.08452
ZFP30_1,ZFP30,0,0.002206,0.1297
ZFP30_2,ZFP30,0,-0.01055,0.1034
ZFP30_3,ZFP30,0,0.000375,0.1381
ZFP30_4,ZFP30,0,-0.007015,0.1633
ZFP30_5,ZFP30,0,-0.01325,0.2296
ZFP30_6,ZFP30,0,0.008089,0.08795
ZFP36L1_P1_1,ZFP36L1,0,0.0001873,0.131
ZFP36L1_P1_2,ZFP36L1,0,-0.01234,0.1744
ZFP36L1_P1_3,ZFP36L1,0,0.004551,0.1454
ZFP36L1_P1_4,ZFP36L1,0,-0.003663,0.2085
ZFP36L1_P1_5,ZFP36L1,0,0.004044,0.138
ZFP36L1_P1_6,ZFP36L1,0,-0.006732,0.1423
ZFP36L1_P2_1,ZFP36L1,0,-0.005135,0.1387
ZFP36L1_P2_2,ZFP36L1,0,0.008757,0.1481
ZFP36L1_P2_3,ZFP36L1,0,-0.02159,0.2547
ZFP36L1_P2_4,ZFP36L1,0,-0.02568,0.1865
ZFP36L1_P2_5,ZFP36L1,0,0.0009211,0.0564
ZFP36L1_P2_6,ZFP36L1,0,-0.06803,0.2868
ZFP36L2_1,ZFP36L2,0,-0.006529,0.177
ZFP36L2_2,ZFP36L2,0,-0.002897,0.1226
ZFP36L2_3,ZFP36L2,0,-0.02387,0.1932
ZFP36L2_4,ZFP36L2,0,-0.04142,0.3137
ZFP36L2_5,ZFP36L2,0,-0.00323,0.06231
ZFP36L2_6,ZFP36L2,0,-0.003212,0.07928
ZFP37_1,ZFP37,0,-0.007836,0.1901
ZFP37_2,ZFP37,0,-0.02326,0.2788
ZFP37_3,ZFP37,0,-0.005083,0.187
ZFP37_4,ZFP37,0,-0.05369,0.3359
ZFP37_5,ZFP37,0,-0.01388,0.1133
ZFP37_6,ZFP37,0,-0.004432,0.1019
ZFP3_1,ZFP3,0,-0.02512,0.1537
ZFP3_2,ZFP3,0,-0.007711,0.1024
ZFP3_3,ZFP3,0,-0.03478,0.214
ZFP3_4,ZFP3,0,0.001106,0.1211
ZFP3_5,ZFP3,0,-0.02363,0.1688
ZFP3_6,ZFP3,0,-0.007437,0.1398
ZFP41_1,ZFP41,0,-0.02001,0.1624
ZFP41_2,ZFP41,0,0.002231,0.1867
ZFP41_3,ZFP41,0,0.006459,0.1716
ZFP41_4,ZFP41,0,-0.01268,0.1062
ZFP41_5,ZFP41,0,-0.0006877,0.1501
ZFP41_6,ZFP41,0,0.006554,0.1798
ZFP42_P1_1,ZFP42,0,-0.01154,0.1326
ZFP42_P1_2,ZFP42,0,-0.01429,0.2365
ZFP42_P1_3,ZFP42,0,-0.001034,0.1602
ZFP42_P1_4,ZFP42,0,-0.008587,0.1493
ZFP42_P1_5,ZFP42,0,-0.05261,0.2659
ZFP42_P1_6,ZFP42,0,0.00173,0.06899
ZFP42_P2_1,ZFP42,0,-0.001831,0.09267
ZFP42_P2_2,ZFP42,0,-0.001096,0.092
ZFP42_P2_3,ZFP42,0,-0.01429,0.2771
ZFP42_P2_4,ZFP42,0,-0.01766,0.2457
ZFP42_P2_5,ZFP42,0,0.0001525,0.1131
ZFP42_P2_6,ZFP42,0,-0.008874,0.08099
ZFP57_1,ZFP57,0,-0.0367,0.3166
ZFP57_2,ZFP57,0,0.001217,0.09146
ZFP57_3,ZFP57,0,-0.005909,0.1531
ZFP57_4,ZFP57,0,-0.005794,0.1655
ZFP57_5,ZFP57,0,-0.009675,0.1993
ZFP57_6,ZFP57,0,-0.001963,0.04114
ZFP62_1,ZFP62,0,-0.00958,0.1173
ZFP62_2,ZFP62,0,-0.02752,0.19
ZFP62_3,ZFP62,0,-0.03154,0.2748
ZFP62_4,ZFP62,0,-0.0104,0.2089
ZFP62_5,ZFP62,0,0.004959,0.1068
ZFP62_6,ZFP62,0,-0.002498,0.04058
ZFP64_1,ZFP64,0,-0.006767,0.1036
ZFP64_2,ZFP64,0,-0.01556,0.1626
ZFP64_3,ZFP64,0,-0.005132,0.1265
ZFP64_4,ZFP64,0,-0.01271,0.1182
ZFP64_5,ZFP64,0,-0.006158,0.1195
ZFP64_6,ZFP64,0,0.005657,0.1298
ZFP69B_1,ZFP69B,0,0.001407,0.2966
ZFP69B_2,ZFP69B,0,0.001277,0.1287
ZFP69B_3,ZFP69B,0,-0.01429,0.1707
ZFP69B_4,ZFP69B,0,-0.005187,0.1531
ZFP69B_5,ZFP69B,0,-0.006198,0.196
ZFP69B_6,ZFP69B,0,0.0003135,0.08436
ZFP69_1,ZFP69,0,-0.01055,0.1268
ZFP69_2,ZFP69,0,-0.01074,0.1833
ZFP69_3,ZFP69,0,-0.002126,0.1065
ZFP69_4,ZFP69,0,-0.02671,0.1751
ZFP69_5,ZFP69,0,-0.01268,0.1515
ZFP69_6,ZFP69,0,-0.01079,0.1162
ZFP82_1,ZFP82,0,0.005457,0.1329
ZFP82_2,ZFP82,0,-0.005488,0.1319
ZFP82_3,ZFP82,0,-0.03756,0.3377
ZFP82_4,ZFP82,0,-0.003781,0.1276
ZFP82_5,ZFP82,0,0.002433,0.0612
ZFP82_6,ZFP82,0,-0.0003143,0.06031
ZFP90_P1_1,ZFP90,0,-0.02141,0.1821
ZFP90_P1_2,ZFP90,0,0.001671,0.1544
ZFP90_P1_3,ZFP90,0,-0.001388,0.1061
ZFP90_P1_4,ZFP90,0,-0.009437,0.1131
ZFP90_P1_5,ZFP90,0,-0.004248,0.07951
ZFP90_P1_6,ZFP90,0,0.0007415,0.08619
ZFP90_P2_1,ZFP90,0,-0.009644,0.1476
ZFP90_P2_2,ZFP90,0,0.00247,0.1623
ZFP90_P2_3,ZFP90,0,0.004981,0.1557
ZFP90_P2_4,ZFP90,0,-0.02052,0.1584
ZFP90_P2_5,ZFP90,0,-0.005471,0.2917
ZFP90_P2_6,ZFP90,0,-0.00385,0.08229
ZFP91_1,ZFP91,0,-0.00962,0.1431
ZFP91_2,ZFP91,0,-0.004781,0.2203
ZFP91_3,ZFP91,0,-0.003208,0.3424
ZFP91_4,ZFP91,0,-0.005421,0.1618
ZFP91_5,ZFP91,0,-0.002231,0.1357
ZFP91_6,ZFP91,0,-0.003302,0.07408
ZFP92_1,ZFP92,0,-0.00931,0.1191
ZFP92_2,ZFP92,0,-0.006374,0.105
ZFP92_3,ZFP92,0,-0.01481,0.1827
ZFP92_4,ZFP92,0,-0.01133,0.1397
ZFP92_5,ZFP92,0,-0.005545,0.1015
ZFP92_6,ZFP92,0,-0.002306,0.1107
ZFPM1_1,ZFPM1,0,-0.1078,0.5634
ZFPM1_2,ZFPM1,0,-0.006718,0.1566
ZFPM1_3,ZFPM1,0,0.003949,0.1253
ZFPM1_4,ZFPM1,0,-0.03334,0.2104
ZFPM1_5,ZFPM1,0,0.0008047,0.1006
ZFPM1_6,ZFPM1,0,-0.001492,0.09426
ZFPM2_1,ZFPM2,0,-0.004303,0.1592
ZFPM2_2,ZFPM2,0,-0.02758,0.2108
ZFPM2_3,ZFPM2,0,-0.01889,0.1519
ZFPM2_4,ZFPM2,0,-0.01632,0.1255
ZFPM2_5,ZFPM2,0,0.006194,0.09132
ZFPM2_6,ZFPM2,0,0.00212,0.08892
ZFX_1,ZFX,0,-0.02667,0.2414
ZFX_2,ZFX,0,-0.008546,0.2047
ZFX_3,ZFX,0,-0.00416,0.1307
ZFX_4,ZFX,0,-0.3229,0.4563
ZFX_5,ZFX,0,-0.006684,0.06611
ZFX_6,ZFX,0,0.006606,0.1111
ZFYVE20_1,ZFYVE20,0,-0.1324,0.4587
ZFYVE20_2,ZFYVE20,0,0.002736,0.1391
ZFYVE20_3,ZFYVE20,0,-0.004817,0.1777
ZFYVE20_4,ZFYVE20,0,-0.01484,0.3421
ZFYVE20_5,ZFYVE20,0,-0.01191,0.1583
ZFYVE20_6,ZFYVE20,0,-0.01405,0.1274
ZFYVE26_1,ZFYVE26,0,-0.005631,0.09329
ZFYVE26_2,ZFYVE26,0,-0.01638,0.1342
ZFYVE26_3,ZFYVE26,0,-0.01031,0.1591
ZFYVE26_4,ZFYVE26,0,0.002165,0.06429
ZFYVE26_5,ZFYVE26,0,-0.005826,0.1265
ZFYVE26_6,ZFYVE26,0,0.003976,0.1764
ZFY_1,ZFY,0,-0.01028,0.1814
ZFY_2,ZFY,0,-0.009109,0.1299
ZFY_3,ZFY,0,-0.02309,0.2551
ZFY_4,ZFY,0,-0.02605,0.1631
ZFY_5,ZFY,0,0.001451,0.08662
ZFY_6,ZFY,0,0.005078,0.1094
ZGLP1_1,ZGLP1,0,-0.01192,0.1672
ZGLP1_2,ZGLP1,0,0.00624,0.09538
ZGLP1_3,ZGLP1,0,-0.02737,0.2286
ZGLP1_4,ZGLP1,0,-0.02195,0.2731
ZGLP1_5,ZGLP1,0,-0.001085,0.1241
ZGLP1_6,ZGLP1,0,-0.0123,0.2152
ZGPAT_1,ZGPAT,0,-0.008171,0.153
ZGPAT_2,ZGPAT,0,-0.009717,0.2325
ZGPAT_3,ZGPAT,0,-0.01849,0.1588
ZGPAT_4,ZGPAT,0,0.002433,0.07043
ZGPAT_5,ZGPAT,0,-0.002609,0.06267
ZGPAT_6,ZGPAT,0,-0.003849,0.07862
ZHX1_1,ZHX1,0,-0.008671,0.1122
ZHX1_2,ZHX1,0,-0.004242,0.2286
ZHX1_3,ZHX1,0,-0.00945,0.1005
ZHX1_4,ZHX1,0,-0.02515,0.2399
ZHX1_5,ZHX1,0,-0.002782,0.1093
ZHX1_6,ZHX1,0,0.01144,0.1436
ZHX2_1,ZHX2,0,-0.003285,0.09221
ZHX2_2,ZHX2,0,-0.01668,0.2367
ZHX2_3,ZHX2,0,0.00742,0.1055
ZHX2_4,ZHX2,0,-0.002392,0.137
ZHX2_5,ZHX2,0,-0.01102,0.2221
ZHX2_6,ZHX2,0,-0.003424,0.1734
ZHX3_1,ZHX3,0,0.002244,0.1193
ZHX3_2,ZHX3,0,-0.02145,0.4045
ZHX3_3,ZHX3,0,-0.009687,0.1348
ZHX3_4,ZHX3,0,-0.152,0.5827
ZHX3_5,ZHX3,0,-0.001959,0.09902
ZHX3_6,ZHX3,0,0.0004681,0.07
ZIC1_1,ZIC1,0,0.002185,0.1632
ZIC1_2,ZIC1,0,-0.005005,0.1422
ZIC1_3,ZIC1,0,-0.01213,0.2152
ZIC1_4,ZIC1,0,-0.2849,0.5109
ZIC1_5,ZIC1,0,-0.001716,0.0634
ZIC1_6,ZIC1,0,-0.02802,0.4269
ZIC2_1,ZIC2,0,-0.01412,0.1209
ZIC2_2,ZIC2,0,-0.006638,0.1181
ZIC2_3,ZIC2,0,-0.2576,0.6723
ZIC2_4,ZIC2,0,-0.02192,0.2773
ZIC2_5,ZIC2,0,0.002765,0.08653
ZIC2_6,ZIC2,0,-0.01967,0.1441
ZIC3_1,ZIC3,1,-0.008751,0.123
ZIC3_2,ZIC3,0,-0.007932,0.1059
ZIC3_3,ZIC3,1,-0.003638,0.08855
ZIC3_4,ZIC3,1,-0.003783,0.1666
ZIC3_5,ZIC3,1,-0.01404,0.1253
ZIC3_6,ZIC3,0,-0.008601,0.07257
ZIC4_P1_1,ZIC4,0,-0.004058,0.156
ZIC4_P1_2,ZIC4,0,-0.006031,0.1904
ZIC4_P1_3,ZIC4,0,-0.09263,0.6205
ZIC4_P1_4,ZIC4,0,-0.01256,0.2536
ZIC4_P1_5,ZIC4,0,0.002628,0.07791
ZIC4_P1_6,ZIC4,0,0.004125,0.06806
ZIC4_P2_1,ZIC4,0,-0.02411,0.2825
ZIC4_P2_2,ZIC4,0,-0.01323,0.2564
ZIC4_P2_3,ZIC4,0,-0.01806,0.1341
ZIC4_P2_4,ZIC4,0,-0.000193,0.1607
ZIC4_P2_5,ZIC4,0,-0.00391,0.1018
ZIC4_P2_6,ZIC4,0,-0.002789,0.09271
ZIC5_1,ZIC5,0,-0.006193,0.113
ZIC5_2,ZIC5,0,-0.01982,0.1714
ZIC5_3,ZIC5,0,-0.05749,0.3697
ZIC5_4,ZIC5,0,-0.0265,0.2329
ZIC5_5,ZIC5,0,-0.0004369,0.07242
ZIC5_6,ZIC5,0,0.00191,0.1173
ZIK1_1,ZIK1,0,-0.0406,0.2571
ZIK1_2,ZIK1,0,-0.02722,0.2017
ZIK1_3,ZIK1,0,-0.000259,0.1471
ZIK1_4,ZIK1,0,-0.01497,0.1569
ZIK1_5,ZIK1,0,-0.006775,0.08955
ZIK1_6,ZIK1,0,-0.001448,0.1314
ZIM2_4,ZIM2,0,-0.01076,0.1487
ZIM2_5,ZIM2,0,-0.005449,0.09732
ZIM2_6,ZIM2,0,0.001422,0.08854
ZIM3_1,ZIM3,0,-0.006714,0.14
ZIM3_2,ZIM3,0,-0.001503,0.1077
ZIM3_3,ZIM3,0,-0.01679,0.1462
ZIM3_4,ZIM3,0,-0.01349,0.2189
ZIM3_5,ZIM3,0,4.098e-05,0.0919
ZIM3_6,ZIM3,0,-0.006528,0.09674
ZKSCAN1_1,ZKSCAN1,0,-0.01646,0.1541
ZKSCAN1_2,ZKSCAN1,0,-0.004538,0.1467
ZKSCAN1_3,ZKSCAN1,0,-0.01834,0.2125
ZKSCAN1_4,ZKSCAN1,0,-0.01869,0.1442
ZKSCAN1_5,ZKSCAN1,0,-0.001023,0.1001
ZKSCAN1_6,ZKSCAN1,0,-0.002501,0.07926
ZKSCAN2_1,ZKSCAN2,0,-0.02037,0.1948
ZKSCAN2_2,ZKSCAN2,0,-0.01087,0.1223
ZKSCAN2_3,ZKSCAN2,0,-0.01771,0.1365
ZKSCAN2_4,ZKSCAN2,0,-0.006971,0.1417
ZKSCAN2_5,ZKSCAN2,0,-0.0183,0.3317
ZKSCAN2_6,ZKSCAN2,0,-0.003674,0.1168
ZKSCAN3_1,ZKSCAN3,0,-0.00596,0.1856
ZKSCAN3_2,ZKSCAN3,0,-0.002373,0.1248
ZKSCAN3_3,ZKSCAN3,0,-0.002861,0.1764
ZKSCAN3_4,ZKSCAN3,0,-0.008561,0.1778
ZKSCAN3_5,ZKSCAN3,0,-0.008619,0.09621
ZKSCAN3_6,ZKSCAN3,0,-0.01639,0.1145
ZKSCAN4_1,ZKSCAN4,0,-0.03349,0.2259
ZKSCAN4_2,ZKSCAN4,0,-0.0007918,0.1491
ZKSCAN4_3,ZKSCAN4,0,0.001957,0.1247
ZKSCAN4_4,ZKSCAN4,0,0.007034,0.2279
ZKSCAN4_5,ZKSCAN4,0,-0.006472,0.0838
ZKSCAN4_6,ZKSCAN4,0,-0.009694,0.1102
ZKSCAN5_1,ZKSCAN5,0,-0.1735,0.4996
ZKSCAN5_2,ZKSCAN5,0,-0.00288,0.1473
ZKSCAN5_3,ZKSCAN5,0,-0.02711,0.2026
ZKSCAN5_4,ZKSCAN5,0,0.004345,0.139
ZKSCAN5_5,ZKSCAN5,0,-0.003215,0.06169
ZKSCAN5_6,ZKSCAN5,0,-0.006431,0.09369
ZKSCAN7_1,ZKSCAN7,0,-0.02798,0.1912
ZKSCAN7_2,ZKSCAN7,0,-0.009735,0.162
ZKSCAN7_3,ZKSCAN7,0,0.0007173,0.1071
ZKSCAN7_4,ZKSCAN7,0,-0.007568,0.1904
ZKSCAN7_5,ZKSCAN7,0,-0.006477,0.1353
ZKSCAN7_6,ZKSCAN7,0,-0.02249,0.15
ZKSCAN8_1,ZKSCAN8,0,-0.004738,0.1896
ZKSCAN8_2,ZKSCAN8,0,0.001841,0.153
ZKSCAN8_3,ZKSCAN8,0,-0.001182,0.09108
ZKSCAN8_4,ZKSCAN8,0,-0.0008119,0.1191
ZKSCAN8_5,ZKSCAN8,0,-0.005016,0.1429
ZKSCAN8_6,ZKSCAN8,0,0.004745,0.06924
ZMAT1_1,ZMAT1,0,0.001853,0.1199
ZMAT1_2,ZMAT1,0,0.003425,0.1298
ZMAT1_3,ZMAT1,0,-0.01852,0.161
ZMAT1_4,ZMAT1,0,-0.003205,0.0865
ZMAT1_5,ZMAT1,0,0.001801,0.184
ZMAT1_6,ZMAT1,0,-0.00384,0.07535
ZMAT2_P1_1,ZMAT2,0,-0.07958,0.4807
ZMAT2_P1_3,ZMAT2,0,-0.02491,0.2914
ZMAT2_P1_4,ZMAT2,0,-0.01955,0.3378
ZMAT2_P1_5,ZMAT2,0,-0.02902,0.1923
ZMAT2_P1_6,ZMAT2,0,-0.00736,0.08621
ZMAT2_P2_1,ZMAT2,0,-0.004717,0.09932
ZMAT2_P2_2,ZMAT2,0,0.004583,0.08275
ZMAT2_P2_3,ZMAT2,0,-0.004088,0.1199
ZMAT2_P2_4,ZMAT2,0,-0.01212,0.1821
ZMAT2_P2_5,ZMAT2,0,-0.003033,0.1123
ZMAT2_P2_6,ZMAT2,0,-0.001366,0.05695
ZMAT3_1,ZMAT3,0,-0.02175,0.1783
ZMAT3_2,ZMAT3,0,-0.01006,0.1799
ZMAT3_3,ZMAT3,0,-0.02465,0.243
ZMAT3_4,ZMAT3,0,-0.02397,0.2405
ZMAT3_5,ZMAT3,0,-0.007939,0.1826
ZMAT4_1,ZMAT4,0,-0.009404,0.1943
ZMAT4_2,ZMAT4,0,-0.003908,0.1185
ZMAT4_3,ZMAT4,0,-0.005712,0.128
ZMAT4_4,ZMAT4,0,-0.005473,0.1073
ZMAT4_5,ZMAT4,0,-0.002622,0.08851
ZMAT4_6,ZMAT4,0,0.002412,0.09159
ZNF100_1,ZNF100,0,-0.001403,0.1201
ZNF100_2,ZNF100,0,0.003023,0.1505
ZNF100_3,ZNF100,0,-0.006663,0.1926
ZNF100_4,ZNF100,0,-0.02526,0.2096
ZNF100_5,ZNF100,0,-0.004263,0.1004
ZNF100_6,ZNF100,0,-0.01359,0.1277
ZNF101_1,ZNF101,0,-0.001999,0.1077
ZNF101_2,ZNF101,0,-0.01438,0.1551
ZNF101_3,ZNF101,0,-0.01746,0.158
ZNF101_4,ZNF101,0,-0.0108,0.179
ZNF101_5,ZNF101,0,-0.05643,0.2869
ZNF101_6,ZNF101,0,-0.003169,0.08353
ZNF107_1,ZNF107,0,0.001531,0.1569
ZNF107_2,ZNF107,0,-0.02003,0.1309
ZNF107_3,ZNF107,0,-0.003321,0.1908
ZNF107_4,ZNF107,0,0.0002481,0.107
ZNF107_5,ZNF107,0,0.001594,0.05987
ZNF107_6,ZNF107,0,0.00385,0.2419
ZNF10_1,ZNF10,0,-0.006458,0.1082
ZNF10_2,ZNF10,0,0.001281,0.0969
ZNF10_3,ZNF10,0,-0.01243,0.1198
ZNF10_4,ZNF10,0,-0.007149,0.1693
ZNF10_5,ZNF10,0,-0.0005937,0.06777
ZNF10_6,ZNF10,0,0.001314,0.1131
ZNF112_1,ZNF112,0,-0.01074,0.1723
ZNF112_2,ZNF112,0,-0.01358,0.2224
ZNF112_3,ZNF112,0,-0.002966,0.1611
ZNF112_4,ZNF112,0,-0.0269,0.3036
ZNF112_5,ZNF112,0,-0.0002377,0.1054
ZNF112_6,ZNF112,0,-0.02327,0.1984
ZNF114_1,ZNF114,0,-0.006081,0.146
ZNF114_2,ZNF114,0,-0.008683,0.104
ZNF114_3,ZNF114,0,-0.02211,0.175
ZNF114_4,ZNF114,0,-0.03253,0.2309
ZNF114_5,ZNF114,0,-0.002698,0.07818
ZNF114_6,ZNF114,0,-0.0103,0.157
ZNF117_1,ZNF117,0,0.003204,0.18
ZNF117_2,ZNF117,0,-0.01816,0.2223
ZNF117_3,ZNF117,0,-0.01966,0.3013
ZNF117_4,ZNF117,0,-0.006751,0.2111
ZNF117_5,ZNF117,0,0.00327,0.1108
ZNF117_6,ZNF117,0,-0.0134,0.1711
ZNF121_1,ZNF121,0,0.002003,0.2147
ZNF121_2,ZNF121,0,-0.003283,0.1248
ZNF121_3,ZNF121,0,-0.02692,0.2278
ZNF121_4,ZNF121,0,-0.02569,0.194
ZNF121_5,ZNF121,0,-0.0119,0.1573
ZNF121_6,ZNF121,0,0.002731,0.08684
ZNF124_1,ZNF124,0,0.003949,0.07618
ZNF124_2,ZNF124,0,-0.00959,0.1351
ZNF124_3,ZNF124,0,-0.004796,0.1268
ZNF124_4,ZNF124,0,-0.01234,0.2467
ZNF124_5,ZNF124,0,-0.006308,0.09647
ZNF124_6,ZNF124,0,-0.003143,0.09724
ZNF12_1,ZNF12,0,0.01051,0.1551
ZNF12_2,ZNF12,0,-0.01461,0.1747
ZNF12_3,ZNF12,0,-0.03134,0.3532
ZNF12_4,ZNF12,0,-0.004323,0.228
ZNF12_5,ZNF12,0,0.001622,0.1001
ZNF12_6,ZNF12,0,-0.006367,0.1096
ZNF131_1,ZNF131,0,0.00111,0.2303
ZNF131_2,ZNF131,0,-0.004966,0.1397
ZNF131_3,ZNF131,0,-0.003081,0.1746
ZNF131_4,ZNF131,0,-0.004853,0.06612
ZNF131_5,ZNF131,0,-4.649e-05,0.09318
ZNF131_6,ZNF131,0,-0.003708,0.1525
ZNF132_1,ZNF132,0,-0.004777,0.2259
ZNF132_2,ZNF132,0,-0.005844,0.0979
ZNF132_3,ZNF132,0,-0.002345,0.1369
ZNF132_4,ZNF132,0,-0.005755,0.09141
ZNF132_5,ZNF132,0,0.001351,0.1525
ZNF132_6,ZNF132,0,-0.003925,0.1233
ZNF133_1,ZNF133,0,-0.005007,0.08516
ZNF133_2,ZNF133,0,-0.01855,0.1826
ZNF133_3,ZNF133,0,-0.02828,0.3148
ZNF133_4,ZNF133,0,0.006154,0.2574
ZNF133_5,ZNF133,0,-0.004603,0.08926
ZNF133_6,ZNF133,0,-0.002932,0.1106
ZNF134_1,ZNF134,0,-0.0107,0.1205
ZNF134_2,ZNF134,0,-0.03092,0.2141
ZNF134_3,ZNF134,0,-0.01096,0.1811
ZNF134_4,ZNF134,0,-0.004656,0.3178
ZNF134_5,ZNF134,0,0.002548,0.08931
ZNF134_6,ZNF134,0,-0.003319,0.06072
ZNF135_1,ZNF135,0,-0.0241,0.2538
ZNF135_2,ZNF135,0,-0.02287,0.212
ZNF135_3,ZNF135,0,-0.004569,0.1463
ZNF135_4,ZNF135,0,-0.005703,0.1174
ZNF135_5,ZNF135,0,-0.0243,0.1646
ZNF135_6,ZNF135,0,-0.008524,0.09855
ZNF136_1,ZNF136,0,-0.0008512,0.1438
ZNF136_2,ZNF136,0,0.001434,0.2036
ZNF136_3,ZNF136,0,-0.00621,0.1566
ZNF136_4,ZNF136,0,-0.004276,0.1512
ZNF136_5,ZNF136,0,-0.0143,0.242
ZNF136_6,ZNF136,0,-0.004959,0.1299
ZNF138_1,ZNF138,0,0.005096,0.09369
ZNF138_2,ZNF138,0,-0.006615,0.0963
ZNF138_3,ZNF138,0,-0.02459,0.1487
ZNF138_4,ZNF138,0,-0.0005101,0.2032
ZNF138_5,ZNF138,0,-0.001376,0.08509
ZNF138_6,ZNF138,0,-0.003845,0.1029
ZNF140_1,ZNF140,0,-0.001841,0.1315
ZNF140_2,ZNF140,0,-0.012,0.1596
ZNF140_3,ZNF140,0,0.002062,0.1102
ZNF140_4,ZNF140,0,-0.02766,0.2847
ZNF140_5,ZNF140,0,-0.00638,0.1187
ZNF140_6,ZNF140,0,-0.02033,0.1181
ZNF141_1,ZNF141,0,-0.01609,0.1503
ZNF141_2,ZNF141,0,-0.004006,0.1018
ZNF141_3,ZNF141,0,-0.02138,0.2243
ZNF141_4,ZNF141,0,-0.005354,0.1039
ZNF141_5,ZNF141,0,-0.01163,0.1095
ZNF141_6,ZNF141,0,-0.009871,0.09698
ZNF142_1,ZNF142,0,-0.2439,0.5319
ZNF142_2,ZNF142,0,-0.01012,0.2089
ZNF142_3,ZNF142,0,0.008755,0.1553
ZNF142_4,ZNF142,0,-0.01451,0.2279
ZNF142_5,ZNF142,0,-0.03443,0.2126
ZNF142_6,ZNF142,0,-0.004544,0.1205
ZNF143_2,ZNF143,0,-0.01418,0.1737
ZNF143_3,ZNF143,0,-0.2323,0.5119
ZNF143_4,ZNF143,0,0.004417,0.116
ZNF143_5,ZNF143,0,-0.002358,0.07543
ZNF143_6,ZNF143,0,-0.002184,0.0672
ZNF146_1,ZNF146,0,-0.01433,0.1289
ZNF146_2,ZNF146,0,-0.008756,0.07136
ZNF146_3,ZNF146,0,-0.01091,0.1948
ZNF146_4,ZNF146,0,-0.02244,0.2812
ZNF146_5,ZNF146,0,-0.002256,0.1272
ZNF146_6,ZNF146,0,-0.007292,0.09483
ZNF148_1,ZNF148,0,-0.01433,0.153
ZNF148_2,ZNF148,0,-0.04158,0.3307
ZNF148_3,ZNF148,0,-0.02367,0.2187
ZNF148_4,ZNF148,0,-0.006743,0.2431
ZNF148_5,ZNF148,0,-0.001263,0.09726
ZNF148_6,ZNF148,0,0.0007049,0.07817
ZNF14_1,ZNF14,0,-2.987e-05,0.1496
ZNF14_2,ZNF14,0,-0.008372,0.1636
ZNF14_3,ZNF14,0,-0.02553,0.2297
ZNF14_4,ZNF14,0,-0.0102,0.196
ZNF14_5,ZNF14,0,-0.002558,0.1335
ZNF14_6,ZNF14,0,0.001028,0.0543
ZNF154_1,ZNF154,0,0.007816,0.1947
ZNF154_2,ZNF154,0,-0.00635,0.154
ZNF154_3,ZNF154,0,-0.003677,0.1016
ZNF154_4,ZNF154,0,-0.00866,0.2565
ZNF154_5,ZNF154,0,-0.01435,0.1493
ZNF154_6,ZNF154,0,-0.004987,0.08657
ZNF155_1,ZNF155,0,0.01352,0.144
ZNF155_2,ZNF155,0,-0.02141,0.1942
ZNF155_3,ZNF155,0,-0.01239,0.1702
ZNF155_4,ZNF155,0,-0.3648,0.5018
ZNF155_5,ZNF155,0,-0.002197,0.108
ZNF155_6,ZNF155,0,0.004601,0.07046
ZNF157_1,ZNF157,0,0.005466,0.1322
ZNF157_2,ZNF157,0,-0.002965,0.1413
ZNF157_3,ZNF157,0,-0.002311,0.1676
ZNF157_4,ZNF157,0,-0.001752,0.08645
ZNF157_5,ZNF157,0,-0.004415,0.127
ZNF157_6,ZNF157,0,-0.00487,0.08407
ZNF160_1,ZNF160,0,0.001897,0.1163
ZNF160_2,ZNF160,0,-0.009912,0.1719
ZNF160_3,ZNF160,0,-0.008558,0.1908
ZNF160_4,ZNF160,0,-0.01955,0.1517
ZNF160_5,ZNF160,0,-0.0152,0.1516
ZNF160_6,ZNF160,0,0.004723,0.06006
ZNF165_1,ZNF165,0,-0.008261,0.117
ZNF165_2,ZNF165,0,-0.03403,0.1953
ZNF165_3,ZNF165,0,-0.00527,0.1474
ZNF165_4,ZNF165,0,0.0003605,0.1826
ZNF165_5,ZNF165,0,-0.0006656,0.08632
ZNF165_6,ZNF165,0,-0.00376,0.1202
ZNF169_1,ZNF169,0,-0.009229,0.1072
ZNF169_2,ZNF169,0,-0.00924,0.1475
ZNF169_3,ZNF169,0,-0.001119,0.1385
ZNF169_4,ZNF169,0,-0.001161,0.08751
ZNF169_5,ZNF169,0,-0.0046,0.08581
ZNF169_6,ZNF169,0,-0.008306,0.1133
ZNF16_1,ZNF16,0,0.0058,0.09452
ZNF16_2,ZNF16,0,-0.003483,0.1308
ZNF16_3,ZNF16,0,-0.005612,0.1147
ZNF16_4,ZNF16,0,-0.0272,0.2868
ZNF16_5,ZNF16,0,-0.01234,0.1454
ZNF16_6,ZNF16,0,-0.004405,0.06603
ZNF174_1,ZNF174,0,0.001892,0.1256
ZNF174_2,ZNF174,0,0.002045,0.1335
ZNF174_3,ZNF174,0,-0.02362,0.2195
ZNF174_4,ZNF174,0,-0.00981,0.1504
ZNF174_5,ZNF174,0,-0.007635,0.1459
ZNF174_6,ZNF174,0,0.003652,0.1084
ZNF175_1,ZNF175,0,-0.004257,0.1267
ZNF175_2,ZNF175,0,-0.004247,0.231
ZNF175_3,ZNF175,0,-0.004881,0.1074
ZNF175_4,ZNF175,0,-0.0184,0.1902
ZNF175_5,ZNF175,0,-0.006703,0.2382
ZNF175_6,ZNF175,0,-0.007302,0.09163
ZNF177_P1_2,ZNF177,0,-0.0009353,0.1425
ZNF177_P1_3,ZNF177,0,-0.02064,0.2529
ZNF177_P1_5,ZNF177,0,0.008358,0.094
ZNF177_P1_6|ZNF559-ZNF177_3,ZNF177|ZNF559-ZNF177,0,-0.01188,0.1888
ZNF177_P2_1,ZNF177,0,0.002522,0.1619
ZNF177_P2_2,ZNF177,0,-0.01686,0.2164
ZNF177_P2_3,ZNF177,0,-0.003608,0.1757
ZNF177_P2_4,ZNF177,0,0.001743,0.1426
ZNF177_P2_5,ZNF177,0,-4.57e-06,0.08046
ZNF177_P2_6,ZNF177,0,0.0007204,0.1314
ZNF17_1,ZNF17,0,-0.01839,0.1795
ZNF17_2,ZNF17,0,-0.01491,0.1596
ZNF17_3,ZNF17,0,-0.0008336,0.2169
ZNF17_4,ZNF17,0,-0.05199,0.3778
ZNF17_5,ZNF17,0,-0.01987,0.2207
ZNF17_6,ZNF17,0,0.004167,0.07778
ZNF180_1,ZNF180,0,0.003999,0.09443
ZNF180_2,ZNF180,0,0.0001309,0.1109
ZNF180_3,ZNF180,0,-0.02029,0.2861
ZNF180_4,ZNF180,0,-0.03264,0.2788
ZNF180_5,ZNF180,0,-0.009733,0.1026
ZNF180_6,ZNF180,0,0.001096,0.07377
ZNF181_1,ZNF181,0,-0.0001283,0.1373
ZNF181_2,ZNF181,0,0.001111,0.1235
ZNF181_3,ZNF181,0,-0.03485,0.5852
ZNF181_4,ZNF181,0,-0.01613,0.2486
ZNF181_5,ZNF181,0,-0.01219,0.187
ZNF181_6,ZNF181,0,-0.003371,0.1096
ZNF182_1,ZNF182,0,-0.01228,0.1107
ZNF182_2,ZNF182,0,-0.012,0.1205
ZNF182_3,ZNF182,0,-0.00816,0.1244
ZNF182_4,ZNF182,0,-0.03375,0.1972
ZNF182_5,ZNF182,0,-0.01673,0.1788
ZNF182_6,ZNF182,0,-0.005996,0.2033
ZNF184_1,ZNF184,0,0.0004232,0.06995
ZNF184_2,ZNF184,0,0.01072,0.09772
ZNF184_3,ZNF184,0,-0.01143,0.2132
ZNF184_4,ZNF184,0,-8.426e-05,0.166
ZNF184_5,ZNF184,0,-0.006989,0.1141
ZNF184_6,ZNF184,0,-0.002888,0.1085
ZNF189_1,ZNF189,0,-0.006988,0.1544
ZNF189_2,ZNF189,0,-0.001894,0.1076
ZNF189_3,ZNF189,0,-0.00266,0.08233
ZNF189_4,ZNF189,0,-0.01297,0.1487
ZNF189_5,ZNF189,0,-0.000512,0.07692
ZNF189_6,ZNF189,0,-0.004166,0.1328
ZNF18_1,ZNF18,0,0.00508,0.1251
ZNF18_2,ZNF18,0,-0.00966,0.1529
ZNF18_3,ZNF18,0,-0.006844,0.3212
ZNF18_4,ZNF18,0,-0.01319,0.1519
ZNF18_5,ZNF18,0,-0.004859,0.1464
ZNF18_6,ZNF18,0,0.00232,0.1307
ZNF195_1,ZNF195,0,-0.007259,0.1847
ZNF195_2,ZNF195,0,0.002534,0.144
ZNF195_3,ZNF195,0,-0.0109,0.1349
ZNF195_4,ZNF195,0,-0.05141,0.2926
ZNF195_5,ZNF195,0,-0.0005791,0.1155
ZNF195_6,ZNF195,0,-0.003329,0.1454
ZNF197_1,ZNF197,0,-0.007232,0.1636
ZNF197_2,ZNF197,0,-0.005349,0.1035
ZNF197_3,ZNF197,0,0.004962,0.1204
ZNF197_4,ZNF197,0,0.00255,0.1888
ZNF197_5,ZNF197,0,1.456e-05,0.05208
ZNF197_6,ZNF197,0,-0.009344,0.1193
ZNF19_1,ZNF19,0,-0.02582,0.3419
ZNF19_2,ZNF19,0,-0.01149,0.3396
ZNF19_3,ZNF19,0,-0.001499,0.06399
ZNF19_4,ZNF19,0,0.0001918,0.1107
ZNF19_5,ZNF19,0,-0.00281,0.1265
ZNF19_6,ZNF19,0,0.003277,0.071
ZNF200_1,ZNF200,0,-0.006348,0.1095
ZNF200_2,ZNF200,0,-0.008276,0.09697
ZNF200_3,ZNF200,0,-0.01176,0.1126
ZNF200_4,ZNF200,0,-0.01635,0.243
ZNF200_5,ZNF200,0,-0.001118,0.1038
ZNF200_6,ZNF200,0,0.001267,0.05953
ZNF202_1,ZNF202,0,-0.01396,0.2068
ZNF202_2,ZNF202,0,-0.01517,0.1807
ZNF202_3,ZNF202,0,-0.006233,0.2152
ZNF202_4,ZNF202,0,-0.03057,0.1639
ZNF202_5,ZNF202,0,-0.005411,0.1286
ZNF202_6,ZNF202,0,0.00348,0.1362
ZNF205_1,ZNF205,0,-0.04054,0.2371
ZNF205_2,ZNF205,0,-0.006291,0.1407
ZNF205_3,ZNF205,0,-0.003381,0.2572
ZNF205_4,ZNF205,0,-0.008261,0.2233
ZNF205_5,ZNF205,0,-0.01972,0.191
ZNF205_6,ZNF205,0,-0.0145,0.1536
ZNF207_P1_1,ZNF207,0,-0.005347,0.14
ZNF207_P1_2,ZNF207,0,-0.02004,0.2137
ZNF207_P1_3,ZNF207,0,-0.06975,0.4327
ZNF207_P1_4,ZNF207,0,-0.06575,0.3947
ZNF207_P1_5,ZNF207,0,-0.0002329,0.1078
ZNF207_P1_6,ZNF207,0,-0.02645,0.2372
ZNF207_P2_1,ZNF207,0,-0.1739,0.8045
ZNF207_P2_2,ZNF207,0,-0.06703,0.5619
ZNF207_P2_3,ZNF207,0,-0.01448,0.3068
ZNF207_P2_4,ZNF207,0,-0.001511,0.1929
ZNF207_P2_5,ZNF207,0,-0.01487,0.1585
ZNF207_P2_6,ZNF207,0,0.00284,0.07117
ZNF208_1,ZNF208,0,0.00137,0.1064
ZNF208_2,ZNF208,0,-0.01778,0.1805
ZNF208_3,ZNF208,0,-0.0002469,0.1138
ZNF208_4,ZNF208,0,-0.01474,0.1371
ZNF208_5,ZNF208,0,-0.00471,0.09026
ZNF208_6,ZNF208,0,-0.008421,0.1088
ZNF20_P1_1|ZNF625_1,ZNF20|ZNF625,0,-0.001783,0.09083
ZNF20_P1_2|ZNF625_2,ZNF20|ZNF625,0,-0.006587,0.08862
ZNF20_P1_3|ZNF625_3,ZNF20|ZNF625,0,-0.004211,0.1133
ZNF20_P1_4|ZNF625_4,ZNF20|ZNF625,0,-0.01869,0.2312
ZNF20_P1_5|ZNF625_6,ZNF20|ZNF625,0,-0.003915,0.05985
ZNF20_P1_6|ZNF625_5,ZNF20|ZNF625,0,-0.0006116,0.05969
ZNF20_P2_1,ZNF20,0,0.002113,0.1082
ZNF20_P2_2,ZNF20,0,-0.04078,0.24
ZNF20_P2_3,ZNF20,0,-0.00555,0.1364
ZNF20_P2_4,ZNF20,0,-0.006611,0.1701
ZNF20_P2_5,ZNF20,0,-0.01459,0.1105
ZNF20_P2_6,ZNF20,0,0.001517,0.0666
ZNF211_1,ZNF211,0,-0.02275,0.1546
ZNF211_2,ZNF211,0,-0.001855,0.08067
ZNF211_3,ZNF211,0,-0.0003795,0.08407
ZNF211_4,ZNF211,0,-0.02826,0.2422
ZNF211_5,ZNF211,0,-0.008576,0.09377
ZNF211_6,ZNF211,0,-0.001905,0.099
ZNF212_1,ZNF212,0,-0.01111,0.1029
ZNF212_2,ZNF212,0,-0.006106,0.133
ZNF212_3,ZNF212,0,0.01782,0.2391
ZNF212_4,ZNF212,0,0.000117,0.1569
ZNF212_5,ZNF212,0,-0.001729,0.09848
ZNF212_6,ZNF212,0,-0.009285,0.0993
ZNF213_1,ZNF213,0,-0.007184,0.1651
ZNF213_2,ZNF213,0,-0.00112,0.123
ZNF213_3,ZNF213,0,-0.02088,0.2707
ZNF213_4,ZNF213,0,-0.03699,0.2101
ZNF213_5,ZNF213,0,0.002228,0.1109
ZNF213_6,ZNF213,0,-0.007746,0.1593
ZNF214_1,ZNF214,0,0.002445,0.08422
ZNF214_2,ZNF214,0,0.001758,0.1823
ZNF214_3,ZNF214,0,-0.01823,0.1692
ZNF214_4,ZNF214,0,-0.004508,0.0746
ZNF214_5,ZNF214,0,-0.008562,0.1801
ZNF214_6,ZNF214,0,0.0144,0.155
ZNF215_1,ZNF215,0,-0.0003129,0.1924
ZNF215_2,ZNF215,0,-0.01195,0.1226
ZNF215_3,ZNF215,0,-0.01487,0.1667
ZNF215_4,ZNF215,0,-0.01674,0.1654
ZNF215_5,ZNF215,0,-0.01187,0.09488
ZNF215_6,ZNF215,0,-0.01029,0.1014
ZNF217_P1_1,ZNF217,0,-0.001013,0.1527
ZNF217_P1_2,ZNF217,0,-0.006552,0.2086
ZNF217_P1_3,ZNF217,0,-0.03426,0.1781
ZNF217_P1_4,ZNF217,0,-0.01938,0.231
ZNF217_P1_5,ZNF217,0,0.001606,0.07417
ZNF217_P1_6,ZNF217,0,-0.008293,0.07015
ZNF217_P2_1,ZNF217,0,-0.03235,0.2458
ZNF217_P2_2,ZNF217,0,-0.04606,0.3529
ZNF217_P2_3,ZNF217,0,-0.02188,0.2273
ZNF217_P2_4,ZNF217,0,0.005305,0.1553
ZNF217_P2_5,ZNF217,0,-0.001365,0.1517
ZNF217_P2_6,ZNF217,0,-0.02502,0.2525
ZNF219_1,ZNF219,0,0.0003211,0.1355
ZNF219_2,ZNF219,0,-0.007383,0.1764
ZNF219_3,ZNF219,0,-0.009518,0.1118
ZNF219_4,ZNF219,0,-0.004987,0.2113
ZNF219_5,ZNF219,0,-0.00575,0.2231
ZNF219_6,ZNF219,0,-0.01241,0.1309
ZNF221_1,ZNF221,0,-0.009686,0.1168
ZNF221_2,ZNF221,0,-0.008263,0.1248
ZNF221_3,ZNF221,0,-0.007612,0.1741
ZNF221_4,ZNF221,0,-0.01127,0.3471
ZNF221_5,ZNF221,0,0.005703,0.1075
ZNF221_6,ZNF221,0,0.00134,0.1426
ZNF222_1,ZNF222,0,-0.0005716,0.07432
ZNF222_2,ZNF222,0,-0.01295,0.1767
ZNF222_3,ZNF222,0,-0.05629,0.3346
ZNF222_4,ZNF222,0,-0.00517,0.112
ZNF222_5,ZNF222,0,-0.01221,0.159
ZNF222_6,ZNF222,0,-0.0006938,0.09802
ZNF223_1,ZNF223,0,-0.03092,0.3618
ZNF223_2,ZNF223,0,0.01264,0.1894
ZNF223_3,ZNF223,0,-0.01323,0.1188
ZNF223_4,ZNF223,0,-0.0242,0.1463
ZNF223_5,ZNF223,0,0.002367,0.06964
ZNF223_6,ZNF223,0,-0.01122,0.09332
ZNF224_1,ZNF224,0,-0.001224,0.1212
ZNF224_2,ZNF224,0,-0.003127,0.09424
ZNF224_3,ZNF224,0,-0.03722,0.2515
ZNF224_4,ZNF224,0,-0.007198,0.164
ZNF224_5,ZNF224,0,-0.002011,0.1087
ZNF224_6,ZNF224,0,-0.003395,0.112
ZNF225_1,ZNF225,0,-0.01486,0.2048
ZNF225_2,ZNF225,0,-0.00846,0.1566
ZNF225_3,ZNF225,0,-0.0006318,0.1642
ZNF225_4,ZNF225,0,-0.006475,0.1651
ZNF225_5,ZNF225,0,-0.00497,0.1155
ZNF225_6,ZNF225,0,-0.008118,0.2135
ZNF226_P1_1|ZNF234_P1_1,ZNF226|ZNF234,0,0.003601,0.08653
ZNF226_P1_2|ZNF234_P1_2,ZNF226|ZNF234,0,-0.00914,0.09167
ZNF226_P1_3|ZNF234_P1_3,ZNF226|ZNF234,0,0.003407,0.1006
ZNF226_P1_4|ZNF234_P1_4,ZNF226|ZNF234,0,-0.004171,0.0775
ZNF226_P1_5|ZNF234_P1_5,ZNF226|ZNF234,0,-0.006966,0.07307
ZNF226_P1_6|ZNF234_P1_6,ZNF226|ZNF234,0,-0.007577,0.06599
ZNF226_P2_1|ZNF234_P2_1,ZNF226|ZNF234,0,-0.002958,0.1062
ZNF226_P2_2|ZNF234_P2_2,ZNF226|ZNF234,0,-0.002641,0.1865
ZNF226_P2_3|ZNF234_P2_3,ZNF226|ZNF234,0,-0.002844,0.1732
ZNF226_P2_4|ZNF234_P2_4,ZNF226|ZNF234,0,-0.008237,0.1416
ZNF226_P2_5|ZNF234_P2_5,ZNF226|ZNF234,0,-0.0009509,0.04534
ZNF226_P2_6|ZNF234_P2_6,ZNF226|ZNF234,0,-0.01193,0.1216
ZNF227_1,ZNF227,0,-0.001431,0.06804
ZNF227_2,ZNF227,0,-0.02928,0.1885
ZNF227_3,ZNF227,0,-0.0425,0.2748
ZNF227_4,ZNF227,0,-0.011,0.1481
ZNF227_5,ZNF227,0,-0.02224,0.2172
ZNF227_6,ZNF227,0,-0.004487,0.124
ZNF229_1,ZNF229,0,-0.03311,0.2343
ZNF229_2,ZNF229,0,-0.002183,0.09704
ZNF229_3,ZNF229,0,-0.002286,0.07412
ZNF229_4,ZNF229,0,-0.001169,0.2183
ZNF229_5,ZNF229,0,-0.00186,0.1127
ZNF229_6,ZNF229,0,-0.01526,0.1185
ZNF22_1,ZNF22,0,-0.005924,0.134
ZNF22_2,ZNF22,0,0.004167,0.1556
ZNF22_3,ZNF22,0,-0.007706,0.1984
ZNF22_4,ZNF22,0,-0.009287,0.09307
ZNF22_5,ZNF22,0,-0.00381,0.07562
ZNF22_6,ZNF22,0,-0.004775,0.08497
ZNF230_1,ZNF230,0,-0.001522,0.0706
ZNF230_2,ZNF230,0,-0.01963,0.1216
ZNF230_3,ZNF230,0,-0.04986,0.3176
ZNF230_4,ZNF230,0,-0.009137,0.2
ZNF230_5,ZNF230,0,0.002701,0.08922
ZNF230_6,ZNF230,0,0.0003465,0.1096
ZNF232_P1_1,ZNF232,0,-0.01284,0.1704
ZNF232_P1_2,ZNF232,0,-0.01575,0.2104
ZNF232_P1_3,ZNF232,0,0.002109,0.1428
ZNF232_P1_4,ZNF232,0,0.006291,0.1289
ZNF232_P1_5,ZNF232,0,0.008542,0.1153
ZNF232_P1_6,ZNF232,0,0.002018,0.1543
ZNF232_P2_1,ZNF232,0,0.0006461,0.1278
ZNF232_P2_2,ZNF232,0,0.005849,0.1759
ZNF232_P2_3,ZNF232,0,-0.009845,0.0907
ZNF232_P2_4,ZNF232,0,0.0003592,0.09423
ZNF232_P2_5,ZNF232,0,-0.009989,0.1162
ZNF232_P2_6,ZNF232,0,-0.01847,0.1813
ZNF233_1,ZNF233,0,-0.01127,0.146
ZNF233_2,ZNF233,0,-0.002771,0.1453
ZNF233_3,ZNF233,0,-0.004467,0.1065
ZNF233_4,ZNF233,0,-0.0008015,0.1404
ZNF233_5,ZNF233,0,0.009327,0.131
ZNF233_6,ZNF233,0,-0.01136,0.1551
ZNF235_1,ZNF235,0,-0.06355,0.3662
ZNF235_2,ZNF235,0,-0.0227,0.3056
ZNF235_3,ZNF235,0,-0.002226,0.1465
ZNF235_4,ZNF235,0,-0.01256,0.2323
ZNF235_5,ZNF235,0,-0.01387,0.1849
ZNF235_6,ZNF235,0,-0.007837,0.1078
ZNF236_1,ZNF236,0,-0.04021,0.3101
ZNF236_2,ZNF236,0,-0.0312,0.1974
ZNF236_3,ZNF236,0,-0.02374,0.1679
ZNF236_4,ZNF236,0,-0.01234,0.2126
ZNF236_5,ZNF236,0,0.003378,0.1016
ZNF236_6,ZNF236,0,-0.0001533,0.08786
ZNF239_1,ZNF239,0,-0.007327,0.1668
ZNF239_2,ZNF239,0,-0.007893,0.1666
ZNF239_3,ZNF239,0,-0.01122,0.1668
ZNF239_4,ZNF239,0,-0.006112,0.2281
ZNF239_5,ZNF239,0,-0.005443,0.0883
ZNF239_6,ZNF239,0,0.005536,0.1457
ZNF23_P1_1,ZNF23,0,-0.01419,0.1217
ZNF23_P1_2,ZNF23,0,-0.00944,0.122
ZNF23_P1_3,ZNF23,0,-0.0005653,0.08132
ZNF23_P1_4,ZNF23,0,-0.01189,0.2259
ZNF23_P1_5,ZNF23,0,-0.006419,0.1138
ZNF23_P1_6,ZNF23,0,-0.006197,0.07927
ZNF23_P2_1,ZNF23,0,0.005067,0.1389
ZNF23_P2_2,ZNF23,0,-0.01121,0.128
ZNF23_P2_3,ZNF23,0,-0.005828,0.1155
ZNF23_P2_4,ZNF23,0,-0.01099,0.1902
ZNF23_P2_5,ZNF23,0,0.005003,0.1117
ZNF23_P2_6,ZNF23,0,-0.01011,0.2199
ZNF248_1,ZNF248,0,-0.007737,0.1603
ZNF248_2,ZNF248,0,-0.008142,0.1197
ZNF248_3,ZNF248,0,-0.1102,0.4587
ZNF248_4,ZNF248,0,-0.0007159,0.2083
ZNF248_5,ZNF248,0,-0.006905,0.09564
ZNF248_6,ZNF248,0,-0.008849,0.1864
ZNF24_1,ZNF24,0,-0.007954,0.1017
ZNF24_2,ZNF24,0,-0.004943,0.2187
ZNF24_3,ZNF24,0,-0.006431,0.1633
ZNF24_4,ZNF24,0,-0.006109,0.1393
ZNF24_5,ZNF24,0,-0.01134,0.1285
ZNF24_6,ZNF24,0,-0.005641,0.1048
ZNF250_1,ZNF250,0,0.0002704,0.08243
ZNF250_2,ZNF250,0,0.001561,0.1491
ZNF250_3,ZNF250,0,0.008227,0.1415
ZNF250_4,ZNF250,0,-0.007784,0.1382
ZNF250_5,ZNF250,0,-0.01403,0.138
ZNF250_6,ZNF250,0,-0.001824,0.06783
ZNF251_1,ZNF251,0,0.01507,0.1794
ZNF251_2,ZNF251,0,0.002633,0.08164
ZNF251_3,ZNF251,0,-0.002906,0.1527
ZNF251_4,ZNF251,0,-0.01346,0.1675
ZNF251_5,ZNF251,0,-0.01497,0.2457
ZNF251_6,ZNF251,0,-0.000402,0.1467
ZNF253_1,ZNF253,0,-0.002168,0.1571
ZNF253_2,ZNF253,0,-0.01304,0.1972
ZNF253_3,ZNF253,0,-0.008542,0.253
ZNF253_4,ZNF253,0,5.848e-06,0.1719
ZNF253_5,ZNF253,0,0.0005965,0.06379
ZNF253_6,ZNF253,0,0.002083,0.08507
ZNF254_1,ZNF254,0,-0.003673,0.1901
ZNF254_2,ZNF254,0,-0.003477,0.2073
ZNF254_3,ZNF254,0,-0.003913,0.09737
ZNF254_4,ZNF254,0,-0.005337,0.141
ZNF254_5,ZNF254,0,-0.004094,0.04665
ZNF254_6,ZNF254,0,-0.003101,0.04545
ZNF256_1,ZNF256,0,0.001438,0.09029
ZNF256_2,ZNF256,0,-0.008512,0.198
ZNF256_3,ZNF256,0,-0.002111,0.126
ZNF256_4,ZNF256,0,-0.009047,0.1213
ZNF256_5,ZNF256,0,-0.006038,0.1109
ZNF256_6,ZNF256,0,-0.00076,0.09304
ZNF257_1,ZNF257,0,-0.00216,0.1495
ZNF257_2,ZNF257,0,-0.009595,0.099
ZNF257_3,ZNF257,0,-0.02463,0.2655
ZNF257_4,ZNF257,0,-0.06589,0.3684
ZNF257_5,ZNF257,0,-0.001062,0.1197
ZNF257_6,ZNF257,0,-0.0004873,0.2405
ZNF25_1,ZNF25,0,0.008392,0.1466
ZNF25_2,ZNF25,0,-0.009623,0.187
ZNF25_3,ZNF25,0,-0.0009773,0.1383
ZNF25_4,ZNF25,0,-0.0004882,0.1531
ZNF25_5,ZNF25,0,-0.02086,0.1622
ZNF25_6,ZNF25,0,-0.002946,0.1016
ZNF260_1,ZNF260,0,-0.2623,0.5886
ZNF260_2,ZNF260,0,0.0009909,0.1892
ZNF260_3,ZNF260,0,-0.01095,0.2334
ZNF260_4,ZNF260,0,-0.01389,0.2284
ZNF260_5,ZNF260,0,-0.002121,0.05615
ZNF260_6,ZNF260,0,-0.005849,0.1293
ZNF263_P1_1,ZNF263,0,-0.00191,0.1371
ZNF263_P1_2,ZNF263,0,0.001676,0.1213
ZNF263_P1_3,ZNF263,0,-0.006401,0.1183
ZNF263_P1_4,ZNF263,0,-0.02102,0.2095
ZNF263_P1_5,ZNF263,0,0.003873,0.079
ZNF263_P1_6,ZNF263,0,-0.008303,0.09032
ZNF263_P2_1,ZNF263,0,-0.009908,0.08344
ZNF263_P2_2,ZNF263,0,-0.01754,0.2304
ZNF263_P2_3,ZNF263,0,0.008193,0.1631
ZNF263_P2_4,ZNF263,0,-0.03441,0.3505
ZNF263_P2_5,ZNF263,0,-0.004432,0.07573
ZNF263_P2_6,ZNF263,0,-0.01341,0.1339
ZNF264_1,ZNF264,0,-0.008667,0.1677
ZNF264_2,ZNF264,0,-0.01425,0.1429
ZNF264_3,ZNF264,0,-0.04018,0.2415
ZNF264_4,ZNF264,0,-0.002842,0.2496
ZNF264_5,ZNF264,0,-0.001207,0.1139
ZNF264_6,ZNF264,0,-0.007323,0.1307
ZNF266_1,ZNF266,0,-0.02437,0.1916
ZNF266_2,ZNF266,0,-0.007381,0.09708
ZNF266_3,ZNF266,0,-0.002052,0.1351
ZNF266_4,ZNF266,0,-0.01837,0.1838
ZNF266_5,ZNF266,0,0.0002698,0.09025
ZNF266_6,ZNF266,0,-0.005149,0.03669
ZNF267_P1_1,ZNF267,0,0.001615,0.2593
ZNF267_P1_2,ZNF267,0,-0.04162,0.2509
ZNF267_P1_3,ZNF267,0,-0.01217,0.182
ZNF267_P1_4,ZNF267,0,-0.02182,0.1356
ZNF267_P1_5,ZNF267,0,-0.00566,0.05901
ZNF267_P1_6,ZNF267,0,-0.004999,0.1506
ZNF267_P2_1,ZNF267,0,0.003793,0.121
ZNF267_P2_2,ZNF267,0,-0.007053,0.09826
ZNF267_P2_3,ZNF267,0,-0.01013,0.1512
ZNF267_P2_4,ZNF267,0,-0.004748,0.1295
ZNF267_P2_5,ZNF267,0,-0.01454,0.1288
ZNF267_P2_6,ZNF267,0,-0.01567,0.1548
ZNF268_1,ZNF268,0,-0.01716,0.1446
ZNF268_2,ZNF268,0,-0.00976,0.1103
ZNF268_3,ZNF268,0,-0.006029,0.1781
ZNF268_4,ZNF268,0,-0.007947,0.1012
ZNF268_5,ZNF268,0,0.001944,0.1249
ZNF268_6,ZNF268,0,-0.003214,0.0595
ZNF26_1,ZNF26,0,-0.008972,0.3049
ZNF26_2,ZNF26,0,0.0003035,0.1026
ZNF26_3,ZNF26,0,-0.108,0.5384
ZNF26_4,ZNF26,0,0.001531,0.0801
ZNF26_5,ZNF26,0,0.0006036,0.1957
ZNF26_6,ZNF26,0,-0.007919,0.09424
ZNF273_P1_1,ZNF273,0,-0.009083,0.08782
ZNF273_P1_2,ZNF273,0,0.002102,0.1016
ZNF273_P1_3,ZNF273,0,-0.02872,0.3243
ZNF273_P1_4,ZNF273,0,-0.02749,0.2026
ZNF273_P1_5,ZNF273,0,0.002398,0.08994
ZNF273_P1_6,ZNF273,0,-0.001062,0.1197
ZNF273_P2_1,ZNF273,0,-0.01296,0.1115
ZNF273_P2_2,ZNF273,0,-0.01925,0.2689
ZNF273_P2_3,ZNF273,0,-0.03509,0.2513
ZNF273_P2_4,ZNF273,0,-0.02336,0.2475
ZNF273_P2_5,ZNF273,0,-0.01003,0.153
ZNF273_P2_6,ZNF273,0,-0.007536,0.09778
ZNF274_1,ZNF274,0,-0.0001754,0.09329
ZNF274_2,ZNF274,0,-0.00394,0.127
ZNF274_3,ZNF274,0,0.002126,0.1111
ZNF274_4,ZNF274,0,-0.008677,0.2328
ZNF274_5,ZNF274,0,-0.0006551,0.09753
ZNF274_6,ZNF274,0,-0.001296,0.06967
ZNF275_1,ZNF275,0,-0.02194,0.2163
ZNF275_2,ZNF275,0,0.002296,0.138
ZNF275_3,ZNF275,0,-0.00152,0.1847
ZNF275_4,ZNF275,0,0.001416,0.1147
ZNF275_5,ZNF275,0,-0.00657,0.08827
ZNF275_6,ZNF275,0,-0.02262,0.1709
ZNF276_1,ZNF276,0,-0.003663,0.1519
ZNF276_2,ZNF276,0,0.002801,0.159
ZNF276_3,ZNF276,0,-0.01306,0.2015
ZNF276_4,ZNF276,0,-0.02085,0.2126
ZNF276_5,ZNF276,0,-0.008851,0.127
ZNF276_6,ZNF276,0,-0.0004954,0.07383
ZNF277_1,ZNF277,0,-0.03664,0.2787
ZNF277_2,ZNF277,0,0.01443,0.183
ZNF277_3,ZNF277,0,0.006877,0.1647
ZNF277_4,ZNF277,0,-0.0009937,0.1545
ZNF277_5,ZNF277,0,-0.00935,0.1597
ZNF277_6,ZNF277,0,0.0009897,0.09233
ZNF280A_1,ZNF280A,0,-0.01782,0.1569
ZNF280A_2,ZNF280A,0,-0.01512,0.1864
ZNF280A_3,ZNF280A,0,-0.02286,0.2204
ZNF280A_4,ZNF280A,0,-0.002803,0.1612
ZNF280A_5,ZNF280A,0,-0.005269,0.109
ZNF280A_6,ZNF280A,0,-0.02106,0.1744
ZNF280B_1,ZNF280B,0,-0.007498,0.2367
ZNF280B_2,ZNF280B,0,-0.003756,0.1513
ZNF280B_3,ZNF280B,0,-0.06368,0.3213
ZNF280B_4,ZNF280B,0,-0.003946,0.1672
ZNF280B_5,ZNF280B,0,-0.0131,0.09026
ZNF280B_6,ZNF280B,0,-0.00484,0.1223
ZNF280C_1,ZNF280C,0,-0.01564,0.225
ZNF280C_2,ZNF280C,0,0.006767,0.1337
ZNF280C_3,ZNF280C,0,0.003697,0.07825
ZNF280C_4,ZNF280C,0,-0.002777,0.1467
ZNF280C_5,ZNF280C,0,-0.005738,0.1421
ZNF280C_6,ZNF280C,0,-0.01551,0.2053
ZNF280D_1,ZNF280D,0,-0.001978,0.1192
ZNF280D_2,ZNF280D,0,-0.006505,0.1505
ZNF280D_3,ZNF280D,0,-0.005312,0.09027
ZNF280D_4,ZNF280D,0,-0.008967,0.1413
ZNF280D_5,ZNF280D,0,0.003745,0.09285
ZNF280D_6,ZNF280D,0,-0.001796,0.08355
ZNF281_1,ZNF281,0,-0.0303,0.3169
ZNF281_2,ZNF281,0,-0.006893,0.1793
ZNF281_3,ZNF281,0,-0.0359,0.3915
ZNF281_4,ZNF281,0,-0.05689,0.2955
ZNF281_5,ZNF281,0,-0.01041,0.1423
ZNF281_6,ZNF281,0,-0.0131,0.1555
ZNF282_1,ZNF282,0,-0.0001249,0.1825
ZNF282_2,ZNF282,0,0.007673,0.1466
ZNF282_3,ZNF282,0,-0.00299,0.1216
ZNF282_4,ZNF282,0,0.0003686,0.171
ZNF282_5,ZNF282,0,-0.003918,0.08673
ZNF282_6,ZNF282,0,-0.005882,0.1115
ZNF283_1,ZNF283,0,0.001411,0.1445
ZNF283_2,ZNF283,0,-0.002269,0.2246
ZNF283_3,ZNF283,0,-0.002394,0.06172
ZNF283_4,ZNF283,0,-0.01646,0.2059
ZNF283_5,ZNF283,0,0.00718,0.1915
ZNF283_6,ZNF283,0,-0.004085,0.1463
ZNF284_1,ZNF284,0,8.759e-05,0.1812
ZNF284_2,ZNF284,0,0.0009748,0.1298
ZNF284_3,ZNF284,0,-0.008265,0.1382
ZNF284_4,ZNF284,0,-0.05568,0.428
ZNF284_5,ZNF284,0,-0.004033,0.1065
ZNF284_6,ZNF284,0,-0.005878,0.07804
ZNF285_1,ZNF285,0,-0.01109,0.1506
ZNF285_2,ZNF285,0,-0.01024,0.09247
ZNF285_3,ZNF285,0,0.005978,0.1342
ZNF285_4,ZNF285,0,-0.0275,0.1692
ZNF285_5,ZNF285,0,0.003312,0.05605
ZNF285_6,ZNF285,0,-0.004489,0.07946
ZNF286A_1,ZNF286A,0,0.007857,0.119
ZNF286A_2,ZNF286A,0,0.0009785,0.09382
ZNF286A_3,ZNF286A,0,-0.03072,0.3318
ZNF286A_4,ZNF286A,0,-0.1957,0.5195
ZNF286A_5,ZNF286A,0,0.006672,0.1095
ZNF286A_6,ZNF286A,0,-0.003321,0.1118
ZNF286B_1,ZNF286B,0,-0.02764,0.197
ZNF286B_2,ZNF286B,0,-0.0347,0.3105
ZNF286B_3,ZNF286B,0,-0.1525,0.516
ZNF286B_4,ZNF286B,0,-0.03331,0.2542
ZNF286B_5,ZNF286B,0,-0.01336,0.289
ZNF286B_6,ZNF286B,0,-0.05816,0.4037
ZNF287_1,ZNF287,0,-0.01061,0.1126
ZNF287_2,ZNF287,0,-0.001103,0.1548
ZNF287_3,ZNF287,0,-0.01927,0.1844
ZNF287_4,ZNF287,0,-0.01435,0.2225
ZNF287_5,ZNF287,0,-0.007173,0.1201
ZNF287_6,ZNF287,0,-0.002271,0.1076
ZNF28_1,ZNF28,0,0.000521,0.1365
ZNF28_2,ZNF28,0,-0.006848,0.09245
ZNF28_3,ZNF28,0,-0.0114,0.2128
ZNF28_4,ZNF28,0,0.00485,0.1632
ZNF28_5,ZNF28,0,0.0107,0.09026
ZNF28_6,ZNF28,0,-0.005691,0.1519
ZNF292_1,ZNF292,0,-0.008592,0.1548
ZNF292_2,ZNF292,0,-0.002604,0.09258
ZNF292_3,ZNF292,0,-0.004752,0.09352
ZNF292_4,ZNF292,0,-0.005552,0.1551
ZNF292_5,ZNF292,0,-0.008271,0.06266
ZNF292_6,ZNF292,0,-0.005245,0.08072
ZNF296_1,ZNF296,0,-0.001437,0.1578
ZNF296_2,ZNF296,0,-0.01236,0.1896
ZNF296_3,ZNF296,0,-0.004236,0.1169
ZNF296_4,ZNF296,0,-0.01718,0.2367
ZNF296_5,ZNF296,0,-0.004499,0.09903
ZNF296_6,ZNF296,0,0.0006793,0.1078
ZNF2_1,ZNF2,0,-0.02352,0.2536
ZNF2_2,ZNF2,0,-0.0107,0.2097
ZNF2_3,ZNF2,0,0.0069,0.1748
ZNF2_4,ZNF2,0,-0.005301,0.0841
ZNF2_5,ZNF2,0,-0.03897,0.2891
ZNF2_6,ZNF2,0,0.004065,0.1339
ZNF300_1,ZNF300,0,0.003945,0.09047
ZNF300_2,ZNF300,0,-0.0001002,0.133
ZNF300_3,ZNF300,0,-0.01437,0.2415
ZNF300_4,ZNF300,0,-0.007119,0.1643
ZNF300_5,ZNF300,0,-0.0004316,0.1075
ZNF300_6,ZNF300,0,-0.01553,0.154
ZNF302_1,ZNF302,0,-0.003892,0.1132
ZNF302_2,ZNF302,0,-0.004964,0.1129
ZNF302_3,ZNF302,0,-0.01165,0.1206
ZNF302_4,ZNF302,0,0.002929,0.0779
ZNF302_5,ZNF302,0,-0.008001,0.09917
ZNF302_6,ZNF302,0,-0.01791,0.1677
ZNF304_1,ZNF304,0,-0.03536,0.295
ZNF304_2,ZNF304,0,-0.04187,0.3153
ZNF304_3,ZNF304,0,-0.006344,0.1251
ZNF304_4,ZNF304,0,-0.02015,0.1198
ZNF304_5,ZNF304,0,-0.004443,0.08497
ZNF304_6,ZNF304,0,0.006941,0.09217
ZNF30_1,ZNF30,0,-0.0002721,0.1207
ZNF30_2,ZNF30,0,-2.507e-05,0.1208
ZNF30_3,ZNF30,0,0.003767,0.1993
ZNF30_4,ZNF30,0,-0.003839,0.1948
ZNF30_5,ZNF30,0,-0.0008873,0.1132
ZNF30_6,ZNF30,0,-0.007534,0.1469
ZNF311_1,ZNF311,0,-0.01287,0.2601
ZNF311_2,ZNF311,0,-0.0145,0.1653
ZNF311_3,ZNF311,0,-0.000798,0.2246
ZNF311_4,ZNF311,0,-0.001731,0.36
ZNF311_5,ZNF311,0,0.002892,0.1161
ZNF311_6,ZNF311,0,-0.003209,0.1308
ZNF317_1,ZNF317,0,0.0009095,0.07655
ZNF317_2,ZNF317,0,-0.02201,0.2195
ZNF317_3,ZNF317,0,-0.02,0.1584
ZNF317_4,ZNF317,0,0.0008128,0.2642
ZNF317_5,ZNF317,0,-0.00041,0.07293
ZNF317_6,ZNF317,0,-0.006002,0.1289
ZNF318_1,ZNF318,0,-0.001137,0.1436
ZNF318_2,ZNF318,0,0.00364,0.217
ZNF318_3,ZNF318,0,-0.004565,0.1849
ZNF318_4,ZNF318,0,-0.02559,0.2314
ZNF318_5,ZNF318,0,-0.006388,0.1381
ZNF318_6,ZNF318,0,-0.00479,0.1063
ZNF319_P1_1,ZNF319,0,0.005922,0.1598
ZNF319_P1_2,ZNF319,0,-0.008248,0.1459
ZNF319_P1_3,ZNF319,0,-0.004758,0.1523
ZNF319_P1_4,ZNF319,0,-0.0001972,0.1575
ZNF319_P1_5,ZNF319,0,0.002096,0.07012
ZNF319_P1_6,ZNF319,0,-0.01173,0.1795
ZNF319_P2_1,ZNF319,0,0.001603,0.1093
ZNF319_P2_2,ZNF319,0,-0.00103,0.1144
ZNF319_P2_3,ZNF319,0,-0.007564,0.1421
ZNF319_P2_4,ZNF319,0,-0.006182,0.1527
ZNF319_P2_5,ZNF319,0,-0.02346,0.2
ZNF319_P2_6,ZNF319,0,-0.002279,0.07024
ZNF320_1,ZNF320,0,-0.007012,0.2005
ZNF320_2,ZNF320,0,-0.002658,0.1554
ZNF320_3,ZNF320,0,-0.009357,0.2556
ZNF320_4,ZNF320,0,0.006912,0.103
ZNF320_5,ZNF320,0,-0.006493,0.1119
ZNF320_6,ZNF320,0,-0.006678,0.1245
ZNF322_1,ZNF322,0,0.008769,0.1852
ZNF322_2,ZNF322,0,-0.001894,0.2045
ZNF322_3,ZNF322,0,-0.007941,0.2087
ZNF322_4,ZNF322,0,-0.02295,0.3517
ZNF322_5,ZNF322,0,-0.006422,0.1296
ZNF322_6,ZNF322,0,-0.002212,0.08209
ZNF324B_1,ZNF324B,0,-0.007765,0.1261
ZNF324B_2,ZNF324B,0,-0.006173,0.1566
ZNF324B_3,ZNF324B,0,-0.004481,0.1161
ZNF324B_4,ZNF324B,0,-0.02379,0.2994
ZNF324B_5,ZNF324B,0,-0.006336,0.1575
ZNF324B_6,ZNF324B,0,-0.0004112,0.1083
ZNF324_1,ZNF324,0,-0.01244,0.2378
ZNF324_2,ZNF324,0,-0.004558,0.1515
ZNF324_3,ZNF324,0,-0.0108,0.2028
ZNF324_4,ZNF324,0,0.002639,0.134
ZNF324_5,ZNF324,0,0.001328,0.09958
ZNF324_6,ZNF324,0,9.749e-06,0.09359
ZNF326_1,ZNF326,0,0.00542,0.1015
ZNF326_2,ZNF326,0,0.007096,0.2047
ZNF326_3,ZNF326,0,0.00364,0.1969
ZNF326_4,ZNF326,0,-0.0006321,0.1722
ZNF326_5,ZNF326,0,-0.001213,0.1219
ZNF326_6,ZNF326,0,0.01177,0.1126
ZNF329_P1_1,ZNF329,0,0.001471,0.1573
ZNF329_P1_2,ZNF329,0,-0.006483,0.176
ZNF329_P1_3,ZNF329,0,-0.002671,0.09812
ZNF329_P1_4,ZNF329,0,-0.01383,0.1577
ZNF329_P1_5,ZNF329,0,0.0007853,0.0666
ZNF329_P1_6,ZNF329,0,-0.01223,0.0923
ZNF329_P2_1,ZNF329,0,-0.00651,0.085
ZNF329_P2_2,ZNF329,0,-0.007066,0.1414
ZNF329_P2_3,ZNF329,0,0.003913,0.1025
ZNF329_P2_4,ZNF329,0,-0.01551,0.3019
ZNF329_P2_5,ZNF329,0,-0.01541,0.09852
ZNF329_P2_6,ZNF329,0,0.0005387,0.08968
ZNF32_1,ZNF32,0,-0.005499,0.09741
ZNF32_2,ZNF32,0,-0.01484,0.1807
ZNF32_3,ZNF32,0,-0.01825,0.178
ZNF32_4,ZNF32,0,-0.02447,0.2188
ZNF32_5,ZNF32,0,-0.01872,0.1276
ZNF32_6,ZNF32,0,-0.005008,0.07001
ZNF330_1,ZNF330,0,-0.002795,0.117
ZNF330_2,ZNF330,0,-0.002091,0.1681
ZNF330_3,ZNF330,0,-0.008974,0.1867
ZNF330_4,ZNF330,0,-0.02758,0.2163
ZNF330_5,ZNF330,0,0.00378,0.0515
ZNF330_6,ZNF330,0,-0.2365,0.4969
ZNF331_P1_1,ZNF331,0,0.005113,0.1917
ZNF331_P1_2,ZNF331,0,-0.009283,0.2043
ZNF331_P1_3,ZNF331,0,-0.006026,0.1684
ZNF331_P1_4,ZNF331,0,-0.01008,0.1114
ZNF331_P1_5,ZNF331,0,-0.006522,0.07507
ZNF331_P1_6,ZNF331,0,-0.01009,0.1403
ZNF331_P2_1,ZNF331,0,-0.01388,0.1663
ZNF331_P2_2,ZNF331,0,-0.01738,0.2198
ZNF331_P2_3,ZNF331,0,0.003032,0.2333
ZNF331_P2_4,ZNF331,0,-0.0156,0.2136
ZNF331_P2_5,ZNF331,0,-0.00251,0.0902
ZNF331_P2_6,ZNF331,0,-0.01116,0.1308
ZNF333_1,ZNF333,0,-0.06154,0.4114
ZNF333_2,ZNF333,0,-0.03078,0.1765
ZNF333_3,ZNF333,0,-0.02034,0.2609
ZNF333_4,ZNF333,0,-0.02673,0.1439
ZNF333_5,ZNF333,0,-0.002007,0.09586
ZNF333_6,ZNF333,0,-0.003617,0.07628
ZNF334_1,ZNF334,0,-0.01089,0.2403
ZNF334_2,ZNF334,0,-0.00282,0.1262
ZNF334_3,ZNF334,0,-0.000788,0.2037
ZNF334_4,ZNF334,0,-0.01282,0.1772
ZNF334_5,ZNF334,0,-0.0007348,0.127
ZNF334_6,ZNF334,0,0.0003349,0.07184
ZNF335_1,ZNF335,0,-0.005562,0.1513
ZNF335_2,ZNF335,0,-0.05698,0.3649
ZNF335_3,ZNF335,0,-0.002775,0.0846
ZNF335_4,ZNF335,0,-0.04414,0.2322
ZNF335_5,ZNF335,0,-0.003037,0.09261
ZNF335_6,ZNF335,0,-0.004101,0.08648
ZNF337_1,ZNF337,0,-0.003878,0.198
ZNF337_2,ZNF337,0,-0.01844,0.1541
ZNF337_3,ZNF337,0,-0.01043,0.1307
ZNF337_4,ZNF337,0,-0.02884,0.1825
ZNF337_5,ZNF337,0,0.002297,0.08078
ZNF337_6,ZNF337,0,-0.003649,0.1315
ZNF33A_1,ZNF33A,0,-0.02232,0.2589
ZNF33A_2,ZNF33A,0,-0.007804,0.101
ZNF33A_3,ZNF33A,0,-0.01208,0.178
ZNF33A_4,ZNF33A,0,-0.01362,0.1436
ZNF33A_5,ZNF33A,0,-0.01068,0.1018
ZNF33A_6,ZNF33A,0,0.00173,0.1184
ZNF33B_1,ZNF33B,0,-0.004781,0.1611
ZNF33B_2,ZNF33B,0,-0.00181,0.09539
ZNF33B_3,ZNF33B,0,-0.0237,0.2925
ZNF33B_4,ZNF33B,0,-0.007751,0.1226
ZNF33B_5,ZNF33B,0,-0.01243,0.1428
ZNF33B_6,ZNF33B,0,-0.004577,0.1317
ZNF341_P1_1,ZNF341,0,-0.01682,0.2412
ZNF341_P1_2,ZNF341,0,-0.02862,0.2335
ZNF341_P1_3,ZNF341,0,0.003969,0.1232
ZNF341_P1_4,ZNF341,0,-0.02621,0.2298
ZNF341_P1_5,ZNF341,0,-0.006122,0.1149
ZNF341_P1_6,ZNF341,0,0.00066,0.06939
ZNF341_P2_1,ZNF341,0,0.002032,0.1387
ZNF341_P2_2,ZNF341,0,-0.007589,0.08063
ZNF341_P2_3,ZNF341,0,-0.0249,0.2693
ZNF341_P2_4,ZNF341,0,-0.003606,0.1561
ZNF341_P2_5,ZNF341,0,-0.07626,0.4228
ZNF341_P2_6,ZNF341,0,0.003129,0.139
ZNF343_1,ZNF343,0,-0.02537,0.2124
ZNF343_2,ZNF343,0,-0.005217,0.1673
ZNF343_3,ZNF343,0,-0.02228,0.2587
ZNF343_4,ZNF343,0,-0.003805,0.1457
ZNF343_5,ZNF343,0,0.002023,0.09377
ZNF343_6,ZNF343,0,-0.0008706,0.1171
ZNF345_1,ZNF345,0,-0.029,0.2664
ZNF345_2,ZNF345,0,0.008458,0.1411
ZNF345_3,ZNF345,0,-0.007582,0.1204
ZNF345_4,ZNF345,0,-0.009541,0.1791
ZNF345_5,ZNF345,0,-0.0009458,0.1006
ZNF345_6,ZNF345,0,0.002794,0.07088
ZNF346_1,ZNF346,0,-0.00973,0.2272
ZNF346_2,ZNF346,0,0.0007329,0.1805
ZNF346_3,ZNF346,0,-0.001289,0.1299
ZNF346_4,ZNF346,0,-0.003674,0.1655
ZNF346_5,ZNF346,0,0.0006551,0.1104
ZNF346_6,ZNF346,0,-0.005214,0.1312
ZNF347_1,ZNF347,0,0.001589,0.1555
ZNF347_2,ZNF347,0,-0.001966,0.2004
ZNF347_3,ZNF347,0,0.009175,0.182
ZNF347_4,ZNF347,0,-0.008586,0.1604
ZNF347_5,ZNF347,0,0.003828,0.09398
ZNF347_6,ZNF347,0,-0.0007258,0.05625
ZNF34_1,ZNF34,0,-0.00101,0.182
ZNF34_2,ZNF34,0,-0.009057,0.159
ZNF34_3,ZNF34,0,-0.02744,0.2279
ZNF34_4,ZNF34,0,-0.005197,0.1246
ZNF34_5,ZNF34,0,-0.001997,0.09653
ZNF34_6,ZNF34,0,-0.009384,0.1273
ZNF350_1,ZNF350,0,-0.005401,0.09183
ZNF350_2,ZNF350,0,0.007184,0.08571
ZNF350_3,ZNF350,0,0.001171,0.1378
ZNF350_4,ZNF350,0,-0.01415,0.1733
ZNF350_5,ZNF350,0,-0.007718,0.08044
ZNF350_6,ZNF350,0,-0.00698,0.1214
ZNF354A_1,ZNF354A,0,-0.001926,0.1071
ZNF354A_2,ZNF354A,0,-0.01216,0.1218
ZNF354A_3,ZNF354A,0,-0.03607,0.3437
ZNF354A_4,ZNF354A,0,-0.01043,0.222
ZNF354A_5,ZNF354A,0,-0.004834,0.06741
ZNF354A_6,ZNF354A,0,-0.00341,0.1096
ZNF354B_1,ZNF354B,0,-0.02101,0.1424
ZNF354B_2,ZNF354B,0,0.01383,0.1498
ZNF354B_3,ZNF354B,0,-0.03033,0.2341
ZNF354B_4,ZNF354B,0,-0.004767,0.1451
ZNF354B_5,ZNF354B,0,0.005118,0.1063
ZNF354B_6,ZNF354B,0,-0.01049,0.1023
ZNF354C_1,ZNF354C,0,-0.004528,0.1535
ZNF354C_2,ZNF354C,0,-0.01167,0.2253
ZNF354C_3,ZNF354C,0,0.0009053,0.1351
ZNF354C_4,ZNF354C,0,-0.03709,0.2775
ZNF354C_5,ZNF354C,0,-0.003156,0.06663
ZNF354C_6,ZNF354C,0,-0.0005517,0.1094
ZNF358_P1_1,ZNF358,0,-0.01057,0.1381
ZNF358_P1_2,ZNF358,0,-0.0002103,0.1517
ZNF358_P1_3,ZNF358,0,-0.02507,0.2403
ZNF358_P1_4,ZNF358,0,-0.02621,0.2049
ZNF358_P1_5,ZNF358,0,-0.007449,0.1427
ZNF358_P1_6,ZNF358,0,-0.02326,0.2247
ZNF358_P2_1,ZNF358,0,0.0009626,0.1503
ZNF358_P2_2,ZNF358,0,0.006038,0.1347
ZNF358_P2_3,ZNF358,0,-0.0009298,0.1494
ZNF358_P2_4,ZNF358,0,0.0006355,0.1301
ZNF358_P2_5,ZNF358,0,-0.01176,0.226
ZNF358_P2_6,ZNF358,0,-0.001076,0.08743
ZNF35_1,ZNF35,0,-0.019,0.1727
ZNF35_2,ZNF35,0,-0.007832,0.1809
ZNF35_3,ZNF35,0,-0.02292,0.2216
ZNF35_4,ZNF35,0,-0.008357,0.1214
ZNF35_5,ZNF35,0,-0.006176,0.06805
ZNF35_6,ZNF35,0,-0.002695,0.08928
ZNF362_1,ZNF362,0,-0.01072,0.1414
ZNF362_2,ZNF362,0,-0.03226,0.2826
ZNF362_3,ZNF362,0,-0.2437,0.4894
ZNF362_4,ZNF362,0,0.0002199,0.1296
ZNF362_5,ZNF362,0,0.001116,0.1445
ZNF362_6,ZNF362,0,-0.001095,0.1004
ZNF365_1,ZNF365,0,-0.009744,0.1523
ZNF365_2,ZNF365,0,-0.008196,0.1675
ZNF365_3,ZNF365,0,-0.0055,0.1209
ZNF365_4,ZNF365,0,-0.0204,0.1931
ZNF365_5,ZNF365,0,0.004253,0.06832
ZNF365_6,ZNF365,0,-0.003425,0.07506
ZNF366_1,ZNF366,0,-0.005652,0.08728
ZNF366_2,ZNF366,0,-0.01679,0.1469
ZNF366_3,ZNF366,0,-0.02548,0.2022
ZNF366_4,ZNF366,0,-0.01348,0.2635
ZNF366_5,ZNF366,0,0.003147,0.09767
ZNF366_6,ZNF366,0,-0.003903,0.1104
ZNF367_1,ZNF367,0,-0.0009566,0.1719
ZNF367_2,ZNF367,0,-0.01162,0.1421
ZNF367_3,ZNF367,0,-0.01878,0.1684
ZNF367_4,ZNF367,0,-0.006038,0.1438
ZNF367_5,ZNF367,0,0.002434,0.1722
ZNF367_6,ZNF367,0,0.008771,0.0904
ZNF37A_1,ZNF37A,0,-0.004178,0.08151
ZNF37A_2,ZNF37A,0,0.0008702,0.1395
ZNF37A_3,ZNF37A,0,-0.01192,0.207
ZNF37A_4,ZNF37A,0,-0.008504,0.2497
ZNF37A_5,ZNF37A,0,-0.003219,0.1
ZNF37A_6,ZNF37A,0,0.002708,0.08632
ZNF382_1,ZNF382,0,-0.01109,0.1918
ZNF382_2,ZNF382,0,-0.005496,0.1691
ZNF382_3,ZNF382,0,0.001147,0.1264
ZNF382_4,ZNF382,0,0.001074,0.07866
ZNF382_5,ZNF382,0,-0.001159,0.0865
ZNF382_6,ZNF382,0,-0.008414,0.09804
ZNF383_1,ZNF383,0,0.007792,0.1405
ZNF383_2,ZNF383,0,-0.007662,0.1796
ZNF383_3,ZNF383,0,-0.09213,0.4126
ZNF383_4,ZNF383,0,-0.006003,0.2315
ZNF383_5,ZNF383,0,-0.00337,0.1344
ZNF383_6,ZNF383,0,0.006041,0.07042
ZNF384_1,ZNF384,0,-0.04539,0.2131
ZNF384_2,ZNF384,0,-0.01456,0.1726
ZNF384_3,ZNF384,0,-0.003375,0.1372
ZNF384_4,ZNF384,0,-0.03439,0.2946
ZNF384_5,ZNF384,0,-0.001221,0.1255
ZNF384_6,ZNF384,0,-0.01522,0.1353
ZNF385A_P1_1,ZNF385A,0,-0.005939,0.1202
ZNF385A_P1_2,ZNF385A,0,-0.001438,0.1417
ZNF385A_P1_3,ZNF385A,0,0.004786,0.1332
ZNF385A_P1_4,ZNF385A,0,-0.02479,0.2807
ZNF385A_P1_5,ZNF385A,0,-0.0001638,0.05185
ZNF385A_P1_6,ZNF385A,0,-0.0271,0.1731
ZNF385A_P2_1,ZNF385A,0,-0.006504,0.185
ZNF385A_P2_2,ZNF385A,0,-0.01346,0.1801
ZNF385A_P2_3,ZNF385A,0,-0.001626,0.1171
ZNF385A_P2_4,ZNF385A,0,0.01145,0.1236
ZNF385A_P2_5,ZNF385A,0,-0.009478,0.1518
ZNF385A_P2_6,ZNF385A,0,-0.009698,0.09155
ZNF385B_1,ZNF385B,0,-0.01433,0.1037
ZNF385B_2,ZNF385B,0,-0.009597,0.1656
ZNF385B_3,ZNF385B,0,-0.05359,0.273
ZNF385B_4,ZNF385B,0,-0.01474,0.1762
ZNF385B_5,ZNF385B,0,-0.002499,0.08883
ZNF385B_6,ZNF385B,0,-0.01162,0.1942
ZNF385C_1,ZNF385C,0,0.001247,0.1585
ZNF385C_2,ZNF385C,0,-0.01583,0.1166
ZNF385C_3,ZNF385C,0,-0.02998,0.1937
ZNF385C_4,ZNF385C,0,-0.005485,0.06473
ZNF385C_5,ZNF385C,0,0.002032,0.1049
ZNF385C_6,ZNF385C,0,-0.02416,0.1652
ZNF385D_1,ZNF385D,0,-0.004944,0.122
ZNF385D_2,ZNF385D,0,-0.01696,0.2132
ZNF385D_3,ZNF385D,0,0.001863,0.1841
ZNF385D_4,ZNF385D,0,-0.01074,0.2122
ZNF385D_5,ZNF385D,0,-0.004051,0.08775
ZNF385D_6,ZNF385D,0,-0.008504,0.1297
ZNF391_1,ZNF391,0,0.003235,0.2139
ZNF391_2,ZNF391,0,0.002664,0.1558
ZNF391_3,ZNF391,0,-0.002473,0.1635
ZNF391_4,ZNF391,0,-0.0187,0.2227
ZNF391_5,ZNF391,0,-0.003661,0.1508
ZNF391_6,ZNF391,0,-0.01407,0.1913
ZNF394_1,ZNF394,0,0.003482,0.1266
ZNF394_2,ZNF394,0,0.003645,0.0971
ZNF394_3,ZNF394,0,-0.01564,0.2089
ZNF394_4,ZNF394,0,-0.01142,0.08659
ZNF394_5,ZNF394,0,-0.004696,0.09148
ZNF394_6,ZNF394,0,0.001478,0.1227
ZNF395_1,ZNF395,0,-0.02062,0.2647
ZNF395_2,ZNF395,0,-0.01416,0.146
ZNF395_3,ZNF395,0,-0.04415,0.2209
ZNF395_4,ZNF395,0,0.004623,0.1092
ZNF395_5,ZNF395,0,-0.002714,0.0979
ZNF395_6,ZNF395,0,-0.002136,0.07257
ZNF396_1,ZNF396,0,-0.005254,0.1041
ZNF396_2,ZNF396,0,-0.01501,0.1486
ZNF396_3,ZNF396,0,-0.01172,0.1696
ZNF396_4,ZNF396,0,-0.004681,0.08106
ZNF396_5,ZNF396,0,-0.004124,0.07415
ZNF396_6,ZNF396,0,-0.003118,0.07789
ZNF397_1,ZNF397,0,-0.1096,0.4139
ZNF397_2,ZNF397,0,0.001543,0.1505
ZNF397_3,ZNF397,0,-0.0001011,0.08243
ZNF397_4,ZNF397,0,-0.01336,0.1231
ZNF397_5,ZNF397,0,-0.003025,0.1498
ZNF397_6,ZNF397,0,0.005345,0.09754
ZNF398_1,ZNF398,0,-0.01777,0.1465
ZNF398_2,ZNF398,0,-0.007554,0.174
ZNF398_3,ZNF398,0,-0.0108,0.1454
ZNF398_4,ZNF398,0,-0.005988,0.1937
ZNF398_5,ZNF398,0,-0.001459,0.1058
ZNF398_6,ZNF398,0,-0.01356,0.1412
ZNF3_1,ZNF3,0,-0.003873,0.1267
ZNF3_2,ZNF3,0,0.0004758,0.1636
ZNF3_3,ZNF3,0,-0.01097,0.07985
ZNF3_4,ZNF3,0,-0.01386,0.2248
ZNF3_5,ZNF3,0,0.0006251,0.08207
ZNF3_6,ZNF3,0,0.005667,0.1136
ZNF404_1,ZNF404,0,-0.006951,0.1723
ZNF404_2,ZNF404,0,-0.01817,0.1231
ZNF404_3,ZNF404,0,0.0008594,0.09164
ZNF404_4,ZNF404,0,-0.009113,0.1014
ZNF404_5,ZNF404,0,-0.002448,0.176
ZNF404_6,ZNF404,0,-0.01076,0.1642
ZNF407_1,ZNF407,0,-0.01012,0.1249
ZNF407_2,ZNF407,0,0.001618,0.08545
ZNF407_3,ZNF407,0,-0.00684,0.1193
ZNF407_4,ZNF407,0,0.007054,0.2281
ZNF407_5,ZNF407,0,-0.000534,0.148
ZNF407_6,ZNF407,0,-0.009701,0.09462
ZNF408_1,ZNF408,0,-0.009034,0.2091
ZNF408_2,ZNF408,0,-0.008991,0.1455
ZNF408_3,ZNF408,0,-0.002841,0.1418
ZNF408_4,ZNF408,0,-0.004487,0.08967
ZNF408_5,ZNF408,0,0.002668,0.08895
ZNF408_6,ZNF408,0,-0.00998,0.1477
ZNF410_1,ZNF410,0,0.0005443,0.1401
ZNF410_2,ZNF410,0,-0.008686,0.2307
ZNF410_3,ZNF410,0,-0.0291,0.3148
ZNF410_4,ZNF410,0,0.003635,0.1461
ZNF410_5,ZNF410,0,-0.01152,0.1604
ZNF410_6,ZNF410,0,-0.003424,0.1777
ZNF414_1,ZNF414,0,0.007312,0.1881
ZNF414_2,ZNF414,0,-0.005403,0.1417
ZNF414_3,ZNF414,0,-0.02711,0.1901
ZNF414_4,ZNF414,0,-0.01764,0.2379
ZNF414_5,ZNF414,0,-0.003868,0.09243
ZNF414_6,ZNF414,0,-0.00535,0.1079
ZNF415_1,ZNF415,0,-0.002214,0.1021
ZNF415_2,ZNF415,0,-0.0007484,0.1331
ZNF415_3,ZNF415,0,-0.002666,0.169
ZNF415_4,ZNF415,0,0.0005669,0.05376
ZNF415_5,ZNF415,0,-0.001242,0.07831
ZNF415_6,ZNF415,0,-0.003244,0.118
ZNF416_1,ZNF416,0,-0.02932,0.1925
ZNF416_2,ZNF416,0,-0.001896,0.1513
ZNF416_3,ZNF416,0,-0.000849,0.1308
ZNF416_4,ZNF416,0,0.006559,0.2057
ZNF416_5,ZNF416,0,-0.00254,0.06058
ZNF416_6,ZNF416,0,0.004791,0.1034
ZNF417_1,ZNF417,0,-0.0008717,0.1059
ZNF417_2,ZNF417,0,0.001056,0.1796
ZNF417_3,ZNF417,0,-0.06546,0.3277
ZNF417_4,ZNF417,0,-0.01269,0.1924
ZNF417_5,ZNF417,0,-0.005924,0.09477
ZNF417_6,ZNF417,0,-0.02759,0.1599
ZNF418_1,ZNF418,0,0.002982,0.1153
ZNF418_2,ZNF418,0,-0.009621,0.1377
ZNF418_3,ZNF418,0,-0.005069,0.1379
ZNF418_4,ZNF418,0,-0.003022,0.1105
ZNF418_5,ZNF418,0,-0.004452,0.08909
ZNF418_6,ZNF418,0,-0.01663,0.121
ZNF419_1,ZNF419,0,-0.002431,0.1334
ZNF419_2,ZNF419,0,-0.00385,0.1568
ZNF419_3,ZNF419,0,-0.0152,0.1337
ZNF419_4,ZNF419,0,0.002235,0.1728
ZNF419_5,ZNF419,0,-0.01236,0.1809
ZNF419_6,ZNF419,0,-0.002526,0.1703
ZNF41_1,ZNF41,0,-0.03755,0.2461
ZNF41_2,ZNF41,0,-0.008496,0.18
ZNF41_3,ZNF41,0,-0.01956,0.2303
ZNF41_4,ZNF41,0,0.002731,0.144
ZNF41_5,ZNF41,0,-0.004935,0.09638
ZNF41_6,ZNF41,0,-0.02003,0.1554
ZNF420_1,ZNF420,0,-0.005956,0.1531
ZNF420_2,ZNF420,0,-0.0008292,0.1606
ZNF420_3,ZNF420,0,-0.001458,0.0665
ZNF420_4,ZNF420,0,-0.01605,0.1782
ZNF420_5,ZNF420,0,-0.007817,0.164
ZNF420_6,ZNF420,0,-0.004832,0.08206
ZNF423_P1_1,ZNF423,0,-0.0002565,0.07487
ZNF423_P1_2,ZNF423,0,0.009303,0.1604
ZNF423_P1_3,ZNF423,0,-0.0038,0.1781
ZNF423_P1_4,ZNF423,0,-0.002527,0.08697
ZNF423_P1_5,ZNF423,0,-0.003403,0.08399
ZNF423_P1_6,ZNF423,0,0.004684,0.06109
ZNF423_P2_1,ZNF423,0,-0.001123,0.1198
ZNF423_P2_2,ZNF423,0,-0.006608,0.09639
ZNF423_P2_3,ZNF423,0,-0.01419,0.1929
ZNF423_P2_4,ZNF423,0,-0.002372,0.09523
ZNF423_P2_5,ZNF423,0,-0.03657,0.2074
ZNF423_P2_6,ZNF423,0,-0.01391,0.2543
ZNF425_1,ZNF425,0,0.004002,0.1806
ZNF425_2,ZNF425,0,-0.008611,0.2198
ZNF425_3,ZNF425,0,-0.005518,0.1408
ZNF425_4,ZNF425,0,-0.026,0.2286
ZNF425_5,ZNF425,0,-0.02473,0.212
ZNF425_6,ZNF425,0,0.007797,0.08453
ZNF426_1,ZNF426,0,-0.007777,0.2003
ZNF426_2,ZNF426,0,-0.01684,0.172
ZNF426_3,ZNF426,0,0.004701,0.2489
ZNF426_4,ZNF426,0,-0.007634,0.08409
ZNF426_5,ZNF426,0,-0.01324,0.1556
ZNF426_6,ZNF426,0,-0.004335,0.1045
ZNF428_1,ZNF428,0,-0.01963,0.2336
ZNF428_2,ZNF428,0,0.001456,0.1863
ZNF428_3,ZNF428,0,6.823e-05,0.09637
ZNF428_4,ZNF428,0,-0.02061,0.2757
ZNF428_5,ZNF428,0,-0.004267,0.1163
ZNF428_6,ZNF428,0,-0.006074,0.1317
ZNF429_1,ZNF429,0,-0.001527,0.09234
ZNF429_2,ZNF429,0,-0.03366,0.2316
ZNF429_3,ZNF429,0,-0.009873,0.1587
ZNF429_4,ZNF429,0,-0.0003959,0.09954
ZNF429_5,ZNF429,0,0.003282,0.05983
ZNF429_6,ZNF429,0,0.003301,0.06136
ZNF430_1,ZNF430,0,-0.003718,0.1171
ZNF430_2,ZNF430,0,-0.01108,0.1986
ZNF430_3,ZNF430,0,-0.003901,0.1572
ZNF430_4,ZNF430,0,-0.02199,0.1614
ZNF430_5,ZNF430,0,0.003211,0.1386
ZNF430_6,ZNF430,0,-0.0002538,0.08514
ZNF431_1,ZNF431,0,-0.01577,0.2729
ZNF431_2,ZNF431,0,0.0002568,0.1102
ZNF431_3,ZNF431,0,-0.007302,0.1319
ZNF431_4,ZNF431,1,-0.006638,0.1959
ZNF431_5,ZNF431,1,0.008433,0.1148
ZNF431_6,ZNF431,0,-0.0005675,0.08717
ZNF432_1,ZNF432,0,0.004036,0.1647
ZNF432_2,ZNF432,0,-0.02753,0.2198
ZNF432_3,ZNF432,0,0.002102,0.07787
ZNF432_4,ZNF432,0,-0.02216,0.2488
ZNF432_5,ZNF432,0,-0.002323,0.09969
ZNF432_6,ZNF432,0,0.0111,0.132
ZNF433_1,ZNF433,0,0.004387,0.1419
ZNF433_2,ZNF433,0,-0.0001468,0.1418
ZNF433_3,ZNF433,0,-0.01827,0.2528
ZNF433_4,ZNF433,0,-0.0009452,0.1049
ZNF433_5,ZNF433,0,-0.003793,0.1049
ZNF433_6,ZNF433,0,-0.0002082,0.08947
ZNF436_P1_1,ZNF436,0,-0.01754,0.2138
ZNF436_P1_2,ZNF436,0,-0.0001577,0.2305
ZNF436_P1_3,ZNF436,0,-0.009646,0.1901
ZNF436_P1_4,ZNF436,0,0.004931,0.1341
ZNF436_P1_5,ZNF436,0,0.01182,0.2042
ZNF436_P1_6,ZNF436,0,-0.006172,0.1186
ZNF436_P2_1,ZNF436,0,-0.007656,0.2018
ZNF436_P2_2,ZNF436,0,-0.007452,0.1177
ZNF436_P2_3,ZNF436,0,-0.005017,0.1649
ZNF436_P2_4,ZNF436,0,0.008065,0.1252
ZNF436_P2_5,ZNF436,0,0.001814,0.09723
ZNF436_P2_6,ZNF436,0,-0.001993,0.1296
ZNF438_P1_1,ZNF438,0,-0.008723,0.1087
ZNF438_P1_2,ZNF438,0,-0.06729,0.3181
ZNF438_P1_3,ZNF438,0,0.0005094,0.1778
ZNF438_P1_4,ZNF438,0,-0.002798,0.09383
ZNF438_P1_5,ZNF438,0,-0.004883,0.1094
ZNF438_P1_6,ZNF438,0,-0.008928,0.148
ZNF438_P2_1,ZNF438,0,-0.02237,0.2088
ZNF438_P2_2,ZNF438,0,-0.009617,0.118
ZNF438_P2_3,ZNF438,0,0.009133,0.2479
ZNF438_P2_4,ZNF438,0,-0.001873,0.1166
ZNF438_P2_5,ZNF438,0,-0.002555,0.07414
ZNF438_P2_6,ZNF438,0,-0.02163,0.1488
ZNF439_1,ZNF439,0,-0.005463,0.08891
ZNF439_2,ZNF439,0,-0.000668,0.08828
ZNF439_3,ZNF439,0,-0.001929,0.09574
ZNF439_4,ZNF439,0,-0.01518,0.1751
ZNF439_5,ZNF439,0,-0.00387,0.0951
ZNF439_6,ZNF439,0,-0.004249,0.1061
ZNF43_P1_1,ZNF43,0,-0.01183,0.1912
ZNF43_P1_2,ZNF43,0,0.001316,0.06222
ZNF43_P1_3,ZNF43,0,-0.009157,0.1758
ZNF43_P1_4,ZNF43,0,-0.005881,0.1086
ZNF43_P1_5,ZNF43,0,0.002536,0.05578
ZNF43_P1_6,ZNF43,0,-0.01097,0.08739
ZNF43_P2_1,ZNF43,0,0.01454,0.1289
ZNF43_P2_2,ZNF43,0,-0.009848,0.1461
ZNF43_P2_3,ZNF43,0,0.002146,0.1549
ZNF43_P2_4,ZNF43,0,-0.02259,0.2251
ZNF43_P2_5,ZNF43,0,0.0003869,0.05869
ZNF43_P2_6,ZNF43,0,-0.001476,0.1155
ZNF440_1,ZNF440,0,-0.02901,0.1999
ZNF440_2,ZNF440,0,-0.01568,0.1434
ZNF440_3,ZNF440,0,-0.002326,0.08571
ZNF440_4,ZNF440,0,0.003609,0.09531
ZNF440_5,ZNF440,0,-0.006258,0.1514
ZNF440_6,ZNF440,0,0.0007634,0.1106
ZNF441_1,ZNF441,0,-0.01059,0.1242
ZNF441_2,ZNF441,0,-0.03995,0.1851
ZNF441_3,ZNF441,0,-0.006956,0.1466
ZNF441_4,ZNF441,0,-0.01809,0.2365
ZNF441_5,ZNF441,0,-0.00583,0.09648
ZNF441_6,ZNF441,0,-0.002985,0.09613
ZNF442_1,ZNF442,0,-0.006751,0.1192
ZNF442_2,ZNF442,0,-0.001494,0.1335
ZNF442_3,ZNF442,0,-0.0066,0.1286
ZNF442_4,ZNF442,0,7.226e-05,0.1794
ZNF442_5,ZNF442,0,0.003033,0.11
ZNF442_6,ZNF442,0,0.00244,0.1238
ZNF443_1,ZNF443,0,-0.002621,0.1074
ZNF443_2,ZNF443,0,-0.003883,0.2151
ZNF443_3,ZNF443,0,-0.005248,0.2096
ZNF443_4,ZNF443,0,-0.02595,0.1759
ZNF443_5,ZNF443,0,-0.02049,0.1633
ZNF443_6,ZNF443,0,-0.003632,0.1003
ZNF444_1,ZNF444,0,-0.007498,0.1865
ZNF444_2,ZNF444,0,-0.008302,0.2334
ZNF444_3,ZNF444,0,-0.00394,0.1262
ZNF444_4,ZNF444,0,-0.01391,0.158
ZNF444_5,ZNF444,0,-0.005747,0.1264
ZNF444_6,ZNF444,0,-0.01525,0.1499
ZNF445_1,ZNF445,0,-0.02158,0.1833
ZNF445_2,ZNF445,0,-0.1331,0.4216
ZNF445_3,ZNF445,0,0.0001557,0.1429
ZNF445_4,ZNF445,0,-0.002778,0.137
ZNF445_5,ZNF445,0,-0.009075,0.1381
ZNF445_6,ZNF445,0,-0.01244,0.06531
ZNF446_1,ZNF446,0,0.009208,0.1538
ZNF446_2,ZNF446,0,0.0005573,0.147
ZNF446_3,ZNF446,0,-0.01532,0.2322
ZNF446_4,ZNF446,0,-0.0162,0.1809
ZNF446_5,ZNF446,0,-0.009149,0.08414
ZNF446_6,ZNF446,0,-0.000978,0.05463
ZNF449_1,ZNF449,0,-0.008206,0.1597
ZNF449_2,ZNF449,0,-0.002446,0.1609
ZNF449_3,ZNF449,0,-0.0132,0.08976
ZNF449_4,ZNF449,0,-0.00226,0.1486
ZNF449_5,ZNF449,0,0.005414,0.1051
ZNF449_6,ZNF449,0,-0.006072,0.0938
ZNF44_1,ZNF44,0,-0.01517,0.09697
ZNF44_2,ZNF44,0,-0.00607,0.1196
ZNF44_3,ZNF44,0,-0.00779,0.09953
ZNF44_4,ZNF44,0,-0.0185,0.2833
ZNF44_5,ZNF44,0,-0.008571,0.1323
ZNF44_6,ZNF44,0,0.003827,0.059
ZNF451_1,ZNF451,0,-0.0007948,0.156
ZNF451_2,ZNF451,0,-0.00541,0.109
ZNF451_3,ZNF451,0,-0.04349,0.2328
ZNF451_4,ZNF451,0,-0.007612,0.1368
ZNF451_5,ZNF451,0,-0.004072,0.05755
ZNF451_6,ZNF451,0,-0.008068,0.07491
ZNF454_1,ZNF454,0,0.005932,0.144
ZNF454_2,ZNF454,0,0.004884,0.1344
ZNF454_3,ZNF454,0,-0.0183,0.1457
ZNF454_4,ZNF454,0,-0.0126,0.1039
ZNF454_5,ZNF454,0,-0.0007129,0.1428
ZNF454_6,ZNF454,0,0.00236,0.07659
ZNF45_1,ZNF45,0,0.0002572,0.09591
ZNF45_2,ZNF45,0,-0.02989,0.1539
ZNF45_3,ZNF45,0,-0.05705,0.316
ZNF45_4,ZNF45,0,-0.02191,0.2063
ZNF45_5,ZNF45,0,-0.009395,0.0968
ZNF45_6,ZNF45,0,-0.000191,0.08265
ZNF460_1,ZNF460,1,0.003023,0.1044
ZNF460_2,ZNF460,1,-0.008636,0.119
ZNF460_3,ZNF460,1,-0.002502,0.104
ZNF460_4,ZNF460,0,-0.005351,0.1019
ZNF460_5,ZNF460,0,-0.001586,0.05413
ZNF460_6,ZNF460,0,-0.007306,0.08691
ZNF461_1,ZNF461,0,-0.01034,0.1477
ZNF461_2,ZNF461,0,-0.0183,0.2414
ZNF461_3,ZNF461,0,-0.004989,0.07455
ZNF461_4,ZNF461,0,-0.04067,0.3615
ZNF461_5,ZNF461,0,-0.01275,0.1868
ZNF461_6,ZNF461,0,-0.005286,0.1328
ZNF462_1,ZNF462,0,-0.04546,0.2856
ZNF462_2,ZNF462,0,-0.005188,0.1127
ZNF462_3,ZNF462,0,0.001667,0.08895
ZNF462_4,ZNF462,0,-0.03942,0.2653
ZNF462_5,ZNF462,0,2.542e-05,0.1319
ZNF462_6,ZNF462,0,-0.004967,0.1006
ZNF467_1,ZNF467,0,-0.006256,0.1199
ZNF467_2,ZNF467,0,-0.01938,0.1828
ZNF467_3,ZNF467,0,-0.009129,0.1303
ZNF467_4,ZNF467,0,-0.005492,0.1264
ZNF467_5,ZNF467,0,-0.01554,0.1149
ZNF467_6,ZNF467,0,-0.006338,0.1325
ZNF468_1,ZNF468,0,-0.008243,0.168
ZNF468_2,ZNF468,0,0.006979,0.1965
ZNF468_3,ZNF468,0,-0.01707,0.1943
ZNF468_4,ZNF468,0,-0.02831,0.1755
ZNF468_5,ZNF468,0,-0.005387,0.1324
ZNF468_6,ZNF468,0,-0.01876,0.134
ZNF469_1,ZNF469,0,-0.03135,0.1989
ZNF469_2,ZNF469,0,0.007017,0.1064
ZNF469_3,ZNF469,0,-0.006009,0.1407
ZNF469_4,ZNF469,0,-0.02457,0.1564
ZNF469_5,ZNF469,0,-0.01482,0.1179
ZNF469_6,ZNF469,0,-0.0099,0.1466
ZNF470_1,ZNF470,0,0.001828,0.1343
ZNF470_2,ZNF470,0,0.008621,0.1069
ZNF470_3,ZNF470,0,-0.04078,0.2186
ZNF470_4,ZNF470,0,-0.02449,0.1905
ZNF470_5,ZNF470,0,-0.00816,0.1765
ZNF470_6,ZNF470,0,-0.007093,0.1538
ZNF471_1,ZNF471,0,-0.02067,0.2143
ZNF471_2,ZNF471,0,-0.004825,0.2677
ZNF471_3,ZNF471,0,0.001756,0.09941
ZNF471_4,ZNF471,0,-0.008062,0.1702
ZNF471_5,ZNF471,0,-0.000214,0.124
ZNF471_6,ZNF471,0,0.000146,0.1168
ZNF473_1,ZNF473,0,-0.004564,0.1369
ZNF473_2,ZNF473,0,-0.003631,0.1725
ZNF473_3,ZNF473,0,-0.01637,0.1959
ZNF473_4,ZNF473,0,-0.02523,0.2811
ZNF473_5,ZNF473,0,-0.0008217,0.1045
ZNF473_6,ZNF473,0,-0.008845,0.1415
ZNF474_1,ZNF474,0,-0.005077,0.106
ZNF474_2,ZNF474,0,0.0003842,0.107
ZNF474_3,ZNF474,0,-0.003049,0.199
ZNF474_4,ZNF474,0,-0.0004173,0.2134
ZNF474_5,ZNF474,0,-0.01592,0.1413
ZNF474_6,ZNF474,0,-0.009387,0.09369
ZNF479_1,ZNF479,0,-0.01155,0.1734
ZNF479_2,ZNF479,0,0.001783,0.1602
ZNF479_4,ZNF479,0,-0.04516,0.4325
ZNF479_5,ZNF479,0,-0.005628,0.2013
ZNF479_6,ZNF479,0,-0.01555,0.1539
ZNF480_1,ZNF480,0,0.005362,0.1159
ZNF480_2,ZNF480,0,-0.01121,0.1716
ZNF480_3,ZNF480,0,0.0002694,0.08578
ZNF480_4,ZNF480,0,-0.003769,0.1418
ZNF480_5,ZNF480,0,-0.002939,0.09449
ZNF480_6,ZNF480,0,-0.008279,0.08802
ZNF483_1,ZNF483,0,-0.01109,0.127
ZNF483_2,ZNF483,0,0.003724,0.1199
ZNF483_3,ZNF483,0,-0.004705,0.142
ZNF483_4,ZNF483,0,-0.04377,0.4043
ZNF483_5,ZNF483,0,0.002432,0.09822
ZNF483_6,ZNF483,0,-0.002556,0.08148
ZNF484_1,ZNF484,0,0.00184,0.1893
ZNF484_2,ZNF484,0,-0.02129,0.139
ZNF484_3,ZNF484,0,0.002236,0.2079
ZNF484_4,ZNF484,0,-0.006295,0.1716
ZNF484_5,ZNF484,0,-0.01106,0.1084
ZNF484_6,ZNF484,0,-0.004213,0.1383
ZNF485_1,ZNF485,0,-0.03261,0.1733
ZNF485_2,ZNF485,0,-0.01994,0.2044
ZNF485_3,ZNF485,0,-0.013,0.1895
ZNF485_4,ZNF485,0,0.002727,0.1929
ZNF485_5,ZNF485,0,-0.004686,0.1301
ZNF485_6,ZNF485,0,-0.00269,0.1046
ZNF486_1,ZNF486,0,-0.01437,0.1802
ZNF486_2,ZNF486,0,0.008312,0.09397
ZNF486_3,ZNF486,0,-0.003881,0.1222
ZNF486_4,ZNF486,0,-0.009762,0.178
ZNF486_5,ZNF486,0,-0.00396,0.08264
ZNF486_6,ZNF486,0,-0.01131,0.1037
ZNF488_P1_1,ZNF488,0,-0.00685,0.1354
ZNF488_P1_2,ZNF488,0,-0.004859,0.1196
ZNF488_P1_3,ZNF488,0,0.001276,0.1263
ZNF488_P1_4,ZNF488,0,-0.02071,0.2258
ZNF488_P1_5,ZNF488,0,-0.003032,0.1029
ZNF488_P1_6,ZNF488,0,0.005195,0.09512
ZNF488_P2_1,ZNF488,0,-0.0563,0.3194
ZNF488_P2_2,ZNF488,0,-0.01212,0.1454
ZNF488_P2_3,ZNF488,0,-0.0345,0.2412
ZNF488_P2_4,ZNF488,0,-0.01633,0.131
ZNF488_P2_5,ZNF488,0,-0.01033,0.09202
ZNF488_P2_6,ZNF488,0,-0.01344,0.1944
ZNF48_1,ZNF48,0,-0.01065,0.2178
ZNF48_2,ZNF48,1,-0.01483,0.1577
ZNF48_3,ZNF48,0,-0.00149,0.1223
ZNF48_4,ZNF48,0,-0.01048,0.1632
ZNF48_5,ZNF48,1,-0.01345,0.1589
ZNF48_6,ZNF48,0,-0.008732,0.09273
ZNF490_1,ZNF490,0,-0.01529,0.1564
ZNF490_2,ZNF490,0,0.005569,0.1458
ZNF490_3,ZNF490,0,-0.01601,0.1424
ZNF490_4,ZNF490,0,-0.01514,0.1331
ZNF490_5,ZNF490,0,-0.004021,0.099
ZNF490_6,ZNF490,0,-0.003303,0.08961
ZNF491_1,ZNF491,0,-0.01005,0.1787
ZNF491_2,ZNF491,0,0.0008011,0.1528
ZNF491_3,ZNF491,0,-0.01285,0.1456
ZNF491_4,ZNF491,0,-0.01261,0.1307
ZNF491_5,ZNF491,0,-0.008337,0.1297
ZNF491_6,ZNF491,0,-0.008977,0.1147
ZNF492_1,ZNF492,0,-0.02631,0.1809
ZNF492_2,ZNF492,0,-0.006512,0.09401
ZNF492_3,ZNF492,0,-0.008142,0.1264
ZNF492_4,ZNF492,0,0.002501,0.1109
ZNF492_5,ZNF492,0,-0.01255,0.1116
ZNF492_6,ZNF492,0,-0.01102,0.1467
ZNF493_1,ZNF493,0,-0.003196,0.2439
ZNF493_2,ZNF493,0,-0.008926,0.1329
ZNF493_3,ZNF493,0,-0.02867,0.2604
ZNF493_4,ZNF493,0,-0.005286,0.1103
ZNF493_5,ZNF493,0,-0.003149,0.07969
ZNF493_6,ZNF493,0,0.0006309,0.095
ZNF496_1,ZNF496,0,-0.006825,0.09047
ZNF496_2,ZNF496,0,-0.01876,0.145
ZNF496_3,ZNF496,0,0.007862,0.1207
ZNF496_4,ZNF496,0,-0.003352,0.07627
ZNF496_5,ZNF496,0,-0.005087,0.05753
ZNF496_6,ZNF496,0,0.007261,0.1432
ZNF497_1,ZNF497,0,-0.01648,0.1114
ZNF497_3,ZNF497,0,-0.006664,0.1593
ZNF497_4,ZNF497,0,-0.00999,0.2065
ZNF497_5,ZNF497,0,-0.02188,0.2011
ZNF497_6,ZNF497,0,0.004292,0.1671
ZNF500_1,ZNF500,0,-0.002645,0.1223
ZNF500_2,ZNF500,0,-0.004969,0.1486
ZNF500_3,ZNF500,0,-0.01361,0.1416
ZNF500_4,ZNF500,0,-0.004824,0.195
ZNF500_5,ZNF500,0,-0.004465,0.08379
ZNF500_6,ZNF500,0,-3.565e-05,0.1524
ZNF501_1,ZNF501,0,-0.004685,0.1194
ZNF501_2,ZNF501,0,-0.009883,0.1136
ZNF501_3,ZNF501,0,-0.03479,0.2119
ZNF501_4,ZNF501,0,-0.008392,0.149
ZNF501_5,ZNF501,0,-0.005185,0.1215
ZNF501_6,ZNF501,0,-0.001891,0.1157
ZNF502_1,ZNF502,0,-0.01484,0.1404
ZNF502_2,ZNF502,0,-0.006606,0.1603
ZNF502_3,ZNF502,0,-0.009093,0.1452
ZNF502_4,ZNF502,0,-0.0201,0.1987
ZNF502_5,ZNF502,0,-0.009619,0.1025
ZNF502_6,ZNF502,0,-0.003322,0.1226
ZNF503_1,ZNF503,0,-0.001192,0.1155
ZNF503_2,ZNF503,0,-0.01042,0.1688
ZNF503_3,ZNF503,0,-0.01314,0.2351
ZNF503_4,ZNF503,0,0.000991,0.1613
ZNF503_5,ZNF503,0,-0.01246,0.129
ZNF503_6,ZNF503,0,-0.02303,0.124
ZNF506_1,ZNF506,0,-0.01336,0.1684
ZNF506_2,ZNF506,0,0.006789,0.2147
ZNF506_3,ZNF506,0,-0.00377,0.1771
ZNF506_4,ZNF506,0,0.003759,0.1482
ZNF506_5,ZNF506,0,-0.006122,0.08479
ZNF506_6,ZNF506,0,-0.004554,0.1014
ZNF507_1,ZNF507,0,-0.009518,0.1452
ZNF507_2,ZNF507,0,0.007369,0.1193
ZNF507_4,ZNF507,0,-0.002283,0.1404
ZNF507_5,ZNF507,0,0.002402,0.1762
ZNF507_6,ZNF507,0,-0.0128,0.09852
ZNF510_1,ZNF510,0,-0.02798,0.1635
ZNF510_2,ZNF510,0,-0.006873,0.1481
ZNF510_3,ZNF510,0,-0.008843,0.09133
ZNF510_4,ZNF510,0,-0.005978,0.1148
ZNF510_5,ZNF510,0,-0.006508,0.1206
ZNF510_6,ZNF510,0,-0.005401,0.08252
ZNF511_1,ZNF511,0,-0.05696,0.3431
ZNF511_2,ZNF511,0,-0.01564,0.1674
ZNF511_3,ZNF511,0,-0.2723,0.641
ZNF511_4,ZNF511,0,-0.1767,0.5532
ZNF511_5,ZNF511,0,-0.001314,0.09473
ZNF511_6,ZNF511,0,-0.006146,0.1644
ZNF512B_1,ZNF512B,0,-0.03684,0.2407
ZNF512B_2,ZNF512B,0,-0.009599,0.1907
ZNF512B_3,ZNF512B,0,-0.0008433,0.1193
ZNF512B_4,ZNF512B,0,-0.01726,0.1358
ZNF512B_5,ZNF512B,0,0.002509,0.1064
ZNF512B_6,ZNF512B,0,-0.003939,0.05428
ZNF512_1,ZNF512,0,-0.003019,0.1552
ZNF512_2,ZNF512,0,-0.01259,0.1515
ZNF512_3,ZNF512,0,-0.01665,0.2037
ZNF512_4,ZNF512,0,0.003432,0.165
ZNF512_5,ZNF512,0,-0.005097,0.1313
ZNF512_6,ZNF512,0,-0.01445,0.2007
ZNF513_1,ZNF513,0,-0.006495,0.2189
ZNF513_2,ZNF513,0,-0.007988,0.1638
ZNF513_3,ZNF513,0,-0.007445,0.149
ZNF513_4,ZNF513,0,0.006652,0.2251
ZNF513_5,ZNF513,0,-0.0336,0.1765
ZNF513_6,ZNF513,0,-0.001862,0.0617
ZNF514_P1_1,ZNF514,0,-0.02763,0.275
ZNF514_P1_2,ZNF514,0,-0.001993,0.1782
ZNF514_P1_3,ZNF514,0,0.001687,0.2045
ZNF514_P1_4,ZNF514,0,0.002372,0.1246
ZNF514_P1_5,ZNF514,0,-0.001089,0.09754
ZNF514_P1_6,ZNF514,0,0.01038,0.2004
ZNF514_P2_1,ZNF514,0,-0.01358,0.1305
ZNF514_P2_2,ZNF514,0,0.0007182,0.06824
ZNF514_P2_3,ZNF514,0,-0.06865,0.4447
ZNF514_P2_4,ZNF514,0,-0.001833,0.09187
ZNF514_P2_5,ZNF514,0,-0.008458,0.09119
ZNF514_P2_6,ZNF514,0,-0.001265,0.08677
ZNF516_1,ZNF516,0,0.0049,0.0994
ZNF516_2,ZNF516,0,-0.03044,0.2109
ZNF516_3,ZNF516,0,-0.007626,0.1644
ZNF516_4,ZNF516,0,0.004307,0.2313
ZNF516_5,ZNF516,0,-0.007457,0.06691
ZNF516_6,ZNF516,0,-0.0066,0.1182
ZNF517_1,ZNF517,0,-0.002146,0.1989
ZNF517_2,ZNF517,0,-0.01278,0.1357
ZNF517_3,ZNF517,0,-0.01327,0.278
ZNF517_4,ZNF517,0,-0.01984,0.1625
ZNF517_5,ZNF517,0,-0.001585,0.1004
ZNF517_6,ZNF517,0,0.001388,0.1724
ZNF518A_1,ZNF518A,0,-0.0147,0.1915
ZNF518A_2,ZNF518A,0,-0.002569,0.1507
ZNF518A_3,ZNF518A,0,-0.02984,0.3047
ZNF518A_4,ZNF518A,0,-0.02445,0.2533
ZNF518A_5,ZNF518A,0,0.001141,0.1109
ZNF518A_6,ZNF518A,0,0.01004,0.1472
ZNF518B_1,ZNF518B,0,-0.02379,0.2016
ZNF518B_2,ZNF518B,0,-0.00632,0.126
ZNF518B_3,ZNF518B,0,0.0007653,0.07458
ZNF518B_4,ZNF518B,0,-0.007953,0.1713
ZNF518B_5,ZNF518B,0,-0.002976,0.1168
ZNF518B_6,ZNF518B,0,-0.007082,0.1429
ZNF519_1,ZNF519,0,-0.009875,0.1756
ZNF519_2,ZNF519,0,-0.001893,0.1607
ZNF519_3,ZNF519,0,-0.02121,0.2451
ZNF519_4,ZNF519,0,-0.0156,0.1655
ZNF519_5,ZNF519,0,0.001816,0.08821
ZNF519_6,ZNF519,0,-0.006024,0.07994
ZNF521_1,ZNF521,0,-0.0002717,0.0842
ZNF521_2,ZNF521,0,-0.00998,0.1802
ZNF521_3,ZNF521,0,-0.01662,0.1804
ZNF521_4,ZNF521,0,-0.003813,0.1589
ZNF521_5,ZNF521,0,0.0007118,0.06966
ZNF521_6,ZNF521,0,0.0007199,0.09432
ZNF524_1,ZNF524,0,-0.01389,0.2222
ZNF524_2,ZNF524,0,-0.008677,0.173
ZNF524_3,ZNF524,0,-0.009382,0.1505
ZNF524_4,ZNF524,0,-0.00337,0.08541
ZNF524_5,ZNF524,0,-0.01729,0.1464
ZNF524_6,ZNF524,0,-0.006123,0.1061
ZNF526_1,ZNF526,0,-0.001647,0.1699
ZNF526_2,ZNF526,0,-0.03735,0.253
ZNF526_3,ZNF526,0,-0.01913,0.2234
ZNF526_4,ZNF526,0,-0.02611,0.1528
ZNF526_5,ZNF526,0,0.001581,0.04145
ZNF526_6,ZNF526,0,-0.003616,0.1073
ZNF527_1,ZNF527,0,0.01128,0.1239
ZNF527_2,ZNF527,0,-0.01071,0.2731
ZNF527_3,ZNF527,0,0.002923,0.09229
ZNF527_4,ZNF527,0,-0.02184,0.2352
ZNF527_5,ZNF527,0,-0.006809,0.07414
ZNF527_6,ZNF527,0,-0.007987,0.07721
ZNF528_1,ZNF528,0,-0.01127,0.1632
ZNF528_2,ZNF528,0,-0.02177,0.163
ZNF528_3,ZNF528,0,-0.02726,0.2253
ZNF528_4,ZNF528,0,-0.01005,0.152
ZNF528_5,ZNF528,0,0.001792,0.09295
ZNF528_6,ZNF528,0,-0.00377,0.1222
ZNF529_1,ZNF529,0,0.002686,0.08808
ZNF529_2,ZNF529,0,-0.006051,0.08599
ZNF529_3,ZNF529,0,-0.002683,0.1509
ZNF529_4,ZNF529,0,-0.0148,0.1402
ZNF529_5,ZNF529,0,-0.00882,0.1647
ZNF529_6,ZNF529,0,0.001662,0.1068
ZNF530_1,ZNF530,0,-0.02167,0.1371
ZNF530_2,ZNF530,0,-0.0003022,0.1321
ZNF530_3,ZNF530,0,-0.01369,0.2303
ZNF530_4,ZNF530,0,-0.02498,0.2297
ZNF530_5,ZNF530,0,-0.004228,0.07868
ZNF530_6,ZNF530,0,-0.008709,0.09591
ZNF532_P1_1,ZNF532,1,-0.006079,0.1374
ZNF532_P1_2,ZNF532,0,-0.008234,0.1535
ZNF532_P1_3,ZNF532,0,0.005529,0.1798
ZNF532_P1_4,ZNF532,1,0.00118,0.1063
ZNF532_P1_5,ZNF532,1,-0.01308,0.1246
ZNF532_P1_6,ZNF532,0,-0.003283,0.1799
ZNF532_P2_1,ZNF532,1,0.001737,0.05987
ZNF532_P2_2,ZNF532,1,-0.003725,0.0785
ZNF532_P2_3,ZNF532,1,-0.008971,0.2681
ZNF532_P2_4,ZNF532,1,-0.01319,0.1142
ZNF532_P2_5,ZNF532,1,0.002638,0.09295
ZNF532_P2_6,ZNF532,0,-0.001358,0.1071
ZNF534_1,ZNF534,0,-0.0005899,0.09498
ZNF534_2,ZNF534,0,-0.006555,0.1176
ZNF534_3,ZNF534,0,-0.0119,0.1286
ZNF534_4,ZNF534,0,0.004024,0.1746
ZNF534_5,ZNF534,0,-0.003882,0.103
ZNF534_6,ZNF534,0,0.006424,0.09099
ZNF536_1,ZNF536,0,-0.009208,0.1526
ZNF536_2,ZNF536,0,-0.01255,0.1297
ZNF536_3,ZNF536,0,0.005541,0.1543
ZNF536_4,ZNF536,0,-0.00762,0.1274
ZNF536_5,ZNF536,0,-0.001042,0.08574
ZNF536_6,ZNF536,0,-0.006788,0.08776
ZNF540_P1_1,ZNF540,0,0.003559,0.1461
ZNF540_P1_2,ZNF540,0,0.001265,0.1807
ZNF540_P1_3,ZNF540,0,-0.04447,0.4297
ZNF540_P1_4,ZNF540,0,-0.0003941,0.1267
ZNF540_P1_5,ZNF540,0,0.003637,0.06941
ZNF540_P1_6,ZNF540,0,0.003404,0.06108
ZNF540_P2_1,ZNF540,0,-0.02662,0.2008
ZNF540_P2_2,ZNF540,0,-0.006235,0.1533
ZNF540_P2_3,ZNF540,0,0.002378,0.3194
ZNF540_P2_4,ZNF540,0,-0.008769,0.1381
ZNF540_P2_5,ZNF540,0,-0.003701,0.102
ZNF540_P2_6,ZNF540,0,0.0001498,0.1693
ZNF541_1,ZNF541,0,-0.0004972,0.09016
ZNF541_2,ZNF541,0,-0.008825,0.1412
ZNF541_3,ZNF541,0,-0.02196,0.2258
ZNF541_4,ZNF541,0,-0.00365,0.1094
ZNF541_5,ZNF541,0,-0.0009591,0.1139
ZNF541_6,ZNF541,0,-0.01104,0.0932
ZNF543_1,ZNF543,0,-0.0001937,0.1296
ZNF543_2,ZNF543,0,0.004268,0.1318
ZNF543_3,ZNF543,0,-0.01358,0.17
ZNF543_4,ZNF543,0,-0.004159,0.09039
ZNF543_5,ZNF543,0,0.001955,0.1238
ZNF543_6,ZNF543,0,0.001905,0.07992
ZNF544_1,ZNF544,0,-0.00622,0.106
ZNF544_2,ZNF544,0,-0.004788,0.1549
ZNF544_3,ZNF544,0,-0.004884,0.09138
ZNF544_4,ZNF544,0,-0.005463,0.08713
ZNF544_5,ZNF544,0,-0.01142,0.07036
ZNF544_6,ZNF544,0,-0.02405,0.2341
ZNF546_1,ZNF546,0,-0.008685,0.1162
ZNF546_2,ZNF546,0,8.768e-05,0.06744
ZNF546_3,ZNF546,0,-0.01787,0.1823
ZNF546_4,ZNF546,0,-0.003822,0.1405
ZNF546_5,ZNF546,0,-0.0147,0.1032
ZNF546_6,ZNF546,0,-0.003799,0.09014
ZNF547_1,ZNF547,0,-0.01802,0.1769
ZNF547_2,ZNF547,0,-0.005353,0.09036
ZNF547_3,ZNF547,0,-0.02269,0.1815
ZNF547_4,ZNF547,0,-0.0292,0.1892
ZNF547_5,ZNF547,0,0.0006983,0.0664
ZNF547_6,ZNF547,0,-0.00252,0.1118
ZNF548_1,ZNF548,0,-0.04593,0.3165
ZNF548_2,ZNF548,0,-0.00473,0.1267
ZNF548_3,ZNF548,0,-0.0108,0.1245
ZNF548_4,ZNF548,0,-0.02453,0.3444
ZNF548_5,ZNF548,0,-0.005538,0.132
ZNF548_6,ZNF548,0,-0.001252,0.06084
ZNF549_1,ZNF549,0,-0.007155,0.1194
ZNF549_2,ZNF549,0,-0.008648,0.1987
ZNF549_3,ZNF549,0,-0.0005699,0.08993
ZNF549_4,ZNF549,0,-0.01129,0.1778
ZNF549_5,ZNF549,0,-0.002596,0.1517
ZNF549_6,ZNF549,0,-0.01865,0.1339
ZNF550_1,ZNF550,0,0.006181,0.1451
ZNF550_2,ZNF550,0,-0.003681,0.1026
ZNF550_3,ZNF550,0,-0.006108,0.1314
ZNF550_4,ZNF550,0,-0.01419,0.1296
ZNF550_5,ZNF550,0,-0.0003197,0.06362
ZNF550_6,ZNF550,0,-0.009086,0.1688
ZNF551_1,ZNF551,0,-0.006727,0.1493
ZNF551_2,ZNF551,0,-0.001888,0.06978
ZNF551_3,ZNF551,0,-0.001924,0.1251
ZNF551_4,ZNF551,0,-0.02083,0.157
ZNF551_5,ZNF551,0,-0.00861,0.08282
ZNF551_6,ZNF551,0,-0.001779,0.07198
ZNF552_1,ZNF552,0,-0.007123,0.1887
ZNF552_2,ZNF552,0,-0.01625,0.1372
ZNF552_3,ZNF552,0,-0.02481,0.2449
ZNF552_4,ZNF552,0,-0.03206,0.2748
ZNF552_5,ZNF552,0,0.004245,0.06698
ZNF552_6,ZNF552,0,0.004654,0.05052
ZNF554_1,ZNF554,0,-0.02254,0.1914
ZNF554_2,ZNF554,0,-0.01803,0.2017
ZNF554_3,ZNF554,0,-0.0116,0.08469
ZNF554_4,ZNF554,0,-0.00876,0.1793
ZNF554_5,ZNF554,0,-0.008542,0.1062
ZNF554_6,ZNF554,0,-0.01315,0.0888
ZNF555_1,ZNF555,0,0.001507,0.1106
ZNF555_2,ZNF555,0,-0.008026,0.111
ZNF555_3,ZNF555,0,0.002576,0.1599
ZNF555_4,ZNF555,0,-0.02845,0.2129
ZNF555_5,ZNF555,0,0.0006735,0.08003
ZNF555_6,ZNF555,0,-0.001394,0.07484
ZNF556_1,ZNF556,0,0.002132,0.1498
ZNF556_2,ZNF556,0,0.002306,0.119
ZNF556_3,ZNF556,0,-0.003049,0.1257
ZNF556_4,ZNF556,0,-0.008239,0.2191
ZNF556_5,ZNF556,0,-0.0004778,0.112
ZNF556_6,ZNF556,0,0.007915,0.1196
ZNF557_1,ZNF557,0,-0.0008657,0.08458
ZNF557_2,ZNF557,0,-0.007584,0.1395
ZNF557_3,ZNF557,0,-0.0007996,0.1081
ZNF557_4,ZNF557,0,-0.0101,0.1342
ZNF557_5,ZNF557,0,-0.003937,0.09522
ZNF557_6,ZNF557,0,0.001661,0.09456
ZNF558_1,ZNF558,0,-0.01199,0.1757
ZNF558_2,ZNF558,0,-0.009751,0.1603
ZNF558_3,ZNF558,0,-0.002645,0.1165
ZNF558_4,ZNF558,0,-0.0017,0.1455
ZNF558_5,ZNF558,0,-0.01038,0.1481
ZNF558_6,ZNF558,0,-0.01381,0.1404
ZNF559-ZNF177_4,ZNF559-ZNF177,0,-0.03185,0.2278
ZNF559-ZNF177_5,ZNF559-ZNF177,0,-0.006934,0.1484
ZNF559-ZNF177_6,ZNF559-ZNF177,0,-0.001292,0.091
ZNF559_1|ZNF559-ZNF177_2,ZNF559|ZNF559-ZNF177,0,-0.009634,0.1763
ZNF559_2,ZNF559,0,-0.007528,0.181
ZNF559_3,ZNF559,0,-0.004959,0.1549
ZNF559_4|ZNF177_P1_4|ZNF559-ZNF177_1,ZNF559|ZNF177|ZNF559-ZNF177,0,0.000715,0.06209
ZNF559_5,ZNF559,0,-0.01102,0.1413
ZNF559_6,ZNF559,0,0.002441,0.09984
ZNF560_1,ZNF560,0,-0.001966,0.1078
ZNF560_2,ZNF560,0,0.005255,0.2459
ZNF560_3,ZNF560,0,0.005786,0.1665
ZNF560_4,ZNF560,0,-0.01378,0.1458
ZNF560_5,ZNF560,0,-0.01552,0.1387
ZNF560_6,ZNF560,0,0.002808,0.07922
ZNF561_1,ZNF561,0,-0.004183,0.08708
ZNF561_2,ZNF561,0,-0.01,0.1113
ZNF561_3,ZNF561,0,-0.00439,0.1454
ZNF561_4,ZNF561,0,-0.01166,0.1645
ZNF561_5,ZNF561,0,0.004335,0.09138
ZNF561_6,ZNF561,0,-0.004301,0.07573
ZNF562_1,ZNF562,0,-0.02172,0.193
ZNF562_2,ZNF562,0,-0.01967,0.1685
ZNF562_3,ZNF562,0,0.004212,0.1422
ZNF562_4,ZNF562,0,-0.0006052,0.08068
ZNF562_5,ZNF562,0,0.004805,0.08908
ZNF562_6,ZNF562,0,0.0006112,0.1188
ZNF563_1,ZNF563,0,-0.01895,0.1807
ZNF563_2,ZNF563,0,-0.006948,0.1143
ZNF563_3,ZNF563,0,-0.006451,0.1657
ZNF563_4,ZNF563,0,-0.005892,0.06949
ZNF563_5,ZNF563,0,0.000509,0.0821
ZNF563_6,ZNF563,0,-0.002412,0.1374
ZNF565_1,ZNF565,0,-0.002143,0.1106
ZNF565_2,ZNF565,0,0.005163,0.107
ZNF565_3,ZNF565,0,-0.01867,0.3221
ZNF565_4,ZNF565,0,-0.01071,0.07755
ZNF565_5,ZNF565,0,-0.009081,0.1078
ZNF565_6,ZNF565,0,0.003024,0.07349
ZNF566_1,ZNF566,0,-0.01324,0.2083
ZNF566_2,ZNF566,0,-0.005164,0.09169
ZNF566_3,ZNF566,0,-0.004833,0.1216
ZNF566_4,ZNF566,0,-0.001884,0.1201
ZNF566_5,ZNF566,0,-0.00152,0.111
ZNF566_6,ZNF566,0,-0.008317,0.1509
ZNF567_1,ZNF567,0,-0.07759,0.3559
ZNF567_2,ZNF567,0,-0.04609,0.3574
ZNF567_3,ZNF567,0,0.003556,0.1452
ZNF567_4,ZNF567,0,0.001338,0.1301
ZNF567_5,ZNF567,0,-0.02078,0.2478
ZNF567_6,ZNF567,0,-0.009958,0.1466
ZNF568_1,ZNF568,0,-0.002569,0.1454
ZNF568_2,ZNF568,0,-0.01032,0.08546
ZNF568_3,ZNF568,0,-0.004536,0.09839
ZNF568_4,ZNF568,0,-0.00155,0.09248
ZNF568_5,ZNF568,0,0.002607,0.06606
ZNF568_6,ZNF568,0,0.005918,0.07999
ZNF569_1,ZNF569,0,-0.00497,0.1364
ZNF569_2,ZNF569,0,-0.006791,0.08939
ZNF569_3,ZNF569,0,-0.0277,0.1563
ZNF569_4,ZNF569,0,-0.01105,0.2377
ZNF569_5,ZNF569,0,-0.01685,0.1442
ZNF569_6,ZNF569,0,-0.0012,0.09512
ZNF570_P1_1,ZNF570,0,-0.00321,0.1141
ZNF570_P1_2,ZNF570,0,-0.01398,0.1059
ZNF570_P1_3,ZNF570,0,0.004317,0.1164
ZNF570_P1_4,ZNF570,0,-0.007406,0.1494
ZNF570_P1_5,ZNF570,0,0.0003442,0.07177
ZNF570_P1_6,ZNF570,0,-0.001761,0.1209
ZNF570_P2_1,ZNF570,0,0.0004123,0.1126
ZNF570_P2_2,ZNF570,0,-0.002321,0.1052
ZNF570_P2_3,ZNF570,0,-0.006166,0.2151
ZNF570_P2_4,ZNF570,0,-0.006063,0.1115
ZNF570_P2_5,ZNF570,0,-0.005656,0.08481
ZNF570_P2_6,ZNF570,0,-0.01018,0.09287
ZNF571_1,ZNF571,0,0.007027,0.1198
ZNF571_2,ZNF571,0,-0.0005436,0.1157
ZNF571_3,ZNF571,0,-0.01194,0.154
ZNF571_4,ZNF571,0,-0.03391,0.2564
ZNF571_5,ZNF571,0,-0.0008691,0.1467
ZNF571_6,ZNF571,0,-0.002812,0.06888
ZNF572_1,ZNF572,0,-0.01234,0.2375
ZNF572_2,ZNF572,0,-0.01212,0.2913
ZNF572_3,ZNF572,0,0.0009606,0.153
ZNF572_4,ZNF572,0,-0.004652,0.1438
ZNF572_5,ZNF572,0,-0.003062,0.1752
ZNF572_6,ZNF572,0,-0.009897,0.1956
ZNF573_1,ZNF573,0,-0.004613,0.0972
ZNF573_2,ZNF573,0,-0.00455,0.1249
ZNF573_3,ZNF573,0,-0.003067,0.1191
ZNF573_4,ZNF573,0,-0.003811,0.1127
ZNF573_5,ZNF573,0,-0.007343,0.09775
ZNF573_6,ZNF573,0,-0.01019,0.1027
ZNF574_P1_1,ZNF574,0,-0.1837,0.7
ZNF574_P1_5,ZNF574,0,-0.001524,0.5224
ZNF574_P1_6,ZNF574,0,0.007938,0.3021
ZNF574_P2_1,ZNF574,0,-0.01,0.1769
ZNF574_P2_2,ZNF574,0,-0.0103,0.1327
ZNF574_P2_3,ZNF574,0,2.763e-05,0.1051
ZNF574_P2_4,ZNF574,0,0.002271,0.1125
ZNF574_P2_5,ZNF574,0,-0.007628,0.1118
ZNF574_P2_6,ZNF574,0,-0.01382,0.1327
ZNF575_1,ZNF575,0,-0.007409,0.1467
ZNF575_2,ZNF575,0,0.001766,0.1273
ZNF575_3,ZNF575,0,-0.01479,0.2129
ZNF575_4,ZNF575,0,-0.009437,0.1308
ZNF575_5,ZNF575,0,-0.002087,0.1187
ZNF575_6,ZNF575,0,0.001222,0.09454
ZNF576_1,ZNF576,0,-0.01936,0.1661
ZNF576_2,ZNF576,0,-0.03082,0.2763
ZNF576_3,ZNF576,0,-0.01166,0.1791
ZNF576_4,ZNF576,0,-0.008872,0.2017
ZNF576_5,ZNF576,0,-0.007629,0.0625
ZNF576_6,ZNF576,0,-0.003464,0.1021
ZNF577_1,ZNF577,0,0.01017,0.1382
ZNF577_2,ZNF577,0,-0.007897,0.1574
ZNF577_3,ZNF577,0,-0.02496,0.2263
ZNF577_4,ZNF577,0,-0.001998,0.09384
ZNF577_5,ZNF577,0,0.006554,0.1025
ZNF577_6,ZNF577,0,0.0008842,0.09884
ZNF578_1,ZNF578,0,0.004119,0.1384
ZNF578_2,ZNF578,0,-0.0006874,0.1272
ZNF578_3,ZNF578,0,0.00243,0.1303
ZNF578_4,ZNF578,0,-0.003349,0.1329
ZNF578_5,ZNF578,0,0.007598,0.106
ZNF578_6,ZNF578,0,-0.000442,0.07879
ZNF579_1,ZNF579,0,0.002281,0.08619
ZNF579_2,ZNF579,0,-0.01845,0.1371
ZNF579_3,ZNF579,0,-0.01922,0.1472
ZNF579_4,ZNF579,0,-0.01313,0.1556
ZNF579_5,ZNF579,0,-0.006623,0.1122
ZNF579_6,ZNF579,0,-0.02077,0.1876
ZNF57_1,ZNF57,0,-0.005622,0.1222
ZNF57_2,ZNF57,0,-0.01149,0.1339
ZNF57_3,ZNF57,0,-0.0615,0.387
ZNF57_4,ZNF57,0,-0.01977,0.1802
ZNF57_5,ZNF57,0,-0.01028,0.1242
ZNF57_6,ZNF57,0,-0.01882,0.1499
ZNF580_P2_1,ZNF580,0,-0.02408,0.2023
ZNF580_P2_2,ZNF580,0,-0.02293,0.1702
ZNF580_P2_3,ZNF580,0,0.002369,0.2248
ZNF580_P2_4,ZNF580,0,-0.002875,0.1581
ZNF580_P2_5,ZNF580,0,-0.004308,0.1022
ZNF580_P2_6,ZNF580,0,0.0003906,0.125
ZNF581_P1_1,ZNF581,0,0.002976,0.1618
ZNF581_P1_2,ZNF581,0,-0.05043,0.365
ZNF581_P1_3,ZNF581,0,-0.01704,0.1814
ZNF581_P1_4,ZNF581,0,-0.008759,0.1851
ZNF581_P1_5,ZNF581,0,-0.02056,0.1178
ZNF581_P1_6,ZNF581,0,-0.003589,0.0667
ZNF581_P2_1|ZNF580_P1_1,ZNF581|ZNF580,0,-0.01502,0.1994
ZNF581_P2_2|ZNF580_P1_2,ZNF581|ZNF580,0,0.0001923,0.1008
ZNF581_P2_3|ZNF580_P1_3,ZNF581|ZNF580,0,-0.002717,0.1008
ZNF581_P2_4|ZNF580_P1_4,ZNF581|ZNF580,0,-0.00568,0.1142
ZNF581_P2_5|ZNF580_P1_5,ZNF581|ZNF580,0,-0.004085,0.1327
ZNF581_P2_6|ZNF580_P1_6,ZNF581|ZNF580,0,-0.01037,0.09988
ZNF582_1,ZNF582,0,-0.008098,0.1509
ZNF582_2,ZNF582,0,-0.009753,0.2167
ZNF582_3,ZNF582,0,-0.005888,0.1173
ZNF582_4,ZNF582,0,-0.001392,0.1683
ZNF582_5,ZNF582,0,0.003173,0.09988
ZNF582_6,ZNF582,0,-0.003133,0.113
ZNF583_1,ZNF583,0,-0.02405,0.2237
ZNF583_2,ZNF583,0,-0.01119,0.1741
ZNF583_3,ZNF583,0,-0.0009643,0.1027
ZNF583_4,ZNF583,0,-0.03698,0.2019
ZNF583_5,ZNF583,0,-0.009961,0.1776
ZNF583_6,ZNF583,0,-0.02248,0.1691
ZNF584_1,ZNF584,0,-0.009681,0.115
ZNF584_2,ZNF584,0,-0.00231,0.09622
ZNF584_3,ZNF584,0,0.004538,0.08197
ZNF584_4,ZNF584,0,-0.003855,0.1344
ZNF584_5,ZNF584,0,-0.002338,0.1059
ZNF584_6,ZNF584,0,0.003295,0.1411
ZNF585A_1,ZNF585A,0,-0.0135,0.1417
ZNF585A_2,ZNF585A,0,-0.004683,0.1086
ZNF585A_3,ZNF585A,0,-0.009902,0.2437
ZNF585A_4,ZNF585A,0,-0.04076,0.3957
ZNF585A_5,ZNF585A,0,0.00104,0.1095
ZNF585A_6,ZNF585A,0,-0.00867,0.1256
ZNF585B_1,ZNF585B,0,-0.01799,0.1807
ZNF585B_2,ZNF585B,0,-0.04048,0.2198
ZNF585B_3,ZNF585B,0,-0.004572,0.1468
ZNF585B_4,ZNF585B,0,-0.01026,0.115
ZNF585B_5,ZNF585B,0,-0.003777,0.1245
ZNF585B_6,ZNF585B,0,-0.00297,0.09523
ZNF586_1,ZNF586,0,-0.01319,0.1103
ZNF586_2,ZNF586,0,-0.01033,0.1954
ZNF586_3,ZNF586,0,0.00673,0.2378
ZNF586_4,ZNF586,0,0.005039,0.1608
ZNF586_5,ZNF586,0,0.004644,0.09777
ZNF586_6,ZNF586,0,-0.0003035,0.1551
ZNF587B_1,ZNF587B,0,-0.00728,0.0918
ZNF587B_2,ZNF587B,0,0.0003671,0.1627
ZNF587B_3,ZNF587B,0,-0.01053,0.142
ZNF587B_4,ZNF587B,0,-0.02239,0.2029
ZNF587B_5,ZNF587B,0,0.004895,0.08204
ZNF587B_6,ZNF587B,0,-0.001704,0.1312
ZNF587_1,ZNF587,0,-0.004832,0.1524
ZNF587_2,ZNF587,0,-0.0124,0.1388
ZNF587_3,ZNF587,0,-0.001962,0.1009
ZNF587_4,ZNF587,0,-0.04605,0.2492
ZNF587_5,ZNF587,0,-0.006147,0.1293
ZNF587_6,ZNF587,0,-0.00313,0.1254
ZNF589_1,ZNF589,0,-0.0001246,0.09854
ZNF589_2,ZNF589,0,-0.009869,0.176
ZNF589_3,ZNF589,0,-0.004666,0.1259
ZNF589_4,ZNF589,0,-0.01317,0.1426
ZNF589_5,ZNF589,0,-0.009233,0.1073
ZNF589_6,ZNF589,0,0.000619,0.1343
ZNF592_1,ZNF592,0,-0.02944,0.182
ZNF592_2,ZNF592,0,-0.005247,0.1097
ZNF592_3,ZNF592,0,-0.004805,0.1462
ZNF592_4,ZNF592,0,-0.0006472,0.105
ZNF592_5,ZNF592,0,-0.00899,0.07763
ZNF592_6,ZNF592,0,0.00279,0.09973
ZNF593_1,ZNF593,0,-0.005278,0.1049
ZNF593_2,ZNF593,0,-0.1628,0.5731
ZNF593_3,ZNF593,0,0.004937,0.2597
ZNF593_4,ZNF593,0,-0.01598,0.1993
ZNF593_5,ZNF593,0,-0.008275,0.1475
ZNF593_6,ZNF593,0,-0.01186,0.13
ZNF594_1,ZNF594,0,-0.003385,0.1187
ZNF594_2,ZNF594,0,0.003534,0.2412
ZNF594_3,ZNF594,0,-0.009573,0.1157
ZNF594_4,ZNF594,0,-0.007502,0.2923
ZNF594_5,ZNF594,0,-0.0009521,0.04968
ZNF594_6,ZNF594,0,0.00266,0.1297
ZNF595_P1_1,ZNF595,0,-0.007325,0.2536
ZNF595_P1_2,ZNF595,0,-0.01153,0.1392
ZNF595_P1_3,ZNF595,0,-0.01842,0.3037
ZNF595_P1_4,ZNF595,0,-0.007667,0.2326
ZNF595_P1_5,ZNF595,0,-0.006891,0.0702
ZNF595_P1_6,ZNF595,0,-0.003159,0.13
ZNF595_P2_1,ZNF595,0,-0.007699,0.1734
ZNF595_P2_2,ZNF595,0,0.01445,0.2192
ZNF595_P2_3,ZNF595,0,0.001196,0.2661
ZNF595_P2_4,ZNF595,0,0.001055,0.09355
ZNF595_P2_5,ZNF595,0,-0.003267,0.07359
ZNF595_P2_6,ZNF595,0,-0.01609,0.1199
ZNF596_1,ZNF596,0,-0.01676,0.1727
ZNF596_2,ZNF596,0,-0.01221,0.1404
ZNF596_3,ZNF596,0,-0.03153,0.2734
ZNF596_4,ZNF596,0,0.008412,0.1886
ZNF596_5,ZNF596,0,-0.0239,0.1476
ZNF596_6,ZNF596,0,-0.01627,0.09327
ZNF597_1,ZNF597,0,-0.005361,0.1631
ZNF597_2,ZNF597,0,-0.02178,0.2632
ZNF597_3,ZNF597,0,-0.009398,0.1506
ZNF597_4,ZNF597,0,-0.006102,0.1289
ZNF597_5,ZNF597,0,-0.003134,0.1051
ZNF597_6,ZNF597,0,-0.009337,0.1336
ZNF598_1,ZNF598,0,-0.01538,0.1797
ZNF598_2,ZNF598,0,-0.007725,0.1864
ZNF598_3,ZNF598,0,-0.07527,0.4138
ZNF598_4,ZNF598,0,-0.007478,0.1171
ZNF598_5,ZNF598,0,-0.02686,0.2447
ZNF598_6,ZNF598,0,-0.002937,0.1697
ZNF599_1,ZNF599,0,-0.002777,0.1051
ZNF599_2,ZNF599,0,0.002512,0.1065
ZNF599_3,ZNF599,0,-0.08355,0.4306
ZNF599_4,ZNF599,0,-0.00145,0.1469
ZNF599_5,ZNF599,0,0.002385,0.1298
ZNF599_6,ZNF599,0,-0.009397,0.06242
ZNF600_1,ZNF600,0,-0.007257,0.1276
ZNF600_2,ZNF600,0,-0.02436,0.1727
ZNF600_3,ZNF600,0,-0.03116,0.2832
ZNF600_4,ZNF600,0,-0.008807,0.1771
ZNF600_5,ZNF600,0,0.0001785,0.08692
ZNF600_6,ZNF600,0,-0.004062,0.06893
ZNF605_1,ZNF605,0,0.01707,0.2541
ZNF605_2,ZNF605,0,-0.003432,0.2113
ZNF605_3,ZNF605,0,-0.006016,0.1957
ZNF605_4,ZNF605,0,-0.03804,0.2006
ZNF605_5,ZNF605,0,-0.008413,0.1028
ZNF605_6,ZNF605,0,-0.01292,0.1107
ZNF606_1,ZNF606,0,-0.005513,0.0869
ZNF606_2,ZNF606,0,0.006278,0.1004
ZNF606_3,ZNF606,0,-0.01993,0.1378
ZNF606_4,ZNF606,0,-0.01229,0.165
ZNF606_5,ZNF606,0,-0.005364,0.1061
ZNF606_6,ZNF606,0,0.001924,0.1497
ZNF607_1,ZNF607,0,-0.00168,0.1282
ZNF607_2,ZNF607,0,-0.004117,0.1166
ZNF607_3,ZNF607,0,-0.0001493,0.1281
ZNF607_4,ZNF607,0,-0.0059,0.242
ZNF607_5,ZNF607,0,0.001473,0.1182
ZNF607_6,ZNF607,0,-0.004699,0.1314
ZNF608_P1_1,ZNF608,0,-0.006727,0.1058
ZNF608_P1_2,ZNF608,0,-0.01015,0.125
ZNF608_P1_3,ZNF608,0,-0.002204,0.139
ZNF608_P1_4,ZNF608,0,-0.0007876,0.1438
ZNF608_P1_5,ZNF608,0,-0.003798,0.08947
ZNF608_P1_6,ZNF608,0,-0.02265,0.2016
ZNF608_P2_1,ZNF608,0,-0.01388,0.2959
ZNF608_P2_2,ZNF608,0,-0.00775,0.11
ZNF608_P2_3,ZNF608,0,-0.008919,0.1352
ZNF608_P2_4,ZNF608,0,-0.003873,0.1805
ZNF608_P2_5,ZNF608,0,-0.007557,0.09831
ZNF608_P2_6,ZNF608,0,0.0007509,0.07655
ZNF609_1,ZNF609,0,-0.003868,0.09622
ZNF609_2,ZNF609,0,-0.006178,0.1046
ZNF609_3,ZNF609,0,-0.01716,0.1675
ZNF609_4,ZNF609,0,-0.005396,0.3847
ZNF609_5,ZNF609,0,-0.01105,0.1001
ZNF609_6,ZNF609,0,-0.0098,0.08121
ZNF610_1,ZNF610,0,-0.01658,0.2237
ZNF610_2,ZNF610,0,-0.00155,0.1206
ZNF610_3,ZNF610,0,-0.008432,0.1607
ZNF610_4,ZNF610,0,0.005435,0.1608
ZNF610_5,ZNF610,0,-0.003509,0.1335
ZNF610_6,ZNF610,0,0.002201,0.0823
ZNF611_1,ZNF611,0,0.001978,0.1382
ZNF611_2,ZNF611,0,-0.03468,0.2115
ZNF611_3,ZNF611,0,0.000848,0.1076
ZNF611_4,ZNF611,0,0.009517,0.1851
ZNF611_5,ZNF611,0,7.542e-05,0.102
ZNF611_6,ZNF611,0,0.01076,0.07456
ZNF613_1,ZNF613,0,-0.01746,0.147
ZNF613_2,ZNF613,0,-0.05341,0.2482
ZNF613_3,ZNF613,0,-0.008936,0.1456
ZNF613_4,ZNF613,0,-0.003165,0.1068
ZNF613_5,ZNF613,0,-0.009511,0.1071
ZNF613_6,ZNF613,0,0.0008367,0.1786
ZNF614_1,ZNF614,0,0.001299,0.1117
ZNF614_2,ZNF614,0,-0.009153,0.1423
ZNF614_3,ZNF614,0,-0.001707,0.1498
ZNF614_4,ZNF614,0,-0.03038,0.2145
ZNF614_5,ZNF614,0,-0.01273,0.1335
ZNF614_6,ZNF614,0,-0.001223,0.08026
ZNF615_1,ZNF615,0,-0.008763,0.1439
ZNF615_2,ZNF615,0,-0.002554,0.1042
ZNF615_3,ZNF615,0,-0.007497,0.1772
ZNF615_4,ZNF615,0,-0.0414,0.3697
ZNF615_5,ZNF615,0,-0.006178,0.1143
ZNF615_6,ZNF615,0,0.0003482,0.06646
ZNF616_1,ZNF616,0,-0.00494,0.172
ZNF616_2,ZNF616,0,-0.004575,0.09539
ZNF616_3,ZNF616,0,-0.01997,0.3989
ZNF616_4,ZNF616,0,-0.008979,0.1112
ZNF616_5,ZNF616,0,0.001188,0.07883
ZNF616_6,ZNF616,0,-0.01385,0.1177
ZNF618_1,ZNF618,0,-0.01033,0.1252
ZNF618_2,ZNF618,0,-0.07981,0.4625
ZNF618_3,ZNF618,0,-0.005609,0.1397
ZNF618_4,ZNF618,0,-0.003522,0.2279
ZNF618_5,ZNF618,0,-0.01738,0.1349
ZNF618_6,ZNF618,0,-0.006367,0.1765
ZNF619_1,ZNF619,0,-0.0105,0.1959
ZNF619_2,ZNF619,0,0.008155,0.1223
ZNF619_3,ZNF619,0,-0.2037,0.5681
ZNF619_4,ZNF619,0,0.003629,0.1397
ZNF619_5,ZNF619,0,-0.005337,0.1045
ZNF619_6,ZNF619,0,0.004134,0.1542
ZNF620_1,ZNF620,0,-0.01849,0.152
ZNF620_2,ZNF620,0,-0.001212,0.06898
ZNF620_3,ZNF620,0,-0.0003547,0.1403
ZNF620_4,ZNF620,0,-0.1972,0.4408
ZNF620_5,ZNF620,0,0.006453,0.1497
ZNF620_6,ZNF620,0,-0.01199,0.1281
ZNF621_1,ZNF621,0,-0.0007188,0.1027
ZNF621_2,ZNF621,0,0.003757,0.08524
ZNF621_3,ZNF621,0,0.0005353,0.1718
ZNF621_4,ZNF621,0,0.003216,0.129
ZNF621_5,ZNF621,0,-0.0017,0.1717
ZNF621_6,ZNF621,0,-0.004739,0.07951
ZNF623_1,ZNF623,0,-0.003013,0.1341
ZNF623_2,ZNF623,0,-0.00195,0.1279
ZNF623_3,ZNF623,0,-0.04201,0.2601
ZNF623_4,ZNF623,0,0.001483,0.1661
ZNF623_5,ZNF623,0,-0.005278,0.115
ZNF623_6,ZNF623,0,-0.001174,0.1091
ZNF624_1,ZNF624,0,-0.003577,0.1491
ZNF624_2,ZNF624,0,0.01009,0.09172
ZNF624_3,ZNF624,0,-0.05189,0.3784
ZNF624_4,ZNF624,0,-0.002657,0.1041
ZNF624_5,ZNF624,0,-0.01038,0.1267
ZNF624_6,ZNF624,0,-0.02738,0.1676
ZNF626_1,ZNF626,0,-0.02299,0.165
ZNF626_2,ZNF626,0,-0.0135,0.1553
ZNF626_3,ZNF626,0,-0.02879,0.3152
ZNF626_4,ZNF626,0,0.0005369,0.1069
ZNF626_5,ZNF626,0,0.001656,0.2041
ZNF626_6,ZNF626,0,-0.0008359,0.138
ZNF627_1,ZNF627,0,-0.01724,0.2439
ZNF627_2,ZNF627,0,-0.002389,0.08842
ZNF627_3,ZNF627,0,-0.04148,0.197
ZNF627_4,ZNF627,0,0.001204,0.06316
ZNF627_5,ZNF627,0,-0.00521,0.0764
ZNF627_6,ZNF627,0,-0.01003,0.1325
ZNF628_1,ZNF628,1,-0.008035,0.105
ZNF628_2,ZNF628,1,-0.01358,0.08126
ZNF628_3,ZNF628,0,-0.01205,0.1386
ZNF628_4,ZNF628,0,-0.005484,0.1442
ZNF628_5,ZNF628,0,0.003351,0.1018
ZNF628_6,ZNF628,0,-0.01175,0.09
ZNF629_1,ZNF629,0,-0.009608,0.1846
ZNF629_2,ZNF629,0,-0.006403,0.09079
ZNF629_3,ZNF629,0,-0.02376,0.2375
ZNF629_4,ZNF629,0,-0.01719,0.1532
ZNF629_5,ZNF629,0,-0.03146,0.2502
ZNF629_6,ZNF629,0,-0.007067,0.132
ZNF630_1,ZNF630,0,-0.01703,0.1275
ZNF630_2,ZNF630,0,-0.007253,0.09103
ZNF630_3,ZNF630,0,-0.00975,0.1426
ZNF630_4,ZNF630,0,-0.04762,0.2674
ZNF630_5,ZNF630,0,-0.009444,0.1087
ZNF630_6,ZNF630,0,-0.004121,0.2285
ZNF639_1,ZNF639,0,-0.01301,0.1563
ZNF639_2,ZNF639,0,-0.0119,0.1091
ZNF639_3,ZNF639,0,-0.01241,0.1772
ZNF639_4,ZNF639,0,0.002041,0.1179
ZNF639_5,ZNF639,0,-0.006302,0.07211
ZNF639_6,ZNF639,0,-0.004884,0.08624
ZNF641_1,ZNF641,0,-0.02143,0.2455
ZNF641_2,ZNF641,0,0.01638,0.2017
ZNF641_3,ZNF641,0,-0.01946,0.2563
ZNF641_4,ZNF641,0,-0.0097,0.1714
ZNF641_5,ZNF641,0,-0.0008561,0.0637
ZNF641_6,ZNF641,0,-0.0044,0.07407
ZNF644_1,ZNF644,0,-0.01133,0.226
ZNF644_2,ZNF644,1,-0.009588,0.1462
ZNF644_3,ZNF644,1,0.008564,0.1115
ZNF644_4,ZNF644,1,-0.004738,0.1049
ZNF644_5,ZNF644,0,0.002149,0.1015
ZNF644_6,ZNF644,1,-0.001948,0.07479
ZNF645_1,ZNF645,0,-0.004835,0.1652
ZNF645_2,ZNF645,0,0.00993,0.2252
ZNF645_3,ZNF645,0,-0.06953,0.3921
ZNF645_4,ZNF645,0,-0.003968,0.08605
ZNF645_5,ZNF645,0,-0.0009401,0.1127
ZNF645_6,ZNF645,0,-0.003697,0.06607
ZNF646_1,ZNF646,0,-0.0009645,0.1784
ZNF646_2,ZNF646,0,-0.0008725,0.08651
ZNF646_3,ZNF646,0,-0.03081,0.4415
ZNF646_4,ZNF646,0,-0.02018,0.2383
ZNF646_5,ZNF646,0,-0.005946,0.1344
ZNF646_6,ZNF646,0,-0.03431,0.2821
ZNF648_1,ZNF648,0,-0.01429,0.1586
ZNF648_2,ZNF648,0,-0.005531,0.1603
ZNF648_3,ZNF648,0,-0.01573,0.2284
ZNF648_4,ZNF648,0,-0.005984,0.1681
ZNF648_5,ZNF648,0,-0.001533,0.1064
ZNF648_6,ZNF648,0,-0.005655,0.1041
ZNF649_1,ZNF649,0,-0.01219,0.1034
ZNF649_2,ZNF649,0,-0.01127,0.1438
ZNF649_3,ZNF649,0,-0.002786,0.193
ZNF649_4,ZNF649,0,-0.007753,0.1244
ZNF649_5,ZNF649,0,-0.00573,0.07239
ZNF649_6,ZNF649,0,0.002603,0.1262
ZNF652_1,ZNF652,0,-0.007168,0.1297
ZNF652_2,ZNF652,0,-0.04551,0.2874
ZNF652_3,ZNF652,0,-0.0009647,0.2539
ZNF652_4,ZNF652,0,-0.0086,0.08665
ZNF652_5,ZNF652,0,0.002225,0.08815
ZNF652_6,ZNF652,0,-0.004252,0.09756
ZNF653_1,ZNF653,0,-0.006611,0.1213
ZNF653_2,ZNF653,0,-0.001026,0.1672
ZNF653_3,ZNF653,0,-0.002435,0.1329
ZNF653_4,ZNF653,0,-0.005513,0.189
ZNF653_5,ZNF653,0,-0.0008503,0.08623
ZNF653_6,ZNF653,0,-0.006758,0.1134
ZNF654_1,ZNF654,0,-0.01223,0.1608
ZNF654_2,ZNF654,0,0.002446,0.06077
ZNF654_3,ZNF654,0,-0.02307,0.2479
ZNF654_4,ZNF654,0,-0.00997,0.3396
ZNF654_5,ZNF654,0,-0.01053,0.1502
ZNF654_6,ZNF654,0,-0.003142,0.1353
ZNF655_1,ZNF655,0,-0.009423,0.1445
ZNF655_2,ZNF655,0,0.008865,0.1712
ZNF655_3,ZNF655,0,-0.004652,0.1398
ZNF655_4,ZNF655,0,-0.01222,0.1534
ZNF655_5,ZNF655,0,0.002968,0.1073
ZNF655_6,ZNF655,0,-0.01702,0.1668
ZNF658_1,ZNF658,0,-0.01899,0.1502
ZNF658_2,ZNF658,0,0.002905,0.1085
ZNF658_3,ZNF658,0,-0.01738,0.2932
ZNF658_4,ZNF658,0,-0.006729,0.1213
ZNF658_5,ZNF658,0,-0.009382,0.08686
ZNF658_6,ZNF658,0,0.006633,0.1
ZNF660_1,ZNF660,0,-0.02101,0.2237
ZNF660_2,ZNF660,0,-0.005556,0.08693
ZNF660_3,ZNF660,0,-0.005943,0.1935
ZNF660_4,ZNF660,0,-0.024,0.2607
ZNF660_5,ZNF660,0,-0.004433,0.06761
ZNF660_6,ZNF660,0,-0.001634,0.1022
ZNF662_1,ZNF662,0,-0.02067,0.2788
ZNF662_2,ZNF662,0,-0.01314,0.1353
ZNF662_3,ZNF662,0,-0.00851,0.2129
ZNF662_4,ZNF662,0,-0.009186,0.1728
ZNF662_5,ZNF662,0,-0.002175,0.2048
ZNF662_6,ZNF662,0,-0.006128,0.1303
ZNF664_1,ZNF664,0,-0.007629,0.09807
ZNF664_2,ZNF664,0,-0.01574,0.1408
ZNF664_3,ZNF664,0,-0.01835,0.2262
ZNF664_4,ZNF664,0,-0.0152,0.2357
ZNF664_5,ZNF664,0,-0.01898,0.2449
ZNF664_6,ZNF664,0,0.002238,0.05627
ZNF665_1,ZNF665,0,-0.01073,0.1824
ZNF665_2,ZNF665,0,-0.0161,0.114
ZNF665_3,ZNF665,0,-0.02182,0.2191
ZNF665_4,ZNF665,0,-2.149e-05,0.09188
ZNF665_5,ZNF665,0,0.002768,0.09576
ZNF665_6,ZNF665,0,-0.006227,0.1565
ZNF667_1,ZNF667,0,-0.01557,0.1858
ZNF667_2,ZNF667,0,-0.007056,0.2072
ZNF667_3,ZNF667,0,-0.0516,0.4455
ZNF667_4,ZNF667,0,-0.02599,0.2589
ZNF667_5,ZNF667,0,-0.003921,0.1104
ZNF667_6,ZNF667,0,0.0007598,0.1042
ZNF668_1,ZNF668,0,-0.006296,0.1884
ZNF668_2,ZNF668,0,-0.0149,0.2245
ZNF668_3,ZNF668,0,-0.03395,0.2906
ZNF668_4,ZNF668,0,-0.01412,0.1783
ZNF668_5,ZNF668,0,-0.00489,0.1296
ZNF668_6,ZNF668,0,-0.01549,0.1181
ZNF669_1,ZNF669,0,0.0081,0.1215
ZNF669_2,ZNF669,0,-0.02653,0.2596
ZNF669_3,ZNF669,0,0.001157,0.1414
ZNF669_4,ZNF669,0,0.002856,0.1285
ZNF669_5,ZNF669,0,-0.004265,0.1084
ZNF669_6,ZNF669,0,0.007564,0.05604
ZNF670_1,ZNF670,0,-0.2183,0.5648
ZNF670_2,ZNF670,0,-0.006589,0.2363
ZNF670_3,ZNF670,0,0.00146,0.07819
ZNF670_4,ZNF670,0,-0.003784,0.07265
ZNF670_5,ZNF670,0,-0.006884,0.08939
ZNF670_6,ZNF670,0,-9.463e-06,0.09641
ZNF671_1,ZNF671,0,-0.005468,0.1629
ZNF671_2,ZNF671,0,-0.006269,0.1882
ZNF671_3,ZNF671,0,-0.009485,0.1414
ZNF671_4,ZNF671,0,-0.02517,0.1699
ZNF671_5,ZNF671,0,0.0006134,0.1012
ZNF671_6,ZNF671,0,-0.004992,0.1129
ZNF672_1,ZNF672,0,-0.008048,0.1348
ZNF672_2,ZNF672,0,-0.0238,0.1868
ZNF672_3,ZNF672,0,-0.02025,0.2347
ZNF672_4,ZNF672,0,0.004698,0.1806
ZNF672_5,ZNF672,0,-0.004479,0.1002
ZNF672_6,ZNF672,0,-0.009746,0.09774
ZNF674_1,ZNF674,0,-0.00627,0.1671
ZNF674_2,ZNF674,0,-0.01103,0.1319
ZNF674_3,ZNF674,0,0.003999,0.2408
ZNF674_4,ZNF674,0,0.003134,0.1517
ZNF674_5,ZNF674,0,-0.01261,0.1074
ZNF674_6,ZNF674,0,-0.02197,0.1193
ZNF675_1,ZNF675,0,-0.03088,0.2471
ZNF675_2,ZNF675,0,-0.03802,0.2711
ZNF675_3,ZNF675,0,-0.0002399,0.223
ZNF675_4,ZNF675,0,0.001022,0.1177
ZNF675_5,ZNF675,0,-0.004973,0.1751
ZNF675_6,ZNF675,0,-0.002404,0.1603
ZNF676_1,ZNF676,0,-0.0285,0.3132
ZNF676_2,ZNF676,0,0.002776,0.09435
ZNF676_3,ZNF676,0,-0.005942,0.09687
ZNF676_4,ZNF676,0,-0.0026,0.2469
ZNF676_5,ZNF676,0,-0.002816,0.142
ZNF676_6,ZNF676,0,-0.01127,0.1929
ZNF677_1,ZNF677,0,-0.01692,0.1976
ZNF677_2,ZNF677,0,-0.0176,0.2319
ZNF677_3,ZNF677,0,-0.004125,0.07815
ZNF677_4,ZNF677,0,0.0004771,0.1003
ZNF677_5,ZNF677,0,0.003078,0.09061
ZNF677_6,ZNF677,0,-0.002671,0.08693
ZNF678_1,ZNF678,0,-0.00406,0.1199
ZNF678_2,ZNF678,0,-0.02114,0.2829
ZNF678_3,ZNF678,0,0.007551,0.175
ZNF678_4,ZNF678,0,-0.02987,0.3453
ZNF678_5,ZNF678,0,-0.003176,0.09069
ZNF678_6,ZNF678,0,-0.0004121,0.09326
ZNF679_1,ZNF679,0,-0.0115,0.1235
ZNF679_2,ZNF679,0,-0.02635,0.1943
ZNF679_3,ZNF679,0,-0.002531,0.08676
ZNF679_4,ZNF679,0,-0.002338,0.1642
ZNF679_5,ZNF679,0,0.0001016,0.1456
ZNF679_6,ZNF679,0,-0.02912,0.2571
ZNF680_1,ZNF680,0,-0.009709,0.1245
ZNF680_2,ZNF680,0,-0.01028,0.2184
ZNF680_3,ZNF680,0,-0.0148,0.2774
ZNF680_4,ZNF680,0,-0.01221,0.2212
ZNF680_5,ZNF680,0,0.005801,0.09779
ZNF680_6,ZNF680,0,-0.003074,0.08919
ZNF681_1,ZNF681,0,-0.000876,0.07956
ZNF681_2,ZNF681,0,-0.01925,0.1956
ZNF681_3,ZNF681,0,-0.04749,0.3178
ZNF681_4,ZNF681,0,-0.03011,0.17
ZNF681_5,ZNF681,0,-0.01098,0.1543
ZNF681_6,ZNF681,0,-0.01137,0.1199
ZNF682_1,ZNF682,0,0.009531,0.1386
ZNF682_2,ZNF682,0,0.005309,0.1014
ZNF682_3,ZNF682,0,0.006468,0.1447
ZNF682_4,ZNF682,0,-0.0007662,0.2305
ZNF682_5,ZNF682,0,-0.008329,0.062
ZNF682_6,ZNF682,0,-0.002638,0.08538
ZNF683_1,ZNF683,0,-0.001165,0.1461
ZNF683_2,ZNF683,0,-0.008842,0.1088
ZNF683_3,ZNF683,0,-0.01201,0.2835
ZNF683_4,ZNF683,0,-0.01959,0.17
ZNF683_5,ZNF683,0,-0.0009897,0.08094
ZNF683_6,ZNF683,0,-0.001833,0.1523
ZNF684_1,ZNF684,0,-0.004642,0.1304
ZNF684_2,ZNF684,0,-0.02595,0.1792
ZNF684_3,ZNF684,0,-0.01075,0.1562
ZNF684_4,ZNF684,0,-0.008178,0.2255
ZNF684_5,ZNF684,0,-0.009183,0.1465
ZNF684_6,ZNF684,0,-0.03013,0.1945
ZNF687_1,ZNF687,0,0.01631,0.1655
ZNF687_2,ZNF687,0,-0.004754,0.1377
ZNF687_3,ZNF687,0,0.002176,0.08003
ZNF687_4,ZNF687,0,-0.005136,0.1053
ZNF687_5,ZNF687,0,-0.01987,0.151
ZNF687_6,ZNF687,0,-0.006081,0.1134
ZNF688_1,ZNF688,0,-0.002973,0.1407
ZNF688_2,ZNF688,0,-0.00268,0.1357
ZNF688_3,ZNF688,0,-0.03883,0.4099
ZNF688_4,ZNF688,0,-0.002264,0.06999
ZNF688_5,ZNF688,0,-0.006842,0.1359
ZNF688_6,ZNF688,0,-7.428e-05,0.1415
ZNF689_1,ZNF689,0,-0.02064,0.1028
ZNF689_2,ZNF689,0,0.001467,0.1125
ZNF689_3,ZNF689,0,-0.007153,0.1164
ZNF689_4,ZNF689,0,0.000139,0.2788
ZNF689_5,ZNF689,0,0.0004736,0.08429
ZNF689_6,ZNF689,0,4.034e-05,0.1035
ZNF691_1,ZNF691,0,-0.005717,0.1535
ZNF691_2,ZNF691,0,-0.009465,0.122
ZNF691_3,ZNF691,0,-0.001128,0.115
ZNF691_4,ZNF691,0,-0.02338,0.2298
ZNF691_5,ZNF691,0,-0.006145,0.0963
ZNF691_6,ZNF691,0,-0.001785,0.1248
ZNF692_1,ZNF692,0,-0.01271,0.1389
ZNF692_2,ZNF692,0,-0.01272,0.1514
ZNF692_3,ZNF692,0,-0.0535,0.2983
ZNF692_4,ZNF692,0,-0.005819,0.2398
ZNF692_5,ZNF692,0,-0.00139,0.09435
ZNF692_6,ZNF692,0,-0.006825,0.1414
ZNF695_1,ZNF695,0,-0.03902,0.3347
ZNF695_2,ZNF695,0,-0.009775,0.1416
ZNF695_3,ZNF695,0,-0.0188,0.1275
ZNF695_4,ZNF695,0,-0.01193,0.0833
ZNF695_5,ZNF695,0,0.003522,0.1229
ZNF695_6,ZNF695,0,-0.005084,0.1075
ZNF696_1,ZNF696,0,-0.009865,0.1494
ZNF696_2,ZNF696,0,-0.03736,0.2823
ZNF696_3,ZNF696,0,-0.0371,0.3242
ZNF696_4,ZNF696,0,-0.007263,0.1056
ZNF696_5,ZNF696,0,-0.0009661,0.06693
ZNF696_6,ZNF696,0,0.004823,0.1201
ZNF697_1,ZNF697,0,-0.009707,0.1351
ZNF697_2,ZNF697,0,0.009831,0.1078
ZNF697_3,ZNF697,0,0.001441,0.09494
ZNF697_4,ZNF697,0,-0.009293,0.2294
ZNF697_5,ZNF697,0,-0.0129,0.138
ZNF697_6,ZNF697,0,0.003598,0.1195
ZNF699_P1_1,ZNF699,0,0.005368,0.1564
ZNF699_P1_2,ZNF699,0,-0.003378,0.1091
ZNF699_P1_3,ZNF699,0,0.005619,0.09351
ZNF699_P1_4,ZNF699,0,-0.01684,0.1614
ZNF699_P1_5,ZNF699,0,-0.003599,0.06798
ZNF699_P1_6,ZNF699,0,-0.009818,0.1241
ZNF699_P2_1,ZNF699,0,0.001269,0.1193
ZNF699_P2_2,ZNF699,0,-0.07048,0.4004
ZNF699_P2_3,ZNF699,0,-0.01336,0.1753
ZNF699_P2_4,ZNF699,0,0.001611,0.1174
ZNF699_P2_5,ZNF699,0,-0.04944,0.3059
ZNF699_P2_6,ZNF699,0,-0.0006664,0.102
ZNF69_1,ZNF69,0,-0.0002731,0.09885
ZNF69_2,ZNF69,0,-0.005265,0.2187
ZNF69_3,ZNF69,0,-0.01345,0.227
ZNF69_4,ZNF69,0,-0.006853,0.1503
ZNF69_5,ZNF69,0,-0.002949,0.09674
ZNF69_6,ZNF69,0,-0.01033,0.08799
ZNF700_1|ZNF763_4,ZNF700|ZNF763,0,0.004496,0.2974
ZNF700_2|ZNF763_3,ZNF700|ZNF763,0,-0.005442,0.1361
ZNF700_3,ZNF700,0,-0.0003757,0.1378
ZNF700_4|ZNF763_2,ZNF700|ZNF763,0,0.003914,0.1024
ZNF700_5|ZNF763_1,ZNF700|ZNF763,0,-0.004825,0.07847
ZNF700_6|ZNF763_5,ZNF700|ZNF763,0,0.000871,0.0741
ZNF701_1,ZNF701,0,-0.005456,0.2061
ZNF701_2,ZNF701,0,-0.002278,0.1274
ZNF701_3,ZNF701,0,-0.02204,0.3428
ZNF701_4,ZNF701,0,0.007378,0.09923
ZNF701_5,ZNF701,0,-0.005142,0.107
ZNF701_6,ZNF701,0,-0.01424,0.12
ZNF703_1,ZNF703,0,-0.03409,0.2667
ZNF703_2,ZNF703,0,-0.005908,0.1412
ZNF703_3,ZNF703,0,-0.009655,0.1219
ZNF703_4,ZNF703,0,-0.001374,0.1218
ZNF703_5,ZNF703,0,-0.004724,0.08037
ZNF703_6,ZNF703,0,-0.001323,0.1077
ZNF704_1,ZNF704,0,-0.017,0.167
ZNF704_2,ZNF704,0,-0.03654,0.3805
ZNF704_3,ZNF704,0,-0.0146,0.3061
ZNF704_4,ZNF704,0,0.007173,0.1502
ZNF704_5,ZNF704,0,0.0002527,0.0844
ZNF704_6,ZNF704,0,-0.003026,0.1107
ZNF705A_1,ZNF705A,0,-0.01662,0.1411
ZNF705A_2,ZNF705A,0,-0.01595,0.1631
ZNF705A_3,ZNF705A,0,-0.009719,0.19
ZNF705A_4,ZNF705A,0,-0.0352,0.2285
ZNF705A_5,ZNF705A,0,-0.00417,0.1359
ZNF705A_6,ZNF705A,0,0.002997,0.0889
ZNF705B_P1_2,ZNF705B,0,-0.02584,0.1934
ZNF705B_P1_4,ZNF705B,0,-0.06098,0.315
ZNF705B_P2_1,ZNF705B,0,-0.006279,0.1051
ZNF705B_P2_2,ZNF705B,0,0.0006648,0.07479
ZNF705B_P2_3,ZNF705B,0,-0.007784,0.155
ZNF705B_P2_4,ZNF705B,0,-0.03196,0.241
ZNF705B_P2_5|ZNF705G_P2_5,ZNF705B|ZNF705G,0,0.002619,0.08201
ZNF705B_P2_6|ZNF705G_P2_6,ZNF705B|ZNF705G,0,0.0004561,0.08135
ZNF705D_1,ZNF705D,0,-0.03456,0.1986
ZNF705D_2|ZNF705B_P1_1,ZNF705D|ZNF705B,0,0.00487,0.05668
ZNF705D_3|ZNF705B_P1_3,ZNF705D|ZNF705B,0,-0.007811,0.1803
ZNF705D_4|ZNF705B_P1_5,ZNF705D|ZNF705B,0,0.008428,0.0765
ZNF705D_5|ZNF705B_P1_6,ZNF705D|ZNF705B,0,-0.01105,0.09139
ZNF705D_6,ZNF705D,0,0.00594,0.1335
ZNF705G_P1_1,ZNF705G,0,-0.01223,0.1453
ZNF705G_P1_2,ZNF705G,0,-0.002819,0.104
ZNF705G_P1_3,ZNF705G,0,-0.01976,0.1675
ZNF705G_P1_4,ZNF705G,0,-0.007576,0.1599
ZNF705G_P1_5,ZNF705G,0,-0.0097,0.1114
ZNF705G_P1_6,ZNF705G,0,-0.006147,0.1849
ZNF705G_P2_1,ZNF705G,0,0.006566,0.1178
ZNF705G_P2_2,ZNF705G,0,0.0132,0.3109
ZNF705G_P2_3,ZNF705G,0,-0.07498,0.3494
ZNF705G_P2_4,ZNF705G,0,-0.02744,0.3892
ZNF706_1,ZNF706,0,-0.02103,0.1924
ZNF706_2,ZNF706,0,-0.01331,0.1143
ZNF706_3,ZNF706,0,-0.02647,0.3093
ZNF706_4,ZNF706,0,0.007824,0.1512
ZNF706_5,ZNF706,0,0.006099,0.1141
ZNF706_6,ZNF706,0,0.0005007,0.1074
ZNF707_1,ZNF707,0,-0.0004875,0.1161
ZNF707_2,ZNF707,0,-0.0002337,0.08453
ZNF707_3,ZNF707,0,-0.01219,0.1221
ZNF707_4,ZNF707,0,-0.0829,0.3602
ZNF707_5,ZNF707,0,-0.002079,0.07459
ZNF707_6,ZNF707,0,-0.002228,0.1327
ZNF708_1,ZNF708,0,-0.007303,0.2033
ZNF708_2,ZNF708,0,-0.009421,0.1621
ZNF708_3,ZNF708,0,-0.01377,0.2567
ZNF708_4,ZNF708,0,-0.02189,0.2374
ZNF708_5,ZNF708,0,-0.007063,0.07571
ZNF708_6,ZNF708,0,-0.002305,0.1223
ZNF709_1|ZNF564_1,ZNF709|ZNF564,0,-0.0006022,0.09714
ZNF709_2|ZNF564_3,ZNF709|ZNF564,0,-0.004427,0.132
ZNF709_3|ZNF564_2,ZNF709|ZNF564,0,-0.0001564,0.1232
ZNF709_4|ZNF564_4,ZNF709|ZNF564,0,-0.01764,0.1909
ZNF709_5|ZNF564_5,ZNF709|ZNF564,0,-0.007769,0.06843
ZNF709_6|ZNF564_6,ZNF709|ZNF564,0,0.005709,0.0886
ZNF70_1,ZNF70,0,-0.002578,0.2373
ZNF70_2,ZNF70,0,-0.006373,0.1298
ZNF70_3,ZNF70,0,-0.007962,0.1617
ZNF70_4,ZNF70,0,0.002503,0.114
ZNF70_5,ZNF70,0,-0.003597,0.09296
ZNF70_6,ZNF70,0,-0.00792,0.1267
ZNF710_1,ZNF710,0,-0.006367,0.1722
ZNF710_2,ZNF710,0,0.00142,0.1265
ZNF710_3,ZNF710,0,-0.03121,0.3134
ZNF710_4,ZNF710,0,-0.01055,0.1492
ZNF710_5,ZNF710,0,-0.001713,0.07718
ZNF710_6,ZNF710,0,-0.01073,0.1384
ZNF711_1,ZNF711,0,-0.002313,0.1338
ZNF711_2,ZNF711,0,-0.004123,0.1526
ZNF711_3,ZNF711,0,-0.001234,0.1344
ZNF711_4,ZNF711,0,-0.01713,0.1676
ZNF711_5,ZNF711,0,-0.004946,0.1157
ZNF711_6,ZNF711,0,0.0004007,0.09165
ZNF713_1,ZNF713,0,-0.004198,0.1572
ZNF713_2,ZNF713,0,-0.007497,0.2427
ZNF713_3,ZNF713,0,-0.01346,0.3594
ZNF713_4,ZNF713,0,-0.0006804,0.1186
ZNF713_5,ZNF713,0,-0.002237,0.1606
ZNF713_6,ZNF713,0,0.003477,0.1421
ZNF714_1,ZNF714,0,-0.00339,0.16
ZNF714_2,ZNF714,0,-0.006582,0.158
ZNF714_3,ZNF714,0,0.001256,0.1289
ZNF714_4,ZNF714,0,-0.04634,0.3092
ZNF714_5,ZNF714,0,0.005299,0.1747
ZNF714_6,ZNF714,0,-0.009548,0.1025
ZNF716_1,ZNF716,0,0.005021,0.1248
ZNF716_2,ZNF716,0,-0.003795,0.1271
ZNF716_3,ZNF716,0,-0.006688,0.1142
ZNF716_4,ZNF716,0,7.26e-05,0.1744
ZNF716_5,ZNF716,0,0.002399,0.1202
ZNF716_6,ZNF716,0,0.006356,0.1606
ZNF717_1,ZNF717,0,-0.008057,0.1273
ZNF717_3,ZNF717,0,-0.04259,0.2812
ZNF717_4,ZNF717,0,-0.006757,0.09112
ZNF717_5,ZNF717,0,-0.002076,0.07562
ZNF717_6,ZNF717,0,-0.01021,0.1261
ZNF718_P1_1,ZNF718,0,0.003832,0.1109
ZNF718_P1_3,ZNF718,0,-0.009788,0.1514
ZNF718_P1_4,ZNF718,0,0.002995,0.1264
ZNF718_P1_5,ZNF718,0,-0.0009211,0.1609
ZNF718_P2_1,ZNF718,0,-0.002783,0.1126
ZNF718_P2_2,ZNF718,0,-0.0005055,0.09875
ZNF718_P2_3,ZNF718,0,-0.01041,0.1621
ZNF718_P2_4,ZNF718,0,-0.2917,0.6013
ZNF718_P2_5,ZNF718,0,-0.01493,0.1859
ZNF718_P2_6,ZNF718,0,-0.004266,0.0852
ZNF718_P3_1|ZNF718_P1_2,ZNF718|ZNF718,0,-0.01722,0.19
ZNF718_P3_2|ZNF718_P1_6,ZNF718|ZNF718,0,-0.004158,0.07827
ZNF718_P3_3,ZNF718,0,-0.05051,0.4004
ZNF718_P3_4,ZNF718,0,-0.05302,0.2531
ZNF718_P3_5,ZNF718,0,0.0006661,0.1531
ZNF718_P3_6,ZNF718,0,-0.002819,0.06342
ZNF71_1,ZNF71,0,-0.24,0.5156
ZNF71_2,ZNF71,0,-0.02544,0.3334
ZNF71_3,ZNF71,0,-0.02854,0.2181
ZNF71_4,ZNF71,0,-0.005826,0.201
ZNF71_5,ZNF71,0,0.0041,0.08743
ZNF71_6,ZNF71,0,-0.01337,0.1009
ZNF720_1,ZNF720,0,-0.009999,0.1163
ZNF720_2,ZNF720,0,0.005452,0.1417
ZNF720_3,ZNF720,0,-0.02266,0.2856
ZNF720_4,ZNF720,0,-0.004635,0.1168
ZNF720_5,ZNF720,0,-0.003411,0.08013
ZNF720_6,ZNF720,0,-0.000883,0.05775
ZNF721_P1_1,ZNF721,0,-0.0002788,0.1176
ZNF721_P1_2,ZNF721,0,-0.02059,0.1766
ZNF721_P1_3,ZNF721,0,0.001344,0.09933
ZNF721_P1_4,ZNF721,0,-0.01185,0.1891
ZNF721_P1_5,ZNF721,0,-0.003869,0.07449
ZNF721_P1_6,ZNF721,0,0.009471,0.08554
ZNF721_P2_1,ZNF721,0,-0.02048,0.196
ZNF721_P2_2,ZNF721,0,-0.009913,0.09637
ZNF721_P2_3,ZNF721,0,-0.02046,0.3613
ZNF721_P2_4,ZNF721,0,-0.008718,0.1336
ZNF721_P2_5,ZNF721,0,-0.01615,0.1503
ZNF721_P2_6,ZNF721,0,-0.02163,0.1775
ZNF726_1,ZNF726,0,-0.01724,0.2124
ZNF726_2,ZNF726,0,0.000551,0.1469
ZNF726_3,ZNF726,0,-0.001086,0.1247
ZNF726_4,ZNF726,0,-0.04999,0.3985
ZNF726_5,ZNF726,0,-0.00613,0.1274
ZNF726_6,ZNF726,0,0.005471,0.1777
ZNF727_1,ZNF727,0,0.007588,0.1485
ZNF727_2,ZNF727,0,-0.01426,0.1045
ZNF727_3,ZNF727,0,0.002796,0.2666
ZNF727_4,ZNF727,0,0.006876,0.115
ZNF727_5,ZNF727,0,-0.001636,0.1423
ZNF727_6,ZNF727,0,-0.00953,0.1041
ZNF728_1,ZNF728,0,0.001054,0.1092
ZNF728_2,ZNF728,0,0.001059,0.2063
ZNF728_3,ZNF728,0,0.004354,0.2198
ZNF728_4,ZNF728,0,-0.002418,0.1297
ZNF728_5,ZNF728,0,0.003014,0.1066
ZNF728_6,ZNF728,0,-0.003312,0.08412
ZNF729_1,ZNF729,0,-0.0257,0.291
ZNF729_2,ZNF729,0,-0.0195,0.1691
ZNF729_3,ZNF729,0,-0.0005022,0.1458
ZNF729_4,ZNF729,0,-0.01158,0.1538
ZNF729_5,ZNF729,0,0.00701,0.1586
ZNF729_6,ZNF729,0,-0.004103,0.1114
ZNF730_1,ZNF730,0,0.001418,0.1485
ZNF730_2,ZNF730,0,-0.009268,0.2085
ZNF730_3,ZNF730,0,-0.03341,0.2458
ZNF730_4,ZNF730,0,0.00434,0.1372
ZNF730_5,ZNF730,0,-0.005506,0.04383
ZNF730_6,ZNF730,0,-0.0004577,0.1019
ZNF732_1,ZNF732,0,0.001615,0.1258
ZNF732_2,ZNF732,0,-0.02463,0.1914
ZNF732_3,ZNF732,0,-0.02127,0.189
ZNF732_4,ZNF732,0,-0.01957,0.1847
ZNF732_5,ZNF732,0,-0.01429,0.1603
ZNF732_6,ZNF732,0,0.005358,0.1182
ZNF735_1,ZNF735,0,-0.008937,0.1454
ZNF735_2,ZNF735,0,0.003826,0.1702
ZNF735_3,ZNF735,0,0.002151,0.1655
ZNF735_4,ZNF735,0,-0.04285,0.3331
ZNF735_5,ZNF735,0,-0.001427,0.1156
ZNF735_6,ZNF735,0,-0.01664,0.2125
ZNF736_P1_1,ZNF736,0,0.002103,0.1201
ZNF736_P1_2,ZNF736,0,-0.004073,0.1273
ZNF736_P1_3,ZNF736,0,-0.001994,0.1333
ZNF736_P1_4,ZNF736,0,-0.01123,0.1303
ZNF736_P1_5,ZNF736,0,0.003542,0.07954
ZNF736_P1_6,ZNF736,0,-0.00121,0.08038
ZNF736_P2_1,ZNF736,0,0.0003756,0.1053
ZNF736_P2_2,ZNF736,0,-0.01301,0.1603
ZNF736_P2_3,ZNF736,0,-0.02106,0.1821
ZNF736_P2_4,ZNF736,0,-0.02814,0.2877
ZNF736_P2_5,ZNF736,0,0.002135,0.08721
ZNF736_P2_6,ZNF736,0,-0.003761,0.1112
ZNF737_1,ZNF737,0,-0.01921,0.2368
ZNF737_2,ZNF737,0,-0.005394,0.1959
ZNF737_3,ZNF737,0,-0.05427,0.2515
ZNF737_4,ZNF737,0,-0.02845,0.1878
ZNF737_5,ZNF737,0,-0.004675,0.05727
ZNF737_6,ZNF737,0,-0.03347,0.2009
ZNF740_1,ZNF740,0,-0.007231,0.1092
ZNF740_2,ZNF740,0,-0.002165,0.1471
ZNF740_3,ZNF740,0,-0.01198,0.1686
ZNF740_4,ZNF740,0,-0.0366,0.2253
ZNF740_5,ZNF740,0,-0.002879,0.09463
ZNF740_6,ZNF740,0,0.0004217,0.1144
ZNF746_1,ZNF746,0,-0.01749,0.3185
ZNF746_2,ZNF746,0,-0.0005446,0.1302
ZNF746_3,ZNF746,0,-0.02725,0.2107
ZNF746_4,ZNF746,0,-0.008144,0.1284
ZNF746_5,ZNF746,0,0.004476,0.1078
ZNF746_6,ZNF746,0,-0.01068,0.1127
ZNF747_1|ZNF768_P2_3,ZNF747|ZNF768,0,-0.008128,0.07326
ZNF747_2|ZNF768_P2_1,ZNF747|ZNF768,0,-0.0009243,0.08424
ZNF747_3|ZNF768_P2_2,ZNF747|ZNF768,0,-0.01029,0.08222
ZNF747_4|ZNF768_P2_4,ZNF747|ZNF768,0,-0.00412,0.1195
ZNF747_5|ZNF768_P2_5,ZNF747|ZNF768,0,-0.007204,0.07824
ZNF747_6,ZNF747,0,-0.008817,0.09538
ZNF749_1,ZNF749,0,0.01507,0.1835
ZNF749_2,ZNF749,0,-0.005154,0.276
ZNF749_3,ZNF749,0,-0.02558,0.2293
ZNF749_4,ZNF749,0,-0.02202,0.1632
ZNF749_5,ZNF749,0,-0.002139,0.1057
ZNF749_6,ZNF749,0,-0.008856,0.11
ZNF74_1,ZNF74,0,-0.006693,0.08705
ZNF74_2,ZNF74,0,-0.01178,0.1866
ZNF74_3,ZNF74,0,-0.0308,0.2461
ZNF74_4,ZNF74,0,-0.00432,0.1132
ZNF74_5,ZNF74,0,0.0001645,0.07562
ZNF74_6,ZNF74,0,-0.008943,0.1198
ZNF750_1,ZNF750,0,-0.002356,0.127
ZNF750_2,ZNF750,0,-0.01079,0.1733
ZNF750_3,ZNF750,0,-0.04031,0.2204
ZNF750_4,ZNF750,0,-0.005517,0.2257
ZNF750_5,ZNF750,0,0.001579,0.1475
ZNF750_6,ZNF750,0,0.002974,0.1052
ZNF75A_1,ZNF75A,0,-0.04808,0.2751
ZNF75A_2,ZNF75A,0,0.002816,0.1926
ZNF75A_3,ZNF75A,0,-0.02072,0.2105
ZNF75A_4,ZNF75A,0,-0.006313,0.092
ZNF75A_5,ZNF75A,0,-0.001397,0.1183
ZNF75A_6,ZNF75A,0,0.002182,0.07961
ZNF75D_1,ZNF75D,0,-0.01723,0.1446
ZNF75D_2,ZNF75D,0,-0.01623,0.1677
ZNF75D_3,ZNF75D,0,-0.007041,0.122
ZNF75D_4,ZNF75D,0,-0.00942,0.1403
ZNF75D_5,ZNF75D,0,0.004732,0.09458
ZNF75D_6,ZNF75D,0,-0.003271,0.08421
ZNF761_1,ZNF761,0,-0.0209,0.1358
ZNF761_2,ZNF761,0,-0.03163,0.2747
ZNF761_3,ZNF761,0,-0.01776,0.2576
ZNF761_4,ZNF761,0,-0.009598,0.1191
ZNF761_5,ZNF761,0,-0.001453,0.07012
ZNF761_6,ZNF761,0,-0.004252,0.1672
ZNF763_6,ZNF763,0,-0.008248,0.07968
ZNF764_1,ZNF764,0,-0.00535,0.1338
ZNF764_2,ZNF764,0,-0.0009001,0.1344
ZNF764_3,ZNF764,0,-0.03367,0.1858
ZNF764_4,ZNF764,0,-0.0135,0.1694
ZNF764_5,ZNF764,0,-0.01094,0.1253
ZNF764_6,ZNF764,0,-0.002871,0.1184
ZNF765_P1_1,ZNF765,0,0.003364,0.1386
ZNF765_P1_2,ZNF765,0,-0.01819,0.185
ZNF765_P1_3,ZNF765,0,-0.02191,0.1612
ZNF765_P1_4,ZNF765,0,-0.03339,0.2568
ZNF765_P1_5,ZNF765,0,-0.003654,0.06949
ZNF765_P1_6,ZNF765,0,-0.005329,0.1433
ZNF765_P2_1,ZNF765,0,-0.04008,0.2324
ZNF765_P2_2,ZNF765,0,0.004486,0.1224
ZNF765_P2_3,ZNF765,0,-0.004771,0.1318
ZNF765_P2_4,ZNF765,0,-0.06076,0.2957
ZNF765_P2_5,ZNF765,0,0.001991,0.07277
ZNF765_P2_6,ZNF765,0,-0.006631,0.1118
ZNF766_1,ZNF766,0,-0.0006035,0.1285
ZNF766_2,ZNF766,0,-0.02203,0.1401
ZNF766_3,ZNF766,0,-0.001105,0.1426
ZNF766_4,ZNF766,0,-0.009107,0.123
ZNF766_5,ZNF766,0,-0.008079,0.08909
ZNF766_6,ZNF766,0,-0.003957,0.1276
ZNF768_P1_1,ZNF768,0,-0.06241,0.3645
ZNF768_P1_2,ZNF768,0,0.006135,0.1653
ZNF768_P1_3,ZNF768,0,-0.04072,0.2898
ZNF768_P1_4,ZNF768,0,-0.0007446,0.1078
ZNF768_P1_5,ZNF768,0,-0.004328,0.114
ZNF768_P1_6,ZNF768,0,-0.009615,0.09982
ZNF768_P2_6,ZNF768,0,-0.002216,0.1193
ZNF76_1,ZNF76,0,0.005501,0.1033
ZNF76_2,ZNF76,0,-0.01702,0.1523
ZNF76_3,ZNF76,0,-0.02411,0.21
ZNF76_4,ZNF76,0,-0.01978,0.1736
ZNF76_5,ZNF76,0,0.002049,0.1762
ZNF76_6,ZNF76,0,0.002279,0.1543
ZNF770_1,ZNF770,0,-0.009371,0.1776
ZNF770_2,ZNF770,0,-0.02644,0.2031
ZNF770_3,ZNF770,0,-0.03308,0.2401
ZNF770_4,ZNF770,0,-0.02441,0.1181
ZNF770_5,ZNF770,0,0.006338,0.07607
ZNF770_6,ZNF770,0,-0.002319,0.09856
ZNF771_1,ZNF771,0,-0.008752,0.1113
ZNF771_2,ZNF771,0,-0.0179,0.183
ZNF771_3,ZNF771,0,-0.006169,0.134
ZNF771_4,ZNF771,0,-0.0237,0.2746
ZNF771_5,ZNF771,0,-0.008015,0.1113
ZNF771_6,ZNF771,0,-0.008883,0.1126
ZNF772_1,ZNF772,0,-0.005131,0.1009
ZNF772_2,ZNF772,0,-0.002319,0.1504
ZNF772_3,ZNF772,0,-0.004898,0.1366
ZNF772_4,ZNF772,0,-0.001692,0.04793
ZNF772_5,ZNF772,0,-0.006014,0.1431
ZNF772_6,ZNF772,0,-0.00264,0.08818
ZNF773_1,ZNF773,0,-0.001177,0.1721
ZNF773_2,ZNF773,0,-0.005913,0.1119
ZNF773_3,ZNF773,0,0.01248,0.1843
ZNF773_4,ZNF773,0,-0.01992,0.212
ZNF773_5,ZNF773,0,0.001481,0.08016
ZNF773_6,ZNF773,0,0.001102,0.1088
ZNF774_1,ZNF774,0,-0.000657,0.2348
ZNF774_2,ZNF774,0,-0.01436,0.172
ZNF774_3,ZNF774,0,-0.01966,0.2006
ZNF774_4,ZNF774,0,-0.01952,0.1728
ZNF774_5,ZNF774,0,-0.02169,0.164
ZNF774_6,ZNF774,0,-0.0004725,0.09627
ZNF775_1,ZNF775,0,-0.0005194,0.1501
ZNF775_2,ZNF775,0,-0.007791,0.136
ZNF775_3,ZNF775,0,-0.0207,0.1896
ZNF775_4,ZNF775,0,-0.005926,0.1559
ZNF775_5,ZNF775,0,-0.01523,0.1637
ZNF775_6,ZNF775,0,-1.938e-05,0.09977
ZNF776_1,ZNF776,0,-0.006041,0.1527
ZNF776_2,ZNF776,0,-0.0003193,0.2002
ZNF776_3,ZNF776,0,-0.01427,0.1317
ZNF776_4,ZNF776,0,-0.01057,0.2386
ZNF776_5,ZNF776,0,-0.002972,0.08205
ZNF776_6,ZNF776,0,-0.01054,0.1039
ZNF777_1,ZNF777,0,-0.02106,0.1981
ZNF777_2,ZNF777,0,-0.006624,0.116
ZNF777_3,ZNF777,0,-0.04028,0.3595
ZNF777_4,ZNF777,0,-0.04208,0.3001
ZNF777_5,ZNF777,0,-0.009482,0.09943
ZNF777_6,ZNF777,0,0.00375,0.1181
ZNF778_1,ZNF778,0,-0.01219,0.1865
ZNF778_2,ZNF778,0,-0.004829,0.1513
ZNF778_3,ZNF778,0,-0.01545,0.1483
ZNF778_4,ZNF778,0,-0.02055,0.2962
ZNF778_5,ZNF778,0,-0.0004931,0.07629
ZNF778_6,ZNF778,0,0.006402,0.1383
ZNF77_1,ZNF77,0,-0.009701,0.09987
ZNF77_2,ZNF77,0,-0.01869,0.1733
ZNF77_3,ZNF77,0,0.002332,0.1263
ZNF77_4,ZNF77,0,-0.1239,0.6769
ZNF77_5,ZNF77,0,0.000872,0.07223
ZNF77_6,ZNF77,0,-0.005314,0.1002
ZNF780A_1,ZNF780A,0,-0.01212,0.1716
ZNF780A_2,ZNF780A,0,0.004057,0.1394
ZNF780A_3,ZNF780A,0,-0.008013,0.09905
ZNF780A_4,ZNF780A,0,-0.03694,0.232
ZNF780A_5,ZNF780A,0,-0.003638,0.0824
ZNF780A_6,ZNF780A,0,-0.00202,0.06526
ZNF780B_1,ZNF780B,0,-0.009218,0.1727
ZNF780B_2,ZNF780B,0,-0.01107,0.1093
ZNF780B_3,ZNF780B,0,-0.01691,0.2007
ZNF780B_4,ZNF780B,0,-0.01378,0.1839
ZNF780B_5,ZNF780B,0,-0.0101,0.2011
ZNF780B_6,ZNF780B,0,-0.02496,0.2529
ZNF781_1,ZNF781,0,-0.01564,0.2429
ZNF781_2,ZNF781,0,0.02089,0.1866
ZNF781_3,ZNF781,0,-0.005105,0.2162
ZNF781_4,ZNF781,0,-0.005028,0.1343
ZNF781_5,ZNF781,0,-0.008229,0.1111
ZNF781_6,ZNF781,0,-0.0012,0.09768
ZNF782_1,ZNF782,0,-0.0292,0.2546
ZNF782_2,ZNF782,0,-0.01667,0.1437
ZNF782_3,ZNF782,0,-0.009468,0.1882
ZNF782_4,ZNF782,0,-0.009881,0.1135
ZNF782_5,ZNF782,0,0.0009818,0.06599
ZNF782_6,ZNF782,0,0.002537,0.07501
ZNF783_1,ZNF783,0,-0.003271,0.1368
ZNF783_2,ZNF783,0,-0.006148,0.21
ZNF783_3,ZNF783,0,-0.1149,0.4818
ZNF783_4,ZNF783,0,-0.01591,0.2559
ZNF783_5,ZNF783,0,-0.0005407,0.103
ZNF783_6,ZNF783,0,-0.01497,0.1511
ZNF784_1,ZNF784,0,-0.002709,0.2847
ZNF784_2,ZNF784,0,-0.007932,0.16
ZNF784_3,ZNF784,0,-0.02416,0.2588
ZNF784_4,ZNF784,0,-0.01112,0.163
ZNF784_5,ZNF784,0,-0.007606,0.155
ZNF784_6,ZNF784,0,4.699e-05,0.04315
ZNF785_1,ZNF785,0,0.0005147,0.2162
ZNF785_2,ZNF785,0,-0.02783,0.3679
ZNF785_3,ZNF785,0,-0.006428,0.1235
ZNF785_4,ZNF785,0,-0.005421,0.1257
ZNF785_5,ZNF785,0,0.001834,0.09421
ZNF785_6,ZNF785,0,-0.01953,0.2001
ZNF786_1,ZNF786,0,-0.1334,0.4197
ZNF786_2,ZNF786,0,-0.01095,0.1349
ZNF786_3,ZNF786,0,-0.02194,0.1587
ZNF786_4,ZNF786,0,-0.01705,0.1909
ZNF786_5,ZNF786,0,-0.0135,0.2358
ZNF786_6,ZNF786,0,0.00689,0.07873
ZNF787_1,ZNF787,0,0.003054,0.1279
ZNF787_2,ZNF787,1,-0.00492,0.07571
ZNF787_3,ZNF787,1,0.007487,0.08316
ZNF787_4,ZNF787,0,0.008046,0.148
ZNF787_5,ZNF787,0,0.0001712,0.06736
ZNF787_6,ZNF787,0,0.002883,0.1229
ZNF789_1,ZNF789,0,-0.03233,0.1917
ZNF789_2,ZNF789,0,-0.01038,0.1706
ZNF789_3,ZNF789,0,-0.0201,0.179
ZNF789_4,ZNF789,0,-0.0283,0.2553
ZNF789_5,ZNF789,0,-0.02111,0.2693
ZNF789_6,ZNF789,0,-0.001896,0.06752
ZNF790_P1_1,ZNF790,0,-0.01093,0.1373
ZNF790_P1_2,ZNF790,0,-0.0171,0.1248
ZNF790_P1_3,ZNF790,0,0.001166,0.1276
ZNF790_P1_4,ZNF790,0,-0.0159,0.1779
ZNF790_P1_5,ZNF790,0,-0.01498,0.1712
ZNF790_P1_6,ZNF790,0,-0.02591,0.1697
ZNF790_P2_1,ZNF790,0,-0.002339,0.1924
ZNF790_P2_2,ZNF790,0,0.003604,0.1015
ZNF790_P2_3,ZNF790,0,-0.00399,0.136
ZNF790_P2_4,ZNF790,0,-0.005693,0.1073
ZNF790_P2_5,ZNF790,0,0.003099,0.1316
ZNF790_P2_6,ZNF790,0,-0.005742,0.08707
ZNF791_1,ZNF791,0,-0.0056,0.1963
ZNF791_2,ZNF791,0,-0.002229,0.1707
ZNF791_3,ZNF791,0,0.004457,0.1439
ZNF791_4,ZNF791,0,0.00424,0.1925
ZNF791_5,ZNF791,0,-0.01243,0.1411
ZNF791_6,ZNF791,0,-0.01154,0.1147
ZNF792_1,ZNF792,0,-0.01,0.1566
ZNF792_2,ZNF792,0,-0.02138,0.1645
ZNF792_3,ZNF792,0,-0.01234,0.3047
ZNF792_4,ZNF792,0,-0.04221,0.2984
ZNF792_5,ZNF792,0,-0.004206,0.1544
ZNF792_6,ZNF792,0,-0.01057,0.1773
ZNF793_1,ZNF793,0,-0.0006774,0.1007
ZNF793_2,ZNF793,0,-0.009943,0.1317
ZNF793_3,ZNF793,0,-0.009848,0.1339
ZNF793_4,ZNF793,0,-0.02959,0.2044
ZNF793_5,ZNF793,0,-0.007037,0.09322
ZNF793_6,ZNF793,0,0.004515,0.09591
ZNF799_1,ZNF799,0,-0.005612,0.1374
ZNF799_2,ZNF799,0,-0.007706,0.1434
ZNF799_3,ZNF799,0,0.01122,0.1874
ZNF799_4,ZNF799,0,-0.006668,0.1494
ZNF799_5,ZNF799,0,-0.006739,0.0919
ZNF799_6,ZNF799,0,0.003193,0.1479
ZNF79_1,ZNF79,0,-0.009159,0.218
ZNF79_2,ZNF79,0,-0.01249,0.09638
ZNF79_3,ZNF79,0,-0.0272,0.1811
ZNF79_4,ZNF79,0,-0.03113,0.2041
ZNF79_5,ZNF79,0,0.004265,0.05145
ZNF79_6,ZNF79,0,-0.002576,0.1679
ZNF7_1,ZNF7,0,-0.01775,0.1452
ZNF7_2,ZNF7,0,-0.01325,0.1303
ZNF7_3,ZNF7,0,-0.0003312,0.1615
ZNF7_4,ZNF7,0,-0.001716,0.3587
ZNF7_5,ZNF7,0,-0.01062,0.1388
ZNF7_6,ZNF7,0,-0.003325,0.07652
ZNF800_1,ZNF800,0,-0.003055,0.1288
ZNF800_2,ZNF800,0,-0.007145,0.08933
ZNF800_3,ZNF800,0,-0.02958,0.2021
ZNF800_4,ZNF800,0,-0.007358,0.1421
ZNF800_5,ZNF800,0,-0.01355,0.2868
ZNF800_6,ZNF800,0,0.003254,0.1355
ZNF804A_1,ZNF804A,0,0.004597,0.1316
ZNF804A_2,ZNF804A,0,0.001377,0.09946
ZNF804A_3,ZNF804A,0,-0.01894,0.2442
ZNF804A_4,ZNF804A,0,-0.004345,0.1965
ZNF804A_5,ZNF804A,0,-0.02073,0.2069
ZNF804A_6,ZNF804A,0,-0.01902,0.1557
ZNF804B_1,ZNF804B,0,-0.01242,0.1711
ZNF804B_2,ZNF804B,0,0.002769,0.1981
ZNF804B_3,ZNF804B,0,-0.004063,0.1287
ZNF804B_4,ZNF804B,0,-0.00406,0.1169
ZNF804B_5,ZNF804B,0,0.004485,0.09439
ZNF804B_6,ZNF804B,0,0.003921,0.09449
ZNF805_1,ZNF805,0,-0.01465,0.162
ZNF805_2,ZNF805,0,-0.01372,0.2058
ZNF805_3,ZNF805,0,-0.0139,0.2139
ZNF805_4,ZNF805,0,-0.006451,0.1875
ZNF805_5,ZNF805,0,-0.001525,0.1267
ZNF805_6,ZNF805,0,-0.002131,0.05675
ZNF808_P1_1,ZNF808,0,-0.009416,0.1201
ZNF808_P1_2,ZNF808,0,-0.01098,0.135
ZNF808_P1_3,ZNF808,0,-0.03104,0.2429
ZNF808_P1_4,ZNF808,0,-0.01007,0.1404
ZNF808_P1_5,ZNF808,0,-0.00197,0.09202
ZNF808_P1_6,ZNF808,0,-0.01244,0.1331
ZNF808_P2_1,ZNF808,0,-0.01592,0.1677
ZNF808_P2_2,ZNF808,0,0.02227,0.1922
ZNF808_P2_3,ZNF808,0,0.00383,0.1789
ZNF808_P2_4,ZNF808,0,-0.003354,0.1154
ZNF808_P2_5,ZNF808,0,-0.00929,0.09724
ZNF808_P2_6,ZNF808,0,-0.006686,0.06859
ZNF80_1,ZNF80,0,-0.008404,0.2217
ZNF80_2,ZNF80,0,-0.006094,0.162
ZNF80_3,ZNF80,0,-0.003884,0.1695
ZNF80_4,ZNF80,0,-0.004481,0.2091
ZNF80_5,ZNF80,0,-0.01635,0.1803
ZNF80_6,ZNF80,0,-0.009784,0.1243
ZNF813_1,ZNF813,1,-0.002382,0.1184
ZNF813_2,ZNF813,0,-0.02421,0.2825
ZNF813_3,ZNF813,0,-0.002701,0.1899
ZNF813_4,ZNF813,0,-0.006996,0.192
ZNF813_5,ZNF813,1,-0.0036,0.09272
ZNF813_6,ZNF813,0,-0.002286,0.1747
ZNF814_1,ZNF814,0,-0.009326,0.1637
ZNF814_2,ZNF814,0,-0.0002789,0.1103
ZNF814_3,ZNF814,0,-0.01215,0.1393
ZNF814_4,ZNF814,0,-0.009353,0.1338
ZNF814_5,ZNF814,0,-0.002046,0.08755
ZNF814_6,ZNF814,0,-0.003073,0.06954
ZNF816_P1_1,ZNF816,0,-0.001179,0.1344
ZNF816_P1_2,ZNF816,0,-0.01544,0.1526
ZNF816_P1_3,ZNF816,0,-0.03166,0.2399
ZNF816_P1_4,ZNF816,0,-0.003065,0.223
ZNF816_P1_5,ZNF816,0,-0.01024,0.09683
ZNF816_P1_6,ZNF816,0,-0.01536,0.1545
ZNF816_P2_1,ZNF816,0,-0.006348,0.1118
ZNF816_P2_2,ZNF816,0,-0.02219,0.1555
ZNF816_P2_3,ZNF816,0,-0.002585,0.07936
ZNF816_P2_4,ZNF816,0,-0.02109,0.2019
ZNF816_P2_5,ZNF816,0,-0.02203,0.1191
ZNF816_P2_6,ZNF816,0,-0.003263,0.1578
ZNF81_1,ZNF81,0,0.002006,0.1257
ZNF81_2,ZNF81,0,-0.003719,0.1061
ZNF81_3,ZNF81,0,-0.01638,0.1168
ZNF81_4,ZNF81,0,-0.01247,0.2174
ZNF81_5,ZNF81,0,-0.007032,0.1647
ZNF81_6,ZNF81,0,-0.04207,0.2037
ZNF821_1,ZNF821,0,-0.002374,0.1445
ZNF821_2,ZNF821,0,-0.004015,0.1232
ZNF821_3,ZNF821,0,-0.002591,0.1272
ZNF821_4,ZNF821,0,-0.007196,0.1755
ZNF821_5,ZNF821,0,-0.004583,0.1043
ZNF821_6,ZNF821,0,-0.002372,0.06265
ZNF823_1,ZNF823,0,-0.006444,0.09811
ZNF823_2,ZNF823,0,-0.01946,0.2004
ZNF823_3,ZNF823,0,-0.02437,0.2162
ZNF823_4,ZNF823,0,0.001724,0.06552
ZNF823_5,ZNF823,0,0.003467,0.06429
ZNF823_6,ZNF823,0,0.0004579,0.1262
ZNF827_1,ZNF827,0,-0.005735,0.1579
ZNF827_2,ZNF827,0,-0.0001951,0.1361
ZNF827_3,ZNF827,0,-0.007416,0.2085
ZNF827_4,ZNF827,0,-0.008642,0.1938
ZNF827_5,ZNF827,0,0.005901,0.1018
ZNF827_6,ZNF827,0,0.002913,0.09789
ZNF829_1,ZNF829,0,-0.014,0.1895
ZNF829_2,ZNF829,0,0.0007103,0.1371
ZNF829_3,ZNF829,0,0.01187,0.148
ZNF829_4,ZNF829,0,-0.00459,0.08457
ZNF829_5,ZNF829,0,-0.0004794,0.05579
ZNF829_6,ZNF829,0,0.005157,0.06534
ZNF830_2,ZNF830,0,-0.335,0.5076
ZNF830_3,ZNF830,0,-0.03088,0.2914
ZNF830_4,ZNF830,0,-0.004257,0.1406
ZNF830_5,ZNF830,0,-0.01026,0.1624
ZNF830_6,ZNF830,0,0.002059,0.1034
ZNF831_1,ZNF831,0,-0.008918,0.1488
ZNF831_2,ZNF831,0,-0.03813,0.2975
ZNF831_3,ZNF831,0,0.001851,0.1998
ZNF831_4,ZNF831,0,-0.01113,0.169
ZNF831_5,ZNF831,0,-0.01189,0.1341
ZNF831_6,ZNF831,0,0.003556,0.07701
ZNF835_1,ZNF835,0,-0.01839,0.1618
ZNF835_2,ZNF835,0,-3.201e-05,0.1246
ZNF835_3,ZNF835,0,-0.02928,0.2481
ZNF835_4,ZNF835,0,-0.01679,0.2894
ZNF835_5,ZNF835,0,-0.006441,0.1269
ZNF835_6,ZNF835,0,-0.01287,0.1416
ZNF836_1,ZNF836,0,-0.01475,0.1519
ZNF836_2,ZNF836,0,0.000167,0.06372
ZNF836_3,ZNF836,0,-0.005849,0.1675
ZNF836_4,ZNF836,0,-0.01274,0.1447
ZNF836_5,ZNF836,0,-0.01555,0.162
ZNF836_6,ZNF836,0,-0.001098,0.07753
ZNF837_1,ZNF837,0,0.00273,0.1352
ZNF837_2,ZNF837,0,-0.002483,0.1076
ZNF837_3,ZNF837,0,-0.01215,0.1809
ZNF837_4,ZNF837,0,-0.03766,0.2866
ZNF837_5,ZNF837,0,-0.001473,0.0852
ZNF837_6,ZNF837,0,-0.01135,0.114
ZNF839_1,ZNF839,0,-0.002461,0.101
ZNF839_2,ZNF839,0,0.001177,0.1215
ZNF839_3,ZNF839,0,-0.01179,0.1153
ZNF839_4,ZNF839,0,-0.008489,0.156
ZNF839_5,ZNF839,0,0.0009531,0.09077
ZNF839_6,ZNF839,0,-0.02064,0.2547
ZNF83_P1_1,ZNF83,0,-0.0163,0.1433
ZNF83_P1_2,ZNF83,0,-0.001753,0.09169
ZNF83_P1_3,ZNF83,0,-0.02335,0.2903
ZNF83_P1_4,ZNF83,0,-0.06719,0.4327
ZNF83_P1_5,ZNF83,0,-0.001018,0.1285
ZNF83_P1_6,ZNF83,0,-0.01024,0.1279
ZNF83_P2_1,ZNF83,0,-0.006376,0.1477
ZNF83_P2_2,ZNF83,0,-0.01962,0.1674
ZNF83_P2_3,ZNF83,0,-0.008892,0.111
ZNF83_P2_4,ZNF83,0,-0.01182,0.1036
ZNF83_P2_5,ZNF83,0,-0.008171,0.1207
ZNF83_P2_6,ZNF83,1,0.007418,0.08144
ZNF83_P3_1,ZNF83,1,-0.01148,0.1988
ZNF83_P3_2,ZNF83,0,-0.01093,0.1611
ZNF83_P3_3,ZNF83,0,-0.009478,0.2272
ZNF83_P3_4,ZNF83,0,-0.008991,0.1303
ZNF83_P3_5,ZNF83,0,-0.001823,0.05208
ZNF83_P3_6,ZNF83,0,-0.01808,0.1207
ZNF841_1,ZNF841,0,0.007374,0.1243
ZNF841_2,ZNF841,0,0.001907,0.07843
ZNF841_3,ZNF841,0,-0.008654,0.1183
ZNF841_4,ZNF841,0,-0.01587,0.144
ZNF841_5,ZNF841,0,-0.004019,0.1249
ZNF841_6,ZNF841,0,0.00381,0.1269
ZNF843_1,ZNF843,0,-0.001266,0.1484
ZNF843_2,ZNF843,0,-0.004827,0.164
ZNF843_3,ZNF843,0,-0.01057,0.1774
ZNF843_4,ZNF843,0,-0.004925,0.128
ZNF843_5,ZNF843,0,-0.004898,0.1851
ZNF843_6,ZNF843,0,-0.01083,0.1641
ZNF844_1,ZNF844,0,-0.0006299,0.08857
ZNF844_2,ZNF844,0,-0.01175,0.1467
ZNF844_3,ZNF844,0,-0.02217,0.1657
ZNF844_4,ZNF844,0,-0.01103,0.1803
ZNF844_5,ZNF844,0,0.00102,0.08319
ZNF844_6,ZNF844,0,-0.02013,0.2081
ZNF845_1,ZNF845,0,-0.005064,0.09615
ZNF845_2,ZNF845,0,-0.001862,0.1505
ZNF845_3,ZNF845,0,-0.01326,0.1805
ZNF845_4,ZNF845,0,-0.01787,0.1896
ZNF845_5,ZNF845,0,0.003676,0.1203
ZNF845_6,ZNF845,0,-0.003876,0.08129
ZNF846_1,ZNF846,0,-0.001265,0.1002
ZNF846_2,ZNF846,0,-0.02364,0.246
ZNF846_3,ZNF846,0,-0.06641,0.3121
ZNF846_4,ZNF846,0,-0.0566,0.3173
ZNF846_5,ZNF846,0,-0.009289,0.1235
ZNF846_6,ZNF846,0,-0.01619,0.126
ZNF84_1,ZNF84,0,-0.02218,0.183
ZNF84_2,ZNF84,0,-0.005786,0.1271
ZNF84_3,ZNF84,0,-0.005,0.09979
ZNF84_4,ZNF84,0,-0.006029,0.3414
ZNF84_5,ZNF84,0,-0.001751,0.06617
ZNF84_6,ZNF84,0,-0.008002,0.1498
ZNF850_1,ZNF850,0,-0.01847,0.1601
ZNF850_2,ZNF850,1,-0.002744,0.08117
ZNF850_3,ZNF850,1,-0.00306,0.196
ZNF850_4,ZNF850,0,0.007371,0.1797
ZNF850_5,ZNF850,0,-0.001547,0.1049
ZNF850_6,ZNF850,1,-0.001699,0.1094
ZNF852_1,ZNF852,0,0.01202,0.1783
ZNF852_2,ZNF852,0,-0.008245,0.131
ZNF852_3,ZNF852,0,-0.03291,0.3391
ZNF852_4,ZNF852,0,-0.01315,0.1718
ZNF852_5,ZNF852,0,-0.006548,0.08452
ZNF852_6,ZNF852,0,-0.003922,0.1658
ZNF853_P1_1,ZNF853,0,-0.005765,0.1106
ZNF853_P1_2,ZNF853,0,-0.03298,0.2208
ZNF853_P1_3,ZNF853,0,-0.1314,0.4738
ZNF853_P1_4,ZNF853,0,-0.04818,0.3561
ZNF853_P1_5,ZNF853,0,-0.004626,0.07705
ZNF853_P1_6,ZNF853,0,-0.01731,0.2454
ZNF853_P2_1,ZNF853,0,-0.01102,0.1031
ZNF853_P2_2,ZNF853,0,-0.02032,0.1561
ZNF853_P2_3,ZNF853,0,-0.01044,0.275
ZNF853_P2_4,ZNF853,0,-0.07685,0.3555
ZNF853_P2_5,ZNF853,0,0.004681,0.09604
ZNF853_P2_6,ZNF853,0,-0.01116,0.2841
ZNF85_1,ZNF85,0,-0.02802,0.2645
ZNF85_2,ZNF85,0,-0.01379,0.1008
ZNF85_3,ZNF85,0,-0.01533,0.2705
ZNF85_4,ZNF85,0,-0.001636,0.1517
ZNF85_5,ZNF85,0,-0.00704,0.08329
ZNF85_6,ZNF85,0,0.004552,0.1211
ZNF860_1,ZNF860,0,-0.004014,0.1128
ZNF860_2,ZNF860,0,-0.02554,0.2628
ZNF860_3,ZNF860,0,-0.005013,0.1202
ZNF860_4,ZNF860,0,0.005031,0.1263
ZNF860_5,ZNF860,0,-0.003358,0.06672
ZNF860_6,ZNF860,0,0.005758,0.09681
ZNF862_1,ZNF862,0,-0.03561,0.2246
ZNF862_2,ZNF862,0,-0.02368,0.2069
ZNF862_3,ZNF862,0,0.00948,0.1601
ZNF862_4,ZNF862,0,-0.0162,0.2367
ZNF862_5,ZNF862,0,0.005457,0.1033
ZNF862_6,ZNF862,0,-0.005526,0.1221
ZNF865_1,ZNF865,0,-0.01421,0.1373
ZNF865_2,ZNF865,0,-0.01618,0.1579
ZNF865_3,ZNF865,0,0.0003127,0.1197
ZNF865_4,ZNF865,0,-0.008202,0.1661
ZNF865_5,ZNF865,0,-0.00324,0.07736
ZNF865_6,ZNF865,0,-0.01254,0.1212
ZNF878_1,ZNF878,0,-0.0155,0.1168
ZNF878_2,ZNF878,0,-0.00769,0.08442
ZNF878_3,ZNF878,0,-0.0009924,0.2137
ZNF878_4,ZNF878,0,0.004169,0.1721
ZNF878_5,ZNF878,0,0.007672,0.1164
ZNF878_6,ZNF878,0,-0.005259,0.1001
ZNF879_1,ZNF879,0,0.0001496,0.1158
ZNF879_2,ZNF879,0,-0.003952,0.1244
ZNF879_3,ZNF879,0,-0.005829,0.1174
ZNF879_4,ZNF879,0,-0.02551,0.2781
ZNF879_5,ZNF879,0,-5.555e-05,0.08522
ZNF879_6,ZNF879,0,0.002185,0.08347
ZNF880_1,ZNF880,0,-0.005719,0.1111
ZNF880_2,ZNF880,0,-0.01711,0.1507
ZNF880_3,ZNF880,0,-0.01058,0.1349
ZNF880_4,ZNF880,0,-0.008292,0.1488
ZNF880_5,ZNF880,0,-0.009082,0.1457
ZNF880_6,ZNF880,0,0.01266,0.1102
ZNF883_1,ZNF883,0,-0.01247,0.2202
ZNF883_2,ZNF883,0,-0.02753,0.2275
ZNF883_3,ZNF883,0,-0.008159,0.1091
ZNF883_4,ZNF883,0,-0.01623,0.2942
ZNF883_5,ZNF883,0,0.007586,0.1133
ZNF883_6,ZNF883,0,-0.0009474,0.06942
ZNF888_P1_1,ZNF888,0,-0.006779,0.1615
ZNF888_P1_2,ZNF888,0,-0.025,0.1904
ZNF888_P1_3,ZNF888,0,-0.02878,0.2534
ZNF888_P1_4,ZNF888,0,-0.003801,0.2297
ZNF888_P1_5,ZNF888,0,0.002009,0.09275
ZNF888_P1_6,ZNF888,0,-0.00549,0.1224
ZNF888_P2_1,ZNF888,0,-0.04425,0.2635
ZNF888_P2_2,ZNF888,0,-0.01186,0.1094
ZNF888_P2_3,ZNF888,0,0.00118,0.139
ZNF888_P2_4,ZNF888,0,-0.002522,0.1043
ZNF888_P2_5,ZNF888,0,-0.008167,0.1131
ZNF888_P2_6,ZNF888,0,0.006681,0.1029
ZNF891_1,ZNF891,0,0.001905,0.1046
ZNF891_2,ZNF891,0,-0.00722,0.1877
ZNF891_3,ZNF891,0,-0.02623,0.2147
ZNF891_4,ZNF891,0,0.006465,0.2654
ZNF891_5,ZNF891,0,-0.01351,0.1563
ZNF891_6,ZNF891,0,-0.004192,0.09171
ZNF8_1,ZNF8,0,0.001556,0.08664
ZNF8_2,ZNF8,0,0.005371,0.0908
ZNF8_3,ZNF8,0,-0.009127,0.2343
ZNF8_4,ZNF8,0,-0.005935,0.1166
ZNF8_5,ZNF8,0,-0.002389,0.1647
ZNF8_6,ZNF8,0,-0.002018,0.1043
ZNF90_1,ZNF90,1,-0.002648,0.09124
ZNF90_2,ZNF90,1,-0.01191,0.172
ZNF90_3,ZNF90,1,-0.001604,0.07699
ZNF90_4,ZNF90,0,-0.00486,0.1265
ZNF90_5,ZNF90,1,-0.00466,0.1361
ZNF90_6,ZNF90,0,-0.01659,0.1055
ZNF91_1,ZNF91,0,-0.001507,0.2501
ZNF91_2,ZNF91,1,0.003126,0.1029
ZNF91_3,ZNF91,0,-0.03177,0.2865
ZNF91_4,ZNF91,0,0.001856,0.1837
ZNF91_5,ZNF91,1,-0.007011,0.07654
ZNF91_6,ZNF91,0,-0.004417,0.07204
ZNF92_1,ZNF92,0,-0.002981,0.1307
ZNF92_2,ZNF92,0,-0.01405,0.1287
ZNF92_3,ZNF92,0,-0.0006375,0.07826
ZNF92_4,ZNF92,0,-0.02466,0.2
ZNF92_5,ZNF92,0,-0.005712,0.1203
ZNF92_6,ZNF92,0,-0.01024,0.1033
ZNF93_1,ZNF93,0,-0.01258,0.1829
ZNF93_2,ZNF93,0,0.0007752,0.1514
ZNF93_3,ZNF93,0,-0.003674,0.1255
ZNF93_4,ZNF93,0,-0.008734,0.1676
ZNF93_5,ZNF93,0,0.004939,0.1031
ZNF93_6,ZNF93,0,-0.002869,0.0747
ZNF98_1,ZNF98,0,-0.006174,0.127
ZNF98_2,ZNF98,0,-0.007884,0.1322
ZNF98_3,ZNF98,0,-0.01017,0.2002
ZNF98_4,ZNF98,0,0.002531,0.1158
ZNF98_5,ZNF98,0,-6.21e-05,0.09338
ZNF98_6,ZNF98,0,-0.009469,0.1577
ZNF99_1,ZNF99,0,-0.02582,0.1806
ZNF99_2,ZNF99,0,-0.0009356,0.1125
ZNF99_3,ZNF99,0,-0.003747,0.2036
ZNF99_4,ZNF99,0,-0.006051,0.1603
ZNF99_5,ZNF99,0,-0.01176,0.1179
ZNF99_6,ZNF99,0,-0.0008161,0.06229
ZNFX1_1,ZNFX1,0,0.01518,0.1603
ZNFX1_2,ZNFX1,0,0.001539,0.08503
ZNFX1_3,ZNFX1,0,-0.007498,0.1433
ZNFX1_4,ZNFX1,0,-0.001298,0.1632
ZNFX1_5,ZNFX1,0,-0.0001142,0.1024
ZNFX1_6,ZNFX1,0,-0.005659,0.05749
ZSCAN10_1,ZSCAN10,0,-0.004904,0.1228
ZSCAN10_2,ZSCAN10,0,0.00614,0.1137
ZSCAN10_3,ZSCAN10,0,-0.008018,0.1414
ZSCAN10_4,ZSCAN10,0,-0.02263,0.3829
ZSCAN10_5,ZSCAN10,0,-0.01418,0.1258
ZSCAN10_6,ZSCAN10,0,0.004986,0.08039
ZSCAN12_1,ZSCAN12,0,-0.005761,0.2177
ZSCAN12_2,ZSCAN12,0,-0.007699,0.0738
ZSCAN12_3,ZSCAN12,0,-0.001876,0.1041
ZSCAN12_4,ZSCAN12,0,-0.00848,0.1359
ZSCAN12_5,ZSCAN12,0,-0.005478,0.176
ZSCAN12_6,ZSCAN12,0,-0.005144,0.09811
ZSCAN16_1,ZSCAN16,0,-0.008557,0.1415
ZSCAN16_2,ZSCAN16,0,0.001658,0.1372
ZSCAN16_3,ZSCAN16,0,-0.01351,0.1692
ZSCAN16_4,ZSCAN16,0,-0.04806,0.3436
ZSCAN16_5,ZSCAN16,0,-0.029,0.2289
ZSCAN16_6,ZSCAN16,0,-0.004013,0.1201
ZSCAN18_P1_1,ZSCAN18,0,-0.02547,0.2404
ZSCAN18_P1_2,ZSCAN18,0,-0.005786,0.1263
ZSCAN18_P1_3,ZSCAN18,0,-0.02564,0.3363
ZSCAN18_P1_4,ZSCAN18,0,-0.04257,0.2458
ZSCAN18_P1_5,ZSCAN18,0,-0.005271,0.1093
ZSCAN18_P1_6,ZSCAN18,0,0.0007181,0.104
ZSCAN18_P2_1,ZSCAN18,0,-0.02411,0.1914
ZSCAN18_P2_2,ZSCAN18,0,-0.03368,0.2465
ZSCAN18_P2_3,ZSCAN18,0,-0.01747,0.1676
ZSCAN18_P2_4,ZSCAN18,0,0.003907,0.1252
ZSCAN18_P2_5,ZSCAN18,0,-0.007335,0.08389
ZSCAN18_P2_6,ZSCAN18,0,-0.006786,0.08909
ZSCAN1_1,ZSCAN1,0,0.001518,0.1069
ZSCAN1_2,ZSCAN1,0,-0.01384,0.1884
ZSCAN1_3,ZSCAN1,0,-0.008051,0.1245
ZSCAN1_4,ZSCAN1,0,-0.01979,0.3296
ZSCAN1_5,ZSCAN1,0,-0.008996,0.1939
ZSCAN1_6,ZSCAN1,0,-0.005213,0.1165
ZSCAN20_1,ZSCAN20,0,-0.01331,0.2308
ZSCAN20_2,ZSCAN20,0,-0.01934,0.1593
ZSCAN20_3,ZSCAN20,0,-0.01349,0.2776
ZSCAN20_4,ZSCAN20,0,-0.01394,0.2174
ZSCAN20_5,ZSCAN20,0,-0.005751,0.1522
ZSCAN20_6,ZSCAN20,0,0.001941,0.08634
ZSCAN21_1,ZSCAN21,0,-0.003795,0.09361
ZSCAN21_2,ZSCAN21,0,0.002196,0.08669
ZSCAN21_3,ZSCAN21,0,-0.01583,0.1708
ZSCAN21_4,ZSCAN21,0,-0.009888,0.2296
ZSCAN21_5,ZSCAN21,0,-0.002027,0.1101
ZSCAN21_6,ZSCAN21,0,-0.007142,0.19
ZSCAN22_1,ZSCAN22,0,-0.002119,0.1796
ZSCAN22_2,ZSCAN22,0,-0.01507,0.1752
ZSCAN22_3,ZSCAN22,0,-0.01141,0.1863
ZSCAN22_4,ZSCAN22,0,0.006785,0.1235
ZSCAN22_5,ZSCAN22,0,-0.02287,0.1397
ZSCAN22_6,ZSCAN22,0,-0.001248,0.07125
ZSCAN23_1,ZSCAN23,0,-0.01368,0.1361
ZSCAN23_2,ZSCAN23,0,0.01136,0.1462
ZSCAN23_3,ZSCAN23,0,-0.02676,0.1667
ZSCAN23_4,ZSCAN23,0,0.007375,0.1573
ZSCAN23_5,ZSCAN23,0,-0.009214,0.09227
ZSCAN23_6,ZSCAN23,0,-0.0007267,0.0608
ZSCAN25_1,ZSCAN25,0,-0.003639,0.1274
ZSCAN25_2,ZSCAN25,0,-0.04337,0.4114
ZSCAN25_3,ZSCAN25,0,-0.00662,0.1799
ZSCAN25_4,ZSCAN25,0,-0.004438,0.187
ZSCAN25_5,ZSCAN25,0,-0.0007531,0.0487
ZSCAN25_6,ZSCAN25,0,-0.005797,0.08535
ZSCAN26_1,ZSCAN26,0,-0.003813,0.1534
ZSCAN26_2,ZSCAN26,0,-0.01155,0.1033
ZSCAN26_3,ZSCAN26,0,-0.009161,0.1672
ZSCAN26_4,ZSCAN26,0,-0.0001511,0.1833
ZSCAN26_5,ZSCAN26,0,-0.003823,0.1298
ZSCAN26_6,ZSCAN26,0,0.004956,0.1152
ZSCAN29_1,ZSCAN29,0,0.005968,0.1141
ZSCAN29_2,ZSCAN29,0,-0.001149,0.07621
ZSCAN29_3,ZSCAN29,0,-0.002902,0.1418
ZSCAN29_4,ZSCAN29,0,-0.003268,0.1051
ZSCAN29_5,ZSCAN29,0,-0.0002905,0.1067
ZSCAN29_6,ZSCAN29,0,0.007123,0.1269
ZSCAN2_1,ZSCAN2,0,-0.009279,0.1808
ZSCAN2_2,ZSCAN2,0,-0.05028,0.3449
ZSCAN2_3,ZSCAN2,0,-0.005645,0.2484
ZSCAN2_4,ZSCAN2,0,-0.008329,0.08742
ZSCAN2_5,ZSCAN2,0,-0.002725,0.103
ZSCAN2_6,ZSCAN2,0,-0.01352,0.1758
ZSCAN30_1,ZSCAN30,0,0.006462,0.1997
ZSCAN30_2,ZSCAN30,0,-0.02007,0.199
ZSCAN30_3,ZSCAN30,0,-0.2045,0.5221
ZSCAN30_4,ZSCAN30,0,-0.03509,0.2489
ZSCAN30_5,ZSCAN30,0,-0.007211,0.1133
ZSCAN30_6,ZSCAN30,0,-0.005544,0.1044
ZSCAN31_P1_1,ZSCAN31,0,0.003629,0.1483
ZSCAN31_P1_2,ZSCAN31,0,-0.009962,0.195
ZSCAN31_P1_3,ZSCAN31,0,-0.01903,0.2879
ZSCAN31_P1_4,ZSCAN31,0,-0.005074,0.1783
ZSCAN31_P1_5,ZSCAN31,0,-0.01629,0.1539
ZSCAN31_P1_6,ZSCAN31,0,0.003538,0.121
ZSCAN31_P2_1,ZSCAN31,0,0.002254,0.1089
ZSCAN31_P2_2,ZSCAN31,0,-0.004457,0.1419
ZSCAN31_P2_3,ZSCAN31,0,-0.01445,0.2889
ZSCAN31_P2_4,ZSCAN31,0,-0.005365,0.07428
ZSCAN31_P2_5,ZSCAN31,0,-0.004451,0.08584
ZSCAN31_P2_6,ZSCAN31,0,-0.007712,0.102
ZSCAN32_1,ZSCAN32,0,-0.001018,0.1168
ZSCAN32_2,ZSCAN32,0,-0.01996,0.2597
ZSCAN32_3,ZSCAN32,0,-0.02207,0.2037
ZSCAN32_4,ZSCAN32,0,-0.05918,0.3973
ZSCAN32_5,ZSCAN32,0,0.005151,0.1059
ZSCAN32_6,ZSCAN32,0,0.006437,0.1175
ZSCAN5A_P1_1,ZSCAN5A,0,-0.003217,0.1649
ZSCAN5A_P1_2,ZSCAN5A,0,-0.007914,0.1289
ZSCAN5A_P1_3,ZSCAN5A,0,-0.01233,0.1953
ZSCAN5A_P1_4,ZSCAN5A,0,-0.011,0.1733
ZSCAN5A_P1_5,ZSCAN5A,0,-0.01136,0.1279
ZSCAN5A_P1_6,ZSCAN5A,0,0.0005941,0.08546
ZSCAN5A_P2_1,ZSCAN5A,0,-0.00642,0.1084
ZSCAN5A_P2_2,ZSCAN5A,0,-0.001341,0.1345
ZSCAN5A_P2_3,ZSCAN5A,0,-0.01639,0.1757
ZSCAN5A_P2_4,ZSCAN5A,0,-0.007941,0.1848
ZSCAN5A_P2_5,ZSCAN5A,0,0.003125,0.06965
ZSCAN5A_P2_6,ZSCAN5A,0,0.001854,0.07387
ZSCAN5B_P1_1,ZSCAN5B,0,-0.0128,0.1627
ZSCAN5B_P1_2,ZSCAN5B,0,-0.01392,0.1177
ZSCAN5B_P1_3,ZSCAN5B,0,-0.004043,0.06733
ZSCAN5B_P1_4,ZSCAN5B,0,-0.007182,0.1964
ZSCAN5B_P1_5,ZSCAN5B,0,0.00224,0.1018
ZSCAN5B_P1_6,ZSCAN5B,0,-0.003931,0.09656
ZSCAN5B_P2_1,ZSCAN5B,0,-0.01528,0.1406
ZSCAN5B_P2_2,ZSCAN5B,0,-0.002089,0.2152
ZSCAN5B_P2_3,ZSCAN5B,0,-0.01317,0.1893
ZSCAN5B_P2_4,ZSCAN5B,0,0.002098,0.07755
ZSCAN5B_P2_5,ZSCAN5B,0,0.004489,0.1016
ZSCAN5B_P2_6,ZSCAN5B,0,-0.01687,0.1008
ZSCAN9_1,ZSCAN9,0,-0.002473,0.07787
ZSCAN9_2,ZSCAN9,0,-0.006201,0.103
ZSCAN9_3,ZSCAN9,0,-0.01265,0.1191
ZSCAN9_4,ZSCAN9,0,-0.05564,0.3883
ZSCAN9_5,ZSCAN9,0,0.002608,0.13
ZSCAN9_6,ZSCAN9,0,-0.006065,0.1198
ZUFSP_1,ZUFSP,0,-0.01047,0.1243
ZUFSP_2,ZUFSP,0,-0.0008211,0.09593
ZUFSP_3,ZUFSP,0,0.002488,0.1434
ZUFSP_4,ZUFSP,0,-0.002955,0.07666
ZUFSP_5,ZUFSP,0,-0.003507,0.03974
ZUFSP_6,ZUFSP,0,-0.005963,0.1062
ZXDA_1,ZXDA,0,0.004043,0.1407
ZXDA_2,ZXDA,0,0.0005244,0.1374
ZXDA_3,ZXDA,0,-0.02981,0.2423
ZXDA_4,ZXDA,0,-0.02455,0.3197
ZXDA_5,ZXDA,0,-0.01852,0.1214
ZXDA_6,ZXDA,0,0.007171,0.1011
ZXDB_1,ZXDB,0,-0.01412,0.1852
ZXDB_2,ZXDB,0,-0.005516,0.2309
ZXDB_3,ZXDB,0,-0.001694,0.08151
ZXDB_4,ZXDB,0,-0.0006406,0.2656
ZXDB_5,ZXDB,0,-0.008362,0.1771
ZXDB_6,ZXDB,0,-0.00796,0.08861
ZXDC_1,ZXDC,0,-0.009367,0.1331
ZXDC_2,ZXDC,0,-0.006975,0.1702
ZXDC_3,ZXDC,0,-0.01005,0.1396
ZXDC_4,ZXDC,0,-0.02678,0.2326
ZXDC_5,ZXDC,0,0.0003369,0.06462
ZXDC_6,ZXDC,0,0.001184,0.1352
ZZZ3_1,ZZZ3,0,-0.01025,0.1964
ZZZ3_2,ZZZ3,0,-0.006519,0.23
ZZZ3_3,ZZZ3,0,-0.01875,0.1442
ZZZ3_4,ZZZ3,0,-0.02325,0.1779
ZZZ3_5,ZZZ3,0,-0.006807,0.2286
ZZZ3_6,ZZZ3,0,-0.007272,0.08764
control,control,0,2.776e-17,2.058e-16
