coef,rank
-0.15,7514
0.172,1959
0.138,1483
-0.334,9722
-0.998,9972
0.246,3227
-0.255,7819
0.122,2493
-0.212,10624
-0.0572,6372
0.255,1109
-0.354,10441
0.0549,3649
-0.153,10233
0.00922,5255
-0.261,10226
0.224,2824
-0.571,10449
0.0128,4920
-0.0289,7279
0.189,1158
0.00804,5016
-0.596,10834
-0.187,7926
-0.193,9895
0.189,1691
-0.178,8126
-0.0763,6636
-0.131,9789
-0.618,9905
0.123,2794
0.157,1353
0.107,3271
0.236,2434
-0.208,9345
0.0221,4897
0.193,1209
-0.0873,8869
-0.265,10614
-0.023,5374
-0.177,8942
-0.0107,5427
-0.0357,6591
0.133,422
0.0647,3897
-0.183,9653
-0.0142,5666
-0.0248,5261
-0.00111,5327
0.234,30
-0.0919,7063
0.205,1158
-0.144,8026
0.297,989
-0.101,7191
0.0532,3207
-0.249,10534
0.265,1700
-0.315,9167
-0.064,6205
-0.126,10054
0.0352,4377
-0.483,10937
-0.279,10104
-0.129,9757
0.153,530
-0.0323,6190
0.0207,4680
-0.0425,6790
-0.201,10503
0.325,419
1.23,102
-0.132,9043
-0.168,9721
0.128,2545
0.29,1192
-0.274,8579
0.371,50
-0.216,10381
-0.0101,5778
0.0358,4610
-0.174,9455
0.637,556
-0.00911,5240
0.0556,3441
0.0552,3548
0.00562,5339
-0.116,7318
0.279,719
0.171,2649
-0.0861,8756
-0.0378,7296
0.0618,3958
0.0342,4485
0.223,2024
-0.527,10978
-0.264,9804
-0.0927,8502
0.259,2001
0.0131,5062
-0.00063,5267
0.096,3273
0.108,2266
-0.0528,7079
0.132,1866
-0.191,9306
0.0326,4602
0.142,2897
-0.064,6636
-0.104,7672
0.221,1455
-0.0218,5784
0.738,824
-0.00638,5390
0.118,1846
0.00129,5480
0.0377,4657
-0.168,9696
-0.053,7452
-0.0815,7089
0.139,2358
-0.152,10243
-0.109,9170
-0.0218,6298
-0.0371,5847
-0.543,10405
0.0642,3019
0.0274,4659
-0.331,10460
0.0176,4668
-0.0326,5962
-0.397,10863
-0.0826,8206
0.0156,5035
-0.00346,5161
-0.025,6181
-0.323,6342
-0.546,10592
-0.231,10797
-0.135,9240
0.264,1849
-0.191,10725
-0.313,10011
-0.0492,6650
-0.223,10105
0.0505,4149
-0.173,8055
0.03,4560
-0.155,10060
0.662,99
-0.0437,6774
0.0577,3360
-0.19,5402
0.146,2283
-0.321,8938
0.0159,4875
-0.0546,7272
-0.0379,6466
-0.126,7388
-0.0532,6715
0.0439,4249
-0.205,10327
0.197,1633
0.0739,1993
0.0189,4682
0.0622,4136
-0.00584,5590
0.277,103
-0.0881,7482
-0.0554,7398
-0.311,10647
0.0274,4651
-0.0477,6910
0.0367,3808
-0.0027,5494
-0.295,10877
-0.114,9064
0.302,956
-0.518,10265
0.0111,4749
0.323,190
0.269,1047
-0.0399,6375
0.148,2063
0.00958,4720
0.0723,1538
-0.0103,5658
-0.0857,7918
0.19,2081
-0.0108,5765
1.12,177
0.121,1998
-0.166,10020
0.00358,5372
-0.0564,7102
-0.281,10302
-0.25,8554
0.0617,3522
-0.0929,7206
0.129,2740
-0.114,9340
0.0417,4327
0.0351,4029
-0.214,8390
-0.0232,6171
0.591,5
0.257,1062
-0.578,10710
0.133,2452
-0.0896,7395
0.0378,4028
0.115,1456
0.0427,4103
-0.0313,5931
0.148,2740
0.331,619
0.149,334
-0.0225,6262
0.362,280
-0.0882,7463
-0.273,9432
-0.174,7877
0.103,3196
-0.037,6730
0.0375,3572
-0.283,9913
-0.305,9732
-0.0441,6708
-0.0219,6202
0.0807,2492
-0.0302,6773
-0.144,8573
-0.0834,7603
0.109,3178
0.0596,4210
0.0978,1217
0.137,2282
0.366,422
-0.486,10650
-0.266,10129
-0.226,9291
-0.325,6261
-0.228,8194
0.0939,2851
0.0696,3417
-0.0392,6341
0.078,2741
-0.2,9814
0.118,3036
-0.101,8001
-0.185,6435
0.248,1958
0.122,1398
0.0953,1837
-0.406,10321
-0.0991,6552
-0.233,8313
0.162,3160
0.417,78
0.0794,2927
-0.249,10650
-0.28,10771
0.0827,3760
-0.205,9631
-0.128,8888
0.112,2777
-0.376,10032
-0.12,8647
0.0781,3568
0.0881,3674
0.279,702
-0.142,10568
0.131,2000
0.236,1105
0.283,1173
0.211,1028
0.161,1749
0.252,1372
-0.181,9250
0.071,3671
0.0355,4745
0.305,335
-0.0301,6122
0.103,3568
-0.0419,6244
-0.389,10687
0.0362,4420
-0.0516,6726
-0.0212,6479
-0.0977,7948
0.25,1147
0.217,2030
-0.336,10420
0.00737,5070
0.149,942
0.268,186
-0.315,9506
0.0924,2884
-0.172,7998
0.244,1884
0.15,1835
-0.0712,7498
-0.11,8337
0.463,181
0.0278,4670
0.0291,4507
-0.241,10993
0.0516,4059
0.0576,3644
-0.0071,5290
-0.137,7258
-0.222,10622
-0.012,5779
-0.123,8847
0.0467,4255
0.205,2849
0.0116,5178
-0.137,8248
-0.327,10059
0.109,3510
-0.145,7760
0.315,467
0.174,2379
0.515,1290
-0.0199,6102
-0.118,8529
-0.151,9594
-0.028,5868
0.0126,4655
0.569,552
-0.0626,7875
-0.0461,6937
-0.163,8134
-0.0254,5553
0.0789,3129
-0.0874,6118
0.128,1626
-0.144,9976
-0.0757,7941
0.0969,2418
-0.0829,7768
-0.398,10731
-0.0399,6851
-0.0101,5309
-0.193,7950
0.191,225
-0.0754,8551
-0.0583,6375
-0.171,9971
-0.249,10451
-0.168,5567
-0.433,9155
2.85,270
-0.281,6591
-0.426,10062
-0.043,5062
-0.16,8278
0.0394,4585
-0.183,9598
-0.0779,7116
0.0528,2978
0.0408,3055
0.427,2499
-0.0678,6643
-0.164,8436
-0.224,9336
-0.172,9330
0.0472,3403
-0.439,10068
-0.0367,6144
-0.13,8937
0.0634,3804
-0.185,8497
-0.125,9279
-0.0981,7776
-0.322,9956
0.351,971
-0.17,7007
-0.145,8548
-0.14,9693
-0.339,9885
0.0363,3602
-0.0403,6004
-0.463,10082
-0.142,9312
0.191,1122
0.00979,4949
0.0113,4945
-0.124,6056
-0.0357,5807
-0.0313,6317
0.0764,3128
-0.103,7988
-0.186,7778
0.228,1240
-0.0997,6294
-0.244,10184
0.0342,4144
-0.239,8249
0.115,2443
0.566,77
-0.0816,7410
0.104,2681
0.0431,3981
0.225,1317
0.136,2620
-0.0262,5833
-0.287,8153
-0.00325,5848
-0.183,10073
0.0768,3642
0.156,3121
-0.0927,7155
0.178,2216
0.0963,2231
-0.0828,9856
-0.0483,10295
-0.242,10135
-0.625,10856
-0.037,6091
0.664,369
0.19,335
-0.521,10991
0.572,69
-0.147,7991
0.0839,4111
0.344,712
-0.0528,7403
0.078,3219
-0.158,8072
-0.136,7841
-0.29,10619
0.0802,2295
0.026,4682
-0.484,11006
-0.052,6515
-0.202,9011
0.201,926
0.0556,4265
0.0248,4658
-0.0849,8948
3.33,65
-0.317,9314
-0.0286,5738
-0.00104,5192
0.0715,2940
-0.0832,7214
-0.12,7563
0.291,2281
-0.293,9885
0.232,2346
0.157,1582
0.188,2682
0.0292,4896
-0.176,9601
0.362,1224
-0.266,10464
0.00709,5063
-0.304,11031
-0.0377,6166
-0.22,9561
-0.233,10337
-0.131,9026
0.00467,5179
-0.261,9308
0.296,1159
-0.272,9592
-0.158,9140
-0.153,8034
0.0593,3692
-0.0245,6234
0.0733,3816
0.136,2496
0.199,662
0.0561,3737
0.0101,4751
0.13,2581
0.0433,3869
-0.127,7374
0.19,968
-0.196,9928
0.145,1173
-0.153,7302
-0.144,9714
0.215,1650
-0.206,8619
-0.148,9203
-0.214,10496
0.165,1010
-0.122,8786
0.23,576
0.119,2607
-0.181,9694
0.0025,5384
0.0106,5241
-0.183,10425
0.23,2489
0.131,3465
0.075,3245
-0.0318,6365
-0.3,10991
-0.134,8404
0.259,989
-0.515,10107
-0.00287,5248
-0.0211,6290
0.08,2427
0.527,744
0.0386,4568
-0.0675,5632
0.0208,4908
-0.3,9648
0.185,526
-0.516,10177
0.204,3042
-0.0578,5954
-0.263,8687
0.238,145
0.0103,5042
-0.165,10076
-0.244,10772
0.0475,4392
-0.067,6764
0.0321,3987
0.197,1523
-0.511,9885
0.0776,3936
0.644,255
-0.472,8914
-0.119,9263
-0.0122,5837
-0.358,10815
-0.146,8818
-0.0646,6978
-0.103,7045
0.202,599
-0.12,10127
-0.231,6190
1.49,169
0.0909,4284
0.995,790
-0.0811,7854
0.121,3307
-0.172,9769
-0.00481,5182
0.408,348
-0.0407,6375
0.183,1093
-0.294,10463
-0.24,10381
-0.117,8313
-0.0808,5977
0.376,2481
-0.158,9448
-0.0306,5809
0.234,1200
-0.0725,6904
-0.0192,5743
-0.0821,7043
-0.159,9179
-0.00575,5215
0.0663,3594
0.0344,4179
0.028,4566
-0.0188,5875
0.213,656
-0.104,8590
0.0598,3906
-0.185,9919
-0.00802,5314
0.000604,5267
-0.0547,7246
-0.278,9788
-0.0981,7684
-0.0889,7599
-0.309,10539
-0.0481,6568
-0.0171,5834
0.0813,2229
-0.285,8548
-0.00202,5214
0.153,2376
0.295,2869
-0.157,9699
-0.155,9180
-0.407,10392
0.28,187
0.0337,4256
-0.183,9130
0.0107,5021
0.0469,3836
-0.198,10081
-0.0387,6616
0.153,3096
-0.306,9418
0.0163,4553
-0.0481,6466
-0.0464,6039
-0.0153,5688
0.474,171
0.12,2420
0.389,131
0.12,2249
-0.375,10668
-0.134,7382
0.224,1150
-0.114,7442
-0.104,8196
0.0723,2946
0.308,1585
-0.0902,9026
0.151,3284
-0.604,10324
-0.0625,7357
0.0585,3755
0.0641,3975
0.238,690
0.251,1683
-0.362,10757
0.00378,5136
0.00836,5135
0.0805,2041
-0.092,8160
-0.139,8950
-0.107,8045
-0.155,9485
-0.374,10463
-0.101,8818
-0.0664,6278
0.624,1410
-0.116,9003
-0.133,9983
0.0595,2845
0.0296,4599
0.112,3399
-0.0611,6478
-0.0326,6661
0.0265,3960
-0.212,10448
0.192,2013
0.161,2766
0.6,146
0.758,7
-0.135,8186
-0.353,10327
0.413,127
0.575,285
-0.0151,5642
0.00283,5298
-0.231,10643
-1.12,10562
0.233,394
-0.327,9526
0.306,1132
-0.0265,6869
0.432,1525
-0.285,7249
-0.971,9435
-0.283,8568
-0.332,8319
-0.163,7683
-0.238,9585
0.136,1923
0.217,1083
0.285,288
-0.0255,6977
-0.0652,6775
0.0439,4447
-0.0496,5455
0.0757,3075
-0.068,7232
-0.332,11009
0.0991,3464
0.0733,3311
0.472,510
0.389,20
0.0575,4007
-0.381,10904
-0.274,9007
-0.0887,7037
-0.2,9473
0.429,461
0.0159,4807
0.215,596
-0.285,9369
0.522,2
-0.088,7225
0.00877,5251
0.0126,5071
0.0467,4304
-0.0137,5732
0.304,2272
-0.228,9970
-0.167,8312
-0.187,9821
0.119,2269
-0.388,10556
0.17,2055
-0.222,9164
-0.128,7382
0.224,1763
0.107,2551
0.0173,5050
-0.358,8520
0.34,875
-0.195,9019
0.1,2767
0.191,1287
-0.06,7525
-0.0853,7441
0.0168,4598
-1.43,10752
0.0149,4979
-0.0547,7785
0.0954,2445
-0.26,10092
0.0294,3806
-0.318,9718
-0.227,10175
0.264,215
-0.381,9877
0.296,1139
0.273,962
-0.0495,6472
-0.247,9977
-0.122,9250
0.156,2993
0.575,293
-0.433,8894
0.0152,5116
0.0428,3591
0.104,3403
-0.363,10720
-5.55e-05,5513
-0.23,10381
-0.267,8487
-0.231,9906
0.0625,3845
-0.146,8939
0.171,1077
-0.0216,5052
-0.723,10088
-0.19,10299
-0.124,9540
-0.288,10830
0.227,946
0.585,25
-0.239,8909
0.0463,3767
-0.154,9294
-0.045,6278
0.679,248
-0.162,9176
0.165,1142
0.0398,4288
-0.0441,7403
0.0597,3546
0.319,1245
0.122,1225
-0.415,10995
-0.307,9920
0.0433,3642
-0.235,9957
-0.345,10662
-0.195,9226
0.679,385
-0.25,10272
-0.203,9187
-0.102,7760
-0.358,9574
-0.403,10529
0.00454,5073
0.233,339
-0.164,7838
0.219,2696
-0.0657,6685
-0.161,8123
-0.334,10525
-0.131,9347
0.212,1446
-0.0914,6805
-0.0467,7366
0.255,2864
0.619,637
-0.145,8632
0.219,235
0.183,1843
-0.079,6759
-0.121,8603
0.0688,3920
0.14,1586
-0.00671,5521
0.00233,5340
0.0239,1720
-0.0588,10535
-0.0475,10825
0.0182,2344
-0.847,8701
-0.0574,6605
-0.151,5919
-0.0077,4251
-0.77,8807
-0.131,8355
0.114,3274
0.379,2047
0.0359,4628
0.0122,4858
0.00468,5249
1.24,0
5.3,37
-0.0826,7565
0.157,2619
0.188,132
-0.151,8930
-0.299,10574
0.568,413
0.0432,4589
0.971,175
0.374,719
0.107,2665
-0.216,9229
-0.123,5162
0.249,2011
0.0435,4442
-0.228,5558
0.267,922
-0.245,10616
-0.358,10446
0.0913,3333
0.00887,5342
0.0773,2534
-0.133,7954
0.308,1433
0.796,0
-0.308,8924
0.0573,4122
-0.104,9046
0.0757,1641
0.0884,3070
0.131,1975
0.468,223
-0.233,8895
-0.462,11001
0.144,1841
0.236,1583
-0.135,8508
-0.0636,6921
0.179,979
0.232,316
-0.154,9068
-0.183,9660
0.178,882
0.0552,4215
0.181,3103
-0.025,6026
0.0127,4598
-0.558,8825
-0.135,9302
0.131,2921
-0.235,9595
-0.0511,6946
-0.261,10234
0.21,2122
-0.0603,7821
0.301,1536
0.479,17
0.144,1173
-0.0107,5573
-0.0576,7198
0.0156,4774
-0.119,7812
-0.18,7774
0.0195,4779
-0.0561,7543
0.0855,4388
0.617,91
0.257,525
0.322,602
0.178,1077
0.0889,2460
-0.263,5576
-0.536,7215
-0.111,8769
-0.238,6988
0.0307,4325
0.0363,3913
-0.0858,6597
-0.213,10359
0.233,2090
0.0337,3986
0.062,3665
0.112,2035
0.197,3424
0.791,1579
-0.224,5798
-0.274,9609
-0.413,10882
0.094,3267
0.246,2626
0.132,2349
-0.39,11031
0.0398,4457
0.185,1264
-0.134,8418
-0.0189,5716
0.0299,4562
-0.00929,5722
-0.0337,6417
-0.0901,7645
-0.123,7468
-0.0409,6457
0.181,2330
0.0809,3506
0.25,984
0.146,2404
-0.52,10432
0.0234,4769
0.169,1989
-0.389,10663
0.0776,3223
-0.0595,7055
-0.197,9179
0.118,2328
-0.0116,5453
-0.139,9951
0.0643,3242
0.0964,854
0.0218,4934
0.295,605
0.161,2155
-0.172,10872
-0.155,8607
-0.168,10493
-0.274,7600
-0.261,9428
0.17,2887
0.0397,4336
0.0235,4195
0.187,1698
-0.428,9263
0.104,2816
-0.174,9778
0.209,2677
0.0545,3467
-0.0917,7471
-0.223,8312
0.259,1028
-0.201,9416
0.0849,3901
0.0556,2975
-0.149,9603
-0.106,6867
0.324,181
0.718,80
0.0846,4031
-0.262,9499
-0.249,9406
-0.165,8887
0.107,3080
-0.0203,6312
-0.195,8953
-0.319,8967
0.19,2317
0.28,2079
0.0788,2734
-0.179,9264
0.0404,4472
0.384,1291
-0.03,5156
0.156,3501
-0.0416,6993
0.0967,3087
-0.34,8944
-0.149,8886
-0.227,8423
-0.11,8561
-0.0408,7142
-0.028,6481
-0.0964,9734
-0.0966,7174
-0.271,10988
-0.0965,8491
-0.0616,7943
-0.0676,7431
-0.239,9902
-0.185,10055
0.0631,4139
-0.677,10956
-0.101,7968
-0.0672,7410
-0.0734,7276
-0.0128,5804
-0.218,9542
0.223,1912
0.0471,4433
-0.00603,5573
-0.411,10894
-0.0118,5383
-0.45,10687
-0.205,9791
0.624,3
0.215,2348
0.176,2268
0.0438,4061
-0.00997,5529
-0.05,6659
-0.00191,5716
-0.278,9600
0.346,2395
0.106,3854
-0.0347,6485
-0.142,9890
0.0397,4274
0.386,513
0.0615,3820
0.223,3121
-0.0416,6865
0.189,1955
0.124,1099
-0.233,9484
0.979,8
-0.00684,4638
-0.0575,6177
-0.107,6745
0.0109,5135
-0.00347,5432
0.117,2879
-0.293,9960
-0.415,10489
0.273,233
0.163,1344
0.731,466
0.171,2048
-0.0358,6010
0.0488,4618
0.16,1253
-0.0605,7193
-0.104,7154
-0.23,9817
0.0547,4280
0.0204,4744
-0.0648,6811
-0.00845,5533
0.0119,4994
0.104,3301
-0.17,10274
1.02,859
0.0636,2475
0.27,454
-0.015,5714
0.029,4752
-0.276,8607
0.215,1224
-0.264,10136
0.436,805
0.154,2782
0.157,1801
0.0431,3654
-0.00962,5419
0.291,143
-0.0908,7986
0.0337,4113
-0.113,8839
0.342,571
0.198,1794
0.13,1102
0.0336,4223
0.21,788
-0.0659,6932
-0.169,9765
-0.0743,6377
-0.174,9762
-0.085,8620
-0.355,8394
-0.185,8855
0.209,1221
-0.176,8128
-0.0548,6887
-0.00677,5654
-0.0416,6119
0.0412,4282
-1.1,10580
0.0219,4519
0.0978,3188
0.0774,3593
-0.18,10601
0.133,3269
-0.0176,5803
-0.0741,6780
0.0938,2604
-0.073,6405
0.333,908
-0.295,10532
-0.0288,6270
-0.103,9304
0.178,1180
0.0785,3808
0.385,810
0.0445,4272
-0.0763,7905
-0.231,10784
-0.0745,8093
-0.0859,8335
0.261,1408
0.237,2703
0.189,341
0.245,254
-0.0423,6228
0.274,318
0.115,3596
-0.238,9382
-0.122,7354
-0.0877,7594
0.749,26
0.247,1366
-0.393,9473
-0.0802,6494
-0.105,8914
0.01,5048
-0.287,9947
0.655,6
0.0365,4570
0.36,1198
-0.102,8643
-0.0956,8915
0.0691,3711
-0.0205,5821
-0.179,8243
-0.174,6916
-0.0725,6835
-0.0376,6432
0.042,4467
0.151,2565
-0.0401,6777
0.0333,4628
-0.082,9326
0.245,1318
-0.304,10350
-0.112,6100
-0.248,6610
-0.288,10526
-0.174,9550
0.00754,4786
-0.0327,6386
-0.161,9917
-0.0546,5068
-0.0254,5402
-0.208,10752
0.0175,4943
-0.0236,5674
-0.0336,5663
-0.122,7604
0.101,2617
0.144,1195
-0.0971,8048
-0.0759,6653
-0.0642,6941
0.199,1202
-0.703,10024
-0.195,8961
0.325,981
0.0684,3744
-0.0794,7238
-0.0411,7303
-0.235,9455
0.192,281
0.124,3093
-0.0611,6810
0.124,2480
0.182,3361
-0.282,9563
0.028,4235
-0.0123,5840
0.0602,3421
0.224,1505
-0.12,7435
0.051,4555
0.26,323
0.0116,5045
0.0541,4347
0.119,3036
-0.3,10350
-0.0372,6300
0.0876,3178
-0.279,10868
0.017,4774
0.896,67
0.222,1159
-0.274,10991
-0.185,8771
0.025,4770
0.021,4746
0.182,1641
0.33,323
0.015,4748
-0.286,10895
-0.0908,7455
-0.0324,6293
-0.00129,5472
-0.178,10126
0.00515,4968
0.00826,5125
0.109,2074
0.472,1128
0.021,4840
-0.0635,7176
-0.105,8626
-0.243,9788
-0.0811,6035
0.0403,4563
0.102,2875
-0.334,8789
0.0102,5179
-0.16,9027
0.136,1965
-0.0396,6425
-0.0721,6914
0.279,753
-0.0238,5529
-0.159,10289
0.0325,4417
0.0288,4660
-0.165,7485
0.292,1993
0.125,2345
0.169,330
-0.313,10861
0.114,2275
-0.0634,6625
0.247,708
0.223,258
-0.0611,7671
-0.0615,7151
0.0734,3795
-1.11,10944
0.0657,4226
-0.0998,7451
-0.0849,7630
0.039,4426
0.16,677
0.0971,3693
0.0463,4368
-0.249,9553
-0.0991,7746
-0.0595,7004
-0.233,8616
-0.0555,7303
0.0577,4441
-0.0505,7142
-0.0782,8717
-0.0885,8245
-0.211,8909
-0.0632,6913
-0.185,8117
-0.0258,6688
0.0839,3182
0.0241,4600
-0.0157,5779
-0.136,9098
-0.37,10269
-0.186,9429
0.285,2064
-0.0202,5703
-0.164,7991
0.504,273
-0.697,9803
-0.11,7894
-0.28,9332
0.135,2248
-0.0681,7358
-0.11,7334
0.0565,4263
0.238,525
-0.0456,6480
-0.345,10745
-0.326,8807
0.0431,3879
-0.00885,5524
-0.111,10067
0.00949,4924
-0.134,7666
-0.0812,7600
0.199,2527
0.105,3000
-0.0951,9917
-0.0489,6160
-0.153,8898
-0.21,8456
-0.147,9285
0.0574,3322
0.00955,5259
0.0964,3363
-0.113,8803
0.028,4421
-0.0909,8463
0.22,230
0.026,4122
0.00666,5226
-0.26,8626
-0.128,7418
0.00977,4856
-0.181,9620
0.167,2088
-0.163,8953
-0.0673,6204
0.157,3232
0.535,315
-0.0618,7312
-0.139,9308
-0.0458,6782
0.165,1310
-0.503,10060
0.163,787
-0.0548,7230
-0.019,6161
-0.192,8649
-0.23,10837
-0.00309,4867
0.163,2050
0.14,594
-0.182,10606
-0.213,9821
0.34,244
0.0629,3581
0.117,3269
0.301,606
-0.0964,9141
0.308,943
0.0689,3223
0.37,724
0.116,3197
-0.0292,6133
-0.138,10372
0.138,1683
-0.237,10476
0.00843,5100
-0.158,8944
0.0711,2689
-0.0139,5948
-0.149,8616
0.456,69
-0.115,7914
-0.0993,7333
0.0678,3150
0.106,2678
-0.206,9431
-0.135,9126
0.137,1904
-0.107,7172
0.0904,3486
-0.0984,8275
0.0503,4040
-0.638,10642
-0.00978,5866
0.00948,4991
-0.0438,7066
-0.442,6913
0.0769,4196
-0.0854,5382
-0.504,8184
-0.0119,5658
0.181,1942
-0.29,8002
0.243,984
0.074,3483
0.0474,4541
-0.198,9716
0.0275,4303
0.042,4489
0.69,153
0.0609,3703
-0.116,6924
-0.0358,6459
-0.034,6483
0.046,4216
-0.0544,6785
0.243,1869
0.121,1382
-0.64,10909
0.409,27
-0.602,10838
0.0962,2353
-0.0335,5753
-0.0994,7902
0.225,105
0.138,1854
-0.272,10406
0.134,1922
-0.00904,5481
-0.251,7801
0.0111,4820
0.0914,1789
-0.183,8502
-0.0998,8013
-0.249,8143
-0.148,5820
-0.229,10866
-0.256,10518
-0.0425,6337
-0.0383,7006
0.172,2030
-0.0591,6571
0.0481,3866
0.0367,3938
0.0833,2115
0.0759,3315
0.164,1630
-0.00026,5534
0.044,2571
-0.0929,8224
0.532,322
-0.102,9265
0.177,2685
0.14,1760
-0.0475,7096
-0.158,10083
0.168,1955
-0.196,8389
-0.064,7453
-0.128,7395
0.0478,3581
-0.0185,5667
0.0553,712
-0.0116,5294
0.0145,2840
-0.0648,6273
0.0516,3911
-0.157,6918
0.0806,3834
0.0321,4167
-0.232,9605
-0.433,9113
-0.0119,5546
0.565,508
-0.0566,6227
0.206,379
-0.47,10713
0.61,251
0.268,1321
0.0837,3239
-0.0102,5391
0.0164,4454
-0.134,9087
-0.246,8134
-0.195,7144
0.124,2608
-0.0133,5663
0.00949,4849
0.0685,3246
-0.00148,5576
0.15,2892
0.93,61
0.0732,3771
0.237,11
0.0418,4205
-0.204,10113
-0.308,10776
-0.0202,5910
0.06,4563
-0.0618,7938
-0.0378,7251
-0.141,9024
0.234,1082
-0.191,10285
1.01,31
0.126,3232
-0.218,10385
0.00433,5087
0.00382,5056
0.0971,3010
0.051,4551
0.139,1541
0.135,1463
-0.0195,5284
0.247,1563
-0.262,9237
-0.165,6626
-0.244,10397
0.383,901
-0.193,9919
-0.0179,5862
-0.31,8855
-0.246,10193
-0.0583,7263
0.0919,3181
0.254,1524
0.114,2613
0.219,1747
1.05,103
-0.00674,5469
0.0224,3974
0.225,2177
-0.197,9046
-0.185,8673
0.846,192
-0.135,9533
-0.15,9280
-0.0265,6008
0.197,1394
0.474,195
-0.0259,6065
-0.0712,9263
0.0417,2905
0.0877,2836
0.189,1111
-0.246,7330
0.361,108
0.117,1505
0.219,1646
-0.061,6299
-0.299,9236
-0.206,7857
-0.0161,5523
0.311,778
-0.279,10893
0.318,553
0.325,76
0.544,196
0.0393,4296
-0.0611,6832
0.0134,4757
0.0743,3808
0.0125,4901
-0.0468,6352
0.0921,2936
0.184,136
0.0128,4650
0.189,2758
-0.148,6665
0.241,2739
0.198,2192
0.0202,4959
0.15,1355
-0.0885,8256
0.444,20
-0.074,6848
-0.221,9823
0.141,1873
-0.0924,6939
-0.132,6863
-0.259,8229
-0.159,6390
-0.124,7655
-0.0492,7001
0.101,3416
0.209,1793
-0.0736,9091
-0.16,7058
1.2,161
0.0449,3430
-0.0958,7783
0.22,778
0.663,790
-1.1,11000
-0.139,7630
0.0148,5126
-0.0549,7150
-0.09,6543
-0.184,7312
0.132,1209
-0.0394,6695
-0.171,9368
-0.0997,8188
-0.0373,7116
-0.0467,6521
0.219,1228
-0.0326,5986
-0.0458,6485
0.132,1906
0.147,2429
-0.281,10819
0.183,2707
0.398,1966
-0.0836,7205
-0.0129,5481
-0.118,7745
0.0483,4089
-0.252,8677
-0.179,9308
-0.11,9989
-0.129,10335
-0.0786,5881
-0.271,7952
0.142,3457
-0.143,7323
-0.0117,5787
-0.0714,8042
-0.362,10952
-0.056,6198
0.11,2654
-0.0202,6044
-0.12,9324
-0.153,8904
0.404,517
0.326,462
-0.0961,8014
0.232,1693
0.159,2084
-0.0915,7960
0.188,1368
-0.462,10727
-0.119,8603
-0.107,7414
0.0109,4892
0.0479,3383
-0.0529,6836
-0.196,8474
-0.389,9424
-0.0371,5093
0.223,1014
-0.115,8746
0.216,2432
-0.147,7408
0.345,167
-0.0632,7496
-0.0858,8449
-0.0773,8237
-0.242,10986
-0.217,9456
-0.0827,6890
-0.148,8415
0.144,1506
0.139,1589
0.178,1426
-0.0823,7711
0.0737,2208
0.503,799
0.00763,4869
-0.00671,5389
-0.126,7503
-0.366,10396
-0.0651,7393
-0.336,10158
-0.145,10118
-0.316,9228
0.0727,3319
-0.266,10230
0.313,1502
0.578,224
-0.102,8704
-0.0966,8608
-0.0813,8196
-0.193,9715
0.263,1692
0.145,1372
-0.165,10693
0.121,3279
0.205,2823
-0.255,10657
0.309,770
-0.0147,5560
0.191,1954
0.0726,2540
-0.0514,6550
-0.142,8025
-0.198,9954
-0.0592,7079
0.0717,3865
-0.194,9568
0.487,120
-0.0217,5466
0.324,1932
-0.0407,6695
-0.462,10997
-0.00634,5827
0.176,1406
0.166,2227
-0.419,10527
-0.0718,8169
-0.0234,6208
0.889,77
0.0608,3024
0.197,2722
0.128,3575
-0.219,10186
-0.171,9151
-0.0898,9347
-0.0546,6789
0.0112,4791
-0.153,9145
-0.0927,8500
0.0391,4147
-0.0808,6901
-0.425,10830
0.276,939
0.29,1513
-0.298,10637
-0.0783,8323
-0.211,9401
-0.368,10867
-0.00153,5411
0.238,1905
-0.118,7878
0.171,1002
0.15,3630
-0.0362,6655
0.0385,4185
-0.164,8617
0.0213,4388
-0.0317,6247
-0.0823,8465
-0.271,9785
-0.407,10629
-0.377,10824
-0.187,10291
0.153,2045
-0.128,9456
0.251,2046
0.35,1174
-0.285,10063
0.0903,3196
-0.0762,7932
-0.00997,4795
0.399,936
-0.195,8512
-0.665,7964
-0.125,8330
0.535,1143
0.0386,4384
-0.176,7661
-0.185,9659
0.221,861
-0.186,10377
-0.0722,7723
-0.0295,5384
-0.224,9962
-0.0692,7049
0.0869,2080
0.17,205
-0.0245,6551
-0.105,6860
-0.00976,5375
-0.382,9968
-0.18,9341
0.0626,2152
-0.0364,6456
-0.0369,6161
-0.424,9504
-0.0843,7196
-0.24,8881
0.0176,4912
0.128,1414
-0.236,9406
-0.298,10468
0.258,1139
0.29,418
-0.0335,6329
-0.573,10971
-0.605,8225
-0.144,8225
0.0871,2743
0.245,667
0.223,1501
0.0719,3737
-0.272,9144
-0.233,10051
-0.174,7622
0.0313,4116
-0.0525,8145
0.567,69
0.192,1820
-0.378,10804
-0.0311,5638
0.155,1509
0.0126,5034
0.136,3750
0.0981,3589
0.0681,4044
-0.289,7358
0.0154,4683
-0.233,9641
-0.074,7096
0.237,1700
0.218,1690
-0.491,9304
0.25,339
0.309,468
3.5,7
-0.229,6493
0.0847,3087
-0.525,9260
0.0835,1973
0.0377,4132
-0.233,6941
0.737,341
0.465,495
-0.184,8589
0.335,711
-0.261,10922
-0.0383,6553
-0.172,8576
0.0205,4752
-0.0396,6231
0.0351,4140
-0.0996,7666
-0.252,9216
-0.277,10710
0.0525,4034
0.251,143
-0.164,9282
-0.129,8030
-0.0928,6713
0.0408,4032
0.00192,5089
0.103,1870
-0.065,6564
0.197,2153
-0.191,9493
-0.0994,6527
0.269,1694
0.227,843
-0.241,10701
0.0484,3552
0.169,2568
0.0486,4133
0.335,289
-0.0104,6256
-0.0451,8180
0.0442,4333
0.0549,3928
0.0174,4590
-0.136,8290
0.0182,4644
-0.089,8434
-0.529,9802
-0.299,9318
-0.196,6302
-0.171,9197
-0.139,7734
-0.275,10002
0.0522,4095
-0.121,7823
-0.0901,6925
-0.304,10636
0.126,2144
-0.0264,5881
0.015,4662
-0.294,8990
-0.103,7556
-0.19,9184
-0.0364,6726
0.0989,3287
-0.0159,5954
0.185,1537
-0.243,9344
-0.172,8566
-0.151,9405
-0.233,10610
-0.0151,5597
-0.00657,5055
0.596,747
-0.0147,6155
-0.14,8909
-0.157,9805
0.165,2194
-0.194,7919
-0.141,8678
-0.0907,6650
0.0135,4764
0.16,2212
0.182,1380
0.298,375
-0.178,10615
-0.237,10136
-0.204,10150
0.0526,3951
-0.196,9322
-0.115,8762
0.295,513
0.0485,4112
-0.0456,7498
-0.0333,6652
-0.0363,6021
-0.117,7311
0.0722,2472
0.348,67
0.258,762
0.129,2611
0.0296,4587
-0.268,10229
0.00236,5017
-0.311,9333
0.0928,2907
-0.0784,8371
0.324,627
0.0851,4372
-0.0527,6251
-0.0427,6258
-0.167,8624
-0.0449,6634
-0.394,10867
0.929,480
0.128,1009
-0.17,8107
0.482,159
-0.121,9263
-0.0797,5948
0.0228,4820
-0.0136,5647
-0.561,10714
-0.0905,8563
-0.138,7392
0.00742,5078
0.0865,3423
-0.259,10630
-0.249,8946
-0.103,9467
0.0919,2283
0.355,877
-0.351,10090
0.168,2282
-0.00769,5615
0.11,1326
0.032,3894
0.112,2134
0.0149,4860
-0.0112,5747
0.0593,3946
0.089,2569
0.281,962
0.0821,3293
0.472,310
-0.0833,6775
-0.101,8844
-0.157,9134
-0.432,10944
0.0882,3819
-0.125,9325
0.222,2749
-0.118,8218
0.0641,2511
0.277,1708
0.361,379
0.0689,3226
-0.148,9547
-0.0406,6006
0.0134,4853
0.0446,4322
0.133,2726
-0.0775,6135
-0.284,9580
0.187,3293
-0.232,10521
0.129,1214
0.0932,1921
-0.0543,6321
0.235,1363
-0.364,10427
-0.00756,5524
0.302,350
-0.652,11021
0.108,2933
0.417,1000
-0.371,10044
0.199,711
0.121,1973
0.0913,3801
0.203,1053
0.412,852
0.129,3517
0.0419,3623
0.213,1929
0.0309,4902
0.034,4318
0.199,1771
0.0436,4435
-0.0868,7227
0.65,67
-0.321,10887
-0.178,8928
-0.335,10436
-0.111,8620
0.022,4701
-0.0951,6699
-0.277,10009
0.057,3409
0.272,2146
-0.267,9539
0.0772,1940
0.179,902
-0.0275,6154
-0.149,9784
-0.0282,6156
0.226,673
0.0848,3382
0.0168,4600
-0.107,8228
0.116,3016
0.363,872
0.0273,4617
-0.0393,6355
0.169,1800
-0.347,9392
0.4,331
0.0282,4748
-0.291,8575
-0.173,10386
0.0626,3466
0.00425,4974
-0.108,9017
0.116,2493
0.107,3151
0.203,2325
0.0816,3753
0.0371,4225
0.0335,4587
-0.1,6706
-0.45,10986
0.0723,3996
0.0486,2065
-0.389,10756
0.0623,3835
-0.184,8987
-0.129,7362
0.0271,4449
0.00325,5235
0.319,672
0.232,1946
-0.0182,5674
-0.057,7190
0.294,256
0.241,413
0.441,124
0.274,271
0.0326,4618
0.412,481
0.00429,5167
0.0102,5167
-0.282,9633
0.017,4694
-0.00554,5592
-0.106,10040
0.098,3218
-0.122,9721
0.667,5
0.317,413
-0.224,8368
-0.181,8229
-0.0716,6360
0.379,577
0.0151,4803
0.143,2756
-1,10804
-0.167,8274
-0.0286,5774
0.15,1852
-0.00898,5260
-0.0676,7982
-0.00713,5662
0.205,2666
-0.115,10196
-0.0719,9654
0.71,109
-0.148,7763
0.0696,2218
-0.417,8371
0.0492,3553
0.225,244
0.346,696
-0.175,9056
-0.0397,5285
0.481,547
-0.194,10146
-0.183,10031
-0.139,8845
-0.303,10757
-0.0427,5865
0.0912,3427
0.02,4616
-0.151,10077
-0.054,6611
0.114,3399
0.353,1784
0.127,2844
0.158,556
-0.187,10070
-0.0501,7384
-0.227,8567
0.179,2818
-0.0824,7347
-0.127,9766
-0.0856,9484
0.202,1911
0.0979,4134
0.16,2553
-0.303,9393
0.124,3112
-0.173,8672
-0.139,8172
-0.101,8064
-0.0417,5944
0.101,3321
0.154,1063
0.0073,5026
0.433,435
0.141,1157
0.834,191
-0.131,6843
0.107,1561
0.145,2229
0.222,1544
-0.235,9613
-0.0278,5878
0.456,682
-0.362,10974
-0.228,10011
-0.147,8963
-0.353,9748
0.517,2288
0.0533,4372
0.043,4197
-0.12,7436
-0.155,8900
0.188,1577
-0.423,10932
0.0811,3046
-0.0555,6584
0.114,2292
-0.0652,7047
-0.133,5731
0.00326,5029
-0.359,10585
-0.291,10640
-0.0981,9621
-0.406,10717
0.342,964
-0.065,7874
0.0569,4247
0.0698,2253
0.0282,4170
-0.191,7724
0.0367,4892
-0.232,9797
0.0837,3694
0.308,730
0.0568,4063
-0.036,6072
-0.359,10175
-0.23,8349
0.0238,4780
-0.0776,7338
0.158,872
0.542,368
-0.161,8402
0.39,794
-0.338,7690
0.0656,3373
0.153,1176
-0.258,9388
-0.256,10840
-0.0829,6920
-0.119,7448
0.235,917
-0.0356,6598
0.386,330
0.0846,3017
-0.16,7120
-0.0635,7011
-0.187,9799
0.225,513
-0.186,8807
-0.0327,5777
-0.131,7146
0.145,2005
-0.116,9054
0.115,1149
-0.0381,6074
-0.14,7532
-0.64,9932
0.41,2533
-0.00959,5213
0.00658,5272
-0.145,7622
0.25,812
-0.198,9964
-0.582,10680
0.0489,3970
0.0521,3380
0.319,492
-0.319,10118
0.24,1083
-0.336,9551
-0.000985,5344
0.075,3567
-0.302,8379
-0.131,8092
0.0247,4628
-0.0139,5226
0.0274,4488
-0.18,9994
-0.138,8967
-0.174,8640
1.1,34
0.0174,4821
0.11,1440
-0.299,7969
-0.105,9127
0.216,1790
0.0897,3769
-0.327,9436
0.151,1648
0.0742,2831
-0.0306,6162
-0.208,9699
0.0157,4889
0.00236,4893
0.207,2065
0.12,3157
-0.0793,6108
0.002,5245
-0.191,8184
0.102,2849
0.197,1158
0.2,1961
-0.0739,7852
-0.181,9323
-0.163,9063
0.0727,3984
0.232,771
0.139,3372
-0.314,10526
0.181,2136
0.1,2759
0.482,119
-0.0676,7614
-0.03,5597
0.0113,5138
0.0504,4316
0.195,107
-0.00691,5602
-0.0424,6951
0.305,935
0.0401,4360
-0.0875,6812
0.46,138
0.125,2459
0.428,650
0.135,2718
0.0963,3498
0.00954,5031
-0.109,8526
-0.0913,7499
0.0227,4381
-0.0295,5652
0.0373,4119
-0.0345,6175
-0.272,10811
-0.215,10796
-0.231,10866
0.253,1486
0.369,360
-0.225,8413
-0.214,10334
-0.125,8646
-0.199,10397
-0.213,9575
0.0683,3653
0.0512,4326
-0.0202,5122
-0.0917,7711
-0.109,9322
-0.1,8601
-0.191,9778
-0.488,9730
1.57,36
-0.025,6700
-0.0288,6892
0.00795,5531
-0.22,9509
-0.208,6968
-0.223,10422
-0.0119,5692
-0.0328,6533
-0.03,5881
-0.187,8694
-0.0278,6263
-0.149,10510
0.0183,4609
-0.0959,8181
0.18,1360
0.103,2417
-0.00788,5385
-0.259,10722
-0.0232,5891
-0.0386,6494
0.343,1226
-0.142,8680
-0.11,7264
0.0398,4563
0.258,1021
0.205,1615
0.329,495
-0.413,9503
0.409,2282
0.425,230
0.207,951
0.304,1505
0.143,3859
0.0257,3886
0.0464,4009
0.0196,4601
0.137,1288
-0.159,10067
-0.017,5677
0.0852,3029
-0.38,10712
0.253,721
0.038,4094
-0.117,7636
-0.252,9880
-0.103,7654
-0.271,9256
-0.328,10061
-0.101,7149
0.0101,4967
0.0478,4118
-0.175,6610
-0.145,6898
0.105,3778
-0.207,10299
-0.0839,7986
0.105,3437
-0.119,9665
0.236,2269
-0.08,8870
0.00968,5008
0.226,64
0.302,1718
-0.339,10319
0.137,589
-0.238,9417
-0.000801,5209
0.173,2081
0.0311,4665
-0.0768,7274
-0.185,7679
-0.146,6902
-0.0614,7125
-0.197,10600
0.167,1429
0.162,407
0.14,1303
-0.0651,7342
-0.0395,5680
-0.00814,5503
0.141,1917
0.258,959
0.263,1116
0.295,617
0.031,4370
0.27,722
-0.396,10480
-0.265,6895
-0.123,9653
-0.309,10703
-0.0776,6912
0.00885,5098
0.0232,4576
-0.269,10667
0.00442,5263
0.00054,5306
0.0304,4575
-0.411,10663
-0.112,8220
0.318,528
-0.0039,5206
-0.0562,6181
-0.185,9847
0.177,485
-0.0864,8110
0.0583,3667
-0.109,7839
-0.225,8934
0.419,456
0.0393,4662
0.135,1537
0.0711,2897
0.0786,3992
-0.162,8522
-0.134,8034
0.102,2433
-0.0563,7032
0.335,814
-0.00937,5494
-0.246,10353
-0.282,9525
0.132,1663
-0.0561,7106
-0.0584,8175
-0.179,10205
-0.00751,5712
0.0685,3846
-0.0318,5853
0.28,1204
-0.0417,6707
-0.0203,5389
-0.172,9929
0.0126,5049
0.179,2277
0.0446,3366
0.289,210
-0.102,6800
-0.0376,5902
0.159,2464
-0.126,9755
0.114,678
-0.0211,6388
0.184,2064
0.0929,3967
-0.119,8796
0.00468,5392
0.157,2639
0.471,71
-0.088,5575
-0.0737,5680
-0.252,7032
0.209,2625
-0.191,5942
0.169,1178
-0.43,10786
0.164,2048
0.48,2228
-0.223,7982
-0.0255,6286
0.0184,4543
0.11,2990
-0.176,9291
0.167,1401
-0.358,10501
0.0356,4589
0.127,1964
-0.169,7833
0.286,878
-0.429,10043
0.214,468
0.135,2391
-0.0931,8024
0.273,1510
0.0985,4007
0.0869,3856
0.0834,2155
-0.0435,6089
0.179,764
-0.26,6198
0.199,1891
0.0972,3447
-0.0815,7351
-0.0206,5958
0.0833,3439
-0.46,11010
0.00734,4946
0.242,1924
-0.469,9292
0.525,29
-0.00648,5928
0.174,1336
0.0489,4436
0.596,329
-0.31,9681
-0.0595,7645
0.0181,4286
0.0571,3967
0.0449,4257
-0.0845,7553
-0.245,9329
0.101,2939
-0.0674,8032
0.0215,4734
-0.0181,5662
0.27,273
-0.541,10269
0.29,201
-0.0823,8045
0.0794,3930
-0.0778,7205
0.0427,4712
-0.127,7988
0.0299,4644
0.137,3192
-0.308,10771
-0.364,10588
-0.384,10698
-0.375,8894
-0.169,8001
0.0097,5147
0.208,1262
0.0539,4062
0.158,2319
-0.139,7807
-0.0713,7880
0.0564,2654
0.069,3986
0.143,3181
-0.513,9853
-0.124,7392
-0.0281,6314
0.1,1779
-0.451,11025
-0.272,8860
-0.00561,5348
0.137,2485
-0.146,8039
-0.0889,6360
0.073,3151
-0.283,10204
1.47,80
-0.226,10770
0.159,689
-0.187,9989
0.124,2540
-0.101,8043
0.213,1309
0.0739,3611
0.136,2407
-0.175,10463
0.46,454
0.108,3222
0.0462,4499
-0.161,8364
-0.126,9902
-0.0764,8259
0.116,3412
0.251,1331
-0.389,8987
0.0181,4831
0.202,1005
-0.136,9274
-0.165,8060
0.522,71
-0.224,8262
-0.0622,6583
-0.125,10407
0.00926,4884
-0.332,10439
0.451,86
-0.259,10477
-0.141,8466
0.147,2184
-0.128,9278
0.146,1540
-0.444,9240
0.694,384
-0.0351,6053
-0.107,8711
-0.0821,7448
0.0119,5083
-0.0203,5514
-0.0975,7754
0.0575,3904
-0.034,6367
-0.0987,8268
0.0654,3876
0.0292,4712
0.0495,4040
-0.0411,5765
-0.0296,7021
-0.341,10711
0.301,1313
0.126,2836
0.17,3039
1.05,267
0.0381,4353
-0.168,9127
-0.332,10688
-0.0301,6165
0.0137,4900
-0.154,8743
0.0532,3482
-0.00804,5887
0.197,1269
-0.0493,6155
0.107,3441
0.285,516
-0.00234,5513
0.102,2588
0.31,622
-0.144,9144
-0.397,11022
-0.247,9911
-0.241,9433
-0.0642,8400
-0.189,9980
-0.0379,5766
-0.314,10826
-0.00504,5109
-0.0631,7896
0.0398,3978
0.0479,4395
-0.265,10260
0.00606,4840
-0.271,8516
0.126,2159
-0.0796,8229
0.0416,4205
0.0939,2996
-0.207,9450
-0.098,7384
0.176,605
0.0277,4356
-0.0214,5946
-0.192,8405
0.119,3119
0.44,279
-0.0776,7525
0.216,1378
-0.135,8293
-0.382,9456
0.399,168
0.306,2655
0.0259,4932
0.0679,3459
-0.136,8245
-0.192,9421
-0.108,6923
0.552,90
0.221,963
0.0841,2061
-0.249,10238
-0.0797,7134
-0.219,9551
1.85,86
0.0263,4780
0.00645,4895
0.234,2843
0.223,2291
-0.261,10236
-0.349,10992
0.312,1027
-0.294,10786
-0.0139,5876
-0.0613,7122
-0.0449,6124
0.0739,4086
0.0672,3450
-0.249,10772
0.387,757
0.0849,2465
-0.222,7881
0.00509,4855
0.3,287
0.0662,1843
-0.358,9916
-0.102,7565
-0.121,9421
0.0268,4421
0.156,737
0.0154,5031
-0.296,10686
-0.0859,7347
0.359,1166
0.0305,3410
-0.189,10858
-0.189,9923
-0.471,10731
0.232,2604
-0.21,8633
0.195,2779
0.0939,1646
0.0127,5033
-0.194,9985
-0.382,10514
-0.194,8961
-0.0932,8656
-0.012,6045
0.0848,2757
0.399,692
0.0174,4930
0.074,4051
0.0686,4196
-0.177,8608
-0.0211,6843
-0.0117,5494
-0.325,10798
-0.0216,4976
0.121,1649
-0.0518,7817
0.165,1246
-0.194,9352
-0.317,10137
0.488,126
0.123,2073
0.0288,3985
-0.106,9112
-0.262,9400
-0.428,7834
-0.28,8661
-0.305,10229
-0.0745,7759
0.0086,5063
0.0834,3432
0.14,2987
0.3,425
0.0973,3803
-0.0683,8383
0.146,2141
-0.0456,6387
0.275,1223
0.435,534
-0.075,7639
-0.165,6285
0.0298,4519
0.277,2295
0.354,185
0.281,1462
-0.147,7609
0.0391,3329
-0.00725,5557
-0.346,9803
0.127,3860
0.0605,4256
-0.348,9021
0.0688,3098
-0.118,9665
-0.0238,4954
4.15,31
0.332,2600
0.313,2403
1.47,574
0.148,1514
-0.269,9959
0.103,3210
-0.0905,6477
1.14,4
-0.184,10207
-0.222,9826
0.0229,4288
-0.259,8051
-0.448,8881
-0.0146,5510
-0.000505,5544
-0.122,9361
-0.701,9216
0.112,3822
-0.407,10118
0.0383,4574
-0.135,7680
0.0284,4657
-0.363,9974
0.401,1109
-0.0563,7688
-0.0135,5670
-0.0703,6990
0.286,811
0.242,3310
-0.257,7650
0.481,401
0.0625,4322
-0.141,8964
0.000671,5309
0.509,1323
-0.0582,6462
-0.000924,5446
-0.702,10373
0.322,730
0.0536,3960
0.297,2138
-0.132,8112
-0.0529,5694
-0.515,9839
-0.245,10886
0.0198,4570
-0.102,7543
-0.244,10836
-0.415,10349
0.166,2043
-0.0339,6474
0.0205,4622
-0.235,9536
-0.12,7419
0.142,1929
0.171,2061
-0.127,8289
-0.3,9362
-0.00592,5584
0.184,685
-0.148,10592
-0.189,8649
0.0359,4425
0.322,650
-0.229,10480
0.218,166
-0.00967,5409
1.34,109
0.871,897
-0.54,10459
0.23,2753
-0.317,9475
-0.224,10296
-0.00508,5525
-0.0254,5365
0.0595,3779
-0.371,10960
-0.0608,7975
0.488,207
-0.179,8942
-0.0411,6971
-0.0939,6904
0.196,765
-0.0183,5757
-0.0649,5991
-0.0203,5831
0.175,1884
0.33,1060
-0.1,9196
0.00375,5250
0.0575,3510
-0.089,7314
0.248,333
-0.14,8792
-0.0514,6939
-0.155,8798
-0.0649,8213
-0.0732,6797
0.132,1734
-0.244,9395
-0.133,10661
-0.125,8728
-0.0187,5676
0.0668,3173
-0.184,7974
-0.0747,7140
-0.119,10105
0.0139,4089
-0.188,9817
-0.032,5583
0.0664,3127
0.0773,3076
0.108,3326
-0.101,8159
-0.204,9577
-0.41,10408
-0.0794,7017
-0.227,9694
-0.0955,8179
-0.0414,5829
0.0263,4425
0.721,197
0.00102,5065
-0.116,7532
0.0874,1881
0.07,3476
-0.192,9239
0.0953,3393
-0.181,8688
1.31,0
-0.0857,7648
-0.0381,6448
0.00745,5259
-0.123,8287
-0.292,10603
0.12,1817
-0.0018,5212
0.00838,5312
0.0879,3348
-0.208,8556
-0.0925,6960
0.383,1838
-0.103,9204
0.23,305
0.17,779
0.0855,3086
0.0249,4707
-0.0121,6009
0.0582,2683
-0.233,10053
-0.272,9947
-0.105,6787
-0.11,7930
0.12,2633
0.287,843
0.0858,2424
0.115,2422
0.213,1914
0.0993,3836
0.712,724
-0.114,8696
-0.0538,7808
0.576,719
0.0913,3944
-0.0513,5214
-0.508,9936
-0.226,9560
-0.000861,5227
-0.161,8347
-0.102,8020
0.315,1450
0.0583,3057
0.227,553
-0.0592,7379
-0.0716,7283
-0.105,8946
0.0667,4286
0.384,2106
0.0496,2633
0.125,2919
-0.0243,6505
0.0947,3081
-0.294,9952
-0.00306,5266
0.0139,4534
0.0452,3928
-0.248,10382
-0.283,9817
0.0208,4568
0.0598,3590
-0.0162,5774
0.15,706
-0.119,7680
0.0398,4455
0.505,908
-0.314,10587
0.0919,1887
0.163,2817
-0.131,8929
-0.198,10713
-0.37,10295
0.881,772
0.19,663
0.0835,2002
0.322,1177
-0.146,8461
0.0352,3868
-0.318,10696
-0.056,7562
-0.0256,6285
-0.302,8209
-0.156,8296
0.341,815
0.0199,4831
0.0428,4318
0.24,13
-0.261,10531
0.0598,3561
-0.0474,6465
-0.179,8241
-0.201,9676
0.0738,3113
0.0676,3830
0.126,1537
0.00264,5075
0.231,1828
-0.00575,5647
0.194,1222
0.00466,5388
0.965,8
-0.42,10596
0.00678,5193
0.0189,4730
-0.255,9716
-0.107,7189
0.0945,1893
-0.121,7846
-0.273,9319
-0.0919,6416
-0.298,10775
-0.227,9265
0.171,1576
0.129,3387
0.26,885
-0.03,5869
-0.0421,6176
-0.209,10096
-0.0433,5877
0.732,412
-0.15,7611
0.0793,2374
0.23,727
0.147,2716
0.129,3270
-0.394,6341
-0.113,9586
-0.00771,5530
-0.0972,8075
0.165,2118
-0.34,10391
0.147,1366
0.131,3068
0.212,715
0.0877,3485
-0.278,9054
-0.153,8724
0.128,1346
0.0146,4935
0.0894,3407
-0.0274,6901
-0.0529,7461
0.0247,4537
-0.247,9646
0.234,1378
0.0892,2146
0.198,1887
-0.157,8285
-0.119,7403
0.16,2351
0.132,3694
-0.204,8968
0.115,912
-0.352,10685
0.202,977
0.0106,5063
0.157,1910
0.221,1399
-0.121,10469
-0.628,9399
-0.225,8115
0.226,3295
-0.151,8167
0.103,3642
-0.33,5812
-0.276,10509
0.0764,3878
-0.152,8878
-0.00494,5420
-0.238,10077
-0.533,10997
0.0446,4440
-0.0141,5547
-0.19,9258
-0.048,7355
0.389,171
-0.108,6995
0.414,1129
0.00778,5107
-0.048,6939
0.122,3259
-0.051,6469
-0.174,10414
0.184,1272
-0.312,10192
-0.0858,9130
-0.158,10515
-0.257,10818
0.0104,4940
-0.0948,7826
-0.189,6218
0.0225,4442
0.384,113
0.406,421
-0.21,9842
-0.149,7690
-0.301,9287
0.206,1846
0.0667,2953
0.0857,3658
-0.241,8817
0.0739,3711
-0.241,10363
0.0185,4774
0.232,2221
-0.138,8469
0.249,2008
-0.0595,7170
0.0079,5072
0.134,1329
0.465,580
0.377,1227
-0.0513,6023
0.448,662
-0.0126,5837
0.0359,4535
-0.147,9347
-0.203,9852
-0.376,10043
0.116,2187
-0.189,9762
-0.0893,6919
-0.0243,6002
-0.0607,6939
-0.13,8078
0.0247,4601
0.268,114
0.0073,5225
-0.0608,7088
0.275,2324
-0.078,6617
-0.00464,5170
0.197,163
-0.152,8154
-0.054,8190
-0.042,5915
0.0447,4400
-0.217,10670
-0.0619,6250
-0.0518,6764
-0.152,8624
0.0837,3183
0.0632,3980
-0.231,10549
0.00701,4802
-0.0729,7565
0.0168,4865
0.705,212
-0.149,9336
-0.115,10229
-0.0711,7842
-0.165,8806
0.0746,3888
0.0438,4297
0.0232,4697
0.155,1297
-0.0147,6101
-0.00435,5124
-0.0183,5706
-0.203,8671
0.476,614
-0.0821,8385
-0.175,9823
-0.214,8831
0.0999,2985
-0.015,5853
0.429,12
-0.0435,6477
-0.125,8302
0.158,1740
0.169,1963
-0.267,9725
0.0431,3155
0.00839,4946
-0.0552,6784
-0.314,8690
-0.142,7514
-0.324,9678
-0.0466,6665
0.0038,5429
-0.316,10059
-0.123,7134
0.164,3059
0.108,4100
0.321,191
-0.036,6444
0.122,2291
0.168,2082
0.371,667
0.0567,4421
-0.0664,7965
0.0202,4573
-0.343,7625
0.217,2657
0.0949,3257
0.163,2144
0.0185,4530
-0.139,9130
-0.0592,6587
-0.216,9049
-0.11,8717
-0.373,9752
0.0742,2768
-0.116,8907
0.0506,3599
0.304,478
0.235,879
-0.301,9873
0.0924,1847
-0.136,10097
-0.189,10466
0.02,4954
-0.00393,5541
-0.16,7508
-0.26,8985
0.25,1710
-0.116,7103
0.143,1679
0.0786,3553
-0.251,8866
0.272,730
0.053,3088
-0.179,10590
0.0614,3342
0.307,1099
0.332,791
0.803,23
0.038,4223
-0.00581,5489
0.196,1411
0.0279,4616
-0.0971,7512
-0.244,10437
-0.0946,8908
0.16,3149
-0.3,8507
-0.141,7011
0.191,3315
-0.268,9983
-0.0415,6950
-0.0696,7145
0.19,2146
0.138,3589
-0.00221,5074
-0.0852,8174
-0.0198,6116
-0.0791,8787
0.898,94
-0.159,8740
0.122,3038
0.186,315
-0.0597,8204
-0.267,9885
0.0515,3852
-0.326,8720
-0.077,6110
-0.0991,8403
0.208,2230
-0.201,8843
0.104,3914
-0.0691,6509
-0.115,8856
-0.0478,6907
-0.234,8042
0.347,143
-0.0912,8289
-0.597,10947
-0.0837,7300
0.0287,4722
0.314,431
-0.0298,6287
0.0512,4520
0.504,446
-0.252,10628
0.587,27
-0.029,6978
-0.101,6829
-0.121,8925
-0.339,10804
0.1,2092
-0.147,9064
-0.0124,5613
-0.296,10899
-0.0841,8627
0.279,1462
-0.0209,5716
-0.0905,8063
-0.0324,7600
-0.161,7638
-0.0441,6452
0.134,2492
0.111,3350
0.166,1635
0.128,2600
-0.00864,5750
0.194,2344
-0.093,7382
-0.0782,7127
-0.103,9017
-0.146,9320
0.0306,4923
-0.403,10740
0.0111,4834
0.178,1811
0.106,3610
0.278,199
-0.44,9956
-0.23,10153
-0.175,8786
-0.582,10596
-0.0576,6786
-0.0274,7253
0.0767,2235
-0.0111,5616
-0.159,8962
0.127,2206
-0.129,8780
-0.214,9472
0.319,258
-0.212,5891
0.293,1034
0.0932,2664
-0.0226,6318
-0.106,8373
0.0572,3471
-0.0467,6727
-0.55,9684
1.07,416
0.0344,3584
-0.0819,7946
-0.0932,7222
-0.212,9868
-0.27,9341
0.00404,5008
0.149,2454
-0.203,9787
0.277,678
0.136,3297
-0.278,9802
-0.123,8941
0.06,3558
-0.0263,6725
0.183,1144
0.000523,4958
0.12,2876
-0.194,8765
0.0942,2843
0.0352,4656
0.121,2948
0.0291,4486
-0.0383,6706
-0.111,8804
0.0666,3212
0.00617,5199
-0.213,10450
0.0471,4013
0.165,1643
-0.434,10865
0.000284,5373
-0.0441,8404
0.019,4933
0.00273,5224
0.316,2002
0.0864,3444
-0.352,10423
-0.0518,8121
0.0876,3468
0.0944,1802
0.0795,3112
0.0814,1574
-0.116,8326
-0.0572,7805
0.205,1111
-0.15,9789
-0.156,7107
0.0698,4021
-0.0388,6629
0.449,89
0.356,720
-0.116,8877
-0.484,9739
-0.191,9528
0.0175,4804
-0.195,9169
0.345,1073
-0.135,8184
-0.0171,5770
0.0736,4029
0.657,18
0.057,3323
-0.198,10082
-0.386,8754
-0.243,9620
-0.0709,7855
0.053,3684
0.189,225
-0.106,8231
-0.287,10691
0.00527,5137
-0.772,9577
0.029,4607
-0.0964,9079
-0.0533,6868
-0.276,8736
0.182,2051
-0.328,9946
-0.188,10060
-0.055,6529
0.0631,3559
0.0294,4579
0.32,1266
-0.317,9923
-0.0427,8458
0.0325,4092
0.436,107
0.296,1271
-0.141,8677
-0.157,7619
0.0621,3254
0.278,563
0.055,3509
0.284,399
-0.243,9180
0.394,381
0.146,2448
-0.0461,6186
-0.381,10537
-0.129,8539
0.0201,5121
0.0312,4044
-0.214,10067
-0.128,9817
-0.231,10810
-0.119,9485
0.36,250
-0.269,9888
0.0225,4801
0.0471,3897
-0.0886,7658
-0.0161,5918
-0.107,7614
-0.552,10820
0.0581,1688
-0.253,10912
-0.188,8235
0.0681,3659
-0.095,8100
-0.339,9913
0.206,821
0.101,2352
0.121,2355
-0.107,7588
-0.205,9784
-0.125,8342
-0.26,10882
-0.12,9828
-0.178,9248
-0.22,7318
0.0158,4826
-0.0403,5464
0.112,3566
-0.0839,8956
0.0745,2225
0.138,1953
-0.263,10365
-0.382,6524
-0.0615,8127
-0.0757,6894
0.309,679
0.522,130
0.0679,3800
-0.449,10681
-0.0207,5713
-0.0232,6904
0.0467,3735
-0.104,7385
-0.216,10158
-0.122,7726
0.0353,4110
-0.18,9407
-0.312,10534
-0.155,8034
0.0406,4021
-0.00329,5428
0.0965,3145
0.133,2018
-0.197,9664
0.0393,4446
0.299,2246
-0.0858,8192
-0.0398,5783
0.469,1658
-0.0937,10088
-0.0972,9149
0.0342,4046
-0.0341,5988
0.182,1270
-0.227,7570
-0.00495,5517
-0.0529,6662
-0.0107,6019
0.223,1206
0.0854,2762
-0.421,10181
0.319,90
0.0315,4120
-0.0983,7232
-0.293,10668
0.0808,3232
-0.305,9652
-0.018,5636
0.159,599
0.703,170
-0.0132,6031
-0.155,8990
-0.197,7735
-0.0677,10107
0.138,2551
0.178,1764
-0.168,8526
0.00686,5262
0.0639,3394
-0.0969,8042
0.00225,5192
-0.535,10740
0.0827,2726
0.226,1540
0.0349,4771
0.111,2529
-0.0062,5447
-0.122,9278
-0.425,9839
-0.0297,5751
-0.0104,5504
0.131,3108
0.0358,4185
-0.00484,5325
-0.197,8439
-0.0164,5612
0.0696,2535
-0.208,9585
0.182,1554
-0.259,9601
0.0839,3639
0.0873,2858
0.0333,4534
-0.0502,7216
-0.0532,6745
0.148,2931
-0.179,9673
-0.00833,5361
-0.0592,6579
0.00779,4959
0.0952,2687
0.0656,3947
-0.167,8230
0.152,3272
0.149,3667
-0.17,9759
0.0931,2600
0.0608,3417
-0.0598,6340
-0.0296,6026
-0.18,9844
0.181,872
0.0815,3088
-0.155,8404
0.145,3011
-0.281,10780
0.133,1204
0.0231,4691
0.374,1054
-0.0959,7937
0.0818,3381
-0.209,9257
0.17,1013
-0.0398,7362
-0.142,9876
0.0798,3750
-0.0874,7423
-0.0101,5714
0.302,207
0.05,3891
-0.105,8595
-0.357,9652
-0.369,10897
-0.0901,7236
-0.335,5991
0.0353,4190
0.0613,2777
0.449,111
0.399,320
0.0329,3753
0.368,873
-0.128,9542
0.0908,2366
-0.121,8226
0.0884,2117
-0.127,8122
-0.0796,7832
-0.0372,7992
-0.0309,6453
0.223,2382
-0.0451,7313
-0.265,8806
-0.0345,6751
-0.0616,7781
0.195,633
-0.115,8268
-0.057,8207
0.0303,4634
0.133,1291
-0.0874,8416
0.0538,3899
-0.243,8582
-0.173,9069
0.233,1146
-0.366,8068
-0.0606,6243
0.0711,4144
-0.17,9295
0.625,926
-0.207,7264
0.0435,3864
-0.307,9964
-0.00378,5534
0.0318,4308
0.0255,4505
-0.0414,6463
-0.183,9533
0.119,2447
-0.0677,7317
0.451,1541
-0.223,8076
-0.222,8460
0.223,2048
-0.222,10512
-0.312,9739
0.255,1667
-0.0695,8564
0.178,1416
0.32,1614
-0.17,10982
-0.271,10952
-0.448,10917
-0.0575,7103
-0.227,9403
-0.291,9219
-0.172,9556
-0.0401,6551
-0.345,10654
-0.612,10243
0.14,3241
-0.0937,7397
-0.101,8554
0.17,1553
0.165,1705
-0.0403,6175
-0.0964,5589
0.0478,4266
0.129,2653
-0.313,10332
-0.0734,7386
0.204,1210
0.00536,5196
-0.0291,6246
-0.0549,7463
-0.125,8043
-0.0124,5615
-0.189,8984
0.00275,5472
0.761,190
-0.167,8939
0.221,1536
-0.407,10816
0.00703,5289
-0.174,8308
-0.297,10617
0.0434,3232
0.153,1259
-0.0214,5792
0.271,448
-0.433,9896
0.0387,3958
-0.166,9758
0.0834,983
0.149,2895
0.0828,4057
-0.131,7201
0.0126,5176
0.0643,2887
-0.0257,5824
0.0737,2588
-0.00912,5485
0.257,152
-0.14,8843
0.192,349
-0.0402,6414
0.215,1693
0.282,2481
-0.309,8161
0.452,397
-0.073,6913
-0.013,6011
0.177,1316
-0.455,10908
-0.192,9364
-0.36,9333
0.356,296
0.107,1173
-0.157,10007
0.185,1253
0.0677,2880
0.239,2211
-0.112,9248
0.113,1653
0.239,2889
-0.0222,5305
-0.394,9186
-0.246,7765
-0.00717,5321
-0.0674,6968
0.302,669
0.148,1746
-0.0664,6135
-0.00852,5713
0.232,166
0.0684,3266
0.36,674
0.171,1081
-0.0351,6626
-0.28,6269
-0.0597,6760
-0.014,5877
0.182,721
-0.0259,6520
-0.0731,6708
-0.0641,7140
-0.111,7941
-0.0592,7140
-0.286,10412
-0.0428,6566
-0.0737,6890
0.129,1632
0.034,3935
0.0345,4195
-0.000331,5467
0.283,2021
-0.0107,5685
-0.162,8188
0.0911,2116
0.00227,5388
-0.0346,5967
0.0472,3956
0.106,1767
0.364,1167
-0.0488,8042
-0.058,7339
-0.0827,7578
-0.111,6862
-0.0114,5334
0.337,1295
0.0401,3787
0.153,2408
-0.328,10143
0.582,381
-0.463,10748
-0.145,8463
-0.187,9645
0.115,1841
-0.309,7610
0.0145,4998
-0.104,7222
-0.413,10207
-0.201,10408
-0.327,10794
-0.244,9462
-0.0224,5327
-0.39,10071
-0.108,7390
-0.183,9801
-0.168,9606
-0.17,8589
0.204,1053
-0.133,7669
-0.059,7592
-0.118,9534
0.0277,4481
-0.175,9485
0.129,2798
-0.165,9413
-0.187,10272
-0.168,9873
-0.0331,6488
-0.496,10946
-0.0721,6737
-0.0732,5514
0.211,1899
-0.07,7550
-0.161,10274
0.0608,4043
0.0158,5056
-0.0555,4283
0.146,552
0.0814,2447
-0.14,10103
-0.203,9556
-0.225,10004
-0.22,7135
-0.287,9004
0.15,1013
-0.229,9672
0.347,1981
-0.29,10536
-0.194,8249
-0.242,10317
-0.0896,7150
0.203,454
0.0905,2798
-0.202,7443
-0.0724,8316
0.238,1552
0.0429,3740
-0.172,9806
0.0197,4783
-0.0296,5522
0.00246,4721
-0.0556,6629
0.0394,4040
-0.0188,5825
-0.521,10886
0.323,1019
-0.284,8781
0.0957,2433
0.151,886
0.0718,3908
-0.305,10836
-0.0975,7957
0.26,1379
0.346,456
-0.102,7079
-0.0685,8325
0.262,552
0.036,4138
-0.669,10976
0.834,125
0.169,893
0.106,2640
0.223,982
-0.186,9670
-0.158,8984
-0.0979,8113
-0.0055,5488
-0.109,9773
-0.095,7346
0.129,2989
0.348,530
0.227,1420
-0.151,9230
-0.123,10081
0.324,215
0.0158,4663
0.191,3224
-0.286,8324
-0.026,5934
0.0366,4503
0.0252,1000
-0.194,9139
-0.0528,6600
0.0564,3618
-0.645,10054
-0.208,10383
-0.165,9863
0.124,2993
-0.179,8604
0.134,2153
-0.427,10745
0.0237,4628
-0.164,10035
0.163,1433
-0.513,10724
-0.0523,6342
-0.194,5523
-0.057,6854
0.243,518
-0.0423,6400
0.0771,3016
-0.0239,6216
0.264,1049
0.157,1615
-0.00267,5481
-0.159,7312
-0.108,7547
-0.374,10203
-0.025,5445
0.278,128
-0.0477,6989
-0.104,8647
-0.251,10085
0.792,341
0.0969,2803
0.0432,3980
0.012,5017
-0.332,9375
0.0973,2444
-0.213,9424
-0.0904,8056
0.0439,4537
0.064,3470
-0.101,7054
0.062,3604
-0.215,9641
0.0899,3428
-0.143,10156
-0.0031,5497
-0.313,10453
0.198,1436
-0.0659,5667
0.187,1968
-0.0887,7735
-0.26,10877
-0.0511,6398
0.554,661
0.341,1588
-0.455,10775
0.0879,2814
0.0598,4194
-0.397,10210
-0.18,9499
-0.233,9323
0.00619,5163
0.0405,4269
0.44,23
-0.145,7799
0.193,1965
0.0366,4288
-0.0835,7064
-0.11,7224
-0.0409,6797
0.0267,4540
0.136,3001
-0.309,8514
-0.254,9015
-0.0344,6262
-0.149,10036
-0.269,10484
-0.323,9467
-0.0711,8239
0.0128,4973
-0.018,5773
0.161,59
-0.0975,8742
-0.00574,5017
0.125,3609
-0.0144,5989
0.248,858
-0.0354,6856
0.106,3311
0.124,3367
0.392,2256
0.263,1456
0.325,52
-0.0206,5615
-0.242,9976
-0.323,9930
0.03,4859
0.357,2135
-0.122,8330
-0.00132,5722
-0.234,9398
0.124,2420
0.236,1883
-0.0676,6466
-0.0103,5606
0.0977,2566
-0.145,8553
0.332,239
-0.356,11029
-0.508,11028
0.133,2851
-0.128,8956
-0.257,10466
-0.0122,5719
0.0759,3369
-0.205,8597
0.00564,5032
-0.112,10607
0.128,2262
0.0272,4526
-0.379,8732
0.0367,4224
-0.124,9039
0.0933,3506
-0.0962,6791
0.00749,5262
-0.298,10549
-0.026,7073
-0.112,8360
0.219,1349
0.228,453
0.161,2021
0.0361,4343
-0.0504,6192
0.129,1998
-0.0423,6677
-0.0183,5878
-0.0864,7772
0.252,1430
0.0347,4649
0.147,1045
-0.166,9101
-0.345,10604
0.0219,4459
0.235,2821
-0.0977,8996
0.173,2378
0.065,3656
0.345,508
-0.308,10470
0.1,3698
-0.172,7183
0.757,42
0.422,139
-0.373,10222
0.133,1798
-0.167,7737
-0.317,9453
-0.123,10008
-0.018,6204
-0.128,9536
0.0942,3054
-0.017,5987
-0.087,7616
-0.0202,6010
-0.0961,8066
0.236,1842
0.143,3072
-0.384,9571
-0.13,8275
-0.206,10714
-0.0551,7259
0.398,337
0.0248,4725
-0.066,6053
0.217,1101
0.226,706
-0.0133,5655
-0.221,9761
-0.402,9005
0.992,688
-0.482,10987
-0.339,10685
-0.00656,5426
0.272,2511
-0.309,8789
-0.23,10282
0.133,1421
0.0722,3458
0.0731,3872
0.0978,3306
-0.0361,6012
-0.0167,6094
0.107,2363
0.139,990
0.16,2102
-0.132,8468
0.0322,4675
0.286,1739
-0.0361,6489
0.014,4894
0.0851,2501
-0.176,8656
-0.00259,5355
-0.328,10688
-0.301,10775
0.0454,2829
-0.169,6906
-0.0759,6642
-0.484,10892
-0.0259,6003
-0.0295,6396
-0.0332,6398
0.0972,2382
-0.335,10188
0.0827,3411
-0.437,10791
0.0268,4082
-0.075,7991
0.187,1916
0.0618,3851
-0.288,10842
-0.155,8751
-0.0283,6588
0.146,1371
-0.255,10873
-0.196,9078
0.445,397
-0.132,7526
-0.0229,6254
-0.0187,6355
0.136,2045
0.837,68
0.126,2828
0.112,3342
-0.0417,7293
0.244,362
0.0629,3650
0.554,79
0.556,44
0.039,4683
0.133,1786
0.0511,3900
0.346,445
-0.149,9006
-0.203,9849
-0.0178,5653
-0.115,8891
0.00751,4966
0.26,1885
0.0617,3831
0.19,2284
0.234,1439
0.0962,3044
-0.0551,8873
-0.0469,6684
-0.144,7677
0.0685,3910
0.118,2886
0.0917,1990
0.243,1349
-0.0121,5878
-0.169,8628
0.123,1059
-0.104,7475
-0.0391,6567
0.262,426
-0.203,9778
0.291,174
0.078,3852
-0.626,10046
-0.000599,5588
0.111,2394
0.136,2825
-0.089,6827
-0.274,8226
-0.0643,5673
-0.167,8518
0.12,1521
0.0338,4759
0.139,2197
-0.746,10740
-0.499,9940
0.0742,3756
0.00736,5085
-0.00321,5251
-0.166,9085
0.212,2022
0.33,306
-0.106,8601
-0.317,10349
-0.0919,7161
0.0148,4605
0.0063,5043
-0.193,8701
-0.122,8885
-0.379,10778
0.356,329
0.0259,4688
0.264,860
-0.178,9838
-0.07,9398
-0.131,9178
0.0346,4528
-0.598,11005
-0.191,9984
-0.0833,4987
0.217,529
-0.0288,5864
0.106,2218
-0.404,10131
-0.166,7806
-0.093,8093
0.0374,3956
0.23,1812
0.49,648
-0.157,9530
-0.214,9079
-0.174,9312
-0.057,6837
0.188,1838
0.0429,4053
-0.175,8885
-0.0682,6012
-0.0971,6004
-0.331,10986
0.278,1244
-0.153,8493
-0.225,8339
-0.232,6858
0.0983,2081
0.0615,3422
0.177,2049
0.0577,3616
0.155,2345
-0.487,7853
0.0343,4296
0.411,85
-0.0331,6075
0.0503,4152
-0.0831,8899
0.174,1605
0.15,2141
-0.0777,7164
-0.398,10305
-0.126,8984
-0.0552,7836
0.00991,5320
-0.08,7112
-0.0374,6367
0.0416,3769
0.355,349
-0.0214,5770
0.0871,3502
0.162,3033
-0.119,9195
-0.0899,8388
-0.33,11016
-0.221,9348
0.0564,4182
0.0202,4982
0.315,167
-0.00694,5466
0.0333,4268
-0.0841,7204
0.276,1336
-0.227,9870
0.146,1066
-0.0489,7509
0.0668,3841
0.135,2830
-0.124,9331
-0.0442,6762
0.0792,2329
0.133,1779
-0.14,8862
0.0141,4531
0.157,2582
-0.449,10659
0.0288,4224
-0.0902,9379
-0.102,6573
-0.115,8800
-0.378,8549
-0.0474,6441
0.104,2659
-0.056,8089
0.097,2389
-0.102,8198
-0.0222,6632
-0.146,8126
-0.125,8228
-0.441,10905
0.261,634
-0.513,10940
-0.0927,7287
-0.212,9054
-0.117,9183
0.141,1898
-0.129,8146
0.154,1830
-0.0355,6106
-0.0354,5979
0.116,2707
0.203,776
-0.0153,5714
-0.416,9521
-0.0544,6142
-0.143,5858
-0.308,11011
-0.00246,5197
-0.0468,6386
0.683,118
-0.164,8168
-0.284,8697
0.0136,4853
0.21,304
-0.164,8877
-0.0388,6037
0.0288,4578
-0.183,8482
0.139,2012
0.781,160
0.101,2830
-0.0635,7144
-0.194,10295
-0.386,9720
-0.0363,6457
0.197,783
0.027,4974
0.395,780
0.107,2947
0.433,957
0.214,1515
-0.0835,7278
0.219,1128
-0.0688,7238
-0.0766,7123
-0.216,9819
-0.251,10425
-0.0474,8531
-0.0325,5569
-0.0327,6126
-0.063,6798
-0.201,10833
-0.473,11029
-0.0633,8111
0.0317,4479
0.0207,5174
-0.0651,6915
0.127,3526
-0.151,8025
0.174,2187
0.211,2560
0.301,1218
0.392,724
-0.249,8831
-0.363,10254
0.035,4043
0.0343,4634
-0.148,9489
0.297,905
0.127,2682
-0.0416,6965
-0.052,8609
0.204,1150
0.18,948
-0.13,6426
0.022,4590
-0.00283,5407
0.142,2432
0.0264,4443
-0.308,10104
0.245,2835
-0.0528,5777
-0.0295,7071
0.466,53
-0.0869,8014
0.0587,4056
-0.238,9768
-0.405,10859
0.0872,2346
-0.0825,8426
0.0623,4095
0.0705,3802
0.122,3041
1.23,37
-0.204,10611
-0.138,8682
-0.139,7010
0.142,2528
-0.0238,5511
0.195,1977
0.102,2705
-0.11,9333
-0.254,10388
-0.16,7996
-0.333,10422
-0.062,7531
0.255,365
-0.0943,7414
-0.118,9352
0.106,2876
0.101,3222
-0.397,10604
0.00591,5020
-0.00373,5428
0.0271,4513
-0.0472,6433
0.268,1723
-0.0259,6012
-0.0263,6308
0.447,314
-0.412,9727
-0.00475,5358
0.173,1359
0.0433,4276
-0.045,7018
-0.304,10227
-0.192,9922
-0.24,9481
0.0557,4004
-0.53,9888
0.161,297
0.0139,4782
0.0718,3962
0.0492,3447
-0.141,4760
-0.467,9308
0.0239,4445
-0.0514,6651
0.569,1
-0.0425,5953
0.0512,4437
-0.233,8023
0.0704,3446
0.0496,3716
0.412,948
0.444,649
-0.233,8202
-0.44,10529
0.179,2120
-0.0338,6507
0.104,3433
0.142,2044
0.000382,5268
-0.0159,5561
0.0385,3698
0.12,3177
-0.0069,5322
-0.261,10000
0.137,3094
0.234,1104
0.0441,2999
0.203,332
-0.272,9150
-0.129,8564
0.0424,4204
0.0782,4188
0.281,1495
0.0583,2814
-0.484,10832
-0.12,8287
0.394,104
0.0768,3038
-0.197,9858
0.131,270
0.0147,4750
-0.0759,7407
0.255,1351
0.0562,4013
-0.205,10790
0.000327,5061
0.0642,1475
0.0944,2532
-0.0428,6534
0.122,2781
0.126,2269
-0.0979,8437
0.0588,3296
0.227,1107
-0.225,10285
0.537,264
-0.295,10603
0.256,280
0.068,3708
-0.11,7347
0.0465,4380
-0.301,8675
-0.0655,6010
-0.0403,8053
-0.223,10984
-0.154,6011
0.059,4439
-0.407,7721
-0.285,9872
-0.101,8553
-0.0205,6652
-0.00682,5210
-0.173,9518
-0.148,7695
0.307,800
-0.192,10639
-0.0821,8537
-0.472,10626
-0.228,10542
0.735,24
0.0281,4854
0.451,78
0.22,2049
0.0853,3008
0.232,970
0.13,2811
-0.00143,5156
0.269,226
0.295,70
-0.0598,7368
-0.0436,6337
0.999,815
-0.0206,5793
0.13,1973
0.112,1800
-0.0827,6433
0.135,3393
0.21,2272
0.171,529
-0.112,10110
0.0837,3492
-0.0957,8786
0.0729,3735
0.00882,4979
-0.0602,6483
-0.0885,8572
-0.223,10196
0.167,3014
0.00125,5620
-0.3,8928
0.0257,4550
0.242,1117
-0.0243,6200
-0.105,8614
0.288,926
0.0121,4808
-0.268,10517
0.0684,3953
-0.121,9083
-0.109,7507
-0.0541,7147
-0.203,8221
0.179,995
0.0842,2005
0.279,812
0.25,1207
-0.0235,5695
0.112,3327
-0.0996,8363
0.0647,3137
-0.0303,6506
0.398,377
0.025,4601
0.0396,4163
-0.199,7245
-0.0172,5748
-0.183,10674
-0.281,9466
-0.136,8573
0.1,3398
0.0988,3934
0.0315,4566
-0.0576,6766
-0.3,10778
-0.106,7563
-0.00618,5524
0.079,2595
-0.0896,8639
-0.0458,6127
0.0122,5180
-0.272,10673
2.47,287
0.159,3495
0.0206,5137
-0.122,9648
-0.3,10941
-0.248,9748
0.188,1095
0.258,897
-0.147,9735
0.0706,1841
0.0497,4503
-0.148,10025
0.42,41
0.268,1119
-0.221,10859
-0.0661,7252
-0.0433,6129
0.291,1265
0.0409,4451
0.105,1731
0.0499,3970
0.238,290
-0.129,8555
-0.0115,5653
-0.0803,6641
-0.115,8161
0.025,4186
0.158,2789
-0.632,8126
-0.0932,7879
-0.31,7306
-0.197,9559
0.143,552
0.262,1226
-0.0594,5743
-0.24,8621
-0.0114,5789
0.404,301
0.0496,3605
-0.023,6215
-0.322,10366
0.0285,4336
-0.254,9692
-0.104,6618
-0.092,8900
-0.0847,7600
-0.252,9575
0.402,152
0.00256,5318
-0.0193,5760
0.186,1097
0.0728,3408
0.194,682
0.662,179
-0.124,9420
-0.219,10209
-0.107,9361
0.0646,3255
-0.0394,6014
-0.29,10957
-0.00503,5506
0.173,2395
0.192,2023
-0.126,9341
0.126,3219
0.166,1116
0.269,549
0.301,500
-0.167,8465
-0.0909,8037
-0.13,8532
-0.0557,7393
-0.259,10492
0.414,392
0.0614,3164
0.0536,3860
0.211,1283
-0.0767,7789
-0.481,10079
-0.228,9170
-0.0912,7677
0.156,2591
0.207,2700
0.227,1058
-0.255,10483
-0.106,7364
-0.0738,7105
-0.0375,6907
-0.0291,5565
0.0592,4064
0.206,2572
-0.087,6784
0.0837,2729
-0.0319,6465
-0.333,10529
-0.399,10743
0.129,3234
-0.122,7185
-0.187,9844
0.0951,3176
0.222,3275
0.838,345
-1.13,10156
0.339,2787
-0.0345,6589
-0.904,11006
0.513,511
-0.0357,6439
-0.448,10381
-0.269,10080
-0.164,10421
0.052,3387
-0.543,10642
0.342,110
0.284,192
-0.48,10781
0.0691,3730
0.0301,3905
-0.113,8323
-0.0767,6455
-0.052,6172
-0.119,7907
-0.0643,7463
-0.101,8954
-0.216,9263
0.0652,3420
0.0137,5084
-0.0536,5932
-0.002,5581
0.0628,3581
-0.224,10317
-0.0339,6304
0.121,2585
0.157,2766
-0.128,9276
-0.185,9941
-0.162,8532
0.0189,4675
0.196,1764
0.0119,4907
0.108,2480
0.0277,4361
-0.0767,4994
0.081,3959
-0.194,8421
0.6,95
-0.0355,6675
0.242,1182
-0.0594,7876
0.257,1678
-0.0933,6695
0.385,936
0.191,1129
-0.033,8088
0.0915,3137
0.538,595
0.112,2163
-0.144,9498
-0.0887,8143
0.134,1479
0.23,1527
-0.00488,5405
0.156,548
0.237,2179
-0.00786,5351
-0.00345,5601
0.12,2006
0.793,147
0.074,3915
-0.151,7495
-0.417,10297
-0.443,10950
0.309,747
-0.0695,6574
-0.124,7569
-0.0287,6017
-0.391,10032
0.118,2018
0.0649,3251
-0.208,6522
-0.672,10639
0.372,229
-0.172,9359
-0.151,8568
-0.119,10369
0.04,3673
0.2,161
-0.374,10946
0.0445,4393
-0.34,10203
0.211,2820
0.0409,4599
0.00716,5088
-0.823,10663
0.0338,4557
0.0362,4480
-0.358,10145
-0.14,8417
0.24,1292
-0.0345,6564
-0.183,9620
-0.305,9772
0.0608,4096
0.19,733
0.345,375
0.0331,4822
0.0944,2986
0.16,3091
0.483,432
-0.0642,8186
0.114,1951
-0.109,7332
-0.132,8955
0.88,60
-0.166,8800
-0.0503,7819
-0.0978,7682
-0.328,10779
-0.138,9007
-0.327,10325
-0.133,7097
-0.0703,7933
-0.106,8149
-0.0154,5554
-0.13,7601
0.165,3868
-0.0393,5654
0.263,728
0.0127,4937
0.0875,3394
-0.152,8501
-0.119,7510
0.126,3199
-0.11,8526
-0.227,9784
0.143,2166
0.374,637
-0.44,10110
0.0337,4172
-0.0946,7764
0.16,1975
-0.154,7937
0.131,2721
-0.0546,7490
-0.245,10178
-0.316,10990
-0.13,10683
-0.0133,5509
-0.12,7762
0.198,2144
0.406,472
-0.348,10355
-0.0536,7034
0.22,1884
-0.138,7792
0.213,1492
0.0188,4967
-0.172,8567
-0.108,8513
0.204,2221
0.0589,3923
-0.0648,6088
-0.137,7498
-0.267,9968
0.0783,3855
0.0636,4022
-0.401,10604
0.1,3065
-0.0855,8017
0.183,1422
-0.334,9881
0.0867,2690
0.556,69
-0.162,8710
-0.0538,6786
-0.258,10974
-0.0556,6271
0.102,2323
-0.107,5004
-0.0495,5857
-0.0522,6874
-0.167,9711
-0.181,9341
-0.15,7657
0.102,1983
-0.145,8918
-0.00392,5362
0.203,851
-0.0739,9224
-0.00419,5087
0.055,4263
-0.0615,6229
-0.225,9880
-0.108,7928
0.0738,3806
-0.257,10525
-0.00464,5188
0.225,387
-0.103,8325
-0.0969,8985
-0.19,10314
0.0313,4608
-0.491,10963
-0.0599,5736
-0.418,7336
-0.00324,5203
-0.0226,5977
-0.177,10307
0.0572,4289
0.293,806
0.00378,5037
0.0172,4919
0.447,806
-0.00807,5425
0.124,2508
-0.549,10909
0.258,108
-0.0579,7535
0.183,1455
-0.123,7495
-0.234,8523
-0.141,7413
0.13,983
-0.0674,6786
-0.219,7194
2.15,186
0.0712,4353
-0.413,10654
-0.16,7996
-0.118,7049
0.138,3376
-0.0998,8630
-0.0778,6827
-0.121,7587
-0.164,9854
0.159,2092
0.0504,4205
-0.116,6443
0.123,2962
-0.0877,5609
-0.214,7499
0.246,1906
-0.0301,5514
0.242,624
-0.173,7706
-0.0583,6561
0.0512,3389
-0.0845,7996
-0.0252,5500
-0.161,9111
0.0614,3760
-0.272,8247
-0.0779,9244
-0.0354,6542
-0.195,9656
-0.0404,6262
0.205,1411
-0.237,9603
0.0301,4753
-0.204,10143
-0.576,10173
-0.268,8797
1.08,283
0.0605,3670
0.243,782
-0.0693,7705
-0.451,10669
0.117,2850
0.298,440
-0.0969,7617
-0.038,7516
0.0569,3191
0.393,2294
0.101,3576
0.192,2635
0.0638,4106
0.0233,4652
0.0329,4076
0.0297,4408
-0.128,9072
0.75,540
-0.00743,5887
-0.224,9667
-0.0131,5929
0.0785,2717
0.346,1471
0.476,771
0.235,1262
-0.134,8114
0.0846,3243
-0.196,10603
0.256,1428
0.254,874
0.057,4295
-0.0594,7814
-0.0229,6010
-0.0242,6352
-0.0119,5784
-0.355,10870
-0.224,9572
-0.135,8514
-0.123,8829
0.116,2177
0.155,3141
-0.231,8598
-0.45,10330
0.0688,3431
0.152,1900
-0.107,8112
0.79,27
-0.362,8594
-0.282,9090
0.00223,5148
-0.101,9064
0.0729,3680
-0.0481,6491
0.0774,1846
0.101,3771
-0.158,10765
0.0701,3691
-0.174,8584
0.25,1221
-0.24,9462
-0.165,8357
-0.164,9052
-0.156,9626
-0.271,10159
-0.0744,8835
0.344,2273
0.21,1462
-0.0248,6517
0.0544,3170
0.0325,4794
0.282,766
-0.434,9804
-0.0834,6443
0.0134,5135
-0.0205,6317
0.498,13
-0.0458,6164
-0.308,6953
0.125,2454
-0.182,7617
-0.0204,6403
0.851,371
-0.101,8050
-0.165,8366
0.43,683
0.0529,3515
0.239,1617
-0.233,9741
0.071,3518
0.34,2105
0.125,1712
-0.0434,6989
0.0538,3504
0.128,3361
0.0472,4408
-0.276,8965
0.199,1075
-0.0521,6927
0.0757,2337
0.126,2399
0.154,2330
-0.204,10739
-0.0411,6343
0.0488,4155
0.0115,4897
0.447,1354
-0.063,7344
-0.106,5929
-0.481,10173
0.0141,4883
0.147,2432
-0.0822,7816
0.145,1822
-0.117,8305
0.00959,5190
-0.197,10200
-0.116,7333
0.158,2515
-0.217,10508
-0.192,8484
0.617,252
0.424,1404
-0.398,10397
-0.318,9664
-0.373,9879
-1.19,10460
0.261,446
-0.0112,5779
0.0753,3231
-0.0297,6451
0.0388,4450
-0.285,9405
-0.328,9992
0.161,2325
0.0616,3669
0.103,3932
0.284,190
0.38,514
0.231,963
0.0536,3730
0.239,821
0.204,1075
0.212,778
-0.179,8434
-0.178,9054
-0.167,10264
-0.0666,7889
-0.211,9716
-0.115,7480
0.0993,3737
0.0531,4561
0.0649,1728
-0.231,9691
0.123,2754
0.6,156
-0.429,10683
0.352,523
0.37,264
-0.0593,7551
0.0144,5019
-0.315,9648
-0.0563,6375
-0.175,8471
-0.0215,6319
0.109,1374
0.456,588
-0.0577,5895
0.471,622
-0.00958,5024
0.308,2071
-0.117,9794
-0.125,7915
0.0641,3645
-0.212,6872
-0.308,4993
0.151,826
0.246,752
0.319,511
-0.0879,7809
0.156,1991
-0.0562,6059
-0.102,9492
-0.169,10434
0.222,550
-0.031,6202
-0.358,7665
-0.00577,5247
-0.0347,6110
0.0671,3365
-0.068,7086
-0.0211,5345
1.03,36
-0.151,9021
-0.0716,8101
0.0326,4056
0.541,370
0.592,486
0.134,1994
0.079,3201
-0.0562,6672
-0.173,7850
0.0345,4358
-0.135,8213
0.0641,4034
0.0195,4784
0.0164,4855
0.0882,1611
-0.209,8817
-0.201,9942
-0.141,8755
0.354,1825
-0.0776,8574
-0.0195,5818
-0.0389,6450
-0.0159,5874
0.0512,4436
0.1,2951
0.343,75
-0.0843,6895
-0.317,10557
0.353,213
-0.165,8367
0.153,504
-0.296,10898
-0.133,9857
0.197,1628
-0.0946,6565
-0.125,6811
-0.0866,7552
-0.00316,5517
0.0589,3814
-0.0139,5487
0.306,1128
0.227,1776
0.0767,2836
-0.216,10405
0.345,306
0.37,806
0.0427,4440
0.153,826
0.0889,3083
-0.0613,7243
0.0134,4896
0.264,1881
-0.0591,6372
-0.137,7764
-0.154,8395
0.0146,4693
-0.126,9762
0.282,1290
-0.0108,5281
-0.205,9211
0.111,3745
-0.109,8824
-0.0607,7912
-0.227,9094
-0.085,6851
0.0453,4128
0.196,2959
0.108,2631
0.269,595
-0.207,9843
0.156,3051
0.291,292
0.244,1407
-0.00867,5686
-0.19,9851
-0.381,10980
0.174,2487
-0.113,7196
-0.0857,6486
0.158,1835
0.0718,3073
0.256,1719
-0.0543,6414
-0.303,10006
0.331,193
0.377,155
-0.14,10093
0.216,1999
-0.141,7047
-0.12,8375
0.607,190
-0.116,8939
0.0709,2396
-0.18,8479
0.00348,4904
-0.0437,6066
-0.111,8060
0.0137,4833
0.12,967
0.034,4262
0.167,1517
0.126,3493
-0.186,10323
0.0351,3980
0.206,129
-0.169,8722
0.142,1264
0.444,237
0.287,2295
-0.0991,8543
0.0443,3767
0.174,906
0.202,1643
0.279,1697
-0.38,10923
-0.0754,7695
-0.0661,6893
0.255,581
-0.114,6124
0.414,1505
-0.0953,7443
-0.0754,7472
0.135,2450
-0.461,10904
-0.021,5690
0.0699,3535
-0.188,7243
0.178,1392
-0.318,10930
-0.189,9510
-0.0982,7609
-0.0108,5592
-0.33,10677
-0.0087,5992
-0.123,9092
-0.338,10240
-0.205,10141
0.393,374
-0.0571,6079
-0.155,9665
0.0303,4046
-0.0514,6327
0.117,3519
0.0719,3617
0.77,740
-0.113,8043
0.013,4858
0.00559,5285
0.0172,4869
-0.0474,6399
0.415,195
0.0984,2527
0.323,309
0.198,1193
0.0603,3946
0.286,1110
-0.0323,6088
0.164,1205
0.33,1173
-0.224,10621
-0.331,10621
0.0772,4081
0.0104,4840
0.00873,5335
0.0276,4414
-0.254,10035
-0.0329,6566
0.168,2760
0.0383,4521
-0.186,10256
0.527,350
0.00186,5368
-0.156,8373
-0.00673,5358
0.359,518
-0.151,8910
0.123,3066
-0.199,10361
-0.179,8752
0.162,1755
-0.156,10260
-0.0375,7169
0.156,3147
-0.143,8374
-0.357,10770
0.576,1104
-0.0483,7408
0.0319,3947
0.135,3028
0.171,1233
-0.105,6689
-0.366,9212
-0.0645,8548
-0.17,9431
0.0278,4164
0.0195,4874
0.0515,4126
-0.199,10291
-0.0464,6666
0.0377,4014
-0.113,7577
0.252,164
-0.435,9841
0.3,1062
-0.251,10566
-0.0446,6609
-0.038,5999
0.131,2576
-0.182,8928
-0.366,10023
0.0842,2795
-0.0289,5214
-0.0743,6704
0.0389,4536
-0.196,7727
-0.614,9999
-0.0181,5998
-0.0314,5855
1.25,148
0.728,377
0.252,2150
0.312,1166
0.102,2390
0.0518,3638
-0.00788,5242
0.0765,2947
-0.0733,9168
-0.249,10269
-0.0424,7018
0.147,1396
0.0556,4384
-0.132,3951
-0.281,9001
-0.573,9779
-0.195,8645
-0.0692,7246
-0.0423,6001
-0.124,7648
-0.021,6197
-0.0823,7007
0.213,780
0.17,1086
-0.0436,6438
0.25,961
0.058,4246
-0.615,9400
-0.265,10792
-0.138,9861
-0.0703,7120
-0.12,8211
0.253,1333
-0.186,7828
-0.0128,5894
0.0281,3445
0.355,1886
-0.0287,6005
-0.369,8538
0.21,2189
-0.102,8332
0.0205,4498
-0.203,6419
-0.147,7423
0.18,510
0.175,1624
0.0849,2086
0.00683,5094
0.0197,2797
0.144,2069
0.022,4434
0.262,1436
0.14,1162
-0.03,6629
0.372,665
-0.0965,6779
0.0224,4706
-0.0615,7623
-0.108,8691
-0.199,9962
0.161,3233
-0.184,6779
-0.0305,5502
0.372,779
0.0448,4238
-0.00871,5838
0.128,1383
-0.293,10476
-0.1,7782
-0.144,6742
0.441,2667
-0.149,9138
0.0646,2409
0.174,2501
0.118,3525
-0.0294,5895
-0.0631,5568
0.0176,4742
0.17,588
0.198,2125
0.294,1174
0.16,1634
-0.724,10837
0.178,1400
-0.39,10760
-0.14,10116
0.0233,4876
-0.0891,7828
-0.16,7823
0.0959,1959
-0.0645,7347
-0.0742,7030
0.167,2205
-0.277,8543
-0.0837,5427
-0.000967,5609
-0.0276,5845
-0.15,9649
0.0902,2892
0.253,1455
0.465,1118
0.0921,3294
0.268,2369
-0.227,8695
-0.096,6560
-0.0342,5785
0.777,30
-0.213,10673
-0.0695,9205
0.619,489
0.0656,2667
-0.247,8699
0.029,4607
0.147,2110
-0.158,9055
0.042,4269
0.38,603
0.144,3476
-0.151,9752
-0.299,10339
-0.0583,8517
-0.0206,5727
-0.114,7432
-0.0159,5739
0.121,2999
-0.114,8357
-0.12,8161
-0.111,7685
0.0703,3962
0.0284,3823
0.267,1060
-0.0951,8567
-0.206,10769
-0.125,8490
-0.127,7829
0.0999,3512
0.246,2147
-0.0849,7683
-0.119,9758
-0.408,10663
-0.0682,7548
-0.224,7381
0.163,1732
0.00451,5367
-0.357,10390
-0.146,9120
1.28,29
-0.00285,5359
0.157,1677
0.0078,5048
-0.133,8318
0.109,1612
-0.112,7161
-0.123,7247
0.106,1973
0.223,876
-0.397,10319
-0.0237,6179
-0.113,8083
-0.135,9061
0.147,1017
-0.158,9222
-0.0756,7969
0.0743,3801
-0.201,8814
-0.185,9055
-0.297,9980
0.112,3440
0.0724,3917
-0.182,8158
0.0221,4489
0.209,2385
-0.155,8384
-0.209,9630
0.339,402
0.0368,4632
-0.529,9606
-0.0952,7200
-0.134,8801
0.165,1683
0.524,1894
-0.188,7987
0.127,3486
0.393,1806
1.23,317
-0.173,7592
-0.127,8936
-0.37,10095
-0.52,10975
0.117,1328
-0.119,9648
0.0319,4521
0.00804,5037
-0.396,9527
-0.0615,7215
0.0514,2637
0.055,3245
-0.058,6533
0.0846,2818
0.233,792
-0.323,10406
0.121,2614
-0.105,9269
0.159,3137
0.218,686
-0.0302,6650
-0.325,9405
-0.0394,6118
-0.0518,7610
0.338,1590
0.246,1226
-0.184,8948
0.4,212
-0.368,10985
-0.374,10808
-0.111,6900
-0.0564,7171
-0.196,9508
-0.0895,6199
-0.108,8882
0.11,2739
-0.253,8707
-0.351,9892
-0.189,8640
0.191,2125
-0.134,10018
0.264,740
0.0428,4569
0.178,2454
0.126,2796
0.00694,5528
0.0264,4512
-0.0338,6907
-0.0218,6024
0.419,720
-0.299,7543
-0.04,6021
-0.0451,6511
-0.125,10214
-0.146,8776
-0.461,10413
0.071,4194
-0.032,5958
0.219,508
-0.00178,5388
-0.117,8306
-0.0272,5928
0.234,1640
0.0214,4677
-0.143,9872
-0.0702,7029
0.242,1313
-0.00919,5550
-0.582,10951
0.111,3382
-0.202,10408
0.0192,4739
0.0748,3864
-0.289,10967
0.0644,3543
0.00488,5141
-0.0176,5607
0.0861,3002
-0.106,7454
0.0375,3638
-0.135,8976
-0.357,10872
-0.115,9504
0.324,292
-0.0799,7972
-0.0407,7007
-0.0374,6339
0.285,903
-0.0631,7448
0.07,3219
-0.275,10296
-0.298,9816
0.154,2683
-0.215,10446
0.561,185
0.357,637
0.0933,3064
-0.126,7657
-0.13,8261
-0.278,6796
-0.0367,6627
-0.135,10318
-0.0319,6776
0.25,2078
0.118,2083
0.222,2587
0.142,832
0.0463,3857
-0.207,10214
-0.156,8487
-0.24,7854
0.286,1310
-0.0321,6771
0.198,405
0.0449,4112
-0.133,8867
-0.179,8332
0.172,2250
0.00254,5163
0.104,1900
0.0459,4110
-0.0298,6162
-0.239,10328
-0.12,9253
-0.411,10421
0.728,25
-0.452,10999
-0.0156,5658
-0.483,8393
-0.139,5595
0.0859,2716
0.0585,2490
-0.126,7434
0.241,2358
-0.0367,6614
0.565,618
-0.0355,5951
-0.0516,7260
-0.229,8981
0.194,1049
-0.248,9966
-0.554,10958
0.462,964
0.138,2947
-0.135,8069
0.41,884
0.246,561
-0.0479,6324
-0.0442,7724
-0.0977,9264
-0.144,8012
-0.266,10614
0.189,1647
-0.237,10446
0.0846,1789
-0.00913,5735
0.15,1418
-0.106,7797
0.0547,4238
0.0453,3993
0.0501,3754
-0.0836,8059
0.29,196
-0.0911,7757
0.116,922
-0.467,9639
-0.183,9995
-0.0747,7266
-0.25,9172
-0.0619,5527
0.0298,4491
-0.151,8567
0.122,1525
0.1,1571
-0.449,10775
-0.271,10889
0.0754,3504
-0.233,10480
-0.0308,5854
0.141,2179
-0.0434,6993
-0.2,9901
0.00836,5321
-0.219,10239
-0.0668,7677
0.0672,3216
0.335,250
0.215,1779
0.147,3371
-0.28,6880
-0.0202,6140
-0.202,10647
0.226,960
-0.144,9067
-0.135,7855
-0.593,11024
-0.196,10074
-0.155,10014
-0.107,8055
0.0832,3288
-0.22,8457
0.263,1381
0.147,998
0.202,609
0.0646,3601
-0.013,5946
1,249
0.0729,2618
0.0308,4354
0.398,502
0.0987,2317
-0.216,8195
0.702,4
-0.0338,5924
-0.0778,7032
-0.0132,5824
0.325,561
0.133,3447
0.133,2255
-0.313,5321
0.191,756
0.145,1137
0.132,3204
0.0293,3844
0.34,309
-0.00611,5165
-0.161,8860
-0.07,7422
-0.141,7699
0.369,682
-0.226,8914
0.0992,3022
-0.0485,7579
-0.0668,7076
-0.244,8678
0.126,3424
0.3,1651
0.203,837
0.248,101
0.0886,1371
-0.00818,5498
-0.211,7596
-0.00332,5306
0.139,2438
-0.279,7324
-0.115,10099
0.483,331
-0.261,10292
-0.0834,6400
0.254,465
-0.215,8059
-0.0387,7005
-0.289,10825
0.537,378
0.762,1232
0.0015,5356
-0.112,8948
0.184,1769
0.101,3356
0.164,2712
0.0825,4119
-0.445,9514
-0.0803,8062
-0.0198,5864
-0.0964,6740
-0.138,8889
0.298,802
0.102,2164
-0.0947,8396
0.0804,2685
-0.195,9243
-0.000647,5045
0.00189,5019
-0.254,9441
0.0489,3778
-0.12,9087
-0.245,8541
0.103,2797
0.052,4107
0.0323,4357
-0.147,9865
-0.451,10901
0.0507,3918
-0.0737,6858
0.101,3122
-0.0127,5586
0.0841,3334
0.35,584
-0.145,7614
0.0819,1587
-0.00668,5372
0.185,985
0.0204,4741
-0.162,10300
-0.252,9323
-0.0905,8574
0.0282,4543
0.0582,3787
0.0725,2681
0.17,500
-0.126,7446
-0.0921,7258
0.114,2568
0.102,3379
-0.0479,6282
0.00707,5074
0.25,2245
-0.0391,4953
-0.129,8250
-0.0556,6399
-0.269,10358
0.179,678
-0.00572,5012
0.125,3605
-0.0853,8357
0.00438,4833
-0.109,8007
-0.0317,6792
0.304,569
-0.804,10427
-0.156,8205
-0.115,6415
-0.0165,6477
0.233,924
0.352,422
0.362,583
0.0858,3481
0.0135,4997
-0.317,10946
0.23,1144
0.0877,3528
-0.104,7883
0.119,2888
0.32,623
0.0955,2560
-0.426,10782
-0.169,8152
0.125,2655
-0.107,7135
-0.565,10393
-0.0468,6602
-0.0624,7959
-0.00294,5265
0.321,1099
-0.127,8704
-0.204,9711
0.0285,4761
0.476,1735
-0.191,10676
-0.229,9947
-0.162,10541
-0.0548,6472
-0.256,10635
0.0997,1820
0.0446,4304
0.112,2962
-0.11,7957
0.108,3646
-0.173,9677
0.191,2777
-0.307,7015
0.155,2964
-0.08,7419
0.0797,3937
-0.103,8070
-0.235,8653
0.25,2087
-0.175,8937
-0.332,10396
0.036,4057
0.0225,4248
0.112,1518
0.0868,3038
0.0227,4547
-0.372,9477
-0.0567,8379
-0.0331,6523
0.058,2351
-0.272,9919
0.064,4082
-0.864,9370
0.0227,4648
0.0349,4119
0.0329,4921
0.17,2392
0.286,90
-0.505,10412
0.181,2834
-0.0686,7298
0.126,2512
0.0503,3992
-0.331,10506
0.177,1669
-0.0301,5617
-0.109,9514
-0.0206,6367
-0.157,8960
-0.211,10359
-0.0991,7626
-0.398,10855
-0.0777,7771
-0.121,6981
-0.062,7221
-0.275,10566
-0.266,8969
-0.336,10665
-0.0431,7092
0.146,2639
-0.243,9668
0.198,1495
-0.0757,6750
-0.27,8063
0.142,2358
0.158,362
-0.104,8911
-0.117,9201
0.0461,4230
-0.0475,6516
0.111,2488
-0.153,8995
-0.0733,6157
0.0577,4248
0.03,4556
-0.642,10903
0.0216,4895
0.0793,1061
-0.108,7883
-0.188,10253
0.0536,4265
-0.126,9636
0.00594,5435
-0.0883,7926
-0.234,9301
-0.0661,7545
-0.288,10363
0.0274,4430
-0.0318,6371
-0.00641,5749
0.0788,3829
0.36,373
0.211,1303
-0.0919,7194
-0.391,10501
-0.104,7284
-0.048,6402
0.0372,4634
0.132,2693
0.27,1885
-0.124,9927
-0.0285,6054
-0.0269,6101
-0.167,7315
0.169,2328
-0.256,6805
-0.0305,6246
-0.0121,5418
-0.336,10295
-0.17,8979
-0.201,10342
0.00563,4917
-0.0346,6309
-0.0294,6801
-0.212,9020
-0.0749,6575
0.103,3478
-0.334,8961
-0.0666,7348
-0.0905,6870
-0.181,9529
0.0147,4935
-0.0478,5029
0.048,4247
-0.238,10619
0.0249,4644
0.319,1436
0.276,904
-0.152,9276
-0.275,8505
0.239,346
0.0896,1800
0.19,2233
-0.114,8105
0.314,458
0.724,27
-0.028,6032
0.0132,4835
-0.277,10770
0.252,669
-0.0536,7192
-0.0242,6144
0.0448,4257
-0.0541,6982
0.187,2284
-0.02,5786
-0.0486,7304
-0.114,6351
-0.133,9859
0.0258,4640
-0.179,8510
-0.037,6931
1.19,103
0.172,2372
0.0943,2424
0.253,401
-0.211,7315
-0.352,10242
-0.0389,5897
0.0314,3809
0.0906,2104
0.171,1947
0.0198,4819
0.0214,4641
0.0329,4611
-0.0487,6474
0.246,1690
-0.0506,6810
0.0227,4887
-0.234,8671
0.0899,3418
0.0555,4071
0.193,1805
-0.473,10512
-0.205,8579
0.064,4030
-0.0855,6601
0.414,573
-0.219,8826
0.195,2866
0.497,1534
-0.648,10082
-0.089,7618
-0.00913,5698
-0.179,10691
0.0239,4863
0.0959,2499
0.413,654
0.251,1211
0.0703,3443
-0.00681,5502
-0.274,9558
0.00275,5087
-0.0976,7919
0.235,604
0.232,1814
-0.0525,5965
-0.184,9356
0.117,2112
-0.198,7852
0.104,2362
0.27,683
-0.0374,8425
0.00182,4975
0.135,2814
-0.0979,7130
0.125,2631
0.229,521
0.0552,3753
-0.0388,6398
-0.0817,8166
0.0469,4278
-0.343,10531
0.0474,3633
-0.0804,7589
-0.508,8489
-0.558,11028
-0.344,10309
-0.0438,7088
0.0301,4556
-0.223,10480
0.339,553
-0.0215,5847
0.0694,4523
-0.295,8219
0.15,507
0.0593,3647
-0.233,10019
-0.145,7461
-0.385,9581
0.383,2362
-0.328,10490
0.459,140
0.00848,5075
0.117,3537
-0.0779,8014
0.339,627
0.192,1101
-0.164,8119
-0.0802,7640
-0.212,9070
-0.129,7391
0.0953,3237
0.193,1445
-0.128,9537
-0.0124,5374
-0.323,9724
0.812,1
-0.12,7844
-0.0457,7479
0.36,221
-0.00837,5701
0.0955,3427
0.0705,4208
-0.0557,5848
-0.0312,6297
0.148,867
-0.054,6646
-0.0325,5928
0.403,144
-0.128,6321
-0.0517,6665
-0.248,10308
0.0424,4277
0.162,1577
0.0963,2646
0.0412,3875
0.0982,3007
-0.117,7841
-0.01,5048
0.0709,3896
0.0725,3615
-0.122,7145
0.171,1598
-0.12,7683
0.319,1776
0.0127,5270
-0.0564,6116
-0.163,7332
0.00133,5394
0.114,2632
0.0306,4824
0.153,1561
-0.0765,7712
0.286,2187
0.188,1131
0.0888,2239
-0.749,10180
0.203,1418
0.0663,3853
0.34,391
0.0835,2945
-0.12,7874
-0.0209,6062
0.0938,3850
0.369,121
0.00857,4914
-0.203,10652
0.0991,1663
0.0435,4051
-0.0397,6389
-0.18,7713
0.0596,4270
0.0215,4630
-0.146,9284
-0.0312,6239
-0.403,10938
0.0419,4578
-0.032,6713
0.0238,4644
-0.214,10548
-0.424,9392
-0.038,8710
-0.0591,9002
-0.173,9812
0.29,501
4.96,84
0.234,1521
-0.101,10311
-0.0394,7931
-1.11,10176
0.34,2867
-0.0171,6058
-0.108,9083
0.0518,4138
-0.153,8715
-0.0183,5444
0.314,994
0.521,62
0.0244,4627
-0.138,8661
0.438,1282
-0.133,8515
0.123,2997
-0.329,10765
-0.0925,9145
-0.101,8648
0.0775,3384
0.456,673
-0.16,7870
-0.343,10640
-0.305,10661
0.109,1462
0.204,627
-0.212,9069
-0.601,10561
-0.311,9709
0.107,2332
0.0197,4979
-0.117,9151
-0.283,10897
0.129,2530
-0.00757,4772
0.204,1514
0.205,628
-0.00101,5376
0.448,77
-0.106,8642
0.126,4009
0.0392,4056
-0.111,8033
-0.247,10078
-0.0608,7238
0.198,2717
0.2,921
-0.146,10136
-0.268,10741
-0.169,9429
-0.0339,5851
0.0134,4896
-0.239,10287
-0.188,9790
-0.0857,9752
0.312,662
0.208,846
-0.000104,5016
0.127,1862
0.0827,1711
0.12,1773
0.0106,5126
0.0415,4418
-0.236,10776
-0.0472,5895
-0.00494,5564
0.0618,3136
-0.0226,6024
-0.292,10194
-0.134,8557
-0.0477,6430
-0.318,9995
0.0529,3473
0.262,1624
0.153,1698
0.405,999
0.0433,4420
-0.0875,8038
0.647,134
0.0479,3695
0.0915,3213
-0.0334,6044
0.169,2714
0.0752,3505
-0.0521,7661
-0.0238,5973
-0.316,10643
0.198,1196
0.015,4783
-0.0993,9659
0.06,3300
-0.0885,7806
-0.735,11019
0.442,2866
0.312,720
0.0573,3187
0.141,2190
0.135,2109
-0.0406,6430
0.152,2679
0.0552,4216
-0.2,9773
-0.171,9388
-0.331,8119
-0.207,5603
0.31,1621
0.0563,4581
-0.0621,6184
0.0163,5022
-0.117,9193
0.0214,4838
-0.142,7030
-0.28,10415
-0.144,10390
0.0194,4879
0.202,936
-0.0678,6183
-0.12,8938
-0.0679,6011
-0.233,10441
-0.0704,7762
0.195,557
-0.118,6303
0.227,2061
0.0781,2623
-0.0876,7788
-0.0512,7071
0.196,1528
-0.366,9911
0.0326,4879
-0.268,10264
-0.278,10632
0.367,195
0.0234,4656
-0.138,8470
0.408,720
-0.259,9146
0.187,1266
0.0249,4926
-0.0282,5926
-0.152,8622
0.911,197
-0.0136,5769
-0.0788,7578
-0.107,9268
0.0222,4746
0.146,1222
0.0136,4958
0.137,2647
-0.0396,6234
-0.208,10741
-0.0529,6755
0.276,2192
0.21,872
0.0731,2718
-0.187,9790
-0.0705,7245
-0.112,7836
-0.493,7247
-0.512,10855
0.0956,2362
0.149,735
0.0541,4141
0.076,4132
-0.069,7026
-0.1,8828
-0.0475,7031
-0.136,9421
0.0396,4022
0.403,1542
-0.0545,5685
-0.0945,8209
-0.0955,8266
0.104,2730
-0.0714,7050
0.127,3024
0.13,3077
-1.97e-05,5171
-0.471,10732
0.105,2991
0.0742,3545
-0.0255,5219
0.222,1573
-0.0522,7369
-0.235,10802
-0.115,8957
0.0306,4442
-0.0252,5421
0.364,689
0.113,2934
-0.291,10812
-0.12,7805
0.0185,4569
0.597,215
0.191,2733
-0.123,8855
-0.0832,7635
-0.277,9504
0.258,913
0.14,2763
0.173,1630
-0.046,6599
-0.119,9302
-0.173,8598
0.964,261
1.08,23
-0.0822,6718
0.125,1390
0.00617,5146
-0.0353,6309
-0.194,8716
-0.209,9993
0.0256,4903
-0.0562,7591
-0.0514,6346
0.17,1842
-0.153,9211
-0.0804,7360
-0.145,8903
0.153,1879
-0.0689,6719
0.0409,4341
0.123,3000
0.0695,3868
-0.186,9165
0.182,674
-0.0484,8185
-0.186,8756
0.357,285
0.00858,5052
0.0469,4088
0.135,2108
0.264,981
0.0246,4366
-0.124,8792
-0.0446,6311
-0.1,8939
-0.0244,6950
0.0859,3720
0.0294,4351
-0.437,10198
-0.0693,7054
0.0147,5010
0.0111,4741
-0.0997,7766
-0.105,7624
-0.14,8807
0.153,3367
-0.112,9124
0.342,63
-0.311,11002
0.507,489
0.8,1195
0.366,1464
-0.28,10459
0.0081,4750
0.105,3128
0.124,1792
-0.0482,5835
-0.248,9433
0.0892,2813
-0.021,6384
-0.235,10540
-0.425,11010
-0.0544,7365
0.0249,4388
0.137,1441
0.0801,2978
0.0912,3724
0.0276,4782
-0.113,7773
-0.121,6885
0.127,2644
-0.183,8891
1,518
-0.213,8290
-0.102,5611
0.221,2417
0.149,2078
-0.0167,6154
-0.143,9162
-0.239,10401
0.0858,3900
2.34,542
0.0136,4610
0.216,2580
0.304,1018
0.364,737
0.443,374
-0.0168,5671
-0.144,9484
0.343,221
0.155,1425
-0.493,9090
-0.0333,6039
-0.114,8371
0.113,2644
0.177,1446
0.237,2116
0.0885,3305
-0.146,6400
0.415,1775
0.0175,4577
-0.0597,8513
-0.355,10939
0.07,3445
-0.277,7652
-0.29,10765
-0.0266,6088
0.0547,3961
0.164,1782
0.0968,3491
-0.024,5426
-0.0449,6600
-0.108,8801
0.107,1941
0.0128,4898
-0.251,9826
-0.0438,7454
0.1,2824
0.0499,2989
-0.204,9573
-0.169,8101
-0.111,8536
-0.0684,7069
-0.169,9129
0.0971,1475
-0.000353,5158
0.0326,4539
-0.101,8467
-0.287,7217
0.114,3475
0.205,457
-0.112,8081
-0.178,9571
-0.222,8402
-0.202,10565
-0.558,9647
-0.0807,9343
-0.0475,8085
-0.125,7286
0.106,3697
0.0413,4196
-0.122,7877
0.0413,4292
-0.00953,5688
0.0374,4173
-0.0508,6327
0.135,3262
-0.0802,7480
0.0686,2342
-0.0486,6029
0.173,2375
-0.0417,7159
0.284,1282
0.281,1527
0.0239,4579
-0.146,9792
-0.148,8333
-0.024,5475
0.0735,4384
-0.441,8860
0.147,1323
-0.00223,5723
-0.162,9132
0.0731,3826
-0.0932,6047
0.447,81
0.129,2103
-0.0727,8044
0.159,2906
-0.172,8824
-0.211,10340
0.231,641
-0.0894,9443
0.0591,3132
-0.324,10039
-0.064,7557
-0.2,8589
0.13,2808
-0.027,6300
-0.0389,5807
-0.244,9080
-0.00251,4926
-0.199,10026
-0.256,9030
0.00678,5093
-0.0954,7385
-0.0277,6000
-0.0736,8413
0.111,1923
-0.0303,6255
0.0133,5223
0.0883,2636
0.608,141
-0.218,10311
-0.0839,8056
0.21,1237
-0.255,10064
0.2,1445
-0.255,9365
0.181,290
-0.0951,9025
-0.0105,5755
-0.148,8070
-0.12,7891
-0.031,6291
0.0449,4218
0.0178,4867
0.368,209
-0.374,10277
-0.109,7749
-0.0554,6350
-0.0846,8001
0.216,1130
0.231,871
0.184,1283
0.243,2235
-0.0667,7885
0.0725,3563
0.0299,4703
0.00131,5102
-0.0825,7396
-0.579,11015
-0.28,9011
0.0173,4851
-0.103,9674
0.0683,3731
-0.214,10467
-0.146,8007
0.112,3387
-0.148,9740
0.146,1348
-0.0241,5616
0.416,539
-0.0215,5337
0.36,1439
-0.118,9392
-0.00386,5276
-0.0258,6921
0.611,257
-0.137,7586
1.07,27
-0.269,10423
0.0752,2640
-0.0419,7036
0.172,521
0.0737,3518
-0.0831,8448
0.0986,2429
0.0666,3663
-0.084,7425
-0.121,8395
-0.0588,7182
0.0124,4995
-0.0918,9182
0.164,1907
0.197,1644
-0.1,7621
0.135,2853
-0.0562,7221
-0.231,9425
-0.0191,6078
0.326,501
0.63,2
-0.406,10428
-0.188,8881
-0.147,8370
-0.132,8576
-0.356,10980
0.249,2168
-0.0985,6259
0.0996,1314
0.0256,4836
0.0537,4427
-0.222,9427
0.0413,4416
0.0532,3596
0.0896,3480
-0.029,5767
0.301,1425
-0.0272,5811
-0.256,9318
0.345,781
-0.236,10259
-0.176,10480
0.143,2017
-0.235,9851
-0.137,7439
-0.125,7587
0.0103,5047
0.0836,3438
0.0929,2762
0.244,770
-0.148,9068
0.373,236
0.0125,4964
-0.000245,5201
0.754,571
0.122,3305
-0.258,10298
-0.0504,6811
0.146,438
0.24,880
-0.0745,7188
-0.123,8715
-0.251,10281
-0.155,8666
-0.146,7936
0.000639,5231
0.24,706
-0.0692,6864
-0.0176,5635
-0.188,9032
-0.343,10682
-0.134,8774
0.0552,4118
-0.264,10473
-0.291,10162
-0.303,7418
0.091,2338
0.109,1024
-0.162,9472
-0.218,9241
-0.239,10746
-0.467,7330
0.0332,3928
-0.172,10408
0.000635,5259
-0.232,8698
-0.422,9918
0.0873,3593
-0.0613,6995
-0.231,10223
-0.115,7668
0.0713,3809
-0.0236,6022
-0.38,7624
0.137,2545
-0.134,9034
0.182,1575
-0.125,7921
-0.103,7434
-0.0551,5633
0.0242,4253
-0.222,10738
-0.0429,6656
0.112,2445
0.0815,3084
-0.133,6411
-0.0353,6260
0.0113,5035
-0.555,9387
0.193,1128
-0.215,9916
0.115,1746
0.111,1540
-0.135,10252
-0.42,10848
0.143,1910
0.156,2322
-0.11,8020
-0.161,10230
0.0271,3981
-0.132,8967
-0.283,10343
0.402,551
0.101,3919
-0.201,9251
-0.0739,8130
0.239,1494
-0.534,10658
0.175,1725
-0.236,9904
-0.0762,8073
0.102,3302
-0.0846,6611
-0.0463,6627
-0.0933,6323
-0.0504,6475
-0.0579,8774
0.169,938
0.0275,4641
0.101,3129
-0.286,9153
0.166,2430
0.00499,4962
0.00781,4952
-0.153,9597
0.387,384
0.183,2335
0.0232,4959
0.294,25
0.0676,2647
-0.394,9780
0.121,1859
-0.0203,6009
0.133,3742
-0.0584,7213
0.285,564
0.0208,4652
-0.0733,6161
-0.0845,6663
-0.228,7754
0.0164,4850
0.0647,3534
0.00303,5253
-0.332,10232
0.157,1628
0.473,989
0.179,977
0.00216,5673
0.253,1600
-0.0336,6116
-0.104,6066
0.00185,5456
0.0683,2384
-0.0557,6984
-0.536,10915
0.444,562
-0.388,9289
-0.0698,6177
-0.0197,5613
-0.311,9711
-0.00485,5394
0.0726,3107
-0.127,9280
-0.223,8750
-0.0314,6915
0.0348,4361
0.212,1590
0.355,177
-0.429,7460
0.426,2196
-0.139,9108
-0.0609,7184
-0.0238,5875
0.503,569
-0.295,10589
-0.0254,5400
-0.249,10355
0.214,965
-0.268,10372
-0.0422,4630
0.163,2104
-0.0724,5814
-0.0464,7934
-0.284,10345
0.395,249
-0.401,10718
0.0399,4068
0.041,4396
0.216,696
0.201,1941
-0.219,9520
-0.0678,6860
-0.0355,6188
-0.345,9787
-0.0364,6811
0.0864,3125
-0.343,10894
0.00199,5330
0.055,4274
-0.126,8155
0.073,2546
0.0396,4044
-0.113,8557
-0.213,10428
-0.17,7792
-0.101,7415
0.0334,4306
0.0639,3489
0.221,1955
0.133,2684
-0.0431,7531
0.153,3504
0.114,1516
0.017,4429
-0.024,6213
0.109,1857
-0.126,8243
0.324,239
-0.0953,6898
0.00322,5137
-0.108,9004
0.0634,4326
-0.235,9229
-0.217,7150
-0.461,8823
0.0433,3124
0.0225,4416
0.24,1660
0.289,168
-0.0312,5858
0.522,1100
-0.115,9273
-0.0511,8754
-0.168,6316
0.0206,4363
-0.515,9438
0.477,774
0.77,308
-0.113,9696
-0.00418,5317
-0.13,7834
-0.153,9466
0.184,148
0.0455,4005
-0.0419,6222
-0.193,8611
-0.216,9133
0.163,2255
0.102,3215
-0.0335,6751
-0.000154,5047
-0.12,7134
-0.551,10358
0.0214,4842
-0.168,9657
0.0495,4209
0.0198,4781
-0.071,6580
-0.429,10886
-0.349,9242
0.216,1532
0.176,1095
-0.416,11032
-0.55,9103
0.0358,4794
0.138,3565
0.22,2006
-0.148,10065
0.0011,5381
0.0499,4504
0.109,3864
-0.382,7134
-0.108,6011
-0.083,8165
-0.566,8413
0.595,927
-0.239,9204
-0.285,10680
0.0366,4850
0.229,1351
0.233,1391
-0.265,10398
0.398,335
-0.0629,7395
-0.229,10551
0.644,121
-0.127,8220
-0.027,6652
-0.373,9943
0.0551,4369
0.11,3047
0.137,1092
-0.529,10678
-0.021,6023
0.0129,4887
-0.24,8704
-0.129,8702
0.221,373
0.18,1409
0.172,1349
0.0939,3237
-0.0137,6051
-0.206,10818
-0.0388,5861
0.327,1288
-0.322,8874
0.234,779
0.43,628
0.146,370
1.29,203
-0.514,10012
-0.284,9522
0.0505,4087
0.109,2671
0.0737,3123
0.121,2363
-0.224,10117
0.252,748
0.0167,4774
-0.265,11007
0.179,1367
0.0615,3711
-0.0599,6777
0.366,633
-0.139,7459
-0.0356,7046
-0.00393,5526
0.543,607
2.7,5
-0.412,8171
-0.131,8854
-0.0552,6876
-0.0735,7169
0.132,3047
-0.281,10653
0.0584,3809
-0.0401,6401
0.249,175
0.452,1272
-0.0308,5859
0.461,971
0.0586,3978
-0.248,10884
0.257,598
0.484,399
-0.0105,5535
-0.0265,5069
0.258,2013
-0.237,10926
-0.199,9145
0.17,1873
0.691,4
0.141,2112
-0.192,10270
0.0768,2999
-0.0393,6488
-0.351,10077
-0.229,9036
0.0638,3737
-0.326,7665
-0.0933,8726
0.272,1573
-0.35,10130
-0.159,9417
0.135,2831
-0.0842,8826
0.312,1459
-0.179,8672
-0.369,10853
0.0366,4354
0.0766,3361
0.0854,2567
0.00894,4790
-0.0132,6085
-0.0997,7934
0.13,2626
-0.353,10630
0.195,3598
-0.0757,7738
0.0607,3233
0.0913,3098
-0.0616,7391
0.127,3440
-0.169,6884
0.014,4988
0.0917,967
-0.292,9645
0.127,2310
0.142,2576
0.0475,3856
0.43,191
-0.0898,7623
-0.175,8707
0.0301,4575
0.0498,3753
0.399,329
0.00423,4844
-0.111,9650
0.35,208
0.0417,3944
0.0224,4798
-0.0475,7015
-0.325,8665
-0.21,10269
-0.247,9663
-0.132,7635
0.0712,3237
0.322,1154
0.0356,4025
-0.0784,7704
-0.156,9010
0.127,3126
-0.0683,6599
0.0312,4601
0.0884,2480
-0.114,8424
-0.421,10928
0.00284,5337
1.21,585
-0.0426,6843
0.0331,4581
-0.0726,8099
-0.0691,7526
-0.0591,6926
-0.000128,5358
0.439,1678
-0.078,7512
-0.00722,5545
0.0651,2927
-0.24,10121
0.368,443
-0.0301,6187
-0.00194,5504
0.184,421
0.179,2670
0.147,3070
-0.0312,5585
-0.27,9547
-0.0564,7232
-0.00346,5114
0.229,2427
0.3,680
-0.474,10581
0.0191,4829
-0.00904,5489
0.0425,4130
-0.269,9592
0.0352,4533
0.189,3129
-0.135,8028
-0.0865,7003
-0.0207,6207
0.157,1906
-0.0186,5672
0.00255,5304
-0.175,9900
-0.0372,5988
0.189,1833
-0.0622,7824
-0.209,8833
0.0888,2104
-0.287,10525
-0.0332,6474
0.0138,4982
-0.0372,5889
-0.159,7098
-0.289,8997
0.151,704
-0.193,10038
0.757,1360
-0.0136,5230
0.111,3272
-0.205,10525
-0.105,8439
0.0945,1592
0.0434,3569
0.203,605
0.144,2409
-0.156,10070
0.0784,2535
-0.173,10044
-0.0173,5765
0.308,144
0.216,1832
-0.0591,7613
0.188,642
0.0616,2890
-0.0261,5737
-0.046,6949
0.337,1594
-0.0113,5200
0.195,1753
0.0111,5080
-0.079,8103
-0.0862,7538
-0.00197,5241
0.281,1241
0.105,3024
0.0158,4419
-0.0426,6566
-0.0132,5348
0.1,1788
0.0213,4647
-0.181,10308
0.0914,1397
0.194,1186
0.167,2293
0.0315,4540
-0.0985,6531
-0.127,8738
-0.0343,6889
0.025,4514
-0.105,8036
-0.158,8180
0.156,3484
0.247,481
0.222,1021
0.35,2238
-0.0774,7217
-0.201,9227
-0.0103,5773
0.474,144
0.1,2962
-0.0373,5708
0.0823,3420
0.271,2650
-0.194,7820
-0.00483,5485
0.0444,2806
0.18,1099
-0.0778,7503
0.0871,1903
-0.266,9920
0.246,260
-0.108,8868
0.0418,4304
0.269,285
-0.222,7623
-0.121,7922
0.0471,3845
0.168,233
0.01,4957
0.116,2119
-0.115,6975
0.0729,2682
0.0448,3669
-0.0205,5785
0.299,1433
-0.0255,5853
0.427,333
0.0677,3466
-0.885,10173
0.134,1152
0.115,2698
-0.313,10740
0.442,666
-0.0877,8107
-0.122,9278
-0.106,7619
0.284,2747
0.468,246
0.386,138
-0.0785,6893
0.0672,3529
0.187,2023
0.117,1558
0.029,4472
0.0861,2529
-0.302,8266
0.0369,2774
0.168,1035
0.145,1411
-0.0786,7246
0.227,2274
0.205,1213
-0.153,8727
-0.25,10891
0.0895,2607
0.149,2198
-0.0372,6092
-0.0784,6318
0.211,2054
-0.0478,6880
-0.191,8722
-0.14,8687
0.228,2231
0.00721,5336
0.018,4857
0.136,2056
-0.221,10423
-0.198,9361
0.347,827
0.0365,4222
-0.168,8105
0.189,1484
-0.183,9410
0.0882,3626
-0.232,10695
-0.0789,8360
0.068,2926
-0.334,10628
0.465,263
0.0827,4243
-0.346,10199
-0.256,9360
0.0778,2208
-0.0868,8428
0.0401,4337
0.116,3106
-0.0389,5210
-0.323,8882
-0.031,7070
-0.256,10019
-0.101,6788
-0.142,8404
0.846,607
0.00547,5278
0.035,4049
-0.26,10993
0.0815,4226
0.0452,3956
-0.115,6681
-0.0254,5437
-0.354,10864
-0.145,7583
0.137,1862
0.177,2372
0.012,5112
-0.278,8666
0.0567,2628
-0.0987,9591
-0.0509,6895
-0.231,9172
-0.309,10092
0.631,249
-0.00202,5150
-0.138,10014
-0.171,9835
0.102,1876
-0.0692,6454
-0.186,9347
-0.104,10482
-0.114,7808
-0.219,8479
-0.146,9165
0.128,2633
0.429,529
0.373,315
0.0535,1220
-0.389,10943
0.112,3524
0.122,3450
-0.038,6388
0.0758,2406
0.251,853
0.808,1372
-0.255,10473
-0.525,10881
-0.186,10073
0.312,179
-0.0459,6457
0.0558,3814
0.0226,5093
-0.0128,5594
0.233,650
-0.0895,8767
-0.0186,6503
0.347,1230
0.0874,2946
-0.28,9013
0.0702,3406
-0.191,9671
-0.124,8718
0.0466,3666
0.323,994
-0.0536,7483
-0.0929,6400
-0.0613,9183
0.111,1894
0.823,20
-0.00379,5357
-0.134,8221
-0.0432,6548
0.0866,2479
-0.065,7907
-0.163,8299
-0.141,7749
0.0642,2987
-0.174,9218
-0.0154,6229
0.212,617
0.169,2410
0.483,11
-0.245,6649
-0.162,8253
-0.0355,5942
-0.0371,7458
0.533,174
-0.159,8894
0.0774,3460
0.0947,3181
0.147,1772
0.122,2208
0.117,3123
-0.398,9363
-0.00309,5448
-0.116,7952
0.0282,4443
-0.423,10918
-0.119,5492
-0.0663,6473
-0.232,9010
-0.132,7710
-0.0344,7839
-0.0177,5812
-0.195,8950
0.145,1814
-0.432,11014
0.0213,4764
0.0349,3762
-0.0903,8607
-0.395,10644
-0.0901,6763
0.157,2569
-0.155,8644
0.0738,2456
0.272,554
-0.109,7553
-0.14,7903
-0.00861,5753
0.109,3140
-0.153,9617
-0.271,10946
0.392,1535
0.0876,3776
-1.04,10154
-0.295,9499
-0.111,8695
0.0477,3780
0.199,2228
-0.384,10581
-0.0373,6572
-0.0306,6309
-0.233,10683
-0.157,9565
-0.6,8740
-0.0987,7277
-0.093,8892
0.178,2517
-0.073,6534
0.0407,4239
0.203,2987
0.272,1809
0.146,2249
0.0319,4654
0.189,2462
-0.0814,8688
-0.253,7130
-0.0673,7867
0.0951,3971
-0.332,11009
0.0907,2640
0.0664,3756
-0.216,9014
-0.194,8297
-0.432,9736
-0.137,7761
-0.297,9697
-0.193,8944
0.225,1746
-0.478,10880
-0.628,8324
-0.0342,6195
-0.0221,6237
0.393,558
0.151,3182
0.962,272
0.554,423
0.0539,3673
-0.212,9587
-0.206,10477
0.164,2854
-0.13,8142
-0.302,7146
-0.138,6910
-0.0594,7605
-0.125,8526
-0.0173,5645
0.0785,2535
0.373,1913
-0.264,10108
-0.0493,7302
-0.0143,5926
0.823,474
-0.106,7116
-0.387,7569
-0.102,7067
-0.199,10198
-0.052,7845
-0.138,8030
-0.353,10999
-0.363,10194
0.000441,5303
0.0333,4609
-0.0344,6557
-0.442,10612
-0.131,8198
-0.151,8205
0.216,1542
0.199,815
-0.0391,6856
-0.0366,5940
0.2,2127
-0.0414,5313
0.0744,4067
0.0682,3191
-0.0487,7548
-0.0869,7402
0.395,2285
-0.194,7715
-0.225,9551
-0.075,7204
0.0222,4229
0.13,2493
0.31,769
-0.091,8048
-0.127,7881
-0.0372,6566
0.0111,4871
0.313,2053
-0.184,9384
0.0778,3921
0.0621,4326
-0.156,8788
-0.307,10814
0.233,564
-0.0631,8543
-0.0232,5624
-0.219,8654
-0.0404,7257
-0.00682,5298
0.127,2159
-0.332,10308
-0.113,6930
0.00128,5180
-0.0514,7291
-0.248,9975
-0.407,10999
-0.352,9917
-0.215,9482
-0.746,10311
-0.166,9331
-0.219,8896
0.0332,4513
0.797,439
0.181,2204
0.295,523
-0.171,9527
0.13,1384
0.0812,2721
0.0405,4217
0.375,1006
-0.0219,5548
-0.124,9225
-0.189,9635
-0.129,8545
0.125,1342
0.277,2392
-0.188,9072
0.253,157
-0.0114,5753
-0.34,10834
0.0512,4265
0.835,8
0.127,2394
-0.149,9484
0.136,1853
0.248,389
-0.26,10300
0.197,2233
-0.101,7077
-0.076,7593
-0.0513,7464
0.391,779
-0.588,9363
-0.18,10238
-0.0881,7564
0.247,714
0.0909,3393
0.556,74
-0.0583,7745
0.0764,3677
0.059,3320
-0.0786,8170
0.0341,3430
0.094,1374
0.197,633
-0.145,9867
0.0213,4657
0.163,1872
-0.409,10480
0.292,377
-0.166,9082
-0.107,8186
0.308,722
0.291,383
0.221,156
0.0768,4359
0.0242,4578
-0.045,7357
0.192,1450
-0.237,7438
0.314,1026
0.072,3341
-0.219,10262
0.0394,4321
-0.0467,4654
0.00432,5169
-0.241,9208
-0.09,7895
-0.0687,7878
-0.0396,5480
-0.155,8613
-0.23,9513
-0.134,7757
-0.0278,5732
0.0242,4627
0.162,2380
-0.118,8075
-0.0544,6219
-0.164,10611
-0.022,5967
0.17,2607
0.381,2564
0.366,1841
0.235,974
0.0138,4870
-0.0548,6638
-0.268,10681
-0.288,9535
-0.253,7643
0.083,3648
-0.151,9325
-0.111,9537
0.157,2780
0.0486,4163
0.0969,3536
0.249,166
0.0915,1385
0.211,1750
0.0823,3449
-0.487,11026
0.0576,3438
-0.17,10317
0.42,608
-0.166,7534
0.086,2802
-0.0932,7144
-0.0839,7691
0.0278,4647
-0.146,8661
0.143,2679
0.373,589
0.577,616
-0.18,7079
-0.0865,8082
0.18,561
0.072,3569
0.414,981
0.0329,4407
-0.232,8516
0.0253,4549
0.1,3270
-0.148,9161
0.0141,4928
0.0424,3801
0.131,1996
-0.249,10535
0.0216,4796
0.443,301
0.0288,4872
-0.184,7507
-0.0353,5491
0.0523,3593
-0.0286,6825
0.0632,3654
-0.127,7554
0.177,2172
-0.819,10804
-0.0135,5686
0.0335,4493
-0.0144,5594
-0.348,9763
0.167,2268
0.0979,3499
0.0984,540
0.118,2733
0.0685,3686
0.11,2903
-0.0533,6644
0.109,1406
-0.19,10340
-0.162,9658
-0.185,8101
0.225,2451
0.607,928
-0.0644,6487
-0.0233,6278
0.0303,4399
-0.297,10061
0.0028,5103
-0.254,9177
-0.191,7868
0.15,1723
-0.0385,6626
-0.0841,7187
-0.216,9195
1.96,606
-0.111,7875
0.0114,5198
0.153,2485
0.182,1862
0.0433,4446
-0.0604,5508
0.343,1385
0.0474,3278
0.131,2155
0.0759,3745
-0.362,10840
0.766,360
0.152,1704
-0.228,10537
-0.157,8789
0.113,3576
0.176,2080
-0.0331,5902
-0.267,10703
-0.148,10014
0.0337,4175
-0.417,10229
0.197,1165
-0.0796,7415
-0.338,8233
-0.13,9622
-0.0365,6519
0.0804,3113
-0.0763,7548
0.624,13
0.0852,4009
0.773,298
0.55,21
-0.151,7210
-0.043,6724
0.742,725
-0.103,7037
-0.0373,6708
-0.341,10548
0.0796,2974
0.124,2854
-0.443,10081
0.725,1023
-0.0716,8447
-0.0462,6835
-0.0466,6244
0.578,712
-0.13,7164
0.403,121
0.129,1097
0.0833,2663
0.191,1301
-0.249,10151
-0.249,8103
-0.064,7551
-0.235,9987
0.335,412
-0.00365,5301
-0.242,9250
0.124,2724
0.398,162
-0.00199,5223
-0.0368,6603
0.254,2259
0.0574,3511
-0.143,8730
-0.0787,7341
-0.309,10302
0.384,449
0.0422,4142
-0.119,8416
-0.0784,7605
-0.364,10296
-0.0989,8413
-0.0376,5791
0.123,2729
-0.0921,8611
-0.339,10698
-0.000569,5450
-0.0353,7321
-0.0986,9336
0.143,3125
0.136,2638
0.188,2129
-0.146,10224
-0.122,8168
0.364,374
-0.214,5450
0.163,2394
0.585,817
0.254,1944
-0.135,7088
-0.266,10910
-0.402,10747
-0.243,9431
0.129,2079
-0.245,8798
-0.0902,8074
-0.0841,10034
0.134,3503
0.0991,2908
1.99,256
-0.0858,7939
-0.114,7790
-0.0235,6132
-0.177,8578
-0.266,9631
0.0701,3566
-0.154,9045
0.116,1251
-0.0994,8664
0.172,3323
-0.392,10761
-0.336,10683
0.205,2317
-0.242,8663
0.168,1151
0.123,3273
-0.136,8023
-0.808,10020
-0.242,9274
-0.00277,5109
0.0561,3067
-0.0676,7826
0.094,2675
0.0249,4355
-0.00512,5500
-0.123,9165
-0.00497,5396
-0.144,8460
1.57,6
-0.232,8195
-0.0115,5384
-0.118,8461
0.047,3995
0.0703,3937
-0.00822,5580
0.144,1166
0.104,3381
0.142,1641
0.108,2552
-0.255,10025
-0.103,9135
-0.0683,6423
-0.0676,6110
0.138,777
0.0954,1732
0.0596,4061
0.163,1903
0.268,780
-0.086,6989
-0.0641,8465
-0.166,10408
-0.15,9326
-0.305,9527
-0.232,7730
0.128,2313
-0.0688,8181
-0.082,8333
-0.0746,6196
0.681,122
0.0115,5069
-0.237,6466
0.0428,2868
-0.00979,5702
0.00766,4878
-0.0695,7516
-0.32,8024
0.153,2086
0.0637,3059
0.0909,1920
0.284,1569
0.0575,2897
0.0137,4626
0.29,820
0.36,651
-0.118,9568
0.292,729
-0.55,10508
-0.0069,5280
-0.33,7670
-0.0442,6593
-0.0408,6795
-0.103,7350
-0.151,7912
0.139,2512
-0.218,7567
0.114,2229
-0.0523,6773
-0.612,9930
-0.535,7039
0.306,212
-0.209,9353
0.156,2912
0.196,3010
-0.00822,5408
-0.204,10346
0.0898,2870
-0.377,10562
0.413,1270
0.0211,4782
-0.097,6563
0.0112,4641
0.00523,5025
-0.0595,6740
-0.137,9388
0.331,124
-0.0235,5958
0.0971,1556
-0.0483,7155
0.0212,5060
0.0641,4217
-0.0615,6424
0.011,5029
0.0076,5234
-0.0932,8923
0.119,3326
-0.0929,7412
0.301,1094
0.255,1647
0.0572,3995
0.152,1802
1.87,101
0.115,3655
0.125,2207
0.599,110
-0.165,9955
0.0547,3478
-0.782,10722
-0.204,9485
-0.253,8889
0.0491,3050
0.011,5001
-0.151,10535
0.079,3493
1.54,633
-0.317,7369
-0.0032,5157
-0.194,10061
-0.22,10499
0.113,3979
-0.268,7579
-0.509,8114
1.24,39
-0.441,8903
-0.569,9628
-0.115,7926
-0.039,5818
0.0164,4659
0.094,1804
0.889,41
-0.218,7311
0.0293,3844
-0.106,5786
-0.0338,6089
-0.182,9084
0.101,2595
0.0389,4417
0.235,1615
0.438,257
0.161,2077
-0.109,8243
-0.0666,6768
-0.148,8599
1.16,6
6.48e-05,5409
0.0684,2454
-0.187,8977
0.0919,3078
-0.214,10595
0.033,4193
0.0878,3514
0.107,2330
-0.241,11023
-0.686,8538
-0.388,10249
-0.418,10444
-0.157,7599
-0.277,10335
-0.37,10607
-0.606,9292
-0.107,7177
-0.088,7284
0.372,859
0.0556,2802
-0.347,9719
0.246,2241
0.012,3209
-0.0569,6224
0.0218,4542
-0.00526,6049
0.0492,4333
-0.0596,6802
-0.321,9955
-0.235,10186
-0.123,9171
0.141,2712
0.118,2439
0.159,2403
-0.219,9878
-0.0861,6937
-0.05,6480
-0.0262,6846
-0.112,6851
0.235,1605
-0.0407,5823
-0.0886,8931
-0.0411,6937
-0.101,7528
-0.0913,7536
0.118,2365
-0.262,9075
-0.243,8703
0.675,197
-0.121,9769
-0.162,7997
-0.0618,6319
-0.0756,7197
0.12,1571
-0.0874,9051
0.121,1838
-0.244,9143
-0.283,9774
-0.121,9018
-0.0835,5386
0.204,193
0.00527,5395
0.59,468
-0.137,7692
0.144,2590
-0.00549,5491
0.2,927
0.00324,5064
-0.208,9052
-0.248,9509
-0.169,8453
0.0182,4506
-0.0447,7299
0.0366,4257
-0.0735,5836
-0.0601,7137
-0.0737,6890
0.157,589
-0.0403,6839
0.0818,2309
0.334,77
0.131,3097
0.125,2439
-0.219,9892
-0.205,9671
0.000143,5364
0.0352,3983
-0.167,9530
-0.279,9200
0.603,135
0.187,744
0.0336,4444
-0.338,10893
0.0216,5042
-0.135,8161
0.399,148
0.115,1898
-0.184,9891
-0.0845,7049
-0.0704,6973
-0.0396,6324
0.0768,3317
-0.225,9837
0.00364,5141
-0.0439,6699
-0.0519,6455
-0.0204,6261
-0.108,8514
0.146,1372
0.0864,3908
0.0211,4864
-0.0825,8870
0.117,3419
-0.0702,8225
-0.0501,6392
-0.0996,8221
-0.442,7782
-0.152,7587
0.0168,4898
0.227,588
0.0986,2135
0.0306,4493
-0.148,8903
-0.187,9222
-0.169,9358
0.312,363
-0.0606,7643
0.402,1280
0.0454,3851
-0.0431,6126
0.208,1515
-0.0451,6024
0.00718,5035
-0.075,7419
-0.298,10513
0.397,31
1.21,43
-0.151,9274
-0.0589,7687
0.054,4424
-0.429,10022
-0.774,10897
0.345,93
0.928,23
-0.364,10836
0.0168,5158
0.0632,4234
-0.239,9141
0.295,475
0.0725,3009
0.0552,3677
0.0318,4676
0.0356,4214
-0.122,8797
0.0795,3200
-0.0682,7038
0.0557,4317
0.54,23
0.365,363
0.0713,3203
0.171,1385
0.37,372
0.0373,4342
0.0868,2911
-0.107,7218
-0.143,8732
0.0621,2383
0.0512,2390
0.19,1582
0.0676,3513
0.78,3
0.208,3092
0.131,2190
-0.256,10226
-0.183,8159
-0.0383,5871
-0.0508,6712
-0.0845,6651
0.141,1954
0.243,926
-0.312,10458
0.0666,4372
-0.176,5497
-0.221,9191
-0.434,10703
0.113,869
-0.0826,7478
-0.137,6974
0.0837,3658
-0.217,10213
0.00573,5328
0.114,730
0.356,1309
0.272,109
-0.0153,5922
0.195,774
0.0497,3587
0.0848,3043
0.0608,3854
-0.184,8783
-0.0386,6934
-0.0607,7039
-0.195,10508
-0.0397,7228
-0.191,9431
-0.106,8110
0.135,3063
-0.123,9637
0.0359,4418
0.0143,5144
-0.074,7395
-0.0414,6092
-0.222,7314
0.514,293
-0.0463,6912
0.0224,4714
0.0535,4204
-0.373,10887
-0.0842,6289
-0.102,7890
-0.01,5399
0.00899,4880
0.0901,3340
-0.303,8838
-0.0947,7831
-0.284,10683
-0.00807,5874
-0.342,10918
-0.02,6019
0.0283,4850
-0.0891,7329
-0.222,9124
0.247,434
-0.0864,7316
-0.11,7996
-0.124,8927
-0.528,10603
0.237,3399
-0.0798,7916
0.103,1811
0.141,2679
-0.367,10750
-0.291,9652
0.015,4721
0.212,937
0.0729,2007
0.0601,4337
-0.0397,6380
0.0316,4647
0.075,3178
-0.0602,7024
-0.224,10702
-0.203,8713
-0.0201,5625
-0.215,8939
-0.0888,4923
0.296,410
-0.125,8232
0.487,339
-0.115,9315
0.127,2306
0.196,1306
-0.174,10605
0.201,367
0.0564,4129
0.221,935
0.184,1862
0.00756,5226
-0.00254,5499
0.332,224
0.0749,2951
-0.0383,6482
0.229,2236
-0.0914,8095
-0.00729,5397
-0.153,8383
0.0136,4902
-0.378,8738
0.238,1451
0.124,794
0.136,1710
-0.134,9259
-0.00376,5458
-0.593,10304
0.0803,3703
0.0585,2610
-0.106,9102
0.0128,5136
0.0228,5084
-0.0769,8196
-0.401,9723
-0.0578,6986
-0.00128,5359
-0.0693,7485
-0.0102,5325
-0.259,8363
-0.0524,5933
0.0885,1960
-0.105,8842
0.445,211
0.0178,4874
0.376,1406
0.207,571
0.299,101
-0.0827,7788
0.0246,4929
0.214,1214
0.217,2107
0.749,269
0.37,663
0.105,2826
-0.0948,6306
-0.101,8020
0.349,485
-0.129,6430
-0.0993,7413
-0.247,9499
-0.31,9505
-0.115,8305
-0.251,9888
-0.0317,6052
0.0918,2837
-0.00288,5278
-0.255,10533
0.0617,3995
-0.0843,6849
-0.0568,5851
0.0332,4461
-0.092,8544
-0.222,9476
-0.288,8954
-0.253,9241
0.106,3494
0.0408,4102
-0.0798,8283
-0.153,9499
0.239,1536
0.0416,3785
-0.0407,6041
-0.12,7419
-0.234,10837
0.237,1773
-0.0913,7245
-0.175,9472
0.119,3059
-0.133,10269
-0.103,9614
0.0112,5041
-0.0323,6228
-0.423,7960
0.13,3360
0.0336,4821
-0.247,10891
-0.0706,7500
-0.0143,5338
-0.00601,5549
-0.0428,6011
0.0595,3413
0.0389,3554
0.616,107
-0.0768,7684
-0.0397,6102
-0.271,10645
-0.258,10257
-0.218,10221
-0.326,6273
0.323,1037
-0.154,8065
0.429,1116
-0.094,7918
-0.0787,8855
-0.0453,5944
0.342,1613
0.062,4126
1.33,258
0.0163,4559
-0.0842,8025
0.129,3485
0.0713,3037
-0.191,7283
-0.0444,6327
0.0368,4375
0.215,502
0.203,1741
-0.251,9019
-0.0999,6572
-0.2,8178
-0.15,9400
0.139,2562
-0.363,6165
0.188,701
0.284,211
0.0122,5163
0.087,1873
0.109,1325
0.0987,3246
0.173,1965
-0.174,7170
-0.0421,6878
-0.0835,7461
-0.0257,5812
-0.00314,5263
-0.069,7008
-0.0708,7264
-0.107,7646
0.2,610
0.0782,3034
1.04,405
-0.198,10177
0.054,3414
0.331,1085
0.258,217
-0.0321,7500
0.0137,4722
0.0141,4280
0.025,4666
-0.256,9701
-0.0937,7519
0.115,2063
0.307,663
-0.124,7936
-0.172,8541
0.0412,3640
-0.0141,6278
-0.196,9681
-0.0541,6460
0.25,2663
-0.174,8230
-0.107,6293
0.611,112
0.0215,4695
-0.0677,7851
0.315,162
0.0451,4326
-0.122,8431
0.0133,4428
0.116,1946
0.226,2146
0.282,1010
-0.138,6305
0.168,2024
-0.0933,8170
-0.00308,4964
-0.123,8218
0.709,50
0.232,2479
-0.234,8361
-0.165,9421
-0.184,6238
0.0242,4395
-0.292,10017
0.0253,4495
-0.194,6959
0.0818,3148
0.00667,5215
0.0137,5122
-0.188,8838
0.0657,3262
-0.327,10418
-0.0197,5747
0.22,959
0.189,1267
-0.269,10091
-0.183,9370
0.00677,5106
1.36,482
0.319,1607
-0.221,9994
-0.196,9349
-0.152,9167
-0.165,7910
-0.0896,8163
-0.0517,7374
-0.0657,10942
-0.0971,7012
-0.213,8648
-0.0196,5333
0.178,1837
-0.068,7175
0.084,3223
0.0812,2675
-0.187,9919
-0.34,10404
-0.124,6765
-0.1,9160
0.108,2724
0.0039,5114
-0.0677,7251
0.211,1670
-0.175,8184
-0.0451,8447
-0.195,10757
-0.1,7822
0.208,294
0.0123,5059
-0.0687,6102
0.342,598
0.0294,4354
0.199,2249
-0.239,9726
-0.142,9363
-0.0632,7011
-0.259,10460
0.00491,5330
0.0748,3553
-0.0393,6137
0.0798,3118
-0.138,9500
-0.193,8830
-0.155,6334
0.192,2962
-0.0465,6607
0.00774,4926
0.0456,3267
-0.364,8342
0.014,4958
0.0196,4917
0.369,375
0.0304,4145
0.0221,4699
-0.0913,8830
0.118,2001
0.163,2090
0.407,664
0.0642,3327
0.0134,4607
0.573,275
-0.0664,6834
0.0878,3891
-0.444,9743
-0.167,9674
0.101,2460
0.231,1438
-0.104,8333
-0.0484,5679
-0.173,10314
0.0429,3912
0.13,2568
-0.223,5114
0.246,538
0.0868,3795
0.405,412
0.0334,4156
0.117,2331
0.265,403
0.269,1501
-0.0343,5912
0.135,2064
0.0719,2757
0.053,3768
0.208,1552
0.0458,4199
-0.543,10352
0.138,1619
-0.138,8017
-0.114,8082
0.157,906
-0.00506,5461
-0.0709,7380
0.226,1374
0.0276,4112
-0.239,9453
-0.0387,6399
-0.369,10898
-0.0398,6347
0.231,1039
0.0453,4267
-0.277,9065
-0.0256,6155
0.719,206
0.0715,3845
-0.224,9790
-0.00128,5524
0.0949,2214
-0.17,9084
-0.0362,6175
0.108,3178
0.00715,4735
-0.00177,5417
0.0731,2098
0.269,1815
-0.0587,7150
-0.183,9319
-0.409,10423
0.302,650
-0.49,11028
-0.00435,5424
-0.53,11022
-0.489,10493
0.148,2115
0.00977,4864
0.37,741
-0.492,10940
-0.137,9543
0.153,2408
-0.0738,7621
0.149,2709
-0.0322,6111
0.244,1168
0.328,2028
-0.262,7613
0.0714,3353
0.27,149
-0.0924,7604
0.239,1308
0.083,3112
0.279,1889
0.206,2773
-0.0462,6863
-0.000257,5559
-0.41,10592
-0.00907,5464
-0.0461,6463
-0.22,10236
0.188,1260
-0.243,10129
-0.0414,6454
0.477,219
-0.0711,7014
-0.287,10253
0.308,35
-0.0851,7606
-0.127,8043
-0.16,9769
0.316,1282
-0.294,9739
-0.0763,7086
-0.217,10530
-0.224,9829
0.0424,4613
0.262,1386
-0.0125,6080
0.504,524
-0.2,10061
0.0385,4347
0.13,2752
-0.261,10458
0.0313,4530
-0.174,10713
0.0228,4555
-0.0744,6744
-0.207,8164
-0.245,8125
0.0123,4950
0.0839,2731
0.147,1936
-0.273,10706
-0.266,9436
0.0632,3596
-0.148,8424
0.292,986
-0.0487,7480
-0.143,6841
-0.174,8093
0.0446,3895
-0.607,10921
-0.135,9740
-0.108,9448
-0.0821,7574
0.0146,4935
0.238,440
-0.0222,6015
0.103,2950
-0.0795,6756
0.0981,2570
0.146,2711
0.131,3746
0.0616,3076
-0.112,8029
-0.0844,7857
0.173,1441
-0.236,9361
0.462,777
-0.355,10200
-0.0902,7802
-0.195,10284
-0.363,10301
-0.139,7891
-0.109,9087
-0.12,8459
-0.0179,6471
-0.0472,7567
-0.123,7510
0.209,3210
-0.334,10119
-0.261,10156
0.0583,3411
0.11,1825
-0.258,10391
-0.197,9956
-0.263,8465
-0.0329,5702
-0.204,9570
0.0799,2162
0.425,317
0.0149,4677
-0.0359,4910
0.0627,3966
0.0807,2137
0.135,2127
0.0428,3706
-0.116,7790
-0.196,10806
0.156,1865
-0.111,8320
0.221,1186
-0.184,10026
-0.017,5695
0.00752,5148
-0.071,7296
0.105,1920
0.045,4051
0.0232,4442
-0.382,9211
0.209,2940
-0.171,8972
0.0675,3827
-0.43,11024
-0.138,7550
-0.272,9413
0.489,334
0.112,3400
0.113,2474
0.161,2394
0.0438,4551
-0.0382,6514
0.087,3076
0.336,1652
-0.0184,6406
0.107,969
-0.228,9700
0.266,1355
-0.187,9844
-0.115,8910
0.18,1082
0.0522,3919
0.176,1304
-0.238,9692
-0.263,7523
0.159,3294
0.151,1931
-0.0396,6412
0.127,1911
0.189,1494
-0.165,8876
-0.072,7269
0.253,149
-0.055,7894
0.124,3569
0.0553,3818
0.152,2990
-0.000206,5409
0.213,578
-0.197,9961
0.37,408
0.0618,3952
0.474,1240
-0.0703,5679
-0.122,7920
-0.0281,7542
0.192,1308
-0.233,10627
-0.0166,5798
0.156,3323
-0.189,8707
-0.265,10775
-0.0229,5442
0.332,1148
-0.155,7711
-0.0657,7148
0.361,129
0.219,379
0.203,799
-0.224,8729
0.362,528
0.277,1346
-0.19,10475
0.212,401
0.0291,4714
-0.205,9287
-0.322,9407
-0.198,10041
0.127,1628
0.461,8
-0.0666,6896
-0.183,9253
0.411,309
0.19,3529
-0.395,10808
-0.122,9144
0.0808,3167
0.387,776
0.168,1255
0.111,268
0.169,699
0.00643,4999
-0.011,5619
-0.0739,6087
-0.234,9826
0.189,582
-0.0974,6715
0.298,567
-0.00121,5468
0.242,511
-0.126,7104
-0.0706,5880
0.0357,4341
-0.0264,7034
0.0281,4629
0.0844,3504
-0.672,10928
-0.142,8659
0.0349,4351
-0.183,10539
-0.0941,6792
-0.466,10989
-0.0216,5144
0.811,106
-0.0481,6780
-0.217,10726
-0.0822,6583
-0.221,8513
0.301,427
0.0759,3007
0.108,3158
0.00941,4966
-0.0955,7452
-0.103,8903
0.0699,3366
0.143,3105
-0.193,8970
0.236,804
0.236,874
-0.0339,5956
0.0502,4142
0.172,1890
-0.0333,6288
0.0341,4774
-0.23,8643
0.0101,4833
0.0318,4246
-0.0644,7537
0.0287,4190
-0.248,10961
-0.307,10419
0.13,3269
0.0919,3321
-0.211,9585
0.0122,4859
0.117,2020
-0.303,9093
-0.183,9306
0.206,1681
0.294,906
-0.226,9259
0.11,1631
0.316,335
-0.351,9689
-0.0129,5423
-0.142,8537
1.1,2
0.334,104
0.178,1426
0.433,1107
-0.439,10370
0.197,1396
-0.101,8085
-0.0804,7902
0.0755,3789
0.083,3296
0.293,1050
-0.1,8115
-0.124,8667
0.0334,4219
-0.0675,6834
-0.437,10764
-0.0648,6545
0.451,1127
0.109,783
-0.075,8054
-0.179,10769
0.0641,3956
0.047,4338
-0.387,10757
-0.199,10420
-0.2,9520
0.361,623
0.0149,4893
-0.173,10621
0.0816,2436
0.0348,4122
0.226,1240
-0.0662,7703
-0.101,6910
-0.0458,5811
-0.114,8749
-0.0683,8843
0.0909,3186
-0.0707,7014
-0.0272,6322
0.151,3456
0.267,175
-0.00232,5363
0.00566,5167
-0.0173,5667
-0.121,6246
-0.11,5907
0.591,185
-0.0679,8312
0.204,2341
0.122,2288
-0.0238,5804
0.079,3959
0.0258,4081
0.123,1844
0.921,47
0.161,2106
-0.341,10690
0.00266,5130
-0.0471,7849
0.0822,2540
0.0799,3275
-0.0545,5987
-0.325,7669
0.182,1950
-0.0235,7740
-0.0929,9033
0.114,2995
-0.144,9764
-0.486,8348
-0.00598,5011
0.076,3647
-0.125,8748
-0.221,10275
-0.116,8042
-0.0919,8239
-0.522,10291
0.113,2297
0.0117,5024
-0.272,10081
0.0944,3877
0.23,2973
0.13,2913
-0.0317,6168
0.413,2259
0.184,1981
-0.141,8783
-0.197,9282
-0.00772,5529
0.00489,5100
-0.0881,7465
0.0997,2949
-0.0977,7404
0.0451,4390
-0.0218,5199
-0.0395,6248
0.196,585
0.256,184
-0.0714,5701
-1.04,10812
-0.331,9462
0.0518,3791
0.0909,1416
-0.421,10990
0.103,3566
-0.147,7434
0.127,1831
0.0664,4115
-0.283,10648
0.0477,4206
-0.0107,5818
-0.0236,6579
-0.00206,5690
0.366,5
-0.0198,6500
-0.346,6453
0.0183,2970
0.0426,4217
0.123,2477
0.0214,3736
0.155,1308
0.217,2716
-0.00899,5189
0.143,3210
-0.118,6582
0.169,810
-0.0449,6467
-0.014,5347
0.202,2298
-0.292,9003
-0.089,7046
0.123,2621
0.162,2516
0.171,521
-0.0733,7970
0.107,2105
-0.0529,6853
0.0676,3141
-0.0388,6849
-0.0654,6256
-0.138,6516
-0.337,9749
-0.0595,6239
-0.0921,8285
-0.225,10145
-0.0737,6930
-0.225,8652
0.19,2546
0.0807,3936
-0.0655,8995
0.401,117
-0.12,7478
-0.0672,7167
-0.852,10477
0.518,40
-0.169,9336
-0.176,8892
-0.052,6528
-0.0902,8703
-0.273,9650
0.505,849
0.0848,2087
0.187,813
-0.0102,5302
0.583,350
0.191,1059
-0.215,7609
-0.113,9427
-0.033,6480
-0.102,7324
0.335,358
0.113,2979
-0.227,6386
0.156,1370
0.212,1178
0.424,1074
-0.0729,7396
0.0677,3979
-0.0276,5547
0.124,1321
-0.142,9002
0.114,2322
0.084,3850
0.298,1029
0.655,415
0.205,2081
-0.0941,7230
-0.151,7787
-0.146,5783
0.295,1245
-0.295,6055
0.0938,3366
0.00707,5099
-0.736,8339
-0.112,6867
0.146,309
-0.121,7008
0.246,386
0.148,877
0.314,522
-0.112,6700
-0.252,9865
-0.122,6865
0.167,737
0.0684,3364
0.106,1970
-0.175,7889
-0.253,10057
-0.105,7002
-0.000165,5270
0.051,3622
-0.00745,5126
0.178,2295
-0.405,10732
-0.0404,6019
0.317,832
-0.104,9463
0.027,4942
0.161,2087
-0.157,6876
-0.848,10591
-0.134,8662
0.114,837
-0.137,9031
-0.0291,5939
0.253,2081
0.274,1424
-0.119,9007
0.0201,4914
0.405,813
-0.213,8554
-0.124,7183
0.0578,3559
0.0737,3188
0.0803,3260
-0.103,8511
0.121,1073
0.357,485
-0.135,9119
-0.147,9005
0.137,1687
-0.0559,6339
0.237,1442
0.815,25
0.13,3061
0.00315,5087
-0.0451,6249
-0.0222,5821
-0.158,8967
-0.00331,5108
0.0778,3321
-0.143,10057
0.576,5
0.199,1298
0.0931,2751
-0.0232,5991
-0.0161,5017
0.079,2494
-0.243,9937
-0.154,8776
-0.0994,8167
-0.0936,6284
-0.0722,6100
0.0667,2784
0.0501,3847
-0.108,9315
0.217,2269
0.00708,5284
-0.0296,6145
-0.325,10585
0.0915,1996
-0.0487,6999
-0.0659,6927
-0.194,7256
-0.0432,6704
-0.0367,6737
-0.238,10860
-0.239,10271
0.0702,4253
-0.0198,5626
-0.0514,5354
-0.144,10348
0.699,16
-0.22,8673
0.297,1168
-0.146,9929
0.0658,3059
0.122,2596
0.0399,3995
0.213,571
0.125,1828
0.624,260
-0.119,7826
0.159,3054
0.0837,3817
-0.268,8575
0.288,1493
-0.287,10835
0.0966,2736
-0.13,8054
-0.333,8686
-0.0344,7553
-0.213,9738
0.0268,4592
0.0357,3183
-0.0949,7390
0.114,2368
0.36,866
-0.25,10572
0.223,72
0.019,4858
-0.163,8973
0.158,3006
-0.246,8319
0.131,2223
0.214,1402
0.138,1297
-0.49,10245
-0.00143,5261
-0.371,10559
-0.0749,6901
-0.126,9901
0.142,1256
0.377,551
0.00518,5049
-0.0163,5446
-0.0868,9364
-0.106,9052
0.282,521
0.0635,3552
0.329,728
0.145,1067
0.152,1425
0.121,1950
-0.0433,6292
0.0315,4350
0.0519,4084
-0.386,9127
-0.0462,6544
-0.0185,6391
-0.0945,7986
0.242,43
-0.338,10112
-0.0274,5754
-0.0379,7520
-0.0707,8185
0.132,2397
-0.339,9551
-0.331,9885
0.13,2581
-0.12,8523
0.00745,5195
-0.199,9938
0.0901,3273
-0.316,10542
-0.0798,7418
0.0124,5037
0.123,2418
-0.0193,5692
-0.11,7714
-0.106,8071
-0.194,8596
0.0829,1503
0.0291,4474
-0.057,7176
0.0863,3182
0.303,623
0.00343,5076
-0.0963,8867
-0.0411,6365
0.0672,3455
0.132,2358
-0.12,8271
0.0477,3887
0.074,3565
0.123,1971
0.413,1711
-0.0189,5835
-0.106,7403
0.238,2139
-0.194,9483
0.0366,4137
0.156,2018
0.0809,3521
0.755,668
-0.0586,7505
-0.343,10738
-0.0188,6009
0.0581,4002
-0.173,7994
0.094,3357
0.347,534
0.0374,4030
0.0716,3707
0.286,926
0.129,3040
0.132,2320
0.0698,3234
0.0542,3768
0.536,590
0.0974,3164
0.103,3753
-0.0452,5787
0.0177,4785
0.0325,4557
-0.0329,5792
0.166,1621
-0.179,8744
-0.043,5645
-0.0435,7917
0.0565,4162
0.15,2934
-0.142,7198
0.106,3565
-0.203,9457
-0.0329,6674
-0.00218,5425
-0.43,10781
0.238,1639
-0.153,8363
-0.208,10412
-0.108,6968
0.0223,4670
-0.249,9266
0.0434,4480
-0.00834,5521
-0.268,10066
-0.184,9113
-0.163,8784
-0.108,8211
0.0977,3227
-0.117,7672
-0.187,9106
0.254,234
0.212,1258
-0.0235,6219
0.255,678
-0.109,9334
-0.00864,5653
0.0335,4036
0.047,3657
0.0581,3480
0.0908,3203
0.0177,4807
0.146,2727
-0.0484,7034
-0.11,10035
-0.163,9022
0.112,3242
-0.294,8308
-0.349,10609
-0.14,8584
-0.0701,9768
-0.24,10353
-0.156,8851
-0.297,10824
-0.0241,5611
-0.0143,5491
-0.135,9608
-0.259,10595
-0.237,9979
-0.159,7578
-0.109,8224
-0.0513,7529
0.487,109
0.000571,5316
-0.162,7773
-0.0581,7741
0.598,505
0.0344,3700
0.0666,2554
-0.431,10465
0.199,2650
-0.518,10902
-0.544,10203
-0.0733,6971
-0.249,10172
0.165,2797
0.00861,5036
0.00325,5116
0.731,256
-0.0234,6408
-0.0272,6270
0.0411,4124
0.0462,4064
-0.39,10157
-0.563,10294
-0.209,9120
-0.0516,7490
-0.0263,6111
-0.086,7366
0.126,2505
-0.239,10830
0.347,212
-0.0282,5764
-0.17,8602
-0.168,9549
0.167,1715
-0.147,5895
0.0656,3481
-0.0551,7330
0.538,964
-0.0142,5752
-0.0901,7188
0.433,714
-0.000143,5433
-0.334,10818
-0.00619,5520
-0.0655,6263
-0.014,5676
0.231,891
0.0486,3708
0.0141,4560
-0.169,9108
0.13,2945
0.00901,4904
-0.0354,6102
-0.0177,6190
-0.145,9351
-0.377,9187
0.0664,4171
-0.133,7966
0.222,718
-0.0104,5607
-0.271,10084
0.116,2850
0.0348,4491
1.06,451
-0.101,7777
-0.0951,6113
-0.0242,6320
-0.181,9992
-0.194,9142
0.557,19
-0.0295,6172
0.321,144
-0.14,7329
0.0101,5161
-0.216,9482
0.0641,3889
0.227,1847
-0.00243,5311
0.193,1122
-0.0227,5651
0.168,2134
-0.28,10968
-0.0259,6134
-0.154,9329
0.0654,3830
-0.0341,6784
0.0436,4069
0.133,1069
-0.0119,5475
0.0224,4729
0.0385,3790
0.257,79
0.18,2431
0.107,1213
0.926,8
0.0483,4033
-0.244,9783
0.0411,4284
-0.0674,7035
0.185,909
0.0567,3609
0.445,5
0.0674,2786
0.262,625
0.0192,4845
0.362,1256
-0.203,7533
-0.0105,5794
-0.014,6195
-0.0984,7882
0.00389,5120
0.106,2717
0.178,2925
-0.0491,7033
0.0151,4892
-0.479,10802
-0.316,10223
-0.0769,6897
0.0818,3806
-0.142,8190
-0.116,8648
0.291,2822
-0.743,10776
-0.262,10441
-0.467,8340
0.0535,4250
0.0762,3862
0.0698,3957
0.0871,4023
-0.017,5745
0.145,2274
-0.208,9521
-0.0569,6461
-0.488,10719
0.239,1519
-0.22,10810
0.0124,5035
0.0123,4895
0.04,4101
-0.00431,5111
-0.12,8455
0.0311,3467
0.0877,2727
-0.18,9100
-0.472,10113
-0.0526,7405
-0.132,10430
0.074,3831
-0.0803,6519
-0.2,8905
-0.344,8654
-0.125,6429
0.0979,310
0.0983,860
0.348,695
0.123,3247
0.0768,3232
-0.106,7474
0.755,14
-0.114,8720
0.107,2465
-0.0579,6254
0.26,314
0.14,2734
-0.0937,8452
0.14,1118
-0.00434,5620
0.413,159
-0.201,9324
0.313,901
-0.06,5815
-0.165,8294
-0.2,10734
-0.0214,5701
-0.145,6584
0.284,426
-0.37,10924
0.26,678
-0.145,9983
0.182,790
-0.282,9832
0.2,729
0.163,2307
-0.173,10215
0.0311,4055
-0.093,8223
-0.187,10219
-0.65,10949
0.841,205
-0.154,9998
0.443,188
0.0341,4614
-0.123,8125
-0.0307,6049
0.254,187
0.688,610
-0.207,9854
-0.144,8365
0.334,348
0.00196,5093
0.0481,4207
-0.0681,8090
-0.00249,5522
0.0934,3828
-0.235,10226
0.0988,3479
-0.113,9523
-0.0627,7022
0.0293,4532
0.113,2200
-0.0728,6631
-0.0888,7684
-0.302,8794
-0.122,8007
-0.194,10259
-0.119,7593
0.133,2145
-0.456,9621
-0.335,8867
0.134,2072
-0.109,9105
-0.0985,7663
0.0444,3832
-0.0578,6710
0.203,1308
0.82,66
0.155,1012
-0.0798,8185
0.0219,4738
-0.117,8078
-0.353,10382
-0.03,5984
0.287,793
-0.107,7897
-0.0584,6642
0.111,2659
-0.388,10562
0.05,2493
1.28,28
-0.107,8087
-0.042,6549
0.35,330
-0.45,8137
-0.056,7903
0.0682,2598
0.211,2437
0.333,1474
0.238,2119
-0.93,10536
0.221,906
-0.148,9959
-0.27,10614
-0.208,10683
-0.276,9337
0.163,1835
-0.0962,7161
0.112,3251
-0.178,9109
-0.129,6790
-0.191,8836
0.0973,2394
-0.0594,6605
0.109,3210
0.032,4434
-0.0741,6351
-0.0982,7375
-0.0819,7564
-0.364,10376
-0.0928,9476
0.038,4214
0.0143,4803
0.329,1546
-0.263,9179
0.047,3918
-0.00482,5387
0.0564,3856
-0.0147,5864
0.0789,3521
-0.553,11012
-0.0533,6502
0.0413,2081
0.0884,2852
0.631,59
0.257,2112
0.152,2871
0.0156,4772
-0.0466,8864
-0.313,10967
-0.0117,5406
0.121,2698
-0.0961,7827
-0.168,8868
-0.0801,7458
-0.664,10777
-0.043,6039
0.558,171
-0.037,6631
-0.0147,5518
-0.00342,5503
-0.197,9832
0.305,1048
-0.0623,7572
-0.212,8865
0.0218,4782
0.0269,4512
0.00454,5165
-0.0926,7989
0.981,200
-0.136,7982
-0.118,10142
-0.0791,9305
-0.112,7489
0.11,2827
0.194,777
-0.0121,5677
0.221,318
-0.187,10170
0.0533,4081
-0.223,10289
-0.0547,6254
-0.224,8840
-0.121,7048
-0.0928,8910
0.0535,4010
0.365,1229
-0.476,9641
0.112,3347
0.0218,4942
-0.162,10509
0.103,2478
-0.107,8776
0.17,2187
0.187,1432
-0.0534,7055
0.00947,4955
0.026,4687
-0.109,7891
0.144,2602
-0.0809,6767
0.149,1248
0.0372,4078
-0.177,8618
-0.293,9715
0.124,3390
-0.179,9223
-0.174,10330
0.271,193
0.0716,4161
0.511,744
-0.0425,6281
-0.432,7199
-0.0432,7647
-0.0957,8292
-0.549,8879
-0.0819,7525
0.0813,3997
0.538,428
0.0377,4560
0.0492,3767
-0.106,8964
0.304,411
-0.0671,6834
0.225,113
0.353,197
0.158,2764
-0.196,8881
-0.0526,6973
0.37,1477
0.281,1159
-0.202,10634
0.267,423
-0.207,9484
-0.0614,7109
0.0667,4053
-0.13,6075
-0.179,9700
-0.339,10393
0.0172,4819
-0.434,10585
0.413,332
0.00444,5255
0.104,1156
0.238,243
0.244,1026
-0.0725,6226
0.196,847
-0.49,10659
-0.0921,7971
0.202,1588
-0.153,9787
0.0418,4388
-0.124,8755
-0.118,7816
0.493,624
0.0833,3640
-0.111,7789
1.03,1122
0.518,45
-0.364,8727
-0.0125,5686
0.0775,2034
0.0941,3578
0.186,1784
0.208,1706
0.0058,2725
-0.0422,7395
0.643,1147
-0.0815,7601
0.0711,3510
-0.174,4835
-0.364,9415
-0.0532,7149
-0.0264,5988
-0.436,10840
0.179,1314
-0.17,9596
0.0251,4781
0.0299,4571
-0.057,8149
-0.113,7655
-0.0252,5520
1.26,533
0.242,2145
-0.121,9718
-0.163,10775
-0.0401,5494
-0.043,5665
0.429,148
-0.108,7779
-0.0968,8334
-0.0433,7154
0.383,31
-0.199,9405
1.31,91
-0.206,9185
-0.0159,5963
-0.129,9258
-0.234,9777
-0.419,10610
-0.165,8702
0.0558,3909
0.18,824
-0.128,8594
0.0489,4070
0.0359,4089
0.0362,3979
0.349,208
-0.00452,5500
-0.24,10325
-0.143,7545
-0.082,7946
-0.293,10915
0.00139,5311
-0.0189,5762
0.01,5043
0.172,1560
-0.0132,5925
-0.183,10501
-0.0363,5772
0.0452,4061
0.309,680
0.153,2631
-0.27,10624
0.0115,5229
0.248,1615
-0.234,10536
0.177,2537
-0.202,8973
0.0491,3835
-0.0518,6911
0.43,906
-0.0739,7418
-0.0739,7357
-0.0762,7125
-0.0927,8894
0.112,2311
-0.176,6134
0.545,23
0.609,78
-0.0668,7114
-0.0702,8765
-0.0343,6725
-0.218,7736
-0.22,8750
0.306,102
-0.288,9903
0.146,2013
-0.302,10487
0.0475,4405
-0.173,8555
0.234,516
0.0308,4368
-0.143,8099
-0.025,7098
-0.131,9052
-0.131,8684
-0.0831,7319
0.107,1748
-0.095,7201
0.0264,4198
-0.394,9533
0.3,2498
0.304,1676
-0.143,8057
0.473,51
0.0358,3780
-0.174,10170
-0.164,10513
0.0311,4615
-0.273,9709
0.258,310
0.072,1771
0.117,2717
0.123,3021
-0.44,10052
-0.391,9560
0.0391,4594
0.258,2971
0.272,936
0.11,2804
-0.0833,6781
-0.0578,7353
-0.141,9565
-0.092,8404
-0.138,9305
0.251,1045
-0.216,9194
-0.466,9545
-0.15,9484
0.0132,4891
-0.0301,6306
0.00153,5173
-0.0414,6232
-0.326,10664
0.23,1512
-0.114,9209
-0.0513,6022
0.328,347
-0.283,9564
-0.101,8551
-0.147,10921
-0.312,9614
-0.179,9999
0.063,3456
-0.0351,6290
-0.161,8199
0.0882,1866
-0.305,10927
-0.123,7147
-0.675,11002
-0.493,10890
-0.462,9463
-0.213,10785
-0.0841,6472
0.235,1069
0.0774,2753
-0.106,8051
0.00788,5355
-0.0283,6612
0.0969,3273
-0.402,10884
0.216,1992
-0.241,8337
-0.196,8701
0.181,1403
0.322,1039
0.0177,4623
0.206,1550
0.274,1443
0.232,1502
0.0664,3980
0.119,1191
0.00312,5331
0.224,999
-0.000752,5421
0.721,163
0.197,603
-0.109,8755
0.239,1349
-0.253,8783
-0.386,8576
-0.133,6310
-0.115,9372
-0.112,8573
0.0182,4823
-0.194,9489
0.133,2667
-0.0605,8399
0.141,1244
0.226,1197
-0.277,9684
0.171,1119
0.0393,4159
0.113,1712
0.282,957
-0.0494,6715
0.121,1345
0.226,1083
-0.182,8138
-0.554,10557
0.0483,3613
0.31,425
-0.315,10838
-0.227,8572
0.168,2444
-0.352,8019
0.0614,3338
0.0153,4364
-0.229,8967
0.112,3562
-0.152,8263
0.302,228
0.174,1212
-0.0033,5449
-0.286,10557
0.0438,4241
-0.166,9317
0.0602,4001
-0.211,8548
0.141,2302
0.273,289
-0.0768,8057
0.0959,3180
0.597,560
0.171,755
0.0579,3489
0.0256,4696
0.186,1809
-0.131,9408
3.54,11
0.0914,2628
-0.158,9603
-0.2,9812
-0.0981,8123
0.255,1897
0.108,2410
-0.0949,8300
-0.0297,6485
3.89,236
0.054,4398
-0.333,10692
0.0972,3805
0.044,4340
-0.172,9645
-0.0797,7064
1.22,748
0.346,125
0.209,275
0.103,1287
-0.0486,6560
-0.069,8200
-0.143,8472
-0.264,9821
-0.11,7646
-0.158,9767
-0.615,11007
0.151,3631
0.00291,4920
-0.385,10036
-0.0011,5369
-0.0903,9496
-0.157,8979
0.198,1804
0.199,2558
-0.00251,5117
-0.0544,6887
0.212,122
-0.399,10244
-0.105,7580
0.107,2513
-0.0645,6220
0.515,226
0.00939,4970
-0.0917,7282
0.115,3372
0.271,1211
-0.751,8747
-0.111,8471
-0.0366,7371
-0.121,8420
-0.0849,6911
-0.129,7907
0.172,620
-0.00921,5848
-0.199,10805
0.214,1320
0.106,3325
-0.196,8992
0.449,154
0.0885,3227
-0.0029,5600
-0.00242,5669
-0.242,9463
-0.367,10835
0.33,1133
-0.138,9947
-0.119,8322
0.294,197
-0.02,5680
-0.329,10205
-0.0329,6629
-0.036,6825
-0.0683,7660
-0.191,10124
-0.0384,6415
0.0368,4102
-0.202,7472
0.0684,3381
0.0455,3165
0.116,2731
-0.0455,6360
0.207,2333
0.0205,4950
-0.00288,5426
0.0838,2980
0.24,940
0.181,1991
0.053,3835
-0.0205,5595
0.0561,4089
0.0126,4899
-0.153,8248
-0.257,7786
-0.118,9737
0.13,3054
-0.067,6873
0.486,1088
-0.113,7734
-0.141,8720
-0.134,9870
-0.146,8602
0.186,1792
-0.0344,6120
-0.0242,5205
-1.15,10956
0.141,2945
0.0168,4896
0.028,4267
0.298,363
-0.191,7342
0.205,3216
0.16,1208
-0.306,11009
-0.0216,5738
-0.17,8736
-0.284,7851
-0.23,8620
-0.349,10065
-0.0176,5923
-0.0271,5881
0.149,2122
-0.133,8929
0.274,1653
-0.0751,6821
0.142,2898
0.251,130
-0.263,10703
0.0651,4295
-0.219,9080
-0.095,8042
-0.27,10138
0.42,467
0.184,1012
-0.201,10946
0.0319,4473
0.132,1112
0.102,2827
-0.0202,6081
-0.21,9119
0.426,1957
-0.0587,6366
-0.0434,6069
0.0496,3979
-0.248,10025
-0.0439,6315
0.105,3037
-0.341,8976
0.0742,3175
0.224,1123
0.152,3016
-0.0804,8117
0.143,2050
1.06,1
-0.132,10759
-0.0823,7680
0.428,1039
-0.281,8516
0.0718,2375
0.115,2484
0.0118,5201
-0.149,10260
0.321,79
-0.0306,6350
-0.13,8317
-0.0713,6355
-0.00442,5222
-0.148,10620
-0.521,10856
0.0643,4007
0.162,2139
-0.213,8573
0.0501,3940
0.181,1580
0.296,1219
-0.00154,5338
0.363,960
-0.443,10483
-0.00403,5207
-0.23,10299
-0.178,9312
0.541,894
-0.77,10426
-0.373,7944
-0.0655,7450
-0.137,7895
-0.101,4044
-0.371,8935
0.0118,4904
0.0517,4145
-0.117,8182
-0.0326,7144
0.0324,4308
0.567,745
0.0102,5088
0.00679,5006
0.136,960
0.0324,4528
-0.0771,8116
0.0352,3905
-0.202,9994
0.0847,3777
-0.0121,6113
0.113,857
0.00794,5101
0.214,3061
0.000668,5288
-0.275,9945
0.238,555
-0.0934,8770
0.0212,4549
-0.216,10912
0.189,490
-0.0979,6891
0.0802,2634
0.0469,3600
0.0248,4656
-0.0535,6556
1.11,23
-0.0849,7455
0.0961,2342
-0.195,10577
0.023,4992
0.204,1074
-0.15,7341
-0.0275,5698
0.0811,2980
0.075,3982
0.0206,4639
-0.374,10066
-0.173,8413
0.164,631
0.541,279
-0.226,9805
0.422,523
-0.0427,6817
0.235,1650
0.155,2929
0.0605,3371
0.0386,4012
0.0102,5137
0.0286,4758
0.305,938
-0.0408,5616
-0.0117,5866
0.0875,1708
0.62,264
-0.445,10069
-0.352,10394
-0.293,9441
0.245,785
0.304,464
-0.0214,5537
0.134,2565
-0.05,6599
-0.0169,5744
-0.0185,5400
0.175,1171
0.27,800
0.00835,4849
-0.342,10259
0.0586,3994
0.193,1233
0.214,1949
-0.107,9321
0.0514,4376
0.189,2902
-0.0371,6175
-0.161,8174
-0.074,8002
-0.259,7840
-0.195,8759
0.317,377
0.301,477
0.00713,5048
0.00294,5026
-0.12,8803
-0.0869,8437
-0.382,10091
-0.0503,6176
-0.145,8746
-0.0126,5729
-0.262,9616
-0.359,10606
0.116,3312
0.244,1420
-0.0118,5553
0.12,3332
0.116,2061
-0.243,10957
-0.0885,8184
-0.0178,6383
-0.0614,8499
0.0622,2331
0.167,1436
-0.175,8304
-0.0159,5288
0.0195,4965
-0.0183,6676
-0.282,10818
0.087,1764
-0.0998,7621
0.157,2870
0.186,2210
0.902,242
-0.165,9507
-0.292,9872
0.323,144
0.089,2221
-0.538,10859
0.00554,5080
0.151,1765
-0.152,8901
-0.22,9660
-0.398,9834
-0.0722,7987
-0.1,9590
0.0362,3955
0.00197,5641
-0.195,10244
-0.141,6826
0.17,2844
0.158,856
-0.0634,7469
0.0928,3876
-0.512,10766
0.0866,3419
-0.014,5637
-0.0847,8068
0.0318,4596
0.0281,4469
-0.251,9802
-0.0843,8191
0.0188,4672
0.227,707
-0.0681,6763
-0.0912,7506
-0.269,10274
-0.236,10651
-0.0295,5923
-0.177,9141
0.126,3089
-0.22,7078
-0.437,9831
-0.0218,5898
-0.141,8384
0.239,1465
0.228,523
0.289,2473
0.179,2181
0.314,834
0.541,525
0.217,1060
0.0244,4426
-0.246,9631
0.243,1672
-0.271,9536
-0.0144,5365
0.143,1007
-0.32,10766
-0.0732,7255
0.0639,3484
-0.0425,7099
-0.189,8156
-0.117,8501
-0.146,10302
0.348,879
0.634,26
0.0338,4099
0.0708,3945
0.117,2099
-0.112,6136
-0.0504,6023
0.272,488
-0.0042,5103
-0.0708,7963
0.0188,4922
-0.251,10712
-0.0736,6473
0.104,3248
0.097,3289
0.0631,3796
-0.0869,8092
-0.124,9546
-0.216,9474
-0.000488,5592
0.13,2497
-0.0526,6430
-0.0107,6058
-0.0499,6382
-0.162,10526
-0.208,9325
0.271,1559
0.556,359
0.119,2243
0.233,2111
-0.0651,6248
-0.294,9832
0.0295,4741
0.105,1573
-0.0655,7555
-0.17,7874
-0.0037,5207
-0.0408,6856
0.00711,5316
0.0191,4151
-0.0123,6649
0.15,1376
-0.175,8413
0.128,2046
-0.00937,5478
0.18,1258
-0.0629,7289
0.368,755
-0.0665,7264
0.318,1781
-0.444,9508
0.0378,3875
-0.281,9533
0.278,1144
-0.0508,6508
0.0296,4707
0.0949,3349
0.00508,5114
-0.135,9260
-0.443,7767
-0.163,7877
-0.268,8719
-0.252,8990
0.000287,5363
-0.216,9788
-0.159,9015
0.269,568
-0.09,8604
0.497,629
-0.0934,9300
0.0238,4473
0.0154,5021
0.314,1808
0.0963,3577
-0.129,6689
-0.0527,7784
-0.184,9970
-0.247,8617
0.449,96
-0.369,8842
0.145,3034
-0.115,8691
-0.0259,6287
0.0413,4605
0.213,405
0.0598,4078
-0.294,9477
0.0865,2528
-0.0953,10734
0.64,143
-0.436,9934
-0.181,8452
0.344,98
0.00842,4833
0.0115,5233
-0.0665,7200
-0.277,10969
0.453,466
-0.293,10373
0.173,1012
-0.107,8193
-0.0794,7345
0.209,853
-0.394,9423
0.00634,5285
-0.133,8069
0.0343,3558
0.619,463
-0.181,9957
-0.813,10351
0.00815,5094
0.048,4103
0.0884,2768
-0.0339,6830
-0.0617,7395
0.102,4036
-0.181,8656
-0.0999,9068
0.038,4544
0.161,1732
-0.437,10191
-0.156,7930
-0.154,7112
-0.235,9556
0.194,892
-0.113,9333
0.0661,3713
-0.0986,7929
0.0974,3572
0.0035,5289
0.18,1071
0.253,1550
-0.445,10948
-0.176,7936
0.185,1696
0.542,0
0.0284,4613
0.413,347
-0.0757,6997
0.123,3402
0.151,3297
0.198,1630
-0.0375,7290
-0.2,7653
0.00433,5431
0.961,23
-0.249,9844
-0.139,8613
0.0569,3588
-0.0064,5374
-0.177,8848
-0.219,9773
0.333,734
0.115,2538
-0.0282,5365
-0.0498,5511
-0.221,10083
-0.493,10524
-0.116,7930
-0.255,10812
0.0414,4008
0.113,3570
0.174,1674
0.00861,5110
-0.0793,7278
-0.3,10483
0.247,1283
0.38,139
-0.116,7785
-0.0653,7419
0.152,2256
-0.0774,8424
-0.0977,9045
-0.0293,5478
-0.0961,7028
0.596,412
0.0613,4341
-0.191,10048
-0.0437,6740
0.376,1002
0.0361,4094
-0.129,8375
-0.123,7368
0.0694,3283
-0.412,10972
0.0454,4210
-0.104,6925
0.0052,5259
-0.2,8059
0.187,1924
-0.234,9496
-0.363,10422
0.2,1439
-0.257,10233
1.57,268
0.243,507
0.000522,5379
-0.035,5804
0.188,690
0.112,3016
-0.0392,6138
-0.012,6410
0.0894,1973
-0.146,9124
-0.038,6739
0.0095,5014
-1.29,10615
-0.115,9155
-0.0582,7425
-0.21,8051
0.0125,5197
-0.0509,5713
0.138,3082
-0.0968,6082
-0.0607,6961
0.0159,5042
0.125,3270
0.00772,5108
0.0499,3927
0.0226,4752
-0.058,7001
-0.0679,7906
0.0114,5013
-0.298,8930
-0.184,10540
-0.096,7631
-0.0836,7177
-0.198,10279
-0.141,10106
0.302,529
-0.0258,6673
0.0217,4559
0.422,177
0.413,236
0.215,826
0.267,1391
0.332,89
0.0171,4755
0.867,396
-0.339,9506
-0.177,8768
-0.0604,7841
0.232,3167
0.15,2195
-0.0805,8031
0.395,223
-0.0618,6200
0.211,1590
-0.156,9860
-0.146,8943
-0.00857,5579
0.0896,2819
-0.192,9793
0.0514,3497
-0.0589,7195
0.074,3500
-0.677,10981
0.256,2552
-0.0407,6673
-0.0963,8491
-0.0169,6257
0.168,1549
-0.0389,6422
-0.0488,6603
-0.219,7942
-0.316,10166
-0.0432,6573
-0.00477,5464
-0.401,9641
-0.157,8343
0.45,828
0.123,3658
0.181,1570
0.0649,3667
-0.0139,6020
-0.128,7636
-0.138,8587
0.449,758
0.0872,1821
-0.254,10393
-0.023,5831
0.561,675
0.0949,3893
-0.17,7432
-0.148,8055
0.163,1384
0.207,1555
0.0524,4087
-0.147,8731
-0.301,10537
-0.114,9614
-0.0815,6755
0.115,2201
-0.0875,7783
0.243,1141
0.164,1571
0.188,1453
-0.0641,8437
0.422,930
0.0603,3677
-0.169,7959
0.18,1259
-0.083,7814
0.17,1684
0.198,2425
0.0352,4682
0.0895,3553
0.271,2360
-0.197,9563
-0.0224,6576
-0.129,8922
0.131,2420
0.112,2317
-0.458,9679
-0.295,10054
-0.0546,6562
-0.175,7704
-0.159,9080
-0.134,7141
-0.0822,7726
0.139,1727
-0.257,10726
-0.143,9339
-0.169,8182
-0.144,7974
0.0364,4652
0.127,2474
-0.0816,8034
-0.0284,6102
-0.0581,6453
-0.112,8880
0.0717,3700
-0.0626,8496
-0.101,8579
-0.0368,6706
-0.0611,6852
0.103,2646
0.146,3653
-0.0824,8003
-0.221,10866
-0.119,8931
-0.238,9507
-0.331,10392
0.106,3626
-0.0277,6220
0.0513,3394
-0.0845,7687
0.137,2591
-0.366,10249
0.234,1908
-0.0642,8905
-0.41,9143
-0.14,7842
0.0623,3980
-0.1,7691
-0.0486,6836
0.22,185
-0.165,9206
0.3,1084
0.757,426
-0.267,9691
0.286,1432
-0.108,8983
0.0366,4243
0.272,1423
0.184,2278
-0.0672,6227
-0.0322,5808
0.0308,4275
0.0293,3895
0.413,823
0.146,2118
0.161,2829
-0.222,9168
0.00461,5099
-0.0589,8031
0.049,4036
-0.0885,4935
0.0188,4308
-0.104,6261
0.0907,1871
-0.187,10706
-0.0847,6928
0.0567,4033
-0.217,9959
-0.039,6011
0.155,835
-0.231,9694
-0.2,7756
0.00722,4968
-0.322,10298
0.298,1407
-0.121,9253
-0.153,8949
-0.277,9680
0.254,390
-0.278,7861
-0.239,10313
-0.215,9419
0.0225,4707
0.182,3152
-0.218,8409
-0.178,9922
-0.234,9390
-0.0868,7855
-0.0232,6639
0.17,1768
-0.0641,8112
-0.24,8177
-0.148,8410
-0.372,9308
0.131,2056
0.35,1140
0.308,604
-0.557,10456
-0.18,8863
-0.313,10981
0.0774,3809
-0.372,10707
0.183,2328
0.0503,3978
-0.361,10318
0.07,3130
0.000443,5539
-0.314,9093
-0.131,8324
-0.275,10480
-0.0178,5457
0.153,1566
-0.022,5565
0.455,214
0.0961,3595
-0.143,7557
-0.0614,6607
0.0704,2910
-0.0169,6393
0.0785,3445
-0.362,10570
0.214,2484
-0.181,9211
-0.00463,5288
-0.0223,6101
-0.102,8421
-0.0786,8413
-0.0376,5901
-0.281,8476
-0.147,10103
0.16,1315
0.0347,4440
0.175,1814
-0.339,9538
0.124,3419
-0.133,10362
-0.0498,6608
0.488,153
0.298,1180
-0.252,8557
0.00241,5213
0.119,2265
-0.153,9619
0.19,2096
-0.156,7748
0.121,2390
-0.0104,5323
0.0709,2346
0.062,3389
0.124,2290
0.0675,3871
-0.0266,5648
-0.0685,6437
-0.0902,7208
-0.0379,5765
-0.064,6984
-0.239,9928
-8.84e-06,5172
-0.0231,5984
-0.29,8747
0.0909,2717
0.0437,4311
-0.141,7364
-0.389,8685
0.256,346
0.072,2179
0.0873,2537
0.566,94
-0.201,8555
-0.406,9051
0.169,1957
-0.0764,7361
0.0557,3554
0.0431,4278
-0.172,9421
0.301,244
0.117,3301
0.0275,4018
-0.0254,6431
-0.0632,7471
0.222,1356
0.61,671
0.106,3660
-0.0256,6270
0.145,1445
-0.493,11000
-0.511,11025
-0.00254,5317
0.0707,3567
0.011,5235
0.0101,4870
-0.0613,8237
0.0407,4227
0.625,99
0.144,3513
-0.239,10611
0.0869,2324
-0.00165,5342
0.532,39
0.176,1455
0.0516,3512
0.0581,3217
0.0246,4811
0.119,3111
-0.428,10753
0.341,1850
-0.0185,5584
0.00669,5131
-0.0307,6550
-0.0908,5660
0.0112,5069
-0.176,9195
-0.423,9766
0.197,830
0.222,1169
0.0159,5065
-0.0108,5622
0.127,2577
0.372,2074
-0.00424,5689
0.0216,4708
0.0865,3783
-0.19,8395
0.0187,4650
0.0797,3183
0.112,2964
0.31,157
0.116,2320
-0.071,6772
-0.868,10955
-0.245,10174
-0.0509,7299
-0.0877,6371
-0.3,10495
0.0519,3805
0.111,3045
-0.166,10872
-0.24,10774
0.256,993
-0.131,8805
0.563,237
-0.0843,6764
0.0809,4035
-0.0852,8426
-0.114,8501
0.138,3499
0.753,310
0.0687,3822
-0.074,6051
-0.27,10214
0.144,2285
-0.0452,6607
0.0938,2520
-0.191,8215
-0.079,8166
0.0306,4244
-0.106,7808
-0.393,8992
0.362,635
-0.109,6455
-0.278,10848
-0.136,9857
-0.0359,6970
-0.057,7026
0.042,4217
-0.22,9098
0.16,606
0.063,2933
-0.201,10722
0.192,3314
0.0164,4861
-0.0155,6179
0.307,606
0.254,889
0.0208,4363
-0.0234,5772
0.0121,4976
0.148,2719
-0.342,9426
0.058,3167
-0.214,9603
0.179,1637
-0.0781,7120
0.0934,1844
-0.161,8321
0.021,4697
-0.0494,6405
0.119,2832
-0.0519,6775
-0.0866,8712
0.322,157
-0.3,10509
-0.0317,5971
0.196,1190
0.282,114
0.00652,5145
0.146,3418
-0.229,9861
-0.0603,7648
0.644,66
-0.269,10436
0.0819,3890
-0.0111,5983
0.108,1764
-0.0757,6853
-0.242,10202
0.306,1319
0.418,724
0.0839,3395
-0.0188,5596
0.87,8
0.0733,3911
-0.018,5680
0.165,1951
-0.174,7745
0.048,3708
0.173,1117
-0.0706,8015
0.065,3698
0.211,1662
0.075,1433
0.0603,2980
-0.106,8369
-0.0877,6919
-0.295,9840
0.196,1189
-0.46,10560
0.00988,4872
0.0225,4665
-0.201,10171
0.0113,4868
-0.144,6653
-0.117,7165
0.0126,5004
-0.17,8712
-0.0147,5721
0.167,1981
0.25,636
-0.0936,7688
0.0489,3990
-0.09,7997
-0.0316,6485
-0.00116,5237
-0.0695,6588
0.0669,3890
-0.241,9162
-0.0291,5628
0.361,772
-0.0777,7003
0.0481,4373
-0.161,9521
-0.085,8503
-0.17,9137
-0.159,8412
0.211,1442
0.0334,3852
0.11,3174
0.019,4849
-0.0215,6299
0.0351,4031
0.11,3021
0.331,1234
-0.0645,8021
-0.133,9469
0.0565,2368
0.02,4536
-0.0685,8134
-0.138,6660
-0.0783,8160
-0.0482,6323
-0.00817,5587
0.0474,4167
0.0814,4204
-0.33,10887
-0.376,7994
0.218,1648
0.092,1948
-0.0038,5353
-0.0287,5910
0.114,3134
-0.0569,7661
-0.203,9829
0.0184,4684
0.0277,4813
-0.101,7192
0.144,2231
-0.514,10955
-0.282,10925
-0.103,8146
0.14,1588
-0.0664,6725
0.161,2666
-0.274,10603
0.0203,4200
0.101,1389
-0.261,10363
-0.0636,6881
-0.247,9745
-0.00795,5380
-0.102,8152
-0.0224,6314
-0.638,10804
-0.194,9912
-0.104,7933
0.824,16
-0.0153,5952
0.111,1929
-0.0452,6094
-0.257,8435
-0.144,10152
-0.204,7334
0.0837,2544
-0.117,8297
0.269,514
-0.273,9916
-0.166,7898
-0.0896,8371
0.249,454
-0.153,9763
0.544,193
0.144,2935
-0.0149,5368
-0.08,7358
0.867,77
0.0964,2583
0.316,1100
-0.00763,5530
-0.434,10782
-0.0144,5760
0.0135,5122
-0.146,9462
-0.156,9203
0.442,627
-0.0423,6146
0.089,2796
0.262,756
-0.251,10153
-0.116,7294
0.0267,4349
0.325,1085
0.15,2220
-0.0571,8029
0.204,1229
0.00862,5187
0.157,1086
0.162,1132
0.306,632
-0.118,9365
-0.174,9759
0.303,1615
-0.119,9772
-0.0633,6259
-0.155,9439
0.127,272
-0.0626,7576
-0.026,5667
-0.269,10314
-0.201,9402
0.158,2417
-0.0452,8078
-0.105,8297
-0.262,9508
0.0174,4917
0.213,248
-0.0315,6374
0.468,220
0.0846,2903
0.561,15
-0.428,10531
-0.145,8046
0.708,49
-0.0357,6702
-0.114,9024
-0.00933,5755
-0.226,9228
-0.144,8622
-0.395,10398
0.288,613
-0.126,9090
-0.248,10105
0.0286,4711
-0.498,10933
-0.146,7771
-0.106,7951
-0.0157,6223
-0.00752,5496
-0.396,10772
0.213,1056
-0.134,9474
-0.145,9514
0.086,3073
-0.283,10143
-0.162,6937
-0.0613,7090
0.219,1162
0.34,441
0.172,269
0.461,127
-0.139,8822
-0.215,7414
-0.386,10785
0.0141,4825
-0.0121,6132
0.219,1793
0.00968,4987
0.01,4864
0.22,1489
0.331,213
-0.0632,7832
-0.0925,8367
-0.123,7863
0.125,1773
0.402,1538
0.112,2562
0.0317,3714
0.53,44
0.141,1835
-0.0517,5763
-0.105,7774
0.0256,3838
0.11,1394
-0.00435,5528
-0.0562,6901
0.0315,4486
0.184,1070
-0.036,6290
-0.135,10117
0.242,380
0.00265,5004
-0.292,7126
-0.014,5485
0.0859,2716
0.0424,3842
0.257,446
-0.371,10711
0.11,2550
-0.0281,6393
-0.0173,6398
0.0333,4193
0.0944,2930
0.0848,4227
0.0247,4365
-0.334,9376
-0.323,9994
-0.0294,5803
0.0657,4132
0.204,580
0.106,1997
0.139,3237
-0.0478,6676
0.292,226
0.39,174
0.146,1826
0.219,1043
0.329,515
-0.113,8255
0.125,2568
-0.301,9488
-0.0344,5521
0.321,882
-0.319,9211
0.00237,5297
0.0252,4661
0.394,888
-0.0465,6550
-0.0348,5989
-0.0379,6256
-0.0797,7576
0.211,1560
0.038,4607
-0.102,7988
-0.176,8979
-0.411,10576
0.707,31
0.346,839
0.162,2709
-0.0039,4852
0.0738,3420
0.0997,3378
0.043,4117
0.113,2400
-0.0544,7081
0.0138,4861
-0.0195,5501
0.0226,4671
-0.0191,6129
0.0131,4842
0.0956,2191
-0.0283,6438
0.298,1274
-0.119,6886
-0.177,8821
0.274,263
0.132,3167
-0.175,8822
-0.0443,5067
-0.399,7303
-0.144,8030
0.214,1693
-0.071,7265
-0.309,9854
0.1,1799
-0.127,8950
-0.209,10598
0.0953,2168
-0.0215,5821
-0.0368,6096
-0.0792,7458
-0.197,8175
-0.0517,7233
0.129,1112
-0.16,7825
-0.15,8949
-0.314,9990
0.575,70
-0.246,10830
-0.0896,7049
0.353,858
0.822,22
-0.314,9617
-0.145,8348
-0.0444,6643
-0.0566,7452
0.0135,5063
0.0987,2206
0.2,699
0.304,1603
0.072,2945
-0.235,10454
-0.0607,6956
0.328,185
0.0115,4642
-0.0854,6217
0.0742,3097
-0.0353,6857
0.297,1296
0.0915,3267
-0.0273,5656
-0.00715,5560
-0.0501,7297
0.0255,4759
-0.631,10811
0.174,1963
0.0438,4037
-0.127,7476
0.371,153
-0.0561,7321
-0.168,9098
-0.025,5904
-0.0673,6704
-0.162,9212
-0.166,10015
-0.0039,5768
-0.312,9152
-0.0126,5599
0.00995,4916
0.121,2419
-0.098,7492
0.294,335
-0.119,8017
0.152,1002
0.127,2405
-0.0621,7598
-0.109,8383
0.32,373
-0.039,6054
-0.118,7497
-0.0256,5347
-0.206,10362
0.1,1966
0.12,1435
0.195,546
-0.0331,6174
0.00685,5293
0.0251,4736
-0.129,10580
0.057,4109
-0.0924,8007
0.224,1062
0.107,3723
-0.445,10994
0.132,2758
0.356,395
-0.0398,6213
0.0238,4855
-0.265,9671
-0.0458,7096
-0.437,10949
-0.0674,7203
-0.0473,6807
-0.27,7857
-0.343,10277
0.214,1698
0.0855,2907
0.0986,2856
0.515,62
-0.102,7748
-0.399,10838
-0.0887,7315
0.0647,3718
-0.198,9955
0.0753,3758
0.0451,4734
-0.108,7156
0.265,551
-0.00628,5650
0.26,1036
-0.246,9306
-0.138,8347
0.0759,3433
-0.0515,7438
-0.0433,6848
0.0661,3595
0.0819,2805
0.155,2845
0.107,2746
0.0152,4784
-0.218,10556
-0.323,10530
-0.347,10655
-0.0115,5694
0.0876,3189
-0.144,9516
0.173,594
-0.28,8132
-0.0338,5915
-0.304,6742
-0.147,9514
0.0502,3894
0.173,3135
0.966,260
-0.0732,7457
0.0605,3585
0.0688,3399
0.118,864
-0.0196,5634
-0.236,9463
-0.0649,6318
-0.237,9503
-0.177,9689
-0.162,8351
0.0694,4060
0.329,487
0.00037,5527
0.00812,5123
0.416,103
0.0601,2432
0.962,107
0.255,1240
-0.125,7509
0.275,856
-0.0587,7273
-0.0157,5692
0.341,397
-0.0396,7268
-0.204,5944
0.0844,2527
0.0543,3338
-0.103,9132
-0.0736,7724
-0.294,9737
0.0645,3869
-0.266,7718
-0.0604,8485
0.239,630
0.295,1221
-0.23,10037
0.404,1080
0.181,2241
-0.0144,5879
-0.337,10642
1.26,2
-0.13,8092
-0.197,6876
-0.221,8653
-0.0108,5771
-0.247,9894
0.324,765
0.0861,3192
0.0751,2452
-0.181,9053
-0.0965,7854
-0.419,11007
-0.0764,6925
-0.429,10951
0.273,1734
-0.245,9437
0.075,2348
0.0202,4665
-0.0536,7117
-0.0255,5804
0.0442,4356
0.00924,5092
0.00826,4879
0.193,687
0.0186,4964
-0.218,9211
0.0844,3197
0.143,852
-0.00776,5608
0.295,207
0.0651,3601
-0.21,9651
-0.0225,5397
-0.0847,7958
0.0222,3622
0.118,2126
0.0879,3269
0.727,354
-0.0914,8377
-0.405,10212
0.119,1521
-0.00323,5615
-0.0996,7184
0.0603,4113
-0.0667,6399
-0.193,9342
-0.051,7165
0.0831,3386
0.296,68
-0.089,8028
0.0427,4344
0.161,1949
-0.0164,5578
-0.0656,7403
-0.0431,6246
0.0413,4211
-0.139,7066
-0.122,6934
0.09,2037
0.15,1242
-0.13,7554
0.248,1296
-0.14,7935
0.111,2060
-0.324,10873
0.25,1614
-0.0528,8249
0.11,1729
0.6,751
-0.169,9127
0.224,697
0.276,556
-0.0533,7153
-0.079,7862
0.0812,3148
0.221,1874
-0.134,8886
0.0346,4168
0.242,1352
-0.265,10439
0.223,1020
-0.15,9013
-0.159,10486
0.057,3342
-0.299,10811
-0.378,10276
0.178,3367
0.126,2387
0.122,1211
0.0145,4736
-0.296,10276
0.217,1341
0.365,1858
0.0701,3565
-0.0157,5766
0.195,2184
-0.128,9165
0.408,163
0.0474,4698
-0.0868,8139
-0.101,8163
0.212,415
-0.0898,7984
0.152,2111
-0.338,10722
-0.136,9894
0.186,1458
-0.134,9829
-0.17,10213
-0.162,8791
0.175,1178
-0.0252,6571
0.0221,4188
0.31,1214
-0.142,9229
-0.216,10973
0.0643,4294
-0.1,7544
0.035,4153
-0.286,10940
0.502,92
0.0369,4000
-0.54,11021
-0.143,7987
-0.00494,5854
-0.186,10229
0.0115,5028
-0.000187,5438
0.00792,5364
0.169,2679
-0.0736,6814
0.032,3881
-0.0404,6558
-0.0779,6799
-0.0974,8843
-0.204,9076
0.206,1497
-0.244,10459
-0.15,7557
-0.0244,5821
0.049,3869
0.00921,4963
-0.00474,5800
0.0649,3984
-0.293,10593
-0.16,10309
-0.238,10287
0.0617,3810
0.0874,2118
-0.0697,8411
-0.224,8638
-0.257,10237
0.246,2474
-0.368,9584
0.0664,2251
0.0386,3059
-0.169,8697
0.0639,4290
-0.194,10729
-0.235,9655
-0.0369,6352
-0.0975,9428
0.0552,3593
-0.0706,7660
-0.00192,5285
-0.312,9484
-0.045,7363
0.164,627
0.104,2835
0.0395,4434
-0.281,10394
-0.197,7719
-0.154,8993
0.219,1373
-0.0268,6145
0.47,98
-0.0824,8170
-0.327,10805
0.208,479
0.00222,5316
-0.141,8429
-0.0372,5825
0.199,1582
0.256,1064
-0.233,9449
0.288,760
-0.024,5448
0.0142,4918
0.0719,2825
-0.0362,6457
-0.211,9643
0.21,1700
0.15,598
-0.0588,6696
0.0529,3607
0.147,1831
-0.379,10109
-0.188,9295
0.18,1302
-0.0999,7466
0.0784,2381
0.00657,5164
-0.141,9694
-0.125,8095
-0.252,9339
0.15,1251
0.126,1631
0.188,2112
-0.267,9950
0.328,348
-0.0271,6316
-0.119,9809
-0.0825,7641
-0.13,8035
-0.0105,5549
-0.191,9209
0.123,1139
0.113,1588
0.086,3100
-0.168,9909
-0.297,10976
-0.382,7807
0.152,840
0.306,227
-0.243,11011
0.211,1659
0.106,2190
0.0376,4153
-0.0553,6899
0.272,380
0.253,812
-0.807,10714
-0.604,10569
0.166,1463
0.0215,4750
-0.197,8230
-0.14,7876
0.101,2943
-0.0149,6126
-0.0297,5849
-0.00468,5751
0.0288,3922
-0.105,9167
-0.432,11013
-0.00391,5319
-0.129,8204
0.184,2678
0.00634,5142
0.00813,5161
0.31,383
0.0681,3291
0.0509,4416
0.182,2213
0.0329,3683
-0.291,10263
-0.00935,5513
-0.0261,6197
0.208,1509
-0.0927,8032
0.0277,4185
-0.00837,5698
0.0195,4875
-0.149,9520
0.572,85
-0.101,6374
-0.203,9886
0.00886,5018
0.189,2130
-0.11,7056
-0.165,7892
0.112,3384
0.0879,3420
-0.259,10446
-0.147,9489
0.0256,4596
0.401,75
0.147,1609
-0.154,9845
-0.0679,7358
-0.0129,5490
0.269,2210
0.173,2223
-0.228,9894
0.00972,5073
-0.0543,7256
-0.178,9679
0.2,1386
-0.0297,6130
-0.204,9416
-0.231,10311
0.0168,4945
-0.225,9336
0.0725,3222
0.119,1705
0.128,2775
0.162,3089
0.009,5081
-0.198,8463
-0.047,7646
-0.0704,8000
-0.00795,5418
-0.389,10932
0.286,2129
0.214,414
-0.183,10421
0.147,1560
0.194,2074
-0.204,9594
0.176,2248
0.396,231
0.0409,4248
0.166,604
0.0583,2910
-0.0612,7098
-0.106,7308
-0.022,5464
0.309,307
-0.439,10753
-0.0714,7260
0.146,2339
-0.517,7535
-0.636,10694
0.277,515
-0.183,8766
-0.122,6990
-0.102,6952
0.361,1414
0.108,2535
0.0997,2276
-0.193,9772
0.276,602
-0.171,7298
0.278,1618
0.0755,3568
-0.0714,8019
0.0711,1883
0.203,1767
-0.206,10238
-0.0339,6724
0.0817,3122
0.00603,5317
-0.0245,6469
0.174,2403
-0.229,8620
-0.215,9794
-0.118,7710
0.245,323
-0.0579,7076
-0.0243,5334
-0.471,10496
-0.148,9650
-0.193,7878
-0.0448,6206
0.0604,3752
-0.135,9298
-0.143,9764
-0.000512,5581
-0.0361,6440
0.0121,5060
0.104,2852
0.21,1416
-0.284,10874
0.214,1947
0.295,2701
-0.0287,6293
0.328,132
0.0404,4338
-0.346,10650
-0.173,9674
0.0182,4779
0.0626,3357
-0.0557,7545
-0.0952,8558
0.0907,3920
0.0473,4391
-0.243,9170
-0.00696,5848
0.0403,4248
-0.125,9432
0.0729,3677
0.0178,4801
-0.172,8161
0.00741,5096
-0.17,9346
0.181,2005
-0.0863,7371
-0.0291,6561
0.178,3049
0.0483,3950
0.0248,5032
0.0493,3932
-0.427,10227
0.142,2361
0.149,2046
-0.115,8720
0.194,1267
-0.109,7362
-0.0314,6389
0.00504,5320
0.102,2106
-0.118,9508
-0.132,9155
0.0492,3816
-0.383,8833
-0.371,10089
0.088,4033
-0.123,9214
0.255,453
0.128,1958
-0.339,9496
-0.187,9944
-0.0744,6273
0.163,248
0.086,2987
0.171,3244
-0.325,10956
0.398,1821
-0.184,7872
-0.011,6006
-0.26,10166
0.0554,4131
-0.114,6382
-0.283,8377
0.138,1756
-0.0779,8609
-0.0436,6352
0.123,2878
-0.229,9818
0.415,1951
-0.139,7051
-0.17,9227
0.123,1469
-0.00702,5626
-0.43,9935
-0.0345,6163
-0.0687,6874
0.0167,4965
-0.11,7683
-0.0652,6380
-0.217,9381
-0.189,7104
0.23,836
-0.0368,5954
0.174,2470
0.16,2010
0.141,1468
-0.0822,5104
0.0449,4331
0.0669,3443
-0.106,10367
-0.263,10661
-0.196,8684
-0.164,6137
-0.0881,7061
-0.185,10582
-0.075,8973
0.0193,4634
-0.38,9615
0.467,937
-0.239,10208
0.00263,5166
-0.0311,6486
0.0762,2789
0.153,1043
0.177,2114
-0.448,10983
-0.201,10494
0.562,156
-0.014,5562
-0.0672,6908
0.0894,3223
0.625,462
-0.166,9871
0.0517,4079
0.081,2936
0.304,139
0.166,1370
-0.176,9122
0.219,691
-0.188,9191
0.0313,4847
-0.211,10490
-0.323,10471
8.6e-06,5034
0.0009,5216
0.156,1316
0.0229,4734
0.143,2336
-0.207,9000
0.293,2877
-0.197,9943
-0.0518,7534
0.155,3306
0.00282,5390
0.0828,3140
0.537,63
-0.256,10351
-0.00174,5361
0.123,2722
-0.0934,6709
0.103,2122
0.0315,4565
0.0711,3245
-0.00523,5533
-0.144,8354
0.304,2276
-0.242,9702
0.0089,5216
0.164,1234
-0.27,9322
0.0767,2932
-0.152,8219
0.0663,3977
-0.269,8890
-0.0588,7010
-0.00859,5613
-0.15,8600
-0.194,10241
-0.237,9973
2.47,4
-0.0528,7092
-0.101,9419
-0.114,7375
-0.114,9072
-0.293,6598
0.0142,5184
-0.0161,5908
0.00493,5046
-0.0506,6407
0.442,1237
0.0307,4592
-0.302,9228
0.183,957
-0.393,10893
-0.19,7918
-0.108,8439
0.486,1616
-0.0229,5889
-0.12,8803
0.159,2515
0.581,50
-0.0871,8953
0.00681,5035
0.121,3730
0.0348,4389
0.00964,5148
-0.0328,6470
0.0976,2424
0.00679,5206
-0.147,9080
-0.123,7847
0.2,386
-0.371,10889
-0.163,9561
-0.64,10376
-0.111,7723
-0.324,10887
0.114,2406
-0.169,9059
0.248,221
-0.294,7057
-0.273,10906
-0.0515,6612
-0.211,8768
0.455,853
0.0564,4084
0.477,1551
0.117,2249
-0.32,9625
0.156,2041
0.161,2868
-0.112,8835
-0.196,9747
-0.0456,7470
0.036,4048
-0.0818,7780
-0.178,9686
-0.165,10228
0.413,445
0.0822,3320
-0.044,6819
0.0918,2693
-0.319,9504
-0.1,8865
0.0221,4795
-0.0888,7304
-0.197,7788
-0.017,5796
-0.252,10191
-0.14,9952
-0.0527,6539
-0.164,7382
0.00159,5439
-0.288,9392
-0.185,9075
0.173,1713
0.0774,3562
0.00536,5073
0.0579,2901
0.147,1051
0.35,719
-0.28,9669
-0.112,6676
-0.372,10402
-0.166,10684
-0.21,10925
1.24,128
0.109,2683
-0.0961,8178
-0.0191,6226
0.109,2771
0.0162,4651
0.35,763
0.355,1873
-0.0229,5087
0.0198,4683
0.21,929
-0.083,9321
0.0929,3940
-0.118,9393
-0.529,6878
0.22,2065
-0.196,9519
0.16,3101
-0.0534,6267
0.257,1273
-0.427,10429
0.0284,4700
-0.0874,7909
-0.111,8722
-0.0328,6659
0.0664,4053
0.131,2668
0.133,2091
-0.0697,8742
-0.264,10227
-0.0918,7984
0.376,1002
-0.0391,5498
0.199,546
0.0616,3290
-0.0153,6048
-0.156,9345
-0.148,8693
0.136,2378
-0.216,8023
0.0462,3624
-0.0595,6849
0.002,5217
0.0372,3303
-0.382,9907
-0.316,8062
-0.0388,6449
0.025,4629
-0.0724,7174
-0.397,10566
-0.112,8227
-0.155,8667
0.124,1612
-0.254,10046
-0.103,7010
0.244,839
0.188,3030
0.00658,5260
0.157,885
-0.00779,5550
-0.337,9610
0.00134,5538
0.0085,5083
0.156,2575
0.148,834
-0.11,8945
-0.227,9056
-0.0264,5887
0.233,2201
-0.0969,7146
-0.291,10010
0.097,2962
0.0866,3506
0.102,3215
-0.19,7883
-0.304,9063
1.27,2
-0.0348,7377
0.0387,4672
-0.0795,7817
0.425,800
0.102,2336
-0.0385,6790
-0.0682,7224
-0.392,10202
-0.157,8259
0.0292,3656
-0.354,9655
0.0888,2862
0.0631,3346
-0.261,9844
0.0777,4009
0.145,3175
-0.132,7190
0.131,2083
0.0623,3125
-0.0618,6858
-0.429,10226
-0.124,7953
-0.119,9018
0.118,2195
-0.0893,9782
-0.426,6903
-0.293,9377
-0.0762,8523
0.266,35
0.00222,5193
0.275,226
0.674,17
-0.163,8605
-0.199,9566
-0.322,10319
0.17,1286
0.0494,4005
0.0379,4214
0.207,2695
-0.0324,5439
0.103,2994
-0.219,10573
-0.119,8948
0.0598,4403
0.144,2060
0.141,3493
0.0138,4909
-0.333,10918
0.0568,3734
-0.142,7279
0.00141,4857
0.417,326
0.027,4125
-0.0804,7088
0.277,1119
-0.246,6893
0.0749,3294
-0.0715,7561
-0.108,6868
0.0712,4050
0.581,202
-0.395,10506
0.324,1263
-0.155,10392
-0.124,9451
0.0206,4649
-0.0827,8490
0.212,937
-0.371,9944
0.388,614
0.0099,4911
-0.0442,7302
0.125,2360
-0.0542,6868
-0.266,8371
-0.179,10398
-0.288,9940
-0.0426,6498
0.141,3177
0.189,1257
0.167,3337
-0.32,9124
0.28,1565
0.146,1262
-0.000336,5281
0.0808,2355
-0.224,8183
-0.483,10187
-0.0043,5409
0.0403,4439
-0.0291,5844
-0.388,10895
-0.155,9647
0.213,2186
-0.266,9310
-0.0247,6690
-0.0157,5761
0.41,267
0.195,1184
-0.185,6371
-0.236,9219
-0.036,6978
-0.0618,6463
0.324,970
0.321,778
0.0605,4085
-0.0929,6753
-0.282,10129
-0.212,8422
0.31,768
0.301,840
0.021,4313
-0.0846,7980
0.432,377
0.0324,4298
-0.183,9133
0.0722,3443
-0.485,9509
0.0632,2935
0.219,1369
-0.0985,7940
0.00197,5199
0.321,807
0.0763,3331
-0.482,10118
0.186,816
0.128,2095
-0.163,9060
0.0076,4829
-0.0661,7415
0.273,2179
0.0725,3068
0.116,2555
0.0153,4854
0.183,1577
-0.241,7286
-0.0343,5776
0.167,886
-0.163,8717
-0.206,7478
0.55,27
0.216,1193
0.0459,3911
0.262,670
-0.0346,6767
0.0104,4837
-0.792,10856
-0.201,7830
0.00593,5232
-0.0896,9197
-0.104,8313
-0.149,9492
-0.194,10051
0.199,757
0.267,1382
0.0995,2751
-0.243,10703
-0.135,6921
0.109,3100
0.277,472
0.0932,3686
0.103,1529
0.31,678
0.13,2206
-0.146,5928
-0.17,8970
0.2,1083
-0.335,9688
-0.073,7708
0.0803,3028
-0.165,7767
0.00737,5123
0.169,2438
-0.0408,6543
0.0442,3758
0.302,1606
-0.27,10152
0.446,131
0.195,869
0.0452,3599
0.0253,4129
-0.0668,6393
0.311,394
0.00284,4474
-0.289,11007
0.0351,4350
0.276,655
-0.566,10808
-0.135,8465
-0.135,8629
-0.156,8789
0.0377,3950
-0.013,5732
0.238,2204
0.281,1563
-0.356,10316
-0.0945,7861
0.0494,3686
0.0673,3288
-0.194,9059
-0.19,9405
0.0524,4271
-0.226,9030
-0.0405,6457
-0.0898,8719
-0.388,10763
0.363,2047
0.124,1726
0.198,360
0.0198,5171
-0.296,8866
-0.049,7025
-0.095,9275
-0.0413,6283
0.067,1957
0.182,1326
0.0602,2861
0.109,1518
-0.15,9481
-0.227,10005
0.0946,2786
0.0706,3848
-0.256,9813
-0.00102,5221
-0.111,7443
0.113,2284
0.37,835
-0.129,6262
-0.247,7836
-0.288,8977
-0.361,11001
0.601,811
0.0999,3150
0.0327,4083
-0.257,10563
-0.128,8244
-0.224,10633
-0.182,9478
0.43,1622
-0.0411,7351
0.262,682
0.46,140
-0.0849,6929
-0.072,6123
-0.159,8007
0.0807,2505
0.12,2614
-0.0404,6868
0.0952,2727
0.234,758
0.407,472
-0.0682,8857
-0.0957,8897
-0.173,8019
0.106,3204
-0.0738,6452
-0.0585,6794
0.0713,2986
-0.0187,5992
-0.0819,7188
0.324,370
1.05,234
-0.144,8674
0.149,1040
0.153,2232
0.0017,5169
0.169,1994
-0.0354,6184
0.135,2942
0.356,308
-0.213,10752
-0.0472,6119
0.754,224
-0.207,7078
-0.0318,6326
0.0516,4214
0.153,2396
0.196,2278
-0.136,8519
-0.0383,6414
0.831,598
0.0332,4497
-0.377,11030
-0.132,8776
0.0573,3609
0.194,1336
0.0956,2908
-0.0281,6324
0.228,1691
0.097,3466
-0.0957,6225
-0.0342,6759
-0.0499,7830
-0.171,9810
0.229,562
-0.0977,8035
-0.132,8262
0.0306,4438
-0.0299,6132
0.0236,4441
-0.112,6880
-0.328,6524
-0.247,9243
-0.0418,7517
0.0792,3403
-0.156,10552
0.0989,3938
-0.00769,5233
0.027,4733
-0.0439,7658
-0.274,5165
0.232,1950
0.146,2769
0.243,1498
-0.135,9526
-0.0192,5880
-0.162,8758
-0.175,8248
0.381,2307
0.117,2142
0.104,1737
-0.122,10424
-0.258,10684
0.0432,4286
-0.0434,6681
-0.0635,6286
0.167,767
-0.000518,5349
0.11,3510
-0.246,10928
-0.502,9327
-0.0696,7231
0.215,1257
0.252,1365
-0.000181,5051
0.0809,3338
-0.16,9179
0.853,230
-0.244,10145
0.138,3265
-0.0383,5985
-0.334,10839
-0.277,9138
-0.269,10792
-0.0517,7052
0.0504,3651
-0.0203,5892
0.105,3552
0.303,1467
-0.0298,5918
-0.178,9944
-0.111,9032
1.6,29
-0.297,9872
-0.197,9520
0.562,76
0.0165,5024
0.0619,3485
0.0453,4387
0.416,1024
0.0915,3746
-0.113,7844
-0.0201,6676
0.044,4057
-0.0766,7757
-0.256,9451
-0.321,10453
0.271,1274
-0.153,8288
-0.0325,6003
0.292,1057
-0.232,9140
0.081,3380
-0.231,6356
-0.0694,7633
0.154,2043
-0.176,9196
-0.0644,7784
-0.126,8314
0.103,2566
-0.0295,6750
-0.202,10633
0.0732,3022
-0.0406,6131
0.268,1249
-0.092,5824
0.0427,3865
-0.11,8437
0.18,2775
0.143,2654
-0.268,8062
0.0709,3856
0.0802,1469
0.265,1758
-0.0388,6549
-0.0754,7693
0.0179,4796
0.0075,5104
0.282,324
0.118,1605
0.363,1444
0.0481,4172
0.323,1615
0.323,640
-0.0236,5979
0.0333,4206
-0.0272,6455
0.00165,5394
0.0412,3872
-0.107,8864
0.102,2015
0.0164,4590
-0.298,9743
-0.0873,5754
0.752,60
-0.169,7897
-0.00674,5651
0.0911,2858
-0.0876,8285
-0.214,9216
-0.162,8490
0.207,1017
0.105,1620
-0.0974,8388
0.314,683
-0.189,9163
-0.0604,6140
-0.293,9249
-0.238,9767
-0.189,10099
0.268,1887
-0.196,8560
-0.272,8681
-0.0128,5792
0.00513,5362
-0.155,10388
0.3,777
0.0794,3418
0.0826,3376
-0.104,8708
0.149,986
-0.106,9064
-0.199,8904
-0.0264,6003
0.0646,4126
-0.129,9198
-0.14,10416
-0.0836,7713
0.00658,5009
0.206,638
-0.19,9089
-0.0787,6554
-0.0584,6343
0.415,116
-0.0721,7586
-0.261,10241
-0.182,9009
0.175,1896
-0.204,7964
-0.0928,9231
0.0882,3846
0.177,2430
-0.188,10004
0.252,1259
0.143,3586
-0.0211,6237
-0.0877,8642
0.107,3011
-0.00812,5323
-0.133,8683
0.0222,4803
0.334,47
-0.118,8792
0.12,3560
0.362,692
-0.0962,6032
-0.0519,7012
0.24,719
0.415,43
0.353,124
-0.0114,5470
-0.00415,5654
-0.213,8080
-0.531,10840
-0.0245,5721
-0.0789,7188
-0.157,9083
-0.426,10701
-0.114,6752
0.0347,4697
-0.15,10175
0.146,1560
-0.175,9407
-0.0799,7125
-0.023,5845
-0.389,10130
0.0935,2374
-0.262,10817
0.304,354
-0.262,10094
-0.0329,6002
-0.0597,8770
-0.151,8594
0.197,448
-0.0785,7234
0.0527,3597
0.175,1915
-0.199,7939
-0.181,10549
0.121,2271
0.245,302
0.126,3278
0.141,2776
-0.00151,5030
-0.0947,7389
0.0427,4010
-0.291,10205
-0.328,10746
0.24,942
-0.362,10510
0.304,515
0.0168,4568
-0.231,9721
0.163,2386
0.0187,4878
-0.345,8936
0.0232,4511
0.0158,4699
-0.0813,6324
-0.165,8641
1.6,77
-0.568,10357
0.056,3328
0.0661,3619
-0.208,9253
-0.304,10469
0.123,3065
-0.15,7279
-0.168,10469
0.0724,3522
0.0648,3371
-0.286,9733
0.438,29
-0.5,10238
-0.198,10949
0.471,4
-0.115,7173
-0.187,9460
-0.225,10468
-0.435,10419
-0.0502,7573
-0.0223,6835
-0.055,6169
0.132,1424
0.203,1661
-0.0702,6593
0.335,1226
-0.0197,5384
0.299,1316
-0.144,7837
-0.379,9562
-0.124,8338
-0.219,10581
-0.128,9599
-0.0256,4288
0.246,1913
0.576,275
0.000167,5273
0.000191,5420
0.0256,4479
0.0676,3685
0.128,3213
-0.199,7862
0.0644,3807
-0.00164,5264
0.0198,4719
-0.367,9792
0.0705,3896
-0.254,8693
0.0913,3452
-0.153,8798
-0.0813,10113
-0.18,8525
-0.109,5438
-0.217,10029
0.0811,3294
0.0238,4510
0.353,489
-0.0347,4748
-0.147,9162
-0.107,7106
-0.00188,5378
0.0762,3832
0.0216,4511
0.0974,3090
-0.17,9374
-0.272,10020
0.0134,4779
0.0542,3039
0.298,556
0.255,1350
-0.274,9206
-0.106,7160
0.467,1176
-0.212,6423
-0.118,10194
0.129,3009
-0.283,10401
0.0535,3827
0.0904,3751
0.236,1167
-0.217,9424
0.694,259
0.369,157
-0.185,8931
-0.141,9144
-0.0532,6890
-0.00112,5575
0.183,2647
0.254,1040
0.0238,4595
-0.0126,5190
0.115,2821
0.0446,3947
-0.24,9744
-0.202,9056
0.669,1025
-0.123,6789
-0.0216,6021
0.881,32
-0.232,10451
-0.222,10344
0.37,311
-0.101,7276
0.187,896
0.0804,2691
0.558,32
-0.166,9045
0.0356,4547
-0.285,10010
0.0457,3687
-0.0296,5934
0.0212,4954
-0.106,8496
0.348,196
-0.255,9514
0.0323,3333
0.292,779
0.075,3838
0.0362,4448
-0.119,7589
-0.256,8101
0.0412,4158
0.0814,2115
-0.147,8939
-0.0321,6501
-0.179,8486
0.241,1181
0.00891,5237
0.101,2925
0.11,2719
0.137,1637
0.0637,4169
0.107,3258
-0.31,9596
-0.0691,7153
0.178,2239
0.101,3521
0.00484,5281
0.00448,5049
-0.134,9746
0.123,1739
0.91,51
-0.376,10349
-0.0582,6453
-0.228,9195
0.0573,4022
0.018,4446
-0.272,10645
0.248,548
-0.317,8830
-0.134,8072
-0.0535,7009
-0.0431,6210
-0.213,9733
-0.105,7606
0.0743,4054
-0.073,7280
-0.132,9677
0.0703,2077
0.263,1511
0.037,4562
-0.349,10561
-0.0237,5238
-0.164,8687
-0.0685,7129
0.04,4374
0.301,2558
-0.00713,5435
-0.271,9609
0.14,1561
-0.0538,6487
-0.0783,6970
-0.0426,6737
0.0112,4942
-0.259,10382
0.113,2107
0.00742,5044
0.0932,3309
0.106,2724
-0.168,7465
0.38,1004
-0.0702,7850
-0.217,9762
-0.111,8405
-0.0972,7588
0.129,1289
0.137,2935
-0.264,10383
-0.212,9093
-0.0441,6743
-0.194,10317
0.0382,4406
-0.403,10050
-0.0559,7049
-0.284,9211
-0.121,8324
0.136,1811
-0.317,10625
0.384,580
-0.194,9890
-0.0518,8323
-0.113,8902
0.32,1160
-0.0715,6223
0.0824,2248
-0.0866,9468
0.441,144
0.106,2957
0.0339,4371
0.0447,4475
0.16,2444
0.0816,2311
0.19,746
0.24,1932
-0.0141,5804
-0.348,10650
0.105,1851
-0.078,9574
-0.159,10765
-0.208,6329
0.144,3484
-0.238,10981
-0.0857,7934
0.0349,4014
0.101,2842
0.267,2851
-0.112,6693
-0.145,8135
-0.118,7763
0.0374,3995
-0.127,8741
-0.00506,5511
-0.089,6449
-0.428,10094
-0.166,9481
-0.0913,7354
0.0115,5130
0.0485,3312
-0.0853,7118
-0.101,7663
-0.221,8959
0.059,3267
-0.0599,6406
-0.107,8234
0.122,3435
-0.208,7546
-0.0521,7731
-0.0419,6355
-0.183,10051
0.0991,2916
0.0384,4145
-0.105,8144
0.0972,2511
-0.276,9587
0.127,2445
0.0326,4365
-0.359,9503
0.351,818
-0.159,9701
-0.0563,6849
0.34,830
0.163,2303
0.106,2859
0.178,1165
-0.228,10507
0.0673,2730
0.0617,4155
-0.00178,5252
-0.291,9705
0.369,132
0.0777,1617
-0.0102,5464
-0.303,10778
-0.187,10677
0.00498,5141
-0.127,7904
-0.0651,7242
0.00792,5210
0.0701,3814
-0.0378,6042
0.0983,3115
-0.255,10627
-0.246,9021
0.0893,3508
-0.0838,8434
-0.00187,5291
0.235,1118
-0.364,10022
-0.146,9721
0.289,2049
-0.226,10628
0.234,1635
-0.121,7891
-0.0846,6791
0.243,653
-0.137,9774
0.0398,3921
-0.0736,6219
-0.135,6842
0.0508,4402
-0.2,9941
0.051,3821
0.0848,3697
-0.081,7589
0.112,2502
-0.0749,6642
-0.0693,8614
0.274,1141
0.0181,4622
0.183,539
0.0575,3901
-0.281,10177
0.0995,2935
0.0357,4048
-0.138,8198
-0.0484,6571
-0.349,9203
0.0459,4294
0.00299,5319
-0.0381,6251
-0.057,6874
-0.3,9577
0.471,1943
-0.632,10556
-0.0257,6626
-0.383,9769
-0.0787,7065
-0.214,9665
-0.313,10045
0.291,2786
-0.172,10137
-0.0589,5690
-0.0242,5707
-0.111,8326
0.136,3193
-0.252,9824
0.0865,2551
0.334,704
0.054,3630
-0.141,8030
0.00548,5111
-0.115,8790
0.108,1148
-0.133,8970
-0.0941,6990
-0.199,9560
-0.322,10294
1.14,10
-0.0251,5757
0.276,618
0.0156,4930
0.306,843
-0.174,9247
-0.406,10950
0.0232,4619
-0.138,8786
0.0518,4068
0.0498,3696
-0.13,7252
-0.0575,6397
-0.0463,6815
-0.0884,8093
0.146,1938
0.1,2807
-0.131,8649
-0.263,8284
-0.186,10525
0.0148,4840
-0.0956,7908
0.2,2244
-0.0227,5583
-0.225,9058
0.285,371
0.0295,4217
-0.0168,5732
0.191,2246
0.0151,4894
0.11,3693
0.116,2517
0.104,1534
0.152,2440
0.025,4596
-0.38,9474
0.00495,5177
-0.0688,8071
-0.233,10027
-0.101,6725
0.164,1405
0.116,2908
-0.0143,5751
0.286,300
0.199,537
0.135,2322
-0.333,10677
-0.000185,5076
-0.155,8441
0.18,1474
0.0062,5090
0.0682,2679
-0.0219,5910
-0.0677,6454
0.0393,3945
0.278,1726
-0.0808,7869
0.0519,3402
-0.317,10543
-0.0501,7454
-0.134,8556
0.121,2324
0.206,921
0.48,495
-0.165,9825
-0.195,7613
0.331,935
0.0148,4650
0.0887,2246
-0.0648,7412
-0.412,11012
-0.0529,7520
-0.026,5708
0.039,4340
0.11,2281
-0.0282,5676
-0.319,10394
0.0895,2928
0.786,0
-0.247,10283
0.0337,3703
-0.235,10584
0.0838,3212
-0.0461,5634
0.00427,5205
-0.0279,6329
0.162,2176
0.204,1755
0.0799,3082
-0.4,10654
0.194,1509
-0.033,6362
-0.0525,8229
-0.0958,8317
-0.0142,6122
0.0981,3269
-0.0361,6041
0.0434,4043
0.0844,1480
0.121,3219
-0.0577,6613
-0.341,10110
-0.643,10199
0.0335,4456
0.133,2172
-0.151,7780
0.0489,3306
0.0473,4066
-0.267,10244
-0.147,8286
-0.149,9777
-0.0584,6448
-0.117,8468
-0.0703,6717
1.84,478
-0.488,10583
0.278,539
0.6,111
0.387,207
0.12,3633
-0.213,8843
0.0476,4034
-0.0767,8491
0.165,2488
-0.124,6622
-0.227,9928
-0.177,8761
0.079,2849
0.00993,5004
-0.129,8950
0.0377,4287
0.0417,4245
0.221,2850
0.259,179
0.0828,2789
0.0167,4871
0.0458,4152
0.596,310
0.637,283
0.0946,2951
-0.0201,6322
-0.123,8705
-0.0408,6736
-0.0541,6664
0.173,3049
0.115,2611
-0.261,9266
0.259,1967
0.178,2040
-0.0304,5678
0.265,757
0.143,2427
-0.278,11015
-0.19,9741
0.00803,5010
-0.128,8535
-0.0698,6331
0.143,1377
0.068,2284
0.00191,5342
-0.0156,5098
-0.257,9748
-0.168,8272
-0.0265,7027
-0.02,6130
-0.106,7664
0.113,2607
-0.0418,6059
-0.338,10409
0.127,1790
0.0242,4438
-0.382,10956
0.00383,5134
0.0136,4892
0.0108,5015
0.0498,3642
0.101,2688
-0.204,9685
0.24,2210
-0.0813,6883
0.142,1095
0.0395,3954
-0.441,10881
-0.268,8210
0.45,365
-0.384,9962
-0.381,9733
0.252,553
-0.202,10380
0.565,97
-0.19,9548
0.0882,4077
0.0598,3966
-0.0709,6461
-0.146,9289
-0.148,9382
0.194,1279
-0.241,8431
-0.0097,5817
0.0429,3959
0.134,1534
0.014,4718
0.17,2393
-0.208,8195
0.22,2388
-0.133,9790
0.208,983
-0.262,9169
-0.208,9392
-0.0677,6338
0.073,3552
-0.043,5823
-0.00209,5558
0.0481,3973
0.246,962
-0.123,7577
-0.0893,6946
-0.0167,6057
0.101,1963
0.0813,3811
-0.119,8350
-0.159,10747
-0.121,7252
0.043,4084
-0.225,10864
0.00252,5166
0.306,1749
-0.324,9602
0.136,1271
-0.223,10660
-0.0804,8437
-0.125,9990
0.00412,5566
-0.133,8883
0.46,1473
-0.12,8007
-0.148,9411
0.0234,4864
-0.127,9764
-0.0175,5928
0.0327,3906
0.017,4142
-0.226,10746
0.412,213
-0.151,9101
0.333,1513
-0.0476,6125
-0.241,9960
0.101,2358
-0.373,10573
0.104,3393
0.0349,4030
0.274,2724
0.0187,4757
-0.149,10099
0.0673,3284
-0.0109,5508
0.104,3149
0.123,3273
-0.0424,7624
-0.121,8472
-0.00198,5696
-0.157,7855
-0.00265,5185
-0.427,10328
0.409,437
-0.209,10676
-1.8e-16,9576
