coef,rank
-0.0363,5717
-0.0501,6542
0.218,478
-0.384,10135
2.19,351
-0.565,9995
0.175,3370
-0.0678,7257
-0.075,7794
-0.253,10030
-0.00255,5247
-0.213,9066
-0.0776,7465
0.0848,2298
0.0411,4280
-0.022,5927
0.368,1780
-0.0994,5823
-0.131,10177
-0.0626,8870
-0.113,8434
-0.116,8951
0.382,1184
-0.215,8260
0.0221,4769
-0.0048,5248
0.0653,4004
-0.0153,5403
-0.0421,7264
-0.529,9313
0.2,1639
-0.083,7927
0.0937,3510
0.103,3739
-0.158,8492
0.304,1292
-0.012,5849
0.148,779
0.0112,4980
0.217,2246
0.213,1581
0.0647,3867
-0.0461,6946
-0.0454,7985
-0.00622,5423
-0.0437,6398
0.34,723
-0.193,8004
0.0636,2321
0.0229,4147
0.0875,3711
-0.0545,7146
0.0404,4405
-0.0548,6397
-0.107,7315
0.289,45
-0.0904,7709
-0.038,5619
-0.36,9610
-0.22,8893
-0.0119,5868
-0.0776,8255
0.0578,4239
-0.324,10459
-0.0109,5825
0.135,743
-0.0562,6790
-0.14,9996
-0.196,10191
-0.104,8757
0.193,1427
0.541,1259
-0.155,9547
0.423,26
-0.0159,5882
0.32,991
-0.0321,5560
-0.116,9076
-0.0793,7656
0.137,1643
0.104,2845
-0.148,8991
-0.242,8229
-0.0547,5955
0.115,1708
-0.077,7889
-0.156,9287
0.106,3642
0.0414,4098
-0.307,9621
0.0422,3815
-0.0862,9263
0.0859,3482
0.042,4294
-0.0627,6131
-0.0124,5341
0.0625,4024
0.0273,4318
-0.146,7272
0.0427,3847
0.0678,3569
-0.045,6329
-0.0146,5939
0.239,453
-0.101,8177
-0.234,9865
-0.29,9151
-0.0703,6555
-0.174,8765
-0.0398,6198
-0.0932,7140
0.0857,3152
0.64,1091
0.086,3783
-0.183,10474
0.0404,3716
0.0034,5324
-0.0329,6471
-0.154,10223
0.0465,4316
0.103,3054
0.198,365
-0.122,9451
-0.00342,5651
-0.113,7109
0.367,1794
0.0118,4899
0.206,1559
-0.107,7543
0.128,2355
-0.11,7523
0.186,2157
0.02,4700
0.258,525
-0.102,6948
-0.0626,7511
-0.3,6187
-0.253,8288
0.0703,2833
-0.144,9396
-0.00848,5609
-0.127,9820
-0.0864,6839
0.392,263
-0.0564,6739
0.208,986
-0.393,10523
0.193,1679
0.195,804
-0.105,7047
-0.0837,8004
-0.0172,6117
-0.48,6955
0.451,154
0.0793,4183
-0.175,9027
-0.0221,6180
-0.126,8599
0.355,1046
0.0571,3917
0.0104,5100
-0.0521,7040
0.186,1776
-0.0528,8064
-0.0219,5725
0.128,2754
0.0669,3122
-0.0308,6555
-0.181,9275
-0.0489,7151
0.148,2342
-0.0874,6288
-0.0697,7699
0.207,390
0.0177,4257
0.0248,4349
0.146,1289
0.264,1285
0.451,1685
-0.022,6356
0.166,1386
-0.247,10190
-0.113,8210
-0.132,8787
0.0884,2068
-0.00788,5699
0.117,1973
0.0761,3219
0.397,563
0.0928,2704
0.243,2818
-0.098,8453
-0.14,9599
0.0424,3284
-0.0642,7342
-0.106,7575
-0.273,8866
0.308,200
-0.0272,5868
-0.27,10220
-0.00701,5638
0.676,44
0.000157,4975
0.374,1288
0.122,1309
0.131,2154
0.049,4311
-0.0797,5945
-0.219,10050
0.127,2848
0.0641,3307
0.0726,2544
0.1,2768
0.315,886
0.0551,4265
-0.0363,5774
0.074,1922
-0.296,10967
0.108,2813
0.023,4888
-0.00111,5029
0.41,788
-0.141,8526
0.0872,2343
-0.114,9814
0.123,3102
0.382,1031
-0.0126,5868
-0.201,10602
0.00421,5296
0.233,183
0.0175,4875
0.0308,4848
-0.0396,6314
0.411,662
0.0429,3179
-0.075,6917
-0.2,9260
-0.152,7553
-0.152,8365
-0.161,8189
-0.238,5435
-0.273,8779
0.113,2410
0.0634,3531
-0.0407,6375
0.23,384
0.0559,4103
-0.327,10634
0.171,1568
-0.603,8768
0.258,1876
0.0535,3293
-0.162,10490
0.539,619
-0.063,6059
0.0091,4928
-0.274,7640
0.0298,4577
-0.108,8350
0.106,2530
-0.111,8503
-0.138,8590
0.0295,4695
-0.0782,7652
-0.198,9559
-0.476,10613
0.312,367
0.0156,5148
0.0946,3559
0.357,300
0.0671,2392
-0.158,9317
-0.192,9428
-0.221,9427
-0.0176,5712
-0.0289,5939
-0.23,9245
0.0445,4395
-0.142,8386
0.0519,4432
0.0319,4484
0.143,1818
0.418,448
0.18,1861
-0.34,10412
0.0343,4451
0.231,1079
0.057,3207
0.113,2665
-0.167,8589
0.00513,5177
0.174,2361
-0.0552,6368
0.041,3877
-0.051,7213
-0.0541,5995
0.0122,4818
-0.31,9732
-0.0606,5878
-0.000171,5282
-0.192,10228
-0.083,7627
0.168,1998
0.159,2023
0.399,1028
0.0212,4228
-0.0549,6262
-0.0411,6597
-0.163,7563
-0.343,10048
0.243,334
0.0956,1933
0.195,1087
-0.232,10333
0.106,3883
-0.217,8898
-0.157,8631
-0.375,10421
-0.0107,5217
0.287,1579
-0.064,7127
0.0425,4349
-0.425,9739
0.0423,3640
-0.145,9122
-0.218,10525
-0.0134,5471
0.00239,5076
-0.543,10822
0.0846,2232
-0.0101,5743
0.26,1783
0.303,1208
-0.0166,5837
0.117,3652
-0.202,10490
0.161,970
0.155,1289
-0.0556,7204
0.104,2768
0.13,2950
-0.0405,6878
0.0196,4867
0.423,821
-0.0788,8871
-0.0393,7114
0.0737,3556
0.0631,3329
-0.112,8263
0.177,3599
-0.312,7986
-0.347,5775
1.88,141
-0.0478,5697
0.504,1846
0.237,1881
0.0127,5137
-0.0904,7731
0.108,2679
-0.223,10978
0.096,1164
-0.367,7290
-0.209,9167
-0.141,8043
0.047,4538
0.159,2216
0.101,1718
-0.35,9145
-0.0381,6176
0.0639,3903
0.0698,3667
0.128,3087
-0.142,9636
0.207,1488
-0.0486,5897
0.161,2660
0.286,2541
0.0333,4604
0.186,820
-0.195,8153
0.136,672
-0.0868,7021
0.245,2692
-0.083,7843
0.204,967
-0.14,8984
-0.114,7800
-0.229,7262
-0.115,7526
-0.153,9785
0.0152,4719
0.132,2468
-0.0799,6251
0.179,1868
-0.207,7828
-0.0235,5860
0.0309,4259
-0.169,7407
-0.156,9436
-0.278,10101
0.106,2735
0.0525,3853
-0.284,10873
-0.0803,7394
0.00738,4944
0.333,848
-0.344,8763
0.0339,2440
-0.0648,7339
-0.118,7841
-0.118,7459
-0.29,10249
0.0684,3890
0.0302,4340
-0.034,7563
-0.0078,6578
0.0919,3090
-0.401,9839
0.0507,3918
-0.218,7953
-0.101,9339
-0.253,9649
-0.0137,5400
-0.138,7822
-0.458,10070
0.0227,4979
-0.0647,7803
-0.3,10608
-0.258,9504
-0.214,9121
0.351,386
-0.0443,6809
0.0899,2763
0.114,3010
0.265,792
0.0594,4201
0.0567,3733
0.101,3522
-0.143,9722
0.0252,4346
-0.174,4677
-0.156,7371
-0.119,7538
-0.339,9420
-0.0285,6425
0.0936,3614
0.591,178
-0.232,7755
0.181,2243
0.892,79
0.112,2414
-0.182,7680
-0.279,9467
-0.0347,6241
0.126,3504
0.18,1744
0.037,3741
0.0492,3201
-0.0648,6755
-0.0252,5812
-0.322,10842
-0.00375,5363
-0.0414,6960
-0.0207,5534
0.177,2390
-0.0203,5606
0.275,1111
0.289,1310
0.128,2244
-0.0954,8319
-0.0476,6169
0.0705,3629
-0.0282,6286
0.184,1352
0.13,2103
0.0594,4028
0.127,1940
-0.201,8379
-0.21,10200
-0.0421,6629
0.0379,3920
-0.0592,5831
-0.22,10705
-0.26,9903
-0.0212,5518
0.304,331
-0.148,9606
0.0234,4567
0.0776,2994
-0.0496,7051
0.064,3772
-0.0681,7241
-0.0117,6792
-0.132,8862
-0.166,10192
0.0925,3944
0.371,1490
0.156,1433
-0.138,9307
0.0396,3995
0.279,723
0.144,2283
-0.136,6362
0.0807,3169
0.0569,2588
-0.15,10045
-0.106,6416
-0.0114,5811
0.149,3377
-0.2,9000
-0.00854,5013
0.157,883
-0.177,6943
-0.181,7127
-0.264,8607
-0.0824,6321
-0.118,9589
0.195,678
-0.0937,8608
0.00127,5023
0.13,3227
-0.179,9097
0.124,1501
0.158,2058
-0.173,6539
0.202,2380
0.0612,4505
-0.311,7491
0.00336,5144
0.166,1668
0.022,4525
-0.0248,6203
0.41,90
-0.0775,6614
-0.143,9557
0.00455,5268
-0.451,8582
-0.603,9750
-0.446,8742
-0.276,7258
0.111,2210
0.233,1943
0.0544,3657
-0.142,8279
0.286,958
-0.268,10465
0.0258,4359
0.00745,5069
0.274,661
0.2,1234
0.454,1397
-0.209,7144
0.108,2353
0.281,998
0.161,2002
0.088,3038
0.122,2709
-0.188,9168
0.145,2022
-0.269,9931
-0.00785,5520
0.03,4307
-0.163,8510
-0.203,9553
0.234,497
0.306,152
-0.0323,6384
0.00232,5274
0.0233,4776
-0.092,8675
0.0465,4068
0.145,2907
0.0276,4671
-0.277,10432
-0.0734,6900
-0.183,9229
-0.105,8256
-0.0679,8171
0.249,2450
-0.202,9879
-0.115,7240
0.151,3819
-0.0711,7612
0.103,2665
0.182,2645
0.141,1384
-0.188,10415
-0.127,8046
-0.213,10517
0.051,3735
-0.21,10237
0.0579,3288
-0.0133,5259
0.988,39
-0.0134,6108
-0.315,10576
-0.114,7264
-0.171,9355
-0.0395,6107
-0.164,9504
-0.00921,5729
0.0851,3035
-0.219,9262
0.646,135
0.202,1402
-0.222,9134
-0.126,8746
0.136,1397
0.149,2990
-0.0375,7075
-0.333,9330
-0.0728,5225
-0.0532,7081
0.183,1159
-0.149,8539
0.187,1218
0.116,3119
-0.267,10084
0.123,2191
-0.0364,6748
-0.0748,8665
-0.0825,7924
-0.0734,7449
0.191,1596
0.0144,4753
-0.0315,5787
0.122,1425
-0.279,9492
0.0635,4329
0.154,1520
0.0146,4655
-0.00856,5832
-0.041,7026
0.0333,4750
-0.19,8988
-0.101,9025
0.0408,3261
-0.127,9056
-0.115,7223
0.168,2678
-0.271,9427
-0.226,9697
-0.469,10998
0.855,25
-0.015,5667
-0.331,9934
-0.148,9123
-0.0282,6493
0.326,100
-0.328,5760
-0.125,9515
0.709,199
0.00631,5023
0.214,226
0.15,3673
0.91,961
-0.253,5280
-0.471,10224
1.41,96
-0.0408,5748
-0.0173,5795
-0.116,9097
-0.051,7058
-0.138,9528
-0.0807,9616
-0.0321,6166
0.0387,4517
-0.319,8816
-0.134,9514
-0.0373,6376
0.135,1464
0.773,32
0.185,1173
-0.316,10008
-0.0834,8075
0.0121,5142
0.228,1228
-0.381,10093
0.135,2922
-0.107,7835
-0.0761,6685
-0.194,10478
0.0604,3610
0.253,1882
0.166,1120
0.0468,4553
0.423,632
-0.0939,8385
-0.0701,6461
-0.0908,7409
-0.273,7769
-0.234,10047
-0.232,9242
-0.0764,7408
-0.197,10012
0.00109,5074
-0.135,7967
-0.0509,6216
0.179,2523
0.179,2285
-0.127,8670
-0.0436,6452
-0.35,8419
-0.272,9689
0.167,2346
-0.0818,7471
0.00711,5135
-0.0244,6276
-0.109,8007
-0.352,8611
-0.336,5837
0.0343,4382
-0.117,9727
0.145,1350
-0.00436,5493
0.14,631
0.0539,4550
0.365,222
0.0212,4846
-0.0721,5982
0.0461,4324
-0.0937,7037
-0.108,7687
-0.125,8022
-0.283,10942
-0.0608,6397
-0.396,10423
1.28,261
-0.229,8786
-0.0969,8779
0.125,3020
0.0605,3972
0.00522,5333
-0.0795,7657
-0.286,8716
-0.124,8066
-0.159,9237
-0.0222,5991
-0.0473,6836
-0.496,10005
0.179,3596
-0.154,9767
0.0523,3432
0.349,128
-0.273,10595
0.276,797
-0.302,9663
-0.00323,5443
0.0488,3937
-0.0189,5560
-0.26,8922
0.0237,4768
-0.0349,6672
0.00994,5263
-0.056,7917
0.0443,3968
0.149,2934
-0.164,10665
-0.0546,6621
0.211,2279
-0.249,10916
-0.189,9277
-0.0935,7217
-0.297,10383
0.411,1282
-0.0622,6900
0.486,191
0.231,1031
-0.0725,6076
0.0392,4535
-0.0185,5639
0.106,1951
-0.493,10734
-0.0789,5919
-0.121,7758
-0.274,9739
-0.179,8813
0.146,1601
0.205,1534
0.072,4091
-0.0337,6819
-0.0928,5804
-0.247,8348
-0.333,10726
-0.0497,7739
0.059,4150
0.163,2652
0.0283,4581
-0.0175,5239
0.116,2052
-0.09,8034
0.00216,5364
-0.00907,6837
-0.00544,6065
-0.0515,10901
0.00922,3753
0.406,2932
-0.0242,5864
-0.0701,5175
0.165,3443
-0.455,6984
-0.0726,7032
-0.145,8258
1.16,157
0.124,3151
0.477,1205
0.0717,3256
0.217,1872
-2.02,10973
-0.00389,5506
0.0168,4830
-0.025,6715
-0.0316,5816
0.104,2915
-0.273,9348
-0.399,10553
0.223,2821
-0.151,7828
0.087,3062
0.267,1284
-0.285,6474
-0.0148,5387
0.0321,4655
-0.562,7337
-0.323,10703
-0.165,9717
-0.415,10741
0.288,638
-0.0427,7360
0.0814,2419
0.162,2641
-0.305,9748
-0.254,10548
-0.145,6771
0.0392,4479
-0.0446,7142
-0.0279,7198
-0.086,7321
-0.157,9346
0.00596,5421
0.0289,4778
-0.0317,5773
-0.0609,7049
0.0488,4321
0.255,1026
0.116,3007
0.0196,4961
-0.262,10959
0.134,2204
0.0604,3726
-0.0467,7156
0.16,2771
0.133,3587
-0.307,10781
-0.257,10711
-0.168,5093
0.199,868
-0.225,8968
0.167,2229
-0.0169,5941
-0.118,7976
0.4,729
-0.0759,8357
0.079,3837
-0.131,8768
-0.0948,8509
-0.0958,8261
-0.229,10567
-0.179,9353
-0.224,9619
-0.358,9818
-0.123,9741
-0.101,9000
0.92,344
-0.164,8279
0.0527,3901
-0.16,8712
-0.102,8244
0.0622,3300
-0.33,5969
-0.00522,4554
-0.185,10178
-0.278,7406
-0.163,9057
-0.0286,6745
-0.109,6976
-0.143,9244
-0.311,9985
-0.0934,9569
-0.0472,7179
-0.0932,8372
0.228,3239
1.83,217
-0.665,8911
0.235,1806
-0.106,7559
-0.119,7984
-0.0181,5085
-0.0453,6663
0.00701,4964
0.192,1337
-0.236,10397
0.0265,4744
0.1,3183
0.0673,3659
0.0902,3342
-0.0472,6816
-0.0872,7575
0.242,1749
0.0523,3576
-0.256,9410
0.195,1828
-0.13,8100
0.164,2103
-0.488,10302
0.3,1555
0.359,375
0.0881,3427
0.0856,3035
-0.00148,5452
0.209,1829
0.108,2545
0.685,13
-0.0967,8932
-0.222,10661
0.105,675
-0.211,9688
-0.158,9239
-0.063,6501
-0.087,9364
0.148,2733
-0.0898,8943
-0.312,8079
0.00802,4909
0.046,4584
-0.128,7406
0.0322,3822
0.134,2484
-0.452,9444
0.000638,5261
-0.194,10067
-0.191,7826
-0.104,8797
-0.0362,6156
-0.273,8975
0.216,1498
-0.108,7627
-0.137,7537
0.0847,1911
-0.0145,5889
-0.0206,5505
0.187,1146
0.69,102
-0.029,5361
0.316,1099
-0.0304,6090
0.373,355
-0.199,9382
-0.00642,5775
-0.0931,7186
-0.336,9120
-0.056,6031
-0.224,8370
0.25,252
0.0936,3140
-0.127,9211
0.0964,3830
0.479,1099
-0.148,5313
0.00416,5167
-0.0767,7676
0.341,2036
-0.0946,7701
0.0832,4077
0.00435,5552
0.0712,3122
0.0212,4401
0.0888,1642
0.535,251
-0.0162,6043
0.0897,2519
0.0156,4909
0.0359,4131
-0.0884,7470
-0.215,10402
0.0814,3884
0.341,1629
0.33,400
-0.152,9300
-0.126,8468
0.112,3164
-0.33,10634
-0.206,9100
0.216,1757
0.103,2439
0.0245,4636
-0.127,7341
-0.0343,5825
0.301,555
-0.137,9072
-0.226,8775
0.351,760
0.014,4977
0.428,326
-0.0153,5713
-0.0987,10768
-0.311,9936
-0.276,6709
-0.549,10319
0.0696,3682
-0.051,7255
-0.0989,8283
-0.325,10305
0.282,435
-0.19,6936
0.196,638
-0.199,9329
-0.0644,7947
-0.0263,5832
0.241,1977
-0.0234,4753
-0.359,10150
-0.124,7021
0.15,1846
0.0513,4427
-0.117,8029
0.1,3522
-0.0287,5559
-0.0554,7168
0.0613,3450
-0.28,8213
0.302,736
0.135,2782
0.332,2121
-0.0543,6855
0.0981,2853
0.197,2109
0.209,1378
0.108,3452
-0.017,5273
0.5,64
0.12,2282
0.0378,4330
0.0144,4793
0.048,3560
-0.242,6624
-0.178,10877
0.141,1939
-0.121,7762
-0.00179,5294
0.118,3386
-0.0266,6015
-0.0342,6153
0.00815,5058
-0.118,7253
0.0692,3549
-0.0294,6920
0.109,2750
-0.053,7235
-0.0984,8199
0.0652,3200
-0.00664,5612
0.456,204
0.156,2407
0.093,1966
-0.133,9056
-0.144,9121
0.161,1931
-0.0679,7416
0.0241,4611
-0.253,10652
-0.0618,7856
-0.42,9003
-0.0163,5501
-0.12,8021
-0.121,7236
-0.25,10412
-0.0745,7678
-0.478,10954
0.403,71
-0.35,6701
0.0968,2882
-0.0611,7090
-0.231,10151
-0.0503,7309
-0.155,8085
-0.0952,8150
0.184,1705
-0.109,8722
0.111,3692
0.133,2863
0.0515,4298
0.121,1930
-0.0374,6935
0.28,355
-0.0488,6664
0.778,48
-0.0546,6801
-0.183,10262
-0.0874,8487
0.148,1268
0.0192,4923
0.104,3339
-0.537,10274
0.0938,1857
0.0527,3401
-0.205,9392
-0.225,10449
0.0168,4894
0.229,1638
-0.19,8588
0.413,95
0.17,2288
0.395,421
0.000739,4967
-0.129,7252
-0.00879,5815
-0.221,10780
0.149,2754
0.0206,4875
-0.207,9807
-0.372,10032
-0.125,9219
-0.078,8333
-0.315,10218
-0.0447,6321
0.039,4367
-0.184,7032
0.422,232
-0.0422,6581
0.0107,5470
-0.162,8439
-0.132,9588
-0.1,6513
-0.0753,9078
-0.0649,6586
-0.016,5508
-0.425,9702
0.12,3704
-0.16,8873
0.177,1640
0.124,1459
-0.153,9350
-0.129,9309
0.758,1044
0.304,1247
0.0474,3575
0.11,2072
0.591,181
-0.251,9211
-0.00539,5053
-0.0956,8045
-0.0549,7165
-0.278,10820
-0.145,7762
-0.169,9197
0.0759,3370
-0.566,9255
-0.246,9650
0.0522,4015
-0.3,10785
0.2,1188
0.032,3777
0.467,264
-0.11,9848
-0.493,10947
-0.049,6520
-0.0837,7758
0.155,3461
-0.439,10741
-0.134,10054
0.302,220
-0.013,5705
-0.172,8535
0.473,389
-0.123,7116
-0.0587,7330
0.0304,4460
0.00434,5113
-0.302,10290
-0.0336,5986
-0.291,10379
0.00246,5100
-0.0613,7384
0.0391,4329
-0.189,8166
0.0717,3657
-0.0547,7417
0.125,2963
0.119,3028
0.198,1965
-0.0513,6446
0.0722,3558
-0.0833,9355
-0.00759,5792
0.000918,5369
-0.0879,7921
0.27,1860
-0.195,10322
0.178,692
0.0391,3970
0.118,1860
-0.356,9288
-0.168,9176
0.432,24
-0.137,9368
-0.0393,6090
1.13,61
0.0985,3409
-0.122,8114
-0.206,7220
0.147,1717
0.11,2772
-0.112,8414
0.208,1564
-0.194,9340
-0.114,7671
0.0908,3625
0.027,4315
0.234,548
0.0241,4760
-0.505,10724
0.105,3750
0.0496,3932
0.166,360
-0.101,8167
0.0846,2900
0.0255,4398
-0.232,10488
-0.108,8948
0.144,1213
-0.014,5704
-0.058,5792
-0.596,9581
0.464,1488
0.154,2407
0.0298,4485
0.229,1616
9.82e-05,5352
0.0684,4140
0.142,2637
0.101,3444
-0.0899,7508
0.0307,4476
0.147,3267
0.152,1185
-0.0783,6535
-0.0634,7591
-0.0337,6921
-0.111,8842
-0.289,9870
-0.0499,6600
-0.0976,6801
-0.031,6944
0.0708,3505
-0.191,9277
-0.148,8938
0.0176,4910
0.721,84
0.0616,3919
-0.324,8990
0.16,2497
0.0501,4037
-0.0562,6201
0.0864,3942
-0.0882,7392
0.0828,4104
0.196,1375
0.149,1802
-0.145,7995
-0.484,10332
-0.264,10797
-0.0119,5724
0.00706,5019
-0.303,8536
-0.0279,6322
0.444,226
-0.079,9163
-0.235,10490
-0.119,7368
0.0668,3444
-0.178,7649
-0.12,8547
0.136,402
0.427,280
-0.238,10181
-0.0647,6153
0.114,2370
-0.11,9281
0.0738,3460
0.111,3109
0.165,1085
0.123,1916
0.0579,3489
-0.0295,6507
0.143,1013
-0.0372,6490
-0.17,7399
0.00479,5067
-0.00941,5578
-0.04,6426
-0.1,7304
-0.077,7186
-0.198,8228
0.00034,5215
-0.235,9172
0.0243,4393
-0.176,9938
-0.202,10185
-0.031,6368
-0.297,8324
0.0135,4693
-0.0636,7531
0.236,440
0.343,952
-0.0492,6919
0.381,1172
-0.181,9198
0.0904,1620
-0.081,8563
0.399,235
0.282,507
0.000404,5062
-0.224,8825
0.0411,4348
-0.0473,7444
0.108,3203
0.0692,3216
-0.287,9927
0.964,0
-0.182,9634
0.0797,2187
0.199,850
-0.326,10938
0.395,467
-0.13,8372
0.114,1645
0.0542,3557
-0.0965,7622
0.065,3677
-0.26,10151
0.0547,4121
0.293,129
-0.128,8796
0.00784,5071
0.0809,3009
-0.0445,6450
-0.398,10641
-0.154,9227
-0.117,8743
-0.165,9479
0.269,2673
0.176,1187
-0.0396,6184
-0.034,6700
0.177,3534
0.245,2487
-0.436,8914
-0.476,8003
-0.245,10608
-0.177,8765
-0.24,7412
-0.352,10866
0.304,496
0.646,174
-0.0826,7291
-0.0878,9184
-0.319,10191
-0.371,10238
-0.161,8851
-0.251,8904
-0.0571,7189
0.0153,4443
-0.117,7680
0.125,2364
0.354,1003
-0.0835,8814
0.147,3639
0.0249,4364
0.0878,4166
0.108,2104
0.0352,4328
0.0312,4277
0.159,485
-0.0455,6568
-0.369,10922
0.018,4667
-0.54,10597
-0.297,8309
-0.016,5910
0.0124,4967
-0.372,10540
-0.0193,5910
0.0067,4975
-0.463,8487
-0.0509,7295
-0.21,10020
0.278,1056
-0.0743,8214
0.365,388
-0.202,9642
-0.139,9419
0.0136,4953
0.0875,1991
-0.126,8920
-0.0216,6133
0.0169,4994
-0.0394,8224
0.0922,3005
0.0872,3704
-0.0143,6126
0.275,1691
-0.0485,6824
-0.029,6422
0.0642,3170
-0.23,9750
-0.107,7085
-0.0901,8256
0.517,600
0.0504,3490
-0.145,8947
-0.0446,9942
-0.0974,6659
0.033,841
-0.22,8755
0.0914,2905
-0.492,10024
-0.122,7566
-0.000384,5157
-0.327,10568
-0.127,5838
-0.0975,7608
0.0714,4157
0.0286,4885
0.0843,2396
0.234,2107
-0.176,8248
-0.0908,7398
0.063,3747
-0.136,8027
-0.0365,6590
0.122,1961
0.0926,3401
0.342,1458
-0.0214,5348
0.0712,3612
-0.113,8587
-0.11,8646
0.0234,4819
0.172,2581
-0.0844,6380
-0.238,9608
-0.103,10061
0.287,819
-0.0185,5732
0.0202,4830
-0.135,8663
-0.0517,6151
-0.0922,9040
-0.0104,5945
0.106,2763
0.214,1277
-0.0221,6182
-0.119,7052
-0.299,9791
0.104,2408
-0.104,7600
0.144,2189
0.127,2483
0.154,3269
-0.238,10816
-0.117,9187
0.426,428
0.204,2001
-0.0373,5761
-0.411,9040
-0.199,9814
0.175,2667
-0.212,10166
0.0193,4772
-0.11,6596
-0.0123,5482
0.0297,4205
-0.239,10431
-0.103,7191
-0.113,8400
-0.0547,6596
0.092,3908
0.106,2607
-0.109,10192
-0.443,10594
-0.036,5870
0.117,3308
0.182,3278
0.013,4904
-0.0358,6280
-0.0231,5898
0.14,2228
-0.0706,6520
0.0996,3039
-0.107,10323
-0.0086,6013
0.0418,4147
-0.0221,6031
-0.236,7221
-0.171,9887
-0.0619,7863
0.115,2989
0.198,1862
0.0865,3889
-0.35,9496
-0.128,8119
-0.335,10606
-0.352,11018
0.0249,4745
0.00184,5461
0.122,3034
0.382,187
-0.181,9519
0.0675,3001
-0.27,9762
-0.228,9741
0.0652,3515
0.036,4288
-0.11,10083
0.0257,4105
1.37,7
-0.35,9090
-0.449,10265
-0.427,10753
0.192,2535
-0.0614,7460
0.193,927
0.0538,3850
0.0165,4803
-0.273,10396
-0.0643,7088
0.104,3147
-0.107,6506
-0.0865,5897
-0.0412,5259
0.0745,3699
-0.112,8873
-0.00075,5326
0.0383,4285
0.00903,4912
1.01,89
-0.0307,5167
-0.0114,5824
-0.0769,7280
0.224,730
0.679,747
0.621,1349
-0.00475,5141
0.0294,4693
0.0644,3314
0.071,4156
-0.308,8574
-0.0443,7095
0.193,521
-0.235,10262
0.114,2297
0.179,384
0.12,2297
-0.0613,6727
-0.186,9263
0.116,2295
0.0794,2988
-0.0312,5632
-0.101,8335
0.225,2254
1.36,87
0.0804,3501
-0.0189,5615
0.405,335
-0.0282,6215
-0.388,10137
0.0353,4621
0.00801,5263
-0.0122,6167
-0.16,6993
1.03,271
0.00925,4929
-0.36,9869
-0.198,10656
0.178,673
0.229,878
0.0845,3764
0.241,948
-0.00887,5760
-0.0903,8501
-0.287,10621
-0.199,8676
-0.14,8567
0.241,633
-0.313,9973
-0.0346,6117
-0.00439,5423
-0.0738,7401
-0.0138,5401
0.138,2053
-0.417,10825
0.102,2614
0.00102,5353
-0.0186,5894
-0.0804,6608
-0.278,8296
0.37,2104
-0.183,9509
-0.0834,7934
0.416,913
0.458,838
-0.153,9592
0.021,4680
-0.144,9887
-0.0395,6879
0.108,1470
-0.31,10406
0.0999,3130
-0.107,7628
-0.0392,6630
0.00351,5175
0.191,1232
-0.0486,6831
-0.0587,8168
-0.192,8034
-0.0771,8509
-0.0379,6286
-0.354,10350
-0.053,5998
-0.3,10890
0.161,2616
-0.125,9764
0.241,2827
-0.0784,7425
0.117,2919
0.196,2574
-0.213,8689
0.0545,3571
-0.0916,8462
0.06,3186
0.0113,5095
-0.166,8004
0.0168,4662
-0.00795,6015
0.00921,5039
-0.111,6282
-0.0419,6788
-0.138,8335
-0.194,10002
-0.0984,7124
-0.254,10995
-0.308,10567
0.302,912
-0.162,9386
0.0162,4835
-0.178,8749
0.0799,3429
-0.0578,6362
-0.354,10143
-0.0962,6407
0.0254,4554
0.0123,4991
-0.162,9022
0.172,1451
-0.0929,7484
0.539,476
0.00807,4824
-0.128,9278
-0.185,7784
-0.0819,8415
-0.272,8837
-0.151,6998
0.0157,4776
-0.00423,5313
0.164,447
-0.0723,7260
-0.0858,7905
-0.0972,7881
-0.224,10746
-0.0861,8697
0.145,2699
-0.0219,5714
0.358,445
0.594,222
-0.0487,6678
0.0777,2920
-0.291,10307
0.377,298
0.0188,4974
-0.0456,6211
0.0392,4455
0.257,285
0.387,1929
0.0375,4107
0.0219,4599
0.0265,4827
0.263,270
-0.0887,8156
0.00461,5212
0.347,954
0.0312,4751
0.045,4289
-0.0873,8107
0.0721,3572
0.185,506
0.751,151
0.151,3094
-0.271,9923
-0.0809,7422
0.0743,2874
-0.0194,4877
-0.274,9175
-0.247,9170
-0.849,8934
-0.118,8198
-0.194,6847
0.125,2645
-0.0137,5105
0.178,1323
-0.237,10362
0.141,1414
-0.0744,7796
0.326,1926
0.137,2462
-0.224,9962
0.233,146
-0.0786,9229
-0.117,9488
-0.243,9042
0.638,149
0.682,258
-0.0658,6927
0.0595,2281
-0.259,10826
0.175,1654
0.174,3338
0.0063,5109
0.416,899
-0.152,9323
0.0122,4675
0.438,560
0.119,2756
0.0939,3406
-0.0717,7515
-0.0214,5857
-0.0654,6319
-0.346,6191
-0.19,9057
-0.0542,6952
-0.0272,5970
0.223,1498
0.0651,3885
0.318,1380
-0.269,10377
0.0688,4195
-0.0297,6200
0.15,500
-0.102,7535
-0.189,9373
0.116,3116
0.0223,4596
0.199,878
-0.0922,8189
0.746,568
-0.00368,5377
-0.0813,6566
-0.262,7025
-0.209,10759
0.0181,5079
0.0151,5077
-0.185,8077
-0.333,10461
0.39,2227
-0.272,10902
0.149,2092
-0.3,6728
-1.24,10730
-0.145,9506
-0.118,5336
-0.0253,6479
0.0839,2745
-0.426,8695
-0.138,6823
0.0375,4778
0.299,1365
0.12,2998
-0.146,9845
-0.088,7926
-0.012,5514
-0.397,9781
0.134,2787
0.00444,5290
0.066,3633
0.11,3398
-0.0474,6519
0.0601,3884
0.0681,2761
0.129,2300
-0.0103,5437
0.351,1227
0.296,401
-0.221,9588
0.201,448
-0.0739,6697
-0.164,7978
0.284,644
0.351,1305
0.249,1872
0.17,1493
-0.136,9318
-0.253,10775
-0.13,7570
-0.0163,5781
-0.0624,6908
-0.0798,10278
-0.039,7857
0.652,347
0.323,518
0.108,1721
0.0143,5041
0.021,4544
0.0529,3350
-0.37,8371
0.637,342
0.568,1436
0.0308,4528
0.133,2742
0.203,1990
-0.0592,6594
0.108,3861
0.183,2109
-0.11,7979
0.0664,3408
0.16,2214
-0.218,8559
0.51,740
0.0674,3945
0.0577,4276
-0.135,9516
-0.129,7878
0.105,1276
0.0138,5149
0.184,2098
0.0525,4289
-0.115,8646
0.0782,3006
-0.0186,5718
-0.051,6220
0.0312,4610
-0.0139,6115
0.0483,4040
0.0552,3687
0.147,2452
0.434,785
-0.222,10040
-0.333,9945
0.166,1437
0.345,525
-0.0604,7000
-0.0893,7929
0.0701,2722
-0.0456,6275
-0.1,8221
-0.1,8146
0.359,472
-0.0964,8293
0.132,2483
0.102,2863
-0.0529,7844
-0.0295,6497
-0.52,11014
-0.217,9021
-0.0608,7993
0.0716,3145
0.0671,3623
-0.101,7936
-0.139,8604
-0.392,10883
0.318,935
0.156,3270
-0.0931,7534
0.0522,3639
-0.481,10977
-0.336,9067
-0.284,9853
0.0625,4079
0.274,1040
-0.1,8001
-0.131,8091
0.982,403
0.0517,3206
0.603,279
-0.268,10098
0.00568,5186
0.461,1561
0.293,530
0.0191,4792
-0.19,7348
0.00803,5101
-0.0903,6596
0.136,2286
-0.106,7709
0.0105,4718
-0.268,9160
-0.119,9866
-0.0198,5924
-0.223,8875
0.368,1096
-0.155,8494
-0.131,9418
0.00122,5334
0.0656,2489
0.231,461
-0.141,8022
0.196,677
-0.187,9173
-0.0439,6898
0.0421,4254
-0.19,10137
0.0197,4701
-0.363,10352
0.269,221
-0.219,10123
-0.0715,6790
-0.161,7395
0.139,1365
0.083,4394
0.214,1567
0.0426,3422
0.267,1788
0.302,694
0.105,2357
0.0796,3047
0.2,1666
-0.03,6709
0.0457,4291
0.321,818
0.151,3029
0.114,3573
1.03,173
0.0273,4456
-0.0303,6490
-0.0998,9244
0.12,3260
0.0242,4582
-0.268,9561
0.146,2055
-0.0617,7094
-0.358,10205
-0.0355,6304
-0.346,9989
0.181,2638
0.0728,3117
-0.0936,8226
0.201,2236
-0.0334,6544
-0.0738,6459
-0.689,10761
-0.0493,7670
-0.0423,6120
0.349,690
0.108,2196
0.0397,4333
0.74,414
0.118,3118
0.201,2068
0.0466,4091
-0.0599,6529
-0.147,8033
-0.0312,6319
-0.03,6409
-0.104,6829
-0.0086,5504
0.0319,4178
-0.559,10645
0.129,3211
-0.0409,7600
0.0607,3447
-0.117,8978
0.0937,2420
-0.218,9968
-0.00181,5517
0.0535,3997
0.0193,4485
0.0772,3392
0.318,871
-0.31,10057
-0.0835,7868
0.133,2169
0.00372,5043
0.524,760
0.0584,4146
-0.191,9753
0.271,2289
-0.143,9938
0.237,393
-0.154,10193
-0.0012,5583
0.137,2105
0.229,1363
-0.0218,5563
-0.167,7656
-0.152,9369
-0.31,10135
-0.157,7594
0.0272,4542
0.743,69
0.0128,4334
0.219,1751
-0.268,9868
-0.00669,5447
-0.0122,5304
-0.314,10668
-0.32,10289
0.243,1241
-0.157,8138
0.00662,4957
0.0094,5033
0.0866,2881
-0.0854,8484
0.0806,3579
-0.0811,8025
0.303,1788
0.0171,4730
-0.0431,7219
0.00453,5402
-0.14,7564
-0.0915,8508
-0.286,10169
-0.179,10910
-0.121,7623
0.0316,4090
-0.0246,6123
0.00627,5074
0.267,2206
0.36,1348
-0.0887,6662
-0.139,7834
0.0268,4470
-0.0696,6769
-0.179,6324
0.169,2437
-0.151,8360
-0.307,10907
0.0854,3456
0.268,206
0.115,2068
0.317,1708
-0.0347,7198
0.0311,3583
0.147,2834
-0.191,8476
-0.04,7567
-0.433,8522
-0.0408,7148
0.156,857
0.0125,5042
-0.173,9010
-0.184,7153
0.175,2724
-0.184,9997
0.00432,5002
-0.0957,7832
-0.109,8058
0.0881,4274
-0.343,10588
-0.0497,6682
0.0717,2801
0.0102,4947
-0.108,7107
0.105,3864
-0.0882,7267
-0.177,10740
-0.0125,5991
0.136,1284
-0.476,10715
-0.0988,6377
0.0274,4657
0.0346,4052
-0.0632,8624
-0.13,8178
0.376,1722
0.66,32
0.0486,4372
-0.257,9591
-0.143,8100
0.0608,4135
-0.0175,5886
0.258,1992
0.147,2635
0.109,1911
0.163,2859
-0.192,8642
-0.0772,8288
0.757,281
-0.268,8709
0.0749,2464
-0.257,10230
0.521,137
0.217,1872
0.13,2369
-0.0929,6616
0.0194,4648
0.0611,3967
-0.186,9639
-0.419,10253
-0.624,8094
-0.0769,6447
-0.146,9105
0.0137,4812
-0.0138,5617
0.0435,4247
-0.257,10030
-0.0294,6046
-0.148,8704
0.291,276
0.0131,4849
-0.289,7342
-0.0801,6627
0.114,3145
0.0409,4148
0.161,341
0.19,2098
-0.449,10751
0.219,467
-0.203,9028
-0.0138,6223
0.136,819
-0.565,10561
-0.0191,6243
0.224,1424
-0.122,7415
-0.318,10637
0.268,845
-0.309,10320
0.321,1309
0.0543,4001
-0.106,6561
0.0485,4126
-0.0121,5717
-0.333,9783
-0.217,9348
-0.223,9020
0.251,2840
0.13,1696
-0.0255,6344
-0.303,9892
-0.0497,7022
0.138,2667
0.307,1092
-0.0315,6101
-0.167,10131
-0.00855,5549
-0.104,8344
-0.0415,5421
-0.146,9012
-0.0489,6611
-0.0846,7926
0.0344,4566
0.0198,4877
-0.453,10590
0.334,272
0.0842,2709
0.189,280
0.164,2536
-0.48,10802
2.22,17
1.29,417
-0.207,9592
0.0799,2568
0.636,206
-0.173,9594
0.0809,3200
-0.108,6103
0.191,991
0.0746,2655
0.153,2122
-0.407,10701
0.166,2017
-0.378,9945
0.0478,3342
-0.00257,5387
-0.505,10150
0.168,1906
-0.0756,6912
0.0398,4325
0.136,1761
-0.0894,7974
0.156,1736
0.0869,3454
-0.11,6364
-0.00121,5255
-0.0389,7401
-0.373,8657
0.0934,2248
0.347,676
0.11,3499
0.576,613
0.0547,3879
0.052,3533
0.69,45
0.434,165
0.188,1987
-0.204,6490
0.142,2856
-0.206,9259
-0.166,7307
0.158,2257
0.106,3376
-0.0106,5893
-0.248,10599
0.557,121
-0.112,9041
-0.0383,6130
0.328,412
-0.289,9202
0.126,2214
0.488,886
-0.00224,5396
-0.303,10421
0.0319,4326
-0.0875,7098
-0.12,9074
0.31,1166
0.207,1591
-0.326,9197
0.0465,3253
0.354,440
0.163,1369
-0.243,9546
0.0321,4538
-0.0331,5682
0.0434,4577
0.411,112
-0.218,8734
0.658,34
0.315,987
-0.00256,5309
-0.208,10276
-0.165,9014
0.0871,1824
0.122,3010
-0.0622,6475
0.127,2381
0.158,1431
-0.0715,8111
-0.217,10785
-0.134,7992
0.0131,5123
0.22,2462
-0.0499,6826
0.108,2518
0.0523,3876
0.415,233
0.393,215
0.118,3355
-0.212,7700
-0.0576,6796
-0.0342,6841
-0.0819,8112
-0.151,9108
-0.217,6982
-0.247,8126
-0.0658,8388
0.0724,2498
-0.0264,6187
-0.0147,5440
-0.081,5658
0.181,1149
0.0043,5144
-0.0427,6924
-0.33,10555
-0.133,7815
0.0214,4585
-0.113,9860
0.0238,4366
-0.0404,6749
-0.179,9844
0.0636,3430
-0.124,8498
0.00534,4952
0.218,1386
-0.0834,7795
0.116,3412
0.0268,4587
-0.0428,6082
-0.401,10482
0.0438,4300
-0.103,7393
0.0799,3658
-0.584,10535
-0.518,9290
-0.00283,5383
-0.144,9307
-0.294,9397
0.192,3469
0.00196,5083
-0.199,10200
0.183,1453
-0.0865,8431
0.0145,4872
-0.119,8082
-0.199,9969
0.169,2309
-0.186,9579
0.0699,3364
-0.151,8313
-0.396,10858
-0.13,8173
-0.239,8861
0.126,3183
0.175,2564
0.00707,5038
-0.128,8803
-0.131,6145
-0.0729,5929
-0.0636,6606
-0.0904,8033
0.0484,3953
-0.146,7793
-0.111,9453
-0.223,8536
-0.0417,7337
0.165,1470
0.164,348
0.0579,4347
-0.0528,6276
0.0194,4375
0.0734,3934
-0.022,5878
0.541,76
0.26,1491
-0.111,8025
-0.315,9261
-0.26,8245
0.0761,3374
-0.0413,6890
-0.146,9269
-0.0407,7413
-0.0359,6766
0.0618,3298
-0.114,6738
-0.0468,6624
-0.118,8636
-0.174,9080
0.0677,3897
-0.0846,7141
0.273,1288
-0.0554,6517
-0.212,8693
-0.209,6459
-0.0326,6760
0.266,867
-0.196,9142
-0.22,10503
0.0858,2489
-0.0789,7454
-0.211,9909
-0.0943,7680
-0.0144,5536
0.115,3345
0.316,326
0.074,3514
-0.0499,6454
0.107,3481
-0.109,8350
-0.0315,6701
-0.109,8712
-0.108,8110
-0.00266,5241
0.246,2034
0.58,136
0.382,328
-0.0673,7793
-0.123,9217
-0.158,6400
-0.288,10213
0.138,2641
-0.0246,6158
0.156,1651
0.0401,4497
-0.258,10141
0.0195,4795
0.0485,4546
-0.0904,8418
0.0916,2643
-0.13,10239
-0.159,9922
0.199,2032
0.147,2519
0.289,1397
0.52,179
-0.0183,5792
0.0846,3611
-0.0597,7323
0.0302,4486
-0.246,9131
-0.111,9896
-0.222,10704
-0.243,8807
0.181,3009
-0.0658,6759
0.0439,3924
0.0755,1595
0.0291,4416
-0.0427,6264
0.409,842
0.216,797
0.49,175
-0.146,8048
0.063,3756
-0.0414,5193
-0.291,8167
0.091,4037
0.48,819
0.99,671
-0.0146,5702
-0.241,9259
0.628,29
0.0313,3498
-0.0835,6061
-0.109,8615
0.151,243
0.0196,4678
-0.143,8668
0.0402,4197
0.025,4728
0.0864,3259
0.155,1472
-0.402,10329
0.118,2705
1,80
-0.0457,6996
0.0711,3700
-0.0655,7256
-0.307,9729
-0.317,8852
0.558,253
0.00451,5228
-0.205,8893
-0.117,9086
0.607,2233
-0.183,8945
0.0834,3722
0.181,1574
0.253,419
0.00573,5043
0.0342,4258
0.094,2884
0.986,11
0.6,1315
-0.153,9037
0.0384,3096
0.238,666
-0.185,8408
-0.233,8822
-0.111,7114
0.106,2037
0.113,1766
0.127,2910
-0.144,6596
0.219,922
0.514,423
-0.234,9925
0.076,2774
-0.0859,7291
-0.135,7963
-0.0463,6938
-0.358,8894
0.147,1500
-0.164,9985
-0.0565,6327
0.00222,5116
-0.0342,6121
-0.118,7789
-0.217,9234
-0.0744,6744
-0.209,9883
-0.105,7161
0.479,255
0.26,2755
0.0419,4490
0.0613,3697
-0.0299,5900
-0.132,8461
-0.287,10482
-0.147,7942
-0.0371,6649
0.0771,2070
-0.0294,5888
-0.192,8652
0.483,1642
0.127,3024
0.18,1180
-0.0594,7947
-0.201,9784
0.234,2413
0.265,1541
-0.0271,5551
0.197,2126
1.05,23
0.144,1602
0.16,2524
-0.161,6057
-0.236,10836
-0.0158,6054
-0.204,10212
-0.163,8848
-0.0829,7606
0.0361,4352
-0.214,10364
-0.105,7651
-0.0817,8409
-0.127,7418
0.0607,4093
0.282,1525
-0.173,8556
-0.0693,8257
-0.0289,6541
-0.347,10431
-0.236,9639
0.243,2913
-0.00802,5293
0.0788,3109
0.00935,5135
-0.275,9603
0.0129,5011
-0.391,10101
0.0807,3622
0.153,319
-0.126,9356
-0.0586,6277
0.262,750
0.146,2188
-0.195,9401
-0.071,7018
0.0451,3902
0.00902,4894
0.996,290
0.148,3334
-0.186,8857
0.0665,3546
-0.154,9180
-0.0498,7047
-0.304,10348
-0.121,8299
-0.216,9470
-0.0889,8079
0.162,1127
0.153,2163
0.0782,3606
-0.218,9755
-0.0203,5362
0.0999,1222
-0.167,8822
-0.125,7329
-0.22,9063
-0.324,9895
1.06,251
0.173,1504
0.238,949
0.0717,4014
0.0316,4735
0.158,2499
0.366,332
0.0804,2652
0.072,3036
0.00596,5202
-0.0551,6290
0.153,2750
0.173,1522
0.172,202
-0.226,10323
-0.0753,7496
-0.17,9597
-0.0895,7844
-0.0285,5996
0.0292,4708
0.0156,4732
-0.159,9476
-0.276,9921
0.0824,2937
-0.206,8570
-0.0654,7998
-0.0674,8030
0.19,1845
-0.109,7743
0.901,138
-0.343,9321
-0.022,5967
-0.175,10246
-0.158,10095
0.00308,5382
-0.271,10243
-0.154,8536
-0.0542,7549
-0.0733,8416
0.0493,4145
-0.338,10103
0.0384,4536
-0.0488,6093
0.089,3185
0.366,346
0.191,1968
-0.283,8487
0.0967,3017
0.00283,4747
0.404,466
-0.358,10935
-0.154,8584
0.0558,3998
-0.328,9807
0.129,2854
0.214,1043
0.24,86
-0.0723,7095
0.159,2118
0.0462,4140
-0.391,8193
0.0982,3412
0.142,1866
-0.214,8088
-0.516,10808
-0.152,8535
-0.142,9204
0.043,4427
0.173,1722
0.101,3076
0.155,2208
0.0131,4807
0.438,845
0.135,1888
-0.0928,8329
0.127,3282
-0.0036,5299
0.00647,4773
-0.262,8756
0.407,57
-0.024,6875
-0.02,5594
-0.0757,6947
0.166,974
0.0431,3765
-0.118,9698
-0.193,10209
-0.143,8739
-0.186,9281
-0.0704,6274
0.0388,2912
-0.109,9760
-0.224,10373
-0.126,7273
-0.289,8841
-0.243,9108
1.16,35
0.0205,4493
0.161,1495
0.0532,4255
-0.0051,5314
0.0733,4147
0.0419,4302
-0.0277,6768
0.0269,4540
0.0965,3642
0.0721,3589
0.331,1531
-0.0316,5961
0.0201,4673
0.0114,5229
-0.232,8589
-0.123,8345
-0.691,10639
-0.0251,6200
0.0116,4965
0.103,2281
-0.0679,6906
0.04,4528
-0.0241,5660
-0.0247,6432
-0.123,10457
0.115,1447
-0.336,10151
-0.447,7987
-0.0989,6259
0.402,487
0.0589,3850
0.065,3321
-0.0921,7256
0.306,1316
0.332,304
-0.502,10766
-0.0655,8263
-0.0727,6859
0.0828,3458
-0.0875,7185
1.17,1
0.308,230
0.221,3347
-0.091,8019
-0.214,8099
-0.00474,5429
0.0186,4774
0.0863,3798
0.0133,4568
0.0146,4990
-0.235,8556
0.0167,4844
-0.134,7647
0.108,3788
-0.0729,7966
-0.0208,6389
-0.0545,5137
-0.738,8996
-0.0441,5089
0.346,2179
-0.263,6189
0.0393,4231
-0.145,8254
0.0256,4634
0.188,2731
0.543,241
-0.0675,7491
-0.213,9696
-0.204,5619
-0.0971,6133
-0.392,8364
0.62,348
-0.118,9561
0.019,4930
1.86,253
-0.232,6452
0.162,3093
-0.33,10189
0.203,2046
-0.142,9321
-0.109,6806
-0.445,10589
0.112,1793
-0.115,7533
-0.141,8589
0.165,1950
-0.518,8470
0.313,2400
-0.215,9149
0.413,879
-0.0752,7342
0.2,1253
-0.346,8679
0.517,376
0.103,3201
0.033,4486
0.101,3337
-0.135,9079
0.445,1230
-0.0341,6092
0.781,133
-0.356,8513
-0.00472,5633
-0.0693,7296
-0.108,7649
-0.0591,7484
0.553,413
0.0838,3413
0.0622,3458
0.0557,3484
0.174,2352
-0.155,8045
0.0179,5096
0.00665,4839
0.00897,5012
-0.114,6877
0.0271,4567
0.0368,3963
0.147,468
-0.0372,5904
0.258,807
-0.371,10830
-0.0935,7957
-0.129,9958
0.393,93
0.12,3771
-0.356,8165
-0.54,10453
-0.465,10171
-0.382,10055
-0.212,10153
0.172,2066
-0.0909,6424
-0.0825,7673
0.135,2322
-0.121,9898
-0.234,9772
-0.144,8319
-0.172,10393
-0.165,7994
-0.132,9230
0.191,1218
-0.447,10448
0.0633,3720
-0.0816,7925
0.542,286
0.399,11
0.00639,5107
-0.00766,5443
0.0612,4005
-0.183,10277
-0.000839,5367
0.174,1504
-0.0959,7548
0.133,909
-0.00971,5406
-0.0357,6427
-0.206,8829
0.0307,3652
-0.00687,5639
0.105,2506
0.163,1292
0.074,3956
-0.0665,6940
0.00244,5325
-0.0414,9391
-0.179,9689
0.0734,3663
-0.179,10309
0.169,1250
-0.135,8504
-0.162,9541
0.0338,4686
-0.0644,6251
-0.0461,6306
-0.183,9056
-0.148,9324
0.685,246
-0.27,10841
0.374,1278
-0.202,8517
-0.0518,6269
-0.0446,7478
-0.0905,8301
0.00222,5148
-0.27,10328
-0.261,9772
0.238,1830
-0.00426,5551
-0.0988,8140
0.0163,4896
0.0138,5120
0.228,1081
-0.0342,6583
0.206,1739
0.166,2020
0.0175,4821
0.265,1972
0.173,2830
-0.16,6478
0.0155,4801
-0.186,10524
0.14,1255
-0.0336,6221
0.14,3618
-0.141,10108
-0.0801,9280
-0.183,9364
0.0939,3567
0.0685,4507
-0.0146,5735
-0.073,7064
-0.0617,7088
0.101,2021
-0.0325,6245
-0.314,10198
0.183,2930
-0.526,10274
-0.0882,7996
-0.049,7618
0.455,1179
-0.299,9042
0.197,3108
-0.185,6988
-0.0284,5827
-0.335,9882
-0.194,8891
-0.13,8676
-0.134,7074
0.109,1587
0.00912,5003
0.104,2618
0.03,4599
0.0984,2514
0.966,541
0.0241,4869
-0.0151,6336
-0.156,8089
-0.0927,8903
0.13,2360
-0.195,8696
0.192,1865
0.0271,3963
0.188,1148
-0.266,10530
0.0437,4112
0.0265,4417
0.108,2436
-0.189,10212
-0.00356,5480
0.141,2637
0.0476,4324
-0.575,10729
-0.155,8493
0.202,289
-0.3,9633
-0.101,8264
-0.00305,5505
-0.0932,6533
-0.0583,5192
-0.0986,8855
0.101,1527
0.101,3682
-0.0363,6179
-0.0169,6249
0.0086,5073
0.071,2729
0.0293,4681
0.131,3781
0.149,2882
-0.257,9800
0.000566,5312
-0.118,7411
-0.0306,7043
0.0463,3979
-0.21,10246
-0.0301,6015
0.507,414
0.225,1270
0.272,259
-0.0472,6675
-0.299,10966
-0.373,10807
-0.111,7107
0.18,875
0.108,2667
-0.0371,6600
0.408,669
0.176,2817
0.0855,3000
-0.00234,5397
-0.194,8970
-0.458,10903
-0.135,10189
0.255,1062
-0.205,8387
0.0154,4783
0.049,4184
0.0498,4098
-0.182,9753
-0.208,8347
0.132,2446
-0.296,10462
0.37,387
-0.0678,7311
0.221,2072
0.862,229
-0.0448,5953
0.0315,4027
-0.0179,5902
-0.109,7670
-0.174,8233
-0.471,7550
-0.0578,7696
0.0645,3359
0.013,5093
0.264,994
-0.138,7841
-0.0241,6015
-0.191,8569
-0.111,8964
-0.126,8132
-0.122,6930
0.0301,4663
-0.202,10767
-0.162,9407
0.0621,3937
0.0454,3689
0.127,1649
-0.0317,6349
0.153,2326
-0.225,9680
-0.0806,8084
0.0726,3651
-0.188,8814
0.37,809
0.0315,4521
0.213,2851
-0.198,8867
-0.0394,7620
0.129,2647
-0.0843,7528
0.216,1173
-0.0805,7195
-0.0829,7201
-0.046,8015
-0.257,6572
0.025,4657
0.0894,3997
-0.125,7698
-0.182,8329
-0.442,6949
0.0489,4092
-0.134,7968
-0.179,9364
0.202,415
0.246,1059
-0.114,7386
-0.042,6480
-0.167,8740
-0.254,10124
0.0876,1813
-0.156,9072
0.385,701
0.568,520
-0.0465,6283
-0.117,8772
0.123,3250
0.0194,4582
-0.0496,7266
0.00366,5370
0.202,2325
-0.0645,8296
-0.0347,6948
-0.0143,5664
-0.102,9399
-0.0126,5554
1.02,770
-0.049,6929
-0.131,8860
0.164,2430
-0.00704,5451
-0.00758,5159
-0.129,6935
-0.281,10226
0.175,633
-0.188,9289
-0.124,7118
-0.0471,6697
-0.171,9415
-0.0524,6516
0.262,1956
-0.322,10639
-0.135,7249
-0.108,8396
0.12,1035
0.0223,4598
-0.0583,6025
0.24,2209
0.181,2569
0.0367,4422
0.261,325
-0.198,8776
0.244,675
0.691,4
0.339,1569
0.117,2164
0.121,2446
0.212,1934
0.353,314
-0.186,9842
0.208,1622
-0.123,8929
0.205,374
-0.261,10804
-0.0638,7172
-0.299,9136
-0.117,7308
0.012,4839
0.0155,4610
-0.0477,6052
-0.153,10761
-0.154,8002
0.00643,5184
-0.143,9682
0.0221,4509
-0.109,8223
-0.318,10575
0.226,778
-0.134,7886
-0.105,8374
-0.014,5595
-0.114,8822
-0.123,8425
-0.185,7429
-0.0602,7031
-0.0141,6049
-0.142,9827
-0.368,10820
1.19,4
0.13,2730
-0.151,9690
-0.0842,8204
-0.0461,7425
-0.228,8821
0.117,3047
0.895,15
-0.00188,5015
-0.14,9951
-0.208,10319
-0.262,9553
0.119,2682
0.0809,3137
-0.0417,6548
0.171,1793
0.332,371
-0.0996,7900
-0.0554,6683
0.183,2238
0.173,179
-0.051,6483
0.167,1668
0.207,2964
-0.349,9987
0.294,1899
0.0669,3275
-0.0176,6284
-0.179,8335
-0.243,9034
0.12,3607
-0.323,8363
-0.0102,5757
-0.0124,5615
-0.116,8416
-0.238,9519
-0.155,8150
-0.227,8341
-0.0565,7620
0.175,456
0.545,1792
0.126,3706
0.54,74
0.00732,5195
-0.00871,5781
-0.00109,5582
-0.00961,5539
-0.1,7267
0.025,4516
0.0249,4755
-0.0122,6061
0.0825,2570
0.0528,3521
0.139,2197
-0.0904,7615
-0.197,8572
-0.0522,7513
-0.1,9229
0.0334,4268
-0.166,8236
0.156,2326
0.328,1378
-0.387,10257
0.564,150
0.345,943
-0.0212,5990
-0.182,8560
1.14,10
0.115,2729
-0.135,10372
0.0328,4149
0.148,1435
-0.106,7144
0.0775,3735
-0.207,8739
-0.0399,7141
-0.0169,5886
-0.0467,6438
0.141,1687
-0.295,10412
-0.141,8990
0.0427,3788
-0.176,7392
-0.156,6803
0.243,2530
0.484,1439
-0.412,10872
-0.0713,8088
0.19,1609
0.157,2540
-0.192,7761
0.536,544
-0.103,8659
0.163,1502
0.0766,2348
0.0448,4620
-0.0728,6938
0.401,393
-0.0706,8378
-0.0683,8530
0.237,1525
0.143,1732
0.296,2421
-0.0864,6250
0.0609,3341
-0.397,10591
-0.201,8852
0.352,1780
-0.112,7386
0.154,1333
-0.122,9181
-0.332,9197
0.108,2575
0.221,607
0.221,2271
-0.0116,5491
0.145,2318
0.0292,4678
-0.00586,5504
-0.204,7177
-0.104,6770
0.128,2008
0.0788,3543
-0.0331,7202
-0.145,7565
-0.0795,7772
0.278,712
0.223,364
-0.321,10851
0.154,939
0.153,1498
-0.115,9484
-0.134,7569
-0.0347,6065
0.0884,2813
-0.0437,8316
-0.589,10950
-0.0463,6507
0.00158,5375
0.058,4221
-0.0155,5422
0.277,735
-0.00833,5735
-0.07,6367
-0.0801,7070
0.29,527
-0.137,9786
-0.0424,6560
0.0281,4972
0.0465,4598
0.241,315
0.0499,3879
0.207,2273
-0.113,8756
0.0376,4619
-0.0451,6424
0.0133,4832
0.338,1801
0.0132,4773
-0.0201,6820
-0.0488,7718
-0.0958,7806
-0.163,9045
0.0229,4628
0.0829,3195
0.23,1687
-0.254,10535
0.891,1012
-0.0309,5769
-0.119,8853
-0.13,9772
0.0515,3899
-0.209,10623
0.178,932
-0.269,7026
0.981,535
-0.00879,5908
0.0068,5211
0.018,4751
0.00228,5256
-0.255,9167
-0.0622,6672
-0.147,7971
0.0401,4234
-0.118,8345
0.659,318
0.0325,4407
-0.108,8593
0.225,811
-0.0601,8188
0.127,1987
0.0849,2860
0.375,484
0.0172,4740
0.0802,3150
0.256,1188
-0.337,10597
0.19,1020
0.124,2863
0.0555,3622
-0.0927,8531
-0.0335,6272
-0.0248,6354
-0.103,8630
-0.0037,5295
0.0118,4888
0.0338,4095
0.034,3229
-0.124,8542
0.0973,2946
-0.117,6402
-0.0353,5884
0.142,2936
-0.0138,6345
-0.0422,6195
0.00434,4975
0.149,1731
-0.0238,6906
-0.028,6197
-0.075,8461
0.254,668
0.0526,3589
-0.384,9805
-0.469,10873
-0.0547,7191
0.449,88
-0.107,7143
-0.0232,6249
0.119,4203
-0.109,7988
-0.204,9955
-0.0784,7082
0.105,3565
-0.103,7553
0.362,520
-0.21,8933
0.326,672
0.136,1300
-0.146,9160
-0.337,8233
-0.0739,6734
-0.185,10387
-0.0729,7208
0.0327,3699
-0.104,8186
-0.254,10478
-0.12,7293
-0.282,6454
0.0239,4754
-0.13,9867
-0.0166,5789
-0.344,9513
-0.153,8378
0.291,1505
0.159,1424
-0.259,10207
-0.148,9428
0.109,2983
-0.341,9932
-0.128,7278
-0.0668,9700
0.0365,3937
0.364,275
-0.0806,6613
-0.278,10474
0.291,1902
0.0105,4816
0.0575,3818
0.0122,4990
-0.0447,6681
-0.311,9956
0.166,2100
-0.067,6839
-0.153,8461
-0.313,10047
-0.112,8187
0.123,3282
0.0191,4496
-0.0118,5961
-0.123,9691
-0.00914,5587
0.0359,4092
-0.109,8391
-0.124,7646
-0.0927,8079
0.15,1466
-0.138,8864
0.0303,4080
-0.0699,6841
0.189,2748
-0.0341,7969
0.0295,4392
-0.125,7241
-0.148,8270
-0.0524,6795
-0.491,10782
-0.0816,7826
0.321,134
-0.0561,6450
0.243,1667
-0.109,8052
0.255,751
-0.03,6286
0.039,3552
-0.127,8257
-0.152,6530
-0.179,9435
0.289,1554
-0.404,10687
0.111,1563
-0.0723,8873
0.06,3636
0.122,2767
0.378,2801
0.0362,3815
-0.121,7863
-0.2,9429
-0.04,6143
0.0469,4224
0.176,2809
0.097,2633
-0.0694,9300
0.042,3853
-0.189,8979
0.0277,4392
0.353,546
-0.00789,5576
0.189,1431
0.0937,3898
-0.114,7338
0.143,2057
0.0344,4135
-0.205,9974
-0.082,7639
-0.0113,5653
-0.0342,6188
0.205,2982
0.412,25
0.193,2680
-0.112,6496
0.0487,3065
0.0944,2165
-0.064,6806
0.535,117
-0.121,8197
0.295,2400
-0.147,9302
0.073,3219
0.11,2492
-0.139,8345
0.0307,4258
0.0184,4682
-0.0103,5834
0.0991,2010
-0.294,10033
0.0601,3727
0.0914,2993
0.178,2947
-0.0938,7636
-0.014,5826
-0.381,10176
0.0223,5088
-0.168,9232
-0.289,8972
-0.0492,9262
0.153,2282
-0.197,9640
-0.0296,5759
0.002,5426
0.215,780
-0.118,8566
0.163,859
-0.00471,5301
-0.0605,7471
-0.000813,5545
-0.182,8499
0.151,1773
0.176,995
-0.00411,5746
-0.225,7673
-0.141,7779
-0.105,8181
-0.231,9505
-0.0838,8206
-0.083,6796
0.294,1429
0.106,3509
-0.0752,8402
-0.0238,5773
-0.105,7827
0.104,3373
-0.171,8529
0.0428,4022
0.264,993
-0.104,9013
-0.0695,7145
-0.00813,5643
0.0269,4463
0.276,1275
-0.155,8593
0.16,726
0.0185,4855
0.38,432
-0.195,8638
0.00106,4989
-0.486,9217
-0.134,9109
0.115,2115
0.0532,3634
0.274,1677
-0.314,10644
-0.298,10888
-0.0202,5998
-0.0534,6654
-0.244,9705
-0.097,6725
0.205,951
-0.0703,7833
0.264,751
1.17,7
-0.106,8201
-0.0438,6509
-0.27,9995
-0.105,8695
0.0565,2901
-0.201,10676
0.207,2194
-0.0662,6928
-0.231,10179
0.16,1325
-0.164,9390
-0.02,6092
0.0207,4702
-0.0487,6049
-0.17,8753
-0.552,7509
-0.0538,6712
0.012,4754
0.321,485
-0.0709,6701
0.05,3101
0.182,2345
-0.103,8894
-0.00559,5492
-0.277,10511
-0.0311,7113
-0.161,8719
-0.0718,7623
-0.0318,7675
0.0417,3916
-0.24,8800
-0.0632,8050
-0.0721,6159
0.0484,3349
-0.0446,7116
-0.0647,7910
0.102,2839
-0.0326,7016
0.42,399
0.0285,4237
0.0202,4328
-0.0956,8277
-0.154,7346
-0.0755,7075
-0.107,8114
-0.301,7377
0.0776,3975
0.226,2041
-0.298,10729
1.25,99
-0.23,7524
-0.112,8282
0.38,943
-0.222,9934
-0.172,9146
0.0251,4520
0.216,668
-0.0244,5880
0.263,600
-0.0438,6653
0.235,2911
0.369,1580
0.352,1092
-0.112,7261
-0.0524,6848
0.377,965
-0.153,8176
0.137,965
-0.0405,6141
-0.122,7033
-0.0174,6630
-0.0156,5922
-0.252,9765
0.242,646
0.0463,4359
0.178,3003
-0.0165,5806
-0.0919,7937
-0.0271,6123
-0.637,10361
0.312,1335
-0.0329,6036
0.118,1936
-0.357,10979
-0.151,8991
-0.049,6373
-0.255,7339
-0.044,6281
-0.103,7757
0.224,1616
0.022,4473
-0.143,8987
-0.0337,6420
-0.13,8980
-0.192,10509
-0.31,10516
0.166,2126
0.0816,3510
0.129,2273
0.939,67
0.122,2607
-0.0643,6717
0.144,2909
0.0117,5150
-0.159,8064
-0.057,6631
0.176,258
-0.138,9657
0.104,3075
0.34,194
0.106,4029
0.202,445
-0.177,9954
0.078,1129
0.586,185
-0.296,9880
0.186,3021
0.0984,3613
-0.0966,8893
0.127,2234
-0.0726,7940
-0.29,10706
0.00455,5320
-0.205,9903
-0.147,10362
-0.335,10779
0.124,2878
-0.279,8152
-0.128,6135
0.398,613
0.0331,4555
-0.132,9703
-0.113,8574
-0.00342,5358
-0.378,10912
-0.0654,5915
-0.118,8293
-0.0136,6387
0.0285,4560
0.0941,2954
-0.0228,6384
0.111,3516
-0.0667,7952
-0.00687,5883
0.849,436
-0.162,6915
0.244,2855
0.467,1617
-0.091,7710
0.122,2674
-0.22,9819
-0.0541,6779
0.129,3083
-0.0452,6991
0.0756,2409
0.111,2301
-0.253,9912
0.116,2034
0.0347,4281
-0.514,8064
0.118,2600
0.053,3743
-0.00036,5488
-0.125,10006
-0.26,10045
0.046,3952
0.294,628
-0.00688,5418
-0.283,10383
0.212,988
-0.0312,5987
-0.114,9190
-0.0689,7897
0.16,1075
-0.0588,7194
-0.282,8784
-0.00704,5575
0.0306,4625
0.0973,1947
-0.14,9504
0.371,797
-0.0662,7540
-0.00337,5526
-0.17,7814
-0.0655,8787
-0.0174,5919
0.0992,2662
0.293,2097
0.301,2221
-0.312,9711
0.0196,4447
-0.124,8018
-0.344,10282
0.223,2305
-0.103,6882
-0.00897,5316
-0.091,7746
0.0209,4413
-0.438,8943
-0.114,8403
-0.116,7414
-0.359,9801
0.223,568
-0.152,8857
0.306,1003
-0.0653,6018
-0.437,10385
0.129,2862
0.143,1947
-0.0316,6045
-0.129,7838
-0.216,10330
0.428,683
0.231,386
-0.0429,7125
0.167,567
-0.367,10950
0.165,2249
-0.0481,6651
0.298,255
-0.0109,5710
-0.0859,8216
-0.283,9926
0.126,2974
-0.255,7343
0.189,2134
0.0528,3750
-0.0962,8816
0.188,2325
-0.00972,5909
0.327,2575
0.014,4652
0.00113,5524
0.303,37
-0.0758,7112
-0.147,8703
1.18,111
-0.00599,5081
0.0912,2162
-0.222,9574
-0.229,8115
-0.0886,7480
-0.243,8896
-0.192,9633
0.21,1939
-0.00578,5813
-0.00117,5460
0.508,713
0.186,552
-0.0295,5870
0.203,619
0.0129,4709
0.189,2924
-0.204,7857
-0.139,6075
0.17,1945
-0.082,7977
0.364,261
-0.131,7400
0.101,3442
0.119,3748
0.0885,2611
-0.144,10165
-0.148,8607
0.172,1577
0.0502,3801
-0.254,9866
-0.212,9894
0.189,1914
0.154,833
0.0715,3392
-0.0973,7547
0.406,1092
-0.224,8347
-0.215,10669
0.0502,3941
0.0827,3274
-0.0525,6640
-0.0615,6801
-0.0428,6503
0.0348,4364
-0.0479,7665
-0.037,6029
0.125,3061
-0.0763,6998
0.289,919
-0.0814,7714
0.0498,3440
-0.245,10506
-0.00488,5579
-0.317,8424
-0.0521,5627
-0.197,9495
-0.185,9331
-0.0085,7098
0.00887,5034
0.0281,4471
0.118,1939
-0.738,10425
0.331,148
-0.00569,5542
-0.216,9302
-0.221,9229
-0.236,10484
-0.11,7280
0.153,1221
-0.157,9916
0.426,35
0.208,2496
-0.124,7908
1.37,442
-0.156,9195
0.0788,2998
-0.101,8012
-0.0774,7562
-0.000527,5500
-0.105,7523
-0.109,8520
-0.238,10379
0.271,1809
0.176,2210
-0.0228,5298
-3.44e-05,5144
0.139,1331
-0.0407,6769
-0.0605,7319
-0.136,8232
-0.322,9019
0.202,1044
-0.388,11007
-0.0132,5781
0.0634,4328
-0.104,8622
-0.152,8412
0.27,395
0.166,2626
-0.00225,5181
0.0572,4140
0.0298,4423
0.0419,4562
-0.143,8146
0.0929,2282
-0.181,10498
-0.114,7548
0.00379,5486
0.642,872
0.066,3836
0.0478,4093
0.167,1153
-0.257,10034
-0.195,8120
0.111,3933
0.0562,4265
0.013,4884
0.32,479
0.0618,4264
0.117,2223
-0.185,8619
-0.427,10772
-0.0489,6847
-0.0661,7246
-0.0436,5955
0.0964,3392
0.0129,4850
-0.0788,6964
-0.191,8593
-0.176,10283
0.11,3111
-0.128,7895
-0.131,6522
-0.298,9559
0.0663,3481
0.041,3891
0.204,1140
0.149,3032
-0.0188,6050
-0.0923,6773
-0.0778,7636
-0.00357,6137
0.154,1404
-0.374,10138
-0.333,9703
0.0146,4899
-0.153,8765
0.037,3775
0.505,218
-0.0714,6492
-0.595,10246
-0.268,9403
0.067,2918
-0.153,8036
-0.0451,6245
0.392,735
0.0654,4114
-0.303,7827
-0.0945,7705
-0.138,9270
0.238,1796
-0.179,9618
-0.0412,5829
0.115,3117
0.0664,3341
-0.0513,6867
0.285,866
-0.00144,5261
0.0346,3946
-0.159,9101
-0.0896,6934
0.247,601
0.35,332
0.197,1099
0.254,778
0.292,1508
-0.0453,7212
-0.0789,9778
-0.165,9320
-0.0748,7502
-0.0547,5193
0.122,2244
-0.288,10914
0.296,842
-0.386,10280
-0.077,7816
0.109,3056
-0.0779,9656
0.00284,5401
-0.206,9555
-0.0263,6323
0.0766,3698
-0.0552,6113
-0.128,7947
-0.0685,7447
-0.00815,5724
0.109,3545
0.0106,5073
-0.136,8084
-0.434,9626
-0.0963,9155
0.05,3853
0.0108,5226
-0.05,7501
-0.139,6252
0.0107,5043
0.874,10
-0.019,6125
0.0954,3220
-0.172,8796
0.177,2824
0.0906,3987
0.363,841
-0.149,8871
-0.25,8903
0.0499,3851
0.0467,4655
0.0293,4622
0.0206,4096
-0.0978,9146
-0.0495,7109
0.0196,5012
-0.0803,8208
-0.0291,6248
-0.16,9632
0.0381,4258
0.21,2149
0.102,3681
0.257,2336
-0.141,8477
-0.0308,6499
-0.0146,5900
0.111,3083
0.274,1711
0.565,1100
0.173,1609
0.18,1192
-0.124,7838
0.0922,3177
-0.339,8335
-0.141,5587
-0.119,7790
-0.0225,5859
-0.0555,6521
0.0293,4942
1.05,111
0.0239,4766
-0.0156,5992
0.09,3059
0.117,3210
-0.247,9994
-0.0794,6927
0.17,1516
0.0695,3297
-0.124,9781
-0.128,7956
0.158,1996
0.0901,3556
-0.223,8385
-0.103,8554
0.0869,2320
0.259,191
-0.206,9141
-0.0955,6934
0.0765,3531
-0.00121,5035
0.0241,3857
-0.278,8365
-0.216,9092
-0.215,9040
0.0445,3958
0.0925,2177
0.157,1567
0.142,1428
0.477,386
-0.0498,6498
0.181,2185
0.137,608
0.312,86
0.0997,3289
-0.25,9836
-0.0241,6043
0.18,2016
-0.0642,7933
0.167,1093
-0.00551,5356
-0.16,8475
0.353,798
-0.0839,6630
-0.0112,5803
-0.0626,8372
0.129,2173
0.473,658
-0.0759,6832
-0.0316,5353
-0.057,7959
-0.17,10170
0.425,63
0.108,3075
-0.111,7698
0.0588,4271
-0.0542,7226
0.19,1465
0.0128,4945
0.0438,4103
-0.123,8426
0.451,132
-0.0944,8360
-0.0905,8323
-0.182,8199
0.08,3390
0.299,1225
0.216,1633
0.134,2209
-0.0699,9500
0.111,2676
-0.205,8623
0.13,2801
0.027,4694
-0.158,10379
-0.0662,6634
0.123,2404
-0.206,9242
-0.0276,6684
-0.119,7782
-0.162,9827
-0.033,6411
-0.0957,7645
-0.0236,6191
0.215,2127
0.0443,4098
0.149,776
0.0503,3828
0.0186,4812
0.102,3802
0.206,2936
0.027,4645
0.0933,3311
0.0973,2038
0.51,223
0.0399,4453
0.247,3163
-0.434,9419
-0.325,10681
0.164,860
-0.0278,5999
-0.129,8372
-0.292,9806
-0.0479,6768
0.125,1798
0.0238,4780
0.165,2168
-0.224,7695
0.111,3608
0.271,1569
0.252,661
0.423,286
0.454,103
-0.0782,6869
0.0621,3824
0.165,1362
-0.025,7203
0.131,2266
-0.382,10691
0.25,1656
-0.0471,6658
0.138,3690
-0.0109,5992
0.0186,4781
-0.112,8852
-0.102,6417
-0.0306,5729
0.12,2631
0.0738,2938
0.299,1191
-0.356,10174
-0.134,9121
-0.125,7599
-0.174,9313
-0.0304,6114
0.198,1724
-0.12,8694
-0.122,7865
0.19,2766
0.113,3297
0.00941,4997
0.341,814
-0.0252,6015
0.365,1296
-0.0024,4692
0.06,3209
-0.0703,7491
0.211,1621
-0.0873,8060
-0.0854,7438
-0.278,6295
-0.0872,8081
0.0235,4534
0.043,4216
0.123,2670
-0.0979,9353
-0.00326,5578
0.119,2712
0.00329,5117
-0.0658,6178
0.039,4086
0.035,4210
0.142,2224
-0.066,6788
0.139,1892
-0.0339,6505
-0.12,8350
0.0981,3222
-0.15,8572
-0.396,10094
-0.0302,6082
-0.0497,7039
-0.101,8641
-0.0542,6219
0.179,2254
-0.0681,6721
-0.195,10261
-0.0955,8186
0.106,2445
0.0707,3424
0.134,2906
0.205,1636
-0.127,9760
0.0546,2890
0.222,1601
-0.304,10193
0.0374,4374
-0.096,8269
-0.189,10847
-0.174,10132
0.0537,4124
0.64,831
-0.106,6865
-0.283,9372
-0.0248,6572
-0.0437,7603
0.115,3711
0.00515,5272
-0.153,6233
-0.222,9792
-0.12,8273
0.0179,4428
0.0786,2903
-0.235,10469
-0.11,10162
0.267,1294
-0.00837,5342
-0.159,8326
0.134,2182
-0.144,7860
-0.0958,7349
0.224,1700
-0.132,9480
0.208,926
-0.287,10485
-0.000797,5321
0.164,2567
0.164,2438
-0.19,10020
0.025,4493
0.0067,5310
-0.382,9204
-0.236,9089
0.237,3214
0.148,1077
-0.0139,5431
0.0487,4247
0.109,3451
0.202,2526
0.0299,4875
0.0558,2926
0.113,1460
0.00283,5026
-0.0933,7430
-0.102,6460
-0.181,8467
-0.27,10721
0.237,2395
-0.105,7792
0.115,2382
-0.0953,8318
0.323,1755
0.127,2305
-0.106,8880
0.107,3293
-0.221,8660
0.134,2421
-0.154,7360
-0.119,7862
0.0236,4819
0.087,3121
-0.177,9625
-0.0673,6900
-0.0572,6609
-0.15,8945
-0.0524,8830
-0.382,9139
-0.0544,6718
0.112,3014
-0.0647,8222
-0.196,9837
0.00832,5162
-0.0259,5722
-0.19,7526
-0.136,8532
0.0258,4898
0.17,2381
0.365,606
-0.161,7773
0.0138,5050
-0.191,8704
0.00735,4880
0.014,4944
-0.0589,7634
0.394,298
0.00861,4999
0.00983,5083
-0.0712,7127
-0.00601,5645
-0.1,10354
-0.112,8537
-0.186,10146
-0.0494,5626
0.0589,3624
-0.144,8658
0.412,236
-0.325,10202
0.0255,4807
0.00859,5166
0.0867,4025
0.0685,2375
-0.0199,6079
0.00024,5612
0.445,945
-0.144,8385
-0.274,10053
0.054,3475
0.144,1319
-0.428,10540
-0.269,10019
-0.194,8885
-0.137,6583
0.295,104
-0.0921,7633
-0.589,10932
0.185,1925
-0.0682,6340
-0.207,9092
0.0689,3462
-0.0409,7018
0.45,91
0.0631,4025
0.0337,4530
-0.121,9174
-0.0201,6466
-0.018,5660
0.203,464
-0.0202,5907
-0.151,8327
0.0817,4020
0.0244,4452
0.0104,4882
0.33,296
-0.0594,6736
0.344,1144
-0.0291,6116
0.0766,3250
0.0371,4687
-0.0275,5570
-0.0638,6839
-0.243,10508
0.129,2764
0.0144,4572
0.135,2816
0.286,368
0.218,1784
0.361,319
-0.353,8590
-0.0911,9571
-0.0135,5715
0.477,841
0.0927,2094
-0.552,7452
-0.174,6367
0.115,1754
-0.232,10418
-0.0868,7898
-0.00451,5329
-0.0996,6550
0.687,315
0.194,1133
-0.113,8855
0.172,2815
0.274,1688
-0.199,7769
0.069,3933
-0.162,8858
-0.137,9309
-0.332,9914
-0.0637,6790
-0.134,7316
0.0184,4960
-0.00795,5889
0.0335,4759
-0.238,9046
-0.168,8703
-0.133,7192
-0.049,6747
-0.00382,5663
0.0809,2248
-0.435,10558
0.292,441
0.475,550
0.371,954
0.0123,4695
-0.175,10778
-0.34,10102
-0.0403,6372
-0.133,8620
-0.00669,5344
-0.0998,8010
-0.0287,7337
-0.0335,6020
0.0833,2859
0.129,2965
0.234,1351
-0.0212,6377
-0.154,8266
0.108,369
0.0871,2711
-0.0854,7636
-0.346,10703
-0.168,9479
0.0452,4100
-0.126,9615
-0.144,8613
0.0654,3592
0.181,2352
-0.0965,7660
-0.0564,7352
-0.0381,6811
-0.0136,5555
0.289,1098
-0.561,10546
0.0556,4633
0.0814,1548
-0.155,10658
0.6,1466
0.273,1896
-0.166,5709
-0.119,7484
-0.109,8751
0.0608,2629
0.0111,4894
-0.257,10518
-0.257,9337
0.468,184
-0.00991,5623
-0.0215,6312
0.037,4410
0.317,208
0.34,730
0.326,1598
0.0796,3290
-0.226,9392
-0.0183,5475
-0.307,10817
-0.157,8574
-0.354,9935
-0.0188,5867
-0.0616,7671
-0.205,10566
0.144,2742
-0.274,6561
0.118,2452
-0.0398,6673
-0.228,10839
0.0663,4082
-0.271,8327
-0.216,9038
0.0558,3166
-0.00578,5452
-0.0195,5352
-0.0886,8575
0.0358,4431
-0.16,8009
0.145,2587
-0.122,9488
0.353,212
0.0301,4627
-0.0587,7349
0.386,1276
-0.128,7339
-0.066,7010
0.0743,3255
0.125,1640
-0.0766,6906
-0.0932,8510
0.0872,3273
-0.194,9196
-0.0366,6580
0.517,144
-0.0924,8284
-0.22,8464
0.0965,2486
0.0739,2327
-0.0525,6454
-0.0704,6663
0.274,1799
0.0887,3738
-0.0597,7167
0.063,3181
-0.124,9627
0.23,1464
-0.0154,5500
-0.119,7662
-0.253,7836
-0.0203,5815
0.167,579
-0.0861,6646
-0.33,10829
0.0199,5026
-0.18,8220
-0.0109,5729
-0.391,10925
0.26,798
-0.144,8248
0.168,1894
-0.193,10500
-0.0302,6613
0.286,1279
-0.115,6966
-0.159,9383
0.14,3206
-0.131,6184
-0.126,8550
-0.12,9601
-0.0124,5756
-0.032,5930
-0.0314,6225
-0.227,9912
-0.144,9682
0.00501,5054
0.21,2102
0.0179,4705
0.0709,3464
0.127,2952
0.128,1315
0.0819,3535
0.175,2277
0.0928,3581
0.37,337
-0.177,10637
0.0598,3693
0.0823,2623
0.142,2265
-0.168,9533
0.445,452
0.178,1137
0.0458,3339
0.156,2828
-0.111,4394
-0.0308,6374
-0.495,8881
-0.275,10414
-0.048,7908
0.263,1221
-0.255,7939
-0.14,7096
0.00407,5194
-0.27,10274
0.106,2057
0.249,213
-0.242,9571
0.0745,2946
0.139,2831
0.067,4434
0.019,4529
0.0142,4991
-0.121,7490
0.23,1023
0.16,1996
-0.132,8104
0.0778,3018
0.023,4634
-0.000476,5347
-0.153,7310
-0.000482,5314
-0.149,9184
0.199,339
-0.057,7502
-0.165,8765
-0.0212,6264
0.206,2102
0.174,2390
-0.179,9012
-0.144,9756
0.311,1110
-0.146,9489
-0.166,9545
-0.0335,6081
0.0626,4503
0.198,954
-0.185,9549
-0.134,9392
0.126,2437
0.24,1500
-0.204,10679
-0.00513,5443
-0.0101,5510
-0.00301,5676
-0.137,6584
-0.224,9118
0.0559,3797
-0.145,8294
-0.206,7503
0.0609,3770
-0.0715,6984
-0.275,9919
0.0967,3294
-0.0522,7507
-0.261,9784
0.0563,4142
-0.003,5076
0.411,904
0.0497,3684
-0.167,10174
0.2,1596
-0.21,9085
-0.338,10099
-0.364,10196
-0.125,8602
0.263,1018
-0.119,5949
1.22,76
-0.907,9340
-0.305,7720
-0.165,9868
0.813,706
0.00231,5223
0.0544,3985
-0.0173,5246
-0.0481,6349
-0.173,10540
-0.0604,7567
1.04,88
-0.0931,8375
0.00312,5282
-0.255,9044
-0.186,9745
-0.00208,5565
-0.00677,5606
0.177,2228
0.403,614
0.097,3245
0.202,561
-0.0794,8295
-0.0543,6267
-0.0115,5464
0.401,329
0.165,2767
-0.118,9157
-0.176,9528
0.202,1151
-0.258,10248
-0.101,7871
0.0627,4224
0.0128,4935
0.305,316
0.00175,5165
-0.0156,5611
-0.182,8856
-0.0326,5983
-0.134,8811
0.26,104
-0.404,7490
0.182,2862
-0.0967,6837
0.332,796
-0.000902,5576
0.207,1544
-0.0395,7077
0.216,2105
-0.157,7776
0.0432,4345
0.105,2570
0.015,4448
0.0256,4515
0.272,1922
-0.0767,7676
-0.0965,8276
0.333,115
-0.0559,7379
0.0125,5328
-0.043,7272
-0.136,10434
-0.213,8093
-0.133,8562
-0.00189,5533
-0.0387,6576
0.204,2658
-0.176,8147
0.724,182
0.0378,4421
0.00946,5139
0.313,724
-0.0157,5502
0.634,57
-0.217,9790
0.307,1821
-0.0203,6027
-0.288,5406
-0.551,9480
-0.25,7484
-0.195,9354
0.145,2269
0.0232,4631
-0.0614,8639
0.129,1374
-0.0927,9311
-0.226,10017
0.242,1621
-0.00237,5121
0.0629,4424
0.696,194
0.0164,4882
0.0191,5070
-0.4,10228
0.164,1950
-0.0485,5882
-0.138,8377
0.0451,4253
0.0698,3596
-0.12,8461
0.0602,4288
0.272,1436
-0.163,10088
-0.0713,7087
-0.0433,6264
-0.271,10684
0.173,2949
0.277,1577
-0.00755,5683
0.191,752
0.225,1596
-0.2,10120
-0.208,8162
0.446,161
0.00391,5570
0.36,209
-0.227,10046
-0.0819,7627
0.135,2847
-0.0848,6350
-0.202,10532
-0.223,10262
-0.225,9772
-0.333,10261
-0.346,8683
-0.048,5802
0.029,4671
0.14,1333
0.00585,5122
-0.108,7604
-0.231,9300
-0.0825,6989
-0.114,8622
-0.104,7538
0.124,2534
-0.0934,6980
0.146,3366
-0.0467,6545
-0.127,8519
-0.168,9312
0.0797,3734
-0.0968,7337
0.0011,5324
0.0364,4496
0.182,925
0.00605,5189
-0.13,7989
-0.13,7966
0.395,624
-0.117,7553
0.355,866
0.128,2043
-0.0221,5724
0.00177,5352
0.113,2916
-0.35,9841
0.214,1834
-0.212,10378
-0.144,7891
-0.166,5435
-0.0026,4979
-0.116,7157
-0.0901,6999
0.292,977
-0.0992,7546
-0.218,8926
-0.141,8687
-0.155,9647
-0.118,8224
0.371,1085
-0.00335,5271
-0.234,9899
-0.0268,5972
0.0865,3406
0.235,285
0.302,835
-0.0374,6696
-0.205,5765
-0.154,7782
-0.0912,8037
-0.0882,7762
-0.105,7877
-0.0286,5837
0.243,177
0.0498,3889
-0.0178,5838
-0.065,7190
-0.0291,7118
0.0276,4532
-0.0904,5975
0.262,1949
0.0439,4293
-0.19,9593
0.109,3238
0.0256,4766
-0.0357,6225
0.249,247
-0.163,9693
-0.11,9340
-0.0851,7987
0.0355,4512
-0.0258,5662
0.081,3964
-0.361,6821
0.0679,3149
-0.206,9962
0.284,122
-0.197,8308
-0.0875,7561
-0.45,10977
0.203,722
0.497,614
-0.128,9509
-0.202,9432
-0.329,9803
-0.0761,8132
0.269,190
0.174,1572
-0.0129,5425
-0.117,6831
-0.273,9257
0.0675,2554
-0.232,9798
0.125,3916
1.97,269
0.161,3881
0.165,2632
0.375,867
-0.105,6841
0.139,3355
0.134,1379
-0.279,9678
-0.0676,6555
0.0678,3189
-0.0642,7110
0.0665,3855
-0.23,7602
-0.202,8461
-0.033,5176
-0.277,8268
0.0457,4296
0.223,2384
-0.155,9415
-0.115,6856
0.00351,5358
0.0222,4427
-0.115,8862
-0.372,10268
0.172,1824
-0.0118,5797
0.974,260
-0.0832,9460
-0.17,9991
0.214,1175
-0.0385,6215
-0.203,9710
-0.0568,6492
-0.212,9700
0.276,378
0.827,598
0.437,916
-0.599,10150
-0.0287,5875
-0.0847,7495
0.0264,4401
-0.37,10213
0.121,2799
0.2,1232
-0.16,8935
0.045,3143
0.139,1148
0.137,3780
-0.0495,6337
0.403,955
0.166,2391
-0.0444,6681
-0.118,9610
0.0737,2934
-0.229,10548
-0.138,6614
0.0654,2263
0.144,2412
0.101,1742
0.062,3183
0.668,293
0.0402,4603
0.174,1978
-0.158,8613
0.176,1554
0.162,1154
-0.167,8460
0.429,127
0.0625,4180
-0.0525,7554
0.174,707
-0.121,8562
0.457,231
0.0368,4305
-0.0366,6019
0.0632,3674
-0.0292,6035
0.103,2467
-0.0621,6171
-0.21,8284
-0.251,8482
-0.0172,5649
0.247,797
-0.219,10050
-0.00136,5623
0.92,455
-0.00272,5209
-0.124,9276
0.0466,3605
0.294,675
-0.00923,5388
-0.105,10039
0.0154,4949
-0.0203,6337
-0.0257,6240
0.031,4573
0.293,901
0.2,1873
-0.327,10244
0.113,2592
-0.0353,6329
0.167,1943
0.00561,4972
-0.277,8158
0.0308,4761
0.101,1875
-0.0315,6342
-0.121,8116
-0.26,10453
-0.147,6771
0.12,3457
0.174,1721
-0.0869,8979
0.167,1403
0.0988,3567
-0.226,6136
0.0514,4017
0.0544,4359
-0.0739,8531
0.351,2169
0.0557,4206
0.066,4360
-0.214,8799
-0.0789,9085
-0.0107,5679
-0.0965,7415
-0.149,9083
-0.331,8327
-0.0759,7800
0.00112,5282
0.113,1848
-0.233,8845
-0.037,6183
-0.106,6786
-0.0619,7070
0.134,1792
0.0549,3077
-0.313,10776
0.194,1789
0.0134,4781
-0.248,10037
0.153,1829
-0.027,5748
0.217,2846
0.0403,4224
-0.184,6717
-0.0319,5356
-0.129,7562
-0.329,10662
-0.0962,8275
-0.122,9121
-0.238,10361
0.0879,3903
-0.0294,6240
-0.209,8703
0.109,3274
-0.076,7834
0.163,2594
-0.269,9214
-0.0109,5145
0.101,3557
0.0827,4123
-0.549,10801
3.02,208
-0.0979,8411
-0.00436,5537
-0.139,9352
-0.0639,7381
-0.0312,5836
0.0576,4340
0.281,1504
-0.196,9404
0.0489,4030
-0.467,9992
0.216,517
-0.0805,6957
0.044,4161
0.0566,3639
-0.157,9321
-0.0241,6229
-0.186,10017
0.498,271
-0.0207,5493
0.177,829
-0.136,9799
-0.149,8666
-0.47,10924
0.307,1438
0.00361,5295
-0.0663,8912
-0.239,9775
0.0641,3866
-0.251,9474
0.275,1500
0.0807,3731
0.0633,3805
0.251,395
-0.48,10677
0.029,4958
-0.484,10839
-0.246,9440
0.176,448
-0.000647,5485
0.361,1076
-0.263,8699
0.264,1979
-0.278,8982
-0.0776,6244
-0.0229,6586
-0.223,9541
0.0767,3302
-0.301,7758
-0.0646,2847
-0.0386,7015
-0.018,5753
0.245,1043
-0.0767,7511
0.118,2636
-0.0584,6104
0.000111,5403
-0.0762,8274
0.0467,3804
-0.222,9773
0.969,698
-0.0287,5773
-0.285,10497
0.025,4664
0.132,2854
-0.303,8448
0.207,2707
0.0894,2965
-0.00193,5612
-0.14,9614
-0.308,9894
0.0197,4856
-0.049,6770
0.318,272
0.117,2451
-0.0252,5442
0.146,2740
-0.143,8349
-0.0436,6245
-0.25,9661
-0.179,9465
-0.166,10766
-0.175,8280
-0.19,9784
0.0512,4373
-0.49,10257
0.00304,5179
-0.122,8680
-0.0459,6639
0.136,2333
0.194,1921
-0.242,10173
-0.136,9383
-0.176,8692
0.338,581
-0.105,8119
-0.0612,6581
0.0852,1801
-0.0496,6965
-0.0774,8254
-0.0833,7297
-0.0448,5802
-0.461,10524
0.191,1228
-1.19e-05,5418
-0.0344,6698
0.121,2590
-0.257,9369
0.0483,4435
-0.18,10047
-0.231,10547
-0.0958,7841
0.136,2949
-0.0824,7304
-0.0442,7576
-0.0894,7753
-0.0904,8080
0.0219,4604
-0.111,6787
-0.0661,6506
-0.0435,5940
-0.152,8330
0.25,893
0.152,817
-0.125,7521
-0.0662,6094
0.149,2212
-0.154,7793
0.0263,4579
0.0694,2820
0.521,261
0.109,3394
0.000719,4878
-0.509,10524
0.048,3949
0.0064,5164
-0.0438,6362
-0.00363,5238
-0.0799,7678
0.257,1272
-0.0852,8564
-0.137,8949
0.286,499
0.288,1306
0.0787,3892
-0.361,9966
-0.114,8279
0.166,1049
-0.0604,6505
-0.139,7959
0.235,1882
-0.243,10429
-0.125,8705
-0.153,10294
0.13,3071
-0.387,10081
-0.111,8183
-0.0255,5702
-0.09,8274
-0.0563,8010
-0.105,7137
-0.0689,6339
0.348,467
0.0144,5057
-0.181,9665
0.071,2268
-0.294,10427
-0.0207,5637
0.0597,4488
0.242,389
-0.143,9728
0.178,250
0.578,90
-0.0308,6581
0.0341,4531
-0.182,7056
-0.0279,6236
-0.192,10088
-0.028,6503
-0.16,8302
0.0238,4707
-0.0584,6562
0.217,703
-0.203,9811
-0.111,8649
-0.416,9509
0.03,4609
-0.232,9698
-0.0614,7084
0.146,2254
0.0407,4696
-0.00994,5495
-0.0701,7426
0.862,293
0.0781,3112
-0.182,9960
-0.21,9829
-0.13,8280
-0.127,8579
-0.377,10868
-0.105,9874
0.156,1280
-0.436,10774
0.0491,3770
-0.204,9459
-0.175,7828
-0.0812,7973
-0.166,9883
-0.0741,6718
-0.252,9127
-0.163,8966
-0.248,7257
-0.203,9797
0.0224,4401
0.109,3439
-0.319,9885
0.172,1778
0.0696,3644
0.157,1409
-0.0635,7261
0.0395,4213
-0.04,6289
0.166,2282
-0.0386,6280
-0.104,8549
-0.485,10763
-0.198,10406
0.0588,4104
2.02,209
-0.0293,7160
-0.0875,7779
0.142,1424
-0.315,10576
0.0709,3307
-0.348,10378
-0.0756,7628
-0.0764,7868
-0.106,6964
0.479,324
0.0565,4307
-0.115,7215
-0.237,10031
-0.358,10919
-0.272,10002
-0.0551,7221
-0.203,9105
-0.0775,7231
0.0629,2984
0.0246,4451
-0.145,7353
-0.169,8845
-0.176,8940
-0.0149,4844
0.0854,2344
-0.0308,6811
0.266,1719
-0.169,9714
-0.129,7034
0.382,1760
-0.166,10789
-0.153,9118
-0.0545,7603
-0.0763,6852
-0.212,9003
-0.0459,6974
-0.211,10163
0.0115,4838
0.157,2889
-0.0256,6416
0.334,1954
-0.242,9691
-0.207,10097
-0.0807,7827
-0.474,10970
-0.0991,7605
-0.202,9245
-0.13,6866
0.0893,2665
0.347,1581
0.165,2664
0.127,2691
-0.58,10841
-0.162,5912
-0.047,6826
0.0271,4394
-0.281,7834
0.475,1069
-0.195,8150
-0.105,7169
-0.224,10568
-0.0314,6149
-0.215,9672
-0.119,9515
0.0719,1748
-0.106,8019
-0.0724,8036
-0.197,10458
0.117,3785
14.2,5
0.738,227
0.164,3532
-0.225,9109
-0.0458,6519
0.257,1623
-0.18,8603
-0.171,10174
0.0232,4653
0.33,127
0.0695,3201
0.0369,4510
0.109,2959
-0.152,8301
-0.359,7198
0.0123,4914
0.0386,3779
0.08,3123
-0.00638,5327
0.0385,4624
0.361,1365
0.0801,3625
0.0833,787
-0.126,6257
-0.16,9035
-0.366,8512
-0.0355,5849
-0.00678,5645
-0.0779,9374
-0.43,8377
0.0594,4309
-0.0613,8288
-0.0541,6922
0.0383,3673
0.00635,5113
0.00587,4562
0.049,4008
0.0642,2954
0.0429,4631
0.215,337
0.229,267
0.176,2415
0.132,3053
-0.191,9185
-0.0997,8806
-0.115,8849
-0.0446,6449
-0.189,7804
-0.102,5863
-0.185,7724
0.232,1803
-0.0392,6679
0.0343,3738
0.0254,4280
-0.0731,6921
-0.213,9841
-0.0944,6204
-0.424,6513
-0.14,8951
-0.0603,8129
-0.286,9814
-0.253,9211
0.218,1775
0.229,3129
-0.0627,6738
-0.0344,6857
-0.228,9138
0.133,2992
0.0401,4202
-0.384,9184
0.00484,5338
0.0222,4894
0.066,2673
0.403,489
-0.328,10916
0.166,2862
0.0531,3290
0.0971,2118
-0.308,10668
-0.0466,6346
0.28,2256
0.291,2322
0.0487,2964
-0.0522,6453
0.125,1722
0.0515,3830
0.0119,5111
-0.503,10510
0.0268,4703
0.086,4194
-0.161,7744
-0.162,7500
0.102,3407
0.24,1605
-0.0375,6881
0.0166,4609
-0.00504,5381
-0.00859,5880
-0.244,8656
0.124,3541
-0.218,10062
-0.15,8924
-0.0381,7023
0.21,1886
0.463,1021
0.065,3286
0.325,628
-0.0833,9447
0.348,291
-0.141,7912
-0.286,10166
-0.294,10032
0.209,840
0.0971,3020
0.215,1443
-0.0176,5455
0.0858,1812
-0.107,7766
0.072,3130
-0.0913,8783
0.157,1803
0.114,3145
-0.0992,6957
-0.265,9030
0.257,808
0.023,4504
-0.355,10356
-0.16,9972
0.584,845
-0.295,10723
-0.29,10573
0.246,2061
-0.0439,6548
-0.344,9662
-0.097,7960
0.17,1504
0.468,8
-0.074,7044
0.0955,1953
-0.239,9163
0.219,2114
-0.234,10840
0.15,1820
-0.14,7344
-0.0515,7018
-0.164,9134
0.107,2499
-0.0193,6048
0.289,638
0.38,42
-0.109,7502
0.23,2041
-0.0646,6805
-0.0391,6046
-0.0111,5726
-0.151,8077
0.379,1195
0.00602,4980
-0.221,8549
0.382,314
-0.1,7650
-0.132,8431
-0.235,9513
-0.00962,4558
-0.18,8781
0.423,136
0.112,2621
-0.287,7655
0.234,2319
-0.0167,5588
-0.296,8500
-0.0125,4470
0.0251,4518
-0.0311,6316
0.021,4842
-0.247,9611
-0.00311,5653
-0.138,10027
0.0964,3018
-0.709,10940
0.219,2724
0.0868,2991
0.029,3812
0.148,990
0.0648,3758
-0.0727,7642
-0.072,7565
0.721,29
0.248,972
0.0625,3394
-0.336,9182
0.148,1561
-0.116,9622
-0.228,8173
-0.00185,5141
0.0262,4491
-0.195,7986
0.292,887
-0.14,8132
0.00272,5114
-0.186,9768
-0.293,10360
-0.105,6808
0.109,2119
0.0433,4073
0.119,3569
-0.0638,7649
-0.0923,7642
-0.0512,5785
0.48,515
-0.271,9764
-0.165,8155
0.0946,2104
0.319,418
-0.326,9203
0.167,2597
0.107,3119
0.0424,4850
0.0471,3948
0.0679,2577
-0.187,10360
-0.0925,6738
-0.129,5759
-0.102,7394
0.322,429
-0.009,5861
-0.102,7761
0.0708,4230
-3.51e-05,5252
-0.0168,5578
0.0206,4688
0.0577,3890
0.0835,3442
-0.0936,7380
0.101,3473
0.00321,5128
-0.0685,7853
-0.3,10727
0.12,2884
0.152,1949
0.31,1402
-0.234,9564
0.0199,4528
0.115,2340
0.371,455
0.2,706
0.00878,5056
0.0773,2109
-0.00222,5221
0.136,1986
0.195,1971
-0.0511,7640
0.132,2326
0.513,69
-0.0239,6499
0.149,1863
0.0177,4605
-0.0469,7237
-0.294,10800
0.154,2337
0.101,2759
0.148,1547
-0.21,9561
0.0671,3919
-0.282,10184
-0.23,10567
0.101,3365
0.333,784
-0.0926,7709
-0.229,9239
0.31,774
-0.204,6116
-0.172,10038
0.0197,4570
0.0529,3663
0.0413,4419
-0.053,7242
0.0225,5183
0.228,140
-0.0925,8626
0.128,2216
-0.0563,6377
-0.139,6663
0.0735,3803
-0.0756,8374
0.225,232
0.0868,3081
-0.0913,7865
0.472,632
0.151,2540
0.00314,5147
-0.0147,6033
0.0129,5057
-0.107,8408
0.141,2134
0.133,1431
0.0443,4889
-0.102,7413
0.0379,4381
0.322,1477
0.0728,4015
1.31,594
0.102,2353
0.113,1013
-0.156,7903
-0.233,7654
0.00938,5117
-0.106,6552
-0.199,8995
0.0789,2997
0.18,2595
-0.0978,8032
0.023,4700
-0.0218,5614
0.205,2853
0.268,1550
0.00297,5333
-0.479,10713
-0.0418,6874
0.0154,4747
-0.023,6541
-0.0836,8839
0.442,460
-0.0035,5138
0.316,548
0.291,343
0.0473,3118
0.108,1345
-0.0656,7516
0.578,60
-0.344,10134
-0.245,10663
0.0536,3655
0.0199,4654
0.0193,4784
-0.0829,7557
0.0563,2570
-0.487,9775
-0.0885,7928
-0.0335,6217
-0.126,7317
-0.296,8133
-0.0916,7488
-0.0157,5439
0.0207,4588
0.19,237
-0.0205,5650
0.0641,3313
-0.0609,6663
0.0358,4340
0.389,152
-0.232,10271
0.0769,2484
-0.159,9251
0.0528,3292
0.2,999
-0.0897,8407
0.0334,4238
-0.0188,5995
-0.0968,7132
0.748,324
-0.104,5192
0.0432,3522
-0.21,10714
0.102,2831
-0.0527,6932
-0.126,7687
0.137,2925
-0.0412,6480
0.0857,2381
-0.0758,7306
-0.0169,5576
0.0166,4833
0.471,308
-0.121,9644
-0.00384,5711
0.00121,5335
-0.0343,6515
-0.394,9238
0.137,1117
-0.0221,6061
0.124,2964
-0.0281,6240
-0.393,10169
-0.245,10352
-0.325,10482
-0.0969,7532
0.0127,4894
-0.288,10420
0.263,2116
0.161,1815
-0.444,6544
0.19,768
-0.109,8741
-0.162,7949
-0.144,6041
0.366,219
-0.281,8865
0.0349,4417
0.0946,2595
0.519,238
-0.104,7437
0.203,2177
-0.107,7566
0.139,1111
0.347,390
-0.13,7157
0.515,683
0.353,1239
0.245,492
-0.0912,8925
0.0937,1247
-0.151,8503
-0.238,7987
0.666,29
-0.0122,5453
-0.272,7266
-0.0403,7348
-0.253,9546
-0.0719,6974
-0.39,10136
0.0672,3352
-0.38,9886
0.0874,2447
-0.0564,6863
-0.0857,6608
-0.345,7590
0.232,1653
0.00796,5301
0.15,2214
-0.138,7471
0.107,3421
0.2,2783
0.422,1777
0.0931,2416
-0.0557,6833
0.118,3081
-0.00695,5346
0.275,949
-0.0888,8564
-0.0893,8235
0.0597,3308
0.151,2498
-0.259,10142
-0.186,7561
-0.382,10530
0.00129,5344
-0.129,9287
-0.275,8873
-0.0881,7697
-0.149,8779
-0.0394,6319
0.0086,4867
-0.0973,7167
-0.164,9606
-0.178,8622
-0.00822,5447
0.0786,4333
-0.0438,6655
-0.198,9430
0.774,27
-0.073,8995
-0.153,8033
0.22,632
-0.176,9535
0.00902,4908
0.229,1735
0.0588,3154
-0.00631,5375
-0.368,10844
-0.0519,7117
0.114,1311
-0.191,8518
0.00814,5084
-0.111,8501
0.0822,3730
0.173,2229
-0.213,10567
0.0421,4544
0.157,3618
0.048,4234
-0.00741,5425
-0.125,8314
0.0207,4522
0.0813,3696
-0.178,7611
-0.0324,6687
-0.356,8664
0.124,2805
-0.181,10743
-0.0428,6358
0.461,2371
0.188,2036
0.0695,3999
-0.0117,6165
0.0277,4782
-0.186,9374
0.292,1006
-0.0882,7442
0.0192,4871
0.106,2510
-0.0225,5711
-0.247,9819
-0.143,8715
-0.184,8706
0.411,245
0.102,2415
0.255,1448
0.443,658
0.0239,4658
0.0366,4727
-0.105,6254
-0.141,9016
-0.0797,8558
-0.143,8335
-0.0735,6438
-0.143,8997
0.0249,4476
-0.252,10543
-0.331,8163
0.0715,2594
-0.15,8686
-0.0618,8070
-0.00821,5369
-0.194,9997
0.0152,4625
0.053,4124
-0.0551,6376
-0.247,10290
-0.00784,5155
0.0415,4015
0.229,2307
-0.543,9542
0.248,1922
0.012,4874
0.557,520
-0.131,8716
-0.306,9501
-0.152,7555
0.000473,5372
0.121,3093
-0.0341,6277
-0.0257,6867
0.0737,2525
-0.0676,7000
-0.346,10705
0.294,2228
-0.0916,9561
-0.0399,6737
0.111,813
0.0478,4450
0.16,2851
-0.729,8876
0.199,3089
-0.0564,7129
-0.222,9828
-0.214,9344
0.0249,4461
0.0919,4076
0.178,2864
-0.106,8233
-0.174,9107
0.261,638
-0.172,8692
-0.148,8719
-0.183,8391
-0.0312,6844
0.397,6
0.133,2252
0.0097,5032
0.281,929
0.0887,3409
-0.0828,7939
-0.326,9756
0.198,1412
-0.201,9807
-0.302,9384
-0.21,9490
-0.0931,8625
-0.165,8965
-0.0788,6841
-0.129,8114
0.221,1653
0.543,956
0.198,1472
-0.0549,8110
0.135,1463
-0.0545,7257
-0.103,7727
-0.324,10894
-0.115,8725
-0.0656,6945
-0.111,6667
0.0829,3813
0.0857,3506
0.419,1385
0.148,1805
0.045,2626
-0.0259,5717
0.0185,4919
-0.0714,7085
0.064,3094
-0.0308,6579
-0.232,10449
-0.0286,5699
-0.0908,8227
-0.142,8339
0.126,1802
-0.0886,8007
0.187,479
0.0801,3810
0.0829,3736
-0.099,7781
-0.163,8634
-0.449,10764
-0.185,8781
0.011,4954
0.0448,4545
-0.167,8601
0.442,828
-0.0185,6223
-0.247,10557
0.0836,2836
-0.116,6615
0.00522,5492
-0.674,10491
0.0402,3661
-0.268,10473
-0.311,10071
0.0929,3374
0.0914,2886
0.337,2450
0.101,2114
0.0255,3978
-0.049,6226
0.33,1183
-0.275,9879
-0.191,7321
-0.239,10480
0.14,2957
-0.0778,7322
-0.215,9969
-0.194,6582
-0.2,8702
0.0479,4074
0.0637,3364
0.321,1415
-0.112,7927
-0.0498,6688
0.199,2969
0.0157,4878
0.0338,3812
0.138,2895
-0.0425,6348
0.457,100
0.0394,4522
-0.141,8890
-0.0579,6942
-0.15,9261
-0.0575,7021
0.0529,3635
-0.116,8925
-0.267,10334
-0.112,8571
-0.0192,5575
0.326,691
-0.0138,5963
-0.0917,6093
0.113,1650
0.217,1084
0.319,1057
-0.108,9398
0.752,546
0.144,2750
-0.0408,6867
-0.0548,7048
0.384,1942
-0.14,7400
-0.0117,5500
-0.0318,6876
-0.0312,6574
-0.165,8917
-0.129,8891
0.0778,3381
-0.168,8478
-0.116,8166
0.368,793
-0.319,10918
-0.293,10256
-0.233,8656
0.112,3008
0.00221,5247
-0.151,8654
0.29,1882
-0.247,9198
-0.32,10443
0.174,2617
-0.0258,5372
-0.121,7210
-0.102,6678
0.224,2993
-0.199,6369
0.103,3002
0.00353,5074
0.107,1497
0.0655,4004
-0.176,9550
-0.165,7667
0.0766,3418
0.115,2402
-0.132,8522
0.137,2992
-0.125,7598
0.0219,4796
0.0691,3296
-0.0938,6871
-0.228,8588
-0.0286,6149
0.192,979
-0.143,7062
-0.0782,7974
0.143,2154
-0.0689,10019
-0.355,10501
0.353,749
0.266,1405
0.0703,3621
0.175,1088
0.0762,3217
0.0553,3898
-0.104,8867
0.691,21
0.0824,3464
0.28,129
0.281,549
-0.306,7094
-0.203,9292
-0.0439,5961
0.000286,5572
-0.115,8236
0.0515,3587
0.114,2933
-0.18,8728
0.253,2750
-0.161,6784
0.0418,3466
-0.112,8175
0.132,2422
0.119,3555
-0.172,7086
-0.177,6689
-0.117,7650
-0.249,10242
-0.0789,7741
-0.065,6094
0.0488,3528
0.236,1343
0.127,2029
-0.00396,4995
0.376,90
0.174,2228
0.0176,4689
-0.163,8687
0.0803,3414
0.134,1332
-0.169,8144
0.277,1724
0.166,1894
-0.169,8763
0.0523,3642
-0.0872,7896
0.281,458
0.166,2395
0.38,1714
-0.483,10387
0.203,1132
-0.0126,6072
0.503,119
-0.0719,6838
-0.0633,6887
-0.264,8106
-0.0706,7183
0.0276,4916
0.248,597
0.172,1439
0.00706,5329
-0.122,9498
0.215,1165
-0.0808,7083
0.122,3230
-0.178,9251
0.14,2203
-0.0464,5944
0.142,2049
0.166,2147
0.437,1087
0.0105,5331
0.135,3525
-0.439,10087
-0.00582,5643
0.12,2527
0.0603,4241
0.61,0
-0.0918,8158
0.259,2390
-0.0393,6389
-0.0606,7868
-0.431,8287
0.0216,4689
0.123,2852
0.121,2751
0.2,914
-0.228,9605
-0.279,10528
-0.328,8948
-0.166,9833
-0.0221,6360
0.0166,4707
-0.0366,6991
-0.0177,6091
-0.224,10457
-0.355,9942
0.202,3557
-0.0476,6887
0.3,222
-0.112,8354
0.279,887
0.413,1326
0.153,951
0.0964,2656
-0.0222,6040
0.808,414
0.0393,2232
-0.00224,5473
-0.0337,6188
-0.144,8745
-0.49,7612
-0.131,7959
-0.0624,9010
0.00341,5097
-0.104,4997
-0.647,8261
0.0781,2254
-0.0789,8241
-0.0172,5827
0.0651,3750
-0.035,5729
0.0234,4840
-0.173,9100
0.105,2577
-0.228,10113
-0.215,7694
0.277,669
0.0515,4275
-0.147,8556
0.0966,1807
0.0679,3033
-0.139,8342
-0.277,9352
0.257,2167
0.154,2455
0.0251,4658
0.108,1466
-0.0364,6607
-0.249,9568
-0.239,7659
0.28,1796
-0.345,10991
0.126,2653
0.0505,3731
0.0604,3381
0.068,3749
-0.731,10437
-0.0583,6556
0.0193,4862
0.0905,3131
-0.0487,6704
0.0581,3405
-0.489,9568
0.211,493
-0.0852,7470
-0.293,10487
-0.122,8715
0.0503,4457
-0.015,5789
-0.121,9685
0.0213,4385
0.294,424
-0.0452,6081
0.0312,4398
0.116,2579
0.143,2129
0.0346,3616
0.173,1936
0.285,339
0.0457,4420
0.0142,4813
0.0081,4769
0.217,470
-0.00422,5537
-0.288,7117
-0.00547,5478
0.588,151
-0.169,10516
-0.0787,8156
-0.0176,5879
-0.0241,5742
-0.089,7588
0.307,828
-0.202,8622
-0.0636,7789
-0.321,9948
-0.0371,6668
0.158,3116
-0.218,8228
0.183,1139
-0.258,9131
-0.0601,7065
0.141,2325
0.423,222
0.221,2155
-0.189,9489
-0.00379,5471
-0.00341,5417
-0.161,8697
-0.114,8198
-0.189,9523
0.012,4903
-0.12,9622
-0.312,10868
-0.0133,5242
-0.681,7978
0.0803,3934
0.0324,4026
0.0122,5051
0.142,1974
-0.122,8212
-0.302,10171
0.321,935
0.103,2901
-0.194,9793
-0.0716,5544
1.1,1193
-0.0401,6062
-0.0376,5393
-0.0521,5992
-0.337,9053
-0.069,7750
0.587,242
-0.0458,5723
-0.208,9631
-0.181,10776
0.0308,4624
-0.266,10795
-0.413,10039
-0.0785,7809
-0.149,7127
-0.0314,6151
0.045,3677
0.132,1326
0.754,277
-0.204,7869
-0.0242,6512
-0.183,9820
-0.124,9152
0.0109,5010
0.203,2720
0.132,3008
-0.0913,7540
-0.145,8815
0.0445,4283
0.00614,5202
0.0758,3700
-0.226,8823
-0.43,10635
-0.124,8917
0.154,2326
-0.0302,5970
0.0588,4284
0.0875,4037
-0.159,10057
-0.0687,7304
0.0219,4374
-0.111,7043
0.0152,4869
-0.32,10631
0.532,119
0.087,3645
0.115,1386
-0.0177,5732
0.371,1584
0.0368,4295
0.0547,3302
-0.023,5926
0.336,377
-0.331,10734
3.1,202
-0.0325,5448
-0.256,10885
0.0209,4666
0.145,2313
1.03,717
-0.279,10568
0.182,743
0.0345,4317
0.0154,5119
-0.0068,5615
-0.32,8726
0.18,3008
-2.71e-05,5259
-0.0551,7214
0.219,1051
-0.0942,7622
-0.209,9064
-0.0272,6027
0.155,553
-0.299,9463
0.136,2457
-0.122,8666
0.0186,4715
-0.0556,7058
-0.0582,7610
0.0189,4732
0.0741,3351
-0.0136,5522
0.145,2800
0.179,2427
-0.207,9396
0.0204,4593
0.232,1411
0.0301,4211
-0.29,9627
-0.0751,6618
-0.199,10237
-0.0841,7655
-0.0239,5817
-0.229,9961
-0.299,10029
0.00239,5160
0.183,1092
-0.211,10742
0.371,591
0.51,1247
-0.31,9453
-0.253,9281
-0.0184,6395
-0.133,9523
-0.0387,6394
-0.145,7859
0.0449,4245
0.268,1815
-0.12,9515
-0.0683,6731
-0.289,10578
0.0703,3224
0.26,681
0.0241,4720
0.0621,3753
-0.131,8195
0.201,1314
-0.12,7577
-0.173,9030
-0.246,10011
0.0181,4651
0.0286,3960
0.212,1899
-0.209,9944
-0.12,7759
-0.226,9575
-0.114,8274
-0.0301,5938
0.0667,3221
-0.0183,5909
-0.402,10843
0.2,532
0.046,2994
-0.26,8884
0.1,2284
0.361,1431
0.203,1588
0.206,443
-0.0211,6709
-0.247,10216
-0.0858,7212
0.133,2430
-0.199,7825
-0.21,10655
0.265,225
0.038,3979
-0.0677,6289
1.6,194
0.179,2891
0.111,3068
0.0492,3380
0.202,1531
0.0785,2850
-0.284,9591
0.24,1473
0.0271,4522
-0.0774,8695
-0.0294,6270
0.196,1430
0.00836,5273
-0.0924,8307
0.0515,3503
-0.121,8731
0.00297,5295
-0.217,9596
0.0663,3989
-0.0755,6235
0.0539,4098
0.309,840
-0.00509,4723
-0.0254,5425
-0.385,8392
0.508,671
0.34,373
0.048,3881
-0.0685,7325
-0.0116,5670
-0.0704,6497
1.13,1524
0.0321,4053
-0.0928,6292
0.139,2744
0.154,2632
0.326,913
-0.0535,6516
0.00657,4928
-0.0535,7053
-0.0156,5958
-0.459,8761
0.249,1357
-0.09,7743
-0.01,5364
-0.22,10267
0.00085,5263
0.0235,4695
-0.283,7984
0.328,2214
-0.0188,5899
-0.08,9354
0.0139,4876
-0.288,10673
-0.429,9179
-0.0489,6410
0.0388,4164
0.172,1842
0.0575,3834
0.0618,4084
-0.214,9033
-0.00966,5530
-0.0021,5309
0.00634,5193
0.166,1802
-0.105,7447
0.0184,4549
0.06,3844
-0.0384,7470
-0.0309,5798
0.193,2091
-0.276,10805
0.213,1684
-0.0477,6604
-0.0824,9081
-0.0164,5690
0.102,2937
0.192,919
0.013,4645
0.182,2646
-0.0841,8664
0.223,1078
-0.00562,5445
0.443,968
-0.196,10493
-0.36,8083
0.0837,1925
0.0678,2014
0.252,1764
0.257,2100
-0.0584,6112
0.34,997
0.238,1479
0.0688,2827
-0.141,8931
-0.0669,6671
0.526,421
0.145,2062
-0.0303,6914
-0.359,10361
-0.184,9264
0.167,907
-0.0438,6720
0.205,2254
0.173,932
-0.0939,8538
0.143,2484
-0.0875,6230
-0.331,9770
0.716,1056
0.038,4071
-0.0179,6522
0.474,82
0.202,1424
0.859,446
-0.0664,7166
-0.224,10435
-0.0363,6693
-0.397,10333
-0.166,8716
0.299,205
-0.222,10463
0.0765,1962
-0.11,9065
-0.297,9748
-0.111,8803
0.128,3275
-0.115,7610
-0.0786,8155
-0.22,9034
-0.0771,6459
0.306,1573
0.00832,5177
0.159,3019
-0.315,10047
0.0475,4044
0.123,1979
0.0132,4633
0.133,1469
-0.0503,6915
0.411,337
0.142,1473
-0.103,7201
-0.185,9853
-0.0558,7117
-0.0251,5774
0.0835,3364
-0.166,8971
-0.0295,5820
-0.00734,6050
0.0246,4395
-0.0865,8190
-0.14,7926
0.127,2815
-0.0562,7026
0.0492,4121
-0.119,8129
0.197,1369
-0.554,10936
-0.181,9126
0.0666,4180
0.00815,4941
0.0687,3486
-0.00738,5294
0.137,2033
0.138,3397
-0.16,10149
-0.0267,5914
-0.0397,5749
0.0445,4024
-0.17,9358
0.0383,4533
0.189,2850
0.0767,3696
-0.0714,8656
-0.0453,6515
0.0336,4344
-0.158,8207
0.0505,4289
0.00182,5328
0.205,595
0.091,3335
0.162,2569
-0.307,9265
-0.18,7984
-0.132,9742
-0.0243,5899
0.0305,3916
-0.391,10342
0.389,705
-0.354,9425
-0.0361,6200
-0.0749,8377
-0.025,6432
-0.184,10692
0.0552,3915
0.101,2076
-0.0424,6708
-0.232,9932
-0.0321,6263
0.162,1736
-0.118,8750
0.378,81
0.0454,3622
-0.226,10192
-0.0693,7165
-0.182,9245
0.148,2635
0.0455,4123
-0.11,7479
0.0316,4556
-0.112,7926
-0.0405,6584
0.177,2630
-0.0213,5633
-0.375,10759
-0.0126,5690
0.0501,3926
-0.208,7988
0.219,2695
0.113,988
-0.0539,6795
0.159,2930
-0.0449,6201
-0.128,7670
0.0363,4129
-0.0802,6819
-0.163,7823
0.0406,4566
-0.343,10337
-0.209,8720
-0.165,8424
-0.0359,6384
0.142,1209
0.0622,3796
-0.377,10819
-0.435,10586
-0.0905,6921
0.214,1807
-0.121,8698
-0.182,9949
0.0313,4290
-0.0945,7856
0.0146,4891
-0.0833,8415
0.0322,3910
-0.57,10504
-0.122,7458
-0.0518,6633
-0.164,9181
-0.095,9796
-0.111,8463
0.0279,4661
-0.141,9127
0.163,1934
0.14,2766
-0.284,9892
0.157,1409
-0.0639,7322
0.0979,3212
-0.0617,6632
0.436,214
0.0928,3517
-0.111,8284
-0.189,8201
-0.0966,7648
0.00474,5361
0.66,1520
-0.172,10330
-0.188,10973
-0.0648,7114
0.155,2351
0.0546,3581
-0.871,9675
0.152,743
-0.194,10643
-0.126,8318
0.236,2146
-0.21,7731
-0.0875,7119
-0.074,7290
-0.076,7388
-0.13,7959
0.193,1824
-0.168,9837
-0.582,9135
-0.316,10586
-0.0564,6900
0.388,192
-0.0367,6093
0.147,2792
-0.219,8087
-0.104,9923
-0.0272,6572
0.0308,4363
0.0403,4166
-0.0222,5859
-0.282,8239
-0.0845,8037
-0.233,9228
-0.259,6836
-0.134,8929
0.195,1595
0.0325,4106
0.156,707
-0.0754,8609
-0.0263,5910
-0.113,8430
0.0388,4604
-0.0551,6712
-0.137,9838
-0.0687,8507
0.122,2301
0.192,1845
0.457,343
-0.323,8959
-0.16,8546
-0.126,9646
0.0717,3934
-0.215,8059
0.223,1155
-0.17,8952
-0.211,10700
0.173,2074
0.367,774
-0.223,10168
0.283,2346
-0.271,10255
0.093,1106
0.3,121
0.38,563
-0.109,7565
-0.343,9745
0.829,26
-0.0681,7462
-0.0763,8544
-0.189,10173
-0.155,8675
-0.0743,6926
-0.0322,6160
-0.0423,7347
-0.134,10029
-0.223,7991
-0.0278,6389
0.415,449
-0.0398,5439
0.0131,5009
-0.139,8929
0.34,603
0.46,1079
0.279,1338
-0.199,7387
0.167,1663
0.185,1181
-0.171,8551
0.317,1229
0.0088,5006
-0.26,8677
0.248,337
-0.0188,7274
0.104,3476
0.107,2809
-0.383,8968
-0.00548,5624
0.03,3875
0.00271,5158
-0.234,8826
-0.107,7060
-0.154,6584
0.167,2591
-0.153,8900
-0.152,7498
-0.125,8821
0.0853,2768
0.0488,3651
-0.219,8695
0.0988,1504
-0.0938,7823
0.0434,4394
-0.257,10509
-0.907,9791
-0.25,6827
0.123,2122
0.218,1060
-0.104,8545
0.232,2210
0.0253,4827
-0.0785,5952
-0.0895,7571
0.137,1945
0.0124,4932
-0.379,7269
-0.046,6618
-0.187,7437
-0.0258,6887
-0.0029,5355
-0.13,8324
-0.213,9061
0.117,2421
0.499,393
0.389,50
-0.0371,5694
0.231,1461
0.00583,5236
-0.264,10257
-0.213,8287
-0.154,10226
-0.02,5812
-0.04,6540
-0.143,8570
0.219,2096
0.0829,3939
-0.0616,8357
0.00697,5239
0.104,2865
0.0609,3532
0.0788,3960
0.25,1506
-0.152,10046
0.174,1423
0.0182,4982
0.062,4026
0.134,748
-0.176,7275
0.0789,2370
0.0113,4779
0.159,1115
-0.126,9551
0.164,2154
-0.0828,7607
0.178,2407
0.0363,3905
-0.0467,7002
-0.257,9058
0.058,4099
-0.168,6572
-0.164,5792
-0.0776,9332
-0.0562,8030
-0.316,10103
0.365,43
-0.0413,6088
-0.169,6660
0.0437,3513
-0.0822,10014
-0.12,5785
-0.364,7815
-0.653,10263
-0.286,9089
0.158,3442
0.171,570
-0.187,8268
-0.361,10648
0.261,483
0.132,533
0.162,1275
0.289,678
0.114,3112
-0.093,6878
-0.0663,6678
-0.0989,7188
-0.122,9777
-0.149,9207
0.197,2456
-0.015,5216
0.625,112
-0.0503,6876
-0.00486,5381
0.0447,4313
0.252,941
0.0814,3659
0.0833,4013
-0.107,7557
0.113,2177
-0.219,10594
-0.458,8406
-0.0981,6710
0.201,2982
0.101,3615
-0.022,6205
-0.155,10117
0.625,1062
-0.49,9852
-0.0342,4618
-0.331,8533
-0.257,10806
-0.143,4824
-0.291,8547
0.112,3544
0.132,2520
0.0395,4820
-0.0437,6663
-0.231,10016
0.222,1386
-0.152,8570
0.226,455
-0.119,8815
0.405,709
-0.0185,5698
0.0438,3298
-0.215,8274
-0.00437,5651
0.405,261
0.0322,4134
0.187,2769
-0.00783,5488
0.136,1832
0.051,4534
0.122,2472
-0.103,8971
-0.179,9554
-0.141,9114
-0.00798,5687
0.0186,4491
-0.0151,6064
0.0505,4423
0.167,2929
-0.307,8687
0.253,636
0.468,486
0.179,166
-0.466,9213
0.709,626
0.215,2468
-0.0229,5634
0.00683,5112
0.222,655
-0.145,9281
0.126,2561
0.164,1705
0.188,1458
-0.119,9707
-0.0581,6902
-0.285,10612
0.115,2639
0.153,2514
0.009,4921
-0.0142,6167
-0.0416,7425
-0.47,10374
0.632,1313
-0.279,6870
-0.0181,5677
-0.151,9095
0.207,1188
-0.455,10814
0.195,1225
-0.00361,5399
-0.121,8882
-0.0106,5676
0.0894,4055
-0.294,10439
0.397,1258
-0.223,9377
-0.0223,6176
0.104,2737
-0.117,7478
-0.223,10355
0.782,351
-0.0139,5291
-0.125,9657
0.0834,3359
0.296,601
-0.158,8876
-0.097,7771
0.00562,5145
-0.172,10229
-0.0279,6169
-0.298,9550
-0.127,7470
-0.0152,5520
-0.232,6584
-0.146,10014
-0.266,9637
0.0659,4141
0.0833,3037
-0.266,9762
0.106,1718
0.0746,4087
-0.193,8881
0.113,2824
-0.0352,6666
0.221,1240
-0.0451,7260
-0.241,10761
0.0263,3992
-0.185,9629
-0.254,10045
-0.198,9011
0.122,3952
0.199,872
-0.108,8744
0.114,2723
-0.0852,8155
-0.2,7511
-0.0665,5761
-0.0595,7373
-0.183,11017
0.0927,3892
-0.115,8610
0.124,2851
0.0625,3473
0.00742,4678
-0.0844,7488
0.141,2819
0.141,2386
0.0802,2940
-0.0469,6261
0.0287,3435
-0.0634,8106
0.00675,4987
0.271,390
-0.157,8002
-0.0575,7326
-0.0627,5696
-0.0301,6213
-0.0408,5864
0.191,2416
0.0321,4358
-0.00804,5111
-0.0956,8748
-0.0375,6397
-0.11,8027
-0.199,8646
0.00461,5433
-0.217,8894
-0.0178,6106
0.0243,5011
0.177,1992
-0.177,9808
0.24,3527
0.0316,4545
-0.174,8902
0.102,1988
-0.0762,7724
-0.129,8571
0.0279,4730
0.728,772
-0.206,10018
0.0303,4377
-0.111,9447
0.0181,4753
-0.135,7979
-0.119,8778
0.139,954
-0.00959,5802
-0.303,9469
-0.349,10344
0.389,880
0.0469,4519
-0.157,9640
0.246,974
0.231,2402
-0.276,10304
-0.0742,6117
0.0528,3980
0.0228,4570
-0.113,8879
-0.0155,5525
-0.217,8525
-0.0436,4974
0.321,913
-0.177,8581
0.0128,4934
0.02,4488
0.0773,4045
1.1,586
0.0157,4882
0.0105,5159
0.013,5008
-0.0842,8510
-0.44,10770
-0.019,6272
0.281,847
-0.152,9543
-0.275,10500
-0.275,9878
0.66,359
-0.0462,5672
0.156,643
-0.146,9253
1.73,211
-0.0855,6444
0.474,265
0.224,457
0.139,1789
-0.0392,7115
-0.087,9097
-0.107,8565
-0.0654,6828
-0.0298,6532
-0.043,6881
-0.1,8566
0.126,2295
-0.136,9350
0.212,1887
0.0513,3352
0.128,1465
0.159,671
-0.34,10368
0.0197,4658
-0.057,5984
-0.378,10224
-0.12,7605
0.0372,4286
0.0569,3575
-0.192,9709
-0.183,9595
-0.0428,5865
-0.232,10202
0.221,56
0.109,3084
0.136,2711
0.0934,1973
-0.13,8849
-0.000775,5036
0.146,437
-0.296,10801
-0.00966,5458
0.0148,4840
0.0322,4842
-0.0624,6953
0.0172,4473
-0.0207,5332
-0.0167,5757
0.00886,4844
0.213,3177
0.125,2012
-0.109,7992
0.165,3550
-0.0943,7617
-0.0699,6713
-0.167,9870
-0.0352,6147
0.0367,4241
-0.0265,5502
0.175,1823
0.468,1494
0.177,2946
-0.165,10121
-0.0204,6672
-0.267,10827
0.543,16
0.0518,3039
-0.187,8933
-0.0101,5743
-0.0465,7036
0.165,2347
-0.102,8627
-0.25,7953
-0.17,8839
0.105,2236
-0.0577,8435
-0.0862,7319
0.164,1265
-0.0868,6476
0.206,429
-0.186,10327
-0.156,9898
-0.143,7830
0.168,2780
-0.273,10063
-0.0784,7634
-0.424,7865
-0.0631,7719
-0.0348,6250
0.519,42
-0.224,8940
-0.154,9713
0.116,1834
-0.175,8914
-0.373,8919
-0.119,7711
-0.0266,6369
0.379,618
-0.129,8634
-0.0674,6544
0.28,120
-0.333,10813
-0.0738,7788
-0.416,9266
0.0882,663
-0.205,10544
-0.241,10742
-0.189,9473
-0.0518,6012
-0.154,9140
-0.245,10080
0.113,2008
-0.157,9819
-0.00724,5473
0.0965,2696
-0.45,10214
0.0406,4648
0.0352,4263
-0.071,6541
-0.0591,6790
-0.356,9920
0.317,556
-0.0236,6196
0.0776,3258
0.0138,4776
0.00314,5377
0.0229,4719
-0.141,9252
0.222,2250
0.0333,4223
0.0132,5097
0.322,952
0.094,2577
-0.134,9765
-0.0257,6296
-0.278,10254
0.0517,4143
0.0428,4720
-0.00881,5240
-0.372,10453
-0.254,11001
-0.152,9903
0.21,1066
-0.321,10364
0.554,984
0.438,1312
-0.0785,9152
-0.0491,6251
-0.0589,6021
0.0868,3507
0.265,2828
-0.0701,7138
0.103,2245
-0.0486,7480
0.67,581
-0.108,7316
0.131,3234
-0.207,8651
-0.0699,6801
0.105,3568
-0.116,8849
-0.284,9977
0.24,687
0.133,3497
0.114,897
-0.0847,9118
0.225,1238
0.232,1845
0.313,1192
-0.12,7137
-0.259,10541
-0.0138,6115
0.0224,4774
-0.0286,6166
0.172,2607
-0.146,8617
-0.0604,9099
-0.0694,6867
-0.000348,5174
-0.084,7651
-0.0412,6307
-0.29,9863
0.306,563
-0.0027,5880
-0.0616,6917
0.549,266
-0.0409,6040
-0.14,8871
-0.0954,9304
-0.137,8420
-0.519,8958
0.108,2880
0.0694,3939
0.152,1679
0.122,1885
0.0951,2860
-0.146,8633
-0.171,9276
-0.317,10655
-0.12,8501
-0.162,10372
-0.136,10738
-0.153,7646
0.274,404
-0.119,6791
-0.00173,5424
-0.0229,5738
0.0866,3030
-0.0765,7761
-0.0724,6470
-0.0156,6152
0.079,4340
0.0389,2989
0.0713,2852
0.0468,4360
-0.0976,7461
-0.107,7670
-0.125,8517
-0.107,9058
0.00304,5416
0.261,1433
-0.291,9798
0.0441,3667
-0.00251,5233
0.00101,5518
0.0713,3158
0.548,109
0.272,330
-0.391,7957
-0.0184,5474
0.161,2124
-0.0611,8628
0.603,100
0.545,45
0.305,501
-0.201,9657
0.052,3853
-0.0177,5608
0.118,3100
0.737,464
-0.0111,5592
0.0743,3768
-0.116,9048
0.419,310
-0.426,8268
-0.119,7554
0.172,2798
0.453,376
0.0186,4285
-0.0102,5575
0.359,574
0.0553,3861
-0.207,9962
-0.19,9089
0.0546,2960
-0.0922,8663
-0.199,8714
0.21,1924
-0.205,9215
0.0292,4710
-0.217,10968
-0.174,9654
0.23,1726
0.0979,3327
-0.0848,7883
-0.0837,6740
-0.244,10678
0.0729,2808
1.06,81
-0.0984,6709
-0.152,5413
0.209,2180
0.348,91
0.0276,4355
-0.00347,5330
0.117,3417
-0.0499,7033
-0.174,9192
0.0819,2803
-0.0547,6949
-0.476,7547
0.00592,5271
-0.0668,8006
-0.0635,6544
-0.0167,5495
0.0624,3676
-0.237,5208
0.202,2525
0.0843,3374
-0.0105,5089
-0.414,10725
0.117,1664
-0.139,6007
-0.0461,7181
-0.018,5419
0.161,1374
0.116,2074
0.287,499
0.165,2687
0.00102,4762
0.955,353
-0.0992,7126
-0.324,9943
0.00329,5135
-0.187,8590
0.0758,4142
-0.413,7011
-0.00486,5446
-0.0419,7113
-0.0222,5427
0.214,2540
-0.116,6498
-0.316,9623
-0.0603,7342
0.227,1269
0.017,4737
0.19,2588
0.0129,4854
-0.673,10184
0.501,770
-0.0104,5777
-0.0616,6844
-0.0186,5663
-0.0995,9109
0.237,2860
-0.354,10712
0.0137,4658
0.0839,3030
-0.695,10774
-0.253,9472
0.119,3815
0.0281,4536
-0.04,6365
-0.0337,7022
-0.103,7392
-0.0073,5429
0.184,2536
-0.0436,6724
0.16,1746
0.14,1024
0.0629,4038
-0.157,8688
-0.173,8646
-0.00292,5079
0.0483,3849
-0.0737,8137
-0.297,10049
0.0549,4174
-0.273,8143
-0.203,8244
-0.108,9169
-0.0846,9075
-0.324,10694
0.242,3292
0.126,3307
0.175,2021
0.128,2326
0.114,858
-0.0751,6890
-0.189,8954
-0.00186,5315
-0.0803,6887
0.193,1525
-0.0323,6909
-0.235,8148
0.453,129
-0.316,10357
-0.197,9240
0.0853,3230
-0.0631,6925
0.0052,5317
0.141,551
-0.0487,6221
0.36,1415
-0.118,9849
-0.0187,5542
0.0111,4922
0.0287,4689
1.41,2
-0.0862,7221
0.129,1359
-0.134,8166
-0.217,10115
-0.312,9549
-0.00322,5412
-0.378,7809
-0.161,9242
-0.175,8265
-0.0956,6391
-0.404,9330
0.0211,4709
-0.102,7752
0.0505,3950
0.0128,4853
0.0521,3625
-0.282,10679
0.0566,4264
-0.156,8518
-0.0874,8287
-0.267,10568
0.323,450
-0.0455,7126
0.692,500
0.19,1800
0.212,350
0.0166,4776
0.195,1645
-0.054,6425
-0.178,8700
-0.0997,7901
-0.0612,7194
0.143,1739
-0.036,6512
0.198,1601
0.0534,4155
0.124,3530
-0.143,9266
-0.0905,8725
-0.112,7182
-1.18,10978
0.0385,4063
-0.0794,7337
0.119,2306
0.3,946
0.273,1094
-0.185,10699
0.249,1223
-0.0233,6230
0.164,1103
0.011,4726
0.113,957
0.026,4695
0.141,1161
0.072,3146
-0.179,9457
-0.158,7773
0.0581,3700
0.171,1723
0.0341,4543
0.035,4665
-0.133,8660
0.0536,3027
-0.107,6708
-0.165,8804
-0.0612,8065
0.00845,4892
-0.228,7333
0.319,996
0.427,83
-0.25,10540
-0.0544,7078
0.134,3609
-0.0485,6623
0.31,1221
0.0721,3291
-0.138,9618
-0.512,9784
-0.0171,5572
-0.1,7273
-0.0796,6762
0.0244,4623
0.168,1201
-0.0946,7463
0.127,2284
0.385,580
-0.00646,5601
-0.274,10260
-0.174,8325
-0.469,7555
0.332,2078
-0.263,10449
0.224,693
-0.0787,7242
-0.256,10588
-0.0453,5969
-0.442,9407
-0.394,10901
0.0829,3162
0.0124,4878
0.234,1872
-0.211,10106
-0.0179,5062
-0.095,8823
-0.0686,8898
0.237,1474
-0.0483,6448
0.369,265
0.0459,3736
0.265,207
0.642,121
0.278,1954
0.168,1099
-0.228,9487
0.296,472
0.303,211
0.256,1227
0.426,450
0.0437,4224
0.297,1994
-0.481,10106
0.0812,2379
0.0426,3811
-0.0493,7089
-0.137,7602
0.0686,3738
-0.322,9614
-0.0572,7334
-0.016,5473
-0.172,9575
-0.038,6203
-0.102,8773
0.314,275
-0.12,8643
-0.256,10226
0.0621,4020
0.0737,3821
-0.0316,5410
-0.434,10236
-0.029,6399
4.85e-05,5317
0.153,1967
0.0365,4549
-0.411,10826
-0.26,7421
-0.0283,6215
0.116,2584
0.0293,4557
-0.0701,5950
0.114,3046
0.378,695
0.0641,1500
0.227,1156
-0.186,9421
-0.283,10239
-0.0863,7482
-0.0717,8050
0.228,634
0.171,1239
0.175,3125
-0.426,10238
0.164,3583
-0.423,10777
0.0856,2830
-0.187,10314
-0.00944,5312
0.145,1852
0.0927,3591
0.207,2260
-0.205,10061
-0.109,8897
0.0221,4874
0.127,3195
-0.79,8597
0.26,1118
0.203,718
0.367,513
-0.0278,5994
-0.343,9941
2.21,230
-0.262,9037
-0.0447,7491
0.133,2105
-0.135,8235
0.205,1683
-0.107,6268
0.288,353
-0.0621,7245
-0.306,10520
0.433,853
-0.246,10204
-0.0228,5697
0.0555,3735
0.106,2199
-0.246,10705
-0.309,9263
-0.208,10063
-0.198,9954
-0.292,7755
0.0292,4099
0.203,1371
-0.141,9239
0.0303,4350
-0.24,10065
0.107,3812
-0.138,7084
0.196,1400
0.335,1839
-0.314,10946
-0.287,7903
-0.221,9148
0.0249,4373
-0.3,10230
-0.113,9197
-0.136,8028
0.1,3741
-0.332,7814
0.0727,2270
0.05,3516
0.0849,3828
0.34,1867
-0.41,10314
-0.0428,6495
-0.0605,8102
-0.263,10941
0.284,497
0.109,3231
0.128,3862
0.0156,4866
-0.312,10647
-0.049,6314
0.0139,4697
-0.193,8548
-0.256,10187
0.0455,4369
0.106,2575
0.268,800
-0.217,7786
0.00158,5190
0.0193,4763
-0.0157,5669
0.128,2868
0.109,3027
-0.0228,5583
-0.025,6077
0.142,2375
0.459,625
-0.0674,7508
0.0449,4508
0.0432,4350
0.00479,5256
-0.165,8866
0.0258,4734
0.0582,2253
0.0835,2425
0.389,864
0.0529,4153
0.584,113
0.0112,4861
-0.0937,7582
-0.0913,7487
0.158,3722
-0.0731,6556
-0.416,9865
0.128,3248
-0.0375,5529
0.187,891
0.145,2754
-0.0342,5930
0.00772,5167
0.208,2449
0.0289,4280
-0.051,8654
-0.159,6959
-0.0969,7695
-0.511,7901
0.00572,5230
-0.084,7088
0.126,1584
-0.0819,6875
-0.112,7262
-0.266,9984
-0.266,10564
-0.0218,6255
-0.0909,8403
-0.495,10114
0.185,1989
0.344,501
3.9,135
-0.332,9667
0.06,3605
-0.371,10710
0.199,2115
0.0775,3725
-0.248,9356
-0.121,9340
0.0347,3854
-0.221,10807
-0.0189,6026
-0.137,9263
-0.0684,7369
0.168,1063
-0.204,9825
0.251,1300
-0.293,8596
-0.0512,5680
0.0489,3936
0.102,2733
-0.0443,6689
0.231,1556
0.101,3642
-0.0404,6958
-0.0551,6224
0.158,1350
0.197,1150
0.0935,3516
-0.0451,7170
-0.286,9517
-0.063,6033
0.0673,2505
-0.0723,8604
-0.114,7963
0.0553,3870
0.124,2679
0.711,22
0.0517,3241
0.0738,2647
-0.105,8266
0.285,1811
0.361,2300
-0.00694,5142
-0.0593,7827
-0.00938,5761
0.518,334
-0.179,8086
-0.359,10387
-0.423,8360
-0.0435,7636
-0.0182,6090
-0.0206,5276
-0.0599,7234
-0.443,9188
-0.0756,7496
-0.158,10412
0.0526,3224
0.0421,4536
0.0549,3002
-0.259,8098
0.0557,4328
0.482,252
-0.0797,8525
-0.0794,7161
0.316,2107
0.189,1137
-0.0888,5424
-0.0198,5998
-0.134,9507
0.0503,4406
0.0975,3707
0.195,1661
-0.253,7954
0.0584,3590
-0.0163,5750
-0.481,9045
-0.823,8653
0.0238,4805
0.156,2899
0.00307,4921
-0.303,8682
0.205,1937
0.0193,4504
-0.131,8936
0.56,190
0.192,3056
-0.123,6511
-0.214,8419
-0.0941,9441
-0.00165,5307
0.0396,4369
-0.139,9410
0.0804,3009
-0.0704,7250
0.0518,2997
-0.0708,7865
0.303,1301
0.0115,5252
0.122,3479
0.0747,3569
0.161,1677
-0.0579,7733
0.298,1218
-0.297,10517
-0.198,8978
-0.163,8034
-0.216,9660
0.0291,4579
-0.243,7442
-0.543,10661
-0.0748,7773
-0.0389,6005
-0.129,9218
0.209,503
-0.203,6934
-0.183,9198
0.0268,4762
-0.0449,7837
-0.0165,6352
0.0983,1480
-0.828,9445
0.239,3502
-0.197,6310
-0.111,6486
-0.137,9214
0.196,897
0.169,3622
-0.403,8888
0.196,3450
-0.293,8646
-0.657,10250
0.718,1170
-0.107,7761
0.227,1807
-0.162,9945
-0.0805,8639
-0.298,9609
0.503,1410
-0.144,6041
2.35,21
0.0105,5249
0.00918,4973
-0.125,9009
0.0705,3819
0.342,746
-0.0404,6304
-0.136,8257
0.0335,4541
-0.106,7487
-0.065,6781
-0.0118,5598
-0.0862,9257
0.142,641
0.0648,3892
0.159,1801
-0.131,9380
-0.085,7820
-0.12,7690
0.0128,4766
-0.0401,7518
2.73,359
-0.137,7512
-0.21,8456
0.252,2312
0.0883,3127
0.0444,4424
-0.332,7233
0.508,391
-0.162,8709
0.144,2919
0.0936,1606
-0.141,7340
-0.475,10195
-0.425,6264
-0.0509,6124
-0.079,9435
0.0634,723
-0.423,10851
-0.259,10164
-0.0606,6203
0.147,1976
0.0216,4641
0.183,2115
-0.0368,6186
0.0269,4804
-0.2,9607
-0.193,8826
0.0856,3417
0.0517,3050
0.24,2426
-0.123,7472
0.248,2294
-0.0695,8334
-0.159,9856
-0.0199,5678
0.0139,4812
-0.0333,6139
-0.246,8855
0.0757,3905
0.03,4864
-0.179,10669
-0.19,8425
-0.12,7444
-0.0352,6204
0.0967,2152
0.105,1797
0.0607,3369
0.395,920
0.115,3331
-0.126,9117
0.257,2926
0.0538,2954
0.219,875
0.631,402
-0.111,7189
0.322,797
-0.122,8131
-0.121,8957
-0.41,10644
0.0973,3607
0.269,1173
-0.231,9386
0.077,1779
-0.117,9568
-0.12,8932
-0.152,6744
0.124,2486
-0.218,9461
0.023,4510
0.108,2544
0.0507,3301
-0.0966,8335
0.183,2473
0.116,2607
-0.178,9264
-0.0136,5863
0.108,1549
-0.00277,5255
-0.218,10255
0.0695,3836
0.0572,4193
-0.0303,6127
-0.0573,7068
-0.24,10284
0.0323,4811
0.271,1092
0.459,66
-0.159,10230
0.0677,3530
-0.0225,5833
0.0153,5022
-0.0721,6988
0.0985,2825
-0.151,8628
0.0629,2516
0.0324,4356
0.356,397
0.198,526
-0.0151,5804
-0.202,10461
0.446,619
-0.156,8928
0.0822,2237
-0.381,6191
-0.175,10514
-0.0758,6956
-0.3,10890
-0.534,8518
-0.1,6819
0.38,781
-0.146,9436
-0.0453,6926
0.02,4765
0.123,2254
0.0746,3431
0.174,1698
0.352,203
-0.0227,6294
0.232,2512
0.0202,4602
-0.035,5964
-0.0402,6037
0.356,839
-0.0518,7538
0.00516,5055
-0.0752,6920
0.223,468
1.23,38
-0.0136,5844
0.0853,2823
0.0614,4330
-0.0418,5472
-0.501,10110
-0.0931,8085
0.199,2366
0.224,1539
0.0961,3748
-0.222,8611
-0.0266,5824
-0.127,8542
0.0314,4203
-0.208,10423
-0.0336,6216
0.0878,2814
-0.0378,6422
0.367,137
0.289,718
0.0731,3980
-0.0634,7215
-0.0314,5976
0.123,2021
-0.0304,6265
0.147,2345
-0.177,9692
-0.00707,5597
-0.268,9799
0.209,1435
-0.127,10372
-0.0363,7721
0.197,1504
0.101,2820
-0.021,5857
-0.438,10186
0.271,533
-0.149,8596
-0.396,10459
-0.0798,6760
0.0284,4527
0.0336,4405
-0.122,8756
0.124,2496
-0.187,9153
-0.532,10700
0.161,3493
-0.0207,5618
-0.242,9086
0.0753,1806
-0.327,10763
0.291,2805
0.247,1557
0.00379,5179
-0.042,8010
-0.0278,6874
0.302,1659
-0.0317,6655
-0.0546,6856
-0.0587,7062
0.111,1866
-0.0401,6904
0.298,579
0.14,2889
0.212,364
-0.0271,6086
0.106,2166
0.0212,4581
0.0983,2957
-0.145,8947
0.00327,5283
0.0866,2351
0.0999,3336
-0.142,9525
-0.0817,7533
-0.162,8984
0.287,2496
0.269,1519
0.262,401
-0.121,8412
-0.0692,6802
0.229,1137
-0.0454,5702
0.172,1995
-0.000468,5073
-0.033,6617
-0.316,10427
0.614,812
0.0265,4619
0.337,385
0.0718,1789
0.181,1382
-0.14,9657
0.205,1928
-0.0228,5861
-0.104,7191
0.146,1500
-0.187,9354
0.134,2485
-0.0074,5676
-0.0179,5449
-0.034,4989
-0.204,10349
-0.184,10664
-0.0661,6788
0.665,15
-0.129,7309
0.0347,4296
0.159,1606
-0.0729,9294
0.145,2943
0.0903,3160
-0.152,8308
0.134,1931
-0.131,8715
0.13,1678
-0.0869,6709
0.135,1980
-0.0553,6207
-0.0889,4924
-0.0956,8080
0.373,434
0.212,2110
0.202,390
0.0641,3689
0.0746,3254
0.0595,3037
0.0564,3159
-0.121,7869
0.0925,3017
0.0828,3612
-0.161,8939
0.0493,3643
0.279,463
0.00519,5040
-0.149,9422
0.496,621
0.132,1958
0.363,752
-0.0163,5580
0.127,1929
0.543,1473
-0.282,10105
-0.00995,6262
0.0187,4915
0.00255,5274
0.196,1462
-0.792,10860
0.0119,5230
0.16,299
-0.133,9706
-0.0199,5935
0.236,654
-0.000322,5418
0.367,1735
0.0148,4619
-0.212,9240
0.169,1324
0.114,3472
-0.242,8175
0.197,2699
0.0806,2202
0.12,2083
0.605,34
-0.104,7325
0.196,2817
-0.0204,6139
0.103,2012
0.105,2235
0.205,2433
-0.257,10409
-0.0447,6300
-0.0768,6129
0.000995,5091
0.135,2253
-0.35,9294
0.0657,3563
0.123,2805
0.166,3443
-0.133,8118
0.196,1862
-0.186,7867
-0.199,9800
-0.249,9861
0.324,1280
-0.109,8509
0.199,1530
0.00921,4920
0.101,3261
0.188,2626
-0.0576,5864
-0.268,10459
0.0905,2643
0.0543,4226
0.277,1769
0.00542,4980
-0.364,10474
-0.048,7134
0.14,1516
0.0485,3927
-0.0309,5743
-0.0797,8234
-0.0916,7143
-0.161,8113
0.186,696
-0.315,10201
0.255,1286
-0.286,10643
0.191,2146
0.0435,3540
-0.0767,8713
0.304,652
0.0704,3320
-0.051,4760
0.504,479
0.0904,3920
0.0526,3704
-0.026,6122
-0.123,7256
0.0369,4796
0.0674,3885
0.00843,5087
-0.0481,7866
-0.494,10942
0.109,2006
-0.201,9221
-0.0858,7636
0.0812,3292
0.146,1852
-0.398,6774
-0.161,8615
0.0705,4212
-0.0254,5748
0.422,65
-0.0446,7594
0.0184,4723
-0.134,7237
0.126,3083
-0.863,10719
0.0628,2271
-0.0426,6748
0.0647,4219
-0.0307,6368
-0.358,9057
-0.0349,6103
0.213,620
0.14,1387
-0.137,8316
0.0965,3828
-0.289,9207
-0.265,9131
-0.0297,6465
-0.235,10005
0.204,2681
0.0945,2322
-0.265,10903
0.528,118
-0.0126,5910
0.0908,1825
-0.311,10248
-0.254,10161
-0.372,9432
-0.134,9478
-0.125,8376
-0.278,10282
0.578,408
-0.153,8862
0.346,153
0.0563,4120
-0.0192,6077
-0.066,7331
0.642,1357
0.0481,3821
-0.239,10870
-0.0287,5764
0.0713,2859
-0.138,10812
-0.432,8139
-0.625,8159
0.0627,3721
0.0301,4578
0.0387,4300
0.0869,2732
-0.0152,5689
-0.203,9347
0.16,2558
-0.0109,6079
0.0679,1977
0.0381,4357
-0.242,9511
-0.536,10109
0.671,63
0.403,1223
-0.0428,6076
-0.0261,5617
-0.0714,7984
0.0399,4217
-0.0751,7151
-0.241,10324
-0.0329,7937
0.0402,3857
0.486,544
0.131,2812
-0.596,10254
-0.0638,6720
0.00682,4950
-0.249,7882
-0.124,8236
0.525,259
-0.182,7729
-0.0439,5781
0.208,1426
0.428,2297
-0.138,8980
0.0551,4293
-0.0609,6450
0.576,1118
-0.17,9311
0.0856,2436
-0.149,9376
0.0699,3812
0.115,2038
0.0646,4226
-0.0224,5823
-0.0606,6883
0.139,2075
-0.0368,6139
-0.00285,5256
-0.0028,5256
1.02,881
0.265,2021
0.0284,4625
-0.102,7542
0.0629,3281
-0.169,7980
-0.223,10650
0.127,1318
-0.00502,6201
0.27,1633
0.107,3579
-0.321,9599
0.0645,3764
-0.202,9968
0.104,2713
0.148,1228
-0.0688,7315
0.0793,3486
-0.362,9754
0.165,553
0.125,2385
0.123,2175
-0.154,9342
0.257,1229
-0.13,7431
-0.0724,9790
0.258,149
-0.149,8838
-0.016,6044
-0.0314,6426
-0.177,7558
-0.152,8360
-0.254,10393
0.464,454
0.326,717
0.311,159
-0.00609,5499
-0.0224,5802
-0.0151,5798
0.151,2271
0.132,2790
0.15,1605
-0.1,8620
0.163,2396
-0.613,10549
-0.288,8379
-0.116,8284
0.0509,3627
0.0537,2932
-0.309,7757
0.12,2846
-0.0159,5452
-0.00706,5466
0.163,982
-0.293,10702
-0.0728,8247
0.0835,2805
0.129,2626
-0.217,8784
-0.167,10204
0.0404,3086
0.0539,4313
-0.0258,6089
-0.07,6832
0.11,3844
-0.0213,6010
-0.056,7315
-0.0961,7287
0.154,1933
-0.499,9967
0.0427,4270
-0.053,6921
0.0484,4151
-0.428,6936
0.377,89
-0.0221,5190
-0.00301,5183
-0.24,10886
-0.27,10705
0.277,322
0.0811,3643
-0.485,10894
0.0364,4303
0.225,342
-0.0314,6481
-0.193,9433
-0.246,9511
-0.25,7924
0.0784,2899
0.0147,5201
-0.12,8207
-0.0244,6066
-0.000935,5290
-0.0195,6066
-0.246,9961
-0.0636,7660
-0.359,10553
-0.248,10707
-0.0975,7675
-0.134,8454
0.0588,3684
-0.108,7970
-0.194,8026
0.218,797
0.176,2954
-0.105,7481
-0.191,9297
0.0673,3111
-0.00249,5552
-0.0787,7393
-0.0733,7049
-0.22,9696
0.0593,2466
-0.0471,6626
0.0489,3027
-0.00597,5325
-0.151,9464
0.0714,3673
-0.28,9254
0.0135,4874
0.153,2091
0.0191,4830
-0.322,10587
-0.4,9978
0.21,1238
0.0677,2503
-0.45,10926
0.0233,4854
-0.0799,8050
-0.064,6614
-0.079,7744
0.0781,3780
-0.129,8884
0.167,2102
-0.213,7421
-0.00885,5375
-0.00685,5756
0.0142,4635
-0.0127,5577
-0.223,9618
-0.129,9282
0.228,2339
0.271,2190
-0.125,9203
0.00162,5482
0.522,282
-0.00113,5322
-0.1,7671
-0.0903,7953
-0.11,8316
0.0725,3787
0.216,743
-0.183,9170
-0.129,8241
-0.25,9862
-0.0401,7069
0.023,4748
0.203,1953
0.107,2454
-0.0957,6646
-0.286,9660
-0.0741,7021
-0.203,10378
0.344,442
-0.229,9519
-0.147,8364
-0.145,9506
-0.262,8881
-0.0583,7068
0.172,2353
0.492,142
-0.189,9600
0.0362,4436
-0.029,6580
0.00395,5195
0.0836,3394
-0.42,10280
0.333,1869
-0.0703,7104
0.137,1524
-0.0983,7828
-0.301,10839
-0.211,8760
-0.14,9467
0.0288,4632
-0.106,7466
0.0488,3452
0.323,1667
-0.191,8292
-0.0597,7250
-0.278,8948
0.0258,4614
-0.0477,7527
-0.128,8732
-0.192,9548
0.113,2136
-0.0816,7710
-0.015,5899
0.441,169
-0.124,9192
0.167,2390
-0.354,8986
-0.0856,8801
0.0784,3423
0.00729,5233
0.0881,2994
-0.0499,6070
-0.41,10237
-0.194,8450
-0.152,9180
0.0578,3834
0.0326,4568
-0.214,9097
-0.176,10289
-0.0747,7341
-0.114,10163
0.03,4140
0.11,3529
-0.111,6244
0.164,2842
0.295,808
0.0825,2709
0.0303,4228
-0.131,8469
-0.0494,6527
-0.0178,5403
0.00732,4963
0.168,1954
0.0817,2111
0.233,1513
-0.0283,6119
0.865,844
-0.114,7234
0.0444,3409
0.0307,4512
-0.196,10465
0.292,1119
-0.0348,6934
-0.108,7993
-0.113,8364
0.141,2254
-0.103,8309
0.0674,4294
0.175,1365
0.147,1972
0.0606,3200
0.209,641
-0.109,8672
-0.215,7480
-0.00552,5107
-0.0559,6590
-0.0815,7383
0.0335,4426
-0.00955,5379
-0.0846,6612
-0.185,8475
-0.114,7051
0.0268,4495
0.113,3108
-0.0338,6029
-0.077,7663
0.106,2711
0.209,2769
-0.0742,8938
-0.0118,6057
-0.182,8982
0.0208,4660
-0.0399,6421
0.0493,4012
-0.0251,6144
0.244,631
0.00446,5176
-0.171,8701
-0.267,7575
0.018,4699
-0.229,10186
-0.0096,5564
-0.0543,7278
0.0785,3320
0.509,82
-0.042,6484
-0.0454,7271
0.0303,3833
0.296,1729
-0.115,8688
-0.403,10300
-0.0655,6915
-0.000776,5418
-0.206,10086
-0.0273,5867
-0.224,9543
0.954,177
0.0848,3956
0.243,1132
0.116,348
-0.133,8568
0.0817,3002
-0.0943,7680
-0.139,6538
-0.0511,6133
-0.124,8960
0.158,3328
-0.527,10945
-0.247,9018
0.743,2
-0.094,7722
0.102,2064
0.041,3951
0.248,1983
0.00346,5237
0.0848,3666
0.0138,4690
0.116,1748
-0.309,9300
0.217,1439
0.425,1009
0.218,935
-0.0643,7568
0.0624,3478
-0.315,10462
-0.0985,7652
-0.194,9160
0.079,4508
-0.231,9553
-0.271,10914
-0.152,9212
-0.163,7991
0.00318,5142
-0.0266,7713
-0.0483,7691
0.172,719
-0.137,9529
0.39,1057
0.202,1663
0.00512,5218
0.155,2501
-0.223,10002
-0.199,9446
-0.0692,7318
-0.0871,6460
0.0374,4426
-0.126,8638
-0.072,9071
-0.0588,6866
0.0719,3776
0.0342,4900
-0.226,10028
0.468,181
-0.212,10773
0.176,2678
0.181,2019
-0.128,6266
0.136,3432
0.2,662
-0.0321,6612
-0.218,8717
0.144,3156
0.0295,4448
0.427,14
-0.145,7580
-0.0625,7460
0.027,4499
-0.0874,8477
-0.0694,6855
-0.309,9747
0.25,1572
-0.0665,6956
0.0953,3085
-0.0591,6442
0.0936,3365
-0.0434,6368
0.0121,4653
0.0433,4621
-0.189,8082
-0.281,9725
-0.265,10768
0.00854,5191
-0.0394,7357
-0.0543,7516
-0.294,10314
-0.0371,5409
-0.256,10083
-0.102,7668
0.109,972
-0.214,10615
-0.403,10007
0.0313,4567
-0.076,6568
-0.119,7925
0.128,2916
0.00211,5439
-0.0865,7838
-0.199,7960
-0.348,10277
-0.194,9478
-0.379,10383
0.0169,4865
-0.349,10936
-0.267,8826
0.932,67
0.195,1434
-0.208,10142
-0.244,10769
0.0309,4707
-0.0189,5768
0.133,2945
0.0454,4171
-0.0554,6767
-0.173,10152
0.113,3204
-0.0133,5347
0.0616,4109
0.0285,4494
-0.0229,6932
-0.152,10065
-0.0261,6475
0.599,266
-0.216,8702
-0.176,8572
0.204,720
-0.0485,6459
0.213,1752
0.124,1885
-0.134,10029
0.0594,3133
-0.0875,7979
-0.224,9679
0.0956,2650
0.371,1113
0.264,1861
-0.0677,7432
0.101,1092
0.0167,4764
-0.253,10379
0.218,748
0.422,1528
-0.0493,7476
-0.0235,6096
-0.0167,5847
-0.209,9458
0.127,3393
1.01,267
0.0805,3894
-0.08,8722
0.116,3301
-0.292,10701
-0.189,8481
-0.295,7941
-0.00045,5475
-0.05,6896
-0.078,6120
-0.222,9826
-0.023,5746
0.0142,4803
-0.0469,7834
-0.0608,7625
-0.312,10572
-0.347,9533
-0.302,7441
0.00648,5272
-0.0184,7296
0.0298,4378
0.0596,4047
0.282,122
-0.0723,4876
0.0792,3915
0.0163,4935
0.104,2614
0.174,1552
0.265,1114
-0.1,8461
-0.368,9122
0.00397,5392
0.126,1396
0.113,3105
0.0699,4222
0.199,3208
-0.0238,5853
0.188,1683
-0.11,6142
-0.232,9639
-0.106,8008
-0.0339,6102
-0.225,9967
-0.026,6472
0.0607,3696
0.217,1074
0.278,978
0.899,4
-0.104,6593
-0.226,9876
-0.0899,8663
0.0842,2529
-0.0747,5755
-0.185,6216
0.119,3583
-0.119,9156
-0.0386,7727
0.192,1431
-0.222,8543
-0.372,10044
0.0885,2635
0.033,4606
-0.323,10850
-0.00456,5656
0.0729,3593
0.252,45
-0.126,9565
-0.221,10940
-0.144,10412
-0.335,6388
-0.258,4848
0.0857,3235
0.0817,3160
-0.0639,6554
0.257,367
-0.0669,5632
0.00568,4990
-0.0327,5619
0.358,1193
-0.051,7228
-0.12,8327
-0.148,7736
-0.103,7104
-0.139,6940
-0.294,10313
0.366,287
-0.125,7752
-0.0512,7450
-0.0707,7894
-0.0341,6426
-0.218,10352
-0.0699,7648
0.0345,4079
-0.319,9963
0.325,2101
0.408,826
-0.0787,6575
0.169,1198
0.299,481
0.172,2258
0.0655,3994
-0.198,7762
0.168,2543
0.0604,2244
0.115,2387
0.0808,3775
-0.0241,5889
0.0413,4611
0.0436,4273
0.165,1883
-0.0329,5971
0.236,1345
-0.101,9035
-0.162,8165
0.245,2391
-0.0696,8461
-0.0246,6090
-0.0874,6720
0.0663,4216
0.236,592
-0.256,8102
0.12,1362
-0.129,9089
-0.241,9570
-0.0703,6822
-0.279,10322
-0.297,6956
0.0273,4504
-0.106,8223
-0.124,7225
-0.181,9747
0.831,5
-0.0636,6172
0.126,1288
-0.121,8562
0.0391,4095
0.126,3134
0.255,1398
-0.255,8432
0.151,2773
-0.199,9251
-0.167,8073
-0.0738,5232
0.0719,3895
-0.0965,4433
-0.0338,6505
-0.0222,6685
3.9,195
-0.11,6833
0.102,944
-0.0786,6316
-0.047,7427
0.0533,3296
-0.214,9766
-0.343,9898
0.0369,4576
0.224,2204
0.0328,4117
-0.18,10029
0.0794,2654
0.169,3103
-0.274,10256
-0.189,8424
0.283,637
-0.133,9276
-0.166,7884
-0.227,8828
-0.326,10237
-0.319,10308
0.495,201
-0.0301,6731
0.065,4286
-0.232,9847
-0.0831,6049
-0.587,9457
0.0796,3667
0.04,3178
0.0919,2722
0.631,83
0.188,2700
-0.455,10927
0.231,406
0.96,4
-0.298,9949
-0.206,8449
0.0543,4060
0.305,154
-0.00668,5500
0.392,134
-0.27,10813
-0.0286,6675
0.351,514
-0.142,9272
0.0366,4291
0.222,641
0.208,1872
-0.222,9879
-0.151,7933
0.0833,3753
-0.0752,7671
-0.0316,5948
0.0655,3523
-0.0347,6307
-0.15,7367
-0.038,6364
-0.1,9095
-0.0294,6384
0.138,2266
-0.0701,7227
-0.119,8672
-0.289,8066
-0.00654,5755
-0.0222,5703
0.0221,4618
0.196,1269
-0.124,6695
-0.146,7138
-0.0723,8230
-0.0146,5864
-0.224,10897
-0.0115,5300
0.477,860
-0.283,10667
0.144,2688
0.145,860
-0.115,8770
0.0466,3853
-0.143,6649
-0.164,9933
0.0994,1598
-0.0838,8343
0.208,1315
-0.513,10823
0.0827,3723
0.179,3460
0.0638,2689
0.104,3475
-0.238,8913
0.0205,5044
-0.0519,7361
-0.0563,7249
0.339,347
0.0988,2262
-0.216,10679
-0.0501,6887
-0.195,8476
-0.223,9573
-0.0478,6326
-0.36,10326
0.49,743
-0.167,7714
0.182,1320
-0.0389,6574
-0.088,7181
-0.185,6945
-0.0275,7137
-0.137,8512
-0.0943,8255
0.0293,3543
0.0791,3595
-0.215,10129
0.297,1268
-0.0804,7715
0.0641,2536
-0.15,8641
0.134,2442
-0.0701,7002
-0.225,8070
0.244,730
-0.0427,6338
-0.0905,8602
-0.119,6657
-0.101,7741
0.244,1717
0.00485,5102
0.000597,5483
-0.0155,6001
0.0387,4509
-0.0321,6239
0.358,823
-0.0128,6167
-0.0163,6014
-0.37,10969
-0.261,10772
-0.101,7514
-0.239,10960
0.0261,4434
-0.167,9944
0.0529,4140
-0.0986,8306
-0.299,10482
0.0941,3978
-0.18,9318
-0.0386,7444
-0.192,9903
-0.0304,7190
-0.0539,6239
0.118,3159
0.123,1118
-0.0748,8331
0.123,2573
0.291,1849
0.289,1490
0.207,1543
0.28,500
0.0653,3030
0.0603,3614
0.157,2120
-0.079,7084
-0.114,8236
-0.00685,5790
0.0547,3800
-0.325,10609
-0.241,9891
-0.0704,7158
-0.172,8235
-0.0114,6230
-0.00564,5600
-0.0784,7708
0.0695,3618
-0.183,9313
-0.442,10585
0.161,868
0.113,2314
-0.0623,6578
0.231,950
0.38,226
0.112,2023
-0.12,8476
-0.257,10795
-0.319,8370
-0.0522,6736
-0.277,9941
0.0871,3675
0.376,291
-0.23,10678
-0.0356,6142
0.163,2046
0.427,1729
0.336,62
-0.298,10476
-0.00667,5693
0.159,1985
-0.0225,5310
0.111,3086
0.149,2578
0.0424,3890
-0.165,9051
-0.11,8166
-0.193,8560
-0.0388,6571
0.079,2964
-0.0862,7825
-0.059,5948
-0.019,5636
0.119,3544
-0.216,8705
0.107,2894
-0.0962,7334
-0.0553,6177
0.105,2758
0.105,3064
0.0318,4725
-0.0947,9903
-0.255,9684
-0.0835,6792
-0.0599,6029
-0.276,9766
0.123,2705
0.193,582
0.315,121
-0.254,9447
-0.364,10699
-0.0552,6360
0.0101,5098
0.173,2437
0.0365,4354
0.0972,3398
0.034,4669
-0.214,10212
-0.00581,5491
-0.119,7966
-0.151,8551
0.0127,4863
-0.314,10048
-0.0889,7102
-0.389,10845
0.178,794
-0.0699,7160
-0.0612,7467
-0.0864,7563
-0.125,9713
-0.103,8595
0.028,4255
-0.0426,6899
0.117,1935
0.0433,4256
0.103,1456
0.0246,4791
0.192,485
-0.0546,8286
0.0897,3117
-0.194,8482
-0.134,6368
-0.108,7523
-0.0313,5883
0.0358,2958
0.173,1684
0.178,1944
-0.111,8438
-0.0392,5853
-0.154,8559
0.115,1683
-0.0258,6075
0.104,3295
0.151,2907
-0.0696,7249
-0.0439,7201
-0.233,9946
-0.0954,7620
0.2,2568
0.0242,4382
-0.321,9261
-0.0792,9209
-0.208,10937
0.619,298
-0.349,9402
0.0292,4797
0.461,1706
0.0597,3546
0.0365,4401
-0.0212,5364
-0.135,8216
-0.0793,6692
0.0834,4067
-0.0486,7422
-0.149,9456
0.146,1792
-0.0766,7505
0.155,3154
-0.0408,5546
-0.08,6663
0.0921,2329
-0.107,8201
0.318,388
-0.127,8535
-0.0517,7241
-0.0284,6312
0.00803,4949
0.516,223
-0.0226,5915
-0.0292,6344
-0.281,7016
-0.135,9240
-0.167,9949
-0.15,6642
-0.14,7429
0.0195,4850
-0.327,10102
-0.0289,6467
0.0631,3816
0.0729,3758
-0.0159,5388
0.194,1027
0.0605,3702
0.0869,2614
-0.0689,9171
0.205,1662
0.119,3111
-0.0407,6064
-0.174,8876
-0.0121,5948
-0.195,10144
0.0807,4061
-0.231,8904
0.234,1295
0.0108,4970
-0.129,9195
-0.321,10534
-0.19,9186
0.0364,4452
-0.235,6760
0.196,1275
-0.408,9704
0.145,916
-0.22,10450
-0.0883,7186
0.193,1462
0.0104,5232
-0.0228,6429
0.0148,4763
-0.218,9730
-0.0622,6503
-0.194,8631
-0.0306,5846
-0.21,10020
-0.12,8820
-0.291,9976
-0.021,6035
0.0323,4197
-0.106,8364
-0.155,9347
0.0856,3380
0.146,1051
0.0266,4534
-0.033,6905
-0.00964,5411
0.138,1483
-0.106,9187
-0.026,6521
0.0974,3505
-0.0878,9390
-0.00476,5301
-0.19,9817
-0.0416,6217
0.32,233
-0.131,8401
0.293,188
-0.0561,6803
0.0827,2480
0.000926,5462
-0.261,10473
0.0509,4026
0.748,136
-0.489,10292
0.0516,2875
0.0251,3869
-0.0478,6538
-0.135,7971
0.116,2500
0.0778,4296
0.123,1353
-0.0627,6912
-0.102,6795
-0.263,9709
0.183,2197
-0.1,7066
-0.254,9833
-0.143,9239
-0.351,7930
-0.324,8117
-0.131,8639
-0.423,7992
0.0963,3543
0.095,3614
-0.194,8887
-0.171,7084
-0.138,9536
-0.374,10786
-0.141,8370
0.145,2106
-0.0568,5943
-0.113,7456
-0.0191,6165
0.00533,5226
0.019,4684
-0.127,8715
-0.202,8503
0.23,1301
0.0171,4271
0.132,1787
-0.231,9824
0.435,1490
-0.016,5982
0.106,1040
-0.0751,6934
0.0992,3729
0.207,1652
0.819,502
-0.323,8635
-0.00758,6104
-0.00482,5869
-0.146,8098
-0.357,10210
0.0827,3108
-0.147,8239
-0.0479,6231
-0.0383,6381
0.301,231
-0.129,7566
-0.132,9400
-0.117,7497
-0.173,10114
0.144,1059
0.00868,5122
-0.00733,5433
-0.304,10444
-0.0824,6849
-0.305,8938
0.171,2126
-0.0746,8236
0.325,249
-0.418,9604
-0.141,8897
0.192,1607
-0.121,8503
0.0797,2841
-0.0504,7456
-0.0576,6189
-0.119,9108
0.0597,3934
0.0638,3367
0.0128,4936
-0.0607,7281
-0.105,8563
-0.0506,5935
-0.363,9697
0.187,837
-0.0926,7497
0.214,1601
-0.126,8192
-0.302,10759
-0.0743,8307
-0.274,8214
0.109,2748
0.231,1250
0.102,2947
-0.406,10073
0.213,1394
0.409,3
0.0349,3879
-0.261,9303
0.0458,4157
-0.184,9423
0.133,1189
-0.265,10649
-0.11,9173
0.0951,2619
-0.0452,6057
-0.0359,6281
0.68,463
0.0754,3926
-0.0962,8347
0.206,2106
-0.17,9556
0.39,1856
0.0734,4300
0.0548,3929
0.147,1126
-0.0356,6093
-0.0298,6276
0.274,849
0.0323,4498
-0.106,6851
0.166,866
-0.00466,5448
-0.181,8747
-0.111,7935
0.019,4958
-0.066,6687
-0.12,7889
0.0787,3353
-0.171,9002
-0.206,9915
-0.143,7754
-0.0516,8663
0.427,1291
-0.165,9286
-0.075,7525
-0.0498,6320
0.00386,4450
0.0324,3907
-0.0216,6615
0.269,1901
-0.0332,5926
-0.3,9173
0.0132,4868
0.027,4658
-0.113,9146
-0.11,8225
0.164,933
0.103,3590
-0.0316,6236
0.0305,4583
-0.166,8643
-0.118,7919
-0.141,6927
0.313,836
-0.0928,8484
-0.264,10148
0.0775,3725
0.166,1626
0.31,1349
-0.0079,5499
0.198,1249
0.372,873
0.087,1504
-0.0922,8341
-0.103,8979
-0.387,10121
-0.278,9367
0.0435,4040
-0.048,7097
-0.191,9278
-0.0513,7184
0.145,2425
0.0813,3776
-0.265,10325
0.00744,4645
0.215,790
-0.356,10571
0.594,394
0.276,1466
-0.0698,7513
-0.0294,7705
0.423,25
0.0989,2722
-0.198,9243
0.231,821
-0.00166,5148
0.104,2821
-0.115,6197
0.0406,4235
-0.033,5874
0.226,1201
-0.145,7815
-0.259,11004
0.155,1910
-0.318,10177
-0.158,9830
0.0834,3724
0.148,2306
-0.188,10411
0.0339,4513
0.175,1410
-0.224,7575
0.048,4372
-0.0144,6211
-0.00828,5875
0.393,561
0.0101,4947
-0.0493,6916
0.32,167
0.151,1069
-0.0684,7356
0.0244,4625
-0.192,9947
-0.29,9985
0.268,1675
-0.135,7286
0.0315,4214
-0.0502,6656
-0.0185,5845
-0.331,8329
0.0518,4350
0.369,458
0.0214,4528
0.0762,3080
-0.177,10222
0.222,1535
-0.0675,6925
0.0498,3534
0.00369,5140
-0.233,8027
-0.194,9447
0.00241,5388
0.016,4865
-0.0609,7545
-0.0563,7551
0.124,2814
0.0387,4618
0.0857,3920
0.048,4028
0.0813,2670
-0.0357,6801
-0.106,6156
0.16,3358
-0.184,9036
-0.723,9157
0.0196,4381
-0.0407,6739
-0.243,6273
0.103,3203
0.126,3309
0.122,3364
-0.183,9045
-0.127,9077
-0.137,9673
-0.138,8933
-0.00764,5524
-0.17,10784
0.0223,4950
0.169,2604
0.113,3169
0.223,1077
0.163,3051
0.156,2529
0.113,1690
-0.00566,5424
0.0768,3596
-0.232,10522
-0.0895,6258
-0.388,8982
0.0172,5120
-0.114,7454
-0.0661,6658
-0.167,8008
-0.0799,7085
0.0215,4393
-0.000693,5503
-0.0816,8322
0.0839,3368
-0.0869,6517
-0.224,10543
-0.266,8943
0.0023,5324
0.227,1303
-0.283,10938
0.342,1458
-0.0492,6762
-0.32,10641
0.39,1094
-0.16,8775
0.116,2831
-0.698,9988
-0.0125,5764
0.977,229
0.0259,4510
0.018,4372
0.0424,4491
-0.15,8616
0.167,2255
-0.476,6192
0.0671,2220
0.165,3632
0.00449,5195
-0.0987,8151
0.247,2731
-0.271,8419
0.113,1944
0.191,1285
0.0867,3647
-0.322,10920
0.162,1665
0.237,1841
-0.158,8849
-0.0402,7461
0.0113,5056
-0.238,8342
-0.145,6029
0.0962,3742
-0.142,10145
0.0988,1513
-0.601,10500
-0.0187,5378
-0.0322,5906
-0.102,7636
-0.133,9243
-0.109,9271
-0.092,8545
-0.132,8178
-0.228,6844
-0.111,7672
-0.0413,6992
0.0399,4124
0.117,2896
-0.132,7500
0.393,456
0.253,1117
-0.00958,5749
0.201,1269
-0.272,10194
-0.0384,6911
-0.106,9139
0.0447,4229
0.055,3550
0.0406,4185
0.265,1583
0.0364,3894
0.124,2397
-0.0135,5674
-0.257,10229
0.398,840
0.259,679
0.0535,3837
-0.0888,8526
0.234,1915
0.00313,4996
0.153,2240
-0.243,9623
0.264,609
0.197,1286
-0.0574,6479
-0.175,9821
-0.113,7301
0.444,329
-0.155,9677
-0.146,9078
0.0725,4293
-0.0302,6284
0.164,1657
0.0742,3909
-0.0122,6028
0.00354,5133
-0.605,9984
-0.128,8561
-0.432,10847
-0.0472,6626
-0.0273,6782
0.17,798
0.173,3094
-0.0944,6764
-0.139,9605
-0.00283,5209
-0.0941,7303
0.469,181
0.438,693
-0.131,7840
-0.102,8368
0.167,1304
-0.291,10343
-0.121,10421
0.154,1932
0.26,513
0.0582,4039
-0.0998,9044
0.153,2643
-0.0364,7166
-0.131,6541
-0.0662,5430
-0.267,8684
0.206,2041
-0.196,9897
0.131,991
0.109,2528
0.0679,2690
0.0217,4875
0.113,3701
0.00199,5412
0.0211,4080
0.255,865
-0.0828,7100
-0.233,7886
-0.257,8097
0.158,2517
-0.557,10146
-0.257,10001
0.158,2022
0.0651,3828
0.0428,4357
-0.0617,7496
-0.11,8886
0.264,443
0.069,3676
-0.0853,7004
-0.0503,5380
-0.0481,7104
-0.118,8667
-0.0578,7135
-0.249,10144
-0.245,9974
-0.103,7424
0.0868,3616
0.0833,2729
-0.00125,5157
-0.044,6442
-0.294,9665
-0.0595,7340
-0.0441,8278
0.273,1753
-0.281,10852
-0.165,9829
0.134,2230
0.0377,4107
-0.0589,8063
-0.0571,7264
-0.0528,5997
-0.175,7876
-0.107,7225
0.377,2145
-0.12,9444
-0.109,6855
0.0108,5169
-0.146,9375
0.316,518
0.0113,5286
0.117,1284
-0.277,10187
0.133,2537
0.14,2875
-0.333,9309
0.27,1464
-0.0685,7038
0.167,2463
0.904,36
-0.0163,5632
0.177,2391
-0.274,10096
-0.0913,7278
0.00417,4850
0.211,461
-0.062,7022
-0.0659,6966
0.0646,4373
-0.195,10526
-0.0378,6530
0.317,750
-0.225,8409
0.459,2003
-0.408,9234
-0.201,10712
-0.212,10373
0.0477,4238
0.0241,4402
0.0773,3618
-0.073,8926
-0.0275,6306
-0.133,8360
-0.209,8817
-0.0512,7156
0.432,83
0.00916,4920
-0.0778,7042
0.25,803
-0.228,10911
-0.0222,5766
-0.109,6934
0.371,1775
0.153,1090
0.254,779
-0.135,8942
0.0171,5023
0.0829,3726
-0.461,8833
-0.175,10167
-0.0515,7796
-0.0622,6141
0.332,1365
0.465,199
0.0792,2921
0.0987,2554
0.0778,2918
-0.156,9058
-0.09,6961
-0.213,9966
0.151,2352
-0.162,7815
-0.183,9457
0.0655,3357
0.139,1172
-0.13,8324
-0.186,7490
-0.00558,5511
-0.0676,7569
-0.15,8801
-0.348,10683
-0.241,10828
-0.489,8397
0.114,2168
-0.129,8989
-0.0446,6473
0.376,115
0.103,3755
-0.226,10432
0.11,2157
0.272,387
4,214
0.301,1376
0.0498,4434
-0.0653,6144
0.201,1824
-0.0232,6069
-0.0534,6514
-0.218,6251
-0.0209,5984
0.11,1550
0.194,158
-0.263,10379
-0.0572,7797
0.0521,4133
-0.0997,7210
0.173,2169
-0.0578,7281
0.164,2931
-0.41,7350
-0.13,7268
0.238,2235
-0.108,9027
0.00611,4895
0.42,158
-0.356,10676
-0.64,10947
-0.0835,6928
0.0141,4806
-0.0364,7184
-0.298,9350
-0.123,8011
0.0261,4577
-0.055,6046
0.162,2559
0.322,12
0.0794,3589
-0.219,9104
0.0554,4106
-0.219,5357
-0.0712,7435
0.0247,4386
0.00102,5218
-0.172,8666
-0.243,9811
0.0822,2379
0.272,281
-0.0685,8153
-0.172,9527
-0.23,9425
0.0169,5059
0.242,1153
0.091,3174
-0.0892,9592
-0.157,9851
0.0814,3869
0.0898,3296
-0.468,10817
-0.0512,7544
-0.000232,5415
-0.14,9533
0.0824,3361
0.406,597
0.0106,4927
-0.0624,7778
-0.176,10213
0.00643,4890
0.0109,5044
0.309,156
-0.414,9685
-0.0516,6534
-0.0315,6994
0.0232,4695
-0.085,7314
0.113,3505
-0.305,9993
-0.124,8164
-0.0464,7022
0.11,2773
-0.0428,5965
0.0893,2999
-0.00177,5274
-0.00594,5230
0.147,1012
-0.334,10494
-0.12,6328
-0.126,9923
-0.275,9594
-0.183,9287
-0.14,6842
-0.0374,6005
0.209,1317
-0.0448,7219
0.0816,3375
0.275,944
-0.00324,5335
-0.12,6705
0.175,3557
0.355,908
-0.00451,5771
-0.27,10946
0.00392,5424
-0.00303,5150
-0.264,7886
0.0685,3232
0.0899,2485
-0.0168,5642
-0.111,7624
-0.151,6534
-0.0937,6601
-0.163,7786
0.126,2084
0.212,1173
-0.0246,5711
0.00132,5275
-0.0796,6771
-0.237,9787
-0.156,7524
0.085,2206
-0.194,10057
0.341,1044
0.111,3236
0.268,598
0.0352,4506
0.261,1402
0.132,1787
-0.191,10902
-0.123,8276
-0.026,6754
-0.118,8175
0.0332,4609
0.316,1018
-0.128,5824
-0.41,10939
0.572,47
-0.0784,7490
0.314,587
0.223,1535
-0.0728,6614
0.0453,4547
-0.0631,7375
-0.00507,5475
0.186,2629
-0.098,8638
-0.246,10519
0.406,529
-0.0452,8221
0.0339,4551
-0.0213,5282
0.203,2619
-0.0413,7617
-0.232,10271
0.0745,3426
0.0468,3403
0.0548,3475
-0.0544,7132
0.058,3763
0.0978,3726
-0.103,8140
0.158,334
0.17,2807
0.505,252
0.102,3094
-0.15,7585
-0.248,10211
0.145,2076
-0.342,10390
0.12,2438
-0.0861,6665
-0.113,6854
-0.122,8450
0.0614,3762
0.251,929
-0.437,10081
0.493,2096
-0.386,8076
-0.22,10554
0.131,2988
-0.345,5964
0.126,3849
-0.157,7329
-0.217,9089
-0.25,10283
-0.223,10977
-0.17,10205
0.215,2798
-0.133,8808
0.186,1381
-0.149,10252
0.197,1049
0.25,252
-0.1,8400
-0.204,10032
0.128,3110
0.0232,4141
-0.101,10004
-0.028,6258
0.225,2962
0.295,507
0.164,2490
-0.169,9755
0.0349,4214
0.23,1108
0.0783,2199
-0.0771,8503
-0.0507,6110
-0.125,9374
0.0117,4712
0.0312,4483
-0.219,9923
-0.351,10154
0.414,149
-0.0631,7194
0.0414,3887
-0.118,7874
-0.23,10437
-0.0766,6244
0.189,2319
0.334,123
-0.221,9272
-0.0295,6645
-0.107,6867
0.19,2314
-0.0154,6041
-0.451,10699
-0.0621,6635
0.123,3034
0.249,409
0.0523,4236
0.232,1938
-0.0589,7784
0.107,2157
0.401,90
0.271,1632
0.0887,3573
-0.256,8767
0.126,1741
-0.0181,6590
-0.372,10191
0.0181,4950
0.377,806
0.0204,4832
-0.0911,7556
-0.047,6188
0.0606,3589
0.0793,3409
0.501,39
0.0257,4992
0.614,158
-0.0867,7528
-0.0588,7176
0.0032,4979
-0.0734,6430
0.535,1074
-0.0369,6426
0.132,3041
0.162,820
-0.16,7855
-0.198,7612
-0.0332,6075
-0.0512,6139
-0.000827,5165
-0.367,9059
0.211,2035
-0.0819,7611
0.274,628
0.131,816
0.104,2310
0.251,461
-0.018,6158
0.0889,3837
0.0176,4905
0.0615,3754
0.106,2458
0.131,3034
-0.0284,5833
0.182,2401
-0.289,10083
0.0705,3288
-0.0123,5348
0.00613,4922
0.189,462
0.0547,3649
-0.025,6735
-0.0516,8031
0.0426,3120
-0.164,9785
-0.131,7623
0.202,2188
-0.384,10881
0.107,647
0.0572,3700
-0.0847,9172
-0.276,10401
0.0169,4882
0.0223,5086
-0.16,6769
0.142,1866
-0.109,7348
-0.108,8606
-0.131,9960
0.232,2191
-0.177,9429
0.075,3285
-0.0267,5922
-0.0652,6814
-0.239,8135
-0.056,7375
0.0103,5081
0.143,1043
0.153,629
0.128,2087
-0.12,6568
-0.248,8831
0.197,436
0.13,1944
0.654,659
-0.319,9570
0.176,1969
-0.135,8693
0.0416,3951
0.102,3404
-0.344,10961
-0.326,10432
0.116,2025
-0.0253,6102
-0.188,9995
0.0903,3664
0.314,494
0.0861,3141
-0.136,9349
0.183,1741
0.178,1681
0.0473,4474
-0.361,8458
0.663,849
-0.322,10666
0.34,538
0.137,2816
-0.0583,7374
-0.259,8268
0.29,1100
-0.366,10573
-0.237,8345
0.026,4675
-0.133,9532
-0.0639,6484
0.29,1313
0.225,1581
-0.00197,5103
0.0501,3357
0.0801,3452
-0.0643,7013
0.095,2723
0.184,531
0.00917,5022
-0.256,10615
-0.0199,6423
0.00287,5482
-0.329,10734
-0.102,7930
0.119,3253
0.0196,4911
-0.189,7035
0.127,3066
0.0293,4476
-0.0337,5990
0.056,3213
-0.339,10675
0.117,1976
-0.0353,5803
0.354,580
0.0468,4226
0.032,4536
-0.367,11014
-0.089,8665
-0.0527,6217
-0.133,8739
0.0677,3683
0.061,3680
-0.0488,8033
-0.0599,6590
-0.0208,6173
0.04,4597
-0.0945,6842
-0.565,10947
-0.284,10841
-0.0656,6216
-0.113,7126
-0.071,6346
-0.344,10292
-0.0235,6529
0.293,92
0.183,2435
0.203,1806
0.0901,2610
0.077,3844
-0.0284,7436
0.062,1898
0.278,248
-0.191,8609
-0.0709,7467
-0.0309,6007
0.0344,4399
0.0674,2954
0.125,3195
0.118,2228
-0.219,8190
-0.12,6224
-0.106,8976
0.225,2121
-0.0971,7503
0.0141,5029
0.0346,4591
-0.271,10370
-0.233,9634
0.0121,4759
-0.191,5521
-0.15,7677
0.00833,4945
0.0795,3832
0.163,179
-0.202,9626
-0.142,8695
-0.102,8374
-0.0427,7082
0.0165,4793
0.141,965
-0.0696,7951
-0.0394,7148
-0.325,9237
-0.202,9593
-0.2,7583
0.016,4740
0.128,1883
-0.14,7123
0.277,661
0.0615,4235
0.0219,4727
-0.136,9166
0.147,1399
0.402,521
0.0409,3843
-0.297,9628
-0.188,8174
-0.0416,6918
-0.0224,7360
-0.0906,6925
-0.0928,6194
0.00231,5055
-0.155,9652
-0.00608,5773
-0.024,6082
-0.261,10662
-0.188,10525
0.246,1733
0.344,495
0.0989,2373
0.24,741
-0.064,6985
-0.0518,6720
0.769,415
0.149,1273
-0.00932,5382
0.063,2295
-0.19,8084
-0.104,8430
-0.577,9318
-0.105,9339
-0.37,10618
-0.0138,5880
0.0702,3265
-0.0807,7983
0.183,3069
0.0739,4099
0.122,1406
-0.217,10264
0.0643,3569
-0.207,7760
0.00757,5028
-0.125,6767
0.296,1020
0.0412,4183
0.2,608
-0.291,10610
-0.146,8883
0.0204,4939
-0.0358,6858
-0.241,10724
-0.0472,6177
-0.0664,6736
-0.299,9610
0.102,3071
-0.125,9452
0.114,3113
-0.265,10162
-0.243,9793
-0.116,6943
0.135,3479
-0.0179,5443
0.0019,5552
0.185,2965
0.046,4444
0.413,823
0.0637,4046
0.0594,3873
0.0582,3554
-0.324,10520
-0.0483,6222
-0.0891,7532
0.548,123
0.0956,2962
-0.0568,5793
0.913,138
-0.0952,7854
-0.238,8252
0.156,2177
-0.204,10429
0.0756,3063
-0.173,8052
0.0964,2879
0.08,2925
-0.0257,5987
0.0342,4571
0.0819,3633
0.126,2215
0.161,2638
-0.204,10323
0.0961,3185
0.102,1877
-0.0529,7513
-0.0283,5459
0.154,2670
0.214,2347
-0.146,7365
0.00584,4949
-0.0609,7262
-0.0322,5685
0.0401,3990
0.0685,3509
0.0705,4077
-0.0162,6181
0.0207,4696
-0.174,9479
-0.197,8418
-0.0982,9785
0.125,3631
-0.212,9431
-0.105,7351
0.126,3112
-0.0756,7423
-0.145,8480
-0.346,7459
-0.142,9402
0.105,1701
-0.134,7723
0.000537,5391
-0.0228,5806
0.227,1391
0.1,1159
0.0591,2867
0.254,559
-0.047,7022
-0.264,7646
-0.622,8286
-0.055,7358
-0.00657,5646
0.0372,4823
-0.0938,6789
-0.427,9874
-0.0786,6644
0.223,3027
-0.194,9892
-0.00438,5465
-0.308,9708
-0.0835,6836
-0.0017,5486
-0.0478,6900
0.136,2084
-0.0693,7960
0.232,1800
0.231,2337
-0.139,9887
0.225,1002
0.108,2801
-0.0325,6313
-0.19,10723
0.267,716
-0.0696,8741
-0.164,10512
0.113,2834
0.322,584
-0.0849,7862
0.0241,4917
0.0169,4672
0.161,1043
-0.321,8537
-0.205,7847
0.441,296
-0.1,9174
-0.017,5101
-0.238,10101
-0.0483,6994
0.0329,4452
0.079,4088
0.118,2808
0.00958,5016
-0.176,9484
0.224,948
0.0274,4586
-0.022,6153
0.319,45
0.00996,4719
-0.0542,6536
-0.207,8000
-0.226,7175
-0.0552,7119
-0.0606,7413
-0.104,9225
-0.191,10003
0.205,1195
0.0748,3335
-0.342,9369
-0.144,7858
-0.122,8677
0.0287,4663
-0.419,9793
0.0763,3630
0.0992,3831
0.622,762
-0.202,9729
0.0863,3216
0.0298,3933
0.61,150
-0.0615,6872
0.156,3002
0.037,3818
0.23,969
-0.0588,6730
0.066,3977
-0.355,10331
0.481,651
-0.0696,6631
-0.0113,5761
-0.214,9591
0.198,1609
0.195,1633
0.0435,4348
-0.0375,7016
0.0597,3874
-0.0489,6881
0.0794,3194
0.106,3154
0.228,868
0.113,2691
0.0144,4631
0.0725,4205
-0.214,10443
0.32,1349
0.372,122
0.152,1781
-0.188,9633
-0.198,8742
0.00581,5217
0.188,1993
0.519,883
-0.0233,6049
0.186,514
0.0253,4687
0.213,1345
-0.133,9010
0.999,238
-0.212,9025
-0.0288,5878
0.0714,4280
-0.103,7924
-0.153,7447
0.0172,4970
-0.0346,6540
-0.208,10290
0.0133,4840
0.528,603
-0.179,8592
-0.256,9676
0.134,2334
0.127,1989
0.108,3022
0.179,1927
-0.0805,8024
0.12,2772
-0.0537,8112
-0.0108,5491
0.0602,3457
-0.377,10899
-0.054,7191
-0.103,5765
-0.0491,6999
-0.0475,7141
-0.0692,7627
0.0418,4387
0.216,1704
-0.231,9057
0.178,2150
0.0199,4510
-0.0465,6621
-0.184,9005
0.0639,4364
-0.158,7916
-0.0141,6228
-0.254,7539
-0.172,8398
-0.107,7231
0.435,146
-0.0366,6449
-0.0116,6040
0.0975,3250
-0.21,9344
0.149,3531
0.185,2299
-0.249,9471
0.0572,3653
-0.000846,5241
-0.0744,6090
0.198,2092
0.225,2139
0.326,1131
-0.104,9076
-0.0677,8475
0.295,1588
0.129,2456
-0.082,6495
-0.322,10323
-0.0866,7633
0.0756,2179
0.0427,4220
-0.577,9492
0.0721,2149
-0.147,6745
-0.186,10737
0.184,551
0.288,1093
-0.17,9330
-0.056,6677
-0.141,8091
-0.0193,6135
0.0522,4001
-0.0617,5868
0.0467,3778
-0.0428,6115
0.181,2552
0.0985,2473
-0.188,9606
0.00171,4885
0.12,2037
1.35,76
0.0583,3971
0.0276,4654
0.0414,4263
0.198,2955
0.271,1764
-0.0184,6066
-0.106,7242
-0.104,8350
-0.138,10261
-0.225,9841
-0.0781,8589
0.333,1648
-0.25,9882
0.211,3232
0.113,2430
-0.31,9783
0.0512,4039
-0.216,7341
0.095,3504
-0.0414,6772
-0.0219,5723
-0.189,8831
-0.297,9973
0.0381,4320
0.0147,5005
-0.0372,6301
-0.0799,8808
0.438,1362
-0.0728,7026
0.0228,4629
0.399,496
0.0498,3825
-0.166,9031
-0.169,8841
0.00672,5274
-0.253,9161
0.0226,4627
-0.0236,6250
0.0532,2737
-0.214,9784
-0.0525,6308
0.169,2956
-0.00758,5421
-0.113,8661
-0.0638,7441
0.0996,2384
-0.0939,8880
0.3,849
0.271,2328
0.284,90
0.0399,4069
-0.0853,8038
-0.0108,5613
0.541,664
-0.151,7708
0.0212,4492
0.153,2043
0.0196,5030
-0.403,10779
-0.134,6943
-0.205,9470
-0.438,11023
0.0829,3025
0.0987,3493
-0.324,9837
-0.147,9016
0.153,3115
-0.0203,6481
0.101,2405
-0.0929,7798
0.0729,3782
0.287,2091
-0.201,8779
-0.132,8180
-0.061,6138
-0.0615,6914
-0.0483,6294
-0.114,7427
-0.0669,7424
0.516,863
0.106,2386
-0.153,8409
0.585,300
-0.122,5781
-0.169,9877
-0.0935,9097
0.0887,2501
0.144,2699
0.0378,4225
0.098,3860
-0.0917,7280
0.166,1840
-0.231,10633
-0.347,10496
0.0182,4789
-0.043,6611
0.499,281
-0.0934,9358
-0.138,9852
0.0294,4266
-0.308,10566
-0.373,9674
-0.00565,4831
-0.148,9608
-0.11,8617
0.123,3151
-0.171,9013
-0.0663,6772
-0.198,9387
-0.346,10794
0.0074,4947
-0.00186,5624
0.188,1487
-0.0223,5369
-0.0156,5564
-0.174,9838
-0.114,9268
-0.145,8293
0.12,2619
-0.13,8794
-0.0483,7643
-0.0915,8175
0.0223,4857
0.0228,5031
0.0799,3875
-0.397,9714
-0.375,10660
-0.11,8176
0.0163,4528
0.0279,4324
-0.0469,6518
0.00889,5403
0.0433,4379
0.0125,4949
0.0931,3161
0.0896,3371
-0.288,10537
-0.0638,6681
-0.227,7886
-0.0249,7030
0.322,1214
-0.0569,6025
-0.0604,6112
-0.247,10286
-0.0568,6752
-0.157,8831
0.0364,4437
0.0856,3006
-0.164,8592
-0.323,8232
0.175,1832
0.101,2098
0.188,2793
0.0737,3839
0.0494,3875
0.13,2731
-0.0519,8325
-0.177,10145
0.0839,3476
0.07,3471
0.149,2892
0.0692,4119
-0.388,10235
0.113,1880
0.0618,3718
-0.524,10677
-0.11,6670
-0.0485,6203
-0.142,6766
-0.0846,7011
0.133,2461
-0.16,9558
-0.0697,7489
0.254,1621
-0.119,9294
-0.194,10286
-0.279,10439
-0.219,7208
0.178,2217
0.186,3109
-0.155,9580
-0.0632,7863
0.00859,4764
-0.0662,7303
-0.0733,7087
-0.22,9093
-0.0927,9197
-0.0798,8590
-0.0767,8185
-0.424,8978
-0.147,9246
0.0232,4616
-0.0809,7416
-0.155,8825
0.102,1941
0.142,2103
0.265,878
-0.122,7834
-0.226,8111
-0.21,10544
-0.122,7934
0.234,975
0.228,1084
-0.0979,9123
-0.037,5974
0.0407,3932
-0.0945,7504
-0.0872,7331
0.126,1857
-0.026,6451
0.0284,4349
-0.047,6380
0.0264,4680
0.258,618
0.128,1434
0.0695,3386
0.171,3170
0.149,2146
-0.000621,5316
-0.276,9966
-0.0419,6380
-0.208,9406
-0.0147,6150
0.0807,2416
0.0647,3791
-0.11,7912
-0.291,9977
-0.223,8623
-0.07,6970
-0.112,7588
0.0543,4368
0.397,740
-0.0823,7180
-0.115,7889
0.0553,4432
0.00897,5059
0.163,1248
-0.193,10528
-0.249,10298
-0.0766,7114
-0.0345,7686
0.0631,2874
0.0297,4292
-0.306,10160
-0.273,9563
0.0432,4121
0.363,1205
0.0623,1852
0.1,2314
0.00321,5267
0.248,1286
0.109,4064
0.268,1862
-0.0374,6862
-0.0929,7096
0.0282,4426
-0.000876,5379
0.0516,3821
-0.0198,5756
0.0906,2934
-0.155,9509
-0.175,9712
-0.0768,6752
0.105,3052
0.135,2799
0.187,2314
-0.0851,6812
0.00696,5185
0.241,1633
0.141,2862
0.124,2117
0.251,162
-0.251,10305
-0.21,9232
-0.126,8288
-0.014,6189
0.00827,5052
0.0586,3959
0.0668,2702
-0.0873,8841
-0.12,7941
-0.0454,5886
-0.0765,8426
-0.155,9928
-0.0127,6023
0.0613,3142
0.0461,3656
-0.121,6443
-0.136,9651
0.0708,3825
0.12,3125
0.63,36
0.318,1695
0.0967,2861
-0.273,7034
0.183,2076
-0.0816,8920
-0.129,7622
-0.34,10575
0.448,348
0.0911,2115
0.0771,3638
-0.0347,6384
-0.0631,6331
-0.0875,6909
-0.166,9487
0.23,1963
0.0249,4623
0.0483,4118
-0.0162,6157
-0.0255,5927
0.221,1946
-0.118,8280
-0.0123,5982
0.0754,2108
0.122,2730
-0.173,9035
0.582,76
-0.15,8600
0.121,2392
-0.0925,8959
0.646,649
0.175,1491
-0.265,10394
-0.159,8308
-0.07,7743
0.0821,2584
-0.32,10473
-0.119,6603
-0.162,10393
-0.246,7851
-0.195,10592
-0.119,8331
0.0697,3419
0.0207,4798
1.56,3
0.129,1997
-0.0661,7522
0.0654,3516
0.389,662
-0.207,8994
1.42,3
0.187,1810
-0.369,9987
-0.0224,6297
0.175,2435
0.0235,4713
-0.114,7248
0.0806,3205
0.0108,5237
0.0153,5258
-0.0648,7144
0.303,1444
-0.206,8980
0.014,4927
0.0207,4915
-0.031,6008
0.131,3443
-0.0102,5390
0.53,294
0.0789,3543
-0.0535,7888
-0.168,9348
-0.101,9196
-0.151,9851
-0.0104,5672
-0.239,10026
0.142,1366
0.0726,3133
-0.291,9427
-0.047,7292
0.101,3411
-0.123,8794
0.0415,2746
-0.139,9703
0.36,679
0.333,557
0.042,4197
-0.052,6269
0.074,1666
-0.226,10404
-0.296,9898
-0.00299,5538
-0.00932,5698
0.28,242
-0.0216,5509
0.000537,5120
-0.0854,7547
-0.123,7102
0.277,914
0.311,1159
-0.029,6434
0.11,1861
0.123,2063
-0.0377,5987
-0.0801,7159
0.226,2221
0.331,363
0.116,2157
0.134,2306
1.36,26
0.107,3260
-0.0732,6603
0.0574,3940
-0.0998,8794
-0.0251,5945
-0.231,9512
0.0796,3202
-0.116,9122
-0.194,10301
0.185,1153
0.126,3038
0.256,2696
0.134,2823
0.0623,3732
0.147,2162
-0.0507,8053
0.328,473
0.335,298
-0.0513,5431
-0.0205,5559
0.0425,3635
-0.0445,7958
0.00405,5205
-0.15,8399
0.0887,2175
-0.0218,5640
0.124,2119
0.0467,3875
-0.0484,7100
0.298,949
-0.0351,6798
-0.073,5762
0.0289,4517
-0.0627,8798
0.171,1825
0.015,5050
0.25,2816
-0.0335,6016
-0.0458,7990
0.00762,4916
-0.136,9041
-0.0951,7877
-0.0789,6682
-0.128,9087
-0.0733,7239
-0.221,10934
0.0184,4962
0.231,1547
0.203,3414
-0.0767,6963
-0.0251,5970
0.142,1138
-0.0702,7409
0.191,2153
0.255,589
-0.0863,7885
-0.0292,7001
-0.0885,8474
-0.0428,6566
-0.137,6368
-0.0914,8878
-0.475,10424
-0.225,8922
-0.0112,5406
-0.202,9138
0.0178,4416
-0.0448,7239
0.061,4341
0.253,680
-0.0262,6044
-0.202,9933
-0.0866,7894
-0.109,8474
-0.223,9803
-0.0343,6010
0.0617,3872
-0.266,9094
-0.045,5665
-0.424,10792
-0.238,8227
0.0462,4116
0.028,4598
0.126,3365
-0.0678,7177
-0.108,7463
-0.0288,6051
-0.237,10394
0.0953,3259
-0.11,7899
-0.119,8397
-0.131,8175
0.375,882
-0.0293,5824
0.0803,3808
0.0367,4672
-0.249,8376
0.0336,4478
-0.189,8364
0.0446,4071
0.124,2192
0.237,960
-0.0545,6161
0.0356,4610
-0.0565,5988
-0.14,9790
-0.141,8294
-0.00764,5537
-0.193,10551
-0.197,8989
0.0763,4145
0.397,364
0.0132,4996
0.583,184
0.125,2890
-0.249,6899
-0.0921,4626
-0.0256,5806
-0.00222,5368
-0.239,10395
0.143,2842
0.139,1037
-0.294,10874
-0.0159,5741
0.0245,4310
-0.0612,6983
0.228,1228
-0.0379,6472
-0.279,9102
0.0771,3207
0.0734,2426
-0.0484,5872
0.0608,3889
-0.193,8525
-0.016,5750
-0.0184,6016
-0.173,8876
-0.364,10549
-0.152,7803
0.0237,4831
-0.0756,6957
-0.0295,6218
-0.0115,5996
-0.069,6659
-0.0389,6584
-0.295,10930
0.01,5157
0.0774,2767
0.204,980
-0.114,8312
-0.209,10398
-0.254,9938
-0.0144,5075
0.0994,2429
0.0227,4475
0.42,583
0.0625,3837
0.0256,4762
-0.176,8822
0.182,596
-0.0225,5644
-0.289,8607
0.0912,3358
-0.038,6240
-0.0746,6611
-0.102,8041
0.031,4299
0.0194,4796
-0.284,10281
0.139,2411
0.407,147
-0.255,10880
0.0169,4967
-0.0917,6282
0.0914,3024
0.0301,4374
0.174,1502
-0.121,8020
-0.305,10907
0.122,3180
0.0851,2350
-0.0192,5952
-0.0171,6001
0.142,2072
0.0466,4045
0.14,2826
0.0762,3365
0.519,1195
0.206,850
0.0407,3805
0.0401,3783
0.159,983
0.242,1184
-0.12,9152
0.217,556
0.0222,4111
-0.155,8581
0.181,932
-0.203,9764
-0.437,10672
0.0481,4508
0.158,2324
0.392,281
0.018,4896
0.0344,4607
-0.218,9071
0.0265,4398
-0.197,9133
0.184,1302
-0.0713,7549
-0.253,7662
0.0239,4862
0.621,59
-0.00703,5415
-0.155,9230
-0.378,10847
-0.0595,6732
-0.237,9656
0.00298,4934
0.00792,5340
-0.0959,7857
-0.208,9400
0.0363,4849
-0.272,9577
-0.226,10297
-0.127,8753
-0.239,10174
-0.281,9703
-0.111,7766
-0.0659,6923
0.171,918
0.0913,2438
-0.284,10800
0.103,2289
-0.24,9048
0.218,1078
-0.0286,6101
-0.0662,7524
-0.00797,5462
-0.0275,5774
-0.0193,5991
0.159,1872
-0.0119,5752
-0.11,9396
0.393,2270
-0.203,9157
-0.0877,5044
-0.27,10895
0.00766,5059
-0.251,8098
0.0596,4367
0.129,2397
-0.156,8894
0.0119,5114
0.0652,2443
-0.141,8064
0.237,1473
-0.205,8472
-0.0918,7112
-0.0443,6535
-0.0661,6602
0.112,3510
0.216,1354
0.0227,5049
-0.0892,7046
0.107,2644
-0.0263,6517
-0.248,8295
-0.186,8747
0.262,1739
0.173,1952
0.214,520
0.163,2490
0.00743,4914
0.127,980
-0.222,6075
0.107,1973
0.113,1768
-0.044,7208
-0.0993,8482
0.604,124
0.0662,3830
0.808,421
0.125,700
0.0262,4633
-0.315,10223
-0.169,9104
-0.166,7837
-0.301,10361
-0.0382,6686
-0.21,9421
-0.00499,5408
-0.193,9282
-0.0893,5714
-0.324,9795
-0.0423,6898
-0.25,9923
0.196,1890
-0.134,8550
-0.0213,6229
0.129,2807
0.267,529
0.0408,4109
-0.0531,6444
-0.147,8419
-0.417,10359
0.0964,3564
-0.164,10498
-0.114,9501
-0.235,10826
-0.0284,5869
-0.0341,5890
-0.289,10655
0.142,723
0.167,978
0.257,1050
-0.135,7806
-0.0323,5834
0.105,1606
-0.202,9642
0.134,1789
0.102,2887
-0.0684,7048
0.0348,4213
0.0418,4093
-0.0184,7023
0.159,1402
0.0222,4887
-0.317,9151
-0.136,9507
0.273,1802
0.0641,2978
0.0978,1611
0.206,1762
0.181,2154
-0.271,9429
-0.167,8936
0.00306,5185
-0.144,9076
0.0453,3795
-0.11,8578
0.00122,5234
0.415,174
0.0203,4830
-0.0449,6827
0.302,537
-0.0651,7192
0.191,2268
-0.189,7918
0.0109,4862
-0.00311,5361
-0.342,10352
0.0166,4902
0.0707,4145
-0.0134,5588
0.0417,4172
0.186,2285
-0.0845,9476
0.254,150
-0.291,8447
0.506,74
-0.129,8857
0.168,1587
-0.0386,6659
-0.0145,5940
0.00658,4982
0.449,429
-0.0644,7119
-0.165,10283
-0.209,9331
-0.107,8004
-0.0709,6941
0.161,1910
-0.181,10711
0.191,650
0.168,1709
-0.057,6062
-0.00197,5107
0.129,2345
-0.00834,5793
0.0693,2329
0.106,3304
-0.312,10444
0.191,3211
-0.134,8443
0.12,1932
0.465,445
-0.0359,6331
0.00333,5068
0.793,90
-0.0628,7444
0.0252,4295
-0.00566,5470
0.143,2036
-0.221,9797
0.00742,5124
-0.0792,8280
-0.0941,7790
-0.152,10171
-0.12,9244
-0.0894,7317
0.236,565
-0.0262,6628
0.0195,4321
0.0147,4970
-0.168,9721
-0.0184,6376
0.0928,3890
-0.258,10201
-0.0827,8564
-0.0222,6101
0.0241,4899
0.128,1641
0.103,3410
0.179,2403
0.109,1299
0.0494,3871
0.174,3063
-0.185,9231
-0.048,6778
0.258,1881
-0.211,9411
-0.0068,5789
0.0639,3677
-0.244,9561
0.0441,3921
-0.0144,5411
0.095,3200
0.0589,3699
0.0945,3582
0.0275,4312
0.0471,3910
-0.00942,5407
0.0493,3329
-0.0427,6075
0.0146,5070
-0.204,10756
0.0789,3526
-0.146,8565
-0.0714,8310
-0.163,10670
-0.129,7276
0.0293,4343
-0.406,9902
-0.0519,5672
-0.11,10053
0.103,748
0.0373,4517
0.225,2319
0.188,519
0.122,3049
-0.0745,7482
0.145,686
-0.197,10233
0.2,918
0.137,2685
-0.253,8842
-0.0527,7699
-0.0139,6073
-0.413,10966
-0.121,8145
-0.0759,7096
0.138,3254
-0.0238,5933
-0.267,10359
-0.0276,6172
-0.0911,7738
0.0745,2744
0.621,8
-0.0938,8415
-0.169,10155
-0.274,10322
0.341,865
0.426,176
-0.0242,5855
-0.282,10017
0.487,103
-0.139,7223
0.182,1574
-0.032,6356
0.0882,3184
-0.23,9908
0.252,1294
0.101,1501
-0.0085,5565
-0.111,8512
0.0672,3576
0.396,1034
0.0656,3949
0.121,2256
0.0601,4052
0.0701,2678
-0.09,8623
-0.119,9244
-0.0588,6661
-0.422,10667
-0.0662,8059
-0.278,10919
0.138,2821
-0.0468,6051
0.052,3936
-0.119,9143
-0.0382,7130
-0.0971,8002
-0.00968,5595
-0.0515,6715
-0.114,7899
0.107,1462
-0.002,5675
-0.0865,7927
-0.164,9852
-0.104,8859
1.15,584
-0.0827,8497
-0.195,10090
-0.0938,9351
-0.316,10407
0.136,1604
0.0546,3757
0.0187,4742
-0.013,6039
-0.154,8902
1.02,476
0.619,768
0.438,32
0.143,2002
0.0361,4353
0.265,1194
-0.156,9040
-0.0255,6495
-0.018,5541
0.0159,4981
-0.0207,6433
0.0125,4837
-0.0276,6222
-0.0944,8757
-0.205,9551
0.414,886
0.25,649
0.268,237
-0.146,9259
-0.017,5642
0.473,139
0.015,5034
-0.0582,7871
-0.305,10384
-0.0177,5734
0.0912,2427
-0.26,10306
0.272,491
0.06,2940
-0.0351,6743
0.0353,4447
0.121,2289
0.132,2680
0.0327,4430
0.387,223
-0.0425,7464
-0.0182,5376
-0.0459,6005
0.143,2905
-0.291,9666
-0.164,8300
0.0597,3743
-0.0489,7068
0.077,3253
0.345,176
-0.288,10777
-0.124,9226
0.126,1880
-0.087,6222
-0.128,6974
0.00723,4990
-0.0396,6236
0.0116,5022
0.123,1621
-0.106,8142
0.0326,4392
-0.127,8606
0.223,1258
0.447,72
-0.0317,5997
-0.092,7089
-0.0858,7572
-0.0274,6231
-0.0688,7051
0.16,3109
0.0299,4675
0.117,3202
0.0172,4659
0.0892,2574
-0.187,9140
-0.104,7705
-0.205,7926
0.115,1838
-0.119,9264
-0.212,10561
-0.142,8135
-0.165,8986
-0.147,8196
0.131,2632
-0.0402,6650
-0.0693,8386
-0.0294,6641
-0.0882,7790
0.303,893
-0.297,9583
-0.17,9577
0.0211,4680
-0.207,9847
-0.309,10564
-0.0952,4012
0.126,3794
-0.0815,7961
-0.242,9606
-0.0507,5994
-0.155,7899
0.000155,5093
-0.0425,6653
0.0571,3432
0.059,3718
0.0484,4203
0.016,4844
-0.246,9537
0.0632,3796
-0.0708,7999
-0.0676,9182
-0.0784,7165
0.157,1662
0.143,1370
-0.0514,6992
-0.321,10956
0.0295,4486
-0.019,5597
0.214,2426
0.0517,4177
-0.213,9296
-0.0141,6142
-0.0839,7836
-0.00886,5139
0.202,2469
0.0634,3440
0.5,606
0.0425,4242
0.106,2803
-0.0845,7987
0.075,3071
-0.0669,8244
-0.156,9379
-0.103,8499
0.318,390
-0.0329,6100
-0.227,10507
-0.00964,5300
-0.625,10180
-0.22,10491
0.0395,4066
-0.22,10189
-0.185,8883
-0.0842,7722
-0.0653,7303
0.132,1688
-0.0867,8589
-0.149,9857
-0.0235,5547
0.531,759
0.131,3223
0.181,703
0.154,1603
-0.0259,6222
-0.195,9337
0.0641,3479
0.412,780
-0.027,6544
0.0356,4643
-0.193,9089
0.0256,4590
0.0339,4303
0.301,2017
-0.112,8197
-0.16,9264
0.0582,3673
0.258,2223
0.199,1523
0.18,1588
0.226,843
0.111,2567
0.0808,3650
-0.105,8516
0.174,1884
-0.193,10270
-0.059,7641
0.174,1018
0.163,1230
-0.321,8318
0.00232,5233
-0.0835,6653
-0.0203,6066
-0.0521,6827
0.000845,5423
0.659,427
0.17,1435
-0.282,9182
0.0243,4278
0.132,1997
0.631,596
-0.219,10406
-0.205,7428
0.263,1905
-0.0954,9481
-0.332,10688
0.141,2705
-0.382,9495
-0.365,9267
0.316,145
-0.0478,7480
0.353,306
0.0849,3623
-0.263,10219
0.287,2604
-0.357,9894
-0.0701,6958
0.0394,3905
0.0546,4211
0.43,1206
-0.0422,6341
-0.263,10404
-0.213,10420
0.337,475
-0.216,9274
-0.251,9811
0.0314,4633
-0.00184,5440
0.187,1792
-0.00151,5215
-0.0159,5897
-0.0997,8379
-0.236,6342
0.635,53
0.0929,2855
-0.0143,6405
-0.0455,6550
0.318,1263
-0.0212,4990
-0.199,8988
0.128,1198
0.0529,2972
0.00145,4871
0.756,378
0.107,3893
-0.112,8032
0.187,960
-0.137,9437
-0.0724,8317
0.133,1358
0.0156,5106
0.427,245
-0.0558,7431
0.306,1091
0.0518,4094
-0.0757,7108
-0.121,9014
-0.0893,6191
-0.162,9804
0.341,412
-0.074,7426
0.00279,5341
0.0691,3408
0.261,1034
-0.137,9298
0.144,2507
0.0805,4111
0.253,401
-0.0354,5945
0.0308,4308
-0.0851,8252
0.0566,3678
-0.176,10180
-0.0785,7573
-0.171,8397
-0.683,9841
0.036,4196
0.0698,3005
-0.144,6423
0.0742,3717
-0.129,8616
-0.171,8950
0.291,777
0.0716,2710
-0.205,9693
0.826,45
-0.167,10039
-0.405,10965
-0.212,10340
-0.0517,7595
0.00144,5405
-0.494,9789
0.15,2484
0.175,1247
-0.079,7857
-0.359,10247
-0.0451,7072
0.0827,3645
-0.3,10360
-0.329,9569
-0.266,10647
0.111,1437
0.0831,3494
0.203,725
0.161,2268
-0.251,6843
-0.0858,7976
-0.0966,9316
-0.138,7823
-0.0388,6810
0.103,3952
-0.253,10805
-0.049,7242
0.0663,2946
0.283,398
-0.278,8248
-0.234,10352
0.581,514
0.285,188
-0.132,8077
0.0442,4648
0.0638,3759
-0.134,6235
0.53,27
0.059,3802
-0.232,9272
-0.0376,6050
0.198,336
-0.25,10323
0.734,699
-0.0932,7362
0.006,5221
-0.0501,7057
0.231,420
0.00698,5202
-0.0389,6205
-0.105,7485
0.0817,2392
0.233,1197
0.0573,3644
-0.449,9203
-0.04,6133
0.118,2372
0.155,1668
0.0469,4114
0.0856,2553
-0.422,8321
-0.0813,8133
-0.218,10132
0.343,913
-0.0284,5514
-0.327,10815
0.13,4134
0.332,210
0.973,17
-0.0947,7559
-0.231,9074
-0.144,9578
-0.194,9722
0.0416,2989
0.0575,3233
-0.0332,6486
-0.153,9247
0.0987,2023
-0.163,8409
0.411,159
0.208,841
-0.0393,7082
0.455,881
-0.0743,8075
0.271,1347
-0.0527,6571
0.055,4491
0.143,1754
-0.0693,6962
0.0775,2609
0.0533,4198
0.479,697
0.0345,4277
0.324,1500
-0.0266,6024
0.0186,4763
-0.0258,5741
0.00677,5052
0.000217,5389
-0.0404,6972
-0.126,7652
0.0709,4002
-0.162,7325
0.421,544
-0.0964,9368
0.0612,2705
0.352,2152
-0.268,10689
0.0549,4006
0.126,1914
0.277,698
-0.066,8284
-0.15,7829
-0.171,6765
-0.333,8298
-0.244,10827
-0.314,10914
-0.0069,5885
-0.617,10839
0.0435,4083
-0.204,4632
-0.0875,6853
0.0544,3859
0.179,2860
-0.027,5663
0.0528,4256
-0.297,9385
-0.132,8039
-0.0693,7362
-0.0212,6045
-0.00859,5887
-0.234,9405
-0.0978,7442
-0.0998,8240
-0.0425,7556
0.0661,3836
0.0217,4647
-0.0616,5925
0.0897,4035
-0.0881,8467
-0.151,9826
-0.0107,5868
-0.0322,6275
0.0224,4785
0.126,2531
0.0474,4467
0.0261,4194
0.0249,4619
0.244,985
0.0998,1050
0.0703,4075
-0.127,6078
-0.0478,6691
-0.0334,5694
0.0605,4124
0.277,1547
0.0155,5089
0.404,319
-0.0474,6857
-0.147,8418
-0.0865,6714
0.0926,3085
-0.193,7797
-0.289,10637
0.118,1571
-0.00612,5493
0.069,3967
0.203,512
-0.31,9801
0.0395,4415
-0.133,10102
0.109,1866
0.149,2663
-0.221,9847
-0.104,6660
-0.196,8934
-0.175,8559
-0.0587,7129
0.0441,4493
-0.0806,6831
0.406,1064
0.0518,4523
0.16,2671
-0.0356,7422
-0.104,6631
-0.0456,6880
-0.0195,5485
0.0118,5148
-0.0777,7978
-0.121,8491
0.302,1408
0.219,1828
-0.553,7658
-0.496,10582
-0.108,8416
0.114,2069
0.385,483
-0.324,9719
-0.0635,6551
-0.226,8500
0.0531,3862
0.175,811
0.0282,4684
-0.37,9728
-0.108,7654
-0.172,9946
-0.011,5706
0.0282,3670
0.0259,3628
0.256,1839
-0.117,9704
-0.0476,7677
0.0296,4264
0.126,1862
-0.192,9001
0.00804,5251
-0.216,9817
0.0674,3853
0.0452,4114
-0.0946,8304
-0.0165,5588
-0.199,7872
-0.298,9062
-0.124,8132
0.222,617
-0.00738,5604
0.518,328
-0.0107,5799
-0.267,8916
-0.214,8229
-0.0237,5944
0.0296,4425
0.294,1952
0.00702,4798
-0.0406,6305
-0.0404,6958
-0.00211,5368
-0.264,10146
-0.25,6941
-0.217,10383
-0.257,10847
0.0664,4059
0.324,781
0.0234,4643
-0.142,7589
-0.289,9574
0.0955,1711
-0.0875,8499
-0.0548,7263
-0.143,9968
0.044,4119
-0.158,7421
-0.0871,6627
-0.243,8450
-0.0684,8138
0.116,2530
0.0975,2743
0.825,252
-0.137,9711
-0.0653,6440
0.0889,3359
-0.161,6896
-0.1,8076
-0.208,7909
0.366,1483
-0.176,7883
-0.131,9468
0.0206,4410
0.188,493
-0.0932,6240
-0.196,7489
-0.0579,6754
-0.0181,5659
-0.149,8422
0.0948,3264
0.171,1264
-0.148,7410
-0.173,8037
-0.0997,9956
-0.0163,5777
0.0381,4186
-0.106,8436
-0.464,9322
0.0556,4143
0.0945,1916
0.172,2205
-0.0662,6692
0.224,1567
0.194,1940
0.533,334
-0.28,10099
0.202,2436
0.354,514
-0.22,9629
-0.0312,6659
0.0135,5104
0.281,1121
-0.0126,5602
0.0433,4184
-0.0643,6759
0.384,2238
-0.0577,8234
-0.36,10835
0.0612,3893
0.0882,2804
0.16,2326
0.0348,4501
0.679,511
-0.234,10758
0.0412,4280
0.176,1522
-0.0174,5561
0.27,370
0.299,1993
0.131,1699
-0.227,10136
0.0405,4241
0.0185,4703
-0.229,7162
-0.0413,5938
-0.0746,8081
-0.107,7604
-0.294,8592
-0.00991,5297
-0.0556,6719
0.0412,4042
0.345,288
-0.153,10030
-0.0875,7306
-0.25,7293
0.518,823
0.0754,3250
0.241,101
0.0983,2631
-0.00195,5419
-0.0189,5739
0.293,197
0.169,2394
-0.141,8992
-0.219,10506
0.0713,4047
0.0995,3268
0.121,2383
-0.145,7863
0.113,1295
-0.0453,6387
-0.197,9801
1.3,146
0.228,1198
0.00619,4914
-0.233,8603
0.00591,5145
-0.0442,6830
-0.294,9451
0.036,4578
0.156,2599
-0.0806,7785
-0.22,10841
-0.262,9557
0.0497,4212
-0.258,10318
0.0315,4351
-0.0795,8325
-0.0642,8069
0.0276,4930
0.0903,3119
-0.329,7527
0.0411,3815
0.0147,4870
-0.169,9451
-0.324,9304
0.248,864
-0.0602,6788
-0.111,7898
-0.0539,7605
-0.033,6354
-0.176,7946
-0.0492,6184
-0.0134,5461
-0.0167,5804
-0.0524,7602
-0.0928,8207
0.0474,4062
-0.127,8297
-0.0709,6631
0.134,3210
-0.0081,5553
0.0336,3962
0.0917,3451
0.091,4277
-0.0902,8366
-0.034,6783
0.359,368
0.282,2133
-0.091,8539
-0.173,10673
-0.182,9313
-0.0126,6353
0.0409,4151
0.185,381
-0.0841,8968
-0.104,8397
-0.494,11030
0.127,2084
-0.153,8806
0.373,515
-0.0362,6541
-0.278,9918
-0.209,10331
0.00705,4809
0.614,1020
0.622,1034
-0.253,8565
0.108,2186
-0.451,9798
0.00265,5331
-0.132,9853
0.194,1138
-0.165,8961
-0.0188,5989
-0.169,9264
0.418,1677
-0.0138,6108
0.079,3244
-0.115,8137
-0.0335,6025
-0.19,7823
-0.108,7203
0.0515,3423
0.0753,3462
0.242,429
0.0359,4327
-0.0497,6736
-0.0297,5866
-0.0598,8541
0.0427,4015
0.167,2690
-0.00833,5284
0.0897,3573
-0.0518,6636
0.0267,4528
0.248,631
0.0265,4745
0.116,2648
-0.444,9185
-0.134,8469
0.0779,2595
-0.00414,5508
-0.117,7945
0.0805,3529
0.145,2519
0.123,3099
-0.276,10526
0.0711,2732
0.703,10
-0.573,10779
0.563,1084
-0.146,9163
-0.0208,5852
0.00558,5181
0.242,1773
0.25,849
0.297,702
-0.33,8291
-0.0571,6226
0.12,1947
-0.145,9088
-0.0806,7552
-0.125,8522
0.0544,3820
0.101,2651
-0.324,10386
-0.118,7904
0.16,3308
0.234,288
-0.00732,5915
0.0617,3444
-0.114,8569
0.242,872
0.0535,4164
-0.088,7089
-0.101,8169
0.3,211
0.167,3049
-0.336,6636
0.18,2327
-0.008,5973
0.165,1941
0.0224,4538
0.485,865
0.151,2464
-0.053,6876
0.0193,4315
-0.293,5375
0.0143,4703
0.216,1888
-0.313,10312
-0.0214,6028
0.0508,3610
-0.187,9189
-0.0398,5948
-0.475,9164
-0.111,8755
-0.093,8963
0.0718,2083
0.0497,3981
0.401,453
-0.193,10438
-0.117,7304
-0.193,10660
0.173,554
-0.272,9039
0.0686,3040
0.772,947
0.232,869
-0.0497,6432
-0.138,7990
-0.253,9506
-0.106,7620
-0.315,10778
-0.378,9594
-0.103,7823
-0.156,7391
-0.0211,5638
0.266,680
-0.0225,5330
0.0749,3347
-0.261,10507
0.124,1709
-0.00296,5342
0.298,1463
0.35,1137
-0.00351,5262
-0.128,9016
0.108,1959
0.0424,4344
-0.186,8347
-0.0483,6538
-0.0436,6156
0.111,3159
-0.181,9993
0.0768,3825
-0.609,10930
-0.503,10764
0.267,885
0.0149,4264
0.21,944
0.0999,2789
-0.26,9506
0.271,1125
-0.227,8951
-0.0316,5754
0.263,868
0.446,355
-0.15,7867
-0.0611,6600
-0.401,8179
0.0702,3015
-0.121,8282
0.385,156
0.274,241
-0.0924,7586
-0.231,10541
-0.0374,7074
-0.138,9720
0.0625,3325
-0.176,8826
-0.0204,5516
0.0756,4185
0.0431,3845
0.0816,3201
-0.0301,6023
-0.152,8233
0.0565,4142
-0.32,10531
-0.00625,5751
0.0856,4001
-0.0901,8071
0.113,2794
-0.0599,6516
-0.00514,5332
-0.108,8556
-0.0135,5813
-0.0258,5849
0.369,258
-0.00117,5469
-0.217,9619
0.0362,4199
-0.0125,5346
0.0321,3760
-0.0767,8619
-0.00392,5665
0.198,696
0.0346,4159
0.0903,2199
-0.158,7830
0.189,3027
-0.194,8239
0.195,2293
-0.109,8787
0.123,2093
0.0791,2474
0.171,2216
0.0875,3664
0.0451,4054
0.301,34
-0.1,8460
-0.207,9637
0.0967,3524
-0.32,10324
0.104,3750
0.363,452
-0.097,8158
0.295,1666
-0.373,10366
-0.238,8264
-0.0899,8144
-0.145,9253
0.00333,5125
-0.138,8026
0.0775,3458
-0.29,10751
0.0671,2974
0.0473,3583
0.00945,5070
-0.0957,6939
0.279,1047
-0.264,8857
0.0748,2938
0.0294,3888
-0.0941,7936
-0.0536,7546
-0.185,10075
-0.225,9631
-0.157,7833
-0.279,9833
0.112,2656
-0.127,9066
-0.0716,7160
0.201,1842
0.0803,3542
-0.298,9195
-0.0167,6066
-0.179,8654
-0.097,7113
-0.099,8171
0.123,2909
-0.472,10405
-0.144,10056
-0.035,6617
-0.14,8831
-0.197,9649
-0.275,10640
0.0948,2663
0.0216,4549
-0.0054,5626
-0.256,9326
0.295,1101
1.25,112
-0.0323,6450
-0.0611,7124
-0.0904,8190
0.00261,5443
-0.043,6549
-0.265,10572
-0.139,7033
-0.0778,6589
0.209,1778
-0.3,10716
-0.213,9983
-0.16,7893
-0.196,7857
-0.173,10061
-0.0315,6549
-0.186,10192
-0.0655,6909
0.169,1668
-0.0858,7306
-0.41,10271
-0.129,9489
-0.0176,5928
-0.195,10057
0.203,1719
0.278,669
0.00299,5000
-0.142,8404
-0.0767,8188
0.0869,3258
-0.355,10977
0.118,2763
0.724,281
0.041,3640
-0.17,9744
0.137,1532
0.256,1853
-0.147,7841
0.204,2481
0.127,2736
-0.0507,7210
-0.153,8346
-0.0232,5912
0.0158,4803
-0.351,10439
-0.0901,7495
0.244,403
0.443,187
0.0148,5006
-0.0909,7803
0.33,1980
-0.124,9547
0.0392,3791
0.12,3349
-0.0155,5653
-0.282,7801
-0.222,7255
-0.144,9836
-0.158,8891
-0.315,10387
0.287,698
0.214,1898
-0.352,9676
-0.169,10487
0.12,2550
0.0337,4317
0.275,1552
-0.15,9258
0.901,227
-0.0558,8190
0.0582,3537
-0.169,8023
0.0447,4359
0.0643,3489
0.142,3228
0.0963,1619
-0.0543,8320
0.201,1905
-0.119,9222
-0.205,9373
0.0821,3694
-0.221,8571
-0.283,9423
-0.136,7503
-0.0667,6416
-0.357,9365
-0.0709,7030
-0.0841,8059
-0.132,9662
-0.585,9322
-0.0842,6704
-0.0722,6233
0.205,275
0.103,1080
-0.134,9721
-0.192,9969
-0.298,10014
-0.385,9817
0.138,2632
0.121,2056
0.147,2357
-0.17,7558
-0.0884,7037
0.417,1032
0.0286,4610
0.188,1721
-0.0551,9118
0.697,65
-0.349,7692
-0.0863,7543
0.218,1034
-0.0467,7176
-0.165,8844
0.461,1669
0.0195,4824
-0.198,8688
0.038,4689
0.168,2256
-0.0237,6312
-0.236,9883
0.00696,4831
0.0173,4619
-0.0627,6643
-0.139,10277
0.0754,3557
0.0695,3802
0.0832,3752
0.0111,4908
-0.586,10589
0.0651,4296
0.17,211
-0.232,9143
0.0396,4367
0.0261,4455
0.00393,5125
-0.0677,6752
-0.151,8350
0.725,217
0.028,4530
-0.0873,7098
0.194,1141
-0.152,9448
0.0155,4978
-0.12,7141
0.0107,4955
0.00154,5109
-0.183,8373
0.0133,5027
-0.0842,7682
-0.0792,6920
-0.0975,7298
0.175,3578
0.746,263
0.21,1520
-0.425,10522
0.135,2093
-0.0647,7070
-0.229,10130
0.0865,3466
-0.0144,5879
0.0101,4932
-0.0225,5829
-0.0618,6825
0.156,2468
0.554,116
0.00166,5272
-0.0553,6554
-0.4,10473
-0.011,5684
0.132,2248
0.478,342
0.0128,4533
0.0183,4922
-0.334,10607
-0.283,10374
-0.153,8187
1.57,8
-0.0387,6407
-0.00401,5532
-0.0521,6738
-0.0142,5835
0.339,914
0.273,918
-0.223,9734
-0.188,9334
-0.145,8454
-0.0689,7692
-0.252,8501
-0.0185,5452
0.652,317
0.0715,3837
0.377,565
0.122,3191
-0.0597,6999
-0.164,9354
0.0502,3573
-0.134,9447
-0.0817,6812
-0.231,8858
0.0967,3203
-0.0681,6531
0.0225,4836
0.0692,2140
0.0413,4132
-0.0586,7228
-0.431,9842
-0.121,7818
-0.0864,8016
0.119,2524
-0.225,9880
0.171,1934
0.0548,4338
0.167,1564
0.0677,3227
-0.101,10000
0.0904,3893
-0.0213,5815
-0.381,10724
-0.666,10978
0.523,173
0.0815,3206
-0.22,10352
0.034,4637
0.514,759
-0.0114,5218
-0.165,10156
0.314,809
-0.138,8081
-0.117,8802
-0.237,10394
-0.0542,6626
-0.143,9541
-0.151,10650
-0.0886,6892
-0.243,10165
-0.189,7779
-0.324,9587
-0.127,9410
-0.206,9593
-0.156,9378
0.239,1288
0.0864,2297
-0.282,9778
-0.119,7988
-0.179,8566
-0.0867,7876
-0.114,8872
0.141,2181
-0.22,8316
-0.103,8224
-0.156,7397
0.0711,3644
0.0199,4553
0.312,758
-0.0178,5678
0.115,2521
-0.0322,7337
-0.0277,6268
-0.167,8058
-0.0217,5467
-0.0705,8629
-0.0958,9787
-0.306,10610
0.043,4196
0.0419,4144
-0.136,7226
0.043,4217
0.141,979
-0.0703,7958
0.229,2011
0.00917,5106
-0.25,9853
-0.0165,5604
0.0503,2690
0.0259,4018
-0.27,6936
0.446,1828
-0.108,9594
0.254,751
0.189,656
-0.0454,6615
2.06,7
-0.346,9656
0.0585,4100
0.138,2758
-0.0736,8383
0.0259,4496
0.00966,5154
0.761,273
-0.539,10688
-0.0849,7690
0.135,2310
0.00203,5386
0.0125,4895
-0.0544,6464
-0.176,9128
0.0342,4397
-0.107,9435
0.0992,3187
-0.133,8799
-0.315,9655
-0.0915,6129
0.037,4148
-0.239,10118
-0.126,9058
0.117,2517
0.0576,3700
0.0526,3804
0.00878,5247
-0.0819,6606
-0.21,9775
0.24,405
0.0694,4285
0.295,1215
-0.11,8658
-0.0369,6249
0.128,2924
0.361,560
0.0246,4757
-0.125,9089
0.356,132
-0.136,9942
-0.189,8068
-0.0508,6193
0.000535,5225
0.384,108
-0.0941,9957
-0.0621,6981
-0.271,10579
0.0556,3198
0.111,2102
-0.384,10785
-0.038,6416
0.294,730
-0.0534,6778
-0.00343,5299
-0.0357,6052
0.158,1628
-0.206,8460
0.421,217
-0.109,9186
-0.169,9408
0.103,3008
-0.0649,6151
0.0228,4546
0.0343,4390
-0.0944,8411
-0.17,8518
-0.078,7078
0.209,1754
0.184,1262
0.0261,4524
-0.265,10849
0.278,2125
-0.349,9249
0.825,146
-0.104,8005
0.0615,3514
-0.0287,5943
0.0164,5053
-0.0649,7372
-0.194,8661
-0.0417,7484
0.131,2967
0.21,1615
0.0528,3355
0.299,662
-0.167,8664
-0.361,10940
-0.145,9103
-0.14,8238
0.114,3055
-0.34,9118
0.191,1823
0.00602,5200
-0.124,8246
0.00157,5415
-0.291,9464
-0.58,10134
-0.103,6123
0.0242,4277
0.223,2630
0.0829,3259
0.141,2455
0.407,736
-0.0321,4183
-0.0788,8028
0.177,3611
-0.0915,6712
0.0324,4055
0.365,1047
0.155,2752
0.11,1948
-0.188,9147
0.0395,4045
0.0246,4874
0.173,1530
-0.147,9511
-0.0602,8563
-0.11,8425
0.0894,4028
0.0889,3238
0.0859,3705
-0.099,6248
0.0558,3722
-0.0474,6625
0.022,4743
-0.0874,7176
0.0955,3102
0.0228,4672
-0.195,10851
-0.274,10569
0.128,2323
0.0473,3796
0.157,2699
0.117,3344
-0.342,10978
0.189,973
0.0236,4652
0.313,369
0.149,1651
0.456,1287
-0.067,7858
0.122,1352
0.318,224
-0.0318,5875
-0.157,8399
-0.251,9413
-0.226,10408
-0.0142,5666
0.411,319
-0.292,9563
-0.141,8746
-0.125,7433
-0.0768,7412
0.0364,3806
0.161,2321
0.169,2297
0.0653,4320
-0.0565,6240
-0.0137,5992
-0.161,8901
0.00439,5075
0.143,1735
-0.159,8600
-0.00829,5562
-0.13,8895
0.0407,3798
0.335,311
-0.246,9963
0.11,3571
0.18,2132
0.255,730
-0.148,9965
0.122,1292
-0.31,10937
0.101,3656
0.115,1823
-0.00387,5169
-0.217,10407
-0.0711,8034
-0.217,9567
0.00215,5058
-0.214,9909
-0.134,8985
0.0953,2658
-0.282,9521
-0.00261,5410
-0.471,10240
0.0589,4176
0.0549,2976
-0.0584,7650
0.274,491
0.136,2122
-0.0849,8656
0.383,1066
-0.151,9491
0.0855,2875
0.0642,3828
-0.267,9908
0.0763,3206
0.277,805
-0.108,7912
0.148,692
-0.0268,6080
-0.0612,7053
1.08,39
-0.208,10344
0.155,723
0.142,2484
-0.325,10503
0.0798,3084
-0.0544,6246
0.109,2850
0.0843,2909
-0.0189,6383
-0.178,10038
0.273,132
0.465,221
0.557,63
0.238,544
-0.0645,8977
-0.112,7291
0.0608,4033
-0.0952,6796
-0.515,9361
-0.0722,7420
-0.116,8775
0.683,78
-0.0414,7366
-0.109,8563
0.192,1462
0.187,1869
0.134,1461
0.114,3266
0.0797,2947
-0.264,9990
-0.496,7561
-0.273,8812
-0.0864,7879
-0.308,9976
0.0914,3119
-0.0316,5493
-0.0926,7031
-0.0933,8020
-0.0875,8839
-0.108,7204
0.0303,4640
0.175,1798
-0.0996,7313
0.0815,2780
-0.1,8437
-0.0437,6915
-0.021,5240
-0.132,8016
0.087,3856
0.186,637
-0.0319,6528
-0.219,7973
0.0564,3955
-0.39,10028
-0.0322,5483
0.268,585
0.0849,2604
-0.13,8867
-0.122,9330
0.381,390
-0.264,9124
-0.135,8657
0.132,3262
-0.416,10544
0.143,2568
-0.193,8657
-0.0675,7208
-0.266,10311
-0.0611,7993
0.255,665
-0.0155,5677
-0.0734,7404
0.116,3292
0.0817,2719
0.163,316
0.0134,5003
0.306,1490
0.427,465
0.16,2216
-0.173,11001
0.0567,3638
-0.128,8116
-0.0246,6260
-0.158,8599
0.144,2814
0.0921,2594
-0.0877,7656
0.107,2583
-0.00514,5521
0.359,444
-0.00415,5465
0.107,2201
0.344,164
-0.0988,7811
-0.498,10601
0.205,1818
0.0918,2195
0.174,845
-0.329,10354
0.0181,4686
-0.471,10894
0.416,1479
-0.332,9238
-0.0673,7701
-0.147,9562
-0.082,7127
0.0849,3653
-0.594,10121
0.138,2515
0.0213,4706
0.0706,3235
0.222,691
0.032,4362
-0.132,6943
0.0185,4470
-0.0205,6477
0.19,773
-0.138,9676
-0.37,10567
-0.3,9332
-0.2,7989
0.0122,4717
-0.0584,6972
-0.103,6838
-0.00371,5276
-0.38,10577
-0.117,8342
-0.161,8197
0.078,2287
0.122,2247
-0.0641,7027
0.712,42
-0.167,8511
-0.151,10603
-0.0806,8739
-0.201,8879
0.0503,4375
0.0585,2730
0.567,355
0.219,692
-0.0604,7761
-0.0162,5663
-0.0285,5562
-0.0901,6428
0.0592,3257
0.187,825
-0.0841,8571
0.00281,5417
-0.207,10224
-0.0701,7274
-0.224,7420
0.0553,3790
0.103,2379
0.0717,3823
-0.0363,6942
-0.046,6719
-0.0735,8465
0.00724,4902
-0.216,10671
-0.0371,6246
0.311,422
-0.0482,6101
0.168,2911
-0.402,10933
0.0536,3568
0.131,2878
0.069,3927
0.00512,5238
0.345,2213
0.459,654
-0.0156,5991
-0.0525,7246
-0.341,10803
0.00994,5009
-0.0526,5730
-0.0307,7026
0.138,2135
-0.0841,8044
-0.155,7819
-0.156,8584
-0.0313,5389
0.0793,3733
0.0239,4667
5.55e-17,3273
