coef,rank
-0.331,9727
-0.147,8620
-0.1,8769
-0.0505,5846
-0.531,7668
1.22,356
-0.182,7002
0.267,695
0.0146,4628
-0.0383,5864
-0.36,10790
0.0311,4602
0.0437,3927
0.158,812
0.0611,3698
0.164,2276
-0.0409,5444
-0.414,9412
0.196,284
-0.0742,9328
-0.132,8841
-0.0631,7344
-0.25,8453
-0.293,9224
-0.206,10068
0.111,2879
0.115,3289
0.0769,3520
0.0194,4875
-0.594,9750
-0.124,8096
-0.269,10835
0.0331,4685
-0.0994,6275
0.101,3092
0.0921,3712
0.0265,4748
-0.0815,8673
0.138,2074
-0.274,9294
-0.0177,5723
0.0627,3914
-0.145,9681
-0.054,8379
-0.169,8899
-0.142,8911
0.145,2739
0.00966,4715
-0.0706,8715
0.0508,2837
-0.524,10981
0.296,405
0.253,1382
-0.0802,6932
-0.207,9163
0.086,2155
-0.00635,5325
0.201,2281
-0.341,9438
0.0724,3875
-0.149,10439
0.0941,2662
-0.0364,5951
-0.146,8151
-0.00762,5691
0.0244,4106
-0.0617,6913
0.00826,5169
0.115,2465
-0.0787,8032
-0.175,9338
-0.3,8178
0.0252,4356
0.127,1969
0.171,1858
0.0447,4368
-0.101,6421
-0.063,7628
0.047,3953
0.111,2152
0.0163,5177
-0.061,6935
0.00406,5194
0.101,3725
0.162,899
0.0279,4393
-0.423,11016
0.317,1266
0.262,832
0.0994,3522
0.0765,2685
-0.0185,6362
0.274,977
0.274,929
0.426,651
0.032,4539
-0.0645,6512
-0.0298,6386
0.0947,3758
0.0606,3176
0.136,2255
-0.305,10546
-0.0017,5499
-0.189,10295
0.061,3490
-0.0767,7027
0.0512,4333
-0.66,11022
-0.0832,7035
-0.188,9343
0.0105,4937
-0.119,8280
0.105,3962
-0.251,9420
-0.121,9456
0.0912,1949
-0.0223,5810
0.124,2412
-0.0372,6860
0.316,800
0.0616,3926
-0.0817,8550
0.0145,4844
-0.05,7311
0.0553,4385
-0.523,10306
0.162,806
0.216,1446
-0.0056,5560
-0.102,7589
-0.0336,5982
0.447,445
-0.224,10719
0.167,1546
-0.168,8034
-0.143,9675
0.244,3153
0.549,868
0.0694,2860
-0.0822,7933
0.149,3196
0.0646,3102
0.533,235
-0.0292,6179
-0.0708,7124
0.0748,3476
-0.108,6975
-0.134,8417
0.0786,2982
-0.285,9665
-0.0587,7224
-0.0727,8150
0.0848,4041
-0.209,9508
-0.289,8621
0.0291,4583
-0.0528,7200
0.0283,4719
-0.106,7067
0.0136,5001
0.125,2488
-0.0798,7826
0.00931,5177
-0.0909,9519
0.0316,4381
-0.0528,6931
-0.166,10154
-0.0906,8649
0.168,2262
-0.0959,8642
0.128,2689
-0.177,7615
-0.141,9649
0.15,1002
0.167,129
-0.257,10691
-0.15,9810
-0.0511,6450
0.0849,4366
-0.0899,9207
-0.127,9168
0.388,385
-0.166,9314
-0.285,10731
-0.144,9903
0.0407,2841
-0.0475,6987
-0.0364,6507
0.0144,4822
-0.0661,7457
0.41,1796
0.0451,3913
0.199,763
-0.0819,9560
0.158,1238
-0.0932,7305
-0.174,7536
0.0286,4491
-0.147,8243
-0.0207,5709
-0.0491,7308
-0.272,9825
-0.103,7954
-0.25,8804
0.049,3279
0.134,2103
0.194,1713
-0.394,9662
-0.124,8391
0.146,2548
-0.00241,5347
0.0841,2217
0.141,1942
-0.0492,6250
0.00286,5198
0.121,2763
0.0691,2116
-0.0617,7563
-0.0183,5747
0.245,1301
-0.309,9815
-0.261,9126
-0.136,8440
-0.0186,6032
0.0371,3592
-0.0049,5331
0.18,2632
0.191,1559
0.0387,4082
0.0224,4557
-0.058,7904
-0.228,9910
0.067,4032
-0.0993,7579
0.425,593
-0.104,10064
0.249,945
0.509,106
-0.523,10773
-0.0579,6262
-0.0123,5389
-0.389,6864
0.0482,4569
0.0219,4702
0.0934,2943
-0.0393,6343
-0.143,9758
-0.126,8530
0.389,404
0.109,2634
0.126,4584
-0.137,7511
0.146,1008
0.0675,2716
-0.369,10066
0.587,524
-0.363,9700
-0.391,8899
-0.0548,6987
-0.158,9512
-0.00513,5544
0.274,455
-0.0277,6188
-0.287,10497
-0.0657,7319
-0.124,8189
0.0115,4816
0.0279,4757
0.356,269
0.169,2506
0.176,1814
-0.0471,7773
0.429,42
-0.0588,6602
0.284,1166
-0.258,10498
0.181,1467
0.0635,3886
-0.0987,7662
-0.098,7526
-0.12,7802
0.00804,5216
0.0975,2661
0.0946,3739
0.0831,3494
-0.0175,5636
0.203,1865
0.268,755
0.124,1283
-0.261,10585
-0.0521,6201
-0.0243,5679
-0.187,8790
0.00648,5091
0.0737,2687
0.216,462
0.438,951
-0.0971,7767
-0.137,7414
-0.316,9595
-0.0644,7043
-0.184,10114
0.00309,5173
-0.0524,6227
0.233,1130
-0.0277,5314
-0.0422,7147
-0.203,9054
0.152,1636
0.121,3489
-0.0533,5850
0.207,577
0.054,3159
-0.152,9449
-0.254,10520
0.297,2106
0.252,1895
0.0488,4443
0.0122,4949
-0.193,8275
0.141,3145
-0.107,8170
0.218,1893
-0.135,6661
0.0742,2611
-0.156,9344
0.257,396
-0.235,10225
-0.137,10083
0.0908,3978
0.0507,3231
0.106,2305
-0.029,5720
0.171,2453
-0.0336,6363
0.71,376
0.0718,2942
0.0297,4269
0.0897,2620
0.0635,3340
0.075,3437
-0.314,10192
0.0722,2842
-0.515,10737
0.28,1721
0.0866,1831
-0.00962,5816
0.179,1825
-0.0932,8210
-0.0686,7173
1.25,866
-0.178,6569
-0.107,4130
-0.572,9045
-0.183,7429
0.306,2759
0.93,14
-0.0608,6677
0.00082,5361
0.16,1819
-0.0783,8906
0.0159,4307
0.436,2468
-0.125,7747
-0.308,10354
-0.193,8915
0.154,2298
0.0455,3460
0.238,2244
0.211,1620
-0.0977,8228
0.133,2502
0.163,2619
-0.216,10629
-0.272,10475
0.0472,4245
-0.361,10335
0.521,1209
0.483,116
-0.0192,6111
-0.103,6742
0.0386,3510
-0.199,9049
-0.314,8682
0.11,2339
-0.00799,5559
-0.0284,6089
-0.201,9464
0.798,521
-0.0885,6976
-0.0782,7915
0.0395,4049
-0.0822,7548
0.402,1070
0.21,1437
-0.129,6696
-0.0421,6331
0.362,31
-0.23,8134
-0.0794,7682
-0.0516,6317
0.0819,3250
-0.171,9532
-0.234,10600
0.162,2161
0.3,937
-0.138,8040
-0.393,9226
0.0389,2025
-0.145,9407
-0.332,10620
0.208,2462
0.0332,4629
-0.0461,6114
0.0459,3788
0.00828,4776
0.0391,1422
-0.17,9109
-0.242,8240
0.0594,3700
-0.304,8967
0.0113,4841
-0.0137,5482
-0.14,8072
0.169,2224
0.442,1465
0.308,935
-0.0834,8407
0.0759,3263
-0.106,7155
-0.0141,5457
-0.115,8192
0.237,174
-0.138,9540
0.00488,5318
-0.45,11023
-0.46,10944
-0.0744,7732
0.218,2045
0.0582,3641
-0.0372,7095
0.384,2322
0.223,2760
-0.198,8825
-0.0971,6450
-0.00192,5471
0.495,206
0.211,2130
0.149,3391
-0.18,8419
0.0783,4076
0.18,1255
0.426,884
-0.279,9464
0.0251,4612
-0.0803,6512
0.315,532
0.0518,3159
0.036,3752
-0.319,10620
0.198,1777
0.00951,5264
-0.101,8311
-0.0883,8571
0.2,2369
0.38,630
-0.0153,5513
0.0558,4455
0.156,2763
0.047,4008
-0.116,8870
0.265,1346
0.0183,4661
-0.0448,6846
-0.0166,5684
0.0856,2970
-0.16,9216
-0.0223,5754
0.0311,5055
0.045,3775
0.221,1091
-0.0811,8197
-0.707,11023
0.0298,4371
0.0572,4066
-0.228,8937
0.371,123
0.0609,3495
-0.0936,8605
-0.0162,5662
0.129,1888
0.121,2562
-0.116,8410
0.0545,1236
0.247,835
-0.0479,7163
-0.386,9864
-0.204,7511
0.066,3467
0.247,463
0.0245,4544
0.0935,3085
-0.255,9958
0.8,533
0.181,1459
0.0728,2020
-0.0272,6294
-0.00121,5058
0.0477,4347
0.0842,3999
0.251,1418
0.218,1973
-0.126,9808
-0.0816,5855
-0.0112,5155
0.485,1126
-0.475,10471
0.00557,4920
-0.129,9475
-0.0549,7447
-0.156,9833
-0.184,8063
-0.0154,5559
0.138,1265
-0.0442,6475
-0.179,6631
0.122,3325
-0.152,7917
0.316,2871
0.0151,4706
0.399,101
-0.16,8616
0.0392,4628
0.439,59
-0.162,8002
-0.0072,5427
-0.00534,5756
1.51,553
0.0234,4498
-0.0514,5383
-0.801,10387
-0.0956,8262
-0.23,9057
0.0522,3725
-0.347,10728
0.231,1460
0.147,2107
-0.0928,7901
0.0756,3642
-0.104,8179
0.0622,3760
0.586,825
-0.306,7975
-0.223,10386
-0.0942,7208
-0.319,10559
-0.0632,6668
-0.339,10753
0.187,1694
0.0258,4563
-0.00235,5150
-0.252,10426
-0.0757,7661
0.182,1987
-0.175,9117
0.188,907
-0.0735,7747
0.00687,5297
0.0304,4493
0.106,3531
-0.0427,6980
0.153,1535
0.0596,4239
0.0436,4282
-0.095,7709
0.128,2545
0.162,2292
0.298,346
-0.137,10090
-0.762,10946
0.28,482
-0.515,10972
-0.651,9982
0.108,2398
0.231,812
-0.24,8677
-0.109,8950
-0.0382,6766
0.0393,4399
-0.0831,8038
0.291,240
-0.0508,6955
-0.142,9584
0.0653,4184
0.115,3778
0.15,343
0.262,1098
0.349,882
-0.213,9993
0.0833,3549
-0.192,9931
0.115,2585
-0.0849,7900
0.0946,3607
0.142,2978
-0.0466,6685
0.212,2293
0.0451,3861
-0.144,9942
0.0548,4195
-0.123,9921
-0.502,10506
-0.192,6444
0.107,2606
-0.133,9239
0.0836,3578
-0.0707,7095
-0.0706,6128
-0.361,10748
-0.0437,6545
0.417,8
0.0535,2978
0.00619,5249
0.192,1431
0.112,2832
0.166,1223
0.407,676
-0.198,10627
-0.142,7474
0.676,1230
0.022,4867
0.1,1708
-0.0372,7224
-0.0686,7968
0.112,3385
-0.249,9822
-0.0967,8903
0.0839,1557
0.0143,4749
-0.131,7491
-0.183,8575
-0.107,6959
-0.172,8908
0.206,1507
0.282,1520
0.252,873
-0.294,9540
0.039,4113
-0.00248,5500
0.137,1572
1.18,1382
0.14,1514
0.325,1490
-0.208,8751
0.119,1401
-0.574,10766
-0.275,7163
-0.232,5156
-0.369,9450
-0.568,10045
-0.112,6830
0.267,1458
0.271,421
0.0844,3401
-0.0844,8359
0.0702,1803
0.409,563
0.841,159
-0.0853,5904
0.166,1164
0.163,1583
0.0143,4815
-0.0628,6560
0.126,2139
0.293,1432
-0.038,6520
-0.0701,7330
0.102,3103
-0.141,7037
0.0617,4113
-0.184,9230
-0.461,10907
0.0614,3315
0.146,1540
0.36,1124
0.132,1690
-0.192,9036
0.0626,4344
0.0693,3318
-0.159,8075
0.543,76
0.318,2177
-0.0134,5675
0.0599,4220
0.112,2431
-0.395,11012
0.101,3316
-0.303,10356
0.227,1689
0.0986,3620
0.298,1097
0.236,762
0.0134,5144
-0.386,8851
-0.228,9166
0.0201,4965
0.0857,3048
-0.0124,5666
0.0423,3873
-0.0325,6002
-0.665,10635
-0.695,8277
-0.072,7731
0.0206,4454
-0.23,10814
-0.0415,6276
-0.0684,8452
0.0719,4291
0.0586,3724
-0.218,10784
-0.251,8557
0.513,272
0.0825,3384
-0.173,8915
-0.142,8363
0.257,320
-0.146,7789
-0.123,7170
-0.15,6353
-0.208,8495
-0.0923,8649
0.235,1449
0.0146,4894
-0.125,8983
0.301,436
0.354,1745
-0.318,10676
0.0503,4121
0.203,1308
-0.0442,6727
0.426,1610
1.22,618
-0.0337,6593
0.134,1282
-0.0983,8103
0.0404,4238
-0.365,10843
0.214,2106
-0.158,9856
-0.0224,5930
0.161,1767
0.0424,4549
-0.114,8209
0.0499,3707
0.117,2146
0.0704,2411
-0.117,8350
0.367,950
0.0757,2413
0.286,746
-0.1,7032
-0.0298,6432
-0.0954,7542
0.0426,4261
-0.00695,5546
0.115,3666
-0.271,10447
-0.215,9370
0.313,477
0.432,1286
0.472,447
-0.0642,6807
0.0468,3648
0.546,502
-0.703,10961
0.357,736
0.272,1413
0.617,66
-0.00096,5494
0.185,1771
0.161,2811
-0.136,9983
0.0129,4772
0.0121,5077
0.125,2799
0.101,1905
0.0608,4108
0.0427,4507
-0.123,8658
-0.426,10552
-0.0367,6523
-0.0409,6618
-0.0473,9604
0.00244,4758
-0.0245,8240
0.0228,1629
0.00529,4480
0.0558,4221
-0.143,8550
-0.66,10258
0.874,1595
0.967,1529
0.0061,4994
0.00141,5365
-0.574,10154
0.184,2274
0.415,1543
-0.0152,5889
-0.012,5386
-0.854,8925
-0.283,10646
-0.152,7886
0.0476,2943
-0.102,7815
-0.0223,5800
0.0347,4839
0.0379,4665
0.268,2458
0.0981,3400
-0.178,9518
0.162,2447
-0.74,10025
0.149,3036
0.45,350
-0.133,5052
-0.0476,6483
-0.0201,6171
0.171,2539
-0.0314,6328
0.058,3544
-0.244,10940
0.173,2493
0.355,1130
-0.163,9507
-0.0517,5541
-0.43,10993
-0.00867,5828
0.0271,3885
0.0494,3929
0.035,4242
-0.00773,5700
0.0813,4017
-0.21,9541
-0.021,5806
-0.198,8876
-0.0727,7188
-0.017,5801
-0.123,9361
-0.118,9420
-0.0126,5598
0.14,2071
-0.102,8884
-0.251,8987
-0.269,8581
-0.166,9279
-0.106,8232
-0.873,10507
0.229,591
-0.168,8019
-0.00854,5421
-7.24e-05,5449
0.232,1144
-0.244,8852
0.0537,3709
0.221,2215
-0.0412,6343
-0.148,9843
-0.113,8729
-0.203,10341
-0.218,9929
-0.326,10605
-0.153,7417
0.22,297
-0.00499,5538
0.42,1877
0.0088,4991
-0.0533,6965
0.0209,4919
-0.0659,7224
0.0182,4846
0.145,3530
0.225,3577
0.0253,4510
0.291,2961
-0.149,8772
-0.0145,6135
-0.258,9076
-0.184,10001
0.487,557
0.0818,2053
0.0551,3869
0.172,1024
0.68,1221
-1.14,10563
-0.978,10321
-0.366,10432
-0.0872,7173
0.224,1340
-0.15,6588
-0.0982,7970
-0.162,9933
-0.0059,5769
0.196,1138
-0.0713,7039
0.15,2400
0.22,996
0.128,2546
0.0432,4160
0.044,4131
-0.342,10285
-0.184,9967
0.124,3068
-0.0286,5758
-0.146,8456
-0.0625,7270
-0.318,8901
0.493,542
0.0342,4589
0.225,1634
0.29,428
0.0802,3247
0.18,2178
-0.208,10070
0.0991,3164
-0.00864,5869
-0.073,7739
-0.0166,6344
0.115,3085
-0.0415,6520
-0.064,6524
-0.189,10947
-0.231,9675
0.0532,3445
-0.368,8724
-0.259,9391
-0.242,8871
-0.392,10618
-0.175,10627
-0.0892,7296
0.525,1362
-0.133,8422
-0.0078,5504
0.242,2391
-0.136,9589
-0.00598,5463
-0.423,10378
0.11,3020
0.262,987
0.0429,4518
-0.0869,9262
0.0786,2984
-0.0998,6753
-0.0692,7675
0.082,3920
0.535,779
-0.382,10539
0.0522,4662
0.245,1117
0.228,1388
0.137,1273
-0.025,5883
-0.307,8836
-0.00105,5038
0.124,3603
-0.0708,7945
-0.0393,6231
-0.0914,8368
0.126,3506
0.157,3202
1.43,593
-0.0241,6322
-0.077,7688
0.308,2241
0.232,1041
0.0544,4468
-0.202,10151
-0.0457,7325
-0.0146,5921
-0.108,10031
0.106,3454
0.189,548
0.0445,3857
0.0449,3813
0.0614,3456
0.41,332
0.0205,4603
0.353,1127
-0.0262,5433
0.158,2004
0.118,2748
-0.282,10583
0.0608,4174
-0.0528,6443
-0.0764,6969
-0.0126,5634
-0.163,9725
-0.00043,5148
0.31,1306
0.23,2204
-0.171,9220
-0.142,9174
-0.399,10372
-0.177,8357
0.102,2491
-0.283,10263
0.255,557
0.0387,2538
-0.0574,6208
-0.827,10791
-0.319,8479
0.157,1929
0.0139,4853
0.191,1162
-0.217,9053
-0.281,10801
-0.237,7446
-0.16,10084
0.0337,4529
-0.135,10032
0.0868,3587
0.411,690
0.331,2520
0.357,1174
-0.405,10259
0.206,1009
0.0658,4157
-0.0385,6267
0.143,2871
-0.43,10553
-0.12,9049
-0.154,9390
-0.619,10755
0.0442,4417
-0.00249,5288
0.00782,5119
0.0146,4626
0.113,2541
0.191,2195
-0.00851,5287
-0.211,8819
0.00121,5031
-0.105,7748
-0.112,8470
-0.134,8611
-0.412,10697
0.178,675
-0.264,6831
0.0399,3399
0.15,1761
0.612,124
-0.157,7970
-0.0616,5750
-0.491,11028
0.343,651
-0.21,8443
0.255,1621
0.0385,4287
0.0632,2858
0.0549,3841
-0.224,10752
0.138,1747
0.0683,3109
-0.0316,6410
0.191,1837
-0.229,9909
-0.106,9323
-0.182,9950
0.146,1593
0.0171,4830
-0.00592,5605
0.201,2049
0.0916,2789
0.22,360
-0.213,6847
0.163,2275
0.161,1808
-0.28,9450
0.0293,4644
0.00264,5359
-0.113,7559
-0.386,11020
1.11,1244
-0.00975,5311
-0.254,10488
0.159,2076
0.0209,4450
-0.0951,7119
-0.0634,7231
0.133,2442
0.208,739
0.0607,4309
0.158,2519
-0.116,8122
-0.0495,6949
0.0467,3369
-0.0791,7699
0.203,1724
-0.304,9693
0.136,2393
-0.0413,6759
0.102,2268
0.0381,4102
0.212,748
0.026,4579
-0.141,6433
-0.14,10288
-0.0486,7138
-0.0347,6053
0.00926,4848
-0.0884,6456
0.506,204
0.285,1143
-0.048,6584
-0.357,10759
0.0103,5158
-0.0504,5546
0.472,493
-0.175,10268
0.00238,5334
0.00257,5127
-0.221,10101
-0.0857,7499
0.132,3176
-0.0825,8045
-0.0564,7544
-0.236,9333
-0.172,8863
0.29,1248
-0.507,10150
0.0109,4918
0.00595,5093
0.0606,3919
-0.327,10445
0.0557,3363
0.379,1217
-0.0965,9781
0.373,479
-0.0768,6820
0.641,672
-0.0315,4685
0.19,1774
0.202,1326
-0.106,8794
0.0599,3723
0.318,136
0.135,3501
0.104,3329
-0.0139,5821
-0.138,9763
-0.091,6880
0.606,162
0.025,4401
-0.0108,5576
-0.0122,5609
-0.0913,7893
0.143,3054
0.0609,3918
-0.138,8825
0.892,954
-0.0233,5673
0.252,1480
0.167,1766
-0.16,9092
0.0458,3156
-0.0689,6501
-0.0627,8399
-0.354,10445
0.0757,3833
0.138,2253
-0.439,7045
-0.383,10448
-0.152,10356
0.0987,2561
-0.275,10889
-0.11,7346
0.518,286
0.0157,5026
0.0142,4970
-0.0656,7605
-0.196,8392
-0.014,5574
0.0322,4584
0.341,692
-0.116,8044
0.221,762
0.21,1755
0.114,3431
-0.15,8912
0.0631,3052
0.0308,4582
-0.0762,6905
0.218,1754
-0.132,8305
0.0136,5014
0.0405,3564
0.236,690
-0.108,7846
0.268,365
0.344,1293
-0.0805,8049
-0.0661,7558
-0.25,10973
0.276,217
-0.0656,5803
-0.142,8685
0.0377,4048
0.121,1877
0.716,31
-0.0713,5915
0.047,4426
0.0195,4707
-0.118,6149
0.34,154
-0.0604,6813
-0.00797,5506
0.0754,3770
-0.0719,6909
-0.195,9260
0.373,829
0.011,4954
0.123,2063
-0.427,10982
0.0698,4117
0.0964,3840
0.16,1775
-0.079,8931
0.137,2037
-0.00413,5243
-0.0877,7218
0.455,68
0.0403,3607
-0.103,8959
-0.0376,6460
-0.5,10794
0.629,1612
0.328,2227
0.0453,4299
-0.0132,5648
0.251,1407
-0.216,10889
-0.179,8308
-0.286,10113
0.592,119
-0.0674,6956
-0.118,8482
0.199,2684
-0.0583,7419
-0.151,7585
0.129,1577
-0.0188,6253
0.155,1420
-0.223,9079
0.0837,3171
-0.514,10797
-0.0918,9610
-0.0815,7701
-0.237,9916
-0.197,9813
0.00902,5162
0.236,1971
-0.187,9450
0.405,1258
0.532,133
-0.323,10116
-0.14,7730
0.567,2032
-0.072,7011
0.0269,4927
-0.25,10426
-0.0418,6580
-0.267,9777
-0.1,6094
0.014,4990
0.0909,3452
0.233,1118
0.0935,4151
0.0503,3625
-0.136,8196
0.149,422
0.144,1710
0.0856,3612
-0.0445,6583
-0.121,6812
-0.176,9606
-0.0417,7794
-0.0941,7107
0.278,625
-0.2,8299
0.156,1635
-0.157,10211
-0.0052,5708
-0.0466,6210
-0.0678,7472
0.0705,3174
-0.0786,8116
-0.178,10593
-0.117,9248
-0.308,10878
-0.174,7454
-0.0312,5732
-0.0909,8515
-0.289,10709
0.0398,4229
0.0989,3045
0.24,2155
-0.389,10075
-0.0952,7088
0.0859,2579
0.0377,4247
0.0416,4185
-0.0536,7070
0.301,2449
-0.0985,9021
-0.072,7830
-0.0866,8301
-0.0248,5705
-0.0985,8640
0.0811,3775
0.133,2506
-0.0631,8308
0.0675,3008
0.0856,3528
-0.0596,7358
-0.19,9280
-0.0189,5451
-0.141,8590
-0.0983,9205
0.226,1660
-0.0599,7145
-0.487,10914
-0.352,10521
-0.19,9770
-0.0816,8957
-0.189,10199
-0.264,10695
-0.243,9806
-0.148,8765
0.294,100
0.014,4904
-0.125,8182
0.175,1612
0.111,3002
-0.413,10879
0.0231,4542
0.106,2661
0.228,1426
0.0666,3411
-0.0891,7704
-0.0274,5682
0.0259,5011
0.059,3642
0.0933,2987
0.436,1662
0.104,2546
0.0307,4495
-0.203,10643
-0.103,4840
0.0371,4650
-0.6,10073
0.249,3349
0.222,771
-0.297,10383
-0.349,8595
-0.106,7838
-0.226,9970
-0.0473,6180
-0.0952,7604
-0.00369,5685
0.0632,4144
0.381,959
-0.0517,6400
0.26,1835
-0.0914,8294
0.246,182
-0.0472,6142
-0.113,8204
-0.174,8253
0.0512,3436
-0.253,8552
-0.0972,8254
0.288,2109
-0.148,9956
-0.0753,6617
0.175,1348
0.0775,2185
-0.011,5550
0.0495,4079
-0.206,10075
0.227,2993
0.221,2944
-0.0803,8419
-0.138,10505
-0.132,7669
-0.119,8454
-0.529,10632
0.82,1255
-0.116,9320
-0.217,10113
-0.0334,6146
0.104,2263
0.0531,4199
-0.0642,6711
0.0143,4938
-0.0706,8600
0.0228,4502
0.14,1966
0.0777,3383
-0.127,9238
0.025,3720
-0.153,9512
-0.461,10748
0.008,5176
-0.238,9104
-0.0307,6259
0.0497,3494
-0.0406,6839
0.286,733
0.0209,5123
0.068,3096
-0.228,8798
-0.0717,8319
-0.138,8798
0.00386,5146
0.0914,3803
0.0285,1163
0.0197,4822
0.13,2037
-0.159,6942
-0.301,10048
0.00305,5050
-0.14,8095
2.16,20
-0.233,10002
-0.00999,5334
0.175,2908
0.152,966
0.35,1180
0.0812,3883
0.135,2921
0.17,1673
-0.261,9903
0.153,881
-0.156,9545
0.242,1933
-0.261,8052
0.00786,4680
0.139,2257
0.27,399
-0.0826,7914
0.0844,3103
0.036,4706
-0.381,9926
-0.204,9140
-4.76e-05,5316
0.0565,3904
0.194,1017
0.079,3459
0.0665,3624
0.104,3963
-0.013,5838
-0.0862,9200
-0.0544,6924
0.157,2033
0.248,500
0.108,3773
-0.34,10170
-0.374,11016
0.0153,4833
-0.242,10040
0.208,1299
-0.13,7082
-0.00123,5528
0.162,1038
0.0661,3746
0.378,691
0.00494,5075
-0.153,6498
-0.0631,6823
0.118,3401
-0.146,9118
0.0486,3960
-0.0158,5377
-0.0604,6713
0.184,804
-0.0096,5792
-0.0379,5959
0.128,2372
0.161,2491
-0.189,7717
-0.0549,6788
0.0532,2448
-0.00669,5143
0.0395,4316
-0.07,6633
0.207,3030
-0.08,8102
0.11,2465
0.171,1614
-0.17,9385
0.112,2910
-0.257,10404
0.0467,2846
0.164,104
0.312,168
-0.163,9586
-0.328,8195
0.175,1256
0.0956,2044
-0.181,8417
-0.17,8392
-0.253,8710
-0.223,8098
-0.0388,6065
0.374,470
0.0194,4767
-0.246,10258
-0.115,9244
-0.0804,6488
0.0671,3661
-0.312,10791
-0.0591,7407
-0.367,10544
0.271,928
-0.365,10915
-0.0942,7782
-0.0677,8774
-0.0595,7808
0.37,1371
-0.0971,5973
0.428,1347
-0.0603,6353
0.125,3384
-0.106,8785
-0.12,9103
0.0773,3213
-0.29,10436
0.312,670
-0.189,9906
-0.21,9034
-0.377,9710
-0.393,9674
1.53,141
0.165,2253
0.0119,4817
-0.152,8404
-0.175,8195
-0.23,11025
0.638,579
0.0961,3997
0.0658,2686
0.199,1234
0.0639,3756
0.135,3723
0.167,3510
0.339,853
-0.0952,8354
0.216,638
0.497,560
0.275,2766
-0.00175,5379
-0.0723,7983
0.305,401
-0.0949,8058
-0.0634,8239
0.149,1754
0.0528,4036
0.0153,4807
0.0705,3284
-0.144,9140
-0.0973,6991
0.0754,3476
-0.0263,5467
0.277,2691
0.137,2486
-0.281,10133
0.219,1470
-0.261,10672
-0.518,10783
0.137,2610
0.0199,4699
-0.0343,7215
-0.122,6497
-0.452,9592
0.164,3232
0.36,1418
0.03,4218
0.184,603
-0.0174,5767
-0.293,9851
0.237,991
0.185,2020
0.0221,4424
0.314,456
0.0853,3595
-0.0349,6160
0.137,1911
0.0401,4296
-0.0818,7220
0.0504,3859
0.207,1141
-0.28,9494
-0.0486,6760
0.051,4264
0.0361,4205
-0.0754,8463
-0.0642,7141
-0.246,9156
0.146,3683
-0.845,10890
-0.104,7824
0.117,2285
-0.234,8916
-0.0928,6599
-0.0885,8167
-0.151,9699
0.161,1069
-0.0308,6558
-0.0174,6231
-0.0942,7242
0.0852,3404
0.0261,4719
0.145,1504
-0.179,10105
0.0346,4198
-0.192,9793
0.186,237
0.184,3030
-0.00164,5279
-0.214,10236
0.282,1497
-0.0236,5463
0.12,2370
0.773,40
0.261,187
0.0652,4630
0.159,1702
0.0877,3465
0.0707,4185
-0.18,8221
0.328,75
0.0049,5280
0.263,226
-0.0588,6961
0.228,1982
-0.0529,7131
0.024,4569
-0.121,7358
-0.552,10538
-0.117,8723
-0.358,10801
-0.102,8069
0.174,2156
-0.0589,7873
0.0947,3423
0.00403,5118
0.236,885
-0.187,9966
0.313,925
-0.0969,7685
-0.0262,5680
0.0803,3906
0.422,1368
-0.000499,5400
0.603,35
-0.0621,7063
0.0832,3203
-0.0951,7531
0.0242,5005
0.0343,3746
-0.0484,7082
0.393,1240
-0.052,7414
-0.334,9516
0.255,2388
-0.123,8499
0.0765,3449
0.119,1101
-0.197,9850
-0.142,9332
0.00442,5032
-0.0187,6076
-0.148,10097
0.0674,4043
-0.152,8168
0.164,2164
0.201,2344
0.103,3112
-0.212,10714
-0.113,7622
0.278,754
-0.242,9919
0.0359,4779
-0.0227,5766
-0.0192,5922
0.285,2558
0.133,1734
-0.0119,5579
0.235,1567
-0.0103,5431
-0.0668,7455
0.0344,4130
-0.0568,6342
-0.101,7090
-0.0057,5367
0.0634,3287
-0.0862,7671
-0.123,9321
-0.27,8763
0.158,3005
0.395,411
0.059,3902
-0.238,10787
-0.476,8977
0.523,458
-0.502,10830
-0.518,7059
-0.203,9847
-0.124,6056
-0.0819,7204
-0.0139,5109
-0.126,8575
-0.0571,6808
0.129,1643
0.0714,2927
0.0461,4492
0.163,2079
-0.187,9479
0.0684,2650
-0.0147,6114
0.0194,4887
0.329,1089
0.16,2791
0.308,1541
-0.287,10513
-0.0713,9205
-0.031,6255
-0.0773,7164
-0.164,6783
-0.244,9999
-0.291,9499
0.0374,4344
-0.0376,6615
-0.277,9877
-0.131,8084
-0.0329,6147
0.00244,5340
-0.124,9090
-0.237,8974
-1.05,10438
0.431,211
-0.178,9962
0.169,1478
-0.0684,6460
0.17,2062
0.0631,4032
-0.346,10827
0.0374,4625
0.152,1140
0.0171,4617
-0.221,9627
0.0865,3535
0.028,4773
0.0872,3536
0.0407,4322
0.401,63
-0.533,10396
0.255,1558
0.385,827
0.756,858
0.00434,5147
-0.0522,6533
-0.0473,6492
0.115,3061
0.437,347
-0.0861,5663
0.102,2352
0.263,758
0.139,3786
-0.64,8998
-0.218,10513
-0.471,8828
-0.125,9999
-0.123,9342
0.666,1533
-0.489,10319
0.256,1778
0.00369,5252
0.27,1154
0.0498,3602
-0.013,5776
0.344,729
0.772,278
-0.359,10747
-0.0191,6134
0.201,1333
0.316,1263
0.0593,3631
0.0985,3155
0.132,1223
-0.0294,6105
0.179,1992
-0.118,7117
0.217,943
-0.0889,7123
-0.111,9257
-0.456,10703
-0.204,8563
-0.00631,5370
-0.0203,5302
-0.00616,5408
-0.0295,6079
-0.163,9819
-0.00346,5157
-0.334,10232
-0.121,8382
-0.0013,5249
0.0457,2247
-0.0394,7888
0.12,3358
0.242,1037
-0.239,10920
0.152,2336
-0.045,7095
0.123,1470
-0.266,7259
0.0227,4996
0.326,2445
0.107,2911
0.344,699
-0.0243,5740
-0.00903,5474
0.288,1594
-0.152,8069
0.107,2908
-0.00329,5490
-0.15,8532
0.126,3002
-0.25,8498
0.065,3987
-0.0157,5771
0.0223,4699
-0.111,7508
0.143,621
-0.0685,7380
0.156,2445
-0.0359,5996
0.234,634
-0.219,10477
-0.0293,6060
-0.106,7604
-0.745,10894
0.0831,2316
-0.0819,7563
-0.122,9102
0.354,511
-0.00145,4954
-0.285,10638
-0.353,10104
0.0855,2959
0.304,766
-0.0578,6921
0.221,915
-0.0833,8683
0.102,2722
-0.0489,6743
-0.161,9438
0.221,1489
0.00091,5210
0.00188,5515
-0.301,10826
-0.0131,5995
-0.0974,8901
-0.24,9717
-0.0526,6095
0.0538,3114
-0.000711,5434
-0.0809,7488
-0.263,10455
0.167,1831
-0.0519,6261
-0.277,9727
0.189,2904
-0.197,9639
-0.087,8628
-0.187,8957
0.732,919
0.178,2570
0.122,3013
-0.035,5927
0.197,1440
0.202,1685
-0.499,9718
0.00935,4913
-0.267,9388
0.158,2347
0.157,1126
-0.436,9563
-0.0732,7304
0.0328,4465
-0.377,9652
0.0548,3516
0.0553,4217
-0.23,10085
-0.0958,7496
0.0124,4664
-0.364,10064
0.205,273
0.038,3899
-0.249,9228
0.267,1825
-0.0112,5465
0.175,847
-0.0235,6496
0.0276,4078
-0.0848,8164
-0.0544,6267
-0.0644,7576
0.0164,4912
-0.166,10049
-0.176,8673
0.213,921
0.0962,3351
0.19,2514
-0.0993,8788
-0.258,10528
-0.188,9063
0.788,200
0.0237,4410
-0.555,10787
0.0778,3702
0.0197,4513
-0.0822,6822
-0.183,9194
0.0782,3002
-0.0663,7558
0.306,745
0.1,1821
-0.0298,5940
0.105,3199
0.00983,4816
-0.198,8452
0.798,427
0.149,1682
-0.159,10337
0.159,672
0.0619,4185
-0.0198,5490
0.0525,4288
-0.0847,7526
-0.156,9390
-0.209,8600
-0.159,9043
0.278,1969
-0.315,9490
0.15,1410
0.00242,5249
0.388,640
0.0131,5134
0.309,1513
-0.192,7061
0.109,1430
-0.134,7812
-0.207,9439
-0.167,10165
0.2,1757
-0.297,8408
-0.323,10514
-0.0565,6329
0.0974,2837
-0.238,9780
-0.119,7536
0.00959,5029
0.0566,3577
-0.221,8686
-0.0388,6122
0.0754,2852
0.41,1273
-0.0328,5839
-0.0025,5608
-0.126,9495
-0.0181,5808
0.272,222
-0.16,9086
-0.0701,7683
-0.207,9370
0.012,4820
-0.0482,6742
-0.272,9843
0.31,1258
-0.0841,7889
-0.0918,7754
-0.0864,7224
-0.503,10488
0.111,3134
-0.0852,7662
-0.102,6082
0.169,939
0.111,2137
0.186,457
0.0099,5184
0.322,318
0.0362,4660
-0.0147,5443
0.221,2106
0.124,2076
0.263,1498
0.249,2044
0.162,2061
-0.457,10793
-0.061,9464
0.0115,4976
-0.0438,5946
-0.00547,5406
0.218,2002
-0.0887,7288
-0.0443,6188
-0.258,10279
0.181,2533
0.368,101
0.257,321
-0.114,8669
0.0867,2850
0.128,2622
0.00305,5376
-0.277,8857
0.138,2700
-0.15,10236
-0.0758,8638
0.526,370
0.0466,3688
-0.247,9782
-0.0219,6649
0.183,2030
0.0592,3095
-0.0347,6417
-0.139,8739
-0.392,10119
0.361,1340
0.143,3099
-0.039,5969
0.119,2130
0.305,1023
0.451,2528
-0.336,10361
0.0182,4759
0.0821,3295
-0.289,10211
0.11,1972
-0.124,9276
-0.0851,6329
-0.0266,6774
0.0451,2846
0.043,4338
0.0918,3746
0.126,762
0.314,2701
0.0791,2505
-0.0782,8368
0.236,1557
0.0164,4617
-0.375,9426
-0.0128,5380
0.0437,3964
-0.198,10249
0.292,423
0.047,4115
-0.0258,5659
-0.0543,6277
0.0132,4798
0.0129,4854
-0.149,8881
0.0993,3613
0.12,3704
-0.353,10683
-0.118,9823
0.0192,5049
-0.115,9387
-0.0903,6510
-0.185,7612
0.0527,4054
0.0227,4528
0.0449,3155
0.0791,3804
-0.586,10728
-0.434,10894
-0.164,7606
-0.0703,6517
0.288,925
0.2,1913
-0.066,7188
0.597,325
0.0411,4321
-0.101,8692
-0.36,10075
-0.186,8558
0.0792,2614
-0.27,8571
1.26,5
-0.0508,7549
0.353,430
-0.195,8781
0.0202,4969
-0.00979,5432
0.61,282
-0.107,8074
0.0554,4096
-0.12,8421
-0.0545,5842
1.29,1197
-0.274,9367
-0.105,8174
-0.307,10192
0.304,555
-0.0333,6131
-0.0296,5769
-0.0318,6118
-0.136,8476
0.0109,5102
0.136,1992
0.166,3582
-0.245,9369
0.0316,4610
-0.0421,6244
0.0626,2503
-0.269,9719
0.0193,4864
-0.127,9559
0.235,1760
0.0394,3572
0.0385,3717
0.21,2992
0.218,1427
0.079,3560
-0.403,10655
0.118,2971
0.0645,3882
-0.153,8305
0.171,2688
0.23,1976
0.741,195
0.134,2382
-0.107,9106
0.0537,4288
0.0917,3294
0.174,2648
-0.775,10667
-0.0863,8450
0.0752,2845
-0.449,10804
0.0727,3118
0.433,323
0.00227,5131
0.532,20
-0.00906,5665
0.515,84
0.108,2498
-0.148,6956
-0.0111,5604
-0.0447,6485
-0.196,10272
0.289,1137
0.518,359
-0.13,7139
-0.373,10981
0.165,1076
0.158,539
-0.316,10310
0.252,1873
0.767,914
-0.485,8443
0.0207,4533
-0.0712,8296
0.135,3200
0.211,1182
0.155,1740
0.0699,4100
0.107,2518
0.0609,3092
0.105,2999
-0.0804,6414
0.569,18
-0.12,6853
0.223,155
0.0401,4355
-0.238,7650
-0.0772,6868
0.0289,4542
-0.288,9690
-0.254,10754
-0.159,9675
-0.00309,5549
0.267,1108
-0.608,10878
-0.157,8725
0.0513,3287
0.239,3118
-0.162,10242
0.247,1426
-0.167,7606
0.426,1148
0.13,2033
0.124,1585
0.137,3072
-0.121,8227
-0.141,8096
0.00292,4887
-0.192,8582
0.0195,4969
0.0224,4763
0.311,702
-0.327,9894
0.222,864
-0.0855,7922
-0.155,8333
-0.421,11034
-0.0824,7244
-0.297,10626
0.239,2129
-0.14,9162
-0.34,9401
0.277,869
0.0937,3569
-0.0312,6065
-0.41,10930
-0.252,10848
0.241,1731
-0.133,8428
-0.358,9523
0.0504,3062
0.349,471
-0.0971,8533
-0.419,10862
0.173,2129
0.0772,3503
0.298,762
0.011,5076
0.0498,4223
-0.0533,6363
0.401,537
-0.306,10659
-0.0325,6521
-0.166,9018
-0.0616,8350
0.42,481
-0.249,9971
0.0582,3772
0.0569,3626
0.175,755
0.189,589
-0.226,9402
-0.229,10037
0.284,1865
0.139,1867
0.0393,4147
0.216,668
0.257,1013
-0.127,8397
-0.0152,5284
-0.315,9005
-0.224,10299
-0.136,9930
-0.0351,6513
0.0092,5130
-0.66,10644
0.206,2988
0.0134,4895
0.166,510
-0.000235,5688
-0.174,8750
-0.0796,5637
0.0317,4285
-0.049,6823
-0.0182,5963
-0.0124,5511
0.287,1365
-0.157,9867
0.00683,5210
-0.0668,8215
-0.224,10330
0.146,1863
0.0241,4633
0.109,2618
-0.177,9875
-0.283,10436
0.133,1942
-0.193,8059
0.231,1020
0.326,1226
0.14,3108
-0.277,10415
-0.156,8489
-0.0677,7153
0.464,1545
-0.0864,5196
0.329,586
0.0594,3766
0.209,2294
-0.476,9886
0.0145,4432
-0.0643,7310
-0.307,10797
-0.25,10900
-0.0202,6108
-0.115,8017
0.263,538
0.0809,3686
0.0498,3904
0.155,1650
-0.326,10551
0.228,1275
0.228,1397
0.0661,3986
0.275,1576
-0.11,7318
0.222,1352
-0.215,10259
-0.145,6285
0.00676,4841
0.0806,4158
-0.0318,6306
-0.116,8802
0.593,175
-0.0154,6133
0.0731,4156
0.127,1072
-0.143,9152
-0.0137,6153
-0.11,6839
-0.0432,6121
0.0648,2372
0.024,4860
0.225,528
0.234,1331
0.0593,4145
-0.0889,7567
0.188,2903
-0.2,7537
-0.0534,6899
0.127,1584
-0.138,9134
-0.0896,9316
0.0693,3005
-0.0947,8293
0.159,3124
0.0984,2648
-0.194,10115
-0.0131,5548
-0.0328,5957
-0.292,10483
0.252,1462
-0.0498,6361
-0.172,8111
-0.128,5850
0.0908,2268
-0.0143,5637
0.0937,3418
0.0494,3847
0.15,1058
0.0168,4751
0.136,2445
0.0368,4391
-0.101,7388
-0.0822,6773
0.126,2156
-0.0968,7494
-0.254,10306
-0.187,8451
-0.142,9099
0.0721,2539
-0.133,9287
-0.0702,7102
0.107,2866
0.657,167
0.0727,3997
0.0363,4742
0.29,142
-0.0455,6861
0.0321,4439
-0.024,5744
-0.382,10823
0.05,3770
0.0804,3229
-0.0953,7204
0.209,1555
-0.16,9191
-0.322,9904
0.294,174
-0.102,8394
-0.0791,8951
0.0255,4779
0.00907,5348
-0.0456,6137
-0.181,8503
0.014,5035
-0.00175,5106
0.0622,3956
-0.00943,5786
0.127,1968
0.531,236
-0.0992,9596
-0.0901,8623
-0.0667,6298
-0.478,10710
-0.235,9716
0.0132,5039
0.207,33
0.00441,5402
0.0624,4054
0.0367,4797
-0.223,10457
-0.0361,6290
-0.263,9765
-0.0675,7139
-0.737,10049
-0.101,6015
0.0493,4343
-0.423,10236
0.826,968
0.0778,2941
0.175,2375
-0.263,9984
-0.647,7908
-0.465,10315
0.0419,4244
0.0137,4854
-0.154,8401
0.228,977
0.0761,3214
-0.234,9312
-0.267,10718
0.403,45
0.202,2312
-0.294,10194
-0.131,6884
-0.128,9442
0.213,1250
0.0697,3387
-0.312,9779
0.529,924
0.17,2622
0.229,150
-0.0606,6386
-0.0933,8433
-0.432,7584
0.104,3208
-0.345,10569
0.00153,5105
-0.139,9277
0.0189,4755
-0.0642,6704
-0.0171,5540
-0.0893,6472
0.0558,4347
-0.131,8608
0.09,973
0.0368,4188
-0.276,9620
-0.0967,6645
0.611,260
0.119,1717
-0.0872,7775
0.199,2007
-0.271,8259
-0.0678,7130
1.12,2
-0.184,9191
0.106,2030
0.0189,4797
0.155,2656
0.0875,2717
0.126,3624
0.213,644
0.101,2110
0.0478,4502
-0.18,9371
0.134,3183
-0.141,8277
0.146,2662
0.194,2423
-0.152,8923
-0.0942,6947
0.266,1281
0.372,2059
0.00121,5124
0.0576,3803
0.175,1657
-0.243,10198
0.213,1561
-0.139,7810
0.0174,4730
0.0519,2803
-0.0191,5715
-0.206,8839
0.166,3674
-0.185,8486
0.0849,3022
-0.0614,8017
0.263,737
-0.335,9526
0.251,1668
-0.0245,5488
-0.305,10136
-0.0402,5645
0.0807,2959
0.148,2692
-0.546,9746
0.266,181
-0.0963,9137
-0.187,9987
0.0355,4363
0.0208,4854
0.0431,4190
0.0867,3263
-0.0319,5937
-0.0393,6910
0.326,1076
-0.0242,5867
-0.0183,5630
-0.151,8204
-0.0681,8207
0.103,1993
-0.256,9601
-0.0267,5811
-0.256,7587
-0.00143,5174
-0.207,10104
-0.0945,8235
0.292,1302
-0.0831,7306
0.551,474
0.708,48
0.029,3781
0.0905,2311
0.588,75
-0.0677,6987
0.00918,5193
-0.0594,6648
0.0978,3017
0.0583,3497
-0.0994,8279
-0.132,6426
-0.2,7670
-0.046,6255
0.161,1458
-0.0965,7831
-0.185,10149
-0.337,10564
0.0797,3212
-0.214,9445
0.0714,3085
0.0205,4532
0.228,1162
0.275,836
0.179,1757
0.047,4166
-0.15,10705
-0.281,10343
0.156,2802
-0.156,8070
0.164,3109
-0.842,10970
-0.123,8726
-0.096,7643
0.106,3363
-0.0945,7700
0.18,2195
-0.287,10438
0.0654,3099
-0.0999,9093
-0.268,10595
0.00574,4906
0.0674,4057
0.0449,3988
-0.169,10898
0.409,64
0.243,1161
0.0862,3312
0.123,2098
-0.261,10056
0.318,1000
0.0778,2212
-0.0663,7179
0.0747,3627
-0.0392,6162
-0.00307,5071
-0.0218,6184
0.11,1888
0.0996,3331
-0.279,10359
-0.0712,5830
0.443,1145
-0.178,9895
-0.00337,5627
-0.166,10202
-0.0819,7804
-0.187,9116
0.0162,4921
-0.0475,7281
0.0248,4475
-0.014,5733
0.199,2329
0.0585,4143
-0.307,10289
-0.137,8864
0.268,877
-0.119,7961
-0.0894,6146
0.0577,3886
0.199,3275
0.0359,4719
-0.108,7994
-0.159,8669
-0.109,7900
0.489,510
0.138,2711
-0.0164,6103
-0.0718,8787
0.0516,4132
0.118,2782
-0.409,10924
0.679,1438
-0.101,7406
0.0551,3645
1.06,76
0.564,427
-0.354,10858
-0.0658,7272
-0.329,10414
0.0276,4805
-0.0313,6350
0.0156,5163
0.0777,3516
-0.0107,5347
-0.0225,6122
0.0718,3220
-0.0441,6301
0.0139,4660
0.142,3163
-0.0971,6388
-0.00741,5456
-0.0148,6264
-0.259,8890
0.128,2609
0.00614,5292
0.0163,4848
-0.0193,6213
0.0843,3137
-0.19,9589
-0.186,9287
0.111,3556
-0.0227,7111
0.03,4075
-0.0645,7046
-0.339,10035
1.14,51
-0.452,10804
0.431,1159
-0.000129,5524
0.216,834
0.117,2765
-0.2,8585
-0.266,9880
-0.00397,5824
0.0735,2427
0.12,1895
0.203,2217
-0.0245,6024
-0.0771,6209
-0.12,7614
0.0704,3663
-0.0467,7939
-0.252,8806
0.042,4158
0.141,3510
0.217,421
-0.0279,6780
-0.196,9970
0.149,2401
0.607,186
-0.317,10573
-0.0255,6455
-0.0198,6621
0.104,1690
-0.157,7800
1.03,765
0.407,1353
0.284,1162
-0.0441,6874
-0.0664,7616
-0.33,10662
0.0163,4817
0.0944,2938
-0.328,9619
-0.0745,8610
0.00489,4967
0.187,1680
-0.458,10980
0.409,642
0.147,1618
0.015,4702
-0.0571,7105
0.246,2541
0.0958,2838
-0.145,7674
0.353,1075
-0.192,10961
0.0925,3080
-0.073,6268
0.105,4049
0.205,2330
-0.0107,4981
0.0265,4511
0.0906,2080
-0.14,5705
-0.278,5578
-0.24,7058
0.621,905
-0.685,9500
-0.0645,7792
-0.271,9984
-0.45,10924
0.2,2622
-0.145,7922
-0.208,10460
-0.341,10830
-0.451,7400
-0.377,9193
-0.0883,5395
-0.193,8161
0.104,1932
-0.017,6182
0.467,2637
0.269,2975
0.0927,3941
-0.416,10693
0.035,4526
-0.0557,7188
-0.0819,6361
0.507,632
-0.0443,7225
-0.344,10398
0.304,503
-0.0131,5254
0.64,2073
-0.128,6139
0.285,1398
0.0911,3916
-0.121,8534
-0.0252,6023
0.173,3357
0.795,61
0.106,3135
-0.176,6385
0.117,3031
-0.191,10062
-0.28,8678
0.377,447
-0.232,8309
-0.172,6530
-0.235,10838
-0.0351,6258
-0.371,10744
-0.0933,8574
-0.296,9331
0.12,2791
-0.00647,5497
-0.0853,8320
-0.364,10580
-0.268,9770
0.0625,3800
-0.0391,5735
-0.122,8185
0.165,3039
0.313,174
0.0354,4009
-0.0551,8097
-0.05,6122
0.159,1943
0.183,1882
0.0286,4427
-0.107,9433
-0.068,7066
0.201,3122
0.74,1224
0.748,347
0.146,3467
-0.124,7027
-0.155,9159
-0.349,10832
0.113,3414
0.456,54
-0.132,8677
-0.0164,6037
0.0996,3442
-0.118,7843
-0.14,9921
0.332,1415
-0.102,8474
-0.202,9994
-0.11,6649
-0.231,10142
0.269,787
0.237,1779
0.147,1127
0.178,183
0.151,1590
0.0302,4703
-0.131,9375
-0.0841,7527
-0.173,9796
0.143,2247
0.0792,2185
-0.338,10571
-0.121,8939
-0.256,9563
0.00349,5203
-0.36,10975
0.0336,4198
0.0616,3329
-0.00927,5201
0.368,291
-0.173,10810
0.0336,2305
-0.0465,6760
-0.169,8144
-0.24,10826
-0.11,8671
-0.187,9394
0.168,1544
0.117,2960
-0.24,8827
-0.208,9430
-0.0374,6007
-0.122,8798
0.341,1458
-0.185,10167
-0.274,8767
-0.0518,5989
0.109,3239
0.103,1465
-0.0258,6383
0.113,2883
-0.0416,6321
-0.201,9001
0.269,1536
-0.0445,6626
-0.139,9132
0.244,160
0.14,2546
0.319,462
0.0537,3579
0.0749,3722
0.227,1271
-0.295,10343
0.167,2951
-0.226,8985
0.315,2279
0.118,1511
0.0685,3007
0.00329,5339
0.0484,3951
-0.381,9151
-0.149,10252
-0.152,10733
0.33,545
-0.115,7485
-0.376,9910
0.016,5023
-0.284,10568
0.0917,3644
-0.0251,6255
-0.123,8605
0.142,2803
-0.15,7001
-0.362,8963
-0.0719,7535
-0.0783,8806
0.429,1311
0.401,1408
-0.73,10715
0.133,3775
-0.0015,5278
0.125,3373
0.0703,3852
0.212,1137
0.16,2860
0.117,1398
-0.184,10208
0.132,1979
-0.108,8188
0.272,259
0.112,3975
-0.255,7933
-0.0325,7418
-0.147,7916
-0.0467,7340
-0.221,10233
0.0871,3893
0.162,2254
-0.0266,6433
-0.481,11032
0.302,481
-0.206,8833
0.0732,3377
-0.0213,6028
0.0277,4301
0.147,749
0.163,2301
-0.137,7346
-0.653,10891
-0.0862,7080
-0.0734,8198
-0.0899,6618
-0.137,9034
0.0523,3383
-0.103,6696
0.882,769
0.0663,3151
0.052,3076
0.4,723
-0.182,9098
0.125,1044
0.106,3032
-0.0661,7954
0.238,693
0.191,3263
-0.086,7106
-0.0534,6463
-0.392,10907
0.248,1555
0.0501,2601
-0.0919,7732
0.0261,4497
0.0697,3601
-0.0537,6119
-0.198,9641
0.0258,4646
-0.0898,7706
-0.0258,5994
0.00943,4931
0.53,295
0.0729,3040
-0.149,9375
0.127,2386
0.0713,3936
-0.199,8487
0.000282,5411
-0.0786,7855
0.349,832
0.126,2987
-0.134,10170
0.0699,3652
0.227,2422
-0.00936,5159
-0.0547,6849
-0.0433,5946
-0.181,9739
-0.16,7654
-0.381,10948
-0.275,10265
-0.057,6503
-0.0323,6337
-0.0222,5533
0.394,1541
0.608,289
-0.0356,6783
0.0447,4057
-0.106,7606
-0.385,10503
-0.632,9340
0.083,2154
0.144,1604
0.176,1578
-0.0338,6043
0.232,1736
-0.16,9903
0.279,1384
-0.207,10528
-0.0688,6926
0.995,40
-0.0048,5478
-0.000109,5455
0.0185,4832
-0.0157,5498
0.128,1286
-0.0391,6939
0.029,4428
-0.459,10952
0.453,208
-0.171,10183
-0.135,7505
0.311,1202
-0.249,9389
-0.365,10701
0.398,1467
0.013,4734
-0.0737,9126
-0.0228,5585
0.269,504
-0.198,9619
-0.3,10633
0.13,2657
0.0387,3260
-1.1,10886
0.577,551
0.633,1643
0.0957,3504
0.337,1077
2.66,374
0.172,1818
-0.146,8172
-0.0252,5948
-0.122,9506
-0.247,10181
0.026,4699
-0.124,8218
-0.282,10226
-0.141,8380
-0.0305,6586
0.0024,5229
-0.412,10612
-0.0856,6554
-0.332,10569
0.0133,5101
-0.212,9166
0.0575,3664
-0.0836,8437
-0.0643,7362
0.201,2347
-0.0552,7935
-0.186,10785
-0.0412,6598
0.0148,4745
0.0378,4146
-0.583,9427
-0.195,10446
-0.29,10805
0.224,1695
-0.0522,6633
-0.0268,5516
-0.302,9300
0.255,1331
0.0606,3184
0.124,2928
-0.126,7131
0.0254,4859
-0.124,8490
-0.0971,7579
-0.0299,5475
0.199,1903
0.177,2742
0.184,1420
0.0864,1873
0.112,1772
-0.0304,5588
0.599,403
0.124,3337
-0.0803,6264
-0.106,8792
0.114,3182
-0.164,9670
-0.204,9859
-0.0354,5874
0.0929,2742
0.148,1945
0.108,3389
0.191,1529
-0.126,8642
-0.178,8933
0.0538,3785
0.0163,4689
0.0753,3239
-0.121,8628
0.025,5086
-0.405,10677
-0.142,7986
-0.156,10716
-0.218,9205
0.0467,2941
-0.088,6808
0.334,777
0.161,979
-0.401,10831
-0.0024,5355
0.00354,5278
0.178,1320
0.0959,3397
-0.172,9816
-0.21,10655
-0.184,10198
0.177,1530
-0.189,7490
-0.254,10671
-0.0339,7112
-0.0532,7223
0.0587,3974
-0.25,9100
0.228,1455
-0.115,8902
-0.114,9044
0.0697,2676
0.0959,3556
-0.141,8206
0.195,2360
0.0222,4658
-0.0324,6479
0.00358,5144
-0.196,8539
-0.223,9383
-0.298,10873
-0.00246,5122
-0.0535,6745
0.0372,4218
-0.108,8093
-0.0864,7415
-0.107,7310
-0.0729,9030
0.139,2116
0.104,2774
1.02,142
0.563,499
-0.266,9067
-0.00442,5354
-0.0387,7146
-0.187,8466
0.958,10
-0.13,7142
0.473,1682
0.0261,4645
0.119,1892
-0.036,6360
-0.211,9147
0.0784,3741
-0.0753,6266
-0.0438,7083
0.158,637
-0.522,9156
-0.0597,6314
0.039,4335
0.0148,5020
0.0922,1739
-0.058,7183
0.00059,5311
-0.142,7966
-0.116,8903
-0.403,10003
0.00644,5310
-0.118,8946
-0.117,9523
-0.0931,7790
0.239,841
-0.143,7627
0.116,1295
-0.184,10725
0.125,1786
0.0348,4694
0.0621,4041
0.0781,3894
-0.245,8756
0.0722,4026
-0.185,8233
-0.0415,6630
0.083,3473
-0.124,7125
-0.198,9746
-0.0327,7057
0.0165,4810
-0.0275,6204
0.0174,4890
0.338,754
-0.205,8720
0.242,305
0.0367,4015
-0.269,10465
0.232,531
-0.254,9980
-0.196,9901
0.139,1222
-0.0588,5777
-0.176,7041
0.308,1996
0.171,3459
-0.0115,5411
-0.0101,5690
0.186,1664
-0.169,8337
1.26,13
-0.0207,5358
0.0654,3476
-0.0748,7737
0.213,194
0.0415,4664
-0.229,9793
-0.181,9281
-0.0883,9019
-0.0634,8332
0.0856,3622
0.126,2036
0.747,461
-0.216,8251
0.0671,3151
-0.0251,5692
-0.31,10100
-0.2,7491
0.476,271
0.211,666
0.203,608
0.706,394
0.194,1091
0.15,1475
0.296,1583
0.176,1718
0.37,285
-0.107,8117
0.178,1062
0.0906,4172
-0.0315,5635
-0.0956,8018
-0.138,8490
-0.0189,6403
0.156,2875
0.1,2265
0.0906,3176
-0.199,10680
-0.426,11022
-0.0156,5724
-0.261,10734
0.0443,3674
-0.0201,5564
-0.165,9120
0.198,969
0.00767,4744
-0.113,6888
0.187,1282
0.311,542
0.371,687
0.0954,2809
-0.111,8213
-0.0111,5832
0.257,1691
-0.0785,7020
0.473,67
0.00299,5412
0.254,497
0.218,1948
0.535,314
0.0363,3981
0.153,2122
0.628,136
-0.0276,6096
0.364,1815
-0.129,8505
-0.319,10518
-0.218,7796
0.0453,3951
0.0275,3738
-0.0293,6899
0.127,2416
0.142,2239
-0.395,11012
-0.135,8901
-0.412,10903
-0.0657,6954
-0.48,8697
-0.337,10460
0.155,1429
-0.174,10460
-0.133,8998
-0.0468,7048
0.000434,5206
-0.428,8680
0.00132,4473
-0.0718,9112
0.178,1259
0.366,487
0.0706,3644
0.318,1205
0.21,1263
-0.16,8224
-0.0357,6190
0.316,442
0.275,1962
0.0564,3975
0.191,867
0.0272,4430
-0.143,10436
-0.178,9791
-0.111,8006
-0.29,10198
-0.0106,5244
-0.0431,6412
0.202,1763
-0.376,10794
0.0116,5006
0.291,695
0.0621,3413
-0.0935,8556
0.00239,5287
0.223,860
-0.0839,8138
-0.0354,6163
0.158,2404
0.0301,4214
-0.0347,7866
0.261,747
-0.0382,6268
0.0668,4191
-0.00968,5347
-0.18,8489
-0.0505,8056
-0.284,10269
0.195,297
-0.207,10210
-0.0666,9091
0.098,3085
-0.0853,8790
-0.0511,6629
-0.0746,7855
0.616,541
-0.404,10668
0.0512,3470
-0.0944,7643
-0.343,10319
0.00144,5475
-0.0455,5572
0.019,4726
-0.264,10596
0.0827,3814
-0.052,6234
0.126,2973
-0.115,7866
0.151,2843
-0.031,5855
-0.0446,6977
-0.066,7037
-0.288,7644
0.1,3243
-0.025,6222
-0.0141,5511
0.204,151
0.441,103
-0.176,9553
0.211,2344
0.764,1646
-0.133,9350
0.0666,3057
0.072,3437
-0.0366,5452
0.0527,4195
0.0571,4193
0.197,929
-0.0278,5840
-0.228,10520
-0.0603,6616
-0.246,8874
0.317,1306
0.0429,2508
0.157,819
0.105,2895
-0.345,10340
-0.0972,7739
0.156,3215
-0.0473,6665
0.368,198
-0.12,9258
-0.0918,8012
-0.248,9231
-0.0419,5957
-0.0463,6416
-0.275,10222
-0.314,10061
0.0369,4480
-0.0342,6144
-0.0942,8634
-0.142,8941
0.0712,2583
0.0249,4375
0.0463,3749
-0.0164,6009
-0.028,5695
0.0879,3044
0.042,4045
-0.185,9733
-0.112,9246
0.382,436
0.0663,4192
0.0383,2707
-0.0141,6058
0.0808,3720
0.481,125
-0.015,5629
0.0208,4760
-0.159,9672
0.106,2257
-0.142,8577
-0.0529,6522
0.502,88
-0.00868,5485
-0.14,9545
-0.0716,8320
-0.302,10638
0.391,1960
-0.285,10636
-0.0257,5214
0.0748,4128
-0.0908,9194
-0.0163,6422
-0.202,10196
-0.4,10967
-0.2,5372
-0.161,10567
0.173,2066
0.544,57
0.278,1120
-0.0395,5985
-0.176,8114
-0.0322,6059
-0.0541,8664
-0.182,10090
-0.314,10440
-0.198,9935
0.348,571
-0.06,7317
-0.0904,7457
0.687,44
-0.257,9556
0.0468,3892
-0.0855,8262
0.02,4967
0.166,1488
-0.162,9096
-0.238,10042
0.117,3736
0.069,3236
0.134,3356
-0.00657,5391
0.0152,4805
0.0942,2171
-0.0646,6820
0.212,1772
-0.0934,7541
-0.107,6122
-0.162,9559
-0.264,10584
0.0394,4410
-0.209,9579
0.107,2264
-0.257,8483
0.159,1167
-0.0188,6032
0.512,351
-0.294,10677
0.173,1565
-0.0966,6910
0.062,3709
0.0666,2618
0.219,2434
-0.15,9031
-0.167,9203
-0.477,10557
-0.104,10862
0.204,1619
-0.121,8279
0.346,660
0.0575,3534
0.243,569
0.128,2501
-0.151,10024
0.139,3460
-0.112,8997
-0.00192,5565
-0.588,11009
-0.0634,7055
-0.18,10063
0.0715,3320
-0.421,9804
-0.319,10198
-0.294,10859
0.0271,4915
0.0225,4623
-0.107,7312
-0.105,6945
-0.352,10390
0.213,239
0.149,2071
-0.14,8545
-0.0482,6123
0.0271,4697
-0.121,8640
-0.265,10098
0.128,1300
0.205,1454
0.388,662
-0.109,8244
-0.0789,6735
-0.0491,6321
0.136,1078
0.133,1830
0.00763,5145
-0.133,7674
-0.193,7565
-0.428,8736
-0.0492,6951
0.114,2131
0.041,3960
-0.172,8184
0.112,2937
0.0267,4481
0.0431,3819
0.013,4817
0.156,2319
0.179,2647
0.172,1338
0.0564,3062
0.167,1809
-0.127,7018
0.0839,3134
0.3,602
0.857,6
0.0318,4198
-0.0352,7156
-0.15,10027
0.313,1304
0.198,1346
-0.0162,5878
-0.0439,6721
0.0228,4612
0.0443,4164
0.166,2960
-0.168,8817
-0.156,8509
0.132,3283
0.0507,3763
0.215,167
-0.109,8007
0.00289,5124
-0.108,9301
0.0549,4172
-0.0968,8694
-0.00973,5652
-0.109,7954
0.105,1636
-0.0169,5651
-0.2,10070
-0.0268,7387
0.122,1703
-0.159,7693
-0.00849,5705
-0.0143,5316
-0.0953,8932
0.0348,3873
-0.136,9804
0.000276,5291
-0.0584,8269
-0.16,8418
-0.0727,8072
0.0623,2835
-0.104,8467
0.538,617
0.331,438
-0.186,9630
-0.308,7464
-0.345,10287
-0.205,8819
-0.17,9287
-0.741,10908
-0.223,7455
-0.0205,5743
-0.00726,5536
0.316,663
-0.00138,5119
0.0895,2835
-0.207,10282
0.0344,4430
-0.129,8529
0.425,60
-0.287,8595
0.31,2003
0.307,1395
0.33,1121
0.0177,4514
-0.337,9980
-0.0603,6521
0.0526,3291
0.0956,2729
0.249,2228
-0.000744,5562
-0.0859,8423
-0.16,8374
-0.222,10406
0.0969,3480
0.316,1771
0.0518,3954
-0.0681,7318
0.214,1848
-0.373,8384
0.00343,5372
0.182,1993
0.0837,2691
0.0269,4732
0.151,1912
-0.0781,7067
-0.0335,4985
0.0574,4061
-0.06,6762
0.469,220
0.169,1228
0.0509,4048
-0.0659,7363
0.22,787
0.00259,5396
0.0799,3450
0.0157,4966
-0.133,8031
0.385,118
-0.434,10352
0.245,1023
-0.259,10029
0.248,1583
0.187,1136
0.014,4816
0.0658,3626
0.0191,4350
-0.125,9370
-0.165,8846
-0.0106,5372
0.168,3440
0.129,1450
-0.0966,8312
-0.0677,9610
-0.313,9941
-0.508,10923
-0.447,10445
-0.394,10797
-0.27,10996
-0.313,10814
-0.174,10351
-0.125,8390
0.165,795
-0.178,9526
0.0223,4514
0.284,813
-0.0748,6805
0.246,2739
0.136,3552
-0.384,10686
-0.133,8191
0.00623,5260
-0.0315,6317
0.195,2068
0.068,3598
-0.0774,6070
0.00843,5093
0.0613,2668
-0.0606,7585
-0.0889,8276
-0.0915,8872
0.275,1884
-0.12,9437
0.0955,2100
-0.0257,5106
-0.635,10705
-0.104,6002
-0.221,7493
0.24,608
-0.0848,7397
-0.417,10970
-0.256,10625
-0.0999,6717
0.103,2246
0.0422,3603
0.112,2288
-0.278,10165
0.0752,3059
0.243,405
-0.185,5546
0.143,2199
0.0325,4374
0.0766,2750
0.0184,4526
0.308,692
0.219,839
-0.046,6395
-0.329,10980
-0.0713,6959
-0.116,8437
0.511,157
-0.0482,7216
-0.178,10461
0.0407,3988
0.232,688
-0.124,6750
-0.0521,6969
0.0583,4149
-0.167,10468
-0.00975,5786
0.587,142
-0.142,9533
0.0698,2773
0.22,2274
-0.0601,8570
0.056,3461
-0.0748,7352
-0.0297,5738
0.0403,4715
-0.138,7285
-0.247,10896
-0.116,7860
0.088,3501
-0.253,8733
0.00769,5021
-0.0641,6694
-0.171,9392
-0.145,9661
-0.41,8706
0.201,1349
-0.307,10120
0.339,1399
-0.0404,6663
0.123,2827
0.036,4477
-0.0717,6136
-0.489,10621
-0.00195,5220
0.0703,3442
0.34,129
0.0184,4891
0.269,498
-0.235,9192
-0.183,10379
0.0867,2322
0.0192,4853
0.0397,4234
-0.0814,7179
-0.162,9369
-0.0236,6255
0.0892,2804
0.149,1291
-0.151,8026
-0.0929,7132
0.621,1379
-0.103,6986
-0.0092,5651
-0.00705,5582
-0.103,6917
-0.0392,6872
-0.122,4721
0.025,4151
-0.116,9715
-0.0332,6698
-0.0546,6639
-0.214,9867
0.221,2857
0.396,1116
-0.00894,5592
-0.203,9341
0.515,1108
-0.505,11022
0.0359,4554
-0.263,10507
0.2,2049
0.0238,4651
0.0672,3404
-0.253,8089
-0.0197,6310
-0.107,7333
0.0293,4189
-0.205,10277
0.0335,4613
-0.172,7441
-0.253,7310
-0.0703,6993
-0.107,8673
0.1,2952
0.00534,5266
0.164,2514
-0.0921,6324
-0.194,10185
0.192,455
-0.367,10838
0.0235,4712
0.0824,2990
0.24,1550
-0.265,10433
0.175,2091
-0.00856,5849
0.0252,4594
-0.346,10862
0.00768,5048
0.059,4450
-0.0246,6187
0.0055,5120
-0.0902,7683
0.178,1407
-0.0428,6345
-0.168,9706
-0.0604,7133
0.0343,3795
-0.221,9661
0.117,3194
-0.171,8864
0.167,2061
-0.33,10893
-0.113,9858
-0.177,9603
-0.0907,9023
-0.975,11016
0.358,1930
-0.000909,5355
-0.0475,6518
-0.0157,8489
0.22,1490
-0.0436,6366
0.0932,2551
-0.156,5983
-0.0314,6369
0.0769,3012
-0.299,10221
-0.0019,5265
-0.0356,6387
-0.222,9052
0.235,351
0.125,1586
0.0547,3766
-0.011,5322
-0.0128,5398
-0.0242,4183
0.104,2819
-0.268,10785
-0.0317,6099
0.0358,4113
-0.23,10601
0.566,61
-0.182,10019
-0.00413,5518
-0.0445,5618
-0.253,9860
-0.222,8497
0.174,3145
0.254,213
0.0555,3673
-0.117,8970
-0.0274,5801
0.109,3956
-0.3,10856
0.00744,5041
0.00861,5112
-0.32,9259
-0.121,9065
-0.0448,6196
-0.0051,5524
0.0862,3817
-0.0301,5913
0.15,2693
-0.343,10853
-0.0636,6816
-0.202,9154
0.00997,5134
-0.0339,6682
-0.108,7435
-0.0873,7779
-0.411,9419
0.136,2692
0.158,1833
0.318,110
-0.305,10443
-0.209,8318
0.041,4912
-0.355,10264
-0.257,10645
0.211,1330
-0.284,9075
0.142,1779
-0.193,8735
-0.114,7427
0.0624,3695
0.12,2110
0.0348,4444
-0.0739,6858
0.111,2807
-0.0672,6718
-0.0663,6404
-0.142,9727
0.0598,3946
0.238,1728
0.427,1634
0.148,3021
-0.0815,7625
0.1,2064
-0.0637,6753
-0.475,10630
-0.012,5742
0.395,800
0.00697,4952
-0.0124,6809
0.022,4852
0.0401,4300
-0.208,8233
-0.129,9581
-0.212,9751
0.0521,3238
0.122,3055
-0.167,8104
1.2,256
0.0152,4733
0.0701,2821
0.461,367
-0.309,10541
-0.0615,6109
-0.00705,5603
0.378,2031
-0.161,9145
-0.22,10444
0.161,2762
-0.21,10064
-0.164,7933
-0.224,9121
0.182,1107
0.152,1534
0.14,2573
-0.224,10327
0.0878,2301
-0.101,7893
0.208,1915
0.525,15
0.0373,4639
-0.0802,7690
0.119,2498
0.372,970
0.105,1590
-0.104,10452
-0.0501,6677
0.0518,3869
0.344,2325
-0.143,8931
0.0438,3870
0.108,3236
-0.381,10241
0.0167,4956
0.279,858
0.109,647
0.00539,5344
-0.0973,7491
0.109,2141
-0.25,10416
-0.327,10266
0.0513,3927
0.141,1740
0.167,1679
-0.253,9725
-0.0632,7189
-0.14,8168
-0.604,10573
-0.0332,7015
-0.0632,6721
-0.195,9069
-0.0625,7975
-0.539,10186
-0.185,10569
-0.106,7316
0.108,2667
-0.0808,7046
0.0283,4526
-0.395,10148
0.182,3027
0.469,396
0.221,1161
-0.13,7093
-0.106,8512
-0.586,10930
-0.512,10762
0.0727,2038
0.115,1437
0.0238,4356
0.136,2178
-0.107,8971
-0.0846,7555
0.134,2046
-0.0514,6838
-0.398,10740
-0.165,8334
-0.226,7745
0.256,1231
0.0656,3002
-0.105,8710
0.0854,3566
0.0333,4592
0.425,1766
-0.132,8385
0.143,1750
0.0552,4391
0.154,2088
0.398,2017
0.464,2128
0.333,804
0.358,539
0.0402,4311
-0.232,8184
-0.269,8331
0.0282,4650
-0.0329,6640
0.112,2571
-0.173,8044
0.0342,4574
0.132,2731
0.241,698
0.107,2372
0.0526,3175
-0.227,9604
0.000773,5313
0.0369,4582
-0.0696,6068
0.0523,3469
-0.014,6065
0.312,64
-0.252,9782
0.114,3474
-0.241,9954
-0.0547,6568
-0.109,10148
0.145,3229
0.0219,4756
0.243,2040
-0.0572,6922
-0.134,9665
0.0414,4135
-0.141,9580
-0.323,10076
-0.0163,5645
-0.299,9903
-0.107,10012
0.0735,2860
1.14,1
-0.0549,6328
0.194,1029
-0.135,8367
0.0117,4945
-0.022,6018
-0.139,9531
-0.0103,5525
0.488,284
-0.368,10398
0.0455,3765
0.163,428
0.106,2602
0.0368,4601
-0.302,10354
-0.335,9698
-0.108,9673
0.074,3003
0.678,1
-0.0603,6531
-0.19,9289
-0.221,9453
-0.132,9366
0.0837,3180
-0.0157,5558
0.0344,4353
-0.134,8650
0.225,1302
0.312,153
0.221,516
0.204,2393
-0.0807,7511
-0.341,10266
-0.208,9172
-0.194,10182
-0.16,10977
0.201,1200
0.386,829
-0.254,10004
-0.0728,6813
-0.0242,6348
0.527,127
0.0642,3774
-0.0671,6628
0.0762,2222
0.0695,3814
-0.0282,6217
-0.0357,6518
0.225,1099
-0.175,10248
0.204,2223
-0.186,6024
-0.0979,9397
0.153,1684
0.132,2890
-0.336,10009
0.0636,4289
-0.215,7405
-0.119,7609
0.00351,5109
0.31,1049
-0.119,8585
-0.239,7476
-0.892,10986
-0.0356,6180
-0.252,10933
-0.066,7156
-0.262,10379
0.431,545
-0.209,10068
0.0686,3204
0.171,2275
-0.147,8307
0.0202,4547
0.235,2173
-0.487,10895
-0.0501,7072
0.207,1645
-0.139,8552
-0.241,9732
-0.0241,5867
-0.00719,5430
0.137,354
0.338,238
-0.219,9188
0.147,2833
0.331,194
0.536,2248
-0.0248,6536
0.0698,3670
0.076,2957
-0.0645,5851
0.0704,4235
-0.0661,7392
-0.0655,7370
-0.452,10892
0.127,3548
0.23,971
-0.0557,6208
0.0619,3627
-0.00981,5542
-0.253,10221
-0.0617,7142
-0.245,9911
0.388,1220
-0.48,10525
-0.199,10268
0.583,131
-0.15,8442
0.0851,3946
0.197,3397
0.252,186
0.00612,5063
-0.108,7530
0.212,771
0.172,2062
-0.422,7359
-0.00591,5544
-0.0587,6949
0.347,309
-0.138,8423
0.0224,4397
0.139,2138
0.382,227
-0.212,9845
0.0195,4845
-0.214,10423
-0.00963,5964
-0.307,10782
-0.351,10828
-0.271,10718
-0.217,10687
-0.0739,7274
0.113,2929
0.0693,3878
-0.288,9088
0.0277,3898
-0.026,6239
0.0287,4113
0.265,1103
0.0697,3964
-0.09,7185
-0.0504,7013
-0.0976,8238
-0.161,9608
0.0838,3151
-0.29,9803
0.372,442
0.0496,3591
-0.145,10320
-0.238,9571
0.0936,3498
0.108,2288
0.00594,5184
0.166,566
-0.137,9498
-0.0772,7450
-0.0663,5380
0.104,3316
0.213,2502
0.0686,2724
-0.0879,9303
0.16,3170
-0.191,10207
-0.651,10400
-0.168,8978
-0.0108,5437
-0.141,10480
0.168,1030
-0.121,8669
-0.0775,9237
0.134,2856
-0.115,7995
0.281,1164
-0.238,10526
-0.441,10797
0.25,1399
0.417,453
0.191,828
0.124,2203
0.0928,3135
0.0302,4457
0.0346,4695
0.339,748
-0.0301,6494
-0.0792,7695
-0.255,9382
0.0417,4247
-0.0423,5912
0.251,3145
0.05,3574
-0.107,7510
0.293,811
-0.174,8103
0.17,2916
-0.164,7314
0.0744,2217
0.0706,2575
-0.0407,6112
-0.0577,6532
0.0308,4542
-0.206,8833
0.0447,4142
0.376,1365
-0.044,6302
-0.00811,5502
-0.136,9359
0.155,3167
-0.0631,7224
0.048,3924
-0.0636,7018
-0.0745,6296
0.203,1434
-0.0315,5514
-0.0412,6224
-0.321,10629
-0.234,10197
0.101,2830
0.0397,4360
0.136,2243
0.0688,3586
-0.0373,7947
-0.138,6664
-0.00854,5494
-0.15,8647
0.0253,4388
-0.0531,6804
-0.174,10578
0.101,3182
0.3,2413
-0.0907,7498
-0.0325,5719
-0.49,10954
-0.0299,5770
-0.0477,6053
-0.148,8035
-0.0484,6175
0.658,157
-0.127,7232
-0.00235,5448
-0.0842,7361
-0.144,9402
0.116,3045
-0.054,6702
0.0654,3187
-0.0746,9562
0.307,366
-0.0433,6682
0.0931,4231
-0.0769,7546
-0.122,8228
0.307,681
-0.147,7800
0.0316,4694
0.248,2813
-0.51,10463
-0.03,7094
0.12,2677
-0.0735,7690
0.157,2997
-0.104,7668
0.192,1999
0.106,1792
-0.0352,6788
-0.156,7565
-0.409,10852
-0.0299,5815
0.225,2729
-0.026,6308
-0.0968,7767
-0.0484,5717
0.202,1742
-0.102,6975
-0.0671,6485
-0.173,9458
-0.191,10678
-0.105,8064
-0.269,9623
-0.267,9834
0.0845,2759
-0.178,10391
-0.0341,6041
-0.19,10535
-0.0472,6605
0.134,2729
0.0403,4669
0.166,1047
0.13,1457
-0.276,10644
0.101,2885
0.00303,5129
0.109,2416
0.0171,4990
-0.045,6350
0.371,1890
0.0698,3675
-0.0395,6428
0.251,1233
-0.059,7568
-0.0987,7051
0.0999,2671
0.153,2573
-0.0505,6668
1.17,206
-0.0951,9685
0.221,460
-0.493,10527
-0.0546,7350
-0.292,5724
-0.685,10535
-0.0642,7791
-0.0259,5877
-0.0195,5812
0.197,2551
0.527,621
0.17,2845
0.0186,4837
0.259,300
-0.139,7221
-0.151,7658
0.105,3897
-0.214,8273
0.222,1596
-0.212,10451
-0.375,10275
0.0834,3133
-0.00433,5353
0.101,3606
0.0725,2305
-0.0608,6742
-0.259,9309
0.189,1827
-0.249,8965
-0.207,9870
0.0139,4637
-0.00359,5284
0.18,2519
-0.0835,7494
-0.133,7135
-0.0943,7256
-0.218,8446
-0.146,10472
-0.213,8659
-0.214,9975
0.0689,3353
-0.0234,5852
-0.128,8644
-0.0893,10082
-0.0478,6407
-0.164,9599
-0.414,10894
-0.0296,5888
0.00988,5066
-0.321,10454
0.0212,3966
0.119,1998
-0.0293,6156
-0.0251,5716
0.34,241
0.0849,2961
0.0749,2775
0.302,535
-0.274,10695
-0.259,9531
0.413,214
-0.136,9574
0.159,1760
-0.221,9177
0.392,508
-0.388,9502
-0.308,8792
-0.0488,8486
0.135,888
0.307,2712
0.0695,4304
0.641,2018
-0.167,8307
-0.343,11003
0.0107,5015
-0.289,9507
0.219,1208
0.411,672
0.374,451
0.0665,2762
0.123,1520
-0.391,10170
0.0454,4050
-0.402,10743
-0.398,10155
-0.271,10472
-0.0297,6095
-0.212,9727
0.224,1046
-0.361,10783
-0.264,9003
0.00191,5129
0.0744,2717
-0.182,10294
0.16,2519
0.418,2429
-0.163,9191
0.0232,4681
-0.116,9343
0.0501,4288
0.332,1802
-0.404,10685
-0.0833,8744
0.0622,2273
0.00107,4965
0.0145,4872
-0.0756,6829
0.0175,4824
0.364,550
-0.036,6767
0.248,747
-0.0808,6157
0.127,2458
0.316,1727
-0.441,10787
0.0214,4844
0.00916,5136
-0.171,10051
-0.116,7723
0.0705,2897
0.0313,4577
0.354,571
-0.00335,5488
0.015,4934
0.12,2302
-0.384,10254
-0.168,10152
-0.0844,8884
-0.219,9722
-0.0414,6025
-0.442,10647
0.0157,5128
0.0484,3650
0.341,57
0.118,1493
0.14,2548
-0.163,8739
0.115,2706
-0.903,11002
0.179,2160
-0.207,10856
-0.253,9085
0.0709,3553
-0.161,8822
-0.195,8423
0.0937,3022
0.167,2107
0.0764,3566
0.399,509
0.103,3000
0.0492,3519
-0.011,5915
0.071,3948
-0.347,9759
0.0707,3370
0.357,2566
0.0145,4683
0.0917,3479
0.00879,4996
0.118,2109
0.093,3366
-0.185,10055
-0.082,7155
-0.211,10588
-0.0448,7893
-0.231,9282
-0.0258,6402
0.0151,4978
-0.0183,5940
-0.0987,8972
0.242,1064
-0.065,6567
-0.156,8166
-0.174,9182
-0.0481,7485
0.109,2467
0.0804,2672
0.00907,5253
-0.162,9437
-0.303,9858
0.126,1922
-0.0886,8925
-0.394,10612
0.959,1767
-0.0898,7813
0.286,3183
0.172,1906
0.0737,2100
0.211,1704
-0.203,7365
-0.105,6514
-0.0329,6600
0.0958,3364
0.00267,5334
-0.163,10218
-0.0364,5778
0.208,676
-0.12,7578
0.00163,5238
-0.053,7535
-0.00187,5431
-0.446,10890
0.0966,3050
-0.0527,6699
-0.234,9772
-0.235,10480
0.0225,4649
-0.0691,7881
0.119,3241
0.103,2127
0.0195,4947
-0.141,10096
0.0678,3174
-0.106,7582
0.116,2043
0.194,2251
-0.283,10161
-0.00794,5563
0.00458,4975
0.015,5115
-0.0918,8066
-0.26,10641
-0.0158,5595
-0.311,10188
0.00564,5187
0.298,698
-0.0366,6808
0.0107,5197
0.279,1115
-0.0962,8713
0.0199,4750
0.172,1767
0.114,2556
-0.572,10523
-0.2,8758
0.11,2693
0.214,1798
-0.268,8333
0.223,1102
-0.00133,5043
-0.1,7249
-0.0972,7639
-0.0726,8252
-0.138,7812
0.00767,5288
-0.134,6941
-0.0977,6948
0.0897,2571
-0.133,9542
0.032,4254
-0.128,7780
0.144,3077
-0.252,9087
-0.073,7260
-0.264,10186
0.125,3875
-0.338,8803
-1.3,10527
-0.191,6627
-0.0212,6181
0.534,1421
-0.194,8110
0.107,2746
-0.236,8273
-0.192,9089
0.186,446
0.29,94
0.106,3844
0.267,358
0.0248,4554
0.0317,4463
0.108,2913
-0.000657,5492
0.227,1007
-0.18,8289
0.00787,5097
-0.032,5974
-0.047,6865
-0.0674,7871
0.308,924
-0.208,9934
0.0274,4799
0.0727,3961
0.0824,2834
-0.144,8902
0.0682,3592
-0.0392,6433
-0.0858,7516
-0.325,10217
0.261,300
0.167,1548
0.0506,4157
0.0908,2913
0.0242,4599
-0.0482,6332
0.0659,3439
0.0859,2253
-1.24,10904
0.13,3410
-0.429,10655
0.149,2486
0.0206,4886
-0.389,10904
-0.0939,8984
-0.333,10335
0.0231,4636
-0.0152,5206
0.21,912
0.0464,2333
0.398,249
0.541,588
-0.117,8812
0.0254,4221
0.0394,4069
0.0438,3800
-0.205,9583
-0.00528,5424
-0.195,10929
-0.367,9864
0.314,339
-0.12,10213
-0.199,10312
0.0318,4700
-0.116,7080
0.0462,4593
0.0693,4007
0.116,3044
0.0808,3540
-0.0792,6773
0.0536,4085
-0.0664,6897
0.534,677
0.0264,4509
0.88,1694
-0.596,9762
0.0937,4118
-0.057,6443
-0.124,8454
0.403,233
0.252,16
-0.112,8972
0.0924,1596
0.191,1819
-0.0919,7013
0.0291,4578
-0.518,10527
0.303,1536
0.0826,3528
-0.316,8032
0.213,2443
0.0455,4246
0.037,4530
-0.0979,7553
0.343,569
-0.126,8951
0.0232,4811
0.0403,4609
-0.0532,6110
0.138,1423
-0.115,8092
0.0878,3891
0.227,949
-0.328,9176
-0.499,10902
-0.0931,9220
-0.188,10460
0.271,1186
0.331,240
-0.224,8394
0.0665,3768
-0.0742,8644
0.166,1618
-0.178,9322
-0.14,9040
0.0302,4540
0.0668,4053
-0.143,9699
0.103,2505
0.00246,5153
-0.0246,5702
-0.454,9585
0.00864,4837
-0.321,10836
0.093,2292
-0.0843,7272
-0.33,10618
-0.229,9266
-0.0104,5635
-0.182,10024
-0.0123,5435
0.12,2625
-0.244,9463
0.183,2997
0.0931,2678
-0.293,10713
-0.127,8483
0.0719,3865
0.235,1402
0.128,1422
-0.197,9602
0.153,1299
0.0577,2440
-0.171,8761
-0.289,10310
0.173,2441
-0.15,8168
0.0928,3630
0.0932,2767
-0.165,8353
0.188,2504
-0.229,9749
0.138,3377
-0.172,8574
0.0583,3659
0.239,1858
0.291,2942
0.331,987
0.13,3428
0.225,1373
-0.0286,6049
0.172,2105
-0.00952,5303
-0.00125,5414
-0.0727,7666
-0.18,9480
0.272,1842
-0.226,10520
0.0362,4692
0.115,3054
-0.0384,6414
0.0845,2570
-1.1e-05,5058
-0.172,10168
0.919,1436
-0.247,9224
0.0522,3469
-0.169,9734
0.283,857
-0.00985,5553
0.0185,4798
0.0327,4320
0.0648,3127
-0.104,8317
0.149,380
-0.0986,6821
-0.315,8708
-0.0913,6719
-0.0349,6167
-0.134,8521
-0.0707,6464
0.232,1118
-0.0354,6213
-0.0105,5790
0.0492,3622
0.0596,3200
0.101,2112
0.102,3049
0.316,915
0.132,3404
0.742,1856
-0.184,10029
0.0266,4643
-0.0791,8076
-0.211,8504
-0.149,8755
-0.118,7575
-0.186,10334
-0.323,9708
-0.0491,7029
-0.124,7986
0.516,436
0.016,4444
-0.0306,6646
-0.0606,6858
-0.222,9161
0.134,3212
0.871,33
0.0394,3640
0.332,620
-0.525,9935
2.6,82
-0.585,8169
-0.482,10880
-0.101,7039
-0.257,9128
-0.23,8860
-0.106,8793
0.159,3053
0.199,2017
0.128,1769
0.0562,4041
0.108,3039
-0.013,5415
0.101,3276
-0.744,10331
0.158,3282
-0.214,8377
0.404,1004
0.177,1250
0.42,924
0.00526,5320
0.0151,4708
0.0933,2495
-0.0807,6408
-0.161,9120
-0.0982,8198
-0.304,8635
-0.0304,7052
-0.108,8714
-0.0308,6070
0.0453,4229
-0.0843,7367
0.564,98
0.275,830
-0.292,10829
-0.247,7449
-0.29,9051
-0.6,10152
0.105,2649
0.0945,2926
-0.0988,8593
-0.152,7615
0.328,607
0.115,2580
-0.194,9544
-0.087,9512
0.0828,2386
-0.998,10938
-0.483,10949
-0.0126,5506
-0.301,10164
0.372,96
0.101,1814
-0.0145,6103
0.0404,4321
0.274,2598
0.133,551
0.11,2983
0.0982,1803
-0.173,10245
-0.113,6840
0.199,2732
-0.0359,6323
-0.216,9481
0.0137,4958
-0.0904,8683
-0.201,9025
-0.26,10440
0.522,165
-0.0887,8900
-0.0339,6457
-0.245,10390
0.0608,4273
0.0666,3653
0.612,41
-0.118,8166
-0.0922,7982
-0.127,8985
0.45,866
0.29,1665
-0.0444,5727
-0.185,9636
-0.0389,6082
0.00151,5438
-0.0636,6971
-0.261,7604
0.0449,4522
-0.0629,7510
-0.233,10897
0.0235,4797
-0.126,8542
0.0472,2956
-0.297,9473
-0.0165,6150
-0.0181,6022
-0.138,7940
0.0143,5026
-0.352,10536
-0.285,9840
-0.131,8377
-0.118,8798
-0.0836,6942
-0.0439,7523
-0.306,8459
0.345,424
-0.00715,5785
-0.127,9482
0.0715,3995
0.0506,4228
0.545,1034
-0.103,6741
0.386,208
0.088,1752
0.142,1780
-0.0566,6374
-0.519,8785
-0.173,9453
-0.21,8019
-0.117,9830
-0.195,7405
0.00577,5427
0.0443,4690
0.341,1162
0.218,237
0.24,1611
0.0998,3269
0.04,4310
-0.137,6176
0.105,2134
-0.126,9533
0.0645,3150
0.281,1688
0.139,2769
0.182,2965
-0.0217,5905
-0.233,10637
-0.14,10310
-0.139,8704
-0.168,8640
-0.0928,8772
-0.0792,7195
0.135,2158
0.504,102
-0.401,9610
-0.0345,6453
0.0907,4107
0.0606,4194
-0.0952,6924
-0.116,7901
-0.0729,7521
0.217,770
0.101,2677
-0.0452,6126
0.0408,4040
0.0674,4313
0.121,3087
-0.107,8652
0.473,389
0.0553,4341
0.205,2927
-0.353,10104
0.395,1093
0.474,845
-0.418,6594
-0.00849,5744
0.204,706
0.242,541
-0.3,10846
0.0669,3901
-0.228,8664
0.245,1807
-0.128,8292
-0.0917,8035
0.404,1530
0.0634,3464
0.109,3246
-0.267,10510
0.0688,3267
0.29,469
0.0186,4970
-0.0612,7138
-0.0174,5570
-0.0108,5271
0.119,1789
0.113,1783
0.0305,4499
0.823,15
0.0836,3940
-0.199,8148
-0.0858,9662
-0.228,9662
-0.325,10583
0.0255,4912
-0.0993,6765
-0.159,8890
-0.068,7097
0.0674,3397
-0.238,8725
-0.307,9559
0.231,2076
0.32,971
-0.0541,7708
-0.167,10657
0.044,4579
-0.0223,5401
0.161,3040
-0.488,10612
0.0478,4658
0.217,219
-0.0552,6528
-0.0635,7198
0.0855,4143
-0.485,7437
0.114,1463
-0.161,9428
0.0129,5166
-0.103,8202
-0.0925,7781
0.438,436
0.0679,2521
0.0645,2835
0.0496,3724
0.0515,4299
-1.05,10892
0.123,2607
-0.0681,6930
-0.119,9068
0.192,1984
-0.125,6389
0.142,3436
-0.266,10543
-0.0145,6062
0.011,4785
0.0942,3751
0.289,1953
0.0192,4813
-0.156,9503
-0.218,10056
0.258,1946
0.0221,4545
0.283,954
-0.156,8578
0.022,4733
0.0987,2947
0.103,1219
-0.0937,6901
0.0975,2924
-0.013,5943
-0.394,9460
-0.00788,5669
-0.193,9963
-0.0109,5644
-0.18,9666
0.386,392
0.118,2614
0.0607,3344
0.174,2024
-0.0383,6078
0.257,639
0.069,4268
-0.202,10951
0.115,2395
-0.072,8059
0.22,1317
-0.318,9656
-0.384,9992
0.104,2588
0.0477,3870
-0.0913,8372
-0.0882,7249
-0.178,8258
0.011,5192
-0.162,9744
0.0788,3121
0.107,2842
-0.23,9044
-0.12,8108
-0.175,10715
0.249,739
-0.0808,7810
0.0221,4594
-0.367,10046
-0.0687,6547
-0.101,7123
0.265,1030
0.11,2678
-0.0445,7144
0.107,3354
-0.125,7013
-0.236,9679
-0.12,7269
-0.09,8352
0.143,1040
0.759,36
-0.078,6698
-0.141,7356
-0.12,6489
-0.0757,7097
0.0176,4872
0.035,4433
0.0608,4243
0.155,1499
-0.127,8052
0.125,1400
-0.0608,7078
-0.0965,7741
0.0271,4781
0.491,402
0.563,417
-0.0974,7894
0.294,143
0.2,2347
0.0754,4074
-0.0911,6881
-0.177,9590
0.233,817
0.096,2232
-0.0402,5867
0.146,3006
0.357,449
0.522,356
0.047,3920
-0.0289,6760
0.0685,3792
-0.373,10549
0.0417,4222
-0.15,8837
-0.154,9151
-0.00444,5702
0.161,1956
0.462,38
0.121,3558
-0.0861,8273
0.0155,4634
0.0774,2063
-0.0641,6702
-0.181,10508
-0.029,5932
-0.171,6910
-0.101,8598
-0.176,9826
-0.0618,7724
0.175,1983
0.0525,4300
-0.0216,5637
-0.263,10827
-0.0923,7585
-0.301,10924
-0.574,10521
-0.125,6452
0.0309,4901
-0.367,10996
-0.141,8900
-0.2,8912
-0.00445,5399
-0.232,10488
-0.284,8344
-0.185,9549
0.442,33
-0.145,8692
-0.00363,5316
-0.196,9901
0.35,492
-0.149,10649
0.132,1707
0.0833,3900
-0.103,8083
-0.186,9190
0.221,2336
-0.0431,6781
-0.0542,6915
0.315,1220
-0.254,9160
-0.02,5733
0.109,3911
0.225,979
0.121,1094
-0.231,9509
0.296,1397
-0.0328,6050
0.0259,4633
-0.305,10882
0.187,1392
-0.0688,7227
0.141,2405
-0.312,10190
0.0735,3098
-0.0299,6311
0.00168,4893
0.307,118
0.0596,4086
0.605,1940
-0.0986,10193
0.00635,5410
-0.0899,8327
-0.0335,6000
0.309,196
-0.186,8575
-0.00742,5773
0.279,249
0.0751,3965
0.106,3571
0.244,1620
-0.338,10064
0.126,2856
-0.0835,7427
-0.197,9087
0.00881,5047
-0.117,7615
-0.105,7919
0.043,3635
-0.0438,7449
-0.0398,5751
-0.271,10162
-0.0608,6665
-0.256,7448
-0.219,10882
0.0197,4471
-0.0564,5874
0.17,1257
-0.251,8815
0.43,1502
0.0369,3591
0.0184,4938
0.0559,3117
-0.244,9670
-0.267,9755
-0.0126,5883
0.305,346
0.169,1115
0.175,2622
0.116,1618
-0.344,9006
-0.415,10893
-0.203,10041
0.000462,5087
0.184,2003
-0.0758,7077
-0.274,10133
-0.109,6528
0.186,810
-0.0834,5919
0.311,1201
-0.00155,5467
0.199,2417
0.234,2934
-0.00291,5622
-0.323,10767
-0.298,8030
0.14,3499
0.737,127
0.0618,4153
-0.179,10086
0.202,787
-0.144,8441
0.146,1313
0.0234,3917
0.0108,5338
-0.207,10717
0.0232,4577
0.0491,4448
-1.22,10377
-0.291,9112
-0.0321,5100
0.13,2650
-0.173,9699
0.0448,4439
0.0457,4243
-0.0549,7323
-0.0528,6355
0.184,1077
0.198,767
-0.253,10318
0.0352,4593
0.218,1866
0.815,1350
-0.0494,6860
0.123,1408
-0.00715,5340
-0.168,9199
0.561,114
0.204,2579
0.135,2493
0.074,1038
-0.137,6399
0.116,2655
0.483,1574
0.0143,4994
0.191,1243
0.0232,4356
-0.488,8824
0.053,4390
-0.00427,5935
0.0366,4482
-0.102,9356
0.0129,4858
-0.0487,10298
0.0587,3777
0.0115,4824
-0.287,10136
-0.0654,7908
0.108,1792
0.326,954
-0.689,11023
-0.233,9790
0.133,1452
0.407,41
-0.0788,7403
0.0965,3998
-0.121,6076
-0.408,10233
0.404,620
0.0841,3231
0.113,1162
-0.181,10441
0.068,3728
-0.057,6771
0.219,2976
-0.672,7908
-0.215,10251
-0.0447,7435
0.0658,4068
-0.201,8502
0.37,636
0.485,1735
-0.14,8426
-0.105,9449
0.0684,3893
0.135,2960
-0.101,8223
-0.216,7460
0.306,303
0.22,1744
0.0848,2085
-0.179,8660
-0.054,6934
-0.0774,6474
-0.137,9969
-0.141,9488
0.334,390
-0.239,9713
-0.199,7564
-0.06,5196
0.154,265
-0.158,8801
0.191,799
0.0393,4191
-0.235,9613
-0.489,10445
-0.396,10934
0.295,2143
-0.345,10012
0.41,962
0.218,1917
-0.501,10949
-0.0783,8147
0.0442,3026
-0.174,7678
-0.104,9579
0.533,457
0.102,3796
-0.25,10396
-0.247,10268
0.12,2067
-0.221,9195
0.266,2270
0.0143,4862
-0.207,9227
0.124,676
0.0106,4909
0.22,1992
-0.304,10331
0.293,1061
-0.174,9644
-0.281,10512
-0.0705,6755
-0.254,9327
0.00654,4865
0.208,1691
-0.0793,8115
0.0347,4170
0.112,2603
0.231,1646
0.476,417
0.153,3100
0.126,2498
0.0301,4211
-0.0944,6803
0.0923,2261
-0.666,10771
0.211,1108
-0.213,9817
0.301,1606
-0.196,9973
-0.153,7205
0.0341,4342
0.258,590
-0.0563,7136
-0.102,7642
-0.0957,9137
-0.0312,5651
-0.359,10281
-0.111,9022
0.169,1512
-0.128,7197
-0.0299,6352
-0.0815,7260
-0.146,9268
0.0613,3059
-0.302,10770
-0.0169,6190
-0.128,7901
0.0662,4260
-0.185,9061
-0.416,10765
-0.0638,6789
-0.493,10976
0.148,3314
-0.0619,7139
-0.0863,6502
-0.142,8137
0.103,2908
-0.285,10562
-0.174,8622
0.0707,3964
-0.27,10024
0.0813,3389
0.0391,4343
-0.736,10331
-0.06,6088
-0.114,7187
-0.107,6348
0.173,3344
-0.115,6665
-0.142,9256
0.12,3491
0.0442,4512
-0.13,10122
-0.0678,8117
0.0437,4223
-0.299,8840
-0.29,8465
0.17,1486
-0.123,10560
-0.077,8382
-0.344,10744
0.0927,2618
0.111,2567
-0.162,8358
-0.0869,7371
-0.0392,7095
-0.645,10901
-0.0963,8482
0.128,1264
0.0236,4671
-0.0817,7267
-0.0104,5947
-0.0647,6105
-0.13,7676
-0.0527,6276
-0.27,10391
-0.282,10750
-0.141,8345
-0.452,10716
-0.154,9776
0.0656,3553
-0.277,8539
-0.0643,7665
0.164,1817
0.596,377
-0.0686,6033
-0.294,10008
-0.34,10321
0.121,1487
0.0121,5076
0.267,2325
-0.311,10198
0.201,1743
-0.0523,6669
0.021,4677
0.0903,1876
0.0437,3740
-0.182,8143
-0.47,9222
-0.152,8464
0.0104,5061
0.00255,5276
-0.242,10236
0.314,1963
0.135,3308
0.102,2631
-0.00444,5598
-0.0488,6596
0.36,284
0.0369,4489
-0.527,10996
0.239,802
-0.133,9665
0.0925,2836
-0.0356,5982
0.0716,3506
-0.257,8909
-0.233,9559
-0.038,6500
-0.0713,7355
0.0778,3824
0.0175,4951
0.103,2609
0.186,280
0.0698,3498
0.00606,5184
0.0106,5113
-0.0838,8876
-0.0919,8022
-0.0263,6046
0.0155,4873
0.135,2113
-0.0147,5762
0.17,613
0.096,2847
-0.101,7547
-0.0947,8301
0.0613,3442
-0.565,11027
0.0487,4221
-0.0397,6264
0.0784,3229
-0.221,8830
0.1,3457
-0.0586,6843
0.264,1539
0.258,1166
0.267,2944
0.169,1141
0.0895,1871
0.209,529
-0.419,10220
0.0285,4503
-0.284,9507
0.16,600
-0.0822,8327
0.349,178
-0.238,9862
-0.267,8159
-0.126,7432
-0.159,10352
0.175,624
0.0852,3120
-0.00153,5296
-0.0587,6445
-0.351,10669
0.114,2979
-0.00621,5681
-0.217,10473
-0.0744,7482
-0.0671,7149
-0.344,11030
0.405,1102
0.0234,5001
0.056,3996
-0.126,7425
0.886,1247
0.154,3650
-0.277,10937
-0.0549,7919
0.467,591
0.211,2634
-0.0364,6606
0.459,1013
-0.0153,5541
0.0283,4526
-0.0254,5729
-0.149,9247
-0.0609,6621
-0.0504,6113
0.201,2881
0.0836,3776
0.242,1546
0.013,4959
0.172,1408
-0.0588,6616
0.0228,4070
0.0801,2422
-0.327,10303
0.0703,3217
-0.0352,6025
-0.102,8132
-0.181,10857
0.0751,2229
-0.0218,6067
0.551,87
0.135,3070
0.1,2535
0.195,975
-0.22,10631
-0.00208,5495
0.231,887
-0.0373,7022
0.245,3194
-0.0718,7442
0.0219,4715
-0.0524,6029
0.503,1394
0.0241,4650
0.237,1033
-0.178,10425
-0.0976,9761
0.237,1867
0.139,1576
-0.00492,5278
-0.0173,5890
-0.175,9316
-0.0126,5714
0.124,1370
0.299,494
-0.0535,8200
0.227,761
0.106,2145
0.0148,4845
-0.0168,5942
0.103,3314
0.278,2268
-0.619,9923
-0.0738,8237
-0.117,9356
0.174,1582
-0.106,8273
-0.324,10136
0.154,2699
-0.00258,5417
0.151,1071
0.128,2438
-0.121,8094
-0.158,7553
0.417,460
-0.0481,7269
-0.0854,8457
-0.0586,7075
0.331,448
-0.277,7942
0.035,3931
-0.0273,6214
0.548,147
-0.11,8807
0.209,2501
-0.0606,7012
0.058,4083
-0.124,8202
0.149,1333
-0.0854,7173
0.31,1707
-0.178,9421
-0.907,9875
0.0765,2954
0.0503,3361
0.0272,4789
0.703,1117
-0.00968,5584
0.702,284
-0.194,9436
0.212,754
-0.259,9475
-0.277,10051
-0.316,9930
0.11,2834
0.106,1850
0.177,1838
0.202,2694
-0.542,10863
-0.0405,5923
-0.0968,8330
-0.0368,6880
-0.117,10313
0.314,696
0.214,2732
-0.134,8244
0.105,3024
-0.378,8207
-0.00419,5499
0.0648,4108
-0.308,10649
-0.277,9030
0.144,1700
-0.123,6742
-0.0587,7727
0.201,1026
-0.0706,6357
0.159,3469
-0.104,7456
0.0745,3296
-0.0626,6650
0.163,2475
-0.442,10696
0.287,2023
1.14,103
-0.107,8812
-0.0041,5434
0.0819,3607
0.11,2442
-0.0742,7040
0.166,997
-0.0115,5557
-0.141,9751
0.393,391
-0.136,8153
-0.35,9546
-0.246,9358
-0.0823,8258
-0.0481,7043
0.283,2229
0.0934,2991
-0.101,7759
0.0405,4132
-0.106,8910
-0.182,8624
0.261,510
-0.0434,6281
0.0942,3262
0.439,977
-0.104,8306
-0.0193,5701
-0.456,10799
0.0292,3719
-0.152,8016
-0.29,10952
-0.148,9070
0.0536,3257
-0.186,8274
-0.0505,7229
-0.0803,7197
-0.00819,5279
-0.0284,6266
0.00124,5119
-0.224,8999
-0.148,8363
0.0529,3961
0.0479,4350
-0.194,9023
0.0283,4404
0.19,2821
0.0208,4508
-0.103,7703
-0.204,8993
-0.244,10137
-0.14,9873
-0.0489,5714
-0.0302,5562
-0.0285,6567
-0.364,8736
-0.153,8937
0.0241,4294
0.233,1107
0.0363,4582
-0.125,7623
0.54,639
0.0148,4421
0.0172,5071
-0.045,6478
0.329,771
0.0688,3838
-0.229,9746
-0.0469,6940
0.344,411
0.1,3322
0.236,1147
-0.148,8065
0.0637,3994
-0.231,10485
0.0745,3684
-0.176,8260
-0.0872,7222
-0.233,9088
-0.549,10326
0.0753,3355
-0.0762,8454
0.253,1111
-0.0216,5498
0.308,310
-0.143,8582
0.368,229
-0.0922,5581
-0.163,10373
-0.0803,7155
0.0211,4478
0.0167,4800
0.243,598
-0.144,10106
0.184,2093
-0.226,9645
-0.268,10480
0.473,911
-0.245,10570
-0.0981,7057
-0.427,8415
0.0536,4418
-0.0337,6120
-0.00473,5053
-0.0555,6868
-0.0594,6169
0.547,463
0.0604,4088
-0.0495,6215
0.154,1434
-0.029,7073
-0.0534,7562
-0.307,10785
-0.00472,5121
-0.108,6218
-0.0619,8567
0.162,1563
-0.012,5958
0.135,3020
-0.0605,5949
-1.25,10385
-0.619,10725
0.0774,2901
-0.299,10530
-0.381,10707
0.0244,4486
0.175,3193
-0.141,7346
-0.0375,6508
0.119,2631
-0.0171,5709
0.0703,3904
0.262,787
0.0308,4488
-0.0316,6856
-0.0589,7834
-0.0902,7553
-0.0211,5962
-0.0292,6044
-0.272,10184
-0.0713,7561
-0.279,9245
0.36,283
-0.164,9196
-0.78,11025
0.0486,4248
0.121,1936
-0.187,9318
0.264,1228
0.179,1740
-0.225,9391
-0.0416,5443
0.188,1614
-0.107,9898
-0.0282,6485
-0.0251,6196
0.0685,3779
-0.0307,6025
-0.00341,5530
0.177,1634
0.669,352
0.18,2351
-0.0319,5828
-0.00993,5351
0.185,1245
0.0919,669
0.174,1493
-0.08,8006
-0.239,9963
0.00125,5432
0.115,2469
-0.0186,5960
-0.143,7916
-0.072,7692
0.258,1328
-0.184,10334
-0.167,9780
0.189,462
0.543,131
0.0932,3513
-0.0598,6807
-0.231,9742
0.0784,3718
-0.0903,6996
-0.0923,7412
-0.217,7441
-0.00706,5380
-0.219,8287
0.0658,2673
0.362,153
-0.137,9160
0.0042,5110
0.177,2212
1.97,77
0.13,1325
-0.264,10444
0.572,192
0.0522,4176
0.00552,5384
-0.657,10456
-0.0728,7592
-0.141,10576
-0.246,9463
-0.388,10477
0.229,1775
-0.58,10603
0.229,880
0.196,2265
0.0727,3558
-0.229,10135
0.133,3589
0.0639,3983
0.213,829
-0.189,10404
-0.571,10879
0.245,1144
-0.129,8786
0.682,469
-0.251,10877
0.0571,2861
-0.107,7108
0.14,2184
-0.0393,6185
0.0274,4761
0.305,361
-0.0365,6316
0.314,260
-0.341,10943
-0.119,9091
0.194,787
0.0489,4149
0.184,1415
-0.185,8549
0.0686,3906
0.152,924
0.313,2280
-0.0542,7517
0.0304,4507
-0.299,10014
0.111,1746
0.233,2851
-0.00472,5476
0.00531,5238
-0.0352,6462
0.325,2336
-0.0767,6312
-0.101,6717
-0.0843,9180
-0.174,10520
-0.0931,7481
-0.136,9029
-0.00466,5296
-0.0572,6358
-0.103,7861
-0.369,10367
0.126,2335
0.179,2241
-0.117,6909
0.154,2325
-0.241,9884
0.505,124
0.301,1803
-0.234,9007
-0.3,10278
-0.0406,5833
-0.118,7021
-0.141,7562
-0.0395,5759
-0.181,6614
-0.447,8729
-0.0282,6037
0.0377,3462
0.108,1469
-0.13,8336
-0.112,8153
-0.37,10189
0.338,653
0.173,1340
-0.0808,7400
0.302,1270
-0.206,8988
-0.0783,7489
0.0264,4437
-0.151,7903
0.00362,5113
0.221,1518
-0.149,9387
0.231,2427
0.0965,2538
0.187,1497
-0.00208,5541
0.0589,3989
-0.0855,6749
0.0295,4692
0.133,2503
0.0268,4538
0.00753,5065
0.236,922
-0.0638,7550
0.713,15
0.121,2798
0.202,510
-0.118,8481
0.477,2233
-0.233,9684
0.0483,4353
-0.137,9663
-0.0668,7080
-0.163,9669
0.0838,3440
-0.37,10641
0.66,706
0.288,2785
-0.0661,8721
0.451,65
0.194,1512
-0.0758,6356
0.0932,3822
-0.526,9789
-0.23,9493
0.21,1465
0.076,3208
-0.152,7384
0.04,3804
-0.0891,6758
-0.202,9956
-0.109,7091
0.0983,2580
-0.0939,6932
0.184,2288
0.0722,3671
0.0328,4569
-0.181,10457
0.131,3031
-0.11,6777
-0.114,8309
0.0849,3383
-0.0757,8548
0.00274,5341
-0.262,10699
-0.0682,6312
0.557,883
-0.00977,5264
0.0558,3829
-0.145,10369
-0.173,9101
-0.279,10351
-0.0128,5622
-0.455,10009
-0.0123,5558
-0.0947,7821
0.0773,3262
0.108,2497
-0.0108,5966
-0.155,10118
0.227,1042
0.385,355
-0.24,8509
0.236,1297
-0.0916,7972
0.256,2079
0.0227,4729
-0.137,8002
0.355,1508
0.0771,3387
0.175,3067
-0.0356,5654
0.179,1235
-0.0434,6250
-0.419,10862
0.0732,3265
0.0222,4376
-0.332,9044
-0.167,9488
0.107,1779
0.00171,4821
-0.0524,6455
0.423,273
0.0219,4845
-0.0101,5576
0.201,1909
0.0971,3414
-0.279,8403
0.0917,3111
0.0724,2371
0.00783,5035
-0.155,10432
-0.0998,8680
-0.175,9813
-0.266,8942
-0.108,5262
-0.0582,7221
-0.062,7132
0.027,4612
-0.162,8635
-0.424,10012
0.17,717
-0.0889,8209
-0.0888,8217
-0.197,6943
-0.0484,9375
-0.018,6598
-0.083,7672
0.103,2739
2.47,506
0.133,2851
0.121,429
0.0517,2227
-0.896,9489
-1.02,9860
-0.143,10282
-0.069,7926
-0.341,10846
0.158,2085
-0.183,8142
-0.26,9836
0.062,3687
-0.06,7055
0.186,1813
0.764,355
0.0487,4143
0.0222,4900
0.212,1254
-0.0896,9054
-0.0411,6766
0.133,2369
-0.249,9016
0.139,3460
-0.156,8474
0.13,2407
0.011,4785
0.108,2105
-0.0674,6514
0.263,2581
-0.0928,6751
0.212,751
0.487,63
-0.0624,7557
0.0208,4580
0.00211,5293
0.61,1458
-0.325,10690
0.164,1084
-0.144,8969
0.0732,3584
0.256,280
0.155,3790
0.119,1767
-0.136,8596
-0.105,7779
0.00111,5375
0.279,1926
0.0843,2948
0.0126,5265
-0.115,8390
0.0679,3514
-0.37,10680
0.0494,3926
-0.0683,7159
0.344,264
0.0383,3436
0.0471,4098
-0.177,9900
-0.0765,6010
-0.23,10586
-0.0798,8941
0.171,927
-0.0495,6729
-0.572,9515
0.0153,4737
-0.109,7064
-0.0943,8982
0.142,1295
-0.188,9630
0.0331,4603
-0.0968,7761
0.0105,5115
-0.0359,5975
0.177,715
0.298,1321
-0.148,9489
-0.375,10201
-0.615,10942
0.0724,3326
0.0252,4580
-0.238,10653
-0.0303,5946
0.0407,4312
0.34,1148
-0.138,8542
-0.103,9389
-0.3,10793
-0.0708,6698
-0.225,10179
0.129,2366
-0.0287,6952
0.00192,5464
-0.261,10584
-0.434,10469
-1.3,10108
0.218,1583
-0.263,10930
-0.106,8006
0.202,1045
0.425,255
-0.297,10125
0.2,1968
0.392,185
-0.22,10101
0.819,1072
0.295,3194
-0.0497,6214
-0.0566,5571
-0.163,7995
-0.291,8527
-0.194,10513
-0.202,8545
0.0381,4627
0.0268,4645
-0.0937,9386
-0.184,9462
0.101,2572
0.195,2917
0.31,209
-0.207,7917
-0.104,8201
0.0221,4443
0.0612,3017
0.323,1762
-0.0374,5277
-0.0253,6548
0.341,167
0.178,1016
0.352,325
0.047,4511
0.179,2278
0.335,585
-0.171,9308
0.186,1427
0.261,380
-0.265,10358
-0.172,8056
-0.176,8038
0.0246,4799
0.248,1183
0.19,1605
-0.058,6730
0.319,1979
0.142,1201
-0.171,9575
-0.0294,6519
-0.123,7238
0.216,408
-0.0234,5770
-0.519,10997
0.157,2412
-0.112,9217
0.077,3165
0.641,548
0.0809,3148
0.136,1258
-0.0283,6089
-0.115,8319
-0.119,7983
-0.371,6264
0.0494,4234
-0.143,9665
-0.007,6013
-0.0982,7912
1.03,711
-0.0617,6837
-0.0944,8659
-0.0179,6018
0.00962,5297
-0.148,9882
-0.213,7418
-0.303,8761
0.205,685
-0.107,8523
-0.198,9803
-0.279,10543
-0.0165,5590
-0.282,10076
0.0646,2451
-0.399,10419
-0.209,9728
0.0747,3528
-0.0828,5880
0.0756,4047
-0.0709,8113
-0.157,10016
-0.0209,6240
-0.0299,5945
-0.0917,6648
0.0816,3889
-0.171,8842
-0.258,10634
-0.388,10848
-0.0534,6967
-0.0862,6684
-0.219,8723
-0.0304,6268
0.188,1244
-0.00883,5577
-0.0221,5795
-0.045,6065
0.117,2526
-0.15,9294
0.0268,4220
-0.0934,7116
-0.151,6922
-0.0562,6005
0.482,634
0.0572,3273
0.106,2109
0.321,674
-0.0291,5614
-0.287,10699
0.512,464
-0.0621,7814
-0.116,7741
-0.0535,6611
-0.195,9940
0.00444,5120
-0.286,10660
-0.125,8702
0.0398,4012
-0.0017,5516
-0.109,7350
0.348,475
-0.0575,6603
0.132,1435
-0.0508,8320
0.0108,5127
0.0971,3048
0.159,2434
0.0615,3799
-0.106,8086
-0.274,10398
0.252,437
0.129,2141
0.128,2941
0.16,999
-0.0173,6547
-0.00136,4959
0.0937,2449
0.263,2124
-0.153,8783
-0.105,9260
-0.0577,8705
-0.394,10943
-0.225,9798
-0.32,10804
0.41,1356
0.0635,3227
0.4,23
-0.0443,6928
-0.312,9712
0.754,1305
0.271,2105
0.271,948
0.0152,4475
-0.319,10803
-0.0694,8090
0.21,2095
-0.468,10919
0.0896,2806
0.0241,4356
-0.0339,6417
0.111,2760
0.00362,5437
0.134,1566
0.0536,3436
-0.122,8745
0.132,3065
0.189,2056
-0.0786,7069
0.0226,4889
-0.192,9491
-0.0699,6714
-0.169,6167
-0.217,8351
0.23,3190
-0.368,9960
-0.136,8560
0.256,275
-0.16,9476
0.0229,4708
-0.0575,6266
0.097,3527
0.0126,4646
0.13,3454
0.00316,5100
-0.36,10418
-0.0186,5556
0.053,4195
-0.135,9315
0.186,1396
0.126,1932
2.06,185
0.00869,5110
-0.102,8074
-0.0438,6198
0.292,434
0.175,2786
-0.0138,5517
0.723,665
0.0979,3841
-0.0676,7656
0.0477,2865
0.157,1766
-0.157,9084
-0.492,9730
-0.0811,7321
0.115,2310
0.261,886
-0.249,10345
-0.236,9401
-0.0768,6479
-0.0279,6115
0.139,1305
0.0394,3988
-0.142,8652
0.0807,3733
-0.0819,8960
0.0397,4418
0.0487,3044
-0.51,11025
0.0573,3953
0.0405,4308
-0.179,9174
0.0223,4967
0.146,598
0.324,111
-0.0254,6064
-0.159,9788
-0.0514,5159
0.152,2984
0.0381,4116
-0.0564,6763
0.0455,4081
-0.126,7120
-0.034,6350
-0.464,8997
0.16,404
0.148,356
0.0532,4241
0.065,4221
-0.098,6871
0.151,2966
-0.386,10724
0.0611,3082
-0.111,8257
-0.386,10856
-0.368,10250
-0.175,9506
0.0301,3856
0.0824,3899
-0.0511,6807
0.22,423
0.0578,4592
-0.0701,6395
-0.0292,6503
0.271,298
-0.34,10664
0.307,2238
0.716,269
-0.442,8867
0.167,1018
0.0197,4602
0.109,2811
0.19,1611
-0.267,7918
-0.321,10879
0.125,2182
-0.201,10713
-0.191,8118
0.0582,4088
-0.142,9246
-0.0581,7064
-0.0444,7677
0.302,87
-0.0985,6864
-0.12,9006
-0.0306,5794
0.588,66
0.041,3678
0.0131,4859
0.323,1256
-0.294,9193
0.0391,4362
0.292,1623
-0.303,9944
-0.305,10582
0.0678,3171
-0.114,9626
-0.122,9481
-0.114,8893
-0.0572,6853
0.044,3926
0.123,3228
0.0948,2848
-0.0121,5608
-0.0176,5603
-0.0406,6081
0.0785,3419
-0.133,7634
-0.155,10700
-0.0413,7190
-0.0453,6874
-0.464,10956
-0.312,10503
-0.031,6289
0.00851,5249
-0.00675,5489
-0.118,8488
-0.0938,6734
-0.103,7623
-0.229,9249
-0.0209,5929
-0.00826,5355
0.048,3856
-0.0317,6538
0.422,987
0.0729,2979
-0.178,9328
-0.186,8009
0.0747,3304
0.106,2678
-0.276,9950
-0.144,7267
0.195,1991
-0.104,9691
-0.102,7891
0.075,3174
0.347,958
-0.0045,5211
-0.0608,7457
0.0713,3160
-0.0318,5795
-0.0142,5479
-0.115,6748
0.158,3229
0.0175,4497
0.132,1703
0.0474,3111
0.0417,4514
-0.246,9334
0.00544,4779
-0.0792,7273
0.0452,3700
0.236,336
-0.11,9420
-0.0612,6643
0.0636,3086
0.103,2314
-0.0416,6169
0.147,2378
0.188,1367
-0.0103,5727
0.273,391
0.0224,4609
0.164,1904
0.0753,3700
-0.127,8204
-0.0551,6232
-0.141,9330
0.506,264
0.243,659
-0.198,9548
0.0263,4699
0.0446,4383
0.0529,4105
-0.0624,6686
-0.0896,7632
-0.157,9424
-0.306,9277
0.154,3297
0.0257,4023
-0.24,10070
-0.324,10035
0.104,3245
0.226,1782
-0.103,8838
0.754,15
0.234,2317
0.315,1337
-0.0424,6075
-0.0347,5835
-0.314,10270
-0.0002,5483
0.0196,4653
0.0755,3477
0.148,2447
-0.152,7676
-0.143,7923
-0.212,9380
0.0812,3483
0.425,42
-0.0635,6774
0.0258,4697
0.208,1254
0.112,1950
-0.163,10328
0.292,2628
0.102,3571
-0.233,10040
-0.292,10649
-0.0443,7839
0.0962,3098
-0.0478,6520
0.222,1012
0.000968,5395
0.0797,3826
0.0882,3661
-0.074,7636
0.0743,3360
-0.249,10062
0.126,2614
-0.0113,5359
0.0805,3746
-0.176,9606
0.218,2033
-0.00986,5405
0.0886,3787
1.88,77
0.135,1372
-0.000215,5531
-0.184,9850
0.0454,4166
0.202,730
0.404,2475
0.117,1328
0.043,3717
0.237,1026
0.311,1503
-0.392,9655
0.277,1126
-0.0233,5985
-0.215,10011
-0.0786,6897
0.322,692
-0.0334,6319
-0.172,5902
-0.27,10217
-0.00467,5319
-0.0528,6540
0.384,486
0.0683,4119
-0.255,8553
-0.168,10825
0.0227,4782
0.0687,3302
0.292,362
0.116,2342
0.407,1606
-0.107,8719
0.207,2201
0.459,2235
0.0361,4284
0.298,653
0.0859,2438
-0.0903,9066
0.0793,1977
-0.299,10163
0.386,111
0.345,488
-0.125,8340
-0.0557,7553
0.257,31
0.0578,3787
0.41,315
-0.184,8617
0.125,3677
0.494,110
-0.0543,7416
-0.125,7996
0.171,3172
0.0908,3104
0.461,168
-0.154,10031
0.171,2101
-0.284,9693
0.342,328
0.247,2643
-0.236,9871
0.0746,1678
-0.0976,8702
0.28,1156
0.164,2061
0.286,1947
0.134,2846
0.121,1773
0.102,1604
-0.107,8637
-0.299,10532
-0.446,10902
-0.457,10989
0.0336,3888
-0.0847,8789
0.365,1526
-0.0308,6508
-0.0159,5899
0.284,2569
0.223,693
-0.12,8552
0.0883,3336
-0.345,9459
0.0515,4165
-0.692,10924
-0.2,9864
-0.104,8146
0.143,2763
0.533,310
-0.11,8265
-0.211,8071
-0.0501,7424
0.0548,2155
-0.144,7958
-0.0778,7267
0.108,4008
-0.0625,6684
0.149,584
-0.114,8668
0.107,3374
-0.254,9310
-0.0503,5453
0.468,536
0.17,1687
-0.0993,6603
0.0585,3587
0.136,1709
-0.178,10196
0.14,2950
0.0308,3945
-0.275,10639
0.0748,3745
-0.0951,7775
-0.513,7970
-0.471,8956
0.116,2267
0.0169,5018
-0.00751,5299
-0.259,8950
-0.14,8622
-0.341,8791
0.024,4877
-0.0125,5373
0.187,1615
-0.561,8563
-0.0069,5703
-0.0208,5114
0.0785,1939
0.137,2620
0.0775,3528
-0.00412,5511
-0.285,10710
-0.0952,6791
-0.14,9411
0.292,1128
-0.145,8313
-0.0595,6682
-0.00236,5405
-0.292,9245
0.156,853
-0.226,10126
0.0871,3284
-0.151,8727
0.125,3283
0.0485,4574
-0.0249,6809
-0.0889,8534
-0.116,8615
0.258,404
-0.416,10440
-0.169,8652
-0.0134,6037
0.0738,3251
-0.0284,5854
0.12,2908
-0.0777,8988
-0.226,7921
-0.135,9867
0.121,716
0.0569,3442
-0.121,9441
0.129,2692
0.186,1251
-0.118,7305
-0.0937,8604
-0.0757,8036
0.445,882
-0.388,10583
0.241,3017
0.175,3441
0.0263,3957
-0.133,10322
0.135,2956
-0.0632,7386
-0.248,10039
-0.74,10903
0.0863,2263
-0.0738,9758
0.824,700
0.831,981
-0.983,10963
-0.396,10157
-0.11,6729
-0.05,7572
-0.16,7867
0.0177,4949
0.0884,2988
0.0702,2055
0.107,2344
0.254,937
0.159,2451
-0.304,10172
-0.0897,7180
0.0503,4172
-0.0257,6425
-0.0078,5302
-0.131,7283
0.627,607
-0.467,10838
0.163,1567
-0.0925,7273
0.0819,3677
0.108,2720
0.115,3101
0.82,222
0.13,2699
0.0328,4380
0.117,1829
-0.49,8677
0.161,3227
0.599,635
-0.305,10293
0.0741,2670
-0.112,9225
-0.155,6480
-0.55,10210
0.0155,4306
0.0935,4085
0.074,3466
-1.43,11004
-0.0166,5447
0.0342,4832
0.108,2941
-0.294,9036
0.0423,4528
-0.0391,6548
0.402,245
0.00491,5195
-0.121,9070
0.18,1138
-0.0456,6343
-0.0056,5396
0.0152,4611
-0.434,10346
0.208,1652
-0.0408,6405
-0.109,9451
-0.184,7547
0.0113,4727
-0.0704,7438
-0.38,10101
-0.124,8605
-0.153,10045
0.291,439
0.0481,3953
-0.0667,7156
0.199,221
0.0256,4321
-0.117,7184
-0.106,7306
0.319,2008
-0.0399,5951
-0.36,10322
-0.136,10469
-0.168,6255
0.24,2775
-0.362,10231
-0.118,7670
-0.065,7082
-0.133,9212
0.182,1372
-0.141,8805
-0.177,9365
-0.151,8833
-0.0381,7014
-0.121,8547
0.00555,5107
-0.0827,7350
0.0645,3968
0.196,2358
0.0353,4134
-0.106,9878
-0.71,10986
-0.888,10886
-0.886,10745
-0.111,8350
0.0319,4559
-0.271,10553
-0.506,10924
0.0118,4896
0.157,1763
0.272,241
0.135,1236
-0.223,7895
-0.258,10125
0.213,2695
-0.141,7982
0.141,1201
-0.104,8400
-0.486,10924
-0.195,10031
-0.491,10158
-0.358,9849
0.0748,2644
-0.189,8985
0.129,2548
0.138,2215
-0.178,9440
0.00658,5114
0.048,3846
0.042,4185
0.34,1156
-0.0931,6911
0.527,53
-0.768,10686
0.146,1028
0.0376,4569
0.242,1938
0.0478,3914
-0.0473,6078
0.0181,4671
-0.456,10751
0.181,2280
0.0124,4817
-0.0437,6955
-0.0299,5816
-0.0282,6592
-0.0417,6515
0.024,4119
-0.0708,7220
0.366,384
-0.139,7915
-0.517,8355
0.105,2444
0.00304,5055
-0.273,9970
0.0111,4893
-0.204,7550
-0.103,6147
0.159,1401
-0.104,10409
0.00991,5160
0.144,2007
0.108,3119
0.0344,4180
0.0686,3400
-0.0538,6678
-0.0987,7385
-0.266,10220
-0.439,11031
-0.0837,7044
-0.00528,5411
-0.0917,9101
0.00959,4901
-0.206,10246
0.417,738
-0.0529,7177
-0.359,9011
-0.112,8515
-0.00597,5113
0.0735,4079
-0.05,6814
0.525,360
0.0386,3919
-0.084,7875
0.0396,4213
0.108,3395
5.4e-05,5500
-0.147,7791
0.0892,2458
-0.0825,7725
0.18,1954
0.161,1560
1.28,500
-0.00213,5548
-0.135,8208
-0.0656,7851
0.191,960
-0.0907,7699
-0.00367,5435
-0.0329,4801
0.0154,5038
-0.0795,7819
0.0441,3679
-0.2,9632
-0.134,7960
0.408,30
0.112,1467
-0.15,10430
-0.204,8177
-0.146,7863
0.385,901
-0.0274,5779
-0.0143,5920
0.211,1326
0.0358,4662
-0.0767,7015
0.054,4262
-0.0476,6521
-0.0916,7898
-0.0467,7044
0.154,2738
0.313,1322
0.125,3554
0.0904,3727
0.193,2038
-0.0368,6797
-0.129,8095
-0.463,10834
-0.538,9128
0.0575,3709
0.294,1503
0.308,714
0.224,321
-0.0496,6337
-0.0508,7611
0.162,2261
-0.0221,6145
0.0269,4668
-0.0903,6970
-0.348,9490
-0.31,9231
-0.0595,8015
0.0377,4367
-0.15,5818
0.313,1312
0.0632,4108
0.103,2114
0.0884,2828
0.0408,3417
0.00275,5395
-0.0098,5340
0.0367,4473
0.078,2723
-0.0398,6741
0.297,238
0.131,2206
-0.052,7089
0.0934,3411
-0.141,9882
0.0635,3041
0.13,1110
-0.265,9655
0.153,1306
-0.181,7845
-0.334,9837
-0.057,6271
0.211,790
0.041,4080
-0.2,9823
-0.166,9321
0.00139,5035
0.0155,5078
-0.141,10553
0.0977,3303
0.0279,4513
-0.0915,8710
-0.289,10830
-0.0108,5410
-0.0606,8197
0.355,188
0.276,1086
-0.347,10187
-0.0451,5841
0.0891,2715
-0.103,9462
0.272,1515
0.0461,4156
0.0229,4537
1.08,623
-0.184,10081
-0.0117,5457
-0.18,6825
-0.0561,6718
0.197,1660
-0.0644,7522
-0.112,7814
-0.318,10661
-0.368,10535
-0.164,9218
0.148,3552
-0.0885,6346
-0.123,9288
0.0291,3592
-0.0442,6792
-0.161,9389
-0.146,10335
-0.135,8042
0.188,693
0.0154,4878
0.168,2309
0.231,488
1.15,108
0.374,429
0.275,216
0.14,475
-0.089,7401
0.0337,4269
-0.209,8442
-0.142,9701
-0.203,10527
-0.11,8828
0.177,2716
0.499,386
0.106,3301
-0.0387,6487
-0.0494,5169
-0.12,9477
0.174,1738
0.206,1425
-0.141,7653
-0.0739,7661
-0.0827,8228
-0.0098,5647
0.301,2637
0.00302,5253
0.498,25
0.0508,4324
0.408,120
0.316,809
0.0192,4531
0.0269,4510
-0.184,10235
-0.0989,6169
-0.00549,5944
-0.0911,8256
-0.0839,8049
0.337,418
0.535,514
0.168,1716
0.12,3018
0.0448,3875
-0.0368,6580
-0.203,9567
-0.0891,7589
0.312,2024
-0.0147,5686
-0.085,7960
-0.218,9158
-0.309,10771
0.0471,4427
0.144,2364
-0.0719,7772
-0.271,10746
-0.0335,6260
-0.201,9415
-0.412,10723
0.154,1518
0.134,3253
0.00142,4971
-0.0714,7185
0.414,512
-0.0899,8184
-0.0207,6119
-0.0997,8827
0.0703,3905
-0.308,10297
0.296,2235
0.122,3193
0.0548,4116
-0.138,10127
0.013,5108
0.223,929
0.015,4892
0.11,3729
-0.243,8008
0.0247,4298
-0.339,10669
-0.414,10622
-0.163,8795
-0.119,6013
0.0858,3382
0.203,693
0.0138,4885
0.043,4633
-0.105,7252
-0.219,8266
-0.00808,5158
-0.0372,6017
0.0653,4158
-0.162,9773
-0.454,10884
0.0281,4623
-0.0358,5505
-0.0553,8323
0.0827,1983
0.234,1121
-0.448,10830
0.0132,5091
-0.103,6900
-0.187,9664
-0.0751,8438
-0.167,9786
0.0712,2660
-0.135,7508
0.193,1579
0.0072,4829
0.167,2298
0.355,1226
0.169,1353
0.208,1430
0.274,1426
-0.2,9434
0.0187,3736
0.0639,3868
0.0649,4287
-0.0624,6412
-0.0562,6837
0.168,572
0.0588,3791
0.909,1117
0.0742,3603
-0.349,10137
-0.12,8869
-0.236,10531
0.153,1823
-0.158,8872
-0.246,10269
-0.289,10489
0.0374,4170
-0.0793,8429
0.0402,3178
-0.108,6971
0.0625,3534
-0.167,7510
0.216,851
0.105,2552
-0.106,8293
0.0244,4406
-0.161,8000
-0.0493,7336
0.278,2455
-0.0903,10190
-0.162,9836
-0.204,8827
-0.185,9202
-0.0448,6379
0.143,2393
0.13,1435
-0.125,9559
0.313,1020
0.292,1380
-0.201,10584
-0.194,9583
-0.0799,8835
-0.109,8881
0.0964,3651
-0.15,9692
-0.334,7396
0.141,2624
0.0243,4595
0.137,599
-0.123,7562
0.143,2352
-0.0771,7197
-0.214,9852
0.189,1155
0.0891,2880
0.0522,4256
0.524,1024
0.066,4091
-0.255,10108
-0.0479,7061
-0.136,8062
0.168,3548
-0.107,7296
-0.0421,5959
0.0457,4360
0.104,620
-0.0644,7260
-0.334,10553
0.0446,4174
-0.0586,6989
0.116,2845
0.0789,2070
0.0223,4604
0.221,1850
0.114,3093
-0.0661,6658
0.363,499
-0.0636,8244
0.0992,2846
0.305,1083
-0.00771,5302
-0.00529,5647
0.0529,4068
-0.179,10043
0.103,2011
1.12,61
-0.305,9605
-0.751,9017
-0.0156,5252
-0.128,9119
-0.0407,6506
-0.266,9439
0.201,2317
-0.0317,6374
0.0556,4342
0.0611,3364
-0.153,9510
4.96,29
-0.611,11025
-0.0736,8278
-0.418,10814
-0.172,8300
-0.14,8931
1.25,1348
-0.388,10472
0.138,2374
-0.00892,5071
0.475,422
0.112,1784
-0.906,10874
0.0937,2513
-0.157,7332
-0.0414,6754
-0.113,8857
0.498,35
0.196,2308
-0.209,8517
0.309,2501
-0.195,8682
-0.0525,6135
-0.175,8661
-0.257,9619
0.243,1939
-0.845,9410
-0.008,5518
-0.107,9424
0.315,985
-0.0541,5938
0.137,3762
0.24,2057
0.152,1430
-0.128,8172
0.192,802
-0.234,8701
-0.126,8046
-0.205,6150
-0.308,9099
-0.0518,7327
0.0883,2872
-0.106,7352
-0.0329,6816
-0.495,9966
-0.243,9856
-0.103,9175
0.272,357
-0.0463,5673
0.118,3048
-0.701,9774
-0.0342,5765
-0.0779,7557
-0.116,10101
-0.209,9233
-0.144,9245
0.183,2547
0.0654,3330
-0.173,9714
0.0565,2965
-0.0471,5810
0.145,2406
0.061,4078
0.0826,3424
-0.14,9375
0.0108,4789
0.328,996
0.11,3346
-0.196,7172
-0.13,7122
-0.0881,8608
-0.0447,7363
0.223,1323
0.761,835
-0.448,10347
0.235,1328
-0.134,8616
-0.0909,9687
0.137,2372
-0.128,7803
0.0132,4847
-0.15,8290
0.051,4211
0.0969,1741
-0.15,7088
0.172,1861
-0.296,10197
0.46,348
-0.284,10502
-0.111,8210
0.156,1475
-0.016,6211
-0.127,7886
-0.15,7702
0.0264,4377
-0.243,9513
0.0186,4716
0.22,1882
-0.26,9094
-0.196,9387
-0.0704,7980
0.0383,4214
0.0545,3915
-0.443,10496
-0.0483,6433
-0.0905,5224
-0.187,9677
-0.0837,6685
0.103,3605
0.000538,5007
-0.13,7670
-0.093,7531
0.609,4
-0.0985,8877
-0.00234,5664
0.224,1024
0.457,632
0.00406,4949
0.253,362
0.216,1106
-0.0302,6177
-0.101,9059
-0.311,8703
0.138,2538
0.0598,3269
0.118,1958
-0.0552,6616
0.247,1405
-0.032,5885
-0.158,9159
0.267,324
0.123,2120
-0.00511,5487
-0.447,10999
-0.159,7876
0.23,2293
-0.114,8611
0.0198,4906
-0.254,9359
-0.907,10683
-0.081,8047
-0.173,9408
-0.213,10081
-0.545,11016
0.0609,4226
0.0354,3736
0.0254,4780
-0.0888,8369
0.091,2578
-0.0275,7010
-0.0664,8865
-0.0066,5979
0.048,3475
-0.104,8609
-0.0832,7452
0.306,1484
-0.00604,5497
-0.0282,5824
0.148,2046
-0.279,10449
0.0708,3247
0.0749,2289
-0.184,7745
-0.169,8883
-0.0666,8285
-0.0421,6143
-0.034,5134
0.0474,4382
0.135,2080
0.0366,4501
0.239,740
0.425,2543
0.037,4206
-0.022,5628
0.0406,4081
0.0455,3979
-0.418,9100
0.0849,3228
0.601,92
-0.146,8002
-0.237,9659
-0.127,9157
-0.00252,5454
-0.0564,6533
-0.25,9560
-0.0685,8323
0.379,441
-0.454,10836
-1.39,10895
-0.405,9425
-0.338,10869
0.274,381
-0.00412,5375
-0.0135,5656
-0.299,9651
0.409,2167
0.0269,4748
-0.0118,5730
-0.151,10337
0.0936,3672
0.133,2352
-0.617,10915
-0.156,10277
-0.0921,9727
-0.327,10635
-0.165,9058
0.131,2491
0.0737,3002
-0.103,9037
0.465,461
-0.061,5959
0.167,1120
0.103,3194
0.0165,4965
-0.00255,5602
0.0979,3486
-0.343,10306
-0.411,10709
-0.282,8782
-0.105,6170
-0.159,9926
0.0458,3683
-0.0266,6437
0.189,2803
0.0175,4679
0.46,678
-0.133,9409
0.645,54
0.18,1385
-0.129,8297
0.207,513
-0.127,8673
-0.0123,5857
-0.0439,6337
0.16,2380
-0.202,9874
0.143,3326
0.0459,4450
0.189,799
-0.0117,5929
-0.0644,6796
0.756,38
0.0548,4109
0.555,1280
0.099,2272
0.0907,3129
-0.43,10991
0.264,1754
-0.133,7991
0.0423,4450
-0.142,10942
0.184,1677
0.0478,4164
0.192,1767
-0.0886,7549
-0.0213,5992
-0.0273,6550
0.0231,4549
0.4,1223
0.0532,4412
-0.186,7216
-0.328,10286
0.032,4423
0.0782,2992
-0.424,10850
0.0815,3108
0.14,2903
0.613,268
-0.112,8265
-0.0545,7219
0.00872,5155
-0.246,9581
-0.456,6954
-0.278,10322
-0.157,10032
0.149,2549
0.234,1255
-0.307,9614
1.43,843
-0.0975,6806
-0.033,6950
-0.121,9093
0.413,314
-0.0527,6484
-0.0473,5471
-0.0619,7398
0.074,3188
0.14,2791
0.0963,3821
-0.0388,6497
0.0151,4953
-0.00131,5337
-0.0472,7355
0.0999,2481
-0.0558,6062
0.0381,4307
0.138,1795
-0.3,7838
-0.0244,6141
0.253,859
-0.0696,7480
-0.0801,7674
0.00984,5185
0.492,1261
0.938,115
0.299,513
0.168,3251
0.0364,4338
-0.0948,5887
0.0392,4170
0.17,802
-0.238,9539
-0.18,10369
-0.0989,7313
0.00093,4930
-0.546,9602
0.0857,1900
-0.0272,6189
0.116,3359
-0.0728,6012
0.044,4564
0.0898,3108
0.0609,2942
-0.188,10529
-0.00968,5598
-0.123,8249
-0.137,6759
0.00428,5300
-0.257,10223
-0.116,7944
0.0122,4755
0.045,4346
-0.193,9331
0.0987,3132
0.288,402
-0.0552,7047
-0.0438,5522
0.0779,2958
-0.113,8048
0.184,1404
-0.34,10544
-0.274,10027
-0.335,10632
0.194,1374
0.256,876
-0.395,10489
-0.0748,7749
-0.19,8126
-0.105,7841
-0.05,7204
-0.11,7800
-0.255,10535
-0.155,10873
-0.126,9961
-0.161,8127
0.103,3166
-0.187,8595
-0.0429,7216
0.105,3162
0.0566,3999
-0.164,5189
-0.188,8679
-0.264,8402
0.148,2981
-0.337,9770
-0.111,8952
-0.0707,6539
-0.0178,5627
-0.217,10422
0.223,2303
-0.0497,6803
0.00332,5087
0.454,1167
-0.166,9130
0.687,1662
0.00223,5344
0.0852,3168
0.108,1943
0.151,2859
-0.0934,6923
-0.048,6020
0.348,307
0.00708,4974
-0.0515,7215
-0.338,8790
0.101,3229
0.172,2072
-0.196,4288
0.563,489
0.248,347
-0.201,9206
0.0801,3920
0.0685,3767
0.213,2157
0.0702,2537
-0.0673,8088
-0.0732,8003
0.154,1452
-0.0245,6035
0.233,632
0.0591,3411
0.0876,3225
0.0825,3689
-0.228,7812
-0.229,8170
-0.178,9254
0.156,1730
0.167,1522
-0.182,8762
-0.201,8960
0.0938,2258
-0.204,8864
-0.0043,5572
0.0587,3759
-0.219,9610
-0.0578,7659
0.177,2748
-0.022,5384
0.2,193
0.0935,1786
-0.0808,7236
0.181,1649
0.0498,4250
-0.0114,5444
-0.119,10065
0.16,780
-0.0646,7139
-0.158,7568
0.727,849
0.0635,3542
-0.0466,7365
0.0734,2822
-0.252,8902
0.431,643
0.0653,4202
-0.211,6221
-0.0418,7546
0.159,790
-0.0312,5409
0.049,3919
0.347,2439
0.224,1150
-0.224,10929
-0.0295,6918
-0.314,9926
0.0339,3841
-0.0765,5708
0.0404,4633
-0.123,7673
-0.176,10569
-0.22,9798
-0.263,7786
-0.0178,5594
0.864,688
0.0484,4220
0.111,2016
-0.244,9555
0.256,1827
-0.0843,7495
0.341,2057
0.00505,5225
-0.0521,6768
-0.477,9005
1.48,1150
-0.172,9982
0.43,479
-0.262,9020
0.202,2945
0.392,560
-0.272,10846
0.0787,3177
0.0616,4080
-0.0801,6556
-0.0153,5206
0.124,3288
0.0917,1457
-0.101,9018
-0.202,9639
-0.223,10557
-0.138,9249
0.00821,5069
0.0888,1770
-0.0587,7505
0.167,2745
-0.0815,7081
0.2,2446
0.19,1634
0.24,754
0.295,49
0.076,4050
0.0779,3630
-0.264,9875
-0.464,10789
0.39,271
-0.201,10139
-0.775,10821
0.000504,5002
-0.0202,6221
-0.00693,5376
-0.16,9875
-0.0906,8500
0.165,3846
0.277,1405
-0.0503,5876
-0.0821,9376
-0.0952,9566
0.0691,2333
5.67,30
0.721,1975
-0.635,9643
-0.028,5447
0.113,2800
-0.184,10079
-0.303,7178
-0.597,10148
1.7,765
0.212,2938
-0.421,8709
-0.511,9219
0.182,1840
-0.12,7429
-0.199,10479
-0.137,10101
0.345,1193
-0.746,10901
0.703,1117
-0.188,6520
-0.137,7937
-0.113,7798
-0.141,9348
0.0928,3396
-0.105,7446
0.0874,3657
-0.0931,7335
0.17,1702
0.0345,4884
0.359,346
0.0768,4165
0.044,3317
-0.0284,6991
-0.215,9401
0.0763,3419
0.00116,5440
-0.179,9914
0.0807,3659
0.193,957
0.00551,5286
-0.75,8943
0.317,1629
0.155,3288
-0.143,7422
0.183,1613
-0.147,8069
-0.434,8060
0.146,3038
-0.321,10498
0.0649,4099
-0.144,10579
-0.0465,6049
0.207,2551
-0.561,7372
0.173,2962
0.0178,4760
0.022,3302
-0.123,7802
0.196,1804
0.129,3278
-0.217,9985
0.0956,2406
-0.153,8532
-0.317,10807
0.173,2204
0.192,1818
-0.468,10943
0.0575,4040
-0.0813,9204
-0.67,10968
0.125,2973
-0.35,9748
-0.000747,5742
0.0161,5073
0.00845,5010
-0.18,9396
0.0658,3505
0.144,3140
0.256,1938
0.299,1744
0.143,985
-0.159,7934
-0.415,10760
0.139,2363
-0.00191,5450
0.112,1603
0.0561,3520
0.111,3601
0.171,2573
-0.0521,7014
-0.105,5599
0.213,160
-0.0937,8288
0.106,3680
0.369,797
-0.274,10034
0.222,1356
-0.0668,7439
-0.276,9616
-0.0519,6288
0.392,467
-0.0907,7016
-0.0808,9479
0.107,1857
-0.14,9384
0.23,2727
-0.206,10139
-0.206,9284
0.131,964
-0.0445,6958
-0.156,10200
0.135,1589
-0.0733,6335
0.215,1203
-0.133,8459
-0.355,10858
-0.0242,6436
-0.106,8672
-0.138,8924
0.322,1218
-0.222,9002
0.0728,2857
0.371,135
0.333,356
-0.363,10843
-0.23,9719
-0.308,10782
0.05,3758
-0.165,9602
-0.141,8135
-0.181,9216
0.0661,4042
-0.217,10280
0.113,2695
-0.0381,7174
0.0315,4380
0.141,2400
0.161,936
-0.124,8909
0.175,962
-0.0682,6336
0.223,1245
-0.0341,6991
2.22,635
0.13,1366
-0.0391,6120
-0.0862,7890
-0.416,7582
0.0644,4421
0.564,244
-0.187,10129
-0.171,10160
-0.0073,5372
-0.0894,7499
0.0368,4211
-0.0212,5909
0.118,2468
0.00351,5330
-0.19,7697
-0.268,10767
-0.0819,6903
-0.21,9512
-0.07,6482
-0.0282,6572
-0.106,8272
-0.0839,7126
0.0389,3994
-0.511,10317
-0.0112,5756
-0.0824,8460
0.605,445
0.247,2345
-0.0304,5556
0.178,1054
0.168,2727
0.2,1818
-0.126,7748
0.0504,4424
0.22,2239
0.403,124
-0.00814,5476
0.0586,3579
0.0611,4035
-0.177,9911
-0.237,10561
-0.05,6799
0.0513,4111
0.43,309
0.0362,4482
0.00372,5126
0.197,855
0.446,36
0.0527,4116
-0.164,9484
0.122,2128
-0.0463,5963
0.136,2454
-0.107,9937
0.0513,2384
0.127,2559
0.144,2021
0.0493,4293
0.188,3302
-0.126,8774
0.21,1279
-0.063,6244
0.122,2924
0.124,2418
-0.216,8944
-0.129,8933
0.402,197
0.331,770
-0.327,9344
-0.802,10076
0.0717,3933
-0.252,9211
0.0752,1810
0.0136,5128
0.113,4318
-0.347,10531
0.0977,2850
-0.00103,5735
-0.0603,8534
0.168,2941
0.0728,2849
0.0958,3565
-0.022,5823
0.166,890
0.0882,2960
0.193,1509
0.194,2117
0.116,1684
-0.0753,7405
0.283,171
-0.0225,6523
-0.0185,5579
-0.0415,6446
-0.0514,6293
-0.0204,6233
0.18,2232
0.00023,5536
-0.218,10056
0.0899,2857
-0.807,10916
-0.397,10630
0.0069,5185
-0.0349,6244
0.132,2809
0.0494,4067
-0.0638,5985
0.198,1651
0.211,497
0.118,1319
-0.209,9248
-0.247,8217
-0.0232,5959
-0.0274,6149
-0.0817,9589
-0.176,9553
0.154,1030
-0.239,9760
-0.269,10256
0.118,3264
-0.125,8789
0.288,679
0.00774,5209
-0.246,10638
0.344,1688
-0.0904,5432
0.0358,4345
0.0937,2033
0.42,304
0.103,2867
0.195,2287
-0.0547,6363
-0.00241,5459
0.0433,3267
0.243,1713
0.0179,4838
0.141,2730
0.0138,4893
-0.138,8868
-0.161,9979
-0.152,7905
-0.186,9610
0.067,3997
-0.297,6813
-0.0502,6854
-0.0203,5959
0.171,2651
-0.0369,6714
0.293,465
0.236,922
-0.000595,5399
-0.11,9414
-0.439,10946
0.133,2182
0.0271,4837
-0.0888,7492
-0.0466,7159
0.245,679
0.0646,3236
0.389,69
0.05,4247
0.0268,4533
-0.0725,6669
0.4,410
-0.0821,7970
-0.138,6529
0.232,1506
0.029,4137
0.185,981
0.0171,4756
0.342,355
0.328,2416
0.234,1268
-0.118,10377
0.0346,4241
0.0598,3999
0.195,1067
-0.0888,8565
-0.13,6701
-0.0931,8093
-0.281,10067
0.238,556
-0.0833,6491
0.239,2599
-0.361,9835
0.166,458
-0.0608,7585
-0.0447,6346
-0.175,8649
0.25,2324
-0.053,7254
-0.185,10408
0.0706,3020
-0.0253,5778
0.294,549
0.588,149
0.251,2399
0.0487,4242
-0.194,9887
-0.159,7162
-0.173,9510
0.0748,3733
0.347,2025
0.0381,4318
-0.174,8326
-0.39,10229
-0.132,8646
-0.423,10922
0.969,10
0.0405,4180
-0.0326,6013
-0.0942,7774
0.425,330
0.0817,4070
-0.0288,5404
-0.174,9294
0.0831,2853
0.49,188
0.372,1178
0.105,3427
-0.0353,5891
-0.114,9100
0.125,1781
0.32,199
0.104,3221
-0.0395,6858
-0.0838,6970
0.443,418
-0.00622,5631
-0.216,9131
0.00112,5347
0.0581,4205
-0.188,8291
0.0117,5012
-0.138,10413
0.071,3696
-0.0227,5921
0.148,3590
-0.0246,5799
-0.187,8421
-0.101,8967
-0.0774,7683
0.167,2484
-0.27,9744
0.185,2067
-0.107,8921
0.0126,4833
0.374,770
0.0893,2446
-0.286,10256
0.039,4212
0.0242,4567
-0.0492,6684
-0.537,7631
-0.14,8283
-0.0139,5628
0.875,128
-0.129,8731
-0.0219,6545
-0.317,10191
0.156,3328
-0.226,9184
0.354,2800
0.0625,2278
0.175,1134
-0.514,10692
-0.056,7258
-0.107,6318
0.114,2857
-0.144,9787
-0.0885,8316
0.303,851
0.0894,3934
-0.0141,5316
-0.25,8912
0.45,29
-0.13,8379
-0.592,7907
-0.0317,6521
0.22,555
0.071,3950
0.191,242
0.00697,5181
-0.249,9578
-0.0511,6520
-0.401,9683
-0.18,10265
0.0303,4619
0.0611,3852
0.0867,3927
0.0497,4108
-0.113,8451
0.0679,3891
-0.0852,8277
-0.119,8792
-0.267,7693
0.11,2243
0.174,826
-0.141,7783
-0.0619,7506
0.143,296
0.139,3935
1.7,870
-0.242,10518
0.35,811
0.157,2021
0.217,561
0.137,2509
-0.0756,6904
0.12,3129
0.00102,5485
-0.227,11023
0.0471,4130
-0.162,8381
-0.48,9757
-0.0615,6252
-0.165,7077
0.154,2701
0.0168,4782
0.0916,2074
0.214,757
0.261,994
-0.0867,7564
-0.0626,9597
-0.298,10941
-0.0436,5864
-0.121,7953
0.446,1942
-0.0293,5919
-0.103,8430
-0.269,8124
-0.061,6752
-0.0605,6550
0.197,2833
0.182,2865
-0.0516,6913
-0.303,7405
0.0364,4051
0.303,1142
0.105,2931
1.01,249
-0.184,9560
0.0054,5262
-0.133,9041
0.481,211
0.0249,4548
-0.125,7877
0.26,631
0.0513,3847
0.257,583
-0.124,7895
0.215,1234
-0.0727,6406
0.213,3182
0.362,1271
-0.153,8878
0.206,1578
-0.0631,6838
0.342,1244
0.0505,3510
-0.011,5746
-0.00241,5804
-0.145,7817
-0.121,7239
0.529,454
-0.194,9291
-0.144,8962
-0.192,10387
-0.0162,5955
0.22,855
-0.034,5696
-0.336,9502
-0.132,9926
-0.149,9198
-0.253,10572
0.0476,3943
0.108,3178
-0.213,8789
-0.0624,9384
-0.0791,8615
-0.0475,6497
0.0894,2101
-0.118,8849
0.429,1138
0.335,639
-0.0421,6235
0.0827,3677
0.535,110
-0.103,8445
0.0302,4550
0.137,2186
0.124,2702
-0.222,9511
0.155,2442
-0.0443,6799
0.115,2389
-0.317,10304
0.536,1301
0.406,1470
0.0334,4532
-0.25,10644
-0.0169,6351
0.713,1036
-0.00995,5544
0.431,850
0.0107,5057
-0.0956,8464
-0.189,9640
-0.102,9125
0.157,1276
0.207,1545
-0.39,10531
-0.123,9373
-0.0661,9073
0.154,2904
-0.0441,6395
0.0185,5160
-0.517,10231
-0.104,8307
0.0417,4133
-0.0483,6318
0.181,1518
0.0682,4535
0.00874,5397
0.203,842
-0.116,7933
-0.364,6363
-0.132,8991
-0.593,10813
-0.213,9162
-0.125,9447
0.127,2154
0.122,2095
-0.467,10856
0.136,3099
-0.221,10326
0.159,949
0.299,187
-0.34,10760
-0.429,10844
0.306,2706
-0.153,9559
-0.099,7337
0.00869,4932
0.0436,3516
-0.0493,7502
0.0607,3988
-0.374,10864
0.274,84
-0.106,7168
-0.124,8937
0.0164,4960
-0.0417,6389
-0.11,7769
-0.196,9643
-0.361,9911
-0.0639,7314
-0.162,7708
0.0524,4212
-0.0398,6047
0.0617,3297
0.0472,3649
0.177,2376
-0.000727,5324
0.273,1134
-0.064,8236
0.1,2954
0.027,4065
-0.0962,6788
0.167,1326
0.512,70
-0.425,10519
0.144,2259
-0.288,10629
-0.207,9637
0.126,2898
0.936,91
-0.0428,6514
-0.064,8165
0.636,84
-0.281,9844
0.0279,4247
-0.212,9330
-0.233,10515
0.0374,4501
-0.0497,6655
-0.18,9142
0.496,1119
-0.341,8263
0.0222,4810
0.111,1714
0.237,1065
-0.122,7820
0.325,165
-0.103,6824
-0.271,8515
-0.15,9696
-0.0619,8094
-0.162,7932
0.583,199
0.0732,3637
0.183,1517
-0.0107,5531
0.126,2731
0.132,1866
0.455,289
-0.0278,6038
0.484,185
-0.018,6184
0.255,792
-0.13,8110
0.212,809
0.14,2998
0.0594,4350
-0.0966,7578
0.0255,4579
0.0787,3534
0.0698,4128
-0.0515,6532
-0.0387,6894
0.000253,4869
0.00507,5324
0.187,2165
-0.0863,7317
-0.157,9060
0.000732,5176
0.0791,2041
0.0751,2872
0.0921,3251
-0.278,9058
0.158,3328
0.304,424
0.163,1116
-0.0486,6487
0.253,558
-0.181,8319
0.202,956
0.00504,5145
0.42,346
-0.235,10940
-0.087,6086
-0.417,10465
-0.107,8649
-0.124,6789
-0.21,10686
0.0725,2774
-0.064,7051
0.0859,3321
0.0931,2603
-0.331,10947
0.0771,3513
-0.0966,7149
0.163,1284
-0.172,8517
0.506,1268
-0.139,10052
-0.279,10502
0.0508,3987
0.0859,3050
-0.0595,6243
0.064,4079
0.0803,4154
0.186,1308
0.0167,5040
-0.0736,6394
-0.175,8509
0.0734,3030
0.126,2184
0.0856,1755
-0.0776,8742
0.249,1857
0.205,3246
-0.209,8694
-0.00632,5447
-0.0517,7188
-0.0161,5849
0.222,1201
0.119,2148
-0.213,7859
-0.00508,5205
0.0855,3403
0.138,848
-0.131,8078
-0.266,10820
0.615,1504
0.0905,3524
-0.047,7555
0.0771,3317
-0.0388,6511
-0.00225,5536
0.0657,2842
-0.0686,7006
-0.116,8440
-0.0616,6763
-0.0733,7462
0.0416,4760
-0.0841,7868
0.0929,3016
-0.00715,5713
0.0682,3302
-0.00821,5497
0.412,1649
0.136,3611
0.0267,4690
-0.0175,5775
0.0262,4603
-0.26,9228
-0.411,10569
0.347,924
0.663,130
-0.0861,7796
-0.204,9131
-0.57,10999
0.0639,3438
-0.271,10466
-0.045,6052
0.022,4313
0.0161,4500
0.187,1612
-0.276,9750
-0.133,8855
0.103,2532
-0.0443,6727
-0.252,10715
-0.0163,5767
-0.0675,6696
0.267,2627
0.175,3147
0.123,2468
0.0728,3429
-0.0128,5907
-0.0397,6159
-0.176,9037
-0.197,9835
-0.284,11012
0.159,441
-0.255,9162
-0.092,8096
-0.137,7086
0.0487,4311
-0.0937,8506
-0.0718,7414
0.121,2821
-0.11,7583
-0.16,6711
-0.0415,5325
-0.0143,5537
-0.0887,10316
-0.105,7961
-0.0355,6604
-0.0273,6075
-0.511,10401
0.388,522
-0.187,10038
0.867,177
0.389,838
-0.175,8027
0.0579,4003
0.0952,2672
-0.145,9955
0.147,1575
-0.0668,6289
0.119,2982
-0.0403,5746
-0.0925,8463
0.117,1733
0.542,872
0.192,1727
-0.21,8031
0.183,1348
-0.0269,6298
-0.0399,7000
0.104,3483
-0.0349,6165
-0.183,8964
1.25,73
-0.0742,6928
-0.158,9903
0.157,1737
0.324,1145
-0.0595,7063
0.0315,3179
-0.00146,5736
0.0707,2785
0.085,2566
0.0293,4571
0.145,2449
-0.203,10756
-0.17,8077
0.118,2751
-0.012,5710
-0.0632,7164
0.235,1976
-0.0825,6032
-0.0168,5791
0.135,589
-0.132,8622
0.0128,5257
0.121,3878
-0.0207,5751
-0.0635,6538
0.127,1389
0.478,559
0.231,1444
-0.06,5526
0.377,1243
-0.172,10030
0.00522,5195
0.317,1329
0.0503,4479
-0.111,8184
-0.114,8942
0.161,2449
0.0263,4382
0.107,2855
-0.0257,6542
-0.119,8123
0.0904,3786
-0.0654,6705
-0.266,10542
0.095,3088
-0.198,8853
0.14,2630
0.125,2620
0.00201,5027
-0.0842,6681
0.211,2372
0.0516,4069
0.1,2508
0.434,18
0.0517,3200
0.0952,1896
0.185,1876
-0.173,7363
-0.266,10186
-0.115,7935
-0.0554,8576
0.167,1118
0.146,3262
0.00422,5197
-0.0437,5922
-0.0484,6505
-0.298,10108
-0.0201,6415
-0.125,8688
-0.311,9270
0.582,200
-0.269,10382
0.294,1463
0.0282,4525
-0.0061,5455
0.181,3061
-0.257,8585
0.213,1198
0.249,683
0.103,2218
-0.124,8162
-0.0223,5864
0.0533,4427
0.186,1284
-0.0816,7567
-0.108,8800
-0.0967,7458
0.14,3018
0.273,1324
0.0481,4254
0.0564,2472
-0.0216,6156
0.015,4501
-0.456,10618
-0.472,10811
-0.0222,5483
0.0427,4102
0.0708,3682
0.544,120
0.111,2154
0.0292,4020
0.0542,3292
-0.31,10944
-0.036,5976
0.0495,3923
-0.281,9494
-0.279,9224
-0.206,10426
-0.121,10382
-0.3,10538
0.309,397
0.0672,3478
-0.102,6296
0.126,1608
0.0078,5015
0.102,2597
0.154,2233
0.0196,4584
0.0626,4204
-0.095,7008
-0.123,9849
0.149,2916
-0.147,8843
0.599,220
-0.623,10604
-0.0044,5731
0.00584,4998
0.201,2545
0.34,479
-0.184,9101
0.117,2103
-0.00461,5654
-0.0408,6932
-0.000182,4976
0.158,3271
-0.642,10113
0.43,215
0.00544,5159
-0.0958,9107
-0.138,8543
0.389,14
-0.325,6958
0.212,2540
0.0171,4922
0.074,3268
0.00649,5241
0.124,2917
-0.0186,5935
0.0552,4406
0.119,2166
0.0478,3595
0.00332,5173
0.0392,4681
-0.00233,5031
-0.193,9018
-0.404,10952
-0.295,8069
-0.277,10150
-0.0463,6514
0.308,760
0.125,2606
0.049,3292
-0.174,9275
-0.00865,5615
-0.157,8608
-0.452,10895
-0.0706,6006
0.181,1901
0.0238,4496
0.0389,3916
0.0692,4043
-0.0614,5247
-0.257,8644
0.16,1257
0.0954,1279
-0.00781,5361
0.173,2695
0.376,1399
-0.0779,7647
-0.0725,6369
0.193,1549
-0.0723,7385
-0.0723,7446
0.00884,4959
-0.0362,6905
-0.0277,6560
-0.0367,7246
-0.16,5391
-0.689,8670
0.156,1950
-0.154,8209
-0.131,8584
-0.0123,5274
0.473,1083
0.0804,4138
0.0378,4597
0.0315,4427
-0.122,9395
0.0524,4115
-0.288,9733
-0.0683,6501
0.428,1048
-0.309,10430
0.00422,5215
-0.16,8401
0.0325,3927
-0.144,9733
-0.104,8632
-0.0165,5770
-0.0889,8233
-0.112,9249
0.553,218
0.0398,4476
0.562,331
0.605,287
-0.0166,5910
-0.155,9083
0.00609,5265
0.157,2729
0.0295,4466
-0.112,7628
0.0143,4680
-0.196,9859
0.0831,3722
0.193,1127
-0.285,7125
0.000833,5335
-0.0796,7362
0.149,2518
-0.0192,5799
-0.111,9283
-0.109,7250
-0.129,6816
-0.128,10102
-0.141,9456
0.537,286
-0.233,8615
-0.0498,7085
-0.462,10141
0.171,616
-0.132,9168
-0.144,8123
0.0418,4102
-0.134,8160
0.628,1760
0.0997,2488
0.0201,4944
-0.0265,5707
0.224,869
0.332,675
-0.0756,6363
0.0868,2272
0.141,1913
0.0847,2959
-0.00764,5609
-0.101,7490
0.00124,5229
0.0848,3807
-0.0874,7080
-0.21,8758
2.34,45
0.00459,5005
0.523,1924
-0.0609,7205
-0.179,10931
-0.589,7409
-0.393,10249
0.0182,4289
0.352,1051
-0.0288,6800
0.0583,3111
-0.0643,6763
-0.311,9578
0.0373,4571
-0.371,10082
0.0255,4376
0.287,312
0.0282,4291
-0.156,7632
0.0819,3446
0.152,2900
0.184,1540
-0.0448,6700
0.182,2352
-0.0166,5264
0.349,880
-0.185,8705
0.217,1698
0.129,1140
0.15,2995
-0.403,10928
0.461,1244
-0.256,6675
-0.236,10184
-0.0187,6311
0.118,2173
0.206,1972
-0.172,7674
0.396,618
-0.0277,6179
0.0461,4371
-0.0436,6255
0.0646,4128
-0.355,10246
0.0514,3738
0.124,2024
-0.0399,6393
0.161,1471
-0.0944,9269
0.0675,4058
-0.0682,7340
-0.0128,5615
0.0298,4382
-0.0907,7008
-0.184,9364
-0.264,9608
-0.09,6766
-0.222,10589
-0.106,7716
-0.254,10414
0.0425,4409
0.653,253
0.374,209
0.0957,2013
-0.101,8423
0.0415,4424
-0.0146,5630
0.469,34
0.429,1481
0.0832,2360
-0.152,8511
-0.217,9799
0.0619,3761
-0.119,6626
0.339,1633
0.0588,3060
0.0833,2959
-0.107,9287
-0.0189,5416
-0.389,10180
-0.282,10659
-0.267,10194
0.204,278
0.206,1041
0.39,113
-0.196,7278
-0.112,8777
0.148,730
-0.117,9279
0.172,1763
-0.249,8999
-0.23,9347
-0.208,6929
0.0741,2360
0.0779,3987
-0.149,7496
0.0279,4905
0.0487,3563
0.158,1030
0.0946,3137
0.175,842
-0.146,9770
-0.0813,7913
0.0509,4649
0.0718,3776
0.309,1466
-0.049,6072
-0.0265,5268
-0.3,9538
0.164,1556
0.0839,3020
-0.0497,6331
-0.279,8082
0.00336,5214
0.118,2998
-0.16,9682
0.0963,790
0.26,1076
0.172,1362
0.0946,3721
-0.242,10501
0.0139,4754
-0.0512,6548
0.325,525
0.263,1692
-0.583,10839
0.066,3685
-0.0661,6880
0.0669,3002
-0.387,9547
-0.0894,7479
0.0888,3693
0.0157,4870
-0.057,7807
0.0198,4622
-0.146,8300
0.162,1292
0.263,1445
-0.0741,8924
0.0619,3138
0.117,2454
0.179,1217
-0.0783,7050
0.027,4509
-0.168,9868
0.0927,2577
-0.0438,6304
-0.186,10092
-0.165,8717
-0.298,8191
-0.175,9230
0.0852,1597
-0.0126,5766
0.0397,3646
0.434,643
-0.233,9381
0.0941,1823
0.00028,5089
-0.276,10559
0.0293,4632
-0.0695,6239
-0.0664,6618
-0.0261,6088
0.0911,2198
-0.0886,7726
-0.353,10804
0.178,2203
0.0798,3363
-0.0748,8022
-0.211,9950
-0.147,8473
-0.0614,6646
0.127,2140
0.22,1886
0.0187,4413
-0.00288,5506
-0.0806,7764
0.00917,5180
-0.352,10833
-0.216,8497
-0.273,10989
-0.0916,7819
0.0629,3551
-0.0406,6622
-0.0606,6934
0.238,360
0.0763,3518
0.0206,4736
-0.29,8023
0.0117,5030
-0.198,8962
-0.0343,5332
-0.0275,5905
0.143,1552
0.547,41
0.247,1103
0.403,1838
-0.159,10012
0.0168,4858
0.0427,4366
0.278,643
-0.25,9194
-0.524,11006
-0.0113,5826
-0.00656,5422
0.00745,5136
-0.0123,6023
0.0789,3801
-0.0435,6694
-0.0132,5831
-0.0618,7152
-0.246,8550
0.033,4512
-0.0607,6099
0.202,2051
-0.101,7543
-0.234,9667
0.0329,4710
-0.136,9065
0.165,2163
-0.182,7427
-0.124,10486
0.263,1345
-0.165,8215
-0.336,9698
0.163,2742
0.193,1723
-0.307,11011
0.079,2873
0.658,108
0.126,3071
-0.176,8766
0.181,1123
0.0413,4311
-0.0358,6081
0.0673,3798
0.00161,5263
-0.0528,6787
-0.214,9434
-0.0669,6896
-0.106,7627
0.0242,4538
-0.0509,5831
-0.248,9777
-0.0456,6385
-0.0634,7376
-0.0335,6237
0.0691,3418
0.215,1019
-0.198,10759
0.043,4001
-0.0128,5971
0.0574,3314
0.0183,4778
-0.0177,5790
0.177,309
-0.165,8523
-0.183,10547
-0.161,10801
-0.285,10547
0.257,1553
-0.478,10047
0.258,1378
0.266,626
-0.0286,7486
-0.238,10341
-0.153,8779
0.22,1053
-0.526,10914
0.31,655
-0.208,10640
-0.263,10619
0.494,141
0.0148,4866
0.0746,3637
0.115,1372
-0.118,8092
-0.389,10958
-0.464,10678
-0.135,9942
-0.484,10456
-0.103,9929
-0.0948,9454
0.278,1762
-0.447,10155
-0.224,8974
-0.0444,5431
-0.0389,6125
-0.0971,7570
-0.31,9495
0.242,1072
-0.68,11032
0.218,2570
0.0154,4807
0.035,4377
-0.0458,6545
0.186,1342
-0.325,9637
0.857,440
-0.19,8804
-0.216,10804
0.0436,4258
0.194,1373
-0.0535,6803
-0.0778,8097
-0.223,10300
-0.0335,5883
-0.177,8720
0.294,396
-0.235,10514
0.623,2159
-0.104,8528
-0.0399,6875
-0.0639,5605
0.105,4230
-0.0605,6546
0.172,2864
0.338,101
0.371,337
-0.213,9660
-0.277,9502
0.244,569
-0.116,8255
-0.153,9680
0.0283,3723
0.0658,4102
0.222,1923
-0.0472,6204
-0.0714,6864
0.0466,3389
0.229,694
1.07,152
0.289,1527
-0.117,7615
-0.0457,6772
0.12,1745
-0.055,6517
-0.355,10756
0.0526,4082
0.668,1190
-0.16,9011
-0.239,7843
-0.0143,5896
-0.194,10161
-0.119,7822
0.222,1133
0.00232,5395
0.022,4879
0.361,991
0.518,120
-0.0735,6728
0.469,327
0.311,1118
0.102,2721
0.0754,3333
0.0113,4956
-0.137,8667
0.0837,2587
-0.061,7160
0.0299,4462
-0.017,5899
-0.131,9741
0.136,1916
0.117,1355
-0.0453,6641
0.0275,4548
-0.00173,5352
0.0952,1852
-0.00207,5067
0.0182,4540
-0.274,9724
-0.121,8502
-0.5,10998
-0.123,8801
0.0831,3416
0.169,1101
-0.0816,7519
-0.0899,8283
-0.0324,6970
-0.2,9780
0.269,691
0.281,1872
0.207,3173
0.0977,1405
0.0163,4376
0.0683,3427
-0.0379,5973
0.264,642
-0.0886,6872
-0.144,9895
0.122,2496
0.389,1051
0.615,249
0.141,2763
0.438,536
0.148,2672
-0.0352,6396
-0.16,6072
0.342,2161
0.296,623
-0.366,7493
0.162,2497
-0.0252,5460
-0.356,10585
-0.0476,5510
-0.176,10284
0.111,2815
0.0345,4470
0.0366,4171
-0.148,7281
0.123,2984
0.2,482
0.099,3062
0.12,2026
0.154,1568
-0.0922,6685
0.0652,3993
0.0809,1257
-0.044,6634
-0.13,8178
0.0952,3975
0.0816,2528
-0.0284,6814
-0.119,7856
-0.542,10915
0.468,204
0.532,1225
-0.19,7148
0.078,689
0.081,1329
0.278,1127
0.347,1047
0.0628,3602
0.0375,4663
0.00648,5096
0.0797,2679
-0.00913,5743
0.27,1316
-0.0345,6603
-0.0352,5861
-0.0253,6253
0.0953,2085
-0.0188,6181
0.178,1591
-0.203,9367
-0.297,10173
-0.354,9435
-0.498,10979
-0.116,9430
-0.0341,6082
-0.367,9171
-0.058,6831
-0.0701,7036
0.23,911
0.0258,4632
-0.108,9220
-0.0552,6134
0.291,177
0.0864,3494
0.201,681
0.0353,3856
0.273,362
0.027,4334
0.0782,4094
0.17,3330
0.0481,3853
0.116,2797
-0.0439,6344
0.335,480
0.239,856
0.215,369
0.504,1177
0.0623,3713
-0.0497,6309
-0.0312,6300
0.32,1711
0.00906,5117
-0.0241,6422
0.0804,2209
0.0915,3859
0.106,2795
0.15,2529
0.0759,2609
-0.202,10015
0.0654,3279
-0.0493,7118
0.151,2576
0.021,4727
0.185,3077
0.264,1395
-0.156,9713
0.181,2403
0.115,2474
-0.557,10307
0.541,1089
0.142,1948
0.0758,2686
0.0296,4379
-0.127,9268
-0.11,7950
-0.119,8361
0.264,1801
0.0122,4925
0.0363,3992
0.0253,4672
-0.0104,5382
0.101,3539
-0.13,7922
0.225,1303
-0.0882,7465
0.0978,3261
0.139,2122
0.176,2268
0.0815,1251
-0.0943,6424
0.0164,4892
0.227,661
0.208,1300
2.53,45
-0.115,9840
0.0812,2160
-0.289,9317
0.247,2236
-0.41,10173
0.446,2474
-0.132,8936
-0.0149,5763
0.0817,3437
0.0776,2720
-0.261,9145
0.275,632
-0.223,9320
0.0861,3739
-0.00873,5225
-0.169,7309
0.283,1062
0.00996,5066
-0.5,11021
0.103,3295
-0.0289,6111
-0.369,10326
-0.0477,6316
-0.0867,7681
-0.496,10908
0.0265,3858
-0.031,6452
0.0937,2174
-0.553,10853
0.31,1239
0.431,20
0.0113,4793
0.15,2218
-0.269,10956
-0.28,10180
0.0939,3565
0.0575,3868
-0.0285,7841
0.0966,2664
-0.0626,6593
-0.0279,5733
0.425,543
-0.00217,5321
-0.0368,8248
0.0157,4751
0.123,2267
-0.0398,5995
-0.185,9747
0.366,312
0.00592,5180
-0.148,6584
0.0304,4454
-0.298,10053
0.101,3266
0.188,2564
-0.0442,7245
-0.0357,6320
-0.206,8769
-0.0775,8022
-0.0794,6558
-0.0819,7172
0.0505,3723
-0.196,9572
0.185,1279
-0.126,6428
-0.0281,5852
-0.0999,9720
0.0148,4584
-0.156,8321
-0.582,11034
-0.013,5707
-0.0392,6551
-0.172,10566
-0.0021,5135
-0.0833,6965
0.143,1963
0.0818,3725
0.232,1991
-0.219,8589
-0.044,7249
-0.148,8904
0.243,2232
0.529,1339
-0.416,10816
-0.0804,7260
0.128,1163
0.126,2014
0.0352,4083
-0.0633,6439
-0.0325,6060
-0.0774,7854
0.0225,4590
0.35,1680
-0.178,9205
-0.0603,6691
-0.259,9664
-0.0791,8108
-0.0847,8428
-0.459,10945
-0.358,10325
-0.134,7307
-0.0559,6541
-0.295,11001
0.0532,3534
0.29,2370
-0.167,7784
-0.107,7610
0.504,2276
0.0322,3765
0.135,2024
0.191,3435
0.201,1584
-0.241,9309
-0.0222,5448
0.139,2681
-0.193,10278
0.17,1015
0.174,1534
-0.0199,5791
0.0776,2244
0.0288,4772
-0.261,9745
-0.297,10064
0.233,992
-0.351,9385
0.566,121
-0.0257,6227
-0.0881,7891
-0.012,5464
0.0763,2995
-0.172,7445
-0.54,10241
0.0044,5460
-0.152,8114
-0.321,10523
-0.149,7750
-0.0598,6692
-0.00949,5998
0.0781,1912
0.0142,4733
-0.304,10606
0.0436,4123
0.0911,2657
-0.0662,6180
-0.119,8613
0.344,443
0.0166,4614
0.315,1632
0.0252,4668
-0.0917,7181
0.311,1615
0.0122,5131
0.357,396
-0.56,9093
0.0594,4138
0.0405,4278
-0.0613,7187
-0.106,9598
-0.468,10929
0.0158,4935
-0.172,8786
3.86,607
-0.0203,6253
-0.374,8571
0.0503,3884
-0.0232,6085
-0.269,5494
-0.311,8875
0.0109,4953
-0.00715,5459
0.203,1909
-0.275,10747
0.0308,4571
0.389,712
0.348,441
0.0592,2953
-0.154,8460
-0.11,6649
1.51,299
-0.000155,5090
-0.248,10969
0.0477,3368
-0.552,10275
0.756,367
-0.0577,6560
-0.195,9401
-0.0999,8425
0.0406,3957
-0.0383,6764
-0.351,10774
0.74,678
-0.2,9096
-0.199,10717
0.00927,5163
-0.217,9537
0.0221,4867
-0.257,9959
0.0837,3365
-0.0309,6534
-0.225,10209
-0.146,8349
-0.099,8855
0.0237,4429
0.0944,2989
-0.00882,5635
-0.18,9550
-0.00291,5098
-0.0696,7570
0.12,2472
0.373,206
0.203,1373
0.0926,3760
-0.186,9522
0.0701,3338
-0.22,10809
-0.0447,5928
-0.163,8849
0.148,2315
-0.0171,5659
0.126,2179
0.113,2667
-0.0376,6063
-0.0565,6923
0.0502,4440
0.395,489
-0.016,5828
0.22,1191
0.259,2027
-0.103,8074
-0.212,10035
0.000635,5455
0.0718,2975
-0.0251,6007
0.719,1133
0.128,2471
-0.447,10886
0.0718,3466
-0.0714,8800
0.221,330
0.249,2402
-0.534,10911
-0.0392,6668
-0.34,10353
0.0386,4065
0.0568,4282
0.0242,4778
0.046,4407
-0.0709,7460
-0.000958,5339
-0.227,9613
-0.0763,9329
-0.158,9567
-0.046,6442
0.0167,4984
0.0421,3760
0.15,2691
0.0468,3321
-0.117,6372
0.0532,4341
0.0257,4575
0.236,1722
0.0576,4004
0.0797,2171
-0.00774,5995
0.00873,4985
0.0551,3958
0.208,2431
0.0582,3545
-0.0357,7347
-0.052,6701
0.108,3258
0.314,2006
0.0439,4660
-0.171,8718
0.0901,4311
-0.223,9555
-0.117,8067
-0.105,7219
0.15,1825
0.00341,5318
0.0994,2389
0.367,95
-0.235,9935
0.295,1147
-0.176,6695
-0.128,9052
0.325,203
0.0986,2623
-0.186,9295
-0.16,8706
0.0175,4634
-0.246,9922
0.321,76
0.235,2072
0.115,2692
0.00939,4912
0.0373,4314
0.0715,1568
-0.394,10282
0.0216,4958
-0.0174,5887
0.174,1639
-0.0754,6441
0.186,267
-0.126,9053
0.285,1864
-0.242,8787
-0.437,10729
0.183,3521
-0.0902,8612
0.151,3010
0.0978,3146
0.233,455
0.0458,4339
0.465,310
0.146,752
0.102,3184
0.259,1103
0.0123,4874
0.968,167
0.263,1529
0.276,536
0.0142,4854
-0.0626,5904
-0.0214,5757
-0.134,7323
-0.0391,5912
-0.134,8133
-0.00902,5428
0.0432,3891
0.152,1906
0.00776,5204
-0.484,10740
0.0362,3978
-0.0643,7442
-0.0984,7149
1.21,5
1.69,238
-0.0458,5344
-0.099,8948
-0.0798,7708
-0.0735,6946
0.0193,4497
-0.124,7734
0.108,991
0.0359,3940
-0.0465,6384
-0.271,9620
0.0646,3439
0.0188,4657
0.0598,3121
0.195,1841
0.0724,3563
0.222,225
0.0106,4930
0.495,349
-0.141,6876
-0.0233,6247
0.0184,4906
-0.0945,8039
0.556,517
0.0646,4048
-0.486,9023
-0.255,10848
0.00821,4730
0.123,3071
0.145,3109
-0.18,8749
0.165,1249
-0.072,7260
-0.0058,5538
0.0296,4756
-0.189,8812
-0.101,8017
0.426,250
-0.312,9786
-0.0251,5966
-0.225,10704
-0.165,10227
-0.0214,5806
0.211,2700
-0.152,10101
-0.0154,5890
-0.252,10337
-0.089,7178
-0.3,10982
0.412,2412
-0.101,8306
0.0465,3912
-0.129,8549
-0.149,9240
0.288,1592
-0.264,10746
-0.101,8465
-0.108,8733
-0.0505,4482
-0.368,10356
0.0884,3636
-0.052,5946
0.0183,4835
0.0366,4356
-0.00538,5535
-0.703,9645
-0.112,8588
0.118,1356
0.00907,5000
0.0547,4023
0.00835,4941
0.17,1994
-0.0778,6782
-0.125,7948
-0.14,9418
-0.0622,6609
0.153,3623
-0.314,9823
-0.508,10700
-0.0306,6493
-0.0229,6457
0.00231,5251
0.348,613
-0.165,7384
0.14,2457
0.0798,2978
-0.00323,5515
-0.235,8653
-0.0486,6329
0.073,3308
0.669,225
-0.0254,5815
-0.115,9766
0.0789,3601
-0.0698,6691
0.133,2828
-0.412,6677
-0.116,8576
-0.00263,5668
0.0547,3847
-0.0835,6881
-0.159,8494
0.0277,4293
0.294,205
-0.0467,7335
-0.227,10261
0.115,3182
-0.328,10425
0.489,102
-0.0207,5691
-0.0614,8588
0.132,1823
-0.148,8071
-0.0659,6792
-0.0216,5501
0.241,233
0.0912,3175
-0.0279,6409
0.0284,4531
0.0266,4654
0.171,691
-0.186,10573
0.0967,2329
0.0671,3092
-0.246,10510
-0.0709,7416
-0.798,10980
-0.178,9546
-0.0821,9138
0.0845,3338
0.257,812
0.122,3383
0.183,2492
-0.315,10648
-0.00707,5744
-0.18,9196
0.0556,3986
0.168,1502
0.0776,3971
0.337,818
0.0569,3255
-0.0704,6662
0.669,747
0.206,273
0.17,2534
0.389,316
0.397,1521
0.229,1320
0.435,120
-0.245,10940
-0.107,7791
-0.28,10206
0.201,1470
-0.178,7575
1.07,778
-0.228,9006
0.0995,2110
-0.0627,7475
0.108,2679
-0.224,7765
0.0827,4213
-0.213,10657
-0.281,10983
0.123,3166
0.224,1564
0.12,3928
0.167,2915
0.459,718
-0.0793,7784
-0.122,8249
0.043,4105
0.000423,5301
-0.019,5693
-0.218,9516
-0.0435,5655
0.133,1095
-0.294,10858
0.0643,4316
-0.209,8930
-0.134,8953
-0.378,10795
-0.211,9300
0.0668,3273
0.0764,2160
-0.0595,6778
-0.131,10142
-0.0521,6499
0.368,216
-0.13,7769
-0.305,7706
0.0467,4036
0.264,1010
0.248,656
0.0703,3679
-0.151,8494
-0.252,9797
-0.23,7862
-0.015,5844
-0.183,9477
-0.123,7186
0.0113,4883
0.0127,5063
0.147,2711
0.118,521
0.169,1865
0.682,308
-0.611,10834
0.0236,4340
0.0356,4284
0.204,1037
0.0851,2099
0.181,865
-0.11,8734
0.103,2849
-0.0684,6315
-0.229,10451
0.0907,1459
0.0775,4004
0.0331,4619
0.212,1542
-0.211,8541
0.012,4865
-0.135,8713
-0.0413,6060
-0.136,8795
-0.152,7761
0.204,2627
-0.0823,7422
-0.165,9397
0.0333,4573
-0.0092,5285
0.349,2722
-0.45,8666
-0.253,10759
0.116,3198
-0.122,4206
0.0868,4154
-0.172,7546
-0.116,7396
-0.306,10702
-0.109,9809
0.0593,3474
0.339,1790
-0.191,9841
-0.198,9807
0.0874,2030
0.231,730
-0.285,10973
0.0154,4566
-0.0599,7054
0.392,639
0.0856,1413
-0.134,10601
0.146,1631
-0.435,9766
0.195,1336
-0.494,10964
-0.253,10679
-0.154,10126
0.0285,4380
-0.0641,7944
-0.187,10716
0.394,918
0.00753,4992
-0.29,10941
-0.122,8919
0.0462,4104
0.0985,3683
0.0926,3030
0.0508,3531
0.117,1729
-0.254,9961
-0.103,8240
-0.308,9360
-0.0778,6594
0.049,3873
-0.0169,5594
-0.157,10250
0.157,2939
-0.00971,5428
0.0458,3531
0.512,337
-0.144,8458
-0.203,8649
-0.0437,6841
-0.00376,5272
0.277,1517
0.0442,3923
-0.188,10403
-0.0441,6668
-0.1,6902
0.291,1056
-0.145,7252
0.0975,2336
-0.206,10988
0.226,2205
-0.283,8667
-0.0108,5426
0.0401,4531
0.251,736
0.339,313
0.0895,2965
-0.275,9892
0.00392,5076
-0.0484,6321
0.207,2117
0.0832,2790
0.117,2875
-0.117,7991
0.148,2652
0.896,311
-0.449,11029
0.516,214
0.193,505
-0.357,10229
0.275,2102
-0.168,9433
-0.313,10175
-0.122,9473
-0.0789,5695
-0.217,9075
0.163,1770
-0.046,6435
0.054,2929
-0.195,10129
0.327,148
-0.00993,5886
-0.0662,6012
0.632,128
0.222,1124
-0.172,9823
0.0853,3707
0.1,3463
-0.235,9395
0.148,2538
0.117,2265
-0.511,10847
0.0736,3047
0.0213,4601
-0.124,9108
0.0421,3575
0.0207,4086
0.0261,3905
-0.165,9798
0.327,1122
-0.0501,5861
0.0243,4848
0.0511,2480
-0.343,10973
0.044,3309
-0.291,10534
0.309,1362
0.162,2541
-0.412,9612
0.298,344
-0.162,8193
-0.0574,7136
-0.0167,6265
-0.00483,5110
-0.179,9455
0.0727,3330
-0.224,10021
0.135,2740
0.0888,4204
0.0368,3768
0.05,3323
0.0254,4349
0.146,709
0.274,370
0.0426,4750
-0.272,9134
0.0897,2203
0.0461,4029
0.322,2011
0.0386,4634
0.0763,3608
0.0119,4938
-0.0252,6080
0.00941,5014
-0.0953,7888
0.0101,5260
-0.0268,6339
-0.233,10707
-0.0645,7228
-0.206,9155
0.125,2519
-0.354,10830
0.0355,4302
0.261,929
-0.099,7579
0.56,149
0.17,3588
0.0109,4795
-0.0217,5893
0.329,591
-0.0808,7166
0.189,830
0.138,3800
-0.0213,5548
-0.109,7198
0.105,3482
0.139,2195
0.0311,4178
-0.0301,5793
0.0513,4114
-0.351,10311
-0.143,7815
0.00843,4958
-0.383,10949
0.0901,3348
-0.196,10183
0.131,1308
0.242,2119
0.0497,3932
-0.0447,7476
-0.191,9070
-0.00737,5526
0.0593,3423
-0.00438,5171
0.0749,3140
-0.501,9884
-0.109,7079
0.00953,5002
-0.236,10462
0.0316,4052
0.038,4545
0.059,3292
-0.0459,5991
0.164,2281
-0.276,10201
0.443,100
0.169,1440
-0.00364,5553
0.091,3159
0.0987,3191
-0.197,9483
0.056,3799
-0.0534,8238
-0.22,9722
-0.0718,8348
0.279,1113
-0.281,9640
-0.000554,5016
0.00683,5183
-0.0528,6016
0.0795,3769
-0.229,9016
-0.296,9844
-0.151,10453
-0.0555,7171
-0.338,9996
-0.0584,6386
0.0964,2444
-0.0137,5751
0.0634,1694
0.127,246
-0.28,10918
0.126,3296
0.0146,4893
-0.00616,5390
-0.184,9983
-0.0113,5478
-0.095,7213
0.00365,5212
-0.00951,5318
-0.186,6981
0.0813,2503
0.44,680
0.0561,4309
-0.459,11007
0.548,65
0.284,814
0.00674,5084
0.219,537
1.59,396
-0.125,7256
-0.0284,5451
0.2,2303
-0.0316,7170
0.0514,4138
0.13,2473
0.229,877
-0.201,10627
0.0287,4621
0.0359,4080
-0.23,10832
0.00373,5486
-0.252,8234
0.15,2595
-0.592,10613
-0.00896,5888
-0.0364,6342
0.226,2288
-0.268,10523
-0.3,8080
0.0747,3974
0.0368,4221
0.0743,2996
0.147,2818
-0.0522,7362
-0.286,9505
-0.0842,6626
-0.204,10640
0.0128,4383
0.593,203
-0.75,10945
0.0187,4755
-0.109,8678
0.0259,3797
0.141,2561
-0.143,9070
-0.0181,6152
-0.395,10622
-0.116,7763
0.176,963
-0.0547,6825
0.187,1638
0.0175,4627
0.0666,4400
-0.0683,7990
0.436,242
0.054,2658
-0.244,8835
-0.0987,8290
-0.157,5992
0.0341,3989
0.137,2705
0.123,1989
-0.0893,8649
-0.0428,6785
0.343,1594
0.201,2268
-0.0673,8108
-0.0174,6136
-0.122,8430
-0.177,7362
0.127,3027
-0.07,6060
0.187,2019
-0.023,6228
-0.191,10585
0.179,1717
0.00396,5414
0.233,1830
-0.159,10247
0.0408,4184
0.27,1390
0.144,2747
0.0665,3863
-0.0514,6608
-0.0145,6040
0.0233,4709
-0.047,6502
0.189,2177
-0.136,7243
0.149,3313
-0.149,8398
0.057,3274
0.317,1846
-0.0317,6271
0.225,2183
0.305,1006
0.159,2024
-0.206,10675
0.0358,4437
0.553,83
-0.195,9441
-0.136,8058
-0.104,8488
-0.0994,6411
0.152,3175
-0.107,8150
0.23,2798
0.376,327
0.0979,2412
0.0819,2920
0.145,3165
-0.132,8479
0.0737,3100
-0.17,9143
0.0716,3741
0.112,3128
0.213,986
0.102,3554
-0.251,10737
0.0673,3757
0.0545,3304
-0.0343,6765
-0.514,10743
0.174,2399
0.605,390
-0.273,9079
0.043,3842
0.076,3297
-0.358,10187
-0.314,10842
0.018,4652
-0.183,8336
-0.0218,6390
-0.27,10431
-0.106,8086
0.208,2193
-0.0307,7151
0.372,1459
0.05,4198
-0.0857,6962
0.399,651
-0.0834,7618
0.29,682
-0.565,9270
-0.000569,5337
0.0375,3915
0.535,196
0.0699,2917
0.154,2340
0.192,1752
-0.018,6721
-0.0964,9067
-0.0556,6851
-0.317,11000
-0.395,8903
-0.887,9574
0.0642,3286
-0.185,10387
0.398,1428
0.521,700
-0.154,6952
-0.0314,5768
0.129,3804
-0.0128,5614
-0.108,7608
-0.147,7509
-0.0938,7018
-0.15,9574
-0.00764,5692
-0.278,10721
-0.231,10924
-0.281,9825
0.393,1208
-0.116,9380
-0.324,10838
-0.0649,6714
-0.0515,6933
-0.00194,5480
-0.319,10784
-0.0387,7340
0.213,297
0.08,3489
-0.121,8090
-0.197,10137
-0.0432,6197
0.0516,3588
-0.182,10318
0.265,2660
-0.451,10385
-0.379,10758
0.015,4661
-0.125,6070
-0.14,8597
0.0734,2932
-0.0789,7128
-0.0874,6593
-0.254,9830
0.196,745
-0.021,5941
0.116,2559
0.0431,4104
-0.0191,6085
0.124,1549
0.0731,2743
-0.0401,6164
-0.0438,5571
0.225,2757
-0.224,10531
-0.00962,5807
0.0641,3199
0.216,974
-0.23,10234
-0.0531,6711
-0.203,7713
-0.468,10894
0.11,2691
-0.175,9157
-0.339,9022
-0.259,9831
-0.356,9964
0.159,3338
-0.238,10160
-0.0774,7156
-0.127,10182
0.698,80
-0.00235,5513
0.0148,5088
0.112,1174
-0.0284,5913
0.109,2900
0.625,499
-0.0494,6274
-0.000629,4901
-0.108,7309
0.219,702
-0.295,10462
-0.0666,6945
0.00934,5130
-0.275,10358
-0.158,10441
0.183,1945
0.0854,2880
0.449,37
-0.0256,6272
0.0896,2974
-0.0337,6271
0.101,1333
-0.0625,6270
-0.0737,7680
-0.296,9686
-0.0436,6726
-0.248,10614
-0.0749,7273
0.0803,4058
0.391,599
-0.144,8587
-0.3,8847
0.393,418
0.263,99
-0.0999,8265
-0.248,10079
-0.067,7341
-0.397,9218
-0.248,9514
0.0469,3902
-0.226,8401
0.0759,3612
-0.028,5467
0.0899,3084
0.398,46
-0.0219,5780
0.26,400
0.325,1624
-0.00576,5253
0.157,2702
-0.181,9635
-0.079,7959
-0.172,9164
-0.0553,6394
-0.16,9876
-0.163,8759
0.0384,3806
-0.064,7448
0.0219,4686
0.124,2795
0.056,3873
0.305,2597
-0.0172,6030
-0.0673,7880
0.14,1762
0.104,3261
-0.211,9062
0.000419,5292
0.196,1932
-0.17,10260
-0.103,8173
0.267,1095
-0.0586,6298
-0.129,7441
-0.016,6340
0.356,2110
-0.0799,6630
0.119,3054
0.0491,4075
0.209,681
0.102,1621
0.0114,5231
-0.00422,5499
-0.509,10482
0.0764,3816
0.0515,4493
0.384,42
0.207,1219
0.209,1986
-0.228,9233
0.206,2347
-0.262,9557
0.0144,4904
-0.21,10960
-0.184,8283
0.0495,4173
0.139,3076
0.0667,3724
0.0908,2892
0.0315,3844
-0.0181,6167
0.557,1818
-0.0981,9564
0.0249,4761
0.0289,3914
0.0778,2626
0.00378,5107
0.335,418
-0.236,10166
-0.224,9420
-0.000204,5393
-0.156,8420
-0.0291,5439
-0.0242,6023
0.0507,4387
-0.288,9878
-0.014,6000
0.278,505
-0.165,7987
0.157,1373
-0.401,9052
-0.0802,7534
-0.132,8010
-0.0813,7497
-0.286,9381
-0.109,6741
-0.0328,6507
-0.169,8395
0.159,1311
-0.0101,6002
-0.182,9172
-0.106,9411
0.685,332
-0.0611,6748
0.676,736
0.156,1654
-0.119,7166
-0.0566,6584
-0.162,6729
-0.114,7666
-0.228,10637
-0.0131,5566
0.0296,4483
-0.0458,6048
-0.112,8430
-0.226,8940
-0.0804,7575
0.0879,2068
0.0797,4332
-0.27,10391
0.0414,4194
-0.0503,6078
0.0646,3416
-0.0286,5756
-0.0882,7345
0.0337,4754
-0.00067,5186
0.495,82
0.134,1372
0.232,29
0.108,2860
-0.124,7630
0.0902,3945
-0.24,10062
0.00522,4987
-0.048,6927
0.202,777
-0.1,9044
-0.273,10063
-0.0755,5957
-0.149,10152
0.127,1907
0.0409,4276
0.44,130
-0.228,8330
-0.12,7213
0.00272,5396
0.163,1903
-0.0282,6067
0.17,2490
-0.0707,6042
0.39,322
0.0678,3373
0.0221,4870
0.168,2396
-0.26,9184
-0.0919,7788
-0.258,8895
0.00684,5035
-0.0234,5828
0.0231,4665
-0.274,9647
0.289,2081
0.0618,4079
-0.299,10497
0.18,2720
-0.00641,5543
-0.233,9845
-0.254,9618
0.0464,3834
-0.254,8316
0.1,2499
-0.201,9245
-0.0597,6039
-0.0763,5302
-0.173,9960
-0.184,10773
0.0609,3252
0.149,2631
-0.138,7493
0.162,3346
-0.1,7486
-0.0799,7455
0.14,1570
-0.0476,6021
-0.129,8580
0.0338,4260
-0.237,9516
-0.0484,7667
0.191,614
0.186,719
0.274,880
-0.132,6675
0.253,2425
-0.0928,8264
0.161,1211
0.133,2996
-0.0409,6258
0.241,1172
-0.461,11002
0.191,2002
0.303,151
-0.101,9505
-0.154,8950
-0.132,7413
-0.175,7853
-0.00228,5391
-0.147,9941
0.163,2397
0.0176,4855
0.0463,4122
0.212,315
0.0369,3865
-0.129,9067
-0.102,7724
0.362,942
-0.327,8973
-0.276,9880
0.166,1632
0.00891,4851
-0.162,6595
0.0815,3457
0.527,128
-0.761,10980
-0.119,8964
0.241,998
-0.0272,6152
0.142,2348
-0.259,10209
0.181,3541
-0.0516,8638
-0.35,10180
-0.194,8151
-0.0729,6342
-0.0914,7470
0.48,50
-0.0312,6029
-0.153,9947
-0.167,9677
-0.16,8526
-0.209,7068
-0.0913,7512
0.0841,2530
0.432,998
0.0525,4293
0.0974,2766
0.154,2384
-0.0599,8665
0.0339,3985
-0.263,10342
0.304,405
-0.0488,6029
0.0897,3817
-0.0165,5419
-0.0439,7004
-0.0147,5797
0.385,1456
-0.139,7095
0.197,1863
1.56,51
-0.147,8381
-0.323,10709
-0.0175,5712
-0.0119,5662
0.0393,4239
-0.166,10190
-0.064,7335
0.00129,5252
0.526,1342
0.0365,4523
-0.123,6624
0.000172,5292
0.0286,4470
0.114,1081
-0.00999,5572
-0.115,8073
0.0956,3384
0.129,1047
0.157,772
-0.0532,7365
-0.0349,5039
-0.221,10334
0.189,568
-0.0232,6001
-0.103,7714
-0.0437,6745
0.243,904
0.161,2072
0.172,2359
0.777,263
0.0291,4071
-0.012,5255
0.469,59
-0.326,10727
-0.0416,7036
0.3,1084
-0.0239,6498
-0.0529,6484
-0.0463,6346
0.208,746
-0.212,10837
0.124,1925
-0.196,9334
0.388,305
0.129,2200
-0.069,8049
0.1,2639
-0.376,9356
-0.228,9851
-0.0913,8676
-0.0473,6168
-0.0925,7633
0.271,1341
-0.0871,8774
0.0673,2803
0.203,1563
-0.219,9930
0.173,2748
-0.238,8806
0.0455,4178
0.164,2226
-0.0189,5776
-0.123,7311
0.238,1284
0.178,1773
0.0522,4473
-0.194,10539
0.023,4831
0.227,413
0.123,2526
0.0656,3959
-0.0586,8946
-0.0411,7015
-0.0313,6193
0.253,1670
0.034,4800
-0.27,10627
0.149,3080
-0.0256,7340
0.368,30
-0.0273,6169
-0.192,8909
-0.682,10772
0.149,3132
-0.0553,7494
-0.187,9023
-0.199,10179
0.0226,4830
-0.00829,5439
0.102,2697
-0.179,9986
-0.0162,5682
0.397,136
0.278,1149
-0.16,8377
0.153,2538
-0.268,9511
-0.193,8811
-0.102,7210
0.0458,4601
0.511,229
0.0212,4582
0.0421,3701
-0.0208,5720
0.114,3170
0.134,2552
0.00232,5368
0.127,2947
0.0243,4704
0.0559,3057
0.126,1313
-0.0937,7417
0.085,3823
0.179,695
0.0799,2633
0.0195,4165
-0.027,6248
-0.194,10691
0.259,2305
0.0121,4928
0.421,298
-0.118,7839
0.0733,3646
0.419,1084
-0.0327,6120
-0.568,9460
-0.303,10394
0.0417,3768
0.184,2320
-0.196,9070
0.186,2107
0.181,555
-0.0144,5811
0.146,1423
0.114,3459
0.0907,3433
0.0384,4636
-0.0705,6767
-0.125,9195
-0.0687,7308
0.106,2279
-0.196,9115
0.271,1420
-0.24,10291
0.0912,1359
-0.15,10524
-0.248,10269
-0.057,6751
-0.139,8010
-0.0436,6206
-0.0206,5901
-0.0123,5906
0.243,2720
-0.0573,7002
-0.26,10339
0.0827,3853
-0.0682,7683
0.16,1044
0.5,130
0.158,3203
0.292,95
0.0363,4333
0.109,1910
-0.136,8743
-0.0888,7790
-0.402,10772
0.26,2092
-0.0737,7916
0.105,2448
-0.128,9268
-0.0202,5314
0.0375,4656
0.117,3711
0.108,3145
-0.585,10920
-0.0646,7688
0.159,2615
0.0487,4052
-0.128,7504
-0.0392,6456
0.0165,5007
0.109,2879
0.00815,5184
-0.148,7452
0.412,520
0.0147,4899
-0.109,8249
-0.104,7703
-0.0772,6629
-0.0717,7153
-0.174,8211
-0.013,5512
0.111,1728
0.0689,3568
-0.0484,7468
-0.137,9608
-0.0243,6160
0.207,1503
0.125,1671
-0.192,10030
-0.106,6898
0.183,341
-0.0896,6760
-0.322,10932
-0.124,10760
0.16,1127
-0.273,9841
-0.133,8273
0.153,2165
0.0542,4139
0.0354,3388
0.129,2001
-0.118,7332
0.041,4292
-0.0212,6233
-0.312,10975
-0.0941,7019
-0.204,10042
0.0192,4765
0.0963,3720
-0.209,9183
-0.233,8993
-0.146,10055
0.148,1143
0.063,3522
0.174,2385
-0.0707,6911
0.178,2749
0.000814,5372
-0.039,6563
-0.00956,5354
0.348,1932
-0.13,7398
0.156,2983
0.284,702
0.0534,3840
0.0421,4228
-0.056,6536
0.181,1436
0.0728,3048
0.116,2025
0.138,1933
-0.201,9170
-0.248,7868
-0.114,8225
0.0994,2969
-0.00752,5285
0.0293,3944
-0.0873,7355
-0.153,9119
0.403,1682
-0.125,7723
-0.0671,8407
-0.0501,8213
-0.0411,6096
0.0844,3392
-0.128,9759
-0.13,8021
0.244,622
-0.0754,8231
0.0782,3133
-0.283,10214
0.0638,3403
0.11,3739
-0.187,9748
0.104,974
0.236,1032
-0.0112,5936
0.432,1613
-0.116,8066
-0.0459,7996
0.11,1386
-0.319,10917
-0.0705,7285
-0.397,10748
0.19,999
-0.0798,7422
-0.155,10423
-0.108,9063
0.161,2374
-0.586,9497
-0.0888,7232
-0.185,10020
0.0111,5016
0.0153,4800
0.239,1621
0.04,4245
-0.113,8489
-0.0455,7755
0.114,1776
-0.0925,7848
-0.132,6318
0.00343,5251
0.566,694
-0.106,7082
0.288,702
-0.148,8332
-0.0912,8121
0.0984,2181
0.21,2333
0.108,2602
-0.00773,5451
0.427,102
-0.158,9586
0.229,950
-0.184,9253
-0.228,10258
-0.146,8725
-0.406,10371
-0.532,10684
-0.183,8440
-0.0089,5077
0.0565,3847
-0.102,8183
-0.247,9025
0.0108,4960
0.0379,4470
-0.0136,5721
-0.231,10338
-0.0354,5940
-0.136,8400
-0.107,8117
0.167,2217
-0.22,8725
-0.274,10135
0.111,3293
0.127,3196
-0.0308,5246
-0.11,8521
-0.0491,5878
-0.276,10861
0.146,1817
0.0217,5056
-0.0408,5909
-0.165,7806
0.284,1547
0.169,924
-0.226,9747
-0.107,8862
-0.0799,8285
-0.208,9167
0.309,1698
-0.0501,6377
0.167,1149
0.0445,4513
0.158,2363
-0.47,8830
-0.45,7842
-0.307,10165
-0.0519,6454
0.0558,3791
0.229,1891
0.0691,2667
0.513,8
0.0217,4366
-0.0955,8724
-0.138,8817
-0.166,8923
0.208,1515
0.106,3965
-0.167,10075
0.164,613
-0.172,8001
-0.189,9648
0.212,2190
-0.102,7604
-0.139,9560
-0.102,7362
-0.151,8094
-0.461,10824
0.196,2552
0.153,2396
0.197,887
0.0339,4541
0.296,1203
0.111,1948
-0.129,9102
-0.0711,6516
0.164,959
-0.0448,6506
0.232,848
0.268,417
-0.232,9660
0.527,299
0.019,4768
0.208,390
-0.0309,5843
-0.275,10234
0.159,2864
-0.0956,7358
-0.0199,6115
-0.198,8809
0.221,2723
0.338,502
0.0467,3966
0.147,3046
-0.112,8319
-0.0592,7445
-0.121,8208
0.208,1740
0.141,2382
0.266,711
0.104,1985
0.0505,3703
-0.482,10499
0.235,919
-0.0828,7357
0.0307,4584
0.00834,4813
0.274,425
-0.0604,6865
-0.067,7749
0.05,4173
-0.145,9795
-0.0315,6371
-0.0263,5852
-0.0441,6145
0.0845,3203
0.506,1253
-0.0654,7429
-0.25,10952
0.157,762
-0.0831,8323
0.0781,3639
0.0414,4143
-0.0341,6827
0.038,3318
-0.0259,5923
-0.227,10577
0.00543,5123
0.318,1435
0.36,371
0.224,1407
-0.101,7563
0.394,433
0.0863,3464
0.115,3220
0.0761,2841
-0.243,9786
-0.145,9081
-0.06,7213
0.116,3946
0.12,3277
-0.0192,5537
0.219,796
0.0167,4874
0.288,715
-0.169,9156
-0.0573,6478
0.0515,3805
0.0489,4129
-0.314,10878
0.341,654
-0.136,7595
0.114,3285
0.00776,5039
0.142,2137
-0.0622,7092
-0.182,8437
9.9e-05,5422
0.0104,4967
0.082,2696
-0.0331,6479
-0.143,9087
0.335,95
0.262,1728
-0.0774,7332
0.147,1708
-0.195,10334
0.116,3024
-0.169,8675
0.0184,4632
0.0726,3527
-0.00441,5511
-0.00741,5590
0.0683,4613
-0.485,10989
-0.485,8285
0.159,1295
-0.00792,5504
-0.422,9707
-0.229,7433
-0.0774,7564
-0.0338,5980
-0.114,8877
0.0828,1767
-0.156,8305
-0.515,10987
-0.348,10153
-0.0979,7225
0.0782,3291
-0.00669,5496
-0.18,7739
-0.116,7885
0.137,3006
0.187,2072
0.119,2418
0.0932,1390
0.205,2865
-0.00383,5119
0.394,873
0.173,1939
0.0708,2973
0.245,1496
-0.0898,7268
0.0399,3607
-0.265,6377
0.0404,3857
-0.15,9745
0.0154,4842
-0.222,10563
-0.198,8490
0.309,742
-0.217,7132
0.0613,2450
0.0953,2860
0.0373,4609
-0.108,7935
0.331,1550
0.284,1116
-0.0404,6761
0.268,1180
0.242,1986
-0.202,9400
-0.319,8276
-0.142,7479
0.114,2058
0.00928,5133
0.284,1039
-0.0427,6332
0.0563,3096
0.194,1873
-0.174,9549
-0.0338,6071
-0.179,8891
-0.053,6483
0.559,377
0.284,1282
-0.00119,5303
-0.0355,6938
-0.108,8844
-0.031,5921
0.205,1923
0.249,831
0.153,581
0.3,104
0.0897,3439
-0.304,10198
-0.324,10708
0.0893,2014
-0.0849,7409
0.0937,2711
-0.0547,6555
-0.0968,7656
-0.243,9541
0.31,214
-0.00838,6145
0.212,769
0.19,1414
-0.0209,5440
-0.227,10722
0.055,4279
0.0174,4700
-0.0473,7665
0.0974,3290
-0.162,8434
-0.286,9592
0.297,738
0.0794,2691
0.196,1368
-0.113,9532
-0.0127,5668
-0.0899,7306
-0.00866,5556
-0.0424,6128
0.11,2139
-0.272,10379
0.0187,4839
0.165,2504
-0.77,11012
0.0533,3178
0.0249,4341
-0.55,10998
0.276,1018
0.696,57
-0.142,9296
0.0593,3701
-0.0796,6693
0.0255,4306
-0.141,9959
0.942,183
0.124,2618
-0.0803,7625
-0.0287,6263
0.108,2226
-0.0632,7424
-0.0292,5899
-0.23,9055
0.14,1831
0.176,740
-0.0467,6257
0.106,2888
0.291,503
-0.273,10624
-0.0558,8008
-0.157,9983
-0.166,9504
-0.077,6394
0.281,2569
0.06,3732
0.00774,5024
0.0457,3255
-0.08,6920
-0.2,9088
-0.239,8129
-0.0803,7191
0.409,32
-0.253,9586
0.165,1039
-0.176,9156
-0.198,8379
0.0739,3218
0.28,296
0.0657,2960
-0.0648,7317
-0.126,8194
0.0671,3828
0.149,920
-0.313,10820
-0.00753,5601
-0.244,10855
0.0648,3901
0.214,755
0.0684,2920
0.0757,1894
0.199,2249
-0.0555,7089
0.0522,3196
0.276,1790
-0.126,8117
-0.0614,7866
0.0859,2803
0.0639,3978
0.0571,3394
-0.218,9476
-0.0319,5964
-0.208,10975
0.238,471
0.561,552
-0.276,10358
-0.207,9879
-0.0945,6488
0.0259,4581
0.0304,3957
0.195,1246
0.148,2645
-0.0794,8331
-0.385,10728
-0.0564,6512
0.0448,4043
-0.0401,5708
0.0358,4100
-0.138,8092
-0.183,9138
0.0597,2920
0.376,632
-0.00816,5637
0.0571,3360
0.0667,3787
0.118,2703
0.0408,3671
-0.132,10205
0.665,195
-0.1,7555
-0.278,8626
0.999,68
0.116,908
0.0478,2610
0.539,125
0.684,202
-0.0697,8247
0.494,162
0.19,1159
-0.0311,6771
-0.0225,6010
0.183,1121
-0.288,10210
-0.389,10151
-0.0286,6652
0.047,3481
0.0712,3451
0.148,2260
-0.191,9335
0.0473,4376
-0.119,8225
-0.0489,6576
-0.0885,8299
0.0321,4738
-0.0939,8501
0.0656,3846
0.119,1666
0.18,1001
-0.422,10974
-0.133,7623
0.107,3089
0.557,52
-0.252,9688
-0.234,9928
0.00733,4962
-0.157,9095
-0.129,9325
-0.0655,7243
-0.00508,5360
-0.307,10105
-0.164,10664
-0.0917,7423
0.138,1664
-0.301,10886
-0.291,9249
0.133,2666
0.124,2190
0.0888,3468
-0.0444,7697
0.0646,3148
-0.0806,8221
0.0868,3493
-0.204,8684
-0.0191,6430
0.21,558
0.0977,3512
-0.0225,5536
0.0141,4885
0.104,2067
0.106,1601
-0.0746,7431
-0.0034,5457
-0.381,10991
0.104,3296
0.0198,4360
-0.085,8864
-0.118,8701
-0.188,10224
0.0678,3168
0.598,1789
0.089,2150
-0.0495,6655
-0.108,9746
-0.193,8917
-0.149,9748
-0.223,10109
-0.167,9515
-0.0297,6539
0.204,1276
-0.606,9994
0.542,1014
-0.0564,7198
0.0666,3558
-0.336,9966
-0.134,7735
-0.0526,6584
0.0145,5079
-0.0707,7003
0.0261,4614
-0.0895,9510
0.181,552
0.262,813
0.00969,4798
-0.223,9815
-0.526,10759
-0.0799,7606
-0.112,8983
0.0261,4833
-0.0817,7527
0.0868,3694
-0.168,8581
0.129,809
0.246,1372
0.0437,4059
0.0836,2595
0.0488,4254
0.105,2644
-0.0661,8163
0.0036,5233
-0.0444,6779
-0.00831,5789
0.378,456
-0.337,9583
-0.156,9181
-0.0665,8462
0.377,651
0.00461,5157
0.117,3269
-0.142,7699
-0.227,9280
-0.0592,6836
0.0373,4458
0.0924,2916
0.0952,2890
-0.116,8385
0.0251,4486
0.155,1390
0.264,3017
0.444,1061
-0.264,9925
0.159,2205
0.00684,5133
0.213,453
0.258,563
-0.202,9665
-0.00809,5518
-0.217,9609
-0.024,6064
0.0652,3910
-0.131,7801
0.0161,4703
0.037,3930
0.0944,3399
-0.162,7784
0.158,2339
0.0483,4252
-0.0602,8166
-0.0863,8487
0.11,2967
-0.0304,6013
0.111,3748
-0.204,10791
0.0482,3740
0.0888,2827
0.16,2501
-0.267,10322
0.0977,3438
0.24,1109
0.264,497
-0.00454,5749
-0.0662,8241
0.319,395
0.187,1949
-0.415,10523
-0.263,10689
0.00596,4891
0.0694,3867
-0.167,8840
1.99,793
0.64,806
-0.317,10932
0.416,575
0.877,106
-0.333,10226
-0.22,8174
-0.147,9364
-0.076,7913
-0.243,10367
0.102,2916
-0.0854,6182
-0.0582,6706
-0.305,10424
0.112,1636
-0.14,10781
-0.098,7588
0.0868,3077
0.0637,3286
-0.0812,7837
-0.00545,5657
-0.0255,6508
0.504,243
0.268,1926
-0.0136,5668
-0.0912,7185
-0.0384,6986
-0.254,10731
0.129,3366
-0.197,7737
0.104,2408
-0.222,8315
-0.1,7462
0.0122,4851
-0.0781,7763
0.0575,3603
-0.000854,5597
0.0698,3458
0.184,1155
-0.157,9096
0.112,2923
-0.0205,5909
0.0934,3555
0.483,1689
-0.047,6842
-0.00673,5564
-0.126,8651
-0.259,9911
-0.0947,7983
0.0109,4985
0.108,2233
0.0633,3110
-0.0428,6829
-0.489,10729
-0.422,10063
0.164,2796
-0.0384,7043
-0.0233,6159
0.102,1946
0.15,2371
0.235,654
0.0645,4228
-0.18,10672
-0.227,10161
0.154,2379
0.201,1413
-0.0332,6698
-0.0427,5544
0.123,2262
0.00865,5441
-0.0864,8441
0.767,174
-0.232,10223
-0.247,10251
0.00601,5355
-0.207,9945
0.0846,3578
0.0379,4231
-0.252,10353
-0.0265,5975
0.0331,4063
-0.0906,8071
0.0533,3670
0.232,3273
0.512,627
-0.218,8652
0.132,1621
-0.138,9081
-0.0117,5816
-0.193,7928
0.142,1890
-0.111,6795
-0.101,10231
0.133,1961
-0.468,10170
-0.215,10373
-0.0289,5344
-0.00513,5189
0.0699,2347
-0.0599,6673
0.214,1750
0.092,3856
-0.439,9940
0.16,1354
0.0321,3885
0.11,2751
-0.179,9311
-0.221,9701
-0.366,8595
-0.234,8483
0.0293,4311
-0.0124,5872
-0.203,9711
-0.312,8944
-0.281,10493
0.0759,3351
-0.0351,6577
0.136,2428
0.2,1736
-0.228,9540
-0.389,9190
0.246,694
-0.155,8436
-0.165,8159
0.372,226
0.00402,5050
-0.518,8823
-0.366,10745
-0.0642,6974
0.00411,5275
-0.000487,5222
0.19,2447
-0.543,9028
0.0778,3850
-0.169,10405
-0.0753,8983
-0.331,9413
0.522,999
0.0239,4910
0.0778,3443
-0.118,8808
-0.068,7721
-0.0415,7183
0.208,468
0.105,3258
0.0637,4085
-0.129,9411
-0.205,9068
-0.0861,7173
-0.0978,7674
0.114,2660
0.268,2168
-0.0334,6287
0.549,39
0.21,817
0.0829,2745
-0.172,9877
-0.0811,7244
-0.122,8957
0.197,1777
0.482,611
-0.0555,7317
0.133,2778
0.05,3907
0.258,214
0.0569,3664
-0.0896,8378
0.21,1357
-0.134,7717
-0.706,9954
-0.0296,6047
0.0254,4543
-0.415,9574
-0.0235,6084
-0.0407,6375
-0.0699,6881
0.0427,4459
-0.0888,8599
-0.0325,6121
-0.0266,5616
-0.0493,6938
0.00453,5194
-0.0513,6907
-0.0841,8787
-0.125,7996
-0.849,10907
-0.0935,7160
-0.278,10890
0.127,1875
0.255,2027
0.0151,4943
-0.44,10918
0.0693,3924
0.375,1344
0.0349,4441
-0.0638,7930
-0.0815,7151
0.0464,3788
0.139,2630
-0.828,10808
0.464,28
0.0239,4415
-0.305,10117
-0.149,9860
-0.482,8040
0.0207,4966
0.117,1565
0.0696,2849
-0.266,10679
-0.0732,5667
-0.0113,5692
-0.16,7387
-0.0218,6089
-0.0622,6577
-0.391,10143
-0.0848,7864
-0.134,6238
0.32,392
0.109,2569
0.49,284
0.225,1454
0.181,458
0.00694,5031
-0.251,7365
0.0885,3289
0.124,2557
0.086,2981
0.0401,4093
0.179,2314
0.0038,5005
0.185,1899
0.136,1106
-0.0231,5846
-0.0355,6342
-0.161,6297
-0.381,10923
0.394,121
-0.0217,5893
-0.206,9708
-0.0387,7043
0.477,2107
-0.0388,6843
-0.0161,5588
-0.185,8356
0.0375,4558
-0.274,10557
0.372,2192
0.109,2404
0.0302,4440
-0.0187,5732
-0.0444,6082
0.0823,2801
0.19,1446
-0.0395,7175
0.0833,2443
-0.112,8556
0.111,2292
-0.0609,7591
-0.253,9809
-0.0489,6477
0.42,41
0.0858,2849
-0.466,10577
0.104,1814
-0.0814,6683
-0.277,10215
-0.385,9939
0.163,1424
0.00407,5232
-0.303,11019
-0.0854,7257
0.104,3496
0.192,691
-0.115,7062
-0.239,9802
-0.072,7001
-0.389,10818
-0.00712,5444
-0.0296,6838
-0.0813,8484
-0.0978,7143
0.364,860
0.724,293
-0.302,9809
-0.0587,8000
-0.0402,7202
-0.231,7297
0.185,1428
-0.0231,6154
0.0888,2765
-0.051,6530
0.00786,5044
-0.00609,5108
-0.333,8805
-0.325,8217
0.00553,5162
0.465,32
-0.0241,6787
0.301,2066
-0.077,8335
0.0334,3204
-0.289,9804
-0.0681,6836
0.477,581
0.0343,4213
0.153,2467
-0.0862,6342
0.0285,4694
-0.0663,7274
0.0462,3901
0.124,2158
-0.116,7571
0.158,2259
0.0803,3241
-0.0799,9083
0.107,2996
0.104,2596
0.382,966
0.387,1549
-0.094,8653
-0.0292,6358
0.0358,4090
-0.193,9954
-0.263,10383
-0.0297,6145
-0.108,6528
-0.14,9163
-0.156,9080
-0.158,8862
-0.0327,7210
0.223,2384
0.372,2477
-0.116,8520
0.151,2655
0.0027,5411
-0.00393,5207
0.0764,3621
0.0686,3748
-0.105,8631
0.0253,4601
-0.0295,5623
0.129,2305
0.109,3925
-0.0444,6522
-0.0984,8926
0.151,1196
-0.247,8587
0.109,1967
-0.283,9515
-0.441,10812
-0.0172,6081
-0.0721,7827
-0.263,9526
0.0758,3515
-0.11,6746
0.136,2861
-0.431,10827
0.132,2243
0.3,664
-0.3,10239
0.537,531
0.0549,4476
-0.132,7590
-0.0613,8692
-0.121,6858
0.0486,3996
0.277,1746
0.232,475
0.16,1447
0.0757,3603
0.154,2700
0.372,619
0.139,3147
-0.26,8647
0.0773,3147
-0.162,9824
-0.172,8603
0.327,1511
-0.395,10556
-0.184,7911
0.194,1110
-0.0533,7069
-0.18,9289
-0.392,9930
0.223,1516
0.118,2262
-0.0708,7559
0.00899,4750
-0.534,7762
-0.176,7851
-0.0508,7561
0.183,291
0.0378,3998
-0.061,7824
-0.128,7792
0.142,2784
-0.322,10786
-0.28,9951
-0.0439,6892
-0.0766,7812
-0.269,10439
-0.525,10663
0.139,3318
-0.0607,6672
-0.11,8737
-0.174,10010
-0.117,7590
-0.0232,6163
0.0829,4185
-0.285,9163
-0.191,9820
-0.0277,6096
0.525,669
0.169,2741
-0.0718,6938
0.0175,4541
0.283,1023
-0.138,8415
-0.646,9865
-0.0482,6817
-0.0694,7498
0.00844,4925
-0.00123,5548
0.428,529
0.29,1483
-0.0849,6623
0.0635,2695
0.215,416
0.152,1334
0.0101,5121
-0.13,8936
0.0668,4064
-0.224,8998
-0.256,8625
-0.259,10959
0.229,873
-0.149,9179
-0.372,9610
0.198,663
0.497,256
0.0458,4298
-0.111,6214
0.0302,4446
-0.0756,6109
0.00524,4985
0.00557,4902
-0.175,10237
-0.143,10145
-0.147,10050
-0.181,7567
0.405,1776
-0.0791,7275
-0.0192,5684
-0.0967,7425
-0.185,9172
0.0742,3228
-0.0602,5990
-0.118,7224
0.0815,1587
-0.167,10207
0.0431,4090
0.291,390
0.387,2176
0.164,2468
0.0936,1939
-0.27,9919
0.247,1606
-0.0628,6240
-0.0204,5814
0.756,76
-0.0563,6691
0.208,2364
-0.0185,5658
0.141,2656
-0.0768,8538
0.327,209
-0.0347,6037
-0.228,10267
0.0218,4685
-0.315,10760
1.43,132
-0.229,10978
-0.109,7561
-0.0469,6671
-0.063,7168
0.117,3016
-0.0715,7812
-0.105,6105
-0.124,9260
0.0318,4609
-0.175,9308
0.0211,4435
0.066,3367
-0.445,10245
-0.122,8976
-0.158,9062
0.0303,4481
0.0397,4223
-0.0306,5025
-0.0959,6984
-0.093,8623
-0.111,7681
0.169,3307
0.106,2890
-0.0417,6336
-0.097,8269
-0.105,8056
-0.00129,5525
-0.0915,7391
0.0584,4366
-0.181,7592
0.017,4928
-0.0257,6649
-0.162,9601
0.102,2569
0.104,2359
-0.0539,6990
-0.222,9054
-0.0032,5370
0.0841,3160
0.48,673
0.14,2618
0.0403,4350
-0.0663,6478
0.03,4080
0.168,2073
-0.097,7807
0.731,793
0.0314,4420
-0.119,8349
0.635,355
0.0335,4252
0.0501,3833
0.316,1392
0.161,2466
-0.372,10444
-0.271,10881
0.108,1888
0.473,573
-0.0588,6565
-0.327,10776
-0.0749,7865
0.0666,2872
-0.116,9690
-0.188,8269
-0.228,10170
-0.507,9160
0.0698,2861
0.0673,3596
0.168,1786
-0.396,9990
-0.0882,7402
-0.0343,6084
0.078,3650
-0.0127,5947
0.12,2214
0.0481,4602
0.0392,4639
-0.221,8809
-0.276,10664
0.0337,4254
-0.038,6540
-0.0924,7110
-0.00317,5439
0.452,341
0.097,3766
-0.0171,5806
0.0582,3102
0.00794,5050
-0.276,8429
-0.0398,6718
0.179,532
-0.0854,7708
0.198,2815
0.00117,5173
0.00281,5172
-0.145,8636
0.11,767
0.178,1395
-0.058,7883
0.0152,4805
0.0401,3921
0.0805,3354
-0.0784,7701
-0.0416,6356
-0.111,7434
0.0754,2661
0.219,1919
0.0246,4414
-0.308,9603
-0.182,6856
-0.346,8921
-0.174,7550
-0.0483,6633
-0.0643,6020
0.227,1218
0.102,1952
0.0878,2910
0.0529,4135
-0.0477,6948
-0.144,8787
-0.393,9309
-0.207,10917
0.124,2346
0.0136,5118
0.049,4560
-0.0328,5580
0.12,3530
0.0357,3950
-0.00473,5226
0.224,557
-0.2,10319
-0.162,9436
-0.113,7466
0.16,305
-0.0193,6341
-0.049,5974
-0.223,9266
-0.244,9269
0.251,812
0.171,827
-0.0132,5834
0.256,1095
0.312,430
-0.187,6719
-0.163,9012
0.135,1280
-0.0851,7453
0.122,2589
-0.0456,6366
0.163,2263
-0.011,5200
-0.0657,7049
0.0168,4533
-0.187,9034
0.244,2283
-0.103,5888
-0.407,11010
0.0882,3483
0.148,2472
-0.0991,7123
0.158,1896
-0.305,10777
0.937,427
-0.261,9637
-0.00532,5746
-0.0764,7366
0.182,1197
0.157,1849
0.00438,4983
-0.067,7497
0.0858,3635
0.0659,4061
0.536,901
-0.0457,7186
0.0023,5449
0.121,1993
-0.0297,6104
-0.257,10539
0.0454,4350
0.0129,4846
0.0612,3459
-0.151,9616
0.283,1889
0.369,2611
-0.185,8338
0.127,1040
-0.0762,7247
0.0902,2028
-0.142,7321
0.102,3181
0.199,1375
-0.0604,8408
-0.708,9653
0.133,3009
-0.124,7446
0.00876,5140
-0.032,6431
-0.281,10932
-0.118,7913
0.205,2132
0.537,1632
-0.0627,7392
-0.146,10199
0.114,895
0.131,2032
0.315,864
-0.0621,7340
0.0777,3796
0.0225,4644
-0.0646,8040
0.22,2223
-0.0676,7967
-0.654,10218
0.0583,3818
-0.157,8844
-0.307,10268
-0.0359,5732
0.138,2277
0.0888,3408
-0.295,8783
0.0684,3844
0.502,738
0.0111,5006
0.0387,4266
-0.0581,5921
-0.0288,6272
0.0107,5397
0.0301,4354
-0.196,10142
0.106,3545
-0.286,9294
-0.36,10879
-0.39,11020
-0.0741,7983
-0.644,10674
-0.123,7297
-0.182,9289
0.0477,4236
0.223,1642
0.0733,3178
-0.011,5505
-0.345,9760
-0.124,7100
0.22,1314
-0.153,10956
0.0541,3793
0.358,152
-0.414,10691
0.166,2250
0.0954,3260
0.00432,4990
-0.1,7523
-0.235,9708
0.0391,4418
-0.157,8601
1.09,486
0.0492,3661
-0.282,10557
0.0372,4214
-0.0427,7037
-0.173,9168
0.147,1750
-0.0373,7068
-0.0635,7577
0.178,960
-0.0228,5746
-0.0899,6872
-0.429,9286
0.0728,2906
-0.129,8845
-0.0395,6192
0.00132,5114
-0.159,6674
0.377,407
0.0367,3311
-0.0896,7072
-0.0834,7875
-0.0585,7251
-0.039,6037
-0.0103,5425
0.0223,4660
-0.0515,7223
-0.376,10113
-0.0994,7707
0.0193,5189
0.0832,3457
-0.0462,6651
0.00842,4806
0.136,812
0.0778,2463
0.162,824
0.0411,4021
-0.0368,7091
0.0665,2888
-0.529,10952
0.602,824
-0.197,8288
-0.37,10302
-0.00471,5594
0.12,2167
0.106,1820
0.176,2141
0.183,2232
-0.066,7195
0.0509,3285
-0.0864,8088
0.00617,5276
-0.222,9635
-0.0547,6021
0.51,614
-0.0322,5936
-0.133,9052
-0.0241,5515
-0.0413,5954
-0.516,10607
0.0235,4549
0.004,5404
-0.0612,7962
-0.0846,6950
-0.04,6179
0.19,1417
0.16,1031
-0.0796,8302
0.0957,2264
-0.0513,6035
-0.00755,5555
0.0322,4559
-0.144,9505
0.0895,1607
-0.0633,7166
-0.144,10113
0.0754,2781
0.00145,5193
-0.34,10123
0.176,2392
-0.00938,5539
-0.258,10775
0.198,1772
-0.153,8501
0.06,3971
0.375,1313
-0.018,6125
-0.0784,6894
-0.0865,6924
-0.13,8924
-0.22,9377
0.149,3522
0.165,809
-0.125,9691
-0.168,9328
-0.368,10923
-0.0267,6021
0.0327,4485
0.0513,3514
0.12,2213
0.242,2079
0.177,2278
0.219,3152
0.024,4820
0.187,1240
0.058,3690
0.0994,2740
-0.109,8612
-0.0532,6952
-0.141,7065
0.0483,4659
-0.0873,6994
-0.0357,6013
-0.0556,6779
0.0353,4544
-0.136,7084
-0.26,10822
0.0389,3761
-0.17,9973
0.177,1518
-0.02,5586
0.766,11
-0.135,7172
0.189,691
0.203,792
-0.0363,6406
-0.0329,5979
0.0784,3320
0.0139,4293
0.171,2065
-0.0632,7771
0.0602,3849
-0.0707,7213
-0.11,7781
-0.218,8188
-0.256,10978
-0.103,8366
0.28,160
-0.294,9541
-0.22,8969
-0.277,9046
-0.14,8360
0.165,1137
0.251,1737
-0.0245,5936
0.188,1523
-0.245,9437
-0.143,8738
-0.125,9027
0.246,1160
-0.206,9168
-0.213,10104
-0.114,6211
-0.0584,7661
0.00443,5147
0.254,1849
0.111,3083
0.879,585
0.547,1194
-0.113,9149
-0.253,10226
0.227,1691
0.0879,3087
0.163,2501
-0.177,7669
0.0974,1911
-0.0962,7860
0.0529,3700
0.105,3516
-0.303,10899
0.044,4400
0.0937,1606
-0.169,10084
0.134,3244
0.131,2595
0.0114,5073
0.305,1638
0.131,908
0.0484,3252
0.201,1900
0.00278,5232
-0.138,8225
-0.376,10648
-0.438,10648
0.551,329
-0.108,6991
0.0817,3716
0.214,2966
-0.142,8728
-0.0583,7293
0.148,1044
-0.65,9743
-0.157,7919
0.374,914
-0.000494,5302
-0.143,10700
-0.0557,7503
-0.0949,8127
0.0316,4816
0.398,1572
0.525,154
0.193,967
-0.227,9558
-0.198,7958
0.267,1281
0.085,3955
0.0315,4552
-0.101,7709
0.0131,4574
0.184,2371
0.614,1738
0.227,1030
-0.109,8104
-0.0646,7773
0.142,2548
-0.0906,5271
-0.0907,7821
-0.108,7143
0.101,3656
-0.341,10652
0.0733,2665
-0.509,11017
-0.209,10031
-0.00082,4990
-0.12,8016
-0.032,6843
0.22,1156
-0.0248,5621
-0.0212,5393
-0.582,11013
0.172,3227
-1.02,10671
-0.0652,8474
0.162,2570
-0.256,10175
0.113,2587
-0.0533,6129
-0.0475,6287
-0.0266,5892
0.532,582
0.022,4706
-0.323,10513
-0.0552,7056
0.0503,3864
-0.0377,6825
-0.21,8496
-0.0478,6351
0.0735,3531
-0.159,7988
-0.0271,5921
-0.0188,5831
0.324,724
0.504,257
-0.147,6404
-0.254,8608
0.2,1622
0.6,234
-0.179,9809
-0.108,8302
0.173,1979
-0.234,9534
-0.187,10311
-0.0367,6592
-0.157,8864
0.123,2748
0.0527,4221
-0.0918,6948
0.0394,3902
-0.167,8927
-0.0388,5891
0.154,1471
0.156,1833
0.181,2388
0.0755,1356
0.0615,3925
-0.352,10686
-0.0913,7259
0.118,3159
-0.0361,5455
0.271,518
-0.0523,7654
0.178,1510
0.126,1494
0.249,1656
-0.17,8738
-0.361,10798
-0.48,11014
-0.402,10962
0.128,1809
0.165,3014
-0.0175,5428
-0.472,10668
-0.199,9741
-0.23,9657
-0.0779,6973
-0.144,8975
0.267,467
0.172,807
0.0166,4654
-0.0646,6475
0.369,937
-0.123,7879
-0.448,10861
0.0456,4300
0.135,593
0.0476,3985
-0.212,10381
-0.334,9010
-0.0816,7032
-0.0929,8174
-0.14,8440
-0.0196,5859
0.143,2338
0.813,81
-0.00019,5313
-0.0625,7818
-0.0125,6178
0.107,3602
-0.125,8053
0.0483,4180
0.00431,4894
0.0507,4484
-0.0215,5862
0.0248,4772
0.529,1414
0.000825,5324
0.365,712
-0.00693,5729
0.144,2575
0.576,177
-0.085,7974
-0.0696,7191
0.0124,4944
0.0183,4687
0.127,900
-0.0159,5396
0.0233,4519
0.161,2887
0.189,2501
-0.0499,7138
-0.102,7534
-0.312,10908
0.379,376
-0.034,6800
-0.282,9777
0.222,1232
0.0858,3646
-0.107,8415
-0.0864,8179
-0.00484,5526
-0.0367,5902
0.27,574
-0.0444,5703
-0.055,6777
0.0306,4246
-0.401,10922
0.182,2223
-0.0103,5651
-0.0419,7855
-0.0265,6230
0.116,3276
0.421,898
0.0736,2540
-0.124,10427
0.0184,4780
0.181,1854
0.185,1286
0.299,1574
0.106,3206
-0.0102,5588
0.214,505
0.146,2961
-0.148,9325
0.107,3240
-0.0285,6033
-0.0972,10141
-0.0736,8825
-0.602,9966
0.612,1228
0.0568,3036
0.123,2485
-0.13,9359
0.0552,3924
0.632,1158
0.435,913
-0.333,10461
-0.405,10862
-0.0806,8629
0.0933,2846
0.0876,3475
-0.617,10924
0.278,2344
-0.138,8947
0.0619,3685
0.144,2279
-0.116,9984
-0.183,8889
-0.106,7777
0.219,1811
0.111,1805
0.0573,3947
-0.203,9995
0.0386,4612
0.214,2883
-0.00844,5978
-0.282,10540
0.0832,3044
-0.254,10628
0.165,1630
-0.178,9610
0.203,763
0.671,123
-0.222,9940
0.00905,5109
-0.136,6817
-0.11,7105
0.00491,5170
-0.139,9003
-0.131,7689
0.225,1557
-0.112,8396
0.0835,2948
-0.0865,7895
-0.209,10828
0.538,464
-0.62,11027
0.0205,4917
-0.127,8600
0.0891,1274
-0.00633,5352
0.337,281
0.15,858
0.126,1800
0.271,1081
-0.232,10527
-0.152,8770
-0.112,8104
0.258,1150
0.292,818
0.117,2339
0.231,2210
-0.14,8668
0.0242,4232
-0.375,10980
0.238,1078
-0.59,10931
-0.0501,7073
-0.132,6254
0.0677,3371
0.243,1542
0.284,1178
0.0715,3711
0.172,1421
0.111,1917
-0.05,6801
-0.0444,5820
-0.132,6808
0.166,3060
0.007,4992
0.345,163
-0.131,8008
-0.145,8991
-0.0961,8210
0.21,2107
-0.099,9605
0.106,3397
-0.0964,7021
-0.044,7202
0.141,2353
-0.0554,6460
-0.151,9105
-0.06,6951
0.0297,4542
-0.0867,7405
-0.0553,5552
0.00785,5165
-0.14,9915
0.132,2535
-0.0878,7641
-0.114,6912
1.63,73
-0.744,10839
-0.17,10731
-0.00803,5212
0.188,1511
-0.291,10442
0.133,3176
0.726,1710
0.0105,5030
0.0852,4378
0.174,2893
-0.226,10401
-0.378,10325
-0.168,8650
-0.0663,7790
-0.0901,7314
0.192,856
-0.24,9470
-0.0394,6283
0.192,1094
-0.151,10734
0.137,1738
-0.0592,6416
0.00159,5166
0.216,1934
-0.442,10428
0.00359,4997
-0.111,8193
-0.228,10375
-0.23,9658
-0.0957,7594
0.0916,3196
-0.023,6676
0.275,884
0.00377,5355
0.222,363
0.0254,4564
-0.0344,5911
0.114,2350
0.311,164
0.423,96
-0.29,10717
0.239,644
-0.488,10324
0.22,347
0.238,155
0.0733,3186
-0.197,8795
0.0681,3675
0.0794,3741
0.123,2207
0.136,1551
-0.0447,6354
-0.147,7488
-0.411,11001
0.57,340
-0.139,8856
-0.0629,8126
-0.0405,5894
0.188,2053
0.0325,4687
0.0729,4144
-0.201,10743
-0.259,10314
-0.224,8420
-0.0782,7808
-0.00883,5470
0.196,957
-0.0361,6402
-0.0308,6449
0.109,2843
0.272,966
0.0516,4325
-0.0944,7336
-0.151,8786
0.172,714
-0.0638,7697
0.239,561
0.576,220
-0.0328,6582
-0.018,5409
-0.31,10910
-0.103,8965
0.109,3383
0.0956,1609
0.105,2767
0.11,2540
0.00857,4935
-0.0414,5841
-0.175,9999
-0.0779,6052
-0.233,9322
-0.166,10650
-0.0585,7654
0.206,1116
0.0548,3822
0.0421,3704
0.381,1077
0.00559,5258
0.0251,4652
0.383,444
-0.227,9438
-0.0283,5989
0.242,1123
-0.22,9961
-0.0915,8950
0.0704,3204
-0.0491,6712
-0.394,9791
-0.0878,8105
-0.00139,5238
-0.223,9803
-0.0114,5368
0.00196,5275
-0.042,6013
-0.047,6491
0.109,2328
0.169,136
-0.0264,6252
-0.034,6850
0.236,1422
-0.173,8810
-0.0906,8151
-0.0996,10157
0.377,727
-0.113,7749
-0.4,10492
1.43,204
0.226,935
0.014,5122
0.264,1637
0.0711,2465
-0.075,7648
0.0451,3947
0.0233,4659
0.0218,4509
0.443,401
-0.147,9210
0.0106,5052
-0.226,5519
-0.435,10319
0.171,1580
-0.335,10213
0.434,109
-0.199,7675
-0.239,9176
-0.0244,6072
0.093,1942
0.0425,4430
-0.0951,6238
-0.000742,5223
-0.214,9324
0.0148,4953
-0.0124,5723
-0.00853,5892
0.134,2948
0.0812,3471
-0.435,9300
0.0744,2946
-0.000474,5418
-0.0156,5294
-0.192,8854
0.0992,3498
-0.284,9171
-0.00141,5309
-0.134,9879
0.17,1218
-0.0354,6532
0.13,2784
-0.414,10391
-0.374,10961
0.0927,3838
-0.143,7507
-0.105,7523
0.192,2145
0.123,2567
-0.0506,6636
0.0774,2286
-0.0545,6750
-0.0133,5604
0.124,2890
0.168,2603
-0.0585,7388
0.0425,3350
-0.0855,7884
-0.339,9698
0.209,1961
0.216,1581
-0.0673,9225
-0.0186,6085
0.0874,3445
-0.0211,6157
0.0562,3888
-0.206,8904
0.0326,4252
0.0107,4808
-0.0893,7400
0.283,39
0.24,1218
-0.272,10751
-0.0381,6567
-0.101,8361
0.00795,5148
-0.267,8680
-0.0332,5894
0.258,125
0.161,1007
-0.153,8110
0.444,1177
0.0315,4587
0.205,2942
-0.588,10841
0.073,3436
0.0552,3640
0.00179,5348
0.312,726
-0.937,10963
-0.142,8602
-0.158,8144
0.177,1222
0.0241,4524
0.152,1774
-0.101,6519
0.0363,3697
-0.0752,8501
-0.218,10620
-0.0136,5722
-0.022,5535
-0.204,8138
0.0966,3789
0.00656,4959
-0.13,8767
-0.0909,6643
0.33,568
0.0216,4712
-0.176,9524
-0.0437,5835
-0.039,7211
0.207,1012
-0.22,10069
0.0382,4600
-0.351,10640
-0.0825,8976
0.169,688
-0.322,10272
-0.131,8570
-0.161,10772
-0.0767,6524
-0.0912,8227
-0.211,10790
-0.0752,7235
-0.529,10789
0.103,3678
0.0357,4083
0.223,514
0.153,923
0.151,827
0.157,1876
-0.266,10723
0.0878,4068
-0.217,9759
-0.00118,5365
0.262,1092
0.0697,2848
-0.019,5967
-0.0302,6718
0.0546,1834
0.11,1906
0.227,1208
0.178,1617
0.197,2767
-0.0605,6362
0.0947,3053
-0.0221,6044
0.0871,3547
-0.496,10897
0.163,788
-0.177,7119
0.00119,5030
-0.16,10272
-0.0309,6498
0.062,3807
0.161,2186
-0.11,6598
0.00385,5224
0.0105,5041
0.241,712
-0.0818,6653
0.247,1139
-0.129,6854
0.41,433
0.0533,3704
-1.11e-16,7953
