coef,rank
-0.15,7510
-0.226,9854
-0.0157,6032
0.0182,4785
0.814,1619
-0.205,6451
0.542,1127
-0.0299,6243
0.0115,4719
-0.227,9718
-0.057,6455
0.55,172
-0.249,10552
-0.117,9508
0.176,1296
-0.0411,6409
0.389,1639
-0.361,8918
0.0624,2836
-0.109,10267
-0.124,8683
0.0326,4213
0.435,917
0.67,279
-0.108,8302
0.258,1033
-0.314,9857
-0.123,7642
-0.113,9418
0.362,2414
0.0152,4991
0.0501,3783
0.109,3255
0.272,2151
-0.109,7517
0.045,4476
0.0326,4563
0.0268,4171
0.687,0
-0.126,7135
-0.0267,5935
-0.179,8806
0.315,122
-0.0159,6378
-0.137,8287
0.00724,4961
-0.148,8250
0.0111,4695
0.0143,4480
-0.00738,5808
-0.43,10835
0.0293,4802
-0.219,9194
0.25,1377
-0.0467,6004
0.00456,5020
0.106,2399
-0.0843,6384
0.239,2519
-0.306,9938
-0.0868,8987
-0.00125,5654
0.236,1724
0.369,530
-0.0749,8246
-0.0126,5886
0.00185,5231
0.104,1999
-0.00865,5747
-0.13,9379
0.24,967
-0.091,5869
-0.105,8386
0.0727,3182
0.17,1876
-0.396,10690
-0.534,10656
0.176,1071
0.251,518
0.242,411
-0.066,7599
0.149,2021
0.0593,4528
-0.26,8946
0.171,799
-0.187,10318
-0.117,8507
-0.0836,6802
0.101,2909
0.152,2869
-0.00894,5842
-0.0908,9397
-0.0239,5796
-0.0768,6929
0.196,2329
-0.221,8952
-0.157,8264
0.198,605
0.374,1194
0.118,1428
0.289,610
0.0725,3739
-0.193,10404
-0.0257,6155
0.105,2407
-0.242,9973
-0.403,10203
0.154,2718
-0.147,8253
-0.0773,7062
-0.114,7582
-0.12,8308
-0.428,8977
0.124,3262
-0.00507,5747
-0.136,10260
-0.0121,5594
-0.0526,7027
-0.0621,7770
0.175,2164
-0.0538,6726
-0.18,10605
0.0426,3856
0.0773,2751
-0.202,8494
-0.044,5453
0.0998,1984
0.227,1298
0.245,1625
0.156,1899
0.0544,4284
-0.0447,6185
-0.242,10824
0.0802,3199
0.0688,4019
-0.112,9002
0.136,3579
0.188,3117
-0.0444,6904
0.0819,2917
-0.0935,7026
0.0557,3423
0.312,1176
-0.286,10558
0.0219,4670
0.201,1067
-0.344,10218
0.108,2992
-0.266,10962
0.24,1863
0.0281,4474
0.12,1623
-0.239,5676
0.0523,3947
-0.121,6589
-0.488,11015
0.083,2860
0.416,131
-0.0297,5778
-0.21,9852
0.0761,3501
0.0916,2773
-0.129,8429
0.117,865
-0.228,10075
-0.199,9832
0.222,436
0.0424,3725
-0.176,9191
-0.139,9680
0.07,3814
-0.377,10005
0.0967,2191
-0.00727,5430
-0.0182,6433
0.145,1531
-0.0692,7686
-0.000824,5425
-0.574,10512
-0.225,10976
0.31,225
0.231,1384
-0.212,9979
-0.161,9364
-0.0896,8529
0.0846,1132
0.0226,4625
0.168,1484
-0.197,8885
-0.0404,6713
0.362,2068
0.25,372
0.158,1260
0.0397,3424
0.14,1529
-0.404,10909
-0.0895,6254
-0.0246,6194
-0.419,10890
-0.0171,5630
0.0887,2310
0.0916,3429
-0.138,8819
0.667,271
-0.0173,5911
-0.0171,5959
-0.00514,5480
0.257,2444
-0.242,10287
-0.368,10800
-0.0889,8152
0.151,793
-0.258,10623
-0.347,10587
-0.289,10063
0.134,2554
-0.036,7613
-0.154,9882
0.218,1194
-0.0199,5849
0.582,199
0.477,546
0.155,2322
0.046,3582
0.121,1041
0.094,3538
-0.454,10725
7.6e-05,5555
-0.0356,6694
-0.0897,8953
-0.113,9601
-0.131,8306
-0.0473,6742
-0.344,10754
-0.317,10070
-0.0831,9474
-0.0991,7552
0.234,1334
-0.191,8098
0.294,665
0.0974,3365
-0.102,4344
0.463,1166
0.0156,4893
-0.0785,7125
-0.0797,7242
-0.101,8756
-0.176,9469
-0.214,9596
0.201,1170
-0.402,7707
-0.25,9123
-0.00444,5477
0.0341,3942
0.162,3068
0.465,979
0.5,717
0.698,804
-0.119,8635
-0.0455,6623
0.0254,4630
-0.23,10422
-0.35,10815
0.256,1068
0.011,5065
0.237,1071
-0.346,9775
0.131,2359
-0.176,9604
0.477,397
0.0838,3535
0.031,3956
0.345,171
0.258,898
-0.232,9582
0.313,342
0.0852,3073
-0.161,8168
0.0556,4148
0.144,2357
0.079,3967
-0.0306,6328
-0.188,9884
0.0321,4946
0.326,575
-0.192,8798
0.169,2284
-0.0865,7604
0.0306,4221
0.0706,3587
0.0921,3263
0.271,1535
-0.0846,6971
-0.0663,6604
-0.144,10302
0.0915,2427
0.052,4484
0.0691,3379
0.182,2556
-0.113,6786
-0.00425,5404
-0.296,10934
-0.265,10675
0.191,1716
-0.308,10680
0.0373,4383
-0.169,10636
0.109,3000
0.0603,3589
-0.212,8264
-0.105,6708
0.169,966
0.0498,3316
0.118,2220
0.0325,4631
-0.135,6907
0.0569,4436
0.533,111
-0.176,8180
0.144,3060
-0.11,7195
-0.33,10847
0.0771,3749
-0.529,10371
0.0193,4537
0.363,213
0.192,907
-0.0831,7270
0.154,721
-0.0964,6565
0.0579,2999
0.049,3864
-0.417,10737
-0.115,7177
-0.0775,7668
0.324,1833
-0.0243,6061
-0.197,10667
-0.0636,7532
-0.167,10020
-0.26,10628
-0.118,7387
-0.105,9017
0.249,2178
0.0194,4811
0.045,3303
0.0775,2267
0.11,2870
-0.135,9315
-0.258,10517
-0.128,5277
-0.257,7417
-0.209,4822
1.51,335
-0.334,9248
-0.673,10263
-0.236,9420
-0.0149,5683
0.179,1619
-0.192,9519
-0.0281,6841
-0.0925,9458
0.697,1699
0.204,1914
-0.251,9834
0.465,381
-0.0617,7094
-0.0268,6627
0.0247,4274
-0.0243,5876
0.0873,3322
0.00775,5059
-0.253,9378
-0.0724,7796
0.0102,5153
-0.226,8816
-0.113,6998
-0.59,10452
-0.194,9366
0.128,1671
0.0946,3691
-0.0537,8018
0.171,2205
0.701,550
-0.236,10582
0.0298,4455
0.0929,2840
-0.0149,5556
-0.477,9775
0.0321,4492
-0.0373,6515
0.0342,4203
-0.12,8399
0.536,560
0.0478,4223
0.382,1284
0.358,326
0.0567,3394
0.81,230
-0.214,10252
-0.0811,6929
-0.0298,6085
0.0304,4425
-0.125,8906
-0.227,9986
0.14,2554
0.0103,5091
-0.402,9312
0.0436,1730
0.0664,3214
-0.321,10559
-0.238,9264
-0.00718,5430
0.349,736
0.206,470
0.083,1105
-0.0154,7507
-0.368,10909
-0.0716,6099
0.0366,4245
-0.248,8336
-0.0439,7277
-0.233,9406
0.107,3123
-0.163,8313
-0.299,8557
0.247,1446
0.0715,2995
0.245,821
-0.205,8781
0.13,2866
0.0507,4287
-0.105,8930
0.01,5177
0.222,1471
0.00817,5057
-0.059,6473
0.147,1673
-0.178,8213
0.119,2074
0.0104,5002
-0.64,9479
-0.53,10732
-0.35,10531
0.494,875
-0.0687,7800
-0.163,8744
-0.0635,6574
-0.332,9001
0.0483,4175
-0.42,10209
0.117,2331
-0.211,8066
0.0401,4726
-0.0214,5876
-0.0683,6312
-0.337,10851
0.0742,2393
-0.0433,7536
-0.142,8353
0.000481,5283
0.057,4045
0.0223,4626
-0.22,10812
0.191,2469
-0.0715,6697
-0.185,8421
-0.0687,7306
-0.0712,6514
0.158,1813
-0.0367,6607
0.269,1310
-0.068,6586
0.149,1326
0.169,1559
-0.105,7900
0.323,454
-0.0856,7651
-0.485,10658
0.0752,2990
-0.117,8520
-0.11,9067
-0.0533,5745
0.0156,4878
-0.149,8235
0.417,819
0.129,2123
-0.118,8993
-0.0571,7464
0.0485,3781
-0.0642,7493
-0.0306,6221
-0.244,10472
0.0489,1508
0.0602,3929
-0.036,6738
0.529,705
-0.721,10952
-0.0698,7821
0.0279,4395
0.0377,4065
-0.0532,6466
0.0182,4691
-0.604,10539
0.45,73
0.0348,3542
-0.0125,5701
0.193,2839
0.112,2969
-0.248,7754
-0.131,7846
-0.114,6935
-0.156,10349
0.111,3858
-0.313,8651
0.0608,4480
0.599,592
0.106,1532
-0.0106,5788
-0.0214,6225
0.0987,2127
0.0396,4507
0.0158,4807
0.117,1667
0.105,3015
0.318,2553
0.326,1287
0.176,2997
0.739,1299
-0.0102,5630
-0.0606,7233
-0.206,9407
0.247,1121
-0.213,10002
-0.295,9689
-0.206,10497
0.175,302
-0.429,8350
-0.189,6338
0.208,3506
0.502,2207
-0.0373,6516
-0.0985,7026
0.0028,5203
0.0285,4438
-0.255,9934
0.151,2040
-0.0589,6920
-0.198,9429
0.0104,5211
0.113,2613
-0.422,9532
-0.469,9152
-0.0646,7179
0.248,1282
-0.142,8286
0.0726,3342
-0.0195,5750
-0.191,9227
0.091,3033
0.168,2196
0.119,2501
0.0396,4034
-0.284,10130
-0.314,10610
-0.0635,7578
0.136,1669
0.224,987
0.123,2252
0.371,887
0.209,373
-0.0996,8472
0.241,1775
-0.132,8444
-0.143,8730
-0.016,5565
0.149,2439
-0.0081,5577
0.0555,3050
0.405,1379
0.217,946
-0.131,7576
-0.139,6295
-0.091,8175
-0.0338,6180
-0.0542,5873
0.04,4046
-0.155,9958
-0.147,8438
0.137,1645
0.0891,2700
-0.142,9180
-0.0529,7088
0.0843,3935
-0.56,10812
0.0573,2582
-0.103,7656
0.133,2958
0.0694,3517
0.168,2182
-0.207,10151
0.118,2537
-0.182,9981
-0.203,9039
0.4,750
-0.0112,5761
0.0825,4018
-0.247,10582
0.0687,3039
-0.356,9791
0.139,874
-0.0708,6029
0.41,1848
0.392,59
0.17,1361
-0.0795,7133
0.042,3987
-0.538,10912
-0.276,10176
-0.0768,7446
-0.0655,7748
-0.0377,7139
-0.128,9085
-0.122,8578
0.252,920
-0.0513,6803
0.492,391
0.0532,3253
0.622,284
0.564,1624
0.445,26
-0.0492,7372
0.0754,2265
-0.0458,7217
-0.297,10182
0.0467,4289
-0.115,9420
-0.072,9071
0.233,527
-0.187,8414
-0.175,8459
0.402,671
0.0666,3922
0.284,787
0.123,3233
-0.0424,6348
0.052,4367
-0.096,7904
-0.00997,5810
-0.0188,5830
-0.0703,3890
-0.0178,6239
0.421,972
-0.284,9731
0.0654,2882
-0.0172,5572
0.211,3545
0.374,2584
-0.504,10400
0.683,877
-0.0666,6123
0.209,2049
0.16,1530
0.0249,4930
-0.0423,7094
-0.0264,7051
0.0621,4339
-0.579,10883
-0.383,9472
0.00852,5164
-0.127,8741
-0.0384,6752
0.236,1688
-0.0191,5803
0.281,1531
0.0736,2929
0.139,2290
-0.00662,5418
-0.229,8392
-0.187,8742
0.0352,4683
-0.351,10416
0.0358,4144
0.0571,3712
0.0252,4696
-0.175,10251
-0.0926,7314
0.115,3505
-0.168,9968
-0.354,10487
-0.19,9297
1.32,61
-0.223,9901
-0.0357,5911
0.0194,4695
-0.0594,6942
-0.118,7362
-0.28,10154
-0.0207,5627
-0.0831,6592
-0.101,7227
-0.104,8109
-0.2,9575
-0.256,7277
0.177,2358
-0.138,8098
0.12,2364
0.0965,2852
0.0262,4411
-0.0993,7786
-0.298,8008
-0.225,5105
-0.0901,8234
-0.138,10202
0.184,763
-0.15,8486
-0.198,10917
0.0116,5175
0.127,2324
0.0232,4767
0.0738,3991
0.194,2098
-0.303,10313
-0.203,9343
-0.269,10242
-0.166,10077
-0.364,10345
-0.152,7632
0.349,2712
-0.238,8896
0.057,3101
-0.302,10647
0.0987,3259
0.259,569
0.0157,5059
0.711,384
-0.00696,5383
-0.162,9293
-0.0192,5912
0.0518,3674
1.11,135
2.59,40
0.0963,2677
-0.0674,7790
-0.207,10176
-0.163,9327
-0.245,10079
0.214,2113
0.0146,4830
0.025,4574
0.13,2242
-0.108,6773
0.44,131
-0.122,9257
-0.105,8820
-0.129,10119
0.0807,3035
-0.285,9715
-0.0487,7698
0.0358,4434
-0.373,10420
0.0992,1975
0.0283,4621
0.448,234
-0.172,8857
0.567,634
-0.00931,5585
-0.214,9363
0.0227,4590
0.285,2236
0.0385,4552
0.0353,4379
-0.00952,5696
0.00979,5241
-0.291,8679
0.217,1861
-0.158,8062
0.0664,4017
0.0773,3072
-0.211,9545
0.302,1429
0.167,749
-0.135,6293
-0.469,10369
-0.0385,6371
0.00266,5521
0.0227,4981
0.333,1043
-0.0562,6922
0.214,2190
0.135,1669
-0.00303,5424
0.0147,4138
-0.0071,6471
0.0208,2939
0.01,3508
0.0375,606
-1.38,10286
-0.201,9521
-0.235,6760
1.35,796
0.104,3762
0.024,4576
-0.00891,5561
-0.384,8746
0.242,1581
0.0272,4672
-0.0869,8113
-0.134,7783
-1.16,9997
0.0188,4918
-0.261,9437
0.0905,1410
-0.161,9144
0.0645,3730
-0.143,7609
0.191,2524
0.263,2498
-0.353,10336
-0.195,9791
-0.0124,5522
-0.631,9377
0.245,2056
-0.154,8202
-0.338,6193
0.00468,5270
0.0986,2899
0.219,2009
-0.115,8422
-0.0822,8666
-0.0384,6807
-0.0222,5744
-0.379,10380
0.0733,3489
-0.401,9853
0.0797,3649
-0.0187,6170
-0.109,10403
0.051,3887
0.0943,2710
-0.164,8854
0.159,3011
-0.0719,6769
-0.183,9782
0.223,1704
0.199,1659
0.182,1944
-0.0185,6237
0.166,942
0.125,2358
0.176,1522
-0.171,10228
-0.458,10701
-0.142,6921
-0.242,10329
-0.106,8238
-0.298,6296
-0.0426,6726
-0.297,9895
-0.188,8917
0.28,335
0.019,4694
0.14,2908
0.235,338
0.799,78
-0.163,9432
-0.0416,6716
-0.0972,8294
0.274,365
0.336,368
0.0329,4447
0.104,3717
0.0811,2642
-0.262,10970
0.294,2709
0.239,1545
-0.182,9901
-0.15,8526
-0.201,10196
-0.0141,6137
-0.521,7019
-0.514,7096
0.0784,2920
0.519,1841
0.123,2344
0.0845,2271
-0.278,9308
-0.0953,8075
-0.432,10717
0.0523,3175
-0.00872,5936
-0.0512,7026
-0.236,6925
-0.273,6817
-0.374,6882
-0.286,9734
0.0464,4382
-0.0928,7454
0.0951,3911
-0.206,9995
0.0492,3580
0.00153,5562
-0.226,10303
-0.068,6951
0.0968,3251
0.12,2525
-0.152,9115
-0.0995,8199
-0.175,9457
-0.163,8092
-0.148,9322
0.0835,3714
-0.322,10538
0.0964,3069
0.184,1822
-0.0655,5875
0.278,1739
-0.056,6757
-0.197,8644
0.000929,5231
0.157,1758
0.0224,4872
-0.167,9441
-0.0313,5909
-0.124,9638
-0.057,7238
-0.0943,10189
0.0399,4524
0.419,149
0.223,1450
0.0988,1381
0.302,1022
0.0941,2175
-0.502,10041
-0.369,10445
-0.263,9152
0.608,105
-0.168,10557
-0.128,8134
0.0511,4301
-0.139,8557
0.0552,3734
-0.233,8370
-0.151,9825
-0.228,9887
-0.0207,5361
0.484,118
0.127,2586
-0.274,9453
-0.0618,8391
-0.0447,6904
0.652,226
-0.17,9944
-0.0347,5760
-0.0788,5944
-0.244,9277
0.0155,5233
0.13,2666
0.0893,3402
0.236,261
0.307,959
-0.45,10084
-0.192,8344
-0.132,7148
0.022,4551
0.108,2893
-0.0613,7519
-0.0892,6273
-0.193,7104
-0.889,10229
-0.0122,5836
0.12,2568
-0.108,6162
-0.0309,6085
-0.0771,6301
-0.0809,7856
-0.0594,7831
-0.0569,7711
0.0292,4016
0.264,1511
-0.0147,5972
-0.093,8400
0.0996,2153
-0.0108,5581
0.655,32
0.0253,4453
-0.353,10123
-0.366,9648
-0.148,8941
0.205,1415
-0.0919,7744
-0.192,9226
0.213,1656
0.203,2120
-0.0318,6065
0.207,859
-0.012,5394
-0.171,8060
-0.326,9892
-0.237,10185
0.087,3026
-0.0873,6676
-0.0654,6333
0.0683,3350
-0.168,8705
-0.146,9078
-0.0143,6711
-0.0549,6173
-0.362,7715
0.853,398
-0.0266,6237
0.0321,4168
0.0849,3085
-0.215,9015
0.126,2285
-0.308,8146
0.184,758
-0.0222,5758
-0.17,10583
0.0501,4284
0.132,3296
0.547,1558
-0.11,7009
-0.251,8781
0.15,1833
0.526,236
0.211,1503
0.063,4142
-0.0287,5561
0.291,172
-0.228,10446
-0.155,6651
-0.296,10620
-0.356,10671
-0.337,9284
0.195,792
0.0449,4166
-0.544,10997
0.00334,5014
-0.0182,5509
-0.417,10292
-0.278,10504
-0.226,10401
0.0478,4090
0.429,442
-0.0389,6790
-0.169,6063
0.181,207
-0.0505,7178
-0.319,10391
-0.214,8862
-0.381,9687
-0.0258,5995
0.084,3658
-0.425,10478
-0.17,8126
-0.139,8885
0.201,260
0.141,2129
0.00482,5241
-0.186,10068
-0.128,9246
-0.0679,7569
-0.283,10170
0.0767,3895
0.0135,4691
-0.0347,6318
0.019,4519
-0.31,10705
0.0467,4046
-0.0452,5847
-0.261,10702
-0.094,8868
-0.456,9316
0.0113,4933
-0.0599,6603
-0.236,8961
0.0627,3800
-0.0233,6160
0.369,714
0.262,518
0.0554,3945
-0.104,7640
-0.13,8714
-0.0403,6521
-0.172,10508
-0.216,8926
0.000705,5261
0.005,4950
0.062,3442
-0.302,9490
-0.0483,5974
-0.247,10159
0.0357,4167
0.212,247
-0.197,10180
-0.0871,7539
0.0184,4749
0.379,227
0.00437,5218
-0.0682,7922
0.169,983
0.0513,3923
0.236,1649
-0.731,10864
0.0747,2430
0.124,1562
-0.0432,6249
0.131,1782
-0.271,9062
-0.281,9889
0.616,82
0.277,539
-0.289,10373
0.0985,3453
0.298,2231
-0.0563,6079
-0.132,9544
0.173,761
-0.118,7435
-0.0595,6923
0.155,2215
-0.192,7885
0.0537,3428
-0.0614,7735
-0.143,7799
0.272,1149
0.204,2000
0.851,265
-0.0865,7168
-0.0837,7699
-0.0269,6616
0.324,851
-0.0898,8470
-0.247,8622
-0.0393,7486
-0.195,9076
-0.181,8800
-0.125,6273
1.05,724
-0.157,8831
-0.144,8956
0.0508,3293
-0.00697,5611
-0.0695,7747
-0.225,6802
-0.192,8270
0.154,1004
0.0565,3561
0.0359,4615
-0.214,8704
-0.333,10541
-0.037,6315
0.104,1937
0.121,2014
-0.0783,6686
-0.0508,6619
-0.222,10203
0.512,1791
0.0303,4561
-0.0594,6013
-0.0303,6314
0.122,2318
0.0825,1780
-0.154,8183
-0.056,8147
-0.0282,5735
0.344,533
0.316,379
0.0631,3830
-0.0617,6116
-0.152,10358
0.145,1577
0.0609,3407
-0.377,10727
-0.165,8229
0.0193,4982
0.0882,2787
-0.0104,5802
-0.208,8554
-0.0562,6468
-0.0787,6961
0.248,1429
-0.117,8049
0.0295,4608
-0.0418,5953
0.0164,4874
-0.128,8489
0.0596,3178
0.123,2991
-0.288,10265
0.214,1798
0.0639,3671
0.274,590
-0.13,10431
0.0197,4980
-0.208,9596
0.0283,4413
0.124,3495
-0.164,9904
0.0329,3981
-0.138,9933
-0.0492,7082
0.184,3081
-0.0981,7758
0.0137,4760
-0.145,9529
0.233,1487
0.873,229
0.0229,4946
0.126,2416
0.365,2022
-0.0103,5860
0.132,2364
0.167,1489
-0.0786,7330
-0.0568,6563
0.487,106
0.0443,4404
-0.204,10730
0.157,1445
-0.228,9967
-0.28,9057
-0.227,7853
-0.153,8767
-0.0259,6650
0.126,2254
0.136,1866
-0.0694,6770
0.0452,4204
0.0325,3859
-0.0695,7968
0.243,654
-0.204,8181
-0.169,6187
0.828,398
-0.194,9184
0.112,2615
0.203,1887
-0.165,10508
0.253,1780
-0.125,7808
-0.375,10637
-0.187,9554
-0.233,10364
0.244,2280
-0.0624,7578
0.39,1132
-0.162,10028
0.098,1706
0.125,1984
0.635,78
0.238,853
-0.191,8188
0.0051,5000
-0.0315,6324
-0.294,10462
0.039,4337
0.207,913
-0.0255,5625
-0.19,9493
-0.33,9041
-0.169,8601
-0.0521,5876
-0.0439,6000
0.21,3324
-0.0312,6057
0.0146,5124
-0.0325,6210
0.151,1757
-0.0664,6447
0.0191,4653
0.181,1142
-0.0363,6275
0.258,920
-0.374,9266
-0.0904,8400
0.306,842
0.069,2187
-0.0125,5607
0.42,661
-0.0847,7704
-0.0898,6387
-0.13,8761
0.0132,4669
0.0272,4539
-0.0452,6422
-0.136,7323
-0.0934,8058
-0.183,10534
0.0363,4491
-0.162,8514
-0.132,9302
0.131,1773
0.108,2145
-0.0159,5916
-0.0085,5441
0.00852,5175
-0.352,9767
-0.0656,6323
0.201,443
0.00962,5055
0.116,2839
0.091,3191
0.767,114
0.473,815
0.251,1938
-0.143,9513
-0.171,9859
0.0417,4183
0.0352,4218
-0.474,9890
0.145,1016
0.127,1524
0.157,1302
-0.181,8489
0.126,1338
0.126,3236
-0.291,10501
0.116,1000
0.0599,3246
-0.0408,6398
-0.0393,6783
-0.126,7997
-0.000668,5126
0.116,2775
0.00833,5086
-0.329,10540
-0.108,8447
0.0554,4363
-0.242,9451
0.0878,3167
-0.0974,9460
-0.112,8761
-0.0642,7173
-0.186,8972
0.215,1293
-0.0291,6268
-0.00848,5752
-0.239,9951
0.135,2251
-0.183,9171
-0.164,8550
-0.00298,5429
-0.312,10885
0.0291,4612
-0.18,9965
-0.13,8724
-0.431,10774
-0.00124,5704
0.12,2221
-0.168,9526
0.358,2113
-0.293,10936
-0.247,10167
0.149,1153
-0.313,6089
-0.21,7929
-0.147,5973
-1.5,11011
0.00435,5184
-0.106,7399
-0.198,6958
0.111,2809
0.0686,3590
-0.228,9274
-0.134,8513
0.0828,2144
-0.119,7471
0.294,1495
-0.00817,5315
-0.067,6127
0.162,1077
0.0118,4566
-0.14,8105
-0.0323,6219
-0.393,10546
-0.17,10621
-0.183,7674
-0.169,9881
0.14,3568
-0.036,6795
0.202,1805
-0.177,9571
-0.0324,6941
-0.0405,6415
-0.119,8092
0.0582,3556
-0.352,9468
0.308,2342
0.194,440
0.0355,3923
-0.113,7318
-0.0041,5461
-0.483,10387
-0.192,6187
0.0892,2301
0.095,3006
0.17,2231
-0.0392,7036
-0.123,8154
0.0918,3088
-0.118,8969
0.106,1576
0.11,1400
-0.0206,6036
0.3,352
-0.0786,7987
0.0153,4337
0.106,2697
-0.466,10767
0.052,3478
-0.0413,6043
-0.0158,5769
0.159,898
0.221,429
-0.0139,5406
-0.242,8986
-0.0494,6950
-0.261,9167
0.061,3149
0.0491,3875
0.0383,1685
0.118,3456
0.0464,265
-0.054,6071
0.103,2627
-0.448,9738
0.0499,4373
-0.0529,6892
0.605,45
-0.415,8969
-0.165,8999
-0.395,10192
-0.102,6946
0.167,755
0.098,3722
0.19,2480
-0.115,7868
0.242,839
0.217,1609
0.11,1646
0.127,1887
-0.0511,5356
-0.347,9160
-0.00527,4976
-0.207,9829
-0.0548,6908
0.0772,3008
-0.0546,7152
0.0579,4296
0.144,3321
0.0675,3857
0.0181,4281
0.327,578
0.0218,4551
0.114,2760
-0.232,10188
0.139,3528
-0.087,8859
-0.0301,6929
-0.0806,7592
-0.0472,6391
0.143,1755
-0.0846,6538
0.111,3425
-0.0104,5546
-0.239,9917
-0.0182,5606
-0.0998,7715
0.214,2666
-0.021,6227
-0.0398,6737
0.122,2925
0.189,2157
0.276,1600
-0.561,10092
-0.0721,7081
0.296,1469
0.284,456
-0.225,10363
0.0166,4973
-0.22,9892
-0.189,10340
0.003,5437
-0.246,9522
0.0171,4957
-0.00699,5544
-0.0286,5407
0.12,2315
0.0283,3647
0.638,240
0.0325,4462
-0.0542,6350
-0.287,8947
-0.0257,6302
0.072,3299
0.114,2539
0.386,199
-0.0688,6486
0.0234,4791
0.0834,1395
0.00295,5233
-0.0135,5813
0.0171,4812
0.426,1887
-0.145,9415
-0.0121,5842
0.627,65
-0.00889,5251
-0.109,6696
-0.13,6846
-0.231,9893
-0.00683,5369
-0.0848,8067
-0.19,9555
-0.15,9965
-0.378,10594
0.0912,3115
0.151,1789
0.023,4448
-0.396,10710
0.51,100
0.0307,4353
-0.0459,6461
-0.0925,9631
-0.18,10677
-0.466,10522
0.132,3451
0.048,4766
-0.119,7463
0.0168,5016
0.142,1470
0.234,573
0.114,2354
0.0146,4839
-0.0542,6504
0.025,4460
-0.143,7934
-0.0745,6068
0.357,1442
-0.315,8056
-0.223,9318
0.114,1904
-0.108,7557
-0.0308,5533
-0.0429,7769
-0.247,8101
1.14,200
-0.15,10343
-0.0741,7209
-0.176,10134
-0.195,7185
0.352,2451
0.206,1948
-0.0328,6616
0.154,1373
-0.456,10586
-0.124,6646
-0.0993,8968
-0.0527,7221
0.0499,3924
-0.117,8588
0.17,470
-0.0408,6365
-0.18,9313
-0.0627,6757
-0.0556,6742
-0.00656,5312
-0.151,8002
0.0932,3053
-0.152,7426
0.265,2773
-0.129,8132
0.00901,5050
0.0541,4011
0.107,2653
0.00259,5241
-0.156,8951
0.159,492
-0.0585,8297
-0.0384,5349
-0.313,8354
0.038,4567
0.0406,4703
-0.107,9028
-0.0826,8416
-0.253,10449
-0.181,8302
0.121,2463
0.269,1066
0.0275,4212
0.162,1908
0.196,2056
0.223,1204
-0.0553,6856
0.269,1362
-0.158,8833
0.0224,4622
-0.141,8913
-0.0944,6839
-0.337,10943
-0.227,9391
0.108,2505
-0.0657,8137
0.0725,3418
0.092,3777
0.266,2667
-0.0168,4919
0.13,2256
0.313,213
-0.0647,6385
0.649,296
-0.113,8790
-0.0193,6006
-0.0144,6012
0.126,1357
-0.126,9976
0.0746,3677
0.0116,4872
-0.0375,6161
-0.0225,6068
0.261,374
0.16,1677
0.243,1049
0.0202,4423
0.407,1244
0.0644,2611
0.0656,3375
-0.291,9809
-0.194,8401
-0.128,8945
0.0886,3590
-0.0419,7338
-0.279,8823
0.22,1000
-0.144,8486
-0.0322,5769
-0.199,8486
-0.122,9183
0.008,5158
-0.0201,6012
-0.247,10299
-0.036,5766
-0.0385,6617
-0.0369,7384
0.0445,4466
0.828,259
0.0197,4979
0.136,2703
0.266,458
0.0746,3628
-0.0874,8881
-0.0818,7271
0.0365,4484
-0.13,8802
0.0778,3259
-0.248,9714
0.269,755
-0.133,7927
-0.295,9588
-0.262,8614
-0.151,9641
-0.05,6343
0.0753,4020
-0.0512,7032
-0.186,9167
0.119,3634
-0.0803,8482
-0.157,9847
-0.0978,6614
-0.0403,6932
0.68,283
-0.0984,6341
0.142,1913
-0.147,8673
0.0142,4790
-0.0226,5938
0.0288,4256
0.0494,3842
-0.0327,6582
-0.0993,9102
-0.197,8972
-0.351,10541
-0.238,9862
-0.285,9587
0.207,1488
0.00206,5451
-0.19,9055
-0.251,10212
-0.0248,5906
0.125,3305
-0.417,10941
0.246,337
-0.473,9901
-0.146,9720
-0.0632,7018
-0.283,10179
-0.0373,6376
0.186,771
0.0347,4124
-0.223,9154
-0.148,7891
-0.3,10422
0.201,659
0.353,277
0.0832,2172
0.222,2290
-0.286,9544
0.0788,3490
-0.0727,7204
-0.156,9918
0.0354,4469
0.0935,3647
-0.0364,6026
-0.624,7735
-0.202,9832
-0.143,6269
0.231,1153
-0.352,9926
-0.00227,5225
0.096,2841
0.111,2019
0.111,1972
-0.0401,5514
0.17,1965
0.128,2541
-0.0113,5827
-0.000724,5334
-0.0375,7040
0.346,979
-0.156,7933
-0.247,8463
0.18,1781
-0.156,10880
0.0543,3492
-0.358,10916
-0.325,8558
-0.171,8909
0.375,1123
0.32,296
0.0961,2060
-0.225,9247
0.0129,4869
-0.246,10066
0.043,4201
-0.0403,6556
0.388,802
0.0195,3713
0.815,4
-0.0252,6029
-0.0118,5519
-0.0933,6979
-0.0753,7035
0.727,153
0.0297,4765
-0.285,9048
0.0618,3187
-0.191,10950
0.00478,5214
0.22,1473
0.365,578
-0.0418,5852
0.163,1372
0.00886,5165
0.134,3769
0.118,3251
0.24,1838
0.341,2346
0.105,1877
0.0447,4584
-0.0994,7628
-0.142,7329
0.11,3113
-0.172,6541
-0.306,11001
0.132,2354
0.154,3723
-0.208,6321
-0.247,10705
-0.262,6734
0.0453,3305
0.0571,3507
-0.261,7193
0.675,455
0.109,3629
-0.112,7375
-0.123,7736
0.0253,4424
0.0326,4458
-0.0639,6547
0.762,294
-0.142,8343
-0.207,10698
-0.187,9359
-0.0739,6406
-0.00498,5333
-0.243,9885
-0.00846,5678
-0.147,8985
0.157,2308
-0.123,7198
0.16,1625
0.0248,4615
-0.126,9593
-0.248,9117
0.096,3503
0.077,3409
0.0702,4005
0.181,2590
0.17,1495
0.045,3754
-0.00295,5138
0.235,1800
0.134,2298
0.0512,3937
-0.00895,6141
-0.0748,9509
0.518,676
-0.167,9049
-0.175,10468
0.277,947
-0.0186,6058
0.151,1043
-0.238,6930
-0.418,10324
-0.315,7439
-0.198,9636
-0.128,7533
-0.119,7570
-0.0909,7294
-0.154,8346
-0.29,9980
0.295,650
0.131,2050
0.207,1601
-0.265,9193
0.818,137
-0.162,8712
0.0369,4694
-0.0175,6055
0.0597,3974
-0.0955,9343
-0.206,10077
-0.195,8650
0.181,2267
0.114,2289
-0.102,8304
0.0531,3525
-0.38,10923
0.721,421
-0.0581,7937
-0.0625,7089
0.145,1625
0.493,121
0.269,1737
0.149,1870
-0.539,10910
-0.208,10153
0.0194,4913
-0.23,10374
-0.184,9901
0.00564,5180
0.154,1817
0.0354,4265
-0.209,10149
-0.28,10322
-0.0225,5968
0.0554,4151
0.255,683
-0.213,10969
-0.0376,6827
-0.0712,6788
0.0523,4120
0.0372,3772
0.114,2050
-0.0696,7183
-0.178,9467
-0.142,8653
-0.212,9554
-0.234,9158
-0.276,8930
0.0261,4421
-0.0937,8817
0.26,1058
0.0508,4665
0.254,1771
-0.00211,5389
0.0517,4071
-0.402,10990
-0.0907,7241
-0.37,8555
-0.0749,8544
-0.26,9306
-0.223,9532
-0.0586,7456
-0.196,7242
-0.129,8598
0.397,131
0.319,2090
0.0467,3759
0.15,2836
0.02,4755
0.149,2354
0.175,1164
0.384,1105
0.0687,2791
-0.215,10638
-0.279,9630
0.471,578
0.0878,3521
-0.00209,5424
0.0854,2004
-0.0217,6500
-0.0514,7156
0.183,2093
-0.00677,5586
-0.331,10689
-0.00428,5515
-0.183,8781
-0.0753,7828
0.0492,4151
-0.235,9088
0.0547,3503
0.078,3345
-0.183,8971
0.91,111
-0.182,10335
-0.426,10306
-0.156,8966
-0.0465,7889
0.0334,4920
0.299,711
0.107,2304
0.0688,3316
-0.0578,6419
0.0769,2522
0.253,1333
0.492,182
0.394,989
-0.402,10532
0.231,2913
0.148,1694
0.0807,2395
0.0744,2451
-0.247,9440
-0.228,9480
0.209,2027
-0.00035,5318
0.308,318
-0.261,9293
0.0389,4402
-0.0633,6430
0.287,1603
-0.148,9720
-0.122,8953
0.464,353
0.143,1913
-0.129,7332
-0.147,6542
0.209,238
-0.116,7514
-0.173,8939
-0.0513,7240
0.0935,3269
-0.469,10024
-0.115,7791
0.335,892
-0.149,9183
-0.195,9206
0.232,1752
-0.0188,5915
0.0129,5001
0.312,1282
-0.329,10411
-0.274,10897
-0.00693,5034
0.171,2703
0.0081,5039
-0.0442,7096
-0.0525,7012
0.0705,3003
0.106,2898
-0.099,8495
0.00145,5137
0.0514,3187
-0.114,8389
-0.114,7321
-0.145,7982
-0.0401,6593
-0.167,9311
-0.0695,6824
0.0289,4706
0.0542,4226
0.216,1271
-0.311,8820
0.148,1249
-0.0623,7806
-0.108,9234
-0.129,9463
0.00307,5324
-0.122,8089
0.483,480
-0.258,8996
0.27,401
0.604,111
-0.0769,6336
-0.0496,6309
0.0477,4358
-0.0777,10124
-0.115,7523
0.0518,4037
0.0256,4767
0.0957,3561
-0.00835,5242
-0.199,8876
0.265,1046
0.0221,4928
0.0801,3063
-0.054,7100
0.034,4284
0.273,263
-0.17,9300
-0.0916,8362
0.3,1814
0.554,158
0.212,307
-0.00279,5705
-0.0241,5525
-0.000652,5336
-0.0952,7333
0.124,751
-0.0011,5113
-0.0139,5968
-0.0119,5765
-0.00443,5354
0.146,3437
0.0193,5230
0.00383,5137
-0.295,10016
0.185,1075
-0.104,7396
-0.194,6437
-0.0101,5428
0.199,1716
0.154,1776
0.171,2059
-0.0862,8584
0.0661,3298
-0.257,8667
0.144,416
-0.184,11025
0.172,2538
0.194,2429
0.000297,5476
-0.725,10334
-0.019,6295
0.142,1069
0.572,92
-0.182,9184
-0.217,7605
-0.341,9950
-0.272,10781
0.187,908
-0.062,6968
0.191,1431
-0.255,8511
-0.117,7594
-0.118,8598
-0.203,10701
0.188,1448
0.121,3271
0.645,640
0.162,2348
0.0639,2679
-0.0139,6027
0.17,781
-0.274,9176
-0.254,8491
-0.303,10706
0.118,1576
0.0479,3011
0.342,665
0.633,655
0.323,859
-0.114,6826
-0.303,10068
0.13,2640
-0.104,7547
-0.244,10398
0.127,3486
-0.196,8750
0.279,162
0.211,2313
0.271,1330
0.00778,5167
-0.257,8451
0.164,2994
0.124,1215
-0.204,9562
0.58,69
-0.0204,5752
-0.175,9202
0.347,1261
-0.121,8403
-0.179,9354
0.179,1731
-0.313,9311
3.51,72
0.187,2592
0.0086,5115
-0.212,9038
-0.0164,5683
-0.065,6894
0.0525,4000
-0.128,8725
0.0506,3962
-0.0713,7627
0.089,2907
-0.277,7201
0.24,1635
0.0209,4822
-0.0224,5767
-0.0214,6526
0.286,1194
-0.00627,5256
-0.0775,8258
-0.209,9102
-0.0877,9387
0.0653,2616
0.0342,4889
0.0723,4008
-0.0521,6408
-0.223,9045
-0.244,10054
0.0394,4479
0.163,2561
-0.229,8799
0.323,1263
-0.0536,5830
-0.0727,7228
0.0391,3840
-0.129,7089
-0.171,8616
-0.128,7504
-0.0977,5237
-0.0515,7383
0.00271,5288
0.0269,4541
-0.0719,7720
-0.194,9045
-0.0281,5712
-0.243,10312
-0.214,10663
-0.118,8083
-0.103,8312
-0.211,7806
-0.124,8522
-0.0805,7496
0.0709,3065
0.423,418
-0.0791,6595
0.224,2281
-0.0843,7660
0.0702,3073
0.0298,4025
-0.314,10298
-0.167,7940
1.04,459
-0.333,7254
-0.00606,5130
-0.083,8668
0.107,3600
-0.27,10678
-0.0867,7687
-0.586,10695
0.00941,5149
-0.0483,7093
-0.231,10059
0.17,2354
-0.143,8953
-0.361,9795
-0.00238,5423
-0.136,8531
-0.434,9692
0.338,437
0.253,1053
-0.121,7161
0.00123,5364
0.24,428
0.314,328
-0.0796,6828
0.3,1861
-0.169,8939
-0.0256,6767
-0.193,6904
0.0889,2369
-0.183,8959
-0.343,9811
-0.158,7249
0.079,3200
-0.0871,8633
0.483,301
-0.0906,7485
0.249,1306
-0.000942,4916
-0.234,9223
-0.0449,6284
-0.0685,5952
0.148,2420
0.152,2782
0.0937,3056
0.11,2597
-0.219,9354
0.0253,4173
-0.171,9158
-0.095,7567
0.207,2424
-0.0529,6919
-0.177,7522
0.312,646
-0.0873,7308
0.0105,4933
0.0524,3954
-0.203,10524
0.0594,4078
0.0307,4694
-0.00543,4991
0.201,88
0.0458,4386
-0.193,10305
0.27,1186
-0.122,7792
0.581,71
-0.395,10923
-0.0484,6713
-0.434,10714
-0.292,10200
-0.0827,6878
0.245,1032
-0.174,9814
-0.257,10264
0.0302,4056
-0.205,8796
0.0422,4011
-0.00773,5487
-0.151,9474
-0.17,10393
-0.0142,5966
-0.105,7436
-0.153,8926
0.015,5029
-0.0355,6395
-0.131,8809
0.0213,4803
0.32,588
0.0458,4167
0.163,2791
-0.144,6770
-0.0826,7476
-0.000282,5525
-0.0409,6733
-0.114,8326
1.01,370
-0.45,10106
-0.0591,8133
0.185,333
-0.242,9800
-0.233,9697
-0.57,10228
-0.225,10435
-0.351,10960
-0.137,9761
-0.21,9340
0.855,19
-0.0435,6841
0.0443,3517
-0.0642,8114
-0.103,8348
-0.119,8688
0.134,1782
-0.139,8831
-0.105,8296
-0.283,10439
0.0161,4867
-0.33,9784
-0.0706,7040
-0.288,9793
-0.476,10813
0.416,253
-0.29,10280
-0.00336,5594
0.13,3917
-0.365,7920
0.161,2154
-0.27,10744
-0.0929,6640
-0.377,9147
-0.0434,7480
-0.0275,6196
0.164,1699
0.18,721
-0.101,8779
0.272,814
-0.0222,5822
-0.161,8361
0.0246,4538
-0.212,10075
0.101,3033
-0.0406,5811
-0.0823,7201
-0.0805,6412
-0.366,10355
0.122,3299
0.353,462
0.0504,4056
0.261,2798
-0.00705,5013
0.623,218
-0.127,8900
0.0691,3351
-0.0675,6363
0.203,399
-0.358,10014
-0.0459,7505
0.0281,4490
0.0857,1714
-0.147,7322
-0.447,10837
0.0286,3917
0.0668,4046
-0.0763,7621
-0.215,9865
-0.215,8969
-0.108,7983
-0.231,8322
0.0526,4594
0.0326,4470
0.0859,2532
0.0638,3563
-0.0302,6949
0.129,1539
-0.13,9195
-0.0531,5873
-0.123,8619
0.0206,4708
-0.204,9537
-0.13,7996
-0.0877,7211
-0.271,9568
0.035,4281
0.407,739
-0.286,7060
0.12,1574
-0.0809,7297
-0.168,8704
0.0727,3215
-0.093,8854
0.184,1297
-0.0321,6248
-0.0745,7170
-0.307,10442
0.0391,4588
-0.114,8281
-0.0344,5929
-0.0431,6271
0.633,135
0.116,2383
-0.0438,7209
-0.127,9141
0.111,2481
0.444,120
-0.133,7583
0.319,944
-0.0263,6187
0.175,917
-0.2,10563
0.465,1361
-0.145,8223
0.0834,3587
-0.201,10361
-0.0524,6912
-0.431,10839
-0.0655,6792
0.0813,3282
0.118,3468
0.0854,2714
-0.0887,8030
-0.18,10804
-0.139,9562
-0.303,10434
0.171,2178
-0.221,9084
0.0782,3787
0.127,1286
-0.111,7027
-0.00586,5661
-0.138,9373
-0.0589,5995
0.0568,2891
0.0468,4131
-0.326,9698
-0.0739,6466
-0.332,10583
-0.103,9280
-0.0181,6336
-0.105,9218
-0.0149,5656
0.0308,4908
-0.101,8355
0.00319,5415
0.0749,3885
-0.296,10693
-0.166,6209
-0.221,7381
0.76,783
-0.0944,6364
-0.0511,4725
-0.0891,7987
0.281,1304
-0.135,7931
3.83,140
-0.373,9631
-0.214,10407
-0.0206,7042
0.138,2539
0.27,617
-0.0503,6915
-0.154,8154
-0.137,9204
-0.0164,5841
0.194,2401
0.0401,4127
0.238,2640
-0.0789,8107
0.0462,4332
0.0226,4668
-0.191,8188
-0.238,8001
0.267,1626
-0.133,10063
0.0876,3758
0.108,1902
-0.692,9407
-0.0523,6331
-0.203,9113
-0.154,8938
-0.0289,6236
-0.302,10523
0.0612,3641
-0.194,9672
-0.271,9205
0.556,1474
0.287,600
0.0177,4329
-0.00408,5331
0.0793,3971
0.685,209
0.489,591
0.0178,4701
-0.0885,7805
0.124,2961
0.266,2213
0.248,650
0.828,38
-0.204,9491
0.146,1190
0.0852,3384
0.0145,5015
0.00185,5344
-0.114,6130
-0.000384,5498
-0.0618,7376
-0.108,7287
-0.137,8561
0.0764,4073
0.0633,3680
0.414,433
0.677,93
0.127,2411
0.166,2524
-0.122,7571
-0.175,6870
0.352,1007
-0.0801,7916
0.0284,4462
-0.286,10543
-0.0375,6412
0.152,2701
-0.0128,5776
-0.0502,7073
-0.247,9766
-0.223,9083
-0.142,6471
0.433,477
0.0419,4198
-0.121,9821
0.265,716
-0.143,7142
0.0379,4550
-0.363,10668
0.806,14
-0.389,10067
-0.0172,5987
-0.0172,5787
0.281,2654
0.142,1261
-0.00922,5760
-0.0276,6150
0.0546,3943
-0.073,7339
-0.235,9989
0.0906,3164
-0.0121,5447
-0.0334,6697
-0.00207,5129
0.0516,4275
-0.404,10766
-0.0341,6037
-0.0845,8768
-0.0825,8463
0.0621,4328
0.428,316
-0.0798,5630
0.0663,4064
-0.104,8088
-0.14,9354
-0.163,8024
-0.0382,6259
0.139,3144
0.151,2412
0.0125,4654
-0.00232,5316
-0.161,8339
-0.322,10798
0.18,1619
-0.0778,7087
0.168,1847
-0.0143,5902
-0.0739,7518
-0.00468,5169
-0.282,8759
0.171,2392
-0.238,10677
0.194,1116
0.118,2213
-0.0952,7171
0.0617,3609
0.0365,4319
0.285,204
-0.187,10169
-0.16,9112
-0.166,9194
-0.121,8036
0.147,2551
0.0913,1443
0.262,1044
0.0788,3842
-0.274,9759
0.589,321
-0.394,9282
0.102,2754
0.279,649
0.0061,5386
0.288,762
-0.00431,5268
-0.0845,7256
-0.0547,7428
-0.0959,8983
-0.0725,7324
0.0603,3773
0.0872,3741
-0.109,7847
0.0274,3911
0.0777,3157
-0.122,8470
-0.116,8552
-0.0478,6644
0.256,1145
0.0901,3671
-0.0154,6222
0.0717,3217
-0.184,8544
0.196,1106
-0.151,7657
0.217,219
0.101,2103
-0.146,8780
-0.162,8834
0.955,106
0.423,1242
-0.0124,5671
0.0578,3684
0.194,743
-0.156,9456
-0.103,7541
-0.261,10040
-0.2,10733
-0.103,9352
0.0143,5011
0.167,2686
-0.292,10085
-0.271,9902
0.102,2884
0.132,2545
0.122,3086
-0.492,10206
0.383,208
0.108,3901
-0.242,9793
0.036,4191
-0.242,9886
0.27,883
0.286,1644
0.0053,5191
0.162,1738
0.0192,4613
0.292,733
-0.162,8841
-0.314,10563
-0.172,5799
0.222,1682
0.0204,4484
-0.372,9630
0.0478,4338
0.293,662
-0.207,10243
-0.17,8525
-0.247,10504
-0.0493,6836
0.000373,5546
-0.107,7538
0.208,2448
0.199,957
0.135,1749
-0.00815,5635
-0.0965,8584
0.13,3311
-0.32,9406
0.327,204
0.0724,1627
-0.217,8395
-0.302,10434
-0.0331,6763
-0.0127,6012
-0.0361,6904
-0.0865,8050
0.0578,3965
-0.188,9316
0.00742,5029
0.0355,3092
0.0653,2697
-0.252,10621
0.608,232
0.0601,4372
-0.0798,6449
0.493,890
-0.151,10645
0.061,3688
0.201,1295
-0.226,8958
-0.229,9445
0.0452,4215
-0.00526,5710
-0.127,9658
0.025,4873
0.0674,3707
0.154,3103
-0.522,10989
-0.148,8085
-0.123,10306
-0.111,6873
0.0263,4525
-0.391,8836
-0.141,9747
-0.0223,6532
-0.17,9562
-0.0467,6420
0.0303,4685
-0.187,9123
-0.0191,6250
-0.0421,7711
-0.247,10925
0.0359,4551
-1.02,10750
-0.135,6740
-0.0772,6773
-0.0105,5875
0.0522,3711
-0.0344,5931
-0.112,6927
0.23,902
0.195,2660
0.0638,2652
-0.134,8280
0.0898,3313
-0.0978,7407
-0.215,9132
-0.118,8763
-0.11,5778
0.0698,3423
-0.0914,6478
0.129,2183
0.102,3452
-0.155,7729
0.0653,2264
0.0489,4107
-0.00405,5260
0.271,2777
0.176,2675
0.492,1137
-0.122,9292
-0.1,9261
-0.844,9713
-0.0754,4153
-0.389,8753
-0.329,8677
-0.47,7946
0.136,1727
0.177,2539
0.197,1890
-0.148,7325
-0.288,9943
-0.289,10930
-0.112,7808
-0.629,8615
-0.215,7526
-0.371,8130
0.0015,5266
-0.0511,7547
0.102,2404
-1.15,10644
-0.657,9902
-0.401,10082
-0.224,8993
0.00476,5099
-0.0723,7673
0.332,1507
-0.128,7282
0.0524,3476
0.232,1995
-0.00399,5314
-0.0556,6165
-0.0198,4480
-0.0205,5039
-0.00164,5366
0.421,836
-0.101,8031
-0.0242,5990
1.51,44
0.135,3184
-0.337,10772
-0.465,9020
-0.29,10305
-0.0766,7696
0.547,809
-0.134,8169
-0.301,9117
-0.178,6606
0.126,1646
-0.0883,7832
-0.131,8103
-0.0726,7942
0.572,372
-0.0892,6972
0.0514,3760
0.00971,5047
0.0679,4067
0.113,3010
-0.00673,5865
-0.449,10899
0.305,546
0.165,3041
-0.1,8390
0.0511,3499
-0.0506,7902
-0.199,8799
0.108,2849
-0.0651,6758
-0.107,8340
-0.0535,7666
-0.0727,7195
-0.203,6965
-0.295,7552
0.323,1953
-0.177,7177
0.23,2265
0.00555,5014
-0.115,7992
-0.263,8832
-0.0623,7094
-0.305,10757
0.0235,4117
-0.379,10832
-0.0236,5786
0.0198,4687
-0.104,7064
-0.251,10749
-0.107,8160
0.0643,4207
0.2,1272
-0.254,10537
-0.24,9013
0.0265,4478
-0.00787,5835
0.0187,4623
0.227,1419
-0.144,9655
0.12,2600
0.334,226
-0.261,10290
0.00409,5147
-0.224,9461
0.0956,2496
-0.235,9268
-0.0265,7027
0.0465,4285
-0.00489,5263
-0.351,10994
-0.361,10113
-0.0304,6081
-0.0159,6246
0.0455,1519
-0.149,9200
-0.0222,5373
0.0914,2443
-0.00128,5399
0.109,3318
-0.209,10262
0.221,1450
-0.362,10101
-0.0775,6978
0.142,2454
-0.171,9742
-0.217,8422
-0.109,8687
-0.294,8980
-0.146,7667
0.162,2478
-0.059,8101
-0.0424,6898
-0.0737,6885
0.403,361
0.0883,3528
-0.349,10337
-0.25,10380
-0.11,8453
-0.0356,7017
0.185,1866
0.0785,3302
-0.0237,6243
-0.00561,5294
-0.0339,6328
-0.29,10307
0.295,1725
0.433,719
1.66,21
0.131,1266
-0.112,9230
0.00801,5162
-0.228,10345
0.606,882
-0.0618,7918
-0.135,10547
0.316,608
-0.0483,6219
-0.121,7008
-0.0243,5986
-0.0819,7284
0.0809,3857
0.13,1434
0.112,2477
-0.177,8466
0.499,809
0.103,4024
-0.0492,6822
-0.2,10913
0.449,1203
-0.588,10885
-0.444,9224
-0.474,9721
-0.0826,6951
0.267,1839
0.132,2853
0.065,3682
-0.181,7837
-0.131,9918
-0.0373,6533
-0.18,10058
0.263,690
-0.0152,6178
-0.272,7319
-0.192,7219
-0.0252,6976
0.265,1293
-0.107,9307
-0.0762,7421
-0.111,7291
-0.211,9307
0.157,530
0.0118,4848
-0.261,10493
-0.0882,6668
0.175,1588
-0.174,9831
0.0933,2538
-0.09,9061
-0.181,8823
-0.227,8704
-0.312,9021
-0.116,7751
-0.0688,8034
-0.217,8520
-0.0564,7076
-0.187,10637
-0.227,8721
-0.368,7999
0.187,705
-0.122,10054
-0.178,8616
-0.137,8310
-0.0426,7400
-0.0745,7108
0.0407,3693
-0.12,8824
-0.492,9966
0.0587,4365
-0.0122,5640
-0.279,10403
-0.00354,5209
-0.0164,6256
-0.102,7988
-0.0701,7422
-0.0751,7131
-0.189,8388
-0.289,10553
-0.0299,6620
0.0923,3313
-0.149,9541
0.0231,4627
0.112,3269
-0.0566,7444
0.177,1444
-0.0136,5924
-0.136,7521
0.825,92
-0.102,8370
-0.0514,6999
-0.215,9236
-0.288,9947
0.103,1659
0.153,2240
-0.377,10274
-0.114,6782
0.274,631
-0.193,8744
0.0111,4995
0.435,874
-0.0331,6102
0.376,333
-0.0801,7003
0.0274,4729
0.197,2325
-0.16,6940
-0.252,9019
0.119,1464
0.0393,4204
-0.157,8553
0.222,2109
-0.342,5423
-0.127,9942
0.0409,4003
-0.00571,5609
0.0614,3910
0.262,1451
0.0729,2982
0.269,1475
0.0998,2616
0.0366,4579
0.312,1755
0.27,1033
0.0147,4844
-0.119,8525
0.0884,3431
-0.134,10200
0.363,23
0.081,3021
0.0811,3461
-0.134,8154
0.00489,4901
-0.18,8307
-0.395,10712
-0.144,7826
-0.275,10006
0.286,2236
0.0554,3969
-0.0534,8265
0.102,3076
-0.274,10644
0.0574,3926
0.0243,4524
-0.185,9219
0.0127,4677
-0.773,10111
-0.246,8408
0.0143,4445
0.26,1389
0.149,2951
-0.323,5744
0.0197,4770
0.672,43
0.311,531
-0.0766,8204
0.103,3119
-0.102,7181
-0.0392,6422
0.447,239
-0.127,8067
0.0355,3607
0.174,1768
0.182,2430
-0.383,10025
0.111,3167
0.104,2639
-0.147,8224
-0.109,7978
-0.105,9043
0.0387,4406
-0.0248,5875
-0.0454,7495
0.109,1389
0.0482,3608
-0.0813,8770
0.0601,3590
-0.131,5725
-0.0376,6537
-0.102,8182
0.106,3341
0.0932,3239
0.191,2170
-0.373,10020
0.119,3122
0.0281,4390
0.243,1293
0.27,1787
-0.196,9790
0.032,4430
-0.108,7828
-0.394,10084
0.187,2050
-0.141,7340
0.0844,3211
-0.0357,7140
-0.0699,8092
0.241,1928
0.0607,4217
-0.0226,5562
-0.0935,6479
0.0667,3344
0.719,40
0.306,313
-0.0774,7456
-0.483,10625
-0.0821,7813
0.21,1153
0.00796,5090
0.325,435
0.0114,4828
0.321,680
-0.221,10492
-0.0983,8984
-0.0233,6199
-0.0166,5864
1,54
0.00894,5029
0.72,15
0.0615,2575
0.517,179
0.0577,2464
-0.217,9030
-0.113,7618
-0.0661,7604
-0.0677,6387
-0.308,10843
0.0446,4379
-0.228,10468
-0.0773,6763
0.275,331
0.0775,2559
0.0876,2428
0.204,1209
0.492,674
-0.0644,7171
0.133,556
-0.0507,7138
-0.127,8079
0.0812,3786
0.128,2760
0.0443,3964
-0.141,9607
0.0139,4855
-0.108,6880
0.488,172
-0.296,9821
0.195,2439
0.0654,2761
-0.143,9234
0.559,145
-0.323,10464
0.246,549
-0.0684,7424
-0.138,8690
-0.132,8481
-0.233,10288
0.232,1177
-0.00642,5463
-0.135,10569
-0.0702,6968
0.00432,5164
-0.0161,5234
-0.161,7806
0.0358,4929
0.11,2266
0.106,2006
0.166,2828
-0.125,7167
-0.174,7742
-0.52,9953
0.144,1784
-0.0495,6882
0.217,948
0.402,355
0.254,1482
-0.33,9500
0.135,1038
-0.0723,8407
0.078,4022
0.0984,4068
0.113,2942
-0.0562,6664
-0.0472,7616
0.168,1665
0.0495,4327
-0.22,9093
-0.24,10701
-0.364,9678
0.0489,3608
-0.0898,8164
-0.156,10259
0.0693,3577
0.117,2507
-0.094,6743
0.0393,3567
0.0719,2486
-0.00334,5531
0.395,701
-0.322,10687
-0.107,6665
0.281,1626
0.403,600
0.0156,4742
0.117,2182
0.358,647
0.0582,4431
0.0292,4681
-0.00788,5866
-0.107,9364
-0.0839,7993
0.321,996
-0.22,9447
-0.117,7291
0.0199,4900
0.00757,5046
-0.166,9118
-0.239,10761
0.12,3002
0.439,80
-0.0392,6908
-0.284,8743
-0.561,10529
-0.206,7863
-0.607,10526
-0.115,7551
-0.0578,7563
-0.077,7344
-0.271,9742
0.239,2520
0.122,3469
0.00029,5452
-0.0405,6751
0.187,336
0.661,342
-0.266,10196
-0.0225,6073
0.0126,4804
0.0219,4576
0.426,371
0.179,1152
-0.173,7132
-0.144,7169
-0.0168,5764
-0.153,7831
0.2,2024
-0.445,9923
0.211,1820
0.0769,2959
-0.157,9905
-0.0221,5358
-0.0508,6956
-0.0232,6176
0.438,741
0.0745,3485
0.0134,5109
-0.0187,5930
-0.0194,5979
0.275,2669
-0.265,9211
0.167,1417
0.268,891
0.314,1
-0.128,7266
-0.11,8658
-0.165,8929
-0.0915,8721
-0.0212,6030
0.0407,3723
-0.0223,6098
0.17,706
0.149,2788
-0.0587,6684
0.11,2328
0.052,1911
-0.151,7485
0.165,1626
0.116,2822
-0.00586,5467
-0.17,9180
0.00622,5336
0.0795,2557
-0.157,7827
-0.0759,6962
-0.19,9489
-0.104,9062
-0.14,9201
-0.0676,6920
-0.215,9140
-0.0905,8384
0.365,387
0.156,2895
-0.0331,6285
-0.286,8522
-0.148,8889
-0.0724,6655
-0.663,10797
-0.0333,6118
-0.039,7932
-0.0487,7715
0.638,9
0.0389,4321
-0.0505,6678
0.0731,3394
-0.142,8281
-0.0858,7538
0.705,1408
0.155,2509
-0.0398,6503
0.0997,2013
-0.19,10017
-0.23,10754
-0.158,9738
0.0212,4388
0.971,551
0.107,951
0.0158,4941
0.407,335
-0.203,9743
0.736,78
-0.0491,6361
0.146,2490
-0.00105,5311
-0.0769,7360
0.285,1883
0.0642,3842
-0.0506,6892
0.149,1727
-0.187,10858
-0.107,8245
0.055,3522
0.212,1649
-0.336,10423
0.159,1653
0.0567,4185
-0.249,9874
0.0384,4194
-0.159,9296
0.0523,3724
-0.0582,7431
0.233,846
0.204,1082
-0.0379,6717
0.0105,4904
-0.273,9888
0.112,1758
-0.0473,8599
0.166,1851
0.353,295
-0.046,5482
-0.21,9231
0.124,3186
0.018,4725
0.254,1169
0.116,1280
-0.07,7272
-0.0156,6426
-0.0638,7129
-0.0328,6752
-0.0243,5863
0.102,2300
-0.0167,5228
-0.297,9850
0.0466,3637
0.277,639
-0.061,6250
-0.141,9423
-0.498,9839
0.248,919
-0.0446,6526
0.0527,4377
-0.282,9716
-0.0988,7466
0.358,542
-0.232,9227
0.0189,4766
-0.0687,7865
-0.0331,6039
0.00617,4706
0.0905,3405
0.137,1423
-0.287,10765
-0.0359,7000
-0.15,9115
-0.221,10167
-0.37,10367
0.209,3484
-0.0467,6978
0.112,1770
0.0259,4591
0.178,2837
0.156,2388
-0.238,8927
-0.155,9551
-0.0266,5815
-0.0322,6386
0.0718,3688
-0.313,9625
-0.279,9526
0.00908,4777
0.142,1064
0.0745,3534
-0.0867,6749
-0.0527,6740
-0.108,6951
-0.229,10568
0.18,1487
0.0693,3059
0.0445,4055
-0.151,7753
-0.0862,6889
-0.272,10194
-0.16,8567
-0.153,7970
-0.184,9548
-0.0491,6425
-0.0272,6266
-0.255,10497
-0.00281,5361
-0.0922,8509
0.109,1928
-0.236,10396
0.1,3319
-0.0683,7406
-0.119,8977
-0.0531,6727
0.00278,5155
0.583,60
0.324,1621
0.0491,2107
-0.0116,5962
0.279,1358
0.199,1666
-0.0221,5857
-0.214,8405
0.0435,3971
-0.15,9372
0.216,1025
-0.0191,5842
-0.0656,7089
-0.113,8104
-0.00532,5367
0.00893,4826
-0.145,8637
-0.166,6689
-0.0251,5883
-0.449,10498
0.388,799
-0.146,10395
0.0174,4669
-0.00671,5528
-0.114,8172
3.02,255
0.0441,3484
-0.0359,5998
-0.00509,5392
0.263,1226
0.0968,3253
-0.156,7802
0.0199,4568
-0.111,10463
0.238,444
-0.251,9835
0.103,2589
0.133,2638
-0.0556,7176
0.0639,3648
0.0914,3941
0.0861,3778
0.0985,2856
0.0934,2392
-0.0231,6136
-0.0313,6184
-0.167,9190
0.454,164
-0.392,9311
0.194,881
0.272,1888
0.135,3985
-0.0518,8571
-0.0124,6098
0.0688,3208
-0.0737,6791
-0.0067,5128
-0.0742,5765
0.0134,4939
0.21,984
0.206,838
0.0733,3532
0.123,1921
0.292,1898
-0.324,11010
-0.108,9140
-0.171,8492
0.139,2152
0.245,788
-0.0795,6646
-0.317,10783
0.154,648
0.39,1135
-0.131,8692
0.269,817
0.208,2319
0.0592,1303
-0.0264,6075
0.161,2009
0.439,290
-0.0842,8455
-0.0477,6797
-0.0897,7853
-0.00955,5641
-0.0447,5867
0.0869,2615
-0.268,10275
-0.227,9135
0.274,489
-0.239,10699
-0.0701,7871
0.172,3278
-0.0327,5813
-0.0937,7867
0.187,2313
0.0395,4087
-0.278,9879
-0.156,7760
0.228,1882
-0.0421,7095
-0.113,7865
0.328,386
0.38,678
0.221,1680
0.213,827
0.147,2348
-0.143,9940
-0.186,9546
0.361,796
-0.163,9415
-0.108,7295
-0.132,8143
0.00904,4907
0.146,1569
0.265,1125
-0.349,10343
-0.226,7965
-0.456,8975
-0.156,9511
-0.031,6159
-0.0778,7727
-0.424,10665
-0.172,9082
0.298,296
0.233,424
-0.282,10704
0.124,2799
-0.253,9122
0.0433,3939
0.108,1671
0.128,2478
0.465,640
-0.136,8888
-0.226,10124
0.0358,4635
0.155,1215
0.05,3157
-0.0321,6565
-0.243,8815
-0.235,10147
-0.146,8927
0.103,2363
-0.266,10650
-0.0704,7631
-0.0796,6033
-0.199,9363
-0.0607,6619
-0.825,9149
0.00407,5085
0.126,1066
0.7,4
0.14,2421
0.0627,2648
0.152,2756
0.099,1824
-0.0185,5996
-0.0627,6844
0.139,883
-0.00444,5380
0.2,1288
0.0599,2172
0.0274,4392
0.0929,3869
-0.0279,6560
-0.014,5311
0.104,1666
0.0185,4514
-0.15,10059
0.0122,4972
0.0401,3427
0.0512,4222
0.106,1854
0.05,3245
-0.0697,7573
-0.396,10114
-0.11,7850
0.172,1943
-0.749,10650
-0.106,7033
0.0336,4750
-0.143,8777
0.894,377
0.531,1206
0.154,1531
0.903,15
-0.126,8345
-0.0781,7148
0.163,1507
-0.00948,5431
0.225,1082
0.0153,4708
-0.0175,5864
-0.29,8621
0.0363,4666
1.1,12
-0.0139,5507
0.031,4090
-0.171,7867
0.593,149
0.0593,3041
-0.0295,5825
0.445,875
0.0696,1665
-0.222,10737
0.119,3022
-0.134,9083
0.213,1824
-0.211,8259
-0.000728,5369
0.104,2714
-0.0562,6750
-0.232,6878
0.432,627
-0.353,10786
0.379,31
0.0957,2999
-0.0159,5725
-0.0533,6474
-0.548,10125
-0.165,8681
-0.0604,6773
0.00124,5041
0.000925,5127
-0.0551,6902
-0.0925,8117
0.213,869
0.00687,5240
-0.00254,5194
0.203,1623
-0.218,9405
0.0162,5043
0.351,1503
-0.436,10981
-0.101,7514
0.29,1206
0.0483,4023
0.111,3148
0.048,4046
-0.0499,7833
-0.139,9678
0.197,1661
-0.0401,6249
-0.441,9955
0.128,1468
0.0705,3347
0.0256,3728
-0.169,8085
-0.311,10019
-0.245,8730
-0.0684,6807
0.088,2184
-0.131,8523
-0.0912,8498
-0.13,8496
-0.0373,7042
0.0965,3029
-0.0804,8805
-0.267,10342
-0.307,10347
0.638,815
0.234,2751
0.0166,4951
0.0222,4779
-0.114,9269
0.0167,4881
0.297,1066
-0.301,10622
0.175,3211
-0.00105,5356
0.116,985
-0.124,9378
-0.223,10590
0.182,588
0.188,2696
-0.0537,7514
-0.0681,8272
0.101,3954
-0.175,7072
-0.431,9497
-0.109,6163
0.466,20
-0.126,8313
0.24,1116
0.0847,3004
-0.199,8367
-0.0992,8708
-0.0726,8397
-0.075,7380
-0.311,10467
-0.0458,6952
0.0349,4272
-0.73,9469
0.0909,3126
-0.0722,7704
0.0622,3166
0.0817,2127
0.427,244
-0.0302,6198
-0.0652,6856
-0.00518,5355
0.57,36
-0.103,8124
-0.224,9568
-0.00656,5742
-0.0811,8339
-0.0295,6507
-0.0822,7835
-0.0341,5534
0.539,6
0.151,2711
0.032,4076
-0.232,10684
0.323,1087
-0.0232,6184
0.016,4768
0.00677,5043
-0.00356,5505
-0.171,10093
-0.13,8769
-0.194,7983
0.192,3102
0.0711,3998
-0.0401,6795
-0.0218,5812
0.271,1421
0.194,2602
-0.0176,5437
-0.136,8289
0.158,1877
0.123,1627
-0.0708,5246
-0.115,8422
-0.0421,6162
-0.531,10743
-0.195,10338
0.299,706
-0.359,10554
-0.174,7768
-0.312,9330
-0.0159,5532
-0.156,9345
-0.183,9863
-0.21,9224
-0.0331,6469
-0.129,7593
0.112,2020
-0.063,7886
0.00654,5413
0.3,384
0.366,485
0.21,1106
-0.184,10222
-0.103,8490
-0.0548,7235
0.0213,4781
-0.281,10064
0.45,2056
-0.437,10875
-0.0243,6144
0.0418,3626
-0.393,10512
-0.0269,6467
0.0752,3567
-0.0172,6220
0.148,944
0.0877,2072
0.248,1229
-0.0643,6928
-0.132,6060
0.124,3373
-0.0933,8690
-0.0909,7397
-0.212,7877
-0.0249,5940
0.281,1631
-0.105,7805
0.248,1557
0.0599,3365
0.0238,4658
0.345,1448
0.109,1767
0.1,3421
-0.166,9987
0.00271,5042
-0.448,10093
-0.435,10275
-0.931,10990
-0.199,9540
-0.00773,5583
-0.0726,7234
0.152,3103
-0.0309,5877
-0.373,9704
0.0716,3008
0.0209,4470
-0.0354,6188
0.0744,3442
-0.0397,6284
0.0174,5026
-0.294,10636
-0.261,9712
-0.173,10621
-0.236,10413
-0.0548,6457
-0.18,7750
-0.315,9405
0.0464,3666
0.0398,4198
-0.187,9695
0.236,799
-0.161,9057
-0.0732,7428
-0.0991,8167
0.0465,3266
0.47,123
0.438,316
0.317,698
0.14,2427
0.0221,4893
0.0124,5044
-0.0193,5748
0.0293,4139
0.321,2278
-0.253,7936
0.154,2183
0.0478,4245
0.00949,3205
-0.142,8251
-0.138,8680
0.0959,2462
-0.0596,5096
-0.109,8622
0.0427,3989
0.122,3034
-0.111,7362
0.147,1943
0.461,513
0.0928,2465
-0.204,10508
0.15,1643
-0.454,10477
0.126,2660
0.225,2936
-0.125,8536
-0.0999,8267
0.0394,4073
0.129,1948
0.263,391
0.065,3793
-0.203,10287
-0.0676,7210
0.157,2892
-0.459,10941
-0.217,8416
-0.29,8852
-0.25,10892
-0.165,9837
-0.0767,7841
-0.117,7817
-0.123,6669
-0.0102,5708
-0.227,10405
-0.137,9024
-0.357,9614
-0.172,10042
-0.214,9446
0.0147,4955
-0.349,10562
-0.132,8574
0.96,6
-0.344,10854
0.291,896
0.301,897
0.165,889
-0.0292,6488
0.146,2213
-0.226,10246
-0.235,7601
0.073,3719
0.0349,4417
-0.0472,7216
0.157,2400
-0.0623,6355
0.124,3757
0.33,1214
-0.125,8768
-0.0909,8140
-0.311,9409
0.282,439
0.0112,4923
0.349,913
-0.0347,6438
0.0184,4682
-0.151,7901
-0.00808,5472
0.012,4875
0.0282,4670
-0.0275,5664
0.0414,3847
-0.267,9685
0.394,560
0.415,1689
0.025,4847
0.0831,3068
0.0616,3171
-0.0446,6285
-0.195,7706
-4.18e-05,5197
0.0749,3955
-0.113,8660
-0.0186,7239
-0.0386,6916
-0.245,8792
0.34,1538
0.139,1389
-0.161,8931
0.0556,3104
-0.0455,6124
0.378,916
-0.331,8324
0.108,3239
0.195,586
-0.371,10594
-0.164,8797
-0.484,10821
-0.1,7570
1.06,240
-0.0698,7141
0.0478,4299
-0.0406,6224
-0.129,8662
-0.173,8066
0.364,696
0.0762,3099
-0.128,9052
-0.0164,5715
0.0733,3310
0.307,64
-0.376,10948
-0.176,8477
-0.0787,7764
0.048,4369
-0.0573,7041
-0.174,9500
-0.382,10416
-0.0217,6233
-0.00478,5742
-0.0746,7284
-0.121,8767
0.166,3451
-0.0893,7620
-0.00446,5423
0.191,1917
-0.082,6552
-0.0698,7600
-0.175,9172
0.0204,4124
0.215,1214
-0.0749,6969
-0.148,9824
0.0197,5080
0.143,2602
0.0293,4432
0.386,79
0.0959,2979
-0.0291,6087
-0.211,10175
-0.0578,6546
0.338,1990
-0.142,10205
-0.0664,6796
0.294,1060
0.153,832
-0.118,5993
-0.062,7864
0.281,1277
-0.062,7451
0.147,2343
0.262,1047
-0.1,6551
0.408,1309
0.0429,4596
-0.0709,7119
-0.197,8130
-0.0815,7817
-0.31,9481
-0.157,7430
-0.0241,6218
0.071,2659
0.0803,2501
-0.252,10629
0.0757,2801
-0.222,10000
-0.0352,6452
-0.155,9396
0.177,2542
0.343,1037
-0.354,9276
-0.196,9375
0.0739,2723
0.118,2026
-0.231,9829
0.0454,4404
0.0486,4824
0.367,255
0.127,2034
0.292,1236
0.347,392
1.16,215
-0.0547,4892
0.762,14
0.118,3067
-0.153,8599
-0.295,8888
-0.216,7699
0.484,35
-0.0866,8536
-0.271,10651
-0.163,7886
-0.188,9173
-0.332,10585
0.149,1820
-0.0263,6111
0.032,3976
0.215,1426
-0.00781,5543
-0.203,9195
0.17,2797
0.231,427
0.0895,2248
-0.0552,7372
-0.334,10510
0.106,3598
0.0706,3650
-0.0639,6824
-0.0724,9017
0.151,3174
-0.294,10053
-0.00295,5568
-0.227,10378
0.0547,3299
0.17,1375
0.245,334
0.388,682
0.174,1903
0.378,635
0.0741,2053
0.0416,3841
0.00406,5218
0.24,1268
0.242,634
-0.109,7838
0.183,581
-0.0367,6527
0.0575,3207
-0.265,9980
0.29,1185
-0.0735,6449
-0.00231,5447
0.0712,2260
0.135,2060
0.583,360
-0.174,8776
0.0262,4512
0.105,1341
-0.0654,7689
-0.0404,6383
0.0391,4387
-0.0746,6881
0.334,857
-0.133,9387
-0.0844,7454
0.531,58
0.0074,5062
-0.0511,6610
0.0915,3318
-0.185,10191
0.13,1656
0.302,1541
0.0718,3582
0.307,1162
-0.216,9301
0.0104,5345
-0.111,10605
-0.162,9374
-0.0947,6854
0.25,1363
0.00119,5251
0.171,601
-0.0776,6892
-0.252,10644
-0.103,7348
0.0821,2054
0.138,2626
0.0844,2683
-0.00631,5564
0.286,609
-0.0376,6682
0.341,1096
-0.132,5527
0.0547,3191
-0.129,8807
0.12,3084
0.379,1025
-0.235,7743
-0.238,7664
0.103,3155
-0.0686,7796
-0.403,10833
-0.218,10223
0.0935,4276
0.533,1159
0.288,795
-0.125,9531
0.365,114
0.0637,3761
-0.142,7724
-0.0402,6557
0.0992,2379
-0.145,8133
-0.175,8837
-0.0533,5453
-0.284,9256
0.0321,4663
-0.243,10579
0.167,2159
0.103,2890
-0.138,8113
0.22,1271
0.243,592
0.026,4097
0.286,446
0.521,177
-0.125,7434
0.164,1462
-0.459,8230
0.0258,4638
0.238,1160
-0.121,9074
0.516,617
0.123,3520
-0.0664,7398
-0.0187,5770
0.271,1434
-0.0446,6038
0.0123,5306
0.0953,3399
0.0959,2854
-0.0587,6875
0.0168,5044
-0.0897,7919
0.197,1825
0.116,3595
0.415,1092
-0.0272,6169
0.00792,5297
-0.114,7784
0.0514,4414
1.2,362
-0.264,10981
-0.168,9819
0.261,1126
0.208,808
0.115,2996
0.497,2389
-0.155,9622
-0.00191,5263
0.499,47
0.011,5022
-0.0194,6374
-0.0575,7059
-0.0458,6708
0.219,1218
-0.0678,6213
-0.234,10600
-0.0701,8420
-0.0525,6976
-0.247,10105
-0.129,8744
-0.0102,5624
0.148,2300
-0.403,10922
-0.241,9973
0.396,1146
-0.109,8900
-0.164,10057
-0.0897,8312
-0.37,10714
-0.0758,6773
-0.225,9413
-0.00799,5591
-0.0385,6425
-0.0947,8083
0.0145,4742
-0.0728,6456
-0.206,9597
-0.0415,7148
0.0476,3149
-0.149,8120
-0.136,7863
-0.0762,8115
-0.111,8689
-0.123,10037
-0.151,9800
0.213,1309
-0.183,6682
0.307,1149
0.381,1112
0.031,4128
-0.13,10325
-0.0903,6419
-0.18,10063
-0.514,9710
-0.405,10943
-0.0403,6274
-0.147,10570
-0.0964,8571
-0.0237,6035
0.0679,2238
-0.0579,6433
-0.157,8868
-0.055,6316
-0.258,10680
0.203,2202
-0.317,10385
-0.0885,6843
0.0956,2584
0.043,4077
0.0502,3983
0.385,154
0.126,3134
0.154,2597
-0.0678,7563
-0.0679,7377
0.551,298
0.273,2301
-0.194,8525
0.198,3436
0.128,1438
0.08,3592
0.346,516
-0.0635,6283
0.209,2449
0.293,2289
0.0726,2271
-0.0724,8288
-0.193,9377
-0.189,9461
-0.481,10548
0.201,2041
-0.0763,7598
-0.54,10792
0.154,1972
-0.13,8779
-0.0147,5716
0.777,217
-0.0735,7508
0.291,194
-0.121,8258
-0.452,10694
0.0919,3252
0.376,1257
0.227,1378
-0.0442,6360
0.19,1439
0.289,456
0.0209,4800
0.0834,3216
0.299,467
0.108,377
0.155,3755
0.0965,2854
-0.012,5614
0.134,1092
0.157,1842
0.016,4832
0.0651,3850
-0.294,8678
-0.216,9893
-0.439,10480
-0.182,8546
-0.111,7367
-0.0516,6106
-0.227,9213
-0.261,9643
-0.319,9657
0.232,2168
-0.00534,5546
0.0769,3726
-0.189,10199
-0.117,7910
0.141,2459
-0.215,10685
0.00276,5182
0.156,1827
-0.0492,6890
0.184,3481
0.0708,3299
-0.216,9848
-0.0549,6577
-0.184,8438
-0.33,10285
1.26,37
0.0277,4729
0.0835,1857
-0.158,9289
0.297,418
1.26,14
-0.0549,6632
-0.0591,6459
0.104,1834
-0.176,10452
-0.262,9024
-0.187,8973
0.0331,4574
0.144,3434
-0.153,9978
0.0512,3979
-0.0226,5371
-0.116,7512
0.473,381
-0.0543,6215
-0.361,10965
0.000587,5396
0.404,158
0.629,121
-0.215,9151
0.272,235
0.109,2330
0.246,1113
0.114,1727
0.204,1348
-0.211,9305
0.639,126
-0.0517,7034
0.102,2078
-0.178,9530
-0.0108,5484
-0.0632,6177
0.0966,2684
-0.151,9621
-0.0931,7321
-0.297,8656
-0.185,9313
-0.0514,6743
-0.435,10901
0.127,1215
-0.0978,7029
0.0391,4137
0.216,1807
0.0124,5043
-0.58,10153
-0.0459,7749
0.0201,4558
-0.259,8431
-0.168,10287
-0.0454,4207
-0.334,8040
0.00548,5122
0.256,547
-0.157,9509
-0.015,5511
-0.338,9501
-0.258,8360
-0.273,10774
-0.184,10211
0.223,2300
-0.229,8813
0.727,340
-0.276,9083
0.374,500
-0.0591,7308
0.00381,4943
0.109,2596
-0.121,7113
-0.318,9996
-0.0182,6415
-0.177,8899
-0.313,9943
-0.259,9976
-0.052,5922
-0.0942,7837
-0.0622,8796
-0.0136,5724
0.275,1571
0.192,1286
0.453,621
-0.0714,6834
0.392,819
-0.0271,6652
0.225,2158
0.00317,5262
-0.288,10727
0.47,13
-0.141,8909
-0.0847,9957
-0.0358,6078
-0.0671,7137
-0.185,9082
-0.226,9711
-0.00322,5604
0.0824,3517
0.0537,1967
0.00877,4958
0.11,2697
-0.156,8514
0.138,2060
0.208,802
-0.0128,5955
0.0391,4314
0.0278,4554
-0.0939,6894
-0.0801,7258
-0.0797,8103
0.0716,3611
-0.272,9814
0.0443,4419
0.291,2380
-0.478,10132
-0.0832,9839
-0.0135,6330
0.117,3900
0.293,1741
-0.374,7436
-0.255,9511
-0.137,9365
-0.00387,5805
0.233,2014
-0.217,10154
-0.492,10866
0.0968,3386
0.0697,2652
0.0278,4328
-0.252,8677
0.278,358
0.164,2349
0.34,1496
-0.155,8905
-0.0384,6259
-0.205,9624
-0.137,8794
-0.139,8221
-0.316,9570
-0.0215,5963
-0.0572,7507
-0.156,9892
0.12,3114
-0.181,5763
-0.21,9996
-0.102,8496
0.14,1214
-0.126,7141
-0.29,8528
-0.275,9761
-0.148,10252
0.0448,2968
0.0236,4546
0.0779,2719
0.0163,4833
0.115,3316
-0.0057,5324
0.0218,4578
-0.0371,6405
-0.0839,6192
0.382,106
-0.506,10572
-0.195,8476
0.0658,3865
-0.0506,6987
0.156,1111
-0.191,9066
-0.0432,6847
-0.276,10577
-0.0242,5855
-0.0121,5785
0.11,3102
0.127,2154
-0.501,10791
-0.0641,7754
-0.0906,9077
-0.134,8249
0.254,1174
-0.29,9473
-0.31,10322
0.14,1518
-0.213,10478
-0.0815,8426
0.132,2684
0.149,2179
0.0779,3398
0.894,226
-0.0935,7405
-0.112,9501
0.107,3620
0.181,1573
0.185,2022
-0.00947,5529
-0.0307,6308
-0.413,10970
-0.0272,6219
0.0188,5082
-0.295,10614
-0.158,10058
-0.072,8082
-0.163,8322
-0.364,9888
0.0607,3618
-0.446,7087
1.05,250
-0.0249,6276
-0.0132,5914
-0.00641,5562
-0.267,9952
-0.0252,6048
0.121,2622
-0.0421,6840
0.0925,1212
-0.0248,5813
0.414,7
-0.227,10490
-0.114,8041
-0.0709,8097
0.0157,5168
-0.214,9198
0.31,1088
-0.25,10180
0.0726,2656
0.0653,3551
-0.0574,7423
0.134,2422
0.145,2040
0.118,3232
0.0125,4535
-0.0322,6751
-0.188,8596
-0.992,9987
0.275,723
-0.393,8046
0.181,1788
-0.0179,6461
0.564,105
0.528,1258
0.789,92
0.0988,2059
0.0339,4607
0.00671,5188
0.107,1870
-0.255,9732
0.164,1155
0.0101,5064
-0.0923,6455
0.0226,4372
-0.126,8548
0.294,1063
-0.305,10726
0.104,2994
0.0578,4103
0.132,1914
-0.0696,7100
-0.00204,5410
0.115,3277
-0.131,9576
0.25,866
-0.00827,5599
0.178,856
0.0406,4197
-0.0799,8127
-0.321,10330
-0.0934,7274
-0.106,7692
-0.0449,6836
0.155,2808
-0.095,8173
0.15,1849
-0.221,9975
-0.248,9565
0.16,1473
-0.168,9275
-0.202,10400
-0.0298,6212
-0.249,9742
-0.00992,5668
-0.141,8872
-0.336,10831
0.0429,4317
-0.016,5127
0.0883,3904
0.0962,2945
-0.142,8236
0.296,1996
-0.127,8423
-0.0214,5610
-0.204,9016
-0.0441,6356
-0.00182,5356
-0.0755,6558
-0.245,10362
0.289,1832
0.000931,5337
-0.135,9374
-0.0398,6748
-0.0814,6637
0.282,1373
0.207,2315
-0.37,10234
-0.0331,6157
-0.0105,5384
-0.555,9971
0.608,853
-0.0702,4153
-0.163,6356
0.226,779
-0.129,6333
-0.0458,5937
-0.000391,5442
-0.285,8855
-0.162,8604
0.0396,3798
0.0926,2196
0.297,2116
0.0187,4914
-0.0307,6389
0.295,1420
-0.237,10346
-0.0462,7818
0.279,584
0.0731,3691
-0.0659,6426
-0.163,8775
-0.0754,7816
0.0211,4541
0.292,1044
0.14,1918
-0.249,10018
-0.0504,5873
0.167,1122
0.189,1248
0.256,610
-0.267,10324
-0.0942,7713
-0.274,9751
0.0552,3636
-0.126,8842
-0.169,8671
-0.132,8750
-0.298,10300
0.0508,4009
-0.17,9534
-0.00141,5581
0.322,2974
-0.223,8108
0.012,5001
-0.353,10449
-0.0547,7255
-0.115,8026
0.0429,3804
0.0459,4615
-0.00975,5209
0.526,429
0.0453,3971
0.000658,5510
-0.167,8806
-0.126,6923
0.0136,4811
0.14,1390
0.109,2257
-0.107,8990
-0.164,8949
0.0243,4048
-0.204,10948
-0.0837,6210
-0.0703,7006
-0.0362,7213
0.133,1761
-0.508,10670
0.533,256
-0.223,8491
-0.182,7644
-0.349,10639
-0.0721,6866
-0.0179,5533
0.14,2676
-0.207,9680
-0.12,6812
-0.0709,7592
-0.132,4322
-0.788,10563
-0.32,8218
-0.128,8109
0.235,1093
0.0364,4312
0.0418,3156
0.0383,3738
-0.147,10505
0.05,4267
0.212,1950
0.0299,4561
0.287,2144
0.032,4741
-0.0213,5701
-0.245,7411
0.0713,4065
0.379,228
0.0917,3782
0.103,3216
-0.135,8241
-0.0021,5609
0.173,1679
0.48,528
-0.307,9973
0.00353,5282
-0.0929,7616
-0.375,10604
0.175,1536
-0.358,9493
0.403,743
-0.0994,9428
-0.0269,6318
-0.0736,6620
-0.21,10227
-0.225,8407
-0.131,8165
0.0259,4618
-0.0804,7249
0.238,1212
0.0353,4405
-0.105,7140
0.0917,3715
-0.134,9516
0.0874,2824
0.177,1839
0.21,2132
-0.17,6884
0.596,160
-0.116,8349
-0.129,9623
-0.344,10815
-0.133,8127
-0.0531,6279
-0.311,10247
-0.104,8384
-0.13,8114
-0.305,10810
0.193,2115
0.102,3838
0.109,2306
-0.13,8589
0.0681,3722
0.178,2355
0.0533,4134
0.231,240
-0.0184,5840
-0.0613,7334
0.0693,1971
0.493,132
0.204,1819
0.0264,4680
-0.13,7817
0.0417,4448
-0.0523,6997
-0.245,9489
-0.255,9486
-0.134,8149
0.361,1270
0.201,1962
0.164,1398
0.596,188
-0.184,5607
-0.0984,6733
0.167,2969
-0.144,8063
-0.22,9587
-0.0502,6463
-0.229,9093
-0.0357,6248
-0.0313,6329
-0.0594,6764
-0.177,8016
-0.0833,7782
0.112,3216
0.236,1411
0.0214,4885
0.0218,4687
-0.246,9680
0.00132,5385
-0.206,5772
-0.00162,5006
-0.0161,5638
0.148,1256
-0.273,10436
0.109,3835
-0.0677,8241
0.00855,4956
-0.175,10139
0.251,449
0.00286,5288
-0.17,8105
-0.144,6640
-0.359,10123
-0.257,10244
0.107,2460
0.217,1870
-0.428,11011
-0.00607,5227
0.0633,3110
-0.0142,5539
0.11,1701
-0.218,10595
0.323,508
0.265,1297
-0.411,9962
-0.067,4257
-0.264,10797
0.221,1042
-0.253,10897
-0.154,7659
0.0782,3801
0.0164,4768
-0.133,9489
-0.0526,5983
0.296,85
0.136,2316
0.112,3400
0.199,376
-0.0431,7063
0.227,980
0.163,2383
0.186,2595
-0.0898,6598
0.0547,3033
0.272,1027
0.183,3455
1.43,652
0.1,4189
-0.0204,5518
-0.197,8568
0.528,418
-0.326,9823
0.0248,4312
0.318,1414
0.293,1112
-0.026,6142
-0.107,8072
0.19,1775
0.272,2951
0.0857,3513
-0.542,9379
-0.0708,5720
0.265,1750
0.198,2604
-0.147,9229
-0.204,8151
0.305,1211
-0.181,10559
0.0762,2949
-0.0334,5615
0.178,1724
-0.021,6082
-0.254,8042
-0.00328,5563
0.183,1015
0.156,1918
0.205,1440
-0.213,9870
0.164,2327
-0.0311,6230
0.165,1341
-0.559,10089
0.362,1304
-0.1,5982
0.197,1273
-0.205,9963
0.00113,5270
0.454,775
-0.35,10722
-0.135,8656
-0.11,7914
0.00451,5248
-0.18,10429
-0.521,9363
0.00252,5329
-0.24,8977
-0.128,7765
-0.133,8968
0.0264,4318
0.0999,2201
-0.165,9752
0.444,1570
0.189,120
0.0354,4481
-0.0373,6981
-0.00478,5455
-0.283,9137
0.128,3503
0.0488,4331
-0.142,8300
0.296,451
-0.114,9318
-0.129,7823
-0.138,8656
-0.0606,6765
-0.173,10585
0.114,1620
-0.0755,7555
-0.0979,7612
-0.0295,5927
-0.33,10563
0.43,122
0.0689,3153
0.179,1117
-0.0738,6350
0.177,2686
-0.0149,5350
0.322,286
-0.33,10827
-0.19,9655
-0.0152,5887
0.333,2475
0.0208,4864
0.0429,3731
-0.0612,7768
0.373,292
0.0336,4189
-0.012,6057
-0.455,10619
0.0268,3977
0.246,801
0.0645,3953
-0.175,8947
-0.133,7679
0.0472,4576
0.123,2382
0.457,25
0.0868,3176
-0.0934,9478
0.113,4028
-0.0355,6435
-0.0551,7781
-0.0567,7336
-0.258,10093
-0.309,10759
0.00782,4955
-0.0404,5746
-0.141,8918
0.00627,5027
0.00389,5178
0.06,4229
1.12,846
0.0794,3374
-0.0971,6461
0.0131,4917
-0.0738,6026
-0.223,10110
0.163,2946
0.0587,4298
0.0224,4843
-0.0513,6479
0.0382,4488
-0.237,10384
-0.657,10625
0.317,101
-0.202,10659
-0.103,8983
-0.187,8187
-0.114,7769
0.049,4611
-0.117,8501
0.0104,4942
-0.0425,7312
-0.221,10068
0.0147,4790
0.0816,2443
-0.0677,6940
0.214,981
-0.212,9487
-0.197,7474
-0.152,9483
-0.0515,5360
0.631,526
-0.138,7727
-0.228,9768
0.0855,2499
0.00829,5391
0.00233,5065
0.466,633
0.0172,4770
0.0128,5175
0.053,4279
-0.206,10419
-0.0837,6616
0.316,1388
0.4,1544
-0.0506,6009
0.279,1883
-0.334,9542
3.51,111
-0.0739,7780
0.405,21
-0.212,10475
-0.114,8636
-0.136,8002
0.0686,4207
-0.207,8534
-0.00964,5691
0.0127,5023
-0.205,7479
-0.0642,7679
-0.17,8576
-0.135,8624
-0.0935,8418
-0.191,9859
-0.0255,6269
0.0534,3670
0.296,1199
0.0123,4719
0.0272,4455
0.0285,4278
0.195,1545
0.22,1889
-0.102,7026
0.432,1060
0.0545,2141
-0.0851,7104
-0.123,7873
-0.0672,6581
0.14,2930
0.316,708
-0.034,6188
0.0436,4110
0.21,2678
0.084,4180
-0.229,9107
0.34,828
0.117,1335
0.0825,2058
-0.402,10578
0.395,1159
-0.0166,5637
-0.166,7463
0.438,1254
-0.000428,5550
-0.125,7924
-0.0254,6110
-0.0684,5487
-0.311,5027
-0.0532,7617
0.165,1607
0.0489,4284
-0.0825,7662
-0.00372,5537
0.0697,3856
-0.0829,8910
-0.128,9748
0.209,657
0.0513,4301
-0.172,5929
0.000809,5097
0.0197,4773
0.149,1417
0.0121,5293
-0.108,6195
-0.418,10384
-0.224,10155
-0.0888,8640
0.113,1843
0.46,591
-0.43,10350
0.0183,4840
-0.0944,8145
-0.0999,7794
-0.355,10012
-0.0504,5856
0.349,560
-0.221,9551
-0.168,8409
0.0776,3370
-0.00319,5403
-0.0623,6326
-0.106,8082
-0.108,8114
0.168,3220
-0.0838,8789
-0.0441,6531
-0.146,9040
-0.0585,7020
0.0574,4301
0.191,1533
0.0812,2819
-0.212,9296
-0.0421,6167
-0.0996,7972
-0.181,8630
0.0442,3269
-0.144,9334
-0.0634,7741
-0.0143,5650
0.25,2008
-0.081,6164
0.0919,2821
0.0191,4800
-0.221,10586
-0.0765,6971
0.0198,4673
-0.283,10104
0.106,2157
0.0753,3195
0.0061,5264
-0.184,8388
-0.141,8568
0.00551,5412
-0.241,10443
-0.00375,5489
-0.0132,5834
0.628,255
-0.262,9677
-0.285,10017
-0.122,7737
0.0933,3019
0.186,448
-0.175,8415
0.547,479
0.0324,4282
-0.133,7486
-0.18,10245
-0.111,9490
-0.152,7944
0.272,1444
0.318,1130
0.248,2486
-0.0532,6560
0.199,1180
0.0323,4499
-0.272,9089
-0.184,9933
-0.0165,5753
0.063,3092
0.0798,3315
0.0888,2968
-0.137,7910
-0.169,8109
0.172,2868
0.25,775
-0.127,9432
0.337,1067
0.0255,4959
-0.378,10583
-0.201,9978
0.122,2306
-0.0382,7162
-0.165,8018
-0.0297,5370
-0.392,10960
-0.028,5741
-0.0159,5928
-0.0239,6548
-0.162,8177
0.162,2256
0.15,2228
-0.0189,5886
-0.0847,7507
-0.0758,8941
0.146,2178
0.0865,2918
0.179,2716
0.182,874
-0.123,9288
0.0296,4090
0.19,2173
0.017,4750
0.539,94
0.489,1138
0.174,900
-0.101,8181
0.0991,2258
-0.194,8893
0.139,3118
0.206,1304
-0.0782,7773
-0.166,9194
0.437,45
-0.309,8426
0.318,2057
0.129,3118
0.134,2177
0.126,2624
-0.00358,5487
0.204,2419
0.0188,4910
-0.352,9094
0.0655,3394
0.179,1244
0.0779,3428
0.248,1046
0.0686,3501
0.2,1757
0.174,268
0.0213,4561
0.0424,4524
-0.0877,7671
-0.136,8305
-0.152,7484
-0.066,7484
-0.013,5486
0.0907,3781
0.137,3261
0.0136,4957
-0.132,5990
0.111,2539
0.0849,1991
-0.094,7267
-0.244,9004
-0.146,8623
0.266,867
0.359,86
0.0877,3156
-0.0959,7907
-0.163,9001
0.392,508
0.0458,3814
-0.121,8984
-0.0263,5290
0.0566,3430
-0.0382,6205
0.66,1798
-0.165,10954
-0.0731,7404
0.207,597
-0.135,8221
-0.031,6496
-0.0774,6830
-0.208,10159
0.0589,3492
-0.129,7364
-0.0684,6771
0.234,1721
0.217,2320
-0.0957,7624
-0.179,9389
-0.31,10363
-0.0131,5833
-0.0137,5523
-0.277,10564
-0.0653,7885
-0.212,10909
0.182,2872
0.0183,5056
-0.239,9802
-0.316,8144
-0.153,10287
-0.0299,6768
-0.149,7418
0.224,669
-0.221,8409
0.118,3854
0.0132,4739
0.0925,3122
-0.0487,7362
0.00362,5211
0.297,1121
0.186,1079
-0.079,7610
0.119,1945
-0.132,7933
-0.14,9996
-0.257,7999
-0.124,7754
0.119,2360
-0.0726,7567
0.24,1360
0.363,403
-0.364,10745
0.378,1022
0.041,4116
0.244,2304
-0.336,10290
-0.0411,6391
-0.157,7200
-0.0464,4856
0.0248,4862
0.134,2182
0.155,3715
-0.0898,6262
-0.463,10553
-0.436,10823
0.0216,4572
0.21,702
-0.0181,5488
-0.103,9119
0.117,642
0.0481,4456
0.128,1408
-0.0935,8456
-0.217,7649
-1.44,10706
0.175,2964
-0.389,8412
0.169,2169
-0.251,10646
-0.0225,5653
-0.344,10491
0.164,1140
0.138,2521
0.0967,2643
0.161,1220
-0.162,9021
-0.0266,6093
-0.0956,7258
-0.0156,4354
-0.132,9093
0.0657,2822
0.0214,4555
-0.0874,7443
-0.0473,6447
0.12,3543
0.331,448
0.0553,1769
-0.263,7860
-0.16,9042
0.0347,4327
-0.253,9411
-0.134,9108
-0.073,9195
0.457,2453
0.22,2394
0.189,425
-0.00218,5509
0.0835,2121
-0.0928,8954
0.00962,4030
0.121,2462
-0.0246,6292
0.389,544
-0.0818,8493
-0.114,9400
0.178,2384
0.00381,5109
-0.111,7654
0.0401,3921
0.211,813
0.137,2006
-0.473,10521
-0.379,8996
-0.247,8622
0.0501,4172
0.00726,5318
-0.00557,5690
-0.0537,7304
-0.253,10085
0.0259,4694
0.162,3505
-0.501,6964
-0.143,9017
0.0236,4118
-0.103,7092
-0.469,10763
-0.0867,7066
0.482,1747
-0.262,10262
0.0311,4146
-0.389,10658
-0.157,8051
-0.0195,5939
-0.214,7440
-0.0295,6323
-0.107,7484
0.0522,3143
-0.0812,6920
-0.0992,8072
0.0176,4925
-0.186,10656
-0.0515,6875
-0.453,11015
-0.27,10038
0.741,312
-0.591,10382
0.0212,4382
0.0897,3143
-0.0874,8034
-0.0766,7643
-0.265,9955
-0.26,8451
0.153,2217
0.167,3321
0.156,3141
0.0851,3828
-0.0166,5451
-0.315,10136
-0.144,9757
-0.1,10184
-0.107,6763
0.053,3155
1.05,15
-0.000638,4965
-0.207,9922
-0.0577,6843
-0.0187,6350
-0.353,10494
-0.508,10657
-0.0717,7670
-0.166,8552
-0.0967,9859
0.208,1199
-0.0221,5687
0.14,2837
-0.0241,5608
-0.101,8025
-0.244,10171
-0.16,8670
-0.332,10180
-0.0964,9247
-0.15,8561
-0.057,7459
-0.0999,9072
0.187,1432
0.103,3341
0.269,1534
0.194,2629
-0.313,10759
-0.0379,7074
0.238,1609
0.114,1809
0.414,1573
0.207,1155
0.136,2501
-0.0902,6913
-0.0135,5708
0.518,770
0.0744,3287
-0.122,8591
0.153,1454
0.232,1285
0.164,690
0.202,2109
-0.0504,6019
-0.0384,6782
-0.0337,6257
-0.319,9670
-0.0722,7585
-0.0865,7406
0.0605,3647
0.159,839
-0.0473,6768
0.158,1512
0.207,1844
-0.246,9407
0.404,320
-0.068,6573
0.0806,3999
0.138,2794
0.106,3809
-0.0811,7700
-0.0741,6310
0.37,359
0.115,2698
-0.283,10553
-0.0527,6362
-0.441,8878
-0.0325,5853
-0.0481,6684
-0.0237,6029
1.16,367
0.17,2969
-0.0885,6785
0.451,1519
-0.372,7795
0.0494,4175
-0.0321,6353
-0.472,10709
-0.271,9869
-0.0284,6775
-0.16,10352
-0.164,9170
-0.367,9500
0.223,2686
-0.317,10912
0.0328,3607
-0.0806,8520
-0.276,10302
0.222,637
-0.134,9130
0.196,2122
-0.00223,5318
0.0543,3686
-0.0417,5452
-0.0533,7224
0.0638,2950
-0.235,8269
-0.129,8380
-0.0067,5798
-0.0453,5814
-0.253,9721
-0.00815,5248
-0.344,10822
-0.194,9908
-0.1,7499
-0.296,9602
0.109,2117
0.276,653
-0.289,8650
0.0255,4553
0.14,2215
-0.344,9681
-0.121,6859
-0.186,8580
0.096,3484
-0.0406,7188
0.0369,4468
-0.377,9688
-0.205,8914
-0.173,8628
-0.0318,6260
0.0365,4230
-0.159,10560
-0.173,10173
-0.137,7474
0.79,670
0.18,1760
-0.0822,7430
-0.0501,7820
-0.218,9949
1.44,15
-0.173,7961
-0.106,7888
-0.117,9057
-0.105,8016
-0.149,8968
-0.152,8601
0.123,3113
-0.205,9930
-0.0428,6929
-0.318,10814
0.125,2824
-0.0576,6855
-0.0215,5436
0.0896,3741
0.124,1717
0.314,226
-0.0541,6626
0.0277,4601
-0.108,8398
-0.0366,7152
-0.128,8274
0.115,2364
-0.129,7879
0.0814,2117
0.0611,3899
0.0156,5023
0.021,4684
-0.0607,7103
-0.00541,5430
-0.195,10756
0.00814,5039
0.13,2725
0.0228,4865
0.07,3217
-0.135,8319
-0.216,8811
0.152,2711
0.258,451
0.432,486
-0.229,9547
-0.145,8892
0.378,725
0.24,1368
-0.243,6463
-0.152,9728
-0.043,7518
0.129,1624
-0.0325,5487
0.135,1780
0.354,1455
-0.0184,6096
-0.113,9159
-0.0373,6560
0.172,1849
-0.115,6373
0.0725,3822
0.105,1890
-0.265,10980
0.0554,3847
0.0493,3861
-0.419,10627
-0.171,8754
-0.245,9850
-0.0101,5855
0.0661,3535
-0.101,8241
0.00818,5084
0.0484,3609
-0.343,10009
-0.325,10342
-0.406,10947
0.364,1156
-0.0908,5098
-0.345,7616
0.0327,4339
-0.145,10552
-0.132,7522
0.178,2933
0.0574,3633
0.553,646
0.309,901
0.0116,5110
-0.0869,6803
-0.0925,7891
-0.265,10157
-0.208,8695
0.00515,5426
0.399,681
-0.0318,6081
0.172,2734
0.1,2679
0.367,241
-0.00902,5746
0.109,1627
0.117,3290
-0.151,9063
0.0137,4850
-0.276,10733
0.152,493
0.126,1005
-0.0158,5883
-0.257,10212
-0.0397,5825
-0.355,11002
-0.0643,7300
-0.117,9010
0.0202,4754
-0.0206,5872
-0.121,10082
-0.636,10463
-0.104,8339
0.0595,3739
-0.114,7105
0.57,1157
0.0258,4600
-0.159,8702
0.00258,5265
-0.0988,9795
0.0612,4245
-0.000939,5314
-0.217,9803
-0.182,9938
0.144,1963
-0.207,9978
0.0397,3766
0.0649,3735
0.153,664
-0.0762,7357
-0.0854,8270
0.0756,2977
-0.0339,6429
-0.238,9462
0.151,3327
0.713,1317
-0.0958,8986
0.0266,4468
0.172,1603
-0.11,8394
0.00306,5376
-0.269,9903
-0.0338,6278
0.105,1944
-0.0575,6836
-0.0956,7494
-0.196,8135
0.172,2397
-0.166,10448
-0.133,9618
-0.0286,6190
0.388,222
0.501,1378
-0.0486,7309
-0.0305,6334
-0.126,7691
0.0564,3414
0.371,1203
0.0272,4707
-0.366,10697
0.149,1798
0.0765,2855
-0.213,9624
0.328,1579
-0.156,9033
0.0314,2884
0.0637,3316
0.0543,3245
0.107,3546
1.02,583
0.0302,4540
-0.231,8266
0.0247,4649
-0.165,9749
0.318,1028
0.493,262
0.229,1878
-0.333,10716
0.189,469
0.0209,4904
-0.279,9035
0.189,2751
0.199,2650
0.0554,3737
0.0661,2687
-0.136,10602
0.281,894
0.0624,4223
0.0334,4475
0.322,670
-0.0321,5190
-0.0946,9552
-0.318,10217
-0.0486,6374
-0.249,8687
0.498,19
0.212,2616
0.028,4475
-0.0428,6482
0.138,3086
0.827,1074
0.0224,4945
0.118,2247
-0.209,9448
-0.244,9160
0.127,3148
-0.025,5724
0.186,3344
-0.0452,6914
-0.193,9948
0.682,66
0.151,1712
-0.0734,7016
-0.147,9939
-0.209,10615
0.259,223
0.154,2433
-0.304,10541
-0.0564,5800
0.446,573
-0.0935,8576
0.136,1588
-0.0831,6467
0.0865,3155
0.017,4961
0.109,2529
-0.226,10809
-0.0152,5597
-0.0599,7174
-0.41,10775
-0.0356,6087
-0.143,7439
-0.149,9234
0.497,158
-0.174,8072
-0.0364,7312
-0.528,10971
0.0333,4523
-0.0557,6843
-0.0298,6483
-0.428,10762
0.0409,3777
-0.141,8538
-0.124,7973
0.0744,2634
0.0279,3966
0.123,3193
-0.192,9149
0.15,1912
0.386,502
0.109,3185
0.064,3316
-0.216,8097
-0.218,6670
-0.0152,5672
0.145,2838
0.095,3410
-0.117,9366
0.241,1844
0.3,1888
-0.163,10056
-0.478,9704
-0.0492,6663
-0.0758,8579
-0.223,9917
-0.349,7737
-0.0802,6709
-0.0809,5934
0.0521,2399
0.206,1193
-0.0855,7424
0.0204,4941
-0.205,9640
-0.0833,7160
0.133,1942
-0.174,9124
-0.0664,6700
0.129,2621
-0.0914,6956
-0.0171,5781
0.199,891
0.0456,4202
-0.273,9507
0.0351,4404
0.316,1313
0.0571,4592
-0.0796,7508
-0.0356,6844
0.169,1997
0.241,1777
0.048,4015
0.0206,4575
-0.0378,6526
-0.3,7821
0.0715,2591
0.475,81
-0.0217,6383
0.0534,4003
-0.0289,6046
-0.0555,7651
0.297,997
-0.0459,6156
0.0843,3264
-0.233,8375
-0.244,10565
0.415,856
0.801,1058
0.222,2194
0.0377,4227
0.0545,4232
0.0308,4394
-0.000135,5271
-0.0351,5702
-0.229,9754
-0.089,7008
0.4,39
-0.0531,8266
-0.00801,5685
-0.0703,7083
0.185,1788
-0.28,8365
0.126,1032
0.466,25
-0.0428,7705
0.275,1402
-0.00601,5108
0.0267,4977
1.24,147
-0.194,10287
-0.0465,6676
0.124,3125
-0.0467,7262
-0.175,7422
0.131,3396
-0.0996,8083
-0.157,8748
0.392,136
0.196,1927
0.00673,4992
-0.0597,6180
-0.0217,6420
-0.086,8747
-0.0346,6091
-0.0758,7597
-0.172,9031
-0.188,9097
0.143,1498
-0.171,7729
-0.0501,6934
-0.00162,5513
0.43,893
0.258,1065
-0.218,10694
-0.114,8025
-0.274,10026
-0.12,7916
0.0984,3330
-0.0498,5546
-0.111,8304
0.0702,2133
-0.138,9746
0.232,367
-0.0191,5762
-0.0694,7142
0.0727,3362
0.199,1340
-0.375,9844
-0.22,9348
0.272,1120
0.918,147
-0.0501,7031
0.0512,2274
-0.14,8597
-0.12,9046
0.113,3072
-0.00756,5787
0.276,416
-0.0114,5757
0.306,1009
0.272,340
-0.34,10690
-0.124,9268
-0.142,9328
0.276,69
-0.137,8185
-0.179,9566
0.0824,3396
0.196,1703
-0.295,9666
-0.0398,5938
-0.159,8848
0.292,2474
-0.208,9265
0.0899,3849
0.111,1395
0.0154,4818
-0.0131,5682
-0.0571,5864
-0.0858,7462
-0.3,7377
-0.00108,5112
-0.213,9887
-0.251,9442
0.127,2766
-0.0614,7457
-0.299,7856
-0.0493,6803
0.063,2363
0.497,336
0.133,3217
-0.0374,6013
0.244,2475
-0.101,8251
0.151,2797
-0.0785,7338
-0.142,8762
-0.183,6435
-0.213,8898
-0.0771,7757
0.176,950
-0.0162,5258
-0.399,10937
0.0165,4780
0.0838,4091
-0.0887,8401
0.0134,4727
0.473,392
0.0125,4947
-0.25,10232
0.0199,4902
-0.162,9317
0.129,2077
-0.111,8413
-0.17,9589
-0.0399,6742
-0.0224,6086
0.0581,3951
-0.00959,5678
-0.238,9321
0.0518,4275
0.0311,4245
-0.265,8128
0.0283,4374
-0.0247,5981
-0.0711,6613
-0.0622,7942
-0.487,10085
-0.0336,6069
0.128,1672
-0.0362,6497
-0.164,6811
-0.261,9298
-0.252,8739
-0.0737,8785
-0.0212,6157
0.122,2676
-0.216,10293
-0.18,9196
-0.16,8343
-0.122,8322
-0.194,8370
-0.0227,6046
-0.0896,7221
0.185,2695
-0.288,10403
-0.277,10280
0.13,2780
0.259,2137
-0.293,9740
0.221,1685
-0.239,8945
0.0035,4875
0.412,504
-0.572,10816
-0.247,7351
-0.22,6589
0.388,209
0.0418,3307
0.134,983
0.0667,3978
0.0877,2679
-0.319,9756
0.323,715
0.0645,3572
-0.145,8777
0.487,395
-0.11,7305
-0.106,8121
-0.146,9299
-0.177,8317
-0.12,7040
0.0131,5159
0.000456,5188
0.133,3399
-0.0212,6125
-0.272,10664
0.0626,1166
-0.0152,5304
-0.203,8844
-0.0177,5547
-0.242,10097
-0.0624,7502
-0.228,10289
0.0645,3676
-0.031,6392
-0.051,6402
0.337,648
-0.0179,6157
-0.155,9235
2.27,28
-0.201,9258
-0.523,10954
-0.138,9685
-0.159,9161
-0.0253,6004
0.0633,3874
-0.00923,5593
-0.51,10259
0.373,2212
0.0377,3688
0.158,1790
-0.00738,5385
-0.387,10284
0.149,3278
-0.365,8538
-0.179,8720
-0.0966,7685
-0.0202,5921
-0.258,8835
-0.000252,5221
0.113,2851
-0.198,9898
-0.367,10564
-0.0157,5786
-0.00519,5149
0.0391,4350
-0.268,10176
0.0332,4560
0.0532,3335
0.2,2179
-0.379,10198
0.139,2335
0.0981,3128
-0.0589,7959
0.103,2736
-0.0226,6111
0.327,962
0.238,2673
-0.325,9164
-0.00779,5602
0.118,1402
-0.38,10913
-0.0629,6633
0.158,1880
-0.128,6323
-0.28,10671
0.186,1876
0.18,1285
0.103,2594
-0.000392,5596
-0.0238,6266
0.223,1085
-0.303,10481
-0.169,7477
0.115,2977
-0.0726,7495
-0.0671,6302
0.0499,4003
-0.326,10510
-0.353,9445
0.112,2545
-0.317,9511
-0.0106,5319
-0.137,9208
0.0945,2995
-0.174,8630
0.147,1628
-0.192,10269
-0.348,9220
-0.176,9632
-0.0011,5466
2.06,43
0.186,1646
0.0197,4763
0.152,2242
-0.199,10160
0.196,1980
0.0289,4889
-0.228,7803
-0.00431,5791
0.0133,4689
-0.0239,6192
0.0802,2192
-0.0382,6768
0.0402,3879
0.629,285
0.0508,4319
-0.2,10361
-0.0985,8163
-0.134,8871
-0.00813,5257
-0.466,10290
-0.0865,8685
0.0265,4556
-0.0375,6537
-0.365,8824
0.0268,3119
0.0113,4609
-0.182,9958
-0.028,5871
-0.143,4575
0.169,2310
0.0205,4057
-0.0871,10079
-1.23,10476
-0.508,7418
-0.0907,9048
0.121,1760
0.207,1400
0.176,1862
0.353,1124
0.664,48
0.276,750
0.223,809
-0.0314,6183
-0.412,9807
0.123,2588
0.342,653
0.0498,3892
0.154,731
0.202,593
0.367,326
-0.144,7476
0.292,1860
0.0371,4435
-0.208,9826
-0.0241,6313
-0.188,10361
-0.0263,5732
-0.403,9374
0.422,884
0.00977,4888
-0.187,9673
-0.0395,6796
-0.247,10716
-0.148,8718
-0.296,7553
0.178,1855
0.19,782
0.202,1252
0.217,1113
0.257,277
-0.0833,5744
-0.0544,7411
0.107,2851
-0.321,10662
0.253,677
-0.158,7448
-0.122,8757
-0.0583,7864
-0.209,10220
0.169,1617
-0.22,9328
0.118,2308
-0.0691,7184
-0.166,9448
-0.122,10527
0.458,153
0.0319,4269
0.247,2396
-0.114,8687
-0.00278,5332
0.199,626
-0.138,8827
0.308,2902
0.00237,5201
-0.0908,6736
-0.0836,8669
-0.187,10490
-0.0169,5863
0.169,2274
-0.0335,6193
-0.235,9788
-0.0408,6073
-0.0637,7792
0.164,2701
-0.00449,5612
0.271,1913
-0.412,10280
-0.167,9795
0.249,1690
0.177,995
-0.421,10991
0.363,422
-0.0843,6702
-0.0641,6848
0.0258,4147
-0.105,8167
-0.00739,5150
-0.0793,7349
0.226,1062
0.0238,4317
-0.0414,7176
0.1,2712
0.0775,3935
-0.547,7313
-0.133,8556
0.00252,5077
0.0122,5053
-0.0551,7065
-0.152,8805
0.124,3077
-0.216,9144
-0.042,6420
0.0167,4670
0.534,1889
1.78,521
0.485,681
0.411,2205
-0.169,8076
-0.242,7947
-0.162,10084
-0.307,9895
0.285,2033
-0.0576,6592
-0.107,9722
-0.16,9036
-0.14,9233
0.107,3880
0.0408,4154
-0.423,10189
-0.109,8341
-0.0404,6635
-0.0407,6835
-0.277,8335
0.0904,3474
0.00169,5410
0.143,1742
0.0624,3415
0.0608,3837
-0.278,9009
0.124,3155
0.136,2755
0.0109,4908
0.0756,3527
0.0807,2997
-0.111,7920
-0.239,9011
0.0228,4824
0.146,1914
0.239,1254
0.0924,3177
-0.0965,7573
-0.0268,5384
-0.0303,6380
0.0683,3500
-0.00485,5483
0.466,478
-0.114,9203
-0.0853,7204
-0.0295,5790
-0.389,10864
-0.0638,7679
0.0606,3544
-0.0226,5112
0.011,5067
-0.159,10091
0.391,114
-0.00346,5492
-0.277,10363
-0.27,5479
-0.271,9097
0.17,986
-0.0507,7984
-0.233,10188
-0.0362,4884
0.69,5
0.147,1185
0.294,247
0.364,94
0.0682,3111
-0.28,8254
0.463,1043
0.149,1415
0.327,262
-0.0902,7636
0.162,1853
0.102,3418
-0.0441,6319
-0.00804,5549
-0.508,10839
0.183,1765
-0.065,7282
0.718,471
-0.00854,5941
-0.155,10331
-0.101,8800
-0.0184,6140
-0.0134,5516
0.519,298
-0.0327,6159
-0.199,9268
-0.0585,6857
0.0316,4529
-0.117,8768
0.364,986
-0.422,10536
0.217,648
-0.289,10826
-0.296,9684
0.152,2107
0.0133,4939
-0.0822,7351
-0.0407,6446
0.125,1483
-0.107,7415
0.437,1597
0.472,760
-0.0397,6019
0.0187,4812
0.0746,2920
-0.055,6776
0.136,2667
0.151,2068
-0.12,7313
0.0508,3581
-0.178,8855
0.0084,5065
-0.0584,6805
0.0508,3962
-0.0318,6186
-0.0299,6259
0.194,1357
0.407,124
-0.0148,5478
0.349,471
0.0604,3969
-0.078,8227
0.0375,3488
-0.167,8428
-0.157,9104
0.0131,4947
0.338,508
-0.0372,6345
0.144,2371
0.106,2332
-0.178,9760
0.0895,3611
-0.0282,6414
0.11,838
0.261,1817
-0.159,9981
-0.266,8494
0.211,1488
-0.0374,7016
0.0872,1225
-0.114,8101
-0.193,9358
0.22,1200
0.606,567
-0.0223,6274
-0.0911,8517
0.191,640
-0.397,10370
-0.158,5716
0.392,1336
-0.228,9976
0.177,742
0.0943,3363
-0.271,10982
-0.431,10726
0.137,2695
-0.0237,6045
-0.218,10946
0.193,1097
-0.327,10818
-0.245,10807
0.00143,5176
0.481,0
0.199,917
-0.145,8048
-0.136,8241
-0.0286,5962
-0.156,7402
-0.158,8896
0.355,600
-0.372,8082
0.734,101
-0.624,10069
0.256,2091
-0.0648,6826
-0.0292,6644
0.386,106
0.0246,4661
-0.115,7286
0.25,3053
0.0596,3198
0.276,2049
-0.00727,5279
0.486,314
0.626,86
-0.179,8987
-0.0634,7252
0.384,139
-0.126,9203
-0.337,7347
-0.357,10726
0.0424,3873
0.286,662
-0.0174,5836
0.0366,4688
-0.0338,5999
-0.29,8062
1.12,294
0.129,1400
-0.0146,6187
-0.143,8938
0.347,258
-0.149,6245
-0.0863,7463
-0.0715,7420
-0.00919,5396
-0.145,8832
0.368,711
0.0971,3148
-0.122,8861
0.0608,3151
0.11,1863
-0.168,9171
-0.215,9367
-0.0367,7110
0.399,83
-0.0716,8957
0.0818,3184
-0.013,5211
0.0613,3753
0.143,2685
0.0687,3910
-0.0155,6106
0.146,1455
-0.0673,7112
-0.119,8945
-0.721,10331
-0.377,10127
0.081,2625
-0.366,10930
-0.297,10730
-0.438,10447
0.152,1124
-0.452,8898
0.178,249
0.0678,2016
0.099,3545
-0.0682,6189
-0.298,10048
-0.256,9826
0.213,1751
-0.153,10165
0.346,200
-0.187,9021
-0.106,6905
-0.00185,5442
0.0815,1898
-0.0667,6336
-0.091,7655
-0.141,10052
0.135,3181
-0.318,10027
-0.175,10298
-0.153,9933
0.0484,4187
0.597,835
0.0543,4620
-0.21,6438
-0.0569,7670
-0.0227,6767
-0.329,10799
0.196,1520
1.43,54
0.142,2224
0.0684,3484
0.0112,4820
-0.000163,5080
-0.00119,5329
0.162,1226
0.224,701
0.0923,1480
-0.00178,5297
-0.203,8586
-0.0607,7457
-0.0775,6603
0.0335,4578
-0.0764,8086
-0.143,7771
0.226,2069
0.185,2630
-0.152,9275
-0.208,8407
-0.255,9437
0.0137,4809
0.274,347
0.159,644
0.0574,3398
0.236,368
0.0649,4117
-0.1,8569
-0.164,8263
-0.188,9907
0.0994,2165
-0.139,8426
-0.24,9901
-0.118,8050
0.0228,4907
0.0487,3362
-0.197,10743
0.178,1082
-0.259,9865
-0.173,8888
0.232,710
-0.176,9708
-0.247,10114
0.394,145
0.0137,4917
0.185,1665
-0.0243,5779
0.0114,4843
-0.134,8405
0.155,1753
0.327,207
-0.0932,6733
0.0975,2281
0.131,2415
0.139,3261
0.0945,2888
-0.0389,6248
0.109,3357
-0.487,10611
-0.2,9006
-0.118,10024
-0.049,6622
-0.107,8645
-0.178,8553
-0.185,8311
0.467,6
0.0253,4670
0.369,520
0.0533,4300
0.188,2690
-0.151,7577
-0.164,10307
0.0248,4385
-0.175,10920
0.0403,4531
-0.167,8104
-0.389,9746
-0.075,7175
-0.166,10432
0.0979,2341
-0.0677,8137
-0.188,9332
-0.0308,6551
-0.184,10181
0.164,1968
0.107,3050
0.321,339
-0.116,8690
-0.0758,7696
0.121,1309
-0.0457,6586
-0.116,8238
0.112,2797
0.111,3249
0.0699,3451
-0.0726,6700
-0.039,6652
-0.0931,7491
0.274,523
-0.0274,5546
-0.311,10344
0.184,2154
-0.225,10108
0.283,405
-0.233,8332
-0.21,7681
0.013,4643
0.546,43
-0.181,8354
-0.0416,6134
0.126,3020
-0.165,10166
-0.0267,5762
-0.208,8445
0.181,2616
-0.303,10006
-0.0848,6704
-0.322,10332
0.398,212
0.253,175
-0.18,9798
0.443,215
-0.0139,5404
-0.239,9509
0.193,2055
0.0274,4835
-0.237,10572
-0.098,7645
-0.069,7208
-0.0406,6292
-0.136,9746
0.0505,3216
-0.118,6506
-0.129,7596
-0.374,10915
0.0633,3946
0.0762,1877
0.0398,4477
-0.126,8441
-0.00887,5739
0.0358,4514
-0.0536,6670
0.0153,4996
-0.16,9668
0.0323,4531
-0.0406,6202
-0.134,8232
-0.127,7879
-0.0364,6284
-0.00312,5408
0.212,2091
-0.135,8541
-0.0859,7156
0.0557,4419
0.0776,2705
0.0472,3096
-0.112,8401
-0.309,10246
0.0318,4278
-0.311,6214
-0.0728,8305
-0.103,9137
0.0438,4196
0.0148,4969
0.166,3244
0.0178,4969
-0.104,8070
0.0143,5017
-0.198,9310
-0.0765,7084
-0.0465,6709
1.13,846
0.0284,4672
-0.0984,8140
-0.0107,5454
0.1,3340
0.24,1648
-0.348,9635
0.0483,3020
-0.0916,8630
-0.0514,6896
-0.216,10306
0.212,976
-0.0493,5446
-0.127,9262
0.0422,4527
-0.0645,5170
-0.14,9066
0.0625,3899
-0.0789,7992
-0.148,10317
-0.0605,8009
0.427,430
-0.185,9823
0.148,2443
-0.318,10724
-0.0687,7981
0.137,685
-0.00314,5512
0.305,780
-0.0313,5849
0.154,3391
0.212,1471
0.049,3412
0.331,797
-0.371,9725
-0.121,8151
0.0658,3930
0.14,1253
-0.0874,7725
0.558,208
-0.111,8264
0.0362,4759
-0.127,8104
0.00481,5284
-0.0617,7605
0.441,348
0.19,1706
-0.0869,6311
1.05,6
-0.173,10048
-0.05,7518
0.0424,4118
0.194,1829
0.0653,4163
-0.192,9192
-0.169,10709
-0.0534,7643
0.144,3328
0.0157,4862
-0.0853,7379
-0.349,8856
0.00226,5334
-0.092,7909
-0.303,10297
0.808,218
-0.307,10073
-0.438,9969
0.126,2314
-0.161,9361
0.266,1291
-0.0938,7013
-0.092,7836
-0.461,10485
-0.03,6756
0.00884,5129
0.567,148
0.00665,5087
-0.074,5708
-0.159,8470
-0.144,10409
0.386,69
0.0616,4025
0.218,2114
-0.102,5993
0.167,2578
0.126,2379
0.00383,4930
-0.0631,7168
0.204,711
0.0647,3199
-0.363,10276
-0.191,10876
-0.238,10348
0.177,2042
0.107,2507
1.27,908
-0.29,7229
-0.0478,6699
0.129,2361
0.021,4275
-0.253,8867
0.112,2920
-0.294,8331
0.251,1002
-0.0601,6671
-0.27,10385
-0.0338,4562
-0.0801,7430
0.792,147
-0.0922,9656
-0.224,9697
-0.28,10472
0.285,1389
0.203,1131
-0.111,7063
-0.00486,5497
0.0843,3597
-0.0316,5923
-0.286,10330
-0.262,10228
0.533,417
-0.11,9339
-0.216,10000
-0.19,9721
-0.265,10307
-0.083,6630
0.162,2601
0.117,1277
-0.197,10560
-0.25,10585
0.215,699
0.0443,4442
0.0953,3614
0.00589,5335
-0.296,10740
-0.126,7631
-0.158,8838
0.0626,2654
0.577,852
0.28,62
0.0759,1824
0.209,554
-0.11,9151
-0.0705,7037
0.125,2254
-0.247,9355
0.148,1057
-0.085,8341
-0.0866,6644
-0.016,5408
0.258,2887
0.534,1897
0.1,1088
0.0664,2602
0.249,1574
-0.156,9830
0.271,878
0.531,1069
0.0563,3121
0.0265,3794
-0.358,8528
0.44,2196
0.518,1522
-0.426,10356
-0.248,8634
0.157,749
-0.176,8113
0.113,3284
-0.211,10351
-0.0566,8337
-0.118,9285
0.0615,3820
0.0924,3447
0.199,1709
0.136,2672
-0.314,10351
-0.149,10248
0.212,799
-0.157,7692
0.113,3824
0.222,1975
-0.0758,7580
0.483,164
0.225,1750
-0.091,7037
0.00919,5021
0.00788,4906
0.186,1906
0.0748,3126
-0.203,10439
0.6,1777
-0.119,7024
-0.332,9449
-0.0612,6567
0.168,741
0.108,1912
-0.126,6178
-0.261,7856
-0.0387,4653
-0.736,10924
0.212,868
-0.381,6801
0.0668,4565
0.0484,4583
0.0291,4800
0.348,1866
0.173,2035
-0.211,9757
0.133,2631
0.259,1130
0.344,40
0.0504,3851
-0.197,8903
-0.184,9288
0.0978,1494
0.0195,5044
-0.01,5785
-0.185,9312
-0.0398,7160
-0.167,7315
0.178,576
0.174,1261
0.164,3117
0.123,2458
0.0799,2633
0.333,266
-0.19,9947
0.0911,3300
-0.0422,7373
-0.082,8650
0.28,1626
-0.052,6361
-0.321,8857
0.182,1277
-0.137,7537
-0.0311,6652
-0.181,6396
0.692,655
-0.303,9709
-0.122,7757
-0.111,8245
0.346,118
-0.177,9855
-0.0383,6372
-0.224,10057
0.0031,5104
-0.0223,6406
0.00777,5086
-0.0461,6485
-0.0251,5876
-0.24,9479
-0.108,6953
-0.137,10103
-0.119,10162
-0.0435,5486
-0.247,6958
-0.419,8226
0.192,1030
-0.203,9959
0.177,1596
-0.15,7847
-0.145,8940
0.198,1217
-0.0591,7039
0.151,975
0.576,798
-0.00569,5301
0.169,3129
0.151,2399
-0.0347,6641
-0.127,8941
-0.00911,5544
0.293,352
-0.187,7017
0.00349,5021
0.119,1451
0.125,2668
0.401,198
0.166,1854
-0.00414,5473
0.109,2225
0.0826,2834
0.193,1196
0.0443,4391
0.0945,3637
-0.0672,6752
-0.551,9748
-0.0383,6836
1.34,2
-0.117,7120
0.0181,4679
-0.323,10335
-0.162,10536
-0.31,9794
-0.458,10915
-0.177,8961
0.0781,3117
0.265,861
0.0373,4131
-0.0246,5918
0.0211,4265
0.067,3647
-0.274,10245
-0.116,7428
-0.157,5703
0.137,1769
0.0637,3147
-0.163,8265
-0.129,9318
0.649,470
-0.233,7652
-0.0321,6484
0.0224,4038
0.0365,4721
-0.268,10669
-0.083,6841
0.296,332
0.0801,3200
0.136,2150
-0.27,9960
0.33,489
0.189,976
0.125,2648
-0.0473,7944
-0.0334,6954
-0.00334,5256
-0.0945,7984
0.0624,4140
-0.0971,8542
-0.641,10687
-0.0773,7583
-0.234,9500
-0.183,8436
0.223,714
-0.361,10232
0.0822,2567
0.0236,4450
0.115,2515
0.173,2510
-0.136,7736
-0.0531,6121
0.0115,5031
0.0387,4647
-0.0296,5802
-0.162,9589
-0.801,10184
0.255,471
-0.285,10320
-0.114,9313
0.00292,5144
-0.22,10123
-0.138,8223
-0.109,5514
-0.082,7621
0.15,1550
-0.00926,5783
0.258,776
0.123,2757
-0.0707,7448
0.0212,4502
0.189,388
0.282,1679
-0.011,5509
-0.447,10706
0.358,1040
-0.117,8894
-0.247,9919
-0.131,6932
0.166,2000
0.038,4481
-0.196,9566
0.0503,3778
0.141,1746
0.223,1935
-0.177,7879
-0.315,7933
-0.0412,6246
-0.324,10356
-0.151,10044
-0.00684,5149
-0.172,8340
-0.282,7443
-0.0964,8223
0.0932,3858
0.216,1502
-0.0811,8413
0.0136,5242
-0.0797,8681
0.103,3285
0.00602,5310
0.829,1
-0.441,10877
-0.279,8731
-0.359,9705
-0.0239,6497
-0.009,5675
0.367,2603
0.267,1656
0.0641,4097
-0.0715,7683
-0.0269,6214
0.0917,1656
0.279,36
-0.108,8593
-0.056,6623
-0.0523,7304
-0.0209,5992
-0.0684,7618
0.0712,3462
0.042,3929
0.106,3213
0.154,882
-0.0338,6417
0.326,15
-0.144,7881
-0.0745,7863
0.316,1734
0.127,3203
-0.1,7200
-0.00747,5691
0.0543,3662
0.0449,4162
-0.185,9616
0.457,385
0.0345,4588
0.0933,1422
0.285,761
-0.0593,6252
-0.133,9873
-0.0913,7859
0.0854,2317
-0.00223,5179
-0.137,8872
-0.0519,6367
0.201,2196
-0.314,9218
0.044,3807
0.0518,3094
0.474,456
0.0175,4870
-0.339,10439
-0.564,9291
0.0753,3197
-0.0295,5965
-0.0497,5445
0.466,86
-0.121,7821
-0.116,8883
0.0727,3739
-0.163,8808
0.142,2608
0.309,510
1.16,135
0.364,1421
-0.0103,5684
-0.012,6185
0.0477,3927
0.192,1313
0.199,256
-0.186,8911
-0.0379,6791
0.0271,4490
0.4,431
0.18,945
0.115,3904
-0.124,7979
-0.152,9948
0.0893,1464
-0.0273,5879
-0.143,9418
0.238,1790
-0.185,10392
0.0369,3946
-0.00185,5022
0.0862,3979
-0.0793,6880
-0.272,10051
0.0117,4995
-0.315,7083
-0.00725,5538
-0.00405,5441
0.113,2911
0.268,1720
0.125,1699
-0.177,10269
-0.255,9955
0.763,954
-0.0306,5967
-0.292,10854
-0.0137,5568
-0.0532,6712
-0.291,10155
0.155,935
0.154,1908
0.111,1967
0.328,2355
-0.0165,6789
0.195,707
-0.279,10919
0.0547,4067
-0.0347,5761
0.00358,5282
-0.112,7880
0.00704,5256
-0.00984,5677
-0.125,8160
-0.123,8429
-0.379,9738
-0.231,9448
-0.0485,6900
0.188,2075
0.221,1155
0.268,1906
-0.197,9665
-0.186,10219
-0.0969,8060
-0.2,10160
0.0746,3834
-0.0709,6498
0.344,120
-0.184,8341
0.214,1219
0.0227,4857
0.257,1465
-0.00738,5637
-0.0151,5908
-0.0168,5962
0.399,381
-0.321,10403
0.0812,4262
0.118,3235
-0.29,9760
0.0443,3382
-0.0232,6406
-0.0456,6719
-0.0902,7024
0.125,3598
0.23,2703
-0.0906,9580
-0.201,9286
-0.114,7040
-0.161,8764
-0.409,8684
-0.142,8699
0.00906,4866
-0.00502,5705
-0.152,6875
-0.0409,5826
0.0506,4231
0.317,1036
-0.252,10201
-0.117,7147
-0.244,10721
-0.139,7955
-0.274,10793
-0.0433,5601
0.0177,4490
0.0281,4072
-0.0729,7445
-0.211,8925
-0.269,9683
0.209,2445
-0.208,9987
0.0749,2755
-0.184,10044
-0.172,10262
0.235,1903
-0.123,8154
0.0381,2883
0.21,1745
-0.265,9084
-0.193,10000
0.0873,3408
-0.109,7110
-0.0724,6788
-0.0179,7382
-0.0759,7270
-0.167,8432
0.0533,4475
-0.0778,7413
-0.0657,8304
-0.0388,6149
-0.0882,5356
0.127,2505
-0.0973,6699
0.216,854
0.0803,2795
-0.0424,6336
-0.0298,5895
-0.0478,6685
0.0583,3942
-0.305,10839
0.0838,2283
-0.048,8169
-0.598,10963
0.151,1685
0.00402,5011
0.075,3300
0.142,1863
0.0414,4147
0.181,824
0.568,168
-0.0606,7719
0.227,2880
-0.0762,9759
0.139,1380
-0.375,10574
0.127,2723
0.157,2315
-0.154,9053
-0.139,9832
-0.206,10700
0.256,1489
0.291,1385
-0.0552,7371
0.0743,3473
-0.128,10088
0.0504,3791
0.208,1899
-0.0288,6389
-0.445,8410
0.456,336
-0.0804,6879
0.0637,2434
-0.26,9715
-0.149,8673
-0.167,9078
-0.101,7781
0.146,1787
0.0176,4564
-0.147,7938
-0.385,9225
0.0875,3709
-0.0247,5889
0.161,1188
-0.263,10031
-0.463,8559
0.0114,4823
-0.146,7686
-0.324,10229
-0.0751,9790
-0.0531,6935
0.09,3375
-0.307,10934
0.137,2151
-0.288,10248
0.139,673
-0.0262,6448
-0.228,9128
-0.221,8974
0.261,1312
-0.151,8580
-0.0295,6736
-0.132,8850
-0.286,10112
-0.419,10841
-0.0681,7450
-0.32,10325
-0.081,7906
-0.00133,5252
0.0354,4542
-0.123,7118
-0.486,7505
0.00742,4907
0.267,335
0.391,49
0.511,357
-0.156,8119
0.00289,5055
-0.239,10065
-0.181,10181
-0.244,10663
-0.455,7308
0.209,2025
-0.166,10461
-0.123,7622
0.0515,4187
-0.12,8489
-0.246,5260
0.0608,4396
-0.198,9647
0.229,2812
0.00267,5455
0.0815,2625
-0.772,10649
0.102,2320
-0.13,6969
0.17,1226
0.044,3978
-0.148,9228
0.0838,3863
0.0555,3860
0.123,3913
0.212,2301
-0.29,9627
0.204,1810
0.374,662
-0.0388,6088
0.721,1992
0.0833,3413
-0.0915,9024
0.429,441
0.581,496
-0.031,5500
-0.00398,5076
-0.137,9486
0.327,518
-0.0679,7629
-0.298,9430
0.0418,4256
0.188,3421
0.554,604
0.131,1423
-0.0239,5807
-0.00731,5458
-0.238,10943
-0.7,10815
0.0076,5104
0.224,177
0.0668,3495
0.476,1551
0.0189,4755
-0.219,6106
-0.112,7275
-0.0755,7479
-0.242,11018
-0.0209,5662
-0.159,9548
0.0764,3957
-0.0769,7806
-0.216,10247
-0.0525,7333
0.338,1057
-0.125,8073
0.0509,4271
-0.279,9993
-0.134,9221
-0.108,9215
-0.00451,5347
-0.0608,6180
-0.257,7950
-0.0119,5346
0.0143,5035
-0.109,9807
0.0776,3615
-0.245,7650
0.172,2790
-0.0127,5498
-0.281,10637
0.16,277
-0.473,11012
-0.0259,5637
-0.0793,7736
-0.0542,6243
0.03,4713
0.0464,3416
-0.337,9323
-0.0861,7358
0.0199,5052
-0.134,8212
-0.00529,5205
0.267,505
-0.0436,6874
0.0492,2959
-0.295,10343
0.112,3874
0.00389,5322
0.086,3611
0.102,2669
0.193,2182
-0.106,6816
-0.0349,6054
0.134,1266
-0.0943,7279
-0.253,10464
0.0256,4922
-0.266,10132
-0.502,8865
0.0422,4211
-0.0499,6099
0.734,162
-0.729,10866
-0.148,7990
0.343,291
0.268,569
0.155,1016
0.197,620
-0.187,9615
0.261,1828
-0.0495,6208
0.126,1851
0.299,456
0.318,476
-0.131,9781
0.199,3046
-0.0543,6365
-0.214,10838
-0.131,9370
-0.0971,7630
0.334,760
-0.206,9157
0.311,444
-0.119,8821
0.132,1940
0.0918,2644
-0.176,9153
-0.332,10106
-0.286,9622
0.131,1797
-0.072,8151
-0.0411,5856
-0.587,9356
-0.0307,6387
-0.142,8803
-0.276,10668
0.0375,4392
0.0204,5044
-0.0809,8590
-0.118,8055
0.0864,2549
0.0329,4266
-0.0608,8812
-0.0164,6463
0.000623,5667
-0.00153,5291
0.0337,4286
-0.188,9623
0.193,2510
0.268,499
0.115,2623
0.0392,4412
-0.144,8735
-0.0276,5877
-0.0154,6073
0.0589,4589
-0.083,7097
0.0522,3067
-0.259,10293
0.427,1788
-0.173,8600
0.0855,3041
-0.199,10015
-0.0889,8017
0.489,2381
-0.0163,5724
-0.29,9754
-0.175,9765
0.0236,4710
-0.203,7092
0.0381,4260
0.264,1292
-0.0155,5526
0.0113,4887
-0.0512,7120
-0.291,10373
0.232,894
-0.136,7802
0.177,321
-0.125,8178
0.119,3316
-0.981,10295
0.344,1993
-0.0839,7456
-0.0502,6760
-0.105,7895
-0.0133,5646
-0.153,7739
-0.0366,5485
-0.0189,5719
0.00696,5186
0.131,1153
-0.0374,5930
-0.229,10291
-0.303,9096
-0.0912,8717
-0.0494,8043
0.343,671
-0.276,10490
0.112,2879
0.165,1209
0.0239,4431
0.184,2374
-0.25,8711
0.0316,4499
-0.146,8213
0.149,2009
0.146,1630
0.145,2632
-0.0934,6792
0.0387,4315
-0.243,8284
-0.417,9643
-0.0575,7135
-0.09,8867
0.0229,4897
-0.0645,6460
0.133,2795
0.453,720
-0.14,9542
0.229,1622
-0.0258,6025
0.168,1822
-0.0546,7238
-0.282,10769
0.0664,3795
0.401,220
0.074,3818
0.135,2517
-0.292,8880
0.272,2084
0.0502,3665
0.0239,4063
-0.215,9769
0.231,1862
-0.12,7575
0.262,2850
0.128,1601
-0.105,8170
0.104,2943
0.27,1704
0.288,961
-0.0879,6852
0.00723,4715
-0.197,9983
0.236,1074
0.312,692
0.0524,3919
-0.0515,7261
-0.0394,6951
0.082,2963
-0.242,8832
-0.251,8484
-0.377,9302
-0.198,8742
0.0701,3279
-0.0178,6036
0.0432,4300
0.00682,5003
0.524,284
0.307,1422
-0.215,10188
0.0025,5213
0.335,567
0.306,1150
-0.499,7180
0.0573,4194
-0.00675,5842
-0.0586,6605
0.208,1548
0.178,2722
0.803,1992
0.0468,4611
0.0391,3618
-0.33,10981
0.109,3108
-0.314,10628
0.621,656
-0.029,6376
0.159,1461
0.197,2002
-0.232,8630
-0.00385,5691
0.00523,5149
-0.202,10111
-0.134,9770
-0.21,10419
0.323,2030
0.0734,3392
-0.138,8938
0.608,1263
-0.117,9338
0.124,2639
0.155,1597
-0.0662,7259
0.057,4145
0.483,1298
-0.0157,5443
-0.2,9941
-0.00309,5304
0.166,1414
0.119,3939
0.133,2675
-0.117,9294
0.298,987
-0.137,9695
0.164,2266
-0.4,9754
-0.264,7141
-0.072,8458
-0.158,9904
-0.393,10684
0.563,772
-0.521,10771
-0.0575,6897
-0.0778,8727
0.174,820
-0.209,9988
-0.0879,7462
0.023,4958
0.285,223
0.512,71
-0.0873,7304
0.0333,4046
-0.584,11002
0.295,759
0.376,215
-0.0847,7435
0.296,608
-0.125,6573
-0.0696,7444
0.113,2748
0.00865,5001
-0.197,9022
-0.0139,5328
0.486,112
-0.0238,6050
0.0772,3721
-0.404,10535
-0.0944,8297
-0.286,9403
0.305,625
-0.0389,6825
-0.177,9061
-0.12,8502
0.0857,1330
0.0922,2144
0.0697,4219
0.239,1344
0.436,382
-0.0804,8627
0.255,1050
-0.0524,6576
-0.0786,4754
0.0545,4076
0.386,1706
0.501,578
0.0119,4768
-0.0135,5916
0.198,2103
-0.01,5484
0.0974,2726
1.02,21
0.223,625
0.0546,2047
-0.348,9312
0.0857,3192
-0.129,4976
-0.232,10507
-0.0947,7354
-0.00194,5320
-0.189,8754
-0.318,10179
-0.049,6043
-0.174,9413
0.0254,4183
0.152,1426
0.165,3380
0.53,128
-0.0737,6842
-0.525,7665
0.0662,4214
-0.0235,6539
-0.0552,6651
-0.184,8823
-0.532,8290
0.0602,4239
-0.104,8875
-0.0644,7969
-0.0202,6030
0.0724,3258
0.0233,4416
0.109,2358
0.183,852
0.209,1250
-0.207,9456
0.189,3038
-0.098,6352
-0.0944,7523
0.26,612
-0.0285,6196
-0.0444,6138
-0.00509,5519
-0.0539,7387
-0.0378,5891
-0.0134,5877
-0.24,10610
0.139,2791
-0.0858,8641
0.13,3373
0.125,3237
0.0567,2900
0.137,830
0.102,3257
-0.129,8291
-0.115,8168
-0.281,10114
0.198,221
0.0641,2944
0.395,59
-0.174,7819
-0.337,8866
0.0257,4379
0.00184,5393
-0.0777,8204
-0.205,8245
-0.132,7376
-0.0164,5587
-0.31,7171
-0.0863,9488
-0.04,7001
0.329,1747
0.17,1369
-0.308,7916
-0.183,9669
-0.0722,8420
0.192,313
-0.148,7784
0.0149,4670
-0.436,10022
0.0806,3800
-0.117,7556
0.0605,3091
-0.0408,6275
-0.265,7820
-0.149,9138
-0.536,9437
-0.175,9497
-0.0978,8623
0.385,583
-0.244,9191
0.359,395
0.516,1203
-0.00935,5680
0.218,849
0.887,848
-0.059,4093
0.24,566
0.0413,4880
-0.206,8297
0.979,157
-0.133,7962
-0.07,7455
-0.224,10425
0.275,1334
-0.366,9841
-0.554,10662
-0.219,8490
0.235,44
-0.0943,8833
-0.141,8556
0.0601,3763
0.1,2503
-0.173,9550
-0.14,10160
-0.00811,5813
0.0626,4338
0.58,139
0.442,686
-0.23,10050
-0.254,10651
-0.14,10089
-0.171,8690
0.259,1054
-0.266,9903
-0.0188,5593
-0.223,9762
0.0757,3377
-0.36,8645
0.0911,3946
0.0744,3403
0.0485,4321
-0.15,9694
0.00281,5296
-0.489,9499
0.194,2339
0.0499,4398
0.00326,5367
-0.0944,9538
-0.123,10092
-0.0994,4403
0.0782,4228
0.308,2852
0.248,2487
-0.199,10120
0.0337,4146
-0.129,5673
0.146,3559
-0.0767,4812
0.563,809
0.652,1213
-0.16,6040
-0.116,7948
-0.244,9363
0.0493,3601
-0.103,9323
0.249,1922
0.287,2521
1.02,583
-0.215,6776
-0.178,8664
-0.0677,6749
-0.0355,6510
0.165,2220
0.224,1730
0.272,1164
0.113,2863
0.331,331
-0.0111,5749
0.201,1435
0.0651,4353
0.0732,2196
-0.0621,8481
-0.177,8799
-0.327,10885
0.0359,4316
0.0223,4488
0.192,1937
0.0727,3118
-0.0513,8024
2.57,437
-0.154,7774
-0.142,7496
0.0736,4337
0.0221,4504
-0.01,5468
-0.192,6049
-0.169,8141
-0.276,10168
-0.148,7773
0.121,991
0.244,2511
-0.5,10351
4.24,185
-0.461,10700
0.111,1036
0.0521,1167
0.0201,4918
-0.315,10617
0.0226,4874
-0.159,9019
-0.0391,6757
-0.0987,7522
-0.0989,7752
-0.107,7703
-0.0657,7016
0.147,2735
-0.0366,6167
-0.052,8051
0.748,199
0.00884,4901
-0.246,8686
-0.102,9300
0.0087,5321
0.399,370
-0.301,10684
-0.132,8688
0.38,1084
-0.0267,5467
-0.0286,5742
-0.0154,6159
-0.154,7869
-0.0971,6983
0.38,247
0.135,1304
-0.0433,7413
-0.145,9752
0.25,1948
-0.0884,6871
0.066,3145
0.868,624
-0.0449,7440
-0.142,9352
0.116,3544
-0.0523,6119
0.355,639
-0.188,9314
0.073,3327
0.319,1151
-0.524,10991
0.266,1194
-0.373,10653
-0.0679,8992
0.00508,5299
-0.0727,7704
-0.0176,5238
-0.0508,6878
-0.0259,5889
0.0558,3083
0.0107,5223
0.0122,4745
-0.117,8876
-0.21,8516
-0.0159,5558
0.015,4920
0.0916,3449
-0.229,10956
0.0117,4793
0.158,1421
0.173,2561
-0.064,6427
-0.0906,8126
-0.00867,5589
-0.219,10056
0.0194,5083
-0.0627,6670
-0.123,8394
-0.102,9053
-0.0248,6185
-0.299,10311
-0.12,8071
0.243,1412
-0.0104,5656
0.15,2047
-0.0536,7927
0.0939,2736
0.104,3016
-0.196,10658
0.119,2095
-0.0955,8491
0.0111,5076
0.0511,4178
-0.0692,8408
-0.845,8964
0.0431,3858
-0.102,7574
-0.0355,6419
0.735,1579
-0.222,8537
0.337,1005
0.301,202
0.0599,3198
0.384,225
-0.137,8665
-0.176,9021
-0.021,5903
-0.104,8237
-0.13,9515
0.382,1383
-0.103,8283
-0.108,7390
-0.0682,6676
0.15,2772
-0.067,8099
0.0673,3453
0.527,54
-0.176,10215
0.216,2692
0.145,2030
-0.0813,8428
-0.535,10722
0.148,3241
-0.267,8172
0.234,544
0.0705,4239
-0.117,7973
-0.104,7361
-0.404,10435
0.206,2379
0.0374,4331
-0.0217,5942
-0.0992,8472
0.181,1863
0.0988,2577
-0.148,9373
0.0884,3010
0.176,1840
0.222,1669
0.125,2355
0.0441,4212
-0.264,10815
-0.085,7857
-0.0761,6968
-0.288,10796
-0.425,11029
-0.0471,5975
0.133,2509
-0.0871,9328
-0.0154,6398
0.294,646
0.168,1642
-0.236,9951
0.106,4161
0.044,4108
0.291,648
-0.384,10384
0.094,3392
0.0522,3918
0.257,1326
-0.203,10140
-0.169,9102
-0.116,7954
-0.394,9946
1.63,372
0.00617,5084
0.461,527
-0.00256,5489
0.0664,3913
-0.225,7917
-0.138,7926
-0.0687,7227
-0.149,10846
0.0607,2172
0.458,745
-0.017,6071
0.0332,4826
0.0558,3382
-0.257,10917
0.0716,3396
-0.239,10211
-0.0801,6890
0.182,598
0.118,2514
-0.0789,8096
-0.0562,7879
0.123,2548
0.261,636
-0.325,10189
-0.107,9232
0.596,121
-0.147,9609
0.207,1426
0.0353,4115
0.212,3037
-0.473,10893
0.19,978
-0.0516,6712
-0.151,8442
0.0071,5010
0.0703,4103
-0.00802,5654
-0.0601,7165
0.147,816
-0.0353,5824
0.136,3505
-0.119,8420
0.0373,4511
-0.118,10487
-0.0966,7875
-0.235,10780
0.136,2925
-0.0943,7445
-0.364,10481
0.0738,2942
0.101,3013
0.592,24
-0.0295,6366
0.102,3918
-0.651,9352
0.0601,3680
-0.0264,6618
0.0263,4844
-0.258,9940
-0.206,8505
0.333,484
0.2,1073
-0.00122,5653
-0.37,10691
-0.0868,7467
-0.0911,7134
-0.0858,7984
0.102,2815
0.299,165
0.324,903
-0.194,9734
-0.0988,7065
-0.654,9823
-0.0265,6199
0.0618,4157
-0.0178,5834
-0.0169,5910
-0.045,6540
0.132,2229
0.00355,5231
0.112,1528
0.38,458
0.0352,4467
-0.0955,7719
0.0217,4880
-0.0171,6076
0.0539,3762
-0.179,10089
0.027,4504
-0.154,7348
-0.107,8522
0.0868,3694
-0.115,7690
-0.0155,5851
1.57,32
0.0124,4916
-0.0173,6667
-0.13,9385
0.0265,4453
0.0911,3214
-0.311,8127
-0.274,10312
0.12,779
-0.022,6348
-0.127,8488
0.0552,4087
0.0317,4236
-0.637,10849
-0.256,10800
0.144,2803
0.0072,5129
-0.134,7295
-0.473,10344
-0.569,10859
0.0621,2869
-0.0101,5939
-0.162,8767
-0.189,8926
1.21,16
0.259,256
0.0598,3197
-0.0524,6877
-0.341,10166
-0.115,8301
0.123,3321
-0.0714,6055
-0.145,7811
-0.0652,7192
0.176,3269
-0.174,9529
-0.162,8883
-0.488,9761
0.123,2651
0.158,2329
-0.0118,5242
0.152,2181
-0.517,11016
-0.0619,6591
0.0339,4389
-0.184,9134
-0.112,8231
0.175,2168
0.143,3186
0.336,1301
-0.101,7865
-0.114,9112
-0.372,10725
-0.36,9756
-0.00244,5144
-0.38,10555
-0.243,10784
0.166,1103
0.168,1403
-0.0126,5355
-0.105,8981
-0.0994,7288
0.187,2344
0.0195,4646
-0.0748,6722
0.0911,3520
-0.127,8639
-0.386,10511
-0.0629,8323
-0.0795,8824
-0.0332,6108
-0.116,8544
0.104,3812
0.0981,3784
-0.0144,5595
0.0194,4908
0.194,917
0.316,1114
0.126,3320
0.0386,4468
0.0509,3673
-0.0818,9254
-0.0122,5595
-0.137,9305
0.201,1679
0.141,2030
0.2,1346
-0.192,9888
-0.714,8624
-0.0561,6762
-0.111,7317
-0.376,10164
0.198,1288
0.31,18
-0.0957,6939
-0.181,7919
0.0823,3777
-0.683,10267
0.0151,4641
0.25,435
0.289,1910
0.167,1020
-0.189,7260
0.088,3349
0.0655,3463
0.0654,3145
-0.279,10300
0.172,2865
-0.374,10023
0.033,4603
0.0853,3177
0.187,1890
0.233,2595
0.0522,3527
0.028,4410
-0.244,9973
-0.108,9690
-0.00492,5762
0.0531,4012
0.257,943
-0.261,8246
-0.13,9403
-0.214,9916
-0.157,8655
0.214,2455
-0.0261,5975
0.0981,2600
-0.312,10497
0.0481,3681
0.0118,4945
0.234,3562
-0.0073,5428
0.0368,4001
-0.0553,6231
-0.169,10175
-0.059,8914
-0.2,6287
-0.59,7944
-0.187,9870
0.0492,4231
-0.354,10850
-0.17,10231
-0.211,9641
-0.0912,7249
-0.267,9836
0.0186,4652
0.063,2165
-0.03,6148
-0.081,6958
1.59,23
0.0869,3635
-0.142,6758
-0.224,9256
0.157,2500
-0.0646,7732
0.00976,5101
-0.165,9046
-0.04,6246
0.0262,3537
-0.16,9693
0.281,1665
-0.00519,5464
0.347,2461
0.211,1451
0.097,2475
-0.0775,5786
0.0263,4658
0.338,981
-0.107,6680
0.397,1099
-0.0692,7356
0.626,1526
-0.193,9977
-0.0952,7131
-0.0289,5689
0.243,2836
0.107,2552
-0.00874,5829
-0.0458,6784
-0.328,10451
-0.0976,8487
-0.0562,6603
-0.0271,5963
-0.243,10385
0.045,4244
-0.0233,5845
-0.14,8540
0.575,290
-0.484,8524
0.0441,4739
0.0398,4340
-0.00738,5455
0.0553,3484
-0.117,7163
-0.128,9205
0.271,98
0.0111,3714
-0.177,8305
0.294,1539
-0.248,8789
-0.112,7694
0.11,2691
-0.0287,6797
0.0226,4530
-0.142,9109
0.677,41
-0.219,8100
-0.127,9820
-0.108,8316
-0.153,9245
-0.101,8154
0.142,2608
0.23,1703
0.0631,1511
-0.215,10865
0.0614,3816
-0.0278,6565
0.248,513
-0.37,9817
0.253,1215
-0.0213,5717
-0.0393,5713
-0.0294,5854
-0.137,9236
0.0151,4935
-0.314,10767
0.16,2105
-0.21,9350
0.175,2115
-0.0525,7080
0.161,1537
-0.131,7781
1.68,28
-0.126,6368
-0.101,7953
-0.156,9425
-0.0802,9094
0.0763,4186
-0.293,10448
-0.526,10852
0.147,2363
-0.0404,6605
-0.261,10513
0.057,3184
-0.0801,7828
0.0508,4141
0.0132,4915
-0.0291,6536
-0.0456,8107
-0.128,7549
-0.132,8055
-0.0496,6476
0.373,1694
-0.188,9994
-0.0491,7088
-0.0608,6587
-0.045,6826
0.113,4065
-0.1,8975
-0.0531,6928
0.469,111
4.44,10
0.0513,3803
-0.17,7139
-0.284,10007
0.0398,3922
0.15,1760
0.164,1379
-0.178,8117
0.0118,5076
-0.0427,6554
-0.0808,8167
-0.103,8653
0.0633,3936
-0.0734,6540
-0.237,7792
0.00585,5047
-0.263,9762
-0.155,8990
-0.0364,6501
0.0316,3858
-0.294,10768
-0.114,7814
0.126,1316
0.171,2162
-0.00638,5374
-0.0307,6078
0.03,4631
0.243,922
-0.0109,5627
0.112,3618
-0.254,10699
-0.148,7507
0.0666,3934
0.158,2045
0.0217,4674
0.136,1278
-0.0591,6959
0.152,2383
-0.218,9672
-0.208,10968
-0.152,9080
0.0184,4499
0.478,556
-0.248,10680
-0.0701,7043
-0.246,8850
0.117,2716
-0.0256,6026
-0.223,9862
0.0457,4403
0.191,2934
-0.124,8534
-0.0656,8232
-0.0161,5880
0.195,2314
-0.131,9420
0.0488,4267
0.296,313
0.00523,5072
-0.0128,5490
-0.156,8751
0.186,3052
0.161,4001
-0.243,10772
0.12,1514
-0.117,8177
-0.167,8734
0.219,729
0.498,682
0.152,3322
-0.106,8708
0.0302,4281
-0.371,10393
0.0408,4582
-0.00423,5380
0.0391,4391
-0.102,8108
0.0163,4988
0.179,1157
-0.147,8588
-0.129,8242
-0.12,7869
-0.0601,7842
-0.274,10634
-0.00446,5480
0.0541,3831
0.0524,4186
0.244,1950
-0.112,7937
-0.119,8915
-0.0004,5244
0.366,723
0.309,1005
-0.124,9142
-0.138,7004
-0.0222,6064
0.136,2840
-0.0556,6620
-0.198,9745
0.00848,5011
-0.0511,7589
0.0593,3343
0.0972,3164
-0.294,9217
-0.623,10782
-0.173,9389
-0.0505,7234
-0.182,9549
-0.199,9996
-0.0449,6024
0.0143,5072
-0.319,10504
-0.185,8943
-0.0255,6591
0.844,146
-0.162,7922
-0.0664,7484
-0.187,7689
-0.177,10371
-0.0864,8854
-5.54e-05,5189
0.345,343
-0.158,9916
0.234,662
-0.023,6117
0.489,94
0.287,236
0.435,379
0.0331,4691
0.0383,3904
0.114,2734
-0.0346,6466
-0.156,9290
0.162,2320
-0.0677,6024
0.0252,4979
0.0617,3662
0.0963,2839
-0.135,7394
0.08,3734
-0.204,10589
0.0423,4098
-0.0203,6586
0.0221,4496
0.338,1176
-0.306,8315
-0.264,9412
-0.208,9560
-0.0804,8060
0.0903,2303
-0.154,8898
-0.0478,6484
-0.19,7572
0.131,2961
-0.0439,6291
-0.112,9583
0.075,3832
0.021,4482
-0.395,8279
-0.174,8292
-0.119,9938
0.103,2728
0.115,1855
-0.392,10792
-0.0218,6379
0.304,465
-0.0276,6182
0.203,1362
0.0759,3066
0.133,3283
-0.306,10931
0.0587,3819
-0.035,6835
0.0164,5005
-0.0461,6820
0.708,522
-0.309,8801
-0.106,7734
-0.269,10452
0.258,612
0.275,1595
-0.509,10899
0.055,4269
0.643,149
-0.241,10503
0.0228,4733
0.238,1871
0.0906,2751
-0.074,7065
-0.00375,5455
0.0638,2471
0.133,516
-0.278,10294
0.0408,4332
-0.297,10816
0.0738,3323
0.31,188
0.281,391
-0.0412,6477
-0.3,10318
0.17,3332
-0.117,6320
0.00163,5294
-0.0212,5883
0.0323,4416
-0.284,10594
0.111,2806
-0.0779,7401
0.0956,2008
-0.0233,6421
0.535,446
0.276,437
-0.493,10754
-0.153,8723
-0.123,9332
0.117,2538
-0.192,9278
-0.141,8181
-0.138,6446
-0.26,7945
0.000404,5224
-0.0367,8110
0.108,2610
-0.0815,8026
-0.226,10016
0.785,323
-0.044,5991
-0.0551,7092
-0.406,9937
-0.2,8533
0.471,610
-0.119,8387
0.00144,5119
0.0888,2416
-0.00557,5410
-0.191,8270
0.228,1498
0.254,1545
0.0445,3621
0.0248,4699
0.353,1728
-0.0566,6314
-0.138,7032
0.15,1837
0.172,922
0.0301,4513
-0.0203,5909
0.306,618
-0.34,10640
-0.299,8491
0.00967,5217
0.0815,2654
-0.153,9251
0.314,1220
-0.106,8464
-0.0105,6410
-0.0406,7390
0.00868,4931
0.15,1225
0.501,595
0.0657,3863
0.0736,2828
0.243,1521
-0.0541,6738
-0.0148,5772
0.083,2878
0.499,471
0.292,1866
0.215,1086
-0.0434,7926
-0.028,6116
-0.135,8854
0.391,1486
-0.0589,6704
0.176,1964
0.115,1631
-0.147,7575
-0.311,10489
0.433,1659
0.335,1506
-0.00968,5509
0.198,563
-0.365,10277
-0.083,6496
0.207,1137
0.0642,3322
-0.0464,5820
-0.0135,5786
0.0648,3681
-0.092,8598
-0.00101,5085
-0.329,9964
-0.253,9781
-0.162,9181
-0.137,8926
-0.107,7343
0.43,317
-0.144,8680
0.101,1973
-0.0368,5888
0.392,977
0.264,1453
0.406,46
-0.168,9977
-0.108,9804
0.0862,2111
-0.187,9037
0.0487,4246
-0.121,7986
-0.318,10590
0.19,86
0.103,2310
-0.234,8279
-0.307,10634
0.14,2586
-0.205,9446
0.0645,3906
0.0107,5045
-0.189,9893
-0.443,10334
0.0295,4681
-0.0225,5878
-0.0644,6222
0.116,2190
0.0907,2970
-0.466,10454
0.0845,3807
-0.0868,7768
-0.076,7448
0.175,962
0.113,3087
0.0706,3572
0.234,1596
-0.0108,5722
0.475,18
0.227,452
-0.434,10905
-0.111,7000
-0.204,9026
-0.324,9146
-0.124,10686
0.113,1665
-0.0992,9397
0.502,473
-0.34,10119
-0.0337,5735
0.0337,4387
0.328,510
-0.168,8621
0.0382,4122
-0.153,10353
0.0925,2132
-0.0147,5710
0.019,4696
0.213,656
0.37,1114
-0.365,10092
0.0915,2626
0.0903,1328
-0.156,8672
0.218,999
-0.182,10141
0.0533,4500
-0.0402,7135
0.0314,4222
0.111,2431
0.309,706
0.252,2305
-0.434,9532
0.117,3328
-0.0973,9227
-0.198,8220
0.144,1914
0.388,919
-0.616,10587
0.0545,2710
-0.136,9294
-0.452,10498
-0.1,7657
-0.16,8706
-0.123,8844
0.0616,2413
0.0631,3084
-0.122,7848
0.154,3317
-0.842,10739
-0.328,10639
0.0144,4372
-0.201,10804
0.223,1342
0.0963,2105
-0.0961,5055
0.0179,4706
-0.27,10274
-0.0736,7493
0.0938,2951
-0.0244,6063
-0.0717,7628
0.318,2202
-0.0867,8327
-0.126,9904
-0.191,9070
-0.175,8021
-0.139,6480
-0.116,7720
-0.0431,6452
0.567,1592
-0.0702,6806
-0.209,9917
0.561,45
-0.0157,5737
0.0406,3606
-0.0966,7673
-0.065,7169
-0.125,7999
-0.342,10447
-0.316,9678
0.192,1773
0.18,757
-0.000616,5405
-0.025,5155
0.0138,4680
0.0253,4784
-0.00903,5798
0.0601,2513
0.385,204
0.567,340
-0.189,8002
0.226,576
-0.24,9028
-0.125,8434
-0.00161,5567
0.336,289
-0.0625,8400
-0.237,10866
-0.097,9147
-0.112,9829
-0.2,5613
-0.203,4385
0.125,2460
0.309,604
-0.00216,4489
0.0491,3476
-0.332,8917
0.279,2192
-0.35,9817
-0.0653,5821
0.113,1749
0.104,2984
-0.225,8932
-0.0253,5756
0.00587,4908
-0.237,9683
-0.141,8676
0.1,3476
-0.088,8824
0.192,930
0.13,1666
-0.203,10177
0.158,1158
-0.205,10696
-0.164,7973
0.785,408
0.514,459
0.086,3865
-0.154,9724
-0.132,8621
0.282,1082
-0.0872,6485
0.4,1035
-0.146,8215
0.192,86
-0.183,9634
-0.136,7768
0.112,2380
-0.288,7153
0.202,1336
-0.0735,7225
-0.211,9430
0.206,1693
0.183,649
-0.259,9479
-0.272,8624
-0.00165,5466
-0.197,10353
0.215,2036
-0.293,9355
-0.12,8954
0.207,2886
-0.0386,6912
-0.201,10319
-0.207,9146
0.062,3660
-0.0839,7101
-0.0646,5064
0.171,1178
0.305,479
0.00462,5240
-0.0388,6453
0.0291,4757
-0.106,6881
-0.204,10847
0.169,1465
-0.0239,6007
0.0963,3628
0.139,2799
0.747,262
0.255,1590
0.409,288
0.0651,3864
1.9,141
0.379,707
-0.81,9961
-0.0752,7568
-0.0997,9881
0.289,2565
0.444,773
0.0732,1748
-0.082,6377
0.229,491
0.171,604
0.0221,4658
-0.255,8921
0.0384,4547
-0.195,7974
-0.189,10649
-0.0169,5890
0.04,3900
0.131,3582
-0.2,9372
0.379,864
-0.000171,5272
-0.0395,6525
-0.212,8586
0.487,365
0.093,3582
-0.127,7723
0.023,4917
0.117,1391
-0.0741,6862
0.16,2098
0.217,2797
0.149,3560
-0.154,9070
0.133,544
0.135,1864
-0.0521,6370
-0.251,8749
0.521,209
-0.198,10389
0.0385,4528
-0.131,7765
-0.121,7086
0.148,2708
0.0136,4909
-0.116,8776
0.00303,5181
0.168,1357
-0.0161,6092
0.211,1626
-0.128,8975
-0.125,8540
-0.0671,7512
-0.0389,5980
-0.171,9128
0.487,350
-0.134,7551
-0.293,10947
-0.166,9012
-0.206,9891
-0.19,9499
-0.184,7858
-0.171,9545
-0.0228,6205
-0.0776,7789
0.118,2658
0.236,644
0.172,1340
-0.208,7166
-0.0271,6612
0.253,1096
-0.388,10925
0.0154,4991
0.261,2093
-0.00537,5198
-0.0547,7594
0.00779,5180
0.254,124
0.0887,3833
-0.115,7009
-0.353,10916
0.203,1851
0.0518,3246
0.0301,4689
-0.0583,6695
-0.176,7040
0.308,154
0.0764,2228
0.153,1036
0.0947,3168
0.173,2952
0.213,1907
-0.369,8637
0.00789,5030
0.00309,5531
0.399,702
-0.0445,6265
-0.0079,5693
-0.106,8781
0.0979,3074
0.354,32
-0.198,10530
0.0467,3749
0.216,2459
-0.196,9186
0.234,2141
-0.277,9577
-0.00875,5043
-0.161,7624
0.0141,5055
-0.0166,5840
-0.103,7489
0.0887,3827
-0.0249,6995
0.0529,4260
-0.00312,5532
0.0787,1271
-0.0121,5541
0.299,335
-0.21,9055
-0.0031,5586
0.0409,3485
0.247,1080
0.115,2759
-0.172,8711
-0.027,5262
-0.177,9735
-0.247,10124
-0.232,10835
0.498,1060
-0.199,9698
-0.0622,6414
0.0607,3931
-0.0427,7240
0.0491,3598
-0.365,10673
-0.0497,6786
-0.0401,5923
0.0734,2304
-0.0272,6425
-0.174,9443
0.212,844
0.307,876
-0.0852,8852
-0.0818,7893
-0.132,9219
0.236,1336
0.0017,5251
0.0195,4786
-0.318,8387
0.0529,4184
-0.031,7056
-0.239,10432
-0.0848,9453
-0.57,10963
0.261,1433
0.168,440
-0.0858,8722
0.0301,4598
-0.277,8852
0.163,2712
-0.11,7584
0.196,1200
-0.128,9904
0.0879,2938
-0.153,8707
0.071,3965
-0.0723,7230
0.0856,2663
-0.215,10016
0.253,1143
0.213,1532
0.0253,4489
-0.105,6966
-0.0267,7031
-0.0903,8149
0.16,1995
0.139,2110
-0.151,8765
-0.112,6865
0.0568,3264
0.228,737
-0.298,10609
-0.0808,7726
0.421,141
0.0512,3787
0.0704,3653
0.0567,3618
-0.382,9062
-0.0035,5413
0.155,2660
-0.341,9595
0.0422,4254
0.283,239
-0.0782,7202
0.242,1149
0.936,380
-0.0893,8485
0.269,1024
0.177,1740
0.0528,4149
0.14,2753
0.219,1741
0.0308,4880
-0.0406,6488
-0.0391,6282
0.165,2375
-0.0303,5696
0.153,1983
0.0924,2660
-0.000359,5289
0.252,2160
0.166,2071
1.21,7
-0.383,10481
-0.101,7532
-0.171,8692
0.146,2923
0.239,802
-0.266,9972
0.206,2908
-0.0018,5669
0.252,1450
-0.286,9820
0.46,719
-0.14,7888
0.0809,3463
0.103,2082
0.0178,4765
-0.204,8775
-0.146,8288
0.305,826
0.0101,5099
0.277,1383
-0.0626,6720
-0.00878,5061
0.0616,4162
-0.113,8351
0.00314,5317
-0.131,8185
-0.233,9863
0.163,1520
-0.208,8702
-0.503,10999
-0.124,7978
0.0554,3285
0.0439,4239
0.0297,4559
0.305,391
0.124,1422
0.133,1794
-0.139,10072
-0.141,9689
-0.0765,8003
0.121,2642
-0.091,9560
0.473,256
-0.0241,6087
-0.144,10636
0.121,2507
-0.0325,5650
-0.505,10197
0.0874,3621
0.348,261
-0.106,10690
-0.0289,6073
-0.106,7825
0.0705,3605
0.118,3433
0.632,30
-0.00847,5583
-0.119,8547
0.0281,4944
0.268,1716
0.252,938
-0.122,9828
0.0256,4703
-0.0374,6248
0.15,3167
-0.0137,5923
-0.246,8422
0.00944,4948
0.15,585
-0.115,6729
0.048,4296
-0.196,8589
-0.413,9213
0.00148,5052
-0.264,10307
-0.0266,5461
0.185,1702
0.0703,3921
-0.0225,5513
-0.159,10342
-0.153,9533
0.157,1615
-0.206,10071
-0.278,9143
-0.101,6226
0.0422,4220
0.139,1284
0.323,323
0.122,2461
0.0442,4261
0.0353,4172
-0.0447,6784
-0.181,8911
0.095,3757
-0.215,10238
-0.112,8501
1.14,909
0.105,2420
-0.136,9365
-0.348,9103
-0.126,7230
-0.34,10652
0.127,3483
0.163,1217
-0.26,10366
-0.0794,7196
-0.277,9501
-0.0559,6970
0.3,441
0.0484,3715
-0.000352,5429
-0.0689,7134
-0.0485,5930
-0.0557,6389
-0.0867,7177
0.0737,2445
0.0731,3341
0.373,1879
-0.269,9370
-0.211,9333
0.175,1236
0.182,798
-0.21,9363
-0.135,8214
0.0608,3892
-0.37,8063
-0.0895,7488
-0.167,6966
-0.0451,7137
-0.04,6573
0.0899,3361
0.043,4315
0.0633,4008
0.121,2064
0.223,2058
0.0148,5054
0.14,2501
0.119,3029
-0.064,6459
-0.0147,5626
-0.177,9922
0.23,1645
0.189,1811
0.0492,3617
-0.132,8946
0.042,4129
-0.0582,6993
-0.086,8575
0.0528,3803
-0.0222,6402
-0.0574,7064
0.134,1580
0.247,172
0.00497,5183
-0.0952,6720
-0.0446,7645
-0.424,10766
0.207,1156
0.439,303
-0.0831,7804
-0.31,10721
-0.0625,7492
-0.0598,6919
-0.162,9958
0.0127,4940
-0.114,8116
0.468,61
0.0923,3995
0.262,2732
0.147,511
0.0773,1532
-0.146,8989
-0.17,8597
0.19,1307
-0.0708,6587
-0.0836,8253
0.0587,3821
0.54,523
0.325,1182
-0.217,9379
0.0538,4274
-0.47,10937
-0.199,10169
0.842,824
1.03,269
-0.274,10530
-0.898,10534
0.36,689
0.336,1213
-0.0398,6018
-0.405,9707
0.0954,2120
0.332,522
0.351,447
0.0685,3451
-0.118,6864
0.259,1345
0.22,341
-0.157,9056
-0.0289,6310
0.28,390
0.295,1268
-0.0673,7232
0.0378,3107
0.0682,3206
0.0843,3472
-0.406,9646
0.0164,4736
-0.0274,6750
0.151,2549
-0.23,8831
-0.0622,6303
0.891,388
-0.124,6415
-0.0735,10270
-0.00395,5819
0.0268,4615
0.177,2586
-0.0924,7848
0.334,905
0.072,3746
0.103,2076
0.0899,2826
-0.464,10896
-0.0984,8565
-0.297,10145
-0.0913,8384
-0.0105,5953
0.149,1106
0.0434,4178
0.234,1560
-0.0663,6525
0.0178,4787
-0.225,9302
-0.187,10620
-0.186,9716
0.0376,4521
0.633,4
0.0718,3633
-0.132,8732
0.121,1808
0.115,1950
0.0399,4303
-0.0864,8242
0.265,1182
-0.0332,6636
0.0831,1932
-0.0532,7045
0.0289,4265
-0.12,6972
0.17,3329
-0.105,8935
-0.109,7858
0.162,2229
-0.436,10981
0.197,1287
-0.151,10152
0.228,2842
-0.101,7839
-0.0533,6391
-0.136,8835
0.0117,4963
-0.0413,6278
0.08,2434
0.0231,4359
-0.231,8903
-0.133,8648
0.181,2057
0.11,1688
-0.0134,5623
0.0198,4889
-0.0495,7122
0.227,1619
0.305,396
0.0921,3995
-0.147,8497
0.353,82
-0.223,9256
-0.192,9861
-0.494,9887
-0.232,7727
0.17,1517
-0.115,9262
-0.0222,5738
-0.119,9087
-0.219,9877
-0.227,10210
-0.158,7694
-0.107,9026
0.0112,4882
-0.348,10604
0.0913,3023
-0.13,7572
-0.0154,5653
-0.107,7595
0.0149,4830
0.113,2986
-0.0419,6414
0.283,1220
-0.0435,8245
0.0355,4799
-0.19,9696
0.22,724
-0.151,8706
-0.455,8184
0.101,1589
-0.0441,7644
0.351,1305
0.118,3726
0.0919,3703
-0.396,7943
-0.227,10375
0.0174,4502
-0.0838,7575
-0.0854,8429
-0.393,10338
-0.0226,5997
0.507,199
-0.119,7816
0.33,480
0.778,208
-0.499,10996
0.178,945
-0.388,10879
0.0204,4687
0.163,1652
0.0264,4723
0.0836,3672
-0.0139,5696
-0.302,9850
0.0322,3572
0.0416,4089
0.167,820
-0.212,8236
-0.124,7055
0.0871,2731
-0.00565,5421
-0.119,7901
-0.00287,5432
0.0199,4676
0.196,2072
-0.0983,7518
0.00508,4849
-0.129,9095
-0.0202,5738
0.242,2277
-0.298,9990
0.235,443
0.055,1702
0.154,1377
-0.156,8966
0.0516,4002
-0.277,10693
0.0117,4843
-0.282,10710
0.182,3410
0.179,1920
-0.0824,6827
-0.214,10088
0.0838,3925
0.185,428
-0.0249,6044
0.273,1263
0.00109,5531
0.0231,4721
0.225,1329
-0.00179,5486
0.117,2800
-0.0385,6493
0.0917,4078
-0.292,10148
-0.0973,9662
0.0677,2041
0.332,866
0.127,2524
0.186,869
-0.195,10145
0.183,632
0.168,960
-0.271,10023
0.146,1907
0.551,179
0.128,3217
0.638,163
-0.0364,6959
0.000382,5375
-0.201,8580
0.935,368
0.599,130
0.182,1993
0.0327,4058
-0.00329,5341
-0.0138,5784
-0.165,8393
-0.0177,5647
-0.0208,5874
0.241,567
0.891,160
0.423,205
0.528,93
-0.165,8327
0.000963,5325
0.179,723
0.00803,4900
-0.152,7827
-0.156,7656
0.111,2677
-0.114,9176
0.0662,3107
-0.313,8651
-0.134,7312
0.528,162
2.49,233
0.0679,2256
0.0319,4563
-0.715,9888
-0.0834,7562
0.132,3221
0.417,860
0.063,4052
-0.133,9234
-0.195,10501
-0.0891,7751
-0.248,10063
0.0182,4608
-0.285,10770
0.216,1994
0.141,2718
-0.0343,6442
-0.273,8476
0.0658,4109
0.0183,4507
0.412,55
0.00287,5147
0.0439,3852
-0.12,6695
-0.497,9964
-0.104,8221
-0.262,9681
0.278,924
-0.188,8282
-0.151,8494
-0.0493,7978
0.147,488
-0.052,7288
0.224,1211
-0.0408,5650
0.14,1602
-0.197,8012
-0.131,8877
0.0955,3285
-0.0455,6850
-0.00604,5021
-0.149,9280
0.00504,4928
0.0302,4784
0.071,3897
-0.0202,5769
-0.0393,4456
0.0087,5287
-0.175,6478
-0.0222,6011
-0.0642,8141
-0.158,8304
-0.134,8326
-0.191,9106
0.271,1856
-0.0504,7789
0.00108,4966
-0.183,9817
-0.0393,6584
0.256,2709
0.0985,3927
-0.0744,7846
-0.231,10360
-0.292,10016
-0.0146,5679
0.00622,5301
-0.0293,5782
-0.023,5822
-0.11,9864
-0.181,8918
0.0269,4880
-0.258,6920
0.674,221
7.75e-05,5350
0.153,514
-0.372,8977
-0.347,9441
0.173,1691
-0.204,9543
-0.0958,8297
-0.0884,8696
0.096,2315
0.281,757
-0.406,8778
-0.0382,6299
-0.0512,7393
0.186,900
0.347,569
-0.183,8324
0.213,1799
0.0817,3403
-0.0122,5853
0.149,1996
0.0244,4603
-0.0556,7510
-0.121,9515
0.023,4808
-0.094,8364
-0.188,9673
-0.0875,6551
-0.224,10643
-0.257,10798
-0.139,8734
-0.0302,6056
0.0263,4806
-0.00684,5268
0.106,2377
-0.0284,6300
-0.134,7478
-0.32,10653
-0.13,8180
0.0797,3796
-0.0947,7731
0.185,1439
-0.095,7210
0.0839,2875
-0.0924,6947
0.0862,3621
-0.0876,8115
0.112,2865
-0.466,10539
-0.084,7641
-0.147,9005
0.314,816
0.0149,4916
-0.0408,6486
-0.11,5515
-0.127,8540
-0.182,8634
0.0701,3505
0.0454,3107
0.104,1981
-0.145,6824
-0.208,8587
0.0734,2882
-0.0597,6259
-0.0378,5886
-0.47,10997
-0.187,8028
0.509,222
-0.0443,6593
-0.0281,6167
0.257,945
-0.0215,6936
-0.0531,7088
0.0431,3879
-0.0876,7428
0.103,1847
0.0172,4949
0.117,1181
0.106,3813
-0.71,10618
0.00224,4923
-0.289,10042
0.161,1825
-0.052,7811
0.0279,4908
-0.115,9695
0.00298,5413
0.0297,4963
-0.0296,6529
0.0277,3735
-0.0795,7379
-0.294,10254
0.108,3798
-0.369,9357
-0.0589,6592
-0.352,8654
0.109,2903
0.108,2868
-0.205,9030
0.276,422
0.0282,4463
-0.0273,6326
-0.133,9193
-0.0532,6534
0.00177,5285
0.347,2312
-0.0158,6108
-0.0238,6051
0.0507,3840
-0.281,10428
0.323,792
-0.127,7944
-0.305,10494
-0.172,10273
0.256,1868
-0.113,8109
-0.268,9394
-0.0908,8261
0.0139,4585
0.0686,4110
0.089,3007
-0.0123,5733
-0.0904,7765
0.303,799
-0.104,9531
0.0853,3057
0.00584,5082
0.0498,4498
-0.364,10395
-0.127,6397
0.28,96
-0.0205,5432
0.274,760
-0.052,6736
0.161,2087
-0.0277,6098
0.191,308
-0.0587,6383
0.17,2020
-0.452,10837
0.618,748
0.17,2559
-0.227,10226
-0.193,8587
-0.559,10888
0.289,766
0.376,776
-0.247,9761
-0.219,9596
-0.118,9567
-0.101,8923
-0.11,8208
-0.201,9595
-0.292,9452
0.136,1391
-0.0383,6547
-0.185,8817
-0.279,9094
0.111,3806
0.315,2388
0.209,478
-0.0946,8117
-0.116,7831
0.0048,4854
-0.0808,6870
-0.0148,6074
-0.0912,8584
0.0601,3844
0.32,1024
0.0841,2920
-0.0251,5829
0.134,1309
0.238,1365
-0.486,11031
0.0294,4129
0.102,2858
0.155,2723
-0.387,9515
-0.045,7004
-0.175,9683
-0.14,9035
0.502,674
-0.157,8155
0.241,3434
0.137,1554
0.0322,3508
0.0666,3957
-0.298,9569
-0.127,7751
-0.0383,6291
0.077,3046
0.0121,4889
0.151,2311
-0.066,6490
0.075,3666
-0.0692,6868
-0.0147,5417
0.29,615
0.0599,3534
-0.0923,8548
-0.06,6728
0.0846,3987
-0.134,9772
0.0235,4589
-0.0428,6404
0.203,1595
0.105,1843
-0.0135,4430
-0.191,10152
-0.405,11025
0.166,1795
0.454,29
1.01,8
-0.043,6584
0.124,1865
-0.0825,8098
0.127,3732
0.264,1706
0.00173,5440
0.0326,4664
-0.269,10161
0.178,1341
0.207,1960
0.294,3064
-0.0637,7248
0.192,387
0.101,1336
-0.0854,7436
0.0342,3853
-0.194,9351
-0.00498,5365
-0.115,7744
0.343,124
0.156,3051
0.116,3790
-0.275,9375
-0.319,9372
0.0857,2533
0.0355,3423
0.116,2735
-0.0806,6957
0.125,3394
-0.221,9432
0.00568,5064
-9.04e-05,5356
0.66,298
0.443,152
0.17,1343
-0.226,8774
-0.0319,5921
0.00876,5002
-0.0656,6722
-0.352,10420
-0.0184,5584
-0.522,7398
-0.0507,6871
0.201,190
-0.0209,5822
0.139,2583
-0.195,9121
0.0146,4774
-0.192,10343
-0.123,9741
-0.0181,5948
0.138,2839
-0.147,8211
-0.28,10411
-0.0469,6308
-0.018,6434
0.168,1238
-0.0676,6598
-0.0781,7074
-0.154,7797
-0.0152,6210
0.248,893
-0.0256,6326
-0.0414,6192
-0.121,7353
-0.192,10619
-0.0185,6197
0.124,1734
-0.0976,8182
-0.0731,7361
-0.0121,5625
-0.0765,5947
0.119,2331
0.172,278
0.292,631
-0.146,8638
-0.0291,5858
-0.161,8177
-0.0037,5448
0.00375,5394
-0.343,10810
-0.161,8363
-0.27,10724
-0.0404,5951
0.264,1317
0.0616,3095
0.0992,3382
0.139,3701
0.01,4901
-0.342,10241
-0.311,10645
0.0408,4630
0.462,167
-0.0903,7646
-0.118,9568
-0.127,8237
-0.0295,5743
-0.245,10134
0.0141,4655
-0.66,9760
-0.168,8183
-0.0709,8347
0.0122,4838
0.156,1806
-0.0737,5959
0.0496,4525
-0.145,9743
0.0728,2971
-0.232,9450
-0.121,7833
-0.49,9599
-0.21,8360
0.208,2411
0.199,996
-0.214,9891
-0.0689,6818
-0.187,9919
-0.0928,6988
0.309,849
0.0939,3533
-0.246,10957
0.0578,3825
0.149,2967
-0.203,8828
0.112,2518
-0.136,8167
-0.169,8606
0.24,509
-0.0542,7944
0.341,370
0.0698,2787
0.13,2313
0.187,1550
0.214,1880
-0.396,8655
-0.0353,5825
-0.111,7560
-0.0742,7376
-0.0551,6453
-0.147,8418
0.117,2850
-0.537,10398
-0.153,9688
0.192,1497
-0.184,8043
-0.0832,8186
-0.0979,8087
0.0775,3804
-0.0313,7458
-0.083,7692
-0.0909,6204
-0.198,7423
-0.00243,5671
0.248,686
0.0237,4838
-0.0279,6488
0.00148,5295
-0.0272,6247
0.118,2587
-0.209,8458
-0.123,8653
0.0197,4260
-0.297,9485
-0.191,8666
0.0259,4542
-0.211,8545
0.00364,5050
0.288,552
-0.0591,6411
-0.222,10204
0.006,5057
0.245,2244
0.107,2529
-0.219,10184
-0.31,10706
-0.134,6901
-0.225,6765
-0.348,7673
-0.0975,8402
-0.073,6694
-0.00868,3503
0.914,389
-0.249,8574
-0.00112,5138
0.228,1317
-0.165,10693
0.29,119
0.215,2797
-0.0866,7746
-0.0494,6528
-0.181,10662
-0.158,9737
-0.0361,6703
-0.202,10406
-0.021,5944
0.0764,3930
-0.0261,6966
0.00113,5380
0.31,212
-0.767,10901
0.0465,4173
0.267,1398
0.348,114
-0.0556,7551
-0.0306,5886
0.041,3495
-0.0274,6634
0.0964,3855
0.271,184
-0.0812,7907
0.121,2215
0.309,503
0.326,1384
-0.148,8865
-0.139,9323
-0.0666,7745
-0.266,10098
-0.013,5767
-0.345,9730
-0.0183,5531
-0.106,8590
-0.166,8421
0.0822,2518
-0.101,6789
-0.168,8337
0.00697,5103
0.0436,4240
0.229,1191
-0.0294,5658
-0.248,10792
0.271,1294
0.322,1148
-0.00541,5703
-0.00724,5623
-0.0512,6850
0.155,2877
-0.0189,5547
-0.237,8509
-0.0703,7901
0.0454,3351
-0.307,9628
-0.185,7501
-0.022,5624
-0.401,10411
-0.0449,6390
-0.181,9250
0.411,108
0.555,93
0.454,67
0.0584,4447
0.0111,4896
-0.325,10927
-0.271,10630
-0.283,10506
-0.158,7972
0.963,247
-0.0323,6292
-0.333,10325
-0.123,9692
0.306,1348
0.112,3743
-0.129,8613
0.279,1191
-0.0156,5764
0.315,2075
-0.204,8892
-0.203,9970
-0.268,10523
-0.0252,6661
-0.0672,7240
-0.000643,5278
0.222,465
0.13,3351
0.0687,4042
-0.129,8412
-0.00388,5454
-0.165,8188
0.404,564
0.361,774
0.806,11
-0.0139,5623
-0.0584,6127
0.00924,4832
0.000641,5478
-0.0267,6272
0.124,1079
0.00239,5137
-0.0806,9179
0.0237,4867
-0.289,9835
-0.0357,5617
0.315,742
0.0234,4024
-0.24,10557
0.157,441
-0.0177,5680
-0.233,8853
-0.183,8960
-0.386,9352
-0.172,9641
-0.306,9991
-0.154,9662
-0.0575,7834
0.534,448
-0.0756,7194
0.175,1440
0.112,2663
0.525,131
-0.268,8521
-0.0494,7133
-0.105,9689
0.158,836
-0.121,10165
0.0641,3595
1.44,26
-0.405,10380
0.0772,2540
-0.031,6415
0.156,3254
-0.0325,5664
-0.0198,5752
0.0389,4228
0.188,791
-0.0783,6835
-0.0428,6456
0.0818,3864
-0.0499,7116
-0.03,6252
-0.0357,6331
0.0138,5101
0.0428,4209
0.228,1159
0.368,70
0.329,492
-0.0758,7047
0.126,3087
-0.0821,5667
-0.382,9383
-0.0515,6593
0.171,2040
-0.0763,7075
0.119,1916
-0.267,8343
-0.0166,5445
0.271,1135
-0.558,10838
-0.084,7666
-0.0924,8503
-0.0384,5960
-0.152,7689
0.0426,4091
0.217,1824
0.0223,4398
0.104,3000
0.417,191
0.171,1331
0.0178,4664
0.122,3447
0.0439,4086
0.106,1737
-0.0994,7474
-0.27,10340
-0.177,9546
0.185,2422
0.0135,5123
-0.0617,5594
-0.0123,5365
0.158,1694
0.102,2323
-0.0288,6377
0.141,2654
-0.0339,6124
-0.318,9870
0.413,346
-0.0622,6578
0.0131,5011
-0.23,10552
-0.0669,7921
-0.269,10110
-0.237,10309
-0.0788,7130
0.199,1381
-0.0128,6172
0.0958,3101
0.149,732
0.0148,5092
-0.0764,6541
-0.104,6715
0.163,1453
0.408,856
0.247,1643
0.48,403
-0.165,8113
0.153,655
0.00783,4782
-0.432,10604
0.142,2589
0.0391,4094
-0.147,8517
0.0375,2995
0.0084,5210
-0.163,9883
-0.197,8702
0.27,418
-0.198,9689
-0.128,8938
-0.185,10186
-0.14,8021
-0.407,11026
0.492,805
-0.448,9546
-0.0292,6404
0.0412,4583
-0.176,9018
-0.248,10062
-0.238,10047
-0.0018,5439
0.0274,4676
-0.104,8457
0.129,3515
-0.182,8157
-0.0151,5270
-0.0484,5842
0.0116,4718
-0.166,9029
-0.0664,6989
-0.038,6755
0.163,1027
0.106,3556
-0.0987,9451
-0.0826,8392
-0.0314,6838
-0.282,8662
0.0502,4495
0.619,868
-0.115,9822
-0.208,10318
0.359,1325
0.0893,3125
0.146,3550
-0.373,10134
-0.189,10108
-0.206,10588
0.303,1098
-0.158,10164
-0.325,9914
-0.17,7930
-0.0496,7208
0.043,2193
0.189,2532
-0.37,9410
-0.287,9937
-0.17,9905
0.135,305
0.13,2745
0.103,2699
0.0703,3061
-0.067,6555
0.204,1546
0.00894,5045
-0.127,8682
0.115,2769
0.248,548
0.113,3909
0.0774,2922
-0.13,8011
0.0349,3526
0.193,2944
0.0751,3289
-0.41,8090
0.123,1320
0.836,6
-0.134,9322
0.0685,3314
0.00474,5214
-0.0726,6496
-0.243,9526
0.142,1018
-0.0276,6412
-0.114,8241
0.00562,4938
0.605,126
-0.291,8689
0.223,1627
-0.133,9325
-0.00118,5634
-0.0386,6207
-0.0774,7413
-0.00509,5430
-0.136,9874
0.0438,4105
-0.297,10132
-0.0289,5984
-0.282,9420
0.172,1895
0.0458,3878
-0.184,8861
-0.0483,6533
-0.00245,5470
-0.251,8860
0.157,3223
-0.125,7889
-0.255,11012
0.0614,4352
-0.243,10061
0.0301,4668
-0.0926,7236
-0.0038,5327
0.095,2484
0.0107,4986
-0.219,9507
-0.176,9160
0.632,66
0.18,1406
-0.245,8498
-0.286,8771
-0.182,9550
0.428,1438
0.0603,3920
0.0181,4653
0.108,2329
-0.281,9477
-0.167,9133
0.0672,3306
-0.0493,6549
0.0788,3619
0.0593,4083
0.0857,3043
-0.0905,7271
0.00661,5268
0.0244,4654
-0.0129,5973
-0.0528,7502
-0.211,8193
0.473,318
0.166,2794
0.254,2225
-0.098,8113
-0.0209,6049
0.107,3511
-0.0241,5710
0.213,1190
0.434,577
-0.0981,8768
0.323,375
-0.0308,6191
-0.000136,5165
0.0281,4086
0.919,117
0.22,1556
0.283,1113
-0.221,8956
-0.139,8807
0.264,848
-0.366,7650
0.0375,4224
0.0439,3658
-0.176,8423
-0.137,9729
-0.312,10524
-0.46,11004
0.0171,4728
0.0733,2424
0.161,1571
0.073,3174
-0.0376,5443
-0.885,9563
-0.109,9033
-0.00549,5605
0.222,2766
-0.0466,6115
-0.136,6741
0.0978,3643
-0.302,8291
0.14,2015
0.00819,5172
-0.091,6563
-0.483,10929
0.0126,5040
0.0568,3744
0.193,1252
-0.0308,6482
-0.128,7629
0.0414,4378
-0.0562,7482
0.131,2293
0.00509,5016
-0.0853,7953
-0.0255,6480
-0.0996,7693
-0.146,10608
0.108,1703
0.228,1205
-0.158,8788
0.186,1174
0.426,457
0.0475,3704
0.0752,2867
1.28,73
-0.561,10822
0.151,2569
-0.0922,8926
-0.0581,5442
0.303,598
-0.0643,7508
-0.157,8825
-0.142,7483
0.0316,4386
-0.101,8601
0.0595,3936
0.185,1437
-0.0365,6596
-0.158,9268
-0.144,9932
0.156,1023
-0.148,8746
0.301,1665
-0.271,7729
-0.101,8450
-0.204,10438
0.0286,4488
-0.179,9809
-0.159,9216
-0.178,9532
-0.167,7210
-0.192,8648
0.203,1244
0.0669,3791
-0.0853,5946
0.559,117
0.128,3445
0.0533,4386
-0.0333,6062
-0.105,7826
-0.0894,9276
0.739,59
-0.0681,7041
0.479,619
0.0552,2962
-0.0511,6520
0.0152,4914
-0.652,10888
0.0923,3934
-0.202,7893
-0.304,10122
0.172,1252
-0.0298,5967
0.885,1
0.201,1558
-0.108,7842
-0.0435,7269
0.107,2997
0.157,1433
-0.222,10345
-0.0214,6171
-0.123,8665
0.245,850
0.0375,3513
-0.096,6772
0.0864,3032
0.0308,4697
0.0549,3841
-0.0795,7711
-0.121,8379
-0.192,8650
0.106,3425
-0.0131,5740
0.431,1244
0.00181,5428
0.085,2425
0.125,2268
-0.0807,7017
0.101,2553
0.0196,5077
-0.187,8627
-0.117,8115
0.558,509
-0.0842,7476
-0.21,8304
0.364,173
0.114,2256
0.0123,4730
0.149,1582
-0.000305,5524
-0.214,9093
-0.0673,6620
0.031,4630
-0.0191,6104
0.0802,3557
0.26,1070
0.102,2343
0.0895,3318
0.00256,5450
-0.0244,5958
0.03,4391
-0.0897,7511
-0.109,8680
-0.0977,5707
0.0913,2775
0.113,1599
0.00327,5340
-0.221,9245
0.0181,4745
0.438,642
-0.117,8174
0.249,208
-0.245,10566
-0.155,8491
-0.0496,6165
0.156,2784
-0.047,8126
-0.202,6994
-0.262,9690
0.277,1223
-0.137,8494
-0.0412,6611
-0.00813,5881
0.0687,3860
0.117,3232
-0.261,8214
0.492,318
0.0419,4656
0.0212,4825
-0.144,8863
0.0615,3850
-0.232,9300
-0.00138,5126
-0.0878,6831
0.00939,5079
0.00934,4824
0.265,1854
0.0267,4781
-0.077,6411
-0.362,10592
-0.0674,7115
0.0493,3088
-0.0157,6086
-0.402,7987
-0.152,10615
-0.264,8159
0.149,751
0.0642,3054
-0.0817,6859
-0.0487,6599
-0.555,11034
-0.136,7996
0.252,133
-0.137,8036
0.147,3239
0.19,906
-0.169,8411
0.228,2023
-0.197,10458
0.0203,4555
-0.0562,6004
0.137,1704
-0.57,10203
-0.11,8256
0.314,852
0.212,1159
0.122,3879
-0.302,9448
-0.0223,6186
-0.291,10038
0.0878,2723
0.0377,3914
-0.19,9320
-0.0417,7233
-0.169,7225
-0.0685,6915
-0.317,8848
0.0411,4106
-0.194,8338
0.0475,4142
0.379,1957
-0.0196,5742
-0.00975,5759
0.0289,4680
0.13,2766
0.143,2797
-0.329,10933
-0.342,10179
0.21,799
0.0417,3700
-0.175,7422
-0.077,7124
0.132,2397
-0.16,8188
-0.103,8298
0.0339,4245
0.0629,4089
-0.359,10669
-0.24,8990
-0.0161,5522
-0.0303,6514
0.037,3491
0.00458,5140
-0.0433,6127
-0.419,10422
-0.138,8434
-0.0696,7371
0.0806,2965
0.0783,2893
0.0849,2620
0.0336,4372
-0.424,9809
0.0806,2637
0.0745,3134
0.0178,4902
0.0906,3261
-0.412,10161
-0.423,10580
-0.0544,8110
0.0605,3811
-0.341,10784
-0.38,10702
-0.302,9148
-0.142,8432
-0.148,9023
0.0157,5059
-0.0185,5772
0.469,618
-0.121,8496
-0.617,10963
-0.0355,7230
0.0175,4602
-0.118,8400
0.188,2193
-0.128,7038
-0.0188,5479
-0.0209,5559
-0.373,10146
-0.136,8614
-0.18,9037
0.339,774
0.232,516
-0.00359,5145
-0.129,9029
-0.11,7638
0.588,295
-0.279,7515
0.00104,5100
-0.00378,5258
-0.00239,5339
0.257,1359
-0.17,8077
0.0766,4029
-0.34,10718
0.244,898
0.0442,3898
-0.115,7326
0.339,322
0.0511,3794
-0.213,9229
-0.0279,6707
-0.0693,8069
-0.0841,8138
0.0394,4342
0.756,398
-0.26,8061
0.00608,5280
0.00708,4941
-0.121,7917
-0.22,9750
0.0479,4165
0.152,2116
-0.0757,7270
0.122,1831
0.0683,2713
-0.266,10447
-0.115,7104
-0.297,9388
-0.0245,6050
-0.0775,8171
-0.0834,7077
0.205,1324
0.194,1197
0.0227,4603
0.0929,2335
0.04,4361
-0.229,9842
-0.26,9504
0.178,3224
0.0278,4677
-0.0525,6763
-0.0285,6461
-0.352,8924
-0.0542,6693
-0.0426,6470
-0.0624,5559
0.232,499
-0.327,10813
0.17,1966
-0.0647,6914
0.156,2111
0.0702,4652
0.119,362
-0.559,10965
0.0959,3634
0.0758,3789
0.225,992
0.0323,4349
-0.139,8493
-0.0159,6205
0.303,280
-0.086,7082
0.467,1608
-0.186,9411
0.147,1162
0.108,3654
0.368,470
0.213,1028
0.245,1366
-0.0954,9857
0.286,184
0.0824,3504
0.00479,5213
-0.061,6200
0.591,189
-0.335,9781
0.0115,4959
-0.165,9541
-0.11,6681
0.217,2790
-0.2,9182
0.42,2001
0.301,708
0.256,915
-0.177,9850
-0.0509,6904
0.14,2790
-0.0167,5979
-0.0145,5694
-0.038,6201
0.285,2596
-0.192,8792
0.0441,4576
-0.124,8857
-0.00929,5905
-0.0946,9353
-0.224,10438
-0.114,8052
-0.364,10543
-0.121,9921
0.069,2743
-0.13,9730
-0.403,8797
-0.00903,5621
0.233,271
-0.0989,7830
-0.0144,5544
0.123,1491
-0.0839,7329
-0.171,9096
0.491,213
-0.13,6877
-0.124,9072
-0.125,7973
-0.0848,7830
0.13,2371
0.0193,4341
0.495,227
0.107,1823
-0.0536,6504
-0.214,9616
0.0317,4249
0.2,376
0.0642,3320
-0.271,10292
-0.209,9564
0.091,2956
-0.113,9338
-0.13,9016
-0.216,7687
0.283,734
0.0469,3668
0.254,1466
0.108,2893
-0.349,10690
-0.00191,5578
-0.03,6286
-0.239,9842
0.323,371
-0.0641,6692
0.0668,3944
-0.171,9091
0.0221,4717
-0.275,9959
-0.325,10006
-0.181,9177
0.152,2135
0.045,4585
0.0307,4324
-0.208,10575
-0.00411,5679
0.122,2538
0.294,898
-0.00944,6097
-0.117,9579
-0.186,9972
0.321,1127
-0.208,8742
0.347,211
0.207,2472
-0.0119,6403
0.0706,3090
-0.0994,8244
0.178,2082
0.0232,4909
-0.101,6905
0.26,204
0.0598,3691
-0.0193,5851
0.0574,4050
0.0957,2810
0.0494,3919
-0.157,9639
0.155,1354
0.0713,3723
0.0779,3773
0.157,2254
0.332,808
-0.238,9124
-0.269,9810
-0.398,10713
-0.0411,6274
0.137,2921
0.161,1465
0.105,1826
0.221,1128
-0.00363,5402
-0.106,7872
0.105,1341
-0.206,8821
-0.00468,5391
-0.00743,5694
0.123,1352
-0.347,10715
0.0246,4746
-0.153,10237
-0.0927,8441
0.0596,2261
-0.0339,6517
-0.00197,5522
-0.519,10533
0.131,1523
0.426,282
-0.2,9238
-0.174,8726
0.0874,4113
0.204,1162
-0.578,9534
-0.172,8837
0.143,878
-0.165,8270
-0.129,7876
-0.0321,5805
-0.0677,8029
0.0978,3181
-0.0816,7910
-0.0754,6546
-0.141,7984
0.14,2309
0.333,1046
-0.025,6299
-0.0725,7421
0.248,342
-0.113,7652
0.256,1569
-0.0609,6878
-0.075,8986
0.0216,4156
0.0045,5300
0.197,1917
-0.00168,5224
-0.207,9579
0.267,526
-0.177,10573
0.17,3372
0.00141,5271
0.113,2914
-0.0411,6160
0.158,1237
0.0351,4064
0.0407,4266
-0.256,8414
-0.0329,6964
-0.326,8808
0.0513,3524
-0.13,8620
0.00581,5155
0.0522,4162
0.28,1915
0.187,1045
0.145,1643
0.378,48
0.234,1699
0.465,411
-0.281,9105
0.216,1444
-0.183,7689
0.284,211
-0.366,10467
0.0363,4373
-0.0755,6547
0.00412,5219
0.0371,4175
-0.0731,7788
0.101,3011
0.0643,4106
0.152,2765
0.0176,4802
0.204,1321
-0.2,9479
-0.43,10566
0.286,379
0.433,552
0.0224,4723
-0.175,10690
0.0675,3603
0.0273,4443
-0.00711,5505
0.0974,2381
-0.0835,7327
-0.129,9631
0.0272,4322
-0.123,7159
-0.0276,6418
0.535,191
0.105,2437
-0.0522,8603
-0.148,9904
0.0187,4821
-0.0364,6208
0.0308,4454
-0.026,5677
0.0403,3129
0.244,611
-0.251,9367
0.0452,4195
0.0347,3834
-0.103,8602
0.0258,4557
0.187,1144
0.11,2632
-0.225,8611
-0.21,9208
-0.261,9372
0.0663,2961
-0.25,10872
-0.086,8151
-0.27,9793
0.267,680
0.0966,3783
-0.053,6837
-0.0662,7418
0.0523,3878
0.0589,4354
-0.167,8035
-0.144,7722
0.213,1277
0.0723,3282
-0.151,8919
0.488,282
0.0871,3058
-0.0899,8424
-0.0143,5759
-0.0953,8466
-0.198,9130
0.0194,4907
0.00427,5500
-0.0053,5367
0.179,1715
-0.0275,6905
-0.0803,7177
0.376,166
0.373,1868
-0.161,8411
0.101,1699
0.0855,1383
-0.156,8419
-0.0227,5688
-0.0907,8751
-0.0033,5254
0.0327,4149
0.118,1869
0.215,708
0.0194,4911
-0.221,10755
-0.168,6958
-0.103,8035
-0.0329,7311
-0.0154,5557
0.0562,3772
-0.311,8710
0.126,2506
0.0129,4532
-0.102,9312
-0.0426,6666
-0.143,8925
-0.17,8331
0.174,1191
0.189,1571
0.0224,4409
-0.182,10350
-0.136,7833
0.162,3625
-0.0376,6051
-0.154,9551
0.251,158
0.166,1311
-0.23,9496
0.28,421
-0.319,10852
0.11,1107
-0.0719,7948
-0.0254,6052
-0.619,10415
0.285,81
0.099,4047
-0.0928,6870
-0.127,7996
0.0522,4383
0.0287,4066
-0.108,9185
-0.148,7867
0.191,1267
0.124,1909
0.0234,4771
0.209,925
-0.238,10525
-0.241,10024
0.116,2258
0.562,36
-0.168,7681
0.198,2857
-0.0494,5942
-0.323,9272
0.0089,5122
0.0831,3161
0.11,3594
0.186,1241
-0.112,7525
-0.217,9612
-0.0566,6982
0.201,1668
-0.268,10305
0.0807,3118
-0.0113,5563
-0.292,9632
0.244,1354
-0.102,7405
0.573,215
-0.364,9739
-0.305,10885
-0.135,7410
-0.102,8558
0.19,1193
-0.152,9264
0.211,2074
0.403,915
0.00756,4930
0.0332,4210
-0.0471,6205
0.18,767
-0.0558,7480
-0.103,7382
0.2,2662
0.108,3186
-0.0619,7543
-0.0172,5603
0.16,2351
0.196,3350
-0.381,7128
-0.0979,7215
-0.0233,5829
0.207,1089
0.156,2664
0.123,1319
-0.144,9319
-0.199,10489
0.056,3242
-0.0505,6661
0.41,220
0.0343,4734
-0.401,10149
-0.141,9634
0.0511,3137
0.278,1573
-0.0615,6943
-0.145,7810
0.264,1174
-0.18,10279
0.0523,3825
0.446,427
0.0202,4639
-0.234,8675
0.125,2848
0.221,633
0.124,2221
0.188,2316
0.0646,3064
0.0809,2813
0.096,3878
0.222,397
-0.0686,7182
-0.218,10186
-0.197,10277
0.0225,4398
0.515,333
0.166,1206
0.0253,4364
-0.264,9625
-0.191,9186
0.153,2943
0.147,2748
-0.0502,7299
-0.0949,6986
0.192,2978
0.179,1894
-0.125,8506
-0.195,8479
0.0254,4272
-0.0623,7566
0.149,2151
0.286,993
0.0163,4845
0.105,2838
-0.114,8930
-0.0431,7275
-0.277,8765
-0.12,8344
0.159,1718
0.0151,5018
0.0784,3200
-0.135,9047
-0.223,9668
-0.0485,7103
0.074,3600
-0.182,10359
-0.0727,7451
-0.0195,5673
-0.0672,6629
-0.0393,5775
-0.0871,6051
-0.00483,5570
0.0815,2435
-0.102,9337
0.193,569
-0.18,9300
0.0682,3326
-0.187,10489
0.107,879
0.223,1436
0.021,4415
-0.191,9577
-0.0401,6065
-0.0654,7271
-0.253,10174
-0.251,10166
0.128,2857
0.156,2151
0.466,361
-0.171,10309
0.443,189
-0.219,10246
0.157,1239
-0.516,9992
-0.365,10434
-0.0764,6709
-0.0364,6308
0.108,2657
0.374,311
0.336,331
0.182,2023
-0.0516,6343
-0.215,10462
0.00873,4885
0.121,2960
0.332,1360
-0.194,8550
-0.0013,5294
-0.136,8961
-0.0263,6230
0.118,3515
0.345,643
-0.0232,5809
-0.0939,8768
-0.0331,6478
0.0762,3339
0.188,826
0.0186,4814
-0.151,9000
-0.0845,7677
-0.0405,6710
0.243,1341
-0.0063,5313
0.0674,3051
0.385,201
-0.0639,7430
-0.112,9431
-0.208,7374
0.47,240
-0.53,8650
-0.0782,7796
-0.0991,8142
0.119,3652
-0.322,8586
0.194,1359
0.201,1166
-0.089,8217
-0.0823,9490
-0.102,7376
-0.125,7602
0.425,920
0.137,2828
-0.242,10489
-0.441,10868
0.123,3383
0.112,2821
0.269,1275
0.0372,4504
-0.357,10934
-0.0537,7883
-0.174,7381
0.159,2276
0.361,1039
-0.246,10090
-0.0585,7267
-0.112,7668
-0.247,10027
0.129,945
-0.468,8002
-0.0685,7748
-0.227,10699
0.0342,4113
0.0799,3041
-0.234,9035
-0.0294,5900
-0.306,8165
-0.0385,7437
-0.017,6000
0.0906,3653
0.351,385
0.0059,5303
-0.0219,5942
-0.141,9616
0.067,4032
0.061,4301
0.00445,4988
-0.367,8771
0.377,1174
-0.162,10002
-0.0621,6639
0.163,2294
0.0349,4414
0.144,914
0.463,201
0.0228,4566
-0.33,10879
0.0423,4508
0.0515,4142
-0.0519,5789
-0.122,7526
0.0481,3332
0.1,2035
-0.0724,7790
0.195,2132
-0.0989,7196
-0.055,6805
0.319,13
-0.00382,5672
-0.273,10382
0.0116,4984
-0.0689,6709
0.16,638
-0.0961,7650
-0.177,10195
0.0306,4392
-0.206,9596
0.00584,4810
0.0372,4223
0.122,91
0.107,2349
0.203,1229
-0.325,9240
0.0476,3634
-0.256,8708
-0.0186,6159
0.0758,2280
0.11,3067
-0.0756,6817
-0.313,9849
0.028,4609
0.131,1531
-0.189,9834
-0.0864,8829
0.0286,4358
-0.0643,6730
-0.206,9680
-0.0428,6140
-0.0184,5921
-0.306,10645
-0.00029,5397
-0.262,8976
0.488,657
-0.114,9462
0.0897,2476
0.00183,5050
0.0359,4505
0.262,1596
0.0304,4125
-0.252,10508
0.0349,4587
-0.0945,9744
0.0643,3021
0.597,760
-0.017,5676
-0.067,7245
0.0795,3365
0.164,1147
0.0996,2722
-0.256,10427
-0.109,7056
-0.0258,5992
-0.0587,7617
-0.0423,6170
0.14,2253
-0.116,8080
-0.199,9883
0.0639,3155
-0.2,10575
-0.137,8976
-0.311,9723
-0.261,7986
-0.22,9954
-0.0202,6354
-0.0914,9502
0.15,2635
-0.00123,4951
0.288,2417
-0.064,6807
-0.158,9740
-0.261,9678
-0.068,7420
0.0971,2932
0.0226,5064
0.0117,5075
-0.121,8705
-0.0195,5982
0.0902,3121
0.158,2031
-0.096,7574
0.269,90
0.0242,4755
0.198,392
-0.163,10090
-0.148,8539
0.059,3566
0.209,346
0.0251,4034
-0.00887,5424
0.261,549
-0.0682,8591
0.157,3018
-0.0878,7279
0.191,581
-0.0897,8222
0.102,3200
-0.133,9495
0.181,2217
-0.0797,6867
0.057,2931
0.0859,2799
0.173,3074
0.0876,3576
0.12,2813
-0.276,9114
0.175,1960
-0.00142,5527
0.043,4267
-0.199,8939
-0.0112,5888
-0.183,8694
-0.191,9263
-0.183,9720
-0.0687,6183
-0.0836,7446
0.315,507
0.0225,4654
0.239,90
-0.271,9881
-0.281,10519
-0.0247,6468
0.0596,3932
0.00159,5220
-0.144,10202
-0.0403,7172
0.332,1343
0.0567,3717
0.223,2658
-0.161,7143
-0.102,9867
0.0298,3498
0.212,1712
-0.00697,5332
0.0148,4896
-0.141,8238
0.0383,4234
-0.0351,6961
0.148,1560
0.153,1562
0.115,3027
0.203,2520
-0.0396,7139
-0.0514,7628
0.194,1471
0.0562,4039
-0.0689,6948
-0.168,7339
0.0357,4370
-0.0173,5876
0.0367,3843
0.0729,3792
-0.186,10441
-0.162,9178
-0.165,10062
0.133,1736
-0.0933,7420
0.295,1159
-0.174,9197
-0.0115,5537
-0.202,9004
0.0662,3724
-0.444,10490
-0.0484,6551
0.0814,2569
-0.00598,5595
0.000312,5226
-0.306,10104
0.171,368
-0.255,10084
-0.049,6783
-0.251,10651
-0.449,10546
0.00682,5261
-0.0988,7844
-0.257,9980
-0.125,10212
0.038,4016
-0.0343,6638
0.66,23
0.0104,5032
0.0123,5214
0.171,964
0.279,1158
-0.209,9149
0.157,1833
0.0901,2405
-0.0152,6126
-0.138,9037
0.0919,3581
0.162,1784
-0.125,8110
-0.043,7188
0.032,4244
0.0805,3221
0.158,1207
-0.146,9746
0.604,1777
-0.126,9648
0.134,1837
0.0758,2198
-0.0911,7029
0.0292,4376
0.0016,5027
-0.0814,7599
-0.103,8685
0.138,2201
0.672,1186
-0.192,6894
0.124,2150
0.0191,4819
0.0464,4185
-0.0406,5855
-0.175,9369
-0.023,6402
-0.129,8446
0.136,1422
0.0177,4426
-0.136,9919
0.109,2933
-0.0135,5677
-0.03,5967
0.544,427
0.218,925
0.02,4778
0.00461,5424
0.0574,3578
-0.125,8450
-0.0755,6868
-0.0793,8647
-0.359,10718
-0.111,8295
0.0996,2196
0.0115,5146
-0.108,8435
0.0159,4657
-0.0698,8136
-0.0438,6768
0.0321,4589
0.256,1150
0.421,861
0.0128,5189
0.0627,2700
-0.273,9725
0.503,452
0.691,90
0.645,118
0.249,1322
0.265,699
0.0619,3750
0.362,169
-0.00399,5584
0.104,2420
-0.118,9075
-0.12,8790
1.07,255
-0.281,8902
0.0098,4940
-0.126,8208
-0.204,9307
-0.0484,7012
0.376,135
0.00882,4992
0.124,2420
-0.205,9425
0.0764,3532
0.0757,3701
0.116,3290
-0.212,10071
-0.154,9895
-0.0741,7153
0.178,2892
-0.177,8738
-0.0697,6313
-0.0392,7331
-0.114,9191
-0.236,9859
-0.0931,7485
-0.35,9538
-0.0696,8163
0.0271,4464
0.0554,3751
-0.228,9520
-0.181,9256
-0.302,10315
-0.228,10129
0.17,1433
0.00216,5469
-0.047,7432
-0.0188,5949
0.0475,4237
-0.338,9986
0.0735,3271
0.381,751
-0.0944,7806
-0.0352,6008
-0.217,4874
-0.282,8172
-0.131,9123
0.286,1377
-0.604,10901
0.0688,3805
0.227,2400
0.136,1946
0.0715,2991
0.0758,3289
0.102,2907
-0.233,8099
0.773,45
0.217,1515
0.0222,4355
0.0569,2480
0.413,349
0.127,2202
0.0816,2783
-0.0257,6201
0.0675,3487
-0.121,9512
-0.119,7580
0.0878,3874
-0.137,8507
-0.243,9687
-0.0253,6529
-0.0351,6392
-0.0131,5185
0.664,290
0.213,725
-0.00821,5036
-0.112,7722
0.112,2687
0.0729,3057
-0.216,10661
0.0201,4692
0.0528,3903
-0.15,9574
-0.124,8407
-0.0954,7562
-0.0297,6215
-0.111,7157
-0.205,6842
-0.0978,8301
-0.044,6773
-0.213,10089
-0.0672,6646
0.0402,4333
-0.0214,5984
-0.167,10106
-0.127,9685
0.0153,4698
-0.183,7951
-0.281,8635
-0.289,9680
0.0471,3742
0.088,3015
-0.0374,6668
-0.247,10030
-0.0789,7676
-0.0249,5713
-0.0305,6696
0.0568,4117
-0.136,8063
-0.086,7362
-0.0428,7050
-0.102,6332
-0.121,8403
-0.12,8530
0.0671,3413
-0.163,7417
0.0341,4664
0.122,2475
0.0578,3831
-0.205,9923
0.0192,4786
0.236,579
0.37,287
-0.027,5990
0.0103,4928
-0.0543,6985
-0.224,10613
0.381,2314
0.534,565
-0.446,10615
0.138,1513
0.146,1626
-0.0324,6459
-0.0391,5924
0.233,735
-0.0691,6176
0.0908,1444
-0.0158,5755
-0.0632,5871
0.0203,4690
-0.0815,5973
-0.274,9089
0.0304,3999
-0.273,10286
-0.121,7520
0.86,208
1.09,40
-0.047,7032
-0.201,10854
0.186,1557
-0.0147,5878
0.0301,4515
-0.489,9661
0.423,801
-0.0922,7545
0.0308,4220
-0.2,9661
0.153,3274
-0.0267,5983
0.014,4752
0.0725,3394
-0.0373,6051
0.322,669
-0.192,8976
0.0526,4407
0.00157,5338
0.192,1731
0.144,2864
-0.0137,5838
-0.18,10088
-0.181,5847
0.154,2460
-0.0891,7600
-0.0148,6440
0.197,969
0.368,967
2.68,9
-0.268,9878
0.191,378
0.0138,4799
0.801,126
0.304,2235
0.083,4193
-0.25,10310
0.309,138
-0.157,9819
0.203,498
-0.0823,8097
-0.0596,6779
0.0204,4979
-0.189,10380
-0.154,8252
-0.127,8068
0.0701,3664
-0.0755,7929
0.458,995
-0.0443,6648
-0.21,9827
0.276,362
0.261,285
0.332,160
-0.0996,7648
-0.0508,7003
0.0152,4986
-0.113,7142
-0.0155,6041
-0.0397,6040
-0.129,7860
-0.0893,8385
-0.0507,7374
-0.154,9846
0.269,793
-0.104,7155
-0.356,7194
-0.0318,6124
0.161,961
0.222,2754
-0.109,8134
-0.144,8951
0.145,2491
-0.156,9017
-0.293,11002
0.158,2154
-0.258,9138
-0.182,10256
0.0739,3630
0.187,1026
-0.0172,6044
-0.0581,6662
0.562,985
0.116,3021
-0.197,10352
-0.0144,5877
0.318,1505
0.301,128
0.0587,4080
-0.117,7796
1.51,3
0.343,213
0.129,1069
-0.312,10609
-0.148,9528
-0.186,9265
-0.388,8323
-0.0386,6699
0.0413,3716
0.184,2149
-0.164,10102
-0.195,5868
-0.0993,8698
-0.0411,6940
0.00821,4918
-0.0887,7541
0.179,2946
-0.127,8648
0.296,1914
-0.0471,6937
0.188,1786
-0.127,7075
-0.0986,8220
0.733,813
-0.0982,7787
0.247,634
0.0913,3565
-0.321,10527
-0.0262,6594
-0.0673,6948
-0.183,6594
0.0966,3139
0.232,1003
0.0555,3785
0.00821,5258
-0.0205,5722
-0.0373,6158
0.363,496
0.0208,4542
-0.161,8833
0.019,4673
-0.24,7106
0.401,279
-0.234,10311
0.138,1949
-0.0566,6588
0.106,2033
0.0384,4266
0.0936,2652
-0.169,9410
0.209,2059
-0.367,9978
0.18,1702
0.0118,5319
0.134,1939
-0.098,6472
-0.104,7773
-0.0119,5524
0.179,939
-0.11,8078
-0.011,5697
0.138,1182
-0.15,9326
-0.0469,6541
0.0469,3505
-0.363,10675
0.425,136
0.0714,3426
-0.0382,7040
0.518,637
-0.0805,8279
-0.161,8105
-0.196,9306
-0.277,8874
-0.0237,6004
-0.0611,6772
-0.12,9526
0.0516,4237
0.324,1483
-0.032,6647
0.0967,3838
0.129,2948
0.03,4475
0.19,1789
0.361,198
0.0105,4900
-0.212,10809
-0.0302,5832
0.357,907
-0.186,7644
1.07,0
0.0616,2471
-0.00194,5386
0.772,659
0.104,2815
0.283,488
-0.0453,7062
0.213,1266
0.0444,3457
0.112,3151
0.229,2704
0.391,2038
-0.103,8734
-0.176,9754
-0.0155,6344
-0.625,10850
-0.185,10487
-0.000305,3383
0.0543,4380
-0.193,9475
0.019,5168
-0.0615,6494
0.181,2081
-0.141,7273
-0.0449,6273
0.187,954
0.175,1089
0.125,2136
-0.37,10601
-0.179,9081
-0.0202,6028
-0.0557,8140
-0.251,10102
0.187,1206
-0.236,8645
0.187,3057
0.0134,4821
-0.0864,8274
-0.124,9475
-0.0379,6463
0.109,2983
-0.3,10697
-0.287,8917
0.107,2119
-0.215,10008
0.465,83
0.0858,1405
-0.249,8547
0.0109,4852
0.168,1552
0.475,321
-0.0609,6899
0.0565,4190
-0.209,9896
0.0493,4138
-0.179,10208
0.0926,3273
-0.301,9926
-0.0466,6592
0.222,2716
-0.253,10360
0.178,647
-0.0619,7423
-0.111,6668
0.0494,3761
-0.216,8672
0.111,3211
-0.134,10109
-0.0667,7657
0.211,1932
-0.406,10967
-0.228,8492
0.36,677
0.0315,4795
-0.171,9608
0.131,2648
-0.389,10789
-0.21,8186
0.326,1764
-0.325,10170
0.0183,4331
0.0165,4960
-0.15,9460
-0.0827,6503
0.296,161
0.147,1633
-0.0467,6679
0.267,1674
-0.333,10355
0.0245,3679
0.185,2868
-0.1,8206
-0.0847,8008
-0.297,10190
0.171,2872
-0.0996,7159
-0.611,10961
0.067,3547
-0.111,8873
0.22,1283
0.227,2519
0.0223,4842
0.343,141
-0.0633,7344
0.0498,2557
0.278,2736
-0.261,9000
-0.217,10917
0.041,3577
-0.295,10942
0.164,1167
0.35,516
0.027,4870
0.274,777
0.00151,5129
-0.16,9829
0.00108,5404
-0.124,8284
0.526,722
-0.3,9088
0.344,432
-0.0999,8466
0.0871,2820
0.00871,5319
0.0059,5323
0.0483,4680
-0.409,10277
-0.0279,6046
0.0729,3368
-0.227,8359
0.0195,4642
-0.0705,6916
-0.0658,7954
-0.307,10556
-0.165,8880
-0.0961,5546
0.0467,4040
0.0203,4473
-0.229,8738
0.0349,4763
-0.0934,6845
0.0602,4236
0.575,297
-0.128,9918
0.025,4489
-0.0916,8437
-0.0434,7146
-0.161,9513
0.311,1528
0.00173,5000
0.00716,4951
0.162,960
-0.245,10492
-0.0537,6856
-0.181,7290
0.079,2908
-0.17,8346
0.356,361
-0.0549,5429
-0.326,10924
-0.168,7374
-0.134,6830
0.125,3224
0.0865,2541
-0.0582,7687
-0.0154,5926
0.0537,4132
-0.364,9296
-0.0228,5820
0.114,3004
-0.019,5605
0.193,1658
-0.114,8817
0.503,490
-0.242,9031
0.142,410
-0.201,10585
0.00207,4943
-0.041,6673
-0.332,8026
-0.516,10956
0.0239,4394
-0.232,9493
0.233,1746
-0.0291,5564
-0.0625,6772
-0.25,9187
0.331,1011
0.226,2175
-0.276,10199
0.194,1887
0.0587,2834
-0.138,9179
-0.0386,6113
-0.0379,6323
0.203,1417
0.0442,4044
1.43,130
-0.0745,8838
-0.0711,6704
0.555,36
0.185,1144
0.0516,4111
0.149,1725
-0.177,7036
0.0778,2886
0.213,810
-0.281,10576
-0.039,6189
-0.095,8228
0.0715,4173
-0.0097,5584
-0.101,7895
0.168,1837
-0.164,9023
0.0484,4309
0.0683,3813
-0.121,9339
-0.335,10727
-0.276,8392
-0.0607,6466
-0.196,9676
-0.0726,7580
-0.0274,6023
0.149,1258
0.0559,3834
-0.0736,5594
-0.546,10700
0.216,847
-0.0155,6170
-0.203,10159
-0.0897,8109
0.167,1263
-0.277,10882
-0.0411,5803
-0.112,8350
0.0112,5181
0.205,2469
0.285,991
-0.0351,6446
-0.363,10475
0.0558,2997
0.222,1402
0.221,945
0.0749,4013
-0.0174,5567
0.125,2138
0.0124,5207
-0.0164,5880
0.0253,4570
-0.239,8806
-0.291,10111
-0.107,6959
-0.08,7765
0.0996,2096
-0.341,10241
0.179,2057
-0.0916,7576
-0.0955,8387
-0.104,9024
0.0323,3860
-0.176,8096
-0.115,8285
1.51,201
-0.069,7976
0.132,2280
-0.00066,5455
0.00908,4820
0.0192,4655
0.214,1069
0.268,918
-0.129,9887
0.000684,5353
0.651,197
0.552,279
0.178,2648
-0.258,10535
0.0523,3587
-0.0643,7392
-0.118,7624
-0.196,9505
-0.17,8448
0.15,2981
-0.0363,6328
-0.0743,8207
-0.387,10755
0.32,2301
-0.0962,8538
-0.0382,6980
-0.116,8342
-0.344,9388
-0.0846,8336
-0.046,7464
-0.159,8902
0.0399,3196
-0.0426,6591
0.0168,4543
-0.0685,8429
-0.0754,7551
-0.0185,5704
0.108,2452
-0.128,8326
0.201,1799
-0.0207,5962
-0.184,8724
-0.0731,7496
0.142,2838
-0.328,8395
0.836,537
0.00781,5044
-0.221,10375
-0.258,8127
-0.0519,6696
0.0306,4161
-0.159,9351
0.0467,4266
0.169,1121
0.269,630
-0.198,7058
-0.0316,6925
0.276,585
0.0122,5149
0.194,2490
-0.31,9376
-0.392,10451
-0.0618,7747
-0.0978,7464
0.0868,2712
-0.0577,7265
-0.257,10631
-0.144,8051
0.0901,1512
0.0665,3170
0.298,1419
-0.361,10624
0.0308,4552
-0.277,10529
-0.153,10079
0.0955,2878
-0.185,9208
-0.0188,5879
1.21,129
0.00674,5330
0.156,949
-0.0538,6667
-0.0979,7543
0.395,285
0.264,1112
-0.261,9301
0.24,1018
-0.121,9414
0.00892,4894
-0.366,9529
0.442,1567
-0.133,8885
0.136,2638
0.0953,3349
-0.34,10258
0.0459,4017
0.0436,4386
-0.197,6819
-0.0874,6808
-0.0589,7606
-0.0243,5924
0.0732,3175
0.106,2718
-0.194,9489
-0.206,10288
0.0552,4215
-0.251,10024
0.65,558
-0.126,9610
-0.0508,7871
0.169,1220
0.128,1810
0.0103,5291
0.449,173
0.162,2041
-0.151,9263
-0.00614,5418
0.131,3461
1.6,332
-0.194,8470
0.0795,2255
-0.117,8196
-0.0654,8360
0.488,853
0.107,3107
0.281,633
-0.113,10119
-0.02,3375
-0.126,6938
-0.0213,5560
0.479,237
0.0985,2253
0.0165,4667
-0.15,8545
-0.246,9260
-0.414,8568
0.182,1037
0.154,775
-0.0575,8535
0.15,1742
-0.0338,5799
0.0244,4277
-0.11,7193
0.055,3439
0.268,69
0.283,1706
0.23,323
0.862,762
-0.208,10060
0.286,653
-0.22,9288
0.0829,3631
0.308,568
-0.0895,7734
0.849,237
-0.0593,6830
-0.334,9706
-0.0425,6071
-0.165,9205
0.171,2654
0.148,1754
-0.00458,5814
0.0157,4890
0.0306,4287
0.202,2348
0.0366,4510
-0.163,8922
0.242,446
-0.112,9059
0.0286,4477
-0.145,7690
0.135,2710
-0.378,10743
0.00456,5266
0.0342,4332
-0.0198,5705
0.523,582
-0.302,9497
0.0735,3594
0.0512,2139
0.00785,5095
-0.0188,6093
0.196,2129
-0.125,7821
0.0205,4517
-0.175,8689
0.176,1780
0.0659,4010
0.284,1250
-0.179,9057
-0.29,6987
0.185,745
0.253,840
-0.213,9779
0.0544,3684
0.196,1642
-0.121,8787
0.271,108
-0.144,9817
0.258,309
-0.26,10020
0.209,1815
0.0295,4578
-0.219,10824
0.225,847
-0.187,8573
0.232,1556
-0.226,7508
-0.0896,7217
-0.0409,7763
-0.31,10087
0.0941,2774
-0.063,7362
0.00604,5045
-0.00851,5388
-0.2,10271
0.0808,2485
-0.348,9906
-0.183,9343
0.0325,5001
0.02,4736
-0.201,10187
0.237,849
-0.0554,7725
0.141,1005
0.0626,3156
0.053,3678
0.0372,4049
-0.0469,6952
-0.355,10259
-0.0663,5513
0.23,1889
0.0247,4671
-0.234,10682
0.159,1447
0.152,925
-0.0709,6571
0.0279,4761
-0.207,10168
-0.0467,7269
-0.0293,6398
0.133,2684
-0.193,9220
-0.228,9299
-0.158,7522
-0.0453,6233
0.0138,4914
0.417,869
-0.486,10877
0.683,289
0.0112,4972
-0.164,9583
-0.0281,6522
0.0432,4168
0.252,1046
-0.0536,6872
-0.0255,6099
0.0719,2731
-0.0666,7849
0.254,1204
-0.0699,6964
0.256,2076
-0.0267,6151
0.0923,1543
0.0673,3648
0.056,3053
0.0422,3689
-0.0593,6475
-0.157,7834
-0.226,9172
0.119,2545
0.125,2000
-0.415,10945
-0.106,7598
0.426,215
0.669,292
-0.0278,6588
0.0879,3852
-0.214,9099
0.127,2097
-0.0564,6401
-0.0314,5723
-0.0388,6970
-0.0371,6711
0.338,367
0.122,2347
-0.0473,6578
-0.152,9709
0.0235,4490
-0.14,9302
0.0729,4243
-0.137,7763
-0.0423,5487
-0.0297,6366
-0.0325,6334
-0.0902,8185
-0.209,10407
0.0985,2391
-0.114,8401
-0.328,9432
0.329,1428
-0.0588,6431
0.115,2462
-0.0848,7524
-0.188,8346
0.313,2087
0.179,1322
-0.205,10783
0.0507,3758
0.0187,4679
-0.0305,5864
0.0801,3583
0.0327,4810
0.226,380
-0.0947,8256
0.289,422
-0.188,9156
-0.125,8248
0.0368,2964
-0.285,10426
0.149,992
-0.125,8287
-0.0884,7700
0.332,519
0.0767,4429
0.21,322
0.0317,4475
-0.124,9694
0.991,6
-0.402,10661
-0.392,10092
0.178,1974
-0.311,11003
-0.239,9648
-0.0636,6897
0.0349,4370
-0.179,8448
-0.0415,6265
-0.128,9098
-0.156,8571
0.273,1201
0.0355,4455
0.462,1223
-0.0154,6047
-0.0356,6706
0.366,1048
-0.0451,6350
-0.554,10304
-0.722,10837
0.222,383
-0.148,8655
-0.13,7947
0.032,4203
-0.054,6304
0.188,2984
-0.0657,7989
0.117,2597
0.2,810
-0.0274,5692
-0.115,8475
-0.404,9530
0.00802,5026
0.00817,5164
0.201,2390
-0.0807,7333
-0.186,10016
-0.406,10224
-0.0385,6996
-0.172,10875
0.258,1364
0.125,1571
0.0222,4828
0.0308,4557
-0.126,7062
-0.0472,5846
-0.0247,5575
-0.137,7738
0.628,748
-0.213,9913
-0.0376,6675
-0.0222,6108
-0.52,8797
-0.397,10643
0.708,108
0.0684,2601
-0.0201,6563
-0.178,10460
0.0308,4647
-0.0413,6148
0.461,1234
0.0471,4136
0.0954,2616
0.0245,4621
-0.0993,6542
-0.103,7348
0.23,2345
0.469,200
0.534,57
0.0137,4527
-0.337,10320
-0.147,5759
-0.195,9734
-0.0396,6335
0.054,3489
-0.0937,7499
0.599,1199
0.157,1761
0.213,1820
-0.144,7885
0.454,225
0.0445,3585
0.0511,4042
0.339,187
-0.213,9301
-0.0282,5774
0.0664,2577
-0.0763,7279
-0.33,10337
0.667,166
0.229,1644
-0.0948,6325
-0.572,9099
-0.0779,8983
-0.00559,5216
0.223,1268
0.0271,4437
0.037,4572
-0.0818,7102
-0.221,9475
0.0476,4332
-0.111,8337
-0.153,8426
0.0406,4274
-0.207,10248
0.0737,3143
0.121,3404
-0.186,9223
-0.151,8505
-0.0498,5886
0.327,464
0.104,2510
-0.0326,5886
0.087,3762
0.0437,4639
-0.0693,6078
0.247,1128
0.134,3213
-0.0635,7241
-0.179,9775
0.14,2513
-0.125,7730
0.0324,4353
-0.000565,5286
-0.13,8328
0.386,345
-0.246,9813
0.285,1090
0.0144,4812
-0.141,8411
-0.27,9415
0.0349,4243
-0.135,8890
0.105,3447
-0.0409,8072
-0.207,9701
0.00396,5243
0.612,32
-0.0252,5749
-0.235,7830
0.371,154
-0.154,10476
-0.0412,6434
0.00777,5018
-0.0542,6359
0.235,1230
0.108,3199
-0.08,7114
0.577,27
-0.169,10064
-0.123,6741
-0.369,10554
-0.307,9563
0.0748,3764
-0.111,7649
0.641,82
0.0316,4573
-0.134,8783
-0.0693,7953
0.0595,3307
0.173,2664
-0.0894,6701
-0.106,7517
0.0526,4231
-0.107,8168
-0.00479,5576
-0.2,9905
-0.0379,6557
-0.236,7913
-0.157,8525
-0.146,9442
0.0527,3907
0.048,4326
0.0528,4107
0.125,3380
-0.125,8598
-0.00904,5945
-0.0885,9658
0.119,3414
-0.348,10669
0.175,2110
0.908,74
0.449,310
-0.0492,6612
-0.0291,6319
0.00135,4968
0.324,1806
0.883,5
-0.0161,6061
-0.191,9185
0.2,2132
-0.0627,7332
0.13,2147
-0.145,8730
-0.136,9387
0.15,569
-0.14,7885
0.146,2033
0.697,236
-0.117,6805
-0.0881,8408
-0.0777,6944
-0.0416,6349
0.202,1661
0.0887,2221
0.103,3439
-0.141,8403
0.077,3813
0.342,254
-0.095,8410
-0.0574,6892
0.269,2286
0.115,2523
0.0621,4086
0.0129,5054
-0.122,8573
-0.0905,7472
0.316,945
0.116,2511
0.0798,1496
-0.0746,7838
-0.314,10012
-0.145,7339
0.0778,2397
-0.0225,6560
-0.389,10920
-0.117,7841
0.394,115
0.0755,4016
-0.0241,5508
-0.00496,5362
0.15,1295
-0.0758,6547
-0.0663,7333
0.12,3002
0.0285,4042
-0.0249,7098
-0.0783,8980
-0.0894,5186
-0.101,5474
-0.203,10870
0.164,1777
-0.131,9404
-0.246,10396
0.332,2454
-0.2,7961
-0.0873,7015
0.0194,4895
-0.0505,7561
0.0697,3386
0.451,143
-0.232,8326
0.42,1429
-0.0359,6358
0.0423,4116
0.0613,3920
-0.0248,6688
0.0986,3408
-0.0879,7355
0.242,1571
-0.022,6504
-0.29,10207
0.0209,4833
-0.266,9143
-0.275,8389
-0.0634,8143
0.149,2164
-0.0234,6129
-0.038,6621
0.117,2441
0.241,751
0.00222,5458
0.41,724
0.0725,3485
-0.151,9820
-0.265,8460
0.448,434
0.22,719
-0.00462,5201
0.265,1342
-0.26,9865
0.00692,5247
-0.244,10752
-0.155,9503
0.0877,2159
0.0953,3695
-0.0737,6647
0.123,3418
0.33,238
-0.017,6532
-0.0185,5712
0.186,1504
-0.102,9221
-0.064,7363
0.0017,5190
0.13,1939
0.243,1171
0.0782,3626
0.19,1842
0.119,2775
-0.217,10301
-0.298,9595
0.062,4098
0.0165,4529
-0.124,8508
-0.0582,6791
0.752,268
-0.0744,7854
-0.4,9713
-0.222,10592
-0.226,9342
-0.165,8642
-0.0286,5680
-0.141,9109
0.149,1178
0.218,624
-0.185,7776
-0.166,7248
-0.366,9626
0.0698,3395
0.217,818
0.596,88
-0.163,9308
0.133,2101
0.101,3515
0.0256,4338
0.28,1081
-0.0671,6397
0.163,768
0.17,1920
0.282,952
-0.0418,6523
-0.133,8832
-0.0157,5554
0.264,1072
-0.466,10174
0.156,2318
0.0378,4088
0.252,990
0.0691,3746
-0.449,10669
0.244,3121
-0.141,6517
0.152,587
0.251,2395
-0.16,8787
-0.00536,5457
-0.243,9308
-0.447,7700
-0.119,9111
-0.203,7109
0.394,1005
0.17,1132
-0.554,10951
0.244,1636
-0.00961,5731
-0.367,10813
-0.0949,8225
-0.189,8789
0.0401,4164
0.195,1040
0.0118,4953
0.0973,2513
0.0908,4005
-0.272,10388
-0.148,7981
-0.287,9008
0.0795,3138
0.0337,4504
0.0857,3173
0.109,3156
-0.0332,6109
-0.18,9170
-0.114,9811
-0.313,10763
0.0963,2950
-0.0199,6401
-0.198,8392
-0.416,10740
0.418,48
-0.072,7632
0.271,622
0.297,451
0.0175,4539
0.0154,4952
0.0314,4122
0.063,3011
-0.0746,7346
0.107,3494
0.199,1725
-0.0854,6633
-0.0992,8200
0.000845,5127
-0.105,7673
0.183,2335
-0.186,9578
-0.257,9317
-0.108,8209
0.141,875
-0.343,10477
0.408,508
0.121,3716
-0.0643,6368
-0.186,10627
0.221,1219
-0.197,8072
-0.029,6367
-0.0914,7283
-0.0405,6526
-0.282,10810
0.257,207
0.00714,5234
0.147,2445
-0.196,8024
0.0907,3584
-0.156,8893
0.0403,3803
-0.0105,5583
0.223,690
0.0705,4109
0.0563,3414
-0.105,6788
-0.124,8951
0.0432,3694
-0.261,10086
-0.0552,7662
-0.0617,6779
0.324,248
-0.151,9302
-0.309,9808
0.0196,4702
-0.113,6543
-0.331,10328
-0.0574,7902
0.281,100
-0.0657,7448
0.0943,2943
0.0388,3800
-0.275,9298
-0.124,8951
-0.122,9223
-0.238,9605
-0.0767,6701
0.211,970
-0.265,10279
0.316,513
-0.033,6647
0.0334,4250
0.00241,5299
0.471,970
-0.0895,8140
0.123,1179
0.0297,4703
0.208,1709
-0.138,9082
-0.269,9671
0.113,2794
-0.132,9143
-0.0357,7368
-0.0119,5789
0.168,890
0.0395,4335
-0.182,8936
0.00583,5188
0.0246,4018
-0.448,10801
-0.258,10048
-0.00275,5186
0.27,2972
0.0431,4181
-0.242,10670
-0.244,9144
0.111,1327
-0.0986,8328
-0.21,9545
0.0594,3885
-0.187,10365
-0.0565,6423
-0.217,10303
-0.164,8538
-0.642,8551
-0.445,10368
-0.279,10767
0.0122,4899
0.0602,3821
-0.0994,6353
-0.069,6638
0.185,1278
0.0422,3606
-0.164,8262
-0.142,6884
-0.103,7655
-0.144,8158
-0.214,10740
-0.0843,7997
0.197,1207
0.276,1498
0.189,1824
-0.437,9313
0.276,124
-0.195,10446
0.997,88
0.443,268
-0.249,8527
0.353,1280
0.147,1918
0.157,1027
0.0925,2600
-0.000279,5190
-0.136,8337
-0.414,10386
-0.048,6545
-0.435,10608
-0.0482,6025
-0.193,9066
0.376,652
-0.0916,7825
-0.194,9475
0.0272,4163
-0.175,9498
0.104,2772
-0.275,10491
0.115,3309
0.297,134
-0.0849,9455
0.153,1597
-0.139,6961
-0.316,10279
0.0188,4578
-0.0634,9061
0.0425,4040
0.167,2104
-0.0106,5867
-0.0967,7358
-0.175,8389
0.128,1771
-0.175,9608
-0.124,8287
-0.0705,8239
0.087,3360
-0.0863,7776
0.354,68
0.0248,4652
0.234,1172
-0.125,6682
-0.0188,5595
-0.0494,7519
-0.13,9573
-0.0722,6573
-0.353,9132
0.439,399
-0.11,6746
0.331,1609
0.0196,5061
-0.137,9345
-0.0271,5976
-0.00932,5745
-0.281,7376
0.0212,4834
0.145,2773
0.112,2279
0.00275,5184
0.0648,3552
-0.453,10404
0.0156,4614
-0.0403,7256
0.0463,3744
-0.0925,8500
-0.197,8704
-0.364,9945
-0.301,9336
0.216,256
-0.0678,7207
-0.0498,5967
0.114,2962
0.324,1048
-0.121,8434
0.0896,3370
0.0632,2776
-0.168,9566
-0.103,8026
-0.215,9129
0.164,2191
0.135,727
0.0674,2939
-0.333,10368
0.0908,3468
-0.0524,8037
-0.267,9339
-0.154,9667
-0.0742,8228
-0.258,10488
-0.278,9084
0.0448,4453
0.0915,2260
0.145,1397
-0.071,8134
-0.094,9245
-0.0351,6642
0.163,1492
-0.00297,4942
-0.104,7614
0.147,1555
0.0456,4396
0.153,945
0.26,575
-0.119,9850
0.0852,771
-0.0886,8364
0.0856,3415
0.119,2605
0.326,1567
-0.185,8287
-0.0495,6309
-0.0485,6909
0.26,1431
-0.156,7716
0.0416,3782
0.363,2091
-0.0036,5092
0.018,4671
0.234,463
-0.126,8302
0.427,240
-0.102,6480
0.0207,4330
0.0595,3762
-0.101,8507
-0.374,10369
0.0705,3599
-0.216,8147
-0.317,10311
-0.114,9121
-1.94e-16,9669
