coef,rank
-0.483,10693
0.274,865
0.126,1717
0.00552,4990
0.0492,3914
0.348,2663
-0.37,8992
-0.239,10387
-0.104,8631
-0.114,7716
-0.0425,6131
0.0794,3737
-0.108,8246
0.103,1829
-0.049,6985
-0.00423,5513
0.151,3479
-0.826,10979
-0.0031,5652
0.108,974
0.0478,3927
0.117,1983
-0.0962,6398
-0.186,7892
-0.128,8761
-0.207,9394
-0.145,7580
-0.0952,7031
-0.241,10906
-0.269,7013
0.0986,3215
0.0692,3232
-0.16,8684
-0.481,10344
0.187,1757
-0.188,8513
0.0684,3576
0.114,1395
-0.0745,7302
-0.346,10078
0.252,1161
-0.025,5734
-0.154,9850
0.0715,1894
-0.0621,6692
0.211,936
-0.043,6265
-0.261,9036
0.122,846
0.0198,4314
-0.276,9911
0.219,1010
0.527,169
0.465,268
0.0917,3150
-0.111,9392
0.178,1241
-0.288,9415
0.163,3227
0.0963,3464
-0.0186,6198
0.21,616
0.0259,4788
-0.142,8075
-0.0862,8611
0.0596,2655
0.232,934
0.0329,4187
0.108,2632
-0.0266,6246
-0.123,8276
-0.739,10785
0.0726,3047
0.0643,3417
-0.17,9361
0.287,1221
0.262,2299
0.0712,3197
0.0488,3904
0.0669,3295
0.0167,5168
2.85e-06,5298
0.159,3442
-0.371,10064
-0.0364,6959
0.0631,3322
0.0222,4912
-0.2,8667
0.174,1766
-0.365,10161
-0.113,9492
-0.138,10443
0.196,1765
-0.0254,5771
-0.0799,6429
-0.337,10310
-0.265,9813
-0.00257,5394
-0.322,9620
0.0138,5041
0.376,252
-0.134,8274
0.00375,5324
-0.168,9987
-0.00518,5354
0.311,730
0.0932,3763
-0.0799,6732
0.212,1731
-0.319,10730
0.0303,4509
-0.227,10143
-0.319,7882
0.0744,3963
0.15,1208
0.0547,3158
0.0236,4926
-0.0427,6751
0.0714,2763
-0.125,7971
-0.102,7876
0.0899,2099
0.304,71
0.171,764
-0.0132,5459
0.324,2048
0.037,3959
0.336,520
0.235,1718
0.189,1459
0.103,3388
-0.263,9993
0.0665,3173
0.251,568
-0.153,7795
0.115,1905
-0.955,9981
-0.303,8814
0.0956,2101
-0.101,8452
-0.534,10902
0.06,3267
-0.112,7269
0.0189,5016
-0.11,8104
-0.116,8786
0.0336,4462
-0.223,9854
0.123,1946
-0.0445,5971
-0.0583,7203
0.31,60
0.206,3549
-0.179,8996
0.387,1600
-0.0299,5917
0.00649,5212
0.116,2695
-0.211,8645
-0.0909,7646
0.122,2548
-0.0985,8301
0.0757,3733
-0.0509,7994
-0.334,10851
-0.258,10431
-0.132,9508
-0.168,10385
0.0679,4007
0.142,1412
0.101,3187
0.31,1648
0.171,864
-0.0733,7914
-0.036,7501
-0.0187,5715
0.0867,2539
0.214,1768
-0.662,10770
-0.0575,7958
-0.0846,8111
0.169,2119
0.0695,3540
-0.0432,6603
-0.0258,6138
-0.077,9457
-0.0564,7302
-0.0862,7933
0.0141,4832
0.0637,3433
-0.347,8562
-0.127,9190
-0.0504,7157
-0.00389,5824
0.114,2060
-0.0215,5676
-0.408,10287
-0.0886,8096
-0.199,9110
0.0208,4808
-0.00628,5613
0.251,1393
-0.0768,7211
0.00402,5246
-0.2,10775
0.051,4011
-0.0968,7571
-0.429,9956
-0.128,8505
-0.216,9621
0.116,2067
0.11,1553
0.195,1183
-0.0175,5655
0.314,1019
-0.147,8135
0.0927,1320
-0.0979,8647
0.0213,4755
0.0678,3930
-0.266,9331
0.45,637
-0.16,8888
0.00624,5072
0.0164,4518
-0.0897,6992
-0.346,10086
0.0302,4791
-0.052,7271
0.0822,2428
-0.15,10330
-0.227,9890
0.213,1505
-0.118,7988
-0.244,9231
0.0127,4726
0.199,1461
-0.377,10817
0.478,788
-0.156,8448
0.15,2578
-0.47,7672
0.0746,4278
-0.178,9905
0.155,1877
0.133,2793
-0.0519,7229
0.222,1241
0.0856,3605
0.0388,4281
0.532,2697
-0.0144,5485
-0.0227,6245
-0.00686,5714
-0.648,10984
-0.163,7380
-0.0953,6388
0.33,2088
-0.109,8399
-0.194,10091
0.15,1701
-0.229,10412
5.36e-05,5540
-0.263,10291
0.0904,2930
-0.127,8262
0.489,512
0.0166,5049
0.255,797
-0.325,10137
0.0113,5296
-0.0734,8897
-0.000786,5131
0.123,2564
0.0233,4945
0.217,971
0.368,221
0.198,1956
-0.261,10297
0.0714,3657
-0.364,10661
-0.153,9378
-0.00661,5449
0.496,224
0.213,1488
-0.155,8187
-0.0538,6133
-0.0842,7557
-0.00998,5973
-0.0989,7979
-0.0994,7164
-0.169,8210
-0.0442,6165
-0.337,10532
0.0959,2082
-0.0582,7459
-0.546,10825
-0.13,8525
0.00976,5020
0.144,2900
-0.0872,7653
-0.065,7317
0.0462,4003
-0.212,9376
0.0163,4969
-0.224,8165
-0.095,9119
-0.418,10857
0.164,1474
0.347,1352
0.00933,4789
0.118,1783
-0.111,9302
0.0521,3835
0.232,939
1.09,59
-0.032,5942
0.0385,4649
0.156,2728
-0.403,10546
0.0372,4658
0.0962,3217
-0.522,10971
-0.612,10706
0.167,735
-0.0953,7994
-0.216,10504
-0.221,10054
0.0436,3367
0.185,2876
0.019,4416
0.162,1267
-0.00769,5353
0.101,3402
-0.108,8483
0.0223,4703
-0.0408,6634
-0.121,9497
0.0518,3677
0.263,288
-0.117,8568
0.164,2508
0.0337,4096
0.733,193
-0.299,9338
-0.00994,5812
-0.233,10970
0.041,4206
-0.02,5874
0.376,194
-0.48,7859
-0.539,9995
-0.597,7726
-0.0125,4425
-0.374,9649
-0.0669,5264
-0.1,7221
-0.264,10071
-0.0956,7848
-0.198,9621
0.27,28
-0.124,10225
0.169,3428
0.163,2460
-0.153,8264
-0.0607,6579
-0.0185,5995
-0.0587,7958
-0.147,6464
-0.124,8011
-0.0984,8247
-0.0152,5595
-0.0137,5449
-0.0683,7657
0.183,1787
0.0399,4378
0.173,2517
-0.0252,5388
0.109,3094
0.0518,3602
0.058,4233
-0.0262,6742
0.18,2106
-0.072,5930
-0.202,10245
-0.112,8542
0.0548,3747
-0.0125,5497
-0.644,10636
-0.211,9213
0.0126,4731
-0.0227,5894
-0.284,10630
0.199,2660
-0.132,8386
0.376,1308
-0.0814,7251
0.145,1322
-0.286,8774
0.148,1818
0.122,2934
-0.0317,6139
-0.125,8599
-0.0733,7511
-0.0331,6207
-0.104,7225
-0.0865,7070
-0.0862,5887
0.0364,2207
-0.293,10896
0.2,1704
-0.426,10714
-0.0039,5369
-0.165,8455
0.0358,4133
0.0697,1541
-0.0261,8663
-0.119,8104
0.152,3418
0.242,838
-0.273,8630
0.0695,2514
-0.232,9379
-0.216,9316
0.138,2654
0.706,543
-0.0982,7403
-0.0936,8711
-0.00533,5152
-0.159,8092
0.18,2145
0.0807,3640
-0.0412,6690
-0.0367,6750
0.0352,4639
0.0512,4033
-0.0233,5778
0.0963,2685
0.473,438
0.00585,5360
0.03,4142
-0.443,7618
0.0648,4441
0.00811,5064
0.46,1024
0.105,2108
-0.371,10829
-0.0762,6801
-0.201,7363
0.104,3262
0.229,2369
0.267,444
-0.101,6483
0.0188,5048
0.455,42
0.0865,3993
-0.153,8875
0.0459,3393
0.261,42
-0.344,10728
-0.136,8190
-0.128,8704
0.198,907
-0.00656,5616
0.603,227
-0.389,10753
0.00628,5128
0.0248,5128
-0.221,9115
-0.259,10501
0.0968,2659
-0.0143,5485
-0.0787,6836
-0.00264,5422
-0.0455,6508
0.201,1114
0.228,1167
-0.131,8742
0.156,3429
0.266,357
-0.0164,5943
-0.176,10315
-0.0209,5215
0.0915,2559
0.0371,4469
0.206,2364
-0.00729,5533
0.0134,4970
0.0435,3906
0.0398,4005
-0.0124,5781
0.188,1467
-0.0569,6961
-0.0103,6649
0.0187,5015
0.0214,4631
0.549,645
0.244,2388
-0.0817,8171
0.0938,2574
-0.0353,6720
0.0269,4558
0.0331,4356
-0.172,6761
0.107,2656
0.0391,3354
0.258,145
-0.595,10830
0.162,2189
0.242,2560
-0.168,8487
-0.104,6752
-0.0498,7528
0.145,3566
-0.385,9406
0.0995,4062
0.139,3506
-0.0286,6357
-0.134,9585
-0.0893,8496
-0.106,8655
-0.372,10244
0.142,2266
-0.12,9277
-0.0493,6616
-0.302,7991
0.0504,4344
0.748,125
0.273,3088
0.0832,2591
0.00279,5416
0.0613,3700
0.0659,4026
0.0449,4041
-0.0462,6111
0.315,79
-0.0983,9636
-0.464,8710
-0.3,7386
1.2,353
0.476,2289
0.203,808
0.113,3418
0.119,2110
0.149,2293
-0.0164,5551
0.157,1960
-0.12,8626
0.163,2138
-0.153,9217
-0.17,9355
0.266,2585
0.523,1779
0.0795,3033
-0.0646,6585
0.203,1504
0.0271,4327
-0.229,9894
0.0321,4431
-0.129,8559
0.0142,4795
0.132,2273
0.136,1688
0.218,1595
-0.0611,6859
-0.117,9052
-0.0562,7229
-0.0839,7727
-0.229,10430
0.0834,3845
-0.0216,6147
-0.0434,6918
-0.316,10139
0.00632,5181
-0.142,8704
0.271,870
-0.224,9810
0.35,159
-0.145,10216
0.285,2141
0.0219,4583
0.584,94
1.61,70
0.0616,3595
0.37,145
0.184,2621
-0.0331,6604
-0.115,9130
-0.0104,5474
-0.0201,6066
0.0111,4925
-0.198,10074
0.018,4616
-0.284,9132
0.225,2579
-0.0262,6828
-0.188,9214
0.396,637
-0.046,6548
0.283,922
0.0498,4067
0.0991,2929
0.146,1733
-0.0768,6864
-0.084,6492
0.109,2901
0.561,294
0.0437,3894
-0.169,10332
-0.0785,6126
-0.114,9721
-0.159,7205
-0.263,7231
0.164,1468
0.141,1796
0.367,409
-0.062,6846
0.131,2910
-0.178,8921
-0.144,9083
0.0423,3953
0.0512,3059
-0.0823,7916
-0.0108,5750
-0.288,10622
-0.0265,6049
-0.101,7007
0.0406,3671
0.385,1033
0.185,3496
-0.102,8660
-0.0854,8708
-0.0721,8693
0.071,3338
0.0619,4237
-0.258,9917
0.0818,2450
0.00272,5258
-0.0154,5687
0.0595,3967
-0.0267,5848
0.176,2377
-0.102,7633
0.0147,4840
-0.548,10967
-0.0501,6529
0.0263,4758
0.123,2216
-0.0511,7382
0.105,2221
2.37,443
-0.119,9378
0.0263,4684
-0.186,8425
0.148,864
-0.391,9838
-0.252,6965
-0.493,6802
0.248,2483
-0.577,10095
0.301,1488
0.137,2955
-0.362,11020
0.169,1737
-0.13,9379
0.0546,2412
0.062,4342
-0.0391,5591
-0.429,9891
0.0612,3477
0.162,1591
-0.1,8715
-0.179,8664
0.0893,2967
0.434,646
-0.139,9489
0.0374,4478
0.0273,4645
0.444,657
-0.329,10398
0.0321,4753
-0.32,10180
0.000939,5420
0.088,2815
0.0966,3657
0.0672,3276
0.22,1893
-0.106,7325
-0.046,6965
-0.00435,5233
-0.21,9593
0.848,443
-0.221,9882
-0.222,9126
0.513,16
0.28,378
-0.145,7872
-0.0187,5506
0.0276,4698
0.328,1214
-0.388,10707
-0.191,9870
0.379,360
-0.17,6299
0.102,3438
0.072,3943
0.219,969
-0.0273,6127
-0.132,9561
-0.0505,6497
-0.631,10526
-0.044,4016
-0.0558,7241
-0.107,9469
-0.134,9697
-0.0613,6661
0.0337,3607
0.487,738
0.0523,3871
0.256,246
-0.102,6437
0.32,986
-0.24,9657
0.274,1084
-0.255,10091
0.0351,4319
-0.25,9270
-0.108,6955
-0.54,9669
0.465,665
0.0361,3809
0.0433,4694
-0.162,8601
0.129,2134
-0.169,9608
0.315,2004
-0.153,8635
-0.0334,6273
0.154,2030
-0.0372,6503
-0.00367,4881
-0.125,5531
0.0864,2924
0.214,360
-0.00362,5378
0.0346,4382
-0.19,9325
-0.139,7374
0.126,1715
0.0746,3264
-0.0919,7439
-0.117,6920
0.34,389
0.19,837
0.0409,4252
0.106,1459
0.158,1592
-0.152,7796
0.0824,2167
0.114,2866
-0.377,10444
0.0985,1992
0.108,2947
0.0433,4242
0.169,2288
0.787,242
-0.152,8862
0.162,2386
-0.0312,5938
0.133,3567
-0.383,10392
0.24,991
-0.254,10936
-0.206,8403
-0.175,7194
0.601,94
-0.0851,6785
0.378,581
0.26,371
0.34,494
0.00312,5222
-0.0708,8298
0.374,2119
0.181,3232
-0.303,10596
0.169,648
0.31,588
0.332,1052
-0.0179,5885
-0.0671,6044
0.182,968
-0.128,9049
0.0211,3582
0.00201,4834
-0.0888,10985
-0.0503,10869
0.0308,990
-0.0306,4607
-0.144,8561
1.19,300
0.102,3704
0.453,2476
-0.0417,6249
-0.1,7468
-0.285,7675
-0.108,7434
0.504,1099
-0.109,8733
0.0429,4391
-0.504,7104
0.107,2889
0.0302,4575
-0.0752,9094
0.272,496
0.0967,3047
0.566,416
-0.56,10973
-0.154,6896
-0.0439,5847
0.259,673
0.0529,4214
-0.113,5087
0.566,363
0.0936,3519
-0.682,7947
0.126,2695
0.00586,5405
-0.192,8676
0.307,527
0.152,1081
0.114,1622
0.18,2383
-0.183,8176
-0.171,9619
-0.111,6331
0.0932,3361
-0.0213,6262
0.0147,4611
-0.211,9837
-0.0186,5822
0.324,796
-0.479,10769
-0.000371,5074
0.121,2272
-0.0517,6263
-0.282,10512
0.0109,5178
-0.0329,6744
0.0804,2798
0.419,97
-0.0351,6265
-0.144,9820
-0.0971,6741
0.062,4375
0.163,1907
-0.0382,6213
-0.227,5605
0.134,1823
-0.333,10229
-0.208,9217
-0.076,7703
0.474,133
-0.445,10604
-0.187,10605
0.205,2371
-0.21,10128
-0.00701,5402
0.0616,3410
0.0398,4265
0.161,1891
-0.242,9872
0.429,1014
0.0824,2598
-0.11,9249
0.0139,5128
0.0111,4945
0.226,773
0.0597,4054
-0.0605,7066
-0.0379,7087
-0.0615,4443
0.114,4009
-0.118,8924
0.469,2081
-0.171,9209
-0.0741,8560
-0.273,9249
-0.0878,7881
-0.0736,6601
-0.0224,6761
0.179,1131
0.0209,4645
-0.638,10127
-0.755,9521
-0.249,5973
0.0272,4623
-0.289,10230
-0.0906,7405
-0.26,7816
0.118,2628
0.175,870
0.104,2826
-0.0792,7487
0.0191,4924
0.013,4966
-0.0678,7176
-0.0124,5817
0.0926,2957
-0.00701,5446
0.21,2097
-0.0539,6871
-0.181,8357
-0.0218,5624
-0.056,6443
-0.162,9352
-0.358,9281
0.473,604
-0.0114,5709
-0.17,8180
-0.0471,6573
0.139,2070
0.1,3423
-0.0028,5336
-0.186,9031
-0.213,10796
0.322,103
0.0498,2434
-0.252,10150
-0.153,9132
0.11,2911
0.0686,2288
-0.424,10920
0.0451,3744
0.515,1357
0.1,3367
-0.0811,6575
-0.125,7349
-0.0319,6722
-0.164,8841
-0.733,10820
0.127,2399
0.00917,5009
0.0841,4091
0.00162,5256
0.137,2558
0.737,179
0.218,1474
-0.00887,5358
-0.0965,6845
0.0851,1895
0.0922,2645
-0.2,8238
-0.151,9590
1.02,10
-0.0547,5647
0.856,12
0.291,1646
-0.157,8751
0.214,1559
0.0394,4012
-0.323,10382
0.162,3209
-0.037,5663
0.448,1049
-0.00642,5622
-0.205,9668
-0.0737,7858
-0.18,7559
0.0256,4526
-0.337,6809
-0.19,10665
-0.15,9248
0.0923,4034
-0.154,8981
0.089,3997
0.295,476
0.0333,4398
0.0804,2203
0.106,1216
-0.16,8324
-0.0605,7710
-0.0951,8459
0.0752,2813
0.0989,2449
0.0744,3932
0.061,3418
0.124,3317
-0.204,7875
0.0901,3342
0.0495,4351
-0.127,8498
0.226,1523
0.219,1600
0.77,19
-0.0102,5583
0.0544,3671
-0.282,10177
-0.129,7374
0.113,3628
-0.083,7510
0.414,69
-0.259,9163
0.505,232
0.255,396
-0.0434,6234
0.0307,4417
-0.13,10998
-0.183,8367
-0.284,6778
-0.301,8263
-0.234,10341
-0.0431,6978
0.0698,3470
-0.0632,6297
-0.138,9101
0.283,2663
-0.174,10266
-0.227,9697
0.0233,4123
-0.0472,6260
0.241,1974
-0.193,6358
-0.0973,6832
-0.272,9037
0.237,738
0.271,1466
-0.0504,6532
0.116,3262
-0.485,10771
-0.0169,5841
-0.151,9310
-0.269,8090
0.0864,3505
-0.00573,5348
-0.314,9054
0.0571,3368
0.0623,3694
-0.17,8315
0.158,2046
-0.133,7585
0.777,130
-0.18,9291
0.185,1251
-0.136,8641
0.526,183
-0.11,9043
-0.114,5599
0.103,1301
0.0703,3542
0.202,2125
0.159,2817
-0.339,9277
0.0519,4123
-0.0659,6845
0.155,3004
0.349,926
0.0835,3216
0.0523,3282
-0.144,8668
0.244,319
0.0854,2813
-0.182,10240
0.319,163
0.0134,4885
0.112,3178
0.0703,2612
0.23,655
-0.102,8083
-0.0994,7708
0.0656,3516
0.322,1037
-0.208,10281
0.0858,2489
0.26,2806
-0.0462,6140
0.206,1252
-0.237,8975
-0.0441,6596
0.107,2499
-0.257,9782
0.132,2138
-0.169,5334
0.121,2433
-0.0794,7560
-0.125,8442
0.103,1809
-0.0175,5737
-0.194,10112
0.0225,4557
0.0705,3214
0.795,116
0.0269,4517
-0.0341,6291
-0.0776,7817
-0.102,9277
0.291,312
-0.0333,6292
0.433,578
0.185,1637
-0.122,9169
0.114,1993
0.102,2203
0.0415,4242
0.104,3348
-0.391,9237
-0.0267,6588
-0.0797,8197
-0.038,6131
-0.312,10928
0.893,86
0.46,303
0.15,2590
0.123,2386
0.115,3133
0.174,2240
0.0312,4624
-0.0156,5410
-0.0325,6678
-0.0553,7496
-0.162,8196
0.406,193
0.127,2642
-0.291,9210
0.0865,2467
-0.0903,8735
0.0992,3228
-0.0915,7357
-0.133,7450
0.226,2704
-0.416,10944
0.435,57
-0.0709,7847
-0.149,8196
-0.132,9564
-0.52,10745
-0.0416,7611
0.00899,4972
-0.0949,7197
0.196,2981
-0.884,10759
-0.129,8305
0.0413,4347
-0.0185,5751
0.201,1115
0.283,238
0.214,2993
0.066,3900
0.0256,4328
-0.0399,6988
-0.0611,6328
0.028,4585
-0.192,8909
-0.167,9675
-0.159,10010
-0.0609,7002
-0.136,7627
-0.157,8953
-0.11,8198
-0.395,7920
0.282,1152
0.503,276
-0.125,8687
-0.082,7310
0.0164,4507
-0.246,9605
-0.0852,9187
-0.147,7975
0.547,64
0.265,692
0.251,3119
-0.126,7269
-0.189,10742
-0.0392,6754
-0.0427,6682
-0.359,10626
0.105,3407
0.145,3333
-0.0327,6534
-0.00698,5678
-0.166,7947
0.0722,3828
-0.305,10398
0.226,1650
0.522,31
0.434,37
0.38,570
0.344,1264
-0.207,9877
-0.0546,7409
-0.263,9861
-0.125,7923
-0.0766,6696
-0.217,9776
0.104,2823
0.0541,2986
0.0558,3934
-0.274,10344
0.0597,3540
0.329,1397
0.123,1948
0.000122,5184
-0.0241,6410
0.049,3677
-0.18,7248
0.0672,3869
0.216,729
-0.118,8930
-0.327,10546
-0.0113,5201
0.00204,5400
0.123,2468
-0.344,8914
-0.0185,6132
-0.156,8938
0.108,2488
-0.223,9916
0.0745,3625
-0.0344,5803
-0.188,8429
-0.117,9468
-0.194,10299
-0.0818,7294
-0.239,8522
-0.108,6339
0.121,2423
0.0309,3905
-0.068,7346
-0.12,8489
0.121,2325
0.148,1907
0.0399,3627
-0.142,9887
0.0324,4349
-0.378,10161
0.922,835
-0.6,10527
-0.188,9071
0.152,1896
0.0322,4564
-0.0717,8326
0.604,170
-0.267,9924
-0.328,10356
-0.257,10414
-0.0409,6492
0.109,3746
-0.0539,7240
-0.0875,6670
-0.111,8958
-0.0384,7122
0.109,2308
0.0591,4152
-0.229,10199
-0.501,10759
-0.0352,7153
0.0507,4011
-0.0163,5539
-0.228,10215
-0.146,9296
0.193,2449
0.329,497
0.0955,3794
0.171,2366
-0.331,10194
-0.0282,5702
-0.489,8388
0.457,125
0.183,2818
-0.217,10114
0.185,1294
-0.0806,6748
-0.0709,5740
-0.0396,6642
-0.258,10187
0.136,2357
0.327,2230
0.311,120
-0.347,10729
0.0549,2752
0.468,23
-0.194,8742
0.0855,2985
-0.0484,5776
0.0345,4674
-0.0475,8083
-0.227,9402
-0.0963,7697
-0.154,7608
-0.212,10277
-0.0352,6827
0.0835,3197
0.499,151
0.102,2259
-0.189,10195
-0.123,9319
-0.00239,5339
0.114,1559
-0.16,9489
-0.0599,5775
-0.158,7918
-0.0169,5888
0.0687,3546
0.178,1922
0.41,199
0.0591,4259
-0.0696,6255
-0.0372,6085
-0.0121,5629
0.208,851
0.259,549
0.0418,4021
-0.332,8689
-0.0778,8345
-0.0278,6236
-0.0745,7943
-0.238,9242
0.00559,4831
0.0748,3853
-0.0535,6538
0.098,1405
0.0185,4748
0.0842,3562
-0.0523,7144
-0.168,8846
0.397,756
0.0254,4698
-0.0365,6992
0.051,4232
0.0589,3498
0.21,2080
0.243,1603
0.154,1888
0.0548,3072
0.111,2218
-0.122,8638
0.323,796
0.171,1838
0.0552,3235
-0.00334,5550
-0.0698,7050
-0.253,10436
0.501,106
0.294,903
-0.0567,7426
-0.216,10235
-0.176,8948
0.0153,4900
0.0142,4859
-0.21,8826
-0.0373,6596
0.121,2193
-0.126,8706
-0.16,6839
0.161,1399
0.314,533
0.0588,3257
-2.05,11000
0.917,152
-0.433,8877
-0.206,5956
-0.203,10192
-0.229,9600
0.00756,4702
0.159,1988
-0.131,8402
-0.315,10242
0.142,1914
0.00571,5279
-0.117,7420
0.0719,3928
-0.036,6044
-0.207,8279
-0.0327,6353
-0.0885,8557
0.137,2637
-0.0485,6622
0.111,3531
0.145,939
-0.037,5739
0.0883,2596
0.0791,4272
-0.192,10532
0.0792,3524
0.114,2340
0.0119,4836
-0.108,8295
-0.0283,5972
0.222,757
-0.388,9779
-0.384,9153
0.0751,2524
0.0764,2301
-0.0611,6280
0.117,2464
0.418,1362
-0.438,8280
-0.138,9821
-0.0606,7042
0.34,693
-0.174,10409
-0.119,8065
0.127,2419
0.099,2514
0.0401,3787
0.0748,2385
0.147,1817
-0.0131,5884
0.229,660
-0.129,10882
-0.00535,5694
-0.225,8787
-0.101,9248
0.245,1947
-0.0118,5666
0.0212,4497
-0.158,10089
0.0872,3240
0.231,2383
-0.0509,7009
0.09,4136
0.149,959
0.00894,4924
-0.0283,8764
-0.072,6228
0.00393,4665
-0.183,8179
-0.128,8962
-0.137,6675
0.412,506
-0.175,9938
-0.231,9594
0.537,1628
-0.182,9262
0.199,2678
0.178,2872
0.00503,5037
0.316,1388
-0.147,7776
0.205,1970
-0.135,8770
-0.393,10816
0.0268,4054
0.0248,4409
-0.564,10766
-0.249,7898
-0.156,8271
0.0147,4946
-0.0289,6086
-0.167,9896
0.0845,3098
0.303,1230
0.41,1094
-0.11,7441
0.0329,3486
0.032,4380
-0.225,10369
-0.0657,7177
-0.0281,6115
-0.302,9372
-0.0787,8554
-0.162,10695
0.371,161
-0.111,7866
-0.0903,8267
-0.0949,6696
-0.0467,5944
0.122,2026
0.11,2912
-0.219,9809
-0.13,8410
0.0293,4848
0.0583,3538
0.0963,2285
0.0142,4688
0.0464,4308
-0.29,9552
-0.472,9503
0.167,1516
-0.0979,6974
0.1,2810
-0.0293,6220
-0.397,9578
0.206,1337
0.194,676
-0.0938,8020
-0.0236,5691
-0.0377,6456
0.103,3413
1.08,85
-0.146,9033
0.111,768
-0.322,9704
-0.277,10108
0.0343,4689
0.123,3889
0.107,2096
0.174,1315
-0.251,10461
0.233,996
-0.428,10864
0.118,2684
0.0982,1006
0.0332,3338
0.267,327
-0.0466,6751
0.253,2909
-0.0972,8314
-0.0923,8860
0.171,2211
0.0929,3400
-0.24,8518
-0.488,10466
0.011,4915
-0.147,8278
0.0488,3841
0.361,367
0.0345,4262
-0.196,8583
0.13,2333
0.249,704
-0.284,10977
-0.206,8912
0.107,2930
-0.0934,7546
0.179,1453
0.0267,3906
0.0167,4470
0.65,343
-0.461,10053
-0.463,10355
-0.41,10687
0.0316,4763
-0.0613,7455
0.0782,3075
0.0941,2796
-0.0198,5615
0.321,616
0.132,2042
0.272,1214
-0.0726,6040
0.0205,4531
-0.412,9016
0.124,2845
0.0727,2972
0.0343,4611
0.0945,3327
0.065,2173
-0.215,7705
1.16,180
-0.0605,7911
-0.0794,7344
-0.135,9429
0.541,1201
0.106,3831
0.116,3091
0.505,14
-0.114,8920
-0.152,7490
-0.327,8747
0.0618,2946
-0.126,9486
0.149,1948
-0.0922,7990
-0.0138,6046
0.0295,4406
-0.0655,6831
-0.194,9398
-0.0455,6478
0.0387,4005
0.201,1792
-0.251,10672
0.272,1855
-0.292,7756
0.195,1644
-0.228,9548
0.263,1071
0.218,955
-0.0843,6440
0.0528,4250
-0.0661,8643
0.194,168
-0.536,10694
0.126,3978
0.161,3262
-0.0492,5944
0.0926,2230
0.0165,4675
0.0397,4246
-0.0497,6074
0.334,389
0.156,2457
-0.0988,8771
-0.291,10641
0.0509,4163
-0.147,8706
0.169,1373
-0.065,6096
0.0193,4836
0.0984,2696
-0.0317,6242
0.133,3192
-0.275,10722
0.292,1111
0.0131,4836
0.17,544
-0.111,8369
-0.462,10790
-0.199,7349
-0.326,8169
-0.099,7704
-0.0242,6160
0.473,680
0.134,3391
-0.00843,5841
0.146,1394
0.0134,5034
-0.101,8948
-0.0861,8961
0.227,1547
0.257,1202
-0.125,7996
0.0329,4197
0.0175,4715
-0.137,8652
0.0625,4089
-0.129,10262
0.379,1406
-0.0338,6716
0.535,11
-0.266,9544
0.0393,4314
0.0741,3426
0.246,1709
-0.0511,7659
-0.0701,6277
0.0914,2906
0.13,2690
-0.0678,6366
-0.043,5952
0.0263,4480
-0.0934,8513
-0.111,9039
-0.168,9344
0.0133,4980
-0.0728,7808
-0.0928,9356
0.33,1069
0.305,2071
0.122,2329
0.169,2221
-0.352,10979
0.214,1684
-0.142,10203
0.0454,4424
0.0603,3992
0.17,1681
0.0356,4286
-0.00639,5383
-0.0632,6898
-0.149,8255
-0.321,9854
-0.293,8959
0.162,1274
0.238,1290
-0.215,9807
-0.13,9036
0.145,2520
0.0156,5141
-0.0607,7750
-0.214,10624
-0.161,7487
-0.103,9105
0.216,2535
-0.433,10125
0.0476,3952
0.0245,4645
0.0695,2467
-0.222,10159
0.056,3417
-0.172,9489
-0.0966,8620
-0.144,10022
-0.128,7798
0.0191,4934
0.0272,4649
-0.329,10033
-0.00572,5607
0.0947,2436
0.0757,3781
0.115,2698
-0.00145,5408
-0.307,10033
-0.0527,6455
0.0963,2357
0.128,3830
0.0055,5212
-0.168,9367
0.132,2988
0.232,421
0.13,1529
-0.0264,6427
0.0358,4700
-0.166,8193
-0.213,9522
0.166,1080
0.0608,3852
0.123,1307
-0.118,6648
0.0657,4250
0.288,965
0.0207,4824
0.0151,4822
0.824,910
0.00739,4893
-0.117,7356
-0.795,8668
0.0449,4166
-0.469,9787
0.188,1649
-0.464,10670
0.197,1115
-0.247,10458
0.187,779
-0.0353,6461
-0.274,8511
0.26,943
0.0791,3532
0.0623,2881
0.0976,1228
0.00447,5453
-0.159,7803
-0.264,9431
-0.12,6666
-0.125,8310
-0.12,10514
-0.0607,7270
0.00948,5002
-0.193,7108
-0.055,6502
-0.4,10417
0.306,344
-0.0863,8292
0.0784,4038
0.171,1963
-0.00466,5511
0.53,6
0.176,811
0.202,2315
-0.522,7575
-0.0178,5446
0.226,617
0.0887,2897
0.0421,4128
-0.0651,6795
0.0195,4662
-0.0244,6049
0.369,1360
0.0558,3371
0.0238,4310
0.168,2253
0.238,1267
0.00456,5225
0.171,2335
0.0254,4804
-0.0936,8239
0.167,3490
-0.029,5888
0.158,2760
0.632,1170
-0.022,6227
0.343,789
-0.0506,6565
0.195,2095
0.0853,3536
0.441,1970
-0.0257,6228
-0.118,8289
0.609,2102
1.36,655
0.124,2227
0.398,2345
-0.15,10454
-0.0224,6266
1.13,533
0.456,1104
0.0862,4004
0.222,2070
0.233,1501
-0.219,10721
-0.116,8642
-0.34,10514
-0.559,10661
-0.242,9888
0.277,143
-0.199,9590
0.0165,4823
0.109,2526
0.000788,5134
-0.0778,8342
0.118,2482
0.0482,4206
-0.0775,6475
0.362,188
0.0728,3611
0.0337,4071
-0.157,7944
0.238,1739
0.175,1720
0.437,851
-0.213,8838
-0.174,9583
-0.0664,7461
-0.281,10888
0.137,2997
0.0889,3220
0.124,2387
0.0127,4504
0.0594,2190
0.0839,3811
-0.0448,6319
-0.0169,5998
0.149,2396
0.0244,4417
-0.0305,6396
0.0754,3758
-0.236,8625
-0.0279,4740
0.267,871
-0.202,8900
-0.203,9051
-0.0677,6788
0.0764,4355
-0.00721,5262
-0.0447,6492
-0.125,8988
0.488,119
0.00244,4863
-0.402,9989
-0.126,8011
-0.142,8394
-0.171,10152
-0.00298,5274
-0.0656,8277
0.0103,5242
0.34,786
-0.179,8676
0.376,75
0.123,2020
-0.12,8752
0.0534,3665
-0.523,10264
-0.00491,5695
-0.257,10512
-0.163,9894
-0.188,9032
0.0559,4171
-0.242,10289
-0.0398,5803
-0.0525,6738
-0.282,10364
0.133,2098
0.0202,4818
0.187,481
-0.0965,7544
-0.161,9513
0.216,930
-0.0983,7515
-0.0627,7265
-0.0601,7136
-0.0887,7802
0.0175,4434
0.0898,2284
0.389,450
0.438,389
0.0977,1731
0.0448,3937
0.127,2417
-0.11,8137
-0.356,10873
0.198,1460
0.228,1675
-0.185,7756
-0.0129,5477
-0.158,10205
-0.191,9028
-0.0434,5627
0.0895,3865
0.182,2137
-0.273,10111
0.126,2527
-0.0922,7281
-0.365,8495
0.0146,4674
-0.118,7311
0.157,2357
0.182,811
1.98,4
-0.0168,5869
-0.12,8401
-0.356,9468
-0.059,7576
0.19,2380
0.0315,4470
0.164,2114
0.0645,3295
0.034,4752
0.00423,5390
-0.0698,7622
0.00747,4879
-0.0644,6302
0.107,3220
-0.181,10272
-0.00506,5631
0.0393,3579
-0.202,10483
0.0473,4242
0.0107,5024
-0.0956,7415
-0.141,9599
0.0379,4335
0.19,1173
-0.369,10555
0.164,2828
-0.0317,6498
0.0157,4869
-0.146,8343
-0.137,7017
0.0153,4712
-0.207,8400
-0.0117,5794
0.0882,1707
-0.21,8829
0.000433,5326
0.0991,2491
0.0678,3346
-0.258,9911
-0.0301,6714
0.201,1842
0.0757,3706
0.636,272
0.286,1658
0.104,4042
-0.0692,7415
0.0741,2590
0.0614,2885
0.369,763
0.0845,3415
-0.0886,6838
0.454,79
-0.0649,7196
-0.177,8151
0.0155,4963
-0.059,6355
0.293,1565
0.284,197
0.0977,2458
0.104,3586
0.265,495
-0.209,8467
0.25,2502
-0.0421,7356
-0.475,10921
0.47,246
0.174,995
-0.189,8990
-0.0437,5394
0.174,2295
-0.113,7417
-0.275,10714
0.253,1191
-0.405,10776
-0.312,10962
0.11,2220
0.203,2232
0.292,1102
0.0333,4128
0.117,3597
-0.0402,5964
0.0675,2291
-0.127,9505
-0.208,10514
0.265,245
-0.252,10344
0.11,2411
-0.157,8550
0.0461,3385
-0.198,9883
0.131,2767
-0.115,7468
-0.127,8961
0.279,490
-0.0113,5396
-0.53,10611
0.546,82
-0.147,8969
-0.341,9190
0.054,3599
0.136,1607
0.0454,3387
-0.123,9342
-0.0394,6531
0.251,1141
-0.0726,6422
0.0575,4113
-0.23,10512
0.146,2791
0.286,1686
-0.315,10542
-0.0189,5514
0.0294,3177
0.114,3186
0.218,1724
-0.346,10677
-0.0412,5828
0.0534,3870
0.144,2787
-0.144,8652
0.492,360
-0.00777,5383
-0.0184,5924
-0.166,9758
-0.103,8947
0.268,825
0.021,4765
-0.255,8596
-0.235,9224
-0.0552,7677
-0.0193,6407
-0.0557,6073
0.125,1578
0.32,920
-0.131,10498
-0.293,10206
0.0436,3649
-0.0241,6106
0.172,1596
-0.0405,5769
-0.22,8750
0.431,822
0.194,2109
0.176,1192
-0.35,10576
0.756,1527
-0.136,7756
-0.13,7993
0.146,1924
-0.0996,7307
0.0112,5094
0.069,3215
0.723,236
-0.0834,9333
0.0277,3785
0.482,534
0.0797,3929
-0.0693,8847
-0.0321,4759
0.0638,3007
-0.0554,7540
-0.0631,6557
0.343,372
0.113,3507
-0.209,8428
-0.119,8723
-0.128,8984
0.0449,4046
0.197,1352
-0.66,10901
0.0771,3692
0.131,1910
0.0319,4141
0.188,1454
-0.102,7010
0.0566,4363
-0.211,9424
-0.0164,6074
-0.0305,6496
-0.124,9619
0.351,1147
-0.255,8500
-0.225,10055
-0.062,7908
-0.0453,7831
-0.0419,6384
0.115,3956
0.419,397
0.241,2126
-0.291,9975
-0.0643,6547
-0.0829,7129
0.0367,4422
-0.0385,5891
-0.249,9478
-0.0472,6991
0.0826,3935
0.029,4474
0.0227,4597
-0.324,9178
0.829,112
-0.0565,7780
-0.175,9093
0.249,1285
0.125,3133
0.226,1072
0.227,2228
0.126,2202
-0.265,10367
-0.0256,6140
-0.347,9689
-0.175,5164
-0.203,8445
0.043,4198
-0.348,10507
-0.0352,6150
0.137,2357
0.119,2804
-0.0134,5572
-0.0324,5993
0.147,1685
0.0566,3687
-0.61,10144
-0.0433,5898
0.135,2813
-0.153,8871
0.0168,4531
-0.421,10772
-0.179,8281
0.253,266
0.18,2427
-0.0954,9625
0.0819,2095
0.554,815
0.255,1021
-0.127,8017
0.216,1989
-0.0859,7364
-0.104,7841
0.24,1650
-0.264,9253
-0.36,9921
-0.0358,5576
0.166,1857
-0.0934,8665
-0.286,9271
-0.185,8849
-0.299,9905
0.248,2855
-0.0947,8675
0.0515,3581
0.0322,4456
-0.173,10030
-0.115,7569
0.16,2563
-0.127,8492
-0.0446,6893
0.16,2164
-0.0178,5909
-0.551,10692
-0.336,10922
0.0935,2732
0.00112,5156
0.0233,4776
0.0801,3864
-0.328,9704
-0.124,8637
0.0868,2630
0.0657,2559
-0.358,10593
-0.196,8364
-0.206,6523
0.788,1317
0.00127,4972
0.157,884
0.423,755
-0.118,8487
0.189,1281
0.278,2288
-0.296,10923
-0.0667,7834
-0.0237,5996
-0.151,7779
0.239,1093
-0.106,6646
0.166,525
-0.322,10765
-0.225,7487
0.218,1296
0.00145,5162
-0.267,9444
0.169,1231
-0.14,9284
-0.119,8602
0.072,3728
0.736,258
-0.156,8700
0.0308,4151
-0.991,10970
0.0605,3241
0.147,2777
0.109,3508
-0.092,6302
0.221,734
0.156,990
0.104,3561
-0.228,9933
-0.306,10331
-0.616,9409
-0.115,7290
0.372,582
-0.178,7434
-0.319,10583
0.164,2633
0.27,453
0.0133,5091
-0.441,10902
-0.0553,7173
0.117,2567
-0.00321,5357
0.164,2855
0.159,1666
0.102,3760
-0.243,9916
0.368,554
0.0167,4763
0.362,376
-0.0845,8132
0.239,1748
0.0673,3870
-0.235,8091
-0.0138,6564
-0.25,10236
-0.107,8765
0.288,1063
0.146,2485
-0.0528,6116
-0.104,7995
-0.212,10068
-0.0541,5972
-0.261,9892
0.113,3241
0.287,707
0.0161,5092
0.113,2857
0.178,329
0.0315,4498
-0.125,7927
0.0462,4046
0.0682,3292
0.0512,3530
0.237,257
0.356,741
-0.0732,7198
0.169,3008
-0.132,9008
-0.0505,6677
0.0975,2623
-0.0571,6558
-0.34,10828
-0.17,7777
-0.574,10815
0.21,883
-0.0744,8320
-0.108,8818
-0.0861,7663
0.671,945
1.34,79
0.0845,2093
-0.0452,7631
0.339,889
-0.129,7873
-0.544,10077
-0.0245,5964
-0.301,10855
0.00236,5134
-0.119,7717
0.43,546
0.0474,3737
-0.203,10903
0.024,4356
0.108,2908
-0.0729,7569
0.182,1031
-0.064,6976
-0.191,10071
-0.156,8827
0.201,955
0.0315,4588
-0.213,9858
0.116,3422
-0.14,7479
-0.0986,7576
0.307,723
0.13,2641
0.546,1169
-0.609,9941
0.0495,4176
-0.097,8221
-0.0194,5396
0.0104,5061
-0.0985,9647
0.155,1567
0.361,248
-0.11,9080
0.0176,4745
-0.127,8246
-0.00583,5350
-0.159,8331
-0.26,10454
-0.0195,5726
-0.0729,6688
0.0509,3897
-0.139,8352
0.152,2780
-0.266,9407
0.237,1907
-0.205,9439
0.0281,4625
0.135,3745
0.383,1392
0.127,3439
-0.149,9382
0.0366,4301
0.281,1350
-0.0119,5972
-0.493,10745
-0.0288,6793
-0.0407,6545
-0.0855,9397
-0.209,8224
-0.353,10416
0.00651,5016
-0.0311,5872
-0.209,10381
0.174,2056
0.0186,4864
-0.258,10366
-0.298,9080
-0.643,10864
0.00045,5353
-0.0356,6693
-0.242,10605
0.0205,4453
-0.122,9493
-0.00759,5430
-0.00692,5222
-0.0702,7276
-0.224,10438
0.0333,4478
0.148,2444
-0.0791,7012
-0.0783,6422
-0.0639,6728
-0.0684,6470
-0.616,9358
-0.0942,8914
0.0421,4279
0.0475,4282
0.0451,3983
-0.0525,7505
-0.103,8103
0.0842,3409
-0.068,7015
-0.000935,5216
0.206,2166
0.328,273
0.206,1388
-0.0874,7390
-0.0191,5540
-0.226,10384
-0.00249,5373
0.00803,5088
0.198,1128
0.00215,5108
0.0921,3930
0.0956,3584
-0.224,10030
0.0239,4556
-0.0276,6247
0.0352,4403
-0.123,7796
-0.156,8429
0.157,1372
-0.128,8890
-0.233,9436
-0.294,10451
-0.0959,7785
-0.259,9278
0.0658,3241
0.0756,3061
0.0819,2314
0.0239,4827
0.145,2785
-0.0755,6812
-0.125,7563
-0.136,8033
-0.188,10513
0.41,594
0.0436,4130
-0.0604,7301
-0.242,9078
0.189,256
0.0588,3748
-0.106,6857
-0.0651,6347
-0.0375,6180
-0.0256,6564
-0.0272,6897
0.123,1498
-0.336,10643
-0.346,10191
-0.0779,7717
-0.123,8073
-0.251,9632
0.15,2077
-0.871,10482
-0.0579,5499
-0.258,7084
-0.242,8449
0.806,1023
0.018,4623
-0.114,7260
-0.218,9412
-1.25,10473
-0.388,9776
0.0842,3053
0.0214,4353
0.137,2558
-0.206,9763
-0.0737,7595
-0.109,7373
0.123,2384
0.000944,5272
-0.38,10197
-0.189,8836
0.293,2200
-0.196,10516
-0.411,11010
0.0399,4210
-0.117,6931
0.189,3108
-0.226,9012
-0.0922,9106
0.0201,4879
0.231,342
-0.731,9609
0.15,2499
-0.111,7491
-0.0701,7043
0.339,112
-0.378,10897
-0.0959,7512
-0.261,10486
0.0724,3893
0.0209,4616
-0.261,10483
-0.117,10705
0.000283,5194
-0.193,8532
0.151,2937
-0.186,8234
-0.0165,6055
-0.00419,4989
-0.545,10975
-0.324,8861
0.188,1257
0.397,883
0.0336,4268
0.0852,2547
0.0111,5009
0.0614,4139
-0.15,9746
0.408,1612
-0.163,9965
-0.196,10432
-0.497,10952
0.0468,4045
0.443,513
-0.294,10460
-0.246,9631
0.177,2637
-0.0572,6741
-0.172,8350
0.0288,4630
-0.112,6190
0.459,516
0.0955,2762
-0.109,7896
-0.231,10065
-0.183,9323
0.17,2440
-0.0885,8448
0.048,2947
-0.113,7583
-0.271,9651
-0.227,7400
0.737,33
-0.106,8564
0.113,1461
0.162,1845
-0.0151,5393
-0.143,7834
-0.0898,6960
-0.0598,6455
-0.0931,6426
0.144,1579
0.364,631
0.768,745
-0.101,8748
0.0345,3925
-0.187,9990
-0.13,8182
0.0111,5088
0.0817,3373
0.223,992
-0.12,7977
0.134,1353
-0.124,7370
-0.218,9502
-0.407,10784
-0.368,10619
0.193,338
-0.0839,8515
-0.0982,7175
0.0058,5160
-0.543,10186
0.116,3369
0.0323,4298
0.109,2326
-0.445,10803
-0.0691,6979
-0.288,9079
-0.0264,5842
0.0309,3677
-0.055,7224
-0.315,10318
-0.157,8944
-0.12,8512
-0.249,10131
-0.167,9109
0.0716,3135
0.157,1340
-0.404,8935
-0.492,10529
0.199,2002
0.142,1808
0.00344,5043
-0.12,8961
-0.195,9028
-0.0105,5438
0.166,2082
0.0747,2995
-0.0894,8007
-0.1,7920
-0.171,9282
0.107,2885
0.117,2988
-0.0176,6335
-0.199,9369
0.0739,3913
-0.065,6299
-0.0108,5589
-0.157,6810
0.326,244
0.159,1874
0.0667,4114
-0.0895,7592
-0.36,10575
0.273,840
-0.169,10297
0.0135,5059
0.0827,3256
-0.00655,5171
0.129,3112
0.431,83
-0.0831,9421
-0.0744,7411
0.277,881
0.0574,3985
-0.143,9165
0.0326,4682
-0.2,8856
0.0954,1705
-0.111,8445
-0.271,9848
-0.0561,6632
-0.0712,6278
-0.014,5865
0.0659,3095
0.0548,4244
-0.257,10167
-0.118,6465
0.0499,4335
0.0261,4569
0.00613,5316
-0.134,9669
-0.179,9889
0.0697,3770
0.0772,3580
-0.0655,8010
-0.119,9769
-0.198,9841
0.0282,4696
0.0143,5013
-0.0566,6284
-0.31,10842
-0.0742,7232
-0.171,8920
-0.368,9330
-0.259,10512
0.793,819
0.0497,4462
0.465,57
-0.301,10459
-0.118,8083
0.21,2342
-0.325,10579
-0.223,10444
0.141,772
-0.0126,5654
-0.251,10106
-0.0312,5835
-0.761,10623
0.317,879
-0.0482,6416
0.25,2691
-0.339,9752
0.283,730
-0.0492,6788
-0.52,10992
-0.154,9316
-0.00128,5558
0.0339,4698
-0.21,9521
-0.206,8246
0.276,363
0.0835,2919
0.251,1718
0.135,1400
0.315,1645
-0.0132,5130
-0.0406,6497
-0.049,8260
0.0878,4095
-0.329,10610
0.0843,2654
0.0191,4745
-0.0433,7183
-0.134,9190
-0.0387,6372
-0.157,8815
-0.221,8548
-0.00201,5599
0.0506,3223
0.0321,4220
0.137,3151
-0.176,7416
0.122,3162
0.227,2502
0.02,4521
-0.0936,8218
-0.0501,7025
-0.188,8417
-0.0141,5723
0.324,163
-0.0771,8853
0.109,2143
-0.189,8659
0.111,2761
-0.245,8567
-0.117,7556
-0.023,5531
-0.101,9860
-0.257,8882
0.227,1030
0.102,3818
-0.0729,7944
0.29,35
0.14,1583
0.237,1300
0.272,1501
-0.0788,6893
-0.302,10969
-0.111,10252
-0.122,9502
0.301,1257
0.61,1706
-0.395,9897
0.00756,5070
0.0144,5120
-0.111,8914
0.0928,3256
-0.368,10222
0.185,1418
0.151,3121
0.147,687
-0.328,10722
0.395,258
0.206,1904
0.426,577
0.0693,3321
-0.328,7923
0.0516,3924
-0.251,8583
0.0685,3477
-0.188,8399
0.0791,3921
-0.00889,5714
0.199,1271
-0.118,6921
0.0893,4183
-0.16,8105
-0.438,9935
-0.0207,6221
-0.195,10794
-0.0255,4967
-0.561,7763
-0.482,9587
0.398,1838
0.112,3696
-0.0338,6740
0.241,1766
-0.106,7332
0.499,646
-0.131,7673
0.0928,2589
0.0434,4242
-0.478,7605
-0.00136,5023
1.19,643
-0.318,9698
0.207,373
0.0705,3281
0.886,1436
-0.252,6623
-0.388,9979
-0.334,10223
0.2,2084
-0.211,10353
-0.187,7973
-0.371,10195
-0.0477,7360
-0.142,7965
0.174,1719
-0.39,10855
0.897,1474
-0.273,7853
0.0665,4150
0.746,84
-0.128,8708
-0.122,8474
-0.414,9371
0.671,125
-0.118,8051
-0.531,9463
0.0251,4828
-0.00918,5744
1.58,3
-0.0114,5591
0.0609,4131
-0.349,8445
0.127,1633
-0.149,9302
-0.0529,6498
0.00147,5356
-0.0875,6418
0.294,825
0.0034,5203
0.0182,4707
0.175,2340
0.0133,4773
-0.183,10212
-0.427,10845
0.143,2233
-0.0067,5317
-0.0773,7740
0.178,737
-0.0367,7241
-0.222,9119
0.294,556
-0.22,9625
-0.283,10827
0.0615,2808
0.0906,2806
-0.181,6719
0.0843,4246
-0.308,8700
-0.433,9944
-0.0496,5920
0.361,160
0.324,601
0.412,893
-0.123,8653
0.206,1321
0.0124,4651
-0.347,10693
-0.13,8077
0.00549,5202
-0.0602,6352
0.00719,5017
0.0606,3584
1.02,32
-0.0358,6216
-0.0816,7921
-0.212,8623
-0.0584,7823
0.0853,1650
-0.149,9235
-0.117,7967
0.165,1117
0.0113,5037
-0.0439,6730
-0.118,8044
-0.0174,6154
-0.163,8494
0.0213,4523
0.131,2788
-0.032,7367
-0.27,10649
0.122,2175
-0.107,8376
-0.202,8244
0.0684,3725
-0.0651,8500
-0.00596,6240
-0.114,8448
0.0722,3689
0.0685,3056
-0.0247,6139
0.0539,4428
-0.181,9861
0.0127,5155
-0.00167,5303
0.0776,3534
-0.138,8236
-0.154,9430
0.501,656
-0.0354,6495
-0.115,6746
0.499,393
0.048,4221
-0.0694,8494
-0.0294,6503
0.203,1578
-0.122,8092
-0.149,8144
-0.355,10378
-0.329,10868
0.0921,2834
-0.0711,8333
0.102,3243
-0.233,10049
0.182,849
-0.00241,5225
-0.0964,7847
-0.19,9124
0.404,1023
0.271,1803
-0.381,9091
-0.0923,8883
-0.0945,8767
0.00236,5372
0.0464,4000
-0.128,6315
0.0424,3831
0.0153,4727
0.45,182
-0.23,9451
-0.288,9107
-0.128,8334
0.0935,3138
-0.182,9407
0.0714,2854
0.113,2470
0.112,3249
-0.0765,6050
-0.14,6454
0.0426,3853
0.0234,4330
0.274,2375
-0.0271,5391
0.257,2690
0.407,1935
0.319,774
0.197,2485
-0.0467,6110
-0.123,8506
0.503,589
0.0177,4596
0.151,1387
0.0868,3027
0.12,2530
0.113,2171
0.0356,4516
-0.0865,5992
-0.0228,6833
-0.243,9421
-0.124,9705
-0.244,10437
0.668,178
-0.135,8012
0.0639,2543
-0.039,6366
-0.0447,6618
0.0697,3657
-0.0425,6200
-0.0125,5773
-0.023,5999
-0.123,9894
0.0219,4721
-0.227,8710
-0.172,7318
0.226,1404
-0.107,9255
-0.119,7070
0.172,1681
-0.0701,8154
0.0222,4600
-0.686,10166
-0.0009,5500
-0.031,6832
0.131,3243
-0.055,6620
-0.238,10993
-0.00621,5449
-0.00541,5519
0.277,440
0.129,3793
-0.206,9044
0.225,1793
0.101,3050
0.119,3065
-0.0374,7441
0.0244,4550
0.0787,3066
-0.146,8755
0.107,3550
0.173,1878
0.281,219
-0.164,9276
-0.0892,8081
0.0737,3590
-0.184,8398
-0.0177,6059
-0.123,8844
-0.155,9382
-0.166,7993
0.346,1289
0.000673,5401
0.0401,4100
-0.161,8488
-0.161,8171
0.00404,5210
0.176,1912
-0.0746,6365
0.635,252
-0.00917,5630
-0.125,7553
0.245,762
0.126,3430
-0.0372,6204
-0.172,8935
0.329,578
0.245,894
-0.0992,6873
-0.547,10483
0.309,1559
-0.122,9643
-0.112,8502
-0.0353,6243
-0.0703,6503
-0.361,5727
-0.11,9500
0.0934,2641
-0.217,10267
-0.0643,6774
-0.293,10018
-0.0338,6351
-0.0176,5516
-0.0521,7276
0.202,1687
-0.203,8109
-0.216,9684
0.0886,2242
0.146,1963
-0.0543,6352
0.036,4089
-0.141,9890
0.189,1032
0.205,1684
-0.154,8521
0.0579,3044
-0.139,7602
0.429,543
-0.363,10489
-0.117,7579
0.287,2225
0.178,2080
0.0805,1774
-0.0489,6173
0.0351,4219
0.07,3628
-0.144,8634
-0.146,8517
-0.00585,5739
-0.0883,5191
-0.361,9636
-0.391,7956
0.0163,4960
0.00811,5178
-0.645,8711
-0.0712,7095
-0.0166,5664
-0.207,9790
0.0689,2796
-0.245,10159
-0.288,9991
-0.121,8172
-0.214,9457
0.00299,5028
0.164,501
0.00685,5115
-0.28,9509
0.239,2382
0.0406,4440
0.0594,3742
-0.0196,5718
-0.243,10266
-0.223,10836
0.0696,3553
-0.0569,6475
-0.0517,7784
0.234,108
-0.258,10833
-0.16,10526
-0.0793,7420
1.76,142
-0.0765,7864
0.0143,4940
0.0843,3702
-0.135,8573
0.0531,4126
-0.0686,6078
0.151,2600
-0.125,9734
-0.0316,6256
-0.215,8472
0.156,2137
0.178,1521
-0.201,9601
-0.0925,6378
-0.134,8394
-0.0181,5455
0.211,1092
0.0133,4817
0.144,1180
-0.356,10141
-0.0741,6183
0.017,4934
-0.415,10423
-0.0297,6462
0.178,2238
0.0678,3526
-0.354,10901
-0.0962,6753
0.149,1596
0.0637,3674
-0.158,8078
0.0578,3947
-0.174,9635
-0.193,9206
-0.224,10517
-0.185,10600
-0.378,11015
-0.0628,7146
-0.435,10242
0.119,3147
0.0833,3469
0.169,329
0.229,1538
0.102,1091
-0.00354,5262
-0.411,10839
-0.0774,7983
0.275,977
0.014,4938
-0.171,8980
-0.0594,7141
-0.235,9463
0.159,1377
0.23,279
-0.123,9029
0.22,1031
0.426,948
0.194,935
-0.0968,9772
-0.0643,7604
0.163,2196
0.146,2897
0.321,706
0.23,514
0.251,357
-0.00933,5866
0.0738,3910
0.0751,3798
0.394,720
0.182,2595
-0.0495,7142
-0.0193,5850
-0.0443,5693
-0.235,9544
0.111,2437
0.0104,4689
0.22,1131
0.00334,5075
0.281,482
0.288,717
0.0025,5276
0.085,1527
-0.086,7326
0.113,2574
-0.187,7210
0.512,636
0.357,1429
0.252,487
0.107,1979
0.0507,4451
-0.202,8425
-0.397,10254
-0.465,9549
0.0513,3887
-0.066,7421
0.175,1411
-0.0662,6366
-0.00674,5302
-0.313,9332
-0.121,9651
0.125,1184
0.395,2350
0.044,4815
-0.154,8564
-0.0978,7641
-0.109,9666
-0.0425,6732
-0.101,7437
0.185,2528
-0.109,8702
0.171,3064
-0.131,9904
-0.25,10839
-0.0149,6102
-0.168,9383
0.178,1522
-0.347,10307
-0.121,9758
-0.0276,6504
0.0566,3556
-0.122,7497
-0.148,8684
-0.269,9048
-0.509,10825
-0.333,10373
-0.0976,6757
0.0262,4525
-0.174,8418
-0.271,9090
-0.0436,6467
0.086,1911
0.00852,5149
0.213,662
0.00697,5070
-0.0401,6145
0.0594,4098
-0.103,9203
-0.087,8278
-0.232,10094
-0.0227,6273
0.14,2686
0.047,4193
-0.118,9522
-0.145,6964
-0.371,9270
0.33,1855
-0.483,9888
0.401,447
0.0437,3621
-0.328,10832
0.404,534
0.159,3325
-0.315,9403
0.0617,3578
0.151,1724
0.126,1117
0.119,3632
0.0846,3478
0.0984,3426
0.089,1917
-0.0567,8080
0.0852,3630
0.103,2507
-0.343,8886
-0.24,8577
-0.0439,6689
0.00899,5098
0.108,3293
0.319,1985
0.451,324
0.0371,4068
-0.0882,8266
0.0615,4360
0.0176,4897
0.115,2161
0.0748,4051
-0.234,9983
-0.174,9412
0.0286,4696
-0.0542,7082
0.95,276
-0.596,10988
-0.0326,6295
0.0484,4208
0.0673,2151
-0.137,7419
-0.06,7168
-0.125,8122
-0.0131,5885
-0.0359,6432
-0.108,8989
0.0381,4189
0.0728,2679
-0.00607,5296
0.00382,5093
-0.0502,6876
-0.0253,7114
-0.313,9566
-0.0234,5933
-0.206,9833
0.285,1233
-0.101,7621
0.186,1684
0.0147,4813
0.0351,4511
0.0171,4709
-0.129,8315
0.135,1471
0.231,663
0.125,3227
0.184,2564
-0.0894,8354
0.308,659
-0.198,8582
-0.118,8886
0.0339,4654
0.211,1205
0.203,1589
-0.0744,5988
0.122,2249
-0.0258,7158
0.0193,4540
-0.122,8333
-0.0483,6475
0.0634,3565
0.0254,4598
0.369,674
0.0256,4330
-0.383,7745
-0.0449,6056
0.46,18
0.0361,4004
0.0068,5149
-0.163,10087
0.092,2511
0.806,808
-0.783,10602
-0.106,10163
-0.0703,7617
-2.67e-05,5133
-0.187,9499
-0.0877,6542
-0.18,9203
0.0503,4110
-0.0909,7570
0.298,531
-0.314,9235
0.0501,4101
0.183,962
0.361,134
-0.117,9949
-0.094,7937
0.00441,4864
-0.147,8127
0.0871,3493
-0.0419,6373
-0.0686,7033
-0.0789,6949
-0.0592,7224
-0.246,10395
-0.128,9177
0.089,2584
-0.215,10170
-0.128,9173
-0.0258,6327
0.143,1967
0.204,1853
0.0324,4133
0.0552,2078
0.101,3023
0.119,2564
0.0836,4001
-0.0595,6394
-0.0333,5890
0.0804,2091
0.076,3717
-0.0593,7788
0.362,132
-0.0118,6197
-0.227,10221
0.0756,2326
-0.168,9317
0.0237,4536
-0.0596,5774
0.123,3240
-0.157,9984
-0.0747,7150
-0.139,7716
-0.216,10504
-0.468,9614
0.158,1992
-0.252,10499
-0.178,8893
0.306,1304
-0.296,10385
-0.112,7806
-0.161,8208
-0.119,7725
0.0385,3922
0.292,205
-0.387,8772
0.245,1342
0.117,1799
-0.22,10248
-0.238,11012
-0.0518,6905
-0.158,9262
0.393,913
0.149,3753
-0.108,8784
0.242,188
-0.156,9378
-0.186,7550
-0.274,10085
0.231,2009
0.0448,3910
-0.0187,5619
0.0321,4433
-0.244,9977
-0.21,8367
-0.113,7028
-0.0448,8578
0.0635,2997
0.0673,3691
-0.3,9956
0.123,2831
-0.232,8654
-0.0748,7576
0.0184,4787
-0.0363,6734
-0.146,9294
-0.405,10628
-0.0431,5977
0.0472,4303
-0.105,7531
-0.142,7783
-0.37,10937
-0.121,7822
-0.0255,6201
0.062,4133
-0.287,11013
0.00543,5048
-0.0819,8452
0.00323,5463
0.261,1260
-0.0484,6879
0.252,395
0.142,1998
-0.069,7978
0.189,1843
0.167,2975
0.155,28
0.144,1348
-0.0635,6128
-0.246,9785
-0.114,8604
-0.346,9979
-0.0823,7855
-0.038,6278
-0.0651,6699
-0.3,10234
-0.0187,5952
-0.083,7413
0.188,675
-0.139,10209
0.205,1494
0.0273,4754
0.282,581
-0.187,7730
-0.00752,5534
-0.0763,8714
0.045,3366
0.387,92
0.117,2873
-0.391,6591
-0.088,9005
-0.213,9445
0.232,1304
0.153,2550
0.153,2370
-0.402,10472
0.316,258
0.0566,2270
0.0884,2604
-0.0358,5948
0.438,52
0.0623,3854
0.0825,2762
0.0439,4121
0.212,2040
0.128,3181
-0.0158,5360
-0.0211,6083
-0.16,9281
-0.187,9922
0.115,2930
-0.00307,5456
0.222,2822
0.0422,4050
0.444,812
-0.495,10051
0.0622,2441
0.052,3533
-0.178,9529
0.157,2501
-0.122,8243
-0.449,9830
-0.126,8837
-0.0297,6026
-0.194,10373
-0.0904,7317
-0.0239,5969
-0.243,8299
0.059,3412
-0.0124,5801
0.0841,4008
-0.148,8882
0.527,34
0.138,3439
0.103,2859
0.0245,4167
0.354,1341
-0.26,10448
-0.288,10622
0.188,2524
-0.0485,9215
0.022,4933
-0.189,9528
-0.139,7971
-0.13,9598
0.00205,5201
-0.0721,7428
0.00498,5092
0.344,1666
-0.26,10891
-0.0149,5839
-0.0789,6804
0.221,913
0.0572,3475
-0.0264,6522
-0.181,7140
0.0727,3940
-0.0121,5555
-0.332,10458
-0.0661,7648
-0.33,10341
0.467,543
-0.331,10246
0.0908,1895
0.178,1669
-0.12,8138
-0.141,7847
-0.446,10940
0.382,92
0.143,2406
0.345,22
-0.00363,5502
-0.157,8444
-0.113,8321
-0.034,5832
-0.0321,5882
0.0351,3891
0.0466,3986
-0.32,10530
0.0253,4837
-0.414,9943
-0.33,7844
-0.255,10661
-0.164,9696
0.0157,4782
0.12,3426
-0.0422,6349
-0.144,9156
0.0888,2561
-0.211,10019
0.166,2184
0.0656,4150
0.107,2472
0.052,3193
-0.248,10344
-0.402,10449
-0.0044,5428
-0.375,10970
0.216,1703
-0.0649,7492
0.0436,3415
0.0338,4088
-0.0205,5291
-0.175,9298
-0.279,10540
0.0788,2961
-0.238,10408
0.159,1488
-0.235,8279
-0.287,10445
0.111,3056
-0.375,6274
0.103,2580
0.0997,1622
0.134,2407
0.517,89
0.0735,2337
0.497,353
-0.0344,6422
0.219,399
0.0755,3494
-0.0024,5810
0.0423,4324
0.0228,5005
-0.111,10648
0.227,411
-0.291,9400
-0.0678,8221
0.445,966
0.0786,2305
-0.0526,7435
-0.133,9751
0.326,340
0.0532,2820
-0.07,6648
0.0594,3155
-0.047,6910
0.127,2113
-0.128,6984
-0.241,10077
0.0881,3483
0.0235,4297
-0.0697,6414
-0.0993,7130
-0.0132,5655
0.0741,4136
0.204,3151
-0.255,10571
0.137,3249
0.0794,3718
0.0137,4740
-0.0692,7359
0.0571,3425
-0.257,10441
-0.139,8748
-0.138,9113
-0.183,7401
-0.0513,5808
-0.378,10199
-0.00995,5443
0.0537,3443
0.186,2538
0.244,1791
-0.0321,7022
0.332,269
-0.338,9777
0.066,1801
0.047,3609
0.0143,4930
0.183,1245
0.0144,4976
-0.00755,5370
-0.171,9538
-0.296,10858
0.439,342
-0.435,8987
0.073,4243
-0.0153,5616
-0.125,9153
0.235,783
-0.179,9499
-0.0293,5943
-0.198,6671
0.000719,5281
-0.0788,7228
-0.276,9985
-0.144,9190
-0.115,8400
0.0456,3944
0.283,365
0.0877,2573
0.214,1416
0.107,3103
0.394,338
-0.0541,7108
-0.193,7805
0.0122,4904
-0.35,10695
-0.0192,5818
-0.174,9929
-0.19,8571
0.16,1927
-0.00327,5532
0.0897,2547
-0.15,8568
-0.263,10657
0.17,3414
-0.0348,6844
0.205,867
0.0806,1062
-0.186,8370
-0.0672,6574
0.193,2937
0.377,686
0.0129,4800
-0.243,10317
-0.0404,6737
-0.0806,7313
0.00344,5360
0.0321,4524
0.0195,4641
-0.0748,7218
-0.219,9407
-0.263,7966
-0.153,6419
0.162,2580
0.0561,4079
-0.0204,6277
-0.382,11014
-0.22,9314
0.0344,4354
-0.243,8099
0.252,846
-0.0281,7145
-0.111,9080
0.111,2575
-0.091,8855
-0.163,7414
0.0925,2586
0.0432,3771
-0.601,10379
-0.287,8333
0.598,1052
0.816,569
0.105,2385
-0.134,8479
-0.238,10050
0.0485,3866
0.261,1612
-0.0918,8513
0.162,609
0.013,4789
-0.148,8348
-0.153,9799
-2.49e-06,5388
-0.41,7278
-0.106,7935
0.222,598
-0.0234,6350
-0.0272,6577
-0.283,10302
0.241,662
0.43,156
0.0026,5117
0.0358,4515
-0.138,8888
-0.286,10238
0.121,1755
0.0603,3048
-0.0441,7052
-0.0734,7603
1.06,49
-0.0223,6046
0.052,4248
-0.0843,8638
-0.181,10176
-0.249,9448
-0.183,10191
0.0538,3307
-0.391,10304
0.196,99
-0.0854,8191
0.00224,5127
-0.146,7351
0.455,1293
-0.324,9831
-0.0606,7584
0.218,1590
-0.0271,5423
-0.207,8161
-0.566,10954
0.00251,5032
0.0809,3369
-0.0762,7810
1.06,867
0.0986,3009
-0.518,10979
0.12,3404
-0.143,9549
0.0111,5236
-0.0695,6506
0.211,2181
-0.195,7803
0.122,2971
0.25,699
-0.122,8651
-0.169,8569
0.118,2406
0.176,2752
0.176,922
-0.199,10757
-0.0874,9247
-0.0609,6890
-0.28,10235
0.29,481
0.0664,3400
-0.0568,7179
0.352,52
0.133,2905
-0.0791,6872
-0.581,10059
0.0385,4339
-0.105,8521
0.0994,1880
-0.0516,6015
-0.0126,6002
0.397,2376
-0.0456,7558
-0.028,6771
-0.046,7215
0.42,294
-0.00221,5427
-0.563,10422
-0.334,9496
-0.0457,7068
0.0258,4971
-0.000651,5213
-0.192,9457
-0.168,7847
-0.105,7808
0.165,2502
0.298,74
0.224,657
0.164,2869
0.175,648
0.315,907
-0.105,8733
0.177,984
0.115,3663
0.106,3857
-0.215,6891
-0.0316,6060
0.0132,4918
0.0496,4075
0.0305,4842
-0.0647,6495
-0.339,9376
-0.028,6054
0.0275,4220
0.199,1757
-0.178,9629
0.247,600
0.183,2190
-0.00451,5646
-0.129,7611
0.171,615
-0.21,10145
-0.0665,6740
0.244,2181
-0.312,9377
-0.0256,6222
-0.296,10815
0.0941,3018
-0.361,10973
-0.29,10655
-0.0653,7197
-0.164,9542
-0.149,10502
-0.0836,7075
0.111,3302
-0.202,9322
-0.143,7905
-0.00299,5567
-0.0833,9096
-0.18,9673
-0.0804,8686
-0.312,8371
-0.197,7289
0.189,1668
-0.15,8754
0.037,300
-0.0687,6743
0.0112,4915
0.0676,3270
-0.58,9675
0.0971,2595
0.0178,4753
0.277,1183
-0.193,8840
0.167,1639
0.64,140
-0.00861,5810
-0.15,9777
0.151,1633
-0.359,9872
-0.088,7113
-0.345,7051
0.282,545
0.00699,5064
-0.277,10692
0.257,481
0.104,2498
-0.255,9989
0.0706,3366
-0.0521,6772
-0.254,8671
-0.165,8569
0.378,966
-0.257,8473
0.205,470
0.0216,4662
0.1,2159
-0.195,9291
-0.125,6684
-0.152,9379
0.128,1988
-0.0157,5857
-0.421,10117
0.136,1608
-0.036,6034
0.00251,5310
-0.034,5998
-0.0705,7031
-0.0683,6435
0.0051,5061
0.0172,5079
-0.175,8749
-0.161,10428
-0.109,9176
-0.0849,6851
-0.0735,7442
-0.16,6719
-0.114,7637
0.0378,4343
0.0782,2967
0.228,1468
-0.203,8228
-0.125,7382
-0.152,7828
-0.227,10408
-0.159,9456
0.0914,3886
0.00236,4903
0.00964,4957
-0.208,8959
0.0745,3377
0.0268,4393
0.0155,4810
-0.202,9265
0.0849,3289
0.0393,4452
-0.24,9281
0.00145,5253
-0.473,10929
0.0655,4190
0.764,497
1,15
0.0582,3670
-0.0725,8104
0.0892,2927
0.367,1297
0.00422,5020
0.113,3433
-0.074,7542
0.0657,1668
0.0403,4230
0.0308,4448
-0.0418,5835
-0.078,8238
0.159,1881
0.133,1102
0.208,1883
-0.383,10484
0.537,1619
-0.151,7643
0.0759,2645
-0.0784,6686
-0.101,7551
-0.135,7348
0.201,1932
-0.291,7709
-0.145,8784
-0.122,8947
0.00284,5428
-0.106,8161
-0.0239,5491
0.153,2602
-0.0642,7278
-0.195,10240
-0.0745,7055
0.0166,4747
-0.037,6623
-0.105,7984
0.118,3052
0.289,360
0.254,898
0.0468,3998
-0.117,8359
0.555,306
0.0866,2059
-0.0287,7269
0.044,4137
-0.031,6236
0.086,4053
-0.184,9703
0.065,3239
-0.0576,6848
-0.0284,5718
-0.127,9075
-0.0316,6150
-0.0528,8604
0.00599,5327
0.419,203
-0.198,10510
-0.0982,8000
0.274,1188
-0.00222,5156
0.101,2546
-0.0484,6876
-0.0239,5984
0.071,3413
0.122,3052
0.101,3973
-0.104,9350
0.0881,2997
-0.163,8585
0.178,547
0.142,3518
-0.113,9387
0.0648,4034
-0.065,7547
-0.258,10135
0.0679,3702
0.154,3069
-0.241,8066
0.195,2264
0.0804,3424
0.276,1763
0.0606,3501
-0.00748,5391
0.586,391
0.0594,2498
0.0416,3694
-0.103,8900
-0.0195,6179
-0.122,9356
-0.181,9443
0.175,1365
-0.0105,5650
0.175,2563
-0.0201,5825
1.09,52
-0.363,10801
-0.111,9151
0.0918,2596
0.145,2534
-0.493,10835
0.0315,4995
0.182,1514
0.0413,4095
-0.341,10442
0.15,2140
-0.534,10074
-0.507,9206
0.398,492
-0.0418,6285
0.277,882
0.061,4609
0.301,2203
0.102,2852
0.00591,5145
0.0952,2944
-0.159,7831
-0.211,9552
-0.44,10959
-0.016,6072
-0.0831,7888
0.133,1099
0.258,1022
0.352,300
0.0973,3438
1.33,1
0.0146,4725
0.104,1874
0.0663,3058
-0.0157,5482
0.213,2191
-0.169,8914
-0.101,7845
0.0669,1953
-0.545,10578
-0.137,7805
-0.364,10445
-0.031,6166
-0.164,10157
0.24,598
0.223,466
0.308,1088
-0.0437,6343
-0.0154,5231
-0.0744,9028
-0.0342,6594
-0.131,8182
-0.22,9405
0.0266,4493
0.127,2816
-0.0559,7589
0.054,3464
-0.213,10617
0.187,2072
0.177,2360
0.358,1043
0.0224,4547
-0.146,10562
-0.00746,5487
0.132,3274
-0.157,8473
-0.305,9355
-0.0124,5938
0.0672,3231
0.0563,3804
0.0808,3561
-0.116,7836
0.332,874
0.0664,3295
0.105,2783
-0.253,10030
0.2,1119
-0.0144,5596
-0.048,6358
-0.0578,7274
-0.107,8754
-0.0658,6236
-0.189,9681
0.251,1636
0.152,2409
0.188,1319
0.022,4007
0.124,2398
-0.16,7962
-0.179,8971
-0.112,7668
-0.0203,6164
-0.107,7517
-0.108,8507
-0.0469,6185
-0.0161,6158
-0.115,7705
-0.0294,6258
-0.155,9554
-0.376,10952
-0.195,10491
-0.522,10941
0.545,1775
0.0289,4237
-0.0252,6015
0.0184,4816
-0.0226,5769
-0.0258,5237
-0.379,9153
-0.232,9536
0.03,4120
0.107,3420
0.0311,4671
0.171,3706
-0.198,7043
0.203,1613
-0.227,10855
0.0542,3656
0.277,730
-0.121,7387
-0.136,8905
-0.0699,7627
0.113,3148
-0.125,7856
-0.0385,5279
0.254,1983
0.256,1687
-0.238,10543
0.0229,4720
-0.0691,6904
-0.438,10943
0.0318,4505
0.327,213
-0.0749,9585
0.0443,4356
-0.197,8858
0.00516,5143
-0.33,10962
-0.532,8847
-0.148,9973
-0.299,10457
0.000569,5313
-0.269,8823
0.466,702
0.109,2877
0.147,1326
-0.56,11014
0.256,2110
0.125,2529
-0.0208,5502
-0.0309,5983
-0.182,9617
0.19,1814
0.0317,4330
0.086,3509
0.258,2126
-0.137,6595
-0.247,10727
0.315,967
-0.151,8452
-0.319,9449
-0.266,7225
-0.214,10829
0.0443,3866
-0.231,9631
0.0649,3440
-0.0604,6862
-0.549,8321
-0.146,9459
-0.13,8790
0.0846,3322
-0.0341,6095
-0.137,10286
-0.193,9993
0.45,98
0.06,3779
0.399,962
-0.0559,7057
0.133,1241
0.223,1045
-0.0675,6822
0.182,1292
0.0552,3332
-0.344,10845
-0.0232,5804
0.114,2991
-0.282,9031
0.0395,3510
0.052,3538
0.0965,2092
0.0102,4882
-0.0545,6341
-0.212,9223
0.218,672
0.191,954
0.24,650
0.195,1352
0.736,42
-0.0951,7548
0.0468,3686
0.0826,1925
-0.00491,5229
-0.155,8244
-0.06,7635
-0.267,10809
0.114,1413
0.203,766
-0.205,9909
0.597,948
-0.248,9063
0.0449,4634
-0.0351,6985
-0.063,8397
-0.0128,5328
0.0935,2782
0.0364,4340
-0.245,10044
-0.0575,6717
0.2,141
-0.136,9528
0.0324,4398
0.0517,2878
0.17,2368
0.0818,3256
0.13,2865
3.16e-05,5587
0.375,787
-0.307,10312
-0.16,8222
-0.039,6901
0.0521,3849
-0.299,10577
0.164,1670
-0.0852,7097
-0.0877,7022
0.00913,5395
-0.17,9824
0.0489,4539
-0.417,9524
0.345,930
-0.151,5938
0.117,1670
0.0141,4855
-0.0785,7136
0.165,2701
-0.432,10634
-0.415,9904
-0.0818,9256
-0.104,9348
0.058,3761
-0.0152,5413
0.445,824
-0.202,8772
0.0261,4685
0.538,649
0.186,1557
-0.172,9646
0.0531,3516
-0.196,7600
0.0379,4371
0.031,4499
-0.211,9730
0.496,411
0.0901,3296
-0.234,8482
-0.0278,5889
-0.0729,7038
-0.149,8858
0.174,1500
-0.162,8902
-0.305,10652
-0.188,9644
0.0687,1277
-0.158,6890
-0.197,9893
-0.186,9270
0.0241,4436
-0.284,10713
-0.0542,7790
-0.037,5967
-0.0388,5850
-0.0513,6575
-0.425,10413
0.417,427
0.132,2771
-0.328,9891
-0.118,7509
0.0524,4327
-0.208,8299
-0.206,8479
0.178,665
-0.0338,6220
0.301,214
-0.17,8878
-0.0619,6893
-0.103,8925
-0.0978,10274
0.102,2842
-0.0689,7489
0.629,1027
-0.17,9643
-0.259,10266
-0.055,6583
-0.163,8100
-0.168,8252
-0.35,9168
0.00724,4984
-0.138,10549
0.139,2294
0.105,2950
-0.113,6326
0.271,1185
-0.255,9842
0.0696,2916
-0.0126,5911
-0.0699,6230
-0.281,10128
-0.388,10771
-0.547,10486
-0.186,10428
-0.0234,5841
1.16,42
0.0418,4213
-0.294,9966
0.011,4918
0.208,1066
0.0151,4827
0.102,2880
0.745,47
-0.413,10797
-0.0171,5949
-0.0114,6135
-0.165,8864
0.0567,3237
-0.104,7975
0.0761,3700
-0.101,7106
-0.173,10107
0.135,1380
0.238,843
-0.0393,6228
-0.0224,5515
-0.0603,6980
-0.0131,5919
-0.156,8553
-0.241,8038
0.254,1029
0.0663,3495
0.0562,4032
-0.00884,5528
-0.0744,6563
-0.0119,5573
0.0147,4912
0.256,908
-0.61,10297
-0.0902,9539
0.0665,3047
-0.15,6975
0.102,1883
0.252,2859
0.151,3566
0.0552,3405
0.232,713
0.287,311
0.157,2996
0.0976,3875
-0.165,7101
-0.219,10349
-0.118,8993
-0.19,7996
0.183,2603
-0.347,9436
0.938,37
-0.182,9186
-0.0014,5424
-0.527,10916
-0.266,10481
-0.119,7085
0.0794,3943
-0.0451,7678
-0.206,9310
-0.353,10270
0.453,193
-0.148,7397
0.0368,4558
0.0925,1250
-0.165,10389
0.0218,4639
0.168,1587
-0.206,8283
-0.599,11007
-0.0138,5142
0.0104,4851
0.313,1373
-0.264,10467
0.284,453
0.0904,2702
0.0377,4494
-0.0464,8325
-0.23,9978
0.206,881
0.114,3226
0.0771,3622
0.0834,2474
-0.205,9110
-0.0437,8595
0.0662,3210
0.0227,4717
0.0418,4331
-0.107,8209
-0.0305,6469
-0.143,9953
-0.104,7779
-0.0246,5979
0.0263,4685
0.138,2465
-0.022,6185
-0.201,10212
-0.203,8928
0.0162,4967
-0.553,10516
-0.651,10790
0.014,4809
0.0107,5220
-0.215,6520
0.267,1952
1.06,1086
0.62,143
-0.077,7931
0.00497,5336
0.108,3516
0.233,1059
-0.322,10001
-0.123,8070
-0.0598,7592
0.252,160
0.199,2449
-0.179,10003
0.17,2275
0.12,3629
-0.208,9814
0.161,2823
0.26,717
-0.107,8109
-0.0409,6185
-0.369,10063
-0.0507,7039
0.121,1590
0.166,1082
0.0854,3742
0.648,1605
-0.299,10786
0.25,521
0.144,1147
0.0617,4146
-0.309,8746
-0.263,9623
0.0288,4241
0.0362,3340
-0.32,10277
0.0771,2733
0.0134,4903
-0.249,9319
0.00213,5162
-0.123,9525
-0.0919,7822
0.796,188
0.109,2825
-0.319,9155
-0.207,8649
-0.0501,6626
-0.0874,8055
-0.112,8822
-0.0322,5889
0.000576,5213
0.259,868
0.351,584
-0.151,9684
0.186,1968
0.225,752
-0.15,7444
-0.0371,6847
0.00921,4950
0.207,1487
-0.149,8308
0.531,476
0.0768,3955
-0.0574,7104
-0.145,9467
0.0189,4569
0.215,1622
0.00971,4929
0.128,2539
-0.0159,5150
0.0196,4996
0.00568,4974
-0.00404,5319
-0.045,6460
-0.32,10624
-0.00211,5401
0.175,1532
0.0334,4634
-0.189,9793
-0.226,9455
-0.0396,6379
0.0368,3960
0.0398,4010
-0.149,8106
-0.245,8671
0.0921,2887
-0.372,6503
0.775,622
-0.131,8631
-0.109,9314
0.155,1436
-0.302,10276
-0.058,7061
0.22,1228
-0.0534,7237
-0.0862,9622
0.0873,3875
-0.103,9034
0.12,2323
0.016,5138
-0.0506,7285
-0.279,10592
-0.325,10385
-0.0396,6008
0.0543,4158
0.0465,3563
0.067,3494
0.0933,2300
0.309,503
-0.141,9022
-0.128,7494
0.151,1532
-0.0601,7894
0.323,1163
-0.547,7569
0.334,386
-0.588,9520
0.183,1769
-0.0908,9534
-0.16,8026
0.147,3710
0.21,2200
0.0289,4256
0.105,3181
-0.19,10505
-0.0934,8677
-0.147,8006
0.026,4415
-0.167,8470
0.406,1522
0.0768,2499
-0.157,9186
0.0448,4246
-0.0584,6885
0.308,491
0.0429,4407
-0.0779,7482
0.0344,4300
0.314,89
-0.214,8267
-0.113,9143
0.0268,4752
0.0633,2883
0.134,1526
-0.0219,5596
-0.0125,5954
0.315,1107
0.35,773
-0.0044,5478
-0.0572,7263
0.177,2471
0.131,1689
-0.101,8126
-0.22,9967
0.407,858
-0.0909,8033
0.411,217
0.134,1956
0.258,799
0.15,2569
0.0897,2321
0.101,2754
0.115,2672
0.169,1536
-0.446,9851
-0.238,9289
0.0389,4223
-0.0858,7118
-0.361,9393
-0.00676,5488
-0.163,9250
-0.166,8423
-0.0515,6543
0.175,546
0.255,1245
0.0968,3186
0.0212,4749
0.458,679
-0.0763,7805
-0.0714,7837
-0.209,9135
0.0701,4052
0.347,1161
-0.235,8871
-0.0053,5335
-0.251,10051
-0.414,8928
0.822,367
0.988,1541
-0.416,8711
-0.0298,6438
0.869,629
-0.0817,6498
0.209,1097
0.216,2486
0.971,3
-0.0419,7126
-0.064,7705
0.0607,4358
0.016,5008
-0.12,9024
-0.101,6681
0.143,2245
0.103,1199
-0.0576,6947
-0.00864,5190
-0.321,10121
0.161,2213
-0.177,10187
0.121,1556
-0.0637,6448
0.107,2490
0.07,3969
0.597,229
0.253,325
0.0754,3281
-0.0885,7842
0.00216,5434
-0.121,8331
-0.408,10694
-0.0814,7964
0.298,348
-0.00462,5297
-0.027,5927
-0.0218,5546
-0.239,9880
0.148,1739
0.0248,4475
-0.246,6202
0.221,2481
-0.193,8416
-0.0283,5582
-0.0882,8224
-0.106,7866
-0.114,9525
-0.0472,6334
-0.175,8073
0.0435,4338
-0.00392,5351
0.00423,5259
0.0393,4192
0.409,1064
0.118,2052
-0.0622,7159
0.245,462
-0.0822,8252
-0.101,7776
-0.0592,7989
0.00468,5441
-0.0502,5684
-0.04,6181
0.0911,1575
0.0757,3017
-0.13,6986
0.0877,3700
-0.0395,5880
-0.265,8819
-0.0982,7411
0.0964,3208
-0.134,7878
0.201,1930
-0.092,7509
0.741,265
-0.0139,5800
-0.098,4072
1.46,469
0.273,2780
0.0261,4435
0.177,1773
-0.222,9745
-0.00035,5463
-0.0129,5648
-0.0332,6873
0.103,3219
0.688,51
0.17,2475
-0.34,9370
-0.097,6796
0.218,1505
0.411,2334
-0.45,10556
0.138,2338
0.379,912
0.14,2575
-0.193,9250
-0.0798,7851
-0.0937,7839
0.00262,5231
0.235,1786
-0.0298,6463
0.0365,4409
-0.032,6025
-0.0185,5986
-0.374,9665
0.0394,4499
0.00376,5167
-0.037,6662
0.0118,4954
0.184,1292
-0.197,8004
0.0416,4267
-0.0705,8515
-0.173,9337
0.0537,4288
-0.0609,7103
-0.0862,6826
-0.0615,5983
0.0978,2675
-0.153,9133
0.279,851
-0.0777,6651
-0.168,6854
-0.0719,6222
-0.0047,5507
-0.213,10766
0.148,2278
0.594,36
-0.165,8285
-0.127,7777
0.196,987
-0.0725,6839
-0.0924,8045
-0.298,10078
-0.239,8233
0.00198,5079
0.0807,3395
-0.041,6491
0.288,1201
-0.0112,5475
-0.161,10310
-0.286,10536
0.207,650
0.0863,1400
-0.132,8031
-0.0927,7193
-0.0582,6212
-0.307,10231
0.521,281
-0.277,10813
-0.437,10869
0.453,519
0.0158,4823
-0.194,8096
0.0675,4013
-0.378,11017
-0.144,7880
-0.251,6218
0.488,343
-0.172,8030
0.272,988
0.169,2374
0.269,1043
-0.266,9530
-0.0172,5776
-0.122,8968
-0.155,9016
0.0982,3789
-0.0761,7553
0.113,3182
-0.109,7769
0.127,2642
-0.0235,6469
-0.121,7630
-0.18,10270
-0.134,5182
-0.359,10366
-0.209,10427
0.19,760
-0.184,9386
0.268,2051
-0.114,9606
0.0669,3467
-0.0247,6104
0.39,55
0.0295,3814
0.185,2223
-0.492,10261
-0.145,7574
0.24,1062
-0.028,5796
-0.181,8460
0.0244,4791
0.216,595
0.235,318
-0.0121,5468
0.0401,3844
-0.0487,6879
0.0424,4329
-0.278,9908
-0.208,7755
-0.538,8451
-0.0526,6841
-0.0141,5769
-0.119,9241
0.477,520
-0.171,9132
0.0667,3808
0.364,57
0.4,1025
0.0549,3175
-0.32,10638
0.366,1046
0.0521,3135
-0.0854,8458
0.198,1268
-0.317,10242
0.0221,4737
0.211,2260
-0.167,10647
0.256,1136
-0.101,5961
-0.178,5130
0.204,3673
0.699,68
-0.0634,6446
-0.488,10844
0.203,2591
-0.162,10010
-0.188,8494
0.0496,4264
-0.212,10503
0.227,1248
0.223,1360
0.523,1501
0.0491,4069
-0.898,10739
-0.157,6821
-0.523,10857
0.305,1637
-0.0695,7250
0.551,448
-0.0707,6826
0.219,250
0.109,2152
0.609,188
0.0157,5037
-0.0383,6617
1.13,165
-0.0512,8135
0.144,1558
-0.16,9074
0.375,295
-0.235,10140
0.276,1130
-0.191,9405
0.18,1129
0.612,1181
0.254,2089
0.489,1644
-0.286,10699
-0.205,9969
0.111,2066
-0.251,9042
0.381,387
0.131,2266
-0.0727,7033
-0.0141,6242
-0.0362,6611
0.219,3273
-0.0445,6249
-0.178,8130
0.111,3267
0.0424,4110
-0.102,9180
0.0412,3990
-0.26,10765
-0.123,6437
-0.0222,6674
-0.155,8570
-0.123,9799
-0.0787,8051
0.0188,4873
0.285,1960
0.109,3060
0.0119,5013
0.291,477
0.00376,5480
0.222,1750
-0.0423,6452
-0.0525,6565
0.102,1772
-0.0283,6256
0.175,1928
-0.14,8433
-0.174,9186
-0.169,8704
0.154,2010
0.00569,4952
-0.0874,7983
-0.199,8174
0.179,2662
-0.429,10194
0.00635,5025
-0.118,8042
-0.124,8447
0.439,428
-0.27,7690
-0.304,9354
0.00133,5179
-0.00168,5514
0.0241,4786
0.00738,4907
0.0228,4161
-0.0761,6353
0.0363,3531
0.0556,4058
0.221,1654
-0.189,9170
0.0122,4828
0.308,1207
0.604,12
0.0424,3883
0.0488,3932
-0.108,9872
0.0383,4736
-0.159,9139
-0.0341,6921
-0.204,10618
0.264,1186
-0.0254,6120
-0.496,10236
0.35,1299
-0.285,10668
0.14,680
0.0597,3589
-0.0781,6811
-0.583,9239
-0.0813,7524
0.453,974
-0.138,10252
-0.237,7890
-0.079,7514
0.445,656
0.0554,4342
0.00209,5722
0.0986,3592
-0.101,7508
-0.044,6620
0.83,419
-0.111,8804
-0.0708,7970
0.00221,5410
0.244,2017
0.0601,4140
-0.673,10969
-0.258,10610
0.0395,4059
0.129,1022
0.145,2089
0.356,493
-0.122,9542
0.536,69
0.148,1912
-0.138,8123
-0.34,9031
-0.0963,8229
0.097,4054
-0.0789,5937
-0.218,9021
-0.123,8010
-0.106,8590
-0.209,10471
0.242,724
0.703,148
-0.119,8840
-0.402,10510
0.668,46
0.0907,2936
0.0486,4274
0.136,3183
-0.475,10135
0.0721,4019
-0.0473,6085
0.337,1586
4.11,51
0.359,97
0.0495,3847
0.0524,3843
-0.117,8694
-0.0267,5753
0.161,2990
0.455,538
0.484,155
0.0561,3815
-0.398,9468
-0.129,9470
-0.179,8719
-0.0281,5987
0.0451,3981
0.166,1701
0.0782,3380
-0.0769,7578
0.0493,4304
-0.105,7489
0.0842,2635
-0.0171,6055
0.158,2038
0.0344,4707
-0.183,8356
0.36,1433
-0.0478,7997
-0.0604,6537
-0.0787,6942
0.0606,4336
-0.197,8406
0.465,165
0.102,2973
0.0314,4483
0.158,3194
0.109,3879
-0.0225,5793
-0.229,9219
0.0588,3009
-0.0505,7757
-0.153,7868
0.178,2848
-0.0839,6657
-0.000581,4887
0.826,218
0.00143,5474
-0.204,9276
0.0487,4040
0.16,3592
-0.501,7639
0.0313,4072
-0.0623,7069
0.392,234
-0.121,8643
-0.329,10865
-0.108,6991
0.3,15
-0.14,9986
0.0605,3394
-0.0242,6041
0.797,1062
0.122,2632
-0.141,8593
0.153,1348
-0.033,6317
-0.00862,5224
1.07,24
-0.0687,7096
-0.0998,8971
-0.0625,7475
0.0706,4099
0.156,3247
0.0784,3213
0.162,1558
-0.0414,6243
-0.27,9124
-0.26,9446
-0.0323,5988
-0.0545,6471
-0.167,8382
-0.0866,7505
-0.158,10684
-0.292,9831
0.219,1028
0.0682,3977
-0.432,9834
-0.0152,5992
0.0142,4809
-0.0215,5946
-0.25,10468
0.189,1964
-0.258,10311
-0.0467,6885
-0.205,9195
0.0574,4052
0.132,2141
-0.119,7635
0.105,1255
0.239,679
-0.151,10193
-0.102,7717
-0.0615,6041
-0.0778,6126
0.187,1265
0.123,1968
-0.169,9983
-0.0429,6183
0.0808,3638
-0.311,10334
-0.235,10655
0.0201,4742
-0.0115,5724
-0.101,6991
0.0589,4064
-0.0368,7242
0.108,2698
-0.177,9952
-0.0946,8403
-0.162,7591
0.159,2627
0.183,2144
0.106,3008
-0.219,9829
-0.0403,6981
-0.133,7684
-0.205,8220
-0.101,7242
-0.266,9272
-0.00209,5532
-0.0882,8829
0.772,32
-0.263,9625
0.291,1282
-0.177,7225
0.0237,4560
-0.243,10452
0.277,690
-0.0523,5994
-0.00126,5260
0.321,783
-0.0377,6869
0.0163,4972
-0.361,10934
0.0274,4777
-0.142,7711
0.372,1201
-0.15,9065
0.0654,3251
0.108,3607
0.00838,5248
0.22,2046
-0.00465,5141
0.139,2027
0.0511,3617
0.26,1543
0.418,950
0.331,568
-0.214,8773
0.0235,4627
0.179,307
-0.382,10666
0.17,2167
0.0751,3525
-0.00689,5607
0.374,142
-0.117,10122
-0.0653,6597
-0.0877,7466
0.132,3404
0.129,1711
0.253,194
0.0317,3986
0.033,4746
-0.0125,5914
-0.315,10592
0.0049,4946
-0.138,9556
0.0875,2682
0.183,800
0.228,1355
-0.108,6753
0.0892,3128
0.361,83
0.167,1531
-0.201,10269
0.395,1862
0.319,2044
-0.0269,6090
0.261,629
-0.0408,6586
0.0376,4739
0.103,3716
0.06,3779
-0.486,10202
0.0854,2978
-0.0689,7451
0.426,140
0.112,2809
0.0664,3553
-0.00209,5391
-0.0748,8960
-0.0015,5348
0.151,2938
-0.0835,7547
-0.152,8611
-0.0536,6018
0.123,1967
-0.132,9167
0.352,972
0.116,3534
-0.0518,6530
-0.0364,5082
0.0667,3492
0.0419,3559
0.334,908
0.343,1068
0.325,471
-0.127,8275
0.0793,2932
-0.0719,7479
-0.0778,7468
-0.0671,6949
-0.147,7894
-0.326,10922
-0.228,10614
0.594,249
0.016,4637
-0.22,9578
-0.505,8946
-0.0416,7903
0.34,295
0.0496,3682
-0.0167,5620
0.00393,5355
-0.204,8827
-0.162,9514
0.174,1055
0.0541,4287
0.0568,4400
0.409,482
-0.132,7494
-0.109,7926
0.142,2155
0.223,1738
-0.0976,8479
-0.168,8572
-0.151,8947
0.0492,3411
0.0121,4959
-0.283,9191
0.205,1870
-0.0239,5840
0.0843,3952
-0.0944,8993
0.127,1022
-0.00114,4977
-0.0301,6207
0.615,265
0.342,2001
-0.187,10909
0.05,4155
-0.0178,6019
0.182,2151
-0.0211,5501
0.0537,3818
0.0824,3144
-0.0135,5703
-0.274,9914
-0.117,9482
-0.308,8590
-0.215,9293
-0.0586,6974
-0.344,11014
0.0738,3740
-0.0529,6598
0.164,2172
0.365,1094
-0.0716,8082
0.323,1719
-0.0844,6878
0.292,709
0.388,1067
0.0116,4415
0.00483,5390
0.194,1286
-0.012,5049
-0.441,10243
-0.2,8222
0.244,1749
0.164,1282
-0.0352,6260
0.241,1040
-0.0823,8564
0.0116,4560
0.0958,3471
-0.0457,7135
-0.00414,5512
0.21,3003
4.76,294
0.225,2506
0.463,1830
-0.0417,5697
0.201,799
0.244,1759
0.376,586
-0.0168,6034
-0.254,9988
0.00455,5179
-0.054,7323
0.0386,4468
-0.0235,6021
-0.00538,5469
-0.224,5995
0.087,2888
0.321,30
0.017,4680
-0.0751,7141
0.0188,5042
0.179,2862
-0.241,10301
-0.0289,7891
0.213,2872
-0.0557,6675
1.16,234
-0.0847,6749
-0.0848,7868
-0.1,9994
-0.632,9805
-0.281,9216
0.0697,2882
0.0122,5141
-0.104,9421
-0.0762,8402
0.000344,5329
-0.153,8971
0.0776,2558
-0.0486,6387
0.0346,4048
0.0414,3815
-0.0946,7243
0.404,760
-0.324,10600
-0.0764,8115
0.0795,3135
-0.131,8685
0.117,3765
0.163,3384
0.159,3048
0.275,1417
-0.0946,8163
0.0129,4745
0.0117,4798
-0.0795,7062
-0.11,8010
-0.22,7695
-0.0508,4490
0.115,2077
-0.0424,7345
0.247,1707
0.0444,4575
-0.16,8453
0.328,2522
-0.0817,7202
-0.0843,8823
0.195,2160
-0.334,10297
-0.134,8954
0.76,514
0.0601,3803
0.331,851
-0.183,10665
0.0913,3548
-0.148,9136
-0.0209,5552
0.123,1383
-0.0492,6804
-0.219,9871
0.169,2184
-0.01,5184
-0.165,6339
0.131,526
0.254,907
0.0878,2530
0.093,2812
-0.0357,6087
0.44,1240
0.0895,3363
0.0217,5031
-0.181,8036
-0.362,10077
-0.327,10137
0.208,1921
-0.0506,7312
0.0322,3701
-0.339,9596
0.0305,4089
-0.262,8893
0.655,526
-0.137,8678
0.416,199
-0.0859,8528
-0.217,9134
-0.321,9367
-0.125,9168
-0.0917,7015
-0.0624,8676
-0.0687,7000
-0.177,8484
-0.113,7695
-0.0726,6555
0.331,186
-0.103,7759
0.0954,3210
-0.0766,6548
0.0592,2665
0.0402,4546
0.0616,3437
-0.027,6578
-0.069,7166
-0.314,10301
0.00266,5173
0.478,669
0.0588,3906
-0.134,10081
-0.24,9167
-0.0367,6445
1.11,77
-0.0451,6416
-0.0678,7103
-0.34,10250
0.169,1518
-0.467,10514
-0.0902,7783
-0.0694,7259
0.107,2290
-0.0428,6309
-0.0379,7046
-0.176,8293
0.186,2466
0.177,805
0.205,1062
-0.166,7754
0.0582,3708
-0.0464,6331
-0.0138,5776
0.222,289
-0.0666,7270
-0.0666,7723
-0.0485,6280
-0.223,9124
-0.14,8327
-0.402,10712
0.0778,4055
-0.00529,5337
0.3,1769
-0.00533,5339
-0.349,9956
-0.138,8059
0.0223,4706
0.193,1560
-0.117,7647
-0.533,9644
0.258,1125
0.127,2487
0.0695,3600
-0.222,7057
0.602,381
0.171,2908
0.35,2055
-0.619,9925
0.351,1280
0.191,1001
-0.289,9339
-0.209,9104
-0.0629,8228
-0.0656,8028
-0.066,6996
0.324,1853
-0.162,6942
-0.105,8359
0.033,3595
-0.0862,8714
-0.0215,5674
0.0126,4929
0.231,818
0.174,2398
-0.0702,7009
-0.184,10568
-0.363,9478
0.00613,5308
-0.0526,7564
0.31,1756
-0.528,11032
0.293,52
0.273,2089
-0.119,7446
0.173,2020
-0.028,5876
0.0621,3749
0.0501,4305
-0.423,10575
0.248,349
0.00869,4919
0.253,2265
-0.0463,7098
-0.0446,6460
-0.0944,6451
0.398,850
0.0274,4533
-0.0104,5357
0.102,1938
0.159,1939
0.213,2770
0.33,1055
-0.253,9830
0.422,515
0.107,2554
0.136,866
-0.149,9749
-0.368,10289
0.304,2488
-0.0527,6329
0.352,311
0.0919,1638
0.0961,2833
0.238,2544
0.301,1588
-0.201,9775
-0.117,9046
-0.0819,7450
0.201,1440
0.265,1086
-0.149,8261
0.0556,3770
0.294,75
0.117,2352
0.116,2961
0.528,37
0.197,2406
-0.177,8738
0.133,1569
0.0793,3146
0.309,780
0.257,289
-0.135,9053
-0.0299,6848
-0.0423,6222
-0.0418,6662
0.177,2205
-0.00193,5344
-0.284,10787
-0.161,9048
-0.0636,8021
-0.121,8640
-0.0233,6075
-0.0982,9087
-0.179,9664
-0.463,10989
0.0956,2893
-0.139,9139
-0.257,10126
-0.395,10582
0.244,1558
0.0159,5009
0.35,836
0.118,3170
0.141,2162
0.0895,3821
-0.145,8536
0.3,2794
0.0607,3506
-0.0845,9114
0.193,681
0.456,766
-0.0493,7133
-0.355,10120
-0.119,9777
0.192,700
-0.0116,5815
0.165,1959
0.13,3596
-0.202,8692
-0.0971,9043
0.126,1339
0.0264,4617
-0.236,10471
-0.0257,5878
-0.173,8793
-0.131,8038
-0.016,6089
0.0579,3784
-0.0931,8003
-0.0735,7315
-0.0137,5726
-0.00391,5669
0.651,49
-0.103,7639
-0.429,10601
0.539,2136
-0.447,8638
-0.0374,6743
0.181,201
0.00354,5302
0.659,481
-0.0937,8334
-0.186,7653
-0.0634,6478
-0.0556,7402
0.0784,4020
0.00465,5184
0.0544,4030
-0.197,8521
-0.342,9869
-0.052,6235
0.00399,5309
-0.266,9126
0.113,2393
-0.0029,5221
0.00183,5174
-0.218,10914
-0.049,6279
-0.0346,6040
0.102,3078
0.0362,4157
0.124,882
0.0528,2991
0.239,470
-0.123,8128
0.00628,5005
0.197,1005
-0.0617,7208
0.0773,2833
0.121,1984
-0.209,10028
0.0664,2252
-0.39,9020
-0.184,10003
-0.0977,7845
-0.315,9920
0.352,2162
0.488,61
-0.0669,6658
0.081,2522
0.0567,2970
-0.17,8162
-0.0801,7885
-0.127,8227
0.0331,4424
0.182,1404
-0.151,9106
0.0348,3940
-0.121,8490
0.103,1677
-0.138,8880
-0.184,10349
0.0925,2560
0.113,2531
-0.319,10303
-0.424,9965
-0.47,8816
-0.108,9306
0.0847,2549
0.208,1150
0.0317,4497
-4.65e-06,5424
0.0273,4860
-0.164,9554
-0.143,9793
0.0549,3945
-0.144,8569
0.0996,3605
0.0458,4500
-0.0241,6318
0.00829,5264
0.00502,5217
0.0487,4407
0.256,2806
0.148,961
0.193,897
-0.313,10291
0.185,861
-0.0342,5611
0.118,2649
-0.023,5687
-0.03,5722
-0.113,8986
0.139,2440
-0.21,8151
0.161,1813
-0.453,6638
-0.173,10247
-0.118,8978
0.34,1111
1.26,313
-0.157,9146
-0.0687,6073
-0.166,8952
-0.104,8423
0.153,2760
0.138,2942
-0.0688,6355
-0.137,8205
-0.0854,8931
0.182,1759
-0.279,9042
0.223,2414
0.0642,4379
-0.251,10782
0.139,908
-0.00193,5404
0.2,1766
-0.492,10429
0.133,2631
0.0417,4219
0.375,2590
-0.102,9794
0.195,2239
-0.0456,6305
0.097,4023
0.12,2114
0.173,3003
-0.063,7883
0.107,2520
0.437,680
1.63,165
0.131,2979
-0.119,9102
0.00474,5096
-0.201,8511
-0.146,7551
0.547,634
-0.327,8474
0.131,1579
-0.0933,7869
-0.012,5192
-0.029,6033
-0.311,10561
-0.0793,8275
-0.0788,7894
0.0408,3918
-0.139,8242
-0.0831,7005
-0.466,10403
-0.0949,7043
-0.181,10363
0.059,3467
0.318,1904
0.132,2211
0.252,988
-0.108,8183
0.0351,3935
-0.227,9294
0.038,4254
-0.0731,6845
0.204,1576
0.326,1685
0.146,2119
-0.388,10886
0.194,2328
0.00151,5219
0.666,94
0.0297,4632
0.26,639
0.0326,3988
-0.128,7235
-0.0574,7479
-0.115,7978
-0.0225,5615
-0.0985,8671
0.0351,3678
-0.304,9955
0.1,3294
-0.142,9189
-0.136,8099
0.293,1004
0.113,2062
0.406,1216
-0.579,9936
0.189,1687
0.125,3126
-0.0473,6607
-0.0829,8427
-0.17,7774
-0.414,10206
0.0752,3157
0.0108,4784
0.171,2036
-0.0095,5782
0.159,2025
0.282,3138
-0.275,9888
0.0447,4336
-0.000925,5467
-0.15,9370
0.0302,4693
0.138,2824
0.081,3574
0.0677,3868
0.0755,3301
-0.0499,6411
0.191,1956
-0.0872,7499
-0.0576,6284
0.052,4245
0.0642,3282
-0.255,9441
-0.255,9310
-0.213,9522
-0.142,7691
-0.239,7780
0.0886,3033
0.0717,2346
-0.133,8119
-0.314,10052
-0.239,10435
-0.258,10358
-0.103,8256
0.87,550
-0.193,10695
-0.075,7051
-0.0338,6891
-0.17,8942
-0.0346,6230
0.083,2260
0.152,2486
0.516,75
-0.148,8785
-0.203,8009
-0.0518,6783
0.0106,5345
-0.618,10043
-0.318,9867
0.407,134
-0.242,8376
0.0609,3664
0.541,564
0.0675,4164
-0.215,9556
-0.328,10364
0.0277,4330
0.0487,2989
0.0424,3603
-0.18,9532
0.234,1240
0.191,3063
-0.0365,7541
0.207,985
-0.0245,6706
0.285,1303
-0.0909,6415
-0.124,5845
-0.0847,5841
-0.174,10023
0.147,2598
-0.228,9529
-0.147,10130
0.405,1466
-0.396,10204
-0.014,5921
0.0143,4825
-0.0606,6870
0.0716,3886
0.175,1688
-0.255,9462
0.086,2299
0.0903,2215
0.293,517
0.128,2063
0.452,195
0.022,4757
0.104,2271
-0.35,9989
-0.0162,6055
-0.0788,7447
0.0178,4839
0.239,1248
-0.0222,6376
-0.167,9007
-0.174,8627
0.147,2181
-0.292,10195
-0.106,6242
0.116,2882
0.0822,1747
-0.126,9487
-0.181,10380
-0.0173,5719
-0.144,8996
-0.0284,6275
-0.0225,5849
0.132,3467
0.00659,5193
-0.051,6238
-0.112,6586
-0.0298,6409
0.0647,1612
0.171,1537
-0.127,9186
0.134,2736
-0.139,9920
0.0839,3197
-0.0564,7045
0.0227,4720
-0.117,8848
-0.0833,7196
-0.0553,7301
0.1,2672
0.107,1744
-0.26,10079
-0.127,8662
-0.0125,5587
0.0272,4532
-0.334,10071
0.0704,3709
-0.0688,6854
0.225,2971
-0.114,7599
0.462,745
-0.0881,8997
0.00613,5070
-0.0702,7449
-0.396,9842
-0.0649,7008
-0.804,10827
0.0689,2786
-0.153,8943
0.0478,4284
-0.0857,7301
0.0323,4562
-0.334,8192
0.0175,4513
0.0303,3751
0.198,2185
0.0188,4961
-0.31,10190
0.217,2676
0.092,2994
0.177,2499
-0.0687,7074
0.118,2605
1.26,188
-0.362,10443
0.0822,3134
-0.121,9229
-0.0261,5426
-0.133,8388
-0.15,9250
-0.294,8706
-0.247,10855
0.147,632
-0.254,9463
-0.111,8057
0.273,705
-0.224,9438
-0.137,8805
-0.0932,7929
-0.109,8363
-0.0565,6992
-0.103,8734
-0.221,10610
-0.0396,6268
-0.139,9171
0.00383,5127
-0.299,10437
0.109,1728
-0.29,8372
-0.0974,8985
0.0762,3376
-0.0898,6969
0.0229,4459
-0.191,7070
0.029,4807
-0.00109,5455
-0.0447,6750
-0.558,10330
0.436,558
-0.00709,5433
0.127,810
-0.0895,8734
-0.19,9300
-0.0471,6781
-0.214,9739
0.403,500
0.136,2252
0.0134,4752
0.103,2845
-0.00809,5559
-0.0326,5534
-0.0313,6034
0.202,1684
-0.176,9076
-0.0491,5521
-0.362,10404
0.563,113
-0.0994,6839
0.194,2205
0.042,4207
-0.215,8218
0.202,3162
0.338,2521
0.171,1786
0.015,4524
-0.0783,8631
0.147,2414
-0.0885,7540
-0.249,8903
-0.0276,5565
0.208,901
0.0968,3115
0.259,1638
-0.0843,6815
-0.167,9335
-0.105,8364
-0.0775,6564
-0.238,8729
-0.0736,7173
-0.0283,6095
-0.4,10104
0.281,212
-0.0307,6313
0.00658,4782
-0.255,9587
-0.0398,5901
-0.293,9921
-0.133,8250
0.0209,4735
-0.0827,7543
0.0949,3015
0.0161,4591
-0.403,10886
-0.0908,6919
-0.108,9226
0.0837,3220
-0.287,6946
-0.0908,7192
0.0706,3957
0.158,1268
-0.137,8727
-0.102,8288
0.165,2148
0.249,1660
0.419,1617
0.404,2032
0.062,2569
-0.309,10815
-0.171,9107
-0.413,10448
0.322,1806
0.624,1331
0.124,2937
0.0703,3768
0.169,1372
-0.221,8317
0.098,2093
-0.000694,4929
0.00105,5015
-0.223,9097
0.0906,2769
-0.39,10688
-0.0974,6833
-0.164,8709
0.219,1140
-0.093,8611
-0.222,8983
0.148,2995
0.0204,4962
0.105,3001
-0.0884,8921
-0.0332,6409
-0.0389,6560
-0.327,10269
-0.00748,4966
0.206,2958
0.0521,3934
-0.0677,8381
-0.184,9285
-0.187,9188
-0.0119,5598
-0.0646,5481
0.034,4225
0.0232,5009
-0.0692,7472
-0.0849,7517
0.197,831
-0.0618,7748
0.357,263
0.325,650
-0.0861,6196
0.0485,4366
-0.103,8228
0.257,2074
0.117,2501
-0.229,9608
-0.318,9095
-0.0762,7888
-0.0289,5721
0.294,2113
-0.13,9040
0.0924,3035
0.872,7
-0.185,10261
0.107,2004
0.196,2916
0.181,1213
-0.0232,6404
0.000963,4829
0.222,1224
0.0455,4269
-0.411,10957
0.212,783
0.0552,4292
-0.392,10949
-0.259,8139
0.00428,5515
0.0721,2385
0.143,1215
-0.0734,8467
-0.015,6005
-0.0327,6138
0.556,423
0.996,1324
0.0343,4211
0.0466,3806
-0.146,9124
0.167,1980
-0.0426,5611
0.037,3951
0.221,655
0.0337,4177
0.21,2749
0.0119,4383
-0.0557,8829
0.033,4094
-0.331,10834
1.26,1173
-0.0233,5794
0.00606,4924
-0.0124,6178
0.491,2462
-0.165,5206
0.0121,4739
-0.13,9622
-0.0701,7110
-0.322,10703
-0.133,7400
0.36,734
-0.134,8341
-0.076,7507
-0.0814,7419
0.0317,4581
0.276,673
0.273,1143
-0.102,7579
-0.0588,7999
0.153,1172
0.282,724
-0.23,8755
-0.0998,6964
-0.136,8123
-0.141,8710
0.026,4141
0.247,324
-0.0942,7057
0.0298,4640
-0.19,8246
0.0312,4263
0.228,1150
0.262,306
0.0938,2531
-0.0437,6445
0.475,1987
0.0164,4784
-0.0667,7859
-0.136,8802
-0.0563,6894
-0.122,9084
-0.183,6725
0.0993,2218
-0.0556,6738
0.111,2984
0.395,101
0.0912,3940
0.131,1926
-0.0935,9031
-0.25,10607
0.00852,5018
-0.0972,7187
-0.191,9977
-0.0306,6121
0.122,2462
0.127,544
-0.0205,5647
-0.13,9061
0.293,2026
-0.031,6266
-0.0558,7913
-0.00473,5435
-0.407,11009
-0.377,7937
0.19,784
0.355,855
-0.0462,7356
0.0325,4170
-0.0337,6314
-0.237,9598
0.235,959
-0.16,8626
-0.0887,6860
0.144,1161
-0.207,8649
0.0251,4750
-0.255,9075
0.193,2596
-0.026,6309
0.0933,3497
-0.183,10054
-0.298,10600
0.169,2006
0.793,58
0.0422,4235
0.0774,2253
0.0383,4324
0.0926,3018
0.137,2065
0.137,2215
0.0666,2559
-0.218,10848
0.0452,4017
-0.103,6577
0.355,3141
-0.0874,7618
-0.0543,7175
0.109,2811
-0.0861,7910
0.0948,3422
-0.0706,6665
0.0818,3756
0.176,1596
0.0628,3492
2.32,92
0.966,1404
0.24,2211
-0.274,7705
0.227,1861
-0.236,7870
-0.00822,5628
-0.425,10705
0.584,569
0.0679,3745
-0.0745,8838
0.156,2077
0.0552,3691
0.186,3003
-0.0793,7838
-0.292,9007
-0.0132,5597
-0.143,9747
-0.134,9697
0.0698,4040
-0.116,6479
0.0287,4329
0.00284,5129
-0.107,8742
-0.0449,6429
-0.0633,6054
-0.102,7595
-0.0109,5772
-0.0585,6727
0.355,227
0.269,340
-0.161,8926
0.182,2602
-0.204,8422
0.0155,5051
0.43,215
0.00867,5028
-0.162,8810
-0.407,9870
0.101,2030
0.0188,4735
-0.068,8023
0.117,3236
0.136,1427
0.213,1465
0.0459,4234
-0.259,10121
-0.236,10883
-0.197,9949
-0.0749,5761
-0.306,10889
0.0963,2111
-0.121,8499
-0.117,8376
-0.246,10072
-0.304,5725
-0.0449,5617
0.209,542
0.0474,3454
-0.00357,5557
0.358,2689
-0.255,10395
0.0721,2934
-0.159,9839
0.0273,4739
0.239,315
-0.445,9910
0.412,1288
0.0799,2847
-0.0342,6646
0.0374,4192
-0.155,8898
-0.0718,6654
0.00828,5307
-0.0355,6816
0.0215,4647
0.138,2437
0.0399,4386
-0.321,8591
0.0605,4360
0.0682,2449
-0.155,9983
0.00379,5382
0.045,4138
-0.367,10391
-0.274,10020
0.161,2150
-0.173,9628
0.349,527
0.102,2277
0.444,607
0.209,2544
-0.221,10486
-0.0383,6400
0.401,947
-0.0958,7510
-0.112,7408
0.209,1198
-0.137,9018
0.148,1072
0.172,2324
0.0871,4208
0.303,1676
-0.0931,6896
-0.0482,7648
-0.0581,7377
-0.0237,6039
-0.26,9673
-0.189,9736
-0.486,10810
-0.0789,8394
-0.145,8288
-0.048,6455
-0.086,7608
0.0326,4419
-0.0822,7521
0.0144,5031
0.19,1400
-0.00631,5639
0.482,265
0.179,1977
-0.0435,6256
0.0334,4125
0.0357,3578
-0.104,7330
-0.0277,6052
-0.116,7677
-0.0158,5406
0.0534,3875
0.0872,3390
0.0983,2493
0.14,1921
-0.0662,6815
-0.0377,6762
-0.227,11022
0.109,3428
-0.0162,5951
0.337,1587
0.155,2252
0.108,1884
-0.0508,8372
0.0146,4937
0.157,2237
0.393,166
-0.379,9799
0.118,1827
-0.0237,6253
0.137,1399
0.649,206
-0.421,8194
-0.0122,5223
-0.21,9754
-0.0259,5980
-0.174,9428
0.201,627
0.13,3036
-0.291,9899
0.24,580
-0.0248,6576
0.0662,3541
0.0375,4366
0.0686,3333
0.0493,3653
-0.0376,6729
0.118,2150
0.255,1572
-0.152,8511
-0.334,10619
-0.432,10346
-0.163,8993
-0.00546,5335
-0.649,10174
-0.151,7379
-0.501,9339
-0.0667,6068
-0.118,8141
-0.118,9289
0.16,1588
-0.0499,6748
-0.151,7865
4.94,31
0.139,1447
-0.46,10346
-0.269,9773
0.373,690
-0.275,9862
-0.143,8376
-0.107,8636
-0.323,10924
-0.0845,8114
-0.257,6465
-0.153,8492
-0.0795,7454
-0.0257,5752
0.0452,4074
-0.192,8423
-0.0737,6941
-0.443,9571
-0.503,9873
0.0604,3106
-0.0197,6464
-0.0907,7716
-0.291,10693
0.143,3475
-0.00428,5127
0.0944,2751
-0.341,10802
0.019,4756
0.277,1361
-0.446,10886
0.266,443
0.0586,3215
0.041,3930
-0.0746,7115
0.316,870
-0.0189,6301
0.0424,4312
0.0244,4201
-0.0136,5364
0.138,2751
-0.145,9263
0.387,387
0.00352,5404
-0.017,6178
0.154,1334
0.137,2322
0.0587,3488
0.17,3589
0.31,1494
0.0295,4461
0.116,2695
-0.0283,6066
-0.0132,5478
-0.258,10888
-0.264,7150
0.125,865
0.0895,1330
0.108,3411
0.00941,5016
-0.176,8353
-0.123,7893
-0.0553,6152
0.00923,4936
0.0139,4825
-0.0613,6544
0.261,1893
-0.267,10585
-0.0808,9107
0.399,814
-0.0874,7564
0.0694,2996
-0.25,10084
-0.0284,5627
0.0941,2436
0.0106,5202
0.275,1012
0.391,1719
-0.0754,6530
0.173,3420
-0.144,9958
-0.114,10144
-0.0412,6397
-0.0914,8013
0.678,868
0.18,1632
-0.0527,7051
0.267,140
-0.0746,6309
0.19,1922
-0.058,6986
0.0763,3154
-0.0536,8069
0.0234,4389
0.552,217
-0.0506,7142
-0.261,9410
-0.201,9155
0.102,1833
-0.205,8812
0.141,3055
-0.0985,6426
-0.0881,7791
0.263,1881
-0.156,8010
-0.0629,6611
-0.048,6675
0.097,1697
0.0554,3447
0.0469,3646
-0.0181,5971
-0.153,9765
-0.018,5644
-0.154,9317
-0.0439,6731
-0.138,8415
-0.172,8851
-0.0771,7104
-0.318,10025
0.235,60
-0.101,9190
0.0535,3717
-0.0668,6445
0.184,2004
0.17,1406
-0.125,8804
-0.314,10672
0.0419,4374
-0.0849,6575
-0.281,10379
-0.308,10084
0.0648,3226
-0.158,8904
-0.139,8596
-0.164,9725
-0.165,7780
0.167,938
0.169,1786
-0.475,10639
0.296,455
-0.177,9519
0.352,809
-0.209,8161
0.0177,4839
0.0192,4394
-0.182,9484
-0.0107,5778
0.28,1416
-0.39,10517
-0.00784,5652
0.0314,4474
-0.377,10691
-0.0387,5942
0.134,3255
0.42,1113
-0.00369,5335
0.234,497
0.0813,1737
-0.0189,5430
0.289,1304
-0.0851,5942
0.111,2828
-0.246,10956
0.12,1802
-0.0548,7697
0.187,1576
0.0479,3604
-0.147,9534
-0.189,9347
-0.0668,7032
0.332,303
0.0926,2858
0.0457,4033
0.0763,2539
0.194,1490
0.149,2348
-0.0139,5585
0.0402,4363
-0.0254,6285
-0.218,9247
-0.111,8670
0.082,3418
0.211,1073
0.0382,4483
-0.228,9457
-0.0339,6031
0.165,1863
0.308,298
0.0734,3892
0.053,4372
-0.0106,5856
0.155,2268
-0.404,10569
-0.181,8812
0.37,758
-0.157,10039
-0.176,8614
-0.303,9569
-0.396,10547
0.0166,5006
-0.263,9403
0.0404,4611
-0.0609,7019
0.0706,2862
-0.115,8531
0.263,1041
0.0931,3689
0.14,2627
0.4,431
0.0978,3137
-0.151,9395
0.125,2306
-0.0472,6640
0.562,20
-0.0557,7492
0.0763,2353
-0.349,9000
-0.145,7858
-0.291,10567
0.114,2873
0.104,1071
-0.242,10492
-0.0496,6578
0.0385,4475
-0.112,8084
0.0871,3702
0.42,508
0.0668,3256
0.186,1254
0.147,2413
-0.0322,5942
0.179,1854
-0.302,10468
-0.049,6666
0.0502,4195
0.0184,4660
-0.0675,6767
0.309,2937
0.203,515
0.101,1216
0.113,2350
0.377,526
0.0625,3362
0.0184,3997
-0.0798,8556
-0.0666,7935
0.0443,4186
-0.58,10924
0.344,1702
-0.0407,6147
0.0165,4864
-0.309,10791
-0.113,7621
-0.0212,5849
-0.0239,6037
1.12,876
-0.0227,5797
0.196,960
-0.00189,5224
0.0576,4111
0.185,2261
-0.291,9012
0.0182,4558
-0.116,9297
-0.0976,8152
-0.0315,6301
-0.0446,6481
-0.0059,4981
-0.00947,5252
-0.162,8113
0.345,2695
-0.255,10648
0.0292,4641
-0.0989,8587
0.176,495
-0.0477,7470
0.056,4280
-0.21,10172
-0.0776,7321
-0.0935,7647
-0.168,10327
0.292,13
0.254,545
0.404,333
0.237,1674
-0.132,6626
0.167,2027
0.0801,2386
-0.0478,6426
-0.457,10304
-0.0229,5760
-0.131,8264
0.00568,5082
0.217,1493
0.0112,4864
0.196,1421
0.678,598
0.239,1275
0.144,296
0.0302,4258
-0.212,9161
-0.0617,6495
-0.184,7781
-0.126,7463
0.0606,3178
-0.0175,6084
-0.0247,6271
-0.296,10515
0.132,3053
0.0149,5149
-0.0909,9161
0.0261,4201
-0.256,8385
0.273,207
0.533,158
-0.308,8440
0.0119,5045
-0.0117,5706
0.0616,3840
-0.23,8183
0.08,3681
0.0912,3789
0.171,1607
-0.284,10762
-0.0335,5978
-0.228,9183
0.209,988
0.0545,4539
-0.015,6220
-0.00077,5897
-0.496,10943
0.111,2740
0.0513,4485
-0.0211,5922
0.17,395
-0.131,9068
0.277,1507
-0.246,9214
0.0715,4299
-0.0279,5430
-0.0937,7537
0.133,3083
0.0622,3499
0.173,1081
-0.18,10231
0.236,1817
0.0662,2506
0.0436,4129
-0.0538,6565
-0.236,10329
0.878,1613
1.5,183
-0.241,10605
0.207,1196
-0.11,8725
-0.346,9917
-0.02,5911
-0.239,7729
-0.134,8592
0.0478,3803
-0.229,9969
-0.716,9453
0.0469,4397
-0.16,7066
0.119,924
0.322,776
-0.137,8465
-0.157,8208
-0.0758,7188
-0.285,9579
0.0914,2652
-0.293,9846
-0.025,5785
-0.319,10547
0.0978,3235
-0.083,6303
-0.0388,6921
0.167,1723
0.0461,4274
0.171,1979
-0.154,7822
-0.0923,7475
-0.0994,9623
0.253,258
0.0159,5063
-0.0412,6609
-0.435,10541
-0.258,9860
-0.0308,6665
0.0762,3186
-0.462,10871
-0.117,8032
-0.192,10933
-0.142,6826
0.0553,3123
-0.057,8348
-0.0243,6225
-0.157,10174
-0.341,10783
-0.0393,6372
0.494,316
-0.0205,6080
0.0199,4500
-0.0885,6674
0.0787,3773
-0.293,7996
1.3,400
0.156,270
-0.0242,6598
0.278,1297
0.0804,2816
-0.244,9968
0.00707,4596
0.089,2193
0.0952,894
0.0331,4398
-0.486,8896
-0.511,9414
0.00519,4927
0.731,365
0.0486,3447
-0.128,7377
-0.323,10424
-0.0409,6740
-0.00351,5659
0.0451,4012
0.0154,4857
-0.148,7838
-0.0872,6755
-0.193,9088
0.322,752
-0.00598,5564
-0.313,10894
0.307,1475
-0.132,6541
0.631,104
0.000117,5403
-0.216,9501
0.147,2689
-0.0998,7218
-0.0262,5720
-0.101,6265
-0.221,9550
0.0223,4726
-0.138,9401
-0.575,9265
-0.0926,6627
0.0853,4139
0.307,1207
-0.0642,7810
0.14,1257
-0.297,7916
-0.0093,4978
-0.181,5581
0.162,3502
0.0342,4606
-0.151,4882
0.302,2385
-0.537,10965
-0.249,10424
0.0757,4405
0.214,1504
0.0413,4683
0.4,248
0.206,1682
0.18,921
-0.27,10806
0.299,1349
-0.0536,6567
0.00572,5096
0.158,3293
-0.0406,6514
-0.053,6701
0.0114,4976
0.251,2274
0.0173,4480
0.0554,3693
0.0919,3990
-0.00802,5612
-0.191,10568
-0.0168,5658
-0.0414,6555
-0.213,9962
-0.0786,8917
-0.0853,8763
-0.329,9957
0.27,1754
-0.141,6717
-0.329,10814
-0.444,10744
0.0135,4261
-0.497,9466
0.126,3681
0.34,1431
-0.104,7411
0.23,875
-0.085,8014
0.0839,3140
0.0222,4872
-0.0163,5555
-0.193,9583
-0.128,9880
0.00459,5180
-0.0893,7478
-0.0605,6795
0.143,2655
0.0245,4688
-0.0534,7718
-0.162,10762
-0.267,8503
0.34,2437
1.07,642
0.175,1265
-0.122,8473
0.0228,4576
-0.0494,6087
-0.104,8003
-0.0644,7071
0.00228,4970
0.145,1060
-0.259,8348
-0.383,10872
-0.11,6726
-0.15,8147
-0.165,10198
0.0757,3413
-0.207,8910
-0.0329,6219
0.0401,4330
-0.223,8346
0.115,1533
-0.0363,5875
0.159,2022
0.112,2649
0.227,1016
0.147,1524
-0.0547,7421
0.107,2561
-0.0343,5582
0.547,233
-0.261,10212
-0.345,7917
0.0171,4577
0.0387,4548
0.357,1039
-0.298,10846
0.563,134
0.0143,4840
-0.0593,6207
-0.0926,7142
-0.0357,5906
-0.086,8302
-0.00129,5093
0.0241,4619
-0.0639,7294
0.0365,3463
-0.17,9386
-0.434,10949
-0.448,10942
-0.0242,4766
-0.074,7680
-0.0996,8535
0.159,2082
-0.104,8671
0.623,526
0.468,1494
-0.0912,8301
0.027,3751
0.637,246
-0.136,9086
0.455,264
-0.101,8098
0.0282,4232
0.0155,4799
0.23,1648
0.453,143
-0.0643,7118
0.17,2007
-0.00863,5635
0.0423,3543
-0.0443,6380
0.0235,4497
-0.274,9714
0.0658,3446
0.406,1618
0.258,512
-0.0384,5801
0.283,1519
-0.269,10792
0.197,2213
0.0313,4162
-0.149,9460
-0.0259,5929
-0.153,7940
0.208,2449
-0.202,8661
-0.231,10865
0.11,3011
-0.0965,7268
-0.071,7428
-0.328,7522
-0.199,10345
-0.218,9570
0.101,2014
-0.141,9400
0.144,2065
-0.108,7623
-0.241,6904
-0.28,10708
-0.167,9843
0.142,1072
0.0438,4144
0.0365,4371
-0.135,9146
0.312,28
-0.000739,5405
0.131,3255
-0.0729,6648
-0.202,8371
-0.0676,6493
-0.125,9067
-0.0355,5849
-0.169,7459
-0.205,9506
0.299,1728
0.288,662
-0.0274,6065
0.0332,4388
-0.361,10381
0.0674,4042
0.488,1596
0.315,959
0.275,1221
-0.0662,7853
-0.178,9066
-0.335,10199
0.812,1189
0.116,2288
-0.253,9382
0.0995,3252
-0.258,10960
0.0873,3976
-0.0157,6106
0.221,1467
-0.135,9194
-0.225,10063
-0.318,10287
-0.0884,6101
-0.00303,5052
-0.136,10229
0.139,1978
-0.438,8179
0.141,2969
-0.11,7499
-0.0146,5716
0.0215,4729
0.111,1224
-0.142,10400
0.133,1417
-0.0733,7023
-0.227,10780
0.1,2018
0.0345,4315
0.0279,4530
-0.166,9936
-0.151,7991
0.129,1288
-0.0992,8613
-0.0391,7042
-0.0958,7038
0.139,1506
0.293,1900
0.263,1775
-0.186,8814
-0.0329,6482
-0.123,9231
-0.147,8929
-0.0713,7136
-0.18,8443
0.0868,3421
0.0813,1753
0.268,879
-0.37,10628
-0.00852,5512
-0.145,9174
-0.141,9567
0.0446,2934
0.365,168
0.0115,5010
-0.0758,6434
0.185,3094
-0.0425,6346
0.224,138
0.0623,3889
-0.224,10160
0.141,2474
-0.488,8705
-0.15,9527
-0.205,9843
-0.397,9179
0.221,1233
0.21,1516
0.0728,3269
-0.0753,7045
0.156,2044
-0.178,8393
0.135,2426
-0.23,7386
-0.383,9911
0.0253,4430
0.05,2514
-0.0179,5941
-0.101,8129
-0.0291,6516
-0.0402,6265
0.145,1261
0.147,1365
-0.0689,6512
0.185,904
-0.021,5302
0.0423,4487
-0.192,10506
0.0261,4032
0.0966,3045
-0.219,10510
0.0261,4599
0.00244,5037
-0.144,9610
-0.103,8608
-0.119,7423
0.0969,3755
0.204,1863
0.18,1292
-0.524,8536
-0.0945,8768
0.00237,5270
0.17,1918
0.405,833
-0.0117,5562
-0.143,9724
0.401,393
-0.00658,4965
0.348,669
-0.0969,8257
-0.264,9817
-0.0901,7705
0.262,1223
0.00162,5242
-0.18,9315
0.0226,4450
-0.258,7824
0.125,186
-0.139,9571
0.102,2246
-0.343,10843
0.189,2663
0.324,346
-0.218,9736
-0.142,9845
0.273,253
-0.125,8154
0.256,601
0.163,3369
0.552,193
0.202,921
-0.409,10815
-0.197,9690
0.0727,4050
-0.0756,7356
0.191,906
-0.0693,7290
-0.0192,5787
0.104,3227
0.27,1332
-0.0759,7638
-0.278,9551
0.0895,2996
0.29,755
0.0849,3685
0.0945,2566
-0.00641,5560
-0.124,9460
-0.203,9345
0.13,2782
0.28,2364
-0.269,9448
0.144,2730
0.0156,4572
-0.0807,8252
0.359,166
-0.265,9851
-0.119,6193
0.249,2569
0.182,248
0.12,2731
-0.318,9933
0.219,1522
-0.196,6731
0.196,1505
0.208,654
-0.015,6110
-0.293,8613
-0.17,8556
0.351,1267
-0.296,9799
0.0398,4094
-0.381,10341
-0.252,10756
-0.219,9213
-0.0465,6848
-0.554,10671
0.0448,3139
-0.0102,5912
-0.238,10322
0.172,2537
0.0356,4693
0.318,1449
0.0205,4565
0.0221,4680
0.589,3
-0.115,9103
0.184,2456
-0.263,10333
0.0152,4292
0.0162,5008
-0.115,6962
-0.0268,5976
-0.187,9388
-0.159,8012
-0.197,9396
-0.0832,10756
-0.0833,7433
0.383,794
0.174,2776
-0.18,9598
-0.0401,7272
-0.0883,7338
-0.342,7546
0.0732,3618
-0.14,7451
0.199,1036
0.0526,3476
-0.104,7984
-0.296,10645
-0.21,9896
0.0383,4406
-0.221,10294
0.119,1400
0.164,188
-0.0336,5785
-0.282,10771
0.395,1131
0.0758,3277
0.135,1994
-0.145,9160
-0.0993,8462
-0.237,9126
-0.093,8704
-0.316,9110
0.0104,4817
-0.0532,6965
-0.23,9187
-0.0011,5301
-0.164,8774
-0.167,9270
0.063,3168
-0.0738,8195
-0.176,8506
0.182,2495
0.000157,5230
0.0709,3544
0.0372,3961
-0.123,9212
-0.261,10043
0.064,3336
1.12,642
-0.084,6775
-0.00035,5167
-0.0539,8327
-0.348,10514
-0.0401,6188
0.0338,4473
-0.0414,6379
0.174,1348
-0.236,10329
0.166,2437
-0.216,7189
0.23,1738
0.229,1454
-0.0401,6799
-0.256,9922
-0.459,8532
0.13,2623
0.509,492
0.0674,4024
-0.0345,7842
0.0691,3168
-0.214,9239
0.0494,4033
0.0584,3830
-0.25,9885
-0.0443,7464
0.209,503
0.0667,3970
-0.415,10722
0.535,144
0.157,2376
-0.0243,6529
-0.226,10341
0.088,3749
0.27,1207
-0.131,8932
-0.0904,6889
-0.00747,5653
0.0798,2601
0.295,2133
0.544,321
-0.278,6208
-0.0827,6355
-0.0224,5893
-0.252,10679
0.341,1050
-0.164,8256
-0.0116,5606
0.147,2551
-0.113,8869
0.00353,4979
-0.234,4913
-0.123,7739
0.0969,2008
-0.257,9629
0.178,2259
0.0358,4366
-0.153,4689
-0.16,7914
-0.127,8409
0.207,2981
0.335,1096
0.0281,4494
-0.198,6594
0.222,531
0.0978,3938
-0.0478,6968
0.0225,4655
-0.072,7538
0.0621,4189
0.178,2203
-0.32,8663
-0.123,7544
-0.234,8965
0.11,3092
-0.257,9611
-0.235,9278
-0.28,6160
0.0613,3929
-0.0508,7516
0.00124,4972
0.276,1961
-0.271,8388
-0.221,8433
0.249,405
-0.00965,5474
-0.0807,7993
-0.0578,6007
-0.182,9131
-0.599,9735
0.0819,3999
0.109,1858
0.0522,3716
0.172,2360
-0.139,10013
0.482,1374
-0.174,8854
-0.0112,5732
0.182,1127
0.298,2600
-0.463,10883
0.0952,3916
-0.102,7068
-0.239,10588
0.0246,4116
-0.156,8377
0.0208,4577
-0.144,7455
0.0421,4033
-0.145,9203
-0.0714,7991
-0.217,8608
-0.126,8099
0.439,326
0.0134,4763
-0.0757,7766
-0.0537,7411
-0.307,10149
-0.19,8466
0.0828,3897
0.153,3064
0.0903,2572
0.108,962
0.165,2083
-0.557,10039
-0.188,7650
0.261,1116
0.187,1412
-0.0964,9847
-0.0614,6572
-0.128,7810
-0.0703,7489
0.071,3586
-0.0116,5875
0.0922,1876
-0.125,6784
0.00651,5064
0.0308,4826
0.0397,4766
-0.267,10337
-0.0207,5769
-0.0835,8120
0.036,3536
0.0877,3346
-0.355,10058
-0.0476,7590
-0.0165,5505
-0.105,8144
0.135,2959
-0.177,7911
0.262,960
0.0379,3915
-0.0296,5744
-0.000975,5316
-0.153,7586
0.739,13
0.605,1701
-0.0438,6483
0.307,1178
0.561,451
-0.494,9996
0.377,600
0.0504,3965
0.0109,4967
0.0159,4736
-0.184,10489
-0.252,10463
0.0714,4036
0.0545,3871
-0.0252,6263
0.203,1254
-0.0977,7812
-0.0731,8195
0.198,3062
0.0271,4561
-0.196,10715
-0.0989,8603
-0.169,9169
-0.3,10281
-0.0743,6713
0.0719,3475
-0.0879,8008
-0.00519,5452
0.0173,4734
-0.225,9904
0.0409,4353
0.224,2365
0.0427,3893
0.0315,4476
0.0278,4631
-0.136,5607
-0.0414,6773
0.161,1875
0.101,2663
-0.221,9361
0.24,1408
-0.107,9415
-0.0433,6430
0.0502,3599
0.292,163
0.0497,2665
-0.039,7673
-0.0666,8140
0.402,7
0.0794,2937
0.151,2054
0.729,105
-0.0775,7574
0.211,1259
0.408,144
0.168,2105
-0.17,9397
0.0298,4024
-0.266,8771
-0.129,8100
-0.161,10610
0.0646,3641
-0.274,7869
0.488,278
-0.0767,7314
0.388,146
-0.0729,7588
0.595,2078
0.0646,3520
-0.1,7042
-0.08,7625
-0.342,11013
-0.237,7426
0.0619,3719
-0.128,7804
-0.158,8229
-0.197,9101
-0.188,10226
-0.247,9994
0.16,1751
-0.0527,6187
0.00677,4945
-0.146,8553
0.607,152
-0.587,8395
-0.385,9269
-0.116,8180
-0.254,10625
-0.123,8286
0.13,2126
0.147,3111
0.322,2653
-0.145,8423
-0.0358,6440
-0.0855,8855
-0.126,7560
-0.143,9043
0.059,4026
-0.0417,7020
0.00307,5322
0.0379,4710
0.107,2943
0.132,2465
0.22,620
0.0183,4624
0.0596,4076
0.673,286
0.0588,3595
0.316,765
-0.146,9061
-0.263,10851
-0.0461,6563
-0.22,8947
0.102,3238
0.352,1625
-0.1,6101
-0.0586,7181
-0.0529,7577
0.259,612
-0.0889,6834
-0.168,8289
-0.342,9808
-0.119,9093
-0.322,10281
0.00128,5242
-0.191,9418
0.141,1311
-0.047,6520
0.0809,3461
-0.176,9176
0.245,1383
-0.165,9294
-0.0847,6143
-0.114,6550
0.15,1342
-0.0896,9468
-0.194,9475
0.0446,4392
0.186,2055
-0.467,9303
0.0586,3358
-0.211,10114
-0.00417,5358
-0.169,7497
-0.0511,6362
0.182,2322
0.0267,3380
-0.0789,7583
-0.106,7889
-0.0825,6919
-0.22,10040
-0.103,9155
0.0569,3873
-0.0607,7153
0.0565,4585
0.0133,4920
-0.03,5474
-0.12,7499
-0.0491,7112
0.193,809
0.259,1346
-0.0956,7847
0.409,655
-0.0875,6290
-0.221,10235
-0.145,9720
0.0489,4288
-0.0522,6349
1.58,941
0.133,2734
-0.0913,8641
0.00614,5176
-0.0196,5815
-0.00978,5269
-0.615,8292
0.236,2284
0.108,1417
-0.107,8790
-0.0548,6556
-0.331,10715
-0.334,9105
-0.081,7950
-0.00843,5579
-0.218,9711
-0.139,7334
-0.119,8306
-0.0908,7030
-0.0414,6558
-0.0283,6674
-0.06,7220
0.133,3710
-0.0638,7087
0.221,753
0.634,1191
-0.0766,8084
-0.164,9333
0.00194,5333
-0.0595,7049
-0.00944,5641
0.0591,4245
-0.0612,6051
-0.206,10035
-0.696,10935
0.15,1679
-0.537,10021
0.116,2889
0.0678,2956
0.444,313
0.00276,5460
-0.047,6161
-0.307,8872
-0.158,6130
-0.0599,8002
-0.0317,6338
0.0824,3871
-0.318,9064
-0.382,10096
-0.124,8558
0.222,162
0.0779,2813
0.0121,4997
-0.0847,7385
-0.643,10785
-0.0166,5996
0.0358,4413
-0.243,10081
0.0517,3509
-0.211,8828
-0.288,10459
0.106,2962
-0.204,9910
-0.0817,7714
0.216,2587
-0.132,9091
-0.0651,6907
-0.0904,7661
0.228,1554
0.017,4733
-0.173,8837
-0.153,9135
-0.129,8680
0.353,1185
0.0873,2789
0.147,3048
-0.217,9906
0.0857,2557
-0.0116,5610
0.0767,3441
0.0809,1470
-0.0197,6465
-0.187,8524
-0.00218,5320
0.0366,4455
-0.0915,9009
-0.189,9352
-0.0841,7338
-0.18,5271
-0.294,10018
0.429,1456
-0.123,6933
-0.0491,5714
0.2,720
0.279,1314
-0.115,7395
-0.0584,7176
-0.233,8626
-0.192,10146
0.0935,756
-0.263,8328
-0.0886,7499
-0.456,7490
-0.112,8600
0.0154,4718
0.00229,5164
-0.0424,6142
-0.0276,5659
-0.174,8662
0.192,1512
-0.0943,9092
0.109,2228
0.0109,4901
0.114,3027
-0.0967,7397
-0.292,5252
0.53,575
-0.0472,7375
0.334,917
-0.158,8398
-0.102,4798
-0.133,7648
-0.0622,7469
-0.0818,8609
-0.0528,7292
0.182,1063
0.0227,4436
0.331,171
0.161,1164
-0.0349,6187
0.141,2688
-0.2,7448
-0.166,7273
0.00848,4885
-0.182,9748
0.0629,3628
-0.251,9724
-0.0143,5684
-0.0077,5739
-0.126,7578
0.145,1599
-0.288,10872
0.091,3577
-0.0442,7130
-0.548,10922
0.122,3275
-0.08,8873
-0.162,10689
-0.104,7739
0.11,2784
-0.273,10494
-0.468,10969
-0.0386,7395
-0.0931,8827
0.0224,4531
-0.0727,6241
-0.276,8212
-0.0192,5471
0.0794,2424
0.151,1110
-0.18,7862
-0.0382,5803
-0.195,8615
-0.235,6447
-0.0462,7777
-0.0767,8347
-0.197,7749
0.202,960
-0.487,9527
-0.292,10735
-0.125,9875
-0.121,10060
-0.113,7186
0.0628,2719
-0.465,10198
0.236,1312
0.053,4093
-0.0527,7533
0.0666,3751
-0.249,7617
0.293,334
-0.125,5704
-0.126,8567
-0.0691,7781
-0.129,7805
-0.223,8921
-0.287,10539
-0.152,6745
-0.161,9781
-0.0365,6257
-0.666,10200
-0.826,8658
0.223,699
0.169,2729
-0.0247,5322
-0.258,8115
0.0897,3596
0.0169,4571
-0.125,8776
0.434,458
0.3,2061
0.133,3601
-0.53,10897
-0.0589,8130
-0.0692,7953
0.17,1837
-0.0175,6122
-0.0818,7898
-0.0233,5953
-0.0497,7425
-0.0828,8235
0.217,2128
-0.217,9360
-0.268,9607
-0.175,9226
-0.0201,6061
0.0381,3838
0.155,2778
-0.0832,7176
-0.335,10489
-0.00946,5451
-0.0953,7429
0.0232,4763
0.218,3331
0.586,590
0.0862,3102
0.596,113
-0.0945,8385
0.0133,4913
0.224,3464
-0.0173,6092
0.0179,4886
-0.0244,6827
0.135,814
-0.164,10689
-0.254,5414
-0.248,6334
0.431,2273
-0.257,8307
0.195,1386
0.0725,3124
0.0361,4486
-0.488,9544
-0.44,7593
0.347,1866
-0.569,9804
0.259,2988
0.16,2177
0.11,3257
0.133,1488
-0.243,10988
-0.173,7978
-0.237,7552
1.26,313
0.637,1471
-0.275,9953
-0.184,9123
0.0245,4658
0.67,16
-0.0564,6508
0.0372,4586
0.562,49
0.296,511
-0.316,10214
-0.098,7520
0.207,2487
0.148,581
-0.0313,7121
0.0644,3903
0.1,2911
0.0708,3287
0.148,1543
0.118,2996
0.0649,3324
-0.179,10870
-0.829,9355
-0.442,10564
-0.29,9435
0.138,3534
0.097,2967
0.203,2000
-0.377,7598
0.142,3077
0.115,3069
-0.0623,6290
-0.0805,9179
-0.335,9591
0.0928,3644
-0.663,8131
-0.257,9116
0.00589,5434
-0.00932,6492
0.201,1900
-0.105,7786
-0.12,7229
-0.133,8510
0.0401,4035
-0.33,10591
-0.209,9887
-0.00565,5477
0.336,498
0.107,3339
0.192,1733
0.016,4731
0.112,3802
0.0401,4329
0.0725,4244
-0.266,10977
0.00696,5380
-0.138,8306
-0.0268,5896
0.0764,3255
0.19,2633
-0.138,7203
0.165,3056
-0.0967,9092
-0.0159,5564
0.132,2956
-0.082,7363
-0.0293,6472
0.00303,5437
-0.0728,7820
0.174,2774
-0.0705,6540
-0.16,9809
-0.648,10521
0.00892,4871
-0.144,9397
0.805,167
0.141,2898
0.0876,3437
-0.2,9523
0.111,2385
0.247,1710
-0.224,9274
0.244,1422
0.126,2970
-0.00697,5914
0.0618,3143
0.0982,2541
-0.434,9837
-0.0575,7060
0.031,4647
0.0323,4076
-0.00701,5760
0.0167,4565
-0.0872,8055
-0.383,10362
-0.177,9160
-0.11,7949
0.173,2022
0.0745,2394
0.0102,4847
0.261,440
0.0431,4237
0.281,1339
-0.0535,6982
0.0258,4637
-0.279,10604
-0.136,8562
-0.0517,6417
0.107,2786
0.184,751
0.186,1263
-0.0661,6692
0.0336,4634
-0.0368,6256
0.249,636
-0.202,9499
-0.0184,6227
0.12,2158
0.238,1166
-0.0106,5859
0.0329,4292
-0.169,10073
0.469,535
0.297,665
0.0181,4633
-0.567,7398
0.215,343
-0.23,9915
-0.228,10463
0.94,1135
-0.0401,5898
0.361,882
-0.141,9351
0.00757,4974
0.262,806
-0.0152,5539
-0.254,10137
0.00705,5133
-0.0853,7733
-0.113,9139
-0.457,10367
0.266,348
0.153,2717
0.0756,3554
-0.132,7607
0.0457,3518
-0.107,8286
0.385,301
-0.0253,6179
-0.452,9951
-0.129,8863
0.0806,2961
-0.519,10676
0.0564,4269
-0.364,9102
0.125,1901
-0.0826,6942
-0.139,8446
-0.016,5740
-0.181,8054
0.403,814
0.17,1605
0.109,2141
-0.0653,7514
0.478,102
-0.085,7825
0.0846,2867
-0.177,9764
-0.00536,5471
-0.157,8742
0.282,521
-0.129,8303
0.109,2291
-0.199,10149
0.135,2522
-0.0998,8135
-0.184,10001
0.119,2897
-0.204,9719
-0.0149,6098
-0.131,10791
0.228,1165
-0.202,9972
0.407,314
0.165,3518
-0.0179,5862
0.0189,4640
0.295,1388
-0.0606,6343
0.235,937
-0.0127,5259
0.11,2564
0.0264,4542
0.0132,5210
0.0524,4545
1.3,716
0.0604,4135
-0.238,9035
0.00011,5338
-0.00857,5665
0.799,618
0.23,1715
0.16,1714
-0.00142,5763
-0.0116,5926
-0.446,10587
0.0144,4928
0.225,1544
-0.0173,5678
-0.0317,6615
0.38,66
-0.105,7898
0.00604,5225
-0.0678,7957
-0.0406,6453
-0.0289,6443
0.129,1256
0.16,1978
0.13,2241
-0.000996,5370
-0.176,10516
-0.508,10977
0.158,1441
0.0791,3639
0.131,2127
0.714,630
-0.0897,6950
-0.155,9651
0.23,943
0.203,1833
0.0449,4183
-0.149,7244
0.0716,3785
-0.152,9766
0.067,2656
-0.0736,6706
-0.182,7423
0.0803,3351
-0.154,9137
-0.0312,7233
-0.144,8935
-0.11,9000
0.0265,4875
-0.0841,7220
0.217,1999
0.182,996
-0.322,10721
0.0118,5115
0.108,2543
0.339,1720
-0.605,9101
0.0279,4587
-0.0246,6537
0.132,2849
0.016,4511
0.0209,4810
-0.176,8968
0.0338,4409
-0.0261,7088
0.278,1373
0.14,2205
-0.0826,6961
0.0197,4706
-0.0674,7220
-0.129,9316
-0.0399,5790
0.28,482
-0.033,5771
0.989,948
-0.137,9059
0.265,1099
-0.00618,5632
0.0677,2805
0.386,159
-0.239,10114
0.159,680
0.192,424
0.274,1137
0.288,442
0.0064,5339
-0.0142,5735
0.128,1552
-0.0619,7058
-0.0225,5985
0.348,135
-0.13,6967
-0.0375,6533
-0.0888,6981
0.089,3503
-0.114,8865
-0.881,10880
-0.213,9285
-0.019,6775
0.0137,5087
-0.124,9039
0.114,2761
0.348,2297
0.241,1206
-0.0147,6378
0.0458,3849
0.215,1349
0.169,1425
-0.241,10886
-0.337,9130
-0.194,10291
-0.249,9721
-0.111,8605
-0.131,7247
-0.211,7814
0.574,458
-0.141,10532
-0.153,9866
-0.0111,5578
-0.258,9871
-0.291,8917
-0.04,6827
0.00954,4913
-0.127,8973
-0.0014,5365
-0.118,8344
-0.184,8740
-0.419,10241
0.162,2469
-0.152,9200
0.602,747
-0.354,10956
-0.148,8616
-0.599,10326
-0.0247,5765
0.275,1119
0.318,1502
-0.182,9573
-0.0657,6619
0.306,1422
0.0773,3171
0.151,2172
0.0774,3127
-0.399,10805
0.127,3414
-0.259,8946
0.117,2650
-0.0772,8102
0.139,2718
-0.0526,5503
-0.519,10920
-0.206,8866
0.022,4702
0.00141,5467
-0.149,9410
0.188,2072
0.0534,3401
0.0544,4055
-0.018,5586
-0.0573,7538
-0.321,10253
-0.106,7540
-0.126,8605
0.0625,3910
0.0773,2258
-0.0795,8829
-0.00901,5528
-0.107,8345
-0.414,7892
0.00819,5242
-0.305,9850
0.0866,2680
0.0159,4801
0.196,2154
-0.268,9713
0.169,2297
0.0444,3901
-0.0169,6384
-0.144,7982
-0.161,9812
0.022,4693
0.0496,3953
0.21,1231
0.0339,4347
-0.468,7221
0.0114,5449
0.022,5003
-0.208,8353
0.042,4266
0.0985,1742
0.485,288
-0.076,6435
-0.35,10446
-0.196,6849
0.0267,4005
-0.109,8724
0.0957,3866
-0.00701,5530
0.421,1575
-0.331,10698
0.172,1097
-0.0208,5980
-0.198,9388
-0.186,8161
0.276,1800
0.181,2767
0.074,3496
-0.198,9525
-0.458,6908
-0.0515,7232
-0.0691,7647
-0.287,10382
0.0539,2938
0.094,1744
-0.0988,7053
0.219,1346
-0.36,9332
0.192,820
0.176,1831
-0.0601,6621
0.498,664
-0.151,8807
0.0219,4568
0.169,2220
0.194,672
-0.163,9705
0.264,3320
-0.0212,5839
-0.27,10952
0.319,1157
-0.15,9877
-0.0227,6959
0.574,2034
1.82,776
0.108,2652
0.377,683
-0.188,9425
0.2,729
-0.118,8025
-0.111,7674
-0.0135,5505
-0.073,8830
-0.0217,6728
-0.0785,7365
-0.131,7835
-0.348,8656
-0.227,9012
0.182,2782
0.316,1064
-0.24,9369
-0.158,10240
-0.183,10127
0.0402,4455
-0.115,8290
0.147,69
0.0401,3860
0.00637,5069
-0.0259,5937
-0.454,9346
0.199,1621
-0.0606,7174
0.111,3793
0.734,0
-0.0105,5601
0.568,550
-0.56,10830
-0.167,9450
-0.473,8955
-0.148,9173
0.118,3252
-0.0931,7166
0.906,366
0.0341,4288
-0.0239,6396
-0.0936,8086
-0.27,9934
0.21,618
0.236,1705
-0.0462,6483
-0.221,10128
-0.0434,6787
0.0205,4900
0.263,779
0.0973,3703
-0.466,8372
0.625,284
0.0588,3893
0.111,3000
0.0209,4379
-0.338,9994
-0.0708,7560
-0.169,10394
0.000775,5302
-0.305,9911
0.305,1459
0.261,1881
-0.0184,5563
-0.0755,7353
-0.0252,6694
-0.0172,5997
-0.0852,7752
-0.0796,6573
-0.418,10193
-0.0374,6844
0.0466,4181
-0.352,10975
-0.00688,5506
-0.25,9958
-0.359,10429
0.0194,3963
0.131,1295
-0.142,8708
0.129,1200
-0.186,10070
-0.0801,6242
0.0215,4797
0.0771,3210
-0.28,9503
0.0706,3816
-0.00554,5415
-0.0903,7670
-0.0189,5706
0.053,4180
0.115,2831
-0.0514,6398
-0.0229,6152
-0.283,10911
-0.461,10918
-0.106,5829
-0.752,10949
0.234,1002
-0.11,8385
-0.0179,6398
-0.577,10014
-0.0275,5918
0.238,2200
0.327,561
0.384,18
0.19,1351
0.0819,2385
0.277,264
0.0413,4379
-0.112,7121
0.0682,3200
0.0478,2708
-0.228,9076
0.0549,4581
-0.326,10470
0.523,996
0.0808,3080
-0.0377,6733
-0.103,7417
-0.155,9437
-0.408,9314
0.0539,3898
-0.0429,6597
-0.221,9839
0.0691,3237
-0.168,9682
-0.456,10283
0.368,569
-0.147,9901
0.0498,3961
-0.101,8285
0.376,798
-0.257,9484
-0.148,9208
-0.0284,6256
-0.0158,5970
0.061,3987
0.163,2407
-0.308,8527
-0.0315,6255
0.0271,4958
0.00725,4968
-0.111,9042
0.0209,4324
-0.167,9452
-0.284,10351
0.137,1089
-0.206,8983
0.175,1044
-0.181,9295
-0.203,9633
-0.0685,6777
0.101,3118
0.444,910
-0.079,7708
0.054,4498
-0.0665,6682
0.379,328
0.143,1295
0.103,2004
0.102,3579
-0.283,10460
0.385,462
-0.0278,6525
0.222,1087
0.0335,3757
0.114,3512
-0.0483,6823
-0.127,8326
0.488,537
-0.168,8884
0.0753,3561
-0.195,9472
-0.163,8719
0.128,3620
0.21,1236
0.124,1069
-0.293,10253
-0.154,8110
0.0853,2551
-0.228,9552
0.162,1532
-0.128,7587
-0.128,8872
-0.299,10545
0.377,1727
0.261,3299
0.0769,3218
-0.161,10180
-0.278,10599
-0.198,9254
-0.0149,6051
0.586,421
-0.146,6867
-0.103,8626
0.12,1415
-0.52,10924
-0.0323,5892
0.223,1245
-0.0866,7847
0.141,1939
-0.0438,6357
0.0597,3451
-0.146,8577
-0.229,9843
0.146,2587
0.308,36
-0.0694,7185
0.0258,4853
0.0785,3161
0.787,49
0.282,1604
-0.304,10626
-0.12,8933
0.0107,4986
0.0561,4384
-0.189,9048
0.109,2686
0.295,1593
0.0174,5009
0.03,4504
-0.297,10527
-0.0634,6964
0.0915,3377
-0.117,9834
-0.0187,6033
-0.404,10874
-0.0174,5397
-0.188,7428
-0.0768,7277
0.00419,5285
0.171,1550
-0.0778,7407
-0.0561,6214
0.315,224
0.277,1030
-0.111,7575
-0.257,10982
-0.191,7516
-0.181,8186
-0.0858,8072
-0.00115,5000
-0.0652,7868
-0.2,10780
-0.0921,7868
-0.283,10566
-0.103,8787
-0.085,7805
0.0197,4983
-0.319,10582
0.0119,5073
0.0343,4548
-0.0513,5577
-0.12,9701
0.0138,4846
-0.238,10571
0.111,2517
-0.0595,6238
-0.218,8271
0.0697,4286
0.0274,4560
0.0669,3594
0.0163,4827
-0.00385,5254
0.0112,5136
-0.226,10261
-0.0529,8217
0.131,1037
-0.0638,6447
-0.348,8752
-0.184,8355
0.113,2937
0.0374,4103
-0.104,8933
-0.137,8585
0.0648,3319
0.31,2021
0.273,1370
-0.0736,6997
0.112,1317
0.12,3005
0.0133,4732
-0.17,6045
0.0275,4580
0.126,1010
0.179,1430
-0.0348,6374
-0.137,8196
-0.0297,6728
-0.333,10819
-0.109,8251
-0.0205,5760
0.141,1668
0.347,1140
0.0927,2893
-0.0801,7536
-0.107,9177
0.231,459
0.00379,5076
0.496,1242
-0.431,9985
0.578,40
-0.265,10421
-0.0777,7545
0.165,2736
0.115,3507
0.248,1638
0.185,2469
-0.223,10308
-0.346,10610
-0.067,6593
-0.111,8497
-0.239,10163
0.00701,5309
-0.0633,8500
-0.0275,6948
-0.0742,6734
0.653,66
-0.125,8694
-0.0413,6841
0.197,878
-0.0378,6586
0.0223,4696
-0.12,7754
-0.228,7095
-0.296,8503
0.00103,5309
0.11,2551
-0.194,10444
0.151,2000
-0.00121,5177
0.00805,5137
-0.057,7724
-0.0586,8064
0.156,3138
0.0793,3198
-0.423,10432
0.384,377
-0.103,8762
0.0904,3117
-0.0732,6892
0.0203,4782
-0.316,8420
0.103,3795
0.221,1352
-0.042,8401
0.0886,2994
0.104,2472
-0.184,9428
0.0265,4624
-0.176,8492
-0.22,10447
0.7,388
0.268,1684
-0.326,9892
0.0631,3879
-0.355,10946
-0.16,10201
-0.0343,6288
0.382,1013
-0.2,9292
0.158,2591
-0.18,10357
0.0731,2917
0.258,2415
0.016,4717
0.0429,4516
0.165,1608
0.0549,3465
0.066,3377
0.298,1095
0.0341,4504
-0.116,7731
-0.177,7212
0.504,201
-0.0986,8557
0.138,2029
0.213,2100
-0.158,9633
0.0997,419
0.0718,2834
0.113,1659
-0.0531,7093
-0.319,9391
0.327,634
0.0387,3982
0.197,2005
0.00861,5139
-0.305,10564
0.125,1944
0.175,2603
0.323,1639
0.147,1981
-0.135,10590
-0.252,10472
0.0104,5311
0.256,2505
0.0217,4735
-0.293,10348
0.043,3707
-0.0429,5895
0.085,3623
0.117,3895
-0.277,9194
0.0113,4794
-0.0513,7301
0.315,1341
0.265,1880
0.0614,3651
-0.181,10187
-0.213,8717
-0.167,10153
-0.115,7918
-0.0148,6181
-0.182,9447
0.407,922
0.328,941
0.0883,3039
0.0418,4395
0.054,4382
0.414,373
-0.124,8206
-0.183,10286
-0.326,10012
0.41,895
0.0462,4177
0.141,1702
0.19,944
0.242,71
0.00939,4874
0.434,233
-0.21,7867
-0.437,10980
0.0782,3749
-0.141,10777
0.223,514
0.479,901
0.14,2355
0.145,2510
-0.0397,6280
-0.136,7757
-0.118,9915
0.175,1677
0.0826,4174
-0.258,9450
0.33,508
-0.092,6727
0.231,555
-0.0477,6644
0.319,1860
-0.316,9301
0.0492,4180
-0.156,9332
0.184,859
0.237,1352
-0.0841,7396
0.0557,4380
-0.202,10031
0.248,478
-0.368,11026
0.309,854
-0.371,10441
0.0692,3975
0.0873,3814
-0.106,10385
-0.0502,7214
-0.142,10363
-0.303,9476
-0.0132,5372
0.0705,3678
-0.113,8926
-0.0538,6596
0.172,2291
-0.0954,8354
0.00719,4922
-0.124,9529
-0.16,9684
0.342,432
0.147,1542
-0.0709,6416
-0.342,9913
-0.0408,6547
-0.0583,8393
0.122,2659
0.0635,3494
0.104,2518
-0.176,7229
-0.0806,8551
-0.125,9254
-0.0419,6609
-0.0537,6476
-0.0652,5536
0.0533,4284
0.661,110
0.00571,5394
-0.286,9455
-0.0265,5867
0.0376,4763
0.122,3588
-0.0781,9284
-0.0288,6170
-0.0529,5751
0.0209,4871
0.0889,3421
-0.0493,6751
0.0033,5214
-0.102,8961
-0.21,9505
0.668,347
-0.11,5514
0.0273,4797
0.0289,3114
0.0583,3284
-0.253,10259
0.109,1777
-0.43,7886
-0.108,6379
0.24,1170
-0.0488,6782
0.0605,3770
-0.0975,7662
0.196,867
-0.0686,5721
-0.0164,6071
0.212,283
0.0125,4989
-0.196,8327
-0.46,9910
0.208,1823
-0.0251,6007
0.185,3653
-0.28,10194
0.106,2799
-0.123,8017
-0.148,8752
-0.0956,9140
0.0996,2871
0.106,2796
-0.258,10076
0.1,3414
-0.169,7651
0.031,4651
0.0203,4622
0.0757,2772
-0.379,9415
-0.349,7635
0.223,2460
-0.164,10034
0.0211,4428
0.245,916
0.0502,4291
0.31,1859
0.0416,3862
-0.22,8768
0.221,1227
-0.127,8725
-0.111,8371
0.0649,2418
-0.0471,7305
0.146,802
-0.0723,8677
0.283,3249
-0.396,6073
0.179,1624
-0.124,7617
0.00757,4189
-0.0234,5625
-0.455,10012
0.0765,4182
-0.241,8577
-0.0448,5489
0.0114,4852
0.15,2137
0.0978,3397
0.307,1313
-0.0782,6076
-0.364,10722
0.41,173
-0.0748,6768
-0.148,10249
-0.0935,8527
0.246,320
0.161,1458
-0.0133,5716
-0.129,9629
0.175,2446
-0.441,9784
-0.439,10498
-0.268,9495
0.178,1066
0.134,2268
-0.375,10788
0.0319,4487
0.0891,3703
-0.054,6483
-0.183,10969
0.063,3547
-0.291,10024
0.174,1374
-0.248,6806
0.0305,4577
-0.16,9180
0.183,2045
-0.136,8218
-0.0567,7628
0.134,3329
0.0924,3961
-0.0541,7817
0.173,1006
-0.342,10274
-0.329,9712
0.0569,3759
0.0391,4558
0.0089,4948
0.0777,3241
-0.12,7689
-0.106,7641
-0.107,7583
-0.386,7728
-0.105,8669
0.0628,3814
-0.237,8751
0.0794,3242
-0.377,10824
-0.203,8473
0.0374,3923
0.0214,4627
-0.00338,5371
-0.212,9376
0.166,2418
-0.52,10429
-0.116,7544
-0.0904,7152
-0.253,9345
0.636,1854
-0.309,10026
-0.288,6002
-0.173,9527
0.0232,4263
-0.925,9353
-0.16,7643
0.0235,3989
0.166,2659
-0.203,10648
-0.273,11007
0.0339,4358
0.0675,3943
0.0466,4369
-0.39,10214
0.00199,5302
-0.147,9476
-0.0525,7179
0.272,2037
-0.208,9478
-0.136,7541
-0.146,8821
-0.23,10681
-0.165,7871
-0.129,7199
-0.172,8290
0.132,2955
0.158,2460
0.0241,4377
0.0313,4862
-0.135,8237
-0.373,9397
0.0929,3872
0.112,2991
-0.0587,8297
-0.287,10812
0.159,2601
0.786,133
-0.00793,5595
0.154,1280
-0.0489,6236
-0.106,7357
0.197,2418
-0.169,7948
-0.247,10744
-0.187,10090
-0.0693,7221
-0.0688,7635
-0.0889,9098
0.226,1419
-0.0665,7287
0.0571,3747
0.335,123
-0.154,8161
-0.181,9308
0.00649,5131
0.182,2409
0.193,773
-0.134,8366
-0.231,10207
0.0845,3487
-0.104,6689
-0.0499,6697
0.159,837
0.125,2300
-0.0306,6432
-0.0341,6214
-0.124,8788
-0.101,5932
-0.157,10383
-0.317,10574
0.00658,4966
-0.257,10661
-0.129,6773
0.121,3597
0.0706,2650
0.00159,5365
-0.00819,5598
0.255,1911
0.537,622
0.238,931
-0.0302,6099
0.0664,2746
0.208,1015
-0.181,9578
0.77,407
0.196,797
0.152,683
-0.152,10033
0.238,991
0.0338,4847
-0.402,10776
0.216,3221
0.0557,2995
-0.326,10698
-0.338,10071
0.125,3186
-0.0129,5897
0.0274,4292
-0.0338,6178
-0.0809,8260
0.066,3179
-0.0791,7839
-0.105,7095
-0.291,10294
-0.146,7875
-0.208,8700
0.138,3148
-0.0736,6213
0.0557,3891
-0.148,9277
-0.202,9270
0.196,2808
-0.00542,5773
0.048,4366
0.0752,3292
0.0609,1943
0.286,865
0.146,1775
-0.0459,6190
-0.107,8367
-0.112,10002
0.0243,4707
-0.236,10040
-0.0584,6780
-0.383,9839
-0.0675,7343
0.247,1081
-0.0447,7045
0.699,424
-0.0841,7342
0.386,668
-0.176,8897
-0.0727,8363
-0.0067,5646
0.248,1413
-0.191,10072
0.313,1080
0.0542,3031
-0.173,10368
-0.0502,6525
-0.0792,7805
0.45,269
0.0198,4799
0.115,2075
0.128,1828
0.138,2612
-0.157,9611
0.174,1955
-0.00205,4889
-0.176,9236
0.0997,1173
0.181,1446
-0.0354,7426
0.587,230
-0.000311,5254
0.00408,5473
-0.0569,7681
-0.201,9823
0.371,1314
-0.456,10712
-0.16,8622
-0.077,7462
-0.109,9501
-0.154,9220
0.146,2266
-0.0828,7171
0.325,384
0.0662,3257
-0.275,10617
-0.0859,7147
-0.082,7146
0.0948,2786
-0.0312,5669
0.08,1597
0.096,2631
-0.0895,7968
0.221,964
-0.0493,6509
-0.298,9499
-0.0191,6156
0.0259,4427
-0.0425,6104
0.364,209
0.366,262
-0.029,6464
0.227,1093
0.0343,4329
-0.3,8149
-0.0897,7687
0.0125,5087
0.219,2318
-0.154,8798
-0.0423,6763
0.233,1091
-0.132,8368
0.466,1545
0.197,786
0.146,2430
0.26,832
0.142,2266
-0.0776,6320
0.313,914
-0.0261,6168
-0.097,8201
-0.135,8436
0.177,2169
-0.15,7839
-0.169,9604
-0.208,10400
0.0646,3489
-0.264,8782
-0.204,9415
-0.423,10334
-0.117,7056
0.152,2164
-0.035,5985
0.232,1971
-0.0887,7971
-0.108,7381
-0.0256,5412
-0.115,10331
-0.164,8320
0.519,343
-0.624,10961
-0.243,9368
-0.0821,7115
0.0361,4099
-0.0316,6466
0.165,2588
0.0961,3572
0.207,1656
0.121,2145
0.0554,4069
-0.0192,5666
-0.0416,5688
0.471,247
-0.177,9671
0.282,1193
-0.182,9092
0.121,2759
-0.00307,5339
0.144,2504
-0.0473,6236
0.064,4193
-0.111,8840
0.0806,3406
-0.089,8302
-0.0264,5955
-0.079,8446
-0.086,8133
-0.182,10660
-0.0744,8028
0.0973,2391
-0.178,9310
-0.116,10188
-0.225,9425
-0.165,10292
-0.0422,7724
-0.00246,5232
-0.387,10621
-0.0911,5877
-0.264,9923
-0.0939,7526
-0.0239,7159
0.0224,4762
-0.0121,5677
-0.077,7634
0.0462,4466
-0.173,8911
0.00464,5078
-0.0343,6306
-0.148,8710
0.152,2901
-0.0839,7587
-0.127,9940
-0.0171,5736
0.0148,4966
-0.372,10158
-0.0506,7451
0.194,2830
0.116,947
0.000214,5437
0.256,1939
0.296,1829
0.251,1720
0.454,1749
-0.151,8797
-0.058,6656
0.375,1066
0.18,1783
-0.182,8582
-0.244,8735
-0.0812,8520
-0.026,6236
-0.0774,7427
0.268,598
-0.635,10964
0.768,596
-0.0333,5713
0.171,795
-0.0506,6810
-0.00103,5297
-0.198,9834
0.0468,3794
0.369,154
0.18,1859
-0.112,7602
-0.00917,5544
0.176,1589
-0.661,9770
0.00702,5220
0.0234,4912
0.264,2385
-0.655,10898
-0.255,9914
0.201,2451
0.0284,4478
-0.0155,5630
-0.388,10893
-0.189,8315
-0.0509,6818
-0.297,10770
-0.126,9106
-0.0429,7952
0.279,945
-0.013,5272
-0.484,11005
-0.0636,6693
-0.0783,8709
0.183,1181
-0.259,7881
-0.0491,6054
0.103,2986
0.139,1781
-0.1,8465
0.104,3397
0.269,975
-0.046,6543
-0.0518,5075
0.0962,2807
-0.144,6692
-0.136,9895
0.0498,3868
0.0292,4560
-0.212,9997
0.0419,4497
0.0933,2749
-0.248,8948
0.295,860
-0.116,7703
0.0838,3542
-0.152,8062
-0.151,9081
-0.00595,5645
0.672,40
-0.103,7944
0.199,584
0.118,2332
0.147,1740
-0.218,10147
0.0175,4708
-0.105,8238
0.0269,4184
0.237,362
-0.114,9307
-0.127,9709
0.169,583
-0.111,6995
0.0847,1826
-0.354,10427
-0.124,8578
0.144,2736
0.0323,4530
0.161,2040
0.0506,3755
-0.0991,7969
-0.231,10780
-0.0476,7650
0.0426,3970
-0.154,9183
-0.0955,7011
0.222,3055
-0.0413,7286
0.0575,2242
0.099,2692
0.363,584
0.19,1308
-0.245,9124
0.0138,4546
-0.179,9442
0.544,515
0.292,1428
-0.313,10397
-0.125,7511
-0.202,9176
0.018,4800
-0.0318,4896
0.17,3285
0.0363,4616
1.26,576
-0.00286,5284
0.293,1518
0.142,2818
-0.342,9106
-0.237,10801
0.000491,5001
-0.0249,5903
0.248,945
-0.052,5871
-0.0486,6179
-0.0807,8393
0.0965,3121
-0.0371,6592
-0.166,9521
-0.371,10403
0.172,2012
-0.109,10453
-0.024,6006
-0.325,10626
-0.245,7933
0.127,1465
0.137,561
-0.211,9461
0.0336,4689
-0.135,7742
-0.387,9062
-0.197,7236
-0.0275,7746
0.0662,1863
-0.108,7357
-0.133,7426
0.132,2083
-0.427,10876
-0.128,7914
-0.118,8843
-0.141,9356
-0.167,8264
0.0229,4654
-0.0225,5603
0.266,325
0.197,432
0.0286,4346
-0.254,10339
-0.0272,5941
0.134,2779
-0.0101,5161
0.0831,3460
0.0218,4505
-0.0924,7685
-0.352,9023
0.135,1916
-0.162,9059
-0.299,10779
0.0609,3377
-0.2,10657
0.174,2299
0.174,1017
0.203,1803
0.118,1954
0.137,686
-0.201,10341
-0.0418,6700
0.537,571
0.146,3593
-0.233,10797
-0.00956,5519
0.178,2017
-0.206,9629
-0.0301,6034
0.0916,2308
-0.308,8615
0.0954,3032
0.0826,3455
0.126,2493
-0.0226,5459
0.101,3116
-0.0758,8329
-0.0739,8547
-0.166,7940
0.0208,4807
0.00839,5359
0.00721,5124
0.101,2696
0.142,1357
0.0769,3080
-0.421,10838
0.0712,3436
0.174,3188
-0.226,9723
0.191,903
0.224,1905
-0.0465,6677
-0.53,10139
-0.63,10746
0.0405,4319
-0.114,9227
0.0434,4041
0.105,2163
0.0468,4234
-0.149,8963
0.316,1409
-0.0788,8189
-0.224,10766
0.0637,3939
-0.0975,7595
-0.12,7408
0.0412,4470
0.0687,3703
0.033,4392
0.107,3100
-0.162,9186
0.266,1382
0.0208,4161
1.03,70
-0.164,9278
0.14,1755
0.0923,3030
-0.428,7973
0.013,4791
0.234,84
-0.045,5826
-0.0618,6387
-0.469,10493
-0.203,6464
0.0385,4353
-0.0798,8113
0.0354,4504
-0.14,9755
-0.5,10820
0.145,2111
-0.234,9462
-0.0294,6021
-0.176,9074
-0.231,8104
-0.171,8533
-0.0705,7771
0.0154,4929
-0.227,8975
-0.24,10460
0.388,879
0.0516,4277
-0.176,9599
0.591,178
-0.0253,6560
0.0166,4906
-0.187,10558
-0.107,6665
0.406,705
-0.107,8841
0.0983,1980
0.244,1143
-0.183,10457
-0.0225,5607
0.0333,4662
-0.184,9268
0.0751,642
0.0192,4771
0.433,409
0.47,759
0.507,303
-0.0315,6291
-0.00861,6112
-0.0542,7013
0.041,4042
0.186,1796
-0.0108,5533
0.0897,3165
-0.212,10071
-0.108,6126
-0.234,9671
0.00386,5132
0.0951,3381
0.364,1135
-0.12,9707
0.0567,3914
-0.079,6451
0.168,1276
-0.0616,6231
0.0442,4252
0.0984,2340
-0.0558,6682
0.211,971
1.1,121
-0.206,9106
-0.0307,7021
0.0709,1917
0.349,765
0.154,2062
-0.027,6197
-0.0703,7459
0.0515,3687
-0.0515,6795
-0.113,7531
-0.0082,5676
0.439,407
-0.387,10423
-0.276,9351
0.0833,2484
0.0505,4073
-0.213,8740
-0.0745,5645
0.197,2173
0.263,1085
0.153,777
0.0863,2847
0.117,1841
-0.0422,5969
-0.0635,6821
0.0708,2912
-0.116,8733
0.978,101
-0.0269,6065
-0.0469,6408
-0.496,10974
-0.113,9050
-0.00623,5658
-0.165,8406
-0.121,7298
0.151,3076
-0.0103,5409
0.0784,2747
-0.0161,6103
0.817,420
0.204,2841
0.0056,5267
-0.175,5164
0.0163,4550
0.199,1036
0.979,959
-0.141,8676
0.0767,4081
-0.177,7852
-0.427,10905
-0.137,9298
-0.199,10542
-0.126,8667
0.166,2022
0.131,934
0.39,113
0.218,1973
0.145,2672
-0.138,9037
-0.43,10073
0.146,2663
-0.0987,8741
-0.149,9327
0.149,2316
0.128,1914
-0.0743,6025
-0.304,8102
0.354,239
0.659,88
-0.0047,5312
0.0651,4436
-0.437,10938
-0.0377,7440
-0.0263,6796
0.101,1948
0.339,430
-0.0128,5124
0.117,2043
0.279,2027
-0.401,11012
0.137,2494
0.0279,4214
-0.657,10936
0.128,2261
-0.133,8113
0.0329,4742
0.0383,4566
0.36,384
-0.405,7692
-0.0702,7197
-0.58,10445
0.086,2859
0.0518,2933
0.251,1504
0.272,899
0.0999,3339
-0.178,3801
0.123,807
0.256,3028
-0.0473,6717
0.0487,4077
-0.399,6446
-0.25,8147
-0.165,10011
-0.023,5906
-0.000213,5230
0.378,98
0.13,2221
0.00767,5079
0.358,393
-0.161,10667
0.187,1955
0.585,667
0.187,3784
0.0422,4468
-0.137,10050
-0.0285,7188
-0.154,6683
-0.386,9787
-0.0141,5396
-0.116,7954
-0.0151,5822
0.0473,3721
-0.133,9573
-0.203,9446
-0.0892,5296
-0.0949,7399
0.21,336
-0.098,8542
-0.128,8000
-0.175,8214
0.292,1068
-0.0243,5622
-0.294,10973
-0.0396,6468
0.0351,4368
-0.0939,8703
0.134,1297
-0.0101,5729
0.0836,2753
-0.0826,7442
-0.151,7696
-0.167,9964
0.0837,3323
0.186,1459
-0.17,9066
-0.275,9484
-0.304,10725
-0.1,8725
-0.0233,6113
0.467,465
-0.284,10412
0.44,195
0.283,1188
-0.131,8602
-0.358,10957
0.155,2718
-0.12,8694
0.346,969
-0.259,9713
-0.0453,6820
0.324,422
-0.333,9660
-0.116,8323
0.011,5038
-0.132,8185
-0.179,10568
-0.268,10757
-0.499,9295
-0.129,8601
0.182,2111
-0.245,10446
-0.0321,7033
-0.00585,5639
0.176,3076
-0.159,7803
0.0573,3350
-0.234,9252
0.185,1496
0.0187,5093
0.732,92
-0.335,10417
-0.233,10618
-0.0988,8281
-0.351,10705
0.0951,1511
-0.379,10998
0.0348,4091
-0.0494,6548
0.0374,3921
0.0172,4950
0.0589,2863
-0.175,7079
-0.104,5789
0.309,1634
-0.158,8304
-0.102,8129
0.0365,3755
0.209,866
0.0172,4604
0.00736,5295
0.185,2718
0.0708,3177
-0.00693,5701
-0.0978,7785
0.318,836
0.02,4743
-0.0246,5413
0.262,1284
-0.264,7831
0.0584,3872
-0.0673,6902
0.00554,4972
0.109,2642
0.126,1863
-0.18,10205
-0.0447,6874
0.258,986
0.148,2715
-0.231,7305
0.0785,3460
0.149,1698
-0.146,9400
0.187,1748
0.0262,4753
0.146,2249
0.0732,3877
0.201,625
-0.0126,5350
-0.0908,7593
-0.0046,5161
-0.103,8592
0.0103,4808
-0.287,9339
0.0341,4566
-0.00254,5418
0.00425,5227
0.302,809
0.0451,3423
-0.0654,7529
-0.0448,5878
0.154,3132
-0.182,8398
0.0626,4543
-0.0293,6382
0.0308,4630
-0.169,9207
0.0209,4302
0.174,1890
0.529,188
-0.0614,8019
0.0663,3802
-0.274,10175
0.0542,4160
-0.322,9183
0.15,2821
0.0602,3631
0.00157,5091
0.725,123
-0.0525,6526
0.069,3868
0.0671,3874
0.127,2856
0.0205,4115
-0.093,8735
0.102,2772
-0.0645,6941
-0.165,7842
-0.0658,7700
0.0305,4118
-0.255,9833
0.00179,5218
-0.145,5969
-0.174,6784
-0.0448,7268
-0.255,10732
0.445,237
-0.238,10091
-0.0705,6642
-0.0174,6208
0.101,2031
0.0394,4340
-0.264,9537
-0.235,10734
-0.155,8932
-0.0842,8344
0.0671,3869
-0.197,9854
0.011,4915
-0.116,8077
0.0538,4147
0.448,1332
-0.133,9662
-0.107,8296
-0.242,10419
0.0833,4100
0.182,2267
-0.149,6354
-0.218,10624
0.0508,2678
-0.231,8994
0.477,591
-0.0627,6368
-0.01,5429
-0.0891,7752
0.0646,3281
-0.0619,7029
0.27,1140
0.0774,3608
-0.094,7378
-0.448,10669
0.0884,3312
0.0149,4912
-0.0876,8385
-0.224,9887
0.228,2541
-0.0567,7457
0.172,1007
0.216,1289
0.025,4580
-0.141,9643
0.0726,3915
-0.0741,7537
0.0522,3757
-0.176,9458
0.0639,3601
0.295,1549
0.0592,3536
0.226,505
0.0767,3248
2.85,515
0.425,683
-0.223,9700
-0.155,7555
0.32,809
0.125,2195
0.162,2570
-0.836,10170
0.0572,3719
-0.00113,5423
-0.0056,5741
-0.255,10311
-0.0963,9096
-0.109,7768
0.072,3878
0.0325,4620
-0.0956,8366
0.00888,5386
0.00348,4450
-0.255,9122
-0.367,9860
0.0423,3818
0.0282,3747
0.163,1936
-0.192,9051
0.368,1250
-0.0104,5306
0.158,1450
-0.052,7856
0.0489,4711
0.154,2112
0.121,2211
0.102,3605
-0.227,9305
0.152,706
-0.0923,7300
0.129,3175
-0.0718,6678
-0.401,6600
-0.283,10824
0.0118,5014
-0.401,11001
-0.259,9872
-0.0739,6781
-0.154,10323
-0.187,10287
0.0685,2645
0.348,394
-0.235,9491
0.0596,4212
-0.108,7740
0.064,3738
0.0509,2850
0.204,791
-0.00599,5375
-0.0875,7293
0.191,2395
9.07e-05,5602
-0.0858,7592
-0.0402,6816
0.0114,4921
-0.0977,6914
-0.0534,7408
0.00269,5373
0.0301,4279
-0.125,8884
0.0705,3545
0.0145,4786
0.0727,4297
-0.112,8159
0.0382,3454
-0.17,9105
0.0311,4459
-0.308,9957
0.519,291
0.104,3069
-0.0548,7271
-0.409,10961
0.0699,3720
0.281,433
0.175,2587
0.288,1122
0.0277,4311
-0.0347,5918
0.0577,4471
0.0148,4702
-0.313,10000
-0.104,7743
-0.259,8331
0.179,1872
0.178,1726
0.0715,2665
0.44,141
-0.269,10107
-0.0557,6628
0.254,1944
-0.146,5628
-0.234,9090
-0.105,9356
-0.014,5795
0.0525,4009
0.0737,4343
-0.565,10495
-0.118,9170
0.00246,5358
-0.0374,6059
-0.16,8567
-0.443,9233
0.268,1926
-0.281,9382
0.0366,4265
-0.131,8424
-0.0598,6569
-0.154,9380
-0.394,10556
-0.331,10593
-0.109,6751
0.0385,3755
-0.0164,5852
0.336,1080
0.186,2223
0.149,1865
0.0593,3989
-0.0632,6682
0.212,697
-0.0986,9503
0.115,2688
-0.141,10302
0.0958,2939
-0.184,9650
0.365,733
0.312,2559
0.39,266
0.0619,3791
-0.177,9631
0.153,2146
-0.0166,5697
0.433,302
-0.15,6893
-0.127,9145
0.0403,4299
-0.0559,6136
0.0116,4867
-0.0729,7444
-0.0199,5601
0.021,4158
-0.0416,6637
0.12,3539
0.303,1839
-0.0678,8709
-0.066,7033
0.383,103
-0.152,10312
-0.0446,6974
0.0263,4525
0.0737,3428
0.012,5018
0.0504,3683
-0.219,11000
-0.325,9783
-0.0242,5681
0.123,2747
-0.0293,5472
0.218,1091
-0.0363,6331
-0.126,7633
0.185,1409
-0.0372,5815
0.292,1807
0.079,3095
0.0451,4168
-0.305,10673
-0.0572,5877
-0.043,5162
0.128,3485
-0.108,8667
0.326,939
-0.247,5156
-0.322,8352
-0.242,8499
-0.172,8358
-0.187,9499
-0.0135,6209
0.304,90
-0.185,7466
0.292,510
-0.0402,6285
0.0983,1738
0.0961,2854
-0.0273,6406
-0.198,10345
-0.042,6534
-0.271,9825
0.151,288
-0.152,10795
0.128,1951
0.389,1720
0.014,4956
0.535,191
0.00713,5072
0.0793,2723
-0.106,7756
0.00987,4770
0.0271,4353
0.378,999
-0.0839,8255
-0.15,9640
-0.381,11019
0.0523,3969
0.606,329
-0.0439,6408
-0.131,9157
-0.0545,7329
0.184,2214
-0.228,10413
0.442,907
-0.367,10589
-0.0744,7729
-0.107,7340
-0.011,5911
-0.193,8068
-0.0837,6795
0.162,661
0.228,1805
0.0825,3350
-0.0602,6279
-0.047,6954
0.169,2406
0.595,149
-0.0133,6039
-0.0544,7283
-0.0137,5812
-0.367,10315
-0.342,10547
0.1,3713
0.0369,4127
-0.0492,8009
0.22,2266
-0.0138,5359
-0.173,8348
0.319,1482
0.0183,4675
-0.251,10223
-0.137,8448
0.41,375
0.272,529
0.0594,4435
-0.106,6945
0.00792,4712
0.145,2364
-0.0192,5511
0.259,1486
0.211,2807
-0.0183,5832
0.369,729
0.0237,4585
-0.0114,5387
-0.336,9106
0.0325,4239
-0.329,10311
0.0393,3721
-0.318,8529
-0.0625,6475
0.093,3109
-0.0437,6382
0.05,3094
-0.0516,6741
0.0381,4086
-0.13,9546
-0.273,8996
-0.193,8649
0.0371,4360
-0.0328,6385
0.0855,3703
-0.335,10458
-0.0559,6422
-0.181,8655
-0.0219,5892
0.179,2569
-0.178,9851
-0.112,9526
-0.101,8527
-0.0112,6069
0.0101,4687
-0.156,10748
0.0444,4219
0.284,1448
0.146,2866
0.166,2248
-0.0886,10016
-0.132,9073
-0.0448,7602
0.00485,5175
0.0303,4661
0.713,22
0.503,1153
-0.26,10651
-0.253,9438
-0.138,9300
0.0466,3692
0.162,2967
-0.0413,6335
-0.368,10987
-0.105,7888
0.0658,3953
0.341,1945
0.315,38
-0.156,10601
0.0347,4014
-0.0485,7995
-0.191,10192
-0.463,10061
0.144,3129
-0.111,9358
-0.114,8862
0.209,2828
-0.308,9442
-0.0985,7551
-0.239,10306
-0.0725,7699
0.0222,4786
-0.21,10176
0.296,1016
0.0707,3105
-0.00298,5400
-0.0972,8155
0.354,742
0.13,2434
0.06,3706
0.0145,4983
0.0351,4411
-0.0813,7185
-0.0112,5647
-0.0363,5273
-0.161,6777
-0.0501,6548
-0.419,10959
-0.281,10278
0.091,2598
-0.27,8373
0.178,2203
0.193,1891
-0.389,10047
-0.14,8906
-0.132,9529
0.31,943
0.338,979
0.134,2623
-0.391,10656
-0.164,10420
0.236,1052
0.177,1834
-0.219,10419
-0.0567,7687
0.0724,4097
-0.247,10566
-0.112,9640
-0.11,7669
0.119,2841
-0.135,8708
0.538,275
0.125,1924
0.245,2736
0.189,2279
0.246,681
-0.212,10207
0.0946,2105
-0.247,9957
0.144,1442
0.277,1432
0.0863,3572
0.274,1030
-0.00575,5546
-0.229,10547
0.067,2990
-0.378,10820
0.265,827
-0.172,9068
-0.223,9880
0.0518,2755
0.00798,5005
0.0409,3545
0.181,2191
-0.231,8996
0.118,3367
-0.166,9683
-0.0915,6651
-0.0281,5592
-0.445,10774
-0.466,10854
0.13,1045
0.0299,3984
0.271,1539
-0.126,7758
0.125,1774
0.114,3194
0.144,133
0.073,1427
-0.0349,6502
-0.266,9610
-0.0872,7946
-0.204,9772
0.187,1182
0.0751,2780
-0.209,9162
-0.069,7344
-0.0413,5766
-0.357,8744
-0.211,10677
0.00652,5114
-0.0331,6166
-0.342,10733
-0.24,10068
-0.167,9078
0.174,2149
0.189,788
-0.588,8890
0.162,2791
-0.494,10543
-0.456,10663
-0.029,7018
0.0543,4054
0.0136,4923
0.0995,2882
0.0807,2787
0.422,931
-0.035,7168
-0.133,9713
-0.0519,7630
-0.45,10375
-0.0825,7406
-0.162,7132
0.0041,5289
-0.0863,7770
0.0204,4691
-0.041,6410
0.393,1867
0.184,2581
-0.197,10222
0.129,1728
-0.323,10394
0.0968,2170
0.0975,3569
0.00328,5311
-0.0513,7272
-0.0838,10504
0.0387,4624
-0.353,9245
-0.179,8426
0.111,2171
0.0657,1883
-0.136,8484
-0.103,8165
-0.0658,7908
-0.267,9684
0.0733,3547
-0.194,10350
-0.13,8751
-0.000808,5397
-0.232,10461
0.0318,4746
0.0294,4470
-0.0366,5982
0.0947,1287
-0.103,6796
-0.207,10287
-0.0506,5188
-0.184,10667
-0.062,6276
-0.0826,8057
0.136,1638
-0.132,9280
-0.112,7067
0.259,1626
-0.261,10992
-0.0446,6898
-0.127,8526
-0.0577,5757
-0.124,7335
-0.422,9918
0.0571,4105
0.128,1930
0.0284,4542
0.0563,3946
-0.181,9491
0.742,49
0.0803,2537
-0.168,9997
0.0758,3856
0.236,1538
0.192,2177
0.0626,3893
0.345,65
0.114,3116
0.0633,4130
0.312,1028
-0.375,10178
-0.145,7198
0.0792,3463
-0.0154,6332
-0.214,7836
-0.117,8124
0.122,3353
0.25,1419
-0.157,8922
-0.09,8644
-0.164,8622
-0.217,9479
0.0721,3958
0.282,1088
-0.0284,6379
-0.411,10254
-0.306,8991
0.0619,3945
-0.12,6752
0.528,55
-0.245,10770
0.169,1307
0.319,1502
0.136,2175
-0.112,8913
-0.0995,7768
-0.0798,7101
-0.114,7765
0.043,4080
-0.355,10620
0.0643,3649
-0.119,7878
0.0821,2443
-0.0493,7361
-0.00236,5113
-0.00286,5280
-0.0655,5991
0.423,1039
-0.0546,6876
-0.091,8103
0.243,1982
-0.094,7619
0.12,2454
0.0374,4634
-0.0626,7744
0.0274,4517
-0.0269,6081
-0.114,7106
0.0929,1490
-0.329,9592
0.327,696
0.00707,5045
0.334,986
0.148,2183
-0.213,9648
1.12,715
0.261,399
-0.0374,6991
-0.172,8355
0.0953,2213
-0.109,7697
-0.144,8454
-0.00654,6083
0.106,1561
-0.374,10997
0.0398,4146
-0.189,6870
-0.692,8695
-0.0978,8721
-0.00937,5740
1.45,3
0.514,730
0.491,1122
0.274,1629
-0.403,9280
-0.0747,7335
0.267,1249
0.057,4167
-0.0353,5909
0.108,2396
-0.0175,6009
-0.171,9624
0.026,4252
0.247,1647
-0.432,10178
0.0104,4941
-0.048,6431
0.0281,4473
-0.0394,6550
-0.0617,7925
-0.0273,5868
0.113,988
0.143,1035
-0.263,10302
0.0416,4444
-0.125,8869
-0.149,8200
-0.117,8975
-0.0644,7654
-0.182,6932
-0.388,9961
0.0629,4027
-0.0132,5884
-0.317,8109
-0.00349,5491
-0.0181,5991
-0.0346,6065
0.0265,4849
0.439,257
-0.154,9826
-0.11,8167
0.175,1547
-0.0566,7243
-0.12,8520
-0.0241,6303
-0.241,10826
-0.228,10015
-0.35,9732
-0.259,7594
0.0193,4790
-0.242,10738
0.0202,4804
-0.0818,7796
0.0291,4630
0.368,170
0.0463,4394
-0.166,8251
-0.0679,7274
-0.245,10119
0.153,3248
0.156,2384
-0.0544,5980
-0.765,10976
0.0379,4267
-0.393,10936
0.172,305
-0.189,8681
0.068,3907
-0.0915,6839
0.0268,4294
0.289,522
0.0459,4235
0.63,488
0.223,2171
0.0964,3586
0.206,2084
0.151,1584
-0.142,8391
0.178,1843
0.00669,5192
-0.127,8217
0.0343,3975
-0.237,9598
0.0884,2805
0.0146,4847
0.169,2033
-0.279,10754
0.192,1399
-0.123,10186
0.0881,4002
0.163,1428
-0.205,8535
0.0219,4745
-0.0747,7571
-0.0242,5896
0.174,2721
0.15,2731
-0.232,9894
-0.373,9596
0.121,3029
-0.00513,5856
0.058,3766
-0.0365,5938
-0.00574,5469
-0.24,7760
-0.235,9342
0.00707,4896
-0.125,7022
0.625,9
0.415,878
0.0656,3658
0.063,3520
0.168,1219
-0.13,9018
-0.169,8178
-0.272,9872
0.105,3497
0.3,503
-0.0881,8210
-0.0498,6626
0.409,308
0.179,1043
-0.106,7657
-0.0685,8721
0.116,1701
-0.147,9762
-0.0768,7217
-0.0927,8289
-0.207,6971
0.184,1081
0.12,1435
0.12,2145
-0.293,10112
0.0995,3253
0.213,2244
-0.354,10816
0.184,645
-0.0885,7818
0.159,2271
-0.21,8540
0.188,2404
-0.0555,8536
-0.74,10808
-0.0486,5981
-0.0947,6968
0.161,1992
-0.102,8432
0.0937,1846
-0.158,9096
0.175,2373
-0.139,6696
-0.0422,6002
-0.0533,6377
0.0116,5158
0.162,1814
0.0444,4103
-0.0736,6591
0.219,2196
0.231,1958
0.0639,3161
-0.0414,7298
0.463,611
-0.0401,6669
0.131,3164
0.167,2146
-0.0702,7191
-0.0775,8762
-0.261,10780
-0.268,6635
0.0282,3877
-0.212,7545
-0.0815,8572
0.0118,5067
0.337,767
-0.248,10327
0.257,846
0.0639,3931
-0.0905,8864
0.113,2857
0.585,486
-0.108,8705
-0.179,8578
0.0759,4066
-0.245,10817
-0.0393,6180
-0.136,7489
-0.0604,7226
0.441,1690
-0.256,10478
-0.0257,5762
-0.0562,6808
-0.0718,6539
0.174,2725
-0.17,9787
-0.0738,6612
-0.239,10600
-0.057,8028
-0.0396,6019
0.0469,3681
-0.439,10155
0.131,2875
0.0159,5157
-0.0872,7644
0.4,865
0.159,2104
-0.411,9462
-0.222,9495
-0.131,9273
0.0867,3661
-0.00911,5271
-0.107,7199
-0.134,8921
-0.193,8476
-0.00117,5192
-0.0626,8165
0.0984,4116
0.0845,3251
0.0395,4235
-0.463,10934
-0.225,10460
0.0682,3446
0.128,2904
-0.266,9977
0.188,2558
0.0081,4951
0.00303,5197
-0.0211,6638
0.335,414
0.497,403
-0.0364,5719
0.0621,3792
0.145,1506
-0.0296,6320
-0.0103,5547
0.0586,3431
-0.237,9659
-0.365,9334
0.14,1249
0.104,2398
-0.0337,6536
0.0581,3962
0.301,1979
-0.333,9981
0.0439,3479
0.324,416
0.335,630
0.107,3366
-0.467,10447
0.04,4443
-0.118,8403
-0.0483,7059
0.0408,4597
0.225,2190
-0.00224,5317
-0.555,10869
-0.0169,6304
0.105,2319
0.148,1858
-0.305,9976
0.0653,4463
-0.333,10262
-0.0124,5354
-0.252,8918
0.0605,3967
0.0237,4644
0.347,718
0.22,598
0.077,4234
0.0676,3261
-0.145,8277
0.0375,4507
-0.553,10047
0.133,1587
-0.00895,5509
0.0328,4118
0.0796,3797
-0.177,8186
0.154,3406
-0.172,8927
0.112,2747
-0.0554,7094
0.214,1800
0.0345,4353
0.0766,3147
-0.202,9078
0.00722,5038
-0.0137,5965
0.0177,4658
-0.109,7711
-0.0692,5819
0.39,1658
0.027,4617
0.13,1703
0.0628,4239
0.0884,3334
0.0295,4558
-0.12,7957
0.336,632
-0.14,9301
-0.109,9714
-0.247,10269
0.173,2299
0.0502,4653
0.0192,4727
-0.0705,7932
0.0802,3693
0.0227,4707
-0.121,8557
-0.0942,9202
-0.0716,7562
0.0757,3375
-0.0761,7152
0.239,1845
-0.229,7848
0.228,1711
0.0639,3641
0.082,2222
-0.186,6906
-0.196,9596
-0.0143,5857
-0.419,9738
-0.0878,8112
-0.0828,7338
-0.174,9352
-0.074,7134
0.135,2419
-0.414,9601
0.0667,1552
-0.432,10700
0.0197,4853
-0.194,8453
-0.128,8311
0.425,99
0.0642,3886
-0.232,10809
0.0644,3498
-0.178,8857
-0.0846,5779
0.491,90
0.0654,3057
0.445,925
0.419,307
-0.141,8776
0.118,2919
-0.0231,6824
0.0355,3946
-0.178,9267
0.16,1778
0.343,1077
-0.00172,5266
-0.149,7423
-0.254,10928
-0.0266,6119
0.187,2967
-0.236,8389
0.716,30
0.011,5139
0.104,3086
0.186,1674
-0.0899,7944
-0.142,9419
0.315,1179
-0.0865,8386
0.124,1906
0.0947,3197
-0.497,9851
0.1,3361
-0.333,9067
0.0243,4583
0.126,1696
8.87e-05,5208
-0.315,10927
-0.144,8704
0.0488,4177
0.0469,3369
-0.0372,6990
0.0149,4605
1.14,229
-0.0424,6638
0.149,1092
-0.0302,6172
0.0384,4227
-0.186,10422
0.298,554
-0.0872,7344
0.302,957
-0.115,6665
0.0134,4563
0.24,952
-0.084,7806
-0.273,10393
0.038,3566
-0.143,7993
-0.0698,8135
-0.342,10774
-0.271,10269
0.209,742
-0.0598,7784
0.133,1731
-0.0744,6996
-0.0824,7164
-0.168,9507
0.037,4025
-0.0411,6645
-0.537,10362
-0.0311,5868
-0.207,10717
-0.0907,7041
-0.34,10826
-0.0795,7199
0.106,1802
-0.0573,7287
-0.0643,6596
0.0453,4074
0.562,227
-0.322,9777
-0.214,9787
0.0289,4567
-0.0147,5675
0.214,2129
-0.251,10123
0.00702,5035
0.52,633
-0.123,9409
0.114,2210
-0.0274,6547
-0.241,10222
-0.21,9582
0.066,1776
-0.0971,9002
0.0783,2991
0.323,1117
0.038,4727
0.0881,3061
-0.242,8543
0.07,1538
0.0643,3265
0.167,1497
-0.173,8571
-0.181,7076
-0.0869,6687
-0.0283,6567
-0.0939,7118
-0.0142,5700
-0.183,9346
-0.277,10683
0.0387,4189
0.0932,2873
0.0796,2897
0.0877,3337
0.00146,5166
-0.0188,5428
0.242,1473
0.224,1961
0.0601,3880
-0.317,10251
-0.0376,6183
-0.00128,5248
0.0762,3148
-0.0386,6808
0.00168,5150
0.157,2523
0.153,2236
-0.0277,6853
0.226,1736
-0.147,8505
-0.063,8044
-0.109,9429
-0.252,9984
0.365,1029
-0.017,6260
0.0127,4715
-0.0684,8905
0.12,1670
-0.0649,8004
-0.337,9141
-0.0744,8021
-0.201,9219
-0.0487,6418
0.00137,5147
-0.0847,6510
0.132,2188
0.608,1568
-0.0675,6861
-0.132,10135
0.112,3305
-0.00548,5435
-0.271,9841
0.112,1572
0.0336,4635
-0.0193,5872
-0.0573,6217
-0.258,9790
0.155,2037
0.114,3487
-0.155,9795
-0.236,10339
0.151,1395
0.469,259
-0.113,7654
-0.000433,5296
0.0338,3539
-0.0159,5969
0.33,497
-0.295,10441
0.217,1641
0.17,2056
-0.0368,6371
0.0532,3255
-0.0508,5722
0.38,144
-0.016,5834
0.00263,5287
-0.0605,7472
-0.0621,7485
-0.287,10193
-0.224,8000
-0.094,9042
0.052,4151
0.0516,3517
0.0264,4566
-0.0996,8055
-0.394,10746
-0.106,7012
0.157,1484
-0.312,10966
0.262,376
0.448,419
-0.0103,5532
-0.0519,5943
-0.0154,5876
0.0753,3903
0.196,819
-0.243,9315
-0.065,7063
-0.3,9933
0.0495,3945
0.0262,4610
-0.127,9089
-0.0903,7806
0.475,521
0.236,1724
0.0508,3803
0.229,1053
-0.0354,6111
-0.0585,6317
0.124,2142
-0.121,7332
0.0166,4867
-0.0871,9051
0.459,64
-0.00634,5790
0.153,1124
0.106,2188
-0.284,10443
-0.16,10222
0.0204,4533
-0.0921,6692
0.0091,4743
0.0661,3962
0.0978,2602
-0.0255,7071
0.00906,5051
0.0456,4282
0.199,1668
-0.497,11008
0.379,530
-0.0448,8053
0.23,711
-0.13,7536
-0.125,8573
0.132,1119
-0.0024,5432
0.0318,4450
-0.23,10363
-0.31,10799
-0.121,7079
-0.304,10284
0.29,1305
-0.176,10470
0.0162,4568
0.0182,4883
0.119,3206
-0.169,9128
-0.0544,6150
-0.19,9791
0.162,1314
0.175,1712
0.0209,4793
-0.333,10177
-0.0256,5808
-0.039,6370
0.109,2292
0.155,1923
0.455,365
-0.0431,6342
-0.169,10134
-0.0845,7994
0.144,1817
-0.249,9806
-0.263,8051
0.39,323
0.0383,4285
-0.25,10146
0.0484,3060
-0.0787,7155
0.0178,4914
0.682,626
-0.198,9016
-0.0468,7579
0.0813,1509
-0.321,10414
-0.125,7916
0.0591,3052
-0.0124,5448
0.14,1822
0.13,1608
0.308,177
0.0754,3760
-0.0446,7136
0.0879,3967
0.0794,3239
-0.0883,9791
0.345,346
-0.0732,7936
0.713,632
-0.354,10868
0.0982,953
-0.00667,5553
0.0102,5138
0.138,2168
0.137,2731
0.075,3150
-0.34,10858
0.167,559
-0.074,8152
0.0598,3912
-0.496,8882
0.274,946
-0.122,8839
-0.0813,8570
0.0143,4835
-0.0482,6324
0.0956,2847
0.0263,4948
0.0402,3511
0.0996,2129
0.257,645
-0.725,10721
-0.083,8603
0.261,2385
0.692,111
-0.111,7656
-0.121,7851
0.049,3422
0.0601,3351
0.114,3569
0.0942,2903
0.00288,5148
-0.0867,7654
0.203,999
0.295,462
0.0974,3164
-0.149,9044
-0.301,10676
-0.299,9461
0.201,2836
0.391,539
0.0754,4034
0.0543,3915
-0.0302,6199
0.409,820
-0.065,7098
0.123,3044
-0.34,10687
-0.0112,5736
-0.387,10865
0.116,2996
-0.0344,6144
0.00606,5176
0.066,4064
0.133,2718
0.111,3303
0.376,858
0.678,272
0.0393,4343
-0.364,10425
-0.156,9751
-0.191,10085
0.122,2666
0.52,277
0.0529,4361
0.298,1422
-0.184,10456
-0.139,8256
0.139,1333
-0.22,10763
-0.0824,7004
-0.0817,6345
-0.221,9512
-0.0781,8069
0.224,1953
0.12,2972
0.333,2609
0.147,3344
-0.472,10922
0.166,2295
0.326,264
-0.0698,6255
0.127,1249
0.219,886
-0.126,9303
0.0842,2457
-0.0861,7620
0.00408,5089
-0.0373,6455
-0.391,10068
-0.209,10566
-0.00312,5171
-0.272,9394
-0.0404,6366
0.0067,5123
0.0846,3692
-0.0831,8138
-0.0478,6062
0.0448,4553
0.242,1644
-0.0199,5493
-0.0111,5553
0.159,1340
0.237,657
-0.265,9799
-0.18,10177
0.154,1284
0.389,998
0.217,433
0.0477,3892
-0.197,9929
0.261,452
0.0245,4361
0.077,3688
0.2,805
0.0187,4634
0.161,2713
0.102,3096
0.594,220
0.0631,4160
-0.123,9543
-0.328,10328
0.0334,4668
-0.308,10665
-0.0487,6521
0.276,1655
-0.0189,5611
-0.249,10870
0.144,2228
-0.172,8870
0.083,3439
-0.152,8996
-0.117,9003
0.102,2156
0.0935,3807
0.0547,3868
-0.317,10801
-0.0578,7087
-0.221,9916
0.13,2083
0.14,2899
0.1,1977
0.0813,3431
0.0805,2817
0.0466,4167
-0.188,9540
-0.406,10771
-0.016,5266
-0.0104,5191
0.203,881
0.118,1583
-0.0101,5950
-0.0887,8503
-0.194,9552
0.0228,4729
0.234,425
0.203,61
0.202,1655
0.0363,3954
0.0769,3399
0.0951,3889
0.0375,4764
0.443,197
0.252,989
-0.0493,6401
0.136,2501
-0.227,9217
-0.113,9098
-0.167,8629
0.122,2258
-0.0205,5876
1.37,97
-0.485,10913
-0.279,10053
0.0357,4225
0.153,1836
-0.0423,6163
-0.117,8117
-0.0507,6355
-0.271,10432
0.0821,3223
-0.0132,5521
-0.0941,7278
0.468,649
-0.0896,6840
0.0584,3653
-0.0577,7041
0.356,412
-0.113,7316
0.131,2869
-0.0197,5723
0.125,1698
-0.0847,8139
-0.208,10154
-0.151,9850
0.368,1029
-0.0157,5692
-0.0369,6339
-0.103,8596
-0.193,9182
-0.144,8200
-0.0849,8205
-0.262,10489
-0.0118,5750
-0.085,8649
-0.204,7336
0.0254,4716
0.0879,3961
0.0252,4457
0.0479,3952
-0.395,9488
0.525,1224
0.0173,4988
0.0539,3742
-0.111,8791
0.0367,3704
0.181,2126
0.253,1326
-0.0553,6169
0.185,2183
-0.141,9036
0.195,2395
0.399,1024
-0.262,10237
0.319,877
0.5,186
-0.0365,6287
-0.0899,9317
0.202,2894
-0.0153,5343
0.72,105
0.0129,5054
0.0549,3461
-0.0442,6314
0.114,2689
0.0189,4522
-0.129,5426
-0.0946,8516
0.0609,3165
0.155,991
0.0058,5220
0.227,1863
0.374,431
-0.502,9892
0.057,2633
0.113,2458
-0.333,10373
-0.0589,6732
0.297,1860
0.199,1999
-0.125,9278
-0.286,10288
0.273,1673
-0.105,7571
-0.408,9182
-0.413,10456
-0.0326,6580
-0.0766,6942
-0.0527,6297
-0.318,10818
0.0784,2359
0.0671,3935
0.116,2365
-0.156,9112
-0.0895,7182
-0.00939,5498
-0.253,8781
-0.188,8634
0.175,441
-0.0376,7029
-0.0567,7229
0.941,3
0.355,734
-0.343,10876
0.0187,4411
0.0197,4810
0.452,146
-0.0989,7125
-0.126,8067
-0.0979,9189
0.212,1533
0.0844,2954
0.436,124
0.292,720
0.1,2977
-0.022,6007
0.105,218
0.219,718
0.576,13
0.516,939
0.22,462
-0.187,7772
0.103,1899
0.0131,4850
-0.0719,6626
-0.167,8499
0.269,1768
0.0231,4736
-0.0785,8084
0.0134,5153
0.121,1609
0.00513,5087
0.00703,5115
-0.249,10199
0.398,480
0.0312,4259
0.176,1740
-0.0898,7850
-0.0618,5779
-0.0362,5681
-0.0623,7860
-0.202,10476
-0.116,7313
-0.202,9390
-0.574,11012
-0.064,7239
-0.0167,5761
0.0611,4135
0.00486,5363
-0.0151,5996
0.242,2731
0.155,2105
-0.243,10580
-0.303,10860
0.0794,2947
-0.108,8652
0.00782,4947
0.0914,3557
-0.12,8556
-0.254,10941
0.0511,4240
-0.152,8915
0.245,814
-0.153,9081
0.17,664
-0.0813,8188
0.0534,4108
-0.155,7681
-0.323,8602
0.139,2178
-0.113,9770
-0.0247,6755
-0.118,7689
0.00717,4769
0.06,4549
0.0542,3934
-0.134,9247
0.525,312
-0.11,8752
0.118,2567
0.231,2322
0.116,2209
-0.0916,7884
-0.109,9097
0.152,1885
-0.29,10480
-0.168,9020
0.0387,3655
0.0102,5128
0.178,561
-0.116,9134
-0.269,10255
0.0447,3966
0.209,343
-0.17,10844
-0.0767,6655
0.0355,4426
-0.0433,7530
0.0285,4824
-0.188,9258
0.137,1343
0.0734,3151
0.429,216
-0.0168,5856
0.0612,4155
0.236,1769
0.013,4955
-0.0838,8147
0.554,573
-0.334,10741
0.0981,3245
-0.432,10503
-0.358,10742
0.0729,2252
-0.256,10607
0.141,2724
0.137,1412
0.341,700
-0.0963,7489
0.0694,3450
0.128,3107
-0.00902,5356
0.376,271
-0.0328,5931
-0.092,9394
-0.29,10079
-0.0852,7473
-0.0887,8794
-0.344,10883
0.0242,4677
0.0332,3982
0.0509,3024
-0.163,7788
-0.117,7957
-0.552,10681
0.312,1818
0.0509,2851
-0.00623,5632
-0.091,7176
-0.455,10736
-0.0011,5569
0.941,0
-0.0797,7641
-0.0562,7933
-0.0573,7055
-0.0883,8164
0.0542,4143
0.828,88
-0.115,9674
-0.0187,6261
0.168,1816
-0.0348,6161
-0.0389,6160
-0.224,8082
-0.164,9207
-0.0206,5951
-0.146,9742
0.146,2326
-0.196,10563
0.162,1988
0.0727,2764
0.0225,4657
0.256,1012
-0.468,10911
-0.0552,6676
-0.0524,6506
0.0618,3857
-0.0442,6254
-0.143,7279
0.121,2543
-0.0848,8104
0.042,4323
-0.312,10616
0.103,3021
0.0398,3578
-0.401,10913
0.206,736
0.0156,5030
0.642,280
-0.155,8747
0.0807,3149
0.0957,3324
-0.14,10443
-0.225,10844
-0.151,9886
-0.167,8848
0.523,283
-0.0355,7005
0.126,1644
-0.17,8631
-0.269,9990
-0.14,8796
-0.0633,7566
0.215,217
0.0644,3360
-0.002,5437
0.18,1547
-0.244,9940
0.141,845
0.113,1579
-0.328,10941
0.245,421
-0.181,10288
-0.392,7910
0.169,640
-0.0621,7029
-0.0512,7766
0.182,1994
0.0678,3218
0.178,1397
0.138,1921
-0.107,8769
0.341,341
0.396,2240
0.233,2689
0.0639,3579
0.0846,3139
-0.0722,6122
0.0348,4326
0.0312,4476
0.0809,2973
-0.0256,5751
0.171,860
0.0294,3891
0.155,850
-0.0032,5622
0.107,1672
-0.0995,7563
-0.0755,6223
0.0629,3613
0.171,1047
-0.0445,6822
-0.102,8030
-0.249,10302
-0.043,6215
-0.0545,7721
0.0333,4648
-0.11,8266
-0.188,10384
-0.122,8233
-0.155,9436
0.186,418
-0.0444,7153
-0.187,9941
0.0207,4924
0.093,3376
0.634,264
0.25,971
-0.079,8880
-0.237,9287
0.435,679
-0.175,8055
-0.26,9322
-0.346,10484
-0.198,9742
-0.0312,6517
-0.124,8643
-0.0945,8235
0.0368,4074
-0.0565,7303
0.0277,4372
-0.0883,6231
-0.33,9392
0.031,4529
-0.117,8013
0.00883,5094
0.032,4142
-0.373,11001
0.0719,3523
-0.0704,7209
-0.0339,5921
0.135,2309
0.259,1071
0.114,3332
-0.0885,7641
-0.0804,8010
-0.0516,6657
0.154,3179
0.181,2052
-0.131,7421
-0.0105,6003
-0.138,9732
-0.0337,5999
-0.101,7641
-0.126,6843
0.135,1430
0.306,105
0.225,594
-0.128,7852
-0.181,9266
0.234,1542
0.0846,3500
-0.0817,7854
0.145,895
-0.0868,9020
-0.11,8293
0.169,2193
-0.223,8619
-0.0804,7504
-0.112,7078
-0.0631,7055
0.278,875
-0.638,8573
-0.129,6351
0.0478,4358
-0.127,7862
-0.0817,6456
-0.122,7322
-0.0822,6267
0.0738,3349
-0.0297,6347
-0.189,9702
0.035,4573
0.173,3069
0.173,2772
0.0945,3245
-0.163,10273
0.0113,4863
0.0937,3510
-0.258,10678
0.0559,3536
-0.269,10802
-0.0653,7567
-0.244,10907
0.201,2069
-0.206,8285
0.228,1269
0.126,2950
0.195,740
0.412,35
0.285,1956
0.678,267
-0.0827,8024
0.00488,4843
0.0198,4723
0.0208,4637
0.00986,4970
-0.287,10967
-0.0906,8994
0.0378,4338
0.144,1767
0.129,2353
0.0403,4365
-0.0813,7740
-0.241,9272
-0.229,7077
0.279,342
0.0619,3376
0.203,1243
0.251,1235
-0.0217,5994
-0.222,10467
-0.00761,5698
0.0664,3019
0.118,1779
-0.0286,5610
-0.456,10268
0.267,1636
-0.124,9628
0.355,116
-0.0596,7426
0.505,109
-0.199,10109
-0.047,6120
0.0332,4045
-0.112,8292
0.0223,4721
-0.238,10043
0.147,1381
0.449,1127
0.0538,3791
-0.169,9405
-0.075,8126
0.328,1651
-0.114,8351
0.0377,4282
-0.13,9073
-0.362,10951
-0.00315,5248
-0.188,10119
-0.049,6689
-0.0788,7695
-0.0813,8397
-0.125,8977
-0.0662,7503
-0.371,8744
0.354,1403
-0.613,10984
-0.0477,6982
-0.0452,6634
0.0903,2821
0.175,3270
-0.141,9092
0.61,362
-0.0149,6613
-0.113,8490
-0.49,10280
-0.0954,8196
0.359,2055
0.258,1957
-0.089,9280
0.00997,5025
0.015,4889
0.0461,4399
0.332,1565
-0.129,9297
-0.0848,8848
0.295,580
0.328,554
0.0655,3740
0.0653,4149
0.0249,4558
0.0524,3763
-0.144,10102
0.0776,3726
-0.0589,5817
0.136,2460
0.0931,3011
-0.114,8810
0.152,2177
-0.158,8287
0.0406,4337
-0.411,9367
0.0535,3945
-0.155,8435
-0.107,7134
0.251,879
-0.14,9358
0.843,1261
0.361,606
-0.0917,7662
0.0327,3617
-0.0766,7422
0.489,456
-0.278,7084
0.49,239
0.00822,4881
-0.0549,8169
-0.0245,5231
0.931,169
-0.166,7608
-0.114,8084
-0.281,10891
0.011,5075
-0.193,10664
0.195,565
0.00174,5409
-0.186,9259
-0.141,9650
-0.285,10082
-0.054,6439
-0.152,8779
0.0654,3906
0.413,1220
-0.102,8407
0.0982,3092
-0.0781,7524
-0.203,10569
-0.133,9184
0.115,2954
0.129,1872
-0.293,10458
0.0325,4820
-0.225,10622
-0.0683,6638
-0.191,9035
-0.261,10897
-0.141,9835
-0.187,10321
0.204,1433
-0.165,8305
-0.418,7810
0.177,1317
-0.161,10325
0.275,2330
-0.163,9175
-0.203,9973
-0.293,10458
0.0391,4550
-0.224,10830
0.141,2419
-0.0718,6366
0.287,158
0.207,1466
-0.0538,6996
-0.0934,9095
-0.113,7756
-0.339,8529
-0.000685,5215
-0.306,10959
-0.11,8718
-0.262,9223
-0.114,9199
0.0799,3695
0.185,2049
-0.0774,6258
-0.11,8304
0.129,1080
-0.146,8521
0.14,1586
-0.189,9324
0.2,3154
-0.0666,7457
0.242,117
-0.207,8955
-0.122,9272
-0.21,5977
-0.133,9448
-0.0827,8503
-0.141,9739
0.0483,3635
-0.33,8893
-0.0102,5661
-0.308,9311
0.0383,4028
0.324,628
-0.535,10802
-0.0291,6313
0.969,379
-0.0118,5633
-0.101,8394
-0.366,10528
0.306,766
0.0609,2952
-0.286,10601
-0.323,8135
-0.095,7403
-0.129,8640
-0.112,8842
0.0528,3671
0.0521,4305
-0.129,8685
-0.11,7592
-0.0503,7457
-0.217,9704
0.0697,3340
0.196,3263
-0.125,8039
-0.142,8859
-0.0122,5631
0.544,37
0.166,912
0.42,2338
0.0509,3807
-0.0344,6131
0.127,3126
-0.036,5633
0.344,355
1.04,194
0.0151,4770
-0.209,8267
0.231,1090
0.281,1554
0.0413,3926
0.123,2522
0.0996,1104
0.0355,4072
0.0169,5063
0.0831,2915
-0.0687,7867
-0.0483,6179
0.078,3417
0.0787,3222
0.156,1327
0.707,232
0.00781,4898
0.0746,3911
-0.139,8331
-0.558,10791
0.0264,4503
0.554,35
-0.0279,6421
-0.462,10982
-0.149,7147
0.0518,3670
-0.306,9576
0.362,632
-0.149,8751
0.0416,4267
-0.0514,6629
-0.00382,5589
-0.138,9954
-0.15,8064
-0.287,9757
-0.212,8008
0.454,427
-0.176,10765
0.128,899
0.606,1048
-0.0389,6502
-0.295,10811
-0.0277,6505
0.071,3526
-0.0518,7724
0.182,2173
0.0597,4214
-0.735,10763
-0.0102,5708
0.0113,4939
0.154,401
0.243,2487
-0.0239,6469
0.373,2008
0.0826,3934
0.421,133
0.355,1191
0.226,1069
0.0781,3746
-0.368,10041
-0.348,10641
0.04,3993
-0.0887,8187
-0.0251,6415
-0.402,10747
0.427,245
-0.0561,7091
-0.109,9907
-0.00847,5455
0.0709,3335
0.224,2112
1.03,119
0.0984,2134
-0.0356,6581
0.0322,4236
-0.149,9216
0.0904,3311
0.22,1232
-0.399,9996
0.334,101
-0.162,9180
0.286,646
0.00149,5228
-0.187,7695
0.0348,4660
0.0216,4755
-0.38,10523
0.658,15
0.239,1885
0.361,321
-0.262,10210
0.0719,2814
-0.0422,6127
-0.166,8092
-0.0647,7076
0.0615,4489
0.333,426
-0.00912,5620
-0.145,9729
0.143,2993
0.0825,2656
0.0411,4596
-0.222,8979
-0.0111,5826
0.0252,4304
0.527,316
0.258,896
-0.0884,6422
0.12,3111
-0.0706,6786
-0.103,8276
0.0837,3566
-0.268,9918
0.0719,4012
0.00809,5102
-0.241,9261
0.0243,3986
0.335,1590
0.264,391
-0.317,9761
-0.0627,7735
0.102,2536
0.285,575
-0.352,9884
-0.117,7561
0.261,2734
0.578,495
0.446,23
-0.179,10086
0.361,588
0.313,1613
0.116,3625
0.0733,4042
0.323,245
-0.0188,5849
-0.0497,6553
-0.131,6710
0.0907,3432
0.0419,4235
0.5,9
-0.0868,9719
-0.229,5300
-0.012,5263
-0.0269,6599
0.097,1599
-0.0316,6277
0.17,1080
-0.183,8840
-0.035,6159
0.112,2764
0.0717,3766
0.0618,3615
-0.0368,6608
-0.0496,6442
-0.098,6435
-0.324,9367
0.185,1642
-0.225,10619
0.133,1840
-0.0192,5814
-0.268,10720
0.404,1225
-0.325,9587
-0.255,10536
-0.283,10729
0.719,230
-0.255,8569
-0.0178,5752
0.0744,2465
0.0612,4071
-0.341,10704
1.76,88
-0.125,8840
-0.0747,7667
0.0497,4321
0.265,1196
-0.25,9473
0.263,1715
-0.207,8578
-0.152,10347
0.11,1917
-0.0218,6169
0.13,1452
-0.0301,6258
0.159,2932
0.0622,3978
0.131,3383
0.137,1360
-0.216,10185
-0.0756,7432
0.406,1399
0.0242,4613
0.0202,4833
-0.0323,6203
0.0694,3955
0.0651,3565
-0.131,6896
0.158,3173
-0.507,10814
-0.0267,6299
-0.117,9612
0.0159,4664
0.114,3404
0.39,1864
-0.244,10274
-0.115,7724
0.0684,3663
0.188,1724
0.14,1773
0.0987,3496
0.117,3458
0.128,594
0.0164,4564
-0.318,10590
-0.127,8877
-0.287,7523
0.0192,4774
-0.167,10568
0.181,2093
-0.283,10048
0.03,4385
-0.184,9148
-0.387,10473
0.255,1640
0.893,35
-4.68e-05,5232
0.118,3051
0.0327,3828
-0.0452,6893
-0.187,8967
-0.0652,7103
-0.158,8706
-0.124,8275
1.13,320
0.213,188
0.321,603
-0.0336,6301
0.0453,3855
0.333,741
0.307,262
0.034,4467
-0.192,10375
0.32,199
0.117,2426
0.35,147
-0.136,9213
-0.602,10855
0.0859,2698
0.144,2085
0.00317,5127
0.0782,3385
-0.109,5835
-0.106,7178
-0.0636,7717
-0.304,10551
-0.195,7334
-0.244,9867
-0.0688,7086
0.00975,4999
0.19,1354
-0.0683,7949
-0.0717,6928
0.244,2861
-0.433,10173
-0.0289,6319
0.0773,2298
0.0859,2930
-0.0641,7344
0.268,343
0.0176,4665
0.103,3331
0.309,311
-0.0584,7288
0.689,202
0.196,1854
-0.11,8417
-0.296,9976
-0.0516,7885
0.142,2464
0.0614,3612
0.18,3300
-0.0717,6850
0.368,155
0.355,1510
0.197,758
-0.1,8445
0.00934,4974
0.0505,4287
0.00561,4928
0.034,4164
0.0419,3828
0.296,1666
-0.284,10260
0.0963,3104
-0.0498,7054
0.0834,2369
0.054,3010
0.197,2660
-0.0224,5933
-0.299,7220
0.00678,5119
0.0369,4305
0.268,708
-0.211,7941
0.2,1314
-0.364,10942
-0.0859,7319
-0.0944,8995
-0.062,7217
-0.164,7795
0.332,1140
-0.172,8074
-0.00134,5411
0.0597,3320
-0.0391,6571
-0.0936,7134
0.129,2587
0.221,1801
0.169,2742
0.347,182
0.0144,4745
-0.136,8012
0.00519,5154
-0.237,10777
0.119,1407
0.0835,3642
0.0161,4723
0.152,1006
0.00172,5222
-0.0358,6163
-0.00452,5835
0.229,820
0.13,1003
-0.0777,8764
-0.0252,5967
-0.0789,7224
-0.195,10144
0.493,106
-0.0338,5836
0.0281,4168
0.015,5019
-0.123,8859
-0.293,9431
-0.358,8685
-0.356,9031
-0.329,9414
-0.0262,5938
0.262,2706
0.176,1830
-0.0405,7050
-0.0675,7199
0.0837,3496
0.219,576
-0.0299,6035
0.00336,4887
0.148,683
0.00208,5192
0.0993,3260
0.596,257
0.112,3700
-0.167,8127
-0.0827,8427
-0.244,10052
0.0716,3130
-0.121,8998
-0.0923,7828
0.036,4630
-0.159,10827
-0.0418,7198
0.0843,3791
0.332,820
-0.414,10729
0.192,1401
0.0957,2275
-0.108,8417
-0.0977,7546
0.0747,3558
-0.57,10040
0.123,2855
-0.131,9778
-0.0635,6911
0.0685,3621
-0.0229,5848
-0.36,10839
-0.201,8421
-0.222,9999
-0.216,10782
-0.0625,6489
0.89,110
-0.657,10714
-0.123,8683
0.0773,3696
0.0305,4632
-0.472,10869
-0.139,8561
-0.00749,5683
-0.601,10304
-0.0768,6605
0.268,251
-0.0815,7502
0.0949,2671
0.0199,4748
0.0389,4162
-0.144,9377
0.557,104
0.0255,4848
0.747,352
-0.0542,7481
0.182,334
-0.0756,7565
0.222,614
-0.119,8493
0.188,1827
0.0363,4309
-0.0361,6330
0.235,544
-0.0559,6078
2.52,71
0.0394,4327
0.0498,3312
-0.0986,7768
0.198,322
-0.264,8906
0.181,2081
-0.149,9032
0.0162,4501
0.0606,3135
0.0422,4243
0.299,1189
-0.17,8593
-0.111,8958
0.032,4190
-0.165,8809
0.204,2148
-0.51,9476
-0.132,9246
-0.0385,6974
-0.0694,9004
0.151,1718
0.0385,4377
0.0405,3730
0.0744,3854
-0.109,9305
0.000654,5294
-0.0309,5561
-0.0769,8278
0.894,705
-0.11,8246
0.0438,4122
0.128,2921
-0.19,8572
-0.0307,5837
0.258,860
0.164,3362
-0.255,10245
1.05,46
0.699,32
-0.262,10436
-0.292,9330
0.078,3272
0.208,1480
0.00923,5122
0.0119,4874
-0.415,10577
-0.103,6668
-0.11,7804
-0.227,10555
0.0198,4589
1.64,22
-0.1,6836
0.159,2307
0.144,2547
-0.108,7768
-0.0376,6568
-0.324,10401
0.116,3644
-0.216,8428
-0.169,8910
-0.0171,6487
-0.252,10563
0.0328,4554
0.117,3172
-0.0133,5451
-0.292,9770
0.0233,4586
-0.0763,7057
-0.0197,5759
0.395,622
-0.194,9298
0.226,3129
-0.0107,5632
0.197,1438
-0.229,9993
-0.0813,8305
0.17,2019
-0.0908,8050
0.0823,2497
0.245,253
-0.0892,8178
0.242,1414
0.281,1146
0.181,3365
-0.00396,5607
-0.141,9090
0.091,3992
-0.149,8182
0.299,2040
0.139,2663
-0.159,10906
-0.297,9981
-0.0564,7073
0.0116,5324
-0.235,9760
-0.209,9123
-0.0102,5685
-0.0867,8413
-0.129,7305
-0.187,9405
0.151,3324
0.048,4163
0.128,2040
0.0216,4477
0.0475,3137
0.0883,2169
-0.0621,7930
0.0616,3406
0.0545,3441
-0.0193,5962
0.0935,3639
-0.246,7656
-0.483,10830
0.266,1617
-0.157,9800
0.0234,4766
0.0896,2197
0.0708,3739
0.0635,4106
-0.214,10251
-0.029,6570
0.0737,3199
0.337,556
0.218,1687
-0.061,6154
0.613,330
0.225,1440
-0.0509,6851
0.566,371
0.0309,4649
0.0959,3753
0.231,560
-0.0413,6749
-0.145,10240
0.085,3311
-0.143,8470
0.161,1802
0.0961,2214
-0.0217,6181
-0.00824,5750
-0.0397,5793
0.168,2263
0.039,4465
-0.262,10836
0.0364,3560
0.0629,3755
-0.203,10800
0.125,1721
0.307,782
-0.157,7830
-0.121,7533
-0.111,8176
-0.057,7114
-0.0989,7731
-0.144,8344
-0.0907,7457
-0.0336,5571
0.0159,4558
0.111,3507
0.421,526
-0.262,10716
-0.0731,6729
0.321,2025
-0.105,9217
-0.147,10171
-0.128,8583
-0.183,9417
0.0128,4931
0.0122,5112
0.04,3913
0.182,1185
-0.309,9866
-0.0689,6471
-0.617,10564
0.308,349
0.0367,4287
0.207,864
0.0725,3364
-0.151,9630
0.0431,4428
-0.158,7291
-0.558,10900
-0.197,9067
-0.0974,7689
0.0409,4257
0.165,2700
-0.0565,6044
0.224,785
0.0778,2481
0.0156,4798
-0.289,10689
-0.0584,6560
0.129,2696
-0.427,10376
0.0616,3261
0.0825,2963
-0.113,8513
0.159,2276
-0.158,8939
0.0604,1899
-0.226,9802
-0.165,10322
-0.0778,7216
0.0704,3144
-0.141,8395
0.291,2183
-0.098,8918
0.111,2478
-0.0258,6705
-0.0949,6812
0.166,2447
0.476,673
0.175,2021
0.0298,4427
-0.308,10326
0.0179,4849
-0.0775,7226
-0.152,8017
-0.0938,7599
-0.13,9125
0.0233,4668
-0.0564,6426
0.0956,2972
0.208,2897
0.0398,3922
0.0317,4079
0.856,46
-0.228,9618
0.403,1974
-0.616,10572
-0.101,8806
-0.212,9782
0.118,3144
-0.188,9036
-0.0669,6562
-0.134,7025
0.0575,3124
0.379,209
0.0444,3975
-0.206,8682
-0.224,10405
-0.555,10519
-0.0206,6489
-0.0116,5847
0.445,651
0.102,3137
-0.111,8576
-0.0264,5486
0.0198,4275
0.0672,2442
0.0326,4445
-0.0665,7659
-0.249,9937
-0.0226,5628
0.0578,4159
-0.211,8498
0.175,2564
0.114,3211
-0.467,10219
-0.234,10177
-0.0619,7400
-0.0175,5954
-0.546,9023
0.308,1410
-0.212,8409
0.0398,3628
0.0227,4142
0.0151,4862
0.238,794
-0.0944,7108
-0.3,8994
0.0383,4307
-0.126,8827
-0.0591,6421
-0.0238,5451
-0.0172,5541
-0.479,10612
-0.0737,6804
-0.0919,7537
-0.00731,6054
0.158,2707
-0.089,5260
-0.0789,7373
0.132,2247
-0.0111,5866
-0.167,8873
-0.244,6944
0.128,2250
0.214,1808
0.0649,4235
-0.0881,7299
-0.0149,5981
-0.00641,5315
-0.0506,6453
0.121,2744
0.194,1525
-0.118,9811
0.16,1907
0.223,1667
0.141,2960
0.0706,3786
-0.128,6724
0.322,2892
-0.102,9792
-0.27,9628
0.0462,4217
0.0486,3936
-0.093,6827
-0.0929,7346
-0.206,9261
-0.407,10124
0.00592,5126
-0.0501,6339
-0.0604,7195
-0.0914,8021
-0.193,10489
0.131,3260
0.115,2839
-0.116,7797
-0.0167,5258
-0.0462,6405
-0.188,9932
-0.339,10624
0.0263,4848
-0.193,6864
0.479,960
-0.0737,7319
-0.193,8286
-0.00531,5586
0.295,267
-0.152,8935
-0.279,10056
-0.347,11021
-0.095,8508
0.143,2249
-0.072,7070
0.28,1093
-0.0619,6405
-0.131,9510
0.611,24
0.072,4124
0.155,1459
-0.0291,6225
0.183,2360
-0.0455,8332
-0.315,10689
0.0735,3868
-0.00169,5308
0.121,3104
-0.41,9671
-0.255,10590
-0.0596,7957
-0.27,10595
-0.00123,5381
-0.393,10669
-0.264,10082
0.149,2544
0.51,53
-0.261,10248
-0.161,9917
-0.526,10631
-0.0457,5914
-0.374,10135
-0.265,10460
-0.00776,5526
-0.0722,6862
-0.202,9964
0.0374,4129
0.158,984
0.291,160
-0.297,9946
-0.324,9946
0.423,243
0.111,3217
0.0654,3841
0.0961,1348
0.0795,3230
0.274,391
-0.503,10307
-0.374,10812
0.133,1766
-0.222,9885
0.0995,3256
-0.175,9017
-0.448,10757
0.104,2694
-0.0542,7552
0.104,1042
0.0942,3811
0.557,73
-0.0675,6518
1.08,35
-0.412,10890
-0.155,9159
0.394,86
0.284,2668
0.433,1106
0.111,3193
0.0347,4280
-0.233,9782
-0.122,7771
-0.0222,6122
0.00726,5042
0.0902,3102
0.208,699
0.0375,3653
0.243,1435
-0.0308,5872
-0.104,6500
-0.198,8018
0.0486,3688
-0.158,8762
-0.177,9793
0.187,1840
0.13,1270
-0.152,7951
0.243,1036
-0.0724,6645
-0.0886,7926
-0.151,9708
0.0282,4656
-0.356,9700
-0.0508,6895
-0.228,8443
0.0893,3248
0.0504,3700
-0.0376,6298
0.24,1600
-0.177,9631
-0.02,6598
0.124,1637
0.0352,4520
0.439,813
0.121,1201
-0.0249,6687
0.349,352
0.0712,3617
-0.144,9101
0.339,1308
0.181,2166
0.0476,3354
-0.101,8857
0.116,3358
-0.124,8819
-0.162,8622
-0.063,7284
0.0269,3931
-0.00188,5403
0.917,731
-1.27,11009
-0.0566,7938
-0.0346,6618
-0.0334,6371
-0.113,8266
0.361,2268
0.145,3197
0.0416,4422
0.0298,4694
0.0397,3902
0.0776,3192
0.0304,4685
-0.0105,5439
0.351,1825
0.183,1208
-0.0177,5556
0.142,2315
-0.0444,7606
0.0544,4241
-0.114,7948
-0.195,8553
0.0862,2443
0.154,2313
0.22,947
-0.337,9810
-0.0756,5970
-0.118,9709
0.0895,3279
-0.0426,6762
0.0417,4330
0.0985,2766
0.108,2558
0.0314,4468
-0.114,7213
-0.272,10457
0.17,1116
-0.435,10094
-0.679,11031
0.0905,2729
0.0706,3170
0.0303,4592
-0.38,10744
0.257,749
-0.118,8945
0.246,546
0.0873,2168
0.00278,5095
-0.00976,5400
-0.254,9250
0.0659,3454
-0.0713,9206
0.255,538
-0.105,8049
0.0401,3764
-0.175,10061
-0.15,8371
0.13,1950
-0.13,8350
0.094,3289
-0.286,10293
-0.315,10592
0.0738,3348
0.06,4363
-0.129,8467
-0.0303,6453
0.205,1144
0.291,680
-0.0425,5828
0.155,1224
0.417,1319
0.106,2435
0.161,2519
0.169,2427
-0.0301,5716
0.00488,5159
-0.0439,7087
0.139,1580
0.263,2242
-0.0404,5695
-0.626,10869
0.24,737
0.181,1200
0.386,495
-0.0226,6109
0.0668,3551
0.173,2530
0.0638,2727
0.159,2526
0.228,1410
0.13,1275
0.034,4422
-0.0125,5552
0.0146,4982
-0.0569,6852
-0.241,9843
0.14,2589
0.0166,4646
0.145,2481
-0.119,9450
0.293,701
-0.0105,5728
-0.0252,5494
1.52,112
-0.174,6877
-0.0096,5868
-0.507,10550
0.0244,4516
-0.00474,5447
0.168,2689
-0.444,7680
0.0326,4308
0.443,1904
0.114,3665
0.031,4093
0.283,1636
0.0392,4645
-0.0513,7254
-0.037,6161
-0.232,10623
-0.117,7584
-0.286,10709
0.0597,3733
0.0243,4316
-0.167,9681
-0.0877,6878
-0.15,8739
0.42,478
-0.401,10146
0.119,2309
0.0726,3585
0.169,1571
-0.123,7899
0.225,1149
-0.0163,5593
-0.114,9806
-0.0133,5862
0.151,1921
0.0145,5057
-0.084,6441
-0.0741,6696
-0.169,9790
0.413,27
0.0846,3205
0.201,1174
0.146,1702
-0.24,8008
-0.0807,8341
0.0194,4658
-0.23,10438
-0.139,7874
-0.175,8752
0.241,1678
-0.0559,7041
0.0173,4593
-0.105,7669
0.373,801
0.247,852
0.114,3636
0.125,2341
-0.124,9917
-0.0442,5973
-0.0566,6134
0.17,3203
-0.0687,6440
0.166,798
0.263,857
-0.0146,5353
0.282,336
-0.388,10858
-0.0374,6439
-0.00569,5461
-0.166,10188
0.128,2445
-0.164,8810
-0.0576,5964
-0.192,9036
0.0912,3014
-0.0783,8174
0.13,1165
0.0267,4441
0.529,319
0.0927,2364
0.00421,5032
0.135,2041
-0.139,9855
0.0464,4583
0.168,464
0.195,1339
0.114,2455
-0.0846,7709
0.269,1686
-0.115,8785
0.298,1936
0.00485,5122
-0.0903,9019
0.0063,5149
-0.343,10966
-0.187,9678
-0.114,9436
0.00874,5175
0.136,1947
0.149,1506
-0.0328,5769
-0.18,8704
-0.0661,7051
-0.0227,5877
-0.203,9740
-0.0765,8433
0.268,418
0.0526,3989
-0.54,10620
0.2,900
-0.0585,7587
-0.316,10644
0.23,1461
-0.0998,8204
0.226,1829
-0.187,9483
0.372,89
0.0303,3538
-0.0153,5900
-0.0872,8593
-0.0155,5465
-0.0259,5820
-0.196,10267
-0.0229,6870
0.186,2291
-0.111,7723
0.135,3152
-0.208,6362
0.192,1297
-0.155,9608
0.182,2468
-0.0632,8325
-0.0529,7013
-0.317,10668
0.341,622
0.00941,4913
0.0659,4070
-0.134,8864
0.302,951
1.57,719
-0.247,8510
0.053,3983
-0.381,10532
0.168,1812
-0.206,7768
0.305,1544
0.0774,3262
0.121,1264
-0.0112,5362
-0.103,6339
0.182,1702
0.134,2791
0.0751,2963
-0.0173,5883
-0.167,9689
0.107,3279
0.184,1884
0.404,1677
0.0611,3371
-0.0343,6607
0.179,3040
0.178,2041
-0.311,9248
-0.39,10199
-0.196,9767
0.0292,4443
-0.0699,7239
-0.132,9546
0.0533,4214
0.685,186
-0.246,10386
-0.248,9121
0.508,495
0.173,2101
0.0594,3997
-0.109,8229
0.177,1942
-0.053,7654
0.107,2585
-0.035,6206
0.0967,3435
-0.177,8135
-0.115,9079
-0.187,10953
-0.0581,7125
-0.144,7039
-0.0762,6786
-0.157,8084
0.0165,4223
-0.0088,5741
0.181,1925
0.005,5401
-0.0566,6431
-0.00541,5262
-0.199,10461
0.202,956
-0.0682,6843
0.0924,1948
0.0891,3319
-0.116,8580
-0.188,10219
-0.269,10773
-0.155,8917
0.0816,3863
-0.109,7456
0.105,1858
0.075,2843
0.0865,3526
-0.422,9738
-0.0993,7048
-0.16,7435
0.0416,4216
-0.0534,7288
-0.0132,5774
-0.183,9028
0.00304,5447
-0.338,7985
-0.0785,7207
0.188,2224
-0.278,10789
0.0399,4076
-0.131,8623
0.413,1192
0.113,1196
0.183,648
0.134,1536
-0.0441,6830
0.175,2337
0.0992,3619
-0.0745,6128
0.0572,3005
0.0918,2865
0.161,2839
-0.145,8251
0.107,3368
0.0808,3366
0.132,2758
-0.0732,8638
0.157,1675
-0.0687,7160
0.269,1326
-0.0015,5123
0.055,2779
-0.000602,5553
-0.028,5807
0.0909,3466
0.0177,4505
-0.0947,6820
-0.0264,6276
-0.0142,5994
-0.132,8625
-0.482,10633
-0.415,10307
-0.0375,7071
0.0835,2808
-0.179,10546
0.143,965
0.0973,3008
-0.119,8582
-0.408,9308
0.00951,4810
0.249,467
-0.0233,5904
-0.0685,8132
-0.0913,7940
0.0244,4227
0.0202,3907
-0.159,10000
-0.138,8528
0.102,2937
-0.207,8421
-0.0804,6702
0.376,285
0.138,1596
0.234,1677
-0.112,7009
-0.00787,5767
0.275,2716
-0.098,6631
0.139,1247
0.0933,2590
-0.126,8289
-0.0882,7171
-0.13,6911
0.0126,4767
-0.115,8331
0.0284,4786
0.144,3082
-0.0342,5941
-0.195,7830
0.0335,4589
-0.229,10792
1.25e-16,1913
