coef,rank
0.208,2405
0.059,3971
-0.105,8896
0.334,1360
0.104,3591
1.46,193
-0.577,10409
-0.036,6412
-0.224,10707
-0.152,8507
-0.304,10471
0.274,1363
0.0283,4381
-0.0216,6213
0.053,3945
-0.368,10844
-0.263,8095
-0.295,8178
-0.0176,6301
-0.0293,7303
-0.0915,7881
-0.146,9648
-0.627,10890
-0.217,8295
0.0636,3667
-0.246,9935
-0.272,9407
0.0457,4146
-0.0842,8649
-0.00632,4610
0.195,1703
-0.0205,6003
0.289,1022
-0.299,8797
-0.00105,5164
-0.359,10338
0.083,3212
-0.103,9345
0.297,427
0.174,2697
0.0673,3905
0.618,45
-0.139,9568
0.0344,3511
0.03,4590
-0.129,8630
-0.26,9869
-0.0883,6310
-0.0846,9163
-0.0859,9520
0.0194,4888
0.0638,3862
0.0195,4840
-0.238,9553
-0.186,8859
0.0387,3714
-0.0722,7206
0.276,1605
-0.254,8454
-0.0863,6628
-0.157,10556
0.195,768
-0.229,9269
-0.0271,5700
0.0907,2266
-0.0566,7931
-0.0101,5554
0.0306,4301
-0.0506,7024
-0.0235,6133
-0.218,9945
-0.239,7513
-0.0746,7504
-0.0917,7989
-0.0503,6735
-0.163,8206
-0.314,9083
-0.0187,6147
-0.0149,5740
0.122,1929
-0.194,10215
-0.069,7137
-0.173,7400
0.0926,3835
0.0712,2913
-0.00997,5628
0.0282,4735
0.137,3186
-0.276,10317
-0.264,9123
0.152,970
-0.153,10622
0.488,136
-0.259,10062
-0.357,10190
-0.0184,5443
-0.27,9874
-0.0205,6051
0.201,2537
-0.0877,9064
-0.0122,5554
0.0666,3862
0.319,153
0.137,1613
0.204,888
0.0769,3713
-0.239,8540
-0.0406,6010
-0.218,9405
-0.0928,7430
0.0806,3480
0.0944,2979
-0.198,6601
-0.13,7588
-0.0516,7423
-0.125,10062
0.142,2982
-0.106,8388
0.139,1139
-0.261,10019
-0.115,8193
-0.151,10219
0.0999,2110
0.0421,3911
0.101,3699
0.661,675
-0.0618,7667
-0.167,8833
-0.338,10502
-0.156,8741
0.0647,4109
-0.0949,7221
0.0983,2306
0.267,457
0.072,3974
-0.0107,5699
0.107,3714
0.162,3358
0.22,350
0.11,2251
0.153,3148
-0.12,9681
0.0367,4578
-0.16,8964
0.00804,4992
-0.146,9431
-0.331,10102
0.0197,4792
0.0377,4251
0.189,2363
0.119,2033
-0.0818,8477
0.125,3871
-0.145,8321
-0.362,9350
-0.0818,7184
0.0755,3032
-0.185,9698
-0.0316,5809
0.0833,3339
0.0747,3526
0.55,2
0.339,454
0.0187,4341
-0.0212,5707
0.297,683
0.0167,4793
-0.227,10872
0.102,3333
0.193,698
-0.151,8753
0.562,511
-0.303,10998
0.0413,3638
0.0867,1233
-0.0883,7815
-0.307,10987
-0.399,10860
-0.0879,6181
-0.0559,7890
-0.29,10904
0.42,273
0.224,1086
-0.0814,7594
-0.0345,6482
0.0178,4059
0.416,9
-0.142,9269
0.149,2566
0.159,1342
2.09,3
0.103,2375
-0.152,9806
-0.12,10462
-0.00375,5363
0.0499,4124
-0.0587,5763
0.0832,2955
-0.166,8616
0.0419,4370
-0.0924,8759
0.453,304
-0.138,8815
0.162,3170
0.209,285
0.25,653
0.225,1350
0.104,3861
-0.228,10149
-0.158,8710
-0.137,9370
-0.0484,7377
0.322,267
-0.309,10295
0.253,1554
0.0936,3195
0.0555,2648
0.0603,3540
-0.217,9908
0.221,1565
-0.126,7174
0.184,2546
0.0772,3675
-0.0776,8266
0.0879,1783
0.533,204
-0.202,8471
0.0634,3978
0.0599,3389
-0.149,10355
0.215,255
0.233,1352
0.414,214
0.0107,5154
-0.179,8317
-0.00778,5893
-0.131,8269
-0.00807,5403
-0.0276,5658
-0.209,9401
0.567,120
2.48,125
-0.484,10540
0.155,1667
-0.153,8874
-0.0567,6713
-0.0311,6497
0.536,43
0.0966,3415
-0.0193,5838
1.19,941
-0.526,10891
0.363,6
0.0709,2593
-0.341,9826
-0.29,9031
-0.0259,5398
0.0014,4534
-0.00494,5535
-0.136,9022
0.0261,4607
0.0275,4630
-0.219,9858
-0.00202,5448
0.0814,3146
0.0899,3202
-0.325,9551
0.3,418
-0.132,8793
0.733,52
-0.178,9582
0.224,78
0.0537,3643
-0.183,9284
0.044,4545
-0.00511,5361
-0.232,10169
-0.245,9441
-0.0568,6747
-0.411,10943
0.0207,5020
-0.222,10341
-0.224,10367
0.0503,4592
0.271,937
-0.237,9415
-0.0971,6984
-0.0873,7632
0.168,626
0.221,1065
-0.165,8550
0.571,216
-0.0191,5686
-0.155,8303
-0.0576,8005
-0.0779,8094
0.223,2450
-0.0245,5821
0.0915,3735
-0.174,7754
-0.0623,6979
-0.0831,7876
0.163,1538
0.0928,3165
-0.0797,7326
0.00354,4875
0.116,1112
0.497,148
-0.0624,7215
0.0644,4278
0.149,2855
0.04,3716
-0.0922,8752
0.107,2465
-0.105,8304
-0.457,10235
-0.0696,6597
-0.157,8616
-0.345,10202
0.0361,4528
-0.231,9048
-0.00335,5525
-0.119,7215
0.227,2944
-0.185,10487
-0.0222,6015
0.152,1421
0.201,1258
-0.0414,6972
-0.299,9242
-0.065,7974
0.0134,4947
0.27,1698
-0.353,10388
0.0652,3478
-0.000568,4978
-0.0321,6338
0.0479,3636
-0.12,9162
0.000704,5342
0.313,324
0.0279,4618
0.0795,2628
-0.00364,5200
0.359,1157
0.0506,3062
0.0925,1839
-0.186,8961
0.0409,3967
-0.0381,6336
-0.568,8455
-0.472,9507
-1.08,10218
-0.601,9259
-0.368,9590
0.0793,4160
-0.0558,6397
0.0588,4222
0.0471,4153
-0.113,7971
0.0303,3969
-0.0532,7938
-0.0573,4750
-0.0477,6235
0.225,1524
0.146,2913
-0.231,10133
-0.0979,9228
-0.00402,4585
-0.0289,5974
0.00674,5423
0.0623,3827
0.141,2913
0.0498,3602
0.0106,5141
0.764,52
-0.3,9819
-0.342,8788
-0.294,10470
0.299,132
0.299,1440
-0.0549,8077
-0.131,7929
0.314,2183
-0.165,9720
0.0785,3128
0.13,2062
0.403,299
-0.659,10689
-0.36,10674
-0.205,10491
-0.0424,6465
0.145,2257
-0.0411,5729
-0.157,8881
0.0424,4410
0.108,2829
-0.0684,7771
0.359,1639
0.0253,4620
-0.143,8189
-0.136,8700
-0.187,9794
-0.0185,5852
-0.193,9569
0.193,1896
0.467,274
-0.319,8503
-0.00754,6302
-0.194,10238
0.22,1482
0.322,1409
-0.347,10637
-0.079,6785
-0.309,11020
-0.0309,7362
-0.00984,6820
0.00647,5058
0.592,711
0.0636,3601
-0.239,8223
-0.00148,5421
0.301,1038
-0.191,8918
0.145,2537
-0.327,8858
-0.159,8512
0.0626,3272
0.196,1308
-0.226,9088
0.36,597
-0.0124,5784
0.126,1255
-0.143,9655
-0.291,10497
0.311,495
0.0807,3815
-0.0732,7700
-0.146,7689
-0.0476,7176
0.000126,5416
0.0105,3498
0.247,2545
0.219,1793
-0.181,7573
-0.00606,5611
-0.0569,6702
-0.252,9560
-0.186,7157
0.501,272
-0.0507,5801
0.136,1964
0.273,1858
-0.238,8957
-0.0796,7460
-0.12,7109
0.0543,4061
0.0156,4654
-0.0182,6341
-0.0701,6875
-0.0468,6313
-0.0626,7116
-0.312,10933
-0.231,10858
-0.103,6928
0.217,1870
0.26,1660
-0.091,7822
0.0531,4338
-0.0529,6657
-0.183,10152
0.459,341
-0.0803,6874
-0.0449,6852
-0.126,8517
0.0157,4609
0.11,2972
-0.0104,5374
0.12,3869
-0.031,6033
0.0154,5080
-0.171,10251
-0.35,9902
0.0971,2408
-0.376,10769
-0.078,6474
-0.0585,6999
-0.19,10247
-0.233,10839
-0.05,6741
-0.102,8563
0.342,320
-0.151,9160
0.0672,702
0.17,1641
0.176,835
0.277,2122
-0.11,6325
0.0505,3914
0.0565,3522
-0.171,10275
-0.0177,5621
0.103,2954
-0.29,8125
-0.225,10066
-0.00401,5411
0.112,1630
0.198,2764
0.028,4831
-0.211,7305
-0.242,9583
-0.142,7411
-0.0758,8451
-0.275,8090
0.0897,4083
0.303,2125
-0.377,9841
0.0376,3642
-0.15,9928
0.00257,5349
-0.0882,8148
-0.0587,6091
-0.13,8189
0.0326,3975
-0.114,8163
0.00262,4859
0.0266,4738
-0.0623,6461
-0.544,9409
-0.0575,7397
-0.0832,7834
-0.207,9430
-0.219,9955
0.33,273
-0.0417,6028
0.0826,2619
-0.024,6707
-0.232,6197
-0.287,7259
-0.143,6153
-0.0508,5403
0.12,2020
-0.321,10103
-0.119,8726
0.129,2580
-0.142,8168
-0.0871,7602
-0.000749,5151
0.0669,3814
0.0724,3677
-0.0468,6588
0.854,284
1.07,370
-0.212,10285
0.219,1577
-0.208,9432
0.29,564
-0.117,7894
0.106,2955
-0.128,8542
0.592,57
-0.113,8286
-0.216,10432
0.177,2049
-0.185,9268
0.0573,3587
0.146,1481
0.235,887
-0.0361,6362
0.199,2282
0.0429,3699
0.0297,4538
0.0262,4813
0.277,706
-0.0358,6308
-0.034,5965
-0.0976,7596
-0.016,5804
-0.0435,7204
0.404,1384
-0.119,8338
0.337,715
-0.232,7091
-0.119,8869
-0.106,8121
0.0179,4747
0.171,958
0.0725,2990
-0.428,10960
-0.119,8987
-0.2,10300
0.17,1677
0.000523,5208
0.258,2074
0.163,3235
-0.0421,7651
-0.0203,5810
-0.183,8463
0.046,4096
-0.204,9223
0.0775,3360
-0.171,9580
0.0287,4521
0.166,2534
0.562,255
-0.184,9612
0.178,2680
-0.131,8873
0.116,1775
-0.203,7990
-0.0462,7449
0.0354,4647
-0.241,6958
0.0011,5402
0.142,1782
0.358,451
0.0809,3078
0.255,1660
-0.0994,7494
0.0279,4452
-0.0143,5947
0.0615,2694
-0.242,10655
-0.101,8114
-0.149,8920
-0.0436,6572
-0.259,9455
0.207,367
-0.187,8199
-0.264,7064
-0.0385,6835
0.0383,3649
-0.267,11022
-0.189,10472
0.0834,3862
-0.262,9966
-0.0177,6095
-0.0802,9359
0.00173,5144
-0.195,8564
-0.234,9308
0.998,4
0.132,2769
-0.305,10521
0.201,2252
-0.00907,5522
-0.223,8665
-0.0695,7245
-0.152,10190
-0.0161,5749
-0.381,6204
-0.0193,6291
0.0713,4097
0.171,2434
-0.139,10329
0.196,3223
0.194,3665
0.4,2519
-0.00617,5098
0.159,3535
0.354,1117
-0.195,9023
0.0763,3304
-0.0439,6868
-0.0246,6497
0.149,259
-0.0671,6813
-0.191,7822
-0.279,8385
0.405,38
0.284,424
0.0299,4299
0.159,2562
0.0706,3373
0.0473,4422
0.0232,4426
0.0833,3401
0.0158,4896
-0.0804,6054
-0.0886,7034
-0.119,8090
-0.138,7814
-0.0839,8309
0.115,2197
-0.279,9306
0.122,1920
0.0404,4674
0.0782,4090
-0.156,9786
0.11,3218
-0.239,9941
-0.256,7564
0.0254,4745
0.348,953
-0.0581,6941
0.0887,2873
-0.287,9800
-0.0475,6147
0.121,3025
0.0692,4059
-0.389,10709
-0.213,10153
0.579,42
-0.0332,4932
0.0569,4226
0.228,1577
0.188,1337
0.412,78
0.0759,2831
-0.112,8069
0.435,1734
-0.901,9370
-0.148,9564
0.0409,3635
0.273,165
-0.283,10290
0.0626,2447
-0.212,8451
-0.0424,6357
-0.288,10996
-0.0578,5763
0.254,1474
-0.0128,5272
0.36,543
0.263,1214
0.0826,2850
-0.0176,5637
0.768,65
0.577,1673
-0.221,8694
-0.164,10266
-0.135,8666
0.0558,4067
0.105,2612
0.163,1758
-0.307,8949
0.0138,4886
0.131,2382
0.153,2036
-0.0345,6429
-0.216,7158
-0.461,8404
0.109,2380
-0.175,10438
0.0259,4523
-0.0574,6844
-0.0834,7275
-0.283,9430
0.0693,3060
0.0819,3107
-0.163,9056
0.142,3261
-0.0928,7704
0.0587,3463
0.23,534
0.00327,5152
0.205,1011
-0.0567,6142
-0.0287,6883
-0.134,8458
-0.105,7108
-0.0944,8725
-0.209,9600
-0.0747,6804
0.154,2510
0.259,2272
-0.263,10383
0.227,1608
-0.174,9196
-0.143,7019
-0.159,7825
0.00371,5093
0.0793,2680
0.104,3913
0.0391,4520
-0.0501,6384
-0.163,8163
0.13,2940
-0.0425,6889
-0.139,8326
-0.409,10602
0.194,484
0.373,2124
-0.287,8837
-0.0196,5956
0.00886,5262
0.166,2074
-0.176,8514
-0.214,10243
0.592,264
0.0326,4224
-0.0494,6866
-0.0939,10888
-0.0211,8692
-0.0212,7881
0.0388,478
0.0195,2196
0.632,2327
-0.148,8636
-0.58,9828
0.0511,3921
-0.82,9035
-0.228,9988
0.16,2544
0.577,1165
0.369,616
-0.511,10204
-0.0498,7005
0.67,67
-1.54,10712
-0.0739,7349
-0.054,6161
-0.129,10451
-0.149,8883
-0.102,7733
0.161,3088
0.239,1981
0.394,1662
0.092,3501
0.137,2085
-0.183,8736
-0.17,5520
0.212,2383
-0.328,10363
-0.489,6965
0.159,2148
0.265,538
-0.322,10197
-0.164,9374
0.0713,3065
-0.08,8330
-0.0561,6415
-0.0964,6772
0.159,1807
-0.116,6399
-0.191,9435
0.0403,3938
-0.00305,5746
-0.225,10000
0.258,531
0.049,4534
-0.133,7344
-0.134,8145
0.219,884
-0.337,10408
0.0549,4275
-0.199,9585
0.22,562
0.000254,5551
-0.0801,7377
0.0102,4984
-0.247,10857
0.0282,4648
-0.249,8288
0.339,406
-0.102,8144
-0.0252,4150
0.231,577
-0.0139,5257
-0.215,9329
0.0445,4103
-0.157,8725
0.0506,4196
0.175,872
-0.49,10710
0.141,1779
0.17,791
-0.112,8690
-0.153,9548
0.265,769
0.519,87
0.208,2556
0.0256,4547
0.284,83
-0.405,9359
0.0132,4908
0.191,1168
0.144,2546
0.0345,4093
0.136,1377
4.7,83
-0.838,8558
0.069,3153
-0.184,6461
-0.197,9652
-0.0657,8242
0.432,747
-0.179,9917
0.146,3095
-0.0151,6414
-0.102,8750
-0.028,6250
-0.243,6987
-0.448,7938
-0.335,6603
0.0514,4261
0.103,3352
-0.0289,5940
-0.527,10088
-0.271,10617
0.146,1293
-0.00114,5636
-0.118,8511
-0.113,7966
-0.203,9398
-0.11,8232
-0.0224,6080
-0.0123,5789
-0.0537,6689
0.0013,5285
-0.0853,7803
-0.153,7919
-0.296,10369
-0.28,10350
-0.0931,7969
0.197,3080
0.417,829
-0.184,9364
-0.0103,5210
0.331,241
0.0429,4228
0.0111,5123
0.149,1782
-0.0319,5921
-0.0959,8901
0.00127,5243
-0.0105,5910
0.171,2172
0.324,445
-0.165,8644
0.0637,2472
0.127,3051
-0.152,10284
0.742,778
-0.254,9332
-0.456,10642
-0.12,7243
0.0644,2658
-0.107,7702
-0.192,6738
-0.133,8431
-0.101,8169
-0.337,9491
-0.114,9082
-0.337,10720
0.119,3550
-0.119,8012
-0.477,11008
-0.106,7003
-0.015,6198
0.000209,5385
-0.0767,6410
0.111,2475
-0.364,10362
0.234,2491
0.0552,4223
-0.0918,7131
0.0742,3655
-0.147,8504
-0.202,10764
0.293,1059
-0.687,10907
0.0288,4564
-0.314,9380
0.00558,5186
0.0467,4180
-0.302,10924
-0.119,6693
0.0532,4245
-0.62,8853
-0.0896,8683
-0.0142,5903
-0.264,8121
-0.354,10895
0.441,947
-0.0295,6473
0.0231,4793
-0.12,9772
0.0348,3751
-0.0936,7108
0.143,1143
0.0377,4082
-0.0414,7150
-0.0439,6660
-0.378,10842
0.00908,4957
-0.312,9755
0.491,891
-0.187,9597
0.0312,4794
-0.0899,7682
-0.174,8925
0.0991,3296
0.0483,4549
-0.275,10169
-0.219,10497
0.183,1945
-0.0758,6498
0.511,495
-0.00973,5656
-0.114,8577
0.43,835
0.175,2287
0.158,1354
0.389,460
0.0704,3346
0.0114,4570
0.455,487
-0.4,8141
-0.328,8576
0.0218,4866
-0.144,9928
0.105,2623
-0.445,10882
-0.0483,6946
-0.0648,5629
-0.0557,7369
-0.249,9955
-0.0898,8847
0.000743,5265
0.166,2805
-0.101,5445
0.27,1868
-0.158,7554
-0.115,8592
0.0232,4944
-0.0463,6429
-0.0911,7036
-0.192,8112
-0.158,9822
-0.348,10975
0.345,1876
0.0532,4203
0.193,1973
-0.108,6501
0.0881,2589
0.0409,4277
-0.218,9069
0.138,2323
-0.323,10040
-0.186,7755
-0.0772,7101
0.0469,3990
0.316,391
-0.204,8760
0.0328,4068
-0.5,8697
0.141,562
0.419,43
-0.152,8288
0.0544,4308
0.165,2900
-0.246,10271
0.132,2806
-0.0773,6448
0.0508,4298
0.00357,5217
0.0792,2293
0.0342,4309
0.151,1219
0.0461,3911
0.176,931
-0.00651,5605
-0.0842,7021
0.00157,5484
-0.0208,6157
-0.118,8682
0.119,2087
-0.105,7832
0.0776,3177
0.484,330
-0.0789,7647
0.0284,4396
-0.0759,5415
-0.213,9285
-0.137,8363
-0.351,10137
0.047,4200
-0.00606,5634
-0.26,9831
-0.177,9890
-0.0475,4550
-0.072,6861
0.0181,5007
-0.31,10750
-0.0242,6249
0.179,2681
-0.27,10772
-0.255,10004
-0.0741,7732
0.0213,4901
0.628,67
-0.0495,6649
0.00427,5163
-0.124,9860
-0.00921,5564
-0.01,5742
-0.126,7185
-0.255,10414
0.256,356
-0.0474,7187
-0.182,10416
0.101,2570
0.143,2760
0.489,1274
-0.0376,7043
-0.172,10352
0.101,3212
0.00467,4980
-0.0192,5443
0.232,1605
0.0348,4398
-0.0637,6992
-0.213,9506
0.158,2465
0.339,1957
-0.139,7442
0.148,1389
-0.0376,6885
-0.113,7329
-0.19,9707
-0.136,8615
-0.462,10638
-0.137,9461
0.0368,3871
-0.0646,6271
-0.101,7574
-0.241,9176
-0.343,8828
-0.14,8248
0.0518,3828
-0.178,10053
0.0413,4411
-0.0665,7685
-0.241,8550
0.0258,3903
0.0787,3584
0.177,2102
-0.258,7873
-0.404,8156
0.0351,4557
0.281,619
-0.00506,5242
0.0727,3413
-0.105,8730
-0.656,10278
0.284,1416
0.128,1425
0.0554,3596
0.273,1515
-0.0351,5686
0.31,762
-0.0772,7564
0.103,1963
0.0805,2902
0.117,3435
-0.0303,6103
-0.136,8790
0.573,1610
0.148,2605
0.0991,3280
0.211,1187
-0.204,9817
-0.0351,7048
0.117,2995
-0.0154,6343
0.03,4675
0.112,3105
-0.00125,5551
0.698,2109
0.187,2331
-0.173,10604
0.0375,4231
-0.0135,5717
-0.363,10653
-0.151,7982
-0.0476,5995
0.0705,3251
-0.113,8945
-0.096,6795
-0.00881,5468
0.36,525
-0.0471,6528
-0.266,10404
0.331,182
-0.345,10416
-0.442,10690
-0.0173,5817
-0.0708,7974
0.256,1340
-0.0611,6585
-0.0219,5562
0.149,2116
-0.132,8721
0.192,161
0.0211,4914
0.119,2872
0.0311,4334
-0.258,9405
-0.0587,7349
0.000645,5166
-0.194,10708
0.0194,4687
-0.126,6541
-0.187,9499
-0.134,9054
0.0428,3863
-0.204,9225
0.0579,4426
0.194,1978
0.0319,4412
-0.327,8704
0.0661,3529
0.0774,3472
-0.158,9394
0.0533,4229
0.0026,5186
-0.266,10220
-0.238,9163
0.00153,5323
0.0485,3945
0.062,3904
-0.286,9135
-0.404,9784
-0.0762,7034
0.0315,3880
0.0653,3602
-0.0931,7801
-0.116,7895
0.16,1680
-0.00874,5384
-0.0831,8401
0.192,1124
-0.383,10200
0.467,2207
-0.0506,5405
0.231,1512
-0.167,9415
0.333,780
-0.0391,7026
-0.234,9118
0.0251,4780
-0.0704,6621
-0.128,8414
0.00718,5124
-0.525,10764
0.0201,4649
0.476,748
0.0345,4166
0.0891,1934
0.141,1641
0.2,2096
-0.251,10417
0.22,2436
0.00564,4972
0.135,2114
-0.126,8048
0.159,1812
-0.274,10787
-0.0342,5757
-0.0038,5491
-0.00941,5009
0.302,1003
-0.159,7923
0.307,1152
-0.804,10264
0.299,637
-0.204,8358
-0.00899,5611
0.271,498
0.275,1310
-0.373,9464
-0.0406,6674
-0.164,8957
0.253,956
-0.254,7981
-0.0264,6270
-0.0779,7021
-0.0861,9413
0.0912,2797
-0.365,10630
-0.0673,7229
0.0682,4040
-0.145,9053
-0.0409,7763
-0.089,7009
0.187,1489
0.264,1714
-0.214,10297
-0.0847,8612
-0.124,8813
-0.271,10068
0.0162,4621
-0.037,6504
0.0852,2686
0.23,192
0.152,882
0.246,615
-0.137,6929
-0.154,7868
-0.00992,5599
-0.287,10701
-0.1,7308
-0.0421,6335
-0.274,9161
-0.199,8078
0.0939,3910
0.0146,4726
-0.239,10629
0.0233,4696
0.035,4226
-0.0127,5117
-0.106,9235
0.0593,3191
-0.111,8941
-0.244,9319
-0.0229,5885
-0.0254,5166
0.172,1900
0.163,337
0.0417,3889
0.0628,4000
0.23,874
0.0927,2985
0.0349,4533
0.199,1486
-0.0913,8979
-0.0834,6922
0.136,1801
-0.0927,7096
0.503,264
0.133,2318
-0.000177,5457
0.0782,2988
-0.107,8277
-0.0312,5926
0.108,2944
0.0224,4352
-0.0972,8732
-0.269,10249
0.121,2470
-0.138,8371
0.095,3388
0.163,1060
0.221,939
-0.00435,5363
0.297,254
-0.106,8143
-0.0401,5942
0.142,2475
0.0954,2749
0.399,104
-0.243,7730
-0.0248,6353
0.0598,3832
0.0223,4570
0.292,3094
-0.0198,5348
-0.012,4749
0.549,2327
-0.0154,5755
-0.251,9912
-0.508,9942
-0.0648,6830
0.0248,4609
-0.405,10778
-0.0199,5591
0.162,527
-0.147,7930
-0.258,9126
0.194,1511
0.0596,4242
0.205,583
-0.013,5567
0.34,614
-0.198,9827
-0.106,7184
0.169,593
0.0523,4665
-0.173,9955
0.263,2326
-0.0638,7779
-0.189,8769
0.0924,2784
0.0681,2502
0.24,661
-0.1,7651
0.182,1173
0.451,1383
0.15,3542
0.0865,2182
0.167,397
0.0216,4726
0.176,1481
-0.0637,5803
0.00211,4740
-0.158,10176
-0.0711,7308
0.175,2161
0.177,863
0.128,2698
-0.133,8391
0.164,1224
-0.159,10590
-0.103,9458
-0.0959,8186
-0.125,8957
-0.0104,5859
-0.0176,6755
-0.149,9432
-0.213,8602
-0.0875,8826
-0.24,9135
0.0126,4944
-0.0197,6066
0.105,2059
0.136,2396
0.336,1419
-0.0101,5587
0.128,3641
-0.0467,7445
-0.0131,5507
-0.0382,9571
0.357,1274
-0.0304,9989
0.0198,4820
0.298,305
0.608,779
0.0527,4328
-0.229,10599
-0.0736,6667
-0.282,7565
0.0167,4881
-0.442,10496
0.086,4053
-0.0913,8563
-0.179,7941
0.352,1113
0.11,3341
-0.101,8013
-0.132,7956
-0.0149,5717
-0.213,10409
0.0516,3902
-0.378,9474
0.193,1741
0.202,1394
-0.0705,7413
-0.159,9772
-0.0822,7960
0.183,2452
-0.442,10353
0.385,646
0.0173,4329
0.259,1012
-0.108,8318
0.0788,3467
-0.165,9225
-0.0824,6617
0.00088,5275
0.0601,2825
-0.0685,7275
0.156,2045
-0.0615,7427
0.51,583
0.162,2741
-0.0464,6689
0.21,1476
0.102,2950
0.302,519
0.0738,4242
0.0377,4181
0.275,177
0.0632,3796
-0.212,8891
-0.044,5885
-0.611,10330
-0.115,8195
-0.177,8242
-0.0606,7162
0.116,2327
0.201,3005
-0.0851,7330
-0.0265,6135
-0.0737,7530
-0.194,8797
-0.173,9583
0.386,508
-0.28,8995
-0.201,9945
0.027,3717
-0.0498,5825
-0.341,10613
0.525,247
-0.27,8761
-0.144,9709
0.166,1437
0.342,253
-0.128,8600
0.105,3037
0.253,909
-0.055,8567
-0.0965,10325
-0.187,10188
0.0892,2904
-0.0394,5272
-0.0434,6717
-0.0125,5864
-0.301,10007
0.365,556
0.638,312
0.752,298
-0.147,8512
-0.158,8458
-0.084,8043
0.0133,5022
0.087,2743
0.239,1671
-0.102,7866
-0.0393,6252
0.177,789
-0.144,7839
0.00862,4983
-0.128,8359
0.134,2124
0.1,1133
0.101,1574
0.076,4066
0.413,1426
-0.345,9471
0.241,1734
0.232,2138
-0.189,10317
-0.00718,5675
-0.103,8527
-0.0584,6495
-0.0243,5786
0.0874,2926
-0.0236,5564
0.0191,4828
-0.0845,5868
-0.145,6249
-0.207,9115
-0.287,10955
-0.173,8784
0.195,1963
-0.134,10614
-0.328,8981
-0.264,7606
0.00629,5012
0.158,1759
-0.0401,6971
0.325,2298
-0.38,8131
0.0469,4245
-0.181,10090
-0.242,10761
0.187,2650
0.749,648
-0.158,10288
-0.0669,7772
-0.31,10798
-0.124,8761
-0.103,9589
-0.0243,5909
0.677,4
0.0999,2972
0.052,3739
-0.0767,7465
-0.0267,5541
-0.0329,6485
0.0684,4110
0.152,3584
-0.175,8962
0.352,664
0.0402,4294
0.358,166
0.457,963
-0.115,8172
-0.00199,5773
-0.00777,5944
-0.347,9371
0.489,1540
0.0566,4339
0.0233,4934
0.0548,3365
-0.0781,8246
0.226,911
0.449,459
0.0977,2878
-0.088,7573
0.12,1529
-0.204,9767
-0.111,7201
-0.0919,7511
0.162,1497
-0.113,7017
-0.304,10564
-0.164,9603
0.198,1234
-0.000841,5192
-0.0459,6689
-0.0737,6798
-0.113,8411
0.0389,3710
0.244,691
-0.104,6982
0.485,1362
-0.433,9221
-0.0955,7626
-0.011,5726
-0.282,9494
0.422,998
-0.215,10442
-0.0275,6292
-0.256,10920
0.195,465
-0.0347,7011
-0.112,7603
0.287,979
0.134,2724
-0.0552,7150
-0.165,9918
0.0586,3618
-0.066,7290
0.0695,2338
-0.261,8874
0.144,717
-0.142,9059
0.1,3701
-0.204,8552
0.106,2665
0.135,2961
-0.235,10905
0.362,1900
-0.0209,5839
0.0725,3740
-0.349,10076
-0.0967,6896
0.172,1048
-0.168,10184
0.103,2068
0.241,886
-0.195,8483
0.181,884
0.0618,3066
-0.0153,5482
0.996,136
-0.0011,5561
0.0559,4175
0.0387,4053
0.233,1475
-0.153,10365
-0.0583,6708
0.0694,3825
0.161,1829
0.478,38
-0.0721,6709
-0.0148,5658
0.344,532
0.122,3351
-0.191,7669
-0.0695,7670
-0.305,10465
0.188,2035
-0.00261,5588
-0.046,6437
0.503,584
0.156,637
0.0936,2487
-0.158,7459
0.078,2494
-0.0809,6338
-0.222,7891
-0.047,6579
0.0977,3033
0.0198,4527
0.0584,3885
0.011,4801
0.00571,5001
-0.053,7316
-0.21,10782
0.195,2020
0.293,1284
-0.148,8491
0.0836,3854
0.00649,5322
0.0705,3164
0.303,895
-0.148,8588
-0.0143,5689
0.153,2897
-0.0625,6688
0.0734,2950
0.398,1868
-0.134,9462
-0.119,8393
0.00676,5224
0.0645,3105
-0.0511,6931
0.165,882
-0.0595,6388
-0.0111,5493
-0.161,8628
0.191,754
0.185,1584
-0.00407,5172
-0.44,10413
-0.179,8145
-0.404,10806
0.0237,4746
0.0325,4210
-0.321,7649
-0.0889,6412
-0.452,10722
-0.478,6803
0.025,4679
-0.225,7196
-0.0216,5778
-0.343,9830
0.277,496
-0.164,9342
-0.0169,6056
-0.064,7457
0.195,2913
-0.16,8982
-0.304,10660
0.156,654
-0.135,10574
0.0165,4988
-0.0718,6282
-0.194,8506
-0.00371,4945
-0.12,8193
-0.153,10866
0.356,56
-0.0586,6714
1.61,21
0.00526,5135
0.513,498
0.285,436
0.0781,2536
0.387,785
-0.173,8909
-0.0319,6123
0.141,2013
-0.0834,7983
-0.324,9919
-0.561,7888
0.0536,3871
-0.0984,8263
-0.0154,5626
-0.202,8980
-0.0766,7066
-0.135,7136
0.286,779
-0.637,10964
-0.143,9588
0.146,550
0.148,2539
-0.118,8122
-0.183,8941
0.25,1477
-0.0348,6738
0.0378,4276
-0.17,7218
0.2,2164
-0.152,7713
-0.12,5579
-0.0677,7900
-0.0281,6055
-0.0171,5816
0.0298,4338
-0.0351,5854
0.881,585
-0.0133,5813
0.559,32
-0.323,6887
0.734,1836
-0.112,8837
0.0122,4345
-0.0476,7473
0.0974,2396
0.866,997
1.21,27
0.00994,5272
-0.019,5674
-0.395,10819
0.00197,5252
0.134,2029
-0.204,9082
-0.28,8601
0.367,495
-0.108,9102
-0.292,10585
-0.0779,6490
0.187,1250
0.318,653
-0.0272,6442
-0.0403,6422
-0.323,10597
0.405,908
0.0293,4328
0.0283,4556
-0.111,9246
0.0437,4687
0.138,2902
0.45,111
0.217,2351
-0.099,7062
0.0149,4832
-0.247,10743
-0.0135,5493
-0.347,10335
-0.045,6544
-0.0882,7597
0.0359,2808
0.044,2886
-0.00949,5071
0.0388,4290
0.044,3576
0.24,1251
-0.0606,7697
0.0327,4105
-0.355,8214
0.382,1350
-0.092,5267
-0.117,8115
-0.0426,5825
0.438,442
-0.135,8175
-0.136,8059
-0.165,8282
-0.113,8057
-0.0753,7792
0.193,1761
-0.179,7930
0.392,1302
0.124,2902
-0.28,10263
-0.0502,7149
-0.223,9399
0.272,20
-0.15,9186
0.319,899
-0.0769,6828
0.0153,4798
-0.00129,5291
-0.0144,5568
-0.0884,7195
-0.213,7570
-0.0501,7638
-0.0276,6185
-0.00738,5634
-0.106,7478
-0.485,10691
-0.233,10178
0.0825,3916
0.15,1710
0.14,2526
-0.0391,6376
-0.015,5862
-0.0119,5880
-0.226,10019
-0.169,9662
-0.253,10586
0.0777,3646
0.0623,3369
0.0523,4218
0.0647,3712
-0.253,11022
-0.0728,8084
-0.106,7523
-0.034,5743
-0.107,9535
0.0844,2778
-0.128,8597
-0.143,8832
-0.157,8961
-0.302,10508
-0.101,6921
-0.0276,5525
0.138,2070
-0.0777,8345
-0.0229,5649
-0.182,7232
-0.186,8602
0.145,2666
0.0261,4584
-0.261,10500
0.231,1376
-0.465,9447
0.113,1295
-0.27,9421
-0.115,7701
-0.111,9009
-0.24,7706
0.176,1594
0.0918,3063
0.671,669
-0.0591,7579
0.0354,4497
0.377,193
0.256,1035
-0.182,9722
-0.15,7575
0.108,1648
0.00669,4940
0.469,393
-0.162,7830
0.137,2711
-0.182,10283
0.044,3487
-0.0198,6401
0.11,2184
0.0428,4328
0.0882,2583
-0.393,10904
-0.0835,8151
0.756,8
-0.0068,5869
-0.158,8019
0.334,1274
-0.198,10543
0.0258,4607
-0.205,9318
-0.22,8188
0.0832,2577
0.123,3872
0.111,3068
-0.0493,8002
0.0447,4728
0.046,4295
-0.116,8923
0.0348,4329
0.317,682
-0.0011,5457
0.0606,3982
0.0963,3359
-0.296,9160
-0.0436,6002
0.0584,4517
0.108,2402
-0.126,9727
0.0767,2370
0.341,945
-0.0359,5817
-0.09,6862
-0.0164,5757
0.167,1508
-0.112,7146
-0.335,10841
0.354,1375
0.0693,4011
-0.0353,6677
-0.105,8490
-0.177,8757
0.0969,2802
0.599,283
0.154,3291
-0.168,10651
-0.231,9334
-0.0189,5919
-0.0775,8042
-0.262,9986
-0.438,9789
0.0736,3902
0.234,1686
0.127,2234
-0.164,8680
0.0159,4974
0.104,2460
-0.0229,6191
-0.0542,5995
-0.0707,6768
-0.149,9702
-0.085,5987
0.385,866
-0.0294,7065
0.0217,4757
0.0561,3342
0.0367,3979
0.0403,4390
-0.0931,8342
-0.083,7007
-0.135,10130
-0.141,8943
-0.143,7895
-0.298,9956
0.176,1303
-0.126,8525
-0.213,9700
-0.141,6908
-0.257,10275
-0.265,10544
-0.207,7454
0.283,147
0.0511,3830
0.00176,5072
0.00335,5413
0.15,1867
0.35,464
-0.233,9003
0.169,2621
0.0651,3436
-0.349,10421
0.0786,4006
0.0566,3905
0.429,616
-0.0269,7416
-0.282,10023
-0.0742,6536
-0.0674,6708
-0.115,7133
-0.155,8739
-0.195,8828
-0.0908,7466
-0.197,8749
-0.0366,6213
-0.137,9328
0.119,2162
0.155,1395
0.0484,4294
-0.199,10359
0.0114,4884
0.357,731
-0.069,8162
-0.0492,7669
-0.0473,5929
0.135,1400
0.053,4430
0.191,138
0.377,501
0.103,1807
-0.0549,6958
-0.34,10884
0.447,1078
-0.188,8322
0.0149,4971
-0.0766,6736
-0.187,9967
-0.267,9919
0.0877,4316
0.066,4022
0.149,2372
0.0415,4341
0.0946,3281
-0.197,10633
-0.0529,7258
0.394,1212
0.0699,2027
0.0544,2394
-0.291,9506
0.0333,4644
0.235,42
-0.319,7433
0.0164,4873
-0.139,9982
-0.134,7894
0.0571,3680
-0.284,8431
0.0613,4246
-0.132,9057
0.0573,3406
-0.144,8946
-0.0782,7295
-0.246,8414
-0.157,8367
0.251,542
-0.155,10131
0.101,2899
-0.301,9858
-0.376,9367
0.172,2197
-0.0531,7682
-0.0898,8138
-0.227,10867
0.49,511
-0.184,7593
0.131,2406
-0.00789,5792
0.0336,3669
-0.169,8858
-0.207,7794
-0.254,9920
0.111,3500
-0.172,8365
-0.0653,6561
-0.0639,6700
-0.123,8539
0.444,754
0.0763,3694
0.099,2131
-0.219,8541
-0.268,9750
-0.00422,5642
0.451,1120
-0.166,7353
-0.0302,6691
0.0158,4753
0.0119,4732
0.112,3349
-0.141,8571
0.0152,4911
-0.0016,5191
-0.12,8262
-0.219,10063
0.0618,4176
-0.293,5912
-0.379,10343
-0.0435,6596
-0.114,7327
-0.0688,6968
-0.0233,5888
-0.397,10877
0.127,2058
0.121,2476
0.511,4
0.164,1523
0.514,1842
0.284,1239
-0.112,7483
-0.173,9268
0.0603,2603
0.166,2368
-0.458,10779
-0.21,10688
-0.00359,5386
-0.0156,6311
-0.0345,7190
0.338,1924
-0.135,8851
0.207,1609
0.172,2492
0.234,1314
-0.122,8221
0.286,1236
-0.16,7793
0.0601,3931
0.0447,4496
0.316,439
0.0619,3041
-0.238,8654
0.00618,4902
0.0616,4248
0.158,3369
-0.0697,7960
-0.204,10580
-0.16,7847
-0.069,7625
0.132,2751
0.103,3388
-0.154,9054
0.178,793
0.505,93
0.28,426
0.632,355
-0.128,8611
0.267,453
-0.189,10182
0.0134,4972
0.0223,4836
0.159,3010
-0.146,9109
0.067,3172
0.00304,5314
0.144,2830
0.338,1205
-0.435,8601
0.412,2513
-0.011,5242
0.0464,3674
0.0715,4110
-0.113,8376
-0.0877,7714
0.132,3488
-0.0592,7361
-0.155,10157
-0.148,8782
0.0853,3569
-0.29,10690
-0.23,8352
-0.0564,7759
0.0798,3469
0.437,1401
-0.0255,5685
-0.027,5798
-0.00313,5053
-0.0185,5987
0.0933,2390
-0.032,6316
-0.139,8011
-0.307,9068
-0.00387,5317
-0.0781,8932
-0.182,6776
-0.035,6737
0.0683,4088
0.174,2755
0.116,3485
-0.0422,6881
-0.00592,5706
0.229,1832
-0.0517,6582
-0.236,9622
-0.459,8479
-0.0222,5570
-0.187,8974
-0.0913,6290
-0.06,6602
0.16,2684
-0.0913,8211
-0.043,6784
0.296,1031
0.0131,4617
-0.152,8811
0.251,864
-0.106,6562
-0.201,10114
0.0749,4085
0.227,1329
-0.0853,7259
-0.104,8079
0.11,2861
-0.163,9999
0.115,3258
0.0768,3674
0.372,1371
0.0531,2934
-0.149,8773
-0.00671,5762
0.0471,4222
0.0273,4639
-0.113,7351
0.212,1566
-0.0336,6308
-0.237,8999
0.0286,4658
-0.0332,5931
-0.132,8378
0.107,2718
-0.245,10159
0.0452,3385
0.444,408
-0.112,7640
0.0673,3546
-0.117,8716
0.0486,3621
0.0197,4638
-0.174,8652
-0.205,9730
0.829,92
-0.138,9139
0.38,115
-0.0639,7614
0.189,1736
0.228,1125
-0.131,7150
-0.564,10785
0.0184,4551
-0.155,10259
-0.109,8854
0.232,1023
0.414,1903
0.284,2385
-0.12,10008
-0.119,10050
-0.084,7295
-0.0839,6908
0.153,3480
-0.152,9367
-0.0171,5857
0.195,461
0.0456,4336
-0.209,9024
0.0435,3869
0.0551,3087
-0.0538,7709
0.0336,4622
-0.069,7455
0.24,489
0.0255,4494
-0.251,10665
-0.0245,5923
0.0125,4963
0.677,168
-0.0325,6043
0.27,1626
-0.18,8139
-0.136,8384
0.0152,4817
0.105,3114
-0.379,9248
-0.444,8632
-0.159,8793
-0.0414,6640
-0.000147,5107
-0.185,7085
-0.0928,9472
0.0455,4041
0.0928,2926
-0.0876,8460
0.36,42
0.188,1658
-0.125,8577
0.246,1461
-0.126,8423
0.28,389
0.0676,3671
0.548,68
0.116,2959
0.0379,4416
0.0808,3803
-0.291,9968
-0.118,7821
-0.164,9509
-0.502,9877
-0.228,8059
0.279,1732
0.0657,3465
-0.209,10421
-0.0523,6096
-0.015,6115
-0.145,7403
-0.0914,9213
-0.176,9778
0.288,9
-0.192,8011
0.0141,5101
-0.0452,7707
-0.0102,5471
-0.0405,6489
0.189,1857
0.063,4090
-0.0522,6701
0.195,2844
-0.536,10553
-0.0957,8000
0.0177,4671
0.048,4001
0.0857,1851
-0.0624,7742
0.0724,3017
0.152,3205
0.0244,4556
-0.115,8544
0.358,361
0.106,3146
0.15,2079
0.0864,3473
-0.0845,7189
0.291,1446
-0.739,9932
-0.0255,6492
0.135,2404
-0.134,8039
-0.142,9437
0.122,1604
-0.0274,6025
0.352,359
-0.171,9306
-0.0812,6983
-0.347,10303
-0.0385,6289
0.0252,4525
0.207,1181
-0.298,9855
0.0257,4520
-0.0688,8151
0.312,157
-0.0156,5606
0.048,4054
-0.0749,6636
0.102,3465
-0.188,9541
-0.0909,8527
0.0117,4845
-0.303,7978
-0.0362,6000
-0.00671,5405
-0.0667,7560
0.0788,3268
0.0611,4089
0.245,1201
-0.05,6629
0.0214,4979
-0.0262,6317
0.352,106
-0.0626,8342
-0.215,10572
-0.0145,5837
0.24,1354
0.122,3266
-0.241,9700
0.00231,4928
-0.355,10339
-0.0272,6362
0.309,188
-0.147,7573
0.0313,3937
0.112,2321
-0.199,8205
-0.262,9082
-0.426,10924
0.0106,5127
-0.0253,6763
0.0812,2524
0.0823,3685
0.524,424
-0.207,10298
0.224,1720
0.114,3240
-0.214,9991
-0.568,9206
-0.321,8500
0.0706,4167
0.164,3071
-0.264,6636
0.117,2010
0.344,859
-0.152,8281
-0.347,5784
0.0598,4165
-0.176,9942
-0.0291,7531
-0.152,8368
0.145,1989
-0.0825,7833
-0.403,10731
0.187,1340
-0.0825,7856
0.094,3669
0.322,652
-0.266,8594
-0.0875,8385
0.158,1975
-0.0893,7938
-0.0751,6195
0.64,567
-0.16,8063
0.0663,2659
-0.182,8546
0.158,1005
-0.34,6829
-0.249,9898
0.232,1575
-0.0962,7700
-0.147,9444
0.182,1809
-0.105,7729
-0.145,8753
0.0729,3882
-0.179,6473
0.188,1594
0.00547,5126
-0.0656,7160
0.285,1594
-0.19,8153
-0.0408,6006
-0.262,10951
0.0643,2887
-0.000998,4990
0.248,2328
0.0022,5197
-0.101,7228
-0.202,9466
-0.0225,6414
-0.105,7730
-0.0892,7087
-0.029,6385
-0.389,9196
-0.0082,5748
-0.1,8539
-0.118,7464
-0.354,10874
-0.128,7856
0.148,2125
-0.098,7194
-0.339,10321
0.346,298
0.293,1242
0.0529,4182
-0.325,8451
-0.154,7736
-0.0339,6485
-0.0868,7344
0.12,2696
0.0112,5247
-0.143,7875
-0.158,10056
-0.0599,7504
0.183,2183
0.0431,4746
1.08,247
0.254,1557
-0.246,10690
-0.0956,9154
0.0659,3689
-0.108,6684
0.749,56
0.0413,4173
-0.0427,6111
-0.215,8215
0.186,1026
0.215,1814
0.499,1592
-0.123,9339
0.00597,5066
0.124,2159
-0.175,9051
-0.0855,7675
-0.0423,6158
0.116,2631
0.09,3253
-0.0993,8952
0.0411,4379
-0.121,7898
0.0871,3845
-0.317,10283
-0.0578,7842
0.0412,3902
-0.0614,6548
-0.0764,6848
-0.127,6140
-0.208,8587
0.0244,4509
-0.091,8159
0.0742,3933
0.00514,5217
0.818,92
0.226,1526
0.0564,2514
-0.031,6323
0.0284,4471
-0.00308,5338
-0.32,10828
0.013,4947
0.155,2054
-0.15,9732
0.143,1575
0.385,2118
0.199,2842
-0.256,9786
-0.254,10767
0.02,4577
0.147,1655
-0.412,10878
0.184,1454
0.136,2514
-0.355,11007
-0.0482,6772
0.181,1738
0.0867,3431
0.0321,4435
-0.252,9467
-0.0197,6450
0.386,320
0.0699,3969
0.165,2313
0.0896,4079
-0.0894,6050
-0.219,10302
0.068,3594
-0.122,8160
-0.241,10186
0.0882,3582
-0.137,8404
0.0643,3143
-0.0958,8978
0.0608,3785
-0.26,10038
-0.241,9466
-0.00647,5226
0.109,918
-0.0495,6686
-0.136,8738
-0.139,9054
-0.251,10598
0.0572,4157
-0.163,8250
0.0844,2017
0.127,2029
0.261,1306
-0.0479,6414
0.0534,4100
0.121,1227
0.1,2129
-0.283,10490
-0.0154,5659
0.323,1751
-0.16,7085
0.0492,3928
-0.123,9351
-0.245,10869
0.0661,3644
0.162,2178
-0.0472,6318
-0.0144,5935
0.00332,5379
-0.118,8363
0.0985,3601
-0.0702,6742
0.396,424
-0.184,9758
0.141,2414
0.261,1192
0.106,3960
-0.00318,5426
-0.268,7277
-0.0854,7229
-0.265,10500
0.125,2811
-0.315,10668
-0.312,9668
-0.137,8196
0.122,2415
0.00574,5247
-0.0457,6431
-0.0531,6490
-0.235,9783
-0.374,8006
0.331,781
-0.156,9137
-0.437,10096
0.287,1738
0.462,117
0.00478,5119
-0.0689,6626
0.318,411
0.016,5104
-0.224,10108
0.0179,4703
0.325,1487
-0.127,9043
-0.0458,6916
-0.0492,6416
-0.114,9074
0.0575,4131
-0.081,6151
-0.057,6994
0.01,4688
0.172,3033
0.0328,4504
0.252,243
-0.208,10820
-0.0523,7539
-0.181,10031
-0.0341,6243
-0.125,8169
0.114,3505
0.0561,2015
0.216,163
-0.147,9122
-0.389,10390
-0.143,7005
0.573,224
-0.262,8465
-0.117,10102
0.0224,4776
0.0454,4467
-0.251,9268
-0.196,9001
-0.0817,8318
0.0513,3263
-0.178,10437
0.156,2801
-0.0272,6091
-0.1,6538
-0.267,9817
0.148,2394
-0.0813,9324
0.145,3466
0.102,2858
1.93e-05,4752
0.353,39
-0.0981,9349
0.16,1311
-0.0404,6282
-0.254,9481
0.113,2855
0.00225,5510
-0.0727,9076
-0.117,9379
0.0157,4876
-0.194,5754
-0.102,6284
-0.331,10421
0.0107,5234
0.0626,3406
0.616,37
-0.113,6942
0.379,179
0.19,2708
0.0885,1929
0.0476,3996
0.0095,5088
-0.399,10874
-0.133,7862
-0.0529,7031
-0.0669,5391
-0.193,10122
-0.0513,5906
0.144,1928
-0.137,7540
0.337,1181
0.168,254
-0.0522,6730
0.179,2916
-0.173,6734
-0.00155,5309
-0.231,7570
-0.0496,7183
-0.11,9487
-0.105,5443
-0.487,7178
-0.23,6944
0.402,1817
-0.219,5837
0.197,794
-0.0348,6179
-0.0694,6556
0.516,598
-0.177,8501
0.0114,4970
0.0164,4831
-0.172,5428
-0.573,10430
-0.0366,4970
-0.416,10448
0.179,655
-0.0887,8476
-0.033,4978
0.381,2424
-0.0357,5692
-0.29,9786
-0.0215,5578
-0.0196,6087
0.218,2435
0.0939,3976
0.044,3767
-0.231,9298
-0.179,9302
-0.271,10079
0.0339,4203
0.267,2711
-0.125,7747
-0.495,10806
-0.0776,7419
0.192,1348
-0.312,8317
0.0854,3980
0.163,2182
-0.683,10275
0.0145,5043
-0.0928,8133
0.553,787
0.0713,3844
-0.0728,6021
-0.464,9482
-0.0555,7478
-0.0153,5630
-0.284,10220
-0.0648,7684
0.215,2356
0.0783,3502
-0.0875,8154
-0.0225,6164
-0.203,9097
0.37,613
0.0157,5161
0.0905,3252
0.103,2904
-0.162,7606
-0.0504,6976
-0.138,9770
-0.0989,9671
0.109,3322
-0.0132,5725
-0.215,9552
-0.083,7658
-0.163,10511
-0.18,9649
0.592,1089
0.697,1348
-0.414,9701
-0.17,7095
0.578,398
-0.315,10852
-0.207,9641
0.502,521
-0.0319,6248
0.115,2680
-0.00596,5507
0.042,4551
-0.17,8818
-0.182,10504
-0.505,10817
-0.0967,8329
-0.00731,5436
-0.172,7538
0.22,1054
-0.348,10922
0.322,1125
-0.0271,6607
0.145,440
-0.25,10578
-0.238,9836
0.0743,2952
0.0587,3850
-0.136,9138
-0.0198,5716
-0.0569,7895
-0.0817,6953
0.075,2970
-0.0753,6373
0.0771,1594
0.279,644
0.0865,2891
0.243,475
0.224,2170
0.299,589
-0.0316,7009
0.0541,1104
0.0468,4222
0.498,243
-0.151,9864
-0.0255,6174
-0.366,10856
-0.127,8815
0.14,2590
0.124,3531
0.173,1964
-0.188,9122
0.252,623
0.455,823
-0.0228,6048
0.0183,4882
0.15,2784
-0.219,9266
0.0135,4808
-0.104,8627
-0.0134,5492
-0.0705,6979
0.651,36
-0.142,7607
-0.132,8699
0.243,598
-0.0437,7347
0.456,141
-0.00119,5128
-0.0532,7223
0.0249,4670
0.383,242
0.277,975
-0.0601,6323
0.115,3571
0.332,2159
-0.098,9060
0.00867,5116
-0.0292,6568
-0.0792,7439
-0.0412,5408
0.0748,2727
-0.0621,8603
0.0165,4990
-0.00171,5312
0.18,3227
-0.143,8591
0.0605,3845
-0.408,10958
-0.0362,6674
0.126,2212
0.145,2744
0.558,592
-0.433,9624
0.0682,3121
0.0615,2734
-0.0934,6484
-0.17,7327
0.304,2384
-0.195,7090
0.288,983
-0.534,10899
0.269,1222
0.436,78
0.0321,4537
-0.0928,8940
0.197,794
-0.00363,5675
0.0534,3970
0.181,921
0.22,3295
0.243,2998
0.0443,2897
-0.0198,5513
-0.113,9447
0.22,1055
-0.275,9760
0.132,2708
-0.113,9681
-0.206,10063
-0.0227,6059
0.155,2327
-0.038,6093
0.0416,4092
0.119,1961
-0.167,10588
-0.155,8362
-0.234,8791
0.439,1205
0.222,1442
0.0489,3223
-0.36,10232
0.137,2268
-0.227,10870
-0.586,10990
2.12,27
-0.085,8483
0.0743,2296
-0.112,7511
0.134,2758
0.0907,1836
0.00259,5229
-0.0358,6739
0.123,2358
0.203,3166
0.41,571
0.145,2821
0.0834,3427
0.414,519
0.0724,1748
0.0347,4288
-0.158,9502
-0.188,9504
-0.248,9167
-0.0668,7042
0.0178,4910
0.121,2710
0.0836,2464
-0.0583,6479
0.31,1206
0.0475,3789
0.21,1021
-0.135,8968
0.235,1866
-0.154,7837
0.061,3600
0.386,69
-0.244,9591
0.0929,3476
0.0325,4014
0.232,1252
-0.0806,6452
0.119,3341
0.157,1947
-0.0184,5424
-0.25,10526
0.311,1624
-0.149,8794
0.239,1179
-0.0775,6950
0.0429,4345
0.0761,3935
-0.167,7025
0.161,3008
0.092,2046
-0.143,9217
0.0558,4379
-0.115,7260
-0.31,4892
-0.0214,6166
-0.0619,7240
-0.0298,6303
0.422,242
-0.156,8158
0.0102,4879
0.21,2044
0.0295,4632
-0.109,7776
0.206,2658
0.0096,5141
-0.0248,6485
0.0582,3762
-0.305,10391
-0.118,9885
0.102,2203
-0.117,8728
-0.243,9602
0.0172,4896
-0.0968,8561
-0.248,9324
0.0783,4039
-0.39,10627
-0.0235,5647
1.31,18
0.171,2154
0.0427,3329
-0.224,9468
-0.00536,5346
-0.2,9658
-0.0706,6949
0.0928,3301
0.107,874
-0.224,6266
0.185,2863
-0.662,9895
-0.352,10536
-0.0458,6035
0.0376,3099
0.112,2809
0.299,1037
-0.0607,6831
-0.214,10783
-0.137,8520
-0.107,7276
0.0431,4478
-0.397,10881
-0.0477,6246
0.0735,2214
0.0927,3150
-0.139,7506
-0.0716,6345
-0.0688,6773
0.109,2538
-0.0421,6211
0.311,366
0.15,968
-0.0476,6876
0.0799,4039
0.0235,4335
0.0645,2702
-0.139,9398
0.0939,1826
0.359,164
-0.433,8355
-0.0363,6495
-0.024,6052
0.196,2008
0.177,1836
0.189,2189
-0.123,6863
0.234,1549
0.0886,2317
-0.138,8483
0.366,1135
0.105,3080
0.0889,3066
-0.19,9440
-0.222,8244
0.326,729
0.303,1566
0.0458,4171
0.102,1426
0.0147,4891
0.233,2002
-0.0314,5547
-0.0147,5438
0.488,509
0.141,1595
-0.515,10980
-0.0245,6096
0.0713,3886
-0.159,7614
-0.0686,7433
-0.0237,5944
-0.332,10251
0.344,347
-0.134,8826
0.0214,4770
-0.0531,7087
0.0823,2447
0.0991,2654
0.0355,4400
0.175,3266
0.225,1780
-0.0546,6169
0.122,915
-0.312,10212
-0.099,9833
0.412,491
-0.0182,5700
-0.0741,7858
0.0896,3221
0.078,3261
0.258,1107
-0.119,8769
-0.0236,5689
-0.0718,7461
-0.0535,7069
-0.208,10477
0.266,671
-0.403,10035
0.0709,3081
0.0254,3998
0.0455,3517
-0.0573,6601
0.202,2262
0.192,1897
-0.205,10465
-0.0425,6883
0.178,483
0.292,1373
0.205,1808
-0.115,7245
-0.28,9000
-0.147,10071
0.211,834
-0.209,8751
-0.189,8832
0.00937,5101
0.0676,2965
-0.00822,5522
-0.178,9342
-0.18,9581
-0.0089,5522
0.291,1162
0.167,213
0.0223,4601
-0.216,10091
-0.106,6282
0.69,240
-0.387,10204
-0.0536,6853
0.00154,5529
-0.0925,6904
0.124,3160
0.22,2455
0.177,3555
0.253,519
0.311,133
-0.0151,5768
-0.255,9753
0.245,1561
-0.285,9033
0.0571,3082
-0.073,8436
-0.443,8513
0.285,2014
-0.0782,6991
0.000287,5352
-0.0392,7245
-0.222,10386
-0.101,7432
-0.0697,6735
-0.109,8683
-0.459,10353
-0.117,9587
0.0151,4618
-0.091,8811
-0.293,10741
0.198,1245
-0.15,7780
0.0549,2990
0.168,529
0.0475,3820
0.0635,4182
-0.0371,6245
-0.248,8805
0.247,1913
0.149,2858
0.0965,3461
0.00357,5204
-0.0376,5820
0.145,3272
0.343,352
0.172,371
-0.042,7180
0.226,556
0.0884,3685
0.0281,4703
0.0977,3490
0.215,467
-0.176,10265
-0.192,9546
-0.0558,7380
0.371,475
-0.0292,6221
0.00534,5163
-0.00106,5013
-0.46,9970
-0.031,5597
0.898,340
0.107,3200
0.0778,2512
0.0764,3622
-0.15,8024
-0.412,10088
-0.0791,6228
0.0713,3282
-0.0955,8324
-0.0355,7075
-0.12,7068
0.128,2674
-0.0103,5757
0.0295,4016
-0.00779,6017
-0.312,10291
-0.0318,6650
0.446,1477
-0.0155,5158
0.0904,2525
0.11,3486
-0.214,9019
-0.326,8916
0.181,2212
0.312,141
0.0272,4272
0.0444,4551
0.116,2391
0.128,1902
0.179,2718
-0.247,10133
0.147,2285
0.0869,3292
-0.027,6200
-0.237,7527
-0.279,9374
0.146,1701
0.00722,5145
0.0181,4339
-0.412,10490
-0.0449,6664
0.0302,4461
-0.0542,7454
0.142,2108
-0.0556,7268
-0.144,9357
0.0472,3550
0.175,2447
-0.0956,7656
0.0631,3437
-0.0106,6063
-0.242,8770
0.0173,4851
0.0477,4265
-0.13,7823
0.0813,3124
0.141,2377
-0.0971,8995
-0.367,10383
0.287,638
-0.198,9646
0.156,1125
-0.12,8738
0.0263,5013
-0.0165,5777
0.187,716
-0.154,8324
-0.326,10172
0.0197,4516
0.308,2179
0.194,1396
-0.311,10465
0.181,3142
0.154,1738
-0.0497,8530
-0.125,10102
-0.169,9270
0.213,1245
0.0565,3757
0.343,194
-0.216,9499
0.0437,3875
-0.352,7397
-0.00269,5213
-0.0439,6643
-0.155,10226
-0.0782,7616
0.185,830
-0.0868,8078
-0.174,6049
-0.151,5754
-0.0132,6171
0.123,2196
-0.0345,5902
0.249,946
0.469,484
0.0875,3133
-0.294,10127
-0.168,9208
0.292,569
-0.377,9873
-0.154,7994
-0.0349,6386
-0.0229,5911
-0.0247,6640
-0.213,10281
-0.09,7478
-0.305,10327
0.0958,3346
-0.215,10108
0.356,503
-0.0855,7094
-0.264,10814
0.2,1631
-0.184,10196
-0.107,8869
-0.0841,7671
-0.119,8990
-0.0488,7087
0.035,4251
0.224,1636
0.0773,2620
-0.0465,8555
0.0469,4209
0.126,2432
0.0559,4294
0.0771,3611
0.154,2752
0.0314,4058
0.0103,5125
-0.0242,6263
0.222,782
0.0212,4302
-0.0681,7247
0.016,4658
0.0638,3561
0.0337,4203
0.127,3600
-0.139,7583
-0.145,9719
-0.263,10432
-0.145,7832
0.157,1560
0.942,658
0.00686,5062
-0.0978,7895
-0.18,8910
-0.0933,6955
0.753,20
0.415,329
-0.288,9887
-0.128,7919
0.075,2789
-0.0594,6849
0.103,3968
-0.235,9521
-0.0813,8180
-0.0854,7544
0.0549,2806
-0.00591,5675
-0.0182,5994
0.00951,5069
-0.0396,4824
-0.188,10262
-0.259,10971
-0.0915,7948
0.208,2549
-0.143,8169
-0.0314,5638
-0.137,9194
-0.283,10417
-0.0776,7747
-0.017,5651
-0.396,10353
-0.0899,6653
-0.052,8962
-0.0321,6729
0.172,1759
-0.162,8023
-0.0759,7228
0.0859,4083
0.0147,4686
0.00821,5050
0.278,177
0.0621,3613
-0.222,8871
-0.223,9469
0.422,230
-0.00487,5265
-0.177,8388
-0.248,10329
0.0817,3974
0.0947,2111
0.046,4512
-0.0408,6987
-0.0756,7999
-0.0293,6625
-0.201,10061
0.14,2681
-0.0518,6991
-0.151,9639
-0.0244,5913
-0.18,10504
0.342,605
0.502,643
0.0476,2195
-0.213,10737
0.43,547
-0.114,7592
0.155,1386
-0.0911,6459
-0.0286,6199
-0.16,9553
-0.192,9527
-0.0257,5979
-0.108,8048
0.0857,3136
-0.086,8204
0.0652,2594
-0.0713,6997
0.391,1957
0.0834,3249
0.0197,4531
-0.107,7399
-0.00405,5736
0.000851,5566
-0.157,9488
0.234,1161
0.119,3688
0.101,1656
-0.204,9327
-0.00772,5448
0.00843,5122
-0.395,10843
0.499,563
0.0654,3383
0.024,3942
0.0613,3328
-0.249,9812
-0.216,10163
0.0883,3380
-0.157,9833
0.189,1437
0.658,56
-0.0454,6099
0.0784,3239
-0.0946,8535
-0.166,9386
-0.13,8856
-0.109,8040
-0.0289,6071
-0.541,10344
0.0561,3619
-0.296,9358
-0.0614,5948
-0.0132,6485
-0.0348,6965
-0.212,10049
-0.462,10944
0.285,453
-0.0506,5499
0.118,2287
0.361,165
0.118,2289
0.498,72
0.0293,4307
0.0104,4787
0.201,670
0.104,1901
-0.229,9287
-0.0647,7022
0.0532,3865
-0.0991,6939
-0.0361,6134
-0.121,9837
-0.382,10181
0.0455,4542
0.162,2075
0.353,1279
0.0169,3989
0.0675,3917
0.0444,4300
0.441,282
-0.0271,6526
-0.163,9702
0.111,2864
8.3e-05,5275
-0.362,9829
-0.232,10756
-0.26,10212
-0.112,7372
-0.0619,7015
-0.2,10324
-0.146,9748
-0.166,6939
0.028,4672
-0.189,9905
-0.0751,6928
0.0936,2497
0.0919,3595
0.00505,5080
0.128,3142
0.25,104
0.147,2110
0.307,466
0.299,1188
-0.228,9421
-0.208,10161
-0.174,8842
-0.0319,6542
0.0201,4945
0.138,3084
-0.16,9347
0.68,49
0.282,835
0.148,899
-0.138,9448
0.296,895
0.631,132
-0.08,6050
0.907,539
-0.12,8775
-0.202,10224
-0.0101,5585
-0.23,8979
0.334,519
-0.18,9831
-0.198,10487
-0.175,9460
-0.208,9235
-0.282,9434
0.0904,2809
0.128,1276
-0.23,10164
0.11,3471
-0.141,9003
-0.0358,6303
-0.0484,6372
0.426,12
-0.0666,8483
-0.00448,5495
-0.323,9794
-0.177,9334
0.124,2690
0.0824,2853
0.0749,3261
0.212,843
1.33,4
-0.25,10080
0.102,3194
0.507,2227
0.16,1527
0.0242,4245
-0.146,8747
0.103,3038
-0.131,9884
-0.218,8766
0.0272,4065
-0.0886,8536
-0.0307,6033
0.0956,1901
-0.0998,7534
0.0877,3326
-0.0487,8660
0.0745,2895
0.0119,5067
-0.0462,7369
0.0286,4724
-0.0373,6853
0.0701,2602
0.0223,4721
-0.0514,6664
0.178,234
-0.137,7976
-0.0972,8838
-0.137,9728
0.00777,5211
0.623,382
0.0121,5027
0.289,673
0.419,2164
-0.194,8490
-0.058,6413
-0.189,9630
0.218,2949
-0.204,7238
-0.0981,7965
-0.0172,5686
0.49,115
-0.241,10162
0.332,185
-0.156,9496
-0.387,10971
-0.116,8227
0.0404,4207
0.0637,4525
-0.283,8844
0.218,2098
-0.0125,5486
-0.0699,7410
-0.0381,5714
0.0377,4718
0.0156,4886
0.148,1814
-0.111,6878
-0.0414,8065
-0.0729,8000
-0.127,7757
0.102,2644
0.0356,4547
0.0459,4638
0.00707,5152
0.0447,4194
0.013,5264
0.408,2059
0.0356,4855
0.122,2878
0.026,4392
-0.0596,7218
-0.0474,6562
0.0088,5078
-0.335,8238
0.34,600
0.0537,4128
0.361,601
0.155,1413
-0.113,8348
-0.287,10856
-0.0104,5680
0.294,136
0.00682,4998
-0.164,8902
0.0487,4127
-0.0865,7959
0.624,439
0.485,80
-0.0435,6275
-0.15,8344
0.109,2480
0.161,2382
0.0658,3623
-0.0156,6165
0.0912,2504
-0.066,6819
0.00677,4879
0.2,3104
0.0225,4571
-0.0664,7499
0.0258,3716
0.403,699
-0.361,10409
0.47,923
0.196,2184
-0.0394,6936
0.0205,4620
0.0215,4336
0.0364,4349
0.0885,2334
-0.271,10623
0.0896,2073
-0.29,10522
0.258,1276
0.165,3406
-0.153,6413
-0.0393,6016
0.0276,4658
0.0805,2679
0.266,484
0.0343,4657
-0.177,9109
-0.322,8944
0.102,2954
0.126,806
0.0646,3452
-0.0535,7272
-0.0275,6572
-0.341,9721
-0.0149,6127
0.18,538
-0.175,6614
-0.152,6797
-0.101,5978
0.487,1521
-0.0127,5491
-0.0542,6692
0.0942,3244
0.0398,4083
-0.314,9787
-0.177,10253
-0.0127,5908
0.136,1828
0.0558,4286
-0.072,7802
-0.00108,5436
-1.09,10677
-0.171,9239
-0.0501,7041
0.00266,5376
0.157,648
-0.173,8761
-0.0353,6345
-0.00799,5402
-0.183,10010
0.136,2552
0.101,2773
0.381,519
0.0678,3108
0.0134,4711
-0.02,6171
-0.00964,5747
0.198,2770
-0.115,8770
-0.173,8381
0.0504,3395
-0.115,8981
0.24,1810
0.0225,4717
-0.0706,8145
0.0177,4872
-0.00825,5785
0.172,955
-0.00764,5436
-0.243,8567
0.369,1754
-0.238,8775
0.038,3852
0.501,151
-0.232,9024
-0.332,9611
-0.113,7053
-0.117,7882
-0.322,10834
0.033,4021
-0.482,9303
-0.235,10411
-0.116,7434
0.3,1632
0.179,1011
0.205,1542
0.342,757
0.0105,4832
-0.249,8540
-0.305,10356
-0.00547,5492
0.0865,2763
0.564,106
0.077,3339
0.279,1623
-0.0161,6027
-0.0292,6576
0.0634,2946
-0.0835,7452
0.176,2092
-0.217,10168
0.206,811
-0.0599,7271
-0.216,10641
0.126,2991
0.0153,4908
-0.454,9217
0.341,920
0.285,241
-0.143,9966
0.116,3259
-0.0348,6733
0.127,3305
0.103,1348
0.18,542
0.0429,3484
-0.048,6467
0.0645,3964
-0.0231,4876
0.102,3646
-0.0132,5782
-0.222,9572
-0.282,8731
-0.14,8576
-0.172,7901
0.0146,4602
-0.184,8791
-0.0501,7551
0.155,1462
-0.148,6724
-0.0603,7901
-0.0575,6435
-0.0827,8070
0.0819,2722
-0.0988,6285
0.415,1312
-0.278,7613
0.0233,4721
0.0475,3810
-0.0393,6353
-0.0317,5817
0.21,1948
-0.44,10237
0.133,1640
0.0608,3012
0.0106,5186
0.0136,4979
0.0498,3813
0.257,1409
-0.214,9920
-0.00844,5173
-0.185,10731
-0.0181,5830
-0.0664,6735
-0.141,7171
0.395,1238
-0.171,10209
0.32,268
0.139,2141
0.222,941
-0.0754,7146
-0.0226,5830
-0.0379,6519
-0.021,6460
0.195,1590
-0.239,9802
-0.19,9152
-0.312,10301
0.254,670
0.103,1690
0.124,2078
0.192,351
-0.182,7003
0.14,3593
-0.219,9790
-0.138,8507
-0.0126,7927
0.199,1708
-0.211,9916
-0.0962,8734
2.06,47
-0.016,5884
0.0613,3417
-0.342,10518
-0.165,8362
0.103,2729
-0.345,10303
-0.198,10609
-0.0322,6308
0.156,1555
0.24,2195
0.0171,4734
-0.606,9472
-0.103,8042
-0.0812,7732
0.0493,3835
-0.198,10111
-0.00571,5670
0.0482,4125
0.0205,4781
0.284,547
-0.134,6942
-0.143,8203
-0.0575,5842
-0.2,7752
0.109,1967
-0.0923,8282
-0.0363,6509
0.201,1551
-0.512,10315
0.0916,2911
0.208,903
0.156,1798
0.291,2049
0.177,970
0.118,3006
0.0266,4593
0.743,47
0.213,958
-0.461,10866
-0.0256,5906
0.0954,3443
-0.11,7493
0.111,1813
0.00167,5302
0.136,2377
-0.0715,7386
-0.221,7436
0.161,2329
-0.0964,7931
0.121,1919
-0.0882,7219
-0.293,9290
-0.0226,5846
0.142,3066
0.153,1562
0.0468,4496
0.269,2037
-0.12,8244
-0.155,8133
0.0305,4708
0.123,2284
0.327,156
0.166,2407
0.373,537
-0.0957,7437
0.0656,3903
0.551,198
-0.0829,8230
0.194,1981
0.11,3451
-0.15,6737
0.225,2152
0.021,4645
-0.0225,6335
0.127,2205
-0.226,8168
-0.0487,7348
0.336,1135
-0.225,10557
-0.0291,7911
-0.0162,6188
-0.295,9416
-0.00105,5244
0.0339,4174
0.106,2790
0.0754,2448
-0.178,8612
0.0787,4014
0.515,1706
-0.2,8450
0.152,1109
-0.273,9766
-0.291,10427
-0.0882,6566
-0.209,9431
0.4,1912
-0.234,10210
0.0979,3001
-0.121,7608
0.404,119
0.124,3174
0.123,2994
-0.111,8592
-0.11,8630
0.00478,5232
0.0149,4792
-0.236,10839
0.196,1420
0.0146,4860
0.157,1566
-0.147,9104
0.0599,3646
-0.0366,6343
0.0239,4884
-0.0191,6120
-0.00863,6013
0.468,38
0.184,1236
-0.201,6652
0.0676,3433
0.0942,2427
-0.0499,6682
-0.231,8811
-0.0479,6969
0.11,3048
-0.112,10550
0.259,794
0.0534,3963
-0.181,10329
0.0334,4732
0.0499,4097
-0.125,7898
-0.126,8961
-0.158,9472
-0.135,8057
0.0124,5018
0.0419,4449
0.239,2713
0.146,1056
-0.103,7715
-0.0916,7220
0.044,3640
-0.198,6924
-0.0479,7300
0.177,2333
0.174,1501
-0.233,9835
-0.083,6956
-0.168,7555
0.215,2707
0.147,2879
-0.124,8370
-0.0964,6547
0.0106,4963
0.0542,4551
0.673,246
0.213,128
0.0235,4436
-0.11,9078
0.27,507
0.0663,3080
-0.396,10941
0.0516,3924
-0.0465,6701
-0.289,10052
0.0395,4729
0.187,2910
0.159,2385
-0.158,10133
-0.129,9309
-0.227,9783
-0.258,9130
-0.121,6678
0.0461,3970
-0.00941,5582
0.2,2177
0.0776,3492
-0.402,9008
-0.282,6996
0.206,1862
-0.179,9001
0.0614,3850
0.396,1617
-0.256,8183
0.0795,3363
0.0356,4046
-0.318,10857
0.0406,4373
0.111,3074
0.192,1910
0.273,469
-0.112,8665
0.0221,4375
0.349,476
-0.243,10226
0.139,2701
0.0624,4143
0.0534,3433
-0.15,10276
0.00885,5021
-0.169,8537
-0.254,9258
0.161,2059
0.494,15
-0.132,10614
-0.0152,4982
0.0866,3559
-0.0735,6789
0.103,2496
-0.0162,5885
0.0462,3998
-0.0291,6378
0.0843,3614
-0.35,10848
-0.27,9579
-0.0143,6241
-0.168,10177
0.0245,4736
0.0125,4862
0.16,1488
-0.0538,6596
0.0344,4049
-0.106,8648
0.079,2594
-0.0377,6107
-0.156,8239
-0.0632,6280
-0.204,10639
-0.106,9850
-0.0486,6679
0.412,924
-0.125,7873
-0.0899,6272
-0.171,10684
0.106,2204
0.221,884
-0.159,8624
0.183,1719
0.159,2612
-0.115,8974
0.116,2567
0.14,2437
0.112,2515
-0.0572,6767
0.0358,4431
-0.144,9524
-0.0181,5853
0.645,247
-0.238,10289
-0.0751,6539
0.149,2445
-0.0616,7460
-0.0262,7284
-0.136,8870
-0.183,8304
-0.0937,7351
0.0805,3567
-0.106,9277
-0.264,10031
0.0743,3516
0.17,2157
0.0393,3602
0.0793,3633
-0.092,8197
0.0486,3868
-0.142,8684
0.16,1161
0.165,2701
0.299,2747
-0.0737,8615
-0.229,10452
-0.0874,6818
-0.355,10154
-0.167,6864
-0.0562,5566
0.16,2266
0.0097,4876
-0.173,8748
-0.0421,6631
0.766,792
-0.59,10415
-0.254,10137
0.0115,4936
0.019,4637
-0.0722,7055
-0.214,8866
0.163,1728
0.0596,3456
0.0665,3990
0.0738,3641
-0.343,9285
0.248,2045
-0.0918,7017
0.115,2581
-0.158,8470
0.218,1246
-0.243,9759
-0.106,7808
0.314,250
-0.0896,10031
-0.00338,5753
-0.00795,5346
0.113,3278
-0.109,8385
2.91,33
-0.138,9799
-0.254,10032
0.113,2075
0.00536,4871
-0.0354,5787
-0.0612,7244
-0.153,9657
-0.0348,5957
0.0435,4663
0.273,645
-0.00912,5258
0.0159,4736
-0.0122,5597
-0.235,10029
-0.179,9813
-0.0685,6777
-0.149,7218
-0.0355,5120
-0.112,8638
-0.445,10943
-0.178,8881
-0.209,8127
0.779,1034
0.171,798
-0.0981,8274
0.517,117
0.123,2049
-0.044,6452
-0.0777,4792
-0.114,8785
0.18,1343
0.00304,5158
-0.092,7452
-0.0675,8368
0.0821,3342
-0.186,9693
0.0615,3750
0.137,3235
-0.208,10373
-0.0158,6242
0.236,922
0.393,300
0.133,1994
0.287,110
-0.263,10407
0.319,640
0.0621,4003
-0.114,6821
0.0973,1828
-0.125,9312
-0.0206,5872
0.0638,3771
0.0332,4642
-0.066,6682
0.0123,4955
0.0813,2929
0.0669,3347
0.0612,3620
0.0541,4160
0.0999,3263
-0.0285,6670
-0.0484,7483
0.356,643
0.0715,3885
-0.0127,6057
0.0153,4887
-0.0366,7156
-0.0766,7979
-0.11,8225
-0.112,5838
0.113,3170
0.493,595
-0.211,10894
0.183,244
-0.0468,5791
-0.141,9397
-0.112,5810
0.0084,5172
0.0802,3185
-0.0472,7712
0.105,2187
0.0625,3570
-0.0731,9070
0.0886,3588
0.41,169
0.0558,4132
-0.3,10869
-0.197,8691
0.000611,5326
-0.218,9148
0.0143,5079
-0.0153,5776
-0.147,8532
0.0966,2904
0.0247,4886
0.0297,4667
-0.0343,6617
0.0679,3222
-0.321,10029
-0.298,8264
-0.198,8578
-0.0621,5116
0.0881,2358
0.0785,3618
-0.211,9566
0.0313,4650
0.55,345
1.04,104
-0.125,10332
0.00505,5089
-0.0584,6537
-0.166,9032
0.279,1811
0.13,2954
0.0661,3553
0.0174,4895
0.181,1617
0.0412,4117
0.00407,5110
0.0174,4720
0.228,868
-0.167,10107
-0.201,9604
-0.248,9008
-0.263,10426
0.0252,4722
-0.123,7960
0.0426,4406
-0.0382,6194
0.0621,3747
-0.208,9643
-0.21,9725
0.0377,4294
-0.00598,5743
0.0418,4773
0.0905,2970
-0.151,8672
-0.00888,5886
0.0694,3548
-0.0863,8881
0.147,2470
-0.166,7249
-0.0302,6023
0.23,2408
-0.259,9637
-0.0301,5776
0.191,2770
-0.14,7883
-0.173,8421
-0.174,7767
-0.154,7708
0.201,452
-0.256,10200
-0.141,9335
-0.263,10139
0.0124,5101
-0.0909,8596
0.0296,3444
0.396,95
-0.212,10457
-0.118,6309
0.0988,2677
-0.0627,6854
0.118,2840
-0.0925,6760
-0.213,8979
0.293,2464
0.886,124
-0.0159,6392
-0.0779,7514
0.0283,4846
-0.0676,5707
-0.0176,5820
0.159,2430
-0.162,10428
-0.0166,6080
-0.242,8723
-0.135,8041
-0.11,7378
-0.161,6896
0.207,496
-0.0584,6798
0.26,2220
0.0603,3845
-0.0473,5933
0.307,989
-0.203,9904
0.168,769
-0.364,10938
-0.388,10604
-0.204,8978
-0.0213,6113
-0.0651,7969
-0.163,8817
-0.0343,6592
-0.0706,7197
0.015,4943
-0.313,10024
-0.0443,6787
0.00423,5123
0.0911,2956
-0.0514,6551
-0.37,10099
0.0123,4882
-0.0175,6046
0.207,1894
-0.119,6620
-0.186,9332
-0.244,10515
-0.103,7195
0.038,3668
-0.331,10443
0.163,1498
0.381,602
-0.156,8936
0.169,3542
0.082,1658
-0.11,8930
-0.396,9891
0.0597,3065
-0.649,8087
-0.599,10170
-0.181,10454
-0.08,7485
-0.269,10776
-0.172,8002
0.508,693
-0.156,6977
-0.157,9467
-0.0605,7432
-0.366,10090
-0.144,7526
0.261,2384
0.462,711
0.277,1072
-0.0649,7486
0.39,816
-0.0382,6165
-0.311,9587
0.243,1907
-0.00902,5943
-0.0824,7192
-0.214,8718
-0.373,10786
0.0583,4158
0.0153,5089
-0.0733,9248
-0.0704,8067
-0.351,9977
0.0924,2996
-0.00385,4956
-0.065,6728
0.23,1939
0.0664,2520
-0.198,8416
0.0185,4856
-0.0844,7491
-0.21,10228
0.0618,3895
0.121,381
0.0747,3408
-0.0429,6429
0.127,3005
-0.124,7938
-0.0405,7132
0.0239,4599
0.0195,4113
-0.199,10273
-0.019,5877
-0.128,7930
0.0288,4497
0.0563,3756
0.182,622
-0.29,10588
-0.0877,7734
-0.558,10995
-0.102,7790
-0.0814,8152
-0.258,10692
0.153,2746
-0.245,9712
-0.0468,5672
1.08,95
0.0609,2305
0.157,583
-0.339,7678
-0.215,8571
0.107,3860
0.0445,4474
-0.011,5849
0.121,881
-0.0246,5512
-0.162,9332
-0.304,9840
-0.0982,7559
-0.194,10654
-0.182,10574
0.32,1417
0.0675,3425
0.332,768
-0.292,9240
0.28,598
0.218,2087
0.145,1943
-0.212,10124
0.0737,3767
-0.124,7006
0.096,2320
0.0968,2182
0.0571,3561
-0.225,9595
0.2,3331
0.0355,4324
-0.258,10812
0.0723,2857
-0.386,10319
0.234,2511
0.252,1846
0.0271,4312
-0.0875,9379
-0.138,7764
-0.149,10053
0.00415,5101
0.0385,4486
-0.377,10760
-0.0487,7254
0.0884,3137
0.578,533
0.166,1751
0.0821,3914
-0.113,7066
0.0907,3383
0.158,1491
-0.144,9571
-0.395,10853
-0.0227,6096
-0.0107,5642
0.086,3591
0.129,1849
0.153,2454
-0.0666,7516
0.864,89
-0.17,10179
-0.0842,8879
0.336,485
0.121,2819
-0.366,10185
0.0732,4018
0.0265,4326
-0.0673,7377
0.059,3119
0.173,2125
-0.316,10571
-0.163,8529
0.0439,4494
0.128,2907
0.0292,3993
-0.0493,6037
0.0616,3756
0.233,1435
-0.278,9461
0.224,971
-0.205,9592
-0.0803,7572
0.219,1849
0.039,4443
-0.0341,6543
-0.0838,8463
0.313,1055
-0.252,8750
-0.0533,6796
-0.131,4625
-0.13,6175
0.105,3192
-0.00897,5732
0.0226,4684
0.147,2523
-0.02,5868
-0.22,9832
0.0859,2751
0.0203,4173
-0.0777,6792
-0.0282,6494
-0.303,10897
-0.283,10419
-0.0756,8242
-0.27,10524
0.0244,4751
-0.0136,5469
0.673,7
-0.00499,5598
-0.0306,6306
0.212,467
0.148,2157
0.0814,3249
0.162,2626
-0.0591,6623
-0.112,9588
0.0881,3834
0.209,2980
0.0881,3337
1.14,576
0.237,1171
-0.0203,6576
0.0871,3356
-0.301,8419
0.0126,4620
-0.113,9260
0.137,2650
-0.0549,7413
-0.0282,6416
-0.0427,5903
-0.108,8738
-0.0855,6912
0.414,1474
-0.0414,7057
-0.307,10795
0.0296,4522
-0.0689,7143
0.0637,3809
-0.096,7379
-0.103,8173
0.0424,4085
-0.0124,5786
-0.177,7667
0.0632,3166
-0.0814,7636
0.0391,3748
0.235,339
0.875,0
0.0652,3354
0.244,1686
0.498,251
0.172,2278
0.236,304
0.131,3149
-0.0599,7070
-0.104,8190
0.0183,4737
-0.466,10892
0.211,841
0.0955,3388
0.0545,3826
0.212,1239
0.451,281
0.125,1531
0.0176,4813
-0.0449,6393
-0.219,10391
-0.4,9490
-0.175,8348
-0.243,10349
0.416,409
-0.238,7944
-0.00413,5413
0.0757,3091
-0.099,7229
-0.00569,5492
-0.2,10742
0.198,1836
0.0172,5086
-0.0808,6165
-0.276,9394
-0.151,9657
0.0176,4554
-0.0946,6936
-0.298,10089
-0.0712,6294
0.192,2645
0.204,928
-0.232,9836
1.21,231
-0.14,6503
3.71,97
-0.286,7532
0.00158,5468
0.297,2605
-0.0655,6242
-0.255,10588
0.151,3154
-0.164,8645
0.309,23
-0.119,9400
0.556,811
-0.0784,7979
0.0953,2522
0.0619,3970
-0.0821,7616
0.00188,5348
-0.098,7952
0.314,994
-0.181,8445
0.0951,3282
0.0923,2332
0.173,695
-0.114,7493
-0.124,8431
0.484,156
-0.173,7955
0.0287,4562
0.138,2004
-0.114,8458
0.265,1002
0.0473,4161
0.394,647
-0.0485,6934
0.0132,5131
0.193,1860
-0.176,9600
-0.0812,6851
0.1,3071
0.277,444
0.0281,4343
0.00421,4463
-0.137,6927
-0.138,7519
0.0382,4313
-0.0222,6249
0.14,2596
0.0873,2391
-0.0528,6431
-0.378,10475
-0.0706,6069
0.136,1968
-0.0347,8200
0.0103,4857
-0.0773,6207
-0.128,9066
-0.089,8036
0.0947,2576
-0.0132,5856
0.392,405
0.0206,4228
-0.0291,7053
-0.219,8188
-0.0569,6637
0.0593,2604
-0.0162,5835
0.0813,4064
-0.0904,6677
-0.0707,6326
-0.0287,5337
0.137,2734
-0.415,10928
0.0597,4076
0.00749,4994
-0.0596,6742
0.0348,4573
-0.0647,7418
0.0131,3474
3.07,25
-0.327,8300
0.0441,4038
-0.233,10196
0.265,846
-0.0727,9126
-0.0555,7266
0.078,2020
-0.23,10058
0.0577,4161
-0.104,6937
0.0825,4181
-0.136,7436
0.313,688
-0.473,9204
0.472,701
0.168,1888
0.285,1574
0.0363,4528
-0.149,8483
0.025,4804
-0.12,8455
-0.0476,6069
0.22,1957
0.266,217
-0.0706,7071
-0.242,9507
-0.166,9466
-0.243,8135
-0.111,7127
0.0227,4309
0.351,34
0.546,148
-0.00663,5567
-0.204,8105
-0.283,10351
0.101,1991
0.121,2333
0.0924,3436
-0.136,8943
-0.139,7779
-0.304,9519
-0.13,9450
-0.124,8558
0.0544,4060
-0.0122,5486
0.0459,4842
-0.211,8568
-0.298,10738
-0.0563,7498
-0.126,8206
0.208,1608
-0.0396,5991
0.142,2970
0.204,896
-0.219,9664
-0.331,10893
0.04,4396
0.214,2715
-0.249,10539
-0.0556,6766
0.0525,4110
-0.508,10962
0.0296,4595
0.0818,2517
0.137,2377
0.0133,4830
0.0528,2650
-0.15,8378
-0.116,7691
-0.272,9669
0.0482,4291
-0.271,9660
-0.0923,8117
0.0285,4761
-0.303,10005
0.0591,3905
0.147,3272
-0.141,8044
0.0192,4830
0.265,1590
2.95,17
-0.139,7505
0.125,3500
0.0257,4469
-0.206,9408
-0.162,8797
-0.235,9162
0.117,2779
0.0845,2888
0.503,26
-0.17,7917
-0.0157,5697
-0.252,10079
0.0167,5012
-0.0147,5822
-0.00459,5723
0.369,472
-0.0126,5841
-0.0934,4905
-0.0902,6594
0.151,1271
-0.141,9170
-0.344,10838
0.237,2355
-0.124,9820
0.263,544
-0.0711,7666
0.285,278
0.125,647
-0.426,10759
-0.39,9487
-0.123,7221
-0.113,7992
0.306,345
-0.026,5591
-0.0292,6193
0.00301,4941
0.134,1399
0.105,2301
0.0289,4230
0.0166,4606
0.231,1122
0.376,594
-0.232,8042
-0.169,5073
-0.0965,8131
-0.219,10118
0.112,1889
0.165,2753
0.0714,3940
0.0829,3502
-0.131,9430
-0.284,9294
0.0941,2067
-0.296,10477
0.0277,4540
-0.0268,6196
0.0335,4232
-0.0973,7840
-0.111,7267
0.0579,4212
0.114,3462
0.00677,5041
-0.324,10632
-0.0895,5841
-0.652,9071
-0.812,9235
0.293,1337
-0.161,8010
0.12,3276
-0.467,10699
0.0949,2204
0.0565,4551
-0.271,9886
-0.0161,5819
-0.178,9445
-0.0375,6255
-0.412,9284
0.0403,4227
0.975,677
-0.147,6700
-0.0454,5746
0.679,200
0.00133,5177
-0.118,6896
0.239,1807
-0.0751,8261
0.0963,2424
0.394,789
-0.131,8549
0.249,696
0.221,2682
0.0826,1535
-0.206,10437
0.246,872
0.307,572
0.0932,3186
-0.237,9605
-0.177,9211
-0.022,5787
-0.345,8431
-0.134,6919
-0.835,10829
-0.196,9769
0.235,844
0.0666,3187
-0.0902,6679
-0.09,7160
0.215,1053
0.0188,4741
-0.0782,9202
0.00944,4870
-0.268,7168
0.623,103
-0.0684,6428
0.209,1867
0.0617,3561
-0.00493,5608
-0.172,10405
-0.122,8956
-0.307,8592
0.0702,2082
-0.0565,6509
-0.0338,6837
-0.0504,7113
-0.0409,5785
-0.358,9766
-0.0724,7141
-0.185,9060
-0.0555,6916
-0.0279,6619
0.0163,4920
0.084,3403
0.0218,4989
-0.0696,8251
0.152,968
-0.125,8651
-0.162,8819
0.345,345
0.0497,4083
-0.0104,5461
0.0357,4045
-0.107,8521
0.442,904
-0.525,10866
0.0699,4255
0.046,3993
0.135,2201
0.188,1730
0.174,2500
-0.29,7896
-0.0294,5563
-0.078,7986
-0.153,10181
0.23,1201
-0.0522,6591
0.0723,2023
-0.0367,5748
-0.0392,7287
0.276,574
0.117,3057
0.187,1932
0.234,1524
-0.207,8971
-0.0956,7621
0.13,1865
-0.0235,5483
0.0553,2696
0.0639,4488
0.0864,3479
-0.0784,8609
0.111,1681
0.221,1621
0.206,1494
-0.483,10143
-0.183,7930
-0.074,7409
0.0378,3587
0.0732,3258
0.0775,3924
-0.575,9175
-0.12,8451
-0.249,8504
-0.0104,5966
0.0171,5048
-0.244,10336
-0.0705,6720
-0.213,8786
0.0521,3536
-0.0457,6353
-0.274,10188
0.0553,3889
0.0148,4638
-0.126,9189
0.129,1380
0.0828,2600
0.133,3303
0.124,3014
0.0968,3977
-0.0809,7580
-0.167,9848
-0.0294,6716
0.13,2329
0.189,1850
0.163,792
-0.248,10041
-0.261,10693
-0.23,9708
-0.381,9447
0.0617,3583
-0.559,10104
-0.0757,5889
-0.247,9427
0.0448,4337
0.0123,4658
0.151,1701
0.107,2563
-0.274,9574
0.127,1976
-0.0867,6832
0.00914,5139
-0.0109,5894
0.104,3432
0.693,163
0.949,156
0.225,2060
-0.492,10746
0.318,1721
-0.28,5615
0.101,2625
-0.104,8697
0.078,3158
0.0989,3028
0.0933,3441
-0.329,9861
0.191,2360
0.389,361
0.116,2428
0.351,1869
-0.0461,7107
-0.162,8426
-0.196,9726
-0.109,8815
-0.123,8619
-0.244,10591
-0.175,9832
0.247,1624
-0.227,9870
-0.0449,7044
-0.066,7868
0.0959,3082
-0.0187,5614
-0.186,8390
0.62,413
0.11,607
0.121,2921
-0.0153,5523
0.15,2939
-0.224,8833
-0.21,9680
0.0175,4914
-0.0406,6956
-0.0723,6347
-0.0193,5646
0.119,3495
-0.18,8547
0.143,828
0.232,102
-0.296,9770
0.22,2448
0.287,1782
0.773,87
-0.385,9800
0.0116,4995
-0.159,8539
-0.0149,5790
-0.149,6248
-0.448,6932
-0.169,10544
-0.145,9131
0.145,2367
-0.094,7969
0.113,2744
-0.288,9788
-0.0653,8304
-0.0524,7398
0.000189,5365
-0.359,10827
-1.06,10912
-0.224,9736
-0.123,8203
0.0457,3981
0.11,3255
0.562,1153
-0.398,10258
-0.263,10518
-0.0136,6030
-0.174,10191
-0.0172,5499
0.503,743
-0.0953,8025
-0.076,7655
-0.0919,7575
0.751,105
0.146,2735
-0.0633,6686
-0.115,7813
0.0148,4870
-0.0504,6593
0.0127,4628
-0.193,8571
-0.28,10696
0.0692,3958
-0.0669,5651
0.176,426
-0.093,7973
-0.214,10118
-0.017,5904
0.21,1681
-0.204,9684
0.0743,2992
0.17,2076
-0.257,10066
0.084,3152
0.142,3098
0.118,1012
0.0732,3350
-0.00316,5234
0.0209,4809
0.766,93
-0.229,8250
-0.0427,6322
0.0202,4764
0.203,908
0.0976,2998
-0.013,5256
0.409,500
0.196,751
0.203,921
0.365,240
0.134,2979
0.0611,4007
-0.103,9534
-0.129,8757
-0.0504,6915
-0.393,11033
0.996,20
0.295,1159
-0.225,9285
0.502,106
0.0366,4181
-0.0246,6337
-0.173,8385
-0.181,7848
0.0221,4516
-0.302,9667
0.0246,4646
0.0465,3618
0.258,1566
0.231,1801
0.472,409
-0.178,7229
0.0381,4199
-0.2,9962
-0.0201,5783
-0.072,6296
-0.186,9971
0.0221,4894
-0.226,10861
-0.238,10417
-0.0956,7712
-0.199,8907
0.0965,3650
-0.0153,5392
0.0639,3707
-0.00641,5634
0.284,1476
0.138,3105
-0.0548,6220
0.16,1417
0.07,3465
0.126,1514
-0.0718,6403
0.249,2015
0.0389,4665
-0.0721,6542
0.00341,5282
-0.068,8472
-0.321,10264
-0.147,7842
-0.171,8721
0.315,553
0.251,676
0.121,946
0.444,157
-0.106,7912
0.0929,3971
-0.0865,8285
-0.135,9580
0.0497,3145
0.443,337
0.0909,2372
-0.206,9490
-0.457,9907
-0.00108,5245
-0.0682,7216
-0.0299,6576
0.0265,4404
0.392,940
-0.0148,5464
-0.134,9182
-0.233,10185
-0.0919,8171
-0.162,6693
0.967,203
0.281,1223
0.395,125
0.127,2612
0.144,3058
-0.113,7392
0.151,1804
-0.52,10417
0.173,1466
0.114,2344
-0.426,10993
-0.175,9125
-0.143,8958
0.00886,5137
-0.0445,7758
-0.149,9633
-0.176,8274
-0.148,9154
0.178,2032
-0.315,9492
0.159,1294
0.0369,3818
-0.199,8853
-0.186,8281
-0.0613,6755
-0.249,7279
0.0477,3955
0.0741,2309
0.0552,4346
-0.0305,5666
-0.196,9592
-0.0909,7488
-0.0939,7907
-0.0196,6046
0.447,57
-0.162,8977
-0.338,10375
-0.104,8090
-0.16,9780
-0.123,6879
0.236,351
-0.0305,6020
-0.208,6179
0.0203,4233
0.13,2443
-0.11,8871
-0.148,8455
-0.103,8658
-0.243,9347
-0.173,9691
-0.0475,6930
0.447,587
0.00761,5271
-0.021,5757
0.163,2947
-0.226,9905
0.0863,3211
-0.115,7568
0.0103,5000
0.0708,3945
0.0257,4501
0.25,205
0.0763,2453
0.0555,4409
0.0177,5066
-0.0973,7420
0.597,1043
0.00962,5064
0.0694,2491
-0.316,9708
0.23,621
0.161,2826
0.462,1355
-0.181,10882
0.288,594
0.115,1438
0.0762,3787
0.155,2543
-0.0572,7292
-0.106,8224
-0.0243,6050
0.0609,4417
-0.00216,5461
-0.153,6749
-0.101,7310
-0.0649,7171
-0.0185,5735
-0.124,7742
-0.0667,6882
-0.00504,5254
-0.142,7054
0.0748,3075
-0.348,9271
0.0544,4339
0.0827,3581
-0.105,6386
-0.0995,5301
0.132,2236
0.0191,4580
-0.64,10553
0.248,2499
1.01,13
-0.382,10613
-0.0413,6604
0.123,1964
0.195,1502
-0.15,10143
0.103,907
-0.266,10425
-0.00167,5485
0.0675,3166
-0.0126,5144
-0.0895,3680
-0.0709,6049
-0.565,9738
-0.0642,6178
0.152,1404
-0.239,9186
-0.309,10250
-0.146,9732
-0.184,9042
0.00409,5200
-0.195,10449
0.234,1157
0.336,395
-0.0961,7279
-0.298,6665
-0.133,9109
0.0134,4726
0.0381,4134
0.08,3247
0.144,2733
-0.376,9966
-0.0937,7845
0.0674,1270
0.583,901
-0.0138,5634
0.486,1560
0.0543,4322
-0.2,10197
-0.0147,6484
-0.333,7557
0.338,1414
-0.0679,8545
-0.294,10772
-0.0686,8265
0.00591,5131
-0.0265,8814
-0.0222,5858
0.0645,2942
-0.117,7719
0.0937,2151
0.00143,5361
-0.175,8664
-0.351,10163
0.133,2545
-0.0625,7663
0.163,1384
-0.235,10377
-0.254,8619
0.357,2093
0.00924,4927
-0.31,9965
0.0629,3767
-0.0514,7852
0.102,1954
0.191,1679
-0.0194,5855
-0.394,9574
0.494,2555
-0.11,8215
-0.127,10162
0.00336,5145
-0.28,9503
-0.415,10832
-0.378,8811
-0.169,8950
-0.0878,8936
0.00193,5058
-0.0293,5731
-0.172,9679
-0.0147,5241
-0.0118,5840
-0.37,10676
0.208,244
0.183,2216
0.155,1773
-0.146,7575
-0.0878,8756
-0.0464,6722
-0.188,9436
-0.065,6687
0.0308,4690
0.329,2127
0.056,2600
0.0183,4729
0.0248,4301
-0.0467,6767
-0.164,8540
0.168,3280
-0.179,9201
-0.551,10756
-0.334,9898
1.04,25
0.278,1318
-0.0744,6488
-0.00614,5835
0.0366,3424
-0.254,8690
-0.0843,8974
-0.16,7434
-0.108,6273
0.0547,3979
0.134,2589
0.0745,3274
-0.125,7580
0.119,3807
-0.306,10989
0.336,577
0.28,4
0.0676,3576
0.504,311
-0.0178,5787
0.0977,3339
0.17,1288
-0.065,6874
0.141,2409
0.106,3414
0.00555,4925
0.00914,5199
0.0993,2425
-0.021,6332
0.413,98
-0.067,6664
0.0146,4979
-0.0988,6712
-0.0603,7080
0.0663,2865
-0.0865,6649
0.0562,3254
0.119,3706
0.018,4813
0.296,714
-0.184,8391
-0.109,8286
0.625,507
-0.0045,5405
0.0566,3741
-0.0885,8108
-0.0703,6960
-0.156,10410
-0.278,9640
0.329,1149
-0.166,10166
-0.0772,7498
0.443,848
0.0778,3171
-0.00151,5132
0.0421,4140
0.0525,3313
-0.199,9894
-0.0884,8302
-0.0898,7144
-0.25,9459
-0.0648,6816
-0.248,9507
-0.0516,6538
0.172,2321
-0.471,10715
0.382,68
-0.407,10359
-0.304,10369
-0.0681,6901
0.377,270
0.392,583
4.53,0
0.0651,3790
-0.0876,7732
0.15,1902
-0.724,10300
0.0791,4117
0.14,3308
-0.331,8838
-0.361,7682
0.957,70
0.032,4394
0.0966,3794
0.284,1320
-0.0572,8011
0.17,596
0.0114,4993
0.0524,4519
-0.283,8382
-0.084,7822
-0.109,10312
0.0442,3617
0.0921,3159
-0.0551,7122
0.0447,4199
-0.0691,6624
0.219,1259
-0.107,9311
0.0825,3902
0.188,977
0.0308,4139
-0.204,7866
0.0431,4041
0.126,1387
0.195,2778
0.596,50
-0.0348,5853
0.118,2696
-0.101,8060
0.242,1394
0.391,793
0.0412,3901
0.0657,3551
0.397,1285
-0.0214,6222
-0.0963,7727
0.293,1707
-0.126,6934
0.139,2620
-0.151,7912
-0.142,10135
-0.0027,5477
0.111,3831
-0.235,9306
0.276,990
0.285,1354
0.0214,4660
0.159,570
-0.112,8888
-0.0468,6001
0.202,3064
-0.161,8628
0.0619,3809
0.0333,3816
0.0838,3062
0.00511,5020
0.237,2099
-0.189,9583
-0.0365,6679
-0.156,9116
0.261,805
0.0721,3798
-0.0448,6236
0.146,1939
-0.012,5741
0.0399,4081
-0.0679,6684
-0.192,9798
-0.0206,5417
-0.0836,7068
-0.158,9768
0.333,158
-0.0777,7163
-0.0835,8259
0.0734,3311
0.0462,3260
-0.192,9463
-0.254,10703
0.219,1698
-0.0111,5783
-0.207,10205
0.255,966
0.25,187
-0.139,9033
-0.11,8799
-0.0541,7521
-0.062,7015
0.162,2236
0.0384,4452
-0.00905,5534
0.0526,4185
0.0169,4761
0.0611,4265
0.0288,4601
0.381,696
-0.415,10884
-0.111,8136
-0.123,7607
0.31,771
-0.58,9342
0.264,322
0.089,1899
-0.247,10919
-0.0624,5925
-0.0762,7938
-0.0837,6808
0.0672,2605
0.0603,3385
0.009,5213
-0.155,8471
-0.25,7959
-0.0782,6556
0.297,55
-0.127,9729
0.0364,4335
0.179,1287
0.141,3367
-0.0257,5885
0.25,1252
-0.0686,8086
-0.0379,6589
0.162,1366
-0.0128,5684
-0.0619,7538
-0.132,7574
0.267,1390
-0.363,10833
-0.269,9402
-0.681,9760
-0.388,8041
-0.00658,5691
0.00574,4915
0.0375,4744
-0.0867,5743
-0.0837,8027
-0.341,9510
0.195,1950
0.0571,3620
0.327,1184
-0.267,10704
0.0902,3343
-0.341,10152
-0.232,8750
-0.129,7672
0.138,2847
-0.223,8581
-0.121,9000
-0.136,8467
0.0178,4326
0.044,3736
0.000475,5303
-0.0612,6821
0.238,1113
0.0298,4353
-0.00996,5865
0.0153,4588
0.151,1407
0.246,1284
-0.258,9267
0.163,1415
-0.0731,7590
-0.111,8861
0.215,650
0.187,1344
-0.0682,8396
-0.122,6470
-0.025,6097
0.0994,2839
-0.292,9657
1.26,88
-0.277,10457
-0.162,8754
0.164,832
0.0115,5040
0.18,2499
0.117,1956
-0.111,7852
-0.246,10601
-0.0621,6698
0.174,1626
-0.103,8949
0.14,2238
-0.0947,9614
0.238,663
0.165,1070
-0.0123,5826
-0.101,8233
-0.074,6684
-0.323,9012
1.75,104
0.00957,4888
0.083,2589
0.102,2833
0.132,2192
0.0581,4388
-0.368,10614
-0.0318,6221
-0.158,10086
-0.202,9815
0.239,984
0.402,859
-0.209,9103
0.15,946
-0.161,10156
0.199,1196
0.00698,5435
0.333,2288
-0.0227,6285
0.0696,3281
0.0141,4921
-0.124,9155
-0.443,10476
-0.161,9203
-0.0529,6356
-0.198,9661
0.0132,4865
-0.00813,5405
0.347,1480
-0.292,10695
-0.153,3978
0.132,1637
-0.0472,6674
-0.412,10618
-0.235,7295
-0.194,9789
-0.189,7751
-0.0323,6014
-0.0753,7572
-0.247,9336
-0.0604,6649
-0.368,10344
0.162,2000
-0.0626,8119
0.122,2726
0.335,1577
-0.325,9552
0.264,1965
0.0764,3139
0.0371,3723
0.0296,3677
-0.0906,7278
0.521,1008
0.126,2749
0.0457,4133
0.104,4209
-0.128,10371
0.0943,3609
0.0196,4739
-0.151,7342
-0.144,9423
-0.066,6007
0.0413,3948
0.407,87
-0.0145,5390
1.07,617
-0.248,9882
0.0247,4754
-0.0882,7231
-0.041,5773
-0.177,8003
0.453,980
0.0772,4344
-0.0252,6177
-0.00767,5536
0.267,1427
-0.0439,6457
-0.252,10089
0.0446,3884
0.0899,2392
-0.123,9396
-0.255,10015
0.0874,3098
-0.321,9247
-0.147,7929
-0.122,9296
-0.0384,6762
-0.223,8279
0.0347,4421
0.165,1965
0.0422,4091
-0.0827,8187
0.288,1277
-0.219,10332
0.0807,3980
-0.00367,5330
-0.41,10271
0.232,960
0.103,3263
-0.0416,5837
-0.024,6651
-0.046,6138
-0.0121,6027
-0.239,10374
0.0946,2021
-0.452,10833
0.0398,3821
0.0971,3024
0.187,1645
0.242,250
0.00127,5116
0.134,3052
-0.32,10499
0.13,2279
-0.203,9162
-0.175,8718
0.0434,3927
0.215,2568
-0.0766,5254
0.0441,4300
0.0447,4455
-0.199,9598
0.0752,2691
0.0895,3585
0.687,330
-0.252,10852
-0.296,7998
0.143,2473
0.0393,3672
-0.109,7920
-0.0764,5430
-0.122,7547
-0.295,8819
0.0209,4046
0.139,2219
-0.0471,6532
-0.065,6680
-0.0159,5721
0.291,819
0.239,568
0.136,2332
-0.0503,6369
-0.0462,6545
-0.143,7960
-0.319,10633
-0.163,9589
-0.2,8646
0.535,354
0.331,559
0.177,2666
-0.33,8751
-0.305,10865
0.139,807
-0.0309,5881
-0.162,7968
-0.106,8237
0.0595,3661
-0.161,9445
-0.289,7683
0.0791,2357
0.355,352
-0.112,9645
-0.185,9199
0.131,1913
-0.125,9707
-0.111,7463
0.219,1464
0.0331,4461
-0.149,7241
0.0789,3111
-0.294,9745
-0.288,6793
0.106,3630
-0.141,8863
0.265,2028
-0.27,10622
0.071,4279
-0.114,6955
-0.0649,6746
-0.179,8623
-0.194,10096
0.035,3627
0.0127,4794
-0.0432,6376
0.237,1212
0.00699,4965
0.00374,5570
-0.0283,6368
0.0671,1997
-0.435,10861
-0.131,7028
-0.38,7220
-0.249,7942
0.0604,3360
-0.328,10712
0.119,3222
0.0585,3238
0.476,1125
0.0415,4606
-0.0981,8055
0.0828,3299
-0.0299,6062
-0.166,8605
-0.263,10349
-0.163,8043
0.0101,5053
-0.0664,8106
0.164,1761
-0.162,9639
0.0973,3352
-0.334,10620
0.122,1905
0.138,2966
-0.14,9077
0.0205,4937
0.15,3045
0.00695,5206
0.254,316
0.0721,3941
-0.0467,6203
0.02,4697
0.29,1054
0.0544,4375
0.0639,3996
-0.000686,5428
-0.116,9240
0.0313,4229
-0.138,8474
0.368,159
-0.0812,7860
0.24,897
0.109,3724
0.235,1701
-0.316,10443
-0.0769,6169
-0.2,10247
0.0589,1876
-0.0495,6366
0.0862,2923
0.108,3171
0.0333,4135
0.377,93
0.0822,3230
-0.307,10122
0.115,2262
-0.0213,5798
0.0593,3430
-0.0188,5954
0.0748,2565
-0.299,10419
-0.139,8871
-0.0472,6485
-0.126,7869
-0.402,10574
-0.26,9858
0.13,2455
-0.353,8893
0.0769,3650
-0.114,6778
-0.133,10128
0.277,460
0.178,1092
1.21,24
0.145,2689
-0.0847,5021
-0.174,10220
-0.17,9234
0.0263,4671
-0.33,10720
-0.055,7270
-0.15,6342
0.0638,3061
0.176,230
-0.0446,6141
-0.0895,6791
0.151,2786
0.16,3167
-0.171,9675
-0.307,10054
-0.144,8861
0.109,2805
0.287,2571
0.201,2115
-0.0934,8144
0.201,699
-0.074,6189
-0.0466,6424
-0.0739,7399
-0.233,8007
0.0974,2370
-0.0226,6474
-0.289,9868
-0.121,8258
0.188,1528
0.0192,4918
-0.123,8478
-0.171,9665
-0.175,9733
0.12,2402
-0.186,10353
0.159,1282
-0.413,10973
-0.0997,8225
-0.272,9739
0.342,607
-0.171,10479
-0.123,6460
-0.0584,7666
0.0204,4781
0.276,1378
-0.0998,9163
-0.451,9834
-0.0507,6442
-0.0247,6290
0.0847,2842
-0.026,5289
-0.187,8226
-0.185,7861
0.0139,4604
-0.0457,7199
-0.0751,7096
0.0247,4657
0.0609,3739
-0.126,7711
-0.127,8426
0.472,378
0.0147,4979
0.231,1635
0.351,1278
-0.0444,6346
0.367,413
0.331,616
0.217,2476
0.333,1037
0.22,1693
-0.175,8038
-0.284,9510
-0.167,8022
0.424,1145
0.09,3989
0.217,3221
-0.207,9908
-0.0183,6161
0.141,863
-0.161,8906
-0.142,8868
0.0766,3647
-0.191,8932
0.269,443
-0.292,10594
-0.261,9405
-0.0562,6244
0.00554,5233
0.358,107
-0.0531,6123
-0.131,7196
-0.0843,7431
0.161,1375
0.0486,4409
0.0632,3399
-0.0784,7572
0.0626,1164
-0.126,7517
-0.33,10286
0.395,596
-0.114,7874
-0.138,9514
-0.176,9576
0.16,1819
-0.195,10550
0.249,1202
-0.0632,6332
0.0258,4434
-0.114,8405
-0.494,8405
-0.12,7789
-0.028,5696
-0.101,8842
-0.281,10595
0.0515,3592
-0.0182,5602
0.0616,4287
0.302,2355
-0.297,8246
0.00645,5244
0.0218,4619
-0.145,8599
0.572,404
-0.324,8945
-0.188,6806
-0.127,7853
-0.0993,7739
-0.188,10101
0.12,3498
-0.162,10106
0.0904,3224
0.0144,4614
0.362,562
-0.146,9275
-0.0114,5281
0.103,3338
-0.156,8576
-0.124,8571
0.0123,4786
-0.201,8641
-0.316,9650
-0.00823,5705
0.23,1292
0.157,954
0.178,1469
-0.103,8342
-0.207,8904
0.0495,4403
-0.438,10138
-0.197,10089
0.024,4385
-0.121,8075
0.124,2666
-0.293,10646
-0.311,8656
-0.145,8957
-0.0632,7093
0.203,1010
-0.0979,7839
0.0145,5091
-0.094,8747
0.00694,5192
-0.138,8292
-0.348,9812
0.219,1483
-0.0449,6760
-0.0274,5636
-0.206,10065
-0.0592,6425
-0.147,6868
0.00976,5351
0.148,3378
0.353,1723
0.00237,5369
-0.0965,7581
-0.178,8712
-0.00536,5713
0.14,1365
-0.0778,5955
-0.115,8392
0.0672,2831
0.207,3513
0.0825,3358
-0.3,10390
-0.111,8015
-0.0778,7618
-0.21,9336
0.04,4615
0.251,2353
0.0662,3727
0.149,692
0.152,1094
0.0185,4569
0.0373,4215
-0.00428,5247
-0.049,5757
1.52,588
0.0571,3590
-0.0404,6442
-0.0674,7261
-0.0518,6235
-0.115,6532
0.03,4222
0.0827,2998
-0.3,10952
0.402,1621
-0.0758,10477
0.138,193
0.0342,4066
0.16,1748
-0.212,5100
0.0775,3750
0.0809,1251
-0.0268,7141
0.377,2805
-0.278,5921
-0.171,10641
-0.00266,5523
0.432,166
-0.0341,5958
0.378,979
0.102,3431
0.144,2196
-0.0846,7728
-0.0727,7176
-0.388,9613
0.0827,3353
-0.147,8373
0.287,631
0.0944,1871
0.0222,4507
0.0432,4145
-0.242,8924
0.226,2461
0.0842,3557
-0.0527,6659
-0.122,9729
-0.0445,6906
0.398,561
0.0843,4069
-0.29,9501
-0.000854,5229
0.147,2291
0.0374,4144
-0.0364,6505
0.0814,3446
-0.705,10353
-0.0138,5532
-0.0371,6844
-0.131,8691
0.0871,3253
-0.143,9576
-0.339,8329
-0.00229,5531
-0.0447,6447
0.13,2665
0.138,2107
0.209,2586
0.138,1797
-0.0147,6322
-0.0851,7594
-0.0517,6698
-0.263,9883
0.126,2149
0.0241,4652
-0.0394,6442
0.0861,1473
-0.108,7644
-0.145,9358
0.247,2398
-0.139,9271
-0.0362,7002
-0.168,10078
0.0899,3143
-0.429,8412
0.0608,3275
0.155,2590
0.126,1242
-0.0356,6719
-0.126,8496
0.302,932
-0.135,8574
-0.132,8138
-0.321,10023
0.11,1822
-0.29,9660
0.21,941
-0.146,7565
0.442,866
-0.0168,5990
-0.183,7984
0.0115,4810
-0.0794,7120
-0.211,9532
-0.0768,6552
-0.109,7925
-0.0531,7704
0.211,1080
-0.163,8726
0.0361,4298
0.249,869
0.212,152
0.0553,3447
-0.0834,7659
-0.11,6713
0.54,2615
-0.227,9969
-0.17,10221
0.0346,4517
0.218,864
-0.125,8263
0.103,3421
-0.0824,6839
0.0787,3405
0.203,1026
1.65,215
-0.397,7608
-0.252,9302
-0.201,6989
-0.0765,6444
-0.143,6814
-0.066,7647
-0.0847,6644
0.275,2105
-0.0347,6062
0.0321,4356
0.0574,3959
0.0553,3688
0.168,3204
-0.0695,7547
-0.0813,6211
0.00815,4959
0.156,1058
-0.0217,6095
0.00374,4813
0.0723,3689
-0.0012,5554
-0.0694,7309
-0.0468,6935
0.0624,3795
0.8,207
-0.126,8049
-0.166,8965
0.249,819
0.0319,4610
-0.144,9445
0.306,636
-0.213,8628
0.575,298
0.311,269
-0.0912,7568
0.0241,4691
0.162,2407
0.722,431
-0.202,10605
0.00294,5190
0.0726,2545
0.186,2413
0.0596,3324
0.0341,4492
0.0743,3724
0.256,1248
0.0747,2403
0.0458,3959
0.404,1418
0.104,2612
-0.0693,7755
-0.287,10769
0.194,1484
-0.161,8838
-0.391,6412
0.584,330
0.156,1162
0.0686,2613
-0.0731,7285
1.08,638
-0.0272,5923
-0.0229,6277
-0.206,10454
0.0104,5262
0.0796,2784
-0.0638,5630
-0.527,10536
-0.219,10506
0.62,1
-0.211,9989
0.117,2634
0.036,4602
-0.144,8133
-0.00626,5463
0.17,2740
-0.0602,6788
0.0143,5079
-0.269,8039
-0.0455,6813
0.0909,1772
-0.0193,6148
-0.0248,6358
-0.0445,6338
0.641,118
0.131,3122
0.15,2315
-0.0148,5610
-0.16,8603
0.00662,4918
-0.152,7768
0.16,3094
0.0328,4283
-0.084,7653
-0.107,7107
-0.137,8401
-0.349,10457
-0.0543,6635
0.104,2422
0.0267,4222
0.0438,4375
-0.281,8503
-0.0554,5992
-0.0879,6820
0.0625,3082
-0.0565,7318
-0.174,9197
0.111,3057
0.129,2446
-0.0624,6358
0.0803,2576
0.0634,3974
0.327,426
0.0591,3470
-0.13,8570
0.375,191
-0.0979,8089
-0.312,10669
-0.0619,7118
0.0524,4176
0.0685,3887
-0.0721,6906
0.181,685
-0.00339,5730
-0.341,10513
0.258,823
0.314,897
-0.209,9322
-0.202,9918
0.19,1732
0.0501,3639
-0.136,9043
-0.156,8529
0.235,304
-0.0651,8893
0.293,1555
0.164,1084
-0.258,8398
0.13,2654
0.00876,5282
0.0564,2341
-0.0299,6055
0.0853,3436
0.278,681
-0.202,7858
-0.151,9960
0.13,1557
-0.0697,7823
0.273,1740
-0.244,6493
0.147,3234
-0.264,10325
0.00398,4901
-0.207,9916
-0.0342,6841
-0.234,8948
-0.0443,5908
-0.305,10922
-0.156,10537
0.106,2559
-0.0598,6851
-0.0109,5937
-0.0617,7378
-0.0382,6753
-0.0427,6565
-0.0388,6078
-0.069,6854
-0.198,9247
-0.294,9169
0.118,2782
-0.327,10523
-0.37,8058
-0.318,9579
-0.256,7167
-0.112,6706
-0.255,10341
-0.145,9834
-0.111,8446
-0.111,8296
-0.312,9964
-0.222,5508
-0.128,8935
0.0894,3927
0.0371,4459
-0.0436,5956
-0.184,8671
-0.161,8699
0.0735,2952
-0.0126,5886
-0.0862,8169
-0.292,6859
0.0874,3513
-0.187,9813
-0.0893,7273
0.206,1074
-0.34,10091
-0.209,9542
0.262,2611
-0.144,6254
0.0196,4494
0.101,1048
-0.204,9959
0.15,1900
-0.251,7351
0.0263,4280
0.308,272
-0.0112,5459
-0.32,10808
0.0596,4128
-0.195,8709
0.0316,4275
-0.139,9572
0.0895,2364
0.00691,5058
-0.00772,5496
0.0553,2988
-0.079,7750
-0.0426,7653
-0.174,9084
0.11,3153
-0.284,10832
-0.0778,7260
-0.132,8472
0.0988,1421
0.0492,3645
-0.0246,6047
0.129,1792
0.453,2088
-0.0578,5984
0.287,91
-0.0437,6458
0.164,1715
-0.344,9725
0.12,1666
1.44,108
0.0582,2866
-0.00768,5859
-0.152,7693
-0.00357,5188
-0.0537,6018
0.0197,5177
-0.0535,6110
-0.0304,6555
-0.121,8501
-0.014,5525
-0.0418,5892
0.238,904
0.0665,2406
-0.313,9992
0.313,891
0.0108,5113
0.322,939
-0.145,7703
0.0715,3045
-0.0547,7364
-0.376,10829
-0.141,6834
0.026,5020
-0.411,8555
0.0591,3392
0.0232,4457
0.0153,4960
-0.184,9808
0.593,1156
-0.0412,6475
0.0084,5196
0.0117,4793
0.032,4578
0.0467,4300
0.0862,2679
0.0096,4963
-0.0215,6567
0.0751,2655
-0.193,8417
0.199,960
0.189,2471
0.207,1757
-0.174,10389
-0.336,10289
0.123,3335
-0.403,10244
-0.0986,8106
-0.328,9856
-0.117,7344
-0.126,8087
-0.0993,8179
-0.0484,7394
-0.0749,8143
-0.0565,7105
0.0683,4052
-0.07,7676
-0.113,7414
0.195,1161
0.162,1015
-0.176,9160
0.186,1796
-0.172,9070
-0.108,7213
-0.0665,8718
0.0522,3344
-0.0663,7566
-0.0669,6449
-0.0709,6803
-0.0111,5695
-0.0875,7923
-0.0569,6732
-0.0224,6069
-0.161,7855
-0.0696,6833
-0.303,10051
0.0374,4026
0.169,1661
0.053,3755
0.0204,4968
0.251,2160
0.259,228
0.168,1805
-0.12,7045
-0.0458,6337
0.234,858
0.0946,3576
0.141,3367
-0.241,9577
-0.0558,8017
-0.0188,5864
0.0295,4475
-0.312,10211
0.577,241
0.0986,2373
0.0466,3958
-0.28,10009
0.106,3366
0.295,1739
0.348,1521
-0.0252,6203
-0.167,9832
-0.0889,9621
0.405,885
-0.0792,6521
0.443,961
-0.0342,6157
-0.0533,7675
0.008,5227
-0.0219,6328
-0.0607,6640
0.0381,3947
-0.0366,6516
0.0812,3367
0.121,2797
0.115,2548
0.0176,4906
0.303,249
0.0669,2833
-0.117,8336
0.0169,5020
-0.248,10153
0.633,69
0.104,2649
-0.194,8884
0.0828,3244
-0.212,9741
0.0806,3287
0.237,1999
-0.215,9272
-0.0475,6329
-0.165,9219
-0.0796,7643
0.0965,3606
1.21,33
-0.0479,7643
0.0277,4791
-0.134,7593
-0.386,10786
0.454,412
0.175,864
-0.0234,5678
-0.227,8687
0.246,1917
-0.127,7622
-0.0905,6833
-0.0563,6424
0.322,460
0.0562,3290
0.102,2835
0.0509,4250
-0.00648,5276
-0.139,7850
-0.109,7612
-0.117,8591
0.0104,5019
0.0453,3958
-0.217,10120
0.0178,4812
0.0778,2859
0.0264,4148
-0.218,7625
-0.17,8273
0.139,2403
0.03,4737
-0.0671,8837
-0.0759,7571
0.0247,4723
-0.0953,8081
-0.119,8209
-0.0596,6818
0.574,147
0.0664,3268
-0.167,9786
-0.118,7884
-0.143,8411
-0.069,6650
-0.157,8699
0.251,693
-0.00128,4998
-0.223,10053
0.0867,3831
0.0639,4349
0.129,1501
0.106,1095
0.0585,3629
0.23,1475
-0.157,9808
0.0576,3790
-0.112,9557
-0.0307,6585
-0.249,10309
-0.246,8880
-0.0781,6088
0.0113,5104
-0.0932,7791
0.0228,4805
-0.2,9359
0.101,3278
-0.151,9549
-0.554,8922
-0.19,9277
-0.0334,6224
-0.143,8655
-0.224,9503
-0.235,9611
-0.179,7475
-0.0828,9294
-0.0746,8134
-0.101,8253
-0.103,8328
-0.119,8447
-0.194,7141
-0.1,8530
-0.336,10296
0.199,3407
-0.228,10423
-0.22,9997
0.0481,3560
-0.0837,8842
0.00153,5142
-0.155,8282
-0.071,7385
0.0254,4931
0.377,271
-0.0436,7125
0.0627,2542
-0.0861,7865
0.276,973
0.0269,4798
-0.359,9307
0.131,2545
-0.00319,5363
0.158,2528
-0.132,6980
0.027,4567
0.296,811
-0.052,7216
0.0454,4512
-0.252,9280
-0.166,9405
0.291,2296
0.0959,3324
0.139,340
-0.147,9820
0.106,3224
0.054,3971
0.187,2804
-0.17,8213
0.0696,2943
-0.0214,6277
-0.0571,7255
-0.218,9702
0.214,1966
-0.167,8782
-0.134,10227
0.0149,4638
-0.305,8932
0.0801,2842
-0.468,10995
-0.34,8779
-0.0955,8204
-0.03,6249
0.391,387
-0.0404,5700
-0.00886,5214
0.236,2434
0.209,1132
-0.23,10347
-0.0831,6937
0.134,3184
-0.168,9528
-0.0134,5361
0.118,2018
-0.021,7415
-0.106,7314
-0.121,8300
0.694,844
0.12,3298
-0.0763,8618
-0.251,10733
0.167,2561
-0.3,9839
-0.315,8453
-0.307,9873
0.0592,3669
-0.235,8793
-0.135,9048
-0.0391,6626
0.172,954
-0.0659,6173
0.0421,3447
0.45,53
-0.131,8276
-0.0533,6640
-0.117,5556
0.0011,4576
0.206,969
0.123,2458
0.145,1200
-0.166,7654
0.0617,3968
-0.476,9906
-0.275,10577
-0.0214,5611
-0.0728,6985
0.0342,4175
0.0372,4630
-0.278,8681
0.0242,4283
-0.144,8416
-0.238,10063
0.188,2410
-0.229,10215
0.0162,4793
0.109,2258
0.335,874
0.515,136
-0.143,8399
0.159,2212
-0.0497,5765
0.00527,5131
-0.276,10592
-0.0495,6795
0.312,601
-0.188,8404
0.00479,5482
0.234,116
0.345,46
0.0457,4242
0.141,1691
-0.116,7008
-0.198,9117
-0.12,9440
-0.0947,7661
-0.351,10393
-0.0148,5748
-0.017,6272
-0.04,5611
0.066,2776
0.0671,2120
-0.054,7319
0.0277,4351
0.136,2571
-0.36,10963
0.148,2801
0.0469,3540
0.0401,3817
0.133,3406
-0.0276,5612
0.523,1477
-0.311,7295
-0.0586,8550
0.0141,4780
-0.0439,5992
-0.156,9827
-0.0475,6221
-0.254,7693
-0.0892,8527
0.029,3632
-0.016,4795
-0.073,5066
-0.279,7179
0.101,3644
0.0916,4141
-0.0278,6679
-0.0854,6648
-0.242,9566
-0.0637,7384
0.0592,2478
0.17,1138
-0.137,8450
0.28,1205
-0.0541,6059
-0.068,6717
-0.108,7371
-0.00871,5684
-0.153,9302
-0.0394,5837
0.0325,4672
-0.143,7808
0.249,617
-0.192,9116
-0.0509,6182
-0.199,9252
-0.029,5786
0.625,513
-0.202,9287
-0.0455,7012
0.14,1389
-0.522,8933
0.416,1110
-0.289,8953
-0.273,10004
0.11,1705
0.106,1961
0.0481,4523
-0.396,9149
-0.568,8503
-0.244,7513
0.151,1717
-0.313,6214
0.466,1434
-0.0251,5849
0.198,1456
0.415,1467
-0.254,10288
-0.206,9677
-0.118,8230
-0.132,8209
-0.237,10743
-0.259,10751
-0.254,9652
0.29,759
-0.0577,8058
-0.053,6051
-0.188,9471
0.0236,4821
0.124,1332
0.0413,4488
-0.126,9644
0.13,1948
0.0596,4406
-0.0721,7362
0.091,2340
0.0525,3890
0.0165,4850
-0.132,8604
-0.0875,9202
0.016,4775
-0.293,9598
0.54,339
0.0329,4669
-0.127,8193
-0.271,9471
-0.0485,7590
1.98,26
-0.407,9268
-0.219,8727
-0.017,5504
-0.139,8896
-0.043,6734
0.0768,3319
-0.165,9305
-0.00723,5317
-0.143,8659
0.267,77
-0.0689,7208
-0.252,10355
-0.054,6622
-0.217,9182
-0.481,10776
-0.0609,8004
0.0298,3839
0.187,2762
-0.414,8686
-0.108,5315
0.0764,3050
0.0361,4467
-0.448,11020
-0.292,9840
-0.141,8848
0.0796,3332
-0.0138,5526
0.152,949
-0.326,9126
-0.0281,5796
-0.134,7059
0.135,2654
-0.0904,8530
0.0424,4255
0.277,1467
0.0834,2950
0.83,291
0.0625,4211
-0.0456,7194
-0.365,10760
-0.198,9658
0.0142,4835
0.201,1257
-0.233,10664
-0.122,9307
0.0508,3933
0.0689,3998
0.359,872
-0.191,9320
-0.494,9335
-0.0588,7623
-0.0724,6547
-0.262,9256
-0.0253,5975
0.212,1822
0.178,509
-0.153,7795
0.188,2199
-0.0895,7137
-0.244,10802
0.0876,3161
-0.0151,6109
-0.0165,5642
-0.117,10179
-0.0549,6846
-0.145,8316
0.165,2182
-1.12,10701
0.141,1703
0.0114,4802
-0.153,8071
-0.0755,7837
-0.246,8056
-0.23,7614
0.0902,2800
0.0286,3652
0.263,1909
-0.177,9791
-0.136,7944
0.232,676
0.222,1188
-0.0983,7847
0.273,1234
0.268,881
0.0607,3453
0.0923,3219
-0.00171,5175
-0.00985,5876
-0.196,9795
-0.11,8390
-0.311,10077
0.0248,4710
-0.261,7963
-0.103,8285
-0.236,9514
-0.000296,5301
-0.0163,5789
0.253,1678
0.0302,4200
-0.0275,6094
-0.115,8116
-0.37,10471
0.284,1716
0.0716,3931
0.0534,3519
0.109,3032
-0.0977,7283
0.0408,4211
-0.329,7524
-0.0112,5838
-0.173,8884
-0.137,9844
-0.0135,5698
-0.0525,6760
0.09,3426
0.448,1647
-0.204,9995
0.00857,5042
0.183,554
-0.202,9654
-0.026,5665
0.0832,2867
0.18,435
-0.0716,8390
-0.0954,6611
-0.213,8881
-0.249,9022
-0.24,9141
-0.0311,6461
0.233,1111
0.0945,3894
0.204,1482
-0.374,10020
-0.193,9528
-0.00886,5484
0.115,2249
0.171,2512
-0.354,10153
-0.278,7482
-0.235,9531
0.165,2420
-0.168,10306
0.0724,3372
0.127,3305
-0.72,9958
-0.00188,5433
-0.514,10923
-0.0351,6118
-0.101,9006
-0.122,7552
-0.0838,8812
-0.0108,5822
0.236,655
-0.134,8546
0.107,3222
-0.249,8305
0.339,1456
-0.155,10519
-0.0409,6595
-0.748,10034
-0.295,9406
0.0645,4091
-0.133,9336
-0.0774,7680
0.206,165
0.192,280
-0.136,9333
-0.136,8356
0.0397,3969
-0.141,9791
0.296,240
-0.0116,5597
0.0737,3038
0.0685,3823
0.136,1147
-0.0229,6007
-0.0987,9126
0.232,1786
-0.0348,6563
-0.248,8700
0.0459,4317
0.53,100
-0.163,9797
-0.253,10862
0.000844,5268
0.216,1007
0.262,1394
0.0626,3914
-0.0672,8532
-0.0416,6542
0.138,2680
-0.0966,8867
-0.172,9686
0.0516,3285
0.0299,3602
0.125,2236
0.767,12
-0.316,9898
0.608,585
0.00516,4927
0.0769,2229
0.295,1337
-0.247,10400
-0.0656,6373
-0.152,5758
0.0358,4281
0.0639,3548
0.0251,4752
-0.176,9252
0.0429,4205
0.167,1284
-0.0474,6402
-0.0662,6739
0.0356,4367
-0.0419,6513
-0.483,9931
-0.0346,5568
0.0941,2330
-0.00357,5610
0.0329,4392
-0.282,10751
0.0878,1877
-0.24,9620
0.149,1205
-0.0469,7049
-0.078,6675
0.084,2740
0.204,3120
0.0254,4805
-0.113,9150
-0.0781,9256
-0.0935,7517
0.101,2458
-0.171,7880
0.00745,4855
-0.111,8825
-0.104,8655
0.27,1696
0.273,1623
-0.106,7472
-0.172,9711
-0.0978,5498
0.0933,2054
0.164,1885
-0.0833,7448
-0.0818,6676
-0.2,10429
0.161,1039
0.0203,5020
0.473,1783
-0.0101,5539
0.0112,5291
0.813,10
-0.0425,6390
-0.255,9747
-0.0768,8218
-0.11,7961
-0.0912,8323
-0.568,10200
0.043,2429
-0.113,8879
0.0399,3922
-0.0394,6342
0.219,2361
-0.0973,7913
-0.147,8612
0.0145,4982
0.142,1495
-0.0699,6945
0.0419,3969
-0.316,9141
0.143,2945
0.0358,4245
-0.157,8124
0.367,287
0.27,1890
-0.0821,7512
-0.0805,8042
0.087,3056
-0.139,9121
0.234,1326
-0.164,8181
-0.00151,5393
0.197,2493
0.229,1063
-0.086,7527
0.481,308
0.143,1593
-0.132,9728
-0.00277,5417
-0.284,10310
0.399,455
-0.103,6507
-0.438,10718
-0.327,10116
0.0288,3996
-0.174,10246
0.26,605
-0.187,8806
-0.198,7109
0.471,1176
-0.114,10153
0.0761,3532
-0.268,9412
0.369,407
-0.415,8722
-0.38,10930
0.0339,4086
0.071,2707
-0.331,9056
0.374,389
-0.146,7179
-0.336,10221
0.0945,2940
-0.0926,6728
-0.177,10003
0.0464,4425
-0.141,9274
-0.325,9170
-0.0139,6241
-0.196,10914
-0.01,5785
0.343,1013
-0.167,8266
0.284,1755
0.058,3585
-0.0257,6621
0.38,91
0.000635,5126
0.097,3660
-0.0262,5925
0.0241,3699
-0.15,8496
-0.0174,5436
0.00808,4939
0.229,1213
-0.326,10225
-0.103,7487
-0.0991,10944
-0.0432,6471
0.00167,5427
-0.0983,7025
0.0658,3536
-0.139,10307
0.231,1041
-0.337,7503
-0.149,9041
0.188,2381
-0.131,9106
0.0498,3561
0.0068,4995
-0.144,8602
0.37,385
0.0219,4797
-0.2,10042
-0.0683,8066
0.0167,4424
0.0253,4893
0.11,2465
-0.29,9139
-0.0264,6137
-0.122,8404
-0.124,8709
0.0853,2550
0.108,3348
-0.119,9349
-0.357,9502
-0.0643,9308
0.142,1328
-0.266,9632
0.39,348
-0.147,8461
0.112,2979
0.0632,3163
-0.175,10392
-0.176,8503
0.00829,5108
0.0319,4079
-0.0539,6498
0.00755,5208
-0.172,10094
0.077,3986
0.181,992
0.298,2941
-0.0417,5917
0.3,753
0.171,268
-0.0803,6716
0.013,4890
0.195,1427
0.104,2989
-0.242,10548
0.0109,4757
0.00775,5085
-0.364,8997
0.303,1064
-0.0294,5988
0.0297,4378
0.00268,5117
-0.378,7843
-0.0259,5607
-0.119,7202
0.157,2641
0.0433,2722
0.0182,4669
-0.0516,6188
0.1,2746
0.0946,3020
-0.0503,6367
-0.148,10555
0.0827,2694
-0.282,9790
-0.0637,6303
0.39,501
-0.108,7700
-0.00555,5708
-0.0499,6814
-0.162,8468
0.0131,4906
-0.13,8921
-0.0676,6438
0.0608,3640
-0.00305,5313
-0.184,7313
-0.145,7465
1.73,694
-0.199,8232
-0.0375,6387
-0.0493,6762
-0.0967,6967
-0.105,7240
0.0298,4131
0.0282,4955
0.0159,4764
0.129,1758
0.0276,3213
0.102,3533
0.0257,4395
0.317,1129
-0.146,7874
0.149,1932
0.272,2747
0.638,229
-0.182,9409
-0.148,6628
-0.242,9401
-0.0833,8740
0.0531,4244
0.0532,3668
-0.166,7474
-0.108,8764
0.0433,3995
0.195,1334
-0.154,8067
0.156,2466
0.405,1937
-0.353,10329
-0.321,9918
0.048,4253
-0.101,7009
0.0311,4854
-0.0512,4721
0.024,4763
0.0306,3966
-0.268,9710
-0.239,8651
-0.269,8368
-0.0365,5600
0.0941,2590
-0.15,8589
-0.0377,6627
0.455,708
-0.0743,6921
0.092,3924
-0.0494,5704
-0.296,11008
0.122,2245
-0.154,8185
-0.0929,8922
-0.253,7476
-0.114,7734
-0.0943,8921
-0.0118,5842
0.00539,5134
-0.214,8933
-0.116,5290
-0.402,10781
-0.0557,6894
-0.116,10084
-0.226,9493
-0.005,5359
0.168,2744
0.0288,4413
0.142,2065
-0.0294,6344
-0.453,10657
0.0951,3214
-0.0301,5857
0.0496,4030
-0.00881,5608
0.00604,4983
0.0258,4745
0.00413,4978
-0.0698,5655
0.744,122
0.00936,5215
-0.159,10712
0.0494,4187
-0.207,7242
-0.0672,5907
0.178,1977
0.0404,4224
0.121,718
0.157,2060
0.0199,4684
-0.123,8910
-0.184,8920
-0.257,10534
0.188,342
0.33,1909
0.00661,5060
-0.024,5894
0.0396,4768
0.593,19
0.108,2409
-0.0861,8193
-0.0652,8617
-0.069,6678
-0.335,9875
-0.0352,7023
-0.0419,6030
0.0293,4442
-0.354,10464
0.369,1238
-0.145,8469
0.179,609
-0.0669,6621
-0.139,8763
0.38,1376
-0.0426,6291
-0.396,7964
-0.188,9707
0.26,1588
0.122,3364
0.0322,4684
-0.0844,6835
-0.152,8782
-0.138,8863
0.215,405
-0.124,9532
0.0551,3869
0.0343,4598
-0.149,8386
-0.0308,6466
-0.0111,5601
-0.101,7884
-0.187,10642
-0.0554,5645
-0.33,10605
-0.0779,8600
0.091,2578
-0.0492,6465
-0.132,7992
-0.105,7366
-0.152,9030
-0.224,10519
-0.132,8984
0.0217,4604
0.269,922
-0.232,8978
0.141,3311
-0.238,10616
0.00598,5406
-0.0711,6407
-0.423,8146
-0.118,9092
-0.0446,6403
0.255,666
-0.181,8708
0.602,44
-0.115,9636
-0.0789,7225
0.0292,4327
-0.187,10406
0.026,3847
-0.109,10143
-0.0773,8478
-0.073,7887
0.16,1291
-0.225,10127
-0.149,7630
0.253,589
-0.159,8937
0.0485,4183
0.267,1032
0.104,2500
0.157,590
0.381,1596
0.391,236
-0.0989,9444
0.378,210
-0.205,7055
0.146,2791
0.0391,4171
0.14,2163
-0.0485,6921
0.0682,3959
0.0179,4781
-0.0558,6262
-0.0617,7103
0.0196,4854
-0.383,8836
0.324,406
-0.255,9815
-0.144,7960
0.109,2967
-0.0546,7239
-0.0424,6319
0.383,168
-0.0465,6064
-0.000627,5298
-0.0837,7349
-0.304,9966
0.0651,3768
-0.0608,5668
-0.0303,6044
-0.0588,7008
-0.00649,5435
0.179,1354
-0.0538,6106
-0.512,9931
0.0674,3936
0.119,2421
-0.025,6490
-0.0372,5924
0.0828,3355
-0.358,9692
0.0179,4569
0.0406,3330
0.388,465
0.176,1900
-0.00574,5694
-0.17,9718
0.0484,3593
0.208,2112
0.354,1383
-0.105,9001
-0.0472,6236
0.321,359
0.124,2068
-0.0261,6075
-0.247,9331
-0.116,7237
0.215,2697
-0.386,9355
-0.165,10034
-0.173,10559
0.156,1821
-0.324,9855
-0.0688,6439
-0.131,7021
-0.156,9848
-0.0715,6574
-0.145,9081
-0.191,9407
-0.18,10308
-0.0189,5699
0.128,2470
-0.0797,7188
-0.00666,5400
-0.0891,7803
-0.466,10381
-0.437,10255
0.0297,4328
0.0161,4455
-0.0516,6500
-0.0232,5645
-0.155,8269
-0.462,9269
-0.022,6015
-0.29,10780
-0.0679,6885
0.0931,3543
0.36,541
-0.111,7279
-0.0159,6393
-0.119,8540
0.0956,3147
-0.138,8083
-0.0131,5563
-0.00605,5356
-0.0779,8099
-0.0133,5655
0.107,3912
-0.189,7671
-0.225,7676
0.0455,4381
-0.0392,6779
-0.0741,7903
0.274,1194
-0.251,10521
-0.175,7994
-0.185,7769
-0.236,10390
0.00362,5173
0.0762,3706
-0.158,8302
-1.21,9980
0.00589,5279
0.124,1971
0.165,2330
-0.106,7802
-0.0695,6174
-0.855,9269
0.0573,4444
0.0452,3375
0.0475,4252
-0.226,9671
0.447,196
-0.359,9354
0.0189,4955
-0.0883,8005
-0.119,8113
0.204,2528
0.135,2767
0.252,1475
-0.124,8736
0.0285,4582
-0.136,9254
-0.0195,5522
-0.0698,7225
0.047,3847
-0.458,9338
-0.0269,6241
0.158,2003
-0.16,9620
0.111,2378
-0.243,10106
0.00975,4676
-0.367,9722
0.328,377
0.618,561
-0.167,9738
0.953,356
-0.107,7109
-0.191,10556
-0.0487,6219
-0.0474,7276
0.148,2473
-0.0356,5367
0.0837,4128
0.0181,4409
0.0886,2439
-0.228,9333
0.0901,4061
-0.0514,5981
0.0855,3195
-0.105,9558
0.0504,3728
0.292,455
-0.258,10238
0.338,2137
0.151,1380
-0.0172,5681
0.136,2270
-0.0911,8224
0.0801,3796
-0.187,9221
0.0661,3882
0.122,2239
-0.0129,5992
-0.281,8607
0.0132,4798
-0.0412,6299
-0.139,8802
-0.295,10191
-0.227,9453
0.135,2469
-0.197,9864
-0.21,10010
0.21,2421
0.0557,3621
-0.212,8459
-0.102,7789
-0.179,10429
0.147,2408
-0.158,9282
0.045,2820
-0.134,10103
-0.179,8406
0.065,3900
0.179,2246
-0.261,10999
-0.227,9894
-0.228,9994
0.272,3282
0.284,1155
-0.531,10544
0.187,2528
-0.059,5868
-0.00546,5635
-0.325,10321
-0.283,9876
-0.126,8931
0.123,3427
0.209,732
-0.0168,6443
1.05,69
0.102,2859
2.69,68
0.00961,5129
-0.105,7603
-0.183,10399
-0.218,9179
-0.278,9787
0.109,2904
0.148,2158
-0.0656,8144
-0.191,10358
0.0381,4613
0.27,1111
-0.0987,7439
-0.349,5821
-0.161,7588
-0.0635,7885
-0.0393,6368
0.184,2287
2.23,224
-0.362,10465
-0.0234,5981
0.0753,2471
-0.187,10571
0.0672,3385
-0.024,6014
-0.0687,7383
-0.0376,6631
0.0399,4291
-0.233,9811
-0.434,9964
0.427,1052
-0.00345,5197
-0.0783,7465
-0.1,8200
0.247,1376
-0.234,9367
0.0315,4286
-0.48,10925
-0.207,10480
0.148,1833
-0.388,10825
0.141,1039
-0.123,7289
-0.38,10129
-0.0555,7950
-0.0115,5996
-0.184,9251
0.0122,4907
0.5,59
0.29,1000
-0.0436,7652
-0.119,9549
0.107,2362
-0.0618,6079
-0.289,8347
0.115,2542
-0.0212,6352
-0.0412,6944
-0.00827,5092
0.106,3540
0.0578,4305
-0.0337,4720
0.128,633
0.172,628
-0.131,6854
-0.235,10567
-0.466,9355
0.0146,5176
0.0095,5165
0.0911,1913
-0.0225,5621
0.234,132
-0.263,8138
0.0633,4156
0.069,3794
-0.116,9537
-0.0192,5755
0.964,191
0.121,2147
0.752,898
-0.134,8723
0.0572,3435
-0.185,8764
-0.5,10898
-0.194,9584
-0.326,8753
-0.25,10764
-0.303,10895
0.503,1782
-0.455,6500
0.1,2702
-0.00971,5901
-0.344,9867
0.09,3987
0.015,4944
-0.0333,6256
-0.154,9424
-0.105,7175
0.121,3864
-0.349,9204
0.355,1193
0.0256,3929
-0.021,6122
0.0274,4620
-0.0744,7884
0.0707,3240
-0.182,9715
-0.0464,7273
0.0697,3094
-0.0074,5602
-0.0481,6426
-0.289,9814
-0.0255,5966
0.468,27
0.0626,2937
0.368,772
0.337,553
0.346,805
-0.0731,6507
0.274,868
-0.014,5874
-0.425,9243
0.832,173
-0.114,8770
-0.0664,6510
-0.0293,6355
0.26,215
-0.277,7685
0.151,2973
0.603,376
-0.0544,8270
-0.0948,9552
-0.0219,6489
-0.0896,4344
-0.476,7898
-0.502,8866
0.0548,4452
-0.137,9212
-0.00666,5441
0.306,2971
-0.265,7542
0.103,3828
0.0912,4115
-0.369,8282
0.0283,4455
0.762,13
-0.0042,5165
0.139,1382
-0.0545,7671
-0.165,7856
0.331,2266
-0.235,7295
-0.446,8799
-0.0818,7013
-0.149,8486
-0.234,10573
-0.0142,5562
0.336,781
-0.0434,6383
-0.171,8874
0.196,1364
-0.0387,6243
0.442,138
0.0891,4011
0.0343,3726
0.0413,3573
0.0257,4707
-0.0441,6594
0.0461,3995
-0.162,9609
-0.0858,6971
-0.175,9751
0.112,1214
-0.105,4460
0.162,3191
0.411,1094
-0.0754,6435
0.197,1440
-0.109,7365
-0.716,9925
-0.0658,6463
0.0256,4834
-0.304,9936
0.11,1180
0.535,756
-0.25,7990
-0.555,7329
0.0077,5207
0.0584,2753
0.0436,1638
-0.113,7617
0.08,3676
0.141,3118
-0.266,10481
0.216,531
0.111,3222
0.332,304
-0.0571,6587
0.0352,4762
-0.282,9978
0.118,2822
-0.0489,7927
-0.645,10942
0.098,3377
0.118,3666
-0.145,10202
-0.094,8496
-0.0249,5805
-0.163,9101
0.502,19
0.485,636
0.123,3287
-0.179,8005
0.0998,1875
-0.33,10117
-0.0723,6510
0.00674,5173
-0.181,10508
-0.0182,6377
0.191,751
0.236,2088
-0.257,9483
-0.0372,6525
-0.473,9486
-0.0119,5902
-0.0488,7061
-0.0973,6654
0.077,3866
0.163,2326
0.0243,4807
0.184,1112
0.301,1300
0.508,269
0.284,1055
0.0808,3668
-0.00356,5755
0.0893,2318
0.116,2144
0.161,3320
0.159,1857
0.0652,3995
-0.00994,6055
-0.114,8799
0.0134,4701
-0.015,5705
-0.291,9527
-0.026,5815
0.0322,4525
0.173,2011
-0.093,9052
0.127,1598
-0.073,7296
-0.138,7137
-0.0864,6839
-0.212,10479
-0.0102,5635
0.194,1446
-0.0195,5996
-0.115,7783
0.0398,4345
0.0819,2821
-0.271,10733
0.0848,3727
0.0935,3436
-0.15,8516
0.363,159
0.144,2133
-0.162,10714
0.0963,2676
-0.105,7662
0.0984,2186
-0.223,10476
0.138,1535
-0.296,9650
-0.0499,6648
0.196,312
-0.193,5013
-0.0983,9075
-0.162,8881
0.0631,3709
-0.786,10057
0.214,2571
0.381,776
0.0336,4203
-0.0429,6834
0.0219,4717
-0.038,6150
0.346,384
-0.202,9867
-0.163,9553
0.0013,5414
-0.219,8110
-0.156,9452
-0.229,9354
-0.362,10826
0.0769,3865
-0.159,10378
0.124,2216
-0.202,9435
-0.147,9778
-0.0212,5174
0.0614,3867
0.0628,3500
-0.462,10442
-0.717,10968
-0.0551,5814
0.0286,4344
0.702,86
-0.247,10049
-0.26,9672
-0.209,8433
-0.126,7505
-0.169,9332
0.0355,4067
0.00244,5343
0.0633,3988
0.0245,4535
0.0048,5132
-0.177,9775
0.243,1070
-0.157,8748
-0.108,8345
-0.147,8654
-0.109,8702
0.102,2599
-0.149,8499
0.0187,4841
-0.123,8847
-0.0412,5873
-0.226,10023
-0.198,10976
0.025,3804
-0.27,10362
0.186,1390
0.213,1576
-0.0791,6448
0.0606,3723
-0.0991,7516
0.121,3298
0.212,1743
-0.0609,6990
-0.358,10468
0.184,1312
-0.0734,7079
-0.0088,5653
-0.145,7123
-0.226,5898
0.0678,3999
-0.108,7012
0.0996,1112
-0.222,9983
-0.333,9126
0.161,2508
0.0492,3971
0.137,437
-0.0614,8581
-0.0306,5722
-0.1,9033
0.372,438
0.134,1627
0.053,3479
0.243,521
0.137,2317
0.0833,3825
-0.00351,5569
-0.221,10203
-0.0535,7274
-0.0236,6572
0.541,53
-0.151,9087
-0.161,8157
-0.0273,6505
-0.145,7828
-0.0808,8031
0.792,0
0.0564,3598
0.303,2392
-0.134,7712
0.0724,3257
-0.0278,6043
-0.121,7879
-0.169,8973
0.418,1026
-0.22,9893
0.174,820
0.0095,4858
0.0595,3871
-0.211,7766
0.0396,4296
-0.187,9702
-0.0215,6658
0.0859,3036
-0.00228,5342
0.0616,4191
0.1,3163
0.143,2905
-0.0901,7888
0.235,1096
-0.16,8924
-0.00301,5548
0.955,83
-0.547,8755
0.225,693
-0.0503,7622
-0.291,10345
-0.113,7514
-0.171,7963
-0.0354,5905
0.0918,2899
0.00373,5375
-0.148,8306
0.476,78
-0.0676,6630
-0.0717,7585
-0.0462,6642
-0.0418,6786
-0.0553,6096
0.453,50
-0.035,5802
-0.538,9022
0.031,4615
0.378,417
-0.215,9276
0.0108,4831
0.426,103
-0.0453,6202
-0.0931,8966
0.00883,4991
-0.267,10096
0.0688,3584
-0.116,8185
-0.286,10476
0.0254,4439
0.176,1340
-0.0813,7869
-0.133,9093
0.116,3450
-0.141,9306
0.0817,3782
-0.0904,7192
-0.118,8941
0.069,4593
0.534,146
-0.0344,7594
-0.0376,6862
0.104,2295
-0.132,8580
0.0232,4681
-0.25,10077
0.0781,1850
-0.104,9051
0.106,3049
0.118,2385
0.0153,4828
-0.551,10598
0.026,4275
-0.159,8441
0.022,4690
0.366,1074
0.523,878
0.213,2529
0.0196,4753
-0.0714,7906
0.00429,5233
-0.186,8861
-0.28,8793
0.0188,4754
-0.0573,7336
0.165,1155
0.401,864
-0.175,9405
0.611,117
-0.0984,6413
-0.264,9587
-0.133,8770
-0.319,8987
0.226,925
0.0594,4044
-0.0909,6022
-0.18,8982
0.0231,4449
-0.384,10181
0.233,1092
0.561,71
-0.274,9783
-0.04,6583
-0.251,10059
-0.151,9119
0.0746,3740
0.114,3584
-0.291,9346
0.253,937
-0.0196,6188
0.299,914
0.0867,3649
-0.00177,5127
0.174,2547
-0.0391,6823
0.033,4401
0.262,439
-0.0492,6108
-0.0186,6066
-0.138,8086
0.48,310
0.0774,2772
-0.0727,6676
0.442,284
0.337,390
-0.0749,6315
0.0189,4669
0.0545,2651
0.171,1910
-0.15,9348
-0.484,8473
-0.233,9231
-0.0946,6910
0.0167,5016
0.0831,2868
-0.0367,5738
0.102,3698
-0.0782,6740
0.162,1108
-0.0305,7076
0.0759,3955
-0.0356,6329
0.285,898
-0.0859,7639
0.000986,5129
0.0965,2826
0.169,3506
-0.152,8482
0.371,1032
0.019,5147
-0.224,10248
0.0401,3746
-0.258,9627
0.501,784
-0.246,9454
0.278,3219
-0.0686,9078
0.0513,3787
0.19,2830
0.0676,3161
0.854,283
-0.209,9508
0.134,1743
0.0807,2701
0.126,2884
-0.171,7944
-0.169,7592
-0.187,7979
-0.197,10156
0.148,2433
-1.07,10188
-0.162,10103
-0.0421,6773
-0.0643,6827
0.0958,1609
-0.0127,6122
-0.199,8866
-0.0799,7214
0.283,2239
-0.165,10050
-0.215,9934
0.208,1462
-0.343,9999
-0.222,9957
0.0673,3301
-0.0896,7271
-0.109,8945
-0.258,10753
-0.336,8235
0.205,800
0.108,1936
-0.398,10696
-0.0733,7893
-0.0109,6260
0.0723,4318
0.0152,4274
-0.113,8387
-0.157,8235
-0.0118,5453
0.167,1148
-0.176,9111
-0.292,10346
0.359,755
0.137,795
-0.0532,8360
-0.106,8036
-0.218,9190
-0.219,7255
0.0143,4859
-0.169,7130
-0.398,10765
0.479,284
-0.0496,7162
0.139,1775
-0.26,10296
-0.125,8511
0.0723,1134
0.0087,4796
0.862,47
-0.034,6086
0.26,3025
-0.165,8855
0.0941,2538
-0.375,9250
0.0895,3213
-0.142,8091
-0.218,8215
0.5,645
0.104,3140
1.84,69
0.123,2059
-0.4,10735
-0.0574,6360
0.636,919
-0.0459,6415
-0.0871,8597
-0.056,7058
0.182,2057
0.0228,4608
0.607,88
-0.0357,6214
-0.0628,6950
0.17,1538
-0.333,10600
0.055,3910
-0.271,9314
1.75,209
-0.535,10821
0.0996,2979
-0.257,10083
0.0121,4646
0.114,3498
-0.0237,6026
0.0666,2815
-0.0179,8163
0.142,3073
-0.0713,6399
0.159,2889
-0.0237,5679
-0.027,5980
-0.191,10373
0.0355,4078
-0.149,9247
0.237,1396
0.262,2057
-0.128,9833
0.263,658
-0.0642,7050
0.0725,3306
0.0464,4329
-0.0466,5902
0.0178,4066
0.0149,4911
-0.0287,6012
-0.0759,8396
-0.023,6157
-0.448,10388
-0.255,9867
-0.152,8939
-0.279,9495
-0.126,7865
-0.141,9339
0.279,640
0.0875,3122
-0.261,10435
-0.073,6682
-0.131,8025
0.0798,3117
0.217,814
0.105,3226
-0.48,9786
-0.153,6700
0.204,1319
0.136,1761
0.0351,3721
2.13,16
-0.149,8530
0.886,47
0.0111,5045
-0.166,10049
-0.169,9327
0.105,1781
-0.0878,8044
0.103,3062
0.383,776
0.11,2073
0.142,270
-0.299,9935
-0.138,8154
0.168,2620
-0.422,9563
-0.0583,7086
0.00967,5158
-0.176,8839
-0.104,8331
-0.276,8081
-0.21,10656
0.145,1589
-0.175,9127
-0.249,5341
0.35,134
-0.339,9273
-0.0229,5569
0.117,1692
-0.0511,6837
0.156,1506
-0.133,7348
0.0523,4369
-0.18,9794
0.0309,4061
0.0487,3896
0.0217,4882
0.0531,4075
0.0242,5083
0.141,1577
0.0481,4566
0.148,1959
-0.00218,5210
-0.023,6316
0.168,1852
0.168,2072
0.0136,4632
0.227,1517
-0.0357,6296
0.303,627
-0.0445,6458
0.065,3557
-0.106,7935
-0.353,9851
-0.0743,7599
-0.268,9140
0.219,1631
0.294,719
-0.00446,5652
-0.0138,6008
0.0491,4628
-0.278,10416
-0.124,8104
-0.0691,8435
-0.258,10466
-0.168,10838
-0.301,9644
0.0477,3910
-0.26,10302
0.0967,3744
0.553,54
0.00882,5133
0.00213,5247
-0.0704,6857
-0.161,7275
0.182,1621
-0.0696,8376
0.345,885
-0.128,7662
0.0989,2267
0.358,554
0.0266,4612
0.148,2712
0.157,1477
-0.0621,6820
-0.0647,5677
0.18,3876
0.203,859
0.0955,2056
-0.0961,7700
0.122,2810
0.00492,5399
-0.379,10326
-0.276,8594
-0.0507,7027
0.089,2225
-0.0168,5412
-0.174,8394
0.266,843
0.139,2197
-0.0716,7310
0.462,155
0.185,1081
0.0132,5239
0.356,443
0.198,1880
0.0664,2888
0.0237,4731
0.229,1652
0.35,122
-0.189,8136
0.225,2141
0.166,1914
-0.078,7806
-0.0983,7522
-0.131,7981
-0.355,10645
0.0336,4686
-0.194,7878
0.0156,5049
-0.143,7647
-0.139,8463
0.0632,3839
0.1,3229
-0.0741,8554
0.052,3558
-0.143,8148
-0.154,7492
-0.451,10077
-0.0168,5711
0.0181,4771
-0.242,10375
-0.245,10511
0.828,24
0.351,130
-0.33,10591
0.0993,3289
0.0158,4859
0.186,2781
0.306,1727
-0.103,8546
-0.37,9889
0.346,61
-0.0506,7645
-0.0612,6972
0.187,1550
-0.0682,7753
-0.0064,5572
0.309,420
0.219,1339
0.172,1161
0.0482,4262
0.333,2173
-0.141,10093
0.246,979
0.081,3217
0.113,2477
-0.164,8259
-0.21,8172
-0.227,8862
-0.0219,5932
-0.186,10180
-0.375,10393
0.249,1442
-0.164,10121
0.0137,4885
0.0962,1476
-0.0646,8239
0.45,617
-0.233,7582
-0.182,8334
-0.076,6997
-0.0815,8092
-0.0927,8617
-0.0418,6316
-0.158,9291
0.877,153
-0.305,9999
0.383,318
0.0112,4740
0.178,2138
-0.0984,8225
-0.0477,5013
-0.295,9932
-0.0645,8238
0.0735,3401
-0.07,7584
-0.224,9533
-0.0209,6332
0.0222,4653
-0.0202,5957
0.0369,4379
0.144,1623
-0.352,10293
0.0266,4594
-0.0162,5830
0.0761,2704
-0.11,9176
0.0986,2247
-0.29,8300
-0.281,8480
-0.0395,6212
-0.174,9267
-0.00362,5461
-0.222,8750
0.319,1411
-0.158,8030
-0.142,7492
-0.0926,7972
-0.114,7551
-0.177,8503
0.0142,4870
-0.0205,5712
0.0554,4631
-0.0742,8940
-0.0142,6176
-0.0689,6610
0.331,880
-0.0743,7382
-0.178,10087
-0.157,9674
0.117,2374
-0.217,10277
-0.312,10404
0.514,1364
0.14,3465
0.245,836
0.0769,3337
0.0783,3019
-0.23,10093
0.0171,4752
0.747,1
0.131,1221
0.0525,2914
-0.135,7512
0.0757,3278
-0.0777,6234
0.364,455
0.178,944
-0.149,9184
0.393,321
-0.438,10940
-0.272,7967
0.568,806
0.0806,3479
-0.0606,9364
0.212,1108
0.0979,2606
0.132,2449
-0.349,9041
-0.243,9495
-0.0523,7011
-0.591,10819
-0.221,8853
-0.0741,6353
-0.102,7995
-0.0388,6237
-0.142,9905
-0.174,9998
-0.327,9866
0.0973,3341
-0.00877,5211
-0.0509,7069
-0.0287,6874
-0.243,8455
0.155,2228
0.287,1847
0.159,1701
-0.008,5622
-0.059,7616
0.136,2982
-0.142,8534
-0.0832,7025
-0.443,9733
-0.0355,6125
-0.11,8871
0.0487,3967
0.0623,4172
-0.0977,8206
-0.00813,6197
0.114,1626
-0.141,9840
-0.151,9807
0.271,1864
0.0982,3207
-0.0395,6965
0.56,188
0.0386,4429
0.137,2742
-0.0457,6629
-0.182,8023
-0.245,8258
-0.285,10713
0.0358,3712
-0.135,8698
0.00514,5435
-0.136,7055
0.0468,4125
0.181,1883
-0.0424,6993
-0.235,8776
-0.113,7720
-0.3,8202
-0.0693,6343
-0.122,9026
0.197,574
-0.237,8990
-0.00601,5314
-0.201,9921
-0.0647,7520
0.115,3048
0.0973,2278
0.145,2225
0.184,976
-0.287,10639
0.201,2453
0.225,1841
-0.0572,6701
-0.118,8545
-0.0819,6872
0.0873,3474
-0.156,8914
0.0564,3162
-0.172,8134
-0.311,9610
-0.156,7867
0.293,256
-0.0671,7634
0.0352,3906
0.034,3837
0.0265,4623
0.257,2029
-0.202,9424
0.17,2155
0.0437,3209
0.0554,3572
-0.132,6862
0.136,2443
-0.0749,6545
-0.245,9951
-0.244,9485
-0.0366,7113
0.119,2591
-0.0882,6448
0.0373,4553
0.0275,4638
-0.0964,6798
0.136,1769
-0.0959,7922
-0.0417,5868
0.381,1134
0.126,2513
-0.0501,6743
-0.249,10800
0.0577,4141
0.282,659
0.0315,4842
-0.0408,6532
-0.128,8759
-0.023,6191
-0.0718,6924
0.541,314
0.32,953
-0.627,10893
0.0425,3164
0.154,924
-0.0404,7088
-0.104,6625
-0.0148,5393
-0.00248,5078
-0.106,8762
0.142,2375
0.284,1073
0.19,849
0.0123,4683
-0.245,10914
-0.0431,6659
0.0926,3170
0.069,3364
0.0283,4825
0.382,1052
-0.127,9109
-0.0695,8883
-0.104,7602
-0.338,10885
0.0817,3085
0.0863,4131
0.125,1615
-0.101,8654
-0.104,8338
0.443,177
-0.217,7463
0.236,2876
-0.432,10749
-0.0118,6119
-0.373,10284
0.0137,4823
-0.481,10830
-0.387,8930
0.00702,5077
-0.167,9888
-0.188,7768
0.00499,5232
-0.0954,7403
0.501,13
0.0659,2260
-0.124,9495
-0.262,10136
-0.114,6795
-0.177,6157
-0.264,10144
-0.0515,9607
0.0623,3133
-0.313,10682
0.119,1592
0.0649,4041
-0.393,9960
-0.0297,5967
-0.275,10763
-0.0673,7248
-0.288,10447
-0.129,9206
-0.13,6458
0.112,2319
0.0322,4180
0.0312,4630
0.219,2361
-0.327,8691
-0.268,9996
0.128,2571
-0.22,7253
-0.167,8646
0.223,1104
0.546,61
0.161,2002
-0.0576,7803
-0.182,9421
-0.0107,5660
-0.164,8730
0.138,2805
-0.0321,5370
0.0203,4908
-0.0788,8306
-0.00827,5735
0.0262,4550
-0.273,6967
0.304,1780
0.0144,5014
-0.0416,7866
-0.00996,5409
-0.0284,5511
-0.295,9330
0.213,693
-0.234,8960
-0.0418,6518
0.0218,4923
-0.143,9075
0.00659,5068
-0.000548,5635
-0.168,10566
0.196,294
-0.21,5674
-0.805,9447
0.0125,4977
-0.267,9963
0.0336,3393
0.144,1455
-0.101,6046
-0.56,10672
-0.054,5900
-0.224,8189
0.0886,2362
-0.0415,6386
-0.355,10306
-0.136,7719
0.105,3728
-0.0668,6577
-0.114,8080
0.381,663
-0.124,9791
0.141,1715
0.0204,4588
0.0105,4958
-0.0666,7522
0.11,1782
0.292,1353
-0.0507,5448
0.73,120
0.0701,4092
0.101,2456
0.158,1845
0.245,1411
-0.187,8109
-0.257,8564
-0.172,8662
-0.0329,7431
-0.0367,6279
-0.177,8478
0.0147,4792
0.0187,4773
0.034,4503
-0.141,8792
-0.0988,7381
-0.303,10503
0.000256,5448
0.508,448
0.691,324
-0.0928,9243
-0.271,10878
0.211,2073
0.0315,4733
0.0213,4837
-0.435,9948
0.181,524
0.203,959
-0.254,9757
-0.0658,6707
-0.255,10059
-0.102,5356
0.395,32
-0.18,9690
0.177,3051
0.224,878
-0.0222,5886
-0.109,6928
-0.0281,6626
-0.259,10599
-0.063,7140
-0.0107,5673
-0.301,10434
-0.0333,5685
-0.124,7674
0.694,12
0.334,872
-0.265,6774
0.157,2651
0.0436,3571
-0.0405,6685
-0.124,10405
-0.362,5788
-0.0566,5990
0.0372,3281
0.208,2208
-0.26,10938
0.0375,3892
-0.295,10561
-0.43,10577
0.0338,4647
-0.227,8435
-0.166,10420
0.0463,3962
-0.0314,6411
-0.302,9494
0.014,4911
-0.484,10839
0.203,1318
-0.00647,5464
-0.295,9643
0.63,136
0.189,2255
0.238,1631
0.0968,3465
-0.0472,7451
-0.112,7522
0.000905,5223
-0.116,6413
1,574
0.103,3152
-0.106,9979
-0.0436,6493
0.018,5057
0.179,2807
-0.307,10254
0.0431,3841
-0.228,9376
0.106,3766
0.137,3123
-0.00704,5103
0.0489,3823
-0.0181,5871
0.0816,3235
-0.104,8536
-0.0814,8841
0.0716,3986
0.00261,5052
-0.071,7164
-0.078,7821
-0.1,7202
-0.0798,7369
0.212,2037
-0.0524,6067
0.104,2175
-0.102,7632
0.0286,4426
-0.0819,7418
-0.456,10553
-0.122,8492
0.232,237
-0.3,10928
0.153,1972
-0.0966,7931
-0.216,10404
-0.353,8705
0.0633,2976
0.147,2374
-0.0705,6836
-0.0967,8102
0.0512,4320
-0.0119,5286
0.031,4078
0.0928,2716
-0.0431,7055
0.372,1088
0.514,714
0.351,269
0.256,1291
0.0506,3291
-0.206,10294
0.0774,3143
-0.251,7938
-0.0322,6327
-0.022,6067
0.15,1084
-0.0274,6203
0.201,2662
0.451,367
-0.453,9344
0.0363,3799
-0.0726,7224
-0.27,9314
-0.318,10377
0.0837,2549
0.235,293
-0.0475,6507
0.00927,5080
0.0693,3087
-0.22,10574
-0.0965,6977
0.328,694
-0.176,8301
-0.179,8283
-0.341,9415
0.583,245
0.0649,3640
-0.0988,8152
-0.12,7865
-0.288,8181
0.00639,5011
-0.0822,7366
-0.243,10649
0.22,7
0.116,2959
0.0695,3317
-0.0991,7202
0.34,254
0.0752,2168
0.0193,4843
-0.14,8561
-0.385,10679
-0.249,8361
0.0937,3038
-0.0192,5726
-0.0501,7264
-0.064,5976
-0.203,9743
-0.34,10358
-0.106,7539
-0.0581,7841
-0.121,9443
0.0148,5020
0.0645,3279
-0.0431,5974
0.0306,4050
0.00315,5235
-0.242,10391
-0.228,10547
-0.0182,5739
-0.0221,6534
-0.0837,7932
-0.0843,7977
-0.324,10617
0.217,758
-0.186,9039
-0.065,5529
0.134,2545
0.0796,1796
0.51,20
-0.0272,7037
0.367,1006
0.265,1395
0.0496,3429
0.0751,2249
-0.0275,6074
0.748,224
0.0272,4628
-0.181,8981
0.437,71
0.018,4775
0.15,1793
0.15,2233
0.161,2444
0.0586,3842
0.0484,3774
0.115,2571
0.0727,3728
-0.196,9301
0.0234,4560
-0.00327,5154
-0.00664,5943
0.169,1254
-0.058,7205
0.0138,5054
0.0587,3975
0.149,3086
0.175,713
0.0444,3939
-0.0262,5671
-0.162,9428
0.0319,4539
-0.139,9658
-0.117,8425
0.146,1534
0.212,2982
-0.378,10995
0.0875,3744
-0.382,9978
-0.139,8504
-0.0931,8328
0.105,2929
0.0161,4980
-0.0155,4969
-0.0126,5901
0.00673,5090
0.239,1018
-0.0276,6184
-0.165,7857
-0.188,8730
0.311,748
0.0222,4511
-0.148,8730
-0.119,8350
-0.399,10605
-0.0732,7488
-0.158,9722
-0.129,8974
-0.219,8221
-0.291,10391
0.0945,3857
0.733,45
-0.223,9736
-0.341,10609
0.206,2227
-0.226,10417
-0.0685,6558
-0.366,9529
-0.0371,7588
0.0266,4725
-0.301,9957
-0.139,7154
-0.0145,5567
0.129,2594
-0.225,10824
-0.232,10732
-0.292,9875
0.162,2578
0.217,1550
0.167,1310
0.518,276
-0.217,9900
-0.178,8224
-0.299,10236
0.0625,3586
-0.0852,7140
-0.0163,5847
0.137,2503
-0.0154,5671
-0.0513,5842
-0.178,8760
-0.276,10215
0.232,355
0.0224,4732
0.159,1490
-0.116,8314
0.0714,2802
-0.109,8768
0.0707,2674
-0.125,9384
-0.0325,6566
0.0284,4610
-0.164,10815
0.0631,4072
0.193,481
0.151,482
0.397,176
0.0961,3511
0.0386,4498
0.232,1610
-0.102,7735
-0.0682,9694
-0.161,9187
-0.0228,5943
-0.268,10688
-0.0956,6832
-0.0773,6960
0.0169,4613
0.211,1003
-0.118,8136
0.199,2414
0.00319,5332
0.113,1412
0.0239,4733
0.191,1613
0.744,118
0.0477,3474
-0.0675,6027
-0.0591,8411
-0.152,10561
0.755,134
-0.31,9000
-0.0337,5890
0.19,3444
-0.125,8247
0.0196,4784
-0.127,7037
0.116,2779
0.0169,4867
-0.0174,5427
0.0419,3710
0.0679,3437
0.115,2404
-0.134,8903
0.00621,5133
-0.525,10091
0.221,1644
-0.241,10912
-0.0512,6823
-0.388,10958
-0.261,10518
-0.145,9768
0.163,1715
0.028,4536
0.111,3504
-0.131,8803
0.13,2348
-0.144,5873
0.241,543
0.00764,5392
-0.179,7024
0.104,4237
-0.0655,6645
0.216,2286
-0.0146,5951
-0.145,8734
-0.282,10392
-0.0663,6281
0.0167,4752
-0.102,7912
0.138,1559
0.071,1759
-0.281,10465
-0.0255,5483
0.189,1677
0.03,4633
0.0405,3661
0.262,469
-0.555,10467
-0.068,6361
-0.214,9381
0.264,446
-0.139,9411
-0.0596,6605
0.252,1119
0.572,39
-0.323,7633
-0.199,9629
0.305,2254
-0.062,7755
-0.0239,6086
-0.134,8106
-0.143,8893
0.0392,4562
-0.0339,6815
-0.0764,6254
0.0535,4267
-0.0336,5872
-0.247,9386
0.256,1566
-0.0186,5750
0.0838,3124
-0.086,6879
0.103,3321
0.226,382
0.0627,3631
0.196,1109
0.0435,4330
-0.0564,7602
0.0842,2994
0.111,1470
-0.234,10720
0.0825,2795
-0.0701,8082
0.0558,3131
-0.237,8969
-0.0746,8928
0.32,1001
-0.159,9307
-0.252,9872
-0.113,8573
-0.105,7871
-0.219,10609
-0.105,8117
-0.109,8793
-0.124,9987
0.215,1017
-0.262,10587
-0.178,8342
-0.33,8989
-0.122,10104
-0.149,10860
-0.132,8681
0.0653,3902
0.0757,3402
-0.0383,6075
0.00843,4772
0.0786,3372
-0.104,6815
0.403,756
0.138,2811
-0.284,9810
-0.209,9274
0.0996,2653
1.17,316
-0.102,5664
-0.0353,6395
0.12,3754
-0.197,9003
-0.269,9227
-0.147,8082
-0.213,7626
-0.0343,6398
-0.173,8709
0.026,4673
-0.0999,7519
-0.0656,6080
0.629,75
0.0954,2210
0.262,835
-0.155,9739
0.0622,3489
-0.176,8113
-0.192,9709
0.076,1435
-0.103,8363
-0.282,10335
1.08,93
0.196,520
-0.0425,7539
0.259,1216
-0.11,6995
-0.117,7392
-0.318,8375
0.094,4093
0.0195,3789
-0.0947,10176
-0.266,9857
0.0423,4468
0.14,1939
0.755,26
-0.44,10932
-0.133,9218
-0.107,8601
0.111,3253
-0.0621,7474
-0.117,7504
-0.0928,8429
-0.188,10673
-0.0365,6845
-0.0932,7546
-0.237,9789
0.365,623
0.367,1556
0.036,4310
0.109,1726
0.0369,4143
-0.188,7098
-0.0014,5174
0.0279,4639
-0.169,9457
-0.15,10057
0.0476,3924
0.116,3097
-0.0394,6761
0.0674,3804
0.0236,4666
-0.0624,8528
-0.0356,6500
-0.0898,8130
0.0558,4412
0.732,335
-0.13,9529
0.229,1227
0.472,153
0.107,3067
-0.118,8317
-0.00317,5637
0.157,3419
-0.115,8182
-0.164,8736
0.0451,4289
0.256,2197
-0.0829,7257
0.0797,2441
-0.105,9510
0.0761,4085
-0.0329,6209
-0.227,9961
-0.0324,6788
-0.0861,7636
0.346,54
-0.0116,5864
-0.0582,6297
0.13,2207
-0.608,10755
-0.309,10489
0.15,1472
-0.0722,6677
-0.078,7555
0.366,2004
0.656,716
0.125,2241
0.0286,4291
-0.243,10157
0.0828,2717
-0.158,8913
-0.0864,7603
0.788,78
-0.176,10385
0.0327,4111
-0.183,8791
0.056,3798
-0.226,9058
-0.28,10074
-0.425,10959
0.0872,3168
-0.0876,7313
0.153,1871
-0.431,10745
0.0231,3999
-0.0652,6062
-0.0349,6255
0.169,1302
-0.194,9487
0.326,2865
0.0876,1931
-0.0391,7423
-0.286,9271
0.234,2366
-0.265,8762
0.972,870
-0.0587,7113
0.144,1138
-0.0354,6335
0.0394,3972
-0.109,6897
-0.00321,5489
0.0221,4759
0.443,294
-0.338,10763
0.259,2286
-0.306,10270
0.283,183
0.12,2870
0.273,1298
-0.225,10317
-0.232,8904
0.0404,4495
0.196,1267
-0.126,7380
-0.0322,6877
0.0763,3124
-0.00321,5523
-0.111,6731
0.0229,4633
-0.0815,8134
-0.118,9345
-0.185,9176
-0.11,9046
0.0309,4472
-0.456,10934
0.134,2324
0.0634,1005
-0.0436,6761
-0.00299,5369
-0.461,10519
-0.317,10155
0.19,813
0.0175,4076
-0.159,9673
-0.195,9652
-0.336,10666
0.0195,4732
-0.0805,6995
0.0938,3029
0.313,2454
0.0418,4214
0.197,2150
-0.064,7320
-0.549,10982
0.0317,3986
0.33,285
-0.24,9302
-0.0979,8549
0.208,2059
-0.157,8732
-0.0488,7114
0.0471,4203
-0.181,9815
-0.36,9116
-0.0481,6285
0.0613,2571
0.032,3607
-0.0737,6785
0.569,31
-0.125,9065
0.221,721
-0.101,9355
0.0632,3079
-0.142,8117
0.278,502
0.0917,3568
-0.21,8628
0.312,1277
0.00284,5376
0.165,1785
-0.0297,6004
-0.524,9951
-0.00182,5348
-0.13,8303
0.0199,4600
0.159,1479
0.128,1632
-0.155,8209
-0.283,10621
-0.144,9566
-0.248,10672
-0.167,7114
-0.102,7723
0.412,322
0.143,2704
-0.223,10736
-0.0602,7685
-0.186,8765
0.776,56
0.135,3262
-0.094,7470
0.246,265
-0.124,9554
0.0411,4489
-0.465,10647
0.114,3252
0.0437,3731
0.0939,1469
0.0466,4130
-0.155,5560
0.246,1113
-0.248,9398
0.466,658
-0.11,7733
-0.0897,8052
0.0907,2563
0.16,1700
0.00619,5207
0.0352,3859
-0.0864,7871
0.2,2197
0.0953,3453
0.195,1381
-0.194,7440
0.0455,4495
-0.141,9778
-0.107,8410
0.00615,5074
0.0684,3194
-0.148,7097
0.371,1822
-0.118,8559
0.548,225
-0.0676,6691
0.501,624
-0.114,7778
-0.0297,7042
0.035,3707
0.119,1501
-0.144,8512
0.13,2779
0.0153,4842
0.199,2704
0.0865,3113
-0.252,10309
0.0636,3080
-0.368,9689
0.0457,4101
-0.169,8769
-0.161,7717
-0.0275,6019
-0.141,8397
-0.319,6796
0.0627,4061
-0.23,7112
-0.0645,7302
-0.174,10722
0.474,294
-0.039,6250
0.202,1787
-0.0244,2870
-0.0148,6008
-0.108,5950
-0.0696,7308
0.13,2257
3.82,168
1,138
-0.0286,6341
0.178,1473
0.00253,5169
-0.153,9304
0.0481,4105
-0.198,8736
-0.186,9330
-0.032,7088
0.129,2772
-0.274,8806
-0.474,8568
0.343,1376
-0.0149,5987
0.0687,2480
-0.451,9660
-0.162,7253
-0.163,8903
-0.176,9071
-0.071,7578
-0.119,9489
-0.000551,5404
-0.0688,6724
0.141,3337
-0.244,9654
0.162,798
0.181,971
-0.262,10089
-0.309,9862
0.467,243
0.12,2790
-0.0503,7223
-0.0326,6276
0.122,2756
-0.00164,5452
-0.0804,8345
0.315,336
0.0961,2453
0.332,328
-0.14,7487
-0.0433,6638
-0.0815,8140
0.102,2897
0.141,2264
-0.136,7460
0.0941,2920
0.144,1610
-0.163,10272
0.265,1629
-0.193,9370
0.364,416
-0.0895,7143
0.145,1850
-0.22,10256
-0.0362,6040
-0.0611,7052
-0.0955,7001
0.0368,4475
0.0363,4200
-0.187,9800
-0.047,5963
0.0884,3406
0.00524,5194
0.0724,3947
0.0119,5025
-0.00909,5524
-0.136,5742
-0.224,10135
-0.0615,6344
0.375,152
-0.0288,6868
-0.0122,5859
-0.262,8264
-0.161,7827
-0.257,10891
0.432,431
0.029,4292
0.121,3034
0.074,4012
0.356,762
0.0283,4198
0.107,2380
-0.163,8507
-0.0173,6697
0.193,1338
-0.0732,7228
0.0698,3787
-0.124,9679
-0.202,9063
-0.14,10397
0.803,324
-0.241,7224
0.0912,3734
0.0206,4982
-0.0866,7768
-0.177,10763
-0.0675,7869
-0.225,10929
-0.198,9970
-0.229,9174
-0.0391,6852
0.0355,3336
-0.0515,6679
0.604,41
0.333,1898
-0.414,9728
-0.121,7849
0.116,4095
0.352,465
-0.222,9867
-0.029,5673
-0.121,8870
-0.0455,6973
-0.0468,7015
0.0556,3833
0.00844,5092
-0.331,10401
0.598,1129
-0.0232,6344
0.0044,5146
-0.016,5847
0.581,31
-0.11,7721
-0.0395,5982
-0.0589,6697
-0.00328,5654
0.329,1294
0.0131,5018
-0.00607,5184
-0.0831,8048
0.0345,3333
-0.407,10365
-0.0731,7725
0.0645,3416
-0.0628,7048
-0.187,8663
-0.0354,7074
-0.0937,8299
0.0983,3788
-0.0219,5621
0.175,2531
-0.488,9644
0.159,913
-0.144,7405
-0.0514,6696
-0.103,8299
0.252,959
-0.185,9030
0.112,1394
-0.27,10109
0.264,1055
-0.17,8037
-0.459,10265
-0.165,8233
-0.144,8932
-0.423,10747
0.0462,4196
0.0269,4673
-0.204,8478
0.126,2888
0.0499,4290
0.192,308
-0.0533,7442
-0.0272,6056
-0.239,10073
-0.0345,5867
0.042,3776
-0.0331,6367
-0.128,7715
0.074,4264
-0.408,8825
0.258,2764
-0.0952,8869
-0.0433,6614
-0.0264,5878
-0.282,10471
-0.0714,6666
-0.0422,7533
0.144,1187
0.213,1316
0.0512,4247
0.14,1630
0.118,2448
-0.0881,8479
0.177,2088
0.0797,3392
0.0057,5147
0.282,651
-0.147,7539
-0.263,8310
0.0193,4618
-0.193,9953
-0.134,8917
-0.0383,5863
0.169,2438
-0.149,6357
-0.26,10870
0.0856,1505
-0.168,8020
0.317,1462
-0.174,8641
0.00505,4951
-0.00354,5305
0.114,2016
-0.0217,6015
0.0381,4355
-0.0669,7211
-0.00262,5344
-0.146,7546
-0.144,8748
0.037,4225
0.26,156
0.0697,3736
0.629,496
-0.0123,5772
0.0379,4092
-0.0572,6764
-0.133,8149
0.0512,3297
0.0105,4276
-0.0341,6303
-0.0245,6121
-0.0746,7308
0.0231,4659
0.465,603
-0.204,10183
0.165,1177
0.129,2024
-0.233,5329
0.232,2005
0.065,4125
0.658,227
0.018,4841
0.00777,5172
-0.153,8469
-0.0973,5351
-0.0824,7790
-0.0702,8252
-0.057,8255
0.0163,4913
0.0229,4367
0.265,934
0.161,2495
0.0444,4389
-0.0977,8421
-0.102,7287
0.237,3247
-0.0606,6029
0.287,1828
-0.137,9709
-0.0363,7129
0.0969,3085
-0.249,9803
0.0871,3834
-0.178,8748
-0.0525,6820
-0.0398,7330
0.0483,4719
-0.0922,7327
0.0304,4448
-0.144,7590
0.15,2710
-0.0687,8306
-0.0102,5503
-0.0664,6628
0.301,988
-0.0949,4569
-0.000198,5375
0.112,1284
0.171,1562
-0.00273,5184
0.138,2494
-0.0466,7335
-0.206,10483
-0.18,10656
0.0222,4950
0.168,2457
-0.397,10779
0.119,2795
-0.0148,5548
0.032,3748
0.218,662
-0.203,8957
-0.0737,6984
-0.0757,6415
0.00213,5509
0.206,1315
-0.0653,7621
0.338,460
0.477,343
-0.00822,5643
-0.155,10167
0.0333,4175
-0.164,9668
0.232,943
0.185,996
-0.317,8793
0.0347,4178
0.126,775
0.071,3616
-0.194,9545
-0.378,10437
-0.0748,6668
-0.266,10274
0.0114,5141
-0.151,8667
0.0591,3924
-0.0366,6397
-0.0904,6845
0.0498,4206
0.0981,2044
0.59,104
-0.0701,5787
-0.0913,8928
0.0482,4249
-0.216,9756
0.662,540
0.131,2641
0.261,827
-0.103,9234
0.239,1059
0.0139,4751
0.128,2485
0.353,1251
-0.0905,5236
0.293,1305
0.162,859
-0.0965,8534
0.314,294
-0.48,10127
-0.258,7814
-0.0461,7106
-0.109,9121
0.209,2031
0.101,3328
0.318,2486
-0.0109,5318
0.656,215
0.343,166
0.0242,4603
0.267,784
0.238,656
-0.288,9784
-0.063,6541
0.52,396
0.122,1295
-0.0952,8133
0.686,80
0.172,2383
0.264,618
-0.0456,6269
-0.0847,7125
-0.0208,5972
-0.147,10513
-0.134,8517
-0.0202,6518
-0.0491,6418
0.126,2551
0.0745,3915
1.58,73
0.321,556
-0.133,8037
0.0079,5078
0.0465,4183
0.14,2606
0.371,503
-0.0264,5379
0.198,891
-0.14,8692
-0.00159,5216
0.171,935
0.159,1775
-0.0913,6992
-0.0215,6857
0.0526,4122
-0.0137,5187
0.356,1519
0.0985,1509
0.31,353
0.0646,3695
0.0539,3137
0.0372,4037
0.0413,4071
0.146,2115
0.42,817
-0.0629,7011
-0.0535,7892
-0.466,10695
0.0331,4615
0.0347,4350
0.131,2957
0.198,1321
-0.011,5607
-0.0451,6129
0.257,738
0.205,2314
-0.0913,6544
0.101,2634
0.048,4091
-0.185,9425
-0.379,9625
-0.185,6401
-0.33,7501
0.0814,2847
0.27,1380
-0.425,6662
0.0372,4592
0.616,442
0.236,1534
-0.0882,7566
0.101,1550
0.00447,5306
-0.0938,6292
0.207,1232
0.0178,4707
0.0363,3786
-0.0888,8198
-0.0254,6326
-0.152,9625
0.266,596
-0.145,8042
-0.0385,7634
-0.0568,8434
-0.212,10432
-0.287,8485
0.0247,4696
-0.148,8153
0.0422,4042
0.00126,5428
0.204,1363
-0.101,9197
-0.188,10728
0.151,3131
0.00651,5033
-0.215,10548
-0.0933,8178
-0.143,8674
0.651,246
-0.187,9546
0.181,934
0.0824,2565
-0.173,8852
-0.0273,6198
0.154,3095
-0.103,7076
0.181,1100
0.0941,3690
-0.144,10049
-0.217,8391
0.0308,4693
-0.0571,7760
-0.191,8192
-0.0966,7430
0.293,1226
-0.0717,7710
0.278,1246
0.219,2098
0.0594,3421
0.141,1422
0.204,1121
0.664,134
0.431,316
0.0868,3868
-0.00519,5620
-0.0925,9651
0.257,1920
0.142,3622
0.105,3441
0.0588,4254
-0.00375,5242
-0.00526,5091
0.0911,2931
0.0124,4745
0.0841,3043
0.095,3863
0.349,1004
-0.118,8363
-0.139,8989
0.211,1170
-0.059,6152
0.136,3346
-0.0538,6911
0.216,1932
0.109,1768
-0.194,8374
0.0722,4181
-0.0168,5592
0.159,2454
0.126,1394
0.298,2182
0.377,691
-0.18,9599
-0.0108,5560
-0.0648,8456
-0.0334,6176
-0.113,8618
-0.274,10951
0.0434,4433
0.367,897
0.0407,4277
0.0376,4208
-0.152,7963
-0.107,7392
-0.195,8865
-0.0888,6955
0.0889,2874
-0.205,8425
0.0582,3398
-0.0946,9064
-0.0807,7949
-0.14,10469
0.0707,1869
0.0805,1743
0.0716,3466
0.189,2410
-0.237,8926
-0.0884,7404
-0.0302,7416
-0.11,8573
0.107,1240
0.0505,4190
-0.378,10303
0.199,2042
0.582,841
-0.0233,5933
-0.201,8756
0.000299,5300
0.0771,2597
0.205,2462
-0.0673,6978
-0.0152,5689
0.244,915
-0.119,7927
-0.0645,5958
-0.021,5983
0.0166,4768
0.0391,3845
0.0889,1972
-0.0571,7232
-0.576,10621
0.575,370
0.254,147
-0.0908,8262
-0.25,7894
-0.107,6755
-0.126,8137
0.0673,3519
-0.0508,6999
-0.212,9182
0.0222,4620
-0.0607,6704
0.13,1723
0.00693,5064
-0.193,10070
0.233,1654
0.0961,3062
-0.0901,7186
0.0419,4099
0.603,17
-0.28,10471
-0.0599,6699
1.38,103
0.0534,4364
-0.163,8856
-0.133,8225
-0.124,8143
-0.199,10432
0.632,820
0.27,1264
0.135,2611
0.359,1239
-0.142,8959
-0.107,8910
-0.0311,5814
0.204,2057
-0.13,7324
-0.213,8948
0.155,843
-0.139,8609
-0.119,8283
-0.0264,6187
-0.127,9757
-0.569,10939
-0.107,8284
0.275,56
0.0708,4081
0.236,1266
-0.135,8715
-0.226,8731
0.103,2432
0.151,3496
0.0135,4895
0.0456,4044
-0.0957,7823
0.0524,3335
0.224,1547
-0.14,9263
0.29,1332
-0.0861,7177
0.0386,4397
-0.0891,7664
0.015,5009
-0.161,10244
-0.109,7484
0.0472,4368
0.203,1432
0.112,2665
0.00698,5047
0.073,3522
0.0465,3329
-0.195,9161
-0.298,9808
-0.374,10190
0.0543,3777
0.271,1770
0.367,783
-0.321,10080
0.352,970
-0.0442,7456
-0.0537,7107
-0.0407,5727
-0.374,10737
-0.136,9634
-0.114,7833
0.0585,1897
0.018,4495
-0.172,10046
-0.267,9619
0.0294,4460
0.0711,3416
-0.135,9099
-0.0787,7822
0.0381,4617
0.128,2033
-0.000144,5186
0.889,425
0.0962,2127
0.115,3476
-0.126,8102
0.142,2367
0.0775,3685
0.0481,4319
0.0843,3587
-0.117,8809
0.979,1211
0.181,2557
-0.203,7880
0.00791,4920
-0.0691,9007
0.104,2962
0.0339,4503
-0.0391,6789
0.145,1322
0.259,1948
-0.0605,8160
-0.0354,6733
-0.131,9900
-0.097,6127
0.0743,4000
-0.406,9644
0.00677,5191
-0.067,7216
-0.113,6691
-0.0861,7556
0.0129,4674
0.246,1955
0.0552,3702
-0.00151,5454
0.139,2956
-0.0317,6582
0.314,1415
-0.289,9434
-0.141,9748
-0.0797,10407
0.423,673
0.669,579
0.146,2783
-0.058,7153
0.013,4568
-0.00697,5674
0.106,2628
0.078,2833
-0.386,10588
-0.195,9221
-0.0527,7105
-0.212,10182
-0.0578,6821
0.166,1348
-0.338,8940
-0.0791,8319
-0.192,9181
0.0185,4308
-0.32,9654
-0.0273,6208
-0.0329,5073
-0.00495,5643
-0.0745,6541
-0.0774,7914
0.0889,2723
-0.15,9649
-0.297,9462
-0.294,10063
-0.00232,5444
0.125,2420
-0.0576,6766
-0.258,8390
0.217,1933
0.271,2435
0.237,1477
-0.203,10405
-0.148,10057
0.272,780
-0.0635,7074
0.144,2891
-0.0318,6699
-0.0609,7447
-0.00192,5269
-0.238,9746
-0.212,8464
-0.117,8174
-0.069,7884
0.595,73
-0.0681,6977
0.491,258
0.061,4246
0.0948,3961
0.00576,4942
-0.0255,6777
-0.157,7086
-0.0944,7649
-0.431,10559
-0.0377,6053
-0.212,9845
-0.118,9347
-0.121,7823
0.288,947
0.282,927
-0.267,10009
0.0976,2921
0.163,2997
-0.283,8730
-0.076,7385
-0.141,7008
0.143,2348
0.175,1022
-0.191,10039
-0.12,7201
-0.0941,7584
0.0698,3228
0.213,1391
0.325,665
0.0502,4275
-0.168,9476
-0.0134,5715
0.0847,3101
0.108,2983
-0.0766,8393
0.147,923
-0.0037,5137
0.533,176
0.738,187
-0.408,10318
0.189,962
0.229,751
-0.399,10476
-0.129,8448
-0.008,5300
0.337,1084
0.178,983
-0.064,6828
-0.0796,7443
-0.0235,5553
0.184,177
0.0641,4365
-0.115,7678
-0.0537,6311
-0.172,8227
0.00592,5293
0.106,2818
0.0929,3916
-0.167,9868
0.146,938
-0.0593,6273
-0.17,10286
-0.01,5486
0.339,516
-0.223,11027
-0.0764,8441
0.23,750
0.0925,2670
0.0191,4919
0.352,2799
-0.127,9446
0.12,1908
-0.296,9057
0.157,3287
0.0668,4342
0.108,3514
-0.127,6435
-0.108,8154
-0.122,7884
0.106,3542
0.115,3334
-0.0262,6307
0.14,1855
-0.0883,7833
0.111,1604
-0.128,7639
-0.199,7696
-0.144,9990
-0.167,9201
0.00592,4998
-0.119,8843
0.112,1625
0.0293,4423
-0.0289,6815
-0.0704,8346
0.217,1318
0.118,2915
0.0218,4731
0.145,2834
-0.0131,5685
0.0483,3747
-0.249,7675
0.191,2807
0.0907,3535
-0.013,5874
0.714,928
0.249,973
-0.0207,6063
-0.229,9948
-0.0562,6119
0.166,2121
0.145,1457
-0.0198,5909
-0.141,8956
-0.229,10576
0.147,2325
-0.00554,5595
-0.00522,5238
-0.211,9802
-0.226,8262
-0.238,7329
-0.031,6381
0.0389,4255
0.0253,4619
-0.102,8278
0.208,1156
-0.266,10563
-0.257,8444
-0.0423,5938
0.0411,4266
-0.233,9970
-0.311,8726
0.109,3102
-0.0892,6530
0.278,2400
-0.0723,7125
-0.0896,7459
-0.0387,7238
-0.363,10523
-0.22,9874
-0.446,10653
-0.126,10445
0.0736,3360
-0.162,8884
-0.204,7470
0.283,1559
0.144,3020
0.0109,5100
0.103,2482
-0.107,7705
0.0175,4890
-0.0682,6986
0.248,1142
0.156,720
-0.075,6622
0.181,1122
0.0835,3111
0.173,1971
0.101,2715
0.11,2758
-0.0581,8195
-0.0356,5834
0.128,2066
0.0589,4285
-0.0439,6736
-0.0714,7473
-0.212,9995
-0.144,7945
0.0753,3923
-0.0631,6849
0.118,3830
0.0778,3798
0.0708,2902
-0.011,5735
-0.152,8597
0.142,1775
-0.384,9132
0.00188,4961
0.15,1788
0.0365,4755
0.108,2956
0.268,1830
-0.0699,7437
-0.036,6590
-0.0668,7182
0.108,2321
-0.00358,5577
-0.257,9704
0.0195,4947
-0.162,9323
0.181,1109
0.272,832
-0.06,6489
-0.0889,8225
-0.0678,6832
0.122,1106
-0.216,10624
-0.0849,8291
0.129,2698
0.246,565
-0.341,8586
0.0604,3606
0.0426,3633
0.0796,3073
0.152,2522
-0.00322,5164
0.146,3043
-0.128,8367
-0.151,9954
-0.123,8687
-0.0262,5771
-0.045,6094
-0.0842,6657
-0.105,10251
-0.0594,5459
-0.0654,6341
-0.0359,5820
-0.146,8696
-0.02,5881
0.162,549
-0.097,7857
-0.423,10895
0.224,2863
-0.0157,5481
0.231,1991
0.0172,4936
0.124,2406
-0.479,10830
0.0492,4295
-0.235,8817
0.124,3251
0.165,875
0.14,652
-0.0541,6303
0.0281,4745
0.244,1906
0.0593,3877
-0.19,9786
0.09,1775
-0.13,9274
0.0107,4169
-0.13,10313
0.058,4390
-0.0104,5609
-0.177,10625
-0.261,9766
-0.133,8642
-0.203,9785
0.501,164
-0.0686,8119
-0.267,10110
0.00996,4888
-0.0488,6846
0.332,1019
-0.128,7632
0.0127,5055
0.011,4798
0.0942,3212
-0.0115,5663
0.555,1211
-0.0738,7358
-0.145,8279
-0.0484,6622
0.271,2295
-0.117,6866
-0.0194,6092
-0.294,10067
0.0316,4188
0.0246,4424
0.11,2711
-0.0834,8768
-0.397,9859
-0.291,10274
-0.192,7492
-0.13,8675
-0.297,9646
-0.095,7498
0.0547,4563
-0.147,8292
-0.105,8641
-0.0749,6814
0.121,2903
0.212,1988
-0.118,8572
-0.18,8276
0.128,1882
0.158,623
-0.121,6734
0.231,1035
-0.0578,6654
-0.25,9605
-0.263,10735
0.0814,3153
-0.369,10818
0.096,3596
0.558,350
0.166,1950
-0.0284,6439
0.0347,3619
-0.0517,6504
0.118,3356
0.0304,4746
-0.223,9853
-0.321,10988
-0.0589,7281
0.00874,4918
0.0946,2335
0.0201,4644
-0.104,6310
0.167,808
0.152,1463
-0.0304,6425
0.402,200
-0.276,8893
-0.455,10729
0.0526,3130
-0.236,10236
-0.12,8100
0.113,3259
-0.224,8201
0.353,462
-0.0637,6993
-0.0625,7463
0.0608,4211
-0.253,9100
-0.146,8990
-0.111,6833
0.00546,5097
0.0819,2863
-0.0499,6687
-0.112,7050
0.033,4866
1,3
0.0698,3615
-0.457,10626
0.108,3014
-0.303,10518
0.171,2269
-0.0491,6878
-0.238,8134
-0.0743,7557
0.0305,4567
-0.297,9421
-0.056,5115
-0.0151,5612
-0.116,9702
-0.0315,6353
-0.173,8838
-0.132,7380
0.171,3289
0.238,1166
0.141,2233
-0.0382,6541
-0.282,9934
-0.0668,7055
-0.106,8419
-0.0606,6618
-0.174,10785
0.0133,4953
0.0388,3977
-0.0653,6729
-0.0947,6163
1.49,70
-0.0887,8146
-0.0705,7506
-0.13,8093
-0.0949,7493
-0.244,10051
0.2,1490
-0.199,9554
0.0563,3412
0.0551,3186
0.335,362
0.982,3
-0.324,9671
0.0181,4760
-0.149,9974
-0.356,10650
-0.0627,6917
-0.164,9421
-0.0158,6257
-0.124,9094
-0.154,9559
-0.00469,5608
-0.00592,5327
-0.174,7149
-0.0316,5838
0.136,2106
0.0268,4088
0.393,1431
0.205,1444
0.184,2212
0.432,1378
0.0363,4221
0.13,2451
-0.131,8539
0.0477,4242
0.162,2024
0.419,1764
0.0253,3680
-0.169,7985
0.157,2802
-0.215,8792
0.221,1025
0.169,1586
0.359,398
-0.0107,6031
0.05,3890
-0.28,10187
0.754,632
0.0955,3154
0.0297,4270
-0.264,8820
-0.0298,6101
-0.042,6281
-0.185,8687
-0.147,10745
0.00416,4954
-0.113,7990
0.0488,4028
-0.217,8717
-0.295,9781
-0.133,7167
0.0806,2731
0.111,2580
-0.443,10299
-0.234,8365
0.00907,5005
-0.296,8336
-0.00693,5274
0.142,2306
-0.093,8013
-0.0189,5904
-0.239,8952
-0.0575,7455
-0.0947,8236
0.0335,4486
0.438,1718
-0.0865,6901
-0.0481,5671
0.163,1318
0.228,400
-0.0576,7983
-0.0256,6083
-0.0927,7540
0.13,2832
0.0107,4921
0.0653,2868
0.0343,3832
-0.282,7509
-0.0617,7202
-0.0455,7319
-0.11,8062
-0.144,8597
0.201,473
-0.131,8390
-0.281,10486
0.165,2456
-0.426,10162
0.0993,2058
0.106,2748
-0.133,9010
-0.0796,7159
-0.0391,6948
0.344,791
0.215,377
-0.0877,7343
-0.0615,6704
0.235,531
-0.111,9404
0.0998,2407
0.409,301
0.559,52
0.058,3772
-0.143,9997
0.0425,4145
0.182,3047
-0.176,9089
0.112,1690
-0.0712,6634
0.1,3032
-0.0716,7049
-0.0435,7264
0.177,676
0.223,1284
-0.0837,7322
-0.23,9306
-0.284,9349
-0.13,8305
0.22,1552
0.326,1059
0.358,966
0.584,52
-0.155,8662
0.0511,4489
-0.127,9491
-0.104,8907
-0.0684,7947
0.0212,4765
0.0268,4756
-0.00437,5774
-0.126,9789
0.0352,4134
-0.0973,7086
-0.317,10049
-0.103,8089
0.172,2831
-0.0163,6710
-0.00927,5805
-0.155,9443
-0.0266,5662
-0.376,9111
-0.481,10769
-0.0968,8759
-0.111,7503
-0.222,10433
-0.0568,6747
0.248,643
0.173,1508
0.139,1911
0.0299,4265
0.0879,3327
0.68,35
-0.0132,5294
0.108,3207
-0.346,10285
-0.0759,6593
0.571,146
-0.0451,6344
0.0962,3538
0.0231,4523
-0.0356,6700
0.127,2412
0.0663,4035
-0.291,10540
-0.0367,7311
-0.125,7488
-0.234,9855
-0.14,10135
0.0691,2783
0.032,4519
-0.339,10069
-0.086,8709
-0.208,10640
0.0181,4247
0.15,1161
-0.226,10877
-0.000492,4970
-0.123,9374
-0.283,10262
0.0675,4060
-0.193,9033
-0.00869,5374
0.142,2008
1.28,291
0.0326,4641
0.123,1240
0.304,1117
-0.372,10732
-0.107,7273
-0.0109,5819
0.0179,5008
-0.0881,8107
0.0787,3991
-0.122,7639
0.154,2068
0.107,3605
0.0923,2627
0.194,1351
-0.188,10467
0.258,1410
-0.216,9293
0.0366,4375
0.0712,1941
0.0119,4641
0.249,1035
-0.0207,5908
-0.177,8684
-0.198,9448
-0.0408,6490
0.131,1177
0.0306,4771
-0.0799,7601
-0.0962,7760
-0.179,8642
-0.0929,8414
0.226,413
0.352,538
0.287,2100
-0.0271,6751
0.342,1727
0.0996,2133
-0.179,9517
-0.295,10773
-0.183,8750
0.015,5152
-0.0197,6244
0.0394,4217
0.223,643
0.342,901
-0.293,9986
-0.258,8824
0.022,4995
-0.333,9628
0.0562,3724
-0.231,9144
-0.0821,7513
-0.0518,6080
-0.143,9140
-0.0214,6539
-0.149,9525
-0.0686,7235
0.301,1462
0.101,3551
-0.123,9012
-0.274,10600
0.107,3050
0.377,1004
0.000283,5120
-0.032,5752
-0.225,9860
-0.00254,5721
0.164,1755
0.154,979
-0.0899,8357
0.0468,3773
0.108,3052
0.034,4237
-0.105,8325
-0.083,6552
-0.0681,8145
-0.277,9702
0.179,1173
0.0152,4264
-0.157,10061
0.147,2682
0.295,764
-0.109,7665
-0.147,8074
0.069,1839
0.0399,4126
-0.182,8395
0.149,1977
-0.0393,6955
-0.205,10438
-0.00303,5112
0.203,963
-0.25,10414
-0.419,10490
-0.104,7213
-0.279,9597
-0.108,9160
-0.000843,5204
0.168,1230
0.0721,3990
0.127,2257
-0.0415,5907
0.00213,5335
-0.187,10190
-0.0547,6480
0.481,1172
0.219,1904
-0.383,10470
0.0338,4461
-0.167,10171
0.0363,4398
0.0308,4806
0.0379,4225
0.0443,3896
0.0341,4184
0.271,396
-0.0738,6907
0.4,1733
0.0256,4991
0.0556,3870
-0.0805,7080
-0.0949,9690
-0.291,10534
0.00668,5187
-0.0332,5231
-0.0655,6481
0.0368,3865
0.0349,3429
-0.221,9396
0.0943,3228
0.0495,3427
-0.171,8864
0.000606,5010
-0.105,9064
-0.0616,7490
-0.259,9994
-0.0513,7393
-0.187,7212
-0.0549,6811
0.00689,5079
0.232,1064
-0.0278,6479
-0.155,6935
0.127,2487
-0.0249,6843
-0.101,9287
-0.0662,7371
0.115,2611
-0.145,7940
-0.00808,5605
0.208,1310
-0.0916,9082
-0.279,10952
0.494,192
0.00354,4706
0.109,3010
0.119,1962
-0.0301,6654
-0.131,9039
-0.292,10184
0.0607,3726
-0.163,9481
0.0541,2901
-0.0615,7619
0.0263,4652
-0.179,6787
-0.0469,7320
-0.17,7480
-0.293,9714
0.188,1629
-0.304,10352
0.000534,5028
-0.253,10940
-0.0373,6011
0.291,448
0.0784,2916
0.0299,4607
0.0143,4968
-0.149,9369
-0.0416,6237
0.0696,3233
-0.0819,7263
-0.193,8086
-0.382,9805
-0.0695,6331
0.513,844
0.126,2334
0.102,2715
-0.231,8826
-0.155,9303
-0.108,7452
-0.123,8016
0.0195,4899
0.233,1321
0.1,3302
-0.0977,7869
-0.00642,5460
-0.239,8983
-0.047,6202
-0.0402,6173
0.446,527
-0.109,6388
0.199,1153
0.00518,4943
0.13,1926
-0.276,10772
-0.0162,6070
0.301,1237
-0.216,8583
-0.125,7141
-0.201,10612
0.249,1047
0.155,1080
-0.167,10233
0.116,3345
0.116,3671
0.125,2903
0.0468,3819
0.134,3141
-0.109,7599
-0.131,5808
-0.198,5452
-0.0517,6323
0.328,743
-0.19,9790
-0.311,9875
-0.039,6843
-0.249,10673
-0.0314,6304
0.113,1752
-0.0266,5996
-0.186,9296
0.116,2969
0.329,1746
-0.15,9785
0.0153,4451
-0.341,10143
-0.242,10322
-0.0936,6938
-0.0228,5908
-0.0906,8372
-0.188,9139
-0.278,9895
-0.105,6940
-0.482,10691
0.0648,3959
0.053,3662
0.0933,2940
0.109,3420
-0.0457,6808
0.128,1718
0.0474,4573
-0.0543,7363
0.0356,4195
-0.0998,7958
0.395,72
0.362,365
-0.0572,5749
0.196,844
0.00283,5279
0.231,1877
0.0874,3353
-0.469,10817
-0.0255,5944
0.35,17
-0.203,8883
0.163,3275
-0.225,9940
-0.0623,6885
-0.017,5621
0.0352,3981
0.044,3885
-0.00264,5363
-0.0527,6514
0.323,508
0.00462,5199
0.0251,4292
0.144,1264
-0.204,7878
-0.151,9040
-0.0853,7434
-0.0138,5874
-0.253,10279
-0.147,9308
0.302,976
0.069,2801
-0.145,9058
0.13,1658
-0.0759,7537
0.0166,4740
-0.0705,6697
-0.223,9345
1.23,76
0.0552,3780
-0.0974,9033
0.0419,3701
-0.185,10472
0.101,3179
0.023,4721
0.1,2424
0.000921,5273
0.342,510
-0.0764,7509
-0.00653,5427
-0.295,9691
0.0592,4226
0.0971,3379
-0.00132,5190
-0.014,5615
0.0263,4803
0.108,3343
0.0756,2852
0.00952,4919
0.019,4692
-0.197,10357
0.99,330
0.137,3053
0.0133,4829
0.0907,2779
0.179,1458
0.014,4869
0.127,2377
-0.093,7222
0.0574,3666
-0.0401,6757
-0.0778,7333
-0.173,8817
-0.251,9202
0.481,407
0.0184,4752
0.0468,4254
-0.109,8094
-0.0052,5452
-0.059,6638
-0.143,8643
0.054,3586
0.084,2623
0.0421,4232
-0.2,10516
0.0623,4140
-0.102,7900
-0.0164,5725
-0.142,9490
-0.113,7776
-0.254,9913
0.0149,4749
0.137,2242
0.0858,2773
-0.0788,8455
-0.251,7859
-0.0108,5428
-0.846,10317
-0.0709,7597
0.119,2345
-0.445,9880
-0.288,8160
0.116,2633
-0.13,8376
-0.113,8838
-0.0401,7765
0.224,1654
0.0855,3550
-0.168,7918
0.0338,4573
-0.0669,7196
-0.356,10518
-0.213,8168
-0.0145,5581
-0.103,7667
-0.025,5786
-0.0131,5665
-0.0391,7173
-0.436,10192
0.0446,4131
-0.0515,6235
-0.155,8783
0.166,1043
0.0536,4322
-0.00978,5330
0.0702,2394
-0.761,9883
0.296,112
-0.0946,8420
-0.0423,7142
0.0626,3525
-0.383,10466
-0.0131,5519
0.206,2942
-0.155,10788
-0.0566,7210
-0.0591,6378
-0.0358,6151
-0.121,7147
-0.235,9749
-0.238,10787
-0.256,10002
-0.244,9144
-0.12,7896
-0.0991,5821
0.0346,4678
0.173,1000
-0.0713,6846
-0.0137,5468
0.183,1513
0.0831,2217
0.225,1499
-0.052,6663
0.272,544
0.0853,3699
-0.0623,6696
-0.173,7648
-0.166,8257
-0.127,9882
-0.0476,7405
0.336,43
-0.0878,7030
0.223,1735
0.205,1269
0.0398,3528
0.158,1112
0.119,2872
-0.0116,5436
-0.00401,5150
-0.055,7650
0.0253,4868
-0.114,9012
-0.0852,7298
-0.0992,7707
-0.0065,5068
0.108,2398
-0.00158,5584
0.0224,4584
0.185,1490
0.208,2934
-0.0937,8441
0.062,4176
0.104,1869
-0.0746,8754
0.12,2902
0.158,2461
-0.323,9940
-0.0239,5814
0.0386,3923
-0.0633,7204
0.057,3400
-0.0484,6823
0.232,1347
-0.317,10689
0.494,203
0.0638,3307
-0.144,8556
-0.231,10437
-0.399,10322
-0.248,8678
-0.0926,8854
-0.132,9354
0.298,1182
0.0174,4883
-0.162,8341
0.035,3997
0.0342,4367
-0.0363,5887
0.0687,2382
0.0293,4277
0.332,2039
-0.0181,5701
0.362,107
0.0871,3169
0.0551,3663
-0.107,8619
-0.088,7439
-0.13,7425
-0.213,10220
-0.109,9209
-0.147,8355
-0.0826,7436
0.0737,3365
0.0282,4628
0.0312,4433
-0.177,10291
0.0521,4141
0.0597,4250
-0.357,8927
0.256,785
0.0607,2838
0.0605,2625
-0.253,9845
0.07,3468
-0.125,6786
0.16,1946
-0.0301,6237
-0.0448,6057
0.037,3839
0.412,154
-0.068,6466
0.41,29
0.108,2276
-0.0422,6904
0.188,1355
-0.24,10017
-0.0848,7319
0.32,25
0.0524,4050
0.069,2746
-0.213,10660
0.284,907
-0.0952,8210
0.102,1952
0.00584,5024
-0.0456,6087
-0.0566,7117
0.124,1090
0.106,3709
-0.177,9100
0.0157,4898
0.0427,4047
0.0687,3890
0.0924,2415
-0.222,9531
0.284,1300
-0.0836,9214
0.198,789
0.542,609
-0.0398,6334
0.248,977
-0.366,10043
-0.111,7577
-0.0476,7721
-0.0459,6719
-0.202,8986
-0.147,10021
-0.28,10053
0.149,2223
-0.292,10760
-0.38,10402
-0.065,6963
-0.118,7685
0.0751,3570
0.0244,4387
-0.175,8522
-0.101,7821
0.082,2547
0.264,869
0.00525,5120
0.154,752
-0.136,10275
0.765,118
0.0289,4348
0.673,565
0.406,1266
0.294,12
0.0279,3592
0.169,2271
-0.193,8307
-0.147,10184
0.0898,3553
0.243,658
-0.0741,8662
-0.143,9343
0.125,2090
-0.109,7512
-0.223,8444
0.113,1392
0.0325,4061
-0.0659,6694
-0.215,9789
-0.0886,7380
-0.382,9887
-0.042,6405
-0.158,8902
0.152,1091
0.14,2427
-0.174,10285
-0.194,9659
-0.0377,6549
0.168,1150
0.0303,4525
-0.00809,5310
0.157,2196
0.125,2692
-0.216,9213
-0.0874,7238
0.431,925
-0.161,9175
0.0411,3723
-0.155,9287
-0.0556,6565
0.562,102
-0.0519,7779
0.409,345
-0.262,10751
0.0356,4433
-0.225,8410
-0.191,9335
0.0907,2920
-0.135,8156
0.0234,4616
0.0437,3843
-0.0678,7800
0.252,1210
-0.224,8958
0.0201,4936
0.0528,3530
0.0141,5089
-0.0644,6424
-0.0146,5640
-0.0589,7425
-0.156,10440
-0.191,10006
-0.0874,7206
0.189,1418
-0.118,7981
0.0291,3987
0.000402,5564
0.0366,4437
0.0695,3046
-0.113,9061
2.71,17
-0.152,10150
-0.152,9359
-0.0441,7445
0.0509,4043
-0.326,11002
0.195,1173
-0.123,8633
-0.000957,5675
0.0118,4829
0.0359,4505
-0.328,8485
0.171,1401
0.13,2229
0.0714,3780
0.248,1331
-0.15,8942
-0.00105,5617
0.4,98
-0.101,9038
0.0958,1329
-0.0235,6278
-0.257,10475
0.0389,3703
0.225,1202
-0.0543,5907
-0.102,8201
0.0429,4028
-0.0108,5869
0.0545,3644
0.243,1204
-0.291,10220
-0.0958,9214
0.173,2238
-0.00539,5407
-0.0646,7579
0.186,1764
0.26,550
-0.0578,7855
0.221,276
-0.173,9760
-0.291,10879
-0.0936,7293
0.458,711
-0.135,8803
-0.0139,6114
-0.0532,6056
-0.0603,6246
0.00317,5054
-0.353,10242
-0.134,7714
0.272,650
0.0522,4035
0.103,2700
0.102,2745
0.0368,4070
0.019,4682
0.283,263
-0.659,10583
-0.143,7191
0.692,20
0.185,1848
-0.221,9542
-0.0969,8682
0.118,2349
-0.0854,7325
0.038,4298
-0.347,10735
0.055,3997
0.249,1163
-0.344,10501
0.224,773
0.183,724
-0.0133,5784
0.493,635
-0.241,9691
-0.22,8789
-0.147,10479
0.0787,2861
-0.000618,5263
0.0621,3828
0.733,369
0.000928,5430
0.128,1608
0.0455,4053
0.0527,4249
0.138,2486
0.286,1110
-0.105,8040
-0.046,6819
-0.0398,7308
-0.126,10054
0.39,171
0.0663,3876
-0.337,9966
0.119,2282
-0.113,7097
-0.0908,7719
-0.084,7155
3.39,191
-0.508,10153
0.141,2119
-0.296,10169
-0.105,6758
-0.216,8887
-0.265,8747
-0.102,8349
0.00381,5213
0.0424,4158
0.073,3558
0.202,2791
-0.0475,6497
0.347,587
0.0703,2713
0.0647,2141
0.273,1050
0.112,2491
-0.0158,6056
-0.234,10585
-0.15,9533
0.249,244
0.248,1591
-0.213,8406
-0.0527,6654
0.275,1144
0.244,330
-0.103,8379
-0.067,5914
-0.394,10016
-0.0978,8448
-0.0284,5352
-0.194,9273
-0.0646,6809
-0.00424,5407
-0.0452,7094
0.0766,2559
0.137,2056
0.122,2192
-0.0557,6778
-0.0794,7205
0.0149,4806
-0.0288,5645
-0.402,8735
-0.101,8382
-0.0503,6978
0.258,705
-0.3,10319
0.148,1931
0.206,912
-0.0153,5951
-0.00342,5515
-0.0138,5802
-0.118,7016
0.125,3489
0.377,858
-0.0661,8003
0.0777,3275
0.0633,3074
-0.336,10733
0.0798,3097
0.158,2952
0.119,1394
0.0679,3861
0.214,1610
-0.161,8911
0.0014,5439
0.261,2333
-0.0563,6756
-0.0924,7948
0.124,1989
0.287,1965
0.0383,4574
-0.09,7530
0.194,1188
-0.0801,7448
-0.142,8013
-0.0483,6934
0.038,4504
-0.0683,7368
-0.0699,8011
0.238,445
-0.14,9457
0.0392,4897
0.126,3505
0.214,2470
-0.0922,8439
-0.114,8534
0.196,929
-0.234,8409
-0.11,8418
0.295,1727
-0.102,10249
0.0268,4508
-0.0311,5487
0.117,2221
0.101,4048
0.484,658
-0.12,10068
0.0279,4613
-0.252,9598
-0.262,8226
-0.271,8205
-0.138,9481
-0.0611,8029
-0.225,9999
0.0644,4041
0.00766,5011
-0.428,9185
-0.162,7379
0.164,1626
-0.124,9694
-0.178,9305
-0.158,7126
-0.17,9167
0.198,1357
0.0204,4859
0.0553,3984
-0.117,7504
-0.123,7704
-0.55,10340
0.189,1283
0.198,1660
0.237,1789
-0.0697,7253
0.0722,2944
-0.184,5884
-0.151,8437
0.0721,3317
-0.00686,5919
0.0228,4536
-0.299,9974
-0.796,10184
0.033,4679
0.0674,2719
-0.0305,7061
-0.145,6953
-0.19,7576
0.497,802
0.277,692
0.0771,2967
-0.112,8928
0.188,641
0.0488,3488
-0.0275,6042
0.238,1285
0.0366,4437
-0.376,10691
0.0644,3808
0.0858,3330
-0.315,10955
0.4,1286
-0.074,7597
-0.157,9019
0.166,1328
-0.16,10069
-0.0772,7762
-0.0797,7224
0.0284,4485
0.126,2787
-0.281,9403
0.418,27
-0.0942,7165
0.1,2942
-0.0463,6962
-0.0158,6161
0.144,1571
0.0861,3436
0.263,1290
-0.388,7516
0.298,327
-0.0144,6135
0.0645,4184
0.238,1144
0.245,711
-0.253,10095
0.0336,4684
-0.016,5952
0.0843,3457
-0.191,8237
-0.0112,5602
0.0106,5045
-0.222,10449
-0.05,7530
-0.111,7726
-0.0806,5752
-0.146,8207
0.0661,3467
0.0939,2584
-0.0551,6214
-0.178,10360
0.264,1256
0.0151,5042
0.174,2990
-0.00946,5646
-0.0672,8052
-0.189,9292
-0.074,7702
-0.00206,5533
-0.212,6424
0.096,2948
0.0827,2266
0.464,303
-0.0518,7241
0.673,1995
-0.0779,8145
0.0403,3732
0.0647,2994
-0.087,7491
-0.259,7993
0.179,1524
0.224,2568
0.0791,2865
0.112,2910
-0.207,8147
0.156,1788
-0.397,8731
-0.105,7948
0.00731,5300
-0.203,8867
0.0932,3340
-0.149,10358
0.279,651
-0.243,7278
0.0205,4736
-0.19,9703
0.0312,4504
-0.0453,7180
-0.293,10085
-0.124,8554
0.284,947
0.0191,4613
0.149,2298
0.0657,3440
-0.212,6808
-0.16,8731
-0.0305,6068
0.136,1991
-0.327,10770
0.131,1478
0.146,3631
-0.0623,7594
0.0454,4001
0.465,439
-0.29,9249
0.218,1224
-0.0201,5668
-0.0146,5581
-0.15,7318
-0.0193,5749
-0.0407,6019
-0.0879,8176
0.346,336
-0.0577,8077
-0.0169,6104
0.19,1455
-0.122,8585
-0.0503,7199
-0.159,8331
0.239,958
-0.0697,7577
0.0267,4743
-0.384,10107
-0.0439,6950
-0.0311,5793
0.263,1168
0.381,1553
0.0358,4242
0.23,1188
0.17,719
-0.139,8359
0.118,3345
-0.0338,6707
0.176,2852
-0.344,10645
-0.0468,6376
-0.115,7636
0.144,1999
0.0733,2392
0.161,844
-0.00726,5382
-0.0192,5494
-0.071,6075
-0.454,10808
0.0585,2571
0.0894,1787
-0.298,8054
-0.265,10668
-0.0917,8062
0.02,4889
-0.108,7958
-0.00916,5820
0.291,1146
-0.292,8314
-0.36,8554
-0.0577,7315
-0.131,8873
-0.138,10577
-0.206,7652
0.214,555
-0.524,6845
0.0294,4791
-0.0959,7487
-0.0235,5843
0.0876,3093
-0.211,9467
-0.325,9712
-0.246,9786
0.0191,4623
0.0625,3403
-0.0323,6647
-0.0455,6156
0.0483,4110
-0.187,9957
0.0813,1991
-0.0629,6737
0.0215,4651
-0.0448,5657
-0.28,8517
0.085,2468
-0.116,9077
-0.123,9468
-0.0043,5422
-0.221,9871
0.0502,4131
0.577,567
0.0405,3788
0.00686,5078
-0.0871,7394
-0.0258,6794
0.397,1121
-0.102,5799
0.0387,4329
0.306,1092
0.263,1050
-0.0724,6398
-0.166,9289
-0.128,8072
-0.0958,8393
-0.138,8246
-0.276,9668
0.357,242
-0.128,6962
0.0975,3190
-0.0765,8242
-0.0719,7736
-0.452,10458
-0.145,9991
-0.17,7997
-0.285,9770
0.181,446
-0.0243,6083
0.279,1361
-0.159,8852
-0.36,9992
0.241,1499
0.135,3051
-0.169,9566
0.215,1441
0.0343,4422
-0.123,6892
0.0547,4483
-0.164,8113
-0.127,10565
-0.212,8077
0.0603,3669
-0.336,9967
-0.11,9074
0.00794,5275
-0.17,9404
-0.0418,5390
-0.0559,6477
0.233,2822
0.502,761
0.182,1135
0.0585,3470
0.0748,3738
0.154,3074
0.0875,4066
0.103,3630
-0.0814,7776
0.0801,2625
0.0749,3629
-0.257,8474
-0.0323,6044
0.0896,2935
-0.0351,6481
0.0288,3638
-0.814,9564
0.149,2934
-0.00609,5714
-0.0361,7141
-0.0969,8265
0.0212,4942
0.0129,4810
-0.0762,6994
-0.0286,5857
0.0619,3941
0.206,878
0.159,1535
-0.101,7745
0.732,249
-0.283,8902
0.0474,4109
-0.0869,8088
0.167,1267
0.513,339
0.311,361
0.0156,5130
0.154,3183
-0.067,7117
-0.0294,6142
0.221,2587
-0.114,6524
0.096,3389
0.00747,4965
0.583,82
-0.192,9287
1.15,394
0.0883,2993
-0.0754,7698
0.0905,3744
0.158,2509
0.428,527
-0.42,10635
-0.101,6901
-0.12,9723
0.00744,5072
0.203,709
-0.00164,5560
-0.226,10427
-0.271,8950
0.146,2706
0.185,2829
0.0715,2973
0.0383,4301
0.0576,3671
0.191,2884
0.1,2308
0.312,1047
-0.111,8156
0.159,3000
-0.029,6123
0.514,972
-0.404,9888
0.0521,4205
-0.0447,6923
-0.153,10290
-0.2,10721
-0.46,10518
0.619,884
-0.328,10836
0.295,850
-0.444,10979
-0.116,7879
-0.163,9783
-0.151,7461
-0.242,9026
-0.0268,6815
-0.00832,5476
0.41,270
-0.191,10036
-0.519,9742
0.0154,4850
-0.0797,8689
0.135,2704
-0.0991,7329
0.0627,3818
0.258,1224
-0.176,8102
-0.0252,6039
-0.153,7598
0.127,2761
-0.0752,7054
-0.0519,7591
-0.146,9373
-0.099,7360
0.15,1782
-0.0979,7495
0.0541,3831
0.366,2331
-0.099,9593
-0.0163,5454
0.238,1031
0.24,611
-0.146,8060
0.0192,4961
-0.0879,5895
-0.0602,7482
0.19,1088
-0.0849,7249
-0.218,10266
-0.0228,6085
0.117,3665
-0.0151,5769
0.154,1923
-0.131,8388
-0.144,8625
0.343,2183
-0.172,8404
-0.13,9557
-0.239,9939
-0.108,6266
0.123,2625
0.0774,3457
0.0152,4832
-0.255,10456
0.233,369
0.164,1857
-0.159,6398
-0.399,9924
-0.113,8705
-0.105,9641
-0.136,9091
-0.0301,6276
0.0519,3636
0.00848,4948
0.0244,4588
0.0845,3095
-0.239,10675
0.86,63
-0.145,8129
0.343,201
0.149,2879
-0.0647,8431
-0.219,9818
-0.128,8525
-0.253,7121
0.145,2246
0.0869,2934
0.0368,4848
-0.169,9983
0.0289,4462
-0.128,7192
-0.151,8197
0.272,1373
0.091,2585
-0.0956,8844
0.0377,5013
0.0817,3582
0.00721,5188
-0.0501,7059
0.104,1841
-0.0372,6963
-0.455,10688
0.37,209
-0.00629,4549
-0.269,10982
0.221,1082
-0.237,10370
0.205,2571
0.112,2613
-0.141,8754
-0.00685,5504
0.0813,2375
-0.078,7674
0.0853,4022
0.41,680
0.207,2314
0.039,4343
0.192,508
-0.0638,7379
-0.285,10227
-0.0955,7595
-0.388,10681
-0.225,9029
-0.258,10632
-0.0383,6845
0.0575,4083
0.255,2764
0.111,1996
-0.0491,7408
-0.192,9677
0.0439,4373
0.133,1337
0.048,3208
0.167,1889
0.1,956
-0.148,9228
-0.0405,7123
-0.183,10791
0.0833,2776
0.297,526
-0.00613,5534
-0.225,9844
0.108,3103
0.0814,2502
-0.00162,5343
-0.0777,7647
-0.193,8128
-0.0886,5836
0.564,1223
-0.342,9522
-0.175,9802
-0.187,7386
-0.00222,5465
-0.0603,7800
-0.102,8111
0.0672,3836
0.157,1305
0.0357,4330
-0.201,7101
-0.0432,7454
-0.227,10186
-0.181,9398
0.103,3715
-0.156,7341
-0.287,9648
0.0544,3332
-0.106,7660
0.0106,5117
0.0705,3349
0.183,1310
0.191,2131
0.0437,3303
0.169,922
-0.218,8679
0.0819,3625
0.159,2580
-0.0323,6117
0.132,1475
0.0103,5131
0.0675,3844
-0.0916,7809
0.551,1237
0.12,2923
0.0305,4216
-0.218,9916
-0.245,10062
-0.112,7914
0.0306,4625
-0.16,7822
-0.0574,6818
-0.36,11034
-0.213,9449
0.148,3158
-0.0262,5099
-0.158,9413
0.142,2552
-0.339,10705
0.26,1593
-0.136,8505
0.0939,3301
-0.242,7327
-0.145,7903
0.112,2113
-0.0755,7344
-0.0906,7837
0.27,611
0.155,1944
0.013,5044
0.349,709
0.284,1072
-0.148,6892
-0.0831,8450
0.0813,2119
0.169,1225
0.173,1126
-0.169,9492
-0.0632,6784
-0.0882,7093
0.043,3947
-0.103,8460
-0.186,7923
-0.197,4989
-0.26,9400
0.0879,2001
-0.144,8800
-0.105,9633
-0.0526,6003
-0.0751,6649
0.151,2082
0.0505,2845
-0.396,6577
-0.0322,5452
0.351,871
0.164,2432
0.14,1345
0.011,4840
0.0384,4383
-0.252,9341
-0.335,7689
0.0345,4352
0.00947,4978
-0.00261,5696
-0.0371,6520
0.629,80
0.0665,2944
-0.324,10187
-0.159,10281
0.00254,5207
-0.21,8261
0.124,1617
-0.557,9698
-0.0793,7489
0.127,2484
-0.275,9984
-0.0769,6479
0.22,1215
-0.0324,6320
0.0253,4820
0.268,951
-0.225,8410
-0.353,10557
0.167,1740
0.038,4398
0.0189,4841
-0.0882,7883
-0.142,9779
-0.0298,6194
0.0302,4684
0.032,4587
-0.144,8540
-0.061,7161
0.124,1610
0.0446,4325
0.0534,4095
0.509,97
-0.194,9031
-0.263,10155
0.115,2207
-0.186,8817
-0.171,7678
-0.128,7175
0.13,2588
0.0521,2096
-0.235,10427
-0.0129,5918
0.0834,3685
0.258,1250
-0.128,7230
-0.062,6425
0.0985,3044
-0.219,9516
0.429,492
-0.296,10471
-0.149,5571
-0.0713,7689
0.218,1181
0.249,861
0.0363,4261
0.0372,4543
-0.0955,8169
-0.00502,5739
0.197,553
0.113,2074
-0.229,9650
-0.147,7963
-0.167,6647
0.0421,3880
-0.131,8886
0.311,1455
-0.0988,7148
-0.189,7042
0.295,893
0.104,865
0.11,3605
-0.0143,5821
0.0485,4322
-0.0278,5796
-0.232,9426
-0.0221,6070
0.00425,5155
-0.169,7899
-0.185,9365
-0.0986,6976
-0.00327,5282
-0.0603,7129
-0.0221,5626
-0.0864,8881
-0.106,9471
-0.167,10457
-0.187,10374
-0.134,9975
0.00463,5019
-0.214,8709
-0.235,7542
-0.111,6849
-0.29,9574
-0.0468,6969
0.0274,4637
-0.157,10014
0.178,2103
-0.173,8679
0.337,206
0.056,3100
0.00205,5360
-0.0601,6816
-0.173,8922
-0.0519,5976
-0.0896,6533
-0.104,7572
-0.114,8609
0.186,2657
0.105,3509
-0.011,5139
0.0241,4529
-0.311,10886
-0.0296,6595
-0.00966,5306
-0.0444,6266
-0.311,10860
0.0149,4549
-0.136,9744
0.165,928
0.18,1977
0.069,3930
0.394,1144
0.08,2808
-0.0638,8312
0.145,2071
0.0455,3430
0.156,1205
-0.122,7840
0.0356,4617
0.0979,3511
-0.155,9141
-0.0292,6229
0.323,637
-0.0905,7272
-0.301,10595
0.42,1069
0.14,739
-0.121,7681
-0.125,7669
0.0596,3644
0.242,1355
0.0585,4560
-0.087,8658
-0.0475,7155
-0.00985,5803
-0.00672,5281
-0.0538,6758
0.133,1838
-0.111,9170
-0.245,10675
0.0748,4208
-0.317,10194
-0.39,9150
-0.114,8592
-0.169,9690
-0.14,9338
-0.0174,6048
-0.0516,6865
-0.218,10145
-0.0527,5781
0.106,3823
-0.118,7657
-0.12,8275
-0.104,7959
0.293,1408
0.385,1567
-0.249,10769
-0.0782,8303
0.153,1430
0.43,86
-0.153,8744
-0.234,9970
0.385,1261
-0.0312,6551
0.0128,4975
-0.024,6027
-0.122,7945
-0.144,8636
-0.0388,7712
-0.132,8190
0.0211,4481
0.178,1759
-0.153,9254
-0.229,9851
0.207,2965
0.0367,3810
-0.00503,5567
-0.0156,6321
-0.259,9144
0.0477,4207
-0.0699,6091
0.381,365
-0.00297,5572
-0.102,7447
-0.182,9385
-0.0907,7551
-0.0119,5323
-0.108,7958
-0.16,9735
0.414,255
-0.12,7687
-0.0189,5904
-0.0309,5261
0.0169,4763
0.183,523
0.0647,4077
-0.0195,5735
-0.291,7906
0.72,708
0.046,3660
0.304,520
-0.195,9051
-0.126,7780
-0.227,9335
0.0458,4619
-0.209,10821
0.176,1641
0.166,1208
0.118,3323
0.235,536
-0.203,7279
0.00265,5294
0.0044,5298
0.486,509
0.232,1215
0.482,9
0.639,275
-0.231,10993
-0.124,10410
-0.17,8287
-0.0524,7211
-0.0566,6530
-0.0425,6031
0.266,1744
0.251,1862
-0.233,9035
0.0836,3679
-0.266,8439
-0.0617,6797
0.201,881
0.0438,3679
-0.123,5026
0.101,3601
-0.0767,6305
-0.0885,8871
-0.135,10592
-0.162,10254
-0.123,8756
-0.426,10774
0.665,538
-0.353,10592
-0.0103,5516
-0.0146,5447
-0.142,7185
-0.222,9343
-0.0794,6259
0.0704,3859
0.0133,4960
0.0279,3583
0.288,1324
-0.35,7702
0.203,1273
0.0196,4744
-0.249,10936
0.129,2725
0.105,3642
0.0179,4875
-0.0692,6409
0.0571,4380
-0.314,10483
0.131,1266
0.447,159
-0.0239,5705
-0.117,7561
0.175,1760
0.0695,2480
-0.116,8233
0.00506,4982
-0.11,6843
-0.292,9971
0.351,1774
-0.131,5785
-0.0517,7846
0.213,1998
-0.0451,6311
-0.0536,6436
-0.329,10058
0.168,1948
-0.118,7738
0.37,1238
-0.0825,7622
-0.105,7479
-0.187,9942
0.155,1521
0.0179,4881
0.388,939
-0.125,8081
0.0911,3179
0.154,2575
0.135,2466
-0.125,8735
-0.285,10238
-0.386,10705
0.657,1061
0.258,2351
-0.208,9821
-0.124,7256
-0.225,10400
-0.0878,7729
-0.215,9968
-0.323,10408
-0.086,8198
0.16,1024
-0.173,9158
0.0772,3601
-0.0673,6703
0.156,2394
0.00698,5096
-0.14,8390
0.036,4697
0.101,2556
-0.248,10452
-0.0374,5965
0.0625,1832
0.107,3035
0.375,527
0.00913,5055
-0.166,8447
-0.19,7288
0.389,127
-0.0815,8762
-0.151,9036
-0.2,10637
0.127,3131
0.0238,4473
0.0621,4075
0.205,1369
-0.0555,6481
0.164,1197
0.199,2671
0.198,2050
0.122,3659
0.18,1811
-0.11,7642
-0.396,10790
-0.204,9999
0.131,2013
-0.0364,6779
-0.121,9132
0.305,1383
0.277,1604
0.083,3440
0.269,1293
0.0656,3836
0.00845,4906
-0.0246,5943
-0.018,5897
-0.32,8874
-0.167,8705
0.0402,4053
0.336,381
0.0597,4073
-0.0113,5553
0.276,1756
0.122,2317
-0.0459,7290
0.0441,3181
0.052,4610
0.211,1642
0.0612,3951
-0.358,9662
-0.118,7909
-0.102,7979
0.0718,3507
-0.174,6846
-0.106,6921
-0.177,8271
0.124,1862
-0.0456,6291
0.204,2094
0.31,256
-0.248,10497
-0.0364,6168
0.187,912
0.0961,1593
-0.0828,6763
0.108,2668
-0.137,7017
0.0479,4266
-0.121,9253
-0.286,10516
-0.176,9784
0.263,1061
-0.12,9683
-0.298,9980
0.0328,4393
0.234,1592
0.132,2353
-0.0497,7080
0.207,1207
-0.491,10544
0.0212,4842
-0.0338,5525
-0.204,9786
0.0148,4689
0.0703,3939
0.333,844
-0.311,10862
-0.0309,7258
-0.0317,6412
-0.293,9807
0.00559,5045
-0.205,10931
0.0197,4195
-0.12,8119
-0.00935,5364
0.169,1525
0.231,2162
0.218,1740
0.199,379
0.13,1664
0.14,3043
-0.0757,7587
-0.0173,5754
0.0379,3727
-0.0822,9710
0.0135,4633
3.05,0
0.337,2291
0.0468,3392
-0.0743,7654
0.114,1816
-0.219,10112
-0.322,8048
0.399,1087
0.327,817
-0.168,8685
0.0534,3385
0.0518,3830
-0.0611,6870
0.222,2736
-0.536,10677
0.00798,5013
0.166,1857
0.187,1613
0.037,3753
0.385,537
0.11,2989
0.416,482
0.157,906
0.34,577
0.11,2640
-0.256,9009
0.115,3824
0.144,1122
-0.172,9205
0.00424,5256
0.049,4142
-0.0895,7361
-0.178,9627
0.0804,2953
-0.0723,6424
-0.0661,6895
0.29,175
-0.0308,5423
0.0851,3653
-0.0468,6851
0.0192,4519
-0.175,8439
0.101,3228
0.365,225
0.127,1954
-0.13,8966
-0.172,10499
0.553,419
0.311,1013
-0.056,6167
0.0494,3854
-0.0719,9235
-0.034,6179
-0.116,8294
-0.195,10757
-0.0268,6161
0.00442,5131
-0.0222,5921
-0.184,9325
-0.186,9492
-0.345,10669
-0.168,8856
0.216,948
-0.303,9652
0.0109,5290
0.0165,4528
0.0525,3867
0.195,1519
-0.172,7699
0.163,1109
-0.00251,4791
0.0943,2689
0.0702,4025
-0.396,10813
0.378,538
-0.033,6256
0.218,409
-0.0809,7809
0.052,4499
-0.179,7415
0.467,951
-0.315,10853
0.0606,3539
0.282,1117
-0.161,9260
0.0478,4057
-0.0936,6989
0.093,1752
0.213,1782
0.191,1814
0.093,2106
-0.231,9831
0.243,1278
0.0482,4101
0.00578,4960
0.124,2714
-0.251,10094
-0.36,9310
-0.0753,7093
0.144,1212
0.126,2653
-0.0615,6996
-0.324,9831
0.0917,4042
-0.101,6100
0.0415,3472
-0.107,6503
0.0581,3735
0.155,2247
-0.195,8650
1.31,723
0.0493,3797
-0.18,6881
0.25,2089
0.201,790
0.116,3453
-0.004,5479
-0.0699,7918
-0.177,8946
-0.151,9551
-0.0357,6072
0.14,2053
-0.0246,6229
0.0103,5044
0.244,517
0.189,2693
-0.183,9307
0.165,2555
-0.323,9429
0.125,2198
-0.137,8764
-0.0626,7141
-0.199,9220
-0.114,8018
-0.163,8863
0.000884,5617
0.2,1561
0.109,2702
0.0407,4026
0.0676,3928
0.477,411
0.0288,4495
0.108,2375
-0.201,9848
-0.126,8559
-0.0391,6152
0.196,3059
-0.0064,5638
-0.0146,6173
0.323,211
-0.316,10160
-0.117,7625
-0.0189,5438
-0.0555,7033
0.00696,4906
0.0694,3910
0.0751,3789
-0.13,8526
0.245,2084
-0.166,9365
0.0273,4165
0.367,583
-0.108,7141
0.3,2060
0.0377,4651
-0.00549,5650
-0.141,8508
0.2,2696
-0.256,10770
0.0971,3244
-0.103,8330
-0.0192,5897
-0.0466,7019
-0.193,9710
0.0671,3907
-0.247,8719
-0.2,9154
-0.0961,7525
0.15,987
0.133,1080
0.091,2756
0.243,1875
-0.022,6197
-0.148,7470
0.301,336
-0.0675,7915
-0.145,8486
0.182,343
-0.147,8804
0.241,676
-0.352,10981
-0.319,9901
-0.012,5721
0.752,238
0.411,524
0.0153,4631
0.177,631
-0.0858,7980
0.11,2606
0.0441,3626
-0.44,10609
-0.137,9220
-0.0549,7355
-0.149,8178
-0.272,9968
-0.128,8552
0.196,1618
0.11,2820
0.0708,2371
-0.0588,7059
-0.0555,6894
0.0936,3901
0.103,2456
0.179,470
-0.125,8173
0.151,2402
-0.152,9375
0.223,1857
-0.00938,5565
0.0902,2757
-0.052,8208
0.17,1296
-0.0743,8178
0.455,239
0.287,919
0.0279,4493
-0.0346,7484
0.433,476
-0.0604,6673
0.504,433
-0.118,5499
-0.0746,7487
0.0745,3446
-0.244,9148
0.0818,2109
-0.163,9712
-0.0561,6376
0.133,2649
-0.148,9757
-0.162,8363
-0.148,9238
-0.25,9811
-0.173,5149
-0.302,9157
0.113,2594
-0.325,10131
0.105,2853
-0.0182,5332
-0.041,6167
0.0282,4580
-0.0276,6537
-0.21,8982
-0.112,6451
-0.328,10736
0.133,2805
-0.0744,8130
-0.0614,7327
-0.041,6815
-0.352,10034
0.0504,4067
0.446,1484
-0.0213,6601
0.384,38
0.0804,4065
-0.347,10602
-0.101,6369
-0.225,8387
0.164,1666
-0.118,9528
-0.213,10281
0.157,920
-0.169,8924
-0.077,6532
0.0185,4809
-0.281,9492
-0.125,7199
0.0251,4731
-0.297,9972
-0.244,10394
-0.236,10011
0.0735,2410
-0.0671,7114
0.0128,4893
-0.0552,6981
0.00228,5062
-0.0763,7964
-0.0102,6060
-0.0704,7469
-0.316,9465
0.31,1061
-0.308,10192
0.0155,4287
-0.026,6349
0.243,1210
0.519,13
0.0992,3007
-0.124,7501
0.143,1511
-0.229,10348
0.0304,4244
-0.207,10889
-0.262,10242
0.121,2319
-0.109,8693
-0.0798,7815
0.00668,5183
-0.484,10535
-0.0659,6555
0.0333,4135
0.0225,4562
0.035,4437
1.18,39
-0.211,8885
-0.175,7643
-0.0894,5930
0.0243,4894
-0.0195,5989
-0.116,7834
0.151,2458
-0.299,7566
-0.0208,5808
0.52,283
-0.0999,8206
0.119,2127
-0.0539,6691
-0.323,9349
-0.0642,8227
-0.01,6090
0.00531,5094
-0.0185,5914
0.298,1152
-0.392,10169
0.562,495
-0.112,9253
-0.0908,7841
-0.0485,5940
0.0398,4363
-0.0681,6351
-0.0263,6067
-0.121,7439
-0.048,7634
0.092,2883
-0.156,9125
-0.202,8939
-0.303,10337
0.207,143
0.1,1973
0.221,1873
0.201,1638
-0.0598,8373
0.817,64
0.246,469
0.00801,5100
0.0475,4021
0.234,2310
0.194,2624
-0.122,9791
0.283,200
0.195,438
0.0454,3603
0.125,2447
0.0221,4537
0.968,237
0.191,1494
0.0853,2785
-0.0642,6841
0.25,154
-0.0783,7616
0.0497,3214
0.079,941
0.159,1044
-0.219,9854
0.438,94
-0.0834,6645
0.62,249
-0.0683,6740
0.0358,4164
-0.066,6411
0.12,3163
-0.11,9343
0.235,2981
0.42,845
-0.132,9775
-0.158,9924
-0.0253,5893
0.252,1103
0.427,847
0.0635,2480
-0.171,9479
0.439,56
-0.185,8333
0.294,776
-0.408,10229
-0.206,9059
-0.0222,6253
8.33e-17,2765
