coef,rank
-0.12,7048
0.138,2466
-0.0685,7859
-0.54,10831
-0.253,5779
-0.034,4921
-0.0965,6064
0.0587,3877
0.0186,4491
0.00608,4872
0.387,334
0.088,3616
0.133,1964
-0.136,9918
-0.3,10887
-0.0316,6192
0.376,1725
0.439,1533
-0.0366,7140
-0.0744,9336
0.0695,3397
0.135,1623
0.343,1426
0.0513,4555
0.0442,4179
-0.139,8201
-0.0897,6645
-0.172,8530
-0.06,7900
-0.325,7595
-0.0232,5854
-0.181,10051
0.16,2418
-0.0729,5921
-0.2,9217
-0.371,10399
0.139,2022
-0.107,9426
-0.146,9021
-0.102,6726
-0.176,8910
-0.0235,5705
-0.0376,6646
-0.057,8524
0.0934,3298
0.213,912
-0.0517,6436
0.172,2495
0.109,1090
-0.0334,7245
-0.0605,6446
-0.0731,7683
0.657,52
0.142,2660
-0.296,10244
0.0939,1929
-0.0286,5953
0.143,2902
0.0726,4250
-0.187,8376
0.0657,2582
-0.117,9319
0.0712,4021
0.459,234
-0.12,9540
0.026,4029
0.00743,5085
0.0757,2788
-0.243,10671
-0.0218,6072
-0.192,9581
0.473,1536
-0.118,8710
-0.0317,6266
-0.103,8041
0.0105,4972
-0.478,10385
-0.0982,8641
0.137,1898
0.103,2367
-0.0706,7723
0.0544,3885
-0.605,10706
-0.0924,6514
0.203,442
-0.109,8795
0.293,530
-0.127,7497
0.061,3672
0.576,277
0.0386,3935
0.0321,3844
-0.12,7824
-0.061,6565
-0.231,8832
0.196,2235
-0.238,9500
0.089,2508
0.0706,4056
-0.00336,5766
0.208,1290
0.0698,3795
-0.102,8696
-0.14,9416
-0.0619,7055
0.0068,5144
-0.226,8385
0.271,1488
0.192,1948
-0.0781,7083
-0.112,7553
-0.0979,7809
0.294,2694
0.00574,5159
0.000924,5514
-0.000209,5548
-0.105,7337
-0.0936,8101
-0.0291,6528
0.337,671
0.151,2165
0.0611,2948
-0.175,10382
0.047,3742
-0.27,9375
-0.314,8658
-0.0799,8283
-0.211,9522
0.0813,3906
0.148,2015
0.0858,3727
-0.254,9896
-0.0839,8250
-0.0455,6895
-0.047,5977
-0.144,9693
-0.437,7140
-0.0829,6208
-0.0653,7642
-0.118,8868
0.0502,4685
0.0186,4811
-0.000956,5217
0.112,2972
0.109,2725
-0.124,8948
0.078,3746
0.196,1646
-0.151,9996
-0.0533,6129
-0.124,8954
0.217,383
-0.871,8837
-0.0246,5614
0.572,738
-0.101,7590
-0.128,9370
-0.224,10166
0.109,3584
0.131,2435
-0.0884,7809
-0.0987,8308
-0.0936,7674
0.0138,4629
0.176,1567
0.112,3063
0.0959,2349
-0.105,9081
-0.0379,6391
-0.179,10358
-0.107,7852
-0.395,10127
0.0356,3960
0.0307,4002
-0.138,10776
-0.088,7808
-0.0614,7417
0.17,2334
0.435,1777
-0.0303,6719
-0.174,9982
0.187,1854
-0.0561,6786
0.129,2386
0.0586,2958
0.0684,1685
0.0715,3122
-0.000813,5409
-0.37,10646
0.143,1618
0.74,660
-0.166,9951
-0.251,10785
-0.0273,7138
-0.0113,5630
-0.386,10862
-0.386,10121
-0.127,9021
0.381,556
-0.033,5992
0.0061,5114
0.0737,3752
-0.0504,6495
0.0433,4661
0.0937,1887
-0.0452,6746
0.0381,4556
-0.318,8909
-0.0872,7580
0.0478,4348
0.0647,3290
-0.131,9979
0.337,217
-0.264,9882
-0.112,7428
-0.238,9635
-0.0212,6788
-0.311,10987
0.0405,4277
0.0793,3704
-0.258,9228
0.17,2707
0.273,1004
0.0292,4158
0.179,310
0.196,2131
0.59,285
-0.0368,6501
-0.0102,5781
-0.105,9377
-0.139,10120
-0.0132,5586
0.33,518
0.164,2249
0.35,980
-0.0192,6523
0.0608,3708
0.139,2545
-0.122,7097
0.157,1995
0.0299,4555
-0.337,6362
-0.232,8261
0.0353,4325
0.12,2430
-0.211,9652
-0.0582,7464
-0.156,9138
-0.0765,7083
-0.014,5696
0.215,4119
-0.209,8578
0.214,337
0.167,563
-0.28,9202
0.571,572
-0.446,10288
-0.281,7731
0.224,836
0.197,900
-0.225,10469
0.104,2772
0.148,2498
0.186,1848
0.16,1592
-0.187,9405
-0.287,9129
0.0318,4651
-0.254,10509
-0.433,10769
-0.168,9424
-0.135,10483
0.0937,2725
0.000884,5127
-0.135,8143
0.0452,4045
-0.031,5990
0.202,1902
-0.0357,6265
0.0753,3583
0.625,77
0.182,1281
-0.268,10715
-0.248,9842
-0.0667,6852
-0.0338,5962
-0.23,9309
0.138,2335
0.00209,5411
0.0804,3349
-0.122,7671
-0.019,5580
0.356,686
-0.101,7269
-0.025,6663
0.0406,3947
0.121,3555
0.209,1098
-0.386,10360
-0.287,9310
-0.0636,7020
0.0941,2539
0.0818,3139
0.00166,4998
0.112,2821
0.0665,3979
-0.0757,8461
0.13,2655
0.234,679
0.437,841
-0.174,7880
-0.124,8965
0.0159,4611
-0.0984,8237
-0.0245,6235
0.0199,4894
-0.193,8592
0.265,1173
-0.289,9713
0.524,411
0.898,21
0.141,2337
-0.196,8499
-0.0298,5464
0.149,989
-0.197,9987
0.0518,3725
0.141,2041
-0.135,10025
0.0193,4934
-0.0795,8487
-0.0613,7425
-0.306,10026
-0.446,10844
0.0248,4580
0.484,1001
0.016,4683
-0.0953,8798
0.0773,2943
-0.0729,7733
-0.0774,7615
-0.265,9714
0.102,2023
0.175,2907
-0.00312,5129
-0.0275,6651
-0.0176,6175
0.213,1462
-0.269,10858
0.059,3786
-0.0661,4887
1.44,52
0.309,2480
1.72,204
-0.252,8309
1.03,590
-0.169,8431
-0.0987,7465
0.00118,5352
-0.309,10697
0.0671,2417
0.0145,4379
-0.71,9756
-0.0182,5656
-0.247,9796
-0.015,5740
-0.234,10176
0.148,809
0.226,2346
0.0808,3668
-0.19,9942
0.00697,5074
-0.00446,5278
0.00659,5070
0.0142,5055
0.51,318
-0.173,8052
0.123,3855
-0.105,7708
0.061,3301
-0.0208,5406
-0.275,11028
-0.164,8477
-0.0939,6159
0.044,4071
-0.0695,7419
0.00471,5108
-0.373,10853
-0.0679,5458
-0.0456,6013
0.0914,2416
-0.0519,6733
0.364,265
0.131,3421
-0.00789,5530
-0.2,7706
0.041,4307
0.0615,3267
0.537,786
-0.108,8407
-0.0355,5985
-0.0258,5986
0.122,2350
0.102,2551
-0.118,8243
0.413,413
-0.24,9609
-0.177,6910
0.0761,473
-0.0401,6517
-0.204,9361
0.15,3194
-0.0407,6078
-0.462,10969
0.0325,4246
0.0167,4264
0.0337,1817
0.0802,3337
-0.192,7613
-0.125,8329
0.211,2619
0.0842,2109
-0.115,7460
-0.163,8463
-0.05,6077
0.338,2056
0.146,2715
0.00322,5351
-0.15,8686
0.422,546
0.153,2536
-0.15,8890
0.0599,2892
-0.0105,5889
0.321,626
-0.0601,6728
-0.241,9552
-0.0841,8010
0.0422,4465
-0.0495,7248
-0.042,7325
0.0828,3210
-0.416,10182
-0.364,10603
-0.366,9670
0.0967,2296
0.282,1137
0.238,1837
0.44,1396
-0.211,8883
-0.041,5660
0.0501,3939
-0.173,7565
0.349,1253
-0.127,8628
-0.275,9177
-0.0369,6295
-0.168,10643
-0.124,10155
0.0342,4570
0.0262,4736
-0.201,9957
-0.182,9966
-0.0634,7806
0.351,1085
-0.0178,5640
-0.0469,6072
-0.0951,7904
0.0127,5032
-0.316,10838
-0.222,10565
0.065,3965
0.0954,3172
0.0546,3541
0.442,65
-0.187,9687
-0.144,8922
-0.0898,7764
0.176,3187
-0.215,10274
0.227,1038
-0.0933,8565
0.22,2104
-0.118,9172
-0.123,7742
0.402,893
0.182,1290
-0.0302,6363
-0.111,9055
-0.283,10852
-0.152,9671
0.109,2780
-0.297,10825
-0.00217,5877
-0.0396,6627
-0.0121,5868
0.3,1943
-0.141,6741
-0.0996,8648
0.161,1361
-0.129,9544
0.104,2878
-0.339,10637
0.146,3711
-0.146,8768
0.0865,1626
-0.0087,5563
-0.361,9521
0.00875,5309
-0.11,6137
0.0733,3831
0.123,3073
0.258,132
0.0401,4531
-0.293,8426
-0.0597,5984
0.606,575
-0.225,10896
0.0751,2874
0.0103,5091
-0.115,8910
0.495,512
0.0649,3691
-0.021,5926
0.346,352
0.0215,4704
0.0796,3911
0.144,3377
-0.887,10775
-0.0298,6408
-0.149,9313
-0.248,9991
0.191,1763
-0.128,8528
-0.231,8993
0.015,4668
-0.109,9901
1.83,317
-0.201,6458
0.147,3893
0.478,2279
0.0601,3473
-0.0322,5838
-0.000757,5312
-0.0949,7296
0.284,980
-0.242,10217
0.137,1732
0.321,621
0.267,703
0.112,2644
-0.275,8169
0.444,2134
-0.111,8478
0.0559,3901
-0.0669,6625
-0.207,9651
-0.0521,6486
-0.0679,6703
0.271,619
-0.197,8964
-0.229,10224
-0.234,10590
-0.305,10325
0.0187,4966
0.0122,5009
-0.0151,5906
-0.0115,5820
-0.0482,6724
-0.0204,5558
0.0945,2126
0.239,546
0.42,595
0.0507,4110
-0.177,9300
-0.261,10133
0.0941,3435
0.0269,4549
-0.0348,6847
-0.0399,5552
0.0972,2758
-0.453,10895
0.992,454
-0.144,9423
0.0182,4784
-0.0206,5333
0.247,324
-0.151,9874
0.326,632
-0.272,10856
0.315,161
-0.218,10324
-0.0547,7146
0.363,1318
-0.0544,6077
0.094,1326
0.00689,5188
-0.259,9517
-0.333,10875
-0.062,6589
-0.114,8545
-0.197,9958
-0.0529,6964
-0.0261,5859
-0.222,8778
-0.123,8494
0.217,2230
0.138,1755
-0.0898,8656
0.243,2071
0.0524,3135
0.211,2707
1.32,116
0.0754,3354
-0.189,10175
-0.0719,6948
-0.289,10741
0.131,2921
0.318,827
-0.124,8649
0.264,193
0.0117,4801
0.0633,3624
-0.215,10153
0.264,826
-0.0929,8034
-0.134,7597
-0.124,9402
-0.185,8170
-0.717,10216
-0.0564,7378
0.0614,2796
-0.177,10814
0.102,2512
0.331,931
0.141,2597
0.0516,3466
0.173,204
0.178,1045
0.134,2823
-0.301,10028
-0.223,8836
0.294,885
-0.0975,7383
-0.0666,6392
0.112,2758
-0.279,9366
-0.12,8548
0.0177,4763
-0.0452,6695
-0.397,6326
-0.015,6135
-0.0632,5957
-0.127,7453
-0.0159,6421
-0.428,10100
-0.545,9191
-0.474,6667
-0.382,9542
-0.508,9720
-0.034,5634
0.144,2860
0.128,2112
-0.256,10648
0.158,1429
0.0234,4048
0.228,1877
0.00838,4926
-0.244,7966
0.119,2005
-0.0938,7957
-0.0644,7623
0.0381,4533
0.233,683
-0.246,9203
-0.0596,7269
0.107,2871
-0.328,10701
-0.119,6701
-0.205,8998
0.0874,3564
0.301,1110
0.00128,5401
-0.0267,6473
0.604,296
-0.0252,6407
0.149,2765
-0.0227,5836
-0.0849,8148
-0.0544,6139
0.416,282
0.251,2662
-0.112,8005
-0.081,6742
-0.144,9054
0.0318,4309
-0.329,10184
0.0766,3603
-0.0685,6579
-0.283,9660
-0.00767,5321
-0.209,10102
-0.0518,6639
-0.354,8473
0.119,3193
0.148,2638
0.0387,4211
-0.0724,7360
0.0639,3191
-0.288,10688
0.238,2865
-0.107,4380
0.0816,3089
-0.0635,8109
-0.136,9729
0.0343,4683
-0.0973,9464
0.406,1095
-0.0234,5855
-0.038,7135
0.0718,4015
0.0186,4820
-0.384,10782
-0.267,10119
0.0777,3761
0.0393,4158
-0.229,8991
0.0752,4076
-0.314,7877
-0.333,9892
-0.158,10159
0.388,366
-0.11,7583
0.0116,5136
0.0626,3786
-0.14,6875
0.00677,5049
0.132,2360
0.00286,5349
-0.266,10842
0.00608,4763
0.123,3880
-0.296,10939
-0.0923,8658
0.00343,5157
0.129,2258
0.113,2856
-0.247,8998
0.0767,2854
0.167,1489
-0.297,10655
-0.481,10689
-0.0204,5907
0.0303,4356
-0.0477,7136
-0.091,9158
-0.0363,6178
-0.491,10900
0.0409,3729
0.0583,3963
-0.0795,6716
-0.117,9372
-0.214,9682
0.0678,3759
0.206,1791
-0.356,9651
0.166,1937
0.174,2231
0.0793,3317
-0.392,9866
0.225,1995
-0.0568,6636
0.0173,4710
0.514,584
-0.362,9498
0.152,2723
-0.178,8409
0.0444,4438
0.166,1275
-0.258,10124
-0.0892,6767
-0.133,9923
-0.427,9289
-0.0415,5800
-0.0546,6744
0.00612,5389
0.0705,3880
-0.096,7061
-0.149,9204
-0.342,9939
0.024,4507
0.0905,2793
-0.0127,6863
0.0517,192
0.0433,1168
-0.0197,8812
-0.0185,8743
-0.799,8487
0.304,688
1.37,181
1.67,485
0.0142,4233
0.156,1979
-0.118,7801
0.0518,4333
-0.191,8921
-0.217,7585
0.0789,3065
0.452,376
0.0956,3625
-0.0275,6114
-0.186,8434
0.0182,4457
-0.134,8563
0.253,927
-0.0594,6290
-0.128,7468
0.232,2757
-0.115,7216
-0.0785,7290
0.089,3586
0.569,2008
0.246,2047
0.0671,3997
-0.554,7301
-0.136,8460
-0.125,8895
-0.0805,6799
-0.00865,5734
0.0494,3819
-0.101,9024
-0.00289,5377
0.219,2192
-0.151,9295
-0.261,8351
0.134,2597
-0.269,10968
0.0643,2055
-0.0382,6105
-0.00679,5479
-0.19,9242
0.52,537
-0.0331,5804
-0.0392,6397
-0.36,10554
0.19,1773
-0.394,10946
0.108,2269
-0.0251,6510
0.0973,2920
-0.118,8384
-0.117,9278
0.115,3344
0.133,3580
0.0381,4380
0.0694,3055
-0.502,8320
-0.132,9231
0.257,1510
-0.09,7118
0.148,1735
-0.107,7724
0.0741,3825
0.201,612
0.204,2379
-0.187,9832
-0.0182,5839
-0.0504,6923
0.00168,5402
-0.219,9939
0.402,297
0.101,3741
-0.0566,7784
0.0327,4083
-0.324,8649
0.543,177
0.267,456
-0.0351,6178
-0.0181,5740
-0.0695,8212
-0.607,7507
-0.327,6107
-0.0022,5420
-0.0187,5002
-0.0688,6891
0.00626,5239
-0.192,8181
-0.28,10827
0.746,109
-0.127,10341
0.195,946
-0.0719,7699
-0.757,10540
-0.747,9487
-0.479,7661
-0.399,10618
-0.208,9346
-0.267,10308
-0.212,7287
-0.0701,7271
0.164,1006
-0.0668,7371
0.0763,3188
-0.154,8793
0.126,2757
-0.0583,6920
-0.121,8522
0.27,505
-0.139,8765
0.0113,5095
-0.00837,5392
0.163,2554
-0.0824,6974
-0.112,7740
-0.0851,7779
-0.51,10389
-0.372,10222
-0.264,10326
-0.0465,5897
-0.0517,6703
-0.161,9406
0.292,1022
0.26,594
-0.387,10840
0.148,1173
0.0013,5240
-0.0287,7138
0.0917,3482
0.00313,5397
-0.0433,6066
-0.00419,5693
-0.352,10701
-0.0621,8027
-0.242,7197
-0.125,7283
0.112,3639
-0.319,10144
0.101,1599
-0.102,7596
-0.404,9047
0.233,967
0.0942,2766
-0.321,9345
0.0796,2752
-0.181,9200
-0.058,5925
-0.244,10066
-0.241,9972
-0.224,8853
-0.0843,9175
-0.054,7182
-0.215,8424
0.253,489
-0.155,7813
0.392,1402
0.0746,3943
-0.463,10833
0.208,1531
-0.00483,5439
0.0646,3125
-0.259,9776
-0.286,8589
-0.204,8516
0.983,64
0.118,1772
-0.251,10242
-0.0533,7309
-0.377,9904
-0.279,8177
1,1212
0.00626,5086
0.126,2446
1.14,78
0.144,2180
-0.405,10196
-0.0683,7554
-0.144,10094
-0.0582,7769
-0.00945,6104
0.162,2654
0.0991,2077
0.13,1640
-0.165,10421
0.0771,3012
-0.0784,7266
0.179,1101
0.309,1443
0.222,2546
-0.193,9688
0.262,874
0.0638,3889
-0.21,9484
-0.163,8727
-0.194,8947
-0.0942,7375
0.0126,4929
0.24,1283
-0.0387,5850
0.309,1498
-0.284,10589
-0.245,10579
0.354,1186
0.381,616
0.0435,4071
-0.232,9687
-0.0906,7798
0.0322,2993
-0.313,9950
-0.197,5888
-0.454,9743
0.0176,4982
-0.0188,6068
-0.0044,5615
-0.0112,5227
0.046,4245
0.268,2763
0.172,880
-0.00783,5464
0.0353,3646
0.0678,3954
-0.248,9388
0.722,1000
-0.47,10743
0.049,4415
0.022,4839
0.229,1843
0.306,658
-0.426,10803
-0.331,9850
-0.0309,6322
-0.129,8837
-0.241,7726
-0.0648,7088
0.0338,4595
0.28,2486
0.242,450
0.0502,4002
0.0112,5024
-0.00998,5324
-0.444,10772
-0.133,6978
-0.0906,7400
-0.0797,7570
-0.0252,5955
-0.0563,6186
-0.0817,8249
-1.09,10820
0.0712,2222
-0.106,8672
-0.252,9706
0.0584,4242
0.157,2982
-0.139,8644
-0.247,9962
0.171,2816
-0.09,6763
-0.122,8521
0.0822,2198
-0.0552,6606
0.129,1624
0.0527,3693
-0.102,8600
-0.125,9138
-0.296,10279
-0.0683,7086
0.128,1149
0.043,3961
-0.0551,6760
0.504,51
0.0908,2839
-0.142,7648
-0.2,10185
0.185,670
0.932,404
-0.0853,6934
0.0959,2845
0.393,902
-0.0699,7257
-0.0632,7343
0.117,3215
-0.18,9941
0.8,1737
0.195,1365
0.248,943
0.285,683
-0.0253,6305
0.111,3603
0.0245,4533
0.0903,3174
-0.0182,6020
-0.332,9817
0.175,2332
-0.00943,5692
0.0663,3285
0.122,1188
-0.105,8405
0.157,2353
0.00329,5026
-0.00187,5455
0.0796,2889
0.1,2316
0.0475,3790
0.0574,3738
-0.29,9858
-0.412,9422
0.133,1011
-0.0533,7288
0.15,2412
0.192,891
0.06,4298
0.401,500
-0.0492,5984
-0.213,10077
-0.0947,7409
-0.0781,7077
0.512,1092
-0.0441,5866
-0.00441,5650
-0.0576,7562
-0.0547,6250
-0.0205,5948
-0.0304,6192
-0.114,6765
-0.116,9008
0.251,147
0.0802,3514
-0.0691,6860
-0.137,7526
-0.409,9448
0.0217,4693
0.0644,3483
-0.131,9256
0.262,1307
-0.115,9166
0.0422,4507
-0.0108,5943
-0.0125,5410
0.149,2510
-0.0486,5400
0.124,3682
-0.225,9916
0.0947,3130
-0.021,5846
0.0452,4135
0.0346,4388
-0.309,7704
0.0586,4008
0.0156,4715
-0.0669,7927
0.835,33
-0.137,7476
0.141,2404
0.255,478
-0.03,6274
-0.128,8852
-0.0862,6797
0.0566,4025
-0.279,10671
-0.398,7949
0.0407,4368
0.176,2246
0.135,2290
-0.00472,5294
-0.0134,5956
-0.212,9111
-0.0151,6329
0.285,1262
0.257,1121
0.0737,3580
-0.238,5611
0.465,443
0.211,284
-0.0379,6719
8.05e-05,5247
0.305,850
0.388,691
-0.151,7530
-0.0233,6224
0.0581,3566
-0.31,9838
-0.143,8175
-0.0205,5698
-0.171,8944
0.118,2570
-0.0269,6355
-0.194,8785
0.432,793
0.113,2794
-0.0774,8192
-0.0188,5653
-0.152,8436
-0.282,10066
-0.147,8601
0.0013,5332
-0.0616,8543
-0.161,9747
0.0404,4471
-0.00431,5428
0.0154,5196
0.00154,5338
-0.141,9719
-0.096,8914
0.185,812
-0.223,7771
0.209,1472
-0.16,9580
0.0716,3057
-0.078,6914
0.147,3563
-0.0583,6675
-0.224,9874
-0.489,10213
-0.152,9689
-0.126,8345
-0.218,10260
-0.129,8432
-0.0683,6831
0.375,325
-0.2,8607
0.189,542
-0.254,10781
0.286,809
-0.189,7828
-0.391,9681
-0.378,10952
-0.041,7400
0.129,2193
-0.211,10128
0.0615,3529
0.143,1993
0.107,1698
0.0241,4499
-0.108,8495
-0.247,8774
1.26,397
-0.527,10219
-0.0686,6780
0.00309,5189
0.0898,3503
0.0336,3965
0.187,2482
-0.00588,5388
0.376,692
0.0154,4903
-0.0332,6255
-0.597,10922
0.0742,2863
-0.145,7514
-0.0358,6668
0.0369,3816
0.0277,4563
-0.149,7906
0.0386,4228
-0.141,7465
-0.000904,5332
0.118,2475
-0.148,8480
-0.314,10801
-0.0274,6256
-0.422,10601
0.295,671
-0.24,7991
-0.42,10851
0.175,2236
-0.324,10096
0.0362,4228
-0.15,8728
0.573,428
-0.0708,7224
-0.392,11004
-0.0332,5767
0.22,2682
0.0346,4375
-0.198,9463
-0.019,5602
-0.285,8338
0.0209,4593
-0.0299,5969
-0.0294,7015
-0.0392,6411
0.0509,4195
-0.136,9015
0.166,2861
0.146,2245
0.12,616
0.0515,4063
0.104,2829
0.17,2621
0.181,1272
-0.0796,8450
-0.0234,6217
-0.00156,5251
-0.0612,7264
-0.0874,8079
-0.0262,6347
0.0469,3426
-0.223,10795
0.185,1208
0.0162,4710
-0.0545,6134
-0.0668,7746
0.0518,3949
-0.23,9660
0.127,2532
-0.287,9319
-0.242,8674
0.00338,5426
-0.059,7226
0.176,1235
-0.0698,7491
0.376,77
-0.0172,5158
0.152,909
-0.163,10110
0.0261,4587
-0.00901,5428
-0.0055,5222
0.0725,3877
0.172,1903
0.0665,2374
-0.126,9725
-0.00443,5544
-0.164,9721
0.0201,4575
0.146,2855
0.419,188
0.0553,3176
0.328,801
-0.0945,8124
0.861,8
0.0615,4075
-0.0345,6290
-0.112,9842
-0.108,8667
-0.0124,5700
-0.182,8922
-0.055,6563
0.0924,2129
-0.234,10795
-0.34,10700
0.151,1978
0.187,1836
0.0905,3448
0.00451,5171
0.0905,3022
0.282,945
-0.0493,6897
-0.146,9076
-0.249,9352
0.174,1935
0.0256,4578
-0.0397,6555
0.901,300
0.00895,5282
0.08,3402
0.04,3951
2.95,213
0.333,1823
-0.0764,5287
-0.415,7567
-0.264,10723
0.145,2452
-0.248,7504
0.156,2055
-0.169,9110
-0.203,8933
-0.0219,5652
-0.109,9792
-0.262,9640
-0.162,7743
0.134,2330
-0.375,10237
-0.131,9316
-0.061,7552
-0.0907,7093
-0.0441,6499
-0.299,9865
0.0742,2622
-0.0517,5919
-0.042,6548
0.0027,5234
0.0835,2692
-0.0165,5369
0.134,2000
0.088,1854
-0.0277,6027
0.0646,3787
0.151,1619
0.255,2736
0.18,3303
0.106,1705
-0.0436,7716
0.142,2820
0.188,1327
0.268,2395
-0.0445,5039
0.0743,2722
0.0505,4014
-0.126,8077
-0.0648,7911
-0.115,7986
0.0498,3998
-0.122,9054
-0.127,10116
-0.0848,8921
-0.111,8570
-0.0171,6007
0.142,1780
0.000144,5432
-0.0502,7038
-0.14,7498
0.0251,4466
-0.289,9702
0.294,248
-0.0775,8199
0.288,124
-0.278,10313
0.495,608
-0.0838,8051
-0.128,7397
-0.137,10080
-0.185,9716
0.0233,2977
0.287,1753
0.00351,4741
0.285,1493
0.372,87
-0.335,8813
-0.0981,7131
0.00256,5069
0.288,885
-0.361,8409
-0.237,10059
0.00175,5166
-0.446,10706
0.0359,3937
-0.468,10708
0.253,1831
-0.0222,5980
0.0189,4877
0.193,1888
0.1,1860
0.0314,4230
0.095,3369
-0.576,10712
-0.386,10829
-0.0904,7627
0.344,167
-0.271,10862
-0.0137,5938
0.987,2
0.267,2047
0.026,4659
0.0495,2719
0.226,1311
0.0297,4338
-0.164,9286
0.0727,3480
-0.223,8531
0.0347,3834
0.0813,2101
-0.0155,5841
0.18,1696
0.107,2469
0.161,3124
-0.125,7304
0.0447,3939
0.124,2676
0.202,1403
-0.0483,6445
0.252,2307
-0.0933,8604
-0.0875,8355
0.112,3091
-0.16,8082
-0.289,9541
-0.403,8972
-0.0477,6435
-0.15,7825
-0.0153,5859
0.14,1879
0.0806,4261
-0.0293,5917
-0.0436,6736
-0.273,10683
-0.117,7465
0.0578,3927
0.175,2296
-0.0785,6140
0.0997,2761
0.166,166
-0.146,7354
0.0676,3742
0.281,1337
-0.162,7478
0.0416,3922
0.143,1793
0.146,2011
-0.0457,6594
0.0841,3407
-0.101,7944
-0.0877,9849
-0.112,10619
0.258,368
0.209,907
-0.164,6477
0.111,2428
0.101,1901
-0.36,10534
0.0779,3671
0.486,692
0.109,3855
-0.131,8178
-0.227,9592
0.0992,2514
0.0715,3652
0.168,1044
-0.187,8422
0.459,71
-0.116,8210
0.153,1128
-0.307,10120
0.0263,4568
0.0421,4087
-0.154,9131
0.0724,1959
-0.0802,8545
0.264,2103
-0.503,10332
-0.404,9944
0.15,2758
0.446,629
-0.21,10556
-0.0511,7139
-0.0374,6705
0.0572,3907
0.0363,4371
-0.0941,7936
0.243,1452
0.0778,4097
0.632,392
-0.375,8684
-0.193,8878
0.242,335
0.124,3032
-0.241,9166
-0.00659,5806
0.135,3612
0.318,2386
0.0194,4483
-0.0674,7030
-0.113,8951
-0.356,9008
-0.192,6295
-0.0611,6214
-0.207,10394
-0.0843,8063
0.0272,4775
1.34,80
0.05,3369
0.222,335
-0.0423,6352
-0.0357,6406
-0.169,10722
-0.116,8366
-0.0146,5639
0.0442,4151
-0.0823,7456
-0.00108,5128
-0.126,7529
-0.0253,6263
-0.0869,6427
-0.303,7880
0.105,3029
0.333,763
-0.422,10930
0.057,3838
0.176,3073
-0.000512,5500
-0.069,8757
0.0754,2174
-0.273,8497
-0.291,8142
0.189,3026
-0.109,6804
-0.103,8928
-0.0153,5886
-0.0731,7217
0.541,238
-0.203,9537
-0.0851,7491
0.139,1170
0.129,2403
-0.125,7437
0.226,1170
0.0214,4602
-0.191,8316
0.197,1559
0.477,26
-0.0279,6121
0.426,697
0.0101,5161
-0.233,9468
-0.0857,7713
0.0396,3683
0.00973,5110
-0.249,9200
0.228,2963
-0.0984,5664
0.122,2410
0.0353,4350
-0.237,8961
-0.5,10761
-0.192,10197
0.0455,3860
0.0428,3968
-0.125,9620
0.0753,2383
0.0436,4239
0.158,2263
-0.397,10882
-0.181,10185
0.00516,5123
0.15,1800
0.291,672
0.149,547
0.0551,4574
-0.042,7063
0.137,1836
0.0521,4420
-0.0978,6779
0.0192,4881
-0.12,7229
0.0509,3782
0.0849,4430
-0.261,10562
-0.124,8126
-0.0524,6111
-0.355,10218
-0.181,10285
-0.109,8952
-0.1,8737
0.314,433
-0.0214,5518
0.0453,3747
0.00112,5600
-0.0384,5885
-0.209,7465
-0.0686,7519
0.037,4566
-0.0573,6828
-0.00793,5235
-0.0453,7349
0.216,1552
-0.125,7715
-0.0422,6573
0.183,1331
0.152,2617
-0.115,8072
0.108,3014
0.116,3431
0.665,504
0.038,4172
0.0956,3256
0.127,3036
-0.281,10813
0.0674,3948
-0.323,9850
-0.0591,7686
-0.185,10311
-0.408,10113
-0.0948,8842
-0.329,9461
-0.225,7929
0.0228,4590
0.236,1047
-0.143,10512
0.146,2174
0.117,1962
0.24,694
0.0863,2558
0.0549,3587
-0.0293,5888
-0.143,8021
-0.215,9593
-0.0203,5510
0.0223,4952
-0.0289,6586
-0.143,8201
0.0814,3334
-0.109,7660
0.302,1322
0.109,3145
0.254,302
0.351,2114
0.00616,5191
0.0535,3833
0.146,2762
0.0118,4682
0.184,794
-0.0273,6461
0.14,3060
-0.159,8061
-0.0149,5566
0.0318,4218
-0.0119,5681
0.00427,4857
-0.0369,5541
-0.211,8616
0.288,959
0.17,1705
0.0231,4535
0.353,2549
0.286,1647
-0.0803,6770
-0.523,7100
-0.0194,5832
-0.0344,5107
0.326,466
-0.209,8187
0.0799,3156
-0.198,9889
-0.0832,8307
-0.0129,5714
-0.0794,6013
-0.00947,5651
0.161,1984
-0.0407,7071
0.0532,2678
-0.146,10063
0.0723,3901
0.181,2553
-0.0219,5201
0.113,2883
-0.0718,9215
-0.0905,8195
0.359,302
0.0247,4769
0.386,405
-0.376,10252
-0.0143,5822
-0.0299,6312
-0.104,7294
0.287,837
0.276,960
-0.125,8800
-0.0978,8397
-0.159,7891
-0.673,8700
0.209,1458
-0.0157,5708
0.378,131
-0.218,9193
-0.329,10672
0.253,1874
0.021,4967
0.092,3887
0.179,780
-0.0417,7671
-0.0309,6018
-0.000442,5341
0.0867,3634
-0.257,9578
-0.109,8947
-0.0621,7313
-0.188,7424
-0.338,10499
0.446,544
0.591,1301
0.114,1674
-0.188,9018
0.0852,3591
-0.171,7834
0.149,2547
0.458,1890
0.141,1538
-0.0706,7209
0.0477,4288
-0.481,8160
-0.0337,6626
-0.214,6245
0.00323,5199
-0.0571,7435
0.504,2129
-0.424,9945
0.184,2592
-0.0929,7058
-0.0527,6267
-0.0385,6762
-0.136,9080
0.356,658
0.105,3741
0.127,2920
0.131,1512
0.0307,4443
-0.389,10471
-0.212,10141
0.038,4323
-0.0306,6580
0.00172,5267
-0.299,10447
-0.281,9355
-0.194,9760
-0.124,7866
-0.0101,5745
0.863,44
-0.182,8233
0.049,4045
-0.432,10452
-0.0123,5538
0.0921,2865
0.174,995
-0.174,9968
-0.119,7390
-0.0555,6823
-0.09,7639
-0.0363,8227
0.0242,3990
-0.215,7891
-0.0799,7151
-0.0505,7322
-0.0643,6804
0.228,339
-0.111,9082
-0.166,6145
0.501,741
0.194,3157
0.16,2048
-0.0915,6809
0.4,584
0.0357,4429
-0.185,8812
0.233,1590
0.162,1983
-0.0354,6533
0.0842,3506
0.233,1881
0.84,119
-0.00759,5518
0.133,2895
-0.246,10826
-0.039,6036
-0.0487,7538
-0.105,8242
-0.0387,5700
0.331,850
-0.0276,6113
0.00265,5171
0.0278,4275
-0.141,8372
0.0804,4102
0.0715,2700
0.148,1956
-0.204,10439
-0.0567,6447
0.277,1682
-0.155,8963
-0.205,8420
-0.0744,7385
-0.0274,5970
0.0521,3835
-0.286,10824
0.0838,2304
-0.163,8987
0.149,1697
-0.209,10155
-0.0726,6948
-0.187,10156
-0.144,9061
-0.157,9303
0.0169,4470
-0.0488,7234
-0.0542,6427
0.259,1360
0.0969,1747
-0.0797,7966
0.0639,3702
-0.239,10244
0.126,2542
0.015,4677
-0.177,8296
-0.0151,5355
0.104,2642
0.174,795
-0.204,9210
-0.487,10220
-0.14,7859
0.156,2485
-0.0769,6836
-0.0574,6952
0.44,230
-0.4,8857
0.0657,2683
0.125,3530
0.12,2927
0.0937,2420
1.16,114
-0.144,8883
-0.0433,6474
-0.301,8852
0.0662,3160
0.0495,4306
-0.0668,6994
0.152,2316
-0.265,10652
0.146,3222
-0.0923,9190
0.0317,4091
-0.134,7436
-0.145,7567
-0.109,7625
-0.0797,8054
0.0232,4375
0.0181,4510
-0.151,9740
-0.0167,5480
-0.0643,7568
-0.0644,6730
-0.226,10708
0.327,679
0.255,547
0.0771,3675
-0.46,10788
0.0449,3824
-0.213,10051
0.0993,3361
-0.177,7623
5.7e-05,5256
-0.244,8837
-0.21,9819
-0.073,8921
0.481,541
0.105,3070
-0.255,10795
-0.194,10248
0.473,167
-0.0406,7129
0.0117,4990
-0.255,9755
0.22,2295
-0.137,7551
-0.126,6471
-0.0547,6973
-0.179,10581
0.151,782
0.0575,4252
0.271,1056
-0.326,10144
0.11,2708
-0.147,9229
0.233,2094
-0.0404,6428
0.785,106
-0.302,9353
0.0286,4498
-0.258,10775
-0.078,7026
-0.215,10486
0.199,2485
0.82,321
0.169,537
0.342,857
-0.317,10502
-0.194,10483
-0.27,10080
-0.0247,5213
0.367,539
-0.327,10319
-0.0778,7571
0.063,3941
-0.0736,6700
0.147,1601
0.0306,4421
-0.187,8197
-0.0462,6276
0.171,1041
-0.274,8376
-0.0237,5687
-0.146,10690
0.0336,4360
-0.163,9901
-0.0987,8554
-0.336,10855
0.00911,5159
-0.232,9712
-0.0582,7813
0.0888,3125
-0.157,8165
0.258,1698
0.0229,4763
0.109,2604
0.0571,3868
-0.438,10141
-0.0369,6356
0.14,2326
0.108,3721
0.0938,2372
-0.132,9673
0.0736,2492
0.0597,3527
-0.095,8004
0.133,2680
0.199,2383
0.0309,4498
0.0671,3381
0.355,816
0.442,750
-0.247,9978
0.0217,4784
0.109,279
0.182,2185
-0.0534,6145
-0.149,8339
0.318,1164
-0.011,5318
0.115,3210
-0.0585,6728
0.0381,4636
-0.0858,7604
0.175,1036
-0.0146,5730
0.0914,2731
0.0754,3694
-0.0235,6224
-0.113,6652
-0.274,9734
0.185,487
0.0135,5031
0.289,1469
0.248,262
0.0736,4030
0.0506,2881
-0.124,7663
-0.00588,5621
0.279,619
-0.113,8169
-0.45,10479
-0.0323,6052
-0.162,7762
-0.121,7519
0.0766,3097
-0.158,8391
1.2,707
0.171,2419
0.113,2961
-0.0167,5949
0.151,2328
0.0349,4224
0.0204,4746
-0.49,10707
-0.0293,6929
-0.161,10990
0.227,1972
1.1,5
-0.0375,7439
0.552,1776
-0.0611,7884
-0.0385,6892
-0.177,8665
-0.105,7645
-0.194,7306
0.113,3534
0.111,2283
-0.175,9905
-0.017,5717
0.133,2324
0.0777,4393
-0.0942,7141
-0.167,9645
0.0572,3264
0.0953,3010
0.0515,4342
0.119,3720
0.165,2299
0.326,10
-0.0227,6287
-0.141,9998
0.359,1095
0.421,1016
0.19,1523
-0.0506,7475
-0.0564,8375
-0.00423,5517
-0.209,7824
0.00887,5285
-0.0167,5360
-0.425,10765
-0.363,10730
0.282,1106
-0.089,7755
0.0646,4306
0.186,2088
-0.1,8658
0.541,406
0.056,4015
-0.305,11023
-0.379,9690
-0.1,6373
0.0315,4009
0.0247,4564
0.0382,4207
-0.0913,7152
0.136,2245
-0.15,7539
0.017,4708
0.0416,4385
0.356,324
-0.239,8406
0.289,2887
-0.119,7142
0.152,1838
-0.0135,5378
0.134,2362
0.0807,3427
0.0228,4631
0.0214,4596
-0.293,10585
0.253,493
0.191,1181
-0.357,8086
0.546,196
-0.0771,6775
0.409,161
-0.0978,9614
0.129,2874
0.254,1638
0.212,531
0.133,3030
0.0586,2685
0.0189,4632
-0.357,9337
-0.117,8514
0.189,1821
-0.0203,5515
0.24,1255
-0.135,8472
0.087,3755
-0.236,8902
0.0836,3623
0.421,1061
-0.235,10268
0.0306,4164
0.349,1160
0.283,980
-0.389,10588
-0.313,7432
-0.0205,6265
0.161,1064
-0.0701,6235
-0.0895,8240
0.171,2240
0.0509,4233
0.0723,3532
-0.143,9708
-0.176,9166
0.263,530
0.345,1418
-0.298,10796
0.0882,2852
-0.049,6794
-0.146,8156
-0.18,8286
-0.329,9713
0.0535,3907
0.0793,2829
-0.147,10539
-0.132,7919
-0.209,8547
-0.15,6031
-0.25,6613
0.477,79
0.0843,2450
0.0134,5000
-0.0733,7427
0.00723,5083
0.291,2178
-0.0958,8406
0.107,1828
-0.395,10958
0.548,225
-0.0482,6787
-0.37,9886
-0.0169,6102
-0.143,8653
-0.0763,5757
-0.0757,6838
0.548,61
0.21,1994
-0.0992,8449
0.174,1011
0.0775,3329
-0.0292,5800
-0.426,10143
-0.0672,6818
-0.0597,8246
-0.432,9110
0.0846,2487
-0.16,8587
-0.258,8879
1.46,7
-0.0444,6959
-0.0367,6882
0.153,2814
0.162,2053
0.232,1471
-0.155,6115
0.259,1562
0.203,1954
0.747,263
0.185,1875
0.153,2766
-0.0739,7796
-0.262,10703
-0.17,8602
-0.0145,5666
0.00696,5040
0.0603,3863
-0.16,7391
-0.128,8888
0.529,725
0.47,129
0.118,3151
-0.102,8031
0.095,3123
-0.125,9217
0.403,681
-0.125,8261
0.119,3496
-0.053,8567
-0.178,9331
-0.215,10532
-0.137,7840
0.303,864
-0.049,6028
0.269,994
-0.103,8072
0.399,779
-0.137,8055
-0.259,9679
-0.044,6302
-0.00667,5728
0.332,463
0.113,1177
0.098,3377
0.267,805
-0.0692,7105
-0.0806,7780
-0.157,10224
-0.0896,8680
0.0623,4159
-0.162,9066
-0.163,7599
0.102,2600
0.0368,4220
-0.148,9674
0.145,2357
0.0505,4054
0.211,2288
0.495,792
0.121,2082
-0.00237,5609
-0.0694,7710
0.0527,4001
-0.297,7921
0.708,627
0.00952,5053
-0.112,9898
-0.0999,7606
0.0102,4890
-0.613,10421
-0.176,9773
0.154,1581
0.181,595
-0.0106,5469
0.0313,4801
0.119,1843
-0.012,6063
-0.0241,6464
0.146,2153
0.00531,5310
-0.244,10711
-0.185,9696
0.0472,3769
-0.152,8774
0.0571,3681
0.415,789
0.267,751
0.117,3420
-0.358,10187
0.0768,3619
-0.357,10704
-0.127,8498
-0.362,9114
-0.281,7050
-0.0613,6692
-0.176,9867
-0.0816,6460
-0.217,7439
-0.167,10806
-0.0559,7055
0.0148,4729
-0.0917,8589
0.0943,2417
0.0408,4281
0.0185,4668
-0.198,8962
-0.199,9771
-0.0677,7126
-0.144,8186
-0.306,10424
-0.2,9427
-0.292,9492
0.058,4162
-0.123,7554
-0.091,7215
-0.237,10463
-0.353,8600
-0.084,6091
0.196,2579
0.0872,2930
0.0642,3509
-0.172,8214
0.0258,4493
0.258,2064
-0.021,6456
0.214,907
-0.0126,6091
0.0568,4367
-0.185,8592
-0.0238,6600
-0.166,8350
0.163,1226
-0.188,9445
-0.0118,5430
0.103,3021
0.197,2816
0.0322,4815
0.134,2131
0.168,909
-0.0553,6978
-0.0486,7795
0.0243,4500
-0.0126,5620
0.265,2139
-0.186,9877
0.0378,4228
-0.128,8204
0.0485,4240
0.0218,4647
-0.225,8942
0.121,2547
-0.159,7911
-0.0652,5368
0.106,1863
0.169,1881
0.0267,4713
0.406,34
-0.0141,6034
0.0347,4234
0.0419,4335
-0.13,8508
-0.0153,5553
-0.0054,5331
-0.11,8193
-0.367,10890
0.207,1185
0.0145,4986
-0.0997,8083
0.0317,3933
-0.219,10552
-0.0175,5650
0.0393,4260
-0.0935,6969
-0.0882,7033
-0.297,10630
0.0557,3531
-0.211,10643
-0.28,7735
-0.174,8739
-0.19,9008
0.0535,3660
-0.0734,7516
-0.0396,6135
0.613,35
0.236,912
0.0387,4707
-0.00717,5636
-0.039,6581
-0.0505,7850
-0.167,10038
0.347,733
0.0362,4476
0.295,1354
0.0751,3826
0.00475,4834
-0.314,9987
0.0439,4124
0.117,2156
0.364,786
-0.0322,6989
0.185,1039
0.0884,4116
-0.152,7576
0.5,150
-0.128,9825
-0.0632,8718
-0.0625,7924
0.142,2665
0.105,3800
-0.129,9020
0.0255,5010
-0.104,7285
-0.0941,7766
-0.0103,4938
-0.421,9461
0.951,441
0.219,2524
2.58,19
0.0856,2733
-0.217,8921
-0.14,8031
0.119,3131
-0.306,8970
-0.0981,8346
0.12,573
-0.433,10929
0.0739,3322
0.123,2186
-0.397,10711
0.11,2669
0.0256,4510
0.0221,4717
0.35,509
0.146,3483
0.0919,2349
-0.171,9524
-0.083,7746
0.0641,3907
-0.436,9859
-0.138,7705
-0.0395,7176
-0.0149,5538
-0.17,10151
-0.236,6008
0.226,1578
-0.372,10713
-0.254,10380
-0.157,9633
-0.119,7912
-0.0603,6614
0.0297,4393
0.284,1581
0.564,1446
-0.0748,7359
0.0469,2620
-0.0893,7784
0.225,2140
0.0553,4220
-0.141,7569
0.115,1804
-0.184,9999
-0.0779,6407
-0.126,6355
0.109,2545
0.324,1305
-0.229,9862
0.0113,5115
-0.352,10772
-0.0182,5664
0.0259,4566
-0.289,8140
0.122,1968
0.0435,3659
0.382,776
-0.0601,6742
0.337,1052
-0.269,10227
0.129,2931
-0.0133,5663
-0.334,10867
0.207,2016
-0.0922,6990
-0.121,6291
0.389,794
-0.084,8029
0.0963,2996
-0.102,7795
0.207,1631
-0.164,8257
-0.24,10815
-0.00306,4980
0.173,2313
0.0339,4890
-0.155,6621
-0.282,9824
0.0344,4414
-0.024,6466
0.0863,3201
-0.528,10714
-0.157,8074
-0.0406,5886
-0.353,10447
0.0354,4652
-0.189,10217
-0.178,8874
-0.381,8389
0.18,738
0.147,863
-0.0837,7780
-0.325,10732
0.393,169
-0.0323,5907
0.35,233
0.0235,4634
0.178,736
0.545,252
0.133,2799
-0.0286,5848
0.201,2077
0.151,714
0.112,1760
-0.0407,6165
0.211,1721
0.449,1763
-0.158,7827
-0.00455,5296
0.068,3367
0.0536,4257
0.0959,3216
0.00808,4798
-0.0655,6654
-0.0559,8162
0.00348,5102
-0.228,9389
0.0474,4044
0.0198,4922
0.109,2929
-0.113,8041
-0.00223,5484
0.2,784
-0.638,10335
0.538,768
-0.085,7026
-0.172,9978
-0.223,10226
0.0225,4769
-0.166,8518
0.0312,4325
0.0746,3588
0.162,1216
-0.179,10040
-0.112,8169
-0.103,7927
0.205,1397
-0.102,6933
-0.172,10870
-0.139,8343
-0.0561,6155
-0.178,8459
0.223,2445
0.316,2446
0.157,1754
-0.059,6699
-0.112,7988
0.0351,4639
0.0492,4271
-0.258,10205
-0.111,9140
0.049,3730
-0.144,8968
-0.182,8917
0.131,3079
0.0533,3774
-0.049,8011
0.0495,3861
-0.158,9104
0.0534,4082
0.038,4106
0.185,1980
0.0216,4841
-0.0434,7524
-0.193,10032
0.0967,3269
0.435,64
-0.0982,6761
0.207,271
-0.137,9853
-0.0881,7629
-0.0296,6006
-0.315,9103
0.246,2323
-0.143,9253
0.04,4189
0.0695,3275
0.245,665
-0.0283,5855
-0.15,8458
0.0361,3928
0.0211,4624
0.271,663
-0.0945,6790
-0.136,7956
-0.113,7443
-0.199,9949
-0.0786,7325
-0.183,9109
-0.18,7322
0.436,106
0.0623,4255
-0.346,10623
-0.00214,5214
0.0028,5270
-0.159,8894
-0.459,10646
0.166,2293
0.297,401
0.00371,5330
-0.0966,7632
-0.056,6563
-0.012,5411
-0.2,6078
0.0637,4044
-0.105,7928
0.111,4101
-0.0683,6074
-0.0329,5926
0.583,0
-0.0469,6207
0.0435,4399
-0.0572,7047
0.0498,4296
0.144,2366
-0.1,6685
0.331,182
-0.165,9935
-0.113,7541
-0.0265,6175
-0.209,7708
0.139,3157
0.155,1542
0.0244,3826
0.44,945
0.0246,4707
-0.195,10598
0.102,1866
0.0429,3635
-0.034,6524
-0.102,7908
0.317,524
0.357,1189
-0.0592,9203
-0.00772,5816
-0.201,10115
-0.175,8010
-0.223,8027
-0.063,6134
0.179,2944
0.0923,1685
0.0889,2982
-0.138,9041
0.1,3532
-0.0577,6567
-0.0892,8557
-0.031,6938
0.0138,5088
0.158,2772
0.241,927
-0.114,6757
0.367,809
0.0379,4317
0.151,669
1.77,1
-0.25,10368
-0.216,7033
-0.0673,7739
0.0698,2564
0.107,2197
0.154,2329
-0.228,9098
-0.0256,5687
-0.143,9568
0.0157,4664
0.00923,4813
0.212,2064
-0.486,8321
-0.0861,6084
-0.417,10831
-0.137,9239
-0.0227,6108
-0.0363,5964
0.0822,3809
-0.172,9284
-0.244,8717
-0.205,10891
-0.156,8700
-0.0694,6996
-0.216,9455
0.171,2611
-0.28,10827
-0.565,9964
0.226,750
-0.216,8129
0.146,1897
-0.33,10180
-0.0607,6191
-0.0165,6122
-0.194,9739
-0.0453,5856
-0.605,10226
0.162,2831
-0.158,6626
-0.0163,6037
-0.0412,7246
-0.53,8217
0.0742,3335
-0.16,6198
-0.325,8632
1.86,314
0.0355,4367
-0.00274,5568
0.167,2228
0.0864,3900
0.0152,4913
-0.00165,5388
0.159,2048
-1.04,10354
0.207,2845
-0.529,9522
0.15,3233
-0.135,9937
0.0638,3460
0.729,1821
-1.05,10933
-0.014,5368
0.0421,4517
-0.178,8428
-0.106,8552
0.552,506
0.257,2110
-0.187,10604
0.326,1178
0.0917,3126
-0.224,9510
0.107,3827
-0.156,6450
0.169,2631
0.104,3733
0.116,2602
0.0323,4495
-0.405,9282
-0.242,9392
-0.0216,5899
-0.27,7322
0.174,2157
-0.0661,7408
-0.416,9995
0.03,4694
-0.275,8833
0.0937,4055
0.0638,3297
0.162,1295
-0.125,7993
-0.00596,5662
-0.137,7186
0.297,799
-0.0118,5659
-0.00506,5537
0.666,44
0.116,2960
-0.35,11009
0.0328,4311
-0.332,10809
-0.32,9550
-0.0911,8143
-0.0689,7912
-0.0656,8532
0.0922,3574
-0.21,9902
-0.0885,7260
-0.17,9682
-0.141,10191
-0.0231,5826
-0.036,5183
-0.303,7645
-0.417,9724
0.705,522
-0.102,6713
-0.0536,6694
-0.0502,6582
0.0439,4314
-0.131,8805
0.094,3144
-0.111,9656
0.235,1554
-0.171,8823
-0.0175,6108
-0.418,10523
-0.155,9697
-0.0759,7406
-0.108,6622
-0.15,8909
-0.303,10787
-0.261,9290
-0.0106,5936
-0.0463,7852
0.176,1210
0.17,2122
0.222,520
-0.108,8111
0.116,2495
-0.227,9917
0.024,4249
-0.257,9871
0.197,818
-0.223,9076
0.0307,3651
0.233,1019
0.00667,4912
0.209,739
-0.194,8121
0.0125,5009
-0.133,10366
-0.00628,6273
0.00459,5317
-0.0721,6337
0.0798,2747
0.0722,3203
-0.0212,6059
-0.0221,5996
-0.226,9857
-0.0474,5973
-0.0467,6316
0.645,19
-0.176,9812
0.304,1743
0.00261,5233
-0.192,7761
0.0437,4321
0.0283,4625
0.0266,4198
0.0195,4969
0.02,4754
-0.0846,7294
0.204,1870
0.561,238
-0.0375,6437
-0.149,9318
0.293,50
0.115,2995
0.12,2522
0.0243,4510
0.185,1977
-0.185,9466
-0.449,10979
0.153,3132
0.282,1692
-0.169,6574
-0.0436,7194
-0.0512,7340
0.0669,3080
0.0663,3547
0.242,2793
0.0653,3039
-0.0533,8237
0.222,1366
-0.255,9749
0.108,4010
0.171,1978
0.0256,4660
0.29,816
-0.105,9042
0.0448,4037
0.378,694
-0.117,6562
0.157,3562
-0.148,9503
-0.204,10925
-0.131,6967
0.8,265
-0.0669,5364
0.0102,4904
-0.159,8488
-0.147,7515
-0.101,7236
-0.0546,6777
0.0816,3841
-0.0165,6067
-0.126,9116
-0.358,11008
-0.128,8671
0.106,2346
0.169,3610
0.347,2315
-0.0242,6928
0.638,68
-0.0152,6171
-0.0644,7145
-0.181,8478
-0.327,10493
0.203,182
-0.107,8236
0.21,1230
-0.107,7036
-0.0611,6691
0.0337,4328
-0.155,9671
0.0616,2810
0.349,592
0.117,3316
-0.461,10246
-0.106,7524
0.0245,4178
0.275,1662
-0.0597,7155
0.121,1522
0.104,3385
0.391,2361
0.0509,3630
-0.06,8142
-0.0714,6799
-0.228,9755
0.0603,2862
0.0546,4038
-0.102,9111
-0.186,9974
-0.32,8421
-0.35,10478
0.265,1369
-0.176,9151
-0.0177,5474
-0.035,7298
0.306,346
-0.0129,5736
0.105,2863
-0.2,8538
-0.0382,6356
0.306,151
0.173,1841
-0.103,8456
0.204,1654
-0.359,10416
-0.0942,8635
-0.12,8798
-0.161,9511
0.188,2353
0.135,3339
-0.00903,5703
-0.218,10492
0.165,2606
-0.143,7859
-0.128,10074
0.173,1946
-0.0565,6103
-0.0771,6169
0.0983,3052
-0.0593,6269
-0.151,9173
-0.38,10127
0.0928,3182
-0.0628,6634
-0.159,8599
-0.174,9614
-0.162,7933
-0.141,6698
-0.0765,6486
0.00766,4983
-0.0738,7531
0.000924,5492
-0.26,9398
-0.307,4847
-0.0554,7597
-0.0538,6999
0.0854,3264
0.278,881
0.224,1833
-0.0586,7235
-0.134,7637
0.0318,4541
-0.189,9262
-0.508,10758
-0.0087,5584
0.0451,3671
0.078,3276
-0.0491,6245
0.0325,4241
0.131,1571
-0.13,9023
-0.179,8620
0.147,2473
0.186,609
0.131,2728
0.104,3601
-0.159,8080
0.0272,4599
0.0533,4590
0.0184,4627
-0.0465,7952
0.118,2815
-0.129,8663
-0.0797,7212
-0.302,10639
-0.271,10272
-0.0382,7583
0.159,3707
-0.0678,5949
-0.212,6255
0.0546,4236
-0.115,7217
-0.0583,3539
-0.123,8317
-0.0481,6279
-0.13,8457
0.0735,2660
-0.0111,5651
0.397,479
0.137,2669
-0.131,8033
-0.153,8591
-0.102,9279
-0.114,8184
0.013,4887
0.334,1654
0.194,2012
0.161,1589
-0.421,10809
-0.0735,7043
-0.0585,7609
0.055,3947
-0.0991,7316
-0.0942,9408
0.00206,5339
-0.0732,7606
0.14,855
-0.123,8572
-0.0863,5356
0.0351,4018
0.196,1180
0.358,604
-0.238,10200
0.55,188
-0.212,8136
-0.117,7797
0.0276,4413
0.0507,4427
-0.163,7718
0.0551,4173
-0.174,9458
-0.0809,7202
-0.298,9180
0.0581,4316
-0.126,7117
0.0797,3313
0.11,1229
0.216,365
-0.434,10616
-0.208,8160
0.0951,3726
-0.0745,6168
-0.0457,7007
0.0372,4506
0.226,820
-0.141,8837
-0.426,10373
0.0441,4024
0.129,2299
-0.336,10280
-0.204,9821
-0.0996,8007
0.233,1368
-0.218,10459
-0.0306,6583
0.335,133
0.125,2344
0.258,2472
-0.0181,5522
0.209,1654
-0.107,9852
-0.18,8620
-0.0633,8603
-0.25,9498
0.176,2225
-0.214,10652
-0.459,10956
0.114,2457
0.0536,4180
0.173,1398
-0.249,9624
0.2,871
0.0722,2693
-0.0723,7549
0.096,2928
-0.266,8467
0.0461,3758
-0.0809,9249
0.144,1041
-0.329,10651
0.739,74
0.162,2283
0.0743,3096
0.014,4933
-0.0142,6079
-0.372,10343
0.105,3248
0.00547,5145
-0.261,8788
0.0637,2805
-0.119,8671
-0.17,8097
0.235,1284
0.0491,3932
0.153,1170
-0.0576,6861
0.147,2077
-0.113,8225
0.16,2079
0.299,1105
-0.0621,8596
-0.222,9950
-0.0291,6123
-0.0602,5740
0.0756,4274
-0.195,8190
0.0171,4690
0.0454,3824
-0.0173,5597
0.478,458
0.0757,4186
0.109,4087
0.0132,5058
-0.0734,7652
-0.115,8400
0.0558,3886
0.0873,3578
0.489,721
0.224,197
-0.0336,6838
-0.345,7650
0.491,767
-0.0639,6661
0.0206,4906
-0.117,9873
-0.215,10311
0.292,1012
-0.0624,6609
-0.0719,7704
-0.0945,6361
-0.0685,8197
-0.0566,7062
-0.0591,7758
-0.117,8375
-0.028,6020
-0.403,10641
0.0438,3384
0.0658,2697
-0.129,9496
0.149,2937
0.0743,3786
0.142,3051
0.297,1513
-0.375,10632
0.0132,4780
-0.0263,6154
-0.313,10271
-0.224,8559
-0.1,7848
-0.0156,6243
-0.113,9504
0.126,1812
0.0478,4348
-0.108,7527
-0.181,8345
0.0123,5183
0.018,4677
-0.0465,6432
0.0621,3587
0.113,3123
-0.132,8812
0.127,1450
0.656,419
0.38,1849
0.0319,4766
-0.316,8397
0.338,743
0.0771,2523
-0.157,9066
0.222,1768
-0.0172,5444
0.579,434
-0.0139,5898
-0.0845,8018
-0.025,6587
-0.185,8003
0.114,2925
0.12,3074
-0.00639,5739
-0.0717,8641
-0.104,7324
-0.00115,5577
0.26,2681
0.357,1157
0.0691,3082
0.132,3169
-0.291,9929
-0.153,6882
-0.0606,6346
-0.153,9668
-0.0231,6000
0.111,3789
-0.365,11010
0.0728,3160
-0.185,8029
-0.0166,5620
0.308,589
-0.131,8680
-0.0182,5940
0.416,1780
-0.127,7148
0.127,2038
-0.21,9703
0.112,868
-0.126,7236
0.473,13
-0.0374,6035
0.0774,2711
0.284,526
-0.0957,8651
0.0972,2585
0.0832,2392
-0.0129,5427
-0.194,9601
0.21,823
-0.00258,5464
-0.069,6181
-0.0694,7154
-0.276,10547
0.165,2506
0.0314,4239
0.0382,4539
-0.0185,6129
0.121,3257
0.178,1632
0.0279,4451
-0.24,10882
0.00632,5022
-0.0896,7336
-0.298,10091
0.0721,2899
-0.0774,6714
-0.0521,6173
0.00453,5012
0.0815,4115
-0.0901,7587
0.0986,3065
-0.386,9459
-0.202,9932
-0.0159,6561
0.0706,2437
0.0372,4334
-0.00569,5436
0.337,223
0.0908,2999
-0.0206,5882
0.0844,2907
-0.356,7442
0.333,785
-0.14,9321
0.204,437
0.0686,3459
-0.0795,8132
-0.18,10123
-0.271,7053
-0.251,6687
-0.137,10700
0.0815,3109
-0.0812,6932
-0.1,7783
-0.397,10487
0.0161,4714
0.0744,3662
-0.138,8647
-0.163,9247
-0.363,9748
-0.23,9214
0.265,295
-0.304,10835
-0.0585,8122
-0.0525,6751
-0.14,8685
0.129,2740
0.00674,4917
0.0269,4462
-0.026,6012
0.0655,3933
-0.106,8521
-0.14,8981
0.117,2092
0.0797,2833
0.0358,4381
-0.114,8871
0.0341,4387
0.0937,2852
0.141,2612
-0.0659,7992
0.131,221
-0.111,8242
0.205,1275
0.338,1852
0.0348,4424
0.289,1351
-0.0686,8779
-0.245,9876
-0.00347,5293
-0.207,10213
-0.0775,9519
0.11,2821
0.0434,3494
0.061,3623
-0.0699,7709
0.385,1531
-0.276,9625
0.0811,2583
-0.442,11012
0.107,3271
-0.0754,7813
0.561,1713
0.257,841
0.361,202
0.156,2564
0.0612,4233
-0.193,9195
-0.0863,7295
-0.0724,6644
-0.0132,5462
-0.0051,5525
-0.189,9965
-0.286,7624
0.0236,4706
0.107,2005
-0.131,8660
-0.0717,8593
-0.231,10264
0.19,1544
-0.107,7078
1.51,508
0.268,374
0.0269,4521
0.0364,4329
-0.212,7892
-0.0464,6211
-0.037,5734
-0.0555,6988
-0.21,9648
-0.0942,8183
0.102,3103
-0.348,10002
-0.135,7419
-0.0461,8645
-0.0387,6981
-0.223,10094
-0.208,8792
0.469,111
-0.0356,5880
-0.174,9950
-0.111,8058
-0.0793,8184
0.206,963
0.301,1146
0.501,139
-0.0849,7266
-0.102,7456
-0.00121,5347
-0.137,8668
0.394,654
-0.0289,6333
-0.0253,6285
-0.225,10886
-0.134,9596
0.00464,5270
0.143,2174
-0.116,7496
0.0803,3242
-0.283,10896
0.0997,2804
-0.0128,5783
0.16,2231
-0.169,7607
0.0679,1298
-0.0134,6037
0.177,2379
-0.133,7973
0.223,620
0.127,3241
-0.0794,7764
-0.0446,6483
-0.149,8708
0.345,859
-0.114,8171
-0.169,9230
0.155,1057
0.0411,3477
-0.195,9520
0.328,2319
0.0305,4471
0.262,1753
0.259,1744
-0.187,10792
0.0395,3623
-0.0672,7382
-0.034,6274
-1.6,10887
-0.11,9651
0.188,1865
0.311,661
0.262,1237
-0.0411,6014
-0.261,9278
0.137,1853
0.0286,3680
-0.125,9011
-0.183,8886
-0.0355,6219
-0.186,8885
-0.15,9681
-0.185,9470
-0.271,10219
-0.209,8866
-0.293,10526
-0.0763,7968
-0.106,8180
0.144,1842
-0.0673,7072
0.126,2744
-0.3,8405
0.117,2092
0.41,980
0.0674,4638
-0.0623,9029
-0.00969,5982
0.289,360
-0.0471,6246
-0.224,10104
-0.524,10292
0.216,820
0.0978,2669
0.182,1157
-0.131,8197
-0.0338,6306
0.0272,4577
-0.0889,8330
-0.0882,8541
-0.384,10656
-0.223,10056
0.14,2078
-0.34,9984
0.395,193
-0.0922,9059
0.113,3725
-0.219,10048
0.00986,5274
-0.0588,5695
0.097,329
-0.236,10042
0.0759,3596
-0.181,8719
-0.0404,7034
0.0825,2932
0.142,2230
-0.0845,8337
0.407,1302
0.0124,4974
0.0118,5240
-0.311,10093
-0.12,8471
-0.161,9772
0.0377,4370
0.719,479
0.148,2866
-0.213,10243
-0.336,10493
-0.098,8610
0.286,1214
0.0694,4055
0.219,1983
-0.00432,5407
-0.0273,5876
-0.119,8130
-0.0694,6546
0.0394,4480
0.0947,2697
-0.144,8291
0.00218,5205
0.238,1116
0.0241,5015
-0.188,9828
0.449,355
-0.224,9693
-0.0668,8004
0.482,4
0.366,501
0.151,2859
-0.508,10514
0.293,2726
0.046,4200
-0.118,8748
-0.109,8622
0.0708,4184
-0.0108,5595
0.143,1753
0.0622,3254
0.378,132
-0.0802,6908
-0.335,10012
-0.286,10795
0.0103,4712
0.0975,3062
-0.136,7167
-0.151,9222
0.156,2043
0.0292,4754
-0.0387,6587
0.0424,3477
0.134,1377
0.22,2057
-0.149,8794
-0.0639,7088
0.188,978
-0.0455,6559
0.035,4454
0.0618,4138
-0.0578,6267
0.273,978
-0.095,4456
0.00106,5180
0.0106,4824
0.318,508
-0.048,6233
0.111,1393
0.468,452
-0.0189,5806
0.101,2104
-0.0324,6083
0.152,689
-0.25,10013
-0.0878,8050
0.0603,2148
-0.171,10257
-0.426,10478
0.0686,2596
0.0455,4496
-0.0302,6582
-0.0674,8004
-0.0656,7930
0.137,2150
-0.119,10185
0.118,3034
-0.0298,6531
-0.156,10064
-0.0199,6038
-0.457,10506
-0.099,7604
-0.222,10119
0.337,2548
-0.22,8874
0.309,1286
-0.148,8871
0.528,1258
-0.256,7846
-0.0849,7628
-0.107,7260
-0.302,10573
0.0611,3559
0.0542,3720
-0.0907,7987
-0.158,9129
0.227,906
-0.103,8247
0.334,2176
-0.254,8478
0.123,3113
-0.315,10135
-0.0483,6708
-0.0144,5347
-0.143,8002
0.0181,4758
-0.0224,5633
0.0128,5095
0.0455,2757
-0.00568,5530
0.445,307
-0.389,11018
-0.0652,6631
-0.0522,6030
0.372,207
0.121,2384
-0.137,8300
-0.48,9377
-0.168,8327
0.364,474
-0.0919,8329
-0.0193,6068
0.00133,5243
-0.336,10699
0.188,3185
-0.296,10356
0.00917,5147
-0.239,9544
-0.1,8143
-0.0101,5678
-0.0879,7978
0.0455,4067
-0.0548,7460
-0.147,8477
0.0594,4034
0.277,945
0.00764,5322
-0.0737,6107
0.0812,3357
-0.0944,7375
0.229,1782
0.306,235
0.269,1251
-0.0541,6563
0.0948,1453
-0.00142,5506
-0.225,9786
0.133,1876
-0.00752,5219
-0.0504,7430
0.0811,3056
0.0625,1680
0.324,1130
-0.11,7300
0.402,1261
-0.185,8884
-0.113,9361
-0.0781,7208
-0.00958,5546
-0.137,8648
-0.0239,6484
-0.127,8562
-0.0921,9169
-0.139,8594
-0.154,8391
0.218,2964
-0.339,8466
-0.00971,5446
-0.218,9640
-0.000285,5512
-0.227,10433
-0.223,9369
0.121,2621
0.17,3274
0.0763,3508
-0.0246,6974
0.0446,4035
0.183,1284
0.198,434
0.0344,4516
0.0588,3568
0.0343,4126
0.0871,4089
-0.171,7026
-0.0727,5648
-0.0601,5638
0.0955,2599
0.062,3885
-0.269,10356
0.159,1582
-0.361,10218
-0.226,10711
-0.079,8621
0.295,281
0.135,2841
-0.0862,8238
0.0424,4043
0.916,1377
-0.199,9686
-0.0363,6597
-0.0418,7043
-0.0244,6452
-0.108,7492
-0.297,10859
-0.153,8801
0.0799,2825
-0.127,8147
-0.186,9739
-0.0832,7098
-0.0637,7717
-0.0398,6875
0.0727,3026
-0.235,10561
-0.548,10704
0.000213,5355
0.0238,4761
0.0124,4865
0.0575,3658
-0.244,9387
0.0875,2820
-0.127,9716
-0.335,9848
-0.00922,5843
0.0602,3316
-0.0727,7281
-0.457,10372
0.528,983
0.259,1868
-0.0347,6589
-0.196,9296
0.158,2553
-0.136,7103
-0.0178,5439
-0.14,8367
0.0807,3379
0.0405,3786
-0.213,6525
-0.00863,5635
-0.124,7564
-0.338,9622
0.138,1619
0.0605,4100
0.0427,4343
0.553,432
-0.124,6770
-0.145,8115
0.144,1922
-0.161,9483
-0.218,9340
-0.00708,5706
-0.229,9115
0.0711,3086
0.062,3021
-0.0961,9479
0.206,1149
0.0487,4320
-0.0766,7438
-0.0251,6319
0.282,295
-0.0752,7897
0.248,1514
0.203,1905
0.505,1812
0.00798,4843
-0.124,8970
-0.015,5903
0.0141,4826
0.0588,3710
3.4,184
0.252,45
-0.0122,6097
0.153,743
0.00576,5188
-0.12,8202
-0.457,9727
0.247,2102
-0.199,10655
-0.354,10728
-0.228,8109
-0.164,9003
0.486,557
-0.0281,5755
-0.0217,5824
-0.0453,7374
-0.00523,5584
0.0337,4327
0.187,544
-0.155,8242
-0.199,10406
-0.11,8428
0.539,702
-0.103,6501
-0.214,6878
0.182,1780
-0.168,9905
0.00955,5099
0.0163,5091
-0.125,7657
-0.166,7299
-0.146,9352
-0.0534,7516
0.0582,4185
-0.0133,5719
0.125,2122
-0.117,7705
0.296,724
-0.446,10906
0.118,1464
-0.0126,5664
-0.174,9169
0.228,2317
0.0637,4388
0.128,1552
-0.179,9635
-0.135,8762
0.391,116
0.265,771
-0.111,8479
-0.0757,7569
-0.0789,8880
-0.361,10816
-0.183,9038
0.322,671
-0.269,9876
-0.294,10777
0.026,4427
0.132,1933
-0.0339,6875
-0.272,7986
1.69,11
-0.0593,6771
-0.321,10700
0.0262,912
0.19,1824
0.183,1405
0.373,37
-0.51,9185
-0.0373,6560
0.0647,3319
0.118,3090
0.0484,4344
0.0382,4356
0.138,3167
-0.0985,8822
0.076,2763
0.147,1701
-0.151,7380
-0.291,10365
-0.441,8069
0.0965,2975
-0.0489,6742
-0.112,8298
0.0979,2545
0.0771,3186
0.256,1122
-0.0739,7558
0.00233,5332
0.0942,3634
0.2,1888
-0.219,8433
-0.0955,6387
-0.106,8915
-0.0524,7130
0.0843,2525
-0.111,7700
0.00789,5073
-0.117,8668
-0.126,8752
0.0492,4090
0.235,2535
-0.0525,7085
-0.176,8823
-0.205,10308
0.396,690
-0.0103,5391
0.0993,3444
0.164,1729
-0.0401,6289
0.336,677
-0.154,10333
-0.0783,8265
0.191,1576
-0.18,9670
0.405,1839
0.285,951
-0.0795,7499
-0.236,10756
0.402,364
0.611,525
0.0171,5273
0.288,1517
-0.0626,7107
0.0317,4866
0.818,146
0.259,559
0.331,832
0.0898,3653
-0.0401,6594
-0.0444,6614
-0.242,9320
0.086,3570
-0.109,7748
-0.22,9554
0.199,2104
0.131,1424
-0.121,7403
0.15,2791
-0.296,8366
0.0701,4136
0.0318,4388
0.00205,5356
-0.145,8740
0.46,841
0.0829,2089
-0.265,9419
0.0748,2996
0.0645,1718
0.121,2028
-0.384,10200
0.334,1580
0.0208,4656
0.368,259
-0.0293,6554
-0.223,9306
0.283,1569
0.24,3163
-0.147,7601
-0.204,10532
0.0809,3761
-0.151,8563
0.528,272
-0.0231,5956
-0.433,9062
-0.0179,5807
0.033,4715
0.102,3681
-0.136,8820
0.475,457
0.0909,3500
-0.0955,8197
0.0726,3134
-0.00574,5464
-0.00764,5427
0.128,1440
-0.118,8252
-0.23,9329
-0.104,8424
0.00864,5358
-0.13,8928
0.0704,3499
0.113,3524
0.0293,4039
0.0623,1964
-0.166,9354
-0.188,9997
-0.262,7368
0.136,2001
0.00907,4949
-0.00606,5682
-0.306,9638
-0.0738,7721
-0.0692,7033
0.0314,3460
-0.0629,7176
-0.0977,7501
0.0894,2591
-0.116,8390
-0.38,10618
-0.339,10700
0.174,1249
-0.178,9770
-0.0591,6636
-0.00362,5471
-0.0819,7054
-0.061,5699
-0.0603,8082
-0.0827,7190
-0.225,9492
0.218,269
0.118,3699
0.383,8
-0.141,7974
-0.131,9118
-0.0338,5961
-0.213,9436
-0.148,7249
-0.778,10979
-0.319,10283
-0.351,10885
-0.515,10846
0.263,360
0.277,2203
0.205,2498
-0.103,9489
0.0981,1865
-0.0379,6703
-0.0467,6975
0.0423,3875
0.275,860
0.178,1323
0.0383,4254
-0.206,9052
0.0742,4136
0.175,3009
-0.103,7753
-0.135,9715
-0.0445,6909
-0.0865,7326
0.263,1803
-0.283,8504
-0.217,9889
0.0339,4305
0.303,1162
-0.0669,6809
-0.271,7587
1.42,245
-0.0821,7061
-0.18,9029
-0.128,8122
-0.0874,6413
-0.0524,5715
-0.141,8874
-0.1,8930
0.103,2753
-0.18,8164
-0.0358,6146
-0.142,8197
-0.0617,7428
-0.0407,6588
-0.00885,5662
-0.415,10902
-0.184,9442
-0.026,5860
-0.349,9831
0.0686,2980
-0.00628,5735
-0.0458,7043
-0.113,7482
0.0148,5052
0.56,34
0.0532,3547
0.106,910
-0.0705,5663
0.693,52
-0.364,10446
-0.154,9304
-0.0132,5759
-0.115,8682
-0.00397,5513
-0.365,10435
0.237,1149
-0.232,9041
0.0881,1658
-0.154,9949
-0.158,8694
0.118,2839
-0.00996,5644
-0.0951,7522
0.164,816
0.0702,2982
-0.0849,8150
0.165,2370
-0.215,9157
0.135,3183
-0.0445,7070
-0.0505,7848
-0.129,8790
-0.213,8460
0.158,2318
0.321,1320
-0.0144,6036
-0.135,9575
-0.172,9437
-0.183,9054
-0.057,6489
-0.0175,5777
0.0459,3876
-0.226,10088
-0.136,8261
-0.0223,5888
-0.276,10626
-0.21,9527
0.136,1649
-0.125,9205
-0.127,7328
0.059,3896
-0.155,7922
0.0443,4255
0.149,1907
0.092,877
-0.0347,6361
0.319,1205
-0.285,10276
-0.021,5736
0.0184,4542
0.0465,4247
-0.109,8528
-0.157,8412
0.0621,2711
0.0718,3777
-0.0148,5794
-0.0959,8250
-0.0102,5482
-0.114,9069
-0.0247,5508
-0.539,9483
-0.0606,8138
-0.131,8850
0.0176,4831
0.199,2523
-0.323,8815
1.18,86
-0.0506,6181
-0.104,8890
-0.0357,6140
-0.0888,7847
0.611,1237
-0.361,8740
0.518,77
-0.00373,5513
-0.128,8760
0.088,3246
-0.0891,6797
0.0238,4771
0.072,3116
-0.256,9767
-0.126,7879
0.483,1086
0.0175,4869
-0.0794,6808
-0.0411,6783
0.322,687
0.173,1792
0.262,1280
-0.117,8053
0.216,793
0.113,703
-0.0442,6903
0.0441,4354
-0.255,9366
0.0423,3988
-0.128,5356
0.106,2201
0.0749,3555
-0.157,9828
-0.0502,5648
0.031,4804
-0.337,10931
-0.0808,7893
-0.0675,6628
0.138,3416
-0.245,10570
0.0645,3934
0.129,2202
0.204,1160
-0.115,8067
-0.0859,7829
-0.00159,5286
0.526,655
-0.389,9922
-0.173,9889
0.389,596
0.334,826
-0.131,7055
-0.391,8474
0.0961,2125
-0.015,5771
-0.0617,6523
-0.192,10220
-0.15,8743
-0.031,4490
-0.0592,7220
0.0248,4505
-0.184,9460
0.321,491
-0.133,10208
-0.0565,7031
-0.19,9747
-0.146,8714
0.457,682
-0.0629,7296
-0.00063,5613
-0.0851,7819
0.22,1387
0.235,747
-0.0171,5875
0.0647,3914
0.113,2926
0.155,2334
-0.118,6879
-0.232,10854
-0.0187,5950
0.0753,2696
0.228,1425
-0.346,10569
0.127,3101
-0.0403,6693
-0.124,8930
0.139,1876
0.0901,3039
-0.241,9226
-0.103,7699
0.159,872
-0.0966,9233
0.32,823
-0.0581,6354
0.156,1279
0.0513,3819
-0.0112,6012
0.0871,2785
-0.0749,7396
0.422,1637
-0.0552,5935
-0.252,9026
-0.128,9926
-0.111,9986
0.872,98
0.227,667
-0.357,8346
0.117,2921
0.145,1920
-0.0107,5883
0.0513,3679
-0.0517,6821
-0.0761,9190
0.0838,3657
-0.198,9566
-0.148,8097
-0.173,9741
0.111,3420
0.0961,3468
-0.339,10410
0.236,441
0.225,754
-0.098,7462
-0.024,6007
-0.316,10387
-0.27,10004
0.234,942
-0.029,6169
0.213,2304
0.234,2572
-0.167,8100
-0.354,7964
-0.114,9389
-0.0644,6572
-0.169,8938
-0.0662,6324
0.086,4064
0.254,2606
0.15,524
-0.0368,6837
-0.0469,6270
-0.156,8835
-0.202,7869
0.102,3374
-0.0523,6900
-0.157,7410
0.00174,5127
-0.0332,6249
0.382,36
-0.568,10735
-0.0488,6820
0.00498,5371
0.189,1997
-0.074,6289
0.0517,4111
0.401,1129
-0.0639,6728
-0.0171,5735
0.0401,4188
0.0617,3757
0.0708,3724
-0.0651,6799
0.435,96
0.0523,1948
0.782,584
-0.295,10760
-0.145,8544
-0.0287,6768
0.0646,3661
0.0377,3983
-0.151,8317
-0.469,10187
0.292,593
-0.267,9007
0.00801,5001
-0.367,10606
-0.264,9186
0.153,2791
-0.214,9051
-0.244,8766
-0.13,7285
-0.107,9114
0.123,2845
-0.108,8541
0.0926,3440
-0.0693,7080
-0.0837,8365
-0.0242,7009
0.0284,4706
0.0192,4610
0.212,3250
0.0201,4661
0.169,2026
0.0955,3267
0.212,1737
0.0799,3847
0.0394,4840
-0.215,7848
-0.111,10071
-0.101,8055
-0.036,6659
-0.372,9621
-0.079,7139
0.461,246
-0.013,6112
0.108,2051
0.0265,4659
-0.075,6773
0.309,1012
0.193,2987
-0.21,10677
0.111,2716
-0.14,7024
-0.0962,7102
-0.245,9355
0.373,611
-0.124,8501
-0.0624,7858
-0.0581,6916
-0.129,7471
-0.269,9846
0.119,1939
-0.214,10713
-0.00695,5396
-0.0999,8822
0.728,5
-0.0737,6786
-0.194,8595
0.22,502
0.00337,5165
0.0967,2839
-0.0834,7349
0.29,1529
-0.155,9361
0.23,723
0.11,3278
0.0255,4971
-0.193,9445
0.228,752
-0.0572,6292
-0.0702,7963
-0.073,6529
0.0176,4713
-0.275,9910
0.177,1725
0.558,1383
0.0283,3824
0.0547,3422
0.0873,3754
-0.0209,6090
-0.235,5329
-0.207,6702
-0.0537,7421
0.0652,3392
-0.0734,7521
-0.0918,6765
0.0414,4571
0.237,2239
-0.194,10057
-0.269,10876
-0.0124,5249
0.08,3946
0.0288,4769
-0.157,7453
0.381,473
-0.101,8494
-0.191,8220
0.0718,3348
0.0272,4892
0.0139,5059
0.00162,5387
0.0407,4618
0.454,460
-0.0634,6608
-0.0957,6606
-0.0625,7073
-0.0821,9589
0.13,1136
-0.125,7005
-0.0482,6548
-0.000204,4895
0.046,4719
-0.15,7402
-0.0705,8585
-0.11,7068
-0.13,8478
-0.0308,6029
-0.209,10221
0.115,2753
0.107,590
0.0046,5004
-0.0479,6569
-0.125,7979
0.342,582
-0.0202,6342
-0.0131,5351
0.000672,5489
0.0542,3518
0.202,1299
-0.0158,5496
-0.00509,5453
-0.149,9583
-0.0612,7754
-0.0205,5748
-0.0639,7124
-0.183,8443
-0.105,7845
0.0614,3392
-0.0114,6004
-0.0428,6106
-0.402,10814
-0.165,7120
-0.939,11014
0.0879,1334
0.126,1066
0.0568,4305
-0.0235,5701
0.174,3527
0.268,1531
-0.138,9403
-0.0554,8303
0.139,3095
-0.0939,7957
-0.289,9688
0.0499,4339
0.0612,2916
-0.00943,5816
-0.46,10571
-0.143,9456
-0.041,5803
0.0508,4526
0.0923,3029
-0.247,9659
-0.069,6749
0.0449,4236
-0.042,6212
-0.178,7804
-0.0811,7993
0.103,2038
-0.0545,7195
-0.00529,5577
0.831,1147
-0.0996,7845
-0.0606,7305
0.0577,3287
0.0941,3667
-0.211,7545
-0.0998,7199
0.0604,2992
-0.0119,5796
-0.0807,6639
-0.0403,6930
-0.0211,5635
0.00711,4995
-0.174,8724
-0.00857,5674
0.164,1668
-0.197,7659
-0.325,10931
0.929,65
-0.293,9798
-0.173,9175
-0.0403,6673
0.218,492
0.0767,3604
0.0943,2219
0.208,1343
-0.318,10537
-0.0142,5854
-0.134,7999
0.26,476
-0.0456,5728
0.168,1166
0.177,407
0.51,72
-0.0353,5912
-0.531,10894
0.121,3210
0.087,2608
0.00808,4860
-0.026,6331
0.184,1971
-0.234,9822
-0.0392,5885
-0.185,7083
0.0525,4330
0.2,325
-0.0525,6086
-0.144,8744
-0.223,9760
-0.238,9008
0.0166,4971
-0.372,10862
0.354,284
0.0231,4995
0.0989,3094
-0.0208,6061
0.155,1169
0.459,375
-0.535,10764
-0.122,8625
1.77,677
-0.137,6255
0.151,2379
0.133,1215
-0.0973,8345
0.00512,5116
0.433,42
-0.185,9309
-0.0185,6054
0.0473,2781
-0.101,7227
0.16,949
0.119,2338
-0.0577,6815
-0.116,9437
0.117,2810
-0.332,10434
-0.158,8187
-0.17,9106
0.128,1205
0.213,867
-0.0914,8576
0.411,160
0.122,2451
-0.479,10832
-0.0899,7513
-0.043,7210
0.0218,4917
-0.111,4399
0.192,1565
0.591,1950
-0.196,9535
0.0256,4118
-0.197,8681
-0.162,6909
0.033,4332
-0.149,10062
-0.118,7973
-0.146,9861
-0.013,5830
-0.285,10070
0.203,721
0.12,3078
0.726,387
0.082,2346
0.14,2175
-0.0574,6221
0.0934,3101
-0.0435,6466
-0.255,10008
0.0523,3666
-0.0434,6416
-0.0328,6576
0.0411,4315
-0.0523,7258
0.083,3402
-0.0755,8406
0.024,4584
-0.294,10488
-0.0453,7051
0.351,878
-0.121,7805
0.015,5049
-0.0702,7709
-0.0418,6247
-0.0599,7071
-0.16,9437
0.156,1953
-0.236,9405
0.198,952
-0.136,8640
0.155,1561
0.329,365
-0.0852,7031
0.0779,2673
-0.0349,6255
-0.0107,5530
0.0507,4116
-0.286,8337
-0.3,9928
-0.0755,7312
-0.175,8794
0.141,3296
-0.0134,5635
-0.12,8283
0.22,1806
-0.224,9879
0.0346,3843
0.00709,4829
-0.121,8484
-0.118,6705
-0.188,8316
-0.0801,7933
0.0145,4669
0.112,2808
0.235,1784
-0.35,10191
-0.154,7717
-0.305,10857
-0.166,8815
0.107,4011
0.141,3558
-0.423,6384
0.896,808
0.101,2616
0.0234,4762
0.106,3635
-0.233,10405
-0.317,9247
0.0399,4559
-0.195,10731
0.186,603
-0.14,6820
0.174,1229
0.0375,4184
-0.105,6739
0.119,2700
-0.0225,6630
0.163,1791
0.0383,4324
-0.513,10959
0.258,1083
0.113,1848
0.138,1232
0.332,764
-0.273,10610
-0.0776,7153
-0.337,9965
0.107,2231
0.0793,3187
0.227,879
-0.0564,6822
0.135,2287
0.308,1166
-0.207,10525
-0.173,9761
-0.189,9003
-0.215,10144
0.15,2395
0.0147,4855
-0.0467,6537
0.233,161
-0.253,6267
-0.232,8239
0.246,1840
-0.228,9169
0.109,2450
0.45,161
-0.111,9440
0.065,4260
0.396,657
-0.114,6756
-0.0419,6452
-0.0326,8064
-0.164,8761
0.459,830
0.251,381
0.00526,4926
-0.0689,7532
0.0642,3204
0.232,1505
0.144,564
0.0849,2059
0.503,666
-0.208,9872
0.0643,2403
-0.257,10780
0.108,3730
-0.358,10315
-0.0269,5696
-0.163,7362
0.0413,4453
-0.135,8172
0.0295,4650
0.177,2213
0.112,2984
-0.0125,5222
-0.0915,8214
-0.637,8020
0.219,3548
1.05,305
-0.17,8978
-0.103,8016
-0.125,8043
0.126,547
0.157,935
0.0217,4194
0.236,1287
0.00927,5013
-0.208,8665
-0.415,9967
-0.235,8823
-0.171,8882
-0.457,9095
0.139,3205
0.0336,4548
0.345,1126
0.349,528
-0.214,9537
-0.0638,7416
0.00464,5275
-0.0775,6559
0.229,1858
-0.062,7532
0.356,333
0.0238,4992
0.0608,3818
-0.0146,5097
-0.253,9274
-0.0735,8539
-0.0856,8295
0.328,789
-0.0605,7164
-0.158,7422
-0.104,7626
0.128,1352
0.0235,4489
0.239,1203
-0.00274,5505
0.151,2622
0.268,1730
-0.0472,7212
0.203,982
0.0286,4594
-0.282,9816
-0.209,7289
-0.0312,5518
0.132,2342
-0.0338,6661
0.00699,5098
-0.243,9900
0.214,1857
-0.395,10733
0.16,1461
0.0316,4411
-0.221,10257
0.0657,3969
-0.0773,6128
-0.176,9690
0.0394,4384
0.122,2625
-0.0742,6518
0.174,2139
-0.0433,7007
0.109,2872
0.042,3873
0.0378,3367
-0.0275,5830
-0.103,7422
-0.0213,5522
0.0204,4842
0.0871,3724
0.0823,3017
-0.138,7892
0.826,31
-0.0961,7337
-0.025,5656
-0.0415,6098
0.109,2410
0.193,2333
-0.277,6469
0.172,2354
0.43,867
0.0513,3961
0.0565,4288
-0.275,10291
0.111,3310
0.00602,5216
-0.0287,6240
-0.174,9384
0.388,976
0.0521,3597
0.146,2653
-0.0422,6315
-0.0993,7858
-0.0245,6513
0.0245,4566
0.133,1666
-0.607,9285
-0.447,10808
0.0667,3109
0.0885,2342
-0.0506,6628
-0.0831,6643
0.0512,3514
-0.0429,6434
0.0456,3684
-0.115,8582
-0.175,10952
0.0216,4633
-0.0568,5550
0.522,496
0.0583,3979
0.0139,4664
-0.247,9381
-0.0321,6274
-0.124,8843
-0.247,10898
-0.0999,8239
0.03,4202
-0.233,10707
0.0295,4667
0.207,1873
-0.257,8396
0.304,2775
-0.0193,5719
-0.248,10420
-0.0185,5965
0.0675,4126
0.0664,4049
-0.0436,6019
0.106,2323
0.0917,3879
-0.125,9427
0.0321,4322
-0.117,6844
0.0211,4232
0.182,800
-0.338,10885
-0.291,10020
-0.312,9436
0.046,4451
-0.0627,8163
0.142,2554
-0.307,8089
0.0608,3696
-0.305,6497
-0.233,8986
-0.137,7636
0.0198,4724
0.417,887
-0.0645,7514
0.667,145
-0.212,9128
0.0809,2820
0.0432,4400
0.145,2409
-0.0621,5888
-0.393,10515
0.462,2262
-0.183,7163
0.216,2195
-0.127,6989
-0.0809,7570
-0.0913,6458
-0.159,8396
0.167,693
0.3,142
-0.355,10138
-0.0833,7525
-0.139,9078
0.409,1531
-0.0814,9391
-0.155,9704
0.0334,4440
0.0949,3173
-0.0479,6525
0.0381,4520
-0.284,10436
0.197,913
-0.155,6481
0.0341,4440
-0.234,7290
0.177,1502
0.0474,3995
-0.147,9660
-0.194,8279
0.152,2281
-0.0933,7694
0.219,1166
-0.0429,7760
-0.163,10202
-0.316,7628
0.0361,4699
0.352,1249
0.0822,3750
0.0116,5013
0.0362,3930
-0.0213,6371
0.0801,3248
0.813,427
0.0795,1773
0.0715,3727
0.00906,4992
-0.0518,7164
0.0665,4219
-0.28,9021
0.113,2974
0.13,2652
0.0979,2944
-0.0363,6914
0.0295,4651
-0.127,8449
-0.132,8232
-0.0468,7349
0.19,573
-0.0731,7497
-0.138,8408
0.0904,3145
-0.0886,7072
-0.149,8841
-0.0726,7383
-0.104,8421
-0.28,9258
0.042,4412
-0.416,10099
0.307,357
0.296,463
-0.0136,5848
0.026,5046
-0.0719,5669
0.4,1035
0.0872,2442
-0.0241,6376
0.0601,3932
-0.101,7937
0.0467,2977
0.22,2354
-0.0249,6574
0.171,1688
-0.083,6875
-0.0398,6176
-0.0151,5366
0.293,1348
0.255,758
-0.122,8909
0.189,1665
0.0385,3408
-0.383,9207
-0.131,8601
-0.0587,7924
0.0114,4639
0.165,2328
0.0436,4384
-0.053,5668
0.0292,4682
-0.195,9803
0.0757,2132
0.0097,5004
-0.256,9566
-0.309,6956
0.0525,3982
-0.277,8862
-0.00477,5699
-0.395,9485
0.275,745
-0.116,7569
0.114,3463
-0.121,10062
-0.0483,6406
-0.127,8034
0.0919,3052
-0.044,5232
-0.054,7085
0.067,2938
-0.0128,5957
0.421,836
-0.162,8623
0.346,1536
-0.18,9707
-0.031,6285
0.00599,5076
0.0413,4222
-0.254,9836
-0.00337,5437
0.13,2827
0.0522,4067
0.0403,4283
0.0611,4374
0.0423,4161
-0.343,8353
0.633,521
-0.1,7013
-0.242,9939
-0.081,7778
-0.0642,7591
0.0716,3300
0.258,1876
0.067,3327
0.0432,4688
-0.382,10747
0.0352,4412
-0.425,10682
0.119,3394
-0.235,7924
-0.0693,6337
-0.238,8813
0.471,862
-0.535,7467
-0.23,10609
0.0401,4138
0.0829,3036
-0.203,10130
0.109,3178
-0.0952,6715
0.319,1226
-0.103,7815
-0.0925,8057
-0.237,7872
-0.023,6350
-0.0586,6518
0.373,191
0.0239,4662
0.18,1495
-0.0421,6776
0.198,920
0.184,2303
0.0492,3860
0.229,318
0.076,2704
0.234,1108
-0.288,10008
0.275,1699
-0.0849,6547
-0.015,6084
0.0795,3696
0.013,4921
0.042,4622
-0.216,8704
0.14,2684
0.17,1803
-0.0678,7799
-0.243,8791
-0.189,8092
0.0924,3901
0.147,2707
0.152,715
-0.129,10104
0.154,2976
0.0885,3895
0.368,1203
0.234,2003
0.934,116
-0.122,9914
-0.298,10298
0.131,2145
-0.457,9189
-0.431,6717
-0.126,9848
0.14,1980
0.0866,3467
0.0364,4275
-0.215,10087
1.03,2
0.0941,1734
0.0449,3522
0.0916,2574
-0.2,9505
0.76,1162
-0.0731,6854
0.067,3732
-0.0556,7314
-0.194,9543
0.231,3005
0.161,3205
-0.169,9345
-0.0175,6190
0.155,1115
0.415,785
0.169,3111
0.0651,3524
-0.148,9370
0.291,493
-0.0616,6068
-0.0849,6535
-0.0627,6675
0.0933,3467
0.16,2497
0.104,2849
0.068,2261
0.238,1781
-0.187,9711
-0.168,9243
0.861,270
0.0888,1885
0.192,1111
-0.0988,8002
0.165,1854
0.704,13
-0.00845,5465
-0.0996,8486
-0.134,7913
-0.0486,6303
0.111,2561
0.702,48
-0.0927,9322
-0.0593,7216
-0.077,8237
-0.035,6160
0.253,1988
0.146,3129
0.0213,4567
0.152,1438
-0.0536,7313
0.165,1915
-0.317,10013
0.0368,4675
-0.118,8784
0.104,2509
-0.0345,6307
-0.0936,6854
0.141,2497
0.0195,4788
-0.218,10204
-0.0836,7891
0.0236,4541
-0.197,8079
0.705,44
-0.387,10751
-0.3,10365
0.193,1442
0.251,126
-0.326,10295
0.279,1775
0.278,842
-0.269,9301
-0.0574,7396
-0.0953,9048
0.281,1365
0.119,3214
0.594,181
-0.303,8820
0.0497,3912
-0.0524,6855
0.108,2828
-0.558,10871
-0.113,8505
0.472,201
-0.081,8415
0.0526,3987
-0.0623,6874
-0.0454,6167
0.15,2912
-0.135,7258
-0.0772,7367
-0.102,8832
-0.128,7728
-0.183,8641
-0.261,9578
-0.222,10224
-0.0868,7782
0.0698,2992
-0.214,8819
0.141,3072
0.0577,4215
-0.0363,5898
0.0743,3147
-0.0997,9554
-0.11,7213
0.204,1745
-0.0641,6529
-0.0189,5885
0.114,2461
-0.00623,5800
-0.193,9221
-0.212,10017
0.982,11
0.147,1397
-0.0675,7614
0.00937,5119
0.0962,3566
-0.027,6446
0.266,1068
0.67,592
-0.146,9702
0.138,1667
-0.0132,5953
-0.0843,6739
0.0968,3665
-0.0483,6315
-0.0288,6310
0.206,1053
0.25,618
-0.432,9648
0.979,192
-0.019,5912
-0.0534,6881
0.0597,4032
0.0412,4688
-0.16,8190
-0.0993,8202
-0.395,9530
-0.017,5507
-0.163,9682
-0.0564,6704
0.299,678
-0.00535,5432
-0.293,10481
0.0466,3260
-0.217,10578
0.105,3593
-0.126,8662
-0.26,10185
0.59,312
-0.0548,7147
0.026,4189
-0.125,7640
0.142,3196
0.167,1901
-0.112,5798
-0.346,10921
-0.0642,8453
-0.435,10889
-0.0793,6469
0.0941,3148
0.107,2907
-0.00963,5432
-0.0822,7763
0.142,1985
0.126,2664
0.0661,3798
0.247,536
0.122,1879
-0.161,7493
0.0181,4560
-0.037,6182
-0.244,6485
-0.00977,6017
0.443,94
0.0427,3937
-0.135,8217
0.0558,3750
-0.283,9799
-0.0668,7409
0.142,1550
0.154,2824
-0.0619,6646
-0.196,9012
-0.38,10366
-0.102,7755
-0.272,10505
0.612,104
-0.121,9013
-0.369,10698
0.0754,3335
-0.167,10403
0.127,1210
0.0552,4414
-0.052,6563
-0.117,7854
-0.0428,5130
-0.0754,8403
0.0116,4846
-0.254,8993
0.0708,3237
-0.00947,5160
-0.471,9982
-0.0301,6988
-0.0671,7160
-0.0408,7003
-0.119,7669
0.178,2271
0.0457,4047
0.113,2499
-0.17,10012
-0.117,7666
-0.134,9867
0.33,1989
-0.0123,5520
-0.045,6574
-0.136,9257
0.0374,4468
-0.01,5555
-0.127,7922
0.102,3449
0.0327,4401
-0.463,10277
-0.366,10479
0.115,2947
0.00498,4740
-0.431,8642
-0.0729,7545
0.0412,4045
-0.235,7300
0.589,668
0.189,2767
0.0212,4800
0.104,2369
-0.0623,7066
-0.326,10707
-0.161,10291
-0.0018,5385
0.0551,4295
-0.0723,8034
0.0102,5041
-0.262,8202
0.14,2583
0.184,2879
-0.0218,4999
0.0917,3222
-0.00509,5236
0.555,232
-0.0939,7098
-0.0931,8487
0.24,1236
-0.358,10998
0.0346,4266
0.0874,3400
-0.177,9440
-0.13,7936
-0.185,5634
0.0648,3430
-0.0255,6250
-0.188,9664
-0.146,8805
0.0422,4541
-0.126,6992
0.241,1049
-0.0166,6978
0.685,613
0.189,1528
0.26,2714
0.4,735
-0.106,8422
-0.0306,7306
-0.265,6975
-0.361,10035
-0.0515,7924
-0.0498,6816
0.0602,2857
0.123,1466
0.0108,3878
0.141,2110
-0.0278,6406
-0.245,9743
-0.00802,5744
-0.00744,5742
-0.545,11002
0.267,1624
-0.158,8618
-0.0128,5868
-0.0911,8204
0.268,560
0.123,3676
-0.523,10107
-0.451,10473
-0.161,7918
-0.0075,5761
0.128,872
-0.0601,7557
-0.179,9064
0.0719,3715
-0.0285,5410
-0.38,6280
-0.0717,7179
0.00894,4794
-0.33,10223
-0.124,7271
-0.114,7580
-0.733,10695
-0.288,10495
-0.138,10159
0.275,1363
-0.00089,5190
-0.115,8546
0.389,1885
-0.114,8577
-0.116,7677
-0.153,10295
0.159,2522
-0.00828,5658
-0.0574,6158
0.0701,2730
-0.000378,5093
-0.0233,5809
0.149,2451
0.263,2376
0.299,2273
-0.0304,7330
0.262,855
0.0447,3688
-0.0156,5785
0.18,2293
1.11,54
-0.196,9461
-0.342,9498
-0.0924,6714
-0.281,9199
-0.18,8345
0.262,1414
0.0254,4722
-0.0101,6232
-0.0665,6232
-0.131,10180
0.189,2503
0.383,1547
-0.0476,6649
-0.202,9738
0.158,1379
0.0105,4971
-0.0176,5508
-0.0183,5961
0.274,939
-0.0966,9856
-0.049,6478
0.167,2633
-0.0994,7442
-0.0107,5340
-0.064,6971
-0.0113,5487
0.265,974
0.851,29
-0.0131,5784
0.0199,4971
0.0417,4059
-0.00831,5827
0.146,1989
0.129,2896
-0.0584,6199
-0.377,10157
0.319,406
-0.0261,6574
-0.24,9178
0.273,173
-0.443,9713
-0.0834,7449
0.4,276
1.27,12
-0.0204,5909
-0.273,8877
0.476,31
0.533,4
-0.183,10112
0.454,169
0.241,162
-0.193,8534
0.0567,4188
-0.0859,8364
-0.0157,5751
0.0548,4455
-0.176,9944
0.147,1988
0.0485,3961
0.145,1056
0.0189,5128
-0.159,9804
0.0893,3537
-0.0861,6938
-0.234,9785
-0.0737,6681
-0.382,10774
0.257,1444
0.0983,3900
0.0101,4857
-0.0272,5546
-0.0287,5691
-0.142,8523
-0.0452,6357
-0.0416,6164
-0.173,5990
0.377,420
0.247,873
-0.112,8287
-0.0814,5812
0.0533,4464
-0.246,9089
0.0694,4403
0.686,1184
-0.0676,5902
-0.126,8917
0.12,3498
-0.0506,6318
-0.0711,8531
-0.0231,6302
0.0775,3428
0.389,1389
0.025,4700
-0.0371,6530
0.0611,2211
-0.007,5670
0.777,4
0.0119,4954
0.37,137
-0.0926,7143
-0.288,10511
0.302,84
-0.312,8915
0.0404,4229
-0.00221,5518
-0.1,6351
0.0831,3204
-0.0133,6101
0.178,2958
0.575,62
0.1,3121
-0.18,9267
0.0942,3035
-0.172,8879
0.0742,3900
0.146,1366
-0.103,7698
-0.233,8046
0.118,2033
-0.0557,6745
0.71,189
-0.0156,5174
-0.125,7495
-0.0802,6650
-0.014,6114
-0.284,10668
-0.159,7194
-0.212,9028
-0.0903,7030
-0.0586,6782
0.0533,3772
0.0187,4521
-0.0289,6278
0.26,1727
-0.314,7705
-0.0889,7127
-0.00696,5491
0.0565,2852
-0.088,7448
-0.25,8372
-0.343,9994
-0.05,6438
0.0372,4107
-0.0457,6510
-0.091,7691
0.137,2650
0.299,1077
-0.145,8924
-0.218,10764
-0.02,5661
0.209,1627
-0.339,10920
-0.262,8974
-0.0179,5764
0.212,556
0.157,1564
-0.269,10279
-0.126,9340
0.0422,4115
-0.0249,6620
-0.169,9112
-0.0137,5789
-0.367,10653
-0.0767,8634
0.128,2401
-0.03,6134
0.085,2460
0.166,1605
-0.0106,5614
-0.0442,7126
0.285,494
0.484,157
0.0539,3988
0.149,1541
-0.0273,5959
-0.0868,6664
0.128,3076
0.304,208
-0.584,10997
-0.387,10801
-0.136,8693
0.0857,3894
0.0422,4544
-0.335,7348
-0.0618,7435
0.134,884
0.0643,3300
-0.124,6865
-0.036,6717
0.102,4015
0.0814,2186
-0.0612,7643
0.0449,4125
-0.137,8129
0.11,3787
-0.107,7085
-0.0239,6440
-0.115,9457
-0.14,8923
0.0237,4576
0.18,2883
-0.155,8487
-0.0487,6270
-0.00276,5548
-0.0251,6177
0.0965,2625
-0.092,7778
-0.0508,7103
-0.319,9777
-0.327,10364
-0.113,7852
0.102,3866
-0.357,7314
4.09,9
0.224,546
-0.0265,6601
-0.282,9675
-0.114,6086
-0.0668,7550
-0.411,10075
-0.172,8561
-0.104,8848
-0.144,7725
0.0868,2938
-0.0201,5689
0.162,2881
0.284,2097
0.287,1358
-0.131,8006
0.458,664
-0.0417,6873
0.00493,5017
-0.0691,8790
0.0152,4951
0.558,186
0.21,951
-0.162,8802
0.206,932
0.00498,5119
-0.0681,8433
0.19,881
0.253,1223
-0.358,10249
0.0705,3283
-0.191,10122
-0.131,9352
-0.243,10775
0.00383,5190
0.0445,3033
0.47,1784
0.0396,4148
-0.085,7527
0.0272,4653
-0.372,8930
0.259,847
-0.0691,6700
-0.138,9812
0.0678,2566
0.0477,4472
0.00701,5087
0.0904,3187
-0.0727,7529
-0.277,10578
-0.101,8037
-0.0198,6076
0.229,1021
0.00614,5442
-0.00363,5223
-0.0708,7799
0.0882,2673
-0.159,9471
-0.0615,6440
-0.447,10133
-0.42,8348
-0.125,9742
-0.0226,6301
-0.00265,5558
0.117,2519
-0.18,8550
-0.206,9176
-0.0813,7629
-0.0912,8462
-0.314,10802
-0.109,7820
-0.18,7895
-0.131,7788
0.0436,3663
-0.0699,8009
-0.217,10230
-0.292,10679
-0.365,8950
-0.108,9279
-0.0419,6693
0.033,4545
0.0265,4383
-0.245,8606
0.259,808
0.0276,4679
-0.0612,6595
-0.108,8863
-0.383,10886
0.235,2353
0.124,2398
-0.178,4175
-0.0695,7892
0.0571,3156
0.063,4170
-0.283,7949
-0.0277,6068
-0.435,10231
-0.0379,6151
-0.0586,7070
-0.0805,6645
0.00827,5288
-0.269,9423
-0.201,9378
0.0953,2150
-0.0982,7794
-0.263,8874
-0.307,9361
-0.317,9658
-0.121,8981
-0.0317,6626
-0.00942,5862
-0.192,9247
0.39,1563
0.105,3100
0.0104,4948
0.322,2889
0.0616,2436
-0.129,7757
0.00843,4973
0.555,574
0.188,1055
0.216,2576
-0.0659,7975
0.0619,3585
0.219,2185
0.931,853
-0.00986,5582
0.0315,4550
0.0604,3864
0.554,192
-0.242,8989
-0.00625,5419
0.0245,4790
0.039,3901
0.339,176
-0.246,9257
-0.067,7109
0.113,3005
-0.138,9761
-0.115,9036
0.264,208
-0.0935,7323
0.00968,4749
-0.0923,6262
0.783,46
-0.26,10932
0.156,1220
-0.161,7514
-0.18,9593
0.093,3264
-0.29,10785
-0.115,9144
-0.0244,5778
0.288,374
-0.147,8141
-0.177,9118
0.127,3722
-0.263,10607
-0.116,7905
-0.123,7276
0.0575,2417
0.0797,3946
-0.258,10860
0.247,727
-0.0792,8337
-0.131,7291
0.0299,4188
0.0554,3927
0.0869,3222
0.0261,4217
-0.196,10776
0.136,3028
-0.068,6794
-0.159,9477
-0.148,8270
-0.344,10584
-0.0498,6963
-0.295,9062
-0.321,7739
-0.416,10963
0.0918,3664
-0.2,9616
-0.103,9005
-0.089,6378
0.0311,4782
0.178,1012
-0.582,10300
0.146,2422
0.0873,1946
0.314,518
-1.07,10877
0.249,1393
1.06,33
-0.178,10998
0.0233,4901
0.00879,5190
0.065,4034
-0.242,10082
0.458,160
-0.0319,6493
0.116,2651
-0.0896,7223
-0.154,8935
0.139,2621
0.0603,4061
0.0249,4406
-0.0129,5319
-0.0935,6944
0.0245,4639
0.21,2315
-0.239,7775
0.0102,5055
-0.0874,8846
-0.284,10342
-0.00634,5223
-0.0791,7510
0.0766,3306
-0.0557,7025
1.57,53
-0.0362,6806
-0.21,9677
-0.11,9578
-0.0155,5535
0.141,1771
-0.152,10256
0.158,2412
-0.323,10568
0.0116,4956
0.397,1236
-0.0157,5700
0.0886,4098
-0.37,7744
0.0835,3960
0.109,2672
0.636,343
-0.027,6078
0.135,3439
-0.266,9152
0.0674,3957
0.00308,5177
-0.216,10371
0.0664,2268
-0.00291,5454
-0.00238,5197
-0.146,8256
0.501,1090
0.00163,5687
0.132,2055
-0.0615,8600
-0.255,9763
-0.225,8452
-0.765,9016
-0.625,10734
-0.255,10795
0.628,27
0.0574,4364
-0.137,9927
-0.391,9704
0.258,2079
-0.0684,7293
0.253,912
-0.151,9008
-0.0384,6130
-0.0751,7037
-0.214,8892
0.0675,2871
0.0575,3264
-0.000849,5184
0.111,2404
0.0098,5182
0.172,2083
0.112,2108
-0.321,9698
0.229,1064
0.0605,3992
-0.0743,6282
-0.0226,5818
-0.0935,8640
0.0871,3655
-0.0434,6141
-0.194,9357
0.353,700
-0.441,9641
0.0338,4753
0.173,258
-0.00609,5676
0.0901,2463
-0.129,8261
0.0896,2958
0.038,4309
-0.0808,7330
-0.305,9129
-0.299,10229
0.547,123
0.336,1872
0.00184,5481
0.0977,548
0.0585,3574
-0.133,9338
0.0696,3937
-0.00418,5649
0.00798,5366
-0.254,10600
0.204,1936
0.0131,5019
0.256,1355
0.00878,5103
0.107,2510
-0.165,10501
0.403,441
-0.129,8697
-0.261,10407
-0.208,9426
-0.0635,6105
-0.359,10643
-0.0546,6555
-0.384,9199
0.324,647
-0.295,9245
0.0888,1953
0.0343,4285
0.0179,4689
0.327,1932
0.296,908
0.301,2622
-0.11,8890
-0.195,9637
0.133,2977
0.142,2514
0.0103,5233
-0.199,6860
0.0688,2939
-0.0162,6108
0.0277,4774
-0.334,10082
-0.256,9647
0.551,780
0.0222,4794
0.138,2992
0.0944,3092
-0.0562,6792
0.325,2335
0.343,867
0.193,1077
0.0406,4091
0.246,2017
0.198,1661
-0.0785,7523
-0.189,7515
-0.201,10577
-0.248,11011
0.0886,3647
-0.186,9490
0.0463,3988
-0.000534,5331
-0.0758,7376
0.0716,3339
-0.155,9344
-0.0502,6821
-0.159,9949
0.105,2280
-0.178,9228
0.0162,4940
-0.25,9470
0.209,1681
-0.00509,5622
0.243,2773
0.0628,3097
0.196,1300
-0.103,7222
-0.113,9518
0.341,2121
0.139,2825
-0.109,8969
0.0393,4143
0.0705,4285
-0.294,9655
-0.167,7606
-0.0774,8934
-0.172,10486
0.0978,3132
0.0951,2873
0.127,2423
-0.105,7302
-0.0408,6260
0.0146,4735
-0.103,8222
0.0383,4590
-0.0831,6370
0.0442,4327
-0.0267,5906
-0.135,8346
-0.0832,6019
0.112,3258
0.0305,4712
-0.264,9258
-0.148,7504
-0.022,5332
0.00571,5162
-0.584,10417
-0.0592,5136
0.071,3633
0.0845,1772
0.204,284
-0.0975,7659
-0.0687,6947
-0.352,10049
-0.0485,6015
0.317,231
0.264,842
-0.0964,6917
-0.211,9067
-0.193,9758
0.0313,4308
0.0752,3853
-0.388,10245
0.26,1106
0.146,1605
-0.058,5808
0.0914,2648
-0.0255,6178
-0.0122,6400
-0.126,7511
0.302,1065
-0.0512,6198
-0.229,9926
0.0174,4860
0.0993,2686
-0.189,9746
0.149,1087
-0.165,8833
-0.00511,5129
-0.0327,6719
0.102,2827
-0.222,6483
-0.163,8613
-0.382,10556
-0.199,10544
-0.0551,6788
-0.186,10055
-0.29,10331
-0.0423,6256
-0.283,8395
-0.152,6689
0.045,3330
0.281,520
0.12,2626
-0.144,7447
0.161,3137
-0.45,9264
0.134,2768
-0.0155,5716
-0.253,10673
-0.182,7795
0.115,1713
0.101,3054
-0.172,9486
-0.0684,6331
0.0108,4956
-0.152,8068
-0.0935,6748
0.252,1142
0.0626,3853
0.0512,3412
0.658,101
-0.0201,5369
-0.214,10017
-0.185,9011
-0.154,10364
-0.0599,7176
-0.0651,7335
-0.279,9814
0.492,1140
0.335,1929
0.0507,3964
-0.0714,8527
0.105,3186
-0.0633,6645
0.462,84
-0.21,7390
-0.261,10557
0.0716,3945
0.0174,4962
-0.094,7731
0.012,5154
0.0335,4121
0.224,1068
-0.0588,6583
-0.157,7297
-0.0595,6810
0.0562,4004
0.979,31
0.00797,5173
-0.0914,7115
0.114,3582
0.038,4467
-0.461,10557
0.12,3748
-0.0942,8205
-0.153,8765
-0.065,6596
-0.303,10940
-0.0615,7240
-0.127,6599
-0.0393,6393
0.03,4196
-0.386,7950
0.00366,5087
-0.0354,5979
-0.235,10051
-0.216,10365
-0.244,9803
-0.161,9146
0.106,3713
0.173,1470
-0.00489,5525
-0.0383,6753
0.0659,2701
-0.134,9564
0.182,1007
-0.062,5960
1.12,1101
0.0482,3837
0.0824,2881
0.119,2382
-0.129,7988
0.264,2315
-0.00999,5802
-0.133,9273
-0.093,8322
0.272,2354
0.000857,5379
-0.00479,5651
0.338,118
-0.00743,5335
-0.476,7474
-0.256,9853
0.00825,4786
0.0698,1468
1.61,785
0.213,3311
-0.08,8692
0.0284,4398
-0.00621,5533
-0.0196,5613
0.101,3551
-0.312,10314
0.0184,4700
0.221,825
-0.135,8600
-0.0391,5413
-0.381,10958
-0.118,7842
-0.194,9436
-0.0482,7587
-0.0614,7443
-0.112,7792
-0.0217,5526
0.39,1124
-0.293,10247
-0.126,8378
-0.184,10688
-0.0985,8593
0.0111,5029
-0.585,10505
0.137,3351
-0.0686,7320
-0.0915,7772
-0.0958,8588
-0.084,8062
-0.000675,5372
0.586,1549
0.152,2210
-0.00204,5581
0.315,389
0.0572,3950
-0.176,10161
-0.00691,5093
0.0452,3834
0.133,2401
0.197,1655
-0.133,8957
0.288,1849
0.064,3446
-0.0223,6613
0.133,1761
-0.0587,6883
0.0686,3898
0.313,305
-0.22,10080
-0.00168,5440
-0.0657,9023
0.171,1964
-0.22,10446
-0.459,10292
0.0826,2896
0.0511,2820
0.0935,2298
-0.00997,5688
-0.663,9998
0.0708,2983
-0.0981,6881
-0.0127,5870
0.0569,3300
-0.11,8138
-0.0591,6490
-0.0676,7056
0.0584,4129
-0.271,9524
-0.298,11008
0.107,3444
-0.045,6897
-0.104,6927
0.178,2740
-0.157,9622
-0.172,7813
-0.0375,6345
0.122,2652
-0.0112,5510
-0.0101,5368
0.381,295
0.0637,2676
-0.021,5909
0.117,2585
0.149,1865
0.0828,3207
-0.0124,6138
0.209,386
-0.194,9873
-0.131,7040
-0.327,6204
-0.162,9053
-0.0116,5584
-0.111,8147
0.199,1073
0.0414,4516
-0.0257,5787
0.192,2070
-0.0879,7568
0.147,1743
-0.189,6613
-0.177,5360
-0.049,6207
-0.148,6459
-0.0502,5968
-0.429,9895
0.00928,4950
-0.107,7026
0.188,2869
-0.254,10182
-0.0698,8651
-0.00873,5579
0.0086,5062
0.223,2645
-0.0467,6841
0.472,960
-0.102,8160
-0.214,10689
0.0972,2042
-0.273,8293
0.941,46
0.0182,4732
-0.258,10650
-0.131,9304
0.236,1038
-0.269,8905
-0.0101,5790
-0.132,8365
0.0688,3549
-0.0151,5911
0.25,455
0.155,2233
-0.135,7475
-0.195,8299
0.0942,2914
-0.0312,6236
0.0916,3191
0.0781,3881
-0.329,9107
0.17,805
0.0948,2869
-0.111,9350
-0.117,7145
-0.0329,6634
-0.0447,6230
-0.258,9745
-0.105,7602
0.126,1200
0.167,1459
0.281,2147
-0.173,9731
-0.0673,7700
-0.0181,5769
-0.215,10045
0.0787,3437
-0.619,8185
-0.119,6822
0.157,1154
-0.0974,9556
0.179,1807
-0.148,5753
0.0464,4182
0.128,1503
-0.0198,6085
0.0334,4537
-0.185,10424
-0.193,7200
-0.127,6579
0.0463,3810
-0.323,10935
0.208,1156
0.00574,5092
0.305,1067
-0.351,10590
-0.0815,8755
-0.174,7764
-0.0563,6689
0.412,108
-0.504,10119
-0.183,9503
-0.0226,6066
-0.221,10720
-0.0455,7012
0.00991,4928
-0.313,9956
-0.0977,7478
0.291,827
0.0537,3730
0.151,2363
-0.182,10067
-0.195,8439
0.176,2907
0.102,2399
0.383,103
-0.338,10056
0.239,1088
0.267,1294
0.0452,4098
0.0123,4842
0.0251,4293
0.162,2476
0.417,1689
-0.418,10350
0.802,103
0.16,772
-0.203,10515
-0.0752,7252
0.0886,3450
-0.232,10261
0.565,332
0.19,565
-0.25,9877
0.297,598
-0.128,8671
-0.0561,6759
-0.115,8307
-0.214,10205
0.138,2104
-0.201,9995
-0.235,9409
0.335,551
-0.202,9423
-0.0422,6992
-0.0114,6197
-0.0387,6057
0.0727,3555
-0.0371,6040
0.0862,3327
0.108,2641
-0.358,10841
-0.176,9846
-0.195,10017
-0.0111,5601
-0.106,9087
0.0489,2870
-0.376,10175
0.219,538
-0.41,10003
0.0764,3666
0.0615,3248
0.0222,4098
0.171,1746
0.369,404
-0.00112,5429
0.316,1946
0.0198,4710
-0.109,9041
-0.0576,7427
0.179,2711
-0.224,6324
0.861,156
-0.208,9722
0.00473,4865
-0.0853,7693
-0.0916,8779
-0.0592,6026
-0.18,8451
0.411,45
-0.0663,8307
-0.0364,6496
0.00484,5213
-0.143,9638
0.138,1486
0.365,19
-0.0615,7125
0.101,3591
-0.325,10594
0.283,989
-0.117,6829
0.224,1290
-0.0285,5830
-0.237,6806
-0.0871,6383
-0.185,6440
-0.283,9104
0.197,1440
-0.0738,8096
-0.231,10394
-0.0347,6333
-0.0604,6319
0.0325,3827
0.0339,3997
-0.286,8871
0.158,2501
0.451,406
0.0576,4128
-0.224,9595
0.0154,4642
-0.000411,5528
-0.0853,8138
-0.329,7264
-0.17,8807
0.205,981
-0.126,8123
-0.0444,6626
0.33,1336
-0.133,8277
0.465,1466
-0.221,7159
-0.11,8976
0.226,27
0.0532,3888
-0.0274,5879
0.146,3453
0.342,175
0.271,433
-0.0184,5647
-0.055,6687
-0.187,8637
0.398,398
-0.0805,7718
-0.0611,7366
0.173,787
-0.0478,6430
0.15,2591
0.0306,4007
0.177,1473
-0.00596,5825
0.159,1897
-0.263,9471
-0.187,9960
0.0211,5081
-0.0095,5706
-0.0497,7786
-0.0577,7061
-0.153,9045
0.0639,3336
0.0511,4359
0.256,1874
0.231,293
0.315,426
0.12,2453
0.0259,4897
-0.0916,8362
0.0272,4450
0.0963,1537
0.0927,1225
0.388,854
-0.0664,6164
-0.141,7706
-0.494,10968
0.244,1425
-0.0273,6420
-0.151,9125
-0.124,7894
0.434,722
0.058,3910
0.137,669
-0.283,9676
0.00598,5582
0.146,1204
-0.031,6456
0.266,1660
0.259,266
-0.04,6880
0.553,101
-0.085,6197
0.285,2007
0.169,3448
0.0485,3732
0.0386,3732
0.00888,5103
0.228,1101
-0.214,7294
0.142,2212
0.0545,3870
-0.12,9518
-0.286,9387
-0.0225,5806
-0.0965,8146
-0.0602,7126
-0.0622,8446
0.183,657
-0.0592,6152
-0.0114,5922
-0.314,9972
-0.348,10610
0.0442,3557
-0.265,9626
-0.206,8554
-0.351,9806
0.0121,5081
-0.163,7786
0.0752,3959
0.026,4503
-0.163,9632
-0.00226,5355
-0.00511,5639
0.0715,2917
-0.0591,6878
0.00428,5261
0.24,1763
0.267,529
-0.136,9482
-0.171,9064
0.253,1080
-0.0913,7441
0.473,503
-0.038,7497
-0.141,10064
-0.171,10095
-0.117,7488
-0.15,8485
-0.0567,7045
-0.259,10651
0.029,4591
0.178,1652
0.24,1895
-0.177,9058
0.0309,4797
-0.0456,6782
-0.346,10878
0.325,324
0.16,1641
-0.215,8403
-0.144,9883
-0.059,6715
0.404,1034
-0.0243,5767
0.00299,5124
0.102,3469
0.0698,4213
-0.08,6799
-0.0899,9290
-0.157,9053
0.0438,4070
-0.0835,6872
-0.0332,5722
0.0286,4409
-0.0342,6866
-0.182,8721
-0.113,7308
0.141,3191
-0.276,9149
-0.234,10881
-0.0834,7777
-0.00247,5649
0.415,843
0.0419,4322
0.21,2498
0.11,2849
-0.0302,6780
-0.0126,5995
-0.0487,7449
-0.235,9987
0.115,1741
-0.027,6244
-0.129,8192
0.0282,4807
0.133,2224
0.0322,4492
0.0283,4530
-0.0992,9411
-0.209,9981
0.157,2231
-0.185,9299
0.0332,4490
0.0945,2849
-0.203,9010
-0.144,9387
-0.0484,6380
-0.0999,8215
-0.128,7191
-0.265,9910
0.0788,3736
0.181,1646
-0.151,9305
-0.0567,5693
-0.206,7631
-0.0896,9315
0.379,298
0.0604,4321
0.206,1788
0.139,2850
-0.0311,6583
-0.137,7927
0.189,2776
0.492,460
-0.0487,6207
-0.00483,5271
-0.00553,5487
-0.157,9201
0.169,811
-0.194,9989
0.529,87
-0.0143,5408
0.182,2060
0.177,2250
0.0543,4102
-0.204,10248
-0.0459,6282
0.304,455
-0.0627,6864
0.0635,3288
0.109,1515
0.768,535
-0.421,10692
0.0714,3700
0.213,1348
0.0128,4801
-0.109,8411
-0.0729,7146
-0.0718,7471
-0.0361,6342
-0.359,10765
0.195,2123
0.168,1219
-0.0945,8199
0.0358,4455
-0.111,7751
0.228,1276
0.025,4908
0.236,796
0.0801,3744
0.0576,3742
0.0947,3695
-0.00672,4900
-0.0518,7281
-0.0236,6844
-0.0249,5996
0.207,1724
0.047,3802
-0.206,5451
-0.0655,8061
0.153,976
0.33,437
0.676,161
0.36,1609
0.109,3217
-0.195,9946
0.0351,4499
0.0684,3612
0.0514,4231
0.103,2296
0.466,2467
0.097,3232
-0.125,8817
0.111,2705
-0.125,7924
0.298,1173
-0.205,7890
0.000928,5433
-0.106,9035
-0.0308,6299
0.213,935
0.126,2159
-0.0897,5904
0.00554,4637
-0.303,10036
0.992,902
0.112,2398
0.303,619
-0.321,11004
-0.0133,6039
-0.0496,7527
0.558,134
0.0768,3322
-0.188,9444
-0.135,8576
-0.0404,6998
-0.0126,5912
0.119,2357
-0.211,9564
-0.214,9058
0.0647,4317
-0.152,8412
0.137,1141
-0.137,8239
0.26,2298
-0.237,10090
0.239,1277
0.0208,4542
0.244,1199
0.38,701
0.0723,3634
-0.0582,5898
-0.0907,7376
0.0528,2574
-0.0279,6340
-0.404,10780
0.211,1449
-0.0172,5330
0.0879,3531
0.199,669
0.0967,1732
0.144,1686
0.197,1786
-0.087,7176
0.0846,3678
0.124,1083
0.127,1135
0.144,3334
-0.0153,5938
-0.219,9697
0.103,4030
-0.0572,7173
-0.136,8865
-0.0162,5436
-0.165,7383
-0.128,7454
-0.188,7247
0.0559,3857
0.097,2761
-0.244,9637
0.102,3649
-0.0761,7385
-0.0784,6262
-0.0523,7522
0.0724,1409
0.069,4041
-0.0599,6800
-0.0352,5290
0.368,778
-0.0654,8203
-0.0758,7570
-0.129,7180
-0.267,9467
-0.401,9399
0.627,195
0.0873,3077
0.0432,4323
0.0791,3090
0.106,2307
-0.0387,6711
0.0583,4065
0.0714,2338
0.18,1401
-0.253,10055
-0.184,9647
-0.164,5839
-0.00403,4606
0.113,2310
0.182,1503
0.108,1860
-0.44,10568
-0.0608,6841
0.208,3181
0.00577,5323
-0.0268,5756
-0.129,8274
-0.872,10127
-0.0598,6950
0.0543,4124
-0.0329,7275
-0.145,8432
0.172,1851
0.0294,4929
-0.2,9848
0.0151,4811
-0.114,8820
-0.0868,6689
-0.289,10288
-0.233,9792
-0.0343,6156
-0.247,8699
0.026,4287
-0.0139,5647
0.0167,5042
-0.0277,6053
0.153,2922
0.523,162
-0.0259,6858
0.0131,5013
0.0264,4748
0.172,1214
-0.233,8679
-0.198,9115
0.189,728
0.0292,4363
-0.125,7615
-0.02,5903
-0.0544,8046
-0.25,8218
0.0214,4367
-0.011,5999
0.0849,2654
-0.0116,5808
-0.166,8985
-0.0107,5560
0.0163,4863
-0.104,8915
-0.0548,7296
0.0675,4244
-0.113,7200
-0.183,6748
-0.357,7772
-0.0424,7745
-0.0343,7050
-0.0483,6077
0.062,3318
-0.0276,5774
0.577,910
-0.00169,5251
0.168,129
-0.466,9605
-0.197,6150
-0.363,8069
-0.105,6537
-0.251,8678
0.0437,3641
-0.189,8305
0.132,3006
-0.286,10848
0.0236,4106
0.2,748
-0.212,9762
0.188,2080
-0.395,10764
0.0591,4028
0.0656,3863
-0.307,11026
-0.222,10335
0.099,3690
-0.264,8105
-0.131,7611
-0.225,10410
0.0436,4328
-0.2,8940
-0.315,10572
-0.108,7391
0.0569,4324
-0.109,7597
0.0187,4836
-0.133,9300
0.198,3453
-0.139,7323
-0.363,9696
0.142,2959
0.0411,3763
0.16,941
-0.53,9829
0.222,2896
-0.604,8751
0.0464,4524
-0.099,8541
-0.0194,4004
0.381,1902
0.0474,4599
-0.169,9448
0.0667,4522
-0.114,8201
-0.0837,7500
0.348,458
-0.0974,7480
0.0251,4486
-0.236,10609
-0.279,9905
-0.233,9961
-0.135,10398
-0.249,8708
0.0346,4784
0.401,271
-0.0689,8235
0.4,1251
0.0267,4145
0.182,1159
0.71,274
-0.0798,7562
0.0547,3411
-0.108,8104
0.0659,3513
-0.0102,5734
-0.0422,7372
0.169,577
0.0266,4789
-0.0647,6589
-0.0855,6035
-0.0722,6867
-0.0505,6027
-0.147,10626
-0.334,8004
-0.324,8506
-0.413,10554
-0.215,9391
-0.0378,6360
0.235,554
-0.152,9446
0.022,4875
-0.175,9329
0.121,2473
-0.0937,9028
-0.222,10244
0.187,1536
-0.000252,5213
-0.052,6220
0.309,1361
0.0396,3977
-0.0869,9320
-0.0319,5326
-0.269,7192
1.04,720
-0.0654,7078
0.0057,5263
-0.281,10618
0.275,1481
-0.0055,5382
0.137,2113
0.0561,3264
0.0165,4616
0.537,926
0.227,1294
0.68,338
-0.0225,5580
-0.109,9057
-0.098,8257
-0.152,8077
-0.0436,6523
-0.224,7438
-0.0461,5754
0.0574,3212
-0.209,9314
-0.202,9732
-0.116,8034
0.0806,3340
0.0261,4494
-0.0635,7671
0.0657,3564
0.000489,5032
0.117,3299
0.247,995
-0.9,10908
0.072,2710
0.131,3121
-0.0525,6035
-0.0491,6645
0.336,768
-0.143,10276
0.0765,4053
-0.266,9826
0.0132,4792
0.0815,3026
-0.145,8439
-0.179,10498
-0.0704,7503
-0.127,10372
0.056,3902
-0.266,10176
0.153,2351
-0.489,8136
0.119,2111
-0.123,9087
0.0842,3220
-0.171,10135
-0.313,8902
-0.358,8913
-0.0303,6421
-0.0417,8087
0.498,548
0.343,258
0.367,550
0.225,734
-0.144,8070
0.349,283
0.434,338
-0.0815,7194
0.0714,3193
-0.0983,7375
0.0604,1993
0.0337,3897
0.0349,4238
-0.0774,7517
-0.235,9223
0.197,864
-0.284,8230
0.157,1562
0.727,19
-0.12,7437
-0.0421,6557
0.0626,3953
0.0872,2417
0.112,2148
-0.117,8169
0.0127,4949
0.0681,4371
0.196,2340
-0.113,9235
0.0713,3885
0.234,1340
-0.26,10681
-1.06,10766
0.00376,5369
-0.0854,7219
0.0277,4329
-0.00261,5343
-0.172,9458
0.00446,5249
1.14,205
0.218,1046
-0.0555,7080
0.031,4198
-0.206,9714
0.0836,3450
-0.0677,7358
-0.0701,8247
-0.0747,8515
-0.205,8189
0.295,1495
-0.166,7837
-0.0679,6500
0.0072,5232
0.193,1502
-0.313,9237
-0.0728,6933
0.0757,3989
-0.094,7576
-0.292,10842
0.147,1613
0.11,3354
1.09,4
0.311,2423
-0.17,8624
-0.253,9663
0.0715,2842
0.107,2708
-0.0862,6892
-0.361,8032
-0.0873,8000
-0.149,7926
-0.044,6322
0.057,3411
0.58,232
0.204,288
-0.0485,6693
0.0421,4261
0.0724,3627
0.1,3322
-0.347,9475
-0.308,9205
-0.00295,5559
-0.116,8567
-0.73,9958
-0.0927,6567
0.337,779
-0.0547,7124
-0.0157,5872
0.0569,2760
0.0376,3820
0.0769,2591
0.399,305
0.106,2021
0.00365,5047
0.101,2522
-0.216,10174
0.0354,4127
-0.0596,6283
0.11,1626
-0.0992,8614
0.128,1148
0.0984,3534
0.122,1812
0.481,777
-0.066,6089
-0.0147,5335
-0.073,7727
-0.158,9972
-0.269,10513
0.11,2536
-0.281,9841
0.17,1888
0.00477,4987
0.018,5110
-0.337,10450
-0.0515,7282
0.2,1012
0.0328,3887
-0.0308,6751
0.175,1408
0.318,809
-0.186,8277
-0.416,10088
-0.0844,7595
0.0928,1770
-0.356,10255
-0.0789,7391
0.173,2058
0.148,3534
0.0225,4690
-0.187,9551
1.39,71
-0.251,10236
0.311,696
0.146,1610
-0.167,8825
-0.1,7541
0.472,309
0.492,50
0.361,2064
0.197,2723
0.249,291
-0.109,10345
0.00941,5116
0.276,525
0.0011,5138
-0.0375,6199
0.0783,2667
0.332,76
0.111,3090
-0.133,9398
-0.314,8618
-0.302,10442
-0.184,10414
0.0208,4314
0.0459,4114
-0.0768,7772
0.0754,3821
0.104,1916
0.153,1149
-0.0233,5885
0.178,2700
0.19,2528
-0.363,10700
-0.0714,7440
-0.236,6489
-0.0762,8153
-0.105,7979
0.149,2260
-0.147,7771
0.162,1112
0.049,3639
-0.14,8310
0.237,3048
-0.262,9977
-0.107,8513
-0.0709,6739
-0.0257,5950
0.285,1014
-0.0694,7970
-0.135,8488
-0.242,10789
-0.177,7015
-0.0126,6471
0.134,1508
-0.256,10821
-0.08,7285
-0.051,5999
-0.0944,7846
-0.0317,6103
0.156,1179
-0.00558,5538
-0.092,7463
0.245,679
-0.14,7098
0.0619,4250
0.176,1219
0.152,2565
-0.158,9062
0.259,1975
0.153,2230
-0.167,9966
-0.122,8698
-0.0646,7219
-0.102,7641
-0.357,10437
-0.2,10223
-0.163,8015
0.0998,2790
-0.203,9714
-0.277,9923
0.0408,4065
-0.0166,5969
-0.19,10532
0.272,1083
0.503,186
-0.491,10371
-0.41,10605
0.0232,4662
0.0583,2856
-0.0486,7249
-0.0286,6217
-0.0149,5478
-0.139,6404
0.597,711
0.1,1402
0.0458,4129
0.348,858
0.108,3120
0.254,2898
0.0533,4081
-0.13,9162
0.144,954
0.134,3691
-0.0467,5947
-0.355,9890
-0.278,9565
-0.0506,6331
-0.249,9093
-0.102,8491
-0.0677,6687
0.262,540
0.358,1564
0.0283,3919
0.246,59
0.0221,4979
-0.0219,5594
-0.128,7637
0.779,94
0.198,1095
-0.00515,5746
0.167,1457
0.0198,4377
0.0775,3980
-0.0302,6022
0.00196,5188
0.578,69
0.0301,4706
0.123,2090
-0.0221,5857
-0.00784,5236
-0.168,8859
0.0223,3410
-0.228,10061
-0.0726,6774
0.789,59
-0.0688,7173
0.17,553
-0.014,5529
-0.689,9968
-0.0342,6341
0.583,236
-0.0783,7754
0.0224,4326
-0.187,9659
-0.343,10856
-0.00523,5724
-0.0592,6648
0.0842,2904
0.14,999
-0.0256,6940
-0.499,10757
0.263,472
-0.264,8819
-0.0346,6402
0.0505,3767
-0.0537,6846
0.0184,4595
0.408,571
-0.0794,8305
0.00832,5125
0.108,581
-0.0292,6108
-0.102,7119
-0.141,8375
0.104,3202
-0.244,10288
0.0944,2270
-0.0455,7225
-0.37,10631
-0.496,10901
0.109,1846
0.00984,4930
0.117,1354
0.051,3771
0.0133,5247
0.0176,4764
1.51,286
-0.253,9635
-0.11,7542
-0.0332,7255
0.115,3197
0.352,395
0.0219,4743
0.329,434
-0.0663,7314
-0.169,9341
-0.471,10947
-0.184,6802
0.0928,3618
-0.00606,5474
-0.0381,6734
-0.187,8964
-0.458,8516
-0.0514,6138
-0.0204,5588
-0.232,9254
-0.0103,6237
-0.126,8923
-0.163,8349
-0.125,9082
0.249,773
-0.136,8177
-0.061,8162
-0.0162,6089
-0.0954,6904
0.11,3143
-0.24,9666
0.224,1496
0.169,514
-0.274,10716
-0.00155,5417
0.72,38
0.102,2745
-0.0724,6525
0.0506,3887
0.0472,3583
0.242,2555
-0.0652,6166
-0.101,5107
0.103,3486
0.155,1366
0.00138,5182
0.508,370
-0.0371,6017
0.119,1652
0.0633,4174
0.0892,2625
0.00264,5010
-0.323,5848
-0.159,8371
-0.0542,7561
-0.119,7544
0.267,1341
0.208,1147
-0.0784,4263
0.857,54
-0.253,10312
-0.0251,5236
-0.429,10778
0.0506,3666
-0.53,9588
-0.153,9974
-0.191,7807
-0.215,10562
-0.201,10388
-0.147,9204
-0.214,8975
-0.00616,4890
-0.487,10120
0.0848,4035
-0.0547,6167
0.0195,4801
-0.0476,6010
-0.222,9110
-1.1,10275
0.0147,4980
0.0115,4760
-0.221,9084
0.286,1861
-0.438,10003
1.25,4
-0.0874,8195
0.0364,4415
0.0598,3395
0.097,3721
-0.233,9902
0.145,3640
0.158,3176
0.189,592
-0.00525,5289
0.0337,4641
0.0071,5175
0.135,3663
0.234,1423
-0.152,10276
-0.183,10116
-0.119,6420
0.0682,3876
-0.0929,5108
-0.03,5697
0.108,2271
0.0523,2820
-0.216,9358
0.27,352
-0.296,9561
0.258,360
-0.224,10341
0.129,1186
0.0781,3817
0.153,2278
-0.0972,7175
-0.139,7900
-0.147,9541
-0.203,10791
-0.271,9771
-0.145,7666
0.21,2670
-0.111,6832
0.0139,5046
0.0498,2692
-0.127,8255
0.26,3157
-0.472,10494
-0.252,9907
-0.071,7106
-0.036,7337
0.195,1537
-0.2,9128
-0.115,8708
-0.108,7452
0.228,1134
0.0209,4420
-0.259,8425
0.393,258
0.228,1755
-0.0926,7423
0.11,2777
0.0567,3656
0.137,1809
-0.109,10018
-0.0593,6460
0.0869,4202
0.0948,1911
-0.138,7853
0.0768,3225
0.412,567
0.146,3145
0.0404,4310
-0.127,9571
0.00836,4863
-0.103,7944
0.0654,4424
-0.044,6323
0.858,1035
-0.183,9624
0.00554,5085
-0.151,7231
-0.338,8708
0.00743,4976
-0.00925,5459
0.0519,3913
-0.0474,7161
0.254,233
-0.189,9650
-0.0201,5473
-0.0087,5240
-0.225,10694
-0.177,9458
0.02,4923
0.177,618
-0.26,8131
-0.0392,6039
0.114,1757
0.165,1137
-0.00173,5306
0.0836,3633
0.048,4264
-0.0645,7033
-0.0877,7999
0.0959,2740
0.035,4193
0.196,1616
0.00997,4920
-0.137,7650
-0.0794,7706
-0.0642,7916
0.265,1588
-0.247,6548
0.0369,4103
-0.0923,7649
-0.0449,6373
0.017,4809
-0.317,10596
-0.0568,7681
-0.0548,6686
0.016,4782
-0.129,9452
0.0412,3059
-0.0327,7326
0.0859,2726
0.242,225
-0.173,9962
-0.0545,6727
-0.3,9659
-0.15,9309
0.196,1435
0.141,2165
0.131,2702
-0.214,10077
-0.158,10579
-0.677,10954
-0.451,11005
-0.0821,8872
-0.296,10584
-0.628,10648
0.315,1024
-0.18,9497
0.0819,3367
-0.00587,5628
-0.514,8286
-0.0572,6875
-0.0285,5752
-0.00763,5507
-0.0964,8660
0.385,2263
0.128,2423
-0.448,10932
0.195,2177
0.208,1564
0.0607,3512
-0.0934,7437
0.101,2711
-0.137,7824
-0.0388,7100
-0.292,10401
0.0939,3694
-0.335,6516
-0.438,9718
-0.0305,6051
-0.219,10328
-0.217,9990
-0.204,10098
0.184,2673
0.716,887
-0.0984,7470
-0.0682,7321
-0.0314,6766
0.081,3861
0.0139,5084
-0.251,8454
0.238,200
0.101,1167
-0.0261,6067
-0.0359,6149
0.041,4490
0.0987,2382
0.0845,2527
-0.108,6881
0.357,1365
0.0537,3753
-0.0178,5624
0.163,1782
-0.096,8462
0.0506,4412
0.108,3175
0.00322,4970
0.424,1227
-0.315,8639
-0.135,9432
-0.0542,7643
-0.161,9660
0.0147,5242
0.207,1827
0.603,308
-0.11,8857
-0.0482,6104
-0.274,10691
-0.174,9149
-0.111,9018
-0.129,8731
-0.0457,6819
0.0394,4401
-0.166,8603
0.0219,5058
0.499,808
-0.03,5422
-0.0021,5425
-0.14,10563
-0.0592,6677
-0.349,10403
0.153,2485
0.107,3964
-0.002,5286
-0.0216,6050
-0.136,8433
0.0313,4384
0.174,2185
0.157,2637
0.0158,4104
0.359,299
-0.149,8770
-0.362,10765
0.0612,3732
0.00163,5004
0.0781,3294
0.115,2216
-0.0622,6363
-0.016,5347
-0.294,8457
-0.253,9547
-0.202,10446
-0.0439,6958
0.0838,3576
0.0759,3225
-0.0687,6235
-0.0258,5317
-0.1,7964
-0.0126,5742
0.216,1528
0.473,326
-0.207,5696
-0.0985,7620
-0.162,10097
0.23,1531
-0.192,9484
-0.357,10090
2.15,247
-0.291,9348
0.0719,2448
-0.237,10685
-0.000978,5347
-0.233,9881
0.0117,4741
0.0268,4739
-0.0737,7605
-0.0982,7708
-0.0816,6460
-0.119,8315
0.303,1073
-0.123,8707
0.0597,3508
0.316,160
-0.168,7545
-0.028,6101
-0.138,8937
-0.223,7054
0.022,4361
0.0158,5135
0.00246,5312
-0.0902,7939
0.324,566
-0.392,9045
0.0647,4474
0.269,691
-0.691,10925
0.0638,3568
0.259,2939
0.203,1812
-0.156,10134
-0.0355,5960
0.19,807
-0.161,8513
0.401,1322
-0.422,8679
0.0994,1562
-0.0787,7893
0.0591,4294
0.0218,4847
-0.39,10158
0.137,2146
0.0944,1886
-0.143,9862
-0.00256,5405
-0.0473,6521
-0.178,7245
-0.0617,7470
-0.0137,5597
-0.103,7668
-0.0117,5576
-0.129,7552
-0.252,10139
0.0368,4579
-0.127,8497
0.258,878
0.795,206
-0.213,10397
0.128,2466
-0.0262,5977
-0.268,9934
-0.0584,6245
0.0873,3268
0.219,1088
-0.22,10116
-0.301,9778
0.024,4571
0.101,3656
0.152,2221
-0.166,10252
0.189,1815
0.128,2347
0.104,873
-0.121,9836
0.108,3625
0.162,2256
0.332,808
-0.217,10889
0.182,1862
-0.0395,6265
-0.727,8085
0.117,3054
0.21,3081
-0.178,7744
-0.288,9259
0.22,527
0.13,2960
-0.0285,5826
0.09,2898
0.834,69
0.00291,5053
0.0696,1467
-0.401,9851
-0.102,7810
-0.764,9517
0.0672,3555
0.106,2788
-0.0566,7329
0.107,3521
0.0922,3542
0.0545,3900
-0.308,10779
-0.0138,5931
0.0482,3876
0.307,2265
-0.0902,6996
0.0541,4031
3.66,166
0.0238,4828
0.0104,5334
0.00098,5547
0.0681,4120
-0.45,7624
0.524,273
-0.0348,6428
-0.0284,6555
-0.0723,7972
0.143,1620
0.176,975
0.146,1659
-0.145,9673
-0.013,5617
0.255,1261
-0.193,7365
0.159,3058
-0.121,8101
0.0366,4202
-0.00908,5602
-0.126,7734
0.186,2428
-0.118,9419
-0.255,9583
0.227,543
0.015,5049
-0.146,8464
0.0093,4909
0.129,3381
-0.0847,6393
0.0451,3322
-0.0853,9080
-0.00631,5574
0.356,278
0.0817,3529
-0.138,7997
0.244,67
0.179,547
-0.113,8475
-0.124,7012
0.104,4185
0.14,2118
-0.0449,7302
0.0576,3318
0.0323,4466
-0.0491,6000
-0.201,8693
-0.5,9014
0.0346,3276
0.0889,2158
0.405,1276
0.00757,5157
0.658,1158
0.0884,3358
-0.00723,5845
-0.0312,6999
0.00298,5171
0.0295,4025
0.252,2295
-0.384,10893
-0.157,8286
-0.0812,8578
-0.108,7789
-0.277,7997
-0.175,9639
0.582,1429
0.0326,4638
-0.127,9360
0.0206,4943
-0.159,8044
-0.00157,5529
0.516,1202
-0.135,9278
-0.0197,5837
0.391,2202
-0.00154,3799
0.0524,3969
0.0643,4438
-0.0411,5607
0.1,3877
0.00751,5103
0.232,529
-0.2,10154
0.105,3351
-0.0133,5669
0.356,1848
0.108,3472
-0.0299,6715
-0.0238,6246
-0.171,9151
-0.15,9604
0.0839,2911
-0.012,5629
-0.147,10279
0.149,1238
0.0945,3813
-0.0973,7372
-0.0399,6032
0.393,242
-0.163,9637
-0.0653,8015
-0.0185,5843
-0.123,8093
-0.421,10871
0.144,2950
0.0968,3176
-0.0499,6904
0.0745,4367
0.62,509
-0.0608,7375
0.418,457
0.0343,4172
0.176,875
0.105,4282
0.103,3755
0.333,1519
0.00345,5358
-0.104,9811
0.0114,4816
-0.0166,3943
-0.453,7738
-0.366,7785
0.471,1134
-0.0679,7648
-0.17,9881
0.0857,4150
-0.482,9501
-0.596,8733
0.363,1762
0.305,2710
0.411,2240
-0.133,8309
0.228,1792
0.065,3120
0.123,1131
0.295,1552
0.17,3330
-0.283,7949
-0.762,10453
0.0426,4629
0.0781,3612
-0.0653,7424
-0.0814,7097
-0.0778,6962
-0.039,6273
0.0614,3867
-0.172,9481
-0.206,9093
-0.218,9791
-0.328,9981
0.185,257
0.147,563
0.232,1459
0.255,753
0.036,4311
-0.129,8896
0.16,2341
-0.227,10449
-0.0607,8418
-0.507,7327
0.0587,4578
0.0618,4510
-0.184,7971
-0.496,11009
-0.0866,6947
0.84,1466
0.721,85
0.291,947
-0.172,8182
-0.19,10925
0.195,2980
0.249,2218
0.243,2379
0.157,3151
0.0331,3951
0.00576,4885
0.226,1594
-0.422,10972
-0.0153,5462
0.0763,3330
-0.0835,8158
-0.096,7461
0.411,111
-0.128,8113
-0.0714,7160
-0.206,8999
0.0137,4981
0.0233,4359
0.308,1836
0.0679,3856
0.9,77
0.0129,5232
0.0723,3358
-0.209,9455
-0.164,9116
0.0508,3874
-0.284,9305
0.19,2546
0.0222,4983
0.00857,5128
-0.0671,6406
0.0385,4421
0.0356,4460
0.0574,3254
-0.0847,8965
0.0471,3793
-0.173,8120
0.00707,5131
0.0652,3165
-0.313,7859
-0.0599,8041
-0.238,10602
-0.213,8366
-0.00872,5325
0.103,3208
-0.263,10259
0.00595,5253
0.077,3864
-0.106,7320
0.0614,3831
0.187,2097
-0.0796,9434
0.0501,3564
-0.0849,8053
0.457,1323
-0.0649,7250
-0.328,10579
0.132,941
-0.124,9033
0.118,1422
0.0557,3408
0.178,2535
0.225,1101
-0.319,10723
-0.267,10368
-0.0475,7439
-0.00475,5323
-0.119,8512
-0.0215,5204
-0.202,8758
-0.00687,5310
0.0574,3795
0.0454,4185
0.529,74
-0.0743,6875
0.135,2227
-0.0993,8980
-0.0371,6558
-0.14,8127
-0.246,10061
0.307,850
0.224,846
-0.305,10599
0.117,1042
0.113,2319
0.0343,4405
-0.147,10047
-0.0933,8114
-0.00666,5613
-0.212,8574
0.143,2349
-0.0436,7419
-0.279,5533
-0.217,10854
-0.146,8552
-0.0628,7212
-0.299,6561
-0.11,6970
-0.284,9865
-0.195,10235
-0.176,10238
-0.087,7300
-0.151,8965
0.0499,3924
0.143,2175
0.171,1578
-0.00968,5832
0.677,367
-0.0871,7841
-0.0236,5759
-0.0743,6820
0.183,2326
-0.109,9455
0.0666,3463
-0.247,10052
0.164,1083
-0.0716,5762
-0.167,9546
-0.142,9837
-0.263,8665
0.56,657
1.14,92
-0.132,9031
-0.149,8135
0.163,2342
0.0652,4263
-0.26,9120
0.26,1813
-0.0795,7418
-0.105,8528
-0.0623,7437
0.294,700
-0.0099,5551
0.0509,3750
-0.0928,7996
-0.214,9859
0.0459,4523
-0.0167,5884
-0.109,7866
0.0328,4269
-0.0236,6048
0.0451,4281
-0.0799,7614
-0.000234,5373
0.033,4413
0.242,1089
-0.0507,7893
0.0398,2957
-0.335,10756
0.0161,4858
0.051,4253
0.0107,5323
-0.0926,7949
0.143,2171
0.133,3133
0.166,2335
0.0877,3144
-0.0625,6231
0.179,1386
-0.297,10631
-0.0526,6625
0.519,812
-0.393,7327
0.215,1921
-0.177,8141
-0.155,10785
0.042,4460
1.07,246
0.157,2586
-0.161,9352
0.102,1068
-0.0445,7775
0.038,4664
0.0389,3986
-0.121,8310
0.13,1690
0.119,1687
0.0717,3393
-0.149,8806
-0.108,7418
0.133,1332
0.155,1874
0.284,166
0.11,1667
-0.0356,5994
-0.111,8241
-0.158,8109
0.154,952
-0.096,6926
-0.101,8597
0.237,1125
-0.0518,6360
0.508,1254
-0.192,8642
0.153,1510
-0.282,10638
0.505,131
0.0631,3754
0.0333,4602
-0.118,8219
0.0113,4688
-0.087,8709
0.27,1035
-0.0979,6325
-0.26,10468
-0.0453,6624
-0.0633,8868
0.0572,3714
0.0434,3730
-0.29,10256
0.0323,4541
-0.107,7243
-0.03,5993
0.0196,4779
-0.103,7825
0.284,442
-0.111,6703
0.128,3973
0.148,1705
-0.0389,7161
0.389,388
0.129,2452
-0.112,7052
0.287,730
-0.0839,7781
0.0637,2354
0.379,725
-0.0146,5694
0.0438,4409
-0.124,8920
-0.114,8311
-0.0713,7800
-0.0617,6225
-0.197,9783
-0.282,9802
-0.0334,4513
0.0762,3388
-0.072,7085
-0.238,9555
0.114,1609
0.221,995
-0.0136,5389
-0.0981,9110
-0.0716,8233
0.144,2609
-0.133,8891
0.375,365
0.613,36
-0.0727,8049
-0.216,10200
-0.0531,6990
-0.0796,7717
0.176,2770
0.192,982
-0.276,9840
0.253,1309
0.0876,2754
0.686,934
-0.294,10241
0.0512,3047
0.0817,2949
0.134,1687
-0.129,8507
0.709,781
0.114,3020
-0.0826,9515
-0.117,9384
-0.193,9636
0.327,172
0.00747,5124
0.0438,4631
-0.00768,5313
-0.0514,6360
0.0743,3207
-0.239,8831
-0.233,8070
-0.357,9818
0.231,86
0.105,2400
-0.0413,6269
0.046,4329
-0.0197,5371
-0.138,9663
-0.0616,7503
0.241,422
0.053,4476
0.145,2207
-0.0075,5589
-0.11,6570
0.035,4477
0.0759,3433
-0.186,7485
-0.0454,6537
-0.0963,7528
-0.29,8164
-0.256,10032
-0.216,9051
-0.361,10025
-0.223,10089
0.175,2058
0.38,907
-0.0458,6755
0.00211,5168
-0.184,9688
-0.343,10568
-0.187,8543
-0.237,8628
-0.0641,6973
-0.104,8883
-0.194,9048
-0.0679,5753
-0.14,7564
0.325,1084
0.153,1329
0.0309,4464
0.175,1313
-0.243,9491
0.103,1954
-0.0656,6598
-0.0433,6047
0.0422,3838
0.488,334
-0.0899,7221
0.143,2403
0.31,1115
0.129,939
0.0358,3455
0.129,2644
0.0151,4783
-0.446,8169
0.0217,5000
-0.337,10141
-0.0266,6644
0.00338,5180
-0.145,7659
0.134,3197
0.448,309
-0.0689,7799
0.018,4557
0.204,2165
-0.0792,7747
0.229,1393
0.0627,3603
0.025,4547
0.186,1288
-0.227,5671
0.0379,4929
0.39,921
0.264,2263
0.147,2029
-0.134,10244
-0.16,8160
0.762,216
0.384,661
-0.827,10660
-0.0628,8845
0.0188,4802
-0.00194,5090
-0.0792,7979
-0.333,8806
-0.0756,7041
0.0635,3526
0.116,1833
0.0302,4716
-0.0345,5789
0.0848,3909
0.177,2797
-0.197,10153
0.173,2070
-0.362,6158
0.0192,4682
0.0285,4395
0.384,475
-0.00971,5770
-0.0162,6286
0.206,1792
-0.0291,6009
-0.115,6390
-0.0509,7168
-0.18,9410
-0.148,8469
-0.14,7385
0.306,528
0.126,2055
0.731,14
0.444,2
0.349,116
0.949,547
0.0858,2803
0.103,2056
-0.0555,6234
-0.175,10268
0.0353,3473
-0.0767,5349
-0.00241,4366
0.186,1370
0.177,2313
0.15,2115
0.0798,2910
0.233,1272
0.0765,3680
-0.231,9402
0.0151,4823
-0.00588,5791
0.0418,4274
-0.359,10530
-0.125,6189
0.089,3600
0.428,1111
-0.0702,6565
-0.102,7137
-0.0182,5907
-0.203,10371
0.106,3075
0.0966,2756
-0.0972,10648
-0.169,9854
0.217,2234
-0.238,9859
-0.336,8276
-0.0134,5531
0.138,1628
-0.105,6118
-0.291,10557
-0.109,7510
0.208,2736
0.0976,3821
0.169,1944
1.07,534
0.0257,4346
-0.298,10083
-0.119,7772
0.489,1438
0.194,1207
0.301,74
0.166,1621
0.606,57
0.0839,2769
-0.145,8255
-0.203,9939
0.0287,4405
-0.138,9150
-0.0737,6903
-0.0964,7571
-0.0279,5681
-0.201,5762
0.756,115
-0.0453,6537
-0.0115,5551
-0.0483,6387
0.0254,4836
-0.019,5864
-0.0846,8517
-0.0216,8602
-0.0387,5980
0.582,278
0.579,344
0.096,3165
0.105,2800
0.0442,4392
-0.092,8494
0.158,1647
-0.132,7645
0.434,969
-0.0934,8961
-0.0269,6211
-0.187,9835
-0.106,8245
-0.194,9229
-0.17,8110
-0.019,6730
0.0662,3012
0.0956,3087
-0.0251,6453
0.0902,2902
0.28,2136
-0.278,10104
-0.0936,7588
0.0279,4532
0.199,1840
-0.211,10442
-0.0967,7848
-0.122,8329
0.162,2075
0.262,1096
-0.0748,6904
-0.129,9108
0.126,2172
0.0506,4219
-0.201,6883
-0.262,8079
-0.132,8624
-0.0243,5894
-0.166,10780
0.282,2810
0.00239,5248
0.455,743
0.0688,3757
0.0371,3946
0.115,2557
0.21,364
0.0181,4729
0.0244,4782
-0.121,7263
0.126,1775
-0.0106,6041
0.0549,4293
-0.34,10490
0.116,3392
-0.137,6560
-0.226,10462
-0.153,9814
-0.0952,7265
0.158,1861
-0.394,9186
-0.171,10298
0.0274,4354
-0.242,10097
-0.0663,3950
0.00203,5194
0.0727,3957
-0.204,9026
0.0142,4821
0.0874,3011
0.0192,4791
0.0749,3756
-0.205,8796
-0.275,10773
0.0511,3352
0.142,1677
0.224,1380
-0.0552,6186
0.566,1336
0.489,6
0.0418,4703
0.00258,5079
0.0922,2124
-0.0229,6310
0.287,572
-0.205,9437
-0.194,10621
0.104,3135
-0.116,8742
0.204,1505
-0.0144,5717
0.0187,4592
-0.0604,6862
0.292,1791
-0.211,10352
-0.0895,6646
-0.162,8496
-0.176,9035
-0.104,9028
0.106,1943
0.251,1491
-0.0657,6861
-0.268,10245
-0.0493,7539
0.00728,5175
0.0431,3281
0.166,2854
-0.0324,6356
0.0682,3744
-0.194,8152
-0.139,8327
-0.0148,5768
-0.027,5942
0.0863,3601
0.39,1378
-0.0486,6675
0.0126,4738
0.354,830
-0.179,8518
0.125,1694
-0.0716,6757
-0.0125,5739
0.269,1402
-0.232,10472
0.113,2988
-0.55,10416
-0.0264,5510
-0.0623,7486
-0.0594,7471
-0.198,9766
-0.0456,6201
-0.0372,6796
0.887,80
-0.209,7696
-0.117,9020
0.199,372
-0.00493,5195
-0.293,9950
-0.057,6702
-0.123,8688
0.118,2379
0.318,646
-0.119,8650
-0.256,10074
0.142,2530
0.015,5038
-0.143,10166
-0.111,8213
-0.274,10059
-0.0213,6132
-0.278,9305
0.441,617
0.202,1465
-0.0546,7095
-0.0185,5661
-0.237,9627
-0.351,10633
0.114,2569
-0.312,9469
-0.0983,8173
0.0388,4342
0.312,783
-0.262,10466
0.15,2435
0.041,3396
-0.0828,8244
-0.0702,6647
0.0691,4176
-0.0588,5782
0.177,1534
0.0558,3519
0.132,2176
-0.169,9515
0.0117,5019
0.0204,4873
0.0232,4751
-0.321,10448
-0.0589,7852
-0.143,6845
0.121,3690
-0.131,9242
-0.0976,6393
0.123,1825
-0.0259,6638
0.112,2422
-0.142,8650
0.169,1105
-0.33,10944
-0.202,9973
-0.0488,6047
0.0943,2656
0.382,580
0.522,1206
-0.0356,7000
-0.179,9360
-0.0699,7484
-0.0174,5841
-0.199,8846
-0.298,9219
-0.125,7401
-0.0758,7421
0.0754,3354
-0.43,10687
-0.0385,5912
-0.081,8356
-0.184,9727
0.0615,2643
0.0619,2892
0.0987,3685
-0.246,7721
0.1,3694
-0.0333,6055
0.0737,2933
-0.105,8975
0.369,315
0.0352,4114
-0.117,6632
0.131,2971
0.124,2672
-0.127,9921
-0.161,8624
-0.375,11022
-0.268,6980
-0.136,7652
0.264,50
-0.244,10487
-0.244,10840
0.207,1932
-0.044,7354
0.423,117
0.354,223
0.279,698
-0.144,9235
0.197,2496
-0.0998,8298
0.186,1404
-0.0571,7628
0.02,4857
0.0439,3775
0.0638,4348
-0.124,6552
-0.0858,7300
0.0914,3335
-0.0441,6600
0.199,2344
-0.298,9717
-0.063,6286
-0.228,8894
0.181,1326
-0.072,6703
-0.248,9449
0.0763,3111
-0.155,8850
-0.125,7210
-0.101,9805
0.0439,3063
-0.23,9725
-0.229,9182
-0.0805,7585
0.0931,2797
0.0218,4680
0.0678,3515
-0.0178,5807
0.0138,5000
-0.397,8999
-0.283,8348
-0.0356,6263
-0.000131,5298
0.0125,5067
0.0617,3686
-0.0317,5935
-0.015,5744
-0.0834,8689
0.219,109
-0.0064,5514
-0.0525,7016
-0.0744,6190
-0.0544,6664
0.0895,2607
0.0677,3613
-0.113,7773
0.0737,3724
0.25,2566
-0.385,9301
0.183,1778
-0.0034,5726
-0.0874,7544
-0.138,9389
-0.274,10493
-0.255,7956
0.423,386
-0.111,8642
0.0244,4837
-0.204,8600
-0.145,7559
-0.0406,6500
0.0534,3639
0.142,1214
-0.12,8859
-0.311,9700
0.153,2491
0.318,1076
0.0159,4617
-0.00832,6027
0.0105,4939
-0.197,9173
0.503,681
-0.266,10676
0.0881,2520
-0.113,9184
0.32,922
-0.0126,5634
-0.0034,5262
-0.0445,5720
0.094,3599
0.193,689
0.0952,2833
-0.00507,5314
-0.0563,6976
0.0237,3753
-0.109,9636
-0.0339,6593
-0.0893,8288
-0.0118,5147
-0.174,8911
-0.129,9769
-0.16,7861
0.274,724
-0.0131,5738
-0.0649,7206
0.177,2578
0.128,3344
-0.365,10962
-0.108,10123
-0.0421,6449
0.0765,3680
0.0152,5133
0.28,635
-0.322,10576
0.12,1525
0.0224,4781
-0.166,8730
0.341,2139
0.573,444
-0.0729,7557
0.0195,4636
0.271,1660
-0.207,8338
-0.0838,7512
-0.283,10928
-0.123,7227
0.0636,3206
-0.0695,6857
-0.101,8860
-0.0483,6318
0.12,3372
-0.23,9525
-0.169,9288
-0.0123,5860
0.144,2995
-0.375,10761
0.0696,3727
0.103,1945
0.157,2978
-0.148,7466
-0.128,7370
0.133,1840
-0.13,9274
0.0518,3198
-0.102,9174
-0.295,10321
0.213,2396
0.293,795
0.156,2392
0.0107,4947
0.00991,5087
-0.196,7763
-0.168,9058
-0.038,5820
0.0623,4030
0.00678,4929
-0.154,10509
0.122,2534
-0.245,8490
-0.349,10291
-0.0626,6801
0.0428,4373
-0.148,9631
-0.0876,7705
-0.29,9073
-0.0471,5695
-0.0853,7725
0.143,1955
-0.161,9862
0.256,1184
0.216,1215
-0.166,8887
-0.0169,5888
0.0601,3284
0.0693,3166
-0.278,10167
-0.0262,5553
-0.186,8742
-0.0572,5587
-0.00897,6086
-0.0149,5879
-0.0333,6790
-0.147,7320
-0.213,8664
0.362,569
-0.141,9523
0.0779,3532
-0.397,10831
-0.0329,6463
-0.0144,5903
-0.195,10630
-0.0687,7401
0.178,1765
-0.0125,5975
0.133,3377
-0.266,9070
-0.108,8605
0.16,263
-0.0605,6642
0.0596,3593
-0.0286,6369
0.224,2835
-0.0116,6019
-0.00337,5401
-0.0917,8029
-0.235,9857
-0.242,7788
-0.435,9537
-0.0219,5702
0.0857,2431
0.156,2837
0.0965,2806
-0.354,10287
0.203,2922
-0.123,10423
-0.096,8275
0.23,2251
0.114,2892
-0.0572,6516
-0.0202,5843
0.0566,2623
-0.0661,7788
-0.273,10246
-0.388,9887
-0.302,7444
-0.0152,5758
0.00418,5268
-0.103,9314
-0.208,9687
0.13,1386
-0.616,9308
-0.124,6604
0.146,2388
-0.0637,7217
0.138,2114
0.281,979
0.168,1192
-0.172,6930
0.0346,4401
-0.0132,6089
-0.326,10508
-0.208,8493
-0.218,7394
0.0834,3706
-0.245,10261
-0.288,7989
0.334,682
0.0545,3900
-0.00333,5431
-0.169,9149
0.0699,2596
-0.024,5860
0.0531,4003
-0.151,8486
0.271,1280
0.217,1935
-0.175,9077
0.0786,2723
-0.128,9620
-0.0596,5574
-0.237,6646
0.0622,4267
-0.33,11008
-0.064,8904
-0.191,9408
-0.194,8139
-0.273,9070
-0.0752,7564
-0.1,6889
-0.0647,7088
0.262,713
0.00328,5401
0.078,1989
-0.201,10645
0.0159,4587
-0.0421,7482
-0.37,6613
0.104,2620
0.191,1460
-0.253,9806
0.0406,3183
-0.0842,7601
-0.288,8428
-0.333,9251
-0.295,9246
-0.44,10382
-0.109,9064
0.0735,3628
0.369,692
0.0993,3681
-0.0668,5911
-0.227,9553
0.0949,3166
0.103,3431
0.0266,4177
-0.0437,7059
-0.0346,6442
-0.155,9402
-0.149,9691
0.0812,2573
0.0879,3643
0.423,1534
-0.306,9439
-0.151,7803
-0.0763,7825
-0.0507,6633
0.0361,4615
-0.315,9786
0.381,1150
-0.0152,5711
-0.00747,5924
-0.144,8930
0.0545,4248
0.158,1593
0.126,4026
-0.0709,7147
-0.186,9605
-0.0295,5900
0.277,981
-0.111,9285
0.631,216
-0.283,8746
-0.0531,7781
-0.17,10002
-0.212,8859
-0.163,7629
-0.1,8474
0.016,4820
0.171,622
-0.0448,6841
-0.255,9759
0.265,759
0.0707,3786
-0.511,8761
0.118,2090
0.055,4009
-0.318,9636
-0.162,9428
-0.112,7832
-0.153,7673
0.0333,4070
-0.00423,5332
0.14,1865
0.292,1185
-0.0358,6182
0.28,2258
-0.317,10275
-0.0665,6605
0.0323,4459
-0.724,10030
0.0339,4505
-0.397,6997
-0.175,9554
0.0756,1991
0.631,1912
0.338,1328
0.146,306
0.393,835
0.0147,5257
-0.0833,8651
0.315,515
-0.413,10458
0.213,1712
-0.346,9867
0.0558,3272
0.0585,3636
0.328,52
0.222,2512
-0.0857,7155
-0.137,7579
-0.0588,6768
0.0814,2792
-0.147,7590
-0.0187,5300
-0.0956,6940
-0.0633,6518
0.155,2502
0.0788,2387
0.232,2000
-0.192,9297
0.317,2068
-0.412,8169
0.196,1640
0.0146,4464
-0.0846,7706
-0.222,9322
-0.0618,6006
-0.0584,6554
-0.0622,7374
-0.335,10429
-0.119,7565
0.721,135
-0.323,9964
0.111,2200
-0.194,10176
0.0487,3967
-0.131,9207
0.118,1144
-0.00684,5740
-0.214,10419
0.0223,4654
-0.101,8459
-0.3,10131
0.255,1263
0.138,3014
0.0397,4443
-0.0167,5723
0.158,1908
-0.0575,6774
-0.188,9479
0.0865,3842
-0.0474,6617
-0.0534,7489
-0.261,10782
0.157,1920
0.146,1735
0.0628,3523
-0.658,10644
-0.0182,6224
-0.101,7489
-0.0259,5743
0.573,14
-0.241,8297
0.118,3636
-0.0669,8048
0.261,415
0.0407,3627
0.233,2115
-0.41,10319
0.0656,3761
-0.0344,6200
-0.0938,9057
-0.00633,5744
-0.113,8137
0.712,516
0.0459,3760
-0.0183,5905
-0.0678,7804
-0.164,9254
-0.647,10994
-0.358,10571
-0.661,10554
-0.0629,8145
-0.0665,7085
-0.108,6785
-0.0983,7311
0.0153,4805
0.0582,3288
0.179,1650
-0.0113,5805
-0.148,9823
0.179,1008
0.373,1139
0.0748,3710
0.242,2042
-0.202,8612
-0.15,7012
-0.257,8971
-0.187,10030
-0.18,9856
-0.153,8466
-0.43,9575
0.13,346
0.267,1051
-0.0685,7513
0.0872,1015
0.333,584
-0.168,9456
0.202,2142
0.2,1203
-0.068,8634
0.161,2090
-0.153,8779
-0.00888,5853
-0.0796,6046
-0.194,9968
-0.0172,5677
-0.0814,8335
0.22,2838
0.0486,4032
0.376,715
-0.103,7489
-0.0419,7208
0.0871,2403
0.364,611
-0.13,8953
0.0692,3942
-0.0412,7479
0.234,304
0.0495,3945
-0.101,8412
-0.00999,5572
-0.166,10491
0.248,411
-0.211,10498
0.0247,4732
0.173,1210
-0.0555,6355
0.0117,4770
-0.234,10036
-0.0863,9490
0.204,1142
0.217,102
0.099,3737
-0.213,9109
0.154,610
-0.0389,6880
-0.179,9480
-0.148,7116
0.348,1102
-0.29,10341
-0.0919,7861
-0.0143,6083
0.0558,3728
0.0312,4511
-0.0411,6282
0.101,2913
0.0396,4075
0.528,43
0.215,1543
0.168,2102
-0.0753,7274
-0.315,10069
0.137,413
-0.0805,7881
0.193,1515
-0.0399,6510
0.162,2063
0.00863,4990
-0.0424,7048
0.0125,4795
-0.206,9582
0.0527,4105
0.0301,4583
0.0645,3368
-0.0524,6832
0.0371,4241
-0.382,9061
0.124,2502
0.136,2961
-0.266,8732
0.0691,3652
-0.0762,7846
-1.24e-05,5299
-0.0535,6667
-0.311,8345
0.0861,2749
-0.191,9206
0.16,1982
-0.0124,5777
-0.394,10563
-0.0297,5723
-0.101,7783
0.0286,4304
-0.188,9437
-0.192,9581
0.00209,5111
-0.17,9625
0.074,3106
-0.145,9279
0.142,3277
0.248,1119
-0.112,6831
0.0317,4426
0.335,449
0.19,1943
-0.37,10387
-0.0667,7398
0.0727,3614
-0.0988,6361
-0.0685,9044
0.291,1133
-0.058,6319
0.0553,4306
-0.237,9289
0.109,2931
-0.0976,8831
0.0148,4885
-0.119,7341
0.0693,4019
0.149,2411
-0.00536,5600
0.241,1763
-0.294,10620
0.168,2450
-0.135,7895
0.0282,4497
-0.0772,6979
-0.0859,7296
-0.108,7679
-0.237,10448
-0.272,9593
-0.0139,5537
0.317,961
-0.0573,7174
0.101,2988
0.0343,4413
0.0735,3364
-0.00602,5693
0.309,200
0.0429,3701
-0.0292,6394
0.0157,4877
0.224,1174
-0.00055,5734
-0.112,7541
0.0051,4921
0.0134,4804
-0.0816,7262
0.584,185
0.399,1559
-0.339,10564
-0.264,10483
0.0437,2495
0.0645,3689
0.0137,5068
0.034,4543
0.0802,3950
-0.171,8874
0.0441,3667
0.161,1693
-0.177,9196
-0.386,10294
0.138,2408
-0.0556,7694
-0.056,6678
-0.0392,6284
-0.24,8816
0.101,1844
0.0159,4890
-0.0299,7028
-0.0408,7429
-0.311,9449
-0.131,6656
0.314,1210
-0.488,9823
0.189,1299
-0.0427,6262
-0.294,9321
0.0276,4617
-0.0572,6240
-0.0968,6615
0.0938,2046
-0.224,10480
-0.0112,5580
-0.262,10624
-0.426,10413
-0.378,9026
0.488,257
0.0811,2662
0.0316,4570
0.424,127
-0.102,7975
0.154,1212
-0.0729,7538
0.0335,4421
-0.356,10603
-0.114,8381
-0.133,8933
-0.221,6516
0.103,2467
0.0667,3657
-0.102,6076
0.17,3484
-0.415,10913
0.578,281
0.0189,4814
-0.102,7788
0.0572,4084
0.349,987
-0.0101,5556
0.152,1850
0.146,1418
0.0973,1001
-0.312,10659
-0.341,10293
0.101,3025
0.114,3044
-0.19,10834
0.247,562
-0.257,7852
0.0795,3954
0.399,303
0.119,2148
-0.0829,7962
-0.222,9521
-0.0664,6731
0.244,1105
-0.0999,5494
-0.173,9216
0.327,2117
-0.127,9708
0.000839,5319
-0.0336,5971
0.256,827
0.0787,3643
-0.055,7506
-0.0609,5987
0.17,2141
-0.0847,6975
0.101,3290
0.341,889
0.052,3881
-0.31,10934
-0.00168,5218
0.0734,3919
-0.0255,6335
0.21,913
-0.158,9392
0.0559,4040
0.0354,4053
0.359,143
-0.0663,8250
0.0253,4223
0.0247,4653
0.00607,5046
0.0261,4236
-0.113,7020
-0.0951,9605
0.0412,4398
-0.0526,6740
0.204,1890
-0.056,7071
-0.114,8074
-0.284,10938
0.137,1895
0.0504,3478
-0.207,10905
-0.0925,7600
0.13,2365
0.303,1685
0.28,2591
-0.121,10076
-0.0251,6898
-0.238,10429
0.0939,3410
0.0171,4924
-0.305,9748
-0.11,9059
0.0618,3746
0.109,3522
0.322,1206
-0.163,8572
0.494,353
-0.0419,6182
0.0345,4337
-0.113,5599
0.126,3601
-0.191,9643
-0.37,7534
-0.166,8458
0.0113,4844
0.32,945
0.757,420
0.237,316
0.29,753
0.369,360
-0.18,9172
-0.334,9690
0.193,2027
2.86e-05,5430
0.0703,3663
0.0475,3817
-0.0785,7467
0.0789,3767
0.037,4618
0.1,774
-0.102,8338
0.147,2421
-0.339,8998
0.155,971
-0.0148,6100
0.0541,4199
-0.203,8454
-0.147,7982
-0.779,10935
0.545,1080
0.0714,866
-0.0355,7689
-0.0398,5975
0.494,453
-0.0546,6853
0.12,3195
0.17,2230
-0.0903,8074
0.216,758
-0.152,8004
-0.00593,5636
0.375,620
0.0503,3757
0.0639,3094
0.00532,5268
-0.144,8700
0.0229,4942
-0.0598,6407
-0.304,8932
0.0375,4285
0.0242,4396
0.0637,3446
0.722,542
0.278,455
-0.325,10790
-0.0316,6219
0.0544,3596
-0.0452,7265
0.173,2317
0.0493,3744
-0.185,8787
0.12,1907
-0.15,10664
0.25,493
-0.026,6141
-0.494,10650
-0.179,7642
-0.103,8870
-0.3,10615
-0.111,7859
-0.125,8162
-0.0161,5652
-0.122,9619
0.132,3659
0.151,1985
-0.118,7865
-0.0798,7569
0.331,1636
0.0178,4901
-0.0308,6683
-0.00285,5535
-0.304,9789
0.159,1848
0.153,2481
-0.0282,6632
-0.219,10231
0.119,1807
0.13,1851
-0.0972,7144
-0.00401,5403
-0.408,9736
0.15,2694
0.168,1194
0.13,3097
0.0768,3320
0.141,3602
-0.23,7704
-0.165,9660
-0.119,9346
0.0317,4318
-0.0243,6078
-0.0494,6521
0.0113,5032
-0.0781,6415
0.0927,2289
0.0486,3587
-0.343,10580
0.0913,3021
0.339,987
-0.203,9171
0.0897,3285
-0.103,7808
0.0164,4921
0.0226,4707
-0.134,7604
0.0386,3093
-0.14,7034
-0.163,9256
-0.0342,6293
-0.152,8726
-0.124,5332
-0.204,10907
0.0853,2041
-0.327,9722
-0.0836,6729
-0.00993,5147
-0.238,6734
-0.103,8267
-0.0892,8410
-0.037,6379
0.0809,2615
-0.0147,5331
-0.122,8440
-0.161,8357
-0.062,6680
-0.153,8660
0.464,1015
-0.0826,6849
-0.0972,8615
0.0197,4842
0.0434,4293
0.0152,4872
-0.102,6827
-0.271,10037
-0.276,10649
0.146,2855
-0.0472,7625
-0.133,9324
0.224,320
0.551,552
0.25,1750
-0.0369,6705
0.0143,4669
-0.0566,6454
0.0999,2072
-0.0101,5306
-0.0817,6909
-0.0906,7353
-0.045,8981
-0.075,7673
-0.276,9951
0.406,1054
-0.432,10789
0.188,840
-0.0275,7549
0.0571,3558
-0.0534,6540
0.00989,4923
0.000891,5230
0.0285,4447
0.114,2621
0.434,1747
-0.367,10776
0.0371,4519
-0.108,8324
0.0731,4069
0.214,244
-0.0147,5767
0.274,1259
-0.0991,8571
0.0409,4415
0.265,998
0.0325,4325
0.29,678
0.0144,4963
0.661,735
-0.153,8290
-0.0492,7881
-0.0594,8508
0.419,461
-0.00713,5361
-0.0622,7345
-0.184,9987
0.115,1784
0.0922,2329
0.00154,5105
-0.0334,6369
0.0058,5124
-0.489,10847
-0.311,9719
0.00403,5331
0.291,522
0.22,2476
-0.191,6904
0.103,3471
-0.122,8146
-0.0153,6057
0.197,997
-0.0503,7048
0.0853,3446
-0.157,9000
-0.182,10255
0.0709,3218
0.451,1083
0.203,1598
0.0818,3693
-0.4,10754
-0.0845,8285
-0.133,9677
0.0392,4255
-0.322,9998
0.0569,4344
0.0208,4648
-0.185,10466
0.098,2236
-0.534,10412
0.0219,5124
-0.0345,6123
-0.833,9712
0.0912,1543
-0.0966,8307
1.21,633
-0.0371,6401
-0.0301,5863
-0.195,8128
-0.296,10374
-0.0418,6605
0.0483,3809
-0.187,9832
-0.258,10167
0.199,222
-0.11,8433
-0.334,10355
0.378,546
0.0707,3631
0.254,2254
-0.147,8310
0.0317,4073
0.14,1774
0.0515,4097
0.0264,4350
0.392,1107
-0.143,6198
0.00544,5427
0.0481,4430
0.0155,4845
-0.0181,5692
-0.29,10320
0.0588,2677
-0.00726,5846
-0.0216,6158
-0.151,8638
0.00342,4836
-0.228,10578
-0.26,8869
-0.185,9865
-0.276,10527
0.0843,2526
0.0736,3958
-0.215,10312
0.156,2008
0.288,1795
0.0848,3610
-0.118,7955
-0.493,8496
-0.0967,7770
0.24,2668
0.272,366
-0.0155,5932
0.13,2992
0.338,480
0.128,2854
0.0264,2605
-0.111,9944
-0.324,8071
0.0572,3715
-0.0689,7415
-0.458,6877
-0.392,9684
-0.15,9749
-0.279,10699
-0.236,9388
-0.0107,5564
0.0511,4018
0.172,2575
-0.297,10552
0.0911,1877
0.384,458
-0.124,6810
1.35,424
0.355,1292
-0.0152,6000
0.0212,4645
0.0652,4380
-0.153,7135
-0.00429,5154
-0.193,9379
0.134,1772
-0.0328,6762
0.319,106
0.0728,3569
-0.45,9195
-0.0842,7206
-0.0688,8046
-0.0145,5940
0.28,959
-0.314,9903
0.331,783
0.0794,3446
-0.16,10097
0.293,492
-0.243,9879
0.205,484
0.0917,2217
-0.211,10191
0.131,1692
-0.0128,5620
0.24,1813
-0.0369,6410
0.0856,3292
0.0886,3211
0.021,4783
-0.289,9639
-0.189,9561
-0.0425,6881
0.00905,4898
0.022,4759
0.184,1734
0.0154,4894
0.924,8
-0.0965,7771
-0.146,9199
0.0922,3682
0.0896,2761
0.189,2379
0.295,1055
0.26,432
0.31,500
-0.42,10320
-0.0671,7228
0.351,222
-0.13,8155
-0.0145,6140
0.344,139
0.351,2559
-0.0565,6858
0.0232,4745
-0.0329,6245
0.106,1148
0.0434,3764
0.0258,4723
1.59,0
-0.208,10614
-0.0931,6915
-0.0555,6362
0.253,1221
0.0722,4041
-0.0377,6016
0.471,11
-0.225,10521
-0.00935,5107
-0.0694,9093
-0.0579,7230
-0.0846,7529
-0.0633,6872
-0.0635,7877
-0.332,10510
-0.068,8465
-0.129,6520
-0.327,8130
-0.348,9575
-0.329,10393
0.175,1615
0.00275,5250
0.166,1458
0.0135,4770
-0.206,10081
-0.239,9305
-0.144,9708
-0.12,10447
-0.0309,6204
-0.389,10804
0.195,2961
0.52,1156
-0.114,7685
0.765,698
-0.0466,6108
0.0982,3054
-0.0258,5602
0.0237,4925
0.19,881
0.00185,5369
-0.068,7569
-0.23,9877
-0.152,8182
-0.0409,5296
0.0483,4246
0.0472,3935
-0.0976,8258
-0.173,9107
-0.143,8363
-0.163,8615
0.000256,5356
-0.0496,7307
-0.115,7070
0.0137,5003
-0.0096,5243
0.108,2426
-0.0533,8752
-0.0721,6242
0.124,2231
0.193,979
0.417,115
0.0651,3609
0.0483,3293
-0.0572,7266
0.151,3162
-0.332,9784
0.188,2400
-0.691,10596
0.0727,2686
0.274,1762
-0.246,10222
-0.0673,7215
0.0064,5265
-0.00064,5532
0.0552,3038
-0.18,8869
-0.23,9674
-0.485,10911
0.4,1693
0.108,3397
-0.126,8503
0.247,1652
0.27,1696
0.00904,5059
-0.361,10208
0.773,23
-0.169,8794
-0.0597,7642
0.198,564
-0.0844,7567
-0.152,8799
-0.215,8538
-0.116,9233
0.0186,4536
-0.437,10933
0.133,3471
0.0801,3998
0.00418,4835
0.0723,3006
-0.112,8564
0.389,403
0.745,4
0.0188,4744
-0.039,7370
0.0601,3134
-0.166,8959
0.0753,3845
-0.141,9545
-0.272,10507
-0.0419,6832
-0.27,10146
-0.111,8198
-0.102,9266
-0.0347,6073
-0.198,8352
-0.367,9359
-0.00575,5584
-0.0595,7043
0.22,1146
-0.135,7310
-0.248,9483
-0.145,6320
0.0749,2925
0.0816,1621
-0.0192,5404
-0.11,7033
-0.249,9786
-0.0402,6336
0.0533,3637
-0.0455,6833
-0.212,9859
-0.231,9404
0.147,2281
0.0419,4371
-0.251,9080
-0.000744,5373
-0.0767,8044
0.0356,3845
0.162,2045
0.171,3085
0.109,1815
0.0435,3938
-0.0396,6327
0.00499,5024
0.0925,2143
-0.848,10357
-0.124,8873
0.122,2098
0.0906,3159
0.176,1392
-0.215,8865
0.181,1196
0.15,1391
-0.155,9757
-1.02,9222
-0.0118,5471
0.0157,5124
-0.202,8222
-0.193,9127
0.249,629
-0.00364,5500
-0.475,8220
0.193,993
0.112,1491
-0.0363,7275
-0.077,7223
0.0341,3866
0.395,280
-0.00326,5331
-0.133,8137
-0.0311,6461
0.469,491
0.89,1249
0.0498,4169
0.0266,4594
-0.00313,5442
-0.0398,7295
0.211,1301
-0.114,7653
0.0262,4663
0.18,1953
-0.0454,6619
-0.0905,9354
-0.391,10191
-0.0886,7238
-0.213,10287
-0.138,7492
0.194,2163
0.0416,3570
-0.0493,6371
-0.0642,6586
-0.178,8624
1.52,1203
-0.0817,7725
-0.0684,8697
0.0119,4978
0.0399,4327
0.132,2584
0.106,1733
-0.00748,5794
0.00205,5245
0.471,103
0.116,3165
0.465,302
-0.0769,7079
0.288,732
0.0257,4052
0.136,1768
0.13,3095
0.0365,4414
0.0652,4045
0.0759,2854
-0.0474,6708
-0.211,10577
-0.036,6052
-0.177,8337
-0.0342,6673
0.0845,2543
0.0163,4745
0.0552,3417
0.239,866
-0.061,7109
0.629,654
0.412,111
0.101,1235
0.175,1774
0.12,2513
-0.148,7881
-0.299,9932
0.538,58
0.163,1321
-0.039,6166
0.496,166
-0.145,9186
0.0826,3893
0.125,2898
0.0366,3963
-0.171,8588
0.12,3874
-0.0521,7530
0.132,3022
-0.0823,7241
0.134,3602
-0.12,7883
-0.197,9721
0.049,3440
-0.0795,7156
-0.0655,6593
0.323,475
-0.187,7711
-0.338,7395
-0.068,6442
0.109,1874
-0.122,9228
0.126,2334
-0.292,8564
-0.178,6860
0.273,248
0.182,739
-0.184,8762
-0.347,10658
-0.163,6634
0.0429,4540
0.168,2860
0.08,3116
0.0409,4178
0.0461,4032
0.177,1280
-0.284,9753
-0.318,10515
-0.0992,6569
-0.104,9216
0.00708,5204
0.354,975
0.23,1682
-0.342,10971
0.138,2596
-0.11,7623
-0.00627,5488
0.0658,2496
-0.16,9051
-0.00681,5911
-0.136,8561
-0.138,8834
-0.041,6060
-0.444,9081
0.136,2407
-0.281,10311
-0.223,10252
-0.0232,5746
-0.0383,6199
0.426,325
-0.134,6699
0.19,980
0.2,1405
0.109,3581
-0.0692,7767
0.0461,4161
-0.263,9751
0.0532,2427
-0.0861,7764
-0.112,6516
0.244,2290
-0.0455,7825
0.207,1080
-0.145,9420
0.137,946
-0.135,9593
0.134,1798
-0.0679,6827
0.0937,3788
-0.00184,5145
-0.0595,8175
0.0533,4356
-0.0373,5899
0.157,2204
-0.284,9504
0.497,64
0.0184,4839
0.171,2486
0.0691,3524
-0.0585,6181
-0.326,9633
-0.0286,5903
0.182,1450
-0.0252,5999
0.174,3220
1.05,629
0.558,1451
-0.0681,7536
0.134,2931
-0.414,6554
0.149,3671
-0.507,10669
0.377,546
-0.127,8397
-0.054,8030
0.0819,2821
0.626,584
-0.153,9226
0.00494,5059
-0.0347,6755
0.034,4474
-0.0624,7644
-0.29,10947
-0.286,10729
0.0837,3791
0.143,351
0.0124,4716
-0.0174,5905
0.146,3690
-0.0795,7379
-0.295,10125
-0.184,9992
0.0138,4973
-0.2,9641
-0.0648,7964
-0.0816,8651
-0.116,7201
0.0757,2753
-0.0476,6777
0.0797,3132
-0.0921,7537
-0.0624,6133
0.0851,3203
-0.0687,7374
-0.177,10365
-0.00227,5509
-0.292,10834
0.168,2934
-0.257,9646
-0.0786,7848
0.0436,4477
0.0299,4293
-0.152,7498
0.0737,3968
-0.000355,5394
-0.369,10258
0.0791,3419
0.176,2321
0.166,1225
0.111,3219
-0.275,9754
-0.0316,6769
-0.0564,7336
0.0142,5026
0.0495,4410
-0.00463,5259
0.0345,4553
-0.0184,6114
0.045,3374
-0.316,9737
0.0233,4893
-0.0861,6839
-0.0727,6211
-0.168,9255
0.157,1778
-0.148,8689
0.422,333
0.0133,4837
0.0717,4253
0.325,1129
-0.195,9858
0.0464,4443
-0.167,9017
0.0808,3636
-0.253,7288
-0.105,8310
-0.29,9977
0.0422,3844
-0.0196,5515
-0.0642,5869
-0.0962,7848
-0.192,8654
0.0336,3929
0.677,547
-0.0416,6081
-0.285,10712
-0.264,10495
0.0158,4612
-0.19,10051
-0.0738,7603
0.0422,4069
0.478,803
-0.432,10791
-0.224,9976
0.292,263
-0.0216,5564
0.709,35
0.278,1390
0.222,1624
-0.0111,5527
-0.258,9097
0.0215,4477
-0.164,10501
0.0801,2976
-0.048,7744
0.0215,4054
-0.135,10514
0.0826,3130
0.0217,4951
0.0109,4865
-0.204,9577
-0.0852,9926
0.00877,5140
-0.0853,9200
0.0375,4470
-0.0915,6656
0.0706,4096
-0.499,10220
-0.301,10857
0.272,1653
-0.000676,5340
-0.0906,8975
-0.221,8384
-0.031,6057
0.0145,4907
0.176,1625
0.495,171
-0.351,9415
-0.0711,7931
-0.111,9858
-0.00425,5563
-0.0312,7241
0.164,1441
-0.205,7588
-0.244,8776
0.0118,4844
0.0218,4714
0.695,558
-0.242,8694
-0.00544,5429
0.156,1762
-0.165,9907
0.316,908
-0.0132,5624
0.106,3413
-0.0614,7494
0.179,969
0.132,1901
-0.16,8436
-0.0562,6676
-0.017,5471
0.0659,3443
-0.0364,6118
0.146,2130
0.0389,4637
-0.467,9314
0.355,2030
-0.223,9793
-0.0334,6048
-0.127,8186
0.363,61
0.456,1493
0.262,1320
0.03,4430
0.00972,4688
-0.028,6155
-0.126,9398
0.426,399
-0.228,8902
-0.185,8283
0.239,1582
0.00312,5194
0.106,2954
-0.147,8859
-0.126,8959
0.209,347
0.215,2401
-0.221,10301
0.194,383
-0.205,9278
-0.0525,6621
0.144,1744
0.133,3078
-0.0406,7007
0.108,3888
-0.388,10537
0.0798,3205
0.0615,3254
-0.113,9317
0.154,2449
0.289,245
0.224,1937
-0.223,9563
-0.223,9597
0.3,523
-0.205,10322
0.176,682
-0.096,7190
0.0881,3422
-0.055,6561
-0.0921,7404
-0.0836,9469
-0.158,8690
0.151,695
-0.143,8279
-0.138,7579
0.304,1499
-0.287,10863
-0.0711,6302
-0.194,8481
0.294,1344
-0.161,8057
-0.123,9965
-0.0238,5971
-0.167,7822
-0.224,9452
0.0144,4873
0.0246,4921
-0.0672,9498
0.066,1700
-0.17,10010
0.096,3773
-0.135,9171
0.0614,3654
-0.17,9761
0.105,2090
0.138,3020
0.263,455
0.539,638
-0.116,6186
-0.0597,7521
-0.383,10396
-0.298,10453
-0.0251,5874
0.166,2103
0.0272,4770
0.0545,4136
-0.194,10292
1.26,754
-0.148,7648
-0.311,9205
0.26,1702
-0.0903,9804
-0.0487,6495
-0.114,8089
-0.163,9653
-0.0879,8545
-0.0707,6050
-0.00714,5930
0.076,2725
-0.227,10907
0.381,1369
0.358,527
-0.154,7016
0.0701,2603
-0.0564,6936
0.0315,4519
0.00572,5155
0.571,1042
0.402,848
-0.282,10860
-0.221,10691
0.108,3468
0.0616,3149
-0.201,8409
-0.218,8587
0.0644,3155
-0.0144,6677
-0.426,10650
-0.113,6440
0.42,575
-0.147,9511
-0.0106,6061
0.548,60
-0.00213,5393
-0.00547,5646
-0.235,9303
0.193,1666
0.0321,4285
-0.212,10180
0.259,869
0.0758,3078
0.464,1340
-0.0804,8372
0.144,2394
-0.0647,8611
0.133,3633
-0.228,10506
-0.116,5658
0.0953,1972
0.034,4390
-0.215,10513
0.0764,3055
0.123,1866
-0.309,9593
-0.117,7636
0.151,879
-0.0941,8148
0.282,533
0.229,2503
0.0274,4677
-0.72,10948
-0.13,7872
-0.114,8912
0.068,3202
0.202,1434
0.0781,3657
0.198,2239
0.0724,2771
0.0743,3181
0.309,1110
0.239,1509
0.169,2438
-0.0655,6947
0.00329,5406
-0.177,8756
-0.228,9783
0.00755,5260
-0.116,6949
-0.216,8195
-0.213,9512
-0.228,10989
0.0454,4539
-0.0751,7223
-0.0425,5829
-0.18,8852
-0.157,8926
0.337,68
0.282,918
-0.113,7624
-0.271,10317
0.189,2048
-0.00978,5850
0.0837,3902
0.228,2526
-0.156,9136
0.0856,4215
-0.256,10150
-0.0979,8471
-0.115,8610
-0.0166,5505
-0.37,10919
-0.00742,5646
0.202,1526
-0.033,6043
-0.103,7563
0.0388,4194
0.478,293
0.0517,3977
0.252,1107
0.0453,3641
0.0953,2057
-0.0825,6291
-0.0271,5754
0.265,1875
-0.275,9094
0.16,1315
0.104,2603
-0.238,8927
0.128,2073
-0.118,8130
-0.152,7843
-0.212,10615
0.0576,3790
-0.216,10080
0.137,3043
-0.0361,7398
0.0956,3990
-0.37,10803
0.129,2869
0.0259,4799
-0.0956,7910
-0.241,10052
-0.221,6322
-0.164,9823
0.201,318
-0.298,10031
0.0328,4119
-0.103,7577
0.269,988
0.00367,5484
-0.032,6616
-0.0379,6347
0.145,1494
0.252,3135
0.809,1783
0.0615,3374
-0.0765,8000
-0.227,8259
0.543,626
-0.339,9154
0.446,593
-0.305,8318
0.037,4218
-0.22,9492
0.181,2555
0.134,3028
0.149,1565
-0.122,8908
-0.189,9906
0.105,1750
-0.106,7244
-0.0599,5710
-0.131,9723
0.022,4581
-0.134,8369
0.147,1587
-0.096,9035
-0.00353,5232
0.054,2733
-0.16,10478
0.00521,5121
0.0419,4436
0.000378,5373
0.263,1427
-0.214,10582
-0.0323,6586
-0.202,7156
0.0832,3964
0.0746,3809
0.0625,2895
-0.784,10860
0.486,77
-0.214,10634
0.0882,3267
0.597,273
-0.335,10570
-0.13,9352
0.0941,3199
-0.0505,6720
0.0396,4212
-0.115,8435
-0.202,10669
0.0231,4265
-0.0474,6363
-0.206,7983
-0.336,8490
0.0369,4195
0.246,521
-0.0469,7399
0.0095,5170
-0.137,8766
-0.127,8585
0.16,3112
-0.223,9140
0.115,2600
-0.186,9322
-0.291,8502
0.0841,3481
0.327,1485
0.444,1456
-0.0952,7640
0.0383,4269
-0.0979,9535
-0.00958,5421
-0.155,8894
0.171,2799
0.0706,2347
0.00787,4968
0.246,1051
-0.396,9722
0.656,132
-0.059,5754
0.548,207
-0.175,9992
-0.107,7709
-0.0912,7524
0.301,690
-0.265,10271
-0.0785,8590
-0.0709,6549
-0.0442,6740
0.0214,4655
-0.132,8625
-0.0657,7176
0.249,809
0.0918,1566
0.465,750
0.116,2324
0.399,854
-0.109,8500
0.208,993
-0.134,8622
-0.213,8960
-0.118,7665
0.0857,3624
-0.00856,5288
0.149,2548
0.0727,2843
-0.0416,6643
0.0583,3817
0.0583,3611
1.65,14
-0.0881,6775
0.0202,4567
0.01,5120
-0.000845,5392
0.0356,4521
-0.231,10422
-0.0764,7768
0.0491,3698
0.18,1108
-0.138,7731
-0.0714,6584
-0.104,7268
-0.101,8057
-0.00265,5623
-0.149,8755
-0.164,8632
-0.0371,6679
0.0199,4808
0.0149,4872
0.048,3475
0.0719,3134
0.0181,4954
0.153,1685
-0.124,6014
-0.233,10645
0.0055,5006
-0.174,10007
0.544,145
0.219,1678
0.402,813
0.138,2803
-0.041,6833
-0.196,10075
0.379,480
0.232,2251
-0.027,5661
-0.014,6218
-0.0404,5281
0.0764,3592
0.242,1545
-0.0466,6407
0.176,1019
-0.0984,9462
0.0425,4442
0.00742,5257
-0.432,10007
-0.0287,5741
0.174,2610
-0.071,7925
0.17,1697
0.134,2838
0.224,1790
0.0995,3585
0.0969,3617
0.395,11
-0.0501,7722
-0.347,10129
-0.0537,7020
0.0119,4998
0.577,102
-0.141,8908
-0.185,10840
0.212,759
1.64,390
-0.0955,9495
-0.316,8739
0.0492,3148
-0.00227,5665
0.0385,4455
0.14,2376
0.268,758
0.293,948
0.283,73
0.0206,4656
0.281,1974
-0.0716,7608
-0.157,8235
0.648,140
0.0681,3268
-0.0987,7723
-0.00361,4992
0.0582,3514
-0.14,6412
0.163,1917
0.109,3095
0.138,2211
0.848,159
-0.0569,5920
-0.174,9846
-0.484,10942
-0.201,10234
0.129,1117
-0.34,10790
-0.0163,6246
0.0293,4589
-0.0372,6222
-0.251,8158
0.0661,3492
-0.0778,6514
-0.085,7267
0.664,786
-0.361,10695
0.112,2279
0.0454,4366
-0.397,10818
0.116,3193
-0.0339,6287
-0.112,7183
-0.0665,7163
0.00216,5443
0.696,484
-0.177,9205
-0.294,10608
-0.0811,6684
-0.223,10436
0.178,1552
-0.303,10474
-0.267,9990
-0.305,9761
-0.095,7387
0.124,1553
-0.115,10360
-0.00568,5363
0.23,1996
-0.333,9740
-0.00909,5464
0.00481,4999
0.0735,3148
0.234,542
-0.0266,6602
-0.299,10313
-0.0371,5471
-0.0595,7809
-0.257,10775
0.192,1039
0.507,54
-0.0235,5602
-0.306,9729
0.142,704
0.14,2267
0.19,1906
0.258,1518
-0.0877,6281
-0.00534,5392
-0.0623,6950
0.111,2346
0.0197,5022
-0.0973,6841
0.0637,3683
-0.066,6148
0.162,402
-0.119,8693
0.137,2054
-0.143,7639
-0.286,9003
0.0906,3619
0.0239,4507
-0.15,7450
0.0113,5121
0.0895,3263
0.295,1059
-0.126,9054
0.12,3752
-0.05,6794
-0.108,7602
0.312,1427
-0.335,8139
0.115,1944
0.0529,2871
0.0729,2887
-0.115,7798
-0.458,10820
0.186,3171
-0.184,9132
-0.234,10243
-0.181,10107
0.0464,4217
-0.0523,6661
0.0203,4654
-0.0661,6739
0.0163,4550
0.132,1448
0.135,1461
-0.142,8401
-0.73,11008
-0.481,10216
0.093,2731
0.088,2569
-0.0977,7459
0.0802,3494
-0.148,8632
0.233,1152
-0.0171,5869
0.154,1316
-0.00424,5743
-0.00767,5403
0.255,1461
-0.377,10141
-0.282,10848
-0.12,9421
0.099,3382
0.303,544
-0.015,5785
0.0331,4175
0.245,357
-0.198,10233
0.0627,4222
0.166,2659
0.553,812
0.134,2918
-0.0748,7351
-0.211,10824
0.15,3129
-0.275,10471
-0.258,10212
0.184,3066
-0.201,10362
-0.328,10820
-0.171,9301
0.246,1028
-0.134,8282
-0.385,9387
-0.0735,9637
0.224,2022
-0.188,8071
-0.259,9364
0.478,64
-0.00596,5389
-0.00864,5522
-0.0393,7009
0.109,2469
-0.209,9376
-0.362,8640
0.0525,4069
0.0522,3468
0.122,3472
-0.319,10621
0.0545,3733
0.264,1187
-0.0455,8013
0.0355,3944
0.15,2296
0.0431,4180
-0.00523,5270
-0.277,9621
0.747,154
0.0855,2582
0.114,2493
-0.385,9910
0.484,996
-0.179,8827
-0.272,8117
-0.132,8031
-0.0782,7056
-0.0998,8210
-0.126,9055
-0.233,8873
0.223,363
-0.169,9924
-0.0621,6791
-0.631,10541
0.104,3301
-0.145,6914
-0.0468,6744
0.012,5065
-0.028,6609
0.207,831
0.121,2574
-0.187,8601
0.0141,4783
0.0815,2363
0.0901,2012
0.499,1653
-0.0605,7170
0.214,378
-0.165,9157
0.131,2345
-0.207,10631
0.23,1022
0.209,1456
0.0427,4555
-0.0713,6121
-0.0989,8443
-0.21,9535
-0.148,9268
0.283,650
0.0337,3734
0.201,1956
0.0592,3280
-0.0573,6582
-0.0308,5989
0.233,542
-0.0831,8591
-0.0262,6126
-0.154,8661
-0.126,8085
0.00613,5105
0.083,2568
0.0292,4470
-0.382,9407
-0.066,6744
-0.0448,7054
-0.271,9928
-0.169,9152
0.241,1609
-0.00837,5875
-0.0537,7162
0.109,2913
-0.125,8255
0.467,480
0.386,854
-0.289,10560
0.0837,3526
-0.0234,5859
0.17,2601
-0.113,7846
-0.0672,6822
0.495,721
0.178,882
-0.113,9128
-0.0735,8099
-0.0392,6327
-0.142,8458
-0.00395,5742
-0.0946,8917
-0.15,9363
0.00947,5133
-0.244,9218
0.101,2778
0.0446,4367
-0.0175,6801
-0.105,8747
-0.0592,7112
-0.333,10512
-0.288,8257
-0.0329,5832
-0.0153,6093
0.0843,3196
-0.128,8950
0.176,1842
0.116,2402
-0.158,9126
0.314,253
0.00338,5046
0.166,1823
0.145,2664
0.477,173
0.375,573
0.105,3371
0.27,1143
0.0907,3708
0.0417,4676
-0.131,7753
-0.0326,6252
-0.0129,5780
-0.186,9432
-0.378,10696
0.228,1251
0.0471,3238
0.172,2340
-0.322,10653
-0.0924,9049
-0.0297,6762
0.086,3472
-0.241,8960
-0.0916,8873
-0.00314,5288
-0.116,10341
0.00503,5066
-0.0533,7607
-0.364,9414
0.12,1754
0.197,1812
-0.209,9358
0.113,2949
0.325,1660
-0.172,9391
-0.286,7152
0.062,4048
0.166,569
-0.209,8970
0.0775,3807
0.0563,4120
-0.0148,6000
0.495,52
-0.181,10126
0.0967,3726
-0.0903,6965
-0.192,9876
0.0228,5055
0.109,2206
-0.0568,7006
0.0907,2638
-0.205,9242
-0.0818,7068
-0.154,9040
-0.0165,6208
0.0431,3233
0.345,428
-0.0648,6906
0.351,580
0.235,1315
-0.0967,8025
-0.0991,9125
-0.464,10073
-0.0322,6242
-0.282,10528
-0.383,10672
-0.03,6477
0.0806,2626
0.0969,3203
-0.151,7002
0.136,1400
0.125,3407
-0.198,10620
-0.0425,6402
-0.225,10284
-0.0344,5910
-0.261,9062
0.149,1605
0.0953,2677
-0.234,10702
0.195,2113
0.389,699
0.264,2155
0.112,3059
-0.162,7393
0.143,1598
0.0217,4819
0.216,1134
-0.172,8228
0.0944,2895
-0.0277,6797
0.0605,4029
0.0236,4775
-0.367,10096
0.0475,4458
-0.0262,6252
-0.208,9972
0.224,1396
0.0155,5126
-0.121,8399
-0.103,7017
0.0411,4307
0.0319,4301
0.0271,4570
-0.141,10066
0.111,1888
0.156,1224
0.295,703
0.0153,4910
0.25,478
0.192,2643
-0.116,9713
-0.25,9366
-0.0946,8020
-0.0975,10346
0.065,3265
-0.213,9102
0.0169,4933
0.00131,5110
-0.179,8578
-0.0633,8974
0.0786,3065
-0.088,6782
0.122,2422
0.0631,2799
0.0372,4158
0.275,1112
-0.119,8486
0.143,2017
0.382,1012
-0.312,10386
0.0353,4519
0.054,3333
0.00612,4932
0.0303,4493
0.0186,4893
0.102,2728
-0.142,7624
-0.0542,6866
0.178,1113
0.0865,3213
0.299,2263
0.031,4398
0.326,1312
-0.307,10695
0.0784,3102
-0.0759,7238
0.0261,4914
-0.276,10561
0.1,2331
0.142,1561
0.298,268
-0.422,10889
-0.33,8751
0.147,2600
-0.00837,5436
-0.0218,5641
-0.0302,7019
0.226,1222
-0.343,10918
-0.0417,5320
0.329,802
-0.0677,8424
0.185,98
-0.0985,7346
0.413,275
-0.0577,7621
0.000643,5158
0.317,260
-0.0686,8024
-0.0068,5776
0.0514,4240
-0.00926,5839
0.646,636
-0.128,8686
-0.153,10860
0.0477,4091
-0.116,9036
-0.723,10876
0.012,4922
0.0607,2135
-0.0175,6045
-0.0217,6046
0.0721,3574
-0.165,8247
0.145,1665
-0.163,9191
0.0126,4827
0.236,418
-0.17,8488
-0.339,7578
-0.0096,5391
0.142,1565
-0.0332,6783
0.109,2338
0.0605,4171
0.0629,3663
-0.101,8240
0.0177,4563
-0.0373,6787
-0.193,9837
0.112,3980
0.0317,4077
0.141,3560
-0.0906,6843
0.202,1490
-0.0631,6711
-0.00993,5428
0.0972,2221
-0.209,8775
0.36,191
-0.0107,5529
-0.119,8446
0.042,4151
0.236,889
-0.0833,7151
-0.0769,7296
0.0982,3110
-0.00448,5059
0.36,1602
0.353,727
0.172,3033
0.139,2111
-0.11,8358
-0.203,8466
-0.0278,6027
-0.0936,7184
0.247,1381
-0.0316,6297
-0.0623,6557
0.111,3099
0.183,1295
0.0903,3499
0.823,27
-0.367,10743
-0.211,9174
-0.148,7959
0.395,1119
0.158,1711
0.335,991
-0.0722,7760
0.151,1730
0.292,523
0.0048,5044
0.0275,4744
0.112,3363
0.0614,3255
0.102,2946
0.161,1003
0.0641,3156
-0.262,9862
-0.614,10939
-0.0674,6732
0.106,2241
0.286,1366
-0.209,9366
-0.392,8215
-0.0608,4425
-0.0442,6177
-0.0148,5633
-0.18,9664
0.125,3087
-0.108,9182
-0.2,10214
0.0329,4008
-0.0738,8027
0.0079,4971
-0.153,8713
-0.0833,7542
-0.27,8999
-0.0629,7591
0.0488,3221
-0.176,8061
0.0451,4244
-0.00789,5376
-0.197,9268
-0.0789,8018
0.108,2685
0.358,825
0.117,3139
-0.00399,5245
-0.248,9897
-0.085,7839
-0.0941,8504
0.0504,4409
-0.0585,7215
-0.0702,7536
0.0294,4865
0.14,1321
0.0944,2708
-0.184,9739
0.17,1347
-0.118,7565
-0.321,9718
-0.121,9192
0.0203,4570
-0.11,7287
0.0641,3802
-0.155,7844
-0.2,9147
-0.00193,5404
0.23,1744
-0.323,8947
-0.0529,6687
-0.0597,6808
-0.312,9934
-0.229,10349
0.0838,2712
-0.0528,6615
-0.169,8818
0.204,1475
-0.096,7794
0.025,4294
0.106,2082
0.027,4616
0.47,60
-0.252,10385
-0.0753,7572
0.116,2459
-0.207,10239
-0.321,10566
0.0114,4812
-0.0335,6344
-0.0158,5956
-0.219,10283
0.0768,3356
-0.0552,6403
0.0225,4397
-0.468,9991
-0.0858,8022
-0.0659,8002
-0.0131,6087
0.0472,3578
-0.0603,6808
-0.00262,5607
-0.0857,8553
-0.0107,5984
0.27,989
-0.277,10864
0.138,2215
0.0637,4353
-0.203,9798
-0.207,9628
0.214,1351
0.697,24
-0.179,9403
0.135,2924
0.0266,4395
-0.106,7483
-0.165,9455
0.181,900
-0.546,10173
-0.0918,6894
0.233,1525
-0.043,6533
0.203,1183
-0.118,7851
-0.0653,6888
-0.339,10570
-0.103,7652
-0.217,10487
0.121,2105
-0.097,7354
-0.378,10344
0.212,2069
-0.0411,6436
-0.167,9544
-0.224,10005
1.05,20
-0.0128,5690
-0.407,10983
-0.157,10159
0.0843,2620
0.104,2713
-0.0577,7425
1.01,32
-0.0944,7728
-0.112,8417
0.261,369
-0.00913,5485
0.129,2724
0.0834,2630
-0.245,10326
0.111,2180
-0.199,10774
-0.0734,5962
-0.236,9599
-0.942,10585
0.308,164
0.167,1473
-0.337,8994
0.19,3262
0.201,1253
0.0382,4124
0.019,4877
-0.0598,8683
-0.187,8814
0.038,4388
-0.294,9640
-0.0276,5730
0.0947,2875
-0.0982,7209
0.273,1834
0.499,86
-0.0351,6252
-0.105,7372
-0.0584,6854
-0.0903,9326
0.0417,4660
-0.245,9660
-0.103,7145
-0.00117,5354
-0.136,9425
0.00515,5279
-0.094,7355
-0.0902,9253
1.07,912
-0.0867,8282
-0.188,10323
0.188,589
-0.0159,5902
-0.0662,6276
-0.0896,7247
0.896,299
0.0394,3385
0.22,826
-0.208,9022
0.0124,4940
-0.114,7030
0.0261,4972
-0.11,8936
0.0178,5005
-0.384,10496
-0.154,8573
0.147,3463
-0.145,7522
0.183,893
0.0837,3561
0.148,2492
-0.0583,6702
-0.0632,7947
-0.212,9492
0.151,1733
-0.0934,7712
-0.0107,5565
0.0604,3933
0.0319,4500
-0.135,7739
0.0544,3092
-0.033,6823
-0.151,9894
-0.198,9012
-0.149,8133
-0.282,10607
0.0681,2486
-0.107,9068
-0.34,10781
0.533,175
0.0618,3662
0.329,11
0.173,2024
-0.0913,8417
-0.0302,5949
-0.0256,6041
-0.378,10671
-0.0853,7972
-0.0643,9906
0.087,2818
0.0927,3166
0.114,3910
-0.0384,6620
0.289,1679
0.214,315
0.328,8
-0.342,10508
-0.257,9841
0.0203,4938
-0.02,5742
-0.124,9326
0.122,2524
0.0463,3755
-0.124,8963
0.153,2308
0.179,1696
0.0833,3714
-0.212,10439
0.179,1678
0.0861,3036
0.431,608
0.46,782
-0.00452,5505
0.0501,3568
0.0494,4217
0.0586,4062
-0.322,10230
-0.0839,7859
-0.103,8166
0.00144,5148
0.186,180
-0.00611,5668
-0.215,7599
0.116,2774
-0.141,9129
-0.0953,8104
-0.0149,5873
0.0861,3047
-0.269,10534
-0.422,10720
-0.142,9063
0.0527,3509
-0.151,8435
-0.00738,5537
-0.172,9264
0.177,1664
0.115,1591
-0.00493,5428
0.223,1032
0.0159,4880
-0.0895,6085
-0.0354,6105
0.0923,1864
0.0428,3394
-0.253,9843
-0.161,8383
0.0072,5172
-0.328,10786
0.00326,5150
-0.0471,6101
0.24,352
-0.135,8328
-0.12,7248
-0.0357,6597
-0.0988,8091
0.0812,2528
-0.0588,7159
0.13,2465
-0.305,10556
-0.159,10288
0.353,280
-0.00634,5554
-0.0146,5957
-0.192,9317
0.187,1034
0.165,736
0.01,4808
-0.0166,5560
0.443,37
0.0623,2843
-0.247,9081
0.203,1482
-0.048,7396
0.0645,3400
-0.16,8835
-0.0286,6324
0.404,434
0.24,1723
0.143,672
0.0144,5012
-0.284,9093
0.0201,5002
0.111,2994
0.248,1967
0.225,1366
-0.0575,8139
0.0357,4450
-0.0225,5704
0.0148,4948
0.337,719
-0.325,10670
0.357,219
-0.235,8896
0.0701,3251
0.186,1513
-0.305,10546
-0.0561,8121
-0.0428,6081
-0.234,10108
-0.0503,7450
-0.0564,6799
-0.318,10644
0.0803,2345
0.217,109
-0.178,7989
0.235,935
-0.12,6601
-0.182,7421
-0.00105,5362
0.164,117
0.18,2104
0.291,1729
0.0309,4240
0.0156,4984
-0.177,9816
0.0302,3895
-0.141,9278
-0.247,10718
0.162,2276
0.0386,4550
-0.0818,8771
-0.028,6664
0.317,512
0.127,2634
-0.11,7843
0.799,134
0.28,611
-0.15,8737
-0.0539,7111
0.093,3324
-0.0088,5470
-0.166,9225
0.241,289
-0.124,9292
-0.0344,6028
0.302,1091
0.398,241
-0.152,8620
0.135,2668
0.262,965
0.212,2511
-0.0967,7775
0.0288,4126
-0.0651,7233
0.185,1782
-0.105,7038
-0.0744,8676
0.119,3023
-0.0932,8028
0.188,1204
0.578,400
-0.176,9105
-0.225,10218
-0.132,8092
0.0872,2095
-0.0296,6514
0.226,430
0.272,1007
0.71,80
-0.191,10627
-0.0626,7394
0.217,1751
-0.261,9878
0.122,2438
0.061,3239
-0.0603,7981
0.0344,4171
-0.203,9244
-0.147,9023
0.248,1249
0.155,629
-0.0413,7347
0.147,1873
-0.188,10216
0.0386,4068
-0.498,8785
0.0251,4301
0.159,1405
0.0658,2539
0.00483,4958
-0.0643,7565
0.163,1601
0.0306,4388
-0.0769,7956
0.0368,4252
0.15,3687
-0.177,6708
-0.2,10244
-0.0154,5767
-0.266,9238
0.222,1554
-0.098,7740
0.0306,4567
-0.021,5628
0.0368,4209
0.0636,2387
0.00533,5104
0.0662,3930
-0.0283,6319
-0.125,8121
-0.0966,6543
-0.0183,5847
0.0815,2827
0.0457,4312
0.0602,3508
-0.21,9842
0.131,2948
0.0582,2660
-0.0319,5970
-0.073,7308
-0.099,8639
0.29,746
0.00593,5190
0.0659,2747
-0.0733,8253
0.0568,3869
0.117,2395
-0.0563,6478
0.162,2763
-0.0129,5877
-0.105,9703
0.0795,3673
0.183,2550
-0.139,7473
-0.45,10755
0.17,2181
-0.282,10616
-0.0107,5899
0.179,1405
0.312,283
0.0409,3968
-0.00607,5579
0.152,1421
-0.264,7998
-0.0928,6531
0.188,2021
-0.0798,7170
-0.0459,6264
0.0524,3446
-0.0539,6790
-0.027,5908
-0.011,5599
-0.105,7540
0.16,1921
0.137,2581
-0.118,7578
0.036,4145
-0.114,9037
-0.0513,6650
-0.226,8649
-0.0386,6119
-0.228,8924
-0.0945,9414
-0.155,10041
0.0864,3412
-0.121,8067
0.0476,4487
-0.0231,6345
-0.0535,7277
0.132,1861
-0.151,8321
0.046,4351
-0.159,8433
-0.0795,7464
0.187,1202
-0.109,9536
-0.0528,7670
-0.00442,5562
-0.166,8461
-0.234,8767
0.153,1657
0.339,978
0.0312,4727
-0.127,8081
-0.443,6874
-0.205,7294
-0.0689,7629
-0.109,7546
-0.357,9768
0.0333,4407
0.0681,4171
-0.0706,7491
0.324,76
-0.151,9048
-0.243,10448
-0.0286,5452
-0.0735,6987
-0.259,9976
0.0227,4343
-0.0586,8759
-0.247,10047
-0.00447,5594
0.0968,2370
0.257,509
0.133,1907
0.0368,4246
0.473,313
-0.523,10795
-0.103,7751
-0.0702,6717
0.115,2035
0.245,480
-0.0288,5394
0.0325,4482
-0.137,9383
-0.324,9540
-0.182,9060
-0.0195,5649
-0.197,10299
0.108,2206
-0.186,10707
-0.116,8605
-0.107,8590
-0.289,10655
0.159,2114
-0.079,7669
0.15,2727
-0.442,9060
-0.0689,7500
0.167,1195
0.0296,4610
0.283,973
-0.0467,6679
0.0339,4298
0.0347,4236
0.0687,2950
-0.131,9488
-0.0036,5247
-0.364,9534
0.19,2447
-0.0963,8963
-0.235,10582
-0.00428,5419
-0.319,10654
0.18,1252
0.0121,5091
0.0618,3027
-0.241,10305
0.117,2956
0.0779,3440
0.0345,4285
0.0875,3950
0.275,497
0.042,4613
0.0146,5087
0.15,3221
-0.142,8948
-0.0269,5943
0.268,507
-0.22,10098
0.197,1950
0.0471,3995
-0.0776,7412
0.0199,4420
0.133,1213
-0.0118,5600
-0.137,9388
0.498,1693
0.0237,4902
0.148,3200
0.204,651
-0.0191,5840
-0.0441,6831
-0.0428,5972
0.00895,5175
0.463,801
-0.00288,5883
-0.0714,7416
0.235,2672
0.00755,5082
0.283,2559
-0.0711,6142
-0.0212,6536
-0.0793,7111
0.139,2734
0.463,1154
-0.203,7314
0.183,1007
-0.087,8936
0.112,2720
0.226,1366
0.15,2198
-0.307,7951
0.589,314
-0.0287,5859
0.134,1262
0.0271,4809
-0.246,8223
-0.046,6446
-0.00775,5309
0.000257,5478
0.369,331
-0.283,10115
-0.000196,5207
-0.0469,5447
-0.132,9001
-0.243,9767
-0.00871,5332
0.0104,5198
-0.0622,7215
0.0137,4476
0.0703,3855
-0.0975,7822
-0.0296,7370
-0.0638,7081
0.18,2557
-0.209,6510
-0.0594,6506
-0.0992,8964
0.0381,3645
0.154,2898
-0.152,7081
-0.234,8494
-0.167,9194
-0.149,9503
0.0984,2529
0.129,1498
0.249,222
0.257,1170
0.0539,4286
-0.104,8803
-0.141,8026
-0.255,10057
0.24,1133
0.176,1452
-0.505,10457
-0.177,10037
0.19,1594
-0.0743,7434
0.0557,3556
0.164,1419
0.0281,4719
-0.0173,5946
-0.301,10535
-0.0727,6451
0.213,690
0.132,2789
0.0315,4294
-0.114,9060
-0.0187,6248
-0.00934,5809
-0.157,9287
0.505,208
-0.294,6597
0.276,433
0.0675,3081
-0.194,7075
-0.212,9856
-0.318,10843
0.176,2031
-0.0476,6657
-0.0136,5853
0.233,1204
-0.186,8192
0.0674,3052
-0.161,8878
0.317,175
-0.0205,6189
0.0961,3542
0.112,3802
-0.138,8061
0.358,109
-0.0781,7837
-0.31,9801
0.0764,2945
-0.11,7409
0.108,3245
-0.371,9997
-0.0799,7610
0.0259,4108
0.866,5
0.272,286
0.0767,3774
-0.514,9403
-0.0532,7105
-0.0398,7296
0.572,113
-0.105,8814
-0.135,5397
0.24,562
-0.0145,5847
-0.0127,5719
0.182,1176
-0.125,6274
-0.0269,6130
0.156,3270
0.0888,2603
-0.0617,6564
-0.279,9033
-0.0642,7318
0.59,1217
0.0478,4141
0.0359,4451
0.221,1805
-0.167,8649
-0.0544,7795
-0.0677,6963
-0.364,8583
0.0119,4933
-0.211,9959
0.0397,4231
0.205,649
0.356,749
-0.182,9759
-0.171,8743
-0.0993,9171
-0.175,9064
-0.126,8792
-0.601,10196
0.105,2952
-0.0404,6367
0.393,88
0.0303,4532
-0.0504,7481
0.0704,4046
0.0358,4267
0.0235,4553
-0.109,7053
-0.39,10156
0.072,3712
-0.226,7836
-0.0918,7774
0.0709,3849
-0.231,10021
-0.524,10947
0.0863,2691
-0.207,9895
0.073,1831
0.173,698
0.08,3444
0.189,1012
0.0407,3720
0.282,1104
0.108,2790
-0.298,10900
-0.111,9126
0.131,3439
0.111,1626
-0.274,9726
-0.0589,6715
-0.206,7911
0.254,503
-0.13,8332
0.0107,4877
0.18,1972
-0.0328,5376
-0.052,7364
0.233,2260
0.235,1545
0.00583,5058
-0.123,7813
-0.147,9003
0.123,1114
-0.0132,5873
0.117,3178
0.0793,3869
0.642,424
0.142,2883
0.241,50
-0.0624,8115
-0.355,8719
-0.106,8288
0.146,1997
0.0848,2873
0.125,2468
-0.0863,9008
-0.146,7746
-0.0159,4992
1.01,332
0.21,526
-0.0972,8113
-0.0463,7828
0.407,1443
0.00385,5445
-0.469,6475
-0.0352,5921
0.0833,3267
0.754,91
-0.147,8438
-0.176,8932
-0.391,10188
-0.149,8371
0.196,855
0.049,3801
0.191,1067
-0.159,8290
0.3,766
-0.142,9191
-0.0845,9247
0.247,1094
-0.194,10016
-0.182,7820
-0.254,8216
0.0877,2404
0.0208,4549
0.0417,3895
0.308,295
-0.06,6758
-0.15,8890
0.213,2605
-0.159,9558
-0.198,9777
-0.014,5625
0.0272,3823
0.135,3291
0.535,1739
-0.0712,7365
0.0957,3474
0.0668,3972
-0.273,9514
-0.0938,7834
-0.148,8526
-0.147,9703
0.183,1826
-0.0903,6783
-0.35,10939
-0.272,8743
-0.115,8225
0.126,1421
-0.106,8806
-0.0304,5433
-0.0371,6988
-0.123,7263
0.0187,4772
-0.0241,6431
-0.141,9694
-0.113,7115
0.177,1771
-0.349,9907
-0.281,10030
0.257,1543
-0.157,9367
-0.196,9755
-0.0655,6495
0.537,530
-0.328,9322
-0.166,8154
0.0438,3001
-0.155,7343
-0.0547,7126
0.138,3186
-0.222,10737
0.151,1580
-0.0261,6135
0.206,2167
0.261,1396
0.725,1886
0.357,1438
-0.0717,7448
0.0955,2486
0.087,3526
0.324,1527
0.504,455
0.29,1719
0.125,2203
-0.0573,7212
0.062,3908
0.119,3496
0.0703,3845
0.0122,5107
0.0395,4141
0.0505,2517
-1.02,10369
-0.0129,5283
-0.182,10718
-0.115,9921
-0.126,9078
-0.0847,8507
-0.152,8277
0.0526,4380
-0.111,7882
-0.209,9068
0.194,1004
0.0853,2983
0.115,2529
-0.361,9711
0.03,4601
-0.0368,6049
-0.0392,6613
-0.209,10416
0.0793,4041
0.0953,3057
0.0304,4923
0.135,3391
-0.0101,5568
-0.0911,7788
0.169,3163
0.382,1146
-0.103,7589
-0.0636,7869
-0.109,7712
0.318,823
0.414,2291
0.139,1955
0.162,1105
-0.0789,6362
0.0472,4478
0.185,2250
-0.0125,5426
0.108,3455
0.0823,2101
0.236,283
-0.0537,7226
0.0788,2728
0.145,1867
0.075,3945
-0.0782,6439
0.514,760
0.039,4067
0.014,4975
-0.0148,5694
0.518,893
-0.0702,7925
-0.27,9739
0.148,2311
-0.35,9235
-0.322,10908
-0.143,7037
-0.641,10891
0.246,1887
-0.119,9207
-0.0795,8473
0.0318,4034
-0.251,8572
-0.262,8247
0.0538,3976
-0.0388,6103
0.251,1051
-0.265,10238
-0.236,10610
0.127,3145
0.348,1209
0.122,670
-0.0282,6219
-0.241,9893
0.157,1717
-0.0422,4975
-0.237,9229
0.0551,3158
0.00996,4981
0.0987,3523
0.3,902
0.267,1140
-0.324,9988
-0.166,8664
-0.375,10151
-0.227,9656
0.507,127
0.124,1054
0.223,767
-0.0616,6594
0.0575,3644
-0.0911,7344
0.299,541
-0.191,6568
0.0818,2338
-0.0599,6479
0.119,2694
0.0465,3821
-0.113,7398
-0.002,5641
-0.524,10325
0.148,1348
0.162,1501
-0.15,8803
-0.193,9908
-0.0919,8143
-0.164,7313
-0.142,9449
-0.136,8639
0.296,604
0.266,736
0.124,3707
0.672,30
-0.0212,6152
-0.129,8070
0.272,2453
0.0939,3126
-0.0531,6654
0.112,2237
0.0484,3981
-0.204,10653
0.0792,3328
-0.212,6916
0.248,2396
-0.225,10547
0.048,3347
-0.0431,6546
0.101,2600
-0.177,9816
-0.0808,7829
-0.324,10220
-0.0573,6928
0.072,3461
0.246,2086
0.237,1402
0.402,89
0.0375,4628
0.0907,1874
-0.215,9758
0.112,2525
-0.397,8747
-0.132,8236
-0.0459,6431
-0.0879,6657
0.137,1631
0.0508,3804
-0.134,7284
-0.366,10660
0.129,2929
-0.131,9114
-0.0531,7451
0.135,3466
0.0686,3818
-0.17,9186
-0.00552,5552
-0.115,9295
0.0428,3416
0.164,3014
-0.0108,5613
-0.14,5636
0.0528,3397
0.293,505
0.152,2038
-0.088,6213
-0.117,8065
-0.244,10312
-0.0566,6646
-0.0677,8109
-0.378,11011
-0.112,6988
0.112,3546
0.257,1834
-0.129,8662
0.0679,3052
0.0405,4066
-0.167,8606
-0.138,8483
-0.105,7266
-0.111,7266
0.356,158
-0.0878,8646
0.274,1169
0.363,2046
-0.209,10572
-0.0742,8372
-0.135,8726
-0.0312,5336
-0.0333,6446
-0.139,10250
0.0261,4624
0.0567,2371
0.0256,4578
-0.046,7369
-0.0367,7107
-0.0896,7986
0.0626,3753
-0.0189,5891
0.136,2666
-0.137,7934
-0.00476,5333
0.433,419
-0.064,7220
0.163,2553
-0.197,7026
0.256,2827
-0.107,6623
-0.0776,7499
-0.375,9225
-0.134,8489
-0.148,10169
-0.194,9895
-0.094,7491
0.0661,3228
-0.139,8688
-0.0278,5173
-0.000445,5499
-0.175,9488
0.2,1651
-0.105,7244
0.104,3785
0.687,135
0.0197,4496
-0.126,8110
-0.102,8690
0.0126,5064
0.0227,4714
-0.0249,5751
0.0143,4721
-0.0676,8065
-0.0505,5999
0.197,2010
-0.215,8864
-0.0974,7734
0.128,1537
-0.00375,5549
-0.29,10424
-0.119,8420
0.141,3600
0.197,1727
-0.069,8052
-0.098,7767
-0.262,10247
0.037,4435
0.37,493
-0.445,10734
-0.0125,5651
0.0365,3808
0.00942,4886
-0.0617,5654
-0.119,6029
-0.04,6552
0.0937,3385
0.242,1352
-0.0589,6374
0.192,1422
-0.118,8346
0.47,1681
-0.0479,6063
0.0508,3817
-0.00881,5462
0.151,1616
-0.0577,6873
0.0988,2835
-0.204,10266
0.137,2837
0.0955,3491
-0.113,6455
0.0421,3851
-0.00899,5987
0.15,1527
0.132,1744
0.0725,3679
-0.122,8047
0.402,281
0.186,1127
-0.0482,6847
0.0607,4374
-0.527,8951
0.372,731
0.0217,4541
-0.215,9954
-0.0789,8868
0.183,2924
-0.51,10995
-0.102,8079
-0.137,10531
-0.601,8854
-0.0509,5768
-0.326,10149
0.284,1149
-0.0837,8149
-0.0208,5934
-0.112,7753
0.0864,3720
-0.113,5339
-0.0388,6639
-0.00579,5620
0.132,603
-0.12,8794
-0.3,10187
0.219,422
0.267,1497
-0.0949,8964
0.0156,4652
-0.327,9645
0.0909,2381
-0.0757,5325
-0.0985,7977
0.0769,3399
0.0502,4256
-0.388,10649
-0.096,7378
0.157,2120
-0.145,6938
0.271,931
0.219,2502
-0.0644,6487
-0.135,8626
0.194,2414
-0.233,10556
0.0225,5091
-0.0201,6196
-0.118,8682
0.132,3182
-0.221,8499
-0.136,8361
-0.0596,7111
0.443,7
-0.137,6297
0.616,141
0.319,634
-0.0109,5440
-0.319,10609
0.105,2437
0.165,2448
0.203,2651
-0.082,6403
-0.0248,5854
0.0151,4252
-0.144,9107
0.0224,4833
-0.399,10630
-0.219,9412
0.0883,3381
0.0333,4358
-0.0151,5600
0.156,2504
-0.282,9773
-0.066,6699
0.442,2139
-0.0622,7373
-0.19,9601
-0.352,10855
0.196,736
-0.015,5765
-0.135,9082
0.0967,2047
-0.0231,6126
-0.0687,7564
0.0908,3401
-0.229,9273
-0.282,7906
0.191,608
-0.138,9035
0.481,534
-0.0492,6139
0.00292,4707
0.265,1137
0.0524,2533
-0.213,9020
0.0797,3114
-0.00946,5911
-0.314,10496
0.686,33
-0.0481,6903
-0.00146,5358
0.36,1465
0.0513,4100
0.00599,5380
0.129,2636
-0.18,9890
-0.145,8743
0.0168,4421
0.0376,3868
-0.146,10176
-0.0338,6532
-0.099,9169
0.0374,3852
-0.123,7243
-0.595,10544
0.366,914
0.458,515
0.137,1709
-0.0623,7435
-0.0822,8091
-0.332,10455
0.134,2924
-0.048,6714
-0.204,10824
0.122,2109
-0.414,10958
-0.182,9071
0.128,2653
-0.171,7704
-0.0435,6190
0.013,4937
0.449,736
-0.14,7710
0.348,1481
0.273,313
0.00938,5235
0.074,2385
-0.213,9380
-0.116,7926
-0.0582,6997
0.0937,2277
0.208,380
0.136,1352
-0.27,9875
0.00849,5207
0.701,246
0.318,141
-0.0124,5901
0.109,2762
0.0484,3317
-0.166,9780
-0.0684,6655
-0.0327,5758
-0.0279,5766
-0.00898,5521
-0.233,10608
-0.21,9624
0.268,1116
0.167,2009
-0.274,8861
0.0252,4137
-0.246,9566
-0.037,5980
0.136,1931
-0.0231,5713
-0.515,10597
0.126,1449
-0.12,9574
0.19,1593
-0.184,9430
-0.0506,6686
0.151,1546
-0.116,9303
0.0354,4339
-0.239,9129
0.504,225
0.396,1954
0.0227,4860
0.0927,2942
0.0647,3476
-0.0366,6644
-0.00443,5238
0.109,2850
-0.00787,5155
-0.168,8025
0.24,1475
-0.287,10652
-0.0983,7826
-0.228,8941
-0.188,7732
0.0685,3733
-0.0484,7235
-0.136,9314
0.113,2552
0.00655,4938
-0.135,8332
0.204,2691
0.123,1713
0.0423,4071
-0.0429,6584
-0.0197,5695
-0.0129,5493
0.0102,4525
0.0389,4342
-0.0479,7220
-0.157,8906
0.182,1136
-0.151,8600
0.066,4547
-0.0684,7939
-0.264,10754
0.0159,5135
0.097,3675
-0.0747,6482
0.491,628
-0.0991,7484
-0.131,9519
-0.353,10606
0.0673,3712
-0.163,9089
0.163,2428
0.152,2019
0.139,1495
0.0761,3600
0.272,1211
-0.0902,7788
-0.4,9421
0.191,566
0.0604,3088
-0.205,8276
0.366,487
-0.362,8741
-0.236,7411
0.0338,4051
0.0271,4485
-0.0775,6931
0.053,3731
-0.0345,5902
-0.391,10033
-0.138,10014
-0.0941,7809
0.0637,3402
0.302,1312
-0.0946,7960
-0.14,6486
0.0923,1642
0.147,1377
-0.432,10680
0.256,981
0.0463,3992
0.394,1069
-0.0288,6585
0.00527,5439
-0.0239,5539
0.142,1256
-0.121,7918
-0.252,9673
-0.213,8452
0.0772,3895
0.318,1172
0.335,892
-0.437,10039
0.109,2755
-0.174,10031
-0.141,9858
-0.353,7244
0.447,652
-0.00775,5114
-0.0443,7253
-0.0835,9488
-0.029,6530
0.139,2119
0.0233,4973
0.543,882
0.203,1804
0.0131,4818
0.000254,5131
0.095,3804
0.0693,3915
-0.154,7330
-0.273,10118
-0.0437,6334
0.00557,5118
-0.173,8407
-0.693,10325
-0.0736,7245
-0.115,8224
-0.0113,5873
0.00043,5373
-0.693,10615
-0.0399,6452
0.272,1257
-0.00274,5397
0.0482,4375
-0.0437,7067
0.188,1708
-0.18,9548
-0.162,8443
0.282,690
-0.129,10088
-0.287,10635
-0.242,9466
-0.0408,5720
0.0618,3951
0.0723,4295
-0.752,10007
-0.0791,9030
-0.318,10111
0.0178,4846
0.0506,3885
0.165,2668
0.457,140
0.0852,3679
-0.303,9160
-0.03,6146
0.347,622
0.0193,4880
-0.114,8576
-0.257,10872
-0.103,6850
-0.32,10691
-0.0346,5915
0.128,2921
-0.14,8450
-0.0883,7791
0.192,1859
-0.158,8349
0.964,429
0.0955,3958
0.076,3733
-0.266,9257
-0.0586,7107
-0.345,10962
-0.147,8845
0.105,3164
0.00826,5156
0.00901,4964
-0.161,8925
0.251,1137
0.162,2397
-0.0167,5523
-0.141,9714
-0.0103,5476
-0.343,10084
-0.101,8353
0.312,316
-0.112,7296
-0.0898,10120
0.0877,3407
0.262,1265
-0.113,7716
-0.0465,6181
0.0152,4811
0.181,1389
-0.00524,5592
-0.302,10778
-0.0708,7943
-0.0937,7110
0.0455,3996
0.0595,4118
0.0052,5033
-0.287,10449
-0.0471,6979
-0.094,6319
0.325,948
-0.119,7104
-0.243,10265
-0.241,9786
0.694,44
0.247,834
-0.0749,7242
0.0193,4687
0.0834,2669
-0.351,10408
-0.013,5418
-0.328,10650
-0.252,9526
-0.0489,6706
0.00127,5264
-0.172,9438
-0.022,6049
0.69,453
-0.443,10960
0.000549,5292
0.183,1550
0.158,2301
-0.331,10697
0.595,314
-0.15,9113
0.103,2295
0.131,553
-0.113,7716
-0.103,7612
0.202,1814
-0.206,7884
0.287,1148
0.324,267
-0.108,8429
0.506,1497
-0.112,7023
-0.119,7253
0.175,1045
-0.0313,5959
0.417,525
0.263,466
-0.124,8591
-0.225,10029
-0.0952,8375
0.0851,1887
0.14,2603
0.0972,2891
0.679,258
-0.248,8721
0.178,845
-0.0231,5626
0.0408,3929
-0.134,8388
-0.172,10514
-0.00191,5243
-0.311,10683
-0.168,8388
-0.121,8743
-0.0632,7496
0.0122,5081
-0.154,7495
-0.0729,7494
0.395,1049
0.0862,3321
-0.00464,5232
-0.182,9202
0.352,740
0.156,1756
0.023,4030
-0.0498,7033
-0.26,9429
-0.0695,6194
-0.0222,6616
-0.0247,6675
-0.108,7839
-0.103,7553
-0.0325,6248
-0.149,7437
-0.0361,5739
0.035,3810
-0.0192,6182
-0.0439,5987
0.144,1798
0.217,1621
-0.0719,7575
-0.00752,5995
-0.019,6314
0.0903,3934
-0.0616,5123
0.0501,3268
0.215,1103
0.147,1193
-0.0114,5657
-0.378,8604
-0.324,9435
0.3,990
0.0286,4722
-0.0533,7657
-0.154,9320
-0.0671,7001
-0.0128,5471
-0.0221,5350
-0.0896,7804
0.033,4320
-0.161,9174
-0.129,10244
-0.265,10006
0.295,731
-0.0737,6483
-0.149,10291
0.211,1607
-0.0441,6628
-0.319,9681
-0.276,8397
0.092,2245
0.177,1724
-0.104,8550
0.17,1570
-0.195,9617
0.148,1870
-0.0979,8580
-0.174,8216
-0.0328,6065
-0.166,10079
-0.078,6018
0.305,1147
-0.138,9277
-0.0823,7592
-0.173,8406
0.226,1547
-0.0973,8043
0.319,159
-0.109,8489
-0.0444,7155
-0.239,8792
0.251,1515
0.981,14
-0.00897,5424
-0.024,6946
0.149,1710
-0.107,8082
-0.0254,6415
-0.0449,6794
-0.00334,5301
0.0249,4487
-0.171,9119
-0.107,8014
0.508,117
0.379,411
0.191,1190
-0.162,7831
0.242,1141
0.0675,2765
0.337,256
-0.164,9123
-0.458,10603
-0.223,10661
0.0315,4424
-0.101,8592
0.0935,3602
-0.0928,7380
0.544,111
-0.06,7034
0.0234,4627
-0.0176,5783
0.346,1625
-0.129,6766
0.465,965
-0.11,8159
-0.18,9832
0.212,1811
0.272,754
0.176,1392
0.464,403
-0.0383,7335
0.0114,5314
-0.196,8892
-0.0722,8301
-0.358,10797
0.325,655
-0.0533,6853
-0.107,8210
0.0334,4468
0.178,2028
0.462,1037
-0.216,9699
0.168,868
-0.304,10669
-0.123,8473
-0.151,7517
-0.336,7968
0.55,1223
-0.0239,6545
0.174,3107
0.183,1567
-0.0214,5823
-0.414,10710
-0.465,7872
0.0285,4450
-0.0443,5539
-0.0692,6389
0.104,2248
-0.372,10283
0.291,1196
0.152,1158
0.303,910
0.0248,4448
-0.0947,7175
0.201,1187
0.295,298
0.0153,4775
0.0319,4142
0.383,997
0.472,88
-0.148,7982
-0.367,9878
0.264,631
-0.0068,5567
0.0661,3634
0.107,3185
-0.0244,5866
0.178,1827
0.0952,2016
-0.13,8614
0.00268,5382
-0.0612,7932
-0.0872,6510
0.135,3068
-0.226,10484
-0.145,9417
0.0792,3332
0.248,751
-0.061,6828
0.25,2566
-0.00684,5658
0.0353,4031
-0.129,8720
-0.28,9846
0.0625,3756
0.663,99
-0.179,9800
-0.114,8845
-0.179,9084
-0.0569,5966
-0.0616,6823
0.423,776
-0.108,8206
0.0436,3515
-0.164,8330
0.129,2871
0.204,2874
0.171,2794
-0.0644,7935
-0.215,9783
0.625,401
-0.0522,7080
0.311,740
-0.11,8503
-0.109,8390
-0.0344,6572
-0.124,8419
0.152,2368
0.269,1883
-0.0874,7184
0.0443,4048
-0.119,9328
-0.018,5892
-0.153,9410
-0.102,7039
0.0828,2612
-0.0266,5534
-0.0578,7240
0.0389,3854
-0.237,9842
0.0518,2985
-0.16,9053
-0.191,9980
-0.00454,5333
0.426,710
0.106,2374
0.393,1339
0.133,2985
0.0382,3630
-0.087,8607
0.0819,3319
0.0658,3545
-0.0261,6395
-0.0606,6228
0.231,674
-0.144,9681
-0.135,7907
-0.15,8165
-0.0536,6698
-0.258,10214
-0.267,10451
0.176,377
-0.12,8722
-0.061,7044
0.278,2132
0.0363,4236
-0.0851,8525
0.28,900
-0.112,7518
-0.0611,7168
0.0507,4315
0.0194,4838
-0.261,10753
-0.0454,7881
0.0549,3748
0.000803,5548
-0.087,7008
0.305,794
-0.0219,6029
-0.0302,7259
0.111,3354
0.179,2067
-0.012,5361
-0.237,6667
-0.175,9701
0.044,4252
0.358,966
0.00977,5030
-0.119,8797
-0.0364,5895
-0.278,10241
0.176,830
-0.00298,5352
-0.217,10301
-0.251,9820
1.73,564
-0.085,6230
0.109,2682
0.097,3427
-0.341,10851
-0.0504,5729
-0.237,9143
0.224,858
0.0953,1876
0.219,1870
-0.251,8345
-0.246,10143
-0.0935,7212
-0.0982,8832
-0.212,10439
-0.0227,6292
-0.274,9219
0.207,1618
-0.342,8391
-0.0576,7903
-0.2,10502
-0.193,7607
-0.272,9981
-0.168,7352
-0.05,5751
-0.0864,7600
-0.0855,8644
0.0254,4336
-0.0871,8371
0.312,731
0.0905,4058
0.0941,3020
-0.0916,6801
-0.15,7612
-0.128,7964
-0.187,8574
0.0721,3684
-0.107,7919
0.0371,3768
-0.3,10762
0.239,903
0.231,1322
-0.0792,6487
0.135,1490
-0.109,10106
-0.23,10483
-0.422,10365
0.0553,4240
0.0541,3881
0.159,90
-0.0972,8565
0.00588,5133
0.0879,3178
0.322,512
0.452,431
-0.113,8830
-0.202,10030
0.0577,3654
0.074,2463
0.117,2810
0.111,2541
-0.0696,7597
-0.0364,6519
-0.0218,5891
-0.127,6707
0.0887,3472
0.0313,4207
0.0482,3654
-0.0937,7003
-0.607,10754
0.0127,4933
0.27,2389
0.264,2069
0.0397,4399
-0.00609,5563
-0.157,8598
-0.176,9311
0.593,1422
-0.0022,5363
0.107,3328
0.0972,2605
-0.229,10516
-0.126,8504
-0.346,9586
0.0347,3762
0.135,1379
-0.138,9506
-0.0189,5928
0.514,242
0.361,1172
-0.194,7928
-0.129,9688
0.429,51
-0.02,5496
0.155,2265
0.0116,4881
-0.0411,6505
0.19,1991
-0.0311,6839
0.0178,4836
-0.00761,5586
0.537,194
-0.00306,5160
0.058,2688
-0.0136,6110
-0.0984,7105
0.136,2660
0.00477,5167
0.404,897
-0.198,10327
-0.0119,5911
0.318,356
-0.525,10779
0.0979,3738
0.357,11
-0.0224,6135
-0.022,6219
-0.0999,9421
0.0652,3866
-0.116,8483
0.217,2968
-0.193,9393
0.211,738
-0.0286,6035
-0.143,10070
0.109,2682
-0.00147,5403
0.0295,3300
0.0995,2134
0.213,1353
-0.0416,6489
0.205,2686
-0.45,10741
0.284,718
0.0465,3812
0.00868,4998
-0.17,7995
0.122,1453
-0.212,7520
0.0324,4562
0.15,1074
0.19,861
-0.309,10644
-0.233,9724
-0.328,9553
-0.0902,9489
-0.00775,5523
0.201,1093
-0.0762,6554
-0.0939,7345
0.633,276
-0.257,9747
-0.131,9526
-2.39e-16,10233
