coef,rank
0.336,1284
-0.0395,6295
0.0344,4249
0.0817,3912
-0.444,7052
-0.00311,4715
-0.301,8292
-0.255,10515
0.336,53
0.321,501
0.444,198
-0.0913,6941
0.559,13
0.0577,3103
-0.0746,7723
0.823,11
0.071,4207
-0.617,10647
-0.109,9678
-0.0398,7830
-0.0104,5609
-0.0485,6912
-0.0626,5912
0.251,2180
0.0368,4370
-0.151,8426
0.0655,3999
-0.385,10737
-0.103,9146
-0.259,6920
-0.00568,5445
-0.166,9824
0.25,1389
-0.337,9204
-0.228,9650
-0.307,9940
-0.0912,8114
0.144,818
-0.125,8531
-0.245,8887
-0.0406,6212
-0.293,10262
-0.0369,6622
0.212,41
0.0974,3223
0.123,2225
-0.252,9780
0.0696,3791
-0.0723,8779
-0.0244,6773
0.262,1455
-0.0742,7719
0.69,39
-0.256,9775
0.229,1339
0.134,1084
0.0508,3688
-0.0998,6636
0.208,2793
-0.12,7280
-0.123,9999
0.277,211
-0.217,9113
-0.287,10185
-0.0554,7548
-0.248,11014
-0.148,9018
0.0226,4596
-0.0239,6208
0.135,1524
0.0554,3870
-0.673,10621
0.0933,2534
-0.0399,6509
-0.144,8879
-0.0257,5682
0.223,2658
-0.0822,8190
0.283,357
-0.0679,7659
-0.0476,7082
0.142,2134
0.103,4041
-0.622,10951
0.118,1652
-0.0523,7063
0.0847,3347
-0.137,7689
0.0947,3028
-0.0959,6634
0.0731,2785
0.0225,4301
0.0642,3909
-0.144,8324
-0.115,7014
-0.18,8337
-0.141,7977
-0.0739,7936
0.371,1205
-0.0375,7292
-0.29,10598
-0.285,10403
-0.261,10871
-0.1,8486
-0.0122,5563
-0.252,10066
0.104,3622
0.0177,4886
0.185,2046
-0.28,10464
-0.0363,5934
-0.0364,6190
-0.458,9226
0.374,867
0.0635,3281
0.0386,3785
-0.0662,6622
0.156,1812
-0.0149,5954
0.0479,4285
0.169,1858
0.0578,3078
-0.0359,6793
-0.155,10124
0.0318,4735
0.193,3062
-0.0171,5986
-0.467,10985
-0.289,10147
-0.193,9375
0.00781,5164
-0.114,7592
0.275,188
-0.059,7291
-0.226,8905
0.225,465
0.203,3304
-0.373,9515
-0.0222,6020
0.0395,4148
-0.094,7039
0.148,1044
-0.0192,5588
-0.105,7926
0.301,483
-0.0473,6971
-0.258,9307
0.104,3053
-0.00765,5851
0.524,320
0.0219,4657
0.0203,4668
-0.585,7533
-0.301,10476
-0.113,6466
0.146,2279
0.0386,4179
0.374,226
-0.0328,5827
-0.026,6020
-0.129,8746
0.265,432
0.238,1174
0.0102,4808
0.0418,4130
0.162,2142
-0.123,9285
0.0603,3109
0.342,569
-0.0187,6106
-0.219,9856
-0.298,9227
-0.00211,5282
-0.116,9196
-0.052,8387
0.218,677
0.184,765
-0.0335,6087
-0.0907,6209
-0.075,8654
-0.135,9315
-0.277,10455
-0.292,10713
-0.103,8114
-0.039,6675
-0.0235,6640
0.0513,3737
0.0478,4018
0.0188,4741
0.0318,4430
0.393,1893
0.305,145
0.148,1411
-0.103,10126
0.185,886
0.322,641
-0.0721,5979
-0.187,10108
0.0351,4598
0.0376,4474
-0.0401,6991
-0.184,8652
-0.0024,5053
-0.0738,6388
0.0775,2323
-0.0679,7415
-0.14,8492
0.00471,4982
-0.489,11029
-0.0238,5949
-0.186,10220
0.0238,4325
-0.111,8409
-0.079,6839
0.268,1413
0.578,48
0.0757,1857
0.0269,4615
0.0314,4487
-0.0644,6930
0.019,4702
-0.494,10792
-0.293,10481
0.0798,2538
-0.0402,7200
-0.177,8471
-0.354,10144
0.0193,5070
0.0149,4884
-0.0718,8376
-0.0659,8203
-0.199,9508
0.198,1713
-0.145,8544
-0.334,10204
-0.143,10710
0.201,1441
0.283,898
-0.144,7430
-0.13,7890
-0.112,7301
-0.302,6060
0.148,3407
-0.0243,6090
0.215,1134
0.109,3195
0.0756,2806
0.0148,5106
0.0191,4944
-0.271,10652
0.813,1767
-0.39,10371
-0.104,9060
-0.0585,7934
-0.238,8690
0.0544,4492
0.0145,4848
-0.349,8474
0.0832,3125
0.0399,3990
-0.119,8719
-0.0291,6311
-0.162,9056
0.0638,3931
-0.0181,5932
-0.0403,6246
0.0974,3572
0.133,2313
-0.137,8914
-0.303,9916
-0.0522,6932
-0.0377,7329
0.0942,2713
0.191,1609
0.309,975
-0.185,9648
0.335,330
-0.165,8232
-0.095,7586
-0.0362,6092
0.00539,5345
0.267,521
-0.00476,5386
-0.0402,6402
0.0691,3760
-0.425,10816
-0.14,7810
-0.146,8885
-0.0632,8206
-0.000121,5425
-0.0651,6455
-0.215,8949
-0.41,10793
0.0302,4638
0.115,1598
-0.284,10974
0.874,84
0.0624,3532
0.404,843
0.0483,4183
-0.198,9866
0.135,1670
0.00194,5207
-0.12,7714
0.308,566
-0.265,8776
-0.015,5927
0.167,2118
0.237,661
0.122,3476
0.242,1898
-0.0213,5734
-0.258,10984
0.183,1224
-0.0493,6856
-0.19,7573
-0.261,9440
-0.00203,5471
-0.0642,6253
0.209,2312
-0.184,8367
0.158,2054
0.0629,3976
-0.41,9626
-0.139,9817
0.00869,5114
0.0911,2638
-0.167,9175
-0.0771,8396
0.0141,5001
-0.0513,7438
-0.108,8733
-0.0737,6578
0.164,2535
0.0117,4974
0.14,3410
0.271,195
-0.0815,8396
-0.192,10401
0.171,1063
-0.0227,6096
0.875,8
0.0883,2412
0.0695,4214
0.133,3262
-0.129,10191
-0.228,10960
0.217,1421
0.0883,2659
0.0026,5274
-0.926,10186
-0.34,8243
-0.954,9755
-0.351,7207
-0.533,10651
-0.389,8336
0.125,3183
0.0357,4675
0.0924,3123
-0.135,8434
-0.0446,7566
0.0194,4121
-0.0539,4721
-0.35,10590
-0.169,8524
0.189,2331
0.0825,3588
-0.00889,5828
0.232,2294
0.186,1906
-0.0556,7125
0.169,1948
0.303,1199
0.171,974
0.0719,3740
-0.435,10705
-0.279,9595
-0.18,7120
0.18,1921
-0.183,10363
-0.0972,6637
0.00828,4935
0.711,23
-0.324,8795
0.311,259
-0.153,9455
-0.0111,5573
-0.0501,6358
1.17,135
0.0626,3900
0.117,1817
-0.0635,7094
-0.0982,7912
-0.174,7622
-0.193,9498
0.153,3078
-0.224,9944
0.0657,3153
0.494,952
-0.0917,7994
-0.389,10796
-0.226,10183
0.46,39
-0.216,10447
0.628,26
-0.0586,6289
-0.157,8348
0.364,2008
-0.0112,6671
0.204,796
-0.155,8581
0.241,2154
-0.144,8177
-0.327,10505
0.000136,5478
-0.00479,5674
-0.0614,10699
0.212,1260
-0.0227,5492
-0.187,9548
0.19,2838
-0.253,11000
-0.306,10188
0.00442,5006
-0.0711,6521
-0.337,8980
0.0421,4603
-0.0071,5742
0.105,2667
0.76,27
0.176,2208
-0.0288,6145
-0.132,9598
-0.0615,7585
0.275,949
-0.0769,7132
0.0801,3821
0.155,1524
-0.393,10552
0.0596,3602
-0.0224,6448
-0.405,7160
-0.15,7280
-0.171,8425
-0.245,8368
-0.114,9117
-0.087,7303
0.0782,3986
-0.0255,5252
-0.344,10351
-0.452,10396
-0.363,11017
0.258,2004
0.102,3820
-0.151,9151
-0.303,9475
-0.154,8886
-0.0729,8577
0.0585,2821
0.428,366
0.0875,3487
0.201,1335
-0.111,8524
-0.238,10886
-0.0341,5763
-0.141,8006
-0.269,9548
-0.118,8387
-0.272,9717
-0.0494,6562
-0.0327,6486
-0.108,7371
0.123,2668
0.00156,5289
-0.176,9463
-0.118,8210
-0.0836,7635
-0.295,10849
0.0854,4320
0.0226,4381
0.205,1267
-0.0469,7028
-0.215,8271
-0.00552,5655
-0.0117,5443
0.0764,3981
-0.154,9318
0.174,1104
0.0312,4293
0.272,326
0.0881,2774
-0.139,8821
0.0705,3483
-0.062,10278
-0.021,6144
-0.0213,6192
-0.512,10620
-0.00093,4934
0.229,613
0.0257,4459
0.143,1306
0.194,1504
0.0692,3589
0.0917,4125
-0.275,10523
-0.0679,8476
-0.104,9005
0.676,344
-0.07,7252
-0.0614,5563
-0.365,10637
-0.191,8203
-0.0484,7469
-0.291,8265
0.0307,4719
-0.0877,6344
-0.284,8919
-0.0181,5918
-0.0748,8017
0.204,667
-0.0712,7619
-0.337,9959
0.123,2552
-0.106,8879
0.00186,5315
0.693,903
-0.179,8075
0.312,1631
0.0416,4504
-0.105,8914
0.0956,3025
-0.169,8783
-0.208,9816
-0.128,8521
-0.252,9229
-0.00578,5380
0.101,1380
2.39,125
-0.163,6082
0.131,4023
0.0281,4804
-0.0499,6930
-0.226,9020
-0.0447,6696
-0.0682,6671
-0.234,9699
0.0734,3535
-0.198,10070
0.637,19
-0.0829,7654
0.299,449
0.226,2864
-0.202,7068
0.045,3908
0.411,356
0.000469,5057
-0.231,9954
-0.0813,7129
-0.0123,5411
-0.0564,6788
-0.0482,6105
0.127,2373
-0.073,7568
-0.164,8525
0.261,1011
-0.102,8686
0.0148,4909
0.0707,3611
0.0657,3534
-0.00879,5331
0.297,62
-0.258,10780
-0.153,8054
0.849,1
-0.192,9509
0.485,102
-0.0726,7108
0.128,2103
-0.0766,8493
-0.285,8547
0.178,1381
0.116,2906
0.056,4592
0.326,161
-0.0402,6363
0.0192,4734
0.054,3579
-0.0584,7482
-0.0543,6463
0.00852,5088
0.402,42
0.089,3224
0.175,870
-0.405,10277
0.54,627
-0.0392,7505
-0.0858,7297
-0.0547,6207
-0.0353,6262
0.387,374
0.138,2080
0.137,2161
0.0326,4422
0.0526,4332
-0.0568,6050
-0.00125,5501
-0.0847,6884
0.0283,4330
0.211,450
0.401,1001
-0.0931,9115
0.223,2593
-0.506,9753
0.133,2034
-0.216,10459
-0.17,8911
-0.128,8623
-0.0944,6568
-0.448,10965
0.072,3309
-0.214,10689
-0.0813,8877
0.105,2582
-0.0879,7793
0.0463,4275
0.134,1725
-0.172,8225
-0.087,8373
0.0954,3782
-0.316,7539
-0.112,8918
0.2,300
0.000178,5418
0.225,572
-0.204,9084
0.0435,4343
-0.0784,8343
-0.0419,7732
-0.002,5251
-0.157,7939
-0.154,8114
-0.248,9149
0.0709,3834
-0.0247,5774
-0.198,8607
0.0392,4309
0.0623,4203
-0.0533,6776
0.278,92
-0.168,9881
0.126,2994
-0.158,10140
0.0448,4449
0.26,1479
-0.0206,6634
0.359,1953
-0.684,9919
-0.584,7379
0.241,2544
-1.06,11001
-0.161,7639
-0.122,7825
-0.0989,8642
0.083,3437
-0.105,8887
0.0184,4351
0.232,1822
-0.112,6643
-0.287,8476
-0.0639,7646
0.114,2431
0.0821,2700
-0.0577,6438
0.164,1460
0.129,3217
0.0744,2911
-0.0655,7210
-0.151,8661
-0.0439,5478
-0.343,10509
0.21,1573
0.0996,3450
0.0248,4516
-0.00758,5867
0.482,562
0.0499,3810
-0.0888,7242
-0.0593,6453
0.0675,3373
-0.247,9445
0.0241,4905
-0.0936,5754
-0.141,8558
-0.115,7398
-0.0862,7673
0.194,1076
0.353,809
-0.0363,5899
-0.105,7272
-0.255,9307
0.0241,4710
-0.248,10498
0.167,2103
0.0445,4297
-0.164,8164
0.538,128
0.13,2179
-0.262,10609
0.0928,2393
-0.0387,6191
-0.828,10938
-1.19,10341
0.0266,4606
0.0597,2934
0.0505,3762
-0.0188,5801
0.129,811
0.0402,4743
-0.0414,6332
0.118,1931
0.0473,4330
-0.206,9081
-0.202,9084
-0.0784,7079
-0.0998,7491
-0.168,10127
-0.0239,5773
-0.111,7011
0.0758,4427
0.113,3693
0.153,925
-0.0119,5930
-0.173,8778
0.133,2051
-0.0203,6072
0.0422,4582
-0.181,9151
-0.0394,6431
0.613,10
-0.162,9772
-0.372,8913
-0.896,10651
-0.0691,7739
0.0546,3353
0.0867,2872
-0.134,8725
-0.135,8355
-0.0535,5907
0.122,1791
0.329,236
-0.175,9254
0.0352,4646
-0.203,9811
0.168,1095
-0.0468,7105
-0.107,9632
0.122,2168
0.0295,4618
0.0722,2531
-0.16,8938
-0.0656,6507
0.271,117
-0.184,9197
-0.00266,5248
0.0636,4057
0.161,3182
0.00345,5260
0.325,754
0.111,2626
1.13,42
-0.202,8482
-0.121,8130
-0.106,9058
0.431,890
0.486,1097
-0.418,10838
-0.0951,6959
0.263,1348
-0.107,8768
0.231,1263
-0.185,8318
0.126,1379
0.416,1893
-0.159,7307
0.231,1274
-0.301,11026
-0.0288,6250
0.119,3240
0.146,1818
-0.135,7108
-0.0335,6419
0.204,828
0.0828,343
0.00266,4720
-0.00519,6033
0.0275,1186
0.0333,818
-0.432,6727
0.172,1978
-0.419,8637
-0.463,7853
-1,9710
0.0937,3078
-0.15,8366
0.084,4077
0.0896,3673
0.424,1485
0.121,2027
-0.208,9068
9.02,5
0.118,2675
-0.146,7773
0.0166,4548
-0.228,10144
-0.0777,7198
0.229,2331
-0.304,9902
-0.32,8825
-0.101,6957
-0.0741,7195
-0.0109,5487
-0.544,8765
0.646,213
-0.228,9341
0.2,3454
-0.0513,6565
0.286,414
-0.0408,6016
0.376,236
0.0192,4922
-0.0523,7352
0.403,579
-0.0776,6447
0.122,2442
0.119,3556
0.136,2559
0.0856,2503
0.126,465
0.35,319
0.0801,3091
0.00183,5517
0.121,3483
-0.0436,6067
-0.0779,7551
-0.204,8976
-0.16,9002
-0.108,7954
0.0475,3997
-0.0914,8734
-0.00256,5316
0.131,2242
0.038,4043
0.0494,4317
-0.232,8075
0.256,889
0.0249,4247
-0.0812,4515
0.0824,2970
-0.273,9617
0.16,2327
-0.0205,6065
0.23,1167
0.443,554
-0.0422,7211
-0.114,6781
0.125,2072
0.0319,3982
-0.056,7106
0.146,1702
-0.0127,5513
-0.00878,5364
0.148,3188
0.206,403
0.347,24
-0.363,9009
-0.0634,6404
0.00848,5147
0.36,422
0.00577,5006
0.0483,3760
0.0693,3838
-0.938,8959
0.159,1293
1.56,125
0.106,2640
-0.0592,7996
-0.184,8062
0.379,84
0.0794,4051
0.184,232
-0.0954,8572
0.0801,2813
0.407,2281
0.482,2544
0.627,2062
0.314,1191
0.0187,4934
-0.00197,5301
-0.754,10836
-0.266,10575
-0.167,10015
0.0568,4002
-0.0522,6710
0.15,2276
0.101,3174
-0.194,9815
0.0715,3714
-0.177,9782
0.0283,4517
-0.166,8146
-0.127,8886
-0.316,10033
-0.139,8179
-0.285,10403
-0.187,9740
-0.225,7836
0.263,1866
-0.227,9941
0.253,1386
-0.0608,6935
-0.19,9888
0.0175,4971
0.0792,3185
-0.0474,6260
-0.212,10792
-0.022,6061
-0.0745,9528
0.292,884
-0.105,8110
-0.0271,5692
0.149,495
0.0464,4509
0.101,2008
2.68,2
0.375,740
0.447,766
0.901,6
0.13,1025
-0.384,10911
-0.316,8141
-0.0736,7089
0.325,210
0.122,3634
-0.135,9553
-0.0714,6993
-0.32,9510
-0.191,9308
-0.349,10773
0.0855,3890
-0.0644,8494
0.0975,2517
0.0876,3857
-0.0703,7699
-0.143,7593
0.111,3725
0.159,2667
1.11,5
0.181,1861
0.149,2351
0.142,1167
-0.119,7682
0.63,605
0.227,1958
0.416,1197
0.0179,4696
0.00803,5074
0.12,2523
-0.12,6710
-0.177,6893
-0.723,9526
0.0124,4827
0.587,14
-0.443,9910
-0.0179,5727
0.0436,4628
-0.125,8878
-0.0442,7272
0.0862,2000
0.0465,3195
0.0485,4375
0.263,123
0.014,4835
0.0671,3074
0.0511,3710
0.0315,4837
0.2,839
-0.256,9123
1.02,53
-0.0339,6304
-0.0135,5965
0.0892,3326
-0.0313,6217
0.0808,3630
0.303,1186
0.021,4966
0.205,880
-0.228,9526
0.359,996
-0.0152,5538
-0.168,9175
0.237,694
-0.432,10542
0.412,500
-0.273,10887
-0.0129,5581
0.131,2058
0.00923,4753
0.486,395
-0.00734,4329
-0.269,7903
0.0474,4234
0.0325,4162
0.0184,4915
-0.152,7953
0.145,1941
0.088,4227
-0.261,10906
-0.0579,6615
0.269,44
0.00155,5250
0.0716,4234
-0.23,6745
-0.532,10901
-0.222,8429
-0.118,8639
0.48,344
-0.0301,6085
0.145,2847
-0.139,7304
-0.0537,7102
0.144,1661
-0.459,10004
0.345,510
0.178,2163
-0.24,8214
0.226,538
0.287,449
-0.256,9572
0.182,1709
0.173,2586
-0.113,6680
-0.16,8923
-0.408,11029
-0.313,10794
-0.0803,6626
0.199,447
-0.255,6748
0.0275,3988
0.0788,3317
-0.178,8719
-0.172,8221
0.33,1515
0.0812,3468
-0.373,10809
0.051,4419
-0.0879,6725
0.157,1800
0.111,1403
-0.0183,5649
0.00136,5364
-0.159,9635
-0.147,9635
0.0108,5061
0.0679,3757
0.0978,3478
0.0815,2299
0.0306,4318
0.00209,5018
-0.0442,6384
0.309,231
0.178,2305
-0.0785,7637
0.012,5014
-0.193,6621
-0.00815,5333
-0.209,9700
-0.0133,5388
-0.0611,7063
-0.098,8366
-0.298,10156
-0.134,9154
0.46,2485
-0.0389,6022
-0.131,8739
0.383,228
0.107,1717
-0.299,9864
0.0273,4439
-0.0951,7293
-0.102,8541
0.382,1157
-0.476,10889
0.119,2964
0.00807,5040
0.0154,4607
0.0579,3642
0.15,2463
0.405,698
-0.0956,7813
0.123,1864
0.0377,4201
0.179,847
-0.252,10824
-0.159,7980
0.106,3803
-0.138,10241
0.181,693
1.54,0
0.0316,4188
0.127,3450
0.192,2062
-0.308,10108
0.148,1929
-0.0242,5852
-0.201,9262
-0.465,10075
-0.105,6874
-0.0712,7904
-0.274,10965
-0.279,9867
0.361,323
0.119,2789
-0.131,7001
-0.0035,5330
-0.0144,5900
-0.00339,5078
0.0972,3476
-0.341,10268
0.0701,4193
0.0193,4730
0.0752,3232
-0.00658,6007
-0.0525,6332
0.00819,4962
-0.127,6917
0.0857,1494
0.105,3126
0.242,1387
-0.28,8167
0.0392,4183
-0.104,7768
-0.14,8875
-0.158,10001
0.00449,5273
0.0324,4448
1.27,458
-0.369,10385
0.0419,3755
-0.000837,5614
-0.219,9031
-0.117,7076
0.0903,3190
0.0584,3610
-0.0758,7876
0.243,509
-0.295,9721
-0.0849,7440
0.0418,4226
0.472,1915
0.345,735
-0.0379,5623
0.273,658
-0.113,8080
0.182,243
0.0342,4439
0.0152,4897
-0.28,9860
-0.262,10228
-0.106,8280
0.8,1952
0.594,177
0.0628,2882
0.189,948
0.0796,2955
-0.455,10956
-0.0816,6737
-0.196,8169
-0.24,10745
0.021,4749
-0.36,10269
-0.143,8179
-0.0293,5887
-0.0753,7165
-0.00152,5196
0.0622,3758
-0.0212,5554
0.304,1514
-0.171,9320
-0.00667,5622
-0.153,8274
-0.0355,6060
-0.122,7645
0.0532,3887
0.126,2386
-0.0663,8727
-0.0722,7767
-0.13,8292
0.0282,4416
0.201,2559
-0.239,10718
0.124,1529
0.145,1107
-0.219,10676
-0.394,9632
0.105,3085
-0.2,10187
-0.206,10435
0.326,743
-0.333,8857
0.805,6
0.191,1454
0.926,423
-0.0894,8205
0.3,507
-0.0948,7972
-0.242,10121
0.474,140
-0.0397,5922
-0.303,9934
-0.191,10627
0.0648,3463
0.263,968
0.112,3582
0.529,780
-0.125,8196
0.064,2523
0.086,3108
-0.236,10439
0.124,2274
0.329,272
0.105,1725
-0.0455,7133
0.12,2215
-0.146,7306
-0.579,9482
-0.262,7810
0.182,2041
-0.241,10357
0.239,1516
-0.143,10193
0.138,3101
-0.257,9830
-0.277,9900
0.298,543
-0.107,8243
0.0223,4926
0.000205,5351
0.0664,4319
-0.195,10506
0.11,1414
-0.108,8740
-0.47,10884
-0.271,10575
0.301,1680
-0.0993,9841
0.126,2300
-0.279,10351
-0.176,9471
-0.204,10211
-0.0932,6750
0.106,2984
0.0285,4539
0.398,466
-0.197,8548
-0.309,9961
0.78,1431
-0.0207,5788
0.0739,4245
-0.00499,5494
0.485,21
0.516,202
-0.00312,4912
0.457,18
-0.0677,6944
-0.0972,7432
0.662,716
-0.146,9747
0.169,2259
-0.0224,6651
-0.00091,5229
-0.276,9866
-0.147,9232
0.82,76
0.0586,4064
0.0439,3001
-0.151,8232
-0.0916,7571
-0.0655,6167
0.104,2612
-0.143,9983
-0.0359,6575
-0.396,10846
0.144,1449
-0.0761,7764
-0.196,10513
0.171,589
-0.0597,7429
0.176,1321
0.178,2746
0.247,1781
-0.0293,6367
0.152,1860
-0.243,9825
-0.129,8332
-0.444,10532
-0.25,8762
-0.148,7948
-0.0312,6304
0.0111,5078
0.109,2590
0.000668,5330
-0.482,9929
-0.185,10607
0.0637,3066
-0.195,10472
-0.0194,5616
-0.0815,8070
-0.0395,5370
0.154,2176
-0.0747,8792
-0.0347,6859
-0.238,10118
0.311,369
0.0307,4317
-0.48,10833
-0.0106,5587
0.0397,3771
0.335,762
0.516,13
-0.191,8757
0.00353,5118
0.31,383
0.0339,3925
0.101,2420
0.0385,4293
0.121,2968
0.0138,4927
-0.231,10812
-0.0408,6923
-0.0573,6784
-0.302,10744
0.0676,3841
-0.393,10832
-0.129,9507
0.105,2691
0.416,295
-0.0757,7661
-0.0491,6600
-0.18,8392
-0.0469,6828
-0.0684,7460
0.616,4
1.5,20
-0.0166,6076
-0.211,9710
-0.141,9851
-1.16,10181
-0.24,8279
-0.254,7090
0.284,3205
0.061,3561
-0.146,8185
-0.0621,5511
0.0111,4983
-0.156,8895
-0.0179,5671
-0.0478,6365
-0.0316,7007
-0.0796,6722
-0.089,6512
0.292,665
0.391,947
-0.165,9971
0.0657,2718
-0.0538,6279
-0.071,7211
0.419,705
-0.0334,6935
-0.406,10031
0.201,737
-0.173,7627
-0.17,10287
-0.211,9159
0.624,2
-0.0266,6668
-0.0811,7604
0.515,56
0.141,1789
0.545,944
-0.0798,5855
0.0769,2458
0.183,254
-0.185,8526
0.0994,2838
-0.266,8366
0.368,2780
0.146,1169
0.186,1414
-0.362,10796
-0.161,10237
0.0396,4474
0.123,2499
0.0156,4892
-0.0369,7299
-0.0639,8172
-0.13,9004
0.533,17
0.00871,5252
-0.0492,8764
0.195,1171
0.389,850
-0.0183,6267
-0.251,9259
0.127,2002
0.143,1144
0.0129,4883
0.657,13
0.461,752
-0.0625,7395
-0.355,10043
-0.0415,7240
0.0936,2842
-0.0203,7936
-0.466,10694
0.00582,4315
-0.238,9007
0.157,1565
-0.847,10963
-0.0939,7064
0.0793,2872
-0.156,8381
0.382,2255
0.674,7
0.0204,4885
0.111,3694
0.188,524
-0.344,9951
0.241,1928
0.222,1785
0.132,2283
0.466,216
0.228,262
-0.123,8837
3.5,3
4.21,1
2.24,3
0.325,410
1.55,3
-0.0141,5710
-0.0959,8302
-0.0961,7096
0.268,2034
0.0302,4572
-0.0858,9596
-0.106,7478
0.0571,3621
-0.0405,6491
-0.212,9950
0.473,763
-0.0411,7080
-0.206,10950
-0.314,10874
-0.218,9779
0.135,1907
-0.0177,5507
0.387,881
0.123,2003
-0.127,8103
-0.0673,6805
0.0346,4350
0.43,1061
0.0627,3393
-0.0158,5875
-0.303,9949
0.0225,4743
-0.0605,6161
-0.146,6411
0.107,2498
0.732,89
-0.0489,6849
0.0877,2983
-0.0227,5462
0.451,125
0.0544,3440
-0.0414,6680
-0.409,10779
-0.0487,6763
-0.14,8290
-0.179,7592
-0.486,11033
0.097,1044
0.335,1307
0.128,2701
0.114,3349
-0.188,7804
-0.069,7730
-0.0674,7202
-0.234,10313
0.187,1515
-0.187,8764
-0.418,10972
0.0643,2081
0.0228,3938
0.00212,5336
-0.075,7579
0.00505,4866
-0.146,9423
-0.0577,7702
0.304,955
-0.296,10112
-0.25,8669
-0.22,8066
-0.0935,7363
-0.204,9234
0.061,3472
0.0625,3866
-0.0124,5942
0.0447,4218
-0.196,9728
0.132,2085
-0.0812,8164
-0.202,8859
-0.0104,5417
-0.101,7732
0.3,391
0.0295,3752
0.112,1331
-0.0389,5573
-0.404,9640
-0.219,8103
0.0888,3702
-0.116,7231
0.238,445
-0.0787,8006
0.00288,5438
-0.141,8358
0.139,2386
-0.0361,6293
-0.248,9551
0.102,3804
0.314,1724
-0.249,7362
-0.0739,6678
-0.107,8756
0.289,1086
0.0858,3475
-0.0503,8107
-0.382,9447
0.202,3159
-0.0823,8673
0.352,242
0.000393,5717
0.225,3006
-0.412,8454
-0.119,7251
0.024,4847
0.105,2362
0.115,3568
0.0598,4627
-0.0107,5758
0.0162,4602
-0.0612,6855
-0.0429,6608
0.0696,2512
0.141,1919
0.0743,3558
-0.0123,5489
0.0647,3436
-0.136,8975
-0.17,8350
0.0992,2915
0.325,1493
-0.0354,5140
0.409,248
-0.0886,7077
-0.342,10669
0.213,1009
0.847,117
0.547,60
-0.0891,9427
-0.025,6789
0.126,3416
-0.131,6465
-0.0527,5652
-0.0458,5903
-0.229,10853
-0.0895,8634
0.107,2738
-0.393,10603
-0.174,9063
-0.137,8672
-0.245,10898
0.347,316
-0.253,9445
-0.177,9211
0.0359,4251
0.725,59
0.191,1636
-0.14,9115
0.231,878
-0.185,8221
0.0759,3392
0.304,1029
0.111,2452
0.141,892
-0.147,9183
0.00946,5073
-0.239,7810
0.473,1583
0.331,313
-0.0521,7019
-0.0901,6830
0.0978,3847
0.197,1155
0.054,3585
-0.0846,8411
-0.0217,6172
0.21,205
0.0366,4378
-0.0449,6029
0.181,2032
0.00596,5094
0.178,1030
-0.113,8081
0.105,3177
-0.198,10924
0.0422,4734
-0.0841,8753
0.11,2378
-0.0327,5854
-0.139,7502
0.334,215
-0.153,7759
0.102,2184
0.283,2474
-0.0279,6025
0.481,120
0.421,839
0.256,1738
0.271,220
-0.0573,7431
-0.0858,8337
0.243,870
-0.101,6906
-0.0353,6502
0.121,1278
-0.184,8390
-0.448,9950
0.173,1441
0.563,64
-0.111,8321
-0.0378,5876
0.115,1378
0.157,2339
-0.0487,6172
0.0468,4234
0.0815,3154
-0.349,10601
-0.179,9320
0.158,2248
-0.281,9430
0.184,3058
-0.0688,7651
-0.158,8596
-0.0299,6352
0.151,1787
0.0628,4043
-0.318,9793
-0.213,10858
0.16,1192
0.31,1824
-0.08,8354
0.07,4214
-0.162,7131
-0.0808,7464
0.139,2228
0.299,11
-0.249,10468
-0.1,8315
-0.0663,7065
-0.0211,6165
-0.101,9137
-0.143,8090
0.0358,4625
-0.0015,5271
0.281,1582
0.331,509
-0.0822,8451
-0.136,8065
0.159,1996
0.204,1688
0.272,1560
-0.0238,5795
0.0758,2888
-0.433,9584
0.0109,5034
-0.277,10656
-0.169,8703
-0.156,9680
0.166,992
-0.127,9649
-0.0353,5957
0.419,585
-0.0244,5768
-0.0856,8052
-0.047,6618
0.0891,2027
0.211,2397
0.249,2005
0.00426,4953
-0.236,10306
-0.338,11017
-0.377,8141
0.651,220
-0.321,9946
0.895,1585
-0.02,5848
-0.418,9349
0.0953,3192
-0.263,8940
-0.262,10533
0.248,627
-0.101,8797
0.0931,2384
-0.156,7018
-0.0617,6928
-0.155,8955
-0.138,10148
0.000319,5281
-0.258,10947
-0.322,9920
-0.338,10175
-0.331,9511
0.478,96
0.0364,3380
0.0489,3675
0.176,1644
-0.0584,5582
0.123,2728
0.126,3328
-0.0492,6798
0.113,1694
-0.186,8706
0.172,1941
0.0424,4469
0.161,1651
0.075,2781
-0.0661,6330
-0.55,7813
-0.11,7491
-0.0368,6394
0.0892,2885
0.06,3800
-0.181,9147
-0.0487,5704
-0.224,9946
-0.0646,6061
0.154,1102
-0.0368,7409
-0.13,8092
0.329,592
0.306,922
0.134,2845
0.0417,4296
0.0679,3441
-0.666,10816
-0.0664,6648
0.207,2170
-0.738,10722
-0.0936,8760
-0.173,8782
0.155,2350
-0.248,9017
0.0521,4127
0.347,2450
0.136,1643
-0.117,8270
-0.343,7048
0.367,3095
-0.191,10223
-0.102,5189
0.126,996
0.0717,3080
0.00403,4905
-0.339,9180
0.245,1881
0.383,846
-0.00431,5255
-0.0113,5748
0.112,2438
0.202,1869
-0.351,9386
0.437,243
-0.0911,8621
0.0893,3142
-0.268,9385
0.0386,4174
0.18,1923
-0.0908,8766
-0.054,6763
-0.277,10269
-0.203,8377
0.188,1255
-0.0396,6023
-0.0237,6294
0.217,2380
0.124,3084
0.0235,4638
0.627,310
-0.187,8447
-0.0533,6757
0.0186,4599
-0.00401,5177
0.243,1723
-0.0805,7458
-0.0116,5509
-0.104,10758
-0.146,10860
0.0921,3714
-0.21,9731
-0.0562,7530
-0.0585,6682
-0.168,10296
-0.0137,5773
-0.186,6368
0.189,2967
0.0488,4152
0.412,222
0.373,586
-0.16,8343
0.0216,4757
0.283,1626
-0.186,8651
-0.348,10829
0.252,506
0.185,1865
0.679,117
0.0195,4914
0.156,2396
-0.0823,7220
-0.156,9893
-0.0867,7033
0.114,1077
0.0177,5054
-0.122,7391
-0.182,8730
-0.0522,6883
-0.0578,7062
0.147,1518
-0.0465,6082
-0.0716,5833
0.112,1498
-0.171,9449
0.12,2104
0.135,2632
-0.361,9919
-0.0444,6321
0.0812,3936
0.379,125
-0.057,6635
0.222,893
-0.0952,8067
-0.166,10485
0.441,74
0.0454,4019
-0.172,9644
-0.349,10776
-0.131,9141
0.0644,3928
-0.0901,7841
-0.00733,5714
0.224,296
-0.209,9324
-0.0923,6850
0.277,34
0.0387,4123
-0.125,8517
-0.0565,6862
-0.121,8249
0.0244,4465
0.125,2901
0.208,2694
0.0889,2983
-0.0443,7235
-0.343,10607
-0.196,7408
-0.215,9029
-0.171,8786
-0.295,10320
-0.134,8764
0.385,392
-0.0446,5145
0.0732,2412
0.101,3909
0.362,529
-0.135,9554
-0.209,7371
-0.0252,6088
0.064,3707
0.148,3449
-0.0825,8323
-0.295,9615
0.647,6
-0.242,9986
0.0243,4325
-0.315,9627
-0.0248,6699
-0.141,9627
-0.235,9048
-0.302,9646
0.076,3723
-0.187,10356
-0.134,10252
0.0855,1807
-0.125,9204
-0.126,7730
-0.139,9474
0.434,215
0.129,1610
-0.213,9278
0.174,1433
0.342,784
0.602,251
0.0651,3160
-0.0669,7047
0.334,740
-0.261,8739
0.15,1196
0.235,2622
0.0207,4980
-0.2,10965
-0.436,10743
-0.281,10413
-0.208,10435
0.0447,4034
0.00351,5019
-0.158,10450
0.116,3004
0.00735,4986
-0.298,9186
0.543,392
-0.0813,5946
-0.217,10375
0.00541,5028
0.0285,4108
-0.0233,5729
0.38,424
0.272,1435
-0.0519,6659
-0.205,10107
-0.26,9264
0.0407,4355
-0.344,9967
1.02,20
-0.0197,6121
0.227,571
0.259,1551
-0.111,8710
1.32,0
-0.0122,5012
-0.0409,7294
-0.209,9040
-0.29,10329
0.175,979
-0.24,9714
0.535,890
-0.00766,5544
-0.252,9558
-0.0141,5842
-0.000119,5207
0.148,2733
-0.00507,5501
-0.0875,8214
0.0226,4761
-0.31,10287
-0.0981,8470
0.0727,4048
-0.0538,6212
-0.0664,8774
-0.0182,6179
-0.0194,5859
-0.198,10476
0.0588,3947
0.0357,4362
-0.243,9850
0.105,1521
-0.0548,6912
0.116,3018
0.265,1632
0.0552,3800
0.273,528
-0.174,9113
0.0364,4612
0.284,936
-0.0259,6115
0.643,526
0.0162,4988
0.00926,5307
-0.187,10607
0.114,2085
0.115,2520
0.0372,4646
0.203,2337
-0.457,10694
0.0146,4841
-0.0461,6026
-0.457,10629
-0.148,8439
0.0103,4965
0.0886,613
0.128,2973
0.324,856
-0.19,9083
-0.343,10199
-0.0702,6825
-0.0239,5766
0.0175,4939
0.384,782
0.0873,2908
0.0509,3720
0.0395,4150
-0.159,10112
0.0155,5107
-0.0242,6253
0.445,955
0.0746,3727
0.0318,4120
0.0656,2946
-0.193,8385
-0.158,10032
-0.124,7856
0.0732,2014
-0.0644,6472
0.187,455
0.248,856
0.0896,3059
0.404,1285
0.0674,4551
0.0393,4607
-0.38,10615
-0.159,9545
-0.0968,7259
-0.429,8384
0.0709,3927
0.258,1125
-0.136,9157
-0.241,9718
-0.157,10151
0.00561,5228
0.227,2436
-0.0547,8196
0.0145,4655
-0.0504,5859
1.05,6
0.0478,3106
-0.374,7945
0.045,3712
-0.0561,7566
-0.248,9655
0.0117,4739
-0.182,7142
0.15,3008
0.0519,3725
-0.00275,5234
-0.0726,7223
-0.245,10354
-0.507,10455
-0.336,10554
0.053,3661
-0.102,8990
-0.156,9023
-0.246,9214
0.953,158
0.352,556
-0.138,10232
-0.0886,8106
-0.098,8959
-0.0955,6595
-0.49,10582
0.46,88
0.213,361
-0.0523,8193
-0.0616,6810
-0.102,6449
0.314,920
-0.678,11005
-0.0528,6185
0.442,221
-0.057,6560
0.084,3266
-0.0605,6239
0.21,1801
0.0234,4411
0.11,3529
-0.173,8347
0.0706,2863
-0.0745,6152
-0.163,7302
-0.0615,7965
-0.187,9281
0.146,2424
-0.0551,6474
-0.165,9049
-0.126,7165
-0.206,9945
0.0503,4202
0.216,1253
0.336,1567
0.97,1581
0.639,179
-0.0108,5701
-0.132,7664
-0.0961,7645
-0.213,9855
-0.0877,7070
-0.0443,6461
-0.247,10236
-0.0857,8029
-0.202,9982
0.765,1028
-0.2,8747
-0.114,7517
-0.0735,7065
-0.265,11028
-0.377,10594
-0.215,8814
-0.217,10738
-0.0222,5782
-0.127,10340
0.0157,4789
0.16,3472
0.121,3002
0.184,1878
-0.262,9550
0.178,2004
-0.0939,7609
0.622,92
-0.104,6882
-0.184,7657
-0.556,10707
0.0658,3737
-0.074,8048
-0.25,8815
-0.318,10432
-0.145,7814
-0.59,9865
0.112,2114
0.0177,4693
0.215,2007
0.152,1390
0.366,551
-0.0195,5541
0.466,58
-0.177,10270
-0.0178,5755
0.228,793
-0.115,6467
-0.0173,5778
0.421,55
0.283,214
0.105,3309
-0.211,8765
0.248,2061
-0.13,8752
-0.13,9376
0.115,1167
-0.204,9106
0.342,1175
0.857,740
-0.478,8395
0.061,3676
0.171,706
-0.0224,5588
-0.179,9710
0.199,1173
0.0487,4312
0.213,772
-0.113,9236
-0.0915,7583
0.329,976
-0.114,8330
-0.197,7927
-0.0873,8912
-0.416,10987
0.273,2384
-0.0693,6689
-0.0927,7303
0.278,1377
-0.171,9921
-0.0256,5997
-0.076,7532
0.186,1893
0.244,2300
-0.0549,6507
-0.0668,8526
0.643,1124
-0.135,9819
-0.173,8799
-0.0471,5755
-0.3,9139
-0.0375,6737
-0.136,9846
0.321,1029
0.135,2528
0.188,1968
-0.183,6333
-0.0908,6845
-0.0373,6143
-0.129,6774
-0.15,8488
0.309,1294
-0.162,9724
-0.0555,7161
-0.283,10066
-0.196,10539
0.0354,4353
0.0619,3826
-0.5,10744
0.456,39
0.052,4372
-0.0914,7371
0.0261,4916
0.0749,3298
0.162,2034
-0.138,9517
0.224,1910
-0.0538,6688
-0.0991,6216
-0.0482,8321
-0.00204,5489
-0.0943,8458
-0.208,9045
0.0655,3845
-0.206,9084
0.279,899
-0.345,10922
-0.235,8967
-0.0336,5934
-0.204,9013
0.0688,3693
0.0892,3115
-0.0897,7462
-0.0579,8174
-0.0307,5681
-0.026,5578
-0.097,7768
0.135,1830
0.212,440
-0.133,9788
-0.244,9614
-0.0593,6870
0.0991,3903
-0.123,8793
-0.178,9688
0.208,760
-0.109,7699
-0.175,9289
0.525,394
0.261,2104
-0.107,8097
-0.00672,5792
-0.0652,7586
0.331,353
-0.191,6722
-0.457,10148
-0.15,10500
0.115,1306
-0.364,10706
-0.351,10699
-0.0801,5647
0.017,4708
-0.276,10731
-0.167,10308
-0.276,10154
-0.312,10230
-0.306,10974
0.0542,3130
0.0449,3504
0.221,1071
-0.0244,6159
0.309,153
0.143,2020
0.34,123
0.0843,3476
-0.13,8958
-0.376,10199
-0.0815,7328
-0.182,8477
0.374,943
0.0796,3542
-0.106,7475
0.00409,5426
0.101,4173
-0.0338,4765
-0.0587,6622
0.125,2183
0.111,3446
-0.271,8067
-0.0165,6065
0.0584,3674
0.153,1872
0.132,1381
0.139,1436
-0.0958,7594
0.0196,4633
0.00055,5162
-0.146,8841
-0.117,8387
-0.441,10951
-0.238,9685
0.0728,3732
-0.0599,6024
0.175,2580
-0.0198,5694
-0.19,9217
0.127,2339
0.511,1417
0.127,3384
-0.0501,6354
0.378,91
-0.104,8533
0.119,3228
-0.173,10512
0.196,2660
0.119,1229
-0.0597,7107
-0.0424,7610
0.173,2883
0.188,2440
-0.0476,7805
-0.0174,5602
0.0119,4796
-0.151,8818
-0.188,8566
0.0425,4365
-0.026,5508
-0.547,10593
-0.114,8429
-0.0377,6769
0.038,4253
-0.0287,6868
-0.195,10605
-0.0654,7356
0.222,2482
0.164,1466
-0.0793,7624
-0.28,10386
-0.187,8983
-0.0657,6696
-0.119,7172
0.302,532
-0.041,5990
-0.147,5985
-0.158,10263
0.121,2683
-0.073,6836
-0.0568,7184
-0.0214,6327
-0.287,10778
0.0625,3841
-0.0329,6131
-0.123,7855
0.286,1387
-0.099,7925
-0.0685,6784
0.172,1611
0.0484,4425
0.0964,2779
-0.131,9903
0.0537,3650
-0.154,9109
0.116,2704
0.075,4200
-0.425,10850
0.0807,3734
-0.097,8722
0.285,155
0.983,200
0.0148,4919
-0.0966,7280
0.00632,5120
0.0612,3684
0.199,1959
0.131,2587
-0.235,10262
-0.242,9087
0.0345,4239
-0.00196,5426
0.237,124
0.0415,4295
0.145,2775
-0.0899,7105
0.319,1170
0.024,4823
-0.106,8930
0.605,141
0.251,509
-0.052,7058
-0.227,8883
0.0371,3673
-0.0995,8848
-0.145,7468
0.911,74
-0.145,8302
0.0185,4827
-0.12,10463
-0.186,10610
-0.3,10391
0.00971,5273
0.034,4371
0.00218,5435
0.00672,5189
0.0481,4111
0.289,2970
0.333,2230
-0.263,7132
-0.249,8539
0.224,3075
0.364,61
-0.318,10077
-0.23,9571
-0.634,7834
-0.28,8637
0.103,2604
-0.00971,6341
-0.12,7723
0.0166,4713
-0.000612,5394
-0.312,10159
0.355,198
0.012,4903
0.833,60
0.128,2533
0.553,792
0.148,1181
-0.037,6527
-0.221,10391
-0.189,8158
-0.226,7834
0.434,599
0.0213,4468
-0.0572,6325
-0.121,9198
0.333,2935
-0.0522,6328
0.0939,3524
-0.00412,5233
-0.152,9537
0.0184,4768
-0.138,8433
-0.131,8479
0.311,1371
-0.715,10513
0.132,2492
-0.00979,6148
-0.00455,5347
-0.118,7373
-0.00395,5124
0.302,1639
-0.131,9693
-0.152,9447
0.145,2650
-0.138,6529
0.103,2666
0.834,36
-0.194,9352
-0.113,9387
-0.119,8014
-0.0531,6371
-0.139,9516
-0.0729,5666
0.0999,2452
-0.0266,6103
-0.346,10398
0.0802,3290
0.479,390
0.00945,4842
0.287,1093
-0.115,7439
0.068,3542
0.039,4458
-0.148,8032
0.415,1823
1.05,2
0.538,8
-0.158,8904
0.0352,4501
0.229,1375
0.398,697
0.0989,2303
0.203,324
-0.422,10874
0.0333,4903
0.0116,4991
-0.0302,5686
-0.0556,7182
-0.0236,6447
-0.108,7971
-0.274,8886
-0.277,9695
-0.0988,7156
-0.0474,6218
-0.356,9821
0.103,2404
-0.128,7985
-0.634,10259
0.0295,4181
0.0578,3081
-0.0135,5720
0.0925,3169
-0.209,10066
0.103,2938
-0.319,10931
0.171,1911
-0.182,10542
0.267,1476
-0.102,7510
-0.201,8906
-0.176,8616
0.0747,2458
0.0664,3061
-0.231,9342
0.028,4678
-0.00899,4939
0.0302,4639
0.12,2215
0.132,1846
0.395,670
-0.0704,7006
0.073,3938
0.307,894
0.0253,3960
-0.0811,8102
-0.0964,7066
-0.11,7996
-0.13,8716
-0.209,9615
0.764,4
0.0953,2497
0.0699,3128
-0.19,7026
0.308,1903
0.0647,4100
-0.226,10575
-0.12,8431
-0.122,9013
-0.087,6991
-0.258,10478
0.399,322
-0.131,9216
-0.14,9320
-0.0433,6528
0.00679,5262
0.324,487
0.0726,3672
0.142,509
0.126,2724
0.205,2205
-0.13,7564
-0.0486,6194
-0.188,7161
-0.132,8938
-0.0982,7687
0.0584,4297
0.121,2835
-0.0993,7222
-0.034,6092
0.266,155
0.328,35
0.177,1569
0.585,56
-0.209,9043
-0.19,9491
-0.0816,9373
-0.141,9050
0.213,1502
-0.0311,6398
0.187,1088
-0.0585,6701
-0.196,8796
-0.146,10426
-0.135,9030
0.229,1617
-0.0109,5343
-0.121,7133
-0.00327,5364
0.12,1647
0.166,2184
0.0346,4551
0.0602,4195
-0.282,8633
-0.2,10175
0.195,806
-0.146,9884
-0.0353,6499
-0.0724,6853
-0.0256,5830
-0.18,10567
-0.202,10816
0.172,1691
-0.146,7683
0.109,3253
-0.0522,6173
0.244,887
-0.0274,6101
-0.0857,7292
0.404,1538
0.00244,5270
-0.245,7055
0.236,1598
-0.233,10224
-0.0369,6158
-0.05,6494
-0.319,9722
-0.115,7760
-0.125,8971
0.179,343
-0.0656,6919
0.13,2576
-0.0389,5998
-0.634,10123
-0.428,10933
0.137,1946
-0.0148,5587
0.464,708
-0.158,8661
0.276,347
0.00101,5250
0.385,184
0.37,229
0.0908,3383
0.0929,3222
0.12,3475
-0.0284,6320
-0.149,9667
-0.0736,6847
0.1,2085
-0.341,9352
-0.159,7324
-0.0979,8111
-0.0977,10114
-0.108,6904
-0.136,8263
-0.192,10579
0.254,149
-0.129,9924
-0.188,10143
0.0546,4047
-0.217,9756
0.266,1838
-0.0295,7553
0.0685,2567
0.285,328
0.468,567
1.21,35
0.232,1867
0.0445,4384
0.0961,1590
-0.108,8570
0.0586,4104
-0.23,9003
0.166,2697
-0.0216,6412
-0.119,10010
-0.168,10298
-0.0269,5788
-0.0522,6786
-0.604,10918
-0.409,10764
-0.245,9625
0.0806,2253
-0.209,8259
-0.437,11012
0.148,3452
-0.0527,7245
0.0653,2745
-0.0593,6858
-0.298,10530
-0.234,9188
0.155,2210
-0.0411,6945
0.099,1263
0.0457,3452
-0.0478,5916
-0.759,10040
-0.0756,5957
-0.111,7373
0.084,3222
0.00956,5030
0.189,1757
0.367,931
-0.0718,7124
-0.127,7049
0.027,4128
-0.0506,6290
0.13,2522
-0.205,9310
0.298,1318
-0.13,9018
-0.341,8055
-0.332,10971
0.127,3722
-0.0416,6499
-0.212,8784
0.0738,4008
0.163,283
-0.223,10123
-0.332,9663
0.181,3441
0.863,22
-0.727,10950
-0.0368,6752
-0.145,10211
0.391,2960
-0.381,6369
-0.37,8541
-0.484,10012
1.04,1154
-0.0656,7827
-0.202,9158
-0.215,9254
-0.519,10765
-0.243,9419
-0.281,10904
0.205,1415
0.0483,4147
0.0115,4869
0.164,3790
0.186,2845
0.157,931
0.161,1196
1.03,1145
0.626,1515
-0.146,7232
-0.013,5409
-0.33,10265
-0.0684,7552
-0.0739,6244
-0.172,7946
0.0113,4995
-0.252,9561
-0.0506,6497
-0.43,10937
-0.18,5579
-0.629,10681
0.122,3271
-0.0789,6435
0.00252,5205
-0.091,7793
0.528,1240
-0.219,9093
-0.117,8022
0.0695,4211
-0.234,9728
0.636,11
0.0837,4287
-0.0785,7008
0.0857,3822
0.029,4553
0.0975,2319
-0.0654,7172
-0.0926,7347
-0.211,10636
0.458,691
0.0886,3309
-0.0885,8179
-0.225,10747
-0.23,9479
0.391,535
0.106,2696
-0.126,7404
0.12,2647
-0.31,9458
-0.117,8802
-0.122,9435
-0.0198,6348
-0.184,8570
0.383,192
0.00944,5025
-0.0411,6426
-0.0774,8515
-0.208,10076
-0.44,9482
0.0521,4475
0.406,1441
0.04,4545
0.017,4948
-0.0381,6270
0.234,1291
-0.352,9817
-0.237,10418
0.3,527
0.151,636
0.797,20
0.352,494
-0.0405,6950
-0.321,9848
0.155,1239
-0.302,10803
-0.275,8885
-0.307,10743
-0.0823,7936
0.276,1474
0.241,236
-0.00934,5914
0.0766,3055
0.00957,5141
-0.189,10349
-0.215,10049
-0.0977,8234
-0.0151,5606
-0.0643,8191
0.39,464
0.0249,4407
-0.142,7655
-0.1,10122
-0.104,8233
0.368,157
-0.0545,6909
-0.232,8664
0.195,1507
-0.0578,8196
0.00623,4927
0.155,1879
-0.317,10149
-0.183,10356
0.107,2344
0.000604,5541
-0.0417,6587
0.134,2685
-0.298,9506
-0.0513,6410
-0.307,10515
-0.233,10503
-0.204,8227
-0.0815,7918
0.171,3000
0.168,2555
-0.275,9930
0.00495,5190
0.168,1420
-0.0275,5817
-0.000773,5365
-0.0396,6010
-0.28,9678
-0.216,10054
0.175,1287
-0.048,7503
0.386,297
0.00656,4926
0.0886,2535
-0.0873,7000
-0.332,10798
0.134,2545
0.377,1169
-0.232,9071
-0.242,7480
0.00865,5097
0.147,1153
-0.212,10768
-0.107,8172
-0.145,6523
-0.0894,8833
0.0639,2453
-0.112,8018
0.642,69
1.25,34
-0.014,5719
0.172,1818
0.386,326
-0.0315,6493
0.118,2367
0.0474,4314
0.277,2128
-0.0898,5919
0.117,1942
-0.106,9663
-0.602,10814
-0.0424,5604
-0.35,8343
-0.185,6980
-0.247,9825
-0.29,9470
-0.279,9996
0.272,631
0.43,852
-0.0902,8855
0.274,285
-0.248,10738
-0.0332,6228
0.0978,2532
0.234,3202
-0.335,8812
-0.00431,5722
-0.174,8413
0.233,235
0.0798,3396
-0.131,7640
-0.0996,7324
0.156,535
-0.171,9565
-0.0629,7062
-0.064,6181
0.182,1480
0.11,2362
-0.0321,6297
0.0813,2133
-0.24,9670
-0.0348,5662
-0.121,6591
-0.0343,5905
-0.0233,6211
0.162,2831
-0.327,10916
0.108,1808
0.417,681
0.392,2352
0.205,508
-0.0577,8050
-0.292,9966
0.111,3123
-0.0104,5952
-0.0212,5835
-0.119,9555
0.0229,4860
-0.276,7927
-0.0893,7160
-0.314,10309
-0.0262,5949
0.0312,4549
-0.0528,8258
-0.0842,7525
0.178,1267
0.077,3451
0.2,2364
-0.021,5910
-0.0486,7220
-0.151,9025
0.208,531
0.11,2962
-0.159,7980
0.0469,3810
0.236,767
-0.125,8747
0.269,1541
0.0675,4294
0.242,632
-0.183,10101
0.0614,4282
0.0547,4118
0.0317,4051
-0.156,8505
0.655,268
-0.153,7360
0.119,2637
0.144,2596
0.168,1608
0.381,1163
0.0825,3370
-0.47,11008
-0.134,8163
0.0197,4941
-0.202,8545
0.115,3748
-0.261,9114
0.133,1209
-0.0234,6063
-0.231,9588
0.823,36
-0.187,3370
0.178,445
0.0425,3963
0.105,2800
0.299,766
-0.246,9485
0.075,2905
0.358,813
0.0313,4570
-0.0533,6572
1.11,17
-0.286,10400
-0.0362,6954
0.00219,5282
-0.0324,5891
-0.0916,9250
0.15,1220
0.173,1242
-0.187,8751
0.238,1332
-0.0588,7347
-0.0363,5619
-0.143,8052
0.0494,4355
-0.279,10064
0.181,3169
0.101,3177
-0.0925,9710
-0.289,10249
-0.15,9109
0.334,332
-0.0881,7387
-0.0275,5945
0.0829,1479
-0.117,5371
0.76,217
-0.42,8203
0.208,1930
0.168,2687
0.0716,2975
0.14,2304
-0.0365,6044
-0.128,8395
-0.0945,8763
0.0182,4922
0.342,741
0.258,1112
-0.0593,6529
0.238,1045
0.203,229
-0.147,8873
-0.142,7551
0.402,1198
-0.146,8287
0.268,483
-0.0332,6027
-0.116,8138
-0.0136,5922
-0.135,9085
-0.366,10571
0.101,1475
0.155,621
0.12,1827
-0.0235,6462
-0.0418,6367
0.0972,4150
-0.0168,5769
-0.0803,7608
-0.258,9759
0.161,2061
-0.0302,5567
0.102,3609
-0.149,8424
0.0667,2951
-0.153,8766
-0.199,8261
-0.0146,5863
0.0319,4436
-0.0454,6321
0.423,964
0.401,375
-0.409,10383
-0.26,10640
-0.0596,8210
-0.00178,5532
-0.135,7317
-0.173,7657
0.32,1288
-0.261,9036
0.157,1329
-0.0542,6213
0.18,1279
0.458,90
-0.125,7129
-0.113,8632
0.0641,3663
-0.148,7934
-0.104,7970
0.178,1261
-0.0752,6987
0.164,1377
0.118,1530
0.0482,3968
0.132,2207
-0.0883,6552
0.528,202
-0.392,10819
0.0267,4061
-0.0733,6575
0.173,205
-0.185,8512
-0.195,9050
-0.272,10946
-0.273,9980
-0.194,9898
0.15,2417
0.00956,5121
-0.157,8290
0.134,1792
-0.0558,7153
-0.138,9380
0.254,746
-0.385,9859
-0.0239,5849
-0.0652,8684
0.0142,4639
0.266,1068
-0.167,7927
-0.113,7614
0.122,1936
0.129,1781
0.202,295
-0.188,8245
-0.0401,6126
0.215,2108
-0.00793,5109
-0.0238,6097
-0.0209,5894
-0.311,10103
0.0351,4183
0.217,810
0.0394,3756
0.0408,4252
-0.189,9506
0.112,2492
0.295,661
0.0157,5028
0.061,2341
0.207,1217
0.379,157
-0.337,8918
0.156,3251
-0.216,8439
-0.182,9914
0.034,4225
0.444,581
-0.286,9580
-0.0794,6414
-0.449,9437
0.0926,2812
-0.0883,8113
0.0744,3326
0.106,3002
0.0749,3797
-0.242,8530
-0.118,9582
-0.0431,7271
0.182,3397
0.255,2287
-0.0204,5685
-0.245,10100
0.00263,5244
0.0565,3998
0.648,37
-0.134,7843
-0.0582,7253
-0.682,10936
0.141,1170
0.122,1680
0.0214,4691
-0.28,10647
0.367,174
-0.26,9421
-0.13,9954
0.163,596
0.122,1839
-0.222,9093
0.0458,4430
0.49,581
0.605,265
0.0617,4237
-0.265,9397
0.00174,5267
-0.203,8905
-0.149,7513
0.33,398
-0.0265,6747
0.306,52
0.243,409
-0.102,7074
0.569,117
-0.152,7845
0.0233,4744
-0.122,9202
-0.000115,5221
0.0933,2703
-0.0805,7181
-0.114,8382
-0.0468,7205
-0.167,7275
-0.336,8902
0.054,4501
-0.497,9979
-0.066,6569
-0.0608,7695
0.0663,3846
-0.339,10368
-0.157,7283
0.147,3155
0.0752,3180
-0.0503,7034
0.076,2366
0.353,1467
-0.0263,5879
-0.249,10108
0.0111,4879
-0.104,9628
0.0975,3399
-0.0997,8686
-0.0251,5474
-0.216,8247
0.195,753
-0.277,9605
-0.176,8420
-0.42,9748
-0.101,7174
0.273,282
-0.217,10627
-0.102,6399
0.0615,3680
0.119,2079
0.187,2633
0.338,398
0.0304,4686
-0.145,8948
0.0254,4521
0.693,736
0.414,778
0.141,1782
-0.0335,6132
0.151,339
-0.0814,6474
0.146,1408
0.122,2609
0.00183,5299
0.596,7
0.0932,2113
0.034,4305
0.0323,4142
0.717,80
0.0424,4148
0.0353,4234
-0.0579,9082
-0.104,6739
0.23,800
0.0871,3406
-0.154,8211
0.0351,4153
0.287,665
0.0259,4364
0.449,535
-0.0283,5801
-0.0548,6561
-0.0636,7818
0.0981,2569
0.186,2333
0.198,2415
0.0731,2865
-0.0382,5835
0.137,3141
-0.31,10974
-0.248,8088
-0.125,8403
0.058,3806
-0.142,6834
0.283,441
0.18,44
-0.115,9888
0.146,2093
-0.0285,5993
0.353,171
-0.0698,7316
0.172,2368
0.0593,3472
1.18,550
-0.116,7423
-0.298,10939
-0.147,10103
0.159,1612
-0.00987,5816
-0.177,10072
-0.349,7877
0.622,1334
-0.0682,8957
0.255,463
0.105,3067
-0.191,9568
0.282,1489
-0.0719,6913
0.47,229
0.315,430
0.122,2552
0.0295,4638
-0.159,8076
-0.0999,8336
-0.0947,7941
0.0595,2921
0.0992,2513
0.176,1366
-0.162,8428
-0.165,8284
-0.311,10846
0.11,3139
0.202,1824
-0.135,9253
0.0366,4813
0.282,282
0.0939,2456
0.201,1156
-0.0882,8199
0.0338,4399
0.00888,4943
0.148,2530
-0.0824,8547
0.0538,2148
0.112,2793
-0.127,8344
-0.152,6857
0.747,11
0.25,1707
0.232,71
-0.224,9590
-0.0358,6765
-0.151,9288
-0.0267,7075
0.471,57
0.116,1250
-0.0465,6488
-0.0813,8058
0.334,1863
-0.096,6872
0.0946,2252
-0.132,8486
-0.173,8292
0.0302,4585
0.412,2378
-0.229,10046
-0.063,7011
-0.0521,6567
0.204,2209
-0.302,10425
-0.156,8619
-0.137,7805
-0.231,9664
-0.019,6056
-0.105,8190
-0.68,10649
-0.0481,6176
0.111,1923
-0.053,6625
0.106,1293
-0.186,9703
0.0426,4421
-0.0588,6264
0.0824,4107
0.0781,3138
-0.0124,6062
0.102,2747
-0.141,6939
0.455,224
-0.497,10883
-0.25,10680
0.197,1441
0.00497,5235
-0.0272,5890
-0.0761,6234
0.284,1594
0.0371,2839
0.229,246
-0.209,9908
-0.0363,5839
-0.301,10644
0.405,1117
-0.202,10317
0.29,510
0.123,1748
0.0322,4406
-0.145,7663
-0.112,7427
-0.0792,7131
0.213,1435
0.0856,3877
0.227,1148
-0.111,7635
0.113,1699
-0.297,10753
0.0745,2492
0.217,399
-0.043,7143
-0.0642,7278
0.455,282
-0.143,9273
0.201,807
0.00497,5101
0.194,460
-0.121,7889
0.334,1535
-0.154,11017
0.246,295
0.124,3045
-0.0361,5924
-0.11,8510
0.0551,4287
-0.174,9944
0.0895,2607
-0.155,8836
-0.109,7638
-0.0658,7094
-0.172,9289
0.279,179
0.171,445
0.351,406
-0.0414,5391
-0.126,8408
0.506,527
0.249,1843
0.0373,3913
0.0239,4330
0.0283,4517
-0.123,8346
-1.07,10040
0.3,19
0.0358,4433
-0.143,8426
0.436,290
0.282,928
0.0209,4937
-0.0776,7352
-0.0242,6969
-0.115,8751
0.0283,4637
0.115,2335
-0.348,10654
0.238,372
-0.00795,5395
-0.0204,6194
-0.184,8473
-0.167,8844
-0.0985,8636
-0.17,9459
0.187,1205
0.121,2809
-0.478,11010
0.167,3297
0.0833,2867
0.456,755
0.419,1930
0.066,2277
0.0777,2666
-0.0378,6073
-0.128,7881
-0.102,7743
-0.443,9768
0.246,573
0.279,456
0.0595,3818
-0.234,9884
0.122,1932
0.397,1262
0.207,611
0.133,1306
0.0119,5238
-0.14,8758
0.0256,4541
0.353,1351
-0.0285,5922
0.0247,4160
-0.28,9253
0.0651,4094
-0.0563,6878
-0.0582,5685
-0.0861,10584
0.356,455
-0.305,10734
0.361,604
0.237,356
-0.00698,5483
-0.00834,5814
0.16,910
0.708,357
-0.283,10942
-0.0858,7392
-0.0431,6151
-0.211,10091
0.0307,4258
-0.144,9717
0.00197,5020
0.336,1056
0.307,289
0.0347,4787
-0.0868,8294
-0.229,9282
0.384,886
-0.111,7398
0.129,1084
-0.104,7690
-0.0471,6400
0.279,1341
-0.106,7341
0.0885,2833
-0.0564,6461
-0.059,7515
0.0685,3809
0.12,3348
0.19,1262
-0.0409,5957
0.0726,3605
-0.0533,7492
-0.0198,6143
0.0848,3583
-0.311,9995
-0.189,7512
0.206,3289
0.168,1617
0.0143,4740
-0.23,10621
-0.527,10942
0.329,541
-0.112,8446
0.00841,4994
0.125,2200
-0.085,7011
0.4,892
-0.176,9652
-0.0462,6940
-0.152,8903
0.737,116
0.106,2647
-0.376,10976
0.6,62
0.056,3442
-0.229,10989
0.221,366
0.149,2852
-0.057,6693
-0.0589,6956
-0.0105,5596
0.0507,3872
0.0458,4110
0.443,947
-0.0671,6511
-0.104,7533
-0.0703,4313
-0.11,8192
0.00988,4855
0.295,634
-0.327,10631
0.0128,4592
-0.29,9678
-0.0762,8053
-0.0268,6352
-0.203,9732
-0.0967,9472
-0.0923,7368
0.323,307
0.00246,5483
-0.149,9884
-0.165,7798
-0.0573,7812
-0.464,10474
-0.0575,7700
-0.0458,7168
-0.212,10775
-0.0288,6037
-0.106,9881
-0.265,9868
0.00983,4946
0.02,4341
-0.144,9371
0.423,1081
0.0727,3644
0.0727,3812
-0.308,7456
-0.381,10525
-0.147,7954
-0.242,10342
0.52,1283
0.638,865
-0.066,7102
0.171,2791
0.318,646
-0.173,9165
-0.114,8465
-0.101,8260
-0.185,9570
0.262,614
0.125,2208
-0.348,9211
-0.00295,5165
0.895,38
-0.0599,6322
0.0288,4155
0.326,1267
-0.121,7635
0.0227,4535
-0.214,10050
0.062,4437
-0.101,10387
0.0281,4283
-0.0393,5988
-0.242,10584
0.00415,5183
0.672,272
0.192,1316
0.197,1216
0.141,2833
0.451,1862
-0.337,10313
-0.402,10940
0.118,1941
-0.06,7226
0.237,865
-0.136,8277
-0.134,5994
0.083,3592
0.217,1399
0.0339,4436
-0.328,10964
-0.15,9130
-0.141,9308
-0.272,10756
-0.0814,8300
-0.0585,6543
-0.126,8133
0.247,1211
-0.134,9055
0.791,155
-0.294,10490
-0.231,9694
-0.0776,6965
-0.0566,7213
0.235,1555
-0.175,9192
-0.0793,9062
-0.13,9499
0.0195,4822
-0.0925,7751
0.415,1583
-0.00924,5802
0.0186,4853
-0.0694,9668
-0.312,9929
0.214,2409
0.0809,4298
-0.0855,7130
-0.0152,5977
0.15,1847
-0.101,8757
-0.0715,7098
-0.152,10270
-0.264,10558
-0.0292,6786
-0.097,7711
0.0313,4536
0.209,3042
-0.496,9948
0.149,2760
-0.184,9119
0.0199,4747
0.325,212
0.444,349
0.0255,4564
-0.519,10382
-0.263,10480
0.049,3226
0.341,87
0.166,1533
-0.0404,7067
-0.323,9508
0.146,1343
-0.082,8778
-0.05,5344
-0.0352,5445
0.446,1671
-0.232,7624
0.183,1148
0.113,2826
-0.314,10665
0.307,316
-0.512,10905
0.0398,4021
-0.0171,6129
-0.0262,5944
-0.147,8337
-0.00559,5591
-0.265,10878
0.298,2969
-0.0634,6859
-0.13,9281
-0.091,8661
-0.108,9598
-0.0783,6834
-0.115,8476
-0.277,10446
0.209,743
-0.389,10882
-0.145,9037
0.081,3745
0.155,1180
-0.107,9102
-0.0574,7536
-0.127,8941
-0.135,6904
0.137,1824
0.0252,4729
0.0253,4333
-0.0673,7619
-0.215,9023
-0.0589,7315
-0.043,7118
-0.0414,5778
-0.0388,7519
-0.0771,7947
-0.00365,5302
-0.413,10114
-0.000262,5186
-0.474,10777
0.0656,2970
-0.204,9417
-0.26,9405
-0.232,8462
0.221,2259
0.335,473
-0.278,10639
0.122,1661
-0.35,8067
0.00705,5217
-0.163,8248
0.0264,4690
-0.0487,6945
-0.231,10054
0.0405,4377
-0.336,9830
0.061,4077
-0.144,8101
0.347,213
0.0253,4361
0.145,2608
0.185,1264
-0.0959,6997
-0.09,8535
-0.052,7478
-0.0183,6575
-0.174,9457
-0.193,9233
-0.214,10136
-0.0245,6291
-0.104,8509
-0.0811,8076
-0.219,9110
0.033,4562
-0.0741,5523
0.226,1766
0.00216,5309
-0.0962,8817
-0.0321,5670
-0.117,9093
2.15,660
0.147,530
-0.0102,6012
0.107,1557
-0.188,9310
0.22,1331
0.503,1251
0.305,1671
0.326,47
-0.103,7609
0.148,3588
0.232,1193
0.18,2603
-0.0806,7147
-0.221,9343
-0.166,10421
0.234,570
0.135,3147
-0.154,10364
-0.24,9516
-0.104,8702
0.00958,4825
-0.31,8948
-0.136,6943
-0.706,10643
-0.0114,5541
0.06,3439
-0.172,9319
-0.14,7543
0.334,941
-0.174,7390
0.114,1994
-0.00413,5516
-0.0568,6655
0.0485,4063
0.138,1910
0.64,52
-0.366,10920
0.174,2102
-0.138,10134
-0.202,10055
-0.188,9398
-0.499,10622
0.224,2531
-0.236,10800
-0.0156,5692
-0.0905,7690
0.0211,4553
-0.111,8008
0.221,703
-0.0514,6897
0.0685,2432
0.0848,3287
0.309,963
-0.0616,6684
0.88,3
0.219,982
-0.023,6697
0.0681,3294
-0.0907,9027
-0.415,9313
-0.177,7057
-0.335,10739
0.37,359
0.0236,1151
-0.096,7283
-0.14,8706
-0.341,11026
-0.646,10065
-0.238,10658
0.161,1270
0.0762,3792
-0.345,10508
0.0615,3753
-0.0788,6728
-0.0946,8712
-0.085,8100
0.174,1253
-0.06,6067
-0.292,10376
-0.666,9832
0.00708,5137
-0.0818,7752
0.178,1284
0.261,466
0.439,19
0.368,407
-0.038,6501
-0.0826,7579
0.111,3433
-0.235,9645
-0.0314,5437
0.187,3039
0.111,1919
-0.357,11016
0.0903,2380
0.203,1515
-0.353,9296
-0.0683,7402
-0.0628,7092
-0.00318,5470
0.435,1159
-0.0994,8515
0.15,2516
-0.166,9739
-0.242,9523
0.0484,3850
-0.046,6016
-0.251,10344
-0.0523,6560
-0.194,9030
-0.0693,8252
0.0799,2563
-0.0766,6660
0.129,2525
-0.297,8308
-0.12,7755
0.0613,3763
-0.0215,6288
-0.267,10139
1.33,25
0.198,2881
0.574,290
-0.0596,7016
0.0923,3408
0.582,489
0.0889,2769
0.375,603
-0.539,10978
-0.127,8877
0.107,2381
0.167,2403
0.294,986
-0.151,8581
0.0565,4092
0.336,965
0.0701,2901
0.108,3147
-0.086,7119
-0.57,10524
0.909,26
-0.162,9481
-0.104,9047
0.0326,4222
1.08,37
-0.0202,6103
-0.169,8080
0.178,1048
0.0652,1696
-0.0778,8171
0.203,2211
0.0026,5187
0.0738,2896
-0.148,8676
0.106,1642
1.03,5
0.287,1533
-0.437,9262
0.0667,3885
-0.12,9080
-0.0506,6186
-0.194,9319
-0.185,8171
-0.165,8756
-0.123,5926
0.147,2142
-0.178,9953
0.0881,3951
0.000661,5427
0.142,2917
-0.0565,6260
-0.022,5969
0.082,2904
-0.344,10735
0.121,2262
0.0094,4869
-0.0381,6314
0.244,1570
-0.117,8719
-0.0494,6811
-0.152,9363
-0.0777,7441
-0.0823,6634
-0.185,10716
-0.0886,10083
0.184,1369
0.122,2205
-0.484,9695
-0.0412,6357
0.0415,3955
0.0232,5004
0.0132,5062
-0.25,10722
-0.0838,7376
0.0104,4748
0.0623,3858
0.298,675
0.311,100
0.033,4751
0.866,6
-0.242,9917
0.00756,5052
0.203,1218
0.117,3395
0.138,2089
-0.0826,7065
-0.0689,5783
-0.0693,8368
0.0867,3032
-0.0711,6852
0.0559,3242
-0.23,7287
-0.0246,6423
-0.024,5684
-0.00907,5815
0.404,269
0.343,541
-0.1,6548
0.325,1824
-0.0667,6675
-0.105,7982
-0.284,9363
-0.243,10698
-0.125,7105
-0.441,10465
-0.0462,7294
-0.241,10952
-0.0215,6082
0.00298,5509
0.00759,5092
-0.295,10562
0.0132,4995
-0.206,10170
0.643,93
-0.19,8746
0.118,3591
-0.22,9700
0.321,50
-0.00578,5573
0.101,3279
0.372,1009
-0.279,8455
0.148,1973
-0.13,8986
-0.0173,5726
0.0853,3321
0.0908,4114
-0.0219,4653
0.0168,4973
-0.144,8427
-0.125,8046
-0.262,8517
-0.336,9054
0.0241,4757
0.0661,3053
-0.172,9547
-0.168,7965
-0.0906,7325
-0.118,7724
0.0359,4477
-0.0912,8123
-0.0956,9024
0.00991,4892
-0.00492,5470
-0.00962,5500
-0.0549,5848
-0.126,9151
0.0735,2713
-0.0311,6519
-0.125,7738
0.0887,3854
0.00589,5050
0.188,1090
0.0464,2791
0.906,146
0.0364,4490
-0.216,9053
-0.00886,5489
-0.238,10873
0.189,1112
0.117,1936
-0.462,10845
-0.0114,5517
0.0256,4483
-0.0505,8026
0.216,463
0.301,783
0.482,164
-0.225,10424
-0.0651,6866
-0.0783,8405
-0.155,9808
-0.089,8257
-0.116,7659
0.237,1671
0.0133,4988
-0.0861,8437
0.284,17
0.218,906
-0.145,7472
-0.194,9120
0.233,1997
0.0404,3477
-0.0579,7466
0.362,176
-0.0391,6011
0.131,2528
0.464,279
0.16,1311
-0.069,7094
-0.0446,6253
-0.253,10459
0.201,1220
-0.00359,5321
-0.0462,6886
0.115,1974
-0.252,9173
0.193,1473
-0.544,10989
0.054,4070
-0.133,9168
0.00888,4884
-0.0576,6950
-0.0694,6428
0.000499,5310
-0.184,9026
-0.141,10098
-0.0309,5883
-0.313,10926
0.0262,4653
0.115,1242
0.0446,4307
-0.0419,6653
0.123,2042
0.148,2060
0.0249,4441
-0.299,9825
-0.675,10283
-0.05,7711
0.291,316
-0.148,8003
-0.282,9507
0.16,3333
0.489,1184
-0.0679,6587
-0.149,9891
0.0346,4735
0.243,841
0.269,2994
-0.286,8008
0.0711,3805
0.182,640
0.0711,3240
-0.0321,6063
-0.269,9555
0.108,2795
0.0129,4931
-0.0481,6152
-0.256,10021
-0.302,8749
-0.153,7484
-0.508,10930
0.00426,5453
0.5,138
-0.232,10055
0.0656,3930
-0.239,10087
0.0634,3448
0.00904,5149
-0.0906,8245
0.101,3409
0.195,2230
-0.0533,6821
-0.164,5637
-0.0339,6872
0.119,2748
0.138,1561
-0.0347,5415
-0.256,9004
0.176,1735
0.0474,3659
-0.135,7815
0.156,3212
0.0263,4907
0.0613,3985
-0.0272,5883
0.0864,3095
0.201,1691
-0.0969,8096
0.639,41
-0.398,10104
-0.175,7143
-0.0509,6874
-0.0332,6165
0.82,6
-0.0325,5554
-0.172,6236
0.221,327
0.119,2081
-0.0666,6628
-0.119,8866
0.122,2861
0.599,2167
-0.132,9174
-0.0303,6080
0.532,31
-0.0971,7565
-0.173,10721
-0.149,9245
-0.0483,6783
0.405,205
0.209,2381
-0.244,10692
-0.148,10314
0.135,2348
0.0487,4170
0.00228,5142
0.22,354
0.457,112
-0.00724,5450
0.0544,4159
0.0491,4409
-0.181,10432
0.0222,4505
-0.0139,5618
-0.378,10748
-0.271,9934
0.0873,3760
0.0871,2799
0.0173,4742
-0.0737,7503
0.153,1935
0.207,1982
-0.166,8936
-0.0477,7377
0.145,628
0.161,2366
-0.322,10341
-0.0219,6364
0.163,1414
0.00269,5310
0.00535,5253
-0.132,8683
0.418,1656
-0.000278,4984
0.469,687
0.0262,4343
-0.117,10106
-0.158,7439
0.329,161
0.818,569
0.122,2841
-0.18,9451
0.0251,4088
0.165,1078
0.316,273
-0.0513,8127
-0.302,10199
-0.0273,5815
0.107,3221
-0.0512,7014
0.461,426
-0.275,10036
0.656,50
0.0302,4535
0.0282,4481
-0.0566,6528
-0.0676,7219
-0.257,9834
0.244,1499
0.225,1019
-0.0649,7270
0.259,1828
0.0137,4545
-0.159,7956
-0.485,9247
-0.138,9891
0.101,3219
0.338,548
-0.198,8465
-0.0126,5645
-0.855,11018
-0.0332,7226
-0.0342,6726
-0.256,10193
0.0851,3052
-0.0485,5661
-0.0429,5963
-0.153,9369
-0.119,6836
-0.029,5947
-0.117,8473
0.152,1307
-0.0874,6127
0.201,1146
-0.0721,7902
-0.0404,6505
-0.322,9853
-0.096,7778
-0.285,9072
-0.253,9982
0.0534,4185
-0.0448,6379
0.252,700
-0.201,9546
0.0936,3005
-0.105,7997
0.0423,2421
0.33,2437
0.0672,3533
0.0984,3286
-0.0828,8836
-0.203,9929
-0.0268,6683
0.00134,5127
0.0948,4311
0.0111,4984
0.0449,4612
-0.168,8299
0.339,741
-0.175,7976
-0.114,7423
-0.562,11010
-0.421,10433
-0.23,8825
-0.0503,7304
0.164,2215
-0.0655,7400
-0.0658,6822
0.0278,4745
-0.0914,8613
-0.053,8646
0.108,2737
-0.000314,5266
0.225,3159
-0.0887,7853
-0.0061,5498
-0.217,9627
-0.151,7875
-0.542,10999
-0.202,7576
0.443,1109
-0.172,10872
-0.0114,5848
-0.105,8463
-0.402,9879
0.0775,3842
0.376,529
-0.0713,8347
0.295,118
-0.183,7944
-0.26,9940
-0.0144,5471
-0.448,9945
-0.0571,7454
-0.0228,5824
-0.309,9314
0.00218,5044
-0.371,10548
0.0151,4843
-0.45,11029
-0.0384,6914
-0.0168,5807
0.0326,4522
-0.093,7017
-0.128,9336
0.0189,5055
0.27,940
0.0403,3756
0.11,2797
-0.152,8356
-0.0455,6153
0.157,1177
0.0448,3656
-0.0142,5647
0.0597,3726
-0.145,7408
-0.0266,6044
-0.0318,6467
0.0269,4880
-0.464,10079
-0.0904,7473
-0.318,10895
-0.256,9764
-0.0719,8025
0.032,4457
0.125,2116
0.191,2070
0.448,104
0.651,1052
0.149,388
-0.0698,7729
-0.00675,4958
-0.189,10543
-0.457,6821
-0.0788,5456
-0.0373,6806
-0.0734,7309
-0.0823,7771
-0.558,10959
-0.256,8593
-0.233,8017
-0.032,6333
0.291,182
-0.4,10344
-0.105,6939
-0.219,8022
0.187,2505
0.0685,4147
0.183,1091
-0.167,7864
-0.146,8811
0.245,2207
0.654,139
0.024,4325
-0.12,7945
0.13,3172
0.173,2057
-0.0821,6387
0.0845,3491
-0.116,10422
-0.145,10077
0.0265,4567
-0.111,8161
0.0931,3511
0.519,346
-0.46,10704
0.037,3662
0.234,2085
-0.2,9784
-0.105,7995
0.0977,2513
0.0391,4456
-0.00827,6035
-0.0435,6287
0.0953,2626
-0.0588,6646
0.0845,3456
-0.183,10628
0.303,862
0.111,331
0.27,294
-0.27,10576
-0.041,6085
0.148,1900
0.518,6
0.111,1843
0.034,4451
-0.0758,7427
-0.166,8168
0.0444,4325
-0.028,6392
-0.0992,8439
0.252,1590
0.242,1494
-0.0514,5728
0.0991,4143
0.0576,2456
0.00688,5387
1.53,125
-0.526,10872
-0.0138,4592
-0.268,9669
-0.127,9154
0.0761,2069
0.655,155
0.212,1281
-0.236,9059
0.729,7
0.144,991
-0.00619,5701
-0.187,7750
-0.0916,8205
-0.0815,6605
0.876,70
-0.00938,5346
0.185,2512
0.081,3083
0.153,1953
0.0852,3547
0.119,3397
0.0178,4574
0.254,179
0.0715,3127
-0.319,10505
-0.352,7250
-0.199,9826
0.123,2122
0.0348,4083
-0.268,9185
-0.331,9029
0.0921,3853
0.012,4963
-0.015,5987
-0.000576,4994
-0.0697,7947
-0.274,10191
0.0786,3865
-0.14,8116
0.106,1876
-0.255,10507
0.0981,3777
0.038,4573
0.217,2477
0.346,910
-0.243,10105
0.0258,4621
-0.0593,7243
-0.0337,5932
0.158,1043
0.0354,4461
0.256,1241
-0.114,8902
-0.685,11033
0.193,1081
-0.0137,5201
-0.145,9790
0.055,2943
-0.0689,6825
0.165,2147
0.155,3024
0.0214,5007
-0.0375,6411
-0.0348,6305
0.121,1422
0.0145,4847
-0.0678,6689
-0.257,9952
1.06,97
-0.174,8893
-0.116,9598
-0.386,10386
-0.031,6078
0.219,1604
0.238,2183
0.299,439
0.165,2132
-0.19,9806
-0.383,10698
0.0157,5012
0.293,88
-0.013,5992
0.331,930
0.00838,5241
-0.165,9501
0.0112,3782
-0.258,7621
0.32,537
-0.117,9526
-0.174,10006
-0.178,8758
-0.022,5938
0.000858,5140
-0.148,9769
0.0448,2904
-0.308,10122
-0.115,9320
-0.00133,5489
-0.156,8826
0.0709,2755
0.0208,5040
0.366,604
-0.035,5916
0.0142,5104
0.0516,3385
0.482,16
-0.0857,8396
-0.143,8845
0.28,513
0.293,1216
0.0866,2658
0.035,3776
-0.202,8810
1.27,1444
0.211,1315
0.994,820
0.118,2732
-0.0241,6762
-0.0669,6263
-0.0609,5758
-0.34,9813
0.054,3322
0.000858,5328
-0.124,9419
-0.128,9555
0.312,843
0.0259,4418
0.181,2300
-0.198,7794
-0.139,10055
-0.0513,6721
-0.0401,5891
0.219,1140
-0.158,8972
-0.0515,6461
-0.227,10399
-0.109,8062
-0.0163,5964
0.262,1750
-0.105,8924
-0.288,10751
0.0308,4028
-0.156,10088
-0.123,7927
-0.0455,7055
-0.266,9855
-0.184,8921
-0.0136,5687
-0.278,10951
-0.0691,6780
0.192,829
0.0148,4984
-0.059,6732
0.509,472
-0.0125,5747
-0.208,9864
-0.138,9471
-0.206,9907
0.101,3386
0.206,432
-0.297,10765
-0.242,10215
-0.161,9637
0.838,294
0.275,1537
-0.0122,5629
0.131,2990
-0.581,10756
0.144,2124
-0.0226,5642
0.211,1905
0.0313,4628
0.188,430
-0.269,9896
-0.327,10851
-0.121,6753
-0.427,10594
0.27,242
0.184,646
-0.136,7759
-0.0144,5562
-0.41,10587
0.959,31
-0.108,8179
0.0597,3835
0.781,804
-0.483,10139
0.265,2734
-0.684,10417
-0.0789,7940
0.299,2592
0.794,82
0.135,2179
-0.166,7346
0.0441,4469
-0.0425,7146
-0.272,10974
-0.0112,5183
0.176,1201
0.191,852
0.775,58
-0.0279,6226
-0.158,10784
-0.132,8765
-0.244,9268
0.112,3293
0.0739,3694
0.146,1221
-0.0602,7640
-0.0479,6123
0.273,526
-0.0909,7448
0.286,1523
-0.228,10710
-0.163,9265
-0.131,8824
0.39,316
-0.0281,6055
0.13,3143
-0.0427,6723
0.0522,4059
0.0123,4933
0.265,567
0.0125,4853
0.137,2436
-0.251,10550
0.045,3684
0.738,1816
0.626,389
0.0198,4865
0.201,1872
0.0474,4073
0.0594,4137
0.0694,2917
0.123,3308
0.651,95
-0.212,8264
0.106,2543
0.0107,4775
-0.0199,5574
-0.531,10740
0.0797,2881
-0.0348,6222
0.0845,2834
0.261,216
0.0428,4668
-0.153,10553
0.145,695
-0.235,8390
-0.0834,7357
0.00115,5362
-0.0703,7538
-0.315,9345
-0.118,7131
0.183,2787
-0.054,5706
-0.0451,6287
0.378,393
0.115,3103
-0.365,10562
0.0667,3853
-0.461,10480
-0.0596,7258
0.00254,3523
0.18,3723
-0.0655,5606
-0.099,7455
0.237,1074
0.114,2732
-0.161,10847
0.000742,5174
0.0381,3511
0.161,2226
-0.195,8827
-0.278,9589
-0.0954,6493
0.0731,4145
-0.0157,5582
-0.599,9917
-0.238,8537
-0.209,9888
0.85,50
0.0888,3457
0.313,735
-0.141,9265
-0.188,9692
0.514,440
0.348,892
-0.225,10753
-0.00547,5446
-0.086,7083
0.895,0
0.0181,4690
0.419,663
0.127,1046
-0.0537,7273
-0.0279,5711
-0.169,9656
-0.348,9794
-0.0399,6206
-0.0108,6234
0.181,1413
0.5,76
-0.0634,7167
0.841,11
-0.562,10945
-0.0671,7828
-0.107,8150
-0.0361,6050
0.134,3086
-0.267,7896
-0.166,7853
-0.00666,5565
0.062,3161
0.331,478
0.436,224
0.0288,4605
0.0889,3824
0.0315,4319
0.124,2578
-0.036,6570
-0.091,6939
0.392,1433
-0.0331,6111
-0.127,8513
0.0257,4751
-0.0698,6449
-0.105,7538
-0.107,9232
0.226,1190
-0.0587,7254
-0.00219,5689
-0.181,8933
0.21,1749
-0.0249,5588
0.0479,4300
0.394,661
-0.108,8545
-0.264,9742
0.393,760
0.024,4659
-0.0982,6723
-0.302,10187
-0.0947,8160
-0.0911,6906
1.31,563
-0.369,10453
0.261,2023
0.0496,4002
0.497,166
-0.481,10997
0.0176,4818
0.0812,3470
-0.00733,5581
-0.142,8763
0.386,990
0.226,601
-0.04,6396
0.0463,4402
0.136,2456
-0.0275,6632
0.164,2125
0.0942,2512
1.13,1013
-0.13,7329
-0.225,10576
-0.118,8608
-0.139,8606
-0.00842,5536
-0.0889,8917
-0.287,10694
0.0481,3611
-0.0628,7130
-0.144,10745
-0.105,6954
0.0222,4650
0.401,972
-0.0935,7568
0.00185,4981
0.625,97
-0.295,10748
0.0739,2834
0.165,942
-0.0177,5662
-0.121,9634
-0.167,9965
-0.207,9787
-0.339,10450
-0.134,6778
-0.206,5393
0.106,2206
0.072,3513
-0.106,8900
-0.204,8402
-0.21,9759
-0.179,8712
0.23,473
-0.127,7164
-0.13,9546
-0.102,7499
0.0126,4756
-0.0439,6877
0.0812,2787
-0.314,10789
-0.466,10921
-0.104,6643
-0.0244,5561
-0.0264,6594
0.0501,4224
0.139,3813
-0.431,7296
-0.577,8106
-0.0943,6800
0.106,3636
-0.168,7838
-0.0469,6110
0.0728,2807
0.184,2741
0.302,1055
-0.0179,5884
-0.104,7996
-0.478,11019
1.16,178
-0.00342,4919
-0.396,8357
0.259,2447
-0.579,10944
0.399,1032
-0.201,10161
-0.168,7621
-0.176,8667
0.107,1750
-0.111,8748
0.0151,4829
0.0124,5111
-0.0528,6995
-0.00642,4901
-0.0875,9598
0.256,404
-0.0688,7046
-0.161,8923
-0.155,8933
0.155,2459
-0.123,8226
-0.0449,6479
3.1,0
-0.157,7272
-0.0558,5521
-0.05,6461
0.159,1732
-0.0155,5861
0.268,1935
-0.265,10121
-0.116,8221
0.0831,3311
-0.166,10876
-0.0438,6903
0.125,3869
0.0374,4673
-0.0267,5718
0.152,2596
0.0146,4906
0.152,853
-0.134,9803
-0.203,10293
0.472,1433
0.243,25
0.0777,3609
-0.172,10580
-0.0306,6380
0.0228,4818
-0.187,7844
0.0949,3340
-0.244,9854
-0.0384,6434
-0.0509,7428
-0.0364,5992
-0.314,10751
-0.248,9961
0.0779,2467
0.125,1398
0.00396,5649
-0.0986,7629
0.198,1374
0.221,1452
-0.0193,5704
0.117,2026
0.0109,4925
-0.279,9242
0.363,1243
-0.541,10718
0.219,954
-0.0806,7147
0.32,539
0.15,2827
-0.407,8993
-0.308,9394
0.0142,4702
-0.0593,7688
0.136,2403
0.238,641
0.349,1
-0.00618,5294
-0.143,10591
-0.202,10078
-0.136,7902
-0.0213,5752
-0.129,7593
-0.036,6112
-0.0406,6223
-0.257,10764
0.143,2254
0.0894,1530
-0.163,6894
-0.0124,5861
0.0804,2488
-0.0308,6308
-0.325,10615
0.194,1663
0.591,872
-0.0183,5418
-0.0517,6841
-0.0517,7709
-0.0221,5989
0.144,2816
-0.386,7702
-0.199,9863
0.233,2436
-0.236,10978
0.693,689
0.0694,3898
0.101,3832
0.128,3283
-0.0825,9193
0.423,408
-0.125,7989
-0.163,9355
-0.372,8741
0.105,2116
0.158,914
-0.23,10848
0.758,99
-0.166,8681
-0.13,7122
0.136,1945
0.17,1222
0.0127,4770
-0.113,8165
-0.286,10169
0.148,1007
-0.2,9453
0.00187,5420
0.445,203
-0.379,9419
0.0941,2822
-0.319,8117
0.357,1662
-0.216,8988
-0.303,10508
-0.0723,7503
-0.0674,7698
-0.0808,7439
-0.104,7161
0.0605,3506
0.416,837
-0.119,7675
-0.0823,8016
0.146,2837
-0.164,7755
0.126,3645
0.162,2726
-0.19,8192
0.497,765
-0.451,6830
-0.0214,6159
0.139,1619
0.151,1592
0.107,2846
-0.117,7602
-0.431,10569
-0.358,10257
-0.0899,7508
0.202,1046
-0.314,8723
0.0448,4024
-0.276,9956
-0.0339,6152
0.299,221
0.0432,4259
-0.0911,8119
0.237,566
-0.327,10258
-0.223,9818
0.036,4161
-0.00248,5499
0.397,243
0.183,2309
0.164,2861
0.254,2282
-0.038,7465
0.502,159
-0.0987,7399
0.551,217
0.108,3354
0.0186,5070
0.363,292
-0.174,10167
0.0996,3916
-0.0823,6557
-0.00266,5454
-0.352,10445
-0.158,10465
-0.0319,6934
-0.0565,6289
-0.275,8860
0.387,1089
-0.159,7372
-0.0674,6114
-0.0503,7717
-0.151,8380
-0.0825,7734
-0.327,8024
-0.125,3155
0.11,1538
0.223,943
-0.0691,7139
-0.028,6097
-0.0311,6241
0.0106,4867
0.0434,3475
-0.139,9963
0.0832,2766
0.471,132
-0.0808,5129
0.346,446
0.0124,4925
0.0584,3608
-0.0288,6215
-0.273,8101
-0.192,8070
-0.0253,5935
0.141,1370
-0.0788,7995
-0.0802,6611
-0.446,10443
-0.018,5876
-0.207,10261
-0.0118,5444
-0.0366,5623
0.344,891
-0.0537,6474
-0.231,9696
0.337,804
0.288,564
0.176,237
0.191,2313
-0.131,8662
0.0925,3439
0.872,253
0.0799,2168
0.00571,5064
0.497,31
-0.0079,5652
-0.121,8233
-0.142,8622
-0.116,8942
-0.00406,5150
0.0268,4663
0.143,1932
-0.257,9633
0.0581,2699
0.204,1015
0.0438,3411
-0.0626,6814
0.333,1352
-0.271,8795
-0.0798,7359
0.0193,4797
-0.0248,6394
-0.0886,7268
0.223,1829
-0.137,8105
-0.077,7662
-0.281,10856
0.111,2764
-0.14,7651
0.211,1449
-0.023,6678
0.408,97
0.25,484
0.164,1163
-0.107,6740
-0.496,10955
-0.0813,6697
0.183,1833
-0.178,9232
0.301,40
0.114,3259
-0.134,7152
0.366,391
0.406,1036
-0.18,10248
0.0503,3479
-0.0704,6424
-0.221,9093
-0.257,9111
-0.184,7304
0.115,2470
-0.249,10501
-0.0819,7352
-0.217,8393
0.133,1852
-0.0852,7185
-0.129,9757
-0.0991,8062
-0.0921,7621
0.281,1357
-0.379,10475
-0.159,7617
0.101,2860
0.0176,4774
-0.252,9524
-0.0191,5774
-0.105,7125
-0.00825,5262
-0.131,8825
-0.247,10957
0.322,1115
-0.307,9341
0.045,4513
-0.177,8231
0.405,34
0.03,4008
0.262,1295
0.189,1918
0.205,1534
-0.206,9767
-0.111,8217
0.037,3662
-0.172,8876
0.121,2261
-0.141,7914
0.215,579
-0.0651,7544
-0.149,10683
0.267,1321
-0.0324,6643
0.00332,5209
0.0695,4238
-0.211,10583
0.046,3725
0.414,7
-0.162,8338
-0.189,7932
-0.248,10167
-0.0342,6484
0.0854,2991
0.129,2229
-0.0795,5726
-0.614,10790
-0.105,7655
0.00453,5271
-0.0626,7117
-0.116,7527
-0.175,8429
-0.0978,8162
0.669,621
0.0259,4360
0.227,742
0.181,1649
-0.118,8039
0.0987,2824
0.199,1769
0.0961,1524
0.0383,4040
-0.0745,6523
-0.0445,6526
-0.186,9196
-0.0782,6411
-0.0168,5911
-0.0522,6849
-0.158,8193
0.024,4901
0.0659,3733
0.124,3780
0.173,1537
0.0234,4360
0.000751,5380
0.108,3453
-0.0286,5947
-0.102,7744
-0.142,9104
-0.275,10685
-0.133,8748
0.0586,3985
-0.2,8774
-0.144,9001
-0.115,8833
0.662,157
0.0803,2773
-0.199,9301
-0.0421,4810
0.0539,2490
0.0755,3585
-0.0959,8502
-0.0344,6027
-0.254,10820
0.268,1676
0.16,1870
0.0374,4116
-0.115,7113
-0.227,9304
0.00549,5244
0.00387,5196
0.333,653
-0.154,8963
-0.0844,6959
0.211,695
-0.253,9764
-0.113,8098
0.0276,4202
-0.116,9808
-0.211,8256
0.18,2193
-0.0498,6409
-0.198,6779
0.128,1337
0.0625,2749
0.627,223
-0.142,9216
0.215,2257
-0.348,9032
0.0181,4491
-0.201,9884
-0.292,11026
0.145,2653
0.282,1245
-0.163,9788
-0.389,10992
-0.051,6960
-0.17,8562
0.0165,4743
-0.339,8938
-0.184,8818
0.326,223
-0.047,6687
-0.331,10534
0.207,1515
0.115,2928
-0.365,10014
0.132,1648
-0.213,7652
-0.226,9199
0.107,3081
-0.296,8999
0.682,1054
-0.138,9053
-0.24,10123
0.15,3752
-0.0138,5294
-0.338,9788
0.751,64
0.117,2081
0.393,38
-0.283,10396
-0.0667,8104
0.0327,3456
0.0493,4425
0.0516,3453
-0.166,10025
-0.414,9739
-0.186,4292
0.468,935
0.909,552
-0.287,9907
0.258,380
0.51,318
-0.395,10764
0.107,2233
-0.151,8426
0.132,1907
0.00765,5191
0.00994,5145
0.15,2209
-0.00156,5394
-0.147,5321
-0.0166,5877
-0.00747,5564
-0.016,5572
0.11,2668
0.0701,3993
0.317,1656
-0.136,8745
0.107,312
0.421,1542
0.118,2619
-0.379,8636
-0.262,9524
0.148,1869
0.0485,3123
0.0564,4465
-0.43,10486
-0.0611,8284
0.0672,3665
-0.0962,9182
-0.218,10867
0.0422,960
-0.187,9553
0.224,285
0.136,3001
-0.131,9800
0.238,219
0.309,1077
-0.315,9846
0.0386,4334
-0.0546,7394
-0.198,10321
0.0652,3480
0.461,994
-0.283,7974
0.334,1434
0.502,300
0.165,1644
0.147,587
0.0591,3138
-0.0936,7385
-0.132,8444
-0.448,9986
-0.597,7495
0.00991,4697
0.0567,2698
0.129,3116
-0.385,10409
-0.119,7671
-0.0136,5116
-0.0985,7566
-0.0634,8060
0.146,2747
-0.148,7903
0.0379,4274
-0.307,8464
-0.182,9870
-0.247,9725
-0.0948,9043
-0.176,8597
-0.154,9255
-0.0865,6625
-0.0679,8074
-0.101,8456
0.235,1026
-0.261,9942
-0.332,9209
-0.356,8542
0.0327,3787
-0.283,10428
-0.11,8680
0.104,2578
-0.161,8474
-0.463,10304
0.311,612
-0.215,8032
-0.112,7012
-0.246,8761
0.153,2630
-0.233,9215
-0.0683,7845
-0.0584,8768
-0.439,10292
-0.0984,9428
-0.195,7989
0.607,645
-0.00372,5482
-0.301,10676
0.133,1810
0.31,974
0.0742,4338
0.262,282
-0.448,10951
0.211,61
-0.53,11029
-0.029,5835
0.0238,4878
-0.0422,5954
-0.102,8026
-0.0874,7418
0.197,1636
0.435,552
0.0518,2916
0.0219,4917
-0.0377,6779
-0.133,9846
0.279,562
0.175,2248
0.00692,5107
-0.134,7242
-0.155,9124
-0.146,10302
-0.378,10494
-0.0589,7243
-0.224,7388
0.185,1420
-0.0308,6228
0.148,3127
-0.207,10118
0.126,3397
-0.225,10352
0.0648,3499
0.239,473
-0.148,8608
-0.0654,8097
-0.0789,6543
0.149,2897
-0.0941,8609
0.052,3905
-0.207,8370
0.0303,4519
0.181,1509
0.478,27
0.0749,2657
-0.0566,7010
-0.0107,5991
0.0328,4582
0.615,196
-0.136,8248
0.407,564
-0.161,8573
0.256,1462
0.434,928
0.12,2043
-0.123,7095
0.0647,3718
-0.23,9886
-0.271,10455
0.386,600
-0.382,8287
0.488,136
-0.00275,5475
-0.297,10780
0.914,710
0.0116,5020
-0.00531,5403
-0.00884,5269
-0.364,7722
0.257,1932
0.103,2514
-0.148,7461
-0.139,7988
-0.0154,6209
0.164,665
-0.166,9197
0.335,1766
-0.203,7440
0.0319,4437
0.0624,2170
0.0636,2954
-0.186,9111
-0.0734,7664
0.193,1201
1.22,0
-0.091,7474
-0.0398,7125
0.366,1606
-0.0491,7092
0.0756,2564
-0.0316,5399
-0.0218,5669
0.192,426
-0.0103,5347
-0.1,7062
-0.509,11012
0.359,340
-0.177,9630
0.0944,3492
0.0233,4671
-0.352,11020
0.163,1797
0.201,2719
0.0258,4541
-0.161,9140
-0.0216,5364
-0.2,8031
0.0952,3346
-0.16,8080
-0.0109,5980
0.0945,3103
-0.394,9832
-0.185,8628
-0.241,9658
-0.277,10093
-0.0199,5876
-0.027,6618
-0.035,6507
0.1,3605
-0.14,5871
-0.111,7604
0.201,1379
0.0796,1995
-0.203,9730
-0.0941,6228
-0.287,9461
-0.163,9096
0.0163,4853
-0.078,7352
0.143,2305
-0.102,7571
0.547,158
0.422,79
-0.122,9426
-0.00431,5214
-0.000564,5213
-0.0533,6730
-0.286,9262
0.0842,3844
-0.108,8554
-0.0625,7096
0.303,815
0.0679,3276
0.114,2377
-0.209,10953
-0.0886,7388
0.0333,4364
-0.123,7764
-0.0502,7600
0.273,605
-0.0788,7301
-0.00835,5880
-0.0866,7781
-0.00301,5342
0.0139,4787
-0.103,8085
-0.242,9911
0.0927,2961
0.178,1105
-0.471,10994
-0.181,8318
-0.184,8998
0.057,3802
0.124,3020
-0.0224,5823
-0.197,9795
-0.201,8833
0.159,2415
-0.04,4769
-0.000919,5448
-0.0415,7456
-0.109,9167
-0.176,7637
-0.0934,8421
-0.389,10338
0.0255,4233
-0.101,8867
-0.207,10216
-0.0707,6707
-0.0105,5124
0.188,2253
-0.066,8035
0.00336,5238
-0.238,10393
-0.194,9948
0.452,723
-0.0947,7328
-0.176,8859
-0.141,10047
-0.267,10812
0.104,2443
0.0805,3275
-0.00803,5530
-0.316,9740
0.0229,5013
-0.208,9585
0.254,2036
-0.58,9170
-0.172,5866
0.194,827
-0.0713,8629
-0.0581,6296
0.489,931
0.107,2326
-0.361,9687
-0.0369,5979
0.059,3550
0.0968,3758
0.147,1737
0.314,670
0.12,3452
0.248,2425
0.61,149
0.0319,4743
-0.237,8762
0.0198,4891
-0.141,8602
0.0171,4363
0.106,1690
-0.51,10979
0.307,310
-0.0203,5668
0.0351,4195
0.0935,1500
-0.117,9908
-0.144,9554
0.0115,5139
0.143,2975
-0.274,10819
-0.187,10065
-0.0838,8064
0.0428,3996
0.457,51
0.0207,4141
-0.833,10897
-0.0627,7187
0.0803,3276
0.115,3296
-0.394,9140
-0.0632,6796
0.322,469
0.187,586
0.0246,4395
0.33,1101
-0.168,9931
-0.128,8247
-0.116,8643
-0.131,8451
-0.168,9407
0.00417,5143
-0.185,9694
-0.0745,9012
0.0288,4331
0.0299,4314
-0.0458,6950
-0.146,9240
-0.126,7638
-0.201,7545
-0.0834,5029
0.00206,5208
0.0846,2554
-0.0176,5941
-0.331,10924
0.305,1201
0.202,2065
0.204,1045
0.151,1079
-0.179,9430
0.255,842
-0.419,10440
-0.116,7522
0.246,172
-0.0983,8802
0.0464,4051
0.5,56
1.43,35
0.0807,2360
-0.113,8840
0.677,53
0.0488,3669
0.261,1994
0.265,763
-0.509,11003
-0.116,8012
-0.156,9914
-0.0642,6702
0.116,3636
0.0118,4865
-0.25,4775
-0.225,10732
-0.077,7758
0.0208,4892
-0.0672,4942
0.245,870
-0.241,8401
0.00837,5032
0.0733,3114
0.316,1042
-0.16,8476
-0.21,8707
0.325,477
-0.16,10445
0.0647,3907
-0.163,7611
0.524,650
-0.245,8918
0.325,142
-0.0403,7028
0.0968,1160
0.00381,5239
-0.0844,5980
0.206,1636
-0.0256,5748
-0.513,9294
0.0381,3405
-0.274,9807
-0.0603,6662
-0.0351,5722
-0.0251,6110
-0.567,10824
-0.147,10116
0.356,174
-0.0768,6466
0.259,3037
-0.103,7431
0.0383,4330
-0.169,8819
-0.0841,6552
0.071,3951
-0.407,10347
-0.415,9286
0.0887,2514
-0.139,8980
1.07,1
-0.00968,5448
-0.178,9085
0.0294,4387
0.12,1685
-0.1,8819
0.303,846
-0.259,10134
-0.306,9075
-0.446,10804
0.0766,2919
-0.0378,6735
0.117,3881
-0.0455,6623
0.15,2173
-0.0978,7916
-0.0476,6943
0.134,2991
-0.0452,6734
0.325,1045
-0.0825,7186
-0.0633,6318
0.217,1127
0.304,820
-0.0965,6817
0.0562,2479
0.208,2124
0.0148,5081
0.236,813
-0.11,9261
-0.101,6720
0.0112,4839
0.136,2277
0.0898,3161
0.084,2387
-0.212,10869
-0.295,9854
-0.128,8000
0.00523,5282
-0.0868,7118
0.0682,3879
0.0215,4625
0.197,2741
-0.227,6769
0.0899,3344
0.477,315
-0.153,8857
0.056,3258
0.517,356
0.0755,4202
-0.142,9696
-0.551,10155
0.135,2624
-0.0268,6584
0.284,691
0.866,1171
-0.0609,6317
-0.514,10520
0.0569,2177
-0.398,11007
-0.222,9829
0.205,1843
-0.0397,6327
0.0349,4526
-0.124,9031
0.0505,3999
-0.31,10398
0.0941,3274
-0.00138,5095
-0.0135,5701
0.193,949
0.0795,3596
-0.0963,6978
0.496,104
0.155,2971
0.523,1284
0.192,1262
-0.0737,8379
-0.316,10610
-0.0105,5279
-0.059,6991
0.182,1489
0.0646,3834
1.36,111
-0.196,10714
0.501,54
-0.24,10971
0.26,1069
-0.0494,6679
-0.0969,9037
0.0318,4548
-0.3,10413
-0.133,8471
-0.85,11029
0.0286,4404
-0.218,8873
-0.39,7991
0.895,35
0.457,84
-0.254,8547
-0.0418,6502
-0.341,9823
-0.0727,6320
0.296,928
-0.269,9830
-0.227,10497
-0.13,10512
-0.0618,7893
0.284,476
-0.225,9607
0.316,2067
-0.00845,6214
0.147,1830
-0.047,7920
-0.151,8262
0.243,2016
-0.0575,5463
-0.378,9326
-0.0114,5622
0.392,367
-0.131,8028
0.173,732
-0.167,7334
-0.11,6854
-0.0503,6824
-0.085,7189
-0.00486,5348
0.225,1587
-0.0233,5745
-0.0965,6845
0.379,11
-0.0148,6123
-0.0519,6522
-0.0768,7634
0.167,2172
-0.663,11033
0.0659,3193
0.153,2804
-0.12,8665
0.275,777
-0.0828,6402
-0.116,7832
0.0169,5028
0.154,2495
-0.296,10201
-0.129,8118
0.0193,4769
0.434,1444
-0.031,6392
0.0365,3507
0.0347,4202
0.263,224
0.115,2870
-0.289,10757
0.271,454
0.298,478
0.934,81
0.224,1830
0.716,30
0.101,4038
0.589,2
-0.00456,6122
0.461,64
-0.0357,6691
-0.138,8387
0.0387,3960
-0.0401,6848
-0.153,9425
-0.16,8217
0.091,2807
-0.109,7727
-0.0199,6103
-0.161,9689
0.0645,2930
0.436,337
-0.106,8275
-0.0487,6521
-0.0874,7086
0.346,1056
0.208,1688
0.442,142
0.966,276
0.0442,4292
0.217,2383
0.0206,4446
-0.00637,5388
-0.0415,6577
0.0436,4630
-0.0155,5931
0.597,1461
0.0713,2726
-0.0819,7247
0.478,374
0.329,588
-0.0134,5951
-0.18,6656
-0.0343,6291
-0.134,10481
0.0941,3635
-0.726,11025
-0.371,10595
-0.0523,5543
0.0733,3486
0.158,2717
-0.0689,7079
-0.161,9132
0.43,1835
0.29,1244
-0.0407,6724
0.229,466
-0.326,9555
0.0217,4826
-0.0888,7835
-0.126,6700
-0.161,10069
0.199,202
-0.0961,6930
0.3,530
0.136,2265
0.496,219
0.0481,3884
-0.124,8718
-0.0743,7442
-0.0869,7806
-0.0262,6307
0.337,78
0.186,1680
-0.162,9620
-0.289,9898
-0.0793,7111
-0.00646,5676
0.229,2884
0.0124,5027
0.0255,4645
0.403,605
0.0131,4848
-0.183,6967
-0.278,10095
0.154,1223
0.04,4125
-0.23,7526
-0.343,10164
-0.0618,6195
-0.161,10713
0.0554,3181
0.0841,3403
-0.0736,7556
0.294,579
1.9,0
-0.0772,7227
0.501,315
0.0709,3542
0.0103,5150
1.05,24
-0.171,8968
-0.0721,6918
0.108,3152
0.29,1881
-0.0164,5373
0.406,455
0.591,310
-0.115,6966
-0.0597,6081
-0.0532,5967
-0.0634,5361
0.103,3910
-0.0292,6071
-0.0611,8190
0.158,658
0.0149,5075
-0.0986,7814
0.0419,4175
-0.39,10830
0.0492,3968
0.296,619
0.152,2753
0.06,4047
-0.0759,7433
-0.155,9469
-0.332,10229
-0.344,9901
-0.193,9494
0.429,27
-0.274,8860
0.0174,4815
-0.111,8420
-0.0381,8472
0.144,2669
0.319,949
0.127,3013
-0.291,10542
0.165,1218
0.164,1546
0.094,3033
-0.0162,5784
0.405,357
-0.161,8314
0.206,483
0.0262,4630
1.07,656
-0.00114,5251
0.967,11
0.0473,3888
-0.00955,5605
0.112,2122
0.162,2186
0.37,716
-0.564,10490
0.105,4237
-0.0294,7111
-0.111,8146
-0.125,8204
0.0182,4952
-0.3,8695
0.643,1255
-0.243,9665
0.7,9
0.00938,5044
0.565,453
-0.137,9638
-0.0802,6590
-0.178,9590
-0.506,10967
-0.000717,5331
0.0922,3399
-0.251,9254
-0.00602,5358
-0.0401,6467
-0.203,10688
-0.377,10583
-0.432,10498
-0.0527,6869
-0.0666,6653
-0.0335,6988
-0.104,8345
-0.112,8593
0.122,2985
-0.0127,5015
0.186,3187
-0.0748,7508
0.0868,2180
-0.393,10937
-0.0939,7354
-0.127,8387
-0.00502,4790
-0.354,10938
0.0765,3854
0.171,1404
0.252,625
0.326,103
0.0141,4821
0.143,2129
-0.000414,5256
-0.496,10732
0.339,527
0.334,321
0.509,608
-0.0433,6579
0.742,13
-0.317,9084
-0.0413,6906
-0.425,10355
0.183,3080
0.0878,2951
0.0839,3207
0.334,873
-0.0187,6149
-0.0564,7073
0.151,3337
0.193,1061
0.152,908
-0.597,9480
-0.01,5428
-0.14,8224
0.149,2293
-0.221,10427
-0.273,10095
0.693,10
-0.096,6081
-0.0576,7400
-0.00553,5549
0.0736,2821
-0.117,9742
0.0701,3200
0.207,720
-0.0463,5720
-0.347,7029
-0.0861,8063
0.277,312
2.88,0
0.423,221
-0.0197,5346
0.163,814
-0.0165,5966
-0.016,5818
0.292,2235
-0.0581,9887
0.00308,5147
0.121,1951
-0.288,10626
2.04,679
0.26,1249
0.0449,2724
0.0861,959
0.412,2690
-0.667,8380
-0.111,9590
0.388,11
0.111,2880
-0.127,8146
-0.00738,5261
0.0302,4709
-0.108,7791
-0.143,9155
0.247,1084
-0.397,9687
-0.0658,6903
-0.401,10873
-0.283,10518
0.19,381
-0.214,10636
0.126,2486
0.176,2758
0.598,350
-0.285,10166
-0.2,9728
-0.152,10299
-0.112,8929
0.392,587
-0.136,6432
-0.605,10966
0.0417,3951
-0.0689,7247
-0.127,9388
0.0361,4084
-0.256,10206
0.0854,4058
0.0464,4142
0.0576,3532
0.115,2608
0.322,373
-0.0624,7425
-0.222,7151
-0.196,10584
0.0577,3860
-0.118,8036
-0.329,10945
0.31,1670
-0.201,10219
-0.132,9902
-0.102,8031
0.173,1555
-0.45,10930
0.0722,3344
-0.178,9490
-0.254,10551
-0.0718,9247
0.0739,3530
-0.073,7573
-0.0586,5767
0.181,1025
0.0487,2920
-0.173,10146
-0.107,8129
-0.528,9207
-0.277,10929
-0.421,10683
-0.0768,8481
-0.038,6807
-0.358,10917
-0.277,10067
0.19,1489
-0.355,10718
-0.2,8604
0.000402,5360
-0.309,9823
0.132,2091
-0.341,9937
-0.0798,6189
0.108,2477
-0.246,8961
0.0235,4418
-0.0531,6500
-0.0604,6685
-0.149,7767
0.15,2163
-0.0897,9008
-0.0471,6613
-0.118,7801
-0.202,9904
0.257,797
-0.128,10317
-0.104,9193
-0.0389,6413
-0.401,10269
-1.48,10433
-0.109,8037
0.0218,4366
0.152,2020
0.121,2363
-0.0536,6709
-0.462,10920
0.44,365
-0.0524,6683
0.13,2002
0.0048,4905
-0.322,6815
-0.0246,5792
-0.963,10973
-0.0311,5599
0.103,4097
0.0416,3824
3.88e-06,5195
-0.306,9148
-0.137,8329
-0.177,10746
-0.11,8038
0.051,3822
-0.191,7796
0.144,1671
0.0345,4744
0.00439,5093
0.104,2008
0.013,4720
-0.145,6643
-0.0669,5700
-0.0714,8200
0.0786,3072
0.166,1198
-0.169,9157
-0.424,10323
-0.115,7851
-0.0427,6476
-0.133,8577
-0.034,6423
-0.0863,8048
-0.153,8770
-0.135,7476
-0.0769,6448
0.153,1794
0.212,1537
-0.188,9335
0.379,477
0.0767,4151
-0.101,8778
0.13,2173
0.0122,4779
0.274,1539
-0.179,10405
0.0544,4033
-0.0219,5660
0.176,2152
0.105,1615
-0.287,10777
0.538,841
0.0354,4342
0.0605,3104
-0.186,9774
-0.00596,5552
-0.208,9600
-0.576,7870
-0.0531,5747
-0.109,8873
-0.0242,6804
-0.237,10221
0.118,3901
-0.0604,6802
-0.203,10613
-0.039,6748
0.167,1364
-0.0466,7103
-0.532,10417
-0.274,8418
0.0906,2592
0.0634,3908
-0.215,10026
0.231,984
0.261,1395
-0.253,9769
-0.0163,5953
-0.124,6952
0.092,3251
-0.197,10009
0.0512,4375
-0.13,8618
-0.087,8664
-0.128,9466
-0.0611,7488
-0.0981,7716
0.027,4553
-0.594,11027
0.0774,3622
0.0758,3194
-0.0227,5710
0.576,0
-0.0413,5901
0.29,1791
0.105,2335
0.546,8
-0.242,9103
-0.0921,7421
0.288,1125
-0.144,8795
-0.208,10317
0.00596,4978
-0.133,7914
-0.291,8617
-0.516,10765
-0.386,10468
0.117,1558
-0.0178,5982
0.473,150
-0.555,11020
0.0126,5091
0.514,455
-0.23,10881
0.0893,3443
-0.00828,5427
0.0332,4095
0.0165,4813
0.334,310
-0.134,8912
0.0345,4137
-0.178,9639
-0.0257,5687
-0.19,9318
-0.155,8598
0.0197,4609
0.00947,5008
-0.117,7555
0.0836,3310
-0.0639,6573
0.45,176
-0.0891,7669
-0.331,10741
0.0521,3590
-0.182,9832
0.231,1551
0.0335,4113
0.0489,2871
-0.192,7890
0.0424,3951
0.798,199
-0.0317,6177
0.0588,3348
0.064,2000
0.418,131
0.0697,3737
0.615,11
-0.0412,5701
-0.0372,6830
0.0648,3169
0.225,378
-0.367,10158
-0.576,9405
0.287,1962
-0.272,10381
0.125,1501
0.236,1171
0.0814,2764
-0.33,10065
-0.26,9588
-0.0702,7488
-0.0049,5616
-0.441,11031
0.378,202
0.195,878
-0.00673,5468
-0.0385,6766
0.238,528
-0.0918,7059
-0.11,7702
0.116,3081
-0.217,8192
-0.137,8414
0.0726,3780
-0.309,7506
-0.0587,5928
0.815,821
-0.175,7637
-0.111,8005
-0.0372,6901
0.152,1740
0.229,952
-0.252,9337
-1.02,10600
0.127,1666
-0.0648,5890
0.121,3014
-0.261,9527
0.642,74
-0.218,9534
-0.0835,7960
-0.0744,7595
0.211,723
-0.358,7629
-0.102,7475
-0.0849,7618
-0.121,8015
0.0704,3451
0.266,1831
0.0826,3412
0.316,2279
-0.223,7188
-0.158,10023
-0.00292,5530
0.151,1858
-0.14,8718
-0.469,9521
-0.0862,7461
-0.0428,6548
-0.159,8863
0.1,2901
-0.0196,5552
-0.32,10255
0.123,2061
0.0811,2556
0.128,1490
0.0255,4569
0.216,1719
-0.0215,6406
0.0212,4941
0.0238,4231
0.0479,3869
0.156,2528
-0.0561,7097
0.0687,4041
0.398,316
0.124,937
0.102,2286
0.151,2070
-0.0249,6173
-0.474,8957
0.715,150
-0.0174,6258
0.411,135
0.187,1404
0.708,214
-0.0387,6525
0.0987,3914
0.0861,1856
0.0832,1507
-0.299,9720
-0.103,6769
0.592,96
-0.065,6831
-0.212,9100
-0.0907,8720
0.114,2401
-0.324,10611
0.565,323
-0.0613,7019
-0.00789,5755
0.0405,4530
0.847,7
0.143,1244
-0.0242,6305
-0.391,10561
-0.051,7261
-0.0943,8549
-0.225,9596
0.208,3032
0.3,1898
0.053,4167
0.145,1368
-0.00316,5768
0.393,216
0.0175,5241
-0.0703,5814
-0.0651,7116
0.0394,4286
0.362,14
0.76,86
-0.0249,5863
-0.0477,6658
0.18,1183
-0.182,10933
0.0288,4201
-0.241,9089
-0.00088,5601
-0.0655,6397
0.0648,3944
0.0466,3481
0.96,7
0.0338,4605
-0.128,6887
0.201,1195
0.231,2191
-0.109,7199
0.119,2597
-0.241,10625
0.27,100
0.163,931
-0.0129,5659
-0.133,8450
-0.0974,8495
-0.377,10603
-0.14,9034
-0.145,9656
0.147,2064
-0.253,10051
0.0335,4400
0.358,1028
0.0304,4185
0.0864,2235
-0.0484,6972
-0.159,8291
-0.424,10929
0.0247,4647
-0.0443,6724
0.173,1873
0.0957,3109
0.0849,3816
0.114,2757
-0.0286,5862
-0.0614,7272
-0.194,9584
0.0565,3677
-0.0893,8175
-0.132,7286
-0.0181,6115
0.128,2464
0.276,1864
0.178,1522
-0.0432,6366
-0.145,8112
-0.333,9589
-0.127,7746
0.086,1767
0.00018,5355
-0.127,9103
0.0824,3841
-0.242,9108
0.189,844
-0.0894,8689
-0.116,7448
0.311,1102
0.234,2267
-0.0728,6416
-0.00823,5522
-0.19,10181
0.0143,4752
-0.23,8652
-0.375,10518
-0.45,10179
-0.0266,5968
-0.147,10174
-0.0906,8561
0.027,4184
0.16,1931
0.0408,3853
-0.199,10385
0.186,1663
-0.148,8717
-0.096,7830
-0.115,8683
-0.0676,7468
-0.0496,7702
-0.171,9419
-0.0048,5547
0.0182,4781
0.165,2368
-0.0256,6296
0.176,2450
-0.217,10422
0.00663,5039
0.11,2659
-0.314,9706
0.117,2934
-0.415,10885
0.0996,3043
0.0192,4797
-0.163,7336
0.203,2836
-0.0626,8303
0.124,2798
-0.274,9560
-0.292,10229
-0.4,10710
-0.0259,6415
-0.306,10242
-0.294,9468
-0.117,7229
-0.0441,6119
0.0744,3997
-0.225,9315
0.171,1904
0.139,1246
-0.105,8319
-0.0769,7107
0.115,3387
-0.131,7706
-0.119,7848
-0.193,9936
-0.0126,5725
0.00992,4818
-0.0439,6547
0.191,1439
0.0359,4148
0.322,35
-0.259,8081
-0.244,9296
-0.107,7906
-0.181,9471
0.12,787
0.0876,3294
0.00917,5112
0.0299,4704
0.518,46
0.0673,4084
-0.0975,7083
-0.139,9261
0.11,2493
0.603,34
0.151,2208
0.0636,3736
-0.319,10570
0.012,4986
0.00266,4928
-0.0875,7415
0.252,1555
-0.328,7634
-0.174,10354
-0.00333,5719
0.08,3083
0.163,2234
-0.0149,5785
-0.315,6248
-0.0734,8330
-0.0364,6816
0.165,1906
-0.0114,5387
1.05,51
-0.129,7947
0.0288,4518
-0.0435,6518
-0.0797,6925
0.111,3115
0.0802,2849
-0.685,9723
0.0492,4189
-0.0928,7977
0.00672,5020
-0.247,9787
0.305,1122
-0.121,6594
-0.144,10624
-0.0593,7670
0.131,1965
-0.171,9737
0.128,2129
0.0749,4183
0.265,307
0.0557,4307
2.38,71
0.0819,3085
0.546,48
-0.15,9811
0.0513,3291
0.115,1115
0.271,1345
0.0662,3606
0.469,136
-0.189,9483
-0.000587,5484
0.122,948
0.224,797
0.0171,4991
-0.0923,6980
0.298,2147
-0.311,10498
0.186,502
-0.0303,6034
0.653,426
0.274,744
-0.0669,6889
-0.2,10600
-0.0546,6937
0.0519,4176
0.26,779
0.309,2167
0.341,539
0.0378,3322
-0.00418,5479
0.309,967
-0.213,9519
-0.0432,5697
-0.266,9567
-0.0843,7999
-0.119,9758
-0.187,10159
-0.021,5900
0.137,2973
-0.211,9494
-0.0641,8196
-0.172,10611
0.566,653
0.168,1028
0.131,2988
-0.347,8844
-0.189,10088
0.19,1430
-0.106,7305
-0.0282,5537
0.223,1819
0.561,697
-0.265,10563
-0.0448,6576
-0.173,8583
0.307,1304
-0.0757,7370
0.000956,5181
0.118,2020
-0.0075,6416
0.0365,4619
0.0751,3462
0.203,3256
0.41,571
0.264,41
-0.0283,6127
-0.216,8563
0.0112,5052
-0.0495,5441
0.479,495
-0.165,9127
0.408,817
0.192,1087
-0.194,10345
-0.00972,5644
-0.384,10409
-0.01,5849
0.0564,3821
0.0118,5061
0.0879,2893
-0.122,5586
-0.248,6812
-0.078,7615
-0.384,11000
-0.247,10812
0.563,391
-0.213,9811
-0.0818,5991
0.393,236
0.193,1188
-0.204,9640
-0.596,8778
-0.294,10680
-0.107,6309
-0.139,10592
-0.357,10774
-0.159,8871
0.0783,4062
-0.191,9720
-0.0498,5964
-0.0493,7009
0.265,1328
-0.0574,6470
-0.181,9111
-0.307,10571
0.381,1007
0.151,930
-0.246,10358
-0.0986,7958
-0.0637,6898
0.125,3281
-0.111,7826
0.0709,2627
0.0147,4945
0.132,2288
-0.121,8863
0.0962,3695
0.0705,4064
0.0751,2908
0.118,2303
-0.129,7690
0.648,13
0.122,968
0.319,2115
-0.00167,5336
0.054,2655
0.132,1591
-0.0337,6654
-0.00273,5477
-0.0133,5629
-0.0226,5561
-0.0982,8737
0.0867,2405
-0.0734,6441
-0.177,8357
1.2,157
0.985,775
-0.00774,5846
-0.0151,6187
-0.199,8700
-0.159,9872
-0.148,8469
0.373,1746
0.296,78
0.0101,4834
-0.269,7483
0.274,2947
0.0877,3753
-0.191,7776
0.22,2813
-0.0414,7239
-0.0763,6494
-0.167,8476
-0.0645,7408
-0.00721,5861
-0.118,9262
-0.131,8329
0.0489,4152
0.231,1389
0.13,2759
-0.0513,6242
0.0368,3754
0.107,2351
-0.198,8338
-0.0559,5668
-0.0896,6850
-0.0863,7837
0.0409,4385
0.0339,4518
-0.284,10315
0.41,455
-0.128,6668
0.253,1183
0.129,1859
-0.141,9471
0.308,2922
-0.245,8704
0.235,2669
0.0204,5063
-0.0885,8614
0.0655,3125
-0.0548,5447
-0.273,7986
-0.575,8570
0.0325,4659
-0.162,9887
-0.566,8422
1.9,4
-0.192,8579
0.119,2739
-0.574,10834
-0.176,9311
0.0678,4107
0.107,3117
0.0377,4474
-0.154,9801
-0.0494,6947
-0.0868,7108
-0.0896,7398
-0.071,8630
-0.359,9822
-0.159,9017
-0.135,8431
0.0572,3161
-0.479,10485
0.0491,3348
0.0582,3617
-0.0962,6680
0.0288,4611
0.0188,4631
-0.0431,6377
0.133,1980
-0.188,9609
-0.0767,8852
0.0558,3106
-0.0953,6815
-0.192,8690
-0.431,9913
-0.282,10559
0.336,1090
-0.00556,5262
-0.372,8382
-0.105,6048
-0.144,7677
-0.106,7436
-0.244,10443
0.345,122
0.205,1064
0.0916,3253
-0.139,8626
-0.0438,6312
-0.134,10017
0.0818,3172
-0.108,7966
0.0114,4907
0.885,3
-0.138,7445
0.188,489
0.0559,2706
-0.0606,5717
-0.0905,5415
-0.779,10491
-0.211,10222
0.0151,5019
-0.167,9240
0.036,4557
-0.124,8475
-0.00571,5457
-0.226,10621
0.00724,4968
0.306,2070
0.109,2880
-0.422,10275
-0.287,10154
0.413,9
-0.0867,7974
0.415,645
0.242,661
-0.388,9342
0.032,4638
0.0155,4771
-0.0681,6542
-0.238,10181
0.309,540
0.0416,4284
-0.0482,6837
0.151,1301
-0.134,8941
-0.0142,5250
0.286,1399
0.0354,4354
-0.107,5287
-0.0746,8157
-0.0458,6032
0.183,2592
0.136,1962
0.00169,5078
-0.00454,5638
-0.149,7719
0.288,1160
-0.272,10279
-0.0166,6061
-0.214,9629
-0.122,9557
-0.0929,8238
-0.0127,6063
0.499,42
0.0617,3817
-0.178,8627
-0.149,5633
0.235,557
-0.0981,8483
-0.0547,6051
-0.101,8604
0.195,2777
-0.489,9931
-0.068,7644
0.0156,4432
-0.043,6007
-0.214,10258
-0.158,8366
-0.0225,5821
0.0926,2962
-0.15,8998
0.0223,4972
-0.09,7396
0.204,821
-0.124,7917
-0.112,10352
-0.0425,7356
-0.0729,7161
-0.177,9854
-0.114,7209
0.0214,4825
-0.174,6948
0.222,775
0.113,2933
0.313,1303
-0.0627,7201
-0.204,8371
0.348,36
0.0318,4202
0.0301,4469
0.00298,5118
-0.518,10910
0.241,1854
0.0789,2757
-0.247,10351
-0.25,9897
0.167,1469
-0.022,5215
0.137,1870
0.0404,4430
-0.0268,6391
-0.0269,6128
-0.0611,6978
0.372,381
-0.256,7102
-0.00156,5499
-0.223,10470
-0.00968,5803
-0.124,8209
0.198,1778
-0.0884,7948
0.188,366
-0.0479,7509
-0.279,9198
-0.323,10133
-0.194,8251
-0.185,8395
0.275,349
0.184,1640
-0.0605,5945
-0.183,9165
-0.433,10388
-0.222,9916
-0.17,9664
-0.108,8752
0.159,2649
0.0258,4664
0.549,1386
0.333,849
-0.369,10630
0.0155,4822
-0.0136,5321
-0.279,9690
0.183,4095
-0.042,6689
0.0949,3836
-0.177,9023
-0.0281,6551
0.0238,5048
-0.283,11022
0.104,3267
0.0357,4443
0.139,2302
0.271,1263
-0.254,8373
-0.288,8986
0.055,3171
0.105,2716
0.124,3856
-0.0361,5609
-0.267,9927
-0.139,9487
0.166,1391
0.109,1274
0.2,237
4.73,0
5.45,0
1.36,3
1.25,3
1.03,4
-0.231,10335
-0.0404,6749
0.48,302
0.00696,4968
0.337,50
0.0515,3254
-0.151,7998
-0.228,10724
-0.28,9098
0.119,3299
-0.474,10977
-0.114,8793
0.034,4319
-0.0235,5919
-0.376,10988
0.311,1034
0.346,351
-0.0878,9276
-0.0156,5909
0.102,3229
-0.15,10171
-0.0329,6206
-0.255,10901
-0.17,10820
-0.167,9511
-0.19,9004
-0.112,7056
-0.0935,6467
0.203,877
-0.0151,5996
0.239,1770
0.0603,3806
0.329,717
0.786,1117
-0.116,8793
-0.0465,6393
0.255,2870
-0.0779,7234
-0.2,9213
-0.0125,5849
-0.000172,5333
-0.0734,6923
-0.127,7486
-0.323,10832
0.00947,4769
-0.173,7537
0.0547,3484
-0.0291,7193
-0.0978,8354
-0.0887,7805
0.0902,1824
0.36,680
-0.263,10939
-0.19,10409
-0.0736,6595
0.246,393
0.266,2660
0.19,1943
-0.097,8742
-0.057,8400
0.301,515
0.0983,2526
-0.247,8975
0.168,811
0.078,2659
0.0301,3905
-0.22,8982
-0.148,8035
-0.0311,5967
0.14,1870
-0.0067,4880
-0.126,9634
-0.109,8058
-0.341,10850
0.0392,4606
0.218,514
-0.00854,5581
-0.278,10200
-0.00159,4903
0.00054,5312
0.331,291
0.218,1823
0.173,1605
0.28,1062
0.136,1218
-0.00422,5311
-0.228,10708
0.606,988
0.0815,818
-0.027,6161
-0.109,8729
-0.387,10946
0.0879,3895
-0.216,10115
0.00341,5308
0.182,828
0.0438,3902
0.118,2743
0.0512,3747
0.364,1667
-0.127,7801
-0.0379,6576
-0.281,9957
-0.116,8164
0.414,983
0.0138,5161
0.16,1315
-0.0414,6493
0.129,1845
-0.157,8730
0.046,4322
0.105,2454
-0.00653,5412
-0.252,10071
0.2,1547
-0.414,10788
0.0311,4383
0.118,1574
0.158,987
-0.366,10810
-0.00539,5341
0.224,2837
-0.0464,5879
-0.109,7017
-0.0431,7173
0.0221,4804
0.494,20
0.273,1225
0.0648,4140
0.308,2125
-0.0103,6060
0.643,14
-0.1,6769
0.0812,3611
1.11,252
-0.0536,6737
-0.166,9852
0.0644,2956
0.151,3538
-0.114,7425
0.0688,3982
0.151,2697
-0.41,10977
0.211,2338
0.051,3970
-0.0411,6129
-0.0333,6469
-0.935,11027
0.0897,1478
0.000227,5389
-0.285,10688
-0.0756,6610
-0.485,10898
0.235,2182
0.19,1179
0.0471,3723
0.144,1858
-0.074,7869
0.0162,4912
-0.134,8391
-0.00759,5842
0.0914,3527
-0.107,6818
-0.115,8485
-0.155,8823
-0.0164,5421
0.0955,3051
0.00649,4942
-0.179,9384
0.202,2249
0.0257,4924
0.0251,4580
-0.0615,8134
0.307,517
-0.777,10343
-0.177,9506
-0.0852,6479
0.347,173
0.019,4437
-0.259,10504
0.218,1186
-0.189,9562
0.257,918
-0.00764,5444
-0.0464,7239
-0.0973,10064
0.143,3193
-0.102,8154
-0.391,10141
-0.029,6236
-0.163,9217
-0.112,8444
-0.00464,5414
-0.337,10204
0.0539,3684
0.799,319
-0.0548,8878
0.189,669
0.317,1061
-0.105,7617
-0.351,10765
0.111,2999
-0.0597,7632
0.0333,4351
0.0361,4579
0.202,2255
0.198,501
-0.0624,6737
0.136,989
0.064,3390
0.119,3242
-0.0707,7752
-0.178,6075
-0.173,8435
0.168,2024
-0.0666,8843
-0.137,7795
-0.241,10136
-0.238,10079
-0.127,8371
-0.0136,5785
-0.0358,6110
-0.0574,6265
-0.0733,5492
0.0759,3933
0.0921,3442
-0.14,9557
0.0961,3301
0.436,2364
-0.314,10382
-0.499,10886
0.508,238
0.0366,3119
0.137,1685
0.291,947
0.138,1922
-0.0336,6283
0.157,2204
-0.114,9913
0.0845,2646
-0.251,9426
-0.12,7320
0.0667,4049
-0.0129,5612
-0.0632,8225
0.234,837
0.473,287
-0.35,10523
0.0529,3996
-0.0745,6573
-0.115,8805
-0.14,9679
-0.565,10743
0.0482,4375
0.793,1919
-0.198,8209
0.012,4761
0.379,64
0.398,741
-0.387,10598
0.0567,3242
-0.117,8177
0.262,310
0.288,239
1.44,1133
0.0587,4320
0.037,3975
0.683,49
-0.196,8669
-0.0693,7213
-1.16,10051
-0.242,9052
0.221,1254
-0.485,10101
-0.176,8507
0.0164,4951
-0.0765,5381
0.204,670
0.761,224
0.0822,2976
0.0211,4696
-0.0771,7660
-0.201,8800
0.0382,4130
0.74,699
-0.126,7592
-0.132,7452
0.0879,3494
-0.0964,6927
-0.134,7715
-0.465,7352
-0.00141,5336
-0.129,9943
0.00052,4988
0.211,2559
-0.301,8740
-0.161,7550
-0.138,9508
-0.167,8886
0.0475,3761
0.0143,4860
0.012,4877
0.0671,4074
0.0386,4528
0.287,111
0.157,1668
-0.105,7334
0.0235,4542
0.768,536
0.105,3215
-0.00332,5392
-0.104,8537
-0.156,6814
0.0105,4911
-0.677,9629
-0.0416,5913
0.127,1868
0.0246,4120
0.196,1839
-0.0212,5879
-0.0373,5701
0.244,437
0.0824,3353
-0.205,10774
-0.0521,5905
0.576,33
-0.259,9835
-0.084,6793
-0.099,8383
0.0313,3951
0.379,706
0.00732,4938
-0.305,8540
-0.0302,5600
0.348,36
0.12,760
-0.236,9995
-0.537,9932
-0.125,6743
-0.223,9529
0.196,1306
-0.0504,8130
-0.257,10163
0.209,1573
-0.198,10289
0.141,2342
-0.085,7787
0.0147,4717
-0.62,10878
0.0408,4265
0.787,19
0.0887,3792
-0.176,9150
0.0775,3163
0.0687,3343
0.024,4092
0.0176,4736
0.516,652
0.0439,3628
0.351,651
-0.0906,7802
-0.084,6712
-0.264,9145
0.385,289
0.0215,4496
-0.415,10946
-0.0911,7669
0.0727,4324
0.205,1861
-0.842,10611
0.0395,4282
0.399,651
0.0494,4298
-0.344,8764
0.466,309
0.163,1822
0.07,3471
-0.0259,6373
-0.0406,7088
-0.0293,6094
0.18,2611
-0.0236,5588
0.121,1963
0.154,1865
-0.0825,7477
0.137,1102
-0.00949,5140
-0.12,7836
0.0771,2719
-0.0596,7366
-0.066,6883
0.146,2621
-0.264,9891
0.0286,4556
-0.00366,5327
-0.00595,5484
0.391,34
-0.27,10399
0.0363,4436
0.272,1920
-0.292,10887
-0.0485,7362
-0.396,10607
-0.122,5493
-0.0367,6614
-0.0161,5705
-0.139,8786
-0.0998,7226
0.0577,4284
0.142,886
0.0336,4578
-0.0326,6551
0.16,1165
0.0386,3194
-0.0425,7817
0.0669,3291
0.0273,4200
0.408,15
-0.286,10665
0.253,1908
0.118,2296
0.0057,5021
-0.485,11028
-0.31,10666
-0.341,10922
-0.0808,8772
-0.332,9445
-0.156,8653
0.104,1450
0.0635,3670
0.163,3351
-0.0415,6136
0.353,221
-0.0121,5795
0.257,601
0.411,2584
0.0623,3577
0.0864,3785
0.105,2541
0.19,874
-0.398,8950
-0.258,10227
-0.00125,5254
0.206,2054
-0.0479,6153
0.12,2080
-0.124,8076
-0.0972,7552
-0.309,10157
0.0251,4110
-0.0269,6072
0.00524,5182
0.128,3475
0.147,3564
-0.00288,5337
0.00849,5035
-0.11,8025
-0.0296,6109
-0.00365,5303
-0.31,8235
0.425,354
0.131,2170
0.0255,4323
-0.101,7133
0.14,2229
0.0613,4002
-0.0333,6677
-0.0719,9010
0.341,685
-0.0198,5766
0.132,2480
-0.127,8854
0.236,351
0.367,874
-0.418,10233
0.0962,2559
0.139,2597
-0.166,9404
-0.00325,5634
-0.0516,6692
-0.398,10644
-0.0145,5329
0.58,610
-0.34,8933
-0.00147,5046
0.097,2030
-0.121,8873
-0.122,7370
0.362,639
-0.12,6846
-0.0995,8570
-0.013,5417
-0.0461,6624
-0.00392,5389
-0.191,10441
0.0046,5001
-0.138,9018
0.0229,4769
-0.165,8589
-0.161,9239
0.238,2391
-0.303,9052
-0.136,9552
-0.0478,7819
-0.0469,6395
0.431,549
-0.136,7867
-0.289,7700
-0.0509,7005
-0.0526,6905
0.579,26
-0.212,8123
0.389,428
0.0813,3759
-0.0938,10380
0.146,2245
0.446,103
-0.0246,5525
-0.0782,7291
-0.0612,7630
0.442,26
-0.0553,6981
0.19,2968
0.541,641
1.07,172
0.622,126
-0.164,9938
-0.153,9823
-0.278,9877
0.28,473
-0.213,8564
0.219,2145
0.107,2571
-0.291,10964
0.0951,3364
0.186,2348
-0.388,6609
0.139,2635
-0.22,10709
0.228,1559
0.273,931
-0.163,7674
0.172,4388
0.163,3055
-0.0762,8731
0.308,237
-0.225,9660
0.099,3159
-0.119,6413
-0.0279,6343
-0.205,10316
-0.232,9873
-0.238,8703
0.373,413
0.69,40
-0.301,10850
0.263,200
-0.125,9037
0.886,179
0.261,598
-0.16,9352
-0.238,7191
-0.157,10138
0.0766,3635
-0.183,9939
-0.0645,7204
-0.489,11023
-0.132,6206
0.417,1391
-0.0739,7418
0.137,3564
0.0323,4454
-0.277,7811
0.0265,4394
0.0215,4486
-0.206,9135
-0.0362,6877
0.113,3028
0.107,3676
0.319,2681
0.185,319
0.0706,2905
0.126,3207
0.0263,4796
-0.224,8495
-0.0969,7904
0.0307,4088
0.0859,2579
0.194,1268
-0.27,10329
0.497,1235
-0.199,10484
-0.292,10515
0.144,2172
-0.0814,7957
-0.213,8862
-0.163,8808
0.135,2401
-0.0347,6135
-0.0347,6562
-0.0354,5400
-0.224,10495
0.177,1690
-0.0644,6961
0.278,1097
0.109,3021
-0.224,9607
-0.135,8801
-0.283,10624
-0.232,8933
0.0447,3949
-0.276,9278
-0.148,8739
-0.118,9286
0.132,2662
0.147,2021
0.134,383
-0.0243,6673
0.461,536
-0.132,8072
0.0203,4757
-0.0354,6913
-0.0338,6267
-0.128,8272
1.05,1631
0.394,516
-0.185,7480
0.326,1377
-0.291,9295
-0.0935,8504
0.117,3169
-0.0798,6774
-0.0706,7534
-0.394,10271
-0.0755,7619
-0.0873,10110
0.288,2122
-0.111,8036
2.33,143
0.0162,4932
-0.211,9613
-0.133,9562
0.184,2443
-0.01,5333
-0.29,10241
0.0769,3566
0.052,3152
-0.00755,5701
-0.225,7568
-0.0542,6283
-0.301,10458
0.628,1843
-0.105,6762
0.366,47
-0.00792,5730
0.197,2141
-0.224,5723
0.174,2627
0.163,741
0.155,815
-0.195,10642
-0.134,9356
-0.0311,6237
0.0453,3962
-0.00517,5496
-0.234,10186
-0.172,8934
0.232,2668
0.432,1033
0.287,569
-0.114,8365
0.157,1699
0.149,2598
-0.00938,5607
-0.063,7733
0.16,2556
-0.0889,8304
0.0027,5400
-0.0393,6268
-0.0568,7618
-0.398,10421
-0.0272,5482
-0.0497,7711
-0.0452,7508
-0.0339,6231
0.286,650
0.291,612
0.126,2880
0.0052,5305
0.223,241
-0.0991,8114
-0.333,9798
-0.0511,5682
-0.277,10452
-0.033,6793
-0.00259,5476
0.15,2788
-0.218,8652
0.124,3310
-0.272,6809
0.0504,2530
-0.031,6644
-0.566,10799
-0.049,6924
-0.492,9560
0.0305,4737
-0.0044,5737
-0.0863,9203
0.178,2640
0.131,1003
-0.303,8637
-0.0463,6615
0.469,285
0.103,1867
-0.0321,6084
-0.24,7503
0.2,1008
-1.31,11027
0.381,223
-0.0152,5913
0.125,3124
-0.191,8494
-0.362,10850
-0.673,10829
-0.0032,5489
0.0496,3851
-2,11034
-0.125,4453
-0.107,8701
-0.173,8839
0.371,1028
0.105,3836
0.00713,5109
-0.0332,6252
0.24,682
-0.406,10717
-0.665,10935
-0.0988,6207
-0.0943,6517
-0.118,10065
-0.166,10391
0.125,2558
-0.145,9517
-0.0524,7006
-0.129,8695
-0.142,10192
0.0404,4051
-0.113,7487
-0.0135,5760
-0.309,10012
0.318,524
-0.0544,7099
0.0515,3345
-0.083,7126
0.0517,4157
-0.0517,6316
-0.04,5966
0.0242,4732
-0.242,10555
0.234,3229
0.136,3441
0.384,91
-0.303,10207
-0.106,8690
-0.00624,5620
0.0686,4550
-0.267,10199
-0.0516,5895
0.17,264
-0.0124,6138
-0.0693,8522
0.935,1910
-0.501,8071
-0.444,8435
-0.467,10252
-0.0711,7726
0.0205,4562
-0.524,8841
-0.0546,5316
-0.284,6354
0.05,4593
-1.01,10956
1.56,151
0.389,346
-0.125,7494
-0.139,9540
-0.147,10283
-0.34,10011
1.97,9
-0.0672,4942
0.595,1613
-0.301,10193
-0.142,8360
-0.0886,8063
0.154,2403
-0.452,10939
-0.0269,5999
0.279,833
-0.257,10510
-0.196,8940
0.271,807
-0.458,10729
-0.0496,7829
-0.0758,8968
0.443,260
0.224,998
-0.0585,7422
-0.249,10658
-0.0148,5531
-0.279,10808
-0.0618,8461
-0.365,6259
-0.207,8493
-0.302,9572
0.251,2324
-0.00702,5188
-0.225,9246
-0.833,10372
0.0514,4393
0.0795,3723
-0.251,9351
0.0681,2335
0.148,3504
0.0969,3619
0.0525,3026
0.149,3266
-0.13,10591
-0.0893,10876
-0.0173,5680
0.0663,3955
0.215,2280
-0.0401,6244
-0.145,9647
0.104,3357
-0.0813,7348
-0.0126,5631
-0.0356,6345
-0.0568,6384
-0.0452,6375
-0.0659,8619
0.168,3153
-0.0729,6488
-0.419,10266
-0.0888,8937
-0.101,8661
0.945,1
-0.0316,6046
-0.083,7526
-0.438,10562
0.0355,4506
0.303,1717
-0.0686,8208
-0.274,9546
-0.0523,6122
-0.398,10967
-0.0413,6910
-0.0666,8345
-0.116,9099
0.0781,4057
-0.207,8802
0.0246,4415
-0.392,8680
-0.0525,7732
0.0758,3329
-0.441,10553
0.172,2500
-0.128,7799
0.0237,4819
-0.095,8264
-0.0124,5348
-0.405,10762
0.00476,4857
-0.0589,6363
-0.0985,10011
0.0619,3140
-0.0603,7305
1.46,23
-0.324,10901
0.364,580
-0.134,10304
-0.24,10625
0.0559,3136
-0.11,8699
0.424,667
0.419,143
0.112,2818
-0.364,10876
0.114,1410
0.1,2199
-0.0161,5555
-0.293,9360
-0.121,7443
0.059,3233
-0.0686,7400
-0.106,8023
-0.0447,6582
-0.043,6225
0.039,4374
0.0681,3195
-0.0792,7716
0.03,4785
-0.0914,7469
0.0524,4293
0.0929,2941
-0.235,9975
-0.0166,6154
-0.0685,7454
-0.162,8798
-0.0019,5500
0.228,602
-0.152,9773
0.196,2539
0.0211,4867
0.0613,2908
-0.673,8033
-0.0979,9071
-0.075,6939
-0.0198,6002
0.92,1169
0.0227,5020
0.366,856
0.0585,3494
0.131,1498
0.15,2093
-0.0906,7532
-0.126,8069
0.0137,4950
0.0257,4713
-0.00143,5517
-0.473,10447
-0.0205,5864
-0.2,8920
0.0501,4013
-0.031,5743
0.0924,2019
0.118,2364
0.121,2636
0.158,1155
0.2,2849
-0.098,8145
-0.0018,5637
-0.353,9588
-0.306,8878
-0.133,6666
-0.125,8882
0.00187,5382
0.245,1328
-0.0321,6041
-0.203,8355
0.237,2044
-0.0461,6547
0.0722,3016
-0.0838,8029
0.327,506
-0.166,9727
0.0163,4817
-0.179,9799
-0.0448,6458
0.865,4
0.125,2359
0.259,995
0.281,257
0.065,3452
0.0146,4958
0.265,556
0.373,104
-0.13,7696
0.219,1312
-0.016,6160
0.0119,4603
-0.313,10660
-0.0732,7383
-0.189,9288
0.0511,4824
-0.144,9173
0.0992,2951
0.109,3458
-0.056,6243
0.138,2192
0.129,2816
0.13,2145
-0.3,10644
0.312,892
-0.08,6254
0.803,1559
-0.0603,6366
0.0638,4091
0.0269,3842
-0.162,9090
1.26,147
-0.341,10493
-0.0671,7182
0.0522,2829
-0.0231,6612
-0.205,8348
-0.0727,8185
-0.244,10155
0.234,445
-0.0553,7489
-0.0501,7181
0.0776,3475
0.129,3042
-0.0259,6458
0.0186,4867
-0.00447,5567
-0.0232,6564
0.015,4781
-0.0541,6793
0.0119,5141
0.0672,2910
-0.0342,5760
0.114,2323
0.0844,3499
0.244,770
-0.106,6028
0.0314,4693
-0.0526,7136
-0.122,8422
-0.163,8649
-0.114,7894
-0.317,9442
-0.379,10920
-0.0253,5931
0.00275,5157
-0.042,5976
0.353,1885
-0.0942,7820
0.323,437
0.0514,2595
-0.127,8552
0.0605,3158
0.419,395
-0.0638,6755
0.324,1071
0.0411,3810
-0.306,10639
0.0495,4233
-0.205,10270
-0.215,8054
0.196,3602
0.404,61
-0.155,10385
0.142,2653
-0.0513,6110
0.0386,4518
-0.215,9622
0.0917,2906
0.0801,1743
0.0804,3980
0.143,2162
-0.0028,5307
0.0458,3939
0.13,2260
0.0462,3844
0.254,1438
-0.36,10961
-0.0935,6964
0.00396,4276
0.0124,5110
-0.0798,7254
-0.21,9203
0.0597,3059
0.00367,5166
0.164,1739
0.0478,3463
-0.00804,5668
0.232,1516
-0.00448,5574
-0.349,10830
0.0559,4147
-0.0723,8037
0.0959,2779
-0.0312,6280
-0.356,10988
-0.332,9588
0.136,1876
0.00613,5135
0.289,1023
0.129,1897
0.457,1874
-0.38,10736
-0.0302,7382
0.0469,4016
0.229,495
0.0409,4347
-0.8,10875
0.0324,4765
0.0856,1618
-0.0491,7340
0.42,185
0.0275,4919
0.173,813
0.273,2398
-0.0373,6325
-0.153,8336
-0.0173,5884
0.0675,4089
0.483,1034
-0.0226,5489
-0.0568,8272
-0.131,9459
-0.259,10114
-0.0935,7105
-0.182,7586
-0.0818,8178
-0.152,9941
-0.0892,7973
-0.178,8326
0.229,1052
0.109,3496
-0.015,5297
-0.12,7355
0.195,1311
-0.199,7646
-0.296,10785
-0.0404,6302
0.226,2956
-0.0217,5707
-0.347,10450
-0.221,8375
0.038,4521
-0.184,8942
-0.0388,6178
-0.146,9341
-0.125,8066
0.0895,2868
0.0138,4942
-0.214,8927
0.0425,4355
-0.118,8211
0.0166,4932
-0.437,10919
-0.272,8744
0.046,4302
0.0244,4854
-0.124,9313
0.198,722
-0.15,9445
-0.303,10138
-0.14,9818
-0.129,7892
-0.0317,5835
0.154,1132
0.0238,4854
0.0349,4624
-0.158,9168
0.0244,4575
0.183,321
-0.0986,9455
-0.093,7562
-0.0535,6876
0.504,2201
-0.247,9398
-0.413,10581
-0.187,10519
-0.00287,5379
0.187,2237
-0.00185,5475
-0.287,10077
0.0584,3458
-0.103,9884
0.223,1945
-0.024,5911
-0.122,7849
-0.0342,6248
0.211,1210
-0.231,10352
-0.436,7028
0.23,1886
-0.468,10869
-0.0635,6328
-0.0386,6491
-0.0132,6170
-0.147,7929
0.596,489
0.164,2534
0.144,4087
0.0368,3518
0.127,1945
-0.206,7888
0.155,1191
2.73,0
-0.00527,5421
0.0283,4652
-0.228,10746
-0.0577,6676
1.1,7
-0.00401,5170
0.442,908
-0.0583,7306
-0.202,9577
-0.27,5423
-0.152,9940
-0.0281,6282
0.0222,4991
-0.0288,6711
0.0527,3102
0.146,2551
0.254,976
-0.344,9172
-0.163,10022
-0.0691,7104
-0.1,7514
0.0136,5017
-0.068,6981
-0.317,10931
0.00849,5117
-0.0897,8413
0.04,4080
0.443,2229
-0.268,10770
-0.0667,7716
0.473,484
-0.207,10637
-0.033,7561
-0.178,6128
-0.487,7369
0.0927,3001
-0.0468,6122
-0.201,9615
-0.00909,5843
-0.0274,5977
0.236,1337
0.146,2758
0.0866,1953
-0.0457,8016
0.351,294
0.176,2566
-0.14,6323
-0.198,8575
-0.346,9442
-0.0429,6078
-0.051,6096
0.169,683
-0.112,8747
0.174,1977
-0.249,10411
-0.0574,9349
-0.181,10047
0.319,1359
-0.238,9861
-0.0939,5868
-0.0217,5736
-0.24,10678
-0.153,6726
0.205,1338
0.364,809
-0.00618,5246
0.216,2512
0.35,337
-0.309,7467
-0.0626,7040
-0.201,8919
-0.581,11032
0.301,2430
0.16,1684
-0.058,7635
0.154,1824
0.134,2711
0.019,4718
-0.194,9067
-0.103,7946
0.0592,3658
-0.0135,5936
-0.363,10747
0.132,2339
0.583,270
0.504,2110
0.284,1871
-0.415,11004
-0.000438,5292
-0.134,8731
0.29,1633
0.374,39
-0.0286,6470
0.00996,3887
-0.23,9052
0.478,554
-0.0675,6085
-0.346,10761
0.107,2762
-0.0462,7368
0.0623,3233
-0.175,9717
0.158,2310
0.697,232
-0.0349,6756
0.00188,5396
-0.0607,6955
0.0203,4722
-0.27,10205
0.191,2116
0.0764,1013
0.0583,3297
-0.0878,7498
0.089,2110
0.0652,3561
-0.245,8469
0.0438,4331
0.155,1743
0.011,4824
-0.191,9038
-0.0221,5960
-0.402,10990
0.116,2579
0.00141,5431
0.845,3
-0.395,10864
0.115,2341
0.263,465
-0.0103,5310
-0.502,9960
-0.355,9139
0.0481,4190
-0.189,10020
-0.0762,8956
0.0815,4149
0.092,3347
0.171,2923
0.0849,3437
-0.0591,7268
-0.118,8278
-0.0275,6505
0.458,10
-0.00918,5555
0.645,115
0.0654,3283
-0.016,6375
-0.415,10756
-0.417,10810
0.865,14
-0.611,10619
-0.142,9176
0.21,669
-0.187,9035
0.0336,4633
-0.478,9847
-0.007,5938
-0.185,10058
-0.133,8291
0.0472,3333
-0.0451,6622
-0.0518,5580
-0.107,7275
0.152,1027
0.107,2560
0.0893,2828
0.212,2067
-0.00993,5490
-0.309,10895
0.201,516
0.326,115
-0.36,10843
-0.113,7308
0.291,2829
-0.028,6143
0.073,4114
-0.17,9239
0.0426,3544
0.0978,1620
0.0998,3082
-0.172,8886
0.21,307
-0.0328,5691
0.00924,4909
0.0183,4917
-0.0991,7680
-0.176,9114
0.418,194
-0.336,9705
-0.0206,6001
-0.0856,6583
-0.0663,6678
0.292,727
-0.142,9832
0.311,62
0.203,2031
-0.253,10185
0.216,1662
-0.0124,5741
-0.0128,5730
-0.0138,6190
-0.213,8535
0.289,321
-0.3,10601
0.0111,5003
-0.359,10818
-0.228,10116
-0.209,9679
-0.302,10443
-0.146,7084
-0.00214,5428
0.0655,2579
0.227,1825
-0.1,7169
-0.109,8892
0.119,2944
-0.304,10903
0.149,2705
0.0498,3710
0.135,2600
-0.215,7443
-0.292,7854
0.26,421
-0.0456,6962
-0.0806,7316
0.204,1661
-0.0344,6685
-0.165,7828
-0.277,8617
-0.0648,7490
-0.146,10339
-0.0221,5501
-0.232,9253
-0.16,8906
-0.176,9671
0.337,232
-0.268,10373
-0.121,8696
0.151,2655
0.0214,4942
-0.309,10413
0.0614,3068
-0.0785,7431
-0.524,11017
-0.113,8857
-0.364,10124
-0.387,10458
-0.204,9660
0.0123,4997
0.0861,3396
0.768,22
-0.383,10763
-0.00291,5781
0.0566,4067
-0.0777,7613
-0.0033,5144
0.0217,4846
-0.317,10777
0.0584,4019
-0.0462,7362
-0.218,10733
-0.295,10307
0.582,396
-0.0245,5328
0.163,1721
-0.0227,6236
-0.0643,6909
0.625,2
-0.0671,6419
0.182,1214
-0.182,9011
-0.231,9570
0.226,215
-0.512,10596
-0.0207,5781
-0.125,9103
0.198,2587
-0.197,10591
-0.0701,8367
-0.232,10415
-0.331,10813
-0.284,10958
-0.0692,7390
-0.161,9330
-0.0592,6300
-0.207,10492
0.318,930
-0.504,10143
-0.0657,8166
0.169,1869
0.0711,3469
-0.0361,6363
-0.485,10943
0.502,616
0.172,2946
0.00196,5269
0.0473,4138
0.000982,5074
0.241,1535
-0.0864,8508
0.00475,5129
-0.0702,8897
0.0929,1897
-0.175,8374
-0.0259,5359
0.341,1183
-0.0688,6831
-0.043,6917
-0.263,10961
-0.0718,7102
-0.154,9199
0.0527,4508
-0.342,10335
0.129,2590
-0.141,10213
-0.222,9524
-0.0139,5657
-0.122,5604
-0.294,9920
-0.0443,7444
-0.0603,7028
-0.029,6196
-0.122,7909
-0.0965,9196
0.0608,3695
-0.187,9750
0.334,412
-0.0231,5936
-0.0559,6344
0.00709,5162
0.241,805
0.0371,4010
0.00571,5389
-0.275,10874
-0.404,9407
-1.05,11034
0.122,2754
-0.163,9047
0.306,352
-0.287,9580
0.112,3536
0.0992,3535
-0.228,8899
0.0306,4397
1.33,0
0.115,3454
0.0998,2579
0.122,2387
0.295,1976
-0.068,8682
-0.0334,7246
-0.0148,5322
-0.181,8427
0.0841,3079
0.121,2141
-0.196,10282
0.0829,3164
0.32,229
-0.216,9436
0.423,1725
0.17,3183
0.298,449
0.174,1491
0.0888,2761
0.148,2037
-0.225,9782
0.0099,5087
-0.0895,8894
-0.0234,6424
-0.069,6530
-0.108,8498
-0.108,6673
-0.165,8938
0.021,4683
-0.0896,7868
-0.127,8041
0.139,2587
-0.308,8347
-0.0336,5235
-0.0884,7181
0.161,59
-0.278,10612
-0.103,8573
-0.0718,7129
0.152,3354
-0.0629,6368
-0.14,9279
-0.448,10224
-0.158,7863
0.00441,5069
0.222,1166
0.0475,3795
-0.153,10096
-0.0797,7746
0.234,2114
0.00678,5162
0.207,2006
-0.0546,7204
-0.0776,8731
0.306,2036
0.075,3565
0.204,2644
0.0437,4129
-0.0565,7331
-0.113,9174
-0.354,10700
-0.169,9024
0.151,2273
-0.45,9778
-0.0699,6830
-0.0714,7769
-0.0736,7320
0.368,870
0.0963,2526
-0.0551,9424
-0.225,10934
0.251,167
-0.0348,6449
0.297,1669
-0.423,10957
0.152,1065
-0.47,10893
-0.126,8427
-0.351,10784
0.138,1738
-0.223,8618
0.129,3338
0.342,271
0.00947,5133
-0.0341,6262
0.0772,3657
-0.09,6522
-0.111,7962
-0.154,8417
0.0965,2033
-0.42,10459
-0.236,9754
0.596,1019
0.0378,4752
-0.0242,6007
0.0326,4161
-0.145,7677
-0.408,10401
-0.139,8879
-0.0114,5763
-0.113,7060
-0.0211,6040
-0.162,8914
0.0661,3505
0.0404,3988
-0.0836,6545
-0.281,10056
-0.163,9194
-0.167,9514
-0.0903,7029
0.319,818
0.451,117
-0.113,8841
-0.161,7943
-0.74,11025
-0.173,8186
-0.1,8132
0.0059,5285
0.0839,2021
-0.0944,8899
-0.165,8685
0.0437,4316
0.00263,5145
0.0926,3466
-0.0158,6490
0.208,666
0.0592,4314
0.044,4275
0.171,2130
0.562,57
-0.273,9827
0.0808,2399
-0.173,9634
-0.239,8431
-0.231,9115
-0.015,5679
-0.0321,5636
0.0878,2899
-0.0878,7711
0.614,427
0.558,509
0.141,2230
-0.218,10247
0.0376,3922
-0.349,10744
0.142,2201
0.00601,5373
0.00153,5383
0.117,1979
-0.146,9671
-0.0815,7131
0.521,355
0.0835,3724
-0.364,9571
0.0052,5250
-0.0334,6578
-0.0421,7182
-0.25,8850
0.102,3502
0.0875,3383
-0.115,8985
0.0368,4423
0.0379,4553
0.134,1715
-0.129,9928
-0.00435,5454
-0.176,9949
-0.288,10352
-0.0949,8613
-0.0799,6557
0.259,1914
-0.0203,5865
0.127,595
-0.0433,6227
0.35,235
0.167,1352
-0.206,7600
-0.0659,8077
0.00392,5159
-0.0672,7355
-0.0134,5575
0.128,3377
-0.353,8751
-0.0291,5835
-0.0949,9170
-0.0566,5972
-0.252,10400
0.0563,4484
-0.376,8819
0.111,912
-0.114,8756
-0.174,7537
0.0661,3872
-0.139,8283
0.24,542
0.0542,2713
-0.0101,5750
-0.0787,6897
0.0496,4586
-0.167,6065
0.461,172
-0.0423,9077
0.0864,2417
0.0289,4786
-0.186,10419
2.03,176
-0.0988,6241
0.152,2290
0.192,1168
0.259,650
0.0986,3391
0.038,4106
-0.294,8338
-0.0396,6838
-0.036,7043
-0.139,8128
0.179,2793
-0.146,6562
0.0465,4451
-0.265,10436
1.35,298
-0.313,10457
0.0687,3561
0.192,1855
-0.0806,7295
0.0836,2164
-0.0527,6587
0.0144,4996
-0.238,9859
0.303,1041
-0.098,6478
0.279,903
-0.0152,5971
-0.085,8490
0.108,3653
-0.707,9933
0.165,3041
-0.174,10195
-0.031,7258
-0.0509,6379
-0.168,7733
0.0879,4216
-0.0985,8190
-0.0713,6350
-0.127,8476
0.158,1925
-0.0425,6700
-0.113,10009
-0.0848,8518
0.186,349
-0.0306,6983
0.587,2376
-0.238,4693
0.0465,4115
0.145,2132
-0.0586,6360
0.0144,4455
-0.283,8371
0.00303,5029
-0.225,8374
-0.428,10309
0.0785,2627
-0.335,10880
0.0746,3776
-0.113,7287
-0.35,9584
0.258,1134
0.437,124
0.162,2512
-0.181,10653
-0.144,9730
0.0866,2606
0.0648,3433
-0.214,10553
0.052,3462
-0.183,8264
-0.138,6502
-0.0919,6344
-0.0244,5615
-0.172,10011
0.222,1053
0.104,3307
0.714,80
-0.259,8598
0.0317,4795
0.0158,4593
-0.165,9313
-0.184,8597
-0.1,8136
-0.22,6580
-0.0796,7358
0.243,957
-0.122,7856
-0.214,9532
-0.0303,6644
-0.253,9403
0.103,3823
0.377,1
-0.324,10996
-0.193,8584
-0.065,6139
0.103,2584
0.197,2972
0.0176,4574
0.195,1023
-0.222,9328
0.519,41
0.197,1748
0.404,2579
0.164,1260
0.0287,4700
0.278,2041
-0.192,9931
0.341,630
-0.534,10917
-0.0588,7885
0.0322,4308
0.0741,3194
0.133,3032
-0.0238,5913
-0.111,6650
-0.00988,5540
-0.12,7757
-0.579,10992
-0.369,7653
-0.214,8855
0.0784,3393
-0.136,8918
-0.178,10925
-0.737,8348
-0.514,10777
-0.0709,9075
0.406,771
-0.0514,7595
0.0844,2317
-0.289,10511
0.713,124
0.501,167
-0.231,8491
-0.0846,8657
-0.0335,6421
0.182,725
-0.296,9430
0.0917,3243
0.074,4043
-0.117,8181
-0.0444,6686
-0.376,10374
0.654,109
0.323,1045
-0.122,7625
0.155,2505
0.12,1323
-0.258,9631
-0.116,7832
0.562,841
-0.641,9787
-0.155,9078
0.0291,3719
0.176,1213
-0.0582,6498
0.415,998
-0.0567,6516
-0.0297,6252
-0.134,7838
0.256,1914
-0.385,10323
-0.0786,6320
0.139,1637
-0.123,8926
-0.0259,5996
-0.251,10721
-0.121,9960
0.376,399
0.04,3901
-0.0494,6590
-0.338,10983
-0.267,9793
0.209,1767
0.064,4117
-0.228,9102
-0.133,9219
0.0113,4864
0.217,1031
0.0187,4965
-0.408,10292
-0.0653,7097
-0.166,10412
-0.0519,7054
-0.0645,7366
0.316,249
0.205,943
0.542,999
-0.121,9770
0.361,429
-0.0382,6033
-0.00849,5641
-0.327,9360
0.121,3591
-0.0731,8256
0.0939,2685
-0.168,10495
0.127,3296
-0.158,7591
0.0657,3758
0.011,5202
-0.0409,7129
-0.194,10137
0.159,1627
-0.0527,5566
-0.141,9477
-0.161,10399
-0.162,10207
-0.051,6819
0.13,3511
-0.0193,5619
-0.296,7835
0.108,1431
0.108,3404
-0.399,10503
-0.298,10208
0.0596,3217
0.234,303
-0.031,6111
0.0256,4487
-0.0806,8060
-0.0547,7030
0.374,1135
-0.0322,5931
0.188,2713
-0.11,7149
0.0561,4137
-0.216,8443
-0.133,9073
0.14,1877
-0.0708,6812
-0.367,9018
-0.0138,6340
0.194,1805
-0.143,9363
-0.0682,9592
-0.0458,6293
-0.0465,6472
-0.198,8874
-0.0819,7747
0.000607,5445
-0.192,9380
0.0637,3813
-0.308,10237
-0.238,8221
0.0259,4746
-0.395,10927
0.223,356
-0.591,10670
0.538,20
0.199,2161
-0.0228,5727
-0.0939,9054
0.257,190
-0.0113,5537
-0.0489,6759
-0.176,8487
0.0951,1639
-0.0826,8418
0.257,685
-0.0982,8329
-0.0868,7227
0.121,1539
-0.106,8543
-0.158,9775
0.192,1813
0.0928,2702
0.106,3035
-0.149,6514
-0.281,10470
0.00703,5042
0.222,941
0.0936,1610
-0.217,8816
0.261,1430
-0.146,10560
-0.00142,5163
0.25,891
-0.353,9693
-0.0974,6694
0.0163,4792
-0.184,9750
-0.0825,8676
0.0125,4893
-0.166,8941
0.0553,4275
0.0305,4543
0.103,2230
0.0478,3985
0.148,2404
-0.0858,7239
-0.135,8768
-0.073,6420
-0.0819,9547
0.0259,4592
-0.232,10369
-0.102,8144
-0.0134,5641
-0.0969,6636
-0.144,9995
0.00818,4928
-0.232,9951
-0.102,8242
-0.0863,7533
0.0529,3733
0.29,563
-0.0995,8370
1.06,183
0.0294,4596
0.0358,4648
0.513,565
-0.00357,5304
-0.158,9831
0.134,2382
-0.0716,7081
0.223,2944
-0.0535,7345
-0.187,9134
0.00233,5442
-0.0107,5730
-0.495,10926
-0.165,8362
-0.256,10213
-0.116,8700
-0.172,9176
0.149,2630
-0.0101,5323
-0.107,8352
0.0443,3994
-0.069,7359
-0.178,7666
0.0844,3429
-0.377,10022
-0.0464,5808
-0.0512,6387
0.29,932
0.43,605
-0.0263,6185
0.13,2675
-0.0216,5372
-0.0441,7959
0.0471,4328
-0.0229,5708
0.0145,4904
0.088,3875
-0.0277,5825
-0.19,10545
0.000335,5347
-0.0596,6218
-0.157,8511
-0.0123,5450
-0.202,10348
-0.546,10975
0.286,653
0.118,3114
-0.175,8622
-0.0335,6191
-0.0923,7296
0.334,681
0.0169,4761
-0.0571,6853
-0.0979,6766
-0.271,10049
0.0639,4196
-0.176,10160
-0.239,10223
0.186,1108
0.172,1538
-0.0568,7628
0.0716,3230
0.0354,3968
0.00921,4968
0.0453,3836
-0.00455,5440
-0.0263,7081
0.0227,4822
0.227,250
0.0936,1563
0.732,1
-0.134,7481
-0.117,6179
0.164,2453
-0.157,8944
-0.0947,10505
0.122,2517
-0.128,8302
0.139,2154
0.666,177
0.09,3255
-0.044,6963
-0.0228,6004
0.217,1623
-0.226,8593
-0.097,7933
0.141,896
0.105,3095
0.161,2015
0.33,1406
-0.14,10051
0.206,2706
0.0378,3548
0.0674,2525
0.191,2580
0.12,3463
0.155,2840
-0.819,10934
-0.376,10954
0.177,1790
-0.0583,5953
0.114,2823
-0.196,8810
0.431,1059
-0.0149,6063
0.124,2154
0.0107,4951
-0.111,8349
-0.437,10461
-0.196,7224
0.117,2912
0.0407,4008
0.245,820
-0.0803,7228
0.00817,5164
-0.0821,8225
0.0901,3122
-0.065,6571
0.24,1730
0.228,798
-0.00863,5776
0.517,2468
0.238,569
-0.00737,5875
0.206,2830
-0.0607,6409
0.154,2353
0.166,2940
0.34,97
-0.292,10606
-0.295,10492
-0.42,10582
0.0942,2679
-0.0963,7767
-0.113,8766
0.0408,3045
-0.218,9823
-0.0714,6351
0.0163,4755
0.653,34
-0.0439,7336
-0.116,8709
0.998,223
-0.152,7776
0.00658,4944
-0.0639,7382
-0.0928,8256
-0.014,5634
-0.383,10858
-0.0231,5998
-0.162,6061
-0.0104,5380
0.133,3692
0.0228,4403
0.124,2088
0.0675,3789
-0.196,9776
0.141,2419
-0.0526,7438
0.596,221
-0.236,9947
-0.166,8671
0.437,413
-0.0884,6950
0.572,9
0.0747,3349
0.0695,3868
0.0731,3928
-0.217,10735
0.0954,2824
0.0769,3194
0.218,1203
-0.0833,8498
0.416,60
-0.0205,6334
-0.0811,7847
0.073,3048
0.0318,4012
0.116,1389
-0.441,10687
0.00722,5073
-0.0767,6646
-0.0389,6363
0.121,3093
-0.153,9384
-0.0496,6597
0.0145,4913
0.0842,2923
-0.186,10337
-0.111,9718
-0.216,10000
0.133,2301
0.0278,4938
0.848,365
0.233,57
-0.0426,7890
0.0209,4635
-0.0378,5971
0.0524,3957
-0.247,9148
0.175,621
0.0908,3096
-0.117,7054
-0.163,8337
-0.0274,5901
0.116,3240
-0.0134,5588
-0.0789,7688
0.0561,4264
-0.719,10731
0.225,1234
-0.435,8095
0.17,2388
0.105,3487
-0.175,8594
-0.624,10786
0.103,1948
-0.144,8167
-0.414,10925
0.292,653
-0.176,7702
0.306,944
0.185,629
0.141,2293
0.255,352
-0.0289,6041
0.0498,4190
0.111,3050
-0.152,10925
-0.183,9977
-0.154,8646
0.00174,4939
0.2,487
0.000396,5221
0.248,1316
0.257,1887
-0.0886,6829
0.945,313
-0.856,10984
0.00742,4769
-0.0212,6858
0.0669,3878
-0.394,10460
0.151,1773
0.493,293
0.0917,3407
0.0374,3836
0.00815,5219
-0.13,7591
-0.139,9541
-0.113,7425
-0.224,10639
-0.166,10434
-0.148,10013
0.0128,4919
0.145,2719
0.166,2328
-0.294,8809
-0.159,8195
0.263,141
-0.045,6403
0.11,3840
-0.0656,7033
-0.00463,5421
-0.0116,5675
0.12,1824
-0.0994,8994
-0.223,9097
0.0808,2862
-0.0968,7141
0.121,1884
0.162,409
0.00775,5149
-0.00792,5530
0.323,1640
0.0516,4727
0.0163,4958
-0.356,10849
-0.236,9907
-0.0979,7596
0.0883,3104
-0.104,9219
-0.451,10024
0.0399,4212
-0.138,8275
0.0999,2997
-0.035,5622
-0.028,5955
-0.251,10970
0.0981,1711
-0.0407,5909
0.247,806
-0.0538,6813
0.0688,2817
-0.0723,7286
-0.0204,6351
-0.0418,6861
-0.0409,5963
-0.0426,6468
0.158,3330
-0.373,10813
0.0279,4473
-0.116,7510
-0.0821,7662
0.199,3144
-0.289,8374
0.0132,5102
0.114,1730
0.484,43
-0.0233,6050
-0.2,9626
0.131,2378
0.0483,4427
-0.145,9902
0.0139,4771
-0.12,7617
0.157,1861
0.137,3000
-0.299,10245
0.261,978
0.0377,4267
-0.13,8242
-0.203,9862
0.117,3079
0.0579,2132
-0.358,9563
-0.208,9947
0.433,31
0.0781,3323
-0.286,6713
-0.0841,8945
0.0278,4241
0.0566,4312
0.301,1741
-0.0668,5953
-0.509,8744
-0.242,10528
0.076,2548
0.0384,4436
-0.0317,6594
0.281,1569
-0.176,9468
-0.0553,6332
-0.234,9691
0.256,911
0.474,976
0.0511,4120
-0.0292,6403
0.65,30
-0.00816,5222
0.118,2441
0.158,2777
0.235,1587
0.0765,3389
0.32,1164
-0.145,10598
-0.113,8858
0.00544,5158
0.0546,4370
-0.0238,5380
-0.157,9896
-0.265,10965
0.547,58
0.0176,4664
-0.359,10722
-0.0264,5846
-0.224,9872
-0.0545,9571
0.0249,4597
-0.222,9307
-0.395,10121
-0.319,10172
-0.103,8510
0.047,2126
0.049,3778
0.157,1685
-0.168,8716
-0.0828,7493
-0.063,6571
0.00987,5062
-0.313,8458
-0.0097,5313
-0.506,10979
0.511,46
-0.0242,5688
-0.099,9161
-0.167,9336
-0.302,10010
-0.0443,6997
0.068,3973
0.0342,4492
-0.0206,6145
-0.299,10618
0.0534,3864
-0.254,7945
0.317,910
-0.0638,8510
-0.17,10931
0.000945,5322
-0.0942,7420
0.172,1047
-0.144,9323
0.0882,2484
0.0287,4131
-0.124,7779
0.0733,3423
0.715,44
-0.349,10185
0.0715,3874
-0.0373,6997
-0.0635,7005
0.399,1023
-0.0129,5023
-0.0521,6328
0.0451,4441
-0.124,9849
0.0974,2586
0.389,24
0.0776,3588
-0.127,8376
0.0736,2837
-0.111,8599
-0.181,7333
0.141,2441
-0.375,10838
0.0882,3516
-0.0355,6667
-0.111,9169
0.162,2273
-0.0921,6776
0.378,1129
-0.207,9639
-0.235,10833
0.103,2122
-0.405,9591
0.263,2244
-0.304,10400
1.84,532
0.0966,1395
-0.181,10040
-0.484,8370
0.158,2198
-0.0943,6969
0.217,2268
0.0299,4738
0.0185,4706
0.104,2226
-0.0173,5717
0.139,2444
0.0487,3292
0.0539,4093
-0.06,6591
-0.196,8874
-0.24,10477
0.182,2872
0.17,2274
-0.0535,7224
-0.0279,6123
0.113,2921
-0.153,9400
-0.0748,6034
-0.472,9773
0.24,917
-0.0638,6500
0.145,2437
-0.305,9693
-0.281,10252
0.0556,2832
-0.089,9548
-0.0705,7933
0.0656,3733
0.101,3214
0.192,885
0.308,1797
0.0184,4892
0.0165,5061
-0.196,10429
0.00161,4912
0.127,2282
0.397,239
-0.0283,5660
0.0672,3978
-0.365,10826
-0.438,8008
0.786,1
-0.494,9975
-0.0244,6098
0.0211,4205
0.342,824
-0.11,7868
0.0438,4430
-0.839,8799
-0.0815,9073
-0.449,9220
0.0987,2746
0.401,99
-0.427,6648
-0.373,9508
0.0981,2268
0.0892,3064
-0.357,10530
-0.225,10348
0.177,1455
0.316,1155
-0.113,7932
0.0836,2098
-0.0175,5672
0.15,3474
-0.71,9875
0.507,552
0.0511,3252
0.0843,1950
-0.44,9571
0.195,2870
-0.202,9608
-0.0396,6227
-0.144,9504
0.116,1723
-0.0638,7658
-0.366,10818
-0.772,10765
1.21,1
0.0392,3840
-0.0366,6640
-0.104,7512
-0.248,9202
0.217,1752
-0.436,10944
-0.062,7654
-0.217,10106
0.0924,3263
-0.134,9686
-0.0138,5842
-0.0352,6423
-0.131,9289
0.105,2736
-0.0991,6779
-0.112,8827
0.174,1478
-0.12,8320
0.0998,3017
-0.205,8546
-0.113,8065
0.234,505
-0.0741,8056
0.0954,3603
-0.0423,6108
0.0983,3129
-0.149,8210
-0.117,8259
-0.0201,6089
-0.0558,6448
-0.0869,7831
0.136,3093
0.0857,3627
-0.25,10745
-0.257,10509
0.118,3689
-0.129,8587
0.205,1104
0.191,2056
0.0796,2754
0.1,2569
0.551,1673
0.097,3074
-0.505,10976
0.154,1770
-0.0352,7183
0.239,233
-0.0739,5941
0.165,2687
-0.114,9037
-0.232,9235
-0.119,7882
0.079,3819
-0.421,10518
0.0874,3690
0.0374,3903
-0.356,10999
-0.0182,5313
0.0848,1845
0.00239,5523
0.203,956
-0.221,9837
-0.0204,6232
0.101,3450
-0.0264,6665
-0.314,8735
-0.32,8050
-0.316,9254
0.124,3207
0.0737,3589
-0.0684,8479
-0.196,10423
0.202,286
-0.0461,6787
-0.371,10492
-0.0206,6204
-0.0449,7840
0.0458,4201
0.194,1957
0.511,984
-0.171,7072
0.386,526
0.065,4536
-0.0498,6182
0.11,2801
-0.0925,6977
0.188,1230
-0.19,10351
-0.346,11011
0.204,935
0.189,1684
-0.142,8001
-0.379,8775
-0.407,11021
0.0199,4676
0.186,1128
-0.224,9854
0.332,747
-0.288,10388
-0.248,9965
0.252,273
-0.084,6547
0.0802,3417
0.132,3014
0.0128,5020
0.0826,1208
0.217,2280
0.0196,5025
-0.0676,7489
0.251,777
0.309,758
-0.121,9951
0.101,2685
0.358,1328
-0.0311,5764
-0.0402,5993
1.02,259
-0.134,9758
0.173,2755
0.463,88
0.166,1051
-0.111,8188
-0.218,9520
0.056,3018
0.242,1340
0.445,187
0.27,1485
-0.516,10558
-0.256,9487
0.201,1164
-0.0929,6831
0.216,2182
-0.21,9569
-0.118,7025
0.27,1184
-0.275,10237
-0.0401,6778
-0.221,10772
-0.187,9772
-0.0665,6978
-0.109,6993
-0.144,9832
0.112,1821
0.116,2892
0.688,213
3.33,7
-0.198,7038
0.116,1849
-0.236,10593
-0.488,11015
-0.327,10737
0.124,2810
-0.0499,7906
-0.109,9097
-0.0204,5712
0.178,2368
-0.259,10856
-0.278,10548
0.0957,2097
-0.117,7879
0.202,1260
0.0161,4665
-0.149,8790
0.341,1019
0.228,2790
0.24,298
-0.0885,7803
-0.0578,7169
0.452,868
-0.254,9540
-0.25,7222
-0.0151,5850
-0.0202,6251
-0.251,9244
-0.199,8379
-0.108,7363
0.119,2023
-0.212,10160
-0.247,10782
0.0107,5232
0.0825,3537
-0.0482,6723
-0.0533,6496
-0.124,7196
-0.0777,7294
0.228,563
0.00022,5151
0.577,35
-0.141,6892
-0.0355,6677
-0.146,9579
-0.12,8216
0.0471,4117
-0.117,9065
0.000203,4358
0.161,1359
-0.243,10675
-0.133,8658
-0.0652,7205
0.0131,5169
-0.256,10700
0.242,401
0.104,2566
-0.161,4978
-0.178,8225
-0.0383,6309
-0.0619,6094
0.294,995
-0.0294,6254
-0.179,8902
-0.422,7832
0.0909,2836
0.261,90
0.0452,3247
-0.111,8005
0.07,2516
0.304,652
-0.627,11027
-0.053,6403
-0.361,11011
-0.32,10147
0.169,3545
-0.0349,5567
-0.263,8712
0.135,1442
0.185,157
-0.0605,6838
-0.278,10120
0.0659,4106
-0.325,10512
-0.222,10409
0.0495,3087
-0.0496,6122
-0.228,9788
-0.0752,7564
0.486,666
-0.031,5905
-0.114,9740
-0.102,7504
-0.146,7987
0.216,1750
-0.44,6878
0.171,1422
-0.105,9867
0.23,897
0.0882,3413
0.32,635
0.0326,4112
0.0821,2972
-0.0171,6049
-0.13,8698
-0.0392,6021
-0.168,8559
-0.0609,6719
0.109,2851
-0.0754,9152
-0.241,10777
-0.0758,6735
0.153,2120
-0.197,8484
0.155,1023
-0.00125,5436
-0.0584,7389
0.074,3524
0.394,645
0.00804,5020
0.0359,4111
-0.123,9233
-0.00074,5118
0.213,1150
0.0438,3876
0.0513,4522
0.0838,3023
0.0232,4172
0.387,225
-0.05,6475
0.151,2992
-0.216,9007
0.227,1346
0.105,2444
-0.155,8738
0.0627,3858
0.102,2753
-0.464,10839
0.00832,4971
-0.0108,5774
-0.253,9764
-0.00827,5125
0.0115,4839
0.457,466
0.117,2915
-0.549,10617
0.272,950
0.0797,3438
0.0883,2170
0.0315,4481
-0.323,10536
-0.152,8750
-0.244,8502
0.0691,4128
0.0821,3809
-0.0364,7042
0.258,236
-0.102,8398
0.228,2849
-0.265,7890
-0.0114,5942
0.104,2088
-0.135,7932
0.277,1080
-0.611,10258
-0.173,7810
-0.0376,5746
-0.156,9584
-0.0641,6853
-0.0356,6010
-0.22,10332
-0.198,8663
0.0832,3536
0.544,342
-0.214,10847
0.264,576
-0.133,7825
0.413,492
-0.0499,6799
0.686,11
0.216,1852
0.0807,2901
-0.0621,8256
0.329,411
-0.0109,6114
0.208,1177
-0.141,8908
0.0987,3497
0.367,2262
-0.31,10533
-0.19,9112
-0.0735,7355
-0.207,9556
0.0824,3576
-0.17,8523
-0.183,7275
-0.0974,8377
-0.114,8150
0.0919,3829
0.086,2543
-0.0806,7641
-0.296,10104
-0.000956,5517
0.0757,3592
-0.464,10341
-0.135,6551
0.137,739
-0.241,10364
-0.0202,6148
0.0648,2728
-0.139,9681
-0.165,9899
0.193,1483
0.0561,4357
-0.1,8054
-0.0651,8407
0.201,2456
0.00672,5080
0.319,645
-0.135,7324
0.259,776
0.35,269
0.104,3467
0.15,1903
0.783,50
0.805,117
-0.161,9295
-0.0915,7836
0.137,2368
1.08,74
0.0734,4292
-0.488,8982
-0.016,5874
-0.0624,6498
-0.463,6979
0.0289,4668
-0.0805,6202
0.128,2876
0.273,889
0.137,818
-0.0733,7920
0.128,3622
0.00405,5264
-0.0572,6732
-0.0931,8890
0.106,2616
0.11,1913
0.0696,2947
0.139,2058
-0.000562,5365
-0.128,10626
-0.076,9214
0.107,2381
-0.338,8980
0.00617,5151
-0.1,7284
0.213,763
-0.0148,6035
0.0267,4418
0.031,3880
0.234,201
-0.357,10222
0.1,2136
0.513,1
-0.141,9321
-0.283,10551
-0.384,10409
-0.162,9151
0.0872,2553
-0.112,9102
-0.118,7880
-0.226,10396
0.0108,4967
0.0558,4205
0.206,811
-0.0699,6634
-0.0419,7176
-0.444,10491
-0.081,6746
-0.147,10214
-0.0529,5903
-0.176,9025
-0.358,10378
0.00808,5115
0.901,5
-0.0283,5932
-0.145,10068
0.111,2068
0.0602,3810
-0.00297,5276
-0.248,9748
-0.297,9246
0.0268,4476
0.0229,4451
0.736,137
0.594,760
-0.316,10152
-0.235,8704
0.17,1615
0.0663,3415
0.0562,3677
-0.427,10861
0.237,773
-0.287,9778
-0.418,10583
0.0929,2598
0.295,606
-0.3,10616
-0.214,8806
-0.173,6370
0.453,44
-0.138,7952
-0.152,10217
0.131,3205
-0.00374,5105
0.0847,2949
0.386,551
0.0354,3867
0.328,1975
0.139,2987
-0.0805,7573
-0.124,8357
0.0709,2335
-0.133,9035
0.11,2258
-0.118,9290
-0.436,10471
-0.102,7100
-0.131,8467
0.185,1086
0.14,2910
-0.187,8784
0.478,323
-0.208,9080
0.15,1717
0.0223,4778
-0.174,9775
0.0427,3729
-0.107,8661
-0.036,7240
-0.0799,9273
0.0278,3829
0.0187,5023
0.492,390
-0.101,6732
0.232,1409
-0.0839,9888
0.247,521
-0.0142,6111
0.0639,3867
0.0857,3804
-0.344,10641
-0.486,10146
-0.237,10486
0.353,997
-0.0458,6771
0.0489,3598
0.411,918
0.127,2404
-0.244,10499
-0.0946,7642
-0.00555,5461
0.619,641
-0.0893,8556
0.137,912
-0.115,9508
0.0185,4831
0.381,77
0.778,446
-0.253,8898
-0.105,9191
-0.0701,7662
0.246,2529
0.239,2183
0.0284,4661
0.0549,3820
-0.119,8981
-0.189,8820
0.231,867
0.0774,3932
0.0363,4143
0.08,2854
-0.0108,5608
0.0601,4204
0.0365,4372
-0.0287,5752
-0.2,10343
-0.0603,6714
-0.23,9961
0.274,1323
-0.227,7151
-0.551,10463
-0.00606,5521
0.0832,3522
-0.149,8569
-0.0748,7880
-0.0087,5365
0.195,1986
-0.247,9516
-0.203,7855
-0.101,8100
-0.00307,5412
0.111,3206
-0.33,10108
-0.25,9286
0.184,2197
-0.199,10759
0.281,685
-0.0105,5663
0.0277,4506
-0.168,10425
-0.171,7889
-0.205,10098
-0.0267,6700
0.215,1983
-0.207,9612
-0.0361,6091
0.0168,4786
0.0976,2571
-0.452,9581
-0.0576,6170
-0.181,9803
-0.0484,6440
-0.0899,8628
-0.0493,6400
-0.107,8420
0.225,1933
-0.0272,5957
0.00531,5097
0.0382,4398
-0.0655,7462
0.0282,4356
-0.319,10561
-0.0528,6911
-0.278,10434
-0.0134,5476
-0.189,10953
-0.266,10269
-0.0834,8745
-0.242,9777
0.149,2888
0.462,611
-0.0406,6618
-0.233,8738
-0.138,7563
-0.38,10504
0.213,2171
0.143,796
0.132,1295
0.353,969
0.104,3171
-0.036,6698
-0.106,7637
-0.00661,5971
0.0364,3231
0.0268,4450
-0.116,7468
0.0241,4598
-0.131,8463
-0.148,9352
0.0245,4243
0.0805,3907
-0.302,10906
-0.386,9912
-0.811,10914
-0.014,5846
-0.363,10268
0.166,2421
-0.425,10968
0.00845,5199
-0.0963,7654
-0.185,8895
0.182,864
-0.691,9528
0.679,136
0.394,1174
0.428,670
0.0989,1052
-0.122,8159
-0.00168,5337
-0.043,6900
0.168,945
0.331,1423
0.0973,1840
0.0252,4422
-0.0916,8972
-0.17,7134
0.118,3166
0.601,933
0.079,2307
-0.0391,6411
-0.107,6608
-0.0791,7373
-0.0091,4897
0.0171,4792
0.136,1847
0.155,1259
-0.0707,6861
-0.191,10619
-0.0927,6590
-0.207,8412
-0.142,9782
-0.124,10963
0.00852,5107
-0.457,10082
0.483,374
-0.0837,7973
0.0296,3591
0.0268,4882
0.0865,3061
-0.0289,6557
-0.297,9985
0.0225,4614
-0.0586,7297
0.236,784
-0.0391,6348
0.187,1074
-0.466,9996
0.0137,5024
0.296,799
0.092,1353
0.308,1917
-0.112,8607
-0.0936,5499
-0.0865,8769
-0.156,8159
-0.248,10762
0.0584,3625
0.0155,4848
-0.0191,5690
-0.156,8279
-0.201,10770
0.00432,5500
0.11,2575
0.0453,4441
0.135,2914
0.0616,4489
-0.234,9542
0.192,917
0.0496,3794
-0.0664,6928
-0.13,8565
0.0129,5073
0.134,1252
-0.201,10421
0.33,972
0.4,440
0.00969,4811
-0.164,9087
-0.171,10213
-0.0572,6407
-0.12,8086
0.428,428
0.0485,4447
-0.31,9333
0.0146,4745
-0.0991,9473
0.204,2764
-0.212,9700
-0.208,8457
-0.126,7948
0.109,2834
0.332,76
0.212,1568
0.377,483
-0.206,9597
-0.0342,6072
0.0027,5519
-0.348,9717
-0.218,7851
0.0934,3205
0.475,1201
0.143,2357
-0.117,9002
0.192,974
-0.35,10137
-0.288,10560
0.168,1165
-0.0055,5509
0.303,788
-0.0372,6118
-0.0333,6201
-0.228,9558
0.412,55
-0.241,9914
0.16,800
0.158,784
-0.0558,5904
-0.22,9119
-0.0295,5427
-0.51,10771
-0.212,10322
-0.234,10560
0.492,516
-0.0781,7185
0.238,935
-0.244,9181
-0.0271,6576
-0.17,9190
-0.00749,5539
-0.646,11007
0.0143,4777
0.326,1748
-0.312,10484
-0.0317,5874
0.112,3343
-0.206,9946
0.483,104
-0.431,8211
-0.0913,8201
-0.0258,6517
-0.0472,6029
-0.0489,7237
0.0708,3733
0.0705,3784
0.0283,4113
-0.0644,7973
-0.091,7879
0.0308,4424
-0.0894,5904
-0.39,6766
0.115,1900
-0.14,9638
0.354,1696
0.603,448
0.341,1925
-0.348,10312
-0.117,6328
-0.134,8771
-0.453,10953
0.26,1707
0.157,2710
-0.0701,7654
-0.0486,6918
0.0824,3184
0.14,1072
-0.125,7572
-0.507,10612
0.139,1233
-0.119,8215
-0.407,10956
-0.12,8865
-0.0243,6414
-0.301,10712
-0.0314,6960
-0.219,10901
0.0549,4002
-0.357,10808
0.156,1600
-0.116,7635
-0.13,9301
-0.158,9989
-0.672,10740
0.31,1824
-0.244,9714
-0.086,8755
-0.559,10094
0.0723,3660
-0.328,11010
-0.0694,6884
-0.246,8973
0.348,553
-0.235,10735
0.0617,3890
-0.121,8517
-0.0817,7970
-0.0355,6488
0.042,3813
-0.155,9848
-0.0512,6463
0.731,177
0.0036,4593
-0.0569,7167
0.105,2497
0.0185,4878
0.234,790
-0.0668,7106
-0.161,9231
-0.246,8309
0.154,2620
-0.169,9551
0.264,978
0.417,1363
-0.228,9448
-0.00491,5288
-0.213,7360
-0.00526,5334
0.708,2
-0.0541,7952
-0.224,9181
-0.273,10396
0.0537,4483
-0.126,10441
-0.189,9608
0.121,2684
-0.302,8752
0.215,2247
-0.186,7660
0.212,2020
-0.0476,6912
-0.253,10098
0.114,2872
0.0485,4187
-0.0167,5733
-0.084,8771
0.571,71
0.169,1278
0.163,1608
0.184,1821
-0.162,9436
-0.22,10190
-0.124,10218
-0.364,10096
0.103,2614
-0.0393,5882
-0.161,9610
-0.109,8459
-0.101,7936
-0.0261,5891
-0.196,9058
0.193,1923
-0.274,8545
0.264,1144
0.0561,3408
-0.219,10379
0.146,2190
0.0297,4394
1.19,115
-0.305,10139
0.0731,3292
0.0535,4504
0.154,2137
-0.0559,5924
0.0738,3474
-0.0325,6480
-0.0235,5835
0.0412,3974
-0.181,8376
-0.0412,5963
-0.263,9748
0.193,1433
-0.0753,7819
0.0383,4517
-0.281,10250
-0.0278,6389
-0.162,8742
-0.0984,9685
-0.0188,5773
-0.0267,6359
0.0508,4247
0.197,1041
-0.0716,5428
0.352,93
0.0276,4162
-0.31,10959
-0.256,9759
-0.241,9477
1.02,12
-0.154,8851
0.214,371
0.00207,5152
0.388,437
0.00647,5265
-0.479,10847
-0.0402,7759
0.0891,4038
-0.465,10927
0.0234,4710
-0.0939,7552
0.579,1
-0.00444,5692
0.108,3016
0.102,3478
-0.277,8395
0.0128,4973
0.516,342
0.0161,4979
-0.018,5690
-0.294,9630
0.14,2832
-0.0771,6395
0.106,3501
0.143,1209
0.0302,3866
-0.0791,6695
0.0821,3433
-0.163,7769
0.131,2642
0.00915,4960
0.131,810
0.19,1007
0.0431,3971
0.24,67
0.453,1309
-0.109,9457
0.0634,3088
0.0459,4317
-0.0453,6508
0.0799,3357
-0.442,10929
0.051,3375
-0.259,10005
-0.396,9979
-0.131,9308
-0.187,8720
-0.359,10444
-0.0161,6075
-0.006,5260
0.232,1553
0.25,419
-0.516,9879
0.0959,3095
-0.145,8274
0.00466,5167
-0.369,10165
-0.365,10041
-0.108,8536
-0.0712,6567
0.37,79
0.0357,3973
0.0649,3607
-0.124,9823
0.0595,4189
0.116,3129
-0.00775,5407
-0.0821,7506
0.37,1044
0.175,1860
0.418,1758
0.241,1407
0.421,34
0.0904,3590
-0.172,8533
0.189,2243
-0.178,9727
0.133,3187
-0.1,8113
-0.00803,5945
0.163,3429
-0.0243,5851
-0.00135,5237
-0.0352,5793
0.0593,3564
0.0168,4627
-0.234,9782
0.0946,3623
-0.18,8124
-0.276,10349
0.046,3716
-0.05,8195
0.0333,4442
-0.0958,7128
-0.0332,5674
0.3,611
0.168,1138
-0.123,8972
-0.0254,6067
0.0829,2684
0.125,2713
-0.22,7792
-0.243,10924
-0.0421,6646
-0.159,9702
-0.0479,6577
-0.243,8507
0.144,3170
0.00826,5131
-0.145,8809
-0.00914,5636
0.109,3331
0.0923,3861
-0.163,8823
-0.0581,6827
-0.376,11020
-0.0536,6524
-0.202,8413
0.0929,2976
-0.495,10726
-0.121,10206
0.1,2424
-0.0799,7473
0.156,2566
-0.183,7809
0.152,2755
0.0447,4085
-0.736,11026
0.331,435
-0.078,6938
0.0529,4143
-0.0822,7910
-0.0269,5451
0.0488,3763
-0.139,8186
-0.309,9544
0.152,3355
-0.171,9919
-0.0575,7740
0.143,1371
0.0628,4104
-0.255,9343
0.0831,3976
0.311,616
0.1,3028
0.0993,2404
0.0897,3474
0.0287,4520
-0.0137,5759
-0.25,9673
-0.0135,6024
-0.132,9741
-0.0288,6251
-0.193,9285
-0.109,6378
0.0236,4488
0.193,1011
0.0372,3964
-0.21,9352
-0.3,10520
-0.114,7863
0.153,2104
-0.238,10047
0.0633,3214
-0.143,10384
0.17,1719
-0.264,9427
0.266,2260
0.153,1530
0.0879,2296
0.504,143
0.191,1509
0.226,889
-0.132,10072
-0.33,11011
0.0409,4319
-0.0631,6865
-0.029,5730
-0.0842,6088
-0.221,9207
0.0162,4877
-0.0936,8945
-0.505,10211
-0.16,9033
0.151,2666
-0.499,10329
0.202,784
0.18,1673
-0.209,9883
-0.0469,6476
-0.25,10125
0.42,1758
-0.0703,9498
-0.102,6828
0.111,3429
-0.168,8017
0.0394,4142
0.0411,4135
0.175,1950
0.145,1590
-0.18,9891
0.0486,4301
-0.114,6068
0.236,1096
-0.0867,8510
-0.0215,5428
0.0219,4963
0.102,2675
0.437,330
-0.0968,9885
0.118,1817
-0.255,10267
-0.0137,5762
0.195,2358
0.216,2176
0.493,672
0.0681,3080
-0.055,6932
0.019,4889
-0.391,10052
-0.188,8973
-0.541,10226
0.115,2885
0.0951,3138
-0.0546,6903
-0.108,8602
0.426,612
-0.0263,6353
-0.0593,7188
0.0306,4555
1.05,263
0.0515,4240
-0.204,7610
0.127,1946
0.189,730
-0.00343,5397
-0.0305,6224
-0.03,6023
0.349,733
0.00101,5378
0.0965,1918
-0.216,10808
-0.101,5613
-0.191,9960
-0.121,9599
-0.179,9384
-0.0961,7543
-0.0607,7376
0.433,112
0.188,1718
-0.128,7946
-0.357,9574
-0.0197,5728
-0.32,10641
0.00102,5485
0.224,1128
0.0232,4176
-0.287,10066
-0.111,9345
0.162,2014
-0.214,9618
-0.0141,5639
-0.038,6950
0.255,387
-0.323,10632
-0.17,8938
0.0461,4076
0.116,1709
-0.314,10931
-0.368,9277
-0.293,10482
0.182,624
0.282,1217
0.115,2733
0.34,811
0.302,41
-0.084,8214
-0.351,10755
-0.238,10157
-0.158,8249
0.172,2606
-0.16,8902
0.193,1850
-0.144,8117
0.151,2841
0.212,1537
0.51,70
0.47,827
0.0266,4456
0.0404,4235
-0.0438,7136
-0.0467,6540
-0.0649,6838
0.11,567
0.105,1684
0.0846,2830
0.398,712
-0.366,10447
-0.00139,5390
0.151,3056
-0.046,8561
0.17,998
-0.0712,7446
0.101,3227
1.68,11
0.0547,4457
-0.0303,6623
-0.393,10868
0.0883,2801
0.052,4159
-0.0693,7188
0.351,197
0.285,362
-0.0259,5982
0.154,2021
0.326,838
-0.149,8192
-0.215,9252
-0.18,8244
-0.211,9072
-0.0275,5873
0.097,3660
0.232,1720
-0.112,8446
0.282,87
-0.145,8633
0.163,2453
-0.0826,7341
-0.0133,6163
-0.157,8035
0.034,4485
-0.18,10657
0.0768,2558
-0.0814,7140
0.112,3440
-0.025,6601
-0.122,9227
-0.0445,7750
-0.0596,7387
0.0637,3034
0.577,677
0.0978,2279
0.215,1601
-0.204,9280
0.0973,3206
-0.135,7271
0.0956,2888
0.227,3239
-0.128,8076
0.0763,2391
0.0644,4090
-0.322,10460
0.244,1480
-0.0172,6103
0.098,3176
-0.0928,8251
-0.116,7266
-0.337,10470
-0.416,11020
0.135,3147
0.224,544
0.0108,5105
-0.127,9487
-0.184,8940
-0.143,8135
0.253,768
0.0758,1802
-0.153,10570
0.0833,3475
-0.0737,7116
0.434,306
0.0132,4906
-0.144,9110
-0.139,10074
-0.255,8118
0.137,2077
-0.234,10091
-0.0387,6124
-0.141,9564
0.0453,3734
0.135,2608
-0.249,8313
0.103,2095
0.169,3006
-0.0394,6851
-0.135,8727
-0.0413,6432
-0.183,8748
0.0376,4850
-0.185,10243
0.0785,3106
0.232,571
-0.168,7905
0.247,1700
0.598,423
-0.0242,6065
0.276,1869
-0.0125,5965
0.0931,3587
-0.315,10822
-0.284,9769
0.0505,3916
-0.055,7797
-0.241,10634
0.0223,4813
-0.214,8419
0.104,3508
0.154,1481
0.106,2880
-0.16,8822
-0.072,6545
-0.0216,5703
-0.189,8427
0.358,385
0.134,1236
-0.0834,7531
-0.139,10034
-0.0523,7144
0.203,655
0.0578,4097
-0.166,10300
-0.219,10363
-0.521,10850
0.136,884
-0.291,9853
-0.171,9724
0.168,53
0.0184,4727
-0.113,7406
-0.0441,6378
-0.0638,6612
-0.114,7491
-0.0544,8527
0.134,1916
0.272,1448
0.154,1898
-0.0412,7021
-0.0477,6907
-0.216,9214
-0.335,10921
-0.0116,5565
0.000427,5110
-0.0146,5224
-0.0112,5298
0.337,26
-0.0484,6907
-0.189,10229
0.152,2673
0.129,2199
-0.0813,6625
0.105,2858
0.0916,2678
0.137,2272
-0.225,7907
-0.077,6397
-0.0719,6572
0.273,790
0.0562,3762
-0.118,8204
-0.142,8155
-0.0227,5780
-0.0319,6526
0.00169,5212
0.118,2359
0.197,2075
-0.619,10547
-0.191,9566
0.387,231
0.222,1214
0.148,491
0.0696,3674
-0.164,9315
-0.199,7226
-0.339,10535
0.0626,2868
0.154,242
-0.0198,5690
0.271,944
-0.0288,6481
-0.156,8587
0.0772,3019
0.0191,4845
-0.249,10791
0.0101,5080
0.248,315
0.378,1684
0.131,2196
-0.0728,9238
-0.0162,5572
0.138,1898
0.706,648
0.0938,3121
-0.056,8486
-0.0397,6987
-0.0252,6139
-0.155,9155
0.268,1240
-0.0988,8336
-0.0104,5673
-0.123,9876
0.0426,4101
-0.0494,6053
0.243,3189
0.0874,3437
-0.0634,7203
0.214,337
0.0864,2876
-0.124,7832
-0.277,10771
0.000345,5644
-0.0639,8552
0.0242,4507
0.13,2214
1.16,139
0.0432,3654
0.722,346
0.774,63
-0.299,10461
-0.16,8535
-0.0895,8076
-0.106,9134
-0.324,10129
-0.0868,7763
0.316,163
0.0643,3678
0.0239,4668
-0.0932,8120
0.00618,5133
0.0487,3754
-0.0621,6788
0.255,1868
-0.426,10133
0.117,3019
0.574,666
-0.0636,7088
0.0225,4751
0.244,1987
-0.295,10856
0.308,965
0.131,2863
-0.0166,5885
0.0769,3631
-0.0226,5954
-0.0881,7600
-0.107,7674
0.539,311
-0.341,10606
-0.135,7984
0.0907,3724
0.181,2667
-0.224,10417
0.0242,4595
0.0226,4746
0.0298,4482
-0.262,10583
-0.245,9353
-0.00335,5222
0.174,2615
0.00116,5345
0.507,92
0.171,871
0.0779,2720
0.364,866
-0.209,8113
-0.101,7445
0.114,2048
-0.282,9740
-0.257,9962
0.207,3283
-0.443,7771
0.0102,5178
0.0316,4622
-0.0585,6937
-0.204,8528
-0.0187,6040
0.141,1949
0.288,136
0.0939,2201
-0.0557,6834
0.0547,3979
0.297,686
0.0909,4159
-0.0471,7098
-0.113,9264
-0.255,9200
-0.226,10135
-0.0442,5982
-0.259,10098
0.148,1427
0.225,1166
-0.0907,6992
-0.405,10594
0.403,937
0.246,1260
-0.321,10933
-0.133,9416
0.0436,4543
0.149,1237
-0.155,9672
0.137,3311
-0.124,9432
0.305,299
-0.116,8346
-0.0127,5882
-0.000652,4912
0.317,1195
0.0357,4230
0.138,1172
-0.351,10411
0.0134,4854
0.0251,4771
-0.278,10119
-0.0659,7892
0.13,3074
-0.347,9169
0.457,144
0.235,772
0.359,1042
0.0478,3646
0.142,1477
0.105,2913
-0.17,8836
0.0675,3735
-0.0882,7598
-0.0503,6929
-0.122,9621
-0.476,10471
0.0293,4499
-0.258,10439
-0.0979,8153
-0.0908,7319
0.248,585
-0.366,10799
0.262,133
-0.291,10757
0.047,3804
0.0945,3033
0.0632,3638
0.0787,3759
0.355,460
0.155,3563
-0.0382,6620
0.257,154
-0.129,9966
0.2,512
0.228,1330
-0.0279,6474
0.163,1194
-0.13,10595
-0.069,6886
0.0701,3022
0.436,114
-0.182,8304
0.167,2155
-0.0233,5894
-0.311,10663
0.0703,3852
0.383,244
0.165,2508
0.0519,3553
-0.00639,5270
-0.00546,5433
0.255,283
-0.448,9518
-0.331,10188
0.0542,4045
0.113,2299
-0.0184,5863
-0.0751,6875
-0.256,10285
0.0329,4630
-0.197,9530
0.207,1051
-0.22,10239
-0.116,7756
0.231,2257
0.0736,3917
-0.135,8883
0.36,218
-0.349,10834
-0.0324,5923
-0.0972,7447
-0.00955,5479
-0.0986,8899
0.0588,3370
-0.178,9730
0.227,500
0.0659,4083
0.00488,5130
-0.00803,5468
-0.01,5745
0.114,3062
0.0751,3670
0.0981,2292
0.0565,3890
-0.129,9216
-0.0417,7035
0.22,3361
-0.105,7398
0.545,2199
-0.164,9841
-0.00121,5303
-0.00132,5078
-0.575,10538
0.0379,4502
-0.0228,5689
-0.162,9819
0.0789,1893
-0.347,10591
0.316,859
0.101,3773
0.106,3274
-0.0837,7672
0.0382,4681
-0.408,10267
0.463,126
0.149,2796
0.487,210
0.0213,4757
0.142,528
0.347,1754
-0.0807,6693
0.167,2781
-0.191,9382
0.129,1620
0.0171,5047
-0.104,7577
-0.0338,7004
0.131,3806
-0.316,11006
-0.0309,6285
-0.155,10244
-0.0556,7199
0.302,1181
-0.108,7630
-0.206,7022
0.14,494
0.13,2136
-0.118,7417
-0.225,9984
-0.075,6462
-0.105,7669
0.267,261
-0.347,10685
0.391,883
0.268,936
-0.163,6487
0.00379,5181
0.411,14
0.142,2598
-0.171,8578
0.393,176
0.0544,3166
0.0298,4722
-0.0466,6517
0.0326,4300
0.000113,5361
0.0308,4591
-0.355,9914
-0.158,8110
-0.0227,6216
-0.114,9523
0.0456,3524
0.308,1038
-0.0232,5682
-0.216,10009
-0.0414,7131
0.153,1202
0.339,496
-0.325,10361
-0.147,8535
-0.0579,7752
-0.239,10105
0.372,43
0.161,1905
-0.0408,6407
-0.0962,7025
0.0595,3590
-0.0391,8646
-0.0817,7671
0.12,2562
-0.281,8729
0.298,111
0.263,1896
-0.056,7630
-0.0798,8935
-0.161,8318
-0.139,8021
-0.00999,5443
0.352,461
0.276,151
0.0942,3103
0.0511,3602
-0.0321,6312
0.106,3105
0.271,759
0.0687,3962
0.265,338
-0.00235,5227
0.0527,3882
-0.0242,5183
0.028,4753
0.136,1055
-0.155,9811
0.0503,4194
0.308,798
-0.00385,5462
-0.0713,7459
-0.0634,7161
-0.187,8625
0.0579,2789
-0.0604,7656
0.262,2547
0.195,1562
-0.133,8957
0.302,414
0.129,1747
0.053,3939
0.228,877
-0.00395,5180
0.296,345
0.00667,5187
-0.332,10592
0.0945,3112
0.0323,4235
-0.0163,5750
0.0717,2858
-0.0915,8488
0.186,1454
-0.335,9918
0.193,3227
0.0581,3781
-0.102,9465
-0.0421,7581
0.227,1644
-0.298,10347
0.0403,4772
0.0702,3564
0.0298,4299
-0.206,8950
-0.183,10213
-0.0383,6101
-0.12,7251
0.39,46
0.116,2095
-0.0347,6620
0.0357,4513
-0.00201,5305
0.103,3128
0.153,857
-0.0593,6937
-0.092,8821
-0.0446,6969
0.0396,4488
0.114,2223
-0.000134,5566
-0.188,10936
-0.028,5763
0.168,1537
0.11,1398
0.00634,5181
0.348,390
-0.201,10717
-0.145,9592
-0.239,9970
0.207,576
0.105,3371
-0.205,8971
-0.0998,9727
-0.172,10035
-0.105,6672
-0.142,8484
0.14,2415
1.12,10
-0.0992,7337
0.123,973
0.0397,4361
-0.311,10209
-0.00994,5848
0.0716,3789
-0.363,10832
-0.132,8753
0.323,1203
0.11,2412
0.0164,4551
0.0546,3980
-0.0198,6518
0.0327,4570
0.179,1761
-0.087,8746
0.159,2070
0.0596,3855
0.0201,4501
-0.089,9099
-0.158,7703
0.257,743
-0.0712,5958
-0.294,8831
-0.0466,7741
-0.0413,7749
-0.00796,5462
-0.266,9243
-0.16,10375
-0.0331,6053
-0.0736,7459
-0.0981,9443
0.0221,4553
-0.0388,6731
-0.145,8252
-0.222,8430
0.0788,2292
-0.0154,6133
0.0119,4830
-0.284,10513
-0.0449,6327
0.0124,4808
-0.26,10472
-0.163,8980
-0.125,9268
0.0402,4553
-0.0552,7193
0.29,642
-0.0974,8513
0.223,569
0.0313,4500
0.228,1751
-0.262,10333
-0.00513,5383
-0.189,8795
-0.224,9812
-0.0141,5300
-0.156,9083
0.199,596
-0.155,9291
-0.162,8818
0.00621,4764
-0.133,10257
0.0321,4687
-0.0269,6034
-0.372,11004
-0.189,7902
0.318,660
-0.0399,6277
-0.184,9017
0.0207,4758
-0.163,10290
-0.00976,5750
-0.231,9809
0.0944,3642
0.0184,5003
-0.139,9454
-0.235,9597
-0.0873,6945
-0.16,9191
0.222,409
0.0201,4588
-0.156,9414
-0.0212,5838
0.345,285
0.099,3397
-0.00902,5681
-0.0119,6090
-0.0435,6752
0.129,1676
-0.0253,6292
0.341,2773
0.0184,4538
-0.00786,5384
-0.0135,6008
0.0255,4530
0.00346,5232
0.127,2171
-0.00986,5607
0.0657,3639
-0.177,9313
0.166,3584
-0.496,9970
0.134,1952
0.027,4591
-0.0952,6502
0.756,13
-0.289,10589
0.0258,4722
-0.0728,7055
0.188,640
-0.0503,7953
-0.0884,8673
-0.0708,7300
-0.0437,6962
-0.193,9371
-0.274,8985
0.151,1826
-0.124,9238
-0.0218,6167
-0.0265,5917
-0.281,10547
0.039,4576
-0.0185,6038
0.0826,3698
0.0746,3289
0.0925,2387
-0.113,8026
-0.216,10316
-0.0188,6191
-0.0937,8938
0.39,95
-0.141,9375
-0.0166,5608
-0.421,10313
0.0735,3755
-0.125,10151
0.0919,3474
-0.0587,6219
-0.301,9751
0.0711,3994
-0.19,8773
-0.314,10781
-0.145,9448
-0.229,10428
0.0388,4319
0.332,199
0.102,2192
-0.204,10313
-0.259,7956
-0.00513,5312
-0.0707,6640
-0.218,9776
-0.216,9475
0.115,1795
-0.0166,5697
0.021,4690
0.038,4297
-0.355,10775
0.0648,3790
-0.102,7567
0.304,1160
-0.234,10320
-0.161,10011
0.591,29
0.348,1373
-0.404,10858
-0.286,9674
0.0659,2618
-0.149,9939
0.395,311
0.0939,3161
0.382,1488
0.208,465
-0.0161,6018
0.238,495
-0.173,8701
0.0504,4257
0.0642,4013
-0.111,8177
0.274,445
-0.037,7190
-0.0121,5860
-0.129,8680
0.25,1297
0.311,1472
0.233,711
-0.0129,5264
0.375,361
-0.198,9370
-0.386,6348
0.445,1587
-0.16,9706
-0.26,9818
0.585,522
-0.141,7658
-0.178,7614
-0.154,9516
0.0355,4112
0.0292,4492
0.159,1816
0.104,3819
-0.113,7663
-0.108,7550
0.0798,2429
-0.123,10603
-0.166,8909
-0.115,8718
-0.035,6771
0.266,441
-0.0312,6460
-0.0973,8893
-0.211,9092
0.574,436
0.518,53
0.13,2910
-0.155,10003
-0.0086,5559
-0.241,8418
-0.0484,5585
0.167,1266
0.0651,4040
-0.288,10396
0.138,2213
-0.0558,7061
-0.104,8884
0.204,364
0.323,278
-0.0711,7664
0.188,1453
-0.0626,6791
0.233,575
0.247,1623
0.166,3505
-0.146,9427
-0.148,9631
-0.165,9408
-0.206,9220
-0.0974,8056
-0.258,10714
0.08,2881
0.0887,2401
-0.0442,6871
0.461,745
-0.669,10934
0.0701,4145
-0.0702,8168
0.296,307
-0.216,10754
0.0492,4138
0.165,1431
0.0606,4294
-0.0778,8509
-0.344,10861
-0.0871,7100
-0.115,7983
0.019,4859
-0.28,8601
0.0451,4020
-0.0463,6824
0.181,1013
0.273,2090
0.0881,3466
-0.078,7242
0.17,1500
0.213,1044
-0.0295,5746
-0.0135,5822
-0.375,10917
0.151,1211
0.0666,2811
-0.141,9379
-0.0197,6082
0.434,2013
-0.229,8570
-0.0886,6735
0.0769,2850
-0.202,10177
0.0541,3799
0.269,2349
0.182,1282
-0.76,11026
-0.0419,8074
0.00697,5079
-0.378,9563
-0.126,8915
0.392,1861
-0.325,9702
-0.133,10308
-0.335,10709
-0.285,9973
-0.0282,5299
-0.492,10305
0.0838,2899
0.0197,4408
-0.035,6128
-0.00913,5730
0.0226,4675
-0.255,7375
0.738,124
0.0897,2945
-0.00458,5551
-0.0984,7714
0.181,2990
-0.165,9111
-0.062,6697
-0.221,10486
-0.105,7570
-0.341,10560
0.0787,3576
-0.287,8192
-0.223,10387
0.338,545
-0.23,9141
0.0109,5183
0.00583,4992
-0.204,6040
-0.264,10073
-0.322,10887
0.0314,3674
-0.0574,6890
0.0633,4159
-0.607,9396
-0.0325,5966
0.136,1035
-0.0507,7996
-0.0152,5095
-0.708,10954
-0.159,7506
-0.0079,5377
-0.00467,5407
-0.196,10344
-0.121,9701
-0.111,8950
0.163,2299
0.0478,4398
0.00969,5305
0.0778,3993
0.131,2589
0.148,2275
0.327,226
-0.306,8951
-0.0176,5763
-0.129,8463
-0.112,8427
0.00352,5320
-0.0961,8269
-0.132,8347
-0.219,10507
-0.288,10414
0.304,1593
-0.375,11029
0.0756,3755
0.0003,5026
0.21,478
-0.122,9418
-0.0515,7254
0.198,1498
-0.165,8302
-0.787,10305
-0.00687,5382
0.272,146
-0.234,7582
0.113,2946
-0.0127,5575
0.0783,3651
-0.0441,6591
0.0471,3515
0.0943,3262
-0.443,10682
-0.107,8735
0.112,2843
-0.142,9240
0.0332,3912
-0.306,10441
0.0337,4540
-0.323,10442
-0.27,10865
0.542,1
-0.0886,6754
0.0779,2896
0.0405,4424
0.0846,3637
-0.0538,5904
-0.0971,8032
0.0615,2803
0.0846,3468
0.164,1202
-0.12,8106
-0.523,9481
0.0213,4951
-0.0271,6760
-0.413,10803
-0.0854,8254
1.55,532
0.386,56
-0.0357,6716
0.00731,4957
-0.193,9946
-0.192,7115
0.452,54
-0.481,10625
-0.144,9627
0.199,1652
-0.228,8440
-0.145,9205
-0.855,10858
-0.0207,5843
-0.0232,6214
-0.0363,5890
-0.464,10970
0.156,725
-0.177,9297
-0.64,10477
-0.046,6257
-0.0833,7550
0.0746,3288
-0.0845,8445
0.254,1474
-0.0203,5683
-0.25,9890
0.0844,2318
-0.164,8881
0.0928,2727
0.105,3891
-0.121,7949
-0.0485,6596
-0.338,10927
-0.286,10573
-0.0996,9095
-0.27,6818
-0.0918,8419
-0.0613,6884
-0.33,10203
0.606,378
-0.00398,5579
-0.214,7725
-0.168,9523
-0.4,10335
-0.142,8567
0.355,1042
-0.0352,6481
0.0266,4605
-0.1,9719
0.209,353
-0.245,10568
-0.25,10589
-0.042,6879
-0.3,10298
-0.142,8625
-0.0402,6709
0.039,4307
-0.423,10355
-0.121,9408
-0.286,9858
0.187,2036
-0.0493,5760
-0.245,10595
-0.142,8571
0.0935,2150
0.16,2255
-0.325,9533
0.0104,5108
-0.282,9329
0.0685,4063
0.109,2760
-0.137,8104
-0.146,8976
0.0887,1919
-0.0854,8628
-0.0709,6612
0.0798,3862
0.841,144
-0.403,10595
-0.0379,7086
-0.186,10822
-0.423,9401
0.226,1000
-0.258,10625
0.175,1071
0.048,4065
0.0407,3582
0.0975,3357
0.71,526
0.209,3215
-0.1,8666
0.051,3854
-0.0562,8270
0.0256,4746
0.0142,5127
0.00607,3343
0.123,3312
-0.0721,6929
-0.172,8222
-0.128,8073
0.211,1747
-0.489,10698
0.00266,5264
0.139,1665
0.0988,2423
0.364,94
0.0505,4368
-0.0386,6082
0.277,401
0.252,49
-0.0917,7407
-0.208,10192
0.142,2987
-0.123,6499
0.367,26
-0.289,10979
0.0752,2793
-0.088,7843
0.134,2507
-0.174,9369
-0.00719,5164
0.105,2169
0.094,2961
-0.13,8342
-0.21,11012
-0.0707,5995
-0.548,10109
0.118,2441
-0.259,9436
-0.0537,6730
0.0435,4410
-0.108,8132
0.00234,5140
-0.214,10617
0.064,3794
-0.34,10295
0.28,580
-0.183,7668
-0.0974,7854
0.11,1733
0.179,807
0.272,1725
-0.109,9196
0.0588,4300
0.0864,3602
0.122,1253
-0.465,11034
-0.0452,5850
-0.0244,5830
0.527,482
-0.425,10835
-0.143,8065
0.199,1194
0.323,526
-0.392,10798
-0.294,9316
-0.094,6439
-0.0838,6685
0.0289,3755
-0.414,10163
0.265,385
0.251,1933
-0.163,10108
0.0175,4916
-0.114,8360
-0.321,9578
1.13,1
-0.926,9764
-0.377,9858
-0.269,10783
-0.135,9272
0.248,1333
0.145,3177
-0.155,8012
-0.00204,5116
-0.235,10527
-0.156,9860
0.0925,3294
-0.241,8278
0.218,1578
0.198,1032
-0.0893,8052
-0.0147,6295
-0.388,6562
-0.251,8887
-0.0593,7901
0.00339,5262
0.0967,2434
-0.199,10619
0.237,1297
0.123,3095
0.0469,4046
0.00455,5047
-0.181,10140
-0.0834,7988
-0.00739,5327
0.0774,4114
0.34,1466
-0.0235,5735
-0.227,10634
0.302,208
-0.147,8103
-0.143,9256
0.141,3497
-0.411,10296
-0.139,8867
-0.344,10945
0.528,656
0.805,106
0.136,2686
0.135,1085
-0.0514,6462
-0.113,7971
-0.892,10671
0.00423,5273
0.0661,3032
-0.145,7444
0.0385,4679
0.129,2965
0.16,2811
-0.0843,6614
0.0469,3314
-0.0114,5767
-0.0106,5800
0.0111,5070
-0.0387,6529
0.0384,4451
0.0039,4957
0.248,2293
0.0603,3335
0.0141,4972
-0.25,10588
0.148,3308
-0.126,9464
0.317,1004
-0.298,10660
-0.0498,5368
0.148,1872
0.0386,4700
0.506,807
0.0645,4039
0.0486,3668
0.138,927
-0.0425,6970
-0.243,8468
-0.264,8266
0.0159,4891
-0.152,8432
-0.0852,7173
-0.189,9234
-0.1,8483
-0.0218,5326
-0.194,8349
-0.0719,9049
0.0345,3955
-0.108,7495
-0.043,6718
0.71,996
-0.087,6765
-0.0471,7460
0.318,816
-0.0493,6346
-0.0108,5184
-0.0905,7424
-0.271,9464
0.271,1491
-0.128,7243
-0.234,9740
0.0341,4717
-0.0229,6274
-0.0675,7559
0.227,1606
0.206,1046
0.766,1
0.15,1961
-0.235,7006
-0.0287,6998
-0.104,7445
0.0355,4473
0.157,1537
-0.177,8574
0.134,2000
-0.652,10771
-0.0979,8574
-0.056,7306
0.0352,4224
-0.17,9517
-0.104,8451
-0.295,8973
-0.074,7694
0.0442,4118
0.132,2382
0.388,205
0.364,2056
0.677,29
0.0518,3500
-0.0231,5661
-0.213,7579
-0.164,8616
-0.264,10462
0.163,1298
-0.175,9502
0.173,931
0.0237,4504
-0.0723,5580
-0.111,6614
0.0841,3038
0.0606,2879
-0.198,10099
0.096,2705
0.0899,2664
0.00524,5062
-0.0725,6375
0.54,10
0.205,976
0.193,2608
0.178,2071
0.137,2083
-0.0632,6433
-0.109,9768
0.213,1507
0.197,1212
-0.106,5516
-0.00481,5273
-0.168,9370
0.101,3998
-0.133,9323
0.0633,3470
-0.481,10771
-0.0181,5647
0.913,10
-0.17,9893
0.0717,2851
0.186,2787
-0.0956,7280
-0.147,8762
-0.149,9611
-0.0669,7909
0.0221,4262
-0.158,7807
0.328,329
-0.167,5868
-0.102,8981
0.0868,3188
0.364,227
0.00261,4911
-0.214,9833
0.0192,4617
0.279,825
-0.021,6315
-0.163,9668
-0.371,10125
0.0311,4772
-0.261,9340
0.119,2549
-0.0125,6048
-0.0134,5725
-0.38,10796
0.0638,3876
0.532,176
-0.257,9410
-0.018,5819
-0.098,8966
0.172,2243
1.77,3
0.0221,4528
-0.0307,6668
0.0478,4460
0.989,155
0.0674,2847
-0.197,10831
0.172,1814
0.0101,4930
-0.101,8162
0.0148,4638
-0.0417,7332
0.204,746
0.0422,4229
0.0691,3404
0.13,2756
-0.515,11001
-0.0834,8331
0.185,2291
-0.0391,6444
-0.115,6849
-0.306,8155
-0.28,8211
-0.32,9329
-0.022,5777
0.499,1204
0.0934,3267
0.247,200
0.0283,4471
-0.163,8916
-0.0453,6867
-0.0302,6046
-0.244,7634
0.0237,4426
0.09,2991
-0.0871,7567
0.178,2679
0.4,1267
-0.312,9900
-0.0133,5833
-0.154,8657
0.184,896
0.102,2557
-0.101,8050
0.289,1136
0.112,926
-0.0911,8757
0.123,3242
-0.236,9444
0.122,3095
-0.124,8334
0.109,1956
-0.0286,6263
0.0966,3286
-0.239,10377
2.34,1
-0.319,10678
0.197,479
-0.0747,7198
0.0254,4584
0.16,2131
-0.0488,6465
0.677,92
0.0687,3720
0.158,889
0.204,1602
-0.463,10320
-0.231,7376
0.127,2323
0.555,54
0.089,3459
-0.253,9407
-0.19,9562
0.146,2323
-0.286,7797
-0.0822,6702
-0.00145,5613
-0.238,10439
-0.0112,5520
-0.105,8074
-0.208,9715
0.149,1723
0.259,1390
-0.149,8496
0.0839,4084
-0.0231,6359
-0.128,10244
0.184,1020
-0.0706,7366
-0.308,10813
-0.0571,6626
-0.363,10802
-0.294,10839
-0.0615,7265
-0.121,7001
-0.277,5880
0.17,2452
-0.034,7156
0.094,3101
-0.00758,5888
-0.122,7036
-0.488,10970
0.171,1783
0.0658,2263
-0.56,8454
-0.405,10281
0.194,2155
-0.179,8739
0.181,779
-0.0565,7180
-0.024,5777
-0.231,9061
1.56,112
-0.137,9351
-0.144,10162
0.0691,2159
-0.233,10523
-0.246,9602
-0.0589,7217
0.0746,3852
0.0477,3684
-0.126,9909
0.307,1521
-0.116,9439
-0.119,5707
0.198,1238
-0.142,8527
-0.228,9398
-0.00652,5179
0.237,1055
-0.217,10020
0.463,1173
-0.0768,7216
-0.16,7451
0.197,1975
-0.0103,5497
-0.02,5288
-0.193,10152
0.289,710
0.176,795
-0.165,9666
-0.222,8784
-0.035,5636
0.321,482
-0.254,10753
0.132,1438
-0.0816,5667
-0.298,9887
-0.0489,6562
0.0864,3485
-0.28,10309
0.139,1764
-0.0114,5514
-0.432,10420
0.328,1287
-0.302,10561
-0.0199,6663
-0.0144,5705
-0.0465,6884
-0.182,8347
-0.0981,7291
-0.137,7389
-0.183,8849
0.0233,4624
-0.00597,5476
-0.26,9521
0.183,1686
-0.341,7521
0.00714,5038
0.133,2405
0.372,189
0.306,134
-0.153,8815
-0.357,10997
-0.0124,6033
-0.129,9530
-0.0436,6701
-0.324,10546
0.0101,4907
-0.0692,5585
-0.156,10205
-0.266,10693
-0.1,7212
-0.124,7670
0.108,3642
0.00618,5186
0.00842,4879
-0.154,8181
-0.182,9961
-0.124,8784
0.8,0
0.127,2989
0.0618,3617
0.11,1776
0.942,50
-0.226,9962
-0.159,7959
-0.0989,7460
-0.0492,6747
-0.0789,7205
0.257,52
0.312,29
0.0584,3283
0.208,605
0.147,1084
-0.0326,6430
0.177,2556
-0.0846,5724
-0.302,9714
-0.277,9438
0.347,93
-0.168,9858
-0.227,10776
-0.254,9730
0.499,209
-0.225,10376
0.019,4507
-0.0652,7458
0.232,1321
0.00448,5328
-0.165,8340
-0.285,9168
-0.196,9205
-0.212,10366
-0.0494,5899
0.282,1487
-0.322,9254
-0.0268,6242
0.102,2808
-0.0274,6493
-0.0184,5497
-0.0488,6372
0.0904,3195
-0.0834,8098
0.057,3227
0.0714,2925
-0.271,9890
-0.478,11005
0.167,2904
-0.04,6624
-0.0101,5775
0.0597,3841
-0.0126,5827
-0.053,6801
0.00549,5092
0.465,547
-0.254,9532
0.115,2622
-0.00963,5595
-0.219,9744
0.0407,4441
-0.195,9501
-0.351,9772
0.0348,3725
0.00297,5361
0.24,1751
-0.184,9956
0.0631,3968
0.658,516
-0.157,10246
0.0271,4002
-0.0843,7635
-0.208,9815
0.267,644
0.262,375
0.0564,3331
-0.0724,7681
0.379,1045
-0.0213,5550
0.159,3610
0.848,0
-0.0932,8027
0.126,2068
-0.0103,5839
0.13,1735
-0.0725,7415
-0.19,7747
0.075,4288
-0.106,7391
-0.09,7505
0.419,109
0.0203,4806
0.37,1683
0.00378,5679
-0.18,10566
-0.0333,6421
-0.0113,5440
-0.165,8965
1,1
-0.444,10476
0.0565,3449
0.155,1442
-0.0183,5871
-0.0848,7173
-0.221,9943
-0.052,8420
0.445,228
-0.03,6520
0.167,1904
-0.18,9715
-0.0895,7351
0.279,2280
-0.00762,5492
-0.0272,6285
-0.0929,8949
-0.278,9383
-0.0243,5485
0.501,589
-0.181,9036
0.0483,3829
0.426,610
0.205,1302
-0.196,9619
-0.00665,5208
0.204,1343
-0.00299,5231
-0.066,6653
-0.222,9384
-0.298,10766
0.191,3030
-0.165,10277
-0.109,9329
-0.338,9916
0.0593,4077
1.13,299
-0.201,7029
-0.0519,7228
0.782,2
-0.12,7744
-0.177,8846
-0.357,10600
-0.536,10751
-0.108,9318
-0.12,8446
-0.00161,5482
1.1,3
0.0746,3080
-0.346,9018
0.0936,1608
-0.068,7676
-0.14,7565
-0.0982,7755
0.104,2480
-0.294,9216
-0.155,10510
-0.0615,8636
-0.118,7354
-0.127,9417
0.274,941
0.061,4058
-0.175,7857
-0.141,7361
0.0571,4230
-0.076,6590
-0.165,7202
-0.329,10833
0.00986,5163
0.0771,2602
-0.692,9979
-0.0755,6549
0.142,2953
0.0704,2544
0.13,581
-0.0559,7510
0.304,375
-0.0451,6226
0.41,1506
0.183,2038
-0.113,8500
-0.138,8086
0.325,1625
-0.5,10997
-0.0916,6441
0.351,602
0.0527,4085
0.061,1740
0.25,1647
-0.149,5787
-0.256,10449
0.119,2507
-0.121,9476
-0.13,8216
-1.14,11024
0.0744,3379
0.196,2017
0.0881,3873
-0.178,8941
-0.235,10885
-0.258,10156
-0.00262,5111
0.198,1704
-0.0655,6711
0.0636,2676
-0.0918,7650
-0.355,10529
-0.102,6697
-0.141,7812
-0.462,10013
0.317,2920
0.0136,4406
0.569,184
0.133,2501
0.152,1948
1.14,5
-0.181,9157
-0.0612,6629
-0.366,9789
-0.106,8229
-0.193,9071
0.298,352
-0.139,9188
0.0862,2774
-0.00627,5272
-0.0822,7148
-0.041,6076
0.158,2532
-0.13,8228
0.00985,4933
-0.087,7076
0.0154,5046
-0.479,9468
1.54,3
0.05,4303
0.214,2245
-0.26,10641
0.168,1270
-0.0899,7668
-0.153,8243
-0.281,10940
-0.0814,8075
-0.253,10308
-0.32,10714
-0.112,7615
-0.31,10245
0.0872,2453
0.000831,5220
-0.212,8647
0.131,1873
0.162,1740
0.101,3501
-0.0532,8746
-0.157,8889
-0.237,9726
-0.189,9200
0.204,2015
-0.0865,6036
-0.0901,7844
0.125,1085
-0.235,10300
0.271,129
0.111,3398
0.207,1510
0.295,862
-0.137,8389
-0.0515,6378
-0.0666,7615
-0.277,8780
0.0663,3908
0.0826,4145
0.12,2797
0.103,3435
-0.231,9460
0.178,1583
-0.275,10688
-0.272,10992
0.0589,3327
-0.14,7862
0.289,1504
0.177,1937
-0.0283,5736
-0.359,10911
0.134,616
-0.0837,7562
0.107,2486
-0.175,7131
-0.0133,5525
0.0224,4602
0.343,357
-0.013,5703
-0.0887,7272
-0.29,9698
-0.0311,6156
-0.0943,8784
-0.154,10809
-0.179,8852
0.104,3267
-0.0388,5936
-0.405,10047
-0.0736,7050
0.00396,5189
0.0332,4540
0.0129,4842
0.0279,4949
-0.195,8563
-0.0271,6457
-0.0503,6412
-0.306,10266
-0.0445,6801
-0.0117,5590
-0.262,10415
0.102,2313
-0.171,10816
0.239,1470
-0.291,10609
0.0823,3834
0.419,795
-0.0925,8556
0.086,3214
0.208,805
-0.224,9879
-0.102,9217
0.0456,4380
0.0497,3988
-0.123,7637
-0.134,9016
0.04,4163
0.0341,4506
-0.135,7230
-0.194,9999
-0.0722,6118
-0.041,6440
0.0889,2757
-0.198,9438
0.0337,4668
0.0316,4460
0.0823,1425
0.0146,4752
-0.283,9681
-0.0217,5465
-0.0897,9281
0.0057,4952
0.123,2559
-0.0375,6059
0.187,1262
-0.0999,6678
0.668,50
-0.203,10720
0.342,51
0.0661,4102
0.0602,3656
-0.33,10552
0.0495,3336
-0.0363,7724
0.0721,2064
0.272,2948
-0.83,10594
0.0552,3090
-0.207,10126
-0.0756,7856
0.226,1006
-0.0855,5656
-0.0645,5997
0.0983,3363
-0.0849,7099
-0.101,9249
0.159,1662
-0.0249,5955
0.291,2160
-0.178,7338
-0.113,8393
0.236,1035
0.0286,4679
-0.0831,9068
0.504,202
-0.059,6638
-0.103,7017
0.0502,3575
-0.195,9082
-0.0832,7665
-0.0131,5410
-0.208,7538
0.0197,4878
-0.212,9812
-0.329,10982
0.00912,5226
0.0278,4401
-0.044,6510
-0.188,10332
-0.292,9765
0.0152,4864
0.0591,3491
0.228,2729
-0.243,9198
0.111,2268
-0.183,9799
0.256,1412
-0.183,8736
-0.286,10756
0.0177,4854
0.0141,4921
0.12,1374
-0.0578,6032
0.0634,4092
-0.0669,6359
0.102,2611
-0.0405,7837
0.269,458
0.0143,4960
0.0608,3027
0.232,472
0.197,1834
0.173,1245
-0.215,9760
0.0641,3951
-0.0369,6020
0.0707,3650
0.0327,4417
0.238,2147
0.057,4220
-0.15,10088
-0.05,6645
0.124,2622
-0.195,8002
-0.0467,6940
0.0613,4076
-0.0144,5911
0.148,2693
-0.0935,7391
0.0419,4255
-0.0129,5639
0.128,1567
-0.219,10551
-0.287,9110
-0.343,9201
0.198,2725
0.352,187
-0.297,10867
0.0744,3891
0.00715,5296
-0.235,10535
0.431,517
-0.0418,7494
-0.315,10514
0.112,2893
0.167,707
-0.0578,6531
0.0473,4238
-0.0447,6615
-0.188,9885
0.000255,5204
-0.00556,5625
-0.0583,5585
-0.404,10922
-0.0421,7060
0.123,2720
0.485,48
-0.467,10739
-0.458,9225
0.253,2865
-0.0957,9418
-0.327,9233
-0.16,8798
0.314,664
0.389,828
-0.331,6630
-0.227,10701
0.446,1892
0.0918,3993
-0.0716,7211
-0.402,10464
0.135,3015
-0.145,9874
-0.159,8659
0.0875,2730
0.0666,4084
-0.00886,5512
0.0806,3157
-0.0521,8195
-0.0791,7560
-0.0175,5691
0.558,33
-0.229,9289
-0.0951,6179
0.307,385
0.0461,4182
-0.0946,8005
-0.0422,6216
0.0586,3881
-0.377,10896
0.193,386
0.187,1745
0.12,2496
-0.0107,6047
-0.174,7970
-0.197,8879
-0.0923,8156
0.245,454
0.0506,3993
-0.129,8620
0.0603,3425
-0.318,8898
0.136,1284
-0.0157,6213
-0.137,8899
-0.18,8522
-0.0244,5622
-0.0192,5445
-0.0279,6183
0.173,984
-0.305,10494
0.131,3009
-0.115,8157
-0.285,9611
0.0905,3081
0.0885,1953
0.259,1263
-0.00152,5074
0.374,1576
0.0272,4821
0.113,1715
-0.355,10881
-0.39,10139
-0.181,10051
-0.3,10421
-0.178,9911
-0.119,8648
0.0898,2301
-0.0411,6497
0.0444,4380
-0.0981,6545
-0.16,8530
-0.294,10643
-0.139,9780
0.0879,2124
0.222,696
0.284,1511
0.00688,5107
-0.0159,5380
0.352,170
0.0313,4121
0.221,1770
0.148,659
-0.137,8612
0.288,395
-0.0252,5962
0.208,2289
0.158,1430
0.0549,4307
0.0107,5013
0.154,666
-0.0949,8854
0.108,2714
-0.141,8840
0.0467,3529
0.0368,4755
0.18,1227
-0.0443,7029
0.0338,4394
0.0705,3706
0.0886,2947
-0.218,9778
-0.179,9367
-0.147,10277
-0.0358,6356
0.129,2289
0.0785,4063
0.143,1672
-0.159,10357
-0.245,10087
0.305,826
0.17,1343
0.242,1697
-0.367,10908
0.0596,3535
0.0518,2459
0.0892,2854
0.188,661
0.12,2899
0.448,216
0.0763,3146
-0.00614,5819
-0.296,9897
-0.0522,6491
0.428,684
0.292,2864
0.197,1240
0.0356,4508
-0.182,8294
-0.0921,9312
-0.183,10031
-0.301,10570
-0.0375,5920
0.0992,2206
0.063,4124
-0.206,10185
0.373,555
-1.53,10963
0.553,471
-0.0842,7819
-0.195,8622
0.0131,4963
-0.351,9454
-0.494,10860
-0.0954,8075
-0.179,10655
-0.0327,5785
0.328,2058
-0.106,7733
-0.0783,6921
-0.0454,7154
0.092,2707
-0.142,9256
-0.28,9286
0.116,2899
-0.777,10862
-0.0613,8030
0.0582,3510
-0.00726,5189
-0.342,10570
-0.0262,5261
0.314,1542
-0.229,10205
0.159,1000
0.163,1313
0.366,13
-0.133,8281
-0.378,10161
0.00238,5227
-0.26,9257
-0.368,10211
0.0849,3536
0.0932,3421
-0.09,7768
-0.158,8913
-0.0698,8322
-0.239,10334
-0.0401,6335
-0.107,8098
0.395,731
-0.0264,6284
-0.0325,7284
0.0743,3235
-0.243,8548
-0.0658,6562
-0.0822,6629
-0.00564,5655
0.244,445
-0.237,9891
0.0061,5362
0.0089,4848
0.528,239
-0.176,10186
0.0595,3532
-0.0623,6696
0.0918,1970
-0.0828,7066
0.00953,5065
-0.00579,5472
0.176,1361
0.0848,3435
0.118,3427
-0.142,8092
-0.131,9919
0.0133,4912
-0.0957,7043
-0.0946,6018
-0.163,8150
0.0568,4550
-0.15,6806
-0.0534,7287
-0.106,8566
-0.179,8954
0.435,224
0.942,557
0.36,403
-0.0639,6324
-0.0387,6482
-0.0435,6619
-0.0552,6736
-0.0119,5255
-0.122,10026
-0.0299,6859
0.148,1318
-0.106,8848
-0.0746,6523
-0.0688,6058
-0.178,7703
-0.141,9962
-0.223,10311
0.297,1540
0.0536,4088
0.0697,3938
-0.112,8240
0.365,632
-0.212,10938
-0.224,10320
-0.00594,5543
0.0918,3620
-0.287,10197
-0.0922,9290
-0.102,9377
-0.00895,5448
0.63,13
0.131,762
0.582,317
0.136,1791
-0.0464,7240
0.167,1603
0.185,2806
0.216,2415
0.0771,2668
0.276,224
0.0774,2581
0.0511,3395
0.0225,5052
0.11,2422
0.0385,4525
-0.0292,5774
0.109,2251
0.06,4063
0.0668,2957
0.0309,4618
-0.105,9462
0.135,156
-0.0389,6643
0.00513,5257
-0.244,10402
0.00164,5354
0.664,185
0.173,1858
-0.0874,8121
-0.118,7332
-0.221,8754
0.245,180
-0.29,8358
-0.377,10211
-0.0646,7829
0.0021,5353
-0.26,10293
0.116,2918
0.804,93
-0.0655,8662
0.133,2226
0.128,2247
-0.425,10622
-0.234,9821
0.0992,3649
-0.163,8365
0.0232,4691
8.33e-17,2765
