coef,rank
-0.312,9542
0.0362,4482
-0.117,9221
-0.525,10792
-0.661,8439
-0.796,10835
0.0545,4416
-0.00401,5510
-0.194,10459
-0.201,9305
-0.197,9262
0.0398,4440
0.184,1237
-0.16,10332
0.141,1849
-0.215,9690
-0.0865,5958
0.174,3205
0.0165,4748
0.0277,4145
-0.228,10397
0.126,1802
-0.453,10300
0.291,1825
0.272,539
-0.0203,5563
0.607,178
0.000103,5078
0.0618,3289
0.288,2786
-0.206,9475
-0.178,10010
0.314,858
-0.146,6861
0.261,1027
-0.0987,7074
-0.111,8582
0.184,378
0.0932,2930
-0.395,10422
0.0446,4394
0.124,2783
-0.0331,6491
-0.0896,9801
-0.0333,6035
0.432,52
0.101,3441
0.197,2226
-0.0149,6060
-0.119,10384
-0.0211,5676
-0.104,8469
-0.00591,5347
0.429,367
-0.127,7760
0.0841,2208
0.106,2396
-0.285,9373
0.541,810
0.0178,4771
0.117,1207
0.161,1234
0.359,797
-0.103,7307
0.232,249
-0.0217,6296
-0.264,10543
-0.0509,7452
-0.0514,7055
-0.0261,6232
-0.0127,5545
0.278,2612
-0.214,10403
0.0339,4291
-0.118,8345
-0.0605,6367
0.17,3177
-0.196,10433
0.0433,4048
0.108,2249
-0.0272,6447
0.057,3806
-0.248,8295
0.362,1164
-0.0984,9054
0.0458,3832
0.177,1666
-0.369,10423
-0.0259,5672
-0.531,10878
0.175,688
0.00157,5327
-0.163,8660
-0.157,8565
0.105,3516
-0.0371,5806
-0.00468,5290
-0.141,9669
0.6,370
-0.0711,8559
0.109,2733
-0.237,9872
-0.163,9983
0.05,3734
0.211,814
-0.0885,7267
-0.201,8035
0.0205,4848
0.139,2655
-0.201,9556
0.101,3135
-0.095,7748
0.0787,4169
0.135,3098
-0.172,10339
0.0254,4342
-0.433,10815
0.0774,3430
-0.156,10259
-0.00993,5571
-0.0356,6239
-0.113,9435
0.0498,3585
0.0469,3746
-0.674,11013
0.0812,4080
0.0792,2557
-0.46,10978
-0.239,9636
0.247,918
0.245,1505
0.315,1009
0.0444,3854
-0.29,10870
0.066,4057
-0.108,8909
0.359,2765
0.287,2250
-0.115,9093
-0.0797,7840
-0.0515,6310
-0.0181,6307
0.444,482
0.0381,4536
0.102,2875
0.22,856
0.11,3260
0.0227,4723
0.107,2282
-0.066,6339
-0.13,9077
-0.211,10770
3.39,354
-0.15,8426
0.467,1165
0.178,1829
0.118,2039
0.0202,4919
-0.308,9852
0.168,1827
-0.35,10938
-0.0265,6260
-0.0234,5969
0.083,1698
-0.176,9334
-0.0895,7794
0.18,828
-0.0188,6095
-0.0907,7540
0.0387,4044
-0.3,10582
0.182,2720
0.17,887
-0.0265,6203
-0.0313,7232
0.186,970
0.22,433
0.247,1439
0.436,1765
0.0893,1702
-0.121,9033
0.115,3074
-0.00706,5514
-0.0402,6510
0.0757,2418
-0.104,10208
-0.0497,7066
-0.17,9759
-0.369,10638
0.0847,2891
-0.0773,5572
0.0282,4416
0.186,907
0.0363,3607
-0.155,9737
0.196,1701
-0.257,8641
0.166,1286
0.431,373
-0.365,10821
-0.128,9665
0.0988,3313
-0.00737,5181
0.2,2706
-0.131,9906
-0.0144,5863
-0.158,8806
-0.365,9409
0.0505,4148
0.213,1686
-0.189,10259
0.00546,5136
0.0565,3784
-0.0519,6301
0.0302,4693
-0.297,10314
-0.0117,6234
-0.229,10717
0.105,2860
0.0145,5071
-0.109,6917
-0.315,9741
-0.0479,6500
-0.118,9484
-0.124,10059
-0.313,10162
-0.215,8665
0.0413,4512
-0.0213,6185
0.159,754
-0.0483,7497
0.257,1180
0.0412,4611
0.225,1455
0.294,1321
-0.00773,5891
0.0262,4464
0.313,700
0.305,1735
-0.261,10079
-0.294,10062
-0.0814,4209
-0.0283,5532
0.00649,5169
-0.445,11014
0.0227,4970
0.101,2140
0.0122,5190
0.29,951
-0.26,10573
0.0889,4766
-0.48,10783
-0.0038,5455
-0.0335,6889
0.264,2132
-0.0333,5671
-0.139,7032
-0.816,10924
-0.202,10123
-0.0201,5798
-0.159,9564
-0.162,9492
0.0671,4084
-0.0446,6434
0.074,3327
3.13e-05,5273
0.0736,3864
0.0933,3139
0.125,2536
-0.086,6625
0.0909,3355
-0.0149,6181
0.0162,4666
-0.117,7968
0.268,1313
-0.162,9233
0.14,2093
-0.294,10015
0.0885,3446
-0.191,9244
-0.146,8262
-0.000247,5466
0.00442,5128
-0.0707,7004
0.0968,3205
-0.15,8098
-0.175,8466
0.0272,4738
-0.0682,8389
-0.117,8393
-0.194,9034
-0.0558,6211
-0.313,10252
0.129,2880
0.0479,3621
-0.0769,8064
0.216,2511
0.0477,3887
-0.367,10221
-0.302,9476
0.0824,3165
-0.0402,6505
-0.189,9885
0.21,1540
-0.0599,6858
0.591,392
-0.145,10308
-0.18,8698
-0.00365,5443
0.121,3503
-0.312,9759
-0.0566,6962
-0.0914,8727
-0.0616,7235
-0.273,10656
-0.283,8731
0.102,3729
0.0152,5113
0.229,1885
0.525,407
0.346,1150
0.135,2418
-0.11,7062
-0.236,7846
-0.139,9818
0.0175,4881
0.0696,3198
-0.268,10518
0.0435,3370
0.0206,4920
0.00245,5120
0.0529,3717
-0.163,8137
-0.111,7097
0.152,1579
0.42,1267
0.0431,3815
-0.0532,7461
0.0275,4452
-0.0403,6689
0.122,2418
0.109,3236
-0.0097,5710
0.0155,4925
0.0875,3845
-0.00501,5588
-0.129,10002
-0.0932,7146
-0.0637,7313
0.327,347
-0.625,8764
-0.174,6529
-1.26,10648
0.53,1975
-0.685,10960
1.19,398
-0.164,8351
0.567,95
0.0748,3535
0.11,2639
0.037,3684
0.0391,3133
-0.865,10392
-0.393,10772
0.221,1569
-0.0566,6500
-0.367,10925
0.12,1305
1.01,101
-0.0738,6964
0.233,933
0.0801,3463
-0.438,10764
0.0137,4791
-0.0985,7786
-0.311,9838
-0.0533,5965
0.262,2728
-0.0917,7438
0.159,1151
-0.579,10963
-0.00552,5669
-0.303,10301
-0.735,10934
0.0286,4502
0.00373,5204
0.29,362
-0.0442,6219
-0.24,7384
-0.078,6732
-0.0267,6138
0.0943,2710
-0.0834,7579
-0.337,9679
0.0953,3255
-0.621,10931
0.0916,3172
-0.00977,5710
0.709,379
0.0929,2889
0.236,1357
-0.0915,7665
-0.206,10032
-0.0861,7902
-0.258,10286
-0.0628,6380
-0.135,7977
0.374,1944
0.0363,2213
-0.0886,8045
-0.28,10234
-0.118,7463
0.121,3019
-0.111,7449
-0.0875,8562
-0.101,10353
-0.0204,8051
0.336,403
-0.0579,5938
0.18,1511
-0.032,5430
0.0962,1783
-0.21,9058
-0.187,8867
0.162,2317
0.547,995
0.0375,4683
0.314,72
0.0895,2971
-0.0777,6689
-0.1,7141
-0.0325,6244
0.0896,2056
-0.033,6632
-0.245,10109
0.101,2995
-0.152,8215
0.0978,2649
-0.0185,5510
0.0851,2897
-0.102,9461
-0.416,7305
-0.342,9582
-0.147,8007
-0.427,10127
0.05,3657
0.339,730
0.188,2393
0.38,1714
-0.122,7424
-0.156,7273
-0.109,8668
-0.498,10642
0.0976,3872
-0.144,9023
-0.265,9086
-0.157,8969
-0.0926,9208
-0.165,10690
0.176,2173
-0.0406,6178
-0.0286,6276
0.0463,3911
0.0372,3949
-0.0869,6670
0.0908,3699
-0.302,9892
-0.00383,5763
-0.125,7528
-0.00425,5381
0.284,293
0.224,1731
0.196,1694
0.141,1440
-0.102,7990
-0.15,8963
0.179,1799
0.117,2136
0.023,5180
-0.114,8424
0.06,3915
-0.0508,7165
-0.0923,6348
0.157,1190
0.184,2022
0.238,2064
0.0587,3649
-0.15,9630
-0.217,10740
0.257,386
0.129,1887
-0.0726,7291
-0.125,8650
0.0318,2646
0.0513,4151
-0.145,9826
0.0475,4514
0.535,764
0.0658,3477
0.185,1037
-0.0545,7431
0.0327,4403
-0.21,9405
-0.211,7187
-0.0313,5963
-0.0681,8486
0.00165,5187
0.279,2072
-0.241,10133
0.03,4570
0.249,1428
0.237,1793
0.232,225
0.379,1826
0.355,1947
-0.205,7881
0.0551,4509
0.0266,4069
-0.00924,5736
0.163,1164
0.0193,4461
-0.0527,5990
-0.0915,7327
-0.00112,5207
-0.178,9328
-0.654,10591
-0.204,8435
0.202,2679
0.687,1445
-0.11,9035
-0.0893,8000
-0.16,8620
0.137,2615
-0.286,10676
-0.144,7733
0.112,1953
0.00911,5042
0.242,3554
-0.112,5613
0.411,2390
0.0738,4492
-0.0927,8194
0.0428,4535
0.206,826
-0.224,9653
0.00332,5068
-0.24,10191
-0.16,9485
-0.188,9282
0.175,1706
0.00459,5258
0.00288,5061
0.0545,4714
0.204,888
0.0646,3752
-0.0429,6037
-0.0399,6083
-0.288,10445
-0.0809,7021
0.209,1146
-0.0361,5852
-0.0499,6674
0.0394,4039
0.239,1374
0.021,4918
0.00614,5220
0.125,1881
0.0597,3908
-0.0782,7626
-0.0822,6648
-0.06,7616
0.126,2066
0.135,3054
-0.0108,5584
-0.18,9341
0.296,711
0.137,2637
0.128,2106
-0.0258,6446
-0.947,11024
-0.0872,7545
-0.294,10016
-0.144,6339
0.139,1772
-0.311,10861
0.243,1999
0.105,2153
-0.061,7562
0.128,2694
-0.147,9585
0.457,12
0.108,2822
-0.0389,6625
-0.199,8025
-0.385,10092
0.103,1073
-0.26,10137
-0.122,7404
0.0584,3780
-0.224,9522
0.0596,3828
0.0363,4432
0.276,406
0.26,1456
-0.107,6898
0.256,843
-0.118,7501
-0.127,8784
-0.0181,6069
0.355,1271
0.0155,4644
-0.249,8387
-0.858,10941
-0.142,9362
-0.0494,7031
0.196,1759
0.000907,5075
-0.105,6780
0.248,1373
0.161,1566
0.0272,4458
0.122,1011
-0.151,9558
0.403,153
0.129,2501
-0.0947,8088
0.404,683
-0.00835,5427
-0.107,6935
0.0561,4382
-0.0647,7620
0.0814,2191
-0.0536,7952
0.134,1786
0.39,602
-0.0365,5955
-0.00793,5719
0.0122,4760
0.208,733
-0.135,7588
0.166,2700
-0.274,9470
0.29,908
0.134,2499
0.0305,4720
-0.264,10410
0.923,30
-0.153,9227
-0.0783,8388
0.0138,4751
-0.491,7140
0.0647,3363
0.248,2076
0.047,4308
0.022,4728
0.499,1197
-0.424,8378
-0.116,4492
0.44,1253
-0.0154,5121
-0.228,8656
-0.331,10492
-0.018,6264
0.124,2532
0.0911,2833
-0.0291,7202
-0.463,10950
-0.325,9461
0.574,611
0.0615,3474
-0.0707,7304
0.0738,2934
0.103,3384
0.0272,4477
-0.349,10258
-0.00746,5466
0.0755,3571
-0.133,8311
0.269,1623
0.0869,3683
0.259,1085
-0.255,9544
-0.0559,7440
-0.0451,7101
0.241,1989
0.0892,2681
0.942,1
-0.173,8428
0.0195,4851
0.468,381
0.0856,3589
0.261,2587
-0.185,9325
-0.138,7789
0.256,529
0.017,4725
0.112,3170
-0.368,10719
0.0123,5008
-0.198,8498
-0.173,8519
-0.0864,7666
-0.087,7445
0.281,2595
0.0613,4144
-0.0812,7041
-0.135,8687
-0.00828,5552
-0.17,10228
0.314,347
-0.525,10030
-0.511,7038
-0.0905,8246
0.038,3742
0.0583,3518
0.0267,4832
0.0788,1925
0.305,1802
0.207,1201
0.0751,3069
0.114,3508
-0.175,8574
0.00461,4905
0.253,1277
0.129,2905
0.105,2297
0.336,1221
0.3,1516
0.299,2994
0.136,3375
-0.132,9700
-0.227,10017
0.0667,3853
0.0315,4545
0.296,462
0.215,2788
-0.266,10299
-0.0346,6296
0.00129,5381
-0.158,9701
-0.36,8808
0.806,1334
-0.113,8916
0.0529,3415
0.0969,2608
0.0244,4623
0.0531,4071
-0.0576,5986
-0.0497,7140
-0.0233,5955
-0.179,9326
-0.0766,6305
-0.0781,7347
-0.0684,7784
-0.134,9497
-0.0548,7863
-0.389,10986
0.56,272
0.0288,4253
-0.0842,7360
-0.137,7634
-0.075,8113
-0.0486,6412
-0.0392,6024
0.0206,4925
0.152,3282
-0.264,10391
0.722,11
0.251,866
-0.404,9976
-0.0262,5606
0.111,2756
-0.154,10112
0.0544,4602
0.574,795
0.138,2922
0.115,3258
-0.151,8352
-0.0357,6669
0.327,555
-0.345,10186
-0.0885,8823
-0.602,10381
-0.224,8083
-0.0452,6515
0.192,420
0.179,1896
0.453,470
0.0114,5040
-0.541,10913
-0.101,8495
-0.186,10099
0.0016,5431
-0.0079,6610
-0.015,7166
0.0165,2489
-0.00116,5691
-1.09,9519
-0.0326,6053
-0.466,9012
0.429,2615
-1.04,9830
0.12,2587
5.91e-05,5389
-0.425,9105
-0.0994,7271
-0.0377,5460
-0.0304,6355
0.641,82
1.82,972
-0.145,8952
0.0908,3581
-0.144,10666
0.232,782
0.208,1352
0.387,1088
0.02,4997
-0.133,6664
-0.59,11002
0.0372,4247
-0.17,8526
-0.856,10429
0.409,903
0.13,2968
-0.0318,4520
0.0993,3186
0.25,662
-0.178,8449
0.0168,5106
0.0768,2887
-0.0965,8875
-0.0996,7323
0.0604,4208
-0.123,8704
-0.00894,4994
-0.21,9694
-0.0629,7779
0.0305,3693
-0.0928,7480
-0.134,8850
0.419,357
0.176,2822
0.0755,3425
0.13,2085
-0.386,10679
-0.247,10234
0.242,1246
0.172,1069
0.154,1112
-0.254,10471
-0.175,9530
-0.0579,7548
-0.00582,5177
-0.0979,6339
-0.0318,6202
-0.104,8200
-0.642,9467
-0.0399,6624
-0.195,8497
-0.136,8007
0.134,1970
-0.0968,7458
-0.0777,6263
0.00742,5333
0.0555,4152
0.159,1495
-0.0396,6629
-0.000981,5278
-0.0503,7007
-0.0373,6155
0.157,2187
-0.152,7395
-0.165,10430
-0.0993,8961
0.0966,4281
-0.411,10740
-0.0965,8128
0.325,589
-0.05,6730
-0.00129,5649
0.145,3529
0.759,2062
-0.177,10089
0.354,2621
0.0892,2989
-0.0892,9046
0.129,3307
0.194,987
-0.327,10118
-0.11,10003
0.118,2215
-0.142,9546
0.107,4040
-1.01,10285
0.547,2264
0.361,891
-0.034,6057
-0.189,9270
-0.366,8898
-0.0126,5808
0.0472,3636
0.115,2616
-0.293,10787
-0.0669,6926
0.0371,4408
0.0733,3523
-0.0576,7000
0.013,5054
-0.251,10428
0.456,458
0.251,439
0.0211,4754
-0.0987,7372
0.0399,4215
-0.036,6615
0.0262,4840
-0.36,10130
0.0325,4631
-0.245,9317
-0.196,9935
0.0996,2819
0.0939,3534
-0.0107,5573
0.286,850
-0.0887,8710
0.0202,4594
-0.0538,8599
0.0451,4416
-0.18,9623
-0.101,7304
-0.0396,7408
-0.31,10458
0.0899,2273
-0.0254,4813
0.362,799
0.0561,4431
-0.12,7250
-0.173,10615
-0.394,10931
-0.0463,5171
0.0682,3614
0.12,2173
0.147,3349
0.068,3087
-0.122,8109
-0.0671,6037
-0.00641,5533
0.0707,3616
-0.175,8135
0.106,1342
0.0311,4347
-0.249,8923
0.0859,3072
0.407,782
-0.367,9438
-0.306,9975
0.183,2736
0.0545,4061
0.175,2008
-0.113,9455
-0.0254,5892
-0.161,7056
-0.34,10082
0.254,2282
0.0493,3596
-0.11,7898
-0.0722,7817
-0.223,8110
0.0552,4226
0.0178,4210
0.241,171
0.0966,3089
0.57,907
-0.0536,6667
-0.0688,6170
-0.0858,7993
-0.184,10601
-0.19,10741
0.216,111
-0.03,5839
0.308,51
-0.0551,7246
-0.0562,7731
0.199,850
-0.339,10688
0.18,1087
0.0706,4024
-0.218,8048
-0.0867,7613
-0.0142,5991
0.375,282
0.0496,4424
0.00856,5064
0.148,2904
0.137,2848
0.0378,4133
-0.0882,6987
0.0118,4984
0.0249,4936
-0.255,10346
0.0916,2915
0.204,2484
-0.254,9450
0.0732,3204
-0.39,10862
-0.262,10638
-0.0427,8829
0.399,710
-0.846,10828
0.0237,4624
0.32,365
-0.115,9292
-0.0187,6061
-0.194,8704
-0.057,7180
0.0393,4621
-0.0442,6959
0.086,3521
0.0597,2778
-0.231,9466
-0.133,7724
0.132,3652
-0.514,10865
0.0293,4699
-0.12,8682
-0.113,7537
0.214,1476
0.0941,3627
-0.23,8665
0.227,481
-0.0817,7642
0.266,2409
0.303,732
-0.0102,5444
-0.00466,5257
-0.0144,5516
0.00885,5155
0.0245,4781
-0.428,10988
-0.208,8765
0.147,3133
-0.249,10262
0.157,1599
-0.361,10941
0.0964,3414
0.19,546
0.31,2971
-0.0706,8686
0.255,547
0.232,1806
0.0225,4867
-0.764,11000
-0.0809,7353
-0.0372,6221
0.0731,4092
0.372,800
-0.0251,6032
-0.0911,9254
-0.207,9818
0.15,1255
-0.132,9069
0.206,619
0.0473,3949
0.0227,4693
0.033,4810
-0.025,6332
-0.066,7264
0.124,1981
0.221,1185
0.0909,2837
-0.554,10977
0.013,4881
-0.0668,8037
-0.26,7377
0.317,815
-0.271,10420
-0.449,10696
-0.0848,7653
0.303,232
0.175,2416
-0.114,8722
1.18,1151
-0.256,10313
0.101,3118
0.182,1744
-0.0821,8470
-0.588,10987
0.256,422
0.0107,4800
0.0163,4852
-0.345,9937
0.219,1843
-0.136,8544
-0.123,9042
-0.176,10646
0.11,2346
-0.201,9576
-0.168,7891
0.0789,3518
0.0164,4806
0.0234,4657
-0.0573,7500
-0.119,9186
-0.0628,6220
-0.311,8427
0.121,1229
-0.139,9778
0.455,195
-0.0453,6567
0.0081,5020
0.0944,3419
-0.15,7895
0.0197,4743
-0.294,10411
0.362,571
0.0541,4391
-0.0209,5495
-0.25,10853
0.0389,3959
-0.257,9612
0.0243,4782
-0.257,10366
0.0823,3807
-0.0122,5599
-0.105,9193
-0.526,10996
0.264,1225
0.0758,3739
-0.344,8842
0.00973,4953
0.618,5
0.117,2517
0.124,2971
0.142,1251
0.337,1484
-0.0272,6832
0.097,3274
-0.0745,6765
0.523,1088
0.83,1137
-0.0218,5870
-0.0491,6649
0.0805,2414
-0.302,10863
0.108,2341
0.0751,3922
-0.226,8804
-0.0501,7259
0.112,2034
0.234,1858
-0.241,9084
-0.519,11001
0.0383,4163
0.118,1664
-0.0723,7339
-0.0194,5646
-0.13,8457
0.0419,4221
0.189,3149
0.0787,3697
-0.14,7492
-0.0359,6464
0.0986,2793
-0.0374,7141
0.469,262
0.0454,3602
0.115,3236
-0.212,9643
-0.0691,7422
0.311,2915
-0.38,10427
-0.019,6285
-0.143,9506
0.152,1444
-0.0389,5881
0.353,870
0.0922,3976
-0.359,11021
-0.159,9905
0.124,3341
0.0372,4545
-0.12,7802
0.264,1263
-0.159,8933
0.178,1273
0.197,1891
0.142,3088
0.0318,4627
0.0754,2670
-0.273,9971
-0.0853,7105
0.109,3222
0.0607,3740
0.109,2716
0.127,759
0.16,1600
-0.308,10598
-0.144,9341
0.155,3091
0.0813,2869
-0.0129,5663
0.138,1235
-0.0707,7815
0.0123,4870
-0.166,9138
-0.165,9669
0.146,1434
-0.0734,6820
-0.287,8414
0.295,930
-0.244,10100
-0.156,6606
-0.287,10927
-0.0302,6057
-0.203,10081
-0.00958,5745
0.197,1704
0.0417,4080
-0.333,10211
-0.165,10377
0.244,484
0.043,4322
-0.0333,5560
0.218,2581
-0.159,8882
-0.08,8967
-0.00603,5574
0.228,727
-0.1,7532
0.125,2355
-0.082,8137
-0.00483,5626
-0.00154,5359
-0.287,9282
-1.21,11003
0.805,441
-0.161,8627
-0.0285,6074
-0.211,9111
-0.165,10505
-0.223,8968
-0.146,8178
0.174,2356
0.25,886
0.154,1758
-0.463,10539
-0.115,9176
-0.00662,5423
0.159,1093
-0.0137,6008
-0.0727,7765
-0.547,10985
0.165,1659
0.279,1874
-0.0871,9459
0.156,1757
0.134,2373
-0.208,9970
0.0866,3001
0.184,2559
-0.0878,7498
-0.409,9781
0.362,643
-0.546,10988
-0.286,9732
0.825,1329
-0.419,10982
0.466,766
-0.206,9967
-0.0686,7373
0.202,2001
0.0444,4376
0.0692,3371
0.063,4035
-0.34,10723
0.356,2019
-0.208,10596
0.298,886
0.112,962
0.027,4445
-0.452,10922
-0.162,9502
0.239,2110
-0.00574,5685
0.0347,3446
-0.21,9165
-0.0203,5714
-0.357,10086
0.116,2338
-0.0771,8363
-0.12,8712
-0.217,9394
-0.0597,7203
-0.229,10624
0.0689,3150
0.0996,1777
0.0865,2234
-0.217,10272
-0.443,10495
0.258,1687
-0.0548,7308
-0.0813,7515
-0.52,11019
0.247,990
0.244,2123
0.0975,3953
-0.0941,7071
-0.165,9974
0.108,2444
-0.0159,5878
0.226,642
-0.214,7414
0.0153,4617
0.0121,4748
-0.0273,6475
-0.286,9846
-0.116,9164
-0.178,7342
0.0908,3234
-0.188,10905
-0.112,9430
-0.0211,5899
-0.00706,5834
-0.193,9330
-0.315,9888
-0.134,8468
0.218,221
0.0293,4644
-0.235,10536
0.00903,5216
0.153,2621
0.187,1438
0.0947,1698
-0.168,9878
-0.197,9997
-0.159,8534
-0.0159,5652
0.122,1490
0.0923,2435
0.173,2271
0.152,1951
0.0167,4927
0.216,1615
-0.0878,8439
-0.0957,8040
0.182,1933
-0.0978,8272
-0.199,10003
0.217,1930
-0.233,10317
0.244,595
0.174,1486
-0.0777,5940
-0.0988,8533
-0.103,7719
0.166,917
0.589,2267
-0.173,7460
0.214,3213
0.969,1327
0.00436,5183
-0.192,9034
0.513,1083
-0.26,10380
0.318,435
-0.0254,5793
-0.227,10118
0.17,461
-0.0739,6620
-0.125,7113
0.0253,4504
0.389,957
0.0995,2275
-0.0511,7192
0.441,264
0.0631,3681
-0.0197,5714
-0.0868,8910
0.00546,5237
0.0796,2819
-0.035,5747
0.252,268
0.187,1955
-0.212,10119
0.369,3
-0.196,10071
-0.477,11018
0.311,266
-0.445,10165
-0.0129,5111
-0.0267,6330
0.00903,5121
0.109,3274
-0.115,8370
0.286,2248
-0.778,10219
0.119,1651
0.115,2603
0.526,136
0.0269,4672
-0.114,7969
0.0164,4727
0.162,1244
0.0926,1941
-0.0335,6945
-0.0574,7157
-0.0269,6301
-0.125,9190
0.072,1336
0.0776,3374
-0.257,9172
0.0699,2861
0.321,1316
0.0422,4059
-0.0284,6398
-0.0582,7472
-0.00311,5160
0.172,3046
0.171,975
-0.00615,5542
-0.0565,7788
-0.272,10645
-0.052,10266
0.387,1085
-0.0194,8815
-0.216,8688
-0.134,9075
-0.107,6362
0.0872,3718
0.0704,3103
-0.197,9111
-0.0502,5102
0.193,1631
-0.299,9283
-0.42,10589
0.0369,3902
-0.0969,6698
0.0804,3902
0.0833,3815
0.0747,3457
-0.341,10568
0.00716,4822
-0.117,8675
0.275,1705
-0.229,7632
-0.301,10334
-0.0485,6596
0.208,765
0.0891,2698
-0.0287,6412
-0.0958,7091
0.226,2425
0.336,880
-0.0342,7323
-0.102,7388
-0.0501,6719
0.18,1659
-0.024,6009
0.227,2556
-0.0182,6094
-0.0572,8132
-0.113,8355
-0.0267,5907
0.132,1960
0.667,208
-0.566,10981
0.0901,2733
0.0123,4898
-0.0652,6753
-0.0925,7562
0.378,1348
0.0143,4992
-0.143,9769
0.157,2464
-0.328,10199
-0.152,7674
0.625,1029
0.0159,4731
-0.123,7411
0.346,204
0.115,2345
0.0173,4959
-0.167,9089
0.0259,4315
0.0776,3512
-0.0394,5993
0.0825,3328
-0.118,7860
0.561,723
-0.188,9764
-0.108,10169
-0.0601,5991
-0.0458,6075
-0.299,10098
0.815,227
0.0762,2866
-0.162,9485
-0.0138,5665
0.192,1464
-0.189,8792
-0.0845,7549
0.0932,1120
-0.0276,7282
-0.00813,5631
0.306,266
0.0919,4121
0.0787,3166
0.129,1252
-0.148,7800
0.349,626
0.0687,4114
-0.0557,5897
-0.293,10499
-0.188,8986
0.245,461
0.215,1299
-0.227,10804
0.703,52
0.216,1182
0.599,7
0.222,385
-0.175,8400
0.0539,4013
0.23,979
-0.172,9444
-0.00148,5459
-0.0611,7864
0.0186,4830
-0.144,6614
1.19,23
0.465,404
-0.517,10896
0.017,4770
0.11,2286
-0.153,9630
-0.023,5702
0.0022,5166
-0.0784,7496
0.141,2605
0.457,1044
0.0126,4631
-0.617,10326
-0.283,10039
0.285,171
0.0665,4024
-0.118,7183
-0.0614,8600
-0.438,9859
0.19,3245
0.0391,3677
-0.131,8607
0.129,2181
0.239,2897
0.354,2433
-0.0563,6129
-0.0775,7919
-0.111,8841
0.0813,4020
-0.148,6906
0.0358,3873
-0.056,7353
-0.0727,7161
0.0938,2709
-0.0384,7154
0.0812,3108
-0.239,10098
0.251,941
-0.297,10759
-0.166,9594
0.181,2010
-0.212,10339
-0.385,10243
0.352,2232
-0.294,10418
0.0387,4490
-0.0592,6434
-0.123,8779
0.476,877
-0.0292,6182
0.00797,5265
-0.161,10754
0.217,2504
-0.00243,5148
-0.774,10991
-0.229,8471
0.014,4838
-0.00635,5537
0.115,2572
-0.218,8845
0.181,1579
0.276,1005
0.0158,4657
-0.187,9498
-0.0593,6195
-0.122,8218
-0.00392,5360
-0.393,10587
-0.398,10938
0.19,1111
0.235,838
-0.37,10263
0.284,504
0.0795,3745
-0.05,6658
-0.0177,6224
0.012,5048
0.049,4461
-0.235,7748
-0.00351,4814
-0.0251,5788
-0.241,10623
0.193,2667
0.262,2058
-0.0217,6258
-0.11,8810
0.133,1541
0.189,512
0.0194,4567
0.0195,4718
-0.0819,6870
0.0167,4942
-0.173,10076
0.18,994
-0.128,8443
0.172,1957
-0.0802,8992
0.202,2809
-0.0614,7881
-0.0625,7024
0.201,2306
0.103,3307
0.207,993
-0.254,9281
0.0149,5157
0.343,2031
-0.237,10341
0.112,2996
-0.324,9877
-0.0918,6820
-0.0744,7926
-0.191,10473
-0.152,9912
0.0548,3953
0.0721,4018
-0.0891,8314
-0.0651,8466
0.21,2158
0.533,943
-0.175,9798
-0.139,8355
-0.0845,7589
-0.23,9437
0.0184,4604
0.115,3029
-0.273,9975
0.167,1731
-0.0768,7593
-0.0904,7098
0.244,957
-0.374,10758
-0.0539,5994
0.264,2335
-0.223,10613
-0.0411,6152
-0.0328,6432
-0.0468,6921
0.207,1664
0.0818,4155
0.0028,5041
0.155,1281
0.212,2668
-0.0514,7388
-0.232,8394
0.155,3298
-0.198,9920
0.00367,5115
0.0371,3734
-0.0203,5882
-0.0193,5783
0.0362,4200
-0.0118,5804
-0.0909,8841
0.0282,4750
0.198,2149
-0.184,9122
-0.0341,5760
0.0159,5091
0.0247,4632
-0.15,8345
-0.0687,6798
0.201,1722
0.194,2405
0.35,704
-0.0793,7941
0.308,2389
-0.0015,5450
0.0013,5216
-0.0166,5713
0.0169,4525
-0.141,9548
-0.0192,6149
0.243,1801
0.118,3334
0.0944,3384
-0.114,8904
-0.129,8622
0.248,145
-0.131,6860
-0.0519,6184
-0.422,10854
-0.059,6871
-0.00866,5645
0.223,3226
-0.298,9468
0.364,1151
-0.448,6614
-0.0338,6150
0.175,3269
0.165,1977
0.256,1871
0.181,1298
0.15,1774
0.113,1983
0.0743,2840
0.194,2930
0.151,2250
-0.159,9027
-0.0345,6805
-0.0264,6728
0.0262,4634
-0.291,9619
0.174,2643
-0.177,7489
-0.0353,6198
0.0281,3830
-0.0613,7286
0.0587,3802
0.161,3452
0.0297,4584
0.0488,4457
-0.193,9980
-0.0948,8556
0.184,2487
0.134,2516
0.098,3307
0.115,2498
-0.0931,8243
-0.147,7676
0.0691,3484
0.12,2677
-0.0197,5856
-0.0728,7290
-0.0449,5927
0.385,351
0.0857,3726
-0.0635,6948
0.24,2329
-0.0334,6319
-0.0137,6279
0.362,517
0.0319,4599
-0.124,7872
0.113,3126
0.0539,3904
-0.0593,7233
0.67,750
0.0475,4459
0.169,2623
0.405,2054
0.14,1168
-0.0151,5792
-0.419,10949
-0.524,10914
0.176,2189
0.158,3631
0.114,2095
-0.0213,5896
-1.02,10445
0.612,2199
0.142,1864
-0.73,10362
-0.0881,9024
-0.0758,8030
-0.125,5978
0.185,3045
0.231,2039
0.301,1355
0.0729,3807
-0.0292,6396
-0.0591,7168
-0.342,10532
0.354,1622
-0.034,6092
0.0889,2467
0.348,283
-0.317,9922
0.152,1760
-0.0939,7297
-0.136,9891
-0.0997,7920
0.105,3119
-0.323,9797
-0.148,8958
-0.122,7840
-0.0164,5983
0.596,283
0.299,1241
0.116,2690
0.155,2978
0.297,1450
0.161,1620
0.42,21
0.0337,3974
0.054,4294
-0.333,10870
-0.136,8681
-0.0489,9001
-0.0106,6151
-0.351,9563
-0.35,10821
-0.201,10724
-0.218,9589
-0.0216,6184
0.0949,2129
0.144,3249
0.318,1793
0.334,2401
0.0741,3559
-0.0418,5809
-0.285,10098
0.154,2206
-0.121,7819
0.193,1997
0.277,764
0.0212,4716
0.0439,4319
0.44,568
-0.0495,5814
-0.0539,6529
0.119,3129
0.0214,4732
-0.391,10804
0.0617,2460
0.0962,3152
-0.444,10901
0.103,3431
-0.0961,8185
-0.0944,8082
-0.024,5893
0.137,2085
0.0856,4048
-0.0278,6697
0.199,1229
0.208,761
0.327,659
-0.688,11000
0.0381,4195
-0.558,10938
0.167,1420
0.0663,3905
-0.151,9223
0.155,1736
0.107,1718
-0.0923,7453
-0.0301,6156
-0.0264,6159
-0.138,8333
-0.14,9323
-0.143,9038
0.0484,4115
0.0721,2191
-0.0185,6121
0.218,1658
0.0878,3529
0.0189,4529
0.0105,5063
-0.331,10865
0.198,1573
0.218,1191
0.036,4210
0.084,3553
-0.647,10955
0.144,1945
-0.0859,8595
0.0181,4805
-0.49,10241
0.0741,4105
0.208,1827
-0.185,8906
0.25,882
0.244,1268
0.446,1791
0.101,1626
-0.322,9977
-0.0649,6599
0.0852,2643
0.133,3827
-0.164,9264
-0.0521,6712
0.181,3152
-0.177,10290
0.694,106
-0.159,9045
-0.192,9312
0.196,922
-0.43,10504
0.0412,3797
0.0252,4284
0.159,2594
0.0133,5028
0.303,887
0.0658,3076
-0.0337,6969
-0.0823,9096
-0.133,9370
0.112,3098
0.0449,3881
-0.0851,7208
-0.0817,8107
0.0661,3838
-0.0833,8017
0.135,2758
0.0651,4239
-0.113,9148
-0.0154,5719
0.417,372
-0.067,6004
0.087,2471
0.281,2193
0.249,1225
0.114,1073
0.0679,4325
0.321,577
0.0132,4956
-0.018,6002
0.112,2921
-0.00826,5748
-0.189,9220
0.13,2782
-0.0534,5749
0.132,3305
-0.628,10602
0.326,194
-0.0679,7998
0.0172,4632
-0.3,10028
-0.0558,6288
-0.228,9074
-0.294,10701
-0.204,10093
0.27,1716
-0.0872,7548
0.894,52
0.194,2488
-0.0898,8414
0.239,485
-0.0267,6030
0.0404,4302
-0.291,9476
-0.501,10002
-0.074,8630
-0.0259,5787
-0.0813,7242
-0.194,10474
0.158,2241
-0.506,10246
0.384,478
-0.442,10849
0.278,475
-0.232,9719
0.132,2965
-0.105,8450
0.0418,4046
-0.229,8811
-0.0253,5836
-0.0362,6443
0.166,3074
0.0766,4052
-0.000513,5512
0.193,739
-0.0861,8121
-0.246,10821
-0.0734,7249
0.189,1055
0.0218,4718
0.0108,4875
0.318,302
0.253,1359
0.0113,5187
0.272,420
0.251,680
-0.329,10745
-0.157,7133
0.222,1518
0.205,1397
0.29,2135
-0.104,9114
0.0612,3512
-0.0732,8112
-0.0268,6497
-0.134,8899
-0.154,8765
-0.362,10282
-0.101,6616
0.00733,5064
0.276,1397
0.297,1608
0.127,2611
0.361,945
0.0556,1720
-0.105,7322
-0.0125,5264
-0.0065,5438
-0.0359,5741
0.142,2125
-0.0449,6205
0.456,181
-0.18,8495
0.00771,4919
-0.118,8939
-0.357,10995
-0.0357,6904
0.238,1096
-0.232,10656
0.507,711
-0.0911,6865
-0.0147,6008
0.152,860
-0.0995,6885
-0.0186,5994
-0.0604,6716
-0.00377,5652
0.127,2796
0.183,494
0.0941,3171
-0.0176,5705
-0.0102,5344
0.155,3348
0.173,2774
0.0522,4253
-0.00926,5506
0.00634,5247
-0.456,8569
0.173,2388
-0.07,6700
0.11,2625
-0.201,9180
0.0225,4676
0.075,3050
-0.246,8544
-0.0832,9321
-0.0103,6354
-0.118,6957
0.309,1364
0.0151,4743
0.173,3442
-0.036,6968
-0.0227,6295
0.632,50
0.0872,3001
-0.195,7313
-0.35,10031
-0.0276,6087
-0.0164,5663
0.116,2392
0.0894,3196
0.312,2115
0.279,1037
-0.0177,5744
0.055,3343
0.294,488
0.299,1306
-0.604,10723
-0.219,9548
0.138,831
-0.0242,6322
-0.058,7686
0.495,495
-0.101,6405
0.113,2744
-0.0782,8476
-0.0428,7702
0.0996,3456
0.00882,5151
-0.194,9165
0.248,2059
0.118,3195
0.0716,3657
-0.129,7993
0.227,1023
0.295,1664
0.101,3309
-0.208,10637
-0.444,10597
0.000319,5025
0.162,834
-0.167,7346
-0.00123,5003
-0.159,10437
0.217,1320
0.0367,4238
0.323,921
-0.288,10557
0.313,1472
0.208,1038
-0.121,8295
-0.114,8277
-0.158,7315
0.548,2225
-0.00272,5285
0.333,277
0.0412,4270
0.0571,3904
0.0962,3135
-0.113,7638
-0.0229,5848
-0.097,7610
0.235,630
-0.0491,6609
0.608,1497
-0.2,8732
-0.0961,7183
0.411,159
-0.0358,7201
0.168,2346
-0.28,9600
0.0941,2491
-0.01,5529
0.0595,2646
-0.121,10086
0.169,3375
-0.11,8370
0.106,3088
0.118,3178
0.0234,4871
-0.0275,6073
0.569,154
-0.201,8390
0.149,2801
-0.496,10470
0.167,1838
-0.0933,8663
-0.579,10943
0.305,808
0.186,2513
0.389,2182
-0.223,10746
0.0121,4915
-0.239,9121
-0.0903,8264
-0.333,10547
-0.315,10253
-0.143,8837
0.0353,4132
-0.0893,7446
-0.0968,8172
0.121,3334
-0.29,10745
0.138,1860
-0.0529,6929
0.295,1101
-0.0451,5968
0.0553,4335
-0.0791,7522
-0.035,6612
0.108,1282
0.069,4037
-0.027,5645
-0.0463,5153
-0.414,7879
0.101,2837
-0.116,9564
0.242,1980
-0.0506,6800
-0.265,10629
-0.864,11018
0.175,1210
0.0536,3323
-0.00997,5651
-0.605,11016
0.071,3878
0.542,511
0.113,1390
0.144,2245
0.199,2942
0.0766,3397
0.103,3097
0.126,3015
0.0533,3732
-0.138,9225
0.111,2561
-0.0498,6227
-0.181,7329
0.199,1543
0.0463,3469
-0.537,9815
-0.0886,8679
0.204,1961
-0.276,9089
-0.325,9419
0.142,1808
0.246,217
0.116,3365
0.114,2899
0.354,583
-1.68,11030
0.259,1561
-0.21,9324
-0.358,9587
-0.0982,7423
0.14,2929
-0.0845,8049
0.071,3505
0.0549,4259
-0.0277,6165
-0.212,9779
0.0349,4413
0.0689,4030
0.166,1547
-0.0934,6341
0.0322,4604
0.0263,4912
-0.137,8818
0.184,1734
0.112,1978
0.0243,4610
0.0126,5113
0.327,1628
0.0387,3616
-0.122,8216
0.056,3821
-0.333,10487
0.15,2433
0.242,1321
0.0248,4982
-0.0843,7580
0.142,2930
0.162,2287
0.251,1555
0.0621,3837
0.0615,3781
-0.123,8187
0.0443,3428
-0.0114,5286
-0.0378,5870
-0.118,8267
-0.131,9070
-0.0177,6120
0.113,1769
-0.286,10005
-0.304,10667
0.158,3141
-0.139,9141
0.142,1893
0.255,389
-0.0102,5480
-0.257,10399
0.34,1210
0.0728,4014
-0.131,8704
0.00173,5429
0.194,638
0.16,1897
-0.188,6688
-0.00135,5058
-0.0526,7864
0.102,1639
0.289,1288
0.284,823
-0.356,8553
0.11,2383
0.117,2230
0.0464,3537
0.0353,4540
-0.0655,6578
-0.177,10185
0.0308,4078
-0.0726,8428
-0.0305,6448
-0.012,5790
-0.076,7879
-0.214,10148
0.0792,2928
0.337,482
-0.0297,6204
-0.61,10970
-0.0924,7585
-0.191,8621
-0.443,10690
-0.332,10741
-0.0247,5686
0.115,2925
0.244,2988
-0.481,8979
-0.187,9263
0.0891,2996
-0.313,9600
-0.615,10510
-0.0178,6141
0.108,2469
0.259,710
-0.155,10036
0.0395,3976
0.168,1932
0.302,339
-0.182,8701
-7.8e-05,5191
0.0449,3929
-0.213,9381
0.139,2359
0.48,152
-0.0202,5395
-0.383,10453
0.318,1209
-0.326,10669
-0.148,9214
0.118,3885
-0.00401,4979
-0.0907,7074
-0.136,9122
0.116,2171
-0.185,8436
-0.00831,5820
0.109,3687
-0.208,10925
-0.0773,7570
-0.0493,7939
0.191,2696
-0.119,7549
-0.0994,9723
0.227,1864
0.0156,4679
0.284,885
0.671,81
0.485,71
-0.502,10610
0.0544,4576
-0.0914,7901
0.299,122
-0.085,7844
0.059,2768
0.291,111
-0.186,10210
0.103,3781
-0.0123,5610
-0.0148,5765
-0.0352,6073
-0.178,8836
0.259,891
0.39,563
-0.368,10871
0.446,582
0.376,2813
-0.122,9637
-0.051,6561
0.3,916
0.0598,3545
-0.0309,6699
0.0399,4097
0.116,2787
0.0364,4404
-0.246,9880
0.497,353
-0.156,9247
0.0707,3572
-0.0633,6779
-0.236,9126
0.152,1729
-0.198,10792
-0.119,8933
-0.158,9166
0.166,1882
-0.117,7348
0.298,1105
-0.149,8869
-0.139,9707
-0.0325,6420
0.657,751
-0.303,10336
0.177,2067
-0.0406,6700
-0.0113,5712
-0.158,8353
0.0606,3941
-0.0125,5607
-0.124,7445
-0.119,9170
0.0532,3728
0.0413,3795
0.000104,5591
0.0665,4169
0.314,761
0.115,3372
0.116,3148
0.0128,4529
0.31,1104
0.125,2181
0.0589,3639
-0.3,9793
0.00532,5132
-0.0672,7971
-0.0866,6581
-0.392,10337
-0.115,7734
0.0254,4583
0.0119,4482
0.127,1422
-0.186,9036
-0.0632,6453
0.108,2465
-0.458,10956
-0.267,9796
-0.0978,7846
1.01,664
-0.0166,5115
-0.219,6673
-0.351,9632
0.212,3123
-0.0662,7320
-0.149,7873
0.0937,3193
-0.318,5565
-0.316,9083
0.0249,4755
0.0117,4979
0.2,1672
-0.364,10916
-0.0829,7843
0.0817,3746
0.0876,3225
0.163,1361
-0.399,10318
-0.0639,6343
0.639,522
-0.0327,6530
0.0512,4213
0.146,1750
-0.183,8059
-0.376,9392
0.534,299
-0.0575,7881
0.387,678
-0.0679,7689
0.692,2019
0.0987,3307
0.0576,4193
-0.0581,6719
-0.0487,6863
0.00795,4991
-0.156,8782
-0.0203,5621
-0.13,7131
0.696,997
0.122,2669
-0.0828,9985
-0.0785,7501
-0.145,7819
-0.383,10410
0.28,1796
0.114,1827
0.0298,3923
0.194,2050
-0.204,7422
-0.158,9192
0.0296,5011
-0.11,7698
0.184,708
0.193,1598
0.0769,3867
0.145,1512
-0.22,7344
-0.108,8842
-0.361,11024
-0.18,8476
-0.175,9283
0.671,85
-0.0736,6830
0.206,1855
-0.235,9274
0.0555,3830
-0.297,10054
0.0562,4124
0.0192,4875
0.509,358
-0.000742,5484
0.0253,4539
0.329,450
-0.192,9471
-0.191,8716
0.0232,4520
0.17,522
-0.115,7624
0.121,3496
0.247,3047
0.326,1015
0.142,1742
0.0781,2401
0.0663,3678
0.621,407
0.0393,4522
-0.297,10230
-0.0199,5672
0.0712,4189
0.135,1744
-0.0945,7334
-0.182,6295
0.0634,3127
-0.0243,6423
-0.0267,6128
0.541,45
0.0663,3685
-0.259,10240
-0.0468,6933
0.164,2001
-0.12,9491
0.0646,3988
0.00754,5189
0.278,1565
-0.00143,5377
0.0339,3940
0.131,1386
-0.101,7214
0.298,924
-0.0952,5785
0.135,3119
0.0201,4616
-0.018,6027
-0.288,9755
0.0955,3223
0.516,580
-0.141,8253
-0.0698,8786
-0.00238,5319
0.245,1273
-0.17,9180
-0.142,8942
-0.185,9259
0.15,2139
0.209,677
0.0817,2827
-0.536,9827
-0.496,10554
-0.242,9618
0.0875,2976
0.0676,3355
-0.32,10979
0.38,423
-0.134,8578
0.112,2900
0.149,1417
-0.0873,7944
-0.2,9763
0.162,2086
-0.173,9043
0.44,375
-0.052,8094
-0.0459,6315
0.405,721
0.342,764
0.107,3840
0.447,1734
0.0648,3608
-0.0734,7089
0.256,1238
-0.188,9510
0.161,2458
-0.00131,5293
-0.118,9313
-0.0921,8863
0.113,2624
0.198,1630
-0.345,10439
-0.228,10000
-0.0818,9381
0.0749,3209
-0.113,8292
-0.253,10572
-0.0231,5900
-0.256,10006
-0.901,11034
0.109,1364
-0.102,8172
-0.555,11019
0.0562,3568
0.234,1703
-0.021,6149
0.114,1792
0.134,2707
0.0417,4397
0.413,1244
0.351,1610
0.0789,3158
-0.00866,5838
-0.142,9837
0.197,1184
0.169,2079
0.121,2819
-0.103,9137
0.185,480
-0.228,10192
-0.00523,5222
-0.435,10878
0.00262,5001
0.0373,4430
-0.0217,5972
-0.0468,6471
-0.783,10969
0.0347,4420
0.106,3918
-0.0111,5713
0.0239,4508
0.00597,5187
0.367,356
-0.173,7909
0.32,751
-0.0839,8028
0.206,178
-0.298,10635
0.33,488
-0.00927,5344
-0.465,8940
-0.17,8749
-0.148,8951
0.366,1801
-0.0613,5957
-0.0596,6568
-0.0278,6125
-0.206,9079
-0.163,9480
0.259,820
0.165,2068
-0.228,9788
0.134,3295
-0.0781,7801
0.021,4751
0.195,2359
0.0457,3555
-0.177,7265
-0.202,7955
-0.0731,7451
-0.00769,5832
-0.00176,5324
0.154,2225
0.0336,4263
0.0775,2577
-0.0682,8122
-0.117,8822
0.103,2997
-0.335,10781
0.218,2288
0.0588,1907
-0.0658,8371
-0.183,9823
-0.385,10357
-0.06,5922
-0.126,7265
0.47,978
0.107,1314
-0.0706,7541
-0.0997,8224
-0.312,9966
-0.226,9405
0.0646,3579
0.0186,4643
-0.0617,7836
0.0343,4721
0.0485,4116
-0.0848,6317
-0.261,9737
0.171,2062
-0.115,10151
-0.111,6878
-0.196,9728
1.48,55
-0.102,8826
-0.0905,9124
-0.0645,7018
-0.0225,5857
0.0415,4501
0.086,3334
0.139,1728
0.0753,1969
-0.0859,8475
-0.139,7534
1.08,679
0.445,1164
0.12,3068
-0.12,8855
-0.0603,7423
0.0714,3679
0.374,891
0.168,1637
0.0756,4097
-0.0997,9405
-0.103,7568
0.0786,3556
0.118,3167
0.121,3297
0.118,2167
1.66,88
0.106,2568
-0.372,9824
-0.167,9545
0.199,2235
0.182,2540
0.24,22
0.0405,4315
0.145,3284
-0.258,7617
-0.433,10761
0.276,2300
0.106,2140
-0.0866,8836
-0.984,10170
1.46,945
0.552,1625
-0.104,6116
0.358,2756
-0.241,10826
-0.233,9546
-0.254,9769
0.202,2593
0.297,1322
0.144,1558
-0.219,9782
0.135,3703
-0.0291,5330
-0.567,9791
-0.306,9572
0.0973,2105
0.018,4964
-0.174,5883
0.354,2558
0.13,3473
-0.12,7333
-0.0168,5501
0.0208,4884
-0.0108,5240
0.00106,5288
-0.133,9831
0.126,3278
-0.421,10996
0.164,1969
1.93,337
0.0416,4470
-0.158,8294
0.174,2858
0.0169,4842
-0.0238,5979
-0.121,6299
0.00852,5312
0.129,2721
-0.163,6257
-0.0702,6914
0.297,399
0.449,1209
0.015,5050
0.284,1863
0.147,3632
0.0227,4649
-0.121,8704
-0.133,8136
-0.00707,5701
0.386,1022
-0.167,8564
-0.0407,6711
0.15,1300
0.0289,4758
-0.481,10948
0.101,2805
-0.0345,5646
0.371,273
0.262,2080
-0.223,10497
0.112,1812
-0.107,9887
-0.402,10683
0.256,818
-0.0256,5826
-0.0993,8113
0.0508,3163
-0.213,10128
0.342,2152
-0.439,8912
-0.0935,6150
-0.0584,5727
-0.226,8411
0.0649,3475
-0.141,8534
-0.276,9009
0.0129,4996
0.0466,4225
-0.0858,8920
0.119,3106
-0.203,9298
-0.0359,6789
-0.246,9044
-0.0111,5650
0.168,1489
0.000908,5056
-0.0739,7215
-0.0496,7103
0.0288,4557
-0.0694,8193
-0.0098,5945
-0.338,10971
0.0204,4920
-0.065,7522
0.0532,3985
-0.185,9984
-0.0338,6032
-0.0787,8713
0.0302,4638
-0.112,8717
0.334,921
0.0685,1877
0.0354,4580
0.174,1339
-0.106,8357
0.182,2577
0.135,2383
-0.0298,6910
0.0268,2892
-0.184,9762
-0.221,9012
-0.00982,5642
-0.0978,8337
0.121,3092
0.211,1052
-0.0592,6774
0.285,1867
0.161,2125
0.211,1519
-0.134,9055
-0.323,9671
-0.148,9585
-0.225,8178
-0.0475,5911
0.0957,3445
0.0504,3164
0.0498,4070
0.0287,4572
0.105,3218
-0.139,7972
-0.196,8466
-0.227,10154
0.287,365
-0.101,9294
-0.0511,6645
0.253,834
0.0164,4790
-0.138,7997
-0.128,8477
-0.26,10018
0.332,1456
0.253,1971
-0.156,6435
0.0414,3796
0.103,2078
-0.0757,8292
0.0292,4497
0.786,454
-0.0571,7763
-0.00024,5566
0.0149,5026
0.0567,4224
0.473,1120
0.202,1573
-0.0735,7084
0.00987,5428
-0.231,10860
-0.0229,5951
-0.0652,6376
0.382,1402
-0.156,6631
0.0326,4162
-0.0265,6628
0.289,2257
0.217,2715
-0.586,10171
0.22,3103
0.0332,4581
-0.14,7402
-0.128,7744
0.057,3877
-0.465,10665
0.0519,3271
0.103,2304
0.167,1381
-0.116,8380
0.122,1964
0.364,2440
-0.451,9829
0.0206,4263
-0.499,10959
0.0329,4293
-0.156,9207
-0.344,10350
0.0767,3678
0.0944,1643
0.0937,2736
0.12,2597
-0.154,7946
-0.41,10994
-0.00891,5661
0.0347,4115
-0.0398,7076
-0.659,11034
-0.203,8373
0.0343,4709
-0.379,10868
-0.108,9277
0.114,3483
-0.186,9889
-0.056,7675
-0.339,10035
-0.534,9354
0.233,317
0.0503,3144
-0.0775,6900
0.347,581
0.0432,3506
-0.066,6910
-0.071,8135
-0.378,11005
-0.329,8517
-0.0461,6330
0.11,3365
-0.266,10292
-0.156,8089
0.0832,1384
0.00858,5011
0.0449,3971
0.125,2460
-0.34,10118
-0.26,10362
-0.105,8952
-0.0194,5968
-0.0984,8337
0.192,1794
-0.196,8581
0.014,4939
-0.0219,6146
-0.0823,7807
0.0449,4345
-0.258,9283
-0.146,9384
0.0643,3428
-0.109,7564
0.0216,4756
0.0316,4060
-0.137,8161
0.778,135
-0.28,9214
0.042,4333
-0.141,7851
0.116,2505
0.187,2748
-0.0477,6463
-0.266,10175
0.317,655
0.0865,3294
-0.127,7356
0.363,1735
-0.0216,5586
0.0114,4796
0.0561,3723
0.456,271
-0.516,10924
-0.993,10783
-0.0723,8287
0.18,1085
-0.204,10105
0.0597,3942
-0.0791,6719
-0.16,9908
-0.0411,5951
-0.12,9197
-0.0324,6102
0.194,2764
0.322,642
0.145,1049
0.0761,3323
-0.164,8520
-0.104,9553
0.0528,3603
0.155,1527
-0.315,10347
-0.191,9201
-0.0456,6833
0.218,1677
0.161,2733
0.0113,5034
0.253,1365
0.175,3231
0.0636,3827
0.205,96
-0.18,8786
0.0561,3633
-0.00216,5393
-0.128,8306
0.514,88
0.0883,1329
-0.0857,5169
0.167,3024
0.717,1431
-0.0139,5532
-0.317,9996
-1.12,10669
-0.03,6064
0.22,1739
-0.0398,6330
0.131,1261
-0.298,10563
-0.0825,6799
0.147,2492
-0.126,7902
0.113,2711
-0.106,9397
-0.151,8949
-0.318,9943
-0.425,10293
0.193,2027
-0.0968,8236
0.0396,4630
-0.0602,6728
-0.103,8985
-0.00463,5613
-0.0208,5806
0.123,973
0.202,226
-0.257,10826
-0.0992,9301
0.0509,3843
-0.535,9141
-0.239,10811
-0.0014,5392
-0.0298,5835
-0.163,9105
-0.295,9709
-0.543,10832
-0.0954,7409
0.00316,5406
0.135,2720
0.175,2758
-0.143,8944
-0.0529,6723
-0.148,8683
-0.0211,5342
0.19,2023
0.0839,3896
0.258,676
-0.18,10848
0.026,4438
0.116,3359
0.0154,4876
0.041,4522
-0.243,8797
0.115,2108
-0.0319,5825
0.44,45
-0.244,10316
0.189,2924
0.0938,2714
-0.295,10776
0.187,2246
-0.169,9312
0.198,1028
0.44,227
-0.09,8107
-0.101,9059
0.017,4923
-0.00483,5523
-0.184,7831
0.0185,4852
0.334,630
0.104,1254
0.0645,3971
0.201,88
-0.151,7953
0.0521,4242
0.164,947
-0.41,10855
0.0687,3488
-0.0373,6201
0.293,351
0.306,928
0.0231,4598
-0.0555,7146
0.0588,3176
0.199,1281
0.0809,3818
-0.0498,6677
-0.0946,9709
0.0588,3035
-0.0974,7464
-0.38,10384
0.0941,3314
0.0267,4581
0.194,794
0.1,1756
-0.00479,5133
0.017,4988
0.332,1086
-0.309,9337
0.149,859
-0.168,9692
-0.122,7225
0.07,3493
0.0337,4376
-0.062,7216
-0.0661,7113
-0.115,8091
0.0499,3887
-0.144,8619
-0.126,7616
-0.0261,6851
-0.199,9610
-0.0652,7049
0.457,1345
-0.533,10862
-0.268,9088
-0.0744,7449
0.0812,2664
-0.029,5820
0.308,1290
-0.377,10109
0.473,1680
-0.062,7277
-0.0367,6462
-0.18,9667
0.0955,3157
-0.269,9842
0.034,4732
0.00937,4906
-0.104,9425
0.539,1811
0.0387,4888
-0.0171,5597
-0.286,10458
-0.0286,6745
-0.194,10055
0.23,1548
-0.0325,6048
0.0631,3344
-0.21,7953
-0.0144,6134
0.0562,3308
0.166,813
0.134,2290
0.0727,3420
-0.142,7612
-0.0992,9188
-0.0942,9048
-0.0134,5912
-0.115,7385
-0.156,8823
-0.161,7527
0.0159,4789
0.173,2536
-0.172,8059
-0.112,8622
-0.116,7413
-0.0342,5786
0.157,1980
-0.177,10825
0.074,2740
-0.000773,5275
-0.0169,5510
0.464,278
0.0766,3830
0.0404,4125
0.052,3551
-0.118,8205
0.0877,2858
0.0385,4568
0.0216,4855
0.00291,5263
0.331,1727
-0.0292,5403
-0.0185,5446
0.268,2728
0.08,3654
0.181,546
-0.0147,5774
0.237,1614
0.303,2000
0.208,2533
0.183,1113
0.0362,4477
-0.0352,7061
-0.0838,6537
-0.324,10641
-0.0119,5804
0.0921,1837
0.0723,2601
-0.102,7289
-0.183,10271
-0.288,8345
-0.555,10889
-0.0952,8297
-0.156,7887
0.104,3357
-0.318,8850
-0.19,8797
0.029,4358
0.0216,4487
-0.0744,6038
-0.149,9416
-0.0722,7738
-0.461,10633
0.0385,4275
0.271,850
0.036,4498
-0.199,10342
-0.366,8799
0.264,1749
-0.304,10870
0.0457,4262
-0.096,9858
-0.0496,5961
0.178,972
0.118,2672
-0.115,9403
0.386,166
0.164,794
0.121,2053
-0.183,10615
0.0531,4253
-0.124,8299
-0.0833,7867
-0.0723,9698
-0.314,9581
-0.0773,7369
0.337,408
-0.0187,5718
0.033,4208
0.405,157
0.16,897
0.109,3440
-0.126,8120
-0.0408,6168
-0.195,10606
0.0285,4391
-0.346,10616
-0.248,9543
-0.316,11008
0.179,1800
-0.257,9478
0.00245,5089
0.0381,4616
0.0217,4675
-0.468,10975
-0.0599,5823
-0.112,8190
-0.0211,6871
0.0537,3081
-0.112,8136
-0.0247,5896
0.173,1421
-0.00447,5455
0.0311,4784
0.097,2642
0.417,2329
0.118,3068
-0.0907,8116
-0.0253,6409
-0.0967,8123
-0.127,9403
-0.0725,7612
0.561,1506
-0.0964,5269
0.00227,5327
-0.0939,8257
0.00928,4919
0.536,37
-0.25,9108
-0.000433,5123
-0.0627,6400
-0.0192,5798
-0.0451,6557
0.231,2336
0.467,286
-0.0611,7240
-0.181,9729
0.00136,5428
0.191,1039
0.12,2226
-0.315,10404
0.0123,4827
-0.156,9197
-0.41,10957
-0.307,10414
-0.0838,7919
0.0466,4550
0.0228,4643
0.103,2240
0.0596,3737
0.0906,3083
-0.196,10352
-0.289,10692
0.135,2708
0.0211,4545
-0.011,6321
0.0544,4035
0.155,1956
-0.461,10091
-0.221,9395
0.0675,4105
0.0248,4371
0.0895,3440
-0.202,10857
-0.14,9045
0.0954,1149
0.0975,3096
0.146,763
0.262,614
0.181,981
0.103,3863
0.119,3298
-0.0138,5741
-0.266,10451
-0.166,8193
-0.147,9550
-0.528,10020
-0.0795,7258
-1.06e-05,5277
0.0347,4737
-0.309,10016
-0.16,8654
-0.172,8882
0.163,2684
-0.225,9594
-0.104,8953
0.17,1090
0.703,1012
0.208,1730
-0.109,8977
-0.341,10944
-0.05,7670
-0.182,9662
0.00679,5304
-0.107,7084
-0.591,8642
0.0713,3327
-0.17,10537
-0.104,8281
0.0359,4489
0.174,2147
-0.11,6986
0.121,2092
0.133,2348
0.244,563
-0.0637,6688
0.0242,4600
-0.207,8566
0.0724,1126
-0.00715,5663
0.0165,4883
-0.0279,5654
0.096,3354
0.264,2150
-0.00563,5350
-0.285,10665
-0.0578,7501
0.386,107
-0.0954,6792
0.0357,4317
-0.363,10758
-0.14,8175
-0.208,8835
-0.358,10916
-0.173,8721
0.0195,4481
-0.032,6456
-0.16,10363
0.181,710
-0.148,10098
-0.00848,5794
-0.454,10918
0.062,3712
0.148,1496
0.185,1379
0.0392,3750
-0.123,7922
0.12,3535
0.0425,2461
-0.0867,8487
0.00882,4849
0.0134,4782
0.0914,2610
-0.408,10422
-0.0712,7547
-0.172,9763
-0.0559,6443
-0.0746,6982
-0.0767,7346
-0.35,10923
0.104,1999
-0.0933,9061
0.144,2361
-0.37,8880
0.0723,3513
-0.504,10740
-0.000698,5408
-0.0276,6767
-0.0299,7067
-0.0217,5982
-0.104,7940
-0.511,7379
0.00518,5216
0.0787,3574
-0.197,9369
0.21,1786
-0.195,9091
-0.372,10299
-0.0653,7029
-0.0802,9693
0.077,2914
-0.318,10472
-0.267,10647
-0.0536,6225
-0.178,10153
-0.202,9717
0.295,1192
-0.148,7937
-0.151,8548
-0.0834,8200
-0.184,9696
-0.296,10890
-0.282,10531
-0.0458,6466
0.392,1686
-0.0782,7993
-0.0843,6440
-0.162,7060
0.104,1088
0.0516,3546
-0.00707,5135
-0.154,8378
-0.114,8014
-0.37,9132
-0.106,8389
0.161,1586
-0.283,10891
-0.151,8589
-0.0398,6483
-0.165,7232
-0.0265,6403
0.203,493
-0.158,8275
0.0736,3441
-0.0873,7407
-0.299,9590
-0.112,8038
0.0359,3709
0.401,1081
-0.202,9835
-0.0376,6401
0.202,2385
0.0951,351
0.0459,4369
-0.0448,6546
0.176,2103
0.0396,4105
0.145,1640
0.144,2200
0.14,1212
-0.0688,6212
0.183,805
-0.259,10201
0.0271,4906
0.168,1523
-0.0616,7240
0.123,2050
-0.0758,5927
-0.244,9408
-0.175,9697
-0.28,10062
0.103,2287
0.295,1152
0.023,4788
0.0715,4053
-0.0248,6334
0.0131,4856
0.0206,4661
-0.237,9341
-0.284,10087
0.0173,4763
-0.0564,6460
0.0708,2740
0.287,736
0.0896,3830
0.111,2516
0.046,4355
0.414,246
-0.0229,6233
0.0622,3531
-0.0116,5560
-0.13,7618
0.223,2548
-0.24,6898
-0.0873,8007
0.122,1993
-0.0539,6978
0.283,1594
-0.257,10202
0.0501,3821
-0.00102,5315
0.0474,3920
0.2,1751
0.321,1330
-0.0925,7841
-0.149,9934
-0.028,5992
-0.0195,5279
0.193,1222
0.166,1902
-0.296,10237
0.0495,3624
0.0224,4440
-0.00267,5425
-0.00797,5091
-0.327,10818
0.208,1450
-0.0859,8000
-0.00892,5503
-0.0948,8353
-0.0802,6039
0.092,2915
-0.171,8760
-1.07,10124
0.0849,2968
0.0492,3192
-0.172,9225
0.427,254
0.00346,4965
0.0921,3575
-0.033,6357
0.0608,3177
-0.172,9241
0.0778,2446
0.109,3044
-0.0364,6643
0.126,361
0.0234,4516
-0.201,8300
-0.0598,7921
-0.385,10002
-0.0714,8173
0.00358,5084
-0.0732,8182
-0.0916,7704
0.0838,1774
0.0523,4192
-0.124,9526
0.0337,3822
-0.159,9652
0.00412,5140
0.0635,3831
-0.00359,5665
0.914,735
-0.0398,5884
-0.0426,6135
-0.198,9770
-0.534,10220
0.606,953
0.151,1596
0.458,548
0.000533,5425
0.0814,3150
0.338,175
-0.0785,7630
-0.332,10848
0.068,3464
0.271,481
-0.0632,5944
0.147,3381
-0.111,6742
-0.0819,6743
-0.451,11034
0.2,2374
0.195,2333
-0.119,9967
-0.205,9930
0.276,1963
-0.0502,8530
0.132,1526
-0.253,9776
0.172,1394
0.243,1534
0.469,842
0.000628,5331
-0.199,10098
-0.192,9214
-0.687,10557
0.151,3090
-0.114,7827
-0.075,7847
-0.262,10676
0.389,142
-0.282,10351
-0.655,10616
0.101,3259
0.115,2903
-0.345,10538
0.132,1810
-0.145,9024
0.0686,3271
-0.0416,6607
-0.0258,6468
0.133,2527
-0.0896,7357
0.327,609
-0.102,8320
-0.332,9499
-0.0439,6271
0.0102,5103
-0.205,9212
0.0215,4851
0.35,730
-0.0271,5829
0.105,1232
0.0412,3996
0.237,1212
-0.115,8310
0.383,1784
0.00944,5055
-0.025,6187
0.0459,2506
-0.0278,5697
0.0405,4738
0.553,615
0.327,986
0.0524,3292
0.127,2249
-0.0198,5954
0.144,2102
-0.164,10448
0.198,1305
-0.127,10005
-0.0588,6856
0.0667,3855
-0.656,10802
0.313,2215
-0.0418,6071
0.0738,3700
0.168,864
-0.222,10383
0.215,1852
-0.0398,6119
-0.424,9853
0.109,2845
-0.0535,8318
0.111,2236
0.0209,4980
-0.0188,6215
0.359,1290
0.147,1333
0.0403,3894
0.7,722
0.348,1910
-0.552,10338
0.255,2817
0.0421,3901
0.173,1884
0.209,1430
-0.15,9241
0.0469,4303
-0.0615,7521
-0.03,6742
-0.181,9830
-0.206,9335
-0.0637,7584
0.244,397
-0.0542,4657
0.09,3148
0.179,1074
0.0151,4908
-0.00522,5583
-0.039,5944
-0.071,7318
0.0089,4980
0.0929,2508
0.089,3453
-0.0577,6972
-0.181,8908
0.00755,5187
-0.0552,7415
-0.111,9060
0.0262,4715
-0.132,6852
-0.136,9240
0.2,2029
-0.0625,7849
-0.0644,7550
0.127,3194
-0.0769,7873
0.0385,3882
-0.0202,5443
-0.0694,8933
-0.0142,5793
0.107,2487
0.179,3147
-0.394,9805
0.175,2712
0.137,1264
0.23,1462
0.0227,4530
-0.36,9871
0.202,2434
-0.0879,7247
-0.133,8678
0.0581,3272
0.422,2431
0.276,635
0.364,858
-0.404,10149
-0.072,7664
-0.112,8059
-0.273,9819
0.0325,4498
-0.123,6742
0.274,1169
0.15,1829
-0.127,8787
0.328,820
0.275,461
0.373,976
-0.0126,5926
-0.00513,5606
0.0342,4194
-0.233,10258
0.132,2762
0.119,2485
0.0544,3736
-0.0087,5628
-0.245,10838
0.285,1186
0.022,4791
-1.05,10994
-0.349,10501
0.149,1516
-0.155,10185
-0.275,9528
-0.0872,8361
-1.1,10361
-0.0486,7688
0.0133,5020
-0.0956,9033
0.0643,3886
0.134,2530
1.06,175
-0.59,10880
-0.0387,6789
-0.14,8283
-0.323,9142
0.304,625
-0.149,7565
-0.0366,5979
-0.112,7583
-0.0669,8118
0.0987,2600
-0.526,10612
-0.0868,8821
-0.0342,5980
0.156,1140
-0.0676,7289
-0.148,6924
-0.0449,5717
-0.413,8945
0.219,1320
-0.0493,6981
0.0719,3561
-0.154,7751
0.0623,4117
0.19,2964
0.053,3511
0.0468,3491
0.164,2235
-0.243,10453
0.138,1902
-0.00752,5528
-0.154,9024
-0.298,10108
0.0728,2691
-0.00886,5550
0.235,845
0.637,333
-0.669,10975
-0.177,10275
0.147,1889
0.355,207
0.0679,3345
-0.158,8999
0.0299,4264
0.0665,3517
-0.0268,6731
-0.375,10865
0.0156,5131
0.376,415
-0.15,8039
-0.0963,8065
0.119,1324
-0.178,9640
0.0672,2713
-0.135,6484
-0.468,10046
-0.371,10848
-0.00283,5411
-0.0283,10056
-0.225,9593
0.172,1544
-0.0582,7542
-0.65,10087
-0.0514,6990
-0.201,10370
0.322,855
-0.0196,5609
-0.111,8356
0.116,3479
-0.0631,7743
-0.0281,6157
0.161,1452
-0.0813,6381
-0.0908,7165
0.492,2025
0.124,2437
-0.0814,7734
0.201,980
-0.154,9391
0.162,1395
0.0274,4564
0.00748,5134
-0.0678,7212
-0.0235,5305
-0.0988,7338
0.159,2704
0.655,515
-0.129,9533
-0.0178,5993
-0.264,10890
0.036,4395
-0.413,9771
0.0741,3314
-0.0283,6091
-0.142,9111
0.128,3544
-0.144,9565
-0.0673,6680
-0.0304,6318
0.183,2424
-0.0232,5734
0.0487,4287
-0.00439,5319
0.177,2112
-0.431,10900
0.0673,3050
0.0181,4685
0.00955,4740
0.0402,4541
-0.203,7222
-0.13,7928
0.0727,3484
-0.173,10231
-0.104,7559
-0.167,7760
0.054,4744
-0.322,10011
0.0106,4960
-0.227,10283
0.326,1610
-0.214,10004
-0.588,11023
-0.193,8732
0.177,1409
0.0224,4545
-0.0481,6046
-0.0255,5812
-0.155,8684
-0.0782,6951
-0.0363,5871
-0.0949,8599
0.0745,3672
-0.0385,6164
-0.119,6379
-0.152,7625
-0.0932,7956
-0.00639,5692
-0.261,10420
-0.0119,4994
-0.075,8391
-0.000256,5185
-0.0351,6330
0.0662,1649
-0.0856,8369
0.271,1586
0.18,2977
0.131,1541
0.191,1456
0.155,804
-0.196,8893
0.469,519
-0.644,10451
-0.241,9067
-0.0523,7006
-0.0152,5508
0.17,1847
-0.111,6957
0.115,3192
-0.164,6355
-0.057,6800
0.172,1611
0.0343,4853
-0.0528,6890
-0.165,7952
0.0738,3778
0.106,2359
0.117,2170
0.164,2196
0.376,133
-0.148,9867
-0.199,9765
-0.0651,6416
-0.169,9783
-0.114,8368
0.302,282
-0.298,10784
-0.0141,5511
-0.0304,6603
-0.0398,7911
0.358,183
0.26,509
-0.32,8049
0.00775,5034
-0.15,9587
0.193,1886
-0.151,7649
0.133,2003
0.127,2739
-0.028,7195
0.065,3792
0.316,569
-0.0622,7581
0.0838,3559
-0.0614,6234
-0.394,10881
0.0248,4542
-0.116,8657
0.438,493
0.0851,3113
-0.16,8528
0.413,1541
-0.0109,6138
-0.261,10405
-0.433,10898
0.0962,1959
-0.489,9841
0.02,4702
0.142,2785
0.233,825
-0.366,10837
-0.0275,5706
-0.292,9217
-0.398,9703
-0.133,7856
-0.283,10583
0.0574,4196
0.154,1418
0.236,2567
0.321,1497
-0.0445,7206
-0.136,10062
-0.0764,8067
-0.175,9810
-0.0968,8708
-0.196,9665
0.0266,4623
-0.0799,7650
0.0522,4444
-0.0185,5793
-0.589,10763
0.0113,5239
0.0722,2780
0.013,4948
0.358,496
-0.0837,6438
0.24,3038
0.0676,3445
-0.261,10712
0.112,3435
-0.275,10351
0.163,3534
-0.149,5666
0.098,3469
-0.296,10407
-0.0851,7193
-0.00218,5327
-0.207,7569
-0.0739,7362
0.0392,3905
0.194,1320
-0.196,8411
-0.25,10032
0.0282,4619
0.0207,4952
0.0081,5043
0.122,1306
-0.274,10173
0.203,1342
0.123,2967
0.0427,4403
-0.0176,5837
-0.0594,7942
0.0289,4289
-0.448,10927
-0.264,9356
0.399,221
0.297,351
0.143,364
-0.173,6967
0.0221,4751
0.538,303
-0.0902,7849
0.2,473
-0.032,6359
-0.0536,7227
-0.2,8542
-0.138,8507
0.0376,4262
-0.14,10592
-0.0161,5927
-0.00557,5444
-0.368,10758
0.005,5160
-0.0387,6223
-0.119,9616
0.134,1535
-0.0298,6212
0.295,976
0.114,3271
-0.446,10762
-0.0808,8283
0.0423,3426
0.119,2345
-0.309,9654
0.0758,3749
0.0142,4668
0.226,97
0.16,1176
0.185,1320
-0.0206,5615
0.268,862
0.0905,3727
0.316,154
0.206,1287
-0.07,6868
0.0733,3385
0.0243,4571
-0.337,10732
0.249,399
-0.0788,7968
0.319,1400
0.128,2438
-0.0655,6370
0.208,1726
0.103,2863
-0.00306,5714
0.183,1421
-0.0879,6731
0.153,2462
-0.231,9752
-0.0196,6135
0.0268,4665
-0.044,6808
-0.271,10085
0.154,581
0.428,302
0.124,1771
-0.102,8384
-0.0803,7268
0.0153,4781
0.0899,3675
0.505,1914
-0.163,10595
0.127,2086
0.141,2747
-0.346,10094
-0.0229,5202
-0.0177,5152
-0.0671,6567
0.0617,3015
0.302,1104
-0.133,8880
0.715,916
-0.165,6692
0.22,1423
0.0108,4962
-0.372,11002
0.0468,4166
-0.0125,5381
-0.0708,7352
-0.376,11018
-0.138,7977
0.149,2379
0.468,1150
0.289,1686
0.161,2750
-0.16,9618
-0.114,7577
-0.119,8115
-0.0424,6089
0.202,1486
-0.0942,8013
0.0132,4898
0.0383,4523
-0.125,7612
0.152,2751
0.105,2500
1.12,901
0.0559,3620
0.0566,3939
0.145,1443
-0.31,9260
-0.456,10575
0.244,898
-0.246,10768
-0.0934,7122
0.387,1156
0.192,1442
-0.111,7308
-0.0589,6747
0.0587,3712
0.179,1954
-0.0832,7757
0.0224,4781
0.03,4642
-0.132,6503
0.113,2188
0.334,866
0.352,730
0.0518,4405
-0.316,7718
0.254,183
0.104,2398
0.039,4411
-0.0504,6976
0.126,2787
-0.477,7776
-0.0958,8292
-0.0941,7941
0.165,1839
-0.374,10899
-0.0494,7637
0.0554,4011
0.0892,3340
-0.294,10627
-0.0909,6576
0.223,596
0.101,1940
-0.0801,7698
0.019,4803
0.213,947
-0.107,8867
-0.166,9237
-0.142,8412
0.104,3176
0.143,3254
0.15,885
0.0916,2393
-0.101,8674
0.18,1962
-0.172,8570
0.0171,5033
0.0969,2553
-0.0588,7089
-0.0205,5927
-0.368,10909
0.37,729
0.281,926
0.00856,5131
-0.0089,5674
0.104,3196
-0.0356,5910
0.159,1247
-0.139,9303
0.0741,2489
-0.25,10805
-0.111,8247
-1.05,11029
0.35,881
0.0115,5119
0.0128,4921
-0.0271,6806
0.29,1914
-0.173,9939
0.347,2173
-0.0447,6385
0.149,1858
-0.0111,5907
-0.0652,7618
-0.131,8882
-0.145,10719
-0.255,9748
0.374,255
-0.212,9193
0.169,1635
-0.365,10467
0.137,2786
0.13,2900
0.109,2229
0.109,2483
0.128,2483
0.141,2051
0.189,2232
0.0503,4298
-0.092,8189
0.101,2411
-0.0462,6238
-0.119,6073
0.0416,4456
0.697,1284
0.302,71
-0.336,10628
0.203,1600
0.168,2658
0.0539,4581
0.313,2142
0.0231,4386
-0.0633,7926
-0.161,8820
0.0534,3719
-0.208,7951
0.00358,5040
0.158,1690
-0.219,8247
0.0827,3207
-0.281,10737
0.248,362
0.166,3062
-0.112,8473
-0.203,10527
-0.0304,6272
-0.185,8109
-0.227,10090
-0.328,9493
0.00232,5212
0.157,2355
0.143,2088
-0.0234,6003
-0.0439,6340
-0.162,8916
0.268,662
0.0203,3789
-0.292,8313
-0.00223,5310
0.11,3071
-0.0206,6396
-0.15,9101
0.00778,5187
-0.0615,6504
0.0839,4432
0.113,2749
0.601,411
-0.0361,5896
0.0217,4681
0.0413,4693
-0.376,10618
0.262,1619
0.089,3613
0.0386,4549
0.0101,4973
-0.464,10996
-0.215,10477
0.224,1584
0.0825,3521
0.104,2123
0.0783,1258
0.0355,4496
0.0299,4260
0.0834,4314
-0.0513,6833
0.0548,4130
0.0468,4245
0.0954,3235
0.336,927
0.177,3463
-0.423,9998
0.0465,3305
0.21,1282
0.239,877
-0.525,10625
-0.268,10114
0.166,2332
-0.014,6144
0.174,871
-0.0786,6378
0.275,1088
0.195,2061
-0.546,10481
0.00205,5250
0.186,1476
0.0463,4479
-0.0594,6299
-0.222,9017
-0.0243,5596
0.213,1018
0.016,4786
0.0523,4019
0.133,2972
0.134,2864
-0.18,10250
-0.0137,6228
0.209,1517
-0.203,10656
0.386,229
0.342,685
0.0828,4002
-0.0229,6038
0.13,1473
-0.44,11025
-0.0966,7682
0.00961,5012
-0.0642,7111
-0.104,8566
-0.196,9244
0.199,3264
0.179,1820
0.0852,3025
0.019,4696
0.0837,2200
0.437,399
0.0326,4312
-0.275,9908
-0.323,10764
0.241,2996
-0.00361,5576
0.122,1699
-0.0288,5263
-0.138,9764
-1.4,10743
0.462,1832
-0.0733,8071
0.035,4152
0.0598,3498
0.374,1109
-0.047,5784
0.15,3029
-0.14,9125
-0.0691,7670
0.0686,4117
0.189,2537
-0.105,6486
-0.22,8352
0.181,2100
0.00515,5225
-0.196,8303
0.00435,5004
0.363,1356
-0.301,9834
-0.105,9818
0.0619,4226
-0.162,7936
0.203,1637
-0.198,8248
-0.0854,7636
0.0459,2916
0.0421,3524
-0.106,6708
-0.0896,7660
-0.405,10427
-0.357,10443
-0.247,8830
0.0315,3925
-0.37,10295
-0.00988,5590
0.263,577
0.0577,3494
-0.197,9843
0.0603,1940
-0.155,8739
0.112,2318
-0.091,7292
0.0997,3214
0.0533,3467
0.116,2975
-0.00306,5741
-0.0183,5875
0.195,1398
0.0762,3623
0.338,246
0.0419,4214
-0.00589,5688
-0.377,10913
0.0402,4232
-0.287,9841
0.0226,4795
0.0988,2391
0.0452,4356
-0.114,7432
0.358,652
0.411,1629
0.0933,4214
-0.0641,9171
0.0934,1851
-0.426,8489
0.313,1591
-0.493,8435
0.0793,3932
-0.214,10523
0.12,909
-0.215,8581
-0.195,9881
-0.0986,6839
-0.00198,5440
0.127,1294
-0.0825,8556
0.133,3170
-0.0419,6714
-0.384,10663
0.0629,4368
-0.0233,5721
-0.149,8262
-0.113,7827
-0.092,7784
0.109,3134
0.0865,3828
0.13,1611
-0.000751,5327
0.17,1012
-0.000663,5474
-0.473,8301
-0.287,10727
-0.0454,6840
0.0994,2130
-0.194,8162
-0.48,10254
-0.103,7264
-0.295,11023
-0.0189,6190
-0.138,7752
0.0524,3505
-0.309,10509
-0.264,9496
0.326,741
0.0693,2928
-0.307,10798
-0.56,10758
0.08,3477
0.263,2112
-0.258,9375
0.0476,4231
0.292,285
-0.182,10202
0.61,37
-0.0819,8174
-0.154,9032
0.124,2923
-0.205,10445
-0.0603,6473
-0.222,10532
0.766,158
0.0674,3266
-0.104,9480
0.184,1765
0.0598,3880
0.039,4655
0.14,2955
-0.0342,6297
-0.102,8394
0.0225,4424
-0.522,11016
-0.516,11024
-0.0265,5599
-0.0617,5660
0.208,1798
-0.213,10887
-0.306,9733
-0.0419,6385
-0.165,8885
0.105,3849
-0.244,10546
0.359,446
-0.108,8279
0.173,2439
-0.172,9276
-0.245,10854
0.184,774
0.14,2896
0.0643,4408
-0.0237,5936
2.54,262
0.297,2553
-0.125,8533
0.0487,3483
0.0435,4025
0.0116,4971
-0.134,9130
0.0794,3408
0.554,5
0.069,1897
0.00252,5334
0.172,798
-0.0267,6283
-0.0837,7378
0.171,675
-0.515,11030
-0.235,9487
-0.0888,6939
0.181,1813
0.0515,3388
0.0606,3677
0.0692,2978
0.0513,4217
-0.2,10026
-0.249,9277
-0.372,10988
-0.0556,7715
0.0221,4913
2.28,618
-0.00288,5567
1.07,677
-0.0946,7580
-0.0129,6179
-0.181,8415
0.312,2444
0.488,561
0.0129,4855
0.0185,4931
-0.0524,7315
0.059,3270
0.204,1744
-0.0781,7886
0.181,2299
0.135,3689
0.0864,2217
-0.168,9377
0.031,4505
0.0982,3008
-0.13,8452
0.239,1437
0.203,896
0.146,1916
-0.0518,7265
-0.43,10449
0.0318,4219
0.0358,4523
-0.134,9960
-0.368,11027
0.0743,3535
-0.2,10424
-0.213,9181
-0.374,10745
-0.0358,6161
0.0934,2213
0.421,527
-0.0356,6324
-0.146,9150
0.0447,4098
-0.26,9711
-0.0692,7456
0.217,1423
0.0172,5007
-0.00477,5584
0.143,2678
-0.248,10900
-0.234,10333
0.0991,2988
0.127,2287
0.38,1740
-0.211,8919
0.0556,3805
-0.102,7433
-0.367,9444
0.264,749
0.0675,3264
-0.245,9577
-0.178,9218
0.167,648
0.0809,3460
-0.0542,6859
0.381,1245
0.0997,3853
0.074,2984
-0.0431,6838
-0.371,10740
-0.154,8247
-0.257,9304
-0.0768,6489
0.0159,4746
0.0519,3993
-0.245,7259
0.37,1851
0.328,2545
0.331,2834
0.133,1992
-0.0175,5167
-0.201,8221
-0.0312,6305
0.332,1549
-0.149,8367
0.00961,4958
0.127,1455
-0.0351,5492
0.0727,3296
0.125,1841
-0.0393,5604
-0.065,7226
0.123,754
-0.0328,6268
0.0634,3868
0.258,1545
-0.108,7689
-0.117,8988
0.11,1792
-0.0156,5487
-0.0468,6396
0.124,2935
-0.168,7875
-0.213,10619
-0.0131,5598
0.102,2860
0.195,1736
-0.343,10878
0.00784,5169
0.114,2102
0.26,552
-0.182,8896
-0.166,9431
0.155,2308
-0.0113,5444
-0.0888,7738
-0.12,9848
-0.286,6527
-0.175,7445
-0.198,8483
-0.182,8473
-0.239,10703
-0.00245,5538
0.0675,2971
0.189,2410
-0.155,7746
0.0981,3569
0.104,2586
-0.0519,9203
0.085,3271
-0.506,10654
-0.107,8517
-0.146,9541
0.0462,3885
-0.00243,5466
0.202,1903
-0.0749,8635
0.0169,4864
0.0563,4182
-0.252,10388
-0.0934,9526
-0.0677,7471
-0.0783,6230
-0.094,6738
-0.0593,6169
-0.198,7893
-0.143,8308
-0.271,10178
-0.101,7240
-0.0921,6931
0.00479,5234
0.38,1334
-0.0603,7282
-1,9982
0.792,1512
-0.195,6886
0.0707,3408
0.177,1779
-0.119,7897
-0.000658,5478
-0.166,10119
0.0316,3748
0.0101,5217
0.071,3944
0.041,4368
-0.274,8703
-0.149,7619
0.0233,4711
0.312,2888
0.098,3723
-0.074,7244
-0.29,9484
-0.293,10491
-0.0644,6731
-0.0365,6626
-0.151,9053
-0.0504,6105
-0.543,10984
-0.129,9449
0.115,2716
0.0543,4459
-0.0607,7187
0.344,1556
-0.0617,6280
-0.12,9954
0.153,1251
-0.109,7334
-0.0884,7900
0.0105,4788
0.0859,3440
0.015,5087
0.242,770
0.187,1869
0.154,1807
-0.0424,5937
-0.00346,5090
0.0227,4836
-0.174,9530
-0.326,10656
0.13,3151
-0.87,10945
-0.306,9744
0.0615,3907
-0.0412,6949
-0.0508,6483
0.284,899
0.521,201
0.0637,4291
-0.0267,6111
-0.202,9397
0.0428,4430
0.109,3243
-0.425,9982
0.0029,5049
-0.19,9671
0.0735,3622
-0.125,7426
0.0932,3359
0.149,1059
-0.198,9613
0.0854,2641
-0.00991,6155
-0.107,7531
0.104,3257
-0.0843,6714
-0.251,9635
0.000733,5188
0.0184,4786
-0.228,9286
-0.127,7611
-0.361,10802
-0.399,10176
0.0421,4495
-0.0733,7587
0.321,1140
1.09,861
-0.141,7540
0.269,1946
-0.182,8766
0.0105,5214
-0.00176,5429
0.0102,4927
-0.0378,6290
0.119,2074
-0.161,9143
0.157,3034
0.0237,4453
0.0212,5024
-0.0505,6519
0.39,245
0.0804,2696
-0.131,7813
0.113,2080
0.268,3244
0.199,2007
0.045,3668
-0.0765,7397
0.372,355
-0.0038,5448
0.102,1985
0.101,2735
0.0491,3574
-0.0249,6009
-0.0296,7143
-0.313,10045
-0.299,8529
0.275,1844
0.242,1046
-0.0414,6162
0.28,1289
0.0781,3517
0.0762,2779
0.0662,3013
0.0235,4357
0.0494,3556
-0.139,9427
0.0296,4665
-0.339,10443
-0.347,9422
0.362,2629
-0.0383,6351
-0.172,9489
0.0596,3330
-0.125,7207
0.129,2834
0.279,1071
-0.217,10660
-0.168,7779
-0.088,8405
-0.0359,5934
0.0186,4681
-0.18,10515
-0.0932,8691
-0.128,8532
0.142,2703
0.123,3341
-0.206,8364
-0.175,10728
0.00163,5275
0.358,2301
1.2,951
-0.155,5594
-0.109,7045
-0.0113,5509
0.218,2167
-0.124,7334
-0.13,9384
0.323,1372
0.263,1346
0.0219,4562
-0.06,7012
-0.221,9847
-0.0701,5973
-0.116,6941
0.3,3077
-0.122,6383
-0.0245,5409
-0.145,7261
-0.0647,7097
0.635,277
0.174,2544
0.126,1351
-0.167,9961
0.0204,4733
-0.0234,6040
0.456,53
-0.0967,6005
0.0469,2900
0.0354,4168
0.0323,4470
-0.0443,6358
0.192,1569
0.286,1062
0.383,303
0.0283,4316
0.0318,4653
0.262,2023
-0.314,8073
-0.0742,7139
0.179,1454
-0.0613,7427
0.0531,4470
0.113,2927
0.0501,3938
-0.0602,6703
-0.0224,6697
0.0203,4465
-0.152,6080
-0.05,6350
0.078,4099
0.446,355
-0.162,9563
-0.0177,6135
0.0315,4338
0.135,1996
-0.272,8209
-0.0847,9462
0.104,3109
-0.00545,5607
-0.155,9963
-0.14,7233
0.145,3323
-0.028,6144
0.0213,4777
-0.107,8208
-0.0216,6406
0.0241,4769
-0.0214,5918
0.307,915
-0.0584,7782
-0.0505,7043
0.3,648
-0.246,10002
-0.00769,5308
0.145,2402
-0.0849,7360
-0.0458,6529
0.138,1781
-0.00198,5226
0.206,2388
-0.184,7659
0.113,2476
0.0678,3482
0.234,1213
0.112,3423
-0.505,9734
-0.341,9704
0.156,1089
-0.0759,8279
-0.0959,7687
0.0453,3874
-0.0424,7685
0.675,223
0.0149,4552
-0.056,7062
0.137,2745
0.0184,4941
0.0237,4627
0.149,2934
0.263,692
-0.0666,7343
-0.0262,5541
-0.0414,7401
0.0439,4667
0.247,1070
0.101,1871
0.0949,2036
0.0953,3513
0.0596,4045
-0.093,6120
0.192,2644
-0.233,10274
-0.0312,6830
0.356,117
0.13,3052
0.776,1519
0.0134,4972
0.472,889
0.025,4403
-0.264,8174
0.371,289
0.4,866
0.0381,4618
-0.0802,9132
-0.305,10352
0.248,1221
0.109,2712
-0.101,5809
-0.0227,6046
-0.129,9610
0.0813,2642
0.163,2916
-0.0491,6447
-0.0548,6065
-0.279,10737
-0.0653,7368
0.0136,4731
-0.357,10918
-0.24,9685
-0.136,9813
-0.265,10225
0.301,370
-0.275,10216
0.0125,4934
-0.0608,7279
0.267,2762
-0.137,6702
-0.51,10961
-0.139,8341
-0.108,8650
-0.0274,6520
-0.0487,6530
-0.0418,6054
-0.114,8703
0.13,3410
0.538,148
-0.0407,6809
-0.04,5814
0.157,2922
0.265,2445
0.422,703
-0.0738,6482
0.102,3821
1.55,942
0.0704,3380
-0.0686,7708
0.0663,3457
0.147,2112
-0.394,10809
-0.0702,6307
-0.358,10259
0.0446,4460
-0.0431,6709
0.104,3913
-0.0589,7525
0.176,2210
-0.0343,6164
-0.0814,8076
-0.105,8217
-0.155,9495
-0.252,10652
0.106,3373
0.189,1466
-0.165,10230
-0.0737,8134
0.0375,4342
0.449,410
-0.21,8709
-0.305,9448
0.0256,3587
-0.107,7588
-0.112,7668
-0.162,8194
-0.2,8443
0.186,2019
-0.166,9213
0.185,986
0.499,749
0.104,3923
-0.165,8216
0.696,46
-0.0564,7797
-0.069,8492
-0.0762,6609
-0.658,10968
-0.112,7076
-0.193,7858
0.38,1586
0.152,776
0.137,2883
0.0374,4329
0.387,2144
0.0527,2519
0.0429,3625
-0.0561,6888
-0.319,10749
-0.102,8163
0.171,1767
-0.0502,5932
0.00692,5085
0.143,990
0.216,602
0.0309,4782
0.0859,3934
0.225,1269
0.328,426
0.159,1259
0.0742,3937
0.792,509
0.407,1193
-0.0692,7111
0.0142,4999
-0.0798,8025
0.455,618
-0.146,7267
0.0128,5005
-0.15,9399
-0.336,10885
0.105,3603
0.171,2418
0.0768,3675
0.105,3261
0.148,2653
0.241,895
0.00831,4834
-0.145,7784
0.178,1531
0.104,3198
0.081,4089
0.115,1271
0.173,1330
0.00941,5089
-0.168,9477
0.119,3120
0.293,623
0.0209,4574
0.0212,4620
0.102,3167
-0.0407,6443
0.124,3374
-0.0939,9362
-0.0103,5766
-0.0354,6645
-0.16,8867
0.108,3554
-0.36,9775
0.00507,4997
-0.129,9319
-0.11,8850
-0.00693,5313
-0.122,7250
0.0562,4295
-0.175,9965
-0.099,8322
0.0688,3704
0.202,2111
0.168,2067
-0.0676,8427
-0.108,8230
0.0872,2856
-0.0115,5774
0.503,569
0.103,3458
-0.363,10622
-0.334,10609
0.296,571
-0.0583,7711
0.318,1033
0.175,2778
0.202,1525
-0.0358,5966
-0.211,10583
-0.0281,6641
0.309,1156
0.151,2723
-0.332,9946
-0.415,9933
-0.107,7865
-0.0376,6438
-0.0505,6531
-0.003,5228
0.0662,3282
-0.196,9238
0.0443,3704
-0.144,9095
0.0271,4465
0.164,2611
-0.167,8072
-0.17,7762
0.0674,3631
0.0559,3522
-0.428,10790
0.426,604
-0.0323,5829
0.00664,4826
0.199,1146
0.0075,5322
0.193,2256
-0.0594,5831
0.302,742
-0.29,9655
0.188,943
0.0995,1517
-0.479,10941
0.00831,4828
0.0595,3833
0.0968,3225
0.295,414
-0.0615,8425
0.336,484
0.128,2122
-0.104,7314
-0.177,10223
0.178,717
0.0559,2863
-0.0781,6980
0.279,131
0.0808,3569
0.713,497
0.123,1689
-0.00743,5362
0.0657,3167
0.0803,3417
0.252,1922
-0.0974,7525
-0.0481,6906
0.00283,4973
-0.0556,7173
-0.0197,5087
0.134,3524
-0.133,8207
-0.226,10312
0.0225,4951
0.118,3415
-0.0975,7133
0.398,89
-0.0479,5534
-0.202,9829
0.101,2634
0.0108,4959
-0.192,9415
0.162,1662
0.229,1404
-0.14,10560
0.0697,3125
-0.0561,6211
0.0179,4649
-0.0377,6176
0.0873,3920
-0.00665,5551
-0.238,10676
0.204,2242
0.466,617
0.342,401
-0.175,6416
0.267,604
-0.0974,9526
-0.122,7789
-0.152,7642
0.0848,3332
0.0973,3089
0.0574,3493
0.0777,3381
-0.0215,5888
-0.214,9845
0.377,563
-0.142,8961
-0.19,10218
0.0696,3870
-0.11,8733
0.314,723
0.24,3279
0.00567,5115
-0.046,6742
0.135,1540
0.163,2112
0.0423,4140
-0.0757,6790
-0.0604,7246
-0.0996,8537
0.0902,3726
-0.012,5648
-0.287,10133
0.329,1344
0.178,2084
0.115,2642
-0.287,10153
0.154,1396
0.189,2153
0.116,2561
0.21,397
0.0997,1827
0.561,538
0.285,1058
-0.217,9544
-0.741,10798
-0.0599,7892
0.0013,5297
-0.234,8706
0.052,3730
-0.21,8255
0.00113,5091
-0.0168,6302
-0.0725,7306
-0.189,10727
-0.00354,5342
0.0204,4693
0.263,409
-0.0356,6377
0.0729,2990
0.462,465
0.0353,4041
0.234,2662
0.136,2848
-0.157,9352
-0.324,10988
-0.066,6555
0.0223,4812
-0.255,9928
0.3,1487
-0.0109,5959
0.206,2645
0.588,168
0.357,385
-0.0654,5795
-0.418,8530
0.0793,3425
-0.112,7854
0.29,2741
-0.016,5322
0.366,1286
-0.121,7480
-0.0831,7945
-0.086,7788
-0.168,8904
0.0791,2859
-0.0117,5964
0.164,2330
0.023,4471
-0.177,10221
0.726,489
-1.02,9781
0.872,126
0.507,1617
0.02,4456
-0.313,10929
0.00512,5159
-0.268,9853
0.0721,3154
0.251,1124
-0.032,6315
0.0138,4972
0.0255,4769
-0.0651,7070
-0.0645,6660
0.899,1157
0.193,918
0.0858,2234
-0.0602,6827
0.0806,3235
-0.196,9256
-0.433,10360
0.187,1701
-0.037,8422
-0.237,7550
-0.00412,5391
0.0261,4393
-0.17,8256
-0.0194,6009
-0.0803,9451
0.651,1681
-0.372,10113
-0.0254,6872
0.0664,3685
-0.0473,7391
0.203,386
-0.00072,5486
-0.518,11032
-0.05,7322
-0.00226,5496
0.0584,3219
0.0728,2723
-0.338,10483
-0.435,10639
0.0452,4201
0.0696,2949
-0.17,9962
0.272,541
-0.0596,6002
0.337,2196
-0.11,6627
-0.139,7535
0.0165,5034
-0.0146,6137
0.332,38
-0.259,10144
-0.209,9776
-0.419,9797
-0.357,6151
-0.191,9919
0.119,923
0.0757,3919
-0.282,9534
0.434,376
-0.0346,5304
-0.336,10760
0.111,1606
-0.233,9214
-0.154,8002
0.00803,5136
0.354,2082
0.00398,5357
0.177,2263
0.0162,4575
0.136,2838
-0.0714,7396
-0.131,7317
0.0784,2493
-0.143,9524
-0.308,10665
0.154,2383
-0.61,10863
-0.0857,5450
-0.000519,5579
-0.168,8978
-0.0256,5992
-0.0337,6346
0.221,1783
0.469,1097
-0.291,10504
-0.464,10429
-0.0173,5572
0.0387,4472
-0.348,10318
-0.16,8054
-0.16,10048
0.0408,3193
-0.268,8839
-0.0148,6184
0.104,3542
-0.595,10666
-0.0193,5878
-0.0434,6513
0.0143,5189
0.342,792
-0.166,7507
0.0429,3960
-0.289,10243
0.0255,4082
-0.0666,6948
0.288,1344
0.184,2258
0.37,619
0.119,2098
0.0951,3061
-0.0641,6624
-0.047,5991
-0.0661,8178
0.193,1898
-0.0618,7621
0.112,1846
-0.214,10057
-0.103,7393
-0.0676,6393
-0.302,9484
-0.0933,7854
-0.0908,9025
0.619,109
0.113,1832
0.465,1340
-0.142,8759
-0.0425,6510
-0.223,8969
-0.115,8439
-0.504,10693
0.0241,4630
-0.0998,8043
-0.097,8353
-0.138,8422
-0.0659,8116
-0.169,8195
-0.0741,6401
0.118,1734
-0.16,9473
0.283,1869
0.114,2346
0.369,237
-0.071,7430
0.055,3252
-0.031,6333
-0.158,9800
-0.0533,6392
0.212,2249
-0.0105,5576
0.0718,3981
-0.313,10414
0.251,1506
-0.367,10166
-0.18,9921
0.45,735
-0.0118,5334
-0.129,8248
0.0302,4488
-0.13,7883
-0.367,8086
-0.221,9413
0.0616,3824
0.0983,2930
0.495,2009
0.0231,4870
0.0993,3868
0.292,2443
-0.751,10512
0.339,1346
0.089,2861
-0.314,9573
-0.352,10463
0.0482,3427
-0.08,8565
-0.0722,7170
-0.106,6521
-0.0955,6087
-0.152,9395
-0.112,10357
0.0259,4357
0.115,2784
-0.0426,6708
0.0783,3345
0.33,882
-0.106,7816
0.247,280
-0.287,8618
-0.0362,6660
0.106,1731
-0.0997,6344
0.192,1455
-0.11,9457
-0.137,7206
0.069,3567
0.18,1921
0.194,1557
0.109,2719
0.00228,5285
0.281,1460
-0.222,10657
-0.0828,7187
0.224,2506
-0.0596,7523
0.0342,4398
0.244,2123
0.141,2986
-0.143,7808
0.267,1379
0.0166,4801
-0.0192,5904
-0.0883,6208
0.136,3059
-0.232,9532
-0.276,10079
-0.000795,5297
0.0273,4150
-0.14,9564
-0.417,10560
0.153,3383
0.0404,4182
-0.0779,7299
-0.0597,8257
-0.0863,7388
-0.651,10948
-0.0088,5371
-0.0507,6460
0.0981,2331
-0.166,9335
-0.073,7266
-0.0667,6789
-0.0295,5934
0.0285,4487
0.0552,3361
0.089,2918
-0.0497,6291
-0.374,10983
-0.21,8288
0.185,2272
-0.11,8619
0.214,847
-0.187,9294
-0.0401,6988
0.0258,4563
-0.137,10325
-0.0623,6722
-0.177,9916
0.192,2026
-0.0495,7576
0.139,2207
0.0471,4238
-0.065,8078
-0.239,10459
-0.0624,7400
-0.0688,8101
-0.117,8439
0.0464,4315
0.0373,4482
-0.113,8584
-0.043,6327
0.0197,4718
-0.222,9530
-0.154,9644
-0.0794,6453
0.24,1533
-0.368,10949
-0.151,8031
-0.246,10006
0.0317,4253
-0.0672,7613
-0.0507,7817
-0.164,10231
-0.624,10921
0.133,1813
-0.179,8258
-0.0531,7602
0.193,691
-0.0997,8221
-0.244,9920
-0.101,6200
-0.0451,5971
-0.0695,8152
0.0388,3798
0.069,3511
0.157,1581
-0.0342,6024
-0.186,8993
0.0676,3830
-0.0541,7562
-0.0855,8037
-0.112,8514
0.0879,3121
-0.0253,6152
0.356,1397
-0.093,7228
0.0169,4863
-0.446,10674
-0.591,9242
-0.293,7065
0.1,2383
-0.208,10978
-0.101,7013
-0.108,6013
-0.147,9590
0.00472,5075
0.0431,4412
0.046,3966
0.209,2250
0.208,880
0.114,2916
0.271,1731
-0.0229,5844
-0.0036,5304
-0.168,8640
0.247,1983
-0.116,8907
-0.0755,7041
-0.0596,8408
0.0223,4663
-0.0944,7118
-0.185,9733
-0.237,9940
-0.24,10471
-0.00557,5630
-0.0656,8331
0.107,2227
0.0223,4922
0.19,2390
0.17,1320
0.158,1471
-0.136,9448
0.0178,4848
0.074,3430
0.11,1028
-0.268,7897
-0.26,10738
0.185,1446
0.0642,4048
0.0364,4548
0.265,806
-0.259,10240
0.0373,3979
0.0821,2084
-0.336,10145
-0.154,9690
-0.0808,7162
0.148,1687
-0.145,8722
-0.336,10888
0.236,182
0.152,2054
0.0732,2522
-0.0604,6889
0.00148,5254
-0.152,9733
-0.00463,5576
0.122,2992
-0.379,9573
0.398,2435
-0.013,5845
-0.146,9938
-0.0175,5935
-0.0699,7395
0.415,591
0.267,1381
-0.117,8522
-0.016,5829
0.235,1030
0.287,611
-0.199,8192
0.117,3203
-0.0759,8305
0.0742,2958
0.0794,3241
-0.114,8341
0.501,1374
-0.0305,6607
0.191,920
0.226,1638
0.103,2234
-0.292,9224
-0.474,11021
-0.0217,5649
-0.141,8584
0.039,4013
0.0111,4990
-0.153,7384
0.0208,4640
-0.621,8109
0.0933,2520
-0.135,9419
-0.362,10351
0.505,1577
0.00099,5314
-0.799,11023
0.16,2048
-0.0464,6732
-0.422,10707
-0.115,7656
0.132,3037
0.0741,3505
0.148,956
0.193,1613
-0.125,7084
-0.0143,5278
0.228,2341
0.0536,3784
-0.0731,8335
-0.0177,6359
-0.123,8004
0.377,1630
-0.0343,5981
0.148,2308
-0.92,10848
-0.124,10277
0.0274,4827
0.0182,4772
-0.144,7234
0.214,762
0.063,4313
0.0348,4204
0.0981,2723
-0.216,8633
0.105,3754
0.0618,4177
0.0442,4150
0.0833,3352
-0.196,8450
-0.106,6880
0.192,2855
-0.172,6877
0.0292,4260
0.112,2436
-0.257,9406
0.176,1321
0.147,2469
0.0404,4036
-0.07,7629
-0.0205,6140
-0.315,10503
0.0914,3030
0.127,3526
-0.208,8846
0.238,372
-0.0623,7526
0.573,633
0.0504,4015
-0.273,10472
-0.183,9697
0.052,3385
0.211,2029
-0.228,10417
0.000449,5466
0.138,2484
0.723,201
0.176,1645
0.0892,3504
-0.211,8659
-0.0131,6024
0.0724,4042
0.0514,3940
0.0891,2995
0.059,3079
0.183,2194
-0.146,9951
0.125,2495
0.0813,3324
-0.0274,6205
-0.0308,6496
-0.321,10114
0.0137,4977
-0.0617,7194
0.00753,5125
0.231,1533
-0.112,8831
-0.655,10968
-0.581,9952
0.0652,3854
-0.17,8480
-0.194,9525
0.051,3422
-0.152,7467
0.556,632
-0.227,10723
-0.242,7383
0.00107,5422
0.127,1064
-0.0926,7541
1.53,321
-0.0276,5635
0.546,623
0.039,3038
-0.107,8435
0.00704,5225
0.251,1328
0.286,743
0.229,1381
0.147,1668
-0.328,10743
0.482,178
0.274,815
-0.168,8423
0.0246,4833
-0.0264,5976
0.0639,3889
0.322,1349
-0.00186,5264
-0.0774,6628
-0.13,6569
0.281,545
-0.0961,9138
0.283,861
-0.00605,5216
0.154,1763
0.0644,3552
-0.19,9896
1.21,181
0.0725,2551
0.0574,3897
-0.000152,5399
0.183,1854
-0.133,8869
-0.0178,6071
-0.0609,6439
-0.164,8628
0.0956,3037
-0.105,6555
0.0584,3576
-0.171,8208
0.37,2398
-0.203,8469
0.213,1066
0.182,2783
0.118,2434
0.0888,4019
0.197,2599
0.428,358
0.215,1875
-0.109,8439
0.0617,2461
0.0678,2697
-0.115,8191
-0.125,7813
0.401,1548
-0.00852,6218
0.0249,4827
0.00426,5047
0.117,3283
-0.105,6643
0.399,3194
0.349,2065
-0.00451,5360
0.321,692
0.0135,5189
-0.173,10522
-0.0108,5279
-0.143,7375
0.194,1409
-0.135,8325
-0.0665,7026
-0.0807,7008
-0.239,10099
-0.0266,5545
0.000134,5454
-0.0904,8877
-0.0613,6774
-0.0192,5909
-0.0688,6956
0.0894,3397
-0.0976,8384
-0.242,8786
0.108,2918
0.0579,4052
0.503,624
0.117,2885
0.0587,3587
0.0552,4286
0.278,1118
0.175,1777
0.168,2279
-0.474,9886
0.36,290
-0.038,7315
0.118,1790
-0.136,9629
-0.0323,6101
0.0888,2971
0.175,1391
0.0801,3287
-0.374,9833
0.0162,5017
0.421,374
0.519,952
-0.194,10176
0.127,198
-0.164,9096
-0.193,10306
0.0415,4515
0.0466,3689
0.267,468
0.0811,3255
-0.0746,6618
0.129,1982
-0.268,10157
-0.0479,7042
0.0756,3237
-0.0852,8800
-0.116,7770
-0.284,10609
0.179,1672
0.0422,4225
-0.125,7198
-0.0946,7097
0.221,1241
0.44,1608
0.329,626
-0.476,10599
0.0155,4689
0.32,274
0.165,1245
-0.0368,5604
0.289,963
0.233,2951
-0.0774,7890
0.0301,4305
-0.224,9091
0.326,605
-0.134,9332
-0.178,6638
-0.315,11000
-0.0401,7334
0.538,243
-0.125,7371
-0.254,9626
0.254,2397
-0.155,9402
-0.159,8089
-0.116,8191
0.0928,3127
0.119,3674
0.324,991
0.0564,3843
-0.0437,6963
0.342,1276
-0.0755,7120
0.0816,3125
0.435,1297
-0.0648,7682
-0.164,10698
0.105,3385
-0.149,8839
0.257,812
0.23,1622
-0.106,8081
-0.158,9414
0.0798,3166
0.0815,3267
-0.175,10206
0.0128,4934
-0.0775,7177
-0.155,9474
-0.0751,6600
0.0608,4079
-0.06,7735
-0.228,7687
-0.0104,5888
-0.0512,6686
-0.167,8300
-0.0272,6514
-0.158,6667
0.268,1240
0.0845,2678
-0.103,8448
-0.434,9496
0.206,2040
-0.425,10368
-0.0324,6906
-0.258,10971
0.232,1193
-0.24,10521
-0.256,10288
-0.348,10507
0.14,2198
-0.434,10709
-0.161,9470
0.462,301
0.49,636
0.16,2233
-0.0028,5389
-0.165,8897
-0.0788,5958
0.13,3008
-0.118,7687
0.124,3243
-0.283,9485
-0.193,8442
0.353,1572
-0.0716,5443
-0.619,9934
0.0584,3915
-0.018,6140
0.0307,4027
0.17,2081
0.172,1227
-0.333,9886
0.285,937
-0.0851,7897
0.0513,4076
-0.000583,5186
-0.246,9563
-0.107,8145
0.0516,3758
-0.046,5982
0.0795,4005
0.171,2139
-0.112,8589
-0.636,10960
0.00682,5185
0.0845,3307
-0.0408,8667
-0.368,10584
0.0408,4364
0.0682,4025
0.0966,3116
0.149,1469
-0.0319,6119
-0.115,8354
-0.0944,8572
-0.248,9996
0.311,785
-0.013,5956
0.0602,3774
0.71,1390
0.28,956
0.0724,3935
0.0109,5160
0.0329,4498
-0.044,6584
-0.155,8507
0.0749,4040
0.266,2640
0.8,651
0.126,825
0.0555,3760
0.211,1329
-0.259,8985
-0.0812,5933
0.695,1068
-0.262,9878
-0.128,8365
0.236,626
0.354,1346
-0.0198,5918
-0.0676,6337
0.0964,2619
0.199,1814
-0.0916,7956
0.287,1043
-0.328,10103
0.0559,3996
0.0827,3361
-0.0916,8562
-0.249,9373
-0.341,9882
0.251,919
0.25,1103
0.0124,5160
0.208,1081
-0.237,10527
-0.11,7120
-0.203,7307
-0.541,10640
-0.0613,7162
-0.159,10555
-0.155,8771
-0.0929,7327
-0.344,10878
0.416,1387
0.0153,4748
0.101,3302
0.0632,3665
-0.317,10862
-0.153,9877
-0.112,9226
-0.0444,6644
0.0742,3699
0.259,1860
-0.0822,7354
-0.148,9161
-0.201,8295
0.0106,5091
0.133,2619
0.112,3603
0.223,788
0.289,1972
-0.215,7973
0.0664,3499
-0.142,8562
0.0805,3884
-0.0163,6066
-0.0723,7565
0.715,391
0.235,647
0.251,151
0.37,2671
-0.0162,5574
0.3,836
0.0359,4522
-0.154,9474
-0.0934,7338
0.0223,5040
-0.338,9055
-0.0177,6206
0.0876,1915
-0.00716,5578
-0.0192,6251
0.0834,2816
-0.102,8219
-0.365,10041
-0.664,9185
0.168,1250
-0.0403,6437
0.234,839
0.15,2207
0.263,2324
0.0147,4764
-0.0212,6115
0.0734,2992
-0.0587,5257
0.00406,5078
-0.0116,6130
-0.0692,7230
-0.0216,5708
-0.594,8488
0.0103,5095
0.163,103
-0.0341,7603
-0.459,7214
0.27,3104
-0.0401,7077
-0.144,9912
0.263,892
0.16,2058
0.275,1665
0.508,222
-0.0058,5301
-0.136,8982
0.283,794
0.125,3588
-0.0115,5598
-0.0459,6322
0.0333,4287
-0.00069,5474
-0.264,10911
-0.147,8508
-0.07,6290
0.527,543
-0.0909,7189
-0.205,9790
0.0696,2526
-0.297,10978
-0.00597,5354
-0.217,7402
0.261,2003
0.142,1661
0.0419,4440
-0.0922,8474
0.0122,4849
0.376,321
-0.836,10685
0.0403,4252
-0.237,10817
-0.00379,5445
0.117,2590
0.0889,2558
-0.0391,5345
-0.146,9891
0.024,4687
0.0401,4430
0.101,2831
-0.0182,5387
-0.134,9058
-0.139,10023
0.107,2231
0.0198,4725
0.23,1681
0.145,1835
-0.133,8680
0.124,2432
-0.0178,6597
-0.00394,5286
0.0495,3791
-0.211,7856
-0.0182,5829
0.0397,3308
0.0249,4320
0.319,391
-0.0811,5315
-0.0396,6689
-0.102,6958
0.0735,2599
-0.0239,6290
-0.0278,6159
0.0133,4989
-0.0515,6649
-0.268,10121
-0.124,7444
0.0854,2471
-0.0184,5467
0.0552,3913
0.214,2444
0.271,1914
-0.216,10434
0.52,331
-0.145,9384
-0.112,7857
-0.251,10007
-0.164,7992
-0.0157,5618
0.0481,3269
0.0141,4913
-0.244,9996
0.23,874
-0.177,9341
0.043,3449
0.107,1925
-0.141,8997
-0.0932,6428
-1.23,9974
-0.00572,5788
0.0152,4597
0.0014,5346
-0.158,9510
0.000498,5483
0.505,215
0.114,3178
-0.189,9612
-0.152,9076
-0.64,10373
-0.75,10226
0.405,1035
-0.0774,5748
0.0664,3921
-0.531,10500
0.051,3550
0.391,832
-0.478,10513
0.232,1253
0.0665,2970
-0.149,8823
0.0589,3585
-0.968,11033
-0.258,10747
-0.00267,5193
-0.208,10170
-0.169,10240
0.0828,2411
-0.495,10334
0.121,3122
0.0449,3738
-0.177,9724
-0.13,9269
-0.027,5979
0.0831,4061
-0.00936,5770
0.166,2287
0.00429,5073
-0.0116,5818
0.0157,4910
-0.26,10320
0.56,272
-0.0546,6113
0.408,61
-0.0624,6932
-0.114,7944
-0.0288,6129
0.878,228
0.268,168
0.289,422
0.0513,3258
-0.0698,6350
0.00552,5220
-0.148,8467
-0.028,5762
-0.197,9291
-0.113,9262
-0.255,10587
0.415,1365
0.0881,2977
-0.04,6737
-0.165,9402
0.144,2189
0.0756,3489
-0.67,8540
-0.0701,6005
-0.176,10218
-0.0642,8470
0.397,213
0.759,1259
-0.408,10981
0.0257,4472
0.0464,3945
0.025,4820
-0.112,9105
0.915,196
-0.476,10256
-0.0908,8093
-0.104,8464
0.143,2037
0.0458,4099
0.196,2104
-0.238,9581
0.101,1428
-0.0928,6452
-0.242,10148
0.116,2630
-0.535,10308
0.0557,4465
0.0316,3760
0.0795,2822
0.107,2548
-0.253,10344
0.112,3250
-0.155,8461
-0.196,9206
0.0357,4189
-0.0556,6447
0.0765,2931
-0.0882,6715
-0.237,8957
-0.05,6889
0.063,3594
-0.174,8172
-0.0838,7221
0.0427,4407
0.177,1558
0.0387,4041
-0.0731,7909
0.23,1607
0.0938,4154
-0.0111,5360
-0.0588,6329
-0.0434,7444
0.0324,4287
-0.052,6698
0.0177,4705
0.0281,4691
0.0324,4790
-0.109,9244
-0.141,8217
-0.121,8154
0.0201,4486
0.00496,5101
-0.0063,5508
0.000379,5405
0.219,1104
0.0286,4659
-0.205,9004
-0.145,8571
0.0799,3582
0.242,252
0.0411,3299
0.387,586
-0.0822,7465
0.039,4471
-0.248,9835
-0.248,10451
-0.135,8359
0.238,536
-0.0665,7318
-0.445,10942
-0.0349,6670
-0.0228,6856
-0.642,10992
-0.0631,7539
-0.235,8121
-0.0912,7532
0.213,387
-0.0289,7173
0.123,2547
-0.00901,5490
0.267,759
0.00422,5069
-0.25,10887
0.0167,4770
0.0808,2651
0.225,2204
-0.809,10527
0.342,1595
0.235,1299
-0.0166,5622
0.0162,5150
-0.0682,8047
0.276,1470
-0.0963,6963
0.188,1043
-0.0349,7040
0.196,1063
-0.25,10343
-0.0948,8554
0.0198,4548
0.133,1515
0.194,974
0.213,2024
0.138,2762
-0.0503,6436
0.125,3546
-0.00533,5370
-0.108,7513
0.15,3581
0.183,2581
0.513,1754
0.129,3410
-0.173,9222
0.0444,3996
0.109,2611
-0.197,9898
-0.298,9852
-1.35,10917
-0.241,10669
-0.316,9191
-0.328,10370
-0.0627,6291
0.0842,3686
0.0795,3689
-0.0701,7509
-0.0847,7878
0.0274,4521
1.01,1040
0.338,675
0.164,1404
-0.119,7945
0.123,2349
-0.263,9339
-0.185,9164
0.173,3273
-0.106,5808
-0.0555,7223
-0.0254,6773
0.0947,2917
-0.0937,7676
-0.656,10592
-0.0239,5654
-0.12,8687
-0.0708,6875
0.172,1681
0.0295,4661
-0.0996,6956
-0.184,10006
-0.0658,7518
-0.0221,6275
-0.0424,6288
-0.0499,6353
0.00479,5205
0.214,1008
-0.0739,9046
-0.0993,7500
0.208,1934
-0.158,9519
-0.0951,7640
-0.0113,5762
-0.0988,9596
0.142,1532
-0.0596,6904
0.178,1087
0.49,1921
0.0742,4026
-0.0845,8674
0.0745,3501
-0.00368,5396
0.363,1384
0.138,1342
-0.759,10567
0.101,1414
-0.0313,7191
0.4,806
-0.22,8467
0.105,3183
0.216,2093
0.135,2706
-0.0164,5967
0.219,915
0.344,575
0.368,1103
0.337,318
0.0697,2300
0.403,792
-0.23,9905
0.0322,4321
-0.0336,6517
-0.101,6926
-0.145,9849
-0.148,9830
-0.082,6935
-0.376,9449
-0.386,10223
0.325,2584
-0.145,9978
0.028,4219
0.156,2034
0.0365,4746
0.136,3869
0.314,399
-0.145,9284
-0.129,9703
0.0314,4585
0.113,3058
-0.204,10269
0.0713,3260
-0.0487,7861
-0.044,6956
-0.187,8325
-0.0353,6670
0.346,1079
0.0493,4255
0.0102,4872
-0.519,10972
0.357,1050
-0.425,10388
-0.123,8695
0.251,1993
0.27,1522
0.0923,3077
-0.00876,5406
-0.15,10341
-0.0505,7313
-0.0207,5922
0.0501,4407
0.15,1342
-0.136,7797
0.144,1913
-0.029,6185
-0.126,8149
-0.164,8701
0.115,2715
0.112,3509
0.0259,4387
0.29,46
-0.156,9819
-0.391,10802
-0.162,8707
0.35,178
0.115,2507
0.206,1445
-0.134,8848
0.085,3814
-0.058,6555
-0.0674,6581
-0.0707,7583
0.279,623
-0.238,10220
0.197,1097
0.0946,3983
-0.0138,5935
-0.27,10429
-0.261,8986
-0.299,10682
0.252,737
0.14,2874
-0.225,8365
0.34,744
0.0347,3672
-0.0553,6788
-0.00596,5609
-0.066,6559
0.171,2545
0.141,1528
-0.0219,6390
-0.0281,5700
-0.502,10929
0.931,51
0.28,2022
0.0315,3948
0.0215,4471
0.132,626
-0.0929,6610
-0.0111,5244
-0.335,9222
0.197,1499
-0.0762,8422
-0.137,9689
0.02,4512
-0.227,9890
-0.0822,8426
0.111,2133
-0.116,7934
0.0674,3902
0.00531,5144
-0.228,10526
-0.103,8372
-0.0197,6455
-0.21,10004
-0.1,7889
0.061,3809
-0.163,8239
0.013,5105
0.312,1145
0.0182,4969
0.00341,5124
0.238,820
-0.242,8884
-0.166,8505
-0.0479,6338
0.00557,5213
0.173,1445
0.0246,4524
-0.478,10185
-0.0876,9247
-0.278,10441
0.237,2015
0.106,3214
-0.296,10065
-0.216,10722
0.0395,4439
-0.347,9975
0.183,2582
-0.197,8720
-0.218,8845
-0.072,6721
0.546,22
-0.0336,6763
-0.101,8228
-0.15,8583
0.342,1142
-0.302,10195
0.064,4026
0.143,2195
-0.11,8508
0.155,1807
-0.17,9434
-0.153,8970
-0.0287,6511
-0.02,6059
0.375,2065
0.16,2722
-0.151,8800
0.109,2982
0.0748,1938
0.291,505
-0.127,8467
-0.0884,7886
-0.231,10066
0.0378,4674
-0.334,10331
0.00628,5047
-0.179,9953
0.316,612
-0.247,10040
0.0378,4266
-0.225,9671
-0.171,9515
-0.152,7607
0.0338,4283
0.0196,5067
1.23,411
-0.0688,7865
0.143,465
-0.0397,6447
0.025,4542
0.00809,5033
0.327,2697
0.00531,5076
-0.2,10687
-0.225,10041
-0.515,10783
0.428,1218
-0.0604,6580
0.126,2186
-0.045,6554
-0.128,7920
-0.22,9733
0.0439,3863
0.616,2023
0.00848,5119
0.164,1328
-0.225,9962
-0.202,9227
-0.0238,5867
0.0226,4611
-0.118,10254
-0.000893,5619
0.141,1784
0.391,96
0.166,1520
-0.289,8334
0.0237,3964
-0.0326,5796
0.0517,4314
-0.0913,7955
0.22,1340
0.125,1551
0.045,3532
-0.166,10655
0.585,106
0.0101,5097
-0.05,6686
0.148,2281
-0.124,9565
0.0599,2636
-0.0579,7115
0.325,665
-0.21,8985
0.423,1425
0.0483,4128
-0.0311,6514
-0.24,9828
-0.173,7552
-0.0308,5946
0.369,424
0.0978,2099
-0.266,10471
-0.165,7955
0.0632,3885
0.708,525
-0.161,8746
-0.137,10793
-0.0112,5747
-0.0203,5565
0.249,1037
0.248,2258
0.0198,4666
-0.0286,6129
-0.0953,9148
0.182,1110
0.306,783
-0.148,8291
-0.0394,6312
-0.103,9552
0.0358,3835
-0.424,10024
-0.115,9134
0.0385,4719
0.351,2102
-0.0974,8259
-0.158,9284
0.0112,4847
0.072,4287
-0.158,7964
0.325,1774
-0.172,9450
-0.103,8107
0.266,1282
0.462,518
0.123,2257
0.0173,4990
0.0198,4936
0.0247,3980
-0.307,10120
0.0557,3890
0.626,1039
0.109,3459
0.0531,2940
-0.00254,5337
-0.449,10691
-0.0487,6053
-0.435,9691
-0.0673,6132
-0.151,8867
0.0735,3871
-0.139,9113
-0.142,9466
-0.222,10653
-0.00269,5082
-0.0124,5957
-0.0457,6534
-0.0158,5662
-0.304,10798
1.22,972
-0.474,8980
0.0109,4978
0.156,1890
0.0812,2476
0.104,3601
-0.135,8530
-0.261,7969
-0.00048,5474
-0.0587,6637
-0.167,9089
-0.753,9624
0.37,317
0.219,2342
0.0417,3459
-0.313,10545
0.0989,3119
-0.207,8996
0.189,1295
-0.395,10518
0.114,2135
0.0166,4731
0.26,1203
-0.0824,7187
-0.34,10748
-0.0161,5267
-0.0239,6292
0.0397,4239
0.283,600
-0.0727,7129
0.105,3561
0.0634,4287
0.0355,4095
0.077,2834
0.116,2609
-0.272,10837
-0.0359,5671
0.262,1421
0.167,1001
-0.0314,5987
-0.125,7625
-0.205,9568
-0.0248,6636
-0.184,7367
0.0497,3309
-0.00675,5795
-0.184,10429
-0.0137,5881
0.269,960
-0.0816,7569
-0.491,10895
-0.1,8805
-0.193,10528
-0.076,6484
0.483,326
-0.103,5886
-0.577,9785
0.0835,1533
0.0845,2011
-0.223,9026
0.115,1966
-0.0327,5888
-0.971,11024
0.0047,5014
-0.0555,8967
-0.217,6861
0.107,3821
0.339,2274
0.539,579
0.788,275
0.0356,3971
-0.658,11024
0.0964,3564
-0.0611,7309
0.0938,1291
-0.202,10540
0.186,1634
0.0562,4030
-0.0726,6455
-0.213,9399
0.0551,4080
-0.0535,7558
-0.0356,6144
-0.0677,6304
0.61,655
-0.076,6588
0.00757,5188
0.107,3151
0.236,1645
-0.154,8377
-0.243,9593
-0.443,10031
-0.079,6925
-0.327,11001
-0.193,10318
0.402,2539
0.0216,4985
0.158,3370
0.0835,3903
-0.209,10765
-0.0586,7576
0.146,3729
-0.205,7206
0.35,2873
-0.525,10279
-0.17,9987
-0.0837,4431
-0.0281,5585
-0.0896,6953
0.125,2632
0.0733,4430
0.023,5010
0.264,1112
-0.033,6342
-0.14,8359
0.0504,3651
0.289,329
-0.067,6732
-0.158,8823
0.000842,5319
0.255,2330
0.0587,4286
-0.063,6914
-0.000922,5522
-0.0211,5274
0.0464,3429
-0.052,6900
-0.035,5763
0.118,2550
0.0493,3577
-0.181,9588
-0.226,10436
0.207,1361
0.0167,4574
0.0415,3683
0.00115,5206
-0.552,10984
0.0307,4699
-0.0653,6681
-0.0479,5985
0.0319,3387
0.428,1999
-0.251,7724
-0.17,8052
-0.266,10040
0.179,1444
0.011,5039
0.0132,5024
-0.0229,5981
0.344,291
0.303,498
-0.103,9304
0.24,751
-0.299,10697
-0.0961,7671
0.0716,3834
-0.408,10522
-0.0519,7656
-0.00204,5436
-0.226,7974
-0.376,8311
-0.285,6924
0.0339,4176
0.0549,4005
-0.015,5598
0.152,2776
0.0465,4004
-0.0473,6614
0.163,1053
-0.199,10610
-0.387,9757
-0.144,8351
-0.24,8490
0.0748,3680
-0.0585,7518
0.189,1272
-0.0765,6753
0.117,2261
-0.561,10533
0.427,939
0.11,1673
-0.185,8914
0.151,2156
-0.155,8826
-0.135,8636
-0.166,9902
-0.13,9533
-0.0461,6698
-0.417,10503
-0.263,9471
0.228,1184
-0.247,6748
-0.0834,8424
0.148,2914
-0.0569,6117
-0.166,9548
0.0835,3678
-0.0032,5574
0.107,3575
0.0888,3691
0.0697,3613
0.00452,5374
-0.208,9547
-0.0165,6159
-0.00523,5233
-0.0828,9226
0.224,1015
0.162,2134
0.24,1321
-1.25,10847
0.187,1037
-0.139,9455
0.0498,3831
-0.0833,8086
-0.3,8736
0.809,455
-0.0331,6519
0.0725,1575
-0.209,8653
0.0531,3987
-0.254,9804
-0.0408,6384
-0.465,10988
-0.516,11018
0.0926,3626
0.412,205
-0.0214,5862
0.116,2796
0.0678,1740
0.0467,3358
-0.196,9802
0.058,3505
-0.179,8421
-0.267,10842
0.473,1287
-0.0269,6121
-0.133,7774
0.113,3480
0.238,609
-0.405,10530
-0.106,9054
-0.065,7276
0.294,462
-0.00855,5311
-0.337,10155
-0.292,9833
-0.165,10221
0.0612,4082
0.117,2924
-0.0282,6271
0.0059,5000
-0.0744,7803
-0.278,10255
0.0236,4488
0.356,79
0.222,977
0.258,1084
0.193,3020
-0.0507,6776
0.0585,3564
0.193,464
-0.407,10980
-0.443,10953
-0.00696,5457
0.124,1229
0.0436,3569
0.231,2119
-0.0685,6573
0.239,1919
0.267,1684
0.366,97
-0.0931,7111
-0.0753,6131
0.257,976
-0.186,7799
-0.161,8965
-0.164,9560
0.0547,3769
-0.284,9744
-0.333,9980
0.564,1352
-0.295,10173
0.265,1293
-0.147,9960
0.0271,4331
0.141,3083
-1.13,10823
-0.0931,8147
-0.311,9979
0.205,1615
0.00334,5330
-0.0896,7025
-0.0247,6530
-0.162,8964
0.00114,5459
0.134,2382
0.0521,4204
0.159,2991
-0.013,5204
0.115,1293
0.0515,3968
-0.841,10406
0.179,2535
-0.584,11027
0.106,2030
0.0776,3096
-0.00779,5578
-0.0333,7055
-0.0987,8330
0.175,1940
-0.0472,7139
-0.0736,8022
-0.279,10882
0.13,2216
-0.0771,7861
0.0522,4076
0.256,143
-0.063,7439
-0.0437,7238
-0.116,7412
-0.138,9577
0.082,4083
0.0515,4213
0.127,2650
-0.0832,8009
0.168,1046
0.128,2421
0.374,154
0.177,2243
0.18,1745
0.0395,3331
0.129,2732
-0.0483,6038
0.0476,3394
-0.264,10697
-0.015,5552
0.0621,2277
-0.0623,7029
-0.321,10466
-0.0807,6519
0.241,2578
0.0207,4467
-0.0856,8960
-0.118,7079
0.218,1114
0.0963,3154
0.127,3664
0.0346,4320
-0.145,8782
0.381,2042
-0.0866,7473
0.128,2628
0.142,1663
-0.201,9397
-0.22,9741
0.0469,4168
0.136,2408
-0.26,7770
0.358,1452
-0.114,9074
-0.0536,8491
0.0453,3995
-0.00772,5605
0.0574,2829
0.128,3092
-0.0578,7483
-0.124,9259
0.0436,4275
-0.0821,8060
0.17,3421
0.325,681
0.197,720
0.0262,4026
-0.000187,5175
-0.112,8692
-0.0218,5406
-0.0175,5792
-0.0507,6999
-0.0243,5920
0.39,869
0.0964,3760
-0.25,9818
-0.0029,5426
1.49,414
-0.0147,5828
0.0102,5087
-0.0696,7107
0.612,227
0.0805,2652
-0.0968,8636
0.0223,4967
-0.627,10604
0.0272,4759
-0.0433,6834
0.238,1614
0.0938,2933
-0.169,8506
0.187,571
0.0507,3961
-0.0718,7714
-0.121,6413
-0.037,8223
0.208,573
-0.0327,6361
-0.267,10409
0.0651,4248
-0.0195,5883
-0.199,9481
0.0854,2660
0.00687,5113
0.24,1112
-0.25,10476
0.285,2225
0.0601,4286
0.0798,3062
-0.0521,6129
0.0771,3343
-0.292,9243
-0.301,10693
-0.192,10291
0.108,2561
0.0878,2710
0.251,1173
0.0181,4797
0.00998,5049
-0.451,10775
-0.162,8802
-0.181,9384
0.398,571
-0.0651,7462
0.0369,3906
-0.00596,5539
0.0407,4472
0.172,2199
-0.433,10023
0.412,649
0.12,3057
-0.038,6950
0.0296,4538
0.00894,5199
0.157,2502
-0.426,9517
0.374,1690
0.0918,1634
-0.102,7438
-0.478,10824
0.495,110
0.0235,4677
-0.0335,6259
0.0873,2566
-0.039,7088
0.274,2488
0.213,1369
-0.0645,5889
-0.0824,6481
0.334,358
0.211,2333
0.107,2468
0.198,2111
-0.177,9917
-0.205,7704
-0.0169,6382
0.208,164
0.214,1370
0.0898,3704
0.759,40
0.0124,5010
0.057,3623
0.108,1822
-0.0416,6725
0.084,2322
0.62,162
-0.398,10960
0.000736,5267
0.147,2613
0.0689,4146
0.159,1506
-0.116,8051
0.712,47
-0.0313,5829
-0.0025,5861
-0.0675,7070
0.207,2187
0.082,4063
0.043,4097
0.022,4460
-0.232,10079
0.829,1319
0.412,163
-0.481,10773
-0.0203,5997
-0.0678,7151
-0.0255,5900
-0.263,10379
-0.0497,6732
0.0557,4001
0.144,1739
0.00226,5266
-0.0706,9205
0.186,2661
0.0724,3310
0.542,557
0.141,1888
0.0668,3378
0.137,1968
-0.128,9210
0.103,3412
-0.173,10325
-0.0251,5563
-0.0369,7871
-0.0779,7770
0.368,734
0.239,1277
-0.19,9202
0.0341,4655
-0.0892,8579
0.115,1933
0.394,577
-0.0485,6123
0.00686,4995
0.00511,5042
-0.00876,5942
0.0663,3312
-0.0818,7272
-0.259,10862
0.0394,4417
0.0803,3620
0.00339,5088
-0.0277,6992
-0.369,10641
-0.0936,7509
-0.238,10082
-0.0838,7384
-0.0445,6703
0.0622,3423
0.422,397
-0.164,6568
0.134,2938
-0.198,9420
0.0285,4436
-0.279,10213
-0.478,8682
-0.268,9979
-0.418,10662
0.037,4518
0.0297,3542
-0.036,6414
0.00289,5075
-0.0081,5794
0.0456,4143
-0.141,8270
-0.012,5980
0.0211,4656
0.128,3008
0.353,792
0.181,2205
0.0643,3985
-0.137,10267
0.553,9
0.0838,3808
-0.281,9954
0.319,283
-0.0357,5768
-0.182,10093
0.0036,5053
-0.271,8435
-0.184,8081
4.29,30
-0.432,10573
0.231,534
-0.101,8286
0.0173,4950
-0.434,10788
-0.105,8872
0.072,4009
0.067,3215
-0.355,10995
-1.08,10755
-0.00887,5554
0.0972,1998
-0.251,9552
0.0367,4473
0.0255,4602
-0.02,3977
0.0677,4276
0.182,1718
-0.228,7587
-0.307,10105
0.00616,5365
0.2,3171
-0.0351,6793
-0.0277,5569
-0.0647,7478
0.0351,4240
0.286,510
-0.153,8052
0.153,2505
-0.214,7409
-0.0761,6723
0.137,3175
-0.0644,6553
0.116,3059
-0.0773,6754
-0.303,6313
0.000597,5287
0.0816,2206
-0.0912,6758
0.377,1274
-0.216,7697
-0.247,8777
-0.00682,5568
-0.092,7352
0.0142,4838
0.11,3547
0.315,647
-0.577,9591
0.309,1820
0.0408,3880
-0.0923,7676
-0.154,8179
0.0876,2307
0.273,2576
0.47,193
-0.0702,8099
0.163,1423
-0.14,6639
-0.0286,5608
1.29,645
-0.0705,6443
-0.0326,6165
-0.089,9321
-0.096,7248
-0.0531,6871
0.154,2925
-0.0612,7285
0.138,2141
-0.0892,8578
0.125,3127
0.175,1940
-0.399,10759
0.145,2410
-0.246,10744
0.0538,3126
-0.105,7215
0.434,505
0.368,1617
0.416,942
-0.117,9384
-0.082,8978
-0.343,10769
0.661,1133
0.358,1304
-0.244,9795
0.324,355
-0.153,10781
0.197,1511
-0.0689,6594
-0.177,9986
0.0225,4542
-0.228,10279
0.0573,3021
0.415,1402
-0.352,10840
0.26,1435
-0.0755,7091
0.0307,4377
0.155,1660
-0.0642,7508
-0.0442,7650
0.0837,3415
-0.0605,6346
-0.0601,8074
-0.16,8282
-0.308,10875
-0.125,7464
-0.184,8029
0.323,562
0.0146,4742
-0.0483,6189
0.185,1475
-0.234,8669
-0.26,10058
1.16,561
0.00335,5195
-0.246,9282
0.297,1644
-0.139,6492
0.195,2046
0.411,130
-0.272,10658
0.0202,4571
-0.0267,6597
0.243,865
0.0287,4679
-0.301,10443
-0.00818,5708
-0.177,9452
0.0233,4841
0.0378,3801
0.289,2307
-0.0897,7164
-0.0267,6698
0.128,1757
0.00641,5117
-0.0766,6878
-0.2,9066
0.0327,4451
0.0267,4371
0.258,447
-0.154,9755
0.15,2310
-0.0703,6312
0.0252,4988
0.0268,4344
-0.0573,7674
-0.235,9114
0.896,1039
0.0803,2827
-0.0651,6963
0.192,1218
0.0236,4681
0.117,3154
0.0919,1839
0.0182,4943
0.0535,3476
-0.0255,6325
0.0361,3319
0.0316,3854
0.264,198
-0.186,10491
0.124,1904
-0.071,7139
-0.252,9117
-0.321,10930
-0.0568,6548
-0.00527,5522
0.0479,4363
-0.126,8499
0.0259,4195
-0.312,9240
0.0732,3528
-0.014,5986
0.149,2062
1.24,220
0.0403,4519
0.0997,2737
-0.269,10657
-0.0598,7222
0.515,2296
0.0586,3664
0.0828,3838
-0.173,9723
0.11,2239
-0.0772,5818
0.199,1405
-0.235,9585
0.219,1926
-0.348,10656
-0.00449,5576
0.155,2502
-0.241,10232
0.112,3224
-0.0458,7425
0.205,1806
-0.131,7608
1.16,1103
0.912,261
-0.124,8345
-0.164,9542
0.126,2474
-0.0966,7922
-0.239,8978
-0.103,6126
0.257,1240
-0.0853,7812
-0.0299,6688
-0.369,10489
0.0114,5142
-0.128,6779
-0.00153,5380
-0.136,10646
-0.0385,6358
0.373,365
0.0828,3500
0.176,1072
0.17,941
0.107,3377
-0.284,9124
0.083,2900
0.118,2937
-0.107,8236
0.0913,2775
0.403,353
-0.0324,5677
0.00143,5002
0.85,170
-0.0968,6083
-0.206,10570
-0.121,9676
0.202,1154
-0.0432,6150
-0.291,10001
0.0106,4831
-0.102,8632
-0.00999,5351
0.0966,2807
0.105,2860
-0.273,10943
-0.0352,6204
-0.0515,6947
-0.116,8007
-0.243,9711
0.0197,5117
-0.574,10793
-0.00873,5141
0.189,800
-0.0139,6052
0.0971,2950
0.43,551
-0.0369,5887
0.0799,4162
-0.00533,5400
-0.122,8605
-0.0685,6899
0.373,1013
-0.168,8645
0.0276,4711
0.00153,5119
0.0549,4164
-0.00261,5381
-0.105,7402
-0.099,7830
-0.0615,7646
-0.0882,8365
0.289,306
0.327,1701
0.522,704
-0.41,9564
0.0537,4238
0.104,2348
-0.32,11003
-0.301,10106
0.144,1867
0.167,2544
0.0555,4116
-0.0516,6664
0.183,768
-0.465,10997
0.147,2898
-1.23,10032
-0.187,9252
0.0898,2758
0.345,620
0.396,285
-0.0996,6656
-0.138,5932
0.317,1581
-0.099,9494
-0.0744,7974
0.245,1277
-0.131,8220
-0.287,8569
-0.0582,7299
0.0684,3324
0.114,3260
-0.442,10536
0.334,603
0.162,2505
0.228,728
0.202,562
-0.0172,5827
0.864,207
0.024,4667
-0.286,10719
-0.599,10277
0.0539,3236
0.113,2869
-0.212,10315
-0.439,11027
0.0683,3908
0.866,343
0.147,3548
0.00726,5138
-0.308,9080
-0.0361,6516
0.00195,4923
0.188,1983
-0.147,9984
0.247,1410
0.00612,5324
0.144,2534
-0.261,8315
0.46,1978
-0.0518,7620
0.149,1249
0.251,1670
-0.102,6367
0.123,3544
0.0775,3351
-0.0156,6182
-0.17,10300
-0.0351,6328
-0.0609,6840
-0.185,7333
-0.125,9249
0.159,2106
-0.0233,5693
-0.0923,8262
-0.0828,6728
-0.0932,7459
0.13,2487
0.0486,3895
-0.0583,7121
-0.0173,5153
-0.195,10198
0.167,1851
-0.154,9068
-0.0508,6299
-0.131,7827
0.112,2847
-0.101,8001
0.19,1619
-0.107,7082
-0.043,6705
0.0486,4459
0.236,1193
-0.0295,6505
0.273,944
-0.0429,6563
0.0635,2051
0.175,582
0.106,3656
-0.191,9127
0.175,2294
0.13,1097
0.152,2318
0.0115,5033
3.59,128
0.269,1276
-0.407,9788
-0.0172,5289
-0.0613,5909
-0.102,8729
-0.197,8778
-0.242,9421
0.249,514
-0.287,9284
-0.121,8863
0.0554,1999
0.813,243
-0.291,10616
-0.707,9206
0.0142,4985
0.106,2781
-0.0411,6766
0.206,2211
0.188,2189
0.121,2710
-0.113,8175
-0.12,9793
0.17,1155
-0.46,9875
0.172,2168
-0.0486,6305
0.55,1916
-0.189,8000
0.0909,2715
-0.0155,5904
0.0231,4972
-1.03,10651
0.254,1752
-0.151,9983
-0.00345,5465
0.0676,2816
0.0831,2967
0.125,1839
-0.005,5491
-0.0572,7291
0.0944,3081
0.411,341
0.0339,4663
-0.259,8543
-0.00164,5153
-0.00173,5271
-0.127,8831
0.132,2856
-0.224,9253
0.0372,4080
0.144,2769
-0.00763,5676
0.0544,3882
-0.136,8261
0.121,1376
-0.242,9013
-0.193,8046
0.012,4817
0.127,999
-0.32,10637
0.319,464
0.0237,4873
0.0664,3885
-0.119,10079
-0.0146,5914
-0.0585,6957
-0.484,10731
-0.00553,5195
-0.239,10081
-0.000359,5495
-0.0929,8667
-0.013,5163
0.355,1026
0.00235,5242
-0.319,7280
0.00342,4948
0.157,810
0.0572,4250
-0.134,9146
0.113,3947
-0.018,6057
-0.0358,7043
-0.3,11027
0.0155,4944
0.0138,4721
0.359,1582
-0.0302,6235
-0.193,8927
-0.144,10137
-0.158,8849
0.263,2456
0.0378,4023
-0.168,6144
0.0302,4704
-0.0482,7064
-0.148,8152
0.127,3281
-0.168,9208
0.0614,4284
0.0655,3394
0.0223,4619
-0.696,10336
3.48,303
-0.155,9722
-0.0296,6312
0.287,1591
-0.402,9693
0.115,3176
-0.181,10018
-0.0415,6610
-0.245,9430
0.228,2714
-0.0294,5365
-0.0697,6086
-0.0463,7525
-0.128,9706
-0.0799,7229
-0.0505,7172
-0.0167,5902
-0.36,10954
-0.0065,5448
-0.209,10647
0.063,4327
-0.149,8296
0.0215,4997
-0.142,8647
-0.0346,6490
0.138,1056
0.0286,4910
0.022,4760
-0.578,11024
0.0891,3769
-0.294,10502
-0.119,8698
-0.224,7208
-0.16,7155
0.102,2715
-0.0114,5478
0.21,629
-0.172,10338
-0.527,9738
-0.0148,6033
0.0268,4760
0.0656,2351
0.0672,2599
-0.111,9810
-0.713,8803
-0.862,9973
0.954,719
0.219,2755
-0.109,8673
-0.0155,5790
0.807,1393
-0.0342,5127
2.14,426
0.12,3828
1.23,229
-0.648,10100
-0.156,8753
0.319,1018
0.118,1771
0.123,1118
-0.661,11009
-0.00657,4930
0.505,1577
-0.159,6244
0.0231,5010
-0.119,7919
0.0372,4274
-0.0195,5683
0.186,2156
-0.0367,6216
0.098,3143
0.303,471
-0.0723,6871
0.0629,3706
-0.342,10092
0.0447,3289
0.197,194
0.206,1750
-0.344,10932
-0.0536,7273
-0.0457,6656
0.0157,4879
-0.0652,7082
-0.127,10327
-1.91,11023
-0.492,10722
0.25,2295
0.35,1489
-0.0617,6504
0.267,1370
-0.66,9619
0.0208,4872
0.348,587
-0.0354,5797
0.0134,4745
0.744,273
0.125,3314
-1.18,10449
0.344,1381
0.153,398
0.0114,4310
-0.243,9633
0.0261,4821
-0.219,8697
-0.154,8917
0.0555,3521
0.033,4704
0.15,1950
-0.194,9167
0.0575,4247
-0.054,6320
-0.0658,6862
-0.081,9190
0.0406,4757
-0.129,7567
-0.053,5989
0.0163,5087
0.0513,3966
0.0644,3895
-0.295,10661
-0.164,9312
0.0557,4322
-0.261,8913
0.178,2916
-0.0198,6342
0.00615,5205
-0.0183,5472
0.115,2765
-0.103,8990
0.0493,3551
-0.0551,7272
0.248,1969
0.249,1696
-0.228,10649
0.512,1662
-0.178,10759
-0.0355,6661
0.121,3484
0.507,329
-0.107,7370
-0.166,8943
-0.0487,6895
-0.203,8633
0.222,1912
0.18,2081
0.0738,3799
-0.0135,6260
0.0758,2698
-0.103,8512
0.452,1344
0.154,1931
0.218,1690
0.00149,5526
-0.158,9658
-0.0576,7537
0.0476,3661
-0.235,8854
-0.184,9283
-0.0138,5618
0.00296,5450
-0.123,9888
-0.157,9836
0.0227,4460
-0.144,7242
0.532,249
0.07,2935
0.0428,4183
-0.113,8185
0.0614,4153
0.303,859
-0.0447,6507
0.0955,2408
0.126,2228
-0.0949,7272
-0.114,7949
-0.482,11012
-0.114,8491
-0.0538,6504
0.317,5
0.013,4953
-0.168,8914
-0.0341,6757
0.211,743
-0.145,9645
0.172,2811
-0.303,10666
0.00721,5120
0.644,2053
-0.0946,8994
0.0882,3267
0.163,1655
1.34,537
0.227,2440
-0.44,10871
0.15,1467
0.0578,3265
-0.0457,6320
-0.192,9686
-0.0423,6099
0.154,1972
0.145,1956
-0.0472,7165
-0.228,8225
-0.172,9754
-0.527,10960
0.171,1966
-0.431,10800
0.036,3865
-0.201,10092
-0.0595,6545
-0.0166,5857
0.507,990
-0.0957,8087
0.258,283
-0.131,6919
-0.216,7787
-0.315,8631
-0.218,10402
-0.311,10230
-0.172,9052
-0.436,10826
-0.297,9526
0.0594,4387
-0.0345,6239
-0.209,10385
-0.0741,7759
0.141,2480
0.0505,3802
-0.0132,5670
-0.0212,5997
-0.0866,7466
0.124,3037
-0.102,8195
-0.196,9525
-0.0403,6659
0.0634,3496
0.297,746
0.0579,3794
-0.0448,6689
0.116,2949
0.284,764
0.0813,1749
-0.0326,7524
-0.0257,5850
0.0757,3341
-0.112,7927
0.638,603
0.116,2467
-0.153,8680
-0.13,7335
0.12,2940
0.235,936
0.33,827
0.037,4361
-0.195,9570
-0.00886,5654
-0.193,7754
-0.277,6354
-0.0432,6063
0.613,189
-0.188,10954
-0.0183,5898
-0.211,7771
-0.222,9284
-0.0782,7481
-0.109,10361
0.0195,4153
0.553,447
-0.0209,6222
0.302,802
0.272,246
0.0163,4740
0.0166,5095
0.0488,4162
0.0589,4232
0.0262,4380
-0.121,8503
-0.0149,5958
0.181,523
-0.0253,5737
-0.0292,6092
-0.201,8774
-0.0461,7224
0.303,1059
0.129,2013
-0.183,9526
0.0689,3306
-0.606,10461
-0.0576,6371
-0.0713,7674
-0.0726,7274
0.064,4024
-0.141,8478
-0.105,6597
-0.2,9624
-0.00438,5195
-0.0222,6185
0.154,2315
-0.428,9944
-0.00159,5357
0.104,2968
0.0976,1009
0.251,681
-0.0907,8411
0.000806,5386
-0.171,8982
0.28,1385
0.159,1292
0.125,2570
-0.0367,6276
-0.0851,7963
0.233,2562
0.17,3736
0.189,1092
0.0813,2371
0.209,1741
-0.075,6637
0.325,1129
0.345,436
-0.1,8221
0.105,1038
-0.0901,7219
-0.119,8198
0.0245,4793
-0.0624,7301
-0.0284,6187
0.0341,4249
-0.376,10593
0.308,359
0.181,2322
0.3,2861
-0.0517,6895
-0.261,10244
-0.13,7926
0.00257,5149
0.0661,3639
-0.0428,6136
0.0676,2752
0.13,1176
-0.156,8508
0.0547,3940
-0.154,8928
-0.109,7940
0.00259,5328
-0.013,5621
0.043,3817
0.0159,4832
0.173,2788
0.201,888
0.0443,4442
0.269,1164
-0.179,10132
0.344,2481
-0.0761,6761
-0.0329,7520
0.216,649
0.176,1045
0.294,596
-0.0361,5236
0.144,2456
0.0342,3689
-0.0508,7405
-0.158,9096
-0.0395,7073
0.0602,3298
0.509,1025
0.12,1821
-0.146,8216
-0.205,10341
0.425,790
-0.644,10887
-0.0818,6367
0.00273,5616
-0.0986,8647
0.0172,4993
0.18,2124
-0.376,9776
-0.205,10605
-0.0414,6795
0.347,78
-0.0446,6097
0.0532,4082
-0.22,9235
-0.162,7303
-0.00933,5275
0.0329,4516
0.0109,5019
-0.0643,7079
-0.276,10387
0.146,3618
0.126,2604
-0.614,11023
0.0995,3674
0.317,476
0.228,1429
-0.0848,6988
-0.151,9434
0.0638,3765
-0.129,8643
0.152,2499
-0.00889,5537
-0.405,10411
0.134,2377
-0.0412,6908
-0.15,8368
-0.0822,5966
0.343,1021
-0.00158,5316
-0.104,8839
0.0162,4944
-0.101,8287
-0.0245,5623
0.0698,2854
0.0674,3807
-0.507,10926
0.0265,4368
-0.0972,7113
0.0311,4698
0.2,1533
0.0388,4303
0.0164,4788
-0.0157,5945
0.209,1438
-0.12,8649
0.00985,4354
0.147,3109
0.00922,5169
-0.068,8042
0.147,1568
-0.145,7663
0.0613,4350
0.0583,4089
-0.0242,6247
-0.0596,8347
0.0692,4071
0.142,1378
-0.23,9633
-0.116,8398
-0.167,8971
-0.319,10884
-1.19,10352
0.0915,3895
-0.049,6249
-0.0159,5617
0.0108,5136
0.141,868
-0.0754,6563
0.353,1536
-0.255,9564
-0.256,7389
-0.0908,9887
-0.127,9144
0.49,817
-0.179,10278
-0.112,6379
0.00331,5204
-0.116,9151
0.0341,4106
0.271,1090
0.248,2083
-0.0409,5724
0.135,3234
0.0643,3755
0.0977,3342
-1.48,10838
0.024,4489
0.0652,3311
-0.0617,6761
0.00411,5075
0.226,111
-0.231,9324
-0.145,8564
-0.00391,5025
0.135,1651
0.169,1911
-0.405,10927
0.295,1723
0.261,835
-0.0409,6424
0.162,2320
0.206,568
-0.048,6790
0.547,1778
-0.0899,7904
-0.211,10706
0.383,821
-0.0162,5840
-0.0645,9147
-1.28,10938
0.529,2361
-0.0288,6077
-0.294,10132
0.106,2859
-0.0901,8541
-0.0932,7443
-0.0207,5756
-0.209,9115
0.111,1294
0.0712,1863
-0.241,10236
-0.225,9282
-0.104,5966
-0.0483,6036
-0.178,7256
0.0295,4708
0.111,3160
-0.0842,8455
0.0917,2814
-0.107,7865
-0.0134,5514
-0.0644,9687
-0.096,8118
-0.165,7886
-0.245,9913
0.065,4504
-0.06,6627
-0.11,8610
-0.0761,5777
-0.0226,5814
0.306,1200
0.451,964
-0.0472,5818
0.172,1903
-0.228,6672
-0.362,10973
-0.113,7462
-0.191,9088
-0.575,10308
0.279,509
-0.204,10728
0.0479,4112
-0.302,10268
-0.101,8592
0.0406,4673
-0.0622,6926
-0.0487,6547
0.139,2074
-0.134,8099
0.176,1685
0.0838,3919
-0.668,9904
-0.263,9083
-0.182,9410
0.106,3091
-0.232,10384
0.459,643
0.24,359
-0.211,10776
-0.0208,8498
0.348,1055
0.125,3342
-0.00285,5099
0.237,1169
-0.331,10896
0.142,1917
-0.0405,6822
0.0028,5249
-0.0974,6958
-0.28,8871
0.146,776
-0.0329,6382
-0.113,8417
0.119,2255
-0.34,10711
0.429,424
0.0758,1028
-0.025,6619
-0.158,9014
0.0726,2585
-0.0254,6226
0.202,2861
0.109,3119
-0.196,9703
-0.235,8954
-0.366,10707
-0.069,7441
-0.201,9845
-0.264,10496
-0.0498,6652
-0.09,7040
-0.149,8362
0.0174,4929
0.21,898
-0.305,10200
-0.284,7874
0.00291,4861
-0.125,8475
-0.0944,7981
-0.0319,7056
0.245,3029
0.051,4160
0.392,1046
0.352,443
0.175,844
-0.355,10937
-0.0548,7605
0.0385,4097
0.0159,4983
0.109,3411
-0.277,10964
0.0854,1278
0.203,2332
0.271,1662
-0.489,10968
0.113,3806
0.0407,4150
0.145,1528
0.178,2051
0.105,2902
-0.113,6347
-0.131,9630
-0.0932,8166
-0.175,9124
-1.19,10847
-0.088,7877
-0.206,7671
-0.0328,5752
0.0861,2460
-0.0312,6256
-0.0726,7534
-0.0507,5869
-0.00603,5421
0.151,1820
0.0975,2084
-0.0694,7649
-0.0194,5822
-0.278,9874
-0.258,7995
0.129,1780
0.205,2142
-0.159,9056
0.0592,3051
0.0267,4048
0.0872,3334
0.269,967
-0.0311,6430
-0.0833,6740
-0.0821,7793
0.141,2366
-0.0978,7641
0.0146,4702
0.0432,4323
0.187,2719
0.124,2106
0.0774,4199
0.255,1277
-0.247,10049
-0.118,9351
0.171,757
-0.175,9161
0.212,1643
0.371,528
0.0939,1426
-0.27,10561
-0.101,9821
-0.162,7786
0.129,1972
-0.203,9591
-0.511,10841
0.291,715
0.0517,4069
-0.052,6569
0.0734,3852
0.534,696
0.252,832
-0.0589,7975
-0.0548,6605
-0.128,7666
0.147,1290
0.0934,3395
-0.0604,7236
0.0133,4905
-0.0507,6686
0.043,4398
-0.54,10370
-0.493,9339
-0.183,10210
-0.0153,5794
0.0631,3818
-0.236,9800
0.155,1514
-0.189,8189
-0.315,9068
0.17,1020
0.0678,2909
-0.251,9268
-0.0839,6845
-0.175,9202
0.157,1914
0.144,1893
-0.132,8349
-0.209,10223
-0.184,9176
-0.15,8645
0.0676,3959
0.0255,4405
0.193,1402
-0.000511,5400
0.139,1785
-0.473,10737
0.165,2876
0.24,1048
-0.0591,7233
0.0695,3723
0.0402,4651
-0.26,9967
-0.186,10128
-0.271,8974
0.294,467
0.141,2767
0.263,1144
-0.194,9689
-0.238,9696
-0.00177,5317
0.012,4922
-0.339,10598
-0.0615,6044
0.751,367
0.151,1913
0.114,2010
0.0327,4331
0.19,1154
0.176,2616
0.236,628
0.0323,4560
0.234,1468
0.184,496
-0.259,8407
-0.0665,6478
0.0875,2692
-0.378,9962
-0.0748,8154
0.106,1861
-0.118,8522
-0.235,10108
-0.143,9653
0.133,1911
0.254,774
-0.173,8754
-0.208,10499
0.0818,3691
0.172,3388
-0.15,10246
-0.0709,7030
-0.0789,7743
0.046,4040
-0.465,10911
0.142,3114
0.38,1113
-0.227,10299
-0.161,9807
0.394,736
-0.168,8404
0.0519,3717
-0.0396,6366
0.102,1317
-0.162,10623
-0.0759,6639
0.559,1180
0.135,3213
0.209,1542
-0.156,9895
-0.0898,8529
-0.132,8484
0.177,1250
0.0037,5112
-0.0822,6615
0.176,1849
0.0211,4308
-0.212,9389
0.123,1893
-0.504,9266
-0.00385,5177
0.102,1529
-0.0475,6704
0.0316,4056
0.194,2093
-0.101,9310
0.0847,3166
-0.159,9325
0.199,1401
-0.174,9846
-0.0603,6417
-0.128,9014
-0.0177,5873
0.192,548
-0.00632,5808
0.107,2056
-0.274,8126
0.0335,4665
-0.126,8104
0.225,1358
0.148,1881
0.161,2796
0.0128,5085
-0.0595,6235
-0.106,6921
-0.182,9741
0.704,33
0.15,2935
0.129,1986
-0.295,10624
0.0491,4719
0.0944,1467
0.0846,1562
-0.112,7575
-0.144,7817
0.106,2605
0.0228,4762
0.336,115
0.247,602
0.203,994
0.0807,3738
-0.264,7536
0.846,254
-0.0625,6942
0.0325,4438
0.0152,4981
-0.188,9508
-0.0889,7295
0.458,57
0.0463,3608
0.00588,4958
-0.262,9261
0.283,385
0.215,2291
-0.173,9073
0.0867,2675
-0.151,9219
0.252,1127
-0.423,10907
0.0539,4337
-0.568,10431
0.0441,4257
0.112,389
-0.225,10154
-0.0204,6134
0.0514,4084
0.535,951
0.175,2286
-0.0755,7723
-0.241,8257
0.337,1110
-0.000771,5158
-0.0255,6134
-0.0164,5588
0.314,58
-0.109,8592
0.366,1103
-0.00308,5384
0.138,2858
0.19,589
0.171,757
-0.0999,6461
0.141,2445
-0.117,6769
-0.039,6387
-0.0909,8400
-0.059,7617
0.388,549
-0.0219,5844
-0.0427,6109
0.645,885
0.0706,4029
-0.281,10938
-0.0354,6289
-0.196,8512
0.127,1922
0.0755,974
-0.103,9486
-0.0906,8574
-0.146,9698
-0.472,10549
0.0625,3933
0.133,1400
-0.208,8689
0.0865,3376
-0.0531,6652
-0.253,10668
0.512,434
-0.117,6513
0.237,879
0.000252,5638
0.107,2824
0.173,1850
-0.101,6645
0.195,1449
-0.0609,6481
-0.128,9693
0.163,2830
0.255,1197
0.281,2533
0.252,2196
0.124,1725
-0.15,9976
-0.00201,5231
-0.022,5549
0.133,2161
0.115,2079
0.0324,4364
-0.0484,6957
0.331,451
-0.0784,8185
0.121,2329
-0.395,10451
-0.302,10244
-0.182,9539
-0.000413,5508
-0.326,10282
0.00499,5100
-0.246,10166
0.0503,3337
-0.113,7138
-0.0849,6433
0.107,3205
0.269,352
0.0643,3478
0.0502,3282
-0.171,10507
-0.0784,6964
-0.402,9988
-0.177,9054
0.326,671
0.0297,3918
0.0736,3043
0.095,3860
0.0612,3911
0.226,1479
-0.179,9030
-0.0973,7040
-0.205,10910
-0.101,8178
0.365,1556
-0.127,7518
-0.279,10466
-0.0548,6030
-0.0694,7670
-0.157,9273
0.126,3710
-0.161,7293
-0.0912,7887
0.0782,3311
0.00626,4941
-0.0993,7615
0.0885,3189
-0.325,10597
-0.176,9627
0.0392,3889
-0.0283,6384
-0.1,7517
-0.0431,5848
0.0895,3629
-0.177,7157
-0.0878,9990
-0.193,10592
0.0799,1940
0.237,1934
-0.106,6923
0.0615,3834
0.225,534
0.141,2400
0.18,2190
0.0847,2773
-0.18,10679
0.0883,2252
-0.0733,7530
-0.0983,7414
0.259,324
0.0421,4614
-0.0366,5649
0.229,532
0.0993,1126
-0.149,8541
-0.0147,5493
-0.133,9347
0.0787,4207
-0.263,10966
0.0837,2599
0.0799,3082
-0.00605,5386
-0.101,5993
0.713,717
-0.00551,5430
-0.0128,6161
0.461,654
0.0749,3278
-0.176,8305
-0.447,9557
-0.0939,9833
0.115,1975
-0.0801,6148
0.12,2788
-0.00803,5439
0.0185,4668
-0.0697,8820
-0.143,9901
-0.0819,6959
0.131,3559
-0.392,8309
-0.0116,5680
0.0741,755
0.15,882
-0.241,10100
0.109,1786
2.21,113
-0.285,8807
-0.0358,6109
0.14,1952
-0.00523,5560
0.0863,3628
-0.00773,5567
0.00139,4959
-0.2,10441
0.0168,4819
0.339,715
0.292,1748
-0.0942,5962
-0.186,8922
-0.126,8403
-0.17,6753
0.118,2999
0.221,1125
-0.136,8241
0.0985,3083
0.0119,4770
-0.0874,7447
0.022,4825
0.023,4759
0.237,1587
0.26,1552
0.000263,5368
-0.0699,7993
0.0368,4008
0.496,1067
1.12,504
0.045,4507
0.123,1936
0.0927,1351
0.106,2759
0.0736,3974
-0.471,10615
0.26,372
0.0482,4383
-0.0581,6931
-0.257,10550
0.0478,4211
0.059,2653
0.168,1081
0.0388,3678
0.0197,4738
0.964,1646
-1.14,10625
-0.115,8158
-0.0518,5982
-0.0688,6692
-0.0703,7184
-0.574,10629
-0.297,8902
-0.113,6812
-0.233,8302
0.175,737
0.115,2782
0.42,483
-0.0492,6156
0.429,1042
-0.349,10655
0.384,231
0.31,1062
0.117,1345
-0.0157,6098
-0.164,9957
-0.0116,5620
-0.041,6684
0.137,1272
-0.332,10082
-0.166,6855
-0.463,10620
0.201,2402
0.0132,4915
-0.17,9344
-0.343,10627
0.161,2679
-0.282,8880
0.0212,4998
0.0392,3244
0.131,2086
-0.131,7679
-0.207,10138
0.898,915
-0.113,8146
-0.0605,6889
0.197,1894
0.13,2765
-0.127,9619
0.0215,5018
-0.114,6566
0.00731,5049
0.0065,4974
0.102,3412
-0.0762,6306
0.262,405
-0.0834,6015
-0.0215,6164
0.1,2671
0.0783,3801
0.0766,3342
-0.0713,6858
-0.176,5937
0.0798,3006
0.129,2404
-0.122,7196
-0.0131,5747
0.145,2599
0.0524,4232
0.0278,4286
-0.205,10056
-0.0234,5990
0.32,963
-0.267,10105
0.148,3476
-0.164,8376
-0.19,9083
-0.0765,6484
-0.343,7431
0.0968,3473
-1.05,10708
0.125,2712
-0.109,10108
-1.39,10699
-0.134,7201
-0.099,9996
-0.0334,5532
-0.0155,6322
-0.0345,6861
0.255,896
0.334,1304
0.0123,5060
0.0773,3889
0.0621,3032
0.131,1986
-0.0981,8655
0.399,1164
0.0374,4406
-0.229,8994
-0.1,7813
-0.0291,6168
-0.526,10929
-0.0989,6690
-0.286,9864
-0.107,7365
-0.0283,6007
0.0338,3994
-0.224,9253
-0.199,9411
-0.27,8315
-0.858,10603
0.00915,5429
0.0243,3963
0.202,916
-0.19,8838
-0.232,8507
-0.193,8934
0.0029,5134
-0.0221,5720
0.531,338
-0.00484,5163
0.174,2384
0.134,1740
-0.0988,8318
0.109,2632
0.0897,2987
0.0605,2734
-0.271,10314
-0.0247,5994
0.0151,4864
-0.288,10883
-0.134,7804
-0.33,10714
-0.199,8739
0.408,611
-0.0892,8062
-0.185,9310
0.179,1485
0.29,718
-0.515,10770
-0.174,9592
-0.0458,7176
-0.191,10149
-0.129,8912
0.0107,4864
0.119,2243
0.209,2948
-0.101,9328
0.139,2493
-0.248,10172
0.179,1517
-0.199,7730
0.0814,4075
-0.00326,5458
0.111,2297
-0.0458,7163
0.0508,4372
0.154,3321
0.122,2498
0.000967,5452
0.0768,2422
-0.0343,6574
0.151,1759
-0.47,9981
0.182,955
-0.0501,7305
0.246,256
-0.0891,7755
0.0952,3928
0.338,840
0.441,2007
0.0238,4363
-0.146,8684
0.152,2649
0.109,3442
-0.21,10709
-0.345,11020
0.0434,4267
0.0461,3796
0.0532,3553
-0.0296,6209
-0.103,7082
-0.183,8985
0.238,2097
0.111,3402
0.125,3303
0.169,2710
-0.18,9928
-0.09,7951
0.273,1076
-0.252,7769
-0.0494,8408
0.137,2666
-0.171,9847
-0.0663,9518
0.0916,3372
0.153,1650
-0.136,7853
-0.0385,6576
0.057,2780
-0.179,9172
0.00949,4975
0.00948,5494
-0.711,10991
0.0565,3932
0.00273,5227
-0.000122,5344
0.0496,4599
0.292,556
-0.0759,6664
0.08,3579
0.116,1396
-0.112,9190
-0.107,7572
0.152,1440
-0.0304,5725
-0.0189,6449
-0.0866,8542
-0.0116,5482
0.185,1158
0.144,2617
0.134,1271
0.143,1573
-0.0668,7400
0.373,398
-0.124,8932
-0.123,7921
0.233,2838
0.163,2116
0.0269,4006
-0.00709,5609
0.057,2897
-0.244,9138
0.243,1598
-0.0292,7059
0.034,3728
-0.0951,7776
0.123,3419
0.165,2691
-0.114,7667
-0.344,10965
0.09,2234
0.0633,3536
-0.0876,7361
-0.107,7664
0.0301,4554
-0.0402,6917
0.251,835
-0.147,8464
-0.0517,6430
0.0492,3847
-0.0342,5719
-0.0218,6763
-0.0185,5997
-0.0162,6054
-0.0277,6179
-0.102,7775
0.414,953
0.0436,3677
-0.0539,6733
-0.0395,6020
-0.163,9434
0.0355,4446
0.00111,5419
0.194,1450
-0.124,8961
-0.197,6944
0.108,2802
-0.162,8384
-0.255,8588
-0.1,7625
-0.0829,8039
0.0251,4677
0.154,2194
0.327,2237
0.0449,3952
0.0631,3939
0.214,1254
0.103,3000
-0.172,7981
0.298,1009
0.292,906
-0.0639,7232
0.0949,3213
0.117,3224
0.0856,3701
-0.142,9122
0.13,1839
-0.183,9957
0.385,1206
-0.256,10060
-0.107,6764
-0.0584,6029
-0.126,8082
0.0284,4642
0.317,1207
0.237,824
-0.213,9287
0.081,4169
0.0167,4635
-0.276,9930
-0.0855,6840
-0.375,10060
0.079,3995
0.193,1721
0.00293,5297
-0.328,11005
0.162,2629
0.14,2873
-0.0911,7117
-0.266,10824
-0.0786,6454
-0.125,8262
0.162,2527
0.155,2606
0.261,528
-0.139,8191
-0.000603,5497
0.0153,4792
-0.0841,7573
0.18,2046
0.206,1811
0.135,3016
0.0486,3507
-0.218,10000
-0.0333,6544
0.137,2145
-0.216,10858
0.0968,2571
0.0109,4924
-0.0011,5350
-0.0861,8288
0.18,1670
-0.0187,6684
0.084,3717
-0.00251,5226
0.0743,2167
-0.0373,6135
0.317,1076
0.59,770
-0.0376,6084
0.112,2493
0.0399,2728
0.0604,3773
-0.0661,6950
0.303,434
-0.0291,5675
-0.258,10073
-0.0454,7008
0.502,27
-0.1,7765
0.217,2216
0.264,825
0.027,4180
-0.0269,5985
-0.00497,5438
0.305,1595
-0.0221,6277
0.488,868
-0.0236,6701
-0.0276,6793
-0.149,7240
-0.0265,5235
-0.152,7878
0.905,453
0.0559,3636
-0.115,7960
-0.258,8949
-0.0936,7370
0.41,474
0.0256,4847
-0.0033,5575
0.12,2214
-0.00539,5400
-0.0752,7465
-0.076,6376
-0.293,8225
0.247,1393
-0.194,10677
0.023,4816
-0.0807,7239
-0.195,9778
-0.0221,6139
-0.011,5835
-0.0303,5810
-0.16,8445
0.0938,2861
-0.118,8626
-0.0344,5067
0.271,373
0.134,2044
-0.167,6864
-0.0348,6034
0.274,1065
-0.0453,6255
-0.176,10201
0.224,1272
-0.188,9313
-0.0995,6863
0.00819,4998
0.0323,4404
-0.121,8985
0.0112,4723
0.15,2489
-0.0695,6312
0.178,1827
-0.284,10213
-0.0922,9170
0.0743,3305
0.317,2202
-0.125,7322
-0.22,9471
-0.107,8546
-0.0765,7743
-0.168,8729
0.0896,3344
0.00659,5228
0.536,1638
-0.0505,6467
-0.324,8877
-0.081,8461
0.0946,2690
0.126,2767
-0.0166,5857
0.297,613
0.187,979
0.111,3371
0.0213,4906
-0.372,10801
-0.25,9418
-0.0265,5763
-0.0916,7719
-0.0668,7439
-0.216,9100
-0.202,9720
-0.226,10789
0.0631,3624
-0.0802,7630
0.00732,5284
-0.104,9098
-0.0726,7386
-0.00394,5555
-0.0249,5937
-0.113,9286
0.219,268
0.123,1242
0.0199,4693
0.00594,5136
-0.145,7912
-0.174,9550
0.103,3405
0.0335,4499
-0.393,10968
0.0455,3922
-0.191,9909
-0.0253,6109
0.19,413
0.109,2570
-0.0823,7571
-0.288,9700
-0.00242,5205
0.0399,3375
-0.0112,6031
-0.0662,7015
0.0403,4392
-0.192,9937
0.0498,4699
-0.123,9421
-0.0228,5899
-0.124,7188
0.00904,5096
0.00477,5256
-0.374,10518
0.238,1638
-0.204,10220
-0.187,6318
-0.402,8935
0.379,278
0.922,1040
-0.439,10899
-0.00224,5065
0.0313,4673
0.157,3361
0.171,868
-0.101,7249
0.00111,5258
-0.22,9778
0.0835,3936
0.00418,5142
0.0777,2697
0.0648,3799
-0.0796,7964
0.145,1732
0.341,955
0.0239,4912
-0.0278,7146
-0.104,8388
-0.126,8108
-0.178,7111
-0.0492,7285
0.0565,2577
-0.418,10943
-0.0801,6514
-0.307,10280
0.927,338
0.152,3559
-0.0151,6741
0.0713,1665
0.256,1332
0.39,817
-0.00994,5532
-0.0115,5567
0.119,2933
0.0856,2510
-0.0897,8139
-0.259,9646
-0.186,10339
-0.13,7748
0.201,799
0.0262,4449
-0.169,10388
0.0788,3342
0.548,133
-0.422,10879
-0.229,8029
-0.366,10625
-0.0367,6836
-0.0392,6237
-0.165,6826
0.193,1113
0.226,1209
-0.0202,5913
0.0302,4452
-0.0515,7499
0.224,1708
0.132,1709
0.102,3240
-0.0712,7889
-0.126,10348
0.0688,3378
-0.246,10766
0.0189,4945
0.767,289
0.0539,3669
-0.16,8871
-0.243,9986
-0.226,9865
0.148,1961
-0.135,9884
0.316,2191
0.0182,4732
-0.0278,5815
0.103,2914
0.126,3496
-0.211,9644
-0.0343,6822
-0.142,10297
-0.198,8398
-0.0799,7407
-0.0853,7553
0.0708,2754
-0.297,10820
-0.0855,8512
-0.00979,5810
0.238,1530
-0.00352,5393
-0.528,10474
-0.238,9880
0.0915,2714
0.106,3468
0.148,1907
0.174,3353
0.201,3151
0.114,2503
0.00414,5188
0.269,704
0.0418,3907
0.0195,4900
0.2,1344
-0.143,7435
0.101,2065
0.0441,3730
-0.0242,5696
0.0151,4774
-0.00585,5390
-0.249,9766
-0.148,8483
-0.234,10095
0.114,2984
-0.00871,5562
-0.0129,5363
-0.00487,5831
0.251,2538
0.00567,5180
-0.182,9968
0.155,1960
1.65,275
0.0995,1625
0.178,371
0.436,858
-0.181,8209
-0.189,7795
-0.666,9631
0.0951,2959
0.0443,3533
0.113,2792
-0.0655,7773
-0.283,9406
0.451,95
-0.289,10055
-0.0435,6305
0.201,1459
-0.371,9578
-0.333,10487
-0.172,10170
0.2,1730
-0.0796,6582
-0.101,8059
-0.121,7147
-0.193,9040
-0.0186,5848
-0.3,9826
-0.0468,7599
-0.15,9664
0.143,1163
0.0475,4470
-0.576,10986
0.151,1381
-0.0816,8283
-0.17,8892
0.0935,2231
-0.0388,5957
-0.135,7900
-0.196,9474
-0.0592,9810
0.169,1304
-0.0881,7100
0.0433,4672
-0.0871,6933
0.0726,3042
0.0542,1747
-0.0814,7840
-0.0678,6896
-0.239,9824
0.172,1520
-0.263,10173
0.323,343
0.935,331
-0.0487,6161
-0.0239,5689
0.0266,5005
-0.114,7270
-0.0913,8929
-0.0349,6301
0.0402,4253
0.0713,3321
0.0327,4561
-0.221,9843
-0.12,9277
0.102,3058
-0.0331,6329
-0.677,10811
-0.198,8990
0.144,615
0.127,595
0.288,1153
-0.234,9993
-0.164,9869
0.0969,2595
0.0326,4396
-0.0768,7666
-0.0727,6717
0.106,2621
0.318,989
0.309,1333
-0.129,7174
-0.0423,7192
-0.0178,5798
0.0574,4626
0.0602,4336
0.21,2043
-0.071,7023
0.0217,4513
-0.0214,5849
-0.11,8843
0.375,458
-0.242,10282
0.0358,3957
0.0284,4431
0.614,555
-0.0593,6800
0.292,893
-0.132,7778
-0.0494,7140
0.0505,3640
-0.0987,7117
0.197,2394
-0.153,7599
-0.101,7619
0.0546,3471
-0.268,10959
-0.584,10629
0.078,4360
0.17,2352
-1.28,10798
-0.139,10571
-0.286,10863
0.519,2229
-0.131,8496
-0.211,8887
0.12,3402
-0.179,8982
0.0787,2935
0.234,423
0.0217,4661
0.0684,3778
0.0944,1765
0.22,1020
0.00924,5252
-0.314,10199
-0.0974,8127
0.181,2886
-0.308,10376
0.12,1557
-0.164,9622
-0.17,8869
-0.324,10954
-0.288,9021
0.889,279
0.0947,3094
-0.0231,5724
0.357,476
0.191,2837
-0.181,8994
0.099,1366
0.0623,2460
0.0141,4738
0.309,575
-0.0454,5733
-0.0586,7154
0.755,208
0.0175,4915
-0.0349,6358
-0.0296,6314
-0.0401,5491
-0.03,6214
0.147,2150
-0.24,8822
0.502,106
-0.184,9210
-0.146,5197
0.0374,4639
0.472,1329
-0.202,10340
0.155,514
0.00737,5139
-0.342,10776
0.0491,4308
-1.45,10711
-0.0902,9367
0.179,3524
0.0753,3286
-0.151,9274
0.407,2330
-0.419,9900
0.122,1754
-0.186,9770
0.219,1723
0.0162,4784
-0.0525,6886
0.692,76
0.318,574
0.00755,5227
-0.162,8596
-0.176,7535
-0.052,5329
-0.256,8900
-0.0189,6149
0.141,686
0.37,1896
0.0863,4047
-0.109,7753
-0.183,9197
0.227,555
0.206,463
-0.0378,6743
0.173,1865
0.00951,4412
0.151,2981
-0.0795,8403
-0.0634,7504
-0.0111,5459
-0.038,5854
0.0206,4995
0.0624,3773
0.0633,3277
0.151,1972
0.153,2299
-0.131,9625
0.0384,3897
0.00894,5203
0.0537,3579
0.241,838
-0.588,10997
0.0322,4016
-0.29,10908
-0.167,9276
0.00754,5115
-0.191,8323
0.00329,4995
0.112,2233
-0.0615,7545
-0.0419,5882
0.314,560
-0.114,7835
-0.075,6848
-0.157,9180
0.23,905
0.191,2267
-0.155,9450
0.402,678
-0.0845,6950
-0.0232,6081
0.00458,5446
0.22,2436
0.159,2052
-0.107,8166
0.227,1587
-0.141,10023
0.0565,3675
0.068,4204
-0.0201,5909
0.234,1567
-0.0298,6163
-0.118,10211
-0.104,9052
-0.288,8557
0.123,3250
-0.0181,5896
0.377,681
-0.0791,6927
-0.277,10293
-0.0674,6164
-0.106,7349
0.0413,3778
0.0945,2664
0.0638,3580
-0.0861,9647
0.0584,3976
-0.0784,7371
-0.104,7793
-0.149,10182
-0.116,7633
-0.0763,8752
-0.122,6424
0.0377,4475
0.357,1354
-0.0931,7130
0.0845,3339
-0.107,9642
0.112,2482
-0.14,10201
0.00964,5225
0.00578,5377
0.0227,4693
-0.0923,9813
0.228,1111
0.101,3357
0.526,915
0.278,2480
-0.246,9741
-0.144,6596
-0.235,9712
0.0786,3449
-0.024,5558
0.174,1415
0.0383,4168
-0.0376,6698
0.097,2727
0.13,2526
-0.331,10400
0.204,3298
0.0614,3901
-0.00268,5371
0.0383,4203
0.394,258
-0.197,9310
-0.179,8934
-0.322,10606
-0.137,9746
0.345,1181
-0.13,8502
0.0876,3637
0.129,2011
0.167,88
0.0258,4740
-0.00289,5684
0.0734,3187
0.158,1843
-0.323,10358
0.145,692
-0.065,7515
-0.106,6878
0.234,2290
-0.384,10521
0.0999,4217
0.0512,3377
-0.185,8021
-0.155,8957
-0.0271,5865
-0.207,9932
0.0761,4038
0.0403,3604
0.124,2832
-0.0779,6790
-0.00789,5208
0.0379,4851
-0.0846,6768
0.0123,4845
-0.468,10870
-0.285,9174
0.0635,3876
-0.409,10529
-0.0469,6087
-0.107,7592
0.0264,3863
0.14,1324
0.0558,3851
0.244,1193
0.186,2845
-0.083,8289
-0.103,8601
-0.0843,6889
0.169,3044
0.576,1620
0.236,2924
0.0337,4324
0.00071,5228
-0.0663,6783
0.137,2162
0.204,1732
-0.101,9814
-0.0112,5666
0.341,435
-0.29,9826
0.041,4154
0.00649,4968
0.0513,3405
0.0464,4320
0.471,45
0.00547,5158
-0.233,10117
0.104,3374
-0.245,8128
0.0423,3803
0.093,3104
-0.158,9350
-0.179,7937
0.0367,4560
-0.37,8155
-0.0593,7335
-0.02,6245
0.157,2598
0.561,345
-0.196,9033
0.103,2355
-0.0262,5927
0.113,2046
0.0381,4551
-0.0742,6653
0.517,44
-0.0245,5855
-0.0647,6271
-0.0995,7795
0.191,931
-0.123,9364
0.506,70
0.0875,3950
0.0243,4363
-0.0765,7830
0.066,3789
0.128,2649
-0.0223,5850
-0.483,8347
-0.165,9732
0.0151,4850
-0.179,9522
-0.0964,8074
-0.22,8923
0.0483,3826
-0.0369,6452
-0.0059,5739
-0.164,4987
-0.214,8756
0.108,3281
-0.085,6472
-0.0398,6107
0.111,2482
-0.473,10984
-1.08,10748
0.107,2435
0.134,1047
-0.0498,7934
0.13,2493
-0.203,10854
-0.141,8427
0.188,2165
0.394,438
0.0791,3147
-0.0234,5931
0.447,2404
-0.214,8547
-0.329,9490
0.0227,4480
-0.0105,5814
0.0458,4175
-0.00524,5300
-0.0293,5434
-0.144,8126
0.17,1286
-0.0715,8690
0.453,877
-0.0957,7405
-0.113,8531
0.614,309
0.168,2479
0.0713,2452
-0.0652,6716
-0.431,10809
0.244,1463
0.286,2755
0.207,985
-0.107,9906
-0.113,8231
-0.317,10382
0.129,2636
-0.0609,7898
0.0506,3852
-0.183,10693
0.0765,3650
-0.274,9957
0.0809,3845
-0.253,10150
0.00274,5132
0.0118,4789
-0.234,10739
0.0677,4103
-0.277,10335
-0.0859,6594
-0.0206,6412
-0.0553,6881
0.185,929
-0.319,10620
-0.0198,5485
-0.039,6872
-0.0428,7057
-0.038,6618
-0.0646,7156
-0.168,9518
0.29,213
-0.166,7021
-0.165,9297
-0.0946,9521
-0.173,9159
-0.362,10905
-0.0405,6064
0.124,3235
-0.099,7651
-0.0716,7764
0.000707,5178
-0.00897,5268
-0.238,10471
-0.11,7200
-0.0182,5465
0.115,1623
-0.0046,5330
0.267,2672
-0.00364,5520
0.413,636
-0.0131,5611
-0.0176,5344
-0.345,10703
-0.0275,6057
0.0138,4752
0.0293,4523
0.146,2340
0.0345,4448
-0.367,9917
0.322,2855
-0.237,9131
0.0471,3774
0.0605,3207
-0.112,8639
0.0925,4135
0.676,903
-0.0345,6731
-0.119,9352
-0.107,7383
0.454,255
-0.575,10094
-0.161,7626
0.441,796
0.00562,5193
0.302,467
0.0739,3426
0.183,1190
-0.234,9174
0.0834,3535
0.579,270
0.0733,2555
0.213,999
0.49,392
0.187,2204
-0.0199,5938
0.291,910
-0.043,6248
-0.103,8505
0.0538,2954
0.197,1464
0.0978,1892
-0.0348,6048
0.0791,3490
0.211,1912
-0.662,10437
0.0168,4695
-0.135,8069
0.129,2173
0.344,450
-0.176,8948
-0.366,10677
0.115,3858
0.122,2049
0.0602,3817
0.401,941
0.126,1646
0.243,784
-0.0153,5512
0.062,2050
0.00246,5407
0.263,2072
0.382,1363
0.0615,2756
0.168,1574
0.418,61
-0.0459,7247
0.0842,2660
0.224,595
-0.00439,5234
0.154,2979
0.0991,2479
0.0338,3566
0.215,2309
-0.042,6006
-0.235,9665
0.224,1950
-0.0974,7537
-0.343,10919
0.356,808
0.0633,3667
-0.0769,6500
0.0969,3883
-0.0456,6401
-0.0498,6807
0.13,2496
0.418,1418
0.757,1265
-0.703,10374
-0.0169,5913
0.00707,5078
2.15,692
-0.873,10991
-0.437,10322
0.116,3060
-0.24,10156
-0.0962,9478
-0.0339,6664
0.379,1556
-0.0335,6359
0.0238,4545
0.125,1146
0.0565,3830
-0.128,9505
0.02,4412
-0.211,10128
-0.266,9772
0.0117,4795
0.0634,2265
0.0787,3055
-0.134,6788
0.102,2908
0.0141,5021
-0.155,9474
0.00374,5352
-0.187,9408
0.0297,3934
-0.0236,6483
0.255,1944
-0.135,9585
0.179,832
-0.0519,7004
0.187,1543
0.299,1557
-0.0977,7788
-0.0953,8205
0.128,1519
-0.383,10800
0.0328,4441
0.474,763
-0.0259,5671
-0.128,9148
-0.261,9757
-0.0442,7263
0.183,2650
0.105,3486
-0.285,11018
-0.0577,5991
0.189,1638
-0.0844,6714
-0.0577,7294
-0.0746,6689
0.775,42
-0.0156,6122
0.275,211
-0.0502,6821
0.353,1049
0.237,1492
-0.607,10958
0.00709,5165
0.00646,5292
0.0457,4461
-0.0254,5513
0.0468,4412
0.319,1481
0.133,2200
0.129,2192
0.153,1868
-0.187,8696
-0.089,7657
-0.0599,6507
-0.565,10962
-0.0598,6777
-0.0946,8001
0.0852,3087
0.0037,4958
-0.62,10570
0.236,784
0.00299,5241
-0.235,10941
0.0722,4055
0.314,1837
0.186,1207
-0.266,9688
-0.0704,7872
-0.0754,5643
0.364,760
-0.0221,6043
0.0673,3593
0.0263,4177
0.185,960
-0.186,10085
0.0193,4843
-0.382,10081
-0.3,9990
-0.0182,5735
0.206,848
-0.17,8277
-0.195,8899
-0.000787,5360
-0.137,7889
-0.0195,5819
-0.0797,6476
-0.0636,7070
-0.0251,6562
-0.0125,5773
0.0711,2507
-0.181,10954
-0.119,10245
-0.126,9030
-0.47,10887
0.222,1979
0.13,2811
-0.0421,8095
0.0422,4117
-0.0601,8244
0.136,2556
-0.493,10800
0.0483,4530
-0.562,10508
-0.0607,6996
0.0878,3988
-0.184,10127
0.0313,4319
-0.07,6172
-0.0906,7574
0.0122,4975
-0.132,8462
-0.18,9063
0.263,2515
0.144,980
0.134,956
-0.0027,5498
-0.0589,8417
-0.00573,5659
0.348,2088
-0.486,10765
0.121,1479
-0.0205,6064
0.27,2364
-0.158,7517
-0.171,9035
-0.0492,6587
-0.143,9507
-0.0353,5937
-0.203,10102
0.224,1712
0.015,4865
-0.278,10907
-0.0715,7427
0.0478,4447
-0.0865,7401
-0.188,9191
0.00628,5266
-0.136,8377
0.0677,3579
0.057,4299
0.22,3283
-0.973,11026
0.0546,4120
-0.0676,6842
-0.4,10881
-0.18,10162
-0.628,10775
0.083,3581
-0.385,10664
-0.376,9936
-0.19,9775
-0.116,9160
0.0125,4937
-0.207,8578
0.0826,3372
-0.109,7176
-0.0681,8042
0.188,1587
-0.188,9576
0.137,1888
0.00923,4986
-0.0989,6687
-0.143,9071
-0.0667,8275
0.0107,5294
0.358,435
0.0301,4209
-0.128,7238
-0.0985,8716
0.755,483
-0.118,7217
0.144,1903
-0.155,9323
-0.278,10988
0.176,2145
-0.0316,6046
0.0934,3646
0.0499,4316
-0.337,10660
-0.0631,7022
0.0316,4518
0.107,1835
-0.105,7380
-0.188,9722
-0.118,8003
0.0459,4037
0.0217,4251
0.0633,3720
0.128,1033
-0.0367,6176
-0.0857,6690
0.161,2856
-0.0783,7670
0.149,3037
0.186,2289
-0.325,10104
0.28,1471
-0.0554,7919
0.00874,4746
0.294,1345
-0.213,9300
0.0421,3979
0.323,770
0.114,415
-0.0602,9439
0.0653,3286
-0.0478,6261
-0.149,9445
0.191,1398
-0.0543,7018
0.0166,4520
-0.221,9327
0.101,2596
0.258,2228
0.551,1304
-0.141,9829
0.143,3063
0.0416,4590
-0.0922,7486
-0.143,8565
0.00389,5309
-0.181,8823
-0.12,8858
0.00523,4159
0.0626,4153
0.0789,4009
-0.0731,6253
-0.0581,8523
-0.152,8780
-0.308,10682
-0.131,9046
0.172,898
-0.113,6680
-0.127,10116
-0.0117,5825
-0.00903,5996
0.0611,4166
-0.0531,6742
0.477,1404
0.16,579
-0.212,10361
-0.0831,6236
0.174,1705
-0.59,10459
-0.217,8481
0.0103,5004
0.0841,2748
-0.0346,6122
-0.045,7115
-0.0796,6375
-0.287,9411
0.188,721
-0.0418,8738
-0.0119,5484
0.0576,4497
0.259,1539
-0.0235,6031
0.0118,4638
-0.395,10923
-0.0594,7011
-0.0285,6549
-0.173,8393
0.0233,4597
0.155,1237
0.0742,3352
0.0733,3672
-0.115,8467
0.00438,5042
0.194,673
-0.36,10773
0.0442,3088
0.101,4009
-0.132,9049
1.54,252
0.114,1508
-0.13,7649
0.13,1854
-0.0987,8923
0.0079,5105
-0.111,7045
-0.202,8982
-0.034,6775
0.0554,4077
0.06,3668
0.0121,4867
0.0795,3770
0.365,1736
-0.153,8287
0.287,259
-0.0174,6228
-0.0652,6895
0.0426,4461
-0.132,7747
0.0348,4030
-0.0845,8119
0.0496,4328
0.0582,4272
-0.0826,6373
-0.381,10933
0.00773,5237
-0.0982,7264
0.122,2990
-0.214,9467
0.254,2016
0.122,3617
0.225,1320
-0.148,10436
0.117,3718
0.0561,4224
0.107,3555
-0.00149,5308
-0.245,10237
0.00595,5383
0.211,1583
0.182,2048
-0.0947,7649
0.189,2042
-0.0284,6377
-0.106,6524
-0.358,9543
0.234,1041
-0.377,9739
-0.155,8681
0.124,1837
0.0309,4315
0.295,1672
0.117,2476
0.122,1905
0.238,1147
-0.153,8593
0.0374,4531
0.00771,5063
0.0105,5230
-0.0556,7139
-0.185,9098
-0.0469,7396
-0.148,10189
0.363,1288
0.277,1256
-0.381,10327
0.0614,4335
0.0532,3557
-0.177,9950
0.0132,4954
0.00111,5056
0.0644,3597
0.0725,4047
-0.117,9217
0.23,1025
0.108,2824
-0.208,8584
0.135,630
0.382,1391
-0.0884,7164
0.0964,3379
-0.168,8156
0.0123,5118
-0.333,10756
-0.854,10575
-0.00281,5394
0.262,86
-0.12,7455
-0.302,11008
-0.164,8756
-0.206,9488
0.0306,3996
-0.0202,6101
-0.11,8386
0.0102,5060
-0.46,9461
0.342,2829
0.0985,2315
-0.0967,8614
-0.386,9891
-0.0382,5977
0.608,724
0.0365,4622
0.25,2824
-0.161,9315
-0.068,6826
0.297,1407
-0.281,9863
-0.219,10521
0.0588,3705
0.217,955
-0.117,9481
-0.156,8142
-0.101,6308
-0.129,9667
0.103,2802
0.12,2577
-0.206,10376
-0.0648,8048
-0.0028,5212
-0.155,10694
0.276,75
0.337,451
0.376,347
-0.318,10920
0.0926,3675
-0.185,10265
-0.0304,6510
0.0852,4125
-0.185,7554
0.221,1710
0.0313,4008
-0.375,8689
0.0399,4400
-0.0287,6355
-0.0841,7243
-0.0946,6739
-0.0658,6438
0.0293,4392
0.187,1563
-0.229,10275
-0.151,9588
0.193,1654
-0.0799,8381
0.226,357
-0.231,10038
0.371,1235
-0.283,7875
0.0933,2744
-0.000248,5498
0.0409,4017
-0.0827,7815
0.125,2441
-0.0942,7789
0.52,769
0.153,2645
-0.107,8344
0.0118,5049
-0.234,7794
0.0135,4823
-0.775,11029
0.566,939
0.0116,4883
0.0332,4365
-0.012,5927
-0.212,9019
-0.288,10508
-0.0453,6060
-0.0188,6578
-0.243,10285
-0.00369,5370
-0.0803,5783
-0.0456,6202
0.0364,4372
0.45,455
0.0132,4941
-0.0975,7522
0.0352,4482
0.348,466
-0.127,8235
0.0991,1806
0.00841,4879
-0.104,8465
0.0592,3678
0.206,1533
-0.07,7294
0.196,1357
-0.00572,5690
-0.142,7484
-0.129,9151
-0.139,7491
0.0703,3449
-0.0645,7282
-0.0101,5553
0.134,3248
0.0115,5120
-0.197,9442
-0.258,8363
0.0482,4378
0.211,304
-0.0706,7492
-0.106,7578
-0.146,9292
-0.284,8208
0.36,707
-0.23,10113
-0.149,7351
-0.127,8445
0.218,2308
0.147,1923
0.147,1609
-0.25,10668
0.0801,2963
-0.111,7307
-0.426,10839
0.146,2854
-0.11,8289
-0.0796,7977
0.0029,5386
-0.0145,5470
-0.00793,5718
0.246,1132
0.0273,4309
0.0937,2214
0.0726,3116
-0.254,10223
0.144,1859
-0.225,7213
-0.135,9299
0.146,992
-0.0909,8277
0.245,1433
0.0798,3556
0.336,1182
-0.03,6280
-0.146,9861
-0.0936,7959
-0.00776,5372
0.337,1374
-0.00314,5220
0.0772,1486
0.0477,4421
-0.0558,6146
-0.0864,6800
-0.0883,7429
-0.0184,5820
0.0454,3449
-0.0331,6322
-0.094,7319
0.597,766
-0.0535,6212
-0.0838,6926
0.268,252
0.246,833
-0.323,9954
0.241,1617
-0.107,6871
-0.166,8154
-0.19,10578
-0.0691,8521
-0.171,8089
-0.0536,7018
0.722,90
0.0608,3846
-0.19,9781
0.0986,1500
-0.15,9654
-0.0323,4486
0.099,1376
-0.521,10348
0.0832,2068
-0.0612,8021
-0.433,10861
0.0272,4705
-0.0327,6076
0.00465,5097
-0.0763,8398
-0.0551,6299
0.281,1977
0.244,428
-0.195,8847
0.464,487
0.184,938
-0.0353,6082
0.141,2543
-0.0156,5769
-0.225,7319
0.395,176
-0.407,10905
0.0522,3995
-0.0874,6773
0.416,843
0.0478,4178
-0.107,7264
-0.0422,6495
0.18,456
0.0495,3953
0.102,1926
-0.351,9465
-0.0885,7316
-0.137,6873
0.0434,4048
-0.14,7479
0.0509,4051
-0.308,8375
0.0552,4263
-0.0476,6945
0.0692,3954
-0.076,6624
0.202,2109
-0.029,6152
0.078,3958
0.0636,3296
-0.03,6886
-0.316,9114
0.035,4379
-0.144,8600
0.0118,4888
0.0817,2993
0.0468,3911
0.143,2650
0.4,498
0.463,627
-0.233,9858
-0.0301,6510
0.0501,2873
0.102,2984
-0.156,8149
0.128,3448
-0.0191,5720
-0.0518,6849
0.167,1274
-0.0264,6103
0.148,1179
0.265,1091
-0.105,6325
-0.0247,6533
0.235,514
-0.0591,7264
0.232,1123
0.202,2852
-0.0485,6040
-0.0263,6787
-0.0683,7085
0.11,3154
-0.036,5978
-0.00471,5106
-0.207,9501
0.0641,3458
-0.0417,6896
-0.253,9866
0.0515,4423
-0.0487,6609
0.324,1555
0.0634,2578
0.35,105
-0.0293,6122
0.0355,4389
-0.147,7314
-0.147,7882
-0.0717,6800
0.502,528
0.156,2095
-0.125,7955
-0.16,8261
-0.00192,5298
-0.401,9891
0.0411,3969
-0.136,8123
0.0496,4344
0.000629,4588
-0.13,9081
-0.045,7212
-0.0992,8535
-0.438,10928
-0.333,10183
-0.612,10455
0.182,1781
0.142,2206
0.255,360
-0.0736,6539
-0.109,8125
-0.0499,6811
0.391,616
-0.0978,9484
0.00786,5148
-0.0683,7642
0.31,655
-0.229,8053
-0.474,10173
0.219,748
-0.0128,5598
0.334,850
-0.079,7132
0.0284,4576
0.219,1278
-0.227,9914
-0.0202,5786
0.0668,2757
0.0539,3901
0.146,2655
-0.416,10414
-0.119,8792
0.102,1971
-0.0715,6821
-0.204,9823
0.0849,3180
0.0596,3206
-0.0192,5790
-0.116,8802
0.0167,5154
0.0363,4583
0.143,3583
0.0142,4931
0.205,1147
-0.0923,8907
-0.493,10141
0.0295,4639
-0.124,8241
-0.283,8369
0.18,1041
-0.0854,7400
0.318,558
-0.0364,6196
0.0567,3887
-0.246,8067
-0.0656,9308
-0.046,5874
-0.0641,6126
0.517,285
0.177,1572
-0.0364,6211
0.245,1139
0.0721,3320
-0.132,9016
0.202,1944
0.194,3339
0.163,1986
0.0396,3910
-0.434,10396
-0.307,10553
0.156,1721
-0.231,9375
0.128,720
0.228,422
-0.0707,7023
-0.288,10800
0.197,2329
0.433,592
-0.472,10690
-0.176,10383
-0.298,10843
-0.212,8078
-0.414,10229
0.414,355
-0.388,9206
-0.0568,6411
0.262,865
0.116,2122
-0.127,9070
-0.198,8322
-0.0667,7771
-0.0611,7242
-0.0126,5566
-0.284,7860
0.335,776
0.138,3564
-0.181,10047
-0.0577,7676
0.0777,2000
-0.0576,7045
0.061,3798
0.057,4026
0.0815,2167
0.114,1496
-0.0694,7950
-0.463,9332
-0.155,9412
-0.0895,8786
0.259,975
0.0363,4274
-0.086,8204
0.138,2174
-0.465,11017
0.0911,3634
-0.0674,6058
0.187,632
0.0946,2954
0.0238,4885
-0.0448,6250
-0.214,10880
0.103,3337
0.115,1674
-0.313,10641
0.211,1515
0.231,556
-0.166,10468
0.0438,3866
0.0377,4461
0.0539,4108
0.0893,3005
-0.208,10723
-0.283,10826
-0.367,9275
-0.0452,6232
-0.122,9483
0.0589,4176
-0.275,10477
0.124,3165
0.0402,3905
0.0181,4425
-0.17,8825
-0.148,8740
-0.00244,5621
0.125,3156
0.048,4135
-0.167,8633
-0.428,10883
0.248,1807
-0.00521,5403
0.11,2852
0.0283,4812
-0.0488,7196
0.177,1065
0.0912,2545
0.183,1567
-0.13,8213
-0.0524,8647
-0.0722,8180
-0.183,9942
0.178,2476
-0.0973,6989
0.16,1670
0.131,3299
0.0982,699
-0.0458,7019
-0.00815,5592
-0.144,8034
-0.317,8540
-0.0926,6775
-0.00996,5881
0.319,541
-0.139,9177
-0.244,10133
-0.0775,7400
0.135,2083
-0.242,10647
-0.277,10827
0.316,370
0.0653,3988
-0.382,10778
-0.026,5662
0.113,3249
-0.0128,5304
0.406,538
-0.141,8190
-0.122,7598
-0.0146,5666
0.0235,4349
-0.235,10126
0.305,984
0.156,2211
0.0946,1611
0.55,168
0.0778,3606
0.0125,4843
0.105,1773
0.0476,4178
-0.131,7299
0.152,1050
-0.172,10220
0.00652,4935
-0.114,9023
0.0039,5261
-0.212,7636
-0.12,9303
-0.176,8816
-0.0362,6182
-0.115,7645
-0.329,9749
0.0563,3771
-0.779,10493
-0.0519,6531
0.0689,2672
0.524,227
-0.00757,5465
0.236,1543
-0.144,10116
0.261,811
0.175,1032
0.158,2869
-0.111,7421
0.071,3796
0.109,3555
-0.119,9055
0.435,76
-0.253,10887
0.0592,4288
0.0272,4932
-0.142,8768
-0.0492,7868
0.209,154
-0.258,10347
0.141,2755
0.117,2994
0.356,462
-0.0668,7234
-0.182,10621
-0.5,10283
-0.028,6114
-0.147,8846
0.000649,5324
-0.111,8918
-0.0714,7798
-0.309,10392
-0.641,10887
0.064,3257
-0.0131,4943
-0.0572,7524
-0.0886,7615
-0.0501,6693
-0.0694,6657
0.0586,4534
0.165,1370
-0.16,9793
0.0501,3947
0.253,1524
-0.248,9504
0.137,3473
0.145,2456
0.332,1476
-0.355,11016
0.404,628
-0.0296,6112
0.428,438
0.124,2272
0.0896,2462
0.174,1694
0.0428,4314
0.0749,3935
0.284,1286
0.0821,2967
0.141,2291
-0.172,9018
-0.226,8934
0.0125,4756
0.381,793
0.081,3492
0.0319,4304
-0.101,7958
0.115,1718
0.123,1640
-0.0351,6552
0.0472,4318
-0.0666,7951
0.229,637
-0.0725,6385
-0.152,10396
0.499,254
0.142,1744
0.0445,2593
0.28,176
-0.102,7197
0.121,2842
-0.00719,5309
0.227,1607
0.0929,1064
0.105,2498
-0.119,7352
0.213,1073
0.0303,4000
-0.0875,8153
-0.0636,6382
0.0628,3428
0.0425,4167
0.357,1139
0.106,2988
0.494,365
0.0843,2445
-0.056,7201
0.0095,5144
0.0828,3800
-0.434,10991
-0.178,8151
-0.0697,7260
0.214,716
-0.202,9505
0.256,2575
-0.261,9417
-0.126,7470
0.229,1125
-0.0701,7978
0.0763,3434
-0.311,10323
0.247,742
0.00482,5210
-0.0937,8278
-0.308,10961
-0.0191,5761
0.741,520
-0.135,8629
0.0155,4856
0.39,265
-0.075,9039
0.173,1856
0.14,2189
-0.435,9848
0.389,514
0.39,0
-0.102,10094
0.0981,3432
0.0693,3704
0.0777,2471
0.0713,3692
0.00447,4905
0.138,1460
-0.124,9157
-0.185,8977
-0.0563,7563
-0.000166,4889
-0.113,8304
-0.0342,7385
0.294,612
0.102,2569
0.258,2753
0.132,2424
-0.0516,8267
0.154,699
0.198,1184
-0.136,8804
-0.0721,6547
-0.0294,6295
0.0861,3338
-0.0508,7564
-0.0296,6666
0.143,2619
0.278,2989
-0.067,6727
-0.0729,7508
-0.0667,8040
0.0366,4172
0.294,1146
0.0767,3341
-0.142,9101
0.047,3193
-0.0374,6794
-0.0728,7348
-0.214,7159
-0.161,10373
0.536,804
-0.0391,5985
-0.131,8081
-0.0806,7067
-0.0484,6719
-0.0222,6436
-0.253,9417
-0.278,10714
-0.0302,6183
-0.138,8875
-0.123,8858
0.0888,3220
0.248,1033
-0.147,8991
0.226,1216
-0.406,10376
-0.229,8107
-0.0177,5343
-0.026,5317
0.15,1914
-0.0589,7021
-0.0334,5820
-0.275,10754
-0.28,10072
0.176,2202
-0.133,8819
-0.0226,5649
0.0511,4320
0.347,186
0.17,2176
-0.0553,6097
-0.149,8337
0.228,1758
-0.143,7893
0.212,2355
0.199,1149
-0.296,9794
-0.0785,7946
-0.173,9821
-0.0668,7376
-0.3,10012
-0.0588,6173
-0.171,7901
0.0115,4982
0.0547,3863
-0.1,8650
0.197,576
-0.0724,6819
0.0943,3931
0.0693,3891
-0.141,9606
-0.131,7613
0.134,2755
0.116,3876
-0.457,7931
-0.231,9363
0.2,1847
0.119,2439
-0.143,7549
-0.0212,6145
-0.247,10660
-0.139,9602
-0.0661,7768
-0.0654,7103
-0.222,9874
-0.106,8034
0.395,1325
-0.224,10685
-0.0198,5870
-0.32,9932
-0.199,9788
-0.227,9008
0.118,3077
0.126,1853
-0.00961,5173
0.373,755
-0.108,7001
0.424,829
0.0159,4958
-0.138,9087
0.102,2721
-0.615,11022
-0.0709,7617
0.134,1596
-0.465,10721
0.105,2042
-0.106,8206
0.00431,5205
-0.0782,7831
-0.117,7544
-0.181,7812
-0.168,10085
0.0247,4393
-0.0411,6077
0.0133,4855
-0.601,11002
0.352,755
0.0601,3091
0.146,2844
-0.0178,5308
-0.171,9207
0.0294,4419
-0.186,8335
0.0836,2781
0.0652,3240
0.161,1966
0.219,1619
0.0857,3384
-0.0526,6720
0.0122,4700
0.0437,3935
0.115,3567
-0.173,9448
0.156,1756
-0.192,9971
-0.217,9858
0.0392,4196
0.0931,3697
0.0226,4375
-0.242,10428
-0.0179,6028
-0.0663,7296
-0.0423,6287
0.069,3960
0.183,1757
-0.334,8831
-0.0151,5899
-0.13,9832
-0.148,10311
0.0457,3619
0.236,1253
0.194,862
0.0529,3806
-0.00483,5619
-0.221,9636
0.0666,3102
-0.0539,6618
-0.31,9847
0.0503,4448
0.101,3303
0.0771,3485
-0.137,8269
-0.0567,6890
0.21,1965
0.162,1027
0.053,3970
0.268,526
0.15,1347
-0.848,10953
-0.294,9845
0.00633,4988
-0.0203,5817
0.112,2577
0.0799,3521
0.0966,2951
-0.455,10955
-0.195,9511
-0.18,10013
-0.00725,5337
0.1,3326
-0.411,10526
0.0958,3550
0.0605,3616
-0.314,10898
0.0659,4020
-0.0371,6002
0.211,1744
0.263,755
0.01,5150
0.0259,4413
-0.165,9514
-0.0607,7519
0.0183,4822
0.289,506
-0.131,8867
-0.0126,5825
-0.29,10282
0.155,2329
-0.0382,6660
0.118,2581
-0.0524,7054
-0.126,9797
-0.779,10834
0.127,2859
-0.738,9859
-0.031,6288
-0.195,10031
-0.0796,6070
0.0932,4065
0.178,1569
-0.0418,6196
0.0839,3004
0.0169,4710
-0.257,9827
-0.161,8278
0.0663,4241
-0.132,7877
0.0358,4351
0.0179,5034
-0.507,10759
0.157,2105
0.0453,4605
-0.0901,7069
0.0082,5095
0.0771,1816
0.791,257
-0.0829,6744
-0.076,6686
0.0648,3863
-0.116,8930
0.222,1757
-0.189,9226
0.0548,2972
-0.199,5910
-0.0425,6850
-0.2,10469
0.0322,4199
0.0509,3843
0.292,1251
-0.0935,7328
0.513,1229
-0.0546,8246
0.184,1233
0.0767,3921
0.0769,3533
0.302,1811
-0.383,10805
-0.135,9499
0.174,2200
0.262,1791
-0.421,10955
-0.319,8269
-0.0317,5724
-0.146,9714
-0.0957,7365
0.461,236
0.388,185
0.0794,2321
0.0116,5150
-0.119,8379
-0.0354,6112
0.185,2152
-0.0569,6568
0.442,735
-0.0258,5711
-0.0744,8322
0.0904,2295
0.0167,4531
-0.204,9104
-0.00431,5301
0.257,762
-0.0826,8858
-0.0192,6240
0.0283,4753
0.0127,4962
-0.245,10066
-0.0517,7526
-0.0744,7207
0.166,1267
0.261,813
0.035,4580
-0.151,8105
0.173,1248
-0.0683,10066
-0.0837,7731
0.0599,3943
0.0148,5037
-0.0143,5744
-0.237,8467
0.036,3998
0.0934,1748
-0.077,6734
-0.0372,5993
0.142,3176
0.233,1262
-0.0991,8677
0.129,2404
-0.137,10019
-0.211,10442
0.0355,4492
0.226,1167
-0.293,10174
0.202,745
0.128,2459
-0.122,8653
0.392,753
0.365,1268
0.00104,5280
-0.0516,7030
-0.372,10560
-0.141,8313
-0.25,9554
0.194,796
-0.0716,7388
0.0886,3687
0.246,40
-0.0395,6902
0.0849,4209
-0.299,10634
-0.11,8422
-0.0518,6924
0.131,1703
-0.126,9062
-0.188,9567
-0.0438,5908
-0.0106,5535
-0.0204,6195
0.149,2494
-0.0795,7363
-0.0296,5893
0.0228,4762
-0.0144,6348
0.00291,5152
-0.168,9551
-0.0168,5386
-0.148,6720
0.0961,2941
0.11,1462
0.0395,3532
0.424,376
-0.104,7250
-0.141,6997
-0.235,10080
0.0292,4318
-0.0617,6347
-0.00901,5403
-0.221,9828
0.455,745
0.0467,3951
0.0182,4528
0.0096,4902
-0.074,7575
-0.0654,6786
-0.31,10581
0.0178,4442
0.0262,4705
0.17,645
0.15,1254
0.249,1205
0.122,2041
0.0352,4113
0.165,271
0.338,1047
0.0147,5047
0.182,346
0.167,2900
0.161,2030
-0.0209,6337
0.249,401
0.00716,5260
-0.0308,6400
-0.0568,6635
0.148,2849
-0.0553,8238
0.0282,4530
0.25,2329
0.212,1611
-0.253,10406
-0.449,10583
-0.0416,6079
0.0314,3906
-0.115,8459
-0.329,10372
-0.0369,6871
-0.0521,6226
-0.00603,5373
-0.0504,6642
0.183,2462
-0.0298,5961
-0.244,9875
-0.00176,5227
0.0221,4500
0.131,2881
0.371,273
0.0416,3921
0.0433,4279
-0.0153,5603
0.0593,3012
0.0628,2577
0.29,1666
0.0509,3827
0.261,2349
0.311,1825
-0.126,10374
-0.117,10478
0.0316,4629
-0.164,7864
0.0518,3478
-0.346,10614
-0.251,10619
-0.0253,6497
-0.0689,7403
-0.00666,5693
-0.0415,6153
-0.193,8035
0.262,79
0.0759,2455
-0.0239,5682
0.0873,3390
-0.092,7450
-0.271,8708
0.0543,3918
-0.0131,5761
0.376,16
-0.256,10393
-0.069,7685
-0.0455,6581
-0.106,8779
-0.0566,7433
-0.00629,5385
-0.157,8050
0.0593,4034
0.138,2497
-0.524,11010
-0.101,7542
-0.167,7620
-0.0617,6901
-0.0392,6635
0.179,1491
0.0583,3884
-0.155,8004
-0.0832,8954
-0.109,7791
0.386,47
-0.0173,6019
0.0899,3776
-0.166,8928
-0.24,10394
0.113,3056
0.241,79
0.233,313
-0.149,9850
-0.136,8306
-0.141,7712
-0.0955,8916
0.184,808
-0.266,9931
-0.199,8972
0.024,4621
-0.13,9388
-0.06,7974
-0.00173,5231
-0.259,9953
0.313,419
0.0791,3766
0.0457,3322
-0.0703,8421
-0.158,9519
0.192,817
-0.125,9344
0.52,2049
0.137,1102
0.0228,4462
0.0471,3280
0.197,1776
0.0561,3606
-0.0221,5684
0.089,2855
-0.164,9861
-0.149,8787
0.592,1450
0.136,3464
0.24,636
0.000197,5334
-0.0555,5838
-0.414,10821
0.261,794
-0.202,10533
0.0822,3008
-0.00327,5696
-0.0773,9070
-0.104,9146
0.331,427
0.0471,3423
-0.0384,6197
-0.359,9850
-0.00636,5489
-0.0971,8619
-0.121,8763
0.146,1652
0.0374,4717
0.437,391
0.239,57
-0.369,10761
-0.0524,6716
0.213,486
0.103,3149
0.033,4402
-0.00301,5478
0.0979,2069
0.165,1571
-0.148,9506
-0.334,10621
0.422,858
0.0611,4058
0.02,4501
0.108,3220
-0.0742,6479
-0.0225,5451
-0.415,10595
-0.218,9166
-0.0452,6475
-0.0485,7060
0.0194,4774
-0.199,10237
-0.107,8167
-0.0806,8098
0.187,938
-0.102,6379
0.431,1126
0.0719,3769
-0.122,8113
-0.0597,6563
0.0557,3331
0.108,2556
-0.0815,7228
0.229,910
-0.384,10871
-0.161,9318
-0.0873,7226
0.105,3458
-0.0539,6717
-0.0487,6990
-0.155,8834
0.0263,4920
-0.335,10576
0.0604,4039
0.0116,4925
0.0076,5253
0.0995,3168
0.187,1685
-0.078,6184
-0.131,9878
-0.0407,6850
0.054,3777
-0.112,7566
-0.0328,6185
-0.054,6306
0.278,802
-0.168,9834
-0.00659,5840
-0.0324,6764
0.0655,3721
-0.0403,5969
-0.154,7574
0.153,1660
-0.377,10462
0.0092,5261
-0.266,10212
-0.888,9981
0.485,1373
0.0896,3245
-0.0309,6121
-0.473,10527
0.116,3093
0.14,3285
0.23,724
0.159,1120
0.166,1594
-0.108,8303
-0.0253,5413
0.563,215
-0.206,9293
0.0391,3741
-0.0289,7275
0.144,2623
0.00507,5302
0.108,2083
0.0919,2851
0.155,1506
-0.00832,5881
-0.109,7362
0.255,2063
0.264,915
-0.253,9823
0.173,992
0.0321,4321
-0.204,7906
0.0441,4308
-0.167,9977
-0.358,9861
0.0738,3625
0.0388,4241
0.1,2413
-0.21,10609
-0.238,10959
0.239,751
0.276,387
-0.13,8545
0.114,2875
0.0101,4962
0.161,2571
-0.165,6447
-0.0899,8084
-0.073,7750
0.171,1665
-0.323,10489
-0.0151,5813
-0.0616,7196
0.05,3764
-0.102,9034
-0.101,8775
0.263,1973
-0.423,10070
-0.258,9368
0.0798,2661
0.0965,2797
-0.133,9666
0.137,2569
-0.0532,6903
0.17,2803
0.0718,2692
0.205,1457
0.258,1223
-0.125,8191
0.112,2081
-0.312,8961
-0.233,10279
0.281,768
0.00627,5369
0.114,3638
-0.378,10963
-0.136,8577
-0.149,9454
-0.0496,6607
0.148,2600
-0.0887,8100
0.138,2443
-0.279,10913
0.117,1511
-0.0403,6552
0.0305,4401
0.487,1749
0.252,2171
-0.038,5960
-0.167,10091
-0.0266,6069
-0.0721,7666
0.12,3880
-0.162,9509
0.167,2919
-0.0118,6446
0.25,581
-0.0526,5743
-0.0922,8104
0.153,3577
-0.273,9073
0.0414,3493
-0.152,8652
-0.313,10221
-0.403,9675
-0.0298,5049
0.0568,3684
0.0069,5022
-0.0478,6477
-0.0949,7711
0.209,1398
1.01,360
-0.18,7669
-0.0501,6410
-0.0411,7065
-0.0505,6635
0.164,3168
0.0337,4528
-0.192,9586
0.119,2288
0.127,2593
0.306,778
-0.153,8273
0.673,681
-0.302,10862
0.118,2819
-0.00532,5274
-0.0198,5987
-0.0553,6998
0.139,3733
0.407,404
0.0661,3459
-0.00863,6035
-0.162,9476
0.089,3777
-0.208,6496
-0.0154,5647
0.128,1179
0.0922,1627
-0.455,10445
-0.0213,5468
-0.163,7556
-0.146,8796
0.329,98
-0.0712,7809
-0.108,9390
0.175,759
0.252,1232
-0.097,7574
-0.0094,5940
0.201,2096
-0.172,8912
0.0356,4387
-0.136,9305
-0.368,9586
0.00607,4995
-0.172,9251
0.0434,3932
0.0149,4904
-0.0148,5906
-0.116,8014
-0.255,10765
0.0369,4496
0.259,1985
-0.0993,8530
-0.0166,5572
-0.368,10783
-0.0364,6600
0.301,149
0.0125,5085
-0.115,8431
-0.0542,6154
-0.901,10652
0.178,1305
0.0534,3505
-0.0358,5218
0.127,2696
0.085,3088
-0.254,10108
-0.102,7932
-0.176,10466
0.0963,3235
-0.0723,6375
0.0516,3486
0.227,1242
0.024,4589
-0.013,5880
-0.118,7862
1.15,93
0.0589,4067
-0.292,10931
-0.0991,8418
0.145,3202
-0.0338,6663
0.196,1936
0.431,331
-0.472,10609
-0.0469,6711
0.0281,4034
-0.403,10918
-0.214,10474
0.226,1457
-0.296,7344
-0.0592,7250
-0.0157,6256
-0.0121,5379
0.0275,4446
-0.82,10018
0.227,661
0.063,2973
0.111,1803
-0.0856,7452
-0.3,8525
-0.251,10519
-0.043,5808
-0.0602,7380
0.052,3992
0.187,2872
0.267,581
0.644,1058
0.116,2624
0.162,1618
0.0892,3601
-0.215,9423
-0.126,9934
-0.261,10401
-0.46,9506
-0.299,10545
-0.191,9721
0.204,881
0.192,785
-0.0918,7123
0.0202,4520
0.168,2119
-0.113,9540
0.112,2943
-0.129,8860
-0.293,7668
0.0301,4449
-0.0545,6755
0.027,4525
0.0716,3578
-0.145,10071
-0.553,9443
0.0118,5055
-0.156,9145
-0.19,8443
0.0094,4947
-0.0815,7607
0.473,1580
0.0347,4188
-0.136,7098
-0.0417,6308
0.179,2617
-0.0187,5923
-0.0659,7008
-0.0391,7138
0.156,918
-0.116,8665
0.0761,3098
-0.281,10986
0.296,1015
-0.0514,6532
-0.222,10513
-0.015,6219
0.137,3347
-0.0224,6095
-0.0853,6765
-0.157,8670
0.0811,4169
-0.0633,7181
-0.263,10301
-0.0353,6705
0.155,2326
-0.393,10151
-0.116,9298
-0.469,10704
-0.0272,6039
-0.0675,6898
0.0669,3738
-0.116,8332
-0.0991,9415
-0.116,9465
0.176,2265
-0.16,7985
-0.303,9172
-0.11,6975
-0.00272,5274
-0.034,6884
-0.61,10553
0.0895,3118
0.224,910
0.166,1186
0.0721,3502
-0.0319,6870
0.00463,4914
-0.0373,5199
0.192,3343
-0.107,8837
-0.154,9394
0.0801,1850
0.0736,4173
-0.117,9378
-0.588,7294
0.212,2173
0.097,2998
0.535,414
0.169,1739
0.189,1980
-0.398,10254
-0.563,11024
0.0307,4250
-0.0221,6076
0.00619,5416
-0.282,9966
-0.31,10574
0.0514,3966
-0.0598,8315
0.0681,3793
0.355,172
-0.085,6294
-0.273,8435
-0.0531,7294
-0.0602,7469
0.121,1684
0.377,116
-0.11,7910
-0.146,8817
0.0909,3920
0.0195,4401
0.131,2249
-0.0837,7323
-0.052,8236
0.3,1717
-0.745,10796
0.183,1352
-0.211,8799
-0.213,9793
-0.4,10578
0.0814,3524
0.0118,4905
-0.0972,8432
-0.124,7979
-0.042,5867
-0.0406,6433
-0.397,9919
0.144,2350
-0.0935,8779
0.0752,2851
-0.00618,5077
0.296,83
-0.18,8125
0.0906,3531
0.0746,2453
0.0248,4326
0.213,1914
-0.2,9555
-0.0331,5568
0.0883,3638
-0.2,8956
-0.0852,7820
0.221,1367
-0.158,8295
-0.581,10925
0.762,237
0.00595,5052
0.169,164
0.2,2758
0.0374,4366
0.272,1785
-0.0535,7452
0.0118,5139
-0.201,9876
-0.362,9951
0.15,2762
-1.67,10990
0.194,2762
-0.128,8893
-0.106,8584
-0.16,8403
0.153,3079
-0.163,8148
-0.376,10107
0.00602,5231
-0.128,9316
0.0187,4906
0.203,2699
-0.222,9596
-0.112,8869
-0.28,10869
-0.0268,6967
2.11,461
-0.245,8810
-0.0409,7163
0.0297,4072
0.247,375
0.201,715
0.35,515
0.17,2382
-0.0548,6502
-0.147,8012
-0.235,10680
-0.261,10805
-0.162,9004
0.326,1722
-0.454,10431
0.209,1356
-0.0692,7574
-0.0824,7966
-0.107,7427
0.189,1353
-0.114,6913
-0.502,10725
0.127,2289
0.219,998
0.399,1242
-0.26,8631
-0.119,7928
-0.0197,6101
0.0138,5031
-0.138,8423
-0.25,6936
-0.0618,7202
0.338,76
0.536,488
0.422,323
0.426,533
-0.117,7173
0.278,1604
0.0928,1781
0.0906,2426
-0.14,9632
0.0366,4057
0.0511,3931
-0.272,8962
-0.511,10939
0.0866,3912
-0.0297,6753
-0.0486,6763
-0.0408,6476
0.202,2783
0.17,994
-0.111,7336
-0.371,10934
0.0636,4022
0.0411,4170
-0.482,10373
0.547,654
-0.107,6726
-0.0185,6011
-0.018,6031
-0.00487,5531
0.0142,4676
-0.0622,5871
0.119,2592
0.024,4768
0.16,2128
-0.196,9342
-0.0265,6245
-0.162,7641
-0.379,10334
-0.0577,8412
0.26,210
0.341,500
-0.0195,6028
0.16,3444
-0.19,8599
-0.151,10380
0.292,982
-0.186,8803
-0.259,9598
-0.00868,5550
0.139,3078
0.238,1813
-0.0454,5939
-0.137,8166
-0.0643,6823
-0.025,6371
-0.0578,7271
0.0279,4718
-0.00758,5432
-0.0593,6640
0.138,2153
-0.601,10240
-0.119,10029
-0.11,7572
0.574,26
-0.0175,5792
-0.46,10951
0.0149,5122
-0.336,8907
0.0143,4881
0.197,1001
0.0576,3690
-0.00606,5239
-0.00647,5508
0.952,93
0.0634,3328
0.167,1741
-0.236,10143
0.262,770
-0.0819,5549
-0.168,8328
-0.09,8539
-0.184,9093
0.381,1769
0.197,1557
0.228,1082
-0.0478,6814
0.297,466
-0.0356,6800
0.0786,3340
-0.565,10101
-0.317,9177
0.212,889
-0.0458,7518
0.0526,3709
0.0161,4890
0.0399,3958
-0.299,10946
-0.172,8240
-0.238,10426
0.168,1442
-0.53,10720
-0.302,10308
0.232,812
0.509,376
0.0614,2789
-0.255,10243
0.2,1175
-0.41,8856
0.111,2759
-0.00917,5365
0.153,3360
-0.15,9685
-0.0787,7862
-0.0753,6374
0.168,2366
-0.246,9222
-0.0986,8294
-0.00967,5796
0.17,2975
0.295,888
-0.387,10951
-0.0156,5904
0.173,677
0.184,308
-0.266,9269
-0.245,10388
0.309,2773
-0.111,9248
-0.204,9839
-0.0574,7020
-0.0535,5727
-0.251,10283
-0.166,9266
-0.21,9693
0.0797,2428
-0.0922,8083
-0.113,7025
-0.427,10717
-0.425,10689
0.305,444
0.176,676
-0.22,10543
0.163,2096
-0.13,8354
-0.155,8169
-0.033,5940
-0.274,10723
0.0187,4560
0.358,618
-0.0433,5682
0.151,1239
0.0438,3578
-0.123,8486
0.186,2929
-0.112,9149
-0.00406,5500
0.0326,4454
-0.16,10926
-0.162,9471
0.0456,3360
-0.0274,6721
0.13,1785
-0.118,8129
0.108,2464
-0.291,10515
-0.164,8411
0.0712,2792
0.143,2887
-0.00565,5352
0.46,489
-0.426,9256
0.206,3224
0.529,613
0.138,1679
-0.29,8448
-0.143,8675
-0.0457,7241
-0.0778,7481
-0.179,9183
0.0478,3784
0.383,178
-0.615,10724
0.00605,5228
0.0677,3497
0.133,2641
0.0777,4110
-0.0434,5749
0.328,1319
0.0798,2529
-0.0285,5777
-0.00889,5784
0.222,690
0.128,2169
0.181,2255
0.183,177
0.117,1814
0.574,255
-0.133,7810
0.546,181
0.347,268
-0.0143,5998
0.135,2068
0.0405,4408
-0.00512,5512
-0.483,9488
-0.169,9129
0.126,1458
-0.221,9950
0.0295,4476
-0.281,10457
0.335,679
0.15,2733
-0.134,8584
0.0891,2240
-0.18,8911
0.279,2007
-0.153,6431
-0.0735,7510
-0.206,9585
-0.0178,5675
0.044,4474
-0.217,9940
0.153,2187
-0.00467,4844
0.126,2978
0.0974,2477
-0.125,8616
0.0214,4552
-0.157,9172
-0.224,9945
0.137,1933
-0.0339,6018
-0.101,7567
0.431,1290
0.114,1723
0.0998,1605
0.0319,4267
0.208,743
0.079,3508
0.0229,4805
-0.499,11011
-0.0767,7525
0.0613,3341
-0.492,10697
-0.682,10118
-0.639,11013
0.222,122
-0.0261,5922
-0.152,10501
-0.0244,5615
-0.24,9582
0.201,1340
-0.111,10078
1.53,793
-0.0405,5596
0.186,2235
-0.139,8071
0.0616,3178
-0.14,9495
-0.247,10002
0.014,4975
0.17,3382
-0.325,10987
-0.2,10775
0.0364,3601
0.00693,5239
0.0197,4749
0.0709,2811
0.14,2859
-0.0544,7664
0.148,826
0.122,3360
0.116,1784
-0.749,10575
-0.176,9616
0.019,4700
0.0316,4625
-0.0933,6784
0.155,2015
0.113,2923
-0.286,8688
-0.111,8001
-0.0468,5822
-0.048,6151
0.241,901
-0.00484,5039
-0.275,10808
-0.139,8911
0.0188,4781
0.0734,3101
0.786,48
-0.239,8759
-0.157,8801
-0.0515,6861
0.0662,3073
0.435,1557
0.214,1889
0.365,390
0.211,1659
0.569,134
-0.192,10150
-0.00999,5482
0.469,764
0.109,3498
0.139,2443
-0.0522,8662
-0.126,8734
-0.0722,7634
-0.0603,6204
0.0344,4451
0.223,1690
-0.0639,6467
0.126,2573
0.128,2913
-0.39,10594
-0.16,8690
0.246,3033
0.123,1694
-0.373,10937
-0.214,9811
-0.165,10138
-0.262,10285
-0.232,10546
0.0959,2079
-0.0221,6082
-0.0406,6585
0.15,2501
-0.0492,6095
-0.555,10167
-0.102,9066
-0.00951,5677
0.523,422
-0.0195,5540
-0.685,10882
0.0694,3883
-0.0581,8647
-0.0712,6727
0.297,280
0.0508,4259
-0.378,10825
-0.32,10371
-0.0892,8108
0.144,1129
0.294,1946
0.0906,3258
0.488,677
0.108,3003
-0.108,8443
-0.378,10964
0.115,1181
-0.137,10153
-0.0046,5692
0.0114,4986
0.151,1024
-0.0132,5697
0.14,3015
0.719,538
-0.0043,4992
-0.0737,6308
0.173,1158
-0.0324,6558
0.121,1479
0.192,1938
0.0307,4695
-0.143,9196
-0.043,7133
-0.0856,8072
-0.139,8520
-0.233,9757
0.351,620
0.373,1230
0.293,840
-0.231,10537
-0.345,9820
-0.166,8083
0.471,867
-0.201,10345
0.175,1449
-0.0467,7351
-0.176,8764
0.0646,3707
0.23,947
0.098,2172
-0.0599,7629
-0.072,8028
-0.0939,6899
0.17,2241
-0.0399,5627
-0.139,9403
-0.129,10251
-0.114,8430
-0.147,10168
-0.295,10919
0.31,770
0.16,2810
-0.17,8324
0.144,2047
0.13,1893
0.11,3160
-0.361,10742
0.0632,3905
-0.248,8554
0.121,1047
0.0893,3826
0.445,451
-0.147,9295
0.151,2449
0.491,1064
-0.0376,6919
0.156,678
-0.0793,7521
-0.259,10409
0.0127,4935
0.208,765
-0.0188,6113
0.117,2283
0.271,1818
-0.0363,5849
-0.726,10835
0.155,1859
0.0439,4115
-0.0422,6799
0.12,2264
-0.125,9058
0.192,1477
0.0453,4425
0.121,3636
-0.207,9230
-0.0201,5578
-0.0071,5450
-0.206,8610
-0.16,7406
-0.191,10290
-0.0934,8817
0.192,892
0.359,228
-0.215,9769
0.086,3476
0.302,1819
0.143,1337
0.202,808
-0.0153,5786
0.224,1470
-0.306,10698
-0.0517,8406
-0.0236,5727
0.0831,2481
0.0332,4490
-0.289,10819
-0.0471,6377
-0.264,8746
-0.131,9746
0.219,804
-0.173,10466
-0.0248,5597
0.013,4856
-0.288,9162
-0.0108,5484
0.119,1978
-0.464,10955
-0.144,8675
0.149,2072
0.306,1071
-0.0428,6304
-0.226,10611
-0.246,9916
0.155,2498
-0.0536,6839
-0.15,6631
-0.112,9283
0.0238,4378
0.261,1790
0.0187,4883
-0.768,10915
0.613,997
0.0472,3620
-0.13,8279
-0.0775,6933
0.484,89
0.0283,4662
-0.0299,5562
0.0912,2076
0.131,2362
0.051,3763
0.201,2256
-0.124,8693
-0.111,6131
0.0161,4629
0.117,1969
0.314,1387
-0.0154,5824
-0.0969,8225
0.116,3550
-0.042,7164
-0.0499,8147
0.266,1284
0.0492,3597
-0.0504,6396
0.182,2178
-0.188,8071
0.296,1488
-0.731,11034
-0.127,7560
0.328,2105
0.0136,4816
-0.166,9921
0.0557,3308
-0.863,10598
-0.159,7961
-0.527,10870
0.0158,4608
-0.108,10141
0.119,1736
-0.269,10702
-0.129,7702
-0.115,6830
-0.432,10887
0.039,4054
0.498,119
-0.479,10540
-0.287,10113
0.216,2456
-0.307,10399
-0.132,8409
-0.0266,7427
0.231,1816
0.412,2517
0.241,899
-0.216,10091
-0.131,9732
0.0971,3339
0.0432,4094
0.316,289
-0.504,10929
0.292,1363
0.196,1884
0.0997,1945
-0.158,8688
-0.166,9306
-0.36,10694
0.361,281
-0.058,7936
-0.262,10484
-0.0986,7075
-0.0338,5593
-0.174,8381
0.511,954
-0.16,6007
0.0159,4282
0.567,190
0.0519,4081
-0.0739,7018
-0.0567,6192
-0.128,8133
-0.1,7346
0.18,2702
0.143,1914
-0.416,10892
0.352,151
0.196,993
0.188,864
0.0454,4472
-0.106,7669
-0.188,9199
0.0628,3903
-0.165,8965
-0.369,10998
0.0691,3754
-0.0282,5900
1.01,367
-0.0874,6327
0.0682,3893
-0.05,5989
0.0911,3016
-0.0104,5417
-0.329,10823
0.427,374
-0.0432,6862
-0.0419,6773
-0.176,9237
0.336,532
0.01,5072
0.0949,3339
-0.148,9864
-0.0631,6727
-0.102,6952
0.0339,4279
0.175,1528
0.0203,4923
-0.0375,7877
-0.126,8241
0.0709,3915
0.0455,4251
-0.466,10934
0.338,1884
0.0868,3034
0.0297,4048
0.00554,5142
-0.237,10870
-0.249,9498
-0.232,9719
-0.196,9375
-0.0545,6485
0.151,2033
-0.00279,5460
0.0321,4548
-0.316,10184
-0.152,7559
-0.133,8617
-0.525,11018
-0.00767,5560
-0.273,10632
0.292,342
0.126,1547
0.0886,2554
0.589,293
0.163,2749
-0.00127,5163
0.407,444
0.165,1910
0.133,618
0.0772,3275
-0.0468,6852
-0.11,6285
0.112,3124
-0.32,10972
0.0908,3074
-0.0396,6342
-0.215,9570
-0.365,10317
0.0811,3186
0.0534,3696
-0.0436,7818
-0.207,9275
0.211,1648
-0.263,9815
-0.281,8804
-0.21,9441
0.0923,2952
0.16,1686
-0.288,8148
0.252,2349
-0.136,7575
0.228,489
-0.056,6533
-0.343,10538
0.14,1851
-0.102,8053
-0.166,9145
-0.0567,7187
-0.11,9944
-0.0795,6698
-0.0962,7557
-0.06,5876
0.0885,3679
-0.137,9617
-0.167,8946
-0.104,8200
-0.0609,6744
0.0475,3543
-0.338,10313
0.244,1034
0.191,2071
0.05,4183
0.0832,2986
-0.0456,6587
-0.197,8050
-0.184,9872
-0.355,9926
0.217,1190
0.13,1910
0.143,2605
-0.229,9325
-0.133,8863
0.109,778
0.0287,4249
-0.119,7259
0.0771,4062
0.0396,3826
-0.0739,9005
0.0627,3762
0.141,2392
-0.181,9747
0.798,73
-0.0833,6614
0.105,1663
-0.164,10114
-0.292,9874
0.0689,3407
0.016,5024
0.083,2366
-0.0525,8544
-0.109,9961
0.0403,4232
-0.351,7791
0.0455,3447
-0.367,10976
0.199,574
0.0121,5012
0.196,3361
0.323,1531
0.13,2819
-0.489,10992
-0.0726,8353
-0.0726,7400
-0.0399,6338
-0.135,7077
-0.0992,6300
-0.047,6689
-0.123,8094
0.135,2453
0.193,224
-0.284,10186
0.0211,4783
-0.00988,5246
-0.11,9522
-4.61e-05,5141
-0.333,10911
-0.219,8548
-0.45,10076
0.139,1196
-0.0786,7224
-0.00722,5615
-0.115,8610
0.0885,2969
0.00266,5165
0.0721,3171
-0.281,9649
0.0839,3248
0.0703,3193
0.0483,4515
-0.237,9126
0.111,2256
-0.0191,5675
0.0918,3533
0.127,2823
-0.00948,5681
-0.158,9756
-0.0469,6712
0.0589,3018
-0.0255,5559
0.26,1426
0.436,752
-0.0259,5903
-0.131,10649
0.0834,2998
0.162,1855
0.257,97
-0.238,10720
0.324,701
-0.162,9595
-0.463,10999
-0.0847,7526
0.0913,3327
-0.337,10711
-0.466,11027
-0.0953,6817
0.0446,4539
0.127,1282
0.225,916
0.22,1246
-0.286,9216
-0.255,10845
-0.163,6671
0.202,864
-0.211,9142
0.044,4520
-0.0263,5630
0.136,1990
0.175,807
0.0563,3456
-0.00528,5290
-0.383,9536
-0.139,6910
-0.247,10475
0.12,2172
0.13,2944
-0.0832,7638
0.0521,3944
0.237,1832
0.138,767
0.274,1136
-0.0702,6468
0.0465,3577
-0.212,9567
-0.426,10931
-0.0669,7187
0.0853,2825
0.163,2098
-0.11,7884
-0.113,6254
0.199,1723
-0.206,10747
0.0522,4082
0.169,1823
0.511,423
0.0587,4249
-0.445,9556
0.0015,5336
0.0764,4185
0.183,1568
0.145,2412
0.314,1264
-0.489,8108
-0.0132,5852
0.134,3976
0.0155,5088
-0.0388,6248
-0.29,9558
-0.0312,6040
0.0936,2355
-0.195,9265
0.114,2124
0.642,61
-0.165,9314
0.108,2444
0.0391,3547
0.213,772
0.21,2443
-0.0327,6039
0.065,4035
-0.142,6911
-0.175,9452
-0.0815,7488
0.0886,3103
-0.21,9394
0.0523,4030
0.0694,3639
0.0955,2010
-0.0214,6072
-0.017,5956
0.206,472
-0.16,7747
0.134,3082
-0.193,10134
-0.147,9475
-0.157,9174
-0.0812,7465
0.225,739
0.13,3734
-0.0571,7516
-0.0223,6514
0.0101,4921
-0.089,6920
-0.38,10800
-0.0243,5544
0.0927,2861
-0.11,8729
-0.12,7999
0.0244,4582
-0.0804,7345
0.119,3578
-0.0398,6429
0.105,1518
-0.296,10131
0.0927,3439
-0.213,7746
-0.18,8264
-0.233,10905
0.033,4377
-0.131,7137
0.214,792
0.15,2350
0.199,923
-0.279,10797
0.157,1015
0.0838,3376
0.0571,4100
-0.374,9997
0.0765,3849
-0.0355,6020
0.0155,4719
-0.131,9736
0.00525,5071
-0.658,11030
0.0524,3544
0.0302,4633
0.0223,4780
0.138,1207
-0.00661,5647
-0.0448,7229
-0.0304,5977
-0.0579,7035
0.0903,2773
-0.0116,5379
-0.028,6251
0.296,1951
-0.137,7822
0.0975,1705
-0.0836,8511
-0.106,8471
-0.2,9876
-0.121,9624
-0.162,7756
-0.0623,7377
0.00225,5418
0.283,975
0.0913,3343
-0.203,9922
-0.0173,5730
0.0957,3093
-0.0608,7799
-0.232,10554
-0.0488,6710
0.00128,5009
-0.0246,6201
-0.135,9908
0.142,2481
0.138,2608
0.158,1536
-0.00515,5301
0.0174,4877
0.0134,4885
-0.135,10684
-0.123,8968
0.182,730
-0.268,10037
-0.0208,5697
0.0837,2932
-0.102,10216
0.335,994
0.161,2340
0.0253,4725
0.164,3528
-0.027,6166
0.0617,3788
0.0951,3663
-0.0442,7494
-0.0975,8292
0.241,977
-0.0923,7163
-0.127,9295
-0.238,9489
0.249,522
0.413,380
0.704,1910
-0.412,10153
-0.0818,7763
-0.0436,5955
0.293,623
-0.412,9996
-0.0749,6742
0.154,1738
-0.0651,8077
-0.409,10747
0.674,675
-0.116,7958
-0.156,8416
0.131,1598
0.0498,3819
0.0684,3697
-0.429,10596
0.209,1592
-0.533,10055
0.148,1147
-0.0568,7349
0.642,500
-0.00191,5058
-0.3,9134
-0.395,10236
-0.0912,7726
-0.0669,8057
0.147,1550
-0.0642,7618
-0.372,10832
-0.239,8812
0.0133,4939
-0.488,10804
0.128,3395
0.0292,4644
-0.263,9614
-0.196,9853
-0.18,9264
0.0165,4627
-0.131,8651
-0.259,10476
0.574,41
0.293,1400
-0.0329,6501
-0.0143,6294
0.134,1939
-0.0244,5227
0.22,1849
-0.118,7320
0.0756,1321
0.0829,2926
-0.335,10657
-0.0115,5894
-0.099,7404
-0.0278,5695
-0.0155,5890
-0.134,8742
-0.113,8007
0.0306,4063
0.436,234
-0.0365,6420
-0.0295,6272
0.0381,4260
0.215,1366
0.128,3303
0.047,4228
0.192,465
-0.142,9831
0.0879,3495
0.0357,4475
-0.339,10284
-0.159,7413
-0.245,8145
-0.0551,7337
-0.00831,5626
0.4,419
0.0343,4734
0.356,2436
0.0326,4587
-0.00467,5197
-0.228,10435
-0.0455,6681
-0.135,8725
0.055,4367
-0.0515,7731
0.0876,2488
0.226,455
0.14,1287
-0.248,9440
-0.0846,6304
0.0545,4324
-0.126,9604
0.18,1313
-0.116,7065
-0.00704,5360
-0.279,9750
-0.0224,5949
-0.246,9560
0.0964,1738
0.145,1856
-0.135,8706
-0.24,9509
-0.183,8797
-0.0477,7547
-0.0585,7962
-0.0506,6205
0.161,2216
0.0374,3610
0.309,1486
0.26,398
-0.00593,5662
0.0208,4686
-0.0308,5593
0.156,3059
-0.159,10434
0.0205,4750
-0.0812,8464
0.0209,4603
-0.261,10686
0.104,2532
-0.628,10598
-0.0932,7357
-0.011,5663
-0.0094,5602
0.0115,5040
-0.0331,6334
0.214,204
-0.0566,9154
-0.0776,8009
0.055,4070
0.28,594
0.0397,4830
-0.00673,5409
0.209,1395
-0.0174,5881
0.223,1773
0.344,1010
-0.0475,7303
0.307,2485
-0.0481,5804
-0.0311,6574
0.0787,2965
-0.178,9227
-0.39,10834
-0.0413,5560
0.0427,3311
0.154,1865
-0.0202,6225
-0.382,10413
0.268,949
-0.208,8036
-0.173,8551
-0.241,10864
-2.5e-16,10245
