coef,rank
0.0854,3914
-0.0372,6245
0.0961,2379
0.28,1757
-0.471,7209
-0.0979,5439
-0.455,9740
-0.0766,7474
-0.0458,6769
0.179,1693
-0.0907,7182
-0.262,9697
-0.0193,5784
-0.0753,8266
0.25,569
0.404,376
-0.101,6139
1.07,164
-0.052,7776
-0.0246,7014
-0.0613,7027
-0.0761,7746
0.395,1122
0.15,3246
-0.286,10754
-0.256,10036
0.461,506
0.238,1294
-0.00797,5913
0.48,1911
-0.167,8875
0.0798,2942
-0.182,9048
-0.0727,5917
0.0531,4003
0.259,1668
-0.00444,5619
-0.131,9982
0.0944,2903
0.629,242
-0.0178,5726
-0.172,8692
-0.331,11010
-0.0151,6332
0.0246,4708
-0.0994,7899
0.104,3397
-0.171,7629
0.123,827
-0.0613,8605
0.195,2137
-0.124,8906
-0.0711,6629
0.2,1870
-0.141,8002
-0.0034,5363
0.156,1541
-0.00526,5079
-0.161,7261
0.0907,3566
0.06,2770
-0.00723,5858
-0.147,8063
0.432,315
-0.0535,7470
0.0161,4508
-0.141,8874
0.0701,2930
0.069,3546
-0.198,10482
-0.0385,6214
0.305,2407
0.472,12
-0.0292,6184
0.141,2329
0.0134,4918
-0.454,10254
0.0267,4585
0.0282,4468
-0.0125,5853
-0.0599,7435
-0.223,10162
0.775,297
0.0676,4144
0.0319,4309
0.0473,3779
-0.107,8266
0.286,1514
-0.0338,5870
-0.157,7653
0.0403,3877
-0.00465,5647
-0.206,9372
-0.0278,5830
-0.318,9852
0.0422,4393
-0.182,8699
0.167,979
0.0662,4115
-0.238,10964
-0.147,8793
-0.0688,6872
-0.0578,7375
-0.0955,8363
0.0775,3069
0.169,2133
0.313,1612
0.0206,4845
-0.0474,6267
-0.149,8622
0.21,1571
-0.0582,6754
-0.71,10597
-0.0333,5857
-0.0179,6205
-0.101,9466
0.319,1074
0.081,3336
-0.00955,5732
-0.146,8370
0.11,2908
-0.0847,8644
0.0955,2223
0.298,71
-0.262,9262
0.0782,4112
0.0433,3730
-0.0648,6753
0.134,3062
-0.197,9450
-0.0432,6175
0.0474,4313
-0.0466,7027
0.112,2496
-0.0849,6629
-0.0133,5782
-0.979,10066
-0.0111,5341
0.0794,2559
-0.0896,8128
-0.627,10996
0.299,62
-0.222,9007
0.283,807
0.087,3194
0.0809,3304
-0.169,8002
-0.406,10967
-0.121,9398
0.126,3166
-0.198,10228
0.332,36
0.279,3266
0.0583,3834
-0.493,10356
0.0434,4267
-0.161,9982
0.388,191
-0.101,6973
-0.0102,5593
-0.0582,6995
-0.0432,6780
0.267,914
0.127,693
0.028,4460
-0.0448,6744
0.205,566
0.0826,2461
-0.256,10194
0.044,3873
0.248,1076
0.0849,3873
-0.0103,5588
-0.173,10299
-0.000431,5355
0.0662,3174
0.196,653
0.653,54
-0.368,9162
-0.0744,8636
0.16,1487
0.248,1234
-0.0339,6220
-0.0458,6678
-0.0961,8721
-0.058,8591
0.17,1031
0.00511,5223
0.0903,3450
-0.111,8758
0.0978,3932
-0.245,10734
0.133,1701
0.0653,2314
0.11,2163
-0.127,8031
-0.00909,4986
-0.111,8649
0.0906,3552
0.144,2513
0.00979,4957
0.144,2629
0.174,1259
-0.176,7897
-0.0208,6076
0.0196,4858
0.115,2952
-0.397,9686
-0.19,9636
-0.0983,7576
0.0448,3827
-0.0712,8249
0.21,1005
-0.46,10949
-0.339,10471
-0.0471,6014
-0.0573,8665
-0.0655,7705
0.00359,5220
-0.208,9612
-0.209,8555
-0.0619,6068
-0.378,10882
-0.0253,6296
0.024,4170
-0.0652,6507
-0.579,10981
-0.214,10064
0.104,2147
0.0948,2027
0.138,1083
-0.0243,5853
0.0032,5500
-0.172,9049
0.0991,3583
0.0361,3513
-0.144,8583
-0.276,10154
0.754,174
-0.0456,5950
0.214,1815
-0.42,7181
0.327,1941
0.00174,5318
0.0586,3638
0.167,2252
0.288,152
-0.243,10291
-0.00127,5416
0.0464,4095
2.01,178
-0.225,8793
-0.0624,7755
-0.0221,6409
0.0793,4076
0.273,2200
-0.00986,5192
-0.461,9520
-0.0293,6220
0.0894,2702
-0.147,9314
-0.116,8642
-0.163,9062
-0.322,10695
0.232,814
-0.295,10601
0.0678,3943
-0.109,8406
0.0703,3768
0.359,878
0.186,1661
0.174,284
0.103,2528
-0.291,10514
-0.127,7978
0.252,682
0.16,1765
-0.492,10956
0.329,549
-0.164,8775
0.462,332
-0.0215,6078
-0.00297,5338
-0.0949,7526
0.163,2098
0.0906,3628
0.616,90
-0.197,9755
0.0134,4912
-0.0332,6264
0.0823,3451
-0.125,7446
0.0118,5065
0.0537,4189
0.0972,2043
0.048,3682
0.279,1913
-0.161,9171
0.119,3339
0.124,3131
0.182,1356
0.235,496
0.107,2563
-0.122,7736
0.0711,3667
-0.218,8075
0.032,3725
0.628,26
0.155,1586
0.136,3300
-0.0364,5564
-0.0937,8127
0.0247,4244
-0.0866,7949
0.203,1261
-0.24,8228
-0.132,7619
-0.39,10864
-0.0488,5987
-0.0716,6261
0.0622,4257
0.0745,3658
0.0423,4351
-0.0925,6147
-0.0714,7931
-0.0456,6685
0.0633,3389
-0.0725,7010
0.0399,3501
0.0659,4344
-0.0526,7490
-0.0461,6936
-0.214,8915
0.242,1695
-0.0789,7711
-0.101,6294
0.0136,4775
0.0941,2286
-0.0416,6825
-0.183,10258
0.023,4799
-0.0819,6712
0.18,699
-0.224,8385
-0.275,9028
0.0311,3877
-0.0829,8800
0.165,1998
0.0486,3746
-0.3,10771
-0.438,7557
0.53,1292
-0.115,4175
0.0894,3804
-0.551,10712
-0.399,8424
0.0468,4468
0.182,2131
-0.221,10125
-0.00293,5221
0.112,1153
0.0376,3208
-0.923,10543
0.0091,5084
0.0448,4283
0.236,1782
-0.319,10777
-0.264,11009
-0.104,5893
0.198,1753
-0.135,9018
-0.0907,7328
-0.0584,6273
0.0222,4507
-0.0212,5899
-0.194,8308
-0.112,6979
-0.415,9429
0.374,368
0.0575,3433
0.182,2615
-0.0838,9193
-0.488,10987
-0.475,10150
-0.106,8516
0.39,110
0.379,111
-0.497,11018
-0.241,7404
0.344,621
0.0964,2278
-0.233,10471
-0.109,8134
0.362,1303
0.204,1517
-0.555,10812
0.368,282
-0.14,9652
0.471,1041
-0.0157,5799
-0.288,10197
-0.0868,7537
-0.0574,6843
0.012,4903
0.0619,4012
0.105,3108
-0.0684,6710
-0.228,7463
0.0692,638
-0.144,9392
0.194,1784
0.118,3641
0.341,689
-0.149,8170
0.2,520
-0.0248,6985
-0.0505,10375
0.198,1404
0.606,679
0.17,1654
-0.106,6420
-0.0149,6019
0.454,316
-0.0857,6987
-0.512,10988
0.638,701
0.29,1082
0.0427,3928
-0.203,9614
-0.417,10705
0.205,1832
0.101,3205
-0.00799,5376
0.0649,3456
-0.247,10150
-0.0649,6831
0.497,245
-0.0836,7996
0.584,201
0.0329,4401
0.111,1375
-0.508,8340
-0.073,6250
0.294,1115
-0.00554,5241
-0.109,9010
0.507,185
0.268,1553
0.156,3333
0.00819,4919
-0.235,8362
0.0697,3453
0.174,2845
-0.0899,6810
0.0374,4251
-0.167,7785
0.0138,5046
0.173,439
-0.0472,7713
-0.162,8765
-0.254,9984
0.193,1429
-0.232,10555
-0.0114,5800
0.223,2115
-0.132,7826
-0.23,9075
-0.0873,7732
-0.249,9460
0.159,1791
0.0687,3379
-0.107,7370
0.000338,5024
-0.101,8576
0.374,163
0.0957,2747
0.0746,3690
-0.0586,6886
-0.206,8441
0.0922,2596
0.0534,4095
0.00696,5077
0.404,889
-0.0982,8643
-0.0611,6450
0.0512,4350
-0.172,9657
-0.236,10684
0.192,702
-0.0542,6847
0.244,476
-0.0673,7168
0.0372,4326
0.0164,3958
-0.201,10070
-0.14,9714
-0.555,10755
0.384,1423
-0.0683,7772
-0.11,8636
0.0156,4845
-0.224,9921
-0.0441,6110
-0.269,7874
0.426,91
0.0979,1315
-0.00753,5516
0.286,1999
-0.163,9068
-0.0184,5071
0.291,1094
-0.4,10496
-0.102,9251
0.986,167
-0.333,8872
0.382,1606
0.294,2067
0.09,1968
0.0535,3529
-0.0373,6825
-0.208,10516
0.0864,3817
0.121,2588
-0.0722,7815
0.383,241
-0.0629,5440
0.405,810
-0.335,10076
-0.801,10591
-0.0386,6745
-0.17,9649
-0.107,7476
0.0959,3344
0.235,843
-0.159,7963
0.201,602
-0.0402,7431
1.9,286
-0.0405,5001
-0.864,10720
0.0242,4836
0.229,569
-0.0555,6261
-0.31,10923
-0.157,8547
0.0255,4627
0.121,2545
-0.192,9980
-0.185,9241
-0.0733,7394
0.203,1197
-0.843,10964
0.0534,4723
0.402,52
-0.18,8804
-0.121,7842
0.185,1512
-0.227,9875
0.201,1539
0.0615,3683
-0.188,8835
0.138,2161
-0.0539,6942
-0.118,7660
-0.369,10857
0.0943,2599
0.233,474
-0.0586,7071
0.0138,4945
-0.018,5505
0.093,2162
0.0296,4542
0.201,2217
-0.0418,6329
0.0786,3593
0.156,2135
-0.132,8297
0.0408,4157
0.0725,2470
-0.04,5555
0.117,2369
0.123,2800
0.272,3007
-0.0144,5854
-0.112,8261
0.211,2310
-0.08,8160
0.051,3641
0.21,1617
0.121,1928
-0.00011,5308
0.183,1497
0.275,197
-0.123,6911
-0.0422,5897
-0.0191,6430
0.185,1932
0.289,1286
0.184,1452
0.00994,5065
-0.13,8877
-0.0644,7235
-0.214,10397
-0.22,9273
-0.348,10203
-0.0883,7729
0.592,242
-0.0129,5540
-0.088,8591
0.322,1483
-0.121,9867
-0.147,7051
-0.393,8708
0.126,2178
0.149,1690
-0.292,10461
-0.0457,6376
0.0153,4664
0.165,2271
0.186,1223
0.128,1617
0.075,2234
0.397,72
-0.0249,6131
-0.0767,7377
0.122,1956
0.0456,4448
-0.0829,8238
-0.0118,5385
0.546,1685
0.278,348
0.0714,2495
-0.162,10710
-0.33,11010
0.0184,5020
0.0359,4517
0.0305,4239
-0.0676,8887
-0.0222,5928
0.00543,4948
-0.113,7398
0.73,41
-0.204,9404
-0.274,10284
-0.209,8776
-0.157,8942
0.189,2531
0.287,387
-0.174,10469
0.000669,5180
0.181,2830
-0.0435,7162
-0.414,10249
-0.2,8675
-0.0686,8512
-0.312,9131
-0.279,7189
-0.539,7098
-0.424,9893
-0.434,9199
-0.15,7453
0.0785,3910
0.148,1743
-0.0413,6794
-0.0383,6972
0.134,407
-0.207,9226
0.0277,4672
-0.0304,5205
-0.194,10438
0.109,2537
0.201,619
0.124,3048
0.113,2385
0.122,3302
-0.0629,7388
-0.178,9562
0.14,2418
0.00168,4741
-0.068,6626
-0.117,8041
-0.485,10946
-0.1,8769
0.125,1951
-0.148,7386
0.145,1443
0.0855,3828
0.242,1914
0.108,2358
-0.138,7696
0.431,234
0.352,1986
-0.0936,7576
0.0155,4967
-0.055,6851
0.188,1159
0.0667,3876
0.216,1507
0.259,1396
-0.341,10221
-0.204,9035
0.0444,4022
0.434,200
-0.655,10655
0.0249,4752
-0.272,10043
-0.0502,6607
-0.0835,7678
-0.14,9718
0.266,588
-0.235,7322
0.116,3272
-0.0607,7376
0.158,690
0.207,540
-0.215,9548
-0.0851,9074
0.233,2421
0.138,2150
-0.0934,8839
-0.0935,6303
0.0108,4972
0.00568,4884
-0.199,9274
0.189,1970
0.215,621
-0.0364,5969
-0.0436,5874
-0.359,8282
-0.392,10316
-0.241,10893
0.287,936
-0.141,8226
0.00843,5228
0.113,2612
-0.401,9872
0.0378,4340
-0.0707,7232
-0.211,9960
0.033,4252
0.256,2613
0.331,2889
-0.0188,6136
-0.11,9198
0.108,2357
-0.13,8658
-0.14,8442
-0.283,9438
0.205,596
-0.0308,6197
-0.0186,5551
-0.18,7860
-0.115,8233
-0.085,8292
-0.0931,8512
-0.0818,8887
-0.0581,6785
0.3,1378
0.0298,4194
-0.0366,6205
0.136,3190
-0.0693,7896
0.0828,3415
0.05,4102
0.121,3016
0.148,3319
0.173,1841
0.192,2015
-0.0475,6369
-0.475,10437
0.231,1926
-0.307,10702
0.00746,5082
0.141,3436
-0.418,9977
-0.194,8986
-0.228,9166
-0.0104,5577
-0.125,9225
-0.0544,6549
0.388,872
-0.0911,8909
0.29,2635
0.276,2362
0.432,172
-0.139,10239
0.226,1321
0.0299,4761
0.145,1833
0.324,1275
-0.251,10794
-0.0295,6246
0.00298,5282
-0.0228,8914
0.0224,2798
0.0131,2988
-0.0256,9629
0.449,2809
0.000337,5311
-0.208,6467
1.38,758
0.332,2832
-0.13,8333
0.0297,4810
0.529,1357
0.431,365
-0.15,6770
-0.133,9314
-0.0203,5537
-0.226,5429
0.131,2440
0.0418,4374
0.0474,2955
0.24,712
0.174,1760
-0.139,7554
-0.447,10752
0.216,2884
-0.144,7705
-0.238,10365
-0.121,7691
0.0791,3872
-0.356,9978
0.398,532
-1.42,10280
-0.211,9713
0.0384,4443
0.437,571
0.0779,3618
0.0201,4886
0.062,3017
-0.171,8608
0.126,3290
-0.0523,6927
-0.0061,4961
-0.0324,6176
-0.0665,7914
-0.0731,9407
0.0309,4349
-0.00242,5353
0.0234,5052
-0.358,10143
0.103,2926
0.106,2552
0.108,3311
-0.0298,6235
0.0671,3953
-0.146,9826
0.162,986
0.162,1718
-0.154,9137
-0.0477,7196
-0.584,10961
-0.23,8043
-0.371,10939
0.0689,3067
-0.775,10167
0.0748,3176
0.184,2231
0.15,2463
0.145,1784
-0.117,7954
-0.199,8196
0.128,1633
-0.298,9360
0.0661,3350
-0.107,8819
-0.0102,5558
-0.11,8602
0.166,1818
-0.13,8021
-0.194,7970
-0.0236,6535
-0.0227,6253
0.639,947
0.023,4717
0.0126,5013
-0.0934,7453
-0.0436,6539
-0.0973,9037
-0.754,8302
-1.04,9283
0.0295,4381
-0.399,8680
-0.0385,6077
-0.103,9439
-0.122,7159
-0.178,9904
0.00199,5285
0.0361,3887
-0.154,9906
0.053,3605
0.221,3284
0.126,4214
-0.371,6859
-0.328,10154
0.413,380
-0.0713,6979
-0.602,10423
0.0187,4937
0.146,1299
-0.146,9227
-0.138,8915
-0.139,8511
-0.358,10769
0.12,2515
-0.0123,5812
0.106,2661
-0.0532,6679
-0.204,8741
0.024,4403
0.0567,4142
0.0577,3955
-0.124,7983
0.125,2789
-0.331,9042
0.282,1701
0.0711,3744
-0.129,7485
0.0111,4929
-0.0461,6655
-0.199,9196
-0.135,8844
0.349,486
0.109,1957
-0.133,9379
-0.109,10495
0.184,2006
0.27,776
0.341,570
0.0476,3111
0.126,3074
-0.0892,8931
-0.374,8797
0.012,4832
0.696,184
0.0459,4218
0.0678,2546
0.086,3360
-0.0492,5195
0.0384,4263
-0.195,10090
-0.0509,5896
0.0217,4535
-0.284,10394
-0.0864,6343
-0.166,8906
0.0802,3441
-0.3,9737
0.0113,4931
0.0435,3975
-0.166,7755
-0.0533,7215
-0.102,6897
-0.351,9294
-0.246,9294
-0.231,9192
-0.0152,5573
0.205,1660
-0.14,10039
-0.0733,6824
0.259,2412
0.276,1540
-0.604,10927
-0.0192,6095
0.0757,3514
0.217,962
-0.223,8109
0.484,1089
0.296,2934
0.0697,2704
0.0703,3664
-0.178,7039
0.00554,5157
-0.155,7464
0.251,810
-0.0518,7555
0.0163,4617
-0.0133,6293
-0.221,9218
-0.0927,8800
0.0171,4739
0.272,138
0.0958,2517
0.255,1222
0.0495,3745
-0.181,8061
-0.0441,5670
0.255,866
0.192,1583
-0.0067,5591
-0.000391,5527
-0.127,8047
-0.254,9697
0.25,1392
0.04,4072
0.0124,4884
-0.0911,6738
0.227,2230
0.339,368
-0.122,8750
0.0147,5034
0.0371,4384
0.0294,4496
0.0238,4842
0.0484,3912
-0.0579,9651
0.0429,4436
-0.249,6433
-0.0272,5120
0.147,2125
0.234,288
-0.151,9407
-0.141,7756
0.0797,3331
0.53,1293
-0.0289,6420
0.00911,5062
-0.0662,8016
0.0457,4358
-0.00263,5430
-0.611,10254
-0.464,10719
-0.0654,6116
0.0247,4765
0.354,834
0.014,5063
0.239,1656
0.413,848
0.00951,4919
0.0369,4121
-0.161,6707
0.316,655
-0.0603,6539
-0.0561,5881
-0.168,9776
0.172,1556
-0.235,9303
0.0912,3178
-0.107,7151
-0.398,10185
0.112,2751
0.088,2953
-0.0906,7597
0.327,932
-0.0811,8235
-0.671,9709
-0.0291,6792
-0.143,9488
0.127,3185
0.0543,4309
0.141,3146
0.0717,3691
-0.222,9636
-0.332,9831
0.0882,3702
0.197,1268
0.133,952
0.483,66
0.0259,4498
0.164,1340
-0.175,10145
0.142,1662
0.255,1157
0.259,1129
0.133,1052
0.000135,5240
0.294,270
-0.134,8471
0.00475,5258
0.12,3052
0.412,58
0.0647,3146
-0.234,7078
0.0178,4787
0.106,2656
0.0289,4747
-0.0704,7269
0.0342,4429
0.315,1047
0.261,523
0.0319,4084
0.156,1865
-0.172,9497
-0.0927,7764
0.0497,3391
0.0341,4873
0.0231,4560
-0.216,9498
0.0487,3838
0.244,2153
0.428,433
0.023,4929
-0.0505,6981
0.0262,4132
-0.0793,7705
-0.0621,6956
0.385,804
0.153,2116
-0.0368,6615
-0.118,9292
-0.0184,6110
0.114,2283
-0.0146,5329
0.304,2247
-0.0124,5971
0.152,1049
0.0144,5000
-0.0529,6791
-0.0967,6579
0.174,2266
-0.209,8872
-0.0126,5574
-0.0367,6133
-0.101,7526
-0.303,8491
-0.503,10853
-0.163,10092
0.0736,2798
0.0322,4633
-0.195,9784
0.0227,4908
0.723,155
0.0887,2411
-0.0243,6276
-0.344,10451
-0.0498,6426
0.183,2237
-0.349,8891
-0.0619,6610
0.116,2338
-0.0145,6251
-0.0739,6751
-0.0243,6182
0.0326,4640
0.06,2366
0.111,3019
-0.0583,6420
0.287,2281
-0.292,7067
0.0417,4420
0.163,1832
-0.136,9567
-0.123,8740
-0.0659,7654
-0.377,8374
0.231,1857
0.192,538
-0.284,10978
0.298,1313
0.359,941
-0.246,9700
0.105,2509
-0.166,10141
0.0861,2761
0.283,1548
0.0604,3932
-0.268,10590
-0.756,10253
0.348,714
0.152,2500
0.279,614
-0.0161,5600
0.0728,2107
-0.0129,5365
-0.156,10602
0.632,81
-0.187,9262
-0.141,9052
-0.92,9704
-0.00829,5182
-0.0627,8066
0.0992,2553
-0.0577,7174
-0.261,9829
0.115,3252
0.0828,4099
-0.0266,6330
0.193,827
0.26,1765
0.231,1497
-0.112,7649
-0.238,9909
-0.0105,5426
0.297,302
0.0749,3674
0.00999,4985
0.0211,4860
-0.128,9630
-0.26,9837
0.00312,5222
-0.137,7932
-0.00487,5235
0.186,1414
0.0126,4865
-0.123,8994
0.0872,3467
-0.118,8755
0.424,845
-0.0727,7796
-0.0471,6899
-0.155,10255
-0.096,8561
0.69,450
-0.00189,5412
-0.121,8759
-0.0323,6388
0.0767,3721
-0.215,7631
-0.128,8072
-0.00836,5431
-0.341,8878
-0.15,9649
-0.0702,7049
0.111,2429
0.11,3130
0.156,2225
-0.222,9690
-0.167,8055
0.0952,2103
-0.0427,6861
0.00631,5172
0.113,3573
0.00367,4879
0.0324,4335
0.0774,2077
-0.247,10508
-0.245,10513
-0.107,7688
-0.222,10394
0.0609,2917
-0.0598,7628
-0.14,9215
-0.183,7848
0.147,3842
0.296,2431
0.397,439
0.00879,5035
0.443,335
-0.149,10282
-0.201,8661
0.0835,3639
-0.112,7390
0.00914,5069
0.0707,3510
-0.231,8598
-0.00804,5637
-0.0602,6270
-0.203,10575
-0.0247,6519
-0.0173,6027
0.00945,5015
-0.301,10747
0.0124,5099
-0.00982,5822
-0.152,9323
-0.0385,6050
-0.328,10854
0.131,2017
0.16,2835
0.338,455
-0.0912,6042
0.0648,4062
-0.108,6957
0.463,392
-0.334,7099
-0.151,8750
0.494,667
-0.00848,5594
-0.112,8475
-0.146,8018
0.021,4632
-0.136,9195
-0.0172,5842
-0.00806,5347
-0.865,11002
0.0309,4269
-0.151,8471
0.028,4002
-0.16,9448
-0.116,7305
-0.011,5626
0.0415,4391
0.115,2783
0.0286,3783
-0.106,7343
0.102,2874
-0.349,10023
0.0532,3859
-0.0244,6387
-0.0939,8085
0.427,313
-0.0621,7298
0.0188,4723
-0.144,9783
-0.0169,5958
0.0472,3432
-0.0629,7220
0.0248,4593
-0.165,8036
-0.045,6969
-0.127,8625
-0.00335,5164
-0.00947,5530
0.0272,4715
-0.117,6924
0.158,3010
-0.103,8522
-0.223,10498
0.214,935
0.115,2159
-0.0908,5954
0.00502,5033
-0.0802,8104
-0.126,9313
0.136,2972
-0.0678,7614
-0.00548,4896
0.0963,3132
-0.0748,8798
0.0132,4993
-0.034,6231
-0.143,9333
0.178,1618
0.00919,4973
0.272,811
-0.0809,8666
-0.00686,5337
-0.0229,6003
0.284,1308
-0.115,7439
0.223,1000
-0.0436,7469
0.0388,4091
-0.207,10183
-0.0316,5934
0.0572,3950
0.0699,2736
-0.013,5911
0.177,2210
-0.0538,6699
0.0846,3528
0.0791,3669
-0.0997,8776
0.217,980
-0.374,10840
-0.0332,6414
-0.111,8283
-0.365,10452
0.00664,5501
0.106,2518
-0.0244,6139
1.3,50
0.256,417
-0.278,10473
-0.0644,7798
-0.4,6661
-0.14,6987
0.034,4390
0.725,1856
-0.0458,6669
0.125,2758
-0.178,6744
-0.0024,5294
-0.258,10320
0.0548,4419
-0.149,8855
0.062,2865
0.581,172
-0.101,6740
0.127,2449
-0.0239,5445
0.127,1685
-0.0157,5682
-0.106,7437
-0.00617,5485
-0.176,8290
-0.00259,5635
0.612,718
0.135,1659
0.545,719
-0.00324,5597
-0.1,7169
-0.016,5639
-0.0425,7377
-0.226,10427
-0.184,9344
0.0301,4345
0.216,3067
-0.433,9514
0.0373,3754
-0.0935,9603
0.452,377
-0.115,8366
0.634,525
-0.137,5718
-0.0722,8028
0.207,1167
0.233,1454
0.0395,4232
-0.308,10632
0.0372,4276
0.0486,3849
-0.039,7382
0.0973,1700
0.00738,5224
0.00401,5365
0.429,26
0.0688,1449
0.294,357
0.167,2674
0.117,1560
0.35,1114
-0.0556,7054
0.0038,5166
0.161,1000
0.22,1297
0.00364,5394
-0.161,9830
-0.222,8729
-0.0234,6525
-0.0327,6072
0.0164,3678
-0.045,5787
-0.0311,10046
0.0492,4336
0.265,476
0.0333,4764
-0.162,8249
-0.279,10880
0.101,3043
1.1,405
-0.277,10413
0.639,339
0.264,1948
-0.0833,8316
-0.0756,6361
-0.283,9687
-0.168,8796
0.0357,4433
-0.252,9815
-0.0871,8425
-0.189,10089
0.335,1304
-0.0806,5548
-0.268,10009
-0.0331,6209
-0.388,11018
-0.14,9366
-0.174,9913
0.106,3520
0.0677,4206
0.112,3138
0.0351,3358
-0.0158,5419
-0.0179,5721
-0.0398,6470
-0.172,9351
-0.163,7782
0.0118,4784
-0.00282,5606
0.0503,4056
-0.184,9258
-0.174,10044
0.0513,4504
-0.496,10895
-0.0948,8036
0.286,825
-0.0763,7010
0.126,2487
0.489,791
-0.0942,8624
-0.0576,7381
-0.0718,6241
-0.55,10989
0.0264,4718
0.833,529
-0.141,8796
-0.149,7816
-0.0946,7997
-0.288,10796
0.147,3537
0.115,2654
0.0528,3500
-0.0195,6075
-0.0707,6606
-0.0894,7873
-0.195,9188
0.311,1896
0.031,4423
-0.0477,7938
-0.083,6374
0.24,1321
-0.201,8915
-0.14,7202
0.0929,2440
-0.016,5729
-0.105,8098
-0.171,9403
0.037,4250
-0.127,8565
0.0705,1821
0.0632,1859
-0.132,9210
0.042,4090
0.69,853
-0.0821,7853
-0.0228,6270
0.15,2484
0.0308,4535
0.461,789
0.527,797
0.0364,4350
-0.178,8802
0.185,985
0.0962,3155
-0.0812,8285
0.0653,3886
0.0792,3394
-0.0935,7626
0.05,3559
-0.00898,5283
0.0121,4909
0.0244,4527
0.0683,3473
0.0458,2992
-0.104,9300
-0.288,9052
-0.173,6991
-0.247,8461
-0.109,7275
-0.0476,6040
0.173,1048
-0.0427,6897
0.185,1125
-0.101,7433
0.562,66
-0.119,8557
0.0552,4030
0.15,3275
-0.312,8897
0.111,4022
-0.175,8557
0.224,463
0.197,1996
0.127,2850
-0.0318,7229
0.249,2583
-0.0767,5593
0.143,817
0.216,1049
-0.0665,7753
0.111,3961
-0.734,10472
0.0746,3740
-0.0933,8304
-0.0571,7213
-0.155,7537
-0.198,7468
-0.0057,5540
-0.0435,6870
0.438,87
-0.016,5800
0.0882,1943
0.106,2566
0.0586,3896
0.00772,4986
0.0476,3853
0.124,2081
-0.0574,6212
0.201,1143
-0.0398,5667
0.463,1646
-0.0456,6343
0.556,129
0.0551,3995
-0.111,8483
0.0607,4472
0.0766,3754
0.0838,2020
0.0491,3177
0.382,1370
-0.251,7713
-0.363,9496
-0.186,7915
-0.00756,5627
-0.211,10787
0.237,807
-0.631,11023
-0.23,9896
-0.153,8961
-0.129,9532
-0.249,10311
-0.132,7575
-0.155,8853
0.168,1401
0.19,2150
0.184,1729
-0.128,8874
-0.13,8681
0.506,410
0.0109,5141
-0.0317,5931
-0.199,10030
-0.0272,6634
0.16,1631
0.127,3253
0.0466,4619
-0.811,10847
0.0383,4182
-0.0557,7125
-0.2,8477
-0.284,9290
0.125,2294
-0.2,10446
0.0356,4263
0.0764,2541
0.0486,3360
-0.316,10440
0.143,2474
0.191,1915
0.335,98
-0.0471,6879
0.244,732
-0.175,9537
-0.0382,7233
0.466,947
-0.0822,8686
0.0125,4820
-0.204,8763
-0.616,11012
0.06,3768
-0.544,10981
0.19,637
0.236,2868
0.0373,4247
0.382,368
-0.183,8148
0.15,2902
0.149,1375
0.278,179
0.186,707
0.000311,5379
-0.135,7518
-0.108,8851
-0.134,10288
-0.143,7728
0.279,2239
-0.0124,5909
-0.0613,6735
0.25,555
0.215,1665
-0.0719,8368
0.035,4655
0.111,3134
0.0947,3120
0.0268,4532
-0.0328,5916
0.292,622
-0.403,10844
-0.295,9578
-0.581,10853
0.269,314
0.166,2118
0.0357,4854
0.364,123
0.24,1328
-0.136,7533
-0.074,8241
0.249,338
-0.361,9718
0.0433,3621
0.382,1274
0.0484,4522
-0.157,9237
0.0757,3461
-0.0655,8509
0.125,2544
-0.193,10222
-0.123,8553
-0.0859,8315
0.0617,3404
0.111,3245
-0.271,9864
-0.0564,6494
0.0883,3783
-0.119,8201
0.0964,2396
-0.234,9696
-0.0466,6255
0.177,2033
0.0566,4407
-0.0553,6512
-0.0739,7737
0.00595,4977
-0.0375,6697
0.049,3947
-0.111,7677
0.0138,4629
0.0403,3796
0.0628,3146
-0.00989,5471
-0.137,7705
-0.418,10931
-0.00897,5598
-0.0738,7352
0.0714,2531
-0.189,7677
0.15,3122
-0.0451,5982
-0.0715,7171
0.0393,3959
-0.399,8335
-0.0126,5180
-0.0876,6897
-0.263,5390
-0.0786,7273
-0.0733,5495
0.309,567
-0.462,10661
-0.0737,7289
0.0557,3763
-0.0135,5930
0.0743,2842
0.5,977
-0.255,10272
-0.15,8850
0.0384,3775
-0.11,10121
0.119,1805
0.111,3351
-0.0979,6949
-0.27,8744
-0.321,10714
0.0627,2148
-0.146,9603
0.0947,3028
0.287,2472
0.043,4305
-0.149,7535
0.0857,3091
0.133,1329
-0.127,7746
0.0969,3166
0.309,735
-0.0478,6828
-0.0319,6271
0.224,2044
-0.352,6240
-0.0676,6555
-0.0175,5778
0.0172,4710
-0.322,10344
0.434,209
-0.0739,6131
0.314,618
0.423,1062
-0.0654,7436
0.0369,3685
-0.0115,5582
0.0599,4027
0.243,1450
-0.176,8411
-0.143,9639
0.0403,4206
-0.549,10466
-0.146,8159
0.0179,4822
-0.539,9844
-0.0358,6716
-0.0848,7212
-0.179,9138
0.402,687
-0.179,8636
-0.346,8140
0.186,860
0.315,443
-0.185,5800
1.02,1167
-0.218,10515
0.692,1352
-0.19,10829
0.209,590
-0.226,6867
-0.248,8152
0.137,3234
0.00148,5299
-0.226,9498
-0.127,9444
0.213,871
-0.0939,7141
0.0669,4176
-0.0941,7399
-0.0387,6891
-0.084,7298
-0.355,10241
0.24,730
0.214,1505
0.252,137
-0.0999,7926
0.331,664
-0.179,8033
-0.26,10515
0.117,2804
-0.0251,6352
-0.124,7476
0.147,2763
-0.111,7941
0.597,363
0.287,1543
0.365,166
-0.036,6473
-0.168,9860
-0.202,8749
-0.144,8863
-0.0603,6839
-0.0591,9527
-0.062,9006
0.0193,4650
-0.0984,7627
-0.0789,8359
-0.444,10974
0.118,1644
0.0185,4627
-0.237,6914
-0.0158,5544
0.583,1387
-0.141,8587
0.257,1281
-0.0566,6366
-0.148,8445
-0.184,8794
0.033,4448
-0.187,9421
0.126,2137
0.102,3177
0.231,1904
0.224,2576
-0.093,7343
0.108,3335
0.0471,3884
0.0926,3380
0.0597,2526
-0.411,11017
-0.0326,5584
-0.154,8278
-0.0421,6577
-0.0475,6765
-0.0551,6905
-0.118,7892
-0.243,7920
0.00018,5490
0.0206,4814
-0.0175,5958
-0.27,10101
-0.141,7161
-0.0604,6723
0.0756,4022
0.00422,5029
0.00722,5198
0.0945,2808
0.183,1321
-0.0266,6507
0.0443,4007
-0.12,8701
0.0708,3469
0.165,2192
0.16,1298
0.221,1134
-0.0257,6145
-0.0577,8048
-0.0188,6134
-0.182,8899
0.0235,4670
0.133,933
-0.095,8383
0.0629,3728
0.0373,4545
0.00903,5079
0.154,2027
-0.144,7725
0.00336,5133
0.16,1705
-0.154,10139
-0.262,9944
-0.119,6502
0.131,3238
-0.0524,6461
-0.285,10229
-0.0265,6160
-0.187,9062
0.398,2049
0.0143,4687
-0.291,9654
0.252,1214
-0.0016,5443
-0.61,10512
0.0718,3621
-0.053,6736
-0.22,7808
0.197,602
-0.131,7273
-0.116,8146
0.0266,4721
-0.0203,5569
0.977,21
0.191,353
-0.0522,7046
-0.0234,5403
0.634,208
-0.138,8173
0.0733,2840
-0.038,7169
-0.024,6588
-0.0714,7759
-0.0871,6970
0.122,1795
0.34,539
0.0567,3454
-0.111,7431
0.17,1482
-0.45,10864
0.0307,4802
-0.0428,6890
-0.137,8740
0.0537,4224
0.185,2754
0.192,641
0.354,1619
0.24,1318
-0.0546,8236
0.605,236
0.196,1644
-0.125,9126
-0.0463,6899
-0.0315,5812
-0.105,9404
-0.193,9283
-0.25,9681
-0.131,6954
-0.31,9850
-0.611,10540
-0.195,10140
-0.239,10947
0.0722,2511
0.209,2039
-0.147,8132
0.475,331
-0.146,8953
0.322,268
0.527,365
0.124,2577
-0.51,10797
0.0668,4050
0.0668,3309
0.0533,3658
0.219,2011
-0.15,9537
-0.0628,6279
0.504,1127
-0.00577,5739
0.556,156
0.0927,3719
-0.238,10809
-0.231,9578
0.473,1116
-0.00132,5420
-0.00133,5265
-0.275,10710
0.0358,4460
0.323,1022
-0.0846,7902
0.0837,2834
-0.0514,5950
-0.195,8996
0.178,969
-0.764,10979
0.194,2446
-0.0179,6486
0.0429,4017
0.0763,2770
-0.135,9487
-0.0406,6465
0.0898,2889
0.0189,4782
0.0546,3084
0.0327,4488
0.2,1896
0.161,2797
0.0187,4875
0.169,1586
-0.154,8702
0.288,2091
-0.0386,6399
-0.0403,6528
0.166,3162
-0.0439,7284
0.023,4781
0.148,870
0.228,482
-0.000343,5408
0.221,1442
0.078,3963
0.157,2769
0.196,993
0.0922,3611
0.294,1633
-0.016,5504
0.158,2796
-0.0631,9579
0.093,3515
-0.238,9475
0.0574,4125
-0.216,8777
-0.19,9359
0.578,111
-0.101,7712
0.0801,3951
-0.191,9812
0.0602,3422
-0.21,10375
-0.00242,5722
0.302,593
0.315,137
-0.406,10105
-0.217,8944
-0.072,8275
0.154,827
0.347,1067
-0.0358,6612
-0.0561,6619
0.00329,5258
0.217,1649
-0.0345,6813
-0.0686,7302
-0.136,8675
0.0578,4471
-0.544,10914
-0.0906,6685
-0.147,7972
-0.0147,5669
0.0655,4094
-0.16,6149
0.44,429
-0.0794,6896
-0.0049,5587
-0.136,8049
-0.0771,8300
-0.104,8802
-0.204,8005
-0.0647,8603
-0.000141,5658
-0.0955,6589
-0.48,10889
-0.099,9787
-0.622,9893
0.0484,3589
-0.00849,5709
-0.0334,5973
-0.164,8832
0.179,2824
0.0657,4182
0.0356,4182
0.0612,3301
-0.333,10918
0.0888,3202
-0.276,8729
0.253,1273
-0.114,8489
-0.125,9554
0.12,2527
0.106,3528
-0.151,6768
0.345,593
-0.0132,5929
-0.0489,7074
0.0483,3637
-0.214,8365
-0.14,6990
0.331,386
-0.1,9109
0.0912,1440
0.349,635
0.26,2573
-0.195,9174
0.314,1482
-0.145,7872
-0.0676,6609
-0.26,9953
0.000697,5380
-0.275,9301
0.53,179
0.0812,2552
-0.222,8575
0.362,717
0.0865,2374
-0.583,10743
0.256,2094
0.0831,2220
0.0137,4804
-0.113,7307
-0.0468,6298
-0.0785,7129
-0.218,8533
0.337,246
0.267,826
-0.0515,6805
0.3,1815
-0.122,4851
0.419,770
-0.176,9645
-0.13,7618
-0.092,7562
-0.0413,6340
0.127,2662
0.315,254
0.0365,4297
-0.0277,6299
-0.111,8175
0.497,1900
-0.24,9308
-0.216,9238
0.0433,4099
-0.00609,5713
0.145,2663
-0.218,8855
0.229,395
0.0109,5083
-0.00745,5900
-0.0339,7171
-0.224,8088
-0.101,8174
0.138,2566
0.0722,3877
0.144,2542
0.0736,3678
-0.151,8261
0.0747,4018
-0.361,9927
-0.454,10271
0.252,869
0.135,1202
0.0884,3772
-0.235,9600
0.0536,4374
-0.157,5823
-0.0138,6016
0.189,703
-0.423,10708
-0.0319,6429
-0.0543,6337
0.237,1662
0.0339,4446
0.0692,3032
-0.126,8254
0.179,1305
-0.626,10872
-0.0347,6236
-0.176,9603
0.249,361
-0.27,9930
0.242,1842
0.149,3130
-0.066,7155
0.223,494
-0.0857,9169
-0.103,7357
-0.26,9179
0.313,2691
0.986,872
-0.13,8158
0.0877,2352
0.0364,4614
0.0466,4249
-0.0942,7879
-0.554,10589
-0.272,10859
-0.0713,7984
0.108,2916
-0.172,8141
-0.234,10257
-0.0851,6335
0.146,773
-0.085,7446
-0.402,9415
-0.289,10440
-0.0534,6409
0.252,1599
-0.166,9840
-0.123,8856
-0.0904,7892
0.197,1770
-0.294,8885
0.146,2279
0.0723,2519
0.0287,4796
0.0928,2266
-0.129,8057
-0.0695,6086
0.854,152
0.0233,4783
0.0822,2600
0.0401,4738
0.075,3654
0.00237,5143
-0.124,5850
0.311,1138
-0.166,8669
0.069,4193
0.0155,4934
-0.301,9630
0.122,2391
0.122,2371
0.255,1396
-0.17,10226
-0.115,8012
-0.159,8980
-0.269,8961
0.0666,3572
-0.373,9706
-0.199,9383
0.203,1842
-0.0886,7680
0.466,131
0.145,1338
0.676,101
0.257,1075
0.381,1324
0.178,187
-0.154,8890
-0.0284,6481
-0.0327,5775
-0.0584,6435
-0.0277,5556
-0.292,10523
-0.0911,7747
-0.0455,5831
-0.0234,5709
0.289,1194
0.00969,5027
0.0192,4990
-0.0516,6580
0.0368,3765
0.236,1684
0.16,1939
-0.0496,6593
-0.154,9529
0.0072,5126
-0.126,9649
0.159,2582
0.231,1286
-0.125,7055
-0.056,7018
-0.0754,7404
-0.171,10061
-0.208,9479
0.0879,3230
-0.173,7832
-0.208,7659
-0.125,8551
0.00275,5394
-0.00505,5443
0.017,4928
-0.364,8627
-0.676,10910
-0.0587,8116
0.101,1646
0.221,2018
0.0971,3179
-0.272,7635
-0.0437,6568
-0.0892,7934
-0.143,9873
0.00985,5047
-0.203,8948
-0.0982,8477
0.0923,1877
0.116,1400
-0.267,10660
-0.0206,6052
0.294,196
-0.033,6107
-0.0718,7361
-0.0226,5879
-0.00253,5415
0.22,2214
0.351,307
-0.412,10644
0.0963,3700
-0.072,6934
0.226,1408
-0.241,10247
0.456,1593
-0.64,10118
0.0154,4961
-0.148,9407
-0.197,8229
0.348,2354
0.0231,4013
0.111,2399
-0.0546,6651
0.12,1625
-0.0669,7780
0.157,2086
0.00253,5116
-0.379,10707
0.0202,4650
0.159,1576
0.464,160
0.393,314
-0.271,10242
-0.343,10037
0.335,1136
-0.115,7411
0.157,2161
-0.256,10603
0.073,4260
-0.449,10359
0.0184,5176
0.00572,5143
0.0809,3024
0.0763,3878
0.0554,3382
-0.0836,6448
0.137,884
-0.203,10165
0.135,652
0.297,1748
0.503,347
0.218,74
0.273,1439
0.0832,2777
-0.369,10917
-0.406,10735
0.218,1212
-0.047,5830
-0.147,6905
0.0422,4223
0.142,1300
-0.182,9901
-0.0216,6493
0.139,1332
0.153,1309
0.0314,4709
0.0127,4908
0.197,1128
-0.0824,7184
0.205,1712
0.197,1475
-0.0111,5133
-0.0793,7084
-0.186,8336
-0.833,10274
-0.0218,6341
-0.322,10762
0.068,3892
-0.0274,6269
-0.0598,7761
0.0266,4472
-0.114,8217
-0.0548,6672
-0.15,8412
-0.492,10917
0.0572,3687
0.312,560
0.0358,4209
0.579,201
-0.179,9761
0.0192,4484
-0.0204,6059
-0.169,9354
0.0237,4621
0.0518,4551
-0.105,7364
-0.0456,6616
0.0436,3908
-0.0949,8441
-0.244,7329
-0.287,10212
-0.0608,6527
-0.0179,5942
-0.0446,6685
0.419,434
0.0937,3257
0.0458,4096
0.0992,3748
-0.103,8736
0.0168,4874
0.0568,3183
0.222,707
0.0157,5218
0.0614,3985
0.384,779
0.168,2373
-0.0402,6646
0.417,556
0.176,1284
0.0721,3271
-0.0171,5251
0.0478,3239
-0.026,6647
0.404,1134
-0.147,7506
0.316,842
-0.155,10286
-0.0111,5889
-0.0165,6210
-0.287,10284
-0.156,7911
0.0202,4798
0.233,1608
0.298,1175
0.117,2660
-0.744,10074
-0.785,10954
0.561,1387
0.867,107
0.0603,3975
0.0211,4527
0.226,1799
0.365,415
-0.517,7019
-0.106,6376
0.0155,5040
0.107,798
0.25,1199
0.112,2584
0.0455,4057
0.0246,4735
0.154,1823
0.0783,3042
0.0531,4266
0.115,2741
-0.266,8593
-0.097,8673
-0.124,8646
0.335,177
0.119,3100
-0.337,9041
0.0717,4088
0.0657,2692
-0.22,9094
-0.0422,6784
0.415,2706
0.15,2498
0.042,4497
-0.0836,7412
0.0822,2951
-0.211,9597
0.0719,3417
-0.06,6705
0.23,2033
-0.804,10732
0.144,2295
-0.00103,5553
0.0364,4198
0.147,3034
-0.0843,6432
0.383,1068
0.025,4456
-0.0219,5579
-0.34,10227
-0.0802,5750
0.198,1149
-0.459,10828
-0.161,8768
-0.0652,7964
-0.246,10047
-0.163,8436
0.106,2274
-0.0525,5433
-0.0992,8627
-0.0818,8026
0.00215,5263
-0.399,10974
0.114,3479
-0.0478,6223
-0.436,10902
-0.133,7752
0.00645,5095
-0.187,8620
-0.256,9679
-0.532,10050
0.123,3295
0.102,2601
-0.0805,7194
-0.00148,5371
0.367,434
-0.167,8318
0.00334,5209
-0.149,10192
-0.23,9503
0.172,2775
-0.546,10039
0.311,1134
0.0265,4662
0.0138,4831
-0.154,8954
0.0227,4914
0.0079,5114
0.14,2451
-0.34,10366
-0.105,6621
-0.00967,5726
-0.0273,5981
-0.253,7085
-0.0123,5744
0.2,328
0.00961,5027
-0.26,10228
0.0366,4409
-0.0934,7381
0.0415,4472
-0.107,7702
0.101,2044
0.0515,4209
-0.0137,5646
-0.298,10106
0.0827,3865
-0.00517,5612
-0.105,9131
-0.308,10139
0.0524,4186
-0.261,7645
0.0162,4861
-0.00832,5425
-0.236,10654
-0.446,10805
-0.0835,7314
0.472,717
0.252,1294
0.124,652
-0.0381,6602
0.221,1530
-0.13,8432
0.101,3015
0.11,2902
-0.028,5926
0.00137,5369
0.0892,2640
0.721,746
-0.0794,6053
0.188,2153
-0.0687,7715
0.0806,3034
-0.0807,7962
0.14,2509
0.144,2015
0.159,2183
-0.282,10886
-0.00284,5308
0.154,2143
0.242,1134
0.0364,4326
-0.572,11010
-0.181,10912
0.0875,3375
0.111,3359
-0.055,6112
0.431,846
0.314,2459
0.129,2242
-0.151,8807
-0.145,8588
-0.486,11022
-0.291,10103
0.146,2285
0.00395,5289
-0.0072,5858
0.0036,5270
-0.187,9003
0.0702,4012
-0.345,10867
0.0382,3366
-0.0379,6355
0.0898,3589
0.376,169
-0.195,10046
-0.0252,5917
-0.0139,5492
0.144,703
-0.00755,5363
-0.124,7486
-0.141,8785
-0.256,9274
-0.0654,7997
0.0725,2882
0.0448,4472
0.036,4521
0.158,3111
-0.248,8239
0.0422,4123
-0.106,8962
-0.0424,7125
0.0663,3639
-0.186,9098
0.166,2112
0.0838,2358
0.133,1205
0.0701,3610
0.116,3327
-0.228,9390
0.0677,3713
-0.046,6693
-0.136,8525
-0.275,10228
0.623,654
0.197,1396
-0.476,9278
0.0553,4376
0.312,420
-0.0477,6371
0.126,2686
-0.496,10777
-0.229,9697
-0.0424,6906
-0.015,6277
0.296,703
-0.326,10675
-0.279,10256
0.501,2033
-0.0786,6987
-0.0938,7632
-0.0394,5909
-0.101,6604
-0.057,6500
-0.229,10459
-0.0436,6136
0.175,1697
-0.257,10493
0.000315,5551
-0.0818,6949
0.767,136
0.0638,3539
0.127,1891
0.0466,4681
-0.0946,8532
-0.348,9415
-0.00523,4994
-0.0965,8075
0.00266,5128
-0.287,9209
0.287,816
0.0808,2770
0.0744,2666
-0.127,9886
0.0514,3987
0.037,4445
0.121,2632
-0.279,9258
0.0252,3752
-0.024,6561
0.0185,4595
-0.146,7570
0.398,1453
-0.219,8760
-0.324,9211
0.0345,3864
-0.0845,7945
0.0154,5247
-0.189,8442
0.0488,4578
0.149,1575
-0.0731,8712
-0.135,9819
-0.195,8738
-0.22,10088
0.602,370
0.0292,4849
0.0429,4212
0.0262,4497
0.256,2341
0.215,1157
0.387,1890
0.106,1970
-0.0681,8407
-0.13,8735
-0.151,8612
-0.0681,6437
-0.0287,5759
0.115,2249
0.0852,1652
0.0433,3545
-0.326,10070
-0.496,8387
0.0397,4499
0.21,1860
0.0406,4366
0.0634,3381
0.0298,4569
0.528,350
-0.125,8362
0.35,1369
-0.155,10483
0.261,836
0.000448,5293
-0.00818,5554
-0.0745,6778
-0.146,9395
-0.401,8665
0.0714,3381
1.3,13
-0.21,10173
-0.186,8364
-0.283,9546
-0.188,10940
0.232,915
-0.323,9570
-0.247,7499
-0.0026,5323
-0.401,9608
-0.0568,7429
0.12,1393
-0.507,8066
0.784,1662
-0.801,10838
0.744,601
-0.407,7408
0.0709,3288
-0.257,9836
-0.017,5496
-0.345,9780
0.376,813
0.0122,4942
0.102,2996
1.11,1123
-0.0549,5649
-0.499,9325
-0.234,8727
0.0398,3984
-0.0228,6373
-0.546,8329
0.426,2231
0.109,3747
0.185,2433
0.0157,4876
-0.0468,6919
-0.0166,5331
0.654,271
0.238,256
-0.229,9275
0.163,1858
0.0155,4623
-0.437,7825
0.39,1992
-0.137,7980
-0.0446,5914
-0.43,11022
0.393,152
0.787,507
-0.193,8771
-0.107,7820
-0.199,6643
0.232,1457
-0.246,10611
-0.156,7237
0.0128,5102
0.142,3170
-0.183,6658
0.042,3998
-0.064,7121
0.232,1610
-0.0891,8452
0.516,511
0.00775,4914
0.112,2176
0.0404,3962
-0.352,10526
-0.387,10704
0.164,1518
0.0406,4166
-0.0644,6824
-0.102,6713
0.0329,4390
0.0442,3721
-0.00535,5546
-0.00308,5269
-0.0677,7131
0.135,2535
0.029,4420
-0.0228,6368
0.0741,3181
0.392,1875
-0.276,7350
0.528,885
-0.247,8053
0.229,2272
0.0679,3410
0.264,1024
-0.183,7772
-0.226,10284
-0.0554,6880
0.0908,1727
0.126,3005
0.168,2137
-0.0703,8026
-0.618,10978
-0.111,8725
-0.0291,6090
-0.00898,5184
-0.0191,5800
-0.2,10035
-0.411,10553
-0.0173,6197
0.0536,2848
-0.0336,6233
-0.134,8295
-0.0244,6142
-0.103,7998
0.126,2329
-0.118,8046
0.0141,4701
0.0185,4880
-0.118,8844
-0.198,8683
0.0386,3249
-0.226,10307
-0.0121,5499
-0.0231,5921
0.0129,4810
0.0865,3354
-0.127,10265
0.0163,3868
-0.0428,6659
0.345,785
-0.0951,8542
0.192,940
-0.413,10947
0.0984,2820
-0.369,10875
0.199,2663
0.0135,4946
-0.09,7217
-0.0626,7293
-0.219,8457
-0.102,8502
-0.61,10856
-0.377,10431
0.24,1582
0.0599,2783
-0.00883,5841
0.206,1532
-0.0443,6379
0.223,1672
-0.141,7587
0.18,1694
-0.0588,7070
-0.00274,5690
0.195,1709
0.0444,4033
-0.0206,6135
-0.0574,6418
0.0519,4280
0.129,2628
-0.0272,5796
0.349,1187
-0.217,7184
0.049,3516
0.0543,3443
-0.0217,6297
-0.0595,6911
-0.207,7212
-0.0775,8492
0.0591,2644
-0.202,9654
0.322,959
-0.0788,6432
0.164,2100
0.203,1423
-0.223,9964
-0.0549,7413
-0.0207,5895
0.572,170
0.783,187
0.189,3302
0.139,1541
-0.157,10591
-0.232,8272
-0.404,10080
0.984,279
0.0321,4714
0.132,2804
-0.186,8066
-0.1,7224
-0.274,10618
-0.66,11001
0.0885,2118
0.0779,2886
0.0461,4144
-0.0125,5683
-0.145,9857
0.624,1338
0.809,546
0.0953,981
0.103,3248
0.113,1757
-0.227,10293
0.192,2468
0.193,1860
0.112,1244
-0.134,8862
-0.0426,6577
-0.00669,5065
-0.0209,5648
-0.132,9098
0.0846,2724
-0.0184,6177
-0.158,8416
-0.305,9618
-0.106,6412
0.126,2682
0.0622,2793
0.104,3605
0.051,4146
-0.106,9302
-0.181,8015
-0.531,9329
-0.0611,7688
0.126,979
0.421,623
-0.19,9222
0.109,1371
-0.148,8720
-0.0747,8253
0.00957,5256
1.45,38
-0.165,8435
0.0787,3928
-0.229,9924
-0.153,8024
0.0392,3151
-0.154,9142
-0.144,9216
-0.0173,5676
0.0261,4773
0.0404,4382
0.0144,5030
-0.0675,7172
0.133,1422
-0.205,9306
-0.0685,6355
0.178,901
0.0197,4931
0.148,1960
-0.251,9291
0.199,2567
-0.0138,5846
-0.199,10275
-0.314,10298
0.059,4057
0.145,813
-0.0803,7009
0.389,1156
-0.412,10428
-0.0683,7217
-0.0131,5312
-0.159,9337
-0.113,6894
0.127,2525
-0.0183,5608
0.251,1156
0.124,2528
-0.125,7328
-0.285,8434
0.541,436
0.14,1076
-0.0457,6746
-0.032,6166
-0.384,10499
-0.588,8944
0.0587,2920
-0.0407,6590
-0.00178,5497
-0.176,9006
-0.0792,6721
-0.0304,6228
-0.0781,6630
0.114,2287
-0.124,8085
0.00344,5176
0.178,2036
-0.103,9253
0.0575,3787
0.347,625
-0.0336,7163
0.111,2007
0.194,968
0.103,3041
-0.013,5544
0.00125,5061
-0.134,7492
0.35,920
-0.254,9463
-0.135,7924
0.491,1067
0.0777,3582
0.0858,1618
-0.0659,6525
-0.115,8327
-0.104,7798
0.508,54
-0.0551,6563
0.0688,1949
0.516,2331
0.343,1569
-0.752,10312
-0.0412,6079
0.0618,4290
-0.685,8991
-0.00233,5341
0.112,3263
0.00305,5237
-0.0723,8062
0.37,326
-0.0472,6110
0.0258,4902
-0.24,9802
0.29,666
-0.0488,7392
-0.0465,6495
-0.238,9001
-0.0636,6243
-0.201,9209
0.0601,3712
0.0254,4890
0.175,1490
-0.0811,8354
0.0238,4821
-0.3,10093
0.0474,3278
-0.034,6910
-0.101,8407
-0.0083,5771
-0.128,8678
-0.717,10150
0.00677,4989
-0.0594,7061
-0.251,9681
-0.11,8052
0.412,535
0.247,2114
-0.222,9602
-0.106,9270
0.0686,4043
-0.0541,5949
0.173,1847
-0.177,9519
-0.131,8331
-0.223,8251
-0.0547,6799
-0.315,9628
0.042,4282
0.103,1400
0.0849,2444
-0.133,7272
0.0908,3822
0.2,2356
0.724,103
-0.0482,7093
0.225,1694
-0.263,10699
0.023,5014
-0.00715,5450
-0.0377,6536
0.26,686
0.0703,3985
0.172,1781
-0.176,9679
-0.0418,6248
0.047,3966
0.159,831
-0.157,9740
0.0432,4218
0.439,1210
-0.2,8686
-0.067,6443
0.054,2875
0.0603,4047
0.00851,4853
0.0724,3922
0.0505,4283
-0.0811,8099
-0.293,10181
-0.15,9099
-0.208,9536
-0.079,7710
-0.203,9028
0.0749,3133
0.148,1068
-0.0113,5408
0.11,2630
0.151,2980
-0.0889,7876
-0.000179,5303
-0.015,5762
0.0505,4131
-0.359,10215
-0.136,8055
-0.163,9908
-0.0332,6539
0.0242,4417
0.349,980
-0.17,8739
0.202,2253
0.301,1489
0.17,598
-0.0405,6534
-0.247,9324
-0.402,10843
-0.255,10666
0.0325,3964
0.0806,3383
0.0588,3696
-0.0482,6581
-0.222,9866
0.0774,3878
-0.143,10677
0.0433,4075
0.15,1941
0.0777,4194
0.402,1126
-0.258,8991
0.15,1570
-0.194,10694
0.297,1436
-0.297,9689
0.0679,4292
-0.536,10045
-0.0953,8167
-0.0686,7497
-0.0664,7209
-0.0422,5872
0.486,279
0.125,3518
-0.0876,8688
-0.00554,5645
-0.354,7739
-0.258,9047
-0.105,7576
0.106,3109
-0.0175,6206
-0.226,10423
-0.169,8679
-0.31,10095
0.147,1383
-0.0494,5748
-0.00131,5630
0.111,1914
-0.0841,8594
-0.28,10645
-0.138,8711
0.0973,3413
-0.0824,8657
-0.0432,7174
-0.209,10657
0.0423,4570
-0.273,10413
-0.329,9721
0.12,3324
-0.0654,6594
0.0315,4500
0.0802,2999
-0.136,7734
-0.107,6863
-0.136,8668
-0.079,8999
-0.0647,8054
-0.025,6127
0.104,3417
-0.0872,7130
0.399,628
-0.063,7969
0.0301,4262
-0.159,8999
-0.204,10523
-0.0394,6299
-0.211,10083
0.0643,3049
-0.0502,5668
-0.0305,5417
-0.149,7125
0.652,824
0.383,522
0.0209,4470
-0.124,8423
0.0389,4361
0.444,1132
0.0907,3866
-0.104,8678
0.102,2715
0.0433,3508
-0.332,9794
-0.174,9018
0.0268,4916
0.0235,4319
-0.125,10107
0.125,2980
0.273,295
-0.446,9697
0.448,696
0.027,4322
-0.045,6031
-0.329,10266
0.387,1601
0.207,1857
0.0843,2776
0.106,2065
-0.353,9407
-0.052,6992
0.181,1023
-0.0619,6188
0.0373,4293
2.72e-06,5449
-0.0853,7590
0.129,1839
-0.627,10373
-0.206,8364
-0.19,9995
-0.0937,7568
-0.0691,8984
-0.306,9720
-0.00247,5246
-0.172,9058
-0.0276,6434
-0.0402,6567
-0.0829,8279
0.0677,3385
-0.0714,8210
-0.215,8851
0.016,4800
-0.0457,6742
0.0364,2763
0.0427,4485
-0.0541,6749
-0.192,9603
-0.158,8257
-0.107,7765
0.0401,4486
-0.123,9613
0.266,1609
0.0189,4652
-0.121,8154
-0.0356,6852
-0.0307,6186
0.084,3932
0.142,3090
-0.0128,5640
-0.13,7834
0.0946,3768
-0.0185,5800
0.678,568
-0.171,9328
-0.209,9312
-0.389,9487
0.0684,3374
-0.00936,6105
0.0808,2110
0.0147,4916
-0.0709,7015
-0.062,7010
-0.117,8511
0.127,3013
-0.256,10551
-0.457,8498
-0.096,7045
-0.133,9166
0.0853,2406
-0.0691,7358
-0.0948,8580
-0.0685,7474
0.639,1262
-0.367,7839
0.111,855
-0.134,9213
-0.0733,6754
0.127,2599
0.491,418
-0.113,7853
0.0523,4065
0.0516,3952
0.152,2046
-0.179,7493
-0.239,9329
0.0987,2480
0.0649,3450
-0.126,10133
-0.0389,6313
-0.0663,6809
0.347,626
-0.0331,5697
0.0573,3699
-0.3,10605
0.0806,3642
-0.253,10753
0.15,2391
0.153,1431
0.199,715
0.133,2141
-0.0813,7995
0.0787,3078
0.363,168
0.0266,4611
-0.112,9401
-0.0379,8045
0.082,3406
-0.00696,5465
-0.709,10915
0.125,2791
0.263,1598
-0.188,10917
-0.105,7567
0.122,1173
0.109,2500
-0.0424,7880
-0.0323,6306
-0.0673,8160
0.221,926
0.00169,5292
-0.308,9043
-0.407,10677
-0.0767,7951
-0.00242,5314
-0.313,10083
0.000316,5498
0.193,3689
-0.228,10025
-0.137,8805
-0.0679,6890
-0.156,8024
-0.148,8435
-0.00181,5412
0.307,1241
-0.263,10039
0.12,1639
-0.052,6614
0.525,1582
0.0502,4160
0.0443,3759
0.0613,3475
-0.026,6544
0.00769,5320
0.292,565
0.185,2639
0.0303,4395
0.106,2447
-0.0954,9053
0.167,1589
0.315,1634
-0.376,10781
0.0278,4660
-0.0317,6248
-0.0306,5922
-0.00283,5488
0.043,4273
0.32,1264
-0.0795,6473
-0.0932,10479
0.00586,5142
0.0838,3341
0.263,1538
0.237,1187
-0.285,9267
0.047,3678
-0.105,7896
0.0186,4773
-0.0295,6231
0.0532,4119
-0.335,10621
-0.0755,7046
-0.0592,6502
0.171,2667
-0.11,8157
0.13,3173
0.00622,4964
0.199,1616
-0.0537,7469
0.229,317
0.104,2041
0.292,516
-0.327,10372
0.176,1378
-0.259,10808
-0.137,8827
-0.0214,6146
0.0593,4044
-0.36,9837
-0.00458,5767
0.174,910
-0.23,8866
0.137,2489
0.29,239
-0.343,9955
-0.14,9292
8.15e-05,5039
-0.177,9279
0.234,1770
0.478,115
0.0455,4111
0.0102,4819
0.0811,2078
0.451,140
0.089,4169
0.13,2275
0.0319,4360
0.165,2814
0.021,4642
0.0121,4960
-0.063,7251
-0.101,7870
1.95,779
-0.0978,9319
0.0329,4495
-0.339,10731
-0.129,7995
0.299,800
0.348,1237
-0.0522,6643
-0.00653,5838
0.0229,4483
-0.0403,6066
-0.286,10749
-0.215,9354
-0.0222,6080
-0.139,8596
-0.0666,7143
0.0391,4540
0.0551,3703
0.0782,2799
-0.0338,6424
-0.139,9048
-0.061,6897
0.0543,4104
0.373,1775
0.0891,2734
-0.227,8509
0.34,2384
0.167,213
0.0957,2117
-0.205,9944
-0.0794,6913
0.0894,2779
-0.131,6399
-0.193,10063
-0.0669,7066
-0.0416,6980
0.339,372
-0.0557,7001
0.246,2269
-0.0955,8535
-0.196,10595
-0.142,7978
0.0544,3873
-0.0298,5920
-0.295,9546
-0.478,11030
0.0485,3242
-0.132,7326
0.129,2704
-0.0164,5881
-0.25,8469
0.0185,3846
-0.111,7971
0.0787,3536
-0.0642,6459
0.0994,2352
0.0457,3861
-0.134,8915
0.116,1642
-0.334,9563
-0.325,11006
-0.0539,6706
0.569,184
0.119,2362
-0.209,10423
0.189,970
-0.222,7622
0.0816,3797
-0.156,9351
0.0288,4884
0.243,382
0.286,1216
-0.497,10888
0.279,1407
0.104,1550
-0.141,8465
0.0962,2911
0.436,449
0.0569,4155
-0.335,10939
-0.327,10555
-0.0826,8318
0.0436,4353
-0.222,9373
-0.0625,7011
0.0967,3464
-0.189,9173
-0.081,8515
-0.132,9320
-0.0727,6898
-0.298,9875
-0.322,9109
0.581,1361
-0.0638,7353
0.169,1211
-0.0756,7673
-0.407,10579
-0.255,10187
-0.0865,7794
-0.0452,6854
0.0457,3962
0.326,678
0.0319,4670
0.173,1323
-0.178,10394
0.053,3989
-0.581,10974
-0.195,9961
0.146,2218
-0.0462,6333
0.138,1491
-0.0735,8750
0.11,1858
0.227,1986
0.0715,3483
0.117,2828
0.0291,4346
-0.0401,6411
-0.169,9916
-0.128,6732
-0.136,8141
-0.159,8557
-0.154,4807
-0.0223,5804
0.0916,1814
-0.0722,7118
-0.0609,6500
0.0302,3872
0.0768,3801
-0.131,9639
-0.101,8893
0.0756,3490
0.0929,1976
0.329,554
0.0812,3483
0.0919,988
-0.237,10841
0.0325,4759
-0.0673,8202
-0.428,10271
-0.137,9993
0.027,4182
0.299,114
0.015,4901
0.162,360
-0.108,7395
-0.126,9578
0.129,1187
-0.0542,7103
-0.196,7962
-0.185,9268
-0.242,10329
1.01,602
0.0245,4809
-0.169,8264
-0.0232,5929
0.564,1128
0.202,3165
0.0844,2848
0.292,1546
0.0933,3397
0.0865,3044
-0.0131,5694
-0.143,9248
0.0206,4762
0.187,1377
-0.122,8758
0.411,1748
0.235,2572
-0.0278,5314
0.383,807
-0.118,8781
-0.0374,5701
-0.193,8839
0.055,3191
0.236,820
0.432,946
0.0433,2883
-0.083,8337
0.112,3134
-0.149,9378
0.287,1136
-0.222,8388
0.436,97
-0.108,8330
0.134,2955
0.973,456
0.339,1134
0.304,788
-0.199,10432
0.0463,4239
0.104,2757
0.0532,4070
-0.512,9912
-0.273,10152
-0.21,9726
0.37,549
-0.0453,6556
-0.0143,5788
0.00597,5173
0.406,62
-0.119,9355
0.00281,5081
-0.336,10744
0.485,132
0.14,2049
0.000164,5080
0.056,3922
-0.198,9268
-0.173,8742
-0.196,10228
-0.0663,6379
0.186,1566
-0.0651,8505
0.000744,5431
0.128,2667
0.0429,3919
-0.197,7542
-0.0701,8143
0.125,2057
0.00998,4749
-0.118,7263
0.164,2968
0.939,69
-0.143,8209
-0.054,7494
0.0746,3304
0.0702,2674
0.184,1540
-0.218,10865
0.24,895
-0.0616,8095
0.206,1594
-0.346,10607
-0.263,7971
-0.106,5884
-0.203,8953
0.194,1818
-0.116,9320
-0.173,9771
0.114,3189
0.178,1736
-0.169,7173
-0.0547,6786
-0.015,6456
0.0617,3529
-0.131,9317
-0.125,9736
-0.0493,5738
0.0312,4442
0.0613,3137
0.389,1893
0.668,557
0.362,2081
-0.445,9756
-0.297,10808
0.0458,4244
-0.189,9326
-0.217,10256
0.351,1007
0.163,1140
-0.126,9892
-0.0503,6678
-0.226,9617
0.086,2761
-0.0436,6934
1.51,586
0.0507,4042
-0.00717,5654
-0.139,9804
-0.0718,8488
0.105,2964
-0.0803,7571
-0.00656,5360
-0.105,8457
0.249,1123
-0.0555,6932
-0.00688,5496
-0.0421,7015
-0.0834,8410
0.0256,4515
-0.0544,7066
0.0748,4143
0.01,5009
-0.091,6952
0.107,1698
-0.0968,8510
-0.239,9322
-0.121,9070
0.066,2899
-0.124,7096
-0.0391,7539
0.24,338
0.0743,3199
0.746,265
-0.634,10900
0.203,2393
0.0643,3004
0.331,685
-0.171,8024
0.242,2125
-0.137,7394
-0.199,9434
-0.228,10180
-0.134,9435
-0.588,10021
0.137,2291
-0.238,9353
-0.118,6787
0.106,2278
0.28,840
0.0544,4128
-0.0917,6456
-0.273,8888
-0.188,8874
-0.00666,5524
0.0084,4859
0.343,726
-0.078,7731
0.187,2607
-0.172,10246
0.145,1065
0.068,2770
-0.0481,6535
-0.175,8958
0.0895,3095
-0.0236,6253
0.0435,4051
0.0882,2587
0.583,142
0.197,1975
-0.0725,5510
-0.125,7424
-0.13,9101
0.145,1009
0.405,667
0.0184,4971
0.682,1908
0.0935,1583
-0.0262,6705
-0.0187,6078
0.438,249
0.445,128
-0.221,7143
-0.204,7935
-0.0424,6932
-0.16,8610
-0.444,10137
-0.309,10640
0.416,807
-0.205,9839
0.401,557
0.0384,4151
0.0254,4599
0.24,2192
-0.114,9596
0.579,102
-0.0901,8302
-0.072,7428
0.179,3032
-0.415,10147
0.367,2103
-0.255,10202
-0.0545,7134
-0.285,10642
0.244,2031
-0.158,8213
0.0394,4661
0.0289,4223
-0.0147,5967
0.082,3704
0.138,2113
-0.207,10100
0.173,2325
-0.188,9585
-0.049,6026
-0.0241,6551
0.121,2263
-0.0943,7468
-0.316,9411
-0.559,10839
-0.061,7497
-0.0142,5648
0.09,3096
-0.291,10745
0.135,2370
0.0678,3189
0.107,2568
0.122,1026
-0.00334,5185
0.186,2148
-0.195,9225
-0.299,10183
-0.297,10787
-0.0642,8401
0.062,3424
-0.174,10618
-0.16,6779
-0.133,6538
-0.298,10526
-0.0594,6790
-0.00755,6925
0.168,2128
-0.033,6084
0.229,429
-0.73,10399
0.0885,2814
-0.109,8672
0.146,2667
-0.0591,6396
-0.182,9835
-0.328,10192
0.0345,4280
0.0158,4632
-0.119,8887
-0.208,8201
-0.0903,7157
1.02,853
-0.137,8803
0.0794,2981
-0.218,10189
-0.0517,6803
0.103,2515
-0.1,7412
0.0468,4027
0.0938,3108
0.306,1527
-0.238,9676
0.198,2272
-0.406,9922
-0.22,10752
0.0869,2850
0.0268,4301
0.348,403
-0.383,9540
-0.339,10949
-0.166,9523
-0.0397,6537
-0.713,10987
0.158,1238
-0.402,10862
0.114,2254
0.0557,4351
-0.286,10688
-0.191,8568
0.0915,2962
0.0698,3942
0.0899,3429
0.0899,2347
-0.106,9109
-0.224,9504
-0.14,8953
-0.477,9952
0.115,3020
0.0287,4585
-0.302,10988
0.0121,5040
0.19,3065
-0.219,8633
0.505,449
-0.0243,6004
0.216,1274
-0.006,5193
-0.0615,6700
-0.0145,5475
-0.345,10402
-0.0319,6348
-0.0694,7343
-0.0127,5350
-0.121,7813
-0.273,10295
-0.168,8714
0.111,3255
0.124,1545
-0.261,9614
-0.199,9129
0.246,2767
-0.14,7451
0.0216,4633
0.0773,2671
0.146,1876
-0.641,10980
-0.0289,6491
0.184,2501
0.0123,4803
0.0139,4817
0.000851,5563
-0.108,6721
-0.102,6702
-0.141,9813
0.144,2119
0.0328,3929
-0.527,11000
-0.46,10812
-0.235,7378
-0.0841,6473
0.0441,3609
0.338,905
-0.107,7679
-0.253,9160
0.0521,4387
0.209,3114
0.0431,4314
-0.286,10826
-0.0543,6466
-0.232,10324
-0.0305,5622
0.205,1970
0.236,553
0.118,2150
-0.0142,5672
0.204,1038
-0.0978,8686
0.0274,4631
0.274,1300
-0.0947,8192
-0.109,8254
-0.134,9013
0.00373,5193
0.17,2750
0.0491,3250
0.103,714
-0.0459,6543
-0.194,10088
0.331,2404
0.0227,4608
0.145,1457
-0.193,9424
-0.143,7524
0.118,2324
0.0203,4904
-0.024,6947
-0.162,9375
0.000194,5188
0.00209,5288
0.0193,5089
0.176,2167
-0.412,10923
-0.192,10155
-0.0891,8024
0.00592,5397
-0.3,10848
0.286,1152
-0.631,10674
0.0887,2471
-0.092,7433
-0.0673,6769
-0.0754,8472
0.446,1599
0.082,2594
-0.414,10826
0.0225,4818
0.0184,4745
0.528,102
-0.189,7881
0.413,1282
0.0381,4678
0.0346,4499
0.136,3146
-0.0925,8152
-0.237,8629
0.017,4792
-0.146,10400
0.131,1116
-0.12,9352
0.0761,3507
0.0722,2903
0.191,1758
0.113,2465
0.392,94
-0.515,10990
0.00445,5358
-0.253,8079
0.218,1588
-0.0344,6648
0.253,354
0.0925,3430
-0.151,7518
0.998,201
0.195,1346
0.201,960
-0.0339,6040
0.226,1182
0.56,1262
1.01,650
0.0203,4891
0.0924,3508
0.0232,4711
0.453,1292
-0.0983,6257
0.0532,4003
0.0588,3267
0.0532,3915
-0.552,10973
0.176,2097
-0.163,8587
0.149,1828
0.0814,2986
0.104,1695
0.0445,4181
-0.168,9185
0.0305,4714
0.179,2689
0.062,3173
-0.138,10077
-0.0596,7521
0.0138,4905
-0.0961,6942
-0.253,10123
0.082,2883
-0.0767,9187
-0.0138,4958
0.304,1016
0.121,3469
0.271,400
-0.13,9568
-0.0743,7585
0.117,1946
0.0128,4773
0.0775,3514
-0.191,8389
-0.055,8192
0.0709,2934
0.32,670
0.0932,3248
-0.0496,6798
-0.314,10627
0.123,1490
-0.165,9979
0.0178,4552
-0.345,10598
0.109,3324
0.0154,4956
-0.0474,7166
0.0719,2238
-0.0835,7676
-0.0935,6692
-0.393,10793
-0.348,9828
-0.0674,8390
-0.0465,7073
-0.263,10564
0.0922,3359
0.141,2361
-0.257,9876
0.0575,3553
0.0846,3166
0.0753,3603
0.259,599
0.0398,4174
-0.113,7773
-0.108,8725
0.0208,4546
-0.0779,6458
-0.113,8227
-0.087,6737
-0.447,10930
-0.122,8948
0.0036,5243
-0.00143,5418
-0.0109,5398
-0.104,7547
0.277,929
-0.149,10229
-0.165,8574
0.259,569
-0.252,9878
0.0688,2483
-0.151,8378
0.105,2170
-0.144,9369
0.0304,4432
0.133,1591
-0.254,9306
1.28,313
-0.0265,6755
0.0182,4720
-0.24,9370
-0.257,9241
0.0908,4022
0.487,1190
0.26,1140
-0.123,9378
0.198,2100
-0.0718,7417
0.388,2282
-0.304,8196
-0.158,8787
0.0429,3770
0.0681,3306
-0.012,5554
-0.336,10222
-0.0624,7137
-0.0955,8326
-0.386,10784
0.205,1662
0.549,874
0.22,2330
-0.348,10372
0.166,1633
-0.13,7923
-0.0993,7636
0.167,2324
0.34,426
-0.0339,6204
0.0888,1305
-0.19,10095
0.105,3351
0.162,2611
-0.0675,7245
0.0603,4068
0.0456,3939
0.1,3071
0.0682,3153
-0.202,7914
-0.123,7144
-0.0674,7427
0.297,137
0.373,760
-0.235,8888
0.145,2188
-0.166,8342
0.00957,4900
-0.259,10504
-0.141,8559
-0.101,8215
0.136,2665
0.108,3685
-0.332,9303
-0.132,9091
0.489,280
0.231,1718
0.0183,4839
0.23,3201
-0.148,10147
0.189,972
-0.224,9521
-0.00931,5655
-0.0341,6223
-0.486,7845
-0.235,10575
0.0961,2785
0.147,2111
0.0185,4864
0.134,957
-0.0712,7457
-0.138,8892
-0.129,8372
0.219,2283
-0.00346,5350
-0.038,7133
0.0389,4546
0.444,176
-0.0797,7595
-0.0315,6406
0.318,515
0.129,2659
0.131,2695
-0.293,9142
-0.107,8851
0.0692,2981
-0.0395,6595
-0.491,10987
-0.123,7716
-0.07,6763
-0.0161,5879
0.175,1139
-0.133,9006
0.121,2438
0.342,889
0.403,332
-0.163,10399
-0.0261,6462
0.0127,4844
-0.148,8109
-0.155,9979
0.128,2030
0.00959,5007
-0.273,10916
0.244,987
-0.239,7343
-0.327,9978
-0.0693,6367
-0.0432,7294
-0.0917,9430
-0.115,6746
0.118,2230
0.488,1507
-0.0298,6020
-0.212,9982
-0.0768,8888
0.191,749
-0.0497,6771
0.0627,2442
-0.0805,6922
0.0541,3846
-0.172,8568
0.1,2882
0.149,2897
0.00539,5242
-0.226,9249
0.000203,5562
-0.0677,7323
-0.00154,5187
-0.252,10520
-0.272,10000
-0.246,9730
-0.341,10968
0.0909,2657
-0.269,9519
-0.242,7606
-0.0361,5823
-0.275,7160
0.161,867
-0.00189,5182
0.573,47
0.527,315
0.167,2960
0.305,2193
0.0141,4824
0.161,679
0.0529,3864
0.0658,3440
-0.305,9190
0.0165,4813
-0.0727,7496
-0.163,7502
0.249,919
-0.219,10274
0.0694,3061
-0.191,7529
-0.119,8622
0.134,1687
-0.0598,6933
-0.108,6878
0.219,1250
0.0915,3841
0.0313,4606
-0.156,8715
-0.176,9395
-0.233,10341
-0.282,10457
0.00389,5056
0.0124,4946
0.00615,4832
0.352,2295
-0.212,10087
-0.308,10619
-0.234,10961
-0.1,8008
-0.0903,9004
0.127,2743
-0.146,7009
0.0987,3023
0.0623,4376
-0.147,7961
-0.326,10354
0.0359,4762
0.0978,3604
-0.0664,6518
-0.379,10148
0.0307,4658
-0.0574,7575
-0.0726,7086
-0.275,10847
-0.214,9546
0.273,887
-0.0641,7751
-0.00973,6083
-0.011,5799
-0.0364,6470
0.458,1691
-0.183,9836
-0.23,9998
-0.374,10830
-0.0895,6688
0.0693,4037
0.531,1068
0.791,222
-0.167,10839
0.121,2658
0.0505,4228
0.67,328
0.218,1695
0.454,258
-0.0693,8269
-0.0718,8111
0.128,3246
-0.115,7631
-0.0329,5871
0.224,2733
0.0218,4549
0.154,1954
-0.39,10137
-0.00184,5113
0.0578,4084
-0.245,9600
0.0772,3232
-0.0234,6348
0.104,2849
0.107,3367
-0.0451,6094
-0.0303,6439
0.0205,4999
0.151,2308
0.00277,5162
0.0442,4257
0.127,2832
0.235,2007
-0.0207,5959
-0.00372,5426
0.166,1642
-0.0864,7428
-0.341,9822
-0.278,10785
0.147,1773
0.23,1598
0.0901,4314
0.211,1431
-0.057,6916
0.22,1540
0.074,2478
-0.0113,5252
0.00413,5101
0.191,2069
-0.295,10605
-0.2,7003
0.0379,3379
0.319,96
-0.0514,5536
-0.0344,6626
-0.423,6603
-0.677,10505
-0.114,9282
-0.13,8773
0.27,368
0.236,2136
0.135,3416
-0.25,8262
0.0494,4000
0.0622,3328
0.89,57
-0.283,9481
-0.21,7902
-0.135,7097
0.0308,4922
0.0182,4816
-0.115,6936
-0.0977,7615
-0.147,7524
-0.205,8652
-0.0415,7522
0.237,1586
-0.234,8998
-0.189,9055
0.059,4147
0.0367,4560
-0.0397,7673
-0.201,10759
-0.22,8436
-0.0285,6024
0.0248,4484
-0.149,8124
-0.3,9503
-0.117,10030
0.237,2049
0.188,1551
-0.0394,6274
-0.266,10744
0.104,2960
0.00137,5400
-0.197,9539
0.0439,3919
-0.0419,6295
-0.0145,5519
-0.0625,7999
0.0374,4365
-0.0104,6311
0.0382,4001
-0.276,10623
-0.0659,6625
-0.0689,7254
-0.127,9095
0.0183,4755
0.0675,3675
-0.00803,5524
-0.0558,6163
-0.142,8642
0.103,2290
-0.123,8938
-0.256,9605
0.383,533
-0.245,8089
0.183,3276
0.0232,4267
0.0445,3650
-0.28,7131
0.00994,5176
-0.291,6734
-0.0576,6306
0.298,193
-0.143,10640
-0.437,10626
0.282,639
-0.0323,5648
0.167,2213
0.105,1744
0.241,202
0.225,2197
-0.13,9166
0.116,2967
0.0942,4001
-0.167,9139
-0.108,7542
-0.146,8546
-0.0901,7727
0.0564,4115
0.0114,4938
0.0786,2733
0.106,1962
-0.0889,8310
0.165,2436
0.0565,4102
0.073,3441
0.0674,3432
0.16,896
0.822,39
-0.18,7145
0.0119,5213
0.22,217
-0.0357,7133
-0.357,10535
0.0274,4375
0.411,343
0.126,3172
-0.0181,5578
-0.127,9601
-0.102,8084
-0.161,7189
0.0714,3683
-0.00526,4999
0.000774,4994
0.208,1488
-0.0656,7437
0.0246,4368
-0.364,10761
0.0931,2248
0.0699,3641
0.0401,4538
0.164,1267
0.0706,3819
-0.162,9779
-0.0608,5981
-0.18,10332
-0.0328,6787
-0.255,10145
-0.0619,6480
0.0909,3867
-0.155,8416
0.177,1016
0.144,1398
0.0724,2680
-0.0877,7035
0.00301,5067
0.194,1643
-0.392,9277
-0.275,10180
-0.0935,8961
-0.402,10494
-0.0884,7503
0.4,328
0.15,3219
0.0208,4860
-0.269,10315
-0.111,8365
0.0431,4598
0.308,539
0.0555,3280
-0.121,9469
0.146,2797
0.321,1742
-0.326,10905
-0.368,6470
0.377,2031
-0.011,5919
0.148,959
-0.0068,5578
0.212,1687
0.00686,5073
0.0491,4033
0.0614,3448
-0.0907,9776
0.292,1273
-0.0237,6318
0.0503,3975
0.31,810
0.205,397
0.313,550
-0.345,10506
-0.106,7241
-0.213,9751
-0.00168,5464
0.137,1897
-0.00138,5382
-0.264,10461
-0.0927,7868
-0.137,7654
-0.163,9271
0.159,626
0.0902,3809
-0.461,6917
0.218,1242
0.0114,4749
-0.0195,5808
0.156,403
0.13,2676
-0.249,7883
-0.238,8600
-0.0551,7433
-0.0818,7165
-0.215,10738
0.0425,3771
-0.0403,5855
0.00765,5037
-0.252,9665
-0.131,6974
-0.0375,6898
-0.0523,6756
0.0382,4362
0.228,1037
-0.183,9411
-0.00894,5512
0.269,405
-0.0598,6845
0.0802,2715
-0.0429,5571
0.263,206
-0.152,9241
-0.143,10122
-0.0439,7048
-0.123,7930
-0.0471,7090
0.593,131
0.349,782
-0.0474,6429
-0.159,10038
-0.0631,6676
-0.106,8470
-0.3,10847
-0.185,9471
0.159,3123
-0.0166,5884
-0.0151,5959
0.0859,2976
0.0411,4353
-0.0304,5921
0.134,1359
-0.18,9581
0.208,1305
-0.0079,5821
-0.0388,5374
-0.0744,6761
0.114,2620
0.0492,4351
0.575,644
-0.0838,7424
0.0159,4589
-0.162,8351
0.156,2284
-0.108,9306
0.0581,3872
0.0931,3271
0.118,3530
-0.00332,5412
0.12,1900
0.0623,3052
-0.123,7499
-0.167,8437
0.383,974
-0.29,9520
0.173,1277
-0.376,10859
-0.244,7252
-0.0376,5328
0.958,1580
-0.173,6465
-0.169,9923
-0.0434,5435
-0.253,8892
-0.246,10505
-0.178,7496
-0.131,8065
0.118,1422
-0.0645,7723
0.155,3382
-0.126,9138
-0.187,10232
0.0715,3821
0.0267,4741
-0.0782,9171
0.1,2928
0.0452,4183
0.252,1609
0.377,363
0.154,1091
0.0655,2994
-0.178,8674
0.276,515
-0.0551,6681
-0.553,10929
0.00382,5385
-0.0141,5624
-0.0286,6209
-0.0273,6135
0.0581,3910
0.376,750
-0.0997,8507
-0.26,10666
0.316,778
-0.0899,7704
0.262,1128
-0.214,9569
0.238,736
0.0353,4049
-0.989,10577
-0.118,6650
0.28,1540
-0.00106,5076
-0.111,8797
0.206,1563
-0.0973,9096
0.12,3355
-0.162,7860
-0.0386,5568
-0.0993,8048
-0.0537,9282
0.0196,4650
0.296,1725
-0.188,10178
0.00607,4898
-0.0723,7624
-0.0249,6290
0.0403,4717
0.142,599
-0.124,10226
-0.00472,5002
0.0468,3959
0.0475,3083
-0.0369,6518
-0.453,10429
-0.148,7684
-0.196,8135
0.0837,3814
0.219,1645
-0.262,10101
-0.159,8314
0.0194,4741
-0.311,10666
0.457,948
-0.0153,5856
-1.27,10661
0.862,1334
0.163,3562
0.162,1775
0.338,411
0.303,596
0.0377,3358
0.0165,4585
-0.0101,5801
0.353,456
-0.142,7945
-0.142,7600
-0.013,5427
0.115,3534
0.0648,3871
0.101,4372
-0.413,10337
-0.116,8207
0.314,1339
-0.177,9105
0.122,2812
0.163,1659
-0.269,10581
0.337,1170
-0.183,8355
-0.137,9610
0.0948,3118
0.0077,5301
0.222,992
0.307,1804
-0.111,7116
0.139,840
-0.0174,5989
0.0584,3989
0.0201,4831
0.0315,4497
-0.326,10634
0.0756,2791
-0.0436,6291
-0.0733,7259
0.181,1387
-0.0452,6003
0.22,2166
-0.00382,5737
-0.366,10978
0.126,2636
-0.0323,5842
-0.63,10529
-0.019,5322
-0.273,10605
-0.0396,6883
-0.225,9950
-0.00901,5427
-0.267,9756
0.221,1931
-0.0115,5629
-0.168,8851
-0.0546,7075
0.043,4344
0.255,2382
-0.0263,5917
-0.0714,7191
0.0577,3979
-0.172,8243
-0.327,10580
-0.0934,8832
-0.0432,6456
0.0153,4765
-0.00435,5813
0.00704,5025
0.0426,4370
-0.199,8703
-0.451,10909
0.19,2297
0.154,1562
0.187,2292
0.759,52
-0.109,7638
-0.0779,6436
-0.411,10820
-0.208,10333
-0.135,7701
-0.378,7455
-0.0823,6411
-0.149,7662
0.186,1797
0.125,3035
0.0802,3689
0.187,2234
-0.114,8103
0.0778,3046
-0.0347,6094
-0.321,9786
0.0317,4217
0.238,1436
-0.385,10835
0.0297,4703
0.0968,2225
0.157,2223
0.0194,4738
0.169,3610
0.144,2680
0.00259,4994
0.0827,2465
-0.122,8263
0.102,3939
0.0843,2426
0.0986,2784
-0.0565,7188
0.264,378
-0.0572,8532
-0.0164,5314
-0.458,10056
0.0887,3895
0.0765,3578
-0.0485,6371
-0.326,10229
-0.103,8036
0.0651,3065
0.0437,3730
-0.0517,6710
0.118,1527
-0.242,10765
-0.105,7948
0.463,303
-0.303,8953
-0.434,7472
-0.0959,8104
-0.0266,6079
-0.0345,6586
-0.0849,6556
-0.0645,7081
0.443,327
0.0536,3744
0.149,3191
-0.0358,6544
-0.242,9935
-0.092,6433
0.0976,1788
0.0571,3485
-0.176,9442
0.0502,4260
-0.0476,5761
-0.252,8995
-0.229,10981
-0.0154,5658
0.16,3630
-0.368,6746
-1.08,10128
0.184,2385
-0.0408,6060
-0.0217,5454
0.338,1388
0.101,2054
0.277,1753
0.0844,3637
-0.0826,7908
0.159,2100
0.00334,5280
-0.231,7617
0.0166,4594
-0.221,6825
-0.305,8575
0.0288,4530
-0.335,9757
-0.136,8992
0.585,366
-0.301,10178
-0.0665,7945
-0.242,10736
-0.0795,6385
-0.00825,5659
-0.0495,6918
-0.0614,5553
0.0257,3939
-0.112,8788
0.179,1602
0.0755,3561
-0.00503,5419
0.391,458
-0.0542,6740
-0.217,10291
0.094,4105
-0.0628,5815
-0.244,7403
-0.218,10069
0.232,874
0.158,1198
-0.296,9571
-0.155,8479
-0.0175,5672
0.234,994
0.00886,4987
0.0375,3830
-0.465,8973
0.0845,3824
0.146,3198
-0.0248,5864
0.11,2386
0.00542,5152
-0.000328,5551
0.0758,3356
0.102,4032
-0.0476,7957
0.14,2480
0.0385,3769
-0.157,9999
0.224,2468
0.767,151
0.201,1614
-0.339,10655
0.159,1824
-0.0172,6236
0.0288,4663
0.0969,3108
-0.145,8445
-0.0981,9189
-0.0579,7311
-0.069,7407
-0.0197,5937
-0.0839,7297
0.237,1302
0.321,425
0.0115,4771
-0.147,9384
-0.22,8463
-0.116,6799
0.391,1333
-0.268,10598
0.145,2016
-0.217,10025
0.127,3169
0.143,3808
-0.11,6723
0.0469,3609
0.00565,5193
0.116,2765
0.131,1941
-0.021,6550
-0.44,10567
0.055,2721
-0.138,9063
-0.183,8736
-0.0158,5636
-0.161,8230
-0.479,10887
0.0308,4373
-0.0176,5749
-0.086,6992
-0.0267,6670
0.411,1859
0.0568,4148
0.106,1738
-0.259,10927
0.59,53
0.154,2239
0.0138,4892
-0.523,10790
-0.0396,6520
-0.149,10466
0.344,138
-0.0261,5814
0.566,2072
-0.135,8777
-0.166,7396
0.00421,5340
0.304,2536
-0.127,8616
-0.206,8995
-0.15,7840
-0.035,7460
0.00197,5386
0.339,590
-0.326,10906
0.184,3147
0.0768,2796
-0.118,9319
0.00255,5391
0.0722,4155
0.196,1984
0.316,1748
0.167,1452
0.175,1147
-0.00925,5820
0.169,1699
0.13,2681
-0.103,9067
0.217,1616
0.0907,3116
0.0938,3224
0.777,347
-0.134,9077
-0.402,8957
-0.00253,4960
0.0594,4049
-0.283,10351
-0.12,8919
0.247,528
0.131,2086
0.059,4365
0.0385,4118
-0.274,9475
0.117,3147
0.139,1857
-0.431,10704
-0.11,6925
-0.133,6614
-0.501,10845
0.00659,5275
-0.276,8951
-0.279,5610
0.0375,4340
-0.139,9521
-0.113,8824
0.0693,3746
-0.103,7361
0.0905,3898
-0.123,7181
0.281,965
0.0908,3016
0.338,1945
0.0221,4771
0.189,2046
-0.195,9711
-0.056,7256
-0.0641,7195
0.307,345
-0.214,10362
0.116,3205
-0.237,9988
-0.0764,8142
-0.178,10452
-0.0362,6138
0.0972,3620
-0.233,9031
0.891,92
0.0581,2005
-0.323,10566
0.00528,5099
0.291,1347
0.166,2578
-0.0428,6536
0.0498,4117
0.302,178
0.0136,5036
-0.243,8825
0.0783,4117
-0.117,7467
-0.124,9885
-0.0237,6566
-0.189,8411
0.823,99
-0.0246,5747
-0.3,9233
-0.058,5979
-0.0454,7543
0.189,2127
0.00694,5180
-0.531,9680
-0.381,5989
0.0548,3196
0.217,997
-0.112,8144
0.272,514
0.0299,4672
0.451,401
-0.00521,5650
-0.0695,8013
0.0872,2681
-0.219,9731
-0.315,7286
-0.064,6633
-0.0793,7190
0.259,340
0.0269,4978
0.684,762
-0.136,7250
0.159,1702
-0.067,7932
-0.0918,8384
-0.0442,5931
0.179,2990
-0.045,6654
0.195,1139
-0.126,8404
0.385,1042
-0.146,7652
-0.0277,5885
-0.0897,7283
-0.351,10532
-0.279,10631
0.00338,5061
0.57,195
-0.023,5951
0.0267,4962
-0.219,7468
0.0839,2034
-0.037,6311
-0.078,7480
-0.309,10820
-0.0528,6760
-0.104,7814
-0.184,10211
0.0998,3122
0.152,2360
-0.0257,6035
-0.299,10082
-0.0497,7671
0.209,973
-0.0592,7592
-0.381,10912
-0.479,10689
0.177,2813
-0.102,7953
-0.35,11018
0.0903,2934
-0.134,8301
0.495,309
-0.336,10504
0.135,1581
-0.0637,7292
-0.118,8343
-0.332,10129
0.155,2266
0.00887,5270
-0.0495,6718
-0.0765,7676
-0.17,10018
-0.448,10569
0.0496,4372
-0.188,8697
0.222,1401
-0.0448,6209
-0.0351,6750
0.141,2888
-0.0401,5708
0.184,1743
-0.0668,6448
-0.249,10831
-0.0401,7138
-0.202,8745
0.0185,4904
0.122,3011
0.187,3038
-0.0545,6599
0.0183,4851
0.305,500
0.41,976
-0.0741,7518
-0.153,8563
0.0832,2434
-0.0283,6196
0.105,2616
0.0244,4834
-0.0697,6463
-0.00856,5281
0.288,519
-0.204,10625
-0.0623,6534
0.116,3433
-0.279,9773
-0.0239,5731
-0.0405,6484
-0.11,9443
-0.23,9024
-0.0639,5903
0.224,1435
0.0926,3754
-0.0286,6371
0.0609,2738
-0.0128,5328
-0.17,8204
-0.0835,6977
0.201,1523
-0.148,9023
-0.0117,6078
0.134,2375
-0.175,9449
-0.0301,5977
-0.0392,6766
0.137,1292
0.108,1229
0.149,2742
-0.173,10419
-0.0347,6072
-0.323,8714
0.0875,2508
0.000178,5119
0.0195,4767
-0.315,10422
-0.257,8839
0.0327,4336
-0.0342,6481
0.0183,4565
0.0298,4728
0.0742,4209
-0.286,8463
0.0453,4622
-0.14,9002
-0.164,9345
-0.246,9547
0.327,1312
0.00552,5284
-0.43,9813
-0.205,9880
-0.0631,7291
-0.25,10296
0.31,607
-0.0353,6282
0.0636,3947
-0.107,9928
0.0304,4287
0.064,4179
0.0339,4188
-0.0344,6098
0.00418,5096
-0.192,10219
-0.261,10819
0.0589,4316
0.237,2115
-0.472,11022
-0.699,10623
-0.0759,7113
0.0432,3510
-0.115,7642
-0.173,7944
-0.102,7636
0.208,1403
0.0998,2506
-0.225,10301
0.0038,5180
0.0214,4824
-0.2,8779
0.222,740
-0.0755,7736
-0.22,8460
-0.0674,7454
0.244,1320
-0.253,6581
0.00321,5265
-0.15,9176
-0.225,10707
0.229,1322
-0.0944,8410
-0.325,10208
0.17,1710
0.0465,3847
0.355,1015
0.0371,4732
-0.0545,6476
0.364,1109
-0.0625,6920
0.154,1972
-0.033,5914
0.114,2129
0.137,2822
-0.0543,6618
-0.034,6609
-0.128,10044
-0.117,6915
-0.0135,5736
-0.249,9927
0.0823,3966
-0.193,10732
-0.132,10222
-0.207,8298
0.000198,5285
-0.675,11009
-0.181,7208
-0.141,10534
0.0867,3246
-0.0549,7611
0.145,2661
0.00949,4890
0.107,2469
0.177,1485
-0.235,10711
-0.226,9341
-0.07,8071
0.111,3742
0.0273,4709
0.194,1193
-0.0892,8078
0.0943,3360
0.245,1130
-0.0155,5491
0.0191,4572
-0.179,10399
-0.611,10860
0.00129,5320
-0.151,8839
-0.0156,5045
-0.0158,4618
0.0381,4489
-0.0455,6201
-0.0466,5372
-0.337,9399
0.0178,4947
-0.228,9205
0.121,2011
0.113,2177
0.113,2733
0.0503,3824
-0.00591,5605
0.0687,4010
-0.167,10318
0.285,179
-0.239,7930
-0.42,6084
0.244,2344
0.663,1079
0.43,345
0.165,1210
-0.279,9676
0.0878,3534
0.0458,3925
-0.139,8208
-0.0302,6265
0.252,345
0.135,2506
0.214,1331
-0.0621,6604
-0.365,7272
0.137,1747
0.111,1638
-0.0269,5903
-0.0885,7482
-0.0167,5793
-0.302,9265
-0.0408,6599
0.159,29
0.316,2142
-0.0894,7517
0.209,3040
-0.103,7096
0.115,2487
0.0328,3877
0.243,3370
-0.0244,5610
0.0278,4540
0.114,2627
-0.0205,6218
0.0618,3041
-0.018,7773
-0.251,10389
-0.134,9781
-0.0851,7125
-0.0397,6957
0.141,1109
-0.28,10008
-0.303,9710
-0.251,9984
-0.123,9394
-0.0198,6104
0.276,519
0.0771,4222
-0.704,10800
-0.325,9535
0.193,2220
0.0478,4159
0.111,1205
0.0373,3849
-0.0551,6504
0.213,1437
1.16,87
3.01,358
-0.0219,5626
0.0787,1942
0.00325,5147
0.354,1176
0.248,1438
-0.66,10506
0.0889,3197
-0.0189,6189
-0.171,8299
0.0674,4045
-0.0481,6748
-0.151,6770
0.106,2748
0.443,363
0.0797,2247
0.00698,5164
-0.0543,6947
-0.194,8333
-0.0937,8899
0.315,88
0.00699,5016
0.102,3195
0.498,976
0.137,3413
-0.124,10588
0.0594,3769
-0.226,10641
-0.00917,5587
-0.455,10920
-0.366,9597
-0.0725,7036
0.0302,4920
0.173,2912
0.178,2697
-0.292,9818
0.133,2846
0.145,1518
0.0836,1474
-0.31,9312
-0.0986,9430
-0.00824,5078
0.218,2666
-0.16,9149
0.126,2723
0.0303,4641
0.199,2002
-0.296,9115
-0.064,7438
0.101,3075
0.0811,1652
-0.0567,6665
0.219,2003
0.307,999
-0.0648,6398
0.111,2263
-0.072,7037
-0.22,9639
0.136,2974
0.0459,3142
-0.052,6567
-0.119,9185
-0.0653,7969
-0.107,8083
0.0167,4971
0.0636,4122
0.163,2966
-0.408,10989
0.154,803
0.124,2937
-0.109,8818
0.762,398
-0.206,9880
-0.0202,5966
-0.107,7153
-0.00667,5539
-0.391,10050
0.11,2475
-0.348,10957
-0.209,10436
-0.0023,5325
0.0142,4816
0.0481,4310
0.174,2573
0.00976,4967
-0.141,9083
0.617,318
-0.0269,6276
-0.264,10462
0.0105,5049
-0.0507,7294
-0.00311,5651
0.169,1340
0.114,3158
0.255,1781
0.0903,3452
-0.178,8563
0.0165,5197
-0.179,8577
0.208,2612
-0.224,10485
-0.0409,5765
0.156,2130
-0.282,10427
0.0541,3919
-0.421,10850
-0.125,5534
-0.0364,5945
-0.104,8144
0.00296,5324
-0.146,6417
-0.141,7285
0.000995,5306
-0.202,7468
-0.464,8730
0.155,2862
-0.0125,5725
0.267,1852
0.222,1899
-0.0825,8906
0.0086,4933
-0.0678,7044
-0.273,8547
0.55,775
-0.0112,5736
0.0694,1907
-0.124,9727
0.31,598
-0.147,9546
-0.202,10250
-0.0949,7188
-0.234,10004
0.0339,4428
0.0486,4327
0.112,2238
-0.137,10064
-0.422,10249
0.126,2398
0.016,4879
0.229,2484
0.0912,3166
-0.0327,5804
-0.0854,7260
0.118,2531
0.375,484
0.143,2909
0.0108,4897
-0.246,10210
-0.116,6564
0.289,195
0.149,2053
0.0842,3907
0.0863,3694
-0.141,7763
-0.0133,5410
-0.0618,7985
0.426,108
0.408,1352
0.252,1645
0.104,3180
0.497,290
-8.55e-05,5275
0.0208,4434
0.0454,3681
0.273,1629
-0.38,8426
0.188,1657
0.145,2181
-0.00365,5587
-0.129,8406
0.707,407
0.652,193
0.0871,2972
-0.301,10987
0.0629,3762
0.0508,4220
0.252,1193
-0.284,10123
-0.091,7664
0.00189,5230
-0.207,9908
0.1,3230
0.0355,4367
-0.375,10153
0.0529,4388
-0.198,10361
-0.0616,7071
0.0154,5106
0.0205,4857
0.178,1321
-0.0962,9420
0.489,40
0.249,585
0.0573,4180
0.0827,2077
0.00153,5477
-0.0482,6589
-0.0953,8999
0.0339,4423
-0.211,10563
0.151,834
0.0342,4340
-0.227,9725
0.288,346
0.0294,4318
0.0175,4935
0.378,719
-0.0879,7275
-0.165,9826
0.329,959
-0.434,10912
0.036,4356
0.01,5253
0.118,3039
-0.228,6315
-0.0813,8061
0.0187,4619
-0.0144,6116
-0.233,8368
0.219,643
-0.337,10000
-0.132,10027
0.21,546
0.0409,4246
-0.045,6106
0.23,2677
0.294,1246
-0.136,10006
-0.124,9664
0.281,507
-0.0413,6510
0.396,1001
-0.265,10031
-0.129,8003
-0.171,10494
-0.187,10118
0.127,1947
0.000113,5297
0.00551,5094
-0.0138,5824
-0.168,8575
-0.0956,7468
-0.15,7794
0.998,1012
-0.405,8219
0.0704,3147
0.0777,1878
0.181,2716
0.000802,4650
-0.246,10738
-0.0484,5779
0.0794,3741
0.0338,4326
0.472,500
-0.0265,6068
0.295,798
0.224,2160
0.156,3339
-0.476,10905
0.0454,4478
-0.0627,6153
0.169,1438
0.0743,3366
-0.0851,9339
-0.047,7529
0.0861,3757
-0.00775,5265
-0.138,8356
0.0602,3472
0.141,636
-0.023,6450
0.0484,3753
0.312,782
0.541,305
0.129,1978
0.0255,4473
0.0468,3710
0.229,538
0.143,2033
-0.106,9645
0.566,1333
-0.0187,5912
-0.249,10439
0.0935,3604
0.138,3682
-0.102,7723
0.0959,2980
0.358,31
-0.048,7999
0.296,1376
-0.0383,6539
0.0559,3902
0.305,300
-0.172,9239
-0.175,9513
0.0338,3979
-0.0228,5964
0.00936,5280
-0.222,10273
0.071,3114
0.021,4647
-0.183,9891
0.194,1999
0.19,2968
0.195,3312
0.0627,2845
-0.0607,7719
-0.245,10483
-0.237,10419
0.0199,5044
-0.199,9080
-0.119,8619
0.155,1019
-0.276,10569
-0.12,8080
-0.377,10154
0.152,2691
0.0096,4900
0.00149,5500
0.198,1211
0.108,3086
-0.0594,5529
0.0594,3062
-0.128,9211
0.183,2132
-0.117,9000
0.498,631
0.0125,5114
0.0265,4697
-0.0306,5744
0.0302,4289
-0.111,7739
-0.254,8744
0.0958,2950
-1.02,10332
-0.247,10836
0.0624,3024
-0.0321,5758
-0.591,10518
0.295,516
-0.174,7527
-0.112,7887
0.138,1697
-0.165,8129
0.0699,4109
-0.0803,6571
-0.138,8239
0.0611,3235
-0.16,9040
-0.214,8297
0.378,1259
-0.558,10881
0.158,1436
-0.146,10253
0.0248,3920
0.16,2257
0.27,2315
-0.127,8089
-0.124,7982
1,656
0.00493,4999
0.158,2726
-0.155,8842
-0.161,7464
-0.0919,8209
-0.304,9185
-0.0233,6399
-0.207,10195
0.44,670
-0.411,8379
-0.244,9839
-0.167,9988
-0.119,7887
0.153,2613
0.311,1330
0.267,2213
-0.842,10920
0.21,547
-0.147,9164
0.00389,4898
-0.248,10499
0.0964,3329
0.0815,2722
-0.136,9505
0.0678,3065
-0.191,9187
0.0778,3278
0.332,1714
-0.292,9857
-0.106,8907
0.0255,4556
0.266,2386
0.0491,4049
-0.217,9897
0.0639,3511
-0.13,9551
-0.195,8830
0.0531,3846
-0.0154,5763
-0.126,8154
0.107,3976
0.291,511
-0.467,11003
-0.0714,6373
0.0786,1699
-0.252,9468
-0.013,6055
-0.0245,5972
-0.0625,7744
-0.211,8686
0.00269,5182
-0.142,8564
0.000929,5066
0.0118,4739
0.0235,4169
0.346,979
-0.137,8179
-0.168,9647
-0.107,7539
-0.347,10600
-0.107,8695
-0.259,8629
-0.0131,4764
0.108,2961
0.217,1907
0.246,1185
-0.159,10201
-0.251,8926
-0.412,10185
0.0648,3476
0.734,887
-0.131,8459
-0.174,10680
0.314,516
-0.23,6676
-0.316,10279
-0.173,7226
-0.1,10267
-0.0474,6897
0.127,2699
0.213,1739
-0.193,9465
0.287,845
-0.274,10823
0.374,286
0.122,2949
-0.408,10984
0.0363,4375
-0.16,8820
0.0602,3384
0.428,447
0.0428,4658
0.341,508
0.207,2342
-0.00501,5198
-0.302,10856
0.219,147
0.0973,3161
-0.377,10531
0.00503,5170
-0.097,7525
0.0351,4597
-0.507,9724
-0.0981,9007
-0.319,10695
-0.0576,7935
-0.24,9944
-0.242,10522
-0.103,9197
0.073,3770
0.159,2192
-0.0367,6181
-0.0519,5773
0.148,1660
-0.0428,6135
0.525,1843
-0.00863,5394
-0.0337,6121
0.267,2013
-0.116,8373
0.216,2534
-0.0913,6601
-0.00525,5492
0.3,1116
0.171,1220
-0.0032,5652
0.1,1787
0.0361,4220
-0.0507,6182
-0.431,9971
-0.0768,9116
-0.036,6624
0.124,592
-0.155,8314
0.245,1999
0.777,1960
-0.0502,5468
0.0441,3850
0.326,664
-0.0874,7180
0.243,205
0.221,2785
0.141,3291
-0.012,5871
-0.267,10353
0.396,125
-0.22,9407
-0.161,8968
-0.155,7921
-0.0722,8413
0.0894,2241
-0.213,9890
-0.0603,7146
-0.0326,6132
-0.0217,5702
-0.0775,7764
0.00617,4863
0.231,1036
-0.289,10665
0.353,1291
-0.0764,7018
0.267,251
0.187,2010
-0.187,8835
0.123,2588
0.186,2056
0.193,3056
-0.281,10652
-0.182,10894
-0.116,9239
0.000977,5279
0.156,2168
-0.173,9575
-0.265,10725
-0.196,9737
0.296,1918
0.098,3519
0.127,2803
-0.472,10347
0.136,2044
-0.0945,10583
-0.0339,5953
0.11,2350
0.324,727
-0.17,10410
0.189,1178
0.15,1812
-0.176,8480
-0.199,10284
-0.129,8091
-0.0204,6124
0.13,2049
0.0303,4211
0.0612,4158
0.248,1100
0.137,2334
0.192,1771
0.225,1951
-0.0604,6374
0.112,2747
-0.286,8200
-0.249,9818
0.184,2723
0.169,497
-0.252,10595
-0.066,7323
-0.163,7266
0.183,2120
0.137,3458
0.0633,2954
-0.265,10453
-0.031,5746
-0.122,8096
0.0297,4649
0.893,506
-0.135,9322
0.0695,2126
0.0714,4016
-0.331,10054
0.202,2089
-0.006,4969
0.00814,5186
-0.173,8329
0.0703,3615
0.0642,3727
-0.502,9951
-0.0204,5470
0.0573,3808
-0.149,9838
-0.415,10275
-0.164,8947
-0.211,10181
-0.245,8164
-0.14,9734
-0.0579,8015
-0.0082,5274
0.212,1215
-0.06,6718
0.378,588
-0.0116,5561
0.218,823
0.104,2609
0.433,68
0.248,375
0.0821,2829
0.00972,5095
0.00494,5245
-0.107,7205
0.0475,4360
-0.149,10180
-0.109,6292
0.0231,4580
-0.11,8182
-0.0154,5550
0.189,502
-0.277,8099
0.274,1184
0.117,1879
-0.159,9665
0.447,1583
-0.617,11015
0.242,2454
0.00249,5144
-0.109,9351
0.0998,3098
0.0183,4861
-0.155,8768
0.0704,3944
-0.169,9259
-0.0371,5644
0.188,1339
0.321,883
-0.105,6715
-0.184,9197
-0.104,7618
-0.113,7894
-0.0781,5948
-0.105,6930
-0.166,8541
-0.0491,5984
-0.0353,5507
0.334,853
0.337,1668
-0.203,6840
0.461,1959
0.333,395
-0.00921,5701
0.0533,3170
0.189,1814
-0.287,10786
0.0703,3739
0.0285,4355
0.115,2382
-0.058,6797
-0.17,8180
0.18,2195
0.193,1345
-0.0767,7566
-0.176,8297
-0.4,10324
-0.095,7690
-0.204,10264
-0.242,8467
-0.189,10315
-0.0553,7000
0.106,210
0.0999,3347
-0.0117,5328
0.292,1195
0.0303,4494
-0.0106,5788
-0.112,8266
-0.0822,7546
0.041,3690
-0.0519,6428
0.277,1008
0.244,264
0.118,2462
0.0608,4472
-0.143,8217
0.275,1448
0.00364,5434
0.0375,4372
0.231,504
-0.132,8071
-0.0323,6053
0.616,837
0.934,410
0.0275,4175
0.0397,4180
0.321,479
0.156,3086
0.527,809
-0.78,10789
-0.132,7944
-0.0522,6622
0.044,4036
0.373,1231
-0.16,10079
-0.171,8362
0.00676,4836
-0.152,7913
0.119,2160
-0.0507,6099
-0.175,8181
-0.202,9347
-0.134,8772
-0.114,9199
0.634,120
-0.275,9214
0.0645,3866
-0.173,8825
-0.124,9832
0.35,249
-0.0198,6026
0.0151,4775
0.252,2549
0.167,3353
0.242,755
0.00115,5436
-0.0394,6303
-0.181,9077
0.00596,5128
-0.203,7298
0.248,709
-0.21,9874
0.122,2244
-0.0574,6794
-0.0485,7217
0.00838,5030
0.0424,4273
-0.278,10276
-0.187,7756
0.0698,3920
-0.241,10438
0.551,474
-0.047,6690
0.0761,3609
0.00746,4817
-0.0384,6821
-0.204,8208
0.326,1903
-0.204,10296
0.0224,4578
-0.136,7939
-0.0471,7061
0.139,1384
-0.523,10539
0.0913,2803
0.0462,3555
0.177,3704
0.0782,3441
-0.276,10163
0.0497,4187
-0.236,10558
0.107,3340
-0.228,10057
-0.273,8326
-0.00667,5868
0.162,524
-0.144,9852
0.0189,4554
0.258,318
-0.287,10884
0.492,608
-0.911,10241
0.0715,3210
0.376,80
-0.163,9462
-0.136,8133
-0.148,6958
0.0687,2868
0.0436,4031
-0.18,10174
0.0771,3867
-0.0176,7022
0.0272,3569
-0.0399,6366
-0.161,9103
0.403,2293
0.0251,4789
-0.0744,9504
0.0755,1269
-0.478,7321
-0.24,5653
0.0208,4351
0.162,1013
0.0451,4288
-0.0707,6873
0.0376,4496
-0.38,10716
0.0118,4882
-0.0564,6953
0.0137,5118
0.548,829
-0.212,9885
-0.362,10727
-0.196,9467
-0.185,10768
0.0188,4619
-0.277,10319
0.227,2209
-0.224,8707
0.0246,4697
-0.21,9852
0.0288,4032
0.0491,3683
-0.11,7368
-0.086,5870
-0.17,7953
-0.181,9881
0.0829,3544
-0.0816,8167
-0.0683,7595
-0.126,8263
-0.211,6724
0.136,2455
-0.0968,8763
-0.314,10832
-0.316,10830
0.0603,3341
-0.358,8515
0.08,2705
-0.173,9337
0.219,1376
0.0864,3159
-0.00721,5245
-0.00307,5399
0.105,2198
0.0214,4383
0.127,2308
-0.276,10014
0.454,50
-0.121,8411
0.269,624
-0.0516,8421
0.172,1956
-0.0845,7910
0.153,3269
0.00406,5121
-0.00159,5260
-0.161,9955
0.0497,4070
-0.125,5693
-0.0429,6802
0.109,3203
-0.136,10010
0.0757,2726
-0.00339,5535
-0.106,7405
0.0793,3373
0.00503,5238
0.454,604
-0.0177,6092
-0.659,11009
-0.0685,7564
-0.465,10658
0.0239,4680
0.0839,3027
0.548,256
0.0509,3614
0.225,1224
0.0326,4482
-0.208,8633
-0.254,10384
-0.09,9017
-0.149,9135
0.383,259
0.0139,4832
-0.0234,5786
-0.0324,7125
-0.0875,8744
0.0933,2846
-0.19,7907
-0.149,5301
0.202,1792
0.029,4133
-0.149,8933
0.437,40
0.104,3256
-0.0929,7084
0.409,475
0.0469,4088
-0.0215,5689
-0.189,6622
-0.715,10085
0.0675,4384
0.129,3970
-0.234,9094
0.447,1439
0.0866,2498
0.657,151
-0.542,10779
-0.22,9793
0.012,5246
-0.0898,7609
-0.208,10325
-0.00566,5338
-0.00749,5628
-0.196,7806
-0.129,8785
0.125,1575
-0.214,10776
0.0296,4505
-0.247,8503
-0.113,9410
-0.0019,5286
-0.201,10432
0.069,3674
-0.418,10288
-0.326,10529
-0.0883,7469
0.186,1474
0.267,639
0.0622,3474
0.0993,3226
0.0636,4213
-0.374,10311
0.0141,5094
0.142,2474
0.0848,3316
0.1,3415
0.103,3854
0.0251,4321
-0.0474,6685
-0.119,9567
0.0035,5076
-0.0579,7512
-0.169,8885
-0.0297,5795
-0.023,5873
-0.0335,6476
-0.201,10007
-0.15,6764
-0.117,8645
-0.171,10280
0.0597,3604
0.127,2494
-0.00728,5359
5.49,16
-0.23,8600
-0.0585,7344
0.0354,3984
-0.243,10284
0.883,962
0.0954,3052
0.0621,3234
-0.0283,6379
-0.0743,7994
0.147,1274
-0.157,6727
-0.755,10997
-0.0805,7754
-0.149,9387
0.0979,2851
-0.0137,5574
0.0637,4076
0.0469,4554
0.0784,2052
0.0453,4293
0.0633,3826
0.196,1329
0.128,3651
0.245,1321
-0.0601,7679
-0.101,8815
-0.184,10180
-0.202,9734
-0.117,7090
0.084,3846
0.0263,4702
-0.178,9692
-0.139,8175
0.0313,4170
-0.0398,5873
-0.00663,5505
0.18,1019
-0.24,10499
-0.0324,5944
-0.193,9441
-0.183,8597
0.122,2425
-0.17,9729
-0.0383,6643
0.0102,4970
0.608,896
0.252,2095
0.139,3376
-0.165,10559
0.0548,3539
-0.142,8617
-0.0131,5322
-0.222,10157
0.0361,4736
0.0575,3338
-0.162,8580
-0.0838,7323
-0.16,9342
0.094,2983
0.0236,4741
-0.0357,6422
-0.0409,5967
0.217,1135
0.117,3088
-0.113,7931
-0.0221,5763
0.106,1991
-0.0678,9068
-0.288,10108
-0.172,9394
-0.0258,5781
-0.0439,6041
-0.139,8852
-0.221,9817
0.148,1567
0.388,91
0.282,1064
0.0578,3337
-0.0218,6796
-0.281,9136
-1.94e-05,5373
-0.223,7936
0.0987,3233
0.208,434
-0.0198,6630
-0.189,9501
0.00125,5238
-0.0274,6112
-0.0308,5544
0.0257,4492
0.0175,4738
0.132,1498
-0.157,7764
0.64,1655
-0.145,7189
0.0248,4887
-0.13,9311
0.00629,5417
-0.188,10571
0.469,432
-0.0999,7037
0.188,1056
0.00612,5157
-0.293,10850
0.0492,4063
0.0475,3985
0.0481,3688
-0.138,9641
-0.0769,7561
0.404,583
0.197,1942
-0.204,9343
-0.0901,6433
0.118,2798
0.0264,4682
1.98,34
0.267,1800
0.149,3690
0.435,969
0.0481,4054
0.0417,4087
-0.118,8615
-0.034,6313
-0.11,7210
-0.728,9603
0.279,203
0.436,1081
-0.29,10011
0.561,168
-0.14,7919
-0.206,9380
0.235,442
-0.112,8582
-0.0364,6633
-0.554,9607
0.245,1391
0.391,101
-0.0806,7049
-0.134,8898
0.105,3711
-0.0447,6258
0.0817,4056
1.07,338
-0.0416,6699
-0.124,10474
-0.0914,7735
-0.154,9003
0.371,1970
-0.058,6664
0.0769,3161
-0.249,10198
-0.151,8956
-0.0433,6019
-0.184,8518
0.172,1300
-0.226,10740
-0.00774,5757
0.126,2422
0.129,2893
-0.0125,6007
-0.0781,7732
0.0384,3501
0.0193,4565
-0.136,7549
-0.0335,6448
0.12,3080
0.104,3225
-0.0567,8097
-0.188,10166
0.0881,3206
0.322,138
-0.196,6374
0.271,1748
-0.0929,8912
-0.0506,6631
0.053,3887
-0.166,7687
-0.163,10053
-0.341,7909
0.114,1098
-0.0129,6156
-0.0142,5416
-0.235,8680
-0.212,8929
0.24,1830
0.0269,4567
0.17,712
0.129,2105
0.0696,3819
0.177,2775
0.00633,5225
0.0712,2250
0.0265,4782
-0.395,10880
-0.0812,8525
0.209,2096
-0.0852,6641
-0.181,10377
-0.183,10348
-0.0574,6403
-0.643,10814
-0.118,7123
-0.218,6511
0.0399,4010
0.136,747
-0.0981,7791
0.262,773
0.276,2793
0.0708,3652
0.132,2047
-0.0428,6965
-0.393,10309
0.153,2392
-0.0884,7897
-0.0534,6917
-0.0151,6209
0.0492,3469
0.0823,3780
0.146,1722
-0.0228,5653
-0.0509,6306
0.159,838
0.102,3394
0.185,2513
-0.418,10342
-0.176,9715
-0.525,10868
-0.321,10090
0.407,180
0.0449,3790
-0.0385,6949
0.167,878
0.133,1527
0.0427,4567
-0.0844,8132
0.294,1270
-0.189,9913
-0.0895,8242
-0.000553,5155
0.0857,3331
0.139,2290
0.583,233
-0.155,10696
-0.0212,6364
0.00868,5128
-0.0387,5882
0.113,3049
-0.0641,7245
-0.236,10484
0.227,1231
0.389,154
-0.0581,6101
-0.0534,6447
-0.384,10613
0.0157,4704
-0.0291,5891
-0.204,9762
0.0805,3303
0.0392,4804
0.0377,4073
-0.016,5654
-0.288,9316
-0.238,10199
-0.0424,6333
0.297,1214
0.389,1238
-0.0942,7085
0.0386,3514
0.266,770
-0.12,8959
0.0557,4301
0.299,1361
0.0582,3468
0.0624,3445
-0.145,8031
-0.2,8730
-0.214,8163
-0.0567,6179
0.0677,2747
-0.0409,6440
-0.131,10566
-0.345,9966
0.352,898
0.0271,4510
0.0237,4755
0.0107,5125
-0.0299,6626
0.11,1465
-0.355,10830
-0.034,6676
-0.249,10787
-0.0859,7224
-0.222,9832
0.00695,5104
0.238,685
-0.131,9073
0.00361,5429
-0.13,8597
0.0806,3602
0.0767,3503
-0.0335,5780
-0.0601,7334
-0.165,8436
-0.0676,7509
-0.296,10564
-0.0864,7851
-0.137,7335
-0.227,9448
-0.226,9581
0.11,2835
0.173,1457
-0.27,8861
-0.198,7521
-0.0831,9117
-0.0253,6088
0.194,2482
0.368,535
-0.136,7788
0.1,2297
0.0258,4702
0.193,2741
-0.0997,6936
-0.0344,5951
0.0493,4385
0.208,1973
-0.0819,7563
0.0309,4227
-0.117,8595
0.0229,4859
-0.00278,5212
0.0459,4193
0.513,171
-0.0498,6952
-0.000686,5363
0.0976,2835
-0.0839,7603
-0.294,10687
0.121,1769
0.0897,1965
-0.0552,5825
0.787,32
-0.188,9418
0.215,1321
-0.0477,7982
0.116,2657
-0.313,10721
0.00294,5445
-0.115,8123
-0.0981,7571
0.0212,4881
-0.0773,7734
0.164,1550
0.493,118
0.0661,3766
0.0189,4672
0.344,588
0.237,792
-0.215,8581
0.0619,3638
-0.0162,5760
-0.541,9307
-0.123,9430
-0.103,10029
0.239,700
0.211,1684
-0.168,10004
1.38,940
-0.0256,6441
-0.191,10613
0.0854,3300
-0.283,9296
0.289,2152
-0.261,9964
-0.0983,7919
-0.149,8966
0.163,2037
-0.267,10275
-0.258,10772
0.06,4266
-0.121,8018
-0.0977,8125
-0.0378,6141
-0.148,8375
0.0351,4744
0.152,3066
-0.117,10217
0.0449,4034
-0.0173,5896
-0.245,10590
-0.0268,5988
-0.0402,5345
-0.0273,5925
-0.271,9695
0.902,1044
0.0279,4498
-0.138,8575
-0.151,9828
0.0795,2360
0.202,189
0.243,1621
0.204,1103
-0.282,10445
-0.0542,6687
-0.00383,5614
-0.0497,7707
-0.164,9602
-0.253,10076
0.3,1132
-0.371,9434
-0.155,8466
0.00971,4860
-0.0712,6899
-0.0283,5647
0.529,29
-0.0216,5845
-0.0442,6914
0.324,626
-0.271,9538
0.037,4504
-0.344,9252
-0.468,10991
-0.0249,7039
-0.0571,7454
-0.156,8223
-0.138,8164
-0.337,9692
0.186,2192
0.141,1413
-0.109,9491
0.137,1795
0.0216,4925
0.0853,3791
-0.138,8268
-0.14,10328
0.00576,5024
0.366,1521
0.0208,4676
-0.215,9658
0.41,1793
0.0388,4244
-0.206,10054
-0.281,10092
-0.235,8255
-0.298,9991
-0.369,9343
-0.0739,7221
-0.186,9786
0.227,1683
0.204,2291
-0.121,8563
0.82,185
0.137,1615
0.0908,808
0.0285,4766
-0.0483,6509
0.453,1699
-0.0893,7203
0.0685,2375
0.115,2080
-0.465,10747
0.0571,4191
-0.126,6241
-0.0263,5400
-0.14,8606
0.24,1966
0.152,1625
-0.00518,5512
0.0248,4477
-0.23,8860
0.0419,3462
-0.121,8486
0.0079,5144
-0.12,8375
-0.422,7404
0.417,2231
0.128,2039
-0.183,9830
0.0922,2209
0.576,372
-0.0235,5996
0.315,2404
0.324,505
0.0783,3040
-0.0509,6463
-0.172,5576
0.364,336
0.606,391
-0.188,10954
0.449,298
-0.0984,7672
-0.00128,5470
-0.0415,6279
0.108,3430
-0.181,10107
0.472,318
0.0365,4467
0.127,2869
-0.00855,5552
0.718,116
0.185,501
-0.452,11023
-0.0214,6072
0.158,2173
-0.162,7967
0.287,1204
0.0386,3964
-0.154,10025
0.00531,5386
0.313,198
0.0863,3859
-0.101,7417
-0.14,9827
-0.136,8636
0.314,1148
0.254,1112
0.0319,3863
0.114,3894
0.207,337
0.0736,1898
-0.0184,6020
-0.0472,7159
0.0643,3899
-0.0678,7181
-0.0716,6442
-0.196,10566
-0.0634,7593
0.12,3563
-0.413,10712
-0.0683,5533
-0.672,10287
0.0449,3029
-0.0132,6084
-0.107,7182
-0.0334,6388
-0.154,8578
-0.518,10159
-0.123,9477
-0.0475,8557
0.149,3499
-0.0892,5224
0.838,665
-0.371,9970
-0.347,9751
-0.0923,9088
0.549,335
-0.255,9737
0.076,3278
0.0188,4379
-0.0473,7198
-0.322,10744
-0.156,7979
-0.145,7910
-0.14,8179
-0.0678,6570
0.014,4669
-0.199,10070
-0.171,7910
-0.0153,5222
0.132,3056
-0.0745,7545
0.157,2331
-0.217,9165
-0.226,9655
0.181,2169
0.275,2215
0.12,2857
0.0557,3686
0.112,1930
1.45,294
-0.209,8274
0.0211,4912
-0.0106,5616
-0.064,7803
-0.0395,6912
-0.295,7892
-0.442,9518
0.651,2074
-0.622,10700
-0.101,8590
1.83,352
-0.0249,5538
0.38,901
-0.417,11002
-0.277,8824
0.146,2464
-0.301,10579
-0.288,10581
0.0232,4813
-0.315,10990
-0.125,8955
-0.377,10617
-0.336,10744
-0.0147,6044
0.275,2146
0.248,1213
-0.242,10084
-0.0701,8273
-0.147,7027
-0.206,10771
0.264,445
0.155,3209
-0.0816,7617
0.103,2037
0.149,1837
0.0441,4055
0.224,1168
0.0305,3978
0.0899,2030
0.596,236
0.579,258
-0.0254,5322
-0.265,10425
0.0145,4837
-0.149,10652
-0.147,6038
0.297,2374
0.748,148
0.0322,4423
-0.133,8772
-0.163,9762
0.00972,5132
-0.0803,7453
-0.172,9270
0.0792,3286
-0.012,5973
-0.13,8764
-0.0806,7277
-0.289,10590
-0.104,7260
0.196,2356
0.0713,2836
0.092,1543
0.656,341
-0.575,9892
1.73,160
-0.0684,7167
0.156,1870
-0.322,10830
0.422,568
0.174,1472
0.0116,5003
0.122,1741
0.0646,2920
0.218,2784
-0.0883,7191
0.0381,4713
-0.255,9800
0.024,4435
0.0265,4720
-0.415,10708
0.39,73
-0.0451,5295
0.205,2510
-0.0785,8364
-0.13,7890
-0.0999,7794
-0.0876,7418
-0.279,10615
0.0534,3643
-0.0596,7564
0.198,1138
0.127,3231
-0.0884,6827
-0.189,9273
-0.844,10834
0.106,1825
-0.233,9211
-0.14,7499
0.001,5157
-0.0861,6857
0.159,690
-0.147,7699
0.255,1450
0.0692,3624
0.191,937
-0.176,9066
-0.00382,5687
-0.106,8595
-0.0355,7166
0.0934,3046
0.145,2373
-0.366,10690
-0.671,9295
-0.0476,6931
0.0459,3673
0.107,2850
-0.0917,8344
-0.438,10135
0.742,577
-0.0533,7172
-0.0244,7076
-0.00401,5392
0.00282,5367
0.0889,3430
-0.0363,6229
-0.101,7130
-0.299,10735
-0.0123,5693
-0.191,9301
-0.232,10520
-0.0771,6912
0.118,529
-0.0424,7353
-0.0679,7031
-0.15,9334
-0.163,8148
0.14,1655
0.539,1000
0.173,1339
0.149,2439
0.286,1501
-0.16,9581
-0.11,6861
0.102,2051
-0.14,9289
-0.221,10018
-0.125,7452
0.285,1704
-0.163,8043
-0.129,9576
-0.0908,7929
-0.1,7327
0.244,642
1.22,571
0.134,1940
-0.104,7622
0.132,1376
-0.0666,7451
-0.275,10658
0.268,979
-0.198,6444
-0.0465,6681
-0.0491,6891
0.0951,2029
-0.0374,6084
0.0212,4698
-0.218,10488
0.0807,2241
-0.00339,5519
-0.0757,6297
0.0584,4362
0.377,944
-0.131,7557
0.0857,2954
0.128,2470
0.193,2772
-0.0213,5707
-0.126,6925
0.0193,4826
-0.0015,5258
-0.187,10182
-0.231,9138
-0.127,7077
0.431,1833
-0.282,10027
0.0539,4260
-0.0315,6586
-0.0638,6565
0.118,3436
-0.0242,5506
0.0655,3506
0.164,2841
-0.02,5734
0.0401,3997
-0.0195,5833
0.161,673
-0.218,9822
-0.363,11006
0.29,625
-0.184,8645
0.0233,4614
0.151,3108
0.0594,3009
-0.0254,6180
-1.14,10927
0.0202,4716
0.132,2949
-0.00196,5251
0.098,2599
0.00663,4887
-0.0718,8619
-0.15,9635
0.166,2051
0.00477,5240
0.114,1719
0.0313,4411
-0.0458,6544
0.0607,3383
0.118,3057
-0.117,9350
-0.043,6744
0.07,2611
0.133,2985
0.0257,4474
-0.117,6864
-0.227,8519
0.298,840
-0.259,10769
-0.0482,7163
0.174,1668
0.336,256
-0.1,6982
-0.0388,6443
-0.0479,7699
-0.0653,7097
0.0271,4529
-0.0618,7648
-0.101,8120
-0.0214,5771
-0.0399,7214
-0.046,6567
0.415,386
0.211,2080
1.1,54
-0.101,8099
-0.0183,6154
-0.275,9493
0.0601,3813
-0.0294,5622
1.11,580
0.293,243
0.106,2649
-0.493,9958
-0.0468,6498
-0.107,7508
0.0848,2934
0.111,3013
-0.225,9810
-0.0565,6093
-0.144,8859
0.151,3529
-0.366,9776
0.147,1262
0.00397,5126
-0.0529,7060
0.151,1858
0.0342,3715
-0.0858,7162
-0.019,6088
0.0257,4545
-0.000304,5105
0.0235,4564
0.246,2792
-0.299,10420
-0.18,10371
0.253,17
0.031,4429
0.216,654
0.0876,3649
0.0709,2738
0.176,856
-0.0573,7145
0.222,2178
0.517,342
-0.223,9487
-0.0768,7586
-0.611,9073
0.039,3736
0.0721,3584
0.0761,3653
-0.431,10711
-0.0957,8334
-0.0587,7396
-0.129,8095
-0.355,8756
0.201,1907
-0.0781,7824
0.051,4320
-0.217,10106
0.284,1031
0.228,305
0.187,1450
-0.137,9466
-0.285,8107
0.00365,5205
-0.0115,5615
0.27,233
0.316,512
-0.0307,5696
-0.00116,5411
-0.0102,5625
-0.153,10052
-0.0378,6612
0.194,1631
-0.0886,7573
0.511,890
-0.104,7377
0.116,2215
-0.362,10603
0.186,1551
0.244,2092
0.283,773
-0.0888,8248
-0.151,9302
-0.0673,7302
-0.00969,5661
-0.221,9045
-0.179,9928
0.107,3641
-0.0676,6728
-0.0959,7742
0.365,719
-0.0639,7427
0.11,1781
-0.0211,6110
0.364,529
0.25,1338
-0.293,8796
-0.103,6864
0.159,2539
-0.0422,7129
0.0114,5174
-0.0704,7404
0.0707,3883
0.0966,3849
0.236,2657
0.0416,3506
-0.158,8546
-0.189,8309
0.000853,5353
0.0328,4598
0.228,1178
-0.0771,7724
-0.177,10628
-0.809,11002
-0.343,10665
-0.0441,5551
0.192,2186
-0.17,8996
-0.149,7644
0.128,2037
-0.161,8359
0.0233,4785
-0.226,7990
-0.0795,9316
-0.0562,8094
0.187,1680
-0.253,9441
0.113,3377
-0.411,10507
0.0324,4260
-0.0234,6506
0.224,780
-0.0515,7034
0.0902,3758
-0.0691,6895
-0.0387,7896
0.02,4924
0.555,414
0.0114,4845
0.395,252
-0.302,9996
-0.203,9475
0.00833,4764
-0.0531,6713
-0.203,8947
-0.305,9829
0.00511,5128
-0.0684,8402
-0.296,10655
-0.778,10347
-0.186,9644
0.507,395
0.0287,4514
-0.12,8631
-0.13,8576
0.327,439
0.231,1376
0.233,1139
0.066,3386
0.0252,4300
-0.131,10683
0.434,780
-0.0653,7179
-0.214,8191
-0.152,9385
-0.166,9269
0.00843,5080
-0.00198,5325
0.27,1387
-0.043,7109
-0.551,10684
0.0154,4484
-0.026,5995
-0.174,8375
0.0788,3624
-0.079,7094
-0.24,10243
0.0267,4414
0.141,1423
-0.118,7506
0.32,1158
0.218,359
0.262,763
0.0454,3622
0.0967,2459
-0.0782,7204
-0.0615,7482
0.073,4189
-0.143,7912
-0.0565,6365
0.16,367
0.0114,5006
-0.167,9037
-0.15,8807
-0.0758,7201
-0.051,6895
-0.137,8682
0.0613,4092
0.591,822
0.323,897
-0.333,10712
0.212,634
-0.0212,5590
0.234,3206
-0.205,9101
0.44,723
-0.391,10666
0.0193,4232
-0.111,8556
0.104,3145
-0.0963,8385
0.26,683
0.221,1392
0.104,1334
-0.0703,8028
-0.00902,5283
0.109,3169
-0.0921,7177
-0.0972,7464
-0.0336,6925
0.0438,4238
-0.189,8899
0.016,4847
0.308,329
-0.202,8919
0.178,1219
0.154,1046
0.595,696
-0.23,8699
-0.627,8371
-0.231,8650
-0.12,8928
0.0618,3390
0.144,2963
0.364,894
0.349,33
0.0588,4267
0.0627,3323
-0.125,8908
-0.58,8555
0.564,151
0.0556,3304
0.0983,3615
0.0357,4494
0.145,2000
-0.311,5676
-0.00489,5438
-0.33,10791
-0.143,6566
-0.239,9364
0.063,3214
0.0802,4047
-0.154,9997
-0.371,9909
-0.0274,6332
-0.232,10676
-0.231,10344
-0.0343,5889
-0.122,7061
0.0566,4446
0.0384,4732
-0.115,7169
0.154,2423
0.12,3002
0.0211,5037
1.07,1384
-0.214,9780
-0.09,8972
0.12,2996
0.374,1287
-0.127,6637
0.399,972
-0.0632,7454
0.129,2565
0.0116,4932
-0.254,8945
0.156,2133
0.414,2341
-0.404,9947
-0.121,9441
-0.0359,6132
0.124,3065
-0.232,10922
0.136,3652
-0.104,7543
0.0191,4421
0.0175,4915
0.25,2967
-0.229,9154
-0.423,7849
0.171,2250
-0.216,10403
-0.0264,6660
-0.106,7426
-0.29,10887
0.478,485
0.0584,3542
0.0748,3530
-0.0816,8325
-0.284,9420
-0.122,7989
0.0306,4660
0.361,507
0.0355,4216
0.0108,4785
0.141,2937
0.129,3055
-0.259,7988
-0.509,10752
0.0253,4622
-0.0805,8920
-0.125,8216
0.472,1887
0.233,2252
-0.103,7413
-0.00824,5422
-0.073,9070
0.134,2407
-0.439,10949
-0.133,9147
0.0333,4336
0.116,2804
0.203,249
-0.346,9405
-0.127,8316
-0.0457,6322
0.105,3531
0.0182,4696
0.0734,3262
0.00647,5287
0.175,233
0.221,1493
0.0623,4536
0.125,1191
0.328,779
0.000769,5195
0.0947,3577
-0.00193,5212
-0.186,9219
-0.17,10355
-0.0773,6880
0.0502,4001
-0.0716,6397
0.179,2189
-1.09,10939
0.0421,4214
0.26,1577
0.23,2210
0.159,3498
-0.329,10343
-0.119,8126
-0.0241,5958
-0.228,10864
-0.107,9132
0.379,184
-0.0486,5924
0.441,187
-0.138,9507
0.00883,5081
-0.00464,5524
-0.0243,6297
0.309,2172
-0.132,8069
0.058,3326
0.0892,2619
0.163,2089
0.0464,4358
-0.177,8687
-0.238,10283
-0.139,9279
-0.206,10230
-0.0323,6390
0.0382,4511
0.314,1178
0.0753,4227
0.123,1932
-0.0632,7884
-0.129,7482
1.24,483
-0.0515,7103
-0.142,8788
-0.347,10943
-0.114,7532
-0.0457,6536
-0.023,6228
-0.0875,7425
0.121,1741
0.0977,2391
0.0454,2890
0.113,948
-0.0554,7733
-0.189,10521
0.118,2021
0.107,2812
-0.0455,5955
-0.218,10338
0.0372,4255
0.0337,4550
0.0965,3337
-0.0683,7010
0.098,1653
-0.182,7724
0.277,766
-0.112,9790
-0.179,9237
0.264,2657
-0.259,9797
0.224,963
0.285,531
-0.106,8427
0.446,2503
-0.0856,7653
0.443,487
-0.0489,6739
0.0835,2847
0.325,2623
-0.284,10479
-0.0206,5632
-0.0412,6057
-0.121,7684
-0.36,11014
-0.119,7981
-0.133,8407
-0.19,8724
0.0755,2116
0.0345,4739
0.0595,4259
2.06,309
-0.123,6384
0.0964,2998
-0.063,7117
0.253,835
-0.077,7409
0.928,17
-0.428,9293
0.241,1389
-0.231,10441
-0.0521,7669
0.00223,5209
0.246,827
0.18,2585
-0.0769,8279
0.0537,2769
-0.119,8041
0.0506,4110
-0.215,10053
0.0245,4359
0.136,1426
0.176,2483
-0.457,10475
0.0834,2891
-0.0297,5880
0.149,2003
0.238,542
0.0768,3893
0.0607,3963
-0.0136,5310
-0.655,10953
-0.554,10498
0.0159,4396
-0.0941,8990
0.0106,5284
-0.115,7255
-0.195,8737
0.0951,3672
-0.129,9312
-0.00688,5303
0.0648,3542
0.188,1536
-0.0369,6620
0.144,1782
-0.0621,7233
-0.371,10909
-0.133,8015
0.192,1607
-0.0397,5533
-0.0142,5207
0.0166,4741
0.144,492
0.24,929
-0.234,9173
0.171,2237
-0.0558,5364
-0.0537,7096
0.176,1545
-0.0305,5975
0.157,2752
0.157,2432
0.00797,5062
0.131,164
0.111,2872
0.187,1663
0.454,194
0.0517,3940
0.0526,3028
0.0444,4241
-0.0478,6734
-0.125,7266
-0.111,6607
-0.492,10140
0.285,1307
-0.028,6420
0.0424,3985
-0.388,10707
0.0657,3429
-0.197,8327
-0.229,8420
-0.0206,5787
-0.00342,5433
0.176,2009
0.453,391
-0.00926,4755
-0.0621,6831
0.059,3614
-0.096,7407
0.08,3625
0.138,3209
0.205,4220
0.0602,4411
-0.138,10276
0.212,919
0.189,1900
-0.42,10971
-0.391,9648
-0.0804,7935
0.28,325
0.0359,4833
0.087,3926
-0.229,10004
0.236,1620
0.123,2212
0.0815,2817
0.202,815
0.199,3059
0.0594,3741
0.129,1954
0.4,2155
0.117,1527
-0.0647,7221
0.0513,3866
0.141,1782
-0.193,9456
0.0392,4418
0.592,660
0.256,796
0.835,187
0.103,2609
-0.627,10454
-0.196,8764
-0.16,10195
-0.483,10979
0.0398,4195
0.33,748
-0.318,8984
-0.0686,5308
0.0369,3620
0.124,1657
-0.262,9722
-0.456,10197
-0.0858,6513
-0.00622,5437
-0.0387,7202
0.273,166
0.0714,3511
0.22,1597
0.427,1589
-0.145,9694
0.128,2590
0.0175,4674
-0.0786,7863
0.196,2265
0.133,2568
0.236,1019
-0.0895,7578
0.221,1229
0.204,2698
-0.255,10715
0.145,2196
0.306,387
0.21,1754
0.403,379
-0.0594,6470
0.117,2594
0.148,2276
0.27,1831
-0.107,8645
-0.449,10620
0.0349,4529
-0.201,10638
0.131,2668
0.104,2809
-0.0932,9875
0.0347,4185
-0.162,8147
0.252,1223
-0.0869,6822
0.0666,2658
-0.0682,7042
-0.189,9461
-0.868,8690
0.116,3060
-0.0167,5390
0.514,537
-0.304,9430
-0.0847,8234
0.0847,3664
0.00585,5183
-0.0684,7480
0.343,1324
0.226,592
-0.0864,10091
-0.427,10046
-0.00138,5261
0.0453,3865
0.139,1986
-0.113,7783
0.0512,3478
-0.144,8015
-0.435,10828
0.21,1549
-0.0143,5729
0.0712,2474
0.0716,3161
-0.617,10661
-0.0482,6162
0.205,1609
-0.452,6939
0.0865,3950
-0.0909,8673
-0.123,7874
-0.0161,5772
-0.604,8835
-0.302,10019
-0.0504,7053
-0.0191,6167
0.261,124
0.0421,4077
-0.137,9271
0.0865,2904
0.177,939
0.00916,5068
0.58,65
-0.2,7439
0.113,3558
0.21,1205
0.0021,5151
0.00396,5254
0.0989,3395
-0.0174,5731
-0.095,8810
-0.0746,6594
0.122,2037
0.0605,3705
-0.0142,5728
-0.00545,5535
0.159,2967
0.221,2217
-0.011,5899
-0.0316,6908
-0.0176,5839
-0.168,9075
-0.0321,6244
-0.066,6585
-0.152,10595
-0.0351,6782
0.255,444
0.00633,5033
-0.215,7497
0.0326,4217
0.285,61
0.242,267
-0.0657,6055
-0.358,10191
-0.532,10959
-0.689,10159
-0.0659,8721
0.18,541
0.51,808
0.128,2065
0.399,2182
0.0348,4640
-0.00583,5792
-0.0644,8411
-0.383,10455
0.0579,2882
0.247,2331
0.21,1614
-0.146,8097
-0.12,9624
-0.267,10285
0.197,2959
0.00277,5015
-0.462,8881
0.0982,3090
-0.104,8826
-0.381,10670
0.401,832
-0.0108,5739
0.071,4173
-0.0675,7566
0.101,2592
0.0559,4064
-0.452,6475
0.166,1358
-0.164,8684
-0.151,7481
0.513,1047
-0.0958,7235
-0.158,9657
0.122,2187
0.101,3422
0.851,141
0.104,3903
-0.136,7185
0.0407,3235
-0.067,7879
-0.321,10702
-0.0989,8538
-0.02,6009
-0.00703,5487
0.05,3070
0.0271,4526
0.0776,4092
0.0659,4186
0.0442,4657
0.378,279
0.307,352
0.0563,3167
0.582,144
0.119,2809
0.204,1994
0.0096,5103
-0.0516,6451
0.0649,3656
-0.54,10049
-0.0232,5310
-0.0504,7067
-0.135,7835
-0.216,10587
0.157,1125
-0.121,6170
-0.126,8238
-0.149,7431
-0.0119,6166
0.0282,4217
0.18,263
-0.256,5429
1.43,727
-0.388,7979
-0.346,9302
0.191,1431
-0.108,8619
0.314,2936
0.0634,4258
0.117,3762
0.421,1421
-0.265,7320
0.245,3063
0.0124,4960
-0.0375,5792
-0.114,8955
-0.0876,8900
0.247,1939
0.576,1132
-0.591,10518
0.177,3586
0.113,3450
0.11,2997
-0.0567,7157
-0.262,10138
0.353,681
-0.0283,6039
0.00465,5065
-0.116,8415
0.135,3255
0.123,2545
-0.0802,6709
0.0135,4714
0.0339,3892
0.203,1792
0.0436,4258
0.109,2313
0.0521,3682
-0.147,8159
-0.242,10577
0.068,2460
-0.563,7734
0.017,5212
0.369,1336
0.0245,4980
-0.161,8696
0.00846,5097
-0.514,8697
-0.284,9714
-0.0849,7232
-0.306,9959
-0.0223,6599
0.0864,4243
0.357,1447
-0.925,9646
-0.212,8548
-0.0836,9568
-0.028,8359
0.575,116
0.276,993
0.306,1468
0.225,962
0.196,712
0.0877,3673
-0.165,9197
-0.0801,7136
-0.175,9205
0.118,3151
-0.0916,7445
-0.0781,9080
0.0296,4899
0.208,1906
0.292,1916
0.144,1175
0.0948,2789
-0.406,10927
0.229,1025
0.251,639
0.443,798
-0.0829,6336
0.338,1445
0.0423,3777
0.42,745
0.24,1618
-0.175,9332
0.0646,3018
0.136,1109
0.0245,4518
0.0932,3847
0.244,1749
-0.0671,7479
0.136,3674
-0.083,8886
0.17,1426
0.294,1785
-0.0424,5928
0.105,3159
-0.0762,7124
0.321,191
-0.414,10660
-0.038,6032
-0.358,10553
0.0331,4528
0.15,313
0.104,1924
0.134,1772
-0.0367,5428
-0.193,9952
-0.236,9712
0.0202,4623
0.288,349
-0.0212,6084
0.21,597
-0.235,8864
0.524,36
-0.404,10976
-0.0505,6719
-0.0921,9028
-0.0266,6106
-0.0376,6215
-0.245,8765
0.342,936
-0.00703,5317
0.00543,5187
0.273,689
-0.146,8775
-0.393,10856
-0.141,8783
-0.114,9338
0.218,905
0.155,2591
0.177,2023
-0.369,10815
0.15,1799
-0.0544,6515
0.035,3661
-0.0959,8228
0.0923,3208
-0.236,10901
0.0168,4755
-0.236,10741
-0.155,7722
0.0603,3977
-0.0639,8224
0.858,1760
0.105,1929
0.115,2758
-0.067,7344
-1.03,10733
-0.233,8673
0.566,242
0.000115,5236
0.0351,4031
-0.335,10798
0.205,1104
-0.249,10079
0.0342,4438
0.291,451
-0.0374,6833
0.373,1445
0.02,4612
0.374,701
0.13,2590
0.0371,4531
0.0147,4710
0.0622,3582
0.0755,3486
0.106,2103
0.788,317
-0.0938,8045
0.0928,2640
0.287,1954
-0.397,9779
0.152,3674
0.19,911
-0.0421,6158
-0.295,10486
0.275,1622
0.0166,4951
-0.18,8338
-0.0323,6181
-0.112,8691
-0.13,9188
-0.0248,6004
-0.0835,7783
0.237,579
0.0658,3541
0.35,386
-0.163,8855
0.0229,4815
-0.0379,6151
0.244,444
-0.0502,6831
-0.0113,5542
0.423,66
-0.00626,5575
0.143,2512
-0.0105,5666
0.0603,2450
-0.0516,8567
-0.388,10919
-0.0303,6172
-0.076,7114
-0.13,7108
-0.151,9297
-0.0139,5390
0.132,3142
-0.152,8241
0.241,889
-0.0552,6078
0.00226,5368
-0.105,7831
0.0917,3671
0.154,3351
-0.575,8768
0.268,1416
-0.01,5334
-0.00335,5530
0.058,4086
-0.061,6120
0.0453,4385
0.0607,3702
0.0433,3235
-0.0116,5931
-0.0189,5525
-0.0278,6487
0.0583,4296
-0.121,8821
-0.0912,8656
0.0192,5012
0.207,1347
0.201,2039
-0.0359,6821
0.0537,3961
0.225,437
0.0531,3415
0.386,253
-0.0292,6093
0.0213,4951
-0.156,10260
0.28,1252
0.341,98
-0.0846,7595
0.187,1350
0.464,1447
0.0903,3740
0.0417,4101
0.0108,5025
-0.224,9559
0.041,4265
0.327,1545
0.125,2756
0.00389,4919
0.0055,5044
-0.0106,5311
-0.518,10457
0.201,1343
0.134,2402
-0.0455,8009
-0.321,10854
0.0419,3784
-0.00369,5481
-0.181,9179
-0.38,10577
-0.077,7518
-0.152,8695
-0.00632,5550
0.228,794
0.0898,4089
-0.419,7928
0.117,2279
0.106,1729
0.283,1001
-0.179,8804
0.0455,4398
-0.329,10695
-0.0322,6325
0.0577,2609
0.095,3752
-0.282,10584
0.0977,3399
0.0287,4441
0.282,563
-0.058,7350
-0.476,10928
-0.124,8366
-0.14,7769
-0.556,9137
-0.0249,6160
0.326,656
0.142,3069
0.0529,3274
0.0561,3863
0.552,33
0.131,1101
0.185,474
0.0915,3458
0.107,2684
0.23,1296
-0.0529,6632
-0.125,9526
-0.186,9815
-0.124,9023
-0.0993,8269
0.0603,4127
-0.0848,7900
-0.462,10930
0.19,1985
0.0422,3999
-0.59,10124
-0.143,8114
0.0298,4080
-0.173,10137
0.059,3507
0.162,1947
-0.67,10589
-0.243,10013
0.0962,1312
0.0468,3819
0.222,1277
-0.19,10338
-0.0157,5978
0.713,432
-0.167,9887
-0.094,7195
0.0996,2615
0.347,1196
0.554,776
-0.199,8027
-0.0849,9298
-0.183,10302
-0.161,8760
-0.0361,5970
-0.389,9899
0.246,325
0.0135,4759
0.237,443
-0.146,7795
-0.00211,5440
0.0347,4796
-0.277,8838
0.0811,3710
0.226,966
-0.419,9850
-0.107,8158
-0.017,5795
0.259,2703
-0.0339,5970
0.185,1984
-0.0201,5364
-0.0655,7138
0.0843,3461
-0.126,7661
0.00519,5239
-0.249,10039
0.0364,4163
0.347,640
0.0963,3835
-0.204,8198
-0.0794,7336
-0.00182,5550
0.536,116
0.281,1742
-0.359,10299
0.29,1365
0.136,1633
0.125,1789
0.00364,5235
-0.0553,6212
-0.11,9113
-0.122,7749
-0.0373,5949
-0.0154,5981
-0.302,10090
0.302,908
0.307,549
-0.0836,6487
0.0617,2842
-0.0426,7265
0.182,1741
0.21,849
-0.349,7267
0.366,1060
0.654,217
0.0508,3765
0.12,2048
0.107,3315
-0.319,10191
-0.189,8791
-0.105,8865
-0.057,8216
0.00132,5336
-0.0268,6013
0.194,1764
0.191,1311
-0.0327,5944
0.0729,3375
-0.921,9532
-0.0597,6837
-0.0715,6638
-0.074,6472
0.134,2270
0.0677,2654
0.365,695
-0.0512,6115
0.0622,4123
-0.307,7842
0.00498,5185
0.036,4272
0.0717,4120
0.151,1264
-0.268,8115
0.0856,3403
0.0642,3504
0.0304,4222
-0.369,10813
-0.00626,5337
-0.188,7846
-0.479,10785
-0.0592,7331
0.263,1021
1.45,1143
-0.0879,8401
0.113,2031
0.0831,3698
0.179,327
-0.0598,8284
-0.00414,5098
0.157,2189
-0.0228,5245
-0.179,10261
0.307,592
-0.156,8625
-0.0503,5990
0.198,1433
-0.104,8190
0.0329,4601
-0.155,9942
0.223,743
-0.167,6872
-0.21,10317
0.0609,3173
0.394,761
0.272,171
-0.0931,10145
-0.358,7591
-0.899,9454
-0.0385,6350
-0.281,10001
-0.0957,7570
0.138,1613
-0.0892,7342
-0.0188,5712
-0.0782,6815
0.0168,4745
0.0371,3350
0.13,2420
-0.0369,6144
0.341,2101
-0.498,10918
0.371,1366
0.456,386
0.0536,4140
0.158,827
-0.141,9421
0.00793,5213
-0.199,9865
-0.136,10970
-0.0389,6401
0.285,1634
0.0171,5016
-0.0852,5788
-0.127,8120
-0.367,11020
-0.101,6077
-0.066,6887
-0.401,10756
-0.0701,6123
-0.0571,5960
-0.0743,7494
-0.726,10448
0.0863,2799
0.218,1948
0.00851,4869
-0.163,6622
0.0275,4452
-0.114,9319
-0.158,9544
0.243,1407
-0.123,9180
-0.266,9950
0.0151,4825
-0.0779,7348
0.0264,4775
0.111,3188
0.11,2743
-0.2,8406
0.56,1910
-0.478,10642
-0.153,8877
-0.0383,6210
0.0175,4484
-0.126,7325
0.0233,4388
0.269,105
-0.0142,7618
0.0909,3829
0.119,3411
0.103,3544
0.559,41
0.017,4835
0.109,2598
0.204,545
0.1,2741
-0.111,7232
-0.315,9275
-0.115,9548
-0.00786,5684
-0.101,8125
-0.0627,7111
0.311,814
-0.0726,6387
0.0165,4174
0.000796,5526
-0.0512,6593
0.0621,2933
-0.237,10615
0.196,2927
0.0827,3581
-0.215,9961
-0.323,9921
0.266,1137
0.118,2027
-0.0216,5918
-0.11,8051
-0.205,9814
-0.0466,6073
-0.0194,5696
0.0293,4549
0.0171,5085
0.346,725
-0.276,7779
-0.304,8561
0.164,1872
0.23,616
0.00181,5375
0.405,2183
0.373,395
-0.0405,5839
-0.0805,7150
-0.179,10222
0.00469,5171
-0.0491,7373
-0.251,10769
-0.156,8899
0.141,2981
0.0514,3755
-0.0322,7366
-0.143,7822
-0.15,8370
-0.329,10492
0.199,2974
-0.0839,7801
0.104,2398
0.469,178
-0.381,10993
-0.43,9509
0.0198,5034
0.124,1955
0.261,936
0.678,1862
-0.0549,6931
0.307,1698
-0.117,7479
0.00562,5113
0.284,398
-0.121,8741
0.392,716
-0.354,10345
-0.0245,6021
0.0867,2364
-0.0546,7220
-0.061,6811
-0.0278,5638
0.208,3429
-0.0791,7731
-0.214,9159
0.0486,3950
0.0119,4648
-0.192,10808
-0.0336,6428
-0.281,10323
-0.0911,8591
0.0163,4687
-0.0131,5588
-0.124,8234
-0.0291,6092
0.0541,3791
-0.344,10841
0.647,336
0.159,1503
-0.166,7772
0.121,2968
0.0236,4543
0.055,3519
0.0225,4580
-0.0593,6965
0.144,2508
-0.245,9995
0.107,1129
-0.00878,5613
0.0192,4464
-0.237,8826
-0.124,8906
0.221,1302
-0.486,10769
-0.169,8921
-0.0903,7669
0.5,85
-0.328,10628
-0.183,7552
0.264,750
0.0261,4168
0.214,2009
-0.0233,5737
0.166,1007
-0.143,8204
0.123,2241
0.0703,3924
0.231,648
-0.005,5480
-0.176,7025
0.805,931
-0.0336,6614
-0.0212,6014
0.0977,3093
0.125,2755
0.044,4217
0.0452,4586
-0.139,6770
0.187,829
0.0697,2850
-0.0527,6043
0.0696,4093
-0.155,8827
0.0932,3134
0.225,862
-0.185,9348
-0.0171,5683
-0.199,9397
0.335,545
0.0659,4001
0.106,1767
0.0989,2988
-0.109,7700
-0.121,9026
0.262,1717
-0.0668,6423
-0.113,7953
0.135,1779
-0.0553,6517
0.379,660
0.189,2187
-0.115,8936
-0.174,7571
-0.277,10727
-0.0425,5880
-0.00163,5390
0.153,2021
-0.277,10140
0.0427,3333
0.109,1964
-0.012,5326
0.0729,4130
0.707,440
0.0732,3438
-0.0041,5565
-0.125,8437
0.0781,3124
0.00945,5060
0.0966,2746
-0.144,8361
0.115,3026
0.0342,4039
0.336,1570
0.0618,4537
-0.195,10273
-0.426,10306
-0.122,9415
0.165,756
0.0274,4408
0.188,1534
0.0157,4935
-0.179,9872
0.0505,4172
0.0512,3882
-0.145,9611
0.39,547
-0.457,9819
-0.123,9771
-0.038,6183
-0.0224,6094
-0.0809,7601
0.133,2725
-0.0754,6131
0.126,3525
-0.0138,5699
-0.0243,6363
-0.139,7471
-0.156,8206
-0.108,9061
-0.183,9707
-0.0682,8830
-0.0606,8077
-0.229,9195
-0.344,8720
-0.0594,6258
-0.456,10996
0.228,448
0.0782,2618
0.0504,4056
-0.172,9539
0.352,1724
0.0122,4889
-0.237,9968
0.102,1550
-0.28,10200
-0.0731,7512
-0.385,8202
0.274,1353
0.114,1263
-0.294,10813
-0.00647,5402
0.111,3333
-0.0151,6092
0.136,2186
-0.0427,6607
0.0371,4375
-0.282,10870
0.0582,4476
-0.00911,5664
-0.326,10888
0.104,1972
-0.0848,8490
-0.0463,6829
0.0698,4290
0.726,433
-0.146,8528
0.0542,4110
0.112,2528
-0.132,7425
-0.406,10538
-0.11,7157
-0.253,9244
0.0213,4628
0.359,599
-0.127,7685
-0.0356,6442
-0.295,10622
0.0178,5148
0.0344,3716
-0.122,10384
-0.176,8881
-0.0219,5473
-0.0519,6779
0.0226,4766
-0.109,8655
0.112,2470
-0.132,8856
0.064,4014
0.181,3246
0.379,1625
0.114,2630
0.0228,4690
-0.122,9219
0.0682,3531
-0.135,8294
0.0742,3376
0.218,282
-0.109,9765
0.102,3860
-0.115,8682
0.206,2376
-0.128,8244
0.104,2231
-0.121,8615
0.00224,5224
-0.129,7976
1.37,26
-0.0168,5033
-0.0953,7321
0.00294,5254
0.021,4612
-0.0598,7336
0.156,2046
0.0266,4620
-0.0797,6712
0.0416,4120
0.457,1143
0.207,2267
0.167,2858
0.137,2340
-0.132,8617
0.101,2098
0.0288,4303
-0.263,9185
-0.139,8256
0.347,881
0.0742,2745
0.181,654
-0.309,9302
-0.0223,5561
-0.191,7774
-0.0869,7704
0.23,410
-0.235,10813
-0.255,9970
-0.196,9474
0.433,261
0.416,1944
-0.229,9536
0.253,290
-0.0853,7634
0.203,2237
0.0776,2992
-0.0373,8466
0.2,386
-0.181,10442
0.188,760
-0.103,6525
-0.0872,7205
-0.00565,5637
-0.214,8798
0.16,2033
-0.188,9257
-0.0233,5951
-0.0898,6488
0.0713,4000
0.236,891
-0.114,10256
0.0395,4342
-0.312,10817
0.121,3875
-0.191,9528
-0.0476,6210
-0.0426,6998
-0.162,7792
-0.366,10785
0.131,3769
0.238,2319
0.111,1980
-0.0497,7250
-0.406,10536
0.14,3210
0.019,4727
-0.173,10071
0.294,1163
0.0964,2297
-0.13,8243
-0.0214,6406
-0.134,8451
-0.13,7294
-0.0274,5954
-0.265,10531
-0.152,9213
0.0951,3682
0.3,936
0.213,1365
-0.0559,7084
0.13,3322
0.23,2172
0.122,2957
0.0843,2846
-0.0508,7120
-0.0404,7408
0.0104,4825
0.0569,4006
-0.195,7690
-0.309,10531
0.374,428
0.0446,3177
-0.127,9315
-0.448,10323
0.22,1261
-0.0136,5312
-0.119,7932
0.00651,4940
-0.111,9761
0.0963,3060
0.27,2226
0.136,3093
0.113,2853
-0.322,9950
-0.0385,6728
0.103,2690
0.24,2514
-0.0941,6314
-0.0346,6396
-0.0898,7793
-0.082,7957
0.0458,4375
0.05,4036
0.303,980
0.0872,3098
-0.143,9097
0.0274,4410
0.0346,4675
-0.0953,6732
0.0193,4891
0.115,3531
0.126,511
-0.01,5688
0.0147,4523
0.116,3303
0.325,1237
0.04,4236
0.267,279
-0.129,8311
0.17,2326
-0.236,10702
-0.0545,7606
-0.0896,8583
0.0888,2662
-0.142,8361
0.0636,3540
-0.798,11034
0.23,2171
0.202,771
-0.00854,5775
0.0301,4456
0.0901,2939
-0.0681,7622
0.297,2285
0.0795,2804
0.0368,4024
-0.153,9406
-0.221,9657
-0.35,9070
-0.126,6102
0.0717,4053
0.0529,3504
0.0342,4470
-0.192,9681
0.0826,4081
0.904,302
0.0681,2158
-0.0374,6460
-0.116,6678
0.0776,3599
-0.333,10645
-0.101,8291
0.0601,2469
0.0109,4943
-0.0838,7011
0.00398,5191
-0.589,9807
0.0392,4515
0.00707,5013
0.169,657
0.258,1022
0.00737,4907
-0.0267,4567
-0.201,7698
-0.0118,5577
-0.122,8684
0.0927,2981
0.088,3594
-0.0559,7129
-0.701,10879
-0.0757,7993
-0.033,6907
-0.0661,6603
0.692,194
-0.221,7418
0.225,1651
-0.0399,6372
0.101,4280
-0.103,7472
-0.00794,5521
-0.123,8021
0.00688,5170
-0.00974,5752
0.465,67
-0.0842,7656
-0.267,10155
-0.000929,5231
-0.139,7177
-0.134,8340
-0.16,10176
-0.109,9154
0.0513,4242
-0.213,6442
-0.447,10356
-0.0103,5834
0.117,806
0.0728,3446
0.148,3008
0.588,504
0.0222,4450
-0.121,7224
0.145,2237
-0.269,10624
-0.0496,6898
-0.0301,6919
0.143,1467
-0.0722,8348
-0.0795,8934
3.31,90
-0.235,4656
0.134,2290
0.0939,2956
0.0731,2342
0.0209,4272
0.162,3215
-0.394,9793
-0.196,8010
-0.173,7437
-0.057,7455
-0.0478,6531
0.00935,4883
-0.0747,6612
-0.126,6754
2.74e-05,5167
0.249,942
0.503,254
0.185,404
0.178,1122
-0.0938,8367
0.198,974
0.0306,4253
-0.0516,7313
0.272,1482
-0.165,6843
-0.029,5354
-0.115,7208
-0.0374,6600
-0.00462,5394
-0.442,10941
0.354,953
-0.279,8845
-0.00944,5604
-0.0732,9290
-0.241,10386
0.552,193
0.0613,3530
-0.308,7300
0.183,1591
-0.00872,5553
-0.0944,7291
0.111,3096
0.0208,4651
-0.322,10082
-0.0184,5303
0.0463,3388
-0.0402,6612
0.154,2706
-0.232,8595
0.0145,5038
0.131,3620
0.0908,2083
0.0833,3070
-0.323,10404
0.0727,3430
-0.0568,6558
-0.487,8568
-0.143,9550
-0.0853,7708
-0.0843,6623
-0.0281,6129
-0.103,7631
0.0514,4249
0.173,608
0.0903,2884
-0.0179,5811
-0.0181,5798
0.288,1115
-0.539,10511
-0.113,7473
0.193,1744
-0.0076,5225
0.742,1546
0.109,3320
-0.797,9912
0.229,1230
-0.0729,9054
-0.613,7549
0.381,1068
-0.0808,9413
-0.385,10311
0.277,219
-0.096,9036
0.0496,4015
-0.00606,5035
-0.0974,7329
0.0448,4379
-0.0178,6107
-0.0258,6179
-0.119,9242
0.283,1948
-0.00437,5312
-0.295,9734
-0.0177,5730
0.155,1317
-0.121,7099
-0.308,9876
0.307,1157
0.043,4441
-0.112,7820
0.117,1395
-0.209,9065
0.251,1081
-0.408,9744
0.261,2943
0.189,1743
-0.126,10397
-0.0866,7767
0.347,807
0.492,700
0.212,2067
0.000439,5211
0.306,974
0.0601,4470
0.218,2223
-0.123,7168
-0.0936,8308
-0.0289,6211
0.445,67
0.0632,3742
-0.137,10263
-0.251,10144
-0.0123,5567
0.497,34
-0.113,8764
0.0624,3953
0.0242,5079
0.462,422
-0.298,9923
-0.0294,6154
-0.072,6910
-0.191,9678
-0.204,9741
-0.588,10920
0.139,2102
0.0633,2927
0.118,2447
-0.0704,7526
0.0941,2722
0.193,1084
-0.317,8358
-0.0301,6738
0.237,1232
0.169,1788
-0.000124,5386
0.478,828
-0.349,9629
0.0534,3237
-0.129,9133
-0.0985,9034
0.152,2977
0.00584,5298
-0.076,7360
-0.246,9964
0.0294,4159
-0.102,8437
0.0741,3210
0.202,3060
-0.0154,5759
0.00402,4941
-0.0722,7961
0.289,604
0.13,3501
-0.0986,7163
0.0433,4513
0.0293,4102
0.13,3003
0.334,1027
-0.215,9299
0.275,152
-0.114,9006
0.0966,3098
-0.0233,6218
-0.107,8850
0.0339,4153
-0.416,10562
-0.24,9785
-0.254,9351
0.239,1842
-0.494,10551
0.0169,4787
-0.165,9686
0.0115,4988
0.0225,4680
0.236,2475
-0.0292,7234
0.225,1469
-0.164,9761
-0.0927,10352
0.175,2010
-0.0866,7596
0.0674,4175
-0.143,9154
-0.125,10266
0.235,1198
-0.0588,6695
-0.0951,7460
-0.424,10163
0.0829,3280
-0.397,10934
-0.0499,7257
0.152,3474
0.0311,4466
0.28,1375
0.123,2773
0.159,703
-0.0327,6643
-0.0966,7364
0.0621,3335
-0.302,10088
0.0346,3857
-0.106,9073
0.0256,4508
0.0103,5070
-0.133,8122
0.0211,4752
-0.245,10713
-0.224,10611
0.11,3075
0.119,2146
-0.151,8470
0.0866,4043
0.0128,5108
-0.0698,8869
-0.13,8794
-0.0435,7802
0.204,2408
0.00613,5138
-0.0956,9633
-0.125,9783
-0.215,9994
0.281,1940
-0.203,8315
0.243,1175
-0.266,10653
0.0456,3679
-0.0163,5703
0.0826,3401
0.0814,3769
-0.208,9925
0.0138,4995
-0.246,10391
-0.0749,6917
0.366,443
0.146,1805
0.226,1832
0.0299,3776
0.071,3273
0.0603,4022
0.109,2657
0.0766,3588
0.24,2164
0.108,1825
0.139,1851
0.104,2748
0.0432,4348
0.414,156
-0.172,10212
-0.151,9106
0.179,1068
0.187,3209
-0.162,9250
0.453,414
-0.0169,5088
-0.183,9304
-0.00769,5615
0.258,872
-0.361,10854
-0.245,7538
0.172,1072
0.0947,3294
-0.0264,6224
-0.138,8803
0.0202,4567
0.119,2977
0.0449,4552
0.0705,3117
0.121,2735
-0.116,8293
-0.129,7472
-0.161,9479
-0.0593,7292
-0.0472,6728
0.442,938
-0.148,8486
0.0902,3903
-0.0604,6070
-0.141,8373
0.107,3178
0.263,1658
-0.0401,6630
-0.0995,7205
0.0846,4130
0.0532,2834
-0.165,8348
-0.505,10955
-0.304,9361
0.171,2634
-0.276,10271
0.192,594
0.0618,3362
0.0349,4555
0.225,1790
-0.0117,5437
0.024,4696
0.243,1746
0.023,4649
-0.111,6971
-0.0284,5883
0.222,865
-0.0571,6551
0.138,2772
0.175,1947
-0.244,10515
-0.0866,6545
0.00735,5116
0.247,1585
0.0252,4234
0.0148,4936
-0.0296,6420
-0.119,8381
-0.0161,6113
0.188,980
-0.214,10853
-0.326,11023
0.0834,2752
-0.217,9911
-0.00708,6073
0.0874,3652
-0.0426,6828
-0.169,10851
-0.179,9303
-0.0877,6626
0.0549,4331
-0.0876,7095
-0.117,8117
-0.0467,8660
0.00325,5252
-0.21,9709
-0.106,8333
0.00436,5157
-0.00713,5333
0.0945,2152
-0.0354,6339
-0.158,8887
0.233,2053
-0.294,10714
-0.0513,7528
0.184,1829
0.087,3342
-0.566,10915
0.0441,3632
-0.182,7573
0.0845,1730
-0.112,9861
0.163,2899
0.335,1563
-0.0124,5491
0.273,2837
0.0437,3926
0.0206,4763
-0.199,8142
0.21,1409
-0.364,10514
0.112,3711
0.194,404
-0.0347,6496
-0.145,9082
-0.0561,6929
-0.254,8866
0.297,2618
-0.314,10347
0.264,130
0.142,2126
-0.23,10085
-0.224,10156
-0.0218,6128
-0.227,10347
-0.0609,6474
-0.217,9279
0.213,937
-0.0971,8167
1.03,1097
0.000407,5439
0.075,3449
-0.689,10917
-0.0851,6711
-0.0339,5945
-0.0589,6502
0.0786,2925
-0.326,10788
-0.198,9460
-0.0883,6666
-0.0534,6895
0.148,1917
-0.00479,5417
-0.0596,8764
-0.237,10044
0.0236,4603
-0.0725,6739
-0.092,7289
0.0954,1792
-0.0735,7574
-0.162,6695
-0.239,9002
0.004,4995
0.163,1380
-0.183,10201
-0.319,10520
0.0382,4361
0.548,51
1.09,412
-0.207,9744
0.269,2527
-0.0769,8321
0.128,1990
0.0449,4249
0.362,260
0.201,1487
-0.136,9683
-0.0907,6492
0.0883,3525
0.158,2214
-0.00195,5072
-0.06,6384
-0.198,9856
-0.0762,7733
-0.0543,6244
-0.079,7395
0.0249,4476
0.0454,4108
-0.129,8817
0.168,1835
0.094,2163
-0.0199,5926
-0.124,9853
0.0823,2533
0.0282,4521
0.158,811
0.0257,4254
-0.274,9441
-0.156,10725
0.0945,3517
-0.0746,7370
0.239,1513
0.00896,5217
-0.126,8307
-0.0324,6484
0.000249,5185
0.179,760
0.055,3242
0.0044,4930
0.0547,3942
0.156,3195
-0.36,9274
0.0525,2857
-0.0558,8582
-0.00638,5440
-0.302,10255
-0.139,9022
0.0838,4219
-0.0865,8344
0.0822,3297
-0.194,8318
-0.018,5621
0.068,3985
-0.133,7663
-0.064,6649
0.027,4540
0.128,3764
-0.192,6651
-0.177,9452
-0.774,10133
-0.156,8286
-0.168,7769
-0.398,10769
-0.00989,5087
-0.0819,8073
-0.0259,5587
0.402,254
-0.0217,5566
0.0457,4452
-0.0674,6537
-0.102,9015
0.0474,4205
-0.0175,5913
-0.0372,6283
-0.117,7131
0.156,2266
-0.071,9387
0.1,2428
0.355,458
-0.614,10742
-0.0254,6347
0.024,3995
0.103,3345
-0.208,8529
-0.132,7687
0.19,3158
-0.177,7007
0.0152,4153
0.00816,5077
0.0305,4546
0.143,2977
-0.109,8261
0.175,2397
-0.149,8316
-0.0537,6913
0.198,947
0.095,3503
0.128,1847
0.0933,3470
0.269,314
0.0189,4749
0.0419,3885
-0.25,10299
0.0647,4125
-0.151,8192
-0.541,10654
0.201,1773
0.0997,1930
0.0338,4209
-0.279,8191
-0.168,9420
-0.0471,6457
-0.182,9670
0.088,2604
-0.113,9337
0.435,426
0.121,1943
-0.488,10988
-0.141,9678
-0.071,8883
-0.242,10685
-0.165,9877
-0.185,7887
0.24,2669
0.209,598
-0.169,9045
0.0419,4427
0.295,701
0.349,262
-0.0296,6585
0.418,1590
-0.117,8223
-0.111,7702
0.409,135
-0.0423,5724
-0.341,10761
-0.109,9319
-0.106,9537
0.127,3409
-0.0454,6552
-0.0636,7048
-0.146,10178
-0.0551,6816
0.0654,3280
-0.0386,6756
0.0712,3852
0.0855,3095
0.265,2369
0.141,2817
-0.106,8605
0.11,3409
-0.077,7525
-0.532,10152
0.446,1470
0.0738,3448
0.0026,5252
0.183,1518
0.0473,3743
-0.164,9036
0.11,2735
-0.258,9098
0.0706,2911
-0.0647,7671
-0.266,9948
-0.0517,6466
0.412,587
0.0506,4279
-0.192,9264
-0.00772,5415
-0.142,8466
0.225,982
-0.298,9900
0.051,2442
-0.235,8258
0.167,1733
-0.0612,7152
0.194,1478
-0.677,9764
-0.0488,7605
0.0939,1784
-0.0523,5916
-0.496,10774
-0.284,8985
0.216,3570
0.0261,4684
-0.0874,8360
-0.3,10773
0.212,438
0.15,2936
0.0111,5086
-0.19,8839
0.134,2916
-0.139,8344
0.211,2732
-0.527,11008
-0.00808,5659
0.0651,3851
-0.0979,6924
-0.207,10117
-0.063,6158
-0.00339,5407
0.0203,4775
0.0162,4811
0.0567,2538
-0.103,8625
0.215,380
-0.334,9651
-0.449,10725
0.0255,4617
-0.0689,7846
-0.286,10425
0.0927,2252
-0.203,9215
0.802,15
-0.0708,6908
0.0787,555
0.124,2065
0.14,2824
0.136,3423
0.106,3538
0.0875,2631
-0.00443,5781
-0.114,8696
-0.0811,7262
-0.326,10611
-0.0237,5868
-0.0247,5685
-0.225,10201
0.518,1364
-0.0312,5783
-0.126,7620
0.0783,3766
0.177,2675
-0.0142,5956
-0.204,9907
-0.326,10242
-0.0578,7427
-0.401,10630
0.0222,4771
-0.078,8105
0.264,868
-0.0158,5825
0.274,2506
0.257,1397
0.0471,3116
0.0195,4319
0.232,1683
0.217,1272
-0.184,10188
0.0473,3891
-0.00657,5972
-0.214,10499
-0.108,7446
0.0765,3329
-0.091,6953
0.0613,4194
0.161,2664
0.0956,2121
-0.0929,7715
-0.354,10154
0.0676,4270
-0.075,6800
0.139,2617
0.164,646
-0.0921,7851
-0.0232,6115
0.507,152
0.197,1317
-0.0656,7486
-0.114,8702
-0.277,8534
-0.234,9965
-0.141,8372
0.22,1764
-0.065,7652
0.0168,4813
0.0142,4779
0.00164,5217
-0.14,7409
0.129,2359
0.0668,3093
-0.277,10974
-0.119,6315
0.465,921
0.0889,3657
-0.296,6099
-0.00598,5744
-0.0159,6008
-0.381,7491
-0.102,7927
0.262,1732
-0.465,10667
0.0706,3898
0.104,2323
0.126,1750
-0.0198,5787
-0.0427,6296
-0.104,9711
0.0785,3525
-0.138,8031
0.125,2968
0.0109,5176
-0.47,10350
0.0935,3570
0.0327,4036
-0.293,10858
0.142,2428
-0.0784,7605
-0.221,8174
-0.205,6923
0.0543,4055
0.605,143
0.202,1636
0.167,3128
0.108,3206
0.0107,4947
0.0232,4292
-0.0444,7020
0.106,2932
-0.426,10783
0.0778,2997
-0.14,7221
-0.171,9657
0.0684,3868
0.116,1795
0.171,2849
-0.00213,5395
0.115,2644
-0.000785,5213
-0.0975,7582
0.274,874
-0.736,10172
0.131,2682
-0.243,7276
0.0355,4213
-0.0218,6216
-0.267,9833
0.22,1378
0.133,2761
-1.02,9668
0.0411,3251
1.44,104
-0.0534,6872
0.392,118
0.00218,3786
-0.287,8604
-0.0314,6424
0.207,1098
0.247,1455
-0.113,8387
0.0562,3882
0.321,1117
-0.103,7693
0.00394,5408
-0.0801,6990
0.73,338
-0.565,9114
0.335,1426
-0.0637,7951
0.0611,2787
1.3,55
-0.371,9663
-0.0104,5300
0.00646,5203
0.00344,5211
0.17,778
0.087,2533
0.0736,3551
0.0757,3836
0.199,2316
0.0968,2001
0.0599,3464
-0.0951,7304
-0.304,9813
0.0147,5123
0.132,2593
-0.0495,7188
-0.0425,6548
0.194,1770
-0.287,10989
-0.0735,8101
-0.0911,7867
-0.154,9717
-0.0712,7151
-0.176,8141
-0.111,8807
-0.0709,7852
-0.203,9887
-0.136,8456
0.0136,5000
0.106,2688
0.329,120
-0.207,10720
-0.401,10612
-0.115,7777
-0.097,7471
-0.194,8941
-0.133,8666
-0.0886,7906
-0.101,7334
0.176,1223
0.1,3609
-0.232,9373
0.471,22
0.0146,5205
-0.463,10526
0.0607,4055
-0.348,10916
0.303,875
-0.0225,6449
-0.103,8297
-0.747,10603
0.144,2194
0.215,1742
-0.00473,5427
-0.0623,8450
0.133,1371
-0.0247,5325
-0.0201,5464
0.0234,4464
-0.193,8623
-0.334,10795
-0.251,10071
-0.0544,5957
-0.287,10020
-0.0637,7238
0.0915,2741
-0.506,11009
0.14,606
0.122,2527
-0.234,10395
0.0339,4569
0.115,1571
0.0695,3998
-0.163,10671
0.493,1142
0.209,3098
0.411,1048
0.135,3029
-0.0223,6093
-0.0207,6359
0.0355,4669
0.0288,4122
0.232,945
0.279,1702
-0.202,10518
0.0696,1841
0.0517,4080
-0.0726,6873
-0.0573,5681
0.343,2045
-0.126,7937
0.133,3957
-0.185,8946
-0.0297,6013
-0.36,10623
0.194,1150
-0.128,9295
-0.128,9295
0.0453,4156
-0.069,6884
-0.119,7610
-0.447,9399
-0.047,7066
0.00759,5050
-0.0155,5832
-0.0441,6335
-0.193,9251
-0.0261,5679
-0.113,7813
0.203,611
0.121,3354
-0.1,7831
0.38,833
0.0551,3791
-0.0892,10148
0.128,3318
0.0914,2933
0.211,801
0.15,1949
-0.515,10990
-0.115,9813
-0.00923,5763
0.0371,4645
0.12,3541
-0.0294,5812
0.027,4852
-0.152,10119
-0.261,9094
-0.011,5685
-0.000607,4974
-0.317,10811
0.622,78
-0.00469,5484
0.303,851
0.148,2344
0.0258,4626
0.031,4934
-0.202,8782
0.0157,4745
-0.331,10227
0.0055,4799
-0.269,10268
-0.316,9812
0.006,5011
-0.213,9506
0.206,221
-0.0487,7297
0.0333,4420
0.208,1572
0.127,3536
-0.111,9094
-0.172,10103
0.203,1687
-0.19,7952
-0.116,5653
0.135,3691
-0.143,9973
-0.094,8102
-0.337,10711
-0.0147,5359
0.282,1017
0.0367,3401
0.0336,4021
-0.0438,6323
-0.00908,5329
-0.135,9397
0.0428,4066
-0.139,9804
-0.0367,6105
0.141,2147
-0.0644,7993
-0.0476,6411
-0.0679,6207
1.28,24
-0.0687,7902
0.0445,4221
0.214,1222
0.0622,4390
0.283,1243
0.71,1406
0.0648,3227
0.0212,4054
0.183,2260
0.101,3735
-0.231,9568
-0.0512,6666
0.0426,3931
0.0445,3867
-0.113,8210
-0.169,8458
-0.0849,7631
-0.0508,6449
-0.00731,5291
0.0351,4529
-0.0223,6200
0.101,1916
-0.0523,6558
-0.222,7943
0.105,1919
0.179,928
-0.347,10855
-0.206,9400
0.0668,2828
-0.523,8677
-0.0619,7196
-0.045,6731
0.138,2275
-0.278,10758
0.395,907
-0.11,8481
-0.0711,7592
-0.0538,7256
-0.621,7420
0.371,942
-0.114,7931
0.234,2220
0.116,3056
0.135,1995
0.237,1639
0.364,2783
0.0965,2685
0.0679,2722
0.0185,4518
-0.0975,7717
-0.153,10380
0.205,1510
-0.159,8301
0.123,2950
0.0553,3799
0.466,499
1.29,651
0.31,1190
0.146,3125
-0.0901,8553
0.0347,3465
-0.102,7830
-0.322,10478
0.235,2210
-0.054,6307
-0.179,9858
-0.132,10353
0.428,974
-0.0521,6413
-0.0347,6392
-0.0409,5791
-0.289,10035
0.12,1216
-0.198,9284
-0.142,7924
0.0143,4897
-0.0879,4529
-0.0198,5965
0.08,2156
-0.115,8277
-0.0934,7083
0.257,1101
0.129,1249
-0.0621,7559
-0.0593,7811
0.0498,4259
0.387,605
0.0674,4068
0.0875,3384
0.241,1093
-0.00808,5928
0.127,1937
-0.334,10355
0.0672,3771
0.137,3028
-0.239,10908
0.0492,4160
0.145,1498
-0.213,9566
-0.0388,5830
0.177,614
-0.0307,6630
0.0678,3115
0.213,688
0.0888,3127
0.0276,4385
-0.405,9592
0.0702,3332
0.0958,1364
-0.0691,6971
-0.18,9313
0.136,3185
-0.234,9259
0.266,983
0.213,686
-0.121,8019
0.323,758
-0.238,10466
0.393,767
-0.0212,5514
0.195,476
0.0651,3975
-0.0602,5671
0.0684,2649
-0.371,10443
0.191,1769
-0.00805,5204
-0.1,7455
-0.105,8002
0.0242,4342
-0.244,10130
0.148,2297
-0.0527,6575
-0.53,10771
-0.343,7445
-0.327,10101
-0.0563,7823
0.055,3361
-0.0363,6664
0.249,2690
0.103,4022
0.0949,2498
-0.0843,8412
-0.284,10034
-0.276,10160
-0.0912,5870
-0.103,6745
1.07,10
0.045,4037
0.449,82
-0.428,10992
-0.126,8760
-0.00229,5421
0.0228,4688
0.355,1070
-0.064,7880
0.0164,4954
-0.00934,5594
0.109,3250
0.486,39
0.178,2051
-0.333,10496
-0.0254,6140
0.114,1125
0.209,1327
-0.0625,8205
-0.161,9086
0.116,2745
0.568,140
0.152,3532
0.352,401
0.103,3002
-0.0289,6076
-0.199,9410
-0.264,10131
-0.354,10610
-0.369,9257
0.302,209
0.593,11
-0.0518,6081
0.0441,3733
-0.208,10142
0.067,3981
0.0481,2665
0.0422,4358
0.132,3410
0.0273,4517
0.0338,3888
-0.0549,6756
-0.0674,7548
-0.102,9226
-0.0808,8190
0.319,160
0.104,2843
-0.369,10225
-0.179,9826
0.0914,1444
-0.0322,5660
0.025,4760
-0.121,7714
0.0175,4651
-0.19,9407
-0.0325,6233
-0.0458,6153
0.266,678
-0.0955,6814
0.182,2851
-0.0661,6971
0.148,1934
-0.0864,7461
-0.0834,6202
-0.522,9222
-0.277,6945
-0.0126,5761
-0.14,7940
-0.376,6234
0.115,3934
-0.306,9225
-0.205,8904
0.0404,4522
0.0361,3798
0.0643,3322
0.48,1058
-0.00123,5415
-0.223,10149
-0.03,6565
0.0479,4081
0.0504,3593
0.0872,2463
0.0724,3444
0.0549,4294
-0.0312,7254
0.0366,3421
-0.0172,5898
-0.245,8034
0.292,529
0.038,4556
-0.133,9042
0.00477,5312
-0.342,10886
0.177,427
-0.0186,6265
0.592,246
-0.115,9117
-0.0178,5726
0.0158,4913
0.192,1493
-0.201,8395
-0.169,9263
-0.0669,7320
0.0748,2789
-0.106,7628
-0.222,10358
-0.152,7370
0.246,1755
-0.182,10078
-0.353,10533
0.0394,3935
0.107,3578
-0.306,10109
0.0787,2415
0.0243,4553
-0.265,10242
-0.268,9519
0.219,641
0.075,3829
-0.242,9409
0.058,3465
-0.049,7102
-0.0391,6531
-0.408,10569
0.0864,3616
-0.32,9528
0.00154,5386
-0.0961,9749
-0.00535,5219
0.658,579
-0.176,8416
-0.0528,5910
0.0183,4680
0.222,1004
-0.022,5553
0.151,2344
-0.0154,5622
-0.116,7466
-0.491,10851
0.249,512
-0.14,8996
-0.126,8182
-0.275,9649
-0.0426,5013
-0.0574,7017
-0.0933,7098
-0.0215,6365
-0.042,5897
-0.601,10693
-0.0876,7614
-0.246,9428
-0.0397,6713
0.46,1308
0.243,1683
0.36,222
-0.0857,7432
-0.0508,7823
-0.222,10463
-0.0676,7421
0.0716,3179
-0.217,8234
0.176,2510
-0.231,10072
-0.159,9596
-0.17,8282
-0.0484,6228
-0.0305,5936
0.0569,3956
-0.0356,6297
0.082,3863
-0.207,10225
0.244,158
-0.333,11001
0.0373,3781
0.0376,3205
-0.0126,5934
-0.197,10213
0.135,3127
-0.321,9910
0.137,2695
-0.0308,7454
-0.0607,7233
-0.188,10913
-0.165,8958
-0.254,9114
0.07,4112
0.253,2578
0.0341,4280
0.14,3188
0.191,956
-0.142,10172
-0.0668,6118
0.326,383
0.177,1419
0.248,879
0.0555,4167
-0.579,10799
-0.225,10863
0.0256,4350
-0.0601,7719
0.199,226
-0.077,7828
-0.252,8138
-0.385,10246
-0.0583,7622
0.208,856
-0.061,5567
-0.197,8102
0.261,1060
0.0523,3878
0.132,1620
-0.0576,6426
0.248,718
0.0691,4097
0.152,1305
0.0732,3030
-0.0506,6794
-0.107,7515
0.0701,3609
-0.173,8924
-0.218,10524
0.0565,3945
-0.0455,6231
-0.0833,7190
0.823,683
-0.33,8833
-0.1,7646
-0.047,6341
0.0299,4813
0.107,2185
-0.532,10428
0.0021,5084
-0.426,10834
-0.0576,5674
-0.0931,7891
0.216,434
-0.161,8349
0.0682,3858
0.167,2214
-0.111,7237
-0.0962,8990
-0.15,8827
0.368,326
0.0497,3880
-0.000558,5371
-0.36,10124
0.145,1858
0.0441,3657
-0.163,8631
-0.17,9042
-0.14,8847
0.149,2885
-0.0881,8438
0.828,373
0.131,3001
-0.322,10921
-0.152,9245
0.115,1646
-0.0177,5690
-0.0843,7781
-0.00724,5271
0.102,3290
0.131,2699
0.0991,3000
-0.018,6009
0.174,710
-0.0411,5952
0.0601,4068
0.176,1779
0.0943,2999
-0.0295,7048
0.257,957
-0.239,10972
-0.123,7901
-0.349,10271
0.155,2928
-0.0467,6798
-0.201,8292
0.0851,3680
-0.0945,6781
-0.0397,6004
0.21,223
0.0237,4187
0.351,983
0.295,973
-0.0329,6596
0.256,1279
-0.0371,7955
-0.0438,8592
-0.394,11027
0.232,1976
-0.111,8596
0.0435,4098
-0.0925,8051
-0.199,10364
-0.0472,6220
0.0509,3863
0.0597,4409
0.00872,4952
0.195,563
0.365,1054
-0.117,7901
-0.193,9362
0.0863,3507
0.229,1284
-0.156,8417
0.205,643
-0.133,5040
-0.216,8638
-0.125,6845
0.609,198
0.045,2956
0.0644,3810
-0.272,10443
0.18,1428
0.00712,5280
-0.00511,5108
-0.0855,9045
-0.131,9656
0.107,2009
-0.0257,5227
-0.127,8311
-0.312,8811
0.117,1263
-0.105,8277
-0.105,6567
-0.204,9872
-0.653,10676
0.0372,4490
0.138,1811
-0.149,9811
0.148,2816
0.174,796
0.027,4580
-0.226,8669
-0.161,10116
0.00986,4615
0.0393,4613
0.00492,5071
0.109,3260
-0.0101,5614
-0.0551,8563
0.231,1380
-0.0762,7438
0.0494,3727
0.391,698
0.0548,3918
0.0578,3484
-0.134,8861
0.0496,4178
-0.224,10362
0.195,3162
0.0141,5011
0.345,545
0.136,517
0.0895,4152
-0.0974,8263
-0.499,8789
-0.0772,8480
-0.226,9281
0.0833,2911
-0.0289,6680
-0.232,10653
0.0284,4998
0.397,667
-0.0971,9004
0.0827,3389
-0.0901,7621
-0.093,6219
-0.378,10523
-0.481,10298
-0.327,10405
0.0927,2734
0.101,2256
0.0983,3049
0.275,746
-0.00553,5441
-0.0939,8863
0.218,633
0.111,3269
0.183,2152
0.0535,4075
-0.216,9866
-0.125,9439
-0.219,9379
0.27,1106
0.11,3324
-0.282,9258
-0.304,9274
-0.0464,6119
0.0283,4436
0.436,1180
-0.112,8016
-0.0112,5322
0.0734,3864
0.105,2931
-0.0899,8642
0.0587,3975
0.334,682
-0.109,7960
0.181,2127
0.0871,3179
-0.0695,5975
0.429,1175
0.0922,3237
-0.313,9112
-0.428,10967
-0.0348,6426
0.0369,4139
0.479,679
-0.14,8659
0.0597,3538
0.216,1362
0.134,2625
0.13,2783
0.109,2548
-0.0147,5741
0.00496,5327
-0.0868,7153
-0.0858,8690
0.146,935
-0.0667,6064
0.0205,4824
-0.264,9134
-0.514,10785
0.0525,3579
-0.132,9097
-0.237,8901
0.0273,4332
-0.0741,7027
0.183,2521
0.0982,2516
0.0979,2904
0.0741,3512
-0.154,7777
-0.0559,8353
-0.0838,6404
-0.0938,7286
0.0897,3513
-0.111,7223
0.246,954
-0.235,9961
2.24,71
-0.091,8193
0.0954,1964
0.184,2162
-0.107,9043
-0.142,8334
-0.0898,7286
-0.064,9018
-0.123,9792
0.0758,3254
0.115,2107
0.0754,4419
-0.336,6423
-0.187,10450
-0.0125,5865
0.0846,4254
0.00571,5288
-0.014,5246
-0.304,9956
-0.446,9608
0.319,304
0.0633,4142
-0.0594,6016
-0.322,10220
-0.0911,8269
-0.184,10040
-0.044,6593
0.126,1316
-0.213,9018
0.115,3529
-0.16,10232
-0.192,9648
-0.102,7616
0.22,673
-0.0679,8146
0.16,1791
0.0969,1365
0.122,1426
-0.17,9034
-0.0354,6227
-0.209,10267
-0.171,8551
0.0107,4883
-0.0645,7657
-0.354,8882
0.306,1857
0.0803,3713
0.112,1506
0.633,1137
-0.0392,6338
-0.0996,8610
-0.0455,6333
-0.162,7781
0.327,666
-0.118,9070
0.107,2924
-0.193,9793
0.00967,5124
-0.11,8323
0.0894,2356
0.309,82
0.106,2839
0.0706,3976
0.125,3550
-0.0943,8257
0.0683,3455
0.0151,5008
0.011,5135
-0.101,7960
0.0594,3690
0.502,827
0.293,1220
-0.00692,5590
-0.0682,7031
-0.0775,5842
0.00744,4937
-0.152,7470
-0.344,8947
-0.0249,5824
0.152,2005
0.0433,3332
0.0581,4175
-0.122,8275
-0.0507,6166
0.155,462
0.0574,3760
-0.218,9777
0.104,3562
-0.0273,5880
-0.382,10004
-0.119,7515
0.24,533
0.047,4278
-0.0902,7495
0.0382,4440
0.0442,4332
0.0119,4904
-0.0413,5899
0.188,1042
-0.0997,8109
0.0631,4100
0.338,240
-0.374,10978
-0.0586,8211
0.177,2869
0.146,1711
0.11,3549
0.502,13
0.0866,3044
-0.112,8191
0.285,1555
-0.0535,6364
-0.135,8393
-0.421,9959
0.255,1237
0.118,1587
0.152,1800
0.122,2582
0.223,753
-0.256,7923
0.623,123
-0.186,9495
-0.187,7854
-0.0691,7076
-0.0104,5203
0.0817,3296
0.123,2035
-0.244,10625
-0.175,9899
-0.271,9489
0.0246,4662
0.531,224
0.0137,5085
0.167,1311
0.124,2706
0.0896,3354
0.0374,4206
0.0642,3846
-0.0679,8699
-0.117,8960
0.167,1110
0.29,826
-0.0478,7010
0.926,545
0.116,2198
0.0696,2718
-0.236,10652
0.179,2138
-0.295,10077
-0.0169,5603
-0.0464,6662
0.0443,3616
-0.0356,6291
-0.119,7782
-0.106,7012
0.254,1709
-0.0638,8890
0.494,1427
-0.318,10255
0.227,1692
0.169,1882
0.0715,3048
-0.198,10889
-0.00844,5708
-0.189,9040
1.12,69
-0.0733,6568
-0.206,8932
0.0998,2465
0.0316,4369
0.346,938
0.212,1938
0.17,2724
-0.259,9529
0.159,977
-0.00425,5459
0.191,2635
0.0546,4057
0.104,3544
-0.313,10250
0.143,1913
-0.0919,9268
0.0235,4823
-0.445,8387
-0.133,10378
-0.78,10977
-0.0631,7872
0.0174,4822
0.377,539
-0.0459,6523
-0.0685,7010
-0.0368,5961
-0.174,10561
-0.0631,6475
0.296,1878
-0.0694,7521
0.566,209
0.138,3136
-0.241,10791
0.245,723
-0.16,7907
-0.111,8658
0.4,1890
-0.194,9815
0.198,1845
-0.118,8402
0.114,3963
0.0581,4164
0.254,589
-0.0487,6089
-0.0335,6256
-0.0936,9230
-0.0255,5697
-0.0915,9028
0.0509,4308
-0.32,10478
0.352,2177
0.0857,3027
0.159,2911
0.258,990
-0.509,10177
-0.119,7771
-0.119,8994
-0.106,7467
-0.271,9939
-0.271,9706
0.132,2160
0.0965,3666
-0.375,11013
0.0887,2051
0.151,3538
-0.107,7837
-0.0174,5637
0.03,4568
-0.132,8981
-0.0619,6641
-0.139,8289
0.174,2405
0.197,2467
-0.0805,7057
-0.184,10453
-0.0522,8293
0.1,3007
0.108,3519
-0.377,10118
-0.0333,6066
0.108,2146
0.0704,3241
-0.142,9422
0.2,517
-0.0608,6402
-0.113,6439
-0.0777,8427
-0.185,10125
0.188,1100
0.0672,3744
0.453,1024
-0.183,8182
0.101,1547
-0.0282,6073
0.0873,3544
0.217,1930
-0.125,6812
0.0184,4881
-0.245,10428
-0.0373,6743
-0.197,9136
0.0153,5004
0.0338,4394
-0.141,7273
-0.0164,6284
-0.157,9499
0.0211,4710
-0.327,10163
0.551,685
0.267,1532
-0.089,7179
-0.153,7500
-0.103,7897
-0.0592,6540
-0.108,7324
-0.161,9785
0.351,1690
-0.0903,8045
-0.234,9720
0.393,942
-0.325,8038
-0.248,10747
0.0777,1982
-0.0885,8232
0.0225,4931
0.199,1931
0.848,482
0.0949,3119
0.147,2137
0.0654,3264
0.203,1933
-0.214,10032
-0.307,10919
-0.102,7381
-0.00916,5810
-0.09,8716
-0.0767,7896
0.318,612
-0.347,9420
-0.339,9002
-0.108,8686
0.111,2057
0.206,2020
-0.152,8646
0.00606,5097
-0.0382,6048
-0.0556,6794
0.0515,3553
0.0523,3296
0.414,149
0.115,3097
-0.0171,5579
0.156,1481
0.0925,2189
0.0288,4695
0.261,824
-0.14,8993
0.22,260
-0.121,9020
-0.111,8688
0.0784,3904
-0.105,7109
0.0671,4347
-0.0274,5750
0.0765,3335
0.0594,2909
-0.146,6375
0.00988,5106
-0.106,7856
-0.249,7974
-0.0886,8134
0.013,4992
-0.293,10661
0.046,4288
-0.243,10054
-0.491,10130
0.0866,910
-0.391,10466
-0.0368,5746
-0.237,9080
0.0816,3211
0.0917,2929
-0.0688,6968
0.132,1857
0.246,582
0.208,1886
1.16,158
0.169,1914
-0.0931,8693
-0.154,7345
-0.227,9821
-0.117,8243
-0.281,9981
0.0464,3197
0.0641,3103
-0.126,8266
-0.151,9190
-0.341,10101
0.00526,5141
-0.502,10791
0.0806,2730
0.111,2575
-0.384,9900
-0.225,8248
0.000508,5182
-0.0491,5816
-0.0662,6641
0.0769,3513
-0.222,10428
0.0474,3747
0.157,2577
-0.0941,8615
-0.0598,7207
-0.103,7738
0.0118,4814
0.185,2120
0.163,3332
0.18,1097
-0.035,6894
0.0838,1821
-0.208,10274
0.157,1961
-0.399,10714
-0.0741,8551
-0.0577,7792
0.0385,3663
-0.375,8495
0.0151,4901
-0.111,9372
-0.194,9626
-0.297,10615
0.071,2737
-0.237,10087
-0.246,10159
0.212,1820
-0.394,9924
-0.117,8908
-0.00589,5138
0.0375,4550
-0.0318,5901
-0.0431,7099
-0.162,8332
0.0203,4720
-0.0404,6207
-0.0635,6749
-0.0392,6390
0.0265,4278
0.0401,3983
0.128,2764
-0.169,8932
-0.119,8510
-0.261,10954
-0.0757,7672
0.199,2873
-0.158,8778
0.104,1905
-0.0531,6299
0.193,1558
0.36,701
0.0936,2133
-0.0336,6426
0.369,332
0.0522,3889
0.0322,4908
-0.506,10843
-0.0335,6089
-0.263,10047
-0.135,7963
-0.0978,6883
-0.0105,5523
-0.099,7507
-0.121,7043
-0.0525,7319
0.288,207
0.038,4172
-0.123,8312
-0.0683,6915
0.0514,2424
0.231,178
0.0323,4219
0.113,3371
0.111,3694
0.216,962
-0.00683,5096
0.0982,701
0.0693,3125
-0.451,11032
0.239,1376
-0.41,9403
-0.0445,5999
-0.0141,6051
-0.105,7381
-0.0924,8078
0.0239,4805
0.0612,3590
-0.0553,6690
0.296,321
-0.112,8576
0.11,2838
0.106,3289
0.554,75
0.0309,4549
-0.24,9146
-0.118,7478
-0.0534,6351
-0.0393,6226
-0.194,8794
-0.234,10456
-0.0139,5814
0.217,1164
-0.185,8806
-0.0814,7309
-0.12,10201
0.16,2489
-0.231,9821
0.0297,4108
-0.0098,5882
-0.114,7832
0.0771,3930
0.00247,5486
0.152,1102
-0.047,7860
0.0224,4445
0.127,1386
0.847,186
0.427,8
0.0291,4658
-0.0271,5980
0.0285,4579
0.655,328
0.0684,3490
0.0542,4284
-0.0214,5798
-6.05e-05,5642
0.157,2673
-0.139,8081
0.153,2535
-0.0805,8505
0.051,4212
0.221,564
-0.0333,5793
-0.585,11028
-0.219,10226
-0.325,10300
-0.123,9146
-0.156,9244
-0.0794,8274
0.0718,4063
-0.0529,6497
-0.209,9907
0.0159,4452
0.0466,3094
0.0809,3515
-0.0818,7291
0.0621,3960
0.101,3139
-0.196,10022
-0.145,10181
-0.0193,5360
0.0107,5014
-0.0224,5989
-0.39,10698
-0.208,10561
0.141,1335
0.0346,4391
-0.604,10814
-0.0294,6833
-0.322,8761
0.153,1087
-0.187,9664
0.0537,3825
0.207,1790
0.392,1131
0.22,686
-0.187,10180
-0.0118,5955
0.207,1966
-0.17,8461
-0.204,8125
0.225,1338
-0.224,8274
-0.0895,8426
-0.199,8712
0.256,740
-0.391,10585
0.212,976
-0.135,9986
0.0388,4617
-0.037,6377
0.103,3533
0.0248,4870
-0.229,10658
0.011,5151
0.212,1532
0.411,825
0.262,518
0.271,1514
-0.185,9257
0.031,4341
-0.0794,7441
-0.228,10922
-0.0485,7015
-0.0785,8011
-0.22,9768
-0.0232,6390
0.0722,3144
-0.19,8149
-0.112,9607
-0.262,9520
0.183,1127
0.0464,2477
0.14,1468
-0.122,7581
-0.265,10263
0.0153,4806
0.221,1658
0.0526,2535
0.0221,4640
-0.136,7667
-0.102,8049
-0.0558,7615
-0.0367,6539
-0.25,9706
0.256,504
0.0223,4678
0.0766,3989
-0.0711,6469
0.23,1866
-0.049,7212
0.183,683
-0.131,9249
0.0262,4749
0.373,202
-0.136,7516
-0.199,9937
-0.106,8593
-0.205,9551
-0.22,7838
-0.0713,6278
-0.202,8624
-0.0277,6080
0.12,2011
-0.0829,7402
0.36,712
0.149,1897
0.133,1605
-0.139,9386
-0.0604,7478
-0.00765,5529
-0.385,9236
-0.201,9717
-0.0346,6123
0.117,2659
-0.016,6305
-0.0401,6277
0.175,1640
-0.328,8792
0.14,2667
0.108,1548
-0.0722,9201
0.381,588
-0.0565,6447
-0.154,10246
0.0096,4963
-0.0972,7772
0.163,1035
-0.0129,5968
0.373,529
-0.0318,6670
-0.301,8591
-0.195,9873
0.0151,4599
0.232,1062
-0.0509,7173
0.172,3503
-0.307,10671
0.0736,1634
-0.204,10858
0.0488,4063
-0.239,10294
-0.108,7269
-0.0641,7330
0.336,346
0.0242,4321
0.158,1219
-0.104,7194
0.907,834
0.0731,3702
-0.241,10641
-0.0239,6402
-0.0676,7316
0.179,2285
-0.17,9741
-0.263,10573
-0.105,9866
0.153,1086
0.172,1558
-0.637,10486
0.0132,4829
-0.446,10259
-0.16,7948
-0.266,10201
-0.469,10970
-0.109,8622
-0.0836,8486
0.135,3280
0.215,1031
-0.191,10175
-0.0542,6794
0.143,1862
-0.0392,6689
-0.1,7556
0.00293,4976
0.0894,3283
0.265,1785
-0.144,6999
-0.197,8665
-0.186,7496
-0.0754,7402
-0.234,10419
0.379,978
-0.0681,7184
0.0343,4542
-0.25,9988
-0.085,7692
0.157,2261
0.0583,4169
-0.1,7924
-0.217,9620
-0.142,7567
0.0924,3362
0.16,2578
0.417,638
-0.0753,5871
0.416,61
-0.215,8732
-0.108,8727
-0.11,8479
0.123,2643
-0.515,10957
0.242,2056
0.127,3172
-0.0394,6853
-0.307,10533
0.0918,2286
-0.11,9087
-0.0502,6408
0.388,1192
0.222,1529
0.172,1092
0.0629,4191
0.164,2288
0.254,3020
-0.555,8768
-0.165,8389
0.115,3074
0.0897,3021
-0.102,6797
0.0559,3119
-0.266,10761
-0.0258,6093
-0.0665,7780
0.0589,3669
0.139,2383
-0.211,9892
-0.368,9905
-0.169,10131
0.193,374
0.473,560
-0.204,9866
-0.146,7826
-0.0193,5828
-0.132,9419
0.245,995
0.257,1572
0.702,50
-0.21,8343
0.122,2894
0.0224,4541
-0.0908,8424
-0.1,7242
-0.012,5644
-0.019,5838
0.226,2313
0.0155,4819
0.105,2492
-0.149,9113
0.077,3183
0.031,4242
0.123,3061
0.00433,5276
-0.114,9476
-0.282,9815
-0.199,9312
0.288,1540
-0.104,7524
-0.0526,7395
-0.178,8481
-0.161,7020
-0.0474,6557
0.252,620
0.301,1459
0.0569,3390
0.466,6
0.0385,4351
-0.0167,5729
0.511,59
-0.0762,7300
-0.0721,7661
0.111,1948
-0.35,9544
-0.0748,7246
-0.037,6111
-0.25,10559
-0.141,8490
-0.214,10310
-0.463,10988
0.139,1198
-0.101,8081
-0.0302,6439
0.217,1016
-0.332,10828
-0.465,10904
-0.118,7515
-0.0238,5327
0.0795,3130
0.126,1423
0.118,1476
0.21,439
-0.202,9681
0.00753,5271
0.0524,3829
-0.124,10498
-0.0382,6196
-0.0198,5682
0.00851,5046
-0.308,9829
0.153,2376
0.165,2217
0.164,1998
-0.155,8610
-0.0622,7035
-0.308,10095
-0.161,10167
-0.22,9495
0.0695,3421
-0.0407,6597
0.489,1567
-0.22,8925
0.0465,4177
-0.34,10980
-0.0712,7280
0.0409,4301
0.192,1410
-0.00209,5354
0.122,2366
-0.0255,6342
-0.156,9225
-0.157,8556
0.225,2322
-0.0959,6942
-0.0536,6809
0.158,1888
0.0357,4730
-0.32,10086
-0.308,10491
0.081,3327
-0.0407,7017
-0.0196,5992
0.0583,3794
-0.12,9225
0.0278,4683
-0.125,8453
0.029,4388
-0.0892,8227
-0.0945,7378
-0.178,8864
0.00775,5018
0.0518,3987
-0.0751,7782
-0.17,10524
0.586,1322
0.145,2596
1.34,617
0.137,1659
-0.305,10876
-0.0496,5656
0.0906,4087
-0.244,10469
0.14,1960
0.0549,3781
-0.112,10265
-0.105,7416
0.0499,4146
0.451,797
0.238,1631
-0.137,8938
0.00218,5322
-0.298,9257
0.115,2764
0.464,280
-0.306,10331
-0.0637,6987
0.105,1088
-0.266,8531
0.466,216
-0.0819,6792
-0.149,8655
-0.0697,7616
-0.32,10453
0.0374,4215
-0.0232,6538
-0.865,10287
-0.0125,5760
-0.0339,6378
-0.0889,8677
-0.00178,5457
0.54,220
0.0485,4222
-0.0314,5047
0.00784,5051
0.148,1772
0.442,447
-0.144,8657
-0.0187,5628
-0.158,8622
-0.136,9517
0.0545,4256
0.0335,4738
0.121,2677
-0.333,8434
0.473,721
0.24,395
-0.0112,5543
0.518,140
0.312,445
0.0968,1865
-0.171,8879
-0.103,8014
-0.0453,6384
0.0598,4174
-0.233,9751
0.131,3209
0.14,2899
-0.0407,6993
-0.0663,8058
-0.202,10569
-0.229,9458
0.0248,4740
0.0928,3127
-0.0132,5881
0.0153,4984
0.105,3117
-0.128,7692
0.261,883
0.0978,1780
-0.244,10152
0.0897,2805
0.126,2446
-0.225,9858
0.00816,4763
-0.241,10660
-0.0233,7414
-0.0607,7065
0.00377,5359
0.564,767
0.0952,2308
0.291,1663
-0.0363,6853
0.131,910
0.18,2055
-0.129,7842
0.192,2527
0.121,2743
-0.0489,7090
-0.0893,7870
0.2,454
-0.207,10399
0.0851,3459
-0.376,10920
-0.0427,6138
-0.161,9735
-0.112,7898
-0.112,8420
0.274,1522
0.346,1381
-0.07,8147
0.207,601
0.0756,3793
-0.165,8771
0.41,599
0.167,1128
-0.0537,6911
-0.108,7218
-0.0766,9208
0.00488,5213
-0.56,10498
0.0727,3627
-0.115,8553
-0.0799,7703
0.155,1277
-0.119,8908
0.00868,4930
0.0923,3535
-0.0833,7616
-0.116,9389
0.297,889
0.0566,3950
-0.0459,6320
-0.11,8137
0.0437,3932
-0.218,10730
-0.194,9925
0.139,3164
-0.253,7908
-0.0468,6433
-0.0731,8525
-0.0609,8426
-0.0634,6591
-0.167,8498
-0.128,6834
-0.268,10389
-0.133,9211
0.312,1134
-0.0709,7529
0.126,2437
0.134,3467
-0.259,10807
-0.0233,5843
0.16,902
0.00297,5456
-0.351,10791
0.132,2588
-0.0823,8392
0.298,501
-0.0143,5881
0.00935,5075
0.139,2573
0.0168,4804
-0.0348,6970
0.162,289
0.0764,3935
0.179,1372
0.0426,3564
-0.261,9267
0.0574,3891
-0.0372,6975
0.217,619
-0.163,8892
-0.098,8607
-0.323,10502
0.145,2897
0.0949,1645
0.0989,2477
0.0808,4140
-0.00269,5496
0.0667,3922
-0.247,8753
-0.0786,6934
0.0597,2731
-0.0451,6687
0.0783,3751
0.202,532
0.0657,3889
0.0687,3741
0.124,2305
-0.121,7090
0.308,284
-0.168,8684
-0.0736,6899
-0.13,10286
-0.027,5714
-0.0436,6492
-0.0575,7705
-0.213,9988
-0.0897,7379
0.0268,4227
-0.0328,6863
-0.107,6914
-0.128,8218
0.486,1072
-0.17,7250
0.0614,2429
0.0514,2450
-0.00652,5434
-0.356,10200
0.111,1659
0.325,753
0.0755,3257
-0.0408,7218
-0.152,9530
0.0373,4331
0.153,2418
0.0351,4591
0.0856,2105
0.104,1687
-0.0253,5709
0.138,2412
-0.0592,6688
0.0297,4595
-0.219,10074
-0.0455,6507
0.0384,3798
-0.0143,5862
0.131,1434
-0.261,10410
-0.112,8945
-0.222,10692
0.108,2961
-0.172,8312
-0.0675,6982
0.115,2875
-0.453,10931
0.146,2343
-0.314,9463
-0.0579,6794
-0.0224,5967
0.14,2127
0.217,1394
0.241,1380
0.122,1017
0.0121,5103
0.0869,2708
-0.144,9293
-0.105,6607
0.0309,4715
0.092,2890
-0.0177,5682
0.0392,3916
-0.0681,7901
-0.144,9746
-0.225,9735
-0.276,9616
-0.0445,7297
0.0958,2281
-0.233,9571
-0.0223,5529
-0.103,7941
0.223,405
0.0962,1832
0.499,9
-0.18,8912
-0.0465,6579
0.0468,4402
0.0408,3515
-0.0431,7421
0.211,1024
0.195,784
0.0989,2350
0.345,2753
-0.00972,5665
0.0265,4373
-0.0185,6253
0.0384,4283
0.0318,4294
0.308,340
0.34,194
0.0861,3077
-0.267,10494
0.614,1373
-0.581,10479
-0.135,9148
-0.17,9399
-0.133,7190
0.117,2864
-0.0733,7135
-0.00853,5898
-0.0238,5698
-0.0849,8588
-0.124,10361
-0.0206,6174
0.219,1253
-0.0781,8248
-0.196,9420
0.114,3474
0.254,620
-0.104,8814
-0.0932,8125
0.0955,2630
0.0969,3486
0.0879,3645
-0.117,9805
0.132,2834
0.103,2661
0.0614,3231
-0.00999,5649
0.133,2062
0.0106,4884
-0.128,9818
-0.246,10594
-0.00182,5604
0.0569,4056
-0.179,7526
0.505,68
0.0196,4526
0.118,3076
0.141,3072
0.125,3151
-0.00774,5373
0.135,2668
0.169,1692
-0.229,10525
-0.217,10301
-0.00126,5502
0.085,2847
0.0524,3577
-0.055,6933
0.144,4021
0.224,2639
0.0158,4821
-0.0524,6530
0.0719,3833
0.0982,2159
-0.104,8112
-0.226,9957
0.0176,4824
0.249,1017
-0.0329,6333
-0.0336,6032
-0.119,7606
-0.0748,7306
0.116,1757
-0.0792,7270
0.0703,4251
-0.236,9637
-0.132,7438
-0.0935,9377
0.14,1488
0.272,962
-0.109,7842
-0.215,8049
0.206,484
-0.00719,5687
0.0569,3696
0.109,3263
0.00915,5186
-0.0125,5496
0.1,3188
0.377,97
0.103,1737
0.102,1563
0.0184,4939
0.0423,4338
-0.0949,6661
0.372,129
-0.11,7030
0.134,2587
-0.227,9797
-0.323,5760
0.0707,4316
-0.132,9143
-0.101,7394
1.16,21
0.0828,3593
-0.000561,5099
-0.0857,7908
0.0555,3480
-0.281,10674
-0.163,9414
0.432,1209
-0.157,8374
-0.34,10643
0.17,728
0.0293,3812
0.455,239
-0.0644,7423
0.17,972
0.104,2576
0.0599,3709
-0.0174,6206
0.321,995
0.0571,4298
-0.0978,7655
-0.184,8877
0.0955,2502
-0.219,10471
-0.133,6877
0.159,2914
0.172,1211
-0.203,8033
-0.369,10841
-0.0702,6936
0.199,821
0.179,967
0.0132,4986
0.107,2622
-0.309,10946
-0.0103,5601
0.152,2235
0.1,2472
-0.0169,5438
-0.371,8463
0.182,1143
-0.116,8951
0.0137,5018
-0.29,10236
-0.372,10996
0.19,1096
0.273,239
0.101,2078
-0.112,9079
-0.511,10795
-0.12,6575
0.16,2855
0.108,1967
0.0966,2794
-0.274,10977
0.237,1274
0.169,1384
-0.408,10604
-0.113,9588
-0.0882,7718
0.275,1077
0.0197,4766
0.152,1310
-0.0569,5723
-0.407,11015
-0.17,9418
0.044,4111
0.0704,4160
0.143,2343
-0.0436,6362
-0.121,8860
0.215,1023
0.0933,3412
0.16,1426
0.221,1278
-0.213,10489
-0.106,9203
-0.227,10598
-0.0826,7994
-0.136,6539
0.0697,4244
-0.328,9860
0.137,1540
0.252,469
0.177,1169
-0.255,8629
0.0334,4426
0.344,1389
-0.0377,7844
0.0016,5252
-0.412,9819
-0.144,9305
-0.25,7951
0.135,3297
0.0722,2281
-0.132,8254
0.0886,3555
1.03,107
0.138,3140
0.153,1477
-0.0731,8441
-0.366,10922
-0.217,9853
-0.113,7773
-0.264,7461
0.392,941
0.0128,4729
0.179,624
0.38,348
-0.00804,5152
0.0164,4928
0.0175,4659
0.148,1712
-0.128,8094
0.0901,3260
-0.0694,6613
0.0895,4011
0.178,1425
-0.202,9237
-0.098,6948
0.193,1526
0.0157,4656
1.5,383
-0.133,8065
0.0516,3805
-0.00333,5717
0.257,465
-0.473,10895
-0.111,5728
-0.0502,6322
0.135,1064
-0.0851,9323
0.104,3529
0.0149,5076
0.408,1222
-0.00303,5270
-0.114,8717
-0.0762,7961
0.0462,3847
0.106,1881
0.228,1472
-0.175,9070
-0.0171,6206
0.119,3239
0.0463,4200
0.1,3057
-0.037,6864
0.0471,4507
0.103,2259
0.367,319
0.0787,3001
0.0472,3828
-0.075,7707
-0.309,10617
-0.081,7880
-0.22,9656
-0.0553,6202
-0.0946,8407
-0.0714,6701
-0.163,8549
0.117,1768
0.0772,3069
0.0917,2675
0.19,1601
0.239,1535
-0.675,9795
0.114,2364
0.235,283
-0.406,9483
0.115,2922
-0.0255,5942
-0.161,8757
-0.144,8793
0.0934,2135
0.00311,5286
0.00352,5148
0.0198,4514
-0.247,10146
0.0418,4078
-0.0693,8264
-0.0664,6852
0.66,695
0.103,3236
-0.164,9867
0.025,4577
-0.0284,5769
-0.0921,8584
-0.31,10317
0.103,3352
0.133,3428
0.186,1404
-0.0148,5917
-0.0559,6553
-0.0338,6377
0.257,1159
-0.479,9118
0.029,4724
0.0384,3837
0.607,84
-0.055,7364
0.975,1310
-0.0741,8030
0.0218,4464
-0.0387,6654
0.0587,3393
0.00748,4674
-0.101,8064
-0.156,7333
0.248,362
0.37,427
-0.398,10195
0.171,1564
0.373,2173
-4.03e-05,5343
-0.0784,7776
-0.135,7756
-0.283,10226
-0.0423,7288
-0.197,9656
-0.125,5952
-0.0905,7305
0.0702,3737
0.00353,5329
0.013,5074
-0.337,10462
0.116,2186
0.191,1830
0.0457,3560
-0.0733,7041
-0.0833,7704
0.874,555
-0.00274,5185
-0.207,10013
0.0673,3455
0.134,2372
0.105,2050
0.303,2845
0.27,285
-0.00649,5329
0.272,1418
0.0982,3753
0.243,944
0.641,902
-0.192,9915
0.199,2300
0.113,2765
-0.0194,5635
-0.101,8560
0.057,3891
0.152,317
0.133,1276
0.124,2491
0.16,1406
-0.0163,5905
0.66,48
-0.0119,5570
0.272,394
-0.025,6562
0.419,1040
-0.0187,5954
0.154,2649
-0.139,8328
0.189,2999
0.0194,4718
-0.165,9010
0.19,506
-0.166,8864
-0.301,9262
0.201,608
0.974,44
-0.036,6231
-0.0517,6491
0.0476,4150
0.114,2541
0.0856,2013
-0.0747,8278
0.0898,3607
0.209,2096
-0.133,6967
0.278,1452
0.0703,2180
0.101,1462
-0.829,10971
-0.105,8272
0.0288,4694
-0.0168,6135
-0.161,9082
0.108,1423
-0.021,5377
-0.206,7213
0.0327,4562
-0.0422,6807
-0.144,9200
-0.135,10531
-0.363,9428
0.00297,5478
0.00821,3337
0.05,4453
-0.0736,6967
-0.076,6690
0.148,2055
-0.1,7518
-0.457,10573
0.219,1655
-0.225,10453
-0.205,10401
0.084,3053
0.159,2581
-0.111,7722
-0.0221,6094
-0.15,10597
0.0164,4899
-0.236,10492
0.593,265
-0.0992,6221
0.0626,3113
-0.1,8655
-0.0267,6484
0.273,448
0.113,2889
-0.184,9522
-0.572,10813
0.145,1427
-0.19,9654
-0.169,9075
-0.0593,8573
-0.509,10676
0.151,3825
0.00762,5120
0.221,1808
-0.127,8414
0.0701,3976
-0.158,9144
-0.0336,5945
-0.0653,7480
-0.247,9959
-0.387,10595
-0.0278,6087
0.738,277
0.00336,5347
0.192,520
-0.113,8982
-0.269,8894
-0.00827,5904
0.0874,3806
0.151,2650
0.0492,3344
0.0325,4059
-0.158,7987
0.00136,5208
0.122,3404
-0.167,8449
-0.192,8855
-0.152,9284
-0.0536,6863
-0.119,7554
0.213,2431
1.01,63
0.00163,5120
0.0354,3387
-0.0603,6011
0.0253,4720
-0.496,10820
-0.21,10658
-0.0403,6849
0.194,1460
-0.231,8455
0.141,2891
-0.312,5877
-0.00825,5171
-0.0242,6023
-0.052,6996
0.0942,3399
-0.215,8375
0.00302,5393
-0.374,10089
0.0325,4432
-0.0728,7712
0.186,1725
-0.00794,5008
0.0399,4462
0.203,955
0.0948,2721
0.113,626
-1.13,10617
-0.279,9228
-0.0588,7889
0.0111,4898
0.042,3868
0.233,451
-0.131,7857
-0.0169,5781
-0.0832,7202
0.0214,4741
0.246,507
-0.0594,7298
0.0133,4800
-0.382,9883
0.00856,4863
-0.111,7838
0.213,690
0.19,970
0.23,1995
0.043,4316
-0.408,10178
0.165,3038
-0.0498,6619
0.108,2623
-0.52,10711
-0.028,5269
0.345,636
-0.0743,8263
0.195,1888
0.296,967
-0.212,6589
0.0751,3291
-0.081,7874
-0.0102,5204
0.0246,4966
-0.136,7651
-0.278,9520
0.756,80
0.0431,3458
-0.00997,5709
0.172,1055
0.0255,4473
0.224,801
-0.369,9923
-0.166,8049
-0.018,5276
0.0654,3154
0.177,1531
0.103,2614
-0.217,7740
0.365,44
0.00191,5181
-0.322,10795
-0.167,6974
-0.0712,7341
0.691,458
0.188,2849
-0.0476,5759
0.218,461
0.119,1258
-0.228,10881
0.809,82
-0.0461,5702
0.245,918
0.175,2044
0.22,1372
0.361,399
0.23,633
0.165,2707
0.321,1399
-0.174,10930
-0.158,10043
-0.318,10593
-0.000107,5411
-0.54,9869
-0.263,9551
0.105,1666
-0.471,10951
0.0505,4335
0.184,1992
-0.268,10210
0.252,1819
0.0247,5063
0.592,299
0.188,1888
0.271,1099
-0.0974,9195
0.155,1698
0.256,1325
0.107,2521
-0.275,10355
0.125,2373
0.0319,4487
0.0253,4499
-0.0251,5649
-0.483,11028
0.156,1556
0.0126,4872
-0.169,9935
-0.305,8583
-0.246,10818
0.0256,4788
-0.236,10196
0.0152,4615
-0.025,6162
-0.275,8755
0.134,1642
0.198,1343
-0.149,8783
-0.267,10388
-0.291,7875
-0.0594,6287
0.203,493
0.0851,3296
-0.398,9617
-0.0845,6988
-0.213,9917
-0.024,6074
-0.336,10885
-0.0167,6103
-0.102,7632
-0.14,6208
0.128,3587
0.114,2372
0.0731,2429
-0.0349,6288
0.016,4893
0.0443,3822
0.144,1439
-0.00723,5179
-0.0118,5600
-0.276,10855
0.195,2572
-0.307,10356
0.167,1581
-0.152,7987
0.0978,1678
0.0197,4926
0.0158,4810
-0.171,6214
0.102,2916
0.0946,2773
0.673,277
0.203,702
0.076,3149
-0.129,7195
-0.0686,6621
-0.146,7688
0.0581,3417
-0.0434,7091
0.503,467
-0.26,10060
-0.196,9582
-0.00873,5663
0.141,1132
0.0768,2262
0.0627,4394
0.264,668
-0.117,5412
-0.113,9309
-0.0868,7519
-0.262,10580
-0.104,6446
-0.168,9103
0.0317,4316
-0.0913,7429
0.0197,4610
-0.301,10906
0.42,871
0.21,2314
-0.227,8895
-0.165,9350
0.00396,5415
-0.0665,7440
-0.117,7607
-0.353,10833
-0.306,10172
0.149,2999
0.19,1218
0.00913,4954
-0.0697,6703
0.769,445
-0.17,10115
0.149,894
-0.307,10710
0.689,514
0.0392,3778
0.104,1443
0.154,2077
0.0989,985
-0.0971,8077
-0.0877,8957
0.0513,3315
-0.192,10159
0.029,4526
-0.03,6229
-0.106,7864
0.107,3126
0.141,1209
-0.307,10220
0.0754,3112
0.49,400
0.337,2379
-0.076,5846
-0.0674,6037
-0.13,8907
0.64,699
0.0145,5041
-0.246,10933
-0.0469,6599
0.106,3054
-0.0532,7137
-0.0667,6972
0.425,1641
0.148,696
-0.158,9201
-0.318,10713
0.0923,3892
0.0927,3905
0.0602,4436
-0.173,10448
-0.0953,7407
0.152,1329
-0.0741,7736
-0.233,10421
0.135,2925
0.0617,2493
0.0878,2548
-0.0306,5654
-0.0967,7121
-0.0519,6075
0.139,2184
-0.109,9205
0.0608,3715
0.435,214
-0.114,8315
-0.305,7907
0.157,2302
-0.104,9123
0.139,2462
0.0386,4285
-0.327,10738
0.117,2959
0.34,1000
-0.353,10894
0.149,1022
0.109,2967
-0.0412,5385
0.544,1157
-0.379,10986
0.239,1278
0.467,207
-0.0484,6170
-0.0439,6257
0.144,2360
0.546,1361
-0.0273,5679
0.104,2304
-0.213,10187
-0.0956,7962
0.228,954
0.0198,4599
0.178,1311
0.0485,4325
0.235,1535
0.33,1904
-0.0859,8545
0.0795,2183
0.0606,3478
0.265,352
0.228,1019
0.0318,4632
-0.0613,6491
0.0318,4270
-0.0574,7137
0.0539,4466
0.494,2264
0.0306,4490
0.0595,2979
0.136,2386
-0.1,9507
-0.395,10148
-0.0147,5369
-0.238,10347
0.092,1443
-0.743,9883
-0.378,10090
0.475,357
0.429,373
-0.0619,7449
-0.142,9537
0.0543,4038
0.0829,3774
0.479,1855
0.0918,2739
0.0903,2081
-0.000535,5582
0.108,2557
-0.141,7994
-0.222,10706
-0.0188,5481
0.114,1775
0.0531,3193
-0.0169,5345
-0.0406,7051
0.257,3011
-0.209,10079
0.254,878
-0.0222,5685
-0.143,7787
-0.162,8796
0.0821,3553
0.407,1462
0.129,2710
0.0135,4906
-0.188,8775
-0.291,10638
-0.108,6676
-0.00978,5723
0.00338,5582
0.0421,3942
0.251,452
0.115,3424
0.14,3134
-0.234,9991
-0.237,10645
-0.121,9272
0.111,3732
-0.175,8173
0.0874,3588
0.399,370
-0.256,10080
0.0601,3545
-0.0162,5623
0.16,3109
-0.118,6982
0.0503,4070
-0.0357,7735
-0.081,7576
0.135,2055
0.207,1990
-0.139,8096
0.0245,4457
0.0718,3596
0.121,2643
-0.129,8020
-0.191,8563
-0.104,7527
-0.466,8807
-0.0518,7038
0.0268,4695
-0.166,9015
-0.0427,7038
-0.0043,5505
-0.105,8396
0.127,1364
0.0201,4549
0.283,217
-0.121,7831
-0.259,9648
0.385,2068
-0.144,10008
0.177,1393
-0.173,8378
-0.0887,6939
-0.394,9461
-0.29,10317
-0.000232,5396
0.43,687
-0.153,9502
-0.0455,6894
0.0565,3961
-0.0529,6337
0.0893,2908
0.115,1644
-0.129,7315
0.21,1348
0.22,2529
-0.156,8688
0.189,1079
-0.0285,5780
-0.0931,9111
-0.0762,8599
-0.109,9343
-0.0711,7796
0.0163,4875
0.0523,3354
-0.184,8255
-0.0553,5397
-0.244,8986
0.0641,4088
-0.141,9507
-0.0208,6198
-0.0443,6840
-0.182,8702
-0.225,9445
-0.155,9428
0.0024,5296
-0.326,10994
-0.234,10011
-0.138,8264
-0.295,10117
-0.292,9230
0.317,689
-0.186,10057
0.125,3358
0.0265,4722
0.198,2655
-0.0446,6798
-0.238,10482
-0.073,8410
-0.0687,6572
0.0903,3215
-0.174,9537
-0.0398,6582
0.113,1671
0.159,1015
-0.438,10886
-0.278,10339
-0.429,10397
-0.075,7758
-0.00424,5507
0.0481,4128
-0.111,9401
-0.114,8597
-0.164,8647
0.0551,4326
0.119,3167
-0.0507,6654
0.281,287
-0.11,7979
0.223,1593
0.0443,4334
0.0471,4431
-0.135,10272
-0.19,8835
-0.638,11028
-0.0789,7637
0.146,2524
0.233,2721
-0.108,9291
0.0482,3233
-0.107,8170
0.181,1462
-0.146,8963
-0.00418,5669
0.0177,4706
-0.152,9540
0.04,4756
0.57,121
0.517,1372
0.157,1822
0.0115,5013
-0.037,6629
-0.146,9501
-0.0401,6442
0.0231,4947
-0.377,9882
-0.0785,6604
0.0741,3686
0.0394,4100
-0.0935,7725
-0.15,7734
-0.218,8132
0.167,1518
0.0562,3169
-0.159,9806
-0.0759,7193
-0.14,8498
0.358,498
0.291,1915
0.164,987
-0.017,5907
0.16,1666
-0.102,7534
0.0391,4174
-0.0278,7068
-0.112,7758
0.227,280
-0.23,9981
0.124,1998
-0.327,10673
-0.0776,6392
0.0742,2505
-0.111,8567
0.032,4544
-0.146,7619
-0.271,9660
0.247,2073
-0.247,9968
-0.211,10653
0.191,2426
0.00203,5259
0.133,2343
-0.226,9155
-0.135,8573
-0.166,9851
0.012,4906
-0.171,8627
0.0648,3704
-0.103,6065
-0.0533,7466
-0.169,10415
-0.108,6764
0.069,3878
-0.206,6887
0.0413,4537
-0.0127,5748
-0.0147,5522
-0.296,10220
-0.401,10915
-0.213,9133
-0.325,9404
-0.0409,7056
-0.163,9274
-0.0481,7050
0.147,2952
-0.0751,7418
-0.0556,5489
0.11,1199
0.0903,2620
0.117,3493
0.0532,4170
-0.0115,5764
-0.113,6790
-0.00867,5656
-0.0479,8070
-0.245,9448
-0.122,9304
0.122,2811
-0.173,8528
-0.243,8918
0.0816,3847
0.184,2451
0.121,3111
0.055,4488
0.108,2775
-0.264,10842
-0.0457,7051
2.46,39
0.0522,4400
0.345,1085
0.068,2615
0.166,236
0.0599,3298
0.0902,3158
-0.139,7886
0.548,861
-0.0443,5951
0.0224,4539
0.0781,3553
0.476,787
-0.00759,5340
0.231,2340
0.0118,4962
0.112,2852
-0.0608,9402
0.0254,4848
1.2,511
0.0658,3600
-0.174,9471
-0.0167,6080
-0.254,10049
-0.034,4741
0.0775,3315
0.246,1507
0.289,1392
-0.00248,5484
-0.283,10988
-0.176,8983
-0.157,9126
-0.118,7595
-0.186,9297
-0.0662,8218
-0.185,9555
-0.12,7465
-0.35,9959
-0.278,9837
0.0972,4001
-0.811,10213
0.0922,1319
0.306,1170
0.207,1458
0.269,731
0.0149,4925
-0.287,10457
0.21,1849
0.0555,4216
-0.0494,6687
-0.313,10443
-0.00515,5589
0.0422,4086
0.0344,4318
-0.184,8103
0.126,2647
0.173,1809
0.253,1535
-0.0613,6744
0.243,631
0.153,2343
-0.193,8932
-0.333,8251
-0.534,10678
-0.424,10985
0.713,98
-0.152,9323
-0.0768,7434
-0.273,10526
-0.191,8914
0.0971,2490
-0.0511,7077
-0.162,8961
0.257,1074
0.116,3082
-0.249,9626
-0.201,10571
0.119,2751
-0.561,10943
-0.0991,8299
-0.236,10372
0.382,696
-0.0131,6272
-0.184,9373
-0.138,8241
0.198,1681
-0.0245,5735
-0.324,8841
0.0724,3348
0.164,533
-0.16,9235
0.0375,3904
0.131,3075
-0.154,8432
-0.0294,6098
-0.126,8166
-0.319,10666
0.0145,4919
0.057,4256
0.812,20
-0.196,8194
0.105,3098
-0.143,8259
-0.178,8758
-0.258,10542
-0.0219,5805
0.0503,3570
0.179,875
-0.215,8979
0.28,1580
-0.261,10154
0.0488,4293
-0.0852,7654
0.00739,4956
0.129,2248
-0.122,8930
-0.189,7304
0.0458,4335
-0.00144,5358
-0.42,10984
0.162,2231
0.052,4125
-0.313,9928
0.202,1114
-0.0485,7365
0.0712,2044
0.00932,5408
0.0753,3785
0.182,2016
-0.192,7664
0.662,48
0.225,908
0.366,136
-0.287,8135
-0.212,8498
-0.313,10041
0.0166,4929
0.0486,4257
0.0699,4123
-0.173,9909
0.0112,4940
-0.364,10915
0.115,2074
0.0481,3175
0.219,1644
0.29,563
-0.4,10159
0.219,2178
0.0358,4096
-0.207,9617
0.165,1314
0.231,1370
0.0643,2959
0.0284,4690
-0.0534,6457
0.846,15
0.196,1326
-0.136,9426
-0.0118,5694
0.0391,4875
-0.0945,8017
0.00085,4991
-0.0664,7051
-0.00648,5308
-0.0508,6591
-0.158,8295
0.242,746
0.0592,2238
0.124,1658
-0.0188,5462
-0.285,9283
0.136,903
0.189,113
-0.176,9182
0.0266,4589
0.243,699
0.267,1840
-0.0126,5275
0.0976,1862
0.27,194
-0.12,7337
0.224,729
-0.0768,7019
-0.0734,7621
0.00616,5161
-0.0347,7135
-0.533,9490
0.0114,4481
0.0741,2445
-0.0221,6255
-0.0872,8217
-0.248,10410
-0.0292,5137
-0.0553,5863
0.48,244
0.161,2440
-0.0329,6876
0.0184,4732
0.278,870
-0.517,10675
-0.192,7523
0.0614,3535
-0.0576,6555
-0.041,6494
0.16,508
-0.0496,6369
-0.103,7713
0.513,235
-0.111,9547
-0.0612,6434
0.301,391
-0.356,9970
-0.349,9227
-0.154,10370
-0.303,10668
0.045,4052
0.0919,3080
0.341,290
-0.0803,7521
-0.0696,7826
-0.0429,5898
-0.204,9677
0.0161,4877
-0.38,9698
0.171,2448
0.161,1376
-0.183,9797
0.0086,5014
0.392,431
0.108,2805
0.201,886
0.0952,2735
0.0281,4136
-0.119,7008
-0.387,10738
0.0549,4390
0.0544,3716
0.186,99
0.0154,4755
0.142,2170
0.0362,3891
0.0717,3060
0.18,2058
0.0149,4801
0.0167,5009
0.0104,5176
0.0667,3784
0.245,1175
-0.0781,7558
0.18,2771
-0.0547,6834
0.145,1000
-0.0116,5562
-0.0407,6376
0.27,2149
-0.0851,8191
-0.19,7049
0.0384,4266
0.118,3165
-0.12,7880
-0.272,9858
-0.291,10850
-0.192,10581
-0.0546,6964
0.108,3801
-0.216,7878
0.378,1416
0.206,1058
0.126,2060
0.116,3170
0.149,2285
0.13,2138
0.0725,3970
-0.0736,8772
0.13,2981
0.231,1377
-0.15,10243
0.225,1239
-0.396,10859
-0.248,10406
0.0908,2698
-0.0157,5555
-0.0674,6974
0.0324,4456
0.0702,3805
0.207,479
0.273,816
0.117,2694
0.0351,4500
-0.272,7281
0.253,2864
0.0382,3615
0.323,1863
-0.108,7711
-0.0106,5559
0.0268,4846
-0.951,10585
0.118,1977
0.207,3352
-0.256,9213
0.0165,4538
0.261,1817
-0.224,9494
0.163,1010
0.00181,5306
0.162,1246
-0.118,7594
0.161,1694
-0.329,10980
-0.126,10401
0.105,2343
-0.157,7930
0.131,2459
0.0512,4288
-0.227,8153
0.081,3106
0.014,5009
-0.183,9788
0.041,4463
-0.017,5676
0.0588,3851
0.0534,3419
0.295,741
-0.152,9324
0.13,1485
-0.479,10807
-0.231,9313
-0.0106,5718
-0.107,8580
0.162,1713
0.000897,5281
-0.0371,6087
-0.516,10471
0.0553,3270
-0.0418,7306
-0.211,10219
-0.114,7383
0.108,3012
-0.139,7688
0.0636,3507
-0.302,10982
-0.3,10468
-0.0419,5723
-0.0314,6111
-0.0394,6028
-0.108,8223
-0.0765,8601
0.0487,4166
-0.195,8636
-0.0488,5737
0.334,1296
-0.149,10122
0.14,2271
-0.349,9803
0.00369,5351
0.194,1755
0.00751,5092
0.0569,3650
-0.0647,7638
0.0897,3245
0.442,193
0.143,3191
0.144,2648
0.0854,3129
-0.0426,6931
0.185,471
-0.107,8355
0.0967,3725
0.0465,3708
-0.289,9446
0.0589,3774
0.146,1075
0.00702,5346
-0.0525,7561
-0.0723,7059
0.0109,5051
0.141,1773
0.206,2304
-0.0924,8199
0.0935,3899
-0.179,8524
-0.0255,6509
0.137,1157
-0.0722,7613
0.00189,5218
0.257,142
-0.206,8405
-0.149,9455
-0.113,8997
-0.0909,7008
-0.172,8564
0.21,982
-0.113,7979
0.787,2
-0.12,9720
-0.00687,5417
0.013,5017
-0.0867,6195
0.0821,2996
0.0816,2177
-0.121,8084
0.143,2519
0.0266,4518
-0.134,7691
-0.327,10796
0.251,441
0.0202,4122
-0.00171,5490
-0.059,7750
-0.186,8860
0.0596,3996
0.000812,5343
0.145,312
0.0174,4943
0.556,98
0.0097,4978
0.762,1065
0.0633,3682
0.287,405
0.0582,4269
-0.111,9786
-0.134,9151
-0.207,9510
0.061,3864
0.0635,3149
-0.153,8200
-0.0744,7378
-0.206,9218
-0.0526,4397
-0.128,6878
0.0238,4802
0.334,890
0.0994,2980
0.398,1394
-0.0937,7046
-0.0763,7574
0.0451,3493
0.131,2964
0.0386,4540
-0.109,7806
-0.028,5862
0.0904,2530
0.0633,3444
-0.138,9165
-0.204,8257
0.0401,4270
-0.224,7035
0.028,4580
0.000447,5388
0.247,2441
0.122,2852
-0.0717,5900
-0.0438,5652
-0.168,9334
0.0748,2882
0.17,1212
-0.0887,8432
0.00727,5235
0.486,673
-0.0905,7633
-0.031,5757
0.0341,4699
-0.279,10151
0.468,327
-0.25,10455
0.000158,5432
0.0686,2579
0.0648,3531
0.0701,3475
-0.162,9140
0.0409,4424
-0.0855,8253
0.0349,3731
0.132,1974
-0.214,8114
0.0524,4285
0.00874,4776
-0.0868,9956
0.174,1120
0.103,3151
-0.0411,6768
-0.201,9347
-0.0821,6728
0.0496,3729
-0.177,9649
0.234,862
-0.021,6231
0.109,2947
-0.0467,6723
-0.0749,7753
0.0609,3660
-0.492,11019
-0.519,10686
-0.0718,6690
-0.0343,6877
0.149,1201
0.0141,4813
-0.143,6598
-0.341,10299
0.328,1984
0.0265,4376
0.00525,5481
-0.0412,6712
-0.199,9262
0.0232,5005
-0.112,5692
-0.0797,7238
0.0367,4434
-0.16,9526
-0.112,8557
0.00204,5146
-0.137,7029
0.182,286
-0.0382,7164
0.0425,3859
-0.138,9683
-0.0668,6384
-0.175,7726
-0.122,6877
0.0298,4021
-0.0537,6853
-0.474,10758
0.0404,4351
0.173,2437
0.0236,4735
-0.16,8178
0.0173,4666
0.151,1758
-0.0471,6600
-0.422,10852
-0.148,8138
0.00359,5013
0.144,1043
0.45,429
-0.0674,7178
0.116,1028
0.26,1863
-0.237,10690
-0.0677,8002
0.131,2175
0.328,1608
0.0497,4396
0.0096,5151
-0.0786,7967
-0.0282,6478
-0.00622,5828
0.0952,3066
0.00892,4921
-0.38,9067
-0.169,8985
0.0432,3978
-0.159,8787
-0.0587,7766
0.039,4388
-0.138,10234
-0.0358,7979
-0.103,8788
-0.0755,7142
-0.266,10584
-0.162,7820
-0.00091,5303
-0.0871,7183
-0.248,10795
-0.201,8752
0.432,589
-0.203,10769
-0.283,8288
-0.152,7451
-0.0936,8779
0.281,223
-0.137,8537
0.0456,4231
-0.235,8400
0.0328,3743
-0.0872,7665
-0.109,8675
-0.105,7038
0.341,513
0.325,1440
-0.0993,7261
0.179,978
-1.39e-17,5561
