coef,rank
0.359,1142
-0.203,9559
-0.0608,7589
-0.279,9113
0.22,3073
1.02,587
0.0443,4521
-0.0827,7601
-0.0551,7095
-0.11,7637
-0.0164,5567
-0.00466,5246
-0.28,10741
0.13,1224
-0.0124,5913
0.216,1624
-0.35,9012
-0.102,5846
0.0526,3206
0.148,346
-0.0272,6103
-0.1,8488
-0.132,6908
-0.0388,5835
-0.133,8874
0.199,1556
-0.313,9845
0.0735,3588
-0.0386,7130
0.194,3298
-0.167,8878
0.107,2307
-0.134,8178
-0.381,9601
-0.149,8321
0.271,1547
0.0242,4826
-0.0599,7851
-0.159,9277
0.581,328
-0.101,7484
0.316,765
-0.288,10953
0.00813,5009
-0.143,8408
-0.163,9313
-0.0656,6713
-0.182,7797
0.0532,2719
-0.0808,9349
-0.518,10975
-0.0743,7723
0.0179,4871
0.284,1101
-0.213,9271
-0.175,10538
-0.252,10558
-0.275,9248
-0.29,8877
-0.148,7778
0.0321,3852
-0.0573,7602
-0.0144,5526
-0.395,10814
0.117,1575
0.0268,3994
-0.171,9417
-0.0859,8643
-0.108,8548
0.0832,2672
-0.0442,6365
0.0198,4746
0.491,9
0.0505,3800
-0.0111,5756
-0.0936,7002
-0.203,7756
-0.194,10417
0.0511,3837
-0.153,9853
0.0435,4415
0.0352,4352
0.15,3527
-0.00257,5146
0.111,1800
-0.135,9422
-0.11,8338
-0.0293,5863
-0.0589,6460
-0.301,9566
0.0026,5322
-0.0097,5928
-0.283,10275
0.0903,3333
-0.252,9097
0.373,787
-0.0729,6655
-0.0744,7948
-0.00449,5113
-0.0736,8633
-0.0944,7570
-0.265,10204
0.257,347
0.218,614
-0.183,9906
0.35,509
0.192,2670
-0.102,7122
-0.107,7523
-0.171,9060
-0.0226,5627
0.0571,3803
-0.403,8760
-0.207,8834
-0.166,10264
0.00721,5199
0.134,3076
-0.245,10577
0.149,962
0.0664,3956
-0.0988,7813
0.042,3602
0.0338,4146
0.0475,3722
-0.207,8569
0.0582,4350
0.0456,3649
0.396,292
-0.1,7417
0.31,522
-0.261,9951
0.00903,5067
-0.236,10800
-0.0374,6650
-0.0248,5569
0.0862,2538
-0.0945,4794
-0.498,10400
0.0363,3927
0.0502,3816
0.312,1455
-0.147,10214
0.208,2137
0.226,1351
0.181,1565
-0.0684,7572
-0.26,9334
-0.0716,7018
-0.226,10814
0.327,1161
-0.017,5941
-0.0757,8268
-0.248,5712
-0.119,7761
-0.0128,5251
0.0443,4251
-0.0965,8574
-0.193,9795
-0.213,8673
-0.0309,6159
-0.0023,5437
-0.132,9122
-0.0266,6047
0.00965,4842
0.114,2613
0.206,1532
-0.0226,6189
0.00507,5156
-0.0211,6012
0.00146,5409
-0.00504,5473
-0.115,6692
-0.0885,8274
-0.0789,8094
0.0239,3922
-0.0818,7644
0.00972,4936
0.0795,3761
-0.0554,5841
0.116,1074
-0.0417,6865
0.0784,3756
0.142,2184
0.36,239
0.0808,2248
0.1,785
0.0206,4678
-0.117,8743
0.112,3102
-0.135,9310
-0.157,6436
0.423,20
-0.0122,5852
0.117,802
-0.0346,6413
0.0131,4896
0.259,1841
-0.0655,7463
-0.0487,6304
-0.271,10233
-0.00492,5536
0.274,1217
-0.12,8400
0.0386,4724
-0.0988,9074
0.432,55
0.0664,3915
-0.304,8769
-0.137,8688
-0.116,7933
0.00297,5160
-0.0334,6764
0.0753,3337
-0.132,7877
-0.108,7352
-0.157,8355
-0.0744,9378
0.0086,5188
0.18,1693
-0.19,9381
-0.296,9685
0.132,3164
-0.121,8116
-0.0425,6963
-0.092,9195
-0.118,7480
0.0731,3982
0.0872,3420
-0.0634,7667
-0.0282,6667
0.114,1557
0.0635,3910
0.00816,5392
0.0853,3618
-0.108,7110
-0.0255,6861
0.0369,4220
-0.0322,5957
-0.0639,6192
0.179,1697
-0.104,7128
-0.329,6304
-0.264,8687
0.0985,2751
0.0622,3560
0.0716,3926
0.142,1330
0.187,1668
-0.0637,6801
0.0402,4241
0.0192,5182
-0.185,8240
0.0916,2146
-0.0491,7557
-0.126,7116
-0.185,7681
0.0362,4578
0.14,3344
0.0337,4453
-0.0834,7704
0.0156,4932
-0.207,10186
-0.0315,6284
-0.127,8297
-0.16,9536
0.15,2164
-0.175,7693
0.0148,5110
0.0946,3172
-0.272,9553
-0.0276,6282
0.0916,1553
-0.0482,6498
0.0101,4882
-0.057,6567
-0.011,5525
-0.263,10484
0.0498,4131
-0.0799,7261
0.0601,3903
0.199,2154
-0.185,9890
0.289,365
0.0653,4303
-0.1,7593
-0.0469,6206
0.265,1254
-0.0086,5633
0.112,1546
0.0696,3611
-0.0436,6015
-0.134,7622
-0.376,10661
0.251,1400
0.00102,5541
-0.0176,6023
-0.343,9788
-0.08,7351
-0.232,8866
-0.00877,5008
0.259,621
0.017,4616
0.17,1441
0.217,1474
-0.208,9746
-0.236,8329
0.0305,3797
0.0568,3943
0.0869,2915
0.449,795
0.547,409
0.152,1222
0.0202,4422
0.0437,4093
-0.00815,5784
-0.297,8892
-0.238,9178
0.173,2248
0.257,1631
-0.337,10076
0.336,1212
0.02,4947
0.127,2996
-0.462,9985
0.0589,3083
0.235,875
-0.023,6035
0.0792,3172
0.0173,4451
-0.109,6736
0.123,1280
-0.00383,5532
0.126,3258
-0.0542,6069
-0.0592,7124
-0.24,8177
-0.0145,5742
0.05,3566
-0.114,8992
-0.113,8868
0.00471,5300
0.442,410
-0.0316,6528
-0.218,8320
0.254,1938
-0.0821,8978
0.114,1330
0.101,3039
-0.066,7384
0.011,5026
0.0192,4401
-0.0967,5745
-0.111,4157
-0.426,7873
0.0511,4485
-0.436,8742
0.872,24
0.477,218
0.588,19
-0.0882,7371
-0.0584,8202
-0.174,10854
-0.697,9687
-0.252,9741
-0.0889,7019
0.0331,4823
0.251,1039
0.077,2391
-0.134,6309
-0.315,10509
0.297,460
0.039,4327
0.124,3132
-0.0305,6358
-0.0434,6465
-0.121,7157
-0.184,8237
0.335,2194
0.0241,4793
-0.000562,5412
-0.337,9859
0.122,935
0.248,1354
-0.501,10293
-0.0413,6632
0.174,1337
-0.0284,6092
0.0527,4078
-0.355,8691
0.343,624
-0.0395,6596
-0.0142,5610
-0.213,10006
0.339,1451
-0.141,8558
0.641,387
-0.29,10582
-0.163,10058
0.149,3376
-0.174,9735
0.00964,4989
-0.314,10796
0.00901,5009
-0.104,8400
0.123,2817
0.105,3103
0.0252,4790
0.424,1684
-0.0585,10046
0.144,1590
0.126,2780
0.151,3183
0.0251,4782
-0.186,8822
-0.0927,8739
-0.00582,5741
0.0129,3909
0.0315,4433
0.395,1517
-0.0554,6589
0.212,2607
-0.0655,8148
-0.00989,5400
-0.45,10961
0.496,201
-0.354,9174
0.0713,4000
-0.171,10307
-0.263,10324
-0.281,9773
-0.106,7252
-0.12,8291
-0.12,9362
0.00958,5195
-0.163,9014
-0.28,10515
-0.0864,7034
0.272,372
0.421,618
-0.00344,5667
0.127,1065
-0.602,9213
0.235,2661
-0.097,7111
-0.0861,6306
0.228,402
-0.0536,6639
-0.41,10751
-0.0755,5813
-0.0705,6449
0.141,3298
-0.187,10108
-0.282,8961
0.232,2250
0.0888,2991
-0.189,8105
-0.0681,7047
-0.0362,7096
0.143,745
-0.204,9452
0.0797,3649
-0.231,10316
-0.107,8446
-0.0388,6842
-0.0821,6586
-0.201,9048
-0.236,9144
0.212,1740
-0.158,8115
-0.0658,7017
-0.00448,5586
-0.21,9094
-0.0853,6975
0.0305,4312
0.0117,4901
-0.292,10740
-0.124,8494
0.224,672
0.193,2990
0.112,2177
-0.159,9358
0.13,1461
-0.35,9912
-0.0106,5844
0.0701,3851
-0.246,9165
-0.00654,5514
0.116,2088
0.045,3857
-0.04,6449
-0.0546,7204
-0.186,9644
0.126,2299
-0.00264,5924
-0.172,9654
0.0627,3218
-0.176,7462
-0.221,7714
-0.0771,8033
0.0747,3041
0.107,2058
0.0359,4306
-0.0762,6876
-0.17,6732
0.139,2106
-0.0989,9578
-0.217,10769
-0.37,9623
-0.024,6140
0.11,3747
-0.00215,5369
0.075,3783
-0.117,9613
0.617,793
-0.36,9189
-0.169,7399
-0.371,9796
0.167,595
0.0221,4623
-0.0763,8117
0.102,2035
-0.159,7699
-0.136,8324
-0.0403,6614
0.124,2633
-0.1,5795
0.115,3412
-0.132,7604
0.0309,4569
-0.19,10471
0.00708,5289
-0.127,7914
-0.229,10081
-0.218,10046
-0.0241,5730
-0.0493,6916
0.02,4491
0.921,1387
0.342,2622
-0.589,9686
0.00133,5003
0.232,542
0.289,1419
-0.235,10594
0.21,1543
-0.0112,5430
0.421,106
0.296,234
-0.195,9385
-0.0894,7818
0.036,4451
-0.184,7154
1.18,273
0.0108,4888
-0.156,8394
0.196,1583
-0.0734,6926
-0.11,7724
-0.283,10359
-0.197,9828
0.059,3961
0.31,395
0.102,2374
-0.212,9287
0.351,460
0.1,2464
0.0222,4665
-0.0426,6634
0.00148,5298
0.0261,4723
-0.0575,7544
0.15,1618
-0.041,6028
-0.168,9133
-0.204,9706
0.138,2402
0.17,2165
0.158,1599
-0.0269,6504
-0.0699,5931
0.0623,3580
0.175,2092
-0.23,7086
-0.057,7220
-0.0498,6626
0.0613,4107
-0.00623,5631
0.0282,4445
-0.159,8686
-0.178,10117
-0.103,8471
-0.101,8276
0.098,2248
0.422,1010
0.23,2545
-0.0246,6737
-0.273,10251
-0.383,10550
-0.237,10270
0.00788,5111
0.0759,3391
0.21,1109
-0.0649,7305
0.0356,4665
-0.16,7823
-0.0394,6495
0.394,862
-0.0438,6461
-0.149,10017
0.00387,4904
0.0808,2169
-0.31,9103
-0.304,7717
-0.104,8506
-0.0339,6550
-0.0786,7116
-0.101,7922
-0.23,8759
0.0864,3572
-0.146,9121
-0.125,9407
0.0308,3910
-0.0307,6376
-0.0709,7388
-0.118,8321
0.0962,2507
-0.157,7982
-0.0278,6243
-0.13,7289
-0.236,6815
0.034,4495
0.0765,2334
0.0159,4630
0.0778,3131
0.0641,4199
-0.145,8193
0.0344,4089
-0.0549,8331
-0.225,10574
-0.297,9931
0.115,3416
-0.22,8799
-0.0462,6427
-0.0656,6717
0.116,3320
0.172,1745
-0.101,6852
-0.00103,5242
-0.00204,5489
-0.214,10484
-0.0279,3662
-0.0143,6105
0.931,44
0.323,1005
0.113,1543
-0.463,10301
0.967,856
-0.0373,4063
-0.24,8067
-0.327,8261
-0.347,10004
0.0961,3619
0.0707,3469
-0.0721,7611
-0.226,10633
-0.101,10198
-0.0336,6194
-0.0914,6326
0.499,842
0.0317,4418
0.185,1262
-0.141,9723
0.0164,4963
-0.0857,7652
-0.0622,6314
0.0838,2675
-0.176,9514
-0.159,8807
0.244,1815
-0.257,9731
0.203,1652
0.0478,4291
0.143,1321
-0.0278,6501
0.141,3096
-0.133,9555
-0.324,10442
-0.00881,5596
0.134,1786
-0.0217,5549
0.0437,4482
-0.27,7740
0.223,1262
0.0604,4209
0.451,45
-0.141,8992
-0.382,10530
0.435,228
0.0072,5112
-0.299,9818
0.567,136
0.105,2579
-0.16,8958
-0.0766,5338
0.165,2517
0.0639,4094
-0.18,9572
-0.044,6593
-0.0709,7876
0.103,2656
0.157,3457
0.00377,3774
-0.139,9383
0.0744,2462
0.084,2774
0.267,1151
-0.168,10733
0.13,3520
-0.038,6245
0.0346,4384
-0.102,6435
0.144,2733
0.012,4768
0.132,2811
-0.0157,5685
0.213,642
0.285,1608
-0.186,8173
-0.511,9479
0.137,3366
-0.0259,6213
-0.241,10165
-0.25,9852
0.174,1406
-0.143,9110
-0.503,10507
-0.244,10078
-0.374,10953
-0.191,9684
0.00517,5116
0.417,1658
-0.345,7386
-0.108,8784
-0.0713,7944
0.176,1193
-0.0395,6356
0.0983,3120
0.0216,4653
0.209,570
-0.193,9920
0.0209,4566
0.856,84
-0.0217,5940
-0.0851,8294
0.13,1860
-0.0849,8980
0.124,2134
0.209,2247
0.205,235
0.116,2838
-0.445,10754
-0.11,9197
-0.0953,7538
-0.216,9451
-0.269,10163
1.03,74
0.19,1598
-0.0565,6495
0.318,451
-0.374,9710
-0.0455,5950
-0.0898,7393
0.137,1309
-0.148,7615
-0.308,8873
0.357,733
-0.202,8764
0.379,575
0.102,2467
-0.129,8126
-0.255,9284
0.235,233
-0.334,8401
0.0999,4071
0.0876,3537
-0.065,8333
-0.057,6894
-0.088,6921
0.0281,4587
0.145,2937
-0.207,10456
-0.104,8436
-0.00494,6100
0.0047,4407
-0.0241,8199
0.0027,4840
-0.0702,11027
-0.771,8365
0.138,2486
-0.409,8537
-0.235,5897
0.197,3341
0.361,303
0.17,2402
0.193,3230
-0.0417,6141
-0.0941,6142
0.18,1089
0.00176,5152
-0.295,5836
0.0662,3733
-0.0865,6727
0.0256,4082
-0.0449,6194
0.0151,4869
0.249,2133
0.0182,5028
0.351,1895
0.37,741
-0.261,10551
0.542,164
-0.197,5753
0.0538,4339
-0.283,10006
0.744,1894
0.138,2491
-0.0934,8169
0.161,2668
0.0255,4873
0.39,14
-0.0277,6393
0.0112,5103
0.219,2187
-0.0602,7174
-0.157,6941
-0.0642,6953
0.0657,3102
-0.00499,5876
0.0532,3838
-0.0491,6702
0.0257,5006
-0.116,7107
-0.133,8128
-0.106,8254
0.125,3003
0.272,880
-0.148,8732
-0.00105,5641
-0.145,9974
-0.0278,5992
-0.0323,6183
0.257,263
-0.278,9315
-0.439,10198
0.364,325
0.243,459
2.12,176
-0.146,9520
0.139,2820
0.219,1633
-0.0987,8303
0.105,2861
0.00165,4935
0.0693,3205
-0.262,8952
-0.293,10799
-0.15,9860
0.203,784
-0.159,9659
0.073,3473
-0.0243,5691
-0.287,9119
0.00355,5433
0.0923,2184
0.269,2847
0.354,699
0.187,1213
0.0452,4370
-0.196,10121
0.138,1344
0.314,2915
0.0676,4213
0.106,2269
-0.347,8161
0.115,2479
-0.0246,6584
-0.299,9536
0.0931,2745
0.0924,3857
0.0568,2994
0.131,1964
-0.14,9519
-0.777,10582
-0.0904,5572
-0.438,7352
0.174,2488
0.00567,5195
0.0149,4953
-0.00304,4915
-0.0924,7835
-0.0631,7378
0.0522,4126
-0.186,9774
0.333,527
-0.0345,6071
-0.173,9500
-0.153,9138
-0.0647,7261
0.0467,4055
-0.127,7538
-0.159,9532
-0.0335,5760
0.0696,3713
-0.209,9557
0.207,1517
-0.455,10074
-0.343,9993
-0.2,9604
-0.249,9377
0.152,1723
-0.0883,7795
0.114,3202
0.0246,4575
-0.031,5896
-0.0282,6632
0.139,1525
0.0888,1026
0.0699,3907
-0.0362,6401
-0.0741,6734
-0.0611,8357
0.104,3429
-0.102,9289
-0.0674,5219
-0.153,7772
-0.139,7470
0.0379,4368
0.192,347
0.161,2047
0.293,2561
-0.165,9054
0.105,2524
0.0287,4768
-0.0578,7395
-0.107,7803
-0.353,9863
-0.0664,6920
-0.152,8575
0.00469,5139
0.118,1086
-0.0429,6842
0.336,1365
-0.172,9969
-0.117,7160
0.0625,4291
-0.0162,5458
0.391,934
0.201,1621
-0.0697,6895
0.168,787
0.3,1005
-0.448,10065
0.132,3055
0.719,289
-0.14,9766
-0.0869,7370
-0.0829,8135
-0.0863,6219
0.577,769
-0.137,5228
-0.0972,8913
0.0807,3445
0.397,1691
0.0978,2987
-0.435,10390
0.171,1790
0.0651,3291
-0.102,9290
-0.0332,7281
-0.00898,5444
0.00922,5077
-0.0585,7349
-0.111,9417
0.0322,4244
0.0261,4959
-0.14,9243
-0.15,7581
0.241,2366
-0.203,9838
0.302,614
0.0821,3490
0.114,3127
0.124,2882
0.537,208
-0.154,8551
-0.102,8392
0.198,1768
-0.0142,5423
0.306,1521
-0.0973,7827
-0.00744,5616
0.168,2891
0.154,2557
-0.0623,7461
-0.132,7994
0.579,4
0.0166,4129
-0.0438,5946
-0.113,5094
-0.209,7159
0.148,2110
-0.0609,7609
0.325,218
0.0331,4357
-0.134,9025
0.279,2693
0.0411,3896
0.253,1278
0.066,2570
0.197,1987
-0.222,9048
0.535,1605
-0.221,8726
0.377,1067
-0.105,8335
-0.215,9189
-0.139,8492
0.0227,4850
0.431,751
-0.145,9576
-0.155,9402
-0.371,9225
-0.0679,7158
0.106,3240
-0.0628,5961
0.0386,3873
-0.056,7050
0.000459,5212
-0.147,8439
0.0856,3772
0.184,2757
-0.201,9640
0.0377,4238
-0.239,10228
0.0814,3645
-0.0993,8743
-0.776,10134
0.0358,3584
0.0919,2997
-0.215,9242
-0.0445,6046
0.0829,3829
0.0323,4583
-0.0617,6747
-0.235,8764
-0.0313,5666
0.049,4054
-0.0166,6329
0.117,2586
0.163,1046
-0.194,10171
0.159,1159
0.0833,2937
-0.233,9641
-0.139,8587
0.0516,3224
0.24,568
-0.0133,5483
-0.00077,5309
-0.15,9449
0.0484,4189
0.163,1483
-0.00633,5734
-0.114,5763
-0.479,10990
-0.0486,6329
-0.0824,6554
-0.111,8274
0.0725,3326
-0.145,8165
-0.162,9659
-0.0633,4653
0.0239,4480
0.0891,3371
0.00419,5372
-0.0485,7245
-0.099,7179
0.161,1365
-0.0744,6791
-0.0699,7609
0.219,2382
-0.14,7651
0.23,1375
-0.126,9111
-0.0917,8989
-0.0878,7963
-0.0663,7051
-0.00353,5130
-0.0124,5745
0.0254,4506
0.00727,5208
0.0832,2712
-0.182,10259
-0.0606,6177
-0.0181,5037
0.0918,1913
0.161,913
0.0269,4716
-0.053,6795
-0.0338,5675
0.143,2692
-0.143,7752
-0.18,9587
0.29,1046
0.16,2443
0.761,422
-0.327,9884
-0.0643,7706
0.143,1168
-0.313,10193
-0.152,9077
0.0374,4546
-0.372,10035
-0.0261,6095
-0.0545,7458
0.043,4184
-0.0912,7348
0.571,183
-0.0276,5227
-0.0871,7195
-0.00473,5429
0.0436,4411
-0.163,8463
0.0613,3178
-0.0169,5295
0.0248,3954
0.0443,4270
-0.326,10502
0.644,659
-0.198,6100
0.139,2492
-0.119,8416
-0.00446,5222
0.0276,4612
0.117,2127
-0.33,7887
0.172,2450
0.197,491
-0.139,9788
0.0113,5012
0.0227,4672
0.164,2090
-0.106,8346
0.005,4973
-0.164,9560
-0.168,8097
-0.112,8075
-0.233,10329
-0.313,7138
-0.0915,7087
-0.204,8578
-0.145,9076
-0.126,8413
-0.0218,6374
-0.226,9308
-0.127,10186
-0.342,10372
0.0577,4179
0.191,1385
0.265,3068
-0.385,10464
-0.145,10261
0.0377,4225
0.0869,2765
0.155,2350
0.0593,4177
-0.376,10066
0.0846,2869
0.0341,4347
-0.0373,5834
-0.129,7935
-0.0741,6869
-0.0656,6941
0.0341,4348
0.0136,5096
0.153,2435
-0.266,9274
0.114,2768
0.0759,2653
-0.155,8301
-0.242,9802
-0.283,10070
0.189,1566
-0.0567,6864
-0.109,10073
-0.101,8485
0.251,1065
0.38,72
0.0283,4963
-0.0142,5835
-0.0737,7858
0.0856,2407
0.188,785
-0.0186,5196
0.0422,4331
-0.0953,8102
-0.239,10707
0.202,1843
0.00358,5033
0.0123,5183
-0.27,10379
-0.0733,5654
-0.133,9278
0.0145,4927
0.0788,3101
-0.0609,6897
-0.139,8354
-0.102,7395
-0.139,7586
-0.061,7801
0.0172,4916
-0.285,10477
-0.255,8735
0.648,448
-0.0659,6789
0.255,38
0.0149,4980
-0.288,10791
-0.114,7844
0.0837,3241
-0.000882,5110
-0.0847,8453
-0.0784,7662
-0.414,10446
-0.172,6206
-0.142,6438
0.0124,4969
-0.116,8385
-0.285,10035
-0.0748,8440
0.128,3231
0.176,2197
0.0783,3816
-0.0281,5981
0.016,4882
0.503,661
-0.16,10105
0.271,1950
-0.111,8951
-0.036,7022
-0.0581,7343
-0.175,8370
0.191,1327
-0.00878,5431
0.0255,3935
-0.0702,7408
-0.103,7585
-0.104,8037
-0.113,8599
-0.0847,6611
-0.0699,7088
-0.175,7187
0.461,269
0.207,1872
0.216,1909
-0.0805,5004
-0.155,8816
-0.37,10130
0.112,2699
0.0259,4610
-0.325,10340
-0.348,9240
-0.0799,7794
0.143,2538
-0.0903,7277
0.149,3618
-0.122,9234
0.0559,4135
-0.0321,7160
-0.0161,5709
1.29,2
-0.0776,7495
-0.0273,5466
-0.212,10130
0.0827,1454
-0.0856,6942
-0.152,8881
0.419,739
0.0706,3392
-0.132,9759
-0.138,9078
-0.329,10541
0.00558,4973
-0.0587,7211
0.307,141
-0.078,8464
-0.0726,7864
-0.0258,6155
0.0231,4614
-0.372,10428
0.0909,2194
-0.0976,7951
-0.24,9788
-0.224,9908
0.0171,4872
0.168,3083
-0.119,7512
-0.0685,7540
-0.0745,7763
-0.059,7188
0.0356,4204
-0.307,8428
0.0675,2754
-0.0551,7241
0.0567,3593
-0.396,10629
0.0932,2071
0.17,2788
0.164,2023
0.0904,1616
-0.099,9118
-0.0198,5875
-0.164,9716
0.093,2978
0.096,3568
0.0171,4897
0.0331,4038
-0.112,7491
-0.315,10921
-0.181,8605
-0.189,8687
-0.0145,5749
0.179,317
-0.179,10078
-0.0726,7383
0.202,1819
0.145,2231
-0.00877,5512
-0.0234,6293
-0.00339,5599
-0.121,8362
0.189,1812
0.107,3150
-0.143,9762
-0.0917,7939
-0.0737,6926
0.0044,5251
-0.196,9969
0.14,2838
-0.00947,5905
-0.0592,7189
-0.0599,7092
0.321,2348
-0.11,8819
0.193,1538
0.18,723
-1.41,10638
0.214,2752
-0.292,7492
-0.321,6837
0.0834,2997
0.0316,4435
-0.331,8417
-0.0455,6388
0.0976,2988
-0.414,10816
0.0489,3832
-0.122,10053
-0.599,11016
-0.174,7919
-0.092,7382
-0.0934,6566
0.0698,3039
0.191,445
-0.0579,6371
0.0805,3281
0.0747,4118
0.0589,3148
-0.23,8270
0.123,1873
0.252,2419
-0.0163,6081
-0.0896,6920
-0.000946,5183
-0.0908,9279
0.0239,4511
-0.296,10590
-0.187,9827
0.431,1480
-0.918,10999
-0.077,8315
-0.022,6692
-0.352,10432
-0.0729,7327
0.686,426
-0.617,9475
-0.0108,5737
-0.0614,7064
-0.164,8773
-0.141,9912
0.479,131
-0.146,8671
0.0381,4183
-0.136,10289
0.0966,1718
0.122,2311
-0.11,8605
0.0238,4777
0.0288,3487
-0.175,9877
-0.379,10386
-0.117,9643
0.226,2136
-0.109,8566
-0.0381,6765
0.0782,2764
0.375,359
0.0076,5314
0.0122,4845
-0.228,8806
-0.0274,6679
0.0447,4002
0.01,4432
0.471,699
-0.011,7489
-0.373,10374
0.0643,3572
0.078,4266
0.147,2790
0.0976,2432
-0.0577,6303
1.78,69
0.0988,3097
0.0745,4113
2.41e-05,5304
-0.0508,7226
0.128,3275
0.0238,4807
-0.102,7608
0.179,1555
-0.0343,5951
-0.0682,7758
0.108,2243
-0.414,9983
-0.181,6956
-0.147,8060
-0.137,8629
-0.1,8288
-0.0959,8293
-0.0267,6355
-0.0572,6373
-0.239,8508
-0.273,10051
0.0778,1638
-0.0413,6015
0.162,1442
0.0935,3157
0.193,1345
0.0475,4733
-0.1,9273
0.0594,2848
-0.122,8591
0.36,341
0.0893,2878
-0.0258,5629
-0.0818,6577
-0.0999,8178
-0.0561,6469
-0.0105,5400
-0.0653,6875
0.242,2393
-0.0456,7094
-0.177,10325
0.182,2149
0.324,987
-0.00279,5197
-0.238,7350
-0.139,8740
0.133,3194
0.178,1437
0.00913,5078
-0.305,8805
-0.199,9586
0.203,597
-0.163,9527
0.563,158
-0.17,9547
0.0627,4146
-0.215,8089
-0.249,10486
-0.0375,7409
0.867,59
0.24,1314
-0.281,9926
0.117,3968
0.0304,4310
0.0836,3014
0.101,2787
-0.242,10354
-0.125,7603
0.259,861
-0.0229,6899
0.0206,4069
0.00233,5325
-0.194,10058
0.23,3076
-0.0158,5893
0.00474,5140
-0.341,10406
0.137,2712
0.285,1812
0.727,328
-0.0667,6736
-0.183,8897
0.0202,4736
-0.12,8232
0.0193,4833
0.34,882
0.00489,5151
-0.235,10217
0.0883,2435
0.248,1554
0.0005,5195
0.31,428
-0.124,8483
-0.0569,8356
-0.0535,7599
0.283,1960
-0.381,9441
-0.377,9739
-0.113,7368
-0.126,7398
0.0706,3137
-0.228,10684
0.162,1467
-0.0965,7340
-0.224,9871
-0.0901,7828
0.311,944
-0.386,9788
-0.132,6547
-0.054,5381
-0.0684,6569
0.0214,4515
0.0302,4693
0.173,2231
0.118,720
0.136,3592
-0.155,6391
0.114,1380
-0.0118,5535
0.146,1813
0.199,3205
0.245,3030
-0.0689,6341
0.276,447
0.0917,2626
0.0193,4876
0.0878,4362
-0.0907,8722
0.0527,3322
0.124,2380
0.0795,3064
-0.135,10281
-0.147,9028
-0.0312,6018
-0.111,7877
-0.0347,6180
-0.00611,5295
0.101,3130
0.00133,5501
-0.121,6942
0.194,3274
-0.144,8429
0.0327,4592
0.0021,5077
-0.0215,6019
0.198,2829
-0.105,7957
-0.133,10391
0.0165,4668
-0.164,7044
0.321,2501
0.439,1354
0.442,937
-0.13,9635
0.0623,3072
-0.255,10457
-0.0661,6379
-0.168,8940
-0.106,8030
-0.127,9487
0.0773,3405
-0.158,8044
0.16,2070
0.122,2216
0.00554,4860
-0.295,10502
-0.0541,6904
-0.193,9823
0.203,2368
-0.21,10178
-0.221,9323
0.0653,3479
-0.116,9657
0.241,711
-0.399,10563
-0.263,8107
-0.241,7220
-0.0415,6231
-0.19,10174
0.193,2666
0.138,3331
-0.23,10574
0.123,1802
-0.0518,7343
-0.0965,8821
-0.0456,7463
-0.021,5571
-0.119,7676
0.12,2961
0.167,1136
-0.129,9208
0.354,186
-0.0707,7414
-0.0564,8064
-0.105,6809
0.0413,3467
0.195,989
0.052,4421
0.0901,3507
0.149,1814
0.201,2158
0.0513,3768
0.104,4212
0.0268,4527
0.159,2242
-0.218,8648
-0.255,9265
0.117,1989
-0.0881,8363
0.108,1940
-0.142,8871
-0.0222,5535
-0.058,7311
-0.02,6612
0.0861,3835
0.567,800
0.025,4817
0.023,4844
-0.185,9862
0.208,1753
0.00683,5086
-0.117,7998
-0.213,9206
-0.177,9642
0.0167,4812
0.0343,4527
0.0582,3914
0.631,29
0.12,3385
0.0601,4387
0.257,390
0.0345,4458
-0.192,9501
-0.116,8723
0.455,183
-0.0998,6961
0.0809,2143
-0.071,7802
-0.116,6877
0.0983,1978
0.176,2937
-0.355,9461
0.0689,3385
-0.113,7949
-0.0584,8228
0.215,1228
-0.193,10218
0.0029,5070
0.0866,2551
-0.0878,8750
0.161,2457
-0.214,9151
-0.16,8711
0.263,1752
0.141,2421
0.000839,5505
-0.19,9037
-0.296,10557
-0.12,7884
0.212,2191
0.208,1787
0.0161,4707
-0.224,7395
-0.0826,8123
-0.236,10312
0.0687,4044
-0.0414,6511
-0.0639,7354
0.0381,4024
-0.277,9846
-0.263,9554
0.268,996
-0.112,8847
0.283,609
-0.0473,6875
0.0724,4035
-0.338,10030
-0.316,10348
0.137,2248
0.0894,2468
1.71,109
0.344,1247
0.0592,4487
-0.642,7833
0.203,1333
0.308,2278
-0.0926,7465
0.689,172
0.312,324
-0.155,9170
-0.0612,7573
0.0689,3001
-0.133,6713
0.0294,4699
0.106,2988
-0.166,10548
0.00988,4798
0.158,1071
-0.0832,6479
0.845,28
-0.118,6638
0.198,1559
-0.143,10795
0.0497,3646
-0.142,8586
0.119,3821
0.0225,4736
-0.0693,6278
-0.0428,6621
0.00544,4893
-0.0271,5871
0.266,979
0.105,3171
0.128,2256
0.0271,4215
-0.0306,5714
-0.425,6839
-0.00621,5196
0.0236,4529
-0.148,9142
-0.0824,6765
0.445,186
-0.063,5943
0.0131,5152
-0.374,9958
0.024,4336
0.0749,2149
-0.305,10446
-0.137,8494
-0.178,8876
-0.105,7077
0.183,1063
0.0293,4557
-0.0208,5452
-0.222,9344
-0.317,9937
-0.277,7202
-0.127,9603
0.038,4694
-0.154,8721
-0.0942,6468
-0.0303,5753
-0.292,7649
0.0695,3235
0.0329,4540
-0.68,9276
-0.238,6565
0.0448,4166
0.487,2009
0.0147,4695
0.238,382
-0.252,7104
-0.303,8822
-0.111,7449
0.427,619
0.0978,3407
0.031,4211
0.0989,2710
-0.212,9194
0.0581,4296
0.422,291
-0.218,10767
-0.102,7709
-0.512,10906
-0.0937,7803
0.0805,3503
-0.00371,5489
0.107,2692
0.254,1188
0.0874,3947
0.146,1832
-0.42,10963
0.0669,2904
-0.236,8977
-0.0715,6324
-0.0422,6256
0.359,1245
-0.0621,6423
0.0852,3012
-0.0997,8439
0.0412,3749
-0.234,9228
0.0628,3791
0.14,2052
-0.0756,10168
0.07,1787
-0.296,8955
-0.2,9579
0.00103,5245
0.273,973
0.287,113
0.0383,3898
0.168,3071
0.366,1454
-0.724,10394
0.187,1703
-0.169,8326
0.103,3373
-0.00521,5390
-0.11,7667
0.196,1967
0.151,2139
-0.0255,6191
-0.204,9407
0.0807,3645
0.0406,4652
-0.168,8794
-0.0694,6909
0.0463,3901
0.25,1320
-0.00912,5632
-0.0415,6642
0.198,1949
0.00295,5212
-0.141,9210
0.0715,3178
0.232,545
-0.0334,5751
0.0231,4706
-0.0397,7209
0.214,1060
0.178,1110
0.000838,5213
0.335,1272
0.17,1535
0.362,1146
0.306,293
0.1,3230
0.122,2293
-0.182,9870
0.0623,2981
-0.0651,6797
-0.107,8392
-0.0867,7799
-0.234,9824
-0.0312,6274
-0.129,8777
-0.272,10684
0.0243,4100
0.16,889
0.138,2715
-0.077,6574
-0.1,9363
0.197,735
0.121,2545
-0.22,10041
-0.15,8815
0.181,1663
0.888,5
-0.166,7498
-0.0571,6656
-0.029,6664
0.0204,4761
-0.341,9125
-0.0616,6398
0.102,3335
0.103,3138
-0.144,8938
-0.154,8508
-0.431,9173
0.149,695
0.279,1736
-0.268,10090
-0.126,9355
0.0344,4801
-0.187,9627
0.194,1301
0.262,2480
-0.124,9414
0.307,1371
0.181,1531
0.448,159
-0.229,10345
-0.0675,6335
0.0182,4781
-0.164,10030
0.187,2268
-0.124,7250
-0.0228,5738
0.0138,4846
0.0301,4079
0.0616,2653
-0.0937,8425
-0.218,9334
-0.085,8154
-0.307,10551
-0.118,9055
-0.156,8332
0.0399,4484
0.221,1728
0.0193,4997
0.149,1247
0.0136,4918
0.21,1833
-0.174,7573
-0.208,10600
-0.192,8209
-0.0129,5833
-0.00573,5835
0.195,2510
0.041,4409
0.0659,3326
-0.132,9239
0.0525,3983
0.126,1229
0.153,2436
0.243,1413
-0.163,7410
1.46,1
0.134,3765
-0.183,9944
-0.112,9410
0.13,1094
0.0966,3620
-0.321,10445
-0.231,9119
-0.0611,6913
-0.0876,7807
-0.151,7768
0.23,1100
-0.143,7637
-0.213,8290
-0.137,9515
0.144,1559
0.0114,5314
0.00297,5441
-0.446,10661
-0.351,8801
-0.0773,8734
-0.325,10298
0.175,2349
0.228,482
-0.118,7659
1.51,12
0.0791,3787
0.216,1881
-0.102,8206
-0.108,7556
0.116,3242
-0.157,9605
0.00426,5284
0.107,3423
-0.0526,6412
0.234,486
0.00759,4834
0.423,681
0.131,680
-0.0506,7323
0.00857,4883
-0.0988,8556
-0.251,10334
-0.292,10919
0.231,1239
-0.0378,6947
0.0686,3569
-0.108,7195
0.332,1097
-0.0794,7750
0.161,1713
-0.15,8636
0.402,1307
-0.0519,6706
-0.127,8599
2.03,1
0.175,865
0.0866,2763
-0.071,8030
-0.0575,7472
-0.0867,7801
-0.257,10159
0.207,2278
-0.299,9515
-0.0617,7137
0.319,1059
0.276,1776
-0.017,5530
-0.333,10105
-0.017,6643
-0.103,7280
0.0954,3314
-0.12,7809
-0.119,7200
-0.0141,5407
-0.0701,6689
0.325,636
-0.0598,6424
-0.0463,6470
0.0198,4678
0.257,442
0.0718,3271
-0.31,10705
-0.198,10341
0.357,1457
-0.172,8249
-0.257,10981
-0.2,10852
-0.099,6875
-0.133,9567
0.0806,3910
-0.0354,7346
0.245,1371
-0.0277,6517
-0.153,9170
-0.018,5722
0.144,3459
0.292,1878
0.045,4532
-0.0726,6642
-0.0212,5885
-0.00364,5450
-0.391,8104
0.0712,3918
0.073,3669
0.191,1217
-0.122,7771
-0.078,8323
0.203,734
-0.047,5785
-0.107,10010
0.0555,2349
-0.136,7260
-0.119,7239
0.115,949
0.807,1049
-0.119,9681
-0.065,7882
0.138,2801
-0.291,10499
-0.0762,5742
-0.0591,6175
0.214,776
0.101,2326
0.133,2073
0.378,204
-0.312,9112
-0.176,8724
-0.0194,5791
-0.149,10038
0.0333,4382
-0.244,9190
-0.116,6341
-0.156,8577
-0.0132,5936
-0.0277,6414
-0.0453,7197
0.199,2413
0.0441,4405
-0.0348,6166
0.0616,3075
0.0229,4196
-0.0808,7211
-0.626,10832
-0.0853,7232
-0.0154,5343
-0.134,7675
-0.154,8330
0.413,377
0.0161,4966
-0.557,10928
-0.0999,7007
-0.103,8757
0.24,2024
0.0765,3625
-0.113,9319
0.0817,4178
-0.324,9353
-0.106,9442
-0.0792,7032
-0.225,9233
0.131,3016
0.151,2006
0.11,3531
-0.103,7979
-0.0853,7475
-0.105,8090
-0.388,10039
0.354,2688
-0.204,8476
-0.0664,7216
-0.0304,5731
-0.0432,6358
0.0355,4435
-0.317,10533
-0.155,9286
0.364,269
-0.0966,8328
-0.222,10217
-0.251,6914
-0.187,8527
0.174,2222
0.0577,3775
0.0111,4840
-0.0749,6539
0.529,282
-0.122,9447
-0.196,8900
0.0977,1417
-0.212,10970
-0.883,11006
0.243,1159
0.141,2506
0.365,823
0.347,508
-0.0599,6830
-0.343,10538
0.165,2755
-0.135,6922
0.127,3470
0.0521,4047
0.219,325
-0.358,10035
-0.0398,5932
-0.0375,5920
-0.643,10182
0.0471,3933
-0.133,9603
1.17,6
0.139,1612
0.499,184
-0.0323,5809
-0.0352,6199
0.00381,5224
0.487,113
-0.0513,6878
-0.089,6066
-0.123,8470
-0.0813,7518
-0.231,10637
-0.00373,5322
0.177,2552
0.00381,5107
-0.0505,6718
0.0774,2893
-0.0916,9363
-0.249,9702
-0.174,8045
-0.0223,4938
-0.324,7184
-0.163,8828
-0.0363,6944
0.196,2448
0.0296,4671
-0.242,10440
-0.334,8871
0.0441,4119
-0.025,6200
0.161,1976
0.124,2945
0.107,3123
-0.122,6898
0.0505,3250
-0.0224,5924
-0.142,6493
0.358,355
0.24,1172
0.195,2155
-0.181,10064
0.00457,4999
0.0376,4383
-0.13,7846
-0.026,5253
-0.325,10679
-0.0198,6508
0.614,1209
-0.106,9142
0.138,2917
0.0664,4085
-0.184,7615
0.09,2921
0.0177,4834
-0.0907,7357
-0.25,10182
0.166,2277
-0.619,9432
-0.287,9876
0.128,3036
0.121,3594
0.00873,5079
-0.0797,6375
0.179,1359
-0.089,8012
0.0678,4017
0.0127,4634
0.0787,3328
0.0947,3078
0.0978,3654
-0.0336,6364
0.097,3820
-0.209,9500
0.266,1220
-0.0855,7587
0.337,486
-0.147,9705
0.312,1151
-0.0765,7199
0.768,218
0.119,846
0.308,673
-0.262,10835
0.0102,4923
-0.316,10462
-0.0159,5291
-0.0886,7669
0.0548,3923
-0.335,10072
0.135,2721
0.115,3200
-0.0631,6774
0.227,837
0.0136,5042
0.142,674
0.384,612
0.232,1084
-0.129,8519
-0.209,10331
0.0429,3792
-0.108,9185
-0.12,7748
0.546,51
-0.246,8703
0.0366,4284
0.234,764
-0.159,9857
-0.187,9152
-0.17,9221
0.0283,4658
0.098,3744
0.518,11
-0.00579,5757
-0.043,6807
-0.179,9605
-0.216,6966
0.546,1079
0.223,126
-0.0291,6911
0.0483,4699
0.431,222
1,225
-0.246,10606
0.0356,4226
-0.0773,8153
0.0821,3593
-0.0829,6908
0.0097,4924
0.000248,5479
0.0766,2381
0.219,1107
-0.24,10560
-0.179,10109
0.217,1055
-0.0562,6882
-0.134,8425
-0.145,9264
-0.0179,5347
0.0963,3051
-0.0484,6197
-0.0915,6724
-0.102,7661
0.0855,3408
0.259,947
-0.0771,6033
-0.029,4724
0.204,1624
-0.191,10089
-0.142,7443
0.146,3837
-0.0579,8163
0.2,976
0.025,4465
-0.0282,6381
-0.000364,5398
-0.138,8466
-0.141,8928
-0.369,10667
0.142,2006
-0.0635,7004
0.196,1625
-0.322,10531
0.0735,3720
-0.0853,6501
-0.104,6965
0.0268,4821
0.278,876
-0.0764,7526
-0.0495,5346
0.307,1890
-0.122,7595
-0.128,8924
-0.0845,8001
0.093,3629
-0.0228,6428
-0.313,9591
-0.0686,8429
0.212,927
-0.0501,7972
0.128,3430
-0.125,7630
0.0218,4269
-0.0528,6285
-0.118,8730
-0.213,9826
0.054,4236
-0.14,8643
-0.164,7388
0.291,2380
0.0212,4778
-0.138,9719
-0.13,8965
-0.0967,9514
0.0963,2263
0.248,369
0.0045,5049
-0.0547,6867
-0.0703,7370
-0.201,9486
-0.205,9245
-0.0865,7193
-0.0958,6748
0.133,2344
-0.0999,6978
-0.598,9266
-0.0544,7568
-0.0665,6942
0.271,1137
-0.0722,7659
-0.0679,8021
0.00399,5124
0.0101,5127
0.0771,3462
0.27,1148
-0.427,10729
-0.00744,5373
0.00978,4890
-0.00948,5351
0.336,1073
0.0612,3584
-0.0786,8492
-0.143,9487
0.208,1008
0.0148,4831
-0.183,8374
-0.172,8536
-0.13,8511
0.143,1381
0.0865,2508
0.366,1841
-0.0657,6660
0.0993,3302
0.0513,3736
0.356,146
0.0455,4397
0.0616,3919
0.506,30
-0.128,7527
-0.111,8950
0.116,2124
0.177,455
0.0275,4716
0.122,3179
-0.0184,5562
-0.138,7793
0.0427,4468
-0.0177,5774
0.0304,4483
0.000587,5455
-0.151,9641
0.128,2892
0.0524,3073
-0.195,10497
0.231,2488
-0.068,6389
0.479,182
-0.148,10180
0.0983,975
-0.0393,7085
0.386,433
-0.284,9648
0.321,171
0.0694,4150
-0.163,8340
-0.115,8251
-0.456,8485
0.0222,4708
-0.322,7684
0.0567,4283
-0.49,8762
-0.106,8420
0.976,6
-0.186,8896
-0.526,7088
-0.381,9720
0.109,2508
-0.0155,6710
-0.0576,6358
0.186,1424
0.0208,4777
0.421,487
-0.184,9970
0.127,1955
0.427,730
0.0853,3249
0.188,3099
0.0752,2825
-0.0968,8040
-0.176,9813
-0.145,7432
-0.61,10681
0.644,132
-0.0158,6132
-0.415,10688
-0.112,8981
-0.43,7570
0.163,2335
0.893,5
0.123,2433
0.337,116
0.0951,3191
-0.338,10798
0.0907,2950
-0.0152,5261
-0.324,8009
-0.0887,7695
0.128,300
-0.166,9454
-0.218,8864
0.118,3368
0.085,4047
0.399,9
0.0595,3022
0.0528,4038
-0.0455,5303
0.0325,4375
-0.0897,7047
-0.148,8503
0.107,1995
0.107,2970
0.0692,4003
-0.0731,7758
-0.321,8487
0.0218,4752
-0.102,8571
0.548,225
-0.142,8645
0.344,1007
0.0601,3739
0.01,5059
0.0101,5245
0.0305,4474
-0.225,9176
-0.289,10056
-0.128,6379
0.0205,4812
-0.054,7111
-0.175,9226
0.14,2338
-0.169,9103
0.0756,3847
0.135,1499
-0.0413,6660
0.0585,4180
0.0522,4600
-0.255,7708
-0.157,8015
-0.00819,5691
0.101,1755
-0.021,5872
0.0392,4704
-0.26,9496
0.0843,3375
0.12,3179
0.171,2964
0.0266,4506
-0.214,9390
0.67,1010
0.0884,2446
0.0215,4450
0.0356,4258
0.27,821
-0.00374,5487
-0.0235,5681
-0.0233,6263
0.192,1644
-0.0249,6344
-0.251,9348
-0.17,8774
0.314,1273
0.198,2128
0.00785,5042
0.148,1083
-0.155,8189
-0.131,7950
1.46,120
-0.196,8422
0.115,2305
-0.101,8427
0.19,2320
-0.276,10465
-0.175,7557
-0.204,9380
0.0433,3099
0.000193,5231
-0.029,5648
-0.203,9723
-0.175,9481
-0.249,10128
0.166,1875
-0.075,7840
0.0849,2740
0.35,2320
-0.522,10668
-0.0253,5842
0.0113,5193
-0.0586,6804
-0.213,10482
0.00497,5006
0.0747,3313
0.25,1125
0.0866,2693
0.119,1859
0.132,2524
-0.292,10635
-0.0531,6464
0.0507,4092
-0.046,7807
0.0656,3838
0.0741,3910
-0.274,9764
0.923,28
-0.321,8616
0.0262,4673
0.0174,4734
0.246,1328
0.101,3196
-0.258,9776
-0.0154,5658
-0.184,10477
0.123,1689
0.222,995
0.0789,3428
0.00866,5155
0.154,1780
-0.0192,6455
-0.166,9512
0.075,3914
0.00819,5291
0.0891,2818
0.0642,4019
0.0812,3829
0.167,446
0.00573,4984
-0.0637,6327
-0.00294,5149
0.371,730
-0.104,9307
0.203,473
-0.0071,5688
0.011,5064
-0.304,8968
-0.286,8674
-0.053,6892
-0.0679,7879
-0.115,9265
-0.0364,6535
-0.109,7670
0.133,2591
-0.104,9191
-0.00678,5802
-0.178,9541
0.317,1263
0.00423,5247
0.0595,3873
-0.00697,5668
-0.145,8687
-0.109,7773
-0.169,7180
-0.182,9592
-0.642,10308
0.216,1818
0.279,600
-0.242,9879
0.00985,5065
0.224,2217
0.0301,4658
0.0898,3149
0.0126,4923
-0.146,8703
-0.187,9261
0.178,1919
-0.269,6821
0.314,893
0.2,1073
-0.427,10035
0.653,252
0.345,409
-0.0119,5621
-0.104,7332
-0.134,8960
-0.38,10978
0.216,1359
-0.218,9648
0.499,627
0.31,236
-0.159,9822
-0.0364,6156
-0.106,8871
0.0618,4085
-0.266,8799
0.0714,3266
0.0356,3239
-0.207,8254
0.233,1239
-0.0665,7923
0.0357,4048
0.0869,2179
-0.0264,6279
-0.0228,5963
0.0888,3241
-0.234,8707
-0.0384,8098
0.0158,4680
-0.0845,7637
0.284,1573
-0.018,5320
-0.111,6990
-0.042,5501
-0.0859,9328
-0.107,8543
-0.0472,6941
0.0458,4463
0.0558,4475
0.298,236
0.0667,2684
0.305,151
-0.159,8167
0.465,85
0.683,242
-0.306,10200
-0.328,10444
-0.0206,6810
-0.11,6855
0.0321,4401
-0.277,7716
-0.0773,8078
-0.0241,6605
0.095,2448
0.0462,4307
-0.206,8790
-0.162,8672
-0.0857,8234
0.055,2729
-0.0841,8422
-0.208,8638
-0.53,8645
0.833,202
-0.0182,5571
-0.00108,5571
0.151,1384
-0.0589,6481
-0.172,7907
0.0673,3531
-0.0949,6554
-0.0528,7729
0.237,1013
0.0532,4069
-0.161,8604
0.0501,4509
-0.0574,7160
-0.126,5918
0.0822,3135
0.544,783
0.067,3516
-0.287,9755
-0.163,7845
0.131,618
0.0112,5056
-0.132,7127
0.35,2288
0.0718,4083
-0.0861,5771
-0.0102,5833
0.0206,4603
-0.193,6041
0.00194,3678
-0.279,7529
-0.596,10577
-0.25,6091
0.13,1836
-0.106,7595
-0.0625,6399
0.134,3330
-0.0417,5961
-0.00802,5581
-0.0202,5671
-0.489,7679
0.266,2376
-0.0684,5226
-0.0613,6230
0.0531,3448
-0.00195,5620
-0.0984,5403
-0.0338,4828
-0.0221,5484
0.495,388
0.856,13
0.0457,4157
-0.176,7807
-0.134,7379
-0.0955,8934
0.206,2278
0.128,2443
0.0501,3896
-0.159,5404
-0.278,7904
0.124,3246
0.19,2692
0.064,3704
-0.133,8712
-0.195,7107
-0.245,9432
-0.179,9209
-0.304,7630
0.0813,3720
0.184,1355
-0.387,9751
0.071,3850
0.502,654
-0.279,7688
0.0736,2974
-0.0734,7400
-0.0736,6956
0.0201,4623
0.0104,4965
0.151,2293
-0.188,10302
-0.164,10094
-0.0832,7006
-0.278,9875
-0.011,6007
-0.19,8599
0.226,1102
-0.000747,5240
-0.101,8417
0.0558,3357
-0.146,10572
-0.19,8663
-0.00277,5459
-0.0994,7466
-0.326,10955
-0.153,10379
-0.123,8521
0.695,835
-0.38,8386
-0.37,9360
-0.376,9480
0.611,349
-0.0267,5951
-0.138,8468
-0.193,7936
0.152,1902
-0.0253,6057
0.0954,1614
-0.377,10824
0.126,2810
0.0117,4976
-0.372,10259
-0.0945,8281
-0.158,9274
-0.156,7327
-0.0903,7599
-0.0415,6904
-0.27,9407
-0.0829,8667
-0.112,10188
-0.2,10081
0.0835,3567
-0.15,9780
0.172,1694
0.0384,4418
-0.0329,6003
-0.0972,9280
-0.218,9356
-0.0621,7284
0.192,2056
0.127,503
-0.00834,5673
0.259,563
0.0671,3166
-0.202,8243
-0.126,8325
-0.0632,8418
0.0347,2233
-0.132,8846
-0.0286,5507
-0.14,9662
0.113,2249
0.196,1900
-0.109,8342
-0.0133,5739
0.401,1085
0.195,1670
-0.276,10262
-0.175,9807
0.1,3866
-0.184,10148
-0.00474,5174
0.091,3601
0.126,2980
0.00527,5178
-0.0474,7035
-0.281,10317
-0.229,9887
0.135,2830
0.74,61
-0.179,9539
-0.086,7825
0.0791,2560
0.0187,5028
-0.142,8586
0.0742,2962
0.107,3139
0.0934,3359
-0.0293,5841
-0.102,7015
0.356,1138
-0.283,7953
0.0211,4562
-0.0689,7985
0.135,1357
0.2,1097
-0.523,10232
-0.0468,7409
-0.143,10650
0.0946,3356
-0.143,8034
0.218,2859
0.313,619
0.234,1088
-0.0258,6265
0.0267,4283
-0.122,8579
0.0182,4859
-0.0397,5567
-0.32,8502
-0.137,9290
-0.161,10640
-0.205,7918
-0.276,8749
-0.262,7423
-0.25,7695
0.391,439
-0.179,7977
-0.368,10665
0.149,1977
1.07,26
-0.0846,8666
-0.244,10736
-0.161,9748
0.156,1879
0.132,1741
-0.339,7985
-0.177,7032
-0.15,10882
-0.12,7417
0.0959,2194
-0.129,8674
0.293,1524
0.0191,4814
0.0356,3620
0.152,1642
0.13,2405
-0.165,8144
-0.0599,6668
-0.0977,8292
0.118,1970
0.206,200
-0.341,10562
0.391,835
-0.146,6933
0.0269,4559
-0.0851,8604
-0.578,10987
0.126,2462
-0.00434,5551
0.126,3097
-0.208,6519
-0.0356,6763
-0.106,9745
0.0989,3722
0.412,318
-0.172,10740
-0.206,9678
-0.0162,5981
0.0737,3518
1.3,77
-0.245,9576
0.0186,5036
-0.149,8677
-0.0465,6033
-0.107,10184
0.228,905
-0.00436,5464
-0.0932,7558
-0.0915,6793
0.065,3823
-0.0711,7984
0.293,687
-0.00885,5406
-0.0186,5608
0.0246,4613
0.0495,3716
-0.268,10742
-0.0675,7420
-0.103,6950
0.101,3834
-0.114,8664
0.0882,2847
-0.182,8779
-0.173,8390
-0.16,10552
-0.0695,6768
-0.0493,5993
0.503,562
-0.105,8084
0.257,1268
0.056,3835
-0.259,8954
-0.0384,6233
0.039,4334
-0.0437,6201
-0.0551,6979
-0.216,8727
-0.219,7634
-0.143,7494
-0.0144,5891
-0.0982,8176
-0.29,10210
0.249,1828
-0.305,4809
-0.0363,6800
-0.224,10520
-0.0537,6914
-0.0363,6096
0.0473,4343
-0.0949,8368
0.527,250
-0.0615,7586
-0.154,8657
0.486,761
-0.0479,6463
-0.0225,6389
0.0259,4624
0.3,900
-0.111,9733
-0.13,9683
0.328,169
0.11,2928
0.124,2838
0.00807,4773
0.0932,3314
0.425,552
0.0813,3849
-0.257,9806
-0.372,9628
0.0529,4021
0.106,1107
-0.0313,5780
0.131,2041
0.00449,5228
0.0648,3583
0.117,2885
0.0276,3827
-0.282,6765
0.0618,4214
-0.379,7841
-0.213,9103
0.275,1546
0.493,2175
-0.0634,6893
-0.12,7689
0.13,2442
-0.165,10302
-0.0656,6987
-0.0387,5937
-0.279,10406
0.173,2113
-0.0971,7413
0.0289,3906
0.0432,4213
-0.195,8399
-0.202,8143
0.119,3032
0.0793,3213
-0.104,7431
-0.0345,6032
-0.106,9084
0.402,68
0.332,1134
-0.00672,5763
0.181,374
-0.142,9468
-0.118,9786
0.207,959
-0.08,5321
0.0464,3678
-0.153,9282
-0.0857,6933
0.471,111
0.46,369
-0.458,10550
-0.0784,7072
0.148,1020
0.147,2507
-0.134,7261
0.128,2621
0.223,976
-0.0647,6827
0.274,1865
0.123,3030
0.838,60
0.0736,3453
0.0103,4952
-0.166,10377
0.0262,4662
0.365,1306
-0.342,10114
-0.209,8320
-0.147,9707
0.014,4950
0.137,1991
-0.0425,6640
0.328,1635
-0.132,9091
-0.0818,7505
0.101,3481
-0.0709,7164
-0.0472,6555
0.24,1303
-0.0411,6722
-0.0316,6625
0.113,2347
0.23,885
0.104,4072
-0.0347,5820
-0.0528,6132
0.141,606
-0.235,9414
0.0879,1448
-0.0284,5676
-0.0485,6346
0.088,2437
0.525,114
0.119,2365
-0.0841,7260
0.18,1294
0.0137,4915
0.165,1291
-0.0628,7395
0.0479,3478
-0.0747,7328
-0.427,10208
0.101,2379
-0.0813,9265
-0.223,10809
0.183,1909
-0.0409,5762
0.0677,3822
0.136,1691
0.251,358
-0.0719,8379
-0.15,7599
0.172,2262
0.28,1468
0.139,3084
-0.0839,8441
-0.181,9918
-0.0499,5824
0.426,281
0.154,1613
-0.0257,5999
0.0479,4096
0.433,111
-0.0945,7764
0.0242,4723
-0.0124,5577
-0.0953,9763
0.0767,3318
-0.103,8002
-0.0598,5738
-0.388,10251
0.224,2543
0.0393,4032
0.154,1017
0.13,3294
0.207,2167
-0.198,8131
-0.555,10154
-0.241,10623
0.144,1410
0.037,4293
-0.199,8963
-0.106,7236
0.392,1183
0.0663,2810
0.0489,3363
-0.333,7535
0.336,1629
-0.126,7987
0.0889,3482
-0.0615,8146
-0.205,10194
0.00682,5186
0.377,819
-0.0594,7289
0.207,2700
-0.149,10244
0.103,2097
-0.021,6342
0.0993,2935
0.0107,4971
-0.0178,5287
-0.0837,8693
0.0567,2994
-0.115,9144
0.397,690
-0.148,8667
0.386,1027
0.456,638
-0.0606,6498
-0.0278,5529
-0.215,10365
-0.341,10485
0.139,3334
-0.0412,6392
-0.155,10647
0.0374,3983
0.138,1603
-0.437,10781
-0.0291,5892
-0.0135,5403
0.114,1929
0.0303,4258
0.309,467
0.0455,4077
0.183,2026
-0.243,10423
-0.0983,9021
-0.0962,6292
-0.412,9645
-0.23,8150
-0.11,6098
-0.121,7667
0.0398,3775
0.207,1408
0.429,442
-0.235,8299
0.894,63
-0.119,9069
-0.172,9901
0.22,162
-0.336,9835
0.166,2058
-0.193,9434
0.175,403
-0.0425,7517
-0.196,8951
0.0141,5085
0.384,1812
-0.323,9574
-0.0395,6547
-0.194,8486
-0.169,8324
0.572,790
-0.1,7149
-0.0995,8445
0.0521,3467
0.264,2385
-0.0314,6379
-0.0622,7422
0.213,2366
-0.0413,6224
0.0295,4705
0.249,863
-0.166,9844
0.17,3484
0.305,1428
-0.0057,5438
-0.0733,7074
0.198,86
-0.166,7887
-0.0566,7048
0.153,2032
0.0103,4979
-0.102,8138
0.0645,2934
0.262,419
0.287,71
0.123,3172
0.145,2081
0.0161,4787
0.0478,2128
-0.239,8714
0.0934,2931
-0.103,7929
0.0339,4701
-0.0124,5348
-0.281,10618
-0.0945,8932
0.107,3477
0.0639,3612
-0.0612,6713
0.113,1937
0.19,1022
0.0432,4699
-0.0787,6935
-0.173,10241
-0.0578,6257
0.494,418
-0.112,8708
0.0979,3955
0.252,818
0.498,131
-0.406,9629
-0.218,10166
-0.0317,7520
0.251,57
-0.208,9887
0.277,712
-0.116,8422
-0.113,8415
-0.0729,6916
-0.105,8015
-0.461,8527
0.204,1886
-0.193,10198
-0.124,9664
0.142,1883
0.0591,3430
0.0268,4322
0.243,2984
-0.296,7144
0.00778,5010
-0.165,9809
-0.134,8069
-0.125,8378
-0.202,8452
0.281,675
-0.351,10560
0.096,3013
0.0247,4737
0.299,1796
0.39,522
0.23,502
-0.0795,7541
-0.00741,5870
0.125,2017
0.0951,2681
0.26,1203
0.427,380
0.039,4126
-0.0579,6778
0.15,2505
-0.118,8860
-0.278,10613
-0.179,10130
-0.0922,8517
-0.0271,6090
-0.065,7513
0.17,1141
0.262,616
-0.16,8291
0.117,1652
-0.106,10597
-0.107,8153
-0.000215,5305
0.89,255
-0.0772,6755
-0.261,9646
-0.148,10654
0.165,2173
0.0925,1853
-0.24,10551
-0.0818,9636
0.0341,4596
-0.0354,6863
-0.189,9689
-0.178,10204
-0.147,6981
-0.234,9095
-0.0706,7760
-0.0565,6734
-0.00838,5237
0.127,2107
0.823,898
-0.128,8400
0.299,412
-0.252,9916
0.164,2678
0.105,3315
-0.136,8277
0.0253,4876
-0.101,7329
-0.0584,7469
-0.211,10273
1.12,294
-0.0163,5514
-0.0932,8530
0.00896,4886
0.0122,4678
0.235,1034
-0.0793,7527
-0.112,7162
-0.0632,4970
-0.175,10074
-0.0278,6693
-0.165,9537
-0.0824,6111
0.295,869
0.0464,4367
0.383,71
0.0818,3289
-0.137,9206
-0.146,8453
-0.163,7669
-0.257,9257
-0.0166,6691
0.101,1886
-0.0482,6563
0.259,1577
-0.078,7289
0.189,2869
0.128,1724
0.0571,3824
-0.0907,8510
0.0508,3894
-0.129,7410
-0.107,7331
0.692,12
0.0677,3690
0.349,1041
0.195,1531
-0.126,7918
-0.115,9224
-0.165,9379
-0.0679,7979
-0.0289,6316
0.167,832
-0.226,10308
-0.226,9345
-0.0629,7267
-0.157,9754
-0.288,10760
-0.127,9581
0.0533,4197
0.394,1167
0.00473,5063
0.176,879
0.25,1596
-0.0946,7183
0.383,60
0.377,1065
-0.232,10608
0.696,0
-0.034,5881
-0.152,8389
-0.286,10574
-0.0643,6945
-0.0348,6466
-0.0162,5965
-0.0348,6148
-0.336,8524
-0.157,9032
-0.218,8203
0.0905,3885
0.0749,2542
-0.144,10587
-0.0825,7809
-0.137,8626
0.000983,4223
-0.0982,9327
0.479,132
-0.164,8853
-0.256,9935
0.116,2948
0.148,3133
-0.129,8636
-0.043,8059
-0.0516,6888
0.179,2042
0.118,2277
-0.318,10471
0.15,1301
-0.098,7634
0.252,1565
0.141,2999
0.22,1088
-0.084,8221
-0.261,10529
-0.00201,5330
-0.0741,7239
0.234,1213
-0.241,7711
-0.0428,6898
-0.127,7103
0.524,1420
0.0268,4130
-0.0409,7195
0.263,524
-0.0961,7241
-0.274,10616
-0.068,5698
0.142,1843
0.31,314
-0.112,8960
0.0991,3023
-0.0084,5473
-0.00545,4988
-0.0406,6887
0.0807,2489
-0.222,9213
0.252,795
0.136,2140
0.162,3180
-0.212,9882
0.0411,3499
-0.455,10589
0.0269,4976
-0.215,9932
-0.179,7468
0.0955,347
0.29,808
0.114,2828
-0.0209,5565
0.00212,5422
0.0101,4953
0.204,1283
-0.0494,7170
-0.097,6608
0.0396,4034
0.234,1463
-0.0206,5753
-0.199,9909
0.284,210
0.07,3364
0.784,375
0.281,1439
-0.0949,7897
0.104,3568
0.253,322
-0.393,10689
-0.175,8093
-0.0446,6160
-0.0154,5908
0.0901,3108
0.0811,3238
0.272,1400
-0.0482,6202
0.132,1906
0.0568,4009
-0.0209,6107
0.0242,4843
-0.36,10646
-0.0519,6722
-0.214,9063
-0.0833,7068
0.107,1661
-0.142,9548
0.0251,4781
0.356,954
0.0881,3955
0.0554,4352
0.0551,3966
-0.108,8467
-0.0544,6999
-0.232,9007
-0.142,8565
-0.00235,5301
0.281,196
0.0147,4774
-0.0947,7224
-0.283,9448
0.0839,2923
-0.144,9830
-0.0486,6521
0.213,2274
-0.0275,6099
-0.178,9448
0.27,1197
-0.0264,6166
0.0568,2887
-0.000652,5348
-0.193,8052
0.0554,3888
0.109,2969
-0.159,9710
-0.1,8006
0.144,1773
0.169,2929
0.199,1287
-0.313,10476
-0.528,7336
0.136,1945
0.00411,5137
0.351,366
0.0589,3916
-0.103,9156
0.129,3060
0.128,1240
0.0271,4274
0.263,824
-0.0578,8223
0.289,782
-0.166,9632
-0.00297,5827
-0.14,9709
-0.299,9482
-0.0236,6351
-0.42,10215
-0.0696,8120
-0.0801,8463
-0.167,10331
-0.000805,5317
0.0379,3531
-0.0316,5899
0.0883,2300
-0.1,8827
0.188,1093
-0.137,7115
0.361,321
-0.184,9608
-0.147,5761
-0.0992,6912
-0.145,7926
-0.0472,6542
-0.162,6521
-0.276,8048
0.0174,4612
0.0804,4077
-0.147,8741
-0.0548,6567
0.0629,3476
0.15,1482
0.225,1079
-0.0793,7300
0.195,1104
0.204,3164
0.42,1297
0.0215,4525
-0.085,6800
-0.111,8601
-0.179,8002
0.212,2131
0.0238,4489
-0.0268,5751
0.369,1296
0.056,2237
0.206,517
-0.264,9886
0.0523,3875
0.203,1940
0.591,448
-0.194,9903
0.245,717
-0.179,9001
0.717,944
-0.15,8018
0.289,902
0.0207,4568
-0.0117,5847
0.103,2781
0.142,2412
0.098,3864
0.286,965
0.335,510
0.264,1237
0.197,906
-0.0982,8033
-0.118,8800
0.0233,4686
-0.12,9371
-0.0746,6891
0.0596,4033
0.0348,4411
0.186,1340
-0.055,5864
0.0906,3184
0.496,137
0.0108,5242
0.156,1570
0.054,4077
-0.131,8354
0.0287,3894
-0.117,9200
-0.183,9185
-0.142,8951
0.318,2203
0.134,1355
-0.202,10274
0.0399,2852
-0.516,10947
-0.209,8838
0.515,747
0.0907,3732
0.0301,4104
-0.0937,7576
0.135,1232
-0.0596,6795
0.14,1175
-0.113,8221
0.0063,5252
0.105,3140
-0.0179,5622
0.0432,4594
-0.323,8304
-0.243,9542
-0.102,7558
0.118,1738
-0.0156,5822
0.113,3205
0.102,2951
1.04,76
-0.281,10625
-0.0901,9659
-0.0257,6422
-0.229,10652
0.223,270
-0.0588,5872
0.18,840
-0.0572,7892
-0.221,7124
-0.491,10096
1.29,87
-0.0391,5433
-0.197,9956
-0.18,9347
0.106,3029
0.00551,5016
-0.463,10784
-0.115,9127
0.03,4067
0.257,466
0.117,3135
-0.0249,6298
-0.168,10025
-0.953,10357
0.013,4941
0.118,2101
-0.0857,8485
0.149,750
-0.0446,6072
-0.172,9661
-0.0659,6871
-0.0914,8079
0.251,1109
-0.278,10683
-0.0929,7300
-0.0802,8248
-0.159,10210
-0.0558,7481
-0.0156,5898
0.714,315
0.0412,4102
0.022,4799
0.0487,3458
-0.0984,8566
-0.167,8323
-0.00786,5702
0.0865,2287
-0.0351,5682
-0.00915,5839
0.0846,2620
-0.0119,5569
-0.0806,6469
0.651,579
-0.132,7199
-0.0926,8631
-0.0741,7008
-0.0468,5788
-0.577,10865
-0.316,9805
-0.0971,7477
-0.103,8030
0.0477,3566
-0.263,7106
-0.00822,5623
0.335,1025
-0.0909,6384
-0.0755,7766
0.029,4802
0.118,3027
1.07,18
-0.0327,5373
0.274,1162
0.0921,2939
-0.00188,5186
-0.164,8458
0.295,343
0.301,1448
0.0647,3278
0.268,112
0.0316,4318
-0.148,8934
-0.301,10391
0.319,339
0.158,1434
-0.012,5750
-0.143,9655
-0.15,8006
-0.262,9858
0.966,534
0.295,1198
0.0639,3448
0.00804,4941
-0.0322,5671
0.00256,5497
-0.173,5041
0.0514,2974
0.0352,4126
0.0817,2255
-0.141,8482
-0.000344,5384
-0.312,8275
-0.265,8746
0.183,622
-0.0356,6239
0.668,637
0.169,1968
-0.0737,6326
-0.086,7299
0.352,816
0.0586,3416
0.158,1417
0.248,2125
-0.093,9030
0.384,553
0.0841,2563
-0.0232,5879
-0.172,7241
0.583,618
0.116,3743
0.401,256
-0.0922,8265
0.0546,3968
0.316,1408
-0.312,10230
-0.317,9145
-0.248,10711
0.11,1663
0.0128,5141
0.00444,5248
0.197,1025
0.0857,3754
-0.0442,6644
-0.0968,6981
-0.114,9669
-0.161,9421
-0.14,8512
-0.172,7643
-0.072,6229
-0.148,9847
-0.233,10360
-0.0173,5777
-0.125,8493
-0.232,10158
0.199,909
0.34,209
-0.017,6267
-0.0555,6443
-0.0394,6271
0.254,1189
-0.205,8998
0.0026,5403
-0.0888,9259
0.0684,3288
0.205,275
-0.0851,5928
-0.292,8380
0.393,277
-0.296,10546
0.025,1021
-0.318,10493
-0.24,10243
-0.104,8971
-0.608,9843
0.104,2408
-0.0514,6988
0.349,685
-0.127,7685
-0.0574,6993
0.431,623
-0.0517,7359
-0.141,9574
-0.102,8463
0.0227,4847
-0.0361,5974
0.874,1096
0.3,445
-0.261,10753
-0.148,9096
0.0566,3522
0.163,1380
-0.161,8622
-0.116,8684
0.0749,3532
-0.165,7385
0.299,933
-0.393,10330
0.261,2398
-0.101,8779
-0.163,9821
-0.169,10068
0.0484,4105
-0.787,10954
-0.0757,7584
0.0751,3122
0.0439,4226
-0.0786,6216
-0.0352,6526
0.34,692
-0.0425,6678
0.0471,4488
0.16,1620
0.2,2046
0.0317,4371
0.109,3201
-0.00526,5283
-0.0975,9111
-0.175,10430
-0.218,9437
0.146,2208
-0.482,9990
0.0814,3564
0.328,328
-0.0567,7544
0.0814,3615
0.648,429
-0.202,8458
-0.327,10044
-0.0867,7800
-0.181,9766
-0.0965,6492
-0.0008,5004
0.617,85
-0.119,7516
-0.0437,6703
-0.0463,6659
-0.306,10036
-0.0686,6743
0.00648,4991
-0.202,9282
0.127,3018
-0.0133,5761
-0.0997,6967
0.375,663
-0.176,7041
-0.136,7393
-0.0565,6907
0.00781,5134
-0.269,10486
0.4,1124
-0.038,6887
-0.203,8568
-0.221,10528
-0.0725,9967
0.253,351
-0.0111,5099
-0.439,10491
0.195,627
0.221,1093
-0.00162,5351
-0.0941,7129
0.0936,3784
-0.272,7750
-0.277,9510
-0.109,8788
-0.249,9475
0.304,608
0.0822,3734
-0.0471,6471
-0.0972,5698
0.117,2725
-0.00857,5965
0.373,781
-0.0847,7680
-8.8e-06,5088
-0.0698,6522
0.105,2394
-0.0557,7016
0.063,3952
-0.163,9453
-0.204,10626
-0.217,9993
0.151,2600
0.114,2409
-0.117,8443
0.33,193
0.457,67
0.00558,5166
0.0409,3591
0.0274,3668
-0.0948,7764
-0.115,8615
-0.153,6135
-0.0901,7642
0.245,400
-0.309,10573
-0.0131,5480
-0.15,9587
0.00247,5346
-0.0595,8927
0.0925,3164
0.0889,3225
0.108,2170
-0.121,8505
0.0327,4416
-0.018,5483
0.149,1622
-0.167,9597
-0.0615,6682
-0.114,8434
-0.0111,5550
-0.292,8269
-0.042,7379
0.116,2465
-0.138,8122
0.192,417
-0.118,5997
-0.0328,6737
0.309,1064
-0.0699,7671
0.0878,3353
0.118,2821
-0.287,9165
-0.0577,5736
0.532,253
-0.0719,7142
0.103,3554
0.0191,4710
0.259,2371
-0.353,9820
-0.0842,8864
0.0666,2792
-0.138,9742
-0.134,9087
-0.0686,7837
-0.25,10252
0.0597,3709
-0.167,9598
0.353,892
0.0211,5054
-0.247,8012
0.188,1965
0.0558,3291
0.0205,4681
-0.117,7945
0.326,1323
0.69,729
-0.105,7738
-0.0887,7926
0.0753,4029
-0.0818,7137
-0.263,7507
0.156,3560
0.00394,5234
-0.0232,5872
-0.158,8685
-0.204,7830
0.588,819
-0.0177,5904
0.12,1674
0.232,901
0.368,869
-0.0838,7199
0.182,2050
0.00926,5299
-0.0284,6190
-0.102,9216
0.156,2164
0.126,2534
-0.0863,7101
0.927,41
-0.0393,6599
-0.132,9954
0.0396,3915
0.00337,5109
0.293,1450
0.216,1367
-0.0813,7311
0.00422,4969
0.598,622
-0.0216,5565
0.148,3106
0.132,1914
0.00517,5101
0.147,1712
-0.0615,7458
0.148,2652
-0.0934,7568
0.213,1828
-0.123,10354
-0.151,9902
-0.0155,5684
-0.171,8659
0.133,1924
0.43,295
-0.138,10013
-0.0539,7094
0.123,1579
0.0953,3464
-0.308,10218
-0.106,7033
-0.0212,6204
0.0321,3886
-0.155,9333
-0.182,8020
-0.0985,7342
0.335,1250
0.0313,3822
-0.0653,7688
-0.102,8031
0.0137,4873
-0.0478,6270
-0.225,9488
0.214,665
0.297,491
-0.11,7705
0.0396,4217
-0.147,8899
-0.0107,5478
-0.0344,6501
0.158,1167
0.329,1332
0.133,2350
0.0861,3687
0.112,3062
-0.11,8680
-0.0113,6278
-0.245,10430
0.173,2569
-0.126,8025
0.149,2377
-0.0251,6388
-0.239,9735
0.128,2293
-0.327,10520
0.0167,4618
0.552,91
-0.148,9599
-0.0796,7840
-0.125,8337
0.243,347
0.432,639
-0.276,7020
0.16,639
0.0138,4865
-0.0168,5480
-0.27,9380
-0.426,9841
0.674,626
-0.00412,5183
-0.0372,6630
0.141,2870
0.327,336
-0.0922,5978
1.16,115
0.00531,5271
-0.0677,7859
0.281,377
0.129,2475
-0.136,7622
-0.0617,7122
-0.113,8782
-0.00932,5425
-0.00895,5413
0.222,2507
-0.153,7477
0.262,1651
-0.115,8745
-0.207,9282
-0.295,10597
0.168,2309
-0.0448,6383
-0.0651,7191
0.0564,2489
0.0185,5108
-0.0693,6518
0.232,1818
0.109,2421
-0.885,10581
-0.0934,8845
0.012,4951
-0.0322,6451
-0.398,10084
0.21,2518
-0.0258,6341
0.0387,3915
-0.363,10591
-0.0526,6177
0.0766,3587
-0.0795,6678
-0.183,9485
0.218,1014
0.195,1758
-0.252,10607
0.485,187
0.105,3705
-0.175,7129
0.0941,2589
0.0205,5038
-0.0679,6859
0.0221,4793
-0.443,8971
0.034,4167
-0.249,10706
-0.0323,5884
-0.111,8668
0.662,18
0.203,3242
0.00808,5136
-0.0206,5808
-0.00997,5478
-0.184,9263
-0.0678,8382
0.127,2386
-0.0527,6914
0.142,2213
0.374,1081
-0.0987,8339
0.237,190
0.173,1691
0.0288,4584
-0.117,8464
-0.0189,5935
-0.427,10999
-0.0259,5856
-0.229,9827
-0.34,9613
-0.0324,6171
-0.101,8734
0.0198,4444
0.11,2981
-0.318,10365
0.0138,5099
-0.144,9494
0.0406,4005
-0.0288,6171
-0.218,9836
0.0607,4037
0.013,5052
0.0974,2099
-0.0295,6626
0.0382,4370
-0.295,10117
0.0268,4727
0.151,1614
-0.0628,8216
0.062,3493
-0.13,8637
-0.471,9642
-0.0394,5657
-0.0515,6105
-0.119,9714
-0.0857,9218
-0.16,7462
-0.00245,5482
-0.16,6310
-0.19,9337
-0.0723,7086
0.0654,2407
0.122,1801
-0.0823,7661
0.053,2820
0.212,1821
0.166,1736
0.563,142
0.153,1857
-0.0432,6110
0.0296,4754
-0.336,10380
-0.0567,7525
-0.0365,6416
0.285,722
-0.11,8276
-0.199,9027
0.0744,3883
-0.0527,7116
0.156,1406
-0.298,9809
0.379,1676
0.0276,4685
-0.2,6381
-0.0482,7307
-0.0532,6330
0.0799,3569
-0.39,10459
0.525,417
-0.199,7746
-0.0778,9147
-0.0896,8896
0.271,785
-0.104,7705
0.368,1210
-0.245,9379
-0.0906,7982
-0.306,9309
-0.0362,6105
-0.159,9393
0.113,2053
-0.254,8319
-0.21,10176
-0.0201,6214
-0.29,10547
0.0193,4705
-0.144,8812
0.771,165
0.00225,5216
0.349,575
-0.219,9997
-0.0483,6680
-0.146,8609
-0.186,9343
-0.0748,7244
0.0178,3944
0.769,612
-0.0582,6836
0.477,137
0.0241,4437
0.157,1844
0.0536,3400
0.303,826
-0.454,10095
0.137,2337
0.219,2503
0.208,1890
0.126,2864
-0.0148,5525
0.0292,4774
0.28,1466
0.127,3101
0.0906,3808
0.013,4861
-0.148,8678
-0.134,9206
-0.278,10274
-0.0671,7027
-0.112,9172
0.133,260
-0.0224,6148
0.0741,2980
0.309,2550
-0.149,9249
-0.139,8565
-0.23,9791
-0.39,10647
-0.178,8421
0.445,1488
0.65,428
0.0103,5088
0.149,2111
0.134,2374
0.143,3147
0.394,472
-0.000449,5213
0.127,1349
0.0729,2971
0.134,3186
-0.339,10573
0.0697,3883
-0.0226,5255
-0.0259,6303
0.153,1972
-0.393,10163
-0.132,7838
-0.111,7146
0.472,286
0.00173,5141
0.0029,5293
0.144,2101
0.135,2957
0.267,1343
0.138,1524
0.166,1265
-0.205,9498
0.138,1228
0.00304,5305
0.324,795
-0.302,9926
0.0314,4218
-0.0536,7302
-0.123,8441
-0.151,8861
0.033,4629
0.366,93
0.0702,3430
0.00214,5373
-0.0228,5522
-0.153,8757
-0.213,10177
-0.0831,6821
0.084,2192
-0.249,9603
-0.0744,7374
-0.0633,6414
0.0238,4753
0.26,2859
-0.0415,7513
0.195,675
0.0565,4138
0.0493,3440
0.571,2083
-0.138,5994
0.139,1269
-0.173,9629
-0.0237,5940
-0.222,8763
-0.0402,5686
0.231,2275
0.185,1258
-0.0128,5843
-0.0992,6644
0.234,2047
-0.315,9131
0.151,2889
-0.184,9210
0.0234,4664
0.0144,4798
-0.0849,7301
0.364,1348
0.188,2458
-0.0374,7321
0.0631,4207
0.345,966
0.38,376
-0.247,8943
0.199,1507
0.065,2129
0.0658,2679
-0.0202,5304
0.248,738
-0.271,9170
-0.277,9758
0.363,968
0.11,1244
0.102,3662
0.00657,5167
0.0917,2833
0.103,2393
0.196,1483
-0.0579,8909
-0.012,5440
-0.25,10642
-0.0791,7045
-0.228,9736
0.0632,3117
-0.235,9532
-0.058,9300
0.106,2286
0.069,3561
0.209,1527
-0.214,10127
0.232,581
-0.051,7397
0.0327,4481
-0.136,8881
-0.0613,6295
0.0736,3704
-0.196,10482
-0.114,8744
-0.136,7821
-0.0506,6294
-0.121,6582
0.166,3459
-0.000153,5651
-0.0301,7096
-0.213,6510
0.047,4599
-0.531,8690
-0.267,9644
0.559,0
-0.0171,6484
0.27,1700
-0.02,6079
0.308,1244
-0.127,8132
-0.00651,5474
-0.0681,8072
-0.206,8014
-0.141,9413
0.0809,3547
0.503,655
-0.0117,5407
-0.219,9300
-0.154,8703
-0.0324,6234
0.293,931
0.978,51
-0.175,10145
-0.0271,6363
0.264,274
-0.132,8130
-0.387,7562
0.245,824
0.0474,3970
0.171,739
-0.313,9682
0.341,1747
0.178,2666
0.0545,3210
0.0775,1737
-0.307,10148
0.0959,2222
-0.0536,6348
0.0893,3699
0.095,3423
0.0529,3468
0.101,2858
0.534,681
-6.4e-05,5660
-0.206,7797
-0.357,10369
0.0437,4310
0.0913,2829
0.0895,2420
-0.0309,5852
0.0494,3542
-0.222,10080
-0.0392,6177
-0.0724,7769
-0.199,9109
-0.0605,7338
-0.189,8008
0.267,276
-0.128,10018
0.0538,3974
-0.265,10029
-0.0896,6753
0.361,735
-0.159,9693
0.00818,4859
0.132,1212
0.122,2855
-0.0415,6085
0.0769,3415
0.00664,4894
-0.139,8295
0.0279,4049
-0.162,7795
-0.237,10189
-0.275,10279
-0.0683,6515
0.131,2260
0.0996,3258
0.216,1224
-0.102,7461
0.254,914
-0.0408,6790
-0.216,10751
-0.00184,5314
-0.138,7301
-0.169,9560
1.89,580
-0.478,9758
-0.112,8264
-0.123,9687
0.15,1509
0.194,1886
0.0955,2716
-0.188,9349
-0.0466,6991
0.141,339
-0.126,7676
0.0554,3387
0.243,658
0.176,2168
0.13,1278
0.171,1902
-0.0664,6600
0.339,900
-0.0484,6601
-0.0465,7412
0.134,1953
0.0464,3696
-0.24,10215
0.000856,5317
0.234,1755
-0.172,9447
0.14,844
0.141,3028
-0.236,5225
0.171,1851
-0.31,7302
-0.109,7885
-0.00873,5959
-0.0669,6264
-0.231,7680
0.548,390
0.0969,2096
0.0401,4477
0.0732,2887
0.0615,3194
-0.0442,5931
-0.0958,8381
-0.128,7769
0.398,1582
-0.00673,5606
-0.186,9652
0.303,1010
0.0577,3852
0.0586,3946
-0.229,9699
-0.297,10856
-0.0215,5836
0.18,826
-0.269,8984
0.0742,2839
0.00151,5452
0.00514,5045
-0.201,10631
0.141,2360
0.11,2176
0.197,2215
-0.186,8948
-0.19,9180
-0.0959,8509
-0.154,8371
-0.119,8813
0.227,869
-0.217,9928
0.759,108
-0.178,9927
0.316,586
-0.162,9895
0.311,449
-0.121,7744
0.124,1572
-0.237,10366
-0.0169,5701
-0.265,10721
-0.223,7619
-0.114,7406
0.338,312
-0.00849,5485
1.13,53
0.0355,4415
-0.134,8609
-0.107,7383
-0.118,8083
-0.0507,7438
-0.0478,5951
-0.0402,6490
0.646,286
-0.0977,6949
0.0441,3878
0.129,1405
0.0418,4074
-0.278,9912
-0.326,9992
0.304,1569
-0.11,8235
0.0609,3808
-0.179,6568
-0.148,6583
-0.608,7673
-0.219,6882
0.344,164
1.39,168
-0.206,8304
0.183,1448
0.724,237
-0.0327,6008
0.0909,2062
-0.13,9656
-0.153,6987
0.214,755
0.0633,3380
-0.213,8479
-0.0817,7602
-0.0871,9445
-0.292,10747
-0.143,7672
-0.42,10710
0.225,1373
0.118,1727
-0.0182,6048
-0.351,10559
-0.106,8006
0.175,2128
0.178,2607
-0.0772,8066
0.0719,3368
-0.235,10416
-0.156,8868
0.0608,3837
-0.196,8741
0.048,3853
-0.105,8363
0.285,968
-0.0484,6561
0.214,1570
-0.00668,5346
-0.128,8684
0.0867,2227
-0.0422,4766
-0.0687,5988
-0.198,8477
-0.123,7418
-0.0821,8076
-0.207,9642
0.0617,3162
-0.00459,5547
-0.011,5228
0.174,2619
0.112,2421
-0.0312,7974
-0.0228,5644
-0.186,7772
0.116,2084
-0.132,9242
-0.007,5599
0.0866,2573
0.295,934
0.186,189
-0.0739,8886
-0.187,7705
-0.0472,6383
-0.0264,6715
-0.22,10517
0.339,1574
-0.129,7335
-0.00451,5338
-0.308,9336
-0.033,6011
0.0168,4849
-0.264,9868
0.199,1940
-0.125,8225
0.0304,4626
0.384,42
-0.184,4668
-0.0728,5356
-0.157,6469
-0.119,7928
0.0207,4924
0.537,46
-0.0469,7960
-0.0209,5960
0.0232,4123
-0.248,10266
-0.189,8718
-0.0703,6334
0.293,2092
-0.133,7384
0.236,1296
-0.131,6398
0.0538,4296
-0.268,10489
0.132,3223
0.458,186
0.246,1235
-0.046,6914
0.341,299
-0.209,8606
0.132,3059
0.165,1009
0.0986,3034
0.0021,5391
0.118,2520
-0.124,6513
-0.116,7207
-0.00663,5651
-0.00707,5626
-0.151,8085
-0.106,8383
-0.0705,6035
0.164,2082
0.0356,4222
-0.301,10750
-0.108,7991
0.288,476
-0.122,7443
-0.311,9605
0.228,588
-0.324,10903
-0.187,9222
-0.0237,5685
0.817,719
0.432,544
-0.209,9976
0.0665,3028
-0.205,9694
0.579,44
0.145,2698
-0.0878,7060
0.0479,3845
-0.326,10688
0.0608,4010
-0.0814,6767
0.0848,4023
-0.272,10702
-0.17,9340
0.00639,5267
0.0469,4269
-0.108,7599
-0.169,10405
-0.156,8934
-0.0472,6843
-0.0234,6949
0.0886,3392
0.218,1654
0.107,3302
-0.13,7816
-0.178,8395
0.148,1663
-0.259,9660
-0.146,7913
-0.073,6853
0.376,1170
0.261,1348
-0.104,8419
-0.223,9060
-0.0127,4316
0.139,2762
0.4,1032
0.365,459
-0.131,8147
0.158,2309
0.209,1986
-0.0805,7340
-0.103,8494
-0.0789,7294
-0.269,9219
0.119,1987
-0.124,8135
0.344,602
0.00609,5259
0.0367,4162
-0.181,8728
0.142,1478
-0.316,6776
0.193,2072
-0.0774,7655
0.0591,3052
0.0758,3701
-0.199,8285
-0.0438,7395
-0.0479,6534
-0.0184,5864
0.101,2414
-0.0731,9202
-0.0409,5746
-0.00515,4923
-0.224,8743
-0.318,10701
0.0178,4562
-0.185,8517
-0.0726,7279
0.179,944
-0.0169,6018
0.0775,2921
-0.0608,7790
-0.0442,6731
0.0413,4355
-0.0968,7089
-0.299,8912
-0.166,5043
0.0746,2969
0.00465,5228
0.0609,3283
-0.21,8483
-0.124,8307
-0.114,7494
0.00892,5255
0.155,3115
0.123,1391
-0.0411,6056
0.122,3262
-0.181,10521
-0.0668,7861
-0.128,8531
0.027,4670
0.257,1933
0.246,1910
0.0937,1765
0.0387,4454
-0.276,7761
-0.0951,4570
-0.86,9420
-0.15,7752
0.576,225
0.0393,4423
0.478,596
-0.0637,7475
0.371,1018
0.031,4630
0.0501,3698
-0.088,7641
0.265,956
-0.435,9456
-0.0673,6038
-0.178,6395
0.722,473
-0.5,10803
0.188,2708
-0.0401,6376
0.00667,5010
-0.0442,6292
-0.167,10382
0.196,757
-0.0359,5664
0.298,584
-0.0729,7562
-0.451,9938
-0.106,10111
0.291,243
-0.195,9652
-0.0125,5549
-0.117,8134
0.366,553
0.396,264
0.132,1876
0.364,2267
-0.0247,5254
-0.328,8198
0.197,1267
-0.166,9329
-0.0284,6317
-0.142,7455
-0.173,8803
-0.127,8457
-0.361,10877
0.0609,2444
0.0179,4555
-0.405,8469
0.0725,4046
-0.164,7934
0.0782,3817
0.135,1901
-0.00788,5717
0.224,379
0.00108,5417
-0.286,8372
0.00379,5255
-0.195,9273
-0.0366,6949
0.0868,2503
0.256,2176
-0.491,10580
-0.134,8569
0.272,983
-0.0857,7698
0.0698,3209
0.324,915
-0.0111,5657
-0.0577,6696
0.0365,3904
0.204,458
-0.255,10471
-0.0254,6050
0.243,941
-0.326,10543
-0.0642,6837
0.0762,2964
0.153,1502
0.311,1675
0.146,3036
-0.289,8971
0.0752,3278
0.0365,4206
-0.164,9220
-0.252,10025
-0.319,8185
-0.299,9310
0.0409,3797
0.067,2978
-0.161,9012
0.0119,4765
0.0456,3020
-0.388,10246
0.00267,5184
0.0765,3517
0.268,1187
-0.392,10878
-0.0428,5917
0.296,1322
-0.0277,5876
0.164,1273
-0.257,10015
0.0413,3265
-0.125,6443
0.356,377
0.107,1724
0.0747,2559
-0.0408,6366
0.145,2408
-0.0807,5984
-0.185,7953
-0.117,8434
-0.183,10785
0.113,2338
0.113,3321
-0.638,9593
0.0992,2936
-0.184,7646
0.109,1516
-0.528,10325
-0.0815,7579
-0.206,8997
-0.335,10145
-0.0603,8434
-0.0282,6010
-0.0555,6550
-0.201,9963
0.569,1084
-0.172,10079
0.00702,5057
-0.00534,5694
-0.222,8700
0.835,10
0.23,2500
0.147,1743
0.153,1470
-0.0797,8814
0.163,1786
-0.101,7332
-0.0127,5818
0.217,1613
-0.143,9214
-0.0981,7290
-0.0255,5369
-0.113,8581
-0.319,8127
-0.188,7339
0.142,2753
0.055,4119
-0.116,8834
-0.0761,7962
-0.0741,7275
-0.2,8624
-0.179,9992
-0.154,7942
-0.274,10034
0.00266,5428
-0.0641,6254
-0.00869,5317
-0.167,7062
1.07,5
-0.344,9891
0.0301,4795
-0.828,9215
0.0754,3251
0.03,4474
-0.0652,7520
-0.0113,5919
0.0594,4051
0.101,3773
-0.353,10217
-0.151,8705
-0.0614,7209
0.739,400
0.0861,2799
-0.213,9243
0.021,4713
0.227,600
-0.00544,5614
0.0617,3807
0.0639,3379
0.0828,3743
-0.122,7897
0.0251,4523
0.051,3492
-0.0399,6240
-0.162,8313
0.14,3162
-0.348,9852
0.0226,3791
-0.113,7705
-0.144,8283
-0.225,9136
0.434,568
-0.031,6242
0.186,1594
-0.268,10909
0.108,3814
-0.462,10584
-0.354,10288
-0.163,8264
0.121,1246
0.0546,3031
0.544,333
0.145,3200
-0.413,10489
-0.1,6467
-0.414,10011
0.0638,2936
-0.207,9331
0.127,2214
-0.00181,4861
-0.382,6014
-0.00745,5710
0.179,1413
0.16,2124
0.231,820
-0.174,9453
-0.264,9487
-0.029,6728
-0.0269,6415
-0.073,7813
0.432,217
-0.681,10029
-0.085,7125
0.175,1786
0.21,635
-0.000763,5594
0.657,836
0.331,1653
0.033,4348
-0.014,6046
0.0266,4245
0.127,3285
-0.172,7653
0.296,326
-0.0282,6275
-0.102,7838
0.0377,4513
0.326,1008
-0.0546,6498
-0.228,9656
-0.174,8507
-0.245,10364
-0.0131,5920
-0.158,8015
-0.188,9740
0.0636,4086
-0.132,6404
0.0958,1699
0.182,1235
-0.0979,7974
-0.214,10093
0.165,2345
-0.0916,7514
0.0908,2598
-0.2,9107
0.168,2125
-0.201,10019
0.264,1628
0.13,812
0.0308,4518
-0.0308,6439
-0.216,9753
0.752,104
-0.118,6715
-0.0609,6841
0.0544,3658
0.025,4808
-0.0888,7271
-0.173,8173
-0.189,8963
-0.161,9727
-0.22,10449
0.097,3057
0.1,3468
0.00814,5167
-0.0745,8667
-0.0916,7814
-0.0367,6507
0.0344,4183
-0.138,7206
0.0104,5054
0.54,165
-0.314,10480
-0.155,8774
0.00983,4926
-0.0601,6332
-0.0975,6598
0.023,4494
0.183,2870
-0.0803,8068
0.062,3077
0.332,994
-0.182,8536
-0.448,10679
-0.0557,5684
0.487,46
0.022,4751
0.217,1240
0.264,1969
-0.0275,6082
0.0976,3407
-0.0739,8193
0.162,1772
-0.146,8892
-0.189,8714
-0.0728,6523
0.328,1478
-0.197,9841
0.138,1504
0.321,1177
-0.047,6274
-0.0936,6923
0.159,1433
0.343,242
0.0186,4845
0.0482,4327
-0.222,8233
0.00105,5554
-0.14,7691
0.048,3887
0.0326,3896
-0.0682,6412
0.0815,3512
-0.0344,5856
-0.141,8687
-0.156,9183
-0.0943,9547
0.0857,3200
-0.11,8024
-0.295,9939
0.172,1001
-0.0558,7215
0.0242,4354
-0.386,10767
-0.0635,7753
-0.104,7606
-0.0619,5664
-0.0498,6982
-0.0552,6845
0.0533,3587
-0.174,8554
0.75,114
-0.121,8089
0.308,213
-0.041,6212
0.326,228
0.0738,4214
0.151,3361
0.00347,5428
-0.048,6724
-0.0826,7587
-0.152,8174
0.97,37
-0.12,8704
-0.31,8629
0.0632,3444
-0.0558,7085
0.28,655
0.044,4150
0.0938,2931
-0.2,9402
0.0684,2410
0.0762,2993
0.144,3033
0.103,2483
0.424,274
0.247,2099
-0.00973,5667
-0.0645,7252
0.517,321
-0.135,7491
0.0856,3310
-0.254,7334
0.158,1761
0.00993,5022
-0.0735,6852
-0.23,8799
-0.19,9502
7.96e-05,5261
0.221,698
-0.207,10081
-0.0673,7176
0.0622,3904
-0.177,8425
-0.0994,7936
-0.0745,7695
-0.186,7912
0.138,1480
0.445,223
-0.314,7210
0.11,755
0.0671,3796
-0.138,9528
-0.147,8451
-0.00763,5774
0.136,3162
0.14,2233
-0.0105,5736
0.243,1863
-0.201,8966
-0.0787,6924
-0.168,8010
-0.0348,6246
0.149,2052
-0.208,9244
-0.0745,7833
-0.132,7887
0.0306,4387
0.0867,2329
0.0127,4941
-0.375,10071
-0.191,9186
0.26,1054
0.0813,3972
0.0574,3224
0.0128,4790
0.0414,4335
0.0541,3668
-0.378,10105
-0.32,8754
-0.101,9782
0.065,3779
0.176,494
-0.321,10404
0.178,2266
0.0988,2668
0.0219,4675
0.057,3441
0.377,801
0.00656,5119
-0.221,7561
-0.135,7950
-0.0418,6484
0.0181,4499
-0.0175,5572
-0.128,8196
0.244,1271
-0.0633,5808
-0.0647,7882
0.404,1252
0.00598,5218
-0.336,10786
0.141,3012
0.00196,4491
-0.0242,6171
-0.225,9945
-0.21,6999
-0.167,7278
-0.499,10690
0.184,2347
-0.0272,6135
-0.0493,6706
-0.0983,7467
-0.0462,7390
-0.0704,9052
-0.246,10228
0.0995,2056
-0.00376,5504
-0.233,7863
0.38,2024
0.0386,4556
-0.11,5783
0.206,1736
-0.0691,7237
-3.72e-05,5235
0.404,462
-0.11,8952
-0.134,8097
-0.0328,6338
0.166,1151
0.0221,4850
0.239,1062
-0.00701,5500
-0.235,6090
0.093,2729
-0.015,5852
0.0642,3485
0.656,7
-0.0128,5707
-0.158,7419
0.145,2309
0.00175,5485
-0.294,8214
0.257,838
-0.318,8005
0.701,78
-0.146,9322
0.0556,2814
0.126,4007
-0.328,9746
-0.0681,8548
-0.203,10030
0.0223,4314
0.0159,4725
-0.0226,8381
-0.131,8534
0.00365,5140
-0.261,9924
-0.0403,6980
-0.142,10025
0.692,49
-0.0903,6671
0.117,2828
-0.119,9301
-0.13,9184
0.245,710
-0.176,7639
-0.298,8140
-0.0939,6406
-0.00908,5204
0.0602,3819
-0.104,9679
0.197,488
-0.303,10543
-0.338,10825
-0.295,8590
0.401,2760
0.333,165
-0.173,10769
-0.223,9010
-0.164,7893
-0.273,9961
-0.127,6263
0.0959,3051
-0.0392,7064
-0.327,10248
-0.112,7260
0.247,661
-0.36,8965
0.0311,4559
-0.0438,6226
-0.0174,6064
-0.0216,5755
0.0223,4796
-0.327,9958
0.0794,2460
-0.139,9451
0.2,1408
-0.0246,5857
0.298,2113
-0.294,7855
-0.0719,9293
-0.0307,5919
-0.185,10208
0.0116,4948
-0.312,10380
0.434,1283
-0.0149,5675
-0.187,7691
-0.0125,5502
-0.264,8984
0.133,2905
-0.1,6964
-0.25,10885
-0.115,10480
-0.194,7938
0.0194,4558
-0.165,7513
0.244,2459
0.0228,4768
-0.187,9505
-0.0606,7745
0.0769,3775
-0.174,7640
0.0264,4486
-0.223,9461
0.0383,3398
-0.0772,7227
0.233,1868
-0.0193,5827
-0.0943,6976
-0.0578,6817
-0.0693,6979
-0.138,8235
0.222,1979
-0.101,9394
0.255,1167
-0.0601,7566
0.0596,3320
-0.152,9019
0.0202,4913
-0.0319,5764
-0.0953,6657
-0.0668,7253
0.0152,4819
-0.203,8638
-0.138,9532
-0.488,10030
-0.233,10192
-0.0411,6470
-0.331,10167
0.248,635
-0.235,8379
-0.0607,6995
-0.0997,8042
-0.0253,6106
0.313,680
0.188,444
-0.0253,5561
-0.077,6446
-0.0159,5930
-0.0857,7737
0.343,1379
0.0574,3726
0.0977,2860
0.134,1982
0.0515,3354
0.262,817
-0.0349,6790
-0.25,9869
-0.177,8450
0.087,3510
-0.0232,5739
-0.0602,6714
0.0441,4415
-0.24,8907
-0.0722,7452
-0.3,9541
-0.0749,6737
-0.00929,5468
-0.133,8446
0.325,907
-0.485,9236
0.156,2280
-0.0118,5715
-0.116,8380
-0.294,7736
0.143,3293
-0.189,8346
0.086,4239
-0.395,8020
0.00725,4762
-0.0215,6003
0.0795,4049
-0.184,8753
0.0806,2269
0.000842,5271
0.0522,4014
0.317,1895
-0.165,6978
-0.239,10498
0.0879,1312
-0.0756,8333
-0.0593,6559
-0.0764,7769
0.0672,3598
-0.147,8118
-0.22,9835
0.028,4636
0.24,2452
-0.0118,5881
0.0397,3782
0.0206,4705
0.231,1017
-0.133,9956
0.654,371
-0.163,8301
0.25,1168
0.186,1642
0.272,568
-0.118,7892
-0.35,10114
-0.0617,7343
0.0199,4630
0.0436,4487
0.0402,4073
-0.0216,5838
0.405,1025
0.146,2925
-0.0332,5688
-0.384,10589
0.121,1474
0.225,1073
-0.21,7887
-0.139,7858
0.328,648
0.128,3379
-0.0441,6582
-0.0612,8046
-0.106,8738
-0.243,8991
-0.376,8374
0.427,186
0.0526,4010
0.0386,3578
0.225,980
-0.21,7792
0.349,1247
0.358,194
-0.176,10220
0.333,379
0.217,1220
-0.351,10727
0.0351,4663
0.223,939
0.00873,4974
-0.016,5532
0.196,1770
0.203,1256
-0.013,5298
-0.12,7733
0.00331,5066
-0.0729,7405
-0.235,9930
-0.1,8731
0.134,2003
-0.0934,9338
-0.076,7053
-0.0649,7355
0.13,2861
-0.0556,7839
0.125,2467
-0.259,10320
-0.0622,7971
-0.23,10369
-0.19,10363
-0.143,10118
-0.00978,5564
-0.218,9593
-0.112,8735
-0.224,10451
0.109,3073
-0.0853,6636
-0.285,10213
-0.0413,6779
-0.183,8293
0.526,136
-0.197,9813
0.0199,5082
-0.0211,5950
0.304,2768
-0.0567,7264
-0.101,9556
-0.253,10931
0.0892,3824
0.0644,3391
-0.114,7277
-0.103,9356
0.132,1572
0.0879,3043
0.0331,4318
-0.0349,5437
-0.108,7100
0.0372,4011
-0.276,11000
0.303,409
0.0896,2836
0.099,3982
-0.2,9207
-0.0712,6788
-0.24,10951
0.102,2648
-0.0233,5958
-0.108,8137
0.117,1729
0.144,3521
0.17,2521
0.0227,4739
0.381,1072
-0.485,8407
-0.259,6714
0.0489,3819
0.00743,4832
-0.0698,6492
-0.0204,4898
-0.107,8706
-0.319,9290
-0.163,8424
0.0864,2800
-0.139,7635
0.0183,4763
-0.165,8731
0.55,349
0.112,3916
-0.253,9552
0.249,1485
-0.142,7450
0.061,3639
0.0103,4885
-0.032,7055
-0.00806,5936
-0.404,10740
-0.119,8359
-0.175,9030
-0.105,8211
-0.196,10923
0.073,2299
0.0697,3127
0.244,1303
0.133,3100
0.318,221
-0.0167,5803
0.224,482
0.0297,4416
0.348,230
0.0831,1730
-0.486,9763
0.145,1736
0.0175,4831
0.0596,4136
-0.588,10397
-0.0983,7638
-0.24,10045
0.0223,4539
-0.0749,9064
-0.24,9182
0.035,4208
0.0912,3169
0.126,2076
0.0119,4724
-0.0646,7138
-0.0265,6325
-0.0437,6525
-0.0174,6583
-0.0386,6260
-0.0828,8183
-0.114,8888
-0.107,8358
0.106,3262
-0.197,7481
0.0561,4043
0.0336,3897
-0.147,9971
0.0477,4176
-0.154,9251
-0.0312,5978
-0.487,10955
0.514,14
-0.0509,7155
-0.0584,6863
-0.0512,6437
0.0279,4669
-0.0732,6747
-0.138,9996
-0.336,11025
0.204,1138
0.0628,4088
0.478,1467
-0.0344,6761
0.00807,5119
0.174,2258
-0.034,6446
0.187,2736
-0.205,9897
-0.37,10715
-0.0327,5800
0.0773,2833
0.301,672
0.0217,4897
0.201,1267
0.112,2569
-0.0172,6117
0.0938,2206
-0.0712,6409
-0.129,5824
-0.0866,7563
-0.0324,5526
-0.0155,5611
0.0008,5229
-0.00557,5346
0.0792,3924
0.0799,3830
0.0484,4040
-0.105,9484
-0.101,7844
-0.228,8485
0.655,353
-0.433,10515
-0.0104,5780
0.16,632
-0.0911,9691
0.1,3254
0.09,3908
0.0108,4985
-0.325,10581
0.159,3855
0.0687,2205
0.467,385
0.0369,4316
-0.183,7798
0.0368,4203
0.897,95
-0.144,10072
-0.0872,7744
-0.0669,6288
1.28,372
0.0772,3895
0.341,98
-0.0933,7356
0.0914,3507
0.217,2130
-0.355,9970
0.232,2995
-0.0113,5725
-0.159,9402
-0.00946,5140
-0.16,9352
0.0683,3898
0.037,4134
0.0556,3313
0.24,330
-0.169,8816
-0.0389,5961
-0.233,8165
-0.311,10022
-0.0507,7257
-0.0272,6386
-0.145,7282
-0.196,9832
-0.117,8115
0.0479,3938
-0.0794,8079
-0.269,9833
0.145,1770
-0.2,8972
-0.154,8692
0.125,3745
0.0433,4362
0.0371,4477
-0.315,9911
-0.113,10193
-0.205,8838
-0.296,10965
0.37,184
0.223,237
-0.321,10085
0.0101,4885
-0.205,9631
-0.129,8085
0.108,1800
0.117,1236
-0.313,10053
-0.209,9382
0.335,225
0.261,1318
0.274,1156
0.0352,4195
0.194,2784
-0.413,8653
-0.0749,7081
0.143,2865
0.106,3193
-0.0545,7400
-0.307,9592
-0.204,7955
0.164,1193
1.12,283
0.132,2660
-0.034,6886
0.0194,4796
0.0955,4202
-0.08,6700
-0.222,7922
0.0887,1023
0.122,2524
-0.245,10111
-0.11,7571
0.289,720
-0.169,8840
-0.0289,6391
0.146,2190
0.123,2933
-0.241,10177
-0.258,9772
-0.129,8196
-0.213,10294
-0.214,8843
-0.168,8136
0.0703,3667
-0.182,8315
-0.569,10424
0.338,285
-0.14,10171
-0.0452,6195
-0.386,10587
0.0576,3759
-0.146,8677
0.0127,5160
0.829,619
0.0279,4164
-0.191,9395
-0.0353,6978
0.168,2048
0.00592,4974
-0.0661,8032
0.0636,3920
0.0533,4052
0.133,2298
-0.272,8880
0.0329,4262
0.278,1836
-0.277,6655
0.351,1114
-0.195,9864
-0.0714,5994
-0.0421,6512
0.126,3543
0.335,1446
0.0132,5099
-0.0999,7196
0.0116,4816
0.00922,4964
0.0669,2722
-0.226,10153
0.625,24
-0.306,8720
0.093,1847
-0.0331,6522
0.138,430
0.0153,5049
-0.00671,5115
-0.663,8594
0.358,2009
0.0614,3320
0.0278,5052
-0.331,10455
0.0207,4618
-0.279,8650
-0.139,7319
0.105,2887
-0.191,9396
-0.0132,5598
0.478,200
-0.187,9400
0.187,2216
0.0235,4505
0.127,1370
-0.0889,7513
-0.0743,7551
0.242,1243
-0.0113,5458
-0.0688,7470
-0.306,9539
-0.0422,6735
-0.279,10597
1.01,28
0.0367,4522
0.0804,2930
0.0477,4469
0.148,2556
-0.0347,6002
0.0972,3355
0.272,2448
-0.0146,6005
0.0562,2655
0.019,4757
-0.0529,7206
0.0386,4395
-0.0544,6725
0.231,747
-0.298,10724
0.268,2148
0.189,2232
-0.13,7895
-0.276,8667
0.181,1296
-0.0614,9658
-0.116,8051
0.0716,3330
0.221,1594
0.155,933
0.0848,3174
0.0272,4669
-0.179,8533
-0.183,10095
0.294,1038
0.18,911
0.12,2245
0.0182,4720
-0.0687,6795
-0.00695,5936
0.123,2590
0.0853,3385
-0.14,7471
-0.0744,6664
-0.00213,5312
-0.225,7529
-0.0851,7062
-0.0807,6238
-0.0464,7464
-0.142,9096
-0.112,8559
-0.207,7829
0.225,1553
-0.457,9062
-0.0391,6570
0.271,588
0.0327,4565
0.0919,3392
-0.0663,7592
-0.85,10879
0.186,752
-0.11,9998
0.252,1641
0.0945,3790
-0.0259,5781
0.725,371
-0.178,9765
-0.297,9959
0.107,2849
0.0176,4868
-0.276,7614
0.257,1544
-0.213,10398
-0.0518,7245
-0.477,10605
-0.159,8852
-0.0341,6248
-0.0234,5373
-0.0705,7858
0.078,2138
0.294,1253
0.0804,3341
0.26,803
0.0977,3485
0.0127,4838
-0.0237,5915
-0.121,8652
-0.163,9473
0.0248,4511
-0.0451,6866
0.0986,3092
-0.00144,5428
0.15,2749
-0.104,7622
-0.0179,6113
0.779,464
0.0269,4426
-0.222,10214
0.445,442
-0.0454,7265
0.3,2375
0.118,3159
0.26,275
-0.0115,5709
-0.273,7990
0.197,2134
0.00856,5208
-0.032,6883
-0.0357,6764
-0.285,10391
0.0798,3223
-0.000715,5205
-0.156,8274
0.168,1741
0.026,4549
-0.114,8470
0.256,1385
0.237,2191
-0.131,8195
-0.0258,5886
-0.0775,7179
-0.183,7476
0.0549,4142
0.16,2441
-0.00423,5212
0.221,1905
-0.0914,6691
0.227,2582
-0.363,8716
-0.683,10264
-0.169,9342
0.0676,2327
-0.00983,5814
0.293,743
0.00297,4887
-0.207,8319
-0.0594,6268
0.145,1795
0.399,214
0.396,699
-0.115,7385
0.0261,4688
0.191,1020
0.0267,4657
0.658,206
-0.00334,5550
0.254,449
-0.0956,6373
-0.116,8971
-0.0927,7922
-0.0823,10430
-0.259,9630
-0.0761,6584
-0.0655,6477
-0.0827,7171
-0.00583,5603
-0.188,9771
-0.0675,7131
-0.0454,6912
-0.176,9005
0.303,831
0.0249,4464
-0.0685,7254
3.13,3
-0.105,7466
0.208,2078
-0.0414,6985
0.146,2122
0.0795,2845
-0.344,10702
0.208,2095
-0.206,7570
0.258,2983
-0.0283,7068
-0.00315,5298
0.0222,4660
-0.247,8849
-0.303,8731
-0.302,7934
-0.15,8259
-0.142,8634
-0.0831,7854
-0.0984,6580
0.06,3152
-0.114,7275
0.163,1482
0.121,2800
-0.147,9301
-0.268,9754
0.251,1612
-0.1,7427
-0.251,10460
0.0206,4499
0.565,209
0.00902,4910
-0.106,8139
0.0705,3667
0.0184,4891
0.0879,3072
-0.18,9883
-0.208,8910
0.224,2794
-0.222,7954
0.117,2399
0.038,3830
0.0124,5134
-0.152,8565
-0.254,10333
-0.167,6809
0.0614,3561
0.121,2950
0.119,2312
-0.256,10521
0.0815,3045
-0.0937,8736
0.153,1988
0.0898,3404
-0.0696,5944
0.0222,4968
-0.0532,6979
0.179,2836
-0.314,10844
0.629,48
-0.249,8288
0.00235,5580
-0.0966,6736
-0.0678,6082
-0.13,9056
-0.0918,7491
-0.313,10326
0.0321,4521
0.0712,2890
-0.34,9138
-0.0486,6664
0.0801,2453
1.29,374
-0.215,9735
0.0221,4707
-0.209,9738
0.0649,3402
0.028,4825
0.0337,4772
0.241,2431
-0.0855,8163
0.0248,4178
0.0302,4229
0.157,578
-0.0755,7975
0.0259,4280
-0.0528,5815
-0.437,7722
-0.0394,6612
-0.209,10358
-0.257,10610
-0.0532,6269
-0.123,6645
0.0421,3763
0.0283,4493
0.0885,2569
0.499,1230
0.0101,4546
-0.112,10631
-0.121,8710
0.116,2508
-0.287,5718
0.0587,4111
0.0947,882
-0.0474,8376
-0.536,7678
5.17,32
0.000201,5270
0.0402,3982
-0.294,10636
0.0781,3494
-0.0386,5782
-0.319,10363
-0.183,9277
0.0392,4180
-0.233,10179
-0.491,10301
0.233,1018
0.0283,4759
0.146,2070
-0.0898,9063
0.0777,2758
0.0512,3975
0.361,1128
0.0204,5114
0.213,1718
0.0871,3223
-0.108,9366
-0.139,9535
-0.19,8772
-0.0691,5687
0.244,2178
-0.0908,7961
0.0594,4043
0.0565,3556
0.178,1043
-0.203,9615
-0.71,10374
-0.208,9622
-0.00351,5632
0.0813,3316
-0.0113,5709
-0.15,9720
0.732,919
-0.00714,5728
-0.155,8979
0.188,1759
-0.164,9575
0.122,3546
0.168,1334
0.185,751
-0.154,9291
0.11,2634
0.182,2215
-0.17,9611
-0.113,8252
0.00602,5239
0.0966,1165
0.129,2568
0.106,2396
-0.182,7458
-0.0304,6245
-0.139,10440
-0.0449,6878
0.104,2833
0.118,3938
-0.0191,5945
-0.123,7296
0.0858,2212
-0.00847,5694
0.33,408
-0.363,10665
0.122,2528
0.472,186
-0.169,8124
-0.00902,5746
0.207,2156
-0.0992,8365
-0.221,8626
-0.096,6456
-0.0309,6439
-0.119,6949
0.198,769
0.256,917
-0.0817,7146
-0.287,9676
-0.196,9622
0.115,1294
-0.00943,5587
-0.321,10678
-0.233,10270
0.569,18
-0.158,10716
-0.061,7885
0.142,1938
-0.121,6900
-0.694,8030
-0.178,9313
0.0572,3191
0.053,4043
0.0279,4606
-0.165,9029
-0.0749,6757
-0.319,10281
0.122,2535
-0.00411,5237
0.284,3031
-0.333,6927
-0.0558,6318
0.715,1058
-0.307,9967
-0.0635,5884
0.0348,4058
-0.241,9105
-0.238,8335
-0.0599,6647
0.207,294
-0.316,10745
-0.0427,6640
0.249,2416
0.0973,2667
-0.32,9333
-0.202,10087
0.0265,4299
-0.00811,5547
0.422,1202
0.222,2101
-0.18,10516
0.00794,4978
0.0612,3442
-0.00782,5480
0.102,3821
0.242,1561
-0.234,9884
-0.216,10016
-0.223,10277
-0.0263,6212
0.227,1302
0.0556,4347
0.0118,4991
-0.286,10855
-0.00458,5559
-0.014,5585
-0.122,8074
-0.024,5344
0.0218,4437
-0.0835,7704
-0.113,9429
0.218,2071
0.206,487
-0.146,8431
0.386,445
0.0208,4941
-0.0203,5962
-0.194,9921
0.699,423
0.299,306
0.00347,5100
0.0455,3961
0.154,2011
-0.134,8330
-0.176,4776
-0.237,8677
-0.026,6224
-0.0369,7398
-0.0502,6707
-0.346,7569
-0.017,5644
-0.14,9741
0.101,2471
-0.142,9553
0.00805,5093
-0.225,7549
-0.154,6904
-0.185,10128
-0.0425,6872
-0.12,8339
-0.0534,6604
-0.0998,7215
-0.321,10410
0.106,1316
-0.347,9999
-0.111,7961
-0.136,8955
-0.281,8149
0.219,1609
0.217,178
-0.0632,7649
0.176,1285
0.0574,3831
-0.34,10191
-0.179,8817
0.238,1264
-0.131,8755
0.126,2743
-0.202,10312
-0.0455,5971
-0.0646,6449
0.0747,3079
0.143,1899
-0.19,8405
0.133,2462
0.105,3342
-0.112,8098
0.138,1746
0.0153,4636
-0.0516,6258
-0.0915,6210
-0.499,10716
0.13,3491
0.024,4581
0.0468,3796
-0.268,10359
0.379,522
0.301,463
-0.0618,6350
0.0262,4417
0.103,3210
-0.0184,5715
0.0312,4163
-0.00741,5393
-0.22,10131
-0.201,10039
-0.00679,5167
0.247,834
0.0671,3915
0.104,3154
0.00353,5205
0.00489,5134
-0.0461,8061
-0.109,7425
-0.137,8680
0.115,3069
0.325,589
-0.0223,5949
0.0472,4180
-0.0308,6136
0.00859,5092
-0.101,7507
-0.00972,5731
0.0107,4870
-0.389,10282
0.231,464
-0.166,7180
0.0808,3582
0.0941,2256
-0.0341,7484
-0.00341,5393
-0.146,8490
0.108,2885
0.00443,5064
0.0083,5153
0.299,120
-0.0519,7217
-0.238,8892
1.47,249
0.365,1467
0.148,2386
0.0791,2523
-0.174,9437
-0.0441,7199
-0.118,7093
-0.207,8891
0.3,273
-0.00715,5710
0.113,2420
0.561,15
0.0598,3602
-0.213,10541
0.0763,2791
-0.195,10102
-0.259,9734
0.191,2022
0.0405,4509
-0.145,7236
-0.0583,6699
-0.0656,6623
-0.468,8945
-0.216,8335
0.197,3387
0.062,4274
-0.0166,5641
0.0817,2879
-0.063,7188
-0.235,10357
-0.356,10336
-0.341,6565
0.32,99
-0.0796,6088
0.105,3286
0.00728,5013
-0.205,8986
0.245,1294
-0.212,10513
0.0643,3798
0.0759,3110
-0.341,7384
-0.0301,5969
-0.0345,6137
-0.252,10212
-0.0563,6953
-0.056,6199
-0.029,5867
0.162,3364
-0.247,7456
-0.0766,7968
0.0743,1813
-0.279,10686
-0.0702,7075
-0.124,5987
-0.0634,6809
0.111,2379
-0.184,9334
0.226,999
0.078,3812
0.0309,4339
0.257,503
0.0732,2786
-0.0154,6052
-0.309,10770
-0.157,8402
-0.114,9869
-0.0695,7481
-0.0264,6854
-0.00533,5146
0.127,2902
0.362,130
-0.113,7983
-0.335,10776
-0.0144,6042
0.00317,5050
-0.0166,5833
0.0976,2457
1.02,553
-0.202,8222
-0.0869,8762
-0.241,10259
0.0363,4316
0.178,2975
0.204,577
-0.119,5708
-0.0408,7737
0.00385,5132
-0.194,8377
-0.247,8873
0.2,1895
0.169,2697
0.357,633
0.0152,4713
-0.151,9124
0.141,2567
-0.0513,6052
-0.0761,7380
-0.0336,7085
-0.0649,6306
0.143,2867
-0.0733,8276
0.621,63
-0.32,10047
0.208,566
0.0691,3321
0.189,1842
-0.258,8256
0.434,1071
-0.322,7616
-0.00876,5858
0.118,1064
0.026,4722
0.0655,4017
0.0122,5008
-0.0634,7088
-0.0182,5998
-0.0507,7269
-0.156,7580
-0.119,7839
-0.0197,5758
0.159,1485
-0.0977,9690
-0.0309,6433
0.021,4776
0.14,1828
-0.292,9747
-0.125,7811
-0.148,9967
0.266,1366
0.125,3297
-0.0547,5746
-0.0164,5847
-0.326,9830
0.237,1838
-0.0356,5970
-0.109,8448
0.021,4303
-0.146,10013
0.00603,4979
0.105,3383
0.0583,3508
-0.241,9398
0.267,527
-0.0935,8364
-0.122,8081
0.00638,5013
0.0846,3298
-0.289,9728
-0.0285,7058
-0.0352,6961
0.0148,4911
-0.0451,6010
-0.0321,5979
-0.217,10380
-0.249,10585
0.061,3852
0.129,2433
0.398,754
-0.0931,7403
0.215,2092
-0.0897,8129
0.235,933
-0.0387,6113
-0.0986,8438
0.0407,4783
-0.116,9268
0.325,434
0.0847,3946
0.149,1950
-0.00717,5373
-0.224,9310
0.041,4614
0.486,230
-0.0247,6572
0.105,2946
0.0489,3916
0.154,2783
-0.363,10323
0.306,146
-0.0357,6941
0.151,2412
-0.0349,5866
-0.144,7185
-0.163,7745
0.067,2773
-0.173,9926
0.0894,1508
-0.101,6736
0.266,1478
0.107,3591
-0.137,8541
-0.0718,8289
0.0525,3686
-0.0286,6633
0.194,1501
-0.104,9071
-0.0983,8355
0.0538,3923
-0.268,10312
0.276,575
-0.0182,5988
0.0253,4625
0.0175,4833
0.397,174
-0.0419,6474
-0.01,5486
0.0257,4635
-0.122,8925
-0.285,10058
0.0858,3162
-0.132,8315
0.0251,4739
-0.0547,5978
-0.149,8187
-0.257,9970
-0.0359,6300
-0.0804,7664
0.24,2248
-0.417,9774
-0.139,10524
0.0547,4179
0.305,1391
0.441,298
0.423,515
-0.0155,6012
0.135,2807
0.441,853
-0.237,9091
0.0536,4364
0.174,2668
0.169,2511
0.241,1066
0.0724,2814
0.035,4502
0.0289,4719
-0.186,8189
-0.16,8216
-0.052,6347
0.04,4489
0.0788,3094
-0.191,9645
0.0471,4155
-0.284,10625
0.0371,4107
0.0465,3365
-0.291,8431
0.0129,5002
0.312,561
-0.0324,6370
0.0643,2317
0.277,609
-0.101,7870
-0.0444,6757
0.0917,3228
-0.103,7682
-0.208,8926
0.145,1570
-0.137,9200
0.3,712
-0.166,8850
-0.123,7781
-0.396,10857
0.109,2642
-0.158,7708
-0.0562,6578
0.181,2346
-0.416,8384
0.0246,4384
0.0741,2002
0.0291,4409
0.0724,3672
-0.089,8192
-0.541,7823
0.00355,5146
0.137,1214
-0.189,9546
-0.333,9797
0.103,3883
0.316,860
0.181,1294
0.0981,3068
-0.0383,5970
-0.0269,5978
-0.111,8641
-0.662,9596
0.0403,4397
-0.0289,6091
-0.0786,7213
-0.0687,6732
-0.101,7401
0.0762,3939
-0.0235,6690
0.0875,2730
0.0569,3615
0.0292,4495
0.0301,4386
-0.0513,5477
0.109,1691
-0.0468,6048
0.142,3723
0.0359,4290
0.255,990
-0.0823,8092
-0.006,5712
-0.0205,6234
0.058,4245
0.0376,4354
0.108,3163
0.0857,3437
-0.0489,7313
0.156,443
0.162,1585
-0.186,9156
-0.116,7424
-0.232,7843
0.193,1697
-0.0522,7344
0.368,593
0.619,510
0.00878,4987
-0.0869,7310
-0.267,10955
0.391,338
-0.0202,5453
-0.29,10690
-0.583,10720
0.0761,3734
0.00406,5341
0.045,3801
-0.0764,6705
-0.129,7985
-0.337,9691
-0.0861,6665
-0.14,9431
0.109,1453
-0.0572,7258
-0.077,7179
-0.0772,6979
-0.213,9529
0.0687,2489
0.0276,4145
-0.16,7196
0.109,2121
0.134,2928
0.411,1776
-0.0592,7244
0.134,2221
-0.0655,6447
-0.357,9562
0.372,700
-0.249,7984
-0.122,8412
-0.107,8224
-0.183,8736
0.0704,4120
0.0251,4550
-0.394,10027
-0.0729,8179
-0.12,10901
-0.168,8340
-0.136,8618
-0.37,8868
-0.127,7903
0.0169,4465
0.0318,4242
-0.138,7317
-0.0628,6289
0.51,1429
0.0315,4451
-0.026,5791
-0.0828,6344
-0.113,8529
0.0019,5287
-0.0804,8029
0.143,2918
-0.0855,9062
-0.0243,5943
-0.293,10423
0.0252,4480
-0.196,6012
0.0482,4225
0.00766,5074
-0.0411,6622
0.0127,4569
-0.343,9890
-0.0615,6863
-0.221,7513
-0.104,7919
-0.0503,6405
0.16,1964
-0.21,5908
0.764,1
-0.228,8017
0.126,789
-0.211,9546
0.156,2090
-0.0483,6295
0.0539,3718
0.914,21
-0.114,8818
-0.185,8426
-0.254,9936
-0.24,9884
-0.0862,7322
-0.146,7300
0.181,556
-0.213,9966
0.16,1931
-0.252,10188
0.349,1016
0.63,54
-0.0747,8835
0.103,2140
0.336,266
0.067,3338
-0.303,9537
-0.158,8466
-0.0766,8267
-0.275,10602
-0.322,10205
-0.172,9092
-0.118,10104
-0.197,7535
0.0633,2845
-0.166,10845
0.0728,2954
0.133,1387
-0.00107,5430
-0.158,9306
0.241,1725
0.0631,3020
0.0814,2547
-0.00437,5364
-0.259,9517
-0.202,6973
0.083,3953
0.0286,3836
-0.0349,7070
-0.53,10962
-0.0259,6156
-0.311,10563
0.175,3000
-0.0373,6705
0.0339,3356
0.261,2725
-0.0604,4952
0.303,2441
-0.209,8043
0.4,1438
0.312,27
0.0283,4820
-0.216,9241
0.133,2031
0.0394,3339
-0.0342,6767
-0.104,7749
0.00529,5000
-0.31,10219
-0.11,7634
-0.205,9079
-0.153,10313
0.00729,4870
0.141,3112
-0.239,7826
-0.234,9126
-0.264,10682
0.155,2367
0.0667,3926
0.45,142
-0.195,8898
0.504,897
-0.098,7322
-0.101,8585
-0.0886,8121
0.953,879
0.0799,4186
0.691,441
-0.236,9562
-0.0611,7699
-0.0214,6237
0.185,3427
0.281,2487
-0.574,8555
-0.272,7861
-0.205,10426
-0.241,5620
-0.398,9555
0.24,1949
-0.0607,7140
-0.119,6823
0.05,4360
0.134,2771
-0.0659,7117
0.394,346
-0.0857,8108
0.325,206
-0.112,7529
0.158,2173
-0.0141,6017
-0.289,9178
0.0237,5006
-0.132,8378
0.0936,1991
-0.215,7970
0.19,459
-0.0846,7832
0.219,2538
0.19,1355
-0.12,9367
0.219,974
0.0995,2696
0.0931,3253
0.146,681
-0.00766,5772
0.263,1768
-0.31,10050
-0.278,8342
-0.262,10393
-0.0656,6301
0.0766,1679
0.11,3872
-0.183,6932
-0.394,10456
0.0237,4597
0.213,1050
-0.065,7431
0.0236,4719
0.45,123
0.082,3154
0.113,2633
-0.0128,6013
0.164,1580
-0.0644,6942
0.204,1367
-0.0121,5386
0.135,3074
-0.0157,6232
0.0778,1943
0.156,3036
-0.378,8328
-0.632,9849
0.204,892
0.0139,5054
-0.0323,6074
-0.00895,5334
-0.0517,6634
0.166,1641
0.104,2102
0.0119,4788
-0.318,9049
-0.047,6224
-0.595,10908
0.319,772
0.0584,3240
-0.185,9947
-0.0859,6932
0.156,1589
0.147,3326
-0.383,10042
-0.0546,7509
-0.159,8482
-0.025,5984
-0.0532,6552
0.151,1963
0.162,1311
0.133,1613
-0.175,9724
-0.092,6545
0.132,3062
0.0269,4553
-0.284,7181
-0.101,8964
0.216,2126
-0.113,7044
-0.11,8356
0.338,753
-0.0508,7559
-0.396,10451
0.57,140
-0.0227,5599
0.0524,3858
-0.153,8608
-0.00695,5797
0.0367,3913
-0.000868,5421
-0.0323,6242
-0.131,8052
-0.123,7576
-0.174,5857
-0.0577,7243
0.0738,2861
0.283,911
-0.0886,8257
-0.257,8187
-0.414,9359
-0.13,9240
0.0517,2421
0.258,1954
-0.282,10737
0.19,1928
0.0682,3327
0.293,667
0.0166,4771
0.474,237
0.638,18
-0.0496,6710
0.0325,4453
-0.0271,6776
-0.143,10281
0.114,2481
0.245,547
-0.294,9917
-0.149,9679
-0.181,7019
0.104,2484
-0.0864,6788
-0.146,7850
0.0559,3636
-0.102,6707
0.109,1889
-0.189,10117
0.174,1526
-0.281,9735
0.271,1832
-0.0949,6836
0.0616,3244
-0.175,9503
0.215,1528
-0.0293,6306
-0.0743,5588
-0.197,10316
-0.0327,6019
0.077,2673
-0.261,10814
0.0254,4657
0.0115,5070
-0.136,5786
-0.0512,6793
0.234,598
-0.0328,6766
0.0106,4942
0.246,1246
-0.0427,6568
0.028,4168
-0.00639,5653
0.35,1192
-0.314,10066
-0.0128,5282
-0.192,8506
-0.0453,6905
-0.178,8913
0.116,3606
0.116,2759
-0.253,8731
0.0845,3320
-0.0736,7394
-0.0513,7173
-0.0211,5630
0.555,304
-0.584,10267
-0.0968,7350
-0.188,8774
-0.108,9091
-0.264,10214
0.0467,4539
-0.0179,5451
0.238,623
-0.0162,5600
0.0993,3256
0.241,235
-0.049,6329
-0.118,9742
0.198,1758
0.189,1153
-0.296,10643
-0.0331,5795
-0.148,6937
-0.275,8814
0.113,1335
-0.0712,7440
-0.342,7416
0.183,2497
-0.0947,7212
-0.152,9754
0.215,777
-0.0434,7301
0.00151,5447
-0.0647,7248
-0.0564,6633
-0.115,9193
-0.077,8142
-0.112,8867
-0.0418,6422
0.0764,2946
-0.18,8463
-0.059,7610
-0.0644,7489
-0.087,8809
-0.236,9283
0.0186,4684
0.222,2511
0.00559,4924
0.0692,3663
0.0629,3530
0.177,943
0.0316,4479
-0.244,10396
0.329,913
0.174,1840
0.0335,3627
0.0424,4515
-0.189,8711
0.0637,2904
0.0592,3588
-0.128,9272
-0.0762,8852
0.127,2193
0.0906,3474
-0.0968,6800
0.345,1765
-0.303,10881
-0.0128,5884
-0.244,9076
0.202,1299
-0.124,7568
-0.152,5761
-0.0947,8266
0.164,1702
-0.188,6902
0.0807,3494
-0.0749,6827
-0.0191,6050
0.145,2440
-0.0936,7395
-0.0848,6669
-0.129,8534
-0.218,7255
0.583,474
-0.0359,6625
0.0569,2202
0.0159,4898
0.0934,3018
0.00794,4839
-0.171,8677
-0.0723,7980
-0.0177,6033
0.437,302
-0.16,9937
-0.633,10726
-0.33,10623
-0.0873,8480
-0.00306,5595
0.275,656
-0.0549,7077
0.352,979
-0.16,10009
0.111,1878
0.218,381
-0.146,7879
0.603,195
0.00837,5166
-0.0425,6598
0.0731,4390
-0.169,10369
0.0902,3198
-0.0514,6687
0.0549,4375
0.13,1606
-0.0578,7363
-0.0526,6524
0.307,2592
0.158,2436
0.0132,5224
0.0532,4281
-0.0712,7185
-0.0874,6959
0.0277,4204
-0.0368,6145
-0.133,9375
-0.222,7464
0.0555,1782
0.35,55
-0.145,9531
-0.183,9365
-0.307,9643
0.105,2825
0.119,3049
0.021,4749
-0.135,9391
-0.14,8475
0.123,2187
-0.0211,5590
-0.0901,7125
0.0913,2769
0.5,221
0.189,1518
-0.154,7375
-0.0377,6410
0.0183,4849
-0.0591,7029
-3.51e-05,5193
-0.111,7821
-0.0653,6383
-0.156,9534
-0.276,9524
-0.13,8177
0.0509,4173
-0.285,9993
0.0311,4382
0.203,428
-0.0684,7860
-0.022,5789
-0.216,9268
1.17,46
-0.0795,6472
-0.393,10571
-0.0077,5570
-0.195,10492
-0.116,8552
-0.0498,6184
-0.163,6707
0.284,2308
0.0898,1692
0.102,3055
-0.145,7574
-0.0225,5868
-0.596,9967
0.467,102
-0.0504,6874
0.0165,4764
0.367,1823
0.0382,4067
-0.234,8459
0.426,492
-0.00328,5128
0.104,3573
0.0986,2679
-0.14,7989
0.133,2098
0.0165,4844
0.0642,2317
0.0325,3861
-0.116,8384
-0.0612,6356
-0.0371,6012
-0.18,8079
-0.174,9445
-0.0733,8390
-0.143,9337
-0.0711,7769
-0.0737,6534
-0.0967,7557
-0.0127,6194
-0.278,10214
-0.153,7536
-0.0607,6993
-0.0154,5705
-0.32,10159
-0.113,7717
0.0793,404
-0.231,10095
0.163,2733
0.0589,4404
-0.175,9508
-0.00578,5698
-0.293,10642
0.582,2046
0.0503,4140
0.109,3380
-0.0524,7025
0.092,2520
-0.156,9114
-0.027,5814
0.0803,3806
-0.0607,6677
-0.0124,5575
-0.116,9506
0.138,397
-0.00942,5407
-0.0125,5571
0.0258,4711
0.115,2404
-0.0629,6879
-0.151,9282
-0.0153,5776
0.201,2120
-0.0215,6366
-0.322,9158
0.0545,2198
0.00588,4848
-0.0356,5853
0.283,930
0.239,1345
0.0653,3917
-0.0987,8866
-0.0173,6204
0.112,3299
0.248,1761
0.184,624
-0.201,9675
0.104,1646
-0.136,9475
-0.00819,5659
-0.0373,6676
0.328,2813
-0.206,8963
0.116,2823
-0.00899,5960
0.646,74
-0.00164,5243
0.137,2289
-0.092,7574
0.0691,3380
0.00472,4965
-0.0915,6930
0.238,2549
0.283,1214
-0.0735,6994
-0.0645,7602
0.25,1263
1.2,444
0.135,2544
0.0799,3973
-0.0137,5499
0.0135,4603
-0.141,9264
-0.0393,5951
0.289,358
-0.128,8623
0.182,1868
-0.0491,7667
-0.147,9936
0.156,2595
-0.275,9710
0.114,3234
0.0848,3594
-0.0834,8912
-0.0765,7548
0.141,2922
-0.235,9426
-0.0923,8044
0.12,2981
0.0901,2898
0.268,160
0.355,1744
0.0574,4240
-0.24,5977
0.228,1984
0.114,2092
-0.0483,6733
0.0817,3867
0.0823,3912
-0.184,10418
0.109,3201
-0.0886,8193
-0.0345,6268
-0.2,4629
0.405,544
0.0939,2085
-0.0187,5705
0.0772,3741
-0.155,9211
-0.0902,4321
0.146,3206
0.0308,4634
0.0282,4699
-0.0904,7102
-0.12,9667
0.588,1266
0.0332,4354
0.136,3523
-0.153,9742
0.152,1421
0.175,1622
-0.278,9724
0.365,735
-0.371,9167
-0.165,8224
-0.477,10795
-0.125,7720
-0.383,10649
0.388,850
0.548,2372
-0.117,8061
-0.126,9907
-0.000781,5011
0.237,2293
-0.125,6607
-0.0957,6513
-0.0995,8525
-0.145,8491
-0.000931,5350
0.454,710
0.186,1708
-0.169,5832
0.414,1147
-0.0539,7402
-0.038,6188
-0.0151,5610
0.0449,3667
0.0779,4115
-0.0536,6484
-0.104,9200
0.106,2483
0.108,4138
-0.103,7055
0.384,2742
-0.0203,5506
0.00314,5081
-0.0628,8313
0.0924,3413
-0.0506,6790
-0.223,8635
0.0896,2711
-0.116,8589
0.075,2375
-0.262,9155
0.184,1804
0.13,2945
0.259,1129
0.0129,4899
-0.0457,7107
-0.0843,6838
0.274,1398
-0.363,9212
-0.361,10002
0.173,920
0.0055,4737
0.384,292
-0.119,6357
0.0676,4056
-0.0249,5759
0.159,1802
-0.0363,7352
0.0735,3577
0.0565,3941
-0.249,10768
0.0672,3663
-0.0539,7005
0.32,18
0.265,2443
0.327,502
-0.0159,5730
-0.0142,5819
-0.189,9369
-0.147,9016
0.00703,5271
-0.0256,6729
-0.278,10185
-0.163,7908
0.0986,1804
-0.211,9104
0.249,670
-0.308,10105
-0.125,7109
-0.0847,7188
-0.0243,6293
0.219,1314
0.0678,3565
0.207,2730
0.00569,5214
-0.263,6730
-0.0948,7816
-0.0708,6469
0.278,1772
0.749,525
0.0346,4488
-0.441,11005
-0.109,8182
-0.0443,7049
-0.018,6253
0.319,390
0.206,2354
-0.229,9717
0.143,1557
-0.316,10843
0.117,2697
0.0701,2682
-0.386,9528
0.0648,3809
0.00996,5183
0.176,988
-0.186,9480
-0.116,7672
0.00719,5058
0.0745,3421
0.000696,5177
-0.0746,7561
-0.121,9021
0.369,377
-0.0559,6056
-0.392,10445
0.0989,2423
-0.181,10465
0.205,2197
0.432,2421
-0.172,10130
-0.0839,7470
0.212,1007
0.147,2539
-0.203,9465
0.0276,4050
0.095,3336
0.103,2150
-0.0942,8618
-0.0174,6380
0.0506,2925
0.0562,3648
0.133,1287
-0.0549,7156
-0.0621,6910
0.1,3634
0.0497,3917
-0.0479,6315
0.149,2031
0.251,1161
-0.024,5754
-0.0308,6772
-0.531,10717
-0.217,9650
0.168,469
-0.0714,6859
0.121,3697
0.555,149
-0.149,8952
0.0826,3337
-0.355,10984
2.7,79
-0.0504,6675
-0.0656,6435
-0.0382,6416
-0.12,9236
1.84,16
-0.142,8349
-0.0504,6265
0.056,4218
0.115,2852
0.15,1512
0.313,777
0.161,1738
0.0847,3721
0.105,1302
-0.109,7869
-0.131,7605
-1.87,11015
-0.336,8774
-0.216,9947
-0.167,9588
0.115,2692
0.106,2574
-0.32,9859
0.29,2860
0.213,1684
-0.00548,5538
0.0253,4331
0.317,1167
-0.137,8918
0.125,3185
-0.111,9316
-0.0369,7447
-0.00728,5675
0.396,297
0.0363,4608
0.0986,2384
0.0235,4441
-0.56,10965
0.102,3749
0.033,4454
0.193,1879
-0.139,8916
0.164,1361
-0.0488,6626
-0.181,8378
0.298,1034
0.687,379
-0.254,7968
-0.0606,7242
0.142,1040
-0.0144,6040
0.175,2956
-0.0796,6642
0.0429,4341
0.0934,2548
0.0255,4677
0.13,2142
0.115,2666
-0.00469,5421
-0.0206,5751
-0.107,8314
-0.0747,7051
-0.109,7533
-0.00322,5703
-0.306,9068
-0.0848,6159
-0.104,8768
0.0954,1314
0.24,936
0.706,59
-0.00882,5343
-0.268,7500
0.103,2186
-0.0566,7020
-0.173,9171
-0.391,10137
0.259,1204
0.358,817
-0.0433,8279
-0.117,8504
-0.0318,6134
0.0423,4125
0.0172,4759
-0.0378,6703
0.0449,4223
-0.053,6910
0.619,383
-0.0412,5644
-0.0487,5678
-0.283,9903
-0.08,8045
-0.106,8832
-0.0831,6742
0.387,103
0.018,4710
-0.181,7716
0.0873,2992
-0.139,9596
0.0391,4511
-0.208,9087
0.474,2826
0.0203,4970
0.0123,5168
-0.211,9378
0.296,750
-0.0924,6531
-0.903,9435
-0.149,7564
-0.0568,8018
0.088,3122
0.142,2545
0.12,2824
0.0401,4404
0.11,2510
-0.246,10660
-0.343,10697
-0.218,8438
-0.132,8576
-0.331,10426
-0.125,8757
-0.0856,8606
0.101,2454
0.544,872
-0.118,8501
0.346,162
0.937,507
0.175,632
0.502,50
0.161,1502
-0.0696,7354
-0.0471,6485
-0.131,6198
-0.102,6608
0.266,703
-0.375,9663
-0.171,9830
-0.0984,5916
-0.102,7000
0.0556,3340
-0.0786,6837
-0.12,9328
-0.111,7550
-0.175,7256
-0.0986,5585
0.174,391
0.0562,3337
0.0785,3938
0.613,607
-0.201,8174
0.636,4
0.194,314
0.0169,4847
-0.049,6707
-0.293,10514
-0.212,7644
-0.0712,7782
-0.146,8572
-0.259,10241
0.139,1451
-0.00259,5214
0.132,2590
0.411,142
-0.209,9980
0.186,1679
-0.411,9962
-0.075,7613
-0.171,9275
-0.11,8123
-0.138,8033
-0.105,7260
-0.0206,5538
-0.276,10650
-0.194,9810
0.451,665
-0.0288,6242
-0.187,8081
0.0789,3595
0.00711,5162
0.217,1473
-0.103,8099
0.0702,1821
0.106,1798
0.192,2519
0.0561,4071
-0.0254,5622
-0.0263,6499
0.115,2979
-0.0151,5682
-0.489,6856
0.252,1432
-0.0759,6088
0.482,637
-0.33,9711
0.0673,3259
0.358,772
0.208,2203
-0.188,10066
0.0788,3992
0.147,1516
-0.0153,6330
-0.441,10147
0.0447,4117
0.162,3263
-0.12,8787
0.0586,3715
-0.112,9086
-0.241,9495
-0.274,9732
-0.0687,6523
-0.0652,7001
0.0839,2038
0.0213,4726
-0.0742,5798
-0.122,7645
-0.124,7973
-0.602,8390
0.38,1225
-0.0191,6364
-0.156,8501
0.177,2383
-0.743,9693
0.267,1615
0.115,1497
0.0316,3977
-0.068,7837
0.111,2301
-0.146,9473
-0.07,7417
0.202,671
-0.257,10442
0.0948,3478
-0.459,10154
0.245,2264
0.18,1524
-0.122,8559
-0.0282,6186
-0.14,7996
-0.12,7642
0.021,4718
0.411,516
0.0608,3488
0.219,900
0.0366,4675
-0.0416,7043
0.111,3635
0.0542,4203
0.0612,2716
0.0989,1624
0.0222,4907
-0.0263,5861
-0.0819,7413
-0.0297,5806
-0.0487,7890
0.0605,3063
0.0501,3757
0.00568,5045
-0.175,7064
-0.0427,6087
0.209,301
0.131,1456
-0.00386,5030
-0.241,8982
-0.231,9115
-0.12,5392
-0.00401,5361
-0.0351,6814
0.0879,3912
-0.0675,7456
-0.346,8295
0.0666,3877
-0.076,8553
-0.0436,7556
-0.173,8161
0.103,1574
-0.312,8749
-0.162,9061
-0.0385,5935
-0.223,10888
0.107,2974
-0.243,7536
-0.198,9992
-0.0972,5479
-0.062,7056
-0.00429,5533
0.00341,5294
0.285,1590
-0.0875,7559
-0.0828,5922
0.127,1921
-0.0268,6024
-0.444,8711
-0.703,8037
-0.269,10830
-0.187,9043
-0.0049,5027
0.158,3358
-0.0994,7296
0.026,4293
-0.195,10085
0.0552,4185
-0.195,8092
0.21,2875
-0.187,7991
0.000693,5162
-0.118,9492
0.0959,3129
-0.0526,7247
0.0596,3551
-0.0675,7150
-0.081,8625
-0.015,6028
-0.0895,7097
-0.0286,6030
0.0336,4814
-0.00888,5546
0.177,1447
0.106,1659
-0.127,7939
-0.388,10898
0.167,2476
-0.123,7388
-0.277,10357
0.0545,3941
0.214,3357
-0.0361,5481
0.181,1264
0.00471,5148
-0.218,10610
-0.0278,6392
-0.106,6036
0.0413,4920
0.23,2348
0.0236,4303
0.0823,2067
-0.0782,8859
-0.62,8164
0.133,3961
-0.217,6481
-0.215,7804
0.0685,3910
-0.026,6131
-0.519,8802
0.508,1433
-0.548,8392
-0.221,7839
0.442,2037
-0.0766,5283
-0.0173,5662
0.343,848
-0.157,9856
-0.0674,8184
-0.224,8697
0.437,1728
-0.129,5824
0.0367,4582
-0.162,8379
0.0387,4360
0.0615,3589
-0.14,8334
-0.0381,6117
-0.103,7620
-0.00458,5285
-0.0757,7415
-0.274,9856
-0.0543,6544
0.0757,4183
-0.0803,9046
0.178,310
0.117,3006
-0.224,10209
0.0662,3397
-0.0362,6330
0.116,3031
-0.149,9233
0.0307,4022
-0.428,6705
0.353,1371
0.366,1351
-0.121,7091
0.0367,4204
0.131,2941
0.112,4028
0.0345,4654
0.207,1765
-0.289,9777
0.139,689
0.165,3324
-0.49,10301
-0.0699,3687
0.64,286
0.103,1229
-0.0345,8852
-0.125,7829
0.471,170
-0.0431,5883
0.104,2736
0.261,260
0.195,1965
0.0165,4737
0.181,2116
0.278,892
-0.278,9937
0.729,10
0.0404,3558
-0.138,7189
-0.139,7766
-0.00207,5257
-0.157,10350
-0.196,10362
-0.223,9636
0.0587,3727
-0.0712,7216
0.206,2469
0.249,2003
0.204,2631
0.00425,5302
-0.23,8986
0.188,2195
-0.213,9882
-0.0214,6169
-0.0711,8523
0.00866,5068
-0.25,9206
0.616,145
0.0911,2478
-0.513,9784
-0.072,8525
0.00914,5268
0.834,145
-0.0573,6227
-0.224,9448
-0.135,8374
0.206,858
-0.196,8542
0.165,2607
-0.241,9424
0.277,1216
0.134,527
0.0466,3689
0.0834,2889
-0.5,10279
-0.208,10154
0.0403,4467
-0.165,10715
0.0295,4644
-0.157,10222
-0.00825,5482
-0.0487,5900
0.173,1694
-0.0284,5985
0.325,568
0.142,905
0.112,1917
0.268,406
-0.0887,6312
-0.0109,5420
0.0565,3315
-0.00547,5509
0.0394,4339
-0.133,8486
-0.107,7590
0.124,2452
-0.137,9842
-0.102,8282
-0.0285,5962
-0.0651,6848
-0.126,8095
-0.147,9201
0.121,2542
-0.0436,7445
0.246,532
-0.0164,5604
0.0656,3090
-0.00054,5338
-0.156,9853
-0.285,9531
-0.139,8620
-0.101,9420
0.88,1736
-0.0103,5923
0.285,714
0.0705,3523
-0.381,7298
0.157,3200
-0.3,10046
-0.0315,6293
-0.0789,8041
-0.0179,5646
0.0242,4506
0.27,798
-0.323,10834
-0.182,9832
0.051,3754
-0.299,9071
-0.225,10445
-0.159,8285
0.00621,4987
-0.211,8904
-0.0239,6376
-0.327,10926
-0.209,9541
-0.0893,8347
-0.0705,5741
-0.0943,8055
-0.105,9052
0.143,3368
0.0379,4504
0.312,2389
0.00788,5004
-0.253,9609
0.0179,5023
-0.3,10091
0.143,3139
0.00149,5311
-0.227,10198
-0.0213,5925
-0.0898,8211
-0.0641,6957
0.0532,3735
-0.267,10771
-0.195,10021
-0.0562,6734
0.205,1888
-0.091,7903
-0.0981,7607
-0.144,9503
0.0591,3608
-0.153,8578
-0.1,8146
-0.0077,5616
0.124,2820
0.0136,5078
0.00772,4904
-0.0144,6325
-0.364,10853
-0.0185,5842
-0.199,9452
0.196,3210
0.132,2155
-0.102,7592
0.35,1025
-0.289,10191
0.0379,4276
-0.0541,6061
-0.00254,5494
-0.0139,5558
-0.196,9306
-0.191,7725
-0.226,5901
-0.0949,7040
-0.0167,5448
-0.184,10940
0.0631,3973
0.743,728
0.0206,4846
0.0175,4795
0.0955,1212
0.0185,4206
-0.245,8900
-0.0232,6301
-0.114,8160
0.0323,4095
0.314,59
0.0672,3525
0.25,905
0.401,519
-0.0331,6720
-0.123,8565
0.0369,4137
-0.0629,8132
-0.229,9957
0.111,2581
-0.0873,6904
-0.236,10897
-0.0605,6270
0.0245,4822
0.288,713
0.0324,4188
-0.0389,5305
-0.0875,6900
-0.0115,5761
0.262,653
0.0601,4091
-0.213,9682
0.18,2821
-0.00977,5707
0.0446,3570
-0.0956,8958
-0.229,9529
-0.284,8624
-0.0534,6769
0.104,2979
0.0513,2599
0.156,1743
0.000115,5255
-0.0802,7099
-0.194,9362
-0.128,7625
0.0487,3606
-0.25,10171
-0.0901,7545
0.178,1354
-0.441,10148
-0.297,7006
-0.197,10252
-0.0874,8907
-0.01,5570
-0.257,9929
0.0617,4165
-0.0647,6586
-0.239,10532
0.015,4754
0.19,2326
-0.195,9614
0.0151,4973
-0.225,10512
-0.0951,7876
0.0226,4629
-0.253,9489
0.128,2082
-0.0257,5619
-0.402,7840
-0.161,9498
0.166,2284
-0.172,8616
-0.118,9400
0.0613,3756
-0.0648,6694
0.0207,4550
-0.0217,6267
-0.0182,5680
0.123,2345
0.42,223
0.0742,3783
-0.00554,5629
-0.0343,6246
-0.139,9382
-0.116,8702
-0.0745,6133
0.0312,4419
-0.0573,6369
0.0228,4760
-0.111,8783
-0.784,10760
0.0347,4446
0.0901,1610
-0.0372,6847
-0.203,10385
-0.042,6417
-0.256,7556
-0.0332,6234
-0.0393,7718
-0.0838,8465
0.231,1177
0.11,2587
0.172,837
0.196,3054
-0.0847,7837
0.0418,4569
-0.0557,7094
-0.117,7014
-0.168,7325
-0.152,7386
-0.083,9252
-0.183,10296
-0.23,9776
-0.0511,6280
0.0335,4649
0.169,1005
-0.174,10267
0.0325,4120
-0.0677,6518
0.0586,3937
0.0427,4645
-0.161,7285
0.263,1365
-0.104,8144
0.182,3200
0.0061,5130
-0.0908,7420
-0.168,6850
-0.276,10230
-0.0672,6244
0.226,2248
0.0523,4187
-0.157,8466
-0.265,9682
-0.0615,7228
-0.155,8635
0.236,705
-0.124,7798
0.218,2288
0.583,329
-0.176,9328
-0.049,7180
-0.222,9464
-0.42,10236
-0.129,7373
-0.0319,5832
0.0375,4202
-0.0827,8362
-0.0959,8170
-0.0332,5790
0.101,1993
-0.103,7353
-0.0274,5753
-0.157,10075
-0.317,10223
0.238,1450
-0.185,9644
0.0643,3889
0.0298,4157
-0.0742,8626
-0.052,6618
-0.104,8252
0.0883,3895
0.215,2311
0.0612,4360
0.11,2079
0.0885,2753
0.141,2838
-0.037,6128
-0.286,10066
0.256,274
0.0859,1740
-0.153,8140
0.281,191
0.105,3033
-0.111,8281
-0.0684,6803
0.166,1554
-0.138,5158
0.148,2933
-0.166,8252
0.758,254
0.336,268
-0.0983,9457
-0.335,10324
0.774,201
0.00792,5011
-0.0781,5759
0.029,3895
0.0642,3440
-0.163,7297
-0.0893,8293
-0.156,6872
0.239,1188
0.0397,4287
-0.0304,6310
-0.0294,6046
-0.228,8697
0.618,333
-0.0744,6189
0.000226,5537
-0.0256,6053
-0.529,7446
-0.131,9497
-0.0168,5943
-0.206,9506
0.0167,4488
-0.103,9651
-0.228,9288
0.0174,4889
-0.0156,5149
0.102,2404
0.286,723
0.26,993
-0.234,8773
-0.00858,5520
0.306,259
0.233,1425
-0.0129,5855
0.0819,2944
-0.497,9321
-0.11,8447
-0.012,5815
0.0918,3682
0.109,1920
0.0952,1127
-0.437,8185
-0.601,8012
0.0772,3353
-0.0296,5754
0.136,2337
0.0359,4218
-0.0753,7030
0.0586,4032
-0.287,10023
-0.0588,8323
0.0441,3013
0.213,1254
0.419,596
0.112,3730
0.00393,5045
0.152,3104
0.082,3834
-0.0411,5904
-0.166,10360
-0.0128,5808
0.384,274
0.15,1788
0.137,106
0.0725,2940
-0.137,7459
0.0348,4595
-0.142,6346
0.15,2265
0.187,977
-0.487,10154
-0.253,10260
-0.0116,5618
0.046,4549
-0.0126,5335
0.267,848
-0.125,5690
-0.0697,7252
-0.0435,6116
0.0326,4362
0.458,1582
0.22,922
0.0769,2703
-0.0124,5818
0.126,2854
-0.0498,7052
0.0405,4677
0.138,2023
-0.139,8787
0.253,619
-0.0284,5959
0.0802,3321
-0.00321,5266
-0.354,7264
0.274,1951
-0.274,10525
-0.153,8563
-0.237,10438
-0.424,10554
0.0908,2408
0.0666,2818
0.0463,511
0.0425,4620
-0.191,8318
0.479,604
-0.168,8836
0.0434,4199
0.225,719
0.0527,3536
-0.253,10569
0.416,375
-0.346,9607
0.109,1405
-0.126,8720
-0.199,10007
0.0824,3052
-0.0495,6363
-0.00328,5121
0.149,73
-0.106,9410
-0.00981,5534
0.074,2543
0.252,480
-0.249,8514
-0.247,9786
0.13,2167
0.0469,4226
0.0289,4618
0.259,349
0.00296,5258
-0.133,8590
0.475,110
-0.192,9044
-0.0793,7003
-0.0684,7601
-0.0268,6458
-0.034,5812
-0.267,7669
-0.457,10028
0.0556,3977
-0.152,9343
-0.108,9886
-0.483,9368
-0.233,9883
-0.207,8414
-0.0285,5948
-0.151,9751
-0.0437,6434
0.00783,5078
-0.0456,6790
0.227,1302
-0.122,7278
0.106,2175
-0.0808,9641
0.184,2541
0.0312,5025
0.139,3035
0.452,1284
-0.0121,5711
-0.13,9358
0.23,1455
-0.095,8104
0.386,1938
-0.142,9827
-0.0743,7626
-0.166,8956
-0.0884,4109
-0.0772,7579
1.16,17
0.0512,4115
0.0838,2526
0.134,2017
-0.022,6073
-0.072,6258
-0.0542,6276
-0.173,9679
0.0965,2098
-0.137,9472
0.0639,3917
0.521,178
-0.0919,6198
0.208,739
-0.218,9217
-0.0479,6430
0.00452,4946
0.0782,2148
0.0515,4233
-0.0858,7214
-0.145,9962
-0.245,9516
-0.0757,7579
-0.0975,7677
-0.0878,7456
-0.0951,7429
-0.132,8514
-0.376,10046
-0.0669,7395
0.157,3177
0.0875,3547
-0.159,8730
-0.0673,7918
0.00409,5287
0.04,4839
-0.116,7977
-0.291,10434
0.0282,3719
-0.00738,5571
-0.129,10399
0.0768,4034
0.0613,3527
-0.236,10036
0.377,1022
0.051,4036
0.154,2074
0.0849,3376
-0.087,7252
-0.275,8731
0.16,1918
0.0608,2746
-0.17,8712
0.281,1453
0.195,671
-0.202,9189
-0.014,5791
-0.173,8317
0.16,1443
-0.232,9914
-0.179,7073
-0.689,10283
-0.189,10299
-0.0731,8006
-0.24,10292
0.171,2048
0.132,1951
-0.161,7771
-0.189,7444
0.0278,4305
0.0527,3406
0.176,2494
0.272,1526
0.0543,4060
0.344,264
0.172,1482
-0.292,10560
-0.0679,7267
0.228,1692
0.262,1022
0.204,1788
-0.0364,6942
-0.27,10611
-0.231,9602
-0.179,10070
-0.0826,6416
-0.00953,5471
0.228,1175
-0.1,8437
0.162,2091
-0.317,10372
-0.413,10856
-0.0304,6654
0.205,2349
-0.13,8908
0.115,3135
0.422,294
0.166,1813
0.0733,3738
0.0642,2530
-0.136,9649
0.329,689
-0.193,7986
-0.298,8743
-0.222,10095
-0.0194,6122
-0.00111,5213
-0.126,8656
0.0404,4527
0.0608,3651
-0.137,8208
-0.356,10675
-0.0981,9157
-0.311,9051
0.0431,4820
0.116,2075
-0.244,8496
-0.179,10388
-0.243,10962
-0.121,8580
-0.176,9279
0.0864,2755
-0.0849,7803
0.0803,3441
0.00889,4714
-0.0301,6523
0.382,579
0.0667,4351
0.0387,3877
-0.214,9851
-0.108,8446
-0.136,8904
-0.0161,5374
-0.25,8647
0.128,3499
-0.0492,6695
0.188,1151
-0.113,7055
-0.416,10804
0.136,1504
0.0724,3342
0.0695,2324
-0.107,9645
-0.147,7932
-0.0408,5498
-0.289,9695
-0.201,9454
0.0236,4575
0.0409,3840
-0.213,9865
0.126,2023
0.247,2501
0.0174,4792
-0.042,6254
-0.21,10883
0.0135,5089
-0.145,9334
0.402,2380
0.159,2524
0.0664,2580
0.0934,2923
0.143,1305
-0.216,9413
-0.0519,7670
0.289,539
-0.00739,5590
-0.202,9677
0.257,410
0.00555,5319
-0.0761,7646
-0.223,10209
-0.00449,5615
0.0705,3239
-0.111,8722
0.119,3852
0.704,473
0.254,1017
-0.0181,5784
0.0281,4546
-0.417,10588
-0.0102,5448
-0.125,7434
-0.238,9040
0.161,1611
-0.126,7800
0.0938,3774
-0.000237,5329
0.0956,2916
0.248,2374
0.0776,1976
0.176,178
-0.181,8960
-0.0147,5331
0.0497,3917
-0.15,9665
-0.173,9964
0.467,24
0.132,2071
0.339,752
2.27,3
0.0978,3875
-0.31,10794
-0.112,8314
0.0439,4047
-0.024,5766
0.203,1462
0.404,125
0.0611,3095
-0.013,5891
-0.105,7059
0.0913,2916
0.583,337
0.0414,4467
0.188,825
0.171,1636
0.155,2243
0.0575,4022
-0.088,5890
-0.0592,5541
-0.174,8944
0.0203,4022
-0.0279,5952
-0.0617,7402
-0.298,10659
-0.355,9118
-0.0382,5872
0.0414,4124
-0.461,10310
-0.312,9886
0.168,2846
0.0607,3936
0.14,1832
-0.00171,5517
-0.0869,7947
-0.154,7699
-0.186,9040
-0.139,7515
-0.171,10237
0.158,928
-0.0426,5695
-0.369,10828
-0.27,8788
0.472,26
0.0668,3126
-0.167,10178
0.529,167
-0.206,9630
0.0417,4295
0.412,1969
0.0142,5136
0.142,1357
-0.208,10120
-0.298,9762
0.145,1587
-0.0573,9535
-0.0391,7316
0.223,295
0.0195,4537
-0.372,9885
-0.121,7930
-0.0766,8267
-0.195,8478
-0.237,10159
0.369,436
0.121,2021
0.185,2490
-0.319,9190
-0.0202,5886
0.079,1903
-0.0371,6335
-0.078,7603
0.0885,4242
0.276,662
-0.101,7382
0.00944,4994
0.35,1199
-0.172,8851
-0.0979,5940
0.804,111
-0.0499,6835
0.104,2054
-0.0324,5751
0.221,2281
0.0677,3497
0.00428,5223
0.166,2388
-0.072,7809
0.024,4567
0.0853,2914
-0.0633,6708
0.0245,4801
-0.121,7766
0.0752,3356
0.182,1465
-0.0239,5760
-0.0766,6725
-0.00257,5358
-0.0448,6693
0.0699,4214
0.0561,4334
-0.397,10644
-0.107,8325
-0.142,9500
-0.13,10269
-0.114,9476
0.227,1386
-0.17,7326
0.0641,3827
-0.034,6153
0.0864,1539
0.0568,3523
-0.0409,5623
-0.138,8515
-0.278,9987
-0.102,7621
-0.0616,6292
-0.142,10357
0.118,2606
-0.126,6959
-0.349,10286
-0.0346,6169
0.076,3843
-0.0684,7629
-0.112,8356
-0.315,9345
-0.0081,5105
-0.136,8886
-0.111,8350
0.0912,2484
0.17,2167
-0.179,9363
-0.0198,5929
0.103,2752
0.203,818
-0.179,10247
-0.0131,5690
-0.0339,5696
0.0289,4694
0.199,2708
-0.0056,5892
0.182,613
-0.0293,6625
0.384,942
-0.153,7706
-0.28,9981
0.0835,2906
-0.0786,7189
-0.0186,5692
-0.12,9013
-0.126,9861
0.0785,2531
0.0302,4272
-0.0635,6606
0.0648,3503
0.116,3583
-0.145,7404
-0.0214,5902
0.14,444
0.124,2601
-0.113,8072
0.0757,3246
0.0472,4572
-0.177,10504
-0.0861,8262
-0.0285,6222
0.107,3023
-0.285,8305
-0.371,8934
-0.0653,6451
-0.0537,7790
-0.155,7568
-0.0818,7314
0.14,3274
-0.282,7804
0.197,101
0.192,813
0.131,3266
0.501,65
0.0309,4539
-0.246,10656
-0.017,6354
-0.00876,5690
-0.0898,7153
-0.184,7753
0.138,3665
-0.179,9055
-0.0365,8708
0.0137,5009
-0.165,9029
-0.00918,5546
-0.559,8921
-0.358,9640
0.154,2251
0.000333,5274
0.178,1484
-0.154,8794
0.0405,4030
-0.0485,5495
-0.112,8961
-0.0142,6130
0.652,65
-0.198,8352
-0.129,6371
0.0138,5052
-0.154,8965
-0.104,6075
0.121,2949
-0.168,9265
0.0344,4623
-0.0236,5930
-0.0888,8917
0.0981,2905
-0.181,9634
-0.123,7970
0.24,1558
-0.27,9131
-0.204,9572
-0.0587,7626
0.134,1380
-0.214,7518
-0.997,10768
0.466,851
-0.206,10541
-0.039,7743
0.0181,4705
0.175,2671
0.154,3388
0.00041,5115
-0.37,10313
-0.203,9862
0.0473,4219
0.0226,4882
-0.0517,7940
-0.00942,5929
0.00641,4977
-0.0737,8741
-0.588,7875
-0.295,5156
-0.118,8224
-0.0735,6476
0.155,1027
-0.161,9532
0.129,3534
-0.123,6680
-0.241,8598
-0.362,9807
-0.104,8930
-0.0186,5818
0.277,1288
-0.419,10740
-0.199,7789
0.285,907
0.019,4863
0.17,2419
0.012,4796
-0.062,7623
-0.0825,8034
0.159,1483
-0.0957,8427
-0.0928,8698
0.678,90
0.472,1299
-0.162,7449
-0.307,9934
-0.0708,7660
-0.17,9341
-0.0423,6290
-0.253,9036
0.628,299
0.137,3001
-0.0187,6616
0.015,4808
-0.183,8573
-0.00606,5389
-0.622,9536
-0.0247,5995
0.191,1500
-0.184,9045
-0.247,9999
0.105,1968
-0.224,9029
-0.0417,5622
0.107,1474
-0.0804,7936
-0.232,9126
-0.155,7493
-0.278,10864
-0.166,7015
0.0192,4498
0.00936,5161
0.118,3157
-0.024,5655
0.0853,3521
-0.392,7791
-0.133,9339
-0.192,9890
0.327,1692
0.0906,2979
-0.107,7740
0.0282,4606
-0.0392,7127
0.149,1783
-0.0203,5892
-0.101,7476
-0.114,7741
0.356,1678
0.367,739
-0.176,8853
-0.231,9056
-0.461,8429
0.664,92
-0.267,5808
-0.14,8973
0.101,1252
0.362,2367
-0.028,5565
-0.0302,7077
-0.284,9359
0.27,255
-0.0135,5957
-0.0533,6481
0.406,913
-0.177,8843
0.114,3402
0.0154,4760
-0.00914,5663
0.0376,3970
-0.172,7862
0.145,2368
-0.0875,6697
0.284,634
0.0625,3299
1.14,4
0.0314,4405
-0.266,9660
-0.129,7748
-0.0591,6672
-0.191,10784
1.06,0
0.0573,3957
0.216,2809
-0.246,6577
0.166,2053
-0.0594,8331
-0.234,10478
0.398,558
0.256,2063
0.0256,4933
-0.0414,6678
-0.257,9737
-0.304,10003
-0.0545,5963
0.519,263
-0.19,10237
-0.0366,6444
-0.095,7933
0.17,1319
-0.0626,8128
-0.0424,6548
-0.147,9376
-0.148,9010
-0.0102,5645
0.152,2557
-0.173,9159
0.254,1609
0.0773,3842
0.137,1503
-0.0535,6466
0.206,1134
0.378,308
-0.141,7245
-0.0529,6775
-0.108,9286
-0.137,9232
0.244,856
-0.0307,6116
0.132,1990
-0.363,8809
0.138,1048
0.107,3025
-0.192,9430
-0.0289,6251
-0.123,6688
-0.304,9155
-0.17,10507
0.0843,2932
-0.0106,5716
0.101,3651
-0.594,10910
-0.0172,5806
0.592,58
-0.155,10374
0.0229,4883
0.0519,3704
-0.472,9996
0.0585,3422
-0.135,9966
0.242,274
0.0163,5047
-0.441,10591
0.00316,5208
-0.222,7064
0.00576,5131
0.0791,3949
-0.183,8083
0.475,327
0.0741,2805
0.246,255
0.17,1786
-0.037,6749
0.136,1573
-0.0137,5643
-0.274,9414
0.286,962
-0.359,10247
-0.237,9076
0.0191,4645
-0.279,9268
0.0494,4065
0.157,1627
-0.0673,6739
-0.124,6224
0.00617,5032
-0.205,9624
-0.00532,5606
-0.115,10697
0.18,1947
-0.0424,6374
-0.235,9390
0.161,1740
0.05,3084
0.0257,4678
-0.0182,5692
0.0769,4264
-0.309,9114
0.143,2022
-0.194,9490
0.108,1928
-0.605,10703
-0.0275,5930
-0.311,10132
-0.0289,5850
0.112,1486
-0.0629,7701
-0.0977,7390
0.0287,4306
-0.0615,6360
-0.137,10514
-0.0151,5948
0.117,2441
0.0237,4663
-0.295,10341
0.332,22
0.202,791
-0.115,8823
0.361,449
-0.0999,8334
-0.197,9207
-0.344,8680
0.41,219
0.112,934
0.217,990
-0.058,8423
-0.0641,6429
-0.0911,6992
0.0264,4449
-0.145,10134
0.0588,3881
0.482,805
-0.28,9325
-0.121,7804
-0.0484,6720
-0.039,7109
-0.0352,6238
-0.242,10033
0.22,1691
-0.154,9059
0.0788,2868
0.0601,3665
-0.353,10749
-0.208,9476
-0.316,10866
-0.174,8277
-0.0929,9897
0.012,5034
-0.00505,5783
0.261,612
-0.0229,5860
-0.0928,6568
0.144,1110
0.00717,4951
-0.114,7831
0.288,530
-0.139,8673
-0.0856,8351
-0.0618,7094
-0.0349,6486
0.331,2194
0.188,1508
-0.296,10134
0.0512,4138
0.238,1150
-0.0507,7040
-0.102,7746
-0.0562,6726
-0.243,7514
0.081,2902
-0.198,9321
-0.211,10067
0.248,879
-0.371,10410
0.0375,4383
0.0221,5071
-0.119,8773
0.253,1004
-0.109,8149
0.448,477
-0.0483,6838
-0.139,9387
-0.0393,6473
0.456,879
-0.319,10583
-0.176,7737
-0.0855,6521
-0.31,10590
-0.113,7654
0.115,3354
0.0127,5123
-0.127,7775
0.394,1524
-0.0584,8636
0.0922,3527
-0.112,7299
0.0951,3757
-0.288,9883
0.101,3088
0.123,1627
0.242,385
-0.305,10013
-0.247,9789
-0.068,6613
-0.0337,6522
-0.251,9288
0.503,67
-0.255,9349
-0.0417,6154
-0.0752,7385
0.0845,3741
-0.24,9888
-0.176,9023
-0.193,9898
-0.011,5084
-0.106,7481
-0.159,8635
-0.185,10291
-0.112,8124
-0.0639,7556
0.101,2814
-0.0377,6947
-0.212,10533
-0.0496,7488
-0.0303,6430
-0.0512,7221
-0.0783,7288
0.00765,5314
-0.0756,6799
0.0238,4224
0.00515,5201
-0.235,10058
0.136,2906
-0.49,10110
0.221,1742
0.0752,3279
-0.0334,7862
-0.0729,7248
0.0163,5028
0.0228,4866
0.358,1125
0.0138,4825
-0.0975,8687
-0.129,8748
0.157,2383
-0.0239,5478
0.376,248
0.134,998
0.452,151
-0.0431,6392
-0.0208,5626
0.0316,4087
0.04,4574
-0.0443,7722
-0.0327,7036
-0.112,6680
-0.14,6795
-0.221,8923
0.546,1322
-0.0801,7158
0.273,825
-0.0654,6069
-0.105,7622
0.111,3276
0.291,1899
-0.206,10812
0.145,1754
0.0502,3905
-0.0563,6933
0.00692,5122
-0.14,6627
-0.00484,5149
0.107,1923
0.172,1634
-0.184,9419
0.106,2897
0.141,1427
-0.323,10885
0.229,1303
0.0578,4413
-0.169,9565
0.0141,5133
-0.106,5578
0.0911,2793
-0.146,9572
0.379,1659
-0.666,10914
-0.0322,5905
0.11,3732
0.0149,4957
-0.228,10035
-0.154,8745
0.457,496
0.0238,4547
0.186,1388
0.147,1413
0.0604,2167
0.0899,3617
-0.0518,5990
0.0168,4740
0.136,2653
-0.0284,6680
-0.0925,8113
-0.434,9707
-0.446,10686
0.476,142
0.212,817
-0.104,8562
-0.0416,6238
-0.134,8189
0.15,2185
-0.261,7014
-0.188,9470
-0.42,9792
0.0699,2668
-0.175,9900
0.164,2208
0.0214,4875
0.308,554
-0.128,9519
-0.096,6582
0.00953,5165
-0.0312,5806
0.425,441
0.203,2099
-0.043,6421
-0.0157,5938
-0.0901,6964
-0.25,10253
-0.0716,8000
0.0433,4169
-0.119,8604
0.109,2898
0.0325,4148
-0.0155,5792
0.116,1388
0.213,527
-0.136,9790
0.0437,3605
0.00683,5095
-0.181,8138
0.0743,2146
-0.307,10082
0.0244,4612
-0.194,9098
0.137,1991
0.13,2548
-0.163,9965
-0.0218,5805
-0.135,9430
-0.0864,9056
-0.15,8922
-0.0748,7380
0.0866,4061
-0.347,9167
0.0537,2802
0.0512,2515
-0.0825,7464
-0.0113,5420
-0.159,9398
0.0235,5126
0.0894,2106
0.286,572
1.12,71
0.476,508
0.314,893
0.293,1346
0.546,268
-0.0489,6830
0.618,1396
-0.291,7781
0.0666,3916
0.0303,4324
0.0283,4717
0.0804,3812
-0.345,10528
0.651,637
-0.203,10571
-0.178,8821
0.0812,3518
0.16,1880
0.407,1010
-0.224,9355
-0.0392,6950
0.287,642
-0.11,8754
-0.0217,5835
-0.209,8622
-0.152,9053
0.0974,827
-0.00239,5354
0.0181,4921
-0.158,6870
0.178,676
-0.109,9959
-0.192,9173
0.0604,4289
-0.0253,5540
0.767,584
0.624,816
-0.079,10411
-0.0597,8972
0.309,916
-0.0474,5961
0.191,1195
-0.104,7443
0.017,4867
0.0566,3330
0.271,364
0.0411,4377
-0.0843,8153
-0.0443,6052
-0.0874,8239
-0.0528,7570
0.122,1614
-0.0966,7628
-0.311,10510
-0.21,9173
-0.269,8543
-0.194,8802
-0.0628,7796
-0.104,8014
0.936,225
-0.126,8561
-0.211,9812
0.0216,4755
0.0632,3305
-0.0348,6906
-0.0364,5792
-0.107,8806
0.0317,4461
0.0389,4140
-0.0957,9694
0.0829,3020
-0.0629,7369
0.876,69
-0.168,7502
-0.0735,8062
-0.174,9132
0.28,967
-0.0697,6959
0.127,2326
-0.107,9295
-0.0421,5423
-0.0334,6087
-0.0501,6323
-0.0492,6766
-0.286,8970
-0.258,10211
0.0208,4578
0.0459,3416
0.749,154
0.094,3030
0.577,62
0.0278,4267
-0.0293,6081
-0.0315,6743
-0.0655,7584
0.0627,4014
-0.181,9602
-0.275,8494
0.184,2242
-0.124,9054
0.334,937
-0.131,8860
0.221,2976
-0.263,8071
0.287,423
-0.0105,5763
-0.0238,5789
0.141,1446
0.0428,4339
0.203,1309
-0.00162,5180
-0.0557,7452
0.237,276
-0.25,9779
-0.0316,5939
-0.151,7897
-0.157,8420
-0.208,9514
-0.171,9168
-0.117,7952
-0.0125,5679
-0.0415,5940
-0.0346,7742
-0.168,7396
0.00243,5266
0.107,2358
0.395,194
-0.366,7391
0.0237,4283
-0.0093,6023
0.272,1869
0.122,3667
-0.0691,5990
0.629,1749
-0.23,10404
0.103,1889
-0.206,9966
0.0776,2717
-0.153,7611
-0.0193,5913
0.221,1736
-0.299,10313
0.792,3
-0.0473,5755
-0.163,8387
-0.0579,7357
-0.23,9768
-0.167,8099
-0.0885,7735
0.179,2514
0.0115,5064
-0.00179,5372
0.398,748
0.0667,2143
-0.0438,6864
-0.0193,6152
-0.449,10500
-0.387,10412
-0.144,9669
-0.0529,7277
-0.172,8955
0.0737,2751
0.124,2752
-0.178,8667
-0.188,9342
0.0495,1614
0.0229,4653
0.13,2981
0.469,762
0.0417,4668
-0.111,8714
-0.0616,9655
-0.0615,7266
-0.144,8736
0.203,1591
-0.0845,7530
-0.23,9788
0.105,2813
-0.551,10394
0.0984,3160
-0.277,9830
-0.032,6500
-0.218,8957
0.0381,3707
-0.0897,7714
-0.00882,5137
0.0991,2565
-0.33,10182
0.0806,3473
0.139,1517
0.0591,3941
0.141,1992
0.0239,4759
0.101,3435
-0.00962,5954
0.115,803
-0.341,10507
-0.287,10506
0.0565,3501
-0.0273,6152
-0.117,9719
-0.0947,8201
-0.00843,5319
-0.103,8247
0.107,3309
-0.162,7913
-0.365,10191
0.02,4642
-0.15,8930
-0.0397,6184
-0.244,7446
0.0725,3960
0.014,5111
0.0852,2198
-0.172,9658
-0.139,9569
-0.172,8515
-0.189,9578
-0.0701,7642
0.0418,4021
-0.294,8716
-0.0291,6117
0.573,65
-0.0734,6621
-0.132,9507
-0.15,10021
-0.278,10028
-0.476,10856
-0.145,7494
0.0293,4446
0.0474,3702
-0.0504,7340
0.137,3566
0.872,107
0.0604,4202
-0.448,7322
0.0864,1661
-0.074,7697
-0.518,8627
0.0527,4287
-0.394,10609
-0.0625,6098
0.105,3250
-0.149,9573
0.202,662
-0.0511,6696
0.408,242
-0.016,6271
-0.102,8243
-0.185,8704
-0.0632,6477
-0.0582,7116
-0.401,9832
-0.237,9661
-0.206,10665
0.0304,4364
-0.209,9523
0.116,2141
-0.0798,6108
0.409,1590
0.0376,4504
0.061,4218
0.227,1351
-0.181,8178
0.213,1677
-0.0109,6069
0.0772,1945
-0.114,9301
-0.00893,5456
0.145,2565
0.0443,3986
0.105,3762
0.0634,3663
0.0471,4325
0.0408,3760
0.0613,4119
-0.158,9437
0.345,400
0.0157,4980
-0.455,10996
-0.0173,5694
-0.64,9637
-0.134,8543
-0.336,8366
-0.186,10150
-0.00324,5356
0.136,2893
0.0445,4307
0.0239,4824
0.285,1828
0.00928,4773
0.8,759
-0.2,10064
-0.122,8720
-0.135,4568
0.181,3122
0.186,794
0.00581,5089
-0.205,8981
-0.152,9263
0.21,1068
-0.0906,6984
0.306,635
-0.101,9637
-0.0142,5598
-0.525,10629
-0.00398,4943
-0.293,9350
0.0444,3507
0.0696,2437
-0.0819,5904
-0.0158,5334
-0.129,8223
-0.0591,6693
0.31,158
-0.0178,6205
0.104,2110
0.145,2270
-0.529,9768
-0.117,7782
-0.051,7386
-0.0426,6826
0.339,628
-0.234,9038
0.547,121
-0.171,8661
0.067,3172
-0.0115,5683
-0.00821,5346
-0.115,9269
0.00536,5113
0.151,1876
0.0569,3496
0.139,2100
-0.21,8648
-0.0192,5735
-0.0158,6244
-0.083,7473
0.238,1009
0.0396,4585
0.0875,3053
0.0266,4622
0.0398,3751
-0.0316,5677
0.0972,3057
-0.126,8086
0.27,1301
0.056,3655
-0.126,8797
-0.00839,5472
-0.043,6501
-0.176,8322
-0.153,8185
0.115,2250
0.33,399
-0.46,10511
0.199,1500
-0.185,9676
-0.213,9542
0.072,2968
-0.107,8411
-0.616,10040
0.0802,3452
-0.0198,5528
0.114,2536
0.0716,2092
-0.153,10138
0.168,3140
-0.063,6236
-0.103,8739
-0.139,7719
-0.182,9202
-0.105,7765
0.474,546
0.369,687
-0.124,8896
-0.0281,6166
-0.114,7492
0.128,789
0.00209,5530
0.125,2044
-0.0983,7648
-0.123,9644
-0.000623,5262
0.0903,1806
-0.18,7152
-0.14,6173
-0.486,10511
-0.226,9333
-0.375,10969
0.0693,2519
0.0998,2771
0.0954,1839
0.189,1432
-0.102,7219
0.0447,3993
-0.0692,9018
0.222,1173
0.377,495
0.285,2226
-0.0747,5962
0.56,112
-0.223,7407
-0.0891,7071
0.119,2637
0.151,2446
0.167,1542
0.133,1705
0.0965,2466
0.128,2076
-0.173,9037
0.196,2071
-0.277,7811
0.0644,3822
-0.0564,7041
-0.159,9638
-0.137,8411
-0.195,9280
-0.197,9231
0.00965,5150
-0.0762,8183
0.0827,3889
0.256,729
-0.296,9692
-0.179,10041
0.0217,4089
0.299,1545
-0.0949,8322
0.114,2215
0.0672,3624
0.0239,4364
-0.143,10389
-0.0241,6235
0.714,185
-0.0832,6509
-0.312,9995
0.386,2089
-0.149,10084
0.0857,3848
0.0202,4951
-0.0303,5973
-0.16,9203
0.053,4453
0.0771,2305
-0.0446,6081
0.155,2229
-0.182,8223
0.188,3300
-0.183,8488
-0.231,10281
-0.236,9195
-0.134,7045
-0.0633,6790
0.309,1171
0.124,2905
-0.28,10288
0.0298,3728
-0.0971,8842
0.36,200
0.00227,5346
-0.133,7362
0.0548,3391
-0.104,8636
0.087,3374
0.786,111
1.02,747
-0.00456,4934
-0.0986,8940
-0.23,10535
-0.0797,7083
0.204,1303
0.122,2851
-0.0305,6927
0.147,1146
-0.0982,7578
0.0222,4762
-0.0893,8275
0.28,558
-0.134,9717
-0.0692,6863
-0.0735,7332
-0.0808,8555
-0.128,8342
0.347,973
-0.115,6580
-0.202,10643
-0.159,9399
-0.181,9714
-0.362,10038
0.448,351
-0.337,7895
-0.0392,6646
-0.0754,8865
-0.293,9694
0.0375,4664
0.0604,3792
-0.0255,5896
0.0113,4881
0.146,1417
-0.187,9515
0.331,717
-0.186,9625
-0.229,9753
-0.329,9937
0.378,240
-0.0314,6512
-0.0151,5756
-0.113,7963
1.45,3
-0.0719,7992
0.0411,4005
0.278,738
-0.106,7566
0.00493,4826
-0.137,5314
-0.183,10045
0.0492,3834
0.203,1305
0.0322,4419
0.74,86
0.0769,3102
-0.118,8925
0.133,1941
0.166,3570
-0.31,9885
0.0369,4693
-0.221,8463
0.175,2136
-0.00743,5578
-0.154,8489
1.41,506
-0.102,8330
0.261,87
-0.0611,8431
-0.0188,5766
-0.023,6325
-0.316,10619
-0.123,7661
0.335,723
-0.045,6890
-0.129,7746
-0.405,7318
-0.113,6957
-0.209,7973
0.0976,2246
-0.102,9832
-0.159,9028
-0.109,7550
0.0826,3886
0.0686,3680
0.193,1012
-0.0389,7294
-0.111,7020
-0.0893,7255
-0.0464,6747
0.0688,4066
0.128,3003
0.119,1248
-0.111,7682
0.191,2342
0.158,2487
-0.5,7272
-0.0412,6576
-0.048,7870
-0.141,8839
-0.217,9339
-0.0445,6119
0.000916,5369
-0.24,10753
-0.01,5742
-0.288,10724
-0.0825,6894
-0.00817,5548
0.267,919
-0.071,6905
-0.0947,9743
-0.0195,6202
0.255,1638
-0.146,8470
-0.175,8137
-0.0504,7514
0.0646,3787
0.0759,3028
0.147,2262
-0.168,8190
0.104,1918
-0.0681,7974
0.0486,3677
0.097,2362
-0.158,9352
-0.123,8826
-0.435,9847
-0.19,9735
0.0102,4826
0.00428,5124
-0.204,9695
-0.189,8519
-0.313,10069
-0.0962,7586
-0.125,9129
-0.0586,6644
-0.0119,5333
0.181,1322
0.12,3292
-0.158,8271
-0.125,9640
-0.106,7379
-0.0251,5304
-0.125,9907
-0.039,5736
-0.00989,5541
-0.0651,5909
-0.0889,7202
-0.101,7881
-0.0778,8430
-0.0541,6504
0.376,402
-0.113,7948
-0.22,8171
-0.0526,4959
0.217,2033
0.0966,2183
-0.254,10888
0.0944,2952
-0.043,5596
-0.531,10327
0.206,644
-0.0269,6450
-0.391,10746
-0.118,7762
-0.00205,5000
-0.325,9851
-0.321,9831
0.129,2043
0.238,897
-0.205,9639
-0.00134,5356
0.0866,3923
0.0731,3735
0.0782,3759
0.116,1449
0.0729,3426
-0.05,6325
-0.157,8017
-0.0948,8037
-0.0486,6348
-0.0903,7244
-0.0225,6037
-0.12,10091
-0.0142,5637
-0.0332,7064
-0.0586,6686
-0.0245,6185
-0.16,8294
-0.29,7520
-0.276,10264
-0.214,9516
0.00818,5073
-0.069,6764
-0.125,8024
-0.0352,5834
0.352,1938
-0.12,8956
0.0382,4350
0.464,669
0.141,1351
-0.204,10088
0.402,544
0.0271,3791
0.19,1518
-0.238,8259
-0.22,7735
-0.0666,8668
0.15,1836
-0.157,9634
-0.132,9945
0.0334,4165
0.0357,4221
-0.00463,5239
0.193,2533
0.172,1199
-0.157,10728
0.259,1915
-0.469,10919
0.188,1801
-0.296,9650
-0.000316,5154
0.104,2845
-0.0027,5309
-0.12,8426
0.0768,3942
-0.202,8132
-0.0934,7728
0.0301,4548
-0.0684,7075
-0.147,7055
-0.181,6362
-0.184,5978
0.00402,5208
-0.178,8591
-0.0989,4034
-0.273,7748
0.155,3105
-0.493,10958
-0.0566,6807
0.146,706
0.103,2249
-0.236,8134
-0.277,10669
-0.0434,6369
-0.091,8825
0.144,1848
-0.157,10053
0.101,2157
0.302,398
-0.221,9244
0.228,22
-0.0814,9411
-0.104,8485
-0.2,7539
-0.119,8331
-0.229,9404
0.256,446
-0.0124,5941
0.035,4232
0.114,1287
-0.123,9782
-0.00411,5361
-0.112,9075
-0.132,9258
0.129,2029
-0.308,10705
-0.212,8542
-0.0638,6931
-0.0114,5510
-0.193,10557
0.0146,5161
-0.0545,6934
-0.489,10655
-0.0155,5490
0.0641,3424
-0.177,8598
0.133,1293
-0.0828,6470
0.272,1475
0.0455,3543
-0.000741,4978
0.223,1253
0.266,1420
0.0579,3522
0.363,696
-0.244,9435
0.0174,4876
-0.0518,7197
0.184,1372
0.142,3029
0.361,579
-0.0428,5657
-0.0892,8479
0.0374,3744
0.287,1671
-0.295,8800
-0.102,7112
-0.206,8312
-0.0934,7618
0.0948,2830
0.107,2620
-0.151,8094
0.0147,4807
0.142,3157
-0.0206,5443
-0.133,8688
-0.0293,6386
-0.0362,5932
-0.361,10386
0.00647,4511
0.0746,3343
0.0594,4254
-0.161,10357
-0.241,9038
1.09,51
-0.103,8040
-0.0381,5861
-0.0932,8646
-0.476,9996
-0.128,7696
-0.0778,7496
0.0535,3896
-0.073,8781
0.0413,3904
0.00638,5052
0.118,2004
-0.154,7331
-0.106,7181
-0.027,5946
0.04,4150
0.306,1159
-0.138,7966
0.263,1520
0.361,617
-0.0586,6975
0.448,644
0.0339,4074
-0.0347,6932
-0.146,9598
-0.0947,9433
-0.0845,9445
-0.167,10834
-0.0215,6195
-0.235,9191
-0.11,6860
0.0903,3496
0.0946,924
0.418,45
-0.13,10346
0.158,2206
0.151,2943
-0.0286,6110
0.24,2672
-0.124,8682
-0.152,8024
-0.0415,6624
0.0888,2225
-0.104,6661
0.0241,4625
-0.141,8934
-0.0797,7305
-0.0532,6548
0.61,675
-0.122,9490
-0.195,10886
-0.021,6227
0.0155,4986
0.00566,5336
-0.467,10090
-0.248,8833
-0.169,10433
-0.0269,6286
0.782,403
-0.187,7956
0.0366,4490
-0.0121,5596
-0.159,9814
0.0968,3485
-0.000992,5305
0.417,373
-0.139,9551
-0.153,9705
0.016,4793
0.103,3461
-0.0083,5434
0.0807,3260
-0.0916,8295
-0.19,9378
-0.194,9429
0.16,2555
-0.782,10749
-0.112,6158
0.296,733
-0.00687,5461
-0.0183,5827
0.0388,4103
0.00582,5204
0.0351,4436
0.246,1351
-0.274,8835
-0.187,9739
-0.0181,6020
-0.082,6844
0.173,2378
-0.275,9585
-0.138,7726
0.192,429
0.198,1462
-0.308,10743
-0.108,8500
0.052,3349
0.113,3573
-0.0795,7591
0.165,664
0.058,4332
-0.31,10637
-0.00936,5309
0.101,3497
-0.209,10634
-0.144,6547
0.132,2992
-0.0602,7085
-0.206,10136
-0.026,6278
0.223,1561
0.0988,2336
-0.0535,6145
-0.0432,6303
0.079,3615
-0.0436,6495
0.067,3545
-0.127,9602
-0.116,7625
-0.112,8289
0.297,616
0.158,1885
-0.0296,7051
0.0939,3128
-0.0284,6502
-0.0969,7403
0.143,2966
0.119,3360
-0.117,8658
0.0651,4177
-0.222,8939
0.0857,3712
0.232,1923
-0.121,9942
-0.0708,7741
0.0153,4742
-0.0974,7202
-0.0451,7019
0.402,407
-0.0549,8902
-0.014,6764
0.031,4329
0.145,3057
-0.0452,6674
0.258,734
-0.00352,5490
0.296,143
-0.209,9159
0.139,1850
-0.288,8954
-0.785,10883
-0.0817,8224
0.156,2905
-0.0597,6727
-0.162,8834
0.00716,5233
-0.0617,6890
0.216,1680
-0.132,9176
0.148,3425
-0.344,10086
0.152,3188
-0.328,9830
-0.0497,8122
-0.152,8773
0.0926,3193
-0.128,8978
0.0603,3402
0.507,597
-0.0127,6203
-0.194,10603
-0.0906,8946
-0.282,8678
-0.102,7814
-0.19,7474
0.0554,3134
0.0291,4296
-0.308,9426
0.168,1793
-0.263,7670
0.404,837
0.199,936
0.0434,3915
0.194,2153
-0.0588,7598
-0.271,9324
0.071,4299
0.0227,4524
-0.00922,6226
0.0105,5074
-0.0877,6139
0.169,2467
0.0453,3907
-0.0305,7246
0.036,4669
-0.192,9937
-0.11,9187
-0.125,7606
-0.202,9326
0.14,1489
-0.0509,6722
0.115,2763
-0.131,8836
-0.0491,5650
0.00171,5457
-0.293,10363
0.0792,1707
0.617,467
-0.0964,8237
0.138,3940
-0.000352,5453
-0.0554,6153
0.323,129
0.0941,2573
0.412,30
-0.287,9356
-0.082,6992
0.134,1152
-0.17,9672
-0.0887,7583
-0.143,6881
0.36,816
0.457,1234
0.11,3154
-0.0419,6835
0.0648,3307
0.0159,4901
0.201,1457
0.623,136
0.0626,3069
-0.168,9981
0.0327,4615
-0.0731,6870
-0.053,5846
0.167,1979
0.086,2730
-0.181,8818
-0.166,8948
0.0566,4293
0.196,2583
-0.0907,6468
-0.18,8961
0.0877,2272
0.198,2830
0.177,2067
0.157,2909
-0.199,9142
-0.117,8148
0.0579,3567
0.0177,4839
-0.203,9266
-0.23,9917
0.228,1588
0.31,313
0.133,3337
-0.458,10352
-0.00613,5571
0.108,3999
-0.128,8164
-0.217,10569
0.0956,2595
0.178,2785
-0.159,8990
-0.136,9488
0.242,1107
-0.118,7918
0.235,1380
0.0158,4816
-0.0134,5714
-0.15,9545
0.0342,4431
0.0657,2945
0.0882,2229
-0.503,10698
0.347,777
-0.134,7078
-0.0825,6395
-0.112,8485
-0.0212,6058
0.171,2705
-0.21,10015
0.0748,3371
-0.275,9535
0.0909,2696
0.0252,4572
0.0141,5004
0.0707,4049
0.0181,4592
-0.0105,5334
0.688,23
-0.0365,5985
-0.218,8913
-0.128,8596
-0.148,8535
0.37,2561
-0.0816,7896
-0.14,10154
0.47,322
-0.0976,8772
0.0128,4969
0.117,2951
-0.0405,7970
0.0942,1856
-0.171,9613
0.0014,5345
0.475,1943
0.416,2624
-0.107,8955
-0.0776,8031
0.0481,4668
-0.139,7413
-0.00532,5144
-0.315,10058
0.156,3574
-0.0959,7893
0.125,3009
0.61,195
-0.166,8272
-0.0158,5930
0.11,2434
-0.116,8477
0.0688,2733
0.273,1403
0.303,1773
-0.0862,8520
0.362,254
0.133,2377
-0.153,9523
-0.105,9265
0.3,541
-0.0647,8557
0.0501,3478
-0.164,8927
-0.0668,6926
-0.137,9101
0.0323,4744
-0.0316,6303
0.231,394
0.27,2619
-0.116,6575
0.305,935
0.0559,3093
-0.142,6237
-0.119,8202
-0.0778,7941
-0.00655,5353
-0.159,7738
-0.249,9775
-0.0596,7329
-0.308,10766
-0.0942,7892
-0.0923,8258
0.0841,3571
0.135,1334
0.0678,2881
-0.129,8361
-0.317,9376
0.33,2073
-0.126,9008
0.231,609
-0.139,10010
-0.0348,6424
0.15,1999
0.0788,3244
1.05,54
-0.297,9992
-0.0887,7836
-0.147,8663
0.214,2713
-0.139,7972
0.185,2755
-0.267,8016
0.156,1907
0.131,2361
0.15,496
0.205,2121
0.1,3268
0.525,464
0.0226,4518
0.168,1664
0.256,964
-0.123,6358
0.404,789
-0.0809,6089
-0.442,10867
0.264,361
-0.176,9036
-0.0711,7068
0.394,320
0.00581,5195
-0.0367,6979
0.0489,4085
0.0411,4058
-0.162,9522
-0.0724,7350
-0.128,8760
0.483,45
0.056,2743
0.139,3385
-0.0914,8206
-0.299,9720
-0.239,10570
-0.009,5653
0.163,1787
-0.199,8762
-0.141,8143
-0.00772,5606
-0.306,8917
-0.116,8109
0.00894,5277
0.0774,3301
0.175,1789
0.194,1028
-0.239,7758
-0.0062,5120
0.285,454
-0.0572,6062
-0.0123,5661
0.179,2697
-0.0882,7877
0.0988,2570
0.0756,2982
0.218,702
-0.0604,6515
-0.269,9838
-0.182,8638
-0.148,9090
0.0576,3663
-0.245,10155
-0.208,9364
0.194,853
0.219,1387
0.0434,3582
-0.217,10630
-0.03,6466
0.115,2938
-0.0528,7162
-0.24,7405
-0.0567,7245
-0.0897,8638
-0.0901,8257
0.107,3199
0.236,1508
-0.0867,6786
0.0479,4535
0.0438,3635
0.0566,3482
0.0467,4223
0.232,2248
-0.348,10206
0.13,367
-0.441,9414
0.159,2377
0.187,2157
-0.0152,5635
0.000928,5190
0.147,762
-0.0204,6001
-0.029,6013
-0.253,8125
0.0362,4535
-0.181,8555
-0.00397,5729
-0.138,8719
-0.387,10443
0.252,1508
-0.000815,5118
-0.352,10406
0.103,2029
-0.00347,5421
0.135,3335
0.168,1780
-0.402,10481
-0.236,9371
0.000391,5209
0.179,272
-0.178,10108
-0.372,7717
0.0158,4469
-0.0684,5807
0.242,103
-0.0502,7614
-0.226,9336
0.0432,4332
0.0424,4189
-0.0317,5862
0.15,908
-0.063,6473
-0.475,10492
0.115,2063
-0.133,7817
-0.0681,6597
0.228,517
-0.0887,7484
0.387,532
0.193,897
-0.0461,5470
0.222,1166
-0.174,8796
0.115,2664
0.0187,5234
-0.0331,5526
0.0894,3114
-0.246,9547
-0.0979,8178
0.159,684
0.236,1006
0.088,2309
-0.344,9408
-0.286,10238
0.208,3279
0.0422,4079
0.0719,4075
-0.234,9961
0.339,2204
0.327,733
0.0295,4517
0.121,3079
-0.332,10508
-0.0638,6397
-0.0264,6065
0.177,2663
0.164,1298
0.105,1647
0.374,1718
-0.119,8076
0.105,2878
0.00776,4957
0.205,894
-0.0936,7415
-0.0798,7158
-0.0273,6005
-0.064,6221
-0.0872,7229
-0.31,11016
-0.0444,7906
0.441,126
-0.0957,7125
-0.0662,6174
-0.218,9792
0.0518,3563
0.0502,3811
0.0977,2418
-0.117,9472
0.116,2851
-0.165,7117
-0.0879,8777
-0.128,9054
0.0502,3991
-0.147,8890
0.0327,4829
-0.164,7916
-0.00389,5695
-0.25,10350
-0.12,8115
0.333,908
-0.378,9862
-0.233,9852
0.107,2527
-0.0833,8057
-0.0247,5918
0.0124,5064
0.0173,4807
-0.0916,6557
0.0662,2503
-0.26,10715
-0.239,10369
-0.33,10201
-0.432,10266
0.362,849
-0.0935,7279
0.214,2330
0.016,5010
0.0691,3669
0.0997,3295
-0.0779,7790
0.15,3430
0.0515,3687
0.146,2528
-0.135,7284
-0.147,6060
0.114,1971
-0.0319,6633
-0.102,8590
0.052,4320
-0.29,9748
0.0182,4561
-0.228,9791
0.135,2348
0.0409,4002
0.204,1924
-0.168,9336
0.129,1985
0.558,173
-0.0456,7543
0.106,1993
-0.174,10202
-0.0605,6605
0.0772,3955
-0.178,7017
0.0492,3943
-0.0564,7047
-0.118,7853
0.114,2864
-0.168,9002
0.0738,3502
-0.0274,6099
0.0888,2527
0.0805,2299
0.186,1513
-0.0168,5266
-0.207,8274
-0.0345,6358
0.0108,4753
-0.18,8909
-0.225,10089
0.217,975
-0.0776,8708
-0.106,8595
-0.264,10781
-0.115,7979
0.285,1437
0.737,374
-0.0608,6374
0.0692,3510
0.0209,4348
-0.295,8238
0.153,2182
-0.272,10344
-0.211,7512
-0.1,8479
0.0146,4943
-0.229,10141
0.161,2046
-0.123,8020
-0.327,8851
0.00903,4782
0.102,3508
0.114,3375
0.262,1536
0.00899,4882
-0.144,8848
-0.134,8369
0.0385,4365
0.108,2492
-0.162,8563
-0.404,9029
-0.125,8253
-0.038,6817
-0.186,7779
-0.00815,5611
0.353,196
0.215,1651
-0.0833,9523
-0.295,10969
-0.0738,7092
0.0142,4947
0.329,1179
0.748,56
-0.5,10782
0.0686,3058
-0.141,9113
-0.402,10029
0.907,156
-0.111,7456
-0.486,9930
-0.171,8851
-0.0464,6302
-0.0117,5548
0.0115,4860
0.0692,3760
-0.199,10610
-0.129,9117
-0.0797,7226
0.0493,4493
-0.277,9934
0.148,3476
-0.165,9748
-0.141,9942
-0.0891,9194
-0.168,9687
-0.0637,6850
0.0716,3781
-0.0607,8065
-0.0391,7065
0.0273,4098
-0.35,8235
-0.237,10487
-0.0216,6436
0.249,1076
0.0544,3879
0.14,1194
-0.0574,6697
-0.016,5664
0.049,4426
0.354,1712
0.111,1796
0.428,136
0.184,1571
-0.298,10574
-0.0209,6136
-0.132,7786
-0.0424,7179
-0.00653,5374
0.14,2491
0.0673,3249
-0.0578,7708
0.272,301
-0.101,7591
0.0945,3269
-0.0917,7867
-0.0864,8657
0.0994,2671
-0.139,6712
-0.121,8000
-0.00423,5455
0.039,4528
0.432,132
-0.00959,5728
-0.00247,5610
0.0241,4223
0.174,1928
0.13,2355
0.332,1133
-0.0864,6419
0.0256,4658
-0.0483,6196
-0.125,7773
0.136,3033
0.0721,3724
0.412,217
0.247,2198
-0.101,8816
0.0419,4189
0.0215,4727
0.125,2471
0.333,645
0.0417,2871
0.0169,4587
0.167,1341
0.0652,4123
0.47,673
0.359,172
-0.247,8594
0.00658,5110
0.0308,4372
0.155,1668
-0.161,8361
0.457,1556
-0.218,8625
0.193,637
0.573,31
0.234,600
0.101,3114
0.0489,3883
0.00717,5003
-0.0529,6998
0.32,150
-0.0617,7290
0.15,2580
0.196,1717
-0.202,9055
-0.257,9369
-0.0818,6736
0.206,2112
-0.26,9864
0.0364,4567
0.0544,3669
0.275,105
-0.142,8569
0.209,1844
0.0489,4210
0.012,4898
-0.0839,6807
-0.0172,5662
0.0554,3075
0.0467,3610
0.141,2496
-0.23,8796
-0.0987,9067
-0.184,10380
-0.103,10034
0.0318,4065
0.125,1428
-0.284,8536
0.116,1831
0.141,2599
0.49,241
-0.0766,6822
0.188,2887
-0.00884,5416
-0.512,9106
-0.176,8930
0.12,1297
-0.267,9685
-0.214,9307
0.0759,3774
-0.136,9971
0.199,1460
-0.0836,7963
0.0937,3773
0.146,2577
-0.0376,6613
-0.174,8568
-0.12,9097
0.0733,3534
-0.0444,7122
0.206,1965
0.274,1398
0.00198,5232
0.0114,4709
0.0269,3922
-0.176,9269
-0.153,8689
-0.179,8715
-0.0632,6682
0.187,1313
0.0715,2649
-0.141,6782
-0.072,7381
0.0353,4591
0.422,498
-0.273,10919
0.173,862
0.0435,4207
-0.0146,5210
-0.126,9813
-0.301,8562
0.0889,2398
-0.196,9803
-0.139,8981
0.202,1856
-0.22,8606
0.185,1075
0.0368,4317
-0.00616,5768
0.117,3084
0.4,650
0.465,856
-0.00197,5576
0.343,1404
0.107,2328
0.14,2868
-0.233,10272
-0.143,7752
-0.0318,6247
-0.00292,5812
-0.0379,6811
0.121,2602
0.849,40
0.0486,4434
0.246,450
-0.102,8075
0.0109,4988
-0.395,10414
-0.0691,7074
0.191,2313
0.23,1194
0.00342,5480
0.0857,3175
-0.136,9980
-0.0796,8086
-0.123,9249
0.0447,4380
0.0325,4290
0.0996,2525
-0.385,10255
-0.138,10169
-0.208,8799
0.0261,4481
0.0294,3437
-0.0498,7148
-0.443,10893
0.402,287
-0.0377,5978
-0.161,8337
0.0685,1861
-0.0538,6873
-0.279,9716
0.151,1950
-9.41e-05,5294
-0.151,9670
-0.197,8933
-0.0241,5844
-0.104,8049
-0.358,10047
0.339,532
0.0421,4389
-0.194,10658
0.0694,2882
0.072,3297
-0.201,8884
-0.272,10434
-0.222,8776
0.159,1928
-0.0724,7608
-0.0502,6383
0.802,358
0.523,272
-0.38,10459
0.152,2120
-0.0656,7834
0.0563,3897
-0.114,7677
-0.26,10441
0.00392,5246
-0.00839,5561
0.235,631
-0.168,8659
-0.0565,5766
0.0846,3725
0.219,1156
0.114,2716
0.0833,1796
-0.0327,6105
-0.262,10522
0.198,3030
-0.131,7836
-0.0242,6566
0.00986,4827
-0.119,7718
-0.0506,6307
-0.161,10346
-0.0552,6389
0.000295,5021
-0.0799,8363
-0.181,10176
0.2,1863
0.0167,4931
-0.173,7030
0.0719,3428
-0.0677,9027
-0.244,10138
-0.18,10213
-0.343,9003
0.348,341
0.0135,4496
-0.0894,8906
-0.0939,8079
-0.21,9997
0.147,2586
0.0739,3174
-0.0601,6911
0.0361,3816
-0.0401,7051
0.0211,4648
0.889,867
-0.0333,5944
-0.0562,6992
-0.00698,5732
-0.102,8299
-0.0282,5902
-0.0359,6472
0.079,3614
-0.0462,7782
-0.0961,8689
-0.0651,7173
0.564,1209
0.089,2181
0.234,2625
-0.121,7352
0.227,1231
0.0725,4010
0.332,66
0.171,845
0.393,848
0.374,154
-0.106,8485
-0.00066,5385
-0.0468,6768
-0.187,10006
0.245,1072
-0.302,10798
-0.125,8270
-0.203,8241
0.0373,4564
0.137,2740
-0.149,7008
0.509,30
0.191,1170
0.0186,4974
0.212,952
0.456,264
0.0183,5040
0.0233,4792
0.0729,3690
-0.0668,6973
-0.113,8244
-0.0539,6499
0.246,1817
-0.104,7429
-0.236,9516
0.588,190
-0.0486,5497
-0.0395,6588
-0.159,7849
0.0883,2887
0.509,22
-0.0726,7512
-0.153,7943
-0.226,8719
-0.35,10125
-0.133,9666
0.185,1708
0.00413,5074
0.0631,3193
0.102,3550
0.158,3149
-0.00695,5503
-0.0798,8129
0.797,26
0.093,3442
-0.292,7318
-0.31,6466
0.258,1516
-0.017,5690
0.0307,4446
0.121,3160
0.0852,2198
-0.168,9741
-0.109,8894
0.0449,3598
0.0587,3679
-0.212,9701
-0.224,10043
-0.0377,5934
0.0544,3875
-0.0382,6653
0.0924,3622
-0.118,8294
-0.318,10026
-0.187,9126
0.133,1692
-0.0137,5290
0.0509,4447
-0.409,10621
0.119,3496
0.192,1854
0.0994,2479
-0.0856,8281
-0.119,7611
-0.0852,8075
0.168,1092
0.0249,4933
0.128,1552
-0.115,8420
0.0274,4574
0.0234,4698
0.121,2523
-0.0093,5001
0.314,157
0.176,661
0.247,1718
-0.0236,5710
0.162,2842
-0.224,9497
-0.0154,5926
-0.16,8179
-0.0592,5818
-0.0719,7133
-0.19,9797
0.152,2967
0.00513,4855
-0.0692,7774
0.0165,4868
-0.0428,6289
0.174,1877
0.0889,3183
-0.0663,7465
-0.0941,8875
-0.324,9290
0.144,2041
-0.35,10906
0.254,709
-0.152,8712
-0.227,10461
0.133,3004
0.234,231
-0.126,8653
-0.0463,7051
0.263,632
0.114,2575
0.156,2626
-0.0997,7075
-0.134,6606
0.127,2002
-0.0486,7365
-0.0636,8150
-0.211,10739
-0.125,8273
0.13,1862
0.0485,3951
0.0326,3578
0.108,3096
-0.0568,6887
0.24,934
-0.0535,6289
0.0244,5076
0.125,2880
0.0174,4770
-0.225,9692
-0.054,6818
0.0307,4648
-0.0338,6633
0.0271,4525
-0.0716,7320
-0.0319,6282
-0.485,9792
0.111,3422
0.0172,4744
-0.26,10692
0.091,3030
-0.169,8832
-0.213,9832
0.0437,4425
0.406,149
-0.0586,7282
-0.0322,6085
-0.00442,5361
0.262,1936
-0.0413,5961
0.155,1715
-0.11,8375
0.418,234
0.406,901
0.384,452
-0.106,7881
-0.0154,6083
0.0179,4664
-0.178,9727
-0.186,10384
0.0422,4438
-0.0443,6460
-0.0696,7267
0.104,2447
0.411,323
-0.0448,6162
0.0346,4072
0.0404,4254
-0.223,10616
-0.0506,7401
0.651,1107
-0.152,8297
1.13,890
-0.0234,6049
-0.0809,7633
0.554,775
-0.4,9365
-0.153,9249
-0.0928,7468
-0.00909,5753
-0.0696,9061
-0.252,9761
-0.219,9227
-0.327,9976
-0.233,9453
0.181,1309
-0.394,10721
-0.301,9301
0.167,1984
-0.243,9822
0.161,2467
-0.0875,7624
0.16,331
-0.176,7407
-0.115,7417
-0.013,5517
-0.143,8557
0.124,1709
-0.106,7545
-0.11,7732
0.157,539
-0.833,10173
0.178,834
0.0516,3432
0.000482,5436
-0.13,9238
0.163,2603
-0.244,9977
0.251,2624
0.0798,1771
-0.0641,7413
-0.321,10282
-0.362,10901
0.336,1513
-0.0784,7130
-0.108,8894
0.000481,5372
0.197,2456
0.0605,3778
-0.302,8098
-0.285,9380
0.0705,3131
-0.00905,5493
0.267,1169
0.115,2589
0.105,1662
-0.232,9784
0.19,1185
0.115,2453
-0.134,8085
-0.204,9356
0.725,132
-0.359,10435
-0.101,9233
-0.0994,9149
0.00713,4882
0.214,1901
-0.274,9983
0.0178,4862
0.0445,3352
0.0434,3973
0.242,1202
0.535,171
-0.0438,6103
-0.137,10123
-0.138,8515
-0.0817,8165
-0.233,10051
-0.139,8520
-0.188,8746
0.333,158
-0.0429,8874
-0.114,8547
-0.109,8413
-0.0464,5769
-0.0411,6704
-0.147,7157
0.207,360
0.0279,4149
-0.262,9766
-0.221,9369
0.0869,3935
0.226,1343
0.0658,3077
0.00266,5472
0.0489,3663
0.0828,2819
-0.0639,6716
-0.185,9325
0.235,1603
-0.201,10308
-0.0543,6506
0.128,2121
0.755,78
0.119,3555
0.209,314
0.213,562
-0.159,8055
0.0835,3596
0.0293,4856
0.0164,4586
0.0132,4948
0.274,1397
-0.0172,6591
-0.0473,7212
-0.341,8968
-0.0229,5828
0.102,2492
-0.0216,6040
0.149,1380
-0.0588,7300
0.0452,4017
-0.153,7800
0.0157,4786
0.0166,4814
-0.112,7694
0.184,1594
-0.13,8434
-0.297,10762
0.111,1726
-0.017,5890
0.0697,3645
0.146,3070
0.58,990
-0.0222,5764
-0.0949,9264
-0.16,10750
-0.278,10114
-0.198,9047
-0.295,8740
-0.0126,5554
-0.134,9231
0.0221,4821
-0.0162,5647
-0.0869,7263
-0.054,6240
0.0402,4166
-0.0782,7518
-0.0228,6116
0.013,5160
-0.0457,6302
-0.149,8663
0.0685,2691
-0.164,9278
0.118,1461
0.341,53
-0.197,9392
-0.158,9607
0.184,545
0.022,4194
0.202,2220
-0.198,10137
0.132,942
-0.031,5799
-0.0816,7155
-0.113,9407
0.0895,2705
-0.0508,6542
0.0573,3384
0.688,22
-0.38,10613
0.0694,2459
0.0233,4717
0.904,75
0.134,2684
-0.137,8768
0.337,1262
0.224,1369
-0.108,9813
-0.00867,5642
-0.248,9596
-0.0573,7624
-0.307,10282
0.0376,4431
0.0426,4094
0.0629,4052
0.0478,3784
0.175,1657
-0.226,9801
0.0806,2184
-0.192,8787
0.194,1568
-0.0557,7628
-0.22,10090
-0.251,10153
0.0258,4253
0.119,1073
-0.263,9122
0.298,513
-0.0692,5931
0.0338,4602
-0.0626,8494
0.0852,1196
-0.114,7636
0.019,4956
0.0549,3360
-0.0383,6147
0.546,12
-0.0261,6533
0.175,1125
0.0711,3346
-0.169,8681
-0.107,6754
0.00527,5179
-0.076,8527
0.204,1341
-0.116,8053
0.00143,5160
-0.0149,5169
0.141,2184
0.0241,4867
-0.0255,6101
0.239,1134
-0.0215,5953
0.0114,5141
0.0976,2085
-0.0209,6151
0.27,880
0.46,380
-0.19,9499
0.117,2835
0.228,1564
-0.0447,6265
-0.0665,6101
-0.0176,5746
-0.084,8084
0.255,705
0.109,2927
-0.176,8379
-0.0494,7666
0.0452,4395
-0.0854,7806
0.222,830
0.208,2400
-0.271,10314
-0.0614,6852
0.0238,4830
-0.159,10666
-0.0191,6147
0.0122,4949
-0.129,8171
-0.256,9382
0.0977,2362
0.0206,4521
0.223,1673
0.00316,5024
-0.138,8753
0.0248,4404
0.176,481
-0.0448,6564
-0.258,9945
-0.175,9585
0.0467,4406
-0.0155,5950
-0.0372,7187
-0.051,6953
-0.02,5844
0.0975,2386
-0.052,4979
-0.0048,5471
0.15,1556
0.111,1208
-0.198,9008
-0.0112,5754
-0.146,8834
-0.116,8474
0.122,2213
-0.0925,7517
0.475,1902
0.185,3077
-0.22,10448
0.324,291
-0.239,8843
-0.28,9963
-0.0661,6964
-0.053,7424
-0.0507,6417
-0.0473,7414
0.0705,2116
0.0459,3484
-0.0201,6026
0.0659,2787
-0.045,6337
-0.152,7387
-0.114,8524
-0.0221,6218
0.478,38
-0.0115,5494
-0.202,9742
0.298,1077
-0.0606,7967
-0.225,9495
-0.193,9853
-0.103,8756
-0.189,9433
-0.254,10621
-0.0488,7489
0.0747,2703
0.0198,4867
-0.182,10013
0.35,595
0.69,179
-0.127,8635
0.0302,4051
-0.239,9321
-0.363,10283
-0.284,9540
0.358,947
-0.071,6462
-0.0831,7442
-0.114,8832
-0.154,9313
0.114,2494
-0.149,9141
-0.045,6897
0.0147,4777
0.381,2212
-0.508,10591
0.213,1736
0.242,1222
-0.0554,6478
0.0138,4763
-0.16,9369
0.0378,4271
-0.0886,7691
0.22,1280
-0.121,8478
-0.099,7492
-0.248,9591
-0.0559,6772
-0.0568,7241
-0.308,10585
-0.232,8738
0.105,3189
-0.204,8558
0.0873,1966
-0.0272,6546
-0.0676,6769
0.131,2515
0.297,2026
-0.0872,8748
-0.029,6460
0.0347,4393
-0.0361,6060
0.0309,4690
0.129,2933
0.126,2729
-0.348,11006
-0.0492,7675
0.0856,1984
0.295,527
-0.182,8755
-0.182,8025
-0.00908,5539
-0.435,10741
-0.133,8641
-0.0201,5666
-0.667,8781
-0.368,9069
0.26,626
-0.00883,5703
0.921,84
0.0561,4016
0.193,2718
-0.174,9810
-0.177,10204
0.0751,3304
-0.189,9843
-0.526,10582
0.163,2897
-0.0163,5514
-0.0232,6158
0.0408,3210
-0.184,9193
0.171,1438
0.0901,2562
0.0548,3840
-0.234,10611
0.191,671
-0.115,7502
0.216,2409
-9.12e-06,5355
-0.181,8826
0.0992,2410
-0.0714,7451
-0.434,10283
-0.2,7773
-0.018,6005
0.254,1975
-0.00257,5234
-0.195,9611
0.155,1350
0.11,2158
0.0717,2723
0.0535,3885
0.134,1956
-0.121,8362
0.197,1543
0.368,78
-0.0752,6508
0.0313,4608
-0.0484,6900
-0.15,9664
0.00596,5239
0.0299,4576
-0.137,8966
0.0567,3677
0.113,2106
0.0656,3045
0.0731,2818
-0.457,10583
0.621,526
0.13,3248
0.0419,3939
0.124,2177
-0.121,9346
0.258,1073
0.0579,3641
-0.117,7317
0.0195,4592
0.177,1821
0.307,824
-0.00985,5479
0.0601,3479
0.475,1026
-0.00393,5293
0.422,164
0.292,195
-0.111,6693
-0.114,8346
-0.0995,7760
0.121,2328
0.522,25
-0.193,8861
-0.133,9202
-0.278,10550
-0.129,9076
-0.105,9157
-0.225,10580
-0.0977,8451
-0.227,7435
-0.241,8727
-0.198,8381
-0.282,10951
0.041,4073
0.142,1720
-0.176,7710
-0.238,10491
0.544,529
0.0818,1726
0.0394,4183
-0.182,7320
-0.175,9870
-0.246,7895
0.0304,4666
0.0123,4837
-0.00906,5443
0.00525,5075
-0.064,5748
-0.184,7057
0.0031,5388
-0.00546,5552
-0.0933,7570
-0.0663,7087
-0.0568,6454
-0.301,7894
0.155,2861
-0.183,9454
-0.00863,5711
-0.0985,7718
-0.193,7608
0.0857,3374
-0.135,8470
-0.109,8681
-0.191,9244
-0.273,10021
-0.362,10673
-0.368,8995
-0.0168,5890
0.0783,3529
0.298,1271
0.0916,3262
0.212,597
-0.562,9107
0.145,2591
-0.0666,7043
-0.0722,9382
-0.176,9740
0.203,2310
-0.281,7115
0.281,1225
0.0292,4060
-0.0248,6769
-0.317,9232
-0.199,7684
0.301,1877
0.055,3929
-0.154,9612
-0.0306,6463
-0.179,10536
0.107,1870
-0.0845,7319
0.203,1694
0.34,116
-0.0813,6926
-0.101,7509
0.0322,4477
-0.221,10513
0.87,129
-0.00252,5254
-0.0503,6573
-0.15,9257
0.102,2292
-0.194,10201
0.131,2670
-0.197,10294
0.18,1987
-0.00809,5454
-0.0604,7458
0.324,730
0.154,2073
-0.0475,7006
-0.111,9140
-0.0586,7488
-0.189,9826
-0.339,10444
0.0511,3938
0.24,674
-0.184,10567
-0.359,9031
-0.294,10614
0.0344,4337
0.0491,4237
-0.254,10332
0.248,193
0.145,2350
0.107,3594
-0.0511,7007
0.236,1139
0.156,1521
0.068,2681
0.233,1548
-0.478,9676
0.263,1200
-0.0633,7461
-0.15,9606
-0.00724,5404
0.124,1832
-0.234,9523
0.0679,3944
0.232,2394
-0.0921,7908
-0.0361,6815
0.185,1848
-0.0597,7228
-0.121,8129
0.409,2103
-0.104,8467
3.61e-05,5541
-0.0664,6426
-0.0222,6217
0.606,2161
0.0847,3063
-0.0385,6829
-0.052,7131
0.00202,4928
-0.194,7143
-0.226,10290
-0.208,8022
-0.135,9433
-0.239,9874
0.12,3642
0.258,656
0.0459,4518
0.234,946
-0.00748,5751
0.0179,4846
0.196,1765
0.123,1266
-0.025,5857
0.103,3893
-0.173,8973
-0.0961,7858
-0.0539,7191
0.0441,3952
0.109,3361
-0.154,9234
-0.0448,6184
-0.0986,9150
-0.134,8321
-0.0546,6874
-0.492,9535
0.179,1789
-0.0048,5396
0.466,33
-0.167,9018
0.0917,2404
0.014,4422
0.136,1755
0.135,2086
-0.0429,5909
0.126,3417
0.356,313
0.0514,4917
0.125,2101
0.755,84
-0.0379,6201
-0.277,9616
-0.0753,7824
-0.0135,5626
-0.011,5698
0.103,1931
0.139,2248
0.0207,4519
-0.0353,6633
-0.118,7577
0.611,18
-0.143,9398
0.359,46
-0.194,7893
-0.0343,6559
0.328,923
0.164,2360
-0.313,9275
-0.0602,7086
0.386,267
-0.164,10325
-0.0895,7337
-0.145,7079
0.222,416
0.377,1146
-0.106,7654
0.305,513
0.184,1867
-0.213,10102
0.0527,3080
0.0137,4846
0.597,98
-0.296,9846
-0.182,7591
0.0783,3828
-0.0459,7443
-0.12,9913
-0.0944,5764
0.316,398
0.3,390
-0.0691,7830
0.0597,3778
0.12,1167
0.484,278
-0.303,8436
0.411,1935
0.202,605
-0.0839,7743
-0.0383,7450
0.255,2401
-0.0755,8289
-0.0396,3604
-0.292,9834
-0.00838,5354
0.0902,4050
-0.0563,6361
-0.0695,6860
0.018,4758
0.125,2990
0.196,858
0.00381,5224
0.367,92
0.111,3298
-0.17,8913
0.0823,3182
-0.048,7806
0.0636,3879
0.00596,5094
-0.413,10434
-0.379,9571
-0.07,7900
-0.0617,7515
0.152,1114
-0.0532,6897
-0.0809,7249
0.0706,3647
-0.384,9875
-0.209,10314
-0.118,8281
0.0446,4137
0.0152,4448
-0.179,7582
0.716,1141
0.0017,5277
-0.186,8411
0.0133,5188
-0.371,10425
-0.129,8587
-0.0543,6436
-0.192,10403
-0.119,7902
-0.42,10750
-0.0922,7762
0.162,3323
-0.134,8604
-0.0321,6573
0.201,590
-0.00335,5030
0.0559,3526
-0.391,10436
0.316,1025
-0.0527,7706
-0.184,10392
0.15,2646
0.0335,4422
0.16,2947
0.201,1951
-0.326,10312
-0.0669,7342
0.104,3138
0.0261,4597
0.449,844
0.301,1951
0.0379,4489
-0.0662,8923
-0.0524,5900
0.213,766
-0.298,9530
0.047,3925
-0.0729,7845
-0.289,10685
-0.0809,6043
-0.00791,5588
-0.569,7749
0.329,1634
0.235,624
-0.0196,5912
-0.265,9880
0.0198,4862
0.206,2424
0.181,2692
-0.0925,8069
0.0532,3393
-0.0841,7366
-0.386,9880
-0.0788,7032
-0.101,8596
0.12,2143
0.0785,1441
-0.223,5250
0.49,530
0.0321,4129
-0.0129,6038
-0.0647,7338
0.0358,4436
0.148,2318
-0.0339,6130
0.00844,4961
-0.065,6486
0.0966,2688
0.0831,3045
-0.132,8463
0.11,3710
0.567,473
-0.171,9048
-0.0535,7092
-0.216,10493
-0.0269,5973
0.211,1070
0.0861,4139
-0.117,6834
-0.0502,6631
0.305,353
-0.244,8555
-0.297,9136
0.504,145
0.0413,3589
0.168,2237
-0.137,8397
-0.253,6971
0.0499,3949
-0.012,5558
-0.15,7537
-0.272,10232
0.0792,3715
-0.141,7579
-0.496,10866
-0.0691,8216
-0.113,9207
-0.128,9395
0.184,655
0.0385,4269
-0.0106,5145
0.149,2672
-0.156,7263
-0.0541,7656
0.216,1002
-0.0485,6685
0.253,2362
-0.00841,5798
0.318,1001
-0.248,10275
0.131,3292
-0.0538,6847
0.269,2380
-0.233,8135
0.471,584
-0.0016,5421
-0.115,9545
-0.102,9013
0.15,2983
-0.455,9988
-0.217,9949
-0.341,10651
0.169,2025
-0.146,8467
-0.222,10511
-0.475,10761
0.103,3647
-0.0672,8838
-0.0674,7677
0.152,2178
0.122,2387
-0.146,5960
-0.0137,5319
0.0223,4468
0.0113,4958
-0.00546,5418
-0.336,10361
0.0257,4805
-0.221,8810
0.395,663
-0.109,6912
-0.286,10284
-0.35,10722
0.0245,4149
-0.0437,6843
0.231,1576
-0.0623,7015
-0.105,7653
-0.11,7929
-0.589,10190
-0.0371,7382
0.0411,4253
0.203,1401
-0.237,10507
0.175,2158
-0.163,9846
-0.159,6797
-0.138,9558
0.0684,3492
0.0848,3090
0.177,1220
0.301,247
-0.0452,5694
-0.186,10217
0.00983,5016
-0.0614,6776
-0.00757,5354
0.357,2098
0.156,2463
-0.0457,7059
0.088,3238
-0.299,8666
0.0115,4819
-0.164,9165
-0.0691,7491
-0.119,8379
-0.0237,6376
-0.317,10743
-0.282,7651
0.0961,3978
-0.0431,6764
0.00475,5269
-0.0287,6104
-0.00631,5574
0.21,765
-0.0941,8224
0.0865,3572
0.055,3807
0.162,1519
-0.0367,5494
0.163,2287
0.317,279
-0.214,8982
0.256,47
0.0199,4914
0.17,1551
-0.273,7318
0.105,2869
-0.098,7834
-0.437,10426
0.0865,2731
-0.0986,8402
-0.115,6987
0.254,1383
0.279,1318
0.0732,3008
-0.0433,7082
-0.126,7706
0.194,1868
0.00259,5316
0.0778,2993
-0.0678,7940
-0.101,9320
0.0105,5172
0.261,694
-0.333,7579
0.284,92
-0.168,9289
0.202,1329
0.09,3753
-0.0253,5832
-0.117,8205
0.0216,4857
0.119,1412
-0.121,8805
-0.446,10590
0.0168,5024
0.457,589
-0.0733,7290
0.215,313
-0.134,9257
-0.233,9623
0.572,32
-0.148,8045
0.0163,5096
0.229,809
-0.0719,8130
-0.153,8316
0.894,265
-0.012,5725
-0.0563,7704
-0.0255,6246
-0.0417,5478
-0.0117,5644
0.0314,3919
-0.269,10360
0.119,618
0.0883,2954
0.183,394
0.00396,5301
-0.232,10556
-0.182,9376
0.00621,5162
0.181,1948
-0.0302,5761
-0.105,8971
-0.00116,5335
-0.00294,5274
-0.13,7099
0.521,1399
0.005,5007
-0.201,7896
0.263,357
0.191,3311
-0.174,9225
-0.224,10844
0.327,232
0.503,97
-0.0557,7220
0.027,4544
0.721,627
-0.173,10738
0.158,1834
-0.0762,7319
0.0336,4818
-0.148,7196
-0.0846,6840
0.0922,2172
0.211,1355
0.101,2355
-0.0476,6966
-0.0412,6491
0.326,871
-0.117,10330
0.0726,2991
-0.0654,6266
-0.0463,6059
0.0209,4723
0.292,511
-0.0965,8884
0.211,943
-0.197,9375
0.0312,4594
0.0359,4502
-0.176,9237
-0.0453,7182
-0.0177,5824
0.395,242
0.107,3017
0.00266,5270
0.0509,4175
0.0125,5036
-0.0371,6710
0.068,3723
-0.265,8381
0.365,1978
-0.224,10319
-0.0895,7424
-0.167,8837
-0.324,10118
0.228,1045
-0.0614,6998
-0.287,7800
0.0345,4473
-0.114,9150
-0.0274,6012
-0.0972,8006
-0.0191,5834
-0.0668,6791
0.0165,4932
0.146,2708
-0.0543,6606
-0.423,9885
-0.149,10039
0.00634,5243
0.000608,5229
-0.103,8262
-0.0973,8024
-0.181,9097
0.0553,3893
0.32,221
0.132,1761
0.0598,4381
-0.263,5707
0.00645,4918
-0.0341,7168
-0.187,9584
-0.0349,7116
-0.116,6941
-0.233,9482
0.155,2018
0.0856,1637
-0.59,8751
-0.206,8159
-0.25,9386
0.119,3107
0.087,2531
-0.0181,5827
0.0884,3365
-0.296,9859
0.551,1575
0.0134,5021
-0.14,10090
0.0159,4617
0.0787,3245
0.29,1020
0.0456,3572
0.325,1055
-0.106,9247
-0.0787,8564
-0.0067,5177
0.0224,4651
-0.221,6671
0.149,1957
0.161,1921
0.331,819
-0.00727,5188
0.27,797
0.379,206
0.117,3822
0.0861,3479
0.343,1529
0.145,2697
0.318,389
0.784,90
-0.29,10872
0.186,1767
0.0653,3158
-0.14,9154
0.206,2308
0.317,1344
-0.138,8397
0.0258,4413
-0.0502,7131
-0.403,9276
-0.0876,6629
0.0762,3821
-0.0762,6836
-0.167,8864
-0.118,8754
0.152,2650
0.337,1490
-0.238,8725
0.081,3463
0.118,336
0.00402,5205
-0.0101,5841
-0.0044,5190
0.000692,5138
0.111,3012
-0.114,7521
-0.0619,6716
-0.0743,6944
-0.203,8740
0.00342,5024
0.0669,3972
-0.00528,5461
-0.132,8534
0.0581,3747
0.136,1662
-0.292,10519
-0.171,9797
-0.0536,7702
0.137,1319
0.229,480
0.16,2361
-0.0365,5829
-0.535,10046
0.0939,2297
0.342,198
-0.268,9562
-0.123,7655
-0.0706,5515
-0.093,7307
0.00399,5143
0.11,3595
0.0346,4360
0.0388,4591
0.0656,3776
0.149,2630
-0.0905,8140
0.105,1890
0.297,1921
-0.0216,5829
0.111,3842
0.211,1502
-0.157,9463
0.127,2264
-0.208,10927
0.0155,4796
-0.0308,6768
-0.0945,8503
-0.00065,5561
-0.0147,5770
-0.042,5836
-0.0127,4959
0.545,297
0.148,2853
0.056,3721
0.145,1690
0.0929,2104
0.0515,4113
0.104,3400
-0.0437,6594
-0.0399,7011
-0.0637,7411
0.0654,3960
-0.111,7715
-0.0769,6504
-0.2,8100
0.0283,4615
0.0586,3633
-0.17,7714
-0.0158,5482
-0.228,8145
0.0643,3302
0.0354,4439
8.97e-05,5273
0.0359,4329
0.117,2762
0.192,1389
-0.193,10423
0.022,4500
0.113,1847
-0.336,10478
-0.204,9517
-0.0412,5645
-0.0687,7526
-0.0717,8643
0.0842,3278
0.00485,5082
-0.0311,6071
0.0833,3510
0.199,2337
-0.15,7999
-0.0835,7514
0.277,299
-0.0333,6271
-0.176,8896
0.014,5003
0.0548,4351
0.00474,5058
0.126,3248
0.178,2408
0.161,1543
0.142,2585
0.433,1338
0.023,4504
-0.1,9020
0.0057,5423
0.209,1148
0.0902,3011
0.0628,3546
-0.108,9102
0.141,1807
0.0826,4090
-0.027,5662
-0.323,8492
-0.0508,6984
-0.0652,7239
0.14,1810
0.017,4990
-0.0999,8339
0.16,1900
0.324,1568
-0.09,6782
-0.00476,5282
0.172,1509
0.157,1861
-0.0476,5937
-0.0171,5531
0.332,169
0.107,1741
0.281,257
-0.0135,5490
-0.12,8072
0.128,2713
0.182,2931
-0.0965,8713
0.169,1212
0.0264,4597
-0.00338,5331
0.155,1916
-0.0309,7251
-0.0611,6631
-0.0438,7039
-0.158,8913
-0.088,7692
0.271,928
0.676,366
-0.192,10661
0.114,2415
0.2,603
-0.0237,5575
-0.25,9379
-0.329,9586
-0.0226,5759
-0.0928,8579
0.0191,5143
-0.181,9358
-0.244,10231
0.165,2406
-0.0263,5878
0.0358,3953
-0.102,7450
0.253,1368
0.166,1721
0.558,844
-0.16,10191
0.0479,3495
0.503,472
0.102,3257
0.386,2056
-0.219,7219
-0.0925,8547
0.0959,3010
0.0011,5305
-0.206,9345
-0.0304,5808
-0.506,10656
-0.135,9947
0.2,1328
0.00121,5404
0.0986,3614
-0.0912,7867
-0.544,10461
0.0307,3941
0.11,2129
0.285,1601
0.0832,3518
-0.0743,7628
-0.252,8697
-0.142,10324
0.0499,3187
0.41,469
0.0815,2543
-0.249,9935
0.145,2654
-0.0602,5964
0.0332,4558
-0.175,8159
0.253,1520
-0.389,9665
0.199,1326
0.0464,4039
-0.111,9193
-0.335,7079
0.587,263
0.189,2392
0.105,1634
0.125,652
-0.0418,7022
-0.281,10786
-0.248,9468
-0.198,7861
-0.105,7196
0.0897,2748
-0.25,9848
0.0839,3943
0.289,1128
-0.186,7768
-0.0443,6168
-0.135,8466
-0.0486,8762
-0.00694,5431
-0.148,5778
0.0174,4829
0.373,187
-0.0716,8015
0.306,763
0.509,1499
-0.236,10398
-0.384,10538
-0.306,9923
0.999,0
-0.159,10246
-0.151,8552
-0.0488,6410
-0.113,7484
0.0909,3096
0.0755,2299
0.0332,4563
-0.205,8972
0.171,2616
-0.194,8706
-0.0718,6061
-0.103,5555
-0.18,10909
-0.198,8688
0.0911,3254
-0.208,9711
-0.28,9606
-0.004,5224
-0.0192,5724
-0.463,10494
-0.0717,7332
0.377,460
-0.32,10925
0.244,571
0.0055,5343
0.0534,4340
-0.00957,5434
-0.0744,6856
0.115,3105
-0.0145,5660
0.00495,5083
0.231,1430
0.134,3011
-0.205,6982
-0.279,8874
0.236,1230
-0.063,6205
0.25,668
-0.0492,6598
-0.181,9456
-0.0566,6327
-0.171,10083
0.116,1819
0.11,2812
-0.162,8978
0.181,2142
-0.0844,6818
-0.0454,6988
0.23,1264
-0.108,7065
0.0112,4981
-0.067,7255
-0.178,8393
0.0259,3690
-0.294,10577
-0.257,9969
0.0923,3321
0.0198,4890
0.204,2957
-0.128,8716
-0.125,9988
-0.0997,7936
-0.0517,7245
0.0343,4704
0.0576,3755
0.171,2210
-0.0563,6520
-0.0553,6477
-0.0984,8592
-0.0932,6308
-0.177,8349
-0.163,7720
-0.0724,7234
-0.22,9528
-0.161,8489
0.115,2674
0.0659,3386
0.0143,4845
0.205,628
0.134,3208
-0.17,8019
0.174,1981
-0.367,10554
-0.0439,6579
0.0306,3798
0.288,444
-0.0769,7754
0.24,2539
-0.114,7674
-0.139,9322
-0.0602,6629
-0.0335,6191
0.255,998
0.275,1765
0.135,2087
-0.13,9640
0.000206,5465
-0.115,7775
0.136,2709
-0.116,7486
-0.491,10580
0.218,1799
-0.0601,6891
-0.000771,5476
0.399,2011
-0.0234,5674
-0.171,8183
0.0561,3556
0.0555,4119
0.477,354
-0.069,7512
-0.228,10297
-0.018,5685
0.0488,3754
0.0637,2589
-0.0286,5659
-0.156,8848
-0.0454,5653
0.142,3024
-0.0795,8150
-0.181,9210
-0.0302,6032
0.0485,4210
-0.169,10476
-0.063,6341
0.00769,4983
-0.368,10627
0.131,2379
-0.0303,6477
-0.0922,7804
-0.166,7648
0.0957,2938
-0.0452,5712
-0.184,9506
0.101,2476
0.238,1346
-0.267,9784
-0.011,5667
0.00899,4852
-0.0764,7891
-0.00778,5269
-0.186,7938
0.022,4569
0.0727,1894
0.082,3356
-0.0487,6293
0.113,2511
-0.209,8246
0.0088,4855
0.0881,2122
0.0354,4243
0.182,2521
-0.257,10687
-0.17,8754
0.0165,4426
-0.0187,6718
-0.0789,9012
-0.424,8504
-0.254,6888
-0.0441,7447
-0.0973,8203
0.00139,5092
0.157,1852
-0.367,8505
0.141,3243
0.633,44
0.107,3239
-0.124,9805
0.314,277
0.0152,5005
-0.244,8468
0.529,958
0.0919,2777
-0.0177,5555
0.169,1874
0.156,537
-0.122,7809
0.00107,5218
-0.0909,6777
0.0222,4644
0.0821,3479
-0.0353,6373
-0.196,8229
0.459,1222
0.11,1764
0.141,2283
0.0817,3079
0.102,2837
-0.0255,5764
-0.28,10714
-0.0481,7136
-0.324,10052
-0.0482,6462
0.0698,3201
-0.305,8916
0.756,33
-0.157,9645
-0.058,6885
0.0666,3950
-0.103,7287
-0.283,10746
-0.192,10255
0.221,735
0.104,1698
-0.309,9627
0.202,2020
-0.413,10640
-0.00897,5423
-0.0331,7445
0.0533,3733
-0.091,7686
0.0399,3768
0.192,827
-0.0191,5621
0.221,711
0.221,1413
-0.078,7357
-0.249,9905
-0.256,10110
-0.172,9643
-0.364,10165
-0.112,8135
0.0263,4153
0.025,4564
-0.18,9413
0.358,1538
0.0903,2500
-0.244,7783
0.122,2088
-0.000835,5359
0.354,708
-0.192,8784
0.119,2327
0.156,1054
0.1,2352
0.204,2775
-0.273,8523
0.0861,3968
-0.222,10223
0.0899,2836
0.572,108
0.151,2245
0.0334,4420
0.85,14
-0.0389,7362
-0.0995,7642
-0.0312,5642
0.116,1545
-0.203,9448
-0.244,9797
0.0967,2989
-0.0641,7044
0.189,1757
-0.186,9288
-0.543,10530
0.311,696
0.191,625
0.214,1410
-0.287,10677
0.556,314
0.0309,4453
-0.0561,5629
-0.178,10801
0.344,1729
-0.183,9223
0.0728,3720
0.164,2742
-0.0964,4631
-0.0559,7314
-0.451,9311
-0.284,9508
-0.182,9840
-0.248,9097
-0.0621,6697
0.188,698
0.182,2076
-0.133,9165
-0.437,10840
-0.153,9075
-0.0775,7808
-0.0743,9105
-0.147,9302
0.119,3609
-0.211,9743
-0.185,8595
-0.0839,5995
0.114,2419
0.127,2465
-0.0898,7868
0.0353,4568
0.208,1352
-0.0625,6706
-0.026,6812
-0.158,9156
-0.0457,6797
0.109,1946
0.293,1325
-0.333,10314
0.0651,3498
-0.0924,8211
-0.00382,5376
-0.145,8913
0.265,460
-0.281,8490
-0.0878,8569
0.102,1798
0.0706,3253
0.164,2680
-0.0877,7017
-0.0301,5639
0.0269,4495
-0.159,9820
-0.164,8829
0.338,1014
-0.124,8364
0.199,2578
-0.0364,6330
0.15,766
-0.308,10233
0.135,2771
-0.322,8938
-0.346,10255
-0.156,10237
0.122,2571
-0.044,5813
0.282,338
-0.0245,5790
-0.0554,7018
0.0348,4234
0.189,615
-0.103,7986
0.245,1215
0.113,3539
-0.154,8429
0.0987,2876
-0.0234,6214
0.0544,3126
-0.297,10899
-0.245,9310
-0.0171,5998
-0.35,10087
0.0105,5136
0.238,215
-0.233,9785
0.0831,1915
0.0085,4984
-0.0464,6710
-0.186,9914
-0.222,8736
0.127,1963
-0.123,6682
0.151,2714
-0.121,9874
-0.102,9061
0.000177,5591
-0.0259,5966
-0.0721,8221
-0.426,10548
-0.0784,7797
-0.0241,6334
0.0137,4767
-0.126,7693
0.0076,4971
0.17,1966
0.11,2830
0.052,2996
0.0151,4766
-0.0557,6903
-0.108,6471
-0.2,10261
-0.14,10002
0.134,2624
-0.271,10002
0.000638,5315
0.113,3298
-0.246,10223
0.0863,2856
0.121,544
0.333,150
0.00095,5541
-0.112,7497
0.0352,4502
0.129,1930
0.00452,5183
-0.111,7285
0.0918,3427
0.654,173
-0.595,9940
0.092,3046
0.0268,4754
0.0758,3956
0.0831,2061
0.0967,2753
0.0237,4428
-0.372,10800
-0.0757,7892
-0.176,8603
-0.00247,5210
0.0847,3655
-0.486,7494
0.00691,4942
0.235,831
-0.313,10018
-0.191,9523
-0.0359,5549
-0.068,6618
0.253,618
-0.146,10250
0.281,1254
-0.452,10261
0.0845,3294
0.00992,5089
0.26,239
-0.0403,6657
0.0372,4564
-0.363,10131
-0.128,7930
0.355,1965
0.0162,5047
0.0409,4059
0.0443,4529
-0.108,7265
-0.0299,5303
0.00974,4883
-0.156,9099
0.172,831
-0.0422,6406
0.103,1873
-0.143,8478
0.207,2693
0.0482,4083
0.104,3672
0.238,2160
-0.243,9780
0.147,2679
-0.158,9255
-0.355,10837
0.000408,5308
0.165,1634
-0.224,10125
0.0153,5260
-0.193,8377
-0.0279,6341
-0.0134,6246
-0.0355,6420
-0.339,9695
-0.174,8620
0.15,2318
-0.0363,7597
-0.0425,6894
-0.0306,5965
-0.118,8773
0.042,4175
0.112,3288
-0.0425,6794
0.0291,4315
-0.102,7736
-0.0329,6724
0.308,727
-0.0725,7432
-0.0335,6399
-0.0313,6355
-0.0807,7377
0.112,3492
-0.0913,7107
0.109,1759
0.0621,3207
0.0357,4425
-0.267,8182
-0.197,8668
0.00875,5169
-0.23,7952
0.0325,4621
-0.129,9149
0.193,1942
0.21,1605
-0.276,7330
0.0922,3305
-0.059,6225
0.169,1326
-0.0619,7165
0.0893,2993
-0.0243,5417
0.11,1280
0.115,1779
0.0378,4002
-0.0363,6562
0.736,25
-0.0423,5660
0.16,3047
0.0692,2636
-0.0441,6561
0.306,1458
-0.106,7449
-0.0612,6223
-0.00317,5424
-0.16,8180
-0.0999,9460
-0.0285,6137
-0.122,8437
-0.376,10672
-0.0962,7090
0.052,2866
0.274,76
-0.292,9978
-0.109,8131
0.0521,2978
0.169,2805
0.117,2117
0.0362,4023
-0.0554,6721
-0.126,6999
-0.574,10903
0.297,57
-0.136,9448
0.0163,4724
0.0355,4012
-0.137,9134
-0.0328,6165
-0.0931,5936
0.307,497
0.172,1164
-0.0696,6941
0.0687,2886
0.0181,4964
0.0485,3264
-0.00606,5924
-0.0659,7633
-0.033,6149
-0.0165,5855
-0.252,8966
-0.164,7961
-0.236,9909
-0.00363,5408
0.141,2742
-0.293,9695
-0.0396,6995
-0.589,10519
-0.432,10552
-0.0342,6711
0.0566,3587
0.399,230
-0.0454,6269
0.0557,4152
0.0145,4670
0.0243,4672
-0.131,9164
-0.0611,6295
0.119,2744
-0.197,7861
-0.113,7530
-0.0389,6865
-8.33e-17,7346
