coef,rank
0.0546,4326
0.401,260
0.00236,5381
-0.0407,5687
5.41,5
-0.424,8819
-0.313,8419
0.0962,3001
-0.0194,5822
0.302,607
-0.277,10248
0.449,398
-0.0593,6948
0.0624,2948
-0.0231,6215
0.0237,4891
-0.287,8367
0.355,1960
0.0224,4521
0.0676,2172
-0.255,10622
-0.0131,5684
0.201,2572
-0.273,9001
-0.165,9457
-0.131,8014
0.151,2792
0.101,3112
0.0573,3460
0.132,3655
0.0796,3576
0.218,633
-0.107,7636
-0.469,10278
0.031,4471
-0.136,7686
0.236,750
0.0162,4599
0.381,141
-0.142,7389
-0.0111,5570
0.0872,3435
-0.0393,6715
0.0216,4219
-0.0584,6615
-0.14,8867
0.325,813
-0.226,8507
0.0472,2968
-0.00788,5834
0.443,419
-0.0149,6074
0.162,2433
-0.257,9788
-0.26,9916
0.0831,2227
0.016,4637
-0.272,9214
0.34,1758
-0.11,7096
0.13,955
-0.0447,7204
-0.133,7796
-0.114,7555
0.0319,4165
0.00897,4827
0.203,1228
-0.141,10015
-0.235,10596
-0.147,9718
-0.323,10784
-0.107,6048
-0.0357,6291
0.302,220
-0.156,9084
-0.116,7418
1.42,4
-0.129,9392
0.0602,3578
0.0314,4410
0.0614,3908
-0.224,10178
-0.0306,5602
-0.176,7770
-0.103,9178
0.0192,4691
-0.0687,7346
0.337,1116
-0.345,10773
0.185,2501
-0.0131,6007
-0.0605,8301
-0.0916,7258
0.116,2891
0.164,2723
0.134,3004
0.581,107
0.0989,2242
0.059,4208
-0.158,10498
0.0115,4971
0.122,2839
0.201,794
-0.0111,5657
0.283,342
-0.283,10354
0.2,2582
0.179,2395
-0.205,9214
0.0887,3297
0.286,872
-0.0717,7119
-0.274,7427
-0.192,8612
0.018,4863
-0.1,9451
-0.26,9613
-0.258,10671
0.0745,2664
0.00102,5319
-0.0492,6597
0.236,167
0.0761,2751
0.12,1573
-0.00173,5263
-0.273,8227
0.112,1680
0.0618,3880
0.16,2655
0.188,1475
0.451,378
0.0893,3536
0.198,676
-0.079,7848
0.00797,4994
-0.232,10734
-0.615,8314
1.54,4
0.17,795
-0.0311,6399
0.399,838
0.0417,3931
-0.355,10350
-0.0841,7457
-0.193,9709
0.0426,4375
0.258,1508
-0.0348,6133
-0.0842,8427
-0.0453,5989
-0.0655,7447
-0.173,10406
-0.079,4827
0.227,1291
-0.645,10832
0.0214,4741
0.2,764
0.00166,5383
-0.245,9111
-0.0109,5607
0.18,1592
-0.0419,6733
-0.269,10394
-0.0721,8885
0.112,2654
0.0134,5331
-0.0847,8297
-0.132,9766
0.0897,3580
-0.086,8341
-0.105,7789
-0.157,7318
-0.168,10122
0.18,644
-0.0446,7971
0.142,1578
-0.198,10478
-0.124,7915
-0.671,10792
-0.0456,7421
-0.153,9648
0.089,3545
-0.25,10408
-0.224,10262
0.0101,4700
-0.0862,9749
0.00225,5230
0.104,2606
-0.0202,5532
0.121,2054
0.635,916
0.116,2104
0.125,1872
-0.0266,7095
0.0922,2552
-0.0467,6246
-0.255,8625
-0.142,9333
-0.295,10279
0.754,7
0.0123,4845
0.14,2681
-0.0715,7060
-0.174,7869
-0.0294,6453
0.308,298
0.186,1799
-0.349,9236
-0.054,6752
0.0969,3413
-0.0728,7670
-0.047,7323
0.19,1255
0.0433,4431
0.311,1044
-0.184,8880
0.0608,2435
-0.00893,5764
-0.00513,5422
-0.342,10761
0.18,2433
-0.451,10639
-0.0899,7452
-0.0488,7191
0.0341,3718
0.281,1301
0.489,548
0.0901,3359
-0.116,9143
0.156,782
0.119,1453
0.201,1696
-0.304,10688
-0.178,9156
-0.132,7543
-0.0325,7232
0.336,424
0.0756,3669
0.0741,4143
0.203,1392
-0.11,7254
-0.0987,4312
-0.442,10303
0.103,2654
0.228,994
-0.16,8885
-0.109,8968
0.109,2968
0.0719,3873
0.154,1820
0.284,3779
-0.236,8949
-0.0819,8371
0.0498,3334
-0.255,8906
0.267,2247
0.567,485
0.595,1035
-0.129,8878
-0.178,9854
0.0818,3099
-0.159,9440
0.205,1690
-0.134,8458
-0.0253,6141
-0.101,7690
0.0304,4519
-0.179,9756
0.0865,3366
-0.0953,6779
0.21,1350
-0.0323,7058
-0.0919,7787
-0.232,9926
-0.201,9177
-0.0658,7007
-0.0724,7084
-0.0981,7021
-0.31,10644
0.00252,5200
0.0158,5121
0.0485,4030
-0.102,8149
0.125,3221
-0.376,10892
0.547,201
-0.231,9311
0.0577,3999
-0.243,10981
0.0362,4457
-0.205,9204
-0.172,8258
-0.137,7985
-0.0518,6288
0.00216,5491
0.00506,5208
-0.393,10216
-0.0381,6201
-0.0792,6470
0.0145,4646
-0.169,9408
0.25,405
0.0671,3471
-0.371,10767
0.0992,3093
-0.336,9629
-0.015,5925
-0.291,10141
-0.161,9640
-0.0846,6390
-0.0307,5480
0.0901,2380
-0.0554,7485
-0.119,8775
0.155,1896
0.223,2676
-0.534,10945
-0.0699,6916
-0.202,8581
0.344,1199
-0.162,8026
0.0678,3819
-0.173,8140
0.0882,4256
0.0132,4784
0.0548,3928
-0.0177,5867
-0.0998,7695
-0.0535,7495
0.132,3465
-0.178,10593
0.0436,4037
0.00465,5151
0.568,216
0.119,2200
0.354,1648
0.111,1972
-0.178,10468
-0.241,10786
0.108,2175
0.127,2315
0.0648,3951
0.0798,2625
-0.0654,6139
-0.0351,5594
-0.147,10493
-0.0478,7451
-0.177,8814
-0.0943,8251
0.0464,4105
-1.03,10500
-0.404,8888
-0.184,4626
-0.0122,4423
0.411,1323
0.235,3129
0.0451,4493
-0.354,10700
-0.109,8151
-0.0675,6869
0.108,1252
0.0407,3060
-0.715,9783
0.0806,3758
-0.227,9510
-0.117,7611
0.273,871
-0.114,9714
-0.466,10257
-0.535,11024
0.383,144
0.138,2418
-0.0447,6017
0.0867,2564
-0.303,10667
0.126,3059
0.0107,4881
0.614,895
0.0343,4577
-0.128,9413
-0.158,7613
0.146,547
-0.0274,5725
-0.137,6669
0.066,3454
-0.204,10258
0.133,2009
-0.0563,6510
0.204,3066
0.0215,4685
0.218,449
0.179,1212
0.113,2831
0.0444,4525
0.049,4199
0.227,2353
0.137,2307
0.0664,3131
-0.579,10753
0.00749,5132
0.355,544
-0.0718,7174
0.0409,4161
0.202,915
-0.105,7947
-0.0919,6985
-0.213,9249
-0.000516,4975
0.0157,3977
-0.136,9229
0.00346,5174
0.27,1846
0.133,2829
-0.355,10681
0.054,3533
-0.00868,5924
-0.109,11030
0.088,3172
-0.231,8103
0.379,184
0.313,1781
0.0551,3001
0.264,1327
-0.0303,5779
0.413,395
-0.398,9584
0.01,5230
-0.0514,7358
-0.24,10089
0.0195,4899
0.252,1336
-0.0531,6751
-0.226,10845
-0.00572,5707
0.0784,3702
0.0627,3761
0.0319,4692
0.146,1689
0.0943,3644
0.169,1165
0.0118,4935
-0.183,4757
-0.0641,6127
0.27,1317
-0.271,8686
0.12,1788
0.126,3044
0.151,2902
0.047,4439
-0.365,10499
-0.363,9782
-0.0217,6145
-0.432,10334
0.261,1972
0.347,212
-0.0385,5842
-0.194,9613
-0.139,10288
-0.0962,9507
-0.0649,6757
0.19,1878
0.113,2766
0.278,337
-0.0245,6301
0.607,222
-0.0828,6933
-0.258,9399
0.086,3820
0.149,2857
-0.201,9893
0.0557,3745
-0.277,9952
-0.0702,6641
0.221,453
0.253,678
-0.257,10502
-0.228,10189
0.0704,3200
0.29,2060
0.162,1323
0.547,17
-0.0226,6155
-0.112,6627
-0.0668,7727
0.132,2790
-0.18,8154
-0.125,8700
-0.0435,6834
0.0911,2456
-0.0312,6145
-0.22,10546
-0.199,9822
0.0361,4362
-0.0669,10435
0.219,1114
-0.0318,6555
0.572,576
-0.00663,5012
-0.09,8394
-0.211,10442
-0.0228,6265
0.277,739
-0.197,9184
-0.238,7511
-0.116,8105
0.0741,1979
-0.139,9838
-0.149,7056
-0.247,10196
0.171,3185
0.0521,4241
0.51,339
-0.0893,8855
-0.0531,5556
0.107,3919
0.021,4964
-0.0327,5615
-0.0973,9009
0.134,1491
-0.0146,5964
0.185,701
0.0914,3733
-0.0285,5867
-0.266,10943
-0.15,8861
0.0907,4090
-0.254,9141
0.812,88
0.26,3142
0.0504,3551
-0.0844,7864
-0.122,7778
-0.00614,5735
0.117,2427
0.27,1777
0.0577,3312
0.0383,3612
4.1,6
-0.412,8394
-0.153,6248
-0.238,6925
0.0842,2854
0.134,3134
-0.0545,6998
0.0162,4704
-0.134,8028
-0.214,9918
0.149,1560
0.0109,4992
0.124,2553
0.109,2707
-0.127,6525
-0.0526,5630
0.245,538
-0.0513,6293
-0.298,10422
-0.138,8441
0.279,788
-0.0203,5599
-0.185,9635
0.466,195
-0.0078,5517
-0.308,10937
-0.0121,5408
0.183,1859
-0.0827,8170
-0.1,8499
0.0134,5130
-0.142,9139
-0.00454,5255
0.0486,3528
0.111,2372
-0.357,10428
-0.331,10772
-0.28,10455
-0.0553,6476
-0.183,9227
0.0894,2914
0.0508,3195
-0.0789,6049
0.185,1291
-0.096,6845
-0.113,6050
0.00909,5117
0.18,1337
0.0313,4543
0.0685,3106
-0.182,10344
-0.00534,5361
0.326,100
0.171,1173
-0.165,9583
-0.00343,5360
-0.0999,6573
0.0459,4667
0.0933,1335
-0.117,7945
-0.251,9406
-0.0111,5572
-0.227,9563
-0.0664,7324
0.159,1798
-0.112,8622
0.0369,4643
0.157,2754
-0.312,10803
-0.27,9689
0.227,653
0.185,678
-0.151,7213
0.0169,4581
-0.387,9823
-0.321,7924
0.18,1237
0.0799,3199
0.306,737
-0.132,8711
0.0468,4198
0.305,900
-0.131,8806
-0.00828,5749
0.0847,1931
-0.0301,6364
0.0656,3769
0.00983,5140
0.205,735
-0.111,7183
-0.0962,8668
-0.199,8387
-0.149,6040
0.0448,4135
0.0196,4412
0.0533,3072
0.0604,3648
0.636,82
-0.374,10787
0.0995,1979
-0.00417,5649
-0.137,9302
-0.00928,5228
-0.199,8821
-0.0948,6745
-0.0231,5939
-0.219,9665
0.246,1796
-0.00416,5400
0.0904,3813
0.241,683
-0.0997,8972
-2.64e-05,5202
0.226,2711
0.0292,4542
-0.369,9902
-0.158,7968
-0.0452,7580
-0.0384,5825
-0.347,7784
-0.586,7391
0.375,1599
0.109,3967
0.332,1268
0.174,2452
0.11,2474
0.0335,4692
-0.0271,6577
-0.0239,6889
0.267,1497
0.543,677
-0.359,9237
-0.0287,6477
0.082,3147
0.524,1
-0.355,10565
-0.107,8168
0.248,1840
-0.0294,6232
0.491,29
0.167,1992
-0.0386,5394
0.0324,4642
0.0971,3374
-0.339,10321
0.00586,5195
-0.182,10337
0.43,762
-0.104,8858
0.285,1270
-0.236,9327
0.0574,3662
-0.483,10949
0.0572,4185
0.997,253
0.131,2543
-0.143,7878
-0.0629,7061
-0.118,8494
-0.239,9291
-0.166,8504
-0.485,10938
-0.305,9884
0.0317,4577
-0.0935,7882
0.471,133
0.655,893
-0.269,9653
0.0627,4119
0.0837,3094
0.0529,3909
0.0464,3751
-0.104,7897
-0.312,8176
-0.608,7727
-0.0466,6946
-0.0422,7273
-0.106,9034
0.0808,3737
0.0473,3046
-0.11,7039
0.108,2658
-0.00482,5874
0.0668,4082
-0.0491,6125
-0.23,9521
-0.337,10667
-0.173,8923
-0.0394,6874
-0.109,7207
-0.229,8772
0.292,3032
-0.404,10394
-0.0513,7216
-0.0628,7127
-0.102,7409
0.129,2130
-0.313,10888
-0.324,9125
0.0534,4000
-0.0397,6444
-0.0921,7753
0.0223,4571
0.151,3413
-0.623,9549
-0.176,10122
-0.00454,5437
0.136,1834
0.0482,4009
0.118,2765
-0.0394,5625
-0.00648,5551
0.314,277
-0.225,9978
-0.23,8529
0.0218,4811
0.0292,4399
-0.000586,5609
-0.132,10183
-0.17,9399
-0.303,9903
0.00706,5232
-0.193,9502
0.0968,3758
-0.101,8929
0.288,821
-0.156,8467
0.047,4388
-0.182,7529
0.122,2666
-0.326,10465
-0.00758,5333
-0.392,9869
-0.38,10376
0.0494,4058
0.0572,3343
-0.184,8132
-0.149,6815
-0.00625,5563
-0.285,9864
0.0299,4718
-0.281,10898
-0.0807,7143
-0.113,7164
-0.119,9633
-0.181,6792
0.117,3866
-0.033,6252
-0.0676,8404
0.186,1806
-0.00986,5477
-0.000928,5378
-0.016,5215
-0.117,8969
-0.0998,8294
-0.00586,6181
0.0058,4222
0.105,15
0.00719,4001
-0.00464,6381
-0.661,7899
-0.0499,6449
0.706,1089
1.02,1315
-0.567,7663
0.107,2796
0.118,3211
-0.155,6241
0.143,2830
-0.515,10229
0.0737,3208
-0.283,9968
-0.4,6510
-0.0755,7385
-0.166,8125
-0.0833,9363
-0.0223,5580
0.047,4131
-0.326,9868
-0.267,9495
-0.458,10032
-0.208,8768
-0.237,10346
-0.2,9002
1.43,406
-0.513,10802
-0.433,10842
0.5,2422
0.0088,5168
0.193,1237
-0.0538,6280
0.214,1323
0.108,2008
0.0843,2347
-0.169,8590
0.0808,3912
0.0868,3171
0.268,2201
0.21,1464
-0.124,9544
-0.0468,8221
0.251,815
-0.162,9436
0.162,2492
0.687,200
-0.00845,5271
-0.0872,7796
-0.135,7852
-0.146,8731
-0.163,9021
-0.0717,8010
-0.0491,7340
0.184,1390
0.0666,3580
0.000349,5388
-0.0903,6611
0.385,1600
-0.0422,6477
-0.146,9246
4.6,1
-0.265,10840
-0.369,10473
-0.162,8496
-0.0689,7504
0.128,2485
0.216,2057
0.0407,4153
-0.385,10166
-0.109,8237
-0.0788,8041
-0.128,9098
0.104,2588
0.226,1085
-0.31,10500
0.12,3528
0.0925,2326
-0.113,9329
0.852,432
-0.0735,6624
-0.00919,5682
0.0694,3836
-0.119,8661
0.229,340
-0.516,6996
-0.529,7184
-0.158,9789
-0.337,8056
-0.0578,6593
0.00602,5251
0.197,2465
-0.0711,7422
-0.104,7097
0.015,4893
-0.123,9285
0.067,3176
-0.188,6458
-0.085,5539
-0.338,6626
-0.121,7283
-0.256,9910
-0.0973,7533
-0.133,6389
0.189,1459
-0.0988,8496
0.0564,4018
-0.122,8593
0.232,1256
-0.125,8048
-0.0331,6240
0.00571,5322
0.124,2304
0.304,415
0.128,3093
-0.0197,5774
0.0898,3615
0.314,810
0.159,1965
0.0711,3897
-0.226,7841
0.847,64
-0.197,9568
-0.344,10359
0.0243,4576
0.0622,3693
-0.000561,5341
-0.131,8774
-0.501,11001
0.0948,2355
-0.00346,5413
0.059,2030
-0.198,9515
-0.0923,7825
0.142,2422
-0.0694,8741
0.575,114
-0.0408,7266
-0.351,8539
0.131,2949
0.161,3012
0.564,154
-0.175,10624
0.308,650
-0.393,8926
-0.224,9975
-0.0774,7530
0.124,3613
-0.22,10683
-0.136,8363
0.155,3107
-0.144,8511
-0.0859,7144
-0.435,10678
-0.0325,7066
0.25,391
-0.0964,6701
-0.0849,8060
-0.0577,6145
0.0137,4881
-0.047,6042
0.347,1198
-0.263,10249
-0.218,9680
0.103,1968
0.155,2631
-0.0681,5882
-0.113,7042
-0.393,10059
0.147,1232
-0.107,7820
0.108,2775
-0.379,9923
0.198,2826
-0.206,5739
-0.148,10105
-0.0929,8057
-0.259,8060
-0.149,8872
-0.387,10068
0.0371,4667
-0.118,9532
-0.194,10768
-0.0968,9753
0.213,2037
0.0354,4038
-0.0987,8564
-0.119,9602
-0.0515,6911
-0.265,10162
0.0963,2508
-0.0185,5434
-0.0101,5187
-0.133,8671
-0.217,10215
0.282,754
-0.319,10544
0.577,72
0.0298,4880
0.0921,3599
0.187,1082
0.103,3117
0.0877,3781
-0.203,8479
-0.0289,6139
-0.19,9996
0.0814,4020
0.358,723
0.124,1984
-0.183,8976
0.472,45
-0.00616,6082
-0.299,9826
-0.394,8064
-0.52,10159
-0.113,8382
-0.134,9727
0.0764,3294
-0.35,10502
0.225,869
-0.35,8569
0.0815,2663
-0.0289,5916
-0.112,9480
-0.381,10707
-0.0308,5970
0.402,2169
0.318,1473
0.158,2986
-0.361,10998
0.25,1648
-0.385,10925
0.0854,3767
-0.312,9662
-0.0643,7426
0.0274,4395
0.648,642
0.194,1755
0.157,2483
-0.0393,5662
-0.287,10870
0.141,2035
-0.154,8063
-0.0664,6703
-0.294,9786
-0.308,9363
0.123,2574
0.134,2020
-0.284,10624
0.409,521
-0.103,8854
0.169,3722
0.0413,3332
0.125,2218
-0.11,7575
-0.235,9147
0.156,2994
0.146,2172
-0.209,9461
0.429,839
0.0296,4652
-0.06,7001
-0.0484,7776
0.0673,3559
-0.104,8867
-0.024,5999
-0.153,9771
0.0127,5004
0.227,1417
0.000484,5514
-0.0844,8642
-0.234,10552
0.239,549
0.163,1888
-0.126,8964
-0.144,7688
-0.179,9864
-0.0277,6597
-0.0374,5038
-0.131,7883
-0.0418,6141
-0.0276,5638
0.215,1110
-0.0842,7967
0.262,1472
0.0188,4899
-0.753,9402
-0.198,9594
0.188,1644
-0.0476,6724
0.104,1778
-0.109,7336
0.0164,4776
-0.124,7929
0.0853,2832
-0.162,7668
0.139,2780
-0.00849,5668
-0.133,9244
-0.0582,7856
0.228,659
-0.103,7866
0.113,3297
0.132,2474
-0.0468,6949
-0.024,6348
0.211,523
-0.197,10439
0.508,219
0.24,2681
-0.0298,6726
-0.0405,6854
0.0204,4872
0.0836,2805
0.217,2471
-0.00281,5201
0.281,1171
-0.117,8342
0.285,1071
0.391,434
0.156,3382
0.00677,5041
0.107,2210
-0.0174,6138
0.189,2197
0.0314,4615
-0.0602,6909
-0.375,10064
-0.0456,6834
-0.135,9871
0.0222,4576
0.00163,5348
-0.13,7402
1.33,32
0.133,2570
0.0152,4816
-0.0563,7471
-0.0468,6202
-0.143,9817
0.0956,3789
-0.00617,5660
-0.114,7585
-0.158,8406
-0.125,6267
-0.412,8216
-0.221,9870
0.18,1616
0.162,898
-0.115,8552
-0.0236,6268
-0.285,7454
0.0199,4658
-0.179,10507
-0.0221,6352
0.164,2645
0.144,2930
0.0137,4642
-0.0454,6571
0.218,417
-0.109,8398
0.23,2035
0.0573,4010
0.104,2718
-0.219,6281
-0.0678,6599
-0.261,9393
-0.0953,8017
-0.00486,5299
0.0994,1343
0.245,1427
-0.098,9572
1.12,0
0.508,100
-0.188,9879
0.177,3384
-0.272,9448
0.188,431
-0.175,10065
0.209,698
-0.12,7561
-0.188,8605
-0.0178,5535
-0.000417,5467
0.103,2343
-0.147,7643
-0.00353,5364
0.0043,5174
-0.144,8456
-0.142,8588
0.218,789
-0.0775,6723
-0.185,8106
0.189,1552
-0.0893,8574
-0.14,8002
0.229,1548
-0.103,7273
-0.0371,6104
-0.047,6588
0.0417,3513
-0.108,8659
0.0934,3359
0.153,1539
0.0101,5297
-0.048,7001
0.0845,2439
-0.0872,8647
0.0222,4598
-0.552,10593
0.0883,3411
0.000357,5140
-0.102,8522
-0.159,8479
-0.156,6927
-0.232,9739
-0.0626,6809
0.00444,4793
-0.188,10231
-0.0845,7409
-0.0198,5888
-0.0917,7619
0.0829,3462
-0.168,8748
-0.228,9011
-0.0344,6799
-0.0273,6340
0.0568,4014
0.606,385
0.696,382
0.221,1026
0.0236,4233
-0.0201,5982
-0.206,10072
0.275,597
0.258,642
-0.116,9138
-0.0681,7909
0.176,1306
0.158,2700
-0.213,6565
0.124,3723
-0.185,9016
0.174,1562
-0.116,7465
0.209,256
-0.189,8474
0.0321,4640
0.0419,4455
-0.0708,7048
0.333,268
0.12,3599
0.0197,4662
0.0383,4714
-0.0384,6747
0.0659,2668
0.246,463
-0.197,8728
-0.128,8488
-0.0784,6516
-0.0686,8782
-0.0733,7488
-0.0183,5583
-0.153,9036
-0.178,9830
0.574,248
0.039,4468
0.434,1105
-0.466,10955
0.341,855
-0.108,7193
-0.183,5794
-0.24,10098
-0.144,7547
0.0376,4353
0.0917,2968
-0.105,7228
0.0537,4284
-0.194,10213
0.121,2909
0.155,2050
0.142,3676
-0.0625,7526
0.079,3696
0.00556,5122
0.00737,4984
-0.108,7173
0.00246,5253
0.0105,4882
0.1,3104
0.16,186
-0.349,10617
0.117,2599
0.0202,4729
0.215,864
-0.114,9372
0.125,2294
-0.116,7651
-0.146,9571
0.0128,4902
0.164,1124
-0.0679,8097
0.0201,4340
-0.0334,6380
-0.358,9837
0.287,1445
0.0192,4503
-0.176,9549
-0.307,10452
0.0888,3238
-0.362,10035
-0.345,9714
-0.125,7588
-0.0347,6436
0.0489,3899
-0.00622,5595
0.194,963
-0.198,7225
-0.00858,5578
-0.175,10262
0.268,271
0.00473,5180
-0.0969,8587
0.805,102
-0.105,7712
-0.0116,5871
0.236,236
-0.0699,7104
0.122,2520
-0.123,7934
0.468,486
-0.151,8790
-0.129,9946
-0.177,8744
-0.00968,5603
-0.029,5933
-0.382,10684
-0.202,9961
-0.0641,8305
-0.0795,7869
0.222,852
-0.108,7568
0.281,710
-0.0168,5806
-0.0738,8013
-0.201,9467
-0.00647,5458
0.0103,5060
-0.39,10819
0.000498,5311
0.0952,2912
-0.12,7890
0.0243,4633
-0.18,9723
-0.0969,6961
0.112,3033
-0.12,8813
0.213,1011
-0.322,8568
0.214,754
-0.00449,5331
-0.0011,5482
0.336,2935
0.0316,4713
0.0707,4128
-0.211,6003
0.0555,3704
-0.229,9593
0.538,1000
-0.214,9875
-0.138,8547
0.122,3345
0.00999,4815
0.116,1256
-0.0632,6436
0.105,3455
-0.238,10032
0.127,3335
-0.081,7989
-0.18,10468
-0.328,10521
0.0235,4660
-0.284,9714
0.0752,2588
-0.249,8501
-0.119,8865
-0.419,10124
-0.176,10351
0.309,849
-0.158,9235
0.00305,5272
-0.0296,6090
0.166,1949
0.0805,3024
0.285,2481
-0.203,7261
0.0469,3431
0.0951,1688
-0.368,10522
0.388,130
0.0209,4821
-0.578,9261
-0.0693,7941
-0.0835,7610
-0.157,8641
0.0309,4530
0.113,2957
-0.0787,7077
-0.0548,7218
0.0249,4424
-0.0661,8256
0.254,549
0.0115,5147
-0.0976,8517
-0.0284,7486
0.0438,4295
0.736,63
-0.105,9350
-0.223,8914
-0.0366,6459
0.111,1793
0.0153,4801
0.0532,3915
0.03,4960
-0.127,9151
-0.189,8308
0.0405,3847
0.279,454
-0.0428,9843
-0.0848,6457
-0.0263,9600
-0.164,7907
0.0255,4670
-0.572,10424
0.223,1860
-0.125,8926
0.183,1854
-0.249,7170
0.00337,5162
0.191,2764
0.296,1686
0.185,563
0.194,2498
-0.0532,6093
-0.0187,5897
-0.13,8664
-0.0163,5529
-0.0491,7089
0.000496,5185
-0.0729,5675
-0.0614,5301
-0.0804,6631
0.171,1788
-0.112,8556
-0.202,10393
-0.139,9362
-0.0752,6694
0.293,1802
-0.266,9971
0.0402,3112
0.039,4249
-0.221,10330
-0.0789,7489
-0.278,10573
0.203,2790
0.023,4305
0.0245,4353
0.304,359
-0.02,5739
-0.0899,8252
-0.208,8367
0.261,1729
-0.0424,6556
0.134,2489
-0.0143,5500
-0.0897,7500
-0.218,8277
0.156,1249
-0.0155,5868
0.0203,4571
0.253,1511
-0.559,10952
0.118,3881
-0.0562,6641
-0.206,8655
-0.0458,6765
-0.00601,5507
0.0679,4403
0.0631,3703
-0.274,10917
-0.202,10053
-0.33,10370
0.434,80
-0.146,8402
1.01,116
-0.208,10054
0.0553,2377
0.746,119
0.326,650
-0.269,9783
-0.334,9423
0.0803,2756
-0.0218,5872
0.0536,3863
-0.000558,5391
0.105,3022
-0.28,10584
-0.0699,9197
-0.0326,7626
-0.103,8513
0.128,2069
0.158,3560
-0.0353,6487
-0.0575,7691
-0.101,6912
-0.109,7285
-0.347,9748
-0.0888,6337
-0.227,9855
-0.196,9090
-0.0157,5907
-0.15,8845
-0.0172,6133
0.0808,3628
0.102,2878
-0.175,9396
-0.0631,7548
0.327,922
0.0723,3645
0.144,2016
0.192,1284
0.0264,3924
0.0404,3512
0.682,288
-0.0414,5298
-0.609,10849
-0.156,8142
-0.051,6090
-0.0473,7011
0.0499,3877
-0.157,9696
0.187,1765
0.142,2322
0.0975,2699
-0.267,9780
-0.414,10014
-0.137,6624
0.33,2636
0.0338,4494
-0.14,9519
0.0502,4313
-0.185,8352
0.0492,2816
-0.25,8139
-0.126,6080
-0.0663,8115
-0.0321,6076
0.0306,4714
0.0644,4380
-0.649,10115
0.241,1594
0.0735,3417
0.208,707
-0.0895,6536
0.202,3289
-0.128,9734
-0.0702,7905
0.0087,4969
0.18,1210
-0.182,10819
-0.112,8265
-0.111,7954
0.344,404
-0.0691,7128
0.0185,4568
-0.0432,5880
0.149,1894
0.443,834
0.244,2921
-0.264,10157
0.107,3246
-0.157,8482
-0.108,8424
-0.283,9075
0.306,736
-0.0145,6377
-0.0576,8257
-0.0411,5397
-0.000837,5132
0.474,1206
0.464,848
-0.181,10477
-0.016,5920
-0.0979,7802
0.113,3300
0.0691,3447
-0.0509,6752
0.0531,3348
-0.102,7791
0.126,2929
-0.08,7227
-0.00437,5372
-0.173,8052
-0.192,9352
0.0381,4203
-0.388,10996
0.0135,4959
-0.156,9364
-0.325,10395
-0.212,10192
-0.00786,5767
0.185,1269
0.18,2570
0.997,209
-0.422,9125
0.0068,5000
-0.111,8640
0.242,2159
0.29,1848
-0.0557,7277
0.065,3247
-0.0276,6488
0.0969,1980
0.0167,4717
-0.0277,5732
0.00977,4904
0.12,2966
0.227,523
0.0205,4612
0.0186,4565
0.154,2245
0.0656,2482
0.454,1015
0.0603,2753
0.0508,3759
-0.15,7909
0.00739,4876
0.387,89
0.0787,3749
0.0672,3206
-0.352,9552
-0.0904,7729
0.221,1431
-0.179,8073
-0.45,10736
-0.135,9447
0.19,754
0.317,73
0.475,49
-0.14,7585
-0.235,10777
0.117,1367
-0.144,7732
-0.422,9778
0.167,1545
-0.23,9826
0.0742,3120
-0.0912,6981
-0.16,10471
-0.369,10837
0.154,2458
0.255,721
-0.0787,7644
0.312,929
0.124,2571
-0.265,9991
-0.251,9039
-0.195,7727
0.282,249
-0.002,5305
0.104,3453
0.0716,3488
0.0637,4021
-0.139,7576
0.0126,4630
0.00613,5198
-0.197,7931
-0.0498,7330
0.258,2134
0.495,955
0.000223,5227
0.301,575
-0.0243,6703
-0.292,10751
-0.11,8580
0.1,2653
-0.0599,7526
0.163,1060
-0.194,8937
-0.518,10985
-0.236,9846
1.1,7
-0.0245,6065
0.129,1649
-0.106,7487
0.292,664
0.102,3264
-0.0788,6803
-0.152,8564
-0.0716,7673
-0.441,9644
0.0593,3450
-0.213,10049
-0.0787,7005
-0.0856,7961
0.161,1065
0.107,1918
0.39,712
0.336,1029
-0.175,8911
0.0693,3114
0.0912,3162
-0.00258,5105
0.0113,4861
-0.0425,6003
-0.0661,6400
0.157,1928
-0.0439,6826
-0.574,9711
-0.114,6824
0.426,815
0.534,2051
-0.0215,5884
-0.257,7571
-0.158,8872
-0.334,9723
-0.115,8321
-0.178,9587
-0.0368,6729
0.0698,2976
0.714,394
0.0928,3281
0.219,1326
-0.00546,5574
-0.0328,7084
0.0675,3195
0.0111,4889
0.0593,4220
-0.12,6675
0.342,433
0.0176,4413
0.00428,5122
-0.0143,5596
-0.313,8433
-0.218,9639
-0.184,8090
-0.113,8490
-0.0468,6925
-0.329,10336
0.434,231
-0.218,9698
-0.196,10043
0.00167,5092
-0.129,7377
-0.0699,4193
-0.236,9733
-0.0445,6657
-0.106,8155
-0.0544,6151
0.0382,4456
0.199,2386
0.0109,5212
-0.362,9862
-0.139,9507
-0.0103,6087
0.203,1798
-0.103,7794
0.0553,4211
0.245,1514
-0.112,9007
0.0861,2960
-0.359,9234
-0.231,9451
-0.117,7150
-0.445,9032
0.00484,5126
-0.0579,6647
0.192,1851
0.213,1903
-0.135,7867
0.252,2975
-0.00178,5404
0.166,1808
-0.0497,4845
-0.763,9546
0.0333,4499
-0.295,7061
0.0295,4002
0.114,2035
0.797,1158
-0.293,8692
-0.128,7755
0.0074,5183
0.241,1428
0.0463,3717
-0.016,5882
-0.0489,6232
-0.0943,6234
-0.0953,7428
-0.0925,8658
-0.125,8222
-0.245,9119
-0.146,9058
0.107,3003
0.0219,4450
-0.0919,7726
0.18,1977
0.326,1424
-0.0612,6836
0.189,1780
0.0364,3967
0.15,3157
-0.0614,6135
-0.0223,5750
1.35,3
-0.0165,5614
0.0123,4910
0.11,2059
-0.16,9711
0.173,2533
-0.0237,5979
-0.182,9528
0.0258,3499
-0.0349,7641
-0.444,10293
-0.362,10867
-0.0853,8583
-0.0889,7337
0.0632,3074
0.269,131
-0.388,8561
-0.317,9466
-0.807,10650
-0.148,8733
-0.0228,5473
0.352,816
-0.38,10858
0.682,74
-0.291,9988
0.0117,5061
0.0586,3626
-0.159,8690
-0.314,9775
-0.212,8057
0.0768,3768
0.186,2140
0.0347,4266
-0.0384,6025
0.0554,2684
0.124,2562
0.0417,4174
0.0434,4447
-0.00722,5498
0.134,1797
0.261,377
0.495,54
-0.205,7471
0.00343,5357
-0.0087,5629
0.0333,4336
0.127,2775
-0.123,6883
0.365,209
-0.0772,6444
0.104,2564
0.189,1824
0.0216,4685
-0.00797,5656
0.0419,3703
-0.143,8619
0.296,328
0.328,245
0.371,422
0.139,1632
0.223,1099
0.16,1802
0.118,1012
-0.115,9378
0.0841,3630
-0.384,10656
0.0797,2235
-0.242,10761
0.127,2420
-0.00756,5625
0.0269,4650
-0.0686,6664
0.635,70
-0.203,7998
-0.0948,7570
0.0458,3851
0.0878,3388
-0.479,10174
-0.0386,5999
-0.198,9243
0.153,2345
0.159,1974
0.261,1109
-0.237,7116
-0.104,9438
0.414,853
-0.097,7311
-0.0676,7720
0.0527,4597
-0.114,8272
-0.00296,5367
0.908,269
-0.207,10625
-0.357,10232
0.0584,3834
-0.216,9663
0.143,1664
-0.431,10516
-0.0659,8352
-0.0711,7670
-0.0407,5736
0.181,2698
-0.0492,6323
-0.136,9539
0.195,240
0.0699,2328
0.136,1622
-0.139,7986
0.0706,3050
0.171,2052
0.0862,2640
-0.315,10409
0.068,3682
0.104,3213
0.331,1304
0.0264,4424
-0.103,7987
-0.0847,7104
0.0527,4287
-0.111,8964
0.0963,4213
0.533,74
0.0362,3697
-0.107,7252
0.258,1023
-0.0433,6845
0.141,1711
-0.215,9386
0.0455,3594
-0.00745,5441
0.452,268
-0.305,9269
-0.291,9645
0.121,3881
0.033,4292
-0.0423,6997
3.87e-05,5392
-0.102,7217
0.148,2418
-0.251,9364
-0.115,8229
0.069,3470
0.0536,4406
0.0102,5087
0.407,1043
-0.288,9201
-0.0502,7173
-0.179,10003
-0.126,7938
-0.159,9730
0.0825,3978
0.0845,3956
-0.106,9601
-0.166,8357
-0.17,8904
-0.114,9085
0.235,1404
-0.0293,5261
-0.186,9082
0.242,1605
-0.109,8353
-0.197,9237
-0.132,7769
-0.0248,6110
0.13,1818
0.0704,3988
-0.128,7857
-0.0173,5799
1.87,1
0.0946,3777
-0.0716,8986
-0.00933,5870
-0.142,9522
0.101,2222
-0.331,10838
-0.0447,6884
-0.0744,6814
0.126,1083
-0.336,10914
-0.18,8558
-0.397,10637
0.185,1200
-0.189,9642
0.252,897
0.114,3698
-0.187,9364
-0.254,10468
-0.0565,5602
0.13,1560
0.000887,5564
0.157,763
-0.04,6922
0.0876,3098
0.181,1943
0.227,2068
-0.39,10301
-0.227,10489
0.186,2251
0.585,307
-0.119,7859
-0.041,5877
-0.0075,5949
-0.0897,7013
-0.225,9295
-0.156,8489
0.132,3026
0.0496,3957
-0.0656,6605
0.00113,5344
0.0142,5055
0.241,628
0.189,865
0.0081,5041
0.0631,3569
0.37,281
-0.303,10950
-0.195,7811
0.249,1486
-0.146,10186
0.0452,3723
-0.00453,5210
-0.07,7811
-0.134,8033
-0.142,10629
0.0634,3845
-0.0725,8252
-0.198,9954
-0.247,10359
-0.151,7400
-0.233,8946
-0.137,7377
-0.0961,7096
-0.263,10707
0.0449,4504
-0.134,5953
0.0971,3530
-0.122,7826
0.11,2642
0.0955,3267
0.0254,4565
-0.16,9971
-0.214,8134
0.101,1112
0.0987,856
-0.0141,5256
0.262,1712
0.156,408
-0.352,7748
0.0519,3448
0.0884,2218
-0.0387,6081
-0.0303,5770
-0.444,10034
-0.17,7854
0.163,1373
-0.0335,6253
0.0134,4861
0.0497,4043
-0.51,10464
-0.0137,5443
0.0114,4845
-0.168,10319
0.224,1035
0.175,2523
0.94,173
0.226,1531
0.091,1852
0.0785,3431
0.112,1744
0.386,938
0.144,3207
-0.0734,7113
-0.105,9227
-0.0698,8886
-0.131,8204
0.771,376
-0.142,8311
0.409,914
-0.116,7369
0.238,1327
-0.133,8063
-0.0138,5789
0.323,1444
-0.193,8699
0.127,1491
-0.256,9027
-0.411,10768
-0.0952,8839
0.184,3086
-0.196,7763
0.0386,3737
0.18,1749
-0.0495,5968
-0.0982,7288
-0.261,10335
-0.31,9626
-0.0786,7325
0.112,2823
0.0588,4033
-0.273,8845
2.48,342
-0.0675,6295
-0.159,9351
0.211,1767
0.399,218
0.3,604
-0.0384,5968
-0.021,5796
-0.128,8317
0.313,191
0.209,991
-0.504,9431
-0.292,9904
-0.171,8532
-0.067,6905
0.064,2440
-0.3,10022
-0.194,8527
0.0775,2964
-0.0455,6211
-0.0292,6967
-0.11,9859
-0.136,7007
0.0496,4592
-0.13,8108
0.0322,4537
0.122,2917
-0.0831,7345
-0.0746,6849
-0.164,7860
-0.104,6397
-0.401,9930
0.0273,4665
-0.117,9372
0.375,1020
-0.0442,6040
0.33,1156
-0.527,9383
-0.242,10842
-0.0108,5786
-0.0504,5899
-0.198,10353
0.743,25
-0.204,8918
0.145,2093
0.125,1621
-0.0287,6033
0.123,2201
0.257,2016
-0.192,9807
0.128,2047
0.108,2155
-0.145,8141
0.185,2451
-0.198,8103
0.373,171
0.0412,3955
-0.0924,9383
-0.0382,6079
0.208,2283
0.975,544
0.00516,4634
-0.15,8561
-0.0191,6262
-0.048,6066
-0.0884,7776
0.0113,4967
0.459,1195
0.0835,3034
0.126,1420
0.136,2401
0.245,1573
0.0122,5247
0.309,1664
0.0246,4266
0.115,2742
0.00146,4865
0.0331,4346
-0.0226,5696
-0.0826,6475
-0.235,10644
0.129,1717
0.154,1780
0.0819,3542
0.347,1539
0.0175,4814
-0.138,10334
-0.185,6811
-0.0851,8576
-0.0335,6173
-0.232,8516
0.432,1118
-0.0676,7721
0.118,1690
0.0443,4649
0.287,716
-0.133,7958
0.728,1506
-0.0359,5833
-0.106,7513
-0.0941,6325
0.205,1638
0.197,2257
0.0179,5079
-0.0233,6222
0.13,2948
0.137,1261
-0.0466,6349
0.151,2034
-0.00154,5005
-0.0806,7710
-0.22,8076
-0.25,10008
0.0161,5102
-0.192,9815
0.0905,3214
-0.0531,7174
0.0211,4659
0.424,261
0.0858,3891
-0.087,9844
0.0693,3858
0.109,2393
-0.0244,5599
0.229,1461
-0.0274,5550
0.0993,3360
0.0682,3613
-0.145,7553
-0.393,10790
-0.0201,5669
-0.127,8281
0.277,450
0.0354,4514
-0.144,10490
-0.257,9542
-0.0983,7323
0.0523,3900
-0.00689,5494
0.135,1369
-0.0847,8511
0.315,1007
0.166,2116
0.962,42
-0.127,8872
-0.219,10227
0.0855,2945
-0.128,8131
0.0271,4624
-0.343,9931
-0.429,10138
-0.0376,6243
-0.136,9931
0.0469,3671
-0.0195,5956
0.25,2843
-0.422,9915
-0.0507,7782
-0.195,10899
0.337,904
-0.049,6184
-0.597,10348
0.213,800
-0.229,10376
-0.0463,7044
-0.296,10325
-0.349,10499
-0.306,10975
-0.0662,8388
0.0327,4003
-0.00776,5808
0.0699,3491
-0.14,9470
-0.0834,7497
-0.0171,5664
0.142,2447
-0.0876,7912
-0.24,8736
-0.396,10970
0.169,2746
-0.227,8829
0.00629,5154
-0.278,10182
-0.13,8546
-0.625,10648
0.0147,4431
0.246,1184
0.00579,5248
0.428,762
0.0478,4704
0.0432,3076
0.008,5132
-0.185,9561
0.212,429
-0.222,10764
0.225,1236
0.062,3553
0.0765,3762
-0.111,8080
0.256,532
0.0917,3238
-0.125,7669
0.0648,3933
0.0281,4567
-0.462,10806
-0.31,10137
-0.0605,6535
-0.0681,7301
-0.263,7608
0.0771,3977
-0.0383,6149
-0.186,10012
-0.0545,7063
-0.158,7986
0.14,1163
-0.285,9280
-0.0595,8051
-0.0483,6794
-0.0591,8392
0.0383,4599
-0.139,7889
0.0337,3666
0.426,486
0.34,79
-0.281,10524
0.597,135
0.17,1875
0.00175,5121
-0.231,7887
-0.282,10739
-0.094,8575
0.236,670
-0.177,10816
-0.155,10119
-0.0873,8053
0.204,2652
0.131,1995
-0.0162,5809
-0.0511,6472
-0.157,8477
-0.0422,6125
-0.0655,6190
0.0331,4316
0.644,150
-0.906,10485
-0.117,9498
-0.151,8767
0.147,2567
-0.0142,5851
0.127,1489
-0.15,9188
0.121,2700
-0.00585,5465
-0.083,7025
-0.0952,7004
0.333,257
0.284,711
-0.0926,7526
-0.0418,5929
-0.159,9402
-0.21,10863
0.0966,2525
-0.00715,5375
-0.0973,7585
0.0739,4216
-0.26,9752
-0.151,8898
-0.104,8913
-0.0219,6046
-0.416,9052
-0.101,7329
-0.161,8526
-0.223,10597
-0.0275,6211
0.101,3364
0.216,1477
-0.113,8187
0.0488,4542
0.014,4881
0.0321,4366
-0.0464,7680
0.338,142
-0.144,8354
0.173,2160
0.0474,4445
-0.0258,5831
-0.1,8747
0.141,2820
0.142,1849
-0.133,9256
-0.111,6896
-0.113,9954
0.192,938
-0.0852,6558
-0.267,9156
0.347,665
-0.178,10572
0.0645,1992
0.00831,5237
0.563,91
0.271,1860
-0.147,9378
-0.168,8852
0.137,2922
-0.128,8559
0.715,1282
-0.0104,5055
0.491,1668
0.0324,4624
0.000959,4357
0.199,828
-0.251,9389
-0.352,10693
0.157,2992
-0.409,9947
-0.148,9421
-0.109,10524
0.131,2662
0.0373,4174
-0.0716,7534
-0.1,7216
0.0633,3854
-0.00498,5474
-0.132,7244
-0.191,8870
-0.167,7358
-0.0879,8404
0.196,1451
-0.0856,7840
-0.069,6069
-0.00768,5225
0.533,303
-0.213,10916
-0.318,10146
0.0997,2086
-0.418,7452
-0.161,8566
-0.358,10649
0.313,467
0.195,916
-0.187,9199
0.0331,4287
0.403,120
-0.306,9578
0.0366,4490
-0.00372,5523
-0.118,10717
0.161,1523
-0.263,9484
0.385,950
-0.0307,5839
-0.166,10299
0.393,26
0.246,1549
-0.446,9988
-0.331,10883
0.131,3417
-0.21,9592
0.0839,2596
-0.000426,5288
0.0748,3907
-0.162,9934
-0.357,8878
-0.103,8712
-0.112,8857
0.32,1151
0.104,2832
0.223,2075
-0.179,9018
0.479,249
0.161,2855
0.0144,4899
0.457,407
0.327,840
-0.286,8086
0.156,2825
-0.1,8454
0.0855,3212
0.0837,3401
-0.206,9653
0.151,2709
-0.0246,6190
-0.143,10109
-0.0647,6632
0.313,1331
0.0819,4384
-0.255,9507
-0.0795,7853
0.0458,3539
0.157,1926
-0.293,9123
0.0168,4941
-0.309,10324
-0.396,10699
-0.269,8872
-0.213,10496
-0.174,8800
-0.375,8321
-0.0411,6761
-0.143,10193
0.14,1870
0.0376,4312
-0.111,8290
0.14,2282
0.111,2743
0.263,942
0.114,1745
-0.0259,5584
-0.22,9533
-0.222,9211
-0.0401,6150
-0.0232,6406
-0.101,9022
0.759,32
-0.277,10122
-0.242,7437
0.221,2105
-0.0767,7347
0.0217,4751
-0.0913,6819
-0.121,8128
-0.489,10657
0.054,4125
-0.00111,5358
-0.00354,5359
-0.144,8034
0.15,2009
0.382,204
-0.189,9320
-0.101,7771
-0.0607,7382
0.363,73
-1.13,11015
-0.362,9612
0.389,545
0.42,41
0.0151,4713
0.146,1665
-0.165,8498
0.00162,5117
0.37,403
0.0244,4445
0.0248,4409
-0.0324,6282
0.3,679
0.204,1413
-0.353,10482
0.0759,1906
0.23,1369
-0.0115,5387
-0.27,9715
-0.0625,6433
-0.332,8714
0.213,973
0.601,12
-0.0703,7099
0.0259,4866
-0.12,7628
-0.154,8752
-0.111,9130
-0.134,9884
-0.129,8639
0.255,1132
-0.0937,7113
-0.0656,6771
-0.119,10369
-0.252,10575
0.234,1264
-0.0132,5898
0.073,3186
-0.13,8137
-0.142,7870
0.181,333
0.0392,4064
-0.0946,6893
0.0341,4142
-0.22,8775
-0.0316,6629
-0.0684,8055
0.191,1833
0.406,239
-0.0434,5442
-0.32,9090
-0.305,10898
-0.0189,6186
-0.159,10107
-0.263,10725
-0.25,10037
-0.144,8356
-0.0687,8120
-0.123,9847
-0.144,8886
0.0234,4777
0.256,1433
0.515,140
0.155,1935
-0.117,8137
0.0627,4120
1.13,50
0.00654,5151
-0.125,5881
0.366,648
-0.00845,5376
0.0394,4501
0.0408,4361
0.441,704
0.181,2094
-0.14,9280
0.0378,3770
-0.0536,6654
-0.0903,7374
0.117,2788
0.945,779
-0.0104,5558
-0.145,8903
-0.199,7888
-0.0318,5530
0.0343,4358
-0.128,8912
0.183,2254
0.0472,4302
-0.208,9989
-0.142,8894
-0.215,9608
0.277,1833
0.0808,3086
0.0231,4677
0.844,18
-0.108,8928
0.0889,3761
-0.15,7166
0.0878,2877
-0.0898,9897
-0.389,10135
0.181,1868
-0.063,7787
0.184,529
0.00218,5290
0.148,1839
0.177,1689
0.0355,4353
-0.419,10426
0.0706,1450
-0.0495,7715
-0.0838,7609
-0.227,8769
-0.526,10606
0.181,2427
-0.18,7349
-0.0154,6246
-0.164,9695
0.158,1927
0.175,2559
-0.175,8680
0.0632,3626
-0.0206,6465
-0.169,10327
0.0502,4431
0.0653,3762
-0.354,9788
-0.11,7434
-0.354,10604
-0.0513,8147
-0.0116,5493
-0.0443,6368
0.291,2448
0.224,375
0.17,506
-0.0255,5790
0.0862,3492
0.266,1564
-0.0365,5931
-0.008,5890
0.138,519
-0.138,9845
-0.0516,5972
-0.462,8124
0.687,415
0.132,2887
-0.199,10212
0.0969,2474
0.0267,4651
-0.135,7306
0.113,2531
-0.448,10547
-0.0906,9144
0.169,1797
-0.0907,7517
0.00171,5348
0.0355,4742
0.0164,4881
0.759,1004
-0.0173,5892
-0.0305,5656
0.0504,3909
-0.176,8191
0.00997,4980
0.015,4495
0.2,1257
0.0292,4786
0.999,276
-0.0108,5478
-0.215,7363
-0.137,9618
0.119,1396
0.007,4783
2.78,211
-0.0249,4944
0.481,1450
0.119,3663
0.0411,4184
0.0977,3753
0.0877,3463
-0.156,7447
-0.0373,5871
0.0308,4338
-0.108,7707
-0.578,8301
-0.0425,5487
0.555,2100
0.181,2904
0.197,456
-0.0401,6955
0.228,3565
-0.609,9604
-0.237,8461
-0.115,7245
0.316,1041
-0.0993,8391
0.346,1408
0.00118,5287
0.113,1735
0.54,282
0.107,2827
0.289,784
0.904,1465
-0.293,8073
-0.298,10108
-0.245,8953
-0.0249,5969
-0.102,8047
-0.285,8055
0.327,1207
-0.106,7809
0.861,596
0.0644,4041
-0.235,10521
-0.0455,5845
-0.148,8424
-0.00239,4980
0.441,1831
-0.138,9696
-0.0342,6230
0.105,3402
-0.0681,7780
-0.644,10989
-0.262,9952
0.0456,3914
0.161,1132
-0.082,6983
-0.216,9051
0.06,3865
-0.257,9584
0.048,4102
-0.031,5664
-0.135,9235
-0.0285,6457
-0.0417,7484
0.204,2022
-0.0241,6006
-0.0343,6059
-0.0877,7791
-0.0394,7067
0.00688,4955
-0.268,7736
-0.574,9814
-0.168,7088
-0.185,7282
-0.346,9755
0.19,1206
0.115,2977
-0.153,7376
-0.108,8296
-0.0837,7610
-0.0239,6377
0.808,17
0.0981,3296
-0.133,9768
-0.295,9590
-0.194,10280
-0.152,9153
-0.142,7117
0.14,2151
0.179,1821
-0.322,9937
0.0496,3665
0.141,498
-0.386,11018
0.317,702
0.0962,2373
0.0744,3507
-0.127,8925
0.0307,4479
0.197,248
0.269,1190
0.256,382
0.0363,4315
0.00074,5364
0.376,219
0.109,2425
0.209,749
-0.31,9665
-0.237,10113
-0.0602,8281
-0.0308,8634
0.0157,5024
-0.307,10052
-0.0425,6876
0.0194,4764
0.103,3428
0.0248,4670
0.0607,4101
-0.0647,6259
0.205,1538
0.698,9
-0.0427,6724
-0.183,7924
-0.188,10203
-0.0803,6258
0.288,1374
0.163,2449
0.135,818
-0.0582,7339
0.168,2015
-0.117,8001
-0.0905,7017
-0.148,7700
-0.207,9941
0.1,2619
-0.0647,8110
0.217,1451
-0.136,8464
0.0507,3670
-0.148,8178
-0.158,9067
-0.375,10796
-0.226,8785
0.144,3188
0.052,4266
-0.0234,6403
0.092,2371
-0.0441,7141
-0.0767,7379
0.0373,4583
-0.122,9767
-0.00509,5815
-0.246,10190
0.174,2372
0.268,2409
-0.0544,6655
-0.224,9976
0.0268,5027
-0.0845,8401
-0.242,10468
0.175,2344
-0.288,8774
0.969,292
-0.0864,7955
0.11,1317
-0.409,10058
0.302,2081
0.459,1553
-0.28,8037
-0.398,10872
-0.305,9631
0.151,2547
0.242,851
-0.202,8170
0.0261,4213
-0.061,7307
-0.0405,6840
0.0534,3971
-0.0969,8729
0.0436,4454
-0.414,9562
0.038,3234
-0.267,9738
-0.076,8390
-0.057,6956
0.0563,4347
-0.403,10840
0.0328,3739
-0.0532,6781
0.285,587
0.257,1198
-0.0951,7544
0.098,2653
0.0532,3552
-0.0947,9191
0.0181,4789
-0.375,10224
-0.377,9627
-0.0622,6576
-0.0503,7374
-0.154,7616
-0.0192,6094
0.0286,4232
-0.0769,6236
-0.394,8209
-0.127,9568
0.133,860
0.146,2998
0.288,947
-0.0541,7891
0.112,2929
-0.0613,7766
-0.0629,7386
-0.337,8599
0.109,3482
0.098,3582
-0.13,8324
0.176,2297
-0.0123,6012
0.12,2342
-0.0419,6625
-0.0856,7387
-0.2,8549
-0.0282,6070
-0.165,10172
0.361,359
-0.0573,7065
0.0932,3256
0.281,1414
-0.166,10229
-0.0315,6456
0.13,2321
-0.163,7940
0.894,60
0.0647,3509
-0.0479,6889
0.111,3420
0.248,1514
-0.0484,7591
0.174,1932
-0.317,9774
-0.363,10051
0.0365,4476
-0.00465,5162
-0.325,10897
-0.186,8023
0.116,2713
-0.0839,7110
0.207,1595
-0.0517,6880
-0.172,8100
0.0704,4200
-0.0993,6819
0.0315,4028
0.315,254
-0.15,8447
-0.289,9714
-0.288,4555
0.00616,4934
-0.196,10223
0.0278,4700
-0.132,8215
-0.268,9741
-0.0807,7938
-0.27,9654
-0.131,9450
0.0569,4118
0.162,3110
0.388,360
0.164,776
-0.00845,5575
0.234,1442
-0.0575,8098
-0.0356,6799
0.31,206
0.257,1204
-0.225,9691
-0.0509,7058
-0.43,10792
0.0345,4805
-0.219,9010
-0.123,7712
-0.25,8366
-0.113,7265
-0.0316,7248
-0.207,9214
-0.0645,7015
-0.0183,5751
0.283,642
-0.191,9313
0.013,4655
-0.0821,5145
-0.0664,5934
0.213,3358
-0.0716,6708
-0.0575,6244
-0.157,4245
-0.23,10055
0.106,3366
0.14,2294
-0.153,10144
0.0518,4195
0.083,3657
0.344,541
0.0869,3502
0.184,1660
0.1,1497
-0.145,8835
-0.104,6928
0.12,3680
-0.0619,6620
0.0132,5103
0.522,238
-0.125,8341
-0.031,6619
0.325,214
0.0629,4335
-0.0264,6647
0.0279,4160
-0.0642,7327
-0.0205,6333
-0.0182,5721
-0.208,6378
0.265,207
0.114,2434
-0.253,9706
0.266,882
0.187,2214
0.889,103
-0.0229,5855
-0.0156,6218
0.0783,3823
0.0442,4409
-0.148,9042
-0.0645,7002
-0.154,8817
0.281,1801
-0.168,8963
-0.083,6482
0.275,571
-0.00572,5726
0.22,339
-0.276,9348
-0.467,10615
-0.168,7998
0.125,3212
-0.154,9856
-0.309,10170
0.066,3580
0.228,1185
0.00178,5328
-0.167,9778
0.122,2412
0.176,2368
0.12,2641
-0.153,9241
-0.354,10721
-0.238,10637
-0.152,10196
-0.21,10469
-0.269,10683
-0.0712,6352
0.00218,5140
-0.0747,6596
0.141,609
0.0782,3715
0.0194,4274
-0.136,7698
-0.0674,6695
0.0337,4069
-0.112,7352
0.0838,3104
-0.0877,7333
-0.0404,6552
-0.282,10002
-0.124,8845
-0.0301,6198
0.00513,4830
0.21,1138
-0.423,10177
0.0561,3483
-0.0964,9758
-0.0924,8536
0.135,2625
-0.0679,6259
-0.0625,6584
-0.186,10211
0.272,256
-0.071,8337
-0.00293,5092
0.254,1304
-0.136,7615
0.11,3446
0.0528,3153
-0.0322,6255
0.452,348
-0.0274,5476
0.0772,3212
0.143,1338
0.0132,4954
-0.0244,5798
0.33,255
0.13,2563
0.256,1468
-0.0422,7678
-0.107,7787
-0.0511,6659
-0.261,8113
0.0405,4745
-0.189,8114
-0.195,10111
0.0534,3535
-0.154,7956
0.157,2742
-0.296,9357
-0.442,9393
-0.00941,5732
-0.226,10618
-0.169,9493
-0.058,6192
0.105,3291
0.0296,4805
-0.0358,6779
0.00102,5372
0.913,780
0.443,964
-0.0274,5859
-0.0944,7564
0.061,2755
0.197,1282
0.198,1922
-0.211,8989
0.17,1045
-0.714,10968
-0.079,8550
0.133,1503
0.0737,2835
-0.0294,6114
0.19,1348
-0.0069,5117
0.0848,2039
-0.0963,9109
-0.197,10557
0.183,2493
-0.254,10225
-0.13,7033
-0.307,9554
0.854,9
0.538,261
-0.156,9583
-0.0809,6710
-0.248,8838
0.212,1254
0.133,853
0.0443,3746
-0.0674,7511
-0.328,10232
-0.241,9696
-0.0583,6221
0.0411,4101
-0.102,8728
0.0461,4114
0.00391,5378
0.13,2858
-0.0205,5974
0.0399,3879
-0.32,9164
-0.408,9612
0.809,206
-0.125,6278
0.0266,4691
-0.056,7509
0.0972,3168
-0.152,8059
-0.0434,5803
0.325,1571
0.0481,3963
0.0499,4070
-0.0427,7389
-0.205,8295
0.262,986
0.0794,3783
0.173,424
-0.157,10586
-0.0297,5825
-0.00669,5772
0.19,3238
-0.309,9448
0.0983,2341
-0.368,10443
-0.234,9275
0.35,1798
0.125,2977
-0.0181,5864
0.098,2241
1.13,59
-0.17,9780
0.0696,3259
0.448,706
0.382,232
0.28,780
-0.0684,7200
-0.0445,6772
0.852,403
0.222,2190
0.0519,3786
-0.0428,6355
0.0456,2955
-0.226,8747
0.00963,4845
-0.0021,5215
0.0809,2597
-0.0778,7556
-0.0192,5865
-0.00531,5551
-0.053,7552
0.038,4516
0.217,1088
0.151,1573
-0.0235,6985
-0.0654,6117
-0.0318,6140
-0.343,10866
-0.191,8843
0.042,3983
-0.0755,7387
0.00872,5080
-0.103,6928
0.1,2858
-0.0822,7232
0.152,1171
0.134,1849
-0.18,8971
0.972,14
-0.0487,6994
0.19,1662
0.117,3448
0.206,598
0.225,2809
-0.357,10943
-0.0204,5549
0.424,1281
0.0934,2804
-0.0852,9949
-0.0555,7992
0.0548,3925
0.105,2903
-0.00935,5497
0.37,128
-0.112,7704
0.0716,3181
-0.0845,4753
0.0758,3744
0.134,1809
-0.249,10947
0.426,48
0.0784,2871
-0.0885,8135
-0.411,8513
-0.0188,4624
0.044,3139
0.027,4625
-0.0973,7313
0.11,2874
0.0955,3493
-0.133,8309
-0.265,9813
0.182,1517
-0.0789,7403
-0.0834,6159
0.352,687
-0.13,9108
0.379,101
-0.0964,9443
-0.043,6440
-0.16,9080
-0.0167,5388
0.132,2799
-0.241,10395
0.343,564
-0.149,8355
0.093,2654
-0.118,8528
-0.171,10013
0.22,539
0.178,1427
-0.0666,7563
0.25,400
0.225,922
-0.139,7908
-0.0405,7079
-0.0175,6771
0.381,212
0.353,292
-0.132,6592
0.0508,4099
-0.205,8851
-0.083,9277
0.0242,4815
-0.0682,8153
0.00271,5103
-0.0226,6840
0.377,195
0.0223,4384
-0.118,8282
-0.225,10653
-0.298,8922
-0.142,7629
0.0769,2698
-0.12,8206
0.153,2650
0.0163,5012
-0.516,9958
0.193,1494
-0.0783,7420
-0.201,9269
-0.58,11000
-0.0961,7406
-0.228,9679
0.253,1685
0.048,4165
0.0838,2559
-0.0573,6779
1.02,398
-0.247,9679
-0.0094,5587
-0.0939,7783
-0.0229,6402
0.0135,5177
-0.0519,6834
-0.0925,6826
1.42,579
0.42,30
0.0769,2721
-0.0412,6538
-0.225,8081
0.0657,3937
-0.102,6859
0.199,902
0.123,2528
-0.1,8336
-0.0875,7243
0.157,2762
-0.341,10133
-0.0772,10082
-0.0729,8239
-0.148,8905
-0.0019,5185
-0.0787,7311
-0.345,9868
0.00657,4937
-0.132,8519
-0.108,8975
-0.144,9256
1.09,2
0.267,1054
-0.153,8584
0.00956,4939
-0.169,8257
0.213,1309
-0.169,8665
0.0141,4682
0.0504,4396
-0.0439,7087
-0.0053,5438
0.272,109
-0.0735,7522
0.00644,5025
0.0785,3293
0.154,1398
0.295,451
0.0909,2151
0.284,952
0.417,1015
-0.00413,5726
-0.0604,7704
-0.341,10125
-0.139,8089
0.0529,3550
0.698,155
7.47e-05,5291
-0.0469,6565
-0.212,9791
-0.173,8735
0.00678,5293
0.155,1911
-0.0424,6748
-0.121,9853
-0.231,10006
-0.163,6652
-0.0485,6543
0.232,2018
-0.286,9856
-0.0176,6361
-0.128,10362
0.0267,4551
-0.0613,6945
0.401,2742
-0.129,10078
-0.0795,6958
-0.009,5475
-0.00498,5412
0.107,3080
0.422,873
0.00635,4929
0.0381,3162
0.0699,3085
-0.102,7355
0.227,800
-0.0659,6485
0.16,1156
-0.0227,5737
0.0899,3979
0.285,1414
-0.118,7852
-0.0726,7869
-0.0942,7943
0.182,1273
0.203,1535
0.443,180
-0.302,8431
0.106,2342
-0.0838,6431
0.363,2250
-0.0147,6588
-0.119,9721
0.0471,3700
0.125,2990
-0.241,10304
0.672,722
0.106,2514
0.354,181
-0.0705,7860
-0.266,10267
0.141,1572
0.467,946
-0.0888,8328
0.174,761
0.192,2468
-0.0446,6484
-0.00938,5405
-0.0478,6129
0.19,1481
0.32,11
-0.534,10825
-0.181,9532
-0.0368,6383
0.432,871
0.0154,4093
-0.128,8348
-0.189,9533
0.0691,3804
-0.0689,7989
0.0844,2892
-0.198,9998
-0.00964,5647
-0.0149,5443
0.0361,4149
0.0447,4547
-0.163,8218
-0.0805,7548
-0.118,8875
0.0255,4750
0.0776,4193
-0.0172,5513
-0.239,10540
-0.0796,7022
-0.136,9573
-0.204,8963
0.649,178
-0.0414,6077
-0.0224,6219
-0.269,10322
-0.234,10135
-0.0523,6191
-0.421,10890
0.0261,4500
0.149,2307
0.004,5134
-0.164,9167
-0.315,10366
-0.162,9391
0.0253,4747
0.0436,4182
-0.131,9849
0.11,2342
-0.083,7099
-0.0628,6423
0.356,1532
-0.201,6512
0.0172,5063
-0.204,10268
0.159,1300
-0.199,8562
-0.325,10704
-0.02,5855
0.574,0
-0.2,9880
-0.000163,5278
0.893,36
-0.22,10253
0.0516,3207
0.0252,4647
-0.286,9396
-0.158,9353
0.124,2552
0.158,2464
-0.0593,7294
0.056,2927
0.181,715
-0.183,7901
0.119,2509
0.253,964
-0.0618,7280
0.00661,5059
0.267,410
-0.577,10884
0.329,387
0.445,211
0.208,3000
-0.103,8008
-0.0602,8002
0.0615,3879
0.0322,4442
-0.142,10111
-0.0991,6847
-0.125,9460
0.00635,5035
0.148,2135
-0.00976,6165
-0.235,9837
0.0126,5283
-0.0858,10143
0.261,231
-0.00312,5296
0.0359,3785
0.775,147
0.0106,4897
0.125,1229
-0.0765,8285
0.0758,3418
-0.0472,7768
0.222,1679
0.0712,2794
0.148,869
0.184,1143
0.426,1068
-0.165,8952
0.176,1872
-0.54,9641
0.117,3383
-0.0574,6394
0.132,2314
0.352,2078
-0.596,10430
0.0318,4181
0.195,2527
0.362,435
-0.0161,5554
0.0114,4927
-0.0172,5702
0.217,1158
-0.275,10600
0.256,581
0.0867,4291
-0.0561,5877
0.212,2154
0.412,675
0.0519,3497
-0.0876,6568
0.237,1865
0.0375,3880
-0.142,8796
0.227,2419
-0.0122,6306
-0.0564,7453
-0.273,9986
0.0946,2810
-0.128,7781
0.0157,5038
0.0157,4922
-0.168,9611
-0.175,8943
0.654,1121
0.238,2044
0.541,86
0.0603,3338
0.00166,5451
0.326,310
0.0608,3916
-0.338,8265
-0.114,7724
-0.0356,6219
-0.182,8694
-0.0538,6800
-0.367,10973
-0.143,9357
-0.162,9577
-0.147,9914
0.0967,3126
-0.144,8535
-0.192,9030
-0.0533,7080
0.0646,4244
0.0719,3567
0.282,966
0.102,3567
-0.236,10613
-0.22,9008
-0.217,9862
0.13,761
-0.0153,5966
-0.0542,6574
0.0474,3809
-0.15,6944
0.126,1509
-0.0799,7870
-0.0213,6991
-0.00762,5347
0.82,73
0.558,594
0.238,1706
0.104,1765
-0.396,11000
-0.0899,8461
-0.131,8527
-0.03,6730
0.194,1344
0.107,1577
-0.181,9340
0.192,1960
0.115,3858
-0.107,5898
0.166,2527
0.107,3125
-0.0194,6238
0.189,1170
0.0844,3709
-0.225,9869
0.111,3847
-0.185,9566
-0.162,10817
-0.0214,6287
0.281,389
0.108,1763
-0.282,9034
-0.0614,7772
-0.0604,8021
0.466,1507
-0.589,10560
-0.129,6306
0.286,2623
-0.21,10106
0.174,1875
-0.247,10152
-0.0947,7967
-0.426,10637
0.198,723
-0.0297,6726
0.165,1362
-0.0848,7189
-0.0176,6041
0.253,341
0.294,2987
0.339,318
0.0115,5061
0.0467,3682
-0.106,9544
-0.037,5893
0.00505,5167
0.372,301
-0.13,9044
0.281,883
-0.106,8183
-0.295,10321
0.165,1010
-0.157,10176
0.0556,3517
0.28,389
0.16,3169
0.175,1152
0.411,536
-0.211,10800
0.0752,3146
-0.441,10807
-0.133,9333
-0.0454,7213
0.482,613
0.0471,2895
-0.0455,6898
-0.0943,7847
-0.376,9847
-0.339,9310
-0.31,9685
0.346,33
-0.0657,6830
0.309,1161
0.428,863
-0.0081,5281
-0.34,10776
-0.21,9978
0.245,299
0.134,3791
0.408,125
-0.123,7545
-0.0158,5320
-0.0765,7804
-0.0901,7586
0.131,2830
0.0141,4772
0.0274,4514
-0.136,7959
-0.0363,6368
0.0595,3445
0.182,2106
0.176,1385
0.429,675
0.191,741
0.0543,3272
0.0197,4822
0.129,2290
0.0734,3787
0.125,2361
-0.0382,6770
-0.149,9500
-0.0831,8134
-0.0899,6923
-0.0905,7092
-0.407,8812
-0.235,9317
0.243,459
-0.00395,5450
0.188,2340
-0.0101,5923
-0.0165,4064
-0.144,10489
-0.0594,8001
-0.246,10977
0.314,741
0.0983,3198
-0.144,6205
0.511,629
0.0732,2638
-0.0613,6755
-0.171,7381
0.397,239
0.00383,5071
0.0286,4246
-0.053,6448
0.0703,3064
0.065,3470
-0.0779,5736
0.0559,3337
-0.311,10277
-0.21,10511
-0.186,10014
0.996,54
-0.176,7499
0.849,520
0.212,1408
0.254,358
-0.366,10928
0.106,3706
-0.219,9169
0.0169,4946
-0.235,10625
-0.0921,8883
-0.307,10570
-0.0484,6686
-0.273,10697
0.161,2506
-0.219,9990
-0.212,9055
0.0903,2148
-0.0136,5700
-0.127,8243
0.151,3181
-0.189,7920
0.057,3338
-0.167,9451
-0.227,10203
0.0137,4742
-0.167,9176
0.248,502
0.262,563
-0.204,10915
0.0775,3423
-0.133,8165
0.0238,4859
0.195,1726
0.124,2415
-0.0447,7673
-0.0928,7791
0.214,217
-0.134,6468
-0.221,7570
-0.0198,5790
0.0512,4161
0.00627,3880
0.0515,4114
-0.0225,5831
0.133,1593
-0.536,9354
-0.0106,5711
0.34,84
0.235,1593
-0.123,7608
-0.172,9663
0.249,1856
-0.014,6019
-0.0341,6371
0.0867,2939
0.124,3428
-0.0146,5440
-0.23,5852
0.352,254
-0.233,10595
-0.0703,7160
0.0406,3974
0.221,669
-0.0361,5974
-0.125,8917
0.368,180
0.78,93
0.593,74
-0.413,10440
0.204,2882
0.0594,3354
0.104,2422
0.12,1704
-0.107,7588
0.18,3262
0.333,221
0.0982,2607
0.0144,4965
0.0759,4168
-0.0763,7844
0.146,2579
0.0777,3143
-0.156,8249
-0.0651,6889
-0.263,9533
-0.128,8447
0.0509,4358
-0.22,9407
0.0223,4606
-0.0401,6914
0.11,2798
-0.201,9959
0.104,4018
-0.0588,6494
-0.0521,6779
0.0375,4181
0.304,835
0.0892,4232
0.26,2250
-0.192,8474
-0.00944,5554
-0.222,10246
-0.177,7629
-0.0881,7445
0.223,1670
-0.0293,5806
-0.0688,7423
-0.093,8023
0.0738,3780
-0.0486,6334
-0.0104,5397
0.35,542
-0.104,7114
-0.0885,8403
-0.0803,6591
0.0971,3646
-0.0463,5608
0.442,684
-0.0377,6356
-0.0738,8146
-0.106,7865
0.763,181
-0.116,9622
-0.127,7369
-0.19,10171
0.0261,3933
0.183,978
-0.131,7085
1.07,31
0.0783,2760
-0.0758,7038
-0.0366,6905
0.532,173
-0.207,8680
-0.463,9446
-0.217,8713
0.114,1768
0.0423,4434
0.134,2437
-0.0664,6198
0.429,321
0.515,1382
0.109,2870
0.00584,5488
0.0906,3912
-0.111,8266
-0.118,7131
-0.073,6591
0.0319,4308
0.137,1768
-0.132,8298
0.005,5068
-0.0153,5830
-0.0832,7483
0.29,1178
-0.0108,5832
0.0346,4703
-0.000104,5346
0.0986,2889
-0.339,10103
-0.152,10356
-0.0297,7317
-0.0408,6412
-0.19,10029
-0.233,6997
0.162,1580
0.107,2165
-0.0538,6765
0.391,1041
0.0367,4385
-0.223,9864
0.0207,4111
0.0603,3911
0.162,2029
0.0639,3269
0.325,423
-0.186,8596
-0.0993,7302
-0.166,9732
-0.0969,8217
0.00494,5414
0.191,1315
0.106,3302
-0.157,6796
-0.105,9372
0.346,332
0.182,2288
0.0704,2756
0.818,542
-0.0585,7718
0.242,1628
0.129,2262
-0.309,10552
-0.226,9618
-0.344,9744
-0.293,8685
-0.0956,7204
0.0551,4041
-0.416,10499
0.215,676
-0.063,6220
0.00226,5003
0.211,134
-0.11,9503
0.0549,3288
0.0683,3712
-0.21,10665
0.199,1648
-0.157,9565
-0.0485,6765
-0.0689,6741
0.0537,4483
0.216,2660
0.0876,3604
-0.159,10154
-0.0576,7354
0.0295,4723
-0.0416,5754
-0.281,8483
0.341,337
-0.141,9188
-0.229,9421
-0.251,10125
0.26,2858
-0.292,7101
0.435,363
-0.106,7707
-0.0508,6422
-0.18,7517
-0.374,9441
-0.142,8889
0.0105,4983
0.253,725
-0.227,8886
0.353,532
-0.154,8423
-0.39,11025
0.149,1582
-0.0127,5824
-0.0771,6830
0.0167,4918
-0.215,9352
-0.0571,5880
-0.0258,6140
0.0872,2313
0.13,1466
0.0314,4537
0.218,2137
0.173,1880
0.0352,4032
0.0823,1452
-0.165,6849
0.0494,4225
0.443,590
0.0913,2780
0.114,1679
-0.13,8996
0.0306,4321
0.251,1520
0.134,2534
-0.171,8053
0.0116,4863
-0.173,10234
-0.122,8046
-0.248,9816
0.158,1530
-0.179,9182
0.00855,5068
-0.132,9293
-0.0435,6741
0.355,628
0.172,2414
-0.352,10283
0.0855,2544
0.061,2631
-0.184,9820
0.643,239
0.0291,4648
0.293,1496
0.147,616
-0.0711,7870
-0.0992,7948
0.0739,3713
-0.158,8745
-0.0219,5877
0.0231,4583
0.0226,4632
-0.358,10761
-0.218,10112
0.0947,2885
-0.0195,5694
-0.178,10098
-0.0496,6955
0.0272,4683
0.17,1761
0.518,292
0.162,2262
-0.177,9973
0.0145,4465
0.0642,3722
-0.0411,5941
-0.312,10465
0.177,2010
-0.0327,6732
0.317,779
-0.00188,5589
-0.0676,6641
0.297,15
-0.21,9327
0.0406,3868
0.348,110
-0.0925,7563
-0.163,10080
-0.246,9201
-0.265,6894
0.0832,2176
-0.198,10078
0.329,969
-0.09,6842
-0.597,10771
0.838,319
-0.206,9188
-0.103,8881
-0.414,10862
0.00587,5329
-0.209,7174
0.509,1262
0.264,989
-0.127,9574
0.171,1318
-0.0522,6566
-0.378,10483
-0.101,8139
0.207,698
-0.22,9335
0.0761,3605
-0.527,10659
0.581,356
0.133,3129
-0.134,9114
-0.0906,7162
-0.0278,5851
-0.211,9372
0.0365,4389
0.129,1960
0.106,840
-0.204,10277
-0.318,10299
-0.144,7748
0.00479,5051
1.46,468
0.000924,5543
-0.0421,6179
0.0905,2586
-0.0683,5904
-0.259,9031
-0.17,9636
0.00701,4877
0.381,720
0.158,3181
0.282,577
-0.107,7236
0.0654,3543
-0.302,10769
-0.0547,6677
-0.0996,8180
0.435,311
0.57,518
-0.395,9972
0.111,2220
-0.135,8140
-0.216,9415
-0.129,7013
0.467,2028
-0.0421,7153
-0.0369,6484
-0.113,7626
0.0679,3339
0.423,221
1.4,959
0.0883,2839
-0.04,6377
-0.0137,5578
-0.145,8554
0.0614,2842
0.337,239
0.0176,5015
0.073,3501
-0.0169,5421
0.047,3838
0.0247,4581
0.0128,5236
0.141,2476
-0.0316,6191
-0.0181,5914
0.107,3024
-0.0169,5665
0.245,1266
-0.183,7766
0.0449,3336
-0.043,6828
0.144,1140
-0.092,7006
-0.0139,5505
-0.0635,6620
0.0147,4872
-0.0641,7245
0.0505,3787
-0.0248,5714
-0.114,7195
0.086,3515
0.317,47
0.0422,3365
-0.117,7512
-0.0142,5464
0.187,873
0.0117,5003
0.177,467
-0.00819,5722
-0.0727,7346
0.271,2475
-0.0563,5955
0.207,2582
0.0704,2662
0.0837,1913
0.21,2620
0.00608,5248
0.711,787
0.0469,4271
0.0721,3354
-0.0608,8270
-0.0996,8664
0.054,3794
0.0725,2058
0.108,3255
0.0438,4076
0.045,4330
-0.0242,6301
0.035,4698
-0.382,10756
-0.121,7456
-0.116,9167
-0.274,10764
-0.395,10936
0.0614,3655
-0.0811,7020
-0.0293,5870
0.0875,3327
0.0248,4501
-0.273,9570
-0.393,9296
-0.0157,5470
-0.0509,5009
-0.131,9754
-0.00546,5254
0.334,564
0.386,821
-0.0995,7195
0.449,1279
0.133,745
0.0778,2351
0.0724,3477
-0.401,10978
0.325,1503
0.0445,4339
0.068,3511
-0.127,6950
0.322,445
-0.182,9802
0.0415,3884
0.36,1535
0.000106,5415
-0.062,7595
-0.179,9268
-0.23,8771
0.208,1383
0.58,464
0.0252,4726
-0.183,9205
-0.166,9176
-0.0846,7648
-0.0251,5879
0.0633,3643
0.144,2048
0.0531,1921
0.0542,4663
0.266,611
-0.121,8055
-0.0296,6820
-0.12,8497
-0.0284,6743
-0.00124,5179
-0.256,8264
0.0338,4430
0.419,1035
0.196,2042
0.182,2090
-0.175,7974
0.624,107
0.246,1769
0.232,1961
0.57,415
0.28,110
-0.0748,7139
-0.00155,5354
-0.0636,6769
0.171,1985
0.245,301
0.00292,5171
-0.138,9080
-0.0773,7752
-0.706,10703
0.144,1780
-0.00761,5537
-0.125,8120
-0.213,8878
0.383,665
-0.305,8723
-0.331,9195
0.17,323
-0.408,10998
0.0726,3689
0.25,2186
0.543,132
-0.365,10712
0.089,2284
0.0614,3311
-0.152,7508
0.225,1569
0.331,870
-0.29,8455
-0.233,10835
0.0215,4710
-0.393,10164
0.119,2879
0.296,1202
0.52,184
-0.0457,6463
0.0209,4592
-0.0837,7549
-0.114,7213
-0.168,8393
0.158,1192
-0.0454,7312
0.327,568
-0.0682,7824
0.0361,4463
-0.259,9900
0.119,3465
-0.262,10883
0.00552,5066
-0.0228,5889
0.301,524
-0.45,10568
0.15,1626
0.112,2460
0.143,2772
0.0943,4262
0.0485,4158
0.16,1566
-0.14,7968
-0.0888,8613
0.203,1941
0.314,249
-0.0485,6122
0.186,1607
-0.245,7511
0.0955,1259
0.167,992
0.152,3039
-0.00303,5360
0.0837,3508
-0.204,6681
-0.00697,5592
-0.0425,6401
-0.157,9517
-0.197,8386
-0.241,8387
-0.0815,5948
0.00729,5177
0.0242,4533
0.141,3194
0.0623,4219
-0.269,8640
0.287,1617
-0.0418,6476
-0.0178,5957
-0.125,7133
-0.0719,6988
0.0831,4055
-0.377,10460
-0.0842,9226
0.285,1121
-0.247,9165
0.056,4059
-0.211,8439
-0.257,10421
-0.0614,8755
-0.299,11019
-0.274,9179
-0.109,8105
0.371,982
0.367,981
-0.338,9883
0.149,598
0.0115,5048
-0.197,9753
-0.209,10064
-0.219,10344
-0.282,10665
0.0167,4374
-0.277,10462
0.0646,3332
-0.246,9888
0.186,1907
0.0574,3309
-0.084,6874
0.0295,3370
0.0925,2584
-0.0279,6116
0.234,1271
0.013,4939
0.013,5109
-0.152,10122
0.0153,4887
0.101,2796
0.238,1705
-0.0381,6279
-0.168,10129
-0.0279,6526
0.0101,5118
0.365,616
1.6,9
-0.232,7964
-0.0122,6422
-0.021,6699
1.27,277
-0.309,9705
-0.218,6101
-0.0261,5729
-0.163,9868
0.149,476
0.323,1306
0.241,953
0.193,2346
0.195,1861
0.0947,1975
0.173,716
-0.0403,5494
0.0473,3998
-0.382,10652
-0.248,8740
-0.25,10289
-0.0212,5931
-0.223,9888
0.281,616
0.0485,4273
0.264,1927
-0.0484,6968
0.0944,2231
0.00317,5268
0.165,2448
1.03,760
0.178,1540
0.0993,2636
0.0931,2269
-0.05,5890
-0.35,9226
0.109,3613
-0.0487,7485
0.0496,2759
0.0165,4662
0.0562,3386
0.798,8
-0.358,10350
0.0666,3916
0.04,3924
-0.0729,7351
-0.307,9037
0.32,272
-0.546,10708
-0.143,7592
-0.205,9627
-0.0102,5795
-0.133,9324
-0.0248,5703
-0.2,10579
-0.186,9588
0.0291,4757
0.0135,4912
-0.152,8322
0.234,671
-0.0607,5978
0.0917,2608
0.0579,2845
-0.178,9076
-0.0265,5708
-0.358,10121
0.0581,4310
0.0968,2378
-0.0641,7259
-0.000958,5354
0.372,477
-0.119,7836
0.214,1435
0.14,3532
0.0395,4592
-0.136,10068
0.153,3027
-0.0226,5841
0.0711,3940
0.699,154
-0.0847,7801
-0.0352,6242
-0.175,9582
-0.0548,6580
-0.307,10683
-0.0202,6042
0.26,225
-0.197,8858
-0.155,7560
0.0124,4938
-0.473,7298
-0.423,9315
0.0957,3394
0.00501,5170
0.0992,2525
0.469,231
0.0885,2865
0.481,80
0.123,1905
0.137,374
0.169,2622
-0.166,10314
0.106,2594
0.0329,4759
0.103,1882
-0.0675,7290
0.15,2635
-0.203,8939
-0.0974,7734
0.106,1689
-0.0132,5848
0.137,1378
-0.0695,7220
-0.132,8808
-0.111,7207
-0.3,10796
-0.0556,7714
0.242,1834
0.171,3108
-0.254,10461
-0.294,7171
0.0672,3772
0.195,140
0.0432,4114
0.0854,4275
0.343,1183
0.126,1457
-0.214,9613
-0.0735,8016
0.175,706
-0.234,9465
-0.279,10912
0.0288,4698
0.00808,5151
0.0477,3453
0.0307,4534
-0.134,7715
0.133,2341
-0.101,7827
0.0588,4083
-0.191,9983
0.252,704
0.0984,2253
0.00235,4864
0.0313,4234
0.148,2120
-0.158,10360
-0.00303,5599
-0.267,10246
-0.112,8970
0.048,4515
-0.0329,6072
-0.083,7232
0.125,1541
-0.086,7110
0.00462,5079
-0.0249,6078
-0.0226,5792
0.285,1726
-0.0431,6664
0.315,589
-0.124,9191
0.0801,3415
-0.226,9452
0.135,1326
-0.127,8541
-0.102,7779
0.0441,4283
-0.336,8853
-0.246,9373
-0.217,10068
-0.147,8325
0.0251,4533
-0.136,8623
-0.0279,5814
0.116,3219
0.227,1320
-0.0784,8463
-0.165,8313
0.0409,4489
0.0419,4481
0.137,3367
-0.00721,5493
0.0232,4369
0.141,2378
-0.171,8490
0.704,122
0.414,902
-0.167,9510
-0.197,9344
0.634,1244
-0.04,5353
0.0644,3459
-0.781,10724
0.141,1840
-0.234,7538
-0.0123,5430
0.173,1598
-0.407,10099
0.00831,5127
-0.0975,9055
-0.081,8306
0.218,2775
0.0549,3789
-0.0877,8160
-0.519,10874
0.13,2455
0.128,672
-0.0373,6408
-0.266,9549
-0.123,7493
0.072,3737
0.126,1592
-0.176,10417
0.105,3220
0.047,3873
-0.054,6658
-0.27,9255
0.192,777
-0.108,8087
-0.0262,6146
0.288,817
0.083,3356
0.512,267
0.127,1815
0.0613,3816
-0.105,7410
-0.365,10973
-0.33,10526
0.417,212
0.397,94
-0.0701,8380
-0.123,5293
0.263,2119
-0.203,8550
0.211,1767
0.0607,3718
0.0857,3600
0.0131,4912
0.0363,4809
0.201,2073
-0.38,10268
-0.241,10498
-0.0731,10081
-0.183,9109
0.275,1895
-3.47e-05,5241
0.0513,3420
-0.0339,6492
-0.106,8940
0.264,1197
-0.052,7678
0.0611,2957
0.186,2666
0.0762,3293
0.205,125
0.0755,3024
0.0909,3914
0.0725,3937
-0.0143,5486
0.303,1584
0.435,319
0.093,3282
0.3,1011
0.155,2486
0.26,991
0.339,1601
-0.202,10418
-0.141,4381
1.2,742
-0.473,9627
-0.0703,6775
-0.0655,7147
0.187,1626
-0.0546,8335
-0.0471,6967
0.00394,5091
-0.0686,7107
-0.422,10793
-0.0651,6233
0.0353,4794
0.522,507
-0.0634,6696
-0.397,8615
-0.06,5921
-0.122,8362
0.453,600
0.431,253
0.0399,4362
0.183,1371
-0.0157,5792
0.618,214
0.748,45
0.368,33
0.189,1579
-0.0825,7026
0.147,1994
-0.0267,5259
-0.086,6693
0.136,872
-0.0533,7262
-0.00561,5294
0.0883,2998
-0.187,7858
-0.193,9264
0.153,893
-0.0143,5465
-0.23,10089
0.274,560
-0.185,8607
0.551,358
0.143,1666
-0.000426,5172
0.37,375
0.0382,4620
-0.0537,5762
-0.164,7817
-0.129,8638
0.328,57
-0.141,8552
-0.167,8799
-0.0294,5782
0.397,603
0.191,1049
-0.145,8431
-0.188,9884
-0.263,9690
0.0133,4902
-0.0383,6283
-0.0479,6543
-0.202,9907
0.0707,3883
0.053,4139
-0.161,10296
-0.343,10816
0.224,522
-0.0351,7639
0.262,1045
0.169,2252
0.336,928
-0.351,10563
-0.126,7517
0.172,1312
0.297,1213
-0.0347,5984
-0.295,10428
0.118,3627
-0.359,10607
0.302,278
0.0376,4601
0.192,3297
0.251,1549
0.365,1211
0.0354,4286
0.16,2507
0.241,1296
-0.167,8156
0.27,809
0.0119,4975
0.274,581
-0.205,8409
-0.0629,7164
0.0136,5203
0.163,2306
0.189,1657
-0.15,10147
0.178,1945
-0.0577,7365
1.22,867
-0.0609,6060
0.279,226
-0.0333,5959
0.00286,5341
-0.33,9790
-0.0693,8296
0.389,101
-0.242,10792
0.0476,3804
0.107,979
-0.0771,6423
-0.518,10404
-0.00761,5375
-0.176,9184
-0.19,9591
-0.216,8959
-0.094,7802
-0.285,10910
0.118,1718
0.177,1071
0.00895,4965
0.328,69
0.0119,5104
0.177,2229
0.0187,4737
-0.23,5600
0.0621,3302
0.032,4493
0.107,2020
0.0862,3840
-0.0146,5864
0.119,2947
0.0316,4443
-0.245,8826
-0.0898,8443
-0.191,9265
0.158,2834
-0.074,8058
0.0431,3956
-0.0175,5713
0.104,3300
-0.175,7694
-0.0779,6420
-0.0719,8516
-0.166,8822
-0.405,9011
-0.184,5176
0.591,2251
0.197,2239
0.738,64
-0.0839,6491
0.07,4342
0.0183,4524
0.262,1875
0.058,4115
0.0111,4890
0.053,4127
-0.187,9351
-0.465,9658
0.131,2831
-0.528,9291
0.0194,4668
0.56,322
-0.143,7231
-0.0733,7369
0.11,3593
0.391,726
0.117,1523
0.0242,4494
-0.0626,6092
-0.186,9533
-0.196,10002
-0.241,7883
-0.173,10931
0.0892,2670
-0.00772,5477
0.13,2544
0.173,1804
-0.249,9760
0.281,779
-0.0542,6754
0.123,3877
-0.0782,6066
-0.42,8982
0.113,2505
0.0347,4346
-0.135,9473
0.364,1248
-0.138,8170
-0.0542,6644
-0.273,10468
0.0503,2881
0.183,579
-0.00945,4858
-0.0687,6702
-0.0494,6102
0.0859,3695
-0.13,8907
0.0109,4943
0.146,1249
0.0194,4907
0.213,3045
0.126,669
0.0062,5107
0.145,904
0.15,1118
-0.222,8347
-0.309,9337
-0.0756,7220
0.213,1533
0.121,2473
0.113,2086
-0.229,9391
-0.326,10800
0.0606,4220
0.0657,2873
-0.0881,8339
-0.0828,7715
-0.115,7958
-0.0338,6019
0.352,516
0.144,2161
-0.173,9844
-0.0235,6021
-0.0473,5934
0.185,2599
-0.259,8598
0.027,4498
-0.0551,6502
-0.175,9425
-0.102,7758
0.808,646
-0.239,8581
-0.17,10136
-0.0562,7573
-0.0492,6582
0.309,277
0.037,3445
-0.00864,5329
0.0228,4187
-0.221,10304
-0.108,7375
0.37,484
0.162,2308
-0.39,10612
0.183,1466
0.384,68
-0.118,7686
-0.054,7999
-0.084,5984
0.0577,4122
0.0175,4739
-0.162,10108
0.0685,4059
-0.262,10467
-0.4,9527
-0.0156,5376
0.0312,4676
0.0173,4526
0.112,2367
-0.0136,5592
0.898,1251
0.397,134
-0.148,7138
-0.109,9640
0.0448,4785
0.0453,4459
0.00545,5341
0.22,2109
-0.117,9995
-0.00341,5499
-0.14,8298
-0.0775,7468
-0.354,8563
0.251,302
0.139,1221
-0.0651,7913
-0.413,10505
-0.017,5729
0.795,124
-0.0921,7882
-0.0561,7053
-0.0148,6084
0.022,4706
0.1,3206
-0.106,9151
-0.0478,6494
-0.0736,7600
-0.078,6891
0.359,1838
0.507,8
0.997,247
-0.284,8471
-0.129,7570
0.28,962
0.006,4877
0.00122,5622
0.142,1914
0.484,573
0.489,13
-0.0324,5945
-0.151,8285
0.226,713
0.448,474
0.299,1503
-0.186,7303
-0.233,8837
0.411,1014
0.404,1175
0.0127,3731
-0.239,10666
0.0792,2989
0.0139,5038
0.281,531
0.405,405
-0.245,8875
-0.451,10768
-0.274,10270
-0.197,10097
-0.392,9419
0.0844,2842
-0.218,9298
0.184,1494
-0.193,10367
-0.198,9961
-0.0397,6704
0.0266,4476
-0.305,10066
0.366,248
-0.0378,6785
-0.14,9874
0.00143,5203
0.303,1102
0.0662,4243
0.37,1373
0.0526,2229
0.0506,4233
-0.239,9747
0.0023,5305
0.017,4752
0.138,2717
0.153,2059
0.0592,3612
0.427,1075
0.294,1913
0.0236,4997
-0.0748,6644
-0.011,5852
0.155,632
0.274,1682
-0.112,6646
0.24,2216
-0.205,8035
0.309,2063
-0.11,9628
-0.0551,6522
0.0344,4414
-0.678,10376
-0.161,3391
-0.207,10847
0.107,2597
-0.164,9162
-0.117,8555
0.0334,4577
-0.0555,6039
0.0244,4303
-0.189,10663
0.0233,4564
0.222,1491
0.671,1398
-0.336,10730
-0.0211,5748
0.114,2091
-0.199,9591
0.442,1657
-0.414,10357
0.0831,3114
-0.0939,8793
0.027,4224
0.41,804
0.156,3250
-0.0266,6132
0.0353,4346
-0.0361,6102
0.387,1030
-0.114,7119
-0.181,9049
0.0456,4376
-0.311,10269
0.189,1461
0.107,1135
-0.0369,5863
-0.0761,7314
-0.0757,7397
0.344,1889
-0.0966,9200
-0.0633,7119
-0.212,10091
0.126,2514
0.0825,3791
0.189,1564
-0.119,9008
-0.0496,6108
-0.0366,6050
-0.0238,5997
-0.125,7710
-0.00154,5411
-0.123,8849
-0.0323,6493
-0.132,8346
0.63,223
0.00705,4902
0.0388,4085
0.283,255
0.0709,3479
0.184,1671
0.0271,4537
0.102,3452
-0.0452,6613
-0.0643,7309
0.0285,4715
-0.158,7974
0.0282,4726
0.0567,3302
0.207,1153
0.0814,3012
-0.00914,5691
-0.178,7829
0.166,2544
0.253,1416
0.0855,3359
0.0509,3888
0.302,38
-0.254,9556
-0.266,9013
0.208,1473
-0.25,9106
-0.000801,5492
-0.131,9917
0.508,286
-0.287,9912
0.262,1528
-0.0723,5898
0.102,2755
-0.0979,8004
-0.173,9299
-0.214,8341
0.00886,4939
0.614,40
-0.142,9985
0.185,1454
-0.292,10708
0.0925,3717
0.575,207
-0.107,6800
-0.0858,7607
-0.201,10585
-0.262,9633
-0.184,8645
-0.089,6844
0.0958,2550
-0.128,8769
0.155,987
0.359,898
0.391,1085
-0.128,8532
0.612,183
0.141,1634
0.124,976
0.468,271
0.046,4116
0.154,2176
-0.0429,6473
0.151,1791
-0.164,10773
-0.00783,5194
-0.0567,6639
-0.22,9037
0.0397,4116
0.19,590
0.0375,3698
-0.265,9927
0.039,3950
0.0617,3962
-0.222,7521
-0.101,8593
0.0643,3236
0.163,1045
0.529,100
-0.26,8875
-0.0194,5569
0.0509,3796
-0.0645,6861
-0.0043,5702
0.426,1711
-0.301,8666
0.417,434
0.314,340
-0.194,9814
0.0184,5098
-0.175,8427
-0.00228,5510
0.445,1435
-0.264,10524
0.212,889
-0.432,10997
-0.0864,7364
0.405,89
-0.082,7202
0.124,918
-0.0736,7690
-0.041,5928
-0.121,8540
-0.362,10824
0.371,1154
-0.0415,6739
-0.16,9769
-0.0361,6020
-0.286,9517
0.0247,4686
-0.147,6147
-0.0224,5671
-0.0203,6493
-0.0289,5951
-0.0634,6214
-0.0647,6798
0.535,43
-0.00139,5177
0.0883,3141
0.244,745
0.0656,3835
-0.0969,6912
-0.0268,5910
-0.0321,6401
0.106,3340
0.0986,2307
0.0874,3527
-0.015,4616
-0.136,10766
0.0299,4768
0.224,462
-0.13,8136
0.0623,3568
0.302,1367
0.565,10
-0.0405,6708
0.158,2771
0.364,787
-0.295,10212
-0.178,8166
-0.195,9515
-0.188,9528
-0.194,9033
-0.0561,7245
0.0539,4241
-0.189,9614
0.193,523
0.068,2733
-0.284,9198
0.0128,5158
-0.375,10839
-0.53,10039
-0.0127,6000
-0.00833,5739
-0.338,9908
-0.127,8914
0.171,2721
-0.524,10267
0.196,142
-0.0324,6297
-0.0182,6044
0.135,2809
-0.247,9499
-0.164,9807
0.626,2
-0.0181,5859
0.254,1701
0.0117,4926
-0.541,10468
0.472,312
-0.086,7727
-0.247,10786
0.352,589
0.27,900
-0.0678,6688
-0.254,8753
-0.236,10821
-0.235,7939
-0.0171,5654
-0.0515,6647
-0.17,7389
1.17,258
0.0489,4194
-0.245,10172
-0.23,7232
0.272,2305
-0.171,7810
-0.231,9240
0.0432,3908
0.0536,3584
-0.103,7584
-0.0409,7202
-0.0046,5525
-0.0705,7180
0.0915,2269
-0.13,9359
0.355,1952
-0.445,6305
-0.159,7331
0.355,2363
-0.018,5201
0.108,2188
0.208,2138
-0.394,10754
-0.117,9111
0.0309,4469
0.0561,3713
0.194,800
-0.248,10275
0.213,1335
0.349,771
-0.271,6419
-0.143,9352
-0.127,9616
0.0281,4379
0.247,867
0.0361,4670
0.0977,3815
0.228,1178
-0.0151,6852
-0.327,8570
0.195,1461
-0.57,10165
-0.197,8651
-0.141,9227
0.0483,3134
0.0161,4716
0.0776,4031
0.0476,3705
-0.186,9795
0.0599,2864
0.0265,4305
-0.0208,8146
-0.000257,5274
-0.0305,6529
-0.244,9722
-0.0746,8255
-0.139,9961
0.0921,3649
-0.297,9649
0.0541,4000
0.00453,5216
0.104,2540
-0.237,10394
-0.53,10745
-0.49,9906
0.171,2900
0.159,2610
0.0312,4586
0.0324,3817
-0.177,10398
-0.0381,6083
-0.118,8166
-0.192,7329
0.723,2150
-0.0714,7168
-0.0858,9089
-0.122,7445
0.0982,3796
0.11,3211
-0.212,7129
-0.0184,5612
0.0523,3363
-0.0331,5766
0.156,2666
0.46,31
0.0801,4283
0.0329,4495
-0.192,9010
0.176,479
0.33,836
0.0419,4219
-0.0732,6409
0.0111,4930
-0.0733,7609
0.283,651
-0.348,10672
0.701,383
0.899,369
0.0311,3867
0.0512,3933
0.0281,4193
0.00518,5121
-0.193,9051
-0.466,10320
0.241,1109
0.0822,4242
0.33,1479
0.126,3292
-0.188,8470
0.122,3015
-0.137,9647
0.0889,1316
0.12,3783
-0.0703,8506
-0.234,8520
0.971,108
0.0781,3475
-0.133,8619
-0.05,7411
0.156,2567
-0.115,6776
-0.0871,8142
-0.199,9098
-0.129,10525
0.0497,3949
0.153,2858
0.0297,4760
-0.306,10163
-0.0879,7667
-0.0529,6583
-0.0105,5381
0.212,2082
0.0359,3527
0.133,2768
0.0867,2729
0.151,1115
0.0273,4535
0.0111,5073
-0.311,9967
-0.219,8432
-0.0595,7065
-0.1,9296
0.378,659
-0.00647,5356
-0.0193,5040
0.136,2215
-0.0604,6936
-0.291,9782
0.031,4468
0.142,3244
-0.113,8381
0.391,108
-0.151,9583
-0.0773,7122
-0.0166,6133
0.377,718
0.562,251
-0.344,11026
0.0623,3635
0.171,2919
0.068,3439
0.369,236
-0.203,10210
-0.149,10044
-0.0915,7920
0.101,2667
-0.173,8739
-0.0872,6959
-0.115,7852
-0.0252,5776
0.392,659
0.117,3156
0.174,3011
-0.0277,6037
-0.189,8083
-0.261,9960
-0.248,10096
0.018,4776
0.175,2403
0.503,1742
0.344,549
-0.148,9068
-0.266,10605
-0.0733,5742
0.294,1813
-0.323,9906
-0.499,10169
-0.417,8249
-0.0846,6201
-0.15,9408
-0.237,8699
0.0122,5097
0.264,54
-0.0905,8911
0.235,985
-0.114,6613
-0.196,7337
0.159,1635
-0.0801,9487
0.0227,4483
-0.0116,5462
-0.22,10582
0.0297,4575
0.388,601
-0.157,8854
-0.119,9565
0.646,588
0.0377,4308
0.0548,3255
-0.229,8189
-0.0671,6923
0.187,471
-0.16,7511
-0.126,7579
-0.44,10941
0.093,3165
0.263,628
0.196,1903
-0.186,8133
-0.269,10902
0.0881,3067
0.439,1056
-0.0109,5830
-0.129,8528
-0.146,7217
-0.331,9706
0.592,79
-0.337,10291
0.00778,5191
0.209,1229
-0.473,10356
0.15,2841
-0.0539,6282
0.0638,4467
0.231,782
-0.109,9655
-0.106,8742
-0.0377,5847
0.725,810
-0.204,9337
0.000498,5299
0.0763,2108
0.0712,3309
0.139,3512
-0.0103,5399
-0.164,9120
-0.075,7899
0.0939,3071
0.244,955
-0.0805,7084
0.0173,5031
0.0225,4648
-0.0815,8278
-0.123,8356
-0.107,7496
0.1,2900
0.0193,4809
0.113,3350
0.147,1332
-0.0894,7893
-0.156,8771
-0.0568,7461
-0.188,10000
0.0937,1619
-0.0411,6191
-0.0373,6519
-0.294,10149
-0.0631,8161
-0.205,10175
-0.306,10664
-0.0949,8987
0.0324,4463
-0.239,10761
0.103,1762
-0.0952,7877
0.357,488
0.167,1507
-0.0329,6228
0.0861,3521
-0.141,7636
-0.185,9016
-0.251,10716
0.172,2351
0.683,36
0.159,1883
0.0132,5198
0.0849,3659
-0.622,9611
-0.144,9561
0.0129,4887
0.139,1435
-0.416,10206
-0.133,9357
-0.0858,6844
0.175,437
-0.0388,6874
0.0589,3746
-0.0475,6168
-0.795,10960
-0.0702,6409
0.0275,4414
0.0198,4532
0.124,2370
-0.221,10299
-0.454,10750
-0.282,10190
-0.191,9091
-0.00512,5643
0.00237,5366
-0.0405,6512
-0.196,9857
-0.0216,6000
0.539,511
-0.177,8710
-0.137,8317
-0.559,10944
0.83,1369
-0.169,5835
-0.0809,8150
-0.0268,6613
-0.146,7769
-0.173,6899
0.226,582
0.288,2026
-0.3,10271
-0.194,10443
0.359,1001
-0.0198,5875
-0.109,7640
-0.143,7674
-0.295,9428
-0.279,9825
0.0297,4786
0.384,1014
-0.19,10206
-0.318,10767
-0.108,10011
-0.023,6558
-0.43,10832
0.315,291
-0.0406,6145
0.163,1430
0.0755,2041
-0.0165,6134
0.129,1752
0.0673,3964
-0.00854,5307
0.0851,2900
0.0843,2891
0.00296,5238
0.142,1591
-0.0764,7396
0.126,750
-0.385,8971
-0.0446,6659
0.0941,2963
-0.126,7304
-0.646,10600
0.105,2764
0.0943,3020
0.104,1928
-0.0646,8671
-0.212,8823
-0.184,10191
0.00652,4998
-0.278,10784
-0.291,10661
-0.0249,6074
-0.052,7308
0.485,46
-0.0587,8412
0.0996,2639
0.231,417
-0.126,9184
0.189,1275
-0.0953,7099
-0.31,8854
-0.35,7628
-0.0584,7681
-0.162,10188
0.157,1828
-0.0465,6744
-0.477,10868
-0.103,7468
0.0548,3806
-0.115,9138
0.0391,4338
-0.0483,6344
-0.512,10780
-0.0356,6057
0.0638,2986
-0.0228,6360
0.0415,4177
-0.0126,5932
0.477,1469
-0.00123,5386
0.141,1654
-0.299,10154
-0.125,9181
-0.151,7288
0.113,2757
0.0335,4567
-0.367,10927
0.127,1705
-0.192,9308
-0.582,10856
-0.128,8480
-0.188,4249
-0.0619,7676
0.00591,4796
0.392,845
-0.346,8743
-0.135,8709
0.094,3932
0.029,4558
-0.0524,6902
-0.151,7885
-0.33,10464
-0.609,11013
-0.172,8882
-0.0746,8557
-0.128,8422
0.174,2983
0.628,398
-0.116,7111
0.0894,2825
-0.189,10728
-0.0892,9633
-0.103,7560
0.175,3093
-0.207,9490
-0.178,8935
-0.0179,5068
0.0552,2663
-0.0936,7093
-0.156,8874
0.0714,4329
-0.0896,8152
-0.524,10706
-0.117,9473
-0.129,8770
0.32,1314
0.82,1088
-0.0917,7237
-0.0184,6210
0.327,549
-0.125,7254
-0.016,5325
-0.308,9525
-0.538,10109
-0.0783,7990
0.263,484
0.0186,4641
0.0316,4257
-0.0496,6456
0.371,29
-0.227,10765
0.105,2057
-0.0516,6432
-0.169,8794
-0.0215,5320
-0.325,10134
-0.153,9907
-0.0452,6960
-0.368,9769
-0.0156,5788
0.12,2706
0.3,399
-0.0311,6374
0.307,1103
-0.0992,8233
0.258,1602
-0.137,8376
-0.412,10285
0.684,3
0.0437,4336
-0.0683,6310
0.00608,4964
0.0491,4437
0.168,1212
0.0558,3782
0.0674,2814
-0.173,8060
0.0232,4424
-0.0107,5479
0.477,142
0.0357,3877
0.0301,3858
0.174,2533
-0.189,9101
-0.166,9612
0.0223,4838
0.152,2523
-0.0161,5838
0.175,2976
-0.161,6081
-0.0328,6081
-0.0299,5866
0.341,556
0.137,1236
-0.0485,5708
-0.0894,6424
0.101,2449
1.53,86
-0.0654,7025
-0.0294,6687
-0.197,9579
-0.176,6252
-0.0795,6684
0.872,109
-0.0698,9377
-0.078,7690
0.246,1118
-0.177,8765
-0.0957,7627
0.0033,5233
-0.131,9187
0.0813,3326
-0.148,8364
0.0518,4207
0.315,855
-0.213,9653
-0.0048,5323
-0.0445,5889
0.0832,4039
0.236,1214
-0.358,10340
0.142,3788
-0.165,9495
0.0359,3593
-0.189,9169
-0.358,10405
0.4,87
-0.0714,6930
0.129,2524
0.114,3809
-0.0278,6476
0.0743,3545
-0.0987,9280
-0.167,8886
0.284,337
0.0665,2722
0.416,427
0.18,1924
0.253,827
1.47,6
0.0306,4334
-0.687,11011
-0.613,10023
-0.00127,5272
-0.115,8292
-0.285,8957
-0.0813,7524
0.0363,4747
-0.49,10749
-0.271,10240
0.421,462
-0.0952,8067
0.0586,2584
0.283,52
0.134,2094
0.00952,4815
-0.13,6486
0.0253,4523
0.192,1146
0.0116,4652
0.167,2604
0.0494,4305
-0.514,7893
-0.243,7860
0.098,2419
-0.0577,6919
0.0235,5003
0.109,1839
-0.717,10935
0.58,433
-0.131,8773
0.0647,3712
0.0252,4578
-0.0137,5624
0.232,1046
-0.322,10162
0.136,1161
0.0573,3269
0.135,2220
0.0323,4317
-0.308,10549
-0.23,9706
0.0851,2710
0.238,1860
0.0334,4733
-0.108,8136
-0.002,5159
-0.199,9320
0.201,719
-0.0982,7682
-0.188,8862
0.00266,5078
-0.383,10773
0.0911,3983
0.323,437
0.197,140
0.0692,3056
0.073,2895
-0.054,6642
-0.00121,5210
0.198,1076
-0.179,9467
0.689,315
-0.146,8268
0.172,2168
-0.5,10508
0.233,730
0.0826,944
-0.0204,5564
-0.191,10282
-0.224,9764
-0.0586,7751
-0.0651,7517
-0.09,7967
-0.0842,6818
0.0719,3294
0.0851,3723
0.168,1095
-0.157,9641
0.0875,2219
0.124,3015
0.295,719
0.335,402
-0.133,8023
-0.103,6788
0.0287,4500
-0.0806,7135
-0.0402,5403
-0.00175,5267
-0.207,8115
0.097,1724
0.159,1588
0.143,1621
-0.323,9188
-0.199,9499
-0.435,8859
0.174,707
-0.254,10343
0.716,60
0.148,2409
-0.101,8567
-0.0502,5369
0.0421,3700
0.0176,4395
-0.0931,7067
0.475,496
-0.0274,5815
-0.147,6706
-0.16,9477
-0.2,8742
-0.0571,6773
0.177,1628
-0.27,7540
-0.0821,6618
0.0631,3644
0.0156,4945
-0.19,7923
0.285,828
-0.166,9527
0.315,2023
-0.013,5895
-0.0953,9420
0.406,619
0.104,2854
-0.0539,6540
-0.172,8645
-0.071,7241
0.0208,4628
-0.24,10509
-0.383,10997
0.0451,3873
-0.139,9452
0.261,883
0.0689,3542
-0.0582,6267
-0.228,9702
0.011,5043
0.301,2366
0.101,1942
0.0976,2932
-0.126,7616
0.134,1250
0.365,1953
-0.24,9707
0.108,2083
-0.281,10896
-0.277,8043
-0.0624,6046
0.247,2409
0.0985,1385
0.414,2
0.343,433
-0.282,10781
0.389,214
-0.0231,5704
-0.0718,7065
0.862,15
0.0686,3596
0.174,2327
-0.215,8389
-0.189,9283
0.166,2123
-0.237,9931
-0.309,9152
0.0857,3637
-0.3,10275
1.11,13
-0.121,7075
-0.0455,5805
0.526,697
-0.225,7096
-1.02,10943
0.199,1426
-0.0123,5846
-0.146,10290
-0.0478,6553
-0.168,9403
-0.252,8954
-0.173,8587
0.0446,4088
0.117,2724
0.0953,3611
0.182,2177
-0.243,10340
-0.188,10015
0.267,1492
0.0267,4753
0.0451,4461
-0.0888,7996
0.309,1821
0.306,143
-0.101,8133
-0.0258,7522
0.407,473
-0.219,9086
0.0637,4099
-0.0863,7252
0.0976,2542
-0.115,8312
0.177,1561
-0.111,9031
-0.156,8680
-0.0571,6213
0.264,171
0.0444,4152
-0.842,10096
-0.243,9782
0.17,2550
0.167,1129
0.135,2306
0.172,1072
0.0484,4158
-0.36,10595
-0.614,10685
-0.255,7826
0.0492,3132
-0.116,8253
-0.343,10814
0.479,673
-0.124,6470
0.309,2774
-0.293,10208
-0.0421,6375
0.218,784
-0.255,8801
0.293,96
0.236,1342
0.00701,4825
-0.235,9256
0.26,464
0.0106,4824
-0.354,10327
0.119,2864
-0.16,9278
-0.126,9486
-0.101,6964
-0.17,7699
-0.0562,6970
-0.155,8486
-0.108,9458
-0.298,10863
0.0863,3177
-0.19,8619
-0.389,9454
0.388,1600
0.138,2014
0.116,1457
0.307,717
-0.158,8683
0.209,1197
-0.0948,5844
-0.0152,5629
-0.201,9765
0.109,2516
-0.128,8560
-0.151,9852
0.228,295
-0.105,8155
0.133,2646
-0.356,9894
-0.0382,6333
-0.122,8653
-0.0112,5364
0.0498,4008
0.174,2042
-0.401,9904
0.143,1882
-0.348,9792
0.542,752
-0.198,10229
0.305,547
-0.296,10164
0.267,369
-0.051,6906
-0.598,10800
0.0204,4630
-0.0774,8496
0.164,3779
0.318,480
-0.183,8987
-0.17,9155
-0.269,10769
0.00326,5341
0.0208,5075
-0.143,6686
-0.207,10383
-0.136,10189
-0.0646,7705
-0.0524,7667
-0.089,8375
0.131,1787
-0.0122,5215
-0.474,8003
0.188,974
0.00643,5040
-0.265,10651
0.0183,4669
-0.419,9973
0.115,1676
-0.308,10950
0.0499,3679
-0.267,7743
0.0271,3100
0.128,273
-0.0142,5558
0.00996,4882
1.07,1336
-0.00204,5335
0.0201,4081
0.127,297
-0.0037,4448
4.69,53
-0.127,9987
-0.208,10655
0.0125,5056
0.000951,5159
0.19,2459
0.0565,4224
-0.00217,5215
-0.115,8497
-0.209,9900
0.267,2362
0.00981,5067
-0.0822,7147
-0.339,10809
-0.0332,6932
-0.0349,6549
0.0124,4864
0.0184,4884
-0.135,7492
0.00777,5047
0.0797,3385
-0.068,8025
-0.0706,7774
-0.0173,5558
-0.405,9394
0.352,1252
0.145,1615
0.0294,4738
-0.0205,6138
0.285,219
-0.31,10632
-0.4,8557
-0.0942,7431
-0.0355,6804
0.313,398
0.21,1183
-0.184,10279
0.309,2769
0.0307,4344
0.0202,4781
-0.176,9067
-0.0606,7232
-0.052,5905
-0.14,9192
-0.147,10152
-0.22,10354
0.0579,3764
-0.116,7513
0.0918,2862
-0.112,8222
0.0297,4628
0.0148,4718
0.184,1788
-0.15,9449
0.0958,3866
-0.205,10342
0.0662,2242
0.083,2579
-0.0257,6073
-0.142,5825
-0.136,9477
-0.0638,6225
-0.0126,5865
-0.229,10828
0.0499,4137
0.194,1923
0.0126,4949
0.254,1236
-0.276,9579
-0.238,10880
-0.122,7277
-0.05,7030
-0.33,9846
-0.243,8579
-0.0115,5812
-0.101,6654
-0.133,9090
0.0946,3160
-0.076,7028
0.121,3358
0.0756,3497
-0.146,10359
-0.0714,7276
-0.0378,5891
0.212,1038
0.214,1178
0.0176,4621
-0.101,9119
-0.343,10947
-0.426,10428
-0.471,6944
0.24,1353
-0.0149,5697
0.174,1683
0.383,96
-0.208,9683
-0.332,10411
0.146,2700
0.0692,3597
0.311,283
0.734,1264
0.783,1771
0.252,2104
-0.296,7904
-0.255,9392
-0.162,7037
-0.0318,6497
0.206,2247
-0.35,9584
-0.27,10340
-0.128,10144
0.371,307
0.194,1017
-0.12,6856
-0.0728,7638
-0.0532,5834
0.208,984
-0.27,10937
-0.264,10977
-0.272,8275
-0.185,7563
0.0943,2164
0.197,976
-0.0294,6413
0.141,2307
-0.0276,5531
0.398,487
0.216,1614
-0.00522,5325
-0.0351,6457
-0.093,8220
-0.252,10250
0.0251,4786
-0.162,7808
0.0953,2892
0.0562,4200
-0.0106,5506
-0.115,7916
-0.0395,5550
-0.0518,7173
-0.131,8845
-0.0121,5784
0.0512,4230
-0.173,10336
0.236,1217
-0.108,7328
0.472,195
-0.207,10739
-0.161,9345
-0.547,10606
-0.0154,5797
-0.158,10073
-0.0932,7833
0.113,2775
0.045,4141
-0.84,9492
-0.166,7585
-0.0575,7312
0.0166,4861
-0.0627,7031
-0.102,5376
-0.0964,7760
0.00893,5079
-0.195,10331
0.0537,3922
-0.00866,5684
0.199,2974
0.0528,4303
0.0393,4008
-0.13,9019
-0.0135,5519
0.037,4298
-0.0515,6278
0.32,1032
0.0748,2148
0.16,2851
-0.129,8360
0.0456,4248
0.161,3320
-0.0893,7853
0.11,1323
-0.126,9424
0.307,227
0.00915,4947
0.498,355
-0.512,10990
-0.0658,6742
0.0762,3174
-0.0306,5888
-0.0638,7281
0.0123,5058
0.351,1338
0.412,17
-0.1,8080
-0.296,9682
-0.229,9955
0.21,1842
-0.0309,6026
-0.0769,7494
-0.0574,7358
0.384,535
-0.349,9280
-0.348,9830
-0.321,10030
0.0445,3730
-0.032,6482
-0.176,9223
0.265,1226
-0.0771,7484
-0.0342,5885
0.00308,5315
-0.273,10126
0.0845,3362
0.219,753
0.361,239
0.00548,5212
-0.0766,7533
-0.181,9221
-0.321,10869
-0.435,10831
-0.157,8774
-0.185,9145
-0.0706,7986
-0.0554,8542
0.00222,5291
-0.044,6468
-0.0067,5383
0.736,9
-0.0968,7850
-0.123,8112
0.291,267
0.105,2599
0.135,2816
0.0472,3662
-0.129,10617
0.29,1577
0.196,719
-0.0496,5592
0.00861,5189
0.00062,5611
-0.0127,6198
-0.122,8272
0.00619,5114
-0.187,9650
0.648,451
-0.0096,5820
-0.0375,6773
-0.179,10346
0.0218,4782
-0.616,9674
-0.0781,6179
0.1,3258
-0.0809,7915
0.0373,4655
-0.189,10581
0.431,566
-0.143,7844
0.26,458
-0.0303,6823
-0.025,6135
-0.0637,6946
-0.137,9508
0.0364,4015
0.0936,2336
0.0512,3699
0.151,2782
0.231,1582
-0.0277,5941
-0.163,7483
-0.106,7804
-0.195,9079
-0.191,6383
-0.104,6652
-0.685,10347
0.443,929
0.334,403
0.0822,2856
-0.241,10482
-0.253,10512
0.541,332
-0.379,6911
0.14,1427
-0.144,6984
0.286,1165
-0.132,7533
-0.162,8326
0.00461,5207
0.0639,3209
-0.255,10621
-0.12,9060
-0.323,7206
-0.125,7958
0.135,1884
0.018,4637
-0.0602,7059
-0.329,10020
0.0211,4753
-0.196,6979
0.172,3255
-0.0857,8255
-0.0317,7114
0.232,828
-0.126,8436
0.459,1552
-0.151,9056
0.243,607
-0.0596,6585
0.326,372
-0.00634,5307
-0.0887,6728
0.0561,3583
-0.0382,6556
0.0267,4468
-0.0916,7519
-0.199,9123
-0.0227,6472
0.0235,4868
-0.0822,9346
-0.119,7953
0.0599,3913
0.0122,5099
-0.115,8016
-0.173,9206
0.0981,1444
-0.00729,5380
0.223,1146
-0.253,10778
-0.243,6798
-0.628,10982
-0.0693,8225
0.228,1038
0.136,2171
-0.0315,5742
0.157,1052
-0.239,6882
0.0156,4882
-0.101,10062
-0.0238,5605
-0.0604,6066
0.101,3236
0.3,1290
-0.254,9653
-0.105,9133
-0.0077,5468
0.0178,4823
0.323,1379
0.00595,5239
-0.0448,7616
0.0854,3854
-0.209,9633
-0.102,9143
0.12,3439
0.245,1841
0.209,560
0.122,1981
-0.106,7480
0.369,1842
0.298,1912
-0.265,6982
0.0503,3670
0.0741,2295
-0.117,8215
-0.0808,7764
-0.233,7516
-0.0518,6763
0.386,84
-0.015,5861
-0.0516,5938
-0.23,9710
0.238,484
0.124,2074
0.169,281
0.0384,3855
-0.229,8953
-0.112,8826
0.192,2435
0.0395,4463
-0.0943,8664
0.175,2345
-0.403,10524
-0.366,9953
-0.188,9873
-0.0356,5850
-0.228,9076
-0.025,5722
0.0308,4188
0.0698,2521
0.178,735
-0.0716,7612
0.0261,4908
0.115,1977
0.192,2300
0.301,347
-0.182,10277
0.0419,4128
-0.0644,6639
-0.103,7701
-0.0751,6614
-0.000419,5678
-0.167,10445
0.116,2145
-0.123,7591
-0.308,10465
-0.255,10691
-0.262,10680
-0.0236,5891
0.0864,3303
-0.0553,6043
0.0674,3700
-0.0247,5785
0.0927,2560
-0.0311,5938
-0.276,10567
-0.0552,7217
0.0112,5196
-0.149,9977
-0.112,7941
0.608,351
0.15,1940
-0.0985,7814
-0.338,10481
0.158,3180
0.193,2011
-0.0678,8505
-0.246,10308
0.169,1263
0.142,2959
0.0254,4704
-0.0332,6537
-0.183,10517
-0.381,10712
0.366,760
-0.0853,6301
0.762,162
0.0732,2600
-0.076,7574
-0.0114,6118
0.0202,4842
0.0125,4839
0.339,1507
-0.103,7803
0.151,927
-0.0776,8159
0.0965,1795
-0.109,7759
-0.023,6266
0.0312,4366
-0.236,9979
-0.00918,5688
-0.0145,5696
-0.0962,8210
0.278,368
0.0551,3253
0.00169,5332
-0.242,10161
0.0351,4408
0.19,2083
0.00297,5423
0.0411,4550
0.421,57
0.417,192
-0.0977,8161
-0.0262,5521
-0.0385,5970
0.0313,4693
0.079,3505
0.201,1095
0.679,485
-0.265,8308
0.04,3380
-0.162,8970
0.16,2913
0.00657,5141
0.403,599
0.134,1539
0.144,2642
-0.376,10185
0.401,837
-0.146,7939
-0.0752,6544
0.32,934
-0.103,8065
-0.0675,8068
0.167,1625
0.0279,4741
-0.401,10412
-0.0805,6732
-0.214,9406
0.369,196
0.22,770
-0.344,10875
-0.29,10718
-0.117,8196
-0.183,10440
0.0614,2839
0.951,253
-0.176,8378
-0.0525,6645
-0.161,9143
-0.0664,8812
0.12,2557
-0.0534,6654
-0.0604,7167
0.216,1291
0.199,1924
0.202,2051
0.0782,2964
0.248,643
0.0377,4422
-0.0101,5431
0.0934,3190
0.0143,5138
0.288,461
0.0735,3831
0.293,432
-0.251,9777
-0.629,9869
-0.177,10389
-0.0796,9334
0.178,1273
-0.2,8927
0.315,122
-0.128,4901
-0.0823,8652
0.115,1642
-0.0259,5948
-0.417,10382
-0.000816,5093
-0.411,10877
-0.0525,6742
-0.126,8534
-0.18,8988
-0.274,10335
0.228,491
-0.172,5911
-0.131,8221
-0.223,10428
0.0545,3841
-0.27,10054
0.0364,4712
-0.364,9770
-0.0617,8468
0.0389,4220
0.107,2424
0.154,1682
0.144,1869
0.235,2771
0.147,1063
0.129,3185
0.713,1453
0.258,536
-0.205,9764
-0.104,8723
0.0395,3753
-0.125,10060
-0.229,9411
0.0248,4679
0.0216,5015
-0.101,7800
-0.12,9491
0.0156,4519
0.0285,4612
-0.129,8163
0.232,1740
-0.122,6498
0.284,826
-0.138,9908
0.0867,3660
-0.29,8929
0.48,65
0.22,1487
-0.0852,8379
-0.0512,6843
-0.232,9014
0.086,3323
0.322,2076
0.65,28
-0.0513,8469
0.142,1340
0.0489,4203
0.0524,4002
-0.227,8404
0.118,3099
-0.0834,7962
0.111,1404
-0.168,9874
-0.25,10083
-0.393,10782
-0.121,7958
-0.0402,7254
0.0737,2446
0.0497,4398
0.123,1808
0.221,1736
-0.0352,5399
-0.158,9594
-0.0521,6860
-0.269,9989
0.308,2017
0.196,2108
-0.556,10602
0.0978,2879
0.176,1295
0.0656,4072
0.0536,4400
0.0844,3086
0.151,3401
0.219,523
0.048,2505
-0.197,8797
-0.122,8340
-0.0101,5008
0.17,2590
0.112,1205
-0.136,9192
0.209,2106
-0.178,8257
-0.12,6189
0.361,1019
-0.198,9648
0.583,285
-0.048,6715
0.0151,4836
0.0729,2983
-0.382,10396
-0.036,7129
-0.181,9637
-0.0178,5706
-0.196,9833
0.225,3706
-0.417,8440
-0.252,10687
-0.384,10999
0.158,1009
0.0924,3778
-0.0888,7520
-0.00833,5210
0.164,2016
-0.111,8032
-0.264,10338
-0.169,5557
-0.046,6617
-0.327,9247
0.23,46
0.0987,3240
-0.215,9787
-0.283,9908
-0.267,10585
0.229,2004
-0.0467,6933
-0.055,6055
-0.14,8227
0.0884,3554
-0.0513,6569
-0.0894,6415
-0.0833,8561
-0.102,7918
-0.000752,5509
-0.14,8509
-0.104,7001
-0.229,9739
0.214,197
0.0411,3992
-0.296,10840
0.0755,3110
0.12,3378
-0.191,9020
0.0775,2838
0.0207,4614
-0.148,8016
0.101,3247
0.107,1286
0.0178,4937
-0.0113,5720
0.0661,2156
-0.0779,8107
-0.0876,8493
0.168,2078
0.143,1913
0.0123,4931
-0.0414,6888
-0.0953,8651
0.179,2867
0.0653,3981
-0.139,6273
-0.378,7995
-0.0681,8958
-0.0145,6155
0.32,1016
0.0642,3243
-0.0304,5840
-0.14,6316
-0.116,9328
0.0501,2513
-0.499,9820
-0.197,6146
0.756,836
1.24,15
0.337,1859
-0.11,9621
-0.164,7939
0.326,956
0.128,2139
-0.0835,9411
-0.0904,8545
-0.249,10191
-0.0495,6042
-0.173,8429
-0.0492,6290
0.119,2958
0.105,1624
-0.0105,5393
0.0727,4058
0.86,216
0.231,1882
0.0926,2867
0.102,3247
0.298,1126
-0.211,9434
0.229,1643
-0.411,9769
0.469,221
0.0944,2592
-0.0452,6739
0.0294,4412
-0.44,10370
-0.526,10690
-0.274,10010
-0.1,8964
-0.091,8671
-0.508,9688
-0.124,6281
-0.684,9249
-0.18,6770
-0.221,10563
-0.193,5211
-0.364,9261
-0.359,10408
0.0675,3842
-0.148,7176
-0.111,8154
0.189,1944
0.171,2042
0.305,777
-0.0415,6679
-0.193,10175
0.381,828
-0.00931,5497
-0.0305,6808
-0.198,8032
-0.0625,6969
0.208,1546
-0.0598,7903
-0.447,10305
-0.108,9187
-0.0394,6511
-0.141,7368
0.169,1646
-0.0769,8182
-0.209,9990
-0.209,10214
-0.172,9348
0.0661,2515
-0.0893,8887
-0.281,9487
-0.0104,5647
-0.169,7057
0.285,452
-0.0538,6094
0.0107,4421
-0.245,7026
1.08,160
-0.0696,6470
-0.0677,6632
-0.0882,7687
-0.14,9352
0.0682,3518
-0.317,10802
-0.142,8702
0.0155,4809
-0.183,10679
-0.0385,6344
0.0368,4327
0.273,731
-0.0195,5529
0.344,1131
0.0901,2245
-0.0273,6647
-0.174,7228
-0.307,7589
-0.617,9771
0.148,1664
-0.219,10162
0.00194,5138
-0.112,7184
-0.16,9212
-0.24,10383
-0.0998,8339
-0.114,9133
-0.189,7451
0.477,124
-0.128,6966
-0.23,9462
-0.0245,6264
0.0363,4419
-0.238,9357
-0.352,10977
-0.458,9926
-0.119,6854
-0.104,9140
0.3,803
0.409,180
0.0509,3912
-0.103,7934
0.0423,4002
0.105,2296
0.0363,4338
-0.446,10655
0.547,231
-0.253,10140
0.486,1769
-0.0703,8032
0.179,2537
0.0257,4733
-0.126,8750
0.253,1401
0.00178,5368
0.319,1411
0.0597,4209
-0.0373,5939
0.165,1312
-0.237,9948
0.0539,3550
-0.0906,8165
-0.0236,6604
-0.0995,7926
0.355,428
0.374,447
-0.799,9905
0.252,459
-0.203,10457
0.527,111
0.11,1999
0.445,1133
-0.256,7874
0.00192,5383
-0.0221,6908
0.0832,4026
-0.152,9390
0.142,2570
-0.00821,5405
0.00013,4836
-0.121,8380
0.0914,3647
0.244,1070
-0.174,9771
-0.0678,6697
0.0216,3812
-0.213,10923
-0.0298,5986
0.111,2313
-0.0608,6283
0.176,1105
-0.0746,5820
-0.105,8333
-0.0785,6629
0.018,4998
0.257,477
0.0549,4089
0.0768,2736
-0.302,10930
-0.0993,7778
0.25,1716
0.138,3284
-0.523,10962
-0.119,9371
0.0252,4990
0.0751,3691
0.0335,4404
-0.242,6880
-0.0475,7002
0.042,4396
-0.0379,6817
-0.0153,5760
-0.319,10863
-0.362,10762
-0.304,7628
-0.148,9083
-0.226,10510
0.0658,2900
-0.207,9725
-0.144,8154
0.164,1266
-0.0827,8674
0.0206,4503
0.309,1487
-0.0389,6014
0.106,3422
0.0653,4190
-0.087,8121
-0.0217,5552
0.0211,4835
-0.0164,5591
-0.0997,6501
-0.0282,6027
-0.0779,7520
-0.197,10316
-0.133,7642
0.0523,4283
-0.484,9666
0.0288,4844
-0.0371,5981
0.0444,3775
-0.0661,6639
-0.0178,5657
-0.414,8374
-0.0582,7170
0.361,1017
-0.205,9509
0.0219,4656
0.698,92
-0.108,9465
0.0276,4937
-0.081,7850
0.351,336
0.194,2042
-0.274,8666
0.575,443
0.0492,3373
-0.0626,7181
-0.524,8792
0.239,1912
-0.157,8395
-0.0732,7744
-0.185,10041
0.0649,2453
0.0784,2347
0.0206,4199
-0.201,9540
0.0992,2173
-0.0978,8748
-0.079,7955
-0.125,8636
-0.0413,6775
0.0714,3768
-0.0848,8476
-0.152,9849
0.0116,4871
-0.206,8860
0.0627,3290
0.22,2527
0.587,307
-0.304,10361
-0.0401,6695
-0.0666,7775
0.186,1514
-0.00325,5276
0.472,330
0.0864,3427
0.000986,5180
-0.0943,7751
0.265,1271
0.116,1451
-0.135,8979
-0.183,10341
-0.0104,5598
-0.00565,5447
0.0615,4038
-0.0786,6481
0.582,650
0.32,193
0.0516,3101
0.0182,4626
0.0125,4993
-0.144,7920
0.489,1971
0.0777,3124
-0.157,9035
0.869,452
0.105,3006
0.314,672
-0.134,9273
0.662,15
0.0971,3021
-0.0708,6384
-0.0203,5985
0.236,2896
-0.527,10712
-0.0253,6221
-0.0736,9340
-0.107,8599
-0.185,9779
-0.061,7941
-0.276,10023
-0.0756,8102
0.137,1542
-0.225,9224
-0.171,10102
0.0814,4227
0.0914,3506
0.0163,4909
0.137,530
0.0202,4690
-0.148,9530
-0.126,7160
-0.00929,5483
-0.143,9590
0.0749,2578
-0.17,8274
-0.195,8778
-0.462,10966
0.123,2185
-0.562,8790
0.0509,3283
-0.167,9184
0.0747,3684
0.21,2253
0.0586,3264
-0.149,9848
0.0181,5066
-0.00627,4962
-0.169,8628
-0.167,9705
-0.081,6950
-0.113,8273
0.747,20
-0.0481,7244
-0.123,8220
-0.114,8943
-0.0166,5288
0.00302,5265
-0.0168,5793
0.0854,2649
-0.129,8377
0.0924,3822
0.126,2413
-0.23,9898
-0.248,10883
-0.216,10553
-0.173,9067
-0.0351,6031
-0.264,8597
0.438,506
0.367,98
0.2,1928
0.358,315
0.123,3391
-0.219,9947
-0.079,7991
-0.0473,6652
-0.153,9416
-0.22,9687
-0.426,10773
0.182,1147
-0.0603,6339
0.062,3577
-0.0954,7731
-0.1,7198
-0.113,8816
0.265,124
-0.206,10689
-0.182,9043
0.512,175
-0.281,8681
-0.382,10466
0.0831,3646
-0.203,10854
0.0898,2696
-0.0608,7143
-0.162,8318
-0.536,10271
-0.414,9740
-0.00507,5815
0.148,2282
0.0957,3383
0.0536,4175
-0.358,8268
0.22,1246
0.127,1748
0.0193,4657
0.274,2487
-0.0198,5329
-0.368,9999
-0.23,8961
0.0913,3000
-0.225,8775
0.0284,4628
0.63,96
-0.0263,6249
-0.304,8956
-0.0196,6519
0.0439,3372
0.0397,4527
0.49,355
-0.11,7346
-0.0801,6487
0.277,469
-0.0212,6402
-0.0531,7077
0.00828,4796
0.17,2641
0.0684,3655
-0.0779,9818
0.121,3051
0.175,2765
-0.141,9081
0.271,842
-0.193,8552
-0.274,10304
-0.0259,8060
-0.105,7954
-0.0264,5939
0.266,1799
-0.252,10500
0.0155,4740
-0.276,10517
0.0573,4368
0.185,1589
-0.403,10479
-0.062,7296
0.266,351
0.0548,3753
-0.0123,5462
-0.0676,7159
-0.0513,6467
0.0995,2587
0.113,1534
0.0901,1263
-0.307,9534
-0.175,9698
-0.0358,5566
0.265,477
-0.186,9591
-0.0193,5865
-0.0118,5661
-0.113,7206
0.136,1601
-0.111,6634
-0.013,6386
-0.055,7020
-0.000663,5196
0.113,2949
-0.171,8892
-0.132,8638
-0.331,11029
-0.0727,8161
-0.0505,6210
-0.222,8944
0.0103,4863
-0.0484,6381
0.105,1634
0.299,163
-0.0537,6672
0.28,294
-0.305,7147
0.138,2681
-0.147,8246
-0.0846,9437
0.0265,4727
-0.222,9907
0.0869,3261
0.227,1186
-0.237,10503
0.111,2423
0.336,810
1.13,100
0.486,244
0.0114,5081
0.0245,4572
-0.0402,5989
-0.333,7434
-0.00731,5204
-0.145,7653
-0.187,8620
0.0123,4680
-0.147,9370
-0.368,10723
0.0644,3623
-0.0537,6851
-0.0286,5891
-0.146,10528
-0.0019,5516
-0.198,8687
-0.128,7453
0.0198,4888
-0.12,7966
-0.0685,8407
0.0745,3435
-0.503,10982
0.172,2244
0.259,581
0.301,1020
0.0961,2745
0.0557,3313
-0.402,9799
-0.19,8155
-0.573,8051
-0.5,10823
-0.0325,6222
-0.0436,6599
-0.143,7670
-0.0414,6091
0.0573,3220
0.019,5157
0.128,1773
0.0128,4713
-0.112,3926
0.323,994
0.164,772
0.276,1449
0.121,3054
-0.0626,7042
3.34,238
0.264,1887
-0.0208,5889
-0.341,8851
0.135,3231
-0.0283,6747
1.44,98
0.00631,5292
-0.137,7051
-0.0875,8192
0.249,399
0.0339,4608
0.103,3543
-0.49,10873
-0.112,6128
0.356,1058
-0.49,10843
0.142,2586
-0.123,7434
0.439,584
-0.272,6109
-0.136,8434
-0.0487,7413
-0.231,9217
0.414,1063
-0.0191,5361
0.241,2050
-0.0879,8210
-0.0782,7052
0.137,1571
0.244,2024
0.00657,5006
0.591,1641
0.361,1446
-0.0848,8467
-0.377,10982
-0.136,7900
0.102,1922
-0.122,6039
0.16,2302
-0.0214,6174
0.00107,5436
0.272,2798
-0.386,10614
-0.154,5570
0.345,697
-0.222,10471
-0.0744,8768
-0.19,8971
-0.116,8633
-0.0968,6678
-0.145,9499
-0.145,9205
-0.121,9537
-0.128,7186
-0.00144,5260
-0.121,7641
0.0132,4765
0.0212,4642
0.0163,4554
0.359,802
0.161,2570
-0.117,6149
0.048,4460
-0.0374,6926
0.00527,4749
-0.0714,7054
-0.683,10556
-0.0809,6093
-0.0347,5982
0.137,2155
0.0509,2857
-0.4,10944
0.34,593
0.078,2941
-0.131,7959
-0.142,9023
0.0345,3905
-0.246,8283
-0.0927,7520
-0.226,9491
0.43,432
-0.0678,6765
-0.054,6684
0.159,1427
0.0251,4027
-0.0149,5442
-0.305,9610
0.00718,5199
0.139,2769
0.00265,5148
-0.455,10889
-0.188,8070
0.171,1944
0.138,1193
-0.198,9332
-0.0478,6555
-0.0584,6177
-0.192,9140
0.902,937
-0.0281,6062
-0.0572,6224
-0.0382,5526
-0.493,9992
-0.268,9742
0.0329,4381
-0.0979,7929
-0.126,9589
-0.0953,8854
-0.0512,6656
-0.0692,6256
-0.42,10932
0.114,2112
0.312,393
-0.124,8426
0.271,99
0.22,2876
-0.101,7446
-0.126,9783
-0.0782,7983
-0.181,9403
0.0221,4854
0.167,2303
-0.0231,5952
-0.0258,6050
0.0817,3035
0.0521,3675
0.106,3055
-0.28,9559
-0.216,8780
-0.0163,5716
0.07,3187
0.168,2644
-0.58,9313
0.207,610
-0.0337,6145
0.147,1827
0.102,3221
0.0525,4371
0.122,1185
0.0143,5047
-0.0455,7014
-0.104,8857
-0.0405,7753
0.0238,4251
0.104,2230
-0.0321,6466
-0.0579,7268
-0.0611,6883
0.111,3476
-0.177,9792
0.195,1444
0.0982,3028
0.141,2524
0.045,3885
0.0402,3580
-0.31,9214
-0.119,7868
-0.101,9521
-0.154,8767
-0.305,8273
0.237,1693
-0.212,9968
-0.286,10756
-0.0908,8062
-0.541,8500
0.098,2782
-0.597,11000
0.0211,4645
-0.0697,7913
0.0779,4451
-0.0411,6121
-0.0336,5911
0.0374,4561
0.0732,3640
-0.156,9756
-0.00766,5563
0.0575,3655
0.0157,4941
-0.0743,8542
0.0196,5068
-0.237,9243
3.91,33
1.05,135
-0.218,9987
0.44,33
0.0773,3495
-0.189,9882
-0.32,9848
1.74,27
-0.304,10487
0.0603,3734
0.0638,2862
0.498,318
-0.182,9715
0.12,3247
0.0665,2802
-0.0674,8840
0.119,3131
-0.0674,6931
-0.0629,7135
0.226,568
-0.0383,6794
0.0513,4184
0.371,1293
0.0568,3660
-0.0726,6751
0.201,1238
-0.135,9339
0.152,2527
-0.245,9300
-0.337,10281
0.0748,4116
0.309,2260
0.0923,2092
0.219,257
0.249,694
0.119,3673
-0.136,7724
-0.235,8554
-0.193,10413
-0.19,8738
-0.0293,6128
0.0861,3231
0.196,606
0.189,1171
0.0514,4171
-0.0674,6880
-0.128,7912
-0.018,6078
0.214,2608
-0.269,8620
-0.0249,6246
-0.0451,7696
-0.0961,7533
-0.488,10936
0.578,100
-0.666,10410
0.165,1017
-0.0452,6707
0.143,2236
-0.119,6745
0.181,2073
0.316,1081
0.134,142
0.253,897
-0.0804,7250
-0.378,10828
-0.107,8025
0.146,756
0.172,1296
0.0128,4844
0.5,734
-0.103,6489
-0.0174,5349
0.214,1956
-0.0992,8587
-0.0883,8356
0.178,2213
0.478,22
-0.482,10876
-0.099,6473
0.177,1355
-0.114,9010
-0.257,10046
-0.143,8053
0.228,3680
0.224,1459
-0.147,9866
0.0531,4201
-0.0154,5731
0.215,2344
-1.23,10284
0.221,2433
0.00181,5306
0.11,2591
-0.106,7621
0.0814,3480
0.255,2361
-0.249,10648
0.222,698
-0.0942,7623
0.138,3250
0.0549,4373
0.0907,3553
-0.229,10422
0.113,2026
-0.0708,7561
-0.0774,6368
-0.163,9395
-0.271,10656
0.441,1973
-0.143,9905
-0.233,10266
0.0793,3139
0.079,3076
-0.179,9235
-0.173,6676
0.101,4027
-0.232,10323
-0.137,7025
0.0536,3849
-0.0185,5110
-0.279,9925
0.0356,3996
-0.246,9656
0.0918,2675
0.18,2079
0.00295,4906
-0.177,6307
0.101,1514
0.0915,2361
0.187,2374
0.112,3814
-0.197,8117
-0.0423,6479
-0.0355,7057
0.0458,3885
0.141,2015
-0.000297,5439
-0.0332,5522
0.147,1425
0.26,955
-0.169,9010
-0.0411,6632
-0.225,9012
-0.408,10962
0.263,795
0.0698,3403
0.207,1386
-0.417,10001
-0.04,6523
0.243,991
0.399,116
0.149,2528
-0.21,9215
0.0696,3583
-0.0231,6031
0.0696,3904
-0.316,9898
-0.012,5712
0.0956,3713
-0.181,9339
0.0261,4457
-0.0524,6534
0.193,1347
-0.0143,6125
0.00586,5411
-0.215,8916
-0.0384,6111
0.138,2770
-0.105,9365
-0.0284,6128
-0.00963,5539
-0.698,7938
0.185,2106
0.48,1203
0.0571,4158
-0.0149,5184
-0.0157,5985
-0.0101,5381
-0.0829,6823
0.0425,4129
-0.135,7261
-0.116,8782
-0.022,6830
0.375,1544
-0.102,7814
0.0156,4033
-0.119,8776
0.0157,4707
0.125,1609
0.0734,4045
0.0904,3577
0.226,1381
0.0854,3397
0.203,261
-0.0132,5904
-0.557,10443
0.0769,3694
0.0324,4462
0.0236,2849
-0.107,6784
0.18,984
-0.223,9462
-0.141,8122
-0.254,5992
-0.186,8482
0.00924,4633
0.131,1159
0.0108,4789
-0.0142,5876
-0.1,8338
0.227,681
-0.15,9748
0.428,134
0.49,172
0.234,2650
-0.334,9406
-0.261,10370
0.212,1041
0.018,4847
0.0628,4071
-0.0876,7071
-0.0489,7236
0.0719,3875
-0.0567,7357
0.0841,3110
0.237,1477
0.103,1790
1.18,2
-0.05,5829
0.00853,4983
0.121,1107
-0.167,8945
-0.259,10285
-0.105,7949
-0.248,9749
-0.116,10009
0.0319,4092
-0.232,10472
-0.000821,5129
1.35,133
-0.106,7625
0.206,325
0.107,1921
-0.0627,6001
0.174,2639
0.088,3855
-0.107,5271
-0.0136,5916
-0.0716,8179
-0.268,8669
0.0568,3702
-0.559,9988
0.242,994
0.0663,2962
-0.0671,8526
0.186,2564
-0.0597,7936
-0.0211,5012
-0.153,8906
0.085,3506
0.00669,5109
-0.088,7350
0.287,2295
-0.00387,5188
0.0641,4126
0.0752,3599
0.122,1791
-0.159,8350
-0.0633,6373
0.0216,4910
-0.293,8406
0.184,1032
-0.0839,7666
0.0331,4211
0.572,2006
0.269,383
0.337,976
0.00931,4844
-0.321,8864
-0.0702,6717
0.032,4086
-0.106,8314
-0.0965,7007
0.00577,5399
-0.179,7164
0.0351,4487
0.0474,2935
0.0093,4874
-0.114,8017
0.108,2588
0.0702,3252
-0.0614,6987
0.0807,1996
-0.137,9623
0.26,1671
0.176,2486
-0.324,10129
-0.198,9605
-0.0893,8047
-0.0853,8682
-0.0628,6742
0.0452,4300
-0.301,10224
-0.00797,5424
0.462,113
0.391,101
-0.14,6304
-0.409,9912
-0.116,8803
-0.106,7320
-0.145,9569
0.109,2009
-0.119,6157
0.062,4506
0.283,1856
0.0192,4515
-0.0341,7187
-0.122,10078
-0.566,7760
2.1,269
0.724,1228
-0.0416,5618
0.311,426
0.218,683
0.482,2309
0.213,3066
0.243,3293
-0.0245,5465
-0.553,9691
-0.401,8295
-0.15,8644
-0.0564,6181
0.4,13
0.143,814
0.0998,3710
-0.337,8604
-0.346,8743
-0.268,7278
-0.0797,6980
0.000585,5173
0.0484,3970
0.152,2436
-0.311,10380
0.0224,4885
-0.0463,6259
-0.0424,6504
-0.347,10424
-0.14,8440
-0.0561,6311
-0.0176,6297
0.0042,5328
0.398,414
-0.0184,5915
0.299,180
0.187,998
-0.236,9497
-0.201,10149
0.0505,3113
0.171,3128
-0.315,9688
-0.385,10238
0.257,2255
-0.0919,7229
-0.535,10995
1.22,743
0.935,19
0.0876,3565
0.112,3393
0.152,508
-0.399,10132
-0.3,8564
-0.442,6390
0.259,2066
-0.0726,9224
0.0466,1465
0.0588,4147
0.222,1506
-0.418,10638
-0.0563,6693
0.0584,3438
0.0319,4736
-0.0598,6801
0.147,2575
-0.00792,5723
0.09,3625
0.171,2029
0.16,439
0.081,4195
0.289,1177
0.645,324
0.141,1214
-0.134,9398
0.168,2168
-0.183,9442
0.173,1456
0.264,1911
-0.118,6907
-0.218,8565
-0.245,10969
-0.28,9630
0.148,2744
-0.196,9644
0.0644,3027
-0.142,10313
-0.0104,5763
0.19,2582
0.562,226
0.0753,2893
0.781,807
-0.00325,5470
0.0579,3820
-0.23,8586
0.368,800
-0.0234,5594
0.0047,5257
-0.137,9269
-0.296,9875
-0.481,10940
0.501,190
0.345,696
0.171,186
0.0741,2744
-0.158,9716
-0.249,7981
-0.154,9366
-0.145,8275
0.0748,2375
-0.18,10017
0.186,487
-0.0686,7499
0.138,2997
-0.0599,6629
0.0634,3825
-0.0887,7565
-0.189,10788
0.273,214
0.162,1359
-0.377,10204
0.0063,5104
0.116,1845
0.0522,3937
-0.255,10432
-0.0328,6305
-0.0849,7127
-0.243,10361
0.0998,2284
-0.153,9396
-0.00551,5480
-0.0333,6102
-0.156,8632
-0.15,9252
0.308,543
0.115,1089
0.228,661
0.201,1568
0.0225,4555
0.414,25
0.0539,3589
0.358,1032
-0.212,9790
0.0779,2383
0.342,2693
-0.0135,6026
-0.0224,5736
0.0236,4757
1.9,166
0.102,3888
0.249,1678
0.274,304
-0.0656,7623
0.0823,3368
-0.0354,6083
-0.0964,7409
0.029,4581
0.0202,4874
0.0873,2703
0.68,362
0.00702,4999
-0.0733,6725
0.0844,3371
-0.216,8990
-0.153,10305
-0.175,9674
-0.419,10952
-0.0248,6157
0.213,2731
-0.218,10236
0.11,2231
0.196,2800
0.164,3098
0.681,636
0.0864,2747
0.0976,3760
0.238,1402
0.0565,4417
0.144,3123
0.465,544
-0.191,9732
0.0299,4255
0.126,1993
-0.0685,7066
0.149,1613
-0.0556,6971
-0.147,9198
0.329,474
0.229,1581
0.0324,4578
-0.0875,7389
0.236,495
0.17,1410
0.817,5
0.213,1003
0.00534,5177
0.273,1091
0.427,177
0.0606,2442
-0.0328,7535
0.155,2088
-0.162,9375
0.0408,4468
0.594,727
0.246,706
-0.0859,7192
0.15,2894
-0.12,7575
-0.144,8954
0.276,1165
-0.115,8621
0.211,1255
0.3,960
-0.17,7458
-0.483,8070
-0.156,8109
-0.0412,5850
-0.0999,9824
-0.275,10475
-0.0885,6429
0.216,1867
-0.162,9374
-0.0845,9720
-0.00201,5395
-0.16,7709
-0.0993,9008
0.269,1063
0.089,2531
0.00246,5289
-0.207,10472
0.0639,3792
-0.195,8947
0.049,3565
0.213,1133
0.0226,4617
0.0294,4273
0.249,995
-0.0669,7139
-0.218,9002
0.00564,5172
0.337,848
0.0544,3923
-0.0104,5855
-0.158,8913
-0.146,6466
0.0702,4056
0.0427,4070
0.0459,4129
-0.0819,7048
-0.36,10853
-0.0917,6390
-0.0219,6017
-0.00801,5316
0.221,188
-0.12,7669
0.0266,4779
-0.00798,5540
0.031,4649
0.107,800
0.279,496
-0.155,9930
-0.361,10720
0.0159,4922
-0.446,10841
0.0206,4415
-0.135,8369
-0.163,8981
-0.12,8841
-0.292,8902
0.224,3465
-0.129,9127
0.117,1485
0.129,2899
-0.0742,6621
-0.137,7438
0.132,2413
0.0614,3673
0.237,22
0.0825,3949
-0.107,7907
0.219,1662
0.0155,4840
0.323,334
0.0143,4911
-0.251,9450
-0.0669,6947
-0.123,7516
-0.365,7467
-0.239,10501
0.295,850
0.00723,5391
0.118,1505
-0.143,8983
0.269,660
-0.0782,8504
0.0148,4756
0.162,2368
-0.0908,7952
-0.115,8159
-0.0161,5785
0.149,1144
-0.242,10463
-0.152,9647
-0.039,6507
0.138,3161
0.0816,3103
0.407,540
-0.366,10714
-0.142,9469
-0.504,9662
0.0224,4695
0.0915,1567
0.0278,4586
-0.0569,7167
0.299,572
-0.26,7600
-0.063,6914
0.129,636
-0.0421,7110
0.00606,5307
0.0637,3825
0.0427,3852
-0.00904,5228
-0.0648,7198
0.222,1799
0.148,1637
0.493,522
-0.236,8105
-0.0984,6623
-0.0218,6773
0.0523,3860
0.231,1395
0.451,268
-0.417,10126
-0.0195,6111
0.221,383
-0.233,10611
-0.247,9227
0.0802,3456
-0.126,7759
0.392,1389
0.149,2644
0.479,48
-0.497,10330
0.00757,5096
0.811,4
1.23,59
0.159,2073
-0.198,8741
-0.403,10336
0.26,838
-0.0468,6181
-0.216,9074
-0.0716,7540
0.203,1488
-0.156,9218
0.208,1743
-0.339,10217
0.29,1628
0.144,2204
-0.196,10489
-0.154,8432
-0.47,10521
-0.316,9931
0.535,255
0.0318,4385
0.0283,4550
-0.0384,6524
0.00466,5003
-0.114,9218
-0.131,7950
0.143,2903
0.0396,3926
-0.0577,6396
0.46,242
-0.166,9324
0.223,1812
0.127,974
-0.108,9759
-0.0357,6164
0.198,985
-0.43,8036
0.318,1366
0.249,1983
0.0315,4474
-0.15,9443
-0.114,7101
0.369,817
-0.0336,5837
0.0209,4654
-0.186,10926
-0.11,7390
-0.0393,6457
-0.289,10274
-0.364,10974
-0.182,9250
-0.0691,7256
-0.471,7245
0.315,1094
-0.312,10140
0.338,1664
-0.148,9108
0.0164,4741
-0.331,10296
-0.331,9730
0.455,394
0.0702,4621
0.0303,3829
-0.0526,7069
-0.2,7802
0.00583,5120
-0.211,7517
-0.157,8701
0.191,834
-0.0912,8388
-0.142,8424
-0.416,10509
0.123,3393
0.0877,3841
0.074,3498
-0.169,9101
-1.06,10150
-0.00513,5526
-0.162,9962
-0.329,10660
-0.0284,6690
0.00658,5202
-0.0535,6089
0.14,2422
-0.0636,5741
0.246,401
-0.0444,6442
-0.0384,6102
0.153,3069
-0.199,9652
0.148,1664
0.107,3179
0.0275,4391
0.356,102
-0.46,9122
0.176,1139
0.179,765
-0.409,10736
0.0846,2530
-0.0075,6044
-0.832,10237
0.154,3564
0.00608,5148
-0.0581,6334
-0.0538,6510
0.0113,5100
0.0351,4562
0.286,925
-0.129,7748
0.00645,5239
-0.041,7788
-0.126,8444
0.222,2030
-0.552,10205
0.366,733
0.209,2549
0.294,1218
-0.0171,5427
-0.0513,7230
-0.0539,7100
0.0766,3654
0.0569,3686
0.095,549
0.304,169
-0.0389,5788
0.221,1550
-0.897,10952
0.115,2841
-0.00266,5279
-0.342,8927
0.399,178
0.514,282
0.535,639
-0.174,7595
-0.137,8919
-0.296,7346
0.0315,4191
-0.0826,6892
-0.199,9207
0.325,2285
-0.111,8026
-0.193,10633
-0.000842,5505
-0.39,10761
-0.186,10349
-0.482,10958
-0.0606,6896
-0.0242,5845
0.147,1927
0.225,1607
0.0887,3143
0.169,2743
-0.0204,4371
-0.0218,5714
-0.0456,6545
0.0132,4958
-0.087,7508
-0.133,7433
0.0332,4057
0.136,1153
0.0105,3790
-0.199,8638
0.122,3377
-0.248,8787
-0.196,9340
-0.00444,5424
0.0755,3458
-0.12,9218
0.128,2220
-0.425,10811
0.279,1918
-0.077,8424
0.171,1620
0.197,1054
-0.0243,5994
-0.00844,5490
-0.365,10477
-0.0687,9637
-0.0839,8781
-0.189,9546
0.0095,4973
-0.212,10397
-0.0487,5835
0.435,265
-0.0607,6750
0.173,2531
0.138,2695
0.0689,3215
0.0219,4768
-0.258,10454
0.0177,5025
0.526,106
-0.136,8104
0.00346,5348
-0.19,10298
-0.156,8216
-0.402,9108
-0.0403,5384
-0.209,9922
0.0536,3552
-0.157,10700
-0.223,6855
-0.218,9682
-0.281,9291
0.13,2605
0.0259,4302
-0.0939,7711
-0.0954,8928
0.0614,3409
0.416,211
0.353,946
0.0834,2768
-0.0747,9427
-0.413,10750
-0.17,8672
-0.16,8499
0.329,1997
-0.199,10146
-0.0315,6509
0.00638,5067
-0.00685,5762
0.181,3433
-0.15,9974
-0.157,9585
-0.186,9310
-0.308,5848
-0.0557,6951
-0.0239,5211
-0.282,9990
0.0627,3176
0.358,132
0.187,1054
0.334,1020
-0.247,9349
-0.124,8701
-0.041,6752
0.193,903
0.297,717
0.00735,4923
0.395,2155
0.0755,2996
-0.401,10789
0.046,4014
-0.156,10068
0.0738,2293
-0.152,9193
-0.0516,6372
0.0942,2002
-0.212,9069
-0.143,9331
-0.0661,6967
0.009,5163
-0.121,8002
0.472,96
-0.245,8668
-0.0404,6594
-0.0958,6745
-0.182,8832
-0.152,8597
0.00158,5418
0.134,1304
-0.192,9411
0.0817,3509
-0.305,10549
0.0655,2248
-0.199,9811
-0.0131,6157
0.355,1166
0.186,1097
0.0875,3336
-0.0988,6704
-0.0431,6218
-0.21,9895
-0.0119,5609
-0.204,9374
-0.188,7616
0.0187,4878
-0.00536,5568
-0.0758,7007
-0.0759,6739
0.109,2015
-0.169,8685
-0.107,8467
-0.00831,5328
0.141,1742
0.149,2376
0.197,2983
-0.121,6318
0.0792,3151
0.2,450
-0.0645,6916
0.14,2503
-0.0313,6584
0.127,3468
-0.531,10749
-0.202,10459
-0.104,9505
-0.188,8390
0.231,1912
-0.142,8564
-0.144,9085
0.0654,3494
-0.0334,6123
0.0725,3149
0.118,3202
-0.0706,6999
0.0841,3652
-0.0733,8289
0.0957,3045
0.21,1881
0.274,387
-0.11,6893
0.0863,3898
-0.208,9713
0.0474,3928
0.172,1961
-0.0284,5997
0.189,2185
-0.219,10496
-0.286,9180
-0.137,9049
-0.342,10243
0.0444,4373
-0.0194,5855
-0.104,7451
0.0113,4732
-0.0636,7595
-0.0843,6978
-0.0574,5991
-0.371,9461
0.277,570
0.0772,2926
-0.14,8792
-0.0499,6633
0.142,3053
-0.121,9079
0.0679,3857
0.351,632
-0.0908,8958
1.05,50
0.43,956
-0.00793,5637
-0.239,8446
0.0705,3139
0.0155,4873
-0.0773,7416
0.0641,3797
-0.0126,5913
0.0506,3869
0.511,42
-0.222,9567
0.284,242
-0.46,10931
0.0105,4911
-0.0859,8810
0.0962,3048
-0.105,8376
-0.223,10300
0.212,1700
-0.0809,6233
0.157,3130
-0.0154,5743
-0.0785,7994
-0.0525,6022
0.0394,4450
0.18,832
0.203,1049
-0.148,10666
0.0122,4947
0.158,2893
-0.399,9231
0.294,1543
-0.282,10359
0.101,2213
0.116,1671
0.0518,4024
-0.201,10005
1.26,13
0.265,1444
0.0399,4347
0.0765,2243
0.0189,4968
-0.0763,7603
-0.245,6770
-0.427,10808
-0.139,10330
-0.0914,7873
0.225,417
0.499,206
-0.0285,6655
-0.13,8487
-0.0291,6231
-0.0644,6827
0.0902,2709
-0.158,8076
0.022,4716
0.159,1796
0.126,1452
0.227,489
0.203,651
-0.651,10660
0.196,3050
-0.193,9358
0.205,1560
-0.126,8733
-0.0198,5566
0.851,55
-0.352,10406
0.374,915
0.0409,4122
-0.28,10075
-0.107,7306
0.0731,3191
0.134,2182
-0.172,7873
-0.111,10024
-0.0923,9726
-0.0748,6744
-0.186,8498
-0.206,10090
0.0111,5102
0.118,2070
-0.295,10886
-0.155,9317
0.296,997
-0.257,7445
0.552,866
0.249,801
-0.255,10541
-0.0924,8479
-0.133,8454
-0.109,7740
0.14,2071
0.167,702
0.00587,4959
0.3,1688
-0.116,8714
-0.481,10720
-0.356,10782
-0.139,9655
0.252,796
-0.168,8849
0.00162,5162
0.73,469
-0.508,10162
-0.0473,6243
0.0175,4218
-0.105,7958
-0.0579,7278
-0.0305,6166
0.064,4247
-0.00128,5161
-0.139,9266
0.66,459
0.0585,4306
0.0229,4804
-0.0483,6718
-0.112,8152
0.0803,2672
0.106,2296
0.207,2409
-0.237,9778
-0.452,10781
0.036,3935
0.0337,4329
1.05,112
0.0942,3229
0.497,702
0.195,1173
0.0733,2927
-0.00997,5966
-0.262,10023
0.0625,3930
-0.0722,6777
-0.517,10127
-0.0305,6021
0.116,1855
-0.163,9422
-0.221,8882
-0.138,9252
0.0987,434
0.162,770
0.0766,2602
0.25,283
0.271,1863
0.00643,5136
-0.084,8544
-0.212,8758
0.00399,5249
0.201,1818
0.0851,2815
-0.0393,5657
0.406,1161
-0.0754,7409
0.0847,1723
0.21,1260
-0.0769,7579
-0.321,9275
-0.144,8698
0.14,2433
-0.0892,8654
0.66,159
0.102,3299
0.874,386
-0.436,10512
0.0812,2679
0.228,346
0.0611,4207
0.515,493
0.151,1868
0.343,64
-0.0868,6544
-0.0813,8099
-0.22,9846
0.18,1001
0.471,40
0.166,2837
0.033,4770
-0.126,8449
-0.12,8623
-0.25,9526
-0.346,10620
-0.0484,6482
-0.0117,5504
-0.0659,6381
0.427,830
-0.00985,5217
-0.229,10507
0.0465,3975
0.0233,4431
-0.00648,5568
-0.229,9655
-0.0659,5812
-0.124,8050
-0.193,9322
-0.0324,7396
0.0462,3878
0.247,2332
0.0711,3690
0.573,92
0.000552,5396
-0.394,10736
-0.103,9571
0.213,1166
-0.368,9846
-0.263,9520
-0.0748,7077
0.266,1700
-0.126,9173
-0.125,8653
0.101,4034
-0.475,10531
-0.254,10525
-0.0772,7480
0.2,680
-0.0875,7368
-0.128,8404
-0.0422,6392
0.0378,4384
-0.116,8494
-0.0751,7893
-0.0418,6304
0.157,2801
0.409,495
0.136,3297
-0.0383,7828
0.0264,4280
-0.116,9841
0.0213,4599
0.296,1439
-0.237,9502
-0.0156,6036
-0.142,8578
-0.0116,5546
0.000479,5351
0.0885,1985
-0.0893,8572
-0.0879,7993
-0.167,8838
-0.0828,8249
-0.373,10299
0.449,742
0.0855,2773
0.0194,4264
0.115,2754
0.0381,4098
0.0017,5426
0.259,2544
0.033,4350
0.00248,5202
0.192,1090
-0.166,8766
0.172,2976
0.415,1781
-0.195,8630
0.0548,3438
-0.0929,6540
-0.132,8524
0.0899,3968
0.346,1970
-0.0113,6104
-0.0138,5661
-0.0247,5324
0.361,386
-0.125,8018
0.00465,5068
0.123,725
0.0363,3987
-0.0317,5767
-0.483,10460
-0.529,9418
0.00651,5270
0.127,58
0.0137,5007
-0.0832,7389
0.0264,4242
-0.64,9457
-0.202,7706
-0.143,8462
-0.168,9620
0.0156,4998
0.0575,4201
0.0385,4086
-0.199,7268
-0.286,10923
-0.0556,7804
0.266,1249
0.0909,3917
-0.207,7269
0.0224,4884
-0.302,10641
0.364,2522
-0.216,9418
-0.087,7512
0.072,3843
-0.0423,6383
-0.0551,7703
0.287,522
-0.0316,6253
-0.118,7816
-0.0102,5436
0.256,1577
0.218,1466
0.0143,4838
-0.194,10613
-0.288,8427
-0.31,7297
-0.169,7495
-0.0865,8273
0.167,217
0.119,2475
0.174,2680
0.0533,4683
0.0385,3971
-0.266,9307
0.138,2368
0.0715,3634
0.0103,5235
-0.0218,6492
-0.136,9758
0.0753,2333
0.117,1326
0.159,3780
-0.897,9893
0.0361,4364
-0.247,9724
-0.082,7107
-0.0942,7905
-0.128,6396
-0.189,7543
-0.263,8874
-0.112,6505
-0.0459,7041
0.0107,5107
-0.24,9143
-0.202,8758
0.125,3479
-0.279,10156
-0.129,8417
-0.197,9007
0.143,856
-0.0799,8148
-0.0343,6433
-0.107,8369
0.0855,2647
-0.0613,7651
0.151,2775
0.0867,3987
-0.258,8831
-0.0569,6197
-0.0669,7541
-0.0823,7448
0.159,2435
0.633,153
0.0361,4372
0.0843,3862
0.0582,2335
-0.0296,6080
0.00921,5062
0.147,1770
-0.439,8296
-0.27,10508
0.193,1470
0.101,3268
0.317,714
0.264,154
-0.328,10134
-0.232,8152
0.0759,2345
-0.101,8511
-0.235,9171
-0.294,9365
-0.338,10998
0.147,3449
0.254,121
0.177,1261
-0.0813,6921
-0.278,10414
-0.174,8931
0.257,3210
0.421,21
0.215,1147
-0.244,8857
0.0988,2823
-0.143,8436
-0.0166,5363
0.00622,5143
0.234,715
0.0349,4211
-0.075,6965
-0.136,8178
-0.33,9169
-0.0568,6425
0.0968,3106
0.175,2249
-0.622,9553
-0.232,9106
-0.562,8456
-0.0616,7224
-0.0208,6600
0.402,2285
0.465,680
0.0455,2897
0.0788,3793
0.0239,4953
-0.0173,6132
-0.317,10694
-0.151,7360
0.433,313
-0.0692,6040
0.0383,3912
0.256,488
-0.153,9946
0.352,1437
0.0651,3789
0.07,4104
0.204,1313
0.0712,3054
0.0918,3546
0.157,2555
0.0628,4064
-0.215,9125
-0.124,8061
0.0236,4396
-0.103,7378
0.00451,5142
-0.118,6442
-0.498,8858
0.0487,4422
-0.0756,9017
0.00471,5020
0.0877,3749
-0.168,7611
0.0744,4024
-0.208,10497
0.173,2354
-0.0286,5994
0.0199,4765
-0.371,10343
0.129,1839
0.0915,2734
-0.0886,7788
-0.123,9030
-0.0122,5929
-0.0287,6247
-0.055,6941
-0.173,9508
-0.0229,6094
0.212,1820
-0.25,10180
0.215,2001
0.58,169
0.075,2891
-0.00575,5311
0.025,4519
-0.215,9897
-0.0171,5307
0.214,1096
-0.147,10122
-0.0273,6321
0.209,1180
0.191,1108
0.077,3173
-0.264,7773
-0.0646,8119
0.302,742
-0.162,8909
0.0478,4146
-0.386,9901
-0.322,9354
-0.105,9208
-0.0679,7510
-0.0652,7960
0.603,280
-0.111,6955
0.128,2408
0.106,3320
0.012,4849
0.276,425
0.389,114
0.263,2523
-0.134,9339
0.239,117
0.0506,3460
-0.147,8948
0.289,1841
0.204,1995
-0.293,7807
-0.256,11001
-0.0691,7151
0.156,2603
-0.309,10307
-0.0495,7263
0.000547,5243
-0.0398,6332
-0.203,10598
-0.154,9929
0.00651,5024
-0.0811,6740
-0.312,10473
0.0296,4981
0.461,446
-0.363,9625
0.0749,3926
-0.0433,6770
-0.302,10874
-0.105,7531
-0.0214,4981
-0.0558,8727
-0.309,10629
0.0133,5006
-0.0603,9274
0.29,841
0.0737,3224
-0.0169,5665
0.0114,5145
-0.0547,8101
-0.0884,7381
-0.11,7895
-0.4,10732
0.397,1151
-0.0688,7373
0.0155,4938
0.0464,3693
-0.499,10297
0.161,1855
-0.142,7873
0.0242,4693
-0.137,10110
0.0661,3016
0.0185,4951
-0.0521,6852
0.0691,3943
-0.0313,7017
0.0717,2821
-0.0124,5501
-0.139,9244
-0.024,5873
0.057,3359
-0.0261,6117
0.0656,3274
0.203,1683
0.229,666
0.23,1270
-0.321,8417
0.00673,5268
0.0906,1417
0.259,624
-0.00756,6038
-0.0811,6717
0.0585,4131
0.163,491
-0.0817,8588
-0.104,7977
-0.156,7213
0.739,92
0.0292,4502
-0.023,5994
-0.123,9825
-0.133,8782
0.288,790
-0.174,8914
-0.0484,6604
-0.177,10312
0.0392,4190
-0.0107,5499
0.112,2968
-0.0803,7417
0.0168,4759
-0.0444,7979
-0.202,10384
-0.0944,8069
0.00729,5227
0.206,1454
0.386,1098
0.156,934
0.0612,3492
0.00174,5010
-0.00527,5613
-0.189,9595
0.0534,3713
0.163,1879
0.341,107
0.308,2342
-0.0902,7705
0.173,2447
0.133,3125
0.0344,4433
0.0379,4097
0.159,1973
-0.0861,7421
-0.384,9126
-0.0276,6424
0.0744,3697
-0.174,9534
0.0445,4341
-0.411,10657
-0.0463,6045
0.0337,4820
-0.054,6919
-0.183,9380
0.341,553
0.137,2929
-0.261,10638
0.196,858
0.0239,4568
-0.0196,5366
-0.294,10415
-0.528,10766
0.24,1664
-0.0287,5851
0.111,3131
0.0123,4998
-0.0305,6327
-0.0999,7216
-0.0989,6363
-0.0232,6898
0.00225,5206
0.143,3034
0.01,4968
-0.111,7363
-0.00986,5406
0.116,1778
0.00152,5313
-0.0145,5454
-0.271,10048
-0.0366,5974
-0.076,7847
0.182,2343
0.428,152
-0.0294,5444
0.306,992
-0.118,8473
-0.0916,7280
0.397,393
-0.172,8954
-0.139,8941
0.268,1253
0.12,3024
0.0499,4458
0.0603,3165
-0.0258,6020
-0.101,8607
0.119,2442
0.136,1175
-0.0258,6228
0.00144,5331
-0.103,8845
0.007,5189
-0.075,7215
-0.137,10549
0.0207,4860
0.00792,4817
-0.0536,8249
0.21,1234
0.175,2400
0.141,3512
-0.139,8092
0.154,1777
0.112,381
-0.252,10453
-0.0216,5902
0.316,352
-0.531,10926
0.0128,4846
-8.68e-05,5265
0.00659,5158
0.0806,3798
0.0135,4893
-0.0761,7423
-0.173,10647
0.134,2572
0.237,1085
0.0999,3805
0.0459,3558
0.174,3030
-0.117,10266
0.00508,5239
-0.0624,5912
0.158,3026
0.521,319
0.279,2795
-0.275,10538
-0.0255,5851
-0.672,10993
0.23,1187
-0.047,6044
0.0865,4014
-0.0401,7091
0.0522,3881
0.71,1
-0.129,8797
-0.195,8139
0.449,1718
-0.0777,6603
-0.00515,5723
0.0533,4014
-0.042,6325
-0.0537,6808
-0.00381,5457
-0.0529,7017
-0.0713,6699
0.504,255
-0.268,10677
0.07,3630
-0.419,8152
0.0161,4963
-0.207,10422
0.832,293
0.41,1425
0.585,62
-0.106,7275
0.315,146
-0.0571,6682
0.052,4206
-0.0268,5571
0.0949,2662
-0.014,5643
0.0825,2726
0.011,4735
-0.239,10083
0.00851,4889
-0.212,9475
-0.282,10199
0.00155,5353
-0.17,9782
-0.487,10090
0.647,153
-0.0854,6968
-0.0765,7730
-0.0774,7771
-0.307,10430
-0.321,10590
0.0606,3898
-0.304,7435
0.242,814
-0.0634,5720
-0.0894,8714
0.336,127
-0.0858,7124
-0.0619,7090
0.0618,4052
-0.0164,6192
0.296,1437
-0.119,8041
0.047,4126
-0.161,8112
-0.221,9130
-0.104,8016
0.0361,4367
-0.291,9980
-0.0763,7326
-0.0476,7176
-0.0966,8138
-0.137,8993
0.242,978
0.24,201
-0.123,8689
-0.0174,6194
0.114,1799
0.104,2244
0.0194,4512
-0.0116,5876
-0.3,9731
-0.0457,7702
0.149,2734
-0.0161,5739
0.146,2690
0.0412,4279
0.223,1263
-0.124,9244
-0.0696,7198
0.0251,4309
0.149,855
-0.0212,5673
0.0412,4266
-0.109,7210
-0.278,8433
-0.0929,9320
0.0132,4572
-0.198,9923
0.389,484
-0.13,8799
0.566,396
0.0157,4482
-0.0736,7187
-0.048,5865
0.117,3309
-0.0502,6351
0.232,1855
-0.265,9965
0.103,2578
-0.242,6844
-0.434,9250
-0.0215,6056
-0.158,5704
0.298,1103
-0.116,6927
-0.349,10549
0.161,3325
0.0286,4110
0.0787,3416
-0.202,9438
-0.0586,6504
0.334,1469
-0.3,10233
-0.114,9291
0.2,1462
0.136,1717
0.132,1933
0.0498,4191
0.0224,4955
-0.0218,6778
0.0141,4851
-0.202,9451
0.154,3435
0.028,4341
-0.00477,5527
-0.188,9118
0.182,2645
0.509,152
-0.277,7892
0.739,537
0.136,34
-0.0068,5997
0.657,39
-0.363,10261
0.0181,4714
-0.276,10013
-0.372,10739
-0.135,9283
0.0398,4258
-0.194,8728
0.161,1254
-0.111,7383
0.104,2328
-0.0158,6143
0.139,1277
-0.128,8349
-0.212,9486
0.449,324
0.781,245
-0.044,5943
0.0833,2357
-0.0322,6012
-0.578,10570
0.0247,4443
0.119,2683
-0.0368,6366
0.00849,5254
-0.0773,8393
-0.289,9922
-0.0696,7747
-0.333,10467
0.00313,5378
0.0737,2254
-0.0101,5725
-0.0398,6629
0.18,2863
-0.344,9546
-0.0451,7128
-0.322,10732
-0.172,9046
0.0321,4613
-0.0216,5781
-0.096,8966
-0.146,6678
0.201,1304
-0.0868,7170
-0.158,9258
-0.164,7484
0.0997,3137
-0.0943,8915
0.00897,5019
0.0756,4094
-0.262,10476
0.0552,4306
-0.0986,9165
-0.0188,5774
-0.128,9610
0.196,869
-0.349,10519
0.154,1809
-0.162,7073
-0.233,9818
0.295,227
0.0994,3575
0.376,137
0.341,2157
-0.206,7433
-0.0164,5970
0.00232,5261
-0.267,10386
-0.176,10181
-0.193,9513
0.12,2556
-0.247,8969
0.17,826
-0.147,9899
0.0412,4360
0.248,814
-0.0486,6138
-0.0819,6994
-0.108,7616
0.033,4393
-0.152,8650
-0.00336,5424
-0.311,10020
0.0277,3719
-0.168,7394
-0.0431,6477
0.126,2014
-0.0254,5712
-0.316,6969
0.0119,4844
-0.00534,5840
-0.0256,5526
0.145,3379
-0.272,8853
0.695,1528
0.252,655
0.0763,2536
0.137,2323
0.02,4659
0.136,3137
-0.166,9304
-0.43,10852
-0.074,6916
0.283,714
-0.479,10376
0.116,3002
-0.0405,6764
-0.207,9477
0.134,2820
0.078,3276
0.319,1289
0.334,756
-0.0596,6968
-0.0996,6924
-0.0501,7751
-0.107,8715
-0.0802,8343
-0.203,8104
-0.251,9027
0.107,2224
-0.112,9191
0.348,444
0.119,1652
0.112,2964
-0.051,6297
-0.156,8768
-0.0194,7111
0.0826,3006
0.126,3046
-0.0168,5579
0.0998,3662
-0.242,10728
0.115,222
-0.247,10703
0.127,2198
0.175,1931
0.0712,3406
0.083,3283
-0.172,9474
-0.253,7785
-0.0409,5989
-0.15,8097
-0.094,8015
-0.197,8635
0.0393,3648
0.114,2595
0.0814,3545
0.178,1137
0.173,2474
0.306,718
0.0114,5022
-0.0494,6543
-0.00506,5500
0.0667,4347
-0.448,10923
-0.131,10379
-0.0971,9897
0.0357,4657
0.00745,5004
-0.0663,7482
-0.161,9638
0.0302,4505
-0.0629,7191
-0.136,8010
-0.0737,7493
-0.137,7842
0.146,2998
0.217,2064
-0.0547,7639
-0.174,9352
0.0389,4909
-0.383,8847
-0.103,7342
-0.353,10841
-0.0147,6035
0.148,1644
-0.0166,5887
-0.044,6021
-0.113,8046
-0.121,9021
-0.0868,7924
-0.203,7629
-0.252,10168
-0.177,9048
0.359,712
-0.0262,6343
-0.216,10762
-0.422,10888
0.533,324
0.427,879
-0.115,7948
-0.277,10975
-0.076,8207
0.709,619
0.0852,4250
0.0908,3627
-0.27,5912
0.0697,2172
-0.0423,6797
0.82,1340
-0.165,9123
0.171,2704
-0.175,7825
0.17,2190
-0.141,9404
-0.0636,7739
-0.0881,7717
0.145,2336
-0.082,9041
0.0195,5029
-0.0697,6769
-0.0758,6720
0.0726,3582
-0.183,7313
-0.333,10529
-0.193,10545
-0.106,8383
-0.208,9500
-0.0167,5702
-0.0481,5632
-0.112,5853
-0.0111,5850
-0.0776,6767
-0.0317,5899
-0.167,8011
0.339,665
-0.0681,8766
-0.101,9857
-0.034,6633
0.0815,3420
-0.251,9311
0.151,1428
-0.25,8723
0.133,2169
-0.113,8193
-0.223,10674
1.16,12
-0.243,10550
-0.275,10303
0.0695,4216
0.178,2021
0.122,2720
0.982,1204
0.0671,3978
-0.406,9189
0.0094,5023
-0.0543,7710
0.302,1073
0.288,763
0.178,2086
-0.398,5520
0.0341,3555
0.995,417
0.0852,3056
0.0891,3105
0.336,2481
-0.078,5985
-0.0735,7813
0.000462,5254
-0.297,10065
-0.105,8156
-0.0575,7019
-0.242,9325
0.0266,4642
-0.0549,8054
0.0148,4977
-0.169,7439
-0.215,6585
-0.362,10005
-0.0761,8412
-0.0246,7000
-0.0513,5584
1.39,10
-0.0032,5121
0.169,2135
0.0343,4200
-0.16,10247
-0.022,6183
0.303,615
-0.228,6839
-0.24,9614
-0.0465,7221
-0.186,10254
0.637,51
-0.0624,6315
0.523,149
0.0554,3923
-0.0183,6082
0.103,2902
-0.265,10117
-0.0437,7090
-0.0789,8298
-0.0814,7612
-0.26,10856
-0.165,9287
0.0348,4427
0.0633,3106
-0.0493,7224
-0.134,8638
-0.23,9919
-0.183,8214
0.264,646
0.0811,3018
-0.139,9833
0.498,378
-0.112,7729
-0.17,8925
-0.00596,5453
0.105,2569
0.193,1323
-0.278,9933
0.0699,3246
-0.195,8618
-0.0731,6699
0.133,1885
0.066,3870
-0.193,8089
0.503,45
-0.105,8129
-0.315,10504
0.192,580
-0.241,10596
0.74,1066
-0.0431,6498
0.0252,4701
-0.0969,7905
-0.0729,8859
0.141,1241
0.616,569
0.696,114
0.0119,4831
-0.168,8228
-0.0428,6028
-0.229,9828
-0.277,9302
-0.123,7689
0.0826,2695
0.146,1636
0.237,1100
-0.0492,8269
-0.0102,5880
-0.07,7117
0.0137,5056
-0.00745,5663
0.00618,5147
0.0968,1634
0.68,542
-0.631,10367
-0.194,7714
0.494,271
0.0215,4962
0.027,4173
0.178,1260
-0.188,10748
0.0113,5170
-0.245,9379
-0.00371,5620
-0.0255,6807
-0.0353,6319
-0.0808,7062
-0.372,9426
-0.367,9339
0.203,1899
-0.145,6604
-0.0959,7225
-0.151,8710
-0.259,9753
0.0218,4979
0.196,811
0.287,218
0.0665,3534
-0.161,8804
0.0328,4663
-0.323,8283
0.389,100
0.146,1742
0.122,2131
-0.0415,6281
-0.223,9697
-0.158,8514
-0.241,9868
0.105,2185
0.0912,3781
0.332,327
0.515,343
0.0361,4338
-0.0652,9311
0.0212,4825
-0.0339,6606
-0.00905,5640
-0.0419,6474
-0.286,10026
0.142,743
-0.235,10613
-0.21,8412
0.272,1939
-0.322,10091
-0.375,8800
-0.0404,6811
-0.35,10019
0.0562,4048
0.38,40
0.0927,3324
-0.315,10415
-0.0156,6001
0.108,3082
0.111,2881
-0.123,7320
-0.493,10453
0.0875,3717
-0.161,9272
-0.0965,6905
0.177,2570
0.0321,4554
-0.274,9354
-0.117,7564
0.166,2326
0.0003,5009
-0.128,9587
0.162,1731
0.497,114
-0.205,8385
0.133,1450
-0.226,10697
-0.0366,5833
0.485,763
-0.321,7913
-0.132,6289
-0.109,9230
-0.143,9308
-0.245,9995
0.282,668
0.0085,4970
-0.083,9267
0.0806,2529
-0.378,10899
-0.00524,5255
-0.139,9493
-0.176,9307
0.304,64
0.0924,3401
0.0972,3032
0.0324,3991
0.0284,4488
-0.26,9224
-0.517,10386
-0.114,9216
-0.0925,7919
-0.149,9215
-0.164,7721
-0.12,7495
0.193,3713
0.218,524
0.0328,3480
-0.459,10781
-0.384,10284
0.0164,4667
-0.0812,7589
-0.141,8979
-0.0172,5926
0.145,2385
-0.295,10168
0.281,653
0.123,2837
0.0423,4520
0.139,2335
-0.123,9281
-0.149,9986
-0.138,8476
-0.305,8970
0.0366,3909
0.147,1382
0.0603,3921
0.0892,3308
0.169,829
-0.0985,5038
-0.0181,5801
-0.174,9884
0.0825,3340
-0.0381,6417
0.318,1366
-0.15,9360
-0.0294,6205
-0.0488,7103
0.166,3569
-0.203,8590
-0.277,10285
-0.243,8793
-0.0399,6112
-0.277,10772
-0.301,10371
-0.189,6019
0.011,5025
-0.0143,5958
-0.0995,9789
-0.161,9069
0.00253,5198
-0.228,9843
-0.122,7627
-0.223,9660
-0.0318,6488
-0.117,7552
-0.67,9055
-0.0718,6212
0.0598,4146
-0.219,10744
0.0992,1162
0.325,433
-0.125,7872
0.456,808
-0.0265,5672
-0.0479,6687
-0.0789,8992
0.0727,4361
0.637,10
-0.0531,6941
-0.061,6154
0.0332,4676
-0.0303,6745
0.376,422
0.268,1561
-0.153,8224
0.209,3014
-0.0793,7658
0.00209,5458
-0.0107,5537
-0.208,9215
-0.0454,6148
0.0284,4259
0.0322,4418
-0.0401,7074
-0.0563,6946
0.12,3118
0.32,956
-0.365,10854
0.0822,3350
-0.0142,6256
-0.324,11006
0.153,2762
-0.305,10538
0.087,3711
0.0539,3533
0.0252,4759
0.447,11
0.345,427
0.0935,3557
-0.151,10101
0.106,1965
-0.172,10167
-0.104,8346
-0.0389,6433
0.107,2304
0.118,3828
0.0839,3016
-0.146,10589
0.0299,4542
-0.083,7270
0.0686,4194
-0.146,7923
-0.16,8823
-0.0523,7198
-0.0345,6054
-0.46,10961
0.187,1237
0.1,3604
-0.105,7291
0.0513,3437
-0.0884,7030
-0.726,10716
-0.112,9583
-0.391,10568
-0.36,10878
0.357,1768
0.0136,4884
0.0465,4186
0.0167,4617
-0.0364,6059
0.0726,3554
0.0257,4634
-0.183,7655
-0.166,5781
-0.0512,6146
-0.0249,6586
-0.0928,8460
-0.145,9350
-0.293,8568
-0.181,6895
0.0172,4890
0.191,622
-0.0935,7141
0.0271,4740
1.17,194
-0.138,7281
0.0438,4486
-0.194,10162
0.217,1100
0.0807,3279
0.228,739
0.154,3025
-0.159,8570
-0.358,10099
0.0264,4267
0.127,2219
-0.272,9790
0.129,2968
-0.254,10614
0.316,723
-0.0649,6717
-0.321,10998
0.0467,3226
-0.024,5912
-0.026,6758
0.12,2476
0.0784,3502
-0.122,7619
-0.404,8721
-0.0872,7024
-0.0541,6299
-0.105,8148
0.249,1044
-0.158,8621
-0.169,8501
-0.234,7897
0.0162,4832
-0.0626,6906
0.308,1501
0.175,893
-0.222,10289
0.229,1753
0.0507,2540
0.0815,3470
0.43,1028
-0.192,7331
0.0157,4731
0.0387,4198
-0.019,6112
0.0352,3835
-0.183,10410
-0.346,11011
0.46,97
-0.161,7830
-0.383,11015
-0.0506,7747
-0.106,6843
-0.109,7207
0.292,819
-0.111,6917
-0.188,9376
0.0707,3551
-0.224,9167
-0.279,10699
0.556,253
-0.433,10420
0.214,935
0.0221,4800
-0.252,10258
0.11,3908
-0.302,7449
0.511,1634
0.368,42
0.0767,3864
0.0455,3253
0.251,2884
-0.136,7039
-0.0222,5536
0.319,556
-0.00909,5985
0.00214,5382
0.158,3352
0.223,1042
-0.257,10503
0.221,190
0.0558,3853
0.0518,3537
0.242,367
-0.168,9478
0.836,16
-0.0434,7881
-0.0206,6597
-0.106,8528
0.782,418
-0.0246,5929
-0.281,9997
-0.0442,6674
0.2,538
-0.194,9544
0.0916,1843
-0.0174,6230
0.213,2367
-0.0779,8061
-0.089,8121
0.0604,3647
-0.0656,6886
-0.251,9057
0.318,413
-0.177,10016
-0.00911,5664
-0.243,9843
0.326,255
-0.105,6682
-0.151,7985
-0.137,9321
-0.278,9940
-0.0177,6197
-0.122,7081
-0.242,9379
0.139,1013
-0.0916,6573
0.469,116
0.66,71
-0.15,9632
0.917,4
-0.19,8688
-0.0247,6498
0.029,4328
0.264,585
0.0124,5028
-0.16,8454
0.223,2328
-0.0459,7096
0.089,1659
-0.0881,6573
-0.591,10704
0.0655,4096
-0.0847,6381
-0.0346,6084
-0.043,6092
0.00435,4904
-0.239,9457
0.131,2108
0.0199,5079
0.14,2928
0.726,1
0.00296,5562
-0.141,8538
-0.0148,5313
0.509,1161
0.213,995
-0.41,10737
0.0372,4056
-0.00636,5304
-0.0286,5389
-0.0294,5970
0.0876,3534
0.00115,5096
-0.309,8437
-0.193,8731
-0.206,10009
0.144,2083
0.0182,4520
-0.121,8780
-0.14,9268
-0.199,10572
-0.175,7622
-0.255,9499
-0.0403,6286
-0.245,10649
0.0762,3842
-0.129,7800
0.169,2580
0.259,1293
-0.103,8207
0.462,587
-0.0665,7170
-0.125,9853
-0.0901,8220
-0.11,9839
0.0993,1037
-0.0322,7013
0.126,2150
-0.0308,5872
0.0509,4235
-0.0171,5785
0.153,128
-0.148,9401
-0.116,10050
0.0188,4878
-0.0562,6068
0.162,2538
-0.286,8340
-0.17,9618
0.0961,3866
-0.136,9268
0.0358,4113
0.292,1674
-0.0567,6728
-0.0324,6168
0.282,629
0.296,903
-0.226,7973
0.244,163
0.0597,2950
0.0547,3240
-0.0018,5841
-0.221,10523
-0.557,10559
-0.238,8691
0.0844,2357
0.0412,4169
-0.41,9698
-0.11,6795
-0.27,10312
0.169,1580
-0.057,7193
0.0257,4714
0.184,1349
0.164,2477
0.191,782
-0.0564,7148
0.0394,4058
-0.303,10238
-0.251,10272
0.00975,4835
0.162,1358
0.101,3016
-0.171,9037
-0.208,9339
0.0486,4567
-0.578,10577
-0.186,9262
-0.0736,6962
-0.214,9549
-0.106,8764
-0.381,9450
0.245,1487
0.0285,4456
0.227,2212
-0.31,10810
0.0117,4885
-0.233,9471
0.0399,4274
-0.0795,6385
-0.0172,5421
0.0523,3268
0.187,1608
0.0872,3410
-0.0583,7142
0.116,1602
-0.0506,5983
0.227,813
0.107,1707
-0.205,9282
-0.22,9776
-0.0991,7851
0.142,2960
0.136,1712
0.334,2092
-0.288,9746
-0.143,9098
-0.19,9899
0.0563,3207
-0.0891,7218
-0.19,10157
-0.408,10523
0.0595,4115
-0.268,10121
0.196,1415
-0.155,9633
-0.0357,6806
-0.086,6982
0.272,776
-0.247,10143
0.0176,4693
-0.0602,8534
0.0484,4046
0.204,242
-0.0728,6911
0.501,355
-0.229,8622
-0.00548,5549
-0.408,10445
-0.35,10346
0.349,943
-0.11,7181
-0.0605,8110
0.00752,4795
-0.155,7629
0.0783,3630
-0.241,10813
0.00442,5370
0.0346,3167
-0.104,10663
-0.0139,5772
-0.326,10190
0.132,1944
0.235,938
0.0194,4833
0.0453,3598
-0.0554,6396
0.267,433
0.186,2892
-0.47,9709
0.0554,3310
-0.242,9061
-0.175,9009
0.00174,5298
0.276,908
0.0495,4287
0.172,2162
-0.222,10591
-0.136,5065
0.288,1521
-0.0597,5860
0.0141,4792
0.0791,1588
0.0945,3156
-0.0336,6173
0.244,743
0.119,1847
0.478,693
0.0188,4773
-0.0999,8919
-0.0493,7540
-0.0607,5648
-0.0273,6151
-0.241,8038
-0.00691,5795
0.0739,3055
0.0291,4562
-0.195,9747
-0.151,6366
-0.0501,5909
-0.13,9052
0.0903,2583
-0.0411,6248
-0.0563,7501
-0.0364,5654
-0.195,8261
-0.11,9078
-0.0888,10612
-0.00089,5271
-0.404,9692
0.284,1308
0.016,4790
0.0166,4350
0.112,3083
-0.15,9208
-0.0495,7339
-0.0499,6228
-0.228,9716
0.0275,4415
0.0489,3957
-0.161,9058
0.294,295
-0.414,9590
0.0854,2695
0.0217,4706
-0.0903,9566
0.0374,4815
0.12,2224
-0.04,5120
0.109,1624
0.517,159
-0.152,9699
-0.00775,5920
-0.14,9471
-0.142,7488
-0.171,8496
-0.0961,8979
-0.00667,5815
-0.228,10217
0.191,2867
0.187,2258
0.0815,4264
0.863,3
-0.113,8887
-0.132,9759
-0.081,7299
0.2,1471
0.0309,4740
-0.0307,6647
0.0592,3619
-0.258,9714
0.124,3083
-0.217,8531
0.0818,3484
0.0109,5092
0.0649,3923
0.0982,3406
-0.289,10283
0.218,2382
-0.195,7898
-0.03,5736
-0.078,8838
0.406,1323
-0.154,8809
-0.226,8702
-0.324,10499
-0.0993,7744
-0.00914,5964
-0.0814,7018
-0.0561,6409
-0.131,8400
-0.136,8062
-0.323,10946
-0.137,6986
0.269,2177
0.242,957
-0.0399,5700
0.129,2566
0.214,605
-0.152,9372
0.76,126
-0.312,10693
-0.0333,6524
0.521,56
-0.229,9785
-0.143,8307
-0.144,9012
0.495,259
0.257,534
0.0619,3853
-0.0467,7389
-0.0059,5626
0.173,2879
-0.285,9904
-0.123,6899
-0.237,8645
-0.0471,6647
-0.278,10818
0.308,1434
0.0253,4382
-0.0955,7599
-0.366,10359
0.209,649
-0.0748,7120
0.423,126
0.293,1375
0.233,42
0.317,1813
0.0141,4910
0.148,2577
0.205,2128
-0.0373,6393
-0.0772,6982
-0.0562,4942
-0.121,8946
-0.0344,6869
-0.00423,5186
-0.239,10876
-0.228,9749
0.488,115
0.0346,3796
-0.0478,7288
-0.072,7350
-0.0624,7501
-0.577,10175
-0.499,7492
-0.389,11033
-0.0342,6629
-0.185,7720
-0.0568,6262
0.0995,3973
0.183,2487
-0.35,8760
0.321,300
0.136,2836
-0.0292,5486
0.121,3246
0.0524,3844
-0.341,10983
-0.0272,6152
-0.12,9575
-0.0912,6966
0.447,939
-0.11,9227
-0.0414,6248
-0.125,8173
0.0207,4640
0.0197,4580
0.393,195
0.086,1635
-0.0511,7665
-0.0106,5506
0.366,392
-0.00776,5652
0.524,199
0.0631,3237
-0.0517,7280
-0.553,10305
0.0118,4896
-0.053,6379
-0.00316,5448
0.208,3351
-0.251,10237
0.0119,4897
-0.0736,6990
-0.0753,6415
0.935,3
0.0434,3969
0.132,2435
0.116,2556
0.419,41
-0.097,8016
-0.164,10266
0.0725,2752
0.0981,3018
0.196,2565
-0.277,7804
0.0213,4708
-0.125,9183
0.206,460
-0.0544,6992
0.0779,3411
-0.0554,6765
0.989,66
-0.0852,6774
0.00937,5126
-0.049,6558
0.0729,4143
0.0364,4389
-0.0649,6144
-0.341,8922
0.0644,3687
-0.0893,7445
-0.0458,7561
0.196,2191
-0.0744,7208
-0.0563,6267
0.0577,2848
0.222,1041
0.0366,4451
-0.322,8967
-0.231,9045
-0.146,7081
-0.475,10943
0.0614,3532
-0.0714,6940
-0.2,9606
0.0174,4937
0.017,4898
-0.0242,6451
0.259,1155
0.00668,5114
-0.201,10121
-0.178,9456
0.0711,3383
0.0577,3890
0.0652,2406
-0.199,8297
-0.26,10763
0.175,2723
0.0492,4005
0.0681,3512
-0.117,8293
-0.295,9946
-0.217,9366
-0.389,10898
0.0845,4209
0.051,4315
-0.165,10532
0.231,808
-0.285,10430
-0.229,10492
-0.497,9954
0.241,1559
0.115,2394
0.265,2079
-0.211,9887
-0.36,10052
0.504,23
-0.0554,7153
0.0341,4118
-0.000284,5247
-0.347,10189
0.0917,3487
-0.166,8396
-0.0462,6675
0.0953,2708
-0.0811,7349
0.00377,5047
0.111,2146
-0.123,7998
-0.0447,7733
-0.0226,5900
0.0179,4828
-0.105,7832
0.291,319
0.0371,4506
-0.0224,6186
-0.0764,8187
-0.195,10284
0.46,289
0.0645,3831
-0.0476,6106
-0.263,10263
0.0762,2615
0.0677,3155
0.597,57
-0.212,8561
-0.154,7842
-0.0814,9621
-0.193,6871
0.0868,3435
-0.36,10511
-0.188,9398
-0.0361,6434
0.0521,3200
0.134,2522
0.389,567
0.654,628
0.434,498
0.276,1536
-0.227,10778
0.26,741
0.0694,3727
0.0884,3649
-0.268,9261
0.049,4381
0.199,521
0.00455,5045
-0.0131,5631
-0.0736,7524
0.76,67
0.135,2576
-0.133,8742
0.011,4735
0.0501,4007
-0.533,9157
-0.0584,8127
0.544,938
0.054,2958
-0.135,10006
-0.0472,6141
-0.0215,5898
-0.0439,6348
0.191,1910
-0.161,10404
0.414,272
-0.0979,6390
-0.16,9875
-0.163,8316
0.259,1727
-0.183,10331
-0.104,7851
-0.285,9773
0.0583,3509
0.615,999
-0.038,6471
0.0718,3774
0.157,1900
-0.33,9806
-0.118,6898
0.0367,4499
-0.205,8954
0.0559,3525
0.0499,3413
-0.239,10023
0.126,1392
-0.0873,6053
-0.0903,7353
0.559,1106
0.0146,4849
-0.111,7044
-0.0668,6824
-0.147,6591
0.0823,3719
0.0648,3478
-0.176,8725
0.34,769
0.296,1195
-0.358,10970
-0.333,10102
-0.0454,6572
0.134,969
-0.195,7666
0.0666,3658
-0.0463,6347
0.511,187
-0.0679,7321
-0.0423,6107
-0.193,9244
-0.0547,6564
0.0553,4327
0.0517,4012
-0.00437,5455
0.00439,5268
0.0568,3881
0.681,123
-0.117,6929
0.137,2366
-0.12,8842
0.338,119
-0.0865,7952
0.204,486
-0.037,5889
0.949,165
-0.0444,7287
-0.3,10933
0.00884,5186
-0.256,10397
0.0118,5121
-0.0206,5597
0.142,712
-0.114,8139
-0.277,10390
-0.23,9364
-0.0998,6454
-0.12,8001
-0.0667,7065
0.0106,5208
0.107,3344
0.379,1016
-0.126,8598
0.759,153
-0.161,10747
-0.0808,7601
-0.117,8384
-0.112,7062
0.807,217
-0.109,7173
-0.118,7845
-0.352,9958
0.313,532
-0.301,10497
-0.184,8648
0.118,1996
0.413,1317
0.402,46
-0.136,8125
-0.349,9931
-0.543,9989
-0.0131,5542
-0.0797,8616
0.0343,4065
-0.0161,5768
-0.0587,5992
0.562,1181
0.284,776
0.137,2306
0.248,395
-0.249,9537
0.0707,3463
-0.0675,7337
-0.227,9413
-0.0603,8180
0.236,307
-0.104,8682
0.148,2308
-0.373,9670
0.581,938
0.0287,4568
-0.00418,5317
-0.236,9698
-0.0514,6519
-0.115,7887
-0.33,10699
0.0748,3943
0.147,1432
-0.0686,8494
-0.237,10172
-0.157,7869
0.0491,4671
0.422,39
0.0989,2034
0.423,346
0.302,556
0.52,18
0.0354,4089
0.0553,3303
0.163,1586
-0.211,9605
-0.0268,5696
-0.134,6657
0.0122,4961
0.138,2072
-0.00129,5297
-0.303,8322
-0.173,9229
-0.271,10335
0.804,292
0.0187,4754
0.176,1737
-0.0556,6829
-0.161,8981
-0.0522,6410
-0.0629,6070
0.00604,4976
0.38,860
0.656,169
-0.279,9598
0.143,2082
-0.0467,6490
0.00961,5091
-0.0791,8258
-0.212,10330
0.256,1383
-0.0914,5838
-0.101,7743
0.203,500
-0.317,9424
-0.0844,7294
0.15,1815
0.0204,4685
-0.0609,8705
0.112,1937
0.0924,3308
0.0473,4074
-0.486,10847
-0.123,7416
0.505,639
0.211,474
-0.12,8655
0.978,100
-0.2,7902
-0.129,7869
0.155,3820
-0.0686,6690
-0.18,9170
0.035,4130
-0.0409,6572
-0.134,7240
-0.0262,6348
0.0116,4867
0.111,2872
-0.762,10871
0.124,2953
0.185,3122
0.125,1982
0.123,1760
-0.131,10241
-0.158,9515
0.0476,4094
0.203,1871
-0.134,10195
0.188,453
0.0721,2537
-0.179,6409
-0.125,8760
0.122,1551
-0.186,9494
-0.155,8826
0.00711,4874
-0.0622,6823
0.322,504
-0.151,8372
-0.354,9540
0.0551,3260
-0.00454,5101
-0.185,9893
-0.025,5731
-0.0835,8659
-0.11,7363
0.0508,3606
-0.286,10470
0.269,943
0.113,2137
-0.0481,7339
0.195,844
0.0492,4214
0.0427,4336
0.279,482
0.196,514
0.0854,2997
0.362,1683
-0.00599,5258
-0.141,9876
-0.538,10998
-0.125,8329
-0.238,9799
-0.0348,6887
0.0193,4381
0.121,2710
-0.0797,7217
0.0153,5259
-0.106,6770
-0.0359,6149
0.379,460
0.299,1239
-0.254,9234
0.375,406
-0.0804,7102
-0.204,8110
0.207,549
0.147,1512
-0.116,9299
-0.307,10717
0.216,1596
-0.0735,9602
0.0247,4258
-0.18,9886
-0.0385,6017
-0.457,10819
-0.165,9343
-0.045,5677
0.15,117
0.0948,2438
0.0239,4662
-0.03,5731
-0.197,7255
-0.308,9724
0.0169,4846
-0.0591,6315
0.0772,3073
-0.0546,6690
-0.0736,7303
0.213,974
0.103,2642
0.00832,4903
0.091,3261
0.0582,4103
-0.247,9758
0.269,1241
0.488,389
-0.0653,6368
-0.223,9215
-0.269,9971
-0.00109,5242
0.424,47
-0.066,7833
0.038,4205
0.238,1542
-0.0861,7433
0.0807,2038
-0.226,9142
0.0464,4228
-0.157,10412
-0.032,6846
-0.0861,7241
0.265,1702
-0.0525,7619
0.171,819
-0.0684,8903
-0.0777,7976
0.0488,3562
-0.133,6589
-0.00297,5505
-0.112,7676
0.0365,4638
-0.119,7726
-0.152,7534
-0.0601,6890
-0.581,9568
-0.049,6458
-0.0806,8885
-0.302,10046
0.0221,4865
0.0908,3530
-0.12,9664
-0.0326,6288
0.0725,3061
0.206,2301
-0.13,7768
-0.192,9873
0.0749,4114
0.024,4648
-0.0347,6396
0.246,346
-0.24,9728
-0.398,10753
-0.0658,7003
0.0467,2943
0.173,350
-0.0386,6355
-0.0351,6245
0.125,2862
0.196,1725
-0.205,10144
0.027,4232
0.21,3007
0.227,911
-0.417,10978
0.216,1904
0.0269,4455
0.0715,2882
-0.1,7224
0.0566,4338
-0.0865,8811
-0.152,6678
0.0966,2205
-0.076,7305
-0.0746,7391
0.171,2215
-0.0266,5808
-0.0283,6523
-0.193,10255
-0.13,9319
0.0127,4757
-0.231,9298
1,51
-0.27,10384
-0.23,8353
-0.115,9055
0.0334,4603
-0.181,9610
0.248,1528
-0.145,9179
-0.0694,8295
0.146,2149
0.1,3018
0.104,3524
-0.038,6057
0.0114,5012
0.346,317
-0.276,10388
-0.483,10774
0.0149,4691
-0.141,7665
-0.103,7703
0.0988,2038
0.62,6
-0.0722,8359
-0.0312,6384
-0.0139,5779
-0.0538,6677
0.022,4673
0.236,578
0.226,2325
-0.245,10991
-0.2,8680
-0.0067,5431
0.023,3808
-0.0698,7812
0.0431,4331
-0.108,7753
0.1,3042
-0.00891,5342
-0.0583,8739
0.0966,2693
-0.162,8100
0.0257,4710
0.0848,2155
-0.172,10028
0.0593,3943
-0.244,10502
0.0277,4544
-0.225,8610
0.0443,4060
0.0503,4243
0.103,1959
-0.0648,7510
-0.176,10049
0.39,630
-0.0723,6955
0.0694,4155
-0.166,9429
0.254,413
0.0464,4002
-0.12,6538
-0.164,7984
0.00991,5206
-0.0271,6065
0.0141,5167
0.168,1738
0.284,1258
0.222,940
-0.104,8817
0.116,2039
-0.0754,7974
-0.416,10863
0.312,2333
-0.27,10417
-0.356,10860
0.221,1224
-0.146,10655
-0.0382,6227
-0.201,9904
-0.308,8567
0.154,2470
-0.108,9716
-0.0746,9290
0.296,1061
-0.231,9702
-0.0316,6600
-0.295,10428
-0.0117,5409
0.121,1801
-0.182,10187
-0.143,8243
-0.0413,7022
0.362,1769
-0.0265,6043
-0.00119,5536
-0.127,8193
-0.0908,8418
0.171,3511
0.0497,4045
-0.00744,5758
0.221,172
0.06,3748
-0.0424,6540
0.111,3111
0.162,1370
-0.0708,7186
0.0143,4754
0.112,2114
0.106,3150
0.14,3754
-0.232,9855
0.0614,3321
0.0287,4350
-0.172,9839
-0.262,9889
-0.045,6745
0.174,1809
0.0739,2160
0.0427,3868
0.184,1408
0.984,284
-0.00564,5613
-0.0201,5509
-0.0466,6112
0.0569,3834
-0.267,9989
-0.0791,7713
-0.0857,8549
-0.39,10573
0.199,1206
0.258,345
0.181,1478
-0.215,10376
0.378,172
-0.23,9894
-0.066,6961
0.274,802
-0.0851,6357
0.248,2415
-0.117,7234
-0.0507,5675
-0.0463,6611
0.0765,3313
0.467,555
-0.0991,8031
0.0232,4775
-0.314,10537
0.234,950
-0.232,9700
0.0771,3761
-0.107,8110
-0.0174,5685
-0.0139,5363
0.0635,3896
0.0174,4984
0.0781,3953
0.799,127
0.173,1473
-0.142,7528
0.0951,2716
0.103,2625
0.0644,3931
-0.248,9400
-0.296,9561
0.28,1573
0.175,839
0.188,1653
-0.127,9350
0.0517,3519
-0.085,7055
0.0538,4451
-0.325,10515
0.106,2244
0.2,2249
-0.0431,6212
-0.387,8173
-0.252,5943
-0.0539,6362
-0.36,10692
-0.0182,5791
-0.37,10374
-0.0211,6137
0.108,2587
0.178,795
-0.0861,8428
0.143,1928
-0.415,10969
0.0641,4033
-0.199,8206
0.263,339
0.169,557
-0.179,8110
-0.138,8719
0.614,165
0.334,647
0.0236,4590
-0.138,8169
-0.246,9512
-0.0205,5372
0.469,651
-0.436,10948
-0.101,8247
-0.134,9432
-0.026,5846
-0.0515,7006
0.00802,4979
-0.357,10158
0.0878,2484
0.0175,4697
0.163,1701
-0.111,8682
-0.3,10403
0.251,1677
-0.0974,8562
-0.0855,8687
0.112,3411
0.0724,3641
0.146,3033
-0.0775,7009
-0.0839,8489
-0.0362,5903
0.931,157
-0.0659,7019
0.202,1103
-0.118,7338
-0.0198,5636
-0.00374,5485
-0.205,9651
-0.282,10258
0.0766,3560
0.159,1901
-0.0588,7245
0.162,953
-0.0962,6350
0.0276,4531
-0.126,8409
-0.189,9918
0.174,1564
-0.0988,8157
-0.121,8058
-0.0207,6018
0.275,581
-0.157,10002
-0.113,8494
0.0443,4102
0.0432,4435
-0.351,10635
1.1,133
0.0788,3148
-0.0138,5936
-0.0536,7764
-0.00505,5452
0.0616,3998
-0.0379,6830
0.43,17
-0.0705,9069
0.174,2023
-0.0452,6510
0.0921,3093
-0.542,10925
-0.139,8800
-0.217,9764
0.117,2750
-0.0513,6435
0.104,3083
0.334,901
0.0474,3699
0.0469,4105
-0.0887,7763
-0.0421,6665
0.419,1934
-0.0361,5861
-0.206,9122
-0.0291,6094
-0.0123,5703
-0.113,7761
0.0262,4543
0.0603,4102
0.111,2571
-0.0397,6746
0.111,2287
0.352,605
0.104,3805
-0.204,8678
-0.167,9456
-0.0851,7739
0.0423,4573
-0.255,9439
-0.177,8999
-0.214,9763
-0.0326,6726
0.0787,2760
0.0455,4130
-0.101,8715
0.298,1461
0.269,630
0.22,816
0.291,207
0.075,3772
-0.0652,6586
0.0445,3734
0.285,578
-0.161,9837
0.00713,4998
-0.331,8617
0.449,280
-0.0143,4541
-0.106,8577
-0.132,8927
0.153,3335
-0.246,7662
-0.132,8821
0.285,505
0.0147,5015
0.0557,2835
-0.28,10080
0.0472,4203
0.127,3430
0.333,825
-0.0614,7032
0.18,2589
-0.148,7284
-0.118,7923
-0.0832,7263
-0.237,9587
-0.0574,6842
0.0765,1835
-0.404,9960
0.703,21
0.206,2319
0.305,640
0.246,346
0.132,2962
-0.419,10963
-0.152,10559
-0.173,5720
-0.0978,8603
-0.165,10017
0.0656,3058
-0.18,10103
-0.0344,5700
0.297,800
-0.462,9613
-0.0209,6541
0.103,2678
0.315,1078
0.0212,4724
-0.154,7645
-0.0946,7450
0.0763,2901
0.248,1354
-0.47,10833
0.0123,4824
0.0323,4504
-0.308,9621
-0.0833,8234
0.235,1444
-0.0831,6899
0.328,368
0.105,1671
0.124,2885
0.0825,3074
-0.135,8675
0.256,1318
-0.108,7685
0.112,3434
-0.394,10621
0.16,576
-0.0764,8429
0.00347,5014
-0.178,8695
-0.135,7872
0.0131,4996
-0.0774,8673
-0.0281,6560
-0.111,7914
0.296,1095
-0.185,9218
0.177,468
-0.127,8292
0.0818,3028
-0.311,10694
-0.0368,6313
-0.438,10869
0.0405,4125
0.0854,503
-0.0914,7935
0.0222,4886
0.588,697
0.326,60
0.457,747
-0.0583,7696
0.0295,4065
0.196,1867
-0.148,8176
-0.119,7245
-0.0632,6686
-0.185,10359
0.152,1979
-0.0205,6434
-0.077,7694
0.368,435
-0.409,10978
-0.301,10225
0.0903,2600
0.183,1627
0.121,2275
-0.101,6419
0.304,1691
0.0356,3830
-0.139,9513
-0.126,7499
-0.218,9607
-0.341,10367
-0.16,9688
0.0902,2988
0.181,2343
0.0187,4655
-0.125,9624
0.43,1427
-0.249,10246
0.124,2044
0.154,1800
-0.155,9805
-0.115,8802
-0.28,10615
0.0185,4787
0.00174,5179
-0.173,10387
-0.192,9082
-0.264,10430
-0.225,10045
0.127,2458
-0.0357,7196
-0.192,10500
-0.119,8579
-0.499,10833
0.0741,4322
0.194,1392
-0.0295,6750
-0.044,7664
-0.119,7715
-0.311,10438
0.00457,5200
-0.0759,7088
-0.111,8675
-0.0983,7058
0.145,1360
-0.211,9694
-0.432,10506
0.146,1626
0.237,530
0.132,1348
0.0291,4721
-0.0543,6527
0.131,2594
0.0029,5055
-0.152,9066
0.0901,2116
0.1,2250
-0.102,7576
0.0804,3001
0.233,223
-0.054,8144
0.388,765
0.178,1407
0.136,864
0.242,2089
-0.134,8290
-0.0802,8482
-0.0884,8182
-0.0954,7558
0.0279,4343
0.103,3406
-0.116,7527
0.0632,2713
-0.0165,6040
0.218,2617
-0.26,10219
-0.113,8321
0.434,748
-0.255,9985
-0.0626,8359
-0.139,9000
0.0311,4635
-0.0601,7719
-0.137,7929
0.00315,5158
0.0334,4350
-0.37,10332
-0.13,8645
-0.0442,5956
-0.0546,6420
0.0351,3898
-0.119,7522
-0.209,9816
-0.0106,5912
-0.241,10315
-0.121,8102
0.00224,5278
0.0966,1545
0.261,1918
-0.0227,5606
-0.36,9499
-0.4,9867
-0.0461,7723
-0.123,10566
-0.232,9646
-0.577,10969
-0.225,10890
-0.349,10633
0.211,932
0.0952,1612
0.267,342
-0.052,7139
-0.191,9064
-0.0109,5292
0.0702,2580
0.0905,2036
-0.00947,5340
-0.173,9143
-0.14,8418
0.151,3101
0.492,48
0.1,3220
-0.0488,6942
-0.224,10086
0.0588,3195
-0.0498,6689
0.0155,4588
-0.103,8789
-0.0973,7512
-0.256,9571
-0.107,7859
0.296,745
-0.165,8414
-0.0587,6594
0.434,902
0.416,120
-0.111,8899
0.000284,5421
0.0345,4431
0.133,2591
-0.0754,8703
0.107,3240
-0.201,10255
0.0242,4779
0.524,528
-0.203,9531
0.101,2681
0.189,1952
0.0531,3353
0.127,1568
0.0121,4954
-0.0466,6369
-0.0133,5456
0.063,3403
0.23,408
0.115,3188
0.712,15
-0.161,9220
-0.0825,8186
0.0141,4870
-0.232,10519
-0.197,9153
-0.127,8604
-0.203,9431
0.198,254
-0.136,10118
0.084,3135
0.084,2646
0.0811,2785
-0.671,9870
-0.15,10110
-0.104,8200
0.0915,1737
0.257,1230
0.328,81
-0.228,10169
-0.145,9089
-0.133,9335
0.26,752
-0.386,8436
0.705,569
0.0833,3091
-0.132,8702
0.403,715
0.0334,4354
0.133,2340
0.143,1552
-0.0401,6131
-0.145,10005
0.0336,3701
-0.0677,8014
0.224,1191
0.169,683
-0.247,10103
-0.121,6904
0.0555,3808
-0.0559,7376
0.201,1195
-0.148,9103
0.0193,5109
0.117,3136
0.0495,2985
0.0195,4887
-0.0783,7436
0.0653,3125
0.306,658
-0.166,9642
-0.0958,9067
0.011,4940
0.00876,5183
-0.172,9881
0.75,19
-0.133,6864
-0.14,8894
-0.0216,6503
0.116,3091
-0.211,8713
-0.168,7943
-0.0749,6509
-0.235,9393
-0.227,10132
-0.347,10990
-0.103,8166
-0.101,8410
-0.346,10942
0.0592,3363
-0.212,10409
-0.445,9576
0.171,3154
-0.115,7522
-0.207,9641
0.026,4749
-0.18,10361
0.0402,4145
0.472,77
0.00464,5163
-0.182,9018
0.158,1960
-0.0748,6963
-0.241,9524
0.276,417
0.155,1066
0.139,2585
-0.0772,6502
-0.0326,5980
0.334,981
-0.078,8876
0.0108,5145
0.00729,5064
0.0362,4421
-0.351,9548
0.091,2407
-0.0235,6287
-0.0524,7286
-0.0149,5593
-0.136,8479
0.0796,3754
-0.0493,6736
0.507,8
0.0593,3105
0.0983,1667
-0.123,8572
-0.202,9062
-0.351,10080
-0.061,6971
-0.291,9715
-0.198,9719
-0.0958,7400
-0.385,6342
0.0904,4109
-0.00332,5759
0.0414,4746
0.843,135
0.165,2427
-0.173,7549
0.121,2256
-0.00104,5395
0.27,544
0.0483,4204
-0.205,7737
0.239,1996
0.355,555
-0.0625,7716
-0.0614,8902
0.213,1656
-0.0421,6751
0.0506,3717
-0.0939,8190
-0.0948,8342
0.0309,4440
0.775,21
-0.195,8138
-0.107,7845
-0.0798,6953
0.0701,3237
-0.122,8851
-0.349,9627
-0.337,9491
0.0104,5100
-0.0245,5294
-0.14,8307
-0.163,9086
-0.0814,7862
-0.0878,8444
0.0424,3773
-0.0393,6547
0.237,630
0.12,2511
0.00584,5156
-0.14,9200
0.401,630
-0.258,7373
0.214,780
0.128,1827
-0.0715,7317
-0.409,10871
0.041,4311
0.209,885
0.0504,3753
0.209,437
0.184,752
-0.218,8483
0.807,244
0.143,3053
0.00412,5413
0.131,2040
-0.0904,8452
-0.175,9016
-0.0561,6996
-0.231,9003
-0.262,11005
0.122,2747
0.217,1579
0.0636,3730
-0.0663,7856
-0.272,8512
0.006,5006
0.0687,3997
0.152,1446
0.438,1006
0.292,628
0.0612,3740
-0.0846,7969
0.0879,3064
-0.124,7677
0.0208,4715
-0.02,5897
0.0917,2330
-0.0367,6808
0.29,201
-0.00644,5609
-0.471,9503
-0.269,9070
-0.272,9335
-0.124,9245
0.0513,3794
-0.043,6789
0.0949,4173
-0.0124,5776
-0.281,9161
0.0687,2197
0.0632,3559
0.00328,5063
0.0915,2779
-0.316,8680
-0.175,7743
0.0434,3385
-0.345,10747
0.0935,3466
-0.0704,5832
0.627,455
0.205,773
0.0713,2453
0.052,3934
0.223,1403
-0.173,8952
0.697,908
-0.159,7343
-0.218,9975
0.0898,2228
-0.0985,7719
0.0933,3874
-0.0608,6830
0.136,2235
0.217,786
-0.237,9902
-0.089,6894
0.135,2660
-0.00978,5065
-0.109,8478
-0.269,10052
-0.25,9416
-0.082,7579
-0.077,7715
-0.605,9420
0.243,1424
-0.123,8454
0.0723,1844
0.0624,3421
0.456,559
-0.486,8702
0.357,716
-0.046,7095
0.105,1293
0.0965,3617
-0.444,10134
0.276,2074
0.103,2902
0.0934,2589
-0.0313,6490
-0.0347,6946
-0.149,9861
0.0175,5060
0.0276,4809
0.192,946
0.0986,3595
-0.0381,6087
0.148,2260
0.246,654
0.0975,3896
0.0114,4829
-0.187,9513
-0.21,10219
0.191,770
-0.071,7582
-0.153,8750
-0.0555,7146
0.381,416
-0.167,7905
-0.0769,7935
-0.105,7391
0.245,1014
-0.174,10258
0.205,710
-0.0325,6584
-0.0321,6397
-0.145,7923
1.05,845
0.152,1695
0.176,779
-0.102,5939
0.296,634
-0.0322,6128
0.0408,4399
-0.299,10683
-0.054,7410
0.0441,4334
-0.262,9176
-0.0832,8060
0.0282,4633
0.087,2844
-0.0529,7655
0.169,2359
0.438,1529
-0.146,8219
-0.076,7819
0.0987,2476
0.162,2983
-0.0578,7513
0.0503,4233
-0.0805,7020
0.03,4711
-0.179,9709
-0.0483,7350
-0.00248,5352
0.0391,4001
-0.029,6164
-0.768,10669
-0.0432,6827
-0.0388,7257
-0.0104,5347
-0.158,10008
0.082,4057
0.0842,3081
0.0257,4314
0.14,1258
-0.109,8161
0.326,1851
-0.112,8336
-0.153,7289
0.258,307
-0.394,10900
-0.327,9545
-0.0708,7503
-0.538,9808
0.0792,3427
-0.218,10390
0.102,3390
-0.199,9181
-0.0782,8678
0.0692,3548
0.149,3507
-0.144,8403
0.211,1220
0.0659,3509
0.0231,4667
-0.193,8844
-0.0617,6851
-0.11,7590
0.109,1671
0.227,1256
0.112,2305
-0.0604,5301
-0.262,10270
0.0025,5189
0.189,1168
0.335,407
-0.0332,6835
-0.0479,4871
-0.0754,7970
0.113,2498
-0.38,10535
0.0366,4574
-0.0654,7205
1.4,39
-0.236,10415
0.235,1983
-0.0555,6633
-0.266,9502
-0.0923,8296
0.106,2828
0.139,425
0.0645,2999
-0.0961,8154
-0.245,10539
0.127,1442
-0.0755,6753
-0.0452,6394
-0.0824,7941
-0.0179,6310
-0.163,7473
0.0857,2262
0.037,4507
-0.0836,7186
-0.22,8122
0.0681,3386
0.0953,3182
-0.0952,8867
-0.00215,5432
-0.293,9156
0.0361,4224
0.372,1171
-0.128,8092
-0.0446,6310
0.338,599
0.133,2204
-0.0137,6063
-0.166,10404
0.196,2007
0.0123,4962
-0.57,10803
-0.168,7958
-0.00424,5355
0.0445,3335
-0.456,9670
0.0121,5090
0.112,2657
0.136,1703
-0.0961,7670
-0.0374,7116
-0.334,10232
0.201,2960
-0.464,9483
-0.0231,6153
0.0149,4823
-0.0503,8016
-0.301,8783
-0.037,6957
-0.428,6206
-0.117,7369
-0.236,10085
0.0565,4523
-0.0294,5718
-0.197,9264
-0.148,7398
0.13,2913
0.0254,4412
0.23,531
-0.115,9011
-0.00566,5390
0.11,2985
-0.177,9832
0.295,13
0.039,4398
0.215,918
0.287,1586
0.205,2906
-0.144,9846
-0.217,10670
0.00147,5416
0.19,1210
0.0415,4341
0.0968,3106
-0.14,6983
-0.191,10085
-0.194,9707
0.114,2688
0.0404,3132
-0.0859,6222
-0.16,6402
-0.279,10750
-0.044,5895
0.76,1
-0.283,9628
-0.0634,7102
0.1,3167
-0.109,8789
-0.124,7982
-0.142,7672
-0.0902,7712
-0.214,8065
-0.207,9852
0.0127,4767
0.0183,4619
-0.349,9714
0.226,338
-0.196,8375
0.0136,4871
-0.14,10226
0.247,229
0.284,1315
0.0273,4558
0.0508,4298
-0.0793,6813
0.675,62
0.207,1110
-0.183,9559
0.273,1132
-0.463,10641
-0.317,9203
0.245,1787
0.0314,3616
0.0828,4077
-0.0567,7175
-0.345,10040
-0.0304,6625
-0.0883,8274
0.585,13
-0.0278,5164
0.111,3351
-0.454,6992
-0.112,6649
-0.204,10252
0.226,523
0.101,3275
0.576,337
0.2,2498
-0.191,8022
-0.0589,7106
-0.138,9526
-0.0183,5808
-0.13,6686
0.0763,3715
-0.0114,5850
-0.14,9305
-0.0434,7918
-0.641,8531
0.204,2320
-0.0633,8049
0.0517,3123
-0.218,10573
-0.0118,6142
0.219,1462
-0.0819,7107
-0.147,8657
-0.217,9182
-0.229,10636
0.0195,4864
-0.218,9907
-0.278,8871
-0.377,9869
-0.366,10854
-0.118,8968
0.0734,3164
-0.0387,6182
0.0464,4237
0.312,1819
0.402,1129
0.223,1002
0.138,2077
-0.358,9750
-0.34,9620
-0.0232,5878
0.0623,2866
0.37,514
0.0408,4702
0.2,3395
-0.149,9373
-0.13,9258
0.372,1150
-0.264,10126
0.278,1340
-0.32,9954
0.55,343
-0.0644,8042
-0.147,9909
0.138,1576
-0.0384,6960
0.0469,4036
-0.212,8215
0.237,1638
-0.184,7642
-0.0403,7161
-0.068,7273
-0.00854,5510
-0.39,9773
0.214,530
-0.115,7408
-0.00982,5663
0.18,2819
0.0592,3721
0.521,948
-0.502,10477
-0.168,7746
-0.198,10530
0.0139,4679
-0.0372,6783
0.413,927
-0.31,8745
0.0532,3991
0.123,2853
-0.0788,7039
0.273,885
0.0279,4572
-0.243,8870
-0.00924,5386
-0.0541,8243
-0.233,10822
-0.0904,7070
-0.00328,5503
0.127,3657
0.075,3803
0.0638,2862
-0.0881,6978
-0.00296,5364
-0.142,7805
-0.048,6407
0.00742,5087
-0.0572,6714
0.384,983
-0.0854,7168
0.213,1664
0.0468,3255
-0.215,10357
0.118,3038
-0.205,10009
0.178,1709
0.33,388
-0.215,6797
0.0953,1911
-0.179,8967
0.106,2974
-0.108,8393
-0.0204,5520
0.105,2642
-0.0738,5738
0.0305,4353
-0.0166,6073
0.0914,2948
0.18,1182
0.0889,2783
0.109,3752
-0.164,9858
-0.345,10876
0.238,1014
-0.0671,6857
-0.252,7414
0.604,71
-0.0217,6170
0.107,2912
-0.0488,5555
0.0248,4508
-0.0545,6697
0.134,1777
-0.0607,6935
-0.131,9616
0.306,536
-0.0485,5360
-0.0799,6164
-0.0158,5890
-0.0358,7118
0.0113,4916
0.0251,4637
0.0676,3238
-0.0704,7493
0.283,1260
0.126,2219
0.172,1386
0.392,1047
0.167,2236
-0.0417,6670
0.479,452
-0.0636,8389
-0.152,8773
-0.143,8813
0.166,3386
0.366,295
0.41,93
-0.0823,6580
0.146,1482
0.231,631
0.331,1282
0.335,782
-0.268,9497
0.176,1058
-0.171,10404
-0.251,9424
-0.0455,6284
-0.0409,6383
0.293,216
-0.181,10497
-0.0396,7062
0.15,3180
0.108,2741
-0.411,8370
-0.109,9197
-0.173,9361
0.269,703
0.43,1027
-0.0959,7587
-0.135,8608
-0.237,10039
-0.0238,6418
-0.0531,6960
-0.0918,6670
0.185,2598
-0.261,9347
0.103,2861
0.0491,3696
-0.0587,7195
0.143,2407
-0.0762,7168
-0.156,8178
-0.0129,5571
0.0695,3416
0.236,188
0.0411,4393
-0.189,7421
0.00356,5168
-0.244,10953
0.185,1818
-0.00541,4987
0.00474,5024
-0.0487,7591
0.104,2898
-0.0604,8918
-0.263,10650
-0.0831,8800
-0.00469,5716
0.238,472
0.0386,4325
0.11,2423
-0.342,10759
0.179,2060
-0.155,10073
-0.0809,6870
0.16,1355
-0.0637,5977
0.382,2111
-0.293,8351
0.304,1737
-0.105,8273
-0.163,7123
0.251,1006
0.244,217
-0.331,10910
0.0307,4583
0.116,2053
0.0731,3436
-0.252,7739
-0.00732,5800
0.239,867
0.294,743
-0.0911,7029
-0.183,7739
-0.313,9917
-0.0962,8866
0.115,2697
0.273,264
-0.102,8509
-0.0927,7841
-0.108,7398
0.0987,1275
0.0946,2364
-0.265,9307
-0.032,5771
0.159,2576
-0.333,10837
0.411,6
-0.09,7962
-0.162,8795
-0.137,8802
-0.00606,4903
-0.0875,7541
0.0323,4146
0.175,1912
0.102,2922
0.104,3068
0.0465,4319
-0.0118,5213
0.129,2513
0.037,3789
-0.0179,5490
-0.142,6699
-0.517,10176
0.201,1203
-0.123,8133
-0.157,8676
0.0793,3894
-0.152,8858
-0.0912,7767
-0.136,6156
-0.335,10363
0.00517,5366
-0.0945,7873
-0.0468,6625
0.155,1897
-0.193,9484
-0.212,10350
0.103,3314
0.178,2228
-0.364,9381
-0.0868,8569
0.071,2489
-0.05,6817
0.102,2333
0.103,2988
-0.0917,7408
0.0627,3749
-0.0377,6387
-0.119,8889
0.214,2557
-0.286,5985
-0.0368,5681
0.0962,1769
0.0198,4717
-0.025,6688
-0.65,10962
-0.351,10580
-0.0596,7056
-0.109,10015
-0.0267,3399
0.306,1359
-0.0637,6359
-0.138,8047
-0.0307,6383
0.0803,2798
-0.0366,6040
-0.404,10622
-0.0325,4693
-0.122,9025
0.0367,3861
-0.0316,7286
0.229,751
0.422,391
0.0335,3960
-0.405,10678
-0.0325,6826
-0.0546,7656
0.111,3500
-0.109,9254
-0.201,6468
-0.0013,5407
0.204,1370
0.123,3008
-0.0453,5896
0.114,2719
-0.121,8407
0.812,285
-0.0235,5934
-0.166,7551
0.2,1942
-0.00469,5343
-0.454,10662
0.165,1484
0.079,3701
-0.0231,6303
0.211,772
-0.287,9610
-0.0666,6105
0.341,393
0.354,75
0.229,324
-0.295,8182
-0.359,10434
0.231,1378
0.182,2007
0.0821,3691
0.0553,3688
-0.112,7482
0.433,932
0.353,1132
-0.0955,7433
0.0687,1430
-0.0386,6419
-0.372,11006
-0.24,9243
0.166,2251
-0.352,10333
0.3,740
-0.111,7756
-0.291,10276
-0.0953,6871
0.379,312
-0.369,7822
0.0183,4667
0.264,762
-0.0203,5694
-0.07,7963
0.291,769
0.174,1337
0.0951,2104
-0.0353,6605
-0.021,5965
0.147,2536
0.296,1029
0.322,2442
0.00869,5132
0.144,1926
0.483,530
0.0509,4172
-0.367,9179
0.224,1515
0.0609,2176
0.589,203
-0.0703,7498
0.000217,5631
-0.118,7741
-0.343,10530
0.0445,4045
0.0742,2679
0.0486,4735
-0.222,9904
-0.138,7636
-0.148,8523
0.168,1328
-0.129,8430
-0.000878,5201
-0.203,10863
-0.0218,6389
-0.133,9457
-0.0312,6869
0.0648,2945
-0.326,10016
-0.686,10801
0.63,142
-0.239,8935
-0.00716,5662
-0.0329,6579
-0.221,10742
0.399,443
0.153,2614
-0.229,10428
-0.0166,6069
-0.137,9318
-0.113,7977
0.439,292
-0.107,7140
-0.356,9870
-0.375,10808
0.299,277
0.12,3437
-0.393,10503
-0.36,9609
0.132,1738
0.0339,4474
-0.00819,5642
0.428,257
-0.313,10654
0.0959,3073
-0.022,5978
0.0439,3707
0.0189,4719
-0.0458,5926
0.0369,4596
0.0993,3694
0.1,2286
-0.00964,5755
-0.0687,7330
0.0994,1757
0.0378,3819
-0.0208,5672
0.187,2487
0.534,191
-0.13,8635
-0.0655,7373
0.143,2595
0.0087,5130
-0.00645,5452
-0.104,6573
-0.0287,6641
0.52,247
-0.0565,6335
-0.108,8411
-0.141,8058
-0.22,8109
0.0214,4576
-0.17,10527
0.402,181
-0.347,10880
0.0424,4125
0.0484,3999
0.00512,5211
-0.00702,5683
0.205,2483
-0.176,8449
-0.42,9415
-0.138,9105
-0.231,10486
0.0589,3662
-0.0105,5846
-0.077,7638
-0.0226,6139
0.0247,4696
0.00274,5366
0.163,2338
0.0294,4330
0.048,4085
-0.358,10338
-0.369,9687
0.15,1794
-0.0574,7565
0.0765,3020
-0.0667,6936
-0.182,9251
-0.198,9500
0.152,3268
-0.0831,8355
-0.00179,5457
-0.0235,6016
0.154,2340
0.163,1816
-0.105,10272
0.117,2862
0.0321,4071
-0.245,10146
-0.227,10355
0.298,739
0.383,1524
0.0775,2393
0.18,1263
-0.0405,7254
-0.21,8503
0.592,146
0.2,2532
0.252,1143
-0.165,10175
-0.0774,6991
0.222,1129
0.00178,5150
-0.319,10191
-0.161,9060
-0.0997,8327
-0.204,9392
-0.158,8394
0.194,1309
0.118,3699
-0.0762,8242
-0.0825,8479
0.263,1772
0.00704,5133
0.187,3232
-0.0937,5857
0.0561,3327
0.014,4811
-0.0611,6569
-0.217,9509
-0.441,10901
-0.287,9036
0.0227,4412
0.00271,5247
-0.08,8053
-0.28,9667
-0.332,10968
-0.0526,5454
-0.14,10507
0.0506,3767
0.0185,5036
-0.173,9214
0.254,483
-0.14,7167
0.037,3567
-0.0287,7160
0.755,26
-0.205,10622
0.261,1071
-0.0607,6392
-0.155,7543
-0.303,9623
0.49,374
-0.385,10593
-0.531,10520
0.183,1540
-0.165,9896
0.121,1543
-0.225,5962
0.0791,3938
0.135,3033
-0.000607,5310
0.0135,4643
-0.153,10107
0.014,5119
-0.437,10814
0.0936,4261
-0.0231,5522
-0.224,10436
-0.169,8635
-0.325,9410
0.184,2128
-0.344,9708
-0.111,7604
-0.0357,6147
0.0202,4094
0.222,1901
-0.436,8544
0.225,1046
0.179,1506
-0.0994,8887
0.211,1577
-0.744,10752
-0.253,10563
0.26,1357
0.216,2134
-0.215,9487
0.152,937
-0.278,10310
0.0715,3200
0.202,1664
0.086,3175
0.0183,4504
0.699,6
0.113,3112
0.382,955
-0.164,8209
0.549,818
-0.48,8492
0.0223,3967
-0.178,8339
-0.0631,6738
-0.206,9685
-0.552,10965
0.272,874
-0.182,8854
0.176,2747
0.2,1113
-0.0704,6757
0.00522,5267
-0.221,10428
0.0704,3240
-0.431,10646
0.0221,4716
-0.18,9063
0.115,3103
0.693,6
-0.229,10437
-0.0194,5585
-0.165,8460
-0.083,5781
0.0183,4920
0.203,1595
-0.225,8741
0.00568,5242
-0.166,9566
-0.172,9303
0.059,3957
0.206,704
-0.0154,5782
0.102,2966
0.0393,4425
-0.128,7905
-0.318,10318
0.0266,4344
0.184,1760
-0.071,6444
0.0218,4654
0.265,568
0.375,727
0.051,2314
0.0753,3614
-0.0936,7359
0.0832,3507
-0.193,8869
-0.187,7243
0.0103,4987
-0.0127,5932
0.00995,5026
-0.0366,6668
0.386,658
0.127,2540
0.329,659
-0.176,9125
0.129,2389
-0.0685,7680
-0.36,9615
-0.155,7972
0.0199,4999
0.0428,4527
-0.469,10982
0.861,10
-0.093,7847
-0.132,8750
-0.0113,5836
-0.135,9469
0.243,1932
0.025,4769
0.281,892
0.191,2097
-0.0755,7407
0.0547,2722
-0.0129,5618
0.0658,3455
0.229,2629
-0.267,10089
0.078,2973
-0.212,9753
0.0764,3740
-0.235,9857
-0.153,7699
0.126,2253
-0.0796,8347
0.0894,1426
0.169,2630
-0.0876,7267
-0.239,9528
0.0355,4478
0.668,45
-0.0823,7476
0.0255,4759
-0.269,7937
0.373,1468
-0.0414,5796
-0.132,9554
0.151,2460
0.000882,5391
-0.248,10718
-0.0273,6015
0.0216,4718
0.21,687
-0.0263,6712
0.105,3127
-0.114,7975
-0.0603,5881
-0.345,9790
0.0416,3925
-0.0186,5512
0.0438,3847
0.319,630
-0.174,10542
0.144,2830
0.176,1745
-0.196,8833
0.0527,4124
-0.0488,7057
-0.0963,7918
0.651,392
-0.00432,5543
-0.364,10011
0.187,1556
0.0591,3459
-0.147,8600
0.0117,5098
0.0517,3966
0.0123,4675
-0.123,9157
-0.0472,5963
-0.123,7022
-0.111,9836
0.0707,1968
0.348,363
-0.185,9167
-0.214,10198
0.0274,4727
-0.211,8895
0.003,5039
-0.197,10550
-0.208,8755
-0.191,10062
0.34,626
-0.082,7911
-0.0924,10016
-0.115,10122
-0.316,7440
0.832,667
0.127,1127
0.254,753
-0.117,9039
-0.123,8488
-0.341,8262
-0.0328,5510
-0.139,8023
0.0141,5023
0.0766,2604
-0.186,9845
-0.0466,6513
0.408,1343
-0.101,6322
0.0805,3040
0.135,2321
-0.169,9293
-0.0805,8965
-0.149,8301
-0.138,8430
-0.0275,5589
0.0716,2868
-0.181,8834
-0.0904,7833
0.107,3642
-0.628,10857
-0.0646,8188
-0.0364,6218
-0.0442,6806
-0.0558,7111
0.0448,4002
-0.0981,7956
0.269,300
0.712,91
0.126,2466
-0.201,10532
0.181,3130
-0.154,7865
-0.0825,7877
-0.167,9537
-0.214,9049
0.151,2455
0.19,1419
0.105,2430
-0.0163,5850
0.00799,4990
0.667,216
0.124,3034
-0.521,10928
-0.345,10945
-0.0116,6215
-0.195,9992
0.0922,3121
0.114,1538
-0.107,8660
-0.00861,5404
0.072,3194
-0.0184,5822
0.204,1535
0.138,2592
-0.0969,7457
-0.122,8713
-0.217,8630
-0.243,10221
-0.0873,8556
0.199,1230
0.0709,3699
0.0649,4267
0.0805,2705
-0.451,10148
0.101,2518
-0.141,8024
0.114,3242
-0.0729,6596
0.0574,3753
0.00558,5290
-0.0464,6688
-0.149,7283
0.0411,4715
0.207,2633
-0.106,8047
-0.0373,6398
0.241,1511
0.56,27
0.174,1423
0.235,1846
0.00835,5163
-0.421,10918
0.487,156
0.153,892
0.244,1082
-0.19,9030
-0.213,10023
0.251,516
0.0184,4773
-0.194,9402
-0.446,10045
-0.317,10602
0.138,1325
-0.0122,5594
0.235,1005
-0.1,6706
-0.133,5832
0.29,2601
-0.0372,7168
-0.433,10147
-0.223,9798
0.27,943
0.00725,5197
-0.624,9128
0.0236,4640
-0.341,8433
-0.0495,6113
-0.105,8141
-0.134,7477
-0.0554,6575
0.0357,4080
-0.13,8137
0.192,854
0.356,765
0.175,1501
-0.098,8384
0.0933,1526
0.0672,3198
0.323,1394
-0.212,9752
0.0665,4011
1.14,11
0.065,3494
-0.0134,5744
0.167,1597
0.17,2205
0.398,188
-0.278,10400
-0.162,10597
0.15,2275
-0.0145,5875
0.134,1414
0.0796,3730
-0.163,8319
0.455,26
-0.0847,8008
0.0756,3402
0.0287,4539
0.394,86
-0.402,9714
0.0373,3893
-0.121,9841
-0.0113,5491
-0.07,6564
0.274,1039
-0.0695,6358
-0.0535,6971
0.0397,3873
-0.0387,6225
-0.194,8283
0.531,31
-0.33,10038
-0.0116,5665
0.114,1331
0.00801,4939
0.464,336
0.0396,4614
-0.285,9671
-0.0398,7033
-0.109,7840
-0.341,9728
0.172,1290
0.346,563
-0.129,8998
-0.0153,5752
0.0558,3279
-0.02,5941
-0.04,6214
0.173,2851
-0.0713,6817
-0.219,9933
0.133,1289
0.0527,3181
0.0627,3414
0.548,271
-0.129,9487
-0.196,8230
0.285,415
-0.0328,6659
-0.21,9470
0.132,863
0.227,966
0.332,224
-0.11,8382
0.0312,4652
-0.281,10906
0.6,531
-0.24,9397
-0.00768,5688
-0.0145,5994
-0.167,9700
-0.179,9553
-0.0917,8877
0.506,506
-0.0325,6454
-0.295,10965
0.234,1403
-0.0764,6697
-0.0481,6557
0.276,816
-0.0515,6539
-0.0745,8364
-0.189,10067
0.274,519
-0.181,7446
0.2,895
0.129,1096
0.108,3082
-0.0859,6958
0.122,2158
-0.0284,5752
-0.342,10837
-0.0311,6295
0.037,3169
0.15,1592
0.153,1104
-0.0432,6052
0.0414,4392
-0.0907,8153
-0.0474,8180
-0.366,10463
0.308,858
0.0267,4700
-0.449,8814
-0.0242,6076
-0.173,9893
-0.279,9579
-0.0455,7540
-0.0446,6772
0.223,1115
-0.0202,5536
0.0186,4616
0.242,1646
-0.0338,6150
-0.135,8057
-0.761,9279
-0.0112,5184
0.00878,5202
-0.253,9422
-0.311,10733
-0.276,8636
-0.0307,6001
0.0296,4533
0.0553,3134
0.162,2538
-0.24,8209
-0.202,9578
-0.237,9637
0.0175,4868
-0.249,10740
-0.0543,7209
0.478,454
0.00596,5030
0.432,1542
-0.116,9603
-0.138,9595
0.084,4030
0.154,2376
-0.013,5069
-0.0444,5657
-0.0501,6652
-0.0331,6831
0.0396,3905
-0.0892,8446
0.505,95
-0.0422,5998
0.185,1532
0.342,1199
-0.013,5450
-0.313,10454
0.0625,3942
0.502,53
-0.00749,5611
0.0155,4666
0.0464,3958
0.195,1361
0.356,422
0.0672,3984
-0.04,6749
0.0219,4386
-0.00217,5447
0.111,3355
-0.182,8726
0.0655,3661
-0.0694,9315
0.027,4541
0.199,1671
-0.0634,7366
0.112,2786
0.298,1214
-0.00737,5593
0.00437,5001
-0.159,8996
0.102,1689
0.542,86
-0.0482,6766
-0.144,9496
0.065,3550
0.0215,4828
-0.308,9164
0.369,522
0.0969,2048
0.0199,4642
-0.386,10685
-0.0343,5280
-0.302,9988
-0.171,7567
-0.0615,5538
0.25,571
-0.042,6748
0.149,2556
0.22,1497
-0.159,6153
-0.341,10787
0.345,887
-0.127,8855
-0.269,10782
-0.045,6432
-0.143,7122
-0.161,10639
0.207,423
-0.0987,8516
0.0475,3570
0.0661,3945
0.46,732
-0.272,8931
-0.11,9221
-0.148,9147
0.295,1555
0.374,373
-0.216,8941
0.0385,4374
0.246,1417
-0.0569,8011
-0.143,9069
-0.107,8106
-0.0457,6124
-0.0884,6929
-0.164,10727
0.0138,4907
0.265,1448
0.306,650
-0.00274,5535
0.404,901
0.0695,3308
0.0911,2256
-0.183,9596
0.0503,4426
-0.336,9732
0.126,1471
-0.246,10781
0.00567,5100
-0.0756,8618
0.0323,4742
0.362,111
-0.26,7874
-0.155,8707
-0.107,8458
-0.182,9178
-0.0767,8407
-0.145,9176
0.00604,5052
0.0503,2045
0.0305,4127
0.269,848
-0.129,8686
0.423,960
0.0312,4805
0.0668,3610
-0.019,5921
-0.0745,6575
-0.153,7678
-0.00317,5584
-0.411,9498
-0.102,6684
0.23,283
-0.236,10756
-0.0662,6963
-0.122,7862
-0.305,9292
0.0591,2642
-0.131,8695
-0.252,10687
0.44,710
0.0259,4572
0.0207,4635
-0.278,9983
-0.0206,6198
8.33e-17,2765
