coef,rank
-0.128,7160
0.0377,4452
0.146,1333
-0.471,10604
0.167,3281
-0.5,9538
-0.479,9885
-0.274,10662
-0.111,8863
-0.218,9570
0.0329,4425
0.36,756
-0.142,9088
-0.0529,7457
-0.18,9957
0.227,1498
-0.216,7500
0.0561,4223
0.079,2311
-0.0107,6225
0.0221,4635
-0.0641,7375
0.0485,4316
-0.207,8160
0.0636,3666
-0.107,7534
0.157,2705
-0.196,8951
-0.0955,8960
-0.34,7742
0.0791,3591
0.0772,3007
-0.0338,6082
-0.192,7471
0.025,4593
-0.00666,5451
0.0924,3002
0.041,3595
-0.166,9401
0.219,2218
-0.0623,6680
0.191,1864
-0.0518,7148
0.0435,3031
-0.0534,6508
-0.143,8927
0.304,961
0.0659,3843
-0.0191,6280
-0.0552,8333
-0.0478,6182
-0.0403,6764
-0.185,8691
-0.215,9254
0.0709,3514
0.209,269
-0.0281,5940
0.252,1822
-0.389,9853
-0.306,9935
0.121,1111
0.0236,4799
-0.0221,5681
-0.0524,6261
0.08,2580
-0.00275,5381
0.243,844
-0.15,10156
0.159,1620
0.0706,3024
-0.0153,5612
0.543,1252
0.0865,2687
-0.116,8615
-0.0929,7784
-0.178,8475
-0.289,8772
-0.0412,6924
-0.156,9511
-0.169,10096
-0.0326,6636
0.146,2071
-0.217,7935
0.336,1313
-0.0678,8083
0.124,1796
-0.307,10828
-0.212,8874
0.322,462
0.34,1148
-0.00181,5525
-0.0435,7561
-0.0176,5660
0.132,2621
0.178,2540
-0.0535,6135
0.0443,4346
0.018,4631
0.472,727
0.025,4550
-0.0182,5702
-0.0887,7297
-0.111,8929
-0.0518,7042
-0.0147,5636
-0.155,8653
-0.0374,5650
0.0189,4874
-0.0554,6444
-0.186,9315
-0.23,9613
-0.275,10585
-0.255,7201
0.118,3342
0.000404,5537
0.00899,5116
-0.412,10738
0.261,600
-0.106,9176
0.477,177
-0.00612,5532
0.029,4093
-0.145,9937
-0.0103,5909
-0.0386,5873
-0.37,9262
-0.0815,8346
0.0517,4091
-0.161,8506
0.213,1231
-0.15,8303
-0.252,9872
-0.0738,7910
-0.183,10033
0.143,2955
-0.0547,7246
-0.411,6934
0.0448,4658
0.0642,3023
-0.332,10977
-0.205,8696
0.095,2182
0.494,322
0.308,646
0.076,3427
0.0425,4378
0.204,2011
0.232,1226
0.0221,4794
-0.0983,6926
-0.215,10410
-0.0211,6266
-0.349,6257
0.08,3397
0.00928,4992
0.118,2757
0.15,1435
0.149,2091
0.758,77
0.0773,3467
0.0512,4064
0.0936,2714
-0.172,9191
-0.0603,8355
0.0774,3362
0.0298,4921
-0.19,10452
-0.0163,5993
0.207,1724
0.0348,4165
0.121,2806
-0.426,10328
0.0618,3154
0.114,1655
0.0439,2862
0.101,2343
-0.0565,7261
-0.11,7627
0.419,1855
-0.102,9596
0.021,4889
0.449,218
-0.00961,5593
0.0662,3666
0.0366,3689
0.0263,3590
0.137,1578
-0.0985,8289
-0.411,10814
-0.207,10412
-0.346,8547
0.0796,2957
-0.167,10033
0.066,2280
-0.0299,6257
0.361,433
-0.27,8820
0.0746,3177
0.119,3076
-0.34,10721
0.0463,3606
-0.224,9277
-0.0293,5854
-0.355,9909
-0.135,9990
-0.00757,5658
0.081,3617
0.343,1814
0.272,711
0.12,2960
0.144,1510
0.078,2367
0.0569,3775
-0.278,10023
0.0598,4181
-0.0125,5277
0.0685,2141
0.034,4350
0.116,2675
0.193,1868
-0.226,8799
0.233,2020
-0.196,9450
-0.0543,7407
-0.0444,7386
-0.198,8791
-0.237,8946
-0.0465,6767
-0.0821,8261
-0.0992,9229
0.0164,4828
0.363,534
0.109,3158
0.255,1185
-0.199,8615
0.0245,4085
-0.103,7637
-0.0857,7054
-0.37,9985
0.367,346
-0.215,9098
-0.142,4619
-0.386,9926
-0.0573,7104
-0.196,9573
0.188,1973
-0.0291,6415
-0.0624,7074
-0.255,10063
0.0397,4256
0.584,2512
-0.274,9421
0.0882,2238
-0.0605,8017
0.215,2556
-0.344,9629
0.0764,4050
-0.611,10456
0.117,2374
-0.328,10954
-0.146,9305
-0.129,8932
-0.224,9909
0.121,2872
-0.202,10176
-0.212,9775
-0.0777,6187
0.0899,3206
0.0793,3537
-0.237,9103
-0.05,6859
-0.0796,9107
-0.0377,6180
0.0351,4295
0.191,2129
0.06,3656
-0.046,6390
0.101,3256
-0.226,9918
0.0771,3547
-0.0019,5502
-0.186,9905
-0.142,9089
-0.192,9114
-0.226,9845
0.153,2717
-0.0544,6145
-0.314,10756
0.0437,3717
0.371,214
-0.242,9748
-0.00542,5343
0.0808,3827
0.122,2991
0.32,20
-0.0776,8089
-0.398,10259
-0.181,9531
-0.243,9011
0.705,125
0.394,105
-0.00675,5416
-0.193,9924
-0.159,8430
-0.208,9741
0.364,1219
-0.0759,8464
0.172,2051
-0.052,6919
-0.064,6123
0.17,2608
-0.136,9259
0.209,311
-0.029,6220
-0.107,8352
-0.329,9219
0.298,1524
-0.194,9245
0.224,1941
-0.0517,5893
0.00651,5180
-0.0386,6457
-0.182,8273
-0.246,7966
0.212,320
0.0226,4743
0.0964,2501
0.0214,4525
-0.198,10833
-0.0213,5502
-0.0869,8732
-0.157,9784
-0.107,7172
0.0799,3740
-0.113,8618
0.386,1449
0.0585,3319
-0.0892,8635
0.107,2196
-0.00422,5496
0.0484,4094
0.453,382
0.0336,4101
0.424,1030
0.0158,4864
-0.00894,5767
-0.0825,8782
0.0329,4371
-0.0485,6812
-0.173,9494
-0.547,8316
-0.403,8879
-0.372,5972
-0.388,7545
-0.0724,5986
-0.199,6491
0.634,145
0.182,2122
-0.0908,7744
0.19,1421
-0.146,10511
-0.0928,9470
-0.724,9824
0.0965,3483
0.0163,4840
0.131,3138
-0.083,7590
-0.0382,7121
-0.393,9633
-0.259,10045
0.000963,5585
0.221,1345
0.316,1122
-0.0478,6974
-0.256,10330
0.484,394
0.387,789
0.161,3507
0.271,914
-0.127,9388
0.214,2250
0.107,1212
-0.0395,5988
0.166,3417
-0.0344,6422
0.298,301
0.0926,2847
-0.174,9009
-0.422,9322
0.2,1805
0.0403,3873
0.312,279
-0.219,10089
-0.206,8062
0.371,328
-0.365,9782
0.126,2487
0.19,723
-0.0655,6048
-0.0979,8156
0.592,61
0.0756,3393
0.0837,3091
-0.0316,6277
-0.155,8930
0.376,536
0.175,2299
-0.0697,5700
-0.0651,10310
-0.00898,5510
-0.339,10665
0.0496,4638
-0.349,10646
-0.0499,6200
0.152,1107
-0.0273,7144
0.0139,3804
-0.13,8346
-0.328,9214
0.0769,3292
-0.0901,6210
-0.0537,7687
-0.0631,6430
-0.00492,5188
-0.165,8343
0.347,2012
-0.355,10674
0.0474,3756
0.108,2612
-0.139,7763
-0.203,8966
-0.25,10305
0.0166,4421
-0.0447,7034
0.0838,3581
-0.175,9230
0.265,1369
-0.0494,6964
0.415,650
0.0379,4250
-0.0519,7732
2.37,237
-0.199,7927
0.071,3886
0.311,1880
0.257,250
0.0142,5188
0.152,2892
-0.266,8213
-0.0154,5380
-0.0392,5640
-0.0546,7145
-0.22,8190
0.0575,4460
-0.0204,5848
-0.137,7371
0.185,1682
-0.0952,9285
0.0717,2366
-0.252,10056
-0.0815,7099
0.0276,4805
-0.172,9835
0.0978,2122
-0.177,8167
0.145,2839
0.329,1126
0.323,754
-0.0191,5571
-0.0957,7820
-0.135,9306
-0.227,9329
-0.0368,5899
-0.147,9727
-0.203,9900
-0.0844,7394
0.0431,4433
-0.297,10860
0.016,5282
-0.161,9399
0.00935,5229
0.0677,3007
0.0628,3985
0.0221,4621
-0.224,9422
0.151,2960
0.0282,4481
-0.212,10485
-0.0744,8031
-0.0793,7622
0.0292,4431
-0.119,8392
-0.0688,7253
0.00184,5437
0.0157,5099
0.0955,2294
0.529,707
-0.338,9099
-0.115,9041
0.204,820
0.19,670
-0.025,5784
-0.165,8653
-0.459,9720
0.153,1889
0.0576,2562
0.0574,3126
0.624,462
-0.141,8686
-0.116,6198
0.047,4368
0.344,1039
-0.0861,8772
-0.55,10350
-0.516,10323
-0.0362,5686
-0.236,8354
-0.169,10497
0.0453,3782
-0.0116,5842
0.0993,2112
-0.0193,5460
-0.216,9661
-0.0547,7167
-0.146,8788
0.345,2385
-0.342,10058
0.249,2174
-0.18,6255
0.0957,2287
-0.235,10461
0.0825,3292
-0.0993,7924
0.127,2256
0.0254,4915
-0.083,8013
-0.144,10538
-0.172,5655
-0.0408,5003
-0.457,8842
-0.665,9846
-0.0455,6774
-0.00987,5468
-0.148,9333
-0.0443,6143
-0.192,9064
-0.258,10389
-0.162,9515
-0.0075,5420
0.237,945
0.0501,4061
0.458,1373
0.191,3693
-0.00993,5550
-0.161,8475
-0.0848,7044
-0.122,8106
0.255,972
-0.0117,5398
0.0969,2898
-0.285,10107
0.295,459
-0.0954,8211
0.146,2461
0.107,3107
-0.0181,6055
-0.155,9805
0.171,1630
-0.135,9010
-0.469,10818
-0.179,10491
0.0687,3455
-0.362,10458
0.0522,4069
0.154,2202
-0.146,8434
0.181,2018
-0.196,10078
0.271,53
-0.134,6779
0.146,1848
0.194,1886
-0.32,7837
0.164,1358
-0.0459,6503
-0.404,10368
-0.0416,6924
-0.0664,7735
-0.0725,6883
0.086,2742
-0.235,10624
-0.0367,6588
0.0523,3469
-0.307,9399
-0.146,7401
0.0972,1241
0.174,2079
-0.0195,5538
-0.0397,6392
0.11,3074
-0.207,10149
0.183,1466
-0.0416,6638
0.0281,4818
0.283,1472
-0.0206,6011
0.669,139
-0.107,8265
0.0582,3365
-0.229,8316
0.0993,1648
0.113,3717
-0.273,7360
-0.0985,8367
-0.126,9069
-0.18,9091
-0.188,9758
0.0468,4199
0.0361,4574
0.201,1026
-0.138,9688
0.0668,2501
-0.00597,5634
0.0692,3699
0.0184,4941
-0.0511,6800
-0.237,9180
-0.224,10824
0.212,2383
0.347,2578
0.0562,3768
-0.0437,7150
-0.0014,5495
0.0915,2741
0.0573,4322
-0.00126,5284
-0.216,10830
0.082,1625
-0.0272,6089
-0.164,8042
-0.03,5918
0.514,307
-0.173,8937
-0.32,10623
-0.274,9669
-0.177,9288
0.207,2330
0.11,2440
-0.0543,7521
-0.0445,6665
-0.465,6910
0.215,550
0.132,3292
-0.0335,5783
0.0371,4041
-0.165,7357
0.185,3715
-0.81,8700
-0.00868,5134
-0.131,6257
-0.108,6776
0.0445,4534
-0.0806,8110
-0.0204,6208
0.041,4341
0.0267,3867
-0.281,10126
0.78,212
-0.115,6283
0.0185,4831
-0.053,6792
-0.0474,7080
0.182,2288
-0.0246,5960
0.26,1719
0.0202,4527
-0.19,9737
-0.237,10020
-0.0106,4946
-0.108,7401
0.0046,5365
0.0533,4204
0.0965,2259
0.14,1650
-0.396,10375
0.0187,4863
-0.239,9680
-0.255,9573
0.164,1279
-0.128,7515
0.0612,4087
-0.257,7576
0.246,1052
-0.0141,5503
-0.15,9175
0.0337,4268
-0.146,7883
-0.224,9444
0.0742,3825
-0.227,8899
-0.00726,5314
0.112,2451
0.0545,4188
0.248,2838
0.00982,5014
-0.247,9740
-0.0869,7606
-0.0201,5909
0.0526,3570
-0.0573,6690
0.704,803
-0.0636,4138
0.254,431
0.0146,4698
-0.0537,7428
0.158,2430
0.141,618
-0.0178,5592
-0.0145,5610
-0.0449,7366
-0.0559,5735
0.0237,4740
-0.124,7692
-0.183,9066
-0.106,7637
0.109,2222
-0.145,7769
-0.454,10685
0.476,2070
0.117,3641
0.155,898
0.313,761
0.128,2752
0.109,2536
0.343,234
-0.199,7677
0.0891,3259
-0.000926,5432
-0.0827,7542
0.0115,4910
-0.335,8543
-0.105,5373
0.169,1190
-0.0174,5964
-0.258,10684
-0.0846,7586
0.147,2278
-0.242,8949
0.144,1388
-0.228,10331
-0.137,8505
-0.245,8716
0.12,2621
0.195,776
0.0722,3349
0.0222,4274
0.301,331
-0.205,8686
-0.0498,7749
-0.242,10129
-0.0884,6848
0.0585,3134
0.048,4163
0.0441,4224
-0.179,8957
0.0373,4616
-0.000337,5366
0.166,2334
0.249,884
0.0708,4262
-0.502,10867
-0.0742,7025
-0.089,8564
0.0768,4296
0.041,4500
-0.22,9316
0.0422,4433
0.197,2003
-0.0136,5920
-0.0454,6353
0.00584,5170
-0.0372,6952
0.868,483
-0.114,6725
0.174,1981
0.0352,4159
0.177,1913
0.141,2919
-0.0905,7851
0.104,3450
0.213,627
0.208,789
0.0481,1556
-0.0302,9709
-0.0225,8042
-0.0418,10664
-0.0141,8076
-0.26,5828
-0.298,10568
-0.617,10034
-0.461,7836
0.538,2255
-0.104,7743
0.195,2078
-0.0913,5608
-0.017,5661
-0.507,10181
0.0569,3639
0.0631,4044
0.404,2543
-0.0278,6123
0.48,328
-0.0793,9240
-0.0263,5684
0.271,773
0.0985,3899
-0.148,7814
-0.0822,6072
-0.209,8770
0.136,2111
-0.283,10016
0.553,2058
-0.494,10734
-0.0239,5720
-0.0934,4848
-0.179,9243
-0.0216,6235
-0.0552,6306
-0.154,9198
-0.00656,5950
-0.0589,7581
0.307,1129
0.0351,4609
0.0464,4148
0.241,2422
-0.0405,6382
-0.101,8967
0.0568,2352
-0.196,9593
-0.0212,5906
-0.178,9060
0.0432,4560
-0.122,7903
-0.0533,6823
-0.0415,6074
0.021,5064
0.507,111
0.119,2040
-0.104,9078
0.139,2081
-0.063,7004
0.0452,3824
0.173,2623
0.011,4984
0.148,2168
-0.083,7620
0.975,1300
0.219,667
0.109,3232
0.469,204
0.0691,3412
0.29,735
-0.0371,5549
-0.151,10173
-0.109,6714
-0.101,8011
0.0575,3153
-0.00579,5422
-0.0612,7297
0.229,1061
-0.0183,5561
0.443,939
0.186,558
0.0845,2374
-0.57,10318
-0.226,9185
0.124,2275
-0.324,10597
-0.212,10334
-0.0697,8221
-0.519,7016
-0.0914,4955
-0.0973,8406
0.214,3419
-0.214,9903
-0.0995,9355
-0.367,10161
0.0478,3872
0.287,1638
0.0197,4657
0.0131,5251
-0.0366,6518
0.384,2413
-1.26,10738
-0.186,5523
0.0637,4053
-0.161,8575
0.169,2050
-0.33,8573
0.194,1389
-0.241,10779
-0.0673,7382
0.012,4867
0.435,195
-0.319,10590
0.319,356
0.1,3104
0.148,1854
-0.108,8088
0.0679,4096
-0.0298,6114
0.118,3167
-0.11,7614
-0.109,7691
-0.375,10950
-0.0108,5267
-0.144,7433
-0.000695,5444
0.168,2268
-0.324,10912
-0.0856,7725
-0.28,10169
0.0194,4704
-0.3,10409
-0.209,10773
-0.155,9810
0.0203,4011
-0.113,7979
-0.157,9226
-0.19,9027
0.0218,4317
-0.187,9102
-0.126,9855
-0.412,9207
0.0297,4500
0.326,1434
-0.138,7597
-0.103,9353
-0.00623,5341
0.479,1568
0.311,424
-0.0738,7440
-0.192,7853
-0.232,10759
-0.101,7683
0.0319,4646
0.128,2713
-0.191,9251
-0.0643,6257
-0.227,10991
0.0611,3440
0.373,1131
-0.165,9849
0.0758,4003
-0.15,6877
-0.17,8221
0.212,2428
0.0297,4551
-0.106,7672
0.122,1532
-0.211,9178
0.267,2361
0.48,457
-0.322,9454
0.0411,3890
0.0567,3935
-0.00424,5834
-0.0814,6159
0.0421,4355
-0.806,9922
-0.0503,7314
0.382,163
0.11,3847
-0.00365,5386
0.0518,4506
-0.00146,5703
-0.0778,8444
0.0204,4443
0.0388,3554
0.0188,4915
0.0778,2677
0.012,4910
0.0672,3070
-0.0739,7629
-0.201,9424
-0.164,9732
0.0497,4355
0.304,1867
0.0164,5039
0.0809,3597
0.304,605
-0.0531,6726
-0.355,10765
-0.21,9159
-0.085,7210
-0.228,10559
-0.0189,5518
-0.381,10361
-0.0678,6382
0.0134,5030
-0.0342,6440
0.277,1754
-0.0765,6567
-0.0933,8334
0.0944,3434
-0.159,9335
-0.0503,9286
0.193,2316
-0.528,9407
-0.336,8658
0.0282,4685
-0.137,9780
-0.00468,5619
-0.3,10083
0.00263,5493
0.101,4079
0.0588,3340
-0.188,9154
0.145,753
0.304,962
-0.327,10176
0.245,2948
0.0746,4156
0.207,2446
0.185,1272
0.238,1767
0.0593,4010
0.121,3189
0.168,2814
-0.0719,7663
-0.119,8617
0.00245,4823
-0.0434,6587
-0.336,10586
0.581,972
-0.206,10334
-0.0146,5857
-0.132,7676
0.296,647
-0.05,6140
1.13,19
0.291,615
-0.0137,5696
-0.301,10726
-0.186,8472
0.147,1081
0.137,3896
-0.172,10833
-0.186,10181
-0.106,7510
0.068,4067
0.397,1131
0.332,385
-0.133,8193
-0.142,7414
-0.168,8081
0.123,2384
0.00691,5222
0.00754,5004
0.0492,3676
-0.104,8352
-0.0145,5775
-0.0553,7182
-0.212,9366
-0.00838,5722
0.0474,3367
-0.118,8678
-0.0448,6430
0.112,2777
-0.0604,7230
-0.218,8843
-0.0835,7780
-0.189,10603
-0.125,5871
-0.198,9070
-0.321,10728
-0.131,7398
0.143,2147
0.137,1870
0.181,2347
0.0365,4404
3.3,66
0.00686,4868
0.403,190
0.0774,3594
0.139,1082
-0.205,8786
0.176,1169
-0.192,9164
0.0643,3390
-0.508,10817
0.121,3033
-0.202,9646
-0.0799,7888
0.0749,2411
-0.0694,7412
0.0104,5288
-0.0522,5926
0.265,807
-0.0753,7872
0.0017,5384
0.426,9
0.0137,5103
0.158,2541
0.664,659
-0.0532,7717
-0.159,10160
-0.471,10987
-0.312,10930
0.374,1341
-0.171,8378
-0.071,6362
-0.205,9969
0.0107,5077
-0.206,9325
-0.0248,5252
-0.0181,5460
-0.0121,5929
-0.0941,8705
-0.295,10030
0.0359,4493
-0.0739,7224
-0.241,8574
-0.0457,6841
-0.0841,8525
-0.0509,5982
0.26,1257
0.174,2336
-0.163,6793
-0.0935,7327
0.0173,4762
0.00395,5683
0.138,2748
-0.121,9296
-0.144,7195
-0.0713,8917
-0.27,10046
0.0907,3454
-0.334,8818
-0.175,5885
0.127,2689
0.382,225
-0.197,10560
-0.0588,7118
-0.175,10130
0.446,1834
-0.0667,6160
0.166,829
-0.125,9495
-0.155,8034
-0.393,10534
0.0465,3989
-0.0701,7329
-0.122,9251
0.0379,4027
-0.0369,5962
-0.0958,7714
0.0228,4733
-1.28,11000
-0.382,10700
0.292,1175
0.0432,4377
0.115,2453
0.0438,3251
0.532,151
0.0673,2753
-0.47,10912
-0.163,8865
-0.0772,7619
-0.479,7319
0.00247,5009
0.0223,4466
0.0216,4715
0.00663,5052
0.0576,3933
0.734,43
-0.368,10009
-0.0667,7589
-0.173,10112
-0.101,6884
0.17,2247
-0.0104,5494
-0.00509,5623
-0.202,9671
-0.0813,7944
-0.0488,6108
0.115,3415
-0.0203,5888
-0.0992,8865
0.189,2047
-0.0531,6430
0.142,2725
0.0548,3857
0.19,1372
0.11,1114
-0.0569,7299
0.203,1552
0.0827,2954
0.224,2280
-0.156,9787
0.108,1876
-0.0274,6542
0.0226,4585
-0.587,10711
-0.263,10374
0.164,1320
-0.101,8489
-0.328,10557
0.329,2039
0.0199,5016
-0.297,10593
-0.238,7609
0.0611,3673
-0.237,10158
-0.17,9596
-0.0298,6186
-0.22,9669
-0.118,7792
-0.0707,6364
-0.105,9208
-0.0151,5943
-0.152,8770
0.106,3671
-0.0209,5204
-0.124,8159
-0.00825,5798
-0.0839,7768
-0.0841,7557
0.0492,3812
0.0147,5034
0.0241,4163
0.164,923
0.0445,3991
-0.125,6957
0.965,768
0.485,1394
0.606,72
0.0664,3605
-0.0853,6841
0.0356,3879
-0.258,9407
-0.35,10582
0.0548,4227
-0.331,10835
-0.131,8799
-0.102,6811
0.0573,3404
-0.0532,6137
0.394,18
0.0353,3886
0.0654,3440
0.00398,5107
0.119,2428
0.718,167
0.00877,4809
-0.182,9807
-0.241,9959
-0.172,9408
-0.0758,7691
-0.206,8530
0.128,2609
-0.38,9551
-0.243,9649
0.266,1358
0.00321,5154
-0.399,7670
-0.11,7897
-0.116,7095
-0.0519,6723
-0.11,8424
0.311,1030
-0.492,10379
0.0216,4787
-0.0627,6842
0.166,1896
-0.724,10874
0.0143,4823
-0.0365,6122
0.0453,3168
-0.0872,7832
-0.0446,5923
0.178,1315
-0.469,10659
-0.0433,6693
-0.0687,8998
0.145,2516
-0.136,8538
0.00316,5004
0.169,1433
0.139,1215
0.198,1165
-0.119,7721
-0.298,10967
-0.0143,5767
0.0933,2497
-0.0374,6866
-0.0726,7865
0.153,1679
0.184,2687
0.444,494
-0.018,5943
0.00251,5256
0.123,2735
-0.238,10057
-0.119,6980
0.38,1302
0.274,1731
0.233,462
0.299,250
-0.0338,6438
0.187,1044
0.135,3651
-0.138,9974
0.0575,3246
-0.0593,7466
-0.0822,6776
-0.21,10737
-0.307,9066
-0.0871,7317
-0.0806,9025
0.0104,5101
-0.0132,5745
-0.104,8501
-0.0305,5773
0.311,1248
0.143,2279
-0.0515,7611
-0.238,9676
0.035,4237
0.138,3014
0.0947,3517
-0.273,10655
0.0235,4366
-0.162,9800
-0.154,9301
-0.294,10327
0.0944,3191
0.0911,2163
-0.176,10272
0.113,3207
0.0804,3307
-0.112,7859
0.168,2213
0.0619,3327
-0.00445,5544
0.238,1327
0.0138,4948
0.189,1180
-0.278,9695
-0.15,9146
-0.0164,5905
-0.0422,6629
0.107,4017
-0.0114,5917
-0.0621,6725
-0.185,10476
-0.4,6658
-0.492,10535
0.0896,3996
-0.775,9734
-0.185,9952
0.314,712
-0.154,6498
0.0729,3584
0.148,2055
-0.0809,6817
-0.109,7921
-0.123,10068
0.389,677
-0.297,9562
-0.0567,6514
-0.117,6940
-0.125,9165
0.0322,3813
0.349,569
0.156,1891
-0.0104,5537
-0.0253,6619
0.177,3325
0.195,812
0.4,1374
-0.00817,5776
0.161,2301
0.152,1658
0.0853,1935
-0.201,10150
-0.0798,7195
-0.00831,5408
0.696,518
0.223,2919
-0.0293,6447
-0.0287,7022
0.0406,4378
-0.137,8854
-0.287,8623
1.78,191
-0.149,10024
0.189,1374
-0.173,8943
0.0666,3335
-0.0362,6257
-0.0706,6876
0.122,1977
0.235,116
-0.0377,7112
0.0441,4159
-0.0434,6759
-0.0541,7258
-0.019,6850
-0.155,9546
-0.119,7144
-0.0212,6388
-0.203,8647
0.0799,3049
-0.0479,7116
-0.0478,7097
-0.148,8377
-0.352,10115
-0.0667,7539
-0.19,8319
-0.00106,5581
0.0697,3390
-0.0398,9662
-0.246,8873
0.0337,796
0.0681,4033
-0.008,5659
-0.573,10429
-0.111,7373
-0.086,7923
-0.3,10381
0.514,1688
-0.191,9412
0.0999,3795
0.0641,4351
-0.106,8989
0.0878,3856
-0.0825,6666
0.214,1873
-0.0793,7448
0.0663,3815
-0.0438,6852
0.0998,2428
-0.15,6783
-0.389,9583
-0.0104,5096
0.062,3817
-0.0912,8030
-0.201,10387
-0.166,9785
0.00818,5192
0.0156,4958
0.144,2651
0.0919,1208
-0.264,10068
0.173,1277
-0.156,9130
-0.132,8606
0.0409,4813
-0.0843,8767
0.1,1560
-0.184,9804
0.138,2347
-0.046,6947
-0.0965,6721
-0.173,8113
-0.175,9797
0.18,1817
0.286,662
-0.202,9656
-0.0404,5833
0.293,165
0.0443,3794
0.153,2520
0.135,2866
0.0818,3819
0.501,1452
0.115,2329
-0.161,7993
-0.0571,7077
-0.0382,6471
0.212,2915
-0.0869,7378
0.0134,4742
0.0525,4103
-0.0976,7102
0.0099,5150
0.297,1014
-0.364,9811
-0.205,10023
0.00241,5077
0.023,4697
0.349,515
0.394,665
-0.229,8308
0.0115,4969
0.0307,4343
-0.17,9465
0.0488,4123
-0.376,10688
-0.0274,6091
0.0304,3707
0.0343,3283
0.0104,5097
0.194,1045
0.19,3350
-0.0407,6634
-0.164,10395
0.246,1412
0.0158,4791
0.0995,3710
0.0362,4719
-0.0222,5668
-0.11,7556
-0.251,10782
0.218,1262
-0.1,8842
-0.16,7983
0.196,1381
0.0481,3850
-0.129,9461
0.0786,3748
0.0269,4559
-0.071,6992
0.222,948
0.00904,4888
-0.0755,8378
-0.0592,5857
-0.592,10721
0.378,1634
0.6,152
-0.0163,5533
-0.103,8692
-0.0668,7654
0.171,1337
0.245,1095
6.46e-05,5215
-0.209,10191
0.243,1457
0.301,1960
-0.0256,5065
-0.195,6792
-0.132,7812
0.0232,4456
0.479,211
0.043,4203
0.114,790
-0.658,10779
-0.351,8521
-0.0458,7322
-0.0344,6143
0.00526,5560
0.994,235
-0.0762,5169
-0.373,10536
0.0177,5031
0.0519,3717
0.151,3092
-0.081,6172
0.0508,3344
0.107,1787
0.00206,5148
0.102,2528
0.00858,5047
0.123,2255
-0.173,9202
0.243,1000
-0.0642,6983
-0.318,10945
0.0584,3841
0.185,1329
0.0904,3810
-0.0954,5701
0.287,795
0.0608,4102
-0.086,7042
-0.142,9186
-0.337,9660
0.132,2684
-0.0534,8124
0.0159,4699
-0.273,8492
0.00122,5114
-0.298,8774
0.205,2724
0.0332,4110
-0.135,9774
-0.0832,7451
-0.112,7178
-0.0901,7284
0.0298,4881
-0.0849,8340
-0.202,9729
-0.2,8685
-0.0254,5936
-0.185,9907
0.0133,4741
-0.0358,6144
0.0988,2688
0.0837,3202
-0.108,7076
-0.0468,6707
-0.162,8423
0.194,1168
-0.111,9564
-0.0107,5676
-0.348,10259
0.00734,5018
-0.203,6794
-0.126,8361
0.0358,4332
-0.0227,5732
0.0173,4897
0.122,2388
-0.0914,8304
-0.103,8925
0.189,511
0.0513,3262
0.106,3137
-0.055,6258
-0.0949,7395
-0.0253,6166
-0.00961,5598
0.183,1348
-0.00754,5781
0.0117,4820
-0.357,9829
-0.0868,8849
0.0967,2656
0.129,3266
0.0163,4730
0.159,1658
0.342,1005
0.0134,5208
-0.0858,6496
-0.0088,5497
0.0891,3433
0.0217,4882
-0.149,7734
-0.0931,8470
0.109,2112
-0.0616,7550
-0.00382,5493
0.337,1100
0.124,1762
0.00397,5459
0.366,865
-0.343,9032
-0.091,8124
0.614,31
-0.18,9773
0.416,347
0.0718,2567
-0.117,8018
0.00539,5079
0.12,2558
-0.124,8764
0.232,1620
0.248,915
-0.131,7891
0.0168,4855
-0.301,9052
0.085,2810
-0.257,10056
0.338,614
0.184,1289
-0.0607,6782
-0.107,7075
-0.178,10611
-0.1,8609
-0.351,9641
0.0657,2864
0.244,2260
-0.0729,6051
0.000106,5231
-0.131,8319
-0.0707,8707
-0.0425,6433
-0.226,10569
-0.0405,6329
0.052,3605
0.129,1660
-0.191,8886
0.593,122
-0.0646,6710
0.0525,4382
-0.101,7874
-0.00747,5809
-0.072,6759
0.254,935
-0.00976,5599
-0.117,7479
0.148,2514
0.201,675
0.262,2710
0.1,2392
-0.186,9635
0.0374,4619
-0.0908,8111
-0.268,10905
-0.0743,8214
-0.104,7215
-0.406,10620
-0.171,8836
-0.0112,5693
0.162,1895
0.197,405
-0.296,9092
0.0592,4365
0.0354,4319
-0.176,9462
-0.0695,7702
0.784,1009
0.125,3235
0.0168,5164
-0.068,4180
0.128,2404
-0.337,8510
-0.119,8074
0.176,2648
-0.0195,5750
-0.0106,5487
-0.157,9975
-0.0912,8326
0.15,3371
-0.361,10855
-0.00662,5549
-0.0261,6465
0.0333,3585
-0.0326,6876
-0.298,9697
-0.327,10089
-0.0337,5369
0.182,1757
-0.00122,5513
-0.0693,7520
0.063,3695
-0.214,7338
-0.14,8373
-0.111,6940
0.133,2122
0.205,452
0.0107,5188
0.0891,3325
-0.233,9891
-0.00715,5600
-0.125,9097
0.161,2780
-0.333,6089
0.0813,3351
-0.163,9743
0.293,369
-0.0598,6271
-0.15,8572
0.0832,3761
0.165,2110
-0.38,9997
0.0107,4766
0.0968,1468
-0.165,8757
0.22,1474
-0.267,10056
-0.0997,6984
-0.0226,6341
-0.143,9403
0.618,877
-0.0641,6602
0.133,3071
1.3,167
0.17,752
-0.128,8046
0.0994,3332
-0.399,10470
0.017,4810
-0.395,8566
-0.0467,6975
0.225,1097
1.57,443
0.879,1484
-0.0582,7365
-0.284,6944
-0.0581,7887
0.176,970
-0.286,7416
-0.344,9237
-0.139,7928
-0.222,9134
0.0142,4882
0.176,790
0.122,2257
-0.0967,7188
-0.372,9588
-0.0661,6797
0.104,2082
-0.087,7373
-0.375,10369
-0.19,9819
0.0129,4878
0.0642,2885
-0.15,9045
-0.299,10452
-0.505,10800
-0.113,8163
-0.113,7620
-0.00273,5435
-0.241,9041
0.42,577
0.427,145
-0.0941,6437
-0.0855,6832
-0.0707,7213
0.196,747
-0.197,10268
-0.135,7643
0.0461,4199
0.056,3819
0.0654,1280
-0.0661,9187
0.068,4030
0.0433,4185
0.0817,2392
0.0448,4325
-0.0224,6216
0.144,1125
-0.252,7095
-0.145,7424
1.01,464
-0.318,10732
0.458,283
-0.0755,6732
0.0805,3538
0.357,991
-0.204,8918
-0.0461,6533
-0.35,11006
0.0793,3612
-0.24,8845
0.311,1829
0.0466,4364
0.522,132
0.0276,4493
0.116,3007
-0.0435,7283
-0.172,9604
-0.0958,6885
0.196,2083
0.00683,5044
0.248,473
-0.101,8245
-0.168,8882
-0.0538,5617
0.0878,2167
0.105,2730
-0.229,10646
0.163,2222
0.459,679
-0.113,8054
-0.284,9419
-0.139,9003
0.064,3958
-0.0504,6696
-0.0319,6343
-0.0269,6524
-0.159,8911
-0.221,10351
-0.0246,6102
-0.0559,6605
0.191,933
-0.0142,5951
0.026,4728
0.107,1214
0.021,4615
-0.158,8470
0.142,2714
-0.0346,6871
-0.0234,6191
0.127,2424
-0.0543,6812
-0.159,8992
0.0487,3875
-0.141,7681
-0.185,7755
0.132,2142
-0.0587,7767
-0.19,9001
0.34,2458
-0.0301,5878
0.00736,5189
-0.36,10707
-0.0477,6708
-0.421,10918
-0.352,8355
-0.12,9870
0.116,3664
-0.0681,6659
0.025,4509
0.874,389
0.0304,4652
0.27,581
-0.237,8021
-0.0464,7128
-0.425,10653
0.0653,3688
0.187,1775
0.113,2183
-0.252,8992
0.15,830
0.011,4788
-0.000163,5008
-0.223,8710
-0.196,9181
0.105,2053
0.178,366
0.0619,2630
-0.0883,8264
-0.0808,6845
0.0673,3144
0.0515,4125
-0.0238,6205
-0.118,7598
-0.213,10387
-0.0231,5454
-0.39,10511
0.112,1927
0.0327,4441
0.0736,3833
-0.381,10002
-0.0318,6411
0.456,1013
0.116,3001
0.00454,5292
0.188,2592
-0.0711,7006
0.0343,4265
0.0362,4280
0.288,863
-0.00924,5790
-0.0436,6250
0.146,2552
-0.216,8163
0.0345,4707
-0.407,9340
-0.000394,5286
-0.107,9286
0.084,2165
-0.124,7586
0.0377,4293
-0.185,8487
0.124,2420
-0.136,8995
-0.221,8770
0.17,1836
0.0939,4037
-0.159,7467
-0.0447,6980
-0.186,10114
-0.116,7773
-0.0423,6812
-0.00473,5299
0.202,2868
-0.242,10986
-0.0228,5730
-0.0591,6758
0.03,4445
0.721,20
0.248,2526
-0.188,9100
0.0391,4531
0.065,3617
-0.248,9898
-0.1,7225
-0.0133,5732
0.0439,3970
-0.348,10095
-0.26,9823
0.262,322
-0.0324,5320
0.119,3393
-0.0323,7190
0.0419,4055
0.0469,3634
-0.186,10332
-0.293,10654
0.03,4526
0.0602,3857
0.0427,3510
-0.244,10400
-0.217,9128
-0.0365,6068
-0.0505,6898
-0.0323,6135
-0.0648,6709
0.00524,4991
0.0312,4743
-0.069,7250
-0.101,6064
-0.105,9125
0.175,985
-0.176,10498
0.16,1243
0.276,519
0.023,4939
0.256,1770
-0.0945,6496
0.0223,4642
-0.00521,5295
0.0732,4079
-0.0812,7050
0.18,2535
-0.0191,6818
-0.462,10933
-0.241,9518
-0.258,10014
-0.134,7464
0.269,708
0.192,2131
-0.129,8341
-0.167,8294
0.0575,3598
0.0334,4247
0.103,2477
0.179,1016
-0.151,8948
0.0718,3280
-0.427,10243
-0.00623,5170
-0.183,10653
0.00218,5502
0.226,2077
-0.0576,7394
-0.19,9001
-0.0343,7296
-0.0585,6333
0.109,1654
-0.177,9592
-0.165,9265
-0.124,7013
-0.433,10612
0.414,905
0.0906,3604
-0.159,9538
-0.382,10721
-0.33,7622
0.123,3100
0.0014,5117
0.325,267
0.147,2370
0.099,2238
-0.011,5821
-0.0995,6533
-0.0197,6420
0.0155,4592
-0.016,5272
-0.3,9856
-0.0151,6281
1.14,526
0.137,1120
-0.08,8442
-0.289,10103
-0.184,9228
-0.485,10292
0.036,4635
0.158,1452
-0.0873,7933
-0.0477,6591
-0.0951,7744
-0.423,10050
0.0418,4351
-0.101,8172
-0.0826,8378
-0.133,8563
0.364,873
-0.1,6170
-0.1,7500
0.0355,3797
-0.119,8841
-0.0555,7574
-0.121,6986
0.385,1198
0.074,3582
0.0222,4547
-0.0249,6783
-0.106,7722
0.125,3854
-0.0218,5900
0.0584,4219
-0.146,7890
-0.141,8078
0.0201,4889
-0.0611,7070
-0.271,9257
-0.0841,6726
-0.0852,8247
-0.231,8697
-0.206,8882
-0.0238,6378
0.6,588
0.275,1952
0.0477,3359
-0.0223,5670
0.112,2918
-0.131,7910
-0.0275,5872
-0.257,9004
-0.136,8746
-0.142,8695
0.194,1540
-0.296,9126
1.67,835
0.00179,5193
-0.0126,5759
-0.0861,6810
-0.185,9489
0.192,1532
-0.167,8720
-0.256,10647
-0.0854,7292
0.12,2159
0.08,3132
0.226,3237
0.415,519
-0.337,10447
-0.235,10115
-0.0586,8216
-0.0865,6781
-0.246,9202
0.097,2420
0.134,3017
-0.0155,6308
0.0334,3928
-0.0442,5861
-0.0162,6174
-0.271,10241
-0.156,7968
-0.166,8971
-0.331,10787
0.0237,4885
-0.136,7378
0.212,2137
0.0577,4318
-0.243,10347
-0.165,10342
-0.461,10678
-0.254,9831
-0.09,6830
0.108,3693
0.0661,3354
0.0575,3390
-0.14,7504
0.327,121
0.208,1768
-0.0496,6145
-0.0694,7091
-0.037,6649
0.0913,3336
0.0106,5052
-0.153,7020
0.165,1582
0.155,1577
0.03,4195
0.0489,4299
-0.282,9640
-0.19,8009
-0.167,9504
0.121,1822
0.0575,2853
0.0488,4409
-0.254,9105
0.563,1552
0.358,2730
0.0751,3355
-0.0221,6373
-0.1,6890
-0.0328,6334
-0.0499,6715
0.377,1617
0.0513,3898
-0.0307,6432
0.0226,4832
-0.0935,6665
0.00898,5318
-0.145,7210
-0.00777,5687
0.192,1553
-0.632,10680
0.0402,4196
-0.00808,5371
-0.191,8363
-0.000958,5429
0.00501,4988
-0.0295,6252
0.169,2112
-0.304,9024
-0.237,9977
0.148,715
0.237,3140
-0.00719,5643
0.106,3442
-0.217,8323
0.0612,4147
-0.134,9371
-0.151,10116
-0.148,8369
-0.0193,5787
-0.382,10767
0.325,3061
-0.0704,6462
0.445,316
0.0141,4874
-0.0212,5733
-0.292,9528
0.205,1036
-0.149,9343
-0.15,8260
-0.102,8762
-0.175,9221
0.221,1110
0.142,3119
-0.0557,7005
-0.544,10714
0.212,1494
0.0838,3767
-0.275,10681
0.00217,5050
0.254,272
0.131,3041
0.0103,5165
-0.404,9962
0.122,781
-0.186,9454
0.16,1410
0.04,4361
-0.0774,6839
0.184,1906
-0.166,9121
-0.129,8674
0.554,291
-0.169,8624
-0.385,10673
0.0565,3948
-0.154,9488
0.052,4116
0.0299,4067
0.118,3068
-0.0708,6664
-0.0249,5916
-0.0519,6930
-0.149,10106
0.0903,2338
0.017,5039
0.225,1350
-0.134,7180
0.0991,2674
0.0734,3273
0.121,2092
-0.0119,5513
-0.267,10497
-0.147,7435
0.0618,4138
0.0122,4745
0.02,4701
0.075,2884
0.439,96
0.575,1249
0.47,1366
-0.0418,7429
-0.0267,6800
0.0649,4394
-0.00056,5153
0.298,2403
0.0417,4005
0.0312,4342
0.0554,3218
-0.111,7556
-0.0918,7072
-0.000195,5276
-0.0731,8670
0.146,852
-0.276,10701
0.0678,3540
-0.103,8622
-0.181,9637
0.181,1040
0.166,2052
-0.0906,7985
0.148,3001
-0.0242,5834
0.049,4403
0.319,1305
-0.0863,7270
0.107,3046
-0.187,9547
-0.382,9268
0.357,2510
-0.0967,7555
0.166,1513
-0.289,9349
0.399,2046
-0.075,8884
0.34,163
-0.0546,6654
-0.151,9954
0.0497,3676
0.0978,3090
-0.107,8142
-0.0909,7012
-0.0731,7126
-0.153,9158
-0.137,8029
-0.0847,6800
-0.158,8709
-0.16,7718
-0.00364,5160
0.092,3721
-0.105,7515
-0.106,8297
1.18,169
0.0428,4387
0.568,324
0.127,2079
-0.16,9711
-0.108,7125
-0.00224,5583
-0.114,6927
0.0534,3155
-0.059,7083
-0.155,10748
-0.199,8101
-0.387,10622
0.28,12
-0.0658,6514
0.195,807
-0.0616,6897
0.293,1190
0.14,2338
0.191,2876
-0.0155,5347
-0.043,6617
0.0893,2450
-0.0659,7278
-0.0123,6034
-0.0254,6356
-0.308,10956
0.277,2047
0.217,805
0.0325,4361
-0.0283,5905
-0.0508,6362
0.00135,5118
-0.184,8289
0.051,3928
0.12,3370
0.11,4177
0.0946,2162
0.0941,3181
-0.237,9723
0.194,954
0.171,754
-0.243,10494
-0.227,10098
0.0975,3069
-0.172,8830
0.118,3286
-0.0884,7661
-0.0139,5438
-0.186,9456
0.249,1748
0.288,397
0.0389,3655
-0.198,10329
0.0595,3638
-0.0105,5449
-0.15,7858
0.08,3851
-0.223,10014
0.019,4702
0.0809,2648
0.556,1060
-0.0605,6553
0.217,1581
0.0151,4848
0.00779,5176
-0.195,8904
-0.196,9343
0.0704,3529
-0.0802,6741
0.178,974
0.0564,3625
0.0322,4191
0.135,1923
0.253,1471
0.0217,4754
-0.124,7547
-0.0135,5586
-0.0736,7883
-0.0329,5611
-0.119,8892
0.0864,2872
0.0522,4054
-0.0663,8490
0.127,1981
-0.611,10957
0.372,1352
0.0619,4084
0.177,754
-0.0635,8730
0.0578,3327
-0.26,10059
-0.521,10890
-0.0992,8300
0.266,1282
-0.112,7443
-0.123,8458
0.71,1309
0.136,3670
0.13,3735
0.0064,5001
2.13,40
0.028,4311
-0.271,9634
0.0101,4721
-0.461,6627
-0.321,9142
0.257,559
0.0477,2946
-0.143,8175
-0.00255,5207
0.145,1743
0.429,460
0.174,1511
-0.149,9517
0.147,2946
0.0654,3661
-0.155,7213
0.117,1773
-0.0278,6273
-0.201,10147
-0.127,7112
0.417,1450
-0.0422,6009
-0.0795,8710
0.511,273
0.0622,3112
-0.0219,4482
-0.066,6635
-0.0256,5836
0.144,2081
-0.0168,5846
-0.268,10264
0.0536,3830
0.0854,3073
0.198,2326
0.94,520
-0.0986,7906
-0.00193,5619
0.0597,3622
-0.442,10761
0.0931,3709
0.0903,3970
-0.0376,6849
-0.0572,6756
0.263,1414
-0.315,8767
-0.12,8423
0.871,29
-0.232,9902
0.0351,4165
-0.173,9042
-0.0567,6463
-0.0455,6916
-0.372,9040
-0.0755,7952
-0.0237,5984
0.332,1076
-0.0617,6777
0.15,2961
-0.0774,6924
-0.0171,5553
0.221,2156
-0.0305,6063
0.00141,5125
-0.0039,5279
-0.452,9521
0.129,3203
-0.228,10610
0.359,300
0.364,309
0.274,991
0.00795,4999
0.336,50
0.00958,4427
-0.0287,5878
-0.162,8204
-0.266,7807
0.322,1052
0.203,923
-0.0606,7990
-0.0441,6470
0.0803,4159
0.452,481
-0.101,7201
-0.105,7270
-0.0781,6179
-0.18,10084
-0.187,9028
0.875,531
0.171,856
0.0121,4809
-0.161,9542
-0.227,9842
-0.0437,6579
0.142,2246
0.0643,3846
0.0918,3213
0.125,1542
0.536,273
-0.112,7701
0.0841,3900
-0.175,8591
-0.15,10311
-0.101,9038
0.534,258
0.189,2000
0.775,799
-0.483,10793
-0.119,8420
0.391,55
-0.036,5809
0.0363,4468
-0.136,6946
0.0748,3739
-0.0656,8592
-0.0453,6858
0.131,2639
-0.0402,6244
-0.156,9174
0.205,1504
0.139,2301
0.0649,3316
-0.18,10012
0.417,1941
-0.372,9713
-0.119,7720
0.293,289
-0.0465,6462
-0.108,8660
-0.258,9898
-0.19,9682
-0.208,9360
0.0352,4118
0.175,968
-0.0834,7522
-0.0493,6619
-0.00704,5373
0.199,1926
0.159,356
0.0528,4101
-0.172,8076
0.215,1741
0.528,468
0.0928,4220
0.0987,2827
0.243,898
-0.252,10120
-0.118,8215
0.0511,4233
0.328,498
0.246,244
0.0991,2252
-0.0995,7998
0.0183,4637
-0.191,8759
0.134,2114
0.00321,5182
0.0724,3274
0.276,886
-0.0862,7864
0.0498,3766
0.178,2076
0.558,162
-0.0307,6947
-0.0209,5770
-0.0524,6079
-0.231,10271
0.108,3275
0.21,254
-0.0361,6908
-0.118,8258
0.0892,3464
0.189,2810
0.117,3577
0.0415,4142
0.122,1991
-0.176,10314
-0.137,9099
0.0473,4245
-0.139,8251
-0.0427,7069
-0.0993,9224
-0.158,9184
-0.201,8553
-0.283,10001
0.0387,4283
0.00371,5372
-0.0711,7155
-0.208,9490
-0.0432,5622
0.0159,4895
0.715,1016
-0.227,9606
-0.0497,6524
0.102,3200
0.0758,3616
0.0547,4404
0.0696,3876
-0.118,8835
0.0905,1850
-0.231,10036
-0.0955,7479
0.205,1602
-0.175,5825
0.0184,4944
-0.0212,5640
-0.613,10805
0.177,2767
0.0351,4342
0.2,944
0.849,16
-0.161,9437
0.243,964
-0.0255,6214
0.0681,3713
-0.329,9759
0.161,1444
0.0335,4347
0.0962,3794
0.0211,4400
0.396,1176
-0.326,9471
0.128,2020
0.0438,2802
0.335,1581
-0.155,8662
0.0401,4016
-0.0771,8424
0.0663,2809
-0.013,5892
0.12,2655
0.187,1679
0.305,1539
0.00185,5357
0.00916,4991
-0.12,8541
0.427,720
-0.0264,5440
0.123,3144
-0.0811,6046
-0.155,10675
-0.0912,8149
-0.114,8575
0.0573,4259
-0.179,8736
-0.111,9106
0.142,843
-0.0415,7164
0.147,2912
0.0153,4991
0.406,1076
0.0771,4059
-0.215,9212
-0.0102,6320
0.0777,4290
0.123,2492
-0.345,8404
0.228,351
0.00682,5173
-0.166,9481
-0.12,7998
0.0315,4668
-0.073,6760
-0.0723,7896
-0.0211,6686
-0.0296,6391
-0.285,9660
-0.217,5958
-0.183,7408
-0.0428,6059
0.241,681
0.0361,4180
0.00904,4997
0.151,2848
-0.00104,5257
0.456,794
-0.143,10323
0.00732,4903
-0.0202,5797
0.704,30
-0.0191,5758
-0.277,10817
-0.189,6539
-0.108,8455
0.00852,5172
-0.0472,6656
-0.333,10209
0.0257,4726
-0.00902,5721
-0.0574,6877
-0.307,9413
0.0784,4280
0.474,451
0.357,1774
0.029,4413
0.0729,2606
0.194,3807
-0.654,8438
0.514,1760
-0.0409,5435
-0.597,8957
0.118,2063
0.207,2142
-0.143,8017
-0.111,6782
-0.183,8583
-0.145,9502
0.24,1087
0.332,2893
-0.524,10200
0.568,2047
0.201,2702
0.0362,4122
0.00548,5373
0.258,3418
-0.81,10529
-0.0659,6130
0.0483,4408
-0.000344,5193
0.0518,3994
0.00326,5039
0.232,2360
0.172,745
0.465,485
0.279,655
-0.403,10885
-0.0625,4754
0.722,722
0.113,3432
0.337,1333
-0.177,9599
-0.0815,7579
-0.172,6853
-0.018,5765
0.0148,5057
0.836,647
0.325,717
0.025,4731
-0.453,10216
-0.32,10568
-0.174,7494
-0.217,7017
-0.0933,8674
-0.0173,5704
0.129,2990
0.171,930
0.311,1497
-0.331,10503
0.0255,4499
-0.0358,6664
0.17,2402
-0.00994,5222
0.258,495
0.414,358
0.232,1045
0.449,899
-0.0432,6763
0.0571,3314
-0.0521,7965
0.0759,3838
0.392,165
0.0487,4121
-0.146,9220
0.0335,3844
-0.00314,5225
1.11,239
0.367,2648
-0.363,9282
0.137,3554
0.0331,4722
-0.082,7477
0.0652,3982
-0.159,7460
0.00223,5300
0.00261,5315
0.075,2199
-0.0101,5641
0.134,2663
-0.011,5828
-0.251,9095
0.0193,4592
0.151,1762
0.729,202
0.0191,4808
0.00257,5733
0.189,2297
-0.019,6268
0.0672,2273
0.0238,4477
-0.202,9357
-0.0456,6843
-0.126,8530
-0.25,10664
0.165,1892
0.112,1269
0.181,2088
-0.167,9863
0.0123,4728
0.172,130
-0.0276,6183
0.025,4402
-0.112,8524
-0.383,10293
0.461,101
-0.147,10572
-0.0186,7537
0.0721,3594
-0.22,8997
-0.191,10447
0.0131,4961
0.366,442
-0.0732,7418
0.0787,3722
0.063,4334
-0.17,8842
0.257,1037
0.158,1719
-0.366,10037
0.0111,4922
-0.179,7608
-0.0116,5290
0.154,2560
0.11,1289
0.236,640
-0.164,8777
-0.159,8793
-0.319,10342
-0.26,9397
0.0755,3605
-0.185,9934
0.199,409
0.0351,4657
-0.0472,6362
0.0962,2350
-0.338,10524
-0.0944,7798
-0.211,9424
0.00162,5351
-0.0111,5565
0.404,1710
0.102,1891
-0.021,6224
-0.0951,8872
-0.224,10308
0.544,1101
0.0217,4625
-0.114,10223
0.206,1555
-0.0176,5621
-0.102,6738
-0.0249,5997
0.149,2168
0.162,2333
-0.0553,7432
0.236,789
-0.266,9718
0.261,2247
-0.344,8764
-0.0771,7684
-0.0712,8513
-0.358,9623
-0.26,8562
-0.347,8307
1.6,32
0.183,2050
-0.373,10210
0.0889,3532
0.0141,4939
-0.0543,5826
0.041,3639
0.13,1753
-0.0467,7020
0.0498,4066
0.177,988
0.781,883
-0.174,7001
0.0467,2775
-0.232,9253
-0.124,9698
0.563,9
-0.252,9473
-0.22,9425
-0.141,10261
-0.026,5973
-0.0775,7444
0.07,3649
-0.0259,5776
-0.0492,6902
0.12,1946
0.137,918
0.0276,4616
0.12,3263
-0.169,7267
-0.234,9848
0.0713,2505
-0.217,8519
0.0164,5117
-0.0357,6865
-0.348,10098
-0.288,7297
0.199,582
-0.0396,7258
-0.011,5649
0.379,436
-0.139,10332
0.237,1140
-0.11,9319
-0.186,9983
-0.0408,5342
0.374,740
0.263,1388
0.243,1004
-0.322,10244
0.0336,3418
-0.0867,7594
0.0252,4520
-0.12,8186
-0.424,10645
-0.0384,6361
0.0815,2897
0.0146,5090
-0.0379,6416
-0.169,8727
-0.0371,5754
0.144,1386
-0.0732,7643
-0.0425,6739
0.0372,4473
-0.185,8300
0.176,1308
0.119,2122
-0.0892,7170
-0.278,9839
-0.123,9973
-0.0695,6766
-0.129,7203
0.00628,4918
-0.146,9023
0.178,2111
-0.0765,7478
-0.352,9942
-0.197,9646
0.0499,4088
-0.121,7869
0.236,957
-0.167,8013
-0.184,7210
-0.322,9795
0.0359,3873
-0.00782,5609
-0.168,8737
0.241,1905
-0.484,7726
0.0251,4197
-0.0362,6440
-0.166,9519
-0.223,9695
0.0363,4530
-0.0531,7038
-0.157,8004
-0.11,8953
-0.0939,7464
0.0898,3983
0.153,2390
-0.0509,7498
0.0312,4486
0.0288,4591
0.264,84
0.0518,3637
-0.215,10398
-0.00792,5191
-0.368,10806
0.0455,3429
-0.14,7627
-0.0238,5859
-0.0799,6686
-0.00558,5281
0.0197,4989
0.0257,4491
0.0465,3160
-0.283,10196
0.213,876
-0.114,8031
0.118,2525
0.285,830
0.00629,5028
-0.215,6197
0.0161,4786
0.382,2556
-0.149,8134
0.0928,3769
-0.442,6951
-0.112,8101
-0.0198,5723
-0.168,9167
-0.0804,8333
0.0104,5114
-0.0299,5773
-0.0307,6217
-0.257,9990
0.03,4371
-0.0421,7099
0.0762,3483
0.0193,4791
-0.426,10301
0.123,2966
0.165,1540
0.417,528
-0.099,7719
-0.0186,6122
-0.0964,8192
-0.163,8386
-0.087,9175
-0.0103,5900
-0.192,10263
0.0236,4371
0.333,220
0.697,1589
-0.0441,6759
-0.271,10714
0.246,1477
-0.108,7993
0.0718,3816
-0.0936,6429
0.0424,4515
0.136,1214
0.494,119
0.0679,4069
0.116,2846
0.349,230
0.0633,3794
-0.0244,5385
0.0204,5099
0.427,797
0.0242,4781
0.0383,3658
0.133,1346
-0.144,7464
-0.341,9744
-0.282,9580
-0.293,9399
0.194,855
0.201,1956
0.183,1242
0.279,733
0.126,3682
0.00472,5157
-0.0754,7354
0.0252,4751
0.105,2937
-0.123,8578
0.371,428
0.0449,4023
0.0675,2879
-0.0964,8376
-0.0585,7021
-0.116,6925
0.316,1010
-0.212,9214
-0.0539,8068
0.309,899
0.0779,1742
-0.0979,6993
-0.25,9776
-0.123,9260
-0.0134,5236
0.0472,4034
0.233,1348
-0.174,9777
0.332,769
0.136,1743
0.117,1605
-0.000402,5027
-0.0957,7824
-0.254,8303
-0.0904,7915
-0.0311,6984
-0.0633,7574
0.246,1228
-0.0146,5334
-0.179,8798
-0.121,9045
-0.0109,5777
-0.0167,6208
-0.22,8732
0.0718,3878
0.232,1924
-0.379,10022
-0.215,10822
-0.224,10480
-0.238,9191
-0.108,7243
0.00298,5288
-0.0158,5638
-0.18,9464
0.0594,3676
-0.287,10702
0.271,845
0.329,882
0.0961,1230
-0.0148,5557
0.0732,3392
-0.132,6610
-0.176,7975
0.254,2259
0.281,347
0.0522,3567
-0.0414,6032
0.0836,3708
0.626,305
0.381,2165
-0.134,9082
-0.0398,6575
0.0352,4333
-0.236,9506
-0.013,5436
-0.479,10530
0.0895,2091
0.107,1550
0.889,827
0.245,2383
-0.106,7594
-0.0831,7304
0.123,1033
-0.131,8967
-0.257,9881
0.1,3698
-0.0257,6181
-0.252,8479
-0.072,8315
0.14,1353
-0.0308,6699
0.179,1637
0.127,2311
0.119,3095
-0.00992,5717
-0.0344,6797
-0.179,10347
0.111,3463
0.111,3058
-0.0276,5433
0.0305,4567
0.105,3492
0.0336,4461
0.165,1322
-0.0576,6229
0.0116,5085
0.142,2237
-0.0616,8344
0.0319,4182
0.265,295
0.253,1550
-0.107,7490
-0.334,10212
-0.15,10151
-0.0862,8260
0.0499,4039
0.135,1795
0.0428,4483
-0.151,9174
0.0699,2858
0.216,2622
-0.65,10799
0.119,3729
0.37,2008
0.0552,4121
0.0531,3301
-0.105,7989
0.231,1674
-0.159,7296
-0.573,10844
-0.0944,8443
0.0791,3260
0.166,541
-0.293,9399
0.0923,3334
-0.151,8797
0.0896,1902
-0.0483,7751
-0.112,7495
0.00898,5247
-0.246,7918
0.00547,4845
-0.119,8937
-0.196,8515
0.0348,4504
0.0667,4309
-0.0742,6630
-0.172,9990
0.118,1808
-0.561,10721
0.134,2027
0.162,1274
0.0245,4813
-0.186,9314
-0.14,8841
0.0207,4904
0.00553,5137
0.369,2050
-0.22,8561
0.277,387
-0.0673,6939
0.0455,2960
-0.357,10142
-0.0735,7578
-0.0545,6474
-0.0102,5773
0.282,542
-0.0546,7229
0.0445,4010
0.0847,2346
-0.0989,6981
0.187,1446
-0.284,10846
-0.0255,7123
-0.414,10384
-0.0192,5818
0.148,2244
0.16,2576
0.0273,4327
-0.167,9316
0.00385,5269
-0.127,7335
0.408,184
0.0186,4697
0.037,4148
0.176,1192
0.231,1806
-0.108,7456
0.0199,4549
-0.0891,6953
-0.191,8480
-0.183,10178
-0.0725,5934
0.419,124
-0.122,7775
-0.016,5272
0.149,1796
0.0485,2600
0.00169,5331
0.0275,4595
0.17,1812
-0.232,10409
0.0305,4459
0.47,323
0.00166,4993
0.0618,3821
-0.111,7332
0.0926,2683
-0.0524,7477
-0.122,8747
-0.119,9242
-0.0211,5915
1.38,174
0.452,1949
0.124,647
0.0894,2905
0.186,1847
-0.0942,7648
0.0799,3740
0.672,8
0.271,1150
-0.129,8468
0.269,723
0.347,1457
-0.14,7736
-0.112,8704
-0.102,8133
-0.133,10272
0.121,2099
0.0866,2833
0.173,2092
-0.166,8297
0.132,2092
-0.164,8991
0.0986,3303
-0.152,9572
0.0463,4554
-0.0247,6191
0.047,3810
0.162,1656
0.202,1107
0.0563,3753
-0.00747,5388
-0.0832,6792
0.006,5153
-0.0441,8405
0.069,3680
0.0772,3416
0.127,3560
-0.204,9128
-0.305,10082
0.0902,1785
0.108,3069
0.0946,1796
-0.133,8913
-0.121,10567
0.0671,3784
-0.074,8407
-0.175,9422
0.178,1019
0.452,1145
0.234,1954
-0.0893,8342
0.359,265
-0.241,9316
-0.184,10163
-0.108,6121
-0.284,10572
-0.139,8862
-0.212,9409
-0.381,10523
0.402,437
-0.168,8813
0.163,2691
-0.106,7459
-0.0832,8343
0.142,1479
0.182,3416
0.12,2913
0.0433,3799
0.118,2138
-0.0838,9046
-0.364,10962
-0.295,10736
-0.297,9745
2.04,193
0.0355,4400
-0.117,9580
-0.146,9201
-0.572,10808
0.191,1930
0.11,3416
0.0607,3485
0.204,1358
-0.253,10718
-0.108,7661
0.122,3204
-0.022,5516
-0.0258,7351
-0.0304,6646
0.0257,4648
-0.128,7465
-0.0658,7008
0.307,1773
-0.0919,8062
-0.039,6225
0.197,666
0.0791,3172
-0.4,10603
0.332,639
-0.104,7638
-0.146,8307
0.216,2171
0.141,2298
0.308,1156
0.0931,2147
-0.07,7336
-0.00413,5414
-0.143,9783
-0.131,9776
-0.268,10653
-0.137,7890
0.0832,3168
-0.0862,8134
-0.0191,5771
-0.104,9018
-0.0624,6682
-0.149,7343
-0.0424,8493
0.196,667
-0.129,7300
0.0165,4723
-0.117,8684
-0.247,8889
-0.0253,6091
0.157,1321
-0.0999,7564
0.173,2481
-0.0517,6750
0.0317,4444
0.0288,4161
-0.0612,7909
-0.00375,5427
-0.227,7421
0.123,2412
0.00732,4719
0.97,7
-0.124,10024
0.259,27
-0.018,5888
-0.0422,6467
1.59,1069
0.0179,4629
0.0518,4101
-0.0101,5494
-0.119,7801
0.19,1851
-0.0741,6478
0.0124,4760
0.12,514
-0.024,5976
0.296,879
-0.111,8248
-0.144,8148
0.205,626
-0.0354,6064
-0.052,6863
-0.0831,6803
-0.131,8121
-0.169,10132
-0.108,8238
0.231,767
-0.119,8289
0.203,1556
-0.56,10433
-0.0401,6814
0.254,2040
0.196,3467
-0.0466,8327
0.0661,3047
-0.0352,6011
-0.0866,7054
0.185,1237
0.425,1652
-0.125,8817
0.0098,4840
0.137,1891
0.0112,4919
0.0844,2788
-0.156,7099
-0.0382,6811
0.0904,2218
-0.0724,6715
0.14,2132
-0.0866,7394
0.0295,4923
-0.0837,7392
0.0439,3401
-0.398,10292
0.206,1535
0.133,2543
-0.305,9158
-0.0258,7623
-0.0843,7390
0.132,2475
0.083,3543
-0.142,9854
-0.0321,6327
0.0404,4525
0.0407,3778
-0.211,8190
0.117,1922
0.0439,4568
0.036,4752
0.265,547
-0.0686,7444
0.206,787
0.0628,4368
-0.259,9597
-0.12,8550
0.306,1058
-0.137,9589
-0.0512,6198
-0.224,8809
-0.0209,5699
0.00497,5026
-0.268,10313
0.0279,4476
0.0305,4574
-0.0312,5837
-0.163,9469
0.041,4347
0.124,1370
-0.0401,6417
0.242,1750
0.0258,4487
-0.153,8101
-0.0222,5650
0.0234,4344
-0.0736,7821
0.429,279
0.178,2514
-0.387,9711
-0.54,9619
-0.0696,7521
0.0275,4354
0.0824,2862
0.0473,4559
0.206,1525
-0.0488,6735
0.0217,4531
-0.129,8590
0.0549,4111
-0.0158,5416
-0.15,9165
-0.0967,8681
-0.00848,5503
-0.134,7136
0.0754,3337
-0.0545,6777
-0.173,8728
-0.131,9373
-0.0523,7923
-0.08,8203
-0.468,10753
-0.113,8016
0.078,3605
0.175,1102
0.118,2364
-0.000201,5473
0.291,1857
-0.0257,5476
-0.0533,6459
-0.477,6987
0.161,1517
0.0528,3085
0.135,2385
0.335,552
-0.00398,5312
-0.127,7336
-0.106,8983
-0.0916,8618
-0.156,8925
0.0055,5442
0.129,2689
0.202,1261
0.0576,2275
0.0688,3047
0.305,1652
0.103,1634
-0.152,7305
-0.0417,7052
0.065,2744
-0.0463,7229
-0.0918,7708
-0.0706,8776
-0.0623,6487
-0.0922,8678
0.172,579
0.0386,4324
0.0135,5012
0.0374,4417
-0.048,6736
-0.38,8226
-0.0219,5567
0.345,1050
-0.148,8873
-0.21,7048
-0.655,10646
-0.0305,6074
0.267,1769
-0.0649,6965
-0.0858,7353
-0.176,9745
-0.2,10198
0.105,2829
0.382,150
-0.0122,5727
-0.481,10191
0.381,1518
-0.367,10126
-0.0224,5688
0.0764,2820
0.534,361
-0.0396,6147
-0.107,9693
-0.287,10707
-0.247,8801
-0.0447,8242
-0.0848,8400
-0.182,8757
-0.0465,6765
0.622,64
0.387,1260
-0.234,10394
0.102,2742
0.386,540
0.402,2096
-0.0758,6803
0.127,2799
0.0859,2639
-0.00104,5532
-0.0161,5737
0.0731,3643
-0.41,9024
0.0133,4999
-0.0802,7252
0.453,259
-0.127,8810
0.022,4808
-0.0462,6781
0.164,1465
-0.0745,8087
0.0175,4762
0.0714,3797
0.0371,4362
-0.154,9451
-0.365,9828
0.0251,4596
0.312,740
-0.15,8338
-0.0879,8091
-0.0633,6340
0.143,2177
0.0314,3752
-0.0433,7004
-0.0322,6048
-0.016,5543
0.181,3296
0.193,509
-0.189,10120
0.025,3759
-0.187,8384
-0.0297,5922
-0.694,10997
-0.275,10072
-0.061,7745
0.0417,4058
0.00814,4863
0.172,1695
0.129,1353
-0.000811,5408
-0.0158,6226
-0.149,8809
0.139,2662
0.0261,4759
-0.3,8049
0.0429,4481
0.0136,4958
0.152,1114
-0.115,8623
0.127,2994
-0.216,9737
0.225,2736
0.343,339
0.0125,5002
0.11,2245
0.219,814
0.0257,4412
1.02,24
0.162,1099
0.0358,4069
0.289,2514
0.975,150
-0.329,8560
0.0392,4662
0.0357,4060
-0.031,6129
-0.0442,6351
-0.0501,6684
0.57,242
0.0412,3967
-0.142,10193
-0.187,9915
-0.0403,6241
-0.165,10012
0.183,948
-0.391,7121
-0.114,8090
-0.146,9597
-0.12,9421
0.117,1259
-0.516,11026
-0.135,8894
0.0699,3613
0.113,2077
0.163,2114
0.0668,3538
-0.0778,6979
-0.13,9560
0.291,78
0.00121,5406
-0.197,10169
0.55,672
0.138,1793
0.0579,4161
0.0926,2073
-0.0565,7307
0.223,1965
0.00622,5231
-0.0256,6421
-0.162,7682
0.0916,1376
-0.062,7471
0.0688,3332
0.0593,4528
-0.0747,6119
-0.0305,5503
0.289,102
0.0486,4302
-0.211,8683
0.113,3502
0.583,277
-0.0415,6156
-0.0519,6755
0.00864,4861
0.433,2386
-0.0911,7878
0.261,1615
0.248,2086
-0.242,10742
0.274,881
0.235,1579
-0.148,7383
0.36,1265
0.103,3236
0.138,2040
-0.231,10435
-0.00889,5465
-0.209,10248
-0.188,8569
-0.236,10816
0.086,2337
-0.0708,8701
-0.0424,6393
0.1,3297
0.286,500
0.286,304
0.104,2464
0.157,1170
-0.0131,5424
-0.148,8130
-0.119,5915
0.0299,4474
0.00908,5050
-0.0531,7372
0.496,358
0.0644,3547
-0.249,5590
0.0937,1573
0.0359,4098
0.132,1063
-0.0361,6214
-0.0489,6546
-0.33,8453
-0.146,7136
0.0614,3026
0.186,2115
-0.41,9873
-0.124,8255
0.376,1013
0.291,422
0.123,3137
0.0737,2960
-0.23,10612
-0.357,9401
0.036,4056
0.276,1200
0.22,497
0.0441,3676
-0.221,7892
0.372,1547
-0.223,6973
0.132,2546
0.0144,4872
-0.159,9093
0.108,3674
0.0998,3474
-0.201,7740
-0.0528,6832
0.0875,2216
-0.19,9327
-0.199,9962
-0.155,9257
-0.1,7365
0.000904,5519
-0.167,8333
0.0403,3834
0.0366,4283
-0.109,7823
0.01,5008
-0.233,8473
-0.157,10008
0.04,4191
0.242,809
0.0915,2850
0.00947,5026
-0.0322,6147
-0.108,8386
0.0414,3481
0.161,2073
0.236,1569
0.187,1971
0.0637,3697
-0.0223,6101
0.0443,3669
-0.106,8093
-0.147,10297
-0.18,6986
-0.614,10710
-0.0926,7523
0.116,2857
-0.00792,6990
0.0288,4601
-0.0911,7587
0.0427,4038
0.436,2164
0.0372,4238
-0.0339,6419
-0.169,8591
-0.0409,6069
0.128,2264
-0.138,7733
-0.0662,7880
-0.00785,5463
-0.0727,7658
-0.659,10976
0.429,246
-0.606,9470
-0.105,8073
-0.199,10214
-0.193,9891
0.19,1037
0.112,2323
0.239,1260
-0.0178,5904
0.18,1589
-0.0758,6067
0.459,233
-0.152,7390
0.653,520
-0.185,10454
-0.0906,8244
-0.171,10094
-0.0173,5557
-0.451,10027
-0.0915,8016
-0.05,6731
0.0467,4160
-0.0681,6072
-0.264,10877
-0.263,9995
-0.0507,6928
-0.193,8831
0.0131,4777
-0.197,8659
0.163,1742
-0.031,6091
-0.109,7467
0.0656,3111
-0.137,9817
-0.124,7754
0.109,2908
-0.338,8730
0.233,1422
-0.0173,5864
-0.11,9065
0.175,2125
-0.383,10091
-0.221,8651
-0.137,7560
-0.0108,5598
0.089,3488
-0.424,10377
0.0217,4388
0.0882,3538
0.275,1465
0.216,925
-0.173,9864
0.00191,5078
0.107,3234
-0.128,8153
-0.171,8778
0.113,3219
-0.0306,6425
-0.37,10603
-0.0206,5819
0.831,362
-0.0619,6220
0.114,2389
0.112,1780
0.172,1491
0.225,2308
-0.0885,8846
0.311,1300
-0.121,8849
0.00103,5809
0.00448,5440
-0.0311,5424
0.125,3607
-0.0238,6367
-0.177,9194
-0.0735,8299
-0.0248,5684
0.278,1617
-0.255,7580
-0.178,8100
0.00651,4843
-0.0131,5469
-0.248,10041
-0.364,10260
-0.144,8364
-0.195,6673
-0.0509,6655
0.137,2185
0.21,2113
-0.167,9421
0.274,1540
0.311,1039
0.0635,3429
0.152,1527
0.0305,4679
-0.0193,5752
-0.102,8795
0.19,1494
-0.0959,7045
0.00172,5460
0.0651,3934
0.0927,2849
-0.254,10492
0.0495,4493
0.0331,3877
-0.0864,10029
0.0799,3282
-0.109,8460
0.0795,4100
0.201,1085
-0.133,9220
-0.397,10909
-0.0606,6232
0.0496,3981
0.0467,4324
-0.0411,8004
0.312,450
-0.357,10844
0.0886,2618
0.126,2684
-0.041,5796
-0.206,9428
0.178,1202
0.181,1488
-0.177,8736
-0.173,9622
0.321,915
-0.173,6962
-0.0227,6595
0.00509,4962
0.234,1653
0.0801,2420
-0.344,8562
0.0498,3611
0.414,537
0.103,2776
-0.00195,5216
0.0247,4604
-0.0606,5951
-0.311,8879
-0.265,9788
-0.0639,6955
-0.246,8847
-0.000352,5314
-0.113,6914
-0.357,9866
0.056,2616
0.103,1717
-0.0511,7161
0.188,1306
0.124,1592
0.227,1303
-0.166,9714
-0.0944,8011
-0.145,8111
0.227,1986
0.0117,4777
-0.25,10058
0.101,2026
0.0525,3712
0.147,2516
-0.123,7091
0.494,1369
0.0467,3955
-0.271,10771
0.246,1626
0.214,1303
0.61,1072
-0.696,10362
-0.285,10215
-0.121,8016
-0.197,9347
-0.319,9131
-0.0345,5494
-0.0144,5804
-0.0788,8303
-0.126,8650
-0.124,7215
0.441,252
-0.118,7725
-0.204,10256
-0.175,9939
0.00652,4991
-0.108,7540
-0.0896,7545
-0.0914,7204
-0.266,8964
0.111,1931
0.138,1155
0.0323,4172
0.0993,3298
-0.185,8372
0.231,1211
-0.124,8413
0.00175,5094
-0.234,7751
0.0324,4555
0.36,1058
-0.0125,5613
-0.302,11009
-0.0244,6123
-0.187,10321
0.098,3406
-0.0749,7090
-0.108,6970
-0.0852,9414
0.055,3410
-0.302,10471
0.0323,4470
-0.103,8308
-0.0421,6325
-0.158,10344
-0.0232,6060
-0.0131,5625
-0.0268,5878
0.00161,5245
-0.184,8368
-0.183,10444
0.0481,3161
-0.00824,5510
-0.0425,5846
-0.0318,5900
0.155,2809
0.0986,1489
-0.0129,5907
-0.1,7970
0.144,2461
-0.266,10265
0.0127,5184
-0.0643,7541
-0.00491,5358
-0.0479,6347
-0.174,9462
-0.0382,6264
-0.0357,6091
0.379,50
-0.0795,7983
0.0871,3804
0.109,2788
0.35,908
0.19,1922
-0.111,8684
-0.054,8806
0.217,1043
-0.0764,6537
-0.193,9189
0.11,3020
-0.0546,7592
0.111,3086
-0.25,10625
0.156,2361
-0.0717,8622
0.179,2011
-0.193,10337
-0.000185,5367
0.0912,3054
-0.181,10345
-0.331,10110
-0.348,7778
-0.0388,7272
0.156,1634
-0.32,10211
0.0197,5028
-0.076,5795
-0.147,6637
-0.12,7638
-0.053,7229
0.0423,4588
0.119,2586
-0.253,7604
-0.145,6469
0.0672,3891
-0.00984,5736
0.186,1130
0.316,520
0.13,3049
0.391,147
0.0919,2563
0.109,3224
-0.216,9488
-0.00187,4832
0.289,1684
0.519,341
0.226,887
-0.312,10404
0.0545,3898
0.192,1986
0.133,2497
0.0176,4714
0.0674,2017
0.338,237
0.00582,5080
-0.139,7672
0.0638,3429
-0.318,7030
0.0332,4384
-0.368,10813
0.00674,5113
0.598,390
-0.136,7362
-0.215,10261
-0.16,9799
0.147,2821
-0.323,9886
-0.0221,6282
-0.0206,5491
0.0576,3718
-0.0773,7334
-0.0343,6223
0.0727,3199
0.138,2651
-0.263,8787
-0.214,7681
0.224,630
0.273,1290
0.338,801
0.234,2283
-0.267,7230
-0.109,9321
0.0112,4883
0.0807,3613
0.211,778
-0.404,10957
-0.295,6417
0.0445,3982
-0.213,10200
-0.121,8215
-0.164,8920
0.0358,3854
0.0319,4612
-0.148,9075
-0.163,9062
-0.175,7934
-0.139,9251
0.0483,3686
-0.12,8641
0.379,342
0.178,1352
0.109,1867
0.0806,3559
0.0157,4943
0.355,544
-0.396,10097
0.131,1140
-0.0032,5397
-0.178,10303
0.248,1254
0.29,1104
0.532,203
0.139,1669
0.0557,3580
-0.162,9618
-0.213,9771
0.313,1058
0.272,989
-0.0566,7693
-0.0551,7764
-0.093,7022
-0.365,10626
0.0324,4536
0.211,828
-0.112,9777
0.234,498
0.409,151
-0.126,5984
-0.192,8297
-0.416,10507
-0.125,9867
0.0894,1735
-0.479,10547
-0.0504,6973
-0.313,7906
0.109,3058
0.502,33
-0.131,10313
0.103,2256
-0.17,9635
-0.0594,8540
0.065,4021
0.0362,4249
-0.0325,5876
0.115,2549
-0.319,10136
0.0608,4135
-0.217,9134
0.182,965
0.105,2576
0.152,2111
0.0593,3705
0.0868,3751
-0.21,9220
0.0303,4812
-0.0257,6070
-0.161,8131
-0.137,6298
0.397,687
-0.31,7514
-0.0486,7332
0.0199,4736
-0.104,7679
0.31,1281
0.397,924
0.522,952
-0.02,6557
-0.151,10362
0.044,4070
-0.0389,6041
0.384,1108
-0.331,10273
-0.0428,6603
-0.0596,6013
-0.126,8231
-0.0255,6016
-0.0916,8207
0.177,2938
0.0867,3139
-0.253,10852
0.259,1184
0.234,1944
0.025,4706
-0.00581,5154
-0.0671,6795
0.0333,4588
0.00585,5032
-0.0361,6349
0.346,465
0.31,474
0.0669,3639
0.0589,1650
0.535,1291
-0.108,8120
-0.0966,7582
0.0835,2298
-0.109,8219
0.205,417
-0.255,9931
-0.533,10523
0.157,1968
-0.116,6959
-0.216,9065
0.223,1623
-0.0903,6679
0.345,939
-0.0178,5609
-0.447,10577
0.124,3330
0.107,1850
0.325,597
0.112,2254
-0.0161,5690
-0.19,9516
-0.0881,8519
-0.0258,7109
-0.0377,6609
0.123,1894
0.299,2616
-0.0239,6005
0.0192,4879
0.0364,4485
-0.501,10955
0.0346,4639
0.503,1186
-0.0603,5876
0.0557,2889
0.00778,5324
-0.172,9764
0.495,770
0.031,4746
-0.0623,6530
-0.182,10664
0.119,1796
-0.283,9283
-0.155,8431
0.156,2577
0.704,506
-0.153,9982
0.183,1510
-0.216,8050
-0.274,10028
0.073,3832
-0.0385,5889
-0.0675,7082
-0.0233,6342
-0.143,8854
0.129,3027
0.114,3183
-0.151,9810
0.09,2839
-0.0626,6732
-0.145,9937
-0.0245,6013
-0.0256,5776
0.125,3394
-0.0318,6342
-0.0556,7378
-0.0831,7473
-0.107,7932
-0.279,9218
-0.0788,7562
-0.0465,6918
-0.124,7968
0.297,2422
-0.0541,6624
0.113,2408
-0.465,10946
0.111,1536
-0.263,9778
0.351,157
-0.147,8033
-0.346,10844
0.0713,4370
0.0091,4856
0.101,2138
0.532,630
0.19,508
-1.16,10314
-0.514,9673
0.135,1349
-0.127,8705
-0.117,8647
-0.213,8615
0.00111,5096
-0.122,6502
0.0146,4956
0.0544,3561
-0.255,8890
-0.0624,6205
0.721,350
0.59,345
0.193,1953
0.0385,4203
-0.146,7511
-0.15,8889
-0.321,9691
-0.18,8280
-0.0945,9557
-0.35,10642
0.131,3156
-0.284,10235
0.0134,4873
-0.236,10194
0.1,1068
-0.0498,7250
-0.149,7367
0.0986,2874
-0.0522,5744
-0.342,10345
-0.016,5192
-0.12,10096
0.48,517
0.141,2227
-0.0778,7307
0.0185,4585
-0.089,7762
-0.00613,5887
-0.146,8569
0.0821,2896
0.392,444
0.0107,4931
-0.0774,8534
-0.326,10489
0.0555,1884
-0.13,9091
0.0504,4006
-0.329,10622
0.00482,5161
0.12,2094
-0.0155,6064
0.0178,4835
0.22,995
-0.0286,5651
-0.0091,5536
-0.107,8899
-0.0253,6444
-0.0962,7071
-0.176,8713
-0.415,9729
-0.221,7839
0.062,2258
-0.0924,9497
-0.129,5778
-0.151,7706
-0.715,9804
-0.0981,7074
-0.0731,7804
-0.015,6372
-0.0244,5508
0.321,413
-0.247,9182
0.0947,3425
-0.0181,5954
-0.239,10921
0.398,991
0.0841,2984
0.0485,4140
0.25,2257
0.0696,3509
-0.0318,6140
0.148,1895
-0.108,8114
0.0421,4392
0.85,94
0.0484,3605
0.0215,4491
0.0732,3079
-0.172,8797
0.507,2081
-0.191,9705
0.147,1658
-0.0223,6216
-0.0056,5147
0.5,971
-0.00995,5589
0.0303,4176
0.0512,2713
0.0464,4133
0.0944,2269
-0.241,9846
0.152,2787
-0.0745,6815
0.182,646
0.181,1431
0.567,575
0.0553,4108
0.914,77
0.334,994
0.0257,4738
-0.158,9629
0.0962,2256
0.609,38
0.225,367
0.0844,3323
-0.166,8729
0.299,206
0.363,539
-0.12,8931
0.531,520
-0.127,9446
0.0291,4029
0.145,2312
0.00495,4959
-0.343,9998
0.105,3451
-0.0011,5202
0.103,2193
-0.0495,7277
-0.0993,7276
-0.24,9895
0.299,716
0.26,2506
0.173,2239
0.218,231
0.271,1811
0.241,952
-0.183,9187
-0.245,9083
-0.0699,7432
0.126,2736
0.0696,3732
-0.264,9872
0.105,2973
-0.166,10166
-0.0881,8599
-0.112,7442
-0.537,10770
0.0234,4613
0.0572,3550
0.499,1430
0.114,3032
-0.0202,6188
0.204,789
-0.209,9228
-0.0215,5920
0.0937,3113
-0.025,6277
0.00796,4880
0.159,2775
0.0677,2998
0.0924,2933
-0.089,7507
0.043,3645
0.0479,4323
-0.482,10963
0.469,359
-0.0447,6522
0.0818,2361
-0.0314,6326
-0.0932,8622
0.0193,4979
0.107,2733
0.0491,4299
-0.19,9751
0.0511,3134
-0.125,7600
-0.706,8584
-0.184,9643
-0.356,7715
-0.113,7983
0.0376,3554
-0.164,8117
-0.0803,5983
-0.165,7517
-0.152,10115
-0.358,10808
-0.0588,7542
0.252,194
-0.153,8117
-0.217,10562
-0.082,6835
0.852,205
-0.0966,9039
0.245,845
-0.0539,6173
-0.257,10410
-0.058,6822
0.1,3330
0.0312,4257
0.174,1501
0.187,748
-0.429,10446
0.0287,4318
-0.242,10437
0.00858,4916
0.184,778
0.0611,3794
-0.142,9582
0.182,2422
-0.345,10601
0.0139,5080
0.0835,2464
-0.000147,5413
0.192,825
-0.0273,6168
0.00585,5054
0.151,3235
-0.171,9799
0.18,1902
-0.0699,7784
-0.0908,7783
0.0906,3556
0.00139,5266
-0.0488,6624
-0.0264,5939
0.0623,3811
0.153,3451
0.326,1189
-0.0963,7793
-0.0568,6503
-0.201,7437
0.315,452
-0.264,10561
0.0869,3687
0.179,1938
0.141,1006
-0.0572,6163
-0.00063,5488
-0.388,9998
0.392,1013
0.18,930
-0.122,9276
-0.0314,5554
0.27,1455
-0.0502,5950
0.43,837
0.0601,3543
-0.293,10458
0.995,449
-0.285,8241
-0.659,7996
-0.506,9451
-0.00761,5761
0.4,2035
0.178,2737
0.0236,4773
0.2,2643
0.106,3338
-0.0811,8546
-0.0658,7781
0.0957,3970
-0.209,10430
0.167,1145
0.0767,3753
-0.0532,6925
-0.0265,6829
0.118,2583
0.161,2436
-0.174,8338
-0.034,6026
0.0359,3947
-0.0674,7868
-0.162,8376
-0.233,10269
-0.0428,6406
0.165,2771
0.0714,3122
0.289,406
-0.0391,6516
0.0814,3710
-0.206,9838
-0.0807,6815
0.114,2118
-0.0708,7482
-0.141,8149
-0.284,10747
-0.0978,7201
-0.13,8083
-0.0869,7691
-0.0249,6596
-0.0211,4632
-0.214,7978
0.0898,3810
-0.124,7443
0.0851,3071
0.362,418
0.00769,5136
-0.35,10455
-0.18,8159
0.0875,3728
0.154,1671
-0.0228,7373
-0.212,9578
-0.124,6905
-0.17,9889
-0.101,8420
-0.0308,6384
-0.0639,7672
-0.0241,6126
-0.0882,9140
0.198,213
-0.318,9370
0.376,170
-0.0661,8538
0.0455,3875
-0.0911,6412
-0.0804,6490
0.0194,5002
-0.414,10277
0.218,1651
-0.0097,5427
-0.00349,5282
0.342,750
0.0177,4937
-0.163,7407
0.0259,4531
-0.863,9388
-0.52,9267
0.579,1210
0.018,4638
-0.173,9379
0.113,2747
0.00847,4909
-0.0786,8038
0.0028,5148
-0.0602,6908
0.00174,5161
0.237,1703
-0.155,7306
0.0323,4730
-0.152,8506
0.0936,4424
-0.075,6166
0.101,3000
0.334,1189
-0.204,9537
-0.0189,5723
0.204,1082
0.0144,5032
0.0231,4881
-0.0118,5314
-0.133,9526
-0.23,10074
-0.444,10837
-0.208,10102
-0.372,9637
-0.119,7264
0.0628,2711
0.148,1343
0.14,2643
0.242,701
0.336,1311
-0.0138,5540
-0.126,10018
-0.173,9332
-0.0545,6812
0.179,1435
0.19,2118
0.255,1860
-0.119,9215
-0.318,10886
0.274,890
-0.411,10664
0.739,908
0.359,850
-0.195,9794
0.0274,4401
-0.18,9281
-0.315,10533
-0.333,10373
0.163,2678
-0.276,10837
0.136,2394
-0.183,9818
-0.175,8433
0.018,4843
0.0928,2686
0.227,1027
0.141,2259
-0.284,9742
-0.0813,7007
0.0721,2818
-0.0641,6965
-0.195,10416
-0.0225,6910
0.0464,4229
0.469,244
-0.094,6912
-0.328,10410
-0.129,7583
-0.135,9159
-0.0739,6664
0.021,5006
-0.134,8153
0.348,1356
0.297,1054
-0.145,9335
0.406,687
-0.201,5745
-0.265,9482
0.367,1204
-0.104,7263
-0.171,8847
0.102,3261
-0.143,7753
0.19,1627
0.269,339
-0.197,9732
-0.0946,6737
-0.0343,6283
0.132,2881
-0.177,8975
-0.201,9779
-0.0751,8377
-0.0677,6513
0.0742,3073
-0.636,9492
-0.328,10116
0.00722,4828
-0.0887,7778
-0.0513,6644
-0.431,10461
0.0253,4503
0.274,480
0.0232,4450
-0.0436,6562
-0.0406,7714
-0.223,8984
-0.0669,5663
0.00043,5232
0.271,807
-0.0989,7703
0.306,1053
-0.0125,5718
-0.0759,7552
-0.22,10751
-0.119,8712
0.0598,3195
-0.207,10497
-0.207,9778
0.273,1234
-0.011,5081
-0.148,4895
-0.0595,7077
0.12,2485
0.13,1523
-0.149,7595
0.0496,4407
-0.261,9915
0.0908,2701
-0.0824,6447
0.106,1783
0.0166,4658
0.344,1191
0.109,1537
0.0595,3396
-0.284,10625
-0.323,10290
-0.323,9552
0.111,3505
-0.0773,8700
0.208,1648
-0.433,9271
-0.227,5536
1.08,1188
0.365,853
0.174,2662
0.25,1892
-0.245,9026
0.0232,4361
-0.364,10375
0.313,958
-0.000399,5260
-0.0493,6732
0.335,497
0.0243,5060
-0.0326,5454
-0.14,6090
0.476,1184
0.14,2997
0.599,350
0.234,683
-0.343,9887
0.119,3337
-0.0201,6128
0.11,2114
-0.0122,5307
-0.0581,6940
-0.026,6225
-0.313,8723
-0.0338,7236
-0.0687,7606
-0.078,7262
0.0235,4710
-0.0878,7445
0.162,2356
0.271,861
-0.11,8301
-0.409,9065
0.329,1521
-0.233,7282
-0.207,9920
0.157,1773
-0.114,8957
-0.606,10974
-0.0654,6650
0.0341,4323
0.173,1731
-0.107,10020
0.0683,2825
-0.0879,5514
-0.2,8997
0.432,821
0.0599,4184
-0.134,8993
-0.0148,6003
0.0636,3220
-0.0464,6949
0.549,1095
0.0313,3764
0.0895,3383
-0.12,9756
-0.0401,6716
-0.146,7325
-0.342,9632
-0.279,10534
0.102,3152
-0.0477,6681
0.179,915
0.0935,3499
-0.0531,6726
-0.0563,6654
-0.0487,7425
-0.15,9867
-0.06,7209
-0.147,8554
-0.103,7724
0.326,649
-0.00207,5284
-0.0216,5806
-0.183,10012
-0.0941,6631
-0.266,9096
-0.321,9331
-0.16,9217
-0.0708,6918
0.13,2674
-0.194,9349
-0.508,9752
0.503,625
-0.132,9459
0.12,1593
0.125,2596
0.227,738
0.0103,4844
-0.0919,6586
0.00322,5153
-0.146,9222
0.0767,3750
-0.0485,6356
0.224,1619
0.126,3255
-0.188,9485
-0.0398,6487
-0.09,7072
-0.0265,6651
0.357,2182
0.00991,5293
-0.203,10844
-0.0369,6536
-0.0474,6513
0.293,678
0.0701,4307
0.154,3079
-0.135,8800
0.192,237
0.0423,4060
0.46,298
-0.789,10318
0.0697,3585
0.482,849
0.0621,2909
-0.299,8595
0.0469,4413
0.0439,4695
0.285,1528
0.0214,4886
0.215,1867
0.0933,3414
0.00276,5337
0.641,858
0.229,429
0.0628,3061
0.00139,5436
-0.183,8141
0.0376,4617
-0.00131,5301
0.137,1932
0.0792,3002
0.0551,3070
0.108,2751
-0.345,10631
-0.191,10650
-0.106,7784
-0.213,10317
0.0305,4501
-0.32,8820
-0.0731,7608
-0.287,7822
-0.667,10836
0.109,3242
0.397,349
-0.0927,8170
0.0874,3062
0.223,882
0.0193,5016
0.113,2240
-0.105,7165
-0.249,9779
-0.00796,5792
0.067,4010
-0.381,10377
0.262,2473
-0.101,6893
0.0334,4833
-0.118,6911
-0.805,9119
0.0587,3703
-0.0489,7038
-0.116,8886
0.12,2578
-0.0299,5800
-0.188,8119
-0.159,7749
0.141,2668
0.228,790
-0.304,8615
0.0449,4021
0.0126,5016
-0.0832,7424
0.294,240
-0.0555,6986
-0.0197,6110
-0.109,8435
0.0654,4033
0.0513,3808
0.0502,3664
-0.136,9789
0.024,4652
-0.275,9887
0.0197,4995
-0.0862,6559
-0.00541,5488
-0.165,8703
-0.145,8299
0.204,2228
-0.0572,6041
-0.0436,6552
0.138,2315
-0.0288,6543
0.0407,4687
0.275,2054
-0.321,10072
-0.181,8554
0.0186,4548
0.103,1526
0.047,4524
-0.0492,5782
0.262,2002
-0.334,9576
0.195,3082
0.0738,2594
-0.333,10538
0.0728,3410
1,389
2.3,390
-0.0456,7293
-0.22,10340
-0.0136,5842
0.155,1775
-0.0613,7021
-0.0581,6096
-0.1,9442
-0.0476,7219
-0.0514,7170
0.212,1617
-0.522,9031
-0.02,5596
-0.0285,5953
-0.0144,5950
0.0585,4273
-0.135,6508
0.381,1339
-0.000718,5272
0.166,972
0.0606,3181
-0.0134,5443
-0.144,7230
-0.182,9806
0.0125,5013
-0.152,8992
-0.232,8659
0.0677,3830
-0.0401,6159
-0.0897,7279
-0.14,7916
-0.0765,7259
-0.0693,8539
-0.0514,6147
0.143,2069
0.229,1308
-0.264,7988
-0.0179,6108
-0.0986,8121
0.0201,4802
0.084,3360
0.153,2518
0.492,63
-0.101,8528
-0.0611,6373
-0.0248,5785
0.0596,3730
-0.0756,6845
-0.12,10039
0.0294,4561
-0.023,6091
0.0641,3876
-0.0633,6068
0.204,2519
-0.249,10454
-0.0791,8046
-0.128,9262
0.046,4091
-0.114,7115
0.108,3379
0.0608,3273
0.0981,2655
-0.0752,7340
0.216,1959
-0.0967,7609
-0.00521,5891
-0.235,10382
0.101,2535
0.202,707
-0.149,7387
-0.237,9348
0.0145,4775
-0.0288,5714
-0.3,10619
-0.148,10169
-0.365,10558
0.0641,4214
-0.0457,6043
0.0114,5234
0.0342,4317
-0.054,7654
0.601,134
0.0469,4390
-0.253,9066
-0.428,10035
0.307,405
0.0179,4864
-0.249,10302
-0.191,8064
-0.182,9909
-0.0336,6109
-0.0339,6706
-0.00461,5556
-0.236,10238
0.0513,4362
-0.429,10724
0.0382,4618
-0.0456,6502
-0.0588,7500
0.244,1853
-0.11,7451
0.0408,4511
-0.2,9957
-0.21,10143
0.14,1231
-0.327,10123
0.00426,4908
0.132,2752
0.198,2351
-0.0597,7326
0.0963,1588
0.115,2999
0.0711,3699
-0.0662,6571
-0.228,10058
-0.231,10312
0.0177,4562
-0.0134,5341
-0.0957,7678
-0.207,8883
0.32,120
-0.0162,5800
0.13,737
0.676,36
0.0749,2820
0.243,1279
-0.377,9234
-0.131,9404
0.223,624
0.0201,4743
0.384,394
-0.333,9670
0.307,493
-0.0416,6709
-0.0485,6427
0.0489,4181
0.468,1525
-0.19,7285
0.223,1782
-0.0783,7550
-0.176,9548
0.16,2803
-0.375,10503
-0.0518,6928
0.238,2715
-0.173,9359
-0.00418,5472
-0.133,8462
-0.25,10157
-0.0492,6678
-0.212,9590
0.0938,1589
0.0824,2847
0.0265,4803
0.0716,3208
-0.25,10077
0.079,4041
-0.18,10060
0.0381,3787
-0.00281,5400
-0.136,7514
0.2,1471
-0.146,6143
-0.189,9590
0.105,1428
-0.0838,7046
-0.0756,6410
0.0718,3600
0.0692,3655
-0.0337,6140
0.128,2357
-0.107,8159
0.0848,3425
0.163,2310
-0.198,9986
0.194,824
-0.0578,5756
-0.0118,5654
-0.0735,6988
-0.196,6054
-0.0826,9714
-0.0664,7243
0.0118,4943
-0.0824,7078
-0.032,6526
0.125,3316
0.0716,3673
0.123,1899
-0.307,9818
0.0371,4733
0.193,2169
0.248,2024
-0.0667,6999
0.298,518
-0.198,9095
0.108,2264
0.38,613
-0.0638,6880
0.0672,2841
0.0626,2902
0.82,124
0.287,1035
-0.261,10045
-0.486,9737
-0.133,9961
-0.0907,9190
0.262,1744
-0.0764,7601
-0.103,6658
-0.0724,5906
-0.103,9848
0.136,2291
-0.026,6375
-0.00891,5454
0.0987,3390
0.186,1078
-0.0365,6406
-0.175,10083
0.158,2876
0.0177,4688
-0.174,6989
-0.132,7890
0.121,2322
-0.161,9776
-0.227,9502
0.0263,4725
0.188,1845
0.123,3197
-0.0385,6981
0.0391,4408
-0.19,8686
-0.0203,5888
0.126,3168
1.68,54
-0.0402,6644
-0.172,9092
-0.314,8212
0.162,3277
-0.261,8976
-0.0193,5550
0.105,2349
0.0684,3178
-0.0246,5645
0.0285,4639
-0.0829,9545
-0.394,10955
0.0322,4137
-0.196,10445
-0.264,8240
-1.1,10059
-0.072,6063
0.0549,4302
-0.341,10384
-0.0622,7038
-0.268,9563
-0.213,9132
0.0842,2818
-0.321,10561
-0.0717,7509
0.219,562
0.165,1974
0.132,2511
-0.0583,6531
-0.677,9752
0.138,1733
-0.103,9065
-0.118,8349
-0.0526,6552
0.0236,4929
-0.135,7123
-0.21,9929
0.0592,1593
0.202,2955
0.136,2286
-0.173,6406
-0.248,9360
-0.0381,6572
0.01,5098
-0.285,7155
-0.0776,6374
0.258,93
-0.165,9455
-0.0366,6898
-0.0908,8889
-0.00741,6379
-0.0873,7498
-0.156,10185
0.113,3371
0.192,500
0.0724,2732
-0.178,8720
0.379,898
-0.0497,6318
0.151,1156
0.0183,4901
0.0343,4270
0.128,3618
0.208,3021
0.293,1717
-0.0362,5715
0.127,2294
0.0965,1564
-0.0125,5765
-0.15,8540
0.163,2059
0.406,1720
0.122,3733
0.0447,3708
0.132,724
-0.00718,5349
0.203,2470
0.491,230
0.339,2459
-0.228,9871
-0.121,9833
-0.294,9950
-0.254,9474
-0.36,10981
-0.412,9415
0.275,479
-0.234,9561
-0.0106,5773
-0.313,10243
0.202,1145
0.102,3655
0.0594,3096
0.0981,2094
-0.142,8634
-0.158,8516
-0.362,9511
-0.29,7817
-0.11,10329
-0.199,9517
-0.046,6706
-0.0629,7254
-0.0697,6810
-0.316,9069
-0.00214,5360
-0.111,6688
-0.0735,6431
-0.261,8941
0.22,1888
0.0573,4033
-0.0087,5907
0.0167,4607
-0.196,7959
-0.02,6411
-0.173,7644
-0.207,7540
0.0447,4229
-0.213,9869
-0.103,8990
-0.0208,5571
-0.119,6830
-0.000728,5396
-0.0707,6603
0.0555,2589
-0.0739,7134
0.0026,5253
0.189,2178
-0.0512,6118
-0.15,9188
-0.0456,6408
0.318,639
0.59,187
0.263,29
0.00895,5204
-0.193,10455
-0.0361,6948
0.201,1263
-0.155,8298
-0.256,9395
-0.0326,5685
-0.0696,7320
0.169,604
-0.345,10281
0.115,1799
-0.34,8701
0.000556,5241
0.542,72
0.241,2107
-0.0135,5706
-0.425,10261
0.297,339
-0.132,8814
0.374,48
0.482,120
0.119,1410
-0.287,9742
-0.077,6445
0.0863,2420
-0.0469,6643
-0.157,7614
-0.0842,7918
-0.105,7903
0.247,575
-0.106,9120
0.0607,4054
-0.0715,7853
-0.136,8045
0.429,678
-0.0158,5697
-0.155,8175
0.0201,5116
0.0226,4803
-0.207,8487
0.111,2223
-0.0863,6504
-0.00733,5241
-0.145,8570
-0.185,9399
-0.133,7947
0.206,3076
-0.184,8853
-0.0848,7660
-0.169,9501
-0.466,9031
-0.225,8508
0.0382,4719
0.0946,4154
-0.33,7342
-0.176,7641
0.0514,3835
-0.328,9720
-0.248,9621
0.0127,4961
0.0361,3822
-0.201,9790
0.459,1009
-0.00133,4983
-0.0124,5768
0.0388,3269
-0.00459,5560
-0.0802,7024
0.038,4138
0.196,1171
-0.146,8108
0.0663,3712
0.013,5173
-0.0017,4980
0.0571,3718
-0.112,9518
0.169,2956
0.0765,3343
0.0392,3971
-0.181,7778
-0.199,8930
0.0233,4592
-0.109,7821
-0.0882,7728
-0.0205,5776
0.186,2355
0.0312,4210
0.0779,3275
0.391,1311
-0.143,9668
0.0468,4107
-0.0692,6066
-0.121,6872
-0.228,9239
-0.343,10345
-0.0997,9177
-0.0421,6514
0.474,1005
-0.0397,6079
-0.0954,7126
0.344,918
-0.379,11000
0.0717,2447
-0.00587,5417
0.257,1762
-0.0847,5327
0.0907,3159
0.0706,3616
-0.134,10370
0.0946,2857
0.116,3753
-0.0751,6423
-0.095,7607
-0.0953,8497
-0.0557,6780
0.0526,4178
0.0974,3324
0.173,2403
-0.194,9784
-0.0457,7049
0.104,2613
-0.0368,6007
-0.235,10332
-0.236,8659
0.489,236
-0.0854,7975
-0.0317,6214
0.262,1137
-0.0268,6500
-0.0614,7131
-0.0258,6651
-0.137,8446
-0.102,8374
0.193,2001
-0.166,10638
0.118,2602
-0.148,8819
-0.0279,6678
-0.165,9529
0.159,1141
0.0275,4240
-0.00623,5458
-0.0724,6955
-0.111,8707
-0.0375,6374
0.0716,3802
-0.315,9995
0.00418,5400
0.169,1365
0.187,2186
0.159,2540
-0.0202,5883
0.213,2055
0.141,2656
-0.578,9323
-0.0158,5950
-0.0988,9497
-0.0698,8083
-0.189,7799
-0.142,9580
-0.0703,6626
-0.0828,8714
-0.0489,7237
0.175,1443
0.564,48
0.36,1703
-0.0352,5793
0.161,824
0.0368,3873
0.0279,4575
-0.105,8205
-0.321,10008
0.191,2023
-0.195,9159
0.0162,4817
-0.126,9032
0.0198,4648
-0.105,8059
0.0759,2781
-0.0876,6928
-0.474,10936
-0.108,7722
0.0185,5133
-0.0819,5012
1.62,373
0.254,360
-0.0099,5729
-0.106,7102
0.166,3025
-0.148,9617
0.422,1190
0.068,3947
0.136,1654
0.00353,5243
0.0453,4049
-0.148,8411
-0.382,10439
0.489,844
0.262,1597
-0.185,8895
-0.0257,5570
-0.237,10665
0.211,1200
-0.00734,5656
0.0309,4319
0.332,946
0.318,282
0.288,717
0.165,1407
-0.0876,9311
0.182,344
-0.015,5855
-0.162,8865
0.387,836
-0.114,8670
-0.102,8393
0.185,840
-0.213,10571
0.254,702
-0.0126,5809
-0.667,10554
0.0812,3085
0.206,1197
-0.0839,6585
0.318,2380
-0.173,9152
-0.234,9954
0.106,1892
0.0775,2218
-0.283,9678
0.0536,3622
0.013,4850
-0.016,5851
0.0552,3688
-0.0262,6109
-0.0812,8277
-0.0233,5985
-0.0527,8167
-0.103,8053
0.0857,2656
-0.266,10863
-0.0438,6712
0.218,1737
-0.445,10117
1.6,147
-0.019,6082
-0.119,9411
-0.0675,7291
-0.00693,5580
0.214,2073
-0.282,10013
-0.103,8183
0.183,661
0.0681,3649
8.92e-06,5160
-0.514,10786
-0.0208,5775
-0.0767,8326
-0.132,9590
-0.103,8246
0.135,2570
-0.0794,5717
-0.0168,6027
-0.183,10200
0.117,3069
-0.0761,7813
0.204,2544
-0.254,10433
0.0908,3483
0.196,1184
0.0598,3352
0.128,2636
0.0196,4919
-0.214,9948
-0.551,7500
-0.000341,5502
0.0161,4459
0.58,244
-0.465,9835
-0.231,10276
0.168,3102
-0.0276,5899
0.215,729
-0.448,10802
0.0145,5146
-0.123,7298
0.115,2753
0.0348,4202
0.0777,3630
-0.259,8838
-0.184,7748
-0.579,10914
-0.273,10885
-0.128,9927
-0.0614,8620
-0.193,9265
-0.332,9137
-0.0227,5714
-0.0923,7291
-0.104,5771
-0.111,10008
0.16,2686
0.118,2669
1.16,16
0.163,1376
-0.142,7011
-0.0901,8751
-0.162,9493
-0.437,10607
-0.291,6913
-0.147,8293
0.145,1746
-0.127,8066
0.0727,3785
-0.0741,6347
-0.155,7618
-0.478,9733
0.0369,3978
-0.209,10145
-0.267,9533
0.05,3764
-0.393,10913
-0.0662,7865
-0.0228,5958
0.212,496
0.0546,4199
0.0719,3408
-0.33,9342
0.25,1860
0.0127,4982
0.0814,2821
0.219,2837
-0.129,8650
0.113,2866
-0.0387,6301
-0.0464,6918
0.0135,5025
0.0339,4366
-0.128,7841
-0.098,7563
-0.249,8842
0.251,796
-0.046,6288
0.12,3210
-0.101,9909
-0.112,7337
-0.026,6488
-0.0804,7464
0.0749,2589
0.49,330
-0.0245,6236
0.0443,4173
-0.0573,6438
0.00492,5018
-0.0201,6010
-0.117,7301
-0.11,7632
0.18,1478
0.0403,4486
-0.00607,5423
0.227,469
0.24,2335
-0.616,10163
-0.185,9267
-0.0536,6356
-0.0831,7420
0.0951,2143
0.0402,4313
-0.663,10977
0.112,2160
-0.142,6314
0.00323,5377
-0.114,9695
-0.242,10130
-0.307,7392
0.166,2313
-0.321,9086
0.0539,2322
-0.119,8708
-0.0244,5984
-0.0266,5921
-0.122,8224
-0.243,9907
-0.0565,7224
0.515,66
0.243,1365
-0.126,8333
-0.156,8205
0.0496,4301
-0.0754,7475
0.16,2452
-0.111,7243
-0.14,8343
-0.11,7178
-0.339,8816
0.0743,3384
0.000274,5135
-0.0955,7334
0.35,914
-0.0353,6319
-0.222,9959
-0.0697,7405
0.499,1617
0.156,776
-0.0332,6088
-0.219,10918
0.162,2123
0.00796,4900
0.0361,3813
-0.0109,5399
-0.039,6006
0.0346,4432
-0.409,10259
0.133,1905
0.319,1479
0.612,1545
0.475,520
-0.231,10305
-0.0673,5918
0.106,2688
0.0298,4843
0.14,3241
-0.298,10451
-0.0807,6862
-0.0761,7514
-0.0516,8175
0.0236,4343
-0.027,5908
-0.149,8320
-0.389,9640
-0.0151,6542
0.296,332
0.0987,1091
-0.283,10027
-0.0583,5920
1.17,1106
0.418,1692
-0.0631,7359
0.272,1062
-0.253,9844
0.0434,3794
-0.234,8135
0.43,964
0.121,2541
0.0219,4662
0.0848,3197
-0.0885,7167
-0.124,8188
-0.229,9135
0.117,1548
0.0284,4316
-0.0153,5586
0.212,882
0.208,1605
-0.11,7646
-0.212,10484
-0.19,8011
0.384,219
-0.169,9296
0.0845,3858
0.112,2967
0.015,5095
-0.144,8623
-0.119,7670
0.0916,3137
-0.0556,6328
-0.0205,5209
0.043,4536
-0.0733,8825
0.15,1188
-0.108,8956
-0.0248,5906
0.225,879
0.178,1331
0.0281,4543
-0.0658,6056
0.576,131
0.222,1558
0.317,2016
0.155,1682
-0.0605,9625
-0.13,8395
0.0993,2604
0.0579,4167
0.0161,4820
-0.0814,7967
-0.0436,6698
0.298,1063
-0.109,8656
-0.0743,7006
-0.11,8932
0.262,479
-0.00191,5544
0.143,2676
-0.155,9169
-0.0855,7453
0.165,2113
0.107,3321
-0.154,8236
-0.0562,6592
-0.357,8943
0.0344,4484
0.0562,4294
0.0273,4142
-0.174,9684
-0.05,6867
-0.346,9392
0.477,185
2.67,21
-0.0183,5772
-0.0722,6988
0.173,2455
0.181,1923
0.0821,3106
0.487,1668
0.0963,2222
0.135,606
-0.26,9635
-0.168,8056
-0.127,7707
-0.00981,5027
0.141,2048
-0.0707,6505
0.262,806
0.366,264
0.166,3358
-0.0643,6275
-0.143,9317
-0.0475,7105
0.729,105
0.126,2748
-0.0932,7936
-0.299,8760
-0.287,10966
0.0747,2235
0.0515,4221
-0.121,8262
0.137,2246
-0.339,10517
-0.149,9056
0.279,388
0.206,971
-0.133,8873
0.0285,4389
-0.252,10811
-0.278,10444
-0.0158,5877
-0.374,10543
-0.332,10640
0.062,3114
0.182,3266
-0.119,9557
-0.207,10021
-0.185,8604
0.32,33
-0.0488,5478
-0.103,7430
-0.0358,6676
0.137,1699
0.0721,4270
0.532,295
-0.398,10186
0.0955,1458
-0.0276,6425
-0.0779,7148
0.228,828
0.205,1313
0.0572,4157
-0.204,9823
-0.439,10726
-0.0154,5844
-0.0716,6865
0.184,2703
-0.187,9235
0.166,2135
-0.366,10824
-0.228,8079
0.0103,4869
0.279,1175
0.639,230
-0.291,9588
-0.489,10922
-0.116,6913
-0.332,8370
0.599,1410
0.385,220
-0.104,9613
0.137,924
-0.345,10796
-0.173,9499
-0.316,9725
-0.115,7495
0.237,645
0.114,2773
-0.328,10091
0.0674,3911
0.291,493
0.0908,2740
0.173,2465
0.272,1835
-0.0284,6139
0.0709,3180
-0.113,6630
0.206,686
0.00949,5218
0.00337,5073
-0.334,10352
-0.203,8845
0.0156,4937
-0.111,7807
0.242,442
0.127,2162
-0.0477,6646
-0.0464,6947
0.0393,4432
0.138,2500
0.0994,2140
0.0826,3252
-0.527,8600
-0.113,7640
-0.0739,6500
-0.0179,6191
0.54,24
0.0983,2403
0.0778,3555
0.205,2127
0.357,1976
0.281,2832
0.217,75
0.189,1343
0.137,2342
0.261,1999
-0.0538,5558
-0.307,7984
-0.314,10399
0.0529,4140
0.0244,4605
-0.244,8653
0.0793,2568
0.0864,3292
-0.0155,5501
-0.309,10144
0.114,2257
-0.201,8899
0.212,1970
0.00847,5038
-0.0318,6264
0.164,850
-0.346,10381
-0.0095,5191
0.0824,3455
0.0338,4419
0.0582,3422
0.085,3140
-0.00945,5733
-0.126,7397
-0.235,7731
-0.298,8873
-0.0875,7828
0.135,1080
0.0389,4521
0.0383,4312
0.0972,2989
-0.147,6551
0.0263,4429
-0.221,10022
-0.0715,7527
0.0418,4042
0.164,1268
-0.0563,7535
-0.0868,7735
0.0662,3872
0.00426,4834
0.0873,3546
0.147,2076
0.575,405
0.117,2513
-0.0194,5580
-0.0792,5971
0.295,295
0.382,1264
-0.0326,5620
-0.0732,7664
-0.12,8110
0.217,1899
0.0332,4491
-0.0479,6808
-0.395,9672
0.17,1367
0.155,872
0.949,830
-0.249,10173
0.00885,5012
-0.237,10072
0.13,1931
-0.232,9652
-0.126,8496
-0.283,8441
0.155,1788
-0.0947,9227
0.0838,2520
-0.112,9607
-0.107,8866
-0.00603,5300
0.0412,4422
-0.0121,4667
-0.171,9994
-0.185,10019
-0.0646,7195
-0.201,9332
-0.313,8992
-0.0036,5521
-0.0593,7345
-0.122,9072
0.0373,4252
0.00819,4704
0.0509,2299
-0.0126,5511
0.319,354
-0.106,4285
0.12,3057
-0.0369,7686
-0.0273,7169
-0.462,7235
-0.117,4917
-0.0184,6121
-0.0978,8789
-0.0477,6553
0.132,2490
-0.124,7224
-0.175,8585
-0.103,7673
0.0211,4720
0.535,65
-0.248,8108
0.0247,4693
-0.00451,5485
0.229,1082
0.00971,5007
0.00283,5203
-0.103,7587
0.0814,3942
0.203,2681
0.16,2366
-0.171,9280
0.0268,4111
-0.0637,7560
-0.139,7876
0.193,3099
0.425,871
-0.087,7826
-0.0394,6489
0.236,438
-0.113,8817
0.0639,3843
0.103,3939
-0.177,9084
-0.00351,5633
5.79e-05,5358
0.125,2432
0.0246,4461
1.22,209
-0.171,10315
0.264,781
0.377,327
-0.0437,6743
-0.328,9554
-0.122,8751
0.188,696
0.0517,3542
-0.016,5707
0.0601,4032
0.22,907
-0.161,9224
-0.124,8575
0.0196,4433
-0.207,9518
-0.102,8368
0.0998,3812
-0.193,10192
0.00135,5131
-0.0761,7937
0.0759,3450
0.208,3432
0.0164,4695
-0.0823,6575
0.0243,4349
-0.233,10851
-0.0885,7681
0.0807,3695
-0.196,9706
0.00881,5145
0.321,1305
0.112,1781
0.0798,3871
0.112,2493
0.167,3024
0.184,2675
0.304,244
0.173,2472
0.0296,4230
0.252,957
-0.0324,6023
0.0724,4067
0.09,3220
-0.0743,8523
-0.0226,5944
0.21,1306
0.066,3548
0.00531,5028
0.0503,3161
0.0898,2348
-0.0331,6228
0.259,1938
-0.515,7146
0.0901,3697
-0.00445,5333
-0.0926,7705
0.214,903
-0.151,8787
-0.118,7552
-0.214,9113
-0.0342,6192
0.126,2072
0.411,2402
2.03,401
0.101,3902
0.185,3567
0.126,3077
-0.385,9515
-0.192,10490
0.151,2875
-0.492,10577
-0.19,9358
-0.00737,6119
-0.0785,7320
-0.127,8955
0.19,2955
-0.0349,6496
-0.415,10146
-0.0933,7935
-0.0202,5940
0.0562,3182
-0.217,7594
-0.306,9323
-0.0263,6589
-0.282,10796
-0.155,9777
-0.156,8908
-0.246,8616
0.198,2042
0.0722,3922
-0.14,8715
-0.138,8908
-0.097,8337
-0.0407,6339
0.215,2224
-0.214,8562
-0.0991,8365
-0.277,10459
0.575,27
-0.0854,7352
0.442,1270
-0.107,8933
0.0379,4256
-0.17,10495
0.0807,3753
0.0202,4704
0.0152,4916
-0.407,10803
0.259,1221
0.0622,2796
-0.0364,6280
-0.241,7971
-0.0429,6608
-0.26,10927
0.0594,3613
-0.0605,7004
0.132,2430
1.29,1246
0.0251,4599
-0.0564,7276
0.13,1014
0.0624,3958
-0.0596,5044
-0.242,10272
-0.0483,7185
-0.0125,5833
0.218,707
-0.00605,5594
0.154,3343
-0.333,9108
0.234,489
0.143,2127
-0.0958,7786
0.216,1156
0.458,328
-0.39,10738
-0.0468,7317
-0.0967,6518
0.105,3002
-0.112,8412
0.535,1017
0.00146,5713
-0.0702,8089
0.436,9
0.268,425
-0.00283,5250
0.134,2936
-0.435,10890
-0.0143,5597
-0.167,9510
0.254,1187
0.0675,3167
0.0474,4476
-0.0501,6204
0.0784,2978
-0.0323,6238
0.209,2488
-0.114,7902
-0.332,10319
-0.169,9298
0.209,805
-0.0103,5563
-0.0627,6493
1.04,206
-0.103,6712
-0.165,8066
0.0701,2815
-0.0143,5859
-0.0794,7358
0.196,1896
0.0824,3400
-0.188,8296
-0.131,9754
0.383,428
-0.139,8529
0.0121,4708
0.0494,3996
-0.0444,6516
-0.114,8464
0.04,4005
0.0101,5174
0.218,1781
0.29,821
0.0928,3333
0.196,538
0.00703,5165
-0.061,6464
-0.0934,7728
0.227,1617
-0.0718,6666
-0.142,8899
-0.138,8432
0.298,231
0.000288,5372
0.079,3814
-0.0184,6042
-0.12,10476
-0.46,10647
-0.0845,8201
0.264,2113
-0.104,7841
0.0604,3289
0.107,741
0.277,638
-0.0941,7382
-0.0291,6165
0.0748,4223
0.297,118
-0.00103,5456
-0.104,8823
-0.226,8738
-0.102,5268
0.146,3245
0.489,108
-0.0631,7303
-0.242,10304
0.0951,2406
-0.0209,5342
-0.074,6534
0.00991,5061
-0.0146,6080
0.0307,4505
0.0225,4750
0.0574,3678
0.0804,2768
-0.229,10782
-0.16,9558
0.209,2073
0.135,2821
0.182,2067
-0.0278,5576
-0.0705,6990
-0.0471,6236
-0.229,6718
0.0253,4607
0.259,3013
0.523,622
0.0184,4736
-0.163,10128
0.272,467
0.0115,5038
0.0622,4282
2.51,467
0.149,1287
0.197,2773
-0.0817,6769
-0.308,10040
-0.189,8738
-0.249,9910
-0.00576,5319
-0.152,9388
-0.107,8755
-0.637,10130
0.142,2627
-0.128,8665
0.22,1165
0.03,4480
-0.275,9485
0.444,164
0.926,333
-0.417,9217
-0.217,10701
-0.0243,6709
0.0808,3210
0.174,1547
-0.353,8452
0.252,552
0.0395,4149
-0.191,9433
0.15,1992
0.114,3218
0.158,2231
0.0871,2813
-0.188,10391
0.0758,2744
0.207,1302
0.218,1705
0.0327,3922
-0.0126,5834
0.0544,2810
-0.251,10201
0.118,3024
0.209,953
0.164,2350
0.228,1383
-0.00267,5410
-0.0188,5784
0.051,4080
-0.0879,8085
-0.283,7181
0.0731,4045
-0.0789,8536
0.117,2660
-0.00959,5543
-0.248,8707
0.0405,3767
-0.743,10512
0.0328,3998
-0.0136,6206
0.08,3797
0.196,2703
0.0666,3798
-0.249,9758
0.495,217
0.0873,2295
-0.0644,7054
0.19,1865
-0.211,8526
-0.0995,7915
0.12,935
0.109,3515
0.309,915
-0.0229,6434
0.191,2308
-0.28,9621
-0.0332,6638
-0.107,8831
-0.0277,5755
-0.151,6949
-0.215,8472
-0.38,8255
-0.144,9953
-0.0277,7031
-0.116,8198
0.0684,3937
0.188,3419
-0.281,10699
-0.174,9796
0.0983,1981
0.132,3229
0.0213,4825
-0.0541,6881
0.199,960
-0.0513,7965
-0.151,9997
-0.513,10925
0.0665,3478
-0.114,7213
-0.0935,7207
-0.124,9447
-0.117,7299
0.194,2404
0.00831,4775
0.081,3288
-0.142,7480
0.611,155
-0.0459,6207
0.102,2375
-0.0895,8907
-0.192,10572
-0.00217,5259
0.305,808
-0.181,10192
-0.299,10014
0.108,2592
0.0335,4013
-0.00861,5374
-0.179,8982
0.0657,3711
-0.484,10859
0.0725,2444
-0.0249,6546
0.158,1365
-0.127,7675
-0.475,10992
0.0661,3507
-0.0815,7765
0.341,450
0.00691,5270
0.0294,4648
-0.0197,5581
0.0267,4857
-0.0974,8361
-0.248,10262
-0.162,9022
0.207,979
-0.111,6984
-0.0754,8157
-0.174,9247
-0.0287,5585
-0.00744,5328
-0.242,10371
0.442,423
-0.202,8057
0.0887,3476
-0.192,10877
-0.0765,7300
0.0878,2865
0.00299,5247
0.168,2601
0.0882,2642
-0.0173,6187
-0.157,8272
0.0396,4540
0.275,1897
0.113,3782
-0.208,10734
-0.0506,6753
-0.107,10081
0.189,2541
-0.0811,6565
-0.221,7810
-0.0926,7552
-0.126,9767
-0.0389,6940
-0.141,10129
0.201,1417
-0.189,10580
0.194,789
-0.102,7594
0.326,523
-0.14,8794
-0.198,10200
0.0619,3574
-0.0111,6064
-0.181,9583
-0.13,8504
0.201,1432
-0.0339,5788
-0.00252,5596
-0.00747,5431
-0.166,9820
0.111,2849
0.0517,4019
-0.191,8165
-0.181,8752
-0.385,10794
-0.101,7886
0.141,1966
-0.0809,6060
0.115,3702
-0.12,10146
-0.154,8834
-0.000698,5312
-0.254,9857
-0.0894,6923
0.142,1384
-0.367,10648
0.393,1089
0.00309,5149
0.144,2896
-0.0502,6105
-0.259,9714
-0.119,8428
-0.0655,8006
-0.149,9275
0.141,2554
0.0236,4746
0.184,2023
0.0875,3626
0.0637,3879
0.0393,4174
0.017,4646
-0.108,8178
0.104,2859
-0.199,10590
-0.14,9939
-0.384,9331
-0.00542,5336
0.298,642
-0.116,8274
-0.0792,9300
0.0541,4108
-0.269,10474
0.177,1577
0.338,381
0.206,1823
-0.123,7525
-0.00862,5553
0.0531,3937
-0.0199,5730
0.0426,4236
-0.097,7233
0.0543,4284
0.146,1947
-0.171,7897
0.0899,3039
-0.189,8952
-0.453,8671
-0.0291,6434
0.154,337
0.193,1088
-0.0138,5374
-0.07,7638
-0.552,7915
-0.148,10307
-0.216,10798
-0.0734,7132
-0.208,8406
-0.442,10079
0.107,3250
0.0321,4439
-0.00683,5543
-0.0502,6247
-0.108,7791
0.0182,4640
-0.09,5266
-0.281,10319
-0.244,10598
-0.231,10049
0.065,3962
0.181,2312
-0.53,10740
-0.0402,7513
-0.0449,7208
-0.0421,6627
0.185,1249
-0.118,8426
-0.26,7981
-0.00929,5241
0.445,528
-0.221,6497
-0.226,10408
-0.0435,6392
-0.0678,7625
0.212,244
-0.0405,7128
-0.188,8785
-0.0671,7264
-0.0285,6201
-0.2,9666
0.118,1644
-0.142,10471
-0.0132,5822
-0.224,9742
0.35,796
-0.0253,5313
0.0886,3288
-0.259,10961
-0.157,8586
0.183,3062
0.076,3407
-0.305,10532
-0.00459,5471
0.306,735
0.319,1073
-0.029,6190
-0.465,10213
0.117,2933
-0.0384,7807
-0.0915,8539
-0.104,7272
0.19,1703
0.418,1107
-0.379,10580
0.19,745
-0.0759,8529
0.058,3639
-0.0343,6202
0.417,460
-0.0152,5795
-0.168,10701
0.0474,3377
-0.367,9538
-0.235,10774
-0.117,8007
0.131,3767
-0.0148,5869
0.194,1390
-0.148,8157
0.274,2271
0.343,884
-0.4,9633
0.218,1029
-0.219,10213
0.139,2823
0.352,1017
0.178,1334
0.428,1211
0.207,616
-0.0692,9971
0.0436,4479
-0.136,8621
-0.0502,5454
-0.203,9080
0.125,948
0.162,1259
-0.0873,6477
0.118,3322
-0.493,10119
-0.229,8839
0.11,2663
-0.0811,6318
-0.123,8763
0.0731,3095
0.0501,3611
-0.0821,6449
-0.0689,8482
-0.317,10842
-0.177,9046
-0.0185,5697
-0.587,8381
-0.307,7389
0.277,420
0.0881,3182
-0.0416,6511
0.139,3192
-0.118,8200
0.403,1857
-0.0683,7128
0.477,33
-0.25,10190
-0.187,5696
-0.0139,5854
0.676,273
0.0212,4432
-0.293,10418
0.347,422
0.348,928
-0.0858,7460
0.168,2621
0.0542,3671
-0.123,7379
-0.173,8826
-0.17,8920
0.0759,3652
-0.195,8020
0.0696,2815
-0.0672,7044
0.125,2514
-0.0991,7672
-0.0408,5867
0.505,199
0.0939,1872
-0.0749,8105
0.0493,4151
-0.079,7739
0.178,2728
-0.0154,5717
-0.278,10974
-0.214,9999
0.0022,5284
0.279,897
0.0899,1706
0.726,450
0.117,1450
-0.0731,9013
-0.0242,6221
-0.103,8967
-0.167,8997
0.0915,2961
0.199,2162
-0.13,9567
0.039,3863
0.0562,4451
-0.124,7396
-0.0443,5313
-0.504,9222
-0.0591,8575
-0.149,10551
0.148,2774
0.0681,3132
-0.0632,6584
0.555,977
-0.133,9691
0.15,227
0.0751,4055
-0.14,5647
-0.314,7579
0.188,2685
0.906,160
0.0334,4076
0.0858,3883
0.251,1547
-0.172,9821
-0.0434,7752
-0.0758,8099
-0.266,10345
-0.0466,5992
-0.00844,5083
0.222,1504
-0.258,9817
-0.0301,6605
0.199,945
-0.113,7019
-0.131,6525
-0.205,8743
0.168,1499
-0.509,11007
0.102,3371
-0.378,10843
-0.195,8892
-0.476,10244
-0.135,8099
0.0977,2508
0.0598,3220
-0.391,7868
-0.414,10205
-0.396,9963
-0.0687,6698
-0.0421,7001
-0.24,10871
0.725,774
-0.112,6142
-0.0751,4856
-0.521,10251
-0.0782,8029
-0.19,5177
0.319,2271
-0.205,8765
0.19,1571
-0.0386,5726
0.208,1580
0.0318,4881
-0.129,8485
-0.0567,6613
-0.0852,8094
-0.0306,6334
-0.209,9092
-0.189,9360
0.00315,5223
0.439,1063
-0.23,10017
0.0297,4670
0.209,324
-0.121,6662
0.0615,2922
0.21,855
0.0295,4822
0.0352,4450
-0.0419,6954
-0.274,10644
0.0204,4748
0.0962,3186
0.0539,2943
-0.134,10007
-0.207,8560
-0.127,7659
-0.553,10590
-0.0835,7139
-0.339,10142
-0.177,10887
0.169,3472
-0.349,8774
0.217,2452
0.403,324
0.118,2459
0.0119,5007
0.0405,4230
0.0996,3088
-0.248,10297
-0.194,9600
0.0526,3257
0.364,162
0.437,111
-0.144,8765
-0.118,7501
-0.142,7516
0.0383,4027
-0.129,10348
0.0726,3942
-0.424,8768
-0.0114,4583
0.194,997
0.0869,3226
-0.103,7918
0.372,828
-0.111,8188
0.0457,4152
0.138,1439
0.138,1176
-0.105,6425
0.415,221
-0.119,6849
-0.0907,7026
-0.176,10368
0.114,2520
-0.225,9175
-0.273,10749
0.258,2401
-0.326,9566
0.0836,2350
-0.105,7337
-0.178,9326
-0.312,10708
-0.128,8512
-0.142,9425
0.0768,2997
0.18,1338
0.0277,4626
-0.238,9148
-0.158,8770
-0.0951,5184
0.00676,4998
0.229,1985
0.14,3139
-0.115,8488
0.138,2776
-0.0457,7349
-0.263,9264
0.384,561
0.281,817
-0.0357,6692
-0.214,9627
0.14,1319
0.138,1390
0.0355,3521
-0.0887,7683
0.0725,3607
-0.127,7661
0.779,1757
-0.101,8418
-0.126,9190
0.183,1772
0.0827,2664
-0.336,9189
0.0595,4493
0.00892,5169
-0.0814,9828
0.12,3498
0.0628,3724
-0.0573,6291
0.216,831
0.157,1927
-0.0587,6806
-0.284,10102
0.013,4960
-0.0385,6369
0.0286,4536
-0.0467,7919
0.171,484
0.147,1875
-0.0764,7475
-0.357,10436
-0.139,9517
-0.112,6218
0.0124,4947
0.125,2769
-0.204,8760
-0.0691,7397
-0.108,6828
0.189,652
0.0886,2634
-0.177,9375
0.172,2527
0.168,2904
-0.312,10019
-0.0501,7259
-0.171,9454
0.148,2414
0.0851,3082
-0.196,6504
-0.0353,6603
-0.0788,7070
0.149,1103
-0.251,10757
-0.146,8934
-0.104,7563
0.503,1416
0.0481,4209
-0.247,10671
0.268,89
0.0795,3299
0.024,4640
-0.00675,5452
0.0215,4480
-0.00114,5423
-0.0976,6638
0.397,799
-0.135,7329
0.341,1148
0.148,1615
-0.0891,7026
0.704,228
0.0694,3630
-0.0851,6253
-0.00952,5586
0.0695,3260
-0.196,10292
-0.203,8763
-0.0507,5860
-0.151,6066
-0.172,8668
0.0527,4286
-0.0329,6640
0.28,686
0.478,467
0.368,2963
-0.0294,6265
-0.0374,5993
0.322,629
-0.177,10477
-0.106,7309
0.0172,4734
0.0325,4833
-0.142,9342
0.0113,5036
-0.355,10546
0.634,415
0.538,538
0.171,473
-0.106,8338
-0.129,5644
-0.00803,5151
-0.0654,6654
0.113,1891
-0.161,9650
0.113,1169
-0.125,10094
-0.23,10649
-0.103,7676
-0.162,10171
-0.0223,6050
0.132,1844
0.00834,5058
-0.154,9716
-0.408,10764
-0.119,9413
-0.258,10888
-0.0337,6815
0.376,701
0.305,129
0.0931,3927
0.047,4294
-0.366,10727
0.000468,5416
0.0922,2581
-0.0415,6410
-0.0845,7479
0.141,2736
-0.0365,6382
0.0554,2686
-0.233,10053
0.00915,4890
-0.0839,8443
0.044,4008
0.0375,3713
-0.0355,6992
-0.131,8779
-0.218,9407
-0.294,9661
0.308,2024
-0.234,10455
0.101,1527
-0.0983,6696
-0.226,10189
0.315,818
-0.0806,5153
-0.127,9040
0.0954,2875
0.0104,4880
0.0535,4089
0.169,2004
0.15,1542
0.0916,3358
-0.201,9486
0.0589,3954
0.061,3905
-0.136,6233
0.352,1497
0.0451,3782
-0.0469,8166
-0.0321,6416
0.223,923
0.0276,3990
0.102,3527
0.0206,4615
0.0925,2526
-0.23,9286
0.162,1176
0.386,1861
-0.168,8795
0.0868,2700
-0.0407,7632
-0.234,10088
-0.00968,5674
-0.335,9976
-0.0831,8130
-0.016,5800
-0.181,10292
0.0613,4345
-0.106,7355
0.0175,4990
-0.0946,8081
0.114,4150
0.0547,3158
0.155,2025
-0.223,10046
-0.241,9143
0.2,649
0.0785,2788
-0.0328,6107
0.725,1051
-0.0432,6230
-0.0253,6333
-0.118,7653
-0.177,9516
0.237,1466
-0.00362,5453
0.115,2611
0.0334,4076
0.474,1494
0.0233,3685
0.166,1055
-0.0725,7690
0.264,854
-0.421,10541
0.064,3765
0.0832,3664
-0.0514,7352
-0.0674,7576
-0.12,8048
-0.169,9393
-0.201,7875
0.321,1104
-0.04,6636
-0.134,7725
0.106,2744
0.258,1983
0.0479,4330
0.000961,5402
-0.0667,7236
0.232,553
0.148,2508
0.594,112
0.423,33
-0.00974,5465
0.0833,3120
-0.0353,6309
-0.111,7434
-0.0838,8020
0.17,708
-0.116,9270
-0.196,9245
0.312,879
0.139,3665
0.156,2723
0.315,1074
-0.0148,5921
0.105,2318
0.144,1995
-0.0177,5542
0.274,2414
-0.258,8190
-0.0928,9652
0.257,1022
0.117,3094
-0.225,9749
2.2,8
-0.0789,7345
-0.164,9811
0.0481,3524
0.379,1756
0.0517,3816
0.155,2964
-0.0597,6004
0.0697,3443
0.297,1496
0.24,616
-0.0167,5651
-0.0341,6492
0.113,3717
-0.075,9169
-0.0795,8968
0.00649,5351
0.325,1109
-0.304,10045
-0.149,7614
-0.0642,6926
0.0108,5115
-0.171,9832
0.0645,2871
-0.174,8130
-0.378,10917
-0.00521,5667
-0.0601,6679
-0.201,8218
-0.126,8733
0.31,586
-0.0693,6347
-0.235,9872
0.0302,2739
0.0705,3720
0.345,1001
-0.286,9633
-0.0264,6037
-0.000229,5432
-0.209,9775
-0.547,9166
0.0386,4435
0.201,2230
-0.205,10325
-0.0675,7131
-0.0374,6211
-0.32,10760
0.125,2955
-0.0804,7142
0.184,1140
-0.0104,5772
0.0368,3354
0.488,572
0.157,1591
-0.273,8921
-0.131,8970
-0.162,9213
0.0534,3856
-0.147,9656
0.021,4743
0.0113,5144
-0.182,7538
-0.0587,9064
-0.0748,7662
0.356,803
-0.0972,7448
0.302,811
-0.0613,6995
0.0224,4573
-0.0551,7552
-0.0736,6671
-0.392,10546
0.139,1229
0.0238,4602
-0.00865,5940
-0.00292,5531
-0.139,8422
-0.0906,8321
0.0723,4196
-0.288,10037
-0.325,10506
0.082,1784
-0.211,9069
-0.273,10459
0.0559,3935
0.371,281
0.0851,2987
-0.0618,6847
-0.233,9316
-0.137,6236
-0.0278,5936
0.305,866
0.226,525
0.122,2853
0.986,775
-0.208,9167
-0.175,8168
0.0974,3520
-0.0144,6512
-0.215,10452
-0.138,7889
0.0772,3298
-0.0357,6353
-0.217,9490
-0.0209,6412
-0.22,10761
0.0982,3468
-0.0464,5973
0.135,2890
-0.0859,7224
-0.00634,5746
-0.0764,7544
0.382,608
-0.0624,6370
0.468,35
-0.0879,6828
0.0374,4263
-0.0409,6737
0.434,1312
0.163,2763
-0.282,6227
-0.13,7131
0.0813,2806
-0.0805,7733
-0.524,10935
-0.0656,6525
0.349,34
0.266,1102
-0.0138,5752
-0.0689,7415
-0.514,7937
0.325,980
-0.00448,5579
-0.296,10073
0.0577,4080
0.172,1584
-0.0119,3938
0.782,101
-0.0209,5892
-0.396,9388
-0.202,8870
0.106,1917
-0.362,8197
-0.0198,6260
-0.463,10458
0.123,2030
-0.0879,8174
0.223,1024
-0.314,10073
-0.0875,6369
-0.132,6364
0.318,1312
0.136,3186
0.412,400
-0.32,10266
0.246,1908
-0.813,9279
0.277,720
-0.0385,6959
-0.11,7144
0.134,3397
0.0405,4688
0.198,2462
-0.0106,5707
0.0402,4334
-0.157,9797
-0.22,8500
0.158,2101
-0.715,10351
0.086,3945
0.0537,3447
0.205,1084
0.152,2658
-0.0454,7333
0.642,827
-0.237,9775
0.0421,3516
0.0736,3302
-0.598,10496
-0.174,8324
-0.233,6231
-0.315,10271
-0.0474,6608
0.0194,4341
-0.233,9578
-0.333,10968
-0.435,10625
0.0446,3962
-0.0278,6340
0.125,1257
-0.00785,5194
-0.048,6342
-0.0594,6429
0.00817,4870
-0.103,8491
0.0802,2331
0.008,5109
-0.216,8850
0.31,1965
-0.166,7735
-0.00405,5687
0.0435,2950
-0.131,8327
-0.434,9295
-0.0475,5638
-0.222,9516
-0.0561,6709
0.0106,4829
0.213,1366
-0.112,7492
-0.0702,7487
0.107,2899
0.103,3047
-0.0163,6178
-0.0306,5590
-0.0589,6712
0.282,1262
0.342,851
-0.15,8685
-0.124,8524
-0.00789,5728
0.137,589
0.139,2514
0.0298,5047
-0.206,10886
0.115,3140
0.289,423
0.641,109
0.0603,4300
-0.0972,7450
-0.00549,5505
-0.261,10138
0.253,759
-0.484,10658
-0.0955,7382
-0.457,8513
0.11,2648
0.209,2106
0.162,2855
-0.243,7628
0.127,2969
-0.0327,6057
-0.0906,7758
0.0826,2575
-0.0826,8476
0.277,625
-0.115,6995
-0.135,8130
0.119,2001
0.0685,3600
-0.292,10694
-0.068,8018
0.0772,4205
-0.266,10092
-0.252,10958
0.212,602
0.203,1553
0.0453,4384
-0.324,10439
0.0295,4531
-0.0951,8207
-0.0679,7391
0.2,778
-0.131,8335
-0.259,9331
-0.0158,5666
-0.0728,7498
-0.122,9499
-0.0615,6219
0.471,2260
0.128,1664
-0.232,10235
-0.135,8694
-0.367,10677
0.251,1290
-0.01,5658
0.00705,5193
0.0983,2260
-0.0309,6517
-0.103,10202
0.0557,2673
-0.00486,5910
-0.0511,7127
0.135,1696
0.00411,5213
0.37,1036
-0.281,10791
-0.172,9198
-0.0442,6591
-0.00289,5574
-0.186,9689
-0.0571,7912
0.324,1939
0.278,754
-0.129,10144
-0.224,9916
-0.12,6062
-0.138,7999
-0.182,9543
0.0581,3949
-0.00516,5596
-0.429,7641
0.0556,3730
0.333,1028
0.0251,4542
-0.0883,8459
-0.276,7818
-0.0101,5412
-0.323,10450
0.249,1617
-0.0613,6447
-0.125,9118
0.415,301
-0.19,9491
-0.119,7494
0.017,4499
-0.0352,6258
0.152,2821
1.79,436
0.00668,4926
0.26,748
-0.0452,6623
-0.0389,6237
-0.122,8581
-0.145,7616
-0.104,6132
0.0488,4309
0.133,2145
0.0295,4161
-0.184,8492
0.168,1782
-0.129,6790
0.267,114
0.136,557
0.133,2885
-0.0487,6466
0.117,2762
0.0769,2906
-0.194,10585
0.183,2392
-0.334,9609
0.126,1825
0.0964,3314
0.0724,3567
-0.101,8590
-0.169,9046
0.00273,5020
0.207,1821
-0.456,10392
-0.175,7028
-0.0896,8199
-0.102,9226
0.035,4547
-0.132,7525
-0.177,8455
0.083,3848
-0.0392,6768
0.246,1478
0.179,1403
0.0711,3585
0.226,355
0.0329,4219
-0.0753,7571
-0.24,10072
0.0531,4196
0.197,1544
0.419,1148
0.182,2868
0.129,1720
-0.0124,5968
0.079,3321
-0.394,10663
-0.0814,6811
-0.499,9541
-0.185,10315
0.188,1387
-0.177,9222
-0.453,10508
-0.0139,5563
-0.197,8668
0.0564,1807
-0.0919,7912
-0.0167,5735
-0.281,10209
0.102,2861
0.0545,2958
0.157,1500
-0.00071,5254
0.192,2942
0.24,2315
0.555,1101
0.407,594
0.0676,3353
0.153,1328
-0.0282,5652
0.0947,2823
-0.00572,5116
0.365,1058
-0.0526,6696
0.0827,2626
-0.0859,7227
0.199,2190
-0.701,8208
0.197,1761
0.0895,2768
0.137,2736
0.0371,4529
-0.306,9608
-0.403,7280
-0.317,9621
0.0892,1924
0.184,1250
0.119,2940
0.0518,4054
-0.00663,4958
-0.107,8621
0.189,1017
-0.0955,7653
-0.189,8055
0.0536,4394
0.0606,4098
-0.167,9576
-0.0301,6748
-0.0532,7010
0.713,426
0.13,2146
0.101,2538
0.842,668
0.0969,1960
0.17,1801
0.16,1511
0.242,550
0.098,3279
0.00188,4733
-0.0931,6480
0.069,3604
-0.302,9025
-0.17,9808
-0.242,7423
0.0922,3289
0.168,833
-0.239,9558
0.0272,4603
-0.0317,5796
0.323,1786
0.422,2178
-0.176,10751
-0.0612,7358
-0.197,8904
-0.396,9780
0.289,1906
-0.0426,6487
-0.0502,7700
0.0474,3832
-0.0315,6233
0.0727,3895
0.298,2398
0.233,492
-0.0507,6471
-0.215,9739
-0.0853,8066
0.0656,4005
0.0117,4996
-0.112,8296
-0.299,10782
-0.0656,7300
-0.0122,5090
-0.149,9429
0.0317,4446
0.00384,5142
0.0885,3540
-0.239,9621
0.235,1241
0.319,384
-0.0522,6913
-0.00691,5483
-0.109,8699
-0.0678,6247
0.298,666
0.0773,2806
-0.313,10546
-0.104,8146
-0.0453,7860
-0.00403,5804
0.063,4336
-0.341,10671
-0.0378,5866
0.0448,3455
0.194,1702
0.00191,5272
-0.639,7613
-0.29,9979
0.417,1520
-0.272,9020
0.251,1931
0.0989,2439
-0.169,8359
-0.497,10938
0.136,1951
-0.1,6747
-0.0618,7170
-0.0167,6440
0.0363,4594
0.105,2796
-0.551,8200
-0.117,8711
-0.0785,6957
-0.141,9720
0.0609,4259
-0.0468,6019
-0.481,10982
-0.00458,5492
0.235,121
-0.261,10867
-0.189,7136
-0.0349,5864
0.0409,4292
-0.0255,3089
-0.0902,6547
0.0931,2667
-0.242,9696
-0.318,10314
-0.588,8729
0.0114,5097
0.0942,1934
-0.219,10872
-0.0157,5843
0.0767,3155
-0.018,5811
0.0164,4805
-0.108,8810
-0.0383,6284
0.134,2806
0.335,1901
-0.373,9808
-0.0295,5837
0.159,1678
0.0116,5014
0.333,742
-0.00992,5615
0.105,1969
-0.0937,6989
0.25,395
-0.176,9899
-0.163,8759
-0.132,9840
0.101,3770
-0.433,10472
0.0543,2974
-0.177,10812
-0.3,10520
0.0607,3750
-0.137,8589
-0.393,10821
-0.136,10397
-0.012,5805
0.295,255
0.184,2729
-0.472,9977
-0.117,7888
-0.013,6042
-0.0425,6993
0.158,2676
0.0548,4287
-0.233,9133
-0.187,5979
-0.0573,8357
-0.142,10025
-0.188,7644
0.179,1242
0.131,3806
-0.164,9360
-0.0939,9115
-0.079,8962
0.0919,3790
-0.0473,7400
0.212,2608
-0.0727,7244
-0.184,8775
0.0181,4650
-0.0178,5713
-0.208,7097
0.024,4421
-0.00522,4664
-0.217,10074
-0.051,7186
0.208,1919
-0.311,9915
-0.277,10454
1.1,213
-0.0702,7641
-0.112,8429
-0.257,6908
-0.0638,4113
0.00808,5328
0.199,2331
0.83,56
0.142,3488
-0.156,8401
0.03,4155
0.114,2342
0.338,868
-0.153,7572
-0.235,7882
-0.0133,5167
-0.107,9794
0.135,1147
0.256,929
-0.0794,8033
0.0225,4663
0.119,2493
0.197,238
0.211,515
0.184,2533
0.235,1825
0.0239,4964
-0.0436,6400
1.32e-05,5463
-0.0874,8748
-0.247,9722
0.256,1093
-0.106,7395
-0.0425,6024
-0.163,8762
-0.141,9157
0.0435,4638
0.438,1112
-0.0299,6489
-0.0746,6677
0.0122,4920
0.00599,5184
1.32,302
-0.0458,6653
0.391,1127
-0.121,10355
0.0299,4140
-0.0992,9517
-0.663,8488
0.137,3939
-0.853,10519
-0.0508,5718
0.185,1505
0.0894,2707
-0.461,8380
0.687,815
1.54,951
0.25,2607
-0.32,7849
-0.221,6603
-0.446,11001
-0.112,7255
-0.013,5670
0.177,428
-0.203,8412
-0.573,10383
-0.465,9835
1.83,68
-0.165,8434
0.164,2190
0.0019,5347
0.206,1726
-0.301,10279
-0.0458,6441
0.156,2151
0.318,386
-0.0517,6497
0.196,1497
0.313,1483
0.144,623
-0.0549,8172
-0.289,10286
-0.0757,7408
0.237,469
-0.11,8489
-0.0769,6799
-0.152,9322
0.0569,2855
-0.584,7890
-0.398,10306
0.394,1191
-0.109,6922
0.138,2307
-0.066,6550
1.56,404
0.094,3740
0.0959,3436
0.498,386
0.0384,3525
-0.00871,5500
-0.123,6307
0.0741,2920
0.153,3214
-0.023,7058
0.0883,215
0.074,3860
-0.257,10152
-0.0692,6348
0.201,1207
-0.17,10074
-0.287,10306
0.00678,5010
-0.144,8389
0.486,100
-0.222,9270
-0.26,10261
0.00369,5325
0.166,3171
-0.223,9046
0.574,498
-0.0562,7901
-0.141,9541
-0.13,8146
-0.167,9174
0.11,2522
-0.298,9459
-0.361,9933
-0.177,7988
0.0128,4959
0.209,2356
0.375,650
0.566,40
0.154,1022
0.0461,3672
0.226,455
0.0659,4235
-0.319,10101
0.16,1131
-0.624,10409
-0.0274,6610
-0.176,9929
0.0548,4364
-0.262,9574
-0.0764,6700
-0.102,7696
0.4,53
0.37,819
0.149,2835
0.274,1128
-0.278,9959
-0.0269,7011
-0.00745,5798
-0.116,8836
0.448,1359
0.208,1163
-0.0954,7329
-0.0465,7759
0.119,2307
-0.201,10731
0.132,1632
0.0359,4514
0.327,392
0.046,4215
-0.0185,5961
0.0741,2403
0.23,431
0.111,2263
0.599,225
-0.0723,6587
-0.0766,7723
0.332,249
0.0656,3699
-0.0873,7547
-0.274,10184
0.0393,4363
-0.0318,6752
0.025,4680
0.292,1121
0.357,485
0.173,2222
0.153,1765
-0.0295,5887
-0.00665,5640
-0.0524,6948
0.078,3477
0.128,1494
-0.0548,6995
-0.13,9315
-0.314,9802
0.0205,4876
0.0409,3690
2.29,596
-1.68e-05,5511
-0.00645,5362
0.0145,5021
-0.264,6229
0.0117,5170
0.241,1755
0.0703,3176
0.0339,4050
0.0851,3307
-0.174,9411
-0.18,9092
-0.118,8339
0.0392,4324
-0.00881,5795
0.221,2603
0.0141,4793
0.193,2194
0.185,1771
0.398,650
-0.0224,6314
-0.0334,6174
-0.261,10197
-0.071,7776
-0.131,6481
0.0436,4333
0.0164,5017
-0.33,9374
-0.0252,5258
-0.319,8667
0.0113,4863
-0.0909,7102
0.149,2536
0.641,173
0.227,2200
0.318,1335
0.0353,4391
0.0499,3629
-0.0456,6905
-0.137,8586
-0.102,8277
-0.209,10291
-0.0515,6850
-0.126,8369
-0.0496,6577
0.00696,5251
0.0322,4474
-0.0235,6110
-0.224,10458
-0.0955,7424
-0.122,8656
-0.353,11002
-0.151,8069
-0.0301,6129
0.0561,2616
0.129,322
0.12,2679
-0.0985,8049
0.0478,4328
-0.242,8437
-0.162,9508
-0.0362,5963
-0.0979,6797
0.239,1476
0.228,998
0.406,465
0.0269,4633
0.218,1171
-0.0107,5687
-0.0966,6473
0.22,3268
-0.269,9783
-0.0761,6467
0.0713,1930
0.00418,5341
-0.0347,5865
0.322,953
-0.119,8486
-0.106,10309
0.0609,2159
-0.00429,5293
0.253,164
-0.0884,7600
0.176,976
0.155,1045
-0.259,10822
0.0225,4752
-0.243,9594
-0.218,10799
0.0743,3484
0.0945,2454
-0.122,9958
0.0561,3819
-0.291,10768
0.301,1246
0.169,772
-0.11,7197
-0.0981,8518
-0.038,6572
0.0353,4112
0.678,716
-0.0487,6181
0.205,819
-0.0539,6778
0.205,1822
0.193,1508
-0.558,10864
0.101,3185
-0.183,10259
-0.0529,7450
-0.149,8218
-0.23,8035
0.16,1883
-0.0272,6146
-0.0621,8804
0.00915,4979
-0.125,9331
0.174,2353
-0.191,9313
-0.227,9199
-0.0492,6616
-0.0848,7287
-0.277,10458
0.141,1935
-0.277,8750
-0.162,5953
-0.214,10452
0.0564,3175
0.004,5289
-0.0565,6219
0.0837,3781
-0.00186,5111
0.088,2999
-0.0121,6281
0.319,1055
0.0646,3757
0.174,2232
-0.103,8436
-0.123,8544
-0.0348,6579
-0.111,7159
0.113,2350
0.243,1657
-0.407,7898
-0.177,9760
-0.161,8918
-0.13,7910
-0.186,10567
-0.226,10275
-0.0232,5622
-0.11,9487
0.0425,3649
-0.288,10313
0.101,2812
-0.247,10225
-0.21,9736
-0.128,9579
-0.109,8282
0.159,1232
0.135,1881
0.252,2032
-0.073,7573
-0.356,10541
0.286,1040
0.198,821
0.948,397
-0.135,7956
0.126,760
-0.0624,7692
-0.133,9250
-0.0575,6807
-0.533,9974
0.0114,5240
-0.0496,8209
0.125,1652
0.0958,3252
0.0129,5386
0.139,1334
0.226,2824
0.127,1684
0.0018,5307
0.0593,3624
0.095,3726
-0.206,7760
-0.441,10387
0.119,1174
0.208,742
0.00301,5274
-0.4,10831
0.00155,5091
0.00919,5105
-0.102,8737
0.0587,3347
0.0811,4051
0.349,304
-0.0189,5799
-0.0706,6043
0.017,4812
-0.149,9152
0.249,2603
-0.0468,6585
0.37,393
-0.302,8288
0.15,2197
0.121,2874
-0.252,8788
0.19,1603
0.0114,4910
-0.373,10558
0.0134,5016
-0.175,8986
-0.0815,7420
-0.194,9006
-0.0572,6390
0.403,944
0.0146,4944
-0.0962,8665
0.0441,4411
-0.235,8214
-0.185,8271
0.133,3113
-0.243,10783
-0.0528,7399
-0.111,8542
-0.0658,6417
-0.13,9615
-0.206,9283
0.0766,3899
-0.0586,7584
0.167,2563
0.133,2855
-0.0806,7592
-0.425,10674
0.0226,4496
-0.0714,8507
0.12,2790
0.0303,4361
-0.137,5398
0.344,1191
0.0567,4439
-0.194,10594
-0.107,8502
-0.0602,6127
-0.254,9573
0.11,3167
-0.0495,7146
-0.0353,7312
0.0734,4006
-0.111,8697
-0.00982,5423
-0.143,8963
0.138,2222
-0.0277,6097
0.0601,4037
-0.368,10709
-0.217,9048
0.386,1351
0.0769,3420
0.00585,5241
-0.126,7506
0.443,1029
0.254,1463
0.326,2946
0.113,799
0.0596,3569
0.171,3043
0.101,2266
-0.316,8631
0.00721,5112
0.0697,3329
-0.0781,7979
-0.152,8626
-0.158,7738
0.126,3352
-0.126,7025
0.213,931
0.0902,3505
-0.471,7013
0.0405,3891
-0.159,9901
0.0452,4493
0.0317,3844
0.105,1432
-0.109,7254
-0.266,10266
-0.0821,5962
-0.043,6910
-0.24,10209
-0.224,9720
0.0609,4280
-0.0107,5564
0.185,1142
0.168,2231
0.0415,3896
-0.183,10032
0.662,1298
0.0654,3334
-0.109,9007
0.426,617
-0.0442,6876
0.0275,3925
-0.779,10050
-0.0717,4763
0.0248,4670
0.159,2544
-0.271,10441
0.0116,5092
-0.0828,7199
-0.00056,5263
0.169,2427
-0.0732,8837
0.062,2208
0.0106,5070
-0.162,8380
-0.154,6475
-0.00627,5242
0.492,847
-0.248,9599
-0.00486,5172
0.0203,4341
0.128,1996
0.602,24
0.0679,3431
-0.0263,7477
0.121,1858
-0.233,8871
0.188,1943
-0.313,8028
-0.141,8410
-0.234,10630
-0.61,10719
0.195,1470
0.139,3026
0.0547,4429
1.03,30
-0.0637,7198
-0.824,10711
0.00556,4919
0.223,1882
0.0642,3703
-0.323,8367
-0.107,7934
-0.165,10345
0.0132,5136
0.184,2035
0.263,275
0.205,2051
0.106,2592
-0.271,10613
0.0608,3821
0.422,346
0.0953,3008
0.328,1238
0.553,1933
0.0298,4925
0.204,1349
-0.161,8716
0.254,466
0.0773,4027
-0.0567,7115
-0.0441,7103
-0.0029,5877
-0.348,10284
0.182,2635
-0.281,9177
0.056,3938
-0.0182,5760
-0.0591,7771
-0.224,10740
-0.0569,6958
-0.263,9693
-0.385,9965
-0.0893,8819
-0.168,9548
-0.127,8742
-0.202,10116
0.0702,3837
0.123,2979
0.0495,2119
0.075,2723
-0.198,9677
-0.0922,8949
0.471,12
-0.0718,6141
-0.0258,5816
-0.0584,6665
-0.354,10191
0.036,4471
-0.137,9232
-0.218,10050
0.119,2519
-0.0995,7805
-0.131,7906
-0.175,8820
-0.0275,6299
-0.0927,8408
-0.245,9562
0.198,3194
-0.398,9572
-0.125,8478
0.125,1949
-0.032,7061
0.65,1215
0.0824,3517
-0.578,10933
0.508,94
-0.103,8665
-0.201,9832
0.0215,4498
0.219,609
0.0758,3590
0.178,2533
-0.0494,7260
-0.0467,8178
-0.124,7461
0.11,3699
-0.037,6231
0.106,3900
0.12,2215
0.0134,5013
-0.292,10320
-0.00683,5761
-0.391,9156
-0.0317,6837
-0.0745,7640
0.0183,4810
-0.456,7187
-0.129,8901
0.183,2701
0.0513,4112
-0.0207,6129
0.348,161
-0.00457,5503
0.15,2744
-0.0708,6566
-0.0409,6505
-0.127,9437
0.228,572
0.339,481
0.249,1430
0.462,1801
0.00595,5043
-0.0684,6772
0.0564,3773
-0.14,9760
0.022,4271
-0.212,10105
0.00977,4979
0.137,1095
0.0295,4460
-0.0583,7012
-0.0737,7147
0.00749,5207
0.268,729
0.241,1081
-0.144,7265
0.296,292
-0.267,9135
-0.0169,5618
-0.23,9859
0.0348,4189
-0.104,9221
-0.11,8025
-0.254,10191
0.0646,3953
-0.0539,7740
-0.146,8966
-0.16,10789
-0.202,8380
-0.191,10112
-0.367,10864
-0.054,6026
0.038,4339
0.182,1651
-0.0983,7599
-0.105,7608
0.212,2724
-0.00192,5417
-0.000543,5347
-0.0981,7458
0.387,739
0.103,2157
0.214,1651
0.12,2300
-0.216,8999
0.11,2299
-0.304,10574
0.0553,4300
-0.24,7404
-0.0981,8509
-0.00579,5441
0.226,1144
0.143,2468
-0.0673,7677
-0.0188,5534
-0.0683,5894
-0.0662,7549
0.0176,4812
-0.197,8521
0.0111,5119
0.4,230
0.0667,3730
-0.114,8424
0.166,2100
-0.128,8891
-0.0183,5945
0.173,2020
-0.276,10143
0.0755,2547
-0.0987,7943
0.0703,3998
0.0252,4677
-0.265,9149
-0.225,8906
0.0609,3847
-0.159,9772
-0.382,10903
-0.256,9838
0.407,505
-0.0477,7184
-0.0976,6362
-0.112,8506
0.351,818
0.0268,4751
0.0157,4960
0.364,459
-0.0536,7708
0.0904,2450
0.12,2777
-0.191,7966
-0.229,7937
-0.188,9650
0.128,1692
0.191,1290
-0.146,9099
-0.0775,6598
0.00601,5334
-0.246,9904
0.118,2976
0.0707,2739
-0.107,6371
-0.276,9325
0.0577,3508
-0.162,7344
0.00121,5488
-0.127,9875
0.113,2400
0.108,2881
-0.0424,6898
-0.0155,5848
-0.113,8355
-0.0187,5341
-0.13,9303
0.171,2345
0.771,511
-0.0794,8606
0.0805,3378
-0.0749,7624
0.141,1912
0.0871,3471
0.179,2726
0.22,2383
-0.111,8317
0.22,808
0.0132,4890
-0.336,10413
0.00164,5500
0.138,1957
0.124,871
-0.134,10250
0.27,1675
-0.221,7436
0.615,210
0.164,2081
-0.079,8013
0.14,1237
-0.0332,6106
-0.205,10069
0.0559,4470
0.23,1770
-0.00473,5414
0.125,1068
0.781,7
-0.235,10620
-0.339,7741
-0.142,7747
-0.00844,5831
-0.0107,5634
-0.00967,5525
-0.157,8552
-0.0557,7815
0.0221,4657
0.312,367
-0.114,8048
-0.279,10849
0.307,1444
0.144,1860
-0.161,9298
-0.0505,7394
-0.246,10863
0.154,1214
0.177,3318
0.0758,4227
-0.125,8100
0.22,1410
-0.288,10784
-0.0888,6743
-0.0311,5781
-0.427,10775
-0.376,10433
-0.0977,8109
-0.255,9803
0.0543,4390
-0.218,10405
-0.153,8820
0.268,2208
-0.121,10226
0.0803,1685
0.0676,3545
0.143,2690
0.186,1272
-0.0605,7408
0.072,3159
-0.241,10634
-0.132,8854
0.0875,3604
-0.476,9660
0.419,1406
0.26,695
0.0262,4600
-0.0606,7487
-0.012,5458
0.024,4587
-0.173,9421
-0.134,10042
0.067,2344
-0.164,7916
-0.105,8425
-0.0963,6507
0.0134,5106
0.00425,5248
0.166,1721
-0.0645,6681
-0.371,10750
-0.209,7245
0.284,2217
0.0361,4432
-0.00339,5724
-0.0895,7614
-0.22,10515
-0.0595,6851
-0.046,5417
-0.32,10288
0.0288,4488
-0.042,5698
-0.222,8867
-0.138,7436
0.038,4476
-0.163,9320
0.0119,5004
0.352,93
-0.00333,5243
-0.141,8287
-0.348,10261
0.0877,2350
0.0468,3853
-0.162,7386
0.131,2625
0.152,3182
-0.436,11028
-0.0951,8522
0.0251,4709
-0.226,9668
-0.108,7847
0.234,1279
0.0405,4854
0.12,3155
0.161,1065
-0.0405,6444
-0.158,7905
-0.154,9576
-0.0243,7530
-0.0574,8020
0.0416,3734
-0.0423,6718
-0.237,8412
0.0229,4810
-0.121,9598
-0.239,9176
0.171,1855
-0.0935,7528
0.0969,2536
-0.00858,5153
-0.113,6468
0.0158,4849
-0.0665,8864
0.242,944
0.126,2664
0.281,2276
0.26,769
0.336,603
-0.221,10816
-0.395,10316
0.275,1020
0.0361,4647
-0.365,10075
0.0566,3360
-0.0496,7249
-0.297,9716
0.251,1992
0.068,3486
0.165,1140
-0.244,9123
0.0368,4025
0.302,606
0.0759,3198
0.0415,3959
-0.106,6908
-0.195,9009
-0.149,8926
0.0482,4221
0.669,82
0.158,2361
0.223,1263
0.0206,4349
-0.116,7201
0.0397,4564
-0.00473,5124
0.108,2340
-0.0357,6663
0.0519,3191
0.0726,2529
-0.302,10390
-0.367,9694
-0.108,7714
0.0864,3587
0.0351,3642
0.0752,3020
0.377,1398
0.126,2613
-0.0354,5761
-0.0411,6331
-0.155,8132
0.0218,4624
-0.148,9185
0.0928,4028
0.225,2020
-0.0187,5779
-0.203,8535
-0.108,8726
0.0198,4727
0.233,2589
-0.317,9318
-0.0406,6578
0.306,339
0.0279,4235
-0.387,10878
-0.0668,6990
-0.182,9128
-0.0518,6853
0.0766,2835
0.11,2101
-0.143,8333
-0.227,8979
-0.126,7719
0.00729,4757
0.0264,4063
-0.203,10679
0.123,913
0.125,3189
0.0436,4388
0.488,200
-0.0759,7954
0.208,1501
-0.161,8515
0.176,1016
-0.00183,5301
-0.0304,6465
0.181,1016
-0.184,9115
-0.063,7629
-0.0511,6096
-0.32,9703
-0.146,9491
0.0601,2348
0.00951,4962
-0.0461,6355
0.122,2102
-0.105,6316
-0.0211,6388
0.00659,5071
0.24,616
0.29,813
0.0389,4360
0.25,2774
-0.361,10390
0.0521,3537
-0.255,9062
-0.00867,5405
-0.197,8602
0.74,548
0.0685,2141
-0.166,9877
-0.0281,5387
0.0288,4693
-0.0715,6859
0.0306,4307
0.147,412
-0.0636,7716
0.095,3036
-0.123,6915
-0.147,5850
0.117,2940
-0.0201,7449
0.0188,4767
-0.14,8555
0.0356,3898
-0.799,10235
0.0921,3761
0.00501,5196
0.044,4025
-0.107,8289
0.0367,4660
0.133,1750
-0.398,9418
0.209,816
-0.257,10984
-0.213,9391
-0.019,5605
0.206,3159
0.453,306
-0.139,8669
0.386,2417
0.0993,3325
-0.11,8081
-0.189,9155
-0.175,9256
-0.119,9747
-0.17,9210
-0.00677,5566
0.211,1598
-0.232,9332
-0.153,7399
-0.0135,5657
-0.0149,5960
-0.165,10251
-0.0458,5393
0.695,1313
0.175,2934
0.219,565
-0.0582,8650
-0.252,10227
0.0251,4695
0.262,2259
0.00923,4815
0.00794,5037
0.0456,4300
0.0377,4475
-0.183,9771
0.103,1303
-0.0121,6021
0.134,980
-0.18,10794
-0.122,5193
0.108,2606
-0.142,8793
-0.0683,6351
-0.184,9775
-0.156,9448
-0.426,9797
0.052,4467
-0.0781,6280
-0.208,7963
0.0621,3147
0.266,787
-0.0988,6906
-0.0445,6076
0.179,2897
-0.114,7605
-0.312,10716
-0.115,7589
-0.113,9548
0.0998,2551
-0.0295,6261
0.143,1728
-0.0739,7774
0.289,95
0.373,851
-0.235,7683
-0.392,10217
-0.161,7949
-0.132,9306
-0.308,10768
-0.0271,5937
-0.168,7842
-0.38,9925
0.584,104
-0.0516,8381
0.252,665
-0.0694,6539
0.0143,4801
0.0356,4647
0.0552,3980
0.203,1357
-0.146,8314
0.0404,4458
-0.0398,6996
0.00651,5289
-0.0653,5945
-0.0212,6392
-0.0106,5575
-0.133,7568
-0.209,8266
-0.0115,5869
-0.356,9224
0.127,1211
0.327,177
-0.154,8291
0.0769,3334
-0.199,9309
-0.25,6566
0.101,2476
0.227,1017
-0.095,6805
-0.279,10747
0.00023,5375
-0.0829,6496
0.155,844
-0.17,9507
-0.22,10327
-0.162,8608
0.0226,4908
-0.54,10515
-0.221,9263
-0.126,7906
0.25,1437
-0.0112,4801
0.297,1224
-0.387,6896
0.191,1661
-0.0898,9621
-1.15,10198
0.133,3286
0.0173,4338
0.192,2370
-0.112,9271
0.0621,2978
-0.31,10654
0.0338,4411
0.0754,3853
0.258,1910
-0.106,9270
0.152,1615
-0.115,9134
-0.247,8842
-0.166,8802
0.189,2441
0.154,1967
0.292,205
0.0374,4397
0.102,3294
-0.0836,6720
-0.368,10615
-0.0341,6124
0.163,628
-0.0317,6056
-0.275,10323
-0.33,8965
0.508,1832
-0.0598,7091
-0.0212,6459
-0.0444,6524
-0.016,5676
0.119,3497
0.896,7
0.108,2125
-0.207,9109
-0.348,10392
-0.27,9270
0.167,2462
-0.208,10448
0.0526,3720
-0.0496,6679
-0.111,8696
-0.0562,7874
0.38,387
-0.086,7896
-0.197,9889
-0.0198,5996
-0.038,5963
-0.0956,7706
0.149,2876
0.00312,5080
0.0407,3885
-0.151,8726
0.13,2225
0.0355,4567
-0.347,9817
-0.111,8218
-0.0427,7037
-0.233,10595
-0.261,10653
-0.0197,5801
-0.0418,6566
0.102,3849
-0.117,9683
0.177,1950
-0.0756,6968
-0.119,8645
-0.257,8545
-0.261,8681
0.105,1715
-0.0542,7074
-0.0784,8417
0.182,2644
-0.0932,6696
0.0387,4392
-0.119,7976
0.0732,2530
0.186,1308
0.124,2221
-0.22,7596
0.0654,3238
-0.114,9457
0.199,560
0.0302,4696
0.357,1364
0.129,2953
-0.326,8179
-0.0675,8314
0.136,2901
-0.215,8613
-0.071,6804
-0.00772,5691
-0.0233,6109
0.162,1917
0.207,532
0.14,1500
0.0929,2524
-0.209,8671
0.142,2558
0.0232,5070
0.516,297
-0.268,8579
-0.0358,5637
0.29,363
0.319,257
-0.066,6712
-0.328,8634
-0.000334,5451
0.0996,3340
0.159,1497
-0.0382,8093
-0.113,7751
-0.153,9167
0.268,1471
-0.256,10614
0.057,2781
-0.0788,7178
0.038,4353
0.347,1003
-0.0012,4930
0.164,1649
-0.09,7469
0.147,1145
0.209,2928
-0.049,6481
-0.046,6101
-0.192,9159
-0.000498,5527
0.0489,3604
0.062,4053
0.149,1500
0.0632,4038
0.0856,1894
0.0719,2814
0.364,196
0.088,2956
-0.284,10247
-0.0471,7520
-0.0261,6120
0.165,1173
0.126,2832
0.144,1637
0.157,2202
-0.129,6242
0.217,1379
0.0361,3555
0.0254,4675
0.0967,1519
0.328,1248
0.134,2916
-0.00658,5995
-0.143,10100
0.0794,3409
0.0725,4042
0.148,2885
-0.149,8422
-0.101,8071
-0.051,7578
-0.1,8057
0.194,1617
0.182,2128
0.383,198
-0.0887,8450
-0.00237,5238
-0.0966,7379
-0.0555,6499
-0.0779,7358
0.154,2638
-0.03,7230
-0.105,8539
0.359,268
0.0374,4366
0.0629,3882
0.036,4575
0.0216,4506
0.109,2417
-0.156,8716
0.138,2235
-0.0036,5437
0.374,24
0.0325,4579
0.0477,3914
-0.335,8558
0.0706,3589
-0.128,7782
-0.0722,5869
0.00132,5191
-0.255,10811
-0.113,7998
-0.061,6845
0.155,3475
-0.0162,6030
-0.141,8296
-0.0202,6039
0.0781,3526
0.174,2336
-0.505,10995
-0.0613,6935
0.0884,2649
0.00991,5075
0.282,960
-0.23,9073
-0.0894,7931
0.041,4082
0.0272,4455
-0.222,8269
-0.188,9163
-0.189,7913
0.106,3257
-0.139,8343
0.0431,4350
-0.13,7513
0.195,1236
-0.209,9218
0.25,2502
-0.104,10117
0.331,833
-0.125,7522
-0.262,8863
0.76,43
-0.145,8430
0.0638,3160
0.0333,4268
0.0847,3732
0.00612,5244
-0.0821,6916
-0.00446,5563
0.0907,3513
0.161,1906
0.0452,4133
0.571,90
-0.113,8344
-0.218,9497
0.273,1126
-0.318,10632
0.393,108
-0.112,7038
-0.331,10515
-0.0955,7420
0.121,1693
-0.0418,6453
-0.147,9633
-0.165,9277
-0.0157,6092
0.0148,4877
-0.0111,5895
-0.0927,8581
-0.00346,5573
-0.193,9539
-0.021,6804
-0.15,8264
-0.106,8990
0.0132,4812
0.173,1684
-0.218,8895
-0.643,10735
0.173,2325
-0.151,8826
-0.015,6558
0.0418,4246
0.000952,5358
0.0629,3814
-0.414,10565
-0.274,10243
-0.0876,8401
-0.202,10029
-0.182,9289
-0.389,10322
0.189,1605
-0.0466,7319
-0.115,8041
-0.0539,6634
-0.212,8462
0.206,350
-0.0574,5876
-0.135,10556
0.0645,2631
0.193,2564
-0.0374,5387
-0.0409,6011
-0.552,10246
-0.136,8500
-0.281,10453
0.331,1329
-0.161,8738
0.233,1739
-0.36,9936
-0.0385,7036
0.081,3069
-0.123,8551
-0.114,8419
-0.0938,6651
0.246,2984
0.227,1596
-0.0517,7497
0.346,251
-0.227,10041
0.279,656
0.142,1415
-0.0423,6720
-0.526,11016
-0.222,9352
-0.105,8131
0.114,2670
-0.831,10423
-0.158,9698
0.123,2291
-0.00248,4881
0.076,4567
0.0209,4818
0.251,1941
-0.00129,5481
-0.319,10748
-0.0395,6290
-0.557,10944
-0.196,10148
0.0395,4233
-0.136,9327
-0.0438,7993
-0.019,5990
-0.236,9140
0.344,467
0.0231,4806
-0.0991,9365
-0.136,9170
-0.254,7818
-0.148,7680
0.211,1526
0.125,2034
-0.282,10933
-0.0334,6066
0.0103,4933
-0.0918,7604
-0.502,9155
-0.0273,5840
0.821,411
-0.0982,8975
0.0865,2869
-0.0379,6059
-0.108,8147
0.433,150
-0.178,10315
-0.0657,6075
-0.322,10666
-0.0845,6971
-0.178,8394
-0.295,10007
0.00305,5146
-0.18,9953
0.146,2653
0.132,2745
0.0561,3384
0.304,312
-0.247,10539
0.12,2664
0.37,12
-0.0183,5878
-0.104,9380
-0.15,9639
0.00263,5480
-0.0123,5820
0.00584,5143
0.437,624
-0.0125,6055
-0.286,9867
-0.0331,6201
-0.0185,5755
-0.174,9752
-0.213,9838
-0.123,9200
0.0253,4439
-0.0838,8102
0.0366,3934
-0.234,10210
-0.236,10362
-0.409,10586
-0.285,8510
-0.0885,9194
0.0199,4180
0.0586,3660
0.198,1935
-0.0072,5588
-0.19,8441
-0.011,5549
0.0297,4505
-0.138,7416
-0.285,9960
-0.0686,6719
-0.12,7407
-0.15,8342
0.0148,4896
1.09,425
-0.399,8906
0.0662,3926
-0.301,6939
-0.135,7943
-0.0268,5490
0.233,1670
0.421,1459
-0.0137,5621
0.0289,4385
-0.0497,6486
-0.0238,5612
-0.213,8238
-0.117,7523
-0.0962,8854
-0.314,10758
-0.2,10393
-0.0755,7362
-0.0946,6733
0.162,2161
0.0748,1470
0.114,2143
0.0949,3259
-0.318,8776
-0.161,10243
0.0299,3706
0.0787,3749
0.311,1450
-0.00374,5093
-0.218,7163
-0.0323,5353
-0.0268,7674
0.0175,4467
-0.0942,7091
-0.146,7646
0.145,1873
0.0769,3931
-0.201,9180
0.135,1453
-0.00542,5637
0.104,3375
0.0958,2547
0.224,1706
-0.09,8326
0.0606,3208
-0.159,10229
0.239,949
-0.144,8380
-0.0884,6959
-0.3,8885
-0.2,8930
-0.0349,6765
0.0107,4807
-0.36,9107
-0.016,5600
0.264,857
0.00112,5316
-0.0968,8826
-0.169,10362
-0.29,9933
-0.0522,7183
0.306,904
0.0186,4839
-0.049,7936
0.0853,2954
0.0571,3398
-0.104,6717
0.243,2643
-0.196,10544
-0.224,9891
0.411,272
0.0916,3358
0.0202,4685
-0.0322,6702
0.527,1060
0.369,237
-0.0835,7105
-0.0403,6531
-0.296,9073
-0.103,7704
0.08,2433
0.0569,3031
-0.244,9092
0.00143,5289
-0.187,9464
-0.00334,5589
0.159,1687
-0.0861,8529
-0.0456,7005
-0.132,7767
0.146,1945
-0.217,7789
0.1,3488
0.138,1694
0.269,1457
-0.0865,7781
-0.341,8477
-0.164,6918
0.14,1973
-0.131,9590
0.016,4727
-0.0111,5645
0.043,4336
0.174,1680
0.245,1983
-0.0915,8573
-0.143,9816
0.0633,3942
-0.0658,6826
0.653,101
0.021,4886
0.252,1045
-0.301,10671
-0.0575,6616
0.0387,4297
0.231,1688
-0.0666,9356
0.486,1010
0.0258,4664
0.148,1609
-0.15,8667
0.632,1815
0.0808,2137
-0.154,10637
-0.231,8582
-0.0748,6584
-0.087,6234
-0.874,10398
0.16,1702
0.00389,5033
-0.0223,6001
-0.13,9577
-0.0202,5403
-0.132,8684
0.457,309
-0.0874,7208
0.0466,3980
0.0427,4567
-0.311,10319
0.0522,3653
0.0228,4773
0.142,2686
-0.0827,7577
0.028,4694
0.314,898
-0.3,10779
-0.225,8900
0.134,601
-0.124,9113
0.0367,3963
-0.068,6093
-0.268,9245
0.106,2269
-0.0616,7581
0.0243,4550
0.0227,4470
0.0789,3522
0.0841,3730
-0.0685,6850
-0.0372,8465
-0.0217,6075
0.193,2106
-0.324,9538
-0.155,8073
0.0756,2949
-0.117,10886
-0.166,9770
-0.00762,5309
-0.114,7640
-0.0162,5668
0.0937,3085
-0.211,10051
0.222,3113
0.508,109
-0.197,8851
0.0305,4898
0.304,1512
-0.00236,5441
-0.188,9702
0.00488,4894
0.242,488
0.0185,4814
-0.0316,5988
0.118,1887
0.0993,3118
0.186,1263
0.106,3935
0.145,2735
0.00675,5052
0.0547,2569
0.119,3203
0.248,964
0.00794,5033
-0.0111,5630
-0.0644,8140
0.129,1557
-0.000587,5147
-0.291,10768
-0.298,10061
0.119,3331
0.581,248
0.0337,4132
-0.103,7946
-0.133,7594
0.0365,4544
0.471,346
0.241,1280
-0.188,10767
-0.0882,7735
0.0963,2315
-0.352,10581
0.0895,3039
-0.0802,7933
-0.0881,7963
-0.0789,6023
-0.384,10912
-0.0758,7055
0.19,2087
-0.202,10559
-0.0845,8420
-0.0366,5772
-0.0867,6697
-0.463,10755
0.0726,3453
0.0558,3426
0.0395,4011
0.294,2348
0.502,774
0.0712,3998
-0.915,10034
-0.0999,9819
-0.0127,5910
-0.638,9458
-0.124,8340
0.101,3699
0.0633,4184
-0.266,10123
0.164,1180
-0.175,10259
-0.0779,7422
0.293,723
0.0173,4649
0.0459,4318
0.0925,3795
-0.0342,5889
-0.136,8998
0.152,3146
-0.0658,6751
-0.0271,6288
0.0998,2569
-0.0975,7409
0.0497,3673
-0.0696,5954
-0.0692,5359
0.017,5127
0.335,1064
-0.0075,5369
-0.346,10066
-0.231,9726
0.0325,3850
-0.0261,6781
-0.0375,6764
0.286,699
-0.321,10126
0.169,1150
-0.0148,5363
-0.171,9644
-0.103,7975
-0.0855,8150
-0.187,7534
0.0412,4213
0.151,2093
0.0449,4567
-0.00789,5572
-0.202,9460
-0.708,10033
0.0856,3571
0.0285,4387
0.261,422
-0.0366,6879
-0.269,9847
-0.0385,6233
-0.0417,6251
-0.514,6455
-0.128,10307
0.364,2409
0.0652,3524
0.0497,4047
0.341,2465
-0.108,6377
-0.187,10314
0.0319,4400
0.405,477
-0.19,9927
0.272,538
-0.132,7698
-0.139,8470
-0.0755,8839
0.0936,3377
0.295,2194
2.59,15
0.0199,4808
0.0222,4433
0.0647,2636
-0.551,10272
-0.306,9033
0.254,866
-0.062,6762
0.0465,3858
-0.137,9857
-0.0948,8623
-0.00224,5208
-0.147,5884
-0.305,10222
-0.0136,5870
0.11,2239
-0.112,7691
-0.0938,6877
-0.0239,5942
-0.312,10454
0.229,417
0.069,3563
0.0234,4626
0.0991,2105
0.0364,3968
0.327,286
0.076,2956
-0.0562,6760
0.284,1416
-0.238,10737
-0.247,10748
-0.0752,7251
0.137,2321
-0.175,8082
0.248,769
0.103,2442
0.0433,3616
0.0743,3905
0.0247,4507
-0.0242,5795
-0.126,7845
0.0159,4717
0.227,943
-0.0901,7113
0.14,1765
-0.22,8965
0.156,2519
-0.0197,5954
-0.21,10093
-0.566,10831
0.0712,3799
-0.186,9691
-0.106,7690
-0.0127,6056
-0.0647,7220
-0.395,8355
0.186,1581
0.0252,4702
-0.0759,7348
-0.0258,6709
0.222,320
0.191,2919
-0.109,7009
-0.19,10411
0.0512,4207
-0.193,9414
-0.115,7964
-0.163,7667
-0.159,8351
-0.0769,7643
0.0852,2902
0.197,1522
-0.0955,9892
-0.14,9234
-0.0767,7317
0.171,2035
0.065,2937
0.23,1656
-0.0547,7939
0.835,282
-0.09,5657
-0.161,7237
-0.19,8819
-0.0942,7953
-0.0476,7614
-0.0695,7939
-0.0749,8477
-0.14,9009
-0.0389,6187
-0.0584,7508
0.186,87
0.0453,4226
0.0758,3798
-0.0797,5960
-0.376,9432
-0.238,9656
-0.327,8428
0.0797,3478
-0.261,10286
0.0453,4210
0.0883,3127
0.265,322
-0.03,6416
-0.114,8756
-0.251,10139
-0.0226,5795
0.306,2577
-0.00197,5708
0.0596,3576
-0.12,8842
-0.0919,7415
0.0557,4136
0.151,2179
0.0599,4110
-0.0617,7728
-0.361,10234
0.228,1003
0.0881,3630
-0.137,9347
0.0335,3394
0.216,2304
0.0059,5439
-0.05,6920
-0.103,8039
-0.122,7416
0.116,1178
-0.0107,5807
0.0345,4682
0.754,96
-0.425,10689
-0.29,8030
0.119,1590
0.109,3536
-0.245,10212
0.0525,3377
-0.0625,6969
-0.518,11010
-0.0152,5977
-0.0303,5787
0.0366,4305
0.043,4351
0.399,1703
0.115,3301
0.0876,3029
-0.116,7290
0.198,2353
0.292,746
0.00127,4908
0.302,965
0.165,2340
-0.0306,6364
-0.036,6827
-0.0134,5697
0.0376,4503
-0.282,9343
0.0175,4627
0.0786,2646
-0.209,9221
-0.069,6253
1.99,144
-0.099,5906
0.13,1502
-0.061,7164
-0.0299,5966
0.105,2706
0.0833,3497
-0.0167,6170
0.106,1892
0.0766,3507
-0.0838,6736
0.0588,3595
-0.324,10802
-0.0501,7153
0.0432,4385
-0.136,8775
-0.0488,7445
0.309,513
-0.127,7217
-0.306,8785
-0.14,9804
0.0862,3226
0.118,2708
0.103,3842
0.178,2322
1.5,185
0.000507,5327
0.0641,2162
-0.00418,5149
-0.142,7545
0.344,539
-0.211,10254
-0.168,9509
-0.00805,5606
0.342,408
-0.204,9025
0.131,2527
0.0101,5081
-0.386,10384
-0.00651,5521
-0.0324,6548
-0.0236,6108
-0.246,10101
0.192,2883
0.144,1141
0.00904,5063
0.00824,5099
-0.192,9184
0.00519,4812
-0.587,9138
0.0483,3773
-0.0974,8211
-0.0296,6076
-0.0839,7750
0.465,604
0.151,1641
0.198,756
0.161,1471
4.8,118
0.144,3064
0.178,2160
0.276,1850
-0.277,10243
0.109,2507
-0.157,8540
-0.525,8585
0.11,2362
-0.0986,9189
-0.00505,5715
0.0399,4342
0.0714,2470
-0.271,10298
-0.125,7678
-0.34,10685
-0.0521,7113
0.374,956
-0.439,7564
-0.283,9470
0.175,2807
-0.00924,5667
0.112,881
-0.0807,7307
0.109,3069
-0.0323,5482
-0.104,7319
0.0352,4188
0.0841,1840
0.0807,4249
0.186,1672
-0.0661,7278
0.515,568
0.459,364
-0.00778,5711
0.00563,5151
0.488,373
0.187,2081
0.405,2441
0.114,2387
-0.00498,5793
-0.0907,7686
0.0418,4304
-0.133,8003
0.188,477
0.0571,3666
-0.0114,5816
0.00883,5258
0.12,3120
-0.0887,7141
-0.145,8528
-0.0856,7246
-0.0889,9581
-0.0592,7435
-0.238,9418
0.344,389
-0.104,6925
-0.0491,7482
-0.142,8790
-0.0681,7700
0.159,2103
0.167,2547
0.198,441
0.0243,4522
0.133,1580
-0.0785,7599
-0.228,10337
0.0207,4592
0.107,3955
-0.17,9408
-0.121,10200
0.133,2442
0.235,980
0.425,694
0.219,2100
-0.0271,5993
0.0191,4902
0.264,765
0.0948,3275
0.082,3133
-0.141,7732
-0.222,9295
0.209,371
-0.299,10236
0.26,2729
0.202,284
-0.0296,5580
0.16,2184
0.0285,4780
0.16,2169
-0.107,8028
0.221,256
-0.0269,5852
0.101,3004
-0.234,10022
-0.0927,6283
-0.276,6837
-0.201,8657
-0.0101,6003
-0.0435,6838
0.0952,2931
-0.267,8251
0.0531,4485
-0.147,9795
0.0545,3505
-0.343,10526
0.0646,3982
0.538,1383
-0.0978,6658
-0.00565,5219
0.0927,2787
-0.136,8554
0.271,754
0.0975,2707
0.00463,5298
0.0475,4204
0.244,1851
0.0332,3977
0.249,688
-0.247,9482
-0.153,7944
0.204,1106
0.128,2742
-0.226,9495
-0.142,9451
-0.0992,9524
-0.0828,7358
0.0253,4486
-0.0407,6213
0.516,35
0.285,1244
-0.155,6104
-0.0595,6391
-0.0464,6139
-0.0276,6041
-0.0877,7220
-0.4,10882
-0.123,7615
-0.114,6436
0.00269,5259
0.0898,3225
0.211,2385
-0.0446,6916
0.296,431
-0.0385,5973
-0.0434,8120
0.1,3073
-0.0635,5852
-0.654,10899
0.155,498
-0.183,9633
0.326,204
-0.202,10826
0.0531,3527
0.0598,3532
0.0974,2963
0.251,1967
-0.0621,6981
0.0853,1628
-0.00587,5244
0.102,3340
-0.0547,6274
0.373,834
-0.233,10030
-0.177,9531
0.0302,4689
-0.0347,6223
-0.0954,6811
-0.425,10385
0.027,4378
-0.0681,7225
0.0244,4786
-0.187,7554
1.34,330
0.45,1863
-0.0397,6675
0.0479,4357
3.09,284
-0.0452,5325
0.0857,3928
-0.0815,6690
0.0829,3571
-0.0245,6764
-0.0423,6977
-0.337,9321
0.0416,4290
-0.204,9911
0.0507,3221
-0.0786,7930
-0.147,9872
0.152,1217
-0.149,9148
-0.157,8232
-0.0392,7667
0.082,1629
0.00659,5130
-0.0179,5432
0.117,2602
-0.104,7345
0.185,1094
-0.0505,7361
0.101,2881
0.00746,4864
0.107,1755
-0.242,9068
-0.0766,8016
0.0147,4618
-0.15,9508
-0.197,9612
-0.00469,5177
0.154,1934
0.0473,3644
-0.0776,8107
0.392,510
-0.176,9751
-0.212,8170
0.353,937
0.113,2244
-0.279,9947
-0.0119,5953
0.168,2835
-0.0889,6902
0.0647,2887
0.305,1211
0.138,2326
-0.263,9452
-0.186,10212
0.728,26
-0.15,8056
-0.0696,8113
0.0211,4600
-0.215,10125
-0.419,10630
-0.237,9605
0.178,2806
-0.0185,6122
-0.107,10011
-0.201,8347
0.0174,4962
-0.121,7482
-0.0128,5288
-0.00323,5229
0.149,1884
0.0389,4064
-0.0257,5521
-0.0147,5602
0.178,2670
-0.35,10138
-0.00651,5179
0.32,467
-0.244,10165
-0.253,9361
-0.478,9759
-0.0834,7718
0.000504,5290
-0.0308,6751
0.0133,5012
-0.131,6745
-0.117,8335
-0.0337,5763
0.157,856
-0.489,10080
0.158,2712
0.0129,5123
-0.0422,6345
-0.00563,5722
-0.058,6933
0.188,978
0.0703,3207
-0.489,10721
-0.19,8594
-0.146,8777
0.213,772
-0.184,8527
-0.243,9568
0.249,1649
-0.0534,6229
0.208,965
-0.034,5706
-0.126,8799
0.0997,1933
-0.0925,8293
-0.0236,6680
0.108,850
0.0907,1430
-0.0593,7373
0.249,1743
0.0662,3988
-0.109,7854
-0.139,10879
-0.154,9499
-0.00714,5740
-0.0291,5934
0.192,2442
0.00367,5451
-0.0213,5149
-0.138,8986
0.119,3487
0.0803,2989
-0.0488,7501
-0.18,7795
-0.0888,7533
-0.195,9894
-0.0301,6014
0.242,1345
0.047,4631
0.0708,2632
0.138,895
0.0367,3927
0.0363,4002
0.116,2354
0.611,835
0.41,948
0.167,736
-0.084,8063
0.215,2786
-0.37,10037
-0.0895,7369
-0.13,8585
0.168,1035
-0.222,9339
0.00717,5064
0.0819,3857
-0.0597,7423
0.127,1753
0.19,1056
0.278,1245
-0.112,7985
-0.0462,6161
-0.00197,5556
-0.0938,7457
0.138,2256
0.0931,3634
0.65,1137
0.244,2735
-0.238,9957
-0.106,7671
0.0726,3923
0.0239,4573
0.245,2818
-0.0984,7163
0.272,1133
0.106,3473
-0.116,8430
0.128,1596
-0.0768,6744
-0.0628,6071
-0.161,7875
0.245,1533
-0.093,8890
-0.0488,6541
-0.0744,7285
-0.24,10611
-0.174,10513
-0.207,8419
0.032,4415
-0.0887,8993
0.0559,4367
-0.126,8199
0.159,1509
0.296,1351
0.133,1766
-0.183,6982
-0.213,8800
0.237,758
-0.0827,7438
0.0519,3359
-0.241,9884
0.0559,3374
0.387,761
0.122,2922
0.187,1924
-0.132,8689
-0.0327,6482
0.0275,4385
0.0626,3723
0.383,244
-0.00932,5466
0.423,147
-0.128,10467
-0.111,7779
-0.253,10993
0.0257,4882
-0.123,7359
0.712,132
-0.0254,6159
-0.00248,5218
-0.0544,6031
0.145,2857
-0.00854,5396
0.148,725
-0.121,9269
-0.135,7307
-0.278,10122
0.314,120
-0.288,10418
0.041,2771
-0.0673,9744
-0.0565,7223
-0.0556,6395
-0.22,10471
0.214,1126
-0.142,9248
-0.12,8941
0.0733,4021
0.167,1391
0.236,2410
-0.249,7626
-0.0164,5936
-0.0791,6588
0.0701,4035
0.191,1672
0.169,2064
0.259,987
0.0112,4984
-0.097,8249
-0.518,8368
-0.425,10614
-0.108,6608
-0.346,9981
-0.108,10296
-0.273,10413
0.0733,3602
-0.114,8673
0.0736,2988
0.289,1722
-0.11,9756
-0.0222,6243
0.101,2183
0.13,3423
-0.237,10015
-0.105,6426
-0.143,10348
-0.0607,7048
0.182,2724
-0.0724,7217
-0.163,6477
-0.0296,5563
-0.137,9198
-0.0373,6708
0.236,1673
-0.0653,7813
-0.132,7262
0.344,1472
-0.0118,5823
0.0263,3310
-0.233,9013
-0.189,7367
0.171,2451
-0.0112,5643
-0.0764,9462
0.451,179
-0.235,10456
-0.0641,7858
-0.235,9306
-0.193,9188
0.143,1430
0.21,1044
-0.0352,6257
-0.0953,7978
-0.495,10148
0.0426,4013
0.132,2564
0.00412,5055
-0.109,6882
0.109,2451
1.61,207
0.269,90
0.0347,4369
-0.0515,7092
-0.0361,6908
0.113,2076
-0.261,9081
0.451,426
0.0487,3473
-0.141,9172
0.161,1739
0.0179,4785
0.574,162
0.439,1324
0.0445,4362
0.188,974
0.151,1198
0.104,2944
0.021,4981
-0.0393,6039
0.111,1737
-0.0553,7269
-0.198,8906
0.158,2525
0.243,1673
0.101,3111
0.0843,2776
-0.0444,6145
-0.131,8266
-0.0701,6874
-0.145,7364
0.151,3300
-0.111,7592
-0.126,10073
-0.236,8120
-0.027,6154
0.0774,3982
-0.0515,6351
-0.123,8282
-0.0033,5732
0.105,3109
0.0113,4956
-0.0336,6282
-0.112,7618
0.0475,4194
0.0463,4363
-0.338,9344
-0.141,8890
-0.0881,6338
-0.206,9498
-0.0605,7306
0.245,513
-0.00121,5251
-0.0434,6280
-0.144,9613
0.0572,4029
0.142,2486
0.0282,4708
-0.294,10771
-0.06,6665
-0.11,8616
-0.0457,6251
-0.00365,5598
-0.0585,7741
0.0435,4467
0.0229,4770
0.272,1818
-0.251,8811
0.19,955
0.0628,3628
-0.169,7907
-0.0953,7656
-0.274,10518
-0.22,8867
0.191,838
-0.0783,7212
0.0443,4239
0.166,2642
0.0604,2604
0.418,1205
0.409,352
-0.191,8872
-0.0795,6635
-0.0678,7223
-0.178,9085
0.666,1598
0.357,88
0.0497,3436
-0.332,10307
0.314,77
-0.103,7568
-0.173,8962
-0.0116,6384
-0.0282,6446
-0.0559,6861
0.234,489
-0.407,9020
-0.787,9164
-0.0704,7862
-0.278,10934
-0.0129,5433
-0.304,9432
0.0461,4592
-0.305,9961
0.117,3923
-0.259,10605
0.22,1707
-0.404,10456
0.0376,4543
-0.139,9371
0.0683,3438
-0.000278,5360
-0.15,10159
0.284,1306
-0.599,10884
0.135,1294
-0.00512,5263
-0.215,9760
-0.0095,5585
0.00573,5132
-0.0132,5485
0.0766,1902
-0.0831,8767
0.0448,4201
0.133,2660
-0.248,10618
-0.185,8751
0.306,144
-0.24,10806
-0.115,6173
0.133,3412
-0.182,8849
0.0393,3738
-0.0506,5363
-0.0407,6372
0.000775,5333
0.343,410
0.0779,4104
-0.119,7589
-0.0405,6704
-0.0138,5739
0.239,805
0.172,1206
0.258,948
-0.225,10822
-0.133,9371
0.0822,3336
-0.192,7772
-0.0879,5524
-0.0667,7480
0.0486,3995
-0.00969,5983
-0.0826,7807
-0.218,10097
-0.216,10081
0.406,1273
-0.402,10705
-0.0702,7354
-0.14,8545
0.282,2183
0.129,2791
-0.0509,5945
-0.0931,5910
-0.0683,7024
0.194,1447
-0.187,10876
0.337,945
-0.132,8467
-0.171,8061
-0.0539,8232
-0.0469,6399
-0.261,10262
0.563,668
0.524,356
0.00386,4835
-0.234,9310
0.0255,4568
0.0307,4630
-0.214,9796
0.00186,5310
-0.00247,5396
-0.114,9617
0.0391,4263
-0.0541,7069
-0.184,9879
0.28,792
-0.118,8560
-0.18,9630
0.0505,2964
-0.127,7258
0.0897,2945
0.239,2034
-0.0868,7953
-0.0498,6871
-0.0134,5640
-0.332,10240
0.288,1200
0.125,2947
-0.0321,5580
0.381,460
0.101,1970
-0.255,10655
0.0581,3819
0.0177,4744
0.364,2190
-0.235,9350
0.135,2041
-0.196,7994
-0.177,9377
-0.0158,5280
0.253,684
0.0215,4740
-0.203,10235
0.00323,5145
0.612,378
-0.297,10105
-0.21,9042
0.189,1507
0.0587,3636
-0.0619,6914
-0.0853,7034
0.0599,3474
0.0605,3927
0.00708,5219
-0.168,10053
0.0652,3310
0.0308,4679
-0.198,10317
-0.161,6444
0.0738,3258
-0.116,9381
0.037,4303
-0.0745,6657
-0.0268,5610
0.147,3030
0.0702,4075
0.001,5246
0.0695,3120
-0.0476,6259
-0.0668,6414
-0.279,9572
-0.00532,5647
-0.199,6958
-0.16,8191
-0.16,8172
-0.0113,5520
-0.333,10987
-0.0453,7554
-0.371,10940
0.0801,3870
-0.195,7367
-0.12,7493
-0.035,6021
0.0126,5115
-0.173,9377
-0.0722,6057
-0.26,9653
-0.0904,6611
0.201,2261
0.219,369
0.122,926
-0.0584,6381
-0.0107,5858
-0.281,9441
0.162,2214
-0.0786,7408
0.119,1013
-0.176,10082
0.0767,3774
0.0222,4164
0.435,1392
0.114,1311
0.0165,4864
-0.0705,6632
-0.114,8234
-0.0295,5996
-0.117,7613
-0.0642,7957
0.0489,4077
-0.123,6745
0.0269,4353
-0.125,7667
0.49,399
-0.0489,7162
0.165,1588
-0.273,9624
-0.158,9711
0.451,1646
0.123,2578
-0.0448,6191
-0.0813,7496
0.327,1858
-0.293,9347
0.106,2739
-0.002,5115
0.105,2326
0.103,1725
-0.0787,6998
0.128,1333
-0.38,9727
-0.18,8961
-0.422,9703
0.088,2968
-0.214,8613
-0.22,9794
-0.1,6110
-0.171,8707
0.0417,4121
-0.117,7672
0.0175,4719
-0.283,9844
-0.104,8235
-0.271,9485
0.0905,2648
0.0272,4332
0.0465,4710
-0.0684,6929
0.42,175
0.0944,3474
0.164,1403
-0.061,6612
-0.168,8825
-0.0404,6265
0.159,2888
-0.161,8753
-0.162,10177
-0.0778,9361
-0.345,10822
0.0351,4712
0.189,2740
0.0487,4059
-0.0585,7050
-0.107,8592
-0.156,9721
-0.00346,5713
0.126,2682
-0.108,6374
-0.1,9117
-0.0857,7955
0.138,1822
0.0476,4206
-0.278,8915
-0.312,9788
-0.00986,5971
0.0583,3864
0.397,360
-0.219,9191
-0.458,10398
0.301,749
-0.105,8084
0.359,91
0.0369,4666
0.00637,5155
0.00208,5201
-0.115,6915
-0.0163,6281
-0.00546,5288
-0.0683,7181
0.417,509
0.0203,5015
-0.431,10795
0.401,223
-0.191,8047
-0.0214,5915
-0.105,7515
0.286,1120
-0.0727,7624
-0.173,7318
0.0135,4811
-0.295,10376
0.201,2383
0.674,853
-0.069,7371
-0.0877,8890
0.0985,2270
-0.00455,5531
-0.193,8431
0.911,372
-0.122,7953
0.0999,3036
-0.0305,6297
-0.193,8718
-0.331,10866
-0.114,8637
-0.13,7916
-0.0934,9359
0.0782,2746
-0.0727,7788
-0.101,7538
1.47,24
-0.0452,5307
0.21,818
0.00678,4952
-0.183,8970
0.314,587
-0.159,8837
-0.0697,6803
-0.343,10784
0.0171,4643
-0.00324,5691
0.0484,4044
-0.275,9557
0.199,2882
-0.029,6195
0.133,1307
-0.0683,6746
-0.191,9639
-0.139,8975
0.0393,3932
0.0234,4310
-0.146,9403
-0.0399,6357
0.0147,4959
-0.348,9213
0.0386,4488
0.333,277
-0.0102,5696
0.158,3064
-0.143,8716
-0.0695,7084
-0.128,6369
0.103,2399
0.11,2830
0.495,70
0.208,1440
0.177,1791
0.464,1519
0.00384,5129
0.225,2000
-0.0126,5357
0.165,2539
-0.217,9918
-0.0309,6063
-0.281,10475
0.208,714
0.254,528
-0.33,10569
-0.272,7725
0.00474,5141
-0.218,10791
-0.00823,5243
0.352,544
-0.148,8954
0.181,2041
0.0971,1362
0.0576,3289
-0.167,9064
0.0317,4471
-0.396,10489
0.305,1344
0.464,780
-0.0653,7778
-0.17,9624
0.0411,4616
-0.297,9121
-0.197,9136
0.0635,4646
-0.176,8941
0.118,2717
-0.0946,8056
-0.0188,5900
-0.327,10035
-0.114,9143
0.0595,3392
-0.158,8892
0.648,928
0.733,24
0.263,2457
0.568,2
-0.0584,7693
-0.0607,8112
0.0467,3903
-0.288,10617
-0.123,7518
-0.0812,8798
0.0452,3569
0.0527,3175
-0.549,10011
0.0403,4230
-0.0703,8177
0.186,1795
0.137,2250
0.0225,4289
0.291,583
-0.123,8186
0.359,636
-0.0536,5876
-0.0979,8414
-0.0966,7315
0.0819,3448
0.0533,3847
-0.128,9890
-0.0718,6625
-0.202,10749
0.0156,4858
0.0871,3353
0.00366,5057
0.0894,2119
0.0188,4627
-0.111,7794
-0.151,8586
-0.165,9466
-0.0128,5935
-0.176,9840
0.318,1960
-0.29,10463
-0.0231,6188
-0.0134,5524
0.017,4922
0.227,1754
-0.141,10094
-0.144,9763
-0.246,9925
-0.0859,7389
-0.199,8886
0.329,1152
0.0226,4740
-0.287,10297
0.0733,4075
-0.0892,6740
-0.0822,7174
-0.2,9437
-0.0879,6585
0.0646,3186
0.3,170
0.0312,4378
-0.0228,5888
0.301,842
-0.0246,7088
0.0917,2021
0.00764,4917
-0.0206,5690
0.0646,4331
0.367,153
-0.207,8057
-0.0499,8786
-0.035,6678
-0.00516,5510
-0.221,9344
-0.315,8516
-0.0814,6587
0.0969,2257
0.0819,3249
0.221,684
0.0731,3699
-0.142,8912
-0.121,8366
0.134,2015
0.127,1834
0.13,2438
-0.284,10045
0.334,623
-0.107,7309
0.0437,4324
-0.0365,5771
-0.134,7773
0.0838,3906
0.288,1233
-0.119,8625
0.207,389
-0.0503,6443
-0.0759,6809
0.139,2486
0.0434,3410
0.18,2237
0.51,100
-0.135,10050
-0.154,10354
0.192,1783
-0.158,7755
0.153,1037
0.0145,4658
0.148,268
-0.0391,6698
0.0392,3901
-0.162,6992
0.0376,4029
-0.0796,6977
0.0341,4687
-0.115,7643
-0.204,8274
0.145,1959
-0.352,7746
-0.133,8174
0.108,1547
0.0849,3709
0.131,2886
0.146,2616
-0.0491,7364
-0.153,9067
-0.0626,7332
0.504,450
-0.117,7545
0.127,2518
0.0247,5017
0.28,222
-0.102,8127
-0.0754,8161
0.284,1157
0.126,3174
0.403,142
-0.0634,8501
0.0205,4213
-0.106,7894
0.434,284
0.194,1869
-0.179,9154
-0.0322,6239
0.0225,4428
-0.166,7082
-0.0503,6781
-0.0551,6828
0.391,613
0.0378,4096
0.0394,3926
0.13,2683
0.122,3576
-0.184,10638
0.545,853
0.16,983
0.0136,4907
-0.125,8669
-0.325,10363
0.223,2478
0.133,1932
0.0293,4542
-0.0608,7541
-0.26,9254
-0.107,7339
-0.335,9643
-0.0212,5998
0.372,1238
-0.1,8711
0.558,182
0.0254,4665
-0.112,7219
-0.0734,7404
-0.0838,8726
-0.228,10533
-0.194,9847
-0.0335,5598
0.0173,5021
0.31,183
0.082,3416
-0.087,7321
-0.365,10229
-0.144,8955
-0.251,9381
0.107,2963
0.125,1423
0.213,1118
0.0431,3819
0.0475,3649
0.0425,3908
0.034,4612
0.0347,4217
0.21,782
-0.346,9941
-0.00297,5313
-0.197,8617
0.141,1762
0.0764,1233
0.0915,2546
0.0573,4056
0.144,2435
0.0594,3850
-0.174,8515
0.0841,1322
0.174,1304
0.00958,4997
0.306,393
0.045,3440
-0.185,10213
-0.242,9607
-0.0918,7764
-0.163,9297
0.15,3050
0.0281,4381
-0.335,10168
-0.0841,8459
0.111,1845
-0.0903,8260
-0.0547,6302
-0.221,9898
-0.0808,6614
-0.0554,6899
0.045,3905
-0.205,9557
0.133,3597
0.0163,4641
0.438,676
0.0517,4058
-0.201,10551
-0.261,10459
-0.291,10146
-0.122,8279
-0.125,9311
0.0538,3617
0.0361,4518
-0.205,9251
0.044,4637
0.17,2197
0.168,1826
0.0423,4124
-0.096,9724
-0.0345,6144
0.0639,3728
-0.124,6274
-0.0205,5560
-0.057,7991
0.0233,4069
-0.27,9982
0.366,413
0.0782,2454
0.113,2956
0.211,911
-0.0795,8355
0.041,4249
-0.14,8181
0.0513,3764
0.62,705
0.161,1692
0.0617,2305
0.0967,3083
0.175,1254
0.811,435
0.106,2878
-0.0728,9182
-0.0834,8720
0.0596,3763
-0.0878,7731
-0.107,7253
0.037,4212
0.141,2258
0.309,14
-0.03,6686
0.488,206
-0.708,10190
-0.0448,6213
-0.167,9751
-0.0509,7472
0.136,1798
-0.0488,6337
-0.223,10390
0.0198,5150
0.00572,5180
-0.0432,7008
0.0357,4378
-0.484,9696
-0.0174,6131
0.749,290
-0.101,7010
0.211,1386
0.146,2786
0.0107,4657
0.0581,3433
0.278,1664
-0.0352,6326
-0.09,8047
0.344,274
0.322,209
0.0623,3861
0.302,647
-0.07,7085
0.445,149
-0.335,9822
-0.369,9689
-0.196,8642
-0.383,9888
0.167,1626
-0.123,8687
0.273,1732
0.103,2636
0.0743,3841
0.0744,3827
0.212,1154
0.0454,4232
-0.254,10191
0.108,2518
0.105,3225
-0.458,10786
0.053,4097
0.0122,5093
0.147,2909
-0.587,10889
-0.0797,7758
0.314,1115
-0.111,8827
-0.184,9991
-0.199,9952
-0.0103,5334
-0.0152,5415
-0.194,8264
0.043,3863
-0.109,7627
0.0134,4736
0.159,1013
0.00113,5386
0.566,500
0.0399,4474
-0.0576,7410
0.595,170
0.0797,3677
0.143,3682
1.11,1023
0.272,1372
0.146,2582
-0.18,9666
-0.382,10469
-0.124,9590
-0.148,9377
-0.121,9182
-0.0182,5906
0.0215,4575
-0.0439,6277
0.346,427
0.0173,5177
-0.123,9274
0.0169,4385
0.0545,4182
0.657,10
0.0332,4659
0.174,2214
-0.0564,7274
-0.137,8149
0.36,816
-0.0996,6838
0.0752,4105
-0.092,7288
0.0525,3680
0.0384,4420
-0.366,10592
-0.07,7592
0.203,662
-0.136,7483
0.0479,3672
0.123,2157
0.459,52
0.0124,5071
-0.111,7411
-0.0341,5381
0.258,354
-0.136,9953
-0.363,10468
-0.363,10794
-0.0183,5493
0.365,697
0.0395,3769
0.226,1799
0.123,3680
-0.00301,5520
0.0129,4851
-0.0877,6839
0.245,601
0.22,500
-0.22,9888
-0.282,10264
0.21,1383
-0.183,9547
0.011,4743
0.0635,3271
0.183,2823
-0.028,5999
-0.122,8324
-0.0721,7479
-0.158,8813
0.322,242
-0.0646,6954
-0.155,10049
0.0676,3750
-0.0189,6063
0.0759,3434
-0.117,8139
0.197,2059
0.142,2268
0.0116,4971
0.117,2214
-0.177,10575
-0.137,10100
0.183,669
0.0818,3561
-0.0975,8581
0.0108,5209
-0.026,6853
-0.0875,7260
0.0896,2508
0.373,247
0.286,1699
-0.0945,7905
0.122,2923
0.211,1380
0.169,2253
-0.0829,7547
-0.338,10359
-0.00509,5561
-0.118,7689
-0.232,10373
0.143,1440
-0.433,9402
-0.155,7926
0.0282,4530
0.00897,4922
0.113,2551
-0.224,9705
-0.186,9415
0.00238,5255
-0.28,10502
0.373,146
-0.152,9152
0.0336,4552
0.031,4932
-0.0597,6278
-0.0445,6545
-0.215,10242
-0.114,8203
0.452,714
-0.0104,5650
-0.163,8997
-0.0692,8051
-0.0736,7808
0.0453,4144
0.00988,5092
-0.0208,5466
0.159,1845
0.134,1927
-0.237,10699
0.0621,4043
-0.0929,7184
-0.195,10433
0.0377,4333
0.184,970
0.0439,3540
0.26,3081
-0.192,8988
-0.124,5304
0.0294,4323
-0.143,9164
0.0459,4489
0.117,3881
-0.0215,6075
0.215,1031
-0.204,10393
0.0736,2109
-0.467,10961
-0.222,9265
0.261,1990
-0.00401,5251
-0.176,9686
0.173,2676
0.0254,4685
0.0474,4090
-0.0944,7511
0.00651,5154
0.134,2165
0.00497,4923
-0.236,8154
-0.253,9752
-0.352,10307
-0.00814,5520
-0.0362,6541
0.312,948
0.0308,4372
0.00573,5160
-0.278,6482
0.0379,3932
0.0792,2608
-0.078,8321
0.0786,3072
0.0317,4556
0.0933,3305
-0.487,9782
0.0334,3680
-0.111,8675
0.0823,3803
-0.0248,5884
-0.211,8440
0.196,2039
-0.0324,6504
0.237,1463
0.0199,4998
0.176,1875
0.0951,3905
0.131,3382
0.00941,5039
-0.0235,5791
0.0623,3949
-0.153,8919
0.148,863
0.0422,4470
-0.0668,7047
0.13,2171
-0.028,5931
0.146,2415
0.115,3393
-0.402,10670
-0.124,9808
-0.113,9484
0.0675,2851
-0.186,8815
0.0089,5038
0.116,2670
-0.0108,5762
-0.00605,5758
-0.198,9523
0.209,1873
-0.171,8977
-0.2,10826
0.1,3288
0.046,4040
-0.0303,5953
0.0301,4690
-0.317,10303
-0.258,10763
-0.0838,10535
0.0194,4675
-0.0164,5936
-0.0506,5831
-0.227,10723
0.0494,4351
-0.0589,7714
0.112,1283
0.0722,3723
-0.109,7442
-0.211,8650
-0.0535,6474
0.195,638
-0.0884,7854
-0.000761,5612
-0.102,8388
-0.0271,5863
-0.237,10062
-0.219,9294
-0.101,8389
-0.0361,6063
0.0617,3636
0.0849,3504
0.0084,5037
-0.0572,7697
-0.125,9190
-0.282,9824
0.0433,4345
-0.2,8926
-0.152,9550
-0.122,8587
-0.268,9741
-0.0423,7792
0.061,3129
-0.303,8584
-0.379,10913
0.111,2266
-0.406,11020
0.0891,2698
0.242,550
0.121,2298
-0.171,8112
0.00745,5023
0.111,1818
0.232,1465
-0.0629,6960
-0.069,6893
0.00594,5207
-0.101,9419
-0.166,10158
0.0264,4819
0.204,2420
-0.307,8457
-0.0774,7228
0.16,614
0.0184,4552
-0.299,10312
0.198,1556
-0.173,7363
-0.00579,5377
0.0276,4373
-0.242,9448
-0.0838,7935
-0.38,10915
0.143,3359
-0.266,10838
0.115,2116
-0.155,10103
0.108,2731
-0.132,8322
-0.306,10558
0.127,1275
0.129,2348
0.085,2235
0.0914,2474
-0.0686,6862
0.0316,4355
-0.111,9589
0.00309,5169
0.059,4231
0.0899,3059
0.0641,2773
-0.151,7698
-0.189,9279
0.00375,5369
0.256,358
-0.1,7656
-0.0946,8501
0.0742,3917
-0.0533,6392
-0.0576,8323
-0.0989,8576
0.172,3083
-0.00367,5522
-0.065,7204
0.131,3130
0.51,90
0.149,542
-0.175,9655
0.161,2449
-0.272,10986
-0.222,9354
0.00503,5113
0.165,1645
-0.0961,6640
-0.135,8775
0.159,1870
-0.041,6110
0.0404,3684
-0.0101,5378
-0.139,8643
0.029,4357
-0.118,8263
-0.0935,7463
0.0789,2392
-0.0486,7526
-0.0251,5619
0.136,2153
0.00606,4984
0.12,3590
0.0116,4704
-0.0463,8027
-0.158,8483
-0.216,8630
0.305,50
0.0178,4941
-0.0643,7194
0.0285,3966
-0.183,10049
0.0988,2630
0.318,782
-0.00817,5243
0.116,1337
-0.197,10780
-0.132,8224
-0.0407,6308
-0.159,8772
0.407,1063
-0.0118,5599
-0.172,9130
-0.00531,5354
0.442,136
0.000613,5094
-0.044,6540
-0.0487,6950
0.062,3455
-0.17,8928
-0.294,10005
-0.0807,7291
-0.086,7265
-0.0613,6411
-0.0836,7160
-0.604,10948
0.105,2869
-0.24,10825
-0.304,10810
-0.118,7945
0.0264,4346
0.0217,4292
-0.0579,6674
-0.082,7713
-0.156,9510
-0.0682,6042
0.0532,4244
0.0212,4568
-0.0964,7390
0.0472,3580
-0.0158,6029
-0.134,9535
0.323,668
-0.22,8903
0.197,638
0.115,1857
-0.154,8345
-0.151,8184
-0.159,9177
0.0217,4508
0.103,1673
-0.0824,7638
0.421,359
0.0167,4804
0.262,1129
-0.00259,5383
-0.119,9773
-0.104,8326
0.002,5094
-0.234,10775
-0.506,8856
-0.0432,7047
-0.0646,7101
-0.0664,8389
0.01,4859
0.329,77
0.0879,2968
-0.166,9492
0.0702,3507
0.0686,3520
1.04,451
-0.36,8839
-0.0598,7307
0.269,551
-0.0698,6082
0.00725,4890
0.0372,4352
0.0335,4474
-0.0945,7621
-0.0508,7534
-0.0798,9183
-0.119,9558
0.262,814
-0.088,8562
-0.151,8662
0.0843,3852
-0.0329,6246
0.0696,3170
0.057,4003
-0.241,10482
-0.0299,6293
-0.188,8912
-0.0193,6073
0.255,1290
0.01,4962
0.298,125
-0.0631,6949
-0.0587,7085
-0.0473,7436
0.305,51
0.0293,4595
-0.0965,8328
0.0847,3538
-0.063,5827
0.144,2375
-0.174,10802
0.404,531
-0.0543,6145
0.424,590
-0.217,8810
-0.357,10556
0.00457,5197
-0.0986,8449
-0.189,9944
-0.217,10442
0.0829,2893
-0.0535,7195
-0.0479,6714
0.207,3498
-0.129,6993
-0.0868,6953
0.327,555
-0.0419,6186
-0.107,8953
-0.114,8389
-0.157,8902
-0.369,10982
0.112,2773
-0.0718,7325
0.0372,4493
-0.141,7990
0.0367,4121
0.107,1940
-0.331,10703
0.0459,4634
-0.142,8191
-0.127,7336
0.137,798
-0.048,7263
0.0661,3823
-0.0338,6104
0.532,825
0.133,1462
-0.121,9317
-0.172,10088
-0.104,7428
-0.251,10159
-0.196,9057
-0.0112,5722
-0.0448,6783
-0.206,10861
0.0287,4061
0.135,2281
-0.175,8624
-0.0093,5273
-0.0798,7485
-0.163,7897
0.0637,3994
-0.168,8843
2.57,445
0.468,1452
0.0877,3293
-0.0577,6616
0.0839,4212
-0.0796,6518
-0.118,6732
0.262,477
0.109,2036
0.335,254
-0.0147,5847
-0.057,5803
0.926,10
-0.113,7633
-0.188,10587
-0.0942,10037
0.268,1087
-0.176,9852
-0.0796,8286
0.162,1501
0.317,180
-0.0339,6805
0.423,455
-0.244,8804
0.281,774
0.4,442
-0.101,8881
-0.14,9260
-0.204,7917
-0.568,10836
-0.273,10873
0.163,2884
0.189,1770
-0.2,9689
0.183,1003
0.0695,3224
-0.0804,8703
-0.236,10524
-0.215,10438
-0.225,10087
-0.208,9598
-0.087,7891
0.21,1983
-0.399,8710
0.103,2543
0.0137,4921
0.0422,4283
-0.139,8089
-0.199,10087
-0.129,8976
-0.121,9279
0.0698,2916
0.0178,4614
0.0511,4457
0.464,1007
0.599,171
0.0441,3850
0.0479,4011
-0.105,8899
-0.202,9442
0.183,1210
-0.278,9565
-0.0377,7011
0.0615,4003
-0.0971,7312
0.0225,4670
0.0906,2597
-0.0345,5441
-0.109,8125
0.0723,3909
0.05,3902
0.19,2784
0.132,2536
0.0834,3276
-0.157,9576
-0.0719,7202
0.0811,3642
-0.0986,8340
0.0626,3924
-0.0111,5459
-0.132,9832
-0.0587,7104
0.0267,4517
0.0805,4495
-0.523,10829
0.605,312
-0.0577,7334
0.291,289
-0.0972,8370
-0.246,8538
0.112,2459
-0.121,6940
0.0264,4162
-0.0215,5936
0.395,1531
-0.0454,6688
-0.387,9390
0.231,2214
0.12,1013
0.0623,3832
0.166,2340
0.0636,4200
-0.0265,5006
-0.0179,6080
0.0645,2669
0.0338,4388
-0.239,10109
-0.0908,7261
0.00371,4662
0.265,1813
0.0236,4445
0.0373,3984
-0.221,9910
-0.284,8664
0.121,2714
-0.299,10668
0.246,574
0.702,6
-0.0237,5482
0.0532,4071
-0.363,8958
0.091,3018
-0.00325,5251
-0.154,7949
-0.0756,7408
0.0443,3741
-0.343,7299
-0.256,10009
0.0421,4024
0.107,863
0.00765,4968
-0.203,8783
0.212,3358
0.0495,4349
0.152,807
0.0191,4542
-0.433,10316
-0.462,10260
0.82,145
0.131,2403
0.309,140
0.0519,3784
0.137,1365
0.0568,3209
-0.102,7706
-0.238,9973
0.0843,2975
0.0328,4829
0.196,1651
-0.0221,5800
0.141,2062
0.101,3850
-0.129,9088
0.173,1836
-0.208,10197
0.0867,2662
0.0694,3399
-0.157,8832
0.205,821
0.11,3077
0.464,667
-0.0645,7570
0.0408,4414
-0.158,8469
-0.115,9098
0.206,696
0.355,71
0.116,2851
-0.261,9736
-0.487,8414
-0.0301,6069
0.0326,4293
-0.263,7949
-0.235,10134
-0.218,10147
-0.177,9049
-0.14,8719
0.0443,3605
0.191,1685
-0.108,6970
-0.0548,7136
0.2,1543
0.167,1312
0.0527,3190
0.197,1970
-0.217,7300
-0.232,9588
-0.0576,7282
0.143,1611
-0.171,7965
0.171,1022
0.34,751
-0.142,8286
0.166,3089
0.162,1746
-0.0179,6046
0.0555,4029
0.0231,4494
-0.254,10145
-0.449,8869
0.0721,3540
0.0394,3800
0.146,2630
0.126,1729
0.878,1495
-0.0183,6271
0.159,840
-0.145,9800
-0.0789,7251
-0.29,8377
-0.113,8345
-0.0865,6389
-0.347,11021
-0.00797,5334
-0.0665,6250
0.123,2412
-0.316,7990
0.11,2746
-0.154,9503
-0.154,8053
0.25,1195
-0.0959,9232
0.189,1468
-0.276,7620
0.252,1046
0.0806,3483
0.0859,2984
-0.00639,5791
0.0681,3993
0.229,684
-0.267,10071
-0.0317,6755
-0.0283,5970
-0.063,7102
-0.354,8275
0.0918,3183
0.0238,4580
0.151,1723
-0.0438,6265
0.0106,5205
-0.611,9815
0.0714,3240
-0.223,10189
-0.478,10903
0.359,1352
0.185,1639
-0.0405,5867
-0.0841,7573
0.00185,4904
-0.0691,6948
0.176,2656
0.0172,4714
-0.0768,7294
-0.0428,7336
0.0661,2941
0.0944,3119
-0.0613,6959
-0.199,10658
-0.278,10094
-0.0562,6647
-0.133,9185
-0.0556,7619
-0.0173,5386
-0.129,9586
-0.153,7949
0.133,2863
-0.024,5439
0.0835,2996
-0.344,10822
-0.117,9444
-0.0102,5614
-0.0529,5656
0.0605,3382
-0.247,8908
-0.158,8627
-0.0429,6265
0.158,2207
-0.135,8752
0.0305,4003
0.0233,4484
-0.262,9753
0.113,3316
0.514,778
0.108,3402
-0.122,9994
-0.107,9588
0.594,1089
0.179,1491
0.0724,3546
-0.0576,7456
-0.244,10250
-0.0441,7393
0.235,1614
0.432,1463
-0.0536,5405
0.0781,2844
0.0214,4627
-0.02,6591
0.785,288
-0.0739,8242
-0.00842,3424
-0.355,10347
-0.195,9505
-0.0301,5944
-0.17,8867
-0.233,9747
-0.14,7263
0.0804,3767
0.0735,3042
-0.00103,5396
0.116,2310
0.0158,4996
-0.117,7857
-0.021,6055
-0.0498,7889
0.327,556
0.0926,2846
0.392,922
-0.39,9661
0.00427,5145
0.132,1488
0.0172,4824
-0.154,9321
-0.153,8806
-0.164,9180
0.158,3129
-0.194,10136
0.137,2133
-0.188,9416
-0.0278,6915
-0.403,10081
-0.369,8636
-0.417,11020
-0.325,10125
-0.0744,7213
0.16,2724
0.0832,3486
0.278,910
-0.0518,6998
0.00331,5067
-0.37,10506
-0.254,10469
-0.0337,5686
0.0765,3570
0.00109,5225
-0.132,9465
-0.186,7782
-0.037,6981
-0.309,9791
0.0295,4588
-0.22,10929
-0.0805,8104
-0.0999,6868
-0.22,9831
-0.102,6637
0.114,3202
-0.0416,6226
-0.0448,6736
-0.0385,6500
-0.0027,5213
0.184,2722
-0.211,7940
0.0596,4123
0.0921,1227
-0.357,9741
0.0368,4384
-0.0882,6591
-0.0978,8757
-0.00633,5709
-0.0369,6405
-0.18,7664
0.132,3046
2.15,577
-0.193,7743
0.0479,3900
-0.247,10727
-0.133,7909
-0.201,8197
-0.0272,5922
0.279,1801
0.0731,3373
0.00967,4852
0.29,675
0.269,2208
-0.145,8340
-0.061,7421
0.163,1406
-0.0409,7763
-0.225,5273
-0.194,8121
0.0456,3599
0.0293,4093
0.182,943
-0.0272,6676
-0.163,8483
0.08,3833
-0.0105,5433
-0.0238,5646
-0.0371,6685
0.108,2479
0.114,2548
-0.0605,5946
0.634,339
0.0949,3140
0.111,2229
-0.109,8693
0.58,200
0.0622,3819
-0.452,10444
0.0173,4863
-0.124,8576
0.132,2166
-0.42,10249
0.144,3037
0.016,4984
-0.0467,7212
0.346,630
-0.0992,7693
-0.354,7876
-0.142,9239
-0.0587,7147
-0.105,6810
0.00277,5466
0.105,3321
-0.0591,6220
0.734,93
-0.106,9382
-0.0183,6038
0.0236,4550
0.139,1256
0.0813,3159
0.141,3147
0.338,861
-0.264,8707
0.119,1715
-0.067,7248
0.0777,3182
0.0413,4510
-0.0565,7493
-0.0422,6018
-0.221,9984
-0.0349,5169
-0.103,8156
0.481,1117
0.143,3337
-0.175,7862
0.175,854
-0.0481,7285
0.0655,2813
0.479,655
0.522,1211
0.107,2834
-0.053,6403
0.138,2452
-0.0062,5422
0.0925,2748
-0.29,9454
0.0683,4146
0.0528,2610
0.0182,4507
-0.254,10050
0.136,2095
-0.297,7628
-0.348,10358
-0.0825,8766
0.532,159
0.0382,4595
0.0232,4509
-0.206,9447
0.508,402
-0.0266,6068
-0.171,7855
0.15,2426
0.0147,5134
0.114,1237
-0.0791,7848
0.287,1071
0.208,1019
-0.177,9043
-0.183,9409
-0.416,8945
0.229,130
0.0601,3820
0.448,108
-0.11,8458
-0.16,8333
-0.101,8593
-0.736,10904
0.263,258
-0.141,9450
-0.0936,7462
-0.0179,5569
-0.152,9539
0.831,170
0.0721,3080
-0.0345,6176
0.0307,4468
0.0967,3010
0.0532,4265
-0.162,8204
0.236,277
-0.0701,6762
0.108,3920
-0.166,8663
0.0425,4231
0.0283,4426
0.0989,2802
-0.0461,7181
-0.112,7892
-0.32,8038
-0.316,9173
-0.0484,6919
-0.0444,7446
0.093,2753
-0.0741,7655
-0.0844,7668
0.0301,4253
0.393,627
-0.103,8124
0.0646,3655
-0.27,8806
-0.175,8651
-0.0594,7161
-0.218,9030
0.0814,2109
0.0496,4256
-0.0673,7058
0.602,1196
0.251,1006
-0.244,10424
-0.174,7858
0.0103,4984
0.0754,3159
0.285,1610
-0.307,10257
-0.339,10190
-0.152,9562
0.0546,3387
-0.0806,6961
-0.226,9618
0.0331,4534
-0.125,9130
-0.0479,7176
0.114,1282
0.454,769
0.235,886
1.18,462
-0.256,10949
-0.156,9060
0.182,1596
0.188,2721
-0.0601,6721
-0.121,8291
0.201,1523
-0.0679,8115
-0.1,8287
-0.418,10458
0.0631,4247
0.3,1485
-0.17,9428
-0.00356,5675
-0.0841,7954
0.0863,3313
0.0634,3888
0.0788,3789
0.0964,3782
-0.2,10072
-0.0112,5746
-0.169,8610
0.0458,4725
-0.0514,7117
-0.0983,9158
0.556,20
-0.195,7569
-0.122,9429
-0.0688,8388
-0.0119,5567
0.0409,3136
-0.27,10686
0.0441,3422
-0.0879,9089
0.0469,3705
0.189,1512
-0.0944,8128
-0.0918,7535
-0.0269,5688
0.0366,3878
-0.0538,6392
-0.0683,7348
0.0196,4609
-0.495,9780
-0.272,8121
-0.000895,5153
-0.0593,6961
-0.54,10281
0.0454,4333
-0.166,10410
-0.0233,5928
0.282,871
-0.0193,6007
0.29,515
0.0752,4209
-0.0412,7355
0.049,3970
0.181,1917
0.124,3424
-0.207,8062
-0.0374,6046
-0.183,10548
-0.0405,6078
0.211,651
0.026,4656
0.0143,4933
-0.0574,6374
-0.146,10708
-0.0132,6119
-0.226,8778
-0.0477,6092
-0.0793,6555
-0.0251,5927
0.0533,3569
0.0066,5245
-0.216,9657
-0.0312,6241
-0.169,6514
-0.0333,6312
-0.0363,6837
-0.055,6701
-0.107,7749
-0.0504,6484
-0.151,8640
-0.139,7471
0.401,173
-0.0853,8429
-0.0794,6840
0.0218,4561
-0.135,6229
-0.0416,6591
0.173,2086
0.325,695
0.408,667
-0.28,10549
0.262,962
0.603,1172
0.357,776
0.0466,3945
-0.00804,5437
-0.048,6662
0.013,4941
-0.119,8036
0.193,1101
0.244,1523
-0.123,7994
0.741,363
-0.132,9745
-0.0859,9187
0.0359,4148
0.0418,3881
-0.136,8861
-0.164,8818
-0.282,10317
-0.348,10981
0.0748,2966
-0.208,8223
-0.241,5433
0.185,2259
0.0828,2154
-0.0692,7068
0.14,952
-0.121,7024
0.108,3082
0.141,2241
-0.0583,8321
-0.507,7906
0.468,518
0.173,2407
0.226,1674
0.201,570
0.0776,2875
0.00326,5129
-0.0543,6220
-0.264,6872
0.000332,5475
-0.0489,7402
0.0875,1560
-0.0594,7162
-0.148,8121
0.252,237
0.16,2605
0.0781,2690
0.00577,5084
0.596,340
-0.0812,8444
-0.343,7917
0.163,1722
0.0947,3052
-0.0722,6686
0.0716,3809
-0.0322,5867
0.00941,5224
0.332,1935
-0.292,10554
-0.162,7486
0.189,2070
0.161,1820
-0.281,9195
-0.317,10933
0.0269,4968
-0.149,9903
-0.0307,6228
0.188,2503
-0.0866,6434
0.0821,3385
-0.0769,7655
-0.0217,6057
0.413,1669
0.145,2731
0.197,1792
0.0701,3802
0.0658,4006
0.0681,3304
-0.191,8879
0.133,3417
-0.268,9101
0.232,1180
0.0177,4078
0.0568,3716
-0.106,8494
-0.356,10381
-0.0147,5482
-0.196,8428
0.0742,3553
0.175,1785
-0.215,9468
-0.197,8661
0.338,463
-0.618,9950
-0.075,7807
-0.103,7873
-0.246,10174
0.044,4018
0.126,2685
-0.143,9284
-0.0295,6749
0.183,691
0.1,2342
0.0647,3894
-0.0307,5720
-0.0358,5221
0.198,547
-0.0591,7091
-0.115,7459
-0.164,8424
0.0547,4157
-0.116,7773
0.015,4485
0.723,73
0.0585,3675
-0.132,8949
-0.0193,5606
0.00468,5160
-0.0246,6155
0.0947,2142
-0.49,10696
0.0499,4129
-0.0631,6414
0.479,154
-0.0897,7973
-0.331,10845
-0.0148,5862
-0.0486,7527
0.0191,4748
-0.0659,7633
-0.0241,6540
0.0953,2064
-0.286,9614
-0.0122,4952
-0.097,6571
0.238,1848
0.129,1851
-0.255,10713
-0.0363,6558
0.387,483
0.183,2234
0.113,2464
-0.134,9936
0.126,2039
-0.0557,6713
0.359,584
0.441,302
0.504,636
-0.251,9932
0.0479,3935
0.229,2219
-0.00753,5339
-0.115,6608
-0.133,9225
0.33,271
0.101,1635
-0.365,10757
-0.155,8722
-0.147,9060
0.0126,4632
0.0173,4665
-0.0965,8804
-0.0538,6086
0.0923,3493
-0.0184,5297
-0.239,10725
-0.0906,9321
-0.029,6234
-0.0219,6254
-0.0476,6628
0.181,1981
-0.235,8949
-0.128,7654
-0.115,8293
0.159,1364
0.135,2719
-0.0426,6205
0.331,572
0.265,2054
-0.0703,8458
-0.0914,7140
0.208,2050
0.0707,3358
-0.0686,6658
-0.275,8743
-0.093,8855
0.00103,5066
0.134,2460
0.106,2643
-0.14,8839
-0.108,8779
0.0813,2660
0.0189,4879
-0.0419,6054
0.364,681
0.286,2657
-0.0943,8165
0.195,1142
0.0263,4594
-0.127,9090
0.0162,4647
0.26,781
0.465,787
-0.00268,5457
-0.196,9048
0.132,2152
-0.26,10473
-0.153,7777
0.208,3013
-0.0152,6259
0.017,4598
0.12,2052
0.0197,4657
-0.22,9832
0.0923,3354
-0.0316,5703
-0.0518,7308
0.181,1026
0.0293,4522
0.136,2635
-0.168,9123
-0.109,10358
0.191,1788
0.00686,5024
-0.125,8279
0.00656,4838
-0.0337,6087
-0.0421,5902
-0.0404,6870
-0.0583,7237
-0.128,9772
-0.2,8391
-0.129,7527
-0.436,10356
-0.195,9264
0.0207,4748
-0.125,7875
-0.345,10829
0.0621,3776
-0.106,7193
-0.115,8124
0.0592,3328
0.00518,5043
0.301,987
-0.00329,5464
0.452,1273
0.125,1537
0.0182,4591
-0.122,6991
0.255,1179
-0.636,10666
-0.418,9305
0.00807,4991
-0.0785,7169
-0.153,8366
-0.143,8174
-0.269,9844
0.696,320
0.249,134
-0.0823,7534
0.114,2117
0.481,400
0.146,1552
0.686,547
-0.055,8149
0.109,2152
0.0982,3782
-0.149,8828
-0.0933,8135
-0.163,7503
0.0431,3348
0.102,1325
0.0475,4175
0.143,1250
0.0149,4981
-0.136,7876
0.0663,4031
-0.427,10588
-0.277,9578
0.334,901
-0.205,7701
-0.202,9755
-0.0194,6112
0.0719,2769
-0.337,7089
0.107,3513
0.208,2205
-0.0388,7025
0.0177,4421
-0.18,10485
0.136,2171
-0.246,9449
-0.511,10565
-0.171,8446
0.185,1056
0.142,2435
0.198,2639
0.346,750
-0.295,9154
-0.187,9022
0.214,1399
-0.0353,7990
0.354,867
-0.322,7420
0.126,2381
0.0428,4161
0.083,2583
0.322,663
1.4,171
0.0253,4688
-0.00753,5260
0.629,134
0.261,1172
0.141,1094
-0.262,10197
-0.1,7809
-0.00753,5157
0.055,3804
0.0243,4267
0.0376,4450
-0.109,7267
0.182,2499
0.0571,4034
-0.202,7670
-0.457,8301
-0.00172,5216
0.00147,5081
-0.171,9010
0.0794,3262
-0.00667,5312
-0.146,8474
-0.266,10001
0.559,488
-0.0332,6234
-0.176,8806
-0.157,9429
0.118,2239
-0.103,8806
0.364,1073
-0.163,8860
-0.161,8697
-0.439,10805
-0.154,8738
0.169,1442
-0.0164,5520
0.0778,3930
-0.114,6092
0.0521,4484
-0.154,8980
0.147,3022
-0.0405,6612
-0.00177,5161
0.33,456
0.111,3077
-0.135,9472
-0.172,10188
-0.241,10182
-0.301,10618
-0.235,9684
-0.0587,6343
-0.078,8082
-0.259,10207
0.205,2417
-0.233,10586
-0.088,7805
-0.203,8791
-0.0423,8156
0.0759,3608
0.303,935
-0.209,9498
0.0406,4511
-0.0489,5604
-0.0505,6738
-0.000616,5374
0.0669,3609
-0.0884,8536
0.294,1249
-0.0195,5446
0.276,1026
-0.173,9073
0.0283,4448
-0.142,9563
0.393,1231
-0.289,9923
0.103,3866
0.334,452
0.286,1140
-0.0986,7360
0.16,1841
-0.0773,7305
0.158,978
-0.0346,6556
0.247,1883
-0.228,8808
-0.257,10103
0.237,1580
0.0632,3887
-0.00904,5790
0.162,1658
-0.0745,7673
0.0927,3874
0.537,124
-0.0301,6256
0.0727,3460
-0.103,7785
-0.192,9270
0.0882,3843
0.244,727
0.108,2143
0.0517,2836
0.184,2434
-0.288,10303
0.262,1240
-0.0129,5095
-0.0083,5698
0.0911,2982
0.0492,4129
0.217,3132
-0.297,9497
0.189,2134
0.0198,4820
-0.302,10482
-0.179,8738
-0.121,8885
0.07,3470
0.13,2374
0.0729,3053
-0.0327,7025
-0.0347,5781
-0.304,10686
-0.193,7854
0.653,179
0.0577,3391
0.384,239
-0.135,8993
-0.155,8770
-0.0746,8308
0.207,2045
0.0271,4512
0.0112,5047
-0.0572,7113
-0.155,9772
-0.066,7126
-0.00904,5521
-0.0486,6835
-0.353,9907
-0.00308,5459
-0.121,8557
-0.0582,6746
0.152,2671
0.00644,5153
0.16,167
-0.155,9848
0.617,146
0.768,108
0.0545,3194
0.0734,1869
-0.102,7695
-0.115,7801
-0.169,9539
-0.174,7779
0.0268,4530
-0.0958,8763
-0.174,10270
-0.00275,5253
0.21,874
-0.154,8473
0.0643,2865
0.0198,4336
-0.0449,7616
-0.299,7250
0.663,1061
-0.0748,8584
-0.0139,6033
-0.2,10509
0.0483,4092
0.0503,4486
-0.291,9081
-0.0537,6307
-0.173,8765
0.0915,2170
0.187,1283
0.0913,3399
0.279,2241
0.177,3221
-0.128,8725
0.195,1488
0.0109,5144
-0.0106,6007
0.0852,3651
-0.0744,7008
0.113,3118
0.0914,2288
-0.127,7835
-0.172,9521
-0.19,8149
0.342,1876
0.0631,3135
0.183,1619
0.117,2268
0.318,290
0.0338,4254
-0.426,11022
0.0378,4253
-0.139,7638
-0.456,11012
-0.0802,8109
-0.435,10096
-0.175,8199
-0.0276,6224
-0.189,9899
0.0267,4658
-0.22,9325
-0.152,9232
-0.172,10000
0.153,1560
-0.0359,6829
0.0952,3696
0.384,578
-0.135,7505
0.452,42
0.0202,4298
0.171,1352
-0.0411,6383
-0.000189,5348
-0.0111,5666
0.0619,3963
-0.0665,7279
-0.407,10948
0.115,2912
0.108,3067
0.0282,4566
-0.121,8670
0.438,738
-0.0709,7205
-0.0465,7132
-0.143,8910
-0.0457,6510
-0.266,8956
-0.0318,6405
-0.0323,5136
-0.14,9464
0.212,1876
-0.0668,6864
-0.204,8978
-0.207,10214
0.104,2081
-0.17,9906
-0.346,9721
0.0205,5001
0.00166,4999
0.00661,5002
-0.191,9998
-0.169,8674
-0.225,10211
0.0299,4515
0.116,3289
-0.0407,7439
-0.257,10039
0.216,1543
-0.108,9374
0.0609,3833
0.0634,3909
-0.0343,6337
-0.00459,5274
0.122,2767
-0.172,9088
0.374,1422
-0.022,5854
0.0053,5235
0.113,2898
0.254,843
0.0656,4038
-0.24,6948
0.716,666
0.0382,3617
-0.347,9443
-0.179,9155
0.277,896
0.289,1460
-0.521,8350
-0.168,10070
-0.614,10215
0.13,3475
-0.112,8354
-0.299,9643
-0.0276,5952
0.164,989
-0.0934,7383
0.156,1325
0.123,3079
0.0244,4574
-0.161,9756
-0.0468,7944
0.115,2149
0.72,109
0.142,2304
0.11,3338
-0.237,8335
0.0269,4403
-0.174,9442
0.0851,3185
-0.00151,5333
0.142,2244
0.138,2376
-0.235,10978
-0.122,8466
0.0953,2975
-0.141,10024
-0.0977,6711
-0.199,8909
0.00527,5207
-0.142,9357
-0.15,9039
0.318,351
0.153,1582
-0.275,8436
0.0267,4318
-0.19,10767
0.129,2004
0.29,1350
-0.0377,5904
-0.102,6947
-0.0421,6634
-0.0956,8313
-0.089,7352
-0.127,7160
-0.0812,7367
-0.484,10786
0.378,160
0.0275,4158
0.0806,3599
-0.197,8658
-0.413,9739
0.545,437
-0.0735,8220
-0.226,9940
0.123,3518
0.134,1937
-0.14,8256
-0.176,9881
0.0194,4682
-0.0831,8245
-0.228,10175
-0.0159,5700
0.016,4821
-0.16,8531
-0.0991,7602
0.048,3525
0.0588,2974
-0.00865,5489
0.0766,4008
0.0323,4150
0.473,594
-0.0739,7659
-0.116,9316
-0.401,10880
-0.122,9882
-0.076,7145
-0.258,10637
0.244,597
0.0147,4934
0.241,517
-0.247,8232
-0.119,7485
-0.0111,5850
-0.0271,6496
0.0489,4179
-0.0222,5842
-0.062,7871
0.0221,4968
-0.0601,7301
0.205,794
-0.287,10158
0.142,2582
-0.0972,7818
0.00309,5255
-0.253,10340
0.159,548
0.0442,3930
0.0379,4358
0.0853,3992
0.0893,2811
-0.107,9229
0.31,699
0.2,1810
0.0722,3288
-0.311,10083
-0.0129,5670
-0.062,7310
0.0252,3827
-0.136,9262
0.0425,3963
0.281,1028
0.0805,3582
-0.164,9819
-0.0337,7438
-0.198,8691
-0.0743,6969
0.0566,4262
0.724,1147
-0.154,9358
-0.153,9568
0.506,355
-0.163,10642
-0.0638,7310
-0.0406,5991
-0.181,8905
0.0183,4632
0.149,2754
-0.139,9004
-0.127,7901
0.148,3383
-0.000413,5020
0.016,4990
-0.152,7971
0.056,3931
-0.257,8384
-0.109,7305
-0.0731,7493
-0.166,10532
-0.00435,5238
-0.0365,5445
0.0438,4161
0.137,2738
0.00556,5306
0.115,2162
0.0399,4496
-0.343,9970
-0.308,10445
-0.121,5907
-0.0853,8810
-0.134,9509
0.572,675
-0.346,10594
0.158,2877
-0.261,8883
-0.0068,5436
0.00736,5265
-0.0306,6066
0.0177,4488
-0.0168,5808
-0.145,7502
0.0269,4598
0.182,2644
-0.234,8809
-0.292,10271
-0.0765,6572
-0.149,9072
0.00382,5345
0.117,1238
-0.272,10609
-0.141,8761
-0.0323,6413
0.108,3390
0.0455,3802
0.115,982
-0.0902,8040
-0.41,10278
-0.39,10711
0.283,981
-0.0731,9468
-0.0356,6669
0.0687,3806
0.176,1481
-0.343,10693
0.181,2353
0.015,4855
-0.154,9203
0.257,702
-0.0398,7006
0.144,2383
-0.0145,5770
0.147,1426
-0.00353,5511
0.165,2022
-0.212,7952
-0.255,9806
-0.0673,8191
0.0192,4671
-0.139,7859
-0.332,8916
0.203,1996
0.904,215
0.0463,4175
-0.112,8894
0.0407,4060
-0.0303,6044
-0.117,8206
0.318,2628
-0.198,9517
-0.367,10614
0.0129,4858
0.00107,5249
-0.24,10354
0.303,1887
-0.0594,8036
0.178,708
0.129,1625
-0.159,10065
-0.0282,5653
0.0131,4836
0.299,1723
0.0259,4184
0.0253,4596
0.315,1384
0.149,2369
0.207,2019
0.0925,3092
0.115,2988
-0.151,10521
-0.0648,7162
0.143,2335
0.0402,4565
0.254,1228
0.0373,3460
0.0434,3755
0.262,1483
0.294,729
-0.0225,6543
0.589,300
0.245,471
0.143,1151
-0.216,10048
0.466,878
0.181,2764
-0.0322,6855
0.153,1277
0.0413,3784
-0.0039,5736
-0.0778,7728
0.0236,4491
0.435,1604
0.0994,2904
-0.0689,7419
-0.132,8299
-0.158,10297
0.00134,5434
-0.01,5827
0.0362,2817
0.348,42
0.246,1033
0.0226,4826
0.273,2002
-0.37,10341
0.299,639
-0.0256,6162
0.426,466
0.118,3191
-0.0721,8190
0.378,1999
0.0961,3699
0.0832,2569
0.11,2168
0.135,2421
-0.0489,6345
0.106,3476
-0.00493,5698
0.133,2228
0.0831,3253
-0.129,7409
-0.144,8364
0.101,3632
0.101,3336
-0.0735,7992
-6.94e-17,7165
