coef,rank
0.357,1162
0.161,2113
-0.0106,5838
0.0299,4622
0.513,2162
-0.407,8663
-0.765,10904
0.0312,4560
-0.284,10945
0.0482,3981
0.0495,4092
-0.245,9486
0.0262,4450
0.194,410
-0.109,8616
-0.139,8469
-0.405,9521
-0.222,7292
0.00415,5309
-0.0145,6428
-0.151,9219
-0.0197,5916
0.0868,3815
0.11,3730
0.0474,4095
0.109,2921
0.156,2719
0.0739,3577
0.0417,3998
-0.129,5651
-0.1,7573
0.185,979
-0.16,8679
-0.0216,5261
-0.193,9102
-0.00728,5461
0.0533,4011
0.000851,5246
0.137,2106
0.159,2855
0.131,2767
0.0934,3333
-0.285,10949
0.0392,3260
0.0304,4577
0.0597,3582
0.0813,3786
-0.253,8919
0.129,745
-0.0102,5976
-0.198,8953
-0.181,9945
-0.167,8404
0.291,1040
0.314,705
-0.162,10361
0.0306,4210
-0.384,10347
-0.18,7525
-0.233,9084
0.133,895
0.031,4544
-0.28,9866
0.228,1527
0.133,1230
0.00584,4964
0.112,2639
0.119,1608
0.301,297
0.172,971
0.0282,4527
-0.0351,5284
-0.209,10346
-0.209,10298
0.5,66
0.0771,3796
0.259,2323
-0.00244,5583
-0.0814,7722
0.125,1861
0.151,1838
-0.37,10958
0.29,2300
0.6,292
0.201,466
0.366,48
-0.0661,7263
0.101,3713
0.0377,4194
0.0124,4799
-0.0778,8475
-0.0313,7003
-0.231,9708
-0.244,9884
0.0202,4763
0.285,1366
0.56,128
0.0916,2420
0.184,2701
-0.0283,6890
-0.13,8445
0.0822,3529
-0.161,9954
-0.085,8069
-0.204,10218
-0.00385,5394
0.372,1259
-0.16,8115
0.0143,4950
-0.336,10810
-0.109,7482
0.278,566
0.148,3649
-0.173,8285
-0.194,10595
-0.0717,8607
0.13,3141
-0.0256,6255
0.229,243
-0.0713,6870
-0.18,9513
0.106,1691
0.0767,2730
-0.152,10087
-0.042,5934
0.0466,4445
0.139,1167
-0.329,10621
-0.0961,7330
-0.00516,5214
0.13,2975
0.115,3131
-0.087,8343
-0.148,9443
-0.157,7871
-0.0958,8570
-0.914,9841
-0.744,10974
0.0601,3159
-0.0157,5911
0.135,3419
0.0973,2110
0.328,1065
0.0497,4276
-0.347,10884
-0.194,10175
-0.306,9863
0.178,1878
0.019,4910
-0.342,10227
-0.157,9633
-0.0133,5972
-1.18,9887
-0.0365,5899
-0.199,7547
-0.081,7163
0.159,1266
0.312,423
-0.1,6965
0.054,3984
-0.152,9192
0.0403,4169
-0.213,9809
0.106,1095
-0.143,8681
-0.312,10758
0.0605,3321
0.0401,3811
-0.125,8249
0.0143,4891
-0.0366,6244
-0.237,8486
0.14,1322
0.00544,4943
-0.0123,6095
-0.185,9953
-0.168,10106
-0.0811,7069
0.138,3892
0.0468,3156
-0.0808,8015
0.0872,3578
-0.285,10678
-0.378,10986
-0.0942,8666
-0.256,11032
-0.0102,5650
-0.16,9588
0.548,181
0.0271,4576
0.141,3590
-0.0845,8065
0.0302,4392
0.0593,2535
0.0923,2550
0.259,1070
0.213,2268
-0.0858,8031
-0.255,9865
-0.14,8320
-0.0627,7829
-0.426,10846
-0.0311,5913
0.0465,4612
0.11,1521
0.00865,5167
-0.216,9733
-0.224,7807
-0.152,8991
-0.125,8126
0.0746,3036
0.19,383
-0.185,9899
0.234,1545
0.0309,4685
-0.065,6405
0.00873,5087
0.0387,4182
-0.282,10574
0.103,3235
0.21,2089
0.074,3952
-0.396,10918
-0.123,9602
-0.0852,8983
-0.285,9930
0.125,3297
-0.017,5962
-0.0387,6812
-0.051,7601
0.00464,5257
0.108,3059
0.367,355
0.0998,3357
0.0625,4162
-0.0597,8592
0.0548,3835
-0.535,11025
0.34,1492
0.453,149
0.0518,4128
-0.648,9233
0.257,2456
0.0744,3309
-0.0218,5659
0.0836,3678
-0.224,10740
-0.085,7641
-0.00098,5406
0.286,483
1.56,459
0.228,2176
0.0291,4201
0.00143,5324
-0.363,10021
-0.234,8335
0.342,1481
0.169,3103
-0.232,10477
0.0169,4691
0.0987,2693
0.207,1005
-0.259,10270
0.144,2466
-0.272,10764
-0.124,8193
0.191,2435
0.451,56
0.0927,3215
-0.182,8284
-0.139,8918
0.129,776
0.268,470
-0.0148,5523
-0.155,8482
-0.0442,6446
0.0631,3583
-0.115,7322
0.313,626
-0.0266,5886
0.0603,4298
0.0312,4509
0.238,678
-0.0944,7511
0.217,1444
-0.46,10899
0.217,1692
-0.0862,7597
0.0309,4206
0.0706,3586
-0.214,9363
-0.152,7930
0.288,1149
0.0542,4175
0.00932,5156
-0.084,8293
-0.532,10791
0.0818,3125
-0.00958,5337
-0.161,7569
0.198,1153
0.00166,5115
0.011,4960
-0.0191,5498
0.165,1940
-0.531,10837
-0.0994,9278
0.0334,4437
-0.034,6378
0.422,912
-0.445,10665
-0.00351,5146
0.0304,4028
0.0726,3283
0.0224,4918
0.369,1616
0.691,155
-0.0426,6330
-0.29,9717
0.0409,4455
-0.273,9563
-0.0618,7072
0.198,2105
0.315,2374
-0.183,10469
0.0396,4316
-0.0412,6572
-0.0804,7219
-0.0821,8562
0.339,1625
-0.0573,7687
0.219,596
-0.27,9663
-0.0478,5947
0.137,1838
0.888,154
-0.18,10253
0.0606,3233
-0.101,8652
0.0324,4290
0.359,175
-0.428,10841
-0.152,10057
0.162,3060
0.145,3121
0.135,767
-0.0601,7986
0.0013,5085
0.057,3508
0.0624,3715
1.91,280
0.00667,4720
-0.656,8135
-1.63,11032
-0.0726,5992
1.15,442
0.147,2898
0.0463,4459
-0.106,8082
0.0485,3950
-0.144,10488
0.0629,2180
-0.336,7056
-0.00824,5442
-0.0576,6390
0.121,3278
-0.013,5870
0.126,1188
-0.384,9525
-0.0678,6840
0.0912,3231
-0.0217,5746
0.0396,4504
0.0113,4882
-0.284,10557
-0.0511,5935
-0.157,7765
-0.252,7925
-0.171,9011
-0.0115,5819
0.507,465
-0.0213,6483
-0.161,8446
-0.111,6356
-0.231,10549
-0.0879,7922
-0.00461,5386
0.0172,4817
-0.235,7325
-0.0826,6831
0.0638,3199
-0.0939,7976
-0.131,8622
-0.471,10630
0.0842,3479
0.142,3187
0.12,2599
-0.0677,7745
-0.364,9567
-0.0231,6013
0.459,209
-0.114,8208
0.146,1948
0.205,874
0.483,113
0.0262,4553
0.214,1821
-0.15,6573
-0.0233,7819
0.212,705
0.0275,4640
0.168,2974
-0.0788,6876
-0.275,10071
-0.12,9424
-0.0269,7130
0.00697,4682
-0.29,10576
0.575,757
-0.133,8508
-0.0739,5989
-0.0499,7533
0.338,796
-0.0579,6395
-0.109,7298
-0.595,10725
0.289,1091
-0.161,10169
-0.12,8065
-0.0675,6513
-0.365,10628
0.0323,4723
-0.0388,6587
0.111,2237
-0.114,8068
-0.173,9196
-0.0902,7118
-0.152,9553
0.078,3914
0.0195,4852
0.0619,2869
-0.0496,3811
-0.457,10437
-0.164,8292
0.216,2654
0.0894,2468
0.0478,4482
0.217,2055
0.235,2696
-0.525,10972
0.199,2674
-0.213,10435
0.207,2477
-0.123,7340
-0.00634,5444
0.83,83
0.133,2458
-0.11,9665
-0.0137,6123
0.442,322
-0.0991,7452
-0.156,9232
0.134,1785
-0.124,9538
-0.301,9748
0.0136,5050
-0.0488,6112
0.105,3441
0.134,3068
-0.0974,7869
0.116,2229
0.0742,3803
-0.299,10337
-0.0843,8072
0.268,564
0.0273,4306
0.123,2718
0.0894,2762
0.279,2157
0.0859,2738
0.124,2475
0.0336,4084
0.096,3519
-0.281,10953
-0.0967,7213
-0.659,11022
0.205,1020
-0.156,9726
-0.194,10544
0.137,1692
-0.334,10998
0.0117,5106
0.025,4652
-0.0232,7899
0.0218,4942
0.0783,2747
-0.153,7153
0.0386,4446
-0.0528,7297
-0.00438,5421
0.125,1638
-0.224,9922
0.107,2900
-0.423,9429
0.169,1637
0.00338,5023
0.217,305
0.231,2462
-0.291,10555
-0.476,9992
0.213,1807
0.352,996
-0.122,9725
-0.301,8385
-0.667,10837
0.132,3703
0.213,2775
-0.196,10742
-0.128,9451
0.0616,3415
-0.0523,6973
-0.649,11005
-0.0924,7348
-0.0582,7278
0.179,1749
-0.657,10601
-0.446,10659
0.197,2729
-0.428,8560
-0.00326,5384
-0.183,9850
0.0577,3771
0.12,2912
-0.0572,6787
-0.00231,5357
0.0387,3876
-0.108,9865
-0.589,9760
0.388,2376
-0.255,7195
1.15,554
0.000705,5339
0.197,2310
-0.211,10334
0.0537,3972
-0.284,10240
0.0153,4968
-0.204,10147
-0.166,8923
-0.205,10000
-0.0921,7737
0.182,3265
0.0418,4817
0.0241,4507
-0.386,10788
0.159,2025
-0.19,9382
0.452,127
0.13,2562
0.118,2501
0.167,2213
0.0244,4628
-0.113,8688
-0.0633,6481
-0.0493,6573
0.00749,5162
-0.0372,6642
-0.119,8618
0.2,1102
0.113,3426
-0.00889,5678
0.236,595
-0.291,9919
0.0535,4038
0.0128,5097
0.315,600
-0.369,10862
-0.0332,6303
0.0467,3331
-0.414,9751
-0.00156,5196
0.318,831
-0.178,6622
-0.0867,8060
-0.14,8879
0.383,1027
-0.131,9464
-0.00687,5631
-0.0254,5825
0.258,339
0.00546,5120
-0.125,8822
0.174,873
-0.473,10638
0.576,511
-0.0082,5880
-0.0427,6345
-0.197,8683
-0.257,10464
-0.372,10745
0.0579,3873
-0.0664,7300
0.0822,3102
-0.125,7727
0.327,1141
-0.232,10236
-0.0495,6281
-0.0355,6225
-0.213,10761
0.238,2116
-0.101,9350
0.0388,4600
-0.633,10462
-0.151,9544
-0.048,6977
-0.224,9742
0.18,1309
0.0146,4674
-0.0323,5998
0.0823,3068
0.067,3140
0.127,916
0.0105,5114
0.149,2123
-0.0725,7257
0.0316,4212
0.296,1363
-0.0638,7585
0.193,2610
0.082,4193
0.0311,4586
0.0557,2978
-0.0357,7156
0.109,2330
0.0459,4534
0.126,2841
0.0623,3106
0.0236,4120
-0.0144,5656
-0.0942,6858
-0.36,10474
0.0207,4662
-0.0758,7083
-0.0873,7172
0.0423,4507
-0.0811,7308
0.115,3494
0.0557,3677
-0.0851,8593
-0.00969,5537
1.84,762
-0.112,9204
-0.395,10114
-0.00029,5154
0.0646,2915
0.0528,4738
-0.594,9486
-1.08,9839
0.5,997
0.437,1785
0.38,966
0.417,500
0.123,2208
0.419,91
0.592,9
0.0522,2522
-0.43,10880
-0.243,8511
0.151,3161
-0.0544,7351
0.219,881
0.0137,4834
-0.117,7583
0.0292,4433
-0.125,7385
0.0345,4091
-0.144,8962
0.245,1066
-0.354,9845
0.451,388
0.134,2684
-0.0449,6064
-0.0234,6323
-0.021,6277
0.329,1301
-0.0421,6975
0.145,2822
0.0186,5092
-0.0546,7244
0.186,2198
0.111,3144
0.047,4352
-0.0131,5667
0.0374,4602
0.00817,5002
-0.155,9267
0.0203,4695
0.444,214
0.124,2986
-0.0281,5649
-0.388,10705
0.000873,5186
-0.0859,7431
-0.309,7934
0.211,1951
0.194,1988
-0.0118,5565
-0.143,9047
-0.0699,7839
-0.282,10661
0.185,3276
-1.35,10645
-0.0129,5860
0.0758,2409
-0.177,10374
0.11,3188
0.071,2157
-0.518,10806
0.286,556
-0.000956,5705
0.113,3522
-0.182,8705
0.071,3608
-0.373,10822
-0.29,10426
-0.171,10169
0.0196,5033
0.013,4998
-0.138,6257
0.186,2736
0.125,1355
0.263,1167
-0.0147,5505
0.108,2555
0.126,2361
-0.203,7731
-0.0538,6491
-0.0429,6541
0.0125,5087
0.134,1671
-0.624,10638
-0.153,5768
-0.174,10104
-0.0789,8235
0.00179,5219
0.134,2169
0.075,3604
-0.157,7668
0.0137,4857
-0.0424,6546
-0.0405,6155
0.774,142
-0.108,8048
-0.00963,5737
-0.0597,7527
0.0155,4560
0.16,1566
0.268,1651
-0.0409,7384
-0.0537,6597
-0.268,9490
0.0481,3481
0.0463,4201
-0.0352,5937
0.204,1818
0.068,4244
-0.356,10876
0.207,1832
0.0984,2902
-0.0984,6409
0.315,1246
0.0757,3468
0.116,1736
-0.000702,5392
-0.868,11027
-0.0605,6579
-0.034,5821
-0.23,9526
0.0107,5119
-0.0338,6070
-0.0563,6189
0.0946,2150
0.26,2831
-0.228,8128
0.223,1352
-0.0523,7840
0.138,2540
0.228,1902
0.141,1901
0.0435,4287
0.0882,2687
-0.118,8808
-0.00488,6087
0.0263,1489
0.0148,3581
-0.0154,8178
-0.0124,7786
-0.579,7515
-0.0868,7311
0.512,1703
-1.04,10682
-2.02,11003
0.0833,3246
0.0682,4083
-0.278,7579
-0.126,7768
-0.0555,5664
0.0538,3729
-0.308,10205
-1.69,10840
0.108,2870
0.0717,3857
0.0993,1197
-0.338,10896
-0.0692,6984
0.0618,4428
-0.458,10792
-0.0141,5246
0.137,2895
0.0638,3592
-0.0806,6886
-1.06,10826
0.358,1189
-0.0247,5736
-0.164,5212
-0.361,10854
-0.128,8978
0.243,1790
0.232,1125
0.0348,4324
-0.198,10709
0.255,1583
-0.315,9852
-0.126,8780
0.194,2810
0.075,3740
-0.0703,8039
0.0183,4393
-0.0696,6926
0.167,1410
0.134,2918
-0.544,10909
0.156,2067
-0.00969,5468
0.48,262
-0.0922,7642
0.132,2697
-0.0596,7646
-0.0377,6954
-0.129,8544
-0.0532,6758
-0.0603,7630
0.807,46
-0.396,9889
-0.0132,5721
0.192,889
-0.783,10199
0.0915,2710
-0.12,7198
-0.0351,5960
0.0994,2704
0.0504,4019
-0.073,6179
0.0447,4012
-0.14,7170
0.36,130
0.0262,4159
0.13,1828
-0.00529,5606
0.0178,4714
0.277,906
-0.452,10471
-0.124,9769
-0.115,9400
0.771,601
0.283,1134
-0.237,10554
-0.0436,6368
0.0928,2590
-0.0529,7618
1.4,1344
2.05,681
0.0708,3103
-0.271,7342
-0.0319,5903
0.0479,3457
0.00456,5104
0.00412,5139
-0.312,9989
-0.154,10720
0.0386,4427
-0.11,8818
-0.653,10184
-0.324,7138
-0.85,9888
0.3,1288
-0.304,10363
-0.312,10655
0.0384,4495
0.0262,4739
-0.128,9289
-0.138,9061
-0.189,9823
0.0398,4427
0.594,65
0.0284,4610
0.108,2954
-0.0883,7922
-0.00598,5423
-0.4,10646
0.121,1974
0.0631,4044
-0.141,8222
-0.242,9980
-0.135,8854
-0.427,9857
0.176,2723
0.118,2818
0.217,1726
-0.16,9347
0.157,1746
0.044,4440
-0.0925,7821
0.00246,5140
-0.0771,8343
0.163,1141
0.00515,4956
0.359,507
-0.0411,6507
0.322,676
0.00441,5213
0.0308,4832
0.037,4046
-0.206,6726
-0.404,10625
-0.529,10855
-0.363,10464
0.0357,3678
-0.329,10717
0.635,964
0.0829,3282
0.2,937
-0.319,9317
0.0629,3216
-0.225,9834
-0.232,8443
0.0893,3409
0.00375,5064
-0.0198,5537
0.0274,4185
-0.0827,7994
-0.57,10959
0.11,2500
0.107,3554
0.166,3116
-0.238,9207
-0.00924,5666
0.0321,4497
-0.211,9583
-0.0673,8061
0.222,1751
0.55,830
-0.428,10639
-0.208,8156
-0.0134,5869
-0.168,9080
-0.0992,8567
-0.229,8205
0.211,2712
0.827,1554
-0.0171,6016
0.0356,4545
-0.294,8468
0.2,1385
0.429,1006
-0.12,8803
-0.0203,6402
-0.142,10190
-0.216,10987
-0.371,10595
-0.158,10309
0.0396,4016
0.163,901
-0.157,9671
0.362,509
-0.383,11023
-0.156,7682
-0.00169,5073
-0.191,9650
-0.255,10520
-0.0134,5775
0.141,2696
0.0116,4996
0.193,2260
0.225,1639
0.305,246
-0.643,11034
-0.0119,5391
0.173,2856
-0.0838,7523
-0.317,10904
0.0691,4220
0.279,1268
-0.0636,7500
-0.179,8907
0.0336,4331
-0.0123,6555
-0.308,9918
0.0446,3998
0.0954,3937
-0.141,8986
-0.0955,8743
-0.0851,7934
0.393,478
0.048,4186
-0.155,6560
0.132,1499
0.102,3230
0.0746,2289
-0.217,9295
-0.338,10264
-0.0963,5392
-0.0188,5541
0.148,3115
-0.0413,6639
-0.313,10262
0.00515,5286
-0.304,10084
0.474,589
-0.0709,7634
-0.028,6039
0.159,3279
-0.144,8798
0.324,757
-0.517,10530
-0.239,10632
-0.21,10226
-0.553,11004
0.0247,4536
-0.113,7246
-0.176,7601
-0.156,8854
0.0816,3090
0.0336,4427
-0.0755,6539
-0.063,7638
-0.691,9794
-0.0614,8302
0.279,393
-0.265,9884
-0.124,7432
0.186,2666
-0.131,8476
-0.15,8529
-0.0593,6139
-0.297,9846
0.166,1687
-0.0932,9329
-0.0929,7520
-0.193,10505
0.0156,4783
-0.168,10021
0.183,1085
0.00746,5005
-0.0154,5907
-0.0108,5729
-0.0446,6647
0.0557,3557
0.00826,5048
0.0104,5092
0.177,2314
-0.014,5685
-0.00574,5713
-0.157,6225
-0.0984,7235
-0.241,10112
0.302,1473
0.0434,4300
0.135,1908
-0.0251,5829
0.18,1339
1.52,727
0.00912,4819
0.208,1363
-0.156,9028
-0.0581,7603
0.238,1991
-0.0765,7604
-0.227,9635
-0.224,10578
0.164,3006
0.201,2041
0.114,3066
-0.0392,6632
-0.0323,6724
-0.0844,7875
-0.0449,6561
0.327,1168
-0.133,8618
-0.0129,5793
0.00831,5185
0.0148,4945
-0.159,9918
0.0416,4317
0.936,230
-0.0519,7664
-0.00763,5639
-0.208,9423
0.0217,4460
-0.561,10910
0.155,2515
0.102,3281
-0.109,8161
0.163,2370
-0.0602,6700
-0.0983,6083
0.416,708
-0.0789,8130
-0.038,6900
-0.144,7889
0.0416,4344
0.0698,3840
-0.166,7512
-0.0876,8191
-0.0925,8805
0.0076,4860
0.0416,4520
-0.359,10385
0.245,2563
0.153,2283
0.0175,4753
-0.0992,8564
0.239,1525
0.0141,4782
-0.375,9968
-0.0551,8266
-0.0392,5999
0.0883,3513
0.0485,4352
-0.415,8246
-0.263,10311
-0.157,9247
-0.0996,8619
0.0239,4709
0.163,1262
-0.252,7097
0.0844,3606
-0.0498,7243
-0.042,7060
-0.398,10689
-0.288,9657
0.257,1112
0.0157,4778
-0.11,8923
0.108,2283
-0.245,9185
-0.134,8512
-0.105,8092
0.743,1198
-0.29,10113
0.491,304
-0.0214,6061
0.371,164
0.0495,3008
-0.259,9748
-0.0423,7577
0.23,1811
-0.271,10319
0.145,2113
-0.713,8695
0.454,483
0.0431,3622
0.2,830
0.202,769
0.398,394
0.247,1732
-0.0391,5863
-0.0506,7096
0.0394,4166
0.404,787
-0.261,9926
-0.0982,7373
-0.277,10284
0.0485,3988
0.0751,3410
-0.231,9349
0.102,3616
0.323,417
-0.104,9007
0.0391,4413
0.232,1514
-0.449,10937
0.245,984
0.173,1595
0.113,1048
-0.162,9773
0.199,1604
0.13,1986
-0.134,7712
0.258,340
0.0299,4095
0.104,1924
-0.132,9484
-0.286,8531
-0.365,10908
0.0711,3144
-0.0907,8241
0.0929,3455
-0.359,9111
-0.107,7679
-0.299,10604
-0.0111,4952
0.0563,3807
0.13,2406
-0.198,10015
0.239,1224
0.0413,4312
0.255,921
0.0116,4914
-0.0847,8596
0.0566,3709
0.124,2738
0.134,3308
-0.243,8065
-0.139,8485
-0.0397,7333
0.288,391
0.0543,3621
0.237,868
0.0226,4813
-0.138,9684
-0.101,8908
-0.199,10215
-0.203,8147
-0.255,6945
-0.167,6732
0.127,2797
-0.0726,7295
0.0392,4420
0.189,401
0.0984,3677
0.214,1735
0.133,2948
0.312,468
-0.0797,7557
-0.306,9431
-0.23,10810
-0.472,10683
0.131,1524
0.00753,5081
-0.209,10468
0.177,2385
0.0307,4430
-0.414,10385
-0.198,10983
-0.171,9612
-0.192,9296
0.144,2073
-0.113,8631
0.159,2855
-0.165,9104
0.112,3620
-0.318,10361
0.0691,3689
0.144,2830
-0.479,8307
0.066,3776
-0.19,8185
0.2,1321
-0.00358,5439
-0.277,9881
-0.215,7599
-0.0553,7120
-0.0567,6706
0.282,738
0.278,2580
0.145,1352
0.276,1064
-0.0552,8209
0.0884,2862
0.218,1960
0.131,2025
0.0279,4607
-0.353,10955
0.144,323
0.0334,4423
-0.0731,7099
-0.211,8465
-0.0564,7015
0.0481,3619
-0.264,10692
-0.0499,6288
-0.0187,5801
0.113,2132
-0.395,11033
0.183,483
-0.0798,8108
0.0766,3279
0.0185,4680
0.00189,5121
-0.0337,6518
-0.00835,5571
-0.168,8673
0.106,2899
0.0688,4108
0.556,534
-0.299,9915
0.0689,3035
-0.149,9493
0.246,657
0.124,1986
-0.133,6435
-0.263,10978
0.0483,3518
-0.063,7574
0.0352,4612
-0.00629,5250
-0.251,8372
-0.235,10010
0.0622,2519
0.0455,3759
-0.386,10944
-0.183,10024
-0.351,10787
-0.0904,6660
-0.424,10990
-0.105,9399
0.141,2710
0.0149,4854
-0.228,9231
0.226,1763
0.451,64
0.0754,2316
-0.0724,7664
-0.13,8827
0.452,294
-0.138,8569
-0.23,10798
0.416,11
0.221,1645
-0.228,10186
-0.0415,6268
-0.287,10197
-0.0592,7511
-0.126,8742
-0.251,10026
0.0355,4309
0.0632,3519
0.00824,5033
-0.0647,7279
-0.0189,5982
0.0158,4943
0.512,1305
-0.0763,7893
-0.0709,6938
-0.136,9764
-0.972,9620
-0.275,8692
-0.309,7679
0.00698,4575
-0.144,9182
0.0356,4347
0.827,315
0.262,822
0.264,753
-0.0286,5847
-0.274,10561
-0.000889,5568
0.0464,4420
-0.215,8532
-0.106,7710
0.0913,3790
0.213,532
-0.0419,6828
-0.0913,7103
0.00437,5169
-0.434,10751
-0.0571,7890
0.111,4019
-0.106,8507
0.769,225
0.0611,3367
-0.257,9781
-0.0214,5796
-0.0126,6005
0.0325,4264
0.0609,3856
0.0339,4222
-0.52,10511
-0.27,8021
0.299,39
-0.00789,5979
-0.151,8022
-0.118,8423
-0.151,6885
-0.533,8967
-0.0127,5813
0.16,1760
0.205,1778
-0.138,9835
0.284,817
-0.0428,6172
-0.00231,5471
-0.00862,5990
0.0254,4384
0.165,1492
-0.0208,6108
0.0176,4975
-0.00627,5904
0.0581,3879
0.124,3192
-0.0729,8345
-0.239,9118
-0.217,10411
-0.16,10247
0.0756,2851
-0.0172,5494
-0.00125,5463
0.109,2088
0.0427,4795
-0.057,7807
0.0181,4691
0.0102,4413
0.213,2404
0.00268,4901
0.0347,4602
-0.119,8757
-0.223,7690
-0.483,10925
0.183,983
-0.136,8024
-0.578,10134
-0.301,10602
0.168,2998
-0.402,10497
0.117,1553
-0.28,9295
0.00568,5084
-0.212,9420
0.257,713
0.0494,4137
-0.0588,7431
-0.148,9385
0.0709,3670
-0.316,8769
0.227,1436
0.204,1373
-0.0264,6008
0.0215,4563
-0.0732,7700
-0.212,8959
-0.217,8221
-0.354,10669
0.129,471
-0.0145,5389
-0.147,9202
-0.348,10887
-0.0599,6912
0.0964,4079
-0.044,7204
-0.0156,6219
-0.0331,6331
-0.211,9685
-0.0996,8495
-0.0876,6585
0.303,1394
-0.0537,6881
-0.531,11024
-0.0263,5804
0.329,387
0.0426,4661
-0.134,9606
0.0376,4010
-0.0726,6258
-0.136,7658
-0.248,9055
-0.715,10647
0.0439,4002
0.0878,3820
-0.152,9242
-0.245,10540
0.579,753
0.0816,3306
-0.199,10462
-0.244,10479
0.511,232
-0.102,8172
-0.168,8763
0.151,3262
0.0409,4174
-0.186,10966
0.0974,3657
-0.213,9297
-0.233,9367
0.743,345
-0.174,10210
0.253,539
0.101,2807
0.0122,5069
-0.161,8305
-0.351,10883
-0.0486,8269
-0.0796,9850
-0.202,10374
0.256,518
-0.152,6349
-0.113,8728
0.0885,2217
-0.0238,5431
-0.116,7416
0.459,797
-0.0782,6195
0.106,2879
-0.241,9775
-0.0734,7742
-0.308,10694
0.0483,3828
-0.072,6329
-0.266,10499
0.346,237
-0.1,8741
-0.0942,6977
-0.0296,5864
-0.155,8915
0.348,222
0.087,1465
0.0139,4599
-0.177,7550
0.101,3767
-0.254,8538
-0.503,10941
0.227,2179
-0.0683,7700
-0.0872,8225
-0.02,6173
-0.0221,5676
0.0105,4964
0.28,404
-0.219,9176
0.488,931
-0.484,10333
-0.786,10819
0.215,1655
0.284,174
-0.392,10808
-0.155,7849
0.0239,4080
-0.439,9862
-0.0113,4986
-0.137,10143
-0.118,8300
-0.0938,8455
0.486,1423
0.0239,4373
-0.177,8290
0.0119,5207
-0.102,8589
0.326,1450
-0.459,9824
0.149,940
-0.109,9086
0.517,17
-0.133,8953
-0.218,10967
0.0154,4802
0.195,1517
0.144,2179
-0.125,8571
0.218,755
0.211,1675
0.0679,3675
0.153,3061
-0.266,7493
-0.228,9778
0.145,2676
-0.123,7843
0.213,1001
-0.56,10870
-0.0186,5929
-0.21,10987
-0.127,10298
0.274,2058
0.00567,5072
-0.788,11006
-0.179,7832
-0.0928,8624
-0.012,5753
-0.286,10698
-0.265,9537
-0.0586,6562
0.13,2867
0.287,90
0.135,2323
-0.162,8102
0.0718,3700
0.143,1823
0.198,2054
-0.28,10379
-0.185,9917
-0.00393,5452
0.366,1012
0.132,2145
-0.105,7380
-0.083,7643
0.0209,4474
-0.297,10837
0.09,3803
-0.571,10534
-0.718,10676
0.4,144
0.0862,2976
-0.171,8075
-0.0512,5966
0.231,801
-0.0891,8239
-0.0851,8423
0.0312,4096
-0.0336,6961
-0.156,8455
0.249,1268
0.382,453
-0.184,10244
-0.0262,6137
0.137,2025
0.169,1992
0.0104,4877
-0.0202,5630
0.113,1259
0.0359,4152
0.0133,5076
0.287,1280
0.0586,3804
-0.361,10354
-0.0485,7573
-0.324,9304
0.0407,4153
0.386,352
0.0545,4400
-0.0142,5462
-0.0532,7229
-0.0752,7988
0.0734,2808
-0.149,9006
0.124,3199
-0.102,8689
-0.0892,9264
-0.0635,6334
0.216,2717
-0.321,10922
-0.0356,6144
0.147,1641
0.416,346
-0.00102,5431
0.338,590
0.18,2085
0.226,992
0.13,2109
0.18,2233
-0.0522,6600
-0.142,8095
-0.602,10980
-0.211,7961
-0.0594,7340
0.0132,4973
0.171,2288
-0.0427,6797
-0.19,9251
0.221,2436
0.255,73
-0.072,7833
0.128,3598
-0.000247,5286
-0.0665,6141
0.222,2668
0.0497,3894
-0.114,7970
-0.0616,8348
-0.0953,7840
-0.251,10739
-0.0567,6779
-0.192,10483
-0.104,9230
0.0877,3658
0.0268,4786
-0.0243,5754
0.187,2525
-0.0777,7327
-0.0721,8136
-0.384,10823
-0.2,9571
0.216,1531
-0.401,10659
0.0808,3628
-0.07,7630
0.566,1125
-0.029,6429
0.192,1343
-0.0307,6005
-0.0807,7826
-0.0827,7968
-0.00692,5665
-0.114,7359
-0.18,8411
0.0144,4954
0.01,4968
-0.0782,7465
0.00747,4738
-0.0186,5275
0.386,959
0.559,101
-0.18,9533
-0.23,10753
0.741,1109
0.348,1225
-0.12,7413
0.165,3078
0.234,996
0.0954,3906
0.292,665
-0.621,10976
0.0343,4287
-0.163,9327
-0.145,9773
-0.00927,5574
0.0924,3967
0.126,2650
-0.0373,6304
-0.0885,8903
-0.106,10041
0.0403,4131
0.173,2519
-0.223,8918
0.693,237
0.0365,4491
0.0185,4364
0.112,2097
-0.126,8262
-0.0273,5268
0.34,576
0.49,578
-0.0345,6394
0.0581,3102
-0.0824,6905
-0.0101,5374
-0.103,7748
-0.0192,5978
0.075,2782
0.433,621
-1.05,10435
0.151,2200
-0.0731,7526
0.0969,2710
0.325,726
0.142,2483
-0.0133,5144
-0.0708,7135
-0.24,8500
0.0761,2779
-0.152,10738
-0.217,9558
0.0771,3695
-0.112,7644
0.239,1576
0.017,5076
0.0573,3708
0.4,1761
-0.143,8088
0.0731,3957
-0.0504,4973
0.141,1145
-0.0221,5931
0.0415,4475
-0.414,10556
0.199,1892
-0.696,10379
0.143,1495
-0.0908,7671
0.459,2562
-0.654,9060
0.18,1293
1.3,393
-0.0389,7116
-0.166,10184
0.119,4111
0.756,311
0.0401,4738
-0.215,9039
-0.14,8073
0.0677,3019
0.0562,3776
-0.127,7770
0.451,1085
0.00836,5198
-0.0227,6260
0.294,552
0.457,522
0.0736,3296
0.0351,4403
0.0707,2669
-0.188,9717
-0.015,5549
0.0424,4579
0.00834,4909
0.188,1795
-0.105,9084
-0.143,7747
0.24,1727
0.125,2517
-0.22,8343
0.0115,5121
0.0486,3941
0.101,2281
0.0134,4601
-0.325,10168
-0.102,7958
0.15,1873
0.0729,982
-0.0342,7600
0.0865,3778
0.39,282
-0.0933,8816
0.304,757
0.114,1760
-0.00147,5353
1.37,193
0.129,3617
-0.315,7436
-0.242,10158
-0.124,7458
-0.0858,6921
-0.341,10700
-0.144,8188
-0.231,9314
-0.106,7878
-0.0921,8239
-0.0937,7379
-0.126,7069
-0.0717,6117
-0.0567,6594
0.291,1029
-0.0758,7970
0.16,2344
0.051,2859
0.0235,4909
0.0594,3880
0.0728,3919
0.195,993
-0.202,10270
0.0706,3034
-0.101,7513
-0.23,7756
0.046,3598
0.212,1086
-0.151,9695
0.536,74
0.0256,4565
-0.105,7865
0.249,1997
0.189,1121
0.00156,5323
0.13,2146
0.148,1844
-0.0617,7913
0.025,4512
-0.0114,5564
0.0623,3693
0.236,1322
-0.103,8469
-0.0706,7401
0.396,143
0.11,1164
-0.0202,6188
-0.251,9869
0.0696,3794
-0.0219,6323
0.0126,4984
-0.0471,6556
-0.213,9958
0.113,2797
0.27,809
-0.0317,5639
0.364,1450
0.0971,2814
-0.174,10428
-0.227,9532
-0.806,10963
-0.294,9941
-0.446,10935
-0.0182,5539
-0.0702,7261
-0.0423,6169
0.266,2802
-0.0197,6258
-0.385,10423
-0.406,10889
0.0804,2772
0.595,1036
0.0842,3330
0.205,1162
-0.371,9603
-0.0205,6201
-0.514,10909
0.0643,3712
0.0592,4019
-0.0262,5739
0.574,343
0.123,1288
0.146,1165
0.114,3211
0.2,2464
-0.103,7502
-0.127,9341
-0.0189,6281
-0.0449,7603
0.0488,3791
0.116,3027
-0.104,8668
-0.0598,6630
0.028,4400
0.0507,4094
-0.126,9062
0.342,785
0.143,3081
-0.111,9091
-0.0759,7310
0.0519,4257
-0.22,8192
-0.0524,7179
0.0314,5078
-0.0932,7709
0.0361,3703
0.0882,3991
-0.0321,6085
0.0109,5035
-0.142,9441
0.0204,4652
0.0097,5019
0.0619,3965
-0.108,7298
0.203,2472
-0.312,9870
-1.12,11032
-0.148,9386
0.0149,4657
0.066,2740
-0.179,8501
0.151,2369
0.00796,5081
0.0751,3444
0.221,888
-0.0336,5843
-0.159,9033
0.0327,4935
0.0166,4807
-0.215,10598
-0.0978,8338
-0.146,8285
-0.0924,8273
0.13,3319
-0.0523,5424
-0.0124,6052
0.636,80
-0.15,8545
-0.00395,5636
-0.493,11003
-0.14,6522
-0.245,9831
0.251,1532
0.176,1478
-0.392,10887
-0.225,9292
-0.177,9933
0.0768,3009
0.181,2465
0.21,1886
0.151,1316
0.965,92
0.072,4130
0.00454,5221
0.192,748
0.0444,3725
-0.0853,8181
0.0425,4337
0.0494,3970
-0.102,7440
0.00438,5142
-0.0357,6413
-0.277,9879
0.13,3199
-0.03,6329
0.0176,4746
-0.0456,6226
0.33,1778
-0.0395,6419
0.294,601
0.147,3332
-0.00608,5862
-0.181,10456
-0.139,9922
-0.1,8829
-0.0296,6278
0.234,1318
0.322,1263
-0.0282,5419
-0.272,10775
-0.313,10149
-0.355,10033
-0.114,7732
-0.149,7693
0.0231,3599
0.124,3016
-0.224,9270
-0.161,8585
-0.191,8395
-0.046,6199
-0.0572,6441
-0.342,10817
0.0367,4654
-0.0566,6761
0.291,185
0.177,1193
0.0612,3621
0.135,2477
-0.0817,8036
-0.533,10721
0.589,121
0.00654,5082
-0.000731,5624
-0.223,8889
-0.155,9986
0.526,169
-0.0568,8334
0.182,2046
0.0145,4751
0.0104,5170
0.15,1933
-0.184,7850
0.00043,5550
-0.232,8756
-0.0608,6399
-0.115,8590
-0.183,8803
-0.357,7841
-0.174,8385
0.0915,3318
-0.0562,7144
0.306,803
0.0818,2699
0.202,751
0.161,3089
-0.199,10971
-0.0683,9521
-0.11,6828
0.288,1518
-0.0449,7765
-0.849,10707
0.0891,2208
0.215,301
-0.0981,7192
0.334,404
-0.214,7560
-0.00222,5208
-0.0858,7858
0.206,723
-0.0135,5615
0.0224,4724
0.269,2445
0.232,1453
0.218,786
0.0876,2331
-0.0309,6000
-0.189,8464
-0.0816,5930
-0.114,7797
-0.0337,6835
0.0178,5100
-0.084,8538
0.321,1354
0.775,154
0.0329,4522
-0.0528,7560
-0.118,10322
-0.0649,6880
-0.128,6788
0.272,1223
-0.366,9992
0.175,2354
-0.0933,7126
-0.155,8458
0.199,1296
-0.42,10500
0.116,3090
0.00924,4903
-0.00509,5242
-0.0869,6790
-0.169,10364
-0.31,9025
-0.0443,5576
0.107,1583
0.0299,4446
0.282,1032
-0.00646,5479
0.277,652
-0.456,10691
-0.203,9886
0.0417,4383
-0.307,10757
0.436,1026
0.46,2433
-0.00613,5338
-0.14,8974
0.221,1662
0.477,94
0.0309,4559
-0.0958,7242
0.0439,3948
0.0999,2890
0.0747,3276
0.0222,4585
-0.556,9825
-0.297,9953
-0.213,9171
0.205,1304
0.0402,3433
0.242,1574
-0.143,7705
-0.015,6108
-0.15,8178
0.0554,2840
0.0286,4147
-0.586,10629
-0.258,10490
-0.0237,5798
-0.0662,6395
0.2,1718
-0.0755,7178
-0.132,7951
0.122,3316
-0.0751,5930
0.121,3551
0.0168,4942
-0.0501,7183
0.184,2589
0.153,2313
-0.17,8201
1.19,420
0.248,341
0.0565,3427
0.0614,3984
0.185,965
-0.0881,7040
0.0104,4963
0.0933,3075
-0.146,9767
0.307,668
-0.0468,6765
-0.0351,5334
-0.00545,5412
0.0796,3055
-0.177,9993
-0.0375,5996
-0.00608,5312
-0.265,8993
-0.284,10740
0.02,4646
0.115,1166
0.0878,3720
-0.0729,6422
0.586,1472
-0.2,6215
0.0884,3077
0.0657,3000
-0.0496,6091
-0.0245,6127
0.168,1563
0.54,893
0.108,2488
-0.0272,6287
0.0577,3988
-0.325,10167
0.133,2593
0.125,3413
0.16,593
-0.023,5940
0.249,2535
0.547,38
-0.19,9250
-0.0245,5412
-0.053,7104
0.105,2167
-0.171,9583
0.235,1379
-0.13,6643
0.243,1119
-0.0136,6225
0.215,3291
0.0142,4806
0.127,3089
-0.119,6879
-0.153,7171
0.194,1014
0.0878,2430
-0.224,9473
0.347,413
0.0776,3673
-0.642,9549
0.0987,3485
0.0182,5008
0.748,260
0.406,304
-0.326,9889
0.0922,3090
0.0927,2971
-0.0231,5791
0.326,45
-0.0621,6763
-0.0924,7513
0.123,3360
0.188,1261
-0.174,7476
0.0226,4824
-0.2,9312
0.11,2555
0.024,4540
-0.00988,5576
-0.504,10930
-0.217,9844
-0.214,7814
0.109,1036
0.0359,4618
-0.0366,6740
0.305,925
0.104,3207
-0.144,7934
-0.176,9269
0.283,553
0.101,3488
0.0613,3986
0.15,2700
-0.213,9788
0.0612,3791
-0.0995,7672
-0.0815,9086
-0.176,8353
-0.164,8701
-0.557,11033
-0.0827,7839
-0.102,9053
-0.17,10399
0.0439,4521
-0.208,9772
-0.155,7464
-0.0701,7409
-0.0335,6159
0.0143,5024
-0.158,8691
-0.0787,7235
0.42,756
-0.46,10338
0.166,1364
0.023,4577
-0.0442,6863
-0.0509,6780
-0.11,5822
0.842,425
0.00894,5076
0.00249,5470
0.132,3274
-0.384,10841
-0.00363,4870
0.118,2208
-0.0993,8197
-0.0127,5730
0.0634,3950
-0.31,10219
-0.146,9660
0.136,897
0.0184,4606
0.239,889
0.0102,5151
-0.124,9141
-0.18,9616
-0.122,8718
0.119,2836
-0.233,10512
0.0563,4222
0.199,1399
-0.0296,5836
-0.155,7730
-0.213,9752
-0.0199,5587
-0.104,7985
-0.0404,5611
0.26,2977
-0.0843,7265
-0.00267,5514
0.322,1354
-0.162,6849
-0.0089,5671
0.0509,3871
-0.0375,6194
0.16,947
0.154,1191
-0.211,9709
0.0426,4045
0.139,2728
0.0803,3172
-0.0043,5316
0.163,2056
0.12,2675
0.146,2470
-0.147,7517
-0.115,7154
0.15,2890
-0.0233,5697
0.0891,3116
0.0178,4719
-0.0597,5735
0.107,3753
0.00435,5185
0.0284,4532
0.0721,3942
-0.0455,7327
-0.0118,5370
0.0807,2221
0.0364,4244
-0.128,10421
0.282,1869
-0.192,8703
0.127,767
0.13,3029
-0.0057,5357
-0.144,8678
-0.0639,6403
-0.0857,7495
0.0536,4428
-0.501,10368
-0.109,8332
-0.0735,7948
0.162,1496
-0.0742,8818
-0.0317,6582
-0.0476,6760
0.366,1430
-0.133,8822
0.0687,3423
0.275,808
-0.158,8490
0.157,1965
0.258,1430
-0.181,9208
0.191,2447
-0.275,6976
0.0893,2315
-0.0702,7023
0.0399,4442
0.15,1572
-0.0335,6821
-0.0981,7972
-0.249,10326
0.0856,3291
0.00489,5093
-0.102,7133
0.0916,2866
-0.00936,5340
0.00694,4910
-0.138,7657
-0.053,6802
-0.0964,9038
0.211,700
-0.106,8055
0.0361,4329
-0.262,9383
0.0558,4302
-0.00135,5592
-0.12,9308
0.0726,2859
-0.217,7041
0.0185,4838
-0.149,8299
0.000995,5329
0.0294,4539
0.0836,3678
0.127,2662
-0.0939,7732
-0.228,8903
0.119,1927
0.259,388
0.0107,5165
0.126,2122
-0.278,10211
-0.0874,7053
-0.106,7194
-0.0554,6472
-0.0214,5895
0.166,2477
0.0319,4477
0.183,1089
-0.221,8794
0.118,1120
-0.103,8953
-0.152,7563
-0.374,10189
-0.276,10148
-0.131,9885
-0.013,6023
0.126,1447
-0.162,8642
-0.0627,6447
-0.0589,7143
-0.0594,6795
0.151,2707
0.024,4709
-0.396,8032
-0.104,6041
-0.554,9500
0.311,1737
0.128,3599
0.224,582
0.0593,4100
0.0132,4651
-1.36,10648
-0.372,9624
-0.0731,7700
-0.135,10826
0.0261,4556
0.194,1327
-0.0867,7946
0.405,550
-0.036,6687
0.182,1091
0.0708,4043
0.189,1719
-0.159,7268
0.231,356
0.269,740
0.0788,3159
0.213,2014
0.431,1363
0.0919,3764
-0.076,8592
-0.203,8863
0.0373,3902
0.607,2232
-0.114,7625
-0.105,7386
0.159,1857
0.01,4982
0.146,2312
0.0153,4717
0.0309,4359
-0.101,6678
-0.49,9461
0.103,3017
0.019,4232
0.0594,3631
0.2,2395
-0.214,8550
-0.00338,5455
-0.0254,6392
0.0118,4457
0.0679,3814
0.0246,4475
-0.142,8861
-0.0109,5699
-0.159,8736
0.076,2773
-0.387,10883
0.388,553
0.0953,2515
-0.373,9046
-0.037,6707
-0.125,9220
-0.525,10984
0.0917,3066
-0.086,7112
-0.261,10151
0.0443,4365
0.125,3375
-0.423,11009
0.392,662
0.0176,4849
-0.608,10423
-0.334,10015
-0.104,8558
-0.264,10408
0.244,1014
-0.216,9772
-0.0677,6441
-0.0102,5687
-0.0725,8043
0.691,32
-0.217,8989
0.45,1820
0.165,2526
0.216,776
-0.0819,8771
0.0494,4078
-0.197,7873
-0.356,10380
0.197,1706
-0.232,9339
-0.175,7613
0.217,671
-0.233,9649
0.233,2959
0.11,1883
0.0485,3382
-0.00271,5397
-0.00575,5295
-0.00431,5504
-0.173,9068
-0.208,10319
0.00107,5159
-0.0208,6185
-0.0939,6854
-0.0894,7266
0.187,2449
-0.0529,6395
0.00961,4959
0.0707,2912
-0.0868,6987
-0.00882,5440
0.22,3043
0.296,1464
0.155,1584
0.263,430
-0.0777,6580
0.12,2768
-0.297,9185
-0.0566,6481
-0.0049,5559
0.0697,2851
0.0982,3187
0.0247,4591
0.17,1767
-0.109,7803
-0.151,8816
0.0702,3165
-0.0219,5840
0.373,2183
0.257,2334
-0.000814,5351
-0.196,10287
0.195,1103
0.102,2572
-0.23,9560
0.256,758
-0.0328,5840
-0.0606,7216
-0.128,9045
0.0163,5038
0.137,2492
-0.0879,7286
0.181,2151
0.196,132
-0.177,8992
0.00197,5136
0.25,1432
-0.134,7587
-0.436,9630
0.0975,2851
-0.0994,7706
-0.0234,6053
-0.0819,7435
-0.0174,5528
-0.247,10082
0.132,1451
-0.195,10702
0.235,872
0.157,2190
0.117,3301
-0.159,8937
-0.0579,8420
-0.137,8969
-0.0669,7288
-0.263,10639
0.196,985
-0.349,10721
-0.185,8619
0.0631,2713
-0.103,8200
0.131,2754
-0.201,9867
-0.147,7607
-0.141,10143
-0.0837,8479
-0.354,10856
-0.00589,5427
0.284,2030
-0.36,9473
-0.0601,7105
-0.0162,6088
0.0471,4037
-0.142,9208
-0.313,10570
-0.204,9334
0.105,1809
0.0183,4749
0.422,104
0.152,2862
0.264,1351
-0.0774,6722
-0.161,9358
0.0642,3878
-0.075,7057
-0.0457,5653
0.00812,5101
0.154,3553
-0.0625,6725
-0.167,9287
-0.253,9993
0.202,1564
0.0441,4561
-0.0609,6658
0.166,1677
0.172,396
0.238,1180
-0.192,9331
0.0161,4791
-0.706,10431
0.0464,4389
0.126,2142
0.218,2987
-0.339,9759
-0.351,10839
0.0754,3161
0.533,192
0.0463,4328
0.171,1799
-0.189,9666
-0.0732,6739
0.215,2371
-0.0926,8212
0.149,1481
-0.196,8935
-0.0579,7325
-0.149,6853
0.00137,4901
0.13,1981
0.00202,5165
-0.286,9197
-0.00559,5360
-0.0655,7888
0.142,1042
0.155,763
0.0466,4120
0.14,2273
0.373,280
-0.0522,5971
-0.00359,5719
0.0193,4523
-0.184,9843
-0.525,10879
-0.258,8467
-0.307,9907
-0.173,7271
0.112,1190
-0.0828,7891
-0.00729,5872
0.242,1850
0.263,1565
0.112,2299
-0.0572,8119
0.0682,3232
0.143,2977
0.201,1367
0.279,1927
0.0515,4463
0.0922,3267
0.0429,3715
-0.269,9025
-0.138,8679
0.92,399
-0.211,10680
0.081,2211
-0.069,7155
-0.263,10213
-0.107,7162
0.0432,4205
0.123,2061
0.0673,2237
0.0511,3266
-0.393,10530
0.913,968
0.259,2302
0.0731,3820
0.0831,3243
-0.0492,7039
-0.148,8445
0.157,2777
0.103,2754
0.24,2213
0.234,104
0.268,774
0.00326,5216
-0.229,9627
-0.101,7268
0.0207,4741
-0.00359,4857
-0.108,8446
-0.236,8385
0.0675,3498
0.191,2317
-0.0907,6681
-0.0813,9189
0.265,669
0.269,2046
0.125,3884
-0.00482,5373
0.701,525
-0.133,9547
-0.131,9952
-0.339,7009
0.406,2269
-0.367,8509
0.39,1890
-0.885,10380
0.136,1744
0.278,1396
0.183,2058
0.207,2531
0.132,3065
0.261,363
-0.315,10725
-0.387,6915
0.758,329
0.537,2169
0.241,2311
-0.165,10408
-0.0281,6547
-0.246,6351
0.121,3762
0.232,2363
-0.0278,5681
-0.000299,5191
0.00649,5299
-0.0269,5490
0.0291,4874
0.222,327
0.148,2990
0.0858,3244
0.142,2229
0.0385,4170
-0.628,10676
-0.318,10244
-0.0659,6241
0.0323,4451
0.064,3697
-0.00306,5013
-0.334,10326
-0.263,10303
-0.0717,5365
0.0699,3944
-0.189,10022
0.293,2160
-0.251,9948
-0.271,8784
-0.344,8387
-0.0216,6248
-0.0263,5992
-0.167,8745
0.0481,3684
-0.194,8026
0.325,627
-0.0505,7021
-0.0145,5889
0.375,597
1,4
0.0349,4568
0.237,1332
-0.00862,5441
0.0488,4526
0.125,2017
0.147,1129
0.0455,3137
0.324,959
-0.29,10651
0.0928,3239
-0.0241,5936
0.0775,2280
-0.127,8615
-0.139,6256
0.0717,4337
0.282,2239
0.646,660
0.226,2319
0.00421,5056
0.0821,3631
0.0275,4566
0.223,966
-0.00967,5616
-0.216,10946
0.189,2089
0.202,1703
0.0571,3386
-0.439,10626
-0.0624,7293
-0.137,8866
0.34,1472
-0.0615,6884
0.0652,4075
-0.183,8201
0.013,5000
0.0817,1760
0.21,839
-0.367,10807
-0.0348,6508
0.161,1871
-0.163,9608
-0.0237,5793
0.205,209
0.0829,3636
0.0413,3925
0.0769,3637
0.0864,1313
0.0501,4188
0.039,4042
-0.00675,5385
0.19,2499
-0.214,9845
0.0422,3448
-0.0193,7607
0.0545,4040
-0.177,8292
-0.169,10160
-0.0732,7650
0.451,209
-0.0582,7005
-0.0316,6182
-0.433,10521
-0.0621,6645
0.301,727
-0.0359,6520
-0.125,7068
0.292,173
0.421,1022
0.216,2044
0.18,2241
-0.0285,6746
-0.216,10461
-0.306,10515
-0.0242,5914
0.585,80
0.0751,3856
-0.00153,5470
0.104,2551
-0.0628,8047
0.234,1280
0.0237,4519
-0.157,9903
-0.352,10618
-0.37,10906
0.0559,3999
-0.029,5834
-0.296,9765
-0.0355,5102
0.14,1094
0.0561,3373
-0.219,10802
0.144,1880
-0.318,8538
-0.00488,5707
-0.103,9987
-0.0138,5728
-0.0773,6802
0.186,3167
-0.247,10147
0.0256,4663
0.0674,4150
-0.129,9646
0.184,1329
0.466,371
-0.215,7879
0.271,2723
0.0377,3999
0.0329,3856
-0.315,9233
0.157,3260
0.0319,4441
-0.552,10183
-0.485,11004
0.154,2995
0.337,753
0.152,1935
-0.149,7327
0.0545,3183
0.0469,3762
-0.145,9474
-0.019,5862
-0.14,9748
0.583,1472
-0.11,6276
0.12,515
0.582,96
-0.0176,6265
-0.139,8862
0.382,933
0.000349,5191
-0.0863,8883
-0.168,9503
0.291,546
0.0781,3507
0.0657,3521
-0.00264,5472
0.159,1316
0.083,2092
0.145,2574
-0.0936,6658
0.00178,5081
-0.0288,5774
0.0447,3379
0.0399,4527
0.138,2245
-0.0517,7492
0.043,4268
-0.989,10894
-0.243,10906
0.237,92
0.0955,3782
-0.485,11001
-0.00566,5717
-0.171,9120
-0.0356,6733
0.0272,4747
0.32,2337
-0.0312,6031
-0.304,10238
-0.179,9213
0.123,2997
-0.00621,5681
0.0626,3574
0.0685,3330
0.0434,4211
0.0222,4828
-0.0069,5532
-0.0559,7479
-0.406,11007
-0.0249,5960
0.106,3054
-0.0189,5400
-0.0237,6266
-0.0191,6064
0.105,2857
-0.227,8953
-0.394,10474
-0.155,9550
0.00673,5104
0.133,3070
0.201,1990
0.137,965
0.0274,4567
0.0609,4397
0.0733,3977
-0.114,8295
-0.024,5548
-0.0172,5835
-0.0181,5403
-0.0632,6821
0.0385,4341
-0.0557,6481
-0.0838,7714
-0.183,8255
0.282,2280
0.248,2058
0.0634,2905
-0.0148,5797
0.0439,4625
0.149,3000
-0.491,7824
-0.0483,7299
0.0679,3263
0.0223,4838
0.328,594
-0.0682,6495
0.204,648
-0.164,8147
0.14,1711
-0.139,8387
-0.0089,5366
-0.248,10046
-0.0554,7667
0.111,2620
-0.0644,6571
0.035,4126
-0.0592,7688
0.292,262
0.248,1296
-0.0102,5480
0.0971,1928
-0.162,8010
0.269,1524
-0.268,9636
-0.00158,5195
-0.239,8232
0.159,2323
0.05,2992
-0.0286,5710
-0.109,8170
-0.237,10130
-0.0624,6764
-0.0508,6473
-0.0426,7820
0.526,2296
-0.141,6954
0.135,3750
-0.00332,5351
0.136,3146
-1.16,10734
-0.107,7985
-0.276,10012
-0.2,9705
0.0788,2515
-0.408,10956
-0.00595,5330
-0.191,9390
-0.0388,6092
-0.0909,7283
-0.153,10404
-0.0116,5585
0.402,636
0.331,1677
0.111,3173
0.332,197
-0.322,10297
-0.207,9810
-0.0249,6393
-0.168,9701
0.135,3149
0.128,875
0.12,1144
0.104,2185
-0.0566,7846
0.0012,5177
0.522,2187
-0.0306,6276
0.0495,3971
-0.0472,6180
0.251,988
0.312,1074
-0.318,9473
-0.307,10421
0.0911,2245
-0.0435,6537
-0.775,11029
-0.11,8240
-0.0609,6922
-0.0636,6794
0.133,3276
-0.239,9940
0.0297,4715
0.0914,3060
0.0955,1582
0.0649,3048
-0.161,7715
-0.0797,6271
0.574,259
0.357,1117
-0.0241,6260
0.18,2214
0.0106,5085
0.222,1239
-0.0758,6437
0.193,952
0.181,1505
0.0758,3882
0.181,1659
0.104,2522
0.0533,4131
-0.148,9446
-0.125,9687
0.122,2149
-0.0644,7190
-0.174,7718
-0.0854,6758
-0.155,8230
-0.131,10386
0.0839,3603
0.0256,3978
-0.00101,5210
-0.00949,5507
-0.0837,8171
0.0925,3185
0.00487,5172
0.0333,4617
-0.375,11005
-0.116,7559
0.0187,4722
0.0239,4228
-0.236,10708
-0.0775,7398
0.128,3226
0.115,2112
0.105,1081
0.0592,3017
-0.201,9365
-0.0582,6079
-0.0443,6207
0.152,1410
-0.0719,7835
-0.093,9078
0.497,389
-0.212,9422
-0.324,10139
0.288,1581
0.00272,5006
0.255,476
0.103,3147
0.0378,4129
0.285,321
0.0842,2519
-0.0341,6243
0.0382,4189
0.304,372
0.0887,3309
0.106,3398
-0.0263,6865
0.0385,4200
0.671,2
0.312,2213
0.0402,4752
0.227,2511
-0.0205,5865
-0.146,10106
0.00287,5240
-0.0388,5673
-0.283,9233
-0.0818,5848
-0.102,8342
0.135,1571
-0.045,6616
-0.13,7694
0.292,1153
-0.475,10514
-0.114,9487
-0.188,10777
-0.578,9543
0.419,1087
0.336,542
-0.0664,6906
0.164,493
-0.00995,5802
0.128,2932
0.329,1116
0.196,751
0.153,3245
-0.105,9321
0.122,1679
0.0204,4739
0.077,3419
0.147,1979
0.579,166
-0.0709,8240
-0.0528,7561
-0.264,10919
0.0527,4377
-0.0809,7289
0.041,4435
-0.0312,5538
0.158,2721
0.252,1644
0.114,2251
0.3,960
0.115,3639
0.0254,4780
0.0176,4587
-0.144,10136
0.127,1803
0.482,314
-0.439,10922
0.158,2608
0.0515,3755
-0.0197,6002
0.0788,3363
-0.0585,7483
0.000286,5421
0.0402,4362
0.0878,2337
0.288,2003
-0.0391,5506
-0.0187,5448
-0.701,10793
-0.298,10286
0.0719,2685
-0.0185,5877
0.162,2488
-0.0817,6298
0.289,1822
-0.0322,6479
0.105,2653
-0.0238,6537
0.0397,4690
-0.143,8419
0.051,4375
0.105,1497
0.0813,2294
0.503,197
0.0865,2925
0.667,634
-0.153,7324
-0.0384,6498
-0.111,7146
-0.195,8748
-0.258,8192
-0.0631,6390
0.00702,5053
0.043,3747
-0.0225,5363
-0.147,9376
0.0452,3962
0.0742,4059
-0.0534,6535
0.0765,3627
0.324,390
0.0394,4074
0.0826,4242
0.41,796
0.0517,3794
0.0618,3895
-0.0289,6970
-0.14,7472
0.0426,3804
0.046,4085
0.248,231
-0.185,9715
-0.19,10567
-0.159,9633
0.00979,5029
-0.198,8591
0.0516,3943
-0.244,10649
0.138,86
-0.0508,5863
0.318,263
-0.0832,7441
-0.181,8695
0.151,1862
-0.164,9271
-0.0352,6802
-0.135,7500
-0.222,9840
-0.0319,5969
-0.213,10739
-0.0522,6860
0.341,878
0.47,469
-0.0933,8470
-0.0906,6983
0.27,1670
0.121,1793
0.631,695
-0.0166,5649
0.0517,3946
-0.21,7702
0.253,619
-0.062,9115
0.0431,3558
-0.128,8443
0.29,638
0.0723,3331
0.28,481
0.0744,3974
-0.0272,5851
0.569,1809
-0.093,6976
-0.00188,5327
-0.0765,8341
-0.102,8271
0.111,2019
-0.0324,6274
1.1,366
-0.596,9789
-0.00313,5607
-0.0945,8280
0.0866,3403
-0.067,6993
-0.215,8623
0.0738,3393
0.0658,3807
-0.162,9115
0.0378,4391
-0.261,8595
-0.422,10782
0.0525,3597
-0.0302,6132
0.0283,4164
0.0692,3242
-0.0135,5327
-0.00238,5111
-0.157,8112
0.0506,3850
-0.27,10383
0.139,2658
-0.319,10972
0.194,1705
0.176,1099
-0.151,9849
0.0394,4279
-0.0665,7560
-0.167,9963
0.149,1865
0.29,1040
0.00241,5293
-0.00967,6216
0.312,460
-0.0366,6237
-0.55,10554
-0.0803,6832
0.335,1037
-0.0242,6860
0.102,3194
-0.0138,5742
0.0482,3884
0.053,2662
0.0113,5190
-0.0527,7623
-0.0888,7609
0.042,3924
0.0645,4277
-0.268,9543
0.0862,2459
-0.0653,6948
0.415,481
-0.109,8696
-0.44,9393
0.185,1604
0.136,2139
0.182,2210
-0.0148,5554
0.317,847
-0.154,8592
-0.0113,5548
0.116,2961
-0.0965,8733
0.368,59
0.329,2505
0.229,1513
-0.0198,6015
0.0991,2540
0.128,867
0.107,2950
-0.0258,6193
0.201,2456
-0.747,9459
-0.25,10789
0.134,1293
0.0213,4725
0.469,832
0.259,1184
0.159,2815
0.347,133
0.171,1787
-0.08,7809
-0.14,8335
-0.0666,6079
0.274,1661
0.0848,770
-0.0823,8557
0.0618,3800
-0.141,7692
0.224,1310
-0.149,7512
0.0804,2778
0.0594,3781
-0.0983,8716
-0.129,8964
-0.00662,5169
-0.266,10058
-0.159,8686
-0.164,8644
0.238,1941
0.227,1150
-0.195,9055
0.0847,2382
-0.15,9114
-0.18,10584
-0.184,10414
0.119,1677
0.289,532
0.106,3201
0.092,2947
-0.0609,7374
-0.383,10998
0.0702,2763
-0.233,9702
0.0576,4290
-0.0228,7180
-0.09,8584
0.0458,4250
-0.0814,6937
-0.135,9109
0.16,2855
0.34,126
-0.00377,5170
0.177,1468
0.0116,5267
-0.00408,5580
0.147,2033
-0.154,9851
0.126,1026
0.136,2480
-0.048,5448
0.0596,3778
-0.13,6869
-0.306,10047
-0.158,10536
-0.01,6088
0.0419,4141
0.335,468
-0.549,7638
-0.0296,6787
-0.324,10565
0.259,1055
-0.137,8151
0.324,637
0.513,525
0.00739,4896
-0.0837,9802
0.241,434
-0.034,5895
-0.129,8720
-0.326,10528
0.141,1443
0.178,1565
0.338,850
0.0989,3607
0.0116,4681
-0.148,9769
-0.00388,5603
-0.112,8431
0.0568,4098
-0.00379,5474
0.115,3754
-0.223,10660
0.0113,5009
0.41,1979
-0.0168,6737
-0.15,10263
-0.0208,5569
0.257,1323
0.0952,2653
-0.233,7646
-0.141,9174
-0.283,10719
-0.178,10176
0.0566,3898
0.0998,2434
0.0152,4724
0.0299,4375
-0.233,10834
-0.0772,6822
0.368,197
-0.168,9135
-0.35,10076
0.104,2855
0.0305,3909
-0.196,8219
0.0104,5405
-0.182,9458
-0.0963,6260
-0.0588,9741
0.0195,4994
-0.22,9962
0.368,560
0.21,565
0.156,1459
0.159,1948
0.188,607
0.183,2989
-0.022,6184
-0.165,8924
-0.0243,5805
-0.00511,5391
-0.217,10513
0.104,2511
-0.044,5554
-0.637,11026
0.112,2325
0.0059,5337
-0.00229,5478
-0.00888,5391
0.224,2066
-0.119,7542
-0.0774,8487
-0.0989,7587
0.0114,4902
-0.471,10907
-0.32,10427
0.17,1297
0.0528,4090
-0.0732,8023
0.162,2046
0.171,2605
0.152,1772
-0.00193,5242
0.234,1221
-0.123,9688
0.055,3745
-0.00722,5463
-0.136,7719
-0.511,10522
0.541,1509
-0.122,8840
-0.0982,8183
-0.102,8426
-0.107,7128
-0.0637,6886
0.0205,4647
0.0194,4603
-0.106,8037
0.178,2026
-0.404,10496
0.264,483
-0.0462,6939
0.0194,4801
-0.4,10439
0.117,2432
0.333,433
-0.131,7988
0.0539,3508
-0.000305,5495
0.201,510
0.229,1968
0.0339,4390
-0.123,8482
0.0962,2524
0.0873,3002
0.484,10
-0.548,10806
0.0499,3753
-0.183,8979
-0.013,3997
-0.0928,7769
0.00531,5084
0.0744,3591
-0.0566,6420
-0.000546,5141
-0.278,9542
0.0259,4119
-0.137,9781
-0.0955,7649
0.11,1515
-0.0156,5620
-0.288,10812
-0.0307,7613
0.0122,4927
0.326,1509
-0.111,9606
-0.12,6865
0.024,4320
-0.0874,8706
0.082,2781
-0.14,8807
0.0468,3114
0.0019,5207
-0.0911,8649
-0.0474,6930
-0.0925,8198
-0.112,6770
0.171,1898
-0.0503,6800
-0.249,6818
-0.12,7252
0.426,638
-0.27,10559
-0.337,8600
-0.0426,5452
0.206,891
0.183,2648
-0.107,7932
-0.0383,6137
-0.0727,7436
-0.0804,7693
-0.355,10919
0.00479,4980
0.0764,3296
0.353,2060
-0.38,9762
0.138,2938
-0.053,6213
0.05,3566
-0.203,8374
0.254,1683
-0.0146,6257
0.0794,3096
-0.207,8267
0.142,215
0.11,1986
0.206,1751
-0.0787,7713
-0.0917,7114
0.421,1083
-0.0962,7948
0.032,4523
-0.108,7737
0.0328,4376
-0.109,7339
0.185,1946
-0.119,9023
-0.152,9397
-0.049,6610
-0.263,10178
-0.0124,4802
-0.0848,7133
0.0739,3668
0.33,765
-0.0282,5986
0.135,2207
0.179,1089
0.101,2677
-0.0807,8279
-0.0125,5436
0.0135,5023
0.101,3165
0.374,143
0.224,2547
-0.0592,6654
-0.135,8187
-0.0645,6700
0.136,1955
-0.14,7746
0.0113,4886
-0.0381,7296
0.0564,3514
-0.255,10157
0.189,1103
-0.179,7320
0.0787,2677
0.0123,5063
-0.0625,9398
0.135,3073
0.0363,4802
-0.127,7156
0.0635,4243
-0.0852,8556
0.0677,3446
-0.055,7298
0.0211,4727
-0.151,10247
0.0364,4428
0.0855,2186
-0.0969,7707
0.0915,3425
0.105,3944
0.247,2660
-0.126,7734
0.255,1149
-0.0722,8129
0.0245,4655
0.1,3429
0.104,2916
-0.521,10397
-0.169,9312
-0.151,10736
0.0675,3373
-0.0111,5961
0.0101,5020
0.103,3619
0.117,1928
-0.0156,6245
-0.00771,4926
0.044,4573
0.713,725
0.457,1669
0.0796,2949
0.281,769
0.103,3103
-0.0917,7881
-0.329,9933
-0.0652,7634
-0.0718,8349
0.0342,4157
0.0304,4796
-0.114,8995
0.169,1139
2.39,126
-0.135,8582
0.278,262
-0.0561,7521
0.081,2150
-0.0288,5713
-0.0193,5864
0.15,2187
-0.0575,7092
-0.0474,6388
0.0418,4195
-0.182,8922
-0.112,9133
-0.08,8301
0.0738,2996
-0.0268,6263
0.174,3017
-0.165,9824
-0.132,7658
-0.0147,6013
0.148,1529
0.115,3362
-0.0594,7336
0.0836,2373
0.132,3313
-0.000886,5356
-0.0616,7457
-0.181,9783
0.133,3645
0.0177,4975
-0.28,9335
-0.0735,8046
-0.245,9931
-0.471,10883
-0.144,7226
0.441,697
0.0102,4820
0.0303,4583
-0.00216,5223
-0.459,9117
0.0206,4826
-0.116,7413
-0.335,9589
0.251,372
0.0704,3897
-0.0305,5721
-0.372,10150
0.107,3518
0.35,664
-0.292,10826
0.0827,2855
0.0976,3313
-0.137,9109
0.14,3239
0.0476,3834
0.0938,2109
0.217,195
0.143,2026
-0.188,9146
0.177,1499
-0.038,6761
-0.205,10335
-0.0184,5960
-0.164,8236
0.0336,4549
-0.522,9695
-0.0261,5520
0.157,1376
0.233,224
-0.109,7044
-0.053,7332
0.302,2646
-0.032,6930
-0.204,10837
0.123,1220
-0.00884,5532
0.0481,4295
0.383,1823
0.112,3535
0.158,913
0.192,2030
0.0822,4255
0.0547,4096
0.252,1873
0.0126,4648
0.214,1894
-0.0444,7344
0.0735,3234
-0.159,6867
-0.183,10666
-0.236,9452
0.0279,4230
0.0345,3990
0.0797,4093
0.278,2192
-0.712,10657
0.0369,4397
0.171,1107
0.0194,4827
-0.325,9919
0.19,2203
-0.32,9184
-0.0273,6037
0.111,1617
-0.156,8773
-0.0965,7946
-0.0376,6220
0.0361,4638
-0.06,7051
-0.0409,5843
0.133,1158
-0.21,10143
-0.0926,7427
0.0308,4726
-0.495,10649
0.0014,5276
0.0115,4981
0.177,1546
-0.0138,5545
0.117,2660
-0.217,10397
-0.0292,6244
0.0373,3668
-0.131,8103
0.209,1881
-0.186,9106
0.33,700
0.0807,3390
-0.0975,9509
-0.0341,6157
-0.0376,7033
-0.395,9121
0.669,650
0.142,2356
0.0776,3598
-0.018,8851
-0.0539,6418
0.249,713
-0.0564,7483
-0.395,8249
-0.0244,6139
0.0582,3482
-0.0062,5429
-0.0736,6644
-0.0888,7816
-0.307,10011
0.066,3249
-0.153,9836
0.0568,3717
0.743,132
0.0619,3816
-0.384,7474
-0.111,8217
-0.0069,5491
-0.0937,7804
0.337,151
-0.179,10046
0.076,3573
0.112,2416
0.0443,4241
-0.0485,5682
-0.45,10925
-0.258,8966
0.0802,4153
0.114,1846
-0.357,11015
0.194,658
-0.328,10733
0.124,3799
0.00192,5351
-0.324,10931
0.0898,3125
0.0704,4241
-0.12,9039
-0.162,8596
0.0328,4393
-0.149,8113
0.225,832
-0.0137,5350
0.271,602
-0.0859,7326
0.0934,3375
-0.0486,7448
-0.0886,8574
0.402,263
0.000329,5580
-0.36,8944
0.172,2178
-0.209,10028
-0.104,8933
-0.0541,6459
0.223,2725
-0.268,9239
-0.151,7813
0.0266,4465
0.355,339
-0.236,8484
-0.0597,6655
0.129,2914
-0.0853,6867
-0.0493,6869
0.0849,2885
-0.19,8587
-0.0362,6035
-0.239,9941
0.0353,4535
-0.0309,5749
-0.1,8747
0.204,1869
-0.323,10411
-0.129,6490
-0.0266,5650
-0.19,9946
0.198,490
-0.0336,6007
-0.269,8769
0.02,4303
0.0055,5081
-0.0657,7294
0.0868,953
-0.131,9572
-0.167,7679
-0.233,8553
-0.378,11032
-0.0725,6955
0.0223,4365
-0.113,7485
0.0249,4842
-0.229,7311
0.516,276
-0.271,10920
-0.127,7579
0.0722,3562
0.505,323
-0.155,8563
0.0971,3934
0.26,838
-0.0751,7827
-0.0318,6058
-0.00245,5495
0.0548,4194
-0.283,9822
0.134,1818
0.0205,4579
-0.07,6956
0.232,772
-0.0117,5703
0.00125,5307
0.0676,3879
-0.211,10298
-0.191,9807
0.0264,4577
-0.0812,7541
0.03,4790
-0.0798,8522
0.016,4391
-0.148,8988
-0.14,9204
0.771,817
-0.152,9131
-0.236,10687
-0.0397,6434
0.288,1715
-0.167,9857
0.0274,4733
-0.0085,5939
-0.0137,5830
-0.157,8706
-0.36,11020
0.383,223
0.0871,3455
-0.074,6689
-0.0763,7691
0.0067,5312
0.188,2413
-0.0423,6588
0.371,622
-0.31,8499
0.125,1538
-0.0704,6887
-0.348,10626
-0.0422,7164
-0.438,9456
-0.16,10293
0.13,2966
-0.105,8540
-0.213,9563
-0.0385,5972
0.0416,4443
-0.179,7288
-0.117,7576
0.146,2177
0.456,733
-0.0932,8166
-0.0665,6255
-0.435,10429
0.16,403
-0.0843,8732
-0.0382,6713
-0.13,9012
-0.0372,6724
-0.0583,6940
-0.227,10505
0.187,1225
0.231,1910
-0.648,11025
-0.0646,5678
0.126,2885
0.177,698
-0.0717,7789
-0.295,10444
0.353,1143
0.25,2957
-0.149,8704
0.135,1893
0.11,3458
0.0422,4261
0.0556,4370
0.961,737
0.0454,4413
-0.044,6345
-0.0578,6577
0.214,3006
-0.212,7648
0.0422,4309
0.115,1771
0.277,559
-0.309,9896
0.0381,4478
-0.176,8807
-0.0467,7008
0.107,2373
0.117,1397
0.174,1916
-0.161,9058
0.085,3641
-0.496,10720
-0.0548,7100
0.102,1899
0.144,1214
-0.0804,6810
0.603,202
-0.0467,6249
-0.0278,5809
0.0404,3035
0.195,2776
0.0358,4502
-0.261,9571
0.0814,3023
-0.024,6179
-0.00116,5412
-0.298,10983
0.247,1555
0.29,714
-0.0992,6801
-0.0107,6069
0.0594,3261
0.243,1261
-0.00688,5265
0.158,1535
-0.328,10710
-0.0681,8080
-0.0441,6778
0.0727,2764
0.509,178
0.208,1961
0.27,1699
-0.0265,6415
-0.209,10976
0.142,1934
0.0163,4928
-0.0645,6585
0.549,371
0.0257,4077
0.0204,4746
0.0438,4090
0.0498,4175
-0.156,8703
0.383,552
0.0987,2506
0.00482,5098
-0.081,7137
-0.0288,6070
-0.0319,6088
-0.0943,7396
0.0673,3152
-0.347,11019
0.272,1779
0.448,102
-0.173,8217
-0.00349,5179
-0.106,8592
0.018,4239
-0.196,9887
-0.00291,5241
-0.433,10947
-0.201,9295
0.0897,2055
-0.161,8526
-0.0341,6503
-0.175,8754
0.0481,3241
-0.159,8522
0.0771,2864
-0.0333,6421
-0.171,9255
0.0635,3268
-0.172,8079
0.567,1699
-0.0993,9432
-0.169,9633
-0.114,7340
0.00843,5204
0.671,580
-0.257,7898
0.257,1179
-0.0205,6028
-0.176,8814
-0.0797,7594
0.873,572
0.094,4012
-0.145,8539
0.00338,5228
-0.00132,5191
0.097,3067
0.248,1676
0.13,2333
-0.0652,7472
-0.0675,6576
0.204,1672
0.318,1853
-0.163,7626
0.183,2466
-0.202,10181
-0.0557,6414
-0.0655,6797
-0.0648,6590
0.00592,5148
-0.106,8362
0.00528,5377
0.217,979
-0.23,9347
0.141,2901
0.21,869
-0.808,10386
-0.0647,7981
-0.268,10161
-0.191,10298
0.365,1285
0.0166,4996
-0.215,10262
0.271,213
-0.366,10608
0.67,211
-0.106,8498
0.03,4500
0.168,1605
-0.281,10643
0.254,1165
0.102,2585
-0.199,9288
0.699,250
-0.01,4768
-0.0519,6908
-0.0391,6282
0.207,1992
-0.233,8452
-0.444,8979
0.115,1670
0.0438,3880
0.0418,4359
0.0233,4589
0.062,4052
0.47,2450
0.0884,2835
0.215,924
-0.104,7815
-0.104,7712
-0.0901,9133
-0.241,10512
-0.068,7307
0.028,4512
0.0782,3995
-0.149,9457
0.0275,4491
-0.0679,7382
-0.0204,5698
-0.0252,6012
0.133,1369
-0.278,10511
0.149,2357
-0.439,10964
0.262,2055
-0.064,7411
0.000555,5251
0.217,370
0.416,315
-0.0874,7028
0.0901,3693
0.0794,3006
0.257,413
0.00216,5245
0.0846,3135
0.254,1517
-0.146,8556
0.165,785
0.0351,3659
0.005,5014
-0.264,9809
-0.0071,5865
-0.143,9387
-0.152,10547
-0.043,6918
-0.0325,6339
-0.624,10521
-0.188,8235
-0.138,7415
-0.119,9706
-0.0927,9459
0.625,405
-0.181,10066
-0.356,8344
-0.0684,6914
0.181,1390
0.0629,2509
-0.103,8765
0.277,428
-0.0223,6642
-0.024,5738
-0.0264,5797
-0.251,9749
0.168,1652
0.019,4969
-0.0946,7325
0.0316,4520
0.168,1138
-0.00765,5528
0.0824,3333
-0.0638,7107
-0.199,9029
0.192,2063
0.134,2337
-0.108,8492
0.183,2683
0.747,452
-0.213,8762
0.532,1866
-0.0671,8010
0.144,2498
0.142,2434
-0.121,7251
-0.564,10943
0.0333,4817
-0.0761,9083
0.0192,4499
-0.0108,5357
-0.158,8877
-0.356,9699
-0.131,7582
-0.041,6553
0.268,2132
0.174,1717
0.386,109
-0.0865,8071
0.108,3635
-0.0693,7391
-0.11,8991
-0.139,8572
0.236,1920
-0.0304,6143
0.585,451
-0.107,7609
-0.18,9150
-0.273,10553
-0.457,11028
-0.303,10614
-0.326,10760
0.129,2316
-0.0471,8514
0.00601,5142
-0.0337,6150
-0.18,9193
-0.0462,7529
0.0806,3315
0.0764,2677
-0.0203,5598
-0.269,8405
0.0507,4010
0.371,1313
-0.0147,5463
0.336,763
-0.415,10493
-0.309,10158
0.0652,4107
-0.179,7843
-0.421,10593
-0.12,9442
-0.267,10297
-0.0803,7814
0.357,545
-0.171,9181
0.0671,3131
0.0138,4453
-0.379,11006
-0.0333,6370
0.0971,4195
0.0639,3483
-0.105,7841
0.0455,4282
-0.0229,5405
-0.171,8299
-0.0465,5781
0.0818,4083
0.0837,1846
0.198,1419
0.425,95
-0.478,10427
-0.265,10085
-0.0168,5593
-0.0795,8618
-0.0611,7752
-0.385,10233
0.138,2645
-0.159,8288
0.191,3003
-0.0623,7620
0.068,3603
0.642,479
0.318,766
0.228,1793
0.29,1112
0.297,412
0.146,1075
0.0375,4358
0.0501,4226
-0.0108,5397
0.0835,2779
-0.0395,7130
0.109,3001
-0.192,10557
-0.0492,6654
0.131,2764
-0.409,10660
0.0404,3919
-0.211,10697
-0.324,10855
0.102,2859
-0.0902,6582
-0.114,8454
0.0592,3763
0.0282,4855
0.679,622
0.0268,4646
0.104,2604
0.233,1413
0.0226,4230
0.263,1307
0.2,1051
0.122,3019
0.437,120
-0.574,10130
0.134,570
0.111,1936
0.372,1319
0.127,1404
2.6,393
-0.0155,4859
-0.222,10798
0.0272,4372
-0.16,9563
0.239,2112
0.415,1075
0.233,2269
0.218,896
0.154,1322
0.137,3260
0.518,399
0.025,4811
0.365,1129
0.0968,3555
0.0792,3072
-0.111,6876
0.0388,4115
0.293,1818
-0.463,10833
-0.141,10509
-0.453,10942
-0.0589,6217
0.176,2025
-0.258,9069
-0.265,10477
-0.00529,5754
0.17,601
-0.166,7617
0.269,580
-0.312,9661
-0.271,9695
0.38,881
-0.0518,7805
-0.356,10215
-0.0675,7072
-0.192,9811
0.0472,3760
-0.242,10357
-0.0159,6523
0.159,1816
0.0633,3369
0.169,2356
-0.00882,5390
-0.076,8491
-0.0153,5387
0.058,1747
-0.253,10773
-0.0985,7948
-0.0552,6377
-0.179,9651
0.081,3067
-0.056,7566
-0.161,8961
0.0673,3538
-0.159,8065
-0.0853,7386
-0.2,10527
-0.0574,7383
0.0533,4361
-0.347,10556
0.283,2436
-0.344,9129
0.0637,2184
-0.0544,8198
0.258,2997
0.392,1058
0.684,1894
-0.163,8241
0.134,1748
0.0457,3276
0.151,2946
0.0194,5032
-0.0815,6531
0.192,1902
0.0156,4559
0.056,3332
0.471,663
-0.0437,6774
0.00923,4822
0.188,2871
0.259,757
-0.142,8162
0.0748,3210
0.083,3298
0.003,5188
-0.195,8064
0.0158,4644
-0.042,6938
-0.0566,7267
-0.151,8443
0.982,854
0.183,1465
0.0058,5191
0.175,698
0.283,1612
0.261,2296
-0.425,10763
-0.058,7857
0.109,927
-0.0575,6165
0.0851,2519
0.203,1718
0.398,703
-0.0725,6761
-0.201,10657
-0.12,8469
0.25,2256
-0.139,9299
0.346,1528
-0.334,10203
-0.043,6469
-0.0021,5518
-0.0767,7790
-0.211,9372
-0.103,8801
0.268,796
0.00985,5160
-0.0827,8064
0.00773,5074
-0.239,10646
-0.354,9973
0.0516,3774
0.0921,1762
-0.243,10021
0.309,758
-0.137,7463
0.000227,5392
-0.0376,6414
-0.0676,7393
-0.087,8604
0.146,2460
-0.0606,6525
-0.00872,5190
0.392,1706
-0.32,10537
0.249,117
0.17,2829
0.343,388
-0.0786,7187
0.459,686
-0.207,10166
-0.118,8030
-0.0924,7902
-0.0749,6977
-0.154,8954
-0.153,9978
0.195,657
-0.293,10097
-0.0372,5870
-0.163,9445
-0.517,7630
-0.474,9735
-0.0696,7327
0.0624,3015
0.0279,4510
0.221,1591
-0.282,10829
-0.205,9625
0.0548,3664
0.0164,4402
-0.207,8982
-0.0291,6531
-0.401,11015
-0.484,11010
-0.263,10971
0.0208,5038
-0.192,8873
-0.112,7356
-0.158,8888
-0.02,6274
-0.0957,8177
0.207,500
0.00824,5278
-0.216,10188
0.414,542
0.167,1294
0.12,1207
0.133,3145
0.255,2862
-0.0814,7628
0.883,1055
-0.0847,7327
-0.0493,7965
-0.0781,6477
0.389,1938
0.216,2132
0.175,687
-0.129,8190
0.0726,2900
0.103,1987
0.594,59
-0.0349,6488
-0.184,8732
-0.097,6519
-0.0687,8126
-0.0611,6980
0.379,584
-0.219,10034
0.00298,5304
-0.154,8525
0.176,1234
-0.0105,5537
-0.0191,6086
-0.0567,5796
-0.0353,6614
-0.0473,6755
-0.146,10180
-0.06,7596
0.109,2908
-0.0363,6766
0.067,4217
0.404,523
0.0495,4354
0.185,676
0.0749,4050
0.246,430
0.106,2636
-0.214,9881
-0.0213,5919
0.0471,3983
-0.0743,7349
-0.0774,8006
0.404,154
0.248,1412
0.247,214
0.0986,2789
0.108,2823
0.19,1226
0.353,1900
-0.119,7467
-0.136,8714
-0.129,7991
0.293,2022
0.128,2379
0.158,1564
0.154,2648
-0.0769,7158
0.148,890
-0.157,8153
0.0908,3320
-0.0681,5985
-0.12,7329
-0.0376,6548
-0.118,9195
0.00792,4736
-0.132,7831
-0.306,9799
0.0336,4641
-0.189,9879
-0.289,10428
-0.247,7280
0.163,3346
-0.773,8675
-0.869,10868
-0.131,9236
-0.124,6267
0.0816,3969
-0.193,9981
0.327,1588
-0.00163,5328
-0.0352,6844
0.0214,4465
0.0419,4577
-0.18,10097
-0.0849,8079
-0.399,10443
0.0923,3229
-0.0731,8991
-0.0611,7033
0.0628,3881
0.199,2164
-0.112,7781
-0.0203,5921
-0.102,8983
-0.348,10545
0.0695,3338
-0.202,9404
0.0111,4878
-0.0333,6627
-0.228,10248
0.122,2430
-0.124,8281
0.0993,3019
-0.0187,5651
0.172,1059
-0.217,10331
0.294,918
0.257,631
-0.0333,5795
-0.0322,5967
-0.0905,7786
0.121,1376
0.744,1805
0.454,897
0.207,2260
0.181,2092
-0.0457,6986
0.424,212
0.0478,3642
0.126,3272
-0.374,10450
0.378,958
-0.0353,6271
-0.00217,5727
-0.201,9407
0.394,1140
0.0163,4707
-0.132,9239
0.0979,2508
-0.162,10117
0.379,469
-0.0778,8745
-0.117,10094
0.309,1606
-0.027,5829
-0.148,10630
-0.182,10105
0.0867,3988
0.000402,5099
0.623,328
-0.143,7064
-0.0316,5990
-0.237,9792
-0.0458,6100
0.259,1328
-0.0153,5675
-0.0699,6059
-0.0355,6530
-0.692,8395
1.04,961
-0.565,10223
0.0705,3415
0.164,1968
-0.522,11025
-0.0213,6612
-0.0272,6212
-0.189,10887
-0.0579,6859
0.0859,3684
0.348,887
-0.324,9256
-0.0916,6709
-0.177,8978
0.51,1808
-0.038,5604
-0.12,8320
-0.0915,6610
0.198,1788
0.235,1341
-0.0903,8148
-0.386,10987
-0.0402,5939
0.218,1979
0.0575,3447
-0.279,10532
0.051,4518
-0.185,9775
-0.447,10233
-0.0607,6250
-0.0845,8934
-0.0494,7136
0.0438,4284
0.192,1200
-0.0506,5708
-0.0487,6417
-0.0058,6015
-0.0422,6246
-0.311,10709
-0.106,8235
-0.186,8620
-0.143,7246
0.0267,4724
0.2,1011
-0.184,9167
-0.108,7204
-0.307,8310
-0.25,9094
-0.228,10184
0.0382,3990
-0.246,10214
0.252,1139
-0.17,8364
-0.0364,6127
0.122,2081
-0.0987,7431
0.0416,4463
0.134,2873
-0.467,10256
-0.025,5888
0.0143,4972
-0.309,10819
-0.399,10639
0.155,2396
0.145,1124
0.0558,4041
0.173,1025
0.0984,1065
0.131,2633
0.0522,4197
0.189,2248
0.0174,4905
0.544,243
-0.146,9382
0.325,1010
0.141,3119
-0.00128,5197
-0.0461,5988
-0.438,10895
0.0477,3967
-0.148,7958
1.36,504
0.00312,4873
-0.0724,6438
-0.275,10051
-0.299,10427
-0.201,9449
0.0254,4676
0.0209,4884
-0.00932,5634
0.0231,4521
0.409,872
0.0995,2400
-0.287,10413
-0.108,7746
0.00936,5168
-0.106,9248
-0.191,8893
0.078,2954
-0.9,10624
0.066,3881
0.057,3356
-0.0849,7644
-0.413,10972
0.0656,4444
0.0197,4748
-0.027,6009
0.0193,4586
0.112,2202
-0.0078,5907
0.162,2500
0.871,206
-0.0713,6388
-0.166,9016
0.188,1252
0.0609,4019
-0.233,10303
0.0834,2592
0.0489,3556
-0.0144,5548
-0.22,10871
-0.0713,7570
0.171,1907
0.238,1542
0.0504,4329
3.82,31
-0.0535,6874
-0.0344,6261
-0.252,10895
0.288,1512
-0.229,9998
0.171,2257
-0.0324,6695
-0.34,9862
0.0262,4137
-0.102,7487
-0.388,10329
0.0605,2855
0.164,1038
-0.15,8971
0.109,3206
-0.183,7799
-0.192,8178
-0.103,9529
0.269,1052
1.09,298
0.0319,3830
0.494,2551
0.404,658
-0.152,7880
0.0453,4346
-0.188,8309
0.107,1921
0.0215,5131
-0.253,9702
0.204,715
-0.359,10926
0.351,417
0.503,1607
0.00543,4778
-0.000167,4922
-0.373,9276
-0.159,7520
0.0813,3965
0.0654,3425
-0.0451,5761
0.152,2853
-0.0705,8100
-0.0608,7245
0.0944,3560
0.0481,4270
0.236,804
-0.178,7066
0.0258,3932
-0.0121,5753
0.118,2587
-0.0867,7321
0.0483,4101
0.352,632
-0.356,10810
0.0508,3723
-0.197,6893
0.257,2063
0.392,2131
0.108,2600
-0.0603,6876
-0.123,9179
0.0568,4425
0.145,2377
0.131,2263
-0.0102,5433
0.0564,2629
-0.0806,8187
-0.675,10215
0.0299,4804
0.324,1465
0.34,770
-0.000309,5362
-0.0901,8836
-0.111,9282
0.193,1089
0.376,1923
0.00957,4918
-0.073,6894
0.117,1367
0.0294,4231
-0.112,6806
0.384,1253
-0.06,6883
0.0145,4951
-0.0618,7088
0.0175,5024
0.327,889
-0.221,10028
-0.071,6975
0.0736,2610
0.0818,2362
-0.0516,6997
-0.223,9746
0.204,1310
0.407,305
-0.0035,5314
0.355,82
-0.00389,5372
0.335,1496
-0.198,8110
-0.424,10159
-0.119,8355
-0.0515,6411
-0.105,8055
-0.144,8541
0.435,1921
0.594,385
0.184,744
0.013,4879
0.197,1530
0.0124,4745
-0.0631,8620
-0.332,9800
0.0256,4044
-0.007,5718
-0.198,8978
-0.0844,7143
-0.0477,6015
0.165,2726
0.187,1409
-0.0479,6756
-0.188,9017
-0.095,9524
0.123,3952
-0.239,10236
0.128,1238
0.201,419
0.419,302
-0.145,8886
0.0986,4013
-0.229,8532
-0.164,9311
0.0533,2974
-0.333,10975
0.403,518
-0.36,7442
0.0663,3664
0.353,1567
-0.0609,8091
-0.952,11002
0.0143,5198
0.16,2996
0.165,2789
-0.00605,6127
0.149,2788
-0.12,7895
-0.0681,7246
0.807,464
0.124,1746
-0.00776,5615
0.047,3724
-0.263,9208
0.0342,4693
-0.189,7890
0.183,1231
-0.105,8533
-0.0587,8012
-0.0414,6364
-0.0423,6050
0.123,1454
0.276,997
0.208,1048
0.108,2992
0.554,900
0.0805,3130
0.537,1285
0.0724,4075
-0.297,9981
0.133,2662
0.0438,3665
0.185,1179
0.0679,3382
-0.157,7997
-0.0449,6714
-0.0129,5600
0.0157,4983
-0.0299,6469
-0.128,7424
-0.123,7147
0.259,2495
0.142,2991
0.112,3706
-0.274,8936
0.435,2256
0.0171,4961
-0.136,9454
-0.228,10602
-0.24,10502
-0.175,8659
-0.184,8041
0.254,1730
-0.434,10965
-0.106,8362
0.421,1443
-0.182,10351
-0.269,9901
-0.0824,7402
0.0289,4497
-0.1,8094
-0.0937,8189
-0.0102,5637
0.341,884
0.0956,2940
0.219,397
-0.107,9125
0.0443,4186
0.287,1196
-0.0173,5595
-0.119,7008
-0.0394,7560
0.083,3626
-0.0672,6675
0.528,259
-0.0943,6677
-0.0718,7158
-0.126,8442
-0.113,8971
0.384,1335
-0.0751,6450
-0.0927,7042
0.215,1849
-0.117,9755
-0.11,9683
0.238,2008
-0.112,6650
-0.0494,6134
-0.153,7287
-0.0447,5803
0.0692,2746
-0.0892,7222
-0.0734,7486
-0.629,10175
2.3,394
0.183,448
-0.059,6971
-0.0295,6199
0.0168,4802
-0.0934,7811
-0.114,7099
-0.0127,5973
0.036,3827
0.0665,3224
0.0191,5036
0.0297,4314
0.403,246
-0.106,7820
0.0377,4244
-0.161,9034
-0.638,10793
0.456,929
0.106,2618
-0.109,9221
0.263,246
-0.0952,6849
0.0685,4247
-0.0456,6672
-0.0497,6901
-0.152,8970
0.0231,4718
0.254,1536
0.202,1733
0.364,518
0.0959,3401
-0.143,8799
-0.0406,7251
0.102,3529
-0.104,8052
-0.0474,6772
-0.455,10038
0.0491,3205
0.0489,3834
-0.000573,5367
0.132,2410
-0.0581,6862
-0.0655,6882
0.0229,4513
0.15,2355
0.124,2809
-0.0311,6170
-0.0477,6317
0.159,445
0.243,643
0.112,1376
-0.0472,6449
0.147,3103
-0.49,10641
-0.0512,6555
0.039,4158
-0.129,9282
0.256,877
-0.33,10135
0.267,1367
-0.142,9331
0.00128,5335
0.222,1102
-0.199,8611
-0.155,8829
-0.0414,7453
-0.0293,6163
-0.186,10075
0.0569,3486
0.656,216
-0.499,10961
-0.178,8516
0.0668,3712
0.00706,4913
-0.108,9366
-0.161,8191
0.273,1831
-0.082,6836
0.0679,4371
0.0818,2894
-0.0912,8925
-0.196,8657
0.0305,4685
-0.147,7447
-0.177,7227
-0.0926,7512
0.0794,3296
-0.0528,6593
0.387,1124
-0.121,8697
0.0147,5069
0.0516,3475
-0.0228,6045
-0.109,8048
-0.0681,6592
0.0548,4314
-0.868,11033
0.0336,4407
0.225,437
0.376,808
0.102,3644
0.0418,4493
0.0468,3719
0.109,2555
-0.121,9690
-0.00498,5248
0.542,541
0.0742,3873
-0.135,7600
0.0778,3051
0.102,1454
-0.35,10483
0.245,1354
-0.0968,7288
-0.0645,7016
-0.154,9147
-0.107,9906
0.0193,4589
-0.198,9820
-0.219,9026
0.0673,3235
-0.0832,8167
-0.109,9984
-0.134,8088
0.0105,5021
-0.0918,7324
-0.304,8499
0.000116,5194
-0.0574,6917
-0.0309,6617
0.019,4577
0.0871,3812
0.238,977
-0.119,8826
-0.155,8988
0.134,2138
0.599,1004
0.108,3780
0.0453,4621
-0.103,8147
0.209,1344
0.0242,4971
-0.371,10482
0.0374,4368
0.226,2819
0.14,1959
-0.22,10413
0.143,2213
-0.238,10020
0.195,1241
-0.173,8994
0.135,727
-0.0304,6330
-0.46,10839
0.155,1493
-0.139,8378
0.059,4316
-0.0917,8250
-0.174,9996
0.0561,4373
0.345,1257
0.00217,5228
0.254,2917
0.0487,3929
0.0834,2026
0.141,2944
0.308,1302
-0.133,8357
-0.189,9446
0.22,712
0.0121,5164
-0.342,10908
-0.177,9261
0.26,1317
-0.015,5554
0.156,1300
-0.439,10602
-0.167,9988
-0.162,8738
0.789,1488
-0.168,10967
0.0258,4875
0.19,740
0.254,1091
0.161,1391
-0.0859,6971
0.212,1154
-0.0762,7863
0.0623,4168
-0.091,7200
-0.0411,6166
-0.3,9736
0.0499,4344
0.0355,4408
0.33,846
-0.0424,6806
-0.396,10794
-0.102,7837
0.0835,2425
-0.112,9734
0.0535,4437
-0.195,9233
0.156,2205
-0.448,9426
-0.108,9390
0.00573,5100
-0.359,10079
0.052,3723
0.593,310
-0.206,7488
-0.0378,7378
-0.315,10801
-0.0405,6990
0.182,2160
-0.165,8230
0.319,201
0.219,974
-0.0808,7902
-0.0869,7101
-0.123,9617
0.185,3091
-0.0664,6614
0.251,617
0.31,108
0.227,1511
0.179,1846
0.0321,4495
-0.0742,5988
-0.0307,6700
0.953,89
0.0626,4204
-0.124,8328
0.717,214
-0.301,7341
-0.0678,7398
-0.0241,5659
-0.488,9797
0.222,2731
-0.185,8013
-0.247,9451
0.032,4242
-0.126,8841
0.0034,5000
0.249,269
0.0636,2024
-0.158,9058
-0.109,9172
0.0214,4627
0.42,1534
0.178,2450
0.423,1165
0.413,2048
-0.321,10242
0.103,2282
0.102,3542
-0.231,9390
0.0166,4882
0.444,211
-0.0278,6196
0.191,836
0.0331,4596
0.0945,3263
0.0601,4211
-0.229,6040
-0.0712,7486
-0.0143,5817
0.0243,4472
0.208,1227
-0.177,8972
0.215,2476
-0.228,10166
-0.0317,8084
1.07,132
0.125,2491
-0.139,6001
-0.208,8828
-0.241,10604
0.0832,1755
-0.458,8607
0.0856,3927
-0.0249,6852
-0.0871,7821
-0.0696,8303
-0.104,9278
-0.0104,6781
0.0412,4195
-0.0189,6052
0.334,854
0.095,2119
0.2,426
-0.304,10218
-0.469,10775
-0.17,8822
-0.0168,5995
0.0843,3006
0.0715,3340
0.244,2407
-0.108,5921
-0.388,10089
-0.0612,6164
0.00188,5473
-0.00228,5508
-0.187,10513
0.526,66
-0.0107,5620
-0.556,10571
-0.958,9214
0.186,1047
0.131,737
0.348,946
-0.235,8970
-0.0454,6230
-0.374,8769
-0.05,6397
-0.0722,8385
-0.197,8713
-0.0921,6910
-0.0265,6128
-0.492,9963
-0.0146,5909
-0.0752,6842
0.203,273
0.0855,3636
-0.074,7454
-0.137,7409
0.00443,5194
0.0128,4626
-0.139,8570
-0.14,8165
0.0936,3989
1.45,56
-0.0313,7377
-0.0686,6854
-0.0776,7721
-0.264,10751
-0.342,10571
0.591,669
-0.246,10098
0.372,1595
-0.133,7324
-0.414,10451
-0.145,7773
-0.0726,6452
0.202,711
-0.0486,8323
-0.314,9363
0.048,3350
-0.129,6979
-0.146,6780
-0.15,8964
0.142,2465
-0.133,9638
0.115,3106
-0.322,9384
-0.0249,6177
-0.00668,5213
-0.163,10871
-0.119,8224
0.256,1626
-0.215,9363
0.0721,3785
0.00763,4847
-0.244,10174
0.126,2647
0.217,2026
-0.0617,8015
0.234,1383
-0.0954,8576
-0.0421,7167
-0.0286,6067
-0.11,7530
0.0426,4517
0.0343,4644
-0.0603,7082
0.0609,3053
-0.183,8306
0.145,1211
-0.21,7232
-0.033,6125
0.102,3138
0.192,2647
-0.182,9759
-0.134,6927
-0.000212,5284
-0.151,9210
0.0322,4260
0.109,3037
0.12,1400
-0.0321,5664
-0.128,7325
0.0656,2992
0.198,1145
-0.256,8981
-0.114,8737
-0.328,10845
-0.054,6955
0.134,1237
0.105,3066
-0.221,10564
-0.102,7371
0.0484,4583
-0.217,9551
-0.114,7486
0.116,3371
-0.215,9142
0.245,2249
-0.113,8520
0.0991,3687
0.135,2427
0.205,1390
0.0688,3583
-0.107,7438
0.505,1733
0.105,3086
-0.0864,7695
0.0406,4300
-0.498,9248
0.16,3093
0.252,2027
-0.38,9324
-0.327,7289
0.453,811
-0.0786,7722
0.574,373
0.0941,3685
0.0639,2803
-0.212,10845
0.253,828
0.0434,4624
0.142,3453
-0.105,8345
-0.019,6479
0.0132,4845
-0.109,7665
-0.0444,6770
-0.121,8822
0.143,2835
-0.0967,7577
-0.0805,8501
-0.0632,5700
-0.00711,5730
0.0147,4809
0.127,3412
0.232,1004
0.17,690
0.218,2587
0.127,2613
0.0437,4172
-0.0821,7198
0.0683,3596
0.0699,3915
0.0482,4268
0.0496,3639
-0.0654,6755
0.316,1776
0.0368,4169
0.0538,3942
-0.649,10966
0.771,94
0.0514,4093
0.323,977
-0.0324,6847
-0.221,10073
0.409,1335
-0.149,8016
0.108,3100
0.128,3383
0.0218,4647
-0.0418,7244
-0.0178,5854
0.167,2713
-0.213,6641
0.0748,3483
0.0362,4404
-0.0293,6848
0.126,2317
0.106,3844
-0.0754,6429
0.221,913
0.124,1753
-0.164,9279
0.0994,3106
-0.037,6135
-0.0316,5970
-0.277,10623
0.0254,4373
0.342,242
0.515,145
-0.2,9918
0.173,2670
-0.0765,6943
0.106,2103
-0.082,7684
-0.178,9141
0.175,1008
-0.261,10701
-0.227,10993
-0.0747,7011
0.0201,4760
-0.00129,5353
-0.144,10352
0.104,2924
-0.0623,6918
-0.0499,7524
0.116,2468
0.136,1514
0.0847,2238
0.0744,3336
0.0571,4065
-0.0901,8204
-0.0079,5488
0.0571,4094
0.124,3107
0.0611,4263
-0.239,10630
-0.203,8583
-0.164,8561
-0.284,10643
0.0557,4420
0.172,2222
0.26,2979
-0.129,9232
-0.0487,7738
-0.0354,6909
0.235,2198
-0.0553,7304
-0.227,8898
0.0626,2755
-0.00639,5728
-0.265,10703
-0.0545,6341
-0.234,7784
0.0541,4139
-0.0438,7221
0.0963,1989
-0.193,9846
-0.0168,5763
-0.216,8817
-0.0554,6501
-0.0528,6375
-0.0183,6175
0.105,2599
0.0312,4313
0.0473,4049
-0.0496,7059
-0.121,7423
-0.218,9320
-0.16,8802
-0.269,9408
-0.144,5510
0.252,3169
-0.0792,8101
-0.0913,9384
-0.266,9474
1.34,9
0.0767,3059
-0.284,8867
-0.0398,6029
-0.0816,8216
-0.0763,6618
-0.177,9777
0.0125,4935
0.111,3594
-0.342,9866
-0.00634,5365
-0.562,11019
0.073,4049
-0.0319,6594
-0.202,9720
-0.00626,5610
-0.212,10883
-0.0295,5895
-0.0521,6539
-0.13,8204
-0.0858,7751
-0.0854,9227
-0.0282,6676
0.0416,3991
-0.0568,6685
-0.0188,5496
0.00222,5282
-0.0247,6083
0.03,4273
-0.167,10038
0.18,1454
-0.00974,5662
1.3,97
0.0419,4077
-0.149,8973
-0.0544,6071
-0.381,9022
-0.0964,7604
0.0151,4696
0.0506,3457
-0.109,10035
0.185,2442
0.0166,4772
-0.361,10875
-0.0202,5969
0.0865,3018
-0.162,9292
-0.133,9663
0.235,970
0.0335,4152
-0.0223,5773
0.105,2165
0.209,672
-0.0251,6166
-0.129,7704
0.975,110
0.078,3915
-0.0447,7133
-0.201,10641
-0.0819,7668
-0.34,10945
0.204,2198
0.0787,3912
-0.107,8281
0.0393,3740
-0.311,10793
0.166,1801
0.518,402
0.251,1494
0.0907,2185
-0.0813,8363
-0.0775,7589
0.0256,4962
-0.293,8133
-0.0461,7207
-0.067,7557
-0.208,9127
0.0373,4020
0.0913,3878
0.0307,4617
-0.274,10033
0.333,281
0.04,3983
-0.22,9711
0.483,743
0.067,3552
-0.337,5544
-0.108,9014
-0.00157,5051
0.146,3030
0.288,2254
0.153,1956
0.286,2047
-0.0142,5582
0.37,89
-0.0232,5653
-0.0578,6608
0.0784,3852
0.294,635
-0.0223,6544
0.359,349
-0.0742,6356
0.113,3583
0.118,3566
-0.0418,6828
0.0559,3042
-0.0187,6421
-0.295,10436
-0.296,8698
-0.012,5501
0.0206,4702
-1.15,11000
0.106,1141
0.0696,4025
-0.0191,5653
0.165,3221
-0.00558,5498
-0.183,7617
-0.273,10986
-0.131,8826
-0.457,10675
0.263,3018
-0.268,10086
-0.198,10382
-0.123,7969
-0.0972,6799
-0.0954,6700
0.202,2768
-0.214,7347
0.0697,2984
0.0132,4920
0.172,2382
-0.0217,5824
-0.0877,7334
-0.158,10136
-0.0669,7532
0.0234,4491
0.0247,4816
-0.0811,6954
0.157,3211
-0.125,7546
0.151,1234
0.00724,5161
-0.434,10209
-0.232,10263
0.0224,4815
0.0416,4108
0.227,334
0.322,986
0.0211,4756
-0.285,9971
0.112,2912
0.157,3339
-0.255,10552
-0.105,7645
-0.505,10904
0.114,798
-0.0339,5896
-0.25,10827
-0.0568,6869
0.126,1301
-0.026,5351
0.0108,4853
-0.0616,6716
0.0256,4529
0.116,1620
-0.0542,7513
0.212,2068
0.3,895
-0.208,10176
0.0548,4220
-0.143,8173
-0.233,10729
0.375,1365
-0.645,10309
-0.129,8246
0.194,2194
0.183,1874
0.0266,4315
0.153,2752
0.489,864
0.112,2174
-0.0503,5331
0.0774,3702
-0.0202,6248
-0.017,5706
-0.16,6098
-0.084,6791
-0.259,8382
-0.0661,9226
0.0349,4598
0.505,90
0.237,1461
0.0405,4467
-0.122,7993
-0.15,9585
0.231,1129
-0.183,8931
0.354,369
0.195,1880
0.136,2617
-0.0809,7639
0.0688,3787
-0.196,8542
0.349,475
-0.269,9518
-0.663,10722
0.143,1987
0.14,781
-0.0253,5762
-0.156,7868
0.28,440
-0.155,8834
0.248,858
-0.309,7918
0.0611,2953
-0.157,8830
0.0583,2961
0.0198,4727
0.379,87
0.102,1767
-0.00576,5301
-0.269,10147
0.0657,3681
0.276,2011
-0.0803,7617
-0.344,10172
-0.0304,4391
0.0767,4073
-0.107,8082
-0.125,6756
0.367,184
0.402,1124
0.123,3461
-0.0548,6524
-0.276,9902
0.0659,3272
-0.0529,8249
-0.142,10129
-0.148,8908
0.314,650
0.254,2521
-0.113,10112
0.242,649
0.112,805
-0.231,9477
-0.821,11030
0.581,2521
0.686,783
0.328,119
-0.0847,7517
0.18,2266
0.0224,4560
0.392,1544
-0.16,7601
-0.226,10272
0.113,2716
-0.052,6680
-0.218,9379
0.255,837
0.136,2848
0.0131,4924
0.0752,2647
-0.25,10301
-0.0805,7757
-0.39,10888
0.0299,4599
0.05,3674
-0.473,10741
0.00827,5417
0.0596,4012
-0.449,10581
0.0918,3361
-0.227,10755
-0.0274,6091
-0.0193,5649
-0.0283,5851
-0.251,9737
-0.302,8385
-0.147,9103
-0.0961,9593
0.0363,4158
-0.035,6570
0.398,231
0.0546,3723
0.105,2628
-0.23,10193
-0.195,7804
-0.478,10977
-0.0731,6738
-0.0265,5548
0.0451,4200
-0.0141,6834
-0.347,10880
-0.251,10773
0.0462,4406
0.143,1113
-0.0229,6307
-0.0976,8158
-0.0713,6560
-0.014,5897
-0.241,9858
0.212,584
0.0127,4968
-0.141,10155
0.0131,5109
-0.23,10201
0.0731,3579
0.102,3117
0.311,1274
0.221,1557
0.12,2631
-0.46,9818
-0.193,9039
0.354,1288
-0.0469,7483
0.0296,4410
-0.0902,8005
0.0179,4938
-0.228,9933
-0.225,6453
0.0732,2678
0.0499,3805
0.52,283
0.717,7
0.0561,3846
0.179,3515
-0.257,10854
-0.122,10245
0.328,1039
0.199,2405
-0.131,7769
-0.122,6413
-0.0919,8044
0.166,2625
-0.0651,6981
0.00195,5289
0.901,516
-0.131,7518
-0.0434,6807
-0.185,10352
0.313,1479
-0.179,9191
-0.144,9119
-0.342,9182
-0.0134,5914
0.0664,2522
-0.3,9981
0.401,168
0.107,2732
-0.288,10153
0.0577,3639
0.0909,2923
0.0892,2923
-0.112,8392
-0.026,6303
-0.0394,6682
0.341,407
0.191,1311
0.0751,3843
0.0336,4639
-0.0227,6298
-0.997,11028
-0.188,10640
-0.0684,7145
0.56,204
0.0998,1995
0.565,1022
-0.244,9743
-0.045,7015
0.0544,3684
-0.0952,6038
0.0844,3516
-0.435,10418
-0.00651,5572
-0.118,9569
0.224,1300
0.123,2302
0.123,2476
0.13,2968
0.314,415
-0.318,9949
0.0936,3025
-0.196,9143
-0.616,10962
0.229,1348
0.0215,4792
-0.18,9142
0.295,1854
-0.204,8566
0.229,1597
-0.0625,6211
0.0843,3586
-0.199,8540
-0.209,8129
0.475,1624
-1.33,11031
-0.227,10185
-0.0086,5669
0.116,1293
-0.00213,5459
0.124,1955
-0.019,5149
-0.22,9385
-0.215,10375
0.264,840
0.247,1737
-0.0781,6697
-0.0801,7532
0.154,1514
0.216,2015
-0.288,9329
-0.0275,6124
0.099,2502
0.298,1894
-0.0533,7187
-0.173,9642
-0.0466,8981
0.097,3385
-0.577,11011
0.261,1444
0.00867,5005
-0.124,9171
0.0491,3924
0.0271,4588
0.134,1332
-0.217,9612
0.0516,4040
0.0104,5057
-0.162,9355
-1.1,10684
0.15,2405
-0.0622,6298
-0.0394,6907
0.0432,4240
-0.173,9864
0.0916,3310
-0.168,8530
0.157,3627
0.77,714
0.0529,2949
0.0117,4913
-0.179,9230
-0.00387,5279
-0.144,6710
0.201,3464
0.235,1437
-0.155,8885
-0.0738,7586
0.522,569
0.115,1709
0.00341,4855
0.047,3777
-0.222,9084
-0.126,8823
-0.171,8398
-0.506,10938
0.399,300
-0.123,8542
-0.0261,6263
-0.0368,5812
0.165,2782
0.0724,3691
0.238,1211
0.0803,2692
-0.0203,6024
0.0725,3504
-0.0138,5330
-0.139,6502
-0.126,6724
0.238,791
0.0447,3569
-0.177,9158
0.104,2980
0.0567,3861
-0.115,6158
0.119,2380
0.157,2287
0.0854,3067
0.105,2561
-0.285,10950
-0.15,10035
-0.109,8232
-0.165,8784
0.512,525
-0.236,9968
-0.104,8257
0.17,2946
-0.137,8864
0.367,496
0.213,2601
0.134,2030
-0.108,6876
0.0764,4228
-0.136,9164
0.0671,3557
-0.209,9194
-0.0802,8065
-0.038,6461
-0.0576,5708
-0.142,9006
-0.0367,6968
0.62,1723
-0.229,9931
0.421,280
-0.287,10551
0.0927,2735
-0.293,10253
-0.226,10030
-0.251,8054
-0.0632,7561
0.0405,3494
0.125,1519
0.0223,4408
0.0563,3657
-0.0718,7361
-0.321,9611
-0.306,6701
-0.00757,5542
-0.175,9843
-0.157,9337
0.101,3045
-0.00479,5163
-0.01,5803
-0.00141,5471
-0.0281,6224
0.668,655
0.0522,1504
0.0745,1300
0.142,1526
0.158,1786
1.1,1311
-0.1,7371
-0.017,6469
0.0893,875
0.244,3294
1.97,877
0.0509,3172
-0.0194,6197
0.0277,4680
0.149,2212
-0.231,8830
-0.29,10128
-0.223,9900
0.181,1260
-0.0563,6830
-0.151,6916
0.0744,3525
-0.0682,6793
0.0548,3780
-0.123,9917
-0.000124,5317
0.0359,4300
-0.0124,5362
-0.052,6251
0.1,3271
-0.254,10309
-0.0214,6200
-0.0388,6689
-0.271,9804
0.261,2590
-0.0639,6296
-0.127,8871
-0.044,6593
0.108,2198
0.0268,4378
-0.177,9226
0.0775,4113
-0.277,10367
0.129,1699
0.0535,3926
0.0566,3965
0.208,615
-0.134,6245
0.116,1830
0.0625,3759
-0.253,10143
0.0347,4465
-0.37,9955
0.0809,3030
-0.0259,6742
-0.0058,5178
-0.0168,5723
0.284,1230
0.129,2111
0.131,2276
0.234,932
0.014,4758
-0.0905,7262
0.00687,5094
0.164,3153
-0.181,10036
-0.0776,8853
0.207,561
-0.0184,5885
-0.12,5653
-0.0799,7999
-0.0207,5408
-0.0426,7188
0.006,5140
0.297,571
-0.188,8840
0.11,2736
0.233,1452
0.257,1873
0.137,1282
0.308,1254
0.0551,3916
-0.106,6963
0.46,800
0.192,1028
-0.207,8383
0.28,223
0.0841,3347
0.273,946
0.41,800
-0.179,9317
-0.0888,8976
0.149,1928
-0.229,9792
-0.133,8643
0.291,559
-0.176,10853
0.123,1534
0.125,2224
0.24,2102
-0.427,6702
0.00984,5459
0.0512,3379
0.177,1648
-0.0169,5922
0.0738,3838
-0.0121,5506
-0.0749,6710
-0.111,8126
-0.0338,6064
-0.268,7448
-1.26,10944
-0.293,9756
-0.702,10560
0.0525,4136
-0.256,8133
-0.0531,7209
0.112,3403
-0.319,9288
-0.201,9515
-0.0501,7936
-0.104,7918
-0.16,9627
-0.245,8478
0.0537,3795
-0.101,6471
0.0161,4730
0.0839,2533
-0.0507,7234
0.147,3219
0.142,2893
-0.0566,7704
-0.0496,6702
0.000501,5361
-0.252,10286
0.634,420
-0.195,9190
-0.126,8254
0.308,447
-0.196,9920
0.0493,3879
0.124,2753
-0.113,7121
0.16,2914
-0.147,9427
0.00406,5358
-0.201,9530
-0.0325,6197
-0.707,10948
-0.0441,6909
0.0643,3576
-0.112,9388
-0.0329,5694
-0.0926,8628
-0.00491,5370
0.139,2625
-0.0163,5736
0.0567,2990
0.00354,5097
0.386,1514
-0.0447,6662
-0.12,9264
0.202,1102
-0.0738,7341
0.101,3003
0.0595,3371
-0.259,8929
-0.0867,8271
0.092,1855
-0.202,9803
0.512,2047
-0.0887,7584
0.0237,4557
0.0675,3322
0.0126,5204
0.12,1767
-0.593,10673
-0.175,7188
0.0351,4140
-0.0158,6103
-0.142,8835
-0.0272,5915
0.32,984
0.192,2271
-0.0776,8599
0.0882,3733
-0.262,10349
0.0664,3718
-0.253,7870
-0.0656,7288
-0.0411,6846
-0.134,9583
-0.233,10664
0.0288,4484
0.0782,3730
0.155,2777
0.55,67
0.0399,4081
0.0571,3977
-0.0345,6320
0.262,1746
-0.0888,6844
0.18,1017
0.0957,2840
0.387,1027
0.385,255
0.0249,4731
0.134,2207
-0.0159,5679
0.0164,4597
-0.132,7893
0.495,1296
0.813,112
0.296,1685
0.136,1161
0.08,2767
0.111,3095
0.188,1984
0.0987,3027
-0.0453,6063
-0.0248,6418
-0.0915,7223
-0.237,10096
-0.1,7992
-0.0356,6189
0.107,2718
0.19,1309
-0.113,7767
0.188,1482
0.00429,5123
0.0278,4776
-0.0225,5773
0.0588,3299
-0.0261,7058
0.249,1493
-0.144,8825
0.035,4543
0.228,1354
-0.081,7478
-0.0204,5693
0.232,571
-0.00727,5610
0.275,1132
0.0864,2533
-0.0131,6280
-0.0279,5356
-0.236,10782
0.522,715
-0.137,8496
-0.0416,7177
-0.0714,9272
0.112,2738
-0.31,10579
0.0547,4037
-0.3,9024
-0.0371,6825
0.0384,3980
0.1,2143
-0.203,8438
-0.675,9986
0.115,3563
-0.0965,7665
0.0257,4111
0.0335,4744
0.124,1779
-0.168,7962
0.304,973
0.0125,4993
0.0412,3560
0.0665,3531
0.0939,3085
-0.319,11008
-0.0568,7206
0.0577,3315
-0.225,10449
-0.289,10047
-0.724,11034
-0.18,8955
-0.00362,5230
0.162,2061
-0.0293,5852
-0.319,7600
-0.13,7047
-0.0673,5334
0.032,4712
-0.00386,5327
0.0937,2551
0.0438,4199
0.047,4070
0.259,1798
-0.78,9878
0.0877,2497
-0.0341,5477
0.111,3178
-0.312,10072
0.181,2267
-0.143,8377
-0.00568,5317
-0.112,8581
-0.063,7475
0.456,2388
0.175,2184
-0.0429,6408
0.0365,4190
-0.103,8185
0.0414,4606
-0.352,10816
-0.289,8054
0.471,1530
0.119,1601
0.0745,1807
0.23,852
-0.0631,6878
0.36,2037
0.0921,2700
0.11,2397
0.119,2694
0.0265,4577
-0.0612,6366
0.0207,4537
-0.162,9651
0.127,1498
0.131,1436
0.126,2423
0.195,1971
0.0896,1788
-0.0562,7105
-0.0111,6089
-0.244,10116
0.0294,4439
-0.0728,7551
0.337,603
-0.248,10187
0.000697,5241
0.242,436
0.157,1974
-0.0441,6765
-0.0175,4873
0.349,1212
-0.0134,6103
-0.109,8031
0.0286,4513
-0.391,10134
-0.105,8757
0.0855,4014
-0.192,10972
-0.141,10740
0.141,2993
-0.0406,5744
0.265,1281
-0.217,9361
-0.135,7689
0.0705,2769
0.136,1964
-0.249,9900
-0.0457,5949
-0.246,10416
-0.0235,6571
-0.238,9110
-0.664,11029
-0.175,10490
-0.085,7557
-0.496,10901
-0.0853,8403
-0.218,10675
0.241,1271
-0.115,6539
-0.276,9208
0.577,1501
-0.156,10184
0.0262,4309
-0.0671,7036
0.126,2689
-0.21,7255
-0.0877,7715
-0.151,9394
-0.126,9643
-0.239,8798
-0.419,10917
0.142,1511
0.184,1134
-0.0195,6450
0.0527,3352
0.0702,3986
0.0709,3362
-0.0308,5796
0.153,2442
0.168,697
0.221,1815
0.125,3290
0.359,1220
-0.194,9961
0.416,848
-0.144,7811
-0.0877,7211
0.034,4095
0.0573,2929
0.112,1900
0.286,154
0.18,2094
-0.0413,6771
-0.196,8733
-0.0607,7068
0.0688,2965
-0.00148,5184
0.0501,4040
-0.0354,6105
0.174,2678
0.0131,5010
9.69e-06,5392
-0.00865,5681
0.0528,4053
-0.0925,7322
-0.193,10117
-0.3,10863
-0.214,9763
-0.0806,7607
-0.046,5894
-0.135,8301
-0.46,10873
0.047,3737
0.0805,3191
0.00248,5006
-0.075,7790
0.595,401
-0.0621,7726
-0.0789,7177
-0.568,10897
-0.0389,6159
0.117,2461
-0.0522,6296
-0.214,8229
-0.101,7209
-0.0337,7051
-0.0816,7431
0.222,655
-0.224,9207
-0.184,8280
-0.153,9838
0.109,2102
0.551,93
-0.38,10558
-0.418,10255
-0.0482,6045
0.0203,4375
-0.105,8386
-0.0425,7786
0.0205,4839
-0.222,8979
0.222,2388
0.194,1543
0.137,1168
-0.0136,6033
-0.209,10853
0.0247,4605
-0.0761,8221
0.0766,2989
0.537,58
0.24,1173
-0.0435,6482
0.13,2109
-0.105,8435
0.0943,1974
-0.0668,7119
-0.105,8007
-0.0156,5627
-0.068,6471
-0.123,8932
-0.11,7480
-0.136,9226
-0.421,10980
-0.164,9565
0.221,2151
0.109,3059
-0.141,8250
-0.0658,7058
0.0892,2984
-0.411,10247
0.182,3030
0.0727,2108
-0.0149,5830
0.315,1324
0.161,2372
-0.238,9414
0.0233,4571
0.324,841
0.00568,5199
0.145,3071
-0.0965,7043
0.282,1548
-0.275,9901
-0.251,10393
0.108,1839
0.00289,5439
0.263,1045
-0.103,6870
0.257,1263
-0.168,8709
-0.164,9491
-0.00884,5609
-0.0685,6911
-0.0182,5845
-0.169,9253
-0.0849,8469
-0.13,9744
0.653,835
-0.123,7483
0.257,900
-0.518,11033
-0.0921,9708
0.0645,3839
0.185,1722
-0.0252,6245
-0.29,10577
0.0735,3938
-0.0458,6128
-0.00461,5410
0.0549,3868
-0.124,8038
-0.0231,5753
-0.194,9138
-0.0335,6214
-0.173,9555
-0.0651,6037
0.256,678
-0.0923,7273
-0.374,8036
0.224,354
-0.046,7940
0.376,115
0.174,2103
-0.0934,8329
-0.139,4975
0.013,4754
0.0401,3812
0.206,1362
0.264,1903
-0.0306,5477
0.189,1997
0.0219,4704
0.218,1182
-0.134,8054
-0.204,9541
0.0849,2719
-0.603,9260
0.142,2468
0.282,294
-0.273,10476
0.164,2319
0.606,129
-0.119,6564
0.0559,2705
0.132,1636
-0.155,9426
0.0132,4950
0.345,208
0.238,2746
-0.0207,5676
0.416,647
0.817,1196
-0.0773,7538
0.109,2953
-0.207,10597
-0.0646,8191
-0.177,10748
-0.147,8142
-0.16,9406
0.153,2364
0.0985,3187
0.07,2945
0.0414,3360
0.0317,4516
-0.00797,5540
0.0977,3537
-0.0338,5405
-0.236,9763
-0.034,6636
-0.0712,6901
-0.464,10341
-0.23,9999
0.153,2351
-0.306,11016
0.244,1200
0.0462,4274
-0.19,9781
-0.645,10864
-0.614,11033
-0.0452,8156
-0.0355,6641
0.0538,4119
-0.172,8858
-0.0713,6085
-0.261,9513
-0.0629,7281
-0.0978,9226
-0.315,10960
-0.0876,7411
0.0194,5060
0.144,2618
0.121,1139
-0.0438,7250
-0.198,7688
-0.134,9579
-0.155,8744
-0.611,10515
0.0624,3581
-0.0813,7639
-0.0433,5986
0.283,2204
0.108,3264
-0.387,9507
-0.183,9630
0.143,1803
-0.034,5992
0.144,3047
-0.238,10436
0.124,3694
0.0039,5532
0.0342,3336
-0.0894,6999
0.186,1524
-0.0707,5676
-0.315,10283
0.0252,4085
0.0731,3072
0.342,1065
-0.387,10457
-0.106,6031
-0.00161,4980
-0.0425,6196
0.551,359
-0.136,9054
0.117,2073
0.0538,3505
-0.292,9631
0.053,3017
-0.146,9034
0.122,2903
0.0666,3414
-0.98,10041
0.0872,3993
-0.107,8384
0.106,2805
0.0103,4658
-0.141,7270
0.0236,4869
-0.677,10745
-0.155,9021
0.111,2374
-0.115,7994
0.261,3027
-0.383,10954
-0.117,6443
-0.031,7172
0.106,3110
-0.125,8221
0.0681,4218
-0.178,9492
-0.107,6989
0.177,1087
0.00689,4884
0.0813,3570
0.0451,4441
-0.191,9353
-0.219,8359
-0.00684,5615
0.00927,5030
-0.149,9046
-0.116,8010
0.128,3247
-0.187,9170
0.0541,3271
0.0914,2414
-0.138,9061
-0.122,8879
0.252,2021
-0.0887,7188
0.0218,4735
0.188,1257
0.455,426
-0.0822,7301
0.0556,2905
0.623,710
0.0023,5173
-0.000849,5459
-0.176,10337
0.0434,3771
0.48,123
0.00365,5152
0.216,1986
-0.132,9589
-0.146,9849
-0.0602,6224
-0.161,8087
-0.389,9016
0.152,3571
-0.0317,7174
-0.056,8017
0.753,39
0.1,2285
0.205,1529
0.0149,4514
-0.205,10717
0.152,214
0.612,1171
0.429,2247
0.319,2362
0.1,3660
-0.183,7741
0.112,1554
-0.00868,5397
-0.187,8816
-0.115,8726
0.0578,2542
-0.0532,7376
0.0807,3423
-0.0754,6538
0.131,2645
-0.217,9452
0.0733,3733
0.154,727
-0.0836,7537
-0.164,7795
-0.0451,5537
0.121,3188
-0.0321,6360
-0.0859,7130
-0.294,10076
0.0849,3155
0.173,2268
-0.0609,5763
-0.316,10499
0.0646,3433
0.0347,3946
-0.583,9311
0.387,1277
-0.107,6628
-0.262,9880
-0.0409,6953
0.108,1911
0.361,2233
-0.251,7738
0.128,3730
0.309,2456
-0.0847,8205
-1.09,10756
0.0022,5227
-0.411,10681
0.0552,4130
-0.265,8678
0.203,1616
0.35,518
0.209,1519
-0.0457,6356
-0.0309,6337
-0.11,8578
-0.0489,6403
-0.224,9863
0.0308,3881
0.02,5036
-0.147,8810
0.226,1351
0.0938,1983
0.111,3587
0.241,166
0.00285,5212
-0.364,9981
0.144,2075
-0.161,10173
0.174,1495
-0.0968,8095
-0.0744,7363
0.00912,4924
0.271,71
0.136,3167
-0.112,7408
-0.0402,5501
0.0241,4263
0.171,2539
0.0978,1126
0.649,1162
-0.291,8169
-0.184,8277
0.0412,4262
-0.0468,6592
-0.0384,6602
0.0503,3964
-0.0372,6342
0.125,2323
-0.126,8297
0.094,1955
0.108,2625
-0.149,8855
-0.186,9475
0.039,4443
-0.183,8154
0.0367,4085
0.0377,3471
0.462,930
-0.716,10505
-0.151,5683
0.142,1763
0.0182,4939
0.123,2449
0.0835,3818
-0.158,9163
-0.204,9961
0.00011,5048
-0.0699,7831
-0.671,10929
0.0958,3119
-0.353,9722
0.364,552
0.0056,5124
-0.0416,6808
-0.466,10881
-0.0175,5745
0.371,1704
-0.214,8229
-0.126,9673
0.027,4493
-0.32,10774
-0.432,10994
-0.03,6125
0.0445,3919
0.0835,2807
-0.0474,6740
-0.0822,6357
-0.294,9805
0.284,728
1.88,43
-0.0961,8809
-0.0282,5736
0.104,3608
0.227,740
-0.135,7779
0.0585,3036
0.53,390
-0.419,10801
0.0394,4227
-0.129,9371
-0.062,6576
-0.101,9068
-0.0352,6260
-0.0599,8363
-0.0126,5693
0.174,1940
0.394,374
0.635,2100
0.0679,3331
0.25,316
0.1,2952
-0.0191,5917
-0.279,8487
0.0325,4755
0.116,2193
-0.0422,8112
-0.0783,6598
0.273,559
0.114,3004
0.071,3268
0.0943,2923
0.364,240
0.133,2943
0.308,612
-0.199,10151
0.199,1656
0.00257,4956
0.222,138
-0.00744,5377
0.12,2149
0.147,2909
0.0967,2621
-0.236,7653
-0.0252,6071
0.0649,3725
-0.107,7190
0.177,1206
-0.0876,6461
-0.232,10843
0.165,1237
0.151,1883
0.118,3258
0.18,2774
-0.0186,5451
-0.0677,7848
0.296,615
-0.276,10163
0.162,1541
0.348,3015
0.218,767
0.0359,4514
0.0479,3619
0.0445,3864
-0.0461,6591
-0.128,8041
-0.222,6689
0.0958,3016
-0.00727,5549
0.142,1062
0.133,2297
0.247,1239
0.349,86
-0.000567,5449
-0.00806,5729
-0.17,7721
0.209,2322
0.265,1681
0.155,2882
-0.299,10920
-0.336,10674
0.331,1624
0.00288,5123
-0.756,11019
-0.233,10040
-0.239,10547
0.158,1415
-0.183,8451
0.192,2446
0.0318,4267
-0.208,9192
-0.184,8707
0.13,1442
0.207,1315
-0.186,8524
-0.548,9176
-0.22,10449
-0.0639,6494
-0.355,10808
-0.0454,7207
-0.18,8432
-0.049,7559
-0.0212,6076
-0.115,8730
-0.0682,7063
0.0898,3522
0.183,2771
0.258,2062
0.168,501
-0.0659,7293
-0.326,7286
0.196,2336
0.0623,4122
0.0264,4301
-0.0252,6154
0.102,1427
0.095,1805
0.08,2520
0.206,1534
0.0518,3579
-0.034,6490
-0.167,9955
-0.135,8867
0.102,2319
-0.035,5794
0.0891,2131
-0.0279,6189
-0.0805,8612
-0.201,8794
-0.195,10469
0.0902,3967
0.265,1764
0.276,982
0.129,1944
0.0932,2552
0.00701,5108
0.153,1793
-0.205,8823
0.176,1808
0.0375,3429
0.0694,3916
0.155,2429
-0.242,10945
-0.0544,6811
-0.152,9807
0.0553,2522
0.0673,3493
0.106,3183
0.296,1293
-0.258,8577
-0.201,10107
0.0767,2240
-0.115,7016
0.383,170
0.283,1023
-0.589,9448
-0.195,10215
0.255,735
0.0591,4438
-0.232,10051
-0.2,9216
0.0524,3827
-0.0782,7111
0.0378,4215
-0.373,10573
0.321,452
-0.402,9282
-0.243,8443
-0.244,10852
0.0925,1071
-0.092,8188
0.0741,3453
0.126,1033
0.483,260
0.00949,5012
-0.0298,6486
0.0293,4538
0.0294,4382
0.273,2602
-0.0269,5966
-0.0156,6070
-0.0561,8361
0.258,803
-0.084,7956
-0.0074,5134
-0.0281,6180
-0.239,10804
-0.022,5837
-0.461,10825
-0.134,7800
-0.0061,5453
0.0454,4031
0.83,1466
0.0259,4208
0.0377,4375
0.0996,3179
0.00156,5242
0.0777,2724
0.0475,3696
0.0135,5176
-0.00564,4953
-0.115,7650
0.0449,4365
-0.229,9388
0.157,1858
0.0384,4415
0.129,1338
0.281,602
-0.108,8751
0.213,3225
0.0242,3611
-0.0867,8138
-0.0243,6050
-0.156,8901
-0.377,10267
-0.0643,7080
0.1,3354
-0.147,9951
-0.108,8739
-0.127,8202
0.168,1466
0.381,1552
-0.0689,6706
0.194,993
-0.102,7122
-0.193,9630
-0.103,6578
-0.0235,6059
0.0399,4137
0.0341,4345
0.0845,2802
0.206,1681
0.0885,3601
-0.149,9419
-0.246,9187
0.17,1719
0.0213,4892
0.187,2268
-0.114,8835
0.103,1960
0.0391,3897
-0.0838,7154
0.134,2731
0.271,2434
-0.0586,6102
-0.00591,5179
-0.0835,8717
-0.172,10215
-0.0649,7257
0.209,1866
0.323,2088
0.297,2200
-0.0829,9302
-0.111,7650
0.145,2721
-0.0154,5710
0.637,1120
-0.121,8248
-0.0772,7728
0.0548,3289
-0.0489,5654
0.122,2555
0.525,518
0.0704,3841
-0.0178,5486
-0.0626,6218
-0.187,10151
-0.191,8817
0.108,2630
0.0227,4762
0.0165,4566
-0.0593,8227
0.112,2925
-0.163,8192
0.357,891
0.0484,4494
0.231,784
0.241,211
-0.0379,6602
-0.00468,5301
-0.115,7190
0.226,1219
0.0271,3545
0.112,3199
-0.377,10195
0.0928,2713
0.411,211
-0.0961,6884
0.224,1209
-0.0172,7298
0.0341,4561
-0.0241,5892
-0.475,10820
-0.0328,6225
-0.032,6908
-0.125,8203
0.522,2273
-0.153,9100
0.0194,4737
-0.151,9502
0.00595,4814
-0.329,10890
0.118,2593
0.14,2696
-0.0917,7397
-0.0497,6654
-0.11,9366
-0.115,10442
0.549,397
0.102,2614
0.317,1606
-0.153,9401
0.0343,4209
-0.253,10584
-0.249,10844
0.00867,4980
0.106,2248
0.223,2921
0.00292,5327
0.124,1624
0.0539,4236
-0.254,10130
0.287,921
0.031,4736
-0.104,8998
-0.113,9275
0.215,1876
0.163,2711
-0.158,10036
0.108,2770
-0.0196,6436
0.077,3006
-0.0897,7440
-0.038,6696
0.0805,4133
0.0722,3755
-0.0939,7192
0.0471,3105
-0.00856,5357
0.0138,4874
-0.169,9096
0.163,1957
-0.128,8890
-0.0332,6034
-0.227,9222
-0.577,10557
-0.118,7726
0.112,3087
0.174,1003
-0.00833,5345
-0.314,7241
-0.567,11026
-0.614,11004
-0.128,7640
-0.158,10989
-0.227,10567
0.187,1906
-0.00141,5603
-0.0536,6842
-0.0289,5900
-0.114,9905
-0.0895,8580
0.02,4760
-0.0984,6932
-0.224,9468
-0.244,9937
-0.147,10403
0.143,1999
-0.469,10955
0.0686,3884
-0.0226,6177
0.0591,3990
-0.143,9429
-0.0823,8118
-0.195,7467
0.602,207
0.448,2675
0.0195,4732
-0.184,10142
-0.0342,6306
-0.0718,6541
0.452,484
-0.0838,8221
0.102,3342
-0.0268,6197
-0.0234,5912
0.156,2866
-0.45,10905
-0.0699,8120
-0.135,7837
0.0836,3606
-0.309,10853
-0.265,5380
-0.000239,5366
-0.0145,5745
-0.0177,5162
-0.285,9920
0.0296,4436
0.37,2145
0.226,499
0.653,398
-0.135,9393
-0.115,8924
-0.105,8337
-0.288,9840
0.487,303
-0.598,10640
0.284,1581
-0.331,10002
0.179,2097
0.147,2615
-0.17,8323
-0.244,5920
0.0491,4188
0.0459,3344
-0.0651,6283
-0.138,7223
0.346,2214
0.0862,3776
0.0139,4891
-0.362,10823
-0.0126,5766
0.289,1632
-0.33,10722
-0.565,9492
-0.0461,5657
-0.122,9474
0.0915,2804
0.0628,4097
-0.00584,5735
0.325,2210
0.425,299
-0.059,7689
-0.206,10402
-0.0827,6049
-0.272,9711
0.106,3876
-0.0747,6519
-0.125,8853
-0.0653,8422
-0.0599,6517
0.0614,3442
0.0665,4090
-0.226,10592
0.255,672
0.106,1591
0.241,1830
-0.119,7936
-0.134,7890
-0.0636,6352
0.106,2343
0.178,518
-0.413,10781
-0.324,10089
-0.0467,5386
-0.483,10686
0.138,1445
-0.0503,7624
0.429,180
0.337,2640
0.149,3040
-0.0639,6609
-0.261,10499
-0.0541,8286
0.282,787
-0.187,8921
-0.00602,5429
0.653,16
0.0891,3339
-0.0384,7185
0.028,4860
-0.0889,7436
-0.13,7991
0.193,2222
-0.249,10147
0.125,2150
0.0208,4815
-0.012,5994
-0.267,10080
0.317,1756
-0.0157,6167
0.335,739
0.0788,3186
0.122,3154
-0.423,10560
-0.0503,6405
-0.211,10740
-0.111,7660
-0.174,9420
-0.224,8527
-0.305,10425
-1.05,10905
-0.0394,6359
0.0736,3918
0.361,1238
-0.604,10550
-0.0828,6811
-0.0457,6364
0.0933,2916
-0.0398,6896
0.157,1098
-0.231,10259
-0.475,10803
-0.129,8044
0.0764,3025
-0.0811,7443
0.353,324
0.0877,2143
0.962,152
0.126,2752
-0.0659,8219
-0.152,9794
-0.257,10353
-0.056,6464
-0.35,10595
-0.0635,6995
-0.126,8991
-0.114,8554
0.122,1939
-0.0103,5651
-0.111,7076
0.375,1112
0.102,2363
0.182,815
0.139,3005
-0.924,10725
0.264,287
0.128,2401
-0.0335,6069
-0.571,11020
-0.238,9902
0.0549,3010
0.142,2499
-0.101,8717
0.055,3590
-0.0606,8804
0.0232,4280
-0.0821,8643
-0.0228,6102
0.282,254
0.149,2087
-0.0756,6465
0.127,2130
-0.0863,7344
-0.152,9088
0.131,2712
-0.0131,5443
-0.0435,7355
-0.482,10520
0.0195,4676
-0.0939,9278
0.185,1554
0.0074,4721
-0.0134,5605
0.182,1431
0.0806,3393
-0.0837,7879
-0.0111,4421
-0.0918,7807
-0.0458,6062
-0.0998,8147
-0.146,9766
-0.302,8090
0.0748,3447
0.364,628
-0.0344,5935
0.209,1552
0.126,1977
0.192,1938
-0.0785,7109
-0.217,9129
-0.0906,9133
0.373,460
0.13,3163
0.694,1892
-0.102,6154
-0.00697,5442
-0.101,8132
-0.23,10175
-0.0495,6633
-0.0756,6455
0.964,397
0.222,1593
-0.133,8964
0.0686,2704
-0.15,7954
0.092,3159
-0.0247,5173
0.00555,5098
0.00142,5416
0.0635,4195
0.115,2820
-0.0191,6025
-0.0178,5618
-0.179,10428
-0.331,9993
-0.0248,5421
0.17,1061
0.0119,4939
-0.148,9116
-0.154,9728
-0.291,10477
0.0893,3463
0.124,2913
-0.156,7118
0.353,1930
0.197,525
0.0605,3155
-0.091,8139
-0.245,9033
-0.145,7913
-0.0933,6452
-0.334,11007
0.127,2841
-0.0525,6788
-0.147,8647
0.237,309
0.124,2136
0.174,1737
-0.239,10060
-0.0173,5625
-0.202,9880
0.278,2044
0.0235,4738
-0.0821,8171
0.0822,1650
0.0987,2917
0.137,2954
-0.0436,6026
1.16,185
-0.0579,7238
-0.0182,5957
-0.189,9415
-0.175,7608
0.121,2939
-0.23,9135
-0.107,10635
0.0515,4258
0.0598,3881
-0.0536,6239
-0.211,9921
-0.0611,7622
0.00471,5496
0.148,1579
0.063,4491
-0.0888,6287
-0.531,10366
0.0817,3750
-0.0466,7028
-0.318,11000
-0.057,6205
-0.154,9219
0.15,2774
0.3,1483
0.104,2616
0.0811,2681
0.0815,3599
-0.0507,6322
0.188,3860
-0.238,9950
-0.0465,7238
0.276,1070
0.23,1297
0.0594,4213
-1.19,10228
0.168,2994
0.0463,3322
0.0133,5308
0.1,3282
-0.0299,5936
-0.692,10942
-0.00386,5613
0.109,2392
-0.0822,7375
-0.237,8694
0.2,1746
-0.2,8941
0.0521,3848
0.0562,3612
0.065,3328
-0.505,10651
0.0702,3463
0.217,798
-0.0977,5717
-0.0719,7916
0.276,658
-0.164,9656
0.196,1001
0.192,1746
0.169,3258
0.136,3643
-0.382,10988
-0.188,7717
-0.0437,6747
0.685,879
0.0462,4040
0.199,535
-0.00905,5418
0.0889,2755
0.225,1545
-0.0271,5271
-0.0603,5246
-0.00271,5357
0.0115,4818
0.324,1044
0.115,3791
-0.493,10703
-0.2,9938
-0.0305,6842
-0.0674,7864
0.435,74
-0.0298,6109
0.443,1504
0.145,1459
0.152,2205
0.385,236
0.272,232
-0.00723,5287
-0.106,7764
0.151,2138
0.269,514
-0.12,8605
-0.192,7460
0.166,1221
0.154,2038
0.0368,4269
-0.0598,6492
-0.0244,5546
-0.255,9985
-0.0557,6839
0.228,1135
0.0685,4324
-0.104,8556
-0.129,7185
0.00731,5170
-0.133,9654
-0.252,10061
0.0102,5141
0.0644,2003
-0.0655,8275
0.343,1125
0.252,1215
0.172,2330
-0.217,10888
0.0427,4460
0.0798,3524
1.66,986
0.285,1143
-0.25,8239
-0.0326,5539
0.236,2053
-0.163,10059
0.225,1818
0.121,3289
0.0889,2929
-0.0796,6434
0.14,1624
-0.0102,5977
0.192,2902
0.0872,3163
1.28,762
0.00618,5215
0.212,1296
-0.142,9738
-0.223,9266
0.0556,4130
0.33,587
0.225,1124
0.0296,4005
0.106,2284
0.281,2453
-0.387,10739
0.0712,3678
1.75,901
0.185,2812
0.0398,4294
-0.475,10955
0.101,3538
-0.777,9881
0.011,5107
0.112,1554
-0.125,9755
0.01,4838
-0.0467,6941
0.16,1192
0.239,593
0.2,676
0.000542,5257
-0.372,10820
0.25,2513
0.167,2954
0.176,1582
0.0161,4768
0.255,561
0.0715,3911
-0.187,8738
0.0875,2434
0.254,1501
0.038,4208
0.0452,4152
0.0295,4807
0.0898,2140
-0.0456,6025
0.108,3470
-0.129,10182
0.0515,3148
0.183,1917
-0.0815,7207
-0.0854,7485
-0.218,9328
0.0723,2446
-0.0299,6564
0.113,2232
0.211,2442
-0.142,6667
-0.0998,7504
0.0499,3433
-0.106,9039
-0.252,8896
-0.206,8469
-0.242,9241
-0.548,9342
-0.326,11011
-0.0394,6982
-0.3,9054
-0.0731,7607
0.0519,4414
0.24,1006
0.12,1449
0.23,116
0.121,3371
0.039,3626
0.375,1501
0.109,3217
-0.228,9437
0.1,1940
0.111,2889
0.0121,4628
0.0952,2663
-0.111,5591
-0.182,9593
0.0553,3509
-0.0474,6279
-0.139,7678
0.0374,4557
0.254,2564
0.13,1878
-0.167,9614
0.0904,3825
-0.941,9178
0.218,741
0.089,3976
0.209,2343
-0.231,7782
0.286,1183
0.116,2029
0.0687,3418
-0.0726,6565
0.0995,4131
0.172,3226
0.2,2400
-0.0215,6274
0.0844,2271
0.135,2368
0.226,710
-0.0712,7574
0.0949,2975
-0.0373,6866
-0.167,10169
0.703,57
0.0873,3833
0.175,2739
-0.0971,7690
0.102,2789
-0.146,10179
-0.187,8946
-0.0745,6978
0.479,276
-0.0324,5826
-0.00107,5290
-0.382,10999
0.267,3040
0.0938,3907
-0.0164,6090
0.0839,3706
0.0833,2675
-0.177,10412
-0.476,9394
-0.176,9100
0.0384,4589
0.112,1011
-0.166,10780
-0.0374,7206
-1,10174
-0.473,7876
-0.118,5657
-0.186,7432
0.386,183
-0.211,10418
-0.639,9527
-0.165,6476
-0.593,8706
0.14,3630
0.0244,4578
0.425,2189
-0.149,8624
0.0114,4891
-0.00959,5552
-0.114,9611
-0.0188,5513
0.498,1437
0.288,2254
-0.327,7791
0.0652,4230
-0.158,8647
-0.0463,6830
0.135,2686
-0.241,9662
-0.0188,5812
0.115,2831
0.0555,3991
-0.0787,6993
0.0445,4108
-0.193,8438
-0.0164,6240
-0.0129,6217
-0.274,10139
-0.174,9541
-0.0641,7604
-0.106,8412
0.16,2347
-0.0934,7899
0.0138,4853
0.0171,3789
-0.114,7170
-0.317,9683
0.333,1616
0.0306,4328
-0.21,9058
1.14,857
0.116,3447
-0.0197,5858
-0.456,10830
0.0636,2498
-0.0506,6105
-0.208,7482
1.34,1344
0.26,2054
-0.0046,6025
0.0763,407
-0.167,8548
-0.143,8557
0.368,1031
-0.285,10621
0.261,253
0.0161,5110
0.0436,4019
0.06,4127
-0.0364,6367
0.0386,4536
0.00413,5196
-0.106,9908
-0.147,7320
-0.0636,6313
-0.541,10790
-0.0206,6551
-0.107,8814
0.159,2288
-0.0356,6134
-0.308,10827
0.0963,3727
0.301,1601
0.432,867
-0.159,10420
-0.203,8600
-0.0387,5865
-0.339,10849
-0.0558,7433
-0.174,10695
-0.0545,7255
-0.334,10035
-0.132,7604
0.111,2046
0.37,2308
0.0638,2595
-0.125,9022
0.087,3924
0.0559,4221
0.00219,5065
-0.31,10638
0.0861,3008
-0.00259,5166
0.0351,4665
0.363,581
-0.297,10141
-0.0349,7441
0.0188,4729
0.0321,4402
0.0506,4483
-0.0559,7015
-0.0395,6174
-0.0806,9042
0.275,414
0.0309,4047
-0.0366,6396
-0.263,9183
0.00053,5139
-0.107,7888
-0.3,10611
-0.0103,5830
0.0531,3449
0.193,991
-0.398,10343
0.36,813
0.0429,3715
-0.028,6195
-0.062,6981
-0.223,9872
-0.296,10361
0.0824,3315
-0.198,10680
-0.304,10870
0.313,946
0.139,2619
-0.0668,6875
-0.0266,6113
-0.0461,6324
0.269,24
-0.252,10720
0.0206,4731
0.0545,3419
-0.21,10348
0.193,756
0.045,4513
0.21,1382
0.0426,3626
0.0275,3812
-0.0465,7343
0.209,1373
0.216,945
0.71,1632
0.0686,4366
0.409,656
0.175,1105
-0.0355,6545
-0.183,9302
-0.22,10042
-0.157,8721
0.228,1010
-0.0113,5743
-0.0182,6143
-0.312,9206
0.0239,4492
0.000336,5279
-0.31,10572
-0.206,8845
-0.00156,5406
-0.0394,6347
-0.109,7665
-0.00473,5424
-0.451,9946
0.134,2234
0.265,246
-0.0315,5595
0.168,3058
-0.377,9208
-0.102,8311
-0.174,8512
0.0516,4295
0.0767,4072
-0.109,6919
-0.149,7865
0.291,496
0.0363,4041
0.281,311
-0.0997,7769
0.0895,2782
-0.0993,8210
0.0398,4213
0.0261,4674
0.0206,5077
0.177,1495
-0.119,8085
0.106,2360
-0.0281,6194
-0.0112,5539
0.258,597
-0.0719,7491
0.595,71
0.127,2622
0.0666,2235
-0.0268,7168
0.00222,5172
0.416,95
-0.126,8200
0.465,1222
0.103,2740
0.0574,3756
-0.103,6889
0.0884,3485
0.0931,3031
0.0421,4247
-0.192,10020
-0.0503,6496
-0.0794,7173
-0.146,7142
0.0694,3926
0.271,1391
-0.12,7199
0.126,614
-0.075,7299
0.0289,5186
-0.233,9442
0.0883,3074
0.0121,4968
-0.0256,6756
0.263,1990
-0.0341,6744
-0.0948,7730
-0.226,10567
-0.136,9737
-0.118,9095
0.155,2018
-0.127,7804
0.0126,4923
0.272,599
-0.114,9118
0.0882,2279
0.127,2475
-0.0685,7173
0.0759,3987
0.03,4182
-0.00743,5246
0.00313,5454
-0.312,10769
0.0183,4518
0.206,3066
-0.34,10308
-0.0285,6349
-0.139,8831
-0.248,9850
0.0529,3973
-0.65,10976
0.393,249
-0.00857,5338
-0.00495,5459
0.0279,4497
-0.00375,5117
-0.19,9729
-0.112,8254
-0.0164,6344
-0.0684,7183
0.00798,4969
0.0196,5019
0.153,2292
-0.167,8256
-0.0315,6043
0.258,899
0.0306,4656
-0.0815,7878
0.423,1210
-1.32,10957
-0.225,10561
-0.0401,7222
-0.38,10820
0.118,2630
0.148,2869
0.135,2383
-0.0892,7944
-0.0256,7055
0.0291,4916
0.11,2764
-0.152,8316
-0.129,9047
0.104,2762
0.0678,3200
0.209,1877
0.0211,4507
-0.147,7867
-0.298,6815
-0.101,8221
0.0433,4550
-0.576,11020
-0.0551,7441
0.05,3998
0.0415,3976
-0.101,9216
0.0691,2723
0.176,2162
0.016,5002
-0.24,10166
0.133,2708
-0.101,8885
-0.11,8312
0.038,3966
0.313,214
-0.0641,5961
0.0289,4485
0.234,1741
-0.0346,5968
0.0899,2688
0.111,4214
-0.189,8900
-0.129,10555
0.0845,2861
-0.11,8695
0.0519,4109
1.22,125
0.235,1265
0.0703,2145
-0.0746,8199
0.022,4897
0.108,2639
0.201,539
0.193,3078
-0.0691,7334
-0.425,10846
0.14,1774
-0.0478,5943
-0.652,10904
-0.168,7622
0.0491,3396
0.103,2451
0.0389,4535
0.223,1631
0.124,3539
0.0552,3521
-0.0339,6523
-0.0833,7808
0.2,2475
0.0918,3220
0.0748,4062
0.0561,4391
-0.0446,5944
0.0424,4278
0.353,1872
-0.00812,5530
0.253,1131
0.0153,4912
0.152,2174
-0.124,7423
0.0832,3887
-0.263,10458
-0.0249,5713
-0.0813,6936
0.0551,3757
-0.0242,5794
-0.0717,7152
0.0076,5063
-0.176,8382
-0.246,8750
0.031,4518
-0.00648,5708
-0.262,9931
0.183,2598
0.14,2936
-0.297,9980
0.0322,4369
0.0131,5050
-0.261,10755
0.0519,4103
-0.193,10596
0.282,1045
-0.0295,5791
0.0323,4171
-0.0204,5685
0.169,2292
-0.0328,6476
0.0127,4772
-0.0983,9490
-0.0379,7040
0.268,865
0.21,854
0.2,3334
0.276,1707
0.296,1594
-0.00656,5894
0.185,1012
-0.0872,6596
0.0307,4898
0.498,205
-0.00213,5470
0.0317,3893
-0.42,10789
-0.0829,7883
0.0341,4443
0.211,1050
0.256,780
0.132,2107
-1.09,10119
0.0802,4079
-0.0134,5617
0.243,2436
0.0458,4173
0.123,1199
0.185,2126
0.029,4965
0.157,2617
-0.389,8496
-0.00793,5940
0.238,529
0.0736,4103
0.0153,4812
-0.282,8278
-0.146,8512
-0.0296,6573
0.0998,2221
-0.0472,6447
-0.0241,5631
0.477,700
0.395,1111
0.0697,3603
-0.0948,7640
-0.981,9932
-0.0726,7947
0.0107,4986
-0.472,11008
0.0441,3304
-0.121,10077
-0.228,9283
0.255,964
0.00533,4909
-0.135,9513
-0.000663,5377
0.0365,4387
0.504,639
0.0837,3290
-0.117,8548
-0.131,8089
-0.00158,5432
-0.191,10154
0.0337,5149
0.0679,3272
0.025,4417
0.196,2298
-0.188,10445
0.0277,3913
-0.0778,5359
0.562,2284
0.114,2539
-0.352,10559
0.0731,3506
-0.189,10441
-0.0463,6407
-0.216,9508
-0.0811,6877
0.0264,4268
-0.107,10227
-0.178,9443
0.185,2457
0.0936,3889
0.156,2635
0.0646,4093
-0.025,5727
0.108,3208
-0.132,9768
0.0739,3233
-0.023,5957
0.107,2542
-0.0728,10012
-0.129,9026
-0.127,7277
0.155,2436
-0.0415,5382
0.185,1799
-0.0108,5528
0.244,2627
0.411,151
-0.0458,6264
0.278,2067
0.003,5132
-0.129,8734
1.21,361
0.16,1458
-0.0753,6730
-0.225,9614
-0.499,9887
0.0249,4517
-0.0317,6671
0.0722,3480
-0.0293,5831
-0.0776,7899
0.0419,4654
0.0227,4580
-0.243,10379
-0.0243,6229
0.123,2991
0.0656,3655
0.132,3194
1.06,828
-0.321,9642
-0.0202,5882
0.0259,4700
0.000411,4983
-0.0759,6474
-0.0482,6809
-0.0952,8818
-0.0156,7817
-0.294,9810
-0.115,7136
0.587,326
0.289,752
-0.00382,5409
0.252,498
0.0452,3777
0.11,2559
-0.154,8079
0.321,1613
0.0703,2457
-0.153,9271
-0.218,10227
0.0772,3191
-0.161,8699
-0.0966,6834
-0.145,10968
0.171,687
0.0814,3376
0.0992,1836
-0.184,10053
-0.0981,6503
0.0955,3357
0.21,1110
0.362,892
-0.0291,5847
0.148,1422
0.0409,4293
0.179,1572
-0.352,10864
-0.135,7994
0.286,940
-0.213,10439
-0.0621,7580
-0.194,8838
0.166,3438
0.0302,4574
0.177,1677
0.0302,4239
0.0564,2819
-0.0718,5396
-0.00298,5362
-0.37,10163
0.0929,3288
0.0807,2632
0.158,1822
-0.0502,7425
-0.148,9550
-0.133,8410
0.432,566
0.0512,3763
0.0308,3601
-0.192,8593
0.0684,4352
0.0607,4360
-0.661,10754
0.0235,4639
0.0699,3280
0.459,198
0.0253,4864
-0.401,9261
-0.091,8700
-0.329,10984
0.0335,4499
0.777,1696
0.0269,4460
0.0402,4370
0.205,1824
-0.00184,5395
-0.062,7123
-0.192,10132
0.225,1948
-0.108,7249
-0.00128,5360
-0.0701,7796
0.00985,5135
-0.0984,7663
0.222,1691
0.428,1974
-0.154,9565
-0.206,9061
-0.0758,7144
-0.0831,8246
-0.0275,6512
-0.14,8962
0.0674,3719
0.0704,2672
0.147,2481
0.0721,3018
-0.0778,7242
0.00247,5322
-0.169,8997
-0.082,7403
0.417,1045
-0.153,9473
0.31,1698
-0.0277,5877
-0.0773,6935
0.0897,2483
0.0977,2149
-0.189,9385
0.0821,3502
0.0839,3611
-0.104,9679
-0.393,10988
-0.105,9927
0.418,824
-0.263,10766
-0.00851,5566
-0.0325,5662
0.31,607
-0.237,10231
-0.46,10996
-0.132,8168
0.0416,4644
0.131,2410
-0.00953,5763
-0.107,7638
-0.102,7216
0.133,1544
0.189,1922
-0.00682,5563
0.145,2759
0.0107,4818
0.218,1443
0.233,2693
0.804,936
-0.0891,8263
-0.0916,8580
-0.0942,7648
0.352,539
-0.0637,7583
-0.204,8400
-0.287,8739
-0.207,10503
-0.123,9914
0.489,362
0.104,3555
0.196,1560
-0.268,10648
-0.267,10614
0.361,437
-0.00826,5377
-0.307,10501
-0.0294,6088
-0.202,9263
0.0398,3851
-0.0179,5833
-0.0344,6138
-0.000208,5472
0.143,2948
0.197,2462
0.107,2856
-0.302,10940
-0.146,8527
0.0551,4404
0.0733,3991
-0.227,10553
-0.0645,5863
0.0604,3844
-0.148,7735
-0.146,8604
0.136,2312
-0.0101,5375
-0.0596,7947
0.0228,4557
0.123,2728
0.219,2437
-0.574,10666
0.0928,2984
-0.289,10978
-0.149,8974
-0.0933,7840
0.0971,3701
0.163,1479
-0.033,5999
-0.0406,6124
-0.0208,6405
-0.172,7255
0.488,694
0.0954,2506
-0.0962,6363
0.0433,4001
-0.05,7629
0.12,2264
-0.0772,7207
0.0513,3752
-0.307,10892
-0.219,10185
-0.0228,5433
0.177,1095
-0.618,11032
-0.303,8485
-0.18,10626
0.138,2318
0.0367,4398
-0.107,8262
0.323,806
0.317,1571
-0.0606,6347
-0.00869,5557
0.146,1806
0.087,3692
-0.051,6177
-0.0919,8659
0.0903,2891
-0.125,10378
-0.114,9823
0.0745,4052
0.141,3775
0.105,3615
0.0728,3708
0.066,3175
-0.0573,7480
0.0621,3820
0.0942,2643
-0.0421,5715
0.0285,4582
-0.127,8210
-0.0373,6835
0.0228,4898
0.05,3619
-0.362,7959
0.42,483
-0.129,10132
-0.0721,7364
-0.0679,7528
-0.103,7537
0.0283,4225
0.0339,4332
-0.104,8156
-0.0817,7269
-0.0724,7442
0.234,2053
0.0392,4249
0.041,4244
-0.0335,6765
0.0183,4921
-0.165,9888
-0.489,10016
-0.0186,5269
0.379,325
0.31,661
-0.0935,7955
-0.105,7030
-0.27,9384
-0.0392,5917
-0.271,9464
0.384,106
0.252,1365
0.202,2249
0.261,466
0.303,479
0.723,246
0.0318,3840
-0.0592,8483
0.0268,4370
-0.0647,6268
0.265,581
0.0556,3817
0.165,1298
-0.216,10428
0.305,276
0.179,2147
0.387,1902
0.527,949
-0.0163,5782
-0.323,10907
-0.0486,7092
-0.296,10684
-0.179,9093
0.0281,4553
0.00703,5126
-0.0317,6819
-0.308,9727
-0.147,9373
0.185,2611
-0.108,7836
0.0611,3416
0.0422,4235
-0.275,10321
0.0823,3580
0.0401,4468
-0.179,6976
0.356,429
0.0595,1768
-0.0887,7593
0.166,1277
-0.249,10244
0.198,2917
0.218,1757
0.174,1254
0.0162,4952
0.222,2093
-0.0171,5430
-0.189,9712
0.179,1249
0.255,199
0.147,1578
0.0234,4831
0.311,812
-0.191,8397
0.0651,2979
-0.0968,9295
-0.0501,5792
-0.254,9987
0.0338,4631
-0.289,10808
-0.0513,7170
-0.0199,6301
0.231,1708
0.055,4090
-0.0259,5743
0.352,2347
-0.0273,5962
-0.109,8854
0.0283,4502
-0.0273,5666
-0.0659,7275
0.0112,4648
-0.124,9994
-0.12,9389
0.142,1372
-0.0443,5626
-0.125,8015
-0.0438,7129
0.00233,4885
-0.0864,7516
-0.2,9454
0.0624,3383
-0.297,9549
0.197,2617
-0.00667,5478
0.0714,2183
0.218,1171
-0.0907,7897
-0.211,8058
0.169,1783
-0.176,8850
-0.147,10045
0.59,268
0.131,2797
0.366,1998
0.0382,4749
0.0701,2998
0.0288,4299
-0.167,7993
-0.0273,5634
0.238,842
-0.00795,5654
-0.293,9736
0.0422,3851
0.196,1495
0.266,306
0.0964,2797
-0.157,7700
0.0355,4728
0.0683,3507
0.28,545
0.121,3312
0.0577,4007
-0.224,9913
-0.0758,7751
0.0537,4462
0.00829,5075
-0.137,7540
-0.0377,6332
-0.0686,7690
-0.0747,8808
-0.106,9280
-0.271,10127
-0.392,9914
0.0275,4604
-0.234,9862
-0.133,10692
0.287,196
-0.393,9931
-0.302,10608
0.442,279
-0.18,9051
0.457,360
-0.0317,6904
0.0248,4775
-0.0317,5656
-0.0313,5756
0.0227,4742
-0.0639,6214
-0.138,9444
0.349,193
0.183,3040
0.0351,4498
0.0232,4821
0.0237,4718
-0.109,8758
-0.0821,7235
0.0271,4594
-0.0396,6341
-0.0682,7295
0.192,925
0.0139,4888
-0.168,8754
0.0701,4014
0.179,2297
-0.0553,5562
-0.112,10502
-0.0879,8483
-0.0864,8998
0.0508,4146
-0.0573,6084
0.159,2294
0.0364,4299
-0.348,10819
-0.282,10142
-0.128,9191
-0.132,9981
0.119,1490
-0.0506,6865
-0.169,8858
-0.144,9716
-0.258,9220
-0.208,8316
-0.116,8820
-0.0597,8449
-0.0949,7419
-0.207,9837
-0.0287,6371
-0.385,9557
-0.0442,7284
-0.135,9489
0.0873,2926
-0.0949,7341
0.366,1518
0.456,1598
0.159,2743
-0.149,10303
0.214,2246
-0.0478,6450
0.668,131
-0.309,8084
0.0355,3576
0.112,2029
-0.0972,6410
-0.17,9071
0.179,1930
-0.000398,5228
-0.106,9999
-0.152,10064
0.0159,4606
-0.00102,5269
0.117,3801
0.0703,3855
-0.00158,5778
0.0169,4856
-0.0467,6577
0.196,545
0.021,4287
0.524,654
-0.273,10313
-0.103,8238
0.0927,2985
0.175,2094
0.168,1196
0.485,1321
-0.128,9295
-0.0633,8088
0.00723,5096
0.351,1299
-0.0889,5911
0.259,1330
-0.341,10814
-1.14,10991
-0.0751,6901
-0.0233,5906
0.102,3272
0.127,2577
0.102,1673
-0.243,10271
-0.161,9306
-0.0832,7116
0.244,1505
-0.143,7245
0.277,919
-0.139,9794
-0.0362,6799
0.293,2168
-0.0248,4963
0.154,3162
0.228,510
-0.0436,7971
0.0334,4327
0.128,3230
0.0989,4089
0.151,1427
-0.432,10654
-0.0888,7650
0.1,2992
-0.104,8218
-0.146,10563
-0.00102,5651
0.0554,3007
-0.0155,6352
-0.481,7286
-0.2,4364
-0.104,7909
-0.135,7816
-0.158,9248
-0.136,9012
0.842,217
0.0213,4818
0.164,2965
0.252,1941
0.126,1459
-0.208,9901
-0.0621,6250
-0.423,10750
-0.292,9004
0.203,1668
-0.0283,6007
-0.0508,6292
0.0185,4527
0.127,1968
-0.202,10457
-0.149,9280
-0.00175,5311
0.135,1310
-0.135,7469
0.459,1362
0.18,2527
-0.478,10861
-0.00321,5462
-0.0587,6857
0.194,1971
-0.259,9116
0.216,2308
0.178,2394
-0.0834,9655
0.0979,2740
0.0694,3952
-0.0639,7079
-0.126,5877
-0.183,9525
-0.0224,5895
-0.29,10311
-0.238,9900
-0.119,9458
-0.126,7550
0.621,492
-0.11,9741
0.117,1938
0.0984,3479
-0.0137,5383
0.0339,4436
-0.0939,6141
-0.12,9599
-0.243,10674
-0.152,8257
0.0984,2897
-0.185,9107
0.0213,4485
0.011,5042
-0.0784,7534
-0.204,8328
0.00228,5303
-0.308,10502
-0.234,8903
-0.19,10758
-0.0752,7417
-0.0824,7611
-0.144,8292
0.251,1442
-0.134,6934
0.0717,4036
0.351,481
0.525,238
0.437,2523
-0.183,8374
0.178,2956
-0.0496,6937
-0.0665,8832
1.8,928
0.13,3330
-0.0427,7752
-0.126,7091
-0.0512,7583
0.00404,5200
0.0939,3048
0.388,1006
-0.265,10010
-0.11,6671
0.129,1259
-0.097,8327
0.112,1849
0.0137,5123
-0.378,10864
-0.443,10707
-0.0418,6333
0.147,1460
0.0569,4063
0.158,2543
-0.333,10291
-0.13,7756
-0.0641,6785
-0.0837,8868
-0.0567,6531
-0.182,9142
0.41,1531
-0.881,10662
-0.107,8150
0.0497,2795
-0.0267,5987
0.0458,4528
-0.152,7379
0.197,2236
-0.126,9183
0.204,1961
0.0193,5170
0.0731,4001
0.0485,4166
0.229,503
0.0623,3468
-0.0352,6257
0.283,315
0.062,2678
-0.0233,6121
0.0776,2882
0.125,2302
0.0491,3835
-0.259,9696
-0.301,10559
-0.0464,6111
0.293,1313
-0.118,8857
-0.153,8763
0.0745,3291
-0.158,8963
0.347,1309
0.0619,3729
0.0905,2142
0.268,480
-0.0797,7777
-0.101,8042
-0.0393,6474
0.148,3433
-0.0478,7445
-0.0522,6383
-0.267,10365
-0.15,9330
0.0471,4378
-0.12,6791
-0.0522,7504
-0.0039,5539
-0.0573,7618
-0.085,6493
0.714,239
-0.186,9622
0.35,592
0.0901,2034
0.0273,4756
-0.308,10798
-0.21,7467
-0.0708,7636
-0.226,10921
-0.136,9748
0.000924,5467
-0.225,8702
0.073,3913
-0.0574,5415
0.0507,3163
-0.0699,7169
0.12,3074
-0.317,10372
-0.17,10305
-0.0929,8416
0.0684,3701
0.0985,2272
-0.0445,6897
-0.0977,8377
-0.659,11006
-0.0738,6861
-0.0846,6921
0.277,1515
-0.122,6611
-0.00145,5067
-0.153,9479
0.154,1673
-0.0899,7214
-0.0808,5695
0.0442,2819
0.284,915
-0.0725,7627
0.0245,3821
0.132,2644
0.153,1645
0.0702,4108
-0.19,9927
-0.0619,8376
0.031,4560
-0.0386,6224
-0.112,7746
-0.315,9191
0.0772,3417
0.227,1276
0.0162,4695
0.449,1306
-0.0162,5621
-0.0378,5948
-0.00702,5378
-0.0941,9060
0.0271,4354
-0.264,9953
0.0568,3469
0.376,723
-0.0559,8157
-0.163,10233
-0.00928,5417
0.000989,5366
0.102,3304
0.184,562
-0.0994,8361
0.203,750
0.0353,4500
-0.159,9656
-0.134,8138
0.496,1290
0.144,2373
-0.0933,9698
0.132,2157
-0.144,10646
-0.113,7277
-0.24,9494
-0.00879,6111
0.0872,1911
0.0991,3023
0.00339,4979
0.159,2750
-0.108,7526
-0.00265,5401
0.0707,2852
-0.032,6157
-0.00461,5319
-0.0261,5970
0.0854,3248
0.00579,5293
-0.364,10957
-0.146,8445
-0.193,9271
-0.00194,5212
0.297,1189
-0.0301,7238
0.012,5035
0.00455,5519
0.206,1116
0.174,1891
0.155,3027
0.313,45
0.146,1725
-0.138,8335
-0.012,5830
0.298,536
0.106,2181
0.0638,3800
0.128,1861
0.669,747
-0.185,9632
-0.106,7401
0.0166,4612
0.0155,4840
-0.0403,6700
0.0794,3460
-0.146,8641
-0.539,10315
0.103,2310
-0.0607,6613
-0.0953,7921
-0.0223,6034
-0.202,8477
-0.101,7145
-0.173,9124
0.0754,3006
-0.374,10913
0.127,3031
-0.0946,6866
0.042,4317
0.0258,4522
-0.163,9649
0.487,741
0.246,1152
-0.593,10898
0.097,3390
-0.204,9455
0.0878,3501
0.0263,4802
0.0312,4598
0.0252,4556
0.815,261
-0.0787,9432
-0.22,9210
-0.203,8780
-0.14,7174
0.653,99
-0.0713,6868
0.198,543
0.00887,5077
-0.276,9716
-0.266,10000
0.113,2956
0.163,1379
0.0687,3858
0.0196,4722
-0.174,8162
-0.0964,7201
0.138,1947
0.178,2277
-0.274,10229
-0.191,9265
0.165,1482
-0.0129,5118
-0.101,7363
0.229,1759
-0.0796,7890
-0.14,8699
-0.104,8658
0.0705,3440
0.118,1551
0.201,849
0.112,1589
-0.0454,7012
-0.0336,6599
0.00549,5181
-0.121,10272
-0.188,8892
-0.0208,5962
0.0977,1447
-0.18,9312
-0.0137,5301
0.489,1144
-0.063,6621
0.292,474
0.00514,5063
-0.0472,6588
0.212,1464
0.238,854
-0.182,8185
-0.00362,5243
-0.135,9610
-0.0215,5972
-0.0509,6719
0.228,2086
-0.0198,5920
-0.0216,6251
-0.0642,6889
-0.287,10605
-0.0799,6567
0.013,4839
0.124,3585
0.066,2364
-0.0169,6276
0.12,3384
0.951,67
-0.0846,6786
-0.193,6930
0.268,617
-0.162,8894
-0.534,10817
-0.0299,5926
-0.411,10726
-0.139,7233
0.0405,3767
-0.0292,6325
0.158,1599
-0.0313,6234
-0.00509,5306
0.329,2427
-0.093,6954
-0.209,10773
-0.0856,7680
0.413,147
-0.00408,5503
-0.0186,6008
-0.21,10164
0.0956,3194
-0.0493,6397
-0.238,10476
0.0897,3168
-0.62,9531
0.149,1589
-0.0981,8497
-0.0257,5148
-0.171,7819
-0.167,8671
0.16,3026
0.155,1328
0.156,2106
0.0853,3530
-0.359,10229
-0.219,10427
-0.0724,7159
-0.148,9585
0.0345,3390
0.299,800
-0.16,7965
-0.114,7673
0.252,1189
-0.125,10025
0.176,1294
-0.256,7845
0.612,203
0.104,2974
0.064,3461
0.13,1557
-0.217,9458
0.343,517
-0.134,8541
0.00307,4645
0.25,740
-0.174,7044
-0.0014,5399
-0.126,8927
-0.0954,7343
0.0192,4928
-0.0727,7204
-0.0833,8400
-0.11,6825
0.291,876
-0.188,9043
-0.427,10784
0.526,227
-0.0654,7023
0.0816,3175
-0.174,8490
0.0841,3682
-0.0575,7522
-0.122,8731
0.0803,3106
0.0247,4834
0.0722,2795
0.2,1001
-0.167,10541
0.1,2102
-0.097,8857
0.026,4246
-0.0714,8377
0.252,1758
-0.0434,7601
0.0704,3880
-0.153,9196
-0.107,7566
0.0255,4721
0.177,1827
-0.292,10951
0.131,2014
0.0537,3376
-0.0274,6721
0.166,1617
0.00294,5266
-0.256,9380
-0.248,8070
-0.0293,6703
-0.00667,5769
-0.195,9870
0.328,758
0.0875,3126
0.152,3237
0.219,288
-0.0996,7830
-0.431,10655
-0.37,10570
-0.0852,7060
-0.000544,5210
-0.00903,5497
0.147,1712
-0.349,7909
0.434,1708
-0.24,10227
-0.284,6787
0.132,2942
0.0756,3878
-0.0236,5737
0.26,2488
-0.0537,7091
-0.0157,5360
-0.0131,5613
-0.34,10811
0.118,3515
-0.0718,6614
-0.262,10953
-0.246,10297
-0.212,10520
0.235,664
-0.615,11007
0.0171,5089
-0.0383,7788
0.049,3800
0.0148,4992
-0.27,8232
-0.0333,6647
-0.0546,8091
0.188,2016
-0.383,10391
-0.0739,6528
0.288,2443
-0.05,5546
0.0503,1729
-0.0445,8225
0.319,852
0.128,3185
-0.0868,7709
-0.441,10895
-0.295,10261
0.0171,4500
-0.00556,5642
-0.0126,5396
-0.0136,5908
0.0877,3564
-0.0941,8463
-0.0478,7374
-0.203,10716
0.0899,3093
-0.104,7574
0.22,1703
0.169,3111
-0.0478,6029
0.0665,2861
0.0849,2993
0.459,1357
0.0448,3874
-0.133,8482
0.0969,2962
0.067,3200
-0.0807,8486
-0.156,8009
-0.0405,6796
-0.182,8736
0.0533,3681
0.132,750
0.0334,4374
-0.0336,6398
0.0504,4485
0.000547,5346
0.0752,3023
0.11,2923
-0.0447,6362
-0.125,8169
-0.1,7928
0.143,1158
-0.0916,6004
-0.025,5870
-0.343,10738
-0.0977,7977
-0.118,6825
-0.00486,5442
-0.0265,6506
-0.0276,6645
0.169,2910
-0.273,10567
0.302,848
0.0334,4056
0.108,2568
0.0259,4670
0.145,1559
0.153,2549
0.0361,4328
-0.0891,6116
-0.103,7648
-0.137,9345
-0.154,8200
0.161,1687
0.496,1335
-0.0782,5981
-0.207,10252
0.109,1843
-0.14,8560
0.262,254
-0.0521,6576
0.323,398
-0.261,9142
-0.17,10319
-0.0359,6621
0.341,669
-0.118,8100
0.22,2021
-0.356,10629
0.0391,4310
-0.117,8117
0.141,2521
-0.13,8548
0.165,2413
0.0194,4244
-0.0971,6450
0.251,804
0.111,2299
-0.222,9904
0.357,2759
-0.0159,6147
-0.00429,5788
-0.0051,5195
0.00821,5245
-0.129,6872
-0.249,6815
-0.264,10686
-0.0852,8290
0.178,1680
-0.0459,7094
0.192,2441
-0.0504,6727
-0.0119,5441
0.225,1702
0.311,567
0.271,2167
0.24,1437
-0.154,9857
0.216,1544
0.0638,3962
-0.0465,6619
-0.154,7702
0.0221,4862
0.168,1667
-0.219,8807
-0.0993,9698
0.139,1696
-0.118,9360
-0.0788,6248
-0.186,8069
-0.104,8733
-0.158,10158
-0.263,10239
-0.158,10078
-0.0349,5879
0.193,2143
0.279,682
0.0568,1262
0.0483,3919
-0.0689,6714
-0.449,10463
0.108,3504
-0.101,8434
-0.0517,9167
-0.141,9326
0.143,1916
-0.331,10631
0.0537,3815
0.282,749
-0.391,10988
-0.262,7888
0.219,1431
-0.0648,6484
-0.245,10395
-0.228,9105
0.133,1037
-0.0739,7336
-0.037,5653
0.0968,2629
-0.102,6961
-0.215,9747
0.0879,2602
0.0453,4240
0.167,1536
-0.394,9425
0.0307,4705
-0.141,10522
0.0451,2964
0.00261,5293
0.183,1657
-0.0347,6455
-0.0933,8121
-0.166,10495
0.0421,3722
-0.0294,5756
0.036,4435
-0.0362,5885
-0.0451,5939
-0.2,8334
0.0221,4570
0.0256,4706
-0.696,11018
-0.437,9311
0.516,247
-0.14,8506
-0.0614,7999
0.0507,3751
0.0598,3321
0.116,2986
0.3,501
0.0509,3500
0.197,936
-0.445,10198
-0.133,8370
-0.134,8276
0.076,3741
-0.162,10046
-0.0667,7879
-0.196,8944
0.00505,5166
-0.289,9516
-0.416,10961
0.00775,5160
0.123,1725
0.0606,4274
-0.382,10205
-0.274,10137
0.97,1492
-0.0347,7229
0.0951,2860
0.702,1659
-0.0779,7419
0.256,1778
-0.439,10570
0.0155,5032
0.0593,3470
0.113,2027
-0.192,9898
-0.145,8474
0.0582,2955
0.185,1468
0.23,1858
0.0662,3924
-0.0437,6712
-0.47,10345
-0.0674,6789
0.143,1159
0.109,2381
-0.0643,6660
-0.247,10643
-0.189,7704
-0.149,6278
-0.137,8955
-0.301,10077
-0.0586,6496
0.26,2171
0.078,3723
-0.102,9875
-0.0884,9529
0.0225,4398
0.184,1659
-0.221,8851
0.266,313
-0.269,8962
-0.0676,7304
-0.153,8990
0.278,151
0.159,2972
0.0181,4854
0.00372,4960
0.0479,4529
-0.0036,5477
0.107,3007
0.372,2680
-0.326,10757
0.305,2223
0.0642,3397
0.0922,1584
-0.325,10338
0.0626,3937
0.0503,4282
0.526,1564
0.131,687
-0.261,7471
-0.121,8619
0.266,592
-0.215,5098
-0.286,8595
-0.0801,8039
-0.178,9610
0.41,459
-0.153,9301
-0.0381,6508
0.179,2471
0.16,2119
0.0451,3540
0.226,1501
-0.303,9094
0.111,4209
-0.207,8230
0.0312,4053
0.0396,3736
0.201,3123
0.138,3452
-0.126,8155
-0.188,9284
0.0882,2751
-0.0737,8207
-0.134,9595
0.0852,3315
-0.53,9769
-0.218,9336
-0.109,9273
0.0874,2760
0.252,1191
0.131,3285
-0.0702,6905
-0.0895,7022
0.152,1205
-0.0923,7800
0.289,913
-0.086,8484
0.0894,2275
0.135,2149
0.0856,2701
0.103,2778
-0.0784,6372
-0.133,9324
0.031,4762
0.0859,3275
0.132,2402
-0.162,7883
0.243,810
-0.00781,5755
-0.0462,6976
-0.0433,5901
-0.15,8584
0.134,2499
-0.0188,5706
0.122,2240
-0.0372,6547
0.177,2450
0.17,1303
0.305,1251
-0.175,8575
0.103,2504
-0.043,6682
0.459,792
0.103,3098
-0.0206,5891
0.325,748
0.0533,3534
0.0863,2885
0.132,3803
-0.136,8772
-0.437,10856
0.123,2348
-0.124,10325
-0.0195,6148
-0.0582,5761
0.153,2850
0.0302,4225
-0.0834,6724
-0.0922,7249
0.0788,3823
-0.0351,5665
0.197,2125
0.0612,3253
-0.0917,8093
-0.123,7665
0.0325,4036
-0.0481,6957
-0.158,9289
0.0725,3732
-0.09,8735
0.211,1873
-0.0372,7208
-0.00983,5037
1.24,119
-0.377,9832
-0.376,10660
0.353,257
-0.137,10294
-0.000448,5778
-0.0973,9178
-0.0558,7028
-0.16,8177
0.089,2691
-0.00891,5805
-0.121,8270
0.0419,4416
-0.165,7020
-0.238,7878
0.0454,4457
0.387,2138
0.0457,4103
0.0243,4663
-0.0326,5737
-0.0399,6845
-0.009,5710
0.0417,4029
-0.195,10224
0.161,2044
-0.0074,5486
-0.758,10800
0.0612,3904
0.107,2474
-0.0402,6629
0.0805,3524
0.0871,3526
0.0636,3698
0.105,3279
-0.209,10645
0.0659,4133
0.377,175
-0.0439,5807
0.195,1010
0.037,3193
0.124,3353
0.0234,4890
0.0434,4009
-0.0614,7006
-0.157,8134
0.0359,3811
0.00487,5300
-0.288,9482
0.0855,4009
0.148,2874
-0.678,10559
-0.0105,5679
-0.0569,6034
0.237,1055
-0.276,10884
-0.0126,5740
-0.17,8784
-0.0409,7188
0.0546,4020
0.0097,4838
0.0936,3568
-0.22,8092
0.25,1648
0.0383,4170
0.0974,3427
0.265,1742
-0.155,8699
-0.358,10189
-0.338,10578
0.235,1483
-0.0758,8279
0.0576,3404
0.0519,3940
0.159,2235
0.101,3880
0.304,87
-0.000925,5250
-0.146,8072
-0.0897,6550
0.583,1599
0.756,624
0.123,1673
0.331,140
-0.398,10922
0.0625,3541
-0.0529,6254
0.0391,3286
0.0683,2878
-0.132,8342
0.347,849
-0.0469,7035
-0.205,9778
-0.0649,7695
0.0873,3492
0.00474,5263
0.0116,4883
-0.0143,5551
-0.185,8177
-0.0493,5755
0.00319,5242
-0.222,10295
0.00433,5476
-0.68,11012
0.344,797
0.323,2968
-0.0633,7456
-0.0377,7143
0.101,3397
0.0767,4076
-0.168,8540
-0.0693,7194
0.0984,2560
-0.00522,5511
-0.148,8898
0.24,1387
-0.259,10427
0.158,2259
-0.0573,6157
-0.202,9731
-0.0344,6610
-0.113,9135
0.068,3770
-0.102,6326
-0.147,9989
0.0912,2578
-0.00813,5538
0.23,1275
0.0437,3525
0.599,1850
-0.0045,5361
-0.0964,8190
-0.067,7088
0.0428,4145
0.0107,5215
-0.0378,6403
0.168,1137
0.0304,4538
0.542,2436
-0.158,7901
-0.0191,5903
0.143,3214
-0.0265,5813
-0.0679,7335
0.231,1688
0.519,2264
0.068,3401
0.00199,5274
0.16,375
-0.0531,6661
-0.136,10088
0.142,2406
-0.402,10798
-0.0793,6966
0.0493,3948
-0.0269,5991
-0.908,10139
0.0222,4612
0.421,1026
-0.0297,6461
-0.014,6010
-0.0692,7044
0.439,280
-0.237,8412
-0.547,11018
-0.232,10500
0.148,507
-0.302,9395
0.24,1081
0.0591,3651
-0.2,8422
0.283,1304
-0.038,7079
-0.216,9537
-0.515,10964
-0.308,10246
-1.24,10418
0.303,311
-0.0475,7855
0.0482,4006
0.0863,3446
0.132,2580
-0.0193,6201
0.0363,4302
-0.181,10671
0.177,1824
-0.291,10132
0.228,1732
0.168,1999
-0.144,8524
0.0525,2777
0.151,1490
-0.206,8997
0.0355,4435
0.0824,3774
0.0825,2666
-0.0942,7792
-0.0622,7512
0.0221,4674
0.447,441
0.0464,3616
-0.00681,5735
0.0915,2455
0.104,2195
-0.194,9942
0.342,94
-0.339,9004
0.0142,4693
0.0112,4782
0.178,1724
-0.0976,7623
-0.164,8130
-0.356,10392
0.245,1170
0.226,572
-0.315,10673
-0.176,8634
0.0934,2909
-0.197,8627
0.331,849
-0.2,10729
-0.106,7373
-0.488,9763
-0.00415,5542
0.169,2540
0.255,1003
0.136,3579
-0.0725,6828
0.32,455
-0.0945,8969
0.0907,3205
0.176,1910
-0.231,9984
0.558,400
0.266,3116
0.119,3252
0.135,1332
0.192,643
0.152,1873
0.641,678
0.466,1669
-0.118,9179
0.189,651
0.18,2383
0.0666,3941
-0.24,7415
0.263,1971
0.131,3283
-0.226,10507
0.073,3446
0.0554,3831
-0.0327,6258
-0.482,10877
-0.0678,6642
-0.135,7193
0.11,1574
-0.0278,6190
-0.0936,7130
0.127,2984
0.211,1032
0.148,2453
-0.00686,5501
-0.0582,7207
-0.00903,5845
-0.34,10849
-0.0123,6164
0.441,85
-0.263,10529
0.0969,3518
0.179,3340
0.237,1132
-0.211,9470
-0.0555,6837
-0.232,9850
0.164,2276
-0.0495,6105
-0.295,8553
-0.0691,7557
-0.00551,5486
0.0239,4829
-0.4,11031
-0.087,7816
0.266,1388
-0.00508,5776
0.187,1570
-0.335,9393
-0.634,10867
-0.0688,8750
0.0767,3256
-0.201,10261
-0.0317,6656
-0.0418,6864
0.215,677
-0.0996,7614
-0.208,8444
-0.0516,6655
-0.0484,7660
-0.492,10790
0.0358,4568
0.137,2548
-0.134,7310
-0.148,8664
0.00887,5062
0.151,2733
-0.104,8057
-0.129,7405
-0.127,7054
-0.112,8213
0.0701,3546
-0.0703,7113
0.228,2717
0.23,3330
1.22,254
0.134,1683
-0.222,9246
-1.06,10446
-0.345,8637
-0.0499,5755
-0.142,7855
0.252,1082
0.0691,2485
-0.0615,7532
0.352,1708
0.153,1966
-0.0531,6630
0.00382,5150
-0.183,10133
-0.103,8874
0.121,1729
0.266,602
-0.236,9426
0.0664,2059
-0.0296,7082
-0.0943,8222
-0.157,7072
0.0304,4564
-0.161,8394
-0.208,10320
0.0404,4023
0.178,1665
0.0472,3279
-0.209,10855
0.15,3140
-0.239,10847
0.0804,2661
0.143,1798
-0.106,7868
0.195,2497
0.286,590
-0.312,10955
0.0485,3614
0.0133,5184
0.305,340
-0.209,8101
-0.212,9003
0.0314,4404
-0.191,8802
-0.0888,8752
-0.211,8317
-0.186,8610
-0.00047,5401
0.376,774
-0.237,9935
0.476,361
0.0132,4945
-0.0707,6620
-0.0772,6855
0.000207,5507
0.00254,5269
-0.28,10692
-0.333,10050
0.237,1497
-0.282,9093
-0.12,9351
0.119,952
0.0159,4902
-0.542,10549
-0.149,7945
0.463,681
0.0313,4365
-0.085,7168
0.0431,3956
0.0928,3195
0.133,2073
0.344,1075
0.34,1049
0.305,244
-0.21,10069
0.406,143
-0.365,10408
0.706,612
0.0112,5016
0.0972,3604
-0.0441,7280
-0.424,10626
0.243,2377
0.146,1759
-0.228,9183
0.0849,2312
0.319,2039
-0.0468,6169
0.273,652
-0.327,10832
-0.0518,7880
0.202,788
0.0599,3426
-0.011,5914
0.1,3696
-0.0958,6979
0.366,252
0.336,126
0.0454,4392
-0.0998,7246
-0.131,7800
-0.0531,6227
0.396,92
-0.333,9902
0.472,20
0.136,1127
0.147,1533
-0.163,10737
-0.0226,6527
-0.145,10636
0.0106,5234
0.0494,4464
-0.0618,6067
-0.153,8728
-0.0326,7531
0.0866,3004
0.0773,2068
0.00909,5085
-0.266,9254
0.361,641
0.263,2487
0.0368,4221
0.231,2057
-0.0395,6565
-0.198,10796
-0.136,7136
-0.16,9116
0.0707,3379
0.0667,3650
0.304,850
0.185,3194
0.112,1560
-0.136,10335
0.101,1860
-0.0334,7350
-0.113,8780
0.428,1618
0.831,81
0.0914,2141
0.0253,4614
0.465,1300
0.028,4776
-0.179,9183
0.0238,4647
0.212,568
0.188,2156
-0.228,10369
0.218,1775
0.0649,3282
-0.0995,8440
0.142,1732
-2.87e-05,5363
-0.15,8764
-0.0705,6731
0.282,286
-0.0494,6461
-0.0247,5742
-0.131,8125
-0.422,8965
-0.0914,5921
0.183,1854
-0.0333,6047
0.0289,4828
0.2,738
0.566,1039
-0.127,7679
0.448,301
-0.0781,5987
-0.189,9761
-0.0815,8186
-0.103,7257
-0.143,7518
0.00179,4839
-0.17,8267
-0.0691,8086
-0.132,8502
-0.108,8044
0.0748,3203
-0.0458,7262
-0.203,8340
0.0502,3918
-0.201,10846
-0.159,8556
-0.042,6354
-0.164,9309
0.172,2583
0.12,2014
0.0329,4632
-0.125,7345
0.136,2064
-0.0875,7575
0.124,1454
-0.0107,5525
0.119,1933
-0.0844,6663
0.286,978
-0.132,8109
0.306,492
-0.0439,6830
0.0296,4279
-0.00841,5197
-0.17,9450
0.0732,3561
-0.165,8989
-0.0675,8878
-0.0211,5701
0.147,750
0.102,3420
-0.04,5898
0.289,1617
0.103,2614
-0.187,8086
0.316,1104
-0.132,7454
-0.184,8433
-0.218,10945
-0.015,5660
-0.176,7956
-0.0443,6074
0.202,686
0.345,640
0.0998,612
0.0244,4057
0.0782,2931
0.202,2307
-0.079,7735
0.0773,3306
-0.0502,6906
0.237,375
-0.0222,5751
-0.00381,5457
-0.0813,6325
-0.492,9858
0.281,105
-0.147,7667
0.149,2672
0.168,1969
-0.256,10251
-0.128,8333
-0.043,6185
-0.0401,6493
-0.357,6997
-0.0244,5525
-0.277,8820
0.0622,4081
0.0131,4639
-0.216,9791
-0.0772,7260
-0.108,8555
0.123,1757
0.167,2827
0.031,4269
0.039,3918
-0.0863,8798
-0.0246,5212
-0.0579,6856
-0.159,7092
0.0116,4961
0.0854,2815
-0.117,6757
0.163,1859
-0.211,7034
0.165,2786
0.17,1305
0.0622,3301
0.147,2830
0.161,975
-0.015,5292
0.437,940
0.0865,2526
0.0413,2299
-0.19,8478
0.831,315
-0.0289,5662
0.0727,3140
-0.0447,8039
0.135,2664
0.0821,3154
0.213,426
0.188,2342
-0.0324,5869
0.267,258
-0.0939,7907
0.0409,4396
-0.00443,5276
-0.0679,5884
0.0361,4232
0.26,1057
0.0206,4199
-0.102,6792
0.138,1915
0.0314,4612
0.00142,5382
0.0239,4584
0.109,2309
-0.19,10520
0.115,2026
0.0367,4884
-0.0788,6927
0.211,310
-0.136,9075
0.0758,3285
-0.0163,5217
-0.177,8296
-0.583,10698
-0.0336,5926
0.233,551
0.0731,3029
-0.0421,6284
0.00417,5410
-0.263,9556
0.0897,2265
0.125,1966
0.279,1314
-0.274,10125
-0.0351,5542
0.0769,3579
-0.215,10680
0.161,2378
0.053,4341
-0.0808,7094
-0.0821,6417
0.291,1965
0.0435,4155
-0.0477,7698
-0.538,10641
-0.137,8487
0.0447,4426
0.0194,4899
-0.0907,7513
-0.0176,6264
0.0685,3775
-0.0276,5788
0.102,3318
-0.249,9812
-0.14,9274
-0.395,10125
-0.267,8508
0.0555,4092
0.519,994
-0.0732,6985
0.107,2209
0.242,529
0.0177,4952
-0.366,10908
-0.136,9492
-0.341,10780
-0.117,7900
0.0129,5043
0.0422,4104
0.0916,3723
0.324,227
0.221,1380
0.0684,2871
-0.116,9510
-0.579,10905
0.198,2094
-0.229,8645
0.34,1533
0.211,733
-0.06,7242
0.0292,4677
0.179,1315
-0.244,10251
-0.247,9226
-0.0421,7097
0.045,4094
-0.0311,6195
0.223,2013
0.0326,3889
0.407,1257
-0.134,8041
0.204,1839
-0.202,8674
-0.302,10762
0.198,1447
0.19,3381
0.175,1173
0.248,130
0.257,1402
0.00865,5062
0.322,698
-0.038,6115
0.0729,2038
0.303,21
-0.0636,7099
0.117,2061
-0.375,8727
-0.682,8640
-0.0921,8558
-0.0202,6148
-0.311,9211
-0.144,7486
-0.683,10869
-0.325,10136
0.0944,4135
-0.132,8705
-0.165,8644
0.284,1508
0.233,1830
-0.136,9301
0.0626,3579
0.0647,3641
0.00891,4923
0.27,1431
-0.271,8619
-0.127,9624
-0.243,10341
0.255,865
0.0624,3446
0.0781,2505
-0.253,10353
-0.076,9015
0.14,1096
0.0134,4928
0.013,5083
0.101,2625
0.408,524
0.17,985
-0.0825,8211
-0.226,7438
-0.0989,6356
-0.141,8157
0.108,1600
0.289,2785
0.29,671
-0.129,9385
0.0954,3128
-0.188,8191
-0.102,7215
0.0542,3631
-0.332,10855
0.00616,5172
-0.00838,5679
0.0114,5329
-0.038,6858
0.0774,2628
-0.154,8871
-0.368,9882
0.162,3249
0.194,987
0.104,2517
0.0038,5467
0.0126,5096
-0.244,10395
0.256,679
-0.407,9940
0.601,146
-0.138,9026
0.0812,3525
-0.03,5294
-0.262,9871
0.0759,4158
0.297,2277
0.177,1604
0.00815,4998
-0.0244,6529
0.263,1529
-0.15,8797
0.105,3693
0.00107,5538
0.0243,4566
-0.112,7896
-0.4,9756
-0.03,5926
-0.412,10219
-0.142,7963
-0.203,10336
0.155,2308
0.391,283
-0.214,9851
-0.248,10086
-0.0391,7083
0.271,1053
-0.0594,7239
0.225,841
0.287,742
-0.0843,7700
-0.0877,7706
0.0182,4448
-0.00512,5326
0.167,1363
0.357,1097
-0.0398,6612
0.0187,4877
-0.0753,7286
0.219,2187
0.0214,4952
-0.158,8827
0.0148,5031
0.114,3161
0.135,1235
0.0222,4774
0.0457,4083
-0.154,9440
-0.167,7000
0.0791,3575
-0.267,10479
-0.102,6700
-0.00118,5403
-0.371,10127
-0.113,8493
0.1,2543
0.0133,4710
-0.0795,7754
-0.433,10679
0.147,2623
0.0412,4568
-0.183,9681
0.0372,4282
-0.365,10888
-0.296,10358
0.209,698
-0.193,9269
-0.00488,5779
0.00702,4844
0.246,348
-0.0523,6642
-0.22,10530
-0.522,10196
0.0581,3667
-0.00503,5481
-0.15,9592
0.0723,3831
-0.0982,7098
0.0142,5084
0.0059,5438
-0.0724,7929
-0.0149,5670
0.119,2863
-0.0891,6760
0.185,2428
-0.108,10307
0.306,2418
0.0738,3631
-0.125,7544
-0.308,10679
0.00192,5159
-0.27,11029
-0.205,9852
-0.00553,5525
-0.593,10784
-0.0397,5953
0.0488,4534
0.0177,4922
-0.119,8282
-0.174,7861
-0.0992,7062
-0.0119,5296
0.506,363
0.111,1859
0.0158,4486
-0.208,8637
0.18,1614
-0.0102,5298
0.288,1023
0.189,1258
-0.152,10550
0.112,2393
0.867,1140
-0.122,10187
0.0636,4338
0.0729,2333
0.126,1397
-0.117,7553
-0.133,8644
-0.209,9847
-0.13,7886
0.155,851
-0.301,10413
0.0425,4488
-0.117,8952
-0.193,8814
-0.344,10335
0.271,277
0.138,2005
-0.0411,5725
-0.104,8493
-0.727,10735
0.197,1448
-0.211,9366
-0.345,10912
-0.0436,6143
0.505,502
0.0234,4868
-0.188,8663
0.0362,4065
0.203,287
0.27,718
-0.114,9613
-0.148,6915
-0.238,9761
-0.024,5560
0.247,665
0.395,896
-0.237,10000
0.307,2434
-0.223,9502
0.283,286
-0.0609,6521
0.242,1497
0.0112,4927
-0.208,10144
-0.437,10689
0.0398,3965
-0.179,10766
-0.567,10758
-0.111,7910
-0.012,5489
0.0352,4465
0.116,2265
-0.0703,6851
0.0597,4161
-0.396,10829
0.0456,4475
-0.149,8498
-0.0882,8494
-0.143,10702
-0.0306,5980
0.346,1061
0.0952,3872
0.13,2483
-0.0757,7563
-0.0346,6479
0.0201,4568
-0.209,10794
-0.087,6952
-0.303,8712
-0.118,9544
0.00682,5082
-0.025,6262
-0.00431,5446
0.0881,4160
0.0852,3938
0.00969,5057
0.379,210
0.345,575
0.389,615
-0.0536,5812
0.254,1103
0.106,2546
-0.149,9550
-0.0502,6457
-0.102,6943
0.174,1521
-0.0296,5620
-0.0487,7791
-0.135,9040
0.113,2495
-0.321,10114
-0.545,10750
0.392,705
0.0844,3301
-0.00585,5244
0.283,707
-0.0625,6624
0.0802,3634
0.115,2063
0.0479,4568
0.0411,3964
0.19,1913
0.313,1425
-0.242,7115
0.188,843
-0.105,9428
-0.116,8989
-0.0422,6303
-0.19,8390
-0.921,10995
-0.0243,5715
0.066,3765
-0.00826,5538
-0.261,9683
-0.0429,6381
-0.235,10565
-0.0882,7145
0.0215,4281
-0.0889,8685
-0.00131,5318
-0.0976,7472
-0.126,6586
0.118,3547
-0.113,8793
0.0727,2942
0.232,1728
0.308,628
-0.202,9537
0.23,1181
-0.163,9003
-0.409,11033
-0.0172,6346
-0.0289,5962
0.217,1806
-0.246,8786
-0.121,8836
0.014,4624
-0.281,10143
0.138,2315
-0.176,9629
-0.00936,5958
0.0424,3689
0.0826,3209
0.0759,3954
-0.341,10275
-0.332,9023
0.245,1520
-0.155,9146
-0.01,5688
0.0985,3621
0.185,1722
-0.147,8674
-0.479,10207
0.0796,3011
0.201,1393
-0.147,8865
0.0405,4404
-0.000278,5154
-0.221,7815
-0.0819,9893
-0.364,10287
-0.202,8259
-0.0308,5582
0.0886,3042
0.0412,4130
0.00842,5116
-0.148,9845
-0.197,10157
-0.0435,6181
0.82,508
0.288,673
-0.0224,6210
0.382,1258
0.056,4225
0.0198,4615
-0.0338,5741
-0.0495,8210
0.024,4282
0.067,3823
-0.166,9471
-0.00228,5222
-0.123,7419
0.224,2404
0.113,1874
0.0591,3795
-0.12,6812
-0.5,10660
-0.263,9987
-0.204,7403
0.0962,3205
-0.152,8681
-0.0056,5374
-0.0262,6127
-0.0278,5332
0.0332,4133
-0.105,8529
0.271,825
0.133,3773
-0.347,10500
0.562,893
-0.0235,6031
0.0412,4020
0.169,337
-0.233,10506
0.0224,4710
-0.0344,5764
0.0287,4144
0.048,3458
0.073,2512
0.628,1161
-0.104,8242
-0.203,10742
-0.0311,6194
0.107,2777
-0.131,9489
0.213,1184
0.0458,4194
0.142,2805
0.131,3714
-0.0271,5992
-0.00853,5189
-0.00128,5555
-0.0945,7491
0.00354,5025
-0.28,9983
0.127,1431
-0.182,9210
0.0837,3439
0.1,2410
-0.167,10477
-0.108,8696
-0.0969,7492
0.335,504
0.0981,2815
0.076,2765
-0.0875,7977
-0.0514,5605
-0.0849,7186
0.0478,3634
-0.105,7338
-0.0856,7469
-0.221,9573
0.0689,2897
0.0588,3073
0.00546,5022
-0.223,9973
0.361,970
-0.258,9043
-0.0982,7608
-0.137,8073
-0.0555,6472
0.0874,3713
-0.0855,7248
-0.0276,5894
0.985,38
0.0107,4992
-0.142,9718
-0.0999,8893
-0.0147,5666
0.0978,3358
-0.0175,6639
-0.0571,7630
0.0103,4846
-0.288,9987
0.00644,5237
0.0126,4964
-0.0812,6237
0.0624,1849
0.217,503
-0.247,10613
0.00274,5048
-0.126,6435
-0.23,8821
0.0837,2604
-0.00659,5109
0.0587,3555
-0.0478,6508
-0.0354,6222
0.19,1264
-0.128,9073
0.0626,3344
0.194,1396
-0.142,7942
-0.522,11010
0.158,2464
-0.545,10978
0.0695,3695
0.371,713
-0.0903,7251
0.00774,5072
0.443,30
0.303,55
-0.213,9848
0.62,79
-0.0393,6314
-0.0085,5914
-0.038,5953
-0.0525,6420
-0.00794,5721
-0.0172,6227
-0.0259,5841
0.394,875
-0.0716,8242
0.0227,4388
0.0176,4275
-0.0383,6661
0.0691,2878
0.0366,4511
-0.0038,5533
0.234,1406
-0.213,9428
-0.184,8919
0.0482,4622
0.256,722
-0.251,6804
0.0136,5048
-0.0512,7860
-0.0215,5652
-0.199,9122
0.0149,4896
-0.0836,8613
-0.0799,7505
-0.125,9128
0.0954,3749
-0.221,9321
-0.217,10209
-0.403,10706
0.119,1998
0.0397,4333
0.0692,3287
0.44,313
-0.146,8173
0.363,235
0.018,4324
0.0903,1669
-0.334,10814
0.118,3131
-0.0422,6054
0.289,850
-0.00534,5453
0.0281,4208
0.631,682
0.00662,5123
0.324,545
-0.115,7544
-0.06,7458
-0.0768,7962
-0.0285,5721
0.0099,4902
-0.0469,7498
-0.31,8647
0.0134,4912
-0.19,9709
0.14,1958
0.167,2281
-0.294,9428
-0.0959,8537
-0.204,10390
0.0282,4638
-0.125,7139
-0.105,7291
0.268,2126
-0.017,5898
0.0642,4039
0.0547,3762
-0.274,9647
0.0148,4949
-0.133,7571
-0.13,8869
0.0938,2350
-0.0206,6319
0.131,2426
0.249,1878
-0.26,9692
0.113,2222
-0.212,10026
-0.0637,6781
-0.226,8921
-0.0482,6468
-0.161,7993
-0.303,10582
-0.0903,9145
-0.17,9378
-0.0104,5927
-0.0121,5672
-0.3,10969
-0.111,7944
0.0727,3021
-0.00736,5391
-0.397,10345
0.0322,3730
0.461,361
0.302,280
0.0255,3668
0.065,3264
0.405,460
-0.0987,7568
-0.211,9546
0.0106,4985
-0.0176,6458
0.186,1133
-0.269,9603
-0.0109,5734
0.201,320
-0.0288,6276
0.315,818
-0.0563,6769
-0.156,9177
0.0937,3767
0.288,828
-0.246,9157
0.0755,2695
-0.0883,8339
-0.127,9176
0.23,1716
0.174,1549
0.152,3046
0.042,4293
-0.183,10135
0.303,533
-0.306,8918
0.521,278
-0.45,10771
0.069,3661
0.0711,3316
0.0161,4938
0.0888,3749
0.341,254
0.141,1472
0.219,583
0.0351,4551
0.0135,5122
0.132,3741
-0.107,8097
0.103,2893
-0.0655,6695
-0.0437,7714
0.206,1466
0.189,1442
-0.136,6409
-0.18,8746
-0.0932,9294
-0.019,6530
0.17,2396
-0.0467,6223
-0.0266,6383
-0.205,9421
0.0755,3053
-0.0221,6390
0.0954,2664
0.0455,4357
0.0985,2403
-0.87,11005
-0.237,10372
0.00732,5060
-0.0778,7081
0.273,363
-0.492,10119
0.281,714
0.00849,4817
0.0265,4108
0.122,2349
-0.222,10143
-0.0814,6736
-0.0777,7734
0.0921,3222
-0.127,9960
-0.0754,8193
0.12,2949
-0.0678,5246
-0.0974,7396
0.127,1813
0.0302,4285
0.0729,3203
-0.678,11033
0.0168,4882
-0.0339,6553
-0.0905,9477
-0.091,8549
-0.222,10211
0.0515,4494
-0.027,6502
0.137,3590
-0.0401,6002
-0.462,10995
0.107,3408
-0.0522,6842
0.0116,5149
-0.251,9389
-0.0362,6354
0.0375,4048
-0.095,7852
-0.343,10989
-0.0223,6240
0.0665,3778
-0.0358,6054
0.086,3349
0.384,983
-0.105,6454
-0.189,8538
0.251,2358
0.0485,4055
0.124,2251
-0.122,7288
-0.225,10324
-0.172,8593
-0.125,8046
-0.0706,7340
0.0781,3612
-0.18,9214
0.0264,4440
0.155,2403
-0.263,9289
-0.212,9377
0.326,963
0.189,2374
0.00896,4693
0.166,1587
-0.253,9279
-0.136,9386
-0.16,9610
-0.143,9099
0.0813,3736
0.249,1991
-0.0749,6310
0.079,2758
0.0975,3036
-0.00128,5299
0.0987,2171
-0.162,8435
-0.649,10967
-0.428,10897
-0.15,9778
0.185,2427
-0.268,10096
-0.454,8709
0.373,2554
-0.318,10263
0.0943,3445
-0.163,9372
0.117,3219
0.172,607
-0.117,8760
0.137,1417
-0.138,9761
0.161,1653
-0.0894,7362
0.167,2055
-0.163,7676
-0.086,8289
-0.0301,6300
-0.0201,5350
-0.145,8856
-0.058,6267
-0.00301,5458
-0.0672,7636
0.215,1269
0.177,2474
-0.0373,5673
0.0952,3809
-0.329,10596
-0.055,6964
-0.0529,7345
0.313,1066
0.213,469
0.0823,2773
0.0364,4738
-0.13,9586
-0.0479,6586
-0.0413,6438
-0.0181,6063
0.0602,3641
0.31,1249
0.204,760
0.0539,3279
0.105,3515
0.0201,4704
0.056,4243
0.134,2945
0.0579,3167
0.328,937
0.0482,4505
-0.243,10145
-0.0231,5843
-0.25,9207
-0.264,10654
0.0269,4425
-0.119,8159
0.0584,4171
-0.0169,5616
-0.192,9692
-0.229,10722
0.0816,2731
0.216,2494
0.0033,5159
-0.0694,6998
-0.0138,5870
-0.185,9359
-0.034,6352
-0.104,7757
-0.0174,5904
-0.223,10258
0.134,1600
0.0881,3167
-0.08,7269
-0.517,10962
0.271,928
-0.151,6763
-0.189,10175
0.156,945
0.0939,2025
-0.0025,5351
-0.218,9870
-0.112,8960
-0.0139,6098
-0.0939,9803
-0.132,8172
-0.0332,6123
0.0268,4594
-0.307,9822
-0.0495,6867
0.324,614
0.392,279
0.209,1719
-0.275,10529
0.526,206
0.126,1647
0.124,2684
0.155,1692
0.145,1412
0.0254,4774
0.0926,3689
0.2,1846
0.273,421
-0.103,8078
-0.196,9271
-0.089,7468
0.275,1039
0.0942,2917
0.0593,3876
0.0258,4381
0.156,2412
-0.736,11029
-0.173,8231
0.23,815
0.0955,3072
0.00191,5539
-0.0809,6787
-0.218,9603
-0.232,9993
-0.147,10008
-0.113,8930
0.175,1437
-0.0926,8496
0.017,4844
0.0389,4298
-0.0453,6584
-0.193,10307
-0.0417,6226
-0.245,9820
-0.0306,6395
0.131,2357
0.242,471
0.185,460
0.0271,5009
0.0934,3418
-0.858,10362
-0.0371,6506
-0.207,10183
-0.132,6717
0.502,1324
-0.129,8772
-0.108,7864
0.11,2359
0.0694,2271
-0.159,8356
0.154,2466
0.423,930
-0.222,9325
-0.309,10873
-0.202,8991
0.0293,4627
0.0339,4371
0.239,1563
0.328,808
0.173,1564
0.0157,4388
0.335,1840
-0.134,7810
0.103,3630
-0.0196,5817
-0.00188,5354
0.106,3412
0.181,1696
-0.0748,8756
-0.518,8370
-0.00827,5598
0.0637,3059
0.158,945
-0.211,10461
-0.147,7675
0.267,1018
-0.189,6838
-0.114,10220
0.0328,4451
0.498,277
0.0938,3216
0.26,2157
-0.00311,5554
-0.0536,7193
-0.0717,6875
0.298,1463
0.269,929
-0.499,9946
0.671,233
-0.0671,7750
0.266,1147
-0.229,9481
0.173,1629
-0.0297,6596
-0.067,6818
-0.0373,6283
0.134,2089
-0.0351,6075
-0.268,10164
-0.0924,6464
-0.179,8492
-0.0861,8722
0.0194,4697
-0.145,9794
-0.188,8839
0.249,1472
-0.0838,7504
0.00971,4818
-0.11,9133
-0.0345,6125
-0.0742,6644
-0.174,9037
-0.0167,6089
-0.235,10061
-0.0698,7851
0.0144,4807
0.0463,4342
-0.0713,6478
0.00581,5151
-0.0459,9047
0.135,1794
0.000164,5463
0.21,2927
0.102,2128
-0.0141,5266
-0.0252,6435
0.166,480
-0.128,7737
-0.125,7764
-0.0996,6944
0.0164,4868
-0.108,8945
0.235,929
0.00408,5426
0.0893,2645
-0.123,8006
0.254,908
-0.00139,5279
0.168,1152
0.081,3317
0.0669,3492
0.0392,4154
-0.0432,5802
-0.165,10447
0.18,836
0.502,323
0.136,2696
-0.131,7786
0.102,2246
-0.364,10967
0.0727,3943
-0.0234,6881
0.0462,3656
-0.0464,5653
0.219,1281
-0.146,9235
-0.383,11008
-0.1,8548
-0.111,8697
0.0125,4843
0.0435,4349
-0.0112,5556
0.062,3204
0.0771,3754
-0.204,9813
-0.00185,5107
0.297,506
0.0196,4903
-0.103,8815
-0.215,10186
0.243,2003
0.307,2377
0.159,1873
0.0938,1830
-0.0612,8436
0.197,1948
0.136,2333
-0.26,8381
0.287,701
0.26,332
-0.0271,5742
-0.119,8956
0.281,667
-0.279,9310
-0.0247,6247
0.137,1714
-0.219,10814
0.0361,4504
-0.182,9213
0.231,1191
0.00185,5094
0.167,1703
0.07,2710
-0.0333,6608
0.566,62
-0.0893,8073
-0.284,11016
0.0308,3770
0.477,428
-0.0943,8131
0.0717,2504
-0.262,9283
-0.172,9022
0.0896,2404
0.17,1150
-0.109,7826
-0.189,10432
-0.187,9031
-0.191,8753
-0.105,9839
-0.161,9863
0.165,3156
0.125,2858
-0.0669,7242
0.166,2719
0.365,392
0.0154,4659
0.486,45
-0.451,10909
-0.0267,6470
0.153,2485
0.113,2829
0.326,318
-0.597,11007
0.0531,3652
-0.146,8262
0.0108,4931
0.0372,3808
0.55,147
-0.123,8320
0.000115,5508
-0.204,9856
0.102,2997
-0.0575,7789
-0.112,9759
-0.112,7011
0.413,149
0.34,1793
-0.29,8785
-0.11,10051
0.0193,4045
0.283,1038
-0.139,7491
0.124,1410
0.204,1868
-0.129,8869
0.168,438
0.157,1394
-0.248,10721
0.231,1464
-0.185,7898
0.101,1689
-0.0407,7181
0.085,3182
0.134,2498
0.286,784
-0.103,6427
0.155,1964
0.253,1029
-0.0627,7448
-0.145,8875
-0.127,9375
0.243,1017
-0.101,8641
0.0269,4505
0.0739,3628
0.0138,4878
-0.0197,5832
0.0314,4539
-0.202,9007
-0.152,8651
-0.238,8606
-0.17,9316
-0.205,10580
-0.136,8925
0.016,4892
0.195,1857
0.0132,4688
0.255,1212
0.117,2061
-0.146,9344
-0.101,6544
-0.0748,7098
-0.226,10233
-0.264,10046
0.0766,2447
-0.156,10162
-0.0061,5606
-0.104,7662
0.17,2539
-0.0152,6277
0.0886,2465
-0.134,7977
0.416,342
-0.116,8255
0.115,1822
0.184,413
-0.114,8428
-0.372,10732
0.358,244
-0.114,7894
-0.0727,8333
-0.193,10765
0.155,1715
0.367,62
0.0538,3554
-0.703,10030
0.135,1124
0.0627,3405
0.186,250
-0.136,7928
0.0731,3066
0.224,875
0.312,294
0.0692,3543
-0.0829,7264
0.396,2246
0.0704,4049
0.0449,4112
0.22,985
0.209,2065
-0.128,7629
-0.0721,7101
-0.122,9289
-0.143,8756
-0.0141,6136
0.085,1632
0.0329,4008
-0.0568,6936
0.0768,2463
0.227,1179
0.295,1641
-0.228,10412
-0.183,10290
0.197,1249
-0.0341,6167
0.151,2461
0.598,115
0.146,572
-0.242,9718
0.0615,3626
-0.0183,5933
-0.441,10998
0.0726,3377
0.0477,3406
0.0822,2493
0.00119,5397
0.078,3313
0.169,2139
-0.285,9011
0.136,2517
-0.0488,7754
-0.0806,6586
0.306,1367
-0.225,8817
-0.08,6599
0.037,4325
-0.0246,5978
-0.156,9652
-0.158,9392
-0.0121,5853
-0.128,8663
-0.142,9632
0.0521,3630
0.0778,4599
0.224,2636
0.000913,5117
0.0345,4582
-0.0744,6872
0.0789,2641
0.198,1105
0.0687,3591
0.0806,3316
-0.0714,6752
0.29,552
0.0127,5040
0.0521,4350
0.0813,3010
-0.0836,8097
0.0416,4450
-0.0453,5995
0.109,3126
0.261,1540
0.033,3895
-0.0683,7937
0.252,1104
0.0283,4613
-0.338,9447
-0.0761,8383
-0.0843,8304
-0.114,9025
0.343,763
-0.173,9128
0.0439,4381
0.161,2102
-0.000894,5496
0.062,3000
0.0963,1726
-0.16,9347
0.0904,3430
-0.541,10914
0.0261,4521
0.146,2721
-0.192,9630
-0.202,9438
-1.57,10991
-0.113,6179
-0.0924,8273
0.0365,4830
0.131,3637
0.224,1752
-0.504,10633
-0.094,8125
-0.156,9858
0.126,2248
0.195,1322
-0.0233,5387
-0.438,10829
0.309,760
-0.0295,6432
0.0517,2694
0.0567,4223
0.111,2513
0.0558,3540
-0.0734,7606
0.0742,3301
0.0492,3811
-0.0909,7033
-0.211,8375
-0.0647,6930
0.149,2600
-0.0365,6915
0.216,747
-0.226,8213
0.0988,3608
-0.0746,7765
-0.149,7196
0.0175,4775
0.118,2574
0.312,171
-0.0637,7715
0.0329,4156
-0.024,6057
0.17,1348
0.0699,3565
0.0564,4019
0.22,688
-0.312,10061
0.524,1499
0.35,124
-0.00702,5577
-0.14,8952
-0.343,10619
-0.0566,6955
0.0181,4780
0.113,2105
0.0544,3380
0.15,1226
0.3,1661
0.308,1895
0.306,1314
0.0533,3520
-0.0624,7290
0.238,279
0.105,3101
0.25,534
0.035,4726
-0.0706,8276
0.081,3586
-0.291,10315
0.0416,4226
0.0914,2572
0.0681,4159
-0.0525,6651
-0.161,9286
-0.0595,7650
-0.137,7037
0.093,3335
-0.111,8031
-0.0373,6672
0.0731,3417
-0.11,7380
-0.0148,5868
0.304,602
-0.121,8918
-0.107,9223
-0.0628,7265
0.00294,5282
-0.181,6979
-0.102,6734
-0.0431,6051
-0.0261,6270
-0.0524,6837
-0.0546,7134
-0.0205,5686
0.0749,3310
-0.198,8056
-0.0544,8650
0.166,1453
-0.533,10507
-0.0461,6720
-0.039,5457
-0.06,5970
0.0426,3434
0.0384,4392
-0.341,10445
-0.17,7120
0.419,1111
-0.0883,8294
0.0525,3071
-0.0775,7233
0.0874,3574
0.0848,3362
0.0604,4183
0.213,2261
-0.174,9287
0.0459,3647
-0.225,9966
0.011,4886
0.152,2207
-0.324,10811
-0.135,9271
-0.0953,7361
0.297,840
0.0123,4923
0.451,1483
-0.202,10152
-0.255,9871
0.435,521
0.0533,4119
0.0632,3181
-0.344,7306
-0.187,9036
0.0202,4616
-0.0779,9598
-0.045,6541
0.238,1961
-0.885,10441
-0.361,10621
-0.0695,8030
-0.121,10214
-0.125,6661
-0.0841,6218
0.0392,4733
-0.0983,7675
0.0235,4530
0.115,2189
0.0585,3396
0.201,513
-0.052,6592
0.192,1843
-0.0795,8146
0.133,3035
0.0278,4603
0.169,1971
0.134,2220
-0.15,7008
-0.0603,7148
-0.0415,6339
0.00978,4868
0.0185,4780
0.0824,3055
-0.0594,6734
-0.00269,5495
0.0303,4639
-0.565,10933
0.203,800
0.126,2894
-0.0125,5308
0.114,1826
0.071,3239
0.00892,5216
-0.00626,5701
-0.226,9286
-0.0223,4357
-0.096,7853
0.134,1383
-0.137,6329
0.237,1155
0.0899,2988
0.221,1501
0.192,1746
0.0734,2664
-0.363,10855
-0.0268,5617
0.0224,4442
-0.0442,6308
0.161,1427
-0.143,10221
-0.216,9499
-0.42,9221
-0.203,9189
0.0787,3145
0.106,2308
0.318,1507
0.128,1748
0.318,864
0.0653,4001
-0.0557,5932
0.122,2418
0.161,605
-0.068,6866
-0.0301,6263
-0.0848,7415
-0.418,8616
0.00475,5397
-0.105,9561
0.439,362
0.218,526
-0.153,5526
0.0115,5278
-0.219,10845
0.102,1965
0.202,967
0.132,3359
0.0383,4409
-0.253,8643
0.0397,3988
0.296,781
0.214,2597
-0.0376,6575
-0.207,6941
0.382,193
-0.02,6124
0.316,989
-0.244,9818
-0.0959,9231
-0.183,9416
0.521,1337
-0.0394,6090
-0.23,10208
-0.102,8612
0.139,1528
-0.236,9472
-0.102,8006
0.112,3036
0.0394,3801
-0.0464,6425
-0.147,9251
0.585,1276
0.423,225
0.0282,4450
-0.115,8454
-0.165,8986
0.119,1728
-0.481,8831
-0.0308,6546
0.099,2747
0.246,1659
-0.576,10866
0.00922,5222
-0.758,10845
-0.0809,7486
-0.0833,6227
-0.174,9166
0.0919,3825
-0.0383,6581
0.189,1453
-0.0827,9167
0.0352,4078
-0.12,8749
0.0791,3024
0.113,1702
-0.13,7796
0.179,1617
-0.112,8685
0.0326,4527
-0.193,7883
0.0189,4491
0.0785,3826
0.124,3006
0.386,1527
0.136,1868
-0.415,10982
0.218,304
0.144,2519
-0.342,9716
-0.0343,6726
0.244,2164
0.452,299
-0.0908,7447
0.179,1929
-0.0482,6550
0.089,1909
-0.0805,8458
-0.257,9689
-0.00724,5292
-0.133,6959
-0.268,9394
-0.00224,5240
-0.0892,9044
0.453,1618
0.0877,3168
0.129,2298
-0.192,10379
-0.0736,7101
-0.0929,9212
0.217,1780
0.0549,4252
-0.124,6074
-0.0264,6281
0.103,2584
-0.0937,9649
-0.367,9465
-0.114,9300
2.04,787
0.0648,4207
-0.0345,6004
-0.0706,6597
0.113,2645
-0.216,9532
0.0885,3688
-0.119,7793
0.0802,2899
-0.188,10172
-0.0968,8561
-0.0147,5574
-0.278,10342
-0.137,9076
-0.121,10183
-0.123,8086
0.408,85
-0.0606,5908
-0.0349,5457
0.156,1045
0.277,159
0.0554,3425
0.0299,4467
0.0107,5069
0.063,3838
0.298,1889
0.0384,3855
0.124,2409
0.211,1279
-0.037,7465
-0.349,9595
0.253,3122
0.04,4290
0.176,2322
-0.063,6953
0.0473,4336
-0.0671,7201
-0.057,6499
-0.113,8872
0.324,582
-0.307,9984
-0.228,10238
-0.225,8193
-0.329,10846
-0.186,10579
-0.137,9581
-0.244,8544
-0.176,10423
-0.306,9767
-0.302,9937
-0.0864,8904
-0.149,9827
-0.585,11006
0.0792,3439
-0.0803,6270
-0.159,8310
-0.33,10344
-0.0473,6820
-0.242,10303
-0.315,10362
-0.151,7327
-0.251,8452
-0.29,9812
-0.101,10090
-0.085,6343
0.0517,3912
0.352,1210
0.096,2502
-0.19,10338
-0.235,10275
-0.00158,4772
-0.228,9317
0.875,1709
0.156,3164
-0.0716,7443
0.112,2104
-0.468,10966
-0.0381,5739
-0.484,10882
0.461,672
0.00488,5264
0.134,1421
-0.078,7229
-0.254,8437
0.199,1809
0.0573,3790
0.178,1202
-0.0286,7075
0.0825,3361
0.297,1516
-0.00651,5735
-0.00594,5713
0.318,108
-0.093,8730
0.207,1577
-0.081,7093
0.1,2964
-0.126,7628
-0.365,11020
0.133,2018
-0.121,8215
0.0604,4314
-0.0397,5545
0.0907,3209
0.0805,2973
-0.0564,7191
-0.0615,6579
-0.0378,6578
0.229,2554
-0.387,10121
-0.0912,7769
0.164,1685
0.139,3482
0.0821,3779
0.129,2812
-0.0361,6774
0.254,1263
0.289,1016
0.384,2429
-0.015,5882
-0.00232,5227
0.0505,4302
-0.121,8096
0.162,2533
-0.0102,5396
0.325,1253
0.0559,2978
0.0194,4654
-0.0188,6071
0.0339,4149
0.0337,4407
-0.394,10109
-0.251,9382
0.125,3443
0.056,3466
-0.154,9249
0.0375,4215
0.191,2886
0.0702,3172
0.0787,3792
-0.306,10702
-0.0812,5791
0.0552,3806
-0.118,6703
-0.264,8496
-0.232,8724
0.0027,5251
-0.0446,7147
0.173,648
0.00709,4777
-0.047,5714
0.128,2444
-0.0365,6059
0.0574,3890
-0.102,7586
-0.108,8670
0.226,2064
-0.256,9191
-0.147,10754
0.245,264
-0.379,10837
-0.134,9034
0.951,558
0.174,2339
0.0544,3184
0.0351,4483
-0.0153,5618
0.115,2952
0.0204,4913
-0.445,10713
-0.0702,6973
-0.199,8255
-0.0328,5994
-0.164,8766
0.0256,4108
-0.225,10437
0.0375,4520
-0.356,10952
-0.303,10590
0.141,2097
-0.345,8228
-0.166,10710
-0.192,9202
-0.0513,6768
-0.0824,7736
0.0595,3955
0.0674,3580
-0.305,8576
0.162,1124
-0.0135,5991
0.0736,3339
0.229,676
-0.0909,8119
-0.655,10927
-0.0921,8216
-0.198,9753
0.0905,3151
0.104,2875
-0.0553,5295
0.236,1491
0.0616,3174
0.0555,3904
0.0888,4092
-0.133,8033
-0.0923,7660
0.106,2364
-0.0708,7198
-0.0335,6723
0.204,1314
0.182,3325
-0.232,8232
0.103,2623
-0.0841,9001
0.141,1790
-0.0706,7552
-0.0938,7930
-0.109,8618
0.0912,3503
-0.0273,6041
-0.134,9290
0.369,1188
-0.13,7836
0.0659,3662
-0.114,7362
0.00503,5237
-0.0573,6651
-0.176,9435
0.315,2477
0.301,616
-0.289,10753
-0.144,7428
-0.143,9574
-0.0843,8019
0.383,967
0.218,1774
-0.132,7430
0.0329,4192
-0.0487,7281
0.163,3093
0.0166,4867
0.0434,4299
0.0161,4795
0.014,4783
0.0543,3001
-0.598,10995
0.316,377
0.511,1939
0.0609,3136
0.0703,3524
0.116,2675
-0.236,8264
0.0829,3170
0.00379,5037
-0.176,9183
0.149,903
-0.276,10794
0.0888,3965
-0.139,7720
0.185,2558
0.0153,4949
0.109,1861
0.0836,2859
-0.153,8336
0.348,418
0.0797,3773
-0.0701,6560
0.199,1119
0.0399,3737
0.0814,3640
-0.339,9091
-0.0667,7618
0.135,1090
-0.0905,7820
-0.0416,5474
-0.0927,8593
-0.0942,9259
-0.271,10373
-0.0204,6819
-0.0845,7757
0.0717,2467
0.0319,4091
-0.0957,8143
0.32,403
0.0266,4562
-0.326,10705
0.00724,4925
-0.00836,5481
-0.0916,7086
0.067,3298
-0.308,9611
0.0161,4820
0.468,1615
-0.0804,6218
0.0824,2787
0.0771,4437
0.338,437
0.0757,2662
-0.303,10821
0.0121,5008
0.0317,4299
0.122,2426
0.268,2609
-0.0704,8561
0.178,1535
-0.131,8473
-0.0371,6082
0.438,1098
0.222,2278
0.0145,4670
0.305,634
0.106,2206
-0.00107,5485
-0.143,9065
-0.194,8875
-0.0158,6338
-0.142,9989
0.109,3437
0.332,821
-0.305,9957
0.196,1359
0.151,1164
-0.142,9207
0.0808,3589
0.066,3755
-0.31,7970
-0.0332,6310
0.176,694
-0.00465,5517
-0.04,6182
-0.273,10398
-0.064,6786
-0.0736,6328
-0.104,7988
0.281,125
-0.107,7443
0.214,2533
0.344,2101
-0.0575,7050
-0.14,8458
-0.503,11009
-0.292,9841
0.103,2845
-0.158,9149
-0.283,7772
0.0787,3689
-0.0727,8046
-0.0783,7413
-0.2,10067
0.0184,4800
0.157,1911
0.205,958
0.187,2155
-0.429,10935
-0.251,8151
0.0758,2701
0.133,919
-0.0394,6497
-0.0524,6844
-0.167,9452
-0.145,8496
0.000555,5116
-0.176,9710
0.0564,3478
-0.253,8795
1.05,1010
0.0203,4677
0.0847,2093
-0.127,8417
-0.185,10802
-0.295,9228
0.0718,3701
0.123,2578
-0.184,10920
-0.678,9454
-0.145,7235
0.148,2742
0.00733,5161
0.0952,2329
0.0545,3504
-0.374,10841
0.401,683
-0.473,9148
-0.0479,6941
-0.163,10423
0.177,178
-0.249,10626
-0.0871,6933
-0.011,5554
0.337,990
-0.00572,5772
0.234,158
-0.401,10275
0.098,2175
-0.0647,5226
-0.222,10234
0.0238,4590
0.173,2239
-0.189,8545
0.227,1152
-0.545,11034
0.0148,4937
0.00343,5278
-0.522,10804
0.0863,3619
-0.0105,5504
0.201,2329
0.186,1175
-0.0559,7163
-0.105,8917
-0.132,8984
0.229,2062
0.545,393
0.011,4917
0.0678,3199
-0.126,9406
0.608,945
-0.0811,6517
-0.123,8161
-0.00999,5424
-0.287,10374
-0.2,10274
-0.0033,5328
-0.203,8128
-0.538,10843
-0.221,9732
0.0368,2888
0.0534,3816
0.162,1635
0.254,1523
0.29,970
0.044,4109
0.072,3594
-0.114,7833
-0.00274,5403
0.19,2210
0.402,244
0.143,3544
-0.00824,5554
-0.138,8690
-0.109,7807
0.0953,2549
0.0129,5125
-0.0124,5793
0.0491,3578
-0.0648,7624
-0.0562,7135
0.0504,4191
-0.32,10240
0.262,2789
-0.0189,6225
0.0476,4051
-0.543,10948
0.215,1723
-0.125,6229
0.271,1083
0.00352,5175
-0.0526,6399
-0.167,9741
-0.0522,7073
-0.132,8051
0.206,1830
0.135,1938
-0.0492,7147
0.169,3202
-0.177,9242
-0.243,9074
-0.0662,6721
0.0106,4942
0.178,1503
-0.148,10393
0.0162,4759
-0.0695,8165
0.264,257
-0.101,9228
-0.0968,8620
-0.239,9039
0.111,3745
0.015,4677
-0.408,10543
0.0731,3218
-0.239,10599
-0.0626,7469
0.232,1507
0.0252,4812
0.00161,5283
0.1,1737
0.0699,3300
0.0816,3628
0.145,2698
0.0821,3400
0.0394,4640
0.212,1589
0.17,1313
-0.373,10072
0.294,1369
-0.00493,5052
0.00275,5274
0.0252,4733
-0.114,9596
0.292,838
-0.0543,6510
0.251,759
-0.0298,6230
-0.00487,5539
-0.012,5883
-0.23,9346
-0.161,8844
-0.197,7934
-0.0723,7653
-0.0106,5800
0.00898,5189
-0.0146,5918
0.213,579
-0.0325,5912
0.381,907
-0.21,8951
-0.112,8203
-0.0694,7507
-0.2,9492
0.166,2275
-0.0925,7499
-0.0671,6041
-0.16,10599
0.231,1904
0.206,2076
0.125,2130
0.106,3190
-0.0838,6379
0.000106,5386
0.0048,4903
0.0211,5033
0.0749,3293
0.197,1257
0.00639,5311
0.0651,3088
-0.0282,6349
0.207,2457
0.264,1351
0.887,396
0.346,220
0.0815,3196
-0.114,8781
0.0324,4509
0.107,2223
0.0351,4652
-0.143,7100
-0.0307,5879
0.0419,4313
-0.025,5713
-0.201,9826
-0.245,9197
-0.7,10939
0.141,1978
0.316,31
-0.0153,5823
-0.141,8749
0.082,3137
-0.0225,5831
0.311,1750
-0.0185,6092
-0.0731,7641
-0.0325,6284
-0.0671,6783
0.123,2437
-0.0479,8197
-0.0628,6664
0.164,763
-0.00666,5464
0.242,561
-0.258,10185
-0.361,9749
0.107,1659
0.0892,2977
0.0133,5231
0.0817,3911
0.15,2664
0.377,1150
0.296,785
-0.0134,5932
-0.283,10125
-0.24,10144
0.179,1639
0.158,2500
-0.0134,5550
-0.0193,5777
-0.049,6265
-0.128,7826
0.184,1429
0.152,3394
-0.0509,7368
-0.074,8190
-0.154,7501
0.0927,3429
-0.225,7128
-0.593,10485
0.0446,3698
0.325,422
0.23,1642
0.0313,4218
0.0932,3562
-0.136,7066
-0.0414,7073
-0.108,8136
0.0294,4436
-0.523,10946
-0.194,10039
-0.162,6754
-0.0336,7128
0.206,645
0.158,2919
-0.0924,7611
0.131,1903
-0.198,8019
0.183,325
0.0648,2557
0.0244,4580
0.118,1710
-0.274,10211
-0.234,9421
0.323,1302
-0.00826,5214
-0.264,9426
-0.182,8475
0.355,1938
-0.0686,6979
0.235,581
0.0863,2343
0.314,2641
-0.0364,5883
-0.0654,6104
0.182,455
0.0731,1924
-0.283,11003
0.0689,3658
-0.312,10126
-0.321,9215
0.0489,4095
-0.179,9859
-0.168,8613
0.172,2919
-0.00368,5270
-0.194,7901
0.276,1062
0.281,752
0.0148,4442
-0.0538,6330
0.753,1321
-0.141,8720
0.168,1638
-0.11,9187
-0.000347,5397
0.249,2702
0.24,748
-0.0624,6280
-0.0376,6037
0.188,1981
0.0954,2051
-0.123,7995
0.0284,4263
-0.458,10956
0.0195,4614
-0.0264,6579
0.0947,3150
0.168,2291
0.136,3016
0.548,137
0.297,2147
-0.204,6361
-0.0437,7478
-0.276,9696
-0.00999,5495
0.16,1848
0.147,2916
0.0473,4079
-0.109,7524
0.0719,3992
-0.0225,5944
0.128,2789
-0.176,9777
-0.122,8773
-0.153,9911
0.0576,4272
-0.0101,5449
0.118,2689
-0.153,7880
0.199,1525
0.206,986
0.1,3190
0.403,562
0.533,1508
-0.32,9296
-0.284,10554
-0.318,9810
-0.16,9474
0.207,809
0.0313,4836
-0.0262,5722
0.0606,3502
-0.0916,8399
0.0725,3555
0.112,2925
0.179,2178
0.0625,3917
-0.164,10136
0.0458,4180
-0.294,9654
-0.045,6750
-0.0631,7159
-0.309,10083
0.0395,2882
0.263,1009
0.00986,5118
-0.299,10500
-0.266,9873
0.0502,4452
0.248,662
0.28,30
-0.266,10568
0.12,1624
0.0267,4859
-0.0115,5269
0.0206,4996
-0.107,7722
0.056,3825
0.0107,5026
-0.21,7964
-0.148,7836
0.0792,4188
0.04,4596
0.0519,4356
-0.0381,6172
-0.077,7448
-0.0436,6399
-0.0933,8719
0.114,1901
-0.374,10567
-0.247,9065
-0.0549,6384
-0.112,7335
0.103,3003
0.0781,1884
-0.0545,6805
-0.00999,5679
0.384,1607
-0.188,9050
-0.206,10352
0.0388,4249
-0.0795,7303
0.35,440
0.259,1897
-0.212,10140
0.167,1030
0.0236,4163
0.173,2572
-0.047,6364
0.452,235
0.0931,3786
-0.328,10549
0.019,4777
0.0655,3667
0.117,3893
0.0816,4196
-0.251,9349
0.0339,4310
-0.149,8403
-0.143,8163
-0.0315,6385
0.119,2351
-0.151,8849
-0.0949,8364
0.0565,2848
-0.0356,5797
-0.00595,5239
0.397,1026
0.138,3064
0.0387,4016
0.315,526
-0.0381,6260
-0.235,10005
-0.0557,7646
0.0692,3963
0.0287,4485
-0.206,9002
0.242,814
-0.126,9181
-0.072,7278
0.228,2683
-0.23,10420
-0.212,8218
-0.0822,7451
-0.199,10028
-0.392,10909
0.188,2150
-0.129,8788
-0.00336,5573
-0.0314,6399
-0.113,7132
0.041,4565
-0.00123,5677
-0.00773,5705
-0.0285,5924
-0.331,10674
-0.0772,7476
-0.226,8475
0.161,2426
0.0688,2673
0.0957,2441
-0.0778,6586
0.0114,5036
-0.147,8353
0.0658,2821
0.0269,3939
-0.0357,7192
0.696,1267
0.0089,4502
-0.186,10765
-0.211,10179
-0.342,11009
-0.0135,5719
-0.42,8982
0.373,1241
0.172,2247
0.175,2209
-0.0594,7864
0.112,2445
-0.0367,6241
0.279,2239
0.191,3078
0.158,1548
0.22,1202
0.19,1561
-0.00524,5763
-0.518,11006
-0.114,7942
0.00668,4896
-0.00328,5729
0.0118,4867
-0.0617,7074
-0.262,9086
-0.502,10377
-0.00727,5941
-0.269,10420
-0.0887,8109
0.0399,4379
0.182,1417
0.0367,4205
0.0682,3301
0.0907,3707
0.282,694
-0.118,9071
-0.613,10828
0.12,3130
0.0536,3694
0.0212,4458
0.0311,4576
0.237,1418
0.0891,3185
-0.0408,6728
-0.02,5962
0.0636,2869
0.162,2869
0.202,2015
-0.193,8405
0.149,1761
-0.0841,9659
0.172,1327
-0.06,6873
-0.109,9400
-0.16,9805
0.187,1967
0.0355,4191
0.0219,4897
0.000233,5439
-0.0266,5803
0.269,986
-0.00672,5521
-0.116,7132
-0.178,9364
-0.22,10840
0.0678,3479
-0.0247,5986
0.103,3778
0.285,182
0.216,2582
-0.0824,8099
0.473,234
0.0302,4808
0.0971,3252
0.115,2405
-0.0985,8839
-0.0674,7408
0.338,1668
-0.174,7357
-0.0392,5535
-0.129,8600
0.117,2240
0.279,1142
0.0612,3957
0.158,1670
-0.12,7444
0.0652,2659
-0.634,11032
-0.0215,5457
-0.164,10430
0.0377,4339
0.174,2081
0.0548,3957
0.0692,3170
0.14,2435
0.0915,3472
0.389,1362
-0.21,9619
-0.118,9442
0.0802,3475
-0.0474,6650
-0.0969,6651
-0.458,9227
0.479,1547
-0.0659,8376
-0.157,7167
-0.318,10694
-0.0508,6480
0.56,246
-0.722,9748
-0.154,9844
-0.827,10810
0.206,2533
0.00903,4762
-0.105,6996
0.268,1416
0.189,685
-0.4,10880
0.0805,2940
-0.252,9624
0.408,106
-0.174,9975
0.0212,4458
0.061,3349
-0.251,9242
-0.0346,6079
-0.0681,6524
0.07,3718
-0.153,9062
-0.0197,5898
-0.0484,6733
0.318,763
-0.0705,7025
-0.087,7260
0.087,2270
-0.102,8041
-0.078,7629
0.119,1730
-0.0181,5316
0.0806,3904
-0.0255,6189
0.0808,3035
-0.12,8392
-0.0975,7877
0.0263,4305
-0.716,10951
0.206,447
-0.0675,8311
0.304,271
0.214,2106
-0.175,8755
-0.0955,6815
0.387,90
-0.0809,7869
-0.218,9650
0.211,2028
0.0526,3974
0.344,1236
0.218,1023
0.217,209
-0.0357,5789
0.373,654
0.482,1059
-0.173,8139
0.0619,3130
0.0202,4684
0.287,1879
-0.177,10000
0.0966,3255
0.0898,2820
-0.229,10437
0.0216,4491
-0.518,11030
0.0553,4143
0.495,641
0.112,3193
0.093,2989
-0.00223,5409
0.102,1748
-0.000524,5256
0.0118,5080
0.0625,3232
-0.301,9576
-0.0724,7630
-0.0569,7543
-0.087,7343
-0.0513,7516
-0.115,8118
0.0984,2778
-0.042,6479
0.276,1625
0.0736,3193
-0.0063,5122
-0.413,10779
-0.137,10237
0.0563,3287
-0.253,10647
0.104,2731
-0.0338,6737
-0.104,6862
-0.167,9779
-0.128,9340
-0.0444,6003
0.354,701
0.242,695
-0.00852,5520
0.201,1392
0.0998,1582
0.139,1771
-0.0472,6664
-0.352,9409
-0.15,9493
-0.187,10684
0.134,2617
0.449,278
-0.055,6997
-0.0758,6653
0.127,2519
-0.0455,6791
0.128,468
-0.0202,6063
-0.0388,7012
-0.166,8535
-0.108,7584
0.151,1544
-0.00958,6034
0.803,30
0.346,645
0.871,37
0.193,3373
-0.0521,6850
0.0708,3539
0.583,190
0.0594,2879
0.0742,3295
0.0669,3501
-0.117,7680
-0.126,9285
0.109,3331
-0.209,10216
0.0453,4427
-1.38,10892
1.01,32
0.0865,3149
0.0247,4663
0.103,2908
0.152,3299
-0.369,10341
-0.162,9496
-0.00703,5662
-0.481,10926
0.111,3753
0.238,1063
0.192,1988
0.00356,5384
0.257,389
-0.281,10777
-0.291,9419
-0.136,8087
0.171,3207
0.0777,2849
0.156,1278
-0.669,10949
-0.0234,5536
0.406,929
-0.387,10176
0.267,595
-0.00464,5731
0.261,388
-0.0161,5773
-0.431,10966
0.407,1029
-0.082,7422
0.0272,4814
0.559,370
-0.0314,5965
0.0671,3849
-0.0588,7015
0.0684,3847
0.05,3218
0.0303,4387
0.0413,4149
0.257,1047
-0.315,9883
-0.0686,7719
0.0587,2654
-0.105,8417
0.519,508
-0.447,10888
-0.0227,5412
-0.103,10383
-0.219,10639
0.277,927
0.0816,3322
-0.357,10753
-0.17,8300
0.0134,4916
0.0908,2768
0.0504,3795
0.0227,4372
-0.102,7522
0.263,522
-0.0196,5947
0.189,1185
0.0109,5080
-0.157,7172
-0.0929,7148
-0.129,9877
0.0309,4275
-0.454,10907
0.173,3016
-0.129,7615
-0.506,10625
0.141,3123
0.0691,3544
0.0513,3751
-0.134,8178
0.00657,5378
0.203,3294
0.112,2924
-0.023,5526
-0.0266,6114
-0.0391,6477
0.285,502
-0.214,8101
0.0653,2608
-0.0354,7071
0.0598,3302
0.308,80
0.252,1552
-0.568,10913
-0.499,10770
-0.053,7237
-0.0111,5590
0.118,3379
-0.371,10811
0.232,1793
-0.328,10847
-0.531,11000
0.023,4408
-0.182,9805
0.0432,4412
-0.209,9046
0.0893,3350
0.132,774
0.0328,4167
0.133,2982
-0.201,9740
-0.0714,8846
-0.209,8591
-0.158,9755
0.0276,4332
-0.208,9952
0.533,616
0.305,1635
-0.00435,5722
0.0426,4002
-0.193,10690
-0.105,9529
-0.283,10788
0.00647,5001
0.043,4487
-0.232,9979
0.00435,5167
-0.0625,6808
-0.0709,8213
-0.0506,6842
-0.0206,6286
0.02,3923
-0.034,6470
-0.409,10969
-0.0117,5730
0.3,1790
0.0693,4254
-0.12,7928
-0.102,8510
-0.0319,5738
0.315,1195
-0.051,7430
-0.301,8466
-0.0461,5773
0.148,1115
-0.0922,8448
0.0601,3857
0.316,664
-0.0715,6009
-0.177,10896
0.173,1553
0.129,2224
-0.0284,5775
0.164,2053
-0.269,8885
0.495,192
-0.00724,5765
2.78e-16,497
