coef,rank
-0.219,8507
-0.051,6561
0.153,1221
0.00836,4936
-0.635,8301
0.978,663
-0.226,7509
0.113,2646
0.145,1148
0.163,1903
-0.191,9163
0.0758,3790
-0.154,9316
0.076,2547
-0.113,8716
-0.22,9760
0.648,657
-0.0253,5021
0.0467,3451
0.0353,3724
0.502,23
0.14,1552
-0.338,9445
0.165,3101
0.259,635
0.653,19
0.156,2716
0.238,1290
-0.109,9298
-0.177,6142
-0.0365,6165
0.0308,4372
0.0769,3813
0.132,3385
0.313,663
-0.0881,6906
0.13,2229
-0.104,9362
-0.0554,6832
0.153,2916
0.105,3193
0.452,250
-0.0737,7860
-0.0314,7260
0.0297,4600
0.225,779
-0.0215,5831
0.0161,4614
-0.101,9665
-0.0748,9133
-0.178,8638
-0.149,9393
0.0822,3671
-0.229,9425
-0.11,7370
0.0968,1848
0.0361,4057
0.0406,4350
0.0382,4647
-0.139,7629
-0.0614,8066
-0.0346,6853
-0.153,8159
-0.0425,6036
0.102,1943
0.112,1168
-0.171,9418
-0.105,9203
0.0949,2909
0.232,410
0.126,2449
0.303,2417
0.0504,3636
0.0459,3935
-0.121,8407
-0.205,8883
-0.306,8998
-0.0796,8121
-0.0562,6949
-0.0574,7336
-0.0373,6761
-0.23,10221
-0.0921,6364
0.123,3430
0.104,1966
0.0857,2673
-0.0173,5971
0.259,1749
-0.18,9098
-0.323,9793
-0.0291,6674
-0.0494,7818
0.0228,4767
0.227,1373
-0.0586,6059
-0.0753,6546
-0.0872,6958
0.249,264
0.0613,4169
0.0614,3148
-0.177,9297
-0.211,9552
-0.103,8719
0.111,2131
0.126,1992
-0.13,8160
0.388,1166
-0.0949,7004
-0.195,9072
0.221,1270
-0.0411,6037
-0.0903,7626
0.718,871
-0.111,7275
0.114,1938
0.00813,5155
-0.131,7812
0.0623,3801
-0.0912,8780
-0.349,10668
0.197,1485
0.0763,2504
-0.15,10020
0.0633,3198
-0.0926,6768
-0.106,6211
-0.0148,5891
-0.191,9240
0.246,1611
-0.0109,5349
-0.0665,6655
-0.0534,6377
-0.0254,6296
-0.147,9431
0.0535,4238
-0.142,9648
-0.456,7269
-0.133,6797
0.0954,2107
-0.0573,7188
0.467,531
0.0668,3020
-0.0292,5752
0.0233,4894
-0.00719,5419
-0.00591,5784
0.194,2133
-0.301,10622
-0.00356,5696
0.129,3119
0.0408,4058
-0.0251,6416
-1.65,10634
-0.126,7917
-0.0758,6003
0.243,1136
-0.162,10001
0.235,969
0.0282,4779
0.128,2495
-0.1,8098
0.132,1925
0.135,2567
-0.0242,6662
-0.244,10253
0.0189,5189
0.105,2126
0.000781,5302
-0.134,8441
0.195,677
0.0283,4722
0.267,1966
-0.103,8683
0.104,1855
0.0634,2002
-0.199,10178
0.218,447
0.0492,4378
0.203,3313
0.136,734
0.0774,3241
-0.194,9552
0.24,932
-0.0288,6162
-0.0319,6374
0.0121,4377
-0.244,10812
-0.0474,6805
-0.0518,6175
-0.206,10403
0.209,3046
0.136,1710
0.185,924
0.0121,4925
0.106,2243
-0.168,8784
-0.0466,5569
-0.000549,5416
-0.198,9095
-0.0111,5511
0.0261,4343
-0.0467,6085
-0.22,10236
-0.338,9765
-0.146,10190
-0.256,10669
0.0346,4632
-0.194,7370
0.319,440
-0.484,11001
0.0273,4346
0.0548,3147
0.291,391
-0.0379,6041
0.25,1588
0.446,204
0.118,732
0.023,4749
-0.185,9463
-0.199,9514
-0.12,7103
-0.22,8567
0.311,714
-0.138,9890
-0.0493,7609
-0.0742,6689
0.614,233
0.135,2438
0.154,1172
0.053,3384
0.184,475
0.108,3050
0.124,2902
0.0517,4280
0.0829,3841
0.226,42
-0.0374,5974
-0.108,7541
-0.304,9426
0.0769,3326
-0.297,10086
-0.586,8743
0.02,4936
0.251,566
0.117,2482
0.00618,5319
0.0309,4166
0.131,2551
-0.132,8201
0.158,1750
-0.282,6999
-0.174,8088
0.162,798
-0.079,8692
-0.551,10874
-0.0784,6269
0.0753,4061
-0.127,5944
-0.0679,7348
0.172,1156
0.0323,4433
-0.00865,5698
0.189,1895
0.0113,5119
0.00952,5105
0.296,615
-0.143,7177
0.0137,5129
0.0124,5230
0.63,123
0.109,2967
-0.145,10617
-0.134,8795
0.33,430
0.16,2579
-0.0576,6793
0.0686,3451
-0.313,10177
0.0753,3732
-0.0442,6268
-0.0281,6010
0.0156,4989
-0.061,7020
-0.415,10886
0.14,2414
-0.257,9656
0.126,2864
0.00169,5354
-0.243,10982
-0.137,8835
-0.101,7213
0.00603,5155
-0.398,10748
-0.147,8153
0.264,87
-0.0893,8461
0.467,819
0.327,292
0.0512,4329
-0.017,5130
-0.356,10956
0.057,3490
0.0184,4757
0.0785,3417
0.208,1374
-0.157,7165
0.0253,4034
0.00711,5002
-0.106,8491
0.0754,4120
-0.277,9365
0.0465,3531
-0.155,10230
0.143,1808
0.019,4999
-0.55,10653
-0.277,9639
0.0104,5217
-0.208,8680
-0.176,8007
-0.251,9303
-0.226,10169
0.76,31
0.371,2023
-0.0912,8590
-0.219,10234
0.11,2207
0.403,124
-0.044,7080
0.209,2647
-0.132,9888
-0.116,8960
-0.147,7864
0.00518,4964
0.131,1963
0.177,3029
0.0592,3284
0.248,234
-0.0883,8299
0.365,61
0.0589,3843
0.32,985
-0.0765,8132
0.11,3634
0.176,2753
-0.144,10445
-0.145,10252
0.0771,3477
-0.123,9038
0.156,1914
-0.0364,4711
0.859,444
-0.286,5318
-0.124,5213
-0.375,9652
0.404,2276
0.0186,5007
-0.0249,5912
0.0215,4819
0.307,458
0.129,837
0.0611,2248
-0.214,5981
0.343,723
-0.233,9592
0.142,2982
-0.254,10340
0.064,2777
-0.311,8667
-0.292,10336
0.0243,4953
0.0622,3828
0.419,575
0.209,554
-0.131,8495
0.148,2767
-0.027,5514
-0.329,8682
-0.0362,6159
0.0672,3116
0.0182,4820
0.0101,4853
-0.0888,7067
1.01,147
-0.0695,7474
-0.0537,6938
-0.0172,5759
-0.1,7499
0.425,1648
-0.227,9469
-0.218,10614
-0.266,10733
0.0658,3899
0.45,861
-0.198,9584
-0.191,7579
-0.0258,5924
0.13,1595
-0.0576,5953
0.116,2404
-0.196,9081
0.08,3299
-0.213,10124
-0.0609,7174
0.272,901
0.408,427
0.021,4879
-0.182,6959
-0.0275,8168
0.0708,3111
-0.0801,7032
-0.146,7921
-0.00184,5335
-0.13,7809
0.13,1486
-0.099,10309
-0.00842,6648
-0.00028,5217
0.033,4772
-0.0846,7350
-0.12,6595
-0.0656,8150
0.267,1301
-0.179,8744
-0.233,9448
-0.0947,6057
0.108,3317
-0.116,9277
-0.0389,6010
-0.112,7277
-0.0999,7129
-0.0988,7811
0.148,937
0.0979,2549
0.119,2926
-0.167,9107
-0.168,8468
-0.125,9008
-0.176,8176
0.217,593
0.138,897
-0.182,4751
-0.212,8111
0.0327,4598
0.105,3861
0.00687,5145
-0.0854,7264
-0.238,9377
-0.275,8310
0.589,142
-0.107,6580
0.186,1173
0.137,3276
0.145,3246
-0.104,8082
0.0979,3843
-0.0617,6880
-0.0348,7028
-0.0776,8896
0.01,5091
0.187,1918
0.237,945
-0.0564,7038
0.124,1468
0.289,1492
0.17,2492
0.24,1855
-0.0174,6098
-0.00988,5418
-0.0842,7532
0.0557,3743
-0.186,8718
-0.0945,7153
0.171,990
0.014,4833
-0.0296,5896
-0.173,9426
0.0654,3316
0.153,3463
-0.0158,5581
-0.139,9000
-0.0229,6167
-0.338,9794
-0.172,10229
-0.247,9749
0.0527,4322
0.148,1805
-0.188,10219
-0.0673,7788
0.00166,5100
-0.0145,5853
0.166,1802
0.721,0
0.0348,2411
-0.08,7742
0.0111,5012
-0.122,6695
-0.132,6618
-0.105,8798
-0.0757,7790
-0.0413,6962
-0.192,9449
0.162,2024
0.367,2125
0.0751,3306
0.125,779
0.0262,4227
-0.114,6530
0.241,1179
-0.428,9644
-0.46,10934
0.205,2109
0.0766,2663
0.653,688
0.0661,4351
0.556,867
0.123,3715
-0.00381,5310
0.0724,2953
0.0765,2990
0.0286,4118
0.024,4774
0.0469,4123
-0.0591,7313
0.0151,4992
-0.342,8417
-0.0655,6245
0.0395,4821
0.524,1963
0.0541,3451
0.164,1701
0.198,1540
-0.109,8122
-0.178,9508
-0.0643,6379
-0.16,9862
0.05,3082
0.904,1428
0.607,1530
-0.352,8022
-0.231,6865
0.0339,4294
0.0417,4560
-0.139,9157
0.306,721
-0.191,9034
0.0305,4570
-0.116,8514
-0.254,10122
0.0244,4831
0.109,2706
-0.505,10060
-0.386,8550
-0.211,10252
-0.0821,6955
-0.15,8440
-0.204,9605
-0.00458,5397
0.161,2078
-0.105,8020
0.2,1785
-0.0812,7491
0.0777,2952
-0.35,10646
-0.208,9606
0.174,1109
0.195,772
0.0109,5189
-0.0552,6937
-0.00998,5360
-0.0472,7151
0.229,652
0.153,2799
0.0109,5071
0.102,3122
0.74,4
-0.00191,5541
0.00182,5281
0.0365,3712
-0.167,7210
-0.068,7083
-0.208,8889
-0.468,8973
-0.103,8502
-0.273,10667
-0.164,7552
-0.0105,5775
0.189,752
-0.196,9336
-0.101,8547
-0.154,9628
0.0783,3484
0.146,1272
0.0713,4112
0.528,658
-0.0995,9890
-0.0297,6031
0.0859,3668
-0.0366,6297
0.209,1645
0.242,759
-0.248,10496
-0.0917,8078
0.234,1717
0.0686,3995
-0.0199,5990
-0.154,8130
0.0973,2577
0.109,1936
-0.271,8869
-0.0945,9169
-0.0486,5697
-0.253,7101
-0.0262,6231
0.0957,2781
-0.184,9158
0.16,1599
0.256,1653
-0.121,7935
-0.0626,7062
-0.00835,5752
0.209,169
0.131,2067
0.392,178
-0.00424,5520
-0.172,9792
-0.0456,6033
0.101,1873
0.38,1060
-0.0705,5384
-0.0622,7531
-0.2,10820
0.296,3
-0.0151,6122
0.129,3100
0.102,3226
0.0381,3947
-0.0096,5960
0.0547,3567
-0.233,9166
0.0483,4501
-0.195,8456
-0.0519,6564
0.469,123
-0.348,10293
0.0775,3435
0.0893,3829
0.023,4551
0.223,280
0.134,1622
0.213,2752
-0.0149,6131
-0.0189,5319
0.154,2656
-0.0607,8214
0.237,2849
0.593,1862
-0.84,8860
-0.199,7558
-0.147,6409
-0.377,10222
0.324,970
0.109,2502
0.197,1304
-0.0912,8532
-0.105,10304
0.184,2416
-0.304,9239
0.0276,4517
0.0416,4098
0.121,2309
-0.0973,8640
-0.153,8245
0.0649,3514
-0.117,7240
0.0472,3687
-0.25,10455
0.245,1063
-0.0301,5247
-0.13,7778
0.119,2936
-0.105,7191
-0.11,9004
-0.0455,7119
0.395,931
0.108,2251
0.174,2433
0.359,984
-0.0714,7759
-0.355,10496
-0.0855,7312
-0.435,9407
-0.13,8338
-0.266,9643
0.0514,3870
-0.207,10127
0.268,1368
-0.13,7864
0.0217,4817
0.157,2813
-0.388,10702
0.137,1986
-0.13,8366
0.441,1710
0.452,414
-0.239,9643
-0.0821,7481
-0.207,10107
0.143,1279
-0.00338,5226
0.868,445
0.558,2089
-0.0546,7206
-0.0716,8404
-0.11,9144
-0.0122,5643
0.0533,2792
-0.338,9892
-0.287,10654
0.0644,3383
0.0549,4229
0.156,2568
0.435,214
-0.292,10364
-0.0866,7214
-0.181,10296
0.232,2112
0.018,4925
0.62,1498
0.125,3522
0.0322,3952
-0.0341,6448
0.23,1425
0.126,2188
0.0243,4813
-0.219,7908
-0.284,10451
-0.134,8750
-0.204,9880
-0.125,9041
0.0878,3952
-0.247,6536
-0.116,9001
0.161,875
-0.0162,5732
-0.227,10200
-0.293,10507
0.322,1205
0.121,1808
0.00658,5095
-0.0954,7526
-0.232,8563
0.084,3384
-0.0728,7925
-0.121,9217
-0.0653,8314
0.116,2277
0.00837,4980
-0.0916,9241
0.283,774
-0.123,7417
0.0395,3782
-0.0687,6909
-0.128,7918
-0.201,9319
0.228,2521
0.293,663
-0.0272,5896
-0.127,8304
-0.313,9128
0.127,3185
0.266,770
-0.00852,5650
-0.352,9985
0.0705,4169
0.109,3405
-0.114,7304
0.0431,4467
0.0873,2815
-0.384,10885
0.0391,4632
-0.023,6385
0.00803,4814
1.01,87
0.0967,3368
0.193,414
0.0188,5096
-0.214,9113
-0.0984,8049
-0.236,8646
0.0255,4452
0.156,1492
-0.0257,8038
-0.0101,6995
0.0121,3905
0.0241,1515
-0.0173,8588
-0.571,7479
0.949,0
-0.337,7800
1.46,681
-0.876,9264
0.0765,3396
-0.202,9176
-0.417,9050
0.395,491
0.309,2190
0.0195,4792
-0.359,10592
0.438,2465
0.0783,3460
0.0639,3983
-0.0769,9162
-0.0202,5513
-0.128,8296
0.449,803
0.322,1285
-0.102,6303
-0.182,8338
0.12,2397
-0.352,10537
-0.201,5773
-0.143,7343
0.206,2000
-2.2,10942
0.146,2360
-0.0114,5922
0.036,4633
0.07,3807
-0.0613,8005
-0.0769,8216
0.14,2934
-0.191,8287
-0.075,7570
-0.398,9831
-0.18,9270
-0.00565,5699
-0.0608,8884
-0.0616,6721
0.218,820
0.27,1208
-0.0263,5626
-0.255,10113
0.193,1155
-0.261,9736
-0.101,7800
0.111,3109
0.00467,5477
0.102,2203
0.0792,3334
-0.208,10049
0.0206,4638
0.357,1028
0.0339,4715
-0.159,9155
0.0139,4559
-0.48,8128
0.318,167
0.263,1444
-0.227,9499
0.205,937
-0.299,10548
-0.6,10972
0.262,201
-0.063,5950
0.335,199
-0.0326,6367
0.115,2112
0.233,634
-0.168,9138
0.0557,3983
-0.312,9395
0.218,316
0.174,699
0.00317,5257
0.0623,4010
0.124,2273
-0.212,9539
-0.0611,7089
0.0835,2623
-0.348,6066
0.927,1751
-0.197,10329
0.184,3602
-0.185,9470
0.0387,3824
0.0513,4382
0.072,3243
0.1,3737
0.000953,5622
0.11,2388
-0.134,9382
0.223,3273
0.416,2780
-0.00588,4327
-0.248,9305
0.178,2192
0.0439,4288
-0.388,9091
0.322,353
0.0606,3233
-0.0209,6176
0.292,381
0.259,1000
0.0185,4835
-0.0792,7478
0.0148,5095
0.0337,4417
-0.0399,6344
-0.2,8662
0.155,1436
-0.0256,5614
-0.0407,6036
0.0507,3974
0.184,1832
-0.0958,6246
-0.197,8218
-0.062,6916
-0.0194,5382
-0.0131,5608
-0.0146,5792
-0.069,6827
-0.149,9104
0.389,348
0.139,1334
0.035,4138
-0.0117,5991
-0.0799,7260
0.0859,3471
-0.0354,5876
0.141,587
0.514,187
-0.0358,7065
-0.377,8823
-0.236,9077
0.354,1246
0.304,1033
0.0274,4026
0.111,2877
-0.327,8260
0.0801,3341
0.0984,2678
0.893,96
0.123,1734
-0.062,6789
0.0407,4540
0.0725,3776
-0.202,9438
-0.151,7788
0.0155,4723
-0.0546,7197
-0.0984,6735
0.455,22
-0.212,8707
-0.463,10207
0.144,2892
0.179,2788
-0.0884,7291
0.199,1734
-0.113,9469
0.344,747
-0.195,7507
-0.0455,5823
-0.147,7354
0.0269,4396
0.0623,3800
-0.0608,7511
0.343,1550
0.387,1503
-0.64,8998
-0.114,9359
-0.106,8361
1.16,72
-0.00945,5525
0.241,2335
0.0794,3601
-0.0999,9115
-0.0363,6840
-0.0473,7943
-0.0702,6640
-0.157,10281
0.135,1544
-0.18,10593
-0.0757,7680
-0.0812,7324
0.0317,4280
0.458,637
-0.087,6245
-0.299,10710
-0.196,9953
0.448,119
-0.133,8244
0.208,1710
0.265,1504
0.000888,5353
0.161,1403
-0.149,8248
-0.209,8616
-0.522,10877
-0.115,8181
-0.0723,7567
-0.501,10794
0.136,2794
0.154,1419
0.266,1206
0.237,726
-0.0502,9277
0.42,610
0.477,1851
-0.229,7423
0.00947,5187
0.0165,4753
0.0544,3891
0.129,2766
-0.137,9081
0.173,3501
0.0794,2715
0.192,1910
0.0837,2021
-0.269,9935
-0.272,9664
-0.421,8856
0.0821,4041
0.345,1254
-0.000515,5449
0.0813,3891
0.254,1066
0.0662,4093
-0.405,10421
0.114,1942
-0.0184,5746
0.32,2051
-0.119,8264
-0.0306,5906
-0.301,8914
0.13,1745
0.296,398
-0.241,9392
0.34,428
-0.0189,5522
-0.0921,6393
0.00697,5066
-0.172,9693
-0.00959,5553
-0.318,10105
-0.252,10912
-0.245,6653
-0.0723,8748
0.225,777
-0.000218,5433
0.141,3034
-0.68,10939
-0.148,8827
0.383,491
0.0396,4585
0.181,2447
0.134,2177
-0.094,9363
0.0952,2985
-0.0724,7907
0.0538,3652
-0.036,6510
-0.0398,6699
0.125,2782
0.262,1093
-0.0941,8951
-0.199,10184
0.0268,4305
0.177,1699
-0.228,10537
0.242,1628
-0.146,9258
-0.000411,5496
-0.254,7325
-0.114,7534
-0.128,8181
-0.103,6922
-0.318,10828
0.209,842
0.000616,5348
-0.124,8956
0.0153,4183
-0.00203,5123
0.139,2385
-0.0629,7076
-0.13,9800
0.00843,5293
0.149,1551
0.231,1189
0.00968,5057
-0.0167,5507
0.157,2550
0.0404,4543
-0.207,10468
-0.0722,8330
-0.0329,6313
-0.138,8529
0.0445,4302
-0.0415,6496
0.0422,3985
-0.182,10376
-0.148,9916
-0.049,7171
-0.114,7207
-0.119,6168
0.0973,1762
0.0608,3158
0.113,3007
0.0589,3412
0.0616,4280
-0.00142,5168
-0.248,9451
0.141,2058
0.0167,4964
-0.0165,5718
-0.278,8214
-0.042,5835
-0.00969,5849
0.303,80
-0.27,9758
0.0685,3722
-0.021,5978
0.469,661
0.0123,4797
-0.00177,5369
-0.15,7931
0.096,3507
0.281,1307
0.413,1501
-0.212,9470
0.101,2626
-0.116,8925
0.328,834
0.122,1587
-0.222,8296
-0.0115,5980
-0.123,7770
-0.0956,7211
-0.418,9625
0.849,1104
0.288,779
0.128,2458
-0.0564,7167
0.182,1361
-0.119,9088
-0.0312,4860
-0.0576,5998
-0.184,10548
-0.148,9957
0.719,68
-0.118,7100
0.457,220
0.0682,3335
0.135,1332
0.031,4207
-0.182,8294
-0.0278,6041
-0.0448,6574
2.47,76
0.345,734
0.132,2804
0.436,102
-0.0607,6771
-0.0848,9045
-0.143,7973
-0.056,8146
0.083,3743
0.293,823
0.0992,2988
-0.399,6762
0.384,746
0.102,1739
-0.00321,5543
-0.144,9531
0.0395,4274
-0.0129,5430
-0.281,9200
0.0597,3567
-0.0433,6893
-0.233,8918
0.0388,4520
-0.00756,5431
0.336,714
-0.111,7908
0.199,998
0.445,346
-0.275,9372
0.0989,3092
0.113,1730
0.129,2881
-0.276,10168
-0.118,7573
-0.226,9903
0.0575,3904
-0.00424,5750
0.108,2579
-0.0315,6127
0.042,4020
-0.294,9821
-0.0397,6724
0.138,1271
-0.0774,8372
-0.1,8690
-0.407,9742
-0.0831,7399
0.126,1969
-0.0667,7482
-0.045,6222
-0.206,7531
0.281,1029
0.214,1174
-0.0214,5069
0.331,178
0.0799,3407
-0.0404,6504
0.00535,5375
-0.0497,6411
-0.0776,6846
-0.137,7551
-0.0789,8415
0.111,2282
0.0479,4210
0.719,199
-0.247,8096
-0.222,9904
-0.128,10244
0.129,2201
-0.0883,7683
-0.019,5473
0.0955,2975
0.0843,2243
-0.207,10703
-0.0527,6877
0.176,2480
0.271,3135
0.752,529
0.244,1383
0.137,2159
0.0881,3530
0.0699,2664
-0.108,7127
0.34,751
0.496,278
0.067,3713
-0.0293,6140
1,24
-0.192,10498
0.0781,4173
-0.146,9744
0.023,4364
-0.157,9814
-0.0981,6986
-0.0464,6500
0.438,867
-0.0439,7611
0.114,2550
-0.0137,5482
0.299,437
-0.0825,7869
-0.14,7543
0.0716,3686
0.0336,4463
-0.134,7999
-0.136,7496
-0.00931,5381
-0.409,7750
-0.0144,5636
-0.323,9767
-0.31,10811
0.179,1367
-0.375,10630
0.226,2626
-0.142,9348
-0.0524,6618
-0.203,9476
0.212,3062
-0.0618,7505
-0.126,8008
-0.134,10467
0.155,1514
0.0514,4182
-0.213,10247
-0.0256,5434
-0.238,10404
-0.0326,7296
-0.26,9849
-0.296,10687
0.561,285
0.135,1970
0.115,1708
-0.0776,7687
0.198,1857
0.0223,4422
0.285,243
0.206,651
0.0655,2784
-0.024,6016
-0.0123,5782
0.0859,3804
0.15,2880
0.186,577
-0.178,9583
0.0915,3234
0.208,1378
-0.0904,6554
-0.597,10897
0.253,1917
0.0396,3878
0.077,3188
-0.0985,8302
-0.0459,6839
0.0281,4675
-0.00841,5570
0.0591,3199
-0.101,8669
-0.217,8981
-0.0369,6470
0.146,3017
-0.0459,6362
-0.0162,6087
-0.105,9260
-0.162,9040
0.396,118
0.202,1339
-0.306,9802
0.0837,3410
-0.0397,7133
-0.134,7930
0.00335,5203
-0.103,7301
-0.315,10258
0.0479,4127
-0.0551,7952
-0.208,10424
0.141,1967
-0.117,7732
0.0857,3349
0.0175,4538
0.0482,3773
0.143,2723
0.422,106
-0.101,7634
0.0503,4212
0.0692,3109
0.192,1255
0.393,366
0.183,1144
0.179,1304
-0.181,8420
-0.219,10169
-0.0132,5805
-0.0747,7501
0.826,429
-0.0776,7933
-0.2,9546
0.0764,2751
-1.09,9984
-0.515,10622
0.276,2854
0.105,4029
0.172,1350
0.0987,3158
0.088,3875
0.147,2179
-0.206,9718
-0.0109,5521
0.255,672
0.0458,3543
-0.229,9241
-0.137,7310
-0.109,7766
-0.23,8609
-0.00593,5439
0.0467,3316
-0.0256,5664
0.255,788
0.483,469
0.276,55
0.277,2420
0.0319,4146
0.0282,4919
0.0711,3061
-0.138,7893
-0.178,9596
-0.0405,7292
0.226,767
-0.0297,6003
-0.0599,6945
-0.391,9807
0.00849,4884
-0.137,9959
-0.137,10491
0.149,2723
0.438,75
-0.661,10922
-0.144,5782
0.0272,4243
-0.229,10261
-0.228,9754
-0.0292,6685
0.0954,3342
0.162,1891
-0.0797,7973
0.0802,2317
-0.153,10445
0.0268,4629
-0.0335,6496
0.141,1785
-0.0597,9306
-0.136,9198
0.0734,3916
-0.0385,7084
0.233,2065
0.181,1153
0.0652,3045
-0.143,9822
-0.00888,5294
-0.12,7278
0.106,2160
0.39,1192
0.0112,5068
0.0228,4578
-0.0399,9667
0.586,389
0.0129,3095
0.287,1480
-0.0773,7714
-0.31,8596
-0.141,7910
0.324,135
-0.21,9311
-0.196,6567
-0.293,10535
-0.252,8756
0.413,916
-0.104,8919
-0.584,10953
0.318,1328
0.182,2246
0.221,1054
-0.246,9740
0.15,909
-0.0704,7351
0.461,746
-0.15,6520
-0.209,9199
-0.146,8802
0.0704,3047
-0.272,10864
-0.0681,7543
0.304,1217
0.118,3558
0.374,696
0.0185,4254
-0.00316,5143
-0.0766,7473
-0.11,8219
0.0499,4055
-0.167,7831
0.133,997
0.0135,4875
0.229,872
0.411,185
0.0517,3925
-0.198,8224
-0.256,9314
0.068,3297
0.293,783
0.0116,4901
0.0263,4555
-0.0625,6136
-0.153,9928
0.0497,3609
0.291,1125
0.13,2935
-0.0554,6091
-0.173,6703
0.15,1764
-0.417,10653
0.204,1118
0.24,653
-0.613,10653
0.0532,3911
-0.0743,7775
-0.105,8281
0.134,2938
0.194,1326
-0.135,8197
0.389,1419
0.0897,2961
-0.0227,6589
0.49,566
-0.0451,6058
0.594,159
-0.429,10162
-0.237,10784
-0.0346,6242
-0.0576,6869
-0.011,5672
-0.115,7401
-0.0358,6320
0.0481,2775
-0.004,5694
0.0577,3692
-0.169,9706
-0.261,7502
0.128,2061
-0.086,8665
-0.172,8232
-0.406,10791
0.216,2415
-0.0865,6304
-0.247,10096
-0.342,10642
-0.279,10892
0.00277,5304
0.133,1626
-0.0215,5339
0.0453,4162
-0.0829,7369
-0.153,9912
0.173,2365
0.119,2748
-0.0254,5802
-0.0478,6516
-0.0608,8514
0.00546,4966
0.29,1923
-0.344,9025
0.176,3344
-0.0741,6628
0.00298,5218
0.106,2206
0.187,997
0.0629,3605
0.295,717
-0.0732,6933
0.0347,4204
0.399,493
0.075,4140
0.131,3268
-0.052,5361
0.848,5
0.00896,4925
-0.0189,5738
0.000977,4969
-0.0943,9786
-0.168,7155
-0.0121,4995
-0.124,9867
-0.0631,6919
0.0742,3455
-0.0345,5418
-0.432,8647
0.0764,3708
-0.159,9744
-0.0249,6159
0.167,2891
-0.315,8632
-0.0797,8376
0.0177,4552
0.251,723
0.224,739
0.0212,4434
0.136,1993
-0.137,8492
0.335,436
0.164,1513
0.228,673
-0.159,8141
0.256,595
0.427,904
-0.168,6434
-0.032,6009
-0.258,9902
0.194,1766
-0.249,10573
0.107,3896
0.101,3264
-0.0144,6369
-0.0486,7880
-0.276,8528
0.51,1441
0.032,4643
0.172,3088
-0.0678,7897
0.0703,2819
-0.14,8758
-0.214,8777
-0.121,7966
0.12,3033
-0.273,10969
0.0487,4043
-0.353,10407
-0.148,8726
-0.154,9372
0.225,1764
0.0737,3642
0.309,253
-0.0541,6812
0.139,3115
-0.329,10930
-0.149,8194
-0.0218,5873
0.0703,2585
0.0744,3352
0.132,3176
-0.317,8716
0.124,3705
0.26,686
-0.116,8768
0.102,3793
-0.0652,6190
0.254,610
-0.0479,6976
-0.127,9517
0.188,517
0.14,853
0.116,2968
-0.0825,6884
0.0862,3561
0.115,2021
0.132,1731
-0.124,8341
-0.0808,7667
0.0435,3378
0.238,2444
-0.143,10269
-0.179,9739
0.00702,5196
0.114,3139
0.297,334
0.0127,4876
0.192,614
-0.269,8720
-0.0547,6753
0.0814,3582
0.193,2594
0.269,1621
0.00599,5178
-0.213,10679
-0.0078,5539
0.0968,3009
-0.0144,5418
0.0154,4709
0.0235,4595
-0.08,6626
-0.377,9369
-0.0534,7109
-0.419,10950
0.028,4337
0.0865,3403
-0.0884,8909
0.149,2456
-0.291,10161
0.131,2344
-0.226,10430
0.0789,3736
0.166,1901
0.12,2819
0.427,784
-0.51,10648
0.0355,4252
-0.358,10764
0.178,2198
-0.217,10404
0.0647,4004
0.44,794
0.0717,2436
-0.158,9871
0.838,111
0.228,224
0.237,2331
0.247,2439
-0.00275,5310
-0.178,9276
-0.0742,8829
0.0723,3562
0.0509,3588
-0.0796,7424
-0.0275,6384
-0.184,10589
0.356,683
-0.016,5590
0.0711,3754
0.216,2185
0.147,2325
0.144,1361
0.187,1967
-0.214,9786
0.238,1299
-0.12,7528
-0.276,10286
-0.106,8690
-0.372,9038
-0.0357,6639
-0.351,10931
0.0112,5132
-0.116,8809
0.000551,5116
-0.0978,8911
0.416,613
-0.0118,5511
-0.242,9894
-0.0324,6395
-0.0123,5695
-0.00938,5374
0.7,214
-0.147,7671
-0.0228,5529
-0.0167,5758
-0.011,5719
-0.32,7645
-0.204,8222
-0.331,10039
-0.144,4653
0.151,2030
-0.4,9176
0.165,1966
-0.31,9481
-0.217,10099
-0.133,8701
-0.0687,7831
-0.0932,8394
-0.22,7841
-0.179,9313
-0.075,7199
-0.0485,7405
0.0562,2547
-0.0651,8000
-0.237,8979
0.223,2094
-0.0736,5958
0.115,2842
-0.104,10210
-0.0644,7379
0.0832,3264
-0.352,8849
0.0543,4062
-0.0143,5397
0.288,420
-0.0606,7426
0.0943,3790
-0.129,8049
-0.123,8156
-0.123,8756
-0.0266,6056
-0.29,9597
0.405,2473
-0.334,10615
-0.0418,6553
-0.289,10788
-0.0337,5675
0.0243,4761
-0.416,10461
-0.0619,6899
0.142,3288
-0.123,9125
0.00563,5213
0.304,811
0.0969,3319
-0.355,10731
-0.472,10926
-0.141,9604
0.111,2385
-0.0284,5537
0.132,3038
0.102,3519
1.38,135
0.00613,5072
-0.169,8727
0.148,2483
0.411,646
-0.03,5745
1.24,196
0.0957,2517
0.371,260
-0.13,5392
-0.348,7294
-0.131,9242
0.634,1511
0.145,702
-0.0367,6733
0.0159,4817
-0.109,6437
-0.0906,7105
-0.0581,6432
0.122,2979
0.0912,2384
-0.207,10260
-0.0335,5932
0.182,2956
0.146,2594
0.0335,4204
0.178,1622
0.103,3494
-0.125,8553
-0.0628,6565
0.145,1007
-0.081,7471
-0.115,7731
-0.229,8717
-0.254,10469
0.0577,3914
0.0718,2753
-0.135,7638
-0.0651,6201
-0.105,7797
-0.128,6963
0.0379,4685
0.0546,3791
-0.0265,6105
0.194,778
-0.139,7720
-0.00248,5425
-0.00731,5388
-0.0666,9854
0.0607,2143
-0.457,10363
-0.247,10184
0.0449,3551
0.0872,3448
-0.105,9027
0.11,1732
0.489,1470
0.48,820
-0.635,9996
0.144,2302
-0.235,9378
-0.0699,6624
0.182,1811
0.0273,5226
-0.135,7797
-0.194,9527
-0.2,10308
-0.0174,5683
0.00271,4856
0.623,419
0.671,18
0.157,2516
0.0484,3835
0.134,2701
-0.125,10068
-0.151,9201
-0.345,10431
0.134,2907
-0.161,9599
-0.142,9296
-0.0925,8010
-0.119,7903
0.213,2863
0.0496,3455
0.24,822
-0.0272,6271
-0.0891,7158
0.00482,4854
-0.0573,6644
0.561,399
-0.0834,7652
0.0902,3459
0.269,526
-0.0455,6718
-0.0958,9069
0.116,2463
-0.156,9429
0.00781,5198
-0.141,8380
0.0549,3569
0.0427,4499
-0.177,9651
0.0375,3541
0.185,599
-0.211,9338
-0.359,10510
0.0743,2402
-0.0337,6511
-0.0671,7117
-0.133,8644
0.0514,4075
-0.163,8717
0.502,252
0.0056,5101
0.125,2275
0.0616,3314
0.371,419
-0.555,10526
-0.0351,5949
0.0845,3675
0.0127,4829
-0.0103,5711
0.0905,3346
-0.424,9096
-0.0604,8015
0.0893,4065
-0.107,7535
0.0044,5234
0.275,2708
0.193,1376
0.0318,4485
-0.353,9438
-0.0389,6852
0.155,2780
0.222,1087
-0.149,8606
0.224,646
0.503,547
0.114,1484
-0.0596,7280
-0.271,9537
0.124,3416
-0.0747,6868
-0.0711,7816
0.00895,4983
0.158,448
0.123,1859
-0.195,8978
0.111,2017
-0.305,10537
-0.203,10512
-0.131,7856
0.256,541
-0.213,8895
0.115,3453
0.0624,3231
0.121,2451
0.0756,3790
-0.144,7131
0.329,68
-0.365,9949
-0.0698,7201
0.0143,4785
0.0841,4058
0.149,2291
0.00603,5225
-0.0353,6541
0.0327,4386
-0.0436,7239
-0.0579,6585
-0.198,8923
0.415,891
-0.0737,6470
0.577,1001
0.142,1790
-0.013,5793
0.0561,3072
-0.306,10087
0.0908,3313
-0.0359,5863
-0.204,9940
-0.156,9389
0.126,3340
0.0121,5042
0.646,278
0.221,2217
-0.132,9403
0.0603,3450
0.2,2245
-0.271,10834
-0.0233,5603
0.00584,4793
-0.072,8568
-0.11,7402
0.471,241
0.0249,4634
0.22,1542
-0.234,7674
-0.0736,6959
0.298,1137
-0.111,8404
0.312,741
-0.299,10149
-0.0941,8159
-0.17,10018
-0.154,7660
0.363,646
0.0412,3885
-0.292,8598
-0.301,9861
-0.0762,9166
-0.0963,8765
-0.0733,7677
0.131,1599
0.246,896
0.0296,4537
-0.134,8098
0.136,918
0.309,336
-0.306,10163
-0.0309,5968
-0.0494,6864
0.195,1222
0.459,89
-0.185,7495
-0.347,10823
-0.107,8157
-0.344,9232
-0.141,9915
0.107,2218
-0.092,8772
-0.241,10817
-0.251,10574
-0.116,7964
-0.328,10035
-0.189,8010
-0.0617,7134
0.588,129
0.186,2673
0.119,2765
-0.0918,6748
0.141,78
-0.287,10069
0.778,15
0.121,2929
-0.367,10392
-0.0294,5805
-0.151,8174
-0.0488,6500
0.422,592
-0.122,8559
-0.284,10897
-0.134,9181
0.0335,4523
0.0674,3849
0.03,4506
-0.0105,5173
0.234,1628
0.119,1445
0.239,168
0.0361,4579
0.34,39
-0.0736,6923
0.0988,1275
-0.0912,7038
0.221,239
-0.0625,7142
0.153,1882
0.668,393
-0.381,10369
-0.309,9655
-0.224,9198
-0.0881,7893
0.2,2012
1.16,768
-0.117,7428
-0.0879,7074
-0.0527,7050
-0.207,9274
0.101,2189
-0.0371,6748
0.583,477
-0.00501,5616
-0.0867,10141
-0.233,8745
-0.149,7782
0.00572,5220
-0.137,5696
0.0664,2900
-0.00353,5501
-0.224,9364
-0.106,7678
0.137,3253
-0.319,9751
0.353,114
0.275,286
-0.218,10168
0.0252,4642
-0.00924,5420
-0.126,7763
0.284,336
0.171,748
0.0121,4902
0.0311,4671
-0.377,9380
-0.0174,5723
-0.0294,6642
0.115,2599
0.134,1325
0.136,3148
0.00295,4932
0.223,1161
-0.0619,7905
0.00946,4898
-0.261,10088
-0.47,10259
-0.372,10734
0.0593,4211
0.305,1093
-0.0899,7057
-0.0667,6775
0.19,1400
-0.333,9869
-0.272,9769
0.128,1473
-0.341,9920
-0.0743,6545
-0.0619,7779
-0.239,8258
-0.25,8472
0.0223,4386
-0.127,8114
0.402,428
0.306,1043
0.00341,5101
0.0581,4238
0.0294,4400
-0.0108,5650
-0.236,10243
-0.227,8232
-0.992,9839
0.0188,4896
-0.00376,5504
-0.445,10894
0.138,2287
0.261,870
-0.0536,6299
0.148,1728
-0.116,8014
0.105,2492
-0.0705,7178
0.0919,4023
-0.0743,6528
-0.0545,6345
0.059,3739
-0.0915,9411
-0.0604,6254
-0.225,8935
-0.152,10037
0.205,2106
-0.0336,7166
-0.069,8649
-0.193,7743
-0.12,8571
0.00622,5159
0.0886,3610
0.178,2008
-0.224,9936
0.177,2380
0.0852,3838
0.751,80
0.384,1255
0.172,1748
-0.082,8299
0.343,1201
0.473,185
-0.199,8663
-0.49,9088
0.105,2259
0.0445,3778
0.409,716
0.0847,2777
-0.357,10676
-0.121,7497
0.0408,4265
0.163,978
-0.121,8144
0.129,2083
0.0141,4649
-0.131,8685
-0.0598,6924
-0.0258,6058
-0.111,7519
-0.0887,6763
0.0976,3751
-0.0807,7566
-0.0292,6386
0.0428,3459
-0.0529,6380
-0.199,8397
0.19,3444
-0.738,9956
-0.0929,7253
-0.063,8004
-0.132,7403
0.298,484
0.0796,3228
-0.376,9288
0.0316,4502
0.0714,2755
0.341,391
-0.0711,6244
0.0494,4362
-0.149,7252
-0.108,9468
0.128,2530
-0.264,7961
-0.0533,6322
-0.116,7856
-0.203,8554
0.178,1111
-0.107,8448
0.139,2039
-0.176,8671
-0.345,9440
-0.0466,6329
0.0134,4954
-0.0926,5928
-0.039,6911
-0.179,8882
-0.378,10122
0.536,732
0.195,1001
0.0425,3890
0.835,9
0.198,1553
0.268,1124
-0.152,6096
-0.337,10320
-0.343,10592
0.211,2702
-0.115,7781
0.116,3243
0.114,2557
-0.209,10216
-0.147,8209
0.0431,3567
-0.106,7826
0.109,2763
0.163,2867
0.0495,3979
0.401,1322
0.443,172
-0.0971,7495
-0.0183,5710
-0.0733,6758
-0.0212,5989
-0.251,9277
0.0102,5167
-0.0578,5683
0.0371,3705
-0.171,9207
-0.0979,8557
0.264,1242
-0.476,10984
-0.0328,5674
0.174,2068
-0.0684,7197
-0.456,10790
0.113,3084
-0.335,10401
0.0017,5211
-0.205,10241
0.0322,4588
0.109,1258
-0.112,7249
0.171,1818
0.288,524
-0.219,10448
0.118,1698
-0.0717,8077
-0.0882,7106
0.148,2394
-0.0435,5877
0.0288,4515
0.331,243
-0.0166,6066
-0.161,8746
-0.357,10882
0.13,3204
-0.408,9946
-0.0841,7512
-0.102,9165
0.151,1172
0.0651,3726
-0.188,6679
0.126,3736
-0.0344,7102
0.123,1139
0.293,1245
0.009,4913
0.405,1795
-0.23,10489
0.152,1614
0.0165,4596
0.169,2198
0.0903,3804
-0.0912,8292
0.0489,3337
-0.00137,5490
0.00669,5430
-0.177,9818
-0.206,10433
-0.0293,5999
0.0197,4526
-0.196,9474
0.026,4559
-0.343,9905
0.145,2174
0.0277,4789
-0.547,10935
0.375,378
0.0551,4035
0.307,623
0.297,2608
-0.287,7106
0.26,1052
-0.351,10981
-0.357,9989
-0.967,10998
-0.121,10184
-0.165,9681
0.0631,3552
-0.0462,7071
-0.176,10308
-0.036,6111
-0.106,8120
-0.402,10797
-0.0488,6462
0.013,4794
-0.16,8485
0.152,2161
-0.0177,5774
0.231,1917
-0.4,10551
-0.02,5699
-0.117,7785
-0.144,9141
-0.33,8370
-0.232,8116
0.594,270
-0.311,10888
0.0487,3944
0.138,2966
-0.0462,7358
0.0623,4315
0.0374,3785
-0.107,8338
0.244,42
0.181,2797
-0.0735,6670
0.0331,3691
0.141,2866
0.000761,5156
0.0957,3380
0.26,1486
-0.272,10496
-0.415,10131
0.207,3067
-0.0571,7012
0.0154,4755
0.214,854
-0.128,10246
0.183,720
-0.046,6714
-0.586,10871
0.0301,4383
0.0638,3530
0.22,1319
-0.0552,6455
0.293,633
-0.292,9805
0.00885,4897
-0.395,10475
-0.653,9550
-0.0226,6374
-0.191,9490
0.319,785
-0.13,9178
0.131,1414
-0.303,10857
-0.236,10190
0.0792,3423
-0.0904,7182
-0.391,10569
0.0415,4066
-0.123,8079
0.102,2781
0.31,1254
-0.175,9683
-0.0338,6784
-0.233,10666
0.0973,2747
-0.096,7547
-0.354,10257
0.253,1487
0.501,91
0.131,1619
0.025,4370
-0.201,6864
-0.433,10925
0.203,1733
-0.0896,8208
0.166,1484
0.283,1152
-0.126,8071
-0.0754,7290
0.351,1053
-0.177,10203
-0.0873,7994
0.0754,2534
0.0378,4422
-0.0449,6414
0.163,2305
-0.113,7338
-0.437,10922
-0.0538,7191
-0.122,7202
0.0454,4075
-0.077,7813
-0.241,9059
-0.053,7934
0.00682,5461
0.493,727
0.0214,5045
0.617,52
0.071,3010
0.0684,1864
0.0353,4165
-0.394,10879
-0.266,9428
0.191,1071
0.143,2837
-0.454,10909
-0.0769,7374
-0.139,6006
-0.215,7305
-0.0327,5010
1.25,15
-0.377,7741
0.112,2133
-0.097,6959
0.0229,4450
-0.132,4406
-0.175,7356
0.278,431
0.0429,3186
-0.323,10512
0.102,2773
-0.157,9536
-0.0124,5487
-0.0647,7469
-0.111,8670
-0.108,6852
-0.14,7930
0.925,115
0.086,2502
0.0102,5249
-0.0565,6990
-0.358,10211
0.224,2834
-0.0685,6484
-0.0537,7725
0.165,2618
-0.0197,5970
-0.448,7707
0.154,2457
0.417,387
-0.185,9524
0.402,43
-0.234,9895
0.213,1195
-0.0364,6068
-0.16,7611
-0.233,7063
0.0675,3742
0.014,4590
-0.0363,6302
-0.0412,6018
-0.00736,5187
-0.308,9661
-0.0089,5750
-0.131,9006
0.0513,4065
-0.142,6582
0.202,1114
0.123,3505
0.143,2255
-0.172,10438
-0.219,9738
0.0941,3551
-0.126,9217
-0.295,8193
-0.092,8418
0.273,187
-0.0419,6076
0.0231,4604
-0.172,8583
-0.0497,6270
-0.244,9595
-0.00378,5494
-0.0222,5850
0.183,2306
0.0868,3554
0.243,2902
-0.177,8125
-0.187,10165
-0.0381,6112
0.338,412
0.22,1489
-0.134,7718
-0.0982,8724
0.0843,1869
-0.155,8376
-0.222,9066
-0.496,9731
-0.188,8540
-0.00614,5636
0.0603,3007
-0.153,8930
-0.253,8609
0.082,3803
-0.156,8208
-0.0269,5810
-0.0952,6465
0.342,100
0.0791,3884
-0.347,8038
-0.195,10533
0.182,446
0.00703,5114
0.274,790
0.346,289
-0.118,7959
0.0279,4855
0.0591,3877
-0.0908,8700
0.271,1439
0.182,2061
-0.00371,5383
-0.0379,6108
-0.0881,8886
0.0551,3452
0.296,1264
-0.346,10648
0.47,1670
-0.148,7675
0.0647,3453
0.0293,4537
-0.402,10651
-0.125,8191
-0.169,7463
-0.00741,5437
0.137,486
0.129,1498
-0.202,9039
0.00823,5012
0.00111,5431
-0.194,9389
0.196,1456
0.085,2744
-0.0128,5543
0.0346,4801
-0.195,7589
0.404,474
0.092,2867
-0.0271,5858
0.0149,4992
0.089,3365
-0.122,8323
0.374,388
-0.0342,6371
0.000648,5174
0.06,4006
0.0035,5348
0.0792,3414
0.102,3217
0.135,592
0.0652,3849
0.103,3486
0.0415,4219
-0.152,7845
0.301,2554
-0.233,10457
-0.294,10620
-0.124,8203
0.428,201
-0.0676,6582
-0.266,10288
0.0411,3927
0.187,646
0.122,2460
0.0209,4575
0.13,3098
0.0125,4742
-0.155,10809
0.0646,3468
0.0538,4377
-0.00513,5672
-0.14,9095
0.0397,4537
-0.12,7501
-0.0921,9327
-0.15,9309
-0.0424,5890
-0.2,9850
-0.347,10205
-0.00704,5541
-0.204,10731
-0.0831,7511
-0.258,10181
0.0752,4022
2.15,5
0.251,601
-0.0953,8679
-0.00853,5964
0.00968,5189
-0.115,7803
0.197,1729
0.00639,5121
-0.042,7274
-0.0538,6766
-0.115,7135
0.276,1244
0.0397,4254
-0.267,10627
0.319,556
0.297,904
-0.115,6475
0.11,2770
-0.299,7632
0.141,2845
0.0539,3769
0.293,844
0.341,463
0.212,2320
-0.172,8780
0.148,1951
-0.182,10867
0.0456,4271
-0.108,7769
-0.229,9700
-0.295,7099
0.0897,3558
-0.144,8874
-0.263,8623
0.211,2402
0.124,2526
0.164,1387
0.204,2007
0.0315,4702
-0.0219,6084
-0.221,10080
-0.125,7962
0.00934,5060
-0.0762,7753
-0.00451,5560
0.382,773
0.0394,3741
0.204,2525
-0.0878,6245
-0.0843,7749
-0.013,6162
0.425,1023
0.189,1763
-0.154,10070
0.0102,5074
0.198,344
-0.0358,6575
0.177,1706
-0.00736,5404
-0.422,10444
-0.0394,8162
0.0811,2160
-0.0251,5893
0.217,2174
0.136,3496
0.278,1453
-0.212,7805
-0.00708,5867
-0.136,9179
-0.226,10339
0.126,3153
-0.35,10542
-0.228,10690
-0.0103,5966
-0.146,10008
-0.241,9372
-0.117,8318
-0.153,7330
0.162,2757
0.00243,5018
0.139,833
0.475,993
-0.151,8954
0.496,1434
0.131,1465
-0.0954,9273
0.00932,4721
-0.195,9360
-0.0595,6290
0.526,79
0.18,1087
-0.0563,8409
-0.0365,6650
-0.0917,6668
0.169,3323
0.0301,4604
0.726,22
-0.247,10637
0.0252,4519
0.155,2208
-0.0739,6297
-0.0081,5440
0.223,2369
-0.0833,8915
0.174,1736
-0.0267,5949
-0.159,8569
0.376,801
-0.203,10263
-0.401,8663
0.0824,3127
-0.127,6968
-0.23,10399
0.206,2163
0.104,3576
0.0673,2200
-0.0367,6300
1.41,6
0.023,4793
0.353,1040
0.968,173
0.0545,3547
0.0998,1841
0.51,2543
-0.517,7417
0.363,2446
-0.294,8331
-0.621,9104
0.045,4070
0.143,3041
-0.313,10366
-0.335,9688
-0.022,5582
0.0902,2652
0.291,708
0.17,3557
0.122,3666
-0.535,9572
0.19,2808
0.108,1828
-0.217,10686
-0.702,9222
0.865,874
-0.0281,5579
-0.168,8141
-0.05,6139
-0.125,8991
-0.0522,5888
0.174,2968
0.0431,3798
-0.0528,6372
0.0828,3296
-0.0475,5984
-0.452,7965
-0.34,8639
-0.289,10036
-0.317,9743
-0.00147,5315
0.000918,5303
0.584,1045
0.47,521
0.0212,4911
-0.159,6208
0.0335,4625
0.17,1557
-0.0946,6473
-0.058,6603
-0.256,8593
-0.42,9098
0.255,239
-0.117,8618
0.164,2450
-0.0814,8219
0.455,706
-0.165,8532
0.0324,4300
-0.0659,7726
0.186,2179
-0.23,9276
0.0666,3668
0.235,1353
-0.0445,6328
-0.137,7260
0.0196,4773
0.157,1004
0.0539,2777
0.0866,3663
0.168,1804
-0.0933,7358
-0.171,9709
-0.0194,6213
-0.0415,6326
0.667,899
-0.683,10351
0.139,3419
-0.216,7674
0.192,2649
0.328,237
0.368,382
-0.272,8952
0.278,542
-0.0692,7231
-0.11,9646
0.182,2180
0.0217,4785
0.371,15
-0.277,9398
-0.0392,6559
0.00189,5139
-0.165,7438
0.172,1603
0.0807,3697
-0.233,8922
0.0625,3192
0.128,662
0.14,1764
0.251,1158
-0.074,7841
-0.0169,5761
0.0344,4525
0.172,1814
-0.0385,7067
-0.215,9298
-0.0172,5792
0.541,238
0.0171,4399
0.0156,5062
0.0413,3979
-0.122,8786
0.113,3416
0.00749,5140
-0.121,10147
-0.069,10555
0.0858,3278
-0.371,10560
-0.14,9649
0.00529,5205
-0.163,8989
0.183,1350
0.206,1633
-0.284,9357
-0.0518,6417
0.095,3258
0.0794,3281
-0.282,9262
-0.17,9933
-0.104,6581
0.0816,3731
0.0245,4696
-0.0889,9199
0.095,2818
0.0124,4910
0.202,1768
0.174,2244
0.456,491
-0.0502,6771
0.0645,3516
0.288,61
0.037,4615
-0.161,8939
0.0502,3685
0.757,13
-0.154,8986
-0.238,9765
0.211,2451
0.139,3262
0.0757,4043
-0.0762,8393
0.00588,5221
-0.0506,7390
0.0876,3033
-0.12,6214
-0.0042,5680
-0.0548,8312
0.252,1071
0.0212,4875
-0.18,7802
-0.32,10691
0.081,3392
-0.18,9361
0.186,639
-0.0642,7126
0.00104,5158
-0.0945,6283
-0.402,9320
0.0732,2988
-0.0241,6511
0.22,2855
0.116,3681
-0.246,7252
-0.423,9336
0.0761,3735
0.0945,3786
-0.264,9826
-0.126,8574
-0.212,8309
-0.03,6623
0.127,1787
-0.274,10855
0.024,4753
-0.193,10517
-0.639,10173
-0.128,6467
-0.0481,8267
0.215,1725
-0.131,9869
-0.0414,6531
0.193,2462
0.398,404
0.172,377
-0.163,9404
0.042,4337
0.0871,3344
-0.158,8959
-0.133,9122
-0.0474,6805
-0.109,9597
0.23,1469
-0.197,8292
-0.18,7416
0.174,2006
-0.189,10677
-0.239,8801
-0.0101,5830
0.0284,4246
0.514,378
0.388,2373
0.308,84
0.088,1874
-0.173,8530
-0.239,9882
0.0511,3190
0.178,1844
-0.0899,8733
0.0266,4762
-0.22,7232
-0.0824,7017
-0.102,7434
-0.245,10099
0.484,325
0.0606,2179
0.115,2448
0.0286,4421
0.0333,4476
-0.229,8915
-0.355,10886
0.12,1969
-0.105,8023
-0.0132,5539
0.0739,3584
-0.0164,5347
0.123,1782
-0.0044,5671
-0.277,10702
0.158,2728
0.12,3522
0.215,875
-0.0735,7700
-0.338,10469
0.21,1881
-0.0467,7535
-0.358,10799
0.209,2588
-0.107,6663
0.0878,3286
-0.132,7681
0.00321,5225
0.419,949
0.156,2074
0.233,1236
0.214,1508
0.256,790
-0.179,8184
-0.592,10636
-0.0549,6124
0.13,1256
0.136,1939
-0.207,9300
-0.00222,5330
-0.258,4135
0.0231,4250
0.113,2209
-0.243,10531
-0.0268,5860
0.27,1383
-0.0986,8490
0.0748,3888
-0.163,10012
0.0034,5333
0.0154,5005
-0.241,9996
0.0976,2020
0.122,2405
-0.209,9260
0.031,4298
-0.0225,6308
-0.149,9435
0.458,252
-0.0607,6633
-0.168,10127
-0.0116,5124
-0.0553,6461
-0.174,8292
-0.0952,7153
-0.0757,6119
-0.126,7525
0.0069,5143
-0.133,7884
-0.209,10068
0.271,680
0.143,2128
-0.185,9222
0.133,476
-0.46,8220
0.166,3031
0.0532,4199
-0.0371,6010
-0.0325,5828
-0.0865,3718
-0.0666,6980
0.094,3582
-0.0738,7141
-0.261,10962
0.321,519
-0.187,8693
-0.0475,6617
-0.176,8912
-0.127,8071
-0.136,10114
0.231,1096
-0.0607,6203
0.258,2233
-0.0593,6571
0.097,2788
-0.175,8625
0.429,87
-0.00699,5669
-0.0928,8102
0.198,2381
0.0817,1984
0.121,1122
-0.0469,6787
0.144,800
-0.161,9330
0.843,1146
0.119,1749
-0.0395,6505
-0.0655,6521
-0.0918,7633
0.0759,3749
0.268,1950
-0.124,7948
-0.132,9872
-0.375,10844
-0.375,10187
0.0242,4885
0.00166,5231
0.143,2291
0.542,530
0.0554,4352
-0.0724,6318
0.092,3042
0.211,169
-0.0421,7111
-0.281,9403
-0.335,9689
-0.0217,5542
-0.162,7596
-0.13,9354
-0.245,9444
0.0168,4899
-0.0664,7195
0.31,1762
-0.0373,6526
0.0277,4588
0.083,3777
0.0683,3703
0.0135,4763
0.149,2419
0.0605,3599
0.213,320
0.00892,5178
0.119,2445
-0.374,9823
0.0976,3487
0.186,1902
0.0534,2908
-0.142,7971
-0.0795,9227
0.26,1457
-0.23,9539
-0.0565,7287
-0.111,7339
-0.0576,6909
-0.147,8542
0.0557,3851
-0.109,7448
-0.01,5612
-0.00434,5221
-0.059,7072
-0.0776,7402
-0.254,8314
0.142,1639
-0.0167,6190
-0.0161,5805
0.0598,3955
0.176,2558
-0.163,8568
-0.0445,6899
0.046,3904
-0.0155,6145
0.41,662
-0.054,6425
0.174,2616
-0.464,10547
0.0911,1996
0.105,2399
0.233,1546
-0.0289,5510
-0.229,10455
-0.0931,8197
-0.0628,7027
0.0703,3434
-0.117,8325
-0.316,10713
-0.37,10568
-0.0216,6581
-0.115,7990
-0.0769,7355
-0.319,8747
0.583,449
-0.124,7227
-0.186,9986
-0.108,9328
0.231,2059
-0.291,9625
0.00717,5174
-0.623,10468
-0.207,10286
0.0243,4388
0.0675,3502
0.38,427
-0.142,7915
-0.0623,6075
-0.0305,6562
-0.144,10250
0.397,2333
-0.211,8418
-0.147,8420
0.0412,4434
0.0942,1688
-0.178,9831
0.267,1201
-0.254,9515
-0.125,9119
-0.269,8691
0.119,1609
-0.0562,7051
-0.11,9323
-0.0331,6218
0.0549,3850
0.343,928
-0.0131,5841
0.132,1034
0.126,1769
-0.083,6821
-0.104,7796
0.0444,4392
0.131,3194
0.224,1956
-0.103,6863
-0.128,8988
-0.048,6017
0.0589,4421
0.13,2459
-0.0698,8668
0.0799,2557
0.096,2404
0.0301,4659
0.0665,3945
-0.315,10045
-0.0693,8180
0.181,816
0.196,1413
-0.117,9130
0.152,2472
-0.0724,7366
-0.00812,5689
0.311,1871
-0.279,8250
0.779,232
0.0738,4304
-0.118,7609
-0.0419,6965
0.692,12
-0.233,9280
-0.24,8368
-0.115,6745
-0.114,8942
0.0634,3677
-0.13,10105
-0.0901,6629
-0.0727,6935
0.26,1196
-0.0203,6348
-0.108,9716
0.148,2627
-0.112,8971
-0.181,7223
-0.479,10692
0.319,115
0.0804,3930
-0.112,7323
-0.0242,5356
-0.345,10456
0.142,1557
0.0259,4324
-0.47,10317
-0.172,9798
-0.113,8822
-0.296,9489
-0.0234,5765
0.137,2471
0.0429,4298
0.0974,2513
-0.608,10299
0.0966,3695
-0.104,8262
-0.115,8017
-0.0526,8216
-0.158,7756
0.0116,4772
0.0987,3013
-0.0193,6112
0.465,53
-0.0976,8697
0.053,3767
-0.029,6609
-0.204,8675
-0.131,8449
-0.0882,7994
-0.0667,9471
-0.275,9175
-0.0733,7266
0.11,2941
-0.012,5597
0.215,1062
0.203,1479
0.117,1640
-0.0801,6550
0.342,370
-0.236,10125
0.0145,4952
-0.13,8956
-0.255,9928
0.222,2139
-0.131,9461
0.41,251
-0.235,9134
0.0813,2723
0.534,1004
-0.351,10926
-0.259,9991
0.134,3605
-0.0528,6645
-0.0782,9726
0.127,988
-0.113,8155
-0.217,9884
-0.00783,5452
0.000977,5304
0.214,1869
-0.0649,6934
-0.324,7107
-0.246,9539
-0.0585,7109
-0.0832,8549
0.113,2441
-0.0445,6985
0.105,2173
-0.575,9835
-0.458,8721
-0.112,10298
-0.159,9703
-0.0737,6764
-0.0257,5930
0.573,230
-0.0704,6868
0.0127,4856
0.047,4056
-0.152,9036
-0.168,7336
-0.352,10434
0.058,3466
-0.334,10932
-0.134,10299
-0.0758,7467
-0.0681,6867
-0.352,10625
-0.27,9842
-0.082,7511
-0.108,7900
-0.147,8317
-0.0173,5907
-0.034,6624
0.0119,4983
-0.0519,7209
0.134,2107
-0.0754,7820
0.0437,4112
-0.177,9481
-0.271,9864
0.143,1117
0.0825,1062
0.211,1227
-0.107,7960
-0.211,7587
-0.0635,6476
-0.303,10066
0.0562,2982
0.238,1306
-0.119,9737
0.13,2059
0.0299,3848
-0.171,9458
-0.0609,7927
-0.171,9351
-0.218,10607
-0.403,9956
-0.209,8716
-0.182,10322
-0.0821,7338
-0.358,10421
0.211,863
0.607,1545
-0.039,6209
0.165,1658
0.00774,5329
0.0425,4553
-0.0423,6228
-0.177,8954
-0.233,9237
0.0666,3826
0.00363,5188
0.0465,3490
-0.374,8634
-0.197,9012
0.218,464
0.2,946
0.0342,3630
0.128,2538
0.0609,3962
0.832,34
0.13,3856
-0.0956,8452
0.0373,4092
0.141,1989
0.528,625
0.0477,4290
-0.24,8951
-0.0907,8030
0.0903,3116
-0.053,7044
-0.201,9394
-0.0233,5368
0.0556,4251
-0.114,10825
0.0751,2639
-0.00286,5380
0.552,203
-0.0743,7184
0.0203,5009
0.0953,2411
-0.209,9930
0.114,1923
0.14,1850
0.0147,4781
-0.0745,6642
0.311,705
0.185,1789
-0.116,7349
-0.151,8983
-0.175,8766
0.116,1642
-0.0593,7093
-0.0538,7476
0.0391,3893
-0.102,9030
-0.19,9885
-0.00309,5206
0.0151,5015
-0.137,9344
0.594,11
0.075,2610
-0.276,10199
-0.318,9432
0.0381,2718
-0.016,6121
-0.016,5279
-0.00707,5243
-0.0697,7354
-0.314,9678
-0.0303,6248
0.206,741
-0.242,10182
0.0186,5136
0.209,1483
0.0991,2871
0.208,518
-0.042,7119
-0.0709,6988
1.16,130
0.205,1231
0.17,2624
0.447,542
0.00863,5197
0.0383,3676
-0.202,10204
0.108,3063
3.46,152
0.127,1081
-0.175,8879
0.553,47
0.0198,4880
0.199,1737
0.149,3127
0.189,1142
0.0338,3403
0.384,40
-0.079,6871
-0.0246,5891
-0.0226,5529
0.0601,3351
-0.177,9333
-0.0452,6713
0.455,470
-0.0367,5877
0.262,214
-0.131,8726
0.0425,4061
-0.046,6507
-0.222,9876
0.354,1895
0.245,436
0.389,1100
0.519,1437
0.0116,5027
-0.0393,7131
0.331,224
-0.167,8572
0.0236,4309
-0.316,8576
-0.134,9027
0.263,543
-0.202,10455
-0.0982,7494
-0.0807,7785
1.54,1
0.0729,3021
-0.0187,6024
-0.173,8521
-0.236,10200
0.252,725
0.0419,4735
-0.0344,6092
0.00528,4975
0.462,779
-0.111,8282
-0.277,10556
0.0115,4644
0.0489,1801
-0.246,10147
0.288,687
-0.0418,6001
-0.252,10904
-0.189,10132
-0.271,10702
0.106,1895
0.0142,5020
0.139,1429
0.263,1210
-0.178,8452
0.062,3630
-0.0857,7990
0.0894,2844
-0.0568,5695
-0.332,10296
-0.0453,6532
0.151,2792
-0.0644,7605
0.0031,5150
0.579,270
-0.351,10383
0.112,1412
-0.169,8973
-0.0315,5982
-0.0841,6823
0.0809,3699
0.0254,4519
-0.132,8048
0.00908,4962
-0.117,8259
-0.16,8487
-0.202,10009
-0.228,9263
-0.264,10142
0.0108,4841
0.184,1019
-0.315,10504
-0.377,10524
0.199,2794
0.528,1559
-0.0653,7397
0.0364,4074
-0.0775,7713
-0.228,8958
-0.188,9358
-0.0366,6372
0.298,144
-0.00262,5255
0.293,878
-0.366,10256
-0.0705,7204
-0.0669,7733
0.0872,3269
-0.0906,6447
0.216,972
-0.0419,6455
-0.174,8753
0.0911,2433
-0.0299,6917
0.123,1583
0.177,2535
0.00712,5044
-0.171,9377
0.0527,3653
-0.23,10324
-0.215,10480
-0.166,7289
0.145,1969
0.375,413
-0.61,7909
0.0476,3840
-0.0819,8792
0.297,611
0.387,354
0.00201,5034
0.241,1740
-0.225,10827
-0.133,9696
-0.0563,6687
-0.0107,6216
-0.267,10185
0.0412,4502
0.0808,1314
-0.0236,6212
0.439,832
0.00549,5053
0.495,769
-0.204,10795
0.0763,2409
0.297,119
-0.294,10771
-0.0655,8588
-0.314,10366
-0.055,7480
-0.0869,8393
-0.061,7307
0.296,1896
-0.0731,7030
-0.0192,6035
0.629,1418
-0.149,7743
-0.00899,5540
-0.176,9419
0.513,1308
-0.147,6621
-0.00628,5312
-0.0161,5666
0.031,4776
0.169,1666
-0.0997,8126
0.000591,5111
-0.0468,6456
-0.0628,6833
-0.113,8511
0.222,3018
0.683,419
0.115,3211
-0.292,9883
-0.0272,6001
0.412,789
0.246,1764
0.113,1430
0.345,235
0.0696,4328
-0.104,10459
-0.105,8967
-0.0464,6129
-0.0759,7628
0.16,2523
-0.387,10090
0.306,407
0.0611,3746
-0.0529,6677
0.0373,4335
0.244,1964
-0.211,9598
0.0984,2347
-0.0203,6092
-0.0393,6336
-0.299,10487
-0.282,7655
0.567,58
0.0279,4705
0.0978,3275
-0.0249,5912
-0.129,8688
-0.111,8644
-0.0918,8071
0.0198,4750
-0.115,7828
0.329,580
-0.125,7874
0.399,102
0.546,631
0.25,982
-0.379,10828
0.361,748
-0.167,9816
-0.243,9364
-0.21,9755
-0.0203,6399
0.291,133
-0.169,8926
-0.0874,7593
-0.183,7370
0.0485,3616
-0.0703,7603
0.00645,5029
0.0919,3707
0.0602,4405
0.224,2609
0.0573,4349
-0.191,10683
-0.336,10895
0.0742,2571
0.0782,3366
-0.0938,9018
-0.209,9962
0.0539,3248
-0.143,8677
-0.011,5490
0.586,976
0.221,2847
-0.187,8708
0.264,1068
0.0186,4809
-0.013,5741
0.0216,4882
0.271,827
-0.386,9551
-0.236,10240
0.0205,4603
-0.0489,7217
-0.188,10243
0.0615,3086
0.176,2803
0.15,1277
-0.172,10581
0.0333,4538
0.248,2636
0.623,976
-0.318,8597
-0.0514,6592
0.171,1917
0.112,2919
0.0169,4713
0.143,2898
-0.198,10473
0.0455,3470
0.0576,3530
-0.0751,6978
0.163,1193
0.186,920
-0.173,5462
0.0812,3346
0.144,1613
-0.0411,7022
0.0868,1962
-0.1,7314
0.0941,2778
0.0329,4432
-0.217,10437
0.497,90
-0.175,9569
-0.124,7898
-0.0513,7331
-0.0665,7802
-0.0212,6216
0.0361,4417
-0.236,8205
-0.00542,5531
0.317,1011
-0.0942,8965
-0.101,8620
-0.192,8706
-0.052,7105
-0.04,7007
-0.318,9673
0.0241,3999
-0.179,10216
0.0799,3083
0.0316,4920
0.531,971
0.0528,4287
0.218,339
0.212,1654
0.016,4637
-0.223,8373
-0.0512,6007
0.122,2529
-0.0233,6007
-0.178,10248
-0.42,8792
0.234,962
-0.0531,6355
0.405,1037
0.047,3775
0.111,3016
-0.0851,6829
-0.325,9728
0.0136,4697
0.357,626
-0.361,10982
-0.0159,5588
0.0344,4519
-0.0208,6091
-0.113,7306
-0.14,9695
0.0176,4671
0.183,408
-0.125,8436
-0.209,9473
-0.132,8755
-0.0141,5933
-0.044,6799
-0.057,7311
-0.0764,6650
0.0792,3713
0.596,1460
0.143,2683
-0.0706,7571
0.134,1187
-0.122,7245
-0.151,9762
-0.294,5908
0.0644,2492
0.126,1314
0.00674,4976
-0.13,8263
-0.0707,7059
-0.318,8331
-0.0483,5696
0.0385,3831
-0.0061,5612
-0.208,7842
0.17,1959
-0.222,8637
0.072,3158
0.217,1855
0.0384,4147
-0.0912,8191
-0.124,6378
0.0242,4548
0.00772,5125
-0.042,6722
-0.172,9798
-0.281,8615
0.127,3612
-0.296,7802
-0.174,9154
-0.033,6435
0.145,2159
-0.298,9660
-0.368,10586
-0.11,6572
0.153,1353
0.0645,2884
0.119,2973
-0.0254,6059
-0.112,8333
0.0666,4092
-0.0432,6618
0.00634,4899
0.0465,3603
-0.0103,5586
0.0274,4358
-0.113,6784
-0.448,10436
0.226,367
-0.0881,7714
0.0929,3042
0.138,1984
0.139,2289
-0.153,9428
-0.0487,6824
0.0387,3613
0.0624,3714
-0.159,8613
0.012,5119
0.34,644
0.315,316
-0.0314,7072
0.0229,4489
0.0408,3681
-0.264,7868
-0.157,6821
-0.22,9811
0.054,4097
-0.00848,7091
-0.158,8572
-0.249,10335
0.0428,4036
0.988,660
-0.074,7696
0.0717,3141
0.111,3202
-0.0384,6016
-0.0213,6000
0.2,2394
0.123,1757
0.00482,5014
0.0188,4782
-0.0718,6263
0.285,858
-0.332,6899
-0.0179,5805
-0.0183,5828
-0.101,8019
0.026,4405
0.33,126
0.0547,3982
0.164,1511
0.0975,3033
-0.224,8286
0.0896,3611
-0.0362,5509
-0.112,6603
-0.172,10287
-0.00967,5721
0.202,592
-0.0114,5430
-0.149,7005
-0.0282,6196
0.0458,3913
0.112,2657
-0.397,9943
0.052,3689
-0.0336,5980
-0.262,10749
0.0909,3748
-0.0199,5653
-0.378,10539
-0.193,9678
-0.0639,6823
-0.266,9975
-0.0773,8495
0.073,2802
0.166,1920
-0.0862,7750
0.786,514
0.332,654
0.137,2151
-0.105,8953
-0.144,8336
0.286,2142
-0.171,8048
-0.157,7906
-0.121,8643
-0.11,8534
0.4,1159
-0.183,9549
-0.329,10366
-0.251,9498
-0.155,9449
-0.0711,7392
0.221,1800
-0.24,9783
0.142,2270
-0.349,10710
-0.0116,5358
-0.229,10790
-0.207,8853
0.128,3133
0.0808,4280
0.0194,4949
0.0415,4124
-0.136,9767
0.075,3216
-0.107,6415
-0.0332,6689
-0.146,7678
-0.182,10047
-0.0361,8334
-0.00142,5647
-0.268,9103
0.249,2278
0.121,1698
0.44,92
-0.127,9818
-0.108,7390
-0.164,8049
-0.696,10614
0.351,869
0.0365,3824
0.165,2555
0.0898,3195
0.0551,4133
-0.17,8855
-0.293,7731
0.169,1825
-0.107,8613
-0.244,9537
-0.0651,7205
-0.0529,6011
-0.165,8264
-0.0777,7715
0.0171,4695
-0.382,10851
-0.0734,7337
0.0231,4375
-0.0607,6921
0.104,3282
-0.0844,7912
-0.0665,7249
0.0361,4321
-0.0945,7854
0.212,2257
-0.0745,8345
0.0698,1668
-0.137,8777
-0.0913,7963
0.969,442
-0.136,8812
-0.117,8847
0.284,925
0.281,1777
0.0775,3270
0.067,3906
0.0543,2332
0.373,237
-0.151,8605
-0.0428,6911
-0.0954,7927
0.0665,3782
0.371,335
-0.174,9871
0.0608,3856
0.19,2389
-0.176,9669
0.361,670
-0.0869,5983
0.0566,3490
-0.0718,6918
0.321,844
0.0284,4200
-0.292,7990
0.0111,5026
0.000122,5205
-0.086,8107
-0.00481,5296
-0.158,8543
-0.153,7324
0.652,463
0.327,1076
0.212,1248
0.33,1396
0.297,228
-0.25,8792
-0.0401,5659
-0.00769,5390
-0.00156,5494
0.00275,5172
-0.125,8907
0.0115,4943
-0.183,9489
-0.0734,7609
0.0471,4018
0.193,2347
-0.195,8805
0.539,796
-0.0864,7381
0.128,1392
-0.0907,8332
0.152,2430
0.382,947
0.363,2118
-0.211,9804
-0.177,9844
-0.14,8099
0.232,1114
-0.144,6197
-0.141,5583
0.101,3395
-0.182,9066
0.0868,3373
0.032,4911
0.128,3689
0.0718,3532
0.117,1733
0.112,2569
0.319,1169
0.0801,3653
0.24,1432
0.231,784
-0.00631,5482
-0.00933,5687
-0.173,8810
-0.135,8527
-0.209,9265
0.669,206
-0.0437,6741
-0.0228,6432
0.00184,5275
-0.186,8816
-0.367,10266
0.108,2924
0.182,1161
-0.0729,9036
0.0481,4246
-0.174,8448
0.613,173
0.0294,4383
0.166,836
0.0884,2917
0.236,384
-0.429,10754
0.233,1192
-0.126,7266
0.0473,3107
-0.186,10407
-0.0446,6363
0.503,131
-0.0799,7680
-0.223,9808
-0.0324,6726
0.0483,3632
0.221,416
0.0356,4595
0.138,2906
0.301,1447
-0.173,10307
0.0226,4338
0.026,4527
-0.155,7614
0.162,2262
0.454,659
0.271,27
0.0141,4956
-0.202,9894
0.282,940
-0.124,7995
-0.0409,6298
0.0303,4364
-0.208,9873
0.171,1953
0.00854,5036
-0.0521,6645
-0.308,10583
-0.22,10593
-0.0519,7042
-0.0293,5607
0.114,2717
0.0651,4022
-0.459,10949
-0.113,8727
0.0186,4207
0.327,293
0.272,1579
-0.073,6921
0.0679,3804
0.133,1127
0.532,123
0.306,332
0.173,2116
0.014,4753
0.213,1592
-0.0401,6604
-0.00918,5664
0.149,2027
-0.147,9805
-0.352,10286
-0.594,9860
-0.0768,8718
0.03,4385
-0.116,7393
-0.0324,5921
-0.326,8852
0.493,1167
0.365,514
-0.0231,6116
0.0665,4136
-0.117,8545
-0.289,7982
0.269,2574
0.328,561
-0.0406,6888
0.219,805
-0.118,8102
-0.302,9918
-0.145,9085
-0.172,9963
-0.237,9544
-0.181,8935
0.303,1953
0.138,3280
0.0748,3958
-0.133,9101
0.152,2386
0.123,2550
-0.43,10925
0.0523,4045
-0.186,9958
0.0283,3969
-0.217,10408
0.455,315
-0.17,8156
-0.0956,8054
1.11,919
-0.204,10674
-0.0748,6916
-0.275,10904
-0.017,5193
-0.274,9197
-0.0852,7886
-0.0837,7984
0.158,2669
-0.311,9770
0.192,1447
0.525,168
-0.274,10554
-0.0409,6397
0.102,3208
0.128,2090
0.111,3087
0.149,3210
-0.0966,5995
0.077,3034
-0.301,10322
-0.198,9173
-0.0207,5387
-0.274,7297
-0.00822,5838
-0.0903,8067
-0.148,8305
-0.132,9127
-0.0099,5666
-0.000176,4277
-0.0497,6955
0.204,1061
-0.0942,7598
-0.17,9023
0.0898,1978
0.18,1502
0.241,946
0.0944,3051
-0.0958,6647
-0.00328,5341
-0.0209,6438
-0.0564,7081
-0.147,8631
-0.0959,7981
-0.15,9830
-0.221,10019
-0.405,10933
-0.0161,5698
-0.161,7469
0.234,241
0.158,1083
-0.0412,6669
0.118,2873
0.149,2668
0.0542,4351
-0.116,8882
-0.17,9866
-0.0838,7806
-0.0493,6326
0.00153,5057
-0.0879,7393
0.0353,4092
-0.0519,7631
0.0118,4863
0.395,532
-0.00566,5821
0.133,1946
-0.027,6715
-0.0292,6455
-0.121,8459
0.581,1000
0.063,3926
-0.056,6162
-0.111,9563
-0.068,8621
-0.126,6937
-0.0481,6899
-0.415,8883
0.291,818
-0.0811,7336
0.271,12
-0.0604,7451
-0.0981,8088
0.0489,3006
-0.0321,5897
-0.0687,6913
-0.113,7473
-0.192,10017
0.000402,5316
0.0647,4070
0.345,752
-0.175,10221
0.149,1756
0.0494,3995
0.413,114
0.108,3404
-0.182,8783
-0.0442,6886
-0.214,10405
0.109,3661
0.646,673
-0.34,10206
-0.412,8549
0.0479,3641
0.144,2490
0.407,296
0.158,2797
-0.201,8687
-0.452,10139
-0.0309,7096
-0.102,9270
-0.0713,6879
0.297,484
0.095,3695
-0.0882,6819
0.212,981
-0.351,9754
0.0906,3041
0.162,1521
0.0594,3328
-0.0203,5184
-0.0374,6494
0.144,1517
0.0606,4229
-0.182,8059
-0.243,10242
-0.393,10046
-0.276,10216
0.0335,4583
-0.229,10134
0.0753,3410
-0.0202,5754
-0.0916,7436
-0.222,10138
-0.0149,6408
-0.302,8397
0.313,369
-0.103,7707
-0.164,10552
0.0576,3840
0.0444,3754
0.234,1395
-0.198,7615
-0.277,10555
0.132,3470
-0.0538,6192
0.266,1224
-0.0408,5938
-0.376,10609
-0.0513,6239
-0.118,6877
0.553,459
-0.0322,6594
0.0301,4735
0.0533,3682
0.00422,5209
-0.213,9833
-0.108,9053
-0.0505,8527
-0.174,9726
-0.282,10894
-0.272,7927
0.139,1880
0.0868,3459
-0.0257,5908
0.304,991
0.167,2514
-0.237,7992
-0.0126,5240
-0.0338,7278
-0.0986,8007
0.315,336
-0.24,8097
0.262,1257
0.218,1692
-0.0119,6070
0.0461,3839
-0.357,10026
-0.298,10269
-0.306,10252
-0.444,9920
0.0553,3374
0.117,2594
-0.196,7796
-0.0306,5710
0.149,2707
-0.147,8109
-0.106,8084
0.0943,2138
-0.281,10621
-0.0471,6003
0.178,2276
-0.0469,7041
-0.0248,6625
-0.0741,6979
0.0122,4775
0.12,2622
0.0091,5068
0.0995,3748
-0.265,10894
0.0739,2764
0.256,708
-0.0657,6887
-0.0178,5442
-0.116,8496
0.024,4767
0.402,454
0.342,2092
-0.195,9472
0.0926,2871
-0.0527,6198
0.0775,2381
-0.147,7960
0.374,104
-0.0521,6194
-0.282,10514
-0.373,8768
0.0166,4414
0.0186,4611
0.144,3121
0.0302,4091
-0.826,9090
0.921,499
-0.146,9967
-0.00932,5407
-0.00793,5465
-0.236,8912
-0.266,8687
-0.176,7238
-0.186,9961
0.0864,2694
0.243,2121
-0.136,7432
-0.418,10049
0.0345,4408
-0.462,10985
-0.0266,6262
0.756,52
-0.0881,7382
-0.213,8430
0.264,1721
0.0608,2724
-0.402,10843
-0.103,6968
-0.0831,7080
-0.086,6461
0.0315,4685
0.094,1213
-0.136,9914
-0.361,10062
-0.172,9412
-0.128,7023
0.559,263
0.388,835
-0.105,9703
-0.055,6156
-0.0927,7648
-0.0448,6426
-0.0588,6956
-0.0507,6775
-0.0171,6600
-0.123,8137
-0.0252,5895
0.0319,4736
-0.23,9787
-0.0681,8211
0.257,1243
-0.0457,8697
-0.0969,8284
-0.109,8186
-0.185,9047
-0.312,10849
0.172,1218
-0.00126,5502
0.16,1962
0.0565,3807
-0.219,8980
-0.0213,5840
-0.0729,7886
0.00863,5395
-0.00946,5471
0.0908,3548
-0.222,7815
-0.233,7967
-0.107,10401
0.0508,3378
-0.533,9327
0.0165,5075
0.108,3856
-0.131,7678
-0.0528,7185
-0.0673,8800
0.35,1127
-0.0444,6719
-0.104,6938
-0.0831,7228
-0.0241,6181
-0.0718,8185
0.0822,3777
0.24,556
0.244,1431
0.726,191
0.0547,3849
0.135,3216
0.203,1218
0.236,929
-0.179,8977
-0.605,10968
-0.0457,6880
0.182,651
0.108,2154
-0.278,10179
-0.222,6132
-0.29,10748
-0.129,9126
0.256,166
0.143,3026
-0.26,8173
-0.266,9649
-0.0111,5895
0.0303,3627
-0.0434,5871
-0.0789,8252
-0.00404,5289
0.506,345
0.0136,4958
0.123,1506
-0.143,8967
-0.354,9506
0.205,1143
-0.122,6636
0.0911,3553
0.166,2102
0.118,2257
0.411,9
-0.0181,5552
0.184,696
-0.0415,6472
0.222,1577
-0.0921,8349
0.407,377
-0.059,7292
0.503,603
-0.112,9084
0.143,763
-0.0567,6546
-0.0258,5690
-0.334,9924
0.383,622
-0.0128,5578
-0.015,5642
0.0205,4500
-0.151,8275
-0.045,6176
0.0224,4534
-0.25,7799
-0.296,10370
-0.184,10683
0.374,1078
0.464,90
0.205,1766
-0.0189,5696
0.201,1197
-0.0141,5700
-0.000454,5473
-0.035,6188
-0.0805,7403
-0.107,8954
0.222,443
0.277,1353
0.036,4834
0.0894,2939
-0.0372,4061
-0.439,9445
-0.0898,7773
-0.0532,7482
0.0651,3383
-0.18,8795
0.0348,4246
-0.051,6405
0.0362,4204
0.0204,4168
0.284,1342
0.069,2963
-0.163,9695
0.37,459
-0.129,9736
0.261,865
0.0631,3994
-0.0393,6003
-0.276,10388
-0.0917,8962
0.0103,5120
-0.00579,5531
-0.0109,5758
-0.107,8236
0.00277,5140
0.368,116
0.0626,2757
-0.17,8325
-0.436,6739
0.0749,3646
-0.0579,5225
0.256,980
-0.0128,6175
0.294,964
-0.553,10319
0.519,474
-0.108,9136
0.0626,4034
0.294,111
-0.0556,7393
-0.0341,5728
-0.0819,7995
0.385,632
-0.358,9514
-0.0956,9012
0.354,261
-0.24,9412
-0.105,8000
-0.149,8820
-0.236,9791
0.0562,3558
0.084,3155
0.0549,3443
0.116,3265
-0.0493,7128
-0.00144,5527
-0.0606,7860
0.0648,3249
0.0961,3133
-0.116,9076
0.277,1394
0.128,3020
-0.241,9883
-0.0467,6904
-0.176,8715
0.0779,2871
-0.0321,6298
0.64,7
-0.16,8351
0.0806,3105
0.0656,4006
-0.0051,5747
-0.193,9752
-0.15,8277
0.0397,3840
-0.252,10499
-0.0812,7291
-0.0765,7777
0.15,3474
0.095,3786
0.0653,3587
-0.162,8578
-0.39,9647
0.169,1740
0.0245,4347
0.0863,3700
0.0075,5197
-0.0596,7786
0.0852,3377
-0.212,10000
-0.396,10057
-0.0525,6226
-0.133,9317
0.103,1962
0.322,607
-0.0802,6901
0.122,3325
0.206,2496
0.0472,3882
0.56,58
-0.291,7725
0.5,1227
-0.115,4403
-0.457,9067
0.106,2515
-0.482,10037
-0.111,6932
-0.0164,5919
0.176,2896
-0.0233,5791
0.0321,4086
-0.00447,5472
0.206,2872
0.0681,3411
0.0582,3545
-0.266,9203
-0.361,10943
0.0345,3693
-0.219,10193
0.212,1817
-0.322,10131
0.193,1747
-0.268,10910
0.121,1554
0.0929,3448
-0.0498,6489
0.148,2518
-0.213,8500
-0.0306,6537
-0.13,8602
-0.0557,7013
0.2,1673
0.0486,4123
0.536,225
-0.00647,5541
0.0106,5209
-0.165,8587
-0.0655,7048
-0.227,9522
-0.016,5560
-0.143,9031
0.00479,5320
0.185,3521
0.277,2009
-0.374,10360
0.119,2926
0.11,2436
-0.0134,5788
0.124,1478
-0.151,8150
-0.204,8528
0.201,2305
0.219,815
0.0522,2024
0.321,537
0.441,908
0.0231,4487
-0.0144,5536
-0.146,9523
-0.041,6862
0.562,66
0.151,495
0.0798,2243
-0.171,7475
0.0702,3425
0.0154,4630
0.0046,5166
-0.176,7622
0.379,767
0.0496,4541
-0.0529,5688
-0.0228,5804
0.013,4932
-0.197,8959
-0.283,9916
0.115,2923
-0.197,7888
-0.187,10241
-0.61,7811
3.96,6
0.343,2345
0.0509,3885
-0.222,10060
-0.0865,7174
0.0633,2141
0.286,99
-0.106,9690
0.215,1511
0.59,138
0.127,3062
-0.31,9088
-0.155,7700
0.0172,4851
-0.115,6229
0.0833,3894
0.0665,3742
0.443,637
-0.0765,7078
-0.057,6582
0.0173,5014
0.0225,4824
-0.00312,5328
0.297,1251
-0.068,7724
-0.0897,7542
-0.275,9894
-0.00235,5536
-0.12,6470
-0.344,10229
-0.0541,7772
0.0127,4928
0.202,1833
-0.272,10743
-0.352,9823
-0.000339,5215
0.00296,5610
-0.157,9049
-0.0648,7045
0.106,2696
-0.00427,5191
0.154,2929
0.0157,5064
-0.0189,5668
-0.0432,6242
-0.403,10631
-0.267,7901
-0.199,8383
0.013,5049
-0.0303,6541
0.0978,3189
0.125,2776
-0.296,10049
-0.113,7506
0.204,895
0.0742,3496
0.0933,3205
0.0832,3678
0.561,707
-0.361,10970
0.0517,4069
0.188,1588
0.396,598
-0.221,9544
-0.166,10368
-0.343,10815
-0.00203,5350
0.0367,3421
-0.0242,5762
-0.0154,5535
0.602,123
-0.094,7116
-0.0223,5619
-0.121,8869
-0.183,8634
0.0761,4118
-0.3,10466
0.0117,5069
0.281,1177
-0.0321,6358
-0.237,9241
-0.43,7971
-0.0466,5768
-0.244,9014
-0.0748,6662
0.467,223
-0.188,9264
0.299,1160
0.256,933
0.318,165
0.0606,3578
0.504,503
0.0286,4301
0.0393,4619
-0.255,10047
0.163,2044
-0.0728,8299
-0.229,9488
0.0823,2834
-0.344,7026
0.242,1577
-0.412,11031
-0.0479,6451
0.167,2086
-0.224,8613
-0.0463,7498
-0.157,9158
-0.184,10267
-0.124,8800
-0.152,10804
0.314,1061
-0.35,9074
0.171,2866
-0.26,10273
-0.242,10279
-0.284,9824
0.203,1434
0.0988,2251
0.0468,3629
-0.0608,7034
0.0741,2700
0.183,776
-0.093,7694
-0.0442,6049
-0.0309,5344
0.0284,3727
0.00443,4956
-0.15,9083
-0.0695,7780
0.0178,4888
0.512,90
-0.131,7804
-0.163,10002
0.389,1086
-0.068,7718
0.00264,5009
0.0999,3552
0.038,3628
-0.111,9146
0.118,2519
0.0657,3972
0.405,958
-0.0673,6258
0.222,152
-0.0289,5959
-0.358,8588
-0.787,9866
-0.0787,5188
0.253,1674
0.133,3229
0.0315,4545
-0.135,7503
-0.0706,7731
0.367,1040
0.166,2408
0.00577,5066
-0.237,10227
-0.11,7927
0.0309,5004
0.124,2934
-0.643,9932
-0.219,7557
-0.255,8950
-0.0208,5374
0.136,1861
-0.0919,6463
-0.0576,6546
0.0272,4246
0.00994,4933
-0.318,9832
0.0339,4602
0.142,2023
-0.305,8645
0.00494,5098
0.0265,4457
-0.0863,7474
-0.145,8591
0.18,1723
0.299,949
0.139,2535
-0.0212,5766
-0.245,7426
0.0278,4536
-0.366,8543
0.0456,3993
-0.0934,7718
0.0418,3925
-0.367,10199
0.137,2513
-0.111,8100
0.0294,4499
-0.151,10747
-0.0734,7955
-0.6,9863
-0.305,10205
-0.106,7033
0.00163,5313
-0.075,7581
-0.133,9936
-0.124,9580
0.149,1759
0.304,2379
0.111,922
0.282,895
0.0715,2610
0.0803,2665
-0.313,9490
0.266,2106
0.714,21
0.199,1692
0.463,52
0.115,2053
-0.115,7559
-0.123,8378
0.159,2513
-0.0931,9035
-0.0201,5911
0.13,2690
0.241,1467
0.265,775
-0.0883,7067
-0.0805,7253
-0.00582,5321
-0.26,10766
-0.289,9353
0.173,2729
-0.308,9186
0.256,667
-0.0397,6105
-0.105,8065
0.35,797
-0.178,6727
-0.0485,5837
-0.223,10729
0.192,529
0.167,1924
0.0628,3402
0.207,88
-0.212,8387
-0.0712,8682
-0.0408,6661
-0.0743,6674
-0.0869,7199
-0.414,10829
0.293,1343
-0.0709,7002
0.00868,4875
0.0118,4697
-0.0657,8523
-0.358,8977
0.131,2591
0.0339,4105
0.0444,3491
-0.31,10520
-0.213,9989
-0.106,6276
-0.477,10633
0.0872,3306
0.178,306
0.11,2410
0.163,2523
1.24,663
-0.254,10514
0.781,192
-0.0716,8463
0.155,3751
-0.15,9032
-0.0194,5759
-0.234,9074
-0.0212,6831
-0.254,9866
0.363,478
-0.0872,7725
-0.091,5708
0.188,761
0.111,1783
0.191,606
0.0461,4548
-0.019,5775
-0.135,7187
-0.233,10406
-0.0279,6190
0.0467,3376
-0.167,9231
-0.0647,6517
0.00786,5005
-0.1,7665
0.445,63
-0.175,8869
-0.0208,5311
-0.144,9300
-0.0896,5790
0.43,1265
-0.148,7895
0.0429,4379
-0.0648,7267
0.0809,3236
0.261,579
-0.0853,6814
-0.177,9957
-0.429,10651
0.195,2041
-0.213,10483
0.491,335
-0.0993,6777
0.464,1227
0.19,2388
0.291,1789
-0.342,9619
-0.00567,3839
-0.0501,7091
-0.0153,5926
0.235,591
-0.0603,7281
-0.077,6799
-0.431,10572
0.485,444
-0.0373,6362
-0.147,9289
-0.295,8507
-0.0592,7535
0.211,1781
-0.0697,7054
-0.137,9437
0.0428,4270
-0.078,7778
-0.0423,6570
-0.12,7485
-0.166,8814
-0.119,9375
0.149,1076
-0.0607,6742
-0.258,9705
-0.0201,5647
-0.00905,5464
-0.0675,8962
0.289,979
0.427,279
-0.266,9667
0.00694,4927
0.0913,3529
-0.0622,6949
-0.0177,6171
-0.414,10382
0.162,3241
0.399,809
0.00316,5090
-0.0343,6879
-0.0708,8554
0.0956,3795
0.146,3192
0.388,1075
0.917,26
-0.236,8269
0.0096,5075
-0.00209,5472
-0.0745,7510
-0.575,9923
-0.172,3483
0.187,423
-0.0146,5668
-0.103,7945
-0.162,9490
0.139,2267
0.165,2458
0.00358,5246
-0.0262,6394
-0.173,10118
0.0659,3988
-0.449,8436
0.0856,3256
0.136,2390
-0.0873,8280
0.108,3299
0.889,369
-0.292,9297
-0.0953,7775
-0.0932,8772
-0.0988,8602
-0.163,7976
-0.335,9632
0.146,1802
0.159,1600
-0.0148,5520
0.0657,4123
-0.0433,5734
-0.0485,6349
0.0331,4633
0.185,2152
0.0392,4293
0.00857,4824
-0.108,7126
-0.188,9735
0.044,4542
-0.151,6608
0.0995,1602
0.0108,4902
-0.146,9028
0.152,2047
0.711,11
-0.00222,5302
0.113,2064
0.675,20
0.3,788
-0.111,8248
0.0487,4615
-0.094,9367
-0.0194,6052
0.00245,4969
-0.162,8890
-0.0145,5313
0.214,2417
-0.0176,5610
-0.125,9231
0.16,1478
-0.116,7935
0.0485,4183
-0.421,10865
-0.0757,7623
0.0573,3682
0.0796,3444
-0.261,9412
-0.3,10544
-0.0805,8879
0.0431,4201
0.24,545
0.0996,2362
0.144,3091
-0.0578,6345
0.0729,3786
-0.318,10518
0.129,2339
-0.163,10390
-0.216,9060
0.438,832
0.217,1378
-0.188,8296
-0.176,10202
-0.121,9724
0.152,2730
-0.117,7498
0.263,1515
-0.0541,5664
-0.215,9883
-0.178,9635
-0.119,8204
-0.223,8487
0.00353,5101
0.363,541
-0.0333,6685
0.038,4371
0.369,168
-0.442,10883
0.0719,4020
0.0391,4604
0.276,592
-0.194,10505
0.0297,4904
0.716,53
0.0605,4198
-0.0889,7624
0.0794,3255
-0.0771,8525
-0.0803,6569
-0.296,9218
-0.17,9309
-0.273,9468
0.328,121
-0.012,5978
-0.0367,5795
-0.266,9623
-0.213,9433
0.427,173
0.0136,4835
-0.00528,5741
0.0858,3195
-0.265,10557
0.662,148
0.0446,3945
-0.11,8965
-0.0315,7221
-0.155,8491
0.0442,3763
-0.0622,6689
0.856,279
0.186,744
-0.196,10146
-0.107,9073
-0.187,8794
-0.41,10282
-0.125,8185
-0.216,10494
0.113,2429
-0.255,10733
-0.0844,5778
-0.522,10438
-0.0197,5934
-0.0909,7872
0.0324,4698
-0.102,7244
-0.188,8630
0.0114,5127
-0.0456,5511
-0.243,10322
0.0334,4371
0.206,1325
0.142,2288
0.164,1627
-0.304,10546
-0.0297,7060
-0.0828,8000
0.17,2663
0.193,1006
-0.168,8890
-0.0261,5575
0.0178,4751
0.215,542
-0.364,10497
-0.117,7227
-0.0467,6393
0.0129,4677
0.086,3059
-0.0899,9323
-0.11,7566
-0.316,9850
-0.04,6204
0.151,2178
0.263,394
0.0366,4458
-0.166,9400
-0.243,10174
-0.128,7509
-0.0945,7790
-0.0429,6753
-0.239,8726
-0.0861,8062
-0.25,9958
-0.0893,5124
0.0844,1323
0.0109,5280
0.292,141
0.0588,3955
-0.0765,7905
0.289,1478
-0.176,9740
-0.0961,8434
-0.238,9023
0.0699,4159
-0.133,7978
-0.204,8540
-0.14,8543
0.043,4201
0.212,1852
0.0866,2784
0.207,1931
0.137,2176
0.0167,4624
-0.0712,8517
-0.219,8377
-0.389,10832
-0.0224,5807
-0.422,9201
0.0151,4828
-0.179,10771
0.00159,4930
0.0142,4815
-0.36,9935
-0.139,6670
-0.145,10590
-0.0994,7965
0.0205,4462
0.454,305
0.0977,3406
0.0546,3782
0.0663,3538
-0.0653,7389
-0.164,8481
0.332,23
0.33,1990
-0.0639,6574
-0.166,9489
-0.105,8512
-0.31,10370
0.11,2959
0.14,2533
-0.0204,5144
0.061,3457
-0.369,9481
0.467,418
-0.209,9750
0.356,1225
-0.808,10717
0.105,2813
0.0386,4111
-0.105,5925
0.000133,5112
0.264,2042
-0.116,7380
-0.0759,7730
-0.212,10365
0.125,2534
-0.15,10141
-0.00553,5586
0.342,584
-0.0416,6985
-0.0431,6872
-0.342,9098
-0.471,6522
0.201,2734
0.293,2728
-0.0379,5617
0.186,958
0.196,2272
0.164,2365
0.101,2372
0.0445,4163
-0.00498,5489
0.12,1932
0.184,1727
-0.0264,6090
-0.364,10615
-0.0144,4351
0.0036,5160
-0.0368,6718
-0.00696,5333
-0.0422,6276
-0.081,7158
-0.143,7231
0.131,2568
0.0166,4297
-0.531,10227
0.00767,5100
0.349,2221
0.157,2843
-0.217,10382
-0.031,7323
-0.513,9020
-0.242,8743
0.0441,3851
0.243,811
0.0714,2498
0.0149,4775
-0.0443,10088
-0.256,10449
0.0817,2451
0.134,3036
0.0811,2513
0.0384,3920
0.128,3119
0.34,1124
-0.0378,6031
-0.148,9923
-0.127,9121
0.19,1231
0.00722,5093
0.122,3713
-0.439,10411
-0.0719,6365
-0.216,10292
-0.0907,9327
0.133,1292
-0.12,7936
0.0799,3571
-0.0669,5862
-0.139,4914
0.209,810
-0.034,6928
-0.136,7677
0.341,1262
-0.182,8786
0.184,3440
-0.0605,6685
0.0464,3572
-0.227,9127
0.0804,3794
-0.0739,7467
0.331,2242
0.248,661
-0.00733,5501
-0.0747,8403
0.308,994
0.14,2021
0.518,442
0.0263,4309
-0.168,9968
-0.144,8665
0.621,52
-0.118,6555
1.06,201
0.0526,2761
-0.23,9915
0.0147,4628
0.204,872
0.388,597
-0.116,6604
0.0812,3522
0.228,2713
-0.26,9123
0.0808,3892
0.142,2775
0.0108,4832
0.0317,4497
0.0848,1432
-0.0815,6439
-0.0257,6651
-0.0569,5831
0.176,3032
0.274,654
-0.102,7951
0.0489,4054
-0.166,8310
-0.374,9867
0.0526,3668
0.173,2019
0.0715,1989
0.0342,4320
-0.289,10005
0.0333,4683
0.168,2346
0.0996,2456
-0.126,8310
-0.0353,5948
0.136,2980
-0.0485,7457
-0.0299,6058
-0.0781,8076
0.0879,2483
-0.0614,6946
-0.307,10246
-0.127,7451
0.346,1344
-0.112,8244
-0.15,10354
0.0282,4478
-0.0403,6590
0.0316,4535
0.25,748
-0.21,9775
0.24,2121
-0.000825,5378
0.283,1984
0.0309,4421
-0.0807,7565
-0.126,9105
0.206,1573
-0.0626,8008
-0.274,9599
0.0116,4982
-0.0658,7688
0.153,1772
0.103,3787
-0.224,10509
-0.0689,6942
-0.0717,7454
-0.167,10340
0.0627,4010
0.116,2327
-0.0713,6752
-0.368,10462
0.481,162
0.28,1310
0.0384,4760
0.0112,5024
0.0937,3979
-0.212,10356
-0.346,9933
0.257,998
0.224,1179
-0.0639,6799
-0.24,9580
-0.183,6076
0.348,527
0.0544,4021
0.319,357
-0.531,9456
-0.239,8679
-0.271,9373
0.762,461
-0.276,6803
-0.435,10461
0.113,2316
0.712,140
0.0385,4623
0.169,511
-0.0531,7540
-0.274,10527
0.0424,4635
-0.304,8604
0.0898,2914
-0.103,10169
0.0211,4538
-0.0512,6362
0.146,1550
-0.0732,7606
0.123,3123
-0.0641,6860
0.174,897
-0.299,8760
-0.0409,6801
-0.0417,7127
-0.0189,5246
0.0808,3259
-0.169,10526
-0.408,10240
-0.025,5425
-0.103,7386
-0.207,9722
-0.197,9952
-0.0621,6720
-0.0193,5383
-0.103,8610
-0.0285,5830
-0.215,7820
-0.049,7191
0.0983,2959
-0.0297,5481
0.106,3421
0.101,3221
-0.0775,6590
-0.139,10103
-0.141,8875
0.586,624
0.209,2074
0.128,2775
-0.167,8723
-0.329,10936
-0.0994,9384
0.0638,3093
0.394,832
-0.141,5872
0.233,1187
0.0165,4901
0.0059,5097
0.175,1559
-0.395,9961
-0.191,8211
-0.0981,7694
-0.109,8852
0.18,1632
0.0385,4529
0.117,2973
0.285,1189
0.0916,2985
-0.0657,7749
-0.183,9508
0.247,1269
-0.177,9549
0.0389,4507
0.00978,5232
0.188,792
1.02,0
0.29,917
-0.0184,6215
0.191,1165
-0.0653,8364
0.0145,4804
-0.128,9015
0.372,529
-0.0194,6200
0.0981,3062
-0.411,10988
0.021,4682
-0.0368,6408
-0.0248,6138
0.0826,2304
0.202,1115
-0.0992,7507
0.00664,5360
-0.0936,8040
0.299,827
-0.0277,5556
-0.218,9478
-0.152,9608
0.275,1358
-0.0104,5578
-0.194,9765
-0.133,7766
0.159,2408
-0.0413,4776
0.0359,4282
0.185,320
0.119,1842
-0.0825,6241
-0.209,10519
-0.287,9531
-0.00984,5731
0.0601,3391
0.0188,4909
-0.00822,5276
-0.205,7466
0.0767,3754
0.126,1436
-0.00109,5423
0.0558,3836
-0.0324,6229
-0.191,8479
0.183,2124
-0.14,8196
0.00671,5188
-0.143,9390
-0.0826,7720
-0.0974,7882
0.12,1674
0.254,2261
-0.0893,7171
-0.104,7648
0.00239,5384
-0.579,9158
-0.389,8048
-0.211,10619
0.0365,3421
0.547,372
1.06,70
-0.0879,8163
0.0411,4600
0.0148,4934
-0.0849,8323
0.167,2764
0.139,1858
0.0396,4330
-0.434,10689
0.552,598
-0.153,8092
0.449,304
-0.0796,6459
-0.0118,5939
-0.202,9719
0.0363,3400
0.0905,2122
0.0393,4548
0.0645,3373
0.491,76
0.0393,4056
0.0888,1645
0.107,1372
-0.0104,5685
0.0289,4778
0.186,2438
-0.237,10622
-0.152,9525
-0.183,10267
0.17,1148
-0.089,7694
0.0392,3275
0.475,1753
0.139,1855
0.288,542
-0.0644,6282
1.32,78
-0.0306,5992
0.188,1539
0.0416,3797
0.0921,1797
-0.122,7387
-0.214,10547
0.111,2788
-0.0874,7919
-0.137,8564
0.156,1911
-0.00932,5661
-0.0932,7801
-0.0172,6571
-0.0222,5770
0.22,485
-0.0632,7508
0.43,74
0.181,2163
1.19,33
-0.00631,4455
-0.0493,7314
0.0712,2961
-0.242,10446
-0.14,9000
0.00391,5362
-0.0575,6531
-0.0361,6322
-0.0693,7751
0.048,4105
-0.141,8508
0.05,4357
-0.146,8044
0.0657,2916
-0.0517,7379
-0.0733,7464
-0.175,9487
-0.354,8831
-0.0696,8123
0.0648,3398
0.276,1217
-0.22,10643
-0.0553,5947
-0.0401,6499
-0.066,6647
-0.218,9951
-0.0415,6849
0.222,1342
-0.377,9973
0.131,2279
-0.293,5153
-0.18,10331
-0.0815,7887
-0.224,8859
-0.0601,4856
0.384,171
-0.124,6846
-0.317,10670
-0.108,8532
0.317,1037
0.339,857
0.0908,3657
-0.144,8375
0.153,866
0.0804,3577
-0.0562,6097
-0.147,7218
-0.296,9462
-0.123,9020
-0.0832,8664
-0.0096,5868
-0.269,10211
-0.272,8393
-0.105,7632
-0.287,10318
-0.22,6782
-0.15,10667
-0.203,8933
-0.248,10182
0.163,3248
0.687,1
0.261,2173
0.182,713
-0.055,6819
0.307,1414
-0.387,8106
0.0825,3801
0.0617,3655
-0.437,10967
-0.323,10058
0.258,1735
0.371,1416
-0.0244,5277
0.0484,3611
-0.272,10704
-0.37,10513
-0.0815,7513
-0.166,8908
0.151,1204
-0.0527,7050
0.00383,5202
-0.219,9578
-0.121,7852
-0.191,7633
-0.319,10098
-0.215,10710
-0.119,9062
-0.215,8188
-0.225,10181
0.197,1555
-0.191,9813
0.128,1446
-0.269,9826
-0.206,10209
-0.215,9176
0.104,3059
-0.0247,5795
-0.18,9780
-0.271,10295
0.312,1259
0.0435,3069
0.0306,4739
0.132,1833
-0.181,9618
0.0675,2811
-0.022,5272
0.16,866
0.0746,3498
-0.0177,5504
-0.141,9738
-0.0661,7974
-0.204,8719
-0.488,10993
0.0288,4608
-0.209,9238
-0.0411,6141
-0.0551,7131
0.193,2785
-0.497,9376
-0.0239,5894
-0.24,9496
-0.278,10430
-0.139,9843
0.022,4587
0.101,3878
-0.102,8802
-0.336,8421
-0.107,7965
-0.0617,8068
0.143,2271
0.103,4156
0.176,2202
0.0147,4737
-0.0716,9453
-0.226,10360
-0.108,7895
-0.102,7424
-0.00465,5463
0.175,2034
-0.08,7922
0.0212,4656
-0.132,8052
0.0166,5001
-0.0308,5708
0.0819,3611
-0.287,10854
-0.0196,5431
-0.107,7165
-0.161,8746
-0.301,9873
0.432,1710
-0.147,9174
0.0117,4622
0.0893,3308
0.0357,4475
0.142,1952
-0.0815,7172
-0.161,9439
-0.276,7530
-0.157,10280
-0.293,10552
-0.0564,7878
-0.357,10836
-0.0196,5763
0.166,647
0.34,736
-0.279,10252
0.142,2160
-0.0198,5313
-0.0477,6672
-0.17,8197
1.11,528
-0.448,10700
-0.2,9938
-0.0309,5394
0.0784,3270
-0.175,7837
-0.278,9288
0.146,2587
-0.279,9935
0.00978,4872
0.156,349
-0.0886,8845
0.365,167
0.0258,4482
-0.149,6735
-0.0186,6704
-0.0653,7461
0.0209,4107
-0.148,8195
0.327,1323
0.118,4535
-0.113,6186
-0.0609,7290
-0.134,8468
0.067,4192
-0.00319,5543
0.376,1647
-0.387,10142
0.0459,4320
0.211,1326
0.159,1810
-0.191,8994
-0.228,9978
0.156,2592
-0.176,10624
-0.119,9645
0.0602,3650
0.143,1791
0.0719,3862
0.0169,4869
-0.106,8620
-0.27,9148
0.302,528
0.000838,5446
0.121,3398
-0.0969,7462
0.0341,4418
-0.354,10770
0.516,145
0.0606,3751
-0.158,8383
0.536,985
-0.223,10194
-0.0825,9150
0.015,4916
0.219,444
-0.142,8541
0.343,226
0.0477,4031
0.0957,2993
0.198,2766
-0.266,9939
-0.244,9745
0.199,3033
-0.148,9497
-0.0433,8783
-0.212,9867
-0.319,10987
0.388,431
-0.129,9703
-0.0839,8048
0.0687,3548
0.251,1450
0.0951,2709
0.257,1341
0.0716,3090
0.148,1739
-0.162,10465
-0.173,8848
-0.0955,8048
0.388,213
-0.00102,5129
-0.0144,5212
0.441,279
0.0549,3921
0.301,2412
0.0295,4576
-0.421,10334
-0.0449,7406
0.379,116
0.11,2222
-0.0411,5656
-0.186,9336
0.651,1313
-0.29,10990
-0.0664,6838
-0.167,8247
0.0327,4577
-0.147,9549
-0.51,9673
-0.0584,7119
0.115,922
0.372,795
0.0839,3935
0.301,1152
-0.0498,5508
-0.0829,7793
0.194,2279
-0.209,9958
-0.222,10053
-0.259,7403
-0.0707,6386
0.354,129
0.0294,4478
0.0347,4484
0.112,2983
-0.152,9292
-0.264,8377
-0.074,7956
0.118,1095
0.413,588
-0.157,8979
-0.131,8326
0.106,3332
-0.0347,6221
-0.14,9041
-0.253,10619
-0.0966,8051
0.0873,2663
-0.0621,7436
-0.0838,7324
0.0686,3549
0.154,2702
0.358,533
0.112,1668
0.535,1135
0.0146,4927
0.43,98
0.235,1780
-0.143,10116
0.263,2640
-0.178,8807
0.000932,5389
-0.153,9550
0.0951,4055
-0.0872,6499
-0.158,7510
0.078,1955
-0.059,7701
0.519,56
0.0481,4068
-0.0127,5479
-0.137,7930
-0.117,8171
0.106,3298
0.096,2983
0.26,1347
0.342,1359
0.0576,4056
-0.122,7959
-0.167,8932
-0.232,8171
-0.0148,5334
0.0132,5065
-0.0595,6147
-0.149,7507
-0.402,10638
0.693,287
0.447,1756
0.619,1347
-0.201,9843
0.027,3936
-0.0554,7751
-0.193,9419
0.0457,3671
0.0329,4323
-0.203,9104
0.31,260
0.0716,3624
-0.187,8422
0.139,2762
-0.182,9578
0.135,1829
-0.065,6341
-0.356,10000
0.0251,4888
0.132,1830
-0.177,7551
0.0374,4161
-0.139,9026
0.0165,3949
0.0448,4224
-0.031,5728
0.191,2177
0.0403,4277
-0.0354,6632
0.298,369
-0.149,9035
-0.0209,5959
-0.211,9537
0.116,2873
-0.119,9510
0.304,430
1.04,703
-0.248,9843
0.105,3449
0.0246,4670
0.0325,4505
0.035,4091
0.3,787
-0.309,10260
-0.458,9962
-0.412,9385
0.0094,5056
0.000422,5200
-0.147,8628
-0.149,7510
-0.0396,5380
0.37,2431
-0.435,10910
0.118,2833
-0.158,9596
-0.329,9622
0.116,1690
-0.142,7835
0.0937,2679
0.326,749
-0.164,9624
0.179,2157
0.0335,4447
-0.122,7867
0.181,1601
-0.0843,8326
0.292,1319
0.00665,4943
-0.0592,7027
0.0515,4053
0.0233,4704
-0.13,8965
0.11,2693
0.0584,3996
-0.232,7697
-0.445,10178
-0.0439,6667
0.137,1047
-0.108,7794
-0.153,8578
-0.104,7880
-0.23,7667
0.277,524
-0.0576,6972
-0.139,9160
-0.326,10886
-0.0593,7554
-0.162,10223
-0.0438,6628
0.317,691
-0.131,6884
0.00165,5411
0.0822,3362
0.184,2791
0.15,1916
0.333,648
-0.108,6380
0.383,83
0.342,1538
0.272,2304
-0.143,9342
0.111,2675
-0.0548,6378
0.0812,3067
0.0847,2536
0.401,1447
-0.0567,6906
0.125,1390
-0.000661,4840
-0.0911,7369
-0.00129,5240
0.0619,3918
0.0126,4848
-0.267,10037
0.0147,5217
0.141,3360
-0.232,10572
-0.053,7715
0.0462,3693
0.0184,4574
-0.00578,5674
0.0779,2879
-0.184,7774
2.16,186
-0.0073,5531
0.138,1677
0.199,1176
-0.217,9576
-0.144,6906
-0.0822,8554
-0.134,9294
0.203,676
0.605,821
-0.0546,9722
-0.0549,8776
0.0318,4134
-0.12,8185
-0.187,4886
0.513,156
-0.00443,5672
0.0744,1309
-0.322,6334
-1.09,10072
0.0544,3026
-0.113,9198
0.271,820
0.264,949
0.0248,4686
0.205,1976
-0.196,9503
0.0602,3633
0.124,2781
-0.516,10421
-0.0616,6805
-0.156,8506
0.0755,3370
-0.0283,6694
0.00673,5067
-0.141,8384
0.55,383
0.0675,4444
0.384,500
-0.0806,7337
0.0198,4428
0.0898,2580
0.118,3134
0.495,1228
-0.0861,6644
0.141,1690
-0.0938,7839
0.0465,3844
0.00011,5265
0.0357,4475
-0.128,5878
-0.287,10432
0.109,2158
0.0629,3707
0.0175,4929
-0.065,7499
-0.0441,5380
0.185,719
-0.0316,6110
-0.0311,6039
-0.144,9191
0.132,3432
0.00603,5134
0.225,392
0.23,616
-0.0141,5658
-0.197,8955
-0.0103,5616
-0.104,8029
0.296,471
0.1,1067
-0.304,10539
0.3,273
-0.283,8732
-0.122,8861
-0.22,10981
-0.187,10342
-0.359,10953
-0.555,9377
-0.0692,7655
0.1,3312
0.102,1777
0.155,1096
-0.00712,5637
-0.19,8861
-0.277,10565
0.168,2253
0.695,122
0.0413,3853
-0.2,8563
0.0938,2908
-0.0756,6460
-0.203,8037
-0.156,9604
-0.0261,5386
-0.145,9405
-0.312,10682
0.12,2769
-0.258,9358
0.148,2200
-0.0677,8280
0.477,44
-0.155,8569
-0.0547,6700
0.113,2627
-0.0145,6243
0.11,1841
-0.00034,5270
-0.234,8537
2.57,387
-0.0132,5950
0.00429,5011
-0.287,10605
-0.228,10477
-0.276,10401
0.459,336
-0.16,8282
-0.226,10121
-0.176,9485
-0.252,7268
0.695,1985
-0.0566,6332
-0.0395,5413
-0.204,8627
-0.162,7034
0.0285,4284
-0.064,6326
-0.0235,5423
0.0453,4206
0.138,1039
-0.176,9318
0.293,294
0.52,763
0.154,1505
-0.309,9197
-0.0462,6580
0.00838,4919
-0.0385,6752
-0.154,6768
0.045,4042
0.0254,4456
-0.0955,7974
0.0552,3615
-0.0626,6839
-0.224,8326
0.0344,4846
0.179,2101
-0.119,8244
-0.0648,7258
0.406,36
0.0234,4795
-0.259,9272
-0.0795,6496
-0.00916,5766
-0.0168,5854
-0.186,9300
-0.353,10762
-0.329,9111
0.114,1729
-0.0797,7604
0.0588,3018
0.0818,3726
0.108,1962
0.132,2588
-0.176,8575
0.415,330
0.0732,2438
0.0128,4823
0.484,1041
0.0976,2744
0.199,496
0.137,1996
-0.112,8262
-0.0028,5247
-0.524,7495
0.319,1419
-0.133,9434
-0.0812,9092
0.207,1447
-0.348,7584
0.0924,3119
0.0516,3551
0.0796,2990
0.249,464
0.0974,2311
0.754,418
-0.0104,5103
0.0682,3157
-0.145,9298
-0.00858,5399
-0.222,9987
-0.0987,7194
0.125,3150
-0.0311,6617
-0.0669,6033
-0.0435,6392
0.0156,5042
0.287,2298
0.00388,5657
-0.00829,5477
-0.0434,6968
-0.000329,5508
-0.0894,7497
-0.0622,6125
0.00127,5421
-0.0392,6123
0.213,882
0.743,10
0.23,491
-0.101,6959
-0.0368,5985
0.0713,3176
0.149,1798
-0.0271,5862
0.0732,3584
0.136,2820
-0.014,5595
0.143,1663
-0.127,9471
0.0966,3500
-0.255,8190
-0.254,8823
-0.0417,6060
0.0207,4717
0.133,1569
0.0104,5271
0.196,1902
0.0272,4706
0.236,2111
0.108,1878
0.0593,4052
0.217,1250
0.12,2118
-0.166,9261
0.176,1599
0.043,4239
0.0296,4249
-0.11,8325
-0.103,7208
0.0321,4676
-0.109,7707
0.14,1279
0.0695,2116
-0.207,9112
0.345,320
0.0158,4895
-0.00961,5258
-0.219,10148
0.209,1499
0.119,2067
-0.0798,7688
-0.0507,6446
-0.0814,8380
-0.061,8733
-0.276,9064
-0.0781,8028
0.25,2224
0.249,1095
-0.0325,6834
-0.11,10395
-0.0482,6530
0.0147,4920
-0.145,8937
-0.422,10119
-0.15,9935
0.0211,4606
0.0359,4062
0.359,1147
-0.766,10379
0.36,1491
0.448,173
-0.0237,5893
-0.214,9988
-0.0508,7447
-0.183,8191
0.105,3218
-0.141,9273
-0.0374,7159
-0.0042,5484
-0.164,9200
0.105,2416
0.0105,4843
-0.0125,5753
0.225,641
0.164,2591
-0.208,9444
-0.2,9269
-0.182,7750
0.152,2200
-0.198,9131
-0.25,6921
-0.402,10273
-0.143,6015
0.312,1651
0.0265,4559
-0.0329,6755
0.236,740
0.304,400
0.0527,4430
-0.6,8746
-0.0216,5754
0.0613,4263
0.0412,4395
0.129,2960
-0.164,8361
0.128,2800
0.209,627
0.019,4994
-0.0744,7842
0.426,2479
-0.165,8725
0.264,505
-0.145,8521
0.285,474
0.464,586
0.124,2665
0.73,650
0.129,3567
-0.114,9076
0.0286,3821
-0.0408,6424
-0.0752,7208
0.268,2570
-0.218,10184
-0.00648,5498
0.104,2984
0.167,1739
-0.0711,6551
-0.0164,5288
-0.0192,5842
-0.151,9800
-0.112,9211
-0.0463,6391
-0.311,10399
0.0437,3487
-0.0456,6797
-0.0581,8361
0.253,823
-0.0109,5176
0.168,1456
0.0548,4347
-0.23,9990
0.228,92
-0.0539,6941
-0.0359,6315
0.0506,3695
0.36,2540
-0.0564,5951
-0.0242,6524
0.118,2635
-0.113,8305
-0.595,10926
0.148,1168
-0.133,5828
0.0214,4601
0.0419,3111
0.104,3460
0.353,1353
0.126,2855
0.0788,4137
0.0967,3276
-0.119,9497
-0.167,9405
0.107,3129
-0.366,10237
-0.0928,7765
-0.0961,9605
0.439,637
0.0834,3935
-0.0954,8971
0.0662,4413
-0.102,6949
-0.122,9374
-0.00228,5689
-0.211,9412
0.257,2603
-0.151,7602
-0.145,5757
0.172,947
0.148,583
0.106,2874
-0.058,7196
0.103,4130
0.186,1540
0.0306,4525
0.182,620
0.307,1459
0.0169,4927
-0.142,9253
-0.116,8670
0.0313,3820
0.0223,4433
0.22,1937
-0.0416,6887
0.155,2898
-0.213,9322
0.0477,3446
-0.297,9967
-0.31,9801
-0.342,9721
0.0238,4768
-0.0604,6227
0.00266,5163
0.0187,4685
-0.0422,6468
0.0644,2696
0.393,12
0.0825,2603
-0.0664,7051
-0.0176,6010
-0.285,9889
-0.119,8565
0.0505,3489
0.0522,3870
-0.16,8618
0.00936,4996
-0.166,8140
0.0215,4596
0.012,4920
-0.0389,6671
-0.0972,7092
-0.249,9977
0.347,189
-0.0949,8119
0.0858,3330
0.321,369
-0.15,7660
-0.225,9788
0.0461,4528
-0.0206,5914
-0.133,8378
-0.0379,6094
0.343,168
-0.02,5650
0.0131,4938
-0.0623,6789
0.0366,4597
-0.044,6293
0.0166,4769
-0.164,8413
-0.503,10668
0.101,3270
0.066,2394
-0.0289,6085
-0.00797,5682
0.0962,3652
0.0715,3956
0.0755,2985
-0.0651,7931
-0.186,8810
-0.107,7225
-0.36,9801
0.22,2585
-0.0158,5849
-0.0887,7937
0.0615,2477
0.222,2141
0.471,402
0.372,1333
-0.165,9100
-0.0699,8233
-0.0227,6343
-0.0158,6034
-0.0286,5863
-0.0767,8240
-0.152,9651
0.178,1769
-0.0223,6004
0.0351,4337
0.122,2246
0.0669,3458
-0.0252,6696
0.0511,4128
0.0566,4139
0.298,582
0.498,231
-0.167,9805
0.0421,4537
0.0902,3049
-0.157,8847
-0.0386,6528
-0.364,10162
-0.274,9996
0.0881,3562
0.00289,5280
0.06,3697
-0.0787,6019
0.318,1948
-0.143,10567
-0.277,10434
0.175,2716
-0.117,7617
-0.0301,5740
0.0773,2865
-0.162,8361
0.301,1691
-0.199,8587
0.088,3753
-0.134,7571
0.0214,4979
0.0551,4139
-0.169,10401
0.103,2813
-0.256,10081
0.357,1049
0.342,707
-0.0137,5522
0.447,65
-0.0656,7318
-0.159,9069
0.35,268
0.0423,4228
0.0556,3533
-0.0745,8158
0.368,2112
-0.143,7827
0.218,1279
-0.0963,7859
-0.0487,8032
0.332,315
-0.0563,6726
0.01,5234
0.103,3014
-0.0609,6856
0.0984,3486
-0.203,10304
0.197,1130
0.00339,5186
-0.191,9241
0.15,2293
0.201,1799
0.136,2113
-0.155,7668
0.229,915
0.34,836
-0.27,7136
-0.0258,6303
0.00678,5148
0.162,1507
-0.0225,5541
0.118,2003
2.41,229
-0.0762,8428
0.0915,2179
-0.207,9815
0.0141,4980
-0.0111,5223
-0.254,9881
-0.208,10120
0.114,2748
-0.0464,6178
-0.0609,6740
0.0475,3751
-0.139,5652
0.176,1978
-0.187,9975
0.0392,4211
0.275,1156
0.664,77
-0.32,9355
0.0096,4970
-0.0281,6596
0.0809,3022
-0.11,8480
-0.0617,6939
-0.635,10779
0.128,1339
-0.0762,6579
-0.0811,5292
-0.045,6606
0.0363,4477
-0.00876,5499
-0.0598,8031
-0.0369,6987
0.166,2512
0.0488,4056
-0.0923,7637
-0.372,10903
0.00331,5327
-0.169,10757
-0.194,10053
0.0689,3910
-0.0804,6763
0.0824,4121
0.145,2341
-0.0611,7660
-0.0854,7189
-0.164,7422
-0.209,9713
-0.0794,7148
-0.105,8924
0.231,1323
-0.0898,6705
-0.0229,6025
0.36,1839
-0.0571,6633
-0.0318,7423
0.0629,3224
0.0418,4350
-0.00885,5356
-0.291,9212
0.439,477
-0.0779,7804
0.0215,4361
0.466,20
-0.158,8707
0.0428,4583
0.062,4131
0.104,1465
-0.118,9722
-0.49,10438
-0.0714,7872
-0.0957,7573
0.683,705
0.157,1477
-0.244,10442
0.152,2278
-0.0405,5703
-0.148,7787
0.243,2381
0.0215,4695
-0.185,9767
0.35,707
-0.584,10989
0.143,1872
-0.537,10742
-0.127,9575
0.0942,722
-0.0854,6925
0.025,4633
-0.089,5890
0.128,3188
-0.0766,8625
-0.0502,6810
0.278,1498
0.467,476
0.274,2706
0.737,88
-0.0894,7422
-0.19,8101
-0.154,9425
0.0406,4027
-0.11,8876
-0.257,9240
-0.00634,5680
-0.0282,6048
-0.218,9657
-0.199,9874
0.965,1422
-0.407,8334
-0.0115,5629
-0.123,8689
0.0419,3610
-0.000152,5135
-0.307,10659
-0.069,5865
-0.284,10632
0.0676,3297
-0.153,8770
-0.161,5486
0.322,541
0.115,3396
-0.00677,5942
-0.0464,6344
0.109,2920
-0.102,7280
0.0614,3559
0.18,2509
0.172,1163
0.0743,3757
-0.0483,6288
0.205,1757
-0.133,8381
-0.000372,5057
0.000852,5305
0.157,1848
-0.195,9809
-0.138,8467
-0.0656,6314
-0.228,9728
0.0087,5236
0.196,620
0.24,822
0.418,27
-0.154,7563
-0.195,9077
0.325,69
-0.0229,5736
0.259,1587
-0.266,10289
0.035,3724
0.116,3876
-0.0904,8701
-0.164,10830
0.000772,5348
0.02,4651
-0.00517,5530
-0.126,8656
-0.318,10082
-0.0306,6500
0.232,296
-0.482,10692
0.151,2667
-0.472,9751
-0.348,7675
0.0016,5302
0.154,596
-0.168,8216
-0.071,7645
0.584,31
0.364,1795
0.109,1707
-0.0367,7954
1.08,359
-0.379,7944
-0.499,9312
0.303,1729
0.394,1481
0.0988,1869
-0.359,10281
-0.0516,6332
0.086,3045
-0.00185,5561
-0.0205,6308
-0.072,6952
-0.17,8217
-0.383,10717
0.215,1568
-0.0725,6650
-0.0988,9205
-0.0897,7712
0.504,478
0.18,3223
0.0812,3800
-0.0591,7107
-0.258,10008
0.194,2090
-0.167,8641
-0.119,7614
0.392,1416
0.000333,5213
-0.0339,6605
-0.159,9813
0.247,3189
-0.346,9704
0.245,2602
-0.0573,6496
-0.00771,5639
-0.13,9660
0.157,3642
0.228,2848
-0.0687,4819
-0.413,9425
-0.0893,8329
-0.349,6498
-0.331,8933
0.646,163
0.165,1944
-0.185,7652
-0.0221,6109
-0.0188,6048
-0.143,8758
-0.344,10747
-0.267,10886
0.116,2176
0.0536,4523
-0.256,10196
-0.12,10098
0.26,2287
-0.206,9728
-0.251,10172
0.143,989
-0.137,6893
-0.0679,7865
-0.0542,6975
0.0724,4231
0.0834,3312
-0.0174,6049
0.222,946
0.162,1496
-0.244,10318
0.127,937
-0.105,9365
-0.0141,5458
0.134,3391
0.144,3525
0.133,1967
-0.202,8541
0.0473,2704
1.28,206
0.411,1671
-0.015,5558
-0.167,8622
0.152,1841
-0.0583,7231
-0.0696,7524
-0.015,5775
-0.0266,5846
-0.0509,6504
0.019,4642
0.0307,4450
0.011,4964
-0.21,9814
0.265,1299
-0.246,9038
0.225,248
-0.0659,8507
-0.559,10748
0.293,2713
-0.6,9671
-0.102,8103
-0.0416,6495
-0.00347,5280
0.0822,3840
0.464,39
-0.0594,6947
-0.0173,5667
-0.131,9529
-0.172,7221
0.28,830
-0.199,8003
0.183,1958
0.0366,3976
-0.104,8394
-0.153,8090
0.327,219
-0.279,8140
-0.124,6939
0.0215,4550
0.265,1048
0.475,84
-0.18,9259
0.0565,3927
-0.222,10581
0.22,527
0.00567,5225
0.225,2125
0.175,2494
-0.311,10647
-0.486,9276
0.0794,2497
-0.332,10280
-0.148,7629
0.0767,3203
-0.173,8433
-0.0854,8867
-0.0571,6170
-0.0277,5860
-0.143,8311
0.112,2301
0.0663,3592
0.058,3418
-0.16,9830
0.237,50
0.222,1028
0.142,2420
-0.0861,6831
0.0779,4195
-0.0859,8026
0.104,2145
0.126,2527
0.0342,4124
-0.447,10214
0.23,2996
0.158,1415
0.0567,2183
-0.0158,5573
-0.0833,7818
-0.161,8442
-0.0451,6522
-0.331,10568
0.252,792
-0.222,9406
0.194,1626
0.0279,4360
0.0043,5106
0.0132,4299
-0.0706,8394
-0.0871,7554
0.158,1467
-0.164,8165
0.163,1273
-0.49,10059
-0.171,9710
0.17,2169
0.141,3063
-0.0853,7846
0.304,1256
0.0359,4018
-0.125,8965
0.311,369
-0.11,7198
-0.356,10309
-0.202,8670
-0.106,9057
-0.125,8643
-0.0991,7309
0.00681,5211
-0.598,9301
0.111,2425
-0.05,6431
-0.117,9406
0.0651,3295
-0.238,10322
0.0415,4424
-0.551,9975
-0.205,10008
-0.0309,6283
-0.0135,5980
0.118,2529
-0.124,7754
0.0516,3701
-0.134,10029
0.0591,3008
0.177,2693
0.327,1242
-0.068,6172
0.271,1646
0.0521,3824
-0.18,8931
0.819,128
0.117,2735
0.665,279
0.236,1068
0.271,399
-0.0401,6832
0.102,3473
0.178,2592
0.763,797
-0.193,9005
0.236,1551
-0.189,10554
0.0709,3400
0.155,2939
-0.342,7881
-0.0208,6019
-0.294,9798
0.218,1485
0.0883,2406
-0.0578,6483
0.0405,3797
-0.0565,6881
0.108,2589
-0.00987,5556
-0.214,9122
0.375,1315
-0.329,9432
0.0593,3013
0.237,708
0.829,1211
0.332,1186
0.231,1639
-0.0878,8157
-0.199,10254
0.0844,1860
-0.284,11026
0.00252,4874
-0.09,7398
0.0222,4622
-0.182,10427
-0.00677,5671
-0.147,9124
-0.031,6407
-0.48,10941
-0.0222,6197
0.0511,3428
0.0363,3829
-0.252,9507
0.192,778
0.685,269
-0.403,10389
0.093,3225
0.128,1969
-0.0537,7340
-0.132,8629
0.111,2514
-0.0954,6877
0.196,1559
0.078,1862
-0.103,7972
-0.0675,6413
0.0296,4037
-0.105,8232
0.119,1562
0.0361,3337
0.135,2061
0.167,2281
-0.163,7899
-0.0881,6393
0.0617,3342
-0.155,10495
0.0623,3890
0.293,516
0.0103,4817
-0.22,6355
-0.221,10516
0.463,65
0.745,667
0.0216,4848
-0.308,10454
0.0711,3313
0.215,1498
-0.0304,5877
0.098,3290
-0.156,9072
-0.209,7142
0.148,3279
0.0922,2378
-0.0636,8939
0.0226,4690
0.0672,3629
-0.0413,7068
-0.241,9635
0.011,4965
-0.0439,6943
0.077,3671
0.0564,3531
-0.255,8004
0.0626,4048
-0.0555,7426
-0.088,9564
0.055,3900
-0.177,9983
0.276,1491
-0.0994,8643
-0.00573,5436
-0.0057,5193
1.02,10
-0.426,10793
0.192,2012
0.145,1778
-0.516,8472
0.0629,2907
0.129,2465
0.0056,5286
0.0984,3702
0.00662,4902
0.164,982
-0.0711,6913
-0.675,10748
-0.138,8075
-0.293,10858
-0.163,8428
-0.12,8419
-0.195,8934
-0.13,9669
-0.0841,7358
-0.0812,8033
-0.164,6880
0.0283,3324
-0.0476,6876
0.0749,2918
-0.165,9064
-0.211,8448
-0.094,7834
-0.161,8876
0.0684,3150
0.238,432
0.0429,4271
-0.274,10662
0.262,2405
0.0753,4032
-0.184,10090
0.453,330
0.0266,4531
-0.0736,6130
-0.159,9072
0.0718,3220
-0.115,8537
0.0622,3368
-0.249,10048
-0.271,9651
-0.116,8687
-0.263,9366
-0.134,8288
-0.082,7438
-0.124,7684
0.0906,2677
0.0844,2443
0.0685,2910
0.107,3232
0.0793,3635
0.627,625
0.243,1727
-0.0364,5745
0.075,2295
0.14,1592
-0.128,8849
-0.108,7380
-0.0469,5305
0.794,317
-0.127,10383
-0.193,9147
-0.056,5966
0.171,2131
-0.199,6764
0.0357,4526
0.0429,3823
0.0624,3044
-0.217,7729
-0.138,7931
0.239,2128
0.298,1161
-0.256,10238
-0.16,7827
0.044,4159
0.235,1688
-0.18,9970
0.441,1132
0.0217,4272
0.081,2034
0.178,1812
0.242,1766
0.123,3231
0.0462,4517
-0.084,7438
-0.0454,7417
0.0742,3316
-0.148,9876
0.167,2670
-0.22,9868
-0.0169,6494
-0.297,10352
-0.34,9870
-0.0736,7365
0.164,2038
-0.281,9767
-0.186,9183
-0.0175,7330
-0.0423,6448
-0.0313,6030
-0.425,10642
-0.183,9653
0.0356,3879
0.17,1725
-0.457,8493
-0.0439,6609
-0.231,8798
-0.000191,5362
-0.0385,6191
-0.104,7996
0.0912,3075
-0.0699,7200
0.044,4266
0.343,143
0.0208,4488
-0.0547,8474
0.118,3524
-0.00736,5428
0.261,2083
0.225,763
0.361,148
0.33,224
0.022,4487
0.65,85
0.123,1841
0.589,772
-0.0278,7287
-0.0794,7813
-0.389,10653
-0.0422,6212
-0.14,8327
-0.0954,7829
0.00471,5225
0.0816,2805
-0.0907,7009
0.273,1542
-0.156,10001
-0.114,7953
0.105,1636
0.149,1393
0.0778,3968
-0.138,9488
-1.01,10852
0.144,2597
0.0807,3421
-0.0323,7211
0.1,3452
0.311,616
0.194,1442
-0.176,9282
0.324,208
0.0745,3158
-0.442,10885
0.42,1453
-0.048,6365
-0.281,10363
-0.0808,8101
-0.0695,6638
-0.237,6557
0.183,1898
0.088,3858
0.415,519
-0.113,10663
-0.104,8400
-0.101,7157
0.22,813
0.0806,3316
0.0412,4325
-0.149,10559
-0.123,9448
-0.0832,6664
-0.22,8952
-0.35,10638
-0.257,10076
0.0777,2330
-0.272,10710
-0.209,9203
-0.118,7502
0.115,2463
-0.0109,5271
-0.239,10645
0.157,1010
0.0526,4323
-0.0796,6382
-0.571,8038
0.0149,4797
-0.148,9544
-0.0391,6455
0.03,4739
-0.279,9762
-0.187,10455
-0.193,9506
0.0189,4675
0.11,2116
-0.242,4990
-0.225,9338
0.0714,2767
-0.229,9263
-0.326,10284
0.0914,3009
-0.118,4489
0.0595,4414
0.106,2940
-0.023,5220
-0.235,9313
-0.0526,7682
-0.316,7774
-0.000367,5548
-0.281,8927
-0.11,8833
-0.215,10549
-0.0216,6178
-0.315,10078
-0.042,5558
0.391,2029
-0.0635,6509
-0.0321,5791
0.262,1240
0.629,96
-0.276,9756
-0.0109,4513
0.0173,4913
0.0878,2035
-0.204,8820
-0.271,9092
0.307,2470
0.0593,4170
0.052,3739
-0.251,10078
-0.048,6977
0.633,233
-0.0865,7201
0.667,1394
-0.452,10265
-0.132,9684
0.0446,3924
-0.214,9174
0.0857,2345
-0.417,9314
-0.427,10935
0.0262,4115
0.645,1
0.387,2032
0.381,595
-0.288,6716
-0.164,8247
-0.131,8990
-0.0285,6764
-0.147,8231
-0.0547,6932
-0.2,8314
-0.09,8183
0.261,616
0.0226,4289
0.389,745
-0.204,9504
0.163,2462
-0.424,10887
-0.0768,7797
-0.00697,5520
0.687,74
-0.396,10589
0.731,388
0.0459,4492
-0.134,9751
-0.0455,7394
-0.0498,6504
-0.135,6514
-0.185,7611
0.176,2000
-0.281,10631
0.0698,2119
-0.116,7794
0.166,2125
-0.0171,5798
-0.119,7690
0.0913,3308
0.0119,4840
-0.218,7946
-0.141,8634
0.0023,5388
-0.44,10941
-0.0186,5539
0.0699,3347
-0.242,10734
-0.0627,8525
0.0109,4870
-0.0771,6609
0.081,2313
-0.209,9081
-0.137,8886
0.539,221
-0.377,10289
0.137,2417
-0.213,10750
-0.12,7858
-0.228,10227
0.105,3932
0.12,3054
-0.35,7569
0.0902,3082
-0.155,7954
-0.384,10018
0.396,1783
0.147,2656
0.123,2449
-0.155,9254
-0.0998,8920
0.121,1772
-0.0702,7153
0.53,389
-0.0966,7308
0.00672,5192
0.167,1690
0.139,2333
0.135,1145
-0.158,6833
0.14,2510
-0.17,10474
-0.0144,5849
-0.274,10470
-0.0608,6556
-0.108,7418
0.24,878
0.00785,4938
0.116,2298
-0.115,8865
0.129,2657
0.0507,4190
-0.414,10565
0.184,980
0.0462,3955
0.047,4349
-0.394,7885
-0.148,9703
-0.0661,6981
0.185,1300
-0.158,8303
0.0854,3734
-0.115,9629
-0.181,9249
-0.0158,5957
-0.0291,6453
-0.124,10588
-0.141,10657
0.138,1546
0.28,95
-0.00291,5457
0.343,314
0.013,4991
-0.358,10996
0.0878,3115
-0.0337,6295
0.0509,4290
-0.0355,6112
-0.124,9998
-0.0759,6270
-0.135,8245
0.0626,2673
0.0977,2956
-0.149,6431
0.169,2497
-0.168,9302
0.0927,3107
0.0223,4819
-0.573,8737
0.0523,3811
-0.0242,5668
0.0843,2999
-0.0501,7267
0.255,3085
-0.161,8730
-0.125,7754
-0.348,10499
-0.171,8639
0.136,1770
-0.124,8075
0.103,2675
0.192,2138
0.156,481
-0.0471,6512
-0.158,8059
0.331,2701
-0.468,9930
0.256,790
0.076,3115
0.15,2035
0.0148,4842
-0.275,9399
-0.004,5177
0.0942,3438
0.0066,5201
0.0284,4200
-0.113,7328
0.0702,3652
0.0401,4260
-0.0529,7437
-0.00285,5645
0.469,234
-0.0271,5943
-0.0958,7927
-0.116,8590
-0.1,8939
-0.274,9387
-0.257,8809
-0.0591,7643
-0.153,8338
-0.0923,7902
0.289,271
-0.308,10604
0.258,1378
-0.0677,6337
0.566,647
-0.273,8186
0.00275,4880
-0.00729,5815
-0.0776,7814
0.475,698
-0.0743,6543
-0.217,8295
-0.00256,5501
0.0823,3568
0.0491,3957
-0.371,10875
-0.127,9387
0.215,906
-0.0173,5999
-0.383,10939
0.326,774
-0.111,8268
0.275,2067
-0.323,9268
-0.0491,7098
-0.0533,8060
-0.167,9011
-0.3,9955
0.206,1845
0.333,2364
0.108,2065
0.427,76
0.18,1698
-0.0199,5145
-0.00358,5328
-0.0133,5449
-0.107,10638
0.00398,5445
-0.223,9968
0.205,1602
0.293,545
0.0947,1753
-0.211,10542
-0.0936,8058
-0.0881,6760
-0.0183,5377
0.0528,4608
-0.192,8656
0.0272,4568
-0.132,9400
0.225,1676
-0.217,10202
-0.207,8473
0.966,23
-0.000817,5200
0.0427,3830
0.183,1933
0.23,1831
-0.237,5835
0.129,2791
0.0264,4657
-0.0518,6470
0.0282,4733
1.2,10
-0.517,7833
-0.0824,6575
0.148,691
-0.234,10660
-0.0462,6334
-0.122,8053
0.306,2026
-0.179,9962
0.0012,5261
-0.14,8509
0.234,2208
-0.162,9113
0.0969,3448
0.126,2156
-0.246,10877
0.0344,4159
-0.274,8897
0.0373,4325
-0.0559,6713
-0.366,8516
-0.11,9126
-0.349,10910
-0.119,8783
0.0366,4174
0.0177,4998
-0.383,8953
0.432,1310
-0.106,8154
-0.456,10250
-0.0273,6237
-0.125,6194
-0.243,9459
-0.247,10896
-0.212,9218
-0.0573,7606
-0.219,9465
-0.126,6607
-0.564,9715
-0.111,9681
0.0857,2513
-0.229,9337
0.358,1748
0.17,3010
0.0356,4387
0.187,354
-0.0494,7240
-0.118,8349
-0.124,8280
0.627,763
0.0108,5059
-0.0549,6573
-0.125,8121
-0.129,9256
-0.069,6482
-0.29,10470
0.345,326
0.187,1284
-0.222,10219
0.336,1684
-0.104,8416
-0.0795,7267
0.0618,3603
-0.253,9761
0.318,747
-0.0581,6445
-0.219,10152
-0.216,10075
-0.0156,5621
-0.0921,8219
0.144,3079
0.128,2623
0.0601,3296
-0.000332,5366
0.13,2317
0.00155,5172
-0.011,6093
0.0521,4503
-0.0237,5802
0.511,202
0.16,643
-0.127,8275
0.0378,4430
-1.14,9720
0.456,304
0.705,496
0.511,548
0.275,1723
-0.0107,5819
-0.331,10357
0.0945,3708
-0.182,9974
0.118,3489
-0.0644,7253
0.0151,4271
0.556,765
0.0636,3671
-0.434,7336
-0.0219,6042
-0.0899,7250
-0.177,10324
-0.212,9095
0.12,3106
-0.0827,6820
0.303,513
0.168,544
0.128,1849
-0.237,7702
-0.271,9934
0.0396,4321
-0.0516,3240
-0.222,8421
0.162,1238
0.349,811
-0.165,8519
-0.705,9493
-0.274,9700
-0.117,9242
-0.0274,6519
0.0211,4379
-0.0688,7641
0.069,3070
0.125,2018
0.0362,4128
-0.152,8936
0.575,70
-0.0425,5575
-0.539,10750
0.0265,4455
-0.139,8949
0.0691,3463
0.0726,3883
-0.29,9980
-0.0862,8547
-0.349,10449
0.0242,4658
0.0232,4816
-0.0682,6838
0.000567,5258
-0.179,8144
0.107,3500
-0.0595,8121
0.131,921
-0.0465,6519
-0.0698,6918
-0.196,9612
-0.049,6217
0.0822,2121
0.00419,5174
0.0951,2614
-0.363,10060
-0.401,9467
0.171,1643
0.0254,4353
0.171,839
0.0517,4156
-0.0653,6257
0.3,1462
-0.469,8765
0.0672,1916
2.17e-05,5250
-0.216,8015
0.0141,4952
-0.0509,5286
0.125,2588
-0.181,10682
0.085,2088
-0.476,10830
0.121,1158
-0.482,10322
0.143,2624
0.121,2882
0.0942,2102
0.224,1247
-0.295,8241
0.0467,3810
-0.184,6293
0.126,2582
-0.0644,7619
0.0198,4966
-0.0585,6294
-0.177,9324
-0.567,10509
-0.0141,5813
-0.134,8977
-0.338,7716
-0.841,8724
-0.116,8922
-0.223,9522
0.206,2371
0.312,2093
-0.0499,6285
0.0468,3652
-0.254,10704
-0.13,7668
-0.347,9685
-0.438,10071
0.507,530
0.0683,2195
-0.0112,5684
0.201,1472
0.199,986
0.0956,2612
-0.222,10231
0.00244,5068
0.0235,4648
-0.00462,5546
-0.17,8657
-0.163,8144
-0.266,10421
-0.13,9035
0.211,297
-0.00829,5629
-0.279,10371
-0.0518,6319
0.448,503
-0.0525,6469
-0.0949,8124
-0.221,7171
-0.461,10273
-0.00912,5852
0.00674,5115
-0.0638,7490
0.115,1884
-0.332,8174
-0.229,9802
-0.0899,6519
-0.0625,8595
-0.0674,8611
0.033,3783
0.631,2277
-0.348,7057
-0.0533,5122
-0.236,8019
-0.108,8629
-0.2,10298
-0.348,7546
0.872,444
-0.271,6255
-0.395,9620
0.903,591
0.099,3956
-0.0447,6322
-0.00513,5181
-0.0346,6416
-0.0453,7253
0.425,759
-0.493,9925
-0.0601,4856
-0.894,10745
-0.261,9814
-0.302,10472
-0.0253,6200
0.18,2042
0.838,8
0.34,666
0.132,2549
0.138,2206
-0.0786,6991
-0.197,9466
-0.205,8625
0.259,37
-0.0838,9229
-0.199,9154
-0.193,9820
0.00441,5325
-0.0433,6571
0.231,1492
0.067,3264
-0.0344,7255
3.6,130
0.159,3233
-0.259,9074
-0.0703,6362
-0.0198,5467
-0.291,10027
2.82,35
-0.0817,6740
0.035,4642
0.306,1281
-0.0657,8607
-0.0229,5702
-0.049,5344
0.0917,2851
-0.13,7376
-0.00297,5930
-0.0327,8719
-0.187,8857
-0.266,10225
-0.354,10250
-0.121,8252
0.113,2015
0.00386,5353
-0.121,8264
0.0708,3910
0.0264,4964
0.273,1343
0.24,1187
-0.0748,8976
-0.115,6899
-0.0267,5593
0.152,3267
-0.0858,8853
-0.131,9356
-0.0354,6032
-0.0706,7037
-0.0753,7323
-0.26,9054
0.368,1151
0.12,3616
-0.0649,8074
0.237,2069
-0.0294,5689
0.225,1182
0.0675,2919
0.0441,3767
-0.071,7762
-0.23,8939
-0.164,8154
0.0927,2436
-0.469,9459
-0.0692,8420
-0.181,9990
0.144,3235
-0.391,10637
-0.217,9338
0.0252,4786
-0.112,8735
0.259,1615
0.635,108
-0.0776,6519
-0.0464,6143
0.0529,2710
-0.0885,8796
-0.129,9143
-0.496,10249
0.123,2513
0.358,609
-0.0227,6648
-0.11,8697
-0.124,9600
0.139,1513
-0.0443,5821
-0.0355,6051
-0.122,8225
-0.129,8387
-0.0324,6771
0.0625,3161
-0.0783,7453
-0.0955,6432
-0.205,8799
-0.0348,6307
-0.0547,6986
0.14,2257
0.0357,4714
0.4,368
0.185,1483
-0.0607,7789
-0.0269,6247
-0.0618,6606
-0.157,8816
-0.121,8011
-0.163,9487
0.125,2478
0.0531,2912
0.0391,4162
-0.119,7978
-0.148,10061
0.083,2909
0.104,2221
0.484,496
0.0591,4005
-0.0691,8403
-0.164,4848
0.0126,5008
-0.235,9967
-0.054,6954
4.28,2
-0.372,10076
0.475,428
0.0934,2596
-0.23,10774
-0.0597,6657
-0.0739,7096
-0.277,10382
-0.0576,6889
0.0968,2963
-0.035,6738
-0.363,9677
-0.0104,5575
-0.0299,5880
-0.0604,6484
0.126,3144
0.0918,2038
0.161,1612
-0.125,8009
0.215,527
-0.235,7781
-0.118,8650
-0.0165,6172
0.0129,4975
0.198,2768
0.387,1899
-0.151,9418
-0.0825,6940
0.206,1733
0.214,2214
-0.142,7447
0.3,1484
-0.149,8982
-0.134,9256
0.082,2966
0.0686,3869
-0.0215,5921
-0.109,8470
-0.00935,5653
0.193,1630
0.121,3075
0.208,1126
-0.284,10490
0.0434,3963
0.195,1070
-0.0612,6664
-0.133,8890
-0.026,6141
0.0785,3574
0.257,967
-0.0543,8054
0.0276,3646
-0.0422,6256
-0.0818,7614
-0.23,9879
0.22,2979
0.131,2168
-0.0504,6313
0.239,1860
0.347,681
0.413,161
0.00116,5010
-0.0463,6810
0.188,1524
0.101,3488
0.107,3892
2.63,58
-0.192,8754
0.775,56
0.0198,4221
0.197,1570
-0.505,10387
0.186,2193
-0.223,10291
-0.00592,6016
-0.132,10594
0.122,3484
0.0817,2583
0.334,599
0.276,225
-0.219,10737
-0.177,10129
0.0155,4916
0.00386,5267
0.107,1903
-0.28,10704
0.0106,5022
0.00534,5255
-0.164,8956
0.146,1956
-0.171,8317
-0.0215,6280
-0.113,7254
-0.0975,8500
0.548,30
-0.0854,7257
0.048,4459
0.201,2178
-0.134,9234
-0.213,10048
-0.0602,6618
0.0728,3539
0.448,911
0.0865,3479
0.053,3339
0.0641,2749
-0.0652,6534
-0.553,10622
0.35,302
0.135,2387
-0.155,10878
0.396,112
-0.188,10406
-0.209,9399
0.499,110
-0.192,8682
-0.0563,6859
-0.238,10024
0.0925,3246
-0.0931,8165
0.399,1346
-0.0159,4866
-0.123,8992
-0.0124,5986
-0.215,9516
-0.208,9268
0.0457,4397
-0.335,10725
0.0873,3017
-0.0378,7733
0.242,1726
-0.213,9890
-0.0883,7083
-0.0447,6740
-0.0275,6169
-0.093,8441
-0.426,10808
0.0522,3717
-0.191,8570
-0.00548,4335
-0.0113,5772
-0.14,8505
0.279,1424
-0.126,9599
-0.0986,7956
-0.136,8386
-0.151,10324
-0.00746,5644
0.329,717
-0.265,10696
0.158,2258
-0.134,8443
0.0459,3754
-0.139,8968
-0.289,10922
-0.0582,7084
-0.0636,5951
-0.0106,5685
0.372,697
0.0102,5032
-0.0704,7648
-0.409,9007
0.005,5065
-0.0689,9110
-0.13,9403
0.0599,3476
0.0118,5068
0.866,445
-0.0318,6192
0.118,821
0.0433,3929
0.0311,4664
-0.0183,6386
-0.0719,8023
-0.392,9650
0.107,2080
-0.138,8043
-0.0238,6115
-0.273,9259
-0.159,7191
-0.281,9090
-0.0445,7788
-0.153,9880
-0.37,10807
-0.234,9567
0.0305,4689
-0.0727,7906
0.223,369
0.193,816
-0.214,8811
-0.0455,6581
-0.241,9516
-0.129,6839
0.158,2523
-0.12,8502
-0.102,6409
0.315,348
0.162,2207
0.154,3544
-0.311,10504
0.265,1196
-0.303,9435
0.314,488
-0.249,9862
0.0893,3941
0.261,462
-0.266,10211
0.104,2543
0.599,65
0.134,3311
-0.298,9431
0.0528,4000
0.244,382
0.0321,4642
0.762,131
-0.213,8677
0.718,56
-0.0872,8327
0.0821,2842
-0.0303,6297
-0.313,10238
0.0634,3064
-0.0483,6225
0.275,1446
0.00531,5175
-0.187,8724
0.0479,4355
-0.0617,7171
0.00354,4954
-0.0687,8552
-0.0653,8235
-0.25,10234
-0.241,10557
-0.248,6371
-0.0105,5548
-0.197,8555
0.0367,4265
0.0114,4950
0.264,1496
-0.313,10149
0.0275,4680
0.0353,4185
-0.0534,8090
0.112,3379
-0.16,9777
-0.13,7981
0.0413,4152
-0.182,9251
0.0632,3614
-0.16,5287
0.0916,3891
-0.435,10796
0.0714,4458
0.209,1158
0.285,35
-0.0391,5830
-0.0421,5984
0.217,1878
-0.295,7730
-0.0037,5682
-0.0939,8309
0.76,213
0.124,1764
-0.337,8857
-0.221,9677
-0.0797,8199
-0.167,10065
-0.149,8570
0.34,1374
0.299,1626
0.0265,4698
-0.253,10673
-0.0318,6196
3.38,185
-0.16,10069
-0.139,9498
0.0565,4230
-0.154,10597
0.0223,4434
0.0734,3658
-0.023,5870
0.936,139
0.25,379
-0.175,9324
-0.187,9151
-0.0373,5796
-0.165,9094
-0.135,8957
-0.373,10801
-0.0928,8502
0.00608,5123
1.35,133
0.096,2556
0.0347,4088
0.371,881
-0.178,10304
0.117,641
0.899,1147
-0.513,7533
-0.195,9982
-0.229,9375
0.0545,3907
-0.0588,7596
0.0233,4839
-0.385,10854
-0.0851,6971
-0.0791,9060
0.0733,1786
0.0271,4630
-0.145,8111
-0.12,6125
-0.172,8185
1.18,21
-0.0791,6734
-0.0171,5431
-0.109,9201
-0.0176,5959
-0.122,8199
-0.149,9006
-0.115,10858
-0.257,10802
0.0782,3930
-0.164,8743
0.949,498
0.193,1695
0.173,1137
0.163,3277
-0.115,8035
-0.259,9745
0.245,2351
-0.161,7423
0.128,2651
-0.401,8343
0.148,1619
0.0267,4787
0.155,2142
-0.0682,5586
0.0538,3815
0.107,1867
-0.0136,5847
0.109,3123
0.016,4817
0.0737,4072
0.183,1340
-0.0165,5624
0.00203,5465
-0.0481,6332
-0.00537,5315
-0.0492,6020
-0.17,5463
0.111,3760
-0.136,8572
0.161,2155
0.112,2196
-0.129,7371
0.0324,4081
0.0707,2707
-0.000182,5457
-0.356,10325
0.169,2785
-0.0911,6471
-0.193,9286
-0.222,10220
0.0434,4419
-0.00157,5405
-0.0356,6367
-0.0676,6369
-0.27,8755
-0.111,9461
-0.158,9386
-0.18,9735
-0.145,9167
0.235,1411
-0.216,8832
0.132,155
0.0416,3878
0.0546,3976
-0.0671,8116
-0.261,10781
0.102,3912
-0.398,10834
-0.212,9931
-0.243,9070
0.12,2948
-0.0113,5599
-0.157,9118
-0.255,10432
-0.119,8256
-0.374,10758
0.0459,4336
0.0413,4177
-0.097,8524
-0.258,9712
-0.251,7474
-0.104,6112
0.136,2342
-0.0444,6517
0.108,1189
-0.354,8224
-0.0785,7076
-0.208,8450
0.139,2470
0.0845,2525
0.253,746
0.118,1476
0.255,358
-0.0904,7483
-0.268,9460
-0.0798,8258
-0.0344,7490
0.0608,4203
0.12,3548
0.133,3115
-0.21,7435
0.0706,3349
-0.126,9254
0.695,16
0.0774,3561
-0.713,10802
-0.00099,5728
-0.189,10111
-0.147,8592
-0.231,5197
-0.0507,6805
-0.0664,5781
0.165,2329
-0.0317,6540
0.0392,4248
-0.24,10598
-0.0766,6342
-0.152,7990
0.269,518
0.0179,4510
-0.00912,5760
-0.067,6960
0.0145,4784
0.851,522
0.238,501
0.185,2359
-0.315,10781
0.111,1696
0.296,14
-0.1,8106
0.345,506
-0.101,8896
0.259,1215
0.21,663
-0.223,9868
-0.0842,7355
0.182,1577
0.0865,3388
-0.318,9502
-0.15,9401
-0.288,9356
-0.09,7213
-0.262,10210
0.346,40
-0.0306,6722
-0.0142,6028
-0.0015,5351
0.0252,4738
-0.0812,8912
0.309,424
0.15,451
0.0629,4231
0.0453,3975
-0.32,10701
-0.306,9553
0.0555,3935
-0.0948,7776
0.263,967
0.284,1017
-0.108,6599
-0.0389,6402
0.0053,5063
0.473,386
-0.129,7673
0.0971,2303
-0.185,8938
-0.0147,5815
-0.14,7804
0.175,1223
0.0526,4186
-0.0658,5695
1.59,94
0.0305,4542
-0.153,10027
-0.0903,7559
0.0987,3210
0.182,1169
-0.0567,6117
-0.405,10002
0.0515,3598
0.287,45
-0.17,8087
0.0894,3764
-0.105,7787
0.0527,4061
0.106,2603
-0.0114,5638
-0.236,10496
-0.153,8694
-0.0944,7542
0.0231,4881
0.0906,2136
0.0286,4609
0.0167,5025
0.0124,5074
0.241,1892
-0.357,10287
0.378,253
-0.182,10113
-0.14,8416
0.0556,4397
0.223,1774
-0.162,9781
-0.257,8806
-0.128,8857
-0.285,9700
-0.0937,7464
-0.321,10795
0.101,3217
-0.0151,5937
-0.0876,8403
0.112,2902
-0.212,8232
0.0715,4209
-0.212,9976
-0.0547,7371
0.219,1005
0.144,1804
0.303,1395
0.365,104
0.0384,4430
-0.237,9648
-0.0319,6834
-0.232,8055
-0.218,8641
0.15,1413
-0.23,8296
0.0769,2949
-0.115,9614
0.509,23
-0.0383,6232
0.102,2379
0.0819,2992
-0.0417,6621
-0.171,8723
-0.0738,7891
0.0854,3642
0.566,1029
0.101,1935
-0.00737,5388
-0.06,7213
0.263,579
-0.0597,6245
-0.117,6842
0.222,2355
0.184,1331
-0.105,8645
0.0416,4406
0.457,327
-0.144,9813
0.117,2352
-0.172,10865
0.12,1240
0.12,3405
0.753,581
-0.227,8914
0.0411,4401
0.152,1229
-0.0694,7903
0.019,4842
-0.109,8227
0.0758,4222
0.0459,4294
0.0763,3592
-0.153,10388
-0.218,9470
-0.218,10451
0.297,2887
-0.414,10762
-0.108,9643
-0.00772,5538
0.265,223
-0.0923,7353
-0.0596,7963
-0.0834,7388
0.186,1418
0.0607,3826
0.298,238
0.0143,5186
-0.0109,5724
0.0306,4516
-0.0805,8447
0.246,355
0.0127,4798
0.0927,4068
0.374,1739
0.229,1264
-0.188,9466
0.0701,3479
0.243,1880
0.923,32
0.0339,4615
-0.206,8536
-0.219,10267
-0.215,9283
-0.139,7859
0.0245,4554
-0.472,11027
0.0264,5019
0.0207,4371
-0.12,10349
-0.0734,6717
0.00274,4989
-0.0323,6203
-0.0261,6362
-0.157,9688
0.0571,3782
0.0381,4251
-0.0531,6414
-0.477,9676
0.358,1751
-0.0778,7343
-0.101,8052
0.0694,3276
0.33,371
0.0113,4887
0.181,1475
-0.0975,9134
-0.0503,7678
0.0766,4239
0.0685,3460
-0.403,10299
0.315,699
-0.0059,5603
0.147,1995
-0.208,9524
0.186,1926
-0.399,9215
0.656,558
-0.0948,7307
-0.0224,7117
-0.0364,6187
0.0499,3910
0.106,2923
-0.00849,4987
-0.0851,6836
0.0122,4984
0.232,2665
0.195,2411
0.0268,4747
0.0738,3650
-0.151,9072
-0.0397,6964
-0.0522,6855
-0.311,9696
-0.416,10926
-0.0537,6007
-0.214,10713
0.307,54
-0.111,6616
0.125,2730
0.413,1079
-0.129,8726
0.114,1895
0.0799,2952
-0.0628,6810
0.319,543
-0.261,10043
0.0798,4499
0.0287,4863
-0.00294,5387
-0.0359,6299
-0.393,10512
-0.171,9859
-0.0201,7196
-0.178,10680
-0.066,7777
0.173,925
-0.335,9559
-0.038,6101
0.0753,2782
0.274,1281
0.0621,3886
-0.325,10680
0.0715,3153
-0.409,10472
0.0207,4618
-0.202,9907
-0.149,10746
-0.11,8128
-0.0926,7941
-0.414,10069
-0.0421,6301
-0.102,7399
-0.0403,6921
0.116,3438
-0.0536,6473
0.933,302
-0.362,10037
-0.111,8727
0.101,2131
0.147,2971
-0.0773,6403
-0.326,10841
-0.19,10323
0.583,139
0.166,1017
-0.0174,5602
0.059,3735
-0.152,8867
0.247,2029
0.0409,4630
0.0877,3058
-0.234,10377
0.247,1686
0.297,958
-0.0378,6224
-0.0374,6437
-0.18,8267
0.646,219
-0.292,9824
0.159,1388
-0.00597,5676
0.00589,5245
-0.14,10034
0.221,1444
-0.225,8085
-0.114,7838
0.25,1207
0.00226,5447
0.116,2025
-0.389,9901
-0.24,10115
-0.151,8132
-0.255,10071
-0.34,10444
-0.114,9827
-0.0494,6828
-0.455,10410
-0.173,8278
0.245,1037
0.106,3403
0.0562,3698
0.0782,3251
0.135,3618
0.124,3332
0.0489,4189
0.0246,4704
0.222,507
0.057,4153
-0.141,8682
0.131,2990
0.243,679
-0.0133,5463
0.0625,3382
0.0337,4693
-0.511,10933
-0.148,8101
-0.0274,5203
-0.0137,6370
0.188,548
-0.00564,5489
-0.269,9099
-0.234,8966
0.122,2825
0.00447,5353
0.0808,3476
0.0321,4650
0.000521,5348
-0.162,10486
0.247,140
-0.181,10025
0.0991,3038
0.00356,5423
0.42,854
-0.0711,6228
0.107,2252
-0.0345,7258
0.437,160
-0.0563,6650
0.245,536
0.151,3460
-0.0241,6509
0.25,251
-0.0811,7737
0.00634,5082
0.416,1257
-0.0622,5403
0.0157,5022
-0.0108,6080
0.105,3431
-0.166,9228
0.457,597
-0.485,9865
-0.0476,7984
0.224,511
-0.392,10112
-0.291,10483
0.132,2645
0.384,78
-0.00757,5806
-0.0454,7113
0.0878,3153
0.0364,4774
-0.352,7931
-0.167,8871
-0.0855,10683
-0.158,10399
0.423,222
0.218,386
1.75,292
0.229,2370
-0.223,9771
0.0945,2800
0.0479,4097
-0.299,10523
-0.176,10046
-0.559,10459
0.0853,2948
-0.148,10277
0.0099,5039
-0.0545,6151
-0.374,9177
-0.0867,7117
-0.128,8442
-0.337,8501
-0.153,8378
0.0324,4426
0.0965,3367
0.129,2549
-0.0568,7768
-0.143,8700
0.323,313
-0.125,8002
-0.0704,6623
0.0152,4574
-0.158,8775
-0.0339,6728
-0.00342,5534
-0.0334,5246
-0.0499,5145
-0.0231,5411
-0.188,10355
-0.027,7077
0.184,1545
0.38,946
-0.0569,6222
0.0192,4534
-0.262,9277
0.107,2931
-0.0744,7442
-0.16,9425
-0.0333,7096
-0.0247,6480
0.137,941
-0.0731,8711
-0.437,7029
-0.452,6617
-0.251,10407
-0.362,10716
0.135,1303
0.129,1727
-0.466,10097
-0.177,7367
-0.315,9478
-0.071,5895
-0.153,10042
0.287,653
-0.0204,5458
0.285,1470
-0.144,7004
-0.0272,5734
0.0335,4517
-0.31,10293
-0.038,6900
-0.0261,6466
0.0423,3877
0.0947,2724
0.117,1866
0.0216,4546
-0.28,9546
-0.251,7885
-0.161,7425
0.107,3545
-0.0238,6149
0.0265,4585
0.135,2825
-0.369,10248
-0.225,8138
-0.195,9012
-0.123,10562
-0.0345,6224
-0.319,10280
-0.0672,7170
-0.544,9083
-0.00402,5464
0.0823,3420
-0.228,9653
0.303,800
0.0458,3722
-0.298,9890
-0.315,9084
0.0107,4880
-0.35,11017
-0.0565,6132
0.104,3670
0.114,2296
-0.271,8271
-0.157,10343
0.0055,5297
-0.177,8662
-0.15,8593
0.252,1174
-0.0848,5223
-0.133,9340
-0.0602,7088
-0.344,9878
0.298,347
0.00831,5203
0.0865,3720
0.092,2124
-0.102,8091
-0.062,7124
-0.145,8326
-0.00511,5493
-0.335,9218
0.314,1086
0.0828,3379
0.0586,3983
-0.371,7672
-0.389,10600
0.278,2575
-0.0498,6948
-0.0188,6491
-0.329,5556
-0.132,7173
0.169,155
0.137,3061
-0.0888,8708
-0.0168,6110
-0.201,9584
0.0258,4536
-0.297,10298
0.493,567
0.106,1771
0.0693,3334
0.154,1066
0.19,2854
-0.159,8672
-0.117,7206
0.075,3432
-0.0796,7825
-0.0484,5787
0.604,160
-0.388,10661
-0.25,9619
0.115,3155
-0.0216,6325
-0.243,9478
-0.233,9866
0.136,3531
0.0499,4161
0.131,2630
-0.108,10041
0.162,1399
-0.242,9560
-0.212,8246
0.251,1636
0.12,1871
0.373,563
-0.0483,6334
-0.0466,5847
-0.104,6820
-0.102,8518
-0.0669,7406
-0.215,10183
0.139,1858
-0.016,6091
0.0432,4584
-0.0635,7184
-0.156,9198
-0.0144,5793
0.416,412
-0.222,9872
-0.278,9755
0.276,1454
-0.0382,6458
0.208,1218
-0.0202,5780
-0.0538,6767
-0.107,6743
0.104,2763
0.272,113
0.0313,4649
0.0857,3359
-0.00933,5476
-0.112,8486
0.896,242
-0.0594,7918
-0.0817,7058
0.106,2802
-0.251,10635
0.417,1127
-0.0269,5484
-0.144,10138
-0.247,10733
-0.0946,8917
0.189,2552
-0.306,9460
0.0398,4366
0.00266,5412
0.16,643
0.0182,5007
-0.0317,5977
-0.216,7540
-0.0242,6051
0.0272,3950
0.065,3007
-0.277,10580
-0.397,10376
0.579,130
-0.00291,4901
-0.131,10112
0.282,1040
0.231,1831
0.0924,3705
-0.108,9078
0.0718,2885
0.0663,3763
-0.0423,6938
-0.0334,6481
0.0978,2411
-0.219,8797
0.183,1979
-0.00235,5527
-0.142,7697
0.316,1616
0.332,1174
-0.0781,7729
-0.0353,6452
0.0585,3976
-0.445,9690
-0.0446,8145
-0.161,8964
-0.293,10885
0.00789,5010
0.0184,4852
0.172,1374
-0.0449,6167
-0.166,9548
-0.127,10308
-0.296,10507
-0.305,10632
-0.112,7744
0.186,2663
-0.261,10611
-0.09,7470
0.00164,5264
-0.525,10440
-0.0805,7259
-0.125,7554
0.0953,3252
0.218,221
-0.0622,7672
0.308,941
-0.296,10899
0.182,2275
-0.0225,6614
-0.0999,8905
0.0959,2828
0.0491,3948
0.0742,3827
0.0914,2241
0.0697,3149
0.11,2174
-0.123,8057
-0.114,8697
0.106,3044
-0.295,8164
0.26,960
0.0811,1734
0.0897,3077
-0.0971,9821
0.0132,5086
0.201,2029
-0.0685,8740
-0.0329,6627
0.0422,4268
-0.0394,5554
0.194,2382
-0.0953,7272
-0.133,8820
0.0162,4843
-0.254,10534
0.137,2413
-0.0289,6033
-0.00216,5354
-0.112,9106
-0.264,10537
0.0437,4322
0.239,1282
-0.15,9113
0.0191,4715
0.0401,3273
-0.112,8731
-0.212,10168
0.0786,3395
0.121,2725
-0.0314,5623
-0.192,10633
-0.0692,7186
-0.146,8510
0.474,38
-0.301,10704
-0.012,5858
-0.114,8338
-0.0776,7758
0.132,3673
0.365,215
0.109,3374
0.0623,4007
-0.0513,6465
0.028,4424
-0.109,7914
-0.087,7445
0.105,3890
0.0136,5008
0.135,2603
0.148,2174
-0.104,8014
-0.239,9038
0.0571,4008
0.0327,4839
-0.0694,7420
-0.0621,6826
-0.0546,6962
0.103,3426
0.385,140
-0.0452,6871
0.262,483
0.389,1186
-0.218,9627
0.264,1948
0.344,899
-0.188,9217
-0.128,7926
-0.27,9487
-0.15,9319
0.146,2437
-0.403,9838
-0.157,10856
-0.324,10333
-0.0215,5691
-0.115,6800
-0.0705,6596
-0.189,9256
0.195,567
0.12,1903
-0.076,6532
0.0377,4616
-0.0677,6602
-0.0591,7288
-0.0261,5467
0.0162,4798
-0.129,7335
-0.273,9984
0.014,4855
-0.231,9672
-0.124,8053
-0.314,10607
0.0864,2930
-0.139,7514
0.0268,4720
-0.139,8271
-0.106,8708
0.079,3439
-0.231,10665
-0.348,10929
-0.0111,5914
-0.0385,6649
0.0451,3632
0.111,1818
-0.11,8941
0.00437,5207
0.0656,2634
-0.0353,5947
0.0723,2664
-0.000836,5532
-0.0518,6515
-0.18,8239
-0.0902,5864
0.0713,3913
0.222,958
-0.0613,9398
-0.035,6244
-0.0678,6984
-0.127,8796
-0.224,8788
-0.000364,5166
0.0527,3396
-0.124,8642
-0.0851,7451
-0.257,8985
0.249,956
0.168,560
0.125,2732
0.102,3054
0.737,124
0.102,1816
0.321,1772
0.0384,3508
0.0614,2751
0.589,353
-0.0499,5553
-0.0498,6162
1.04,299
0.187,1341
-0.19,9343
0.118,3379
-0.183,9141
0.163,2560
0.199,2743
-0.026,6520
0.153,1613
-0.105,8120
-0.00214,5383
0.33,1511
0.069,4467
-0.0194,5421
0.0437,3902
0.00152,5409
-0.0868,7385
0.143,2199
0.108,2112
-0.042,6707
0.253,1096
0.448,407
-0.145,9079
0.0318,4631
2.69,57
0.0255,4660
-0.0869,8216
0.29,2208
-0.165,7728
-0.0416,6104
-0.27,9574
-0.0643,7653
-0.101,7767
-0.165,8929
-0.0634,6220
-0.249,10705
-0.208,9971
-0.139,9398
-0.0161,6430
-0.173,9169
-0.227,9006
0.406,270
0.25,1203
0.257,75
-0.0364,6492
-0.12,6184
-0.22,8786
0.106,2946
-0.00337,5423
-0.0461,6763
0.226,1682
0.433,208
0.307,634
-0.0287,4916
0.0711,3351
-0.217,7594
0.0959,1903
-0.0173,5893
0.00964,4988
-0.203,9871
0.1,3188
-0.057,7567
0.0959,3579
-0.147,8624
0.445,192
0.00159,5005
-0.121,7529
-0.122,8448
-0.19,10091
-0.00539,5306
0.222,1384
-0.178,10379
0.00842,5136
0.141,1839
-0.165,9373
-0.171,10412
-0.151,9283
0.0689,2649
-0.0501,6822
0.0617,3368
-0.00256,5384
-0.199,10821
-0.207,8558
-0.228,11015
-0.204,8857
0.099,2857
0.0237,4865
-0.133,8989
-0.203,9684
-0.0539,7173
-0.15,9174
0.133,1438
-0.16,10551
0.283,494
-0.219,10180
-0.134,7650
0.0102,5079
-0.106,9690
0.149,227
-0.116,8323
-0.0127,5441
-0.115,8461
0.465,759
3.26e-05,5097
-0.0711,7121
-0.233,8902
0.454,578
-0.249,9777
0.0826,3782
0.174,2343
-0.215,10352
-0.0849,5339
0.0516,4188
0.141,2421
-0.577,9106
-0.0847,6945
0.146,2978
0.108,3320
-0.0408,5422
0.0287,4105
0.205,1456
-0.278,10302
-0.0748,6909
0.23,2302
0.208,1856
0.18,684
-0.209,9865
0.0732,3107
0.23,704
-0.156,7788
-0.0778,7488
-0.0249,6984
0.154,1414
0.297,788
-0.472,10115
-0.0792,8341
-0.0565,8190
0.493,190
-0.124,7190
-0.116,7365
0.222,2906
-0.379,9176
-0.0564,9609
-0.0959,10208
0.00386,5073
0.433,657
-0.0789,7503
0.14,2881
-0.214,9365
0.0661,3065
-0.163,9769
-0.0335,5770
0.0426,4021
-0.257,9738
0.266,326
-0.0481,7386
0.0484,3687
-0.114,8060
-0.228,9666
-0.0375,5946
0.0701,4157
-0.068,6424
-0.256,10972
0.132,2105
0.0468,4429
0.0233,4490
0.0364,4441
0.162,1725
-0.0797,8354
-0.058,7748
-0.0744,6480
0.0908,2629
-0.135,7911
0.146,1399
0.125,889
0.255,462
0.0264,4358
-0.199,8080
-0.338,9486
-0.0791,8228
-0.148,8649
0.266,1082
-0.0582,6677
-0.0917,7710
0.0397,3976
0.22,2909
-0.109,8025
0.49,126
0.153,1995
-0.11,6698
0.109,2974
-0.0367,6917
-0.138,10226
-0.176,8095
-0.074,7266
-0.0248,6137
0.017,4732
-0.0102,5538
-0.156,10117
0.0559,3681
0.881,3
0.0921,2953
-0.0991,6247
-0.108,7741
-0.0755,7776
-0.242,9503
-0.167,9516
0.405,1765
-0.116,6389
-0.0612,7263
0.141,1241
-0.0546,6570
0.0621,3300
0.0886,3344
0.118,2598
0.478,590
-0.0551,7427
0.00706,5028
-0.222,9398
-0.174,9215
-0.251,9409
-0.142,8151
-0.136,8248
-0.0822,7320
-0.00779,5467
-0.116,8237
-0.305,9973
-0.0893,10123
-0.149,7133
-0.0705,7190
-0.3,10903
0.0941,2995
-0.188,5856
-0.0735,8573
0.202,205
-0.0122,5315
-0.433,10528
-0.255,8647
-0.166,6165
0.288,390
-0.0179,5869
0.108,2880
0.151,1108
-0.125,7137
0.0515,4098
-0.0085,5375
-0.174,8778
0.0339,4252
-0.433,10096
-0.169,8513
-0.192,10416
-0.0263,5852
-0.0179,5416
0.221,996
-0.254,9183
0.633,49
0.119,2493
0.0615,4089
0.0546,2600
-0.0273,6335
-0.0416,7006
0.032,4697
0.0901,3574
0.169,1140
0.183,592
-0.0532,6380
0.000315,5328
-0.208,9297
-0.194,8916
-0.174,9089
-0.0314,8063
-0.046,6837
-0.173,8593
-0.104,6833
-0.282,9810
0.098,2381
0.0732,1007
0.249,386
0.101,2662
0.0688,3667
0.223,904
-0.112,7720
0.366,201
-0.0441,5458
-0.191,9053
-0.11,7317
-0.0981,8112
-0.271,9613
-0.0635,7966
0.408,98
0.249,1481
-0.00239,5638
-0.264,9509
-0.0651,6797
0.00308,5312
0.419,188
0.0634,3627
-0.153,6756
-0.447,10922
-0.0604,8388
-0.149,10787
-0.374,10709
-0.0631,6704
0.137,1578
-0.0473,6778
0.0508,3710
-0.25,10778
-0.117,7612
0.221,943
-0.0663,6460
0.371,942
-0.158,7670
0.0562,3323
-0.163,9179
-0.224,8878
0.146,3589
0.194,2208
-0.334,10754
-0.0934,9064
-0.0785,7470
-0.0421,6787
0.0631,3871
0.168,1684
0.00163,5082
-0.122,8902
-0.453,10246
-0.0879,7414
0.0381,4615
-0.184,8640
0.127,1653
0.0876,2448
-0.338,10527
0.0372,4648
-0.13,7261
-0.159,8874
-0.00959,5764
-0.0181,6184
-0.245,7858
-0.307,9560
0.223,1671
0.0601,3644
-0.00221,5533
-0.225,10517
0.212,3334
-0.051,6756
-0.0821,6768
0.11,3531
0.199,1753
-0.323,10982
-0.134,9610
0.108,2615
0.129,2627
-0.0458,7664
-0.095,8085
-0.0744,6848
0.262,1267
0.4,141
0.6,579
0.505,207
0.067,2920
-0.07,7384
-0.265,10210
-0.0542,6887
-0.276,8867
-0.405,9150
-0.0278,6293
0.25,1790
0.00404,5127
-0.135,7550
-0.0369,6192
0.1,1328
0.066,2326
-0.283,10990
-0.0878,7314
0.245,1467
0.201,788
0.194,2760
0.1,2794
-0.19,9635
-0.00461,5420
-0.273,8643
-0.0416,6535
0.0463,4041
-0.0699,6317
0.0881,3536
-0.0413,6263
-0.073,4667
-0.213,9778
-0.428,9424
0.125,2008
0.152,545
-0.0695,6637
-0.216,9714
-0.0451,6312
-0.762,8291
-0.0166,6077
-0.521,9751
0.203,1046
0.188,1324
0.224,2800
-0.445,10107
0.114,1911
-0.0401,6352
-0.143,7974
0.203,1027
-0.00569,5607
0.555,227
-0.0818,7196
0.0188,4689
-0.00942,5495
-0.23,8245
1.14,687
-0.00535,5171
0.0243,4338
0.203,153
-0.055,5629
0.441,1226
0.118,2594
0.312,725
-0.151,9619
-0.0108,5925
-0.0194,6094
-0.212,9585
-0.0541,4979
0.191,2431
-0.12,9560
0.0554,3612
0.042,4336
0.322,1331
0.166,2401
0.0616,3790
-0.109,9038
-0.046,6653
0.209,1605
0.141,1253
-0.0948,8793
-0.108,8325
-0.0589,7334
0.0746,3400
-0.254,9223
0.127,1639
-0.1,8610
0.128,2362
-0.265,10302
0.145,3038
0.0945,2914
0.0225,4754
-0.0402,6768
0.291,1415
0.199,1564
0.195,1686
0.15,2683
0.0369,4129
0.236,845
-0.0561,6454
0.0396,4021
0.439,518
-0.231,9352
-0.0536,7073
0.221,1189
0.433,891
0.0977,3216
-0.0863,7674
-0.0446,6457
-0.0589,7800
-0.00524,5399
-0.195,6306
0.0171,4931
0.0755,3755
-0.0156,5751
-0.0215,6490
-0.0905,8674
-0.487,10332
0.358,979
-0.0944,8487
0.396,587
-0.0608,6487
-0.508,11011
0.0217,4804
0.122,3149
-0.0482,6715
0.0686,3335
-0.0464,5996
-0.11,10211
-0.0146,6014
-0.0739,7248
-0.158,8921
-0.148,10160
0.0673,4035
0.0295,4067
0.0403,4482
-0.925,10960
-0.132,6818
0.323,1009
0.142,2173
0.0463,3364
-0.184,10283
0.0654,2784
-0.187,9810
-0.202,8785
-0.0374,6786
-0.0252,6789
-0.123,8307
0.133,2847
0.496,1035
0.262,2627
0.00214,5299
0.293,2719
-0.228,9625
0.228,1191
0.0868,3447
-0.13,9061
-0.209,10549
0.144,1473
0.0159,5017
0.0314,4589
0.27,1337
-0.233,7340
-0.0562,7332
-0.262,10710
0.159,1510
-0.0896,7358
0.191,1949
0.167,1929
0.113,3144
0.0253,4590
0.0351,4590
0.00589,5205
0.136,2956
0.0887,2887
0.0215,4109
-0.0537,5953
0.13,2113
0.0829,2954
-0.198,9852
-0.188,8695
0.039,3679
-0.137,9279
-0.241,8845
0.248,2136
0.271,1530
-0.901,10941
-0.0752,8117
-0.239,8805
-0.189,9527
0.0973,2256
-0.319,10825
-0.329,10501
0.0916,1898
-0.0265,5701
0.203,1618
-0.345,10276
-0.607,10812
0.0593,4182
0.169,1548
0.512,272
0.115,3285
0.262,970
0.0161,4661
-0.153,8253
0.198,1882
-0.0263,6172
-0.0672,7914
-0.336,10908
-0.181,9298
0.0191,5061
0.0878,2440
-0.242,10793
-0.0987,7155
0.158,3164
-0.302,7673
0.392,1966
-0.0209,6366
0.193,964
-0.298,10458
0.164,1778
-0.0934,7132
0.15,373
0.213,376
0.00702,5063
-0.208,8807
-0.114,8969
-0.154,8912
-0.224,10787
-0.0669,6815
-0.0654,7134
-0.0871,8784
0.251,854
0.151,2772
0.743,380
0.0291,4262
-0.26,10633
-0.056,7120
-0.00491,5362
0.214,1886
0.183,3779
0.0228,4553
-0.16,10760
-0.154,7787
-0.246,9015
0.2,1683
0.0429,3841
-0.119,8485
0.00492,5148
0.15,2329
-0.262,9796
0.00416,5369
-0.0289,5939
0.165,2831
0.0795,3508
0.109,2281
0.0106,4731
0.00949,5120
-0.0139,5165
-0.0596,7567
0.166,1088
0.209,1366
-0.212,9495
-0.0596,7239
-0.886,10491
0.104,2365
-0.0586,7099
0.254,818
0.093,2885
-0.305,9891
-0.109,8453
0.244,392
0.0142,5107
-0.301,5651
-0.22,8822
-0.041,6369
-0.415,10420
-0.262,10064
-0.0173,5900
0.163,2540
-0.346,7248
-0.332,10962
0.0737,2546
0.144,542
0.411,155
-0.0139,5983
-0.346,10776
-0.183,8726
0.146,2584
-0.299,10922
0.853,20
-0.33,6784
-0.132,7300
-0.365,9838
-0.00336,5449
0.0303,3654
0.134,2418
0.206,1689
-0.0685,5978
-0.0127,5358
0.0856,2842
-0.0778,8952
-0.0924,6747
-0.0102,5354
0.317,221
0.0951,3702
0.307,1094
0.157,649
0.149,2421
0.165,2664
0.378,536
-1.15,10206
-0.117,8579
-0.0841,9258
-0.14,8805
0.0909,3358
-0.233,9685
-0.0128,5930
-0.0968,8560
-0.101,9213
0.266,867
-0.135,7894
-0.0859,7084
0.256,1018
-0.169,9000
-0.0559,8348
0.0853,2944
0.0659,4134
0.0758,3580
-0.253,9245
-0.0812,8525
0.0647,3785
-0.0204,6135
-0.154,8557
-0.0983,6924
-0.0749,8195
0.0269,4436
-0.0965,8538
0.0781,2797
-0.22,10273
-0.074,7516
-0.287,8479
-0.208,9974
0.0849,1670
0.408,173
0.144,2073
0.185,2599
-0.276,9722
0.0182,4925
-0.295,10933
-0.0808,7144
-0.148,8103
0.0339,4377
-0.25,9377
-0.0917,7013
-0.142,10036
0.301,1079
-0.285,8078
-0.0972,9125
-0.388,10547
0.212,1482
-0.636,10843
-0.166,8787
0.037,4413
0.112,1594
0.107,2904
0.245,1180
-0.00362,5344
-0.241,8478
-0.725,10086
0.475,413
0.0725,2896
-0.119,9144
-0.26,10708
-0.169,7096
-0.355,8907
-0.202,10557
0.0275,4427
-0.0219,5746
-0.16,8564
-0.252,7516
-0.305,9617
-0.0069,5239
-0.0145,5822
-0.372,10930
-0.33,10781
0.154,1654
-0.11,7291
0.0544,4068
0.491,479
-0.0401,6956
-0.128,8880
-0.194,8760
-0.0709,6461
0.113,2507
0.144,2520
0.288,1181
0.256,434
0.234,65
-0.134,8513
0.0856,2241
0.0673,3562
-0.0449,6689
1.35,0
-0.217,6732
-0.0366,5850
-0.00476,5245
0.192,1215
0.0164,4842
0.201,1760
-0.214,9247
-0.343,9000
-0.074,7711
-0.0385,6326
0.437,775
0.167,984
-0.0105,5706
-0.162,8232
-0.113,10534
0.0233,4821
0.627,404
0.32,1745
0.059,2856
0.228,845
0.0266,4748
-0.0248,6351
-0.0992,8718
-0.158,9777
0.415,165
-0.0323,5737
0.142,1665
0.244,20
0.154,2985
-0.146,7858
0.323,613
-0.263,9232
-0.148,8668
-0.0314,6212
0.0346,4599
0.0712,3471
0.0333,4645
-0.351,9857
0.0553,3669
0.088,3148
0.0923,3265
-0.258,8369
0.272,3115
0.783,856
0.167,1130
-0.304,10144
-1.1,10534
0.294,2591
0.168,2984
-0.0646,6351
-0.242,10183
0.057,2936
0.0131,4983
-0.0632,5906
-0.145,9068
-0.0744,7194
-0.126,9767
0.207,948
0.0662,3080
-0.121,8970
-0.278,10689
0.0381,4628
-0.0222,6718
0.0558,2578
-0.0443,6790
0.0421,4757
0.0165,4893
-0.0745,6738
-0.0757,7581
-0.0458,7195
-0.271,10489
-0.0202,6092
-0.0959,9077
0.0327,4767
0.159,1036
-0.156,9754
-0.14,9304
0.0227,4696
0.0538,4278
-0.128,8441
-0.141,9366
-0.147,9870
-0.0937,7407
-0.107,8352
0.268,1970
0.109,3345
-0.0243,6175
-0.177,8600
0.00841,5111
0.175,2758
0.226,1918
0.0901,2077
0.0458,4207
-0.107,7690
-0.164,8082
-0.147,9581
-0.222,9224
0.348,961
0.0339,4256
0.0214,4583
-0.0714,7377
0.692,114
-0.065,6586
0.476,748
0.101,2261
-0.103,9915
-0.376,10217
-0.172,7330
0.401,689
0.0228,4794
-0.134,8540
0.0475,3832
0.0711,3357
0.06,3775
0.156,1671
-0.227,9110
-0.245,9051
0.0774,2917
0.245,1008
0.226,1025
-0.0012,5047
-0.328,8249
0.33,233
0.399,591
-0.0613,7916
0.204,2329
-0.0338,5468
-0.0881,7630
0.0268,4608
0.306,65
0.42,1489
0.15,2832
0.0285,4689
0.0366,4305
-0.00411,5641
-0.218,10413
0.0371,4115
0.00591,5330
0.72,214
0.00121,5206
0.163,1865
-0.0305,6308
-0.0939,6871
0.00392,5176
0.268,1474
0.0592,3908
-0.0797,7579
-0.165,7827
0.0508,3586
0.0144,4883
0.103,2404
0.138,856
-0.062,8533
-0.0182,6225
-0.0868,8124
0.0885,3833
-0.256,9176
0.0346,4608
-0.0479,8422
-0.14,9231
0.202,158
0.186,1811
-0.136,7382
0.0137,5251
0.103,3871
-0.161,9440
-0.0831,6897
-0.0287,6203
-0.00574,5786
-0.0831,6349
-0.107,7966
-0.119,8470
0.0782,3388
-0.0142,5670
0.537,930
-0.157,10209
-0.0174,6319
-0.0785,8386
0.15,665
-0.125,9034
-0.112,6475
-0.0417,5827
0.0343,3937
-0.00299,5527
-0.371,9326
-0.291,9266
0.0481,4239
0.168,1594
-0.126,9156
0.0665,3958
-0.116,8433
0.116,3231
0.0691,3150
-0.0347,6419
-0.0864,7847
-0.297,10192
-0.338,10845
-0.15,8512
-0.069,7666
-0.0536,6561
-0.022,5676
0.653,54
-0.293,7798
-0.211,7395
-0.184,9227
-0.0588,6643
0.131,2931
-0.146,9635
-0.146,6924
-0.0855,6902
0.201,1795
-0.235,8317
0.0401,4348
0.228,349
-0.358,10612
-0.0171,5274
-0.0138,5144
-0.103,7069
0.0154,4672
-0.168,9187
-0.132,8565
0.0775,3145
-0.109,9319
-0.185,8102
-0.358,10993
-0.0292,6802
0.0617,4266
-0.218,9753
-0.179,9590
-0.148,7545
0.176,1035
0.0915,4048
0.366,826
0.126,2227
-0.0331,5958
-0.0307,6463
-0.0983,7414
-0.0388,6287
0.355,902
0.194,1895
0.0614,3979
-0.0356,6310
-0.0503,7021
-0.093,8775
-0.155,8440
-0.0982,7969
0.0476,4125
-0.177,9204
-0.0834,9465
-0.158,8692
0.0397,3600
0.139,2782
-0.342,10224
-0.493,10802
0.0933,2830
0.0634,4195
0.15,2715
0.189,2327
-0.00229,5278
0.0887,2025
-0.0595,7320
0.0513,4164
-0.19,8929
0.218,534
-0.22,9676
-0.15,10951
0.0431,2839
-0.087,8159
-0.0631,6524
-0.0294,6226
0.493,59
0.196,1059
0.12,1752
0.394,634
0.00864,5062
0.297,1940
0.849,494
-0.153,10022
0.181,2605
0.137,2863
-0.0346,6096
-0.18,9251
-0.0495,6611
0.0985,3314
0.0228,4394
-0.143,5123
-0.396,10473
-0.136,6986
0.101,3527
-0.136,10700
-0.0272,6002
-0.295,10615
0.0839,3274
0.0269,4562
0.0642,4124
0.0978,1830
-0.0916,8678
-0.0304,6797
0.105,3683
-0.145,8643
-0.539,10424
-0.0643,8265
0.381,66
-0.296,9264
0.133,2353
0.00856,4720
-0.0559,6015
-0.194,10184
0.243,371
0.0329,4766
-0.0763,8176
-0.26,9204
-0.0643,6317
-0.262,10928
-0.0238,7482
-0.0621,6397
-0.0113,5245
0.293,1227
-0.0872,8067
-0.0207,6648
-0.13,8352
0.207,1026
-0.13,9651
-0.0731,6656
0.00859,4892
0.0609,3392
0.192,1259
-0.137,8619
-0.117,8532
0.242,2781
-0.143,9905
0.254,1106
-0.164,10847
-0.0629,6238
-0.177,9908
-0.18,6197
-0.0472,7408
0.00701,4860
-0.018,6027
0.0825,2903
-0.257,10805
0.0362,4893
0.151,2954
0.0346,4014
0.176,1575
0.105,2663
-0.19,7555
0.473,352
0.318,2068
0.125,2914
0.154,1437
-0.0663,8010
0.0398,4335
0.16,2066
-0.0709,6607
-0.023,6330
0.157,1366
0.203,2017
-0.159,8547
0.0469,4185
0.115,2808
-0.0549,7428
-0.0252,5702
-0.00999,5666
-0.0633,6737
-0.354,10020
-0.0235,5520
0.1,3107
0.0216,4693
0.394,1374
0.288,914
0.221,2227
-0.329,10534
-0.0699,6992
0.0306,4487
-0.121,7831
-0.141,8169
-0.0261,6123
0.0733,3891
0.079,3391
-0.105,6502
0.176,2984
-0.0892,7726
-0.116,6704
-0.0514,6452
0.239,407
-0.00739,5437
-0.158,7814
0.236,951
0.217,614
-0.0362,6237
0.0938,3326
-0.135,8160
-0.097,7926
-0.239,9667
0.00295,5400
0.286,850
0.23,241
-0.113,9446
-0.22,8307
-0.333,10321
-0.36,10164
-0.307,9449
-0.0823,7683
-0.236,10578
-0.134,7341
-0.0683,6883
-0.0029,5174
-0.0169,5582
0.0853,2842
-0.169,9175
0.0444,4236
-0.0963,6790
0.0137,4805
-0.34,9693
0.0713,3742
-0.0233,5699
-0.32,10083
-0.0837,7622
0.256,902
-0.219,6311
-0.087,8062
-0.118,9695
-0.186,8557
-0.0375,6854
0.0727,3696
-0.191,9242
0.0585,2622
-0.204,10843
-0.051,6716
-0.0917,8394
0.186,3591
0.36,2776
-0.164,10165
0.109,2162
-0.242,8434
0.0931,4113
-0.398,9665
0.152,2896
0.441,1654
-0.147,9036
-0.145,8317
0.888,25
0.0932,3661
-0.0848,8081
0.326,204
-0.0967,8032
-0.0682,7914
-0.326,10252
-0.456,10343
-0.0669,7909
0.193,1346
0.333,409
-0.0727,7619
-0.103,9238
-0.174,9282
0.0626,2405
0.069,2793
-0.00476,5370
-0.134,8336
-0.00698,5629
-0.138,8008
-0.0898,8209
-0.156,9969
0.5,1375
-0.304,9100
0.142,2681
0.127,1205
0.16,3726
-0.0365,6276
0.0926,2398
0.0227,4681
0.0131,5030
0.025,4526
-0.0706,7704
-0.198,9799
0.365,158
-0.103,8500
-0.177,9590
-0.139,9852
-0.0641,7380
-0.0799,7187
-0.123,6791
-0.174,6517
0.12,2138
-0.0717,7783
0.0625,3245
0.26,596
0.22,1054
0.0813,3191
-0.206,7753
-0.23,9233
-0.195,9931
-0.0917,7573
-0.351,9169
0.19,1971
0.18,2802
-0.088,5845
-0.269,10473
-0.17,9120
-0.0402,7308
-0.428,10796
-0.0965,7716
-0.0929,6859
0.0564,2901
0.0457,4030
0.162,2007
-0.0491,5363
-0.101,7145
0.207,2377
-0.253,9567
-0.167,9870
0.342,514
-0.0271,5979
0.0337,4565
0.126,2744
-0.208,10861
-0.297,10250
-0.127,9040
0.0724,3368
-0.105,8029
0.0389,4179
0.156,1910
0.106,1215
-0.242,8849
-0.248,10711
0.137,3180
-0.141,9238
0.0176,4917
0.186,1509
0.0473,4623
0.00451,5243
-0.101,7706
0.35,1732
-0.0974,7704
-0.0694,8335
0.0542,3866
0.0539,3901
0.193,1042
-0.115,6451
-0.28,9914
0.214,985
-0.222,8337
0.0865,3378
0.0673,4057
-0.176,9728
-0.0389,6663
-0.193,10101
-0.0601,7154
-0.0709,6704
0.303,1012
-0.0979,7143
-0.0753,7471
-0.113,8856
-0.229,9965
0.0889,3361
0.177,1057
-0.257,10112
0.186,290
0.0306,4012
-0.104,8807
-0.0293,6076
-0.163,9815
0.638,1201
-0.035,6571
-0.00333,5420
-0.148,9548
-0.159,8267
-0.362,10579
0.41,772
-0.132,8430
0.0511,3400
-0.0814,7606
-0.0213,5664
-0.252,9131
0.234,1903
0.0177,4228
-0.607,10380
-0.275,9838
-0.533,10996
0.0115,4964
-0.0779,7748
0.0422,3576
0.378,273
-0.00207,5457
0.113,3888
-0.134,7748
0.137,3136
0.0954,2561
0.132,2265
-0.102,6611
-0.328,10318
-0.245,8972
0.145,2905
0.104,2019
-0.0105,5768
-0.0854,6790
0.0119,5221
-0.0687,6269
-0.276,9872
-0.104,8092
0.0345,3706
-0.103,8650
-0.227,6254
-0.0438,7443
-0.133,6603
-0.0928,8958
-0.121,9708
0.219,1717
-0.21,9938
0.00268,5139
0.353,623
0.102,1816
-0.348,10705
0.118,3586
-0.0298,6214
0.055,4299
0.388,819
-0.0139,5994
0.0469,3875
-0.262,9485
-0.238,10661
-0.383,8900
-0.233,10254
0.113,3026
-0.274,10592
0.155,3465
-0.32,9647
-0.167,9729
0.0324,4478
0.146,1514
0.0617,2971
0.231,1041
0.0437,3820
0.135,3326
-0.343,10630
-0.133,6827
0.0718,3366
0.46,615
-0.111,7829
-0.0209,5332
-0.19,9026
-0.0165,5950
-0.0505,6322
-0.0683,6479
0.501,279
-0.232,10404
0.0313,4690
0.334,142
-0.122,9966
0.341,1922
-0.0618,6734
0.0102,4946
-0.0675,6411
-0.294,10860
0.126,2337
0.224,1575
-0.209,9327
0.171,2730
-0.096,7407
0.131,1421
0.0988,1147
-0.102,7693
-0.151,8062
0.118,3582
-0.257,10251
-0.0379,6403
0.00108,5334
-0.151,9612
-0.0607,7845
-0.171,8646
-0.465,10128
0.173,749
0.117,2095
0.0547,3846
-0.0723,7179
0.265,2257
0.231,2185
-0.0119,6074
-0.224,10085
-0.111,7917
0.425,477
0.0709,4118
0.101,3239
-0.0623,6948
0.0749,3260
0.28,1148
-0.296,9586
0.118,2452
-0.103,6723
0.0858,1851
-0.0783,7520
-0.0693,7218
-0.491,10934
-0.00542,5380
0.345,948
-0.216,9660
-0.461,10645
-0.268,10444
-0.299,10485
0.246,1449
0.0855,2789
-0.341,9324
0.137,1779
-0.0697,6773
-0.0191,5402
-0.271,7417
0.0132,4719
0.113,1123
-0.118,9023
0.0597,4166
-0.258,9366
-0.253,7353
0.155,2166
-0.0168,5874
0.183,967
-0.353,10531
-0.221,10115
-0.12,8789
-0.346,10557
0.0446,3303
-0.00894,5780
-0.0642,7502
0.0402,4328
0.116,3518
-0.0229,5048
-0.213,10500
-0.042,6592
0.0596,4293
0.0255,4713
-0.1,7546
-0.0956,7413
-0.153,8834
0.0628,3225
0.169,458
0.0397,4253
-0.0674,6226
-0.0254,5704
0.0788,3032
-0.011,5657
-0.196,9147
0.296,591
0.369,160
0.177,588
0.0984,2194
0.0985,2830
0.0583,4300
-0.071,6509
0.333,1903
-0.106,7238
0.2,1191
0.0737,2474
-0.362,9046
-0.352,10869
-0.0465,6570
0.0687,4120
-0.0713,7630
0.18,1677
-0.145,8832
0.00301,5292
0.18,1745
0.0439,4946
-9.17e-05,5415
0.12,3275
-0.459,10650
-0.152,7731
-0.0427,6200
0.11,2540
0.173,1969
-0.0414,7084
-0.143,9229
-0.156,8455
-0.0566,5500
0.236,1101
-0.0407,6936
1.68,0
-0.0971,7549
0.0901,2915
-0.229,9339
0.126,759
0.023,4315
0.0207,4803
0.135,2165
-0.16,7852
-0.272,9572
-0.0683,6216
-0.147,9930
-0.0768,7546
-0.128,6913
-0.122,6852
-0.0116,5418
-0.308,8456
0.288,804
0.062,3818
0.249,478
-0.0982,8316
0.462,493
0.00681,5101
-0.107,8577
0.335,427
-0.197,6970
-0.267,9814
-0.321,8950
-0.0625,7218
-0.0444,7239
-0.165,10678
0.225,675
0.16,1921
0.0744,3741
-0.0606,8053
-0.0532,7627
-0.175,10476
-0.0884,5491
-0.411,11021
0.00406,5423
-0.0641,7017
-0.0287,5899
0.0357,3844
0.0277,4477
-0.25,10211
-0.0131,5696
0.119,3833
-0.12,8975
0.0613,3612
0.276,626
-0.067,6834
-0.155,10361
-0.168,8438
0.224,308
-0.185,9266
-0.117,7963
-0.242,10592
0.0457,3550
-0.0334,6376
-0.0645,6795
0.042,4358
0.0689,3469
0.0138,4869
-0.083,7872
0.0244,4725
-0.0163,5501
0.0631,3104
0.145,2746
0.411,163
0.0604,4269
-0.178,10600
0.107,1779
-0.122,7909
0.089,3093
-0.214,9074
-0.272,9212
-0.278,10486
-0.11,7534
0.239,1769
0.19,2373
0.0314,4589
0.0325,4453
-0.418,10356
-0.0834,8307
0.311,139
-0.208,10662
-0.197,9695
-0.0777,7141
-0.104,10452
-0.0445,7163
-0.0688,7330
0.243,1768
0.00599,5248
0.0573,3778
0.0776,3930
-0.0556,9048
0.108,2137
0.0557,3748
-0.226,9405
0.0933,4210
-0.132,7393
0.169,890
0.467,114
-0.189,10049
-0.251,10211
-0.0696,7199
0.0813,3137
0.113,2433
-0.0242,5937
-0.0724,7561
0.0219,4771
0.0401,4264
-0.116,7509
-0.0654,6262
-0.25,9608
0.033,4713
-0.0332,6110
-0.0995,7169
-0.0663,7284
0.0575,3185
-0.053,6515
0.131,2888
0.143,2415
0.0492,3146
-0.102,7125
-0.274,10297
-0.0169,6115
0.0442,3703
-0.398,10890
-0.0496,5954
-0.00633,5832
-0.186,10409
0.114,691
-0.101,8638
-0.0605,7859
-0.309,8856
0.0515,3530
-0.0873,7145
0.111,3282
0.546,73
-0.469,10638
0.0425,4099
-0.587,9607
-0.121,7949
-0.071,8569
0.0967,3539
0.491,219
0.217,1765
-0.151,10254
0.0908,3319
0.0844,2748
0.515,417
-0.229,9439
0.139,2320
-0.145,8078
-0.00308,5571
-0.146,9074
0.0327,4470
0.0797,3922
0.38,697
0.0635,3692
0.102,1067
0.112,1116
0.0342,4569
-0.167,8945
0.0488,4209
0.291,844
0.158,1728
0.0597,3036
-0.113,6458
0.185,1363
0.03,4713
-0.17,8486
0.0902,2578
-0.0419,6782
-0.034,5852
0.287,2101
-0.0405,7264
0.346,1705
-0.223,10795
0.192,1380
0.176,1407
0.268,1198
-0.153,7706
-0.18,10195
0.0666,3428
-0.0431,6960
0.468,368
0.0642,4209
-0.277,9057
-0.196,9563
-0.293,9177
0.115,2161
-0.182,8456
-0.243,10359
0.38,628
0.256,570
-0.0816,8668
-0.114,8822
0.179,1622
0.0347,4510
-0.0544,6375
0.14,1707
0.0222,4884
0.259,1081
0.442,678
0.114,2316
-0.188,8410
0.22,1299
0.022,4708
0.096,2947
-0.0223,6432
0.101,2128
0.00209,5272
-0.401,10932
-0.123,9482
-0.235,10509
0.291,1732
-0.0617,7925
0.149,2727
-0.111,8458
-0.00287,5481
0.0666,3227
0.274,1249
0.0148,4983
0.112,2825
0.411,408
-0.0811,9627
-0.146,9205
0.1,3476
-0.0913,7823
0.0808,2257
-0.0708,7659
0.194,1937
-0.0666,7074
-0.0235,5890
-0.0698,6234
0.211,1504
-0.307,9918
0.101,2010
0.151,1091
0.0804,3080
0.172,2402
-0.263,10359
-0.139,7571
-0.051,6782
-0.0248,6112
0.156,1962
0.729,473
-0.272,9550
0.328,1304
-0.227,10017
-0.0949,8662
0.0338,4459
0.229,1778
0.127,2285
0.0274,4434
-0.0583,7198
-0.132,9312
-0.335,10541
-0.165,6968
0.484,116
-0.163,9009
-0.0244,5716
0.024,4208
-0.176,9120
0.0196,4864
-0.357,9104
0.343,728
-0.185,10818
0.0482,2774
0.00279,5224
0.026,4622
-0.124,9679
0.0273,4610
0.00403,4916
-0.245,10912
0.00304,5465
-0.27,10109
0.022,4753
0.0851,3986
-0.0779,7413
0.183,115
-0.105,7693
0.218,757
-0.266,8233
0.356,316
-0.0571,8546
-0.166,10541
-0.0203,6007
0.022,4787
-0.193,8728
0.0393,4149
-0.2,9753
-0.0789,8658
-0.0962,8775
0.0426,4214
-0.324,7427
-0.0633,6647
-0.102,8350
0.156,906
0.0451,3934
-0.308,10308
-0.212,10266
-0.0149,6049
-0.034,7234
-0.0888,8481
-0.143,9017
0.517,1410
0.00953,4985
0.135,3610
0.477,494
0.103,2954
0.0815,3857
0.00788,4777
0.0871,2499
-0.25,9371
0.0631,3642
-0.164,9730
-0.0841,7578
0.136,1991
-0.142,9216
0.0137,4964
-0.0261,5781
0.243,1073
-0.0527,5847
0.297,2024
0.0856,3501
-0.486,10567
0.236,842
-0.0222,5969
-0.062,6276
-0.0905,7819
-0.18,8713
-0.398,10875
0.0879,3203
-0.000396,5185
0.137,2614
0.168,1521
-0.00765,5490
0.42,676
-0.0315,5884
-0.211,9178
0.0438,4558
-0.292,8916
0.185,1309
0.358,860
-0.173,10020
-0.0329,6351
0.302,472
-0.0875,6779
0.000616,5158
0.0978,3560
0.209,479
0.0497,3983
0.255,247
-0.0784,8227
-0.175,8645
-0.117,6862
0.0293,4698
-0.129,9394
0.169,2658
-0.301,10377
0.661,1355
-0.201,5478
0.148,2801
-0.0196,5744
-0.175,9581
-0.172,8033
0.0262,4165
-0.0655,7357
-0.0534,7142
0.158,1004
0.22,932
0.286,710
-0.213,9914
0.162,3292
-0.107,8885
0.0391,3546
-0.264,9310
0.122,2623
-0.113,7265
-0.159,8644
0.142,1527
0.128,2396
-0.076,6700
0.062,3951
-0.0673,6206
0.0769,3726
0.0761,3057
0.105,2655
-0.0899,7051
-0.0973,8435
0.0429,3894
-0.2,8427
0.0297,4318
-0.145,9112
-0.016,5746
0.221,752
0.151,2045
-0.134,7027
-0.322,11001
0.0757,2597
0.174,2544
0.0428,4215
0.217,2222
-0.405,10852
-0.204,10721
-0.1,7090
-0.495,10337
-0.0332,6219
0.0661,3495
0.429,684
0.0786,2888
0.275,214
0.0791,3472
0.0932,3498
0.083,3438
0.18,1606
0.0601,3177
-0.0593,7853
0.358,1408
0.0224,4672
-0.0983,7745
-0.333,10912
-0.167,9031
0.0422,4110
-0.0655,6971
-0.0473,7059
-0.0528,6845
0.0587,3463
0.0807,3325
0.115,2561
-0.184,8755
0.0514,3832
-0.198,7326
-0.114,8787
0.00564,5107
-0.0297,6792
-0.0621,7635
0.223,1396
-0.144,9649
0.209,641
0.0792,1644
-0.193,9244
-0.181,10039
-0.0588,6747
-0.438,10677
-0.0664,7291
-0.12,8103
-0.17,9018
-0.297,10428
-0.247,10306
-0.164,8264
0.0277,4357
-0.182,8879
-0.19,9865
-0.144,9503
-0.354,8722
0.508,323
0.062,3918
0.21,869
0.12,2439
-0.227,9731
-0.15,8809
-0.103,7424
0.0605,3589
0.227,835
0.0955,2641
0.0431,4369
0.257,1988
0.0371,4537
-0.314,10853
-0.17,9590
-0.256,10344
0.201,2518
0.0696,3946
0.172,1690
0.0166,4897
0.0327,4200
0.107,2645
-0.0476,7088
-0.0413,5833
-0.131,8586
-0.24,10480
-0.0318,6435
0.252,1246
0.088,3438
0.249,314
0.247,841
0.0101,5058
0.105,1658
0.521,1586
0.481,216
-0.258,6307
0.047,3759
-0.11,8445
-0.163,7100
-0.0256,5247
-0.17,9544
0.0637,3501
-0.083,8049
0.0507,3047
-0.0523,6344
0.0687,3833
0.664,268
0.00955,5020
-0.138,8973
-0.293,10041
0.658,255
-0.2,9451
-0.0653,6893
0.0777,3756
0.104,2702
-0.0834,9064
-0.164,7240
-0.416,10875
-0.0511,6218
0.0345,4536
-0.146,9630
0.0858,3772
-0.0588,6486
0.117,1182
-0.336,6940
0.088,2441
-0.0792,7960
-0.149,10164
-0.152,9644
0.048,4313
-0.122,7885
-0.349,8594
-0.0688,8868
0.21,928
0.0307,4757
-0.035,6117
-0.176,7966
0.106,3412
0.0886,2620
-0.0992,7445
0.157,2957
-0.0561,6429
-0.476,9784
0.256,2011
0.234,419
-0.136,8201
0.063,3937
-0.224,10065
-0.126,9867
-0.129,8141
-0.00395,5325
0.0683,3437
0.247,1415
0.219,1437
0.213,2275
-0.24,9368
0.142,824
-0.0554,7670
-0.0221,5944
0.139,2862
-0.32,10417
-0.103,7924
0.131,926
0.157,1139
0.23,1335
-0.222,9284
0.068,3526
0.0574,3043
-0.077,7250
0.25,413
-0.226,9968
-0.14,8533
-0.0671,6388
-0.115,8806
0.00364,5097
0.0211,4622
0.0968,3069
0.948,118
-0.0305,6314
-0.345,9697
0.0523,3402
0.0691,2479
0.0999,3256
-0.282,10091
-0.0203,5607
-0.0153,5630
0.00844,4982
0.144,2108
-0.0121,6075
-0.0884,8013
-0.187,9226
0.0325,4560
-0.0986,7249
-0.0113,5687
0.175,1746
-0.0549,6912
-0.198,8003
-0.0444,5822
-0.0494,7386
-0.142,9567
0.0551,4113
-0.134,8167
0.541,235
0.0666,3071
0.27,539
-0.0205,5576
0.0265,4256
-0.119,9468
0.261,2558
-0.0662,6873
0.0139,4829
-0.21,10217
0.0951,2529
-0.00172,5558
-0.214,9961
0.0958,3485
0.0419,4076
0.0947,2240
-0.0266,5836
0.266,767
0.111,2617
0.035,4462
-0.0109,6215
-0.0499,7086
-0.113,8442
-0.205,8427
0.406,1785
0.0862,3153
-0.0624,8152
0.00843,5073
-0.049,6276
-0.0302,5587
-0.285,8637
0.156,2022
0.00885,4962
0.167,2543
-0.163,9877
-0.137,8376
-0.322,9752
0.0581,3648
-0.0383,6314
-0.118,9338
-0.262,10681
-0.0304,5936
-0.142,8548
-0.12,9524
0.222,1042
0.0581,3106
0.233,364
-0.0888,7305
0.265,383
0.0212,4691
0.0866,1537
0.0862,3775
-0.0621,7263
-0.0989,9575
0.0357,4724
-0.105,7659
0.141,1263
-0.256,10834
-0.208,9593
-0.312,10995
-0.17,8734
0.114,3313
0.0638,2683
-0.127,9289
0.085,4077
-0.2,9462
-0.0891,7786
-0.0815,6288
0.133,2584
-0.0298,6927
-0.135,8935
-0.235,9463
0.0813,2718
-0.0255,5641
-0.114,7849
-0.0487,6598
-0.0255,5462
-0.123,8475
-0.222,9587
0.075,3573
-0.0202,6540
-0.094,7066
-0.259,10362
0.0132,4989
-0.0449,6513
0.23,1196
0.019,4553
-0.00849,5699
0.069,4157
-0.0537,6376
0.0699,4196
0.508,839
-0.125,10345
-0.01,5854
-0.0267,5850
-0.0868,6620
-0.0119,6043
-0.249,9825
0.121,2280
0.129,924
-0.295,10897
0.0721,3317
-0.0409,6127
0.134,3287
0.0265,4250
0.205,285
-0.21,9637
-0.212,9733
-0.18,9151
-0.188,7600
0.0887,3141
0.0195,4999
-0.0175,5813
-0.0801,7486
0.106,1936
-0.201,9770
0.0602,3134
0.154,1368
-0.0165,5632
0.00382,5082
-0.0564,6701
-0.233,9895
0.3,917
-0.11,7752
-0.188,7921
-0.0352,6219
-0.00604,5361
0.213,1065
0.327,578
-0.378,10644
0.00974,4869
0.126,2902
-0.103,8303
-0.0794,7824
-0.106,6637
0.235,1322
-0.3,10810
-0.169,8768
-0.0875,9328
0.0135,4893
-0.0106,5788
-0.0438,6311
0.0283,4719
0.014,5169
0.0453,3769
-0.282,10080
-0.415,10872
0.263,690
-0.18,10262
-0.0663,8202
-0.00215,5251
-0.185,8974
-0.0474,6602
0.0192,4984
0.00907,4873
0.447,1
0.089,3021
-0.126,9039
0.119,1920
0.0626,4203
-0.0211,6116
0.0314,4241
0.0337,3839
-0.0168,5410
-0.175,10166
0.216,961
-0.0137,5732
0.0866,3067
-0.175,9290
-0.163,6335
-0.398,9203
0.106,2553
0.168,1610
-0.114,6822
0.243,1384
-0.116,8208
-0.0414,7038
0.066,3387
0.00225,5497
-0.0447,7682
0.16,781
0.138,2400
0.0296,4048
0.119,2654
-0.0686,6125
-0.225,10383
-0.125,9277
0.0146,5153
0.189,1089
0.0223,5036
-0.198,9097
-0.117,9802
0.233,1508
0.0508,3896
-0.125,9311
0.202,1570
-0.0556,6983
-0.0738,8407
-0.109,9371
-0.179,9820
0.178,1302
-0.262,10071
0.355,1185
-0.138,8857
0.143,706
0.448,395
-0.142,7588
-0.345,10141
-0.303,9808
0.348,636
-0.0275,6045
0.0472,4177
0.135,2077
-0.247,10668
-0.0547,6714
-0.0367,6623
-0.0998,8300
0.0824,4564
0.416,1197
0.0972,3347
-0.095,7517
-0.0293,5897
-0.0769,8022
0.233,756
-0.0182,5668
-0.133,8716
-0.139,8232
-0.187,9754
0.157,2270
-0.359,10594
-0.124,8499
-0.118,9120
0.0632,4004
0.461,760
-0.14,8157
-0.207,8592
-0.0884,9210
-0.149,9929
0.0611,3913
0.00113,5250
0.683,453
-0.00889,5826
0.0145,4903
0.133,1846
0.0504,4296
-0.119,8123
-0.4,10830
0.311,576
0.0649,3633
0.14,964
-0.066,8220
-0.0333,6362
0.349,603
0.42,842
0.0157,4785
-0.126,7310
0.232,1283
0.00717,5031
0.225,2789
-0.427,9592
0.219,972
0.298,1304
0.39,1362
0.28,1246
-0.0299,5487
0.00678,5187
-0.131,9359
-0.0836,7564
0.142,2108
0.434,1199
0.275,1642
0.108,3017
0.11,1686
0.0565,2494
-0.0463,6469
-0.0816,7866
0.00567,5297
-0.0465,6833
-0.214,10423
0.0462,3905
0.0589,4148
0.261,2003
0.101,3177
0.135,2815
0.0691,3264
-0.00892,5566
0.356,1487
-0.031,5335
-0.197,10340
-0.0321,5400
0.175,1935
0.209,1248
-0.0424,6635
-0.0558,7453
-0.0341,7015
-0.0518,6886
0.00113,5418
0.0598,3820
-0.116,8003
0.0609,3417
-0.197,8629
0.805,635
-0.0475,6870
-0.00543,5515
-0.189,9760
0.142,2605
0.161,1757
0.0357,4238
0.0158,4900
0.0627,3125
0.0181,4591
0.394,1063
-0.0898,6178
0.124,3351
-0.0424,7175
0.0413,4226
-0.0567,7337
0.147,2430
0.285,343
0.138,3189
-0.0879,8873
0.012,5209
-0.171,8699
-0.228,9928
0.0569,3563
-0.308,8914
0.12,2319
0.2,1598
-0.205,10589
-0.287,8980
0.0962,3258
0.0452,4112
-0.231,10553
-0.309,10798
-0.315,10322
0.048,3965
0.103,3113
0.079,2648
-0.0497,7272
0.0122,4821
0.222,577
-0.137,6547
0.589,426
-0.317,9761
0.253,299
-0.00184,5309
0.0922,2767
-0.293,9054
-0.123,8709
0.335,1457
0.13,623
-0.239,10462
-0.248,8176
-0.132,9061
0.58,1021
0.144,3199
0.0361,3737
-0.0643,6777
-0.0694,6527
-0.528,10441
-0.0628,5515
-0.233,10711
-0.0912,9086
0.0824,3278
-0.321,10720
0.0634,3781
0.07,4101
0.311,1467
-0.124,8282
-0.0242,6375
0.00147,5410
-0.316,8990
0.159,2086
-0.179,9335
-0.0447,6882
0.142,2324
-0.282,10098
-0.0447,6107
-0.0396,5366
-0.066,7294
0.0524,4022
-0.31,10101
0.111,2879
-0.0442,6633
-0.0925,5170
-0.0945,7295
0.00173,5096
0.0241,4078
0.19,1053
-0.332,10256
0.0203,4645
0.393,547
-0.00969,5612
0.0991,1449
0.0904,3702
-0.0185,5443
-0.173,7713
0.0666,3670
0.146,1521
0.0588,3565
0.0178,4922
-0.132,9445
0.02,4999
0.0314,4722
0.236,519
-0.207,9095
-0.153,8576
-0.0185,5712
-0.0549,7350
-0.557,10654
0.00921,4896
0.121,2680
0.0363,4123
0.0847,2703
-0.245,10656
-0.0575,6694
0.00224,5324
-0.0656,6808
0.41,898
-0.00138,5580
0.00165,5175
-0.344,10695
0.179,774
0.213,634
-0.0691,7823
0.21,1358
-0.282,9956
-0.469,8264
0.0314,4313
-0.019,6314
-0.0314,5172
0.0643,3924
0.285,459
0.175,2045
0.119,2909
0.00757,4972
0.403,202
-0.28,9402
0.182,827
-0.0486,6438
-0.286,10859
0.0918,1962
-0.255,9996
0.184,3177
0.106,3194
-0.205,10424
-0.14,9421
-0.142,7552
-0.0744,8079
-0.0662,6539
0.026,4842
-0.311,9380
0.0124,5070
-0.103,9174
-0.132,8229
-0.183,10093
0.234,1387
-0.141,5735
-0.0626,7352
0.131,1089
-0.141,7878
-0.0432,6961
-0.0957,5138
-0.0243,6474
0.119,1504
-0.114,9104
0.0492,3607
0.799,270
-0.0562,6939
-0.256,8678
-0.134,9408
-0.104,7515
0.0267,4879
-0.19,9971
0.624,1117
-0.0948,7715
-0.237,10571
-0.168,8313
-0.0324,5951
-0.00592,5748
0.00348,5136
0.36,2070
-0.224,9773
-0.114,8298
0.0686,3437
-0.0943,8730
-0.0523,6346
0.0442,3833
-0.0571,6461
0.0162,4740
0.0326,4545
0.0635,3491
-0.00427,4828
-0.148,8490
0.0585,3651
-0.0844,7671
-0.0597,6650
-0.0845,8624
-0.00194,4537
-0.0339,6660
-0.247,10439
-0.297,9908
-0.382,10085
-0.101,8050
-0.111,6618
-0.171,9564
-0.189,7939
-0.346,10836
0.0668,4200
-0.132,9334
0.293,589
-0.111,10042
-0.0103,5847
-0.257,10643
-0.229,10405
0.0243,4347
0.168,2280
-0.0686,6971
0.236,638
0.0261,4766
0.286,1898
0.0154,4614
-0.145,7804
0.245,1332
0.178,3102
0.096,2691
0.276,754
0.0551,3247
-0.246,9986
0.0583,4052
0.00445,5340
0.174,2864
-0.148,8468
-0.115,8035
0.0778,3550
-0.217,10143
-0.0886,9119
0.106,1845
-0.131,7738
-0.103,6975
1.04,50
0.283,1403
0.0626,2425
0.0514,3073
-0.315,8259
-0.2,10087
0.168,1613
0.0323,4434
0.0319,4445
-0.0388,7180
-0.462,10866
0.54,1003
0.203,3262
0.118,1865
-0.168,9629
0.0707,2201
0.0326,4662
-0.191,10542
-0.574,7182
0.36,906
0.0105,4902
0.12,3635
-0.147,8446
-0.0559,6529
-0.0549,5838
-0.165,8638
0.0334,4169
-0.0419,6736
-0.116,9036
-0.309,10219
0.291,833
0.109,2576
0.0776,2105
-0.153,8673
-0.203,10149
-0.1,6542
-0.471,10272
-0.196,10594
0.0915,2395
-0.125,9495
-0.262,10677
-0.0807,7242
-0.286,10596
-0.453,10366
-0.0418,6385
0.00792,5042
0.0993,3010
-0.0337,7287
-0.363,9744
0.677,1251
0.0497,4009
0.297,1165
0.405,272
0.614,152
-0.0138,5817
0.167,2079
-0.112,8856
-0.202,9356
-0.214,8818
-0.137,8790
-0.108,6700
0.12,2783
-0.0569,7532
0.0431,3795
-0.28,9032
0.128,1546
-0.129,7370
-0.421,10742
-0.159,10498
-0.0767,7974
0.126,3000
0.0707,3621
-0.169,7653
-0.0358,5968
0.00825,5238
-0.193,9924
0.0576,4169
0.0526,4041
-0.0621,5961
0.0963,3964
-0.0336,5780
-0.0379,7551
-0.196,7893
-0.00121,5504
0.0029,5103
0.0395,4195
-0.175,10125
-0.172,9431
-0.113,6575
0.159,2627
-0.678,8478
-0.0207,5347
0.0477,3902
-0.0171,5824
0.502,166
0.152,3092
-0.636,11013
-0.163,7626
0.135,2014
-0.016,5758
0.0755,3615
-0.332,9335
-0.0983,7469
0.282,355
-0.0663,7431
0.0812,1365
0.281,2729
-0.381,10177
0.089,2173
0.0399,3606
-0.112,8700
0.034,4495
-0.118,7610
0.116,3218
-0.156,8847
0.0278,4617
0.423,38
0.0814,3088
-0.112,8000
-0.0955,6394
-0.319,9298
-0.0669,6823
0.0449,3935
0.251,452
0.314,1240
-0.122,8798
-0.416,10240
0.171,2981
0.201,1228
-0.349,10953
0.395,1264
-0.213,7961
-0.289,10360
0.0176,4540
0.285,1016
0.33,760
-0.427,8485
-0.151,9412
-0.0753,7692
-0.16,7693
0.259,1262
-0.348,10462
-0.0415,5904
0.236,1950
0.103,1530
-0.0548,7388
0.169,1092
-0.0253,6509
-0.116,8586
0.23,2185
-0.226,9022
0.388,1296
0.0174,4880
-0.0503,6813
0.0299,4416
-0.245,8093
0.101,2300
-0.161,8176
-0.118,8309
-0.434,9962
-0.128,8729
0.372,1641
-0.0138,5248
-0.161,7626
0.235,357
0.0421,3552
0.0221,4434
0.146,3012
-0.339,9060
0.103,2920
-0.157,8526
-0.139,8247
-0.0593,6643
-0.116,8852
0.189,2447
-0.0287,5724
-0.028,6898
0.124,1536
-0.135,8062
0.112,2588
-0.0172,4749
0.0606,4044
0.263,94
0.449,314
-0.025,5811
-0.0581,6134
-0.222,9671
-0.199,8490
0.104,3653
-0.0809,6495
0.387,381
0.0462,4432
-0.0163,5988
-0.223,10418
0.0157,4978
-0.208,10040
-0.0632,6749
0.286,620
-0.554,9963
-0.164,10700
-0.0144,5415
0.0507,4115
0.0107,4933
0.0756,3691
-0.125,9138
0.565,781
-0.0246,6257
0.00144,5519
-0.167,9142
-0.0942,7770
-0.0548,7065
-0.451,10279
0.17,1094
0.104,2780
0.111,2780
0.414,154
-0.47,9648
-0.313,10223
-0.0822,8283
-0.38,10897
-0.0909,6079
-0.289,10360
0.0967,3067
0.117,2139
-0.126,8571
-0.0362,6826
-0.255,10316
-0.564,10096
0.426,1211
0.0592,3666
-0.0272,6718
-0.193,10027
-0.0288,6232
0.0754,3055
0.045,3803
-0.0917,6736
0.173,1435
0.0205,4920
-0.138,6961
-0.242,9640
-0.0687,7410
0.0996,3585
-0.0461,7630
0.00603,5231
-0.099,7854
-0.512,9727
-0.275,10349
0.0156,4676
-0.0488,6117
-0.188,10226
0.172,1248
-0.067,6238
0.0487,4324
0.276,1340
-0.144,9407
0.0226,4551
-0.267,9614
0.137,2618
-0.157,8948
-0.0678,7639
-0.0725,8097
0.0182,4402
-0.1,6909
0.117,2555
-0.215,6345
0.0668,2948
0.0415,4195
-0.0466,6699
0.0922,3718
-0.2,9623
-0.0138,5520
0.106,3074
0.0235,4480
0.299,295
0.817,62
-0.114,7339
-0.179,8205
0.0571,3856
0.25,153
-0.177,10016
-0.394,10856
0.174,1822
-0.395,10718
0.012,5172
-0.0366,6338
0.108,1655
-0.174,8696
0.129,3905
0.234,370
-0.0562,7703
0.12,2910
-0.213,7813
0.148,1082
0.0995,1558
0.0109,4980
0.0275,3896
0.0112,4984
0.256,64
-0.046,7528
0.0297,4243
0.0323,4465
-0.0536,6967
-0.0809,7282
-0.00631,5239
-0.102,8894
-0.22,9274
0.147,1608
0.27,1519
0.768,611
1.12,194
-0.118,6784
-0.115,8543
-0.515,10156
0.0308,4664
-0.227,10855
-0.0226,5914
0.385,353
-0.145,9589
0.0959,2951
0.0869,4092
0.0753,2367
0.0344,4355
0.772,3
-0.0157,5715
0.195,2780
-0.29,9685
-0.11,9245
0.0915,3109
0.0316,4425
-0.0647,7457
-0.0447,6594
0.104,3433
0.0462,3181
0.204,556
-0.179,8092
-0.285,10008
0.0589,4086
-0.0372,6258
0.0502,3677
-0.065,7276
-0.0171,5762
-0.368,10968
0.157,3487
-0.0375,6404
0.0508,3485
-0.121,8264
-0.255,10170
0.0867,3418
0.3,863
-0.5,10887
0.00875,5134
-0.215,10770
0.0197,4669
0.271,2072
-0.435,9593
0.278,535
0.166,2195
-0.159,8703
0.325,1096
0.122,2479
-0.246,10392
1.07,270
-0.291,9952
0.0363,4301
0.057,3620
-0.101,8106
-0.224,10168
-0.0458,6219
-0.0108,5789
0.241,1555
-0.125,8040
0.25,2477
0.112,1756
0.166,476
-0.235,10586
-0.264,10769
0.381,190
-0.381,10878
0.299,722
-0.11,8399
-0.0181,5810
-0.463,10583
-0.305,6216
-0.0145,5319
-0.0661,8518
0.0534,3966
-0.0787,8862
-0.23,8500
0.0907,3355
0.189,1509
-0.0571,8250
-0.14,4003
0.0433,4220
-0.221,9017
0.0267,4783
0.0319,4135
-0.105,8636
0.106,3031
0.0401,4513
-0.673,10455
-0.0186,6036
0.198,374
-0.113,10237
-0.0792,7734
0.0415,4316
-0.0635,7379
0.914,16
0.394,10
0.0587,3002
0.0313,4593
0.172,822
-0.131,5812
0.0437,4176
0.065,3639
-0.0578,6395
-0.141,7749
0.263,847
-0.237,10235
0.169,3316
-0.138,8535
-0.0848,6354
-0.068,6560
0.0144,4868
-0.115,6791
0.171,1391
0.000557,5658
0.00377,5316
0.154,1473
-0.417,10586
-0.071,6172
-0.00274,5242
-0.0237,5990
0.196,566
0.279,2443
0.323,993
-0.0762,7141
-0.0258,5761
-0.0287,5960
-0.224,10498
-0.0773,6870
0.236,2303
-0.0504,5884
-0.223,9757
0.0245,3638
-0.203,10076
-0.023,6205
-0.105,6994
0.109,3135
0.0748,3599
0.123,2706
0.236,1110
0.155,2519
-0.227,9079
-0.18,9078
-0.451,8674
-0.0874,8185
-0.211,9885
0.127,2372
0.137,1650
0.0819,3549
0.151,1667
-0.0888,8887
0.057,3273
0.0724,3038
0.14,2652
0.0543,4081
0.39,2046
0.01,5077
0.0198,4837
-0.0722,6740
-0.277,10023
0.582,737
-0.24,9812
0.00437,5119
-0.2,8866
-0.121,8817
-0.159,9449
-0.0543,6390
-0.201,8984
-0.195,10192
0.207,447
0.328,1695
0.187,1627
0.357,1390
0.343,537
0.295,264
-0.177,9349
0.0982,1543
0.254,97
-0.126,9748
0.215,552
-0.0954,9087
0.0296,4114
0.0733,3932
-0.429,9517
-0.206,8439
0.32,1183
0.381,47
0.109,2427
0.0115,4671
-0.0521,6166
-0.276,10020
0.164,1560
0.0162,4629
0.0487,3908
0.000651,5410
-0.134,8167
-0.0963,6905
-0.599,10912
-0.159,8582
-0.251,10681
0.467,666
-0.00639,5322
-0.139,6949
-0.0211,6077
-0.121,8807
-0.0359,6871
-0.234,9646
0.413,236
-0.303,10824
0.0343,3952
0.00205,5257
0.126,1557
0.0732,3567
-0.19,9295
-0.126,6856
-0.104,8622
0.0939,1513
0.202,1242
0.154,715
0.114,1919
-0.131,8024
-0.118,7231
-0.111,7360
-0.157,9170
-0.0837,7939
-0.164,8946
-0.248,9901
-0.0341,6123
-0.154,7290
0.113,1214
0.0145,5148
0.187,2293
-0.0539,6911
0.0911,3456
0.222,2812
-0.0804,8428
-0.124,9663
0.0618,4014
-0.124,8211
-0.137,8788
-0.105,8708
0.0641,3108
-0.13,9100
0.0789,4138
0.623,75
-0.24,7628
0.162,1743
0.0153,4905
0.0654,3454
-0.256,10763
-0.225,10590
0.311,453
0.263,2044
0.281,1868
-0.136,7966
-0.027,5768
0.269,646
-0.0711,6354
-0.414,10026
0.0121,5390
0.0612,3002
-0.0556,7169
-0.277,10630
-0.199,9525
-0.169,8979
-0.0492,5960
-0.103,8892
0.138,1725
0.234,817
-0.201,9343
0.293,566
0.0515,2301
0.242,1269
-0.102,8994
-0.263,10333
-0.0322,6023
0.152,2235
0.0654,4553
-0.078,8274
-0.00455,5552
-0.155,10219
-0.0826,6583
0.231,1712
-0.0654,6019
-0.0541,6489
0.165,1142
-0.198,9108
-0.0446,6423
0.00201,5142
-0.253,9524
0.318,430
-0.151,9573
-0.295,10387
-0.0623,6559
0.0473,4140
0.335,1959
0.036,4053
-0.183,10595
0.215,2264
0.114,3032
-0.113,5799
0.0141,4775
0.128,1527
-0.0157,5543
-0.0681,6709
0.0757,3303
0.0308,4604
-0.163,7462
0.101,1819
-5.81e-05,5319
-0.0245,6267
0.00726,5052
0.0778,2983
-0.307,8579
0.074,2211
0.0491,3819
0.0578,4373
-0.314,10683
0.157,1486
0.34,1404
0.129,937
0.103,1291
-0.058,6233
-0.0902,8432
0.156,2290
-0.181,8648
0.0812,3795
0.295,1500
0.0912,3702
-0.302,10002
-0.0612,5866
-0.142,8729
-0.18,10135
-0.0963,8778
0.106,3545
-0.0687,6445
0.429,655
0.0254,4189
-0.0696,8988
-0.0832,8409
0.346,222
0.467,434
-0.0366,5817
0.101,3212
-0.167,9678
-0.0653,6546
0.257,2142
0.19,2063
0.695,217
0.326,717
-0.0679,6945
-0.00649,6004
-0.144,7950
-0.101,5367
-0.253,10412
0.111,2657
0.233,281
-0.111,7849
-0.00341,4454
-0.0966,7995
0.0565,4089
0.266,1600
0.203,1783
-0.101,8968
-0.237,9893
-0.119,8302
0.234,1315
0.0347,4259
0.162,520
0.0984,3070
0.438,327
-0.245,8850
-0.333,10332
0.0191,4915
0.135,3878
-0.118,10200
-0.0248,5585
-0.0879,7311
-0.0989,7600
-0.0948,6850
0.0391,4253
-0.23,9580
-0.171,7490
0.295,393
0.372,489
0.026,4693
-0.17,9774
-0.0745,8007
0.035,4622
0.118,2801
-0.0811,7005
-0.0418,5753
0.0176,4929
-0.0657,7165
0.0567,4004
-0.0818,7004
1.11,254
0.135,3512
0.0589,4098
-0.211,8546
-0.0149,5865
-0.0729,7322
-0.32,10789
0.0288,4556
0.402,28
-0.0539,7162
0.203,1390
-0.106,7845
-0.259,9941
-0.334,10428
0.0598,3255
0.066,3751
0.0187,5002
-0.0721,7576
0.232,849
0.607,122
0.0659,1694
0.136,2542
0.138,2783
-0.0166,5651
-0.133,7858
0.403,1459
-0.199,10016
-0.153,10463
0.134,2205
0.104,1975
0.349,857
-0.283,10269
-0.146,8584
-0.134,8324
-0.287,10455
0.12,1962
-0.179,7557
0.119,3084
0.0101,5128
0.14,2421
-0.259,9995
0.0196,5017
-0.224,10259
-0.332,10912
-0.102,8993
0.031,4173
0.0801,4026
0.327,1188
0.0558,3980
-0.144,7893
0.0799,3489
-0.0528,8045
-0.0359,6265
-0.00318,5453
0.111,3689
-0.199,9189
-0.0594,7213
-0.133,8300
-0.0772,7249
0.0856,3412
-0.0347,5768
0.0233,4648
0.0817,2809
0.0101,4883
-0.128,8033
-0.225,9672
0.0685,3830
0.334,1538
-0.197,9228
-0.203,9977
0.167,1572
-0.377,9083
-0.169,7887
-0.0398,5771
-0.218,10708
0.161,2292
0.288,1310
0.0476,3935
0.0923,2905
0.0479,4044
0.179,1008
0.065,2538
-0.0859,6833
0.38,193
0.984,40
0.131,3148
0.0733,2907
-0.327,10760
-0.211,10262
0.278,940
0.0747,2634
-0.396,10655
0.122,2550
0.189,2093
0.164,1792
0.208,789
0.106,2824
-0.441,10305
0.126,2275
-0.0941,6486
-0.0691,7108
0.235,647
0.114,3108
0.249,1514
0.0225,4721
0.0707,1804
-0.0202,6009
-0.259,9414
0.329,1415
-0.041,7423
0.0624,2282
-0.0349,6083
0.154,2206
0.151,1810
0.0108,4970
-0.218,8999
0.0399,3619
-0.101,8876
0.305,1408
-0.141,9164
-0.122,7899
-0.00926,5335
-0.0193,6767
-0.114,10111
-0.125,5514
-0.293,7271
0.0256,4265
-0.0717,7600
0.0735,2799
-0.116,8340
-0.592,10167
-0.0884,6328
-0.0708,6665
-0.293,10332
0.148,990
0.098,2744
-0.14,8560
-0.289,9008
-0.189,7470
-0.162,9416
0.123,2534
-0.261,10457
0.0445,3454
-0.226,9549
-0.0791,7146
0.194,2061
0.0367,4077
-0.234,9635
0.0391,4319
-0.266,9139
0.346,1853
-0.0311,6877
0.193,1499
0.181,1191
-0.252,10615
-0.062,6675
-0.153,9167
0.288,232
-0.269,9498
0.287,664
0.0508,3775
0.164,3310
-0.16,7974
-0.0113,5685
0.172,1289
0.292,1120
0.114,2994
-0.248,10533
-0.0855,8064
0.0465,3977
-0.0824,8597
-0.0387,5763
0.327,913
-0.235,8993
0.059,3610
0.0112,4842
0.0385,4130
0.436,66
0.0797,2431
0.0343,4181
-0.203,9214
-0.0895,7948
-0.243,10135
-0.0425,6530
0.437,242
0.0853,3345
0.138,1977
0.117,3549
-0.0689,7143
0.112,1616
0.0739,3329
0.0296,4645
-0.0571,6036
0.0589,3355
-0.225,7536
0.253,443
0.013,5097
0.0756,3920
-0.388,10743
0.138,1965
-0.00881,5813
0.131,1741
-0.518,10744
-0.171,7309
0.358,1523
0.0864,2982
-0.125,8795
0.0881,3643
0.103,3069
0.114,2477
0.0827,3788
-0.131,10310
-0.257,10040
-0.328,10453
0.106,1761
0.271,834
-0.233,9659
-0.0118,5719
-0.118,8475
-0.0308,5900
0.0966,3373
0.0674,4066
-0.293,10471
-0.0257,6404
0.219,1340
-0.0229,6022
-0.141,7366
-0.317,7744
-0.306,8331
0.0231,4324
-0.424,10085
-0.029,5790
-0.182,9214
-0.373,10512
-0.566,8698
-0.026,6320
0.0881,4351
-0.339,10047
0.00342,4928
0.0222,4879
-0.189,8986
0.108,1989
0.325,757
-0.139,9283
0.156,2628
-0.309,10814
-0.138,9322
0.208,105
0.319,194
-0.401,10547
0.14,2329
0.218,1906
-0.404,10156
0.0723,3301
-0.173,9425
0.000439,5312
-0.0597,6609
-0.113,7990
-0.097,7498
-0.106,9591
0.0119,5236
0.0832,3262
0.0841,2593
0.158,2689
-0.213,9096
0.0924,2822
0.103,2502
-0.0534,6727
-0.17,9418
0.0411,3907
0.0471,4591
0.122,1534
0.116,1475
-0.125,8636
-0.18,8529
0.0782,3498
-0.298,9946
0.0285,4455
-0.0134,5649
0.0305,4684
-0.0343,5586
-0.285,10664
0.0209,5052
-0.162,9280
0.117,1272
0.032,4502
-0.409,10668
-0.479,10202
0.307,1494
0.00646,5155
-0.218,9830
-0.209,8236
0.17,1311
-0.114,7725
0.0549,3745
-0.125,8777
0.124,1561
-0.172,9405
-0.00609,5494
-0.396,10177
0.00156,5309
-0.194,9549
0.098,2038
0.319,31
0.0577,3566
0.147,2989
0.0375,3980
-0.214,8483
-0.0928,8202
0.0773,2563
0.653,52
-0.186,10795
-0.00614,5374
-0.204,10123
-0.00744,5418
0.42,736
0.0371,4190
-0.287,8695
-0.415,10785
-0.0295,6709
-0.263,10967
-0.233,10518
0.147,1941
-0.00723,5611
-0.203,8345
-0.153,9523
0.122,2027
-0.194,8958
-0.277,10028
-0.00686,5356
0.176,1880
0.0768,3457
0.147,700
-0.0882,7944
-0.289,10750
-0.137,6861
-0.0135,5822
-0.0538,7393
-0.148,8610
0.0934,3330
-0.0319,6317
0.169,2507
-0.0759,7229
-0.185,10064
-0.0407,7638
-0.0293,6336
-0.132,9730
0.15,2463
-0.19,9064
0.303,219
0.00169,5345
-0.123,7467
-0.165,8740
-0.28,9504
-0.367,8018
0.191,1309
-0.0968,8342
-0.219,8849
-0.13,10200
0.204,963
-0.14,8280
-0.0604,6412
-0.124,9217
0.271,1364
0.0381,4018
-0.167,8600
-0.581,8147
-0.274,8817
-0.248,10585
-0.441,10797
-0.0461,6466
0.113,3692
-0.404,10506
-0.0804,7669
-0.0291,6612
0.302,1111
-0.0147,5176
0.0302,4474
-0.221,9445
-0.069,7963
0.0351,4250
0.25,668
0.0505,4095
-0.148,8282
-0.0577,5262
-0.113,9548
-0.00969,5730
0.147,3366
-0.153,8155
-0.129,6789
0.215,2394
-0.185,9609
-0.0281,6631
-0.0134,5492
0.0969,2041
-0.24,9947
-0.174,7955
-0.0831,7447
-0.391,10408
-0.321,9796
-0.234,9667
0.253,1476
0.0693,3747
-0.344,10809
-0.151,10410
-0.227,10218
-0.00288,5309
0.576,40
0.435,567
-0.0994,8656
-0.0901,9589
0.0181,4853
-0.107,6466
-0.00707,5350
0.108,2922
0.0962,759
-0.137,9542
0.284,873
-0.119,8774
0.0345,4318
-0.0846,6777
-0.0737,7752
-0.181,9721
-0.307,10748
-0.0245,6383
-0.0416,6130
0.148,1820
0.0197,4602
-0.157,9520
0.106,3034
0.0278,4552
0.0358,4465
0.00427,5321
-0.00787,5696
-0.0561,6210
0.885,163
-0.178,8361
-0.189,7831
-0.183,7285
-0.0341,6686
0.036,4212
-0.0333,6109
0.281,973
-0.328,7897
0.0867,3406
-0.0169,5422
-0.0743,7534
0.071,3233
-0.21,10028
-0.0933,6414
-0.0285,6722
0.0639,3230
-0.0981,8503
-0.0184,5909
0.208,1958
-0.204,8140
-0.115,6775
-0.0502,7129
-0.0296,6140
0.0657,4129
-0.218,9542
-0.0532,6055
0.184,1557
-0.0327,5577
-0.0484,7657
0.0076,5116
-0.107,8101
-0.024,5723
-0.00412,5185
-0.0163,6036
0.0229,4519
-0.373,10598
0.0887,3515
-0.0638,8551
0.209,2372
0.0225,4701
-0.0298,6621
0.0824,3179
0.477,829
-0.457,10532
-0.171,10569
0.0327,4340
-0.0914,8822
-0.0637,8211
0.322,322
-0.0147,5610
-0.146,6524
-0.0238,5634
0.154,1430
-0.104,7704
-0.0513,7507
-0.332,10951
-0.0766,8564
0.023,3735
0.0825,2557
-0.0916,7498
0.523,29
-0.209,8446
0.0805,4074
-0.206,9538
0.321,111
-0.0768,6626
-0.166,7900
0.0407,3821
0.103,4176
-0.189,8008
0.0672,3010
0.0265,4569
0.311,572
-0.203,9314
-0.122,6779
0.0127,4762
0.0394,4303
-0.104,8557
-0.161,7929
0.0459,4120
0.093,3721
0.454,298
-0.0701,7898
5.55e-17,3273
